measured_on,ac_current__427,ac_power__423,ac_voltage__426,ambient_temp__428,das_battery_voltage__434,das_temp__433,dc_pos_current__425,dc_pos_voltage__424,dc_power__422,inverter_temp__432,module_temp_1__429,module_temp_2__430,module_temp_3__431,system_id
2022-06-14 00:00:00,1.6245,-1.2736,117.81,17.416,13.173,21.782,0.00256,-0.19467,-0.00054,18.656,17.293,17.086,16.739,10
2022-06-14 00:01:00,1.6245,-1.329,117.83,17.4,13.172,21.744,0.00804,-0.42031,-0.00331,18.62,17.183,17.075,16.756,10
2022-06-14 00:02:00,1.6245,-1.3179,117.85,17.388,13.175,21.704,0.01005,-0.24776,-0.00485,18.596,17.245,17.005,16.659,10
2022-06-14 00:03:00,1.6251,-1.2514,117.95,17.353,13.174,21.668,0.0076699999999999,-0.39376,-0.00084,18.557,17.172,16.932,16.597,10
2022-06-14 00:04:00,1.6248,-1.2625,117.94,17.302,13.178,21.619,0.0076699999999999,-0.44685,-0.00263,18.496,17.015,16.831,16.532,10
2022-06-14 00:05:00,1.6256,-1.2736,117.88,17.253,13.177,21.583,0.0011,-0.25219,0.00111,18.436,16.935,16.727,16.432,10
2022-06-14 00:06:00,1.6257,-1.2515,117.83,17.209,13.178,21.545,0.0027399999999999,-0.3097099999999999,-0.0070699999999999,18.383,16.817,16.669,16.4,10
2022-06-14 00:07:00,1.6248,-1.329,117.79,17.145,13.178,21.506,0.0109599999999999,-0.15043,-0.00107,18.328,16.721,16.559,16.317,10
2022-06-14 00:08:00,1.6246,-1.2958,117.75,17.094,13.18,21.465,0.00804,-0.4822699999999999,-0.00368,18.282,16.649,16.527,16.275,10
2022-06-14 00:09:00,1.6251,-1.3622,117.79,17.048,13.181,21.425,0.01261,-0.2167999999999999,0.0001499999999999,18.234,16.561,16.435,16.207,10
2022-06-14 00:10:00,1.6243,-1.2958,117.97,16.992,13.18,21.388,0.01352,-0.2035299999999999,-0.00059,18.186,16.521,16.34,16.098,10
2022-06-14 00:11:00,1.6238,-1.2515,118.39,16.934,13.182,21.359,0.00969,-0.47785,-0.0030599999999999,18.154,16.437,16.321,16.076,10
2022-06-14 00:12:00,1.6254,-1.2737,118.47,16.878,13.183,21.309,0.0064,0.8096999999999999,-0.00029,18.092,16.416,16.277,16.076,10
2022-06-14 00:13:00,1.6243,-1.318,118.44,16.831,13.184,21.272,0.00676,-0.00442,-0.0015499999999999,18.057,16.382,16.235,16.038,10
2022-06-14 00:14:00,1.6244,-1.318,118.44,16.827,13.184,21.233,0.0089499999999999,-0.23008,-0.00617,18.022,16.4,16.275,16.043,10
2022-06-14 00:15:00,1.6246,-1.2737,118.52,16.837,13.184,21.196,0.0065799999999999,0.0,-0.00125,17.989,16.359,16.205,16.027,10
2022-06-14 00:16:00,1.6255,-1.2737,118.95,16.806,13.184,21.154,0.00347,-0.39822,-0.00033,17.945,16.342,16.197,15.967,10
2022-06-14 00:17:00,1.6255,-1.318,118.97,16.799,13.185,21.119,-0.00347,-0.1814099999999999,0.00338,17.913,16.307,16.223,15.973,10
2022-06-14 00:18:00,1.6252,-1.2848,119.03,16.802,13.185,21.076,0.00768,0.8141399999999999,0.00511,17.878,16.296,16.178,15.956,10
2022-06-14 00:19:00,1.6263,-1.2737,119.03,16.782,13.186,21.043,0.00384,0.7699,0.0043299999999999,17.84,16.249,16.149,15.925,10
2022-06-14 00:20:00,1.6252,-1.3291,118.98,16.759,13.187,21.004,0.00585,-0.38495,-0.00512,17.809,16.212,16.141,15.896,10
2022-06-14 00:21:00,1.6252,-1.3623,118.94,16.738,13.187,20.977,0.00585,-0.0354,-0.00101,17.772,16.077,16.077,15.9,10
2022-06-14 00:22:00,1.6247,-1.3402,118.95,16.703,13.187,20.934,0.00713,-0.1415899999999999,-0.00218,17.725,16.029,16.008,15.802,10
2022-06-14 00:23:00,1.6261,-1.2848,119.03,16.664,13.188,20.893,0.00219,-0.38495,-0.00564,17.666,15.94,15.943,15.781,10
2022-06-14 00:24:00,1.6252,-1.3291,119.04,16.634,13.19,20.857,-0.0031099999999999,-0.8982299999999999,0.0046899999999999,17.628,15.904,15.891,15.722,10
2022-06-14 00:25:00,1.6241,-1.3291,119.24,16.619,13.189,20.818,0.00384,0.08407,0.00142,17.581,15.838,15.831,15.692,10
2022-06-14 00:26:00,1.6239,-1.2848,119.58,16.595,13.191,20.781,0.00366,-1.2566,-0.00589,17.55,15.787,15.778,15.625,10
2022-06-14 00:27:00,1.6222,-1.2959,119.63,16.546,13.189,20.749,-0.00238,0.85841,-0.0014,17.49,15.649,15.775,15.704,10
2022-06-14 00:28:00,1.6247,-1.2959,119.77,16.468,13.191,20.709,0.00676,0.4601799999999999,-0.0029399999999999,17.454,15.651,15.702,15.538,10
2022-06-14 00:29:00,1.6236,-1.2737,119.76,16.375,13.193,20.673,-0.00128,-0.93806,-0.0036099999999999,17.418,15.6,15.61,15.449,10
2022-06-14 00:30:00,1.6233,-1.2959,119.78,16.316,13.193,20.634,0.0043899999999999,0.6416,-0.00079,17.358,15.479,15.653,15.541,10
2022-06-14 00:31:00,1.6244,-1.3845,119.77,16.261,13.194,20.601,0.00402,0.50443,0.0053299999999999,17.331,15.499,15.613,15.486,10
2022-06-14 00:32:00,1.625,-1.2959,119.84,16.212,13.194,20.564,0.0003699999999999,0.08407,-0.00668,17.302,15.476,15.588,15.431,10
2022-06-14 00:33:00,1.6236,-1.3845,119.85,16.157,13.191,20.533,0.0007299999999999,-0.11505,-0.00206,17.25,15.355,15.535,15.421,10
2022-06-14 00:34:00,1.623,-1.3734,119.83,16.117,13.193,20.492,0.00091,-0.3185899999999999,0.00451,17.21,15.398,15.453,15.304,10
2022-06-14 00:35:00,1.6236,-1.307,119.84,16.08,13.194,20.458,0.0003699999999999,0.99116,-0.00051,17.157,15.313,15.465,15.346,10
2022-06-14 00:36:00,1.6244,-1.3956,119.81,16.073,13.195,20.419,0.0047499999999999,0.72567,0.0025799999999999,17.14,15.485,15.447,15.262,10
2022-06-14 00:37:00,1.6236,-1.3956,119.66,16.07,13.196,20.384,0.0054799999999999,0.2699099999999999,0.0005699999999999,17.095,15.446,15.439,15.283,10
2022-06-14 00:38:00,1.6233,-1.4177,119.58,16.085,13.196,20.356,0.0011,0.29204,-0.0012899999999999,17.083,15.507,15.447,15.276,10
2022-06-14 00:39:00,1.6233,-1.4509,119.62,16.103,13.197,20.315,0.0011,-0.30974,0.0024399999999999,17.052,15.344,15.447,15.291,10
2022-06-14 00:40:00,1.6236,-1.4177,119.65,16.082,13.198,20.282,0.00347,-0.8938399999999999,-0.00577,17.026,15.366,15.435,15.231,10
2022-06-14 00:41:00,1.6234,-1.3513,119.61,16.085,13.2,20.25,0.01261,-0.52215,-0.00713,17.02,15.48,15.424,15.193,10
2022-06-14 00:42:00,1.6242,-1.2849,119.61,16.145,13.199,20.213,0.00621,0.02212,-0.00329,17.02,15.59,15.514,15.265,10
2022-06-14 00:43:00,1.6234,-1.3513,119.65,16.198,13.201,20.191,-0.00201,0.1769999999999999,0.0005,17.02,15.632,15.575,15.319,10
2022-06-14 00:44:00,1.6239,-1.3181,119.66,16.232,13.2,20.146,0.00164,-0.0796499999999999,0.0045799999999999,17.01,15.626,15.53,15.279,10
2022-06-14 00:45:00,1.6237,-1.4288,119.68,16.227,13.201,20.107,0.00201,-0.34515,-0.0030599999999999,16.962,15.523,15.419,15.208,10
2022-06-14 00:46:00,1.6226,-1.3846,119.69,16.202,13.201,20.074,0.00804,-0.2787799999999999,-0.01337,16.912,15.464,15.402,15.182,10
2022-06-14 00:47:00,1.6234,-1.3513,119.71,16.176,13.201,20.038,0.0007299999999999,-0.2345299999999999,0.0006899999999999,16.888,15.51,15.429,15.184,10
2022-06-14 00:48:00,1.624,-1.3624,119.78,16.141,13.203,20.01,-0.00256,-0.5310099999999999,0.00464,16.87,15.47,15.369,15.137,10
2022-06-14 00:49:00,1.6237,-1.3292,119.8,16.114,13.203,19.974,-0.0011,0.02655,0.0022599999999999,16.826,15.382,15.32,15.115,10
2022-06-14 00:50:00,1.6243,-1.4289,119.45,16.071,13.203,19.938,0.0,-0.3407399999999999,0.00158,16.8,15.354,15.282,15.034,10
2022-06-14 00:51:00,1.6237,-1.3625,119.18,16.038,13.204,19.902,0.0043899999999999,-0.11948,0.00347,16.766,15.332,15.259,15.01,10
2022-06-14 00:52:00,1.6243,-1.3625,119.2,16.019,13.205,19.874,0.01005,-0.2124099999999999,-7e-05,16.751,15.344,15.251,14.997,10
2022-06-14 00:53:00,1.6227,-1.4179,119.28,15.996,13.206,19.834,0.01024,0.3274699999999999,0.00396,16.698,15.264,15.178,14.927,10
2022-06-14 00:54:00,1.6232,-1.4068,119.32,15.964,13.206,19.814,0.0056699999999999,-0.0708,-0.0001299999999999,16.68,15.245,15.133,14.868,10
2022-06-14 00:55:00,1.6224,-1.3957,119.35,15.923,13.207,19.776,0.00804,0.1327599999999999,-0.00457,16.642,15.218,15.103,14.83,10
2022-06-14 00:56:00,1.6241,-1.3514,119.3,15.883,13.207,19.736,0.00091,-0.0044299999999999,0.00109,16.593,15.134,15.038,14.773,10
2022-06-14 00:57:00,1.6246,-1.3625,119.29,15.822,13.207,19.708,0.00164,-0.5708699999999999,0.00217,16.573,15.159,15.032,14.714,10
2022-06-14 00:58:00,1.6235,-1.296,119.36,15.778,13.21,19.677,0.0094999999999999,-0.2655199999999999,-0.00485,16.552,15.109,15.015,14.713,10
2022-06-14 00:59:00,1.623,-1.3071,119.31,15.72,13.207,19.638,-0.0041999999999999,0.73019,-0.00941,16.495,15.089,15.015,14.747,10
2022-06-14 01:00:00,1.6241,-1.4179,119.38,15.717,13.208,19.608,0.0007299999999999,-0.46909,-0.00076,16.495,15.123,15.041,14.706,10
2022-06-14 01:01:00,1.6247,-1.4179,119.37,15.715,13.208,19.581,0.0029199999999999,0.5045,0.00248,16.473,15.206,14.994,14.649,10
2022-06-14 01:02:00,1.6238,-1.3736,119.39,15.683,13.21,19.541,0.00768,0.2434,0.0012899999999999,16.428,15.06,14.96,14.655,10
2022-06-14 01:03:00,1.6236,-1.3736,119.43,15.667,13.21,19.511,0.0007299999999999,-0.5399,-0.0018,16.411,15.125,14.963,14.615,10
2022-06-14 01:04:00,1.6233,-1.2628,119.43,15.66,13.212,19.483,0.00128,0.11506,-0.00215,16.39,15.163,14.991,14.666,10
2022-06-14 01:05:00,1.6233,-1.3071,119.38,15.68,13.211,19.449,-0.0043899999999999,0.0,-0.00395,16.359,15.082,14.926,14.649,10
2022-06-14 01:06:00,1.6233,-1.3625,119.34,15.667,13.213,19.419,0.00018,0.24782,0.0004,16.332,15.162,14.899,14.597,10
2022-06-14 01:07:00,1.6233,-1.3625,119.37,15.665,13.212,19.395,0.0007299999999999,-0.0354,0.0060699999999999,16.323,15.135,14.946,14.648,10
2022-06-14 01:08:00,1.6227,-1.2961,119.4,15.664,13.212,19.355,0.00768,-0.0796599999999999,-0.0028999999999999,16.311,15.15,14.985,14.662,10
2022-06-14 01:09:00,1.6244,-1.3736,119.43,15.688,13.214,19.327,-0.00055,-0.06196,-0.0034299999999999,16.325,15.207,15.04,14.699,10
2022-06-14 01:10:00,1.6236,-1.3404,119.45,15.684,13.213,19.296,-0.0027399999999999,0.90281,0.00063,16.304,15.172,15.039,14.743,10
2022-06-14 01:11:00,1.6228,-1.4512,119.39,15.673,13.214,19.26,-0.00091,-0.79217,0.00184,16.276,15.039,14.985,14.699,10
2022-06-14 01:12:00,1.6233,-1.3515,119.44,15.641,13.215,19.236,0.00621,-1.0002,-0.00799,16.263,15.116,14.97,14.637,10
2022-06-14 01:13:00,1.6228,-1.3293,119.42,15.615,13.217,19.204,0.00201,0.61958,0.00232,16.227,15.065,14.951,14.686,10
2022-06-14 01:14:00,1.6228,-1.3626,119.43,15.585,13.217,19.168,0.00402,-1.0444,-0.00362,16.215,15.094,14.932,14.589,10
2022-06-14 01:15:00,1.623,-1.3515,119.43,15.562,13.216,19.135,0.0029199999999999,0.79217,0.00083,16.179,15.076,14.925,14.606,10
2022-06-14 01:16:00,1.6208,-1.3293,119.39,15.557,13.217,19.111,-0.0027399999999999,-0.90724,0.0041599999999999,16.178,15.115,14.843,14.474,10
2022-06-14 01:17:00,1.6236,-1.3736,119.5,15.538,13.218,19.077,0.0011,-0.08851,-0.00598,16.122,14.962,14.86,14.567,10
2022-06-14 01:18:00,1.6233,-1.429,119.6,15.537,13.219,19.045,0.00457,-0.41158,-0.00191,16.097,14.96,14.779,14.504,10
2022-06-14 01:19:00,1.6228,-1.3958,119.68,15.517,13.219,19.019,0.00018,-0.10179,-9e-05,16.06,14.829,14.735,14.487,10
2022-06-14 01:20:00,1.6233,-1.3958,119.74,15.483,13.219,18.994,0.00183,-1.3719,-0.00161,16.025,14.782,14.714,14.45,10
2022-06-14 01:21:00,1.6222,-1.3626,119.64,15.468,13.221,18.956,0.00238,-0.4027299999999999,-0.00391,15.998,14.786,14.705,14.456,10
2022-06-14 01:22:00,1.6228,-1.429,119.7,15.453,13.22,18.934,-0.00091,-0.1726,0.00156,15.966,14.768,14.668,14.437,10
2022-06-14 01:23:00,1.623,-1.3515,119.77,15.427,13.222,18.895,0.0011,0.84528,-0.0002599999999999,15.92,14.695,14.627,14.433,10
2022-06-14 01:24:00,1.6239,-1.418,119.78,15.408,13.221,18.867,0.00457,-0.61958,8e-05,15.901,14.6,14.559,14.365,10
2022-06-14 01:25:00,1.6233,-1.3293,119.79,15.386,13.221,18.841,-0.0003699999999999,0.68154,-0.00201,15.871,14.61,14.544,14.335,10
2022-06-14 01:26:00,1.6225,-1.3736,119.74,15.398,13.221,18.812,-0.0007299999999999,0.6018799999999999,0.00495,15.853,14.502,14.505,14.351,10
2022-06-14 01:27:00,1.6239,-1.4401,119.73,15.401,13.223,18.778,-0.0003699999999999,-0.76563,0.00168,15.819,14.447,14.397,14.194,10
2022-06-14 01:28:00,1.6239,-1.3847,119.74,15.374,13.224,18.749,-0.0003699999999999,0.23898,0.0001399999999999,15.768,14.401,14.405,14.234,10
2022-06-14 01:29:00,1.6236,-1.429,119.73,15.352,13.222,18.729,0.0,0.54435,0.00282,15.755,14.442,14.366,14.177,10
2022-06-14 01:30:00,1.6236,-1.2961,119.73,15.354,13.225,18.695,-0.0069499999999999,0.98248,-0.01,15.712,14.331,14.381,14.257,10
2022-06-14 01:31:00,1.6214,-1.3183,119.64,15.345,13.226,18.672,-0.00201,1.0887,-0.00249,15.682,14.286,14.321,14.236,10
2022-06-14 01:32:00,1.6228,-1.4401,119.58,15.306,13.224,18.652,-0.00585,-0.27881,-0.00181,15.673,14.207,14.318,14.162,10
2022-06-14 01:33:00,1.6231,-1.429,119.61,15.269,13.226,18.617,0.0043899999999999,-0.12834,0.00231,15.638,14.158,14.253,14.11,10
2022-06-14 01:34:00,1.6231,-1.418,119.58,15.245,13.227,18.579,0.00055,-0.61958,0.00054,15.581,14.128,14.128,13.98,10
2022-06-14 01:35:00,1.6236,-1.429,119.61,15.191,13.227,18.561,0.00219,0.67712,0.00034,15.536,14.085,14.072,13.923,10
2022-06-14 01:36:00,1.622,-1.3183,119.52,15.149,13.228,18.522,0.00018,0.5708999999999999,-0.00348,15.464,13.869,14.009,13.931,10
2022-06-14 01:37:00,1.6222,-1.429,119.55,15.119,13.226,18.493,-0.00238,-0.42043,0.00149,15.447,13.93,13.994,13.826,10
2022-06-14 01:38:00,1.6228,-1.4734,119.56,15.115,13.228,18.473,0.0,0.1858799999999999,-0.0037699999999999,15.435,14.005,13.95,13.764,10
2022-06-14 01:39:00,1.6222,-1.3737,119.62,15.09,13.23,18.444,-0.00091,-1.0621,0.0037799999999999,15.397,13.945,13.919,13.734,10
2022-06-14 01:40:00,1.6228,-1.3626,119.66,15.054,13.228,18.414,-0.00402,-0.81874,0.0038999999999999,15.371,13.991,13.905,13.676,10
2022-06-14 01:41:00,1.6236,-1.4069,119.7,15.043,13.23,18.383,-0.00384,0.28766,0.00038,15.327,13.97,13.891,13.738,10
2022-06-14 01:42:00,1.6222,-1.418,119.69,15.04,13.232,18.357,0.00347,0.1681699999999999,0.00059,15.298,13.95,13.879,13.727,10
2022-06-14 01:43:00,1.6214,-1.4401,119.8,14.994,13.232,18.33,-0.00384,-0.29652,0.0017799999999999,15.276,13.829,13.808,13.64,10
2022-06-14 01:44:00,1.6225,-1.3847,119.84,14.941,13.232,18.303,-0.00256,-0.42043,-0.00581,15.234,13.866,13.763,13.575,10
2022-06-14 01:45:00,1.6222,-1.3737,119.85,14.902,13.233,18.283,0.0064,-0.3629,-0.0057999999999999,15.204,13.739,13.761,13.634,10
2022-06-14 01:46:00,1.622,-1.3958,119.78,14.887,13.232,18.252,0.0003699999999999,0.14162,-0.00396,15.169,13.765,13.705,13.631,10
2022-06-14 01:47:00,1.6228,-1.3293,119.75,14.907,13.232,18.22,0.00384,0.22128,-0.00317,15.134,13.7,13.731,13.679,10
2022-06-14 01:48:00,1.6225,-1.3737,119.77,14.909,13.233,18.195,0.00183,-0.37618,-0.00349,15.121,13.7,13.727,13.63,10
2022-06-14 01:49:00,1.6228,-1.4069,119.8,14.882,13.235,18.168,-0.00366,-0.1549,-0.00915,15.08,13.64,13.705,13.571,10
2022-06-14 01:50:00,1.6222,-1.4069,119.77,14.859,13.236,18.138,-0.0027399999999999,-0.46911,0.00545,15.055,13.614,13.718,13.571,10
2022-06-14 01:51:00,1.6236,-1.4623,119.76,14.85,13.234,18.111,-0.00621,0.0663799999999999,-0.0010499999999999,15.031,13.658,13.709,13.599,10
2022-06-14 01:52:00,1.6222,-1.4734,119.75,14.822,13.236,18.086,-0.00347,-0.10621,-0.00317,15.001,13.56,13.691,13.621,10
2022-06-14 01:53:00,1.6222,-1.4623,119.76,14.789,13.236,18.062,0.00585,-1.071,-0.00506,14.986,13.602,13.696,13.572,10
2022-06-14 01:54:00,1.6217,-1.4512,119.75,14.785,13.236,18.031,-0.00055,0.11507,0.0012099999999999,14.969,13.575,13.752,13.647,10
2022-06-14 01:55:00,1.6231,-1.5066,119.76,14.801,13.238,18.004,-0.00804,-0.12392,0.00391,14.963,13.716,13.753,13.557,10
2022-06-14 01:56:00,1.6231,-1.3847,119.75,14.834,13.238,17.984,0.00366,-0.5399199999999998,-0.00136,14.94,13.632,13.753,13.626,10
2022-06-14 01:57:00,1.6217,-1.4069,119.66,14.853,13.239,17.951,-0.0003699999999999,-0.7169499999999999,0.00149,14.922,13.656,13.669,13.535,10
2022-06-14 01:58:00,1.6231,-1.418,119.7,14.834,13.239,17.93,0.0011,-0.21243,0.00068,14.877,13.533,13.674,13.562,10
2022-06-14 01:59:00,1.6228,-1.4734,119.7,14.811,13.239,17.914,-0.00165,-0.0354,-0.00135,14.883,13.66,13.682,13.518,10
2022-06-14 02:00:00,1.6225,-1.429,119.7,14.804,13.243,17.883,-0.00512,-0.80989,7e-05,14.856,13.528,13.707,13.561,10
2022-06-14 02:01:00,1.6225,-1.4401,119.61,14.789,13.239,17.86,-0.0056699999999999,0.06196,-0.00093,14.843,13.544,13.658,13.521,10
2022-06-14 02:02:00,1.6231,-1.4069,119.68,14.793,13.241,17.827,-0.00969,-0.86299,0.0067,14.815,13.484,13.661,13.521,10
2022-06-14 02:03:00,1.6233,-1.418,119.72,14.795,13.242,17.808,0.00329,0.85857,0.0008499999999999,14.785,13.53,13.606,13.523,10
2022-06-14 02:04:00,1.6217,-1.3626,119.71,14.786,13.244,17.777,0.0043899999999999,-0.71252,-0.0030599999999999,14.753,13.565,13.558,13.419,10
2022-06-14 02:05:00,1.6228,-1.429,119.8,14.792,13.242,17.751,0.0011,-0.0796599999999999,0.00589,14.727,13.479,13.567,13.49,10
2022-06-14 02:06:00,1.622,-1.3515,119.77,14.817,13.244,17.732,-0.0073099999999999,-0.8983999999999999,0.0085599999999999,14.72,13.476,13.532,13.437,10
2022-06-14 02:07:00,1.6242,-1.4844,119.76,14.835,13.243,17.705,-0.00347,-0.29209,-0.00022,14.695,13.478,13.477,13.408,10
2022-06-14 02:08:00,1.6228,-1.429,119.74,14.847,13.242,17.682,-0.0041999999999999,0.1681699999999999,0.00176,14.65,13.383,13.479,13.484,10
2022-06-14 02:09:00,1.6233,-1.4734,119.79,14.872,13.241,17.651,-0.00347,0.44699,-0.00185,14.636,13.418,13.445,13.41,10
2022-06-14 02:10:00,1.6225,-1.4623,119.82,14.864,13.244,17.629,-0.00165,0.1903,0.00256,14.602,13.307,13.406,13.382,10
2022-06-14 02:11:00,1.622,-1.418,119.79,14.842,13.245,17.61,-0.0060299999999999,-0.5045199999999999,0.00131,14.573,13.245,13.361,13.354,10
2022-06-14 02:12:00,1.6222,-1.3626,119.75,14.8,13.246,17.581,-0.0049399999999999,-0.13719,0.0037499999999999,14.527,13.225,13.333,13.32,10
2022-06-14 02:13:00,1.6231,-1.4955,118.96,14.787,13.245,17.556,-0.0027399999999999,-0.2168499999999999,0.0030599999999999,14.508,13.181,13.344,13.35,10
2022-06-14 02:14:00,1.6222,-1.4401,119.04,14.764,13.244,17.537,0.0007299999999999,-0.39388,0.00427,14.487,13.166,13.298,13.264,10
2022-06-14 02:15:00,1.6231,-1.429,119.11,14.748,13.248,17.515,0.00128,0.0840899999999999,-0.0053299999999999,14.461,13.097,13.288,13.279,10
2022-06-14 02:16:00,1.6225,-1.418,119.12,14.742,13.247,17.494,-0.00329,-0.4337099999999999,0.0046899999999999,14.449,13.098,13.302,13.296,10
2022-06-14 02:17:00,1.6231,-1.4069,118.86,14.733,13.246,17.459,0.0031099999999999,-0.30979,-0.00167,14.426,13.072,13.247,13.238,10
2022-06-14 02:18:00,1.6236,-1.4401,118.77,14.71,13.249,17.446,-0.00055,0.2522599999999999,-0.0017099999999999,14.385,13.045,13.228,13.247,10
2022-06-14 02:19:00,1.622,-1.418,118.77,14.699,13.249,17.419,-0.0064,-0.4027299999999999,0.00427,14.361,13.084,13.199,13.121,10
2022-06-14 02:20:00,1.6228,-1.3515,118.84,14.674,13.249,17.394,-0.00713,-1.102,0.0124,14.317,12.944,13.124,13.096,10
2022-06-14 02:21:00,1.6225,-1.3847,118.81,14.658,13.25,17.367,-0.00512,-0.5354999999999999,0.0025999999999999,14.272,12.926,13.076,13.071,10
2022-06-14 02:22:00,1.6228,-1.4623,118.78,14.64,13.25,17.348,-0.00841,0.01328,0.00284,14.234,12.871,13.038,13.08,10
2022-06-14 02:23:00,1.6231,-1.4845,118.85,14.665,13.251,17.332,-0.0053,-0.69927,0.00659,14.214,12.793,13.052,13.075,10
2022-06-14 02:24:00,1.622,-1.4291,118.83,14.662,13.25,17.315,-0.00128,-1.1905,0.0028999999999999,14.192,12.882,12.946,12.926,10
2022-06-14 02:25:00,1.6237,-1.4956,118.82,14.687,13.25,17.28,-0.00219,-0.4912599999999999,-0.00075,14.15,12.77,12.914,12.94,10
2022-06-14 02:26:00,1.6229,-1.3737,118.33,14.714,13.252,17.263,-0.00402,-0.97369,0.00161,14.132,12.701,12.885,12.887,10
2022-06-14 02:27:00,1.6218,-1.4513,118.24,14.707,13.252,17.247,-0.00512,0.73912,-0.00107,14.093,12.601,12.839,12.902,10
2022-06-14 02:28:00,1.6232,-1.4845,118.25,14.694,13.252,17.22,-0.0029199999999999,0.7081399999999999,-0.00415,14.048,12.575,12.737,12.786,10
2022-06-14 02:29:00,1.6242,-1.5399,118.22,14.691,13.252,17.197,-0.0027399999999999,0.65502,-0.00135,14.019,12.574,12.676,12.699,10
2022-06-14 02:30:00,1.624,-1.4291,118.23,14.695,13.253,17.179,-0.00165,0.88516,-0.0034499999999999,13.973,12.504,12.693,12.737,10
2022-06-14 02:31:00,1.6231,-1.4624,118.18,14.708,13.252,17.158,-0.00749,-0.15933,0.0085699999999999,13.954,12.463,12.678,12.75,10
2022-06-14 02:32:00,1.6226,-1.3959,118.12,14.722,13.252,17.138,-0.00128,0.2921099999999999,-0.00042,13.924,12.441,12.643,12.719,10
2022-06-14 02:33:00,1.6226,-1.3959,118.11,14.706,13.253,17.113,-0.00402,-1.4207,0.0066699999999999,13.9,12.428,12.59,12.635,10
2022-06-14 02:34:00,1.6229,-1.5289,118.14,14.693,13.254,17.09,0.0007299999999999,-0.0929399999999999,-0.00164,13.851,12.369,12.544,12.629,10
2022-06-14 02:35:00,1.6223,-1.4734,118.1,14.646,13.254,17.074,-0.0014599999999999,0.0398299999999999,0.0,13.819,12.302,12.542,12.616,10
2022-06-14 02:36:00,1.6226,-1.4624,118.07,14.594,13.254,17.049,-0.00183,-0.6461799999999999,0.00333,13.786,12.362,12.445,12.51,10
2022-06-14 02:37:00,1.6223,-1.4734,118.12,14.568,13.255,17.025,-0.00786,-0.33194,0.00079,13.751,12.293,12.393,12.501,10
2022-06-14 02:38:00,1.6229,-1.5732,118.17,14.535,13.256,17.005,-0.0007299999999999,0.6019299999999999,0.0004099999999999,13.714,12.246,12.381,12.501,10
2022-06-14 02:39:00,1.6226,-1.5289,118.14,14.513,13.256,16.993,-0.0041999999999999,0.1195,-0.0032299999999999,13.687,12.167,12.419,12.56,10
2022-06-14 02:40:00,1.6232,-1.5178,118.17,14.461,13.256,16.967,-0.00219,-0.40276,5e-05,13.661,12.28,12.379,12.483,10
2022-06-14 02:41:00,1.6232,-1.4735,118.12,14.402,13.257,16.946,-0.0073099999999999,0.23458,-0.00123,13.643,12.311,12.414,12.523,10
2022-06-14 02:42:00,1.6229,-1.407,118.08,14.352,13.257,16.921,-0.01261,-0.38507,-0.00329,13.625,12.305,12.426,12.544,10
2022-06-14 02:43:00,1.624,-1.4956,118.12,14.304,13.255,16.9,0.00018,-1.0799,-0.00131,13.604,12.325,12.43,12.524,10
2022-06-14 02:44:00,1.6229,-1.4845,118.12,14.251,13.257,16.884,0.00165,0.14606,0.0013699999999999,13.589,12.383,12.439,12.479,10
2022-06-14 02:45:00,1.6226,-1.4845,118.09,14.228,13.258,16.863,0.0029199999999999,-0.52226,0.00387,13.576,12.331,12.465,12.476,10
2022-06-14 02:46:00,1.6232,-1.4845,118.08,14.25,13.258,16.838,-0.0053,-0.20802,0.0026199999999999,13.556,12.333,12.481,12.445,10
2022-06-14 02:47:00,1.6234,-1.5067,118.0,14.334,13.259,16.818,-0.00329,0.20802,-0.0030999999999999,13.547,12.372,12.528,12.48,10
2022-06-14 02:48:00,1.6232,-1.5953,118.06,14.43,13.26,16.809,-0.0031099999999999,0.15048,0.0030899999999999,13.569,12.408,12.555,12.478,10
2022-06-14 02:49:00,1.6226,-1.4735,118.14,14.495,13.262,16.785,-0.00713,0.27442,-0.0088299999999999,13.56,12.365,12.557,12.512,10
2022-06-14 02:50:00,1.6235,-1.4956,118.18,14.501,13.258,16.768,-0.00932,-0.29654,0.0035599999999999,13.56,12.361,12.607,12.534,10
2022-06-14 02:51:00,1.624,-1.5289,118.13,14.553,13.262,16.737,-0.00329,0.02656,-0.0016999999999999,13.553,12.37,12.667,12.567,10
2022-06-14 02:52:00,1.6224,-1.4846,118.11,14.631,13.262,16.725,-0.00768,-0.3762099999999999,-0.00498,13.582,12.459,12.732,12.559,10
2022-06-14 02:53:00,1.6229,-1.5178,118.11,14.695,13.26,16.706,-0.00256,0.0708199999999999,0.0049199999999999,13.579,12.472,12.71,12.588,10
2022-06-14 02:54:00,1.6235,-1.4846,118.17,14.68,13.262,16.683,0.0029199999999999,-0.38949,0.002,13.556,12.494,12.69,12.553,10
2022-06-14 02:55:00,1.6219,-1.5068,118.19,14.709,13.261,16.661,-0.0047499999999999,0.0619699999999999,0.00305,13.555,12.482,12.779,12.606,10
2022-06-14 02:56:00,1.6241,-1.4957,118.22,14.775,13.262,16.642,-0.0056699999999999,-0.45589,0.00508,13.572,12.498,12.776,12.589,10
2022-06-14 02:57:00,1.6227,-1.4403,118.24,14.819,13.26,16.627,-0.00238,-0.66834,0.00102,13.574,12.472,12.789,12.587,10
2022-06-14 02:58:00,1.623,-1.4846,118.21,14.844,13.261,16.612,-0.0041999999999999,-0.11508,0.0016199999999999,13.598,12.538,12.756,12.55,10
2022-06-14 02:59:00,1.6233,-1.5068,118.22,14.862,13.263,16.593,-0.00201,-0.11508,0.00489,13.592,12.542,12.746,12.539,10
2022-06-14 03:00:00,1.6241,-1.54,118.2,14.879,13.264,16.576,-0.00238,-0.06639,-0.0004499999999999,13.61,12.578,12.773,12.544,10
2022-06-14 03:01:00,1.6222,-1.4514,118.06,14.864,13.263,16.548,-0.00859,-0.01328,0.0021099999999999,13.591,12.576,12.722,12.487,10
2022-06-14 03:02:00,1.623,-1.4514,118.1,14.837,13.265,16.535,-0.01261,0.4691799999999999,-0.00577,13.565,12.512,12.704,12.528,10
2022-06-14 03:03:00,1.623,-1.5179,118.11,14.834,13.263,16.521,-0.00914,-0.03984,0.0025,13.575,12.558,12.71,12.459,10
2022-06-14 03:04:00,1.6233,-1.4736,118.15,14.824,13.264,16.506,-0.0014599999999999,0.2434399999999999,0.00464,13.548,12.455,12.673,12.473,10
2022-06-14 03:05:00,1.6225,-1.4625,118.11,14.805,13.266,16.484,0.0003699999999999,0.17262,0.00151,13.524,12.458,12.603,12.399,10
2022-06-14 03:06:00,1.6233,-1.4846,118.12,14.773,13.265,16.472,-0.0073099999999999,-0.6418,0.00919,13.537,12.455,12.63,12.342,10
2022-06-14 03:07:00,1.6227,-1.4957,118.03,14.729,13.266,16.454,-0.0053,-0.6639399999999999,0.00251,13.559,12.517,12.596,12.309,10
2022-06-14 03:08:00,1.6219,-1.54,118.0,14.671,13.265,16.438,0.0,0.17705,-0.00264,13.549,12.511,12.526,12.266,10
2022-06-14 03:09:00,1.6227,-1.4736,117.99,14.608,13.267,16.431,-0.00183,-0.22574,0.00254,13.536,12.447,12.497,12.222,10
2022-06-14 03:10:00,1.623,-1.4957,118.07,14.537,13.266,16.408,-0.00018,0.09295,-0.00035,13.507,12.407,12.436,12.17,10
2022-06-14 03:11:00,1.623,-1.4847,118.53,14.472,13.266,16.395,0.00055,-0.3009899999999999,0.00415,13.46,12.284,12.34,12.084,10
2022-06-14 03:12:00,1.6228,-1.4736,118.52,14.389,13.267,16.368,-0.0128,-0.18148,0.0102,13.402,12.215,12.235,11.994,10
2022-06-14 03:13:00,1.6222,-1.5179,118.57,14.321,13.267,16.363,-0.00018,0.0,0.00251,13.351,12.105,12.162,11.94,10
2022-06-14 03:14:00,1.6219,-1.4514,118.58,14.239,13.267,16.344,-0.0027399999999999,0.0,-0.0067299999999999,13.303,12.034,12.113,11.865,10
2022-06-14 03:15:00,1.6225,-1.5401,118.58,14.179,13.269,16.331,0.00183,0.05754,-0.00419,13.272,11.935,12.061,11.839,10
2022-06-14 03:16:00,1.6228,-1.5068,118.64,14.13,13.269,16.31,-0.00512,-0.76132,0.00432,13.239,11.885,11.965,11.722,10
2022-06-14 03:17:00,1.623,-1.5068,118.56,14.088,13.27,16.293,-0.00713,-0.0973799999999999,0.00288,13.213,11.879,11.937,11.673,10
2022-06-14 03:18:00,1.6236,-1.5068,118.55,14.079,13.269,16.274,-0.0047499999999999,0.0752499999999999,-0.00024,13.177,11.837,11.934,11.684,10
2022-06-14 03:19:00,1.623,-1.4957,118.62,14.095,13.27,16.272,-0.0027399999999999,0.27,-0.0024599999999999,13.177,11.956,12.004,11.712,10
2022-06-14 03:20:00,1.6228,-1.5622,118.69,14.122,13.272,16.252,-0.0073099999999999,0.02656,0.0037599999999999,13.148,11.862,11.971,11.732,10
2022-06-14 03:21:00,1.6225,-1.5401,118.71,14.091,13.271,16.235,-0.00329,-0.0354099999999999,0.0050099999999999,13.112,11.875,11.942,11.668,10
2022-06-14 03:22:00,1.6233,-1.4847,118.69,14.051,13.27,16.227,-0.00768,-0.21246,0.01021,13.092,11.791,11.916,11.645,10
2022-06-14 03:23:00,1.6225,-1.4736,118.67,14.017,13.272,16.201,-0.01371,-1.2748,0.01636,13.066,11.762,11.913,11.587,10
2022-06-14 03:24:00,1.6233,-1.5068,118.76,14.029,13.272,16.182,-0.0062199999999999,0.3186899999999999,-0.00127,13.044,11.807,11.904,11.556,10
2022-06-14 03:25:00,1.6225,-1.4404,118.76,14.064,13.271,16.169,-0.00256,-0.41165,0.00727,13.061,11.838,11.922,11.566,10
2022-06-14 03:26:00,1.6228,-1.4958,118.72,14.086,13.273,16.159,-0.0003699999999999,-0.4204999999999999,0.0063299999999999,13.06,11.798,11.853,11.536,10
2022-06-14 03:27:00,1.6225,-1.5179,118.72,14.087,13.274,16.142,-0.00713,-0.42935,0.00108,13.042,11.742,11.808,11.527,10
2022-06-14 03:28:00,1.623,-1.4736,118.7,14.057,13.271,16.121,-0.0069499999999999,-0.13722,0.00404,12.994,11.695,11.76,11.488,10
2022-06-14 03:29:00,1.6222,-1.4847,118.75,14.01,13.274,16.112,-0.00676,0.22574,-0.0009399999999999,12.969,11.63,11.718,11.491,10
2022-06-14 03:30:00,1.6236,-1.4182,118.7,13.984,13.276,16.091,-0.00366,0.5798499999999999,-0.00506,12.935,11.571,11.676,11.447,10
2022-06-14 03:31:00,1.6222,-1.5179,118.65,13.971,13.275,16.078,-0.00329,0.0840999999999999,0.00017,12.905,11.545,11.623,11.397,10
2022-06-14 03:32:00,1.6242,-1.5512,118.59,13.95,13.275,16.069,-0.00713,-0.2213199999999999,0.00046,12.861,11.448,11.644,11.43,10
2022-06-14 03:33:00,1.6225,-1.4847,118.56,13.898,13.276,16.05,-0.0062199999999999,-0.00885,-0.00576,12.829,11.383,11.611,11.436,10
2022-06-14 03:34:00,1.6236,-1.4958,118.62,13.85,13.274,16.04,-0.00676,-1.0402,0.00478,12.823,11.36,11.566,11.384,10
2022-06-14 03:35:00,1.6239,-1.5179,118.58,13.774,13.277,16.018,-0.00219,-0.44706,-0.0005599999999999,12.78,11.268,11.494,11.352,10
2022-06-14 03:36:00,1.6222,-1.4625,118.53,13.704,13.276,16.001,-0.00128,0.0708199999999999,-0.0008,12.73,11.241,11.456,11.309,10
2022-06-14 03:37:00,1.6222,-1.5733,118.54,13.634,13.277,15.989,-0.00859,0.2655799999999999,-0.00036,12.701,11.233,11.442,11.295,10
2022-06-14 03:38:00,1.6236,-1.4514,118.89,13.565,13.278,15.978,-0.00165,0.61526,0.00152,12.692,11.284,11.439,11.304,10
2022-06-14 03:39:00,1.6253,-1.5844,118.99,13.53,13.278,15.956,-0.01024,0.36296,-0.0035,12.68,11.268,11.36,11.196,10
2022-06-14 03:40:00,1.6239,-1.3517,118.96,13.454,13.278,15.935,-0.0062199999999999,0.96937,-0.00348,12.625,11.183,11.349,11.234,10
2022-06-14 03:41:00,1.6269,-1.5512,118.53,13.392,13.278,15.92,-0.0041999999999999,0.7701799999999999,-0.0047999999999999,12.613,11.232,11.293,11.14,10
2022-06-14 03:42:00,1.6244,-1.5179,118.43,13.344,13.278,15.91,-0.01499,-0.55329,0.0109,12.568,11.086,11.326,11.205,10
2022-06-14 03:43:00,1.6244,-1.4736,118.37,13.299,13.278,15.89,-0.0095099999999999,0.1504999999999999,-0.01162,12.538,11.119,11.298,11.157,10
2022-06-14 03:44:00,1.6239,-1.4958,118.41,13.307,13.279,15.884,-0.00585,0.0044299999999999,0.00093,12.523,11.097,11.302,11.175,10
2022-06-14 03:45:00,1.6239,-1.4625,118.43,13.352,13.279,15.865,-0.0054799999999999,-0.571,0.0029499999999999,12.508,11.11,11.314,11.188,10
2022-06-14 03:46:00,1.6247,-1.529,118.41,13.407,13.279,15.85,-0.00018,-0.8277299999999999,-0.00512,12.502,11.133,11.31,11.201,10
2022-06-14 03:47:00,1.6242,-1.4182,118.39,13.454,13.279,15.83,-0.00347,0.5090299999999999,-0.00949,12.465,11.079,11.296,11.246,10
2022-06-14 03:48:00,1.6258,-1.4625,118.34,13.53,13.28,15.815,-0.00018,-0.8808399999999998,-0.00141,12.473,11.107,11.333,11.259,10
2022-06-14 03:49:00,1.6231,-1.4625,118.4,13.612,13.279,15.798,-0.0107899999999999,-0.5311599999999999,0.00538,12.466,11.149,11.322,11.269,10
2022-06-14 03:50:00,1.6247,-1.4404,118.35,13.681,13.281,15.79,0.0003699999999999,-1.0092,-0.0048399999999999,12.474,11.212,11.356,11.27,10
2022-06-14 03:51:00,1.625,-1.4847,118.38,13.742,13.28,15.769,-0.00676,0.8233,-0.00606,12.454,11.146,11.338,11.327,10
2022-06-14 03:52:00,1.6231,-1.4847,118.31,13.783,13.281,15.753,-0.00932,0.36296,-0.00498,12.444,11.085,11.37,11.365,10
2022-06-14 03:53:00,1.6225,-1.396,118.34,13.807,13.282,15.734,-0.01005,-0.20804,0.00217,12.42,11.058,11.317,11.356,10
2022-06-14 03:54:00,1.6236,-1.4293,118.33,13.787,13.282,15.724,-0.0089599999999999,0.64182,-0.0044799999999999,12.396,11.068,11.283,11.33,10
2022-06-14 03:55:00,1.6244,-1.5179,118.29,13.772,13.282,15.708,-0.0029299999999999,0.2655799999999999,-0.00247,12.422,11.172,11.348,11.339,10
2022-06-14 03:56:00,1.6236,-1.5068,118.31,13.827,13.282,15.698,-0.00091,-0.34083,0.00402,12.461,11.164,11.396,11.356,10
2022-06-14 03:57:00,1.6225,-1.5179,118.3,13.848,13.282,15.683,-0.0074999999999999,0.1416399999999999,0.00144,12.464,11.176,11.363,11.376,10
2022-06-14 03:58:00,1.6222,-1.4293,118.31,13.863,13.282,15.662,-0.0011,-0.5001799999999998,0.0007699999999999,12.476,11.318,11.38,11.294,10
2022-06-14 03:59:00,1.6236,-1.5401,118.73,13.894,13.284,15.64,-0.0056699999999999,-0.0973799999999999,0.00151,12.492,11.34,11.487,11.398,10
2022-06-14 04:00:00,1.6239,-1.4404,119.37,14.009,13.283,15.636,-0.01243,-0.2655799999999999,-0.00012,12.557,11.519,11.631,11.48,10
2022-06-14 04:01:00,1.6239,-1.4071,119.36,14.155,13.283,15.619,-0.0056699999999999,-0.73035,0.00366,12.616,11.674,11.663,11.461,10
2022-06-14 04:02:00,1.6244,-1.4404,119.32,14.201,13.284,15.597,-0.0065799999999999,0.6019799999999998,-0.0029099999999999,12.583,11.608,11.645,11.541,10
2022-06-14 04:03:00,1.625,-1.385,119.2,14.196,13.284,15.58,-0.01481,0.55329,-0.01171,12.558,11.59,11.576,11.448,10
2022-06-14 04:04:00,1.6247,-1.4736,119.22,14.142,13.282,15.571,-0.0041999999999999,-0.3009899999999999,0.0017899999999999,12.521,11.529,11.511,11.366,10
2022-06-14 04:05:00,1.6233,-1.4958,119.14,14.078,13.285,15.55,-0.0043899999999999,0.6462499999999999,-0.0054799999999999,12.49,11.548,11.558,11.387,10
2022-06-14 04:06:00,1.6231,-1.4514,119.19,13.999,13.285,15.548,0.00183,0.1504999999999999,-0.00051,12.489,11.575,11.49,11.322,10
2022-06-14 04:07:00,1.6244,-1.4625,119.22,13.901,13.287,15.528,-0.0049399999999999,1.9122,-0.00649,12.432,11.453,11.421,11.263,10
2022-06-14 04:08:00,1.625,-1.4404,119.21,13.803,13.285,15.511,-0.0087799999999999,1.204,-0.01597,12.392,11.323,11.377,11.256,10
2022-06-14 04:09:00,1.6261,-1.5179,119.1,13.712,13.287,15.503,-0.0087799999999999,2.2751,-0.01778,12.383,11.405,11.357,11.215,10
2022-06-14 04:10:00,1.6242,-1.5844,119.14,13.629,13.287,15.485,-0.00201,2.315,-0.0007399999999999,12.345,11.374,11.369,11.22,10
2022-06-14 04:11:00,1.6228,-1.4847,119.14,13.569,13.285,15.462,-0.0053,3.2002,-0.0189,12.322,11.423,11.401,11.271,10
2022-06-14 04:12:00,1.6247,-1.4958,119.13,13.505,13.288,15.453,-0.00987,3.8332,-0.04199,12.312,11.351,11.339,11.185,10
2022-06-14 04:13:00,1.6239,-1.4404,119.09,13.423,13.287,15.438,-0.00713,3.3906,-0.024,12.275,11.32,11.29,11.141,10
2022-06-14 04:14:00,1.6231,-1.5068,119.13,13.416,13.287,15.432,-0.00238,4.7096,-0.01591,12.272,11.295,11.364,11.21,10
2022-06-14 04:15:00,1.6242,-1.5068,119.32,13.438,13.29,15.415,-0.0027399999999999,4.9796,-0.00838,12.266,11.287,11.321,11.18,10
2022-06-14 04:16:00,1.6236,-1.5512,119.46,13.408,13.29,15.395,-0.00585,6.9538,-0.0411899999999999,12.218,11.205,11.295,11.175,10
2022-06-14 04:17:00,1.6236,-1.5179,119.41,13.366,13.29,15.384,-0.0060299999999999,8.3658,-0.04417,12.178,11.189,11.253,11.163,10
2022-06-14 04:18:00,1.6231,-1.5512,119.37,13.338,13.289,15.371,-0.01188,8.635799999999998,-0.09939,12.169,11.23,11.23,11.073,10
2022-06-14 04:19:00,1.6255,-1.5401,119.36,13.328,13.288,15.371,-0.00055,10.632,-0.00843,12.153,11.246,11.24,11.078,10
2022-06-14 04:20:00,1.6233,-1.5179,119.31,13.286,13.29,15.348,-0.00329,9.5609,-0.0307599999999999,12.118,11.187,11.192,11.055,10
2022-06-14 04:21:00,1.6242,-1.5512,119.29,13.263,13.29,15.333,-0.0060299999999999,9.645,-0.05876,12.11,11.238,11.183,11.042,10
2022-06-14 04:22:00,1.6236,-1.5512,119.29,13.264,13.291,15.324,-0.00786,10.796,-0.08325,12.099,11.167,11.199,11.085,10
2022-06-14 04:23:00,1.6233,-1.5622,119.21,13.233,13.289,15.305,-0.0089599999999999,9.8619,-0.08207,12.078,11.199,11.183,11.039,10
2022-06-14 04:24:00,1.6222,-1.5179,119.18,13.201,13.29,15.285,-0.01115,10.096,-0.10992,12.06,11.144,11.153,10.968,10
2022-06-14 04:25:00,1.6233,-1.5512,119.19,13.192,13.29,15.281,-0.0003699999999999,13.399,-0.0029199999999999,12.022,11.063,11.155,11.056,10
2022-06-14 04:26:00,1.6233,-1.5955,119.16,13.243,13.293,15.266,-0.00238,13.584,-0.02818,12.021,11.1,11.116,10.986,10
2022-06-14 04:27:00,1.6236,-1.6287,119.15,13.301,13.289,15.259,-0.0014599999999999,16.307,-0.02334,11.989,10.978,11.115,11.062,10
2022-06-14 04:28:00,1.6247,-1.6398,119.19,13.327,13.292,15.236,-0.00128,18.613,-0.02817,11.974,11.093,11.064,10.957,10
2022-06-14 04:29:00,1.6239,-1.5401,119.13,13.338,13.292,15.219,0.0007299999999999,19.507,0.0186799999999999,11.958,11.149,11.126,10.943,10
2022-06-14 04:30:00,1.6239,-1.6398,119.1,13.36,13.292,15.214,0.0043899999999999,22.473,0.0990999999999999,11.966,11.137,11.105,10.99,10
2022-06-14 04:31:00,1.6236,-1.5622,119.11,13.361,13.292,15.193,0.00384,24.203,0.09496,11.951,11.065,11.089,10.986,10
2022-06-14 04:32:00,1.6228,-1.4958,119.01,13.346,13.292,15.19,0.0056699999999999,25.164,0.1416399999999999,11.941,11.085,11.056,10.918,10
2022-06-14 04:33:00,1.6228,-1.5844,119.03,13.32,13.292,15.171,0.00384,28.01,0.1068299999999999,11.899,10.975,11.07,10.925,10
2022-06-14 04:34:00,1.6244,-1.5733,119.1,13.305,13.292,15.167,0.01627,32.326,0.5268899999999999,11.901,11.031,11.072,10.983,10
2022-06-14 04:35:00,1.6233,-1.5733,119.14,13.357,13.292,15.147,0.0064,34.534,0.21969,11.885,10.979,11.041,10.984,10
2022-06-14 04:36:00,1.6225,-1.5955,119.12,13.384,13.292,15.145,0.01024,37.655,0.39054,11.877,10.947,11.065,11.016,10
2022-06-14 04:37:00,1.6231,-1.6066,119.13,13.389,13.293,15.124,0.00969,40.829,0.3984699999999999,11.853,10.993,11.044,11.027,10
2022-06-14 04:38:00,1.6228,-1.6176,119.15,13.405,13.295,15.104,0.01152,44.454,0.51922,11.836,10.963,11.034,11.046,10
2022-06-14 04:39:00,1.6225,-1.6176,119.19,13.413,13.292,15.1,0.0159,47.574,0.75639,11.834,10.917,11.069,11.082,10
2022-06-14 04:40:00,1.6231,-1.5844,119.17,13.433,13.294,15.08,0.01408,52.496,0.75939,11.831,10.919,11.034,11.051,10
2022-06-14 04:41:00,1.6236,-1.6509,118.66,13.452,13.294,15.08,0.01572,60.676,0.92601,11.847,10.925,11.057,11.071,10
2022-06-14 04:42:00,1.6231,-1.6509,119.18,13.444,13.292,15.059,0.0151699999999999,69.078,1.0402,11.844,10.871,11.067,11.102,10
2022-06-14 04:43:00,1.6244,-1.7063,119.37,13.445,13.294,15.048,0.01828,78.599,1.4484,11.848,10.974,11.03,11.06,10
2022-06-14 04:44:00,1.6225,-1.6287,119.33,13.438,13.294,15.035,0.02066,89.054,1.8361,11.84,10.898,11.072,11.186,10
2022-06-14 04:45:00,1.6233,-1.6287,119.39,13.429,13.294,15.029,0.0190099999999999,100.96,1.9334,11.858,10.945,11.11,11.214,10
2022-06-14 04:46:00,1.6236,-1.6287,119.36,13.433,13.293,15.013,0.0164499999999999,109.53,1.8008,11.876,10.964,11.14,11.222,10
2022-06-14 04:47:00,1.6239,-1.6398,119.26,13.451,13.295,15.013,0.01536,118.52,1.8155,11.904,11.037,11.149,11.228,10
2022-06-14 04:48:00,1.6239,-1.6176,119.28,13.463,13.295,15.009,0.00768,126.18,0.9751,11.917,10.963,11.219,11.319,10
2022-06-14 04:49:00,1.622,-1.673,119.46,13.468,13.293,14.99,0.01152,135.6,1.5637,11.941,11.021,11.279,11.334,10
2022-06-14 04:50:00,1.6228,-1.6952,119.61,13.462,13.294,14.977,0.0107899999999999,140.98,1.5294,11.952,11.066,11.297,11.352,10
2022-06-14 04:51:00,1.6222,-1.6509,119.64,13.443,13.293,14.968,0.0047499999999999,145.37,0.67891,11.974,11.196,11.324,11.344,10
2022-06-14 04:52:00,1.6228,-1.5733,119.64,13.422,13.294,14.961,0.00402,150.7,0.6018999999999999,11.981,11.24,11.391,11.489,10
2022-06-14 04:53:00,1.6239,-1.6398,119.6,13.423,13.292,14.946,0.0043899999999999,153.96,0.67478,12.018,11.3,11.471,11.531,10
2022-06-14 04:54:00,1.6233,-1.6509,119.64,13.438,13.292,14.929,0.01353,156.57,2.119,12.048,11.321,11.474,11.553,10
2022-06-14 04:55:00,1.6255,-1.7284,120.14,13.445,13.292,14.924,0.0062199999999999,158.09,0.98928,12.088,11.441,11.503,11.559,10
2022-06-14 04:56:00,1.6269,-1.6176,120.91,13.447,13.291,14.924,0.0082299999999999,160.28,1.3179,12.111,11.328,11.559,11.626,10
2022-06-14 04:57:00,1.6264,-1.662,120.8,13.444,13.292,14.914,0.00987,163.05,1.6109,12.16,11.451,11.531,11.522,10
2022-06-14 04:58:00,1.6258,-1.673,120.84,13.443,13.291,14.903,0.0073099999999999,167.37,1.2276,12.173,11.349,11.539,11.582,10
2022-06-14 04:59:00,1.6261,-1.673,120.85,13.449,13.292,14.901,0.0049399999999999,171.15,0.8412,12.216,11.327,11.582,11.597,10
2022-06-14 05:00:00,1.6272,-1.6398,121.07,13.485,13.289,14.896,0.00238,176.02,0.4160099999999999,12.248,11.409,11.579,11.604,10
2022-06-14 05:01:00,1.6272,-1.6841,121.1,13.542,13.289,14.879,0.00219,177.93,0.3890899999999999,12.298,11.465,11.616,11.572,10
2022-06-14 05:02:00,1.628,-1.662,121.03,13.581,13.292,14.879,-0.00165,178.48,-0.2912199999999999,12.334,11.436,11.659,11.614,10
2022-06-14 05:03:00,1.6269,-1.6952,121.02,13.606,13.291,14.877,0.00128,179.01,0.2302299999999999,12.376,11.474,11.648,11.61,10
2022-06-14 05:04:00,1.6266,-1.6841,121.09,13.677,13.288,14.877,0.0106,180.13,1.9156,12.426,11.486,11.679,11.644,10
2022-06-14 05:05:00,1.6269,-1.6952,121.08,13.755,13.287,14.86,0.00841,181.88,1.5258,12.469,11.458,11.714,11.704,10
2022-06-14 05:06:00,1.6269,-1.6952,121.05,13.842,13.287,14.857,0.00219,183.66,0.4026299999999999,12.529,11.521,11.772,11.78,10
2022-06-14 05:07:00,1.6255,-1.7063,120.93,13.803,13.287,14.857,0.00457,186.38,0.8504599999999999,12.605,11.551,11.831,11.869,10
2022-06-14 05:08:00,1.6319,-2.5483,120.95,13.709,13.285,14.857,0.0082299999999999,188.94,1.5535,12.67,11.592,11.837,11.878,10
2022-06-14 05:09:00,1.692,-3.8668,120.95,13.674,13.284,14.857,0.0402199999999999,161.45,6.4724,12.744,11.662,11.89,11.925,10
2022-06-14 05:10:00,1.6796,-2.7367,120.97,13.708,13.283,14.857,0.0539299999999999,157.89,8.5191,12.824,11.686,11.943,12.014,10
2022-06-14 05:11:00,1.6798,-2.1827,120.32,13.785,13.281,14.857,0.0557599999999999,157.45,8.7854,12.922,11.775,11.987,12.048,10
2022-06-14 05:12:00,1.6845,-1.5068,120.19,13.876,13.28,14.859,0.06472,157.58,10.195,13.015,11.786,12.025,12.117,10
2022-06-14 05:13:00,1.6864,-1.0415,120.16,13.937,13.281,14.875,0.06819,158.08,10.775,13.115,11.772,12.095,12.23,10
2022-06-14 05:14:00,1.6776,-0.2659099999999999,120.15,13.998,13.28,14.879,0.0753199999999999,156.9,11.816,13.212,11.807,12.094,12.228,10
2022-06-14 05:15:00,1.6705,0.52075,120.14,14.063,13.279,14.879,0.08007,157.51,12.616,13.304,11.839,12.115,12.25,10
2022-06-14 05:16:00,1.6796,1.0083,120.15,14.11,13.279,14.888,0.07349,157.78,11.597,13.407,11.847,12.12,12.221,10
2022-06-14 05:17:00,1.6864,1.5512,120.09,14.146,13.279,14.901,0.0826299999999999,157.33,13.002,13.511,11.805,12.128,12.226,10
2022-06-14 05:18:00,1.6856,2.1162,120.0,14.155,13.279,14.903,0.0840999999999999,157.43,13.233,13.593,11.805,12.11,12.198,10
2022-06-14 05:19:00,1.6964,2.6148,119.95,14.133,13.277,14.924,0.0924999999999999,157.35,14.558,13.708,11.845,12.136,12.193,10
2022-06-14 05:20:00,1.6801,2.8807,119.85,14.129,13.277,14.924,0.0989,157.3,15.549,13.795,11.786,12.138,12.213,10
2022-06-14 05:21:00,1.6732,3.4347,119.83,14.139,13.276,14.938,0.0974399999999999,157.63,15.363,13.904,11.805,12.142,12.215,10
2022-06-14 05:22:00,1.6605,3.9887,119.83,14.172,13.278,14.955,0.10219,157.15,16.066,14.018,11.831,12.155,12.188,10
2022-06-14 05:23:00,1.6581,4.8197,119.86,14.231,13.276,14.972,0.11207,157.94,17.7,14.125,11.807,12.198,12.262,10
2022-06-14 05:24:00,1.6597,6.116,119.82,14.299,13.278,14.994,0.1254099999999999,157.21,19.717,14.253,11.847,12.226,12.248,10
2022-06-14 05:25:00,1.6578,7.777999999999999,120.02,14.359,13.275,15.013,0.13675,157.56,21.552,14.367,11.852,12.277,12.309,10
2022-06-14 05:26:00,1.657,9.1962,120.29,14.396,13.273,15.022,0.15192,157.18,23.872,14.491,11.962,12.303,12.277,10
2022-06-14 05:27:00,1.6638,10.758,120.25,14.401,13.273,15.044,0.1586799999999999,157.08,24.923,14.619,12.054,12.369,12.312,10
2022-06-14 05:28:00,1.6638,11.058,120.16,14.299,13.27,15.074,0.15558,157.07,24.441,14.719,12.072,12.463,12.401,10
2022-06-14 05:29:00,1.6663,11.213,120.22,14.283,13.27,15.095,0.16563,158.49,26.252,14.813,12.09,12.532,12.53,10
2022-06-14 05:30:00,1.6636,11.855,120.27,14.285,13.268,15.126,0.16782,158.66,26.627,14.924,12.285,12.58,12.536,10
2022-06-14 05:31:00,1.6658,12.642,120.19,14.323,13.266,15.158,0.17313,158.57,27.456,15.014,12.257,12.678,12.692,10
2022-06-14 05:32:00,1.6644,12.819,120.17,14.424,13.265,15.182,0.1723899999999999,157.01,27.063,15.159,12.309,12.721,12.709,10
2022-06-14 05:33:00,1.6649,12.077,120.17,14.54,13.264,15.218,0.1738599999999999,156.43,27.197,15.314,12.37,12.779,12.74,10
2022-06-14 05:34:00,1.666,11.235,120.24,14.647,13.262,15.255,0.16435,157.05,25.807,15.46,12.51,12.776,12.693,10
2022-06-14 05:35:00,1.6644,10.67,120.15,14.705,13.262,15.288,0.1617899999999999,158.42,25.63,15.586,12.383,12.785,12.82,10
2022-06-14 05:36:00,1.663,10.614,120.17,14.73,13.26,15.333,0.16051,157.43,25.27,15.75,12.468,12.759,12.737,10
2022-06-14 05:37:00,1.6669,11.379,120.15,14.7,13.258,15.372,0.1667299999999999,157.33,26.23,15.886,12.519,12.741,12.678,10
2022-06-14 05:38:00,1.6658,12.021,120.15,14.698,13.257,15.41,0.1683699999999999,157.49,26.519,16.012,12.579,12.765,12.695,10
2022-06-14 05:39:00,1.6658,12.298,120.14,14.732,13.257,15.449,0.17934,160.57,28.769,16.076,12.549,12.796,12.801,10
2022-06-14 05:40:00,1.6718,6.4262,120.12,14.778,13.255,15.501,0.11389,188.29,21.135,16.177,12.788,12.848,12.762,10
2022-06-14 05:41:00,1.6762,6.9913,119.71,14.798,13.254,15.548,0.11298,188.04,20.894,16.232,12.76,12.883,12.821,10
2022-06-14 05:42:00,1.6622,13.506,119.41,14.719,13.253,15.591,0.17605,164.54,28.957,16.234,12.869,12.902,12.812,10
2022-06-14 05:43:00,1.6614,11.844,119.6,14.69,13.25,15.642,0.16289,163.7,26.656,16.214,12.836,12.935,12.879,10
2022-06-14 05:44:00,1.6638,11.202,119.7,14.724,13.251,15.696,0.1528299999999999,164.89,25.204,16.186,12.857,12.954,12.94,10
2022-06-14 05:45:00,1.6616,12.465,119.73,14.765,13.252,15.738,0.1749499999999999,163.51,28.606,16.203,12.903,13.014,12.962,10
2022-06-14 05:46:00,1.6649,10.991,120.08,14.827,13.251,15.792,0.1670899999999999,163.5,27.319,16.285,12.926,13.012,12.955,10
2022-06-14 05:47:00,1.6616,11.955,120.21,14.904,13.251,15.841,0.16435,164.69,27.072,16.292,12.915,13.055,13.027,10
2022-06-14 05:48:00,1.6699,13.418,120.15,15.049,13.25,15.892,0.17843,164.3,29.319,16.375,12.931,13.081,13.051,10
2022-06-14 05:49:00,1.6702,16.021,120.18,15.216,13.248,15.946,0.19287,163.92,31.612,16.57,13.003,13.167,13.113,10
2022-06-14 05:50:00,1.6669,16.199,120.24,15.461,13.247,15.999,0.1923199999999999,164.27,31.589,16.763,13.04,13.251,13.207,10
2022-06-14 05:51:00,1.6666,16.265,120.28,15.685,13.246,16.05,0.19781,162.75,32.197,16.977,13.087,13.292,13.218,10
2022-06-14 05:52:00,1.6754,16.032,120.2,15.861,13.245,16.099,0.20201,164.79,33.295,17.173,13.122,13.346,13.301,10
2022-06-14 05:53:00,1.6768,16.431,120.13,16.039,13.243,16.156,0.19872,163.18,32.426,17.413,13.206,13.389,13.268,10
2022-06-14 05:54:00,1.6732,15.866,120.09,16.207,13.241,16.205,0.19689,164.7,32.427,17.623,13.185,13.393,13.332,10
2022-06-14 05:55:00,1.6677,12.62,120.08,16.344,13.238,16.265,0.1769699999999999,163.55,28.954,17.793,13.149,13.314,13.214,10
2022-06-14 05:56:00,1.6785,17.24,120.08,16.455,13.237,16.316,0.2038399999999999,163.62,33.354,17.893,13.178,13.348,13.235,10
2022-06-14 05:57:00,1.679,17.705,120.04,16.588,13.236,16.379,0.20804,164.25,34.175,18.095,13.126,13.398,13.359,10
2022-06-14 05:58:00,1.6776,17.86,120.04,16.695,13.236,16.438,0.20585,163.98,33.758,18.323,13.214,13.415,13.339,10
2022-06-14 05:59:00,1.6787,18.747,120.01,16.73,13.233,16.5,0.2146299999999999,164.36,35.279,18.527,13.206,13.459,13.404,10
2022-06-14 06:00:00,1.6787,20.121,120.06,16.737,13.228,16.559,0.2233999999999999,165.12,36.889,18.732,13.268,13.492,13.45,10
2022-06-14 06:01:00,1.6798,21.118,119.99,16.697,13.226,16.622,0.23601,164.21,38.756,18.95,13.336,13.53,13.451,10
2022-06-14 06:02:00,1.6768,22.525,119.93,16.536,13.225,16.694,0.23912,164.2,39.258,19.114,13.325,13.589,13.548,10
2022-06-14 06:03:00,1.6757,24.608,119.91,16.422,13.223,16.763,0.25923,163.89,42.483,19.293,13.355,13.642,13.608,10
2022-06-14 06:04:00,1.6779,27.799,119.92,16.34,13.219,16.835,0.2775099999999999,164.14,45.552,19.493,13.461,13.702,13.671,10
2022-06-14 06:05:00,1.6909,32.353,119.85,16.327,13.219,16.906,0.31335,163.57,51.25,19.663,13.588,13.802,13.752,10
2022-06-14 06:06:00,1.6994,34.613,119.85,16.344,13.218,16.986,0.33492,163.91,54.897,19.882,13.678,13.921,13.922,10
2022-06-14 06:07:00,1.6864,33.616,119.79,16.389,13.216,17.063,0.3166399999999999,163.96,51.908,20.112,13.784,14.012,14.037,10
2022-06-14 06:08:00,1.6972,33.295,119.77,16.361,13.215,17.14,0.31846,163.73,52.147,20.174,13.855,14.049,14.06,10
2022-06-14 06:09:00,1.695,34.192,119.76,16.357,13.211,17.22,0.3255899999999999,164.71,53.628,20.323,13.94,14.17,14.222,10
2022-06-14 06:10:00,1.6931,33.261,119.97,16.424,13.21,17.299,0.31645,163.12,51.619,20.553,14.034,14.268,14.298,10
2022-06-14 06:11:00,1.693,32.419,120.23,16.471,13.205,17.382,0.31828,163.36,51.989,20.755,14.129,14.356,14.394,10
2022-06-14 06:12:00,1.6883,29.87,120.14,16.527,13.206,17.467,0.2881099999999999,175.52,50.467,20.925,14.169,14.423,14.497,10
2022-06-14 06:13:00,1.69,15.112,120.09,16.623,13.204,17.55,0.151,209.84,31.283,21.107,14.275,14.522,14.586,10
2022-06-14 06:14:00,1.6971,8.0326,120.13,16.67,13.2,17.639,0.10566,218.25,22.835,21.231,14.287,14.577,14.624,10
2022-06-14 06:15:00,1.6938,29.781,120.13,16.721,13.198,17.728,0.26105,188.12,48.939,21.359,14.473,14.68,14.678,10
2022-06-14 06:16:00,1.687,28.374,120.16,16.858,13.199,17.817,0.26526,183.18,48.584,21.605,14.5,14.767,14.825,10
2022-06-14 06:17:00,1.6751,19.899,120.04,17.028,13.197,17.913,0.21334,183.07,39.051,21.763,14.414,14.706,14.804,10
2022-06-14 06:18:00,1.6983,33.637,120.07,17.159,13.197,17.995,0.30219,182.86,55.245,21.71,14.443,14.772,14.843,10
2022-06-14 06:19:00,1.7118,43.443,120.05,17.293,13.192,18.088,0.3628799999999999,182.64,66.269,21.954,14.665,15.014,15.046,10
2022-06-14 06:20:00,1.7112,44.118,120.22,17.489,13.194,18.177,0.37202,182.09,67.744,22.262,14.806,15.199,15.258,10
2022-06-14 06:21:00,1.7128,45.026,120.22,17.693,13.192,18.272,0.37494,183.03,68.622,22.568,14.988,15.366,15.381,10
2022-06-14 06:22:00,1.7158,45.092,120.16,17.914,13.19,18.36,0.3679899999999999,182.94,67.322,22.797,15.152,15.512,15.576,10
2022-06-14 06:23:00,1.7211,45.723,120.09,18.145,13.188,18.456,0.3795,182.26,69.168,23.056,15.302,15.65,15.704,10
2022-06-14 06:24:00,1.7398,48.736,120.1,18.323,13.185,18.545,0.39887,182.31,72.732,23.313,15.458,15.75,15.788,10
2022-06-14 06:25:00,1.7726,54.907,120.12,18.459,13.184,18.646,0.44439,177.11,78.679,23.572,15.629,15.931,15.968,10
2022-06-14 06:26:00,1.7775,59.194,120.12,18.425,13.181,18.734,0.48351,170.86,82.572,23.813,15.785,16.069,16.141,10
2022-06-14 06:27:00,1.78,60.479,120.1,18.398,13.178,18.826,0.52536,162.04,85.003,24.052,15.997,16.233,16.228,10
2022-06-14 06:28:00,1.7902,63.658,120.15,18.286,13.178,18.923,0.5622899999999998,159.21,89.50799999999998,24.268,16.141,16.453,16.457,10
2022-06-14 06:29:00,1.791,63.813,121.14,18.214,13.175,19.018,0.54144,165.74,89.736,24.513,16.39,16.646,16.572,10
2022-06-14 06:30:00,1.7789,61.586,121.04,18.087,13.174,19.113,0.5178599999999999,168.72,87.37099999999998,24.72,16.499,16.745,16.68,10
2022-06-14 06:31:00,1.7441,41.844,120.97,17.894,13.171,19.216,0.39338,164.79,64.925,24.899,16.623,16.756,16.588,10
2022-06-14 06:32:00,1.7725,57.309,121.04,17.789,13.173,19.31,0.50104,167.78,84.134,24.887,16.594,16.871,16.678,10
2022-06-14 06:33:00,1.7579,46.773,120.99,17.826,13.171,19.407,0.44163,161.43,71.441,25.122,16.686,17.029,16.88,10
2022-06-14 06:34:00,1.7753,61.696,121.02,18.011,13.17,19.504,0.5476499999999999,160.84,88.068,25.194,16.806,17.104,16.965,10
2022-06-14 06:35:00,1.7526,49.642,121.03,18.184,13.167,19.602,0.46649,159.63,74.42499999999998,25.426,16.988,17.227,17.11,10
2022-06-14 06:36:00,1.7446,40.89,120.91,18.407,13.166,19.702,0.39794,157.62,62.789,25.437,16.984,17.163,17.114,10
2022-06-14 06:37:00,1.7179,34.254,120.81,18.377,13.164,19.801,0.34548,156.2,53.971,25.219,16.736,17.015,16.999,10
2022-06-14 06:38:00,1.781,63.235,121.0,18.172,13.165,19.895,0.55623,159.61,88.827,25.096,16.806,17.153,17.169,10
2022-06-14 06:39:00,1.8215,80.31699999999998,121.04,18.06,13.163,19.994,0.6628,163.75,108.55,25.207,16.957,17.361,17.416,10
2022-06-14 06:40:00,1.8174,77.72499999999998,121.49,17.95,13.162,20.089,0.6523799999999998,164.87,107.55,25.373,17.165,17.508,17.599,10
2022-06-14 06:41:00,1.8414,83.574,121.96,17.899,13.16,20.191,0.65493,169.92,111.23,25.571,17.357,17.693,17.857,10
2022-06-14 06:42:00,1.8064,71.266,121.6,17.904,13.158,20.274,0.55385,179.76,99.474,25.684,17.479,17.802,18.032,10
2022-06-14 06:43:00,1.8452,83.596,121.67,17.857,13.158,20.37,0.63483,177.65,112.76,25.76,17.554,17.91,18.135,10
2022-06-14 06:44:00,1.7705,57.096,121.55,17.793,13.156,20.462,0.45112,178.81,80.604,25.791,17.542,17.93,18.169,10
2022-06-14 06:45:00,1.9196,107.8,121.76,17.753,13.157,20.552,0.7773999999999999,179.46,139.56,25.821,17.795,18.164,18.425,10
2022-06-14 06:46:00,1.9758,121.48,121.85,17.821,13.155,20.638,0.84796,186.06,157.75,26.069,18.204,18.579,18.852,10
2022-06-14 06:47:00,2.0141,129.01,121.79,18.02,13.152,20.726,0.91321,183.04,167.13,26.442,18.573,19.007,19.355,10
2022-06-14 06:48:00,2.0375,135.53,121.75,18.272,13.152,20.811,0.92966,187.49,174.28,26.813,19.006,19.415,19.775,10
2022-06-14 06:49:00,2.0847,142.7,121.81,18.511,13.149,20.906,0.99967,184.24,184.18,27.146,19.438,19.829,20.194,10
2022-06-14 06:50:00,2.0989,146.07,121.79,18.612,13.148,20.988,1.0106,188.44,190.43,27.354,19.671,20.104,20.563,10
2022-06-14 06:51:00,2.1,145.0,121.77,18.652,13.147,21.069,1.0128,186.75,189.13,27.677,19.988,20.471,20.992,10
2022-06-14 06:52:00,2.0826,142.4,121.77,18.715,13.144,21.158,1.0302,179.59,184.85,27.963,20.44,20.866,21.315,10
2022-06-14 06:53:00,2.0707,140.66,121.66,18.913,13.144,21.242,1.0277,175.15,179.98,28.392,20.924,21.281,21.598,10
2022-06-14 06:54:00,2.0465,137.6,121.47,19.066,13.142,21.331,0.98242,180.89,177.71,28.769,21.24,21.556,21.902,10
2022-06-14 06:55:00,1.8451,82.304,121.25,19.161,13.138,21.417,0.6104699999999998,184.23,112.66,28.904,21.114,21.449,21.843,10
2022-06-14 06:56:00,1.9203,102.06,120.68,19.23,13.138,21.508,0.7256,189.45,137.24,28.903,21.106,21.5,21.866,10
2022-06-14 06:57:00,1.9858,121.9,120.61,19.106,13.136,21.598,0.84477,187.89,158.69,28.823,21.051,21.528,21.924,10
2022-06-14 06:58:00,1.7803,65.542,120.48,18.881,13.135,21.692,0.4918299999999999,189.59,93.112,28.816,21.074,21.523,21.918,10
2022-06-14 06:59:00,1.8984,98.127,120.53,18.802,13.134,21.78,0.70382,187.89,131.76,28.678,21.045,21.372,21.706,10
2022-06-14 07:00:00,2.1791,162.36,120.74,18.775,13.132,21.867,1.1234,183.72,206.4,28.765,21.401,21.687,22.009,10
2022-06-14 07:01:00,2.2436,173.64,120.77,18.828,13.133,21.955,1.2336,178.66,220.42,29.017,21.784,22.003,22.385,10
2022-06-14 07:02:00,2.2807,181.19,120.79,18.818,13.132,22.038,1.2363,186.08,230.02,29.141,22.088,22.234,22.462,10
2022-06-14 07:03:00,2.276,180.43,120.76,18.802,13.13,22.129,1.2436,184.54,229.47,29.22,22.167,22.378,22.502,10
2022-06-14 07:04:00,2.2554,177.45,120.68,18.792,13.13,22.211,1.2149,185.79,225.7,29.155,22.364,22.53,22.735,10
2022-06-14 07:05:00,2.2603,178.04,120.68,18.855,13.127,22.291,1.2012,186.77,224.34,29.172,22.512,22.831,22.806,10
2022-06-14 07:06:00,2.284,183.27,120.77,18.976,13.126,22.385,1.2555,184.56,231.69,29.374,22.834,23.178,23.071,10
2022-06-14 07:07:00,2.331,191.6,120.82,19.042,13.127,22.466,1.3542,178.18,241.22,29.601,23.182,23.433,23.351,10
2022-06-14 07:08:00,2.3847,200.9,120.84,19.045,13.125,22.546,1.4676,170.88,250.72,29.71,23.399,23.603,23.542,10
2022-06-14 07:09:00,2.3759,198.55,120.85,18.807,13.124,22.63,1.5031,165.33,248.49,29.753,23.76,23.885,23.826,10
2022-06-14 07:10:00,2.4233,205.09,120.91,18.782,13.121,22.71,1.5133,169.44,256.4,29.897,24.152,24.235,24.245,10
2022-06-14 07:11:00,2.4467,210.33,120.52,18.949,13.119,22.791,1.5113,173.62,262.38,30.159,24.453,24.485,24.636,10
2022-06-14 07:12:00,2.4417,210.27,120.68,18.927,13.119,22.873,1.4745,177.21,261.22,30.157,24.603,24.526,24.672,10
2022-06-14 07:13:00,2.3772,197.93,120.59,18.987,13.118,22.953,1.3778,179.55,247.36,30.323,24.83,24.803,24.859,10
2022-06-14 07:14:00,1.9257,100.26,120.47,18.97,13.117,23.031,0.74173,179.79,133.16,30.263,24.631,24.525,24.707,10
2022-06-14 07:15:00,1.9213,95.444,120.77,18.859,13.116,23.109,0.7302199999999999,175.36,128.7,29.964,24.208,24.187,24.143,10
2022-06-14 07:16:00,1.7973,68.941,120.67,18.84,13.116,23.198,0.5672099999999999,174.38,98.863,29.585,23.737,23.718,23.899,10
2022-06-14 07:17:00,2.1758,155.21,120.89,18.8,13.116,23.268,1.1008,179.89,198.64,29.149,23.53,23.589,23.78,10
2022-06-14 07:18:00,2.5934,233.76,121.23,18.69,13.117,23.351,1.5744,186.18,293.07,29.104,23.814,24.098,24.37,10
2022-06-14 07:19:00,2.5232,222.27,121.17,18.641,13.115,23.426,1.4938,186.37,278.16,29.256,24.183,24.513,24.831,10
2022-06-14 07:20:00,2.124,142.13,120.95,18.763,13.116,23.496,1.014,179.19,181.92,29.624,24.511,24.876,25.261,10
2022-06-14 07:21:00,1.9405,103.58,120.8,18.911,13.114,23.569,0.79105,174.1,136.85,29.58,24.05,24.445,24.627,10
2022-06-14 07:22:00,1.7848,64.266,120.72,18.814,13.112,23.639,0.53156,171.56,91.175,29.407,23.86,24.127,24.103,10
2022-06-14 07:23:00,1.8474,83.34699999999998,120.69,18.72,13.113,23.71,0.69894,162.81,113.78,29.16,23.558,23.822,23.933,10
2022-06-14 07:24:00,1.7824,65.672,120.54,18.651,13.115,23.776,0.5648199999999999,163.1,92.047,28.679,22.861,23.255,23.628,10
2022-06-14 07:25:00,1.8638,88.29399999999998,121.09,18.39,13.114,23.841,0.7182899999999999,162.99,117.3,28.086,22.395,22.919,23.26,10
2022-06-14 07:26:00,2.125,148.36,121.95,18.125,13.112,23.905,1.1362,166.33,188.75,27.695,22.443,22.921,23.335,10
2022-06-14 07:27:00,2.223,168.9,121.92,18.171,13.114,23.965,1.2796,167.23,213.98,27.642,22.716,23.029,23.421,10
2022-06-14 07:28:00,1.8056,71.625,121.59,18.175,13.114,24.028,0.6243499999999998,162.4,101.35,27.395,22.143,22.794,23.39,10
2022-06-14 07:29:00,1.9277,108.06,121.43,18.178,13.113,24.079,0.85292,167.4,142.95,27.098,22.022,22.595,23.138,10
2022-06-14 07:30:00,1.9142,104.23,121.84,18.22,13.115,24.131,0.79318,174.52,138.42,26.942,21.953,22.546,23.042,10
2022-06-14 07:31:00,1.8885,96.517,122.06,18.108,13.115,24.183,0.7301199999999999,177.24,129.58,26.737,21.863,22.427,22.808,10
2022-06-14 07:32:00,1.9092,101.7,122.07,18.055,13.114,24.234,0.75004,182.35,136.64,26.705,22.028,22.41,22.726,10
2022-06-14 07:33:00,1.7753,62.532,121.9,18.012,13.114,24.279,0.49131,180.64,88.63599999999998,26.572,21.728,22.294,22.655,10
2022-06-14 07:34:00,2.5146,220.65,122.49,18.101,13.116,24.307,1.594,172.17,273.74,26.657,22.168,22.695,23.035,10
2022-06-14 07:35:00,2.7674,262.69,122.59,18.347,13.116,24.354,1.9013,169.27,321.76,27.068,23.125,23.545,23.943,10
2022-06-14 07:36:00,2.8495,275.02,122.65,18.592,13.117,24.379,1.9186,177.44,340.38,27.471,23.819,24.225,24.736,10
2022-06-14 07:37:00,2.4908,207.69,122.34,18.618,13.117,24.41,1.4361,181.15,259.73,27.87,24.383,24.891,25.476,10
2022-06-14 07:38:00,2.6357,231.96,122.27,18.599,13.116,24.451,1.5625,184.78,288.95,28.03,24.647,25.059,25.574,10
2022-06-14 07:39:00,3.1668,319.32,122.65,18.704,13.113,24.475,2.1402,183.08,391.78,28.426,25.404,25.808,26.196,10
2022-06-14 07:40:00,2.9026,278.53,122.64,18.92,13.113,24.502,1.8237,189.23,344.98,28.827,25.947,26.328,26.949,10
2022-06-14 07:41:00,2.3613,178.2,122.61,18.937,13.11,24.531,1.2137,188.16,228.18,29.013,25.981,26.638,27.343,10
2022-06-14 07:42:00,1.8096,67.29,122.14,18.804,13.111,24.565,0.52326,181.75,95.028,28.75,25.396,25.976,26.628,10
2022-06-14 07:43:00,2.0286,120.08,122.42,18.666,13.111,24.601,0.91552,171.69,157.64,28.503,25.129,25.69,26.286,10
2022-06-14 07:44:00,2.3845,186.82,122.72,18.475,13.11,24.621,1.4318,166.82,237.66,28.226,24.694,25.46,26.132,10
2022-06-14 07:45:00,3.0565,303.98,123.07,18.314,13.111,24.66,2.1659,173.05,374.78,28.439,25.532,26.305,26.846,10
2022-06-14 07:46:00,2.9171,283.42,122.87,18.503,13.109,24.696,1.9896,174.11,346.35,28.944,26.229,26.905,27.615,10
2022-06-14 07:47:00,3.0157,300.06,122.98,18.71,13.109,24.716,2.1343,170.91,364.65,29.224,26.675,27.348,28.118,10
2022-06-14 07:48:00,2.8436,274.89,122.77,18.798,13.106,24.746,1.9331,171.75,333.56,29.531,27.094,27.671,28.401,10
2022-06-14 07:49:00,3.3625,351.51,123.08,18.88,13.106,24.78,2.4018,177.22,425.67,29.809,27.526,28.311,29.188,10
2022-06-14 07:50:00,3.4834,368.56,123.03,18.896,13.105,24.805,2.4215,185.04,448.04,30.117,28.177,29.023,30.004,10
2022-06-14 07:51:00,3.3545,351.74,122.95,19.083,13.101,24.837,2.2781,186.57,424.98,30.731,28.814,29.773,30.225,10
2022-06-14 07:52:00,3.1746,319.15,122.76,19.24,13.1,24.871,2.0318,192.69,391.12,31.187,29.222,30.273,30.57,10
2022-06-14 07:53:00,1.8605,90.363,122.04,19.434,13.099,24.914,0.64785,193.52,125.35,31.309,28.716,29.532,29.912,10
2022-06-14 07:54:00,1.9027,101.13,122.04,19.468,13.1,24.942,0.71489,190.88,136.28,30.866,27.797,28.754,29.256,10
2022-06-14 07:55:00,2.1588,155.24,122.16,19.35,13.097,24.978,1.0156,195.24,198.78,30.574,27.405,28.283,28.851,10
2022-06-14 07:56:00,2.237,171.35,121.4,19.194,13.098,25.027,1.1537,188.04,216.79,30.323,27.158,28.191,28.664,10
2022-06-14 07:57:00,3.0358,291.44,121.72,19.048,13.099,25.059,1.9711,182.65,359.36,30.32,27.368,28.616,29.144,10
2022-06-14 07:58:00,2.2332,171.69,121.48,19.027,13.099,25.107,1.1802,183.23,216.29,30.407,27.538,28.631,29.216,10
2022-06-14 07:59:00,3.1421,307.35,121.98,19.004,13.096,25.139,2.0336,185.8,376.51,30.303,27.543,28.629,29.051,10
2022-06-14 08:00:00,3.0126,292.51,122.14,19.029,13.097,25.176,1.9837,181.08,358.96,30.619,28.31,29.279,29.438,10
2022-06-14 08:01:00,2.1128,148.07,121.54,19.03,13.095,25.222,1.0434,180.84,188.67,30.675,28.005,28.904,29.223,10
2022-06-14 08:02:00,2.1574,156.65,121.57,19.164,13.094,25.255,1.0839,183.49,198.67,30.474,27.809,28.624,28.733,10
2022-06-14 08:03:00,3.3564,338.35,122.04,19.184,13.095,25.299,2.2616,182.13,413.68,30.244,27.925,28.554,28.686,10
2022-06-14 08:04:00,3.9386,425.63,122.35,19.245,13.094,25.333,2.7941,183.83,513.24,30.561,29.097,29.794,30.01,10
2022-06-14 08:05:00,2.6177,232.51,121.65,19.243,13.096,25.368,1.5275,188.96,288.97,30.671,29.188,29.809,29.92,10
2022-06-14 08:06:00,2.6573,242.29,121.74,19.121,13.096,25.405,1.6309,185.04,301.75,30.56,29.114,29.67,29.939,10
2022-06-14 08:07:00,2.8906,268.75,121.83,19.227,13.093,25.445,1.7955,186.19,333.91,30.473,29.043,29.696,30.19,10
2022-06-14 08:08:00,2.2701,175.55,121.47,19.042,13.093,25.484,1.2162,184.57,224.47,29.989,28.121,29.11,29.856,10
2022-06-14 08:09:00,2.1626,154.24,121.45,18.793,13.092,25.519,1.1115,180.52,200.66,29.397,27.381,28.4,29.333,10
2022-06-14 08:10:00,2.15,151.55,121.81,18.644,13.094,25.559,1.1161,177.75,198.32,28.941,26.87,27.849,28.718,10
2022-06-14 08:11:00,3.038,287.95,123.18,18.595,13.092,25.589,1.9737,180.0,358.05,28.7,26.751,27.92,28.793,10
2022-06-14 08:12:00,4.3432,480.34,123.93,18.641,13.093,25.622,3.155,187.25,590.73,29.1,28.346,29.187,29.942,10
2022-06-14 08:13:00,2.2186,164.39,122.8,18.743,13.091,25.662,1.1552,184.17,212.54,29.578,28.602,29.442,30.346,10
2022-06-14 08:14:00,2.9732,286.97,123.18,18.974,13.092,25.69,1.9682,181.12,357.09,29.496,28.304,29.263,30.318,10
2022-06-14 08:15:00,2.2701,174.7,122.76,18.776,13.091,25.723,1.2555,177.68,223.02,29.214,27.656,28.818,29.969,10
2022-06-14 08:16:00,3.239,320.36,123.25,18.631,13.089,25.756,2.3043,171.5,395.14,28.96,27.616,28.904,30.113,10
2022-06-14 08:17:00,2.7694,251.01,122.98,18.759,13.088,25.791,1.8127,174.99,316.69,28.981,27.738,29.156,30.427,10
2022-06-14 08:18:00,2.4711,206.78,122.84,18.893,13.087,25.821,1.5054,172.35,259.6,28.965,27.75,29.002,30.373,10
2022-06-14 08:19:00,3.4219,347.05,123.28,18.806,13.088,25.845,2.5471,167.86,428.26,28.745,27.588,29.068,30.385,10
2022-06-14 08:20:00,3.6056,374.93,123.3,18.793,13.086,25.869,2.7024,168.83,456.09,29.098,28.503,29.999,31.268,10
2022-06-14 08:21:00,3.8182,408.75,123.37,18.903,13.085,25.913,2.9986,164.8,494.82,29.394,29.227,30.85,32.216,10
2022-06-14 08:22:00,2.6248,232.14,122.78,19.081,13.085,25.935,1.7593,164.37,289.09,29.613,29.284,30.593,32.087,10
2022-06-14 08:23:00,2.9322,279.58,122.86,19.096,13.083,25.963,2.1496,160.49,344.8,29.57,29.248,30.714,32.248,10
2022-06-14 08:24:00,2.3441,186.97,122.57,19.04,13.081,25.994,1.4422,164.84,237.55,29.626,29.202,30.586,32.119,10
2022-06-14 08:25:00,2.2128,167.48,122.46,19.014,13.079,26.022,1.29,163.25,210.48,29.283,28.053,29.69,31.476,10
2022-06-14 08:26:00,2.7496,247.16,122.12,18.799,13.081,26.051,1.8708,163.79,306.04,28.921,27.706,29.394,31.123,10
2022-06-14 08:27:00,2.2282,168.06,121.71,18.72,13.08,26.074,1.2511,168.26,210.5,28.771,27.519,28.976,30.628,10
2022-06-14 08:28:00,2.2188,165.3,121.6,18.593,13.082,26.105,1.2399,167.9,208.18,28.445,27.017,28.439,30.14,10
2022-06-14 08:29:00,2.2356,169.6,121.63,18.458,13.082,26.136,1.2248,175.55,215.02,28.037,26.327,27.997,29.691,10
2022-06-14 08:30:00,2.186,157.65,121.17,18.304,13.082,26.157,1.1354,177.9,201.92,27.689,25.875,27.523,29.198,10
2022-06-14 08:31:00,2.1301,149.63,121.95,18.332,13.081,26.181,1.0825,177.1,191.68,27.367,25.51,27.078,28.715,10
2022-06-14 08:32:00,2.1803,157.58,121.94,18.366,13.085,26.217,1.1583,173.67,201.18,27.155,25.212,26.689,28.33,10
2022-06-14 08:33:00,2.2676,176.12,121.96,18.487,13.085,26.236,1.2257,181.09,221.9,27.007,25.065,26.646,28.227,10
2022-06-14 08:34:00,2.286,179.62,122.06,18.448,13.085,26.25,1.2462,180.96,225.5,26.822,24.856,26.437,28.063,10
2022-06-14 08:35:00,3.64,376.84,122.67,18.45,13.085,26.272,2.4644,187.67,461.28,26.819,25.362,26.802,28.388,10
2022-06-14 08:36:00,3.0126,292.16,122.57,18.499,13.087,26.281,1.9559,186.1,364.03,27.139,26.124,27.648,29.261,10
2022-06-14 08:37:00,2.275,175.88,122.14,18.656,13.087,26.303,1.2164,184.62,224.57,27.257,26.239,27.69,29.342,10
2022-06-14 08:38:00,2.1833,161.2,121.99,18.658,13.087,26.308,1.134,181.78,206.12,27.08,25.972,27.299,28.888,10
2022-06-14 08:39:00,2.2513,173.51,122.02,18.57,13.087,26.331,1.22,177.77,216.4,26.929,25.807,27.179,28.685,10
2022-06-14 08:40:00,2.3978,198.62,122.32,18.558,13.089,26.336,1.4519,169.9,245.86,26.883,25.962,27.134,28.587,10
2022-06-14 08:41:00,2.0982,147.84,122.78,18.61,13.09,26.358,1.0998,169.97,186.83,26.842,25.788,27.037,28.446,10
2022-06-14 08:42:00,2.0861,144.89,122.76,18.665,13.09,26.365,1.0543,176.29,185.87,26.731,25.812,26.771,28.072,10
2022-06-14 08:43:00,2.1266,153.91,122.73,18.589,13.09,26.37,1.1119,175.09,194.66,26.567,25.355,26.533,27.888,10
2022-06-14 08:44:00,2.1312,155.16,122.72,18.434,13.091,26.367,1.0987,179.22,196.94,26.3,25.197,26.313,27.644,10
2022-06-14 08:45:00,2.0668,141.21,122.64,18.459,13.091,26.387,1.0302,176.76,182.07,26.223,25.132,26.184,27.458,10
2022-06-14 08:46:00,2.0098,128.46,122.55,18.467,13.091,26.394,0.9226,178.45,164.6,26.148,25.03,25.975,26.866,10
2022-06-14 08:47:00,1.9855,121.15,122.52,18.491,13.092,26.394,0.87236,181.96,158.72,26.041,25.044,25.788,26.621,10
2022-06-14 08:48:00,2.0252,125.21,122.54,18.499,13.092,26.394,0.96937,171.7,166.33,25.952,24.918,25.596,26.372,10
2022-06-14 08:49:00,2.0288,129.65,122.72,18.551,13.093,26.394,1.0143,165.48,167.86,25.882,24.414,25.598,26.371,10
2022-06-14 08:50:00,2.004,121.39,122.6,18.588,13.092,26.389,0.9617,164.52,158.18,25.801,24.14,25.476,26.201,10
2022-06-14 08:51:00,1.9585,112.85,122.6,18.525,13.092,26.379,0.89502,164.54,147.27,25.566,23.959,25.105,25.81,10
2022-06-14 08:52:00,1.9484,107.83,122.62,18.475,13.095,26.374,0.8635899999999999,162.25,140.11,25.447,23.83,24.874,25.399,10
2022-06-14 08:53:00,1.9415,105.96,122.52,18.52,13.094,26.365,0.86177,161.86,139.5,25.422,24.026,24.837,25.388,10
2022-06-14 08:54:00,1.9318,106.33,122.52,18.57,13.094,26.363,0.8477,166.9,141.46,25.377,24.003,24.816,25.474,10
2022-06-14 08:55:00,1.9409,107.36,122.69,18.61,13.095,26.339,0.8444099999999999,169.49,143.08,25.299,24.034,24.863,25.422,10
2022-06-14 08:56:00,1.9192,103.86,123.14,18.601,13.096,26.329,0.8579299999999999,159.64,136.96,25.229,23.984,24.775,25.319,10
2022-06-14 08:57:00,1.915,101.84,123.04,18.536,13.098,26.308,0.83016,160.9,133.57,25.115,23.979,24.631,24.942,10
2022-06-14 08:58:00,1.8969,97.082,123.04,18.432,13.097,26.303,0.80349,161.15,129.48,25.023,23.92,24.467,24.842,10
2022-06-14 08:59:00,1.9048,97.968,123.14,18.342,13.096,26.279,0.81189,160.95,130.67,24.907,23.968,24.392,24.803,10
2022-06-14 09:00:00,1.9203,100.18,123.06,18.233,13.098,26.267,0.82084,163.29,134.01,24.774,23.772,24.275,24.871,10
2022-06-14 09:01:00,1.9159,102.21,123.06,18.142,13.097,26.25,0.8305299999999999,160.76,133.51,24.7,23.751,24.261,24.843,10
2022-06-14 09:02:00,1.8919,95.554,123.02,18.144,13.099,26.234,0.78412,162.62,127.51,24.667,23.815,24.205,24.818,10
2022-06-14 09:03:00,1.8814,93.406,123.05,18.183,13.098,26.219,0.7521499999999999,165.09,124.17,24.588,23.887,24.097,24.69,10
2022-06-14 09:04:00,1.8707,91.856,123.04,18.216,13.101,26.188,0.74229,163.51,121.37,24.512,23.678,24.076,24.739,10
2022-06-14 09:05:00,1.8787,95.61000000000001,122.97,18.165,13.099,26.164,0.7485,172.61,129.2,24.384,23.661,24.009,24.643,10
2022-06-14 09:06:00,1.8889,98.256,122.96,18.116,13.1,26.138,0.7663999999999999,173.16,132.71,24.288,23.464,23.96,24.696,10
2022-06-14 09:07:00,1.8952,102.26,122.87,18.116,13.101,26.124,0.77261,173.67,134.16,24.281,23.579,24.002,24.637,10
2022-06-14 09:08:00,1.8935,103.39,122.99,18.133,13.101,26.093,0.7850399999999998,175.07,137.42,24.176,23.435,24.02,24.755,10
2022-06-14 09:09:00,1.8957,105.7,123.0,18.147,13.099,26.065,0.81883,165.15,135.16,24.136,23.411,23.856,24.632,10
2022-06-14 09:10:00,1.9073,106.7,123.32,18.146,13.103,26.039,0.85811,162.53,139.49,24.076,23.358,23.901,24.743,10
2022-06-14 09:11:00,1.9351,113.99,123.41,18.119,13.103,26.015,0.90032,165.73,149.22,24.031,23.372,23.931,24.777,10
2022-06-14 09:12:00,1.9756,126.45,123.47,18.127,13.104,25.989,0.97613,166.96,162.89,24.053,23.474,24.039,24.781,10
2022-06-14 09:13:00,2.0676,144.11,123.47,18.116,13.104,25.951,1.1119,166.05,184.34,23.917,23.613,24.013,24.341,10
2022-06-14 09:14:00,2.0494,143.55,123.52,18.082,13.104,25.93,1.1194,162.17,181.46,23.754,23.664,23.949,23.921,10
2022-06-14 09:15:00,2.0329,136.94,122.76,17.994,13.105,25.894,1.0461,166.89,174.54,23.633,23.473,23.758,23.097,10
2022-06-14 09:16:00,2.0067,132.46,122.53,17.921,13.106,25.859,1.0034,166.73,167.28,23.562,23.126,23.6,23.029,10
2022-06-14 09:17:00,2.0222,134.13,122.62,17.892,13.104,25.828,1.0158,170.08,172.76,23.536,22.926,23.439,23.229,10
2022-06-14 09:18:00,2.0739,146.65,122.6,17.928,13.106,25.805,1.0562,177.27,187.13,23.573,23.187,23.517,23.477,10
2022-06-14 09:19:00,2.1714,164.81,122.73,18.003,13.105,25.765,1.1943,174.56,208.55,23.62,23.368,23.715,23.996,10
2022-06-14 09:20:00,2.2998,189.57,122.74,18.05,13.106,25.727,1.3653,173.53,236.76,23.708,23.795,23.904,24.659,10
2022-06-14 09:21:00,2.6501,245.87,122.95,18.149,13.106,25.692,1.7087,178.13,304.6,23.94,24.361,24.229,25.31,10
2022-06-14 09:22:00,2.5463,230.35,122.75,18.226,13.104,25.666,1.5851,179.62,284.73,24.196,24.814,24.608,25.654,10
2022-06-14 09:23:00,2.3921,205.33,122.77,18.266,13.106,25.626,1.4446,178.78,258.2,24.329,25.068,25.128,26.046,10
2022-06-14 09:24:00,2.4036,207.42,122.82,18.331,13.106,25.594,1.4634,175.68,257.25,24.516,25.423,25.474,26.421,10
2022-06-14 09:25:00,3.7136,393.81,123.44,18.319,13.105,25.566,2.6618,181.09,482.56,24.796,26.17,26.343,27.423,10
2022-06-14 09:26:00,3.4268,347.83,123.32,18.465,13.105,25.538,2.2824,186.87,428.11,25.335,27.096,27.443,28.617,10
2022-06-14 09:27:00,2.2183,173.54,122.6,18.543,13.104,25.496,1.1802,184.19,217.38,25.614,27.174,27.611,28.765,10
2022-06-14 09:28:00,2.8586,264.24,122.91,18.574,13.102,25.477,1.7381,186.01,326.96,25.607,27.06,27.579,28.72,10
2022-06-14 09:29:00,3.5315,356.91,123.83,18.583,13.103,25.442,2.2755,192.94,436.82,26.022,28.289,28.534,29.748,10
2022-06-14 09:30:00,1.961,121.16,123.37,18.665,13.101,25.409,0.8171899999999999,193.56,158.22,26.146,27.838,28.135,29.268,10
2022-06-14 09:31:00,1.9302,113.66,123.47,18.626,13.101,25.381,0.79947,186.96,149.44,26.044,27.087,27.679,28.811,10
2022-06-14 09:32:00,3.8452,404.83,124.39,18.565,13.101,25.365,2.7278,180.9,494.14,26.124,27.257,28.063,29.307,10
2022-06-14 09:33:00,3.7576,395.58,124.51,18.476,13.099,25.344,2.5778,184.71,482.07,26.328,27.673,28.453,29.645,10
2022-06-14 09:34:00,5.4829,637.92,125.18,18.668,13.1,25.321,4.1466,187.11,775.75,26.919,29.009,29.85,31.295,10
2022-06-14 09:35:00,5.4727,634.09,125.15,18.876,13.099,25.302,4.1831,183.7,768.34,27.772,30.554,31.553,33.213,10
2022-06-14 09:36:00,5.4317,632.05,125.12,19.026,13.099,25.277,4.132,185.59,766.73,28.495,31.698,32.854,34.62,10
2022-06-14 09:37:00,5.4898,638.69,125.15,19.276,13.099,25.263,4.1238,187.24,772.12,29.177,32.635,33.919,35.937,10
2022-06-14 09:38:00,5.5385,643.03,125.12,19.392,13.096,25.247,4.1457,189.13,783.94,29.824,33.344,34.764,37.061,10
2022-06-14 09:39:00,5.5435,644.6,125.06,19.509,13.095,25.233,4.132,188.82,780.39,30.478,34.291,35.848,38.187,10
2022-06-14 09:40:00,5.0309,575.67,124.85,19.538,13.094,25.235,3.6743,190.72,700.3,31.041,35.453,37.065,39.108,10
2022-06-14 09:41:00,5.8263,683.02,125.15,19.726,13.092,25.235,4.3936,189.26,831.27,31.75,36.278,37.787,40.358,10
2022-06-14 09:42:00,4.501,506.41,124.82,19.939,13.089,25.235,3.4224,180.35,616.94,32.16,36.363,38.096,40.884,10
2022-06-14 09:43:00,3.9983,434.09,124.41,20.093,13.087,25.235,2.9043,181.79,527.77,32.332,36.263,38.231,40.72,10
2022-06-14 09:44:00,2.8633,274.88,123.77,20.218,13.085,25.247,1.8722,182.66,341.63,32.272,35.187,37.207,39.865,10
2022-06-14 09:45:00,3.3684,330.33,122.99,20.146,13.082,25.263,2.2486,182.05,407.49,32.008,34.369,36.209,38.849,10
2022-06-14 09:46:00,6.3246,738.13,124.08,20.153,13.081,25.282,5.0871,176.5,897.7999999999998,32.336,35.929,37.787,40.24,10
2022-06-14 09:47:00,6.4802,758.2999999999998,124.17,20.149,13.08,25.316,5.0674,181.12,917.69,33.183,37.713,39.073,41.788,10
2022-06-14 09:48:00,3.9069,410.55,123.08,20.137,13.079,25.337,2.7103,185.2,500.45,33.654,37.91,39.194,41.633,10
2022-06-14 09:49:00,5.2815,597.8,123.64,20.234,13.076,25.36,3.9515,185.16,731.2899999999998,34.079,38.461,39.898,42.184,10
2022-06-14 09:50:00,5.831,670.56,123.77,20.339,13.072,25.391,4.3558,186.4,811.7,34.313,38.381,39.949,42.675,10
2022-06-14 09:51:00,6.2095,717.02,124.02,20.189,13.068,25.437,4.6613,188.47,877.7,34.383,38.521,40.476,43.433,10
2022-06-14 09:52:00,5.907,680.33,123.85,20.356,13.068,25.477,4.377,189.52,829.61,34.685,39.312,41.097,44.086,10
2022-06-14 09:53:00,4.0336,427.68,122.93,20.685,13.067,25.524,2.7614,189.38,525.18,34.848,38.887,40.318,43.025,10
2022-06-14 09:54:00,5.8933,677.54,123.6,20.444,13.065,25.57,4.4,185.87,820.37,34.859,39.348,40.375,42.908,10
2022-06-14 09:55:00,2.451,212.51,122.18,20.412,13.065,25.617,1.4519,181.81,263.91,34.809,38.173,39.521,42.221,10
2022-06-14 09:56:00,2.4937,219.78,121.88,20.391,13.064,25.673,1.5697,174.16,273.23,34.29,36.86,38.427,40.825,10
2022-06-14 09:57:00,2.4331,209.77,122.28,20.219,13.06,25.732,1.5081,173.95,262.33,33.712,35.609,37.105,39.454,10
2022-06-14 09:58:00,5.0103,560.8,123.29,20.191,13.062,25.788,4.0341,169.67,680.95,33.423,34.825,36.706,39.148,10
2022-06-14 09:59:00,3.7152,384.88,122.89,20.259,13.061,25.84,2.7631,170.82,473.29,33.766,35.39,37.375,40.197,10
2022-06-14 10:00:00,2.5807,232.33,122.29,20.298,13.061,25.908,1.6075,178.67,287.29,33.614,34.974,37.13,39.448,10
2022-06-14 10:01:00,3.8824,408.35,123.33,20.29,13.061,25.963,2.7039,182.81,498.34,33.376,34.68,36.708,39.081,10
2022-06-14 10:02:00,4.2487,462.01,123.52,20.415,13.062,26.024,2.9909,188.88,565.68,33.817,36.118,38.044,40.183,10
2022-06-14 10:03:00,2.7182,254.54,122.69,20.417,13.061,26.074,1.6983,186.0,315.73,33.702,35.071,37.057,39.38,10
2022-06-14 10:04:00,2.4342,210.14,122.64,20.368,13.059,26.136,1.4299,181.73,259.93,33.055,33.531,35.601,37.99,10
2022-06-14 10:05:00,2.3439,193.57,122.59,20.104,13.06,26.193,1.3441,180.01,241.9,32.242,32.079,34.214,36.586,10
2022-06-14 10:06:00,4.4652,487.53,123.77,19.856,13.06,26.248,3.4571,172.76,594.18,31.693,31.588,33.708,36.073,10
2022-06-14 10:07:00,6.4752,758.99,124.62,20.097,13.059,26.3,5.226,176.81,923.9,32.206,33.481,35.573,38.164,10
2022-06-14 10:08:00,4.228,461.95,123.58,20.175,13.058,26.367,3.1082,179.98,564.11,32.3,33.638,35.695,38.355,10
2022-06-14 10:09:00,3.8926,416.07,123.44,20.368,13.058,26.413,2.7954,182.34,509.43,32.554,34.425,36.506,39.11,10
2022-06-14 10:10:00,6.6063,776.07,124.5,20.344,13.059,26.475,5.2384,180.57,945.87,32.97,35.76,37.323,40.029,10
2022-06-14 10:11:00,3.3687,340.77,123.15,20.227,13.056,26.518,2.2745,183.59,416.52,33.577,36.571,38.302,41.001,10
2022-06-14 10:12:00,5.0425,562.66,123.75,20.223,13.056,26.574,3.8673,179.79,691.0,33.461,36.648,37.969,40.532,10
2022-06-14 10:13:00,2.4918,219.41,122.64,20.286,13.056,26.624,1.5951,171.56,273.29,33.678,36.334,37.609,40.383,10
2022-06-14 10:14:00,3.74,390.41,123.42,20.324,13.053,26.682,2.9273,162.9,475.76,33.342,35.833,37.045,39.746,10
2022-06-14 10:15:00,2.2274,175.94,122.87,20.178,13.053,26.736,1.3375,166.06,222.07,32.934,34.737,35.694,38.069,10
2022-06-14 10:16:00,2.2783,183.27,122.97,19.987,13.053,26.784,1.3706,167.74,230.04,32.61,33.887,34.883,36.797,10
2022-06-14 10:17:00,4.8794,548.08,124.03,20.002,13.053,26.842,3.8773,170.76,659.94,32.497,33.911,34.603,36.769,10
2022-06-14 10:18:00,4.9086,553.14,124.17,19.998,13.055,26.886,3.8559,174.38,672.87,32.792,34.591,35.691,38.266,10
2022-06-14 10:19:00,2.7947,264.54,123.3,19.961,13.053,26.947,1.8684,175.3,327.04,32.666,34.283,35.434,37.712,10
2022-06-14 10:20:00,5.3386,609.05,124.32,20.05,13.054,26.981,4.2526,174.44,737.52,32.621,34.355,35.592,37.996,10
2022-06-14 10:21:00,4.6081,497.37,123.98,20.228,13.053,27.027,3.3747,181.9,611.73,33.325,36.064,37.232,39.659,10
2022-06-14 10:22:00,4.8863,541.88,123.99,20.105,13.053,27.071,3.7195,178.74,662.2,33.229,35.549,36.615,39.18,10
2022-06-14 10:23:00,6.3103,738.0399999999998,124.7,20.088,13.052,27.113,5.1229,175.09,896.65,33.947,37.275,38.387,40.805,10
2022-06-14 10:24:00,6.239,731.35,124.77,20.311,13.053,27.159,4.8553,181.88,883.02,34.673,38.183,39.691,42.55,10
2022-06-14 10:25:00,6.1561,720.08,124.71,20.553,13.051,27.196,4.7267,184.99,874.35,35.217,39.271,40.842,43.809,10
2022-06-14 10:26:00,6.1544,718.14,124.69,20.813,13.049,27.243,4.8082,182.04,875.15,35.619,39.28,41.38,44.626,10
2022-06-14 10:27:00,5.6648,655.0,124.49,20.924,13.049,27.297,4.3244,184.22,797.23,36.144,40.287,42.345,45.62,10
2022-06-14 10:28:00,5.8813,684.72,124.5,20.973,13.046,27.339,4.5077,184.14,829.34,36.413,40.984,43.046,46.121,10
2022-06-14 10:29:00,5.9961,704.17,125.06,21.157,13.045,27.394,4.747,178.86,848.99,37.179,42.181,44.408,47.471,10
2022-06-14 10:30:00,5.9909,702.64,125.27,21.435,13.044,27.439,4.7112,181.44,854.73,37.692,42.562,44.606,47.944,10
2022-06-14 10:31:00,5.9714,702.02,125.41,21.707,13.042,27.488,4.7192,180.26,850.64,37.93,42.764,44.859,48.217,10
2022-06-14 10:32:00,5.9603,699.84,125.32,21.67,13.04,27.545,4.583,184.99,847.6699999999998,38.189,43.186,45.387,48.741,10
2022-06-14 10:33:00,5.9819,700.31,125.29,21.524,13.04,27.605,4.7522,177.84,844.94,38.625,43.958,46.149,49.244,10
2022-06-14 10:34:00,5.9948,700.16,125.26,21.428,13.037,27.677,4.7712,179.3,855.38,38.962,43.824,46.408,49.682,10
2022-06-14 10:35:00,5.9959,700.65,125.19,21.44,13.034,27.727,4.7658,178.22,849.2999999999998,39.652,44.663,47.374,50.107,10
2022-06-14 10:36:00,5.9632,698.8,125.39,21.699,13.033,27.797,4.7811,177.69,849.45,40.23,45.809,48.362,50.676,10
2022-06-14 10:37:00,5.9563,698.03,125.33,21.702,13.031,27.875,4.845,175.03,847.89,40.394,45.639,48.373,51.329,10
2022-06-14 10:38:00,5.9778,701.62,125.37,21.547,13.029,27.939,4.7907,178.05,852.94,40.687,46.638,48.234,51.414,10
2022-06-14 10:39:00,6.0005,702.13,125.35,21.671,13.028,28.008,4.8107,177.71,854.5399999999998,40.873,46.297,48.218,50.564,10
2022-06-14 10:40:00,6.0496,710.63,125.28,21.692,13.026,28.089,4.8798,175.61,856.7999999999998,40.667,44.765,47.494,50.848,10
2022-06-14 10:41:00,6.0835,715.96,125.26,21.384,13.025,28.163,4.8571,178.95,869.08,40.282,44.658,47.734,50.861,10
2022-06-14 10:42:00,6.1149,719.56,125.21,21.296,13.023,28.252,4.8464,178.74,866.2,40.347,45.173,48.252,51.34,10
2022-06-14 10:43:00,6.1273,718.39,125.29,21.335,13.023,28.336,4.8941,178.78,874.88,40.524,45.049,48.099,51.53,10
2022-06-14 10:44:00,6.1622,722.9,125.21,21.394,13.019,28.416,4.9318,178.78,881.61,40.629,45.501,48.482,51.954,10
2022-06-14 10:45:00,6.2338,732.34,124.68,21.512,13.016,28.494,5.0767,174.66,886.5299999999999,40.983,46.957,49.428,52.244,10
2022-06-14 10:46:00,6.0936,711.18,124.64,21.664,13.017,28.597,4.911,175.8,863.1699999999998,41.469,47.702,49.466,52.673,10
2022-06-14 10:47:00,6.044,701.37,124.5,21.821,13.016,28.671,4.8465,176.19,852.89,41.543,47.002,49.048,52.481,10
2022-06-14 10:48:00,6.3425,743.11,124.62,21.863,13.014,28.771,5.1024,176.74,901.7,41.353,46.257,48.895,52.712,10
2022-06-14 10:49:00,6.3849,749.13,124.58,21.618,13.014,28.866,5.0668,178.78,905.62,41.62,46.57,49.425,53.162,10
2022-06-14 10:50:00,6.3892,748.47,124.56,21.772,13.014,28.942,5.1019,177.9,907.42,42.329,48.419,51.327,54.093,10
2022-06-14 10:51:00,6.3665,746.87,124.59,21.985,13.011,29.034,5.108,178.43,911.37,42.939,49.409,51.725,54.69,10
2022-06-14 10:52:00,6.3335,739.11,124.47,22.01,13.009,29.122,5.0201,178.63,896.71,43.252,49.342,51.799,55.179,10
2022-06-14 10:53:00,6.2832,734.35,124.47,22.084,13.008,29.22,5.0049,178.2,891.86,43.225,49.117,51.313,54.924,10
2022-06-14 10:54:00,6.2055,723.32,124.43,22.093,13.006,29.316,5.102,173.38,884.5,43.36,49.146,51.314,54.465,10
2022-06-14 10:55:00,6.1788,720.9,124.4,22.325,13.006,29.41,4.9506,176.68,874.5599999999998,43.633,49.279,51.038,54.082,10
2022-06-14 10:56:00,6.1591,717.74,124.38,22.209,13.004,29.506,4.9501,176.38,873.07,43.78,49.608,50.997,54.125,10
2022-06-14 10:57:00,5.274,596.93,124.05,22.046,13.002,29.608,4.2036,173.65,728.99,43.904,49.368,51.366,54.141,10
2022-06-14 10:58:00,6.1348,712.84,124.34,22.036,13.0,29.707,5.1313,168.56,864.88,43.669,48.518,50.636,54.125,10
2022-06-14 10:59:00,6.0461,705.05,124.37,21.936,13.0,29.812,5.1778,164.41,851.08,43.732,49.328,51.024,54.174,10
2022-06-14 11:00:00,6.1542,714.93,124.42,22.018,12.999,29.907,5.1249,169.49,868.39,43.987,49.43,51.602,54.8,10
2022-06-14 11:01:00,6.1655,717.15,124.18,22.033,13.0,30.012,5.0029,175.12,876.08,44.221,49.292,51.552,55.184,10
2022-06-14 11:02:00,6.1891,718.37,123.9,22.025,12.999,30.11,4.928,177.31,873.6799999999998,44.586,49.973,52.368,55.725,10
2022-06-14 11:03:00,6.2778,731.5,123.94,22.314,12.998,30.209,5.0865,175.07,890.32,45.015,49.169,52.236,55.959,10
2022-06-14 11:04:00,6.3862,742.69,123.93,22.577,12.995,30.315,5.3623,167.65,898.7899999999998,44.762,48.768,51.577,56.15,10
2022-06-14 11:05:00,5.4037,615.44,123.58,22.595,12.994,30.417,4.3926,169.65,745.39,44.902,49.019,52.158,56.499,10
2022-06-14 11:06:00,6.4707,753.07,123.8,22.73,12.993,30.52,5.4479,167.06,910.47,45.099,50.326,51.787,55.28,10
2022-06-14 11:07:00,6.5461,765.99,123.96,22.805,12.992,30.627,5.3549,173.17,927.1,45.498,51.017,52.763,56.05,10
2022-06-14 11:08:00,6.4624,755.87,123.86,22.885,12.993,30.73,5.2316,175.1,916.02,45.739,50.965,53.2,56.345,10
2022-06-14 11:09:00,6.4527,750.25,123.75,22.911,12.993,30.837,5.1992,175.13,910.49,45.889,50.544,52.957,56.784,10
2022-06-14 11:10:00,6.4803,755.34,123.88,22.648,12.991,30.939,5.1543,178.71,921.05,45.519,50.336,52.989,56.76,10
2022-06-14 11:11:00,6.4453,749.2899999999998,123.77,22.476,12.99,31.035,5.0601,180.23,911.96,45.353,49.245,52.493,56.536,10
2022-06-14 11:12:00,6.3949,745.11,123.77,22.586,12.99,31.14,4.9704,182.16,905.33,45.051,49.405,52.522,56.367,10
2022-06-14 11:13:00,6.4216,747.7,123.93,22.745,12.99,31.241,5.1494,177.81,915.5100000000001,44.99,49.215,52.298,56.413,10
2022-06-14 11:14:00,5.1029,573.86,124.42,22.998,12.988,31.341,3.9077,180.91,706.34,44.952,48.34,51.803,56.086,10
2022-06-14 11:15:00,5.8831,690.35,125.32,23.318,12.988,31.445,4.7671,176.18,840.1699999999998,44.798,48.014,51.077,54.718,10
2022-06-14 11:16:00,6.1188,714.67,125.45,23.334,12.987,31.54,4.8845,180.09,878.07,44.683,47.707,50.821,54.626,10
2022-06-14 11:17:00,6.5311,770.4199999999998,125.54,23.288,12.986,31.636,5.2373,179.81,941.7,44.585,47.723,51.115,55.099,10
2022-06-14 11:18:00,6.4359,761.69,125.55,23.261,12.985,31.735,5.1556,179.18,923.68,44.973,48.91,52.362,56.033,10
2022-06-14 11:19:00,6.3466,749.01,125.47,23.444,12.986,31.831,5.067,180.15,912.75,45.358,49.085,52.68,56.48,10
2022-06-14 11:20:00,6.4276,757.87,125.5,23.395,12.983,31.933,5.3152,173.07,919.44,45.56,47.961,52.085,57.066,10
2022-06-14 11:21:00,6.5787,780.0399999999998,125.56,23.229,12.983,32.019,5.5146,171.41,945.04,45.645,48.823,52.47,57.243,10
2022-06-14 11:22:00,6.0066,701.99,125.36,23.155,12.982,32.109,4.9731,171.67,854.11,45.8,49.298,53.337,57.61,10
2022-06-14 11:23:00,5.6546,653.15,125.26,23.154,12.979,32.207,4.5707,174.04,795.08,45.95,50.3,53.633,57.413,10
2022-06-14 11:24:00,6.2828,737.47,125.38,23.271,12.98,32.294,5.3077,169.28,897.86,46.344,51.294,54.181,57.882,10
2022-06-14 11:25:00,3.7119,382.84,124.4,23.318,12.979,32.397,2.8902,162.75,469.22,46.43,50.362,52.784,56.425,10
2022-06-14 11:26:00,4.3048,467.01,124.57,23.491,12.977,32.502,3.5007,163.97,574.32,45.63,48.382,50.524,53.418,10
2022-06-14 11:27:00,6.3916,753.7,125.54,23.392,12.976,32.584,5.6172,163.18,917.38,45.228,47.907,49.831,52.218,10
2022-06-14 11:28:00,3.9292,413.19,124.48,23.13,12.977,32.673,3.1194,163.26,507.66,44.495,46.271,48.733,51.972,10
2022-06-14 11:29:00,5.3251,610.72,125.12,22.747,12.975,32.78,4.5237,164.57,746.4099999999999,44.046,45.698,48.707,51.825,10
2022-06-14 11:30:00,6.1341,717.18,124.73,22.838,12.976,32.857,5.1301,169.29,867.37,44.699,47.161,50.217,53.283,10
2022-06-14 11:31:00,6.0209,694.38,124.75,23.141,12.974,32.95,4.923,172.66,848.82,45.231,48.386,50.935,53.65,10
2022-06-14 11:32:00,6.6523,777.4099999999999,124.98,23.376,12.976,33.037,5.3987,176.72,954.09,45.755,49.453,52.273,54.868,10
2022-06-14 11:33:00,5.8466,674.01,124.58,23.585,12.974,33.114,4.7858,170.81,818.64,46.267,49.032,52.336,55.851,10
2022-06-14 11:34:00,6.3693,740.9299999999998,124.03,23.661,12.975,33.194,5.2437,172.14,902.9,46.507,50.193,52.965,55.963,10
2022-06-14 11:35:00,6.6833,783.52,124.15,23.828,12.973,33.271,5.5359,170.62,944.5100000000001,47.085,51.015,54.135,56.517,10
2022-06-14 11:36:00,6.639,776.7799999999999,124.05,23.815,12.974,33.354,5.3545,176.45,944.61,47.252,51.251,54.048,55.705,10
2022-06-14 11:37:00,6.7333,787.15,124.11,23.508,12.972,33.428,5.635,169.41,954.55,47.55,52.182,54.831,55.426,10
2022-06-14 11:38:00,5.8489,671.89,123.81,23.452,12.972,33.515,4.8601,167.6,813.57,47.873,52.426,54.827,55.181,10
2022-06-14 11:39:00,6.4988,757.46,124.06,23.164,12.973,33.599,5.4011,171.57,926.53,47.663,51.853,54.221,54.548,10
2022-06-14 11:40:00,6.4831,758.5499999999998,123.98,23.139,12.972,33.674,5.258,174.66,918.16,47.814,52.335,54.453,54.236,10
2022-06-14 11:41:00,6.1395,712.09,123.83,23.129,12.971,33.749,5.1471,167.46,862.9299999999998,47.544,51.713,52.988,53.271,10
2022-06-14 11:42:00,4.4206,479.03,123.16,23.109,12.972,33.831,3.4484,169.59,589.54,46.822,50.363,52.111,51.935,10
2022-06-14 11:43:00,6.4891,755.77,123.93,23.143,12.972,33.919,5.2322,176.92,925.78,46.237,49.92,51.151,50.738,10
2022-06-14 11:44:00,6.3792,737.2999999999998,124.02,23.271,12.971,33.985,5.1113,176.21,900.19,45.966,50.061,51.01,51.188,10
2022-06-14 11:45:00,5.6897,650.12,124.05,23.354,12.971,34.071,4.3362,183.94,796.97,45.823,49.499,50.73,50.633,10
2022-06-14 11:46:00,3.8496,404.26,123.22,23.403,12.971,34.138,2.7975,179.21,501.48,45.388,48.575,49.808,49.347,10
2022-06-14 11:47:00,2.4194,197.73,122.52,23.364,12.972,34.208,1.4259,176.69,251.9,44.632,46.455,47.909,47.081,10
2022-06-14 11:48:00,2.6633,236.89,122.44,23.151,12.972,34.273,1.7327,171.08,295.79,43.92,45.019,46.318,45.345,10
2022-06-14 11:49:00,6.3695,737.27,123.96,22.886,12.974,34.34,5.2332,172.75,902.46,43.422,44.788,45.892,44.434,10
2022-06-14 11:50:00,6.7504,789.37,124.14,22.852,12.976,34.396,5.4408,176.23,957.8,43.824,46.689,47.853,46.856,10
2022-06-14 11:51:00,3.4012,345.55,122.9,22.888,12.975,34.461,2.448,173.51,425.48,44.05,46.52,47.899,46.794,10
2022-06-14 11:52:00,2.6443,234.76,122.6,22.793,12.977,34.51,1.7053,171.54,292.35,43.45,45.252,46.417,44.908,10
2022-06-14 11:53:00,2.5562,220.93,122.54,22.888,12.976,34.563,1.651,167.87,276.67,42.451,43.296,44.036,42.477,10
2022-06-14 11:54:00,4.5369,490.84,123.56,22.904,12.979,34.606,3.7001,162.14,602.65,41.58,42.027,43.196,41.256,10
2022-06-14 11:55:00,6.2186,722.36,124.26,22.653,12.979,34.665,5.3274,164.16,874.98,41.562,43.697,44.788,43.164,10
2022-06-14 11:56:00,3.2564,327.28,123.05,22.756,12.979,34.7,2.4337,164.76,401.43,41.489,43.29,44.165,42.684,10
2022-06-14 11:57:00,2.5031,211.7,122.64,22.974,12.98,34.737,1.6015,167.68,268.55,41.155,42.623,43.339,41.98,10
2022-06-14 11:58:00,2.4398,201.78,122.73,23.007,12.982,34.774,1.4787,174.0,257.41,40.737,41.474,42.228,40.504,10
2022-06-14 11:59:00,4.582,495.56,123.51,23.009,12.981,34.809,3.3721,179.95,610.43,40.292,40.885,41.246,39.863,10
2022-06-14 12:00:00,7.2266,850.33,124.22,23.023,12.983,34.84,5.7498,181.52,1044.7,40.437,42.409,42.761,41.231,10
2022-06-14 12:01:00,7.2554,855.08,124.48,22.998,12.983,34.85,5.7228,182.96,1047.7,40.942,44.288,44.867,43.497,10
2022-06-14 12:02:00,4.7843,533.45,123.68,22.866,12.982,34.871,3.4738,187.19,652.63,40.846,44.612,45.109,43.712,10
2022-06-14 12:03:00,5.4215,625.41,124.08,22.845,12.984,34.884,4.0367,187.85,757.2899999999998,41.205,45.429,45.714,44.558,10
2022-06-14 12:04:00,3.6552,384.36,123.3,23.089,12.984,34.887,2.5184,187.45,471.62,41.291,45.368,45.791,44.43,10
2022-06-14 12:05:00,4.8104,538.04,123.65,23.186,12.981,34.922,3.4616,188.97,654.43,41.018,44.447,44.565,43.496,10
2022-06-14 12:06:00,5.7862,663.9,124.01,23.33,12.983,34.925,4.3683,185.75,813.5299999999999,41.126,45.607,45.281,44.731,10
2022-06-14 12:07:00,3.3657,336.55,123.02,23.544,12.984,34.94,2.332,178.24,412.24,40.779,44.074,43.949,43.754,10
2022-06-14 12:08:00,4.1587,452.11,123.53,23.647,12.983,34.962,3.231,172.29,555.25,40.65,44.032,44.275,43.75,10
2022-06-14 12:09:00,4.1873,451.1,123.48,23.495,12.984,34.961,3.3141,165.68,549.28,40.89,44.507,44.989,44.614,10
2022-06-14 12:10:00,2.79,256.22,122.82,23.328,12.985,34.959,1.967,162.57,319.04,40.807,43.823,44.145,43.773,10
2022-06-14 12:11:00,4.3234,469.95,123.51,23.305,12.986,34.959,3.4876,164.26,573.11,40.558,43.041,43.557,42.824,10
2022-06-14 12:12:00,6.757,797.0299999999999,124.56,23.119,12.985,34.959,5.614,172.06,965.56,40.703,44.457,44.905,44.034,10
2022-06-14 12:13:00,6.6087,775.77,124.55,22.959,12.985,34.959,5.3127,177.56,943.25,41.359,45.757,46.336,45.655,10
2022-06-14 12:14:00,6.7036,789.72,124.7,22.845,12.988,34.959,5.3898,177.82,958.46,41.785,46.868,47.328,46.791,10
2022-06-14 12:15:00,6.7915,794.9,124.38,23.157,12.984,34.959,5.3816,180.78,972.71,42.215,47.826,47.989,47.27,10
2022-06-14 12:16:00,6.1281,707.55,124.12,23.339,12.985,34.96,4.7946,180.58,866.23,42.52,48.71,48.927,47.923,10
2022-06-14 12:17:00,6.5363,759.86,124.39,23.638,12.986,34.96,5.2138,177.96,928.11,42.963,49.474,49.839,49.535,10
2022-06-14 12:18:00,6.1758,716.23,124.49,23.853,12.984,34.96,4.8164,181.68,875.2999999999998,43.34,50.029,49.962,49.921,10
2022-06-14 12:19:00,5.4673,617.75,124.14,23.838,12.983,34.96,3.9709,189.79,755.96,43.17,49.43,49.423,49.024,10
2022-06-14 12:20:00,6.7926,797.64,124.64,23.975,12.984,34.96,5.0988,190.65,972.04,43.503,50.247,50.608,50.449,10
2022-06-14 12:21:00,6.7428,793.02,124.56,24.163,12.982,34.96,5.0477,190.55,961.62,44.056,51.283,51.588,51.866,10
2022-06-14 12:22:00,6.7117,788.25,124.4,24.408,12.982,34.96,5.0026,190.81,954.48,44.255,50.79,51.136,51.251,10
2022-06-14 12:23:00,6.7794,794.62,124.44,24.401,12.98,34.967,5.0238,191.96,964.03,44.296,51.045,51.714,51.412,10
2022-06-14 12:24:00,6.7421,789.8099999999998,124.43,24.387,12.978,34.974,5.1059,188.12,960.49,44.753,51.849,52.212,52.09,10
2022-06-14 12:25:00,6.6763,783.0399999999998,124.38,24.283,12.979,34.973,4.9964,191.48,956.69,44.755,51.375,51.644,51.272,10
2022-06-14 12:26:00,6.6278,777.5499999999998,124.37,24.384,12.978,34.995,4.9041,193.79,950.33,44.649,51.597,52.295,51.99,10
2022-06-14 12:27:00,6.6029,775.5399999999998,124.38,24.41,12.975,34.993,4.8923,192.88,943.59,44.833,51.68,52.418,51.664,10
2022-06-14 12:28:00,6.4168,748.52,124.23,24.708,12.976,34.992,4.7396,192.58,913.29,45.206,52.273,53.274,52.292,10
2022-06-14 12:29:00,6.6816,784.44,124.32,25.082,12.973,35.011,5.044,190.08,958.75,45.521,52.767,53.611,52.655,10
2022-06-14 12:30:00,6.6577,780.52,124.19,25.284,12.973,35.031,5.0453,188.24,949.68,46.055,53.443,54.545,54.064,10
2022-06-14 12:31:00,6.216,724.1799999999998,124.18,25.2,12.972,35.057,4.7523,186.04,885.1599999999999,46.442,53.309,54.467,53.788,10
2022-06-14 12:32:00,6.4621,753.95,124.17,24.822,12.972,35.069,4.933,186.52,919.91,45.94,52.252,53.521,51.866,10
2022-06-14 12:33:00,6.4682,754.52,124.16,24.628,12.971,35.092,4.8896,187.87,918.59,46.006,53.26,53.947,52.618,10
2022-06-14 12:34:00,6.4346,752.0599999999998,124.07,24.921,12.971,35.115,4.9055,186.58,915.24,46.141,53.394,54.35,53.228,10
2022-06-14 12:35:00,6.4404,751.0,124.15,25.051,12.97,35.143,4.8911,187.53,917.24,46.494,53.389,54.529,52.923,10
2022-06-14 12:36:00,6.4539,753.36,124.12,25.047,12.972,35.147,4.8006,191.79,920.65,46.538,53.169,54.012,52.613,10
2022-06-14 12:37:00,6.4759,757.4199999999998,124.3,25.012,12.969,35.179,4.8566,189.14,918.54,46.539,53.339,53.955,52.983,10
2022-06-14 12:38:00,6.4828,759.4299999999998,124.32,24.966,12.969,35.195,4.8939,189.13,925.5,46.711,53.426,54.167,52.778,10
2022-06-14 12:39:00,6.4265,749.2799999999999,124.23,25.019,12.969,35.23,4.9126,186.14,914.31,47.121,54.41,54.938,54.309,10
2022-06-14 12:40:00,6.4202,754.14,124.09,25.024,12.967,35.262,4.8912,186.99,914.5100000000001,47.468,54.852,55.733,55.474,10
2022-06-14 12:41:00,6.3095,734.7799999999999,123.96,25.142,12.964,35.294,4.7723,187.76,896.0599999999998,47.896,55.717,56.074,56.017,10
2022-06-14 12:42:00,5.5308,630.93,123.66,25.303,12.965,35.31,4.0495,191.03,774.39,48.017,55.259,55.752,55.881,10
2022-06-14 12:43:00,6.3686,740.33,123.91,25.409,12.963,35.352,4.7682,190.74,909.41,48.102,55.018,55.857,56.416,10
2022-06-14 12:44:00,6.4024,744.76,123.89,25.413,12.961,35.39,4.8871,185.09,904.45,48.299,54.879,55.895,56.039,10
2022-06-14 12:45:00,6.4788,751.49,123.36,24.754,12.96,35.443,4.8633,189.43,921.06,47.503,53.42,54.286,54.3,10
2022-06-14 12:46:00,6.4618,751.3099999999998,123.46,24.736,12.961,35.455,4.8143,191.38,921.27,47.156,53.663,54.596,53.703,10
2022-06-14 12:47:00,6.4868,756.14,123.49,24.915,12.96,35.494,4.7599,193.18,919.49,47.104,52.794,54.24,52.359,10
2022-06-14 12:48:00,6.4113,748.4299999999998,123.74,24.911,12.961,35.54,4.7847,189.97,908.8900000000002,47.192,53.162,54.865,52.972,10
2022-06-14 12:49:00,6.4086,747.1,123.88,25.059,12.96,35.569,4.6677,196.69,918.02,47.295,53.13,54.416,52.52,10
2022-06-14 12:50:00,5.8788,677.09,123.65,25.318,12.961,35.608,4.2905,194.41,833.2899999999998,47.108,52.633,54.175,51.875,10
2022-06-14 12:51:00,5.7521,660.94,123.54,25.256,12.959,35.655,4.1769,192.26,802.34,47.39,53.024,54.572,52.363,10
2022-06-14 12:52:00,5.0162,560.97,123.17,25.179,12.96,35.7,3.4991,195.65,685.41,47.504,53.013,53.682,52.094,10
2022-06-14 12:53:00,5.9742,689.43,123.62,25.137,12.959,35.732,4.3748,190.89,835.23,47.224,51.556,52.539,51.172,10
2022-06-14 12:54:00,6.5576,766.39,123.85,25.028,12.961,35.773,4.9445,189.11,935.97,47.185,52.313,53.232,51.489,10
2022-06-14 12:55:00,6.5122,758.7899999999998,123.82,25.332,12.961,35.806,4.7594,193.95,923.43,47.272,52.284,53.273,51.461,10
2022-06-14 12:56:00,6.7695,791.76,123.97,25.479,12.96,35.857,4.8866,198.22,968.59,47.299,52.87,53.992,52.463,10
2022-06-14 12:57:00,6.6775,781.11,123.93,25.733,12.96,35.899,4.9317,194.24,957.86,47.588,52.952,53.93,53.043,10
2022-06-14 12:58:00,6.6894,781.86,123.84,26.032,12.957,35.922,5.0007,190.88,954.44,47.498,53.239,53.674,53.426,10
2022-06-14 12:59:00,6.655,779.62,123.88,25.968,12.957,35.977,4.8879,194.0,948.17,47.373,53.123,53.413,53.441,10
2022-06-14 13:00:00,5.4531,617.44,123.26,26.007,12.957,36.009,3.863,195.21,754.0599999999998,47.242,52.944,53.275,53.727,10
2022-06-14 13:01:00,4.6583,518.85,123.11,26.027,12.956,36.045,3.2878,193.35,635.82,46.876,51.263,52.368,52.334,10
2022-06-14 13:02:00,6.2761,727.69,123.77,25.932,12.954,36.078,4.6826,189.88,888.9,46.416,50.467,51.666,50.998,10
2022-06-14 13:03:00,3.146,296.83,122.41,25.592,12.956,36.115,1.9698,186.55,367.86,46.044,49.812,50.751,50.253,10
2022-06-14 13:04:00,5.0908,574.74,123.21,25.719,12.956,36.161,3.9354,179.04,705.55,45.679,48.962,49.902,49.326,10
2022-06-14 13:05:00,2.0884,138.42,121.9,25.841,12.956,36.195,1.0343,175.48,181.52,45.462,47.964,48.96,48.239,10
2022-06-14 13:06:00,2.9197,265.13,122.29,25.804,12.954,36.233,1.8927,171.83,329.35,44.721,46.092,46.932,46.417,10
2022-06-14 13:07:00,5.0045,563.16,123.33,25.813,12.956,36.282,3.8162,179.76,686.4,44.638,46.461,47.219,47.313,10
2022-06-14 13:08:00,4.5205,489.47,123.07,25.879,12.957,36.312,3.3742,178.78,598.43,44.553,45.924,46.744,46.69,10
2022-06-14 13:09:00,6.72,786.36,123.93,25.723,12.955,36.349,5.4047,177.16,957.48,44.68,47.047,47.979,47.953,10
2022-06-14 13:10:00,6.6309,773.99,123.83,25.818,12.956,36.372,5.3085,177.87,944.15,45.425,48.506,49.477,49.517,10
2022-06-14 13:11:00,6.5899,768.36,123.9,25.84,12.957,36.406,5.245,178.86,938.09,45.63,48.399,49.598,49.464,10
2022-06-14 13:12:00,6.5806,768.08,123.89,25.946,12.954,36.429,5.3202,175.93,935.74,45.651,49.153,50.146,50.067,10
2022-06-14 13:13:00,6.2814,729.98,123.75,25.773,12.954,36.469,5.0813,175.3,891.0599999999998,46.05,50.046,51.113,51.127,10
2022-06-14 13:14:00,6.3737,741.13,123.99,25.673,12.952,36.496,5.1291,175.28,899.01,46.258,50.33,51.386,50.91,10
2022-06-14 13:15:00,6.2897,733.23,124.21,25.713,12.95,36.529,5.0112,177.25,888.15,46.481,50.958,52.11,51.637,10
2022-06-14 13:16:00,6.2058,720.11,124.1,25.904,12.949,36.542,4.8809,179.68,876.89,46.408,50.349,51.753,51.219,10
2022-06-14 13:17:00,6.1655,717.42,124.11,25.857,12.952,36.593,4.8704,179.76,875.44,46.388,50.578,52.04,51.033,10
2022-06-14 13:18:00,6.1968,720.73,124.09,25.878,12.948,36.615,4.9667,176.92,878.6699999999998,46.423,50.85,51.556,51.492,10
2022-06-14 13:19:00,6.2331,727.48,124.05,25.93,12.948,36.665,4.9762,177.6,883.61,46.199,50.833,51.519,51.752,10
2022-06-14 13:20:00,6.2726,731.0299999999999,123.98,26.038,12.946,36.682,4.9498,179.64,889.12,46.165,51.311,51.939,52.54,10
2022-06-14 13:21:00,5.4179,618.12,123.74,26.275,12.946,36.706,4.2704,177.31,755.12,46.073,50.572,51.117,52.042,10
2022-06-14 13:22:00,6.4086,750.4099999999999,124.13,26.396,12.945,36.749,5.1057,179.05,914.03,45.9,50.361,51.126,51.249,10
2022-06-14 13:23:00,3.2859,325.13,122.92,26.406,12.943,36.794,2.2285,180.07,403.62,45.719,49.487,50.391,49.987,10
2022-06-14 13:24:00,3.3836,344.29,122.69,26.543,12.943,36.821,2.42,175.33,424.25,45.143,47.768,48.725,48.959,10
2022-06-14 13:25:00,2.8148,263.83,122.58,26.44,12.945,36.861,1.9451,168.44,327.43,44.842,46.706,47.658,47.859,10
2022-06-14 13:26:00,2.857,258.57,122.56,26.144,12.945,36.913,1.8806,171.76,322.4,44.451,45.705,46.546,46.606,10
2022-06-14 13:27:00,3.7692,377.69,122.98,26.141,12.944,36.943,2.6706,175.4,469.89,43.981,44.586,45.4,45.531,10
2022-06-14 13:28:00,6.5276,762.9,124.18,26.199,12.943,36.976,5.2413,177.4,929.61,44.132,45.596,46.173,46.468,10
2022-06-14 13:29:00,6.4259,747.22,123.95,26.167,12.945,37.004,5.0557,180.15,910.73,44.376,46.52,47.364,47.479,10
2022-06-14 13:30:00,6.3145,734.6,124.01,26.143,12.947,37.034,5.0301,177.77,894.19,44.548,47.491,47.997,48.149,10
2022-06-14 13:31:00,6.2294,721.21,123.97,26.168,12.946,37.064,5.006,176.2,882.11,44.957,49.041,49.431,49.779,10
2022-06-14 13:32:00,5.7406,654.16,123.75,26.362,12.943,37.096,4.6665,171.65,800.26,45.518,49.475,50.094,51.103,10
2022-06-14 13:33:00,5.9575,688.61,123.73,26.422,12.944,37.13,4.9145,170.54,838.27,45.493,49.472,50.225,51.512,10
2022-06-14 13:34:00,4.7255,522.78,123.23,26.392,12.943,37.16,3.742,169.18,635.4,45.662,49.43,50.279,51.06,10
2022-06-14 13:35:00,5.3693,610.74,123.4,26.532,12.942,37.178,4.2882,173.38,742.61,45.395,48.516,49.5,50.058,10
2022-06-14 13:36:00,4.3983,464.8,122.96,26.48,12.941,37.226,3.1792,180.39,575.82,45.121,47.815,48.944,49.285,10
2022-06-14 13:37:00,6.0693,704.72,123.73,26.345,12.94,37.246,4.7545,180.03,856.8099999999998,44.638,47.15,48.128,48.059,10
2022-06-14 13:38:00,6.1728,716.6,123.48,26.092,12.943,37.299,4.7554,183.29,871.6799999999998,44.475,47.352,48.461,48.117,10
2022-06-14 13:39:00,6.1375,709.19,123.47,26.044,12.941,37.323,4.782,180.99,865.46,44.578,47.697,48.902,48.851,10
2022-06-14 13:40:00,6.1006,706.09,123.43,26.138,12.941,37.329,4.6742,184.07,860.33,44.68,48.169,49.232,49.289,10
2022-06-14 13:41:00,6.0995,704.87,123.36,26.384,12.94,37.362,4.7794,179.81,859.32,44.972,48.941,49.601,49.591,10
2022-06-14 13:42:00,6.0511,698.17,123.43,26.583,12.94,37.393,4.7731,177.45,846.94,45.138,48.911,49.89,49.967,10
2022-06-14 13:43:00,5.9999,693.84,123.54,26.629,12.942,37.43,4.6905,179.24,840.69,45.236,49.643,50.363,50.795,10
2022-06-14 13:44:00,5.9467,688.85,123.74,26.741,12.94,37.443,4.6626,180.62,842.1,45.386,49.343,50.27,50.761,10
2022-06-14 13:45:00,5.9008,683.06,123.66,26.459,12.939,37.481,4.8011,173.31,832.0,45.319,48.915,50.546,50.649,10
2022-06-14 13:46:00,5.939,685.64,123.6,26.369,12.94,37.504,4.6914,177.16,831.0299999999999,45.493,48.835,50.226,50.323,10
2022-06-14 13:47:00,5.4778,623.74,123.37,26.339,12.94,37.551,4.1919,180.78,759.86,45.2,48.43,49.656,49.687,10
2022-06-14 13:48:00,2.0829,135.15,121.81,26.319,12.94,37.569,0.99745,178.26,177.36,44.532,46.591,47.904,47.492,10
2022-06-14 13:49:00,5.3105,600.18,123.23,26.086,12.938,37.609,4.165,174.87,727.97,43.755,45.23,46.297,46.22,10
2022-06-14 13:50:00,3.5413,333.88,122.4,26.087,12.939,37.64,2.4337,170.36,413.59,43.624,45.312,46.545,46.311,10
2022-06-14 13:51:00,3.3784,327.51,122.25,26.284,12.939,37.647,2.4534,164.51,402.56,42.894,43.465,44.697,44.174,10
2022-06-14 13:52:00,5.7018,653.38,123.49,26.186,12.939,37.681,4.7427,167.2,793.1799999999998,42.485,43.54,44.492,44.286,10
2022-06-14 13:53:00,5.8556,675.13,123.52,26.089,12.943,37.705,4.7268,173.78,821.35,42.487,44.214,45.153,44.968,10
2022-06-14 13:54:00,5.8545,674.1,123.62,26.067,12.942,37.729,4.605,178.66,822.6599999999999,42.605,45.112,45.822,46.208,10
2022-06-14 13:55:00,5.8256,669.4,123.62,26.082,12.939,37.749,4.5572,178.26,812.3099999999998,42.886,45.539,46.491,46.804,10
2022-06-14 13:56:00,5.7747,664.01,123.61,26.18,12.94,37.77,4.467,181.61,811.13,43.144,46.367,47.232,47.441,10
2022-06-14 13:57:00,5.713,656.74,123.6,26.269,12.94,37.787,4.3462,184.77,802.9199999999998,43.644,47.667,48.269,48.882,10
2022-06-14 13:58:00,5.6871,653.83,123.63,26.415,12.941,37.811,4.38,181.95,796.85,43.799,47.732,48.099,48.606,10
2022-06-14 13:59:00,5.6753,653.11,123.56,26.39,12.942,37.811,4.3508,184.15,801.1699999999998,43.578,47.519,48.183,48.563,10
2022-06-14 14:00:00,5.6789,650.72,123.51,26.447,12.939,37.811,4.3367,184.31,799.2899999999998,43.617,47.546,48.11,48.171,10
2022-06-14 14:01:00,5.647,651.47,123.79,26.198,12.939,37.831,4.3816,181.07,793.32,43.359,47.136,47.516,47.933,10
2022-06-14 14:02:00,5.6305,646.09,123.83,26.263,12.94,37.859,4.3436,182.29,791.64,43.213,47.553,47.691,48.249,10
2022-06-14 14:03:00,5.595,643.29,123.78,26.204,12.941,37.876,4.3177,181.72,784.5,43.407,47.641,48.235,48.339,10
2022-06-14 14:04:00,5.6062,644.78,123.67,26.003,12.941,37.89,4.3789,177.86,778.8099999999998,43.45,47.634,48.206,48.333,10
2022-06-14 14:05:00,5.596,643.63,123.57,26.011,12.939,37.893,4.4084,177.16,780.94,43.395,47.919,48.65,48.483,10
2022-06-14 14:06:00,5.6027,643.51,123.76,26.003,12.939,37.893,4.4376,176.66,783.84,43.559,48.518,49.238,49.457,10
2022-06-14 14:07:00,5.6145,647.58,123.8,26.266,12.938,37.924,4.3783,179.93,787.76,43.828,48.613,49.586,50.714,10
2022-06-14 14:08:00,5.5292,634.79,123.82,26.577,12.937,37.966,4.2555,181.55,772.4199999999998,44.058,49.023,49.877,50.799,10
2022-06-14 14:09:00,5.4673,626.25,123.75,26.782,12.941,37.976,4.1843,182.06,761.7799999999999,44.291,49.707,50.416,51.562,10
2022-06-14 14:10:00,5.3509,610.52,123.69,27.029,12.939,37.976,4.0994,181.96,745.8099999999998,44.259,49.018,50.025,50.836,10
2022-06-14 14:11:00,5.4615,625.47,123.83,27.187,12.938,37.976,4.1945,181.14,759.72,44.286,49.03,50.021,50.603,10
2022-06-14 14:12:00,5.4494,626.43,123.84,27.16,12.939,37.976,4.2403,179.6,761.4299999999998,43.986,48.463,49.288,50.347,10
2022-06-14 14:13:00,4.8476,541.19,123.58,26.889,12.936,37.976,3.6753,180.04,661.11,43.638,47.949,48.797,49.91,10
2022-06-14 14:14:00,4.2376,458.64,123.1,26.857,12.935,37.986,3.0394,184.75,561.73,43.49,47.467,48.645,49.498,10
2022-06-14 14:15:00,5.446,619.63,123.27,27.031,12.934,38.017,4.0696,184.94,752.57,43.688,47.729,48.524,49.674,10
2022-06-14 14:16:00,5.4126,618.18,122.97,27.086,12.936,38.013,4.0639,184.74,750.58,43.574,47.913,48.403,49.971,10
2022-06-14 14:17:00,5.3523,605.53,122.71,27.053,12.937,38.02,4.1046,180.88,742.34,43.497,47.794,48.229,49.677,10
2022-06-14 14:18:00,5.2225,591.12,122.65,26.743,12.935,38.055,4.0051,180.71,723.89,43.283,47.437,48.031,48.823,10
2022-06-14 14:19:00,5.3887,610.21,122.77,26.723,12.937,38.056,4.1396,180.65,747.73,43.397,47.395,48.156,48.865,10
2022-06-14 14:20:00,5.3593,609.27,122.88,26.611,12.937,38.087,4.155,178.59,741.95,43.171,47.015,47.613,48.172,10
2022-06-14 14:21:00,5.3485,606.97,122.37,26.604,12.936,38.098,4.0601,181.96,738.7,42.889,46.649,47.414,47.963,10
2022-06-14 14:22:00,5.3518,606.3,122.39,26.744,12.935,38.098,4.0771,181.71,740.77,42.759,46.43,46.917,47.882,10
2022-06-14 14:23:00,5.3309,603.82,122.49,26.716,12.936,38.098,4.1081,179.14,735.9099999999999,42.605,46.184,46.972,47.694,10
2022-06-14 14:24:00,5.3241,604.82,122.52,26.615,12.937,38.123,4.0592,180.69,733.4099999999999,42.523,45.813,46.868,47.063,10
2022-06-14 14:25:00,5.3032,601.32,122.57,26.492,12.936,38.14,4.0318,181.18,730.45,42.528,45.874,47.049,47.093,10
2022-06-14 14:26:00,5.2891,595.72,122.49,26.508,12.936,38.14,4.0689,180.14,732.88,42.312,45.494,46.491,46.567,10
2022-06-14 14:27:00,5.2652,595.75,122.14,26.229,12.935,38.14,4.0251,180.99,728.4099999999999,41.91,45.264,46.307,46.241,10
2022-06-14 14:28:00,5.249,589.69,122.42,26.192,12.938,38.148,3.9506,183.5,724.9,41.847,45.382,46.409,46.205,10
2022-06-14 14:29:00,5.2096,587.34,122.5,26.124,12.938,38.183,3.9141,182.88,715.78,41.942,45.419,46.556,46.36,10
2022-06-14 14:30:00,5.1931,582.17,122.4,26.086,12.939,38.183,3.8971,182.72,712.03,41.855,45.298,46.502,46.062,10
2022-06-14 14:31:00,5.1648,581.75,122.4,26.186,12.939,38.183,3.8911,182.27,709.1,42.069,46.037,47.039,47.017,10
2022-06-14 14:32:00,5.1676,582.46,122.4,26.559,12.939,38.183,3.8612,183.87,709.9,42.023,46.105,46.778,47.434,10
2022-06-14 14:33:00,4.7958,529.76,122.23,26.741,12.94,38.187,3.6051,179.9,648.8,42.089,46.229,46.999,47.647,10
2022-06-14 14:34:00,4.5317,498.14,122.25,26.859,12.94,38.19,3.4252,178.56,611.05,42.008,46.045,47.087,47.598,10
2022-06-14 14:35:00,5.1797,585.7,123.15,26.83,12.937,38.201,4.0497,177.46,718.58,42.086,46.174,47.128,47.666,10
2022-06-14 14:36:00,5.1618,579.52,123.0,26.688,12.936,38.208,4.02,176.22,708.32,42.439,46.718,47.646,48.405,10
2022-06-14 14:37:00,5.1794,584.65,122.92,26.518,12.938,38.211,3.9326,181.24,712.69,42.624,47.539,48.107,49.007,10
2022-06-14 14:38:00,5.183,587.95,122.9,26.763,12.938,38.208,3.847,185.88,714.96,42.918,47.621,48.508,49.556,10
2022-06-14 14:39:00,5.2113,590.1,122.92,26.771,12.936,38.211,3.7663,191.17,719.91,42.851,46.821,47.914,48.543,10
2022-06-14 14:40:00,5.183,585.37,122.94,26.675,12.937,38.222,3.801,188.33,715.81,42.716,47.011,47.642,48.344,10
2022-06-14 14:41:00,5.1833,587.43,122.92,26.614,12.936,38.222,3.7959,188.82,716.67,42.74,47.11,47.703,48.242,10
2022-06-14 14:42:00,5.134,580.49,122.91,26.816,12.933,38.208,3.6024,197.2,710.33,42.796,46.983,47.732,48.701,10
2022-06-14 14:43:00,5.0174,565.94,122.86,26.941,12.933,38.226,3.4761,198.67,690.67,42.847,46.722,47.488,48.437,10
2022-06-14 14:44:00,5.1973,588.89,122.94,26.675,12.937,38.226,3.7329,192.52,718.61,42.685,46.607,47.655,48.007,10
2022-06-14 14:45:00,5.167,584.01,122.87,26.523,12.933,38.226,3.738,191.8,716.92,42.726,46.577,47.369,47.768,10
2022-06-14 14:46:00,5.1514,582.05,122.9,26.492,12.933,38.226,3.6823,193.58,712.77,42.445,45.976,46.935,47.103,10
2022-06-14 14:47:00,5.1456,579.66,122.96,26.506,12.933,38.226,3.717,189.5,704.32,42.21,45.988,46.899,47.285,10
2022-06-14 14:48:00,5.1497,582.3,122.94,26.626,12.933,38.226,3.6938,192.76,711.89,42.096,45.908,46.805,46.931,10
2022-06-14 14:49:00,5.1266,579.6,122.93,26.639,12.934,38.226,3.6221,196.63,712.21,42.113,45.979,47.108,47.291,10
2022-06-14 14:50:00,5.1117,579.04,122.91,26.633,12.934,38.226,3.6486,194.18,708.32,42.076,45.95,47.204,47.076,10
2022-06-14 14:51:00,5.1276,579.11,122.93,26.654,12.935,38.23,3.6458,195.39,712.2,42.048,46.003,47.375,47.142,10
2022-06-14 14:52:00,5.1345,580.62,122.94,26.728,12.931,38.248,3.6378,194.25,706.53,42.146,46.279,47.506,47.72,10
2022-06-14 14:53:00,5.1185,579.01,122.9,26.848,12.932,38.272,3.6016,195.86,705.29,42.249,46.249,47.444,47.779,10
2022-06-14 14:54:00,4.7674,531.39,122.77,26.879,12.932,38.271,3.4129,188.53,644.45,42.04,45.858,47.159,47.345,10
2022-06-14 14:55:00,4.9338,552.54,122.82,26.87,12.932,38.271,3.6421,184.49,671.88,41.877,45.883,47.151,47.632,10
2022-06-14 14:56:00,5.0863,574.55,122.86,26.921,12.931,38.271,3.7082,188.82,700.06,42.14,46.329,47.813,48.023,10
2022-06-14 14:57:00,5.0089,563.14,122.84,26.997,12.931,38.271,3.606,191.03,688.8,42.377,46.314,47.642,48.132,10
2022-06-14 14:58:00,4.9283,553.19,122.86,26.821,12.932,38.271,3.5339,192.4,679.85,42.205,46.158,47.564,47.722,10
2022-06-14 14:59:00,4.8928,549.43,122.78,26.711,12.931,38.271,3.4023,197.37,671.44,42.337,46.456,47.601,48.252,10
2022-06-14 15:00:00,4.9272,552.38,122.77,26.787,12.931,38.27,3.4552,194.89,673.35,42.211,45.909,47.214,47.703,10
2022-06-14 15:01:00,4.9151,551.85,122.71,26.873,12.929,38.284,3.4616,194.26,672.33,42.191,46.064,47.15,47.708,10
2022-06-14 15:02:00,4.8931,548.34,122.67,27.045,12.931,38.309,3.4161,196.43,670.92,42.158,45.743,47.03,47.163,10
2022-06-14 15:03:00,4.8248,539.39,122.63,27.079,12.933,38.312,3.3995,193.82,658.87,41.83,45.031,46.333,46.531,10
2022-06-14 15:04:00,4.8201,539.24,122.67,26.895,12.934,38.312,3.4426,191.56,659.45,41.378,44.396,45.812,45.879,10
2022-06-14 15:05:00,4.7959,535.98,122.61,26.73,12.931,38.312,3.3599,195.53,656.89,41.085,44.273,45.691,45.441,10
2022-06-14 15:06:00,4.7714,530.98,122.61,26.714,12.933,38.311,3.3442,194.84,651.55,41.033,44.203,45.62,45.775,10
2022-06-14 15:07:00,4.7247,529.69,123.05,26.915,12.934,38.35,3.3086,196.63,650.5,41.045,44.542,45.708,46.315,10
2022-06-14 15:08:00,4.682,520.93,123.07,27.005,12.935,38.353,3.2225,198.85,640.72,40.867,44.379,45.43,45.905,10
2022-06-14 15:09:00,4.7662,532.92,123.13,26.801,12.932,38.353,3.3502,195.29,654.26,40.73,44.599,45.5,46.245,10
2022-06-14 15:10:00,4.7348,531.32,123.22,26.91,12.932,38.353,3.2597,199.4,649.9,40.857,44.817,45.916,46.968,10
2022-06-14 15:11:00,4.7313,532.13,123.45,27.077,12.931,38.353,3.344,194.24,649.52,40.9,44.85,45.826,47.288,10
2022-06-14 15:12:00,4.6933,526.7,123.46,26.776,12.931,38.353,3.317,194.04,643.47,40.735,44.995,46.03,47.472,10
2022-06-14 15:13:00,4.6812,525.03,123.4,26.654,12.931,38.367,3.265,197.38,644.34,40.716,44.758,45.749,46.812,10
2022-06-14 15:14:00,4.6834,523.09,123.41,26.682,12.932,38.395,3.2734,195.77,640.78,40.526,44.782,45.363,46.845,10
2022-06-14 15:15:00,4.6525,520.36,123.55,26.966,12.929,38.395,3.3124,191.4,633.91,40.59,44.857,45.643,47.069,10
2022-06-14 15:16:00,4.6514,518.66,123.4,27.071,12.928,38.395,3.2246,198.06,638.65,40.464,44.744,45.317,47.118,10
2022-06-14 15:17:00,4.5986,512.58,123.32,27.008,12.929,38.395,3.2215,195.01,628.2,40.283,44.419,45.08,46.521,10
2022-06-14 15:18:00,4.5584,507.68,123.34,26.834,12.929,38.402,3.2871,187.58,616.58,40.226,44.476,45.134,46.636,10
2022-06-14 15:19:00,4.5439,505.24,123.32,26.757,12.928,38.433,3.1909,193.9,618.7,40.229,43.998,45.199,46.184,10
2022-06-14 15:20:00,4.5238,503.34,123.27,26.791,12.929,38.437,3.1606,194.64,615.15,40.253,44.098,45.143,45.965,10
2022-06-14 15:21:00,4.4927,498.44,123.23,26.839,12.929,38.437,3.1274,195.59,611.63,40.167,43.93,45.01,45.551,10
2022-06-14 15:22:00,4.4495,492.74,123.17,27.022,12.929,38.437,3.1016,194.86,604.38,40.163,44.002,45.17,45.615,10
2022-06-14 15:23:00,4.4054,488.01,123.18,26.935,12.93,38.437,3.0251,197.11,596.2,40.121,43.935,44.99,45.435,10
2022-06-14 15:24:00,4.3757,485.14,123.17,26.908,12.929,38.437,3.0673,193.57,593.63,40.152,44.177,44.937,45.313,10
2022-06-14 15:25:00,4.3565,482.24,123.17,26.827,12.929,38.451,3.0609,193.28,591.54,40.098,43.527,44.554,44.615,10
2022-06-14 15:26:00,4.3402,478.56,123.22,26.825,12.929,38.447,2.9744,196.91,585.67,39.984,43.313,44.226,44.579,10
2022-06-14 15:27:00,4.3229,478.44,123.26,26.913,12.929,38.461,2.9939,195.95,586.59,39.807,43.029,43.846,44.252,10
2022-06-14 15:28:00,4.3193,477.66,123.13,26.709,12.931,38.465,2.9739,195.7,581.92,39.656,42.793,43.646,43.941,10
2022-06-14 15:29:00,4.2929,471.8,123.2,26.548,12.931,38.475,2.9739,195.73,582.0,39.48,42.458,43.512,43.906,10
2022-06-14 15:30:00,3.3491,332.35,122.89,26.461,12.931,38.479,2.1995,188.21,413.4,39.375,42.331,43.01,43.483,10
2022-06-14 15:31:00,4.2117,463.48,123.66,26.423,12.931,38.479,3.0206,187.02,564.6,39.206,42.02,43.013,43.318,10
2022-06-14 15:32:00,4.3166,478.65,123.72,26.646,12.932,38.479,3.0178,194.9,588.06,39.071,41.729,42.801,43.057,10
2022-06-14 15:33:00,4.3138,478.39,123.67,26.692,12.931,38.479,3.0043,195.13,586.2,38.948,41.531,42.815,42.806,10
2022-06-14 15:34:00,4.3014,475.63,123.62,26.617,12.931,38.479,2.9395,196.96,578.92,38.989,41.975,42.992,42.816,10
2022-06-14 15:35:00,4.3105,475.98,123.39,26.71,12.935,38.468,2.9958,194.51,582.69,38.973,41.953,42.92,42.824,10
2022-06-14 15:36:00,4.2525,470.05,123.45,26.826,12.933,38.461,2.9583,194.17,574.41,38.852,41.694,42.722,42.702,10
2022-06-14 15:37:00,4.2258,466.05,123.49,26.803,12.932,38.447,2.9333,194.21,569.64,38.671,41.548,42.603,42.172,10
2022-06-14 15:38:00,4.2178,464.66,123.46,26.789,12.934,38.444,2.9888,190.66,569.84,38.606,41.409,42.426,42.192,10
2022-06-14 15:39:00,4.245,469.55,123.51,26.772,12.934,38.436,2.9184,196.71,574.01,38.54,41.473,42.533,42.276,10
2022-06-14 15:40:00,4.2227,464.52,123.55,26.765,12.934,38.436,2.8881,197.62,570.72,38.617,41.477,42.559,42.235,10
2022-06-14 15:41:00,4.1848,459.4,123.63,26.689,12.933,38.437,2.8901,195.53,565.06,38.525,41.429,42.449,42.08,10
2022-06-14 15:42:00,4.1124,452.3,123.55,26.81,12.934,38.43,2.8651,192.93,552.74,38.504,41.465,42.74,42.329,10
2022-06-14 15:43:00,4.0626,443.65,123.5,26.901,12.933,38.398,2.8372,190.73,541.04,38.514,41.329,42.418,42.172,10
2022-06-14 15:44:00,4.0359,442.71,124.01,27.046,12.935,38.394,2.8271,191.3,540.77,38.475,41.447,42.567,42.417,10
2022-06-14 15:45:00,4.0667,445.81,124.07,27.075,12.935,38.394,2.8906,189.95,549.04,38.441,41.585,42.571,42.409,10
2022-06-14 15:46:00,4.1168,453.39,123.84,26.882,12.935,38.355,2.8455,195.19,555.42,38.29,41.183,42.233,42.1,10
2022-06-14 15:47:00,4.1464,454.07,123.2,26.689,12.934,38.348,2.8675,192.79,552.74,38.27,41.348,42.465,42.316,10
2022-06-14 15:48:00,4.153,451.62,122.03,26.54,12.936,38.348,2.8011,196.94,551.59,38.276,41.328,42.551,42.313,10
2022-06-14 15:49:00,4.0842,442.03,122.25,26.595,12.935,38.317,2.7856,195.76,545.3,38.137,41.296,42.428,42.439,10
2022-06-14 15:50:00,4.0163,433.26,122.22,26.618,12.937,38.307,2.7529,194.31,534.92,38.081,41.488,42.516,42.59,10
2022-06-14 15:51:00,3.9271,421.13,122.11,26.778,12.935,38.307,2.6394,195.44,515.77,38.122,41.223,42.459,42.336,10
2022-06-14 15:52:00,3.8465,410.06,121.83,26.778,12.936,38.275,2.5783,195.46,503.92,37.939,41.024,42.163,41.92,10
2022-06-14 15:53:00,3.8053,403.91,121.7,26.703,12.936,38.265,2.569,194.0,498.37,37.787,40.914,41.927,41.831,10
2022-06-14 15:54:00,3.7989,401.25,121.62,26.613,12.937,38.265,2.5279,196.34,496.32,37.714,40.821,41.881,41.804,10
2022-06-14 15:55:00,3.5043,357.54,121.43,26.664,12.935,38.241,2.2927,193.68,445.1,37.689,40.877,41.916,41.813,10
2022-06-14 15:56:00,3.2608,313.86,121.27,26.59,12.936,38.224,2.0961,187.52,391.75,37.531,40.155,41.117,40.698,10
2022-06-14 15:57:00,3.6892,387.23,121.49,26.478,12.937,38.22,2.4971,191.6,478.42,37.375,40.073,41.18,40.521,10
2022-06-14 15:58:00,3.6369,384.33,121.5,26.371,12.937,38.182,2.423,193.79,469.42,37.397,40.094,41.273,40.626,10
2022-06-14 15:59:00,3.6069,377.13,121.75,26.342,12.937,38.172,2.3387,200.22,468.24,37.337,40.16,41.189,40.608,10
2022-06-14 16:00:00,3.575,373.17,121.27,26.443,12.939,38.141,2.3053,199.64,460.22,37.408,40.152,41.232,40.743,10
2022-06-14 16:01:00,3.5651,368.81,120.51,26.461,12.938,38.137,2.2445,202.87,455.3,37.355,39.804,40.956,40.372,10
2022-06-14 16:02:00,3.5648,368.76,120.45,26.44,12.938,38.106,2.2825,198.68,453.44,37.361,40.036,41.202,40.66,10
2022-06-14 16:03:00,2.3982,164.17,119.83,26.432,12.94,38.099,1.0874,197.9,214.97,37.302,39.582,40.603,40.195,10
2022-06-14 16:04:00,2.5768,192.59,119.76,26.404,12.939,38.089,1.2555,197.88,247.0,36.969,38.483,39.446,38.865,10
2022-06-14 16:05:00,3.5703,368.65,120.41,26.479,12.94,38.058,2.3086,197.99,457.03,36.88,38.671,39.763,39.331,10
2022-06-14 16:06:00,2.2576,139.64,119.61,26.368,12.94,38.019,0.95435,191.55,182.65,36.715,37.984,39.06,38.647,10
2022-06-14 16:07:00,2.4419,176.42,119.68,26.269,12.943,38.016,1.1491,194.5,223.48,36.395,37.368,38.283,37.984,10
2022-06-14 16:08:00,3.4099,346.32,120.27,26.346,12.942,37.985,2.1388,199.19,426.06,36.259,37.207,38.293,37.971,10
2022-06-14 16:09:00,3.4063,347.07,120.31,26.365,12.944,37.975,2.1764,196.12,426.81,36.325,37.648,38.703,38.665,10
2022-06-14 16:10:00,3.3911,342.36,120.37,26.427,12.945,37.972,2.2029,194.05,427.43,36.348,38.051,38.992,39.231,10
2022-06-14 16:11:00,3.3875,343.09,120.28,26.549,12.942,37.929,2.162,197.53,427.01,36.37,38.31,39.151,39.518,10
2022-06-14 16:12:00,3.3573,338.98,120.22,26.689,12.946,37.887,2.1592,194.55,420.06,36.395,38.371,39.325,39.799,10
2022-06-14 16:13:00,3.2923,331.78,120.1,26.863,12.944,37.857,2.1131,193.91,409.73,36.49,38.604,39.556,40.032,10
2022-06-14 16:14:00,3.2648,326.24,120.1,26.94,12.942,37.819,2.0735,194.45,403.06,36.546,38.693,39.763,40.305,10
2022-06-14 16:15:00,3.2486,324.01,120.03,26.917,12.943,37.806,2.0273,198.04,401.47,36.575,38.789,39.785,40.161,10
2022-06-14 16:16:00,3.2109,318.37,120.05,26.791,12.943,37.772,1.997,197.89,395.17,36.426,38.638,39.474,39.836,10
2022-06-14 16:17:00,3.0395,294.5,120.0,26.748,12.943,37.755,1.8749,195.07,365.48,36.319,38.448,39.444,39.858,10
2022-06-14 16:18:00,3.0712,298.57,120.06,26.679,12.942,37.724,1.9919,185.15,368.73,36.079,38.181,39.092,39.35,10
2022-06-14 16:19:00,3.0365,293.89,120.07,26.616,12.94,37.693,2.0012,180.82,361.85,35.912,37.989,38.984,39.215,10
2022-06-14 16:20:00,2.9831,285.6,120.05,26.556,12.943,37.673,1.9517,182.29,355.76,35.795,37.931,39.084,39.065,10
2022-06-14 16:21:00,2.919,276.94,120.0,26.608,12.942,37.642,1.8703,184.07,344.28,35.776,37.944,39.019,39.1,10
2022-06-14 16:22:00,2.8899,272.77,119.93,26.872,12.941,37.642,1.8516,183.72,340.14,35.855,38.154,39.36,39.453,10
2022-06-14 16:23:00,2.867,270.61,119.92,27.095,12.941,37.608,1.822,183.75,334.76,35.836,38.091,39.187,39.357,10
2022-06-14 16:24:00,2.8428,265.17,119.94,27.089,12.938,37.598,1.8187,181.99,330.95,35.815,38.211,39.186,39.27,10
2022-06-14 16:25:00,2.8214,263.37,120.66,27.056,12.941,37.564,1.8083,181.46,328.1,35.723,38.11,38.973,39.158,10
2022-06-14 16:26:00,2.8219,263.04,120.25,27.04,12.94,37.56,1.7986,181.8,326.9,35.671,38.09,38.965,39.387,10
2022-06-14 16:27:00,2.7894,256.97,119.6,26.908,12.941,37.537,1.7461,182.56,318.77,35.511,37.783,38.581,38.947,10
2022-06-14 16:28:00,2.6447,233.27,119.55,26.808,12.939,37.516,1.6501,178.49,294.39,35.333,37.602,38.351,38.694,10
2022-06-14 16:29:00,2.7446,246.99,119.66,26.851,12.939,37.482,1.738,179.33,311.64,35.174,37.217,38.03,38.408,10
2022-06-14 16:30:00,2.7182,245.44,119.51,26.749,12.939,37.479,1.7198,177.64,305.47,34.982,36.933,37.847,38.056,10
2022-06-14 16:31:00,2.6915,242.78,119.64,26.717,12.94,37.455,1.7083,176.58,301.65,34.908,36.947,37.828,37.868,10
2022-06-14 16:32:00,2.6852,239.73,119.64,26.793,12.942,37.438,1.6601,180.19,299.11,34.866,36.826,37.76,37.708,10
2022-06-14 16:33:00,2.6651,234.06,119.57,26.876,12.941,37.438,1.6568,178.58,295.86,34.813,36.801,37.738,37.813,10
2022-06-14 16:34:00,2.6486,229.81,119.55,26.877,12.942,37.438,1.615,180.42,291.37,34.748,36.706,37.559,37.626,10
2022-06-14 16:35:00,2.6337,229.09,119.5,26.788,12.942,37.404,1.611,178.69,287.84,34.612,36.473,37.445,37.309,10
2022-06-14 16:36:00,2.6219,227.23,119.47,26.687,12.941,37.397,1.5897,179.22,284.89,34.527,36.319,37.246,37.152,10
2022-06-14 16:37:00,2.5974,223.96,119.46,26.55,12.941,37.387,1.5709,178.86,280.91,34.41,36.111,37.233,36.978,10
2022-06-14 16:38:00,2.5597,219.84,119.42,26.399,12.941,37.36,1.5152,182.6,276.66,34.21,35.763,36.913,36.686,10
2022-06-14 16:39:00,2.5322,217.72,119.47,26.27,12.941,37.357,1.5167,180.57,273.86,34.125,35.817,36.953,36.645,10
2022-06-14 16:40:00,2.3938,191.6,119.36,26.341,12.941,37.343,1.3197,184.43,243.49,34.084,35.696,36.897,36.522,10
2022-06-14 16:41:00,2.2097,152.35,119.18,26.381,12.941,37.316,1.0609,186.14,197.52,33.922,35.222,36.21,36.033,10
2022-06-14 16:42:00,2.4576,206.43,119.3,26.459,12.942,37.316,1.44,181.08,260.71,33.846,35.286,36.241,36.129,10
2022-06-14 16:43:00,2.4455,203.49,119.28,26.616,12.942,37.316,1.4261,180.01,256.7,33.819,35.197,36.233,36.143,10
2022-06-14 16:44:00,2.4392,201.69,119.57,26.698,12.944,37.316,1.4471,177.47,256.81,33.738,35.178,36.167,36.023,10
2022-06-14 16:45:00,2.4387,202.06,119.85,26.664,12.942,37.299,1.4344,179.59,257.57,33.679,35.002,36.089,35.868,10
2022-06-14 16:46:00,2.4114,198.33,119.91,26.559,12.943,37.276,1.4159,177.48,251.26,33.598,35.021,35.89,35.615,10
2022-06-14 16:47:00,2.3291,183.64,119.94,26.473,12.944,37.255,1.3179,176.71,232.87,33.498,34.736,35.757,35.593,10
2022-06-14 16:48:00,2.1415,141.39,119.94,26.394,12.944,37.237,1.069,175.35,186.92,33.342,34.352,35.313,35.063,10
2022-06-14 16:49:00,2.3234,184.66,120.06,26.231,12.945,37.236,1.3415,175.23,235.07,33.222,34.226,35.309,34.823,10
2022-06-14 16:50:00,2.3047,182.27,119.99,26.132,12.946,37.212,1.3358,173.5,231.76,33.125,34.17,35.142,34.662,10
2022-06-14 16:51:00,2.1473,145.73,119.82,26.107,12.946,37.198,1.1039,170.66,188.24,33.033,34.15,34.852,34.61,10
2022-06-14 16:52:00,2.1636,150.88,119.88,26.138,12.945,37.167,1.1272,174.08,196.26,32.902,33.763,34.672,34.467,10
2022-06-14 16:53:00,2.0818,133.19,119.82,26.165,12.947,37.157,1.0088,173.85,175.16,32.849,33.727,34.455,34.296,10
2022-06-14 16:54:00,1.7497,26.249,119.41,26.117,12.947,37.153,0.2817999999999999,171.91,48.444,32.727,33.091,33.868,33.673,10
2022-06-14 16:55:00,2.0133,106.87,119.57,25.928,12.949,37.119,0.83884,173.56,145.88,32.462,32.505,33.28,32.864,10
2022-06-14 16:56:00,2.2257,164.61,119.85,25.886,12.949,37.109,1.19,176.98,210.59,32.392,32.666,33.432,33.047,10
2022-06-14 16:57:00,2.1583,151.12,119.87,25.92,12.95,37.075,1.0922,178.94,195.26,32.308,32.666,33.494,33.265,10
2022-06-14 16:58:00,1.8196,58.903,119.44,26.036,12.95,37.038,0.4836599999999999,180.04,86.98,32.294,32.565,33.218,32.973,10
2022-06-14 16:59:00,1.9239,84.62099999999998,119.58,26.102,12.953,37.028,0.66198,180.66,119.17,32.289,32.262,32.936,32.556,10
2022-06-14 17:00:00,2.1366,148.07,119.93,25.982,12.955,36.994,1.1038,175.38,193.58,32.213,32.274,32.98,32.691,10
2022-06-14 17:01:00,2.1223,145.27,120.07,26.023,12.953,36.97,1.0925,172.11,188.03,32.211,32.366,33.125,32.921,10
2022-06-14 17:02:00,2.0997,142.42,120.29,26.043,12.956,36.943,1.0591,174.04,184.32,32.193,32.458,33.241,32.961,10
2022-06-14 17:03:00,2.0851,138.1,120.3,26.117,12.955,36.916,1.0589,169.59,179.56,32.211,32.607,33.377,33.272,10
2022-06-14 17:04:00,2.0672,133.52,120.32,26.163,12.956,36.876,1.0341,168.88,174.63,32.179,32.554,33.352,33.207,10
2022-06-14 17:05:00,2.0449,130.37,120.28,26.125,12.957,36.839,1.0106,168.78,170.55,32.087,32.601,33.226,33.068,10
2022-06-14 17:06:00,2.031,126.17,120.25,26.09,12.956,36.81,0.99528,166.08,165.28,32.044,32.519,33.122,33.003,10
2022-06-14 17:07:00,2.0134,123.05,120.2,26.105,12.955,36.793,0.98615,163.08,160.81,31.974,32.439,33.19,33.155,10
2022-06-14 17:08:00,1.9886,116.48,120.18,26.211,12.955,36.749,0.97447,158.69,154.65,31.945,32.496,33.134,33.019,10
2022-06-14 17:09:00,1.9842,115.23,120.19,26.156,12.955,36.715,0.9407,162.55,152.92,31.851,32.355,32.917,32.816,10
2022-06-14 17:10:00,1.9715,111.91,120.29,26.118,12.956,36.685,0.90693,163.05,147.86,31.815,32.187,32.895,32.736,10
2022-06-14 17:11:00,1.9613,109.02,120.22,26.073,12.956,36.675,0.89288,162.24,144.81,31.739,32.063,32.773,32.643,10
2022-06-14 17:12:00,1.9495,106.13,120.19,26.095,12.956,36.641,0.8888599999999999,159.74,141.98,31.691,32.05,32.718,32.548,10
2022-06-14 17:13:00,1.939,103.81,120.28,26.125,12.956,36.598,0.8760799999999999,160.95,140.98,31.62,31.995,32.598,32.433,10
2022-06-14 17:14:00,1.9324,102.55,120.28,26.206,12.956,36.568,0.86458,160.18,138.49,31.569,31.876,32.628,32.561,10
2022-06-14 17:15:00,1.7924,43.317,119.25,26.262,12.955,36.524,0.4385899999999999,157.05,68.99,31.527,31.626,32.37,32.184,10
2022-06-14 17:16:00,1.7618,27.864,119.1,26.21,12.956,36.511,0.3246999999999999,157.58,51.095,31.447,31.138,31.787,31.577,10
2022-06-14 17:17:00,1.862,78.471,119.31,26.073,12.955,36.482,0.7063399999999999,154.34,109.01,31.392,31.044,31.641,31.433,10
2022-06-14 17:18:00,1.8876,88.95999999999998,119.44,25.979,12.956,36.452,0.77681,154.71,120.19,31.337,30.952,31.622,31.477,10
2022-06-14 17:19:00,1.7748,35.144,119.15,26.008,12.958,36.409,0.36906,155.07,57.016,31.277,30.82,31.423,31.296,10
2022-06-14 17:20:00,1.7391,10.299,119.0,25.945,12.955,36.39,0.18398,155.36,28.579,31.199,30.257,30.922,30.817,10
2022-06-14 17:21:00,1.7798,36.66,119.13,25.748,12.959,36.362,0.3884099999999999,157.27,61.2,31.067,29.929,30.501,30.41,10
2022-06-14 17:22:00,1.8469,74.15,119.37,25.733,12.96,36.332,0.6561799999999999,159.91,104.94,30.998,29.949,30.543,30.499,10
2022-06-14 17:23:00,1.8453,74.836,119.38,25.678,12.962,36.297,0.63446,165.75,105.15,30.942,29.979,30.557,30.43,10
2022-06-14 17:24:00,1.8024,55.633,119.29,25.672,12.96,36.269,0.49557,165.38,81.96899999999998,30.915,29.945,30.495,30.473,10
2022-06-14 17:25:00,1.8208,66.518,119.35,25.786,12.961,36.22,0.5715,167.11,95.503,30.874,29.877,30.449,30.453,10
2022-06-14 17:26:00,1.8159,65.346,119.27,25.903,12.961,36.194,0.56822,164.76,93.613,30.888,29.906,30.467,30.419,10
2022-06-14 17:27:00,1.8112,63.554,119.29,25.918,12.963,36.166,0.53792,168.09,90.392,30.829,29.881,30.452,30.406,10
2022-06-14 17:28:00,1.806,61.209,119.26,26.048,12.963,36.117,0.5521599999999999,163.4,90.21700000000001,30.817,29.837,30.411,30.373,10
2022-06-14 17:29:00,1.7986,50.522,119.25,26.063,12.963,36.083,0.4833399999999999,159.62,77.194,30.803,29.805,30.315,30.234,10
2022-06-14 17:30:00,1.8024,46.384,119.14,26.037,12.963,36.046,0.44391,161.24,71.646,30.781,29.724,30.192,30.049,10
2022-06-14 17:31:00,1.7856,24.768,119.11,26.059,12.964,36.01,0.29296,163.58,47.954,30.76,29.582,30.055,29.922,10
2022-06-14 17:32:00,1.7653,11.516,119.05,25.897,12.962,35.981,0.1874599999999999,164.41,30.817,30.687,29.18,29.645,29.499,10
2022-06-14 17:33:00,1.8052,45.068,119.21,25.798,12.964,35.95,0.42292,162.98,68.9,30.63,29.11,29.583,29.417,10
2022-06-14 17:34:00,1.8021,46.484,119.26,25.815,12.962,35.901,0.43789,165.16,72.327,30.577,29.095,29.536,29.374,10
2022-06-14 17:35:00,1.7914,43.631,119.1,25.819,12.964,35.876,0.42092,164.3,69.153,30.538,29.11,29.515,29.377,10
2022-06-14 17:36:00,1.7719,41.617,119.05,25.883,12.964,35.838,0.4097899999999999,163.94,67.185,30.537,29.052,29.497,29.324,10
2022-06-14 17:37:00,1.7664,38.918,119.06,25.907,12.966,35.792,0.3875199999999999,163.99,63.551,30.493,28.968,29.358,29.206,10
2022-06-14 17:38:00,1.7631,36.23,119.13,25.875,12.966,35.758,0.3623299999999999,164.22,59.504,30.456,28.918,29.269,29.118,10
2022-06-14 17:39:00,1.7568,34.117,119.14,25.826,12.967,35.729,0.34554,163.74,56.578,30.419,28.894,29.203,29.023,10
2022-06-14 17:40:00,1.7518,31.44,119.09,25.881,12.968,35.7,0.3312999999999999,163.89,54.288,30.41,28.805,29.1,28.969,10
2022-06-14 17:41:00,1.7483,28.608,119.02,25.904,12.967,35.662,0.3083,163.79,50.496,30.373,28.705,28.983,28.839,10
2022-06-14 17:42:00,1.7472,26.927,119.01,25.929,12.967,35.627,0.3008199999999999,163.99,49.331,30.346,28.561,28.869,28.73,10
2022-06-14 17:43:00,1.7483,24.803,119.11,25.931,12.966,35.585,0.2851199999999999,163.57,46.641,30.287,28.469,28.75,28.551,10
2022-06-14 17:44:00,1.7497,23.254,119.12,25.967,12.967,35.557,0.2805599999999999,163.97,45.999,30.255,28.343,28.627,28.419,10
2022-06-14 17:45:00,1.748,21.252,119.13,25.915,12.967,35.531,0.2584699999999999,163.44,42.252,30.206,28.247,28.459,28.244,10
2022-06-14 17:46:00,1.7499,19.083,119.2,25.813,12.966,35.496,0.24424,164.14,40.091,30.13,28.089,28.292,28.032,10
2022-06-14 17:47:00,1.751,17.502,119.17,25.58,12.968,35.464,0.23949,163.61,39.181,30.026,27.932,28.128,27.828,10
2022-06-14 17:48:00,1.7502,16.672,119.21,25.414,12.968,35.439,0.22416,163.59,36.679,29.951,27.781,27.984,27.701,10
2022-06-14 17:49:00,1.7395,15.079,119.22,25.333,12.969,35.429,0.2086399999999999,163.95,34.2,29.892,27.699,27.878,27.589,10
2022-06-14 17:50:00,1.7392,13.596,119.22,25.324,12.966,35.385,0.20663,164.45,33.983,29.808,27.521,27.733,27.474,10
2022-06-14 17:51:00,1.7392,12.711,119.2,25.3,12.967,35.353,0.20116,164.11,33.012,29.741,27.416,27.592,27.308,10
2022-06-14 17:52:00,1.7406,11.915,119.18,25.333,12.968,35.312,0.1978699999999999,163.64,32.375,29.676,27.275,27.444,27.161,10
2022-06-14 17:53:00,1.7466,11.074,119.16,25.357,12.969,35.283,0.1849099999999999,163.48,30.229,29.634,27.137,27.339,27.079,10
2022-06-14 17:54:00,1.7431,10.632,119.12,25.376,12.968,35.261,0.1792499999999999,164.11,29.426,29.594,27.058,27.243,26.963,10
2022-06-14 17:55:00,1.7379,9.9236,119.1,25.385,12.969,35.224,0.1699499999999999,163.93,27.861,29.533,26.88,27.13,26.913,10
2022-06-14 17:56:00,1.7357,8.8618,119.08,25.382,12.97,35.186,0.16794,163.87,27.52,29.493,26.798,27.027,26.829,10
2022-06-14 17:57:00,1.7374,8.253299999999998,119.09,25.399,12.972,35.154,0.1661199999999999,163.97,27.237,29.46,26.725,26.934,26.731,10
2022-06-14 17:58:00,1.7379,7.3019,119.17,25.378,12.972,35.133,0.15754,163.82,25.818,29.442,26.591,26.884,26.721,10
2022-06-14 17:59:00,1.7391,6.937,119.29,25.372,12.974,35.1,0.1569899999999999,164.52,25.836,29.444,26.52,26.8,26.662,10
2022-06-14 18:00:00,1.7399,6.6161,119.28,25.308,12.976,35.065,0.14987,164.19,24.605,29.428,26.451,26.725,26.604,10
2022-06-14 18:01:00,1.7468,1.9915,119.35,25.272,12.975,35.015,0.11738,177.57,20.669,29.421,26.386,26.654,26.56,10
2022-06-14 18:02:00,1.7426,6.1956,119.45,25.233,12.979,34.979,0.1591799999999999,163.47,25.87,29.443,26.402,26.608,26.516,10
2022-06-14 18:03:00,1.7388,7.633899999999999,119.62,25.17,12.981,34.948,0.16302,155.14,25.289,29.472,26.353,26.6,26.508,10
2022-06-14 18:04:00,1.7379,7.5011,119.71,24.97,12.983,34.897,0.1588199999999999,156.08,24.789,29.405,26.305,26.557,26.499,10
2022-06-14 18:05:00,1.7376,7.5343,119.72,24.857,12.984,34.859,0.16156,155.66,25.145,29.382,26.235,26.581,26.57,10
2022-06-14 18:06:00,1.739,7.1802,119.7,24.828,12.983,34.824,0.16539,156.15,25.823,29.384,26.219,26.556,26.575,10
2022-06-14 18:07:00,1.7399,7.3905,119.21,24.739,12.986,34.775,0.1620999999999999,155.17,25.154,29.363,26.212,26.519,26.513,10
2022-06-14 18:08:00,1.7391,7.213599999999999,119.15,24.567,12.987,34.718,0.159,155.03,24.648,29.292,26.162,26.482,26.483,10
2022-06-14 18:09:00,1.7338,6.8706,119.09,24.487,12.99,34.677,0.16503,156.11,25.766,29.239,26.188,26.517,26.535,10
2022-06-14 18:10:00,1.7355,6.9371,119.17,24.492,12.992,34.619,0.1553499999999999,157.15,24.404,29.194,26.279,26.522,26.527,10
2022-06-14 18:11:00,1.7325,6.6163,119.25,24.518,12.994,34.561,0.1489699999999999,155.92,23.225,29.147,26.253,26.537,26.562,10
2022-06-14 18:12:00,1.7303,6.4725,119.31,24.565,12.996,34.508,0.15353,155.31,23.843,29.151,26.348,26.558,26.551,10
2022-06-14 18:13:00,1.7303,5.9304,119.37,24.59,12.999,34.456,0.1533499999999999,155.56,23.858,29.148,26.374,26.573,26.574,10
2022-06-14 18:14:00,1.7287,5.5874,119.41,24.53,13.001,34.383,0.15773,156.05,24.612,29.077,26.356,26.572,26.596,10
2022-06-14 18:15:00,1.7284,5.1891,119.82,24.498,13.001,34.333,0.14879,155.97,23.202,29.073,26.402,26.568,26.589,10
2022-06-14 18:16:00,1.7276,4.8683,120.37,24.458,13.003,34.263,0.14587,156.06,22.764,29.033,26.399,26.573,26.579,10
2022-06-14 18:17:00,1.7265,4.4921,120.44,24.442,13.006,34.203,0.14276,157.16,22.44,29.0,26.438,26.591,26.61,10
2022-06-14 18:18:00,1.7262,4.2377,120.48,24.426,13.005,34.138,0.1365599999999999,156.83,21.418,28.966,26.398,26.6,26.666,10
2022-06-14 18:19:00,1.7254,4.0496,120.44,24.379,13.007,34.068,0.134,155.08,20.78,28.955,26.43,26.583,26.615,10
2022-06-14 18:20:00,1.7268,3.8615,120.34,24.369,13.007,33.992,0.13528,156.12,21.121,28.947,26.435,26.567,26.593,10
2022-06-14 18:21:00,1.7268,3.7066,120.35,24.369,13.007,33.931,0.13163,155.64,20.484,28.942,26.453,26.566,26.579,10
2022-06-14 18:22:00,1.7274,3.4079,120.0,24.334,13.01,33.85,0.12853,155.83,20.029,28.903,26.392,26.559,26.594,10
2022-06-14 18:23:00,1.7268,3.2641,120.41,24.297,13.011,33.774,0.12433,155.82,19.379,28.866,26.372,26.563,26.591,10
2022-06-14 18:24:00,1.7276,2.9321,120.46,24.288,13.011,33.702,0.12268,155.73,19.105,28.828,26.414,26.558,26.576,10
2022-06-14 18:25:00,1.7304,2.8768,120.48,24.258,13.014,33.63,0.1140999999999999,156.44,17.85,28.808,26.393,26.551,26.581,10
2022-06-14 18:26:00,1.729,2.7994,120.53,24.243,13.014,33.546,0.11575,155.95,18.047,28.782,26.374,26.534,26.548,10
2022-06-14 18:27:00,1.7298,2.4121,120.56,24.194,13.015,33.473,0.12068,156.44,18.88,28.739,26.358,26.521,26.557,10
2022-06-14 18:28:00,1.7321,2.3457,120.66,24.151,13.018,33.384,0.11776,155.96,18.362,28.698,26.32,26.467,26.494,10
2022-06-14 18:29:00,1.7329,2.213,120.97,24.092,13.02,33.312,0.12232,155.67,19.042,28.667,26.264,26.455,26.496,10
2022-06-14 18:30:00,1.7345,1.8367,121.11,24.053,13.019,33.226,0.1172099999999999,155.07,18.174,28.612,26.25,26.431,26.443,10
2022-06-14 18:31:00,1.7332,1.8036,120.8,24.031,13.021,33.155,0.1137399999999999,156.01,17.746,28.581,26.284,26.432,26.457,10
2022-06-14 18:32:00,1.7299,1.0401,120.91,23.981,13.022,33.078,0.10534,158.16,16.617,28.533,26.279,26.391,26.438,10
2022-06-14 18:33:00,1.7343,-0.52005,120.81,23.927,13.026,32.989,0.0922,163.91,15.003,28.479,26.223,26.371,26.437,10
2022-06-14 18:34:00,1.7365,0.57537,120.54,23.913,13.026,32.913,0.09767,158.68,15.504,28.458,26.194,26.326,26.384,10
2022-06-14 18:35:00,1.7282,0.3430099999999999,120.58,23.932,13.024,32.821,0.10425,158.9,16.561,28.433,26.097,26.27,26.351,10
2022-06-14 18:36:00,1.7255,-0.04426,120.63,23.917,13.025,32.736,0.09914,158.34,15.698,28.419,26.06,26.197,26.26,10
2022-06-14 18:37:00,1.7257,-0.2544899999999999,120.66,23.883,13.027,32.646,0.09621,158.87,15.289,28.387,26.0,26.141,26.201,10
2022-06-14 18:38:00,1.7255,-0.38727,120.66,23.852,13.028,32.564,0.0922,158.09,14.576,28.355,25.942,26.097,26.139,10
2022-06-14 18:39:00,1.7244,-0.82987,120.71,23.822,13.029,32.488,0.09037,158.41,14.319,28.329,25.885,26.072,26.143,10
2022-06-14 18:40:00,1.7235,-1.2393,120.72,23.796,13.029,32.399,0.07796,159.0,12.391,28.29,25.851,26.003,26.067,10
2022-06-14 18:41:00,1.7235,-1.6044,120.34,23.74,13.032,32.315,0.08891,158.53,14.099,28.244,25.776,25.95,26.017,10
2022-06-14 18:42:00,1.7263,-1.9806,121.05,23.692,13.034,32.225,0.0878199999999999,158.89,13.951,28.192,25.766,25.901,25.942,10
2022-06-14 18:43:00,1.7271,-2.2794,121.11,23.66,13.035,32.148,0.08307,158.73,13.182,28.147,25.691,25.865,25.934,10
2022-06-14 18:44:00,1.7324,-2.6335,121.11,23.638,13.033,32.064,0.0766799999999999,158.75,12.173,28.097,25.709,25.806,25.871,10
2022-06-14 18:45:00,1.7357,-2.899,121.13,23.65,13.039,31.981,0.07814,158.6,12.393,28.045,25.563,25.812,25.932,10
2022-06-14 18:46:00,1.7362,-2.9765,121.21,23.629,13.037,31.899,0.07047,158.86,11.195,28.004,25.517,25.707,25.807,10
2022-06-14 18:47:00,1.7368,-3.2088,121.24,23.486,13.038,31.813,0.0711999999999999,158.84,11.316,27.935,25.432,25.598,25.673,10
2022-06-14 18:48:00,1.7354,-3.408,121.19,23.347,13.038,31.725,0.067,158.44,10.617,27.869,25.421,25.459,25.491,10
2022-06-14 18:49:00,1.7299,-3.6182,121.24,23.232,13.04,31.646,0.0662699999999999,159.16,10.55,27.813,25.218,25.388,25.479,10
2022-06-14 18:50:00,1.7222,-4.0498,121.22,23.149,13.041,31.556,0.0604299999999999,159.26,9.6229,27.749,25.057,25.305,25.43,10
2022-06-14 18:51:00,1.7205,-4.1272,121.27,23.106,13.042,31.48,0.05952,158.25,9.4196,27.713,25.06,25.2,25.287,10
2022-06-14 18:52:00,1.7203,-4.3153,121.28,23.05,13.042,31.398,0.0549499999999999,156.37,8.5943,27.661,25.079,25.102,25.152,10
2022-06-14 18:53:00,1.7079,-3.8949,121.33,22.988,13.043,31.32,0.0512999999999999,157.51,8.0534,27.587,24.961,25.036,25.117,10
2022-06-14 18:54:00,1.6369,-1.1618,121.45,22.952,13.045,31.236,0.03962,174.28,6.9036,27.517,24.84,24.984,25.117,10
2022-06-14 18:55:00,1.6366,-1.2171,121.49,22.936,13.046,31.15,0.0410799999999999,173.93,7.141,27.454,24.812,24.9,25.029,10
2022-06-14 18:56:00,1.6358,-1.1065,121.42,22.913,13.047,31.069,0.0385199999999999,173.83,6.6962,27.37,24.691,24.864,25.044,10
2022-06-14 18:57:00,1.6358,-1.2393,121.4,22.892,13.048,30.994,0.0356,170.32,6.074,27.316,24.707,24.811,24.987,10
2022-06-14 18:58:00,1.636,-1.1618,121.4,22.908,13.047,30.911,0.03305,167.35,5.5304,27.241,24.617,24.763,24.961,10
2022-06-14 18:59:00,1.6366,-1.2061,121.4,22.917,13.049,30.837,0.03651,165.28,6.0341,27.188,24.543,24.728,24.958,10
2022-06-14 19:00:00,1.6355,-1.195,121.38,22.896,13.049,30.752,0.0381599999999999,163.05,6.2167,27.109,24.524,24.654,24.886,10
2022-06-14 19:01:00,1.6349,-1.184,121.53,22.852,13.049,30.667,0.03104,159.46,4.9538,27.041,24.425,24.588,24.832,10
2022-06-14 19:02:00,1.6355,-1.1729,121.58,22.799,13.05,30.593,0.0339599999999999,156.61,5.3186,26.972,24.396,24.56,24.814,10
2022-06-14 19:03:00,1.6361,-1.2172,121.65,22.784,13.052,30.508,0.0376099999999999,153.27,5.7627,26.907,24.356,24.474,24.736,10
2022-06-14 19:04:00,1.6353,-1.184,121.6,22.705,13.052,30.432,0.03798,150.57,5.7242,26.843,24.234,24.401,24.691,10
2022-06-14 19:05:00,1.6342,-1.1729,121.66,22.724,13.052,30.359,0.03049,146.67,4.4717,26.801,24.218,24.37,24.613,10
2022-06-14 19:06:00,1.6353,-1.2172,121.58,22.708,13.055,30.28,0.03506,142.9,5.0083,26.749,24.196,24.255,24.452,10
2022-06-14 19:07:00,1.6356,-1.2504,121.57,22.658,13.055,30.205,0.03871,139.02,5.385,26.674,23.949,24.208,24.489,10
2022-06-14 19:08:00,1.6345,-1.2283,121.64,22.566,13.057,30.118,0.0408999999999999,134.72,5.5092,26.604,23.925,24.072,24.32,10
2022-06-14 19:09:00,1.6335,-1.1509,121.72,22.494,13.057,30.058,0.04766,131.08,6.2563,26.555,23.849,24.013,24.237,10
2022-06-14 19:10:00,1.6326,-1.1841,121.66,22.401,13.059,29.973,0.03688,125.7,4.6403,26.476,23.765,23.92,24.093,10
2022-06-14 19:11:00,1.634,-1.2394,121.66,22.33,13.059,29.898,0.04419,121.26,5.3359,26.399,23.693,23.852,24.043,10
2022-06-14 19:12:00,1.6333,-1.1952,121.72,22.332,13.061,29.83,0.04054,117.41,4.7592,26.331,23.665,23.814,24.036,10
2022-06-14 19:13:00,1.6352,-1.2284,121.71,22.333,13.063,29.753,0.04419,110.94,4.9071,26.264,23.569,23.768,24.02,10
2022-06-14 19:14:00,1.6341,-1.2063,121.77,22.342,13.064,29.673,0.0401699999999999,105.94,4.2624,26.192,23.564,23.673,23.912,10
2022-06-14 19:15:00,1.633,-1.1841,121.81,22.362,13.062,29.604,0.0363399999999999,99.56,3.6123,26.142,23.489,23.631,23.886,10
2022-06-14 19:16:00,1.6341,-1.2284,121.78,22.341,13.065,29.522,0.0403499999999999,92.761,3.7412,26.071,23.335,23.57,23.849,10
2022-06-14 19:17:00,1.6333,-1.1841,121.89,22.32,13.065,29.446,0.0461999999999999,84.683,3.8986,26.013,23.332,23.451,23.712,10
2022-06-14 19:18:00,1.6339,-1.1842,121.89,22.289,13.068,29.378,0.0345099999999999,79.084,2.7252,25.971,23.228,23.371,23.618,10
2022-06-14 19:19:00,1.6339,-1.151,121.94,22.258,13.066,29.304,0.0378,74.349,2.806,25.923,23.198,23.266,23.504,10
2022-06-14 19:20:00,1.6331,-1.1621,122.02,22.177,13.068,29.229,0.04657,68.053,3.1609,25.843,23.064,23.175,23.427,10
2022-06-14 19:21:00,1.6331,-1.2285,121.94,22.124,13.068,29.155,0.0487599999999999,62.17,3.0274,25.779,23.022,23.076,23.359,10
2022-06-14 19:22:00,1.6334,-1.1842,121.93,22.092,13.069,29.087,0.04565,55.109,2.5087,25.72,22.907,23.004,23.316,10
2022-06-14 19:23:00,1.6337,-1.1289,121.92,22.022,13.071,29.015,0.0427299999999999,51.806,2.2065,25.645,22.796,22.919,23.259,10
2022-06-14 19:24:00,1.6329,-1.1621,122.02,21.953,13.074,28.944,0.0370699999999999,44.109,1.6392,25.584,22.672,22.854,23.231,10
2022-06-14 19:25:00,1.6337,-1.1732,122.02,21.932,13.074,28.876,0.03798,41.837,1.5881,25.534,22.664,22.815,23.169,10
2022-06-14 19:26:00,1.6334,-1.1842,122.02,21.972,13.074,28.81,0.02904,39.944,1.1644,25.489,22.696,22.784,23.14,10
2022-06-14 19:27:00,1.6343,-1.1843,122.02,22.05,13.076,28.736,0.0292199999999999,37.526,1.0912,25.433,22.693,22.809,23.145,10
2022-06-14 19:28:00,1.6343,-1.1621,122.03,22.076,13.078,28.651,0.0363399999999999,34.268,1.2414,25.37,22.623,22.729,23.014,10
2022-06-14 19:29:00,1.6345,-1.1511,122.09,22.058,13.075,28.595,0.0347,32.76,1.1443,25.326,22.577,22.672,22.968,10
2022-06-14 19:30:00,1.6318,-1.1621,121.72,21.972,13.078,28.519,0.0308599999999999,30.868,0.94894,25.259,22.532,22.569,22.83,10
2022-06-14 19:31:00,1.6324,-1.1621,121.61,21.876,13.079,28.443,0.02502,26.893,0.6713299999999999,25.187,22.448,22.483,22.678,10
2022-06-14 19:32:00,1.6332,-1.1289,121.62,21.779,13.08,28.382,0.02794,24.204,0.67827,25.122,22.302,22.422,22.636,10
2022-06-14 19:33:00,1.6338,-1.14,121.61,21.716,13.08,28.308,0.02867,22.878,0.65573,25.05,22.181,22.344,22.586,10
2022-06-14 19:34:00,1.6318,-1.1511,121.67,21.664,13.082,28.232,0.02484,22.184,0.55247,24.982,22.148,22.258,22.489,10
2022-06-14 19:35:00,1.633,-1.2065,121.58,21.626,13.083,28.163,0.0268499999999999,19.306,0.52365,24.923,22.082,22.148,22.379,10
2022-06-14 19:36:00,1.6313,-1.1511,121.63,21.591,13.085,28.102,0.02137,16.896,0.35881,24.863,21.989,22.108,22.302,10
2022-06-14 19:37:00,1.6322,-1.0626,121.58,21.561,13.085,28.031,0.0230099999999999,15.861,0.3715899999999999,24.802,21.925,22.043,22.245,10
2022-06-14 19:38:00,1.6327,-1.0294,121.65,21.554,13.087,27.962,0.0231899999999999,12.908,0.29603,24.746,21.893,21.974,22.159,10
2022-06-14 19:39:00,1.6333,-0.97407,121.74,21.554,13.087,27.903,0.02265,12.461,0.2832399999999999,24.693,21.8,21.933,22.161,10
2022-06-14 19:40:00,1.6328,-1.0183,121.69,21.543,13.09,27.836,0.0204599999999999,10.193,0.2104999999999999,24.637,21.736,21.866,22.101,10
2022-06-14 19:41:00,1.6328,-0.98516,121.72,21.509,13.091,27.772,0.0219199999999999,10.414,0.2272599999999999,24.578,21.683,21.824,22.045,10
2022-06-14 19:42:00,1.6331,-1.0516,121.7,21.474,13.091,27.693,0.02247,10.538,0.23554,24.494,21.56,21.743,22.008,10
2022-06-14 19:43:00,1.6325,-0.9741,121.76,21.454,13.093,27.636,0.0182599999999999,9.5652,0.1744,24.449,21.547,21.685,21.938,10
2022-06-14 19:44:00,1.6323,-0.9852,121.84,21.432,13.093,27.566,0.0122399999999999,9.6141,0.11318,24.38,21.501,21.693,21.942,10
2022-06-14 19:45:00,1.6326,-1.0074,121.86,21.44,13.094,27.501,0.02228,8.402599999999998,0.1907099999999999,24.329,21.504,21.697,21.898,10
2022-06-14 19:46:00,1.6321,-0.98522,121.79,21.369,13.094,27.435,0.02521,8.0311,0.19631,24.262,21.438,21.588,21.78,10
2022-06-14 19:47:00,1.6327,-0.99632,121.47,21.255,13.096,27.38,0.02101,6.6073,0.13935,24.21,21.451,21.521,21.66,10
2022-06-14 19:48:00,1.6324,-1.0406,121.08,21.162,13.096,27.31,0.0193599999999999,6.4659,0.12931,24.131,21.352,21.495,21.64,10
2022-06-14 19:49:00,1.6316,-1.1292,121.11,21.183,13.095,27.248,0.01699,4.8118,0.07849,24.091,21.368,21.52,21.675,10
2022-06-14 19:50:00,1.6322,-0.99636,121.1,21.327,13.096,27.187,0.01754,5.2321,0.09557,24.065,21.428,21.51,21.643,10
2022-06-14 19:51:00,1.6322,-1.0296,121.02,21.413,13.096,27.124,0.0157099999999999,3.5957,0.05528,24.018,21.369,21.458,21.575,10
2022-06-14 19:52:00,1.6311,-0.99637,121.04,21.457,13.098,27.06,0.01607,2.7112,0.03937,23.97,21.269,21.472,21.621,10
2022-06-14 19:53:00,1.6331,-1.0296,121.07,21.483,13.099,26.998,0.0217399999999999,2.0611,0.04236,23.936,21.301,21.428,21.524,10
2022-06-14 19:54:00,1.6312,-0.9964,121.03,21.5,13.097,26.948,0.01388,1.8134,0.0228399999999999,23.912,21.31,21.391,21.44,10
2022-06-14 19:55:00,1.632,-1.0296,120.96,21.522,13.099,26.877,0.0127899999999999,1.924,0.0256599999999999,23.846,21.169,21.421,21.576,10
2022-06-14 19:56:00,1.632,-1.0296,121.03,21.644,13.101,26.818,0.01626,1.2827,0.0188,23.83,21.185,21.479,21.588,10
2022-06-14 19:57:00,1.6315,-0.95214,121.05,21.744,13.1,26.745,0.0219199999999999,0.5661399999999999,0.01229,23.813,21.316,21.485,21.53,10
2022-06-14 19:58:00,1.6323,-1.0075,121.09,21.781,13.102,26.692,0.02137,0.6811399999999999,0.01549,23.79,21.303,21.51,21.555,10
2022-06-14 19:59:00,1.632,-1.0186,121.12,21.772,13.101,26.626,0.01461,0.34942,0.0021299999999999,23.747,21.29,21.448,21.488,10
2022-06-14 20:00:00,1.6315,-1.0629,121.1,21.746,13.102,26.57,0.01735,0.2698099999999999,0.00992,23.712,21.285,21.459,21.521,10
2022-06-14 20:01:00,1.6312,-1.0297,121.17,21.777,13.099,26.513,0.01735,-0.36269,-0.00786,23.685,21.267,21.488,21.536,10
2022-06-14 20:02:00,1.6323,-0.99645,121.25,21.774,13.101,26.454,0.01626,0.3052,0.00059,23.65,21.349,21.436,21.549,10
2022-06-14 20:03:00,1.6326,-0.99645,121.22,21.808,13.104,26.389,0.01498,-0.3317399999999999,-5e-05,23.616,21.295,21.414,21.552,10
2022-06-14 20:04:00,1.6318,-0.96324,121.31,21.755,13.103,26.334,0.01644,-0.72982,-0.01125,23.584,21.276,21.331,21.489,10
2022-06-14 20:05:00,1.6332,-0.95218,121.34,21.713,13.105,26.275,0.0166199999999999,0.44674,0.0097,23.534,21.307,21.326,21.478,10
2022-06-14 20:06:00,1.6318,-0.90789,121.39,21.75,13.104,26.228,0.01425,-0.3052,0.00625,23.522,21.348,21.387,21.542,10
2022-06-14 20:07:00,1.631,-0.93004,121.38,21.752,13.106,26.163,0.0063899999999999,-0.46886,-0.0066899999999999,23.488,21.305,21.369,21.497,10
2022-06-14 20:08:00,1.6327,-0.93004,121.34,21.746,13.105,26.112,0.0157099999999999,-0.1371199999999999,0.00168,23.459,21.279,21.362,21.491,10
2022-06-14 20:09:00,1.6321,-0.97433,121.44,21.748,13.106,26.057,0.01352,-1.1633,-0.0196199999999999,23.417,21.203,21.331,21.539,10
2022-06-14 20:10:00,1.6327,-0.93005,121.43,21.75,13.107,26.01,0.0178999999999999,-1.1191,-0.01755,23.394,21.247,21.286,21.437,10
2022-06-14 20:11:00,1.6316,-0.93005,121.29,21.654,13.108,25.951,0.02338,-0.7608,-0.01591,23.339,21.222,21.133,21.24,10
2022-06-14 20:12:00,1.6318,-0.94112,121.35,21.46,13.107,25.904,0.01315,-0.88465,-0.0106599999999999,23.253,20.988,21.039,21.146,10
2022-06-14 20:13:00,1.6307,-0.97434,121.41,21.211,13.109,25.84,0.01388,-0.53964,-0.00462,23.152,20.798,20.927,21.081,10
2022-06-14 20:14:00,1.631,-0.94113,121.42,21.046,13.111,25.801,0.01882,-0.10174,-0.00369,23.101,20.846,20.861,20.939,10
2022-06-14 20:15:00,1.6327,-0.96327,121.51,21.075,13.109,25.742,0.01553,-0.1813599999999999,0.0004899999999999,23.054,20.805,20.889,21.007,10
2022-06-14 20:16:00,1.6308,-0.98542,121.48,21.185,13.111,25.693,0.0127899999999999,-0.88024,-0.0097599999999999,23.031,20.823,20.885,21.022,10
2022-06-14 20:17:00,1.6319,-0.94113,121.52,21.293,13.112,25.641,0.02265,-0.3406,-0.00728,23.006,20.855,20.883,21.021,10
2022-06-14 20:18:00,1.6321,-0.93006,121.55,21.324,13.113,25.592,0.01005,0.51311,-0.00025,22.958,20.805,20.802,20.91,10
2022-06-14 20:19:00,1.6308,-0.98542,121.47,21.244,13.112,25.55,0.0106,0.4644499999999999,0.00334,22.889,20.603,20.719,20.894,10
2022-06-14 20:20:00,1.6321,-0.95221,121.53,21.124,13.113,25.494,0.01717,-1.3934,-0.02317,22.819,20.496,20.588,20.756,10
2022-06-14 20:21:00,1.6316,-0.94114,121.55,21.033,13.113,25.452,0.01882,-0.01327,0.00118,22.768,20.462,20.542,20.674,10
2022-06-14 20:22:00,1.6319,-0.94114,121.53,20.937,13.116,25.394,0.01297,0.2300099999999999,0.01298,22.69,20.311,20.454,20.638,10
2022-06-14 20:23:00,1.6319,-0.97436,121.56,20.799,13.115,25.355,0.0140699999999999,-0.26982,-0.0015299999999999,22.637,20.285,20.364,20.555,10
2022-06-14 20:24:00,1.6316,-0.94114,121.59,20.702,13.116,25.309,0.0166199999999999,-0.0796199999999999,0.0043299999999999,22.567,20.191,20.312,20.513,10
2022-06-14 20:25:00,1.6319,-0.9965,121.58,20.697,13.115,25.258,0.01845,0.94217,0.0198599999999999,22.508,20.105,20.295,20.514,10
2022-06-14 20:26:00,1.6319,-1.074,121.65,20.714,13.117,25.216,0.0178999999999999,-0.6767699999999999,-0.01448,22.471,20.078,20.216,20.459,10
2022-06-14 20:27:00,1.6319,-1.0629,121.65,20.699,13.116,25.165,0.01699,-0.18578,-0.00513,22.407,20.005,20.177,20.442,10
2022-06-14 20:28:00,1.6319,-1.0962,121.6,20.681,13.118,25.128,0.01644,-0.4909899999999999,-0.01384,22.367,19.973,20.147,20.405,10
2022-06-14 20:29:00,1.6327,-0.9965,121.65,20.681,13.12,25.082,0.01388,-1.6101,-0.02221,22.331,19.919,20.087,20.349,10
2022-06-14 20:30:00,1.6313,-1.0519,121.58,20.692,13.118,25.032,0.01553,-0.0884699999999999,0.0013799999999999,22.267,19.876,20.048,20.312,10
2022-06-14 20:31:00,1.6311,-1.0186,121.53,20.662,13.12,24.988,0.01169,0.4069499999999999,0.0032,22.214,19.794,20.04,20.327,10
2022-06-14 20:32:00,1.6308,-0.99651,121.54,20.65,13.121,24.94,0.0191799999999999,-1.0483,-0.02238,22.178,19.836,19.959,20.197,10
2022-06-14 20:33:00,1.6305,-1.0076,121.57,20.634,13.121,24.901,0.01443,-0.90679,-0.01789,22.142,19.822,19.943,20.161,10
2022-06-14 20:34:00,1.6313,-1.0297,121.62,20.617,13.121,24.855,0.01827,-0.2742499999999999,-0.0051399999999999,22.104,19.779,19.94,20.138,10
2022-06-14 20:35:00,1.6302,-0.98543,121.66,20.602,13.121,24.805,0.01188,0.59716,0.00615,22.037,19.663,19.948,20.182,10
2022-06-14 20:36:00,1.6313,-0.97436,121.72,20.573,13.124,24.764,0.01315,0.78736,0.0039199999999999,22.006,19.725,19.913,20.103,10
2022-06-14 20:37:00,1.6308,-1.0297,121.7,20.701,13.123,24.718,0.00932,0.0,0.00059,21.996,19.768,19.992,20.163,10
2022-06-14 20:38:00,1.6311,-1.0076,121.69,20.894,13.124,24.684,0.01845,-0.42907,-0.00838,22.016,19.85,20.032,20.16,10
2022-06-14 20:39:00,1.6311,-0.98544,121.65,20.945,13.127,24.638,0.00804,-0.96872,-0.0067999999999999,22.002,19.921,20.009,20.065,10
2022-06-14 20:40:00,1.63,-1.0297,121.63,20.961,13.124,24.593,0.01297,-0.44234,-0.00536,21.969,20.001,20.041,20.129,10
2022-06-14 20:41:00,1.6313,-0.97436,121.7,20.954,13.127,24.55,0.01443,0.62812,0.00504,21.958,19.961,20.18,20.269,10
2022-06-14 20:42:00,1.6302,-1.0297,121.73,20.903,13.128,24.504,0.00713,-0.0619299999999999,0.00365,21.96,19.993,20.248,20.32,10
2022-06-14 20:43:00,1.6313,-1.0297,121.74,20.806,13.128,24.47,0.01188,-0.98199,-0.01094,21.957,20.096,20.296,20.358,10
2022-06-14 20:44:00,1.6319,-0.99651,121.8,20.7,13.127,24.427,0.02083,0.7387099999999999,0.01502,21.931,20.201,20.294,20.325,10
2022-06-14 20:45:00,1.6311,-1.0076,121.83,20.599,13.13,24.378,0.0146199999999999,-0.92891,-0.01762,21.897,20.187,20.265,20.234,10
2022-06-14 20:46:00,1.6311,-0.99651,121.82,20.468,13.129,24.344,0.01845,-0.46888,-0.01163,21.861,20.188,20.239,20.198,10
2022-06-14 20:47:00,1.6294,-1.0408,121.78,20.281,13.129,24.303,0.0106,-0.7563999999999999,-0.00894,21.803,20.202,20.181,20.084,10
2022-06-14 20:48:00,1.6319,-1.0962,121.89,20.036,13.13,24.272,0.01425,0.5529199999999999,0.00638,21.729,20.142,20.127,20.033,10
2022-06-14 20:49:00,1.6308,-1.0187,121.85,19.862,13.131,24.231,0.00932,0.48657,0.00576,21.646,20.042,20.036,19.943,10
2022-06-14 20:50:00,1.6302,-1.0519,121.86,19.725,13.13,24.189,0.01626,-0.42907,-0.00919,21.564,19.959,19.901,19.802,10
2022-06-14 20:51:00,1.6311,-0.97437,121.92,19.451,13.131,24.153,0.00932,-0.1592399999999999,0.0003699999999999,21.432,19.707,19.837,19.789,10
2022-06-14 20:52:00,1.6313,-1.0076,122.02,19.144,13.132,24.11,0.01297,0.40253,0.0041,21.287,19.647,19.679,19.603,10
2022-06-14 20:53:00,1.6308,-1.1072,121.9,18.998,13.133,24.072,0.01188,0.41138,0.008,21.176,19.432,19.594,19.551,10
2022-06-14 20:54:00,1.6289,-1.0408,121.95,18.853,13.135,24.038,0.0073099999999999,0.65466,0.00079,21.057,19.321,19.48,19.435,10
2022-06-14 20:55:00,1.6305,-1.0076,121.99,18.788,13.136,24.0,0.0094999999999999,0.4511899999999999,-0.00185,20.972,19.233,19.36,19.289,10
2022-06-14 20:56:00,1.6316,-1.0187,121.99,18.705,13.137,23.953,0.01754,-0.28752,-0.0002799999999999,20.876,19.148,19.236,19.131,10
2022-06-14 20:57:00,1.6319,-0.99651,122.02,18.604,13.138,23.92,0.01589,-0.48215,-0.0086999999999999,20.776,19.037,19.128,19.039,10
2022-06-14 20:58:00,1.6316,-0.98544,122.04,18.476,13.137,23.882,0.01388,-0.25213,0.0021099999999999,20.681,18.932,19.034,18.93,10
2022-06-14 20:59:00,1.6302,-1.0408,122.08,18.346,13.138,23.844,0.01315,-0.1769399999999999,0.00054,20.583,18.861,18.912,18.816,10
2022-06-14 21:00:00,1.6297,-1.1072,122.12,18.242,13.139,23.809,0.01315,-0.2654,-0.00444,20.494,18.696,18.838,18.739,10
2022-06-14 21:01:00,1.6291,-0.97437,122.08,18.146,13.139,23.771,0.0094999999999999,0.2609799999999999,-0.00115,20.403,18.676,18.74,18.633,10
2022-06-14 21:02:00,1.63,-1.0519,122.01,18.054,13.142,23.733,0.01041,0.61928,-0.00019,20.297,18.525,18.706,18.66,10
2022-06-14 21:03:00,1.6311,-1.0851,122.1,18.008,13.143,23.693,0.0115099999999999,-0.5662,-0.0026199999999999,20.223,18.449,18.635,18.559,10
2022-06-14 21:04:00,1.6289,-1.1072,122.11,17.968,13.142,23.647,0.0094999999999999,0.12386,0.00176,20.143,18.324,18.564,18.511,10
2022-06-14 21:05:00,1.6291,-1.0297,122.16,17.939,13.144,23.616,0.00877,-0.7563999999999999,-0.00557,20.112,18.345,18.447,18.311,10
2022-06-14 21:06:00,1.6294,-0.99651,122.23,17.894,13.144,23.569,0.0082199999999999,-0.2079,0.0059699999999999,20.044,18.267,18.371,18.247,10
2022-06-14 21:07:00,1.6302,-1.0297,122.22,17.837,13.145,23.525,0.00932,-0.74756,-0.00744,19.977,18.197,18.312,18.203,10
2022-06-14 21:08:00,1.6294,-1.0629,122.17,17.769,13.145,23.492,0.00585,0.02212,0.00133,19.911,18.118,18.255,18.17,10
2022-06-14 21:09:00,1.6305,-1.074,122.19,17.748,13.147,23.448,0.01169,-0.94218,-0.01686,19.873,18.092,18.16,18.03,10
2022-06-14 21:10:00,1.6305,-1.074,122.21,17.687,13.149,23.409,0.00786,0.09289,0.0087399999999999,19.812,17.965,18.11,18.028,10
2022-06-14 21:11:00,1.6286,-1.1294,122.19,17.598,13.148,23.365,0.01261,-0.00442,0.0,19.753,17.936,18.036,17.937,10
2022-06-14 21:12:00,1.6291,-1.1737,122.24,17.523,13.149,23.316,0.01078,-0.16367,0.00419,19.693,17.842,17.969,17.866,10
2022-06-14 21:13:00,1.6291,-1.1737,122.28,17.406,13.152,23.277,0.0076699999999999,-0.28752,-0.0027899999999999,19.63,17.817,17.904,17.785,10
2022-06-14 21:14:00,1.6308,-1.1737,122.34,17.293,13.152,23.224,0.01206,-0.1105899999999999,0.0029499999999999,19.553,17.725,17.828,17.716,10
2022-06-14 21:15:00,1.6281,-1.2069,122.35,17.182,13.154,23.195,0.0076699999999999,-0.3273499999999999,-0.00453,19.492,17.697,17.775,17.673,10
2022-06-14 21:16:00,1.6303,-1.2291,122.37,17.065,13.153,23.143,0.00384,0.02654,-0.0018699999999999,19.414,17.611,17.679,17.615,10
2022-06-14 21:17:00,1.6286,-1.1848,122.37,16.91,13.155,23.095,0.01242,-0.57064,-0.0093699999999999,19.339,17.56,17.594,17.509,10
2022-06-14 21:18:00,1.6289,-1.2955,122.31,16.788,13.156,23.055,0.01297,-0.2521499999999999,-0.00715,19.255,17.432,17.526,17.474,10
2022-06-14 21:19:00,1.6292,-1.218,122.37,16.721,13.156,23.01,0.01644,-0.21676,-0.00022,19.195,17.4,17.441,17.385,10
2022-06-14 21:20:00,1.6287,-1.2955,122.39,16.655,13.158,22.962,0.01882,0.1105899999999999,-0.0002999999999999,19.133,17.305,17.372,17.312,10
2022-06-14 21:21:00,1.6295,-1.2734,122.37,16.559,13.159,22.914,0.0133399999999999,-0.2875499999999999,-0.0011299999999999,19.054,17.18,17.298,17.225,10
2022-06-14 21:22:00,1.629,-1.2845,122.35,16.476,13.16,22.873,0.00987,-0.24773,-0.00303,18.998,17.121,17.222,17.151,10
2022-06-14 21:23:00,1.6301,-1.2513,122.37,16.403,13.161,22.814,0.00018,-0.08405,0.0079299999999999,18.923,17.046,17.129,17.05,10
2022-06-14 21:24:00,1.6285,-1.2291,122.49,16.347,13.162,22.774,0.0054799999999999,-0.1946499999999999,-0.00271,18.871,16.983,17.076,16.996,10
2022-06-14 21:25:00,1.6287,-1.2181,122.58,16.285,13.163,22.727,0.00877,-0.17695,-0.00421,18.806,16.908,17.027,16.946,10
2022-06-14 21:26:00,1.6293,-1.2181,122.71,16.242,13.165,22.679,0.0065799999999999,-0.1725299999999999,-0.0069499999999999,18.749,16.911,16.984,16.917,10
2022-06-14 21:27:00,1.6288,-1.2513,121.61,16.208,13.167,22.626,0.0054799999999999,0.4512399999999999,0.0041,18.69,16.876,16.93,16.885,10
2022-06-14 21:28:00,1.6285,-1.2292,120.85,16.132,13.167,22.579,0.00347,-0.2964,-0.0043099999999999,18.63,16.77,16.877,16.847,10
2022-06-14 21:29:00,1.6274,-1.2513,120.91,16.077,13.167,22.534,0.01261,-0.0619299999999999,0.0003899999999999,18.578,16.791,16.826,16.783,10
2022-06-14 21:30:00,1.6299,-1.3731,120.84,16.011,13.17,22.483,0.00621,-0.73438,-0.00978,18.524,16.625,16.761,16.751,10
2022-06-14 21:31:00,1.6285,-1.2513,120.84,15.952,13.171,22.427,0.0083999999999999,-1.2476,-0.0115099999999999,18.48,16.637,16.675,16.613,10
2022-06-14 21:32:00,1.6271,-1.2735,121.11,15.902,13.171,22.38,0.01023,0.25217,0.00204,18.425,16.529,16.65,16.623,10
2022-06-14 21:33:00,1.6285,-1.2624,121.39,15.869,13.173,22.327,0.0053,0.14599,0.00421,18.364,16.47,16.612,16.61,10
2022-06-14 21:34:00,1.6269,-1.2735,121.31,15.864,13.175,22.273,0.00493,-0.8405599999999999,-0.0052399999999999,18.338,16.511,16.519,16.44,10
2022-06-14 21:35:00,1.6294,-1.2513,121.46,15.836,13.175,22.222,0.0065799999999999,-0.4070099999999999,-0.0052199999999999,18.29,16.404,16.43,16.381,10
2022-06-14 21:36:00,1.6283,-1.3067,121.47,15.753,13.176,22.172,0.00347,0.13272,-0.0022399999999999,18.245,16.301,16.342,16.32,10
2022-06-14 21:37:00,1.628,-1.2846,121.49,15.69,13.176,22.116,0.00713,-0.0840599999999999,-0.00313,18.193,16.185,16.271,16.246,10
2022-06-14 21:38:00,1.6285,-1.3289,121.54,15.65,13.177,22.067,0.0027399999999999,-0.14157,0.0004699999999999,18.167,16.102,16.192,16.169,10
2022-06-14 21:39:00,1.6272,-1.2292,121.48,15.594,13.179,22.008,0.00347,-0.3672,-0.0041799999999999,18.11,16.049,16.099,16.06,10
2022-06-14 21:40:00,1.6283,-1.3399,121.05,15.508,13.182,21.959,0.0089499999999999,-0.2212,-0.0080199999999999,18.064,15.918,16.029,16.005,10
2022-06-14 21:41:00,1.6274,-1.2735,120.98,15.492,13.182,21.904,0.00987,0.18138,0.00079,18.014,15.824,15.999,15.957,10
2022-06-14 21:42:00,1.6277,-1.2846,121.04,15.521,13.181,21.854,0.00566,0.0752099999999999,0.0014599999999999,17.992,15.845,15.993,15.902,10
2022-06-14 21:43:00,1.6275,-1.2735,121.04,15.572,13.183,21.799,0.00585,0.03982,0.0094199999999999,17.958,15.784,15.974,15.914,10
2022-06-14 21:44:00,1.6277,-1.3067,121.09,15.564,13.185,21.751,0.0064,-0.4645199999999999,0.00233,17.929,15.853,15.946,15.842,10
2022-06-14 21:45:00,1.6283,-1.3511,121.12,15.553,13.186,21.696,0.0109599999999999,0.01327,0.0019599999999999,17.885,15.872,15.937,15.86,10
2022-06-14 21:46:00,1.6286,-1.2625,121.22,15.55,13.187,21.639,0.0076699999999999,0.62382,0.00142,17.849,15.869,15.909,15.877,10
2022-06-14 21:47:00,1.6281,-1.2625,121.24,15.527,13.19,21.585,0.0014599999999999,-0.14157,0.00353,17.801,15.763,15.876,15.893,10
2022-06-14 21:48:00,1.6272,-1.2957,121.21,15.484,13.188,21.534,0.0027399999999999,-0.8804199999999999,-0.00219,17.772,15.76,15.857,15.853,10
2022-06-14 21:49:00,1.6281,-1.2403,121.34,15.444,13.191,21.469,-0.00018,-0.64151,0.0012099999999999,17.721,15.742,15.79,15.745,10
2022-06-14 21:50:00,1.627,-1.3622,121.34,15.398,13.19,21.42,-0.00164,0.10618,-0.00687,17.679,15.587,15.784,15.785,10
2022-06-14 21:51:00,1.6276,-1.34,121.4,15.386,13.191,21.371,0.00457,-0.23449,0.00432,17.651,15.618,15.737,15.706,10
2022-06-14 21:52:00,1.6276,-1.2736,121.37,15.373,13.191,21.314,0.00347,-0.03982,0.00449,17.604,15.552,15.695,15.669,10
2022-06-14 21:53:00,1.6279,-1.2293,121.41,15.356,13.193,21.257,0.01042,-0.15042,-0.0054999999999999,17.561,15.514,15.67,15.645,10
2022-06-14 21:54:00,1.6265,-1.2736,121.45,15.327,13.194,21.201,-0.0014599999999999,-1.0486,0.0033899999999999,17.532,15.541,15.606,15.594,10
2022-06-14 21:55:00,1.6287,-1.2847,121.48,15.296,13.195,21.149,0.00384,0.17255,0.00284,17.491,15.516,15.629,15.638,10
2022-06-14 21:56:00,1.6284,-1.2626,121.51,15.276,13.196,21.098,0.00128,0.08407,-0.00617,17.461,15.542,15.644,15.616,10
2022-06-14 21:57:00,1.6271,-1.2736,121.47,15.271,13.197,21.045,0.0041999999999999,-0.4955499999999999,-0.006,17.433,15.603,15.644,15.591,10
2022-06-14 21:58:00,1.6268,-1.329,121.51,15.244,13.197,20.993,0.00713,0.11946,0.00177,17.388,15.5,15.652,15.669,10
2022-06-14 21:59:00,1.6274,-1.318,121.49,15.201,13.198,20.944,0.00841,-0.89819,-0.0128699999999999,17.36,15.583,15.612,15.559,10
2022-06-14 22:00:00,1.6271,-1.2626,121.54,15.153,13.199,20.88,0.00128,0.51768,-0.0034299999999999,17.302,15.571,15.607,15.604,10
2022-06-14 22:01:00,1.6279,-1.2626,121.53,15.126,13.196,20.828,-0.00201,-0.11504,0.00334,17.269,15.582,15.625,15.59,10
2022-06-14 22:02:00,1.6271,-1.2737,121.52,15.088,13.199,20.778,0.0053,-0.19026,-0.00419,17.231,15.576,15.632,15.602,10
2022-06-14 22:03:00,1.6274,-1.318,121.57,15.047,13.199,20.724,0.0041999999999999,0.0,-0.0027799999999999,17.192,15.519,15.627,15.612,10
2022-06-14 22:04:00,1.6271,-1.2958,121.61,15.025,13.201,20.671,-0.0029199999999999,-0.02655,-0.00123,17.155,15.527,15.619,15.587,10
2022-06-14 22:05:00,1.6269,-1.2959,121.57,15.016,13.201,20.617,0.0056699999999999,-0.17698,-0.0068599999999999,17.121,15.475,15.594,15.56,10
2022-06-14 22:06:00,1.6277,-1.2959,121.66,14.978,13.202,20.567,0.0041999999999999,-0.30531,-0.0038,17.076,15.38,15.539,15.499,10
2022-06-14 22:07:00,1.6272,-1.307,121.68,14.947,13.202,20.515,0.00128,-0.26107,-0.00479,17.04,15.362,15.505,15.419,10
2022-06-14 22:08:00,1.6267,-1.3402,121.69,14.919,13.203,20.468,0.0007299999999999,-0.19913,-0.0027799999999999,17.004,15.318,15.448,15.361,10
2022-06-14 22:09:00,1.6267,-1.2959,121.68,14.882,13.203,20.411,0.0031099999999999,0.1858499999999999,-0.0021299999999999,16.958,15.288,15.41,15.319,10
2022-06-14 22:10:00,1.6272,-1.3181,121.69,14.848,13.205,20.362,0.00841,0.0354,-0.0014,16.913,15.2,15.371,15.312,10
2022-06-14 22:11:00,1.6267,-1.307,121.67,14.793,13.204,20.311,-0.00055,-0.5486999999999999,-0.0068199999999999,16.87,15.164,15.306,15.202,10
2022-06-14 22:12:00,1.627,-1.307,121.71,14.775,13.208,20.258,0.00164,-0.2832,0.00286,16.829,15.127,15.285,15.197,10
2022-06-14 22:13:00,1.6267,-1.2627,121.78,14.756,13.207,20.211,-0.0003699999999999,-0.6018,-0.0027299999999999,16.806,15.151,15.286,15.141,10
2022-06-14 22:14:00,1.6278,-1.3292,121.87,14.747,13.208,20.168,0.00201,-0.82749,-0.0061799999999999,16.769,15.088,15.297,15.219,10
2022-06-14 22:15:00,1.6273,-1.296,121.97,14.742,13.209,20.109,-0.00018,0.91157,0.00035,16.727,15.106,15.245,15.158,10
2022-06-14 22:16:00,1.6267,-1.3957,121.9,14.723,13.209,20.056,0.00018,0.0575299999999999,0.00024,16.694,15.099,15.169,15.046,10
2022-06-14 22:17:00,1.6273,-1.3625,121.95,14.698,13.211,20.011,0.00621,-0.02655,0.0014499999999999,16.656,15.028,15.155,15.058,10
2022-06-14 22:18:00,1.6265,-1.3071,121.97,14.677,13.211,19.96,-0.00256,0.1062,-0.00044,16.614,14.981,15.09,15.027,10
2022-06-14 22:19:00,1.6265,-1.3292,122.05,14.643,13.214,19.906,0.00055,0.0,0.00092,16.564,14.966,15.046,14.98,10
2022-06-14 22:20:00,1.6265,-1.3071,122.04,14.628,13.214,19.863,-0.00018,-0.12833,-0.00542,16.532,14.91,14.995,14.971,10
2022-06-14 22:21:00,1.6271,-1.2849,122.04,14.613,13.216,19.812,-0.0029199999999999,0.15046,-0.00386,16.484,14.802,14.959,14.956,10
2022-06-14 22:22:00,1.6265,-1.3182,122.03,14.592,13.215,19.764,-0.00128,-0.0486699999999999,0.0089499999999999,16.443,14.777,14.877,14.857,10
2022-06-14 22:23:00,1.6257,-1.3403,121.99,14.563,13.217,19.712,0.0003699999999999,0.13719,0.0107899999999999,16.402,14.735,14.829,14.869,10
2022-06-14 22:24:00,1.6268,-1.3182,122.02,14.552,13.218,19.658,0.00128,-0.56644,-0.00197,16.361,14.744,14.787,14.827,10
2022-06-14 22:25:00,1.6279,-1.2074,122.04,14.538,13.218,19.614,0.0031099999999999,-0.2257,0.0038999999999999,16.325,14.661,14.731,14.804,10
2022-06-14 22:26:00,1.6271,-1.3404,122.08,14.483,13.218,19.57,0.0054799999999999,-0.24782,0.00204,16.292,14.613,14.668,14.754,10
2022-06-14 22:27:00,1.6277,-1.3625,122.05,14.452,13.218,19.52,-0.00457,-0.30535,0.01197,16.251,14.612,14.648,14.713,10
2022-06-14 22:28:00,1.6266,-1.3293,122.06,14.433,13.218,19.472,0.00256,-0.15046,-0.00314,16.209,14.563,14.583,14.668,10
2022-06-14 22:29:00,1.6274,-1.3404,122.04,14.324,13.219,19.426,-0.00091,0.20357,-0.00594,16.146,14.398,14.464,14.57,10
2022-06-14 22:30:00,1.6269,-1.2961,122.03,14.203,13.223,19.386,0.00384,-0.3009299999999999,-0.0004499999999999,16.085,14.327,14.366,14.437,10
2022-06-14 22:31:00,1.6274,-1.3515,122.04,14.11,13.222,19.339,0.00366,-0.0398299999999999,-0.00553,16.027,14.201,14.321,14.386,10
2022-06-14 22:32:00,1.6271,-1.3404,122.03,14.049,13.222,19.287,-0.0073099999999999,-0.1593199999999999,0.00197,15.98,14.12,14.213,14.268,10
2022-06-14 22:33:00,1.6277,-1.4401,122.05,13.983,13.223,19.243,-0.0053,-0.65497,0.00693,15.922,14.027,14.203,14.247,10
2022-06-14 22:34:00,1.626,-1.3293,122.08,13.949,13.222,19.197,0.00055,-0.03098,-0.00093,15.88,14.086,14.125,14.157,10
2022-06-14 22:35:00,1.6272,-1.3404,122.12,13.979,13.225,19.146,-0.0049399999999999,0.18145,0.00166,15.84,14.01,14.125,14.208,10
2022-06-14 22:36:00,1.6274,-1.3847,122.11,14.026,13.225,19.104,-0.0029199999999999,0.06196,0.00331,15.815,13.979,14.048,14.147,10
2022-06-14 22:37:00,1.6261,-1.3293,122.1,14.049,13.226,19.059,-0.0041999999999999,0.47796,-0.00239,15.773,13.926,13.991,14.085,10
2022-06-14 22:38:00,1.6274,-1.3404,122.11,14.039,13.227,19.017,0.0007299999999999,-0.88511,-0.00102,15.733,13.842,13.926,14.016,10
2022-06-14 22:39:00,1.6266,-1.3958,122.17,14.043,13.226,18.963,0.0,0.30979,-0.00351,15.684,13.832,13.9,14.0,10
2022-06-14 22:40:00,1.6266,-1.3736,122.27,14.079,13.226,18.93,-0.00402,-0.11949,-0.0040499999999999,15.668,13.82,13.905,14.02,10
2022-06-14 22:41:00,1.6263,-1.3072,122.22,14.09,13.227,18.876,-0.00165,0.14162,0.00472,15.624,13.79,13.923,14.031,10
2022-06-14 22:42:00,1.6272,-1.3736,122.23,14.085,13.23,18.833,-0.00512,-0.11949,0.00116,15.593,13.806,13.921,13.981,10
2022-06-14 22:43:00,1.6266,-1.2961,122.26,14.117,13.231,18.792,0.0011,0.38945,0.00372,15.574,13.8,13.931,13.958,10
2022-06-14 22:44:00,1.6266,-1.3736,122.32,14.081,13.23,18.75,0.00183,-1.0489,-0.0041599999999999,15.554,13.766,13.914,13.891,10
2022-06-14 22:45:00,1.6261,-1.3293,122.37,14.032,13.232,18.705,0.0,-0.23013,0.00691,15.519,13.854,13.86,13.841,10
2022-06-14 22:46:00,1.6264,-1.3626,122.4,14.031,13.232,18.669,-0.0060299999999999,-0.1991499999999999,-0.0012199999999999,15.487,13.754,13.889,13.906,10
2022-06-14 22:47:00,1.6277,-1.3626,122.45,14.042,13.235,18.624,-0.0047499999999999,-0.0575299999999999,-0.0019599999999999,15.457,13.738,13.891,13.936,10
2022-06-14 22:48:00,1.6255,-1.2518,122.38,14.063,13.236,18.579,-0.0007299999999999,-0.71252,-0.00222,15.445,13.832,13.851,13.882,10
2022-06-14 22:49:00,1.6291,-1.4069,122.44,14.084,13.235,18.536,-0.01115,0.70367,-0.0032,15.412,13.814,13.863,13.869,10
2022-06-14 22:50:00,1.6266,-1.3958,122.4,14.092,13.235,18.492,-0.00402,-0.1903,-0.00391,15.379,13.819,13.819,13.784,10
2022-06-14 22:51:00,1.6269,-1.3626,122.43,14.09,13.236,18.451,-0.0043899999999999,-0.74792,0.0061399999999999,15.35,13.731,13.785,13.751,10
2022-06-14 22:52:00,1.6264,-1.3404,122.39,14.064,13.238,18.404,-0.00786,0.46026,-0.00289,15.294,13.585,13.774,13.793,10
2022-06-14 22:53:00,1.6266,-1.3404,122.42,14.035,13.238,18.363,-0.0007299999999999,-0.73907,-0.00638,15.273,13.642,13.719,13.715,10
2022-06-14 22:54:00,1.6269,-1.3958,122.43,14.029,13.238,18.32,0.00128,-0.2345599999999999,-0.0004,15.237,13.557,13.717,13.752,10
2022-06-14 22:55:00,1.6258,-1.4401,122.43,14.015,13.241,18.289,0.0007299999999999,-0.11507,-0.00116,15.216,13.675,13.672,13.645,10
2022-06-14 22:56:00,1.6261,-1.2961,122.56,13.992,13.239,18.244,-0.00329,0.9338,-0.00595,15.163,13.568,13.677,13.741,10
2022-06-14 22:57:00,1.6261,-1.3626,122.49,13.95,13.239,18.201,0.0014599999999999,0.13277,-0.00445,15.139,13.543,13.67,13.792,10
2022-06-14 22:58:00,1.628,-1.2961,122.54,13.911,13.24,18.164,-0.00128,-0.99576,-0.0016999999999999,15.121,13.571,13.64,13.67,10
2022-06-14 22:59:00,1.6269,-1.3847,122.56,13.901,13.241,18.119,-0.00676,0.34077,-0.0078499999999999,15.082,13.516,13.597,13.689,10
2022-06-14 23:00:00,1.6269,-1.3737,122.41,13.903,13.241,18.084,-0.0043899999999999,-0.65056,-0.0016,15.055,13.439,13.547,13.645,10
2022-06-14 23:01:00,1.6261,-1.3958,122.22,13.872,13.239,18.041,-0.0053,-0.2257099999999999,-0.00905,15.016,13.406,13.452,13.52,10
2022-06-14 23:02:00,1.6253,-1.4512,122.2,13.78,13.243,18.002,-0.00676,-0.1947299999999999,0.0048799999999999,14.949,13.379,13.334,13.391,10
2022-06-14 23:03:00,1.6269,-1.418,122.25,13.677,13.243,17.969,-0.00402,-1.0223,0.0042599999999999,14.906,13.196,13.282,13.377,10
2022-06-14 23:04:00,1.6258,-1.3958,122.23,13.586,13.243,17.928,-0.0029199999999999,-0.0531099999999999,0.0012199999999999,14.857,13.164,13.171,13.233,10
2022-06-14 23:05:00,1.6269,-1.3626,122.32,13.5,13.246,17.899,-0.00384,-0.40716,0.00256,14.81,13.023,13.104,13.165,10
2022-06-14 23:06:00,1.6264,-1.3293,122.29,13.409,13.245,17.856,-0.0054799999999999,0.1681699999999999,0.0,14.748,12.949,13.027,13.129,10
2022-06-14 23:07:00,1.6269,-1.3515,122.21,13.354,13.248,17.819,-0.00914,0.00885,0.0037299999999999,14.703,12.859,12.976,13.076,10
2022-06-14 23:08:00,1.6255,-1.3404,122.29,13.265,13.248,17.78,-0.00914,-0.0575299999999999,-0.0022899999999999,14.647,12.857,12.907,12.987,10
2022-06-14 23:09:00,1.6261,-1.3183,122.36,13.187,13.249,17.742,0.00402,1.1153,0.00332,14.585,12.793,12.856,12.955,10
2022-06-14 23:10:00,1.6255,-1.3737,122.35,13.143,13.249,17.711,-0.00329,-0.57533,0.00186,14.559,12.79,12.788,12.831,10
2022-06-14 23:11:00,1.6269,-1.418,122.38,13.094,13.25,17.668,-0.00512,-0.8806899999999999,0.00337,14.496,12.611,12.785,12.876,10
2022-06-14 23:12:00,1.6266,-1.274,122.35,13.042,13.251,17.629,-0.01243,0.60631,-0.00664,14.436,12.596,12.757,12.893,10
2022-06-14 23:13:00,1.6258,-1.418,122.37,13.061,13.251,17.598,-0.00859,-0.52222,0.0040099999999999,14.423,12.626,12.721,12.818,10
2022-06-14 23:14:00,1.6264,-1.4069,122.41,13.077,13.251,17.56,-0.00256,0.2832399999999999,-0.00288,14.376,12.639,12.676,12.763,10
2022-06-14 23:15:00,1.625,-1.3404,122.38,13.117,13.254,17.525,-0.00384,0.29209,-0.0024199999999999,14.334,12.499,12.678,12.845,10
2022-06-14 23:16:00,1.6266,-1.3293,122.47,13.153,13.252,17.492,-0.00018,-0.47797,0.0094599999999999,14.307,12.526,12.625,12.779,10
2022-06-14 23:17:00,1.6266,-1.2961,122.49,13.123,13.251,17.452,-0.00512,0.34077,-0.00562,14.254,12.403,12.574,12.771,10
2022-06-14 23:18:00,1.6261,-1.3293,122.51,13.113,13.252,17.419,-0.0027399999999999,-0.90282,0.0041799999999999,14.244,12.501,12.557,12.73,10
2022-06-14 23:19:00,1.6275,-1.3847,122.52,13.129,13.254,17.377,-0.00219,0.4292799999999999,-0.00249,14.195,12.457,12.553,12.831,10
2022-06-14 23:20:00,1.6275,-1.3183,122.52,13.123,13.253,17.348,-0.00238,-1.1595,0.00197,14.175,12.427,12.565,12.865,10
2022-06-14 23:21:00,1.6267,-1.3737,122.06,13.152,13.254,17.316,-0.0029199999999999,-0.02657,0.0015399999999999,14.159,12.449,12.585,12.879,10
2022-06-14 23:22:00,1.6275,-1.3848,122.03,13.141,13.254,17.276,-0.00768,-0.03098,-0.0001499999999999,14.128,12.404,12.505,12.823,10
2022-06-14 23:23:00,1.6253,-1.3405,122.02,13.094,13.256,17.244,-0.01078,-0.7700799999999999,0.00776,14.102,12.366,12.459,12.763,10
2022-06-14 23:24:00,1.6261,-1.3959,122.01,13.099,13.257,17.211,-0.0082299999999999,0.14605,0.0054099999999999,14.062,12.35,12.457,12.736,10
2022-06-14 23:25:00,1.6256,-1.3848,122.07,13.144,13.257,17.174,0.00366,-0.63288,-0.0032,14.037,12.291,12.429,12.67,10
2022-06-14 23:26:00,1.6261,-1.3515,122.13,13.128,13.258,17.144,-0.00201,-0.39389,0.00404,14.011,12.234,12.42,12.667,10
2022-06-14 23:27:00,1.6259,-1.3626,122.14,13.042,13.259,17.106,-0.0053,-0.4647,0.00681,13.965,12.225,12.387,12.618,10
2022-06-14 23:28:00,1.6265,-1.407,122.14,12.924,13.259,17.078,-0.00713,-0.05754,0.00214,13.924,12.179,12.318,12.563,10
2022-06-14 23:29:00,1.6262,-1.3627,122.19,12.832,13.26,17.036,0.0,-0.1062199999999999,-0.00549,13.867,12.076,12.252,12.525,10
2022-06-14 23:30:00,1.6259,-1.3959,122.31,12.779,13.26,17.004,-0.0054799999999999,-0.25228,0.00253,13.839,12.105,12.191,12.474,10
2022-06-14 23:31:00,1.6268,-1.3184,122.26,12.784,13.262,16.974,-0.0056699999999999,-0.22572,-0.0030799999999999,13.807,12.061,12.163,12.49,10
2022-06-14 23:32:00,1.6262,-1.3627,122.22,12.814,13.26,16.941,-0.0060299999999999,0.1283499999999999,-0.00169,13.774,12.034,12.162,12.46,10
2022-06-14 23:33:00,1.6256,-1.3737,122.18,12.854,13.262,16.897,-0.0064,-0.04426,-0.00483,13.74,11.976,12.107,12.407,10
2022-06-14 23:34:00,1.627,-1.407,122.21,12.858,13.263,16.874,-0.0007299999999999,-0.51783,0.00092,13.713,11.924,12.107,12.389,10
2022-06-14 23:35:00,1.6256,-1.3627,122.23,12.988,13.262,16.832,-0.0011,0.01328,0.0043099999999999,13.692,11.921,12.132,12.381,10
2022-06-14 23:36:00,1.6259,-1.3738,122.22,13.163,13.263,16.81,0.00256,-0.02655,-0.00223,13.69,11.914,12.112,12.376,10
2022-06-14 23:37:00,1.6262,-1.4292,122.23,13.212,13.264,16.777,-0.0011,-0.1018,-0.0011299999999999,13.666,11.906,12.079,12.351,10
2022-06-14 23:38:00,1.6265,-1.3848,122.23,13.237,13.266,16.737,-0.0062199999999999,-0.55325,0.00491,13.64,11.86,12.061,12.389,10
2022-06-14 23:39:00,1.6274,-1.4846,122.25,13.254,13.266,16.712,-0.00713,-0.0354099999999999,-0.0027799999999999,13.629,11.884,12.078,12.37,10
2022-06-14 23:40:00,1.6271,-1.4403,122.26,13.28,13.268,16.674,-0.0027399999999999,-0.2213,-0.00281,13.602,11.877,12.079,12.361,10
2022-06-14 23:41:00,1.6271,-1.3516,122.33,13.289,13.266,16.641,-0.0053,0.3142499999999999,-0.00192,13.589,11.877,12.055,12.387,10
2022-06-14 23:42:00,1.626,-1.3406,122.28,13.256,13.27,16.613,-0.00676,-0.13721,0.00668,13.583,11.914,12.069,12.407,10
2022-06-14 23:43:00,1.626,-1.3295,122.24,13.159,13.27,16.585,-0.0095099999999999,-1.2526,0.01406,13.575,11.924,12.082,12.401,10
2022-06-14 23:44:00,1.626,-1.396,122.27,13.03,13.268,16.551,-0.0029199999999999,-0.16377,-0.0008499999999999,13.527,11.873,12.039,12.381,10
2022-06-14 23:45:00,1.626,-1.3406,122.33,12.967,13.272,16.517,-0.00347,-0.34081,-0.00192,13.498,11.844,12.026,12.356,10
2022-06-14 23:46:00,1.6268,-1.3849,122.29,12.943,13.271,16.487,0.0,-0.2434399999999999,0.00132,13.472,11.864,12.009,12.365,10
2022-06-14 23:47:00,1.6257,-1.396,122.3,12.905,13.271,16.454,-0.0043899999999999,0.03098,-0.0002,13.445,11.755,11.981,12.381,10
2022-06-14 23:48:00,1.626,-1.3517,122.36,12.837,13.272,16.432,-0.0007299999999999,-0.98704,-0.0007699999999999,13.424,11.745,11.928,12.26,10
2022-06-14 23:49:00,1.6269,-1.3517,122.34,12.794,13.272,16.402,-0.0106,0.0708199999999999,-0.0038899999999999,13.385,11.683,11.889,12.217,10
2022-06-14 23:50:00,1.6263,-1.4071,122.43,12.808,13.272,16.37,-0.00969,0.1416399999999999,-0.0024499999999999,13.345,11.641,11.831,12.145,10
2022-06-14 23:51:00,1.6269,-1.4292,122.49,12.867,13.273,16.345,-0.00183,0.2434399999999999,0.00066,13.335,11.655,11.857,12.184,10
2022-06-14 23:52:00,1.6271,-1.4182,122.52,12.88,13.273,16.305,-0.01536,-0.5532799999999999,0.01048,13.313,11.63,11.819,12.148,10
2022-06-14 23:53:00,1.6258,-1.4625,122.52,12.875,13.274,16.277,-0.00786,-0.17705,0.00284,13.286,11.608,11.811,12.077,10
2022-06-14 23:54:00,1.6266,-1.3739,122.59,12.879,13.276,16.257,-0.00859,-1.2216,0.0112,13.271,11.638,11.787,12.027,10
2022-06-14 23:55:00,1.6269,-1.396,122.47,12.873,13.276,16.226,0.00183,-0.96492,0.0005,13.249,11.673,11.807,11.94,10
2022-06-14 23:56:00,1.6258,-1.4293,122.18,12.865,13.277,16.189,-0.00676,-0.77459,0.00508,13.217,11.726,11.745,11.872,10
2022-06-14 23:57:00,1.6266,-1.2077,122.2,12.849,13.277,16.162,-0.00402,-1.2305,0.00645,13.197,11.633,11.716,11.868,10
2022-06-14 23:58:00,1.6247,-1.3074,122.25,12.866,13.279,16.134,-0.00238,-1.4385,0.0004099999999999,13.169,11.544,11.699,11.916,10
2022-06-14 23:59:00,1.6261,-1.2077,122.21,12.844,13.278,16.104,-0.00877,-1.2438,0.0092099999999999,13.136,11.526,11.625,11.864,10
