measured_on,ac_current__758,ac_power_1__767,ac_power_2__768,ac_power__752,ac_volts__757,ambient_temp__759,das_battery_voltage__769,das_temperature__764,dc_neg_current__756,dc_neg_voltage__755,dc_pos_current__754,dc_pos_voltage__753,dc_power_1__765,dc_power_2__766,dc_power__751,inverter_temp_2__770,inveter_temp__763,module_temp_1__760,module_temp_2__761,module_temp_3__762,poa_irradiance__750,system_id
2015-10-04 00:00:00,0.0,3.8323,-0.24798,3.5843,0.0,11.954,13.774,23.068,0.00676,0.7113399999999999,0.0,0.0,0.0,0.00481,0.00481,0.0,-99999.0,21.616,21.383,11.903,-99999.0,50
2015-10-04 00:01:00,0.0,3.7872,-0.1578,3.6294,0.0,11.926,13.774,23.072,0.00676,0.6711099999999999,0.0,0.0,0.0,0.0045399999999999,0.0045399999999999,0.0,-99999.0,21.674,21.474,11.877,-99999.0,50
2015-10-04 00:02:00,0.0,3.8323,-0.2028899999999999,3.6294,0.0,11.868,13.774,23.082,0.00676,0.6541799999999999,0.0,0.0,0.0,0.00442,0.00442,0.0,-99999.0,21.705,21.546,11.852,-99999.0,50
2015-10-04 00:03:00,0.0,3.7872,-0.1578,3.6294,0.0,11.965,13.774,23.082,0.00676,0.62877,0.0,0.0,0.0,0.00425,0.00425,0.0,-99999.0,21.727,21.588,11.868,-99999.0,50
2015-10-04 00:04:00,0.0,3.7872,-0.18034,3.6068,0.0,12.016,13.774,23.085,0.00676,0.62877,0.0,0.0,0.0,0.00425,0.00425,0.0,-99999.0,21.762,21.604,11.863,-99999.0,50
2015-10-04 00:05:00,0.0,3.7647,-0.20288,3.5618,0.0,12.05,13.773,23.093,0.00676,0.61395,0.0,0.0,0.0,0.00415,0.00415,0.0,-99999.0,21.743,21.57,11.859,-99999.0,50
2015-10-04 00:06:00,0.0,3.8323,-0.2254299999999999,3.6069,0.0,11.991,13.774,23.095,0.00676,0.64358,0.0,0.0,0.0,0.0043499999999999,0.0043499999999999,0.0,-99999.0,21.664,21.48,11.844,-99999.0,50
2015-10-04 00:07:00,0.0,3.7646,-0.09017,3.6744,0.0,11.91,13.773,23.095,0.00676,0.65629,0.0,0.0,0.0,0.00444,0.00444,0.0,-99999.0,21.568,21.355,11.816,-99999.0,50
2015-10-04 00:08:00,0.0,3.8097,-0.18034,3.6294,0.0,11.901,13.774,23.104,0.00676,0.66052,0.0,0.0,0.0,0.00447,0.00447,0.0,-99999.0,21.536,21.321,11.808,-99999.0,50
2015-10-04 00:09:00,0.0,3.8097,-0.24797,3.5617,0.0,11.879,13.774,23.108,0.00676,0.61818,0.0,0.0,0.0,0.0041799999999999,0.0041799999999999,0.0,-99999.0,21.551,21.326,11.806,-99999.0,50
2015-10-04 00:10:00,0.0,3.8097,-0.33815,3.4715,0.0,11.892,13.774,23.108,0.00676,0.6097099999999999,0.0,0.0,0.0,0.00412,0.00412,0.0,-99999.0,21.564,21.339,11.795,-99999.0,50
2015-10-04 00:11:00,0.0,3.7872,-0.24797,3.5392,0.0,11.834,13.773,23.108,0.00676,0.6266399999999999,0.0,0.0,0.0,0.0042399999999999,0.0042399999999999,0.0,-99999.0,21.592,21.402,11.759,-99999.0,50
2015-10-04 00:12:00,0.0,3.7646,-0.18034,3.5842,0.0,11.873,13.772,23.113,0.00676,0.6456899999999999,0.0,0.0,0.0,0.0043699999999999,0.0043699999999999,0.0,-99999.0,21.614,21.432,11.786,-99999.0,50
2015-10-04 00:13:00,0.0,3.8323,-0.2705099999999999,3.5618,0.0,11.858,13.774,23.122,0.00676,0.6075899999999999,0.0,0.0,0.0,0.0041099999999999,0.0041099999999999,0.0,-99999.0,21.606,21.42,11.786,-99999.0,50
2015-10-04 00:14:00,0.0,3.8097,-0.1352599999999999,3.6745,0.0,11.845,13.774,23.122,0.00676,0.62453,0.0,0.0,0.0,0.0042199999999999,0.0042199999999999,0.0,-99999.0,21.541,21.35,11.757,-99999.0,50
2015-10-04 00:15:00,0.0,3.9675,-0.2930499999999999,3.6745,0.0,11.83,13.773,23.122,0.00676,0.58854,0.0,0.0,0.0,0.00398,0.00398,0.0,-99999.0,21.45,21.245,11.734,-99999.0,50
2015-10-04 00:16:00,0.0,3.8999,-0.2254299999999999,3.6745,0.0,11.784,13.774,23.122,0.00676,0.60969,0.0,0.0,0.0,0.00412,0.00412,0.0,-99999.0,21.347,21.096,11.692,-99999.0,50
2015-10-04 00:17:00,0.0,3.742,-0.11271,3.6292,0.0,11.745,13.772,23.129,0.00676,0.6266399999999999,0.0,0.0,0.0,0.0042399999999999,0.0042399999999999,0.0,-99999.0,21.301,21.037,11.675,-99999.0,50
2015-10-04 00:18:00,0.0,3.787,-0.11271,3.6743,0.0,11.751,13.771,23.134,0.00676,0.64992,0.0,0.0,0.0,0.0044,0.0044,0.0,-99999.0,21.324,21.049,11.669,-99999.0,50
2015-10-04 00:19:00,0.0,3.6969,-0.1578,3.5391,0.0,11.736,13.772,23.135,0.00676,0.65627,0.0,0.0,0.0,0.00444,0.00444,0.0,-99999.0,21.362,21.096,11.658,-99999.0,50
2015-10-04 00:20:00,0.0,3.8323,-0.24797,3.5843,0.0,11.727,13.773,23.135,0.00676,0.64781,0.0,0.0,0.0,0.00438,0.00438,0.0,-99999.0,21.382,21.166,11.652,-99999.0,50
2015-10-04 00:21:00,0.0,3.8097,-0.11271,3.6969,0.0,11.735,13.773,23.136,0.00676,0.6435699999999999,0.0,0.0,0.0,0.0043499999999999,0.0043499999999999,0.0,-99999.0,21.392,21.201,11.64,-99999.0,50
2015-10-04 00:22:00,0.0,3.8999,-0.2930499999999999,3.6068,0.0,11.684,13.773,23.135,0.00676,0.6329799999999999,0.0,0.0,0.0,0.00428,0.00428,0.0,-99999.0,21.383,21.154,11.626,-99999.0,50
2015-10-04 00:23:00,0.0,3.7871,-0.0676299999999999,3.7195,0.0,11.698,13.773,23.135,0.00676,0.66263,0.0,0.0,0.0,0.0044799999999999,0.0044799999999999,0.0,-99999.0,21.33,21.087,11.62,-99999.0,50
2015-10-04 00:24:00,0.0,3.742,-0.1352599999999999,3.6068,0.0,11.66,13.773,23.136,0.00676,0.67108,0.0,0.0,0.0,0.0045399999999999,0.0045399999999999,0.0,-99999.0,21.261,21.004,11.595,-99999.0,50
2015-10-04 00:25:00,0.0,3.8322,-0.2930499999999999,3.5392,0.0,11.662,13.773,23.144,0.00676,0.67108,0.0,0.0,0.0,0.0045399999999999,0.0045399999999999,0.0,-99999.0,21.176,20.91,11.586,-99999.0,50
2015-10-04 00:26:00,0.0,3.7871,0.0676299999999999,3.8547,0.0,11.623,13.773,23.143,0.00676,0.6795499999999999,0.0,0.0,0.0,0.0045999999999999,0.0045999999999999,0.0,-99999.0,21.063,20.774,11.56,-99999.0,50
2015-10-04 00:27:00,0.0,3.8096,-0.2028899999999999,3.6067,0.0,11.635,13.772,23.147,0.00676,0.7218999999999999,0.0,0.0,0.0,0.0048799999999999,0.0048799999999999,0.0,-99999.0,21.034,20.752,11.555,-99999.0,50
2015-10-04 00:28:00,0.0,3.7871,-0.20288,3.5842,0.0,11.671,13.772,23.146,0.00676,0.7515399999999999,0.0,0.0,0.0,0.00508,0.00508,0.0,-99999.0,21.04,20.779,11.564,-99999.0,50
2015-10-04 00:29:00,0.0,3.7871,-0.13525,3.6519,0.0,11.661,13.772,23.142,0.00676,0.76422,0.0,0.0,0.0,0.00517,0.00517,0.0,-99999.0,21.063,20.806,11.545,-99999.0,50
2015-10-04 00:30:00,0.0,3.8096,-0.18034,3.6293,0.0,11.668,13.773,23.138,0.00676,0.79598,0.0,0.0,0.0,0.00538,0.00538,0.0,-99999.0,21.082,20.864,11.554,-99999.0,50
2015-10-04 00:31:00,0.0,3.7871,-0.13525,3.6519,0.0,11.681,13.773,23.135,0.00676,0.8065999999999999,0.0,0.0,0.0,0.00545,0.00545,0.0,-99999.0,21.116,20.889,11.561,-99999.0,50
2015-10-04 00:32:00,0.0,3.8321,-0.15779,3.6743,0.0,11.753,13.772,23.137,0.00676,0.7621,0.0,0.0,0.0,0.00515,0.00515,0.0,-99999.0,21.163,20.902,11.621,-99999.0,50
2015-10-04 00:33:00,0.0,3.787,-0.18034,3.6067,0.0,11.723,13.773,23.135,0.00676,0.75577,0.0,0.0,0.0,0.00511,0.00511,0.0,-99999.0,21.171,20.895,11.623,-99999.0,50
2015-10-04 00:34:00,0.0,3.8547,-0.3155999999999999,3.5392,0.0,11.725,13.773,23.135,0.00676,0.7853999999999999,0.0,0.0,0.0,0.0053099999999999,0.0053099999999999,0.0,-99999.0,21.162,20.875,11.625,-99999.0,50
2015-10-04 00:35:00,0.0,3.7645,-0.13525,3.6293,0.0,11.809,13.773,23.135,0.00676,0.76636,0.0,0.0,0.0,0.0051799999999999,0.0051799999999999,0.0,-99999.0,21.133,20.839,11.641,-99999.0,50
2015-10-04 00:36:00,0.0,3.787,-0.2028699999999999,3.5841,0.0,11.759,13.772,23.135,0.00676,0.7536199999999998,0.0,0.0,0.0,0.0051,0.0051,0.0,-99999.0,21.119,20.832,11.638,-99999.0,50
2015-10-04 00:37:00,0.0,3.8322,-0.22542,3.6068,0.0,11.712,13.773,23.135,0.00676,0.75367,0.0,0.0,0.0,0.0051,0.0051,0.0,-99999.0,21.155,20.866,11.63,-99999.0,50
2015-10-04 00:38:00,0.0,3.8095,-0.15779,3.6517,0.0,11.725,13.772,23.135,0.00676,0.7600099999999999,0.0,0.0,0.0,0.0051399999999999,0.0051399999999999,0.0,-99999.0,21.234,20.925,11.674,-99999.0,50
2015-10-04 00:39:00,0.0,3.8322,-0.15779,3.6744,0.0,11.763,13.773,23.135,0.00676,0.71554,0.0,0.0,0.0,0.0048399999999999,0.0048399999999999,0.0,-99999.0,21.326,21.03,11.678,-99999.0,50
2015-10-04 00:40:00,0.0,3.7871,-0.22542,3.5617,0.0,11.825,13.773,23.135,0.00676,0.72613,0.0,0.0,0.0,0.00491,0.00491,0.0,-99999.0,21.403,21.151,11.695,-99999.0,50
2015-10-04 00:41:00,0.0,3.7871,-0.1803299999999999,3.6068,0.0,11.854,13.772,23.135,0.00676,0.72403,0.0,0.0,0.0,0.0048999999999999,0.0048999999999999,0.0,-99999.0,21.432,21.189,11.72,-99999.0,50
2015-10-04 00:42:00,0.0,3.8097,-0.20288,3.6068,0.0,11.962,13.774,23.135,0.00676,0.6965,0.0,0.0,0.0,0.0047099999999999,0.0047099999999999,0.0,-99999.0,21.395,21.152,11.722,-99999.0,50
2015-10-04 00:43:00,0.0,3.8322,-0.18034,3.6519,0.0,11.985,13.772,23.135,0.00676,0.69861,0.0,0.0,0.0,0.00472,0.00472,0.0,-99999.0,21.327,21.08,11.731,-99999.0,50
2015-10-04 00:44:00,0.0,3.7644,-0.1578,3.6066,0.0,11.92,13.772,23.135,0.00676,0.69225,0.0,0.0,0.0,0.00468,0.00468,0.0,-99999.0,21.262,20.991,11.716,-99999.0,50
2015-10-04 00:45:00,0.0,3.7871,-0.18034,3.6067,0.0,11.901,13.773,23.135,0.00676,0.6604999999999999,0.0,0.0,0.0,0.00447,0.00447,0.0,-99999.0,21.264,20.985,11.727,-99999.0,50
2015-10-04 00:46:00,0.0,3.7871,-0.18034,3.6068,0.0,11.75,13.772,23.135,0.00676,0.66475,0.0,0.0,0.0,0.0044999999999999,0.0044999999999999,0.0,-99999.0,21.31,21.039,11.711,-99999.0,50
2015-10-04 00:47:00,0.0,3.787,-0.20288,3.5842,0.0,11.698,13.772,23.135,0.00676,0.6499099999999999,0.0,0.0,0.0,0.0044,0.0044,0.0,-99999.0,21.353,21.078,11.662,-99999.0,50
2015-10-04 00:48:00,0.0,3.742,-0.18034,3.5616,0.0,11.729,13.772,23.135,0.00676,0.65839,0.0,0.0,0.0,0.00445,0.00445,0.0,-99999.0,21.355,21.114,11.671,-99999.0,50
2015-10-04 00:49:00,0.0,3.787,-0.1352599999999999,3.6517,0.0,11.797,13.771,23.135,0.00676,0.6604999999999999,0.0,0.0,0.0,0.00447,0.00447,0.0,-99999.0,21.389,21.212,11.689,-99999.0,50
2015-10-04 00:50:00,0.0,3.8096,-0.18034,3.6292,0.0,11.708,13.772,23.135,0.00676,0.6901399999999999,0.0,0.0,0.0,0.0046699999999999,0.0046699999999999,0.0,-99999.0,21.426,21.249,11.659,-99999.0,50
2015-10-04 00:51:00,0.0,3.8096,-0.22542,3.5842,0.0,11.705,13.773,23.135,0.00676,0.68166,0.0,0.0,0.0,0.00461,0.00461,0.0,-99999.0,21.395,21.193,11.657,-99999.0,50
2015-10-04 00:52:00,0.0,3.8097,-0.24796,3.5617,0.0,11.734,13.772,23.135,0.00676,0.67954,0.0,0.0,0.0,0.0045999999999999,0.0045999999999999,0.0,-99999.0,21.324,21.101,11.642,-99999.0,50
2015-10-04 00:53:00,0.0,3.7871,-0.0676299999999999,3.7195,0.0,11.748,13.773,23.135,0.00676,0.70496,0.0,0.0,0.0,0.0047699999999999,0.0047699999999999,0.0,-99999.0,21.227,20.984,11.646,-99999.0,50
2015-10-04 00:54:00,0.0,3.8322,-0.1578,3.6744,0.0,11.761,13.773,23.135,0.00676,0.71131,0.0,0.0,0.0,0.00481,0.00481,0.0,-99999.0,21.207,20.969,11.66,-99999.0,50
2015-10-04 00:55:00,0.0,3.8322,-0.1578,3.6744,0.0,11.795,13.772,23.135,0.00676,0.7113,0.0,0.0,0.0,0.00481,0.00481,0.0,-99999.0,21.272,21.03,11.672,-99999.0,50
2015-10-04 00:56:00,0.0,3.8322,-0.15779,3.6744,0.0,11.845,13.773,23.135,0.00676,0.68378,0.0,0.0,0.0,0.00462,0.00462,0.0,-99999.0,21.374,21.132,11.689,-99999.0,50
2015-10-04 00:57:00,0.0,3.787,-0.11271,3.6743,0.0,11.977,13.772,23.136,0.00676,0.66049,0.0,0.0,0.0,0.00447,0.00447,0.0,-99999.0,21.461,21.254,11.71,-99999.0,50
2015-10-04 00:58:00,0.0,3.7646,-0.18034,3.5842,0.0,11.886,13.772,23.135,0.00676,0.62028,0.0,0.0,0.0,0.00419,0.00419,0.0,-99999.0,21.534,21.367,11.711,-99999.0,50
2015-10-04 00:59:00,0.0,3.8322,-0.20288,3.6293,0.0,11.979,13.772,23.135,0.00676,0.61816,0.0,0.0,0.0,0.0041799999999999,0.0041799999999999,0.0,-99999.0,21.561,21.391,11.73,-99999.0,50
2015-10-04 01:00:00,0.0,3.8096,-0.18034,3.6293,0.0,12.024,13.773,23.135,0.00676,0.66685,0.0,0.0,0.0,0.00451,0.00451,0.0,-99999.0,21.541,21.364,11.741,-99999.0,50
2015-10-04 01:01:00,0.0,3.7871,-0.18034,3.6068,0.0,11.976,13.771,23.137,0.00676,0.7346,0.0,0.0,0.0,0.0049699999999999,0.0049699999999999,0.0,-99999.0,21.495,21.299,11.755,-99999.0,50
2015-10-04 01:02:00,0.0,3.8321,-0.18034,3.6518,0.0,11.946,13.772,23.138,0.00676,0.76636,0.0,0.0,0.0,0.0051799999999999,0.0051799999999999,0.0,-99999.0,21.448,21.229,11.752,-99999.0,50
2015-10-04 01:03:00,0.0,3.8322,-0.2705,3.5617,0.0,11.865,13.772,23.147,0.00676,0.75578,0.0,0.0,0.0,0.00511,0.00511,0.0,-99999.0,21.395,21.154,11.737,-99999.0,50
2015-10-04 01:04:00,0.0,3.8096,-0.2254299999999999,3.5842,0.0,11.756,13.772,23.148,0.00676,0.7134399999999999,0.0,0.0,0.0,0.0048199999999999,0.0048199999999999,0.0,-99999.0,21.343,21.099,11.713,-99999.0,50
2015-10-04 01:05:00,0.0,3.8096,-0.22542,3.5842,0.0,11.738,13.772,23.148,0.00676,0.7134399999999999,0.0,0.0,0.0,0.0048199999999999,0.0048199999999999,0.0,-99999.0,21.36,21.123,11.684,-99999.0,50
2015-10-04 01:06:00,0.0,3.787,-0.1578,3.6292,0.0,11.726,13.772,23.148,0.00676,0.7197799999999999,0.0,0.0,0.0,0.00487,0.00487,0.0,-99999.0,21.396,21.168,11.66,-99999.0,50
2015-10-04 01:07:00,0.0,3.8096,-0.2705099999999999,3.5391,0.0,11.695,13.772,23.148,0.00676,0.7134399999999999,0.0,0.0,0.0,0.0048199999999999,0.0048199999999999,0.0,-99999.0,21.408,21.197,11.631,-99999.0,50
2015-10-04 01:08:00,0.0,3.8096,-0.24796,3.5616,0.0,11.731,13.77,23.148,0.00676,0.67742,0.0,0.0,0.0,0.0045799999999999,0.0045799999999999,0.0,-99999.0,21.423,21.241,11.634,-99999.0,50
2015-10-04 01:09:00,0.0,3.7645,-0.02254,3.742,0.0,11.781,13.772,23.149,0.00676,0.65203,0.0,0.0,0.0,0.0044099999999999,0.0044099999999999,0.0,-99999.0,21.431,21.239,11.634,-99999.0,50
2015-10-04 01:10:00,0.0,3.7646,-0.20288,3.5617,0.0,11.826,13.772,23.157,0.00676,0.6139299999999999,0.0,0.0,0.0,0.00415,0.00415,0.0,-99999.0,21.406,21.193,11.654,-99999.0,50
2015-10-04 01:11:00,0.0,3.8096,-0.11271,3.6969,0.0,11.861,13.771,23.163,0.00676,0.5990999999999999,0.0,0.0,0.0,0.0040499999999999,0.0040499999999999,0.0,-99999.0,21.358,21.123,11.671,-99999.0,50
2015-10-04 01:12:00,0.0,3.787,-0.22542,3.5615,0.0,11.858,13.772,23.162,0.00676,0.55888,0.0,0.0,0.0,0.0037799999999999,0.0037799999999999,0.0,-99999.0,21.311,21.039,11.677,-99999.0,50
2015-10-04 01:13:00,0.0,3.8096,-0.13525,3.6744,0.0,11.824,13.772,23.162,0.00676,0.5652399999999999,0.0,0.0,0.0,0.00382,0.00382,0.0,-99999.0,21.259,20.972,11.666,-99999.0,50
2015-10-04 01:14:00,0.0,3.7646,-0.13525,3.6293,0.0,11.776,13.771,23.162,0.00676,0.60333,0.0,0.0,0.0,0.00408,0.00408,0.0,-99999.0,21.193,20.895,11.65,-99999.0,50
2015-10-04 01:15:00,0.0,3.8096,-0.20288,3.6067,0.0,11.753,13.772,23.162,0.00676,0.60968,0.0,0.0,0.0,0.00412,0.00412,0.0,-99999.0,21.166,20.881,11.653,-99999.0,50
2015-10-04 01:16:00,0.0,3.7871,-0.22542,3.5616,0.0,11.779,13.771,23.165,0.00676,0.60757,0.0,0.0,0.0,0.0041099999999999,0.0041099999999999,0.0,-99999.0,21.195,20.931,11.671,-99999.0,50
2015-10-04 01:17:00,0.0,3.8096,-0.15779,3.6518,0.0,11.815,13.772,23.174,0.00676,0.58216,0.0,0.0,0.0,0.0039399999999999,0.0039399999999999,0.0,-99999.0,21.259,20.996,11.68,-99999.0,50
2015-10-04 01:18:00,0.0,3.8321,-0.18034,3.6518,0.0,11.807,13.771,23.173,0.00676,0.55888,0.0,0.0,0.0,0.0037799999999999,0.0037799999999999,0.0,-99999.0,21.297,21.052,11.684,-99999.0,50
2015-10-04 01:19:00,0.0,3.8096,-0.15779,3.6518,0.0,11.784,13.771,23.175,0.00676,0.58004,0.0,0.0,0.0,0.0039199999999999,0.0039199999999999,0.0,-99999.0,21.313,21.08,11.672,-99999.0,50
2015-10-04 01:20:00,0.0,3.8095,-0.22542,3.5841,0.0,11.805,13.771,23.175,0.00676,0.6075599999999999,0.0,0.0,0.0,0.0041099999999999,0.0041099999999999,0.0,-99999.0,21.304,21.059,11.693,-99999.0,50
2015-10-04 01:21:00,0.0,3.787,-0.18034,3.6066,0.0,11.819,13.771,23.175,0.00676,0.60969,0.0,0.0,0.0,0.00412,0.00412,0.0,-99999.0,21.266,21.009,11.696,-99999.0,50
2015-10-04 01:22:00,0.0,3.8096,-0.1803299999999999,3.6292,0.0,11.819,13.77,23.175,0.00676,0.60969,0.0,0.0,0.0,0.00412,0.00412,0.0,-99999.0,21.207,20.941,11.707,-99999.0,50
2015-10-04 01:23:00,0.0,3.8772,-0.3381199999999999,3.5391,0.0,11.806,13.77,23.175,0.00676,0.60333,0.0,0.0,0.0,0.00408,0.00408,0.0,-99999.0,21.153,20.873,11.692,-99999.0,50
2015-10-04 01:24:00,0.0,3.8095,-0.24796,3.5615,0.0,11.755,13.772,23.175,0.00676,0.5821699999999999,0.0,0.0,0.0,0.0039399999999999,0.0039399999999999,0.0,-99999.0,21.084,20.796,11.675,-99999.0,50
2015-10-04 01:25:00,0.0,3.8096,-0.20288,3.6067,0.0,11.788,13.772,23.175,0.00676,0.55252,0.0,0.0,0.0,0.0037399999999999,0.0037399999999999,0.0,-99999.0,21.057,20.791,11.673,-99999.0,50
2015-10-04 01:26:00,0.0,3.787,-0.04508,3.7419,0.0,11.821,13.771,23.175,0.00676,0.5398199999999999,0.0,0.0,0.0,0.00365,0.00365,0.0,-99999.0,21.118,20.873,11.695,-99999.0,50
2015-10-04 01:27:00,0.0,3.787,-0.02254,3.7644,0.0,11.852,13.771,23.175,0.00676,0.5292299999999999,0.0,0.0,0.0,0.0035799999999999,0.0035799999999999,0.0,-99999.0,21.215,20.964,11.709,-99999.0,50
2015-10-04 01:28:00,0.0,3.7644,-0.1578,3.6066,0.0,11.737,13.771,23.176,0.00676,0.5483,0.0,0.0,0.0,0.00371,0.00371,0.0,-99999.0,21.281,21.052,11.676,-99999.0,50
2015-10-04 01:29:00,0.0,3.8095,-0.13525,3.6743,0.0,11.729,13.771,23.181,0.00676,0.57369,0.0,0.0,0.0,0.00388,0.00388,0.0,-99999.0,21.316,21.098,11.655,-99999.0,50
2015-10-04 01:30:00,0.0,3.8997,-0.24796,3.6518,0.0,11.733,13.771,23.187,0.00676,0.6118,0.0,0.0,0.0,0.0041399999999999,0.0041399999999999,0.0,-99999.0,21.339,21.106,11.655,-99999.0,50
2015-10-04 01:31:00,0.0,3.8546,-0.3155899999999999,3.539,0.0,11.777,13.769,23.188,0.00676,0.64566,0.0,0.0,0.0,0.0043699999999999,0.0043699999999999,0.0,-99999.0,21.316,21.068,11.659,-99999.0,50
2015-10-04 01:32:00,0.0,3.8095,-0.1578,3.6517,0.0,11.797,13.771,23.188,0.00676,0.6859,0.0,0.0,0.0,0.00464,0.00464,0.0,-99999.0,21.276,21.011,11.671,-99999.0,50
2015-10-04 01:33:00,0.0,3.8096,-0.24796,3.5616,0.0,11.755,13.771,23.188,0.00676,0.7091699999999999,0.0,0.0,0.0,0.0047999999999999,0.0047999999999999,0.0,-99999.0,21.236,20.962,11.652,-99999.0,50
2015-10-04 01:34:00,0.0,3.8546,-0.2705,3.5841,0.0,11.729,13.771,23.188,0.00676,0.7006999999999999,0.0,0.0,0.0,0.00474,0.00474,0.0,-99999.0,21.196,20.906,11.638,-99999.0,50
2015-10-04 01:35:00,0.0,3.8321,-0.22542,3.6067,0.0,11.722,13.771,23.188,0.00676,0.70282,0.0,0.0,0.0,0.0047499999999999,0.0047499999999999,0.0,-99999.0,21.125,20.818,11.622,-99999.0,50
2015-10-04 01:36:00,0.0,3.787,-0.13525,3.6517,0.0,11.742,13.77,23.188,0.00676,0.7134099999999999,0.0,0.0,0.0,0.0048199999999999,0.0048199999999999,0.0,-99999.0,21.093,20.8,11.617,-99999.0,50
2015-10-04 01:37:00,0.0,3.832,-0.24796,3.5841,0.0,11.731,13.771,23.188,0.00676,0.7112899999999999,0.0,0.0,0.0,0.00481,0.00481,0.0,-99999.0,21.137,20.878,11.614,-99999.0,50
2015-10-04 01:38:00,0.0,3.8095,-0.2705,3.539,0.0,11.731,13.77,23.188,0.00676,0.70494,0.0,0.0,0.0,0.0047699999999999,0.0047699999999999,0.0,-99999.0,21.21,20.955,11.625,-99999.0,50
2015-10-04 01:39:00,0.0,3.787,-0.1803299999999999,3.6066,0.0,11.819,13.771,23.188,0.00676,0.7070699999999999,0.0,0.0,0.0,0.00478,0.00478,0.0,-99999.0,21.283,21.077,11.654,-99999.0,50
2015-10-04 01:40:00,0.0,3.7644,-0.04508,3.7193,0.0,11.933,13.771,23.188,0.00676,0.72187,0.0,0.0,0.0,0.0048799999999999,0.0048799999999999,0.0,-99999.0,21.356,21.161,11.676,-99999.0,50
2015-10-04 01:41:00,0.0,3.8321,-0.18034,3.6518,0.0,11.911,13.77,23.188,0.00676,0.75999,0.0,0.0,0.0,0.0051399999999999,0.0051399999999999,0.0,-99999.0,21.379,21.169,11.677,-99999.0,50
2015-10-04 01:42:00,0.0,3.7644,-0.15779,3.6066,0.0,11.882,13.771,23.188,0.00676,0.76211,0.0,0.0,0.0,0.00515,0.00515,0.0,-99999.0,21.359,21.143,11.684,-99999.0,50
2015-10-04 01:43:00,0.0,3.832,-0.1803299999999999,3.6517,0.0,11.948,13.77,23.192,0.00676,0.76211,0.0,0.0,0.0,0.00515,0.00515,0.0,-99999.0,21.335,21.108,11.695,-99999.0,50
2015-10-04 01:44:00,0.0,3.8095,-0.1803299999999999,3.6292,0.0,11.987,13.771,23.199,0.00676,0.7748,0.0,0.0,0.0,0.0052399999999999,0.0052399999999999,0.0,-99999.0,21.32,21.076,11.721,-99999.0,50
2015-10-04 01:45:00,0.0,3.8096,-0.20288,3.6067,0.0,11.964,13.771,23.202,0.00676,0.81291,0.0,0.0,0.0,0.0054999999999999,0.0054999999999999,0.0,-99999.0,21.336,21.1,11.732,-99999.0,50
2015-10-04 01:46:00,0.0,3.8095,-0.1803299999999999,3.6292,0.0,11.947,13.768,23.202,0.00676,0.79808,0.0,0.0,0.0,0.0054,0.0054,0.0,-99999.0,21.38,21.168,11.755,-99999.0,50
2015-10-04 01:47:00,0.0,3.8096,-0.22542,3.5841,0.0,11.962,13.771,23.202,0.00676,0.73668,0.0,0.0,0.0,0.00498,0.00498,0.0,-99999.0,21.468,21.253,11.752,-99999.0,50
2015-10-04 01:48:00,0.0,3.8095,-0.2028699999999999,3.6066,0.0,11.982,13.77,23.202,0.00676,0.7112899999999999,0.0,0.0,0.0,0.00481,0.00481,0.0,-99999.0,21.547,21.354,11.739,-99999.0,50
2015-10-04 01:49:00,0.0,3.8321,-0.2028699999999999,3.6292,0.0,11.81,13.77,23.202,0.00676,0.7134099999999999,0.0,0.0,0.0,0.0048199999999999,0.0048199999999999,0.0,-99999.0,21.592,21.454,11.708,-99999.0,50
2015-10-04 01:50:00,0.0,3.787,-0.1803299999999999,3.6067,0.0,11.809,13.77,23.202,0.00676,0.73246,0.0,0.0,0.0,0.00495,0.00495,0.0,-99999.0,21.619,21.533,11.702,-99999.0,50
2015-10-04 01:51:00,0.0,3.7869,-0.1803299999999999,3.6066,0.0,11.884,13.769,23.202,0.00676,0.75787,0.0,0.0,0.0,0.00513,0.00513,0.0,-99999.0,21.61,21.549,11.707,-99999.0,50
2015-10-04 01:52:00,0.0,3.8095,-0.2705,3.539,0.0,11.901,13.771,23.203,0.00676,0.7621,0.0,0.0,0.0,0.00515,0.00515,0.0,-99999.0,21.555,21.495,11.712,-99999.0,50
2015-10-04 01:53:00,0.0,3.8095,-0.2028699999999999,3.6066,0.0,11.845,13.77,23.215,0.00676,0.7726899999999999,0.0,0.0,0.0,0.00523,0.00523,0.0,-99999.0,21.53,21.457,11.71,-99999.0,50
2015-10-04 01:54:00,0.0,3.8095,-0.2705,3.539,0.0,11.778,13.77,23.215,0.00676,0.80866,0.0,0.0,0.0,0.00547,0.00547,0.0,-99999.0,21.531,21.479,11.695,-99999.0,50
2015-10-04 01:55:00,0.0,3.7869,-0.3606599999999999,3.4263,0.0,11.8,13.77,23.215,0.00676,0.8128999999999998,0.0,0.0,0.0,0.0054999999999999,0.0054999999999999,0.0,-99999.0,21.584,21.554,11.68,-99999.0,50
2015-10-04 01:56:00,0.0,3.8546,-0.31558,3.539,0.0,11.82,13.77,23.215,0.00676,0.8065499999999999,0.0,0.0,0.0,0.00545,0.00545,0.0,-99999.0,21.622,21.634,11.671,-99999.0,50
2015-10-04 01:57:00,0.0,3.7419,-0.1803299999999999,3.5615,0.0,11.807,13.77,23.218,0.00676,0.8128999999999998,0.0,0.0,0.0,0.0054999999999999,0.0054999999999999,0.0,-99999.0,21.656,21.706,11.663,-99999.0,50
2015-10-04 01:58:00,0.0,3.7193,-0.04508,3.6742,0.0,11.823,13.769,23.227,0.00676,0.8128999999999998,0.0,0.0,0.0,0.0054999999999999,0.0054999999999999,0.0,-99999.0,21.682,21.781,11.67,-99999.0,50
2015-10-04 01:59:00,0.0,3.8095,-0.2028699999999999,3.6066,0.0,11.791,13.77,23.228,0.00676,0.81715,0.0,0.0,0.0,0.00553,0.00553,0.0,-99999.0,21.689,21.793,11.656,-99999.0,50
2015-10-04 02:00:00,0.0,3.7644,-0.2028699999999999,3.5615,0.0,11.783,13.77,23.228,0.00676,0.81925,0.0,0.0,0.0,0.0055399999999999,0.0055399999999999,0.0,-99999.0,21.648,21.725,11.648,-99999.0,50
2015-10-04 02:01:00,0.0,3.832,-0.24796,3.5841,0.0,11.762,13.768,23.236,0.00676,0.83831,0.0,0.0,0.0,0.0056699999999999,0.0056699999999999,0.0,-99999.0,21.598,21.64,11.64,-99999.0,50
2015-10-04 02:02:00,0.0,3.8546,-0.1803299999999999,3.6742,0.0,11.765,13.769,23.242,0.00676,0.81501,0.0,0.0,0.0,0.00551,0.00551,0.0,-99999.0,21.577,21.599,11.631,-99999.0,50
2015-10-04 02:03:00,0.0,3.832,-0.15779,3.6743,0.0,11.722,13.769,23.242,0.00676,0.79385,0.0,0.0,0.0,0.0053699999999999,0.0053699999999999,0.0,-99999.0,21.581,21.596,11.604,-99999.0,50
2015-10-04 02:04:00,0.0,3.8095,-0.11271,3.6968,0.0,11.722,13.769,23.248,0.00676,0.76209,0.0,0.0,0.0,0.00515,0.00515,0.0,-99999.0,21.607,21.633,11.599,-99999.0,50
2015-10-04 02:05:00,0.0,3.832,-0.15779,3.6742,0.0,11.745,13.769,23.255,0.00676,0.75363,0.0,0.0,0.0,0.0051,0.0051,0.0,-99999.0,21.649,21.701,11.602,-99999.0,50
2015-10-04 02:06:00,0.0,3.7644,-0.1803299999999999,3.5841,0.0,11.75,13.769,23.255,0.00676,0.75575,0.0,0.0,0.0,0.00511,0.00511,0.0,-99999.0,21.664,21.751,11.587,-99999.0,50
2015-10-04 02:07:00,0.0,3.7869,-0.11271,3.6742,0.0,11.727,13.768,23.257,0.00676,0.7494,0.0,0.0,0.0,0.0050699999999999,0.0050699999999999,0.0,-99999.0,21.635,21.786,11.572,-99999.0,50
2015-10-04 02:08:00,0.0,3.787,-0.13525,3.6517,0.0,11.753,13.768,23.269,0.00676,0.72823,0.0,0.0,0.0,0.0049199999999999,0.0049199999999999,0.0,-99999.0,21.634,21.832,11.574,-99999.0,50
2015-10-04 02:09:00,0.0,3.7418,-0.06762,3.6742,0.0,11.76,13.768,23.269,0.00676,0.7112899999999999,0.0,0.0,0.0,0.00481,0.00481,0.0,-99999.0,21.653,21.816,11.563,-99999.0,50
2015-10-04 02:10:00,0.0,3.7869,-0.2028699999999999,3.5841,0.0,11.751,13.768,23.277,0.00676,0.70283,0.0,0.0,0.0,0.0047499999999999,0.0047499999999999,0.0,-99999.0,21.65,21.755,11.56,-99999.0,50
2015-10-04 02:11:00,0.0,3.7644,-0.1803299999999999,3.5841,0.0,11.752,13.769,23.282,0.00676,0.68164,0.0,0.0,0.0,0.00461,0.00461,0.0,-99999.0,21.604,21.669,11.556,-99999.0,50
2015-10-04 02:12:00,0.0,3.8095,-0.1803299999999999,3.6291,0.0,11.738,13.768,23.282,0.00676,0.6689399999999999,0.0,0.0,0.0,0.0045199999999999,0.0045199999999999,0.0,-99999.0,21.572,21.606,11.541,-99999.0,50
2015-10-04 02:13:00,0.0,3.7869,-0.09017,3.6968,0.0,11.746,13.768,23.294,0.00676,0.6604799999999998,0.0,0.0,0.0,0.00447,0.00447,0.0,-99999.0,21.579,21.622,11.551,-99999.0,50
2015-10-04 02:14:00,0.0,3.8095,-0.24796,3.5615,0.0,11.745,13.769,23.295,0.00676,0.62026,0.0,0.0,0.0,0.00419,0.00419,0.0,-99999.0,21.585,21.679,11.553,-99999.0,50
2015-10-04 02:15:00,0.0,3.8546,-0.29304,3.5615,0.0,11.73,13.768,23.297,0.00676,0.6054399999999999,0.0,0.0,0.0,0.0040899999999999,0.0040899999999999,0.0,-99999.0,21.6,21.741,11.533,-99999.0,50
2015-10-04 02:16:00,0.0,3.7869,-0.02254,3.7644,0.0,11.766,13.768,23.308,0.00676,0.60967,0.0,0.0,0.0,0.00412,0.00412,0.0,-99999.0,21.629,21.821,11.539,-99999.0,50
2015-10-04 02:17:00,0.0,3.787,-0.06762,3.7193,0.0,11.787,13.769,23.309,0.00676,0.60967,0.0,0.0,0.0,0.00412,0.00412,0.0,-99999.0,21.659,21.9,11.538,-99999.0,50
2015-10-04 02:18:00,0.0,3.7193,-0.06762,3.6517,0.0,11.812,13.768,23.318,0.00676,0.6329599999999999,0.0,0.0,0.0,0.00428,0.00428,0.0,-99999.0,21.692,21.949,11.55,-99999.0,50
2015-10-04 02:19:00,0.0,3.7644,-0.09017,3.6742,0.0,11.817,13.768,23.322,0.00676,0.6604799999999998,0.0,0.0,0.0,0.00447,0.00447,0.0,-99999.0,21.723,21.947,11.555,-99999.0,50
2015-10-04 02:20:00,0.0,3.8546,-0.2705,3.5841,0.0,11.828,13.768,23.327,0.00676,0.6604799999999998,0.0,0.0,0.0,0.00447,0.00447,0.0,-99999.0,21.673,21.863,11.554,-99999.0,50
2015-10-04 02:21:00,0.0,3.7869,-0.04508,3.7418,0.0,11.826,13.766,23.335,0.00676,0.6308399999999998,0.0,0.0,0.0,0.00427,0.00427,0.0,-99999.0,21.612,21.752,11.549,-99999.0,50
2015-10-04 02:22:00,0.0,3.8546,-0.24796,3.6066,0.0,11.845,13.767,23.337,0.00676,0.5863899999999999,0.0,0.0,0.0,0.0039699999999999,0.0039699999999999,0.0,-99999.0,21.58,21.688,11.537,-99999.0,50
2015-10-04 02:23:00,0.0,3.7869,-0.13525,3.6517,0.0,11.868,13.767,23.346,0.00676,0.5376999999999998,0.0,0.0,0.0,0.00364,0.00364,0.0,-99999.0,21.596,21.694,11.529,-99999.0,50
2015-10-04 02:24:00,0.0,3.832,-0.31558,3.5164,0.0,11.875,13.767,23.348,0.00676,0.46572,0.0,0.0,0.0,0.00315,0.00315,0.0,-99999.0,21.617,21.745,11.513,-99999.0,50
2015-10-04 02:25:00,0.0,3.7869,-0.13525,3.6517,0.0,11.881,13.766,23.354,0.00676,0.4128,0.0,0.0,0.0,0.0027899999999999,0.0027899999999999,0.0,-99999.0,21.644,21.859,11.481,-99999.0,50
2015-10-04 02:26:00,0.0,3.8095,-0.2028699999999999,3.6066,0.0,11.875,13.766,23.362,0.00676,0.4001,0.0,0.0,0.0,0.00271,0.00271,0.0,-99999.0,21.677,21.941,11.441,-99999.0,50
2015-10-04 02:27:00,0.0,3.7869,-0.15779,3.6291,0.0,11.872,13.765,23.363,0.00676,0.44879,0.0,0.0,0.0,0.00303,0.00303,0.0,-99999.0,21.707,21.995,11.378,-99999.0,50
2015-10-04 02:28:00,0.0,3.7869,-0.15779,3.6291,0.0,11.88,13.766,23.376,0.00676,0.5271099999999999,0.0,0.0,0.0,0.0035599999999999,0.0035599999999999,0.0,-99999.0,21.764,22.046,11.378,-99999.0,50
2015-10-04 02:29:00,0.0,3.7869,-0.15779,3.6291,0.0,11.884,13.766,23.377,0.00676,0.59062,0.0,0.0,0.0,0.0039899999999999,0.0039899999999999,0.0,-99999.0,21.745,22.011,11.396,-99999.0,50
2015-10-04 02:30:00,0.0,3.8546,-0.29304,3.5615,0.0,11.896,13.765,23.385,0.00676,0.64566,0.0,0.0,0.0,0.0043699999999999,0.0043699999999999,0.0,-99999.0,21.693,21.907,11.434,-99999.0,50
2015-10-04 02:31:00,0.0,3.7644,-0.15779,3.6066,0.0,11.904,13.765,23.389,0.00676,0.65625,0.0,0.0,0.0,0.00444,0.00444,0.0,-99999.0,21.662,21.822,11.456,-99999.0,50
2015-10-04 02:32:00,0.0,3.7869,-0.04508,3.7418,0.0,11.922,13.765,23.393,0.00676,0.64566,0.0,0.0,0.0,0.0043699999999999,0.0043699999999999,0.0,-99999.0,21.684,21.821,11.491,-99999.0,50
2015-10-04 02:33:00,0.0,3.8094,-0.22542,3.584,0.0,11.924,13.766,23.403,0.00676,0.61602,0.0,0.0,0.0,0.00417,0.00417,0.0,-99999.0,21.729,21.852,11.513,-99999.0,50
2015-10-04 02:34:00,0.0,3.8095,-0.2028699999999999,3.6066,0.0,11.922,13.766,23.403,0.00676,0.60967,0.0,0.0,0.0,0.00412,0.00412,0.0,-99999.0,21.74,21.879,11.524,-99999.0,50
2015-10-04 02:35:00,0.0,3.8094,-0.24796,3.5615,0.0,11.952,13.764,23.414,0.00676,0.60967,0.0,0.0,0.0,0.00412,0.00412,0.0,-99999.0,21.748,21.918,11.542,-99999.0,50
2015-10-04 02:36:00,0.0,3.7869,-0.15779,3.6291,0.0,11.965,13.764,23.416,0.00676,0.59697,0.0,0.0,0.0,0.00404,0.00404,0.0,-99999.0,21.761,21.95,11.545,-99999.0,50
2015-10-04 02:37:00,0.0,3.832,-0.1803299999999999,3.6517,0.0,11.985,13.765,23.423,0.00676,0.5906099999999999,0.0,0.0,0.0,0.0039899999999999,0.0039899999999999,0.0,-99999.0,21.79,21.967,11.563,-99999.0,50
2015-10-04 02:38:00,0.0,3.8095,-0.11271,3.6968,0.0,11.977,13.765,23.429,0.00676,0.58215,0.0,0.0,0.0,0.0039399999999999,0.0039399999999999,0.0,-99999.0,21.775,21.908,11.565,-99999.0,50
2015-10-04 02:39:00,0.0,3.7644,-0.1803299999999999,3.5841,0.0,11.949,13.763,23.432,0.00676,0.55886,0.0,0.0,0.0,0.0037799999999999,0.0037799999999999,0.0,-99999.0,21.698,21.777,11.548,-99999.0,50
2015-10-04 02:40:00,0.0,3.7869,0.0,3.7869,0.0,11.95,13.765,23.443,0.00676,0.56733,0.0,0.0,0.0,0.00384,0.00384,0.0,-99999.0,21.66,21.706,11.546,-99999.0,50
2015-10-04 02:41:00,0.0,3.7869,-0.04508,3.7418,0.0,11.937,13.763,23.443,0.00676,0.59908,0.0,0.0,0.0,0.0040499999999999,0.0040499999999999,0.0,-99999.0,21.637,21.696,11.545,-99999.0,50
2015-10-04 02:42:00,0.0,3.8094,-0.2028699999999999,3.6065,0.0,11.934,13.764,23.451,0.00676,0.6075599999999999,0.0,0.0,0.0,0.0041099999999999,0.0041099999999999,0.0,-99999.0,21.622,21.697,11.545,-99999.0,50
2015-10-04 02:43:00,0.0,3.7869,-0.22542,3.5614,0.0,11.95,13.762,23.456,0.00676,0.6096599999999999,0.0,0.0,0.0,0.00412,0.00412,0.0,-99999.0,21.616,21.744,11.55,-99999.0,50
2015-10-04 02:44:00,0.0,3.7868,-0.22541,3.5614,0.0,11.968,13.763,23.456,0.00676,0.63295,0.0,0.0,0.0,0.00428,0.00428,0.0,-99999.0,21.614,21.813,11.556,-99999.0,50
2015-10-04 02:45:00,0.0,3.7644,-0.04508,3.7193,0.0,11.987,13.762,23.469,0.00676,0.66047,0.0,0.0,0.0,0.00447,0.00447,0.0,-99999.0,21.645,21.916,11.58,-99999.0,50
2015-10-04 02:46:00,0.0,3.832,-0.2705,3.5615,0.0,11.996,13.762,23.47,0.00676,0.66047,0.0,0.0,0.0,0.00447,0.00447,0.0,-99999.0,21.705,21.996,11.596,-99999.0,50
2015-10-04 02:47:00,0.0,3.7418,-0.02254,3.7193,0.0,11.993,13.763,23.474,0.00676,0.65836,0.0,0.0,0.0,0.00445,0.00445,0.0,-99999.0,21.79,22.075,11.6,-99999.0,50
2015-10-04 02:48:00,0.0,3.8094,-0.22541,3.584,0.0,11.986,13.763,23.483,0.00676,0.62024,0.0,0.0,0.0,0.00419,0.00419,0.0,-99999.0,21.835,22.096,11.613,-99999.0,50
2015-10-04 02:49:00,0.0,3.7869,-0.11271,3.6742,0.0,11.964,13.762,23.484,0.00676,0.6541,0.0,0.0,0.0,0.00442,0.00442,0.0,-99999.0,21.788,22.017,11.604,-99999.0,50
2015-10-04 02:50:00,0.0,3.7642,-0.24795,3.5163,0.0,11.962,13.763,23.497,0.00676,0.66046,0.0,0.0,0.0,0.00447,0.00447,0.0,-99999.0,21.698,21.887,11.602,-99999.0,50
2015-10-04 02:51:00,0.0,3.7869,-0.1803299999999999,3.6066,0.0,11.95,13.761,23.497,0.00676,0.65834,0.0,0.0,0.0,0.00445,0.00445,0.0,-99999.0,21.606,21.752,11.597,-99999.0,50
2015-10-04 02:52:00,0.0,3.7643,-0.18032,3.584,0.0,11.958,13.761,23.502,0.00676,0.6583499999999999,0.0,0.0,0.0,0.00445,0.00445,0.0,-99999.0,21.592,21.719,11.597,-99999.0,50
2015-10-04 02:53:00,0.0,3.7644,-0.02254,3.7418,0.0,11.959,13.762,23.51,0.00676,0.66046,0.0,0.0,0.0,0.00447,0.00447,0.0,-99999.0,21.615,21.744,11.598,-99999.0,50
2015-10-04 02:54:00,0.0,3.8093,-0.1803299999999999,3.629,0.0,11.949,13.761,23.51,0.00676,0.6668199999999999,0.0,0.0,0.0,0.00451,0.00451,0.0,-99999.0,21.637,21.789,11.6,-99999.0,50
2015-10-04 02:55:00,0.0,3.7642,-0.13524,3.629,0.0,11.938,13.76,23.518,0.00676,0.7049199999999999,0.0,0.0,0.0,0.0047699999999999,0.0047699999999999,0.0,-99999.0,21.674,21.851,11.601,-99999.0,50
2015-10-04 02:56:00,0.0,3.8093,-0.20286,3.6064,0.0,11.938,13.762,23.524,0.00676,0.68374,0.0,0.0,0.0,0.00462,0.00462,0.0,-99999.0,21.698,21.904,11.602,-99999.0,50
2015-10-04 02:57:00,0.0,3.8093,-0.22541,3.5839,0.0,11.927,13.761,23.524,0.00676,0.6858499999999998,0.0,0.0,0.0,0.00464,0.00464,0.0,-99999.0,21.683,21.877,11.588,-99999.0,50
2015-10-04 02:58:00,0.0,3.7642,-0.2253999999999999,3.5388,0.0,11.957,13.761,23.535,0.00676,0.70701,0.0,0.0,0.0,0.00478,0.00478,0.0,-99999.0,21.705,21.858,11.604,-99999.0,50
2015-10-04 02:59:00,0.0,3.8092,-0.20286,3.6063,0.0,11.947,13.761,23.537,0.00676,0.66468,0.0,0.0,0.0,0.00449,0.00449,0.0,-99999.0,21.686,21.794,11.609,-99999.0,50
2015-10-04 03:00:00,0.0,3.8093,-0.2253999999999999,3.5839,0.0,11.952,13.759,23.537,0.00676,0.66256,0.0,0.0,0.0,0.0044799999999999,0.0044799999999999,0.0,-99999.0,21.642,21.704,11.611,-99999.0,50
2015-10-04 03:01:00,0.0,3.7866,-0.1803299999999999,3.6063,0.0,11.953,13.759,23.548,0.00676,0.6604299999999999,0.0,0.0,0.0,0.00447,0.00447,0.0,-99999.0,21.637,21.662,11.613,-99999.0,50
2015-10-04 03:02:00,0.0,3.8317,-0.18032,3.6514,0.0,11.948,13.759,23.551,0.00676,0.64561,0.0,0.0,0.0,0.0043699999999999,0.0043699999999999,0.0,-99999.0,21.629,21.646,11.609,-99999.0,50
2015-10-04 03:03:00,0.0,3.8092,-0.2253999999999999,3.5838,0.0,11.973,13.76,23.551,0.00676,0.63292,0.0,0.0,0.0,0.00428,0.00428,0.0,-99999.0,21.634,21.687,11.607,-99999.0,50
2015-10-04 03:04:00,0.0,3.8092,-0.29302,3.5162,0.0,11.992,13.759,23.556,0.00676,0.6562099999999998,0.0,0.0,0.0,0.00444,0.00444,0.0,-99999.0,21.65,21.78,11.613,-99999.0,50
2015-10-04 03:05:00,0.0,3.7867,-0.09016,3.6965,0.0,11.994,13.759,23.564,0.00676,0.64985,0.0,0.0,0.0,0.0043899999999999,0.0043899999999999,0.0,-99999.0,21.689,21.902,11.634,-99999.0,50
2015-10-04 03:06:00,0.0,3.7866,-0.02254,3.7641,0.0,11.991,13.759,23.564,0.00676,0.66044,0.0,0.0,0.0,0.00447,0.00447,0.0,-99999.0,21.723,21.993,11.627,-99999.0,50
2015-10-04 03:07:00,0.0,3.8543,-0.45079,3.4035,0.0,12.011,13.759,23.572,0.00676,0.6625499999999999,0.0,0.0,0.0,0.0044799999999999,0.0044799999999999,0.0,-99999.0,21.771,22.035,11.628,-99999.0,50
2015-10-04 03:08:00,0.0,3.8092,-0.27048,3.5387,0.0,12.031,13.759,23.578,0.00676,0.6943,0.0,0.0,0.0,0.0046899999999999,0.0046899999999999,0.0,-99999.0,21.805,22.027,11.634,-99999.0,50
2015-10-04 03:09:00,0.0,3.8317,-0.2479399999999999,3.5838,0.0,12.043,13.759,23.578,0.00676,0.71335,0.0,0.0,0.0,0.0048199999999999,0.0048199999999999,0.0,-99999.0,21.769,21.968,11.65,-99999.0,50
2015-10-04 03:10:00,0.0,3.8092,-0.27048,3.5387,0.0,12.063,13.758,23.585,0.00676,0.73241,0.0,0.0,0.0,0.00495,0.00495,0.0,-99999.0,21.745,21.908,11.66,-99999.0,50
2015-10-04 03:11:00,0.0,3.7867,-0.20286,3.5838,0.0,12.064,13.758,23.591,0.00676,0.73875,0.0,0.0,0.0,0.005,0.005,0.0,-99999.0,21.779,21.918,11.666,-99999.0,50
2015-10-04 03:12:00,0.0,3.7867,-0.18032,3.6064,0.0,12.067,13.758,23.591,0.00676,0.71758,0.0,0.0,0.0,0.00485,0.00485,0.0,-99999.0,21.829,21.972,11.674,-99999.0,50
2015-10-04 03:13:00,0.0,3.7866,-0.2479399999999999,3.5387,0.0,12.072,13.758,23.597,0.00676,0.7133399999999999,0.0,0.0,0.0,0.0048199999999999,0.0048199999999999,0.0,-99999.0,21.874,22.028,11.689,-99999.0,50
2015-10-04 03:14:00,0.0,3.7641,-0.06762,3.6965,0.0,12.084,13.759,23.605,0.00676,0.7091,0.0,0.0,0.0,0.00479,0.00479,0.0,-99999.0,21.934,22.102,11.698,-99999.0,50
2015-10-04 03:15:00,0.0,3.7866,-0.20286,3.5838,0.0,12.079,13.759,23.605,0.00676,0.69217,0.0,0.0,0.0,0.00468,0.00468,0.0,-99999.0,21.983,22.18,11.697,-99999.0,50
2015-10-04 03:16:00,0.0,3.7641,-0.06762,3.6965,0.0,12.083,13.759,23.617,0.00676,0.66888,0.0,0.0,0.0,0.0045199999999999,0.0045199999999999,0.0,-99999.0,22.013,22.208,11.704,-99999.0,50
2015-10-04 03:17:00,0.0,3.8317,-0.27048,3.5612,0.0,12.075,13.759,23.618,0.00676,0.6625499999999999,0.0,0.0,0.0,0.0044799999999999,0.0044799999999999,0.0,-99999.0,21.974,22.144,11.702,-99999.0,50
2015-10-04 03:18:00,0.0,3.8092,-0.13524,3.6739,0.0,12.067,13.759,23.619,0.00676,0.66466,0.0,0.0,0.0,0.00449,0.00449,0.0,-99999.0,21.903,22.04,11.698,-99999.0,50
2015-10-04 03:19:00,0.0,3.7641,-0.13524,3.6288,0.0,12.091,13.758,23.631,0.00676,0.6667699999999999,0.0,0.0,0.0,0.00451,0.00451,0.0,-99999.0,21.851,21.958,11.715,-99999.0,50
2015-10-04 03:20:00,0.0,3.7866,-0.04508,3.7415,0.0,12.085,13.757,23.631,0.00676,0.6604299999999999,0.0,0.0,0.0,0.00447,0.00447,0.0,-99999.0,21.838,21.936,11.715,-99999.0,50
2015-10-04 03:21:00,0.0,3.7866,-0.13524,3.6514,0.0,12.099,13.757,23.635,0.00676,0.6604299999999999,0.0,0.0,0.0,0.00447,0.00447,0.0,-99999.0,21.853,21.961,11.72,-99999.0,50
2015-10-04 03:22:00,0.0,3.7641,-0.09016,3.6739,0.0,12.109,13.758,23.645,0.00676,0.6604299999999999,0.0,0.0,0.0,0.00447,0.00447,0.0,-99999.0,21.888,22.028,11.73,-99999.0,50
2015-10-04 03:23:00,0.0,3.7641,-0.13524,3.6288,0.0,12.107,13.758,23.644,0.00676,0.66254,0.0,0.0,0.0,0.0044799999999999,0.0044799999999999,0.0,-99999.0,21.912,22.1,11.727,-99999.0,50
2015-10-04 03:24:00,0.0,3.8092,-0.29302,3.5161,0.0,12.108,13.757,23.652,0.00676,0.6604299999999999,0.0,0.0,0.0,0.00447,0.00447,0.0,-99999.0,21.971,22.189,11.737,-99999.0,50
2015-10-04 03:25:00,0.0,3.8092,-0.15778,3.6514,0.0,12.099,13.756,23.658,0.00676,0.6604299999999999,0.0,0.0,0.0,0.00447,0.00447,0.0,-99999.0,22.027,22.238,11.731,-99999.0,50
2015-10-04 03:26:00,0.0,3.8092,-0.2479399999999999,3.5612,0.0,12.09,13.757,23.657,0.00676,0.6561799999999999,0.0,0.0,0.0,0.00444,0.00444,0.0,-99999.0,22.002,22.188,11.73,-99999.0,50
2015-10-04 03:27:00,0.0,3.7866,-0.13524,3.6514,0.0,12.101,13.757,23.67,0.00676,0.64138,0.0,0.0,0.0,0.00434,0.00434,0.0,-99999.0,21.94,22.092,11.737,-99999.0,50
2015-10-04 03:28:00,0.0,3.8092,-0.20286,3.6063,0.0,12.104,13.756,23.671,0.00676,0.62867,0.0,0.0,0.0,0.00425,0.00425,0.0,-99999.0,21.855,21.964,11.733,-99999.0,50
2015-10-04 03:29:00,0.0,3.8317,-0.27048,3.5612,0.0,12.127,13.756,23.674,0.00676,0.61809,0.0,0.0,0.0,0.0041799999999999,0.0041799999999999,0.0,-99999.0,21.838,21.927,11.734,-99999.0,50
2015-10-04 03:30:00,0.0,3.7641,-0.15778,3.6063,0.0,12.142,13.756,23.684,0.00676,0.6307899999999999,0.0,0.0,0.0,0.00427,0.00427,0.0,-99999.0,21.881,21.969,11.747,-99999.0,50
2015-10-04 03:31:00,0.0,3.7866,-0.1126999999999999,3.6739,0.0,12.145,13.755,23.684,0.00676,0.62867,0.0,0.0,0.0,0.00425,0.00425,0.0,-99999.0,21.95,22.028,11.742,-99999.0,50
2015-10-04 03:32:00,0.0,3.8092,-0.13524,3.6739,0.0,12.133,13.756,23.686,0.00676,0.67947,0.0,0.0,0.0,0.00459,0.00459,0.0,-99999.0,22.009,22.12,11.748,-99999.0,50
2015-10-04 03:33:00,0.0,3.8317,-0.15778,3.6739,0.0,12.132,13.756,23.691,0.00676,0.76202,0.0,0.0,0.0,0.00515,0.00515,0.0,-99999.0,22.069,22.234,11.743,-99999.0,50
2015-10-04 03:34:00,0.0,3.8092,-0.20286,3.6063,0.0,12.129,13.756,23.697,0.00676,0.7599099999999999,0.0,0.0,0.0,0.0051399999999999,0.0051399999999999,0.0,-99999.0,22.115,22.291,11.736,-99999.0,50
2015-10-04 03:35:00,0.0,3.7641,-0.13524,3.6288,0.0,12.134,13.756,23.705,0.00676,0.76202,0.0,0.0,0.0,0.00515,0.00515,0.0,-99999.0,22.117,22.28,11.744,-99999.0,50
2015-10-04 03:36:00,0.0,3.8092,-0.18032,3.6288,0.0,12.121,13.756,23.71,0.00676,0.76202,0.0,0.0,0.0,0.00515,0.00515,0.0,-99999.0,22.061,22.183,11.751,-99999.0,50
2015-10-04 03:37:00,0.0,3.7641,-0.1126999999999999,3.6514,0.0,12.116,13.755,23.708,0.00676,0.76415,0.0,0.0,0.0,0.00517,0.00517,0.0,-99999.0,21.985,22.069,11.747,-99999.0,50
2015-10-04 03:38:00,0.0,3.7866,-0.13524,3.6514,0.0,12.124,13.756,23.717,0.00676,0.76627,0.0,0.0,0.0,0.0051799999999999,0.0051799999999999,0.0,-99999.0,21.931,21.977,11.76,-99999.0,50
2015-10-04 03:39:00,0.0,3.7866,-0.15778,3.6288,0.0,12.129,13.756,23.72,0.00676,0.77897,0.0,0.0,0.0,0.00527,0.00527,0.0,-99999.0,21.914,21.939,11.76,-99999.0,50
2015-10-04 03:40:00,0.0,3.7641,-0.13524,3.6288,0.0,12.128,13.756,23.722,0.00676,0.77897,0.0,0.0,0.0,0.00527,0.00527,0.0,-99999.0,21.93,21.957,11.762,-99999.0,50
2015-10-04 03:41:00,0.0,3.7866,-0.27048,3.5161,0.0,12.155,13.755,23.728,0.00676,0.80012,0.0,0.0,0.0,0.0054099999999999,0.0054099999999999,0.0,-99999.0,21.967,21.999,11.766,-99999.0,50
2015-10-04 03:42:00,0.0,3.7641,-0.06762,3.6965,0.0,12.166,13.756,23.731,0.00676,0.8128199999999999,0.0,0.0,0.0,0.0054999999999999,0.0054999999999999,0.0,-99999.0,22.036,22.093,11.767,-99999.0,50
2015-10-04 03:43:00,0.0,3.8092,-0.15778,3.6514,0.0,12.162,13.756,23.734,0.00676,0.8128199999999999,0.0,0.0,0.0,0.0054999999999999,0.0054999999999999,0.0,-99999.0,22.116,22.195,11.765,-99999.0,50
2015-10-04 03:44:00,0.0,3.7641,-0.1126999999999999,3.6514,0.0,12.183,13.755,23.741,0.00676,0.81071,0.0,0.0,0.0,0.0054799999999999,0.0054799999999999,0.0,-99999.0,22.163,22.217,11.781,-99999.0,50
2015-10-04 03:45:00,0.0,3.8317,-0.2479399999999999,3.5838,0.0,12.197,13.756,23.743,0.00676,0.79801,0.0,0.0,0.0,0.0054,0.0054,0.0,-99999.0,22.138,22.157,11.79,-99999.0,50
2015-10-04 03:46:00,0.0,3.7641,-0.09016,3.6739,0.0,12.218,13.756,23.747,0.00676,0.80224,0.0,0.0,0.0,0.00542,0.00542,0.0,-99999.0,22.085,22.067,11.807,-99999.0,50
2015-10-04 03:47:00,0.0,3.7641,-0.1126999999999999,3.6514,0.0,12.246,13.756,23.754,0.00676,0.80437,0.0,0.0,0.0,0.00544,0.00544,0.0,-99999.0,22.027,21.982,11.82,-99999.0,50
2015-10-04 03:48:00,0.0,3.7866,-0.15778,3.6288,0.0,12.269,13.755,23.755,0.00676,0.8128199999999999,0.0,0.0,0.0,0.0054999999999999,0.0054999999999999,0.0,-99999.0,21.97,21.9,11.834,-99999.0,50
2015-10-04 03:49:00,0.0,3.7866,-0.20286,3.5838,0.0,12.266,13.755,23.759,0.00676,0.81071,0.0,0.0,0.0,0.0054799999999999,0.0054799999999999,0.0,-99999.0,21.93,21.832,11.824,-99999.0,50
2015-10-04 03:50:00,0.0,3.7866,-0.2253999999999999,3.5612,0.0,12.257,13.755,23.769,0.00676,0.7916699999999999,0.0,0.0,0.0,0.0053499999999999,0.0053499999999999,0.0,-99999.0,21.899,21.783,11.832,-99999.0,50
2015-10-04 03:51:00,0.0,3.7866,-0.09016,3.6965,0.0,12.26,13.755,23.77,0.00676,0.7958899999999999,0.0,0.0,0.0,0.00538,0.00538,0.0,-99999.0,21.855,21.726,11.847,-99999.0,50
2015-10-04 03:52:00,0.0,3.8316,-0.18032,3.6513,0.0,12.246,13.754,23.772,0.00676,0.80012,0.0,0.0,0.0,0.0054099999999999,0.0054099999999999,0.0,-99999.0,21.821,21.68,11.849,-99999.0,50
2015-10-04 03:53:00,0.0,3.8091,-0.18032,3.6288,0.0,12.253,13.754,23.783,0.00676,0.80437,0.0,0.0,0.0,0.00544,0.00544,0.0,-99999.0,21.813,21.656,11.863,-99999.0,50
2015-10-04 03:54:00,0.0,3.8317,-0.20285,3.6288,0.0,12.25,13.755,23.783,0.00676,0.79588,0.0,0.0,0.0,0.00538,0.00538,0.0,-99999.0,21.839,21.707,11.864,-99999.0,50
2015-10-04 03:55:00,0.0,3.7866,-0.15778,3.6288,0.0,12.255,13.754,23.783,0.00676,0.7916699999999999,0.0,0.0,0.0,0.0053499999999999,0.0053499999999999,0.0,-99999.0,21.875,21.791,11.865,-99999.0,50
2015-10-04 03:56:00,0.0,3.8092,-0.18031,3.6288,0.0,12.279,13.754,23.782,0.00676,0.78108,0.0,0.0,0.0,0.00528,0.00528,0.0,-99999.0,21.919,21.887,11.862,-99999.0,50
2015-10-04 03:57:00,0.0,3.7641,-0.18031,3.5838,0.0,12.323,13.754,23.785,0.00676,0.79801,0.0,0.0,0.0,0.0054,0.0054,0.0,-99999.0,21.971,21.987,11.86,-99999.0,50
2015-10-04 03:58:00,0.0,3.7866,-0.15778,3.6288,0.0,12.371,13.754,23.795,0.00676,0.76202,0.0,0.0,0.0,0.00515,0.00515,0.0,-99999.0,22.023,22.087,11.867,-99999.0,50
2015-10-04 03:59:00,0.0,3.8092,-0.1126999999999999,3.6965,0.0,12.395,13.753,23.796,0.00676,0.76202,0.0,0.0,0.0,0.00515,0.00515,0.0,-99999.0,22.022,22.093,11.866,-99999.0,50
2015-10-04 04:00:00,0.0,3.7866,-0.09016,3.6964,0.0,12.437,13.753,23.797,0.00676,0.7599099999999999,0.0,0.0,0.0,0.0051399999999999,0.0051399999999999,0.0,-99999.0,21.971,22.043,11.872,-99999.0,50
2015-10-04 04:01:00,0.0,3.7866,-0.04508,3.7415,0.0,12.462,13.752,23.798,0.00676,0.7577899999999999,0.0,0.0,0.0,0.00512,0.00512,0.0,-99999.0,21.915,21.969,11.876,-99999.0,50
2015-10-04 04:02:00,0.0,3.8317,-0.18032,3.6514,0.0,12.503,13.753,23.809,0.00676,0.7535399999999999,0.0,0.0,0.0,0.0051,0.0051,0.0,-99999.0,21.888,21.911,11.893,-99999.0,50
2015-10-04 04:03:00,0.0,3.8317,-0.2253999999999999,3.6063,0.0,12.509,13.753,23.809,0.00676,0.75355,0.0,0.0,0.0,0.0051,0.0051,0.0,-99999.0,21.887,21.899,11.907,-99999.0,50
2015-10-04 04:04:00,0.0,3.7641,-0.18032,3.5838,0.0,12.521,13.754,23.81,0.00676,0.76202,0.0,0.0,0.0,0.00515,0.00515,0.0,-99999.0,21.906,21.939,11.923,-99999.0,50
2015-10-04 04:05:00,0.0,3.8768,-0.36063,3.5161,0.0,12.535,13.753,23.809,0.00676,0.76202,0.0,0.0,0.0,0.00515,0.00515,0.0,-99999.0,21.95,21.985,11.935,-99999.0,50
2015-10-04 04:06:00,0.0,3.764,-0.1126999999999999,3.6513,0.0,12.579,13.754,23.82,0.00676,0.76624,0.0,0.0,0.0,0.0051799999999999,0.0051799999999999,0.0,-99999.0,22.035,22.07,11.97,-99999.0,50
2015-10-04 04:07:00,0.0,3.8091,-0.15778,3.6513,0.0,12.592,13.753,23.824,0.00676,0.77685,0.0,0.0,0.0,0.00525,0.00525,0.0,-99999.0,22.124,22.168,11.984,-99999.0,50
2015-10-04 04:08:00,0.0,3.8091,-0.2253999999999999,3.5837,0.0,12.601,13.753,23.823,0.00676,0.798,0.0,0.0,0.0,0.0054,0.0054,0.0,-99999.0,22.221,22.249,11.993,-99999.0,50
2015-10-04 04:09:00,0.0,3.7866,-0.06762,3.7189,0.0,12.598,13.753,23.823,0.00676,0.8128199999999999,0.0,0.0,0.0,0.0054999999999999,0.0054999999999999,0.0,-99999.0,22.255,22.248,12.017,-99999.0,50
2015-10-04 04:10:00,0.0,3.764,-0.06762,3.6964,0.0,12.645,13.753,23.834,0.00676,0.81283,0.0,0.0,0.0,0.0054999999999999,0.0054999999999999,0.0,-99999.0,22.227,22.199,12.053,-99999.0,50
2015-10-04 04:11:00,0.0,3.8317,-0.36063,3.471,0.0,12.689,13.752,23.836,0.00676,0.8128199999999999,0.0,0.0,0.0,0.0054999999999999,0.0054999999999999,0.0,-99999.0,22.164,22.117,12.079,-99999.0,50
2015-10-04 04:12:00,0.0,3.809,-0.09016,3.7189,0.0,12.729,13.753,23.836,0.00676,0.81495,0.0,0.0,0.0,0.00551,0.00551,0.0,-99999.0,22.099,22.025,12.076,-99999.0,50
2015-10-04 04:13:00,0.0,3.7866,-0.18032,3.6063,0.0,12.706,13.753,23.836,0.00676,0.8170399999999999,0.0,0.0,0.0,0.0055199999999999,0.0055199999999999,0.0,-99999.0,22.027,21.924,12.101,-99999.0,50
2015-10-04 04:14:00,0.0,3.8316,-0.20285,3.6288,0.0,12.71,13.754,23.849,0.00676,0.81705,0.0,0.0,0.0,0.0055199999999999,0.0055199999999999,0.0,-99999.0,22.014,21.884,12.116,-99999.0,50
2015-10-04 04:15:00,0.0,3.8091,-0.22539,3.5837,0.0,12.685,13.753,23.85,0.00676,0.8234,0.0,0.0,0.0,0.00557,0.00557,0.0,-99999.0,22.037,21.917,12.125,-99999.0,50
2015-10-04 04:16:00,0.0,3.7866,-0.1577699999999999,3.6288,0.0,12.643,13.752,23.85,0.00676,0.83398,0.0,0.0,0.0,0.00564,0.00564,0.0,-99999.0,22.078,21.974,12.111,-99999.0,50
2015-10-04 04:17:00,0.0,3.809,-0.22539,3.5836,0.0,12.6,13.753,23.852,0.00676,0.8361,0.0,0.0,0.0,0.0056499999999999,0.0056499999999999,0.0,-99999.0,22.108,22.042,12.101,-99999.0,50
2015-10-04 04:18:00,0.0,3.7866,-0.1126999999999999,3.6739,0.0,12.573,13.753,23.862,0.00676,0.8487799999999999,0.0,0.0,0.0,0.00574,0.00574,0.0,-99999.0,22.136,22.097,12.1,-99999.0,50
2015-10-04 04:19:00,0.0,3.7865,-0.18031,3.6062,0.0,12.536,13.754,23.864,0.0064799999999999,0.82338,0.0,0.0,0.0,0.0053299999999999,0.0053299999999999,0.0,-99999.0,22.125,22.068,12.095,-99999.0,50
2015-10-04 04:20:00,0.0,3.7865,-0.18031,3.6062,0.0,12.492,13.751,23.864,0.00676,0.8170399999999999,0.0,0.0,0.0,0.0055199999999999,0.0055199999999999,0.0,-99999.0,22.084,21.997,12.078,-99999.0,50
2015-10-04 04:21:00,0.0,3.764,-0.20285,3.5611,0.0,12.482,13.752,23.868,0.00676,0.8127999999999999,0.0,0.0,0.0,0.0054999999999999,0.0054999999999999,0.0,-99999.0,22.021,21.904,12.076,-99999.0,50
2015-10-04 04:22:00,0.0,3.7415,-0.09016,3.6513,0.0,12.458,13.752,23.877,0.00676,0.81281,0.0,0.0,0.0,0.0054999999999999,0.0054999999999999,0.0,-99999.0,21.96,21.812,12.078,-99999.0,50
2015-10-04 04:23:00,0.0,3.7639,-0.11269,3.6512,0.0,12.424,13.752,23.877,0.00676,0.80224,0.0,0.0,0.0,0.00542,0.00542,0.0,-99999.0,21.887,21.711,12.07,-99999.0,50
2015-10-04 04:24:00,0.0,3.809,-0.1577699999999999,3.6513,0.0,12.415,13.751,23.877,0.00676,0.7916499999999999,0.0,0.0,0.0,0.0053499999999999,0.0053499999999999,0.0,-99999.0,21.808,21.62,12.078,-99999.0,50
2015-10-04 04:25:00,0.0,3.8315,-0.18031,3.6512,0.0,12.411,13.751,23.878,0.00676,0.77046,0.0,0.0,0.0,0.00521,0.00521,0.0,-99999.0,21.739,21.541,12.078,-99999.0,50
2015-10-04 04:26:00,0.0,3.809,-0.18031,3.6287,0.0,12.406,13.752,23.889,0.00676,0.77471,0.0,0.0,0.0,0.0052399999999999,0.0052399999999999,0.0,-99999.0,21.682,21.478,12.058,-99999.0,50
2015-10-04 04:27:00,0.0,3.8316,-0.18031,3.6513,0.0,12.364,13.751,23.89,0.00676,0.80432,0.0,0.0,0.0,0.00544,0.00544,0.0,-99999.0,21.615,21.406,12.046,-99999.0,50
2015-10-04 04:28:00,0.0,3.7865,-0.18031,3.6062,0.0,12.347,13.751,23.891,0.00676,0.8064299999999999,0.0,0.0,0.0,0.00545,0.00545,0.0,-99999.0,21.519,21.281,12.047,-99999.0,50
2015-10-04 04:29:00,0.0,3.8315,-0.20285,3.6287,0.0,12.342,13.751,23.891,0.00676,0.81278,0.0,0.0,0.0,0.0054999999999999,0.0054999999999999,0.0,-99999.0,21.483,21.247,12.048,-99999.0,50
2015-10-04 04:30:00,0.0,3.809,-0.2028399999999999,3.6061,0.0,12.342,13.751,23.891,0.00676,0.81281,0.0,0.0,0.0,0.0054999999999999,0.0054999999999999,0.0,-99999.0,21.494,21.27,12.047,-99999.0,50
2015-10-04 04:31:00,0.0,3.7864,-0.1577699999999999,3.6287,0.0,12.333,13.75,23.891,0.00676,0.81915,0.0,0.0,0.0,0.0055399999999999,0.0055399999999999,0.0,-99999.0,21.517,21.322,12.044,-99999.0,50
2015-10-04 04:32:00,0.0,3.7639,-0.20285,3.5611,0.0,12.339,13.751,23.891,0.00676,0.84242,0.0,0.0,0.0,0.0057,0.0057,0.0,-99999.0,21.54,21.388,12.055,-99999.0,50
2015-10-04 04:33:00,0.0,3.7864,-0.1577699999999999,3.6287,0.0,12.332,13.751,23.891,0.00676,0.87631,0.0,0.0,0.0,0.00593,0.00593,0.0,-99999.0,21.559,21.42,12.035,-99999.0,50
2015-10-04 04:34:00,0.0,3.7864,-0.11269,3.6737,0.0,12.288,13.751,23.889,0.00662,0.86572,0.0,0.0,0.0,0.0057299999999999,0.0057299999999999,0.0,-99999.0,21.564,21.407,12.006,-99999.0,50
2015-10-04 04:35:00,0.0,3.809,-0.24793,3.561,0.0,12.26,13.751,23.884,0.00676,0.8635899999999999,0.0,0.0,0.0,0.0058399999999999,0.0058399999999999,0.0,-99999.0,21.551,21.37,12.003,-99999.0,50
2015-10-04 04:36:00,0.0,3.8315,-0.2704599999999999,3.5611,0.0,12.262,13.751,23.878,0.00676,0.87416,0.0,0.0,0.0,0.00591,0.00591,0.0,-99999.0,21.517,21.321,12.012,-99999.0,50
2015-10-04 04:37:00,0.0,3.7413,-0.11269,3.6286,0.0,12.236,13.751,23.877,0.00676,0.8974699999999999,0.0,0.0,0.0,0.0060699999999999,0.0060699999999999,0.0,-99999.0,21.479,21.273,12.01,-99999.0,50
2015-10-04 04:38:00,0.0,3.7864,-0.24792,3.5385,0.0,12.217,13.751,23.877,0.0064799999999999,0.8974499999999999,0.0,0.0,0.0,0.0058199999999999,0.0058199999999999,0.0,-99999.0,21.42,21.2,12.006,-99999.0,50
2015-10-04 04:39:00,0.0,3.7864,-0.2704599999999999,3.5159,0.0,12.234,13.751,23.877,0.00676,0.8974499999999999,0.0,0.0,0.0,0.0060699999999999,0.0060699999999999,0.0,-99999.0,21.349,21.128,12.01,-99999.0,50
2015-10-04 04:40:00,0.0,3.8089,-0.1352299999999999,3.6737,0.0,12.247,13.751,23.875,0.00676,0.8889799999999999,0.0,0.0,0.0,0.0060099999999999,0.0060099999999999,0.0,-99999.0,21.288,21.058,12.0,-99999.0,50
2015-10-04 04:41:00,0.0,3.7638,-0.06761,3.6962,0.0,12.231,13.75,23.865,0.00676,0.87628,0.0,0.0,0.0,0.00593,0.00593,0.0,-99999.0,21.213,20.971,12.002,-99999.0,50
2015-10-04 04:42:00,0.0,3.7638,-0.11269,3.6511,0.0,12.235,13.751,23.864,0.00676,0.86358,0.0,0.0,0.0,0.0058399999999999,0.0058399999999999,0.0,-99999.0,21.232,20.982,12.006,-99999.0,50
2015-10-04 04:43:00,0.0,3.809,-0.1577699999999999,3.6512,0.0,12.325,13.751,23.864,0.00676,0.86358,0.0,0.0,0.0,0.0058399999999999,0.0058399999999999,0.0,-99999.0,21.327,21.082,12.052,-99999.0,50
2015-10-04 04:44:00,0.0,3.8315,-0.3380699999999999,3.4935,0.0,12.303,13.752,23.861,0.00676,0.8678299999999999,0.0,0.0,0.0,0.00587,0.00587,0.0,-99999.0,21.457,21.205,12.056,-99999.0,50
2015-10-04 04:45:00,0.0,3.809,-0.1577699999999999,3.6512,0.0,12.339,13.752,23.85,0.00676,0.8995699999999999,0.0,0.0,0.0,0.00608,0.00608,0.0,-99999.0,21.56,21.326,12.052,-99999.0,50
2015-10-04 04:46:00,0.0,3.7638,-0.20285,3.561,0.0,12.359,13.752,23.85,0.00676,0.96521,0.0,0.0,0.0,0.00653,0.00653,0.0,-99999.0,21.608,21.379,12.054,-99999.0,50
2015-10-04 04:47:00,0.0,3.7639,-0.04508,3.7188,0.0,12.254,13.752,23.849,0.00676,1.0266,0.0,0.0,0.0,0.00694,0.00694,0.0,-99999.0,21.604,21.368,12.054,-99999.0,50
2015-10-04 04:48:00,0.0,3.7639,-0.1352299999999999,3.6287,0.0,12.281,13.752,23.836,0.00676,1.0562,0.0,0.0,0.0,0.0071399999999999,0.0071399999999999,0.0,-99999.0,21.553,21.311,12.06,-99999.0,50
2015-10-04 04:49:00,0.0,3.809,-0.22538,3.5836,0.0,12.249,13.752,23.837,0.00676,1.0668,0.0,0.0,0.0,0.00721,0.00721,0.0,-99999.0,21.504,21.255,12.049,-99999.0,50
2015-10-04 04:50:00,0.0,3.8089,-0.1577699999999999,3.6512,0.0,12.244,13.752,23.836,0.00676,1.0774,0.0,0.0,0.0,0.00728,0.00728,0.0,-99999.0,21.445,21.198,12.054,-99999.0,50
2015-10-04 04:51:00,0.0,3.7639,-0.06762,3.6963,0.0,12.25,13.752,23.825,0.00676,1.1028,0.0,0.0,0.0,0.0074599999999999,0.0074599999999999,0.0,-99999.0,21.373,21.12,12.052,-99999.0,50
2015-10-04 04:52:00,0.0,3.7414,-0.1352299999999999,3.6062,0.0,12.247,13.752,23.823,0.00676,1.1176,0.0,0.0,0.0,0.0075599999999999,0.0075599999999999,0.0,-99999.0,21.311,21.044,12.062,-99999.0,50
2015-10-04 04:53:00,0.0,3.809,-0.24793,3.5611,0.0,12.26,13.753,23.823,0.00676,1.1282,0.0,0.0,0.0,0.0076299999999999,0.0076299999999999,0.0,-99999.0,21.332,21.08,12.076,-99999.0,50
2015-10-04 04:54:00,0.0,3.8767,-0.3380799999999999,3.5386,0.0,12.257,13.753,23.812,0.00676,1.1218,0.0,0.0,0.0,0.00759,0.00759,0.0,-99999.0,21.406,21.159,12.076,-99999.0,50
2015-10-04 04:55:00,0.0,3.7865,-0.06762,3.7189,0.0,12.254,13.753,23.809,0.00676,1.1092,0.0,0.0,0.0,0.0074999999999999,0.0074999999999999,0.0,-99999.0,21.488,21.263,12.076,-99999.0,50
2015-10-04 04:56:00,0.0,3.7865,-0.22539,3.5611,0.0,12.266,13.753,23.808,0.00676,1.0753,0.0,0.0,0.0,0.00727,0.00727,0.0,-99999.0,21.549,21.34,12.096,-99999.0,50
2015-10-04 04:57:00,0.0,3.809,-0.24793,3.5611,0.0,12.265,13.753,23.796,0.00676,1.0647,0.0,0.0,0.0,0.0071999999999999,0.0071999999999999,0.0,-99999.0,21.561,21.349,12.114,-99999.0,50
2015-10-04 04:58:00,0.0,3.7865,-0.2704699999999999,3.5161,0.0,12.329,13.753,23.796,0.00676,1.0372,0.0,0.0,0.0,0.0070099999999999,0.0070099999999999,0.0,-99999.0,21.555,21.331,12.13,-99999.0,50
2015-10-04 04:59:00,0.0,3.7865,-0.18031,3.6062,0.0,12.362,13.754,23.796,0.00676,1.0478,0.0,0.0,0.0,0.00708,0.00708,0.0,-99999.0,21.531,21.302,12.132,-99999.0,50
2015-10-04 05:00:00,0.0,3.7865,-0.20285,3.5837,0.0,12.325,13.753,23.784,0.00676,1.0626,0.0,0.0,0.0,0.0071799999999999,0.0071799999999999,0.0,-99999.0,21.485,21.258,12.137,-99999.0,50
2015-10-04 05:01:00,0.0,3.764,-0.06762,3.6964,0.0,12.31,13.753,23.782,0.00676,1.0753,0.0,0.0,0.0,0.00727,0.00727,0.0,-99999.0,21.442,21.202,12.144,-99999.0,50
2015-10-04 05:02:00,0.0,3.7866,0.0,3.7866,0.0,12.372,13.753,23.782,0.00676,1.0901,0.0,0.0,0.0,0.0073699999999999,0.0073699999999999,0.0,-99999.0,21.42,21.185,12.167,-99999.0,50
2015-10-04 05:03:00,0.0,3.8767,-0.20285,3.6739,0.0,12.299,13.753,23.774,0.00676,1.0986,0.0,0.0,0.0,0.00743,0.00743,0.0,-99999.0,21.456,21.232,12.161,-99999.0,50
2015-10-04 05:04:00,0.0,3.8993,-0.3380799999999999,3.5612,0.0,12.322,13.753,23.77,0.00676,1.1197,0.0,0.0,0.0,0.00757,0.00757,0.0,-99999.0,21.533,21.322,12.176,-99999.0,50
2015-10-04 05:05:00,0.0,3.8091,0.02254,3.8317,0.0,12.321,13.753,23.767,0.00676,1.143,0.0,0.0,0.0,0.0077299999999999,0.0077299999999999,0.0,-99999.0,21.618,21.427,12.181,-99999.0,50
2015-10-04 05:06:00,0.0,3.7415,-0.06762,3.6739,0.0,12.296,13.754,23.755,0.00676,1.2108,0.0,0.0,0.0,0.0081899999999999,0.0081899999999999,0.0,-99999.0,21.663,21.5,12.173,-99999.0,50
2015-10-04 05:07:00,0.0,3.7866,-0.11269,3.6739,0.0,12.364,13.753,23.755,0.00676,1.1663,0.0,0.0,0.0,0.0078899999999999,0.0078899999999999,0.0,-99999.0,21.685,21.518,12.189,-99999.0,50
2015-10-04 05:08:00,0.0,3.7866,-0.24793,3.5386,0.0,12.337,13.755,23.755,0.00676,1.1346,0.0,0.0,0.0,0.0076699999999999,0.0076699999999999,0.0,-99999.0,21.661,21.485,12.19,-99999.0,50
2015-10-04 05:09:00,0.0,3.8092,-0.15778,3.6514,0.0,12.291,13.753,23.743,0.00676,1.1176,0.0,0.0,0.0,0.0075599999999999,0.0075599999999999,0.0,-99999.0,21.6,21.41,12.183,-99999.0,50
2015-10-04 05:10:00,0.0,3.7866,-0.20285,3.5837,0.0,12.28,13.754,23.741,0.00676,1.1113,0.0,0.0,0.0,0.00751,0.00751,0.0,-99999.0,21.546,21.345,12.196,-99999.0,50
2015-10-04 05:11:00,0.0,3.7866,-0.27048,3.5161,0.0,12.237,13.754,23.74,0.00676,1.1049,0.0,0.0,0.0,0.00747,0.00747,0.0,-99999.0,21.506,21.288,12.178,-99999.0,50
2015-10-04 05:12:00,0.0,3.7866,-0.18032,3.6063,0.0,12.249,13.756,23.731,0.00676,1.0838,0.0,0.0,0.0,0.0073299999999999,0.0073299999999999,0.0,-99999.0,21.508,21.308,12.161,-99999.0,50
2015-10-04 05:13:00,0.0,3.7866,-0.15778,3.6288,0.0,12.293,13.755,23.728,0.00676,1.0732,0.0,0.0,0.0,0.00726,0.00726,0.0,-99999.0,21.563,21.388,12.181,-99999.0,50
2015-10-04 05:14:00,0.0,3.8542,-0.20286,3.6513,0.0,12.352,13.756,23.731,0.00676,1.069,0.0,0.0,0.0,0.00723,0.00723,0.0,-99999.0,21.683,21.497,12.175,-99999.0,50
2015-10-04 05:15:00,0.0,3.8091,-0.09016,3.719,0.0,12.323,13.756,23.718,0.00676,1.069,0.0,0.0,0.0,0.00723,0.00723,0.0,-99999.0,21.772,21.582,12.163,-99999.0,50
2015-10-04 05:16:00,0.0,3.8317,-0.27048,3.5612,0.0,12.254,13.755,23.715,0.00676,1.0901,0.0,0.0,0.0,0.0073699999999999,0.0073699999999999,0.0,-99999.0,21.826,21.666,12.151,-99999.0,50
2015-10-04 05:17:00,0.0,3.7866,0.04508,3.8317,0.0,12.23,13.756,23.715,0.00676,1.1515,0.0,0.0,0.0,0.00779,0.00779,0.0,-99999.0,21.836,21.661,12.145,-99999.0,50
2015-10-04 05:18:00,0.0,3.8091,-0.2253999999999999,3.5837,0.0,12.261,13.755,23.711,0.00676,1.1875,0.0,0.0,0.0,0.00803,0.00803,0.0,-99999.0,21.794,21.602,12.135,-99999.0,50
2015-10-04 05:19:00,0.0,3.7866,-0.18032,3.6063,0.0,12.288,13.755,23.703,0.00676,1.2446,0.0,0.0,0.0,0.00842,0.00842,0.0,-99999.0,21.726,21.514,12.141,-99999.0,50
2015-10-04 05:20:00,0.0,3.8092,-0.20286,3.6063,0.0,12.181,13.756,23.705,0.00676,1.2806,0.0,0.0,0.0,0.0086599999999999,0.0086599999999999,0.0,-99999.0,21.661,21.432,12.13,-99999.0,50
2015-10-04 05:21:00,0.0,3.7866,-0.18032,3.6063,0.0,12.166,13.747,23.702,0.00676,1.3674,0.0,0.0,0.0,0.0092499999999999,0.0092499999999999,0.0,-99999.0,21.566,21.329,12.1,-99999.0,50
2015-10-04 05:22:00,0.0,3.8092,-0.2479399999999999,3.5612,0.0,12.208,13.755,23.703,0.00676,1.5008,0.0,0.0,0.0,0.0101499999999999,0.0101499999999999,0.0,-99999.0,21.497,21.278,12.116,-99999.0,50
2015-10-04 05:23:00,0.0,3.7866,-0.18032,3.6063,0.0,12.311,13.757,23.687,0.00676,1.632,0.0,0.0,0.0,0.0110399999999999,0.0110399999999999,0.0,-99999.0,21.505,21.309,12.116,-99999.0,50
2015-10-04 05:24:00,0.0,3.8317,-0.20286,3.6288,0.0,12.343,13.756,23.689,0.00676,1.7738,0.0,0.0,0.0,0.01199,0.01199,0.0,-99999.0,21.585,21.391,12.133,-99999.0,50
2015-10-04 05:25:00,0.0,3.7641,-0.06762,3.6965,0.0,12.308,13.755,23.69,0.00676,1.9368,0.0,0.7979699999999998,0.0,0.0131,0.0131,0.0,-99999.0,21.65,21.493,12.13,-99999.0,50
2015-10-04 05:26:00,0.0,3.8092,-0.18032,3.6288,0.0,12.229,13.756,23.69,0.00662,2.1379,0.0,1.2573,0.0,0.01417,0.01417,0.0,-99999.0,21.706,21.582,12.094,-99999.0,50
2015-10-04 05:27:00,0.0,3.8317,-0.31556,3.5161,0.0,12.27,13.756,23.689,0.00676,2.4004,0.0,1.5092,0.0,0.01623,0.01623,0.0,-99999.0,21.716,21.584,12.08,-99999.0,50
2015-10-04 05:28:00,0.0,3.8092,-0.15778,3.6514,0.0,12.235,13.756,23.689,0.00676,2.7158,0.0,1.7886,0.0,0.01836,0.01836,0.0,-99999.0,21.674,21.521,12.093,-99999.0,50
2015-10-04 05:29:00,0.0,3.7866,-0.2479399999999999,3.5387,0.0,12.194,13.756,23.68,0.00676,3.0672,0.0,2.1124,0.0,0.02074,0.02074,0.0,-99999.0,21.602,21.429,12.064,-99999.0,50
2015-10-04 05:30:00,0.0,3.7866,-0.15778,3.6288,0.0,12.249,13.756,23.675,0.00676,3.5646,0.0,2.5781,0.0,0.0241,0.0241,0.0,-99999.0,21.512,21.322,12.067,-99999.0,50
2015-10-04 05:31:00,0.0,3.8317,-0.36063,3.4711,0.0,12.201,13.755,23.679,0.00676,4.3859,0.0,3.3655,0.0,0.0296599999999999,0.0296599999999999,0.0,-99999.0,21.444,21.256,12.108,-99999.0,50
2015-10-04 05:32:00,0.0,3.8317,-0.20286,3.6288,0.0,12.349,13.756,23.679,0.00676,5.4252,0.0,4.2863,0.0,0.0366799999999999,0.0366799999999999,0.0,-99999.0,21.475,21.284,12.142,-99999.0,50
2015-10-04 05:33:00,0.0,3.8092,-0.33809,3.4711,0.0,12.298,13.756,23.676,0.00676,6.4476,0.0,5.2556,0.0,0.0436,0.0436,0.0,-99999.0,21.567,21.364,12.141,-99999.0,50
2015-10-04 05:34:00,0.0,3.7866,-0.2479399999999999,3.5387,0.0,12.238,13.755,23.677,0.00676,7.4044,0.0,6.1235,0.0,0.05007,0.05007,0.0,-99999.0,21.659,21.46,12.141,-99999.0,50
2015-10-04 05:35:00,0.0,3.7641,-0.1126999999999999,3.6514,0.0,12.293,13.756,23.674,0.00676,8.365299999999998,0.0,7.0106,0.0,0.05657,0.05657,0.0,-99999.0,21.714,21.55,12.125,-99999.0,50
2015-10-04 05:36:00,0.0,3.8768,-0.2479399999999999,3.6288,0.0,12.345,13.756,23.669,0.00676,9.7751,0.0,8.3251,0.0,0.0661,0.0661,0.0,-99999.0,21.751,21.608,12.118,-99999.0,50
2015-10-04 05:37:00,0.0,3.8317,-0.33809,3.4936,0.0,12.272,13.755,23.665,0.00676,11.579,0.0,9.9906,0.0,0.0782899999999999,0.0782899999999999,0.0,-99999.0,21.735,21.596,12.104,-99999.0,50
2015-10-04 05:38:00,0.0,3.7641,-0.1126999999999999,3.6514,0.0,12.243,13.756,23.663,0.00676,13.6,0.0,11.875,0.0,0.09196,0.09196,0.0,-99999.0,21.686,21.528,12.096,-99999.0,50
2015-10-04 05:39:00,0.0,3.8317,-0.31556,3.5162,0.0,12.278,13.756,23.666,0.00676,15.454,0.0,13.632,0.0,0.1045,0.1045,0.0,-99999.0,21.627,21.435,12.115,-99999.0,50
2015-10-04 05:40:00,0.0,3.7866,-0.15778,3.6288,0.0,12.266,13.756,23.664,0.00676,17.829,0.0,15.869,0.0,0.12056,0.12056,0.0,-99999.0,21.562,21.347,12.098,-99999.0,50
2015-10-04 05:41:00,0.0,3.7866,-0.18032,3.6063,0.0,12.281,13.755,23.663,0.00676,20.986,0.0,18.888,0.0,0.1419,0.1419,0.0,-99999.0,21.56,21.338,12.117,-99999.0,50
2015-10-04 05:42:00,0.0,3.8092,-0.06762,3.7415,0.0,12.277,13.755,23.656,0.00676,23.416,0.0,21.189,0.0,0.15833,0.15833,0.0,-99999.0,21.605,21.358,12.107,-99999.0,50
2015-10-04 05:43:00,0.0,3.7866,-0.06762,3.719,0.0,12.272,13.756,23.653,0.00676,25.295,0.0,23.032,0.0,0.17104,0.17104,0.0,-99999.0,21.651,21.403,12.11,-99999.0,50
2015-10-04 05:44:00,0.0,3.8092,-0.27048,3.5387,0.0,12.268,13.755,23.654,0.00676,28.284,0.0,25.905,0.0,0.19125,0.19125,0.0,-99999.0,21.677,21.452,12.113,-99999.0,50
2015-10-04 05:45:00,0.0,3.8092,-0.2253999999999999,3.5838,0.0,12.271,13.756,23.652,0.00676,33.309,0.0,30.758,0.0,0.22523,0.22523,0.0,-99999.0,21.66,21.437,12.144,-99999.0,50
2015-10-04 05:46:00,0.0,3.7641,-0.15778,3.6063,0.0,12.258,13.757,23.657,0.00676,39.991,0.0,37.18,0.0,0.2704199999999999,0.2704199999999999,0.0,-99999.0,21.617,21.383,12.134,-99999.0,50
2015-10-04 05:47:00,0.0,3.8317,-0.31556,3.5161,0.0,12.242,13.757,23.646,0.00676,47.62,0.0,44.551,0.0,0.32201,0.32201,0.0,-99999.0,21.53,21.28,12.136,-99999.0,50
2015-10-04 05:48:00,0.0,3.7641,-0.1126999999999999,3.6514,0.0,12.239,13.756,23.641,0.00662,55.139,0.0,51.86,0.0,0.36464,0.36464,0.0,-99999.0,21.445,21.185,12.137,-99999.0,50
2015-10-04 05:49:00,0.0,3.7641,-0.1126999999999999,3.6514,0.0,12.247,13.757,23.642,0.0064799999999999,61.328,0.0,57.762,0.0,0.39734,0.39734,0.0,-99999.0,21.368,21.102,12.147,-99999.0,50
2015-10-04 05:50:00,0.0,3.7866,-0.15778,3.6288,0.0,12.275,13.758,23.642,0.00662,66.371,0.0,62.586,0.0,0.4397599999999999,0.4397599999999999,0.0,-99999.0,21.287,21.012,12.142,-99999.0,50
2015-10-04 05:51:00,0.0,3.7866,-0.18032,3.6063,0.0,12.262,13.757,23.637,0.00676,72.668,0.0,68.697,0.0,0.4913699999999999,0.4913699999999999,0.0,-99999.0,21.28,21.003,12.139,-99999.0,50
2015-10-04 05:52:00,0.0,3.7641,-0.18032,3.5838,0.0,12.274,13.758,23.627,0.00676,78.991,0.0,74.769,0.0,0.53412,0.53412,0.0,-99999.0,21.305,21.026,12.139,-99999.0,50
2015-10-04 05:53:00,0.0,3.8092,-0.20286,3.6063,0.0,12.26,13.758,23.627,0.0059199999999999,86.086,0.0,81.565,0.0,0.50848,0.50848,0.0,-99999.0,21.34,21.075,12.128,-99999.0,50
2015-10-04 05:54:00,0.0,3.8092,-0.27048,3.5387,0.0,12.281,13.758,23.619,0.00676,95.489,0.0,90.62,0.0,0.64568,0.64568,0.0,-99999.0,21.35,21.119,12.143,-99999.0,50
2015-10-04 05:55:00,0.0,3.8092,-0.1126999999999999,3.6965,0.0,12.278,13.758,23.613,0.0056299999999999,102.44,0.0,97.293,0.0,0.57733,0.57733,0.0,-99999.0,21.36,21.115,12.146,-99999.0,50
2015-10-04 05:56:00,0.0,3.8768,-0.13524,3.7415,0.0,12.292,13.758,23.612,0.00549,108.32,0.0,103.24,0.0,0.59562,0.59562,0.0,-99999.0,21.35,21.086,12.154,-99999.0,50
2015-10-04 05:57:00,0.0,3.8092,-0.15778,3.6514,0.0,12.278,13.759,23.606,0.00521,116.39,0.0,111.02,0.0,0.60504,0.60504,0.0,-99999.0,21.3,21.038,12.153,-99999.0,50
2015-10-04 05:58:00,0.0,3.7866,-0.2479399999999999,3.5386,0.0,12.267,13.759,23.601,0.00549,123.3,0.0,117.64,0.0,0.67727,0.67727,0.0,-99999.0,21.251,20.989,12.162,-99999.0,50
2015-10-04 05:59:00,0.0,3.8542,-0.18032,3.6739,0.0,12.301,13.759,23.598,0.0050699999999999,129.1,0.0,123.3,0.0,0.65522,0.65522,0.0,-99999.0,21.215,20.939,12.163,-99999.0,50
2015-10-04 06:00:00,0.0,3.8092,-0.20286,3.6063,0.0,12.283,13.759,23.587,0.0061999999999999,133.49,0.0,127.78,0.0,0.8275099999999999,0.8275099999999999,0.0,-99999.0,21.16,20.863,12.146,-99999.0,50
2015-10-04 06:01:00,0.0,3.8092,-0.2253999999999999,3.5838,0.0,12.254,13.757,23.589,0.0050699999999999,136.47,0.0,130.94,0.0,0.69184,0.69184,0.0,-99999.0,21.134,20.854,12.15,-99999.0,50
2015-10-04 06:02:00,0.0,3.7866,0.02254,3.8092,0.0,12.27,13.758,23.579,0.00479,136.76,0.0,131.14,0.0,0.6548899999999999,0.6548899999999999,0.0,-99999.0,21.177,20.916,12.153,-99999.0,50
2015-10-04 06:03:00,0.0,3.7866,-0.09016,3.6965,0.0,12.32,13.759,23.578,0.00521,136.13,0.0,130.54,0.0,0.70949,0.70949,0.0,-99999.0,21.284,21.016,12.181,-99999.0,50
2015-10-04 06:04:00,0.0,3.7866,-0.18032,3.6063,0.0,12.28,13.758,23.567,0.00606,138.03,0.0,132.43,0.0,0.83672,0.83672,0.0,-99999.0,21.355,21.102,12.154,-99999.0,50
2015-10-04 06:05:00,0.0,3.8768,-0.27048,3.6063,0.0,12.242,13.759,23.562,0.0061999999999999,141.42,0.0,135.68,0.0,0.87643,0.87643,0.0,-99999.0,21.398,21.161,12.179,-99999.0,50
2015-10-04 06:06:00,0.0,3.7641,-0.13524,3.6288,0.0,12.244,13.759,23.561,0.00479,144.12,0.0,138.34,0.0,0.6900899999999999,0.6900899999999999,0.0,-99999.0,21.415,21.157,12.192,-99999.0,50
2015-10-04 06:07:00,0.0,3.8768,-0.33809,3.5387,0.0,12.249,13.759,23.549,0.00521,147.05,0.0,141.13,0.0,0.7670299999999999,0.7670299999999999,0.0,-99999.0,21.371,21.101,12.172,-99999.0,50
2015-10-04 06:08:00,0.0,3.8092,-0.20286,3.6063,0.0,12.272,13.759,23.549,0.00493,151.99,0.0,146.05,0.0,0.7485699999999998,0.7485699999999998,0.0,-99999.0,21.332,21.047,12.183,-99999.0,50
2015-10-04 06:09:00,0.0,3.8092,-0.15778,3.6514,0.0,12.26,13.759,23.539,0.0038,158.93,0.0,153.05,0.0,0.60335,0.60335,0.0,-99999.0,21.288,20.984,12.176,-99999.0,50
2015-10-04 06:10:00,0.0,3.7641,-0.2253999999999999,3.5387,0.0,12.26,13.759,23.537,0.0046499999999999,166.35,0.0,160.66,0.0,0.773,0.773,0.0,-99999.0,21.246,20.939,12.183,-99999.0,50
2015-10-04 06:11:00,0.0,3.8317,-0.20286,3.6288,0.0,12.256,13.76,23.536,0.00423,174.4,0.0,168.91,0.0,0.73653,0.73653,0.0,-99999.0,21.2,20.891,12.184,-99999.0,50
2015-10-04 06:12:00,0.0,3.7866,-0.13524,3.6514,0.0,12.249,13.76,23.523,0.00423,182.57,0.0,177.35,0.0,0.772,0.772,0.0,-99999.0,21.197,20.923,12.173,-99999.0,50
2015-10-04 06:13:00,0.0,3.8092,-0.31556,3.4936,0.0,12.254,13.76,23.524,0.00451,189.08,0.0,184.15,0.0,0.85213,0.85213,0.0,-99999.0,21.271,21.041,12.185,-99999.0,50
2015-10-04 06:14:00,0.0,3.9218,-0.38317,3.5387,0.0,12.267,13.759,23.524,0.00423,195.21,0.0,190.56,0.0,0.82339,0.82339,0.0,-99999.0,21.383,21.188,12.197,-99999.0,50
2015-10-04 06:15:00,0.0,3.8092,0.04508,3.8543,0.0,12.273,13.759,23.511,0.00338,200.83,0.0,196.53,0.0,0.67898,0.67898,0.0,-99999.0,21.483,21.324,12.2,-99999.0,50
2015-10-04 06:16:00,0.0,3.7866,-0.04508,3.7416,0.0,12.281,13.761,23.51,0.00352,206.26,0.0,202.24,0.0,0.72664,0.72664,0.0,-99999.0,21.543,21.389,12.219,-99999.0,50
2015-10-04 06:17:00,0.0,3.7866,-0.1126999999999999,3.6739,0.0,12.294,13.761,23.51,0.00338,211.05,0.0,207.3,0.0,0.71354,0.71354,0.0,-99999.0,21.536,21.373,12.232,-99999.0,50
2015-10-04 06:18:00,0.0,3.8317,-0.36063,3.4711,0.0,12.284,13.76,23.51,0.0039399999999999,214.83,0.0,211.2,0.0,0.84759,0.84759,0.0,-99999.0,21.509,21.32,12.242,-99999.0,50
2015-10-04 06:19:00,0.0,3.7867,-0.18032,3.6064,0.0,12.253,13.76,23.5,0.00338,217.54,0.0,214.02,0.0,0.73548,0.73548,0.0,-99999.0,21.46,21.252,12.245,-99999.0,50
2015-10-04 06:20:00,0.0,3.6289,-0.02254,3.6063,0.0,12.248,13.759,23.497,0.00352,218.99,0.0,215.52,0.0,0.7711599999999998,0.7711599999999998,0.0,-99999.0,21.42,21.193,12.254,-99999.0,50
2015-10-04 06:21:00,0.0,3.7866,-0.13524,3.6514,0.0,12.231,13.759,23.497,0.00352,221.45,0.0,218.08,0.0,0.7798899999999999,0.7798899999999999,0.0,-99999.0,21.377,21.131,12.264,-99999.0,50
2015-10-04 06:22:00,0.0,3.7641,-0.02254,3.7416,0.0,12.22,13.76,23.497,0.00366,223.93,0.0,220.67,0.0,0.82032,0.82032,0.0,-99999.0,21.356,21.1,12.282,-99999.0,50
2015-10-04 06:23:00,0.0,3.7867,-0.15778,3.6289,0.0,12.217,13.759,23.497,0.00352,224.16,0.0,220.92,0.0,0.7894299999999999,0.7894299999999999,0.0,-99999.0,21.402,21.153,12.298,-99999.0,50
2015-10-04 06:24:00,0.0,3.8093,-0.18032,3.6289,0.0,12.211,13.758,23.493,0.00366,222.79,0.0,219.48,0.0,0.81596,0.81596,0.0,-99999.0,21.495,21.23,12.307,-99999.0,50
2015-10-04 06:25:00,0.0,3.7867,-0.15778,3.6289,0.0,12.192,13.76,23.492,0.0040899999999999,222.97,0.0,219.66,0.0,0.91114,0.91114,0.0,-99999.0,21.571,21.319,12.31,-99999.0,50
2015-10-04 06:26:00,0.0,3.8092,-0.29303,3.5162,0.0,12.176,13.759,23.489,0.0039399999999999,225.46,0.0,222.26,0.0,0.88893,0.88893,0.0,-99999.0,21.606,21.387,12.31,-99999.0,50
2015-10-04 06:27:00,0.0,3.8317,-0.18032,3.6514,0.0,12.156,13.759,23.483,0.00338,227.88,0.0,224.84,0.0,0.7704499999999999,0.7704499999999999,0.0,-99999.0,21.604,21.378,12.311,-99999.0,50
2015-10-04 06:28:00,0.0,3.8092,-0.20286,3.6063,0.0,12.15,13.759,23.483,0.00352,228.96,0.0,226.0,0.0,0.80639,0.80639,0.0,-99999.0,21.572,21.341,12.321,-99999.0,50
2015-10-04 06:29:00,0.0,3.7641,-0.04508,3.719,0.0,12.143,13.759,23.483,0.00338,229.56,0.0,226.63,0.0,0.77615,0.77615,0.0,-99999.0,21.525,21.276,12.334,-99999.0,50
2015-10-04 06:30:00,0.0,3.8543,-0.2479399999999999,3.6064,0.0,12.145,13.759,23.483,0.00366,231.06,0.0,228.28,0.0,0.8465399999999998,0.8465399999999998,0.0,-99999.0,21.473,21.207,12.345,-99999.0,50
2015-10-04 06:31:00,0.0,3.8317,-0.18032,3.6514,0.0,12.144,13.759,23.483,0.00366,232.98,0.0,230.32,0.0,0.85318,0.85318,0.0,-99999.0,21.423,21.138,12.357,-99999.0,50
2015-10-04 06:32:00,0.0,3.7642,-0.06762,3.6965,0.0,12.136,13.76,23.483,0.00338,232.82,0.0,230.23,0.0,0.78717,0.78717,0.0,-99999.0,21.372,21.073,12.365,-99999.0,50
2015-10-04 06:33:00,0.0,3.8317,-0.15778,3.674,0.0,12.153,13.759,23.483,0.00366,228.62,0.0,225.75,0.0,0.8374899999999998,0.8374899999999998,0.0,-99999.0,21.319,21.016,12.386,-99999.0,50
2015-10-04 06:34:00,0.0,3.8093,-0.2479399999999999,3.5613,0.0,12.165,13.759,23.483,0.0038,223.74,0.0,220.58,0.0,0.85108,0.85108,0.0,-99999.0,21.335,21.079,12.386,-99999.0,50
2015-10-04 06:35:00,0.0,3.7866,-0.1126999999999999,3.6739,0.0,12.171,13.759,23.483,0.00366,224.43,0.0,221.26,0.0,0.82211,0.82211,0.0,-99999.0,21.387,21.192,12.393,-99999.0,50
2015-10-04 06:36:00,0.0,3.8093,-0.09016,3.7191,0.0,12.202,13.759,23.482,0.0038,225.25,0.0,222.16,0.0,0.85679,0.85679,0.0,-99999.0,21.478,21.301,12.409,-99999.0,50
2015-10-04 06:37:00,0.0,3.7867,-0.2253999999999999,3.5613,0.0,12.225,13.76,23.481,0.00366,224.8,0.0,221.71,0.0,0.8234099999999999,0.8234099999999999,0.0,-99999.0,21.582,21.423,12.416,-99999.0,50
2015-10-04 06:38:00,0.0,3.8093,-0.15778,3.6515,0.0,12.225,13.759,23.474,0.00352,224.2,0.0,221.12,0.0,0.7896199999999999,0.7896199999999999,0.0,-99999.0,21.627,21.46,12.414,-99999.0,50
2015-10-04 06:39:00,0.0,3.7641,-0.13524,3.6289,0.0,12.215,13.759,23.475,0.0038,223.26,0.0,220.14,0.0,0.8492,0.8492,0.0,-99999.0,21.622,21.432,12.412,-99999.0,50
2015-10-04 06:40:00,0.0,3.8092,-0.2253999999999999,3.5838,0.0,12.215,13.76,23.473,0.00352,221.99,0.0,218.81,0.0,0.7818899999999999,0.7818899999999999,0.0,-99999.0,21.592,21.388,12.417,-99999.0,50
2015-10-04 06:41:00,0.0,3.8092,-0.13524,3.674,0.0,12.21,13.76,23.472,0.00423,221.58,0.0,218.34,0.0,0.93623,0.93623,0.0,-99999.0,21.554,21.334,12.41,-99999.0,50
2015-10-04 06:42:00,0.0,3.8319,-0.06762,3.7642,0.0,12.209,13.759,23.475,0.00366,223.52,0.0,220.33,0.0,0.81847,0.81847,0.0,-99999.0,21.522,21.294,12.418,-99999.0,50
2015-10-04 06:43:00,0.0,3.7866,-0.1126999999999999,3.6739,0.0,12.217,13.76,23.472,0.00366,225.65,0.0,222.57,0.0,0.8264099999999999,0.8264099999999999,0.0,-99999.0,21.494,21.254,12.424,-99999.0,50
2015-10-04 06:44:00,0.0,3.7867,-0.18032,3.6063,0.0,12.227,13.758,23.481,0.00338,227.45,0.0,224.46,0.0,0.769,0.769,0.0,-99999.0,21.479,21.23,12.446,-99999.0,50
2015-10-04 06:45:00,0.0,3.7867,-0.18032,3.6064,0.0,12.226,13.76,23.475,0.00366,228.46,0.0,225.5,0.0,0.83669,0.83669,0.0,-99999.0,21.445,21.193,12.448,-99999.0,50
2015-10-04 06:46:00,0.0,3.8317,-0.2479399999999999,3.5838,0.0,12.233,13.76,23.482,0.00338,231.68,0.0,228.84,0.0,0.78331,0.78331,0.0,-99999.0,21.465,21.201,12.472,-99999.0,50
2015-10-04 06:47:00,0.0,3.8093,-0.15779,3.6515,0.0,12.236,13.76,23.482,0.00352,235.82,0.0,233.29,0.0,0.8309699999999999,0.8309699999999999,0.0,-99999.0,21.524,21.302,12.498,-99999.0,50
2015-10-04 06:48:00,0.0,3.7867,-0.13524,3.6514,0.0,12.24,13.759,23.48,0.00338,244.17,0.0,242.45,0.0,0.82552,0.82552,0.0,-99999.0,21.586,21.415,12.532,-99999.0,50
2015-10-04 06:49:00,0.0,3.8092,-0.18032,3.6289,0.0,12.24,13.761,23.483,0.00338,249.21,0.0,247.97,0.0,0.8425599999999999,0.8425599999999999,0.0,-99999.0,21.681,21.539,12.59,-99999.0,50
2015-10-04 06:50:00,0.0,3.8543,-0.22541,3.6289,0.0,12.246,13.759,23.483,0.00352,248.93,0.0,247.72,0.0,0.87672,0.87672,0.0,-99999.0,21.731,21.626,12.635,-99999.0,50
2015-10-04 06:51:00,0.0,3.7867,-0.02254,3.7642,0.0,12.256,13.76,23.483,0.00338,248.41,0.0,247.18,0.0,0.83986,0.83986,0.0,-99999.0,21.728,21.62,12.684,-99999.0,50
2015-10-04 06:52:00,0.0,3.7867,-0.13524,3.6515,0.0,12.258,13.76,23.483,0.00352,250.17,0.0,249.09,0.0,0.88097,0.88097,0.0,-99999.0,21.699,21.566,12.712,-99999.0,50
2015-10-04 06:53:00,0.0,3.6966,-0.18032,3.5163,0.0,12.248,13.759,23.483,0.00338,253.42,0.0,252.6,0.0,0.8568099999999998,0.8568099999999998,0.0,-99999.0,21.663,21.499,12.75,-99999.0,50
2015-10-04 06:54:00,0.0,3.8093,-0.15778,3.6515,0.0,12.257,13.76,23.483,0.00338,256.21,0.0,255.63,0.0,0.8662499999999999,0.8662499999999999,0.0,-99999.0,21.616,21.42,12.816,-99999.0,50
2015-10-04 06:55:00,0.0,3.7642,-0.02254,3.7416,0.0,12.277,13.759,23.483,0.00338,257.54,0.0,257.08,0.0,0.87077,0.87077,0.0,-99999.0,21.565,21.339,12.891,-99999.0,50
2015-10-04 06:56:00,0.0,3.7869,-0.1126999999999999,3.6741,0.0,12.292,13.759,23.488,0.00338,257.34,0.0,256.92,0.0,0.87006,0.87006,0.0,-99999.0,21.521,21.277,12.961,-99999.0,50
2015-10-04 06:57:00,0.0,3.8318,-0.27048,3.5613,0.0,12.306,13.76,23.496,0.00338,255.92,0.0,255.39,0.0,0.86528,0.86528,0.0,-99999.0,21.493,21.234,13.034,-99999.0,50
2015-10-04 06:58:00,0.0,3.7867,-0.15778,3.6289,0.0,12.315,13.76,23.497,0.00338,254.53,0.0,253.84,0.0,0.8605599999999999,0.8605599999999999,0.0,-99999.0,21.467,21.205,13.088,-99999.0,50
2015-10-04 06:59:00,0.0,3.7867,-0.2253999999999999,3.5613,0.0,12.326,13.76,23.497,0.00338,253.38,0.0,252.61,0.0,0.85668,0.85668,0.0,-99999.0,21.449,21.181,13.128,-99999.0,50
2015-10-04 07:00:00,0.0,3.7867,-0.27049,3.5163,0.0,12.341,13.759,23.497,0.00338,252.54,0.0,251.68,0.0,0.85384,0.85384,0.0,-99999.0,21.432,21.159,13.163,-99999.0,50
2015-10-04 07:01:00,0.0,3.8092,-0.2028699999999999,3.6063,0.0,12.354,13.759,23.497,0.00338,252.79,0.0,251.95,0.0,0.85469,0.85469,0.0,-99999.0,21.441,21.155,13.184,-99999.0,50
2015-10-04 07:02:00,0.0,3.8093,-0.20286,3.6064,0.0,12.361,13.759,23.497,0.00338,254.77,0.0,254.07,0.0,0.8613899999999999,0.8613899999999999,0.0,-99999.0,21.49,21.23,13.209,-99999.0,50
2015-10-04 07:03:00,0.0,3.8317,-0.18032,3.6514,0.0,12.368,13.759,23.497,0.00338,257.79,0.0,257.27,0.0,0.87158,0.87158,0.0,-99999.0,21.543,21.359,13.253,-99999.0,50
2015-10-04 07:04:00,0.0,3.8093,-0.18032,3.6289,0.0,12.379,13.759,23.497,0.00352,260.28,0.0,260.02,0.0,0.91671,0.91671,0.0,-99999.0,21.619,21.495,13.302,-99999.0,50
2015-10-04 07:05:00,0.0,3.7642,-0.15778,3.6065,0.0,12.399,13.759,23.499,0.00338,261.13,0.0,260.93,0.0,0.8828599999999999,0.8828599999999999,0.0,-99999.0,21.676,21.578,13.372,-99999.0,50
2015-10-04 07:06:00,0.0,3.8317,-0.18032,3.6514,0.0,12.417,13.759,23.509,0.00338,261.41,0.0,261.25,0.0,0.8838399999999998,0.8838399999999998,0.0,-99999.0,21.694,21.585,13.45,-99999.0,50
2015-10-04 07:07:00,0.0,3.8318,-0.18032,3.6514,0.0,12.419,13.759,23.51,0.00338,262.63,0.0,262.56,0.0,0.88795,0.88795,0.0,-99999.0,21.669,21.53,13.513,-99999.0,50
2015-10-04 07:08:00,0.0,3.8318,-0.15778,3.674,0.0,12.427,13.759,23.51,0.00338,263.05,0.0,263.03,0.0,0.88936,0.88936,0.0,-99999.0,21.629,21.464,13.572,-99999.0,50
2015-10-04 07:09:00,0.0,3.8318,-0.2479399999999999,3.5839,0.0,12.43,13.759,23.51,0.00338,261.86,0.0,261.83,0.0,0.88536,0.88536,0.0,-99999.0,21.585,21.389,13.599,-99999.0,50
2015-10-04 07:10:00,0.0,3.7866,-0.20286,3.5838,0.0,12.402,13.76,23.51,0.00338,262.7,0.0,262.71,0.0,0.88819,0.88819,0.0,-99999.0,21.535,21.314,13.62,-99999.0,50
2015-10-04 07:11:00,0.0,3.8769,-0.15778,3.7191,0.0,12.402,13.759,23.511,0.00338,265.24,0.0,265.36,0.0,0.89675,0.89675,0.0,-99999.0,21.491,21.241,13.677,-99999.0,50
2015-10-04 07:12:00,0.0,3.8543,-0.2253999999999999,3.6289,0.0,12.43,13.759,23.52,0.00338,267.24,0.0,267.5,0.0,0.90352,0.90352,0.0,-99999.0,21.454,21.191,13.74,-99999.0,50
2015-10-04 07:13:00,0.0,3.8092,-0.18032,3.6289,0.0,12.446,13.76,23.524,0.00338,267.94,0.0,268.24,0.0,0.9059,0.9059,0.0,-99999.0,21.414,21.142,13.804,-99999.0,50
2015-10-04 07:14:00,0.0,3.7642,-0.18032,3.5839,0.0,12.444,13.759,23.524,0.00338,267.93,0.0,268.23,0.0,0.90588,0.90588,0.0,-99999.0,21.365,21.088,13.844,-99999.0,50
2015-10-04 07:15:00,0.0,3.8318,-0.2253999999999999,3.6064,0.0,12.409,13.76,23.524,0.00338,267.46,0.0,267.75,0.0,0.90428,0.90428,0.0,-99999.0,21.295,21.013,13.848,-99999.0,50
2015-10-04 07:16:00,0.0,3.8318,-0.20286,3.6289,0.0,12.424,13.759,23.524,0.00338,265.91,0.0,266.1,0.0,0.8990599999999999,0.8990599999999999,0.0,-99999.0,21.295,21.037,13.87,-99999.0,50
2015-10-04 07:17:00,0.0,3.8317,-0.18032,3.6514,0.0,12.453,13.76,23.524,0.00338,264.06,0.0,264.15,0.0,0.8928,0.8928,0.0,-99999.0,21.365,21.103,13.882,-99999.0,50
2015-10-04 07:18:00,0.0,3.8317,-0.09016,3.7416,0.0,12.433,13.759,23.524,0.00338,262.82,0.0,262.81,0.0,0.8886,0.8886,0.0,-99999.0,21.443,21.186,13.88,-99999.0,50
2015-10-04 07:19:00,0.0,3.7642,-0.15778,3.6064,0.0,12.417,13.759,23.524,0.00338,262.66,0.0,262.67,0.0,0.88804,0.88804,0.0,-99999.0,21.475,21.256,13.826,-99999.0,50
2015-10-04 07:20:00,0.0,3.8092,-0.13524,3.674,0.0,12.371,13.759,23.524,0.00338,262.82,0.0,262.85,0.0,0.8886,0.8886,0.0,-99999.0,21.489,21.264,13.792,-99999.0,50
2015-10-04 07:21:00,0.0,3.7866,-0.27048,3.5162,0.0,12.374,13.759,23.524,0.00338,262.8,0.0,262.81,0.0,0.88855,0.88855,0.0,-99999.0,21.454,21.227,13.773,-99999.0,50
2015-10-04 07:22:00,0.0,3.674,0.0,3.674,0.0,12.383,13.759,23.524,0.00338,262.65,0.0,262.69,0.0,0.88802,0.88802,0.0,-99999.0,21.41,21.17,13.765,-99999.0,50
2015-10-04 07:23:00,0.0,3.8317,-0.13524,3.6965,0.0,12.404,13.759,23.524,0.00338,261.98,0.0,261.97,0.0,0.8857599999999999,0.8857599999999999,0.0,-99999.0,21.367,21.104,13.748,-99999.0,50
2015-10-04 07:24:00,0.0,3.7867,-0.1126999999999999,3.674,0.0,12.403,13.759,23.524,0.00338,261.1,0.0,261.04,0.0,0.88278,0.88278,0.0,-99999.0,21.319,21.039,13.713,-99999.0,50
2015-10-04 07:25:00,0.0,3.8543,-0.2253999999999999,3.6289,0.0,12.388,13.76,23.524,0.00338,261.07,0.0,261.06,0.0,0.88267,0.88267,0.0,-99999.0,21.261,20.976,13.664,-99999.0,50
2015-10-04 07:26:00,0.0,3.7867,-0.13524,3.6515,0.0,12.317,13.76,23.524,0.00338,262.19,0.0,262.19,0.0,0.88644,0.88644,0.0,-99999.0,21.202,20.922,13.604,-99999.0,50
2015-10-04 07:27:00,0.0,3.7641,-0.18032,3.5838,0.0,12.202,13.76,23.524,0.00338,263.95,0.0,264.04,0.0,0.89241,0.89241,0.0,-99999.0,21.136,20.842,13.543,-99999.0,50
2015-10-04 07:28:00,0.0,3.8543,-0.13524,3.719,0.0,12.205,13.759,23.524,0.00366,265.32,0.0,265.49,0.0,0.9718,0.9718,0.0,-99999.0,21.088,20.813,13.575,-99999.0,50
2015-10-04 07:29:00,0.0,3.8092,-0.18032,3.6289,0.0,12.222,13.76,23.524,0.00338,266.37,0.0,266.61,0.0,0.9005699999999999,0.9005699999999999,0.0,-99999.0,21.122,20.867,13.561,-99999.0,50
2015-10-04 07:30:00,0.0,3.8092,-0.1126999999999999,3.6965,0.0,12.223,13.759,23.524,0.00338,267.25,0.0,267.56,0.0,0.90357,0.90357,0.0,-99999.0,21.195,20.938,13.615,-99999.0,50
2015-10-04 07:31:00,0.0,3.8317,-0.2253999999999999,3.6063,0.0,12.245,13.759,23.522,0.00338,267.38,0.0,267.68,0.0,0.90401,0.90401,0.0,-99999.0,21.238,21.016,13.649,-99999.0,50
2015-10-04 07:32:00,0.0,3.7641,-0.18032,3.5838,0.0,12.269,13.759,23.516,0.00338,268.17,0.0,268.52,0.0,0.90665,0.90665,0.0,-99999.0,21.255,21.049,13.712,-99999.0,50
2015-10-04 07:33:00,0.0,3.8768,-0.29302,3.5838,0.0,12.312,13.759,23.51,0.00338,269.63,0.0,270.03,0.0,0.91162,0.91162,0.0,-99999.0,21.272,21.051,13.767,-99999.0,50
2015-10-04 07:34:00,0.0,3.7867,-0.13524,3.6515,0.0,12.318,13.76,23.51,0.00338,269.82,0.0,270.25,0.0,0.91227,0.91227,0.0,-99999.0,21.264,21.032,13.872,-99999.0,50
2015-10-04 07:35:00,0.0,3.7867,-0.18032,3.6063,0.0,12.262,13.76,23.51,0.00338,268.26,0.0,268.64,0.0,0.90702,0.90702,0.0,-99999.0,21.242,20.989,13.856,-99999.0,50
2015-10-04 07:36:00,0.0,3.8319,-0.18032,3.6515,0.0,12.246,13.76,23.51,0.00338,265.79,0.0,265.99,0.0,0.89863,0.89863,0.0,-99999.0,21.205,20.945,13.862,-99999.0,50
2015-10-04 07:37:00,0.0,3.7867,-0.13524,3.6515,0.0,12.307,13.76,23.51,0.00338,264.35,0.0,264.48,0.0,0.89378,0.89378,0.0,-99999.0,21.175,20.9,13.907,-99999.0,50
2015-10-04 07:38:00,0.0,3.8543,-0.2479399999999999,3.6064,0.0,12.345,13.76,23.51,0.00338,263.36,0.0,263.39,0.0,0.8904199999999999,0.8904199999999999,0.0,-99999.0,21.156,20.874,13.933,-99999.0,50
2015-10-04 07:39:00,0.0,3.8092,-0.15778,3.6515,0.0,12.358,13.76,23.499,0.00338,262.1,0.0,262.07,0.0,0.88616,0.88616,0.0,-99999.0,21.127,20.842,13.94,-99999.0,50
2015-10-04 07:40:00,0.0,3.8318,-0.18032,3.6515,0.0,12.382,13.761,23.497,0.00338,262.33,0.0,262.22,0.0,0.88695,0.88695,0.0,-99999.0,21.18,20.92,13.948,-99999.0,50
2015-10-04 07:41:00,0.0,3.8093,-0.18032,3.6289,0.0,12.388,13.76,23.497,0.00338,262.77,0.0,262.76,0.0,0.8883999999999999,0.8883999999999999,0.0,-99999.0,21.253,21.048,13.956,-99999.0,50
2015-10-04 07:42:00,0.0,3.8543,-0.20286,3.6514,0.0,12.403,13.761,23.497,0.00338,262.88,0.0,262.91,0.0,0.88878,0.88878,0.0,-99999.0,21.316,21.161,13.951,-99999.0,50
2015-10-04 07:43:00,0.0,3.7642,-0.09016,3.674,0.0,12.422,13.761,23.497,0.00338,263.27,0.0,263.3,0.0,0.8901,0.8901,0.0,-99999.0,21.39,21.277,13.973,-99999.0,50
2015-10-04 07:44:00,0.0,3.8092,-0.13524,3.6739,0.0,12.426,13.761,23.497,0.00338,263.36,0.0,263.41,0.0,0.89043,0.89043,0.0,-99999.0,21.424,21.311,13.966,-99999.0,50
2015-10-04 07:45:00,0.0,3.7867,-0.20286,3.5838,0.0,12.433,13.761,23.497,0.00338,262.79,0.0,262.85,0.0,0.88851,0.88851,0.0,-99999.0,21.436,21.293,13.99,-99999.0,50
2015-10-04 07:46:00,0.0,3.8318,-0.2028699999999999,3.629,0.0,12.443,13.762,23.494,0.00338,261.73,0.0,261.64,0.0,0.88492,0.88492,0.0,-99999.0,21.423,21.245,13.992,-99999.0,50
2015-10-04 07:47:00,0.0,3.8543,-0.31557,3.5387,0.0,12.457,13.761,23.491,0.00338,260.22,0.0,260.07,0.0,0.8797899999999998,0.8797899999999998,0.0,-99999.0,21.397,21.197,13.978,-99999.0,50
2015-10-04 07:48:00,0.0,3.7867,-0.06762,3.7191,0.0,12.441,13.761,23.49,0.00338,259.3,0.0,259.08,0.0,0.8766899999999999,0.8766899999999999,0.0,-99999.0,21.372,21.146,13.946,-99999.0,50
2015-10-04 07:49:00,0.0,3.7867,0.0,3.7867,0.0,12.453,13.761,23.483,0.00338,259.44,0.0,259.22,0.0,0.87716,0.87716,0.0,-99999.0,21.335,21.089,13.929,-99999.0,50
2015-10-04 07:50:00,0.0,3.8543,-0.02254,3.8318,0.0,12.487,13.761,23.483,0.00338,260.66,0.0,260.49,0.0,0.88129,0.88129,0.0,-99999.0,21.302,21.049,13.945,-99999.0,50
2015-10-04 07:51:00,0.0,3.8543,-0.36064,3.4937,0.0,12.509,13.76,23.483,0.00338,262.06,0.0,261.97,0.0,0.88604,0.88604,0.0,-99999.0,21.282,21.014,13.948,-99999.0,50
2015-10-04 07:52:00,0.0,3.8543,-0.2479399999999999,3.6064,0.0,12.481,13.761,23.483,0.00338,263.32,0.0,263.35,0.0,0.89029,0.89029,0.0,-99999.0,21.257,20.977,13.957,-99999.0,50
2015-10-04 07:53:00,0.0,3.8318,-0.3831899999999999,3.4486,0.0,12.449,13.761,23.483,0.00338,263.55,0.0,263.58,0.0,0.89107,0.89107,0.0,-99999.0,21.23,20.962,13.937,-99999.0,50
2015-10-04 07:54:00,0.0,3.7867,-0.24795,3.5387,0.0,12.478,13.762,23.483,0.00366,262.44,0.0,262.37,0.0,0.96133,0.96133,0.0,-99999.0,21.257,21.042,13.926,-99999.0,50
2015-10-04 07:55:00,0.0,3.7417,-0.18032,3.5614,0.0,12.485,13.762,23.483,0.00338,262.35,0.0,262.28,0.0,0.88702,0.88702,0.0,-99999.0,21.31,21.15,13.921,-99999.0,50
2015-10-04 07:56:00,0.0,3.8092,-0.27049,3.5387,0.0,12.466,13.761,23.483,0.00338,263.66,0.0,263.71,0.0,0.89144,0.89144,0.0,-99999.0,21.38,21.271,13.91,-99999.0,50
2015-10-04 07:57:00,0.0,3.8317,-0.2253999999999999,3.6063,0.0,12.472,13.762,23.483,0.00338,264.19,0.0,264.25,0.0,0.89327,0.89327,0.0,-99999.0,21.434,21.338,13.928,-99999.0,50
2015-10-04 07:58:00,0.0,3.7867,-0.1126999999999999,3.674,0.0,12.462,13.762,23.483,0.00338,263.17,0.0,263.18,0.0,0.8897899999999999,0.8897899999999999,0.0,-99999.0,21.455,21.337,13.933,-99999.0,50
2015-10-04 07:59:00,0.0,3.8093,-0.13525,3.674,0.0,12.428,13.762,23.483,0.00338,262.74,0.0,262.72,0.0,0.88832,0.88832,0.0,-99999.0,21.452,21.304,13.894,-99999.0,50
2015-10-04 08:00:00,0.0,3.9446,-0.22541,3.7192,0.0,12.396,13.761,23.483,0.00338,263.4,0.0,263.44,0.0,0.89058,0.89058,0.0,-99999.0,21.427,21.248,13.89,-99999.0,50
2015-10-04 08:01:00,0.0,3.7642,-0.18032,3.5839,0.0,12.357,13.762,23.483,0.00338,264.83,0.0,264.98,0.0,0.8954199999999999,0.8954199999999999,0.0,-99999.0,21.386,21.18,13.866,-99999.0,50
2015-10-04 08:02:00,0.0,3.8092,-0.15779,3.6514,0.0,12.359,13.761,23.483,0.00338,264.79,0.0,264.94,0.0,0.89529,0.89529,0.0,-99999.0,21.335,21.107,13.89,-99999.0,50
2015-10-04 08:03:00,0.0,3.7642,-0.24795,3.5162,0.0,12.312,13.762,23.483,0.00338,264.16,0.0,264.28,0.0,0.89314,0.89314,0.0,-99999.0,21.287,21.037,13.846,-99999.0,50
2015-10-04 08:04:00,0.0,3.8093,-0.2479399999999999,3.5613,0.0,12.288,13.762,23.483,0.00352,264.18,0.0,264.29,0.0,0.93037,0.93037,0.0,-99999.0,21.238,20.98,13.813,-99999.0,50
2015-10-04 08:05:00,0.0,3.6741,-0.06762,3.6065,0.0,12.323,13.761,23.482,0.00352,266.12,0.0,266.38,0.0,0.93738,0.93738,0.0,-99999.0,21.184,20.922,13.877,-99999.0,50
2015-10-04 08:06:00,0.0,3.8318,-0.20286,3.629,0.0,12.357,13.761,23.483,0.00338,269.15,0.0,269.58,0.0,0.91003,0.91003,0.0,-99999.0,21.15,20.883,13.928,1543.7,50
2015-10-04 08:07:00,0.0,3.7868,-0.15779,3.629,0.0,12.368,13.762,23.482,0.00338,272.12,0.0,272.65,0.0,0.92007,0.92007,0.0,-99999.0,21.185,20.926,14.029,943.62,50
2015-10-04 08:08:00,0.0,3.8543,-0.18032,3.674,0.0,12.388,13.761,23.478,0.00338,273.85,0.0,274.4,0.0,0.92592,0.92592,0.0,-99999.0,21.263,21.007,14.196,239.47,50
2015-10-04 08:09:00,0.0,3.8092,-0.29303,3.5162,0.0,12.4,13.762,23.472,0.00338,273.28,0.0,273.8,0.0,0.92396,0.92396,0.0,-99999.0,21.368,21.102,14.304,-545.35,50
2015-10-04 08:10:00,0.0,3.8094,-0.15778,3.6516,0.0,12.429,13.76,23.474,0.00338,272.3,0.0,272.78,0.0,0.92066,0.92066,0.0,-99999.0,21.42,21.195,14.359,-1348.4,50
2015-10-04 08:11:00,0.0,3.8318,-0.18032,3.6514,0.0,12.412,13.76,23.471,0.00338,270.56,0.0,271.0,0.0,0.91478,0.91478,0.0,-99999.0,21.422,21.202,14.396,-99999.0,50
2015-10-04 08:12:00,0.0,3.8319,-0.24795,3.5839,0.0,12.47,13.761,23.471,0.00338,268.42,0.0,268.74,0.0,0.90753,0.90753,0.0,-99999.0,21.396,21.165,14.463,-99999.0,50
2015-10-04 08:13:00,0.0,3.7643,-0.02254,3.7417,0.0,12.517,13.761,23.47,0.00338,267.84,0.0,268.13,0.0,0.90558,0.90558,0.0,-99999.0,21.356,21.111,14.513,-99999.0,50
2015-10-04 08:14:00,0.0,3.8319,-0.27049,3.5614,0.0,12.546,13.761,23.47,0.00338,269.0,0.0,269.34,0.0,0.9095,0.9095,0.0,-99999.0,21.322,21.069,14.578,-99999.0,50
2015-10-04 08:15:00,0.0,3.7867,-0.1126999999999999,3.674,0.0,12.552,13.761,23.47,0.00338,271.54,0.0,271.95,0.0,0.91808,0.91808,0.0,-99999.0,21.297,21.037,14.613,-99999.0,50
2015-10-04 08:16:00,0.0,3.877,-0.3381,3.5389,0.0,12.519,13.761,23.47,0.00338,274.17,0.0,274.7,0.0,0.92696,0.92696,0.0,-99999.0,21.273,21.003,14.679,-99999.0,50
2015-10-04 08:17:00,0.0,3.7867,-0.27048,3.5163,0.0,12.491,13.76,23.471,0.00338,276.32,0.0,276.91,0.0,0.93426,0.93426,0.0,-99999.0,21.245,20.969,14.773,-99999.0,50
2015-10-04 08:18:00,0.0,3.7641,-0.09017,3.6739,0.0,12.484,13.761,23.47,0.00338,277.58,0.0,278.24,0.0,0.93851,0.93851,0.0,-99999.0,21.213,20.925,14.925,-99999.0,50
2015-10-04 08:19:00,0.0,3.7867,-0.20286,3.5839,0.0,12.534,13.76,23.471,0.00338,277.35,0.0,278.04,0.0,0.93775,0.93775,0.0,-99999.0,21.18,20.885,15.113,-99999.0,50
2015-10-04 08:20:00,0.0,3.8318,-0.15779,3.674,0.0,12.56,13.76,23.47,0.00338,276.37,0.0,277.05,0.0,0.93444,0.93444,0.0,-99999.0,21.211,20.97,15.192,-99999.0,50
2015-10-04 08:21:00,0.0,3.8092,-0.18032,3.6289,0.0,12.61,13.76,23.47,0.00338,275.52,0.0,276.16,0.0,0.93154,0.93154,0.0,-99999.0,21.268,21.079,15.31,-99999.0,50
2015-10-04 08:22:00,0.0,3.7868,-0.18032,3.6065,0.0,12.662,13.761,23.47,0.00338,275.2,0.0,275.84,0.0,0.93046,0.93046,0.0,-99999.0,21.351,21.202,15.412,-99999.0,50
2015-10-04 08:23:00,0.0,3.7868,-0.1126999999999999,3.6741,0.0,12.675,13.761,23.47,0.00338,275.83,0.0,276.51,0.0,0.9326,0.9326,0.0,-99999.0,21.408,21.294,15.489,-99999.0,50
2015-10-04 08:24:00,0.0,3.8319,-0.27049,3.5614,0.0,12.704,13.76,23.47,0.00338,277.27,0.0,277.96,0.0,0.9375,0.9375,0.0,-99999.0,21.433,21.307,15.574,-99999.0,50
2015-10-04 08:25:00,0.0,3.8543,-0.27048,3.5838,0.0,12.724,13.761,23.47,0.00338,279.21,0.0,279.93,0.0,0.94404,0.94404,0.0,-99999.0,21.431,21.275,15.695,-99999.0,50
2015-10-04 08:26:00,0.0,3.7416,-0.22541,3.5162,0.0,12.767,13.76,23.47,0.00338,281.22,0.0,281.99,0.0,0.95082,0.95082,0.0,-99999.0,21.405,21.225,15.879,-99999.0,50
2015-10-04 08:27:00,0.0,3.7868,-0.1126999999999999,3.6741,0.0,12.76,13.761,23.474,0.00338,282.48,0.0,283.28,0.0,0.95508,0.95508,0.0,-99999.0,21.38,21.171,16.029,-99999.0,50
2015-10-04 08:28:00,0.0,3.8319,-0.1126999999999999,3.7192,0.0,12.799,13.761,23.479,0.00338,282.99,0.0,283.8,0.0,0.95681,0.95681,0.0,-99999.0,21.349,21.118,16.293,-99999.0,50
2015-10-04 08:29:00,0.0,3.8093,-0.1126999999999999,3.6966,0.0,12.855,13.76,23.48,0.00338,283.17,0.0,283.97,0.0,0.95739,0.95739,0.0,-99999.0,21.314,21.071,16.484,-99999.0,50
2015-10-04 08:30:00,0.0,3.7868,-0.1126999999999999,3.6741,0.0,12.911,13.76,23.483,0.00338,282.83,0.0,283.62,0.0,0.95627,0.95627,0.0,-99999.0,21.28,21.03,16.714,-99999.0,50
2015-10-04 08:31:00,0.0,3.7643,-0.18032,3.5839,0.0,12.952,13.759,23.483,0.00338,281.99,0.0,282.77,0.0,0.95341,0.95341,0.0,-99999.0,21.256,20.991,16.938,-99999.0,50
2015-10-04 08:32:00,0.0,3.8093,-0.15779,3.6515,0.0,13.01,13.76,23.483,0.00338,281.4,0.0,282.16,0.0,0.95145,0.95145,0.0,-99999.0,21.234,20.956,17.089,-99999.0,50
2015-10-04 08:33:00,0.0,3.8543,-0.1803299999999999,3.674,0.0,13.063,13.76,23.483,0.00338,280.97,0.0,281.75,0.0,0.94999,0.94999,0.0,-99999.0,21.216,20.95,17.209,-99999.0,50
2015-10-04 08:34:00,0.0,3.8544,-0.22541,3.629,0.0,13.092,13.76,23.483,0.00338,280.55,0.0,281.33,0.0,0.94857,0.94857,0.0,-99999.0,21.249,21.037,17.369,-99999.0,50
2015-10-04 08:35:00,0.0,3.7642,-0.22541,3.5388,0.0,13.138,13.761,23.483,0.00338,280.16,0.0,280.89,0.0,0.9472,0.9472,0.0,-99999.0,21.32,21.148,17.46,-99999.0,50
2015-10-04 08:36:00,0.0,3.8543,-0.2028699999999999,3.6515,0.0,13.17,13.759,23.483,0.00338,279.77,0.0,280.47,0.0,0.94593,0.94593,0.0,-99999.0,21.416,21.291,17.534,-990.88,50
2015-10-04 08:37:00,0.0,3.7866,-0.1126999999999999,3.6739,0.0,13.189,13.76,23.483,0.00338,279.4,0.0,280.05,0.0,0.94467,0.94467,0.0,-99999.0,21.495,21.389,17.527,-851.97,50
2015-10-04 08:38:00,0.0,3.8318,-0.18032,3.6515,0.0,13.208,13.759,23.483,0.00338,278.78,0.0,279.41,0.0,0.94255,0.94255,0.0,-99999.0,21.527,21.404,17.606,-649.97,50
2015-10-04 08:39:00,0.0,3.7867,-0.2253999999999999,3.5613,0.0,13.229,13.76,23.483,0.00338,278.29,0.0,278.91,0.0,0.94093,0.94093,0.0,-99999.0,21.525,21.373,17.59,-394.83,50
2015-10-04 08:40:00,0.0,3.8769,-0.18032,3.6966,0.0,13.228,13.76,23.483,0.00338,278.13,0.0,278.72,0.0,0.94036,0.94036,0.0,-99999.0,21.493,21.319,17.602,-696.62,50
2015-10-04 08:41:00,0.0,3.8319,-0.24795,3.5839,0.0,13.233,13.758,23.489,0.00338,277.74,0.0,278.35,0.0,0.93904,0.93904,0.0,-99999.0,21.462,21.264,17.589,-480.43,50
2015-10-04 08:42:00,0.0,3.8093,-0.13525,3.674,0.0,13.212,13.761,23.496,0.00338,276.93,0.0,277.54,0.0,0.93632,0.93632,0.0,-99999.0,21.432,21.212,17.656,-824.57,50
2015-10-04 08:43:00,0.0,3.8092,-0.18032,3.6289,0.0,13.169,13.76,23.497,0.00338,275.8,0.0,276.38,0.0,0.9325,0.9325,0.0,-99999.0,21.401,21.159,17.634,-507.65,50
2015-10-04 08:44:00,0.0,3.8318,-0.2253999999999999,3.6064,0.0,13.154,13.761,23.497,0.00338,274.39,0.0,274.89,0.0,0.92772,0.92772,0.0,-99999.0,21.374,21.122,17.646,-721.11,50
2015-10-04 08:45:00,0.0,3.7867,-0.1126999999999999,3.674,0.0,13.116,13.761,23.497,0.00338,273.49,0.0,273.98,0.0,0.92466,0.92466,0.0,-99999.0,21.358,21.103,17.618,-485.85,50
2015-10-04 08:46:00,0.0,3.8093,-0.20286,3.6064,0.0,13.09,13.76,23.497,0.00338,273.58,0.0,274.08,0.0,0.92497,0.92497,0.0,-99999.0,21.352,21.092,17.491,-508.92,50
2015-10-04 08:47:00,0.0,3.8543,-0.27048,3.5839,0.0,13.056,13.762,23.497,0.00338,273.98,0.0,274.5,0.0,0.92635,0.92635,0.0,-99999.0,21.349,21.085,17.356,-600.67,50
2015-10-04 08:48:00,0.0,3.8318,-0.20286,3.6289,0.0,13.082,13.761,23.497,0.00338,273.95,0.0,274.46,0.0,0.92625,0.92625,0.0,-99999.0,21.331,21.065,17.326,-518.37,50
2015-10-04 08:49:00,0.0,3.8093,-0.18032,3.6289,0.0,13.138,13.761,23.506,0.00338,273.81,0.0,274.34,0.0,0.92575,0.92575,0.0,-99999.0,21.349,21.092,17.313,-411.25,50
2015-10-04 08:50:00,0.0,3.7642,-0.13524,3.6289,0.0,13.117,13.761,23.51,0.00338,273.6,0.0,274.15,0.0,0.92503,0.92503,0.0,-99999.0,21.398,21.194,17.158,-787.5599999999998,50
2015-10-04 08:51:00,0.0,3.8093,-0.2253999999999999,3.5839,0.0,13.154,13.761,23.51,0.00338,273.33,0.0,273.89,0.0,0.92413,0.92413,0.0,-99999.0,21.453,21.303,17.081,-631.28,50
2015-10-04 08:52:00,0.0,3.8318,-0.18032,3.6515,0.0,13.214,13.762,23.51,0.00338,273.29,0.0,273.84,0.0,0.924,0.924,0.0,-99999.0,21.527,21.409,16.999,-557.86,50
2015-10-04 08:53:00,0.0,3.8318,-0.20286,3.629,0.0,13.249,13.761,23.51,0.00338,273.54,0.0,274.07,0.0,0.92484,0.92484,0.0,-99999.0,21.59,21.47,16.956,-622.76,50
2015-10-04 08:54:00,0.0,3.7867,-0.06762,3.7191,0.0,13.266,13.761,23.51,0.00338,273.97,0.0,274.51,0.0,0.92629,0.92629,0.0,-99999.0,21.603,21.471,16.914,-598.84,50
2015-10-04 08:55:00,0.0,3.922,-0.31556,3.6064,0.0,13.253,13.761,23.512,0.00338,274.2,0.0,274.76,0.0,0.92705,0.92705,0.0,-99999.0,21.598,21.441,16.851,-331.2,50
2015-10-04 08:56:00,0.0,3.8092,-0.2479399999999999,3.5613,0.0,13.273,13.761,23.52,0.00338,273.58,0.0,274.1,0.0,0.92496,0.92496,0.0,-99999.0,21.59,21.4,16.82,-446.64,50
2015-10-04 08:57:00,0.0,3.8093,-0.18032,3.629,0.0,13.293,13.76,23.524,0.00338,273.13,0.0,273.62,0.0,0.92345,0.92345,0.0,-99999.0,21.563,21.352,16.822,-709.78,50
2015-10-04 08:58:00,0.0,3.7867,-0.15778,3.6289,0.0,13.333,13.76,23.524,0.00338,273.04,0.0,273.51,0.0,0.92312,0.92312,0.0,-99999.0,21.533,21.306,16.812,-585.61,50
2015-10-04 08:59:00,0.0,3.7867,-0.33809,3.4486,0.0,13.347,13.76,23.524,0.00338,272.63,0.0,273.12,0.0,0.92175,0.92175,0.0,-99999.0,21.507,21.266,16.8,-625.06,50
2015-10-04 09:00:00,0.0,3.8092,-0.27048,3.5388,0.0,13.364,13.76,23.524,0.00338,272.45,0.0,272.94,0.0,0.92117,0.92117,0.0,-99999.0,21.483,21.231,16.733,-126.27,50
2015-10-04 09:01:00,0.0,3.8092,-0.18032,3.6288,0.0,13.338,13.76,23.529,0.00338,273.09,0.0,273.61,0.0,0.92328,0.92328,0.0,-99999.0,21.466,21.204,16.63,-583.98,50
2015-10-04 09:02:00,0.0,3.8092,-0.1126999999999999,3.6965,0.0,13.308,13.76,23.537,0.00338,274.18,0.0,274.72,0.0,0.92697,0.92697,0.0,-99999.0,21.452,21.18,16.563,-432.54,50
2015-10-04 09:03:00,0.0,3.922,-0.2253999999999999,3.6966,0.0,13.3,13.761,23.537,0.00338,274.94,0.0,275.52,0.0,0.92957,0.92957,0.0,-99999.0,21.428,21.148,16.568,-546.2,50
2015-10-04 09:04:00,0.0,3.7867,-0.27048,3.5162,0.0,13.29,13.759,23.537,0.00338,275.34,0.0,275.9,0.0,0.9309,0.9309,0.0,-99999.0,21.407,21.121,16.568,-190.8,50
2015-10-04 09:05:00,0.0,3.719,-0.18032,3.5387,0.0,13.276,13.76,23.537,0.00338,275.37,0.0,275.94,0.0,0.931,0.931,0.0,-99999.0,21.395,21.105,16.605,-516.78,50
2015-10-04 09:06:00,0.0,3.7415,-0.02254,3.719,0.0,13.313,13.76,23.538,0.00338,275.16,0.0,275.75,0.0,0.93029,0.93029,0.0,-99999.0,21.377,21.085,16.669,-1010.8,50
2015-10-04 09:07:00,0.0,3.8092,-0.20286,3.6063,0.0,13.358,13.76,23.548,0.00338,275.03,0.0,275.62,0.0,0.92987,0.92987,0.0,-99999.0,21.365,21.096,16.693,-565.82,50
2015-10-04 09:08:00,0.0,3.8543,-0.2479399999999999,3.6063,0.0,13.362,13.759,23.549,0.00338,274.81,0.0,275.37,0.0,0.92911,0.92911,0.0,-99999.0,21.395,21.2,16.765,-294.58,50
2015-10-04 09:09:00,0.0,3.7866,-0.18032,3.6063,0.0,13.398,13.76,23.551,0.00338,274.3,0.0,274.84,0.0,0.9274,0.9274,0.0,-99999.0,21.473,21.348,16.792,-500.99,50
2015-10-04 09:10:00,0.0,3.8092,-0.18032,3.6288,0.0,13.421,13.76,23.551,0.00338,273.38,0.0,273.89,0.0,0.92429,0.92429,0.0,-99999.0,21.585,21.492,16.782,-620.41,50
2015-10-04 09:11:00,0.0,3.8317,-0.18032,3.6514,0.0,13.432,13.76,23.551,0.00338,272.19,0.0,272.65,0.0,0.92025,0.92025,0.0,-99999.0,21.667,21.608,16.794,-723.1,50
2015-10-04 09:12:00,0.0,3.8092,-0.1126999999999999,3.6965,0.0,13.459,13.761,23.55,0.00338,271.1,0.0,271.54,0.0,0.91658,0.91658,0.0,-99999.0,21.686,21.612,16.777,-933.12,50
2015-10-04 09:13:00,0.0,3.8317,-0.2479399999999999,3.5838,0.0,13.485,13.76,23.561,0.00338,270.25,0.0,270.66,0.0,0.9137,0.9137,0.0,-99999.0,21.687,21.593,16.766,-515.0,50
2015-10-04 09:14:00,0.0,3.7641,-0.15778,3.6063,0.0,13.524,13.759,23.564,0.00338,269.43,0.0,269.78,0.0,0.91092,0.91092,0.0,-99999.0,21.669,21.544,16.691,-468.58,50
2015-10-04 09:15:00,0.0,3.7416,-0.18032,3.5613,0.0,13.55,13.76,23.564,0.00338,269.17,0.0,269.51,0.0,0.91006,0.91006,0.0,-99999.0,21.638,21.482,16.601,-547.83,50
2015-10-04 09:16:00,0.0,3.8317,-0.1126999999999999,3.719,0.0,13.529,13.759,23.568,0.00338,269.84,0.0,270.23,0.0,0.91234,0.91234,0.0,-99999.0,21.602,21.423,16.486,-607.47,50
2015-10-04 09:17:00,0.0,3.8092,-0.02254,3.7866,0.0,13.516,13.759,23.578,0.00338,271.12,0.0,271.58,0.0,0.91664,0.91664,0.0,-99999.0,21.574,21.375,16.445,-723.27,50
2015-10-04 09:18:00,0.0,3.8543,-0.18032,3.6739,0.0,13.498,13.759,23.577,0.00338,272.86,0.0,273.38,0.0,0.92253,0.92253,0.0,-99999.0,21.537,21.319,16.376,-585.11,50
2015-10-04 09:19:00,0.0,3.8317,-0.18032,3.6514,0.0,13.494,13.759,23.578,0.00338,274.63,0.0,275.2,0.0,0.92851,0.92851,0.0,-99999.0,21.505,21.277,16.416,-595.25,50
2015-10-04 09:20:00,0.0,3.7641,-0.15778,3.6063,0.0,13.497,13.76,23.578,0.00338,275.73,0.0,276.33,0.0,0.93224,0.93224,0.0,-99999.0,21.477,21.245,16.422,-534.48,50
2015-10-04 09:21:00,0.0,3.8768,-0.29302,3.5838,0.0,13.448,13.758,23.584,0.00338,276.21,0.0,276.85,0.0,0.93385,0.93385,0.0,-99999.0,21.454,21.221,16.443,-409.05,50
2015-10-04 09:22:00,0.0,3.8092,-0.15778,3.6514,0.0,13.361,13.759,23.591,0.00338,276.67,0.0,277.33,0.0,0.93538,0.93538,0.0,-99999.0,21.432,21.194,16.416,-368.67,50
2015-10-04 09:23:00,0.0,3.7866,-0.20286,3.5838,0.0,13.211,13.759,23.591,0.00338,277.16,0.0,277.85,0.0,0.93707,0.93707,0.0,-99999.0,21.394,21.157,16.361,-576.72,50
2015-10-04 09:24:00,0.0,3.7866,-0.15778,3.6289,0.0,13.186,13.759,23.59,0.00338,277.89,0.0,278.6,0.0,0.93953,0.93953,0.0,-99999.0,21.356,21.116,16.364,-287.64,50
2015-10-04 09:25:00,0.0,3.7866,-0.13524,3.6514,0.0,13.212,13.759,23.593,0.00338,278.8,0.0,279.54,0.0,0.94258,0.94258,0.0,-99999.0,21.329,21.083,16.403,-498.51,50
2015-10-04 09:26:00,0.0,3.8317,-0.27048,3.5612,0.0,13.231,13.758,23.6,0.00338,279.01,0.0,279.75,0.0,0.9433,0.9433,0.0,-99999.0,21.296,21.057,16.503,-416.47,50
2015-10-04 09:27:00,0.0,3.8543,-0.2253999999999999,3.6289,0.0,13.227,13.758,23.603,0.00338,279.21,0.0,279.95,0.0,0.94401,0.94401,0.0,-99999.0,21.267,21.026,16.501,-580.47,50
2015-10-04 09:28:00,0.0,3.8317,-0.29302,3.5387,0.0,13.254,13.757,23.605,0.00338,280.2,0.0,280.97,0.0,0.94732,0.94732,0.0,-99999.0,21.234,20.967,16.648,-222.89,50
2015-10-04 09:29:00,0.0,3.7641,-0.20286,3.5612,0.0,13.329,13.757,23.605,0.00338,281.1,0.0,281.88,0.0,0.95037,0.95037,0.0,-99999.0,21.277,21.031,16.859,-728.7,50
2015-10-04 09:30:00,0.0,3.7415,-0.15778,3.5838,0.0,13.385,13.757,23.603,0.00338,281.64,0.0,282.42,0.0,0.95221,0.95221,0.0,-99999.0,21.377,21.172,17.114,-742.98,50
2015-10-04 09:31:00,0.0,3.8317,-0.18032,3.6514,0.0,13.43,13.756,23.607,0.00338,281.1,0.0,281.88,0.0,0.95038,0.95038,0.0,-99999.0,21.496,21.327,17.328,-531.99,50
2015-10-04 09:32:00,0.0,3.8092,-0.20286,3.6063,0.0,13.438,13.757,23.613,0.00338,279.71,0.0,280.5,0.0,0.94567,0.94567,0.0,-99999.0,21.578,21.448,17.395,-402.53,50
2015-10-04 09:33:00,0.0,3.7641,-0.09016,3.6739,0.0,13.423,13.757,23.618,0.00338,278.81,0.0,279.6,0.0,0.94263,0.94263,0.0,-99999.0,21.6,21.454,17.405,-638.6,50
2015-10-04 09:34:00,0.0,3.7866,-0.27048,3.5161,0.0,13.435,13.757,23.617,0.00338,278.34,0.0,279.15,0.0,0.94105,0.94105,0.0,-99999.0,21.572,21.404,17.422,-657.87,50
2015-10-04 09:35:00,0.0,3.7415,-0.15778,3.5838,0.0,13.469,13.756,23.618,0.00338,277.49,0.0,278.28,0.0,0.93817,0.93817,0.0,-99999.0,21.534,21.347,17.396,-534.48,50
2015-10-04 09:36:00,0.0,3.8092,-0.2253999999999999,3.5838,0.0,13.467,13.756,23.618,0.00338,276.51,0.0,277.29,0.0,0.93486,0.93486,0.0,-99999.0,21.495,21.285,17.356,-442.27,50
2015-10-04 09:37:00,0.0,3.7641,-0.13524,3.6288,0.0,13.467,13.755,23.631,0.00338,276.3,0.0,277.06,0.0,0.93415,0.93415,0.0,-99999.0,21.459,21.245,17.223,-917.0100000000001,50
2015-10-04 09:38:00,0.0,3.8092,-0.18032,3.6288,0.0,13.337,13.756,23.63,0.00338,276.49,0.0,277.22,0.0,0.93479,0.93479,0.0,-99999.0,21.409,21.189,16.965,-660.8,50
2015-10-04 09:39:00,0.0,3.7641,-0.18032,3.5838,0.0,13.307,13.756,23.631,0.00338,276.63,0.0,277.34,0.0,0.93529,0.93529,0.0,-99999.0,21.351,21.127,16.864,-321.78,50
2015-10-04 09:40:00,0.0,3.8092,-0.18032,3.6288,0.0,13.241,13.756,23.63,0.00338,276.83,0.0,277.55,0.0,0.93595,0.93595,0.0,-99999.0,21.298,21.071,16.744,-681.54,50
2015-10-04 09:41:00,0.0,3.7415,-0.1126999999999999,3.6288,0.0,13.222,13.755,23.631,0.00338,276.92,0.0,277.62,0.0,0.93623,0.93623,0.0,-99999.0,21.257,21.023,16.729,-646.15,50
2015-10-04 09:42:00,0.0,3.7641,-0.15778,3.6063,0.0,13.294,13.756,23.631,0.00338,276.71,0.0,277.4,0.0,0.93554,0.93554,0.0,-99999.0,21.23,20.987,16.741,-854.09,50
2015-10-04 09:43:00,0.0,3.8317,-0.13524,3.6965,0.0,13.363,13.756,23.633,0.00338,276.49,0.0,277.19,0.0,0.93478,0.93478,0.0,-99999.0,21.209,20.963,16.773,-758.1599999999999,50
2015-10-04 09:44:00,0.0,3.7866,-0.18032,3.6063,0.0,13.388,13.756,23.641,0.00338,277.28,0.0,278.03,0.0,0.93745,0.93745,0.0,-99999.0,21.209,20.959,16.783,-418.48,50
2015-10-04 09:45:00,0.0,3.7866,-0.18032,3.6063,0.0,13.4,13.756,23.643,0.00338,278.21,0.0,278.99,0.0,0.94061,0.94061,0.0,-99999.0,21.193,20.946,16.831,-538.33,50
2015-10-04 09:46:00,0.0,3.8768,-0.18032,3.6965,0.0,13.381,13.756,23.643,0.00338,278.2,0.0,279.02,0.0,0.94057,0.94057,0.0,-99999.0,21.164,20.91,16.764,-659.66,50
2015-10-04 09:47:00,0.0,3.8317,-0.15778,3.6739,0.0,13.369,13.756,23.643,0.00338,277.47,0.0,278.24,0.0,0.93813,0.93813,0.0,-99999.0,21.144,20.888,16.627,-639.46,50
2015-10-04 09:48:00,0.0,3.8092,-0.15778,3.6514,0.0,13.397,13.756,23.638,0.00338,277.15,0.0,277.9,0.0,0.93701,0.93701,0.0,-99999.0,21.174,20.942,16.598,-619.84,50
2015-10-04 09:49:00,0.0,3.8317,-0.2253999999999999,3.6063,0.0,13.416,13.756,23.641,0.00338,277.23,0.0,277.95,0.0,0.93729,0.93729,0.0,-99999.0,21.241,21.014,16.619,-444.41,50
2015-10-04 09:50:00,0.0,3.8317,-0.2253999999999999,3.6063,0.0,13.475,13.756,23.643,0.00338,277.14,0.0,277.86,0.0,0.937,0.937,0.0,-99999.0,21.313,21.108,16.68,-828.44,50
2015-10-04 09:51:00,0.0,3.8092,-0.20286,3.6063,0.0,13.505,13.755,23.642,0.00338,276.78,0.0,277.52,0.0,0.93576,0.93576,0.0,-99999.0,21.361,21.164,16.712,-614.82,50
2015-10-04 09:52:00,0.0,3.8768,-0.29302,3.5838,0.0,13.534,13.756,23.642,0.00338,276.32,0.0,277.06,0.0,0.93422,0.93422,0.0,-99999.0,21.379,21.166,16.733,-186.79,50
2015-10-04 09:53:00,0.0,3.8542,-0.18032,3.6739,0.0,13.573,13.756,23.644,0.00338,275.82,0.0,276.54,0.0,0.93251,0.93251,0.0,-99999.0,21.377,21.146,16.786,-772.9,50
2015-10-04 09:54:00,0.0,3.6965,-0.15778,3.5387,0.0,13.593,13.756,23.641,0.00338,275.75,0.0,276.49,0.0,0.9323,0.9323,0.0,-99999.0,21.353,21.111,16.769,-677.52,50
2015-10-04 09:55:00,0.0,3.8092,-0.18032,3.6288,0.0,13.593,13.755,23.641,0.00338,275.94,0.0,276.7,0.0,0.93293,0.93293,0.0,-99999.0,21.325,21.077,16.826,-869.32,50
2015-10-04 09:56:00,0.0,3.8317,-0.29302,3.5387,0.0,13.597,13.755,23.643,0.00338,276.0,0.0,276.77,0.0,0.93315,0.93315,0.0,-99999.0,21.306,21.057,16.822,-376.37,50
2015-10-04 09:57:00,0.0,3.8317,-0.20286,3.6288,0.0,13.556,13.756,23.642,0.00338,275.98,0.0,276.75,0.0,0.93307,0.93307,0.0,-99999.0,21.299,21.037,16.747,-821.62,50
2015-10-04 09:58:00,0.0,3.8092,-0.1126999999999999,3.6965,0.0,13.555,13.756,23.643,0.00338,275.9,0.0,276.67,0.0,0.9328,0.9328,0.0,-99999.0,21.283,21.02,16.667,-828.64,50
2015-10-04 09:59:00,0.0,3.8092,-0.18032,3.6288,0.0,13.542,13.756,23.641,0.00338,276.17,0.0,276.92,0.0,0.9337,0.9337,0.0,-99999.0,21.247,20.984,16.622,-595.0,50
2015-10-04 10:00:00,0.0,3.8317,-0.20286,3.6288,0.0,13.443,13.756,23.644,0.00338,276.87,0.0,277.65,0.0,0.93608,0.93608,0.0,-99999.0,21.209,20.948,16.432,-384.06,50
2015-10-04 10:01:00,0.0,3.7866,-0.15778,3.6288,0.0,13.349,13.755,23.643,0.00338,277.3,0.0,278.05,0.0,0.93755,0.93755,0.0,-99999.0,21.156,20.911,16.372,-600.57,50
2015-10-04 10:02:00,0.0,3.7866,-0.15778,3.6288,0.0,13.35,13.756,23.635,0.00338,276.98,0.0,277.7,0.0,0.93644,0.93644,0.0,-99999.0,21.093,20.858,16.316,-567.19,50
2015-10-04 10:03:00,0.0,3.7866,-0.18032,3.6063,0.0,13.305,13.756,23.632,0.00338,276.57,0.0,277.28,0.0,0.93506,0.93506,0.0,-99999.0,21.04,20.793,16.257,-644.96,50
2015-10-04 10:04:00,0.0,3.7641,-0.18032,3.5838,0.0,13.271,13.755,23.63,0.00338,276.61,0.0,277.3,0.0,0.9352,0.9352,0.0,-99999.0,21.062,20.807,16.197,-602.89,50
2015-10-04 10:05:00,0.0,3.7866,-0.20286,3.5838,0.0,13.254,13.756,23.628,0.00338,276.91,0.0,277.6,0.0,0.9362,0.9362,0.0,-99999.0,21.128,20.863,16.164,-563.61,50
2015-10-04 10:06:00,0.0,3.8092,-0.15778,3.6514,0.0,13.264,13.757,23.628,0.00338,277.0,0.0,277.67,0.0,0.9365,0.9365,0.0,-99999.0,21.192,20.949,16.125,-713.06,50
2015-10-04 10:07:00,0.0,3.8317,-0.15778,3.6739,0.0,13.232,13.756,23.628,0.00338,277.27,0.0,277.96,0.0,0.93745,0.93745,0.0,-99999.0,21.242,21.015,16.062,-585.39,50
2015-10-04 10:08:00,0.0,3.7866,-0.18032,3.6063,0.0,13.251,13.756,23.628,0.00338,277.93,0.0,278.62,0.0,0.93966,0.93966,0.0,-99999.0,21.262,21.03,16.046,-911.7,50
2015-10-04 10:09:00,0.0,3.8092,-0.20286,3.6063,0.0,13.338,13.756,23.628,0.00338,278.48,0.0,279.17,0.0,0.9415,0.9415,0.0,-99999.0,21.237,21.006,16.154,-660.29,50
2015-10-04 10:10:00,0.0,3.7866,-0.13524,3.6514,0.0,13.375,13.757,23.616,0.00338,278.41,0.0,279.11,0.0,0.94129,0.94129,0.0,-99999.0,21.186,20.955,16.193,-496.87,50
2015-10-04 10:11:00,0.0,3.8542,-0.2253999999999999,3.6288,0.0,13.397,13.755,23.617,0.00338,277.94,0.0,278.63,0.0,0.9397,0.9397,0.0,-99999.0,21.148,20.914,16.249,-373.7,50
2015-10-04 10:12:00,0.0,3.7866,-0.13524,3.6514,0.0,13.419,13.757,23.617,0.00338,277.75,0.0,278.41,0.0,0.93907,0.93907,0.0,-99999.0,21.114,20.871,16.291,-598.46,50
2015-10-04 10:13:00,0.0,3.7866,-0.18032,3.6063,0.0,13.457,13.756,23.616,0.00338,277.65,0.0,278.31,0.0,0.93873,0.93873,0.0,-99999.0,21.081,20.826,16.391,-561.27,50
2015-10-04 10:14:00,0.0,3.8317,-0.20286,3.6288,0.0,13.546,13.758,23.613,0.00338,277.07,0.0,277.72,0.0,0.93676,0.93676,0.0,-99999.0,21.052,20.794,16.458,-505.41,50
2015-10-04 10:15:00,0.0,3.8092,-0.20286,3.6063,0.0,13.543,13.758,23.607,0.00338,276.15,0.0,276.8,0.0,0.93365,0.93365,0.0,-99999.0,21.041,20.777,16.491,-766.98,50
2015-10-04 10:16:00,0.0,3.8092,-0.20286,3.6063,0.0,13.501,13.758,23.603,0.00338,275.74,0.0,276.4,0.0,0.93225,0.93225,0.0,-99999.0,21.031,20.773,16.476,-895.7999999999998,50
2015-10-04 10:17:00,0.0,3.7641,-0.18032,3.5838,0.0,13.521,13.758,23.601,0.00338,276.08,0.0,276.78,0.0,0.93343,0.93343,0.0,-99999.0,21.016,20.759,16.532,-750.85,50
2015-10-04 10:18:00,0.0,3.8092,-0.18032,3.6288,0.0,13.554,13.758,23.602,0.00338,276.48,0.0,277.19,0.0,0.93475,0.93475,0.0,-99999.0,21.009,20.75,16.56,-598.77,50
2015-10-04 10:19:00,0.0,3.8542,-0.2253999999999999,3.6288,0.0,13.597,13.759,23.592,0.00352,276.44,0.0,277.15,0.0,0.97355,0.97355,0.0,-99999.0,21.061,20.809,16.581,-547.36,50
2015-10-04 10:20:00,0.0,3.7866,-0.1126999999999999,3.6739,0.0,13.643,13.758,23.588,0.00338,276.06,0.0,276.78,0.0,0.93335,0.93335,0.0,-99999.0,21.15,20.901,16.686,-469.8,50
2015-10-04 10:21:00,0.0,3.8092,-0.2253999999999999,3.5838,0.0,13.623,13.758,23.591,0.00338,275.66,0.0,276.37,0.0,0.93199,0.93199,0.0,-99999.0,21.268,21.045,16.697,-702.04,50
2015-10-04 10:22:00,0.0,3.8317,-0.2253999999999999,3.6063,0.0,13.598,13.759,23.586,0.00338,275.58,0.0,276.3,0.0,0.93173,0.93173,0.0,-99999.0,21.323,21.127,16.72,-742.63,50
2015-10-04 10:23:00,0.0,3.8092,-0.1126999999999999,3.6965,0.0,13.621,13.758,23.58,0.00338,275.82,0.0,276.57,0.0,0.93255,0.93255,0.0,-99999.0,21.339,21.136,16.728,-526.92,50
2015-10-04 10:24:00,0.0,3.8317,-0.29302,3.5387,0.0,13.641,13.758,23.575,0.00338,276.49,0.0,277.24,0.0,0.93479,0.93479,0.0,-99999.0,21.326,21.108,16.75,-228.52,50
2015-10-04 10:25:00,0.0,3.8092,-0.15778,3.6514,0.0,13.622,13.759,23.578,0.00338,277.52,0.0,278.28,0.0,0.93827,0.93827,0.0,-99999.0,21.305,21.077,16.741,-646.72,50
2015-10-04 10:26:00,0.0,3.7866,-0.1126999999999999,3.6739,0.0,13.641,13.759,23.575,0.00338,278.13,0.0,278.92,0.0,0.94032,0.94032,0.0,-99999.0,21.268,21.035,16.789,-875.07,50
2015-10-04 10:27:00,0.0,3.7641,-0.09016,3.6739,0.0,13.662,13.759,23.576,0.00338,278.1,0.0,278.89,0.0,0.94024,0.94024,0.0,-99999.0,21.245,20.998,16.85,-980.82,50
2015-10-04 10:28:00,0.0,3.7641,-0.13524,3.6288,0.0,13.624,13.759,23.565,0.00338,277.96,0.0,278.76,0.0,0.93978,0.93978,0.0,-99999.0,21.203,20.952,16.796,-920.18,50
2015-10-04 10:29:00,0.0,3.8092,-0.15778,3.6514,0.0,13.593,13.759,23.564,0.00338,278.06,0.0,278.88,0.0,0.9401,0.9401,0.0,-99999.0,21.169,20.918,16.82,-562.16,50
2015-10-04 10:30:00,0.0,3.8317,-0.18032,3.6514,0.0,13.587,13.758,23.564,0.00338,278.21,0.0,279.04,0.0,0.9406,0.9406,0.0,-99999.0,21.142,20.885,16.885,-635.61,50
2015-10-04 10:31:00,0.0,3.7866,-0.13524,3.6514,0.0,13.604,13.759,23.56,0.00338,278.16,0.0,278.98,0.0,0.94043,0.94043,0.0,-99999.0,21.134,20.859,16.888,-408.59,50
2015-10-04 10:32:00,0.0,3.8317,-0.2479399999999999,3.5838,0.0,13.645,13.759,23.552,0.00338,278.35,0.0,279.17,0.0,0.94109,0.94109,0.0,-99999.0,21.111,20.827,16.912,-712.89,50
2015-10-04 10:33:00,0.0,3.8317,-0.20286,3.6288,0.0,13.66,13.759,23.551,0.00338,278.85,0.0,279.67,0.0,0.94277,0.94277,0.0,-99999.0,21.073,20.793,16.931,-932.45,50
2015-10-04 10:34:00,0.0,3.8092,-0.20286,3.6063,0.0,13.621,13.759,23.55,0.00338,279.05,0.0,279.84,0.0,0.94347,0.94347,0.0,-99999.0,21.098,20.833,16.885,-591.9,50
2015-10-04 10:35:00,0.0,3.7866,-0.18032,3.6063,0.0,13.581,13.76,23.548,0.00338,278.73,0.0,279.54,0.0,0.94239,0.94239,0.0,-99999.0,21.17,20.915,16.898,-571.14,50
2015-10-04 10:36:00,0.0,3.8317,-0.1126999999999999,3.719,0.0,13.621,13.759,23.539,0.00338,278.05,0.0,278.84,0.0,0.94009,0.94009,0.0,-99999.0,21.235,21.019,16.919,-678.56,50
2015-10-04 10:37:00,0.0,3.7415,-0.18032,3.5612,0.0,13.7,13.76,23.537,0.00338,277.35,0.0,278.12,0.0,0.9377,0.9377,0.0,-99999.0,21.316,21.111,17.015,-547.24,50
2015-10-04 10:38:00,0.0,3.8768,-0.18032,3.6965,0.0,13.756,13.759,23.537,0.00338,277.14,0.0,277.89,0.0,0.93699,0.93699,0.0,-99999.0,21.349,21.128,17.115,-304.14,50
2015-10-04 10:39:00,0.0,3.7866,-0.09016,3.6965,0.0,13.786,13.759,23.537,0.00338,277.55,0.0,278.33,0.0,0.93839,0.93839,0.0,-99999.0,21.348,21.115,17.161,-892.73,50
2015-10-04 10:40:00,0.0,3.8092,-0.2253999999999999,3.5838,0.0,13.781,13.76,23.531,0.00338,278.23,0.0,279.03,0.0,0.94068,0.94068,0.0,-99999.0,21.322,21.077,17.193,-598.88,50
2015-10-04 10:41:00,0.0,3.674,-0.09016,3.5838,0.0,13.802,13.761,23.523,0.00338,278.89,0.0,279.73,0.0,0.94292,0.94292,0.0,-99999.0,21.275,21.028,17.289,-832.21,50
2015-10-04 10:42:00,0.0,3.8092,-0.18032,3.6288,0.0,13.848,13.761,23.525,0.00338,279.42,0.0,280.24,0.0,0.94471,0.94471,0.0,-99999.0,21.247,20.992,17.361,-443.47,50
2015-10-04 10:43:00,0.0,3.7641,-0.27048,3.4936,0.0,13.883,13.76,23.524,0.00338,279.53,0.0,280.39,0.0,0.94508,0.94508,0.0,-99999.0,21.212,20.957,17.392,-457.3,50
2015-10-04 10:44:00,0.0,3.8317,-0.09016,3.7415,0.0,13.879,13.76,23.524,0.00338,279.6,0.0,280.43,0.0,0.94529,0.94529,0.0,-99999.0,21.181,20.921,17.43,-876.74,50
2015-10-04 10:45:00,0.0,3.8092,-0.18032,3.6288,0.0,13.878,13.76,23.522,0.00338,279.91,0.0,280.74,0.0,0.94635,0.94635,0.0,-99999.0,21.146,20.885,17.442,-878.2999999999998,50
2015-10-04 10:46:00,0.0,3.8092,-0.2253999999999999,3.5838,0.0,13.765,13.761,23.519,0.00338,280.49,0.0,281.26,0.0,0.94833,0.94833,0.0,-99999.0,21.101,20.846,17.303,-703.23,50
2015-10-04 10:47:00,0.0,3.7641,-0.1126999999999999,3.6514,0.0,13.588,13.761,23.51,0.00338,280.85,0.0,281.62,0.0,0.94956,0.94956,0.0,-99999.0,21.046,20.8,17.156,-99999.0,50
2015-10-04 10:48:00,0.0,3.8092,-0.13524,3.674,0.0,13.545,13.761,23.51,0.00338,280.77,0.0,281.54,0.0,0.94928,0.94928,0.0,-99999.0,20.98,20.721,17.095,-776.46,50
2015-10-04 10:49:00,0.0,3.8543,-0.2479399999999999,3.6063,0.0,13.579,13.762,23.51,0.00338,280.49,0.0,281.28,0.0,0.94833,0.94833,0.0,-99999.0,20.973,20.69,17.101,-315.79,50
2015-10-04 10:50:00,0.0,3.8543,-0.2253999999999999,3.6289,0.0,13.493,13.76,23.506,0.00338,280.42,0.0,281.2,0.0,0.94813,0.94813,0.0,-99999.0,21.03,20.747,16.982,-589.7,50
2015-10-04 10:51:00,0.0,3.8092,-0.18032,3.6289,0.0,13.486,13.761,23.497,0.00338,280.28,0.0,281.04,0.0,0.9476,0.9476,0.0,-99999.0,21.088,20.817,17.009,-762.4199999999998,50
2015-10-04 10:52:00,0.0,3.7866,-0.20286,3.5838,0.0,13.596,13.761,23.497,0.00338,279.65,0.0,280.4,0.0,0.94551,0.94551,0.0,-99999.0,21.192,20.947,17.054,-371.46,50
2015-10-04 10:53:00,0.0,3.7867,-0.18032,3.6063,0.0,13.576,13.762,23.497,0.00338,278.85,0.0,279.59,0.0,0.9428,0.9428,0.0,-99999.0,21.249,21.016,17.003,-616.49,50
2015-10-04 10:54:00,0.0,3.8318,-0.2253999999999999,3.6064,0.0,13.517,13.761,23.491,0.00338,278.57,0.0,279.28,0.0,0.94183,0.94183,0.0,-99999.0,21.242,21.006,16.996,-693.57,50
2015-10-04 10:55:00,0.0,3.8092,-0.13524,3.674,0.0,13.481,13.761,23.484,0.00338,278.58,0.0,279.3,0.0,0.94188,0.94188,0.0,-99999.0,21.207,20.958,16.968,-845.02,50
2015-10-04 10:56:00,0.0,3.7867,-0.20286,3.5838,0.0,13.493,13.762,23.483,0.00338,278.53,0.0,279.25,0.0,0.94173,0.94173,0.0,-99999.0,21.173,20.911,17.002,-477.71,50
2015-10-04 10:57:00,0.0,3.7867,-0.09016,3.6966,0.0,13.608,13.761,23.482,0.00338,278.57,0.0,279.3,0.0,0.94186,0.94186,0.0,-99999.0,21.144,20.869,17.161,-828.9199999999998,50
2015-10-04 10:58:00,0.0,3.8093,-0.27048,3.5388,0.0,13.707,13.763,23.481,0.00338,279.07,0.0,279.78,0.0,0.94355,0.94355,0.0,-99999.0,21.122,20.837,17.331,-171.17,50
2015-10-04 10:59:00,0.0,3.8093,-0.20286,3.6064,0.0,13.776,13.761,23.47,0.00338,279.84,0.0,280.58,0.0,0.94613,0.94613,0.0,-99999.0,21.109,20.813,17.394,-377.01,50
2015-10-04 11:00:00,0.0,3.7642,-0.13524,3.6289,0.0,13.838,13.762,23.47,0.00338,280.18,0.0,280.9,0.0,0.9473,0.9473,0.0,-99999.0,21.107,20.805,17.491,-734.72,50
2015-10-04 11:01:00,0.0,3.7642,-0.13525,3.629,0.0,13.817,13.762,23.47,0.00338,280.06,0.0,280.79,0.0,0.94693,0.94693,0.0,-99999.0,21.097,20.788,17.488,-626.93,50
2015-10-04 11:02:00,0.0,3.8093,-0.27049,3.5388,0.0,13.843,13.761,23.469,0.00338,279.93,0.0,280.66,0.0,0.94646,0.94646,0.0,-99999.0,21.078,20.772,17.56,-467.37,50
2015-10-04 11:03:00,0.0,3.8093,-0.13524,3.674,0.0,13.801,13.763,23.463,0.00338,279.86,0.0,280.58,0.0,0.94625,0.94625,0.0,-99999.0,21.03,20.742,17.59,-550.95,50
2015-10-04 11:04:00,0.0,3.8319,-0.18032,3.6515,0.0,13.736,13.763,23.456,0.00338,279.82,0.0,280.55,0.0,0.94608,0.94608,0.0,-99999.0,21.028,20.755,17.586,-728.98,50
2015-10-04 11:05:00,0.0,3.8769,-0.20286,3.674,0.0,13.761,13.763,23.456,0.00352,279.9,0.0,280.63,0.0,0.98578,0.98578,0.0,-99999.0,21.105,20.847,17.631,-420.48,50
2015-10-04 11:06:00,0.0,3.7642,0.0,3.7642,0.0,13.874,13.763,23.456,0.00338,280.04,0.0,280.78,0.0,0.94683,0.94683,0.0,-99999.0,21.242,20.995,17.69,-830.85,50
2015-10-04 11:07:00,0.0,3.7642,-0.20286,3.5613,0.0,13.861,13.763,23.456,0.00338,280.39,0.0,281.12,0.0,0.94803,0.94803,0.0,-99999.0,21.351,21.127,17.616,-668.95,50
2015-10-04 11:08:00,0.0,3.877,-0.31557,3.5614,0.0,13.817,13.763,23.444,0.00338,280.93,0.0,281.7,0.0,0.94985,0.94985,0.0,-99999.0,21.38,21.148,17.633,-330.65,50
2015-10-04 11:09:00,0.0,3.7643,-0.06762,3.6967,0.0,13.789,13.763,23.443,0.00338,281.48,0.0,282.23,0.0,0.95169,0.95169,0.0,-99999.0,21.359,21.119,17.622,-870.0,50
2015-10-04 11:10:00,0.0,3.8093,-0.13525,3.674,0.0,13.716,13.762,23.443,0.00338,281.79,0.0,282.56,0.0,0.95276,0.95276,0.0,-99999.0,21.303,21.065,17.581,-994.31,50
2015-10-04 11:11:00,0.0,3.8093,-0.1803299999999999,3.629,0.0,13.639,13.764,23.443,0.00338,282.25,0.0,283.02,0.0,0.95433,0.95433,0.0,-99999.0,21.247,21.002,17.502,-648.98,50
2015-10-04 11:12:00,0.0,3.8319,-0.15779,3.6741,0.0,13.619,13.764,23.443,0.00338,283.19,0.0,283.94,0.0,0.95748,0.95748,0.0,-99999.0,21.194,20.946,17.517,-568.12,50
2015-10-04 11:13:00,0.0,3.8094,-0.1803299999999999,3.629,0.0,13.541,13.765,23.442,0.00338,284.52,0.0,285.27,0.0,0.962,0.962,0.0,-99999.0,21.146,20.889,17.619,-420.51,50
2015-10-04 11:14:00,0.0,3.8319,-0.24795,3.5839,0.0,13.578,13.764,23.432,0.00338,285.72,0.0,286.46,0.0,0.96608,0.96608,0.0,-99999.0,21.092,20.836,17.824,-256.73,50
2015-10-04 11:15:00,0.0,3.8318,-0.24795,3.5839,0.0,13.715,13.764,23.429,0.00352,286.61,0.0,287.31,0.0,1.0095,1.0095,0.0,-99999.0,21.067,20.805,18.077,-311.26,50
2015-10-04 11:16:00,0.0,3.8544,-0.2028699999999999,3.6515,0.0,13.75,13.764,23.429,0.00338,287.64,0.0,288.37,0.0,0.97255,0.97255,0.0,-99999.0,21.07,20.797,18.424,-557.84,50
2015-10-04 11:17:00,0.0,3.7643,-0.13524,3.6291,0.0,13.817,13.765,23.429,0.00338,288.77,0.0,289.48,0.0,0.97637,0.97637,0.0,-99999.0,21.07,20.795,18.799,-747.85,50
2015-10-04 11:18:00,0.0,3.832,-0.1126999999999999,3.7193,0.0,13.815,13.765,23.429,0.00338,289.54,0.0,290.24,0.0,0.97896,0.97896,0.0,-99999.0,21.083,20.786,19.19,-818.99,50
2015-10-04 11:19:00,0.0,3.7868,-0.29304,3.4937,0.0,13.757,13.764,23.425,0.00338,289.06,0.0,289.76,0.0,0.97735,0.97735,0.0,-99999.0,21.132,20.834,19.578,-424.1,50
2015-10-04 11:20:00,0.0,3.8094,-0.22541,3.584,0.0,13.802,13.763,23.417,0.00338,287.37,0.0,288.06,0.0,0.97164,0.97164,0.0,-99999.0,21.219,20.947,19.871,-497.77,50
2015-10-04 11:21:00,0.0,3.7417,-0.1803299999999999,3.5614,0.0,13.865,13.764,23.416,0.00338,285.79,0.0,286.48,0.0,0.96628,0.96628,0.0,-99999.0,21.353,21.093,19.904,-615.04,50
2015-10-04 11:22:00,0.0,3.7192,-0.04508,3.6741,0.0,13.87,13.764,23.416,0.00338,284.67,0.0,285.35,0.0,0.96253,0.96253,0.0,-99999.0,21.475,21.264,19.968,-814.94,50
2015-10-04 11:23:00,0.0,3.7869,-0.1803299999999999,3.6065,0.0,13.916,13.765,23.416,0.00338,283.87,0.0,284.55,0.0,0.9598,0.9598,0.0,-99999.0,21.52,21.326,20.001,-709.45,50
2015-10-04 11:24:00,0.0,3.7869,-0.15779,3.6291,0.0,13.931,13.765,23.416,0.00338,283.5,0.0,284.19,0.0,0.95856,0.95856,0.0,-99999.0,21.512,21.304,19.95,-518.59,50
2015-10-04 11:25:00,0.0,3.8094,-0.11271,3.6967,0.0,13.959,13.764,23.416,0.00338,283.27,0.0,283.92,0.0,0.95779,0.95779,0.0,-99999.0,21.47,21.251,19.978,-515.16,50
2015-10-04 11:26:00,0.0,3.7643,-0.2028699999999999,3.5614,0.0,13.98,13.764,23.414,0.00338,283.25,0.0,283.9,0.0,0.95772,0.95772,0.0,-99999.0,21.42,21.197,19.896,-949.38,50
2015-10-04 11:27:00,0.0,3.8319,-0.13525,3.6967,0.0,13.986,13.764,23.405,0.00338,283.29,0.0,283.96,0.0,0.95784,0.95784,0.0,-99999.0,21.37,21.133,19.857,-693.66,50
2015-10-04 11:28:00,0.0,3.7869,-0.15779,3.6291,0.0,13.998,13.764,23.402,0.00338,283.23,0.0,283.93,0.0,0.95765,0.95765,0.0,-99999.0,21.326,21.084,19.697,-999.2,50
2015-10-04 11:29:00,0.0,3.8319,-0.2028699999999999,3.629,0.0,13.945,13.763,23.403,0.00338,283.05,0.0,283.75,0.0,0.95703,0.95703,0.0,-99999.0,21.289,21.04,19.637,-560.36,50
2015-10-04 11:30:00,0.0,3.7643,-0.1803299999999999,3.584,0.0,13.956,13.765,23.403,0.00338,283.17,0.0,283.85,0.0,0.95744,0.95744,0.0,-99999.0,21.288,21.018,19.525,-714.65,50
2015-10-04 11:31:00,0.0,3.832,-0.13525,3.6968,0.0,13.977,13.765,23.403,0.00338,283.81,0.0,284.48,0.0,0.95961,0.95961,0.0,-99999.0,21.347,21.074,19.549,-601.58,50
2015-10-04 11:32:00,0.0,3.7418,-0.13525,3.6065,0.0,14.012,13.765,23.403,0.00338,284.37,0.0,285.08,0.0,0.96151,0.96151,0.0,-99999.0,21.443,21.179,19.563,-858.0599999999998,50
2015-10-04 11:33:00,0.0,3.7644,-0.2028699999999999,3.5615,0.0,13.99,13.765,23.403,0.00338,284.58,0.0,285.3,0.0,0.96221,0.96221,0.0,-99999.0,21.538,21.315,19.714,-911.53,50
2015-10-04 11:34:00,0.0,3.7869,-0.11271,3.6742,0.0,14.148,13.765,23.403,0.00338,284.77,0.0,285.48,0.0,0.96288,0.96288,0.0,-99999.0,21.594,21.424,19.871,-618.28,50
2015-10-04 11:35:00,0.0,3.832,-0.15779,3.6742,0.0,14.159,13.766,23.403,0.00338,284.8,0.0,285.5,0.0,0.96297,0.96297,0.0,-99999.0,21.601,21.439,19.96,-845.0599999999998,50
2015-10-04 11:36:00,0.0,3.7869,-0.2028699999999999,3.584,0.0,14.175,13.765,23.397,0.00338,284.58,0.0,285.3,0.0,0.96222,0.96222,0.0,-99999.0,21.567,21.404,20.056,-573.0,50
2015-10-04 11:37:00,0.0,3.8545,-0.2028699999999999,3.6517,0.0,14.22,13.764,23.397,0.00366,284.13,0.0,284.87,0.0,1.0407,1.0407,0.0,-99999.0,21.53,21.357,20.04,-589.35,50
2015-10-04 11:38:00,0.0,3.8546,-0.1803299999999999,3.6742,0.0,14.093,13.765,23.397,0.00338,284.05,0.0,284.79,0.0,0.96043,0.96043,0.0,-99999.0,21.489,21.294,19.957,-844.6799999999998,50
2015-10-04 11:39:00,0.0,3.7869,-0.13525,3.6517,0.0,14.06,13.765,23.394,0.00338,284.68,0.0,285.41,0.0,0.96256,0.96256,0.0,-99999.0,21.444,21.238,19.86,-924.4,50
2015-10-04 11:40:00,0.0,3.8545,-0.4282799999999999,3.4262,0.0,14.002,13.764,23.395,0.00338,285.59,0.0,286.32,0.0,0.96561,0.96561,0.0,-99999.0,21.399,21.18,19.877,-359.8,50
2015-10-04 11:41:00,0.0,3.832,-0.2028699999999999,3.6291,0.0,14.112,13.765,23.397,0.00338,286.0,0.0,286.73,0.0,0.967,0.967,0.0,-99999.0,21.348,21.124,20.047,-825.07,50
2015-10-04 11:42:00,0.0,3.8319,-0.1803299999999999,3.6516,0.0,14.217,13.765,23.397,0.00338,286.01,0.0,286.76,0.0,0.96705,0.96705,0.0,-99999.0,21.309,21.065,20.067,-540.93,50
2015-10-04 11:43:00,0.0,3.7869,-0.15779,3.6291,0.0,14.164,13.765,23.398,0.00338,285.58,0.0,286.33,0.0,0.9656,0.9656,0.0,-99999.0,21.343,21.082,20.164,-681.09,50
2015-10-04 11:44:00,0.0,3.8094,-0.1803299999999999,3.6291,0.0,14.19,13.764,23.399,0.00352,284.2,0.0,284.93,0.0,1.001,1.001,0.0,-99999.0,21.421,21.177,20.233,-399.27,50
2015-10-04 11:45:00,0.0,3.8095,-0.22542,3.5841,0.0,14.23,13.765,23.395,0.00352,281.76,0.0,282.46,0.0,0.99259,0.99259,0.0,-99999.0,21.514,21.307,20.259,-473.15,50
2015-10-04 11:46:00,0.0,3.7869,-0.13525,3.6517,0.0,14.234,13.765,23.395,0.00338,277.74,0.0,278.4,0.0,0.93909,0.93909,0.0,-99999.0,21.645,21.486,20.006,-893.45,50
2015-10-04 11:47:00,0.0,3.8094,-0.15779,3.6517,0.0,14.138,13.765,23.397,0.00338,274.46,0.0,275.07,0.0,0.92801,0.92801,0.0,-99999.0,21.704,21.559,19.639,-568.05,50
2015-10-04 11:48:00,0.0,3.7418,-0.1803299999999999,3.5615,0.0,14.07,13.765,23.401,0.00338,276.02,0.0,276.59,0.0,0.93328,0.93328,0.0,-99999.0,21.688,21.542,19.371,-418.25,50
2015-10-04 11:49:00,0.0,3.832,-0.04508,3.7869,0.0,14.089,13.766,23.403,0.00338,276.94,0.0,277.54,0.0,0.93638,0.93638,0.0,-99999.0,21.643,21.488,19.159,-994.62,50
2015-10-04 11:50:00,0.0,3.7869,-0.02254,3.7643,0.0,14.138,13.766,23.403,0.00338,279.08,0.0,279.69,0.0,0.94362,0.94362,0.0,-99999.0,21.59,21.427,18.963,-1155.2,50
2015-10-04 11:51:00,0.0,3.8095,-0.11271,3.6968,0.0,14.066,13.764,23.403,0.00338,282.31,0.0,283.03,0.0,0.95456,0.95456,0.0,-99999.0,21.537,21.357,18.774,-839.96,50
2015-10-04 11:52:00,0.0,3.7644,-0.11271,3.6517,0.0,13.919,13.765,23.403,0.00338,283.77,0.0,284.47,0.0,0.95946,0.95946,0.0,-99999.0,21.467,21.278,18.714,-836.21,50
2015-10-04 11:53:00,0.0,3.7869,-0.2028699999999999,3.5841,0.0,13.961,13.766,23.403,0.00338,284.13,0.0,284.84,0.0,0.96069,0.96069,0.0,-99999.0,21.404,21.212,18.845,-571.03,50
2015-10-04 11:54:00,0.0,3.8094,-0.2028699999999999,3.6066,0.0,14.012,13.765,23.403,0.00352,284.03,0.0,284.75,0.0,1.0004,1.0004,0.0,-99999.0,21.351,21.152,18.884,-566.65,50
2015-10-04 11:55:00,0.0,3.7869,-0.24796,3.539,0.0,13.947,13.765,23.403,0.00338,283.73,0.0,284.45,0.0,0.95936,0.95936,0.0,-99999.0,21.31,21.11,18.858,-799.51,50
2015-10-04 11:56:00,0.0,3.8094,-0.29304,3.5164,0.0,13.953,13.765,23.403,0.00338,281.05,0.0,281.78,0.0,0.95028,0.95028,0.0,-99999.0,21.259,21.049,18.825,-549.03,50
2015-10-04 11:57:00,0.0,3.8545,-0.2028699999999999,3.6517,0.0,13.965,13.765,23.403,0.00338,273.85,0.0,274.45,0.0,0.92592,0.92592,0.0,-99999.0,21.274,21.038,18.59,-773.51,50
2015-10-04 11:58:00,0.0,3.8094,-0.1803299999999999,3.6291,0.0,13.991,13.764,23.403,0.00338,274.65,0.0,275.25,0.0,0.92867,0.92867,0.0,-99999.0,21.351,21.103,18.433,-631.49,50
2015-10-04 11:59:00,0.0,3.8545,-0.24796,3.6065,0.0,14.1,13.765,23.403,0.00338,280.52,0.0,281.23,0.0,0.9485,0.9485,0.0,-99999.0,21.466,21.218,18.42,-639.79,50
2015-10-04 12:00:00,0.0,3.7644,-0.09017,3.6742,0.0,14.084,13.765,23.403,0.00338,283.18,0.0,283.91,0.0,0.95748,0.95748,0.0,-99999.0,21.574,21.353,18.565,-913.49,50
2015-10-04 12:01:00,0.0,3.8094,-0.15779,3.6517,0.0,14.161,13.765,23.403,0.00338,283.8,0.0,284.52,0.0,0.95958,0.95958,0.0,-99999.0,21.609,21.396,18.752,-762.95,50
2015-10-04 12:02:00,0.0,3.7869,-0.06762,3.7193,0.0,14.098,13.765,23.403,0.00338,282.64,0.0,283.36,0.0,0.95566,0.95566,0.0,-99999.0,21.587,21.378,18.754,-417.59,50
2015-10-04 12:03:00,0.0,3.7418,0.0,3.7418,0.0,14.021,13.765,23.405,0.00338,281.61,0.0,282.29,0.0,0.95219,0.95219,0.0,-99999.0,21.552,21.347,18.765,-712.09,50
2015-10-04 12:04:00,0.0,3.8094,-0.22541,3.584,0.0,14.07,13.765,23.413,0.00338,282.64,0.0,283.31,0.0,0.95565,0.95565,0.0,-99999.0,21.509,21.313,18.766,-760.75,50
2015-10-04 12:05:00,0.0,3.7869,-0.1803299999999999,3.6065,0.0,14.099,13.765,23.414,0.00338,285.07,0.0,285.76,0.0,0.96387,0.96387,0.0,-99999.0,21.46,21.263,18.988,-824.7899999999998,50
2015-10-04 12:06:00,0.0,3.8094,-0.1803299999999999,3.6291,0.0,14.06,13.765,23.416,0.00338,283.8,0.0,284.49,0.0,0.95959,0.95959,0.0,-99999.0,21.413,21.225,19.074,-807.0399999999998,50
2015-10-04 12:07:00,0.0,3.832,-0.15779,3.6742,0.0,14.138,13.765,23.416,0.00338,283.74,0.0,284.39,0.0,0.95938,0.95938,0.0,-99999.0,21.414,21.227,19.247,-741.5599999999998,50
2015-10-04 12:08:00,0.0,3.7418,-0.13525,3.6065,0.0,14.232,13.765,23.416,0.00338,285.35,0.0,286.02,0.0,0.96483,0.96483,0.0,-99999.0,21.502,21.322,19.42,-920.31,50
2015-10-04 12:09:00,0.0,3.832,-0.22541,3.6066,0.0,14.309,13.763,23.416,0.00338,286.6,0.0,287.27,0.0,0.96904,0.96904,0.0,-99999.0,21.592,21.449,19.672,-677.4,50
2015-10-04 12:10:00,0.0,3.7869,-0.15779,3.6291,0.0,14.325,13.765,23.416,0.00338,286.77,0.0,287.47,0.0,0.96962,0.96962,0.0,-99999.0,21.706,21.595,19.833,-782.22,50
2015-10-04 12:11:00,0.0,3.877,-0.2028699999999999,3.6741,0.0,14.367,13.765,23.417,0.00338,287.56,0.0,288.3,0.0,0.97231,0.97231,0.0,-99999.0,21.81,21.722,20.074,-662.5,50
2015-10-04 12:12:00,0.0,3.7869,-0.2028699999999999,3.5841,0.0,14.326,13.765,23.426,0.00338,287.92,0.0,288.66,0.0,0.9735,0.9735,0.0,-99999.0,21.832,21.738,20.374,-506.62,50
2015-10-04 12:13:00,0.0,3.7869,-0.15779,3.6291,0.0,14.384,13.766,23.429,0.00338,287.52,0.0,288.24,0.0,0.97214,0.97214,0.0,-99999.0,21.788,21.671,20.686,-824.57,50
2015-10-04 12:14:00,0.0,3.7869,-0.1803299999999999,3.6066,0.0,14.412,13.765,23.429,0.00338,286.89,0.0,287.62,0.0,0.97003,0.97003,0.0,-99999.0,21.723,21.591,20.901,-920.55,50
2015-10-04 12:15:00,0.0,3.8094,-0.2028699999999999,3.6065,0.0,14.341,13.765,23.431,0.00338,286.12,0.0,286.84,0.0,0.96741,0.96741,0.0,-99999.0,21.668,21.511,20.95,-389.77,50
2015-10-04 12:16:00,0.0,3.7643,-0.15779,3.6065,0.0,14.295,13.765,23.442,0.00338,284.98,0.0,285.7,0.0,0.96358,0.96358,0.0,-99999.0,21.622,21.462,21.072,-959.1,50
2015-10-04 12:17:00,0.0,3.832,-0.1803299999999999,3.6517,0.0,14.352,13.765,23.443,0.00338,283.86,0.0,284.54,0.0,0.95977,0.95977,0.0,-99999.0,21.573,21.414,21.084,-811.2799999999999,50
2015-10-04 12:18:00,0.0,3.7869,-0.22541,3.5615,0.0,14.32,13.765,23.443,0.00338,284.98,0.0,285.64,0.0,0.96357,0.96357,0.0,-99999.0,21.538,21.38,21.099,-516.88,50
2015-10-04 12:19:00,0.0,3.832,-0.2028699999999999,3.6291,0.0,14.329,13.765,23.444,0.00338,284.8,0.0,285.47,0.0,0.96296,0.96296,0.0,-99999.0,21.518,21.358,21.308,-517.2,50
2015-10-04 12:20:00,0.0,3.7869,-0.1803299999999999,3.6065,0.0,14.444,13.765,23.454,0.00338,282.78,0.0,283.43,0.0,0.95614,0.95614,0.0,-99999.0,21.534,21.382,21.309,-662.38,50
2015-10-04 12:21:00,0.0,3.7869,-0.2028699999999999,3.584,0.0,14.578,13.764,23.456,0.00352,283.51,0.0,284.15,0.0,0.99846,0.99846,0.0,-99999.0,21.588,21.447,21.305,-856.24,50
2015-10-04 12:22:00,0.0,3.7869,-0.24795,3.5389,0.0,14.59,13.765,23.456,0.00338,283.72,0.0,284.43,0.0,0.95927,0.95927,0.0,-99999.0,21.706,21.564,21.444,-663.9,50
2015-10-04 12:23:00,0.0,3.8094,-0.15779,3.6516,0.0,14.558,13.764,23.466,0.00338,280.82,0.0,281.56,0.0,0.94949,0.94949,0.0,-99999.0,21.857,21.768,21.177,-815.5399999999998,50
2015-10-04 12:24:00,0.0,3.7644,-0.09016,3.6742,0.0,14.531,13.764,23.469,0.00338,278.12,0.0,278.83,0.0,0.94038,0.94038,0.0,-99999.0,21.935,21.867,20.871,-99999.0,50
2015-10-04 12:25:00,0.0,3.8094,-0.1803299999999999,3.6291,0.0,14.487,13.764,23.47,0.00352,276.9,0.0,277.58,0.0,0.97524,0.97524,0.0,-99999.0,21.927,21.837,20.448,-744.5399999999998,50
2015-10-04 12:26:00,0.0,3.8093,-0.22541,3.5839,0.0,14.395,13.764,23.481,0.00352,276.73,0.0,277.39,0.0,0.97465,0.97465,0.0,-99999.0,21.885,21.771,20.069,-517.5,50
2015-10-04 12:27:00,0.0,3.8094,-0.11271,3.6967,0.0,14.302,13.764,23.483,0.00338,276.99,0.0,277.68,0.0,0.93652,0.93652,0.0,-99999.0,21.824,21.686,19.862,-828.19,50
2015-10-04 12:28:00,0.0,3.7868,-0.22541,3.5614,0.0,14.34,13.763,23.488,0.00338,277.77,0.0,278.44,0.0,0.93917,0.93917,0.0,-99999.0,21.766,21.619,19.781,-608.79,50
2015-10-04 12:29:00,0.0,3.8093,-0.22541,3.5839,0.0,14.343,13.764,23.497,0.00338,278.73,0.0,279.39,0.0,0.94245,0.94245,0.0,-99999.0,21.712,21.573,19.692,-731.64,50
2015-10-04 12:30:00,0.0,3.7868,-0.13525,3.6515,0.0,14.286,13.764,23.497,0.00338,279.6,0.0,280.24,0.0,0.94536,0.94536,0.0,-99999.0,21.67,21.522,19.548,-570.52,50
2015-10-04 12:31:00,0.0,3.7867,-0.18032,3.6064,0.0,14.248,13.763,23.509,0.00338,281.06,0.0,281.72,0.0,0.9503,0.9503,0.0,-99999.0,21.648,21.49,19.429,-976.86,50
2015-10-04 12:32:00,0.0,3.8319,-0.29303,3.5389,0.0,14.221,13.761,23.51,0.00338,283.3,0.0,283.97,0.0,0.95786,0.95786,0.0,-99999.0,21.612,21.448,19.398,-613.88,50
2015-10-04 12:33:00,0.0,3.8319,-0.13524,3.6966,0.0,14.185,13.762,23.513,0.00338,285.13,0.0,285.85,0.0,0.96403,0.96403,0.0,-99999.0,21.582,21.413,19.599,-638.58,50
2015-10-04 12:34:00,0.0,3.7643,0.0,3.7643,0.0,14.241,13.761,23.524,0.00338,286.19,0.0,286.9,0.0,0.96763,0.96763,0.0,-99999.0,21.563,21.386,19.851,-688.31,50
2015-10-04 12:35:00,0.0,3.7867,0.0,3.7867,0.0,14.287,13.761,23.524,0.00338,286.53,0.0,287.25,0.0,0.96878,0.96878,0.0,-99999.0,21.536,21.352,20.219,-1151.8,50
2015-10-04 12:36:00,0.0,3.8318,-0.2028699999999999,3.629,0.0,14.303,13.759,23.53,0.00338,286.32,0.0,287.0,0.0,0.96807,0.96807,0.0,-99999.0,21.553,21.381,20.55,-640.23,50
2015-10-04 12:37:00,0.0,3.8319,-0.2028699999999999,3.629,0.0,14.39,13.76,23.537,0.00338,285.78,0.0,286.5,0.0,0.96624,0.96624,0.0,-99999.0,21.611,21.482,20.923,-715.17,50
2015-10-04 12:38:00,0.0,3.7867,-0.15778,3.6289,0.0,14.534,13.759,23.537,0.00338,284.87,0.0,285.57,0.0,0.96315,0.96315,0.0,-99999.0,21.691,21.611,21.23,-832.11,50
2015-10-04 12:39:00,0.0,3.8318,-0.1126999999999999,3.7191,0.0,14.604,13.758,23.548,0.00338,283.77,0.0,284.46,0.0,0.95945,0.95945,0.0,-99999.0,21.845,21.783,21.359,-622.16,50
2015-10-04 12:40:00,0.0,3.8543,-0.31556,3.5387,0.0,14.627,13.759,23.551,0.00338,282.78,0.0,283.48,0.0,0.95609,0.95609,0.0,-99999.0,21.992,21.907,21.287,-488.45,50
2015-10-04 12:41:00,0.0,3.8092,-0.20286,3.6064,0.0,14.655,13.759,23.554,0.00338,282.85,0.0,283.53,0.0,0.95633,0.95633,0.0,-99999.0,21.998,21.922,21.291,-382.14,50
2015-10-04 12:42:00,0.0,3.7642,-0.2253999999999999,3.5388,0.0,14.591,13.759,23.564,0.00338,284.35,0.0,285.05,0.0,0.96141,0.96141,0.0,-99999.0,21.961,21.889,21.303,-419.94,50
2015-10-04 12:43:00,0.0,3.7641,-0.20286,3.5613,0.0,14.488,13.759,23.57,0.00338,286.57,0.0,287.32,0.0,0.96888,0.96888,0.0,-99999.0,21.913,21.828,21.385,-725.21,50
2015-10-04 12:44:00,0.0,3.8092,-0.18032,3.6289,0.0,14.49,13.757,23.578,0.00338,288.25,0.0,288.97,0.0,0.97458,0.97458,0.0,-99999.0,21.875,21.771,21.705,-604.22,50
2015-10-04 12:45:00,0.0,3.8092,-0.1126999999999999,3.6965,0.0,14.426,13.759,23.583,0.00338,289.02,0.0,289.76,0.0,0.97716,0.97716,0.0,-99999.0,21.836,21.71,21.961,-857.89,50
2015-10-04 12:46:00,0.0,3.7641,-0.15778,3.6063,0.0,14.506,13.758,23.591,0.00338,288.91,0.0,289.64,0.0,0.9768,0.9768,0.0,-99999.0,21.795,21.654,22.433,-763.6599999999999,50
2015-10-04 12:47:00,0.0,3.674,-0.04508,3.6289,0.0,14.641,13.758,23.599,0.00338,288.59,0.0,289.3,0.0,0.97573,0.97573,0.0,-99999.0,21.762,21.608,22.87,-762.32,50
2015-10-04 12:48:00,0.0,3.8317,-0.2253999999999999,3.6063,0.0,14.682,13.757,23.605,0.00338,290.22,0.0,290.94,0.0,0.98122,0.98122,0.0,-99999.0,21.728,21.57,23.24,-565.83,50
2015-10-04 12:49:00,0.0,3.8317,-0.27048,3.5612,0.0,14.677,13.756,23.611,0.00338,292.69,0.0,293.4,0.0,0.98955,0.98955,0.0,-99999.0,21.698,21.542,24.117,-564.12,50
2015-10-04 12:50:00,0.0,3.9219,-0.45079,3.4711,0.0,14.847,13.757,23.616,0.00338,294.32,0.0,295.0,0.0,0.99508,0.99508,0.0,-99999.0,21.666,21.518,25.398,-355.95,50
2015-10-04 12:51:00,0.0,3.8317,-0.36063,3.4711,0.0,14.959,13.756,23.626,0.00338,296.48,0.0,297.21,0.0,1.0024,1.0024,0.0,-99999.0,21.66,21.519,27.402,-681.41,50
2015-10-04 12:52:00,0.0,3.8092,-0.2253999999999999,3.5838,0.0,15.034,13.756,23.631,0.00338,295.01,0.0,295.74,0.0,0.99739,0.99739,0.0,-99999.0,21.739,21.575,28.969,-282.23,50
2015-10-04 12:53:00,0.0,3.8542,-0.27048,3.5838,0.0,15.134,13.755,23.636,0.00338,291.0,0.0,291.76,0.0,0.98384,0.98384,0.0,-99999.0,21.831,21.657,30.298,-554.97,50
2015-10-04 12:54:00,0.0,3.8542,-0.18032,3.6739,0.0,15.256,13.756,23.645,0.00338,286.51,0.0,287.28,0.0,0.96867,0.96867,0.0,-99999.0,21.951,21.791,30.96,-553.1,50
2015-10-04 12:55:00,0.0,3.8092,-0.2253999999999999,3.5838,0.0,15.305,13.755,23.651,0.00338,283.16,0.0,284.0,0.0,0.95736,0.95736,0.0,-99999.0,22.05,21.943,30.53,-469.76,50
2015-10-04 12:56:00,0.0,3.8317,-0.20286,3.6288,0.0,15.246,13.755,23.658,0.00338,281.88,0.0,282.73,0.0,0.95301,0.95301,0.0,-99999.0,22.083,21.998,30.263,-575.83,50
2015-10-04 12:57:00,0.0,3.7866,-0.18032,3.6063,0.0,15.352,13.754,23.667,0.00338,281.6,0.0,282.47,0.0,0.95207,0.95207,0.0,-99999.0,22.058,21.984,29.958,-469.67,50
2015-10-04 12:58:00,0.0,3.8092,-0.13524,3.6739,0.0,15.417,13.754,23.672,0.00338,281.4,0.0,282.26,0.0,0.9514,0.9514,0.0,-99999.0,22.011,21.94,29.775,-799.44,50
2015-10-04 12:59:00,0.0,3.8092,-0.1126999999999999,3.6965,0.0,15.492,13.754,23.684,0.00338,281.27,0.0,282.07,0.0,0.95096,0.95096,0.0,-99999.0,21.974,21.9,29.661,-851.75,50
2015-10-04 13:00:00,0.0,3.7415,-0.13524,3.6063,0.0,15.373,13.754,23.688,0.00338,281.97,0.0,282.77,0.0,0.95333,0.95333,0.0,-99999.0,21.936,21.848,29.172,-927.11,50
2015-10-04 13:01:00,0.0,3.719,-0.13524,3.5838,0.0,15.455,13.754,23.697,0.00338,282.77,0.0,283.5,0.0,0.95601,0.95601,0.0,-99999.0,21.901,21.804,28.745,-1271.8,50
2015-10-04 13:02:00,0.0,3.8542,-0.38317,3.4711,0.0,15.423,13.754,23.704,0.00338,283.27,0.0,284.0,0.0,0.95771,0.95771,0.0,-99999.0,21.861,21.771,28.429,-429.01,50
2015-10-04 13:03:00,0.0,3.7866,-0.27048,3.5161,0.0,15.317,13.754,23.716,0.00338,283.84,0.0,284.57,0.0,0.95966,0.95966,0.0,-99999.0,21.838,21.745,28.365,-397.66,50
2015-10-04 13:04:00,0.0,3.8317,-0.2253999999999999,3.6063,0.0,15.35,13.753,23.72,0.00338,284.51,0.0,285.29,0.0,0.96191,0.96191,0.0,-99999.0,21.823,21.718,27.794,-601.63,50
2015-10-04 13:05:00,0.0,3.8092,-0.18032,3.6288,0.0,15.408,13.753,23.73,0.00338,284.7,0.0,285.46,0.0,0.96256,0.96256,0.0,-99999.0,21.823,21.692,27.217,-540.15,50
2015-10-04 13:06:00,0.0,3.8768,-0.2253999999999999,3.6514,0.0,15.18,13.753,23.734,0.00338,285.04,0.0,285.8,0.0,0.96371,0.96371,0.0,-99999.0,21.801,21.66,26.433,-941.6400000000002,50
2015-10-04 13:07:00,0.0,3.8092,-0.27048,3.5387,0.0,14.982,13.753,23.744,0.00338,286.03,0.0,286.74,0.0,0.96705,0.96705,0.0,-99999.0,21.781,21.631,26.017,-352.65,50
2015-10-04 13:08:00,0.0,3.8542,-0.29302,3.5612,0.0,15.008,13.753,23.751,0.00338,285.92,0.0,286.66,0.0,0.96668,0.96668,0.0,-99999.0,21.753,21.602,25.739,-355.04,50
2015-10-04 13:09:00,0.0,3.7641,0.0,3.7641,0.0,15.033,13.753,23.761,0.00338,286.21,0.0,286.99,0.0,0.96767,0.96767,0.0,-99999.0,21.731,21.571,25.533,-1117.5,50
2015-10-04 13:10:00,0.0,3.8542,-0.29302,3.5612,0.0,14.908,13.752,23.758,0.00338,286.73,0.0,287.5,0.0,0.96942,0.96942,0.0,-99999.0,21.701,21.53,25.259,-340.01,50
2015-10-04 13:11:00,0.0,3.8993,-0.27048,3.6288,0.0,14.968,13.752,23.77,0.00338,287.38,0.0,288.19,0.0,0.97161,0.97161,0.0,-99999.0,21.688,21.513,25.18,-606.17,50
2015-10-04 13:12:00,0.0,3.8092,-0.15778,3.6514,0.0,15.189,13.752,23.778,0.00338,288.01,0.0,288.88,0.0,0.97373,0.97373,0.0,-99999.0,21.672,21.494,25.213,-520.21,50
2015-10-04 13:13:00,0.0,3.8768,-0.27048,3.6063,0.0,15.261,13.752,23.785,0.00338,288.25,0.0,289.17,0.0,0.97455,0.97455,0.0,-99999.0,21.655,21.477,25.246,-705.07,50
2015-10-04 13:14:00,0.0,3.7641,-0.18032,3.5838,0.0,15.115,13.751,23.784,0.00338,289.19,0.0,290.11,0.0,0.97775,0.97775,0.0,-99999.0,21.625,21.447,25.307,-896.4,50
2015-10-04 13:15:00,0.0,3.8317,-0.36063,3.4711,0.0,15.051,13.751,23.799,0.00338,288.59,0.0,289.47,0.0,0.97572,0.97572,0.0,-99999.0,21.617,21.412,25.206,-511.1,50
2015-10-04 13:16:00,0.0,3.7866,-0.15778,3.6288,0.0,15.027,13.751,23.799,0.00338,291.18,0.0,292.01,0.0,0.98446,0.98446,0.0,-99999.0,21.588,21.346,25.362,-784.35,50
2015-10-04 13:17:00,0.0,3.7641,-0.06762,3.6965,0.0,15.123,13.75,23.804,0.00338,292.91,0.0,293.78,0.0,0.99032,0.99032,0.0,-99999.0,21.573,21.317,26.239,-845.96,50
2015-10-04 13:18:00,0.0,3.7866,-0.18032,3.6063,0.0,15.372,13.751,23.809,0.00338,294.17,0.0,294.99,0.0,0.99456,0.99456,0.0,-99999.0,21.625,21.351,27.601,-724.46,50
2015-10-04 13:19:00,0.0,3.8542,-0.13524,3.719,0.0,15.449,13.75,23.811,0.00338,292.95,0.0,293.81,0.0,0.99043,0.99043,0.0,-99999.0,21.725,21.477,29.032,-557.35,50
2015-10-04 13:20:00,0.0,3.7641,-0.18032,3.5838,0.0,15.57,13.751,23.818,0.00338,290.51,0.0,291.41,0.0,0.98218,0.98218,0.0,-99999.0,21.867,21.656,30.119,-1049.4,50
2015-10-04 13:21:00,0.0,3.8317,-0.29302,3.5387,0.0,15.696,13.751,23.823,0.00338,292.55,0.0,293.4,0.0,0.98908,0.98908,0.0,-99999.0,21.996,21.837,31.125,-406.97,50
2015-10-04 13:22:00,0.0,3.8091,-0.09016,3.719,0.0,15.708,13.751,23.825,0.00338,295.36,0.0,296.34,0.0,0.99857,0.99857,0.0,-99999.0,22.038,21.891,34.003,-919.35,50
2015-10-04 13:23:00,0.0,3.7415,-0.20285,3.5387,0.0,15.83,13.751,23.835,0.00338,292.38,0.0,293.4,0.0,0.9885,0.9885,0.0,-99999.0,22.025,21.88,36.751,-478.87,50
2015-10-04 13:24:00,0.0,3.8091,-0.13524,3.6739,0.0,15.861,13.75,23.836,0.00338,289.68,0.0,290.76,0.0,0.9794,0.9794,0.0,-99999.0,21.971,21.812,38.821,-809.7799999999999,50
2015-10-04 13:25:00,0.0,3.7866,-0.18032,3.6063,0.0,15.699,13.75,23.843,0.00338,282.25,0.0,283.33,0.0,0.95425,0.95425,0.0,-99999.0,21.914,21.739,38.521,-686.0,50
2015-10-04 13:26:00,0.0,3.8092,-0.31555,3.4936,0.0,15.624,13.749,23.85,0.00338,279.77,0.0,280.79,0.0,0.94588,0.94588,0.0,-99999.0,21.856,21.678,36.929,-491.62,50
2015-10-04 13:27:00,0.0,3.8092,-0.18032,3.6288,0.0,15.493,13.75,23.852,0.00338,279.16,0.0,280.19,0.0,0.94382,0.94382,0.0,-99999.0,21.809,21.63,34.717,-588.69,50
2015-10-04 13:28:00,0.0,3.764,-0.06762,3.6964,0.0,15.418,13.749,23.864,0.00338,278.95,0.0,279.96,0.0,0.94309,0.94309,0.0,-99999.0,21.783,21.602,33.141,-1078.7,50
2015-10-04 13:29:00,0.0,3.8091,-0.13524,3.6738,0.0,15.203,13.749,23.864,0.00338,281.22,0.0,282.16,0.0,0.95077,0.95077,0.0,-99999.0,21.753,21.582,32.016,-547.53,50
2015-10-04 13:30:00,0.0,3.8091,-0.15778,3.6513,0.0,15.234,13.75,23.87,0.00338,285.03,0.0,285.93,0.0,0.96365,0.96365,0.0,-99999.0,21.753,21.581,31.709,-733.1,50
2015-10-04 13:31:00,0.0,3.8317,-0.18032,3.6513,0.0,15.339,13.75,23.878,0.00338,293.0,0.0,293.94,0.0,0.9906,0.9906,0.0,-99999.0,21.761,21.594,33.162,-636.44,50
2015-10-04 13:32:00,0.0,3.764,-0.0901499999999999,3.6738,0.0,15.636,13.749,23.88,0.00338,290.68,0.0,291.64,0.0,0.98276,0.98276,0.0,-99999.0,21.758,21.602,35.568,-986.78,50
2015-10-04 13:33:00,0.0,3.7865,-0.22539,3.5611,0.0,15.643,13.748,23.891,0.00338,289.41,0.0,290.35,0.0,0.97843,0.97843,0.0,-99999.0,21.77,21.623,36.773,-771.44,50
2015-10-04 13:34:00,0.0,3.7415,-0.1352299999999999,3.6062,0.0,15.667,13.749,23.891,0.00338,288.98,0.0,289.89,0.0,0.97697,0.97697,0.0,-99999.0,21.77,21.625,39.147,-729.98,50
2015-10-04 13:35:00,0.0,3.8992,-0.02254,3.8766,0.0,15.722,13.748,23.895,0.00338,287.29,0.0,288.27,0.0,0.97126,0.97126,0.0,-99999.0,21.776,21.634,40.517,-99999.0,50
2015-10-04 13:36:00,0.0,3.7865,-0.1577699999999999,3.6287,0.0,15.796,13.748,23.904,0.00338,286.32,0.0,287.39,0.0,0.96803,0.96803,0.0,-99999.0,21.788,21.646,41.656,-886.2799999999999,50
2015-10-04 13:37:00,0.0,3.809,-0.0901499999999999,3.7188,0.0,16.116,13.748,23.906,0.00338,285.39,0.0,286.53,0.0,0.96486,0.96486,0.0,-99999.0,21.789,21.649,43.181,-679.34,50
2015-10-04 13:38:00,0.0,3.7639,-0.11269,3.6512,0.0,16.213,13.748,23.915,0.00338,281.44,0.0,282.51,0.0,0.95149,0.95149,0.0,-99999.0,21.799,21.658,43.446,-959.13,50
2015-10-04 13:39:00,0.0,3.764,-0.11269,3.6513,0.0,16.15,13.748,23.918,0.00338,274.69,0.0,275.77,0.0,0.92867,0.92867,0.0,-99999.0,21.807,21.663,41.646,-878.0599999999998,50
2015-10-04 13:40:00,0.0,3.6963,-0.1352299999999999,3.561,0.0,16.013,13.748,23.926,0.00338,274.14,0.0,275.29,0.0,0.9268,0.9268,0.0,-99999.0,21.813,21.666,39.02,-1079.6,50
2015-10-04 13:41:00,0.0,3.7864,-0.02254,3.7638,0.0,15.854,13.748,23.932,0.00338,275.5,0.0,276.54,0.0,0.93138,0.93138,0.0,-99999.0,21.807,21.659,37.321,-974.06,50
2015-10-04 13:42:00,0.0,3.8089,-0.1802999999999999,3.6286,0.0,15.875,13.748,23.936,0.00338,277.54,0.0,278.58,0.0,0.93826,0.93826,0.0,-99999.0,21.797,21.645,36.15,-708.3,50
2015-10-04 13:43:00,0.0,3.7413,-0.04508,3.6962,0.0,15.772,13.748,23.945,0.00338,278.79,0.0,279.83,0.0,0.9425,0.9425,0.0,-99999.0,21.798,21.637,34.654,-916.05,50
2015-10-04 13:44:00,0.0,3.7864,-0.1352299999999999,3.6511,0.0,15.532,13.748,23.946,0.00338,280.0,0.0,281.05,0.0,0.94659,0.94659,0.0,-99999.0,21.79,21.615,33.513,-984.24,50
2015-10-04 13:45:00,0.0,3.8089,-0.18031,3.6286,0.0,15.58,13.748,23.958,0.00338,281.31,0.0,282.27,0.0,0.95104,0.95104,0.0,-99999.0,21.791,21.616,32.729,-680.66,50
2015-10-04 13:46:00,0.0,3.6962,-0.02254,3.6737,0.0,15.582,13.748,23.959,0.00338,282.78,0.0,283.7,0.0,0.95599,0.95599,0.0,-99999.0,21.79,21.608,32.561,-1047.1,50
2015-10-04 13:47:00,0.0,3.8089,-0.22538,3.5836,0.0,15.805,13.748,23.96,0.00338,283.74,0.0,284.65,0.0,0.95925,0.95925,0.0,-99999.0,21.786,21.608,32.608,-749.84,50
2015-10-04 13:48:00,0.0,3.7864,-0.15776,3.6286,0.0,15.888,13.748,23.971,0.00338,285.11,0.0,286.01,0.0,0.96388,0.96388,0.0,-99999.0,21.787,21.624,32.171,-852.51,50
2015-10-04 13:49:00,0.0,3.7863,-0.22538,3.561,0.0,15.69,13.748,23.973,0.00338,286.4,0.0,287.27,0.0,0.96822,0.96822,0.0,-99999.0,21.787,21.63,32.368,-670.53,50
2015-10-04 13:50:00,0.0,3.8764,-0.33806,3.5384,0.0,15.778,13.747,23.975,0.00338,285.88,0.0,286.78,0.0,0.96647,0.96647,0.0,-99999.0,21.791,21.639,32.534,-418.68,50
2015-10-04 13:51:00,0.0,3.854,-0.24792,3.606,0.0,15.961,13.747,23.984,0.00338,284.55,0.0,285.48,0.0,0.96197,0.96197,0.0,-99999.0,21.803,21.652,32.681,-596.74,50
2015-10-04 13:52:00,0.0,3.899,-0.0901499999999999,3.8089,0.0,16.124,13.748,23.986,0.00338,282.88,0.0,283.78,0.0,0.9563,0.9563,0.0,-99999.0,21.804,21.653,32.156,-958.82,50
2015-10-04 13:53:00,0.0,3.8089,-0.2028399999999999,3.606,0.0,15.961,13.747,23.992,0.00338,282.42,0.0,283.28,0.0,0.95476,0.95476,0.0,-99999.0,21.803,21.648,31.366,-522.32,50
2015-10-04 13:54:00,0.0,3.8314,-0.27045,3.5609,0.0,15.84,13.747,24.0,0.00338,281.89,0.0,282.68,0.0,0.95297,0.95297,0.0,-99999.0,21.802,21.647,30.9,-223.1,50
2015-10-04 13:55:00,0.0,3.7863,-0.2704599999999999,3.5159,0.0,15.829,13.746,24.0,0.00338,280.91,0.0,281.67,0.0,0.94964,0.94964,0.0,-99999.0,21.782,21.637,30.658,-606.56,50
2015-10-04 13:56:00,0.0,3.7863,-0.15776,3.6285,0.0,15.851,13.747,24.002,0.00338,280.27,0.0,281.05,0.0,0.9475,0.9475,0.0,-99999.0,21.765,21.64,30.082,-588.86,50
2015-10-04 13:57:00,0.0,3.8088,-0.24792,3.5609,0.0,15.987,13.747,24.013,0.00338,279.66,0.0,280.45,0.0,0.94545,0.94545,0.0,-99999.0,21.756,21.65,29.413,-338.88,50
2015-10-04 13:58:00,0.0,3.7863,-0.22538,3.5609,0.0,15.988,13.746,24.013,0.00338,279.5,0.0,280.3,0.0,0.94488,0.94488,0.0,-99999.0,21.744,21.643,28.703,-720.2,50
2015-10-04 13:59:00,0.0,3.7863,-0.1352299999999999,3.651,0.0,16.078,13.747,24.018,0.00338,279.74,0.0,280.43,0.0,0.94569,0.94569,0.0,-99999.0,21.737,21.635,27.96,-536.14,50
2015-10-04 14:00:00,0.0,3.8088,-0.11269,3.6961,0.0,15.997,13.746,24.027,0.00338,280.35,0.0,281.05,0.0,0.94776,0.94776,0.0,-99999.0,21.751,21.636,27.377,-99999.0,50
2015-10-04 14:01:00,0.0,3.7863,-0.15776,3.6285,0.0,16.041,13.746,24.027,0.00338,281.59,0.0,282.31,0.0,0.95197,0.95197,0.0,-99999.0,21.746,21.627,27.002,-829.94,50
2015-10-04 14:02:00,0.0,3.8314,-0.1802999999999999,3.6511,0.0,15.866,13.746,24.029,0.00338,283.19,0.0,283.87,0.0,0.95738,0.95738,0.0,-99999.0,21.746,21.621,26.552,-640.61,50
2015-10-04 14:03:00,0.0,3.7863,-0.22538,3.5609,0.0,15.792,13.745,24.04,0.00338,284.83,0.0,285.53,0.0,0.9629,0.9629,0.0,-99999.0,21.766,21.634,26.712,-750.48,50
2015-10-04 14:04:00,0.0,3.8088,-0.15776,3.6511,0.0,15.883,13.745,24.041,0.00338,285.67,0.0,286.42,0.0,0.96576,0.96576,0.0,-99999.0,21.771,21.641,26.951,-786.2,50
2015-10-04 14:05:00,0.0,3.7638,-0.1352299999999999,3.6285,0.0,16.062,13.745,24.045,0.00338,286.49,0.0,287.23,0.0,0.96853,0.96853,0.0,-99999.0,21.779,21.656,26.92,-703.77,50
2015-10-04 14:06:00,0.0,3.7863,-0.0901499999999999,3.6962,0.0,15.86,13.746,24.054,0.00338,286.76,0.0,287.48,0.0,0.96943,0.96943,0.0,-99999.0,21.799,21.671,26.725,-1011.6,50
2015-10-04 14:07:00,0.0,3.7412,-0.1352299999999999,3.606,0.0,15.815,13.745,24.054,0.00338,285.27,0.0,286.03,0.0,0.96438,0.96438,0.0,-99999.0,21.798,21.671,26.588,-863.26,50
2015-10-04 14:08:00,0.0,3.7863,-0.22538,3.5609,0.0,15.864,13.745,24.056,0.00338,284.69,0.0,285.44,0.0,0.96245,0.96245,0.0,-99999.0,21.804,21.675,26.623,-695.95,50
2015-10-04 14:09:00,0.0,3.8088,-0.1802999999999999,3.6285,0.0,15.89,13.745,24.067,0.00338,284.98,0.0,285.68,0.0,0.96341,0.96341,0.0,-99999.0,21.816,21.694,26.636,-598.32,50
2015-10-04 14:10:00,0.0,3.7863,-0.11269,3.6736,0.0,15.734,13.745,24.068,0.00338,284.83,0.0,285.52,0.0,0.9629,0.9629,0.0,-99999.0,21.82,21.7,26.66,-964.57,50
2015-10-04 14:11:00,0.0,3.6961,-0.15776,3.5384,0.0,15.805,13.744,24.07,0.00338,283.93,0.0,284.59,0.0,0.95986,0.95986,0.0,-99999.0,21.835,21.71,26.639,-837.26,50
2015-10-04 14:12:00,0.0,3.7863,-0.22538,3.5609,0.0,15.883,13.745,24.081,0.00338,283.32,0.0,283.97,0.0,0.95781,0.95781,0.0,-99999.0,21.861,21.729,26.358,-632.21,50
2015-10-04 14:13:00,0.0,3.8088,-0.1352299999999999,3.6736,0.0,15.947,13.744,24.082,0.00338,283.48,0.0,284.12,0.0,0.95835,0.95835,0.0,-99999.0,21.872,21.733,25.925,-906.02,50
2015-10-04 14:14:00,0.0,3.7638,-0.15776,3.606,0.0,15.945,13.744,24.083,0.00338,283.73,0.0,284.37,0.0,0.95919,0.95919,0.0,-99999.0,21.883,21.74,25.516,-951.43,50
2015-10-04 14:15:00,0.0,3.8088,-0.24792,3.5609,0.0,16.041,13.745,24.095,0.00338,284.1,0.0,284.77,0.0,0.96044,0.96044,0.0,-99999.0,21.895,21.751,25.534,-448.92,50
2015-10-04 14:16:00,0.0,3.8314,-0.1802999999999999,3.6511,0.0,16.131,13.745,24.095,0.00338,284.54,0.0,285.23,0.0,0.96192,0.96192,0.0,-99999.0,21.891,21.754,25.344,-616.55,50
2015-10-04 14:17:00,0.0,3.7187,-0.1802999999999999,3.5384,0.0,16.032,13.744,24.101,0.00338,284.73,0.0,285.43,0.0,0.96258,0.96258,0.0,-99999.0,21.899,21.752,25.121,-653.89,50
2015-10-04 14:18:00,0.0,3.7638,-0.1802999999999999,3.5835,0.0,16.008,13.744,24.109,0.00338,285.64,0.0,286.36,0.0,0.96565,0.96565,0.0,-99999.0,21.904,21.753,24.911,-501.32,50
2015-10-04 14:19:00,0.0,3.8314,-0.3155299999999999,3.5158,0.0,15.999,13.744,24.109,0.00338,285.14,0.0,285.88,0.0,0.96394,0.96394,0.0,-99999.0,21.901,21.744,24.927,-374.65,50
2015-10-04 14:20:00,0.0,3.8088,-0.22538,3.5835,0.0,16.021,13.743,24.117,0.00338,283.8,0.0,284.51,0.0,0.95943,0.95943,0.0,-99999.0,21.91,21.753,24.701,-462.95,50
2015-10-04 14:21:00,0.0,3.7863,-0.1352299999999999,3.651,0.0,15.843,13.743,24.123,0.00338,283.16,0.0,283.83,0.0,0.95727,0.95727,0.0,-99999.0,21.91,21.756,24.399,-689.2,50
2015-10-04 14:22:00,0.0,3.8314,-0.2479099999999999,3.5835,0.0,15.806,13.744,24.123,0.00338,283.05,0.0,283.74,0.0,0.95689,0.95689,0.0,-99999.0,21.907,21.756,24.166,-969.59,50
2015-10-04 14:23:00,0.0,3.7863,-0.11269,3.6736,0.0,15.702,13.743,24.13,0.00338,282.91,0.0,283.6,0.0,0.95643,0.95643,0.0,-99999.0,21.913,21.753,23.691,-842.22,50
2015-10-04 14:24:00,0.0,3.7863,-0.22538,3.5609,0.0,15.695,13.743,24.137,0.00338,282.6,0.0,283.28,0.0,0.95536,0.95536,0.0,-99999.0,21.908,21.748,23.373,-915.52,50
2015-10-04 14:25:00,0.0,3.8088,-0.2028399999999999,3.606,0.0,15.643,13.743,24.137,0.00338,282.6,0.0,283.28,0.0,0.95537,0.95537,0.0,-99999.0,21.893,21.736,23.108,-581.87,50
2015-10-04 14:26:00,0.0,3.7863,-0.11269,3.6736,0.0,15.722,13.742,24.143,0.00338,283.18,0.0,283.85,0.0,0.95731,0.95731,0.0,-99999.0,21.887,21.737,23.095,-843.8099999999998,50
2015-10-04 14:27:00,0.0,3.8313,-0.1802999999999999,3.651,0.0,15.82,13.742,24.15,0.00338,284.25,0.0,284.99,0.0,0.96097,0.96097,0.0,-99999.0,21.889,21.737,22.981,-742.94,50
2015-10-04 14:28:00,0.0,3.8088,-0.2028399999999999,3.606,0.0,15.8,13.742,24.15,0.00338,285.45,0.0,286.2,0.0,0.96499,0.96499,0.0,-99999.0,21.891,21.736,23.113,-418.06,50
2015-10-04 14:29:00,0.0,3.7863,-0.1802999999999999,3.606,0.0,15.918,13.742,24.156,0.00338,285.97,0.0,286.72,0.0,0.96674,0.96674,0.0,-99999.0,21.901,21.754,23.373,-773.2899999999998,50
2015-10-04 14:30:00,0.0,3.8088,-0.0901499999999999,3.7187,0.0,16.156,13.743,24.164,0.00338,285.79,0.0,286.58,0.0,0.96614,0.96614,0.0,-99999.0,21.903,21.765,23.726,-853.12,50
2015-10-04 14:31:00,0.0,3.8313,-0.2253699999999999,3.606,0.0,16.318,13.742,24.164,0.00338,284.72,0.0,285.52,0.0,0.96253,0.96253,0.0,-99999.0,21.898,21.764,23.947,-685.84,50
2015-10-04 14:32:00,0.0,3.8088,-0.1802999999999999,3.6284,0.0,16.286,13.742,24.169,0.00338,283.9,0.0,284.69,0.0,0.95975,0.95975,0.0,-99999.0,21.903,21.769,23.947,-830.74,50
2015-10-04 14:33:00,0.0,3.7861,-0.06761,3.7185,0.0,16.087,13.741,24.178,0.00338,283.05,0.0,283.82,0.0,0.95688,0.95688,0.0,-99999.0,21.904,21.768,23.731,-1029.6,50
2015-10-04 14:34:00,0.0,3.8088,-0.06761,3.7412,0.0,16.001,13.742,24.178,0.00338,281.89,0.0,282.65,0.0,0.95296,0.95296,0.0,-99999.0,21.898,21.759,23.488,-1151.6,50
2015-10-04 14:35:00,0.0,3.7863,-0.24792,3.5383,0.0,16.016,13.742,24.181,0.00338,280.85,0.0,281.61,0.0,0.94944,0.94944,0.0,-99999.0,21.898,21.746,23.13,-383.2,50
2015-10-04 14:36:00,0.0,3.8087,-0.20283,3.6059,0.0,16.123,13.742,24.191,0.00338,279.97,0.0,280.77,0.0,0.94645,0.94645,0.0,-99999.0,21.891,21.736,22.96,-904.45,50
2015-10-04 14:37:00,0.0,3.7862,-0.1802999999999999,3.6059,0.0,16.128,13.741,24.191,0.00338,278.83,0.0,279.66,0.0,0.94264,0.94264,0.0,-99999.0,21.872,21.72,22.579,-692.0,50
2015-10-04 14:38:00,0.0,3.8313,-0.20283,3.6284,0.0,16.108,13.741,24.201,0.00338,278.95,0.0,279.77,0.0,0.94302,0.94302,0.0,-99999.0,21.863,21.714,22.375,-650.28,50
2015-10-04 14:39:00,0.0,3.7861,-0.15775,3.6284,0.0,16.167,13.741,24.205,0.00338,279.21,0.0,280.04,0.0,0.94389,0.94389,0.0,-99999.0,21.852,21.699,22.193,-647.67,50
2015-10-04 14:40:00,0.0,3.8087,-0.2028399999999999,3.6059,0.0,16.033,13.741,24.205,0.00338,277.91,0.0,278.72,0.0,0.93948,0.93948,0.0,-99999.0,21.835,21.686,21.689,-543.56,50
2015-10-04 14:41:00,0.0,3.7636,-0.13522,3.6284,0.0,15.876,13.741,24.217,0.00338,279.95,0.0,280.72,0.0,0.94637,0.94637,0.0,-99999.0,21.827,21.672,21.33,-513.04,50
2015-10-04 14:42:00,0.0,3.8086,-0.15776,3.6508,0.0,15.802,13.741,24.219,0.00338,282.28,0.0,283.08,0.0,0.95427,0.95427,0.0,-99999.0,21.809,21.643,21.149,-550.01,50
2015-10-04 14:43:00,0.0,3.7635,-0.15775,3.6058,0.0,15.811,13.74,24.219,0.00338,281.23,0.0,282.01,0.0,0.9507,0.9507,0.0,-99999.0,21.778,21.595,20.929,-823.1599999999999,50
2015-10-04 14:44:00,0.0,3.7635,-0.0901399999999999,3.6734,0.0,15.751,13.74,24.219,0.00338,279.02,0.0,279.78,0.0,0.94322,0.94322,0.0,-99999.0,21.747,21.575,20.598,-725.13,50
2015-10-04 14:45:00,0.0,3.8086,-0.15775,3.6509,0.0,15.704,13.74,24.23,0.00338,275.69,0.0,276.38,0.0,0.93199,0.93199,0.0,-99999.0,21.732,21.573,20.291,-747.4,50
2015-10-04 14:46:00,0.0,3.8537,-0.22536,3.6283,0.0,15.684,13.739,24.233,0.00338,271.73,0.0,272.36,0.0,0.91856,0.91856,0.0,-99999.0,21.722,21.568,20.008,-789.74,50
2015-10-04 14:47:00,0.0,3.8312,-0.20283,3.6284,0.0,15.582,13.739,24.233,0.00338,268.62,0.0,269.15,0.0,0.90805,0.90805,0.0,-99999.0,21.73,21.567,19.698,-614.03,50
2015-10-04 14:48:00,0.0,3.7861,0.0,3.7861,0.0,15.548,13.738,24.233,0.00338,266.72,0.0,267.12,0.0,0.90163,0.90163,0.0,-99999.0,21.747,21.568,19.329,-1175.8,50
2015-10-04 14:49:00,0.0,3.8086,-0.20283,3.6058,0.0,15.562,13.739,24.234,0.00338,265.62,0.0,265.98,0.0,0.8979599999999999,0.8979599999999999,0.0,-99999.0,21.766,21.568,19.044,-442.65,50
2015-10-04 14:50:00,0.0,3.8085,-0.15776,3.6508,0.0,15.593,13.74,24.241,0.00338,265.93,0.0,266.26,0.0,0.89895,0.89895,0.0,-99999.0,21.784,21.585,18.808,-639.35,50
2015-10-04 14:51:00,0.0,3.8086,-0.11268,3.696,0.0,15.564,13.739,24.246,0.00338,267.23,0.0,267.61,0.0,0.90334,0.90334,0.0,-99999.0,21.799,21.588,18.611,-1045.8,50
2015-10-04 14:52:00,0.0,3.8085,-0.13522,3.6733,0.0,15.553,13.738,24.246,0.00338,266.95,0.0,267.33,0.0,0.9024,0.9024,0.0,-99999.0,21.81,21.597,18.363,-675.0,50
2015-10-04 14:53:00,0.0,3.8086,-0.27044,3.5382,0.0,15.598,13.739,24.246,0.00338,264.6,0.0,264.87,0.0,0.8944499999999999,0.8944499999999999,0.0,-99999.0,21.813,21.607,18.162,-532.85,50
2015-10-04 14:54:00,0.0,3.7635,-0.0450699999999999,3.7184,0.0,15.506,13.739,24.246,0.00338,262.98,0.0,263.11,0.0,0.88895,0.88895,0.0,-99999.0,21.803,21.604,17.887,-963.94,50
2015-10-04 14:55:00,0.0,3.7861,-0.15775,3.6283,0.0,15.515,13.739,24.248,0.00338,262.36,0.0,262.51,0.0,0.8869099999999999,0.8869099999999999,0.0,-99999.0,21.79,21.6,17.784,-554.4,50
2015-10-04 14:56:00,0.0,3.7861,-0.18029,3.6058,0.0,15.569,13.74,24.246,0.00338,260.89,0.0,260.94,0.0,0.8819299999999999,0.8819299999999999,0.0,-99999.0,21.783,21.597,17.657,-662.59,50
2015-10-04 14:57:00,0.0,3.8085,-0.11268,3.6959,0.0,15.503,13.739,24.246,0.00338,258.56,0.0,258.47,0.0,0.87402,0.87402,0.0,-99999.0,21.783,21.598,17.486,-800.57,50
2015-10-04 14:58:00,0.0,3.7635,-0.15775,3.6057,0.0,15.499,13.739,24.246,0.00338,255.99,0.0,255.75,0.0,0.86535,0.86535,0.0,-99999.0,21.785,21.598,17.387,-490.27,50
2015-10-04 14:59:00,0.0,3.786,-0.20283,3.5832,0.0,15.564,13.739,24.249,0.00338,253.37,0.0,252.96,0.0,0.8565,0.8565,0.0,-99999.0,21.796,21.611,17.284,-559.85,50
2015-10-04 15:00:00,0.0,3.786,-0.22536,3.5606,0.0,15.566,13.738,24.256,0.00338,251.01,0.0,250.39,0.0,0.84853,0.84853,0.0,-99999.0,21.814,21.629,17.153,-748.25,50
2015-10-04 15:01:00,0.0,3.8086,-0.18029,3.6283,0.0,15.476,13.739,24.259,0.00338,249.28,0.0,248.5,0.0,0.84267,0.84267,0.0,-99999.0,21.83,21.645,16.996,-608.44,50
2015-10-04 15:02:00,0.0,3.8536,-0.22536,3.6282,0.0,15.319,13.738,24.26,0.00338,249.18,0.0,248.37,0.0,0.8423199999999998,0.8423199999999998,0.0,-99999.0,21.834,21.66,16.806,-884.4099999999999,50
2015-10-04 15:03:00,0.0,3.7635,-0.15775,3.6057,0.0,15.211,13.739,24.26,0.00338,250.48,0.0,249.75,0.0,0.8467099999999999,0.8467099999999999,0.0,-99999.0,21.83,21.662,16.656,-506.61,50
2015-10-04 15:04:00,0.0,3.8311,-0.22536,3.6057,0.0,15.088,13.739,24.26,0.00338,253.34,0.0,252.8,0.0,0.85638,0.85638,0.0,-99999.0,21.828,21.649,16.506,-550.37,50
2015-10-04 15:05:00,0.0,3.8536,-0.24789,3.6057,0.0,14.964,13.739,24.26,0.00338,259.51,0.0,259.33,0.0,0.87726,0.87726,0.0,-99999.0,21.82,21.62,16.392,-500.64,50
2015-10-04 15:06:00,0.0,3.8086,-0.0901399999999999,3.7184,0.0,14.914,13.739,24.26,0.00338,266.25,0.0,266.5,0.0,0.90003,0.90003,0.0,-99999.0,21.801,21.569,16.32,-629.92,50
2015-10-04 15:07:00,0.0,3.7634,-0.22536,3.5381,0.0,14.893,13.739,24.26,0.00338,268.65,0.0,269.01,0.0,0.90814,0.90814,0.0,-99999.0,21.774,21.512,16.317,-504.09,50
2015-10-04 15:08:00,0.0,3.8311,-0.18029,3.6508,0.0,14.857,13.738,24.26,0.00338,268.87,0.0,269.22,0.0,0.90888,0.90888,0.0,-99999.0,21.753,21.479,16.312,-648.8,50
2015-10-04 15:09:00,0.0,3.831,-0.02254,3.8085,0.0,14.892,13.738,24.26,0.00338,269.28,0.0,269.63,0.0,0.91026,0.91026,0.0,-99999.0,21.74,21.459,16.344,-996.16,50
2015-10-04 15:10:00,0.0,3.786,-0.02254,3.7634,0.0,14.942,13.739,24.259,0.00338,270.19,0.0,270.58,0.0,0.91335,0.91335,0.0,-99999.0,21.734,21.453,16.4,-975.4,50
2015-10-04 15:11:00,0.0,3.786,-0.06761,3.7184,0.0,14.949,13.738,24.26,0.00338,271.09,0.0,271.51,0.0,0.91637,0.91637,0.0,-99999.0,21.744,21.463,16.461,-835.99,50
2015-10-04 15:12:00,0.0,3.8086,-0.24789,3.5607,0.0,14.958,13.739,24.26,0.00338,271.75,0.0,272.19,0.0,0.91861,0.91861,0.0,-99999.0,21.744,21.462,16.514,-727.1799999999998,50
2015-10-04 15:13:00,0.0,3.8311,-0.15775,3.6733,0.0,14.927,13.738,24.26,0.00338,272.11,0.0,272.56,0.0,0.91981,0.91981,0.0,-99999.0,21.744,21.461,16.57,-858.12,50
2015-10-04 15:14:00,0.0,3.786,-0.22536,3.5606,0.0,14.95,13.739,24.26,0.00338,271.86,0.0,272.32,0.0,0.919,0.919,0.0,-99999.0,21.741,21.448,16.635,-311.38,50
2015-10-04 15:15:00,0.0,3.7634,-0.15775,3.6057,0.0,15.055,13.738,24.26,0.00338,270.7,0.0,271.13,0.0,0.91508,0.91508,0.0,-99999.0,21.731,21.448,16.699,-470.16,50
2015-10-04 15:16:00,0.0,3.786,-0.0901399999999999,3.6958,0.0,15.098,13.74,24.259,0.00338,268.26,0.0,268.6,0.0,0.90683,0.90683,0.0,-99999.0,21.727,21.454,16.726,-716.51,50
2015-10-04 15:17:00,0.0,3.7409,-0.02254,3.7184,0.0,15.128,13.738,24.248,0.00338,265.96,0.0,266.19,0.0,0.8990599999999999,0.8990599999999999,0.0,-99999.0,21.716,21.46,16.703,-718.99,50
2015-10-04 15:18:00,0.0,3.7184,-0.13522,3.5831,0.0,15.181,13.739,24.244,0.00338,265.64,0.0,265.84,0.0,0.89798,0.89798,0.0,-99999.0,21.716,21.468,16.667,-623.64,50
2015-10-04 15:19:00,0.0,3.7409,-0.0901499999999999,3.6508,0.0,15.186,13.74,24.245,0.00338,266.22,0.0,266.47,0.0,0.89995,0.89995,0.0,-99999.0,21.728,21.472,16.654,-813.27,50
2015-10-04 15:20:00,0.0,3.8536,-0.18029,3.6733,0.0,15.131,13.74,24.246,0.00338,265.85,0.0,266.1,0.0,0.89868,0.89868,0.0,-99999.0,21.731,21.486,16.601,-590.35,50
2015-10-04 15:21:00,0.0,3.8311,-0.20282,3.6282,0.0,15.049,13.74,24.246,0.00338,265.62,0.0,265.85,0.0,0.8979,0.8979,0.0,-99999.0,21.729,21.477,16.546,-724.9199999999998,50
2015-10-04 15:22:00,0.0,3.8085,-0.18029,3.6282,0.0,15.015,13.74,24.242,0.00338,266.79,0.0,267.05,0.0,0.90187,0.90187,0.0,-99999.0,21.71,21.446,16.546,-745.26,50
2015-10-04 15:23:00,0.0,3.7635,-0.15775,3.6057,0.0,14.97,13.74,24.234,0.00338,268.43,0.0,268.79,0.0,0.9074,0.9074,0.0,-99999.0,21.699,21.44,16.486,-809.15,50
2015-10-04 15:24:00,0.0,3.8536,-0.22536,3.6282,0.0,14.893,13.74,24.232,0.00338,269.48,0.0,269.87,0.0,0.91095,0.91095,0.0,-99999.0,21.689,21.448,16.457,-821.85,50
2015-10-04 15:25:00,0.0,3.786,-0.0901499999999999,3.6959,0.0,14.905,13.74,24.233,0.00338,269.48,0.0,269.87,0.0,0.91094,0.91094,0.0,-99999.0,21.687,21.451,16.498,-761.12,50
2015-10-04 15:26:00,0.0,3.8311,-0.22536,3.6057,0.0,14.967,13.74,24.233,0.00338,268.36,0.0,268.71,0.0,0.90717,0.90717,0.0,-99999.0,21.686,21.452,16.533,-800.0399999999998,50
2015-10-04 15:27:00,0.0,3.8085,-0.24789,3.5606,0.0,15.003,13.74,24.228,0.00338,267.11,0.0,267.4,0.0,0.90293,0.90293,0.0,-99999.0,21.675,21.442,16.528,-418.67,50
2015-10-04 15:28:00,0.0,3.831,-0.22536,3.6057,0.0,15.026,13.741,24.219,0.00338,267.16,0.0,267.45,0.0,0.90309,0.90309,0.0,-99999.0,21.654,21.426,16.502,-654.65,50
2015-10-04 15:29:00,0.0,3.786,-0.11268,3.6733,0.0,15.021,13.741,24.218,0.00338,268.33,0.0,268.69,0.0,0.90709,0.90709,0.0,-99999.0,21.644,21.403,16.469,-950.93,50
2015-10-04 15:30:00,0.0,3.7409,-0.11268,3.6282,0.0,15.06,13.74,24.219,0.00338,270.11,0.0,270.52,0.0,0.91308,0.91308,0.0,-99999.0,21.645,21.374,16.54,-991.25,50
2015-10-04 15:31:00,0.0,3.8085,-0.06761,3.7409,0.0,15.03,13.742,24.219,0.00338,271.47,0.0,271.94,0.0,0.91768,0.91768,0.0,-99999.0,21.65,21.371,16.615,-1109.8,50
2015-10-04 15:32:00,0.0,3.786,-0.2479,3.5381,0.0,15.024,13.741,24.214,0.00338,272.24,0.0,272.71,0.0,0.92027,0.92027,0.0,-99999.0,21.646,21.384,16.676,-468.78,50
2015-10-04 15:33:00,0.0,3.8086,-0.22536,3.5832,0.0,15.097,13.741,24.205,0.00338,272.22,0.0,272.68,0.0,0.92018,0.92018,0.0,-99999.0,21.64,21.391,16.773,-603.93,50
2015-10-04 15:34:00,0.0,3.7634,0.0,3.7634,0.0,15.099,13.741,24.205,0.00338,271.66,0.0,272.13,0.0,0.91834,0.91834,0.0,-99999.0,21.641,21.409,16.811,-932.16,50
2015-10-04 15:35:00,0.0,3.8086,-0.13522,3.6734,0.0,15.106,13.741,24.205,0.00338,270.19,0.0,270.63,0.0,0.91335,0.91335,0.0,-99999.0,21.65,21.43,16.831,-856.72,50
2015-10-04 15:36:00,0.0,3.8085,-0.2479,3.5606,0.0,15.114,13.741,24.203,0.00338,268.52,0.0,268.87,0.0,0.90771,0.90771,0.0,-99999.0,21.657,21.437,16.804,-672.08,50
2015-10-04 15:37:00,0.0,3.8086,-0.22536,3.5832,0.0,15.088,13.741,24.193,0.00338,267.73,0.0,268.05,0.0,0.90506,0.90506,0.0,-99999.0,21.65,21.425,16.746,-588.66,50
2015-10-04 15:38:00,0.0,3.786,-0.0901499999999999,3.6959,0.0,15.102,13.741,24.191,0.00338,266.99,0.0,267.26,0.0,0.90253,0.90253,0.0,-99999.0,21.642,21.417,16.728,-556.35,50
2015-10-04 15:39:00,0.0,3.7635,-0.15775,3.6057,0.0,15.07,13.741,24.191,0.00338,266.41,0.0,266.65,0.0,0.90056,0.90056,0.0,-99999.0,21.639,21.399,16.7,-618.46,50
2015-10-04 15:40:00,0.0,3.7635,-0.18029,3.5832,0.0,15.105,13.741,24.191,0.00338,266.54,0.0,266.78,0.0,0.90101,0.90101,0.0,-99999.0,21.628,21.365,16.682,-656.45,50
2015-10-04 15:41:00,0.0,3.8311,-0.13522,3.6959,0.0,15.121,13.741,24.18,0.00338,267.56,0.0,267.86,0.0,0.90446,0.90446,0.0,-99999.0,21.628,21.334,16.692,-726.36,50
2015-10-04 15:42:00,0.0,3.7635,-0.20283,3.5606,0.0,15.145,13.741,24.178,0.00338,269.14,0.0,269.52,0.0,0.90981,0.90981,0.0,-99999.0,21.715,21.434,16.708,-598.39,50
2015-10-04 15:43:00,0.0,3.8312,-0.11268,3.7185,0.0,15.134,13.741,24.178,0.00338,270.73,0.0,271.18,0.0,0.91518,0.91518,0.0,-99999.0,21.863,21.596,16.774,-823.6699999999998,50
2015-10-04 15:44:00,0.0,3.7636,-0.18029,3.5833,0.0,15.123,13.741,24.174,0.00338,271.67,0.0,272.13,0.0,0.91839,0.91839,0.0,-99999.0,21.997,21.78,16.839,-680.84,50
2015-10-04 15:45:00,0.0,3.786,-0.15776,3.6283,0.0,15.086,13.742,24.165,0.00338,272.67,0.0,273.15,0.0,0.92174,0.92174,0.0,-99999.0,22.047,21.849,16.895,-623.97,50
2015-10-04 15:46:00,0.0,3.7861,-0.13522,3.6509,0.0,15.049,13.742,24.164,0.00338,273.66,0.0,274.16,0.0,0.92509,0.92509,0.0,-99999.0,22.041,21.85,16.972,-802.69,50
2015-10-04 15:47:00,0.0,3.8311,-0.22536,3.6058,0.0,15.143,13.741,24.164,0.00338,273.71,0.0,274.21,0.0,0.92526,0.92526,0.0,-99999.0,22.022,21.839,17.07,-655.79,50
2015-10-04 15:48:00,0.0,3.8312,-0.02254,3.8087,0.0,15.187,13.742,24.164,0.00338,272.87,0.0,273.36,0.0,0.92241,0.92241,0.0,-99999.0,22.0,21.816,17.106,-945.34,50
2015-10-04 15:49:00,0.0,3.8537,-0.20283,3.6509,0.0,15.208,13.741,24.164,0.00338,272.07,0.0,272.55,0.0,0.91972,0.91972,0.0,-99999.0,21.975,21.787,17.158,-582.25,50
2015-10-04 15:50:00,0.0,3.8086,-0.27044,3.5381,0.0,15.233,13.741,24.164,0.00338,271.7,0.0,272.19,0.0,0.91846,0.91846,0.0,-99999.0,21.953,21.762,17.244,-399.86,50
2015-10-04 15:51:00,0.0,3.8086,-0.18029,3.6283,0.0,15.213,13.741,24.164,0.00338,271.66,0.0,272.12,0.0,0.91834,0.91834,0.0,-99999.0,21.94,21.748,17.257,-699.81,50
2015-10-04 15:52:00,0.0,3.8312,-0.0901399999999999,3.7411,0.0,15.087,13.742,24.157,0.00338,271.77,0.0,272.22,0.0,0.9187,0.9187,0.0,-99999.0,21.911,21.72,17.218,-596.06,50
2015-10-04 15:53:00,0.0,3.8086,-0.20283,3.6057,0.0,15.094,13.741,24.157,0.00338,272.08,0.0,272.56,0.0,0.91977,0.91977,0.0,-99999.0,21.904,21.698,17.191,-720.54,50
2015-10-04 15:54:00,0.0,3.8312,-0.2253699999999999,3.6058,0.0,15.107,13.742,24.151,0.00338,272.78,0.0,273.28,0.0,0.92212,0.92212,0.0,-99999.0,21.882,21.671,17.181,-774.62,50
2015-10-04 15:55:00,0.0,3.8087,-0.18029,3.6284,0.0,15.146,13.742,24.15,0.00338,273.71,0.0,274.23,0.0,0.92529,0.92529,0.0,-99999.0,21.87,21.663,17.269,-660.66,50
2015-10-04 15:56:00,0.0,3.8087,-0.18029,3.6284,0.0,15.183,13.742,24.15,0.00338,273.96,0.0,274.5,0.0,0.92613,0.92613,0.0,-99999.0,21.866,21.66,17.318,-724.2,50
2015-10-04 15:57:00,0.0,3.8087,-0.1352299999999999,3.6735,0.0,15.172,13.742,24.15,0.00338,273.98,0.0,274.51,0.0,0.92619,0.92619,0.0,-99999.0,21.864,21.653,17.373,-772.6699999999998,50
2015-10-04 15:58:00,0.0,3.8313,-0.13522,3.696,0.0,15.126,13.742,24.15,0.00338,272.52,0.0,273.01,0.0,0.92127,0.92127,0.0,-99999.0,21.862,21.652,17.405,-792.35,50
2015-10-04 15:59:00,0.0,3.8087,-0.15776,3.6509,0.0,15.168,13.742,24.15,0.00338,267.03,0.0,267.34,0.0,0.90266,0.90266,0.0,-99999.0,21.853,21.652,17.436,-565.25,50
2015-10-04 16:00:00,0.0,3.741,-0.1802999999999999,3.5607,0.0,15.221,13.742,24.15,0.00338,260.52,0.0,260.44,0.0,0.8807,0.8807,0.0,-99999.0,21.836,21.651,17.329,-791.9199999999998,50
2015-10-04 16:01:00,0.0,3.8086,-0.13522,3.6734,0.0,15.196,13.742,24.15,0.00338,258.22,0.0,257.97,0.0,0.87292,0.87292,0.0,-99999.0,21.833,21.654,17.175,-776.71,50
2015-10-04 16:02:00,0.0,3.8312,-0.27045,3.5608,0.0,15.188,13.742,24.15,0.00338,257.43,0.0,257.1,0.0,0.87024,0.87024,0.0,-99999.0,21.836,21.665,17.044,-446.08,50
2015-10-04 16:03:00,0.0,3.8312,-0.13522,3.696,0.0,15.183,13.741,24.15,0.00338,259.45,0.0,259.27,0.0,0.8770799999999999,0.8770799999999999,0.0,-99999.0,21.845,21.673,16.919,-773.5399999999998,50
2015-10-04 16:04:00,0.0,3.8087,-0.22538,3.5833,0.0,15.166,13.743,24.146,0.00352,265.0,0.0,265.14,0.0,0.933,0.933,0.0,-99999.0,21.844,21.679,16.865,-674.55,50
2015-10-04 16:05:00,0.0,3.8313,-0.18029,3.651,0.0,15.147,13.743,24.143,0.00338,271.68,0.0,272.1,0.0,0.91843,0.91843,0.0,-99999.0,21.839,21.683,16.867,-861.45,50
2015-10-04 16:06:00,0.0,3.7862,-0.15776,3.6284,0.0,15.101,13.742,24.139,0.00338,276.17,0.0,276.67,0.0,0.9336,0.9336,0.0,-99999.0,21.876,21.727,16.95,-725.32,50
2015-10-04 16:07:00,0.0,3.7862,-0.2028399999999999,3.5833,0.0,15.072,13.743,24.141,0.00338,279.77,0.0,280.32,0.0,0.94574,0.94574,0.0,-99999.0,21.96,21.843,17.08,-640.08,50
2015-10-04 16:08:00,0.0,3.7861,-0.13522,3.6509,0.0,15.076,13.742,24.138,0.00338,287.24,0.0,287.85,0.0,0.97102,0.97102,0.0,-99999.0,22.091,21.964,17.458,-695.78,50
2015-10-04 16:09:00,0.0,3.8312,-0.2253699999999999,3.6059,0.0,15.125,13.743,24.138,0.00338,285.1,0.0,285.76,0.0,0.96378,0.96378,0.0,-99999.0,22.241,22.128,17.865,-756.52,50
2015-10-04 16:10:00,0.0,3.7862,-0.20283,3.5834,0.0,15.232,13.743,24.141,0.00338,286.41,0.0,287.1,0.0,0.96822,0.96822,0.0,-99999.0,22.287,22.179,18.307,-509.73,50
2015-10-04 16:11:00,0.0,3.7861,-0.18029,3.6058,0.0,15.331,13.743,24.14,0.00338,285.84,0.0,286.54,0.0,0.96631,0.96631,0.0,-99999.0,22.266,22.154,18.659,-835.74,50
2015-10-04 16:12:00,0.0,3.7636,-0.13522,3.6284,0.0,15.341,13.742,24.147,0.00338,285.72,0.0,286.42,0.0,0.96589,0.96589,0.0,-99999.0,22.23,22.117,18.953,-705.05,50
2015-10-04 16:13:00,0.0,3.7636,-0.15776,3.6059,0.0,15.313,13.743,24.15,0.00338,284.86,0.0,285.6,0.0,0.96301,0.96301,0.0,-99999.0,22.189,22.067,19.227,-827.95,50
2015-10-04 16:14:00,0.0,3.8087,0.0,3.8087,0.0,15.406,13.743,24.15,0.00338,284.34,0.0,285.07,0.0,0.96123,0.96123,0.0,-99999.0,22.149,22.015,19.487,-990.99,50
2015-10-04 16:15:00,0.0,3.8313,-0.15776,3.6735,0.0,15.414,13.742,24.15,0.00338,284.36,0.0,285.09,0.0,0.96128,0.96128,0.0,-99999.0,22.112,21.97,19.574,-775.2,50
2015-10-04 16:16:00,0.0,3.8312,-0.2028399999999999,3.6283,0.0,15.382,13.742,24.15,0.00338,284.28,0.0,285.02,0.0,0.96103,0.96103,0.0,-99999.0,22.073,21.927,19.69,-610.88,50
2015-10-04 16:17:00,0.0,3.7636,-0.1802999999999999,3.5833,0.0,15.353,13.743,24.15,0.00338,283.76,0.0,284.5,0.0,0.95928,0.95928,0.0,-99999.0,22.028,21.882,19.774,-559.18,50
2015-10-04 16:18:00,0.0,3.8312,-0.18029,3.6509,0.0,15.352,13.741,24.155,0.00338,282.84,0.0,283.57,0.0,0.95617,0.95617,0.0,-99999.0,21.993,21.848,19.885,-813.09,50
2015-10-04 16:19:00,0.0,3.8312,-0.13522,3.696,0.0,15.388,13.742,24.161,0.00338,281.59,0.0,282.31,0.0,0.95192,0.95192,0.0,-99999.0,21.975,21.825,19.95,-750.1599999999999,50
2015-10-04 16:20:00,0.0,3.7862,-0.29298,3.4932,0.0,15.362,13.742,24.164,0.00338,280.14,0.0,280.83,0.0,0.94698,0.94698,0.0,-99999.0,21.97,21.814,19.856,-535.96,50
2015-10-04 16:21:00,0.0,3.8087,-0.15776,3.6509,0.0,15.245,13.742,24.164,0.00338,279.63,0.0,280.3,0.0,0.9453,0.9453,0.0,-99999.0,21.973,21.807,19.72,-662.2,50
2015-10-04 16:22:00,0.0,3.8086,-0.13522,3.6734,0.0,15.227,13.741,24.164,0.00338,280.15,0.0,280.8,0.0,0.94707,0.94707,0.0,-99999.0,21.973,21.807,19.633,-831.61,50
2015-10-04 16:23:00,0.0,3.7636,-0.20283,3.5607,0.0,15.368,13.741,24.164,0.00338,281.17,0.0,281.87,0.0,0.95048,0.95048,0.0,-99999.0,21.972,21.809,19.664,-678.29,50
2015-10-04 16:24:00,0.0,3.7862,-0.13522,3.651,0.0,15.44,13.741,24.165,0.00338,280.55,0.0,281.23,0.0,0.9484,0.9484,0.0,-99999.0,21.969,21.804,19.652,-624.2,50
2015-10-04 16:25:00,0.0,3.8538,-0.2253699999999999,3.6284,0.0,15.422,13.741,24.172,0.00338,276.61,0.0,277.21,0.0,0.93507,0.93507,0.0,-99999.0,21.972,21.802,19.473,-400.74,50
2015-10-04 16:26:00,0.0,3.7861,-0.2479099999999999,3.5382,0.0,15.359,13.741,24.178,0.00338,271.44,0.0,271.94,0.0,0.91759,0.91759,0.0,-99999.0,21.954,21.786,19.09,-687.4,50
2015-10-04 16:27:00,0.0,3.8312,-0.33805,3.4931,0.0,15.325,13.741,24.178,0.00338,268.18,0.0,268.61,0.0,0.90656,0.90656,0.0,-99999.0,21.915,21.759,18.706,-373.11,50
2015-10-04 16:28:00,0.0,3.7862,-0.15775,3.6284,0.0,15.32,13.741,24.178,0.00338,266.87,0.0,267.25,0.0,0.90215,0.90215,0.0,-99999.0,21.883,21.726,18.445,-723.39,50
2015-10-04 16:29:00,0.0,3.7861,-0.20283,3.5833,0.0,15.407,13.741,24.179,0.00338,265.5,0.0,265.82,0.0,0.8975199999999999,0.8975199999999999,0.0,-99999.0,21.865,21.711,18.228,-576.23,50
2015-10-04 16:30:00,0.0,3.7861,-0.11268,3.6734,0.0,15.386,13.742,24.178,0.00338,264.67,0.0,264.94,0.0,0.8947,0.8947,0.0,-99999.0,21.87,21.712,18.0,-701.57,50
2015-10-04 16:31:00,0.0,3.7861,-0.20283,3.5833,0.0,15.304,13.742,24.181,0.00338,262.52,0.0,262.63,0.0,0.8874699999999999,0.8874699999999999,0.0,-99999.0,21.876,21.712,17.762,-802.71,50
2015-10-04 16:32:00,0.0,3.7862,-0.18029,3.6059,0.0,15.289,13.741,24.188,0.00338,259.55,0.0,259.44,0.0,0.87739,0.87739,0.0,-99999.0,21.877,21.711,17.536,-439.76,50
2015-10-04 16:33:00,0.0,3.8087,-0.22536,3.5834,0.0,15.182,13.741,24.191,0.00338,259.0,0.0,258.89,0.0,0.87555,0.87555,0.0,-99999.0,21.872,21.7,17.333,-581.3,50
2015-10-04 16:34:00,0.0,3.7862,-0.13522,3.6509,0.0,15.192,13.741,24.191,0.00338,259.95,0.0,259.9,0.0,0.87877,0.87877,0.0,-99999.0,21.858,21.68,17.212,-637.7,50
2015-10-04 16:35:00,0.0,3.8312,-0.20283,3.6284,0.0,15.259,13.741,24.191,0.00338,259.91,0.0,259.87,0.0,0.8786,0.8786,0.0,-99999.0,21.849,21.664,17.136,-739.2999999999998,50
2015-10-04 16:36:00,0.0,3.8537,-0.20283,3.6509,0.0,15.258,13.741,24.191,0.00338,259.1,0.0,258.99,0.0,0.87587,0.87587,0.0,-99999.0,21.845,21.667,17.021,-721.47,50
2015-10-04 16:37:00,0.0,3.8312,-0.18029,3.6509,0.0,15.214,13.741,24.191,0.00338,258.44,0.0,258.27,0.0,0.8736599999999999,0.8736599999999999,0.0,-99999.0,21.84,21.667,16.897,-756.94,50
2015-10-04 16:38:00,0.0,3.8087,-0.15776,3.6509,0.0,15.093,13.741,24.191,0.00338,258.84,0.0,258.69,0.0,0.875,0.875,0.0,-99999.0,21.834,21.665,16.785,-794.61,50
2015-10-04 16:39:00,0.0,3.8086,-0.27044,3.5382,0.0,15.031,13.741,24.191,0.00338,260.1,0.0,260.0,0.0,0.87926,0.87926,0.0,-99999.0,21.83,21.659,16.697,-448.76,50
2015-10-04 16:40:00,0.0,3.8086,-0.15775,3.6508,0.0,15.077,13.742,24.191,0.00338,259.52,0.0,259.39,0.0,0.87728,0.87728,0.0,-99999.0,21.825,21.655,16.637,-520.48,50
2015-10-04 16:41:00,0.0,3.8537,-0.20283,3.6509,0.0,15.082,13.741,24.193,0.00338,258.23,0.0,258.03,0.0,0.87295,0.87295,0.0,-99999.0,21.812,21.645,16.558,-666.44,50
2015-10-04 16:42:00,0.0,3.7635,-0.15776,3.6058,0.0,15.141,13.742,24.197,0.00338,257.49,0.0,257.23,0.0,0.8704199999999999,0.8704199999999999,0.0,-99999.0,21.812,21.642,16.48,-595.14,50
2015-10-04 16:43:00,0.0,3.8312,-0.18029,3.6509,0.0,15.216,13.741,24.198,0.00338,255.66,0.0,255.3,0.0,0.86424,0.86424,0.0,-99999.0,21.815,21.634,16.387,-581.6,50
2015-10-04 16:44:00,0.0,3.7861,-0.18029,3.6058,0.0,15.212,13.742,24.204,0.00338,254.73,0.0,254.26,0.0,0.8610799999999998,0.8610799999999998,0.0,-99999.0,21.822,21.641,16.307,-662.71,50
2015-10-04 16:45:00,0.0,3.7635,-0.15775,3.6058,0.0,15.145,13.742,24.205,0.00338,254.98,0.0,254.51,0.0,0.8619499999999999,0.8619499999999999,0.0,-99999.0,21.824,21.648,16.205,-606.46,50
2015-10-04 16:46:00,0.0,3.8537,-0.22536,3.6283,0.0,15.118,13.741,24.205,0.00338,254.63,0.0,254.11,0.0,0.86077,0.86077,0.0,-99999.0,21.832,21.657,16.125,-762.85,50
2015-10-04 16:47:00,0.0,3.7861,-0.22536,3.5607,0.0,15.024,13.742,24.205,0.00338,252.45,0.0,251.77,0.0,0.85341,0.85341,0.0,-99999.0,21.839,21.658,16.048,-800.96,50
2015-10-04 16:48:00,0.0,3.8087,-0.11268,3.696,0.0,14.974,13.741,24.205,0.00338,249.18,0.0,248.23,0.0,0.84233,0.84233,0.0,-99999.0,21.838,21.658,16.005,-803.0,50
2015-10-04 16:49:00,0.0,3.8311,-0.20283,3.6283,0.0,14.956,13.742,24.204,0.00338,245.43,0.0,244.16,0.0,0.82966,0.82966,0.0,-99999.0,21.838,21.663,15.937,-575.28,50
2015-10-04 16:50:00,0.0,3.7861,-0.15775,3.6284,0.0,14.962,13.742,24.205,0.00338,242.31,0.0,240.75,0.0,0.81913,0.81913,0.0,-99999.0,21.839,21.668,15.875,-681.52,50
2015-10-04 16:51:00,0.0,3.7861,-0.29298,3.4931,0.0,14.957,13.741,24.205,0.00338,241.61,0.0,240.03,0.0,0.81679,0.81679,0.0,-99999.0,21.84,21.672,15.823,-574.88,50
2015-10-04 16:52:00,0.0,3.786,-0.18029,3.6057,0.0,14.933,13.741,24.209,0.00338,241.66,0.0,240.06,0.0,0.8168999999999998,0.8168999999999998,0.0,-99999.0,21.844,21.673,15.776,-718.09,50
2015-10-04 16:53:00,0.0,3.8086,-0.15776,3.6509,0.0,14.968,13.741,24.211,0.00338,241.64,0.0,240.02,0.0,0.81683,0.81683,0.0,-99999.0,21.845,21.673,15.743,-600.67,50
2015-10-04 16:54:00,0.0,3.7861,-0.2253699999999999,3.5607,0.0,14.998,13.742,24.218,0.00338,240.62,0.0,238.92,0.0,0.8134,0.8134,0.0,-99999.0,21.854,21.678,15.719,-487.1,50
2015-10-04 16:55:00,0.0,3.786,-0.22536,3.5607,0.0,15.027,13.741,24.219,0.00338,239.03,0.0,237.21,0.0,0.8080199999999998,0.8080199999999998,0.0,-99999.0,21.859,21.674,15.669,-338.72,50
2015-10-04 16:56:00,0.0,3.7635,-0.11268,3.6508,0.0,15.045,13.741,24.218,0.00338,238.56,0.0,236.68,0.0,0.8064299999999999,0.8064299999999999,0.0,-99999.0,21.864,21.67,15.621,-583.19,50
2015-10-04 16:57:00,0.0,3.7862,-0.02254,3.7636,0.0,15.062,13.742,24.219,0.00338,240.02,0.0,238.28,0.0,0.81135,0.81135,0.0,-99999.0,21.868,21.68,15.58,-1043.8,50
2015-10-04 16:58:00,0.0,3.7184,-0.0450699999999999,3.6734,0.0,15.072,13.741,24.219,0.00338,241.0,0.0,239.34,0.0,0.8146799999999998,0.8146799999999998,0.0,-99999.0,21.872,21.689,15.53,-864.96,50
2015-10-04 16:59:00,0.0,3.786,-0.20282,3.5832,0.0,15.103,13.742,24.219,0.00338,241.25,0.0,239.57,0.0,0.8155,0.8155,0.0,-99999.0,21.87,21.693,15.499,-513.98,50
2015-10-04 17:00:00,0.0,3.7635,-0.22536,3.5382,0.0,15.027,13.74,24.219,0.00352,241.8,0.0,240.2,0.0,0.8514899999999999,0.8514899999999999,0.0,-99999.0,21.865,21.688,15.47,-600.47,50
2015-10-04 17:01:00,0.0,3.8086,-0.13522,3.6734,0.0,15.026,13.741,24.219,0.00338,242.6,0.0,241.07,0.0,0.8200699999999999,0.8200699999999999,0.0,-99999.0,21.858,21.687,15.457,-821.0499999999998,50
2015-10-04 17:02:00,0.0,3.8085,-0.11268,3.6959,0.0,15.018,13.742,24.219,0.00338,242.63,0.0,241.09,0.0,0.82018,0.82018,0.0,-99999.0,21.849,21.678,15.44,-405.2,50
2015-10-04 17:03:00,0.0,3.7635,-0.20283,3.5606,0.0,14.988,13.741,24.219,0.00338,240.93,0.0,239.24,0.0,0.81445,0.81445,0.0,-99999.0,21.838,21.666,15.424,-748.73,50
2015-10-04 17:04:00,0.0,3.8086,-0.18029,3.6284,0.0,14.954,13.741,24.219,0.00338,238.16,0.0,236.19,0.0,0.80508,0.80508,0.0,-99999.0,21.828,21.65,15.402,-665.84,50
2015-10-04 17:05:00,0.0,3.7635,-0.11268,3.6508,0.0,14.945,13.74,24.224,0.00338,235.53,0.0,233.32,0.0,0.79619,0.79619,0.0,-99999.0,21.826,21.643,15.391,-738.72,50
2015-10-04 17:06:00,0.0,3.7635,-0.15775,3.6057,0.0,14.948,13.741,24.226,0.00338,233.3,0.0,230.87,0.0,0.78866,0.78866,0.0,-99999.0,21.834,21.645,15.369,-261.13,50
2015-10-04 17:07:00,0.0,3.741,-0.0901399999999999,3.6509,0.0,14.973,13.741,24.226,0.00338,231.14,0.0,228.5,0.0,0.78134,0.78134,0.0,-99999.0,21.836,21.652,15.343,-674.07,50
2015-10-04 17:08:00,0.0,3.7409,-0.18029,3.5606,0.0,14.994,13.741,24.231,0.00338,229.31,0.0,226.55,0.0,0.77514,0.77514,0.0,-99999.0,21.836,21.656,15.328,-522.47,50
2015-10-04 17:09:00,0.0,3.8085,-0.18029,3.6282,0.0,14.976,13.741,24.233,0.00338,228.51,0.0,225.71,0.0,0.77244,0.77244,0.0,-99999.0,21.839,21.659,15.287,-522.56,50
2015-10-04 17:10:00,0.0,3.7861,-0.18029,3.6058,0.0,14.966,13.741,24.233,0.00338,228.1,0.0,225.29,0.0,0.77109,0.77109,0.0,-99999.0,21.828,21.647,15.252,-390.03,50
2015-10-04 17:11:00,0.0,3.7861,-0.0450699999999999,3.741,0.0,14.936,13.74,24.233,0.00338,226.51,0.0,223.61,0.0,0.7656899999999999,0.7656899999999999,0.0,-99999.0,21.808,21.627,15.204,-909.8900000000002,50
2015-10-04 17:12:00,0.0,3.6959,-0.02254,3.6733,0.0,14.937,13.741,24.233,0.00338,223.39,0.0,220.4,0.0,0.75514,0.75514,0.0,-99999.0,21.786,21.604,15.18,-1033.7,50
2015-10-04 17:13:00,0.0,3.7635,-0.15775,3.6058,0.0,14.943,13.742,24.233,0.00366,220.28,0.0,217.16,0.0,0.8067199999999999,0.8067199999999999,0.0,-99999.0,21.772,21.583,15.154,-438.01,50
2015-10-04 17:14:00,0.0,3.8311,-0.22536,3.6057,0.0,14.943,13.741,24.233,0.00338,218.02,0.0,214.79,0.0,0.73699,0.73699,0.0,-99999.0,21.767,21.573,15.131,-544.39,50
2015-10-04 17:15:00,0.0,3.7861,-0.15776,3.6283,0.0,14.973,13.741,24.233,0.00338,216.39,0.0,213.11,0.0,0.73146,0.73146,0.0,-99999.0,21.758,21.564,15.107,-740.9,50
2015-10-04 17:16:00,0.0,3.786,-0.20283,3.5832,0.0,14.977,13.741,24.233,0.00338,212.32,0.0,208.89,0.0,0.71774,0.71774,0.0,-99999.0,21.749,21.557,15.08,-166.1,50
2015-10-04 17:17:00,0.0,3.8311,-0.11268,3.7184,0.0,14.963,13.741,24.233,0.00352,207.58,0.0,203.89,0.0,0.73077,0.73077,0.0,-99999.0,21.74,21.552,15.044,-787.69,50
2015-10-04 17:18:00,0.0,3.786,-0.15775,3.6282,0.0,14.934,13.74,24.233,0.00352,206.05,0.0,202.28,0.0,0.7255399999999999,0.7255399999999999,0.0,-99999.0,21.72,21.54,14.994,-495.44,50
2015-10-04 17:19:00,0.0,3.7635,-0.11268,3.6508,0.0,14.918,13.74,24.233,0.00338,205.76,0.0,201.97,0.0,0.69554,0.69554,0.0,-99999.0,21.693,21.515,14.966,-989.9,50
2015-10-04 17:20:00,0.0,3.8311,-0.13522,3.6959,0.0,14.943,13.741,24.233,0.00338,204.11,0.0,200.24,0.0,0.68998,0.68998,0.0,-99999.0,21.669,21.493,14.953,-512.42,50
2015-10-04 17:21:00,0.0,3.831,-0.18029,3.6508,0.0,14.938,13.741,24.234,0.00338,200.63,0.0,196.5,0.0,0.6782099999999999,0.6782099999999999,0.0,-99999.0,21.664,21.476,14.938,-590.07,50
2015-10-04 17:22:00,0.0,3.786,-0.11268,3.6733,0.0,14.886,13.74,24.233,0.00352,196.5,0.0,192.22,0.0,0.6919899999999999,0.6919899999999999,0.0,-99999.0,21.663,21.467,14.893,-770.45,50
2015-10-04 17:23:00,0.0,3.8086,-0.18029,3.6283,0.0,14.871,13.741,24.233,0.00366,192.79,0.0,188.32,0.0,0.70567,0.70567,0.0,-99999.0,21.657,21.462,14.873,-643.34,50
2015-10-04 17:24:00,0.0,3.7184,-0.15775,3.5607,0.0,14.944,13.741,24.233,0.00352,189.27,0.0,184.62,0.0,0.6662299999999999,0.6662299999999999,0.0,-99999.0,21.66,21.466,14.861,-458.37,50
2015-10-04 17:25:00,0.0,3.7861,-0.11268,3.6734,0.0,14.924,13.741,24.233,0.00338,185.25,0.0,180.41,0.0,0.62621,0.62621,0.0,-99999.0,21.673,21.479,14.839,-533.95,50
2015-10-04 17:26:00,0.0,3.8085,-0.15775,3.6508,0.0,14.898,13.74,24.234,0.00366,181.1,0.0,176.08,0.0,0.66327,0.66327,0.0,-99999.0,21.684,21.485,14.818,-464.22,50
2015-10-04 17:27:00,0.0,3.8536,-0.22536,3.6282,0.0,14.864,13.741,24.234,0.0039399999999999,177.94,0.0,172.79,0.0,0.7014799999999999,0.7014799999999999,0.0,-99999.0,21.696,21.49,14.799,-603.67,50
2015-10-04 17:28:00,0.0,3.8536,-0.15775,3.6959,0.0,14.817,13.74,24.235,0.0038,175.97,0.0,170.76,0.0,0.6690599999999999,0.6690599999999999,0.0,-99999.0,21.704,21.497,14.779,-283.36,50
2015-10-04 17:29:00,0.0,3.8311,-0.20283,3.6282,0.0,14.824,13.741,24.233,0.00352,174.2,0.0,168.88,0.0,0.6133199999999999,0.6133199999999999,0.0,-99999.0,21.715,21.506,14.765,-666.01,50
2015-10-04 17:30:00,0.0,3.7634,-0.18029,3.5831,0.0,14.826,13.741,24.233,0.0038,171.63,0.0,166.29,0.0,0.6527199999999999,0.6527199999999999,0.0,-99999.0,21.723,21.518,14.751,-531.52,50
2015-10-04 17:31:00,0.0,3.7635,-0.18029,3.5832,0.0,14.85,13.741,24.233,0.00352,167.73,0.0,162.25,0.0,0.59086,0.59086,0.0,-99999.0,21.732,21.53,14.733,-462.56,50
2015-10-04 17:32:00,0.0,3.8536,-0.15775,3.6958,0.0,14.875,13.74,24.233,0.0039399999999999,162.49,0.0,156.88,0.0,0.64021,0.64021,0.0,-99999.0,21.733,21.539,14.707,-525.89,50
2015-10-04 17:33:00,0.0,3.7634,-0.18029,3.5831,0.0,14.85,13.741,24.233,0.00408,156.67,0.0,150.93,0.0,0.64039,0.64039,0.0,-99999.0,21.737,21.548,14.68,-743.3099999999998,50
2015-10-04 17:34:00,0.0,3.7409,-0.15775,3.5832,0.0,14.849,13.74,24.233,0.00366,150.86,0.0,145.08,0.0,0.55225,0.55225,0.0,-99999.0,21.74,21.536,14.658,-480.83,50
2015-10-04 17:35:00,0.0,3.741,-0.20282,3.5381,0.0,14.867,13.741,24.235,0.00451,146.11,0.0,140.31,0.0,0.6579099999999999,0.6579099999999999,0.0,-99999.0,21.737,21.536,14.65,-513.05,50
2015-10-04 17:36:00,0.0,3.8085,-0.18029,3.6282,0.0,14.845,13.74,24.233,0.0043699999999999,142.07,0.0,136.29,0.0,0.62077,0.62077,0.0,-99999.0,21.735,21.537,14.64,-456.36,50
2015-10-04 17:37:00,0.0,3.7635,-0.18029,3.5832,0.0,14.821,13.741,24.233,0.00408,138.48,0.0,132.73,0.0,0.56566,0.56566,0.0,-99999.0,21.738,21.548,14.633,-382.51,50
2015-10-04 17:38:00,0.0,3.7635,-0.15775,3.6057,0.0,14.756,13.74,24.232,0.00408,135.59,0.0,129.87,0.0,0.5539,0.5539,0.0,-99999.0,21.733,21.549,14.621,-425.53,50
2015-10-04 17:39:00,0.0,3.786,-0.15775,3.6282,0.0,14.764,13.74,24.233,0.00479,132.99,0.0,127.29,0.0,0.6364199999999999,0.6364199999999999,0.0,-99999.0,21.731,21.546,14.615,-339.38,50
2015-10-04 17:40:00,0.0,3.786,-0.13522,3.6508,0.0,14.771,13.741,24.233,0.00479,129.46,0.0,123.82,0.0,0.6195899999999999,0.6195899999999999,0.0,-99999.0,21.718,21.538,14.604,-622.08,50
2015-10-04 17:41:00,0.0,3.8086,-0.24789,3.5607,0.0,14.751,13.74,24.233,0.00479,124.16,0.0,118.64,0.0,0.59469,0.59469,0.0,-99999.0,21.713,21.532,14.596,-456.87,50
2015-10-04 17:42:00,0.0,3.786,-0.24789,3.5381,0.0,14.787,13.741,24.232,0.00493,117.54,0.0,112.15,0.0,0.5791,0.5791,0.0,-99999.0,21.7,21.519,14.591,-563.57,50
2015-10-04 17:43:00,0.0,3.8086,-0.24789,3.5607,0.0,14.803,13.741,24.233,0.00521,110.2,0.0,105.03,0.0,0.5731399999999999,0.5731399999999999,0.0,-99999.0,21.697,21.512,14.586,-363.61,50
2015-10-04 17:44:00,0.0,3.786,-0.22536,3.5607,0.0,14.809,13.74,24.233,0.00549,102.85,0.0,97.98,0.0,0.56396,0.56396,0.0,-99999.0,21.686,21.503,14.571,-414.22,50
2015-10-04 17:45:00,0.0,3.786,-0.13522,3.6508,0.0,14.796,13.741,24.233,0.0059199999999999,95.001,0.0,90.308,0.0,0.56217,0.56217,0.0,-99999.0,21.684,21.499,14.575,-275.81,50
2015-10-04 17:46:00,0.0,3.831,-0.20282,3.6282,0.0,14.826,13.741,24.233,0.0064799999999999,86.402,0.0,81.961,0.0,0.5592099999999999,0.5592099999999999,0.0,-99999.0,21.689,21.496,14.563,-460.34,50
2015-10-04 17:47:00,0.0,3.786,-0.11268,3.6733,0.0,14.83,13.741,24.233,0.00606,78.342,0.0,74.19199999999998,0.0,0.47475,0.47475,0.0,-99999.0,21.693,21.497,14.55,-499.07,50
2015-10-04 17:48:00,0.0,3.786,-0.15775,3.6282,0.0,14.829,13.741,24.233,0.00606,71.745,0.0,67.855,0.0,0.4342699999999999,0.4342699999999999,0.0,-99999.0,21.696,21.49,14.542,-265.82,50
2015-10-04 17:49:00,0.0,3.8085,-0.13522,3.6733,0.0,14.806,13.742,24.233,0.0064799999999999,65.817,0.0,62.118,0.0,0.42595,0.42595,0.0,-99999.0,21.695,21.487,14.523,-273.78,50
2015-10-04 17:50:00,0.0,3.831,-0.15775,3.6733,0.0,14.765,13.741,24.233,0.0064799999999999,59.877,0.0,56.395,0.0,0.38801,0.38801,0.0,-99999.0,21.684,21.482,14.512,-246.22,50
2015-10-04 17:51:00,0.0,3.7634,-0.18029,3.5831,0.0,14.759,13.742,24.233,0.00662,53.769,0.0,50.476,0.0,0.35613,0.35613,0.0,-99999.0,21.672,21.473,14.501,-186.17,50
2015-10-04 17:52:00,0.0,3.786,-0.13522,3.6508,0.0,14.767,13.74,24.233,0.00662,47.595,0.0,44.542,0.0,0.3152499999999999,0.3152499999999999,0.0,-99999.0,21.668,21.464,14.494,-579.47,50
2015-10-04 17:53:00,0.0,3.7635,-0.15775,3.6057,0.0,14.753,13.74,24.233,0.00676,41.792,0.0,38.938,0.0,0.28255,0.28255,0.0,-99999.0,21.666,21.452,14.494,-361.17,50
2015-10-04 17:54:00,0.0,3.831,-0.27044,3.5606,0.0,14.711,13.741,24.233,0.00676,35.695,0.0,33.066,0.0,0.2413299999999999,0.2413299999999999,0.0,-99999.0,21.66,21.443,14.494,-204.7,50
2015-10-04 17:55:00,0.0,3.8085,-0.18029,3.6282,0.0,14.673,13.74,24.233,0.00676,29.452,0.0,27.064,0.0,0.1991199999999999,0.1991199999999999,0.0,-99999.0,21.651,21.434,14.483,-307.68,50
2015-10-04 17:56:00,0.0,3.7184,-0.11268,3.6057,0.0,14.674,13.739,24.233,0.00676,23.634,0.0,21.446,0.0,0.15978,0.15978,0.0,-99999.0,21.649,21.434,14.48,-509.45,50
2015-10-04 17:57:00,0.0,3.8536,-0.22536,3.6283,0.0,14.674,13.738,24.233,0.00676,18.993,0.0,17.06,0.0,0.12841,0.12841,0.0,-99999.0,21.652,21.435,14.476,-523.9,50
2015-10-04 17:58:00,0.0,3.7635,-0.02254,3.7409,0.0,14.763,13.738,24.232,0.00676,16.038,0.0,14.256,0.0,0.10843,0.10843,0.0,-99999.0,21.66,21.442,14.467,-575.46,50
2015-10-04 17:59:00,0.0,3.7859,-0.15775,3.6282,0.0,14.789,13.739,24.233,0.00676,14.087,0.0,12.406,0.0,0.09524,0.09524,0.0,-99999.0,21.675,21.458,14.457,-342.55,50
2015-10-04 18:00:00,0.0,3.786,-0.2479,3.5381,0.0,14.793,13.738,24.233,0.00676,12.398,0.0,10.821,0.0,0.08382,0.08382,0.0,-99999.0,21.686,21.477,14.452,-174.15,50
2015-10-04 18:01:00,0.0,3.7635,-0.11268,3.6508,0.0,14.76,13.738,24.233,0.00676,10.802,0.0,9.3332,0.0,0.0730299999999999,0.0730299999999999,0.0,-99999.0,21.698,21.493,14.442,-276.3,50
2015-10-04 18:02:00,0.0,3.8536,-0.29297,3.5606,0.0,14.746,13.738,24.233,0.00676,9.0561,0.0,7.7079,0.0,0.06123,0.06123,0.0,-99999.0,21.708,21.505,14.444,-253.38,50
2015-10-04 18:03:00,0.0,3.786,-0.29297,3.493,0.0,14.716,13.738,24.233,0.00676,7.2233,0.0,5.9894,0.0,0.04884,0.04884,0.0,-99999.0,21.722,21.518,14.44,38.021,50
2015-10-04 18:04:00,0.0,3.786,-0.15775,3.6282,0.0,14.737,13.738,24.232,0.00676,5.7396,0.0,4.6116,0.0,0.0388,0.0388,0.0,-99999.0,21.734,21.53,14.425,-358.41,50
2015-10-04 18:05:00,0.0,3.7184,-0.11268,3.6057,0.0,14.765,13.738,24.233,0.00676,4.7005,0.0,3.6953,0.0,0.03178,0.03178,0.0,-99999.0,21.746,21.543,14.427,-592.43,50
2015-10-04 18:06:00,0.0,3.786,-0.2479,3.5381,0.0,14.788,13.738,24.233,0.00676,3.9619,0.0,2.9694,0.0,0.02679,0.02679,0.0,-99999.0,21.751,21.549,14.422,181.19,50
2015-10-04 18:07:00,0.0,3.7635,-0.15775,3.6057,0.0,14.818,13.738,24.233,0.00676,3.3524,0.0,2.3937,0.0,0.0226699999999999,0.0226699999999999,0.0,-99999.0,21.752,21.549,14.423,-325.78,50
2015-10-04 18:08:00,0.0,3.8085,-0.20282,3.6057,0.0,14.808,13.738,24.233,0.00676,2.8783,0.0,1.9386,0.0,0.01946,0.01946,0.0,-99999.0,21.75,21.541,14.426,-302.14,50
2015-10-04 18:09:00,0.0,3.831,-0.22536,3.6057,0.0,14.814,13.738,24.233,0.00676,2.5185,0.0,1.6106,0.0,0.01703,0.01703,0.0,-99999.0,21.743,21.536,14.421,-270.02,50
2015-10-04 18:10:00,0.0,3.786,-0.15775,3.6282,0.0,14.773,13.738,24.232,0.00676,2.2751,0.0,1.382,0.0,0.01538,0.01538,0.0,-99999.0,21.735,21.533,14.411,-289.55,50
2015-10-04 18:11:00,0.0,3.7635,-0.13522,3.6283,0.0,14.788,13.739,24.233,0.00676,2.0931,0.0,1.2106,0.0,0.0141499999999999,0.0141499999999999,0.0,-99999.0,21.735,21.534,14.411,-236.48,50
2015-10-04 18:12:00,0.0,3.831,-0.22536,3.6057,0.0,14.764,13.739,24.233,0.00676,1.9767,0.0,1.0984,0.0,0.01336,0.01336,0.0,-99999.0,21.733,21.53,14.403,-378.25,50
2015-10-04 18:13:00,0.0,3.7635,-0.18029,3.5832,0.0,14.799,13.738,24.233,0.00676,1.8815,0.0,1.0138,0.0,0.01272,0.01272,0.0,-99999.0,21.729,21.532,14.398,-413.26,50
2015-10-04 18:14:00,0.0,3.8085,-0.15775,3.6508,0.0,14.797,13.738,24.232,0.00676,1.8159,0.0,0.95237,0.0,0.0122799999999999,0.0122799999999999,0.0,-99999.0,21.724,21.518,14.396,-456.92,50
2015-10-04 18:15:00,0.0,3.8085,-0.20282,3.6057,0.0,14.812,13.737,24.233,0.00676,1.7354,0.0,0.8846399999999999,0.0,0.01173,0.01173,0.0,-99999.0,21.765,21.547,14.402,-298.26,50
2015-10-04 18:16:00,0.0,3.8311,-0.15775,3.6733,0.0,14.824,13.738,24.233,0.00676,1.6762,0.0,0.83598,0.0,0.01133,0.01133,0.0,-99999.0,21.836,21.644,14.418,-315.58,50
2015-10-04 18:17:00,0.0,3.786,-0.15775,3.6282,0.0,14.819,13.738,24.233,0.00676,1.636,0.0,0.78307,0.0,0.01106,0.01106,0.0,-99999.0,21.953,21.777,14.422,-325.97,50
2015-10-04 18:18:00,0.0,3.8085,-0.15775,3.6508,0.0,14.783,13.737,24.233,0.00676,1.6127,0.0,0.7619099999999999,0.0,0.0109,0.0109,0.0,-99999.0,22.05,21.923,14.423,-311.78,50
2015-10-04 18:19:00,0.0,3.8085,-0.20282,3.6057,0.0,14.763,13.738,24.232,0.00676,1.5809,0.0,0.7449599999999998,0.0,0.01069,0.01069,0.0,-99999.0,22.069,21.956,14.431,-23.428,50
2015-10-04 18:20:00,0.0,3.831,-0.18029,3.6508,0.0,14.711,13.737,24.233,0.00676,1.5619,0.0,0.72381,0.0,0.01056,0.01056,0.0,-99999.0,22.047,21.913,14.43,-78.11,50
2015-10-04 18:21:00,0.0,3.786,-0.13522,3.6508,0.0,14.666,13.738,24.233,0.00676,1.5429,0.0,0.71111,0.0,0.01043,0.01043,0.0,-99999.0,22.006,21.854,14.421,-389.07,50
2015-10-04 18:22:00,0.0,3.7861,-0.13522,3.6509,0.0,14.644,13.738,24.233,0.00676,1.5386,0.0,0.70052,0.0,0.0104,0.0104,0.0,-99999.0,21.964,21.795,14.417,-234.59,50
2015-10-04 18:23:00,0.0,3.7635,-0.11268,3.6508,0.0,14.645,13.738,24.232,0.00676,1.5132,0.0,0.6835999999999999,0.0,0.01023,0.01023,0.0,-99999.0,21.92,21.737,14.43,-302.94,50
2015-10-04 18:24:00,0.0,3.7635,-0.13522,3.6282,0.0,14.646,13.738,24.233,0.00676,1.4963,0.0,0.66032,0.0,0.01012,0.01012,0.0,-99999.0,21.884,21.694,14.421,-300.25,50
2015-10-04 18:25:00,0.0,3.8536,-0.27043,3.5832,0.0,14.639,13.738,24.233,0.00676,1.4836,0.0,0.66031,0.0,0.01003,0.01003,0.0,-99999.0,21.848,21.653,14.412,-315.32,50
2015-10-04 18:26:00,0.0,3.786,-0.18029,3.6057,0.0,14.664,13.738,24.233,0.00676,1.5005,0.0,0.6666699999999999,0.0,0.01014,0.01014,0.0,-99999.0,21.826,21.625,14.417,-233.39,50
2015-10-04 18:27:00,0.0,3.8311,-0.24789,3.5832,0.0,14.655,13.738,24.233,0.00676,1.5217,0.0,0.67937,0.0,0.01029,0.01029,0.0,-99999.0,21.815,21.602,14.402,-243.59,50
2015-10-04 18:28:00,0.0,3.8085,-0.11268,3.6958,0.0,14.663,13.738,24.233,0.00676,1.4921,0.0,0.66031,0.0,0.01009,0.01009,0.0,-99999.0,21.808,21.589,14.395,-349.63,50
2015-10-04 18:29:00,0.0,3.786,-0.18029,3.6057,0.0,14.698,13.738,24.233,0.00676,1.473,0.0,0.62856,0.0,0.00996,0.00996,0.0,-99999.0,21.804,21.587,14.386,-267.57,50
2015-10-04 18:30:00,0.0,3.8085,-0.22536,3.5832,0.0,14.708,13.737,24.23,0.00676,1.4603,0.0,0.62433,0.0,0.00987,0.00987,0.0,-99999.0,21.799,21.585,14.38,-149.76,50
2015-10-04 18:31:00,0.0,3.786,-0.11268,3.6733,0.0,14.701,13.737,24.233,0.00676,1.4476,0.0,0.6116399999999999,0.0,0.00979,0.00979,0.0,-99999.0,21.801,21.59,14.379,-453.91,50
2015-10-04 18:32:00,0.0,3.786,-0.20282,3.5831,0.0,14.687,13.738,24.233,0.00676,1.437,0.0,0.60952,0.0,0.0097199999999999,0.0097199999999999,0.0,-99999.0,21.798,21.584,14.378,-371.58,50
2015-10-04 18:33:00,0.0,3.786,-0.15775,3.6282,0.0,14.665,13.737,24.232,0.00676,1.4138,0.0,0.5819999999999999,0.0,0.00956,0.00956,0.0,-99999.0,21.785,21.568,14.377,-376.78,50
2015-10-04 18:34:00,0.0,3.8536,-0.2479,3.6057,0.0,14.668,13.738,24.231,0.00676,1.4117,0.0,0.57354,0.0,0.0095399999999999,0.0095399999999999,0.0,-99999.0,21.772,21.553,14.37,-169.24,50
2015-10-04 18:35:00,0.0,3.7409,-0.13522,3.6057,0.0,14.689,13.738,24.233,0.00676,1.4138,0.0,0.56296,0.0,0.00956,0.00956,0.0,-99999.0,21.756,21.538,14.369,-329.39,50
2015-10-04 18:36:00,0.0,3.786,-0.13522,3.6508,0.0,14.673,13.737,24.233,0.00676,1.4053,0.0,0.57989,0.0,0.0094999999999999,0.0094999999999999,0.0,-99999.0,21.738,21.514,14.372,-349.68,50
2015-10-04 18:37:00,0.0,3.786,-0.22536,3.5606,0.0,14.682,13.737,24.232,0.00676,1.4222,0.0,0.57142,0.0,0.00962,0.00962,0.0,-99999.0,21.707,21.486,14.373,-182.05,50
2015-10-04 18:38:00,0.0,3.786,-0.27043,3.5156,0.0,14.667,13.738,24.233,0.00676,1.4011,0.0,0.57142,0.0,0.0094699999999999,0.0094699999999999,0.0,-99999.0,21.661,21.437,14.384,-145.84,50
2015-10-04 18:39:00,0.0,3.831,-0.18029,3.6508,0.0,14.662,13.738,24.232,0.00676,1.3778,0.0,0.55661,0.0,0.00931,0.00931,0.0,-99999.0,21.687,21.467,14.373,-537.86,50
2015-10-04 18:40:00,0.0,3.7634,-0.20283,3.5606,0.0,14.661,13.738,24.233,0.00676,1.3757,0.0,0.55661,0.0,0.0092999999999999,0.0092999999999999,0.0,-99999.0,21.779,21.557,14.372,-115.82,50
2015-10-04 18:41:00,0.0,3.786,-0.20282,3.5831,0.0,14.669,13.738,24.226,0.00676,1.3757,0.0,0.55449,0.0,0.0092999999999999,0.0092999999999999,0.0,-99999.0,21.866,21.654,14.369,-250.27,50
2015-10-04 18:42:00,0.0,3.831,-0.0901499999999999,3.7409,0.0,14.671,13.738,24.22,0.00676,1.4032,0.0,0.5671899999999999,0.0,0.00949,0.00949,0.0,-99999.0,21.902,21.698,14.362,-374.01,50
2015-10-04 18:43:00,0.0,3.8085,-0.22536,3.5832,0.0,14.665,13.738,24.219,0.00676,1.4328,0.0,0.60528,0.0,0.00969,0.00969,0.0,-99999.0,21.889,21.688,14.363,-70.33,50
2015-10-04 18:44:00,0.0,3.7635,-0.18029,3.5832,0.0,14.655,13.738,24.219,0.00676,1.4624,0.0,0.6200999999999999,0.0,0.0098899999999999,0.0098899999999999,0.0,-99999.0,21.849,21.653,14.359,-407.83,50
2015-10-04 18:45:00,0.0,3.786,-0.2479,3.5381,0.0,14.667,13.738,24.219,0.00676,1.4772,0.0,0.62434,0.0,0.00999,0.00999,0.0,-99999.0,21.806,21.61,14.358,-200.71,50
2015-10-04 18:46:00,0.0,3.831,-0.18029,3.6508,0.0,14.671,13.737,24.218,0.00676,1.4815,0.0,0.66031,0.0,0.0100199999999999,0.0100199999999999,0.0,-99999.0,21.764,21.558,14.358,-130.32,50
2015-10-04 18:47:00,0.0,3.8085,-0.22536,3.5831,0.0,14.654,13.738,24.218,0.00676,1.4942,0.0,0.65608,0.0,0.0101,0.0101,0.0,-99999.0,21.735,21.518,14.359,-104.68,50
2015-10-04 18:48:00,0.0,3.786,0.0450699999999999,3.831,0.0,14.671,13.737,24.219,0.00676,1.4942,0.0,0.66031,0.0,0.0101,0.0101,0.0,-99999.0,21.713,21.489,14.363,-271.5,50
2015-10-04 18:49:00,0.0,3.8085,-0.27043,3.5381,0.0,14.663,13.738,24.218,0.00676,1.4857,0.0,0.65185,0.0,0.01004,0.01004,0.0,-99999.0,21.683,21.459,14.368,-356.12,50
2015-10-04 18:50:00,0.0,3.7635,0.0,3.7635,0.0,14.656,13.736,24.219,0.00676,1.4857,0.0,0.6582,0.0,0.01004,0.01004,0.0,-99999.0,21.653,21.431,14.373,-651.87,50
2015-10-04 18:51:00,0.0,3.831,-0.20282,3.6282,0.0,14.635,13.738,24.218,0.00676,1.5005,0.0,0.65608,0.0,0.01014,0.01014,0.0,-99999.0,21.628,21.408,14.377,-279.58,50
2015-10-04 18:52:00,0.0,3.7635,-0.13522,3.6283,0.0,14.609,13.738,24.209,0.00676,1.509,0.0,0.6624299999999999,0.0,0.0102,0.0102,0.0,-99999.0,21.605,21.388,14.363,-309.22,50
2015-10-04 18:53:00,0.0,3.8086,-0.0450699999999999,3.7635,0.0,14.603,13.738,24.205,0.00676,1.5238,0.0,0.68359,0.0,0.0103,0.0103,0.0,-99999.0,21.588,21.367,14.361,-647.12,50
2015-10-04 18:54:00,0.0,3.8085,-0.3155,3.493,0.0,14.625,13.739,24.205,0.00676,1.5513,0.0,0.71323,0.0,0.0104899999999999,0.0104899999999999,0.0,-99999.0,21.571,21.347,14.361,-81.205,50
2015-10-04 18:55:00,0.0,3.786,-0.20282,3.5832,0.0,14.617,13.737,24.205,0.00676,1.5619,0.0,0.71111,0.0,0.01056,0.01056,0.0,-99999.0,21.557,21.33,14.363,-401.77,50
2015-10-04 18:56:00,0.0,3.8536,-0.36057,3.493,0.0,14.616,13.738,24.203,0.00676,1.564,0.0,0.72169,0.0,0.01057,0.01057,0.0,-99999.0,21.543,21.322,14.36,-127.46,50
2015-10-04 18:57:00,0.0,3.7635,-0.02254,3.741,0.0,14.619,13.737,24.195,0.00676,1.5725,0.0,0.7111,0.0,0.01063,0.01063,0.0,-99999.0,21.525,21.304,14.354,-635.63,50
2015-10-04 18:58:00,0.0,3.786,0.02254,3.8086,0.0,14.637,13.739,24.191,0.00676,1.564,0.0,0.71111,0.0,0.01057,0.01057,0.0,-99999.0,21.513,21.293,14.357,-718.41,50
2015-10-04 18:59:00,0.0,3.8311,-0.2479,3.5832,0.0,14.65,13.738,24.191,0.00676,1.5598,0.0,0.71747,0.0,0.01055,0.01055,0.0,-99999.0,21.511,21.291,14.363,-230.16,50
2015-10-04 19:00:00,0.0,3.8085,-0.31551,3.493,0.0,14.639,13.738,24.191,0.00676,1.5852,0.0,0.7301499999999999,0.0,0.01072,0.01072,0.0,-99999.0,21.508,21.28,14.363,-193.24,50
2015-10-04 19:01:00,0.0,3.8311,-0.29297,3.5381,0.0,14.642,13.739,24.19,0.00676,1.5471,0.0,0.7153399999999999,0.0,0.01046,0.01046,0.0,-99999.0,21.497,21.275,14.363,45.072,50
2015-10-04 19:02:00,0.0,3.7409,-0.18029,3.5606,0.0,14.659,13.739,24.182,0.00676,1.545,0.0,0.68995,0.0,0.0104499999999999,0.0104499999999999,0.0,-99999.0,21.487,21.267,14.354,-144.42,50
2015-10-04 19:03:00,0.0,3.8085,-0.15775,3.6508,0.0,14.64,13.738,24.178,0.00676,1.5407,0.0,0.68994,0.0,0.01042,0.01042,0.0,-99999.0,21.48,21.256,14.342,-331.02,50
2015-10-04 19:04:00,0.0,3.8086,-0.22536,3.5833,0.0,14.629,13.738,24.178,0.00676,1.5323,0.0,0.6984,0.0,0.0103599999999999,0.0103599999999999,0.0,-99999.0,21.469,21.236,14.335,-172.21,50
2015-10-04 19:05:00,0.0,3.786,-0.18029,3.6057,0.0,14.621,13.738,24.177,0.00676,1.5302,0.0,0.68149,0.0,0.01035,0.01035,0.0,-99999.0,21.469,21.24,14.338,-2.2862,50
2015-10-04 19:06:00,0.0,3.8086,-0.22536,3.5832,0.0,14.601,13.739,24.166,0.00676,1.526,0.0,0.6793599999999999,0.0,0.0103199999999999,0.0103199999999999,0.0,-99999.0,21.524,21.295,14.338,-261.13,50
2015-10-04 19:07:00,0.0,3.7635,-0.15775,3.6058,0.0,14.59,13.738,24.164,0.00676,1.5196,0.0,0.67512,0.0,0.01027,0.01027,0.0,-99999.0,21.627,21.394,14.342,-344.23,50
2015-10-04 19:08:00,0.0,3.786,-0.22536,3.5607,0.0,14.598,13.739,24.164,0.00676,1.5175,0.0,0.6603299999999999,0.0,0.01026,0.01026,0.0,-99999.0,21.723,21.508,14.351,-432.92,50
2015-10-04 19:09:00,0.0,3.8086,-0.29297,3.5156,0.0,14.608,13.738,24.164,0.00676,1.5196,0.0,0.6920699999999999,0.0,0.01027,0.01027,0.0,-99999.0,21.767,21.574,14.347,-171.95,50
2015-10-04 19:10:00,0.0,3.6959,-0.0901399999999999,3.6057,0.0,14.603,13.739,24.157,0.00676,1.5323,0.0,0.68572,0.0,0.0103599999999999,0.0103599999999999,0.0,-99999.0,21.756,21.558,14.344,-509.86,50
2015-10-04 19:11:00,0.0,3.7635,-0.13522,3.6283,0.0,14.61,13.739,24.15,0.00676,1.526,0.0,0.67937,0.0,0.0103199999999999,0.0103199999999999,0.0,-99999.0,21.721,21.513,14.334,-537.49,50
2015-10-04 19:12:00,0.0,3.8312,-0.2253699999999999,3.6058,0.0,14.619,13.739,24.15,0.00676,1.5069,0.0,0.66244,0.0,0.0101899999999999,0.0101899999999999,0.0,-99999.0,21.69,21.467,14.336,-168.68,50
2015-10-04 19:13:00,0.0,3.7861,-0.11268,3.6734,0.0,14.628,13.739,24.15,0.00676,1.509,0.0,0.67303,0.0,0.0102,0.0102,0.0,-99999.0,21.662,21.421,14.333,-211.19,50
2015-10-04 19:14:00,0.0,3.7409,-0.0901399999999999,3.6508,0.0,14.638,13.737,24.15,0.00676,1.5069,0.0,0.6603299999999999,0.0,0.0101899999999999,0.0101899999999999,0.0,-99999.0,21.642,21.382,14.328,-636.78,50
2015-10-04 19:15:00,0.0,3.8086,-0.13522,3.6734,0.0,14.625,13.738,24.138,0.00676,1.5302,0.0,0.69842,0.0,0.01035,0.01035,0.0,-99999.0,21.612,21.345,14.32,-470.92,50
2015-10-04 19:16:00,0.0,3.8086,-0.15775,3.6509,0.0,14.628,13.738,24.137,0.00676,1.636,0.0,0.78309,0.0,0.01106,0.01106,0.0,-99999.0,21.598,21.332,14.309,-48.652,50
2015-10-04 19:17:00,0.0,3.8086,-0.18029,3.6283,0.0,14.631,13.739,24.137,0.00676,1.6635,0.0,0.8084799999999999,0.0,0.01125,0.01125,0.0,-99999.0,21.581,21.317,14.309,-445.32,50
2015-10-04 19:18:00,0.0,3.7861,-0.2479099999999999,3.5382,0.0,14.636,13.739,24.137,0.00676,1.6445,0.0,0.79366,0.0,0.01112,0.01112,0.0,-99999.0,21.567,21.303,14.302,-277.29,50
2015-10-04 19:19:00,0.0,3.7635,-0.13522,3.6283,0.0,14.634,13.739,24.134,0.00676,1.6276,0.0,0.7978899999999999,0.0,0.0109999999999999,0.0109999999999999,0.0,-99999.0,21.564,21.292,14.291,-383.9,50
2015-10-04 19:20:00,0.0,3.7636,-0.13522,3.6283,0.0,14.62,13.739,24.123,0.00676,1.4752,0.0,0.63916,0.0,0.0099699999999999,0.0099699999999999,0.0,-99999.0,21.552,21.275,14.277,-213.95,50
2015-10-04 19:21:00,0.0,3.7635,-0.13522,3.6283,0.0,14.616,13.739,24.123,0.00676,1.4011,0.0,0.5672099999999999,0.0,0.0094699999999999,0.0094699999999999,0.0,-99999.0,21.546,21.267,14.269,-402.95,50
2015-10-04 19:22:00,0.0,3.7861,-0.15775,3.6284,0.0,14.615,13.739,24.123,0.00676,1.3757,0.0,0.54815,0.0,0.0092999999999999,0.0092999999999999,0.0,-99999.0,21.544,21.258,14.259,-481.67,50
2015-10-04 19:23:00,0.0,3.7861,-0.15775,3.6283,0.0,14.599,13.739,24.123,0.00676,1.3524,0.0,0.5206399999999999,0.0,0.00914,0.00914,0.0,-99999.0,21.542,21.26,14.246,-133.77,50
2015-10-04 19:24:00,0.0,3.7636,-0.0901499999999999,3.6734,0.0,14.593,13.739,24.118,0.00676,1.3461,0.0,0.5121799999999999,0.0,0.0091,0.0091,0.0,-99999.0,21.538,21.263,14.24,-280.46,50
2015-10-04 19:25:00,0.0,3.8312,-0.29298,3.5382,0.0,14.59,13.741,24.11,0.00676,1.3207,0.0,0.5016,0.0,0.00893,0.00893,0.0,-99999.0,21.528,21.261,14.23,-235.1,50
2015-10-04 19:26:00,0.0,3.7862,-0.20283,3.5833,0.0,14.606,13.74,24.109,0.00676,1.3186,0.0,0.49947,0.0,0.0089099999999999,0.0089099999999999,0.0,-99999.0,21.521,21.257,14.231,-561.74,50
2015-10-04 19:27:00,0.0,3.8087,-0.20283,3.6059,0.0,14.617,13.741,24.109,0.00676,1.3059,0.0,0.48254,0.0,0.0088299999999999,0.0088299999999999,0.0,-99999.0,21.514,21.252,14.225,-494.39,50
2015-10-04 19:28:00,0.0,3.8086,-0.2479099999999999,3.5607,0.0,14.618,13.741,24.109,0.00676,1.2615,0.0,0.44023,0.0,0.0085299999999999,0.0085299999999999,0.0,-99999.0,21.494,21.236,14.223,-50.909,50
2015-10-04 19:29:00,0.0,3.7186,-0.02253,3.696,0.0,14.627,13.742,24.104,0.00676,1.217,0.0,0.39366,0.0,0.0082299999999999,0.0082299999999999,0.0,-99999.0,21.52,21.283,14.218,-504.75,50
2015-10-04 19:30:00,0.0,3.7861,-0.15776,3.6284,0.0,14.619,13.742,24.095,0.00676,1.1726,0.0,0.3555599999999999,0.0,0.0079299999999999,0.0079299999999999,0.0,-99999.0,21.598,21.385,14.212,-359.42,50
2015-10-04 19:31:00,0.0,3.8088,-0.27044,3.5384,0.0,14.632,13.741,24.095,0.00676,1.162,0.0,0.3534499999999999,0.0,0.00786,0.00786,0.0,-99999.0,21.72,21.51,14.212,-178.31,50
2015-10-04 19:32:00,0.0,3.8313,-0.2479099999999999,3.5834,0.0,14.64,13.742,24.095,0.00676,1.1641,0.0,0.3555599999999999,0.0,0.00787,0.00787,0.0,-99999.0,21.845,21.639,14.209,-88.685,50
2015-10-04 19:33:00,0.0,3.8087,-0.0450699999999999,3.7636,0.0,14.63,13.742,24.088,0.00676,1.1683,0.0,0.3555599999999999,0.0,0.0079,0.0079,0.0,-99999.0,21.885,21.681,14.197,-761.22,50
2015-10-04 19:34:00,0.0,3.7862,-0.02254,3.7636,0.0,14.619,13.741,24.082,0.00676,1.1662,0.0,0.3555599999999999,0.0,0.0078799999999999,0.0078799999999999,0.0,-99999.0,21.868,21.657,14.189,-603.51,50
2015-10-04 19:35:00,0.0,3.7637,-0.13522,3.6285,0.0,14.609,13.742,24.082,0.00676,1.1641,0.0,0.3513299999999999,0.0,0.00787,0.00787,0.0,-99999.0,21.835,21.62,14.18,-468.88,50
2015-10-04 19:36:00,0.0,3.8086,-0.15775,3.6509,0.0,14.605,13.743,24.082,0.00676,1.1345,0.0,0.32171,0.0,0.0076699999999999,0.0076699999999999,0.0,-99999.0,21.8,21.58,14.17,-327.68,50
2015-10-04 19:37:00,0.0,3.8313,-0.31552,3.5158,0.0,14.605,13.743,24.082,0.00676,1.145,0.0,0.3471,0.0,0.00774,0.00774,0.0,-99999.0,21.775,21.542,14.177,-98.298,50
2015-10-04 19:38:00,0.0,3.8088,-0.29298,3.5158,0.0,14.592,13.743,24.08,0.00676,1.1958,0.0,0.3851999999999999,0.0,0.00809,0.00809,0.0,-99999.0,21.746,21.496,14.182,-127.77,50
2015-10-04 19:39:00,0.0,3.7412,-0.2479099999999999,3.4933,0.0,14.582,13.744,24.069,0.00676,1.2636,0.0,0.436,0.0,0.00854,0.00854,0.0,-99999.0,21.704,21.444,14.178,-75.703,50
2015-10-04 19:40:00,0.0,3.8313,-0.27045,3.5608,0.0,14.59,13.744,24.068,0.00676,1.2826,0.0,0.45928,0.0,0.00867,0.00867,0.0,-99999.0,21.669,21.405,14.179,-239.57,50
2015-10-04 19:41:00,0.0,3.8539,-0.33806,3.5158,0.0,14.596,13.743,24.068,0.00676,1.3186,0.0,0.49739,0.0,0.00892,0.00892,0.0,-99999.0,21.642,21.374,14.184,-90.05299999999998,50
2015-10-04 19:42:00,0.0,3.8088,-0.0450699999999999,3.7637,0.0,14.579,13.744,24.067,0.00676,1.3207,0.0,0.5058399999999998,0.0,0.00893,0.00893,0.0,-99999.0,21.622,21.348,14.186,-709.97,50
2015-10-04 19:43:00,0.0,3.8088,-0.0901499999999999,3.7187,0.0,14.557,13.744,24.068,0.00676,1.344,0.0,0.5206699999999999,0.0,0.00909,0.00909,0.0,-99999.0,21.598,21.328,14.19,-790.82,50
2015-10-04 19:44:00,0.0,3.7863,-0.1352299999999999,3.651,0.0,14.547,13.744,24.062,0.00676,1.3525,0.0,0.5291299999999999,0.0,0.00914,0.00914,0.0,-99999.0,21.574,21.31,14.193,-471.65,50
2015-10-04 19:45:00,0.0,3.7863,-0.11269,3.6736,0.0,14.527,13.744,24.054,0.00676,1.3398,0.0,0.52278,0.0,0.00906,0.00906,0.0,-99999.0,21.552,21.284,14.181,-218.39,50
2015-10-04 19:46:00,0.0,3.7862,-0.2479099999999999,3.5383,0.0,14.513,13.744,24.054,0.00676,1.3461,0.0,0.50797,0.0,0.0091,0.0091,0.0,-99999.0,21.54,21.27,14.178,56.92,50
2015-10-04 19:47:00,0.0,3.8314,-0.27045,3.5609,0.0,14.528,13.744,24.054,0.00676,1.3356,0.0,0.51432,0.0,0.0090299999999999,0.0090299999999999,0.0,-99999.0,21.526,21.255,14.187,67.664,50
2015-10-04 19:48:00,0.0,3.8313,-0.27045,3.5609,0.0,14.528,13.745,24.054,0.00676,1.361,0.0,0.5397199999999999,0.0,0.0091999999999999,0.0091999999999999,0.0,-99999.0,21.518,21.241,14.194,-98.289,50
2015-10-04 19:49:00,0.0,3.8313,-0.1802999999999999,3.651,0.0,14.543,13.744,24.054,0.00676,1.3779,0.0,0.5460599999999999,0.0,0.00932,0.00932,0.0,-99999.0,21.507,21.234,14.196,-233.21,50
2015-10-04 19:50:00,0.0,3.7637,-0.11269,3.651,0.0,14.549,13.745,24.049,0.00676,1.416,0.0,0.56723,0.0,0.00957,0.00957,0.0,-99999.0,21.495,21.218,14.199,-317.27,50
2015-10-04 19:51:00,0.0,3.7412,-0.13522,3.606,0.0,14.549,13.743,24.041,0.00676,1.4604,0.0,0.61167,0.0,0.00987,0.00987,0.0,-99999.0,21.471,21.198,14.191,-360.01,50
2015-10-04 19:52:00,0.0,3.7638,-0.04508,3.7187,0.0,14.55,13.745,24.041,0.00676,1.4689,0.0,0.6307399999999999,0.0,0.0099299999999999,0.0099299999999999,0.0,-99999.0,21.491,21.232,14.186,-531.11,50
2015-10-04 19:53:00,0.0,3.7637,-0.11269,3.651,0.0,14.559,13.745,24.041,0.00676,1.4774,0.0,0.63709,0.0,0.00999,0.00999,0.0,-99999.0,21.558,21.347,14.184,-577.27,50
2015-10-04 19:54:00,0.0,3.7863,-0.2929899999999999,3.4933,0.0,14.557,13.744,24.041,0.00676,1.4795,0.0,0.64554,0.0,0.01,0.01,0.0,-99999.0,21.663,21.504,14.176,-316.11,50
2015-10-04 19:55:00,0.0,3.899,-0.27045,3.6285,0.0,14.537,13.745,24.039,0.00676,1.4647,0.0,0.6201499999999999,0.0,0.0099,0.0099,0.0,-99999.0,21.749,21.669,14.172,257.61,50
2015-10-04 19:56:00,0.0,3.7638,-0.0901499999999999,3.6736,0.0,14.512,13.744,24.027,0.00676,1.471,0.0,0.62861,0.0,0.00995,0.00995,0.0,-99999.0,21.788,21.716,14.153,-463.35,50
2015-10-04 19:57:00,0.0,3.7863,-0.15776,3.6285,0.0,14.503,13.744,24.027,0.00676,1.4837,0.0,0.6540099999999999,0.0,0.01003,0.01003,0.0,-99999.0,21.791,21.697,14.146,-257.77,50
2015-10-04 19:58:00,0.0,3.7863,-0.2479099999999999,3.5384,0.0,14.501,13.745,24.027,0.00676,1.4901,0.0,0.65614,0.0,0.01007,0.01007,0.0,-99999.0,21.776,21.651,14.138,-298.93,50
2015-10-04 19:59:00,0.0,3.8314,-0.1802999999999999,3.6511,0.0,14.497,13.744,24.027,0.00676,1.488,0.0,0.66037,0.0,0.0100599999999999,0.0100599999999999,0.0,-99999.0,21.756,21.604,14.133,-208.46,50
2015-10-04 20:00:00,0.0,3.8088,-0.1802999999999999,3.6285,0.0,14.495,13.746,24.027,0.00676,1.4837,0.0,0.64978,0.0,0.01003,0.01003,0.0,-99999.0,21.736,21.559,14.129,-213.36,50
2015-10-04 20:01:00,0.0,3.7863,-0.11269,3.6736,0.0,14.487,13.745,24.027,0.00676,1.4626,0.0,0.62228,0.0,0.0098899999999999,0.0098899999999999,0.0,-99999.0,21.717,21.523,14.123,-380.22,50
2015-10-04 20:02:00,0.0,3.8088,-0.15776,3.651,0.0,14.485,13.745,24.027,0.00676,1.4245,0.0,0.59476,0.0,0.0096299999999999,0.0096299999999999,0.0,-99999.0,21.702,21.492,14.115,-81.123,50
2015-10-04 20:03:00,0.0,3.7863,-0.11269,3.6736,0.0,14.492,13.745,24.027,0.00676,1.3694,0.0,0.53761,0.0,0.0092599999999999,0.0092599999999999,0.0,-99999.0,21.686,21.457,14.113,-481.78,50
2015-10-04 20:04:00,0.0,3.8313,-0.2028399999999999,3.6285,0.0,14.495,13.744,24.027,0.00676,1.344,0.0,0.5164499999999999,0.0,0.00909,0.00909,0.0,-99999.0,21.671,21.432,14.112,-492.3,50
2015-10-04 20:05:00,0.0,3.8764,-0.3605999999999999,3.5158,0.0,14.491,13.745,24.027,0.00676,1.3271,0.0,0.51009,0.0,0.00897,0.00897,0.0,-99999.0,21.652,21.404,14.108,-18.272,50
2015-10-04 20:06:00,0.0,3.8088,-0.1352299999999999,3.6736,0.0,14.486,13.745,24.027,0.00676,1.3419,0.0,0.5249099999999999,0.0,0.0090699999999999,0.0090699999999999,0.0,-99999.0,21.637,21.376,14.103,-549.75,50
2015-10-04 20:07:00,0.0,3.7187,-0.11269,3.606,0.0,14.485,13.745,24.026,0.00676,1.3779,0.0,0.54396,0.0,0.00932,0.00932,0.0,-99999.0,21.62,21.353,14.088,-314.79,50
2015-10-04 20:08:00,0.0,3.7638,-0.02254,3.7412,0.0,14.474,13.745,24.018,0.00676,1.3758,0.0,0.54608,0.0,0.0092999999999999,0.0092999999999999,0.0,-99999.0,21.604,21.336,14.078,-552.44,50
2015-10-04 20:09:00,0.0,3.7412,0.04508,3.7863,0.0,14.47,13.745,24.017,0.00676,1.3694,0.0,0.5333799999999999,0.0,0.0092599999999999,0.0092599999999999,0.0,-99999.0,21.598,21.334,14.079,-517.47,50
2015-10-04 20:10:00,0.0,3.7638,-0.2929899999999999,3.4708,0.0,14.467,13.745,24.017,0.00676,1.3398,0.0,0.51009,0.0,0.00906,0.00906,0.0,-99999.0,21.6,21.334,14.084,-177.25,50
2015-10-04 20:11:00,0.0,3.8314,-0.22538,3.606,0.0,14.467,13.745,24.015,0.00676,1.3334,0.0,0.51009,0.0,0.00902,0.00902,0.0,-99999.0,21.6,21.332,14.077,12.472,50
2015-10-04 20:12:00,0.0,3.8314,-0.27045,3.5609,0.0,14.466,13.745,24.013,0.00676,1.3377,0.0,0.51009,0.0,0.0090399999999999,0.0090399999999999,0.0,-99999.0,21.598,21.331,14.068,-70.478,50
2015-10-04 20:13:00,0.0,3.7863,-0.22538,3.5609,0.0,14.453,13.745,24.013,0.00676,1.325,0.0,0.5037399999999999,0.0,0.0089599999999999,0.0089599999999999,0.0,-99999.0,21.596,21.331,14.06,-488.57,50
2015-10-04 20:14:00,0.0,3.8314,-0.27045,3.5609,0.0,14.466,13.745,24.013,0.00676,1.3102,0.0,0.4783399999999999,0.0,0.0088599999999999,0.0088599999999999,0.0,-99999.0,21.596,21.334,14.061,131.88,50
2015-10-04 20:15:00,0.0,3.7863,-0.11269,3.6736,0.0,14.468,13.745,24.013,0.00676,1.2742,0.0,0.44871,0.0,0.0086199999999999,0.0086199999999999,0.0,-99999.0,21.596,21.335,14.066,-448.61,50
2015-10-04 20:16:00,0.0,3.8088,-0.2028399999999999,3.606,0.0,14.482,13.745,24.013,0.00676,1.2488,0.0,0.41908,0.0,0.0084399999999999,0.0084399999999999,0.0,-99999.0,21.596,21.336,14.068,-146.94,50
2015-10-04 20:17:00,0.0,3.7638,-0.1802999999999999,3.5835,0.0,14.498,13.745,24.013,0.00676,1.2086,0.0,0.40214,0.0,0.00817,0.00817,0.0,-99999.0,21.593,21.331,14.088,47.637,50
2015-10-04 20:18:00,0.0,3.7638,-0.04508,3.7187,0.0,14.494,13.745,24.013,0.00676,1.1895,0.0,0.3915699999999999,0.0,0.00804,0.00804,0.0,-99999.0,21.59,21.323,14.089,-303.39,50
2015-10-04 20:19:00,0.0,3.8764,-0.33806,3.5384,0.0,14.492,13.744,24.013,0.00676,1.1789,0.0,0.38522,0.0,0.0079699999999999,0.0079699999999999,0.0,-99999.0,21.58,21.31,14.083,-217.61,50
2015-10-04 20:20:00,0.0,3.8088,-0.06761,3.7412,0.0,14.496,13.745,24.013,0.00676,1.2678,0.0,0.4614099999999999,0.0,0.0085699999999999,0.0085699999999999,0.0,-99999.0,21.57,21.301,14.083,-658.0,50
2015-10-04 20:21:00,0.0,3.8764,-0.22538,3.651,0.0,14.487,13.745,24.013,0.00676,1.1747,0.0,0.3640499999999999,0.0,0.0079399999999999,0.0079399999999999,0.0,-99999.0,21.562,21.291,14.092,-308.59,50
2015-10-04 20:22:00,0.0,3.7863,-0.1352299999999999,3.6511,0.0,14.494,13.745,24.013,0.00676,1.1472,0.0,0.33653,0.0,0.00776,0.00776,0.0,-99999.0,21.534,21.274,14.097,-81.745,50
2015-10-04 20:23:00,0.0,3.7863,-0.1352299999999999,3.6511,0.0,14.489,13.745,24.013,0.00676,1.1112,0.0,0.3005599999999999,0.0,0.00751,0.00751,0.0,-99999.0,21.56,21.329,14.088,-242.62,50
2015-10-04 20:24:00,0.0,3.7863,-0.1352299999999999,3.6511,0.0,14.499,13.745,24.013,0.00676,1.0879,0.0,0.29209,0.0,0.00736,0.00736,0.0,-99999.0,21.634,21.423,14.089,-410.55,50
2015-10-04 20:25:00,0.0,3.7863,-0.2028399999999999,3.5835,0.0,14.496,13.745,24.013,0.00676,1.0689,0.0,0.25823,0.0,0.00723,0.00723,0.0,-99999.0,21.75,21.532,14.089,-398.75,50
2015-10-04 20:26:00,0.0,3.8088,-0.2028399999999999,3.606,0.0,14.505,13.745,24.013,0.00676,1.0689,0.0,0.26034,0.0,0.00723,0.00723,0.0,-99999.0,21.843,21.65,14.09,-443.98,50
2015-10-04 20:27:00,0.0,3.7863,-0.0901499999999999,3.6961,0.0,14.516,13.745,24.013,0.00676,1.0689,0.0,0.2645799999999999,0.0,0.00723,0.00723,0.0,-99999.0,21.858,21.663,14.093,-472.58,50
2015-10-04 20:28:00,0.0,3.7863,-0.1352299999999999,3.6511,0.0,14.527,13.744,24.01,0.00676,1.0795,0.0,0.28997,0.0,0.0073,0.0073,0.0,-99999.0,21.832,21.625,14.088,-128.53,50
2015-10-04 20:29:00,0.0,3.8088,-0.2028399999999999,3.606,0.0,14.541,13.745,24.011,0.00676,1.0667,0.0,0.25611,0.0,0.00721,0.00721,0.0,-99999.0,21.794,21.574,14.094,-551.87,50
2015-10-04 20:30:00,0.0,3.8314,-0.27045,3.5609,0.0,14.541,13.745,24.009,0.00676,1.035,0.0,0.2455199999999999,0.0,0.007,0.007,0.0,-99999.0,21.75,21.515,14.092,-152.63,50
2015-10-04 20:31:00,0.0,3.8088,-0.2028399999999999,3.606,0.0,14.535,13.745,24.01,0.00676,0.98208,0.0,0.20319,0.0,0.00664,0.00664,0.0,-99999.0,21.717,21.465,14.086,-251.45,50
2015-10-04 20:32:00,0.0,3.7863,-0.15776,3.6285,0.0,14.533,13.745,24.009,0.00676,0.96515,0.0,0.16298,0.0,0.00653,0.00653,0.0,-99999.0,21.686,21.421,14.077,-181.59,50
2015-10-04 20:33:00,0.0,3.7863,-0.11269,3.6736,0.0,14.531,13.745,24.002,0.00676,0.96515,0.0,0.1566299999999999,0.0,0.00653,0.00653,0.0,-99999.0,21.65,21.381,14.06,-199.53,50
2015-10-04 20:34:00,0.0,3.8088,-0.24792,3.5609,0.0,14.517,13.745,24.002,0.00676,0.93128,0.0,0.13335,0.0,0.0063,0.0063,0.0,-99999.0,21.614,21.344,14.05,-185.0,50
2015-10-04 20:35:00,0.0,3.8088,-0.27045,3.5384,0.0,14.499,13.745,24.002,0.00676,0.87626,0.0,0.0846599999999999,0.0,0.0059199999999999,0.0059199999999999,0.0,-99999.0,21.589,21.32,14.045,-33.061,50
2015-10-04 20:36:00,0.0,3.7863,-0.11269,3.6736,0.0,14.466,13.745,24.0,0.00676,0.81488,0.0,0.01905,0.0,0.00551,0.00551,0.0,-99999.0,21.567,21.297,14.032,-430.96,50
2015-10-04 20:37:00,0.0,3.7863,-0.15776,3.6285,0.0,14.428,13.744,24.0,0.00676,0.7789,0.0,0.0,0.0,0.00527,0.00527,0.0,-99999.0,21.551,21.278,14.014,-213.5,50
2015-10-04 20:38:00,0.0,3.7863,-0.06761,3.7187,0.0,14.398,13.744,24.0,0.00676,0.75561,0.0,0.0,0.0,0.00511,0.00511,0.0,-99999.0,21.54,21.266,13.994,-411.08,50
2015-10-04 20:39:00,0.0,3.899,-0.33806,3.5609,0.0,14.375,13.745,24.0,0.00676,0.7492699999999999,0.0,0.0,0.0,0.0050699999999999,0.0050699999999999,0.0,-99999.0,21.533,21.253,13.975,-21.564,50
2015-10-04 20:40:00,0.0,3.7863,-0.2028399999999999,3.5835,0.0,14.427,13.744,24.0,0.00676,0.81488,0.0,0.0,0.0,0.00551,0.00551,0.0,-99999.0,21.529,21.25,13.947,-326.49,50
2015-10-04 20:41:00,0.0,3.8088,-0.1802999999999999,3.6285,0.0,14.483,13.744,24.0,0.00676,0.92706,0.0,0.0,0.0,0.00627,0.00627,0.0,-99999.0,21.524,21.25,13.927,-17.629,50
2015-10-04 20:42:00,0.0,3.7863,-0.1802999999999999,3.606,0.0,14.472,13.745,24.0,0.00676,1.0096,0.0,0.0,0.0,0.00683,0.00683,0.0,-99999.0,21.528,21.252,13.904,-482.65,50
2015-10-04 20:43:00,0.0,3.7638,-0.1352299999999999,3.6285,0.0,14.457,13.745,24.0,0.00676,1.0414,0.0,0.0,0.0,0.00704,0.00704,0.0,-99999.0,21.533,21.254,13.906,-302.5,50
2015-10-04 20:44:00,0.0,3.8088,-0.15776,3.6511,0.0,14.443,13.745,24.0,0.00676,1.0265,0.0,0.0,0.0,0.00694,0.00694,0.0,-99999.0,21.536,21.256,13.91,-243.2,50
2015-10-04 20:45:00,0.0,3.7638,-0.0901499999999999,3.6736,0.0,14.439,13.745,24.0,0.00676,1.0117,0.0,0.0,0.0,0.0068399999999999,0.0068399999999999,0.0,-99999.0,21.53,21.254,13.908,-285.48,50
2015-10-04 20:46:00,0.0,3.8314,-0.2028399999999999,3.6285,0.0,14.436,13.744,23.999,0.00676,1.0075,0.0,0.0,0.0,0.00681,0.00681,0.0,-99999.0,21.53,21.266,13.908,-95.173,50
2015-10-04 20:47:00,0.0,3.7412,-0.1352299999999999,3.606,0.0,14.418,13.745,23.99,0.00676,1.0096,0.0,0.0,0.0,0.00683,0.00683,0.0,-99999.0,21.594,21.37,13.889,-272.96,50
2015-10-04 20:48:00,0.0,3.8088,-0.24792,3.5609,0.0,14.409,13.745,23.986,0.00676,1.0244,0.0,0.0,0.0,0.00693,0.00693,0.0,-99999.0,21.694,21.516,13.884,-265.29,50
2015-10-04 20:49:00,0.0,3.7863,-0.1802999999999999,3.606,0.0,14.408,13.745,23.986,0.00676,1.0414,0.0,0.0,0.0,0.00704,0.00704,0.0,-99999.0,21.818,21.641,13.886,-429.17,50
2015-10-04 20:50:00,0.0,3.8314,-0.2028399999999999,3.6285,0.0,14.395,13.745,23.986,0.00676,1.0625,0.0,0.0,0.0,0.0071799999999999,0.0071799999999999,0.0,-99999.0,21.878,21.703,13.884,-273.19,50
2015-10-04 20:51:00,0.0,3.8088,-0.15776,3.6511,0.0,14.393,13.744,23.986,0.00676,1.0646,0.0,0.0,0.0,0.0071999999999999,0.0071999999999999,0.0,-99999.0,21.877,21.698,13.881,-387.19,50
2015-10-04 20:52:00,0.0,3.7863,-0.22538,3.5609,0.0,14.388,13.745,23.986,0.00676,1.0625,0.0,0.0,0.0,0.0071799999999999,0.0071799999999999,0.0,-99999.0,21.853,21.67,13.881,-465.82,50
2015-10-04 20:53:00,0.0,3.8314,-0.24792,3.5835,0.0,14.38,13.745,23.986,0.00676,1.0625,0.0,0.0,0.0,0.0071799999999999,0.0071799999999999,0.0,-99999.0,21.823,21.634,13.879,-45.606,50
2015-10-04 20:54:00,0.0,3.7638,-0.15776,3.606,0.0,14.376,13.745,23.986,0.00676,1.0604,0.0,0.0,0.0,0.00717,0.00717,0.0,-99999.0,21.795,21.595,13.875,-293.21,50
2015-10-04 20:55:00,0.0,3.7863,-0.1802999999999999,3.606,0.0,14.377,13.745,23.986,0.00676,1.0668,0.0,0.0,0.0,0.00721,0.00721,0.0,-99999.0,21.769,21.554,13.879,-284.46,50
2015-10-04 20:56:00,0.0,3.7638,-0.0901499999999999,3.6736,0.0,14.375,13.745,23.986,0.00676,1.1027,0.0,0.0,0.0,0.0074599999999999,0.0074599999999999,0.0,-99999.0,21.744,21.524,13.87,-431.5,50
2015-10-04 20:57:00,0.0,3.8314,-0.1352299999999999,3.6961,0.0,14.39,13.744,23.986,0.00676,1.1176,0.0,0.0,0.0,0.0075599999999999,0.0075599999999999,0.0,-99999.0,21.724,21.499,13.876,-86.49299999999998,50
2015-10-04 20:58:00,0.0,3.7863,-0.2028399999999999,3.5835,0.0,14.391,13.745,23.986,0.00676,1.1387,0.0,0.0,0.0,0.0077,0.0077,0.0,-99999.0,21.712,21.478,13.878,-135.88,50
2015-10-04 20:59:00,0.0,3.8314,-0.15776,3.6736,0.0,14.391,13.745,23.986,0.00676,1.1578,0.0,0.0,0.0,0.00783,0.00783,0.0,-99999.0,21.703,21.461,13.885,-347.07,50
2015-10-04 21:00:00,0.0,3.8088,-0.22538,3.5835,0.0,14.39,13.745,23.986,0.00676,1.181,0.0,0.0,0.0,0.00799,0.00799,0.0,-99999.0,21.69,21.451,13.885,-385.22,50
2015-10-04 21:01:00,0.0,3.8764,-0.27045,3.606,0.0,14.387,13.745,23.986,0.00676,1.2064,0.0,0.0,0.0,0.00816,0.00816,0.0,-99999.0,21.685,21.438,13.889,-87.393,50
2015-10-04 21:02:00,0.0,3.7863,-0.1802999999999999,3.606,0.0,14.391,13.745,23.986,0.00676,1.2361,0.0,0.0,0.0,0.0083599999999999,0.0083599999999999,0.0,-99999.0,21.679,21.431,13.898,-205.02,50
2015-10-04 21:03:00,0.0,3.7863,-0.2028399999999999,3.5835,0.0,14.392,13.745,23.986,0.00676,1.2699,0.0,0.0,0.0,0.00859,0.00859,0.0,-99999.0,21.674,21.422,13.901,-71.098,50
2015-10-04 21:04:00,0.0,3.8314,-0.1802999999999999,3.6511,0.0,14.394,13.745,23.986,0.00676,1.2699,0.0,0.0,0.0,0.00859,0.00859,0.0,-99999.0,21.669,21.417,13.916,-582.91,50
2015-10-04 21:05:00,0.0,3.8314,-0.2253699999999999,3.606,0.0,14.395,13.744,23.986,0.00676,1.2848,0.0,0.0,0.0,0.0086899999999999,0.0086899999999999,0.0,-99999.0,21.667,21.405,13.916,-213.63,50
2015-10-04 21:06:00,0.0,3.7638,-0.2028399999999999,3.5609,0.0,14.409,13.743,23.989,0.00676,1.2975,0.0,0.0,0.0,0.00877,0.00877,0.0,-99999.0,21.655,21.394,13.93,-588.89,50
2015-10-04 21:07:00,0.0,3.8314,-0.1802999999999999,3.6511,0.0,14.409,13.745,23.989,0.00676,1.2848,0.0,0.0,0.0,0.0086899999999999,0.0086899999999999,0.0,-99999.0,21.64,21.383,13.931,-313.38,50
2015-10-04 21:08:00,0.0,3.7863,-0.1352299999999999,3.6511,0.0,14.418,13.744,23.999,0.00676,1.2911,0.0,0.0,0.0,0.0087299999999999,0.0087299999999999,0.0,-99999.0,21.64,21.379,13.945,-550.22,50
2015-10-04 21:09:00,0.0,3.7638,-0.1352299999999999,3.6285,0.0,14.408,13.745,23.994,0.00676,1.2763,0.0,0.0,0.0,0.00863,0.00863,0.0,-99999.0,21.627,21.367,13.939,-68.243,50
2015-10-04 21:10:00,0.0,3.8088,-0.1352299999999999,3.6736,0.0,14.413,13.748,24.0,0.00676,1.2721,0.0,0.0,0.0,0.0086,0.0086,0.0,-99999.0,21.624,21.367,13.947,-414.01,50
2015-10-04 21:11:00,0.0,3.7863,-0.27045,3.5158,0.0,14.406,13.747,24.0,0.00676,1.2699,0.0,0.0,0.0,0.00859,0.00859,0.0,-99999.0,21.62,21.362,13.94,-86.37699999999998,50
2015-10-04 21:12:00,0.0,3.7863,-0.1802999999999999,3.606,0.0,14.403,13.747,24.0,0.00676,1.2699,0.0,0.0,0.0,0.00859,0.00859,0.0,-99999.0,21.616,21.356,13.936,-236.88,50
2015-10-04 21:13:00,0.0,3.7638,-0.0901499999999999,3.6736,0.0,14.394,13.747,24.0,0.00676,1.2657,0.0,0.0,0.0,0.0085599999999999,0.0085599999999999,0.0,-99999.0,21.616,21.352,13.931,-350.38,50
2015-10-04 21:14:00,0.0,3.7863,-0.2028399999999999,3.5835,0.0,14.388,13.747,24.0,0.00676,1.2403,0.0,0.0,0.0,0.0083899999999999,0.0083899999999999,0.0,-99999.0,21.61,21.343,13.931,-254.37,50
2015-10-04 21:15:00,0.0,3.7863,-0.04508,3.7412,0.0,14.385,13.748,24.0,0.00676,1.234,0.0,0.0,0.0,0.00834,0.00834,0.0,-99999.0,21.608,21.34,13.927,-516.22,50
2015-10-04 21:16:00,0.0,3.8088,-0.2028399999999999,3.606,0.0,14.378,13.748,23.996,0.00676,1.234,0.0,0.0,0.0,0.00834,0.00834,0.0,-99999.0,21.601,21.332,13.929,-504.52,50
2015-10-04 21:17:00,0.0,3.7863,-0.1352299999999999,3.6511,0.0,14.376,13.747,23.999,0.00676,1.1937,0.0,0.0,0.0,0.00807,0.00807,0.0,-99999.0,21.6,21.332,13.933,-789.2899999999998,50
2015-10-04 21:18:00,0.0,3.8088,-0.1352299999999999,3.6736,0.0,14.371,13.748,23.999,0.00676,1.1874,0.0,0.0,0.0,0.00803,0.00803,0.0,-99999.0,21.595,21.324,13.93,-317.81,50
2015-10-04 21:19:00,0.0,3.7638,-0.15776,3.606,0.0,14.367,13.748,23.996,0.00676,1.1874,0.0,0.0,0.0,0.00803,0.00803,0.0,-99999.0,21.621,21.385,13.925,-313.78,50
2015-10-04 21:20:00,0.0,3.7863,-0.1352299999999999,3.6511,0.0,14.367,13.748,23.995,0.00676,1.2043,0.0,0.0,0.0,0.0081399999999999,0.0081399999999999,0.0,-99999.0,21.697,21.52,13.922,-232.27,50
2015-10-04 21:21:00,0.0,3.8088,-0.15776,3.6511,0.0,14.362,13.748,23.992,0.00676,1.2255,0.0,0.0,0.0,0.00829,0.00829,0.0,-99999.0,21.808,21.651,13.915,-208.39,50
2015-10-04 21:22:00,0.0,3.7863,-0.2028399999999999,3.5835,0.0,14.362,13.748,23.994,0.00676,1.217,0.0,0.0,0.0,0.0082299999999999,0.0082299999999999,0.0,-99999.0,21.921,21.778,13.917,-398.2,50
2015-10-04 21:23:00,0.0,3.8314,-0.24792,3.5835,0.0,14.363,13.747,23.999,0.00676,1.2001,0.0,0.0,0.0,0.0081099999999999,0.0081099999999999,0.0,-99999.0,21.935,21.799,13.926,-230.83,50
2015-10-04 21:24:00,0.0,3.8088,-0.2028399999999999,3.606,0.0,14.357,13.748,24.0,0.00676,1.1684,0.0,0.0,0.0,0.0079,0.0079,0.0,-99999.0,21.906,21.761,13.919,-145.37,50
2015-10-04 21:25:00,0.0,3.7863,-0.2028399999999999,3.5835,0.0,14.353,13.748,24.0,0.00676,1.1662,0.0,0.0,0.0,0.0078899999999999,0.0078899999999999,0.0,-99999.0,21.872,21.71,13.916,-400.67,50
2015-10-04 21:26:00,0.0,3.7863,-0.11269,3.6736,0.0,14.346,13.748,24.0,0.00676,1.162,0.0,0.0,0.0,0.00786,0.00786,0.0,-99999.0,21.832,21.657,13.915,-289.91,50
2015-10-04 21:27:00,0.0,3.8314,-0.24792,3.5835,0.0,14.338,13.748,24.0,0.00676,1.1683,0.0,0.0,0.0,0.0079,0.0079,0.0,-99999.0,21.795,21.604,13.909,-191.54,50
2015-10-04 21:28:00,0.0,3.7863,-0.11269,3.6736,0.0,14.337,13.748,24.0,0.00676,1.1662,0.0,0.0,0.0,0.0078899999999999,0.0078899999999999,0.0,-99999.0,21.765,21.559,13.905,-531.65,50
2015-10-04 21:29:00,0.0,3.7638,-0.24792,3.5158,0.0,14.329,13.748,24.0,0.00676,1.1684,0.0,0.0,0.0,0.0079,0.0079,0.0,-99999.0,21.736,21.521,13.899,-74.296,50
2015-10-04 21:30:00,0.0,3.8088,-0.1802999999999999,3.6285,0.0,14.32,13.748,23.999,0.00676,1.2001,0.0,0.0,0.0,0.0081099999999999,0.0081099999999999,0.0,-99999.0,21.714,21.485,13.898,-405.19,50
2015-10-04 21:31:00,0.0,3.8088,-0.15776,3.6511,0.0,14.321,13.748,24.0,0.00676,1.2467,0.0,0.0,0.0,0.00843,0.00843,0.0,-99999.0,21.693,21.456,13.895,-431.16,50
2015-10-04 21:32:00,0.0,3.7863,-0.2028399999999999,3.5835,0.0,14.322,13.747,24.0,0.00676,1.2699,0.0,0.0,0.0,0.00859,0.00859,0.0,-99999.0,21.671,21.426,13.892,-282.28,50
2015-10-04 21:33:00,0.0,3.7638,-0.15776,3.606,0.0,14.323,13.748,24.0,0.00676,1.2763,0.0,0.0,0.0,0.00863,0.00863,0.0,-99999.0,21.656,21.409,13.887,-211.02,50
2015-10-04 21:34:00,0.0,3.7638,-0.15776,3.606,0.0,14.321,13.747,24.0,0.00676,1.27,0.0,0.0,0.0,0.00859,0.00859,0.0,-99999.0,21.648,21.392,13.88,-133.16,50
2015-10-04 21:35:00,0.0,3.7863,-0.22538,3.5609,0.0,14.323,13.748,24.0,0.00676,1.2911,0.0,0.0,0.0,0.0087299999999999,0.0087299999999999,0.0,-99999.0,21.64,21.383,13.871,-234.77,50
2015-10-04 21:36:00,0.0,3.8314,-0.22538,3.606,0.0,14.325,13.747,24.0,0.00676,1.3059,0.0,0.0,0.0,0.0088299999999999,0.0088299999999999,0.0,-99999.0,21.639,21.381,13.866,-313.78,50
2015-10-04 21:37:00,0.0,3.7863,-0.2028399999999999,3.5835,0.0,14.323,13.747,24.0,0.00676,1.2848,0.0,0.0,0.0,0.0086899999999999,0.0086899999999999,0.0,-99999.0,21.637,21.376,13.865,-277.05,50
2015-10-04 21:38:00,0.0,3.7637,-0.15776,3.606,0.0,14.32,13.748,24.0,0.00676,1.2826,0.0,0.0,0.0,0.00867,0.00867,0.0,-99999.0,21.635,21.371,13.865,-220.1,50
2015-10-04 21:39:00,0.0,3.8088,-0.11269,3.6961,0.0,14.319,13.748,24.0,0.00676,1.2699,0.0,0.0,0.0,0.00859,0.00859,0.0,-99999.0,21.626,21.358,13.865,-600.1,50
2015-10-04 21:40:00,0.0,3.7863,-0.22538,3.5609,0.0,14.318,13.748,24.0,0.00676,1.2678,0.0,0.0,0.0,0.0085699999999999,0.0085699999999999,0.0,-99999.0,21.618,21.347,13.873,-305.88,50
2015-10-04 21:41:00,0.0,3.8088,-0.2028399999999999,3.606,0.0,14.322,13.748,24.0,0.00676,1.2636,0.0,0.0,0.0,0.00854,0.00854,0.0,-99999.0,21.608,21.333,13.88,-252.9,50
2015-10-04 21:42:00,0.0,3.7863,-0.2028399999999999,3.5835,0.0,14.322,13.748,24.0,0.00676,1.2445,0.0,0.0,0.0,0.00841,0.00841,0.0,-99999.0,21.589,21.311,13.883,-542.86,50
2015-10-04 21:43:00,0.0,3.7863,-0.15776,3.6285,0.0,14.318,13.747,24.0,0.00676,1.253,0.0,0.0,0.0,0.00847,0.00847,0.0,-99999.0,21.572,21.299,13.886,-185.2,50
2015-10-04 21:44:00,0.0,3.8088,-0.2028399999999999,3.606,0.0,14.305,13.747,24.0,0.00676,1.2805,0.0,0.0,0.0,0.0086599999999999,0.0086599999999999,0.0,-99999.0,21.554,21.286,13.888,-196.27,50
2015-10-04 21:45:00,0.0,3.7638,-0.2028399999999999,3.5609,0.0,14.294,13.748,24.0,0.00676,1.3144,0.0,0.0,0.0,0.00889,0.00889,0.0,-99999.0,21.54,21.272,13.879,-363.51,50
2015-10-04 21:46:00,0.0,3.8539,-0.2028399999999999,3.6511,0.0,14.283,13.748,24.0,0.00676,1.3081,0.0,0.0,0.0,0.00884,0.00884,0.0,-99999.0,21.531,21.265,13.873,-175.85,50
2015-10-04 21:47:00,0.0,3.7863,-0.1802999999999999,3.606,0.0,14.271,13.747,24.0,0.00676,1.2848,0.0,0.0,0.0,0.0086899999999999,0.0086899999999999,0.0,-99999.0,21.522,21.265,13.863,-494.57,50
2015-10-04 21:48:00,0.0,3.8088,-0.2028399999999999,3.606,0.0,14.27,13.748,24.0,0.00676,1.2636,0.0,0.0,0.0,0.00854,0.00854,0.0,-99999.0,21.517,21.265,13.855,-440.96,50
2015-10-04 21:49:00,0.0,3.7863,-0.2028399999999999,3.5835,0.0,14.27,13.748,24.0,0.00676,1.2107,0.0,0.0,0.0,0.0081899999999999,0.0081899999999999,0.0,-99999.0,21.517,21.265,13.854,-143.74,50
2015-10-04 21:50:00,0.0,3.7638,-0.2028399999999999,3.5609,0.0,14.277,13.747,24.0,0.00676,1.1303,0.0,0.0,0.0,0.00764,0.00764,0.0,-99999.0,21.519,21.267,13.851,-461.67,50
2015-10-04 21:51:00,0.0,3.7863,-0.15776,3.6285,0.0,14.281,13.748,24.001,0.00676,1.0922,0.0,0.0,0.0,0.00738,0.00738,0.0,-99999.0,21.525,21.27,13.848,-601.47,50
2015-10-04 21:52:00,0.0,3.7863,0.0,3.7863,0.0,14.283,13.747,24.0,0.00676,1.0625,0.0,0.0,0.0,0.0071799999999999,0.0071799999999999,0.0,-99999.0,21.539,21.293,13.841,-748.01,50
2015-10-04 21:53:00,0.0,3.7863,-0.27045,3.5158,0.0,14.285,13.748,24.0,0.00676,1.0456,0.0,0.0,0.0,0.0070699999999999,0.0070699999999999,0.0,-99999.0,21.601,21.383,13.834,-219.74,50
2015-10-04 21:54:00,0.0,3.7412,-0.0901499999999999,3.6511,0.0,14.278,13.748,24.0,0.00676,1.0604,0.0,0.0,0.0,0.00717,0.00717,0.0,-99999.0,21.687,21.503,13.831,-622.69,50
2015-10-04 21:55:00,0.0,3.7863,-0.1802999999999999,3.606,0.0,14.271,13.748,24.0,0.00676,1.0392,0.0,0.0,0.0,0.0070299999999999,0.0070299999999999,0.0,-99999.0,21.802,21.61,13.829,-180.74,50
2015-10-04 21:56:00,0.0,3.7638,-0.1352299999999999,3.6285,0.0,14.27,13.747,24.0,0.00676,1.0287,0.0,0.0,0.0,0.00696,0.00696,0.0,-99999.0,21.887,21.692,13.827,-491.93,50
2015-10-04 21:57:00,0.0,3.8539,-0.27045,3.5835,0.0,14.27,13.748,24.0,0.00676,1.0138,0.0,0.0,0.0,0.00685,0.00685,0.0,-99999.0,21.889,21.699,13.823,-630.66,50
2015-10-04 21:58:00,0.0,3.8088,-0.27045,3.5383,0.0,14.271,13.747,24.0,0.00676,0.98631,0.0,0.0,0.0,0.0066699999999999,0.0066699999999999,0.0,-99999.0,21.863,21.664,13.831,8.064999999999998,50
2015-10-04 21:59:00,0.0,3.7863,-0.0901499999999999,3.6961,0.0,14.275,13.748,24.0,0.00676,0.96515,0.0,0.0,0.0,0.00653,0.00653,0.0,-99999.0,21.82,21.608,13.839,-439.1,50
2015-10-04 22:00:00,0.0,3.7863,-0.1352299999999999,3.6511,0.0,14.269,13.747,24.0,0.00676,0.96515,0.0,0.0,0.0,0.00653,0.00653,0.0,-99999.0,21.775,21.546,13.839,-231.19,50
2015-10-04 22:01:00,0.0,3.7863,-0.24792,3.5384,0.0,14.243,13.747,24.0,0.00676,0.96515,0.0,0.0,0.0,0.00653,0.00653,0.0,-99999.0,21.734,21.493,13.84,-133.67,50
2015-10-04 22:02:00,0.0,3.7638,-0.11269,3.6511,0.0,14.22,13.748,24.0,0.00676,0.96304,0.0,0.0,0.0,0.00651,0.00651,0.0,-99999.0,21.691,21.446,13.837,-608.52,50
2015-10-04 22:03:00,0.0,3.8088,-0.1802999999999999,3.6285,0.0,14.202,13.747,24.0,0.00662,0.96304,0.0,0.0,0.0,0.00638,0.00638,0.0,-99999.0,21.652,21.405,13.84,-467.0,50
2015-10-04 22:04:00,0.0,3.8088,-0.2028399999999999,3.606,0.0,14.19,13.748,24.0,0.00676,0.96727,0.0,0.0,0.0,0.0065399999999999,0.0065399999999999,0.0,-99999.0,21.619,21.369,13.846,-318.28,50
2015-10-04 22:05:00,0.0,3.7863,-0.15776,3.6285,0.0,14.183,13.746,24.0,0.00676,0.98421,0.0,0.0,0.0,0.0066499999999999,0.0066499999999999,0.0,-99999.0,21.589,21.335,13.846,-404.15,50
2015-10-04 22:06:00,0.0,3.8314,-0.2028399999999999,3.6285,0.0,14.196,13.748,24.0,0.00676,1.0181,0.0,0.0,0.0,0.0068799999999999,0.0068799999999999,0.0,-99999.0,21.561,21.308,13.842,-384.79,50
2015-10-04 22:07:00,0.0,3.8088,-0.1802999999999999,3.6285,0.0,14.214,13.748,24.0,0.00676,1.0371,0.0,0.0,0.0,0.0070099999999999,0.0070099999999999,0.0,-99999.0,21.538,21.286,13.844,-50.888,50
2015-10-04 22:08:00,0.0,3.7863,-0.11269,3.6736,0.0,14.22,13.748,24.0,0.00676,1.035,0.0,0.0,0.0,0.007,0.007,0.0,-99999.0,21.523,21.264,13.847,-147.41,50
2015-10-04 22:09:00,0.0,3.7638,-0.15776,3.606,0.0,14.235,13.748,24.0,0.00676,1.0435,0.0,0.0,0.0,0.00706,0.00706,0.0,-99999.0,21.506,21.245,13.852,-155.97,50
2015-10-04 22:10:00,0.0,3.8314,-0.15776,3.6736,0.0,14.237,13.748,24.0,0.00676,1.0604,0.0,0.0,0.0,0.00717,0.00717,0.0,-99999.0,21.485,21.224,13.856,-469.53,50
2015-10-04 22:11:00,0.0,3.7863,-0.1352299999999999,3.6511,0.0,14.204,13.748,24.0,0.00676,1.0689,0.0,0.0,0.0,0.00723,0.00723,0.0,-99999.0,21.462,21.202,13.846,-535.51,50
2015-10-04 22:12:00,0.0,3.7863,-0.1802999999999999,3.606,0.0,14.152,13.748,24.0,0.00662,1.0668,0.0,0.0,0.0,0.00706,0.00706,0.0,-99999.0,21.442,21.191,13.824,-335.65,50
2015-10-04 22:13:00,0.0,3.8314,-0.24792,3.5835,0.0,14.113,13.747,24.0,0.00676,1.0625,0.0,0.0,0.0,0.0071799999999999,0.0071799999999999,0.0,-99999.0,21.418,21.177,13.805,-353.5,50
2015-10-04 22:14:00,0.0,3.7638,0.0,3.7638,0.0,14.08,13.747,24.0,0.00676,1.0541,0.0,0.0,0.0,0.00713,0.00713,0.0,-99999.0,21.391,21.158,13.79,-605.95,50
2015-10-04 22:15:00,0.0,3.7638,0.0,3.7638,0.0,14.019,13.748,23.999,0.00676,1.0477,0.0,0.0,0.0,0.00708,0.00708,0.0,-99999.0,21.365,21.136,13.766,-542.57,50
2015-10-04 22:16:00,0.0,3.8314,-0.24792,3.5835,0.0,13.964,13.748,23.986,0.00676,1.0223,0.0,0.0,0.0,0.00691,0.00691,0.0,-99999.0,21.341,21.105,13.725,-170.8,50
2015-10-04 22:17:00,0.0,3.7863,-0.04508,3.7412,0.0,13.945,13.747,23.986,0.00676,1.0202,0.0,0.0,0.0,0.0068999999999999,0.0068999999999999,0.0,-99999.0,21.333,21.091,13.717,-258.45,50
2015-10-04 22:18:00,0.0,3.7187,-0.11269,3.606,0.0,13.924,13.748,23.986,0.00676,0.99055,0.0,0.0,0.0,0.0067,0.0067,0.0,-99999.0,21.28,21.019,13.701,-420.58,50
2015-10-04 22:19:00,0.0,3.7863,-0.11269,3.6736,0.0,13.913,13.748,23.986,0.00676,0.95668,0.0,0.0,0.0,0.00647,0.00647,0.0,-99999.0,21.278,21.006,13.692,-345.12,50
2015-10-04 22:20:00,0.0,3.6961,-0.15776,3.5384,0.0,13.895,13.748,23.979,0.00676,0.96515,0.0,0.0,0.0,0.00653,0.00653,0.0,-99999.0,21.337,21.063,13.673,-455.71,50
2015-10-04 22:21:00,0.0,3.8539,-0.2929899999999999,3.5609,0.0,13.854,13.748,23.973,0.00676,0.97572,0.0,0.0,0.0,0.0066,0.0066,0.0,-99999.0,21.414,21.15,13.646,-57.631,50
2015-10-04 22:22:00,0.0,3.7863,0.0,3.7863,0.0,13.812,13.748,23.973,0.00676,0.97784,0.0,0.0,0.0,0.00661,0.00661,0.0,-99999.0,21.476,21.213,13.627,-484.64,50
2015-10-04 22:23:00,0.0,3.8088,-0.24792,3.5609,0.0,13.798,13.747,23.973,0.00676,0.97151,0.0,0.0,0.0,0.00657,0.00657,0.0,-99999.0,21.504,21.23,13.606,-93.651,50
2015-10-04 22:24:00,0.0,3.7863,-0.1802999999999999,3.606,0.0,13.757,13.748,23.961,0.00676,0.96938,0.0,0.0,0.0,0.00655,0.00655,0.0,-99999.0,21.485,21.211,13.576,-524.34,50
2015-10-04 22:25:00,0.0,3.8088,-0.1352299999999999,3.6736,0.0,13.739,13.748,23.959,0.00676,0.97574,0.0,0.0,0.0,0.0066,0.0066,0.0,-99999.0,21.453,21.188,13.559,-431.02,50
2015-10-04 22:26:00,0.0,3.7863,-0.22538,3.5609,0.0,13.707,13.749,23.959,0.00676,0.96727,0.0,0.0,0.0,0.0065399999999999,0.0065399999999999,0.0,-99999.0,21.418,21.159,13.541,-336.26,50
2015-10-04 22:27:00,0.0,3.8088,-0.15776,3.6511,0.0,13.689,13.748,23.956,0.00676,0.95247,0.0,0.0,0.0,0.00644,0.00644,0.0,-99999.0,21.373,21.125,13.518,-610.43,50
2015-10-04 22:28:00,0.0,3.7638,-0.06761,3.6961,0.0,13.674,13.748,23.946,0.00676,0.92494,0.0,0.0,0.0,0.00625,0.00625,0.0,-99999.0,21.334,21.085,13.494,-706.32,50
2015-10-04 22:29:00,0.0,3.7187,-0.15776,3.5609,0.0,13.666,13.748,23.945,0.00676,0.91013,0.0,0.0,0.0,0.00615,0.00615,0.0,-99999.0,21.309,21.054,13.484,-267.33,50
2015-10-04 22:30:00,0.0,3.8088,-0.1352299999999999,3.6736,0.0,13.645,13.748,23.945,0.00676,0.9059,0.0,0.0,0.0,0.00613,0.00613,0.0,-99999.0,21.296,21.032,13.462,-514.03,50
2015-10-04 22:31:00,0.0,3.7863,-0.2028399999999999,3.5835,0.0,13.614,13.748,23.94,0.00676,0.92706,0.0,0.0,0.0,0.00627,0.00627,0.0,-99999.0,21.28,21.011,13.437,-407.51,50
2015-10-04 22:32:00,0.0,3.8088,-0.15776,3.6511,0.0,13.588,13.748,23.932,0.00676,0.96304,0.0,0.0,0.0,0.00651,0.00651,0.0,-99999.0,21.265,20.998,13.409,-227.36,50
2015-10-04 22:33:00,0.0,3.7863,-0.11269,3.6736,0.0,13.573,13.748,23.932,0.00676,0.97572,0.0,0.0,0.0,0.0066,0.0066,0.0,-99999.0,21.265,20.997,13.391,-536.81,50
2015-10-04 22:34:00,0.0,3.8314,-0.1802999999999999,3.6511,0.0,13.572,13.749,23.929,0.00676,0.9969,0.0,0.0,0.0,0.00674,0.00674,0.0,-99999.0,21.253,20.983,13.38,-272.84,50
2015-10-04 22:35:00,0.0,3.8089,-0.1352299999999999,3.6736,0.0,13.547,13.749,23.919,0.00676,1.016,0.0,0.0,0.0,0.00687,0.00687,0.0,-99999.0,21.223,20.959,13.358,-400.45,50
2015-10-04 22:36:00,0.0,3.8314,-0.1802999999999999,3.6511,0.0,13.534,13.749,23.918,0.00676,1.016,0.0,0.0,0.0,0.00687,0.00687,0.0,-99999.0,21.178,20.921,13.348,-573.78,50
2015-10-04 22:37:00,0.0,3.7863,-0.15776,3.6285,0.0,13.508,13.749,23.918,0.00676,1.0202,0.0,0.0,0.0,0.0068999999999999,0.0068999999999999,0.0,-99999.0,21.207,20.95,13.333,-281.17,50
2015-10-04 22:38:00,0.0,3.7863,-0.1802999999999999,3.606,0.0,13.468,13.748,23.907,0.00676,1.0202,0.0,0.0,0.0,0.0068999999999999,0.0068999999999999,0.0,-99999.0,21.268,21.028,13.306,-447.34,50
2015-10-04 22:39:00,0.0,3.7413,-0.06761,3.6737,0.0,13.441,13.749,23.904,0.00676,0.98632,0.0,0.0,0.0,0.0066699999999999,0.0066699999999999,0.0,-99999.0,21.346,21.133,13.293,-319.9,50
2015-10-04 22:40:00,0.0,3.7638,-0.1802999999999999,3.5835,0.0,13.411,13.75,23.898,0.00676,0.96515,0.0,0.0,0.0,0.00653,0.00653,0.0,-99999.0,21.396,21.19,13.269,-78.664,50
2015-10-04 22:41:00,0.0,3.7863,-0.0901499999999999,3.6962,0.0,13.39,13.75,23.891,0.00676,0.96092,0.0,0.0,0.0,0.0064999999999999,0.0064999999999999,0.0,-99999.0,21.408,21.189,13.249,-337.87,50
2015-10-04 22:42:00,0.0,3.8089,-0.1802999999999999,3.6286,0.0,13.36,13.75,23.891,0.00676,0.97151,0.0,0.0,0.0,0.00657,0.00657,0.0,-99999.0,21.391,21.158,13.231,-327.59,50
2015-10-04 22:43:00,0.0,3.7863,-0.0901499999999999,3.6962,0.0,13.353,13.749,23.884,0.00676,0.96728,0.0,0.0,0.0,0.0065399999999999,0.0065399999999999,0.0,-99999.0,21.346,21.107,13.218,-456.62,50
2015-10-04 22:44:00,0.0,3.7863,-0.2028399999999999,3.5835,0.0,13.355,13.75,23.877,0.00676,0.96515,0.0,0.0,0.0,0.00653,0.00653,0.0,-99999.0,21.298,21.057,13.202,-434.65,50
2015-10-04 22:45:00,0.0,3.7863,-0.1352299999999999,3.6511,0.0,13.352,13.75,23.877,0.00676,0.99268,0.0,0.0,0.0,0.0067099999999999,0.0067099999999999,0.0,-99999.0,21.268,21.019,13.196,-273.7,50
2015-10-04 22:46:00,0.0,3.7863,-0.11269,3.6736,0.0,13.353,13.75,23.868,0.00676,1.016,0.0,0.0,0.0,0.00687,0.00687,0.0,-99999.0,21.233,20.984,13.174,-239.25,50
2015-10-04 22:47:00,0.0,3.854,-0.1577699999999999,3.6962,0.0,13.351,13.75,23.864,0.00676,1.0117,0.0,0.0,0.0,0.0068399999999999,0.0068399999999999,0.0,-99999.0,21.221,20.962,13.168,-370.91,50
2015-10-04 22:48:00,0.0,3.8089,-0.1577699999999999,3.6511,0.0,13.349,13.751,23.861,0.00676,1.0139,0.0,0.0,0.0,0.0068599999999999,0.0068599999999999,0.0,-99999.0,21.21,20.949,13.163,-476.33,50
2015-10-04 22:49:00,0.0,3.8089,-0.15776,3.6511,0.0,13.343,13.75,23.853,0.00676,1.0392,0.0,0.0,0.0,0.0070299999999999,0.0070299999999999,0.0,-99999.0,21.193,20.931,13.149,-444.9,50
2015-10-04 22:50:00,0.0,3.8088,-0.20285,3.606,0.0,13.338,13.751,23.85,0.00676,1.035,0.0,0.0,0.0,0.007,0.007,0.0,-99999.0,21.179,20.914,13.137,-233.45,50
2015-10-04 22:51:00,0.0,3.7639,-0.04508,3.7188,0.0,13.329,13.751,23.844,0.00676,1.0202,0.0,0.0,0.0,0.0068999999999999,0.0068999999999999,0.0,-99999.0,21.154,20.887,13.132,-528.89,50
2015-10-04 22:52:00,0.0,3.7638,-0.22538,3.5384,0.0,13.33,13.75,23.836,0.00676,1.016,0.0,0.0,0.0,0.00687,0.00687,0.0,-99999.0,21.195,20.93,13.127,-111.26,50
2015-10-04 22:53:00,0.0,3.7864,-0.11269,3.6737,0.0,13.337,13.751,23.836,0.00676,1.0795,0.0,0.0,0.0,0.0073,0.0073,0.0,-99999.0,21.281,21.007,13.123,-172.64,50
2015-10-04 22:54:00,0.0,3.8089,-0.2028399999999999,3.6061,0.0,13.308,13.75,23.826,0.00676,1.0795,0.0,0.0,0.0,0.0073,0.0073,0.0,-99999.0,21.365,21.099,13.113,-401.18,50
2015-10-04 22:55:00,0.0,3.7864,-0.1352299999999999,3.6512,0.0,13.307,13.751,23.823,0.00676,1.0964,0.0,0.0,0.0,0.0074099999999999,0.0074099999999999,0.0,-99999.0,21.409,21.163,13.108,-160.05,50
2015-10-04 22:56:00,0.0,3.7639,-0.1352299999999999,3.6287,0.0,13.293,13.751,23.822,0.00676,1.0901,0.0,0.0,0.0,0.0073699999999999,0.0073699999999999,0.0,-99999.0,21.427,21.167,13.103,-504.53,50
2015-10-04 22:57:00,0.0,3.809,-0.1352299999999999,3.6737,0.0,13.274,13.751,23.809,0.00676,1.0837,0.0,0.0,0.0,0.0073299999999999,0.0073299999999999,0.0,-99999.0,21.403,21.138,13.08,-356.41,50
2015-10-04 22:58:00,0.0,3.809,-0.1352299999999999,3.6738,0.0,13.273,13.752,23.809,0.00676,1.088,0.0,0.0,0.0,0.00736,0.00736,0.0,-99999.0,21.386,21.116,13.075,-628.49,50
2015-10-04 22:59:00,0.0,3.8089,-0.2704599999999999,3.5385,0.0,13.273,13.752,23.808,0.00676,1.0372,0.0,0.0,0.0,0.0070099999999999,0.0070099999999999,0.0,-99999.0,21.363,21.089,13.064,-536.59,50
2015-10-04 23:00:00,0.0,3.7865,-0.18031,3.6062,0.0,13.241,13.752,23.796,0.00676,1.0118,0.0,0.0,0.0,0.0068399999999999,0.0068399999999999,0.0,-99999.0,21.336,21.059,13.045,-336.38,50
2015-10-04 23:01:00,0.0,3.809,-0.24792,3.5611,0.0,13.226,13.753,23.796,0.00676,1.0033,0.0,0.0,0.0,0.0067799999999999,0.0067799999999999,0.0,-99999.0,21.325,21.041,13.031,-287.57,50
2015-10-04 23:02:00,0.0,3.764,-0.04508,3.7189,0.0,13.214,13.752,23.796,0.00676,0.91866,0.0,0.0,0.0,0.00621,0.00621,0.0,-99999.0,21.311,21.035,13.017,-604.2,50
2015-10-04 23:03:00,0.0,3.9217,-0.22539,3.6964,0.0,13.194,13.753,23.784,0.00676,0.85302,0.0,0.0,0.0,0.00577,0.00577,0.0,-99999.0,21.293,21.013,12.995,-435.02,50
2015-10-04 23:04:00,0.0,3.8766,-0.2704599999999999,3.6061,0.0,13.18,13.753,23.782,0.00676,0.86148,0.0,0.0,0.0,0.0058199999999999,0.0058199999999999,0.0,-99999.0,21.28,20.992,12.985,23.361,50
2015-10-04 23:05:00,0.0,3.8316,-0.4057,3.4259,0.0,13.18,13.753,23.782,0.00676,0.86785,0.0,0.0,0.0,0.00587,0.00587,0.0,-99999.0,21.255,20.973,12.978,-245.67,50
2015-10-04 23:06:00,0.0,3.8767,-0.24793,3.6288,0.0,13.192,13.752,23.782,0.00676,0.86362,0.0,0.0,0.0,0.0058399999999999,0.0058399999999999,0.0,-99999.0,21.257,20.996,12.976,-404.74,50
2015-10-04 23:07:00,0.0,3.9894,-0.38316,3.6062,0.0,13.195,13.753,23.769,0.00676,0.87843,0.0,0.0,0.0,0.00594,0.00594,0.0,-99999.0,21.327,21.092,12.964,31.099,50
2015-10-04 23:08:00,0.0,3.7866,-0.11269,3.6739,0.0,13.204,13.753,23.769,0.00676,0.86785,0.0,0.0,0.0,0.00587,0.00587,0.0,-99999.0,21.431,21.197,12.967,-301.25,50
2015-10-04 23:09:00,0.0,3.8091,-0.20285,3.6063,0.0,13.186,13.753,23.761,0.00676,0.86362,0.0,0.0,0.0,0.0058399999999999,0.0058399999999999,0.0,-99999.0,21.545,21.325,12.959,-271.43,50
2015-10-04 23:10:00,0.0,3.8316,-0.18032,3.6513,0.0,13.191,13.753,23.755,0.00676,0.85726,0.0,0.0,0.0,0.0057999999999999,0.0057999999999999,0.0,-99999.0,21.6,21.389,12.957,-422.81,50
2015-10-04 23:11:00,0.0,3.8542,-0.24793,3.6062,0.0,13.193,13.753,23.755,0.00676,0.84669,0.0,0.0,0.0,0.0057299999999999,0.0057299999999999,0.0,-99999.0,21.582,21.363,12.958,-188.69,50
2015-10-04 23:12:00,0.0,3.764,-0.15778,3.6062,0.0,13.189,13.753,23.755,0.00676,0.8403399999999999,0.0,0.0,0.0,0.00568,0.00568,0.0,-99999.0,21.53,21.3,12.944,-234.47,50
2015-10-04 23:13:00,0.0,3.8316,-0.18032,3.6513,0.0,13.165,13.753,23.743,0.00676,0.83186,0.0,0.0,0.0,0.00562,0.00562,0.0,-99999.0,21.468,21.225,12.926,-273.96,50
2015-10-04 23:14:00,0.0,3.8092,-0.15778,3.6514,0.0,13.16,13.754,23.741,0.00676,0.81493,0.0,0.0,0.0,0.00551,0.00551,0.0,-99999.0,21.429,21.171,12.923,-266.94,50
2015-10-04 23:15:00,0.0,3.8767,-0.2930099999999999,3.5837,0.0,13.16,13.752,23.741,0.00676,0.8128199999999999,0.0,0.0,0.0,0.0054999999999999,0.0054999999999999,0.0,-99999.0,21.401,21.13,12.916,-250.47,50
2015-10-04 23:16:00,0.0,3.7866,-0.20286,3.5838,0.0,13.123,13.754,23.741,0.00676,0.8128199999999999,0.0,0.0,0.0,0.0054999999999999,0.0054999999999999,0.0,-99999.0,21.375,21.097,12.908,-390.87,50
2015-10-04 23:17:00,0.0,3.8091,-0.18031,3.6288,0.0,13.085,13.754,23.731,0.00676,0.8128199999999999,0.0,0.0,0.0,0.0054999999999999,0.0054999999999999,0.0,-99999.0,21.338,21.058,12.889,-75.67499999999998,50
2015-10-04 23:18:00,0.0,3.8542,-0.29302,3.5612,0.0,13.064,13.753,23.729,0.00676,0.81283,0.0,0.0,0.0,0.0054999999999999,0.0054999999999999,0.0,-99999.0,21.311,21.024,12.875,-195.02,50
2015-10-04 23:19:00,0.0,3.8317,-0.15778,3.6739,0.0,13.059,13.753,23.728,0.00676,0.8128199999999999,0.0,0.0,0.0,0.0054999999999999,0.0054999999999999,0.0,-99999.0,21.279,20.995,12.868,-301.48,50
2015-10-04 23:20:00,0.0,3.764,-0.15778,3.6063,0.0,13.067,13.754,23.729,0.00676,0.8128199999999999,0.0,0.0,0.0,0.0054999999999999,0.0054999999999999,0.0,-99999.0,21.234,20.939,12.87,-434.09,50
2015-10-04 23:21:00,0.0,3.8767,-0.31556,3.5612,0.0,13.057,13.753,23.728,0.00676,0.8128199999999999,0.0,0.0,0.0,0.0054999999999999,0.0054999999999999,0.0,61.298,21.233,20.953,12.867,-102.22,50
2015-10-04 23:22:00,0.0,3.8542,-0.31556,3.5386,0.0,13.028,13.753,23.717,0.00676,0.81495,0.0,0.0,0.0,0.00551,0.00551,0.0,-99999.0,21.299,20.998,12.854,265.68,50
2015-10-04 23:23:00,0.0,3.8091,-0.1126999999999999,3.6964,0.0,13.035,13.753,23.714,0.00676,0.8128199999999999,0.0,0.0,0.0,0.0054999999999999,0.0054999999999999,0.0,-99999.0,21.377,21.094,12.852,-218.4,50
2015-10-04 23:24:00,0.0,3.8542,-0.36063,3.4936,0.0,13.066,13.753,23.714,0.00676,0.82552,0.0,0.0,0.0,0.0055799999999999,0.0055799999999999,0.0,-99999.0,21.435,21.199,12.852,-20.24,50
2015-10-04 23:25:00,0.0,3.7866,-0.2479399999999999,3.5387,0.0,13.059,13.753,23.712,0.00676,0.8339999999999999,0.0,0.0,0.0,0.00564,0.00564,0.0,-99999.0,21.453,21.223,12.862,-368.42,50
2015-10-04 23:26:00,0.0,3.8092,-0.2253999999999999,3.5838,0.0,13.06,13.754,23.704,0.00676,0.8403399999999999,0.0,0.0,0.0,0.00568,0.00568,0.0,-99999.0,21.429,21.194,12.861,-425.83,50
2015-10-04 23:27:00,0.0,3.7641,-0.2253999999999999,3.5387,0.0,13.05,13.753,23.701,0.00676,0.85729,0.0,0.0,0.0,0.0057999999999999,0.0057999999999999,0.0,-99999.0,21.39,21.147,12.846,-344.54,50
2015-10-04 23:28:00,0.0,3.7866,-0.2704699999999999,3.5161,0.0,13.008,13.754,23.702,0.00676,0.86151,0.0,0.0,0.0,0.00583,0.00583,0.0,-99999.0,21.346,21.098,12.851,-210.99,50
2015-10-04 23:29:00,0.0,3.7866,-0.27048,3.5161,0.0,12.953,13.754,23.701,0.00676,0.8509299999999999,0.0,0.0,0.0,0.0057499999999999,0.0057499999999999,0.0,-99999.0,21.295,21.044,12.843,63.843,50
2015-10-04 23:30:00,0.0,3.8317,-0.18032,3.6514,0.0,12.975,13.754,23.697,0.00676,0.8339999999999999,0.0,0.0,0.0,0.00564,0.00564,0.0,-99999.0,21.24,20.986,12.841,-402.25,50
2015-10-04 23:31:00,0.0,3.7866,0.0,3.7866,0.0,12.97,13.753,23.689,0.00676,0.85304,0.0,0.0,0.0,0.00577,0.00577,0.0,-99999.0,21.186,20.929,12.826,-501.84,50
2015-10-04 23:32:00,0.0,3.7866,0.0,3.7866,0.0,12.989,13.754,23.689,0.00676,0.83399,0.0,0.0,0.0,0.00564,0.00564,0.0,-99999.0,21.154,20.895,12.828,-862.4199999999998,50
2015-10-04 23:33:00,0.0,3.7641,-0.06762,3.6965,0.0,13.008,13.754,23.691,0.00676,0.82764,0.0,0.0,0.0,0.0055999999999999,0.0055999999999999,0.0,-99999.0,21.119,20.855,12.835,-601.75,50
2015-10-04 23:34:00,0.0,3.7641,-0.02254,3.7415,0.0,12.999,13.755,23.681,0.00676,0.8170699999999999,0.0,0.0,0.0,0.0055199999999999,0.0055199999999999,0.0,-99999.0,21.122,20.855,12.82,-640.68,50
2015-10-04 23:35:00,0.0,3.7415,-0.13524,3.6063,0.0,12.978,13.754,23.677,0.00676,0.81706,0.0,0.0,0.0,0.0055199999999999,0.0055199999999999,0.0,-99999.0,21.177,20.913,12.81,-338.79,50
2015-10-04 23:36:00,0.0,3.8768,-0.27048,3.6063,0.0,12.962,13.753,23.675,0.00676,0.8170699999999999,0.0,0.0,0.0,0.0055199999999999,0.0055199999999999,0.0,-99999.0,21.242,20.977,12.806,-17.717,50
2015-10-04 23:37:00,0.0,3.8317,-0.20286,3.6288,0.0,12.957,13.755,23.677,0.00676,0.8128199999999999,0.0,0.0,0.0,0.0054999999999999,0.0054999999999999,0.0,-99999.0,21.297,21.071,12.799,-359.81,50
2015-10-04 23:38:00,0.0,3.7866,-0.27048,3.5161,0.0,12.958,13.754,23.664,0.00676,0.8128199999999999,0.0,0.0,0.0,0.0054999999999999,0.0054999999999999,0.0,-99999.0,21.329,21.107,12.801,65.69,50
2015-10-04 23:39:00,0.0,3.7641,-0.15778,3.6063,0.0,12.945,13.754,23.66,0.00676,0.81494,0.0,0.0,0.0,0.00551,0.00551,0.0,-99999.0,21.34,21.091,12.801,-118.58,50
2015-10-04 23:40:00,0.0,3.7866,-0.13524,3.6514,0.0,12.922,13.755,23.666,0.00676,0.8128199999999999,0.0,0.0,0.0,0.0054999999999999,0.0054999999999999,0.0,-99999.0,21.337,21.07,12.799,-189.0,50
2015-10-04 23:41:00,0.0,3.7866,-0.09016,3.6965,0.0,12.907,13.754,23.653,0.00676,0.8128199999999999,0.0,0.0,0.0,0.0054999999999999,0.0054999999999999,0.0,-99999.0,21.292,21.02,12.78,-608.11,50
2015-10-04 23:42:00,0.0,3.7866,-0.15778,3.6288,0.0,12.928,13.755,23.65,0.00676,0.78108,0.0,0.0,0.0,0.00528,0.00528,0.0,-99999.0,21.258,20.976,12.778,-206.0,50
2015-10-04 23:43:00,0.0,3.7866,-0.18032,3.6063,0.0,12.958,13.756,23.649,0.00676,0.7493199999999999,0.0,0.0,0.0,0.0050699999999999,0.0050699999999999,0.0,-99999.0,21.231,20.936,12.779,-571.53,50
2015-10-04 23:44:00,0.0,3.7641,-0.1126999999999999,3.6514,0.0,12.956,13.756,23.649,0.00676,0.76415,0.0,0.0,0.0,0.00517,0.00517,0.0,-99999.0,21.198,20.901,12.789,-247.15,50
2015-10-04 23:45:00,0.0,3.8542,-0.2253999999999999,3.6288,0.0,12.953,13.755,23.637,0.00676,0.7260499999999999,0.0,0.0,0.0,0.00491,0.00491,0.0,-99999.0,21.155,20.859,12.784,-157.93,50
2015-10-04 23:46:00,0.0,3.8317,-0.27048,3.5612,0.0,12.93,13.754,23.635,0.00676,0.7218,0.0,0.0,0.0,0.0048799999999999,0.0048799999999999,0.0,-99999.0,21.142,20.853,12.786,-124.03,50
2015-10-04 23:47:00,0.0,3.8317,-0.2479399999999999,3.5838,0.0,12.963,13.756,23.639,0.00676,0.7218,0.0,0.0,0.0,0.0048799999999999,0.0048799999999999,0.0,-99999.0,21.214,20.954,12.798,-79.985,50
2015-10-04 23:48:00,0.0,3.7866,-0.1126999999999999,3.6739,0.0,13.027,13.755,23.628,0.00676,0.7493199999999999,0.0,0.0,0.0,0.0050699999999999,0.0050699999999999,0.0,-99999.0,21.313,21.079,12.773,-300.79,50
2015-10-04 23:49:00,0.0,3.7866,-0.2479399999999999,3.5387,0.0,12.986,13.756,23.621,0.00676,0.7471999999999999,0.0,0.0,0.0,0.0050499999999999,0.0050499999999999,0.0,-99999.0,21.435,21.206,12.784,-95.418,50
2015-10-04 23:50:00,0.0,3.8317,-0.27048,3.5612,0.0,12.981,13.755,23.629,0.00676,0.7493199999999999,0.0,0.0,0.0,0.0050699999999999,0.0050699999999999,0.0,-99999.0,21.542,21.345,12.805,121.09,50
2015-10-04 23:51:00,0.0,3.8092,-0.31556,3.4936,0.0,13.006,13.756,23.626,0.00676,0.7599099999999999,0.0,0.0,0.0,0.0051399999999999,0.0051399999999999,0.0,-99999.0,21.564,21.377,12.805,-254.04,50
2015-10-04 23:52:00,0.0,3.7866,-0.2479399999999999,3.5387,0.0,12.982,13.756,23.622,0.00676,0.76838,0.0,0.0,0.0,0.0051999999999999,0.0051999999999999,0.0,-99999.0,21.541,21.341,12.812,-72.26,50
2015-10-04 23:53:00,0.0,3.7866,-0.1126999999999999,3.6739,0.0,13.026,13.755,23.612,0.00676,0.79801,0.0,0.0,0.0,0.0054,0.0054,0.0,-99999.0,21.488,21.275,12.799,-397.6,50
2015-10-04 23:54:00,0.0,3.7866,-0.18032,3.6063,0.0,13.034,13.756,23.614,0.00676,0.81071,0.0,0.0,0.0,0.0054799999999999,0.0054799999999999,0.0,-99999.0,21.446,21.216,12.792,-167.95,50
2015-10-04 23:55:00,0.0,3.8092,-0.15778,3.6514,0.0,13.01,13.756,23.614,0.00676,0.8128199999999999,0.0,0.0,0.0,0.0054999999999999,0.0054999999999999,0.0,-99999.0,21.406,21.154,12.795,-85.144,50
2015-10-04 23:56:00,0.0,3.8317,-0.15778,3.6739,0.0,12.99,13.756,23.615,0.00676,0.8128199999999999,0.0,0.0,0.0,0.0054999999999999,0.0054999999999999,0.0,-99999.0,21.364,21.093,12.801,-415.32,50
2015-10-04 23:57:00,0.0,3.7641,-0.18032,3.5838,0.0,12.976,13.756,23.611,0.00676,0.8128199999999999,0.0,0.0,0.0,0.0054999999999999,0.0054999999999999,0.0,-99999.0,21.315,21.037,12.793,-537.65,50
2015-10-04 23:58:00,0.0,3.8092,-0.18032,3.6288,0.0,13.046,13.756,23.602,0.00676,0.8128199999999999,0.0,0.0,0.0,0.0054999999999999,0.0054999999999999,0.0,-99999.0,21.341,21.089,12.788,-235.04,50
2015-10-04 23:59:00,0.0,3.8092,-0.18032,3.6289,0.0,12.973,13.755,23.603,0.00676,0.81071,0.0,0.0,0.0,0.0054799999999999,0.0054799999999999,0.0,-99999.0,21.419,21.198,12.797,-316.5,50
