measured_on,ac_current__758,ac_power__752,ac_volts__757,ambient_temp__759,das_battery_voltage__769,das_temperature__764,dc_neg_current__756,dc_neg_voltage__755,dc_pos_current__754,dc_pos_voltage__753,dc_power_1__765,dc_power_2__766,dc_power__751,inverter_temp_2__770,inveter_temp__763,module_temp_1__760,module_temp_2__761,module_temp_3__762,poa_irradiance__750,system_id
2022-11-05 00:00:00,0.0,-2.6419,0.0,6.1162,0.00067,13.956,0.00875,0.07634,0.0,-0.0021199999999999,0.0,0.54193,0.00067,-3.1839,17.72,2.7351,2.7195,2.7123,-308.72,50
2022-11-05 00:01:00,0.0,-2.6644,0.0,6.0062,0.0007399999999999,13.956,0.0091699999999999,0.0805799999999999,0.0,-0.0084799999999999,0.0,0.6774,0.0007399999999999,-3.3418,17.801,2.716,2.7322,2.6779,-223.19,50
2022-11-05 00:02:00,0.0,-2.6645,0.0,6.0289,0.00068,13.956,0.0086099999999999,0.07846,0.0,-0.0021199999999999,0.0,0.5419199999999998,0.00068,-3.2064,17.835,2.6843,2.7356,2.6567,-375.63,50
2022-11-05 00:03:00,0.0,-2.5741,0.0,5.9475,0.0006499999999999,13.956,0.00847,0.07634,0.0,-0.0021199999999999,0.0,0.40643,0.0006499999999999,-2.9805,17.871,2.6146,2.6378,2.5714,-884.1699999999998,50
2022-11-05 00:04:00,0.0,-2.6418,0.0,5.8921,0.0006499999999999,13.956,0.00847,0.07634,0.0,-0.0042399999999999,0.0,0.58708,0.0006499999999999,-3.2289,17.904,2.5905,2.5799,2.4441,-318.72,50
2022-11-05 00:05:00,0.0,-2.7322,0.0,5.9174,0.0006499999999999,13.956,0.00847,0.07634,0.0,-0.0106,0.0,0.5870699999999999,0.0006499999999999,-3.3192,17.906,2.6408,2.5689,2.4334,-202.78,50
2022-11-05 00:06:00,0.0,-2.7096,0.0,5.8038,0.0006499999999999,13.956,0.00847,0.07634,0.0,-0.0021199999999999,0.0,0.5870699999999999,0.0006499999999999,-3.2966,17.885,2.4438,2.4167,2.3048,-416.07,50
2022-11-05 00:07:00,0.0,-2.529,0.0,5.629,0.0006499999999999,13.955,0.00847,0.07634,0.0,0.0084799999999999,0.0,0.5419,0.0006499999999999,-3.0709,17.872,2.224,2.238,2.0743,-575.73,50
2022-11-05 00:08:00,0.0,-2.7773,0.0,5.4396,0.0006499999999999,13.955,0.00847,0.07634,-0.0001399999999999,-0.0042399999999999,0.0,0.5870699999999999,0.0006499999999999,-3.3643,17.848,2.0991,2.0949,1.9468,-761.19,50
2022-11-05 00:09:00,0.0,-2.845,0.0,5.2419,0.0006499999999999,13.955,0.00847,0.07634,-0.00042,-0.0042399999999999,0.0,0.6773799999999999,0.0006499999999999,-3.5223,17.871,1.9628,1.9852,1.78,-228.21,50
2022-11-05 00:10:00,0.0,-2.6418,0.0,5.0831,0.0006499999999999,13.954,0.00875,0.0742199999999999,0.0,-0.0106,0.0,0.5870699999999999,0.0006499999999999,-3.2289,17.918,1.8299,1.8827,1.6576,-480.53,50
2022-11-05 00:11:00,0.0,-2.5012,0.0,4.949,0.0006099999999999,13.951,0.0086,0.07047,0.0,0.00783,0.0,0.54191,0.0006099999999999,-3.0431,17.966,1.6471,1.759,1.4897,-495.84,50
2022-11-05 00:12:00,0.0,-2.5966,0.0,4.8231,0.0005599999999999,13.953,0.00847,0.06574,0.0001399999999999,0.00636,0.0,0.5870499999999998,0.0005599999999999,-3.1837,18.021,1.4436,1.5788,1.2776,-688.75,50
2022-11-05 00:13:00,0.0,-2.5063,0.0,4.6633,0.0006099999999999,13.953,0.00847,0.0720999999999999,-0.0001399999999999,0.00636,0.0,0.51932,0.0006099999999999,-3.0256,18.082,1.2133,1.3925,1.0681,-435.77,50
2022-11-05 00:14:00,0.0,-2.6869,0.0,4.5503,0.00064,13.954,0.00931,0.06786,0.0,-0.0106,0.0,0.6999699999999999,0.00064,-3.3869,18.156,1.0203,1.2044,0.8985699999999999,-286.25,50
2022-11-05 00:15:00,0.0,-2.5288,0.0,4.4309,0.0005199999999999,13.954,0.00847,0.06149,0.0,0.0106,0.0,0.51932,0.0005199999999999,-3.0481,18.189,0.93443,1.0724,0.8037199999999999,-358.46,50
2022-11-05 00:16:00,0.0,-2.574,0.0,4.3619,0.0005699999999999,13.953,0.00847,0.06786,0.0,0.0042399999999999,0.0,0.47416,0.0005699999999999,-3.0481,18.159,0.85829,0.92824,0.7317,-654.3,50
2022-11-05 00:17:00,0.0,-2.6869,0.0,4.2616,0.0005599999999999,13.953,0.00889,0.06361,0.0,-0.0021199999999999,0.0,0.5870499999999998,0.0005599999999999,-3.2739,18.131,0.79664,0.83584,0.61648,-501.5,50
2022-11-05 00:18:00,0.0,-2.6191,0.0,4.0877,0.0004699999999999,13.952,0.00847,0.0551299999999999,0.0,-0.0021199999999999,0.0,0.45157,0.0004699999999999,-3.0707,18.078,0.8055999999999999,0.84037,0.7115599999999999,-640.77,50
2022-11-05 00:19:00,0.0,-2.5288,0.0,3.9596,0.0004699999999999,13.952,0.00847,0.0551299999999999,0.0,0.0042399999999999,0.0,0.51931,0.0004699999999999,-3.0482,18.015,0.8082,0.8456299999999999,0.7262199999999999,-770.69,50
2022-11-05 00:20:00,0.0,-2.6643,0.0,3.8894,0.0004499999999999,13.952,0.00889,0.0508899999999999,0.0,-0.0021199999999999,0.0,0.5644599999999999,0.0004499999999999,-3.2288,18.028,0.72091,0.79924,0.70465,-584.62,50
2022-11-05 00:21:00,0.0,-2.5965,0.0,3.8202,0.0004299999999999,13.952,0.00847,0.0508899999999999,0.0,-0.0084799999999999,0.0,0.58703,0.0004299999999999,-3.1835,18.069,0.6694299999999999,0.67502,0.59586,-507.72,50
2022-11-05 00:22:00,0.0,-2.6868,0.0,3.834,0.00038,13.951,0.0086099999999999,0.04453,0.0,0.0021199999999999,0.0,0.6096099999999999,0.00038,-3.2964,18.117,0.58116,0.62656,0.54574,-396.98,50
2022-11-05 00:23:00,0.0,-2.6868,0.0,3.7915,0.0003699999999999,13.95,0.0086099999999999,0.04241,0.0,0.0,0.0,0.5644599999999999,0.0003699999999999,-3.2512,18.182,0.48625,0.5526499999999999,0.3995,-351.81,50
2022-11-05 00:24:00,0.0,-2.6416,0.0,3.8204,0.00033,13.95,0.0086099999999999,0.03817,0.0,-0.0021199999999999,0.0,0.54188,0.00033,-3.1835,18.24,0.45888,0.47243,0.2859499999999999,-389.66,50
2022-11-05 00:25:00,0.0,-2.5965,0.0,3.902,0.00025,13.95,0.00847,0.02968,0.0,0.0,0.0,0.56444,0.00025,-3.1609,18.25,0.5523299999999999,0.54541,0.4069999999999999,-448.61,50
2022-11-05 00:26:00,0.0,-2.7771,0.0,4.0181,0.00025,13.949,0.00847,0.02969,0.0,-0.0021199999999999,0.0,0.6096,0.00025,-3.3867,18.222,0.59662,0.53403,0.4201699999999999,-234.51,50
2022-11-05 00:27:00,0.0,-2.6416,0.0,4.1742,0.00025,13.95,0.0086099999999999,0.02969,0.0,-0.0042399999999999,0.0,0.5418699999999999,0.00025,-3.1835,18.189,0.7372699999999999,0.56817,0.49979,-518.37,50
2022-11-05 00:28:00,0.0,-2.6642,0.0,4.2509,0.00032,13.95,0.00847,0.03817,0.0,-0.0042399999999999,0.0,0.5870199999999999,0.00032,-3.2512,18.125,0.7940599999999999,0.5525999999999999,0.54681,-176.66,50
2022-11-05 00:29:00,0.0,-2.7319,0.0,4.2663,0.00027,13.949,0.0086099999999999,0.0318099999999999,0.0,-0.00636,0.0,0.6096,0.00027,-3.3415,18.088,0.77548,0.4850499999999999,0.5015699999999998,-121.03,50
2022-11-05 00:30:00,0.0,-2.5513,0.0,4.3042,0.00022,13.949,0.0086099999999999,0.02544,0.0,-0.0042399999999999,0.0,0.56444,0.00022,-3.1158,18.083,0.8006499999999999,0.47086,0.4731699999999999,-628.74,50
2022-11-05 00:31:00,0.0,-2.5964,0.0,4.3997,0.00022,13.949,0.00847,0.02544,0.0,-0.0021199999999999,0.0,0.54186,0.00022,-3.1383,18.11,0.91092,0.64588,0.54863,-686.33,50
2022-11-05 00:32:00,0.0,-2.5739,0.0,4.5077,0.00022,13.948,0.00847,0.02544,0.0,-0.0042399999999999,0.0,0.6096,0.00022,-3.1835,18.142,0.96907,0.77326,0.59884,-526.5,50
2022-11-05 00:33:00,0.0,-2.6642,0.0,4.5992,0.00022,13.948,0.00847,0.02544,0.0,0.0,0.0,0.56444,0.00022,-3.2286,18.144,1.036,0.88019,0.67239,-395.21,50
2022-11-05 00:34:00,0.0,-2.5061,0.0,4.6307,0.00022,13.948,0.00847,0.02544,0.0,0.0,0.0,0.47413,0.00022,-2.9803,18.148,1.1071,0.98484,0.6992,-680.29,50
2022-11-05 00:35:00,0.0,-2.7093,0.0,4.6144,0.00022,13.947,0.00847,0.02544,0.0,0.0,0.0,0.47413,0.00022,-3.1835,18.139,1.0835,1.0046,0.69701,-460.51,50
2022-11-05 00:36:00,0.0,-2.6868,0.0,4.5578,0.00022,13.947,0.00847,0.02544,-0.0001399999999999,-0.0021199999999999,0.0,0.5870199999999999,0.00021,-3.2738,18.085,1.0828,0.94331,0.5975599999999999,-454.33,50
2022-11-05 00:37:00,0.0,-2.619,0.0,4.5169,0.00022,13.947,0.00847,0.02544,-0.0002799999999999,0.00636,0.0,0.4967099999999999,0.00022,-3.1157,18.037,1.1123,0.92336,0.63524,-644.8,50
2022-11-05 00:38:00,0.0,-2.7093,0.0,4.5106,0.0002,13.947,0.00847,0.02332,0.0,0.0,0.0,0.6096,0.0002,-3.3189,18.03,1.1678,0.93635,0.7021899999999999,-620.23,50
2022-11-05 00:39:00,0.0,-2.6416,0.0,4.4232,0.0002,13.947,0.00847,0.02332,0.0,0.0,0.0,0.4967099999999999,0.0002,-3.1383,18.042,1.1053,0.83594,0.61596,-473.62,50
2022-11-05 00:40:00,0.0,-2.5061,0.0,4.3555,0.00018,13.947,0.00847,0.0212,-0.0001399999999999,0.0106,0.0,0.5192799999999999,0.00018,-3.0254,18.088,1.0901,0.77759,0.5775,-528.65,50
2022-11-05 00:41:00,0.0,-2.9351,0.0,4.3063,0.0001299999999999,13.946,0.00847,0.01484,0.0,0.00636,0.0,0.56444,0.0001299999999999,-3.4995,18.132,0.97134,0.70811,0.46228,-493.07,50
2022-11-05 00:42:00,0.0,-2.8222,0.0,4.2196,0.00016,13.945,0.00847,0.01908,0.0,0.0021199999999999,0.0,0.6096,0.00016,-3.4318,18.159,0.82471,0.58965,0.37273,-350.85,50
2022-11-05 00:43:00,0.0,-2.7319,0.0,4.1016,0.0001299999999999,13.945,0.00847,0.01484,0.0,-0.00636,0.0,0.63217,0.0001299999999999,-3.364,18.149,0.68964,0.49159,0.26238,-258.61,50
2022-11-05 00:44:00,0.0,-2.7093,0.0,3.9853,9e-05,13.945,0.00833,0.0106,-0.0001399999999999,0.0021199999999999,0.0,0.5870199999999999,9e-05,-3.2963,18.109,0.5168399999999999,0.3830299999999999,0.10768,-488.58,50
2022-11-05 00:45:00,0.0,-2.6416,0.0,3.8506,9e-05,13.944,0.00847,0.0106,0.0,-0.00636,0.0,0.5870199999999999,9e-05,-3.2286,18.032,0.41791,0.2670299999999999,-0.0400099999999999,-391.66,50
2022-11-05 00:46:00,0.0,-2.8674,0.0,3.6967,0.0,13.943,0.00847,0.0,-0.0001399999999999,0.0021199999999999,0.0,0.65475,0.0,-3.5221,17.948,0.47349,0.30302,-0.0123599999999999,-185.44,50
2022-11-05 00:47:00,0.0,-2.7319,0.0,3.6158,5e-05,13.944,0.00847,0.00636,0.0,0.0,0.0,0.56444,5e-05,-3.2963,17.907,0.47254,0.39448,0.08569,-506.32,50
2022-11-05 00:48:00,0.0,-2.6416,0.0,3.7884,5e-05,13.944,0.00847,0.00636,0.0,-0.0169599999999999,0.0,0.72248,5e-05,-3.364,17.908,0.51871,0.43572,0.05405,-353.71,50
2022-11-05 00:49:00,0.0,-2.7093,0.0,3.9098,2e-05,13.943,0.00847,0.0021199999999999,-0.0001399999999999,0.01272,0.0,0.54186,2e-05,-3.2512,17.927,0.53371,0.56549,0.0899299999999999,-432.11,50
2022-11-05 00:50:00,0.0,-2.5287,0.0,3.9425,0.00016,13.944,0.00847,0.01908,-0.0001399999999999,0.0021199999999999,0.0,0.4967099999999999,0.00016,-3.0254,17.97,0.47414,0.44716,0.0043699999999999,-561.55,50
2022-11-05 00:51:00,0.0,-2.6868,0.0,3.8869,0.0,13.944,0.00847,0.0,0.0,-0.00636,0.0,0.5870199999999999,0.0,-3.2738,18.02,0.3746599999999999,0.4011199999999999,-0.03606,-472.89,50
2022-11-05 00:52:00,0.0,-2.6868,0.0,3.7897,-0.0001299999999999,13.943,0.00847,-0.01484,0.0,0.0021199999999999,0.0,0.6096,-0.0001299999999999,-3.2963,18.1,0.3154699999999999,0.3095399999999999,-0.15098,-305.83,50
2022-11-05 00:53:00,0.0,-2.6868,0.0,3.7338,-2e-05,13.943,0.00847,-0.0021199999999999,0.0,-0.0042399999999999,0.0,0.56444,-2e-05,-3.2512,18.173,0.27404,0.27009,-0.23014,-468.04,50
2022-11-05 00:54:00,0.0,-2.6642,0.0,3.6894,4e-05,13.943,0.00847,0.0042399999999999,0.0,-0.00636,0.0,0.63217,4e-05,-3.2963,18.218,0.2859999999999999,0.24604,-0.3083299999999999,-535.47,50
2022-11-05 00:55:00,0.0,-2.5287,0.0,3.891,9e-05,13.943,0.00847,0.0106,0.0,-0.0021199999999999,0.0,0.47413,9e-05,-3.0028,18.215,0.3949699999999999,0.27998,-0.2691399999999999,-596.11,50
2022-11-05 00:56:00,0.0,-2.7771,0.0,4.0384,-9e-05,13.942,0.00847,-0.0106,0.0,0.0042399999999999,0.0,0.6096,-9e-05,-3.3866,18.192,0.43602,0.22227,-0.2921,-313.21,50
2022-11-05 00:57:00,0.0,-2.5513,0.0,3.9893,5e-05,13.941,0.0081799999999999,0.00636,0.0,-0.0021199999999999,0.0,0.6096,5e-05,-3.1609,18.158,0.3188599999999999,0.1806599999999999,-0.31722,-267.83,50
2022-11-05 00:58:00,0.0,-2.7319,0.0,3.9076,-7e-05,13.941,0.00847,-0.0084799999999999,-0.0002799999999999,0.00636,0.0,0.51929,-8e-05,-3.2512,18.142,0.2380299999999999,0.1745599999999999,-0.3514499999999999,-429.92,50
2022-11-05 00:59:00,0.0,-2.5964,0.0,3.8305,-2e-05,13.941,0.00847,-0.0021199999999999,0.0,-0.0042399999999999,0.0,0.6096,-2e-05,-3.206,18.137,0.30037,0.24646,-0.35008,-586.39,50
2022-11-05 01:00:00,0.0,-2.7545,0.0,3.8267,-4e-05,13.941,0.00833,-0.0042399999999999,0.0,-0.0042399999999999,0.0,0.65475,-4e-05,-3.4092,18.156,0.28221,0.17397,-0.41785,-427.26,50
2022-11-05 01:01:00,0.0,-2.5513,0.0,3.7566,0.0,13.941,0.00847,0.0,0.0,-0.0021199999999999,0.0,0.5192799999999999,0.0,-3.0706,18.2,0.16077,0.1278499999999999,-0.47608,-502.84,50
2022-11-05 01:02:00,0.0,-2.7093,0.0,3.7136,0.0,13.941,0.00833,0.0,0.0,-0.01908,0.0,0.8127999999999999,0.0,-3.5221,18.261,0.09825,0.0828499999999999,-0.5188099999999999,-309.71,50
2022-11-05 01:03:00,0.0,-2.6868,0.0,3.6089,0.0,13.941,0.00833,0.0,0.0,-0.0042399999999999,0.0,0.5870199999999999,0.0,-3.2738,18.312,0.01099,0.0594099999999999,-0.55262,-442.41,50
2022-11-05 01:04:00,0.0,-2.5061,0.0,3.4232,-4e-05,13.94,0.00847,-0.0042399999999999,-0.0001399999999999,-0.0021199999999999,0.0,0.5192799999999999,-4e-05,-3.0254,18.322,-0.1353,-0.0829799999999999,-0.6732099999999999,-519.21,50
2022-11-05 01:05:00,0.0,-2.7545,0.0,3.2977,-4e-05,13.941,0.00847,-0.0042399999999999,0.0,0.0021199999999999,0.0,0.56444,-4e-05,-3.3189,18.297,-0.2959399999999999,-0.2199899999999999,-0.83872,-266.68,50
2022-11-05 01:06:00,0.0,-2.6642,0.0,3.1638,-2e-05,13.941,0.00833,-0.0021199999999999,0.0,-0.0021199999999999,0.0,0.54186,-2e-05,-3.206,18.248,-0.4123999999999999,-0.33495,-0.93176,-346.42,50
2022-11-05 01:07:00,0.0,-2.6642,0.0,3.003,-5e-05,13.941,0.00833,-0.00636,0.0,0.0042399999999999,0.0,0.56444,-5e-05,-3.2286,18.181,-0.46683,-0.36806,-0.94635,-362.54,50
2022-11-05 01:08:00,0.0,-2.7319,0.0,2.8701,-4e-05,13.94,0.00833,-0.0042399999999999,-0.0001399999999999,0.0,0.0,0.56444,-4e-05,-3.2963,18.145,-0.5141299999999999,-0.3841999999999999,-1.0014,-459.45,50
2022-11-05 01:09:00,0.0,-2.6416,0.0,2.7986,-5e-05,13.941,0.0081799999999999,-0.00636,0.0,-0.00636,0.0,0.67732,-5e-05,-3.3189,18.166,-0.4927699999999999,-0.4266599999999999,-1.0442,-238.61,50
2022-11-05 01:10:00,0.0,-2.7545,0.0,2.793,0.0,13.94,0.00804,0.0,0.0,-0.01272,0.0,0.81279,0.0,-3.5672,18.212,-0.44973,-0.46281,-1.0765,-10.585,50
2022-11-05 01:11:00,0.0,-2.7093,0.0,2.8539,0.0,13.94,0.00804,0.0,0.0,0.0,0.0,0.5870199999999999,0.0,-3.2963,18.266,-0.4282199999999999,-0.51961,-1.0911,-252.03,50
2022-11-05 01:12:00,0.0,-2.8448,0.0,2.9025,-9e-05,13.94,0.00847,-0.0106,-0.0001399999999999,-0.0021199999999999,0.0,0.6096,-9e-05,-3.4544,18.301,-0.35486,-0.54127,-1.1458,-378.54,50
2022-11-05 01:13:00,0.0,-2.6642,0.0,3.0106,-4e-05,13.939,0.00847,-0.0042399999999999,0.0,0.0,0.0,0.5870199999999999,-4e-05,-3.2512,18.325,-0.32185,-0.49675,-1.0764,-486.61,50
2022-11-05 01:14:00,0.0,-2.7319,0.0,3.0872,-9e-05,13.939,0.00847,-0.0106,-0.0005599999999999,0.0106,0.0,0.54186,-9e-05,-3.2738,18.323,-0.23829,-0.43957,-0.99439,-368.95,50
2022-11-05 01:15:00,0.0,-2.6642,0.0,3.1228,-4e-05,13.938,0.00847,-0.0042399999999999,0.0,0.0,0.0,0.6096,-4e-05,-3.2738,18.261,-0.22519,-0.39615,-0.99232,-255.16,50
2022-11-05 01:16:00,0.0,-2.7319,0.0,3.1161,-4e-05,13.938,0.00847,-0.0042399999999999,-0.00042,0.00636,0.0,0.5870199999999999,-4e-05,-3.3189,18.19,-0.2355599999999999,-0.4234499999999999,-1.0004,-440.07,50
2022-11-05 01:17:00,0.0,-2.7545,0.0,3.1354,-0.00011,13.938,0.00847,-0.01272,-0.0001399999999999,0.01272,0.0,0.54186,-0.00011,-3.2963,18.144,-0.21717,-0.4638599999999999,-1.0165,-291.51,50
2022-11-05 01:18:00,0.0,-2.4836,0.0,3.1996,-2e-05,13.938,0.00847,-0.0021199999999999,0.0,-0.0042399999999999,0.0,0.54186,-2e-05,-3.0254,18.166,-0.24376,-0.48986,-0.95558,-383.38,50
2022-11-05 01:19:00,0.0,-2.6868,0.0,3.2378,5e-05,13.938,0.0081799999999999,0.00636,0.0,0.0,0.0,0.63217,5e-05,-3.3189,18.219,-0.2563599999999999,-0.442,-0.9303,-313.23,50
2022-11-05 01:20:00,0.0,-2.6642,0.0,3.2455,-1e-05,13.938,0.00833,-0.0021199999999999,0.0,-0.00636,0.0,0.5870199999999999,-1e-05,-3.2512,18.292,-0.2776199999999999,-0.4521,-0.91864,-437.09,50
2022-11-05 01:21:00,0.0,-2.5739,0.0,3.2624,2e-05,13.936,0.00833,0.0021199999999999,0.0,0.0021199999999999,0.0,0.56444,2e-05,-3.1383,18.35,-0.26111,-0.46039,-0.95235,-641.27,50
2022-11-05 01:22:00,0.0,-2.5738,0.0,3.3934,-5e-05,13.937,0.00847,-0.00636,-0.0001399999999999,0.0021199999999999,0.0,0.56444,-5e-05,-3.1383,18.359,-0.25278,-0.3911399999999999,-0.86182,-213.19,50
2022-11-05 01:23:00,0.0,-2.619,0.0,3.403,0.0,13.938,0.00847,0.0,0.0,-0.0042399999999999,0.0,0.5870199999999999,0.0,-3.2061,18.3,-0.16572,-0.33101,-0.86229,-463.99,50
2022-11-05 01:24:00,0.0,-2.619,0.0,3.5429,-5e-05,13.938,0.00847,-0.00636,0.0,-0.0021199999999999,0.0,0.5870199999999999,-5e-05,-3.2061,18.219,-0.11567,-0.3548999999999999,-0.92615,-338.55,50
2022-11-05 01:25:00,0.0,-2.7093,0.0,3.6792,5e-05,13.937,0.00804,0.00636,0.0,-0.0042399999999999,0.0,0.5870199999999999,5e-05,-3.2963,18.137,-0.0573299999999999,-0.3679899999999999,-0.93534,-471.21,50
2022-11-05 01:26:00,0.0,-2.6868,0.0,3.7099,1e-05,13.936,0.00804,0.0,0.0,-0.0021199999999999,0.0,0.54186,1e-05,-3.2286,18.105,-0.0427,-0.35104,-0.9156,-510.49,50
2022-11-05 01:27:00,0.0,-2.7093,0.0,3.883,-6e-05,13.937,0.0081799999999999,-0.0084799999999999,-0.0001399999999999,-0.0021199999999999,0.0,0.54186,-6e-05,-3.2512,18.11,0.19212,-0.11018,-0.73135,-371.05,50
2022-11-05 01:28:00,0.0,-2.619,0.0,4.0017,-4e-05,13.936,0.00833,-0.0042399999999999,0.0,-0.0021199999999999,0.0,0.60958,-4e-05,-3.2286,18.133,0.28403,-0.0219199999999999,-0.56391,-450.43,50
2022-11-05 01:29:00,0.0,-2.619,0.0,4.0346,-4e-05,13.936,0.00847,-0.0042399999999999,0.0,0.0,0.0,0.5644299999999999,-4e-05,-3.1835,18.165,0.3190999999999999,0.05412,-0.51721,-459.37,50
2022-11-05 01:30:00,0.0,-2.7093,0.0,4.2149,0.0,13.936,0.00833,0.0,0.0,0.0,0.0,0.6095899999999999,0.0,-3.3189,18.215,0.40869,0.12088,-0.47287,-461.36,50
2022-11-05 01:31:00,0.0,-2.7092,0.0,4.2846,2e-05,13.935,0.0081799999999999,0.0021199999999999,0.0,-0.00636,0.0,0.54185,2e-05,-3.2511,18.256,0.43296,0.1587899999999999,-0.51702,-360.84,50
2022-11-05 01:32:00,0.0,-2.5739,0.0,4.4352,-1e-05,13.936,0.0081799999999999,-0.0021199999999999,0.0,-0.0021199999999999,0.0,0.58701,-1e-05,-3.1609,18.307,0.46071,0.19797,-0.5081799999999999,-312.87,50
2022-11-05 01:33:00,0.0,-2.6867,0.0,4.4564,-5e-05,13.936,0.00833,-0.00636,0.0,-0.0021199999999999,0.0,0.54186,-5e-05,-3.2286,18.359,0.54098,0.17285,-0.4449299999999999,-582.07,50
2022-11-05 01:34:00,0.0,-2.7093,0.0,4.378,-2e-05,13.936,0.00833,-0.0021199999999999,0.0,-0.0042399999999999,0.0,0.5869999999999999,-2e-05,-3.2962,18.405,0.55207,0.15955,-0.42557,-441.98,50
2022-11-05 01:35:00,0.0,-2.6867,0.0,4.3492,-4e-05,13.936,0.00847,-0.0042399999999999,0.0001399999999999,-0.0021199999999999,0.0,0.58701,-4e-05,-3.2737,18.382,0.50972,0.21854,-0.4087399999999999,-243.27,50
2022-11-05 01:36:00,0.0,-2.7093,0.0,4.1748,4e-05,13.936,0.00833,0.0042399999999999,0.0,0.0021199999999999,0.0,0.54185,4e-05,-3.2512,18.331,0.4429,0.21834,-0.33567,-209.69,50
2022-11-05 01:37:00,0.0,-2.6642,0.0,4.0477,-3e-05,13.936,0.00833,-0.0042399999999999,0.0,-0.0021199999999999,0.0,0.58699,-3e-05,-3.2512,18.28,0.4656799999999999,0.24526,-0.29264,-449.41,50
2022-11-05 01:38:00,0.0,-2.7093,0.0,3.9561,-5e-05,13.935,0.00833,-0.00636,0.0,-0.0021199999999999,0.0,0.58699,-5e-05,-3.2962,18.235,0.39145,0.21722,-0.3175399999999999,-198.21,50
2022-11-05 01:39:00,0.0,-2.619,0.0,3.8499,-7e-05,13.935,0.00847,-0.0084799999999999,0.0,0.0021199999999999,0.0,0.56442,-7e-05,-3.1834,18.253,0.34308,0.21754,-0.31473,-534.65,50
2022-11-05 01:40:00,0.0,-2.6641,0.0,3.8661,-4e-05,13.935,0.00847,-0.0042399999999999,0.0,0.00636,0.0,0.60958,-4e-05,-3.2737,18.301,0.36892,0.3193199999999999,-0.20454,-458.2,50
2022-11-05 01:41:00,0.0,-2.5286,0.0,3.9488,2e-05,13.936,0.00847,0.0021199999999999,0.0,0.0,0.0,0.4741199999999999,2e-05,-3.0027,18.354,0.38196,0.4142199999999999,-0.14582,-790.5499999999998,50
2022-11-05 01:42:00,0.0,-2.8673,0.0,4.0274,-4e-05,13.935,0.00833,-0.0042399999999999,0.0001399999999999,-0.0084799999999999,0.0,0.60958,-4e-05,-3.4768,18.414,0.4053999999999999,0.49412,-0.0813399999999999,-496.23,50
2022-11-05 01:43:00,0.0,-2.6415,0.0,4.0885,-4e-05,13.935,0.00847,-0.0042399999999999,0.0,0.0021199999999999,0.0,0.5869999999999999,-4e-05,-3.2285,18.46,0.4383699999999999,0.57847,-0.03126,-646.81,50
2022-11-05 01:44:00,0.0,-2.6867,0.0,4.0711,0.0,13.935,0.00804,0.0,0.0,-0.0021199999999999,0.0,0.6773,0.0,-3.3639,18.48,0.41015,0.56211,-0.0623999999999999,-271.79,50
2022-11-05 01:45:00,0.0,-2.664,0.0,4.0257,2e-05,13.935,0.00833,0.0021199999999999,-0.0001399999999999,-0.0042399999999999,0.0,0.6321499999999999,2e-05,-3.2961,18.455,0.3616599999999999,0.57869,-0.08697,-466.15,50
2022-11-05 01:46:00,0.0,-2.6189,0.0,3.9934,-2e-05,13.935,0.0083199999999999,-0.0021199999999999,0.0,0.0042399999999999,0.0,0.56442,-2e-05,-3.1834,18.394,0.33594,0.5251,-0.09958,-724.65,50
2022-11-05 01:47:00,0.0,-2.5963,0.0,4.1158,2e-05,13.934,0.00804,0.0021199999999999,0.0,-0.0084799999999999,0.0,0.54183,2e-05,-3.1381,18.321,0.36407,0.5786,-0.03415,-414.7,50
2022-11-05 01:48:00,0.0,-2.6189,0.0,4.1953,-7e-05,13.934,0.00847,-0.0084799999999999,0.0,-0.0042399999999999,0.0,0.5644,-7e-05,-3.1833,18.303,0.4649499999999999,0.63978,0.0934399999999999,-240.48,50
2022-11-05 01:49:00,0.0,-2.5963,0.0,4.0767,2e-05,13.934,0.00847,0.0021199999999999,0.0,-0.00636,0.0,0.5192499999999999,2e-05,-3.1156,18.346,0.3949599999999999,0.53295,0.0640199999999999,-494.51,50
2022-11-05 01:50:00,0.0,-2.6414,0.0,3.9723,1e-05,13.934,0.00804,0.0021199999999999,0.0,-0.01272,0.0,0.6321299999999999,1e-05,-3.2735,18.393,0.3575999999999999,0.48496,-0.01179,-334.75,50
2022-11-05 01:51:00,0.0,-2.5285,0.0,3.824,5e-05,13.934,0.00833,0.00636,0.0,-0.0084799999999999,0.0,0.5869699999999999,5e-05,-3.1155,18.439,0.23777,0.44194,-0.0772199999999999,-396.88,50
2022-11-05 01:52:00,0.0,-2.6413,0.0,3.6873,-2e-05,13.933,0.00762,-0.0021199999999999,0.0,0.0,0.0,0.6321299999999999,-2e-05,-3.2735,18.479,0.09997,0.3332499999999999,-0.20385,-87.958,50
2022-11-05 01:53:00,0.0,-2.5285,0.0,3.5434,0.0,13.933,0.00847,0.0,-0.0001399999999999,0.0042399999999999,0.0,0.5418199999999999,0.0,-3.0703,18.484,0.05244,0.2273999999999999,-0.29414,-487.6,50
2022-11-05 01:54:00,0.0,-2.822,0.0,3.4666,-5e-05,13.933,0.00804,-0.00636,0.0,-0.00636,0.0,0.6772599999999999,-5e-05,-3.4992,18.469,0.14132,0.28891,-0.10285,-60.932,50
2022-11-05 01:55:00,0.0,-2.7091,0.0,3.4958,-4e-05,13.933,0.0081799999999999,-0.0042399999999999,0.0,-0.0042399999999999,0.0,0.6998699999999999,-4e-05,-3.4089,18.41,0.2239899999999999,0.37935,0.0494399999999999,-27.59,50
2022-11-05 01:56:00,0.0,-2.7317,0.0,3.6483,0.0,13.933,0.0081799999999999,0.0,0.0,0.0021199999999999,0.0,0.56439,0.0,-3.296,18.314,0.2083599999999999,0.3732699999999999,0.0631899999999999,-367.97,50
2022-11-05 01:57:00,0.0,-2.6189,0.0,3.9584,0.0,13.933,0.0083199999999999,0.0,0.0,-0.0021199999999999,0.0,0.6772799999999999,0.0,-3.2961,18.26,0.32671,0.44861,0.06614,-17.163,50
2022-11-05 01:58:00,0.0,-2.6189,0.0,4.3382,0.0,13.933,0.00847,0.0,0.0,-0.0021199999999999,0.0,0.5869699999999999,0.0,-3.2058,18.26,0.3005999999999999,0.50199,0.0630499999999999,-690.61,50
2022-11-05 01:59:00,0.0,-2.551,0.0,4.3284,2e-05,13.933,0.00804,0.0021199999999999,0.0,-0.00636,0.0,0.5418199999999999,2e-05,-3.0929,18.296,0.26334,0.44,0.0330299999999999,-250.8,50
2022-11-05 02:00:00,0.0,-2.6639,0.0,4.2211,-2e-05,13.933,0.0081799999999999,-0.0021199999999999,0.0,-0.0042399999999999,0.0,0.6321299999999999,-2e-05,-3.296,18.35,0.27155,0.3938999999999999,-0.0064599999999999,-337.4,50
2022-11-05 02:01:00,0.0,-2.6865,0.0,4.2341,4e-05,13.933,0.0081799999999999,0.0042399999999999,0.0,-0.0084799999999999,0.0,0.56439,4e-05,-3.2509,18.411,0.23937,0.48218,-0.06923,-379.16,50
2022-11-05 02:02:00,0.0,-2.6187,0.0,4.3207,0.0,13.933,0.00847,0.0,0.0,0.0,0.0,0.58696,0.0,-3.2057,18.403,0.3186899999999999,0.69808,0.02346,-412.16,50
2022-11-05 02:03:00,0.0,-2.5284,0.0,4.6506,-0.0001399999999999,13.932,0.00847,-0.0169599999999999,0.0,0.0021199999999999,0.0,0.5418199999999999,-0.0001399999999999,-3.0703,18.354,0.4283199999999999,0.98817,0.14141,-454.2,50
2022-11-05 02:04:00,0.0,-2.6188,0.0,4.955,5e-05,13.933,0.0081799999999999,0.00636,0.0,-0.0021199999999999,0.0,0.5643799999999999,5e-05,-3.1832,18.297,0.56044,0.98511,0.0841599999999999,-650.49,50
2022-11-05 02:05:00,0.0,-2.5736,0.0,4.8947,0.0,13.933,0.0081799999999999,0.0,0.0,0.0021199999999999,0.0,0.56437,0.0,-3.138,18.253,0.55044,0.92508,0.0651899999999999,-516.68,50
2022-11-05 02:06:00,0.0,-2.6413,0.0,4.7817,-1e-05,13.933,0.0079,-0.0021199999999999,0.0,-0.0042399999999999,0.0,0.60951,-1e-05,-3.2508,18.268,0.4923299999999999,0.8071099999999999,0.05135,-430.76,50
2022-11-05 02:07:00,0.0,-2.7767,0.0,4.639,-4e-05,13.933,0.0083199999999999,-0.0042399999999999,0.0,-0.0021199999999999,0.0,0.5643599999999999,-4e-05,-3.341,18.316,0.4278799999999999,0.7175099999999999,-0.00216,-371.54,50
2022-11-05 02:08:00,0.0,-2.6413,0.0,4.4214,0.0,13.933,0.00847,0.0,0.0,-0.0106,0.0,0.7223899999999999,0.0,-3.3636,18.38,0.38473,0.69957,0.02118,-568.98,50
2022-11-05 02:09:00,0.0,-2.6864,0.0,4.2364,-2e-05,13.933,0.0081799999999999,-0.0021199999999999,0.0,0.0,0.0,0.67724,-2e-05,-3.3636,18.449,0.4284999999999999,0.75258,0.05181,-119.75,50
2022-11-05 02:10:00,0.0,-2.4833,0.0,4.1349,-7e-05,13.932,0.0083199999999999,-0.0084799999999999,0.0001399999999999,-0.0021199999999999,0.0,0.49664,-7e-05,-2.9799,18.477,0.44722,0.71426,0.01286,-440.46,50
2022-11-05 02:11:00,0.0,-2.7542,0.0,4.0531,-0.00012,13.932,0.0081799999999999,-0.01484,-0.00042,0.0021199999999999,0.0,0.6095,-0.0001299999999999,-3.3636,18.442,0.49224,0.67779,0.03184,-222.31,50
2022-11-05 02:12:00,0.0,-2.6638,0.0,4.0559,-7e-05,13.932,0.00804,-0.0084799999999999,0.0,-0.0084799999999999,0.0,0.6320799999999999,-7e-05,-3.2958,18.403,0.6167099999999999,0.71452,0.0483499999999999,-362.39,50
2022-11-05 02:13:00,0.0,-2.6638,0.0,4.071,-2e-05,13.932,0.0083199999999999,-0.0021199999999999,0.0,-0.0042399999999999,0.0,0.54178,-2e-05,-3.2056,18.362,0.6934099999999999,0.7658899999999998,0.19334,-596.02,50
2022-11-05 02:14:00,0.0,-2.596,0.0,4.0304,4e-05,13.932,0.00804,0.0042399999999999,0.0,0.0021199999999999,0.0,0.56437,4e-05,-3.1604,18.36,0.77171,0.91882,0.34858,-377.85,50
2022-11-05 02:15:00,0.0,-2.6186,0.0,4.0089,4e-05,13.931,0.00804,0.0042399999999999,0.0,-0.0042399999999999,0.0,0.60952,4e-05,-3.2281,18.385,0.78803,0.94415,0.3538,-262.24,50
2022-11-05 02:16:00,0.0,-2.6863,0.0,3.9178,3e-05,13.931,0.0079,0.0021199999999999,0.0,-0.0042399999999999,0.0,0.5418,3e-05,-3.2281,18.416,0.76882,0.9402,0.31207,-260.1,50
2022-11-05 02:17:00,0.0,-2.6412,0.0,3.8099,-2e-05,13.932,0.00847,-0.0021199999999999,0.0,-0.0042399999999999,0.0,0.6095,-2e-05,-3.2507,18.431,0.68917,0.86221,0.25789,-558.17,50
2022-11-05 02:18:00,0.0,-2.6186,0.0,3.7431,-1e-05,13.93,0.0083199999999999,-0.0021199999999999,0.0,-0.0021199999999999,0.0,0.58693,-1e-05,-3.2055,18.453,0.62089,0.84992,0.24922,-427.08,50
2022-11-05 02:19:00,0.0,-2.596,0.0,3.7154,-2e-05,13.931,0.0083199999999999,-0.0021199999999999,0.0,0.0,0.0,0.58693,-2e-05,-3.1829,18.49,0.5802899999999999,0.78592,0.22991,-389.86,50
2022-11-05 02:20:00,0.0,-2.6186,0.0,3.6257,0.0,13.93,0.0081799999999999,0.0,-0.0001399999999999,-0.0021199999999999,0.0,0.58692,0.0,-3.2055,18.53,0.5307199999999999,0.70657,0.15858,-331.69,50
2022-11-05 02:21:00,0.0,-2.6637,0.0,3.3546,2e-05,13.93,0.0083199999999999,0.0021199999999999,0.0,-0.0021199999999999,0.0,0.58692,2e-05,-3.2507,18.537,0.42896,0.61511,0.06907,-595.98,50
2022-11-05 02:22:00,0.0,-2.596,0.0,3.1518,-4e-05,13.93,0.00847,-0.0042399999999999,0.0,0.0021199999999999,0.0,0.58693,-4e-05,-3.183,18.507,0.3337399999999999,0.46043,-0.0342,-504.52,50
2022-11-05 02:23:00,0.0,-2.6186,0.0,2.9905,-4e-05,13.93,0.00847,-0.0042399999999999,0.0,-0.0021199999999999,0.0,0.58693,-4e-05,-3.2055,18.471,0.20332,0.3381299999999999,-0.17111,-270.91,50
2022-11-05 02:24:00,0.0,-2.6186,0.0,2.8562,0.0,13.929,0.00804,0.0,0.0,-0.0084799999999999,0.0,0.65464,0.0,-3.2733,18.436,0.05765,0.18512,-0.3018,-233.09,50
2022-11-05 02:25:00,0.0,-2.6863,0.0,2.725,-5e-05,13.93,0.00804,-0.00636,0.0,-0.00636,0.0,0.6095,-5e-05,-3.2958,18.399,0.0335,0.17271,-0.36569,-508.88,50
2022-11-05 02:26:00,0.0,-2.6863,0.0,2.6425,-4e-05,13.929,0.0081799999999999,-0.0042399999999999,0.0,-0.00636,0.0,0.58692,-4e-05,-3.2732,18.373,-0.0282099999999999,0.17029,-0.40654,-348.94,50
2022-11-05 02:27:00,0.0,-2.7541,0.0,2.6368,-1e-05,13.93,0.0079,-0.0021199999999999,0.0,0.0,0.0,0.63207,-1e-05,-3.3861,18.392,-0.0802699999999999,0.07928,-0.38772,-341.85,50
2022-11-05 02:28:00,0.0,-2.7089,0.0,2.6124,-3e-05,13.93,0.0081799999999999,-0.0042399999999999,0.0,0.0,0.0,0.58692,-3e-05,-3.2958,18.436,-0.1403,0.04231,-0.4353199999999999,-314.95,50
2022-11-05 02:29:00,0.0,-2.596,0.0,2.6264,-5e-05,13.93,0.00804,-0.00636,0.0,0.0042399999999999,0.0,0.56435,-5e-05,-3.1604,18.48,-0.13123,0.0613799999999999,-0.4162299999999999,-533.2,50
2022-11-05 02:30:00,0.0,-2.5283,0.0,2.6594,1e-05,13.929,0.0083199999999999,0.0021199999999999,0.0,-0.00636,0.0,0.5417699999999999,1e-05,-3.0701,18.525,-0.06515,0.0800499999999999,-0.4395999999999999,-430.45,50
2022-11-05 02:31:00,0.0,-2.7089,0.0,2.8378,-4e-05,13.926,0.00776,-0.0042399999999999,0.0,-0.0084799999999999,0.0,0.65464,-4e-05,-3.3635,18.523,0.0288099999999999,0.1557099999999999,-0.33921,-407.15,50
2022-11-05 02:32:00,0.0,-2.754,0.0,2.9185,-4e-05,13.93,0.0083199999999999,-0.0042399999999999,0.0,-0.0042399999999999,0.0,0.6772099999999999,-4e-05,-3.4312,18.467,0.04845,0.23024,-0.2538799999999999,-366.02,50
2022-11-05 02:33:00,0.0,-2.7089,0.0,3.154,-2e-05,13.929,0.00847,-0.0021199999999999,0.0,0.00636,0.0,0.58692,-2e-05,-3.2958,18.419,0.19023,0.4061299999999999,-0.07623,-214.71,50
2022-11-05 02:34:00,0.0,-2.8443,0.0,3.3976,-4e-05,13.93,0.0083199999999999,-0.0042399999999999,0.0,-0.0021199999999999,0.0,0.63207,-4e-05,-3.4763,18.394,0.35641,0.6133699999999999,0.1638,-442.8,50
2022-11-05 02:35:00,0.0,-2.5734,0.0,3.7499,2e-05,13.929,0.00847,0.0021199999999999,0.0,0.0,0.0,0.56435,2e-05,-3.1378,18.403,0.6115599999999999,0.9002299999999999,0.43147,-583.53,50
2022-11-05 02:36:00,0.0,-2.6186,0.0,4.1799,-7e-05,13.929,0.00804,-0.0084799999999999,0.0,0.0084799999999999,0.0,0.58692,-7e-05,-3.2055,18.423,0.84218,1.1965,0.7372699999999999,-429.04,50
2022-11-05 02:37:00,0.0,-2.6186,0.0,4.8627,-4e-05,13.929,0.0083199999999999,-0.0042399999999999,0.0,-0.0042399999999999,0.0,0.6095,-4e-05,-3.2281,18.462,1.2313,1.6482,1.1295,-511.67,50
2022-11-05 02:38:00,0.0,-2.5734,0.0,5.396,2e-05,13.929,0.00804,0.0021199999999999,0.0001399999999999,-0.0042399999999999,0.0,0.6094899999999999,2e-05,-3.1829,18.504,1.6194,2.0814,1.5601,-462.28,50
2022-11-05 02:39:00,0.0,-2.6186,0.0,5.7503,1e-05,13.93,0.00762,0.0021199999999999,0.0,-0.01908,0.0,0.6772099999999999,1e-05,-3.2958,18.547,2.0374,2.5568,2.0128,-355.7,50
2022-11-05 02:40:00,0.0,-2.6637,0.0,5.8233,-5e-05,13.929,0.0083199999999999,-0.00636,0.0,-0.0021199999999999,0.0,0.65464,-5e-05,-3.3183,18.552,2.2596,2.8538,2.243,-366.51,50
2022-11-05 02:41:00,0.0,-2.6637,0.0,5.7808,-2e-05,13.929,0.0079,-0.0021199999999999,0.0,0.0,0.0,0.63207,-2e-05,-3.2958,18.524,2.4333,3.0599,2.4116,-387.35,50
2022-11-05 02:42:00,0.0,-2.596,0.0,5.7306,2e-05,13.93,0.0079,0.0021199999999999,0.0,-0.0021199999999999,0.0,0.63207,2e-05,-3.2281,18.487,2.6402,3.2499,2.6152,-442.01,50
2022-11-05 02:43:00,0.0,-2.5734,0.0,5.7682,-0.00011,13.929,0.00847,-0.01272,0.0,-0.0042399999999999,0.0,0.58692,-0.00011,-3.1604,18.447,2.7775,3.387,2.7602,-405.48,50
2022-11-05 02:44:00,0.0,-2.6637,0.0,5.8561,0.0,13.929,0.00762,0.0,0.0,-0.01272,0.0,0.63207,0.0,-3.2958,18.427,2.9394,3.5033,2.9112,-242.26,50
2022-11-05 02:45:00,0.0,-2.8217,0.0,5.8777,-3e-05,13.929,0.0071999999999999,-0.0042399999999999,0.0,-0.0042399999999999,0.0,0.76751,-3e-05,-3.5892,18.433,2.9914,3.5625,2.9561,-100.6,50
2022-11-05 02:46:00,0.0,-2.7766,0.0,5.8686,-5e-05,13.929,0.0083199999999999,-0.00636,0.0,-0.01272,0.0,0.76751,-5e-05,-3.5441,18.454,3.0441,3.6274,3.083,-323.79,50
2022-11-05 02:47:00,0.0,-2.5734,0.0,5.9538,-5e-05,13.927,0.0081799999999999,-0.00636,-0.0001399999999999,0.0021199999999999,0.0,0.58692,-5e-05,-3.1604,18.48,3.2062,3.782,3.2145,-471.57,50
2022-11-05 02:48:00,0.0,-2.6186,0.0,6.0167,-0.0001399999999999,13.928,0.00847,-0.0169599999999999,-0.0005599999999999,0.0084799999999999,0.0,0.5417699999999999,-0.0001499999999999,-3.1604,18.489,3.2512,3.8224,3.2743,-504.47,50
2022-11-05 02:49:00,0.0,-2.7766,0.0,6.071,-4e-05,13.929,0.0081799999999999,-0.0042399999999999,-0.0002799999999999,-0.0084799999999999,0.0,0.6772099999999999,-4e-05,-3.4538,18.49,3.3225,3.8753,3.3412,-378.81,50
2022-11-05 02:50:00,0.0,-2.6412,0.0,6.0734,0.0,13.927,0.0071999999999999,0.0,0.0,-0.0084799999999999,0.0,0.6997799999999998,0.0,-3.3409,18.48,3.3774,3.9669,3.41,-149.86,50
2022-11-05 02:51:00,0.0,-2.4154,0.0,6.0952,0.0,13.928,0.0081799999999999,0.0,0.0,0.0,0.0,0.5191999999999999,0.0,-2.9346,18.458,3.4756,4.0428,3.5501,-481.27,50
2022-11-05 02:52:00,0.0,-2.4831,0.0,6.1284,0.0,13.928,0.00847,0.0,0.0002799999999999,0.0,0.0,0.49662,0.0,-2.9798,18.444,3.5715,4.1443,3.6713,-719.42,50
2022-11-05 02:53:00,0.0,-2.6412,0.0,6.1757,5e-05,13.928,0.0074799999999999,0.00636,0.0,-0.0084799999999999,0.0,0.65464,5e-05,-3.2958,18.446,3.612,4.1166,3.6375,-424.99,50
2022-11-05 02:54:00,0.0,-2.754,0.0,6.1956,-5e-05,13.928,0.0079,-0.00636,0.0,0.0,0.0,0.63207,-5e-05,-3.386,18.48,3.6149,4.0917,3.6154,-55.861,50
2022-11-05 02:55:00,0.0,-2.5734,0.0,6.2118,1e-05,13.927,0.00691,0.0021199999999999,0.0,-0.01272,0.0,0.65464,1e-05,-3.2281,18.532,3.6952,4.1161,3.6687,-419.68,50
2022-11-05 02:56:00,0.0,-2.6186,0.0,6.2331,1e-05,13.927,0.00734,0.0021199999999999,0.0,-0.01272,0.0,0.74494,1e-05,-3.3635,18.57,3.722,4.1507,3.6853,-234.38,50
2022-11-05 02:57:00,0.0,-2.6637,0.0,6.2308,-3e-05,13.927,0.00762,-0.0042399999999999,0.0,-0.0042399999999999,0.0,0.5417699999999999,-3e-05,-3.2055,18.567,3.6948,4.1544,3.699,-367.28,50
2022-11-05 02:58:00,0.0,-2.5057,0.0,6.2088,5e-05,13.927,0.0079,0.00636,0.0,-0.0021199999999999,0.0,0.49662,5e-05,-3.0023,18.552,3.7684,4.2612,3.7866,-635.19,50
2022-11-05 02:59:00,0.0,-2.5509,0.0,6.244,-4e-05,13.927,0.0083199999999999,-0.0042399999999999,0.0,0.0021199999999999,0.0,0.49662,-4e-05,-3.0475,18.53,3.844,4.346,3.8584,-401.7,50
2022-11-05 03:00:00,0.0,-2.7089,0.0,6.2444,-4e-05,13.926,0.00847,-0.0042399999999999,0.0,0.0042399999999999,0.0,0.5417699999999999,-4e-05,-3.2507,18.503,3.8573,4.3508,3.9149,-621.56,50
2022-11-05 03:01:00,0.0,-2.596,0.0,6.2321,0.0,13.926,0.0079,0.0,0.0,-0.0106,0.0,0.5417699999999999,0.0,-3.1378,18.495,3.9205,4.3268,3.8696,-547.24,50
2022-11-05 03:02:00,0.0,-2.5509,0.0,5.9422,0.0,13.927,0.00762,-0.0021199999999999,0.0,-0.0021199999999999,0.0,0.5417699999999999,0.0,-3.0926,18.459,3.8834,4.2351,3.7604,-516.3,50
2022-11-05 03:03:00,0.0,-2.6412,0.0,5.7965,-5e-05,13.925,0.00804,-0.00636,0.0,0.00636,0.0,0.5191999999999999,-5e-05,-3.1604,18.461,3.7554,4.1078,3.6422,-494.52,50
2022-11-05 03:04:00,0.0,-2.5057,0.0,5.6867,0.0,13.926,0.0079,0.0,0.0,-0.0042399999999999,0.0,0.56435,0.0,-3.0701,18.509,3.6246,3.9839,3.5241,-701.16,50
2022-11-05 03:05:00,0.0,-2.7315,0.0,5.6152,-9e-05,13.926,0.0083199999999999,-0.0106,0.0,0.01484,0.0,0.56435,-9e-05,-3.2958,18.549,3.5473,3.8516,3.4429,-188.55,50
2022-11-05 03:06:00,0.0,-2.6186,0.0,5.6512,3e-05,13.926,0.0074799999999999,0.0042399999999999,0.0,-0.0042399999999999,0.0,0.63207,3e-05,-3.2507,18.565,3.6028,3.8269,3.4368,-413.82,50
2022-11-05 03:07:00,0.0,-2.6412,0.0,5.803,1e-05,13.926,0.00776,0.0021199999999999,0.0,-0.0042399999999999,0.0,0.58692,1e-05,-3.2281,18.538,3.687,3.8987,3.5136,-120.14,50
2022-11-05 03:08:00,0.0,-2.6186,0.0,5.9315,-2e-05,13.926,0.00776,-0.0021199999999999,-0.0001399999999999,0.0,0.0,0.58692,-3e-05,-3.2055,18.463,3.8331,4.0216,3.6943,-303.54,50
2022-11-05 03:09:00,0.0,-2.596,0.0,6.2683,3e-05,13.926,0.00762,0.0042399999999999,-0.0001399999999999,-0.00636,0.0,0.6094899999999999,3e-05,-3.2055,18.414,3.9016,4.021,3.7735,-257.29,50
2022-11-05 03:10:00,0.0,-2.6637,0.0,6.3614,-4e-05,13.926,0.00776,-0.0042399999999999,0.0,-0.0021199999999999,0.0,0.56435,-4e-05,-3.2281,18.443,3.9533,4.0175,3.8318,-352.32,50
2022-11-05 03:11:00,0.0,-2.5734,0.0,6.326,-4e-05,13.926,0.00776,-0.0042399999999999,0.0,-0.0042399999999999,0.0,0.6094899999999999,-4e-05,-3.1829,18.504,3.8601,3.9661,3.7331,-217.72,50
2022-11-05 03:12:00,0.0,-2.5734,0.0,6.26,2e-05,13.926,0.00762,0.0021199999999999,0.0,0.0021199999999999,0.0,0.5417699999999999,2e-05,-3.1152,18.562,3.8328,3.8934,3.6774,-654.15,50
2022-11-05 03:13:00,0.0,-2.5509,0.0,6.1858,-2e-05,13.926,0.00776,-0.0021199999999999,0.0,0.0,0.0,0.56435,-2e-05,-3.1152,18.597,3.766,3.8625,3.6359,-535.83,50
2022-11-05 03:14:00,0.0,-2.6186,0.0,6.1035,0.0,13.925,0.0081799999999999,0.0,-0.0001399999999999,0.0,0.0,0.5417699999999999,0.0,-3.1604,18.609,3.7093,3.8048,3.5633,-533.62,50
2022-11-05 03:15:00,0.0,-2.6863,0.0,6.086,-4e-05,13.926,0.0079,-0.0042399999999999,-0.0001399999999999,-0.0106,0.0,0.56435,-4e-05,-3.2507,18.612,3.7534,3.8544,3.6282,-502.07,50
2022-11-05 03:16:00,0.0,-2.5734,0.0,6.1133,-2e-05,13.926,0.0074799999999999,-0.0021199999999999,0.0,-0.0021199999999999,0.0,0.6095,-2e-05,-3.1829,18.599,3.8818,3.9329,3.7122,-171.25,50
2022-11-05 03:17:00,0.0,-2.5283,0.0,6.2312,-2e-05,13.925,0.00762,-0.0021199999999999,-0.0001399999999999,0.0042399999999999,0.0,0.58692,-2e-05,-3.1152,18.576,4.042,4.0628,3.8686,-530.88,50
2022-11-05 03:18:00,0.0,-2.7766,0.0,6.3864,-7e-05,13.926,0.00847,-0.0084799999999999,-0.0001399999999999,0.0021199999999999,0.0,0.58692,-7e-05,-3.3635,18.566,4.2251,4.2813,4.1295,-416.16,50
2022-11-05 03:19:00,0.0,-2.6412,0.0,6.789,-9e-05,13.926,0.0079,-0.0106,-0.0001399999999999,0.0106,0.0,0.56435,-9e-05,-3.2055,18.589,4.4477,4.5232,4.3516,-287.75,50
2022-11-05 03:20:00,0.0,-2.5283,0.0,7.102,0.0,13.926,0.0071999999999999,0.0021199999999999,0.0,-0.0084799999999999,0.0,0.6094899999999999,0.0,-3.1378,18.615,4.5123,4.5978,4.41,-394.31,50
2022-11-05 03:21:00,0.0,-2.7089,0.0,7.1008,-4e-05,13.926,0.00804,-0.0042399999999999,-0.0002799999999999,0.0,0.0,0.6997799999999998,-4e-05,-3.4086,18.65,4.5704,4.6536,4.4706,-280.02,50
2022-11-05 03:22:00,0.0,-2.5283,0.0,7.0711,-4e-05,13.926,0.00762,-0.0042399999999999,0.0,-0.0021199999999999,0.0,0.58692,-4e-05,-3.1152,18.682,4.6042,4.6577,4.4257,-356.44,50
2022-11-05 03:23:00,0.0,-2.6412,0.0,7.0772,-7e-05,13.925,0.0079,-0.0084799999999999,0.0001399999999999,0.0021199999999999,0.0,0.58692,-7e-05,-3.2281,18.682,4.6154,4.6861,4.433,-534.84,50
2022-11-05 03:24:00,0.0,-2.4606,0.0,7.086,-7e-05,13.925,0.0083199999999999,-0.0084799999999999,-0.0001399999999999,0.0042399999999999,0.0,0.5417699999999999,-7e-05,-3.0023,18.674,4.634,4.7057,4.443,-483.48,50
2022-11-05 03:25:00,0.0,-2.5283,0.0,7.1097,-5e-05,13.924,0.0083199999999999,-0.00636,0.0,-0.00636,0.0,0.58692,-5e-05,-3.1152,18.653,4.6768,4.7172,4.4659,-845.94,50
2022-11-05 03:26:00,0.0,-2.596,0.0,7.0308,-5e-05,13.924,0.0079,-0.00636,-0.0002799999999999,0.00636,0.0,0.6094899999999999,-6e-05,-3.2055,18.615,4.6481,4.707,4.4127,-330.27,50
2022-11-05 03:27:00,0.0,-2.7089,0.0,6.9279,-5e-05,13.923,0.0079,-0.00636,-0.0001399999999999,0.00636,0.0,0.6094899999999999,-5e-05,-3.3183,18.611,4.5789,4.6513,4.3197,-347.76,50
2022-11-05 03:28:00,0.0,-2.6637,0.0,6.9588,-1e-05,13.923,0.00776,-0.0021199999999999,0.0,0.0021199999999999,0.0,0.6094899999999999,-1e-05,-3.2732,18.632,4.6108,4.6468,4.3049,-485.38,50
2022-11-05 03:29:00,0.0,-2.596,0.0,7.0428,1e-05,13.923,0.0081799999999999,0.0021199999999999,0.0,-0.0084799999999999,0.0,0.6094899999999999,1e-05,-3.2055,18.677,4.6745,4.6877,4.3492,-442.91,50
2022-11-05 03:30:00,0.0,-2.6637,0.0,7.081,-2e-05,13.923,0.00762,-0.0021199999999999,0.0,-0.0084799999999999,0.0,0.6094899999999999,-2e-05,-3.2732,18.716,4.7397,4.7658,4.4666,73.436,50
2022-11-05 03:31:00,0.0,-2.596,0.0,7.0918,4e-05,13.923,0.0081799999999999,0.0042399999999999,0.0,-0.0021199999999999,0.0,0.56435,4e-05,-3.1604,18.727,4.8056,4.818,4.5098,-361.36,50
2022-11-05 03:32:00,0.0,-2.6637,0.0,7.0116,0.0,13.923,0.00776,0.0,0.0,-0.00636,0.0,0.58692,0.0,-3.2507,18.71,4.7986,4.804,4.5329,-547.1,50
2022-11-05 03:33:00,0.0,-2.6637,0.0,6.8887,0.0,13.923,0.0070499999999999,0.0,0.0,-0.0212,0.0,0.6772099999999999,0.0,-3.3409,18.671,4.7546,4.7452,4.4891,-352.4,50
2022-11-05 03:34:00,0.0,-2.5734,0.0,6.8949,2e-05,13.923,0.00734,0.0021199999999999,0.0,-0.0084799999999999,0.0,0.6094899999999999,2e-05,-3.1829,18.616,4.8072,4.8074,4.602,-167.59,50
2022-11-05 03:35:00,0.0,-2.6186,0.0,6.9062,0.0,13.922,0.00677,0.0,0.0,-0.0212,0.0,0.81266,0.0,-3.4312,18.577,4.8862,4.8686,4.7258,-210.02,50
2022-11-05 03:36:00,0.0,-2.8443,0.0,6.9614,-5e-05,13.923,0.0074799999999999,-0.00636,0.0,-0.0084799999999999,0.0,0.65464,-5e-05,-3.4989,18.559,4.938,4.9379,4.8563,-58.738,50
2022-11-05 03:37:00,0.0,-2.4606,0.0,7.0014,4e-05,13.923,0.00804,0.0042399999999999,0.0,0.0,0.0,0.5191999999999999,4e-05,-2.9798,18.57,5.0119,5.0128,4.9879,-715.25,50
2022-11-05 03:38:00,0.0,-2.438,0.0,6.9859,0.0,13.923,0.00847,0.0,-0.0001399999999999,0.0,0.0,0.5417699999999999,0.0,-2.9797,18.602,5.0583,5.0226,5.0504,-807.49,50
2022-11-05 03:39:00,0.0,-2.5509,0.0,6.9734,-7e-05,13.922,0.00847,-0.0084799999999999,-0.0002799999999999,0.01272,0.0,0.5417699999999999,-8e-05,-3.0926,18.644,5.1282,5.0234,5.0847,-581.88,50
2022-11-05 03:40:00,0.0,-2.7089,0.0,7.0237,-5e-05,13.923,0.00776,-0.00636,-0.0001399999999999,0.0042399999999999,0.0,0.6997799999999998,-5e-05,-3.4086,18.69,5.2247,5.0742,5.101,-572.67,50
2022-11-05 03:41:00,0.0,-2.6863,0.0,7.0245,2e-05,13.92,0.00734,0.0021199999999999,0.0,-0.01272,0.0,0.7900899999999998,2e-05,-3.4763,18.69,5.2578,5.09,5.0979,-189.1,50
2022-11-05 03:42:00,0.0,-2.6637,0.0,7.0208,-2e-05,13.923,0.00762,-0.0021199999999999,-0.0001399999999999,-0.0021199999999999,0.0,0.63207,-3e-05,-3.2957,18.632,5.2771,5.0958,5.1179,-340.67,50
2022-11-05 03:43:00,0.0,-2.6186,0.0,6.9811,0.0,13.923,0.0081799999999999,0.0,0.0,-0.00636,0.0,0.5417699999999999,0.0,-3.1604,18.534,5.3001,5.1128,5.0787,-679.73,50
2022-11-05 03:44:00,0.0,-2.8217,0.0,6.9053,-5e-05,13.922,0.00734,-0.00636,-0.0002799999999999,-0.0021199999999999,0.0,0.6772099999999999,-5e-05,-3.4989,18.478,5.2563,5.081,5.0271,-232.49,50
2022-11-05 03:45:00,0.0,-2.596,0.0,6.7758,-2e-05,13.922,0.00776,-0.0021199999999999,0.0,-0.0084799999999999,0.0,0.65464,-2e-05,-3.2507,18.478,5.1613,5.0123,4.9243,-254.01,50
2022-11-05 03:46:00,0.0,-2.596,0.0,6.6403,-5e-05,13.922,0.00762,-0.00636,0.0001399999999999,-0.0021199999999999,0.0,0.63207,-5e-05,-3.2281,18.527,5.0573,4.925,4.8266,-377.56,50
2022-11-05 03:47:00,0.0,-2.5283,0.0,6.5132,5e-05,13.922,0.0083199999999999,0.00636,0.0,-0.0042399999999999,0.0,0.49662,5e-05,-3.0249,18.572,4.9752,4.8504,4.7172,-745.65,50
2022-11-05 03:48:00,0.0,-2.6186,0.0,6.4299,0.0,13.922,0.00677,0.0,0.0,-0.01908,0.0,0.81266,0.0,-3.4312,18.622,4.8833,4.776,4.648,-169.82,50
2022-11-05 03:49:00,0.0,-2.596,0.0,6.3466,-1e-05,13.921,0.00677,-0.0021199999999999,0.0,-0.01484,0.0,0.65464,-1e-05,-3.2507,18.657,4.8573,4.7809,4.5948,-348.28,50
2022-11-05 03:50:00,0.0,-2.5509,0.0,6.2187,-7e-05,13.921,0.0081799999999999,-0.0084799999999999,0.0,0.01272,0.0,0.5417699999999999,-7e-05,-3.0926,18.654,4.7939,4.7159,4.5228,-257.72,50
2022-11-05 03:51:00,0.0,-2.596,0.0,6.1505,3e-05,13.921,0.00734,0.0021199999999999,0.0,-0.01272,0.0,0.7223699999999998,3e-05,-3.3183,18.574,4.7486,4.6729,4.4663,-395.86,50
2022-11-05 03:52:00,0.0,-2.7089,0.0,6.1127,2e-05,13.922,0.0074799999999999,0.0021199999999999,0.0,-0.0042399999999999,0.0,0.6094899999999999,2e-05,-3.3183,18.501,4.7365,4.6207,4.4563,-515.19,50
2022-11-05 03:53:00,0.0,-2.6637,0.0,6.0758,-5e-05,13.92,0.0079,-0.00636,0.0,-0.0021199999999999,0.0,0.56434,-5e-05,-3.2281,18.479,4.6908,4.5562,4.4073,-398.34,50
2022-11-05 03:54:00,0.0,-2.6637,0.0,6.0449,-1e-05,13.92,0.00677,-0.0021199999999999,0.0,-0.01908,0.0,0.7900899999999998,-1e-05,-3.4538,18.497,4.6569,4.5382,4.3814,-376.34,50
2022-11-05 03:55:00,0.0,-2.7089,0.0,6.0138,2e-05,13.921,0.0074799999999999,0.0021199999999999,0.0,0.0021199999999999,0.0,0.58692,2e-05,-3.2958,18.531,4.6251,4.5146,4.4054,-313.19,50
2022-11-05 03:56:00,0.0,-2.5283,0.0,5.9925,-4e-05,13.92,0.0083199999999999,-0.0042399999999999,0.0,-0.0021199999999999,0.0,0.56435,-4e-05,-3.0926,18.573,4.5448,4.4476,4.3585,-368.42,50
2022-11-05 03:57:00,0.0,-2.7089,0.0,5.9606,0.0,13.92,0.0070499999999999,0.0,0.0,0.0,0.0,0.63207,0.0,-3.3409,18.62,4.4455,4.3587,4.2618,-106.12,50
2022-11-05 03:58:00,0.0,-2.6186,0.0,5.9444,-0.00011,13.92,0.00847,-0.01272,-0.0001399999999999,0.0084799999999999,0.0,0.5417699999999999,-0.00011,-3.1604,18.642,4.4276,4.3248,4.2031,-420.08,50
2022-11-05 03:59:00,0.0,-2.7315,0.0,5.9206,-1e-05,13.92,0.00776,-0.0021199999999999,0.0,-0.0021199999999999,0.0,0.65464,-1e-05,-3.386,18.627,4.3601,4.2721,4.177,-316.62,50
2022-11-05 04:00:00,0.0,-2.5283,0.0,5.87,3e-05,13.92,0.00804,0.0042399999999999,0.0,-0.0021199999999999,0.0,0.5191999999999999,3e-05,-3.0475,18.585,4.3064,4.2387,4.1059,-708.27,50
2022-11-05 04:01:00,0.0,-2.5057,0.0,5.8606,-1e-05,13.92,0.00804,-0.0021199999999999,0.0,-0.0084799999999999,0.0,0.56434,-1e-05,-3.0701,18.529,4.3367,4.2514,4.0968,-593.56,50
2022-11-05 04:02:00,0.0,-2.6186,0.0,5.8897,2e-05,13.92,0.00691,0.0021199999999999,0.0,-0.02332,0.0,0.81266,2e-05,-3.4312,18.502,4.3225,4.2226,4.0798,-196.77,50
2022-11-05 04:03:00,0.0,-2.6186,0.0,5.8533,-1e-05,13.92,0.00677,-0.0021199999999999,0.0,-0.01908,0.0,0.7900899999999998,-1e-05,-3.4086,18.503,4.249,4.1969,4.0078,-160.16,50
2022-11-05 04:04:00,0.0,-2.6186,0.0,5.7923,-4e-05,13.92,0.00776,-0.0042399999999999,0.0,-0.0084799999999999,0.0,0.63207,-4e-05,-3.2507,18.54,4.1746,4.1239,3.9363,-12.323,50
2022-11-05 04:05:00,0.0,-2.596,0.0,5.7393,-4e-05,13.92,0.0074799999999999,-0.0042399999999999,-0.0001399999999999,-0.0042399999999999,0.0,0.58692,-4e-05,-3.1829,18.584,4.1515,4.0985,3.9161,-429.18,50
2022-11-05 04:06:00,0.0,-2.5283,0.0,5.8214,-1e-05,13.92,0.00776,0.0,0.0,-0.0021199999999999,0.0,0.56435,-1e-05,-3.0926,18.602,4.2804,4.1818,4.0372,-555.68,50
2022-11-05 04:07:00,0.0,-2.596,0.0,5.9496,0.0,13.92,0.00776,0.0,-0.0001399999999999,-0.0042399999999999,0.0,0.63207,0.0,-3.2281,18.597,4.4264,4.3069,4.1668,-440.46,50
2022-11-05 04:08:00,0.0,-2.6412,0.0,6.0798,0.0,13.92,0.0079,0.0,0.0,-0.0084799999999999,0.0,0.6094899999999999,0.0,-3.2507,18.55,4.5227,4.3784,4.2361,-438.14,50
2022-11-05 04:09:00,0.0,-2.5283,0.0,6.126,-2e-05,13.92,0.00734,-0.0021199999999999,-0.0001399999999999,-0.00636,0.0,0.63207,-2e-05,-3.1604,18.464,4.5721,4.3905,4.2955,-431.13,50
2022-11-05 04:10:00,0.0,-2.6412,0.0,6.2059,-2e-05,13.92,0.0079,-0.0021199999999999,0.0,0.0,0.0,0.6094899999999999,-2e-05,-3.2507,18.358,4.5912,4.4236,4.3231,-329.58,50
2022-11-05 04:11:00,0.0,-2.5509,0.0,6.2059,-3e-05,13.92,0.00776,-0.0021199999999999,0.0,0.0042399999999999,0.0,0.58692,-3e-05,-3.1378,18.322,4.6129,4.4691,4.3562,-464.28,50
2022-11-05 04:12:00,0.0,-2.6637,0.0,6.1174,-2e-05,13.92,0.00776,-0.0021199999999999,0.0,-0.0042399999999999,0.0,0.56435,-2e-05,-3.2281,18.334,4.6208,4.4923,4.3589,-326.61,50
2022-11-05 04:13:00,0.0,-2.7766,0.0,5.967,-0.0001,13.921,0.00776,-0.01272,0.0,0.0042399999999999,0.0,0.65464,-0.0001,-3.4312,18.351,4.5982,4.495,4.3331,-139.23,50
2022-11-05 04:14:00,0.0,-2.5057,0.0,5.8126,5e-05,13.92,0.0074799999999999,0.00636,0.0,0.0,0.0,0.6094899999999999,5e-05,-3.1152,18.383,4.5837,4.4884,4.3041,-493.93,50
2022-11-05 04:15:00,0.0,-2.4831,0.0,5.7061,4e-05,13.92,0.0081799999999999,0.0042399999999999,0.0,0.0,0.0,0.5417699999999999,4e-05,-3.0249,18.372,4.5037,4.4018,4.2309,-640.94,50
2022-11-05 04:16:00,0.0,-2.4606,0.0,5.6156,0.0,13.92,0.0081799999999999,0.0,0.0,-0.0042399999999999,0.0,0.58692,0.0,-3.0475,18.297,4.4396,4.319,4.1896,-522.46,50
2022-11-05 04:17:00,0.0,-2.6637,0.0,5.5481,0.0,13.92,0.00762,0.0,0.0,-0.0042399999999999,0.0,0.6094899999999999,0.0,-3.2732,18.175,4.3925,4.2514,4.1587,-415.18,50
2022-11-05 04:18:00,0.0,-2.6186,0.0,5.5193,-3e-05,13.92,0.00762,-0.0042399999999999,0.0,0.0021199999999999,0.0,0.63207,-3e-05,-3.2507,18.153,4.389,4.2251,4.1425,-475.04,50
2022-11-05 04:19:00,0.0,-2.6863,0.0,5.5547,0.0,13.921,0.00691,0.0,0.0,-0.01908,0.0,0.76751,0.0,-3.4538,18.208,4.4181,4.2149,4.1516,-168.79,50
2022-11-05 04:20:00,0.0,-2.5057,0.0,5.6076,0.0,13.92,0.0081799999999999,0.0,0.0,0.0021199999999999,0.0,0.47405,0.0,-2.9797,18.277,4.4158,4.2024,4.1492,-685.3,50
2022-11-05 04:21:00,0.0,-2.5057,0.0,5.6001,2e-05,13.921,0.00847,0.0021199999999999,0.0,0.0021199999999999,0.0,0.5417699999999999,1e-05,-3.0475,18.334,4.3479,4.1272,4.0614,-624.49,50
2022-11-05 04:22:00,0.0,-2.5057,0.0,5.5589,4e-05,13.921,0.0081799999999999,0.0042399999999999,0.0001399999999999,0.0,0.0,0.47405,4e-05,-2.9798,18.385,4.2787,4.0619,4.001,-878.98,50
2022-11-05 04:23:00,0.0,-2.4606,0.0,5.5122,3e-05,13.92,0.0081799999999999,0.0042399999999999,0.0001399999999999,0.0,0.0,0.5191999999999999,3e-05,-2.9798,18.445,4.1831,3.9847,3.8935,-409.16,50
2022-11-05 04:24:00,0.0,-2.7089,0.0,5.4569,-3e-05,13.921,0.00734,-0.0042399999999999,0.0,-0.01484,0.0,0.76751,-3e-05,-3.4763,18.465,4.161,3.968,3.8787,-184.76,50
2022-11-05 04:25:00,0.0,-2.754,0.0,5.4365,-3e-05,13.921,0.00677,-0.0042399999999999,0.0,-0.01272,0.0,0.81266,-3e-05,-3.5666,18.437,4.1528,3.9768,3.9072,-104.2,50
2022-11-05 04:26:00,0.0,-2.6637,0.0,5.4087,0.0,13.92,0.00677,0.0,0.0,-0.0084799999999999,0.0,0.6772099999999999,0.0,-3.3409,18.342,4.1293,3.9387,3.8922,44.671,50
2022-11-05 04:27:00,0.0,-2.4831,0.0,5.4677,-4e-05,13.921,0.0083199999999999,-0.0042399999999999,-0.0002799999999999,0.0084799999999999,0.0,0.5417699999999999,-4e-05,-3.0249,18.303,4.1024,3.9385,3.8659,-431.79,50
2022-11-05 04:28:00,0.0,-2.5057,-0.0008499999999999,5.5708,-2e-05,13.921,0.00847,-0.0021199999999999,0.0002799999999999,0.0,0.0,0.5191999999999999,-2e-05,-3.0249,18.318,4.1761,3.9678,3.8939,-719.83,50
2022-11-05 04:29:00,0.0,-2.7766,0.0,5.6455,-1e-05,13.92,0.00776,-0.0021199999999999,-0.0002799999999999,0.0,0.0,0.58692,-1e-05,-3.3635,18.358,4.2323,4.0039,3.9347,-508.49,50
2022-11-05 04:30:00,0.0,-2.7089,0.0,5.8831,-7e-05,13.921,0.00776,-0.0084799999999999,0.0,-0.00636,0.0,0.6094899999999999,-7e-05,-3.3183,18.41,4.3521,4.1546,4.0919,-174.98,50
2022-11-05 04:31:00,0.0,-2.438,0.0,6.1674,-4e-05,13.921,0.00804,-0.0042399999999999,0.0001399999999999,0.0,0.0,0.5417699999999999,-4e-05,-2.9798,18.431,4.469,4.2592,4.2616,-559.24,50
2022-11-05 04:32:00,0.0,-2.7089,0.0,6.252,-6e-05,13.922,0.0081799999999999,-0.0084799999999999,0.0,0.0021199999999999,0.0,0.58692,-6e-05,-3.2958,18.419,4.5007,4.3031,4.3406,-92.64,50
2022-11-05 04:33:00,0.0,-2.6863,0.0,6.2568,-4e-05,13.921,0.0083199999999999,-0.0042399999999999,-0.00042,0.0084799999999999,0.0,0.5417699999999999,-4e-05,-3.2281,18.366,4.5351,4.3516,4.3735,-384.48,50
2022-11-05 04:34:00,0.0,-2.7315,0.0,6.3074,1e-05,13.922,0.0070499999999999,0.0021199999999999,-0.0001399999999999,-0.0106,0.0,0.65464,2e-05,-3.386,18.272,4.5832,4.4155,4.4151,-312.53,50
2022-11-05 04:35:00,0.0,-2.5734,0.0,6.2378,2e-05,13.922,0.00734,0.0021199999999999,0.0,0.0,0.0,0.58692,2e-05,-3.1603,18.182,4.5805,4.4456,4.3974,-378.13,50
2022-11-05 04:36:00,0.0,-2.596,0.0,6.1393,-6e-05,13.922,0.0074799999999999,-0.00636,0.0,-0.0042399999999999,0.0,0.56435,-6e-05,-3.1604,18.18,4.4947,4.3745,4.2887,-527.62,50
2022-11-05 04:37:00,0.0,-2.8443,0.0,6.0421,-2e-05,13.922,0.00734,-0.0021199999999999,-0.0001399999999999,-0.0021199999999999,0.0,0.6997799999999998,-2e-05,-3.5441,18.236,4.4077,4.3377,4.2011,-246.99,50
2022-11-05 04:38:00,0.0,-2.6863,0.0,5.9707,-8e-05,13.922,0.00776,-0.0106,-0.0002799999999999,0.00636,0.0,0.5191999999999999,-9e-05,-3.2055,18.302,4.3663,4.2962,4.1452,-668.6,50
2022-11-05 04:39:00,0.0,-2.596,0.0,5.9282,-2e-05,13.922,0.0074799999999999,-0.0021199999999999,0.0,-0.0021199999999999,0.0,0.6094899999999999,-2e-05,-3.2055,18.357,4.3669,4.2987,4.1341,-214.84,50
2022-11-05 04:40:00,0.0,-2.5057,0.0,5.8542,-2e-05,13.922,0.00847,-0.0021199999999999,-0.0002799999999999,0.0084799999999999,0.0,0.5417699999999999,-3e-05,-3.0475,18.351,4.2963,4.2411,4.063,-438.32,50
2022-11-05 04:41:00,0.0,-2.6412,0.0,5.8377,3e-05,13.922,0.0074799999999999,0.0042399999999999,0.0,-0.0106,0.0,0.6997799999999998,3e-05,-3.3409,18.342,4.2164,4.1532,3.9516,-91.674,50
2022-11-05 04:42:00,0.0,-2.6186,0.0,5.815,-2e-05,13.922,0.00762,-0.0021199999999999,0.0,-0.0042399999999999,0.0,0.65464,-2e-05,-3.2732,18.347,4.1349,4.103,3.8996,-243.74,50
2022-11-05 04:43:00,0.0,-2.5509,0.0,5.7891,-1e-05,13.922,0.0081799999999999,-0.0021199999999999,0.0,0.0021199999999999,0.0,0.5417699999999999,-1e-05,-3.0926,18.352,4.0466,4.0231,3.8194,-381.25,50
2022-11-05 04:44:00,0.0,-2.6412,0.0,5.7668,-4e-05,13.922,0.00776,-0.0042399999999999,-0.0002799999999999,-0.0042399999999999,0.0,0.63207,-4e-05,-3.2732,18.388,3.9872,3.9655,3.7755,-460.63,50
2022-11-05 04:45:00,0.0,-2.6412,0.0,5.7359,1e-05,13.923,0.0081799999999999,0.0021199999999999,0.0,-0.0084799999999999,0.0,0.6094899999999999,1e-05,-3.2507,18.452,3.9386,3.9096,3.7318,-324.1,50
2022-11-05 04:46:00,0.0,-2.5734,0.0,5.7616,-5e-05,13.922,0.0081799999999999,-0.00636,-0.0001399999999999,0.0084799999999999,0.0,0.5191999999999999,-6e-05,-3.0926,18.503,3.9545,3.9082,3.741,-540.35,50
2022-11-05 04:47:00,0.0,-2.7314,0.0,5.7877,-3e-05,13.923,0.00804,-0.0042399999999999,0.0,0.0021199999999999,0.0,0.58692,-3e-05,-3.3183,18.55,3.9476,3.9252,3.7485,-200.97,50
2022-11-05 04:48:00,0.0,-2.5734,0.0,5.7092,-4e-05,13.923,0.0081799999999999,-0.0042399999999999,-0.0002799999999999,-0.0042399999999999,0.0,0.6094899999999999,-4e-05,-3.1829,18.574,3.8982,3.9125,3.7095,-458.06,50
2022-11-05 04:49:00,0.0,-2.5283,0.0,5.6012,0.0,13.923,0.00734,0.0,0.0,-0.00636,0.0,0.65464,0.0,-3.1829,18.575,3.8395,3.8738,3.6554,-172.31,50
2022-11-05 04:50:00,0.0,-2.5057,0.0,5.4905,-3e-05,13.923,0.0074799999999999,-0.0042399999999999,0.0,-0.0021199999999999,0.0,0.56435,-3e-05,-3.0701,18.565,3.7768,3.813,3.5836,-386.88,50
2022-11-05 04:51:00,0.0,-2.5283,0.0,5.3974,-6e-05,13.92,0.0079,-0.0084799999999999,0.0,0.0021199999999999,0.0,0.63207,-6e-05,-3.1604,18.511,3.7319,3.7826,3.5301,-232.45,50
2022-11-05 04:52:00,0.0,-2.6863,0.0,5.3283,0.0,13.922,0.00776,0.0,0.0,-0.0042399999999999,0.0,0.58692,0.0,-3.2732,18.407,3.701,3.7381,3.4842,-295.55,50
2022-11-05 04:53:00,0.0,-2.5734,0.0,5.3204,0.0,13.923,0.00776,0.0021199999999999,0.0,-0.0084799999999999,0.0,0.56435,0.0,-3.1378,18.35,3.6817,3.7021,3.4551,-468.52,50
2022-11-05 04:54:00,0.0,-2.5509,0.0,5.325,3e-05,13.922,0.00762,0.0042399999999999,0.0,-0.0021199999999999,0.0,0.6094899999999999,3e-05,-3.1604,18.379,3.6716,3.684,3.4311,-399.36,50
2022-11-05 04:55:00,0.0,-2.5734,0.0,5.3273,-5e-05,13.923,0.00776,-0.00636,0.0,0.0021199999999999,0.0,0.58692,-5e-05,-3.1604,18.445,3.6786,3.6853,3.4475,-358.52,50
2022-11-05 04:56:00,0.0,-2.4831,0.0,5.3915,-9e-05,13.923,0.0083199999999999,-0.0106,0.0,0.0021199999999999,0.0,0.5191999999999999,-9e-05,-3.0023,18.498,3.808,3.7911,3.6098,-457.16,50
2022-11-05 04:57:00,0.0,-2.7766,0.0,5.4967,-3e-05,13.923,0.0079,-0.0042399999999999,0.0,-0.0084799999999999,0.0,0.6997799999999998,-3e-05,-3.4763,18.511,3.8933,3.868,3.7354,-138.73,50
2022-11-05 04:58:00,0.0,-2.7315,0.0,5.4899,-1e-05,13.922,0.0071999999999999,-0.0021199999999999,0.0,-0.01272,0.0,0.7900899999999998,-1e-05,-3.5215,18.499,3.8482,3.8367,3.6828,-142.8,50
2022-11-05 04:59:00,0.0,-2.5283,0.0,5.4577,1e-05,13.923,0.0079,0.0021199999999999,-0.0001399999999999,-0.0021199999999999,0.0,0.6094899999999999,1e-05,-3.1378,18.473,3.8256,3.8298,3.6746,-434.84,50
2022-11-05 05:00:00,0.0,-2.6186,0.0,5.5169,-4e-05,13.922,0.0079,-0.0042399999999999,0.0,-0.0084799999999999,0.0,0.65464,-4e-05,-3.2732,18.425,3.8408,3.8727,3.7052,-51.526,50
2022-11-05 05:01:00,0.0,-2.596,0.0,5.7955,4e-05,13.922,0.0071999999999999,0.00636,0.0,-0.0084799999999999,0.0,0.58692,4e-05,-3.1829,18.414,3.9809,3.968,3.8488,-558.9,50
2022-11-05 05:02:00,0.0,-2.6412,0.0,5.9634,-5e-05,13.923,0.00804,-0.00636,-0.0002799999999999,-0.0042399999999999,0.0,0.6094899999999999,-5e-05,-3.2507,18.448,4.0593,4.0086,3.8677,-426.14,50
2022-11-05 05:03:00,0.0,-2.5283,0.0,5.9613,-2e-05,13.923,0.0079,-0.0021199999999999,-0.0002799999999999,0.0042399999999999,0.0,0.5191999999999999,-3e-05,-3.0475,18.502,4.0718,4.0206,3.8989,-446.86,50
2022-11-05 05:04:00,0.0,-2.5734,0.0,5.9665,-1e-05,13.923,0.0070499999999999,-0.0021199999999999,0.0,-0.01272,0.0,0.7223699999999998,-1e-05,-3.2958,18.547,4.052,4.0234,3.8499,-161.6,50
2022-11-05 05:05:00,0.0,-2.5057,0.0,5.966,0.0,13.922,0.0083199999999999,0.0,0.0,0.0,0.0,0.47405,0.0,-2.9798,18.577,4.1473,4.0245,3.9196,-645.89,50
2022-11-05 05:06:00,0.0,-2.6637,0.0,5.9798,-7e-05,13.922,0.00847,-0.0084799999999999,0.0,0.00636,0.0,0.5417699999999999,-8e-05,-3.2055,18.591,4.1546,4.0123,3.966,-640.18,50
2022-11-05 05:07:00,0.0,-2.6412,0.0,5.9513,0.0,13.922,0.0079,0.0,0.0001399999999999,-0.0021199999999999,0.0,0.65464,0.0,-3.2958,18.55,4.1148,3.9792,3.8985,-248.37,50
2022-11-05 05:08:00,0.0,-2.6412,0.0,5.9102,4e-05,13.922,0.00734,0.0042399999999999,0.0,-0.01484,0.0,0.65464,4e-05,-3.2958,18.492,4.0767,3.9467,3.8796,-498.4,50
2022-11-05 05:09:00,0.0,-2.7089,0.0,5.8709,-3e-05,13.922,0.0071999999999999,-0.0042399999999999,0.0,-0.0021199999999999,0.0,0.7223699999999998,-3e-05,-3.4312,18.457,4.0046,3.9114,3.7823,-102.2,50
2022-11-05 05:10:00,0.0,-2.5283,0.0,5.8351,-4e-05,13.922,0.00847,-0.0042399999999999,-0.0001399999999999,0.01272,0.0,0.5191999999999999,-4e-05,-3.0475,18.475,3.9606,3.8765,3.7367,-90.648,50
2022-11-05 05:11:00,0.0,-2.7315,0.0,5.8656,-3e-05,13.922,0.0071999999999999,-0.0042399999999999,0.0,-0.0106,0.0,0.6997799999999998,-3e-05,-3.4312,18.516,3.9778,3.8904,3.72,-64.653,50
2022-11-05 05:12:00,0.0,-2.438,0.0,5.8851,0.0,13.921,0.0081799999999999,0.0,0.0,-0.0021199999999999,0.0,0.56435,0.0,-3.0023,18.559,4.0206,3.9199,3.7812,-483.08,50
2022-11-05 05:13:00,0.0,-2.6863,0.0,5.9467,0.0,13.922,0.00691,0.0,0.0,-0.01272,0.0,0.76751,0.0,-3.4538,18.608,4.113,3.9841,3.8566,-316.35,50
2022-11-05 05:14:00,0.0,-2.6637,0.0,5.9974,-5e-05,13.922,0.0071999999999999,-0.00636,0.0,0.0021199999999999,0.0,0.58692,-5e-05,-3.2507,18.607,4.1984,4.094,3.9342,-314.46,50
2022-11-05 05:15:00,0.0,-2.5283,0.0,6.0363,-4e-05,13.922,0.00847,-0.0042399999999999,-0.0001399999999999,0.0106,0.0,0.58692,-4e-05,-3.1152,18.569,4.266,4.1961,4.0143,-354.97,50
2022-11-05 05:16:00,0.0,-2.6863,0.0,5.9223,0.0,13.922,0.0070499999999999,0.0,0.0,-0.01484,0.0,0.81266,0.0,-3.4989,18.475,4.2431,4.2306,4.0277,-256.27,50
2022-11-05 05:17:00,0.0,-2.596,0.0,5.9106,-1e-05,13.923,0.00762,-0.0021199999999999,-0.0001399999999999,-0.0021199999999999,0.0,0.58692,-1e-05,-3.1829,18.373,4.2553,4.3152,4.0931,-233.16,50
2022-11-05 05:18:00,0.0,-2.5509,0.0,5.9643,-0.00011,13.921,0.00847,-0.01272,0.0,0.0084799999999999,0.0,0.5417699999999999,-0.00011,-3.0926,18.356,4.294,4.3941,4.1509,-427.26,50
2022-11-05 05:19:00,0.0,-2.6186,0.0,6.007,5e-05,13.922,0.0071999999999999,0.00636,0.0,-0.0106,0.0,0.58692,5e-05,-3.2055,18.384,4.2877,4.3924,4.1211,-381.78,50
2022-11-05 05:20:00,0.0,-2.4831,0.0,6.0554,-2e-05,13.922,0.0083199999999999,-0.0021199999999999,0.0001399999999999,-0.0042399999999999,0.0,0.58692,-2e-05,-3.0701,18.428,4.3922,4.4836,4.2088,-524.37,50
2022-11-05 05:21:00,0.0,-2.5508,0.0,7.5437,-5e-05,13.922,0.0079,-0.00636,0.0,0.0021199999999999,0.0,0.58692,-5e-05,-3.1378,18.448,5.1844,5.2425,4.946,-403.44,50
2022-11-05 05:22:00,0.0,-2.6186,0.0,9.8635,-1e-05,13.922,0.00762,-0.0021199999999999,0.0,-0.0169599999999999,0.0,0.6997799999999998,-1e-05,-3.3183,18.436,6.0555,6.0442,5.9024,-382.79,50
2022-11-05 05:23:00,0.0,-2.754,0.0,10.655,-1e-05,13.922,0.00691,-0.0021199999999999,0.0,0.0042399999999999,0.0,0.65464,-1e-05,-3.4086,18.436,6.9081,6.7415,6.648,28.026,50
2022-11-05 05:24:00,0.0,-2.4606,0.0,10.981,-0.0001299999999999,13.922,0.00847,-0.01484,-0.0001399999999999,0.00636,0.0,0.5417699999999999,-0.0001299999999999,-3.0023,18.434,7.36,7.1239,7.1214,-548.58,50
2022-11-05 05:25:00,0.0,-2.438,0.0,10.921,-0.00011,13.923,0.00847,-0.01272,0.0001399999999999,0.0,0.0,0.5417699999999999,-0.00011,-2.9797,18.386,7.7107,7.5418,7.610299999999999,-676.57,50
2022-11-05 05:26:00,0.0,-2.5509,0.0,11.023,0.0,13.922,0.00776,0.0,0.0,-0.01272,0.0,0.6772099999999999,0.0,-3.2281,18.311,8.0458,7.8455,7.9669,-605.03,50
2022-11-05 05:27:00,0.0,-2.7315,0.0,11.265,-1e-05,13.922,0.00762,-0.0021199999999999,0.0,0.0,0.0,0.56435,-1e-05,-3.2958,18.248,8.2599,8.069,8.186999999999998,-429.94,50
2022-11-05 05:28:00,0.0,-2.596,0.0,10.781,1e-05,13.922,0.0070499999999999,0.0021199999999999,0.0,-0.0042399999999999,0.0,0.63207,1e-05,-3.2281,18.225,8.1713,8.0286,8.157,-326.83,50
2022-11-05 05:29:00,0.0,-2.5734,0.0,10.14,-2e-05,13.922,0.00762,-0.0021199999999999,0.0,0.0042399999999999,0.0,0.58692,-2e-05,-3.1604,18.248,8.0228,7.8331,7.9554,-254.27,50
2022-11-05 05:30:00,0.0,-2.596,0.0,9.7956,-2e-05,13.922,0.00776,-0.0021199999999999,0.0,-0.0021199999999999,0.0,0.63207,-2e-05,-3.2281,18.327,7.9339,7.7233,7.796999999999999,-534.89,50
2022-11-05 05:31:00,0.0,-2.6637,0.0,9.606000000000002,-3e-05,13.922,0.0079,-0.0042399999999999,-0.0001399999999999,-0.0042399999999999,0.0,0.56435,-3e-05,-3.2281,18.392,7.8624,7.630899999999999,7.6837,-578.29,50
2022-11-05 05:32:00,0.0,-2.5734,0.0,9.4476,-9e-05,13.922,0.0083199999999999,-0.0106,0.0001399999999999,0.00636,0.0,0.58692,-9e-05,-3.1604,18.424,7.7347,7.5778,7.601499999999999,-421.69,50
2022-11-05 05:33:00,0.0,-2.5508,0.0,9.3808,-4e-05,13.923,0.00776,-0.0042399999999999,0.0,0.0,0.0,0.6094899999999999,-4e-05,-3.1603,18.437,7.622499999999999,7.4658,7.4478,-446.66,50
2022-11-05 05:34:00,0.0,-2.6186,0.0,9.319400000000002,-4e-05,13.922,0.0074799999999999,-0.00636,0.0,0.0042399999999999,0.0,0.6094899999999999,-4e-05,-3.2281,18.438,7.5217,7.3765,7.3463,-201.46,50
2022-11-05 05:35:00,0.0,-2.6637,0.0,9.2868,-1e-05,13.922,0.00776,-0.0021199999999999,0.0,-0.0084799999999999,0.0,0.58692,-1e-05,-3.2507,18.415,7.4719,7.333999999999999,7.2655,-360.89,50
2022-11-05 05:36:00,0.0,-2.5283,0.0,9.2449,-5e-05,13.922,0.00776,-0.00636,0.0,-0.0021199999999999,0.0,0.6094899999999999,-5e-05,-3.1378,18.416,7.4424,7.3491,7.2373,-499.23,50
2022-11-05 05:37:00,0.0,-2.5734,0.0,9.2472,-2e-05,13.922,0.0083199999999999,-0.0021199999999999,0.0,-0.00636,0.0,0.56434,-2e-05,-3.1378,18.439,7.382799999999999,7.2428,7.1815,-703.86,50
2022-11-05 05:38:00,0.0,-2.596,0.0,9.3848,-5e-05,13.922,0.0081799999999999,-0.00636,0.0001399999999999,0.0021199999999999,0.0,0.58692,-5e-05,-3.1829,18.482,7.3917,7.2748,7.225799999999999,-498.38,50
2022-11-05 05:39:00,0.0,-2.6637,0.0,9.313,-3e-05,13.922,0.0074799999999999,-0.0042399999999999,0.0,-0.0021199999999999,0.0,0.63207,-3e-05,-3.2958,18.529,7.3455,7.2496,7.2203,-271.39,50
2022-11-05 05:40:00,0.0,-2.7766,0.0,9.231000000000002,-5e-05,13.923,0.0079,-0.00636,0.0,0.00636,0.0,0.5417699999999999,-5e-05,-3.3183,18.59,7.2294,7.1395,7.076,-488.2,50
2022-11-05 05:41:00,0.0,-2.4831,-0.0008499999999999,9.1876,-2e-05,13.922,0.00847,-0.0021199999999999,0.0001399999999999,0.0,0.0,0.5417699999999999,-2e-05,-3.0249,18.628,7.1495,7.0365,6.9222,-760.9099999999999,50
2022-11-05 05:42:00,0.0,-2.6637,0.0,9.1104,-8e-05,13.922,0.00762,-0.0106,0.0,0.0,0.0,0.63207,-8e-05,-3.2958,18.616,7.0409,6.9239,6.7943,-289.96,50
2022-11-05 05:43:00,0.0,-2.4606,0.0,9.0666,2e-05,13.922,0.00847,0.0021199999999999,0.0,0.0,0.0,0.5191999999999999,2e-05,-2.9798,18.606,6.9841,6.8636,6.7028,-586.44,50
2022-11-05 05:44:00,0.0,-2.7089,0.0,8.9625,0.00048,13.923,0.0079,0.06572,0.0,-0.0169599999999999,0.0,0.76751,0.00048,-3.4763,18.577,6.9451,6.8401,6.6327,-150.78,50
2022-11-05 05:45:00,0.0,-2.596,0.0,9.0382,0.00253,13.922,0.00804,0.3137599999999999,-0.0001399999999999,0.0042399999999999,0.0,0.56435,0.00253,-3.1604,18.532,7.0026,6.9234,6.7074,-335.67,50
2022-11-05 05:46:00,0.0,-2.5057,0.0,8.970399999999998,0.0030999999999999,13.922,0.0081799999999999,0.3794699999999999,0.0,-0.00636,0.0,0.58692,0.0030999999999999,-3.0926,18.483,7.0176,6.9693,6.7666,-570.91,50
2022-11-05 05:47:00,0.0,-2.5057,0.0,8.6872,0.0033999999999999,13.922,0.00762,0.44307,0.0,-0.0084799999999999,0.0,0.6094899999999999,0.0033999999999999,-3.1152,18.431,7.0219,6.9965,6.807,-599.38,50
2022-11-05 05:48:00,0.0,-2.596,0.0,8.532,0.0041599999999999,13.923,0.0079,0.52363,0.0,0.0042399999999999,0.0,0.6094899999999999,0.0041599999999999,-3.2055,18.378,6.9917,7.036,6.8007,-250.34,50
2022-11-05 05:49:00,0.0,-2.596,0.0,8.2757,0.00491,13.923,0.0079,0.6232699999999999,0.0,-0.0021199999999999,0.0,0.6094899999999999,0.00491,-3.2055,18.328,6.9303,6.9739,6.7357,-513.59,50
2022-11-05 05:50:00,0.0,-2.7992,0.0,8.2751,0.0056499999999999,13.923,0.00776,0.72926,0.0,-0.00636,0.0,0.7223699999999998,0.0056499999999999,-3.5215,18.291,6.9507,6.9921,6.7941,44.28,50
2022-11-05 05:51:00,0.0,-2.6412,0.0,8.3529,0.00632,13.922,0.0071999999999999,0.8819,0.0,-0.01272,0.0,0.7223699999999998,0.00632,-3.3635,18.259,6.999,6.9956,6.8146,-223.98,50
2022-11-05 05:52:00,0.0,-2.4606,0.0,8.1774,0.00901,13.921,0.00847,1.0642,0.0001399999999999,-0.0042399999999999,0.0,0.58692,0.00901,-3.0475,18.224,6.9463,6.9254,6.7828,-628.11,50
2022-11-05 05:53:00,0.0,-2.6863,0.0,8.0241,0.0089899999999999,13.923,0.0070499999999999,1.272,0.0,0.0,0.0,0.6772099999999999,0.0089899999999999,-3.3635,18.183,6.8985,6.8757,6.7397,-220.69,50
2022-11-05 05:54:00,0.0,-2.4831,0.0,7.660599999999999,0.01265,13.922,0.00847,1.4946,0.0001399999999999,-0.0021199999999999,0.0,0.56434,0.01265,-3.0475,18.14,6.7501,6.7272,6.6145,-537.55,50
2022-11-05 05:55:00,0.0,-2.5509,0.0,7.4255,0.01386,13.922,0.00804,1.7193,-0.0001399999999999,0.63175,0.0,0.58692,0.0138499999999999,-3.1378,18.112,6.6431,6.6246,6.5109,-392.28,50
2022-11-05 05:56:00,0.0,-2.5509,0.0,7.3124,0.01682,13.922,0.00847,1.9864,-0.00042,1.3059,0.0,0.5191999999999999,0.01623,-3.0701,18.102,6.5533,6.5098,6.4525,-421.86,50
2022-11-05 05:57:00,0.0,-2.6412,0.0,7.3097,0.01802,13.922,0.00804,2.2429,0.0,1.5539,0.0,0.58692,0.01802,-3.2281,18.113,6.4851,6.4364,6.3723,-283.22,50
2022-11-05 05:58:00,0.0,-2.6412,0.0,7.2539,0.0211,13.922,0.0083199999999999,2.5376,-0.0001399999999999,1.8444,0.0,0.58692,0.02082,-3.2281,18.071,6.4739,6.4243,6.3247,-405.86,50
2022-11-05 05:59:00,0.0,-2.596,0.0,7.4908,0.02484,13.923,0.00847,2.9341,0.0,2.2493,0.0,0.58692,0.02484,-3.1829,17.989,6.5359,6.5514,6.3945,-409.0,50
2022-11-05 06:00:00,0.0,-2.4606,0.0,7.994,0.02879,13.923,0.00847,3.4004,0.0002799999999999,2.7157,0.0,0.56435,0.02961,-3.0249,17.961,6.6239,6.5814,6.5147,-636.64,50
2022-11-05 06:01:00,0.0,-2.5283,0.0,8.1148,0.033,13.921,0.00847,3.8986,0.0,3.2118,0.0,0.6772099999999999,0.033,-3.2055,18.008,6.6424,6.5963,6.474,-628.61,50
2022-11-05 06:02:00,0.0,-2.5734,0.0,8.4845,0.03477,13.923,0.0079,4.3926,0.0,3.7184,0.0,0.6094899999999999,0.03477,-3.1829,18.062,6.8965,6.8107,6.6527,-252.43,50
2022-11-05 06:03:00,0.0,-2.6186,0.0,9.428,0.0421399999999999,13.923,0.0083199999999999,5.0646,0.0,4.3629,0.0,0.63207,0.0421399999999999,-3.2507,18.023,7.216999999999999,7.135,6.9448,-347.38,50
2022-11-05 06:04:00,0.0,-2.438,0.0,9.7927,0.0491699999999999,13.923,0.00847,5.8087,0.0002799999999999,5.0773,0.0,0.5417699999999999,0.05061,-2.9798,18.02,7.402,7.3337,7.232599999999999,-685.36,50
2022-11-05 06:05:00,0.0,-2.6637,0.0,9.8081,0.05561,13.923,0.00847,6.5698,-0.0001399999999999,5.832,0.0,0.65464,0.05478,-3.3183,18.045,7.4061,7.3376,7.2662,-404.14,50
2022-11-05 06:06:00,0.0,-2.6186,0.0,9.7511,0.06252,13.922,0.00847,7.3859,0.0,6.6313,0.0,0.56435,0.06252,-3.1829,18.128,7.3887,7.3246,7.228,-249.37,50
2022-11-05 06:07:00,0.0,-2.5509,0.0,9.7786,0.0717099999999999,13.923,0.00847,8.4714,0.0,7.7083,0.0,0.6772099999999999,0.0717099999999999,-3.2281,18.209,7.4947,7.5015,7.3265,-495.06,50
2022-11-05 06:08:00,0.0,-2.596,0.0,10.122,0.0834099999999999,13.923,0.0081799999999999,10.178,0.0,9.3893,0.0,0.6772099999999999,0.0834099999999999,-3.2732,18.227,7.6205,7.58,7.4137,-105.48,50
2022-11-05 06:09:00,0.0,-2.754,0.0,10.195,0.10484,13.923,0.00847,12.385,0.0,11.588,0.0,0.7223699999999998,0.10484,-3.4763,18.215,7.717399999999999,7.6306,7.4977,-144.46,50
2022-11-05 06:10:00,0.0,-2.5509,0.0,10.197,0.12772,13.923,0.00847,15.088,0.0,14.263,0.0,0.58692,0.12772,-3.1378,18.183,7.8598,7.7823,7.6079,-370.1,50
2022-11-05 06:11:00,0.0,-2.6637,0.0,10.19,0.15683,13.924,0.0086099999999999,18.234,0.0,17.38,0.0,0.7900899999999998,0.15683,-3.4538,18.208,7.9021,7.819899999999999,7.6142,-418.38,50
2022-11-05 06:12:00,0.0,-2.6186,0.0,10.296,0.18373,13.924,0.00847,21.704,0.0,20.844,0.0,0.81266,0.18373,-3.4312,18.234,7.9656,7.849199999999998,7.6307,55.982,50
2022-11-05 06:13:00,0.0,-2.4606,0.0,10.314,0.21839,13.924,0.00847,25.798,0.0,25.013,0.0,0.63207,0.21839,-3.0926,18.244,8.155599999999998,8.020099999999998,7.733799999999999,-440.5,50
2022-11-05 06:14:00,0.0,-2.5734,0.0,9.9694,0.25801,13.924,0.00847,30.479,0.0,29.694,0.0,0.58692,0.25801,-3.1604,18.2,8.0926,8.0419,7.7503,-657.02,50
2022-11-05 06:15:00,0.0,-2.5283,0.0,9.6739,0.31907,13.923,0.00889,35.887,0.0,35.153,0.0,0.63207,0.31907,-3.1604,18.176,8.0145,7.9576,7.6863,-692.99,50
2022-11-05 06:16:00,0.0,-2.4606,0.0,9.5666,0.36414,13.925,0.0086099999999999,42.359,0.0,41.653,0.0,0.5191999999999999,0.36414,-2.9798,18.177,7.9774,7.9292,7.670099999999999,-558.86,50
2022-11-05 06:17:00,0.0,-2.438,0.0,9.7675,0.42225,13.924,0.00847,49.881,0.0,49.253,0.0,0.5417699999999999,0.42225,-2.9798,18.185,8.0434,8.020099999999998,7.7522,-587.66,50
2022-11-05 06:18:00,0.0,-2.5509,0.0,9.9637,0.5240099999999999,13.925,0.00889,58.95,0.0,58.32,0.0,0.58692,0.5240099999999999,-3.1378,18.166,8.112299999999998,8.0969,7.815699999999999,-719.91,50
2022-11-05 06:19:00,0.0,-2.5283,0.0,10.358,0.68095,13.925,0.00974,69.942,0.0,69.255,0.0,0.6094899999999999,0.68095,-3.1378,18.132,8.2849,8.2851,8.0099,-715.68,50
2022-11-05 06:20:00,0.0,-2.5283,0.0,10.043,0.876,13.925,0.01044,83.73099999999998,0.0,82.88299999999998,0.0,0.58692,0.876,-3.1152,18.052,8.3635,8.3353,8.1097,-805.5399999999998,50
2022-11-05 06:21:00,0.0,-3.3635,0.0,10.09,1.0867,13.925,0.0109999999999999,98.787,-0.0002799999999999,97.71400000000001,0.0,0.2031699999999999,1.0608,-3.5666,17.968,8.414099999999998,8.356999999999998,8.114,-502.83,50
2022-11-05 06:22:00,0.0,-3.5441,0.0,10.465,1.1714,13.925,0.01058,110.56,0.0,109.31,0.0,0.06772,1.1714,-3.6118,17.947,8.5045,8.4419,8.1726,-505.79,50
2022-11-05 06:23:00,0.0,-3.5441,0.0,10.481,1.3313,13.926,0.01115,119.47,0.0,118.06,0.0,0.06772,1.3313,-3.6118,17.996,8.452899999999998,8.4222,8.2097,-784.0499999999998,50
2022-11-05 06:24:00,0.0,-3.4989,0.0,10.719,1.415,13.924,0.01115,126.92,0.0,125.16,0.0,0.02257,1.415,-3.5215,18.079,8.683199999999998,8.6591,8.4055,-691.04,50
2022-11-05 06:25:00,0.0,-3.7247,0.0,11.306,1.6083,13.925,0.0118499999999999,135.7,0.0,133.52,0.0,0.0,1.6083,-3.7247,18.139,9.0124,9.0125,8.7938,-407.59,50
2022-11-05 06:26:00,0.0,-3.6795,0.0,11.519,2.2858,13.925,0.01721,137.11,0.0002799999999999,138.66,0.0,0.0903,2.3266,-3.7698,18.177,9.1791,9.1981,8.9729,-904.09,50
2022-11-05 06:27:00,0.0,-3.7021,0.0,11.719,3.5401,13.926,0.02878,126.13,0.0,126.46,0.0,0.0,3.5401,-3.7021,18.226,9.4314,9.400200000000002,9.1284,-842.1599999999999,50
2022-11-05 06:28:00,0.0,-4.0181,0.0,12.083,4.2209,13.925,0.0342799999999999,125.54,0.0,127.66,0.0,-0.06772,4.2209,-3.9504,18.172,9.7637,9.6379,9.3155,-576.39,50
2022-11-05 06:29:00,0.0,-4.3793,0.0008499999999999,11.879,4.8752,13.926,0.03894,127.53,0.0001399999999999,127.74,0.0,0.02257,4.8931,-4.4019,18.093,9.7267,9.6241,9.3427,-169.84,50
2022-11-05 06:30:00,0.0,-4.4245,0.0,11.851,6.0797,13.925,0.04938,124.69,0.00734,125.0,0.0,-0.02257,6.9046,-4.4019,18.013,9.8529,9.7216,9.4497,-392.43,50
2022-11-05 06:31:00,0.0,-4.5825,0.0,11.807,7.6387,13.925,0.06166,124.81,0.0196099999999999,129.73,0.0,-0.3386,10.076,-4.2439,17.977,9.8523,9.7769,9.5078,-702.03,50
2022-11-05 06:32:00,0.0,-4.7405,0.0,11.841,9.9696,13.926,0.07506,133.32,0.0321699999999999,139.7,0.0,-0.3386,14.411,-4.4019,18.017,9.9776,9.956,9.7055,,50
2022-11-05 06:33:00,0.0,-4.8985,0.0,12.058,10.918,13.925,0.05926,184.5,0.02102,182.66,0.0,-0.40633,14.737,-4.4922,18.09,10.186,10.092,9.8048,-1002.6,50
2022-11-05 06:34:00,0.0,-5.1694,0.0,12.054,11.148,13.926,0.05672,196.56,0.0179199999999999,196.44,0.0,-0.3386,14.666,-4.8308,18.133,10.141,10.099,9.8211,-860.15,50
2022-11-05 06:35:00,0.0,-5.1694,0.0,11.931,11.17,13.926,0.05643,197.93,0.01693,197.94,0.0,-0.36118,14.521,-4.8082,18.213,10.146,10.059,9.8086,-727.11,50
2022-11-05 06:36:00,0.0,-4.8082,-0.0008499999999999,11.777,11.07,13.926,0.0565799999999999,195.67,0.01848,195.49,0.0,-0.4289,14.683,-4.3793,18.289,10.067,9.9862,9.7334,-953.83,50
2022-11-05 06:37:00,0.0,-4.9437,0.0,11.699,11.107,13.927,0.05672,195.82,0.0176399999999999,195.75,0.0,-0.3386,14.559,-4.605,18.346,10.021,9.9153,9.6949,-963.82,50
2022-11-05 06:38:00,0.0,-4.8985,0.0,11.708,11.149,13.927,0.05672,196.58,0.02921,186.1,0.0,-0.36118,16.425,-4.5373,18.391,9.9473,9.8489,9.6238,,50
2022-11-05 06:39:00,0.0,-4.8534,0.0,11.642,12.503,13.928,0.0667299999999999,189.63,0.0258199999999999,195.34,0.0,-0.4514699999999999,17.545,-4.4019,18.404,9.9567,9.8015,9.5307,-1189.0,50
2022-11-05 06:40:00,0.0,-4.7405,0.0,11.776,12.649,13.928,0.0647599999999999,195.33,0.02525,199.01,0.0,-0.40633,17.675,-4.3342,18.365,10.053,9.8418,9.5495,-1090.9,50
2022-11-05 06:41:00,0.0,-5.034,0.0,12.029,12.546,13.928,0.06504,192.91,0.02554,195.62,0.0,-0.29346,17.541,-4.7405,18.289,10.228,9.9704,9.6861,-1033.6,50
2022-11-05 06:42:00,0.0,-4.8308,0.0,12.24,12.442,13.928,0.0667299999999999,186.45,0.0273699999999999,186.46,0.0,-0.4514699999999999,17.542,-4.3793,18.199,10.362,10.06,9.7394,-1084.7,50
2022-11-05 06:43:00,0.0,-4.9662,0.0,12.212,12.306,13.928,0.06758,182.1,0.02878,180.12,0.0,-0.47405,17.491,-4.4922,18.135,10.384,10.064,9.7231,,50
2022-11-05 06:44:00,0.0,-4.9662,0.0,12.039,12.575,13.928,0.07097,179.17,0.03273,175.78,0.0,-0.3386,18.204,-4.6276,18.14,10.388,10.047,9.7139,,50
2022-11-05 06:45:00,0.0,-5.0791,0.0,11.963,12.388,13.928,0.0665899999999999,186.45,0.0273699999999999,186.74,0.0,-0.4289,17.498,-4.6502,18.171,10.355,10.005,9.6388,-836.19,50
2022-11-05 06:46:00,0.0,-4.8759,0.0,12.043,12.546,13.928,0.06532,192.07,0.0261,191.51,0.0,-0.3160399999999999,17.543,-4.5599,18.245,10.479,10.139,9.7906,,50
2022-11-05 06:47:00,0.0,-4.9662,0.0,12.35,12.746,13.928,0.0647599999999999,196.83,0.0249699999999999,196.79,0.0,-0.40633,17.659,-4.5599,18.321,10.663,10.314,9.9634,-1037.1,50
2022-11-05 06:48:00,0.0,-5.1242,0.0,12.319,12.844,13.928,0.0640499999999999,200.51,0.02342,200.94,0.0,-0.47405,17.55,-4.6502,18.359,10.735,10.438,10.126,-1035.2,50
2022-11-05 06:49:00,0.0,-4.9662,0.0,12.181,12.783,13.929,0.06278,203.6,0.02525,201.77,0.0,-0.47405,17.794,-4.4922,18.377,10.756,10.479,10.167,,50
2022-11-05 06:50:00,0.0,-5.0114,-0.0008499999999999,12.146,13.188,13.928,0.0644799999999999,205.32,0.0220099999999999,208.19,0.0,-0.3837499999999999,17.77,-4.6276,18.381,10.779,10.495,10.168,-917.33,50
2022-11-05 06:51:00,0.0,-4.8985,0.0,12.248,12.944,13.929,0.06151,210.42,0.02187,211.71,0.0,-0.29346,17.574,-4.605,18.436,10.733,10.432,10.076,-929.37,50
2022-11-05 06:52:00,0.0,-4.7179,0.0,12.182,13.165,13.929,0.06151,214.01,0.02145,215.18,0.0,-0.3386,17.779,-4.3793,18.476,10.668,10.364,10.044,-1280.0,50
2022-11-05 06:53:00,0.0,-4.9437,0.0,12.339,13.213,13.928,0.06081,217.3,0.0204599999999999,218.05,0.0,-0.3837499999999999,17.674,-4.5599,18.506,10.717,10.387,10.059,-1024.4,50
2022-11-05 06:54:00,0.0,-4.9211,0.0,12.531,13.214,13.929,0.0599599999999999,220.38,0.01947,220.78,0.0,-0.3386,17.512,-4.5825,18.494,10.812,10.439,10.103,-1017.2,50
2022-11-05 06:55:00,0.0,-4.9437,0.0,12.517,13.221,13.928,0.05926,223.12,0.02145,222.3,0.0,-0.47405,17.958,-4.4696,18.428,10.771,10.377,10.071,-1148.2,50
2022-11-05 06:56:00,0.0,-5.0114,0.0,12.482,13.468,13.928,0.0601,224.31,0.01862,224.85,0.0,-0.36118,17.656,-4.6502,18.462,10.7,10.293,10.031,-884.38,50
2022-11-05 06:57:00,0.0,-5.1468,0.0,12.405,13.269,13.929,0.0586899999999999,226.08,0.01862,225.99,0.0,-0.4289,17.478,-4.7179,18.571,10.547,10.223,9.926100000000002,-806.6,50
2022-11-05 06:58:00,0.0,-4.9437,0.0,12.248,13.285,13.928,0.0585499999999999,226.9,0.01848,226.77,0.0,-0.3160399999999999,17.477,-4.6276,18.741,10.427,10.15,9.8683,-1025.3,50
2022-11-05 06:59:00,0.0,-4.9662,0.0,11.969,13.186,13.929,0.0578499999999999,227.95,0.01862,227.78,0.0,-0.40633,17.428,-4.5599,18.919,10.238,9.9948,9.7151,-923.1,50
2022-11-05 07:00:00,0.0,-4.9211,0.0,11.689,13.192,13.929,0.05756,229.17,0.01862,228.92,0.0,-0.4289,17.455,-4.4922,19.046,10.068,9.8375,9.5669,-1046.2,50
2022-11-05 07:01:00,0.0,-5.0114,0.0,11.508,13.345,13.929,0.05799,230.14,0.02483,230.05,0.0,-0.3386,19.03,-4.6728,19.093,9.9364,9.694,9.408600000000002,,50
2022-11-05 07:02:00,0.0,2.4606,0.0,11.353,28.474,13.929,0.14504,198.22,0.01524,231.26,0.0,7.0204,31.997,-4.5599,19.108,9.7964,9.5725,9.2769,-971.56,50
2022-11-05 07:03:00,0.0,6.2304,0.0,11.062,31.649,13.93,0.1763599999999999,179.64,0.01524,232.35,0.0,10.813,35.189,-4.5825,19.105,9.6059,9.3875,9.1111,-803.7999999999998,50
2022-11-05 07:04:00,0.0,8.3749,0.0,10.611,33.772,13.929,0.1938499999999999,174.22,0.0151,234.8,0.0,12.912,37.317,-4.5373,19.107,9.4213,9.1981,8.941499999999998,-877.38,50
2022-11-05 07:05:00,0.0,11.445,0.0,10.39,36.511,13.93,0.20951,174.26,0.01439,237.57,0.0,16.163,39.929,-4.7179,19.122,9.321,9.0989,8.8625,-914.46,50
2022-11-05 07:06:00,0.0,13.274,0.0,10.306,38.91,13.93,0.22334,174.22,0.02525,236.95,0.0,17.766,44.568,-4.4922,19.168,9.2042,8.977,8.7397,-1168.5,50
2022-11-05 07:07:00,0.0,32.574,0.0,10.229,40.784,13.93,0.2340599999999999,174.24,0.1595699999999999,202.34,0.0,19.03,73.016,13.544,19.235,9.0789,8.872,8.635799999999998,,50
2022-11-05 07:08:00,0.0,35.599,0.0,10.15,41.815,13.93,0.24013,174.14,0.1884899999999999,185.32,0.0,20.136,76.726,15.463,19.345,8.9541,8.7759,8.5293,,50
2022-11-05 07:09:00,0.0,38.059,0.0,10.174,43.175,13.929,0.24803,174.07,0.1986499999999999,181.41,0.0,21.242,79.21299999999998,16.818,19.467,8.912599999999998,8.708299999999998,8.4693,,50
2022-11-05 07:10:00,0.0,40.046,0.0,10.27,44.453,13.93,0.25523,174.17,0.20585,181.37,0.0,22.1,81.789,17.946,19.56,8.9729,8.768,8.523899999999998,,50
2022-11-05 07:11:00,0.0,44.741,0.0,10.503,46.177,13.927,0.2651,174.19,0.21883,181.43,0.0,24.357,85.87999999999998,20.384,19.578,9.0409,8.866799999999998,8.6019,,50
2022-11-05 07:12:00,0.0,48.398,0.0,10.462,48.794,13.929,0.2802,174.14,0.23152,181.34,0.0,26.118,90.778,22.281,19.563,8.9329,8.7878,8.5195,,50
2022-11-05 07:13:00,0.0,51.355,0.0,10.361,50.731,13.928,0.2910599999999999,174.3,0.2422499999999999,181.36,0.0,27.518,94.666,23.838,19.532,8.8777,8.7573,8.4915,,50
2022-11-05 07:14:00,0.0,55.915,0.0,10.208,53.179,13.929,0.30531,174.18,0.26129,181.38,0.0,29.775,100.57,26.141,19.516,8.7648,8.6632,8.4029,,50
2022-11-05 07:15:00,0.0,59.414,0.0,9.9595,55.544,13.929,0.31872,174.28,0.2704599999999999,181.36,0.0,31.491,104.6,27.924,19.501,8.6661,8.5411,8.2969,,50
2022-11-05 07:16:00,0.0,62.755,0.0,9.8958,57.445,13.929,0.32972,174.22,0.28316,180.0,0.0,33.183,108.41,29.572,19.502,8.5896,8.4444,8.179,,50
2022-11-05 07:17:00,0.0,67.157,0.0,9.8481,60.291,13.928,0.34594,174.28,0.3024899999999999,176.63,0.0,35.508,113.71,31.649,19.494,8.5539,8.4184,8.173199999999998,,50
2022-11-05 07:18:00,0.0,70.634,0.0,9.8584,62.312,13.929,0.35779,174.16,0.3154699999999999,174.45,0.0,37.563,117.35,33.07,19.503,8.616799999999998,8.4756,8.236,,50
2022-11-05 07:19:00,0.0,75.893,0.0,9.881900000000002,64.513,13.929,0.37402,172.52,0.3283099999999999,179.25,0.0,39.594,123.36,36.298,19.523,8.6654,8.5463,8.2869,,50
2022-11-05 07:20:00,0.0,80.295,0.0,9.859800000000002,66.903,13.928,0.39462,169.53,0.3473499999999999,177.46,0.0,41.152,128.54,39.143,19.582,8.6697,8.5791,8.299799999999998,,50
2022-11-05 07:21:00,0.0,85.171,0.0,9.9407,68.369,13.928,0.41126,166.27,0.36457,175.62,0.0,43.184,132.39,41.987,19.676,8.702999999999998,8.6105,8.3442,,50
2022-11-05 07:22:00,0.0,88.33199999999998,0.0,10.052,69.42,13.928,0.42791,162.24,0.37613,177.77,0.0,44.47,136.29,43.861,19.782,8.7833,8.662,8.4094,,50
2022-11-05 07:23:00,0.0,91.627,0.0,10.068,69.199,13.928,0.444,155.87,0.3846,182.31,0.0,43.77,139.32,47.856,19.85,8.7824,8.6835,8.4364,,50
2022-11-05 07:24:00,0.0,97.068,0.0,10.041,71.598,13.928,0.45811,156.29,0.3889699999999999,190.77,0.0,45.26,145.81,51.807,19.881,8.7917,8.6779,8.4421,,50
2022-11-05 07:25:00,0.0,102.71,0.0,9.9922,76.087,13.927,0.47659,159.65,0.41253,187.89,0.0,49.143,153.58,53.568,19.875,8.7561,8.647399999999998,8.404999999999998,,50
2022-11-05 07:26:00,0.0,110.52,0.0,9.9273,82.15,13.927,0.4933799999999999,166.49,0.4389199999999999,184.2,0.0,54.403,163.0,56.118,19.887,8.7081,8.6063,8.3563,,50
2022-11-05 07:27:00,0.0,117.09,0.0,9.856000000000002,85.44199999999998,13.926,0.51073,167.32,0.4519,188.37,0.0,58.105,170.57,58.985,19.861,8.678599999999998,8.5862,8.335599999999998,,50
2022-11-05 07:28:00,0.0,119.73,0.0,9.8142,84.656,13.926,0.5347199999999999,158.34,0.45811,196.28,0.0,56.434,174.57,63.297,19.781,8.6391,8.5655,8.3236,,50
2022-11-05 07:29:00,0.0,124.4,0.0,9.6538,86.18399999999998,13.925,0.55207,156.12,0.47842,193.43,0.0,58.466,178.72,65.938,19.817,8.653,8.558899999999998,8.3163,,50
2022-11-05 07:30:00,0.0,124.7,0.0,9.4434,85.641,13.926,0.56561,151.42,0.49507,189.92,0.0,57.383,179.66,67.315,19.759,8.6331,8.5237,8.269,,50
2022-11-05 07:31:00,0.0,127.32,0.0,9.3444,87.717,13.925,0.5764799999999999,152.14,0.5122799999999998,185.63,0.0,59.459,182.79,67.856,19.653,8.574899999999998,8.4715,8.208999999999998,,50
2022-11-05 07:32:00,0.0,140.57,0.0,9.3097,98.754,13.925,0.60187,164.01,0.53881,189.18,0.0,68.872,200.72,71.694,19.682,8.5083,8.4123,8.156,,50
2022-11-05 07:33:00,0.0,173.07,0.0,9.2923,119.34,13.925,0.66098,180.42,0.6101999999999999,190.3,0.0,86.751,235.39,86.322,19.716,8.5021,8.4207,8.174799999999998,,50
2022-11-05 07:34:00,0.0,190.12,0.0,9.2641,130.25,13.925,0.6791899999999998,191.76,0.63602,193.75,0.0,98.4,253.48,91.718,19.769,8.5053,8.434699999999998,8.1888,,50
2022-11-05 07:35:00,0.0,204.75,0.0,9.2366,138.86,13.924,0.70289,197.54,0.65097,202.25,0.0,105.87,270.53,98.874,19.872,8.5752,8.4991,8.249499999999998,,50
2022-11-05 07:36:00,0.0,222.11,0.0,9.4815,148.62,13.923,0.72702,204.39,0.6793299999999999,206.76,0.0,113.34,289.09,108.76,19.964,8.693799999999998,8.6273,8.362199999999998,,50
2022-11-05 07:37:00,0.0,257.03,0.0,9.6265,165.44,13.923,0.7452199999999999,221.95,0.6975299999999999,223.1,0.0,130.66,321.09,126.37,19.934,8.8107,8.7199,8.488799999999998,,50
2022-11-05 07:38:00,0.0,303.76,0.0,9.7823,189.91,13.923,0.79178,239.72,0.75341,240.85,0.0,152.92,371.5,150.84,19.943,8.975799999999998,8.8506,8.660299999999998,,50
2022-11-05 07:39:00,0.0,659.65,-0.0008499999999999,9.8974,388.05,13.923,1.5088,256.32,1.4291,258.18,0.0,336.08,758.32,323.58,19.918,9.2549,9.1224,8.945399999999998,,50
2022-11-05 07:40:00,0.0,506.04,0.0,9.9942,302.77,13.923,1.1672,259.34,1.1125,261.92,0.0,256.28,594.23,249.76,19.928,9.6894,9.5517,9.3673,,50
2022-11-05 07:41:00,0.0,781.6699999999998,0.0,10.009,450.7,13.922,1.8341,247.49,1.7523,249.79,0.0,396.82,885.19,384.84,19.934,9.9304,9.7989,9.6317,,50
2022-11-05 07:42:00,0.0,847.0399999999998,0.0,10.016,489.04,13.922,2.0548,238.07,1.9404,242.16,0.0,431.77,958.84,415.27,19.962,10.36,10.248,10.073,,50
2022-11-05 07:43:00,0.0,1964.7,0.0,10.064,1156.2,13.922,5.1884,224.2,3.8904,256.71,0.0,1058.6,2158.7,906.07,19.984,11.105,10.995,10.808,,50
2022-11-05 07:44:00,0.0,1107.7,0.0,10.12,700.97,13.922,3.224,217.43,2.0693,262.83,0.0,631.14,1244.7,476.53,20.051,12.132,12.003,11.839,,50
2022-11-05 07:45:00,0.0,320.1,0.0,10.162,233.61,13.922,1.074,217.52,0.60357,255.6,0.0,195.04,387.62,125.06,20.179,11.996,11.8,11.697,,50
2022-11-05 07:46:00,0.0,294.05,0.0,10.288,195.75,13.922,0.8997,217.57,0.68286,241.12,0.0,158.9,360.38,135.15,20.26,11.831,11.609,11.539,,50
2022-11-05 07:47:00,0.0,261.93,0.0,10.461,173.92,13.921,0.80362,216.4,0.66098,233.51,0.0,138.06,328.26,123.86,20.299,11.62,11.406,11.339,,50
2022-11-05 07:48:00,0.0,255.09,0.0,10.606,165.35,13.921,0.7740099999999999,213.63,0.6745299999999999,225.55,0.0,131.02,317.47,124.07,20.351,11.41,11.187,11.113,,50
2022-11-05 07:49:00,0.0,251.38,0.0,10.495,162.57,13.921,0.7548099999999999,215.39,0.69739,218.64,0.0,127.43,315.05,123.95,20.47,11.163,10.936,10.85,,50
2022-11-05 07:50:00,0.0,247.61,0.0,10.428,160.58,13.921,0.7487399999999999,214.47,0.7085299999999999,213.03,0.0,126.3,311.5,121.31,20.624,10.958,10.726,10.663,,50
2022-11-05 07:51:00,0.0,241.52,0.0,10.351,157.86,13.92,0.7535399999999999,209.49,0.71701,206.51,0.0,124.45,305.93,117.07,20.63,10.779,10.536,10.465,,50
2022-11-05 07:52:00,0.0,237.07,0.0,10.166,154.7,13.92,0.7428299999999999,208.25,0.7095299999999999,204.95,0.0,120.91,300.12,116.17,20.636,10.572,10.328,10.26,,50
2022-11-05 07:53:00,0.0,226.55,0.0,9.9515,149.92,13.92,0.7254599999999999,206.66,0.69188,203.16,0.0,116.03,290.49,110.52,20.701,10.355,10.112,10.038,,50
2022-11-05 07:54:00,0.0,220.59,0.0,9.7526,145.82,13.919,0.7112199999999999,205.03,0.67622,201.88,0.0,113.34,282.34,107.25,20.891,10.171,9.9134,9.8573,,50
2022-11-05 07:55:00,0.0,219.74,0.0,9.9199,145.44,13.919,0.7120499999999998,204.25,0.6793299999999999,199.23,0.0,112.85,280.77,106.89,20.733,10.176,9.9021,9.8559,,50
2022-11-05 07:56:00,0.0,221.83,0.0,10.231,147.88,13.918,0.7194,205.56,0.7002,193.66,0.0,114.99,283.46,106.84,20.624,10.173,9.9228,9.8506,,50
2022-11-05 07:57:00,0.0,224.32,0.0,10.246,150.88,13.918,0.71715,210.39,0.70925,194.47,0.0,117.05,288.8,107.27,20.747,10.104,9.8801,9.7898,,50
2022-11-05 07:58:00,0.0,231.47,0.0,10.152,153.02,13.919,0.72885,209.95,0.70316,202.7,0.0,120.21,295.54,111.27,20.873,10.03,9.7939,9.7122,,50
2022-11-05 07:59:00,0.0,238.2,0.0,10.161,156.63,13.918,0.7556399999999999,207.28,0.7128999999999999,206.83,0.0,123.59,304.08,114.61,20.685,9.9657,9.7324,9.6382,,50
2022-11-05 08:00:00,0.0,249.28,0.0,10.136,162.45,13.918,0.7751299999999999,209.58,0.74536,204.73,0.0,129.24,315.04,120.05,20.609,9.8959,9.659,9.5672,,50
2022-11-05 08:01:00,0.0,266.42,0.0,10.14,169.07,13.918,0.7985499999999999,211.73,0.74578,213.59,0.0,137.23,328.35,129.19,20.762,9.8917,9.6323,9.5433,,50
2022-11-05 08:02:00,0.0,276.33,0.0,10.222,173.63,13.917,0.81999,211.75,0.77161,212.62,0.0,142.15,337.64,134.18,20.825,9.9062,9.641,9.554900000000002,,50
2022-11-05 08:03:00,0.0,282.58,0.0,10.28,178.21,13.917,0.84101,211.95,0.8047499999999999,208.6,0.0,146.41,346.07,136.17,20.956,9.9385,9.6583,9.5631,,50
2022-11-05 08:04:00,0.0,289.87,0.0,10.362,181.8,13.917,0.8541199999999999,212.86,0.8123799999999999,211.65,0.0,148.18,353.73,141.7,21.139,9.9706,9.6955,9.6179,,50
2022-11-05 08:05:00,0.0,295.69,0.0,10.375,186.23,13.917,0.8599299999999999,216.57,0.8266,212.84,0.0,149.84,362.16,145.85,21.082,9.978,9.705,9.6222,,50
2022-11-05 08:06:00,0.0,305.4,0.0,10.389,190.93,13.917,0.89322,213.76,0.8537099999999999,212.51,0.0,154.56,372.32,150.84,21.06,10.011,9.7384,9.650200000000002,,50
2022-11-05 08:07:00,0.0,320.45,0.0,10.395,197.35,13.917,0.90249,218.69,0.8878099999999999,211.45,0.0,163.84,385.07,156.62,21.029,10.047,9.775200000000002,9.6856,,50
2022-11-05 08:08:00,0.0,333.47,0.0,10.349,205.32,13.916,0.95389,215.27,0.90633,215.21,0.0,170.38,400.35,163.09,20.987,10.071,9.8046,9.7157,,50
2022-11-05 08:09:00,0.0,343.99,0.0,10.292,211.32,13.917,0.96938,218.0,0.91973,218.33,0.0,176.88,412.1,167.11,20.938,10.098,9.8469,9.7539,,50
2022-11-05 08:10:00,0.0,348.64,0.0,10.224,214.17,13.916,0.99055,216.23,0.92959,219.35,0.0,177.47,418.06,171.18,20.925,10.104,9.851400000000002,9.7597,,50
2022-11-05 08:11:00,0.0,350.04,0.0,10.191,214.82,13.917,0.99801,215.27,0.93959,218.33,0.0,177.69,419.96,172.35,20.916,10.138,9.8767,9.7858,,50
2022-11-05 08:12:00,0.0,350.42,0.0,10.196,216.26,13.916,0.99492,217.37,0.94634,217.84,0.0,178.31,422.4,172.12,20.864,10.168,9.9153,9.8327,,50
2022-11-05 08:13:00,0.0,354.4,0.0,10.148,218.96,13.916,1.0096,216.89,0.95893,217.86,0.0,178.71,427.86,175.69,20.825,10.181,9.9278,9.846,,50
2022-11-05 08:14:00,0.0,368.41,0.0,10.228,224.25,13.915,1.0232,219.16,0.97135,220.12,0.0,187.26,438.05,181.15,20.836,10.273,10.045,9.948,,50
2022-11-05 08:15:00,0.0,382.13,0.0,10.361,231.46,13.914,1.0388,222.83,1.0048,220.31,0.0,195.39,452.81,186.75,20.824,10.417,10.173,10.084,,50
2022-11-05 08:16:00,0.0,389.38,0.0,10.489,237.73,13.915,1.0772,220.72,1.0283,220.8,0.0,198.15,464.75,191.24,20.941,10.513,10.261,10.181,,50
2022-11-05 08:17:00,0.0,395.19,0.0,10.513,240.31,13.914,1.0973,219.01,1.0413,220.84,0.0,200.49,470.25,194.71,21.061,10.544,10.308,10.228,,50
2022-11-05 08:18:00,0.0,396.62,0.0,10.652,239.75,13.915,1.1152,214.99,1.0585,216.93,0.0,200.95,469.36,195.68,21.011,10.637,10.367,10.297,,50
2022-11-05 08:19:00,0.0,390.04,0.0,10.717,236.5,13.914,1.1069,213.67,1.0635,212.98,0.0,197.76,463.01,192.29,20.942,10.691,10.405,10.346,,50
2022-11-05 08:20:00,0.0,382.0,0.0,10.804,232.61,13.914,1.0853,214.34,1.04,214.24,0.0,194.14,455.42,187.87,20.886,10.763,10.441,10.399,,50
2022-11-05 08:21:00,0.0,381.22,0.0,10.841,231.73,13.912,1.0894,212.73,1.0342,215.08,0.0,194.33,454.16,186.9,20.876,10.793,10.479,10.437,,50
2022-11-05 08:22:00,0.0,387.42,0.0,10.877,235.49,13.915,1.0968,214.71,1.0524,214.56,0.0,197.44,461.29,189.98,20.897,10.862,10.569,10.505,,50
2022-11-05 08:23:00,0.0,389.11,0.0,10.943,236.97,13.914,1.0991,215.6,1.0647,212.75,0.0,198.54,463.47,190.57,20.954,10.931,10.645,10.567,,50
2022-11-05 08:24:00,0.0,381.91,0.0,10.942,232.24,13.914,1.087,213.66,1.0449,212.86,0.0,194.03,454.66,187.89,21.162,10.967,10.676,10.596,,50
2022-11-05 08:25:00,0.0,369.83,0.0,11.104,226.06,13.914,1.0668,211.9,1.0208,212.02,0.0,187.46,442.47,182.37,21.178,11.046,10.746,10.662,,50
2022-11-05 08:26:00,0.0,359.62,0.0,11.145,220.83,13.914,1.0351,213.35,0.99977,210.35,0.0,183.28,431.12,176.35,20.989,11.06,10.761,10.685,,50
2022-11-05 08:27:00,0.0,352.06,0.0,11.134,217.47,13.913,1.0201,213.2,0.98369,210.66,0.0,178.93,424.69,173.14,20.954,11.086,10.774,10.701,,50
2022-11-05 08:28:00,0.0,355.36,0.0,11.116,218.34,13.914,1.0054,217.19,0.98085,211.64,0.0,181.04,425.92,174.32,21.154,11.115,10.809,10.755,,50
2022-11-05 08:29:00,0.0,358.85,0.0,11.147,220.63,13.913,1.0065,219.2,0.98423,213.66,0.0,182.71,430.91,176.15,21.224,11.169,10.87,10.814,,50
2022-11-05 08:30:00,0.0,361.18,0.0,11.366,221.94,13.914,1.0165,218.34,0.97365,217.7,0.0,182.76,433.9,178.42,21.358,11.27,10.989,10.933,,50
2022-11-05 08:31:00,0.0,361.58,0.0,11.537,221.37,13.913,1.0117,218.81,0.97066,217.52,0.0,184.9,432.5,176.68,21.521,11.351,11.048,10.964,,50
2022-11-05 08:32:00,0.0,360.0,0.0,11.577,220.59,13.913,1.0081,218.83,0.97069,216.75,0.0,182.08,430.98,177.93,21.603,11.386,11.072,10.984,,50
2022-11-05 08:33:00,0.0,360.25,0.0,11.553,220.38,13.912,1.0047,219.36,0.97365,215.98,0.0,182.72,430.66,177.54,21.619,11.419,11.111,11.023,,50
2022-11-05 08:34:00,0.0,359.66,0.0,11.482,221.13,13.911,1.009,219.15,0.99691,210.88,0.0,182.08,431.34,177.58,21.525,11.42,11.117,11.037,,50
2022-11-05 08:35:00,0.0,360.11,0.0,11.327,220.35,13.911,1.0061,219.02,0.9807,213.92,0.0,182.64,430.12,177.47,21.6,11.402,11.122,11.043,,50
2022-11-05 08:36:00,0.0,361.28,0.0,11.244,221.74,13.912,1.013,218.9,0.98181,215.41,0.0,182.8,433.22,178.49,21.396,11.38,11.112,11.035,,50
2022-11-05 08:37:00,0.0,367.8,0.0,11.324,224.08,13.911,1.0394,215.6,1.0068,212.57,0.0,185.69,438.08,182.12,21.285,11.474,11.256,11.179,,50
2022-11-05 08:38:00,0.0,370.11,0.0,11.575,226.12,13.911,1.0573,213.88,1.0137,213.2,0.0,187.97,442.23,182.14,21.43,11.583,11.374,11.287,,50
2022-11-05 08:39:00,0.0,369.72,0.0,11.571,225.66,13.911,1.0514,214.64,1.0095,213.83,0.0,188.8,441.5,180.92,21.376,11.587,11.374,11.284,,50
2022-11-05 08:40:00,0.0,365.02,0.0,11.492,222.68,13.911,1.0459,212.92,0.99803,213.45,0.0,185.39,435.71,179.64,21.469,11.59,11.359,11.274,,50
2022-11-05 08:41:00,0.0,358.37,0.0,11.53,219.98,13.911,1.0336,212.84,0.99719,210.34,0.0,182.64,429.73,175.73,21.522,11.618,11.369,11.285,,50
2022-11-05 08:42:00,0.0,359.97,0.0,11.566,219.67,13.911,1.0222,214.91,0.99225,210.82,0.0,184.56,428.85,175.42,21.267,11.636,11.402,11.327,,50
2022-11-05 08:43:00,0.0,362.47,0.0,11.595,220.55,13.911,1.0354,213.02,1.0032,209.32,0.0,186.5,430.52,175.98,21.216,11.683,11.463,11.385,,50
2022-11-05 08:44:00,0.0,363.22,0.0,11.802,222.9,13.911,1.032,215.99,1.0182,207.33,0.0,184.8,434.0,178.42,21.249,11.785,11.588,11.501,,50
2022-11-05 08:45:00,0.0,364.37,0.0,11.863,223.13,13.91,1.0412,214.32,1.0144,209.44,0.0,184.69,435.58,179.68,21.256,11.838,11.661,11.571,,50
2022-11-05 08:46:00,0.0,369.49,0.0,11.728,224.66,13.911,1.0537,213.21,1.0183,210.55,0.0,187.92,439.06,181.58,21.206,11.806,11.63,11.534,,50
2022-11-05 08:47:00,0.0,376.99,0.0,11.555,228.18,13.91,1.0663,214.02,1.0303,211.49,0.0,192.21,446.07,184.78,21.181,11.795,11.608,11.522,,50
2022-11-05 08:48:00,0.0,385.65,0.0,11.431,231.84,13.91,1.0914,212.42,1.0341,215.1,0.0,197.67,454.26,187.99,21.187,11.779,11.573,11.496,,50
2022-11-05 08:49:00,0.0,392.11,0.0,11.4,236.1,13.91,1.109,212.91,1.059,213.8,0.0,199.07,462.5,193.04,21.173,11.789,11.577,11.5,,50
2022-11-05 08:50:00,0.0,395.13,0.0,11.516,238.36,13.91,1.1265,211.59,1.0628,215.96,0.0,200.04,467.87,195.1,21.179,11.846,11.645,11.57,,50
2022-11-05 08:51:00,0.0,394.41,0.0,11.588,238.47,13.909,1.1384,209.49,1.0745,214.44,0.0,198.64,468.88,195.77,21.198,11.877,11.68,11.597,,50
2022-11-05 08:52:00,0.0,391.86,0.0,11.596,236.77,13.91,1.1306,209.42,1.0584,216.44,0.0,197.02,465.84,194.85,21.208,11.907,11.703,11.62,,50
2022-11-05 08:53:00,0.0,388.86,0.0,11.691,235.44,13.91,1.1162,210.93,1.0588,214.1,0.0,196.25,462.12,192.61,21.24,11.956,11.75,11.678,,50
2022-11-05 08:54:00,0.0,389.78,0.0,11.752,237.24,13.908,1.1064,214.44,1.0767,210.07,0.0,197.81,463.41,191.98,21.303,12.004,11.789,11.717,,50
2022-11-05 08:55:00,0.0,396.24,0.0,11.775,239.83,13.907,1.127,212.82,1.0655,216.97,0.0,200.42,470.99,195.82,21.358,12.035,11.821,11.747,,50
2022-11-05 08:56:00,0.0,400.48,0.0,11.78,242.22,13.909,1.137,213.05,1.0828,214.92,0.0,201.71,474.93,198.78,21.544,12.064,11.834,11.754,,50
2022-11-05 08:57:00,0.0,397.34,0.0,11.807,241.02,13.908,1.1329,212.75,1.0872,212.78,0.0,201.44,472.34,195.91,21.565,12.092,11.859,11.788,,50
2022-11-05 08:58:00,0.0,395.06,0.0,11.854,240.07,13.908,1.1282,212.78,1.0915,210.36,0.0,199.97,469.67,195.1,21.323,12.138,11.919,11.844,,50
2022-11-05 08:59:00,0.0,399.24,0.0,11.884,242.78,13.907,1.1382,213.3,1.0997,211.52,0.0,202.03,475.38,197.22,21.298,12.171,11.954,11.876,,50
2022-11-05 09:00:00,0.0,404.97,0.0,11.829,245.6,13.907,1.1556,212.53,1.0993,214.97,0.0,204.15,481.9,200.83,21.472,12.183,11.958,11.886,,50
2022-11-05 09:01:00,0.0,406.73,0.0,11.771,246.41,13.907,1.1452,215.18,1.1097,212.6,0.0,204.94,482.34,201.8,21.413,12.199,11.957,11.888,,50
2022-11-05 09:02:00,0.0,408.0,0.0,11.74,247.08,13.907,1.1504,214.79,1.1081,213.87,0.0,205.55,484.05,202.45,21.466,12.208,11.963,11.9,,50
2022-11-05 09:03:00,0.0,419.6,0.0,11.744,253.38,13.908,1.1689,216.78,1.1329,214.17,0.0,212.0,495.95,207.6,21.486,12.225,11.977,11.911,,50
2022-11-05 09:04:00,0.0,438.31,0.0,11.74,262.85,13.908,1.2126,216.79,1.1602,217.75,0.0,221.73,515.41,216.58,21.568,12.252,11.995,11.937,,50
2022-11-05 09:05:00,0.0,448.69,0.0,11.747,268.26,13.907,1.2232,219.33,1.1976,214.84,0.0,228.93,525.53,219.77,21.723,12.27,12.025,11.973,,50
2022-11-05 09:06:00,0.0,446.48,0.0,11.722,264.78,13.907,1.2264,215.9,1.1773,216.59,0.0,226.4,519.77,220.08,21.875,12.291,12.037,11.983,,50
2022-11-05 09:07:00,0.0,435.22,0.0,11.683,260.79,13.907,1.2164,214.4,1.1803,212.35,0.0,220.4,511.41,214.82,21.728,12.292,12.032,11.984,,50
2022-11-05 09:08:00,0.0,433.05,0.0,11.694,261.58,13.907,1.2143,215.43,1.1854,211.35,0.0,220.74,512.09,212.32,21.903,12.31,12.041,12.0,,50
2022-11-05 09:09:00,0.0,442.66,0.0,11.71,262.87,13.906,1.2342,213.0,1.1824,214.47,0.0,221.68,516.43,220.98,22.225,12.326,12.051,12.013,,50
2022-11-05 09:10:00,0.0,450.54,0.0,11.686,265.8,13.907,1.2394,214.49,1.1838,216.75,0.0,227.03,522.38,223.51,22.312,12.335,12.061,12.028,,50
2022-11-05 09:11:00,0.0,460.72,0.0,11.679,271.85,13.907,1.258,216.1,1.2071,216.87,0.0,231.62,533.62,229.11,22.121,12.352,12.079,12.047,,50
2022-11-05 09:12:00,0.0,466.61,0.0,11.691,278.37,13.907,1.2699,219.23,1.2298,217.37,0.0,236.6,545.67,230.01,22.279,12.374,12.106,12.078,,50
2022-11-05 09:13:00,0.0,468.75,0.0,11.73,278.26,13.907,1.2924,215.3,1.2367,216.86,0.0,237.37,546.44,231.39,22.166,12.409,12.142,12.112,,50
2022-11-05 09:14:00,0.0,458.89,0.0,11.717,272.8,13.907,1.2759,213.8,1.2319,213.34,0.0,231.77,535.6,227.12,22.032,12.43,12.155,12.132,,50
2022-11-05 09:15:00,0.0,442.93,0.0,11.706,265.32,13.907,1.2384,214.25,1.1969,213.2,0.0,224.32,520.5,218.61,21.798,12.435,12.167,12.139,,50
2022-11-05 09:16:00,0.0,430.34,0.0,11.735,257.87,13.907,1.2069,213.66,1.1677,212.04,0.0,218.7,505.47,211.64,21.83,12.425,12.16,12.14,,50
2022-11-05 09:17:00,0.0,422.94,0.0,11.757,252.83,13.907,1.1875,212.92,1.1418,212.69,0.0,216.34,495.65,206.61,22.034,12.401,12.14,12.126,,50
2022-11-05 09:18:00,0.0,414.36,0.0,11.704,249.77,13.907,1.1679,213.87,1.1216,213.85,0.0,209.77,489.61,204.6,22.167,12.345,12.106,12.092,,50
2022-11-05 09:19:00,0.0,414.99,0.0,11.696,249.11,13.907,1.1505,216.52,1.1127,214.81,0.0,210.51,488.12,204.49,21.988,12.318,12.086,12.068,,50
2022-11-05 09:20:00,0.0,413.57,0.0,11.752,250.41,13.907,1.1586,216.14,1.1097,216.15,0.0,209.14,490.26,204.44,21.743,12.305,12.079,12.057,,50
2022-11-05 09:21:00,0.0,416.55,0.0,11.766,251.0,13.907,1.1698,214.56,1.1223,214.81,0.0,210.26,492.07,206.29,21.593,12.311,12.077,12.054,,50
2022-11-05 09:22:00,0.0,418.06,0.0,11.816,252.17,13.907,1.1722,215.12,1.116,217.33,0.0,210.83,494.68,207.24,21.651,12.333,12.1,12.076,,50
2022-11-05 09:23:00,0.0,424.83,0.0,11.801,255.85,13.907,1.1827,216.34,1.1329,216.9,0.0,215.39,501.56,209.45,21.835,12.31,12.098,12.071,,50
2022-11-05 09:24:00,0.0,435.96,0.0,11.814,259.86,13.907,1.1938,217.68,1.1655,213.93,0.0,221.75,509.19,214.21,22.037,12.316,12.115,12.086,,50
2022-11-05 09:25:00,0.0,438.29,0.0,11.848,262.06,13.906,1.1955,219.21,1.1766,213.28,0.0,222.27,512.99,216.02,21.921,12.338,12.139,12.107,,50
2022-11-05 09:26:00,0.0,436.55,0.0,11.783,260.05,13.907,1.216,213.87,1.1817,211.41,0.0,222.5,509.86,214.06,21.887,12.34,12.141,12.106,,50
2022-11-05 09:27:00,0.0,440.5,0.0,11.706,263.06,13.906,1.2191,215.81,1.1765,215.31,0.0,223.06,516.35,217.44,21.977,12.323,12.127,12.105,,50
2022-11-05 09:28:00,0.0,454.2,0.0,11.672,270.71,13.907,1.2336,219.45,1.1948,217.87,0.0,230.55,530.99,223.65,21.707,12.334,12.128,12.1,,50
2022-11-05 09:29:00,0.0,463.43,0.0,11.746,274.61,13.907,1.2607,217.83,1.2103,218.56,0.0,234.98,539.13,228.46,21.653,12.368,12.159,12.13,,50
2022-11-05 09:30:00,0.0,462.21,0.0,11.775,273.4,13.907,1.2728,214.8,1.2144,217.62,0.0,234.96,537.66,227.26,21.582,12.387,12.173,12.152,,50
2022-11-05 09:31:00,0.0,465.78,0.0,11.847,276.25,13.905,1.28,215.85,1.2301,216.96,0.0,235.5,543.13,230.28,21.585,12.417,12.212,12.182,,50
2022-11-05 09:32:00,0.0,484.13,0.0,11.907,287.63,13.907,1.311,219.4,1.261,219.4,0.0,244.75,564.25,239.38,21.834,12.472,12.266,12.229,,50
2022-11-05 09:33:00,0.0,501.14,0.0,11.946,297.12,13.907,1.3422,221.38,1.3139,217.88,0.0,253.24,583.36,247.91,21.795,12.551,12.341,12.31,,50
2022-11-05 09:34:00,0.0,504.96,0.0,12.138,295.87,13.907,1.3587,217.76,1.3139,217.31,0.0,257.32,581.38,247.64,22.058,12.662,12.456,12.423,,50
2022-11-05 09:35:00,0.0,496.34,0.0,12.124,290.6,13.907,1.3404,216.81,1.3047,214.73,0.0,253.78,570.75,242.56,22.114,12.693,12.491,12.454,,50
2022-11-05 09:36:00,0.0,496.29,0.0,12.043,291.78,13.908,1.3353,218.52,1.3037,215.52,0.0,253.44,572.74,242.86,22.327,12.696,12.507,12.484,,50
2022-11-05 09:37:00,0.0,501.17,0.0,11.888,294.68,13.908,1.3395,220.0,1.3129,215.92,0.0,256.53,578.15,244.64,22.38,12.65,12.466,12.456,,50
2022-11-05 09:38:00,0.0,490.33,0.0,11.816,289.59,13.908,1.3297,217.79,1.291,215.93,0.0,250.69,568.35,239.65,22.028,12.637,12.449,12.444,,50
2022-11-05 09:39:00,0.0,471.67,0.0,11.766,281.19,13.908,1.2993,216.41,1.2641,213.96,0.0,239.54,551.65,232.13,21.948,12.641,12.428,12.42,,50
2022-11-05 09:40:00,0.0,471.91,0.0,11.735,279.83,13.909,1.2965,215.84,1.2572,214.19,0.0,239.85,549.09,232.07,21.696,12.621,12.393,12.395,,50
2022-11-05 09:41:00,0.0,484.28,-0.0008499999999999,11.758,287.64,13.908,1.314,218.91,1.267,218.26,0.0,245.34,564.13,238.95,21.717,12.611,12.402,12.396,,50
2022-11-05 09:42:00,0.0,503.42,0.0,11.792,298.97,13.909,1.3591,219.99,1.2967,222.36,0.0,254.88,587.27,248.54,21.869,12.636,12.423,12.414,,50
2022-11-05 09:43:00,0.0,524.95,0.0,11.947,309.18,13.909,1.3974,221.26,1.3646,218.54,0.0,266.22,607.4,258.74,22.044,12.697,12.485,12.481,,50
2022-11-05 09:44:00,0.0,534.39,0.0,12.039,314.06,13.909,1.4115,222.51,1.3824,219.5,0.0,271.09,617.47,263.3,22.395,12.757,12.538,12.535,,50
2022-11-05 09:45:00,0.0,537.21,0.0,12.113,314.96,13.909,1.419,221.97,1.4037,215.92,0.0,271.07,618.04,266.15,22.212,12.824,12.604,12.599,,50
2022-11-05 09:46:00,0.0,534.01,0.0,12.166,312.97,13.91,1.4163,220.98,1.395,216.23,0.0,268.72,614.6,265.29,21.898,12.906,12.672,12.666,,50
2022-11-05 09:47:00,0.0,534.01,0.0,12.121,314.9,13.91,1.4205,221.68,1.4133,214.12,0.0,270.5,617.51,263.51,22.148,12.935,12.709,12.699,,50
2022-11-05 09:48:00,0.0,538.52,0.0,12.126,318.19,13.91,1.4343,221.85,1.3903,220.86,0.0,273.96,625.26,264.57,22.476,12.978,12.748,12.738,,50
2022-11-05 09:49:00,0.0,539.83,0.0,12.136,318.83,13.91,1.4317,222.7,1.3937,220.78,0.0,274.05,626.53,265.79,22.044,13.024,12.782,12.767,,50
2022-11-05 09:50:00,0.0,542.29,0.0,12.224,317.1,13.91,1.4284,222.0,1.3872,220.94,0.0,272.81,623.59,269.49,21.826,13.098,12.844,12.826,,50
2022-11-05 09:51:00,0.0,543.53,0.0,12.347,316.49,13.91,1.4267,221.83,1.3852,220.63,0.0,273.1,622.11,270.44,22.379,13.155,12.901,12.883,,50
2022-11-05 09:52:00,0.0,530.42,0.0,12.441,313.09,13.909,1.4194,220.59,1.3621,219.08,0.0,269.1,611.5,261.32,22.512,13.203,12.958,12.941,,50
2022-11-05 09:53:00,0.0,525.07,0.0,12.376,311.84,13.91,1.4161,220.22,1.3538,218.96,0.0,268.43,608.26,256.65,22.793,13.211,12.963,12.949,,50
2022-11-05 09:54:00,0.0,530.82,0.0,12.35,314.25,13.91,1.4197,221.36,1.3717,218.48,0.0,270.57,613.94,260.26,22.876,13.255,12.99,12.97,,50
2022-11-05 09:55:00,0.0,533.69,0.0,12.398,314.3,13.91,1.4201,221.33,1.3707,220.04,0.0,270.3,615.9,263.39,22.641,13.294,13.019,13.012,,50
2022-11-05 09:56:00,0.0,530.64,0.0,12.47,311.29,13.909,1.4188,219.41,1.3683,219.83,0.0,268.31,612.08,262.33,22.382,13.344,13.067,13.057,,50
2022-11-05 09:57:00,0.0,529.6,0.0,12.522,311.37,13.91,1.4293,217.89,1.3769,218.88,0.0,268.38,612.75,261.23,22.706,13.33,13.078,13.07,,50
2022-11-05 09:58:00,0.0,543.89,0.0,12.466,318.33,13.91,1.4477,219.93,1.3878,222.04,0.0,276.6,626.47,267.3,22.423,13.269,13.067,13.072,,50
2022-11-05 09:59:00,0.0,560.93,0.0,12.489,327.5,13.911,1.4906,219.72,1.4311,221.55,0.0,283.75,644.51,277.18,21.996,13.325,13.111,13.115,,50
2022-11-05 10:00:00,0.0,582.35,0.0,12.728,339.32,13.911,1.5372,220.8,1.5059,218.14,0.0,294.99,667.78,287.36,22.128,13.468,13.25,13.249,,50
2022-11-05 10:01:00,0.0,603.36,0.0,12.956,349.38,13.91,1.5782,221.4,1.5425,219.74,0.0,306.77,688.33,296.59,21.948,13.622,13.397,13.392,,50
2022-11-05 10:02:00,0.0,612.12,0.0,12.931,353.55,13.912,1.6081,219.86,1.5564,219.69,0.0,310.52,695.46,301.61,22.247,13.693,13.462,13.459,,50
2022-11-05 10:03:00,0.0,612.08,0.0,12.874,353.11,13.912,1.6253,217.26,1.5714,218.02,0.0,311.79,695.71,300.3,22.415,13.738,13.501,13.501,,50
2022-11-05 10:04:00,0.0,606.41,0.0,12.735,350.75,13.912,1.6049,218.56,1.5784,215.41,0.0,309.12,690.73,297.29,22.806,13.762,13.503,13.504,,50
2022-11-05 10:05:00,0.0,606.48,0.0,12.662,348.01,13.912,1.5925,218.54,1.5487,217.23,0.0,310.75,684.42,295.74,22.678,13.758,13.487,13.493,,50
2022-11-05 10:06:00,0.0,597.36,0.0,12.665,344.84,13.912,1.5826,217.9,1.5417,216.54,0.0,305.26,678.68,292.1,22.689,13.768,13.474,13.481,,50
2022-11-05 10:07:00,0.0,592.82,0.0,12.704,343.6,13.912,1.5758,218.05,1.5228,217.99,0.0,301.67,675.53,291.16,22.314,13.768,13.471,13.48,,50
2022-11-05 10:08:00,0.0,590.57,0.0,12.669,344.23,13.912,1.5703,219.22,1.53,218.24,0.0,298.11,678.12,292.46,22.384,13.77,13.462,13.47,,50
2022-11-05 10:09:00,0.0,591.69,0.0,12.621,344.56,13.912,1.5695,219.54,1.5342,217.34,0.0,298.4,677.99,293.3,22.52,13.767,13.455,13.474,,50
2022-11-05 10:10:00,0.0,589.94,0.0,12.63,342.25,13.912,1.5727,217.62,1.531,217.54,0.0,298.7,675.29,291.25,22.729,13.763,13.446,13.469,,50
2022-11-05 10:11:00,0.0,581.07,0.0,12.705,337.11,13.913,1.5564,216.6,1.5154,215.76,0.0,291.9,664.08,289.17,22.403,13.771,13.46,13.476,,50
2022-11-05 10:12:00,0.0,566.24,0.0,12.777,331.39,13.913,1.5267,217.06,1.4968,214.43,0.0,286.96,652.35,279.29,22.569,13.765,13.464,13.484,,50
2022-11-05 10:13:00,0.0,563.53,0.0,12.796,329.17,13.913,1.503,219.01,1.4614,217.77,0.0,283.82,647.41,279.71,22.728,13.764,13.463,13.481,,50
2022-11-05 10:14:00,0.0,572.65,0.0,12.796,332.33,13.913,1.5046,220.9,1.4763,217.09,0.0,287.79,652.73,284.86,22.888,13.737,13.441,13.452,,50
2022-11-05 10:15:00,0.0,584.39,0.0,12.784,338.05,13.913,1.5342,220.36,1.4733,221.74,0.0,293.23,664.69,291.16,22.717,13.73,13.434,13.449,,50
2022-11-05 10:16:00,0.0,596.53,0.0,12.754,344.29,13.913,1.5672,219.69,1.5069,220.7,0.0,298.92,676.74,297.61,22.796,13.698,13.415,13.433,,50
2022-11-05 10:17:00,0.0,607.88,0.0,12.708,350.59,13.913,1.6006,219.05,1.5605,217.74,0.0,305.9,690.34,301.99,22.59,13.705,13.426,13.443,,50
2022-11-05 10:18:00,0.0,621.97,0.0,12.692,357.82,13.913,1.6165,221.38,1.5878,218.48,0.0,311.84,704.7,310.14,22.753,13.726,13.448,13.462,,50
2022-11-05 10:19:00,0.0,629.55,0.0,12.695,362.84,13.914,1.6393,221.36,1.6301,215.25,0.0,315.9,713.71,313.66,22.635,13.771,13.475,13.49,,50
2022-11-05 10:20:00,0.0,627.77,0.0,12.685,364.0,13.912,1.6657,218.54,1.6223,218.04,0.0,317.03,717.7,310.75,22.694,13.794,13.502,13.519,,50
2022-11-05 10:21:00,0.0,634.02,0.0,12.713,364.46,13.914,1.6664,218.72,1.6225,218.26,0.0,318.22,718.58,315.8,22.935,13.794,13.521,13.535,,50
2022-11-05 10:22:00,0.0,632.4,0.0,12.783,365.9,13.913,1.662,220.16,1.6139,220.42,0.0,320.16,721.64,312.24,23.042,13.827,13.564,13.584,,50
2022-11-05 10:23:00,0.0,631.05,0.0,12.866,367.02,13.914,1.6572,221.47,1.6374,217.09,0.0,319.13,722.47,311.92,22.917,13.897,13.617,13.627,,50
2022-11-05 10:24:00,0.0,635.04,0.0,12.94,366.5,13.914,1.657,221.2,1.6254,218.73,0.0,321.76,722.0299999999999,313.28,23.183,13.979,13.693,13.703,,50
2022-11-05 10:25:00,0.0,640.23,0.0,12.904,367.04,13.915,1.6647,220.48,1.6246,219.52,0.0,327.43,723.6599999999999,312.8,23.468,13.944,13.686,13.715,,50
2022-11-05 10:26:00,0.0,640.73,0.0,12.801,369.86,13.914,1.6808,220.06,1.6502,217.44,0.0,325.27,728.6699999999998,315.47,23.265,13.875,13.65,13.697,,50
2022-11-05 10:27:00,0.0,644.69,0.0,12.769,373.92,13.914,1.6938,220.77,1.6492,220.17,0.0,325.83,737.02,318.86,23.215,13.907,13.688,13.731,,50
2022-11-05 10:28:00,0.0,659.18,0.0,12.887,377.87,13.914,1.7085,221.19,1.6551,221.69,0.0,334.95,744.8099999999998,324.23,22.694,13.992,13.743,13.776,,50
2022-11-05 10:29:00,0.0,663.33,0.0,13.004,380.81,13.914,1.7319,219.89,1.6848,219.84,0.0,337.07,751.1699999999998,326.25,22.277,14.051,13.787,13.824,,50
2022-11-05 10:30:00,0.0,668.9,0.0,13.012,385.7,13.914,1.7339,222.46,1.7211,217.54,0.0,338.79,760.1,330.11,22.413,14.081,13.81,13.843,,50
2022-11-05 10:31:00,0.0,669.75,0.0,12.987,385.42,13.915,1.7639,218.51,1.7111,219.66,0.0,338.99,761.26,330.75,22.701,14.14,13.854,13.889,,50
2022-11-05 10:32:00,0.0,671.25,0.0,12.962,386.89,13.915,1.7616,219.63,1.7097,220.51,0.0,339.13,763.9,332.11,23.053,14.173,13.886,13.923,,50
2022-11-05 10:33:00,0.0,677.24,0.0,12.911,390.02,13.915,1.7755,219.68,1.724,220.5,0.0,341.81,770.15,335.42,23.449,14.18,13.9,13.942,,50
2022-11-05 10:34:00,0.0,685.97,0.0,12.89,394.64,13.915,1.7961,219.73,1.7444,220.5,0.0,346.92,779.25,339.04,23.404,14.245,13.953,13.994,,50
2022-11-05 10:35:00,0.0,697.17,0.0,12.918,400.85,13.915,1.8099,221.5,1.7926,217.23,0.0,352.35,790.21,344.82,23.058,14.291,13.989,14.023,,50
2022-11-05 10:36:00,0.0,714.15,0.0,12.963,409.79,13.915,1.8433,222.37,1.824,218.84,0.0,360.77,808.96,353.36,22.928,14.353,14.04,14.085,,50
2022-11-05 10:37:00,0.0,732.26,0.0,12.919,419.03,13.915,1.8927,221.4,1.8428,221.92,0.0,369.49,827.95,362.77,23.226,14.422,14.108,14.161,,50
2022-11-05 10:38:00,0.0,745.9299999999998,0.0,12.917,426.52,13.915,1.9084,223.52,1.8854,220.69,0.0,376.69,842.59,369.23,23.294,14.5,14.163,14.232,,50
2022-11-05 10:39:00,0.0,755.71,0.0,12.942,431.64,13.915,1.9419,222.3,1.9315,217.96,0.0,381.82,852.61,373.89,22.873,14.541,14.19,14.264,,50
2022-11-05 10:40:00,0.0,757.57,0.0,13.04,432.16,13.915,1.9503,221.59,1.9384,217.12,0.0,382.99,853.02,374.58,22.872,14.582,14.225,14.3,,50
2022-11-05 10:41:00,0.0,754.19,0.0,13.071,429.97,13.913,1.9386,221.81,1.9103,219.56,0.0,381.69,849.39,372.49,23.131,14.619,14.247,14.324,,50
2022-11-05 10:42:00,0.0,754.2,0.0,13.068,430.58,13.915,1.942,221.73,1.9083,220.23,0.0,381.49,850.85,372.71,23.477,14.648,14.293,14.363,,50
2022-11-05 10:43:00,0.0,758.84,0.0,13.065,433.37,13.915,1.9596,221.16,1.937,218.06,0.0,384.71,855.72,374.13,23.526,14.68,14.327,14.394,,50
2022-11-05 10:44:00,0.0,768.33,0.0,13.064,439.15,13.915,1.9571,224.4,1.9466,219.91,0.0,388.65,867.21,379.67,23.889,14.699,14.339,14.418,,50
2022-11-05 10:45:00,0.0,778.97,0.0,13.084,445.57,13.915,1.9933,223.54,1.9569,222.2,0.0,393.55,880.34,385.4,24.291,14.775,14.399,14.483,,50
2022-11-05 10:46:00,0.0,790.34,0.0,13.156,450.65,13.915,2.022,222.89,1.9984,220.21,0.0,399.5,890.6599999999999,390.84,24.043,14.861,14.487,14.563,,50
2022-11-05 10:47:00,0.0,799.34,0.0,13.16,454.88,13.915,2.0441,222.54,2.0128,220.81,0.0,405.59,899.2799999999999,393.75,24.305,14.897,14.553,14.618,,50
2022-11-05 10:48:00,0.0,798.5599999999998,0.0,13.17,454.42,13.915,2.044,222.33,2.0217,219.52,0.0,403.48,898.22,395.08,24.448,14.844,14.543,14.646,,50
2022-11-05 10:49:00,0.0,783.0499999999998,0.0,13.26,446.65,13.915,2.0149,221.68,1.9872,219.57,0.0,395.9,883.0,387.14,24.462,14.844,14.584,14.695,,50
2022-11-05 10:50:00,0.0,763.7899999999998,0.0,13.304,435.78,13.915,1.9709,221.11,1.946,218.56,0.0,386.29,861.11,377.5,23.741,14.919,14.629,14.719,,50
2022-11-05 10:51:00,0.0,741.1699999999998,0.0,13.283,424.51,13.915,1.9223,220.83,1.9033,217.41,0.0,375.3,838.3099999999998,365.87,23.621,14.883,14.574,14.669,,50
2022-11-05 10:52:00,0.0,718.91,0.0,13.22,412.53,13.915,1.8707,220.52,1.8511,217.03,0.0,364.69,814.26,354.21,23.902,14.863,14.534,14.633,,50
2022-11-05 10:53:00,0.0,699.24,0.0,13.171,401.84,13.915,1.8198,220.82,1.8005,217.03,0.0,353.03,792.59,346.21,23.864,14.825,14.487,14.596,,50
2022-11-05 10:54:00,0.0,691.31,0.0,13.191,395.97,13.915,1.8133,218.37,1.7732,217.75,0.0,349.61,782.08,341.7,24.122,14.721,14.42,14.535,,50
2022-11-05 10:55:00,0.0,691.15,0.0,13.201,396.24,13.915,1.8143,218.4,1.7725,218.01,0.0,348.59,782.6599999999999,342.56,23.751,14.741,14.415,14.514,,50
2022-11-05 10:56:00,0.0,713.02,0.0,13.207,408.9,13.915,1.8212,224.55,1.7866,222.9,0.0,360.55,807.01,352.46,23.777,14.772,14.444,14.536,,50
2022-11-05 10:57:00,0.0,749.8099999999998,0.0,13.214,427.53,13.914,2.0205,211.77,1.997,208.29,0.0,379.65,843.2,370.16,23.872,14.855,14.512,14.607,,50
2022-11-05 10:58:00,0.0,814.0499999999998,0.0,13.222,456.87,13.914,2.2041,207.23,2.1348,213.71,0.0,407.93,913.17,406.12,23.582,14.958,14.591,14.686,,50
2022-11-05 10:59:00,0.0,876.22,0.0,13.22,496.83,13.915,2.2406,221.74,2.1508,226.12,0.0,443.0,983.06,433.22,23.976,15.022,14.683,14.771,,50
2022-11-05 11:00:00,0.0,891.4199999999998,0.0,13.236,504.33,13.915,2.2594,223.23,2.2228,222.39,0.0,449.93,998.65,441.49,24.144,15.049,14.748,14.848,,50
2022-11-05 11:01:00,0.0,880.12,0.0,13.293,498.12,13.914,2.2379,222.59,2.2117,220.55,0.0,444.38,985.92,435.74,24.294,15.118,14.815,14.904,,50
2022-11-05 11:02:00,0.0,857.98,0.0,13.258,486.78,13.915,2.1868,222.6,2.163,220.15,0.0,432.92,962.96,425.06,24.374,15.064,14.816,14.933,,50
2022-11-05 11:03:00,0.0,837.46,0.0,13.289,475.29,13.914,2.1344,222.69,2.1069,220.87,0.0,422.37,940.63,415.09,24.384,15.031,14.818,14.951,,50
2022-11-05 11:04:00,0.0,830.4199999999998,0.0,13.293,470.85,13.914,2.1251,221.57,2.0828,221.32,0.0,419.6,931.8,410.81,24.25,15.09,14.805,14.925,,50
2022-11-05 11:05:00,0.0,842.86,0.0,13.272,476.01,13.914,2.1273,223.78,2.1131,220.08,0.0,428.49,940.98,414.38,23.878,15.171,14.875,15.013,,50
2022-11-05 11:06:00,0.0,856.62,0.0,13.268,484.94,13.915,2.1697,223.54,2.1459,221.32,0.0,431.63,959.85,424.99,24.071,15.243,14.933,15.075,,50
2022-11-05 11:07:00,0.0,881.82,0.0,13.253,495.47,13.914,2.2248,222.73,2.1805,222.43,0.0,447.29,980.3900000000002,434.53,24.189,15.295,14.971,15.107,,50
2022-11-05 11:08:00,0.0,905.21,0.0,13.285,509.76,13.913,2.3471,217.33,2.3316,213.59,0.0,459.76,1007.4,445.44,24.146,15.368,15.025,15.161,,50
2022-11-05 11:09:00,0.0,998.36,0.0,13.268,554.26,13.913,2.6732,207.25,2.6029,212.57,0.0,500.99,1108.1,497.36,24.428,15.463,15.103,15.274,,50
2022-11-05 11:10:00,0.0,1171.9,0.0,13.256,655.06,13.913,2.9249,223.96,2.8211,228.61,0.0,589.38,1300.0,582.47,24.409,15.696,15.29,15.473,,50
2022-11-05 11:11:00,0.0,1126.6,0.0,13.279,631.75,13.912,2.7678,228.25,2.708,229.03,0.0,568.36,1252.0,558.25,24.799,15.845,15.46,15.616,,50
2022-11-05 11:12:00,0.0,1084.8,-0.0008499999999999,13.304,604.67,13.912,2.6723,226.28,2.6085,226.51,0.0,552.45,1195.5,532.36,25.236,16.016,15.649,15.799,,50
2022-11-05 11:13:00,0.0,1078.7,0.0,13.313,602.93,13.913,2.6676,226.04,2.6405,222.21,0.0,549.22,1189.6,529.44,25.29,16.086,15.721,15.877,,50
2022-11-05 11:14:00,0.0,1106.7,0.0,13.239,616.74,13.912,2.7715,222.56,2.7249,222.74,0.0,558.89,1223.6,547.77,25.786,16.089,15.772,15.955,,50
2022-11-05 11:15:00,0.0,1115.7,0.0,13.288,621.77,13.912,2.7695,224.52,2.7658,221.64,0.0,561.33,1234.8,554.36,25.923,16.221,15.871,16.041,,50
2022-11-05 11:16:00,0.0,1101.0,0.0,13.359,614.45,13.912,2.7482,223.59,2.7266,221.62,0.0,556.12,1218.7,544.83,25.653,16.371,15.972,16.182,,50
2022-11-05 11:17:00,0.0,1087.4,0.0,13.41,606.67,13.912,2.7127,223.64,2.6888,221.78,0.0,550.84,1203.0,536.57,25.428,16.418,16.001,16.226,,50
2022-11-05 11:18:00,0.0,1087.3,0.0,13.438,604.67,13.912,2.7101,223.13,2.6718,222.35,0.0,551.55,1198.7,535.77,25.236,16.491,16.053,16.283,,50
2022-11-05 11:19:00,0.0,1097.6,0.0,13.487,608.88,13.912,2.7106,224.64,2.7016,221.78,0.0,557.08,1208.0,540.49,25.138,16.565,16.079,16.347,,50
2022-11-05 11:20:00,0.0,1112.2,0.0,13.516,617.48,13.912,2.7751,222.55,2.7495,220.93,0.0,564.62,1224.8,547.56,25.487,16.542,16.11,16.402,,50
2022-11-05 11:21:00,0.0,1128.5,0.0,13.486,631.36,13.912,2.7883,226.45,2.7776,223.55,0.0,569.35,1252.1,559.13,26.073,16.471,16.093,16.366,,50
2022-11-05 11:22:00,0.0,1087.0,0.0,13.471,609.73,13.912,2.6641,228.87,2.7293,219.99,0.0,546.06,1210.1,540.92,26.125,16.559,16.158,16.448,,50
2022-11-05 11:23:00,0.0,1055.4,0.0,13.512,590.37,13.912,2.6209,225.26,2.6327,220.03,0.0,535.52,1169.7,519.84,25.688,16.596,16.169,16.46,,50
2022-11-05 11:24:00,0.0,1038.9,0.0,13.549,582.42,13.912,2.5997,224.08,2.5701,222.6,0.0,524.56,1154.5,514.31,25.683,16.572,16.182,16.451,,50
2022-11-05 11:25:00,0.0,1098.1,0.0,13.499,610.52,13.912,2.8571,213.72,2.7751,219.12,0.0,551.15,1218.5,546.93,26.063,16.595,16.222,16.462,,50
2022-11-05 11:26:00,0.0,1277.4,0.0,13.512,711.77,13.912,3.1995,222.45,3.0758,227.82,0.0,643.74,1412.6,633.6,26.485,16.847,16.45,16.74,,50
2022-11-05 11:27:00,0.0,2671.8,0.0,13.509,1451.3,13.912,6.8201,213.21,6.6271,220.04,0.0,1335.8,2908.5,1336.1,27.082,17.437,17.104,17.472,,50
2022-11-05 11:28:00,0.0,4733.5,0.0,13.613,2327.1,13.912,9.6167,242.4,12.387,222.37,0.0,2199.0,5086.2,2534.5,28.408,20.038,19.814,20.28,,50
2022-11-05 11:29:00,0.0,4747.5,0.0,13.79,2447.7,13.913,10.328,237.32,12.111,221.1,0.0,2258.4,5123.5,2489.2,30.118,23.13,23.081,23.617,,50
2022-11-05 11:30:00,0.0,5008.2,0.0,13.975,2481.1,13.912,10.139,244.73,13.721,215.33,0.0,2257.2,5434.0,2751.0,31.697,25.973,26.126,26.831,,50
2022-11-05 11:31:00,0.0,3872.5,0.0,14.28,2081.5,13.91,9.425,220.01,10.093,214.65,0.0,1891.7,4247.4,1980.8,32.845,27.704,28.096,28.979,,50
2022-11-05 11:32:00,0.0,3877.2,0.0,14.595,2147.8,13.91,9.8285,218.54,9.2806,222.82,0.0,1963.1,4215.0,1914.2,33.437,28.872,28.861,29.76,,50
2022-11-05 11:33:00,0.0,3266.6,0.0,14.895,1784.0,13.91,8.0552,221.46,8.221199999999998,217.0,0.0,1634.3,3568.2,1632.3,33.711,29.587,29.231,30.254,,50
2022-11-05 11:34:00,0.0,2757.0,0.0,15.134,1512.5,13.91,6.9047,219.24,7.0754,214.33,0.0,1379.9,3027.9,1377.2,33.836,29.645,28.977,30.108,,50
2022-11-05 11:35:00,0.0,1814.5,0.0,15.254,995.7,13.91,4.6154,216.1,4.7001,210.65,0.0,911.46,1984.0,903.06,33.802,28.37,27.489,28.618,,50
2022-11-05 11:36:00,0.0,1772.9,0.0,15.244,971.31,13.91,4.4958,215.82,4.5654,210.34,0.0,895.98,1932.7,876.89,33.535,27.116,25.963,27.229,,50
2022-11-05 11:37:00,0.0,2479.8,0.0,14.999,1343.5,13.909,5.8852,228.04,6.0346,222.52,0.0,1251.1,2687.8,1228.7,33.184,26.136,24.798,26.148,,50
2022-11-05 11:38:00,0.0,2354.1,0.0,14.46,1288.0,13.909,5.6483,228.01,5.541,228.74,0.0,1201.1,2555.1,1153.0,32.757,24.772,23.855,25.276,,50
2022-11-05 11:39:00,0.0,2710.0,0.0,14.334,1473.5,13.91,6.6492,221.88,6.5829,222.26,0.0,1374.2,2934.8,1335.8,32.318,24.05,23.406,24.715,,50
2022-11-05 11:40:00,0.0,2450.3,0.0,14.331,1332.0,13.909,6.0366,220.64,5.9869,221.06,0.0,1240.6,2655.6,1209.7,32.274,23.713,23.189,24.586,,50
2022-11-05 11:41:00,0.0,4180.7,0.0,14.52,2266.5,13.909,10.133,223.23,10.798,212.32,0.0,2082.4,4552.6,2098.4,32.46,24.654,23.962,25.162,,50
2022-11-05 11:42:00,0.0,3842.2,0.0,14.676,2089.4,13.91,9.8993,210.92,10.041,207.55,0.0,1941.4,4173.2,1900.9,33.14,25.75,24.966,26.239,,50
2022-11-05 11:43:00,0.0,4016.1,0.0,14.561,2198.7,13.909,10.607,207.15,9.9707,216.07,0.0,2041.7,4354.3,1974.5,34.015,25.699,25.078,26.439,,50
2022-11-05 11:44:00,0.0,4014.9,0.0,14.662,2206.6,13.909,10.42,211.77,9.9266,217.03,0.0,2045.3,4360.6,1969.6,34.617,26.664,26.071,27.261,,50
2022-11-05 11:45:00,0.0,3202.6,0.0,14.613,1740.2,13.909,8.3666,207.99,8.0942,214.24,0.0,1622.5,3474.1,1580.1,35.036,26.53,25.803,27.067,,50
2022-11-05 11:46:00,0.0,3859.5,0.0,14.709,2113.0,13.909,9.9986,211.18,9.8518,212.51,0.0,1947.7,4201.2,1911.9,35.147,26.983,25.925,27.346,,50
2022-11-05 11:47:00,0.0,4519.7,0.0,14.907,2472.6,13.909,11.26,219.72,11.525,212.37,0.0,2257.9,4903.3,2261.9,35.404,28.468,27.424,28.916,,50
2022-11-05 11:48:00,0.0,4287.9,0.0,14.975,2359.6,13.909,11.019,214.15,10.905,212.75,0.0,2162.3,4679.1,2125.6,35.901,29.708,28.553,29.884,,50
2022-11-05 11:49:00,0.0,4621.5,0.0,15.117,2458.1,13.909,11.118,221.37,12.057,210.46,0.0,2295.1,4993.6,2326.5,36.266,31.128,29.86,31.376,,50
2022-11-05 11:50:00,0.0,4661.5,0.0,15.362,2424.2,13.909,10.803,224.41,12.317,209.09,0.0,2285.0,5000.0,2376.6,36.645,32.665,31.319,32.859,,50
2022-11-05 11:51:00,0.0,4719.5,0.0,15.559,2430.1,13.907,10.72,226.87,12.384,211.28,0.0,2284.7,5046.3,2434.9,36.985,33.688,32.113,33.846,,50
2022-11-05 11:52:00,0.0,3862.0,0.0,15.7,2100.1,13.908,10.025,209.54,10.15,205.09,0.0,1919.3,4182.3,1942.8,37.272,34.071,32.191,34.014,,50
2022-11-05 11:53:00,0.0,2186.4,0.0,15.695,1192.2,13.908,5.6336,211.69,5.8372,202.52,0.0,1088.2,2374.5,1098.2,37.28,32.114,30.169,31.993,,50
2022-11-05 11:54:00,0.0,1945.2,0.0,15.609,1060.0,13.907,4.858,218.19,5.0502,208.79,0.0,966.2600000000001,2114.4,978.95,36.825,30.107,27.853,29.643,,50
2022-11-05 11:55:00,0.0,1913.0,0.0,15.572,1043.6,13.908,4.8295,216.07,4.8848,211.61,0.0,951.8,2077.3,961.1400000000002,36.349,28.418,26.144,27.874,,50
2022-11-05 11:56:00,0.0,1678.8,0.0,15.591,919.52,13.907,4.2448,216.62,4.2999,211.12,0.0,836.2799999999999,1827.3,842.5,35.918,27.102,24.774,26.401,,50
2022-11-05 11:57:00,0.0,1533.8,0.0,15.621,842.0299999999999,13.907,3.9016,215.81,3.9246,211.32,0.0,766.59,1671.4,767.24,35.498,25.928,23.715,25.194,,50
2022-11-05 11:58:00,0.0,1543.1,0.0,15.579,848.33,13.907,4.102,206.89,3.7656,223.09,0.0,772.59,1688.2,770.47,35.121,24.803,22.652,24.084,,50
2022-11-05 11:59:00,0.0,1669.0,0.0,15.491,925.3900000000002,13.908,4.3347,213.47,4.0545,224.08,0.0,842.6599999999999,1832.7,826.33,34.658,24.057,21.927,23.356,,50
2022-11-05 12:00:00,0.0,2143.0,0.0,15.334,1174.8,13.907,5.164,227.13,5.5975,208.26,0.0,1074.2,2338.8,1068.9,34.316,23.362,21.382,22.776,,50
2022-11-05 12:01:00,0.0,3084.0,0.0,15.07,1682.7,13.907,7.4409,226.39,7.7276,216.88,0.0,1546.2,3360.1,1537.8,34.228,23.119,21.288,22.646,,50
2022-11-05 12:02:00,0.0,2826.6,0.0,15.024,1544.4,13.907,6.8884,224.09,7.1451,215.52,0.0,1414.8,3085.1,1411.8,34.636,23.994,22.25,23.589,,50
2022-11-05 12:03:00,0.0,1751.1,0.0,14.932,957.94,13.907,4.2925,223.16,4.4176,215.03,0.0,871.8099999999998,1907.8,879.2999999999998,35.005,23.295,21.755,22.941,,50
2022-11-05 12:04:00,0.0,1739.9,0.0,14.678,954.99,13.907,4.3629,218.97,4.432,212.55,0.0,870.33,1896.9,869.5599999999998,34.792,22.457,21.106,22.266,,50
2022-11-05 12:05:00,0.0,1657.4,0.0,14.383,914.35,13.907,4.2134,217.02,4.2172,214.22,0.0,833.5599999999998,1817.8,823.85,34.216,21.288,20.327,21.55,,50
2022-11-05 12:06:00,0.0,1648.6,0.0,14.257,908.7,13.907,4.0459,224.61,4.1956,213.21,0.0,834.45,1802.8,814.1599999999999,33.54,20.758,20.049,21.044,,50
2022-11-05 12:07:00,0.0,1835.7,0.0,14.302,996.2,13.907,4.2419,234.95,4.6483,214.59,0.0,911.38,1991.8,924.31,33.154,20.684,19.882,20.876,,50
2022-11-05 12:08:00,0.0,1996.3,0.0,14.463,1085.4,13.907,4.7463,228.7,4.9057,220.52,0.0,1006.3,2167.2,990.04,32.995,20.688,19.836,20.781,,50
2022-11-05 12:09:00,0.0,2262.4,0.0,14.542,1242.4,13.907,5.6813,219.19,5.3946,226.66,0.0,1145.2,2466.8,1117.2,33.168,20.544,19.576,20.505,,50
2022-11-05 12:10:00,0.0,2873.6,0.0,14.513,1585.6,13.907,7.4715,212.24,6.5402,233.5,0.0,1479.5,3112.8,1394.1,33.408,20.907,19.939,20.842,,50
2022-11-05 12:11:00,0.0,3901.7,0.0,14.514,2142.3,13.907,9.3727,227.17,9.0101,231.86,0.0,1974.8,4232.3,1927.0,33.934,22.062,21.04,22.114,,50
2022-11-05 12:12:00,0.0,4227.3,0.0,14.538,2379.0,13.907,10.768,220.96,9.5122,231.5,0.0,2188.3,4581.1,2039.1,34.843,24.381,23.293,24.507,,50
2022-11-05 12:13:00,0.0,3033.1,0.0,14.728,1732.8,13.906,7.8262,220.96,6.629,234.77,0.0,1602.5,3290.7,1430.6,35.739,25.476,24.19,25.567,,50
2022-11-05 12:14:00,0.0,3961.7,0.0,14.874,2153.9,13.906,9.3466,230.17,9.721,222.63,0.0,1980.4,4313.7,1981.3,36.085,25.731,24.402,25.772,,50
2022-11-05 12:15:00,0.0,4702.6,0.0,15.023,2516.4,13.906,10.644,236.45,12.571,214.83,0.0,2235.0,5217.5,2467.6,36.399,28.121,26.793,28.25,,50
2022-11-05 12:16:00,0.0,4697.3,-0.0008499999999999,15.207,2500.0,13.905,10.547,236.98,12.818,214.35,0.0,2196.9,5246.5,2500.4,36.907,29.807,28.464,30.0,,50
2022-11-05 12:17:00,0.0,4159.0,0.0,14.875,2245.9,13.904,9.8031,229.13,10.693,217.03,0.0,2043.9,4566.5,2115.1,37.364,29.783,28.925,30.705,,50
2022-11-05 12:18:00,0.0,4712.3,0.0,14.728,2489.6,13.905,10.726,232.12,12.813,212.44,0.0,2222.2,5210.4,2490.1,37.593,31.626,30.68,32.428,,50
2022-11-05 12:19:00,0.0,4071.0,0.0,15.295,2170.0,13.905,9.6135,225.54,10.988,208.77,0.0,1977.2,4465.4,2093.9,37.911,32.856,31.52,33.083,,50
2022-11-05 12:20:00,0.0,2637.0,0.0,15.443,1434.5,13.905,6.5078,220.45,7.0947,204.87,0.0,1309.6,2888.3,1327.4,38.043,31.727,30.398,31.949,,50
2022-11-05 12:21:00,0.0,2229.1,0.0,15.265,1221.8,13.905,5.579,219.02,5.8291,210.04,0.0,1114.1,2446.0,1115.0,37.73,30.131,28.572,30.307,,50
2022-11-05 12:22:00,0.0,3559.6,-0.0008499999999999,15.275,1977.7,13.904,9.0584,217.65,8.6327,221.53,0.0,1807.0,3896.3,1752.6,37.332,29.916,28.312,30.076,,50
2022-11-05 12:23:00,0.0,4634.9,0.0,15.435,2462.3,13.904,10.625,231.78,11.881,219.67,0.0,2253.0,5071.6,2381.9,37.421,32.479,30.836,32.833,,50
2022-11-05 12:24:00,0.0,4726.7,0.0,15.557,2474.4,13.904,10.88,227.43,12.86,208.95,0.0,2266.9,5159.2,2459.9,37.962,33.97,32.557,34.55,,50
2022-11-05 12:25:00,0.0,4675.2,0.0,15.718,2479.8,13.904,11.114,223.12,12.623,208.06,0.0,2263.7,5104.8,2411.5,38.435,35.589,34.035,36.022,,50
2022-11-05 12:26:00,0.0,4639.9,-0.0008499999999999,15.87,2460.6,13.904,11.25,218.72,12.309,208.93,0.0,2252.7,5029.8,2387.2,38.862,36.485,35.216,37.23,,50
2022-11-05 12:27:00,0.0,4580.1,0.0,15.877,2437.6,13.904,11.387,214.07,12.242,206.1,0.0,2256.6,4959.2,2323.5,39.163,37.706,36.017,38.109,,50
2022-11-05 12:28:00,0.0,4564.0,0.0,16.015,2416.2,13.904,11.337,213.12,12.138,206.5,0.0,2270.0,4921.1,2294.0,39.411,37.993,36.169,38.27,,50
2022-11-05 12:29:00,0.0,4601.8,0.0,15.639,2372.9,13.904,10.982,216.07,12.103,208.08,0.0,2284.3,4889.8,2317.6,39.567,37.525,36.105,38.281,,50
2022-11-05 12:30:00,0.0,4690.1,0.0,14.834,2382.7,13.904,10.852,219.57,12.468,207.21,0.0,2293.8,4965.1,2396.4,39.722,36.117,35.099,37.806,,50
2022-11-05 12:31:00,0.0,4625.3,0.0,14.233,2382.9,13.903,10.787,220.85,12.291,208.42,0.0,2271.8,4941.6,2353.6,39.793,35.249,34.272,37.171,,50
2022-11-05 12:32:00,0.0,4134.1,0.0,14.196,2312.6,13.904,11.252,205.66,10.308,213.28,0.0,2119.1,4510.0,2015.1,39.777,34.111,33.543,36.366,,50
2022-11-05 12:33:00,0.0,4207.1,0.0,14.261,2291.2,13.904,11.021,207.79,10.962,207.94,0.0,2118.1,4567.4,2089.1,39.771,34.407,33.803,36.711,,50
2022-11-05 12:34:00,0.0,4621.6,0.0,14.668,2464.0,13.903,11.457,215.28,12.412,204.05,0.0,2298.0,4996.9,2323.6,39.832,35.401,34.732,37.766,,50
2022-11-05 12:35:00,0.0,3974.1,0.0,14.504,2189.4,13.903,10.569,207.16,10.267,208.29,0.0,2020.2,4325.9,1953.9,40.0,34.184,34.335,37.261,,50
2022-11-05 12:36:00,0.0,3762.0,0.0,14.607,2063.9,13.903,10.07,205.08,9.9588,204.36,0.0,1900.2,4097.3,1861.9,39.909,33.765,33.337,36.232,,50
2022-11-05 12:37:00,0.0,4591.9,0.0,14.673,2478.2,13.903,11.52,215.3,11.929,208.11,0.0,2320.3,4960.1,2271.7,39.837,33.637,33.234,36.195,,50
2022-11-05 12:38:00,0.0,4693.1,0.0,14.309,2504.6,13.902,11.319,221.35,12.412,206.19,0.0,2327.4,5062.6,2365.7,40.026,32.986,32.908,35.784,,50
2022-11-05 12:39:00,0.0,4419.6,0.0,14.32,2434.4,13.902,11.708,208.01,11.571,205.97,0.0,2215.4,4816.2,2204.2,40.163,33.056,32.978,35.873,,50
2022-11-05 12:40:00,0.0,4598.6,0.0,14.6,2501.6,13.902,11.546,216.68,11.875,208.36,0.0,2306.6,4974.1,2292.0,40.231,34.802,34.273,37.279,,50
2022-11-05 12:41:00,0.0,4502.3,0.0,14.773,2525.3,13.901,11.989,210.64,11.717,207.93,0.0,2276.7,4960.3,2225.6,40.426,35.611,35.261,38.459,,50
2022-11-05 12:42:00,0.0,4513.7,0.0,14.631,2520.6,13.902,11.979,210.44,11.51,210.31,0.0,2276.8,4930.3,2237.0,40.643,34.367,34.534,37.793,,50
2022-11-05 12:43:00,0.0,4558.8,0.0,14.188,2521.7,13.901,11.834,213.09,11.988,206.17,0.0,2289.3,4991.9,2269.6,40.685,34.354,34.95,38.373,,50
2022-11-05 12:44:00,0.0,4443.1,0.0,14.405,2463.3,13.901,11.693,210.65,11.549,207.95,0.0,2246.0,4864.5,2197.1,40.734,35.158,35.943,39.251,,50
2022-11-05 12:45:00,0.0,4227.1,0.0,14.633,2332.4,13.901,11.219,207.82,11.22,204.36,0.0,2129.0,4625.5,2098.1,40.774,34.823,35.787,39.288,,50
2022-11-05 12:46:00,0.0,2912.0,0.0,14.787,1604.4,13.902,7.912,202.65,7.5872,208.8,0.0,1471.2,3186.5,1440.8,40.653,34.617,35.063,38.446,,50
2022-11-05 12:47:00,0.0,2218.6,0.0,15.059,1218.2,13.901,6.0119,202.71,5.7521,209.7,0.0,1116.5,2424.5,1102.2,40.171,33.615,33.484,36.576,,50
2022-11-05 12:48:00,0.0,1810.1,0.0,15.048,1000.7,13.901,4.7823,209.28,4.8665,203.32,0.0,909.8,1990.1,900.27,39.63,31.984,31.609,34.563,,50
2022-11-05 12:49:00,0.0,1587.8,0.0,15.051,878.15,13.901,4.1001,214.15,4.1811,207.59,0.0,797.2799999999999,1746.3,790.5399999999998,39.113,30.378,29.621,32.295,,50
2022-11-05 12:50:00,0.0,1577.7,0.0,15.287,865.2,13.901,3.9444,219.33,4.0331,212.8,0.0,799.0399999999998,1723.6,778.6799999999998,38.599,28.336,27.38,29.752,,50
2022-11-05 12:51:00,0.0,1275.2,0.0,15.073,704.51,13.901,3.2328,217.91,3.2821,211.99,0.0,646.38,1400.3,628.85,38.169,26.884,25.916,28.189,,50
2022-11-05 12:52:00,0.0,1190.1,0.0,14.983,663.38,13.901,3.1064,213.59,3.0485,214.23,0.0,600.81,1316.4,589.28,37.664,25.857,24.826,26.935,,50
2022-11-05 12:53:00,0.0,1226.2,0.0,14.999,681.18,13.901,3.2948,206.77,3.2281,208.77,0.0,617.09,1354.1,609.12,37.151,24.792,23.792,25.78,,50
2022-11-05 12:54:00,0.0,1696.8,0.0,14.849,935.95,13.901,4.3189,216.66,4.3186,214.23,0.0,853.71,1861.4,843.11,36.569,24.032,22.902,24.869,,50
2022-11-05 12:55:00,0.0,2131.5,0.0,14.878,1169.6,13.9,5.4188,215.77,5.4303,213.45,0.0,1070.5,2329.1,1060.9,36.2,23.549,22.363,24.127,,50
2022-11-05 12:56:00,0.0,2952.2,0.0,14.944,1613.5,13.9,7.0809,227.01,7.2622,221.9,0.0,1476.3,3226.0,1475.9,36.265,23.662,22.435,24.148,,50
2022-11-05 12:57:00,0.0,3876.6,0.0,14.949,2042.0,13.899,8.6513,235.99,10.157,215.45,0.0,1864.8,4229.2,2011.8,36.79,25.075,23.931,25.675,,50
2022-11-05 12:58:00,0.0,3067.6,0.0,15.097,1570.9,13.899,6.4825,242.31,8.5633,207.46,0.0,1434.3,3346.9,1633.3,37.496,26.048,24.837,26.513,,50
2022-11-05 12:59:00,0.0,3968.0,0.0,15.248,2038.8,13.9,8.536099999999998,239.0,10.978,207.57,0.0,1858.0,4317.3,2110.0,37.892,27.006,25.736,27.394,,50
2022-11-05 13:00:00,0.0,3781.3,0.0,15.152,1981.3,13.899,8.403499999999998,235.57,10.209,211.78,0.0,1803.0,4144.3,1978.4,38.319,28.093,26.994,28.643,,50
2022-11-05 13:01:00,0.0,3178.1,-0.0008499999999999,15.183,1678.0,13.896,7.1555,234.36,8.493299999999998,212.28,0.0,1530.8,3482.6,1647.3,38.623,28.569,27.229,28.9,,50
2022-11-05 13:02:00,0.0,2761.1,0.0,15.431,1455.6,13.899,6.1699,235.81,7.2962,216.0,0.0,1324.1,3030.8,1437.0,38.709,29.039,27.669,29.286,,50
2022-11-05 13:03:00,0.0,2282.3,0.0,15.272,1235.9,13.899,5.4402,227.23,5.9795,211.29,0.0,1125.8,2499.1,1156.5,38.606,28.267,26.899,28.678,,50
2022-11-05 13:04:00,0.0,2328.3,0.0,14.732,1281.3,13.899,5.8946,217.52,5.8077,218.19,0.0,1171.8,2548.8,1156.5,38.415,26.735,25.668,27.471,,50
2022-11-05 13:05:00,0.0,2928.6,0.0,14.246,1628.5,13.899,7.7347,210.24,6.944,225.75,0.0,1499.5,3193.3,1429.1,38.184,26.088,25.315,27.182,,50
2022-11-05 13:06:00,0.0,4148.0,0.0,14.193,2309.0,13.899,10.506,219.65,10.12,220.24,0.0,2111.4,4538.4,2036.7,38.071,26.773,26.495,28.517,,50
2022-11-05 13:07:00,0.0,4592.3,0.0,14.329,2581.3,13.897,11.184,230.84,11.318,221.04,0.0,2307.3,5082.2,2285.0,38.463,29.014,28.598,30.77,,50
2022-11-05 13:08:00,0.0,4693.6,0.0,14.483,2586.9,13.897,11.243,230.1,12.173,213.06,0.0,2323.5,5178.8,2370.1,39.108,30.564,30.233,32.593,,50
2022-11-05 13:09:00,0.0,4638.3,0.0,14.818,2518.3,13.896,11.447,220.0,12.466,205.24,0.0,2299.0,5075.1,2339.4,39.581,32.271,32.105,34.391,,50
2022-11-05 13:10:00,0.0,4507.3,0.0,14.969,2458.4,13.896,11.428,215.11,11.998,206.04,0.0,2233.8,4928.9,2273.6,39.936,32.961,33.287,35.622,,50
2022-11-05 13:11:00,0.0,4353.6,0.0,15.056,2402.8,13.896,11.412,210.57,11.338,207.87,0.0,2181.8,4759.1,2171.8,40.118,34.812,34.723,37.02,,50
2022-11-05 13:12:00,0.0,4395.5,0.0,15.365,2430.6,13.896,11.819,205.77,11.446,205.91,0.0,2236.9,4786.0,2158.7,40.292,35.789,35.336,37.818,,50
2022-11-05 13:13:00,0.0,4017.2,-0.0008499999999999,15.493,2245.7,13.896,10.836,211.33,11.206,207.03,0.0,2064.7,4564.2,1952.5,40.449,36.34,35.928,38.545,,50
2022-11-05 13:14:00,0.0,4251.0,0.0,15.616,2360.9,13.896,11.564,204.19,10.947,207.75,0.0,2150.4,4634.0,2100.7,40.516,37.285,36.797,39.148,,50
2022-11-05 13:15:00,0.0,4204.9,0.0,15.883,2285.1,13.896,11.035,208.62,10.916,207.26,0.0,2112.5,4546.5,2092.5,40.572,37.36,36.436,38.847,,50
2022-11-05 13:16:00,0.0,4070.6,0.0,16.177,2339.5,13.894,11.411,205.15,11.033,205.79,0.0,2142.2,4608.6,1928.4,40.599,37.255,35.991,38.392,,50
2022-11-05 13:17:00,0.0,4200.5,0.0,15.946,2331.3,13.894,11.342,205.62,10.778,208.25,0.0,2138.4,4574.6,2062.2,40.65,37.097,35.655,38.201,,50
2022-11-05 13:18:00,0.0,3906.9,0.0,15.933,2325.9,13.893,11.362,204.8,10.838,207.06,0.0,1968.3,4568.8,1938.6,40.706,37.16,35.237,37.938,,50
2022-11-05 13:19:00,0.0,4048.3,-0.0008499999999999,15.825,2299.4,13.894,11.428,201.34,10.883,206.52,0.0,1988.2,4545.8,2060.1,40.816,36.98,34.802,37.772,,50
2022-11-05 13:20:00,0.0,4150.8,0.0,15.769,2317.6,13.893,11.313,204.93,10.803,206.64,0.0,2109.6,4548.6,2041.2,40.909,36.749,34.258,37.231,,50
2022-11-05 13:21:00,0.0,3862.1,0.0,15.897,2143.7,13.894,10.511,206.1,10.406,205.16,0.0,1901.2,4276.5,1961.0,41.004,37.019,34.228,37.342,,50
2022-11-05 13:22:00,0.0,4107.9,0.0,15.854,2284.9,13.894,10.921,209.28,10.615,207.27,0.0,2080.1,4484.1,2027.8,41.031,36.636,33.87,37.083,,50
2022-11-05 13:23:00,0.0,4087.0,0.0,15.835,2301.7,13.893,11.332,203.19,10.728,205.77,0.0,2096.7,4507.8,1990.4,41.057,36.984,34.455,37.613,,50
2022-11-05 13:24:00,0.0,4079.0,0.0,15.751,2271.2,13.892,11.074,205.17,10.429,208.34,0.0,2082.6,4442.8,1996.4,41.089,37.298,34.892,38.151,,50
2022-11-05 13:25:00,0.0,4041.5,0.0,15.596,2184.7,13.893,10.521,209.79,10.547,207.07,0.0,2010.0,4367.5,2031.5,41.123,37.191,35.245,38.592,,50
2022-11-05 13:26:00,0.0,4122.0,0.0,15.208,2277.8,13.893,11.084,205.58,10.666,206.48,0.0,2092.8,4479.0,2029.3,41.097,36.85,35.059,38.425,,50
2022-11-05 13:27:00,0.0,4135.4,0.0,15.41,2289.7,13.891,11.158,205.3,10.686,207.11,0.0,2110.9,4501.6,2024.5,41.096,36.495,34.819,38.069,,50
2022-11-05 13:28:00,0.0,4038.0,0.0,15.913,2180.2,13.892,10.538,210.83,10.672,207.75,0.0,2005.2,4396.1,2032.8,41.082,36.374,34.504,37.556,,50
2022-11-05 13:29:00,0.0,4214.6,0.0,15.68,2333.8,13.891,11.369,205.35,10.838,207.45,0.0,2131.7,4581.3,2082.9,41.197,35.571,33.479,36.564,,50
2022-11-05 13:30:00,0.0,4270.2,0.0,15.092,2357.6,13.89,11.357,208.07,10.999,208.93,0.0,2178.0,4653.9,2092.2,41.261,34.816,33.306,36.273,,50
2022-11-05 13:31:00,0.0,4278.4,0.0,15.24,2364.9,13.889,11.482,206.2,11.011,208.02,0.0,2171.7,4653.3,2106.8,41.315,36.073,34.52,37.327,,50
2022-11-05 13:32:00,0.0,4186.2,0.0,15.709,2328.0,13.89,11.391,204.5,10.843,206.75,0.0,2123.6,4568.7,2062.6,41.368,37.107,35.498,38.367,,50
2022-11-05 13:33:00,0.0,3336.8,0.0,15.975,1834.4,13.89,8.7771,209.03,8.880599999999998,204.49,0.0,1677.2,3650.7,1659.7,41.358,37.273,35.569,38.454,,50
2022-11-05 13:34:00,0.0,3231.7,0.0,16.208,1776.5,13.89,8.736499999999998,203.42,8.6251,203.33,0.0,1628.1,3529.8,1603.6,41.184,36.486,34.913,37.6,,50
2022-11-05 13:35:00,0.0,3620.6,0.0,16.446,1996.0,13.89,9.7117,205.4,9.4164,207.31,0.0,1834.5,3945.0,1786.2,41.001,36.094,34.356,37.044,,50
2022-11-05 13:36:00,0.0,3837.1,0.0,16.444,2136.7,13.889,10.124,211.08,9.6166,214.21,0.0,1956.9,4195.2,1880.3,40.959,36.267,34.519,37.495,,50
2022-11-05 13:37:00,0.0,3927.0,0.0,16.285,2194.2,13.888,10.452,210.11,9.8988,212.47,0.0,2007.1,4295.0,1920.0,41.032,36.453,34.67,37.72,,50
2022-11-05 13:38:00,0.0,3878.7,0.0,16.42,2148.0,13.888,10.543,203.85,9.8901,208.77,0.0,1966.8,4211.2,1911.9,41.156,36.416,34.531,37.309,,50
2022-11-05 13:39:00,0.0,4234.7,0.0,16.521,2276.0,13.887,10.915,212.43,11.028,209.38,0.0,2082.5,4579.2,2152.3,41.279,36.901,34.915,37.935,,50
2022-11-05 13:40:00,0.0,4088.4,0.0,16.186,2297.9,13.888,10.77,213.39,10.281,212.94,0.0,2085.6,4486.6,2002.8,41.432,36.85,34.902,37.973,,50
2022-11-05 13:41:00,0.0,2875.7,0.0,16.116,1597.8,13.888,7.5989,210.15,7.4164,209.84,0.0,1454.9,3153.8,1420.8,41.474,36.823,34.749,37.847,,50
2022-11-05 13:42:00,0.0,2155.8,0.0,16.174,1186.9,13.887,5.7944,204.76,5.7223,205.08,0.0,1083.2,2360.8,1072.7,41.193,35.004,32.93,35.948,,50
2022-11-05 13:43:00,0.0,1791.3,0.0,15.944,987.12,13.887,4.7636,207.16,4.6977,207.44,0.0,900.47,1961.9,890.85,40.698,32.889,30.857,33.725,,50
2022-11-05 13:44:00,0.0,2024.9,0.0,15.478,1119.8,13.887,5.1719,216.54,4.9997,218.44,0.0,1022.3,2211.8,1002.6,40.164,31.083,29.318,32.133,,50
2022-11-05 13:45:00,0.0,1966.1,0.0,15.539,1081.9,13.887,5.1265,211.07,4.8564,217.62,0.0,989.7600000000001,2138.5,976.34,39.698,30.139,28.42,31.127,,50
2022-11-05 13:46:00,0.0,2238.3,0.0,15.535,1223.7,13.887,5.6947,214.41,5.6785,212.43,0.0,1122.5,2431.8,1115.8,39.404,29.19,27.586,30.11,,50
2022-11-05 13:47:00,0.0,3274.7,0.0,15.428,1776.7,13.885,7.8292,226.81,8.4252,214.91,0.0,1625.0,3584.5,1649.7,39.234,29.628,28.31,30.813,,50
2022-11-05 13:48:00,0.0,3223.4,0.0,15.513,1727.9,13.884,7.5582,228.6,8.5676,210.48,0.0,1576.8,3530.9,1646.7,39.32,30.994,29.689,32.157,,50
2022-11-05 13:49:00,0.0,2854.5,0.0,15.834,1527.6,13.884,6.6673,229.13,7.543599999999999,212.01,0.0,1395.9,3126.7,1458.6,39.508,31.408,30.036,32.627,,50
2022-11-05 13:50:00,0.0,3164.2,0.0,15.978,1668.3,13.884,7.224999999999999,230.91,8.5042,209.45,0.0,1524.9,3448.9,1639.3,39.572,31.378,30.188,32.591,,50
2022-11-05 13:51:00,0.0,4447.4,0.0,15.781,2399.3,13.884,10.742,223.37,11.547,211.51,0.0,2183.6,4841.8,2263.8,39.729,32.572,31.813,34.271,,50
2022-11-05 13:52:00,0.0,4240.7,0.0,15.565,2243.4,13.884,10.013,224.04,11.482,205.58,0.0,2043.3,4602.4,2197.4,40.153,33.366,32.814,35.366,,50
2022-11-05 13:53:00,0.0,4278.2,0.0,15.973,2316.9,13.883,10.62,218.14,11.379,207.11,0.0,2116.2,4673.5,2162.0,40.5,35.155,34.306,36.808,,50
2022-11-05 13:54:00,0.0,4078.6,0.0,16.15,2239.5,13.882,10.512,213.1,10.659,208.14,0.0,2048.4,4456.7,2030.3,40.824,36.037,35.037,37.556,,50
2022-11-05 13:55:00,0.0,4279.8,0.0,16.307,2397.1,13.882,11.657,205.78,10.748,211.18,0.0,2189.4,4644.6,2090.4,41.046,35.789,34.603,37.016,,50
2022-11-05 13:56:00,0.0,4402.5,0.0,16.588,2456.1,13.881,12.199,201.35,11.349,206.82,0.0,2241.0,4802.0,2161.5,41.301,36.253,34.921,37.377,,50
2022-11-05 13:57:00,0.0,4329.1,0.0,16.462,2416.8,13.88,11.826,204.47,10.763,210.74,0.0,2199.1,4661.2,2130.0,41.542,36.308,34.948,37.758,,50
2022-11-05 13:58:00,0.0,4193.0,0.0,16.197,2353.6,13.881,11.631,202.35,10.82,207.47,0.0,2139.1,4598.4,2053.9,41.646,36.449,35.395,38.3,,50
2022-11-05 13:59:00,0.0,3490.4,0.0,15.773,1930.0,13.881,9.5384,202.36,9.2622,204.14,0.0,1763.8,3820.6,1726.6,41.684,35.361,34.359,37.165,,50
2022-11-05 14:00:00,0.0,3626.4,0.0,15.116,2021.0,13.881,9.6436,209.59,9.1751,212.5,0.0,1847.8,3970.8,1778.6,41.407,33.499,32.742,35.451,,50
2022-11-05 14:01:00,0.0,3288.5,0.0,15.076,1803.1,13.881,8.4449,213.49,8.6059,208.41,0.0,1650.5,3595.9,1638.0,41.205,32.919,32.332,34.967,,50
2022-11-05 14:02:00,0.0,3233.7,0.0,15.58,1766.0,13.88,8.2435,214.12,8.7356,203.17,0.0,1613.9,3541.2,1619.9,40.955,33.394,32.745,35.407,,50
2022-11-05 14:03:00,0.0,2161.7,-0.0008499999999999,15.884,1187.4,13.88,5.6506,210.28,5.7829,203.84,0.0,1085.8,2365.9,1075.9,40.708,31.891,30.9,33.356,,50
2022-11-05 14:04:00,0.0,2805.5,0.0,15.791,1542.4,13.88,7.3892,208.72,7.2036,211.66,0.0,1415.2,3067.3,1390.4,40.36,31.245,30.288,32.839,,50
2022-11-05 14:05:00,0.0,2484.2,0.0,15.847,1375.4,13.879,6.2905,218.34,6.2735,212.97,0.0,1260.1,2695.0,1224.0,40.136,31.154,29.976,32.62,,50
2022-11-05 14:06:00,0.0,3685.7,0.0,15.782,1956.4,13.879,8.4451,231.58,9.7219,214.8,0.0,1782.8,4043.3,1902.9,39.968,31.539,30.835,33.38,,50
2022-11-05 14:07:00,0.0,4059.1,0.0,15.906,2189.1,13.878,9.7598,224.31,10.769,210.21,0.0,1995.4,4453.1,2063.7,40.082,33.125,32.714,35.291,,50
2022-11-05 14:08:00,0.0,3514.6,0.0,15.913,1921.6,13.878,8.9029,215.96,9.2631,208.12,0.0,1758.1,3848.7,1756.5,40.344,33.783,33.097,35.786,,50
2022-11-05 14:09:00,0.0,4043.7,0.0,16.453,2289.0,13.878,11.225,204.1,10.673,206.2,0.0,2089.8,4490.0,1953.9,40.515,34.81,33.789,36.548,,50
2022-11-05 14:10:00,0.0,4045.7,0.0,16.627,2190.5,13.878,10.434,211.72,10.55,207.84,0.0,2025.0,4381.9,2020.7,40.81,35.417,34.294,37.104,,50
2022-11-05 14:11:00,0.0,3525.0,0.0,16.668,1932.0,13.874,9.1445,211.27,9.2645,206.14,0.0,1774.2,3841.7,1750.8,41.042,35.641,34.364,37.167,,50
2022-11-05 14:12:00,0.0,2818.5,0.0,16.662,1536.1,13.877,7.3812,208.09,7.456699999999999,204.02,0.0,1429.5,3056.8,1389.0,41.017,34.938,33.443,36.111,,50
2022-11-05 14:13:00,0.0,2861.0,0.0,16.538,1566.2,13.876,7.564199999999999,207.02,7.5106,206.27,0.0,1446.1,3114.1,1414.8,40.789,33.656,32.232,34.822,,50
2022-11-05 14:14:00,0.0,2941.2,0.0,16.384,1614.7,13.876,7.7699,207.97,7.7347,206.51,0.0,1482.1,3210.8,1459.1,40.527,32.72,30.87,33.652,,50
2022-11-05 14:15:00,0.0,3467.6,0.0,15.747,1900.4,13.875,9.1786,207.18,8.8816,209.13,0.0,1745.8,3750.4,1721.9,40.417,31.125,29.719,32.393,,50
2022-11-05 14:16:00,0.0,3999.1,0.0,15.152,2184.5,13.875,10.669,204.75,10.324,208.02,0.0,2002.6,4331.9,1996.6,40.389,29.537,28.26,30.791,,50
2022-11-05 14:17:00,0.0,3841.4,0.0,15.45,2107.7,13.875,10.132,208.09,9.6034,213.35,0.0,1932.5,4156.6,1908.9,40.368,30.205,28.945,31.39,,50
2022-11-05 14:18:00,0.0,3717.4,0.0,15.994,2034.9,13.875,9.8602,206.42,9.3597,211.89,0.0,1868.0,4018.1,1849.5,40.519,31.14,29.727,32.135,,50
2022-11-05 14:19:00,0.0,3921.8,-0.0008499999999999,16.182,2152.3,13.875,10.465,205.65,9.7852,212.69,0.0,1976.2,4233.0,1945.6,40.727,31.641,30.25,32.789,,50
2022-11-05 14:20:00,0.0,3866.5,0.0,15.976,2134.2,13.873,10.331,206.57,9.5783,213.83,0.0,1957.4,4182.7,1909.2,40.913,32.201,31.321,34.175,,50
2022-11-05 14:21:00,0.0,2890.0,0.0,15.949,1574.9,13.873,7.5228,209.39,7.4002,210.12,0.0,1444.5,3129.7,1445.5,40.999,31.758,30.995,33.434,,50
2022-11-05 14:22:00,0.0,3524.9,0.0,16.353,1946.2,13.873,9.4725,205.99,8.809699999999998,212.87,0.0,1787.2,3824.3,1737.8,40.819,31.96,31.123,33.524,,50
2022-11-05 14:23:00,0.0,3781.9,0.0,16.58,2084.2,13.873,10.145,205.6,9.7333,209.16,0.0,1907.2,4118.9,1874.7,40.797,32.534,31.404,33.877,,50
2022-11-05 14:24:00,0.0,3528.4,0.0,16.461,2018.9,13.873,9.5804,210.64,9.688,205.86,0.0,1845.0,4013.1,1683.4,40.88,32.719,31.633,34.208,,50
2022-11-05 14:25:00,0.0,2537.3,0.0,16.207,1398.7,13.873,6.5462,213.5,6.5305,211.8,0.0,1275.8,2780.7,1261.4,40.891,32.683,31.726,34.159,,50
2022-11-05 14:26:00,0.0,1753.3,0.0,16.328,972.03,13.872,4.6252,210.14,4.4768,213.51,0.0,883.85,1928.0,869.4099999999999,40.606,31.784,30.637,33.002,,50
2022-11-05 14:27:00,0.0,2109.2,0.0,16.216,1159.0,13.872,5.4422,212.61,5.3326,211.34,0.0,1060.7,2280.8,1048.5,40.127,30.303,29.122,31.481,,50
2022-11-05 14:28:00,0.0,3043.0,0.0,15.607,1670.6,13.87,8.1002,206.53,7.8445,209.25,0.0,1537.2,3314.8,1505.8,39.794,29.346,28.377,30.704,,50
2022-11-05 14:29:00,0.0,3869.2,0.0,15.188,2156.2,13.87,10.407,207.31,9.687,215.28,0.0,1972.8,4240.4,1896.4,39.731,29.209,28.708,31.297,,50
2022-11-05 14:30:00,0.0,4048.0,0.0,15.114,2238.7,13.87,10.685,209.64,10.187,213.19,0.0,2067.6,4409.6,1980.5,40.023,29.944,29.786,32.235,,50
2022-11-05 14:31:00,0.0,3902.3,0.0,15.408,2143.9,13.87,10.202,210.14,10.373,204.77,0.0,1963.8,4267.9,1938.5,40.322,31.134,31.054,33.634,,50
2022-11-05 14:32:00,0.0,3702.5,0.0,15.632,2049.3,13.87,9.6432,212.54,9.5625,210.18,0.0,1867.7,4059.9,1834.8,40.602,31.77,31.932,34.279,,50
2022-11-05 14:33:00,0.0,3281.3,0.0,16.031,1831.8,13.87,8.826499999999998,207.47,8.292799999999998,213.78,0.0,1668.5,3604.5,1612.8,40.709,31.861,31.687,34.214,,50
2022-11-05 14:34:00,0.0,2316.2,-0.0008499999999999,16.189,1291.2,13.87,6.1609,209.62,5.9053,214.19,0.0,1172.9,2557.6,1143.3,40.648,30.289,29.649,31.806,,50
2022-11-05 14:35:00,0.0,1657.3,0.0,15.879,919.19,13.87,4.2823,214.73,4.3692,207.71,0.0,835.22,1826.8,822.11,40.341,28.83,28.209,30.304,,50
2022-11-05 14:36:00,0.0,1410.3,0.0,15.449,784.52,13.869,3.6231,216.53,3.7285,206.37,0.0,712.63,1553.9,697.62,39.84,27.226,26.547,28.642,,50
2022-11-05 14:37:00,0.0,2599.9,0.0,15.22,1419.2,13.868,6.1781,228.37,6.4126,219.76,0.0,1302.1,2837.7,1297.8,39.278,26.362,26.043,28.199,,50
2022-11-05 14:38:00,0.0,3377.3,0.0,15.271,1842.3,13.868,8.002399999999998,230.2,8.1402,225.19,0.0,1712.8,3675.5,1664.5,38.976,27.57,27.245,29.25,,50
2022-11-05 14:39:00,0.0,2348.9,0.0,15.567,1287.2,13.867,5.6744,226.71,5.7852,222.17,0.0,1184.1,2572.8,1164.8,39.073,28.091,27.707,29.504,,50
2022-11-05 14:40:00,0.0,1790.8,0.0,15.796,984.83,13.867,4.4351,222.2,4.5017,217.96,0.0,899.75,1965.3,891.01,39.089,27.141,26.667,28.472,,50
2022-11-05 14:41:00,0.0,2948.6,0.0,15.959,1625.1,13.868,7.3262,222.18,7.2138,221.18,0.0,1491.3,3220.6,1457.3,38.901,27.375,26.692,28.44,,50
2022-11-05 14:42:00,0.0,3591.1,0.0,16.249,1973.0,13.867,9.3792,210.52,9.2676,211.04,0.0,1810.3,3926.7,1780.8,38.937,28.042,27.262,28.957,,50
2022-11-05 14:43:00,0.0,3589.5,0.0,16.137,1971.9,13.867,9.49,207.83,9.4679,206.76,0.0,1807.1,3929.1,1782.4,39.3,28.574,27.828,29.601,,50
2022-11-05 14:44:00,0.0,2949.8,0.0,16.155,1618.4,13.867,7.658,211.34,7.8329,205.25,0.0,1485.0,3226.1,1464.8,39.631,28.303,27.084,28.785,,50
2022-11-05 14:45:00,0.0,2149.3,0.0,16.236,1184.6,13.866,5.5496,213.45,5.6581,207.23,0.0,1082.8,2357.0,1066.5,39.7,27.212,26.002,27.43,,50
2022-11-05 14:46:00,0.0,1572.5,0.0,16.229,897.01,13.865,4.1103,217.63,4.1861,206.55,0.0,816.27,1761.8,756.25,39.479,26.376,25.223,26.628,,50
2022-11-05 14:47:00,0.0,2206.9,0.0,16.146,1196.0,13.864,5.2835,226.36,5.6107,213.67,0.0,1092.2,2395.0,1114.7,39.103,26.09,24.973,26.406,,50
2022-11-05 14:48:00,0.0,2756.6,0.0,15.827,1512.0,13.864,7.0349,215.71,6.8484,215.63,0.0,1387.2,2992.3,1369.4,38.889,25.671,24.736,26.217,,50
2022-11-05 14:49:00,0.0,3365.6,0.0,15.46,1854.5,13.864,8.6403,214.45,8.3911,217.51,0.0,1701.7,3676.8,1664.0,38.821,25.721,25.013,26.669,,50
2022-11-05 14:50:00,0.0,3501.6,-0.0008499999999999,15.33,1918.8,13.864,8.7309,219.79,9.1926,208.01,0.0,1759.5,3830.4,1742.1,39.026,25.85,25.351,26.935,,50
2022-11-05 14:51:00,0.0,3454.7,0.0,15.299,1960.3,13.864,9.1818,213.53,9.3275,208.72,0.0,1797.7,3906.5,1657.1,39.24,26.327,25.955,27.73,,50
2022-11-05 14:52:00,0.0,3558.4,0.0,15.414,1952.5,13.864,9.4737,206.1,9.2415,209.93,0.0,1790.0,3892.5,1768.4,39.418,27.48,27.283,29.24,,50
2022-11-05 14:53:00,0.0,3488.9,0.0,15.524,1910.6,13.863,9.2486,206.59,9.1876,207.01,0.0,1754.7,3812.5,1734.2,39.651,28.387,28.255,30.135,,50
2022-11-05 14:54:00,0.0,3465.8,0.0,15.407,1896.0,13.862,9.1968,206.17,9.266800000000002,203.81,0.0,1741.7,3784.5,1724.1,39.799,27.941,28.048,30.058,,50
2022-11-05 14:55:00,0.0,3441.7,0.0,15.453,1883.5,13.862,9.0664,207.74,9.1505,205.16,0.0,1731.1,3760.7,1710.6,39.788,28.326,28.214,30.17,,50
2022-11-05 14:56:00,0.0,3411.5,0.0,15.718,1869.7,13.861,9.035100000000002,206.94,9.049,205.44,0.0,1715.8,3728.6,1695.8,39.774,28.574,28.118,30.195,,50
2022-11-05 14:57:00,0.0,3366.8,0.0,15.759,1849.6,13.861,8.9289,207.15,8.98,204.35,0.0,1692.8,3684.7,1674.1,39.849,28.811,28.409,30.388,,50
2022-11-05 14:58:00,0.0,3340.3,0.0,15.947,1835.9,13.86,8.807,208.46,8.8886,204.84,0.0,1679.5,3656.5,1660.9,39.858,29.128,28.341,30.277,,50
2022-11-05 14:59:00,0.0,3316.2,0.0,15.761,1819.3,13.86,8.8049,206.63,8.821799999999998,204.76,0.0,1669.0,3625.6,1647.2,39.876,28.724,28.274,30.269,,50
2022-11-05 15:00:00,0.0,3284.3,0.0,15.505,1802.6,13.86,8.6407,208.62,8.7561,204.39,0.0,1651.5,3592.2,1632.9,39.828,28.671,28.486,30.492,,50
2022-11-05 15:01:00,0.0,3261.0,0.0,15.388,1786.9,13.859,8.6139,207.45,8.653499999999998,205.3,0.0,1639.3,3563.4,1621.7,39.792,28.137,28.221,30.233,,50
2022-11-05 15:02:00,0.0,3228.8,0.0,15.269,1765.7,13.86,8.487199999999998,208.06,8.5339,206.25,0.0,1623.4,3525.8,1605.5,39.752,27.784,27.868,29.792,,50
2022-11-05 15:03:00,0.0,3191.0,0.0,15.401,1745.4,13.859,8.3418,209.24,8.410999999999998,206.73,0.0,1604.6,3484.2,1586.3,39.669,28.276,28.453,30.267,,50
2022-11-05 15:04:00,0.0,3148.2,0.0,15.481,1722.5,13.858,8.2404,209.03,8.323,206.08,0.0,1582.3,3437.6,1565.8,39.658,28.726,28.761,30.559,,50
2022-11-05 15:05:00,0.0,3111.2,0.0,15.591,1703.4,13.859,8.153399999999998,208.92,8.25,205.44,0.0,1563.7,3398.3,1547.5,39.68,28.993,28.884,30.758,,50
2022-11-05 15:06:00,0.0,3076.5,0.0,16.044,1683.5,13.857,8.089299999999998,208.12,8.1554,205.61,0.0,1546.1,3360.3,1530.4,39.65,29.495,29.278,31.063,,50
2022-11-05 15:07:00,0.0,3040.1,0.0,16.197,1662.9,13.858,7.9664,208.74,8.0644,205.24,0.0,1527.8,3318.0,1512.3,39.662,29.798,29.533,31.521,,50
2022-11-05 15:08:00,0.0,3000.9,-0.0008499999999999,16.231,1641.7,13.857,7.9907,205.45,8.0026,204.43,0.0,1508.4,3277.5,1492.5,39.627,29.735,29.319,31.316,,50
2022-11-05 15:09:00,0.0,2985.9,0.0,16.197,1633.7,13.857,7.8952,206.92,7.9199,205.3,0.0,1502.8,3259.6,1483.1,39.591,28.832,28.067,29.739,,50
2022-11-05 15:10:00,0.0,2957.0,0.0,16.214,1618.3,13.857,7.7727,208.21,7.8478,205.09,0.0,1485.6,3227.8,1471.4,39.601,28.553,27.874,29.477,,50
2022-11-05 15:11:00,0.0,2931.2,0.0,16.166,1604.0,13.857,7.6844,208.74,7.6961,207.57,0.0,1473.6,3201.5,1457.6,39.614,28.277,27.476,29.084,,50
2022-11-05 15:12:00,0.0,2897.0,0.0,16.029,1584.9,13.857,7.518399999999998,210.81,7.6134,207.24,0.0,1455.3,3162.7,1441.7,39.617,28.549,27.875,29.41,,50
2022-11-05 15:13:00,0.0,2858.6,0.0,15.979,1566.0,13.857,7.4499,210.2,7.5419,206.61,0.0,1436.0,3124.2,1422.6,39.581,28.211,27.615,29.263,,50
2022-11-05 15:14:00,0.0,2838.8,0.0,15.32,1553.6,13.856,7.4313,209.07,7.4461,207.84,0.0,1425.9,3101.1,1412.9,39.417,27.001,26.898,28.749,,50
2022-11-05 15:15:00,0.0,2809.1,0.0,15.368,1536.6,13.856,7.2774,211.15,7.341,208.23,0.0,1413.8,3065.3,1395.3,39.196,27.268,26.925,28.895,,50
2022-11-05 15:16:00,0.0,2767.9,0.0,15.603,1516.8,13.855,7.1205,213.03,7.2411,208.09,0.0,1392.4,3023.6,1375.4,39.134,27.199,26.691,28.571,,50
2022-11-05 15:17:00,0.0,2738.3,0.0,15.699,1500.3,13.855,7.045,212.96,7.0947,210.22,0.0,1379.0,2991.7,1359.3,39.141,27.366,26.688,28.559,,50
2022-11-05 15:18:00,0.0,2722.2,0.0,15.814,1492.3,13.854,7.0257,212.41,7.0233,211.01,0.0,1369.4,2974.3,1352.8,39.162,27.075,26.311,28.145,,50
2022-11-05 15:19:00,0.0,2703.7,0.0,15.775,1480.4,13.854,7.0642,209.56,7.027,209.32,0.0,1359.7,2951.3,1344.0,39.153,26.551,25.742,27.463,,50
2022-11-05 15:20:00,0.0,2684.1,0.0,15.351,1473.3,13.854,6.9502,211.98,6.9573,210.02,0.0,1350.5,2934.5,1333.6,39.163,26.016,25.346,26.987,,50
2022-11-05 15:21:00,0.0,2657.8,0.0,15.178,1457.8,13.853,6.861,212.47,6.8668,210.68,0.0,1337.2,2904.5,1320.6,39.107,26.266,25.735,27.261,,50
2022-11-05 15:22:00,0.0,2637.3,0.0,15.614,1445.9,13.854,6.7533,214.1,6.8035,210.69,0.0,1326.9,2879.3,1310.4,39.034,26.154,25.548,26.836,,50
2022-11-05 15:23:00,0.0,2613.7,0.0,15.717,1434.7,13.854,6.6905,214.45,6.7447,210.82,0.0,1316.3,2856.7,1297.4,39.029,25.638,24.852,26.332,,50
2022-11-05 15:24:00,0.0,2596.3,-0.0008499999999999,15.773,1424.4,13.853,6.6454,214.35,6.6849,211.21,0.0,1306.9,2836.3,1289.4,39.032,25.349,24.631,26.127,,50
2022-11-05 15:25:00,0.0,2573.8,0.0,15.503,1412.3,13.852,6.5842,214.49,6.609,211.89,0.0,1295.5,2812.6,1278.3,38.981,25.674,25.003,26.482,,50
2022-11-05 15:26:00,0.0,2546.9,0.0,15.519,1397.9,13.852,6.5336,213.96,6.565,211.18,0.0,1281.9,2784.4,1265.0,38.951,25.609,24.929,26.35,,50
2022-11-05 15:27:00,0.0,2520.0,0.0,15.359,1384.0,13.851,6.4751,213.74,6.4645,212.52,0.0,1268.2,2757.8,1251.8,38.859,25.437,24.727,26.176,,50
2022-11-05 15:28:00,0.0,2490.9,0.0,15.26,1367.1,13.852,6.4207,212.92,6.3757,213.12,0.0,1252.2,2725.9,1238.8,38.777,25.464,24.911,26.237,,50
2022-11-05 15:29:00,0.0,2457.4,0.0,15.143,1347.1,13.852,6.3345,212.66,6.2869,213.16,0.0,1235.7,2687.2,1221.8,38.681,25.458,25.108,26.455,,50
2022-11-05 15:30:00,0.0,2420.1,0.0,15.194,1327.0,13.852,6.1975,214.12,6.1656,213.89,0.0,1216.9,2645.7,1203.3,38.56,25.82,25.334,26.696,,50
2022-11-05 15:31:00,0.0,2382.6,0.0,15.531,1306.8,13.851,6.1277,213.26,6.1095,212.56,0.0,1198.0,2605.4,1184.6,38.5,25.82,25.227,26.459,,50
2022-11-05 15:32:00,0.0,2353.2,0.0,15.775,1291.8,13.851,6.0177,214.67,6.0419,211.75,0.0,1183.1,2571.1,1170.1,38.494,25.313,24.737,25.93,,50
2022-11-05 15:33:00,0.0,2331.6,0.0,15.585,1281.3,13.85,5.936,215.85,5.9866,211.79,0.0,1173.8,2549.2,1157.7,38.491,24.376,23.718,24.892,,50
2022-11-05 15:34:00,0.0,2322.0,0.0,14.908,1271.6,13.85,5.8613,216.96,5.856,215.19,0.0,1167.3,2531.7,1154.7,38.343,23.375,22.863,24.083,,50
2022-11-05 15:35:00,0.0,2314.7,0.0,14.523,1253.1,13.85,5.7735,217.04,5.7806,214.86,0.0,1161.6,2495.1,1153.0,38.016,22.872,22.414,23.536,,50
2022-11-05 15:36:00,0.0,2249.7,0.0,14.549,1237.1,13.849,5.6639,218.42,5.6869,215.13,0.0,1131.9,2460.5,1117.8,37.758,22.481,22.351,23.537,,50
2022-11-05 15:37:00,0.0,2241.8,0.0,14.61,1221.0,13.849,5.5942,218.26,5.5738,217.3,0.0,1125.0,2432.2,1116.7,37.658,22.301,22.4,23.535,,50
2022-11-05 15:38:00,0.0,2230.2,0.0,14.626,1203.7,13.849,5.5063,218.61,5.4835,217.63,0.0,1120.5,2397.1,1109.7,37.549,22.392,22.635,23.833,,50
2022-11-05 15:39:00,0.0,2177.0,0.0,14.967,1182.3,13.848,5.4017,218.88,5.4021,217.07,0.0,1094.9,2355.0,1082.2,37.497,22.39,22.395,23.492,,50
2022-11-05 15:40:00,0.0,2118.2,0.0,15.11,1161.4,13.849,5.314,218.56,5.2908,217.34,0.0,1065.5,2311.4,1052.7,37.593,22.301,22.202,23.142,,50
2022-11-05 15:41:00,0.0,2073.5,0.0,15.241,1143.2,13.849,5.1999,219.86,5.2445,215.6,0.0,1044.2,2273.9,1029.3,37.669,22.226,22.002,22.935,,50
2022-11-05 15:42:00,0.0,2041.6,0.0,15.189,1124.9,13.849,5.1543,218.24,5.1618,215.65,0.0,1026.5,2238.0,1015.0,37.711,22.015,21.848,22.685,,50
2022-11-05 15:43:00,0.0,2013.2,0.0,14.881,1106.2,13.848,5.0767,217.89,5.0801,215.55,0.0,1013.3,2201.2,999.85,37.648,22.011,21.873,22.806,,50
2022-11-05 15:44:00,0.0,1979.0,0.0,15.034,1089.9,13.849,4.9907,218.38,4.9721,216.95,0.0,996.0100000000001,2168.6,983.0100000000001,37.554,22.09,21.836,22.813,,50
2022-11-05 15:45:00,0.0,1936.5,0.0,14.997,1068.8,13.848,4.8989,218.17,4.8553,218.04,0.0,975.06,2127.4,961.45,37.49,22.142,22.013,22.92,,50
2022-11-05 15:46:00,0.0,1891.2,0.0,14.93,1043.5,13.847,4.7775,218.42,4.7331,218.07,0.0,951.46,2075.7,939.75,37.372,22.429,22.414,23.402,,50
2022-11-05 15:47:00,0.0,1850.4,0.0,14.91,1020.7,13.847,4.6564,219.21,4.6643,216.33,0.0,931.3,2029.7,919.04,37.239,22.558,22.497,23.462,,50
2022-11-05 15:48:00,0.0,1812.8,0.0,15.089,1000.2,13.847,4.5393,220.33,4.5687,216.34,0.0,913.38,1988.5,899.4,37.2,22.454,22.422,23.286,,50
2022-11-05 15:49:00,0.0,1778.9,0.0,14.984,981.23,13.847,4.4699,219.52,4.4618,217.43,0.0,896.22,1951.3,882.62,37.138,22.251,22.238,23.188,,50
2022-11-05 15:50:00,0.0,1750.5,-0.0008499999999999,14.82,965.98,13.845,4.3936,219.86,4.3819,217.98,0.0,882.07,1921.2,868.4199999999998,36.941,21.971,22.105,22.788,,50
2022-11-05 15:51:00,0.0,1727.0,0.0,14.525,953.65,13.846,4.3513,219.16,4.3196,218.47,0.0,868.35,1897.3,858.59,36.669,21.152,21.157,21.59,,50
2022-11-05 15:52:00,0.0,1696.2,0.0,14.634,936.36,13.845,4.2455,220.55,4.2269,219.0,0.0,854.46,1862.0,841.77,36.32,21.093,21.258,21.637,,50
2022-11-05 15:53:00,0.0,1655.6,0.0,14.775,914.6,13.845,4.16,219.85,4.1223,219.42,0.0,834.5499999999998,1819.1,821.09,36.223,21.345,21.469,21.917,,50
2022-11-05 15:54:00,0.0,1615.7,0.0,14.795,893.3099999999998,13.845,4.0815,218.87,4.0465,218.31,0.0,813.82,1776.7,801.82,36.281,21.234,21.413,21.771,,50
2022-11-05 15:55:00,0.0,1578.3,0.0,14.711,874.57,13.845,3.9902,219.18,3.9679,217.6,0.0,794.86,1738.0,783.45,36.23,21.395,21.667,22.041,,50
2022-11-05 15:56:00,0.0,1545.5,0.0,14.804,856.96,13.844,3.9076,219.31,3.8579,219.45,0.0,778.49,1703.6,767.0,36.138,21.352,21.572,21.967,,50
2022-11-05 15:57:00,0.0,1513.9,0.0,14.674,840.39,13.844,3.8381,218.96,3.781,219.52,0.0,762.47,1670.4,751.4,35.992,21.319,21.558,21.974,,50
2022-11-05 15:58:00,0.0,1477.0,0.0,14.566,819.77,13.844,3.7601,218.02,3.691,219.5,0.0,744.27,1630.0,732.73,35.76,21.178,21.394,21.752,,50
2022-11-05 15:59:00,0.0,1444.5,0.0,14.35,802.6699999999998,13.844,3.6628,219.14,3.6188,218.97,0.0,727.5,1595.1,716.99,35.614,20.534,20.644,20.912,,50
2022-11-05 16:00:00,0.0,1412.3,0.0,14.195,784.3099999999998,13.844,3.5727,219.53,3.5336,218.97,0.0,712.26,1558.1,700.01,35.271,20.037,20.173,20.292,,50
2022-11-05 16:01:00,0.0,1382.1,0.0,14.393,768.15,13.844,3.5043,219.21,3.4715,217.88,0.0,696.81,1524.5,685.29,34.99,19.9,20.103,20.113,,50
2022-11-05 16:02:00,0.0,1350.0,0.0,14.727,751.75,13.844,3.4132,220.24,3.3854,218.55,0.0,681.11,1491.6,668.89,34.815,19.839,20.024,20.082,,50
2022-11-05 16:03:00,0.0,1319.3,0.0,14.866,734.84,13.844,3.3267,220.9,3.3291,216.7,0.0,665.02,1456.3,654.22,34.608,19.716,19.888,19.921,,50
2022-11-05 16:04:00,0.0,1284.4,0.0,14.848,716.18,13.843,3.2451,220.7,3.2256,218.02,0.0,648.36,1419.4,636.04,34.49,19.501,19.627,19.746,,50
2022-11-05 16:05:00,0.0,1248.2,0.0,14.463,697.02,13.842,3.1496,221.31,3.1295,218.72,0.0,630.47,1381.5,617.7,34.462,19.065,19.227,19.49,,50
2022-11-05 16:06:00,0.0,1217.6,0.0,14.606,678.87,13.842,3.0667,221.37,3.0267,220.34,0.0,614.07,1345.7,603.51,34.003,19.112,19.187,19.356,,50
2022-11-05 16:07:00,0.0,1191.2,0.0,14.771,660.31,13.842,2.9768,221.82,2.9565,219.2,0.0,601.09,1308.4,590.09,33.573,19.0,19.057,19.225,,50
2022-11-05 16:08:00,0.0,1159.3,0.0,14.772,642.16,13.842,2.9025,221.25,2.8698,219.31,0.0,584.97,1271.5,574.29,33.382,18.656,18.658,18.835,,50
2022-11-05 16:09:00,0.0,1115.1,0.0,14.582,624.0,13.842,2.8284,220.62,2.7735,220.48,0.0,563.53,1235.5,551.58,33.309,18.342,18.413,18.599,,50
2022-11-05 16:10:00,0.0,1074.1,0.0,14.419,604.98,13.842,2.7443,220.46,2.6908,220.19,0.0,544.11,1197.5,529.97,33.238,18.287,18.377,18.598,,50
2022-11-05 16:11:00,0.0,1042.3,0.0,14.494,585.66,13.841,2.6588,220.28,2.6084,220.06,0.0,529.0,1159.7,513.34,32.684,18.282,18.34,18.538,,50
2022-11-05 16:12:00,0.0,1011.0,0.0,14.537,569.27,13.841,2.5886,219.91,2.5428,219.03,0.0,513.09,1126.2,497.91,32.511,18.143,18.212,18.377,,50
2022-11-05 16:13:00,0.0,989.79,0.0,14.326,553.62,13.842,2.5271,219.07,2.4781,218.52,0.0,501.09,1095.1,488.68,32.521,17.773,17.932,18.103,,50
2022-11-05 16:14:00,0.0,953.8900000000002,0.0,14.305,526.2,13.841,2.3962,219.6,2.3984,218.39,0.0,476.12,1050.0,477.77,32.02,17.652,17.83,17.928,,50
2022-11-05 16:15:00,0.0,902.38,0.0,14.373,481.72,13.841,2.1941,219.55,2.3357,217.72,0.0,437.84,990.22,464.55,31.135,17.565,17.671,17.752,,50
2022-11-05 16:16:00,0.0,831.73,0.0,14.299,450.72,13.841,2.059,218.89,2.2074,218.07,0.0,401.31,932.06,430.42,30.644,17.309,17.428,17.499,,50
2022-11-05 16:17:00,0.0,778.58,0.0,14.379,436.22,13.841,2.0093,217.11,2.0227,218.1,0.0,385.82,877.35,392.76,29.772,17.161,17.22,17.081,,50
2022-11-05 16:18:00,0.0,732.89,0.0,14.529,412.36,13.841,1.8954,217.56,1.9061,218.09,0.0,364.63,828.0399999999998,368.24,29.2,16.982,17.008,16.54,,50
2022-11-05 16:19:00,0.0,676.78,0.0,14.59,372.07,13.841,1.7095,217.65,1.8154,218.1,0.0,326.83,768.01,349.95,28.726,16.799,16.817,16.103,,50
2022-11-05 16:20:00,0.0,618.37,0.0,14.558,342.22,13.84,1.577,217.0,1.6681,218.11,0.0,298.56,706.05,319.81,28.535,16.55,16.618,15.707,,50
2022-11-05 16:21:00,0.0,574.79,0.0,14.18,328.12,13.84,1.5247,215.2,1.5181,218.08,0.0,286.07,659.18,288.73,29.172,16.123,16.234,15.312,,50
2022-11-05 16:22:00,0.0,528.46,0.0,14.079,300.53,13.841,1.3992,214.79,1.4302,217.09,0.0,257.87,611.02,270.59,28.896,15.702,15.86,15.024,,50
2022-11-05 16:23:00,0.0,489.02,0.0,14.117,274.95,13.84,1.2692,216.65,1.3569,216.06,0.0,234.14,568.11,254.89,28.727,15.312,15.459,14.798,,50
2022-11-05 16:24:00,0.0,447.61,0.0,14.14,261.4,13.84,1.2013,217.61,1.2211,216.12,0.0,222.18,525.31,225.43,28.29,15.033,15.155,14.612,,50
2022-11-05 16:25:00,0.0,407.25,0.0,14.222,239.85,13.839,1.104,217.25,1.1322,214.76,0.0,201.02,483.01,206.23,28.354,14.784,14.875,14.439,,50
2022-11-05 16:26:00,0.0,352.41,0.0,14.273,206.89,13.84,0.95493,216.66,1.0133,213.14,0.0,170.86,422.87,181.55,28.119,14.56,14.629,14.32,,50
2022-11-05 16:27:00,0.0,273.57,0.0,14.251,168.6,13.84,0.77827,216.64,0.79124,213.14,0.0,135.51,337.24,138.06,27.453,14.365,14.431,14.229,,50
2022-11-05 16:28:00,0.0,220.02,-0.0008499999999999,14.257,142.58,13.839,0.66152,215.5,0.6417899999999999,212.46,0.0,110.94,278.95,109.07,26.6,14.185,14.245,14.103,,50
2022-11-05 16:29:00,0.0,205.35,0.0,14.298,136.42,13.84,0.64461,211.62,0.6113399999999999,210.18,0.0,105.55,264.9,99.799,26.112,14.036,14.092,13.971,,50
2022-11-05 16:30:00,0.0,198.38,0.0,14.341,132.54,13.839,0.62924,210.64,0.59287,209.49,0.0,102.1,256.74,96.281,25.788,13.912,13.976,13.861,,50
2022-11-05 16:31:00,0.0,192.04,0.0,14.366,128.54,13.838,0.61373,209.43,0.5848299999999998,205.68,0.0,98.875,248.83,93.167,25.76,13.794,13.86,13.748,,50
2022-11-05 16:32:00,0.0,184.48,0.0,14.33,124.6,13.839,0.60302,206.62,0.56974,203.62,0.0,95.153,240.6,89.331,25.778,13.667,13.743,13.637,,50
2022-11-05 16:33:00,0.0,175.66,0.0,14.269,119.36,13.84,0.58004,205.78,0.5406999999999998,205.18,0.0,90.303,230.3,85.36199999999998,25.674,13.555,13.625,13.521,,50
2022-11-05 16:34:00,0.0,166.71,0.0,14.265,115.26,13.84,0.56283,204.78,0.52998,202.02,0.0,86.084,222.33,80.625,25.482,13.444,13.506,13.401,,50
2022-11-05 16:35:00,0.0,155.34,0.0,14.2,111.08,13.839,0.55508,200.12,0.5209599999999999,197.95,0.0,80.602,214.21,74.736,25.547,13.352,13.403,13.318,,50
2022-11-05 16:36:00,0.0,146.79,0.0,14.161,106.71,13.839,0.53914,197.93,0.49911,198.86,0.0,76.18099999999998,205.96,70.609,25.554,13.259,13.346,13.24,,50
2022-11-05 16:37:00,0.0,140.9,0.0,14.166,102.84,13.839,0.5196899999999999,197.88,0.4820499999999999,197.96,0.0,72.751,198.27,68.149,25.307,13.186,13.281,13.172,,50
2022-11-05 16:38:00,0.0,134.77,0.0,14.163,99.286,13.839,0.51546,192.62,0.47909,191.72,0.0,69.864,191.14,64.9,25.238,13.097,13.213,13.097,,50
2022-11-05 16:39:00,0.0,127.88,0.0,14.165,95.35,13.839,0.50587,188.49,0.4645599999999999,190.31,0.0,66.165,183.74,61.719,25.26,13.082,13.214,13.072,,50
2022-11-05 16:40:00,0.0,126.64,0.0,14.211,92.652,13.839,0.48176,192.34,0.43933,195.25,0.0,66.165,178.43,60.479,25.189,13.046,13.211,13.054,,50
2022-11-05 16:41:00,0.0,120.67,0.0,14.189,89.709,13.838,0.45737,196.15,0.41804,197.49,0.0,62.442,172.27,58.223,25.167,13.04,13.222,13.059,,50
2022-11-05 16:42:00,0.0,116.04,0.0,14.154,87.14799999999998,13.838,0.44722,194.87,0.4099999999999999,194.56,0.0,60.818,166.92,55.223,25.14,12.992,13.16,13.008,,50
2022-11-05 16:43:00,0.0,110.36,0.0,14.085,84.622,13.839,0.4486299999999999,188.62,0.41226,187.61,0.0,57.411,161.96,52.945,25.239,12.863,13.026,12.876,,50
2022-11-05 16:44:00,0.0,104.0,0.0,14.052,81.929,13.839,0.43806,187.02,0.40944,180.21,0.0,54.772,155.72,49.223,25.172,12.751,12.909,12.771,,50
2022-11-05 16:45:00,0.0,97.882,0.0,14.02,79.232,13.839,0.42015,188.6,0.39294,179.92,0.0,51.749,149.92,46.132,25.112,12.668,12.829,12.702,,50
2022-11-05 16:46:00,0.0,93.935,0.0,13.988,76.346,13.839,0.39731,192.16,0.3688299999999999,185.68,0.0,49.516,144.83,44.418,25.221,12.591,12.747,12.625,,50
2022-11-05 16:47:00,0.0,86.241,0.0,13.929,71.936,13.839,0.3799699999999999,189.31,0.3479599999999999,185.37,0.0,45.749,136.44,40.492,25.232,12.519,12.675,12.53,,50
2022-11-05 16:48:00,0.0,80.376,0.0,13.838,68.006,13.838,0.36263,187.53,0.3290699999999999,184.15,0.0,41.958,128.61,38.417,25.678,12.446,12.602,12.467,,50
2022-11-05 16:49:00,0.0,74.668,0.0,13.813,64.576,13.839,0.34472,187.32,0.3163799999999999,179.21,0.0,39.974,121.28,34.695,25.398,12.388,12.571,12.426,,50
2022-11-05 16:50:00,0.0,68.555,0.0,13.827,60.349,13.839,0.3395,177.76,0.3039799999999999,175.55,0.0,37.063,113.72,31.492,25.056,12.347,12.568,12.408,,50
2022-11-05 16:51:00,0.0,62.961,0.0,13.904,57.349,13.839,0.32865,174.5,0.29369,171.85,0.0,34.153,107.81,28.807,25.041,12.429,12.626,12.47,,50
2022-11-05 16:52:00,0.0,56.058,0.0,13.897,53.263,13.839,0.3051099999999999,174.57,0.2604099999999999,180.92,0.0,30.432,100.37,25.627,25.382,12.486,12.645,12.485,,50
2022-11-05 16:53:00,0.0,42.32,0.0,13.832,45.568,13.839,0.2609799999999999,174.6,0.21628,181.47,0.0,23.777,84.81399999999998,18.543,25.061,12.352,12.489,12.361,,50
2022-11-05 16:54:00,0.0,22.491,0.0,13.776,34.44,13.839,0.19739,174.47,0.15326,181.4,0.0,13.828,62.239,8.6624,24.754,12.182,12.351,12.208,,50
2022-11-05 16:55:00,0.0,1.8047,0.0,13.74,18.099,13.839,0.0962999999999999,197.23,0.07684,190.61,0.0,2.7973,32.285,-0.99258,24.635,12.021,12.22,12.044,,50
2022-11-05 16:56:00,0.0,-5.0982,0.0,13.702,11.56,13.839,0.0594999999999999,194.54,0.0269299999999999,193.07,0.0,-0.4737299999999999,16.732,-4.6244,24.586,11.927,12.144,11.963,-1207.2,50
2022-11-05 16:57:00,0.0,-5.008,0.0,13.747,10.778,13.839,0.0680999999999999,159.15,0.04032,139.35,0.0,-0.4737299999999999,16.282,-4.5342,24.54,11.948,12.192,12.005,,50
2022-11-05 16:58:00,0.0,-5.0757,0.0,13.762,11.317,13.839,0.0754299999999999,151.79,0.02312,177.48,0.0,-0.45117,15.406,-4.6245,24.623,11.876,12.086,11.885,-1072.8,50
2022-11-05 16:59:00,0.0,-5.0982,0.0,13.695,12.198,13.839,0.0614699999999999,198.7,0.01776,203.72,0.0,-0.4737299999999999,15.808,-4.6244,24.95,11.854,11.998,11.772,-628.03,50
2022-11-05 17:00:00,0.0,-5.1207,0.0,13.719,12.6,13.839,0.05781,218.02,0.0150899999999999,220.62,0.0,-0.4737299999999999,15.928,-4.647,25.303,11.933,11.985,11.776,-737.12,50
2022-11-05 17:01:00,0.0,3.0229,0.0,13.691,28.323,13.839,0.1471899999999999,194.54,0.01382,229.27,0.0,7.6473,31.49,-4.6244,25.224,11.915,11.985,11.791,-1022.4,50
2022-11-05 17:02:00,0.0,7.4217,0.0,13.662,32.398,13.838,0.1847,175.51,0.01339,231.62,0.0,12.227,35.5,-4.8049,25.048,11.848,11.922,11.728,-747.45,50
2022-11-05 17:03:00,0.0,6.5194,0.0,13.589,30.839,13.839,0.1803299999999999,171.01,0.0215699999999999,227.79,0.0,11.009,35.561,-4.4891,24.625,11.761,11.81,11.627,,50
2022-11-05 17:04:00,0.0,3.5643,0.0,13.538,27.358,13.839,0.16002,170.96,0.01565,225.78,0.0,8.1887,30.891,-4.6244,24.537,11.647,11.728,11.546,-849.45,50
2022-11-05 17:05:00,0.0,-4.444,0.0,13.519,13.457,13.839,0.06528,210.67,0.0170599999999999,217.72,0.0,0.1579099999999999,17.169,-4.6019,24.261,11.562,11.674,11.498,-741.12,50
2022-11-05 17:06:00,0.0,-5.0531,0.0,13.556,11.519,13.838,0.0614699999999999,187.93,0.0202999999999999,191.93,0.0,-0.45117,15.384,-4.6019,24.16,11.508,11.652,11.47,-875.3099999999998,50
2022-11-05 17:07:00,0.0,-4.5342,0.0,13.568,6.726,13.839,0.0538599999999999,125.81,0.0172,123.69,0.0,-0.3609299999999999,8.8618,-4.1733,24.168,11.412,11.598,11.392,,50
2022-11-05 17:08:00,0.0,-3.9477,0.0,13.542,3.3072,13.838,0.0265099999999999,128.17,-0.0001399999999999,127.05,0.0,-0.13535,3.2873,-3.8124,24.282,11.37,11.585,11.377,-537.95,50
2022-11-05 17:09:00,0.0,-3.5868,0.0,13.578,1.4703,13.839,0.0109999999999999,139.18,0.0,141.74,0.0,0.02256,1.4703,-3.6093,24.228,11.395,11.657,11.44,-523.18,50
2022-11-05 17:10:00,0.0,-3.6093,0.0,13.632,0.78112,13.838,0.00649,120.28,-0.00042,117.22,0.0,0.04512,0.73494,-3.6544,24.197,11.396,11.65,11.425,-708.92,50
2022-11-05 17:11:00,0.0,-3.3611,0.0,13.654,0.6126,13.839,0.00634,96.21700000000001,0.0001399999999999,94.382,0.0,0.09023,0.62522,-3.4514,24.181,11.342,11.598,11.385,-666.47,50
2022-11-05 17:12:00,0.0,-2.6168,0.0,13.622,0.5223499999999999,13.839,0.00634,82.361,-0.00042,80.95999999999998,0.0,0.60906,0.4867099999999999,-3.2259,24.436,11.343,11.559,11.365,-587.46,50
2022-11-05 17:13:00,0.0,-2.6394,0.0,13.583,0.4338,13.839,0.00606,71.694,0.0,70.409,0.0,0.6993099999999999,0.4338,-3.3386,24.42,11.419,11.545,11.354,-452.91,50
2022-11-05 17:14:00,0.0,-2.5266,0.0,13.536,0.38767,13.839,0.0061999999999999,62.456,-0.0001399999999999,61.263,0.0,0.60907,0.37919,-3.1357,24.552,11.357,11.513,11.333,-522.04,50
2022-11-05 17:15:00,0.0,-2.5717,0.0,13.467,0.3432999999999999,13.839,0.00634,54.217,-0.0002799999999999,53.093,0.0,0.67674,0.32834,-3.2484,24.44,11.244,11.415,11.262,-371.44,50
2022-11-05 17:16:00,0.0,-2.4589,0.0,13.419,0.26477,13.839,0.00564,46.77,-0.0002799999999999,45.678,0.0,0.5413999999999999,0.25255,-3.0003,23.996,11.172,11.388,11.205,-592.4,50
2022-11-05 17:17:00,0.0,-2.5716,0.0,13.474,0.2141299999999999,13.839,0.00536,39.964,0.0,38.878,0.0,0.5865099999999999,0.21306,-3.1582,23.811,11.299,11.524,11.348,-579.35,50
2022-11-05 17:18:00,0.0,-2.5265,0.0,13.481,0.17724,13.839,0.0052199999999999,34.029,-0.0001399999999999,32.946,0.0,0.58652,0.17301,-3.1131,23.746,11.358,11.633,11.444,-508.58,50
2022-11-05 17:19:00,0.0,-2.504,0.0,13.463,0.15576,13.839,0.00536,29.113,0.0,28.038,0.0,0.54139,0.15593,-3.0454,23.697,11.305,11.587,11.4,-579.17,50
2022-11-05 17:20:00,0.0,-2.5716,0.0,13.471,0.1307099999999999,13.839,0.0052199999999999,25.053,-0.00042,23.985,0.0,0.58652,0.12033,-3.1582,23.879,11.323,11.61,11.413,-860.12,50
2022-11-05 17:21:00,0.0,-2.504,0.0,13.495,0.12146,13.839,0.00564,21.558,-0.0001399999999999,20.519,0.0,0.58652,0.11881,-3.0905,23.762,11.338,11.655,11.449,-767.82,50
2022-11-05 17:22:00,0.0,-2.4814,0.0,13.485,0.09672,13.838,0.0052199999999999,18.512,-0.0001399999999999,17.509,0.0,0.56395,0.09427,-3.0453,23.689,11.33,11.647,11.428,-469.08,50
2022-11-05 17:23:00,0.0,-2.5717,0.0,13.498,0.08512,13.839,0.00536,15.899,0.0002799999999999,14.895,0.0,0.56396,0.0893599999999999,-3.1356,23.624,11.41,11.77,11.521,-606.67,50
2022-11-05 17:24:00,0.0,-2.504,0.0,13.513,0.0709599999999999,13.839,0.0052199999999999,13.612,-0.00042,12.622,0.0,0.56396,0.06565,-3.0679,23.532,11.393,11.765,11.506,-157.82,50
2022-11-05 17:25:00,0.0,-2.5265,0.0,13.452,0.05904,13.839,0.00508,11.633,-0.00042,10.694,0.0,0.5865099999999999,0.0547199999999999,-3.1131,23.578,11.397,11.761,11.495,-616.96,50
2022-11-05 17:26:00,0.0,-2.504,0.0,13.367,0.05212,13.839,0.0052199999999999,9.9972,0.0001399999999999,9.082,0.0,0.58652,0.05335,-3.0905,23.566,11.354,11.728,11.482,-579.58,50
2022-11-05 17:27:00,0.0,-2.5717,0.0,13.354,0.04352,13.839,0.00508,8.5736,-0.0001399999999999,7.6878,0.0,0.6541799999999999,0.0424799999999999,-3.2259,23.411,11.34,11.704,11.46,-290.23,50
2022-11-05 17:28:00,0.0,-2.5492,0.0,13.407,0.03817,13.839,0.0052199999999999,7.3005,-0.0002799999999999,6.4444,0.0,0.5413799999999999,0.03647,-3.0905,23.319,11.38,11.746,11.506,-432.26,50
2022-11-05 17:29:00,0.0,-2.4589,-0.0008499999999999,13.397,0.03124,13.839,0.00508,6.1542,-0.0001399999999999,5.3236,0.0,0.56396,0.03039,-3.0228,23.213,11.39,11.765,11.536,-497.49,50
2022-11-05 17:30:00,0.0,-2.5491,0.0,13.386,0.0269199999999999,13.839,0.0052199999999999,5.1628,0.0,4.3428,0.0,0.5865099999999999,0.0269199999999999,-3.1356,23.325,11.423,11.726,11.489,-533.01,50
2022-11-05 17:31:00,0.0,-2.5266,0.0,13.385,0.0233499999999999,13.839,0.00536,4.3641,-0.0002799999999999,3.5781,0.0,0.56396,0.0223499999999999,-3.0905,23.359,11.37,11.657,11.416,-519.13,50
2022-11-05 17:32:00,0.0,-2.5716,0.0,13.442,0.01883,13.839,0.00508,3.7095,-0.0005599999999999,2.9468,0.0,0.56396,0.01704,-3.1356,23.341,11.47,11.653,11.425,-499.87,50
2022-11-05 17:33:00,0.0,-2.4814,0.0,13.455,0.0167,13.839,0.0052199999999999,3.1969,-0.0001399999999999,2.4257,0.0,0.58652,0.01636,-3.068,23.078,11.345,11.571,11.357,-439.37,50
2022-11-05 17:34:00,0.0,-2.5491,0.0,13.419,0.01404,13.84,0.00508,2.7668,-0.0001399999999999,2.021,0.0,0.51885,0.01379,-3.068,22.93,11.387,11.65,11.423,-592.43,50
2022-11-05 17:35:00,0.0,-2.6619,0.0,13.562,0.01271,13.84,0.00536,2.3812,-0.0001399999999999,1.6503,0.0,0.67676,0.01248,-3.3386,22.945,11.428,11.715,11.468,-91.363,50
2022-11-05 17:36:00,0.0,-2.504,0.0,13.444,0.01084,13.84,0.00536,2.019,-0.0001399999999999,1.2881,0.0,0.60908,0.0106599999999999,-3.1131,22.92,11.388,11.694,11.44,-487.72,50
2022-11-05 17:37:00,0.0,-2.4589,0.0,13.339,0.00884,13.839,0.0052199999999999,1.6927,-0.00042,0.98512,0.0,0.5188399999999999,0.00846,-2.9778,22.925,11.328,11.588,11.312,-385.32,50
2022-11-05 17:38:00,0.0,-2.5717,0.0,13.244,0.00768,13.84,0.00536,1.4321,0.0001399999999999,0.72665,0.0,0.58652,0.00777,-3.1582,22.76,11.194,11.464,11.204,-428.6,50
2022-11-05 17:39:00,0.0,-2.5491,0.0,13.166,0.0061199999999999,13.84,0.00508,1.2054,-0.0001399999999999,0.49996,0.0,0.5865099999999999,0.00602,-3.1356,22.732,11.138,11.427,11.169,-52.129,50
2022-11-05 17:40:00,0.0,-2.4589,0.0,13.126,0.00523,13.84,0.00508,1.0296,0.0001399999999999,0.3283599999999999,0.0,0.5413999999999999,0.00528,-3.0003,22.678,11.096,11.419,11.161,-683.67,50
2022-11-05 17:41:00,0.0,-2.6393,0.0,13.221,0.00504,13.839,0.00578,0.87494,0.0001399999999999,0.1716,0.0,0.74443,0.0050699999999999,-3.3837,22.593,11.139,11.483,11.228,-484.75,50
2022-11-05 17:42:00,0.0,-2.6619,0.0,13.323,0.0042399999999999,13.84,0.00564,0.74995,-0.0001399999999999,0.04025,0.0,0.58652,0.00423,-3.2484,22.675,11.186,11.484,11.214,-357.95,50
2022-11-05 17:43:00,0.0,-2.5492,0.0,13.346,0.0034399999999999,13.84,0.00536,0.6419099999999999,0.0001399999999999,-0.0042399999999999,0.0,0.4962699999999999,0.0034399999999999,-3.0454,22.765,11.249,11.5,11.211,-459.55,50
2022-11-05 17:44:00,0.0,-2.5717,0.0,13.349,0.00304,13.84,0.0054999999999999,0.55505,0.0002799999999999,-0.0021199999999999,0.0,0.65419,0.00304,-3.2259,22.73,11.279,11.536,11.257,-440.64,50
2022-11-05 17:45:00,0.0,-2.6168,0.0,13.334,0.00264,13.841,0.0054999999999999,0.4808999999999999,-0.0001399999999999,-0.01059,0.0,0.72187,0.00264,-3.3386,22.486,11.283,11.588,11.303,-227.07,50
2022-11-05 17:46:00,0.0,-2.5717,0.0,13.508,0.00235,13.842,0.0054999999999999,0.4279399999999999,0.0002799999999999,-0.00847,0.0,0.67674,0.00235,-3.2485,22.401,11.329,11.64,11.32,-506.36,50
2022-11-05 17:47:00,0.0,-2.6619,0.0,13.519,0.0022799999999999,13.841,0.0059199999999999,0.38345,0.0,-0.01059,0.0,0.8121,0.0022799999999999,-3.474,22.341,11.208,11.577,11.259,-112.35,50
2022-11-05 17:48:00,0.0,-2.4363,0.0,13.458,0.00181,13.842,0.0052199999999999,0.34744,0.0,-0.00636,0.0,0.5413999999999999,0.00181,-2.9778,22.327,11.165,11.53,11.225,-297.06,50
2022-11-05 17:49:00,0.0,-2.4589,0.0,13.493,0.00157,13.843,0.00508,0.3093099999999999,0.0,0.0042399999999999,0.0,0.51885,0.00157,-2.9778,22.372,11.183,11.471,11.176,-696.25,50
2022-11-05 17:50:00,0.0,-2.6619,0.0,13.476,0.0014499999999999,13.843,0.00536,0.27117,0.0,-0.00636,0.0,0.76699,0.0014499999999999,-3.4289,22.369,11.088,11.392,11.09,-264.12,50
2022-11-05 17:51:00,0.0,-2.4815,0.0,13.319,0.00127,13.843,0.0052199999999999,0.24363,0.0002799999999999,-0.0042399999999999,0.0,0.49629,0.00127,-2.9778,22.39,11.042,11.31,11.031,-665.29,50
2022-11-05 17:52:00,0.0,-2.504,0.0,13.345,0.00124,13.844,0.00536,0.2309199999999999,-0.0001399999999999,-0.0021199999999999,0.0,0.49629,0.00124,-3.0003,22.395,11.162,11.327,11.042,-687.15,50
2022-11-05 17:53:00,0.0,-2.504,0.0,13.43,0.0011,13.844,0.00508,0.21609,-0.0006999999999999,-0.00636,0.0,0.60908,0.00109,-3.1131,22.264,11.08,11.205,10.921,-277.21,50
2022-11-05 17:54:00,0.0,-2.5717,0.0,13.307,0.00111,13.844,0.0054999999999999,0.2012599999999999,0.0,-0.00847,0.0,0.72187,0.00111,-3.2935,22.226,11.067,11.186,10.898,-540.77,50
2022-11-05 17:55:00,0.0,-2.6394,0.0,13.249,0.0009899999999999,13.844,0.0054999999999999,0.1800799999999999,-0.0001399999999999,0.0042399999999999,0.0,0.6316399999999999,0.0009899999999999,-3.271,22.111,10.95,11.093,10.842,-330.12,50
2022-11-05 17:56:00,0.0,-2.6394,0.0,13.171,0.0009799999999999,13.844,0.0054999999999999,0.17796,-0.0002799999999999,-0.00847,0.0,0.56396,0.0009899999999999,-3.2033,22.098,10.905,11.096,10.848,-619.21,50
2022-11-05 17:57:00,0.0,-2.5717,0.0,13.429,0.00095,13.844,0.00536,0.17796,0.0001399999999999,-0.0021199999999999,0.0,0.56396,0.00095,-3.1357,22.173,11.175,11.337,11.039,-428.46,50
2022-11-05 17:58:00,0.0,-2.5491,0.0,13.534,0.0008999999999999,13.843,0.0052199999999999,0.1716,-0.0001399999999999,-0.00636,0.0,0.60908,0.0008999999999999,-3.1582,22.116,11.165,11.349,11.08,-399.78,50
2022-11-05 17:59:00,0.0,-2.5717,0.0,13.503,0.00091,13.844,0.00536,0.1694799999999999,0.00042,-0.0042399999999999,0.0,0.51885,0.00091,-3.0905,22.042,11.137,11.375,11.116,-575.82,50
2022-11-05 18:00:00,0.0,-2.5491,0.0,13.503,0.00084,13.844,0.0054999999999999,0.15254,0.00042,0.0042399999999999,0.0,0.58652,0.00084,-3.1357,21.961,11.235,11.464,11.211,-743.89,50
2022-11-05 18:01:00,0.0,-2.5943,0.0,13.475,0.0008199999999999,13.844,0.0054999999999999,0.1482999999999999,-0.0001399999999999,0.0,0.0,0.58652,0.0008199999999999,-3.1808,21.986,11.288,11.505,11.25,-511.17,50
2022-11-05 18:02:00,0.0,-2.5491,0.0,13.612,0.00079,13.844,0.0054999999999999,0.1440599999999999,0.0001399999999999,0.0021199999999999,0.0,0.5413999999999999,0.00079,-3.0905,21.946,11.443,11.709,11.468,-594.98,50
2022-11-05 18:03:00,0.0,-2.5491,0.0,13.664,0.0007799999999999,13.844,0.00564,0.13771,0.0001399999999999,0.0021199999999999,0.0,0.60908,0.0007799999999999,-3.1582,21.951,11.506,11.731,11.497,-590.98,50
2022-11-05 18:04:00,0.0,-2.504,0.0,13.634,0.00067,13.845,0.0052199999999999,0.12923,0.0002799999999999,-0.01059,0.0,0.56396,0.00067,-3.068,21.909,11.485,11.695,11.475,-567.59,50
2022-11-05 18:05:00,0.0,-2.5266,0.0,13.599,0.00068,13.846,0.00536,0.12711,0.0001399999999999,-0.0042399999999999,0.0,0.51885,0.00068,-3.0454,21.795,11.547,11.766,11.523,-402.31,50
2022-11-05 18:06:00,0.0,-2.5717,0.0,13.608,0.00067,13.846,0.0052199999999999,0.12923,0.00042,-0.00636,0.0,0.60908,0.00067,-3.1808,21.841,11.643,11.799,11.555,-566.53,50
2022-11-05 18:07:00,0.0,-2.504,0.0,13.661,0.0006999999999999,13.846,0.00536,0.1313499999999999,0.0001399999999999,-0.00847,0.0,0.5413999999999999,0.0006999999999999,-3.0454,21.831,11.865,12.031,11.826,-543.03,50
2022-11-05 18:08:00,0.0,-2.504,0.0,13.738,0.00075,13.847,0.00578,0.12923,0.0,0.0,0.0,0.6316399999999999,0.00075,-3.1357,21.679,12.079,12.176,11.957,-479.78,50
2022-11-05 18:09:00,0.0,-2.5491,0.0,13.91,0.00066,13.846,0.0052199999999999,0.12711,-0.0001399999999999,-0.00636,0.0,0.6316399999999999,0.00066,-3.1808,21.494,12.278,12.355,12.158,-566.59,50
2022-11-05 18:10:00,0.0,-2.6845,0.0,13.969,0.0008099999999999,13.847,0.00634,0.12711,0.0,-0.0021199999999999,0.0,0.69932,0.0008099999999999,-3.3838,21.218,12.229,12.329,12.153,-151.18,50
2022-11-05 18:11:00,0.0,-2.5717,0.0,13.756,0.0006499999999999,13.846,0.00508,0.12711,-0.0005599999999999,0.00847,0.0,0.56396,0.00064,-3.1357,21.283,12.282,12.328,12.167,-568.01,50
2022-11-05 18:12:00,0.0,-2.5491,0.0,13.591,0.0006499999999999,13.847,0.00508,0.12711,0.0001399999999999,0.0021199999999999,0.0,0.5413999999999999,0.00064,-3.0905,21.246,12.322,12.331,12.171,-571.6,50
2022-11-05 18:13:00,0.0,-2.4815,0.0,13.488,0.0006999999999999,13.847,0.00508,0.13771,0.0,0.0021199999999999,0.0,0.4737299999999999,0.0006999999999999,-2.9552,21.18,12.29,12.267,12.097,-681.05,50
2022-11-05 18:14:00,0.0,-2.6619,0.0,13.454,0.00075,13.847,0.00578,0.12923,-0.0001399999999999,-0.00636,0.0,0.60908,0.00075,-3.271,21.113,12.167,12.12,11.941,-613.93,50
2022-11-05 18:15:00,0.0,-2.5717,0.0,13.325,0.00072,13.847,0.00564,0.12711,0.0,-0.0042399999999999,0.0,0.58652,0.00072,-3.1582,21.011,11.948,11.945,11.785,-671.14,50
2022-11-05 18:16:00,0.0,-2.5491,0.0,13.27,0.00072,13.848,0.00564,0.12711,-0.0001399999999999,0.0042399999999999,0.0,0.6542,0.00071,-3.2033,20.924,11.81,11.861,11.691,-497.14,50
2022-11-05 18:17:00,0.0,-2.504,0.0,13.507,0.0006999999999999,13.848,0.0054999999999999,0.12711,-0.0002799999999999,0.00847,0.0,0.56396,0.0006899999999999,-3.068,20.97,11.916,11.983,11.807,-682.67,50
2022-11-05 18:18:00,0.0,-2.5266,0.0,13.527,0.0008199999999999,13.849,0.00564,0.14618,0.0,0.0021199999999999,0.0,0.6316399999999999,0.00083,-3.1582,20.981,11.857,11.919,11.761,-771.84,50
2022-11-05 18:19:00,0.0,-2.5943,0.0,13.491,0.0009399999999999,13.849,0.00578,0.16313,0.0,-0.00636,0.0,0.5413999999999999,0.0009399999999999,-3.1357,20.982,11.794,11.863,11.686,-441.44,50
2022-11-05 18:20:00,0.0,-2.6394,0.0,13.424,0.0010499999999999,13.849,0.00634,0.16525,-0.0001399999999999,-0.0021199999999999,0.0,0.60908,0.0010499999999999,-3.2485,20.91,11.659,11.759,11.601,-566.3,50
2022-11-05 18:21:00,0.0,-2.5491,0.0,13.383,0.0008999999999999,13.849,0.0054999999999999,0.16313,0.0001399999999999,0.0042399999999999,0.0,0.60908,0.0008899999999999,-3.1582,20.896,11.594,11.735,11.551,-419.68,50
2022-11-05 18:22:00,0.0,-2.6168,0.0,13.344,0.0008999999999999,13.85,0.0059199999999999,0.15254,-0.00042,0.0021199999999999,0.0,0.56396,0.0008999999999999,-3.1808,20.921,11.523,11.683,11.503,-241.55,50
2022-11-05 18:23:00,0.0,-2.6394,0.0,13.294,0.00097,13.85,0.0059199999999999,0.16525,-0.00042,-0.0021199999999999,0.0,0.60908,0.00097,-3.2485,20.942,11.432,11.632,11.447,-328.26,50
2022-11-05 18:24:00,0.0,-2.504,-0.0008499999999999,13.208,0.00084,13.852,0.00578,0.1440599999999999,0.0,-0.0021199999999999,0.0,0.58652,0.00084,-3.0905,21.0,11.32,11.507,11.327,-313.34,50
2022-11-05 18:25:00,0.0,-2.5943,0.0,13.149,0.0008899999999999,13.851,0.0061999999999999,0.1440599999999999,0.0,-0.0021199999999999,0.0,0.58652,0.0008899999999999,-3.1808,20.943,11.134,11.36,11.169,-657.01,50
2022-11-05 18:26:00,0.0,-2.5717,0.0,13.072,0.00072,13.852,0.0054999999999999,0.1313499999999999,0.00042,0.0021199999999999,0.0,0.5413999999999999,0.0007299999999999,-3.1131,20.943,11.008,11.23,11.045,-788.69,50
2022-11-05 18:27:00,0.0,-2.5717,0.0,12.993,0.00075,13.852,0.00536,0.13982,-0.00042,0.0042399999999999,0.0,0.58652,0.0007399999999999,-3.1582,20.979,10.889,11.095,10.904,-244.66,50
2022-11-05 18:28:00,0.0,-2.5492,0.0,12.884,0.0008,13.853,0.0059199999999999,0.13347,0.0001399999999999,-0.00636,0.0,0.58652,0.00079,-3.1357,21.031,10.831,11.004,10.835,-536.51,50
2022-11-05 18:29:00,0.0,-2.5942,0.0,12.873,0.00079,13.852,0.0059199999999999,0.13347,-0.0001399999999999,-0.00847,0.0,0.60908,0.0007799999999999,-3.2033,21.009,10.866,11.001,10.829,-272.79,50
2022-11-05 18:30:00,0.0,-2.5717,0.0,12.969,0.0008099999999999,13.853,0.0061999999999999,0.1313499999999999,-0.0001399999999999,0.0021199999999999,0.0,0.69932,0.0008099999999999,-3.271,21.003,10.954,11.08,10.914,-226.21,50
2022-11-05 18:31:00,0.0,-2.6619,0.0,13.243,0.00084,13.854,0.00634,0.1313499999999999,-0.0001399999999999,-0.0021199999999999,0.0,0.6316399999999999,0.00084,-3.2935,20.923,11.214,11.327,11.152,-321.61,50
2022-11-05 18:32:00,0.0,-2.504,0.0,13.496,0.00076,13.855,0.00578,0.1313499999999999,0.0,-0.0021199999999999,0.0,0.60909,0.00076,-3.1131,20.809,11.423,11.496,11.296,-656.53,50
2022-11-05 18:33:00,0.0,-2.662,0.0,13.583,0.0008099999999999,13.855,0.00634,0.12711,0.0,0.0042399999999999,0.0,0.58653,0.0008099999999999,-3.2486,20.747,11.57,11.641,11.42,-441.92,50
2022-11-05 18:34:00,0.0,-2.4589,0.0,13.507,0.0006999999999999,13.855,0.0054999999999999,0.12712,0.0002799999999999,0.0021199999999999,0.0,0.4963,0.0006999999999999,-2.9552,20.671,11.568,11.6,11.355,-652.32,50
2022-11-05 18:35:00,0.0,-2.459,0.0,13.398,0.00066,13.855,0.0052199999999999,0.12712,0.0,0.00636,0.0,0.5188599999999999,0.00066,-2.9778,20.561,11.428,11.509,11.294,-780.19,50
2022-11-05 18:36:00,0.0,-2.617,0.0,13.329,0.00079,13.855,0.0061999999999999,0.12712,0.0,-0.0148299999999999,0.0,0.58654,0.00079,-3.2035,20.56,11.312,11.448,11.229,-487.84,50
2022-11-05 18:37:00,0.0,-2.4591,0.0,13.274,0.0006999999999999,13.855,0.0054999999999999,0.12712,0.0002799999999999,0.0042399999999999,0.0,0.54144,0.0006999999999999,-3.0005,20.58,11.235,11.419,11.179,-408.76,50
2022-11-05 18:38:00,0.0,-2.5944,0.0,13.243,0.00079,13.856,0.00606,0.1292399999999999,-0.00042,-0.0042399999999999,0.0,0.6091199999999999,0.0007799999999999,-3.2035,20.603,11.222,11.415,11.16,-371.32,50
2022-11-05 18:39:00,0.0,-2.5719,0.0,13.28,0.00079,13.857,0.0059199999999999,0.1334799999999999,0.0,-0.0021199999999999,0.0,0.564,0.00079,-3.1359,20.677,11.272,11.462,11.201,-555.84,50
2022-11-05 18:40:00,0.0,-2.6396,0.0,13.289,0.00083,13.857,0.0061999999999999,0.1334799999999999,0.0002799999999999,0.0021199999999999,0.0,0.58657,0.00084,-3.2261,20.734,11.258,11.443,11.193,-355.12,50
2022-11-05 18:41:00,0.0,-2.6621,0.0,13.293,0.0008,13.857,0.00606,0.13136,0.0,-0.01271,0.0,0.65426,0.0008,-3.3163,20.721,11.211,11.373,11.141,-231.63,50
2022-11-05 18:42:00,0.0,-2.6171,0.0,13.241,0.0008199999999999,13.857,0.0061999999999999,0.1334799999999999,0.0,-0.00847,0.0,0.65425,0.00083,-3.2713,20.67,11.095,11.335,11.093,-403.26,50
2022-11-05 18:43:00,0.0,-2.6171,0.0,13.203,0.00084,13.858,0.00649,0.1292399999999999,0.0002799999999999,-0.0021199999999999,0.0,0.6317,0.00084,-3.2488,20.673,11.043,11.269,11.008,-263.44,50
2022-11-05 18:44:00,0.0,-2.5268,0.0,13.138,0.0008199999999999,13.858,0.0061999999999999,0.13136,0.0002799999999999,-0.00636,0.0,0.47377,0.0008199999999999,-3.0006,20.706,10.907,11.151,10.906,-766.2799999999999,50
2022-11-05 18:45:00,0.0,-2.4591,0.0,13.069,0.0007399999999999,13.858,0.00564,0.13136,-0.0001399999999999,0.0021199999999999,0.0,0.54147,0.0007399999999999,-3.0006,20.696,10.84,11.114,10.898,-623.1,50
2022-11-05 18:46:00,0.0,-2.4817,0.0,13.097,0.00088,13.858,0.00649,0.1356,0.0001399999999999,-0.0042399999999999,0.0,0.4963299999999999,0.00088,-2.978,20.686,10.832,11.113,10.869,-764.38,50
2022-11-05 18:47:00,0.0,-2.5043,0.0,13.083,0.00087,13.859,0.00649,0.1334799999999999,0.0,-0.0021199999999999,0.0,0.4737899999999999,0.00087,-2.978,20.708,10.729,11.052,10.803,-581.81,50
2022-11-05 18:48:00,0.0,-2.5043,0.0,13.064,0.00091,13.86,0.00649,0.1398399999999999,-0.0001399999999999,-0.01271,0.0,0.5866,0.00091,-3.0909,20.727,10.714,11.057,10.798,-644.24,50
2022-11-05 18:49:00,0.0,-2.5721,0.0,13.003,0.0009799999999999,13.86,0.00719,0.13561,0.00042,-0.00636,0.0,0.6091699999999999,0.0009799999999999,-3.1813,20.755,10.644,10.98,10.729,-399.2,50
2022-11-05 18:50:00,0.0,-2.6849,0.0,12.917,0.0008899999999999,13.86,0.00691,0.12925,0.0002799999999999,0.0021199999999999,0.0,0.51892,0.0008999999999999,-3.2038,20.782,10.588,10.958,10.707,-271.37,50
2022-11-05 18:51:00,0.0,-2.7976,0.0,12.865,0.0008899999999999,13.86,0.00677,0.1313699999999999,0.0,-0.0042399999999999,0.0,0.65429,0.0008899999999999,-3.4519,20.815,10.569,10.908,10.658,-120.21,50
2022-11-05 18:52:00,0.0,-2.5946,0.0,12.881,0.0008599999999999,13.861,0.0063499999999999,0.13561,0.0,-0.0021199999999999,0.0,0.5640399999999999,0.0008599999999999,-3.1586,20.841,10.55,10.9,10.655,-456.52,50
2022-11-05 18:53:00,0.0,-2.5044,0.0,12.873,0.0008599999999999,13.861,0.0066299999999999,0.12925,-0.0001399999999999,0.01059,0.0,0.5414799999999999,0.0008499999999999,-3.0459,20.851,10.481,10.843,10.567,-254.43,50
2022-11-05 18:54:00,0.0,-2.6623,0.0,12.852,0.00097,13.861,0.0066299999999999,0.1462,0.0,-0.01059,0.0,0.7219999999999999,0.00097,-3.3843,20.859,10.427,10.782,10.517,-400.02,50
2022-11-05 18:55:00,0.0,-2.6172,0.0,12.801,0.0008899999999999,13.861,0.00649,0.1377299999999999,0.0,-0.0084799999999999,0.0,0.6542999999999999,0.0008899999999999,-3.2715,20.886,10.398,10.777,10.486,-270.91,50
2022-11-05 18:56:00,0.0,-2.6849,0.0,12.793,0.00091,13.861,0.00677,0.13349,-0.0002799999999999,-0.00636,0.0,0.56405,0.00091,-3.249,20.895,10.445,10.785,10.495,-450.66,50
2022-11-05 18:57:00,0.0,-2.6623,0.0,12.877,0.00096,13.861,0.00677,0.14197,0.0,-0.0084799999999999,0.0,0.63175,0.00096,-3.294,20.866,10.525,10.823,10.547,-465.98,50
2022-11-05 18:58:00,0.0,-2.4593,-0.0008499999999999,12.882,0.00091,13.863,0.0070499999999999,0.12925,0.0,0.0021199999999999,0.0,0.51893,0.00091,-2.9782,20.872,10.534,10.782,10.496,-415.79,50
2022-11-05 18:59:00,0.0,-2.6172,0.0,12.85,0.00087,13.863,0.0066299999999999,0.1313699999999999,-0.0002799999999999,-0.00636,0.0,0.60918,0.00087,-3.2264,20.854,10.497,10.71,10.381,-352.62,50
2022-11-05 19:00:00,0.0,-2.6173,0.0,12.798,0.0008599999999999,13.863,0.0066299999999999,0.12925,0.0001399999999999,0.0042399999999999,0.0,0.56405,0.0008599999999999,-3.1813,20.775,10.416,10.608,10.271,-607.94,50
2022-11-05 19:01:00,0.0,-2.6173,0.0,12.673,0.00084,13.863,0.0063499999999999,0.1313699999999999,0.0,-0.01059,0.0,0.58662,0.00084,-3.2039,20.735,10.355,10.528,10.214,-523.76,50
2022-11-05 19:02:00,0.0,-2.5496,0.0,12.608,0.0008599999999999,13.864,0.00677,0.1271299999999999,-0.0001399999999999,-0.0021199999999999,0.0,0.60918,0.0008599999999999,-3.1588,20.673,10.386,10.527,10.243,-313.38,50
2022-11-05 19:03:00,0.0,-2.5496,0.0,12.621,0.00079,13.864,0.0061999999999999,0.1271299999999999,0.0001399999999999,-0.0021199999999999,0.0,0.58662,0.00079,-3.1362,20.636,10.43,10.582,10.301,-399.86,50
2022-11-05 19:04:00,0.0,-2.5947,0.0,12.624,0.0008599999999999,13.865,0.00691,0.1250199999999999,0.0,-0.00636,0.0,0.60918,0.0008599999999999,-3.2039,20.55,10.352,10.52,10.233,-542.54,50
2022-11-05 19:05:00,0.0,-2.4142,0.0,12.596,0.00084,13.864,0.0066299999999999,0.1271299999999999,-0.00042,0.00636,0.0,0.5414999999999999,0.00084,-2.9557,20.511,10.354,10.506,10.233,-458.46,50
2022-11-05 19:06:00,0.0,-2.4368,0.0,12.589,0.0008599999999999,13.864,0.00677,0.1271299999999999,-0.0001399999999999,0.01059,0.0,0.54149,0.0008599999999999,-2.9783,20.494,10.339,10.476,10.201,-721.45,50
2022-11-05 19:07:00,0.0,-2.6849,0.0,12.739,0.00084,13.865,0.0066299999999999,0.1271299999999999,-0.0001399999999999,-0.0042399999999999,0.0,0.69943,0.00084,-3.3843,20.468,10.462,10.554,10.261,-557.43,50
2022-11-05 19:08:00,0.0,-2.6173,0.0,12.81,0.0008599999999999,13.864,0.00677,0.1271299999999999,0.0,-0.0148299999999999,0.0,0.6768699999999999,0.0008599999999999,-3.2941,20.442,10.541,10.619,10.327,-421.77,50
2022-11-05 19:09:00,0.0,-2.4368,0.0,12.993,0.00079,13.864,0.0061999999999999,0.1271299999999999,-0.0001399999999999,0.00636,0.0,0.51893,0.00079,-2.9557,20.392,10.751,10.781,10.488,-478.19,50
2022-11-05 19:10:00,0.0,-2.4593,0.0,13.011,0.0008599999999999,13.865,0.00691,0.1250199999999999,-0.0005599999999999,0.0042399999999999,0.0,0.5414999999999999,0.0008599999999999,-3.0008,20.337,10.729,10.788,10.535,-538.07,50
2022-11-05 19:11:00,0.0,-2.527,0.0,12.99,0.00095,13.864,0.0076099999999999,0.1250199999999999,-0.0008499999999999,0.00636,0.0,0.5414999999999999,0.0009399999999999,-3.0685,20.243,10.744,10.864,10.599,-713.09,50
2022-11-05 19:12:00,0.0,-2.7075,0.0,13.04,0.0008,13.865,0.00649,0.1229,-0.00042,0.0021199999999999,0.0,0.5414999999999999,0.0008,-3.249,20.232,10.783,10.912,10.626,-650.95,50
2022-11-05 19:13:00,0.0,-2.5947,0.0,13.002,0.00079,13.865,0.0063499999999999,0.1250199999999999,-0.0001399999999999,-0.0021199999999999,0.0,0.58662,0.0008,-3.1813,20.22,10.788,10.923,10.633,-641.31,50
2022-11-05 19:14:00,0.0,-2.6624,0.0,13.142,0.0008599999999999,13.865,0.00677,0.1271299999999999,0.0,-0.0042399999999999,0.0,0.58662,0.0008599999999999,-3.249,20.213,10.88,11.019,10.702,-453.84,50
2022-11-05 19:15:00,0.0,-2.6398,0.0,13.101,0.0008099999999999,13.866,0.00649,0.1250199999999999,-0.0001399999999999,0.0021199999999999,0.0,0.56406,0.0008099999999999,-3.2039,20.187,10.82,10.948,10.681,-386.44,50
2022-11-05 19:16:00,0.0,-2.5721,0.0,13.007,0.00083,13.867,0.0066299999999999,0.1250199999999999,0.0,-0.0042399999999999,0.0,0.58662,0.00083,-3.1588,20.177,10.745,10.853,10.581,-439.26,50
2022-11-05 19:17:00,0.0,-2.5721,0.0,13.011,0.00083,13.867,0.00677,0.1229,0.0,-0.00636,0.0,0.60918,0.00083,-3.1813,20.173,10.811,10.89,10.587,-601.96,50
2022-11-05 19:18:00,0.0,-2.5721,0.0,13.117,0.00092,13.866,0.0073299999999999,0.1250199999999999,0.0,0.0,0.0,0.63175,0.00092,-3.2039,20.143,10.926,11.05,10.787,-279.78,50
2022-11-05 19:19:00,0.0,-2.6398,0.0,13.26,0.0008099999999999,13.867,0.00649,0.1250199999999999,0.0,0.0,0.0,0.60918,0.0008099999999999,-3.249,20.096,10.971,11.111,10.867,-619.52,50
2022-11-05 19:20:00,0.0,-2.4819,0.0,13.234,0.00071,13.866,0.00578,0.1229,0.0001399999999999,0.00636,0.0,0.56406,0.00071,-3.0459,20.059,10.902,11.051,10.813,-659.85,50
2022-11-05 19:21:00,0.0,-2.5496,0.0,13.22,0.0008499999999999,13.867,0.00677,0.1250199999999999,-0.0001399999999999,-0.0042399999999999,0.0,0.69943,0.00084,-3.249,20.038,10.96,11.095,10.847,-491.52,50
2022-11-05 19:22:00,0.0,-2.5044,0.0,13.159,0.0007699999999999,13.867,0.0063499999999999,0.12078,-0.0001399999999999,-0.0042399999999999,0.0,0.5414999999999999,0.0007699999999999,-3.0459,19.983,10.94,11.138,10.874,-653.73,50
2022-11-05 19:23:00,0.0,-2.6398,0.0,13.147,0.00079,13.868,0.00677,0.11654,-0.0001399999999999,-0.01695,0.0,0.78969,0.00079,-3.4295,19.977,10.951,11.161,10.903,-236.96,50
2022-11-05 19:24:00,0.0,-2.527,0.0,13.07,0.00079,13.868,0.0070499999999999,0.1123,-0.0002799999999999,-0.0042399999999999,0.0,0.56406,0.00079,-3.0911,19.951,10.842,11.089,10.845,-293.16,50
2022-11-05 19:25:00,0.0,-2.5721,0.0,13.014,0.00076,13.868,0.00677,0.1123,0.0,-0.00636,0.0,0.58662,0.00076,-3.1588,19.956,10.79,11.056,10.816,-393.83,50
2022-11-05 19:26:00,0.0,-2.7075,0.0,12.99,0.00075,13.868,0.00691,0.10806,-0.0001399999999999,0.0084799999999999,0.0,0.58662,0.00075,-3.2941,19.963,10.739,11.022,10.772,-489.42,50
2022-11-05 19:27:00,0.0,-2.6398,0.0,13.066,0.0006999999999999,13.868,0.00677,0.10383,-0.0001399999999999,-0.0084799999999999,0.0,0.65431,0.0006999999999999,-3.2941,19.997,10.755,11.044,10.762,-130.31,50
2022-11-05 19:28:00,0.0,-2.5947,0.0,13.065,0.0006999999999999,13.869,0.0070499999999999,0.0995899999999999,-0.00042,-0.0021199999999999,0.0,0.60918,0.0006999999999999,-3.2039,20.042,10.714,10.975,10.73,-562.91,50
2022-11-05 19:29:00,0.0,-2.5044,0.0,12.977,0.0005999999999999,13.87,0.00691,0.0868799999999999,0.0,-0.0042399999999999,0.0,0.60918,0.0005999999999999,-3.1136,20.022,10.642,10.92,10.657,-504.8,50
2022-11-05 19:30:00,0.0,-2.5721,0.0,12.916,0.00059,13.87,0.0073299999999999,0.0805199999999999,-0.0001399999999999,-0.0042399999999999,0.0,0.63175,0.00058,-3.2039,19.967,10.611,10.844,10.59,-574.73,50
2022-11-05 19:31:00,0.0,-2.5721,0.0,12.901,0.0005599999999999,13.87,0.00719,0.0783999999999999,0.0,-0.0042399999999999,0.0,0.58662,0.0005599999999999,-3.1588,19.939,10.597,10.793,10.551,-547.49,50
2022-11-05 19:32:00,0.0,-2.5947,0.0,13.056,0.0005599999999999,13.87,0.00691,0.0805199999999999,-0.0001399999999999,-0.00636,0.0,0.5414999999999999,0.0005599999999999,-3.1362,19.907,10.662,10.84,10.614,-725.34,50
2022-11-05 19:33:00,0.0,-2.5721,0.0,13.325,0.00055,13.871,0.00719,0.07628,-0.0002799999999999,0.0042399999999999,0.0,0.56406,0.00055,-3.1362,19.87,10.835,10.96,10.683,-549.83,50
2022-11-05 19:34:00,0.0,-2.5721,0.0,13.439,0.0005599999999999,13.87,0.0073299999999999,0.07628,-0.0002799999999999,-0.0021199999999999,0.0,0.58662,0.0005599999999999,-3.1588,19.857,11.126,11.314,11.034,-423.12,50
2022-11-05 19:35:00,0.0,-2.5947,0.0,13.759,0.00054,13.87,0.00691,0.0783999999999999,0.0,-0.0021199999999999,0.0,0.60919,0.00054,-3.2039,19.803,11.396,11.545,11.336,-342.74,50
2022-11-05 19:36:00,0.0,-2.5721,0.0,13.642,0.00054,13.87,0.0070499999999999,0.07628,0.0,-0.00636,0.0,0.5414999999999999,0.00054,-3.1136,19.752,11.342,11.469,11.292,-759.49,50
2022-11-05 19:37:00,0.0,-2.5044,0.0,13.565,0.00054,13.87,0.0070499999999999,0.07628,0.0001399999999999,-0.0042399999999999,0.0,0.51893,0.00054,-3.0234,19.694,11.344,11.429,11.21,-713.34,50
2022-11-05 19:38:00,0.0,-2.4593,0.0,13.494,0.00054,13.871,0.0070499999999999,0.07628,-0.0001399999999999,0.0021199999999999,0.0,0.51893,0.00054,-2.9783,19.634,11.202,11.308,11.121,-787.87,50
2022-11-05 19:39:00,0.0,-2.4593,-0.0008499999999999,13.423,0.0005599999999999,13.872,0.0073299999999999,0.07628,0.0,0.00636,0.0,0.51893,0.0005599999999999,-2.9783,19.621,11.149,11.208,10.972,-699.21,50
2022-11-05 19:40:00,0.0,-2.5721,0.0,13.35,0.00058,13.872,0.0076099999999999,0.07628,0.0,-0.0084799999999999,0.0,0.63175,0.00058,-3.2039,19.611,11.053,11.146,10.906,-431.61,50
2022-11-05 19:41:00,0.0,-2.5044,0.0,13.191,0.0005199999999999,13.873,0.00677,0.07628,0.0,-0.01695,0.0,0.69943,0.0005199999999999,-3.2039,19.626,11.022,11.139,10.878,-554.66,50
2022-11-05 19:42:00,0.0,-2.527,0.0,13.05,0.0005999999999999,13.873,0.0079,0.07628,-0.00042,0.0148299999999999,0.0,0.5414999999999999,0.0005999999999999,-3.0685,19.628,10.966,11.121,10.862,-181.5,50
2022-11-05 19:43:00,0.0,-2.8203,0.0,13.041,0.0006099999999999,13.872,0.0081799999999999,0.07416,-0.0005599999999999,0.0084799999999999,0.0,0.5414999999999999,0.0005999999999999,-3.3618,19.608,11.056,11.252,11.003,-488.62,50
2022-11-05 19:44:00,0.0,-2.5044,0.0,13.175,0.00062,13.873,0.0081799999999999,0.07628,-0.00071,0.01271,0.0,0.5414999999999999,0.00062,-3.0459,19.543,11.144,11.337,11.032,-571.78,50
2022-11-05 19:45:00,0.0,-2.6624,0.0,13.275,0.0005299999999999,13.873,0.00719,0.07416,0.0,-0.0148299999999999,0.0,0.74456,0.0005299999999999,-3.4069,19.47,11.115,11.211,10.903,-510.69,50
2022-11-05 19:46:00,0.0,-3.0008,0.0,13.184,0.00046,13.873,0.00677,0.0677999999999999,-0.0002799999999999,-0.0084799999999999,0.0,0.5414999999999999,0.00046,-3.5423,19.43,10.892,11.011,10.746,-269.59,50
2022-11-05 19:47:00,0.0,-2.9557,0.0,13.078,0.00051,13.873,0.00691,0.07416,-0.00071,-0.0021199999999999,0.0,0.5414999999999999,0.00051,-3.4972,19.468,10.753,10.843,10.583,-496.81,50
2022-11-05 19:48:00,0.0,-2.7526,0.0,13.062,0.00059,13.874,0.00747,0.0783999999999999,-0.0001399999999999,0.0084799999999999,0.0,0.5414999999999999,0.00059,-3.2941,19.486,10.765,10.902,10.606,-274.5,50
2022-11-05 19:49:00,0.0,-2.4593,0.0,13.123,0.00062,13.875,0.0081799999999999,0.07628,0.0,0.0,0.0,0.54151,0.00062,-3.0008,19.482,10.792,10.999,10.682,-565.01,50
2022-11-05 19:50:00,0.0,-2.4819,0.0,12.972,0.00067,13.875,0.0070499999999999,0.09535,0.0,-0.01271,0.0,0.6768899999999999,0.00067,-3.1588,19.495,10.808,11.089,10.782,-475.63,50
2022-11-05 19:51:00,0.0,-2.685,0.0,12.867,0.0007799999999999,13.875,0.00719,0.10806,0.0,-0.0084799999999999,0.0,0.60919,0.0007799999999999,-3.2941,19.442,10.848,11.115,10.846,-338.24,50
2022-11-05 19:52:00,0.0,-2.6625,0.0,12.957,0.00087,13.875,0.00747,0.11654,0.0,0.0021199999999999,0.0,0.54151,0.00087,-3.204,19.388,10.906,11.19,10.917,-320.3,50
2022-11-05 19:53:00,0.0,-2.5947,0.0,13.008,0.00079,13.875,0.00691,0.11443,0.0,0.0021199999999999,0.0,0.60921,0.00079,-3.2039,19.343,10.956,11.238,11.016,-426.42,50
2022-11-05 19:54:00,0.0,-2.482,0.0,13.217,0.0007399999999999,13.876,0.00846,0.0868799999999999,-0.0005599999999999,0.01271,0.0,0.54152,0.0007299999999999,-3.0235,19.296,11.079,11.393,11.207,-413.06,50
2022-11-05 19:55:00,0.0,-2.4594,0.0,13.244,0.0008499999999999,13.876,0.0079,0.10807,-0.0001399999999999,0.0084799999999999,0.0,0.5415299999999998,0.0008499999999999,-3.0009,19.248,11.037,11.281,11.096,-686.33,50
2022-11-05 19:56:00,0.0,-2.5497,0.0,13.25,0.0008,13.876,0.00719,0.11019,0.0,-0.0042399999999999,0.0,0.49639,0.0008,-3.046,19.272,10.995,11.147,10.948,-880.2999999999998,50
2022-11-05 19:57:00,0.0,-2.5948,0.0,13.149,0.00071,13.876,0.00719,0.0995899999999999,0.0,-0.0042399999999999,0.0,0.4287099999999999,0.00071,-3.0235,19.354,10.984,11.059,10.884,-762.84,50
2022-11-05 19:58:00,0.0,-2.482,0.0,13.095,0.00079,13.878,0.00846,0.09324,0.0002799999999999,0.0,0.0,0.51897,0.00079,-3.001,19.416,10.951,10.984,10.773,-723.6699999999998,50
2022-11-05 19:59:00,0.0,-2.7753,0.0,13.038,0.00071,13.878,0.00804,0.0889999999999999,-0.0002799999999999,0.0,0.0,0.54154,0.00072,-3.3168,19.433,10.865,10.842,10.608,-325.46,50
2022-11-05 20:00:00,0.0,-2.5272,0.0,12.972,0.00064,13.878,0.0081799999999999,0.0784099999999999,0.0002799999999999,0.0,0.0,0.45128,0.00064,-2.9785,19.446,10.704,10.662,10.437,-768.5,50
2022-11-05 20:01:00,0.0,-2.7302,0.0,12.886,0.00063,13.877,0.00762,0.08264,-0.0002799999999999,0.0,0.0,0.6317899999999999,0.00062,-3.362,19.441,10.447,10.471,10.258,-375.58,50
2022-11-05 20:02:00,0.0,-2.5949,0.0,12.772,0.0007399999999999,13.878,0.00762,0.0974799999999999,0.0,-0.00636,0.0,0.65436,0.0007399999999999,-3.2493,19.443,10.276,10.329,10.126,-341.37,50
2022-11-05 20:03:00,0.0,-2.5272,0.0,12.795,0.00068,13.879,0.0079,0.0868799999999999,0.0,0.0,0.0,0.4964199999999999,0.00068,-3.0236,19.477,10.275,10.406,10.174,-555.53,50
2022-11-05 20:04:00,0.0,-2.4821,0.0,12.863,0.0006099999999999,13.879,0.0073299999999999,0.08264,0.0,0.0,0.0,0.51898,0.0006099999999999,-3.0011,19.504,10.275,10.455,10.146,-523.43,50
2022-11-05 20:05:00,0.0,-2.4822,0.0,12.903,0.00066,13.879,0.00762,0.0868799999999999,0.0,-0.0042399999999999,0.0,0.56411,0.00066,-3.0463,19.525,10.189,10.407,10.114,-467.71,50
2022-11-05 20:06:00,0.0,-2.4822,0.0,12.866,0.00064,13.88,0.00804,0.08053,-0.00042,0.00636,0.0,0.51899,0.00064,-3.0012,19.565,10.051,10.281,9.984800000000002,-380.87,50
2022-11-05 20:07:00,0.0,-2.7078,0.0,12.703,0.0005199999999999,13.88,0.0081799999999999,0.06357,-0.00042,0.01271,0.0,0.54156,0.00051,-3.2494,19.58,9.9387,10.142,9.848,-656.05,50
2022-11-05 20:08:00,0.0,-2.6627,0.0,12.538,0.0006099999999999,13.881,0.00804,0.0762899999999999,-0.0002799999999999,-0.0042399999999999,0.0,0.67696,0.0006099999999999,-3.3396,19.565,9.841,9.9883,9.7309,-498.6,50
2022-11-05 20:09:00,0.0,-2.5048,0.0,12.385,0.00058,13.88,0.00719,0.08053,0.0,-0.0084799999999999,0.0,0.5867,0.00058,-3.0915,19.538,9.7112,9.8424,9.5409,-397.68,50
2022-11-05 20:10:00,0.0,-2.595,0.0,12.3,0.00066,13.881,0.00804,0.08265,-0.0002799999999999,-0.00636,0.0,0.69954,0.00066,-3.2945,19.516,9.6477,9.7566,9.4865,-561.54,50
2022-11-05 20:11:00,0.0,-2.4596,0.0,12.348,0.0006899999999999,13.881,0.0074799999999999,0.09113,0.0001399999999999,-0.0042399999999999,0.0,0.54158,0.0006899999999999,-3.0012,19.478,9.7693,9.831,9.5526,-534.08,50
2022-11-05 20:12:00,0.0,-2.6176,0.0,12.485,0.00124,13.881,0.00776,0.1631799999999999,-0.00042,-0.00636,0.0,0.65441,0.00123,-3.272,19.443,9.680700000000002,9.7291,9.4617,-457.32,50
2022-11-05 20:13:00,0.0,-2.6176,0.0,12.563,0.00125,13.881,0.00677,0.18437,0.0,-0.01271,0.0,0.7220999999999999,0.00125,-3.3397,19.415,9.7547,9.7751,9.482500000000002,-233.69,50
2022-11-05 20:14:00,0.0,-2.4823,0.0,12.613,0.00114,13.882,0.0079,0.1441099999999999,-0.0002799999999999,0.0084799999999999,0.0,0.54158,0.00114,-3.0238,19.373,9.7155,9.7648,9.488600000000002,-453.38,50
2022-11-05 20:15:00,0.0,-2.7756,0.0,12.655,0.0012999999999999,13.882,0.0079,0.1653,-0.0001399999999999,-0.0021199999999999,0.0,0.69954,0.0012899999999999,-3.4751,19.358,9.6794,9.8114,9.5169,-249.0,50
2022-11-05 20:16:00,0.0,-2.5951,0.0,12.619,0.00176,13.881,0.00719,0.2437199999999999,0.0,-0.0106,0.0,0.54158,0.00176,-3.1367,19.37,9.5735,9.7639,9.4262,-373.52,50
2022-11-05 20:17:00,0.0,-2.6176,0.0,12.51,0.00264,13.881,0.0073299999999999,0.3623899999999999,0.0,-0.01695,0.0,0.69954,0.00264,-3.3171,19.379,9.3917,9.5921,9.229,-537.86,50
2022-11-05 20:18:00,0.0,-2.7531,0.0,12.4,0.0032599999999999,13.882,0.0070499999999999,0.46199,-0.0001399999999999,-0.0106,0.0,0.65442,0.0032599999999999,-3.4075,19.4,9.2358,9.490900000000002,9.1189,-482.61,50
2022-11-05 20:19:00,0.0,-2.6854,0.0,12.294,0.00365,13.882,0.0079,0.46411,0.0,0.0042399999999999,0.0,0.58672,0.00365,-3.2721,19.406,9.0827,9.3348,8.970499999999998,-485.53,50
2022-11-05 20:20:00,0.0,-2.4597,0.0,12.2,0.0032599999999999,13.881,0.00846,0.3856999999999999,-0.0001399999999999,0.0042399999999999,0.0,0.54159,0.0032599999999999,-3.0013,19.401,8.9258,9.1718,8.831799999999998,-704.56,50
2022-11-05 20:21:00,0.0,-2.5951,0.0,12.14,0.00332,13.882,0.00804,0.41537,0.0001399999999999,-0.0042399999999999,0.0,0.60929,0.00332,-3.2044,19.41,8.784,9.0722,8.727,-373.56,50
2022-11-05 20:22:00,0.0,-2.6177,0.0,12.036,0.0033899999999999,13.883,0.00719,0.47047,-0.0001399999999999,0.0021199999999999,0.0,0.63185,0.00338,-3.2495,19.435,8.6378,8.9405,8.5679,-243.01,50
2022-11-05 20:23:00,0.0,-2.6403,0.0,11.956,0.0036099999999999,13.883,0.0074799999999999,0.48319,-0.0002799999999999,-0.0084799999999999,0.0,0.67698,0.0035999999999999,-3.3172,19.462,8.413299999999998,8.724299999999998,8.337099999999998,-379.49,50
2022-11-05 20:24:00,0.0,-2.4597,0.0,11.853,0.00402,13.884,0.0083199999999999,0.48319,0.0002799999999999,0.0,0.0,0.51902,0.00402,-2.9788,19.489,8.298299999999998,8.534,8.1528,-510.97,50
2022-11-05 20:25:00,0.0,-2.4372,0.0,11.729,0.0041099999999999,13.883,0.00846,0.48531,0.0,0.0,0.0,0.54159,0.0041099999999999,-2.9788,19.51,8.2435,8.4321,8.044,-954.61,50
2022-11-05 20:26:00,0.0,-2.5726,0.0,11.668,0.00347,13.884,0.0070499999999999,0.4916599999999999,0.0,-0.01272,0.0,0.63185,0.00347,-3.2044,19.494,8.0919,8.2763,7.9223,-530.41,50
2022-11-05 20:27:00,0.0,-2.6403,0.0,11.577,0.00352,13.883,0.00719,0.4895399999999999,0.0,-0.0084799999999999,0.0,0.65442,0.00352,-3.2946,19.495,7.9684,8.1729,7.8451,-292.1,50
2022-11-05 20:28:00,0.0,-2.5726,0.0,11.493,0.00398,13.884,0.0081799999999999,0.4874299999999999,-0.00042,0.0084799999999999,0.0,0.51902,0.00398,-3.0916,19.516,7.8204,8.0225,7.6867,-496.52,50
2022-11-05 20:29:00,0.0,-2.5726,0.0,11.423,0.0038999999999999,13.883,0.0079,0.49378,-0.0001399999999999,0.0042399999999999,0.0,0.56415,0.0038999999999999,-3.1367,19.554,7.668999999999999,7.8884,7.583199999999999,-483.44,50
2022-11-05 20:30:00,0.0,-2.4597,0.0,11.354,0.00381,13.885,0.00776,0.4916599999999999,0.0001399999999999,-0.0021199999999999,0.0,0.51902,0.00381,-2.9788,19.584,7.6056,7.8127,7.4966,-639.49,50
2022-11-05 20:31:00,0.0,-2.5726,0.0,11.274,0.0041799999999999,13.884,0.00846,0.49378,-0.00127,0.01272,0.0,0.54158,0.0041599999999999,-3.1142,19.602,7.4661,7.6787,7.3268,-389.84,50
2022-11-05 20:32:00,0.0,-2.6628,0.0,11.189,0.0039199999999999,13.885,0.00804,0.4874299999999999,-0.0005599999999999,0.0042399999999999,0.0,0.56415,0.00391,-3.227,19.62,7.4414,7.5932,7.2957,-498.24,50
2022-11-05 20:33:00,0.0,-2.8434,0.0,11.169,0.00402,13.884,0.00846,0.47471,-0.00042,0.0084799999999999,0.0,0.54159,0.0040099999999999,-3.3849,19.629,7.4713,7.6151,7.3189,-293.12,50
2022-11-05 20:34:00,0.0,-2.6403,0.0,11.236,0.0034299999999999,13.885,0.00762,0.44928,0.0,-0.00636,0.0,0.63185,0.0034299999999999,-3.2721,19.628,7.4565,7.525,7.2278,-445.23,50
2022-11-05 20:35:00,0.0,-2.5951,0.0,11.191,0.0034299999999999,13.884,0.00776,0.4429199999999999,-0.0002799999999999,-0.0042399999999999,0.0,0.58672,0.0034299999999999,-3.1819,19.635,7.3834,7.4801,7.1993,-554.47,50
2022-11-05 20:36:00,0.0,-2.5726,0.0,11.135,0.00313,13.885,0.0074799999999999,0.4196099999999999,0.0,-0.0021199999999999,0.0,0.49645,0.00313,-3.069,19.643,7.323,7.4283,7.1485,-525.15,50
2022-11-05 20:37:00,0.0,-2.6177,0.0,11.093,0.00332,13.884,0.00762,0.43656,0.0,-0.00636,0.0,0.60929,0.00332,-3.227,19.661,7.2561,7.3693,7.1092,-577.05,50
2022-11-05 20:38:00,0.0,-2.6854,0.0,11.104,0.00388,13.885,0.00804,0.48319,-0.0001399999999999,-0.0021199999999999,0.0,0.4738899999999999,0.00388,-3.1593,19.682,7.231,7.3707,7.1513,-473.49,50
2022-11-05 20:39:00,0.0,-2.55,0.0,11.079,0.0038,13.884,0.0079,0.48107,-0.0002799999999999,0.0,0.0,0.54159,0.00379,-3.0916,19.701,7.2097,7.4027,7.1337,-513.69,50
2022-11-05 20:40:00,0.0,-2.5951,0.0,11.06,0.00383,13.884,0.0079,0.48531,-0.0001399999999999,-0.0042399999999999,0.0,0.56415,0.00383,-3.1593,19.723,7.206299999999999,7.5046,7.2173,-250.02,50
2022-11-05 20:41:00,0.0,-2.6177,0.0,11.11,0.0037299999999999,13.885,0.00776,0.48107,0.0,-0.0042399999999999,0.0,0.56415,0.0037299999999999,-3.1819,19.735,7.3059,7.5476,7.23,-381.43,50
2022-11-05 20:42:00,0.0,-2.6628,0.0,11.092,0.00382,13.885,0.0079,0.48319,-0.0001399999999999,-0.0021199999999999,0.0,0.63185,0.00382,-3.2946,19.742,7.2396,7.488699999999999,7.1241,-480.78,50
2022-11-05 20:43:00,0.0,-2.6403,0.0,11.021,0.00369,13.885,0.00762,0.48531,0.0,0.0021199999999999,0.0,0.54159,0.00369,-3.1819,19.749,7.1226,7.363699999999999,7.0011,-479.27,50
2022-11-05 20:44:00,0.0,-2.6177,0.0,10.981,0.00382,13.886,0.0079,0.48319,0.0,0.0,0.0,0.63185,0.00382,-3.2496,19.762,7.029,7.2624,6.8646,-551.86,50
2022-11-05 20:45:00,0.0,-2.5951,0.0,10.931,0.0037499999999999,13.884,0.00776,0.48319,-0.00042,-0.0042399999999999,0.0,0.58672,0.0037399999999999,-3.1819,19.756,6.9223,7.1836,6.7953,-417.61,50
2022-11-05 20:46:00,0.0,-2.55,0.0,10.861,0.0035599999999999,13.885,0.0073299999999999,0.48531,0.0,-0.0021199999999999,0.0,0.65442,0.0035599999999999,-3.2044,19.742,6.8994,7.1614,6.7005,-252.27,50
2022-11-05 20:47:00,0.0,-2.55,0.0,10.775,0.00363,13.884,0.0074799999999999,0.48531,-0.0002799999999999,0.0042399999999999,0.0,0.51902,0.00362,-3.069,19.741,6.8248,7.1039,6.6008,-266.55,50
2022-11-05 20:48:00,0.0,-2.6628,0.0,10.701,0.0037,13.885,0.00762,0.48531,-0.0001399999999999,-0.0042399999999999,0.0,0.60929,0.00369,-3.2721,19.74,6.774,7.0613,6.5134,-455.03,50
2022-11-05 20:49:00,0.0,-2.6177,0.0,10.617,0.00383,13.884,0.0079,0.48531,-0.0001399999999999,-0.0021199999999999,0.0,0.60929,0.00383,-3.227,19.742,6.7723,7.0532,6.4676,-199.55,50
2022-11-05 20:50:00,0.0,-2.55,0.0,10.601,0.00354,13.885,0.0073299999999999,0.48319,0.0,-0.0021199999999999,0.0,0.51902,0.00354,-3.069,19.743,6.7218,7.0368,6.4704,-410.72,50
2022-11-05 20:51:00,0.0,-2.6177,0.0,10.442,0.00387,13.885,0.00804,0.48107,0.0,0.0021199999999999,0.0,0.54159,0.00387,-3.1593,19.736,6.6228,6.9182,6.3721,-287.52,50
2022-11-05 20:52:00,0.0,-2.5951,0.0,10.338,0.0037799999999999,13.884,0.0079,0.4789499999999999,0.0,-0.0021199999999999,0.0,0.56415,0.0037799999999999,-3.1593,19.736,6.5846,6.8168,6.2779,-296.93,50
2022-11-05 20:53:00,0.0,-2.5726,0.0,10.265,0.00385,13.884,0.00804,0.4789499999999999,-0.0001399999999999,-0.0021199999999999,0.0,0.56415,0.00385,-3.1367,19.74,6.5267,6.7293,6.224,-244.0,50
2022-11-05 20:54:00,0.0,-2.4823,0.0,10.211,0.00367,13.884,0.00762,0.48107,0.0001399999999999,0.0,0.0,0.49645,0.00367,-2.9788,19.753,6.5093,6.6732,6.2097,-954.98,50
2022-11-05 20:55:00,0.0,-2.6403,0.0,10.304,0.00353,13.883,0.0073299999999999,0.48107,0.0,-0.0106,0.0,0.65442,0.00353,-3.2946,19.761,6.5305,6.6977,6.2142,-242.5,50
2022-11-05 20:56:00,0.0,-2.5726,0.0,10.365,0.00353,13.883,0.0073299999999999,0.48107,0.0,-0.0084799999999999,0.0,0.54159,0.00353,-3.1142,19.766,6.4836,6.6833,6.2156,-635.45,50
2022-11-05 20:57:00,0.0,-2.5274,0.0,10.288,0.00355,13.883,0.0074799999999999,0.47471,0.0,-0.0042399999999999,0.0,0.51902,0.00355,-3.0465,19.769,6.4521,6.6977,6.2317,-415.58,50
2022-11-05 20:58:00,0.0,-2.55,0.0,10.265,0.00333,13.882,0.0070499999999999,0.47259,0.0,-0.0021199999999999,0.0,0.54159,0.00333,-3.0916,19.778,6.4406,6.7492,6.3057,-552.12,50
2022-11-05 20:59:00,0.0,-2.6177,0.0,10.232,0.0035699999999999,13.882,0.00762,0.4683499999999999,-0.0001399999999999,-0.0042399999999999,0.0,0.63185,0.0035599999999999,-3.2496,19.779,6.4173,6.664,6.2631,-286.1,50
2022-11-05 21:00:00,0.0,-2.6403,0.0,10.221,0.00338,13.882,0.00719,0.47047,0.0,-0.0042399999999999,0.0,0.60929,0.00338,-3.2496,19.783,6.3418,6.6325,6.2108,-414.22,50
2022-11-05 21:01:00,0.0,-2.6177,0.0,10.332,0.0034099999999999,13.882,0.00719,0.47471,0.0,0.0,0.0,0.58672,0.0034099999999999,-3.2044,19.794,6.4282,6.7057,6.2536,-397.37,50
2022-11-05 21:02:00,0.0,-2.6403,0.0,10.357,0.0035,13.882,0.0074799999999999,0.4683499999999999,0.0,-0.0021199999999999,0.0,0.54159,0.0035,-3.1819,19.792,6.409,6.6855,6.2481,-532.78,50
2022-11-05 21:03:00,0.0,-2.5726,0.0,10.349,0.00362,13.882,0.00776,0.4662299999999999,0.0,0.0,0.0,0.58672,0.00362,-3.1593,19.798,6.3324,6.6592,6.2226,-577.73,50
2022-11-05 21:04:00,0.0,-2.6628,0.0,10.304,0.0035699999999999,13.883,0.00762,0.4683499999999999,-0.0002799999999999,-0.0042399999999999,0.0,0.49645,0.0035699999999999,-3.1593,19.803,6.2413,6.608,6.1365,-812.1,50
2022-11-05 21:05:00,0.0,-2.6177,0.0,10.233,0.00369,13.882,0.00776,0.4768299999999999,-0.0001399999999999,0.0021199999999999,0.0,0.63185,0.00369,-3.2496,19.789,6.1997,6.611,6.1374,-507.25,50
2022-11-05 21:06:00,0.0,-2.5726,0.0,10.188,0.0034099999999999,13.882,0.0070499999999999,0.48319,-0.0001399999999999,0.0,0.0,0.45132,0.0034099999999999,-3.0239,19.793,6.1688,6.6109,6.0829,-755.5599999999998,50
2022-11-05 21:07:00,0.0,-2.6628,0.0,10.169,0.00383,13.881,0.0079,0.48531,-0.0008499999999999,0.0021199999999999,0.0,0.60929,0.00382,-3.2721,19.796,6.2113,6.663,6.1444,-601.65,50
2022-11-05 21:08:00,0.0,-2.5726,0.0,10.182,0.00368,13.881,0.00762,0.48319,-0.0001399999999999,-0.0021199999999999,0.0,0.4738899999999999,0.00368,-3.0465,19.802,6.2585,6.6408,6.1251,-680.51,50
2022-11-05 21:09:00,0.0,-2.5726,0.0,10.212,0.0041099999999999,13.882,0.00846,0.48531,-0.00071,0.01907,0.0,0.54159,0.0041,-3.1142,19.802,6.1987,6.6141,6.0523,-367.26,50
2022-11-05 21:10:00,0.0,-2.7757,0.0,10.223,0.0034399999999999,13.88,0.0070499999999999,0.4874299999999999,0.0,-0.00636,0.0,0.63185,0.0034399999999999,-3.4075,19.8,6.2071,6.6175,6.0186,-275.92,50
2022-11-05 21:11:00,0.0,-2.5274,0.0,10.259,0.0037499999999999,13.88,0.00776,0.48319,-0.0001399999999999,0.0,0.0,0.45132,0.0037499999999999,-2.9788,19.806,6.2533,6.6214,6.0056,-623.45,50
2022-11-05 21:12:00,0.0,-2.6177,0.0,10.264,0.00368,13.88,0.00762,0.48319,0.0002799999999999,-0.0084799999999999,0.0,0.58672,0.00368,-3.2044,19.802,6.2617,6.621,6.0498,-527.36,50
2022-11-05 21:13:00,0.0,-2.6403,0.0,10.278,0.0032299999999999,13.88,0.00677,0.4768299999999999,0.0,-0.01272,0.0,0.67698,0.0032299999999999,-3.3172,19.807,6.3203,6.7169,6.1288,-380.32,50
2022-11-05 21:14:00,0.0,-2.8659,0.0,10.308,0.0030999999999999,13.88,0.00677,0.45776,-0.0002799999999999,-0.0042399999999999,0.0,0.63185,0.0030999999999999,-3.4977,19.8,6.3021,6.7113,6.1253,0.24135,50
2022-11-05 21:15:00,0.0,-2.7305,0.0,10.249,0.0031099999999999,13.879,0.00677,0.45988,0.0,-0.0148299999999999,0.0,0.7672499999999999,0.0031099999999999,-3.4977,19.793,6.1383,6.5538,5.9656,-166.49,50
2022-11-05 21:16:00,0.0,-2.6403,0.0,10.151,0.0027299999999999,13.88,0.00677,0.40265,0.0,-0.01272,0.0,0.67698,0.0027299999999999,-3.3172,19.79,6.0313,6.4206,5.8039,-551.42,50
2022-11-05 21:17:00,0.0,-2.5726,0.0,10.048,0.00237,13.879,0.00677,0.3496699999999999,0.0,-0.0084799999999999,0.0,0.67698,0.00237,-3.2496,19.785,5.9087,6.2706,5.6609,-250.65,50
2022-11-05 21:18:00,0.0,-2.6628,0.0,9.927,0.00205,13.879,0.00677,0.3030499999999999,0.0,-0.00636,0.0,0.65442,0.00205,-3.3172,19.784,5.832,6.1201,5.5596,-211.45,50
2022-11-05 21:19:00,0.0,-2.6403,0.0,9.8082,0.00157,13.879,0.0079,0.19921,-0.00071,0.0148299999999999,0.0,0.54159,0.0015499999999999,-3.1819,19.78,5.7847,6.0538,5.4698,-489.44,50
2022-11-05 21:20:00,0.0,-2.5274,0.0,9.7816,0.0012899999999999,13.879,0.0073299999999999,0.1759,0.0,-0.0042399999999999,0.0,0.58672,0.0012899999999999,-3.1142,19.774,5.7678,6.021,5.4471,-367.41,50
2022-11-05 21:21:00,0.0,-2.7305,0.0,9.738600000000002,0.00142,13.879,0.00719,0.19921,-0.0001399999999999,-0.00636,0.0,0.7446899999999999,0.00142,-3.4752,19.76,5.783,6.0411,5.468,-188.17,50
2022-11-05 21:22:00,0.0,-2.5726,0.0,9.6495,0.0022399999999999,13.879,0.00719,0.30729,0.0,-0.00636,0.0,0.56415,0.0022399999999999,-3.1367,19.754,5.7281,5.9814,5.4598,-327.33,50
2022-11-05 21:23:00,0.0,-2.5274,0.0,9.5443,0.0030899999999999,13.878,0.00762,0.4068899999999999,-0.0002799999999999,0.0042399999999999,0.0,0.4738899999999999,0.0030799999999999,-3.0013,19.745,5.6068,5.8957,5.3776,-718.23,50
2022-11-05 21:24:00,0.0,-2.6628,0.0,9.4275,0.0027899999999999,13.878,0.0070499999999999,0.3962999999999999,-0.0001399999999999,-0.0106,0.0,0.60929,0.0027899999999999,-3.2721,19.733,5.5449,5.8472,5.3163,-623.77,50
2022-11-05 21:25:00,0.0,-2.5951,0.0,9.3683,0.00303,13.878,0.00677,0.44716,0.0,-0.0106,0.0,0.60929,0.00303,-3.2044,19.731,5.5326,5.8578,5.3522,-482.42,50
2022-11-05 21:26:00,0.0,-2.6628,0.0,9.2918,0.0032699999999999,13.878,0.00677,0.48319,0.0,-0.0084799999999999,0.0,0.67698,0.0032699999999999,-3.3398,19.721,5.5059,5.8281,5.3116,-392.8,50
2022-11-05 21:27:00,0.0,-2.9336,0.0,9.2487,0.00317,13.877,0.00677,0.4683499999999999,-0.0001399999999999,-0.00636,0.0,0.60929,0.00317,-3.5429,19.722,5.4923,5.8005,5.2721,-243.46,50
2022-11-05 21:28:00,0.0,-2.5726,0.0,9.1631,0.0032399999999999,13.877,0.00691,0.4683499999999999,-0.0002799999999999,0.00636,0.0,0.54159,0.0032399999999999,-3.1142,19.713,5.45,5.7845,5.2974,-198.75,50
2022-11-05 21:29:00,0.0,-2.7757,0.0,9.1229,0.00333,13.877,0.00719,0.46199,-0.00042,-0.0106,0.0,0.7446899999999999,0.00333,-3.5203,19.7,5.4575,5.7775,5.3062,-321.48,50
2022-11-05 21:30:00,0.0,-2.7305,0.0,9.0615,0.00316,13.876,0.00677,0.4662299999999999,0.0,-0.0106,0.0,0.65442,0.00316,-3.3849,19.697,5.3196,5.6999,5.2334,-36.358,50
2022-11-05 21:31:00,0.0,-2.4823,0.0,8.9394,0.00353,13.877,0.00776,0.4556399999999999,-0.00071,0.0042399999999999,0.0,0.51902,0.00353,-3.0013,19.658,5.3259,5.7023,5.2369,-378.01,50
2022-11-05 21:32:00,0.0,-2.4371,0.0,8.9045,0.0031199999999999,13.876,0.0070499999999999,0.4429199999999999,0.00042,0.0021199999999999,0.0,0.54158,0.0031199999999999,-2.9787,19.634,5.3489,5.7584,5.2811,-604.64,50
2022-11-05 21:33:00,0.0,-2.5049,0.0,8.9276,0.0027599999999999,13.876,0.0063499999999999,0.4344399999999999,0.0001399999999999,0.0,0.0,0.47388,0.0027599999999999,-2.9788,19.568,5.438,5.7808,5.3015,-638.76,50
2022-11-05 21:34:00,0.0,-2.5951,0.0,8.9982,0.0032,13.876,0.0074799999999999,0.42808,-0.0002799999999999,0.0021199999999999,0.0,0.56415,0.0032,-3.1593,19.481,5.507,5.8817,5.3527,-454.16,50
2022-11-05 21:35:00,0.0,-2.7982,0.0,8.9801,0.00286,13.876,0.00677,0.4217299999999999,-0.0001399999999999,-0.0084799999999999,0.0,0.72211,0.00286,-3.5203,19.408,5.4249,5.8045,5.2954,76.42199999999998,50
2022-11-05 21:36:00,0.0,-2.7531,0.0,8.7955,0.0027699999999999,13.877,0.0066299999999999,0.41749,-0.0001399999999999,0.0042399999999999,0.0,0.56415,0.0027599999999999,-3.3172,19.349,5.2905,5.7206,5.2677,-456.47,50
2022-11-05 21:37:00,0.0,-2.708,0.0,8.721299999999998,0.00302,13.877,0.00719,0.4196099999999999,-0.0001399999999999,0.0021199999999999,0.0,0.60929,0.00302,-3.3172,19.298,5.2296,5.6547,5.1939,-626.46,50
2022-11-05 21:38:00,0.0,-2.708,0.0,8.653499999999998,0.0029399999999999,13.876,0.0070499999999999,0.41749,0.0,0.0,0.0,0.58672,0.0029399999999999,-3.2946,19.257,5.2093,5.637,5.2223,-319.29,50
2022-11-05 21:39:00,0.0,-2.9562,0.0,8.7592,0.0028,13.876,0.00677,0.41325,-0.0002799999999999,0.0021199999999999,0.0,0.56415,0.0027899999999999,-3.5203,19.26,5.3887,5.8161,5.3739,-101.23,50
2022-11-05 21:40:00,0.0,-2.55,0.0,8.9922,0.0030599999999999,13.876,0.0073299999999999,0.41537,0.0002799999999999,0.0,0.0,0.58672,0.0030599999999999,-3.1367,19.28,5.4211,5.8632,5.4244,-917.31,50
2022-11-05 21:41:00,0.0,-2.6854,0.0,9.0579,0.0031099999999999,13.876,0.00762,0.4090099999999999,-0.0002799999999999,0.0084799999999999,0.0,0.56415,0.0031199999999999,-3.2495,19.282,5.4563,5.902,5.4242,-251.89,50
2022-11-05 21:42:00,0.0,-2.4371,0.0,9.0935,0.00321,13.876,0.0079,0.4068899999999999,0.0,0.0042399999999999,0.0,0.54158,0.00321,-2.9787,19.291,5.5593,5.9676,5.4742,-479.52,50
2022-11-05 21:43:00,0.0,-2.7305,0.0,9.1289,0.0027699999999999,13.876,0.00691,0.40053,0.0,-0.0021199999999999,0.0,0.58671,0.0027699999999999,-3.3172,19.275,5.5544,5.9571,5.4538,-631.89,50
2022-11-05 21:44:00,0.0,-2.5048,0.0,9.0686,0.0029099999999999,13.876,0.0070499999999999,0.41325,0.0,0.0021199999999999,0.0,0.4738899999999999,0.0029099999999999,-2.9787,19.228,5.4748,5.9114,5.4166,-635.45,50
2022-11-05 21:45:00,0.0,-2.708,0.0,9.0706,0.0027799999999999,13.876,0.00677,0.4111199999999999,0.0,-0.00636,0.0,0.54158,0.0027799999999999,-3.2496,19.22,5.4384,5.9104,5.4029,-472.38,50
2022-11-05 21:46:00,0.0,-2.55,-0.0008499999999999,9.1117,0.0027899999999999,13.875,0.00677,0.41325,0.0001399999999999,-0.0042399999999999,0.0,0.58671,0.0027899999999999,-3.1367,19.243,5.4112,5.8754,5.4111,-483.66,50
2022-11-05 21:47:00,0.0,-2.6177,0.0,9.0962,0.0027699999999999,13.876,0.00677,0.4089999999999999,0.0001399999999999,-0.0042399999999999,0.0,0.54158,0.0027699999999999,-3.1593,19.269,5.381,5.8127,5.3242,-500.78,50
2022-11-05 21:48:00,0.0,-2.9787,0.0,9.0483,0.0027799999999999,13.875,0.00691,0.40265,0.0,0.0021199999999999,0.0,0.58671,0.0027799999999999,-3.5654,19.3,5.287,5.712,5.215,208.47,50
2022-11-05 21:49:00,0.0,-2.7982,0.0,8.9783,0.0027699999999999,13.876,0.00691,0.40054,-0.00042,0.0042399999999999,0.0,0.58671,0.0027599999999999,-3.3849,19.323,5.1832,5.6108,5.117,-434.37,50
2022-11-05 21:50:00,0.0,-2.6854,0.0,8.9216,0.0029399999999999,13.876,0.0070499999999999,0.41749,-0.0001399999999999,-0.00636,0.0,0.69954,0.0029399999999999,-3.3849,19.351,5.1784,5.5914,5.0723,-545.19,50
2022-11-05 21:51:00,0.0,-2.7531,0.0,8.9054,0.0027499999999999,13.876,0.00677,0.4068899999999999,0.0,-0.0106,0.0,0.7672299999999999,0.0027499999999999,-3.5203,19.36,5.1034,5.5278,5.0037,-219.1,50
2022-11-05 21:52:00,0.0,-2.8433,0.0,8.8632,0.00287,13.875,0.0070499999999999,0.40688,-0.0002799999999999,-0.00636,0.0,0.6318399999999998,0.00287,-3.4751,19.372,5.0425,5.4479,4.9229,113.81,50
2022-11-05 21:53:00,0.0,-2.7982,0.0,8.9138,0.0028999999999999,13.876,0.00719,0.40265,-0.00042,-0.0021199999999999,0.0,0.60928,0.00289,-3.4074,19.374,5.1038,5.4251,4.9107,-16.172,50
2022-11-05 21:54:00,0.0,-2.6628,0.0,9.0462,0.00296,13.876,0.00719,0.41113,0.0,-0.00636,0.0,0.58672,0.00296,-3.2496,19.336,5.1153,5.4086,4.9058,-173.99,50
2022-11-05 21:55:00,0.0,-2.7982,0.0,9.0072,0.0027499999999999,13.876,0.00677,0.4068899999999999,0.0,-0.0106,0.0,0.58671,0.0027499999999999,-3.3849,19.292,4.9903,5.336,4.855,-669.62,50
2022-11-05 21:56:00,0.0,-2.5274,0.0,8.927099999999998,0.00297,13.876,0.0073299999999999,0.40477,-0.0002799999999999,0.00636,0.0,0.51902,0.00296,-3.0464,19.292,4.9336,5.2911,4.8011,-307.79,50
2022-11-05 21:57:00,0.0,-2.5725,0.0,8.8662,0.00317,13.875,0.0079,0.40053,-0.00071,0.0084799999999999,0.0,0.54158,0.00316,-3.1141,19.309,4.9021,5.2757,4.7516,-485.7,50
2022-11-05 21:58:00,0.0,-2.8208,0.0,8.7786,0.00303,13.876,0.00762,0.3984099999999999,-0.0005599999999999,0.0084799999999999,0.0,0.54159,0.00303,-3.3623,19.329,4.8621,5.2238,4.7287,-263.29,50
2022-11-05 21:59:00,0.0,-2.5726,0.0,8.6421,0.00285,13.875,0.00719,0.3962899999999999,-0.00042,0.0,0.0,0.56415,0.00285,-3.1367,19.332,4.769,5.1506,4.6906,-272.45,50
2022-11-05 22:00:00,0.0,-2.8208,0.0,8.492,0.00267,13.876,0.00677,0.3941799999999999,-0.0001399999999999,-0.0084799999999999,0.0,0.58672,0.00266,-3.4074,19.319,4.6583,5.124,4.687,-331.0,50
2022-11-05 22:01:00,0.0,-2.8208,0.0,8.4539,0.00283,13.876,0.0074799999999999,0.37934,-0.0002799999999999,0.0021199999999999,0.0,0.58672,0.00283,-3.4074,19.31,4.6457,5.0983,4.65,-295.79,50
2022-11-05 22:02:00,0.0,-2.7531,0.0,8.4376,0.0027399999999999,13.876,0.00719,0.38146,-0.0001399999999999,-0.0084799999999999,0.0,0.65442,0.0027499999999999,-3.4074,19.303,4.5935,5.0308,4.5973,-422.05,50
2022-11-05 22:03:00,0.0,-2.6628,0.0,8.4673,0.0027299999999999,13.876,0.0070499999999999,0.3878099999999999,-0.0001399999999999,-0.0042399999999999,0.0,0.5190099999999999,0.0027299999999999,-3.1819,19.311,4.6204,5.0305,4.6443,-513.35,50
2022-11-05 22:04:00,0.0,-2.5951,0.0,8.523799999999998,0.00267,13.876,0.00691,0.3856999999999999,0.0001399999999999,-0.0021199999999999,0.0,0.49645,0.00267,-3.0916,19.329,4.6491,5.0583,4.6372,-553.01,50
2022-11-05 22:05:00,0.0,-2.6177,0.0,8.5007,0.0027299999999999,13.876,0.0070499999999999,0.38782,-0.00042,0.0042399999999999,0.0,0.54159,0.0027299999999999,-3.1593,19.343,4.6666,5.062,4.6097,-429.8,50
2022-11-05 22:06:00,0.0,-2.708,0.0,8.442,0.00264,13.876,0.00677,0.38994,-0.00071,-0.01272,0.0,0.60928,0.00266,-3.3172,19.353,4.6363,5.0538,4.6012,-292.64,50
2022-11-05 22:07:00,0.0,-2.4823,-0.0008499999999999,8.3917,0.00248,13.876,0.0063499999999999,0.38993,0.0001399999999999,0.0,0.0,0.49645,0.00248,-2.9787,19.36,4.5427,4.9523,4.5222,-432.93,50
2022-11-05 22:08:00,0.0,-2.6854,0.0,8.337799999999998,0.00286,13.876,0.0073299999999999,0.38994,-0.0001399999999999,-0.0021199999999999,0.0,0.49645,0.00286,-3.1819,19.366,4.4441,4.8452,4.4225,-550.06,50
2022-11-05 22:09:00,0.0,-2.6628,0.0,8.2939,0.00289,13.877,0.0074799999999999,0.3878099999999999,-0.00042,-0.0021199999999999,0.0,0.56415,0.00289,-3.227,19.378,4.4365,4.8498,4.4343,-171.25,50
2022-11-05 22:10:00,0.0,-2.6854,0.0,8.2942,0.0029199999999999,13.878,0.0073299999999999,0.39842,0.0,-0.0021199999999999,0.0,0.54158,0.0029199999999999,-3.227,19.389,4.4358,4.8642,4.4519,-364.66,50
2022-11-05 22:11:00,0.0,-2.7079,0.0,8.2818,0.0029099999999999,13.877,0.0074799999999999,0.38994,-0.0001399999999999,-0.0021199999999999,0.0,0.54158,0.0029099999999999,-3.2495,19.392,4.3905,4.8412,4.4216,-524.24,50
2022-11-05 22:12:00,0.0,-2.6402,0.0,8.244199999999998,0.00286,13.877,0.0074799999999999,0.38146,-0.0002799999999999,-0.0042399999999999,0.0,0.54158,0.00285,-3.1818,19.384,4.3438,4.772,4.3359,-431.22,50
2022-11-05 22:13:00,0.0,-2.6177,0.0,8.2034,0.00284,13.877,0.0073299999999999,0.38782,0.0001399999999999,-0.0084799999999999,0.0,0.56415,0.00284,-3.1818,19.375,4.2815,4.7041,4.2532,-350.82,50
2022-11-05 22:14:00,0.0,-2.6628,0.0,8.186899999999998,0.00287,13.877,0.0073299999999999,0.39206,-0.0002799999999999,0.0021199999999999,0.0,0.54159,0.00287,-3.2044,19.382,4.2683,4.6155,4.2232,-570.11,50
2022-11-05 22:15:00,0.0,-2.6403,0.0,8.236499999999998,0.00282,13.878,0.00719,0.39206,-0.0002799999999999,0.0021199999999999,0.0,0.58672,0.00282,-3.227,19.397,4.3041,4.6341,4.2745,-639.44,50
2022-11-05 22:16:00,0.0,-2.6177,0.0,8.2262,0.0027299999999999,13.878,0.0070499999999999,0.38782,0.0,0.0021199999999999,0.0,0.51902,0.0027299999999999,-3.1367,19.408,4.359,4.7047,4.3886,-284.24,50
2022-11-05 22:17:00,0.0,-2.5049,0.0,8.1814,0.0027699999999999,13.877,0.0070499999999999,0.39206,0.0001399999999999,-0.0021199999999999,0.0,0.54158,0.0027699999999999,-3.0464,19.417,4.2993,4.648,4.2731,-450.69,50
2022-11-05 22:18:00,0.0,-2.7982,0.0,8.1233,0.00271,13.878,0.00719,0.37722,-0.0001399999999999,-0.0084799999999999,0.0,0.7446899999999999,0.00271,-3.5429,19.429,4.2409,4.5856,4.2151,-134.76,50
2022-11-05 22:19:00,0.0,-2.55,0.0,8.091599999999998,0.0027899999999999,13.877,0.0073299999999999,0.38146,0.0,0.0,0.0,0.51902,0.0027899999999999,-3.069,19.44,4.3178,4.6351,4.201,-420.79,50
2022-11-05 22:20:00,0.0,-2.708,0.0,8.0602,0.0025999999999999,13.877,0.00691,0.3750999999999999,0.0,-0.0042399999999999,0.0,0.60929,0.0025999999999999,-3.3172,19.449,4.3116,4.6346,4.171,-227.04,50
2022-11-05 22:21:00,0.0,-2.5725,0.0,8.0351,0.0025999999999999,13.877,0.00677,0.3835799999999999,0.0,-0.00636,0.0,0.51902,0.0025999999999999,-3.0916,19.448,4.3457,4.6214,4.18,-687.91,50
2022-11-05 22:22:00,0.0,-2.5049,0.0,8.004699999999998,0.00255,13.878,0.00677,0.37722,0.0,0.0,0.0,0.56415,0.00255,-3.069,19.448,4.2715,4.5562,4.1228,-256.09,50
2022-11-05 22:23:00,0.0,-2.6628,0.0,7.9611,0.0025799999999999,13.878,0.00677,0.38146,0.0002799999999999,0.00636,0.0,0.49645,0.0025799999999999,-3.1593,19.44,4.2709,4.5298,4.0635,-736.19,50
2022-11-05 22:24:00,0.0,-2.6403,0.0,8.0518,0.00251,13.878,0.00677,0.3708699999999999,-0.0001399999999999,0.0,0.0,0.56415,0.00251,-3.2044,19.434,4.194,4.5514,4.0544,-264.44,50
2022-11-05 22:25:00,0.0,-2.6628,0.0,8.1101,0.00269,13.878,0.00719,0.3729899999999999,-0.0001399999999999,-0.00636,0.0,0.67698,0.00268,-3.3397,19.423,4.2627,4.4942,4.1387,-89.623,50
2022-11-05 22:26:00,0.0,-2.6177,0.0,8.0859,0.00254,13.878,0.00677,0.3750999999999999,0.0,0.0,0.0,0.38362,0.00254,-3.0013,19.413,4.2488,4.4013,4.0913,-415.82,50
2022-11-05 22:27:00,0.0,-2.4597,0.0,8.0309,0.00251,13.878,0.0070499999999999,0.35815,-0.0001399999999999,0.0042399999999999,0.0,0.54158,0.00251,-3.0013,19.397,4.2364,4.3182,3.9773,-661.88,50
2022-11-05 22:28:00,0.0,-2.7531,0.0,8.042199999999998,0.00248,13.878,0.00691,0.35815,-0.0005599999999999,-0.0148299999999999,0.0,0.60928,0.00248,-3.3623,19.389,4.1649,4.3217,3.9216,-512.08,50
2022-11-05 22:29:00,0.0,-2.6402,0.0,7.9734,0.0025799999999999,13.878,0.0070499999999999,0.36451,-0.0002799999999999,0.0,0.0,0.56415,0.0025799999999999,-3.2044,19.358,4.1465,4.2337,3.8733,-640.72,50
2022-11-05 22:30:00,0.0,-2.6177,0.0,7.782899999999999,0.0025,13.878,0.00677,0.36874,0.0,-0.0042399999999999,0.0,0.51902,0.0025,-3.1367,19.303,4.0351,4.1616,3.7908,-462.25,50
2022-11-05 22:31:00,0.0,-2.6402,0.0,7.6508,0.0024499999999999,13.878,0.00691,0.35391,0.0,0.0,0.0,0.54158,0.0024499999999999,-3.1818,19.28,3.9139,4.1329,3.7375,-526.76,50
2022-11-05 22:32:00,0.0,-2.5725,0.0,7.5734,0.0025,13.879,0.00691,0.3623899999999999,0.0001399999999999,0.0042399999999999,0.0,0.45132,0.0025,-3.0239,19.28,3.8705,4.1244,3.685,-400.34,50
2022-11-05 22:33:00,0.0,-2.708,0.0,7.5193,0.0026099999999999,13.878,0.0073299999999999,0.35603,-0.0002799999999999,-0.0042399999999999,0.0,0.56415,0.0026099999999999,-3.2721,19.289,3.8452,4.0803,3.6725,-592.8,50
2022-11-05 22:34:00,0.0,-2.5951,0.0,7.468,0.00251,13.878,0.0070499999999999,0.35391,-0.00042,0.01272,0.0,0.56415,0.0025,-3.1593,19.303,3.7388,4.012,3.5717,-453.67,50
2022-11-05 22:35:00,0.0,-2.5951,0.0,7.4019,0.00248,13.878,0.00691,0.35815,0.0,0.0,0.0,0.58672,0.00248,-3.1819,19.316,3.6372,3.8882,3.4843,-660.14,50
2022-11-05 22:36:00,0.0,-2.5951,0.0,7.346,0.0025799999999999,13.878,0.00719,0.35815,-0.0001399999999999,-0.0084799999999999,0.0,0.60928,0.0025899999999999,-3.2044,19.324,3.6595,3.8912,3.5161,-400.05,50
2022-11-05 22:37:00,0.0,-2.6177,0.0,7.4009,0.00255,13.878,0.0073299999999999,0.34755,-0.0001399999999999,0.0042399999999999,0.0,0.54159,0.00255,-3.1593,19.317,3.7159,3.9225,3.4891,-371.49,50
2022-11-05 22:38:00,0.0,-2.6854,0.0,7.3955,0.0025999999999999,13.878,0.0073299999999999,0.35603,-0.0001399999999999,-0.0084799999999999,0.0,0.58672,0.0025999999999999,-3.2721,19.282,3.6896,3.9237,3.4939,-341.9,50
2022-11-05 22:39:00,0.0,-2.6628,0.0,7.3178,0.0025,13.878,0.00691,0.3623899999999999,-0.0002799999999999,-0.0021199999999999,0.0,0.58672,0.0025,-3.2496,19.245,3.6038,3.8674,3.4661,-610.18,50
2022-11-05 22:40:00,0.0,-2.6628,0.0,7.2582,0.0024199999999999,13.878,0.0066299999999999,0.36451,0.0,-0.00636,0.0,0.58672,0.0024199999999999,-3.2495,19.225,3.5524,3.7947,3.3642,-188.9,50
2022-11-05 22:41:00,0.0,-2.6177,0.0,7.245599999999999,0.00251,13.878,0.00719,0.3496699999999999,-0.0002799999999999,-0.0021199999999999,0.0,0.58672,0.00251,-3.2044,19.219,3.5567,3.7395,3.3358,-289.82,50
2022-11-05 22:42:00,0.0,-2.5951,0.0,7.437999999999999,0.00237,13.878,0.00649,0.36451,0.0,0.0,0.0,0.45132,0.00237,-3.0464,19.207,3.6972,3.7689,3.3957,-509.43,50
2022-11-05 22:43:00,0.0,-2.5726,0.0,7.6905,0.0025799999999999,13.878,0.0073299999999999,0.3496699999999999,-0.0002799999999999,-0.0021199999999999,0.0,0.56415,0.0025799999999999,-3.1367,19.175,3.7885,3.801,3.3512,-520.91,50
2022-11-05 22:44:00,0.0,-2.5726,0.0,7.7628,0.0024199999999999,13.879,0.00677,0.35815,0.0,0.0021199999999999,0.0,0.4738899999999999,0.0024199999999999,-3.0465,19.143,3.7337,3.7425,3.3194,-364.84,50
2022-11-05 22:45:00,0.0,-2.7305,0.0,7.6843,0.0025,13.879,0.00719,0.34755,0.0,0.0,0.0,0.58672,0.0025,-3.3172,19.123,3.7369,3.7782,3.3984,-651.02,50
2022-11-05 22:46:00,0.0,-2.6628,0.0,7.6516,0.00251,13.878,0.0070499999999999,0.35603,0.0,0.0,0.0,0.54158,0.00251,-3.2044,19.135,3.7333,3.8112,3.4322,-434.12,50
2022-11-05 22:47:00,0.0,-2.6177,0.0,7.6581,0.00235,13.879,0.0066299999999999,0.35391,0.0,-0.0021199999999999,0.0,0.58672,0.00235,-3.2044,19.15,3.7486,3.8671,3.503,-534.3,50
2022-11-05 22:48:00,0.0,-2.6403,0.0,7.6379,0.0024499999999999,13.879,0.00677,0.3623899999999999,-0.00071,0.0021199999999999,0.0,0.58672,0.0024399999999999,-3.227,19.161,3.6806,3.8627,3.4358,-549.74,50
2022-11-05 22:49:00,0.0,-2.6854,0.0,7.585899999999999,0.00255,13.879,0.0070499999999999,0.3602699999999999,-0.00042,0.0084799999999999,0.0,0.51902,0.00255,-3.2044,19.159,3.6253,3.8681,3.4214,-708.15,50
2022-11-05 22:50:00,0.0,-2.7531,0.0,7.5114,0.00247,13.879,0.00719,0.34332,-0.0002799999999999,0.0,0.0,0.49645,0.00247,-3.2496,19.156,3.5363,3.7786,3.3695,-319.2,50
2022-11-05 22:51:00,0.0,-2.5726,0.0,7.4511,0.0024099999999999,13.879,0.0070499999999999,0.34332,0.0,0.0106,0.0,0.49645,0.0024099999999999,-3.069,19.157,3.5399,3.8363,3.3937,-504.79,50
2022-11-05 22:52:00,0.0,-2.5274,0.0,7.526,0.0022399999999999,13.879,0.0063499999999999,0.3517899999999999,0.0002799999999999,0.0,0.0,0.45132,0.0022399999999999,-2.9788,19.162,3.6834,3.9865,3.5661,-670.25,50
2022-11-05 22:53:00,0.0,-2.5726,0.0,7.7175,0.00236,13.879,0.0066299999999999,0.35603,0.00042,0.0,0.0,0.40619,0.00236,-2.9788,19.164,3.7715,4.1105,3.6375,-909.37,50
2022-11-05 22:54:00,0.0,-2.5726,0.0,7.714299999999999,0.0027699999999999,13.878,0.0083199999999999,0.33272,-0.0009899999999999,0.01272,0.0,0.54159,0.0027599999999999,-3.1142,19.151,3.6521,4.0566,3.5807,-522.88,50
2022-11-05 22:55:00,0.0,-2.8434,0.0,7.6905,0.0026199999999999,13.879,0.00776,0.3369599999999999,-0.0005599999999999,0.0,0.0,0.51902,0.0026099999999999,-3.3623,19.153,3.6865,4.0516,3.588,-469.36,50
2022-11-05 22:56:00,0.0,-2.5951,0.0,7.7808,0.0025899999999999,13.879,0.0073299999999999,0.3517899999999999,-0.00042,0.0,0.0,0.56415,0.0025799999999999,-3.1593,19.153,3.771,4.1371,3.6702,-419.22,50
2022-11-05 22:57:00,0.0,-2.708,0.0,7.9587,0.00237,13.878,0.00691,0.34332,0.0,-0.0106,0.0,0.60929,0.00237,-3.3172,19.158,3.9289,4.3329,3.824,-615.43,50
2022-11-05 22:58:00,0.0,-2.6854,0.0,8.2116,0.0022599999999999,13.879,0.0066299999999999,0.3412,-0.0001399999999999,0.0021199999999999,0.0,0.51902,0.0022599999999999,-3.2044,19.141,4.1124,4.564,4.018,-291.89,50
2022-11-05 22:59:00,0.0,-2.6403,0.0,8.3046,0.0025799999999999,13.878,0.00719,0.35815,-0.00042,-0.0021199999999999,0.0,0.58672,0.0025799999999999,-3.227,19.133,4.1238,4.5339,4.0249,-423.08,50
2022-11-05 23:00:00,0.0,-2.6854,0.0,8.2986,0.00264,13.878,0.00776,0.3412,0.0001399999999999,0.0,0.0,0.54159,0.00265,-3.227,19.132,4.1715,4.6105,4.0875,-469.27,50
2022-11-05 23:01:00,0.0,-2.7305,0.0,8.3483,0.00248,13.879,0.00719,0.34332,0.0,-0.00636,0.0,0.54159,0.00248,-3.2721,19.131,4.2582,4.7091,4.1832,-612.14,50
2022-11-05 23:02:00,0.0,-2.6177,0.0,8.441,0.0022,13.879,0.00691,0.31789,0.0,-0.0042399999999999,0.0,0.56415,0.0022,-3.1819,19.129,4.2674,4.7844,4.2257,-154.82,50
2022-11-05 23:03:00,0.0,-2.6854,0.0,8.485699999999998,0.00222,13.879,0.0070499999999999,0.3136499999999999,0.0,-0.0106,0.0,0.58672,0.00222,-3.2721,19.135,4.289,4.8459,4.2472,-424.12,50
2022-11-05 23:04:00,0.0,-2.708,0.0,8.6045,0.00219,13.879,0.00719,0.30517,-0.0001399999999999,0.0,0.0,0.58672,0.00219,-3.2946,19.138,4.3782,4.9071,4.2761,-411.6,50
2022-11-05 23:05:00,0.0,-2.6628,0.0,8.6239,0.00223,13.879,0.00719,0.30941,-0.0002799999999999,0.0042399999999999,0.0,0.51902,0.00222,-3.1819,19.13,4.3434,4.905,4.2942,-611.64,50
2022-11-05 23:06:00,0.0,-2.6628,0.0,8.585,0.00218,13.879,0.0070499999999999,0.30941,-0.0001399999999999,0.0042399999999999,0.0,0.51902,0.00218,-3.1819,19.123,4.3196,4.9067,4.3001,-360.83,50
2022-11-05 23:07:00,0.0,-2.708,0.0,8.5753,0.0022399999999999,13.879,0.0074799999999999,0.3009399999999999,-0.0002799999999999,-0.0021199999999999,0.0,0.51902,0.0022399999999999,-3.227,19.118,4.351,4.9567,4.3228,-253.43,50
2022-11-05 23:08:00,0.0,-2.708,0.0,8.607599999999998,0.00217,13.879,0.0073299999999999,0.29669,-0.0002799999999999,0.0,0.0,0.56415,0.00217,-3.2721,19.113,4.431,5.0651,4.4158,-437.98,50
2022-11-05 23:09:00,0.0,-2.7305,0.0,8.648099999999998,0.0021099999999999,13.88,0.0073299999999999,0.2882199999999999,-0.0001399999999999,-0.01695,0.0,0.63185,0.0021099999999999,-3.3623,19.102,4.518,5.1037,4.5045,-511.4,50
2022-11-05 23:10:00,0.0,-2.55,0.0,8.5724,0.0021099999999999,13.879,0.0073299999999999,0.2861,-0.00042,0.00636,0.0,0.49645,0.0020999999999999,-3.0465,19.1,4.4753,5.1061,4.49,-482.15,50
2022-11-05 23:11:00,0.0,-2.5951,0.0,8.449,0.0022,13.88,0.0074799999999999,0.29458,0.0001399999999999,-0.00636,0.0,0.56415,0.0022,-3.1593,19.087,4.4024,5.0329,4.4125,-707.77,50
2022-11-05 23:12:00,0.0,-2.55,0.0,8.335599999999998,0.0019599999999999,13.88,0.0066299999999999,0.2967,0.0002799999999999,0.0,0.0,0.4287599999999999,0.0019599999999999,-2.9788,19.06,4.3175,4.9458,4.3179,-865.9,50
2022-11-05 23:13:00,0.0,-2.6854,0.0,8.2279,0.0023999999999999,13.881,0.0079,0.3030499999999999,0.0,0.0021199999999999,0.0,0.58672,0.0023999999999999,-3.2721,19.05,4.231,4.8582,4.2846,-423.39,50
2022-11-05 23:14:00,0.0,-2.6628,0.0,8.1295,0.00205,13.881,0.00677,0.3030499999999999,0.0,-0.0084799999999999,0.0,0.54159,0.00205,-3.2044,19.048,4.1698,4.8134,4.2378,-593.07,50
2022-11-05 23:15:00,0.0,-2.6403,0.0,8.068799999999998,0.00217,13.881,0.00719,0.3009399999999999,-0.0002799999999999,-0.0042399999999999,0.0,0.56415,0.00217,-3.2044,19.038,4.2058,4.7988,4.2307,-467.53,50
2022-11-05 23:16:00,0.0,-2.708,0.0,8.0273,0.00222,13.881,0.0073299999999999,0.3030499999999999,-0.0005599999999999,0.0021199999999999,0.0,0.54159,0.00221,-3.2496,19.039,4.258,4.7578,4.1969,-336.32,50
2022-11-05 23:17:00,0.0,-2.7757,0.0,8.0199,0.00217,13.881,0.0073299999999999,0.2967,0.0,-0.0084799999999999,0.0,0.54159,0.00217,-3.3172,19.038,4.2225,4.757,4.1512,-472.22,50
2022-11-05 23:18:00,0.0,-2.6854,0.0,7.9527,0.00205,13.881,0.0070499999999999,0.2903399999999999,-0.0001399999999999,-0.0021199999999999,0.0,0.4738899999999999,0.00205,-3.1593,19.029,4.2371,4.7346,4.1524,-419.99,50
2022-11-05 23:19:00,0.0,-2.6628,0.0,7.8815,0.0023,13.882,0.0073299999999999,0.3136499999999999,-0.0002799999999999,-0.0021199999999999,0.0,0.60929,0.0023,-3.2721,19.026,4.1819,4.6785,4.1032,-501.38,50
2022-11-05 23:20:00,0.0,-2.6177,0.0,7.8544,0.0020999999999999,13.881,0.0070499999999999,0.2988199999999999,0.0,-0.00636,0.0,0.56415,0.0020999999999999,-3.1819,19.024,4.2028,4.7001,4.1136,-495.1,50
2022-11-05 23:21:00,0.0,-2.6177,0.0,7.8688,0.0023,13.882,0.00762,0.3009399999999999,-0.00042,-0.0021199999999999,0.0,0.58672,0.0022899999999999,-3.2044,19.012,4.229,4.7093,4.1269,-402.97,50
2022-11-05 23:22:00,0.0,-2.708,0.0,7.986799999999999,0.00215,13.882,0.0073299999999999,0.29458,0.0,-0.0021199999999999,0.0,0.58672,0.00215,-3.2946,19.0,4.2822,4.8372,4.2945,-371.14,50
2022-11-05 23:23:00,0.0,-2.4823,0.0,8.2905,0.0020799999999999,13.882,0.00677,0.30729,0.0,0.0,0.0,0.51902,0.0020799999999999,-3.0013,18.996,4.4022,4.9739,4.4387,-555.48,50
2022-11-05 23:24:00,0.0,-2.7305,0.0,8.471999999999998,0.00214,13.882,0.00719,0.2967,-0.0001399999999999,0.0084799999999999,0.0,0.54159,0.0021299999999999,-3.2721,18.989,4.4781,5.0767,4.536,-334.73,50
2022-11-05 23:25:00,0.0,-2.6403,0.0,8.5129,0.0021099999999999,13.882,0.00762,0.2776199999999999,-0.00042,0.0021199999999999,0.0,0.63185,0.0021099999999999,-3.2721,18.987,4.5075,5.1159,4.5466,-257.72,50
2022-11-05 23:26:00,0.0,-2.8885,0.0,8.4806,0.00206,13.882,0.0074799999999999,0.2755,-0.0002799999999999,0.00636,0.0,0.51902,0.00206,-3.4075,18.986,4.4997,5.1097,4.575,-360.04,50
2022-11-05 23:27:00,0.0,-2.5951,0.0,8.4532,0.00204,13.883,0.00719,0.28398,0.0001399999999999,-0.0042399999999999,0.0,0.51902,0.00204,-3.1142,18.974,4.5397,5.1489,4.5488,-450.15,50
2022-11-05 23:28:00,0.0,-2.6854,0.0,8.5069,0.0020799999999999,13.883,0.00719,0.2882199999999999,0.0002799999999999,0.0084799999999999,0.0,0.51902,0.0020799999999999,-3.2044,18.99,4.5219,5.1027,4.5235,-194.51,50
2022-11-05 23:29:00,0.0,-2.5726,0.0,8.4769,0.0020999999999999,13.884,0.0073299999999999,0.2861,0.0,-0.0042399999999999,0.0,0.60929,0.0020999999999999,-3.1819,19.047,4.4714,5.0755,4.4629,-308.89,50
2022-11-05 23:30:00,0.0,-2.6403,0.0,8.4653,0.00199,13.883,0.00691,0.2882199999999999,0.0,0.0021199999999999,0.0,0.60929,0.00199,-3.2496,19.109,4.5322,5.1287,4.5465,-335.72,50
2022-11-05 23:31:00,0.0,-2.55,0.0,8.5982,0.00194,13.884,0.0070499999999999,0.2755,0.0,-0.0084799999999999,0.0,0.60929,0.00194,-3.1593,19.173,4.6069,5.2509,4.6637,-369.81,50
2022-11-05 23:32:00,0.0,-2.8659,0.0,8.7476,0.0019,13.885,0.00691,0.2755,0.0,-0.00636,0.0,0.65442,0.0019,-3.5203,19.208,4.691,5.379,4.8013,-114.91,50
2022-11-05 23:33:00,0.0,-2.8208,0.0,8.7931,0.00189,13.885,0.00677,0.2797399999999999,0.0,-0.01272,0.0,0.69955,0.00189,-3.5203,19.223,4.8062,5.4879,4.8653,-119.07,50
2022-11-05 23:34:00,0.0,-2.7305,0.0,8.7476,0.0018799999999999,13.884,0.00677,0.2776199999999999,0.0,-0.0042399999999999,0.0,0.58672,0.0018799999999999,-3.3172,19.216,4.6891,5.3775,4.7524,-282.62,50
2022-11-05 23:35:00,0.0,-2.5049,0.0,8.589399999999998,0.00193,13.885,0.0070499999999999,0.27338,-0.00042,0.0042399999999999,0.0,0.54159,0.00192,-3.0465,19.193,4.5695,5.2153,4.629,-579.93,50
2022-11-05 23:36:00,0.0,-2.7757,0.0,8.4409,0.00181,13.886,0.00677,0.2670299999999999,-0.0001399999999999,-0.0084799999999999,0.0,0.65442,0.00181,-3.43,19.153,4.4618,5.0989,4.4946,-442.37,50
2022-11-05 23:37:00,0.0,-2.5726,0.0,8.356,0.00194,13.885,0.0070499999999999,0.2755,0.0001399999999999,-0.00636,0.0,0.60929,0.00194,-3.1819,19.124,4.4266,5.056,4.5001,-510.95,50
2022-11-05 23:38:00,0.0,-2.4823,0.0,8.3161,0.00193,13.885,0.0070499999999999,0.27338,0.0,0.0021199999999999,0.0,0.49645,0.00193,-2.9788,19.112,4.4344,5.0488,4.4834,-518.42,50
2022-11-05 23:39:00,0.0,-2.5274,0.0,8.2885,0.0021099999999999,13.885,0.00762,0.2776199999999999,-0.0002799999999999,0.0042399999999999,0.0,0.4738899999999999,0.0021099999999999,-3.0013,19.102,4.3868,4.9685,4.4118,-974.54,50
2022-11-05 23:40:00,0.0,-2.6403,0.0,8.2491,0.00205,13.885,0.00762,0.26915,-0.0001399999999999,0.0042399999999999,0.0,0.51902,0.00204,-3.1593,19.08,4.3295,4.9153,4.3137,-357.62,50
2022-11-05 23:41:00,0.0,-2.6854,0.0,8.181,0.0020899999999999,13.885,0.00776,0.26915,-0.0005599999999999,0.0021199999999999,0.0,0.56415,0.0020899999999999,-3.2496,19.064,4.2927,4.8766,4.2778,-433.93,50
2022-11-05 23:42:00,0.0,-2.6403,0.0,8.0953,0.00201,13.885,0.00762,0.2649099999999999,-0.0002799999999999,0.0106,0.0,0.54159,0.002,-3.1819,19.054,4.1941,4.7902,4.2162,-413.16,50
2022-11-05 23:43:00,0.0,-2.7305,0.0,7.974,0.00186,13.886,0.00719,0.25855,-0.0001399999999999,-0.01695,0.0,0.7672499999999999,0.00185,-3.4977,19.03,4.1242,4.7244,4.1676,-494.52,50
2022-11-05 23:44:00,0.0,-2.9562,0.0,7.8891,0.00169,13.885,0.00677,0.25007,-0.0005599999999999,0.0021199999999999,0.0,0.56415,0.00169,-3.5203,19.003,4.186,4.7089,4.1969,-130.31,50
2022-11-05 23:45:00,0.0,-2.9336,0.0,7.8095,0.0017899999999999,13.886,0.00691,0.25855,0.0,-0.0084799999999999,0.0,0.65442,0.0017899999999999,-3.588,18.952,4.0768,4.6423,4.1243,-49.135,50
2022-11-05 23:46:00,0.0,-2.5726,0.0,7.6976,0.00186,13.886,0.00719,0.25855,-0.0001399999999999,0.0,0.0,0.54159,0.00186,-3.1142,18.942,4.0048,4.5677,4.0742,-412.31,50
2022-11-05 23:47:00,0.0,-2.55,0.0,7.6018,0.00183,13.886,0.00719,0.2543099999999999,-0.0001399999999999,0.0,0.0,0.54159,0.00183,-3.0916,19.033,3.942,4.526,4.0258,-482.32,50
2022-11-05 23:48:00,0.0,-2.5951,0.0,7.5098,0.00194,13.887,0.0074799999999999,0.26067,0.0,-0.0021199999999999,0.0,0.58672,0.00194,-3.1819,19.121,3.872,4.4388,3.95,-550.29,50
2022-11-05 23:49:00,0.0,-2.5726,0.0,7.3853,0.0021299999999999,13.887,0.00804,0.2649099999999999,-0.0001399999999999,-0.0021199999999999,0.0,0.54159,0.0021299999999999,-3.1142,19.172,3.7949,4.397,3.9143,-456.57,50
2022-11-05 23:50:00,0.0,-2.55,0.0,7.278699999999999,0.00185,13.887,0.0070499999999999,0.26279,-0.0001399999999999,0.0021199999999999,0.0,0.60929,0.00185,-3.1593,19.185,3.7679,4.3399,3.8413,-736.88,50
2022-11-05 23:51:00,0.0,-2.6403,0.0,7.2762,0.0019,13.886,0.0073299999999999,0.26067,-0.0001399999999999,-0.0021199999999999,0.0,0.58672,0.0019,-3.227,19.178,3.8197,4.3772,3.8897,-333.56,50
2022-11-05 23:52:00,0.0,-2.6403,0.0,7.4217,0.0018799999999999,13.887,0.0073299999999999,0.2564299999999999,-0.0001399999999999,-0.0084799999999999,0.0,0.65442,0.0018799999999999,-3.2946,19.159,3.9155,4.4745,3.9658,-378.29,50
2022-11-05 23:53:00,0.0,-2.6177,0.0,7.4955,0.0020999999999999,13.886,0.00776,0.27127,-0.0001399999999999,0.0,0.0,0.51902,0.0020999999999999,-3.1367,19.132,3.9044,4.4437,3.9269,-687.06,50
2022-11-05 23:54:00,0.0,-2.6177,0.0,7.5525,0.00191,13.888,0.00719,0.2670299999999999,0.0,0.0,0.0,0.54159,0.00191,-3.1593,19.111,3.9457,4.479,3.9844,-155.48,50
2022-11-05 23:55:00,0.0,-2.6628,0.0,7.6786,0.0019599999999999,13.888,0.0073299999999999,0.2670299999999999,0.0,-0.0042399999999999,0.0,0.58672,0.0019599999999999,-3.2496,19.1,4.0369,4.5881,4.0609,-293.72,50
2022-11-05 23:56:00,0.0,-2.6628,0.0,7.803099999999999,0.0018799999999999,13.887,0.00719,0.26067,-0.0001399999999999,0.0,0.0,0.54159,0.0018799999999999,-3.2044,19.085,4.0512,4.618,4.0797,-441.3,50
2022-11-05 23:57:00,0.0,-2.6403,0.0,7.8324,0.00201,13.887,0.0074799999999999,0.26915,0.0,-0.0042399999999999,0.0,0.60929,0.00201,-3.2496,19.071,4.051,4.6042,4.0813,-487.98,50
2022-11-05 23:58:00,0.0,-2.55,0.0,7.8151,0.002,13.888,0.0074799999999999,0.2670299999999999,-0.0001399999999999,0.0021199999999999,0.0,0.54159,0.00199,-3.0916,19.053,4.0449,4.6119,4.0567,-428.91,50
2022-11-05 23:59:00,0.0,-2.708,0.0,7.7374,0.0019599999999999,13.888,0.0074799999999999,0.26279,-0.0002799999999999,0.0,0.0,0.54159,0.0019599999999999,-3.2496,18.986,3.9926,4.5682,4.0545,-377.94,50
