measured_on,ac_current__758,ac_power__752,ac_volts__757,ambient_temp__759,das_battery_voltage__769,das_temperature__764,dc_neg_current__756,dc_neg_voltage__755,dc_pos_current__754,dc_pos_voltage__753,dc_power_1__765,dc_power_2__766,dc_power__751,inverter_temp_2__770,inveter_temp__763,module_temp_1__760,module_temp_2__761,module_temp_3__762,poa_irradiance__750,system_id
2020-09-09 00:00:00,0.0,-2.7527,0.0,0.1297899999999999,0.0,13.884,0.0046499999999999,0.0,-0.0001399999999999,0.0,0.0,0.42868,0.0,-3.1813,,21.996,21.672,-0.12772,,50
2020-09-09 00:01:00,0.0,-3.046,0.0,0.14959,0.0,13.883,0.00423,0.0,0.0,-0.0042399999999999,0.0,0.5414999999999999,0.0,-3.5874,,21.971,21.648,-0.13109,,50
2020-09-09 00:02:00,0.0,-3.0008,0.0,0.13353,0.0,13.883,0.0043699999999999,0.0,-0.0001399999999999,0.0021199999999999,0.0,0.51893,0.0,-3.5197,,21.953,21.639,-0.14066,,50
2020-09-09 00:03:00,0.0,-2.5721,0.0,0.05884,0.0,13.883,0.0046499999999999,0.0,0.0,-0.00636,0.0,0.42868,0.0,-3.0008,,21.941,21.628,-0.15726,,50
2020-09-09 00:04:00,0.0,-2.4819,0.0,-0.01361,0.0,13.883,0.00451,0.0,0.0,0.0,0.0,0.47381,0.0,-2.9557,,21.92,21.59,-0.16932,,50
2020-09-09 00:05:00,0.0,-2.5721,0.0,-0.0381599999999999,0.0,13.884,0.00508,0.0,0.0,0.0,0.0,0.4512499999999999,0.0,-3.0234,,21.888,21.524,-0.17212,,50
2020-09-09 00:06:00,0.0,-2.7978,0.0,-0.01068,0.0,13.883,0.0040899999999999,0.0,0.0,-0.01272,0.0,0.58662,0.0,-3.3844,,21.872,21.516,-0.16494,,50
2020-09-09 00:07:00,0.0,-2.7301,0.0,-0.00593,0.0,13.884,0.0049399999999999,0.0,0.0,-0.0021199999999999,0.0,0.47381,0.0,-3.2039,,21.864,21.542,-0.1697599999999999,,50
2020-09-09 00:08:00,0.0,-2.6624,0.0,0.0230199999999999,0.0,13.884,0.00451,0.0,0.0,0.0,0.0,0.4963699999999999,0.0,-3.1588,,21.851,21.535,-0.17544,,50
2020-09-09 00:09:00,0.0,-2.7301,0.0,0.0512099999999999,0.0,13.884,0.0043699999999999,0.0,0.0,-0.0021199999999999,0.0,0.51893,0.0,-3.249,,21.844,21.548,-0.1821599999999999,,50
2020-09-09 00:10:00,0.0,-2.6849,0.0,0.0588699999999999,0.0,13.884,0.00508,0.0,0.0,-0.0148299999999999,0.0,0.47381,0.0,-3.1588,,21.857,21.59,-0.18364,,50
2020-09-09 00:11:00,0.0,-2.6849,0.0,0.0575999999999999,0.0,13.884,0.0049399999999999,0.0,0.0,0.0042399999999999,0.0,0.5414999999999999,0.0,-3.2264,,21.867,21.609,-0.19402,,50
2020-09-09 00:12:00,0.0,-2.6398,0.0,0.05793,0.0,13.884,0.00479,0.0,0.0,-0.0021199999999999,0.0,0.3609999999999999,0.0,-3.0008,,21.881,21.621,-0.2010599999999999,,50
2020-09-09 00:13:00,0.0,-2.7075,0.0,0.0278699999999999,0.0,13.884,0.0043699999999999,0.0,0.0,0.0021199999999999,0.0,0.5414999999999999,0.0,-3.249,,21.883,21.62,-0.2184,,50
2020-09-09 00:14:00,0.0,-2.7526,0.0,0.01532,0.0,13.883,0.0040899999999999,0.0,0.0,-0.0021199999999999,0.0,0.51893,0.0,-3.2716,,21.876,21.581,-0.23152,,50
2020-09-09 00:15:00,0.0,-2.7752,0.0,0.03388,0.0,13.884,0.0040899999999999,0.0,0.0,-0.0084799999999999,0.0,0.58662,0.0,-3.3618,,21.871,21.562,-0.2383099999999999,,50
2020-09-09 00:16:00,0.0,-2.7526,0.0,0.02733,0.0,13.884,0.0046499999999999,0.0,0.0,-0.0021199999999999,0.0,0.51893,0.0,-3.2716,,21.864,21.542,-0.2445499999999999,,50
2020-09-09 00:17:00,0.0,-2.8655,0.0,0.0551999999999999,0.0,13.884,0.0043699999999999,0.0,0.0,-0.0042399999999999,0.0,0.4963699999999999,0.0,-3.3618,,21.858,21.53,-0.2446599999999999,,50
2020-09-09 00:18:00,0.0,-2.6849,0.0,0.07842,0.0,13.884,0.0046499999999999,0.0,0.0,0.0021199999999999,0.0,0.42868,0.0,-3.1136,,21.862,21.547,-0.24575,,50
2020-09-09 00:19:00,0.0,-2.8203,0.0,0.1080499999999999,0.0,13.884,0.0046499999999999,0.0,0.0,-0.0084799999999999,0.0,0.4963699999999999,0.0,-3.3166,,21.882,21.583,-0.25507,,50
2020-09-09 00:20:00,0.0,-2.8203,0.0,0.0897499999999999,0.0,13.884,0.0040899999999999,0.0,0.0,-0.00636,0.0,0.42868,0.0,-3.249,,21.9,21.613,-0.27178,,50
2020-09-09 00:21:00,0.0,-2.6849,0.0,0.06456,0.0,13.884,0.0046499999999999,0.0,0.0,-0.0084799999999999,0.0,0.47381,0.0,-3.1588,,21.921,21.659,-0.2814999999999999,,50
2020-09-09 00:22:00,0.0,-2.7301,0.0,0.06579,0.0,13.884,0.00451,0.0,0.0,0.0,0.0,0.56406,0.0,-3.2941,,21.937,21.691,-0.28638,,50
2020-09-09 00:23:00,0.0,-2.8429,0.0,0.0950199999999999,0.0,13.884,0.00423,0.0,-0.0001399999999999,-0.0042399999999999,0.0,0.4963699999999999,0.0,-3.3392,,21.957,21.727,-0.2873999999999999,,50
2020-09-09 00:24:00,0.0,-2.5721,0.0,0.098,0.0,13.884,0.00451,0.0,0.0,-0.0042399999999999,0.0,0.5414999999999999,0.0,-3.1136,,21.969,21.747,-0.29891,,50
2020-09-09 00:25:00,0.0,-2.6173,0.0,0.09389,0.0,13.884,0.0049399999999999,0.0,0.0,0.0106,0.0,0.4512499999999999,0.0,-3.0685,,21.989,21.766,-0.3018799999999999,,50
2020-09-09 00:26:00,0.0,-2.5721,0.0,0.0880999999999999,0.0,13.883,0.00508,0.0,0.0,0.0106,0.0,0.42868,0.0,-3.0008,,22.001,21.778,-0.30634,,50
2020-09-09 00:27:00,0.0,-2.6849,0.0,0.1343199999999999,0.0,13.884,0.0049399999999999,0.0,0.0,-0.0084799999999999,0.0,0.4061199999999999,0.0,-3.0911,,22.018,21.793,-0.30298,,50
2020-09-09 00:28:00,0.0,-2.7752,0.0,0.17448,0.0,13.884,0.00381,0.0,0.0,0.0,0.0,0.60918,0.0,-3.3843,,22.033,21.823,-0.3103,,50
2020-09-09 00:29:00,0.0,-2.7752,0.0,0.20116,0.0,13.884,0.0043699999999999,0.0,0.0,-0.0084799999999999,0.0,0.58662,0.0,-3.3618,,22.059,21.857,-0.3088299999999999,,50
2020-09-09 00:30:00,0.0,-2.6849,0.0,0.19588,0.0,13.883,0.0049399999999999,0.0,-0.0001399999999999,0.0,0.0,0.38356,0.0,-3.0685,,22.078,21.874,-0.31644,,50
2020-09-09 00:31:00,0.0,-2.7978,0.0,0.21298,0.0,13.883,0.0043699999999999,0.0,0.0,-0.0042399999999999,0.0,0.5414999999999999,0.0,-3.3392,,22.094,21.9,-0.3118,,50
2020-09-09 00:32:00,0.0,-2.7526,0.0,0.18929,0.0,13.883,0.00451,-0.0021199999999999,0.0,0.00636,0.0,0.4512499999999999,0.0,-3.2039,,22.105,21.919,-0.33422,,50
2020-09-09 00:33:00,0.0,-2.7752,0.0,0.1819699999999999,0.0,13.884,0.0043699999999999,0.0,0.0,-0.01272,0.0,0.42868,0.0,-3.2039,,22.115,21.927,-0.34136,,50
2020-09-09 00:34:00,0.0,-2.7526,0.0,0.1650899999999999,0.0,13.883,0.00423,0.0,0.0,0.0042399999999999,0.0,0.4963699999999999,0.0,-3.249,,22.123,21.918,-0.35219,,50
2020-09-09 00:35:00,0.0,-2.7526,0.0,0.1590399999999999,0.0,13.883,0.0043699999999999,0.0,0.0,-0.0084799999999999,0.0,0.4512499999999999,0.0,-3.2039,,22.132,21.931,-0.3515699999999999,,50
2020-09-09 00:36:00,0.0,-2.7978,0.0,0.17069,0.0,13.883,0.00423,0.0,0.0,-0.0021199999999999,0.0,0.4963699999999999,0.0,-3.2941,,22.148,21.954,-0.35787,,50
2020-09-09 00:37:00,0.0,-2.7752,0.0,0.1688699999999999,0.0,13.884,0.00451,0.0,0.0,0.0021199999999999,0.0,0.4512499999999999,0.0,-3.2264,,22.159,21.96,-0.35637,,50
2020-09-09 00:38:00,0.0,-2.7526,0.0,0.17684,0.0,13.884,0.00423,0.0,0.0,-0.0106,0.0,0.51893,0.0,-3.2716,,22.169,21.954,-0.3593799999999999,,50
2020-09-09 00:39:00,0.0,-2.9106,0.0,0.1954599999999999,0.0,13.884,0.00451,0.0,-0.0001399999999999,-0.00636,0.0,0.56406,0.0,-3.4746,,22.175,21.967,-0.37135,,50
2020-09-09 00:40:00,0.0,-2.8203,0.0,0.1967599999999999,0.0,13.883,0.0049399999999999,0.0,0.0,0.0,0.0,0.47381,0.0,-3.2941,,22.19,21.988,-0.3685999999999999,,50
2020-09-09 00:41:00,0.0,-2.7301,0.0,0.2002599999999999,0.0,13.884,0.0043699999999999,0.0,0.0,-0.00636,0.0,0.4963699999999999,0.0,-3.2264,,22.19,22.001,-0.37785,,50
2020-09-09 00:42:00,0.0,-2.7526,0.0,0.19847,0.0,13.883,0.00423,0.0,0.0,0.0,0.0,0.47381,0.0,-3.2264,,22.2,21.999,-0.3831,,50
2020-09-09 00:43:00,0.0,-2.6849,0.0,0.20801,0.0,13.884,0.0043699999999999,0.0,0.0001399999999999,-0.0084799999999999,0.0,0.51893,0.0,-3.2039,,22.212,22.002,-0.3734,,50
2020-09-09 00:44:00,0.0,-2.7301,0.0,0.2242899999999999,0.0,13.883,0.00451,0.0,0.0,-0.0042399999999999,0.0,0.51893,0.0,-3.249,,22.217,22.016,-0.37595,,50
2020-09-09 00:45:00,0.0,-2.6398,0.0,0.2229899999999999,0.0,13.883,0.0046499999999999,0.0,0.0,0.0084799999999999,0.0,0.47381,0.0,-3.1136,,22.216,21.996,-0.3807099999999999,,50
2020-09-09 00:46:00,0.0,-2.7301,0.0,0.2567499999999999,0.0,13.883,0.0043699999999999,0.0,0.0,-0.0021199999999999,0.0,0.5414999999999999,0.0,-3.2716,,22.218,22.005,-0.3766399999999999,,50
2020-09-09 00:47:00,0.0,-2.527,0.0,0.25641,0.0,13.883,0.00508,0.0,0.0,-0.0021199999999999,0.0,0.4512499999999999,0.0,-2.9783,,22.225,22.026,-0.37468,,50
2020-09-09 00:48:00,0.0,-2.7301,0.0,0.2589199999999999,0.0,13.883,0.0040899999999999,0.0,0.0,0.0021199999999999,0.0,0.4963699999999999,0.0,-3.2264,,22.217,22.027,-0.3795299999999999,,50
2020-09-09 00:49:00,0.0,-2.6624,0.0,0.22205,0.0,13.884,0.00508,0.0,0.0,0.00636,0.0,0.3158799999999999,0.0,-2.9783,,22.21,22.011,-0.39066,,50
2020-09-09 00:50:00,0.0,-2.7752,0.0,0.2371999999999999,0.0,13.882,0.0046499999999999,0.0,0.0,-0.0042399999999999,0.0,0.42868,0.0,-3.2039,,22.209,22.02,-0.38651,,50
2020-09-09 00:51:00,0.0,-2.6624,0.0,0.24243,0.0,13.883,0.0046499999999999,0.0,0.0,-0.0021199999999999,0.0,0.47381,0.0,-3.1362,,22.206,22.024,-0.3874799999999999,,50
2020-09-09 00:52:00,0.0,-2.7301,0.0,0.2517499999999999,0.0,13.882,0.00451,0.0,0.0,0.0021199999999999,0.0,0.47381,0.0,-3.2039,,22.199,22.015,-0.38845,,50
2020-09-09 00:53:00,0.0,-2.7526,0.0,0.21837,0.0,13.882,0.00423,0.0,0.0,0.0042399999999999,0.0,0.4963699999999999,0.0,-3.249,,22.19,22.009,-0.40971,,50
2020-09-09 00:54:00,0.0,-2.7075,0.0,0.22295,0.0,13.881,0.0046499999999999,0.0,0.0,-0.0042399999999999,0.0,0.4963699999999999,0.0,-3.2039,,22.2,22.021,-0.4013499999999999,,50
2020-09-09 00:55:00,0.0,-2.7301,0.0,0.2017799999999999,0.0,13.882,0.00451,0.0,0.0,-0.00636,0.0,0.51893,0.0,-3.249,,22.201,22.023,-0.4078899999999999,,50
2020-09-09 00:56:00,0.0,-2.7301,0.0,0.20549,0.0,13.882,0.00451,0.0,0.0,0.0,0.0,0.4512499999999999,0.0,-3.1813,,22.208,22.039,-0.40693,,50
2020-09-09 00:57:00,0.0,-2.7978,0.0,0.20721,0.0,13.881,0.0046499999999999,0.0,-0.0001399999999999,-0.0042399999999999,0.0,0.5414999999999999,0.0,-3.3392,,22.213,22.035,-0.41536,,50
2020-09-09 00:58:00,0.0,-2.6398,0.0,0.2177399999999999,0.0,13.882,0.00423,0.0,0.0,-0.0021199999999999,0.0,0.56406,0.0,-3.2039,,22.218,22.041,-0.4165599999999999,,50
2020-09-09 00:59:00,0.0,-2.7301,0.0,0.2078599999999999,0.0,13.882,0.00395,0.0,0.0,0.0,0.0,0.4963699999999999,0.0,-3.2264,,22.217,22.044,-0.41382,,50
2020-09-09 01:00:00,0.0,-2.6849,0.0,0.2157,0.0,13.882,0.0046499999999999,0.0,0.0,-0.0084799999999999,0.0,0.4512499999999999,0.0,-3.1362,,22.244,22.071,-0.40732,,50
2020-09-09 01:01:00,0.0,-2.6867,0.0,0.2013699999999999,0.0,13.88,0.0037699999999999,0.0,0.0,-0.00587,0.0,0.64563,0.0,-3.3323,,22.246,22.092,-0.42268,,50
2020-09-09 01:02:00,0.0,-2.9783,0.0,0.1853299999999999,0.0,13.881,0.00367,0.0,0.0,-0.0042399999999999,0.0,0.56406,0.0,-3.5423,,22.259,22.105,-0.4222,,50
2020-09-09 01:03:00,0.0,-2.7075,0.0,0.1883199999999999,0.0,13.881,0.00381,0.0,0.0,-0.0084799999999999,0.0,0.58662,0.0,-3.2941,,22.262,22.105,-0.42297,,50
2020-09-09 01:04:00,0.0,-2.7075,0.0,0.17333,0.0,13.881,0.00423,0.0,0.0,-0.0042399999999999,0.0,0.58662,0.0,-3.2941,,22.264,22.096,-0.42768,,50
2020-09-09 01:05:00,0.0,-2.6624,0.0,0.17391,0.0,13.881,0.0046499999999999,0.0,0.0,-0.0106,0.0,0.4963699999999999,0.0,-3.1588,,22.284,22.116,-0.42463,,50
2020-09-09 01:06:00,0.0,-2.6173,0.0,0.19009,0.0,13.881,0.0043699999999999,0.0,0.0,-0.0084799999999999,0.0,0.56406,0.0,-3.1813,,22.297,22.136,-0.4307699999999999,,50
2020-09-09 01:07:00,0.0,-2.7526,0.0,0.2029499999999999,0.0,13.881,0.00395,0.0,0.0,0.0,0.0,0.51893,0.0,-3.2716,,22.312,22.162,-0.43034,,50
2020-09-09 01:08:00,0.0,-2.7075,0.0,0.22206,0.0,13.881,0.00423,0.0,0.0,-0.0084799999999999,0.0,0.5414999999999999,0.0,-3.249,,22.335,22.195,-0.4261599999999999,,50
2020-09-09 01:09:00,0.0,-2.6849,0.0,0.2010099999999999,0.0,13.881,0.0043699999999999,0.0,0.0,-0.0106,0.0,0.4512499999999999,0.0,-3.1362,,22.347,22.199,-0.4415799999999999,,50
2020-09-09 01:10:00,0.0,-2.6849,0.0,0.19774,0.0,13.881,0.0043699999999999,0.0,0.0,-0.00636,0.0,0.51893,0.0,-3.2039,,22.353,22.205,-0.43757,,50
2020-09-09 01:11:00,0.0,-2.6849,0.0,0.21043,0.0,13.879,0.0043699999999999,0.0,0.0,0.0,0.0,0.51893,0.0,-3.2039,,22.359,22.211,-0.4396999999999999,,50
2020-09-09 01:12:00,0.0,-2.6849,0.0,0.20815,0.0,13.88,0.0043699999999999,0.0,0.0,0.00636,0.0,0.5414999999999999,0.0,-3.2264,,22.357,22.203,-0.45339,,50
2020-09-09 01:13:00,0.0,-2.7075,0.0,0.2403299999999999,0.0,13.881,0.00381,0.0,0.0,-0.0084799999999999,0.0,0.56406,0.0,-3.2716,,22.37,22.219,-0.44539,,50
2020-09-09 01:14:00,0.0,-2.5947,0.0,0.23535,0.0,13.881,0.0040899999999999,0.0,0.0,0.0021199999999999,0.0,0.4963699999999999,0.0,-3.0911,,22.374,22.225,-0.44645,,50
2020-09-09 01:15:00,0.0,-2.6624,0.0,0.2466599999999999,0.0,13.881,0.0046499999999999,0.0,0.0,0.0042399999999999,0.0,0.51893,0.0,-3.1813,,22.377,22.232,-0.448,,50
2020-09-09 01:16:00,0.0,-2.5721,0.0,0.23422,0.0,13.88,0.0046499999999999,0.0,0.0001399999999999,0.0084799999999999,0.0,0.42868,0.0,-3.0008,,22.4,22.26,-0.44773,,50
2020-09-09 01:17:00,0.0,-2.5947,0.0,0.23665,0.0,13.88,0.0043699999999999,0.0,-0.0002799999999999,-0.00636,0.0,0.5414999999999999,0.0,-3.1362,,22.405,22.282,-0.45533,,50
2020-09-09 01:18:00,0.0,-2.9106,0.0,0.24185,0.0,13.881,0.00451,0.0,-0.0001399999999999,0.0,0.0,0.5414999999999999,0.0,-3.452,,22.423,22.293,-0.4545799999999999,,50
2020-09-09 01:19:00,0.0,-2.888,0.0,0.22453,0.0,13.88,0.00479,0.0,0.0,0.0042399999999999,0.0,0.51893,0.0,-3.4069,,22.433,22.294,-0.45499,,50
2020-09-09 01:20:00,0.0,-2.8203,0.0,0.21295,0.0,13.88,0.00451,0.0,-0.0001399999999999,-0.0042399999999999,0.0,0.60918,0.0,-3.4295,,22.433,22.284,-0.45726,,50
2020-09-09 01:21:00,0.0,-2.9783,0.0,0.1859,0.0,13.879,0.00423,0.0,-0.0001399999999999,-0.0042399999999999,0.0,0.47381,0.0,-3.452,,22.438,22.283,-0.4655099999999999,,50
2020-09-09 01:22:00,0.0,-2.6398,0.0,0.16958,0.0,13.879,0.00479,0.0,0.0,0.0106,0.0,0.3609999999999999,0.0,-3.0008,,22.451,22.28,-0.4561899999999999,,50
2020-09-09 01:23:00,0.0,-2.4819,0.0,0.1767499999999999,0.0,13.878,0.0049399999999999,0.0,0.0,0.0021199999999999,0.0,0.4963699999999999,0.0,-2.9783,,22.457,22.278,-0.4562399999999999,,50
2020-09-09 01:24:00,0.0,-2.6398,0.0,0.1804099999999999,0.0,13.879,0.00479,0.0,0.0,-0.0106,0.0,0.38356,0.0,-3.0234,,22.451,22.272,-0.4580099999999999,,50
2020-09-09 01:25:00,0.0,-2.7301,0.0,0.22023,0.0,13.879,0.00353,0.0,0.0,-0.0148299999999999,0.0,0.63175,0.0,-3.3618,,22.458,22.274,-0.4545,,50
2020-09-09 01:26:00,0.0,-2.6849,0.0,0.1923,0.0,13.879,0.0046499999999999,0.0,0.0,0.0042399999999999,0.0,0.4963699999999999,0.0,-3.1813,,22.457,22.26,-0.4601399999999999,,50
2020-09-09 01:27:00,0.0,-2.7978,0.0,0.1956,0.0,13.879,0.00423,0.0,0.0,-0.0084799999999999,0.0,0.4512499999999999,0.0,-3.249,,22.446,22.24,-0.4643399999999999,,50
2020-09-09 01:28:00,0.0,-2.6624,0.0,0.2018099999999999,0.0,13.878,0.0043699999999999,0.0,0.0,-0.0042399999999999,0.0,0.56406,0.0,-3.2264,,22.452,22.239,-0.4541299999999999,,50
2020-09-09 01:29:00,0.0,-2.9783,0.0,0.21883,0.0,13.878,0.00381,0.0,0.0,0.0,0.0,0.4963699999999999,0.0,-3.4746,,22.461,22.259,-0.44606,,50
2020-09-09 01:30:00,0.0,-2.6849,0.0,0.2148299999999999,0.0,13.879,0.0043699999999999,0.0,0.0,-0.0106,0.0,0.38356,0.0,-3.0685,,22.469,22.284,-0.44977,,50
2020-09-09 01:31:00,0.0,-2.8429,0.0,0.23818,0.0,13.878,0.00381,0.0,-0.0001399999999999,-0.0084799999999999,0.0,0.56406,0.0,-3.4069,,22.476,22.294,-0.4512999999999999,,50
2020-09-09 01:32:00,0.0,-2.7752,0.0,0.24364,0.0,13.879,0.0043699999999999,0.0,0.0,0.0,0.0,0.56406,0.0,-3.3392,,22.48,22.301,-0.44449,,50
2020-09-09 01:33:00,0.0,-2.6849,0.0,0.24135,0.0,13.877,0.0046499999999999,0.0,0.0,0.0021199999999999,0.0,0.42868,0.0,-3.1136,,22.484,22.304,-0.43973,,50
2020-09-09 01:34:00,0.0,-2.6398,0.0,0.29271,0.0,13.878,0.00381,0.0,0.0,-0.0084799999999999,0.0,0.58662,0.0,-3.2264,,22.484,22.302,-0.43207,,50
2020-09-09 01:35:00,0.0,-2.9557,0.0,0.3100399999999999,0.0,13.878,0.0043699999999999,0.0,0.0,0.01271,0.0,0.42868,0.0,-3.3843,,22.499,22.311,-0.4252699999999999,,50
2020-09-09 01:36:00,0.0,-2.7978,0.0,0.2908999999999999,0.0,13.878,0.00423,0.0,-0.0001399999999999,0.00636,0.0,0.4963699999999999,0.0,-3.2941,,22.507,22.314,-0.4231599999999999,,50
2020-09-09 01:37:00,0.0,-2.6849,0.0,0.2777399999999999,0.0,13.878,0.0049399999999999,0.0,0.0,0.0,0.0,0.47381,0.0,-3.1588,,22.504,22.313,-0.41936,,50
2020-09-09 01:38:00,0.0,-3.0234,0.0,0.29987,0.0,13.878,0.00367,0.0,0.0,-0.0042399999999999,0.0,0.4963699999999999,0.0,-3.5197,,22.5,22.311,-0.4299899999999999,,50
2020-09-09 01:39:00,0.0,-2.6849,0.0,0.28752,0.0,13.877,0.00451,0.0,0.0,-0.0021199999999999,0.0,0.42868,0.0,-3.1136,,22.502,22.309,-0.42712,,50
2020-09-09 01:40:00,0.0,-2.8654,0.0,0.3022699999999999,0.0,13.877,0.00367,0.0,0.0,-0.0042399999999999,0.0,0.4963699999999999,0.0,-3.3618,,22.493,22.299,-0.41813,,50
2020-09-09 01:41:00,0.0,-2.6849,0.0,0.27088,0.0,13.878,0.0046499999999999,0.0,0.0,-0.0021199999999999,0.0,0.47381,0.0,-3.1588,,22.492,22.293,-0.4197299999999999,,50
2020-09-09 01:42:00,0.0,-2.6398,0.0,0.25146,0.0,13.877,0.0040899999999999,0.0,0.0,-0.0021199999999999,0.0,0.47381,0.0,-3.1136,,22.496,22.297,-0.41946,,50
2020-09-09 01:43:00,0.0,-2.8429,0.0,0.2565799999999999,0.0,13.876,0.0043699999999999,0.0,0.0,-0.01271,0.0,0.4512499999999999,0.0,-3.2941,,22.51,22.319,-0.4136099999999999,,50
2020-09-09 01:44:00,0.0,-2.6849,0.0,0.24056,0.0,13.876,0.00451,0.0,0.0,-0.0021199999999999,0.0,0.47381,0.0,-3.1588,,22.522,22.34,-0.41104,,50
2020-09-09 01:45:00,0.0,-2.7752,0.0,0.2326,0.0,13.877,0.00381,0.0,0.0,-0.00636,0.0,0.4512499999999999,0.0,-3.2264,,22.535,22.356,-0.41425,,50
2020-09-09 01:46:00,0.0,-2.7526,0.0,0.2336199999999999,0.0,13.876,0.0043699999999999,0.0,0.0,-0.01271,0.0,0.47381,0.0,-3.2264,,22.548,22.376,-0.4084599999999999,,50
2020-09-09 01:47:00,0.0,-2.8429,0.0,0.22686,0.0,13.876,0.00381,0.0,0.0,-0.0021199999999999,0.0,0.4963699999999999,0.0,-3.3392,,22.554,22.385,-0.40343,,50
2020-09-09 01:48:00,0.0,-2.7075,0.0,0.22431,0.0,13.876,0.00353,0.0,0.0,-0.01271,0.0,0.60918,0.0,-3.3166,,22.562,22.386,-0.40704,,50
2020-09-09 01:49:00,0.0,-2.8429,0.0,0.20462,0.0,13.876,0.00381,0.0,0.0,-0.0021199999999999,0.0,0.5414999999999999,0.0,-3.3843,,22.57,22.399,-0.41765,,50
2020-09-09 01:50:00,0.0,-2.5947,0.0,0.16807,0.0,13.876,0.0049399999999999,0.0,0.0,0.00636,0.0,0.47381,0.0,-3.0685,,22.589,22.415,-0.41497,,50
2020-09-09 01:51:00,0.0,-2.6849,0.0,0.1886599999999999,0.0,13.875,0.00479,0.0,0.0,-0.0021199999999999,0.0,0.4963699999999999,0.0,-3.1813,,22.608,22.439,-0.40822,,50
2020-09-09 01:52:00,0.0,-2.7526,0.0,0.1839,0.0,13.876,0.0040899999999999,0.0,0.0,0.0042399999999999,0.0,0.4512499999999999,0.0,-3.2039,,22.615,22.459,-0.4141699999999999,,50
2020-09-09 01:53:00,0.0,-2.7301,0.0,0.16145,0.0,13.875,0.00451,0.0,-0.0001399999999999,0.0021199999999999,0.0,0.4512499999999999,0.0,-3.1813,,22.627,22.476,-0.4166699999999999,,50
2020-09-09 01:54:00,0.0,-2.5496,0.0,0.16159,0.0,13.875,0.00423,0.0,0.0,-0.0042399999999999,0.0,0.4512499999999999,0.0,-3.0008,,22.642,22.501,-0.41343,,50
2020-09-09 01:55:00,0.0,-2.7075,0.0,0.17347,0.0,13.876,0.00423,0.0,0.0,-0.00636,0.0,0.4061199999999999,0.0,-3.1136,,22.655,22.514,-0.41752,,50
2020-09-09 01:56:00,0.0,-2.7526,0.0,0.1787999999999999,0.0,13.876,0.00423,0.0,0.0,-0.0084799999999999,0.0,0.42868,0.0,-3.1813,,22.664,22.529,-0.41058,,50
2020-09-09 01:57:00,0.0,-3.0234,0.0,0.19059,0.0,13.875,0.00353,0.0,0.0,0.0021199999999999,0.0,0.5414999999999999,0.0,-3.5648,,22.678,22.549,-0.4157,,50
2020-09-09 01:58:00,0.0,-2.6398,0.0,0.18153,0.0,13.875,0.0046499999999999,0.0,0.0,0.01059,0.0,0.4061199999999999,0.0,-3.0459,,22.689,22.569,-0.4033399999999999,,50
2020-09-09 01:59:00,0.0,-2.6849,0.0,0.2055599999999999,0.0,13.875,0.0043699999999999,0.0,0.0,0.01271,0.0,0.58662,0.0,-3.2716,,22.689,22.572,-0.4094599999999999,,50
2020-09-09 02:00:00,0.0,-2.6624,0.0,0.17638,0.0,13.875,0.0040899999999999,0.0,0.0,-0.0084799999999999,0.0,0.47381,0.0,-3.1362,,22.69,22.574,-0.4177699999999999,,50
2020-09-09 02:01:00,0.0,-2.6849,0.0,0.14834,0.0,13.875,0.00381,0.0,0.0,-0.0042399999999999,0.0,0.4512499999999999,0.0,-3.1362,,22.702,22.585,-0.4201699999999999,,50
2020-09-09 02:02:00,0.0,-2.6849,0.0,0.06364,0.0,13.875,0.00381,0.0,0.0,-0.0084799999999999,0.0,0.56406,0.0,-3.249,,22.702,22.583,-0.43973,,50
2020-09-09 02:03:00,0.0,-2.6624,0.0,-0.0067999999999999,0.0,13.875,0.00367,0.0,0.0,-0.0042399999999999,0.0,0.56406,0.0,-3.2264,,22.703,22.572,-0.4490899999999999,,50
2020-09-09 02:04:00,0.0,-2.6624,0.0,-0.01435,0.0,13.874,0.0040899999999999,0.0,-0.0001399999999999,-0.0021199999999999,0.0,0.4963699999999999,0.0,-3.1588,,22.711,22.58,-0.4378,,50
2020-09-09 02:05:00,0.0,-2.6624,0.0,-0.0514999999999999,0.0,13.875,0.00423,0.0,0.0,-0.00636,0.0,0.4963699999999999,0.0,-3.1588,,22.7,22.57,-0.45266,,50
2020-09-09 02:06:00,0.0,-2.6398,0.0,-0.02952,0.0,13.875,0.0040899999999999,0.0,0.0,-0.00636,0.0,0.58662,0.0,-3.2264,,22.686,22.552,-0.44893,,50
2020-09-09 02:07:00,0.0,-2.6624,0.0,-0.0264099999999999,0.0,13.874,0.00367,0.0,0.0,-0.0042399999999999,0.0,0.4061199999999999,0.0,-3.0685,,22.681,22.542,-0.4452499999999999,,50
2020-09-09 02:08:00,0.0,-2.5496,0.0,-0.0243899999999999,0.0,13.873,0.00451,0.0,0.0,0.01059,0.0,0.47381,0.0,-3.0234,,22.662,22.52,-0.4536299999999999,,50
2020-09-09 02:09:00,0.0,-2.5721,0.0,-0.02034,0.0,13.874,0.00423,0.0,0.0,0.0021199999999999,0.0,0.47381,0.0,-3.0459,,22.666,22.523,-0.44834,,50
2020-09-09 02:10:00,0.0,-2.5496,0.0,-0.0002,0.0,13.874,0.00338,0.0,0.0,-0.01271,0.0,0.4061199999999999,0.0,-2.9557,,22.673,22.545,-0.45077,,50
2020-09-09 02:11:00,0.0,-2.7752,0.0,0.0396099999999999,0.0,13.873,0.00338,0.0,0.0,-0.01271,0.0,0.60918,0.0,-3.3843,,22.682,22.557,-0.4551299999999999,,50
2020-09-09 02:12:00,0.0,-2.7978,0.0,0.06454,0.0,13.875,0.00381,0.0,0.0,-0.0021199999999999,0.0,0.51893,0.0,-3.3166,,22.703,22.57,-0.44234,,50
2020-09-09 02:13:00,0.0,-2.5496,0.0,0.04644,0.0,13.875,0.00451,0.0,0.0,0.01271,0.0,0.4512499999999999,0.0,-3.0008,,22.713,22.579,-0.45844,,50
2020-09-09 02:14:00,0.0,-2.8203,0.0,0.0661299999999999,0.0,13.873,0.00395,0.0,0.0,-0.0042399999999999,0.0,0.51893,0.0,-3.3392,,22.726,22.595,-0.45483,,50
2020-09-09 02:15:00,0.0,-2.527,0.0,0.05056,0.0,13.873,0.0046499999999999,0.0,0.0,0.01059,0.0,0.4512499999999999,0.0,-2.9783,,22.733,22.614,-0.45489,,50
2020-09-09 02:16:00,0.0,-2.7075,0.0,0.05349,0.0,13.873,0.00381,0.0,0.0,-0.0084799999999999,0.0,0.38356,0.0,-3.0911,,22.741,22.634,-0.46111,,50
2020-09-09 02:17:00,0.0,-2.6173,0.0,0.05632,0.0,13.873,0.00338,0.0,0.0,-0.0021199999999999,0.0,0.51893,0.0,-3.1362,,22.757,22.645,-0.4604599999999999,,50
2020-09-09 02:18:00,0.0,-2.7978,0.0,0.0508199999999999,0.0,13.872,0.00338,0.0,0.0,-0.01907,0.0,0.58662,0.0,-3.3843,,22.76,22.651,-0.4716,,50
2020-09-09 02:19:00,0.0,-2.9106,0.0,0.04127,0.0,13.873,0.00367,0.0,-0.0001399999999999,0.00636,0.0,0.5414999999999999,0.0,-3.452,,22.772,22.659,-0.4619099999999999,,50
2020-09-09 02:20:00,0.0,-2.8654,0.0,0.03862,0.0,13.873,0.00338,0.0,0.0,-0.0084799999999999,0.0,0.60918,0.0,-3.4746,,22.768,22.659,-0.47626,,50
2020-09-09 02:21:00,0.0,-2.8203,0.0,0.00566,0.0,13.873,0.00353,0.0,0.0,-0.0084799999999999,0.0,0.56406,0.0,-3.3843,,22.775,22.668,-0.48315,,50
2020-09-09 02:22:00,0.0,-2.7526,0.0,0.0050099999999999,0.0,13.872,0.00353,0.0,0.0,-0.0042399999999999,0.0,0.4512499999999999,0.0,-3.2039,,22.783,22.678,-0.47654,,50
2020-09-09 02:23:00,0.0,-2.8203,0.0,0.07324,0.0,13.873,0.00338,0.0,0.0,-0.0021199999999999,0.0,0.63175,0.0,-3.452,,22.792,22.691,-0.46816,,50
2020-09-09 02:24:00,0.0,-2.6398,0.0,0.0773299999999999,0.0,13.872,0.00395,0.0,0.0,0.0042399999999999,0.0,0.40611,0.0,-3.0459,,22.8,22.7,-0.4655099999999999,,50
2020-09-09 02:25:00,0.0,-2.6849,0.0,0.0873599999999999,0.0,13.872,0.00367,0.0,0.0,0.0021199999999999,0.0,0.5414999999999999,0.0,-3.2264,,22.807,22.702,-0.4632899999999999,,50
2020-09-09 02:26:00,0.0,-2.888,0.0,0.10809,0.0,13.872,0.00338,0.0,0.0,-0.01059,0.0,0.5414999999999999,0.0,-3.4295,,22.825,22.71,-0.46122,,50
2020-09-09 02:27:00,0.0,-2.6172,0.0,0.08114,0.0,13.871,0.0040899999999999,0.0,0.0,-0.0084799999999999,0.0,0.42868,0.0,-3.0459,,22.829,22.711,-0.4695199999999999,,50
2020-09-09 02:28:00,0.0,-2.7526,0.0,0.0879599999999999,0.0,13.872,0.00353,0.0,0.0,-0.0084799999999999,0.0,0.51893,0.0,-3.2715,,22.836,22.719,-0.4641299999999999,,50
2020-09-09 02:29:00,0.0,-2.7075,0.0,0.12012,0.0,13.872,0.00381,0.0,0.0,-0.01059,0.0,0.63175,0.0,-3.3392,,22.843,22.725,-0.4626799999999999,,50
2020-09-09 02:30:00,0.0,-2.7752,0.0,0.11385,0.0,13.871,0.00381,0.0,0.0,-0.0042399999999999,0.0,0.51893,0.0,-3.2941,,22.851,22.733,-0.46559,,50
2020-09-09 02:31:00,0.0,-2.6398,0.0,0.10933,0.0,13.87,0.00451,0.0,0.0001399999999999,-0.01059,0.0,0.4512499999999999,0.0,-3.091,,22.86,22.742,-0.45983,,50
2020-09-09 02:32:00,0.0,-2.7977,0.0,0.10448,0.0,13.871,0.00381,0.0,0.0,0.0,0.0,0.4963699999999999,0.0,-3.2941,,22.871,22.752,-0.4677299999999999,,50
2020-09-09 02:33:00,0.0,-2.7752,0.0,0.08028,0.0,13.87,0.00381,0.0,0.0,0.0021199999999999,0.0,0.54149,0.0,-3.3166,,22.891,22.769,-0.4699599999999999,,50
2020-09-09 02:34:00,0.0,-2.5947,0.0,0.05709,0.0,13.87,0.00479,0.0,0.0,0.0084799999999999,0.0,0.38356,0.0,-2.9783,,22.9,22.772,-0.47738,,50
2020-09-09 02:35:00,0.0,-2.6172,0.0,0.08711,0.0,13.87,0.00353,0.0,0.0,-0.00636,0.0,0.38355,0.0,-3.0008,,22.91,22.779,-0.4722399999999999,,50
2020-09-09 02:36:00,0.0,-2.7075,0.0,0.12131,0.0,13.87,0.0046499999999999,0.0,0.0,0.00636,0.0,0.47381,0.0,-3.1813,,22.914,22.779,-0.46842,,50
2020-09-09 02:37:00,0.0,-2.7751,0.0,0.14482,0.0,13.87,0.00353,0.0,0.0,0.0021199999999999,0.0,0.69943,0.0,-3.4745,,22.931,22.782,-0.46155,,50
2020-09-09 02:38:00,0.0,-3.0008,0.0,0.11201,0.0,13.869,0.00338,0.0,0.0,-0.0084799999999999,0.0,0.4512499999999999,0.0,-3.452,,22.943,22.79,-0.46992,,50
2020-09-09 02:39:00,0.0,-2.5495,0.0,0.0704599999999999,0.0,13.869,0.0040899999999999,0.0,0.0,0.01059,0.0,0.5414799999999999,0.0,-3.091,,22.948,22.809,-0.4721299999999999,,50
2020-09-09 02:40:00,0.0,-2.7074,0.0,0.06089,0.0,13.87,0.00381,0.0,0.0,0.0084799999999999,0.0,0.54149,0.0,-3.2489,,22.959,22.822,-0.4745599999999999,,50
2020-09-09 02:41:00,0.0,-2.8429,0.0,0.06288,0.0,13.87,0.00338,0.0,0.0,-0.02119,0.0,0.65429,0.0,-3.4971,,22.956,22.82,-0.4827,,50
2020-09-09 02:42:00,0.0,-2.7526,0.0,0.03762,0.0,13.87,0.00381,0.0,0.0,0.0042399999999999,0.0,0.49636,0.0,-3.2489,,22.965,22.818,-0.47891,,50
2020-09-09 02:43:00,0.0,-2.5495,0.0,0.01982,0.0,13.869,0.00423,0.0,0.0,-0.0084799999999999,0.0,0.4738,0.0,-3.0233,,22.956,22.806,-0.4776699999999999,,50
2020-09-09 02:44:00,0.0,-2.6172,0.0,0.0400599999999999,0.0,13.869,0.00338,0.0,0.0,-0.01907,0.0,0.5189099999999999,0.0,-3.1361,,22.946,22.79,-0.4817299999999999,,50
2020-09-09 02:45:00,0.0,-2.6397,0.0,0.032,0.0,13.869,0.00367,0.0,0.0,-0.0042399999999999,0.0,0.4738,0.0,-3.1135,,22.941,22.783,-0.4894,,50
2020-09-09 02:46:00,0.0,-2.7977,0.0,0.0080199999999999,0.0,13.868,0.00367,-0.0021199999999999,0.0,-0.00636,0.0,0.45123,0.0,-3.2489,,22.931,22.77,-0.49864,,50
2020-09-09 02:47:00,0.0,-2.8652,0.0,-0.00995,0.0,13.869,0.00367,0.0,0.0,0.0,0.0,0.45123,0.0,-3.3164,,22.935,22.771,-0.4960999999999999,,50
2020-09-09 02:48:00,0.0,-2.7525,0.0,-0.0149599999999999,0.0,13.869,0.00395,-0.0021199999999999,0.0,-0.0021199999999999,0.0,0.54147,0.0,-3.2939,,22.943,22.786,-0.48974,,50
2020-09-09 02:49:00,0.0,-2.6848,0.0,-0.03493,0.0,13.868,0.0040899999999999,0.0,0.0,0.00636,0.0,0.54146,0.0,-3.2263,,22.944,22.795,-0.48902,,50
2020-09-09 02:50:00,0.0,-2.5945,0.0,-0.03515,0.0,13.868,0.0043699999999999,0.0,-0.0001399999999999,-0.01271,0.0,0.42867,0.0,-3.0232,,22.953,22.801,-0.4919799999999999,,50
2020-09-09 02:51:00,0.0,-2.6623,0.0,-0.0290499999999999,0.0,13.869,0.00338,0.0,0.0,-0.0042399999999999,0.0,0.5640199999999999,0.0,-3.2263,,22.956,22.8,-0.49152,,50
2020-09-09 02:52:00,0.0,-2.7073,0.0,-0.02648,0.0,13.868,0.0040899999999999,0.0,0.0,-0.00636,0.0,0.4737899999999999,0.0,-3.1811,,22.958,22.805,-0.4913699999999999,,50
2020-09-09 02:53:00,0.0,-2.7975,0.0,-0.01592,0.0,13.868,0.00395,0.0,0.0,-0.0021199999999999,0.0,0.4511999999999999,0.0,-3.2487,,22.976,22.825,-0.48376,,50
2020-09-09 02:54:00,0.0,-2.7525,0.0,-0.01107,0.0,13.868,0.00353,0.0,0.0,0.00636,0.0,0.4737799999999999,0.0,-3.2263,,22.986,22.823,-0.4863199999999999,,50
2020-09-09 02:55:00,0.0,-2.775,0.0,0.00223,0.0,13.868,0.00353,0.0,0.0,-0.0084799999999999,0.0,0.45121,0.0,-3.2262,,22.98,22.811,-0.4938199999999999,,50
2020-09-09 02:56:00,0.0,-2.7298,0.0,0.02338,0.0,13.868,0.00353,0.0,0.0,0.0,0.0,0.4737799999999999,0.0,-3.2036,,22.975,22.799,-0.5045899999999999,,50
2020-09-09 02:57:00,0.0,-2.7975,0.0,0.0347599999999999,0.0,13.868,0.00338,0.0,0.0,0.0042399999999999,0.0,0.4286499999999999,0.0,-3.2261,,22.968,22.792,-0.49925,,50
2020-09-09 02:58:00,0.0,-2.6621,0.0,0.03663,0.0,13.868,0.00367,0.0,0.0,-0.0042399999999999,0.0,0.4963299999999999,0.0,-3.1584,,22.965,22.784,-0.4990899999999999,,50
2020-09-09 02:59:00,0.0,-2.7073,0.0,0.0327199999999999,0.0,13.867,0.00338,0.0,0.0,-0.0042399999999999,0.0,0.4963299999999999,0.0,-3.2037,,22.961,22.785,-0.49623,,50
2020-09-09 03:00:00,0.0,-2.775,0.0,0.03692,0.0,13.867,0.00353,0.0,0.0,-0.01059,0.0,0.6091499999999999,0.0,-3.3841,,22.961,22.774,-0.4901599999999999,,50
2020-09-09 03:01:00,0.0,-2.7975,0.0,0.03239,0.0,13.867,0.00338,0.0,0.0,-0.0042399999999999,0.0,0.6767999999999998,0.0,-3.4742,,22.953,22.769,-0.4948,,50
2020-09-09 03:02:00,0.0,-2.5494,0.0,0.02091,0.0,13.867,0.00338,0.0,0.0,-0.01059,0.0,0.6091199999999999,0.0,-3.1585,,22.959,22.783,-0.4999199999999999,,50
2020-09-09 03:03:00,0.0,-2.8426,0.0,0.0311799999999999,0.0,13.867,0.00338,0.0,0.0,0.0,0.0,0.56401,0.0,-3.4066,,22.974,22.811,-0.49113,,50
2020-09-09 03:04:00,0.0,-2.7524,0.0,0.02587,0.0,13.867,0.00353,0.0,0.0,-0.0084799999999999,0.0,0.5414499999999999,0.0,-3.2938,,22.98,22.829,-0.4945399999999999,,50
2020-09-09 03:05:00,0.0,-2.6396,0.0,0.01362,0.0,13.867,0.00353,0.0,0.0,-0.0021199999999999,0.0,0.51888,0.0,-3.1585,,22.989,22.845,-0.50375,,50
2020-09-09 03:06:00,0.0,-2.7298,0.0,0.0090399999999999,0.0,13.867,0.00338,0.0,0.0,-0.0021199999999999,0.0,0.47376,0.0,-3.2036,,22.997,22.853,-0.50666,,50
2020-09-09 03:07:00,0.0,-2.7072,0.0,0.0096799999999999,0.0,13.866,0.00367,0.0,0.0,-0.0021199999999999,0.0,0.47377,0.0,-3.1809,,23.015,22.877,-0.5035,,50
2020-09-09 03:08:00,0.0,-2.7073,0.0,0.0039699999999999,0.0,13.866,0.00353,0.0,0.0,0.0042399999999999,0.0,0.4511899999999999,0.0,-3.1585,,23.034,22.897,-0.5082299999999998,,50
2020-09-09 03:09:00,0.0,-2.7523,0.0,-0.0152599999999999,0.0,13.866,0.00338,0.0,0.0,-0.0042399999999999,0.0,0.4511999999999999,0.0,-3.2035,,23.041,22.914,-0.50814,,50
2020-09-09 03:10:00,0.0,-2.7072,0.0,-0.0107899999999999,0.0,13.866,0.00352,0.0,0.0,-0.0042399999999999,0.0,0.4963099999999999,0.0,-3.2035,,23.061,22.937,-0.4978099999999999,,50
2020-09-09 03:11:00,0.0,-2.7297,0.0,-0.0101899999999999,0.0,13.867,0.00338,0.0,0.0,-0.01271,0.0,0.564,0.0,-3.2936,,23.075,22.949,-0.49795,,50
2020-09-09 03:12:00,0.0,-2.7974,0.0,-0.03676,0.0,13.866,0.00367,0.0,0.0,-0.0021199999999999,0.0,0.4511899999999999,0.0,-3.2486,,23.081,22.949,-0.50719,,50
2020-09-09 03:13:00,0.0,-2.6395,0.0,-0.0654399999999999,0.0,13.866,0.00338,0.0,0.0,-0.0042399999999999,0.0,0.42863,0.0,-3.0681,,23.093,22.96,-0.5104499999999998,,50
2020-09-09 03:14:00,0.0,-2.7297,0.0,-0.12562,0.0,13.866,0.00367,-0.0021199999999999,0.0,0.0,0.0,0.5188599999999999,0.0,-3.2486,,23.094,22.965,-0.538,,50
2020-09-09 03:15:00,0.0,-2.6845,0.0,-0.18612,0.0,13.866,0.00352,0.0,0.0,0.0,0.0,0.5188599999999999,0.0,-3.2034,,23.097,22.967,-0.5499899999999999,,50
2020-09-09 03:16:00,0.0,-2.8199,0.0,-0.2296499999999999,0.0,13.865,0.00352,-0.0021199999999999,0.0,0.0042399999999999,0.0,0.47375,0.0,-3.2936,,23.113,22.98,-0.54168,,50
2020-09-09 03:17:00,0.0,-2.8425,0.0,-0.17205,0.0,13.865,0.00352,0.0,0.0,0.0,0.0,0.4963099999999999,0.0,-3.3387,,23.117,22.988,-0.52929,,50
2020-09-09 03:18:00,0.0,-2.7748,0.0,-0.0871699999999999,0.0,13.866,0.00381,-0.0021199999999999,0.0,-0.0084799999999999,0.0,0.4511899999999999,0.0,-3.226,,23.124,23.001,-0.51949,,50
2020-09-09 03:19:00,0.0,-2.8424,0.0,-0.0050499999999999,0.0,13.865,0.00338,0.0,0.0,-0.0084799999999999,0.0,0.51887,0.0,-3.3613,,23.129,23.012,-0.51605,,50
2020-09-09 03:20:00,0.0,-2.7071,0.0,0.00175,0.0,13.865,0.0040899999999999,0.0,0.0,0.0021199999999999,0.0,0.5414299999999999,0.0,-3.2485,,23.118,23.001,-0.5229399999999998,,50
2020-09-09 03:21:00,0.0,-2.7522,0.0,-0.0258399999999999,0.0,13.864,0.00352,0.0,0.0,-0.01059,0.0,0.5188599999999999,0.0,-3.2711,,23.112,22.995,-0.53042,,50
2020-09-09 03:22:00,0.0,-2.5943,0.0,-0.02756,0.0,13.866,0.00352,0.0,0.0,-0.00636,0.0,0.45118,0.0,-3.0455,,23.117,22.998,-0.52858,,50
2020-09-09 03:23:00,0.0,-2.7297,0.0,-0.0299099999999999,0.0,13.865,0.00352,0.0,0.0,-0.00636,0.0,0.49629,0.0,-3.2259,,23.113,22.991,-0.53569,,50
2020-09-09 03:24:00,0.0,-2.7522,0.0,-0.02112,0.0,13.865,0.00338,0.0,0.0,0.0,0.0,0.45118,0.0,-3.2034,,23.126,23.011,-0.52844,,50
2020-09-09 03:25:00,0.0,-2.7296,0.0,-0.02666,0.0,13.865,0.00367,0.0,0.0,0.0042399999999999,0.0,0.49629,0.0,-3.2259,,23.131,23.021,-0.53492,,50
2020-09-09 03:26:00,0.0,-2.662,0.0,-0.01435,0.0,13.865,0.00367,0.0,0.0,-0.02119,0.0,0.5639699999999999,0.0,-3.2259,,23.133,23.021,-0.5383,,50
2020-09-09 03:27:00,0.0,-2.7747,0.0,-0.0009899999999999,0.0,13.864,0.00338,0.0,0.0,0.01271,0.0,0.4060599999999999,0.0,-3.1808,,23.139,23.023,-0.54154,,50
2020-09-09 03:28:00,0.0,-2.6845,0.0,-0.00786,0.0,13.864,0.00352,-0.0021199999999999,0.0,0.0,0.0,0.49629,0.0,-3.1808,,23.14,23.03,-0.541,,50
2020-09-09 03:29:00,0.0,-2.7973,0.0,0.01014,0.0,13.863,0.0032399999999999,0.0,0.0,-0.00636,0.0,0.56396,0.0,-3.3612,,23.147,23.038,-0.5343299999999999,,50
2020-09-09 03:30:00,0.0,-2.9101,0.0,0.0316699999999999,0.0,13.863,0.00338,0.0,0.0,-0.01695,0.0,0.6316399999999999,0.0,-3.5417,,23.157,23.048,-0.52987,,50
2020-09-09 03:31:00,0.0,-2.9552,0.0,0.0308,0.0,13.863,0.00338,0.0,0.0,-0.0021199999999999,0.0,0.54141,0.0,-3.4966,,23.153,23.041,-0.53686,,50
2020-09-09 03:32:00,0.0,-2.7747,0.0,0.03175,0.0,13.864,0.00395,0.0,0.0,-0.0084799999999999,0.0,0.4737299999999999,0.0,-3.2485,,23.166,23.055,-0.5368699999999998,,50
2020-09-09 03:33:00,0.0,-2.7973,0.0,0.0437499999999999,0.0,13.863,0.00338,0.0,0.0,0.0,0.0,0.6542,0.0,-3.4515,,23.173,23.067,-0.5402299999999999,,50
2020-09-09 03:34:00,0.0,-2.6619,0.0,0.01115,0.0,13.864,0.00352,0.0,0.0,0.0021199999999999,0.0,0.38349,0.0,-3.0454,,23.183,23.08,-0.54574,,50
2020-09-09 03:35:00,0.0,-2.707,0.0,0.0247999999999999,0.0,13.863,0.0032399999999999,0.0,0.0,-0.0084799999999999,0.0,0.4737299999999999,0.0,-3.1808,,23.192,23.086,-0.5393299999999999,,50
2020-09-09 03:36:00,0.0,-2.5717,0.0,-0.00215,0.0,13.864,0.0032399999999999,0.0,0.0,-0.0021199999999999,0.0,0.49629,0.0,-3.068,,23.186,23.075,-0.5470399999999999,,50
2020-09-09 03:37:00,0.0,-2.7296,0.0,-0.01644,0.0,13.863,0.0030999999999999,0.0,0.0,-0.01271,0.0,0.5413999999999999,0.0,-3.271,,23.18,23.063,-0.55135,,50
2020-09-09 03:38:00,0.0,-2.7973,0.0,-0.03171,0.0,13.864,0.0032399999999999,0.0,0.0,0.0,0.0,0.49629,0.0,-3.2935,,23.165,23.038,-0.54498,,50
2020-09-09 03:39:00,0.0,-2.5717,0.0,-0.0412799999999999,0.0,13.862,0.00338,0.0,0.0,0.0042399999999999,0.0,0.4286099999999999,0.0,-3.0003,,23.147,23.014,-0.55062,,50
2020-09-09 03:40:00,0.0,-2.6845,0.0,-0.0124899999999999,0.0,13.863,0.0032399999999999,0.0,0.0,-0.0084799999999999,0.0,0.56396,0.0,-3.2485,,23.147,23.009,-0.5483,,50
2020-09-09 03:41:00,0.0,-2.6619,0.0,-0.01693,0.0,13.863,0.00338,0.0,0.0,-0.0084799999999999,0.0,0.49629,0.0,-3.1582,,23.135,22.995,-0.5462799999999999,,50
2020-09-09 03:42:00,0.0,-2.6394,0.0,0.00139,0.0,13.863,0.00338,0.0,0.0,-0.0021199999999999,0.0,0.6316399999999999,0.0,-3.271,,23.136,22.997,-0.55332,,50
2020-09-09 03:43:00,0.0,-2.9552,0.0,0.00352,0.0,13.863,0.00338,0.0,0.0,-0.0148299999999999,0.0,0.60908,0.0,-3.5642,,23.14,23.012,-0.55406,,50
2020-09-09 03:44:00,0.0,-2.504,0.0,-0.017,0.0,13.863,0.00338,0.0,0.0,-0.0148299999999999,0.0,0.54141,0.0,-3.0454,,23.137,23.011,-0.55993,,50
2020-09-09 03:45:00,0.0,-2.7747,0.0,-0.0313999999999999,0.0,13.863,0.0032399999999999,0.0,0.0,0.0042399999999999,0.0,0.51885,0.0,-3.2935,,23.141,23.024,-0.5603599999999999,,50
2020-09-09 03:46:00,0.0,-2.6619,0.0,-0.0225099999999999,0.0,13.863,0.00296,0.0,0.0,-0.01271,0.0,0.4737299999999999,0.0,-3.1357,,23.156,23.043,-0.55901,,50
2020-09-09 03:47:00,0.0,-2.5943,0.0,-0.02458,0.0,13.863,0.00352,0.0,0.0,-0.0042399999999999,0.0,0.45117,0.0,-3.0454,,23.156,23.046,-0.5649699999999999,,50
2020-09-09 03:48:00,0.0,-2.5491,0.0,-0.02007,0.0,13.862,0.00338,0.0,0.0,-0.0148299999999999,0.0,0.49629,0.0,-3.0454,,23.164,23.051,-0.55176,,50
2020-09-09 03:49:00,0.0,-2.8424,0.0,-0.00982,0.0,13.863,0.00352,0.0,0.0,0.0021199999999999,0.0,0.60908,0.0,-3.4514,,23.168,23.051,-0.5632899999999998,,50
2020-09-09 03:50:00,0.0,-2.6168,0.0,-0.02662,0.0,13.863,0.00338,0.0,0.0,0.0021199999999999,0.0,0.60908,0.0,-3.2259,,23.167,23.052,-0.56949,,50
2020-09-09 03:51:00,0.0,-2.707,0.0,-0.03361,0.0,13.862,0.0032399999999999,0.0,0.0,0.0,0.0,0.51885,0.0,-3.2259,,23.178,23.061,-0.56747,,50
2020-09-09 03:52:00,0.0,-2.7973,0.0,-0.0398099999999999,0.0,13.862,0.00338,0.0,0.0,0.0084799999999999,0.0,0.6316399999999999,0.0,-3.4289,,23.183,23.066,-0.58004,,50
2020-09-09 03:53:00,0.0,-2.7973,0.0,-0.0626499999999999,0.0,13.861,0.00338,0.0,0.0,-0.01907,0.0,0.6316399999999999,0.0,-3.4289,,23.187,23.073,-0.58043,,50
2020-09-09 03:54:00,0.0,-2.8198,0.0,-0.08611,0.0,13.862,0.00381,0.0,0.0,0.00636,0.0,0.49629,0.0,-3.3161,,23.198,23.094,-0.58347,,50
2020-09-09 03:55:00,0.0,-2.865,0.0,-0.06987,0.0,13.862,0.00338,0.0,0.0,-0.0021199999999999,0.0,0.6316399999999999,0.0,-3.4966,,23.196,23.097,-0.5808999999999999,,50
2020-09-09 03:56:00,0.0,-2.9552,0.0,-0.0738899999999999,0.0,13.861,0.00338,0.0,0.0,0.0,0.0,0.56396,0.0,-3.5191,,23.197,23.093,-0.58042,,50
2020-09-09 03:57:00,0.0,-2.6394,0.0,-0.0660899999999999,0.0,13.861,0.00338,0.0,0.0,-0.01059,0.0,0.4286099999999999,0.0,-3.068,,23.206,23.1,-0.57349,,50
2020-09-09 03:58:00,0.0,-2.7296,0.0,-0.0318999999999999,0.0,13.861,0.0030999999999999,-0.0021199999999999,0.0,0.0021199999999999,0.0,0.51885,0.0,-3.2485,,23.204,23.095,-0.5721199999999999,,50
2020-09-09 03:59:00,0.0,-2.5717,0.0,-0.01597,0.0,13.861,0.00352,0.0,0.0,0.0021199999999999,0.0,0.5413999999999999,0.0,-3.1131,,23.201,23.083,-0.5676999999999999,,50
2020-09-09 04:00:00,0.0,-2.5943,0.0,0.0100199999999999,0.0,13.861,0.00338,0.0,0.0,-0.0042399999999999,0.0,0.5413999999999999,0.0,-3.1357,,23.202,23.077,-0.5591599999999999,,50
2020-09-09 04:01:00,0.0,-2.5717,0.0,0.02869,0.0,13.861,0.00367,-0.0021199999999999,0.0,-0.0042399999999999,0.0,0.56396,0.0,-3.1357,,23.198,23.065,-0.56037,,50
2020-09-09 04:02:00,0.0,-2.6845,0.0,0.04356,0.0,13.861,0.00338,0.0,0.0,-0.0021199999999999,0.0,0.49629,0.0,-3.1808,,23.196,23.053,-0.55771,,50
2020-09-09 04:03:00,0.0,-2.6845,0.0,0.05077,0.0,13.861,0.00381,0.0,0.0,0.00636,0.0,0.51885,0.0,-3.2033,,23.205,23.062,-0.55508,,50
2020-09-09 04:04:00,0.0,-2.5943,0.0,0.04658,0.0,13.86,0.00338,0.0,0.0,-0.0084799999999999,0.0,0.49629,0.0,-3.0905,,23.2,23.064,-0.55976,,50
2020-09-09 04:05:00,0.0,-2.7973,0.0,0.06493,0.0,13.86,0.00352,0.0,0.0,0.00636,0.0,0.51885,0.0,-3.3161,,23.213,23.073,-0.55508,,50
2020-09-09 04:06:00,0.0,-2.7296,0.0,0.0794799999999999,0.0,13.86,0.00352,0.0,0.0,0.0,0.0,0.56396,0.0,-3.2935,,23.226,23.095,-0.54985,,50
2020-09-09 04:07:00,0.0,-2.5491,0.0,0.07137,0.0,13.86,0.00338,0.0,0.0,0.0021199999999999,0.0,0.5413999999999999,0.0,-3.0905,,23.232,23.103,-0.5547499999999999,,50
2020-09-09 04:08:00,0.0,-2.707,0.0,0.07931,0.0,13.86,0.00367,0.0,0.0,0.01059,0.0,0.60908,0.0,-3.3161,,23.239,23.113,-0.56113,,50
2020-09-09 04:09:00,0.0,-2.6394,0.0,0.0705999999999999,0.0,13.86,0.00352,0.0,0.0,-0.0042399999999999,0.0,0.4737299999999999,0.0,-3.1131,,23.253,23.127,-0.5546299999999998,,50
2020-09-09 04:10:00,0.0,-2.6845,0.0,0.07759,0.0,13.86,0.00338,0.0,0.0,-0.01271,0.0,0.49629,0.0,-3.1808,,23.262,23.138,-0.55384,,50
2020-09-09 04:11:00,0.0,-2.7747,0.0,0.07485,0.0,13.86,0.00352,0.0,0.0,-0.01059,0.0,0.5413999999999999,0.0,-3.3161,,23.268,23.149,-0.55344,,50
2020-09-09 04:12:00,0.0,-2.6619,0.0,0.0683499999999999,0.0,13.86,0.00367,0.0,0.0,0.00636,0.0,0.4737299999999999,0.0,-3.1357,,23.274,23.155,-0.54932,,50
2020-09-09 04:13:00,0.0,-2.707,0.0,0.0857399999999999,0.0,13.86,0.00367,0.0,0.0,-0.0021199999999999,0.0,0.5413999999999999,0.0,-3.2485,,23.289,23.168,-0.54278,,50
2020-09-09 04:14:00,0.0,-2.6394,0.0,0.0835599999999999,0.0,13.859,0.00338,-0.0021199999999999,0.0,0.0,0.0,0.56396,0.0,-3.2033,,23.295,23.161,-0.5413299999999999,,50
2020-09-09 04:15:00,0.0,-2.6168,0.0,0.07882,0.0,13.86,0.0032399999999999,0.0,0.0,-0.00636,0.0,0.49629,0.0,-3.1131,,23.298,23.158,-0.54946,,50
2020-09-09 04:16:00,0.0,-2.6394,0.0,0.0855,0.0,13.86,0.00367,0.0,0.0,-0.0042399999999999,0.0,0.51885,0.0,-3.1582,,23.308,23.164,-0.54173,,50
2020-09-09 04:17:00,0.0,-2.6845,0.0,0.09958,0.0,13.859,0.00352,-0.0021199999999999,0.0,-0.01271,0.0,0.5413999999999999,0.0,-3.2259,,23.316,23.169,-0.5425299999999998,,50
2020-09-09 04:18:00,0.0,-2.6394,0.0,0.10118,0.0,13.86,0.00338,0.0,0.0,-0.00847,0.0,0.56396,0.0,-3.2033,,23.322,23.185,-0.5441399999999998,,50
2020-09-09 04:19:00,0.0,-2.6845,0.0,0.10167,0.0,13.86,0.0032399999999999,0.0,0.0,-0.0021199999999999,0.0,0.49629,0.0,-3.1808,,23.335,23.205,-0.54583,,50
2020-09-09 04:20:00,0.0,-2.6168,0.0,0.10385,0.0,13.86,0.00338,0.0,0.0,-0.0021199999999999,0.0,0.4737299999999999,0.0,-3.0905,,23.355,23.232,-0.53624,,50
2020-09-09 04:21:00,0.0,-2.5491,0.0,0.09718,0.0,13.859,0.00338,0.0,0.0,-0.0021199999999999,0.0,0.60908,0.0,-3.1582,,23.359,23.246,-0.53946,,50
2020-09-09 04:22:00,0.0,-2.6619,0.0,0.08704,0.0,13.859,0.00352,0.0,0.0,-0.0021199999999999,0.0,0.56396,0.0,-3.2259,,23.369,23.253,-0.5458199999999999,,50
2020-09-09 04:23:00,0.0,-2.6168,0.0,0.08451,0.0,13.86,0.00338,0.0,0.0,0.0021199999999999,0.0,0.49629,0.0,-3.1131,,23.376,23.263,-0.53813,,50
2020-09-09 04:24:00,0.0,-2.6619,0.0,0.09571,0.0,13.859,0.00338,0.0021199999999999,0.0,0.0,0.0,0.56396,0.0,-3.2259,,23.383,23.271,-0.52949,,50
2020-09-09 04:25:00,0.0,-2.5943,0.0,0.08469,0.0,13.859,0.00338,-0.0021199999999999,0.0,0.00636,0.0,0.5413999999999999,0.0,-3.1357,,23.386,23.277,-0.53127,,50
2020-09-09 04:26:00,0.0,-2.6619,0.0,0.12119,0.0,13.859,0.00352,0.0,0.0,-0.00847,0.0,0.6316399999999999,0.0,-3.2935,,23.394,23.291,-0.52266,,50
2020-09-09 04:27:00,0.0,-2.6394,0.0,0.12656,0.0,13.859,0.00338,-0.0021199999999999,0.0,0.0021199999999999,0.0,0.51885,0.0,-3.1582,,23.408,23.302,-0.5126899999999999,,50
2020-09-09 04:28:00,0.0,-2.5943,0.0,0.12118,0.0,13.859,0.00352,0.0,0.0,0.0042399999999999,0.0,0.5413999999999999,0.0,-3.1357,,23.409,23.303,-0.5217899999999999,,50
2020-09-09 04:29:00,0.0,-2.6845,0.0,0.16001,0.0,13.859,0.00338,0.0,0.0,-0.00636,0.0,0.5413999999999999,0.0,-3.2259,,23.404,23.295,-0.51937,,50
2020-09-09 04:30:00,0.0,-2.707,0.0,0.1702299999999999,0.0,13.859,0.00352,-0.0021199999999999,0.0,-0.01271,0.0,0.49629,0.0,-3.2033,,23.402,23.286,-0.5154999999999998,,50
2020-09-09 04:31:00,0.0,-2.5943,0.0,0.20469,0.0,13.858,0.00338,0.0,0.0,-0.00636,0.0,0.56396,0.0,-3.1582,,23.416,23.296,-0.5041799999999999,,50
2020-09-09 04:32:00,0.0,-2.5491,0.0,0.21595,0.0,13.859,0.00338,0.0,0.0,-0.01271,0.0,0.58652,0.0,-3.1357,,23.422,23.305,-0.50982,,50
2020-09-09 04:33:00,0.0,-2.6394,0.0,0.21481,0.0,13.859,0.00338,0.0,0.0,0.0,0.0,0.49629,0.0,-3.1357,,23.428,23.318,-0.5,,50
2020-09-09 04:34:00,0.0,-2.6168,0.0,0.24964,0.0,13.859,0.00352,0.0,0.0,-0.00636,0.0,0.56396,0.0,-3.1808,,23.436,23.335,-0.4913,,50
2020-09-09 04:35:00,0.0,-2.5943,0.0,0.2522099999999999,0.0,13.859,0.00338,0.0,0.0,-0.01059,0.0,0.5413999999999999,0.0,-3.1357,,23.443,23.342,-0.48348,,50
2020-09-09 04:36:00,0.0,-2.5717,0.0,0.22978,0.0,13.859,0.00338,0.0,0.0,-0.00636,0.0,0.5413999999999999,0.0,-3.1131,,23.45,23.344,-0.4941099999999999,,50
2020-09-09 04:37:00,0.0,-2.6394,0.0,0.19954,0.0,13.859,0.00338,-0.0021199999999999,0.0,0.00847,0.0,0.56396,0.0,-3.2033,,23.452,23.342,-0.50973,,50
2020-09-09 04:38:00,0.0,-2.5491,0.0,0.18966,0.0,13.859,0.00338,-0.0021199999999999,0.0,-0.00847,0.0,0.51885,0.0,-3.068,,23.456,23.348,-0.5087599999999999,,50
2020-09-09 04:39:00,0.0,-2.6168,0.0,0.1872699999999999,-1e-05,13.859,0.00338,-0.0042399999999999,0.0,-0.0042399999999999,0.0,0.58652,-1e-05,-3.2033,,23.47,23.355,-0.4980399999999999,,50
2020-09-09 04:40:00,0.0,-2.6168,0.0,0.15326,0.0,13.858,0.00352,-0.0021199999999999,-0.0001399999999999,-0.0148299999999999,0.0,0.60908,0.0,-3.2259,,23.47,23.355,-0.50794,,50
2020-09-09 04:41:00,0.0,-2.6168,0.0,0.10999,0.0,13.859,0.00367,0.0,0.0,0.0,0.0,0.51885,0.0,-3.1356,,23.471,23.355,-0.50448,,50
2020-09-09 04:42:00,0.0,-2.6394,0.0,0.10904,0.0,13.858,0.00338,-0.0021199999999999,0.0,0.0,0.0,0.58652,0.0,-3.2259,,23.478,23.362,-0.50905,,50
2020-09-09 04:43:00,0.0,-2.6394,0.0,0.11416,0.0,13.858,0.00352,0.0,0.0,-0.00636,0.0,0.56396,0.0,-3.2033,,23.485,23.37,-0.50361,,50
2020-09-09 04:44:00,0.0,-2.5943,0.0,0.1271799999999999,0.0,13.859,0.0032399999999999,-0.0021199999999999,0.0,-0.0042399999999999,0.0,0.69932,0.0,-3.2935,,23.488,23.375,-0.48453,,50
2020-09-09 04:45:00,0.0,-2.5717,0.0,0.13644,0.0,13.858,0.00338,0.0,0.0,-0.00636,0.0,0.51885,0.0,-3.0905,,23.489,23.383,-0.47752,,50
2020-09-09 04:46:00,0.0,-2.6168,0.0,0.14223,0.0,13.858,0.0032399999999999,0.0,0.0,-0.0021199999999999,0.0,0.51885,0.0,-3.1357,,23.497,23.389,-0.4885499999999999,,50
2020-09-09 04:47:00,0.0,-2.6619,0.0,0.1647599999999999,0.0,13.858,0.00352,0.0,0.0,-0.01695,0.0,0.56396,0.0,-3.2259,,23.503,23.399,-0.4841099999999999,,50
2020-09-09 04:48:00,0.0,-2.707,0.0,0.17562,0.0,13.858,0.00352,0.0,0.0,0.01271,0.0,0.56396,0.0,-3.271,,23.512,23.403,-0.4862699999999999,,50
2020-09-09 04:49:00,0.0,-2.5942,0.0,0.1753,0.0,13.858,0.00338,0.0,0.0,0.01059,0.0,0.5413999999999999,0.0,-3.1356,,23.512,23.4,-0.5023699999999999,,50
2020-09-09 04:50:00,0.0,-2.5717,0.0,0.17763,0.0,13.858,0.00338,0.0,0.0,0.0,0.0,0.56396,0.0,-3.1357,,23.506,23.396,-0.50165,,50
2020-09-09 04:51:00,0.0,-2.6394,0.0,0.20652,0.0,13.857,0.00338,0.0,0.0,-0.0021199999999999,0.0,0.58652,0.0,-3.2259,,23.509,23.399,-0.48536,,50
2020-09-09 04:52:00,0.0,-2.5717,0.0,0.19769,0.0,13.858,0.00338,-0.0021199999999999,0.0,-0.01271,0.0,0.56396,0.0,-3.1357,,23.512,23.395,-0.4781699999999999,,50
2020-09-09 04:53:00,0.0,-2.707,0.0,0.21015,0.0,13.858,0.00338,0.0,0.0,0.00636,0.0,0.51885,0.0,-3.2259,,23.508,23.392,-0.4795499999999999,,50
2020-09-09 04:54:00,0.0,-2.6619,0.0,0.21434,0.0,13.858,0.00338,0.0,0.0,0.0042399999999999,0.0,0.4737299999999999,0.0,-3.1357,,23.501,23.378,-0.47198,,50
2020-09-09 04:55:00,0.0,-2.5717,0.0,0.21811,0.0,13.858,0.00296,-0.0021199999999999,0.0,0.0021199999999999,0.0,0.5413999999999999,0.0,-3.1131,4.6412,23.493,23.364,-0.47649,,50
2020-09-09 04:56:00,0.0,-2.5943,0.0,0.21572,-1e-05,13.858,0.0032399999999999,-0.0042399999999999,-0.0001399999999999,0.00636,0.0,0.5413999999999999,-2e-05,-3.1357,,23.484,23.349,-0.47792,,50
2020-09-09 04:57:00,0.0,-2.7973,0.0,0.26372,0.0,13.857,0.0032399999999999,0.0,0.0,-0.0021199999999999,0.0,0.60908,0.0,-3.4063,,23.489,23.321,-0.4627,,50
2020-09-09 04:58:00,0.0,-2.5491,0.0,0.2765799999999999,0.0,13.858,0.00338,-0.0021199999999999,0.0,-0.0042399999999999,0.0,0.60908,0.0,-3.1582,,23.477,23.305,-0.4585099999999999,,50
2020-09-09 04:59:00,0.0,-2.7522,0.0,0.2646899999999999,0.0,13.858,0.00338,-0.0021199999999999,0.0,-0.0042399999999999,0.0,0.5413999999999999,0.0,-3.2935,,23.472,23.297,-0.45939,,50
2020-09-09 05:00:00,0.0,-2.5266,0.0,0.25906,0.0,13.858,0.00338,-0.0021199999999999,0.0,0.0021199999999999,0.0,0.5413999999999999,0.0,-3.068,,23.46,23.304,-0.46238,,50
2020-09-09 05:01:00,0.0,-2.6168,0.0,0.2856099999999999,0.0,13.858,0.00338,0.0,0.0,-0.0148299999999999,0.0,0.56396,0.0,-3.1808,,23.465,23.316,-0.4535699999999999,,50
2020-09-09 05:02:00,0.0,-2.5266,0.0,0.27028,0.0,13.858,0.00338,-0.0021199999999999,0.0,0.0042399999999999,0.0,0.5413999999999999,0.0,-3.068,,23.467,23.32,-0.4491299999999999,,50
2020-09-09 05:03:00,0.0,-2.504,0.0,0.25106,0.0,13.857,0.00338,0.0,0.0,-0.00636,0.0,0.60908,0.0,-3.1131,,23.453,23.313,-0.44985,,50
2020-09-09 05:04:00,0.0,-2.504,0.0,0.24817,0.0,13.858,0.00338,0.0,0.0,-0.00847,0.0,0.56396,0.0,-3.068,,23.45,23.304,-0.44985,,50
2020-09-09 05:05:00,0.0,-2.4815,0.0,0.2649699999999999,0.0,13.858,0.00352,0.0,0.0,0.0,0.0,0.6316399999999999,0.0,-3.1131,,23.439,23.3,-0.4455,,50
2020-09-09 05:06:00,0.0,-2.4815,0.0,0.24496,0.0,13.858,0.00352,0.0,0.0,-0.00636,0.0,0.5413999999999999,0.0,-3.0229,,23.438,23.304,-0.4413199999999999,,50
2020-09-09 05:07:00,0.0,-2.5266,0.0,0.2610299999999999,0.0,13.857,0.00367,0.0,0.0,-0.00847,0.0,0.58652,0.0,-3.1131,,23.439,23.304,-0.4442099999999999,,50
2020-09-09 05:08:00,0.0,-2.5491,0.0,0.25067,0.0,13.858,0.00338,0.0,0.0,-0.01059,0.0,0.5413999999999999,0.0,-3.0905,,23.442,23.3,-0.44066,,50
2020-09-09 05:09:00,0.0,-2.5491,0.0,0.2704599999999999,0.0,13.858,0.00338,-0.0021199999999999,0.0,-0.0021199999999999,0.0,0.5413999999999999,0.0,-3.0905,,23.445,23.286,-0.4208399999999999,,50
2020-09-09 05:10:00,0.0,-2.5942,0.0,0.28847,0.0,13.858,0.00338,0.0,0.0,0.0042399999999999,0.0,0.58652,0.0,-3.1808,,23.439,23.274,-0.4202,,50
2020-09-09 05:11:00,0.0,-2.5943,0.0,0.29064,0.0,13.857,0.00338,-0.0021199999999999,0.0,-0.00636,0.0,0.56396,0.0,-3.1582,,23.427,23.245,-0.4173,,50
2020-09-09 05:12:00,0.0,-2.4589,0.0,0.27488,0.0,13.857,0.00352,0.0,0.0,-0.00636,0.0,0.58652,0.0,-3.0454,,23.414,23.228,-0.42237,,50
2020-09-09 05:13:00,0.0,-2.5717,0.0,0.25896,0.0,13.858,0.00338,0.0,0.0,-0.00636,0.0,0.5413999999999999,0.0,-3.1131,,23.402,23.211,-0.42036,,50
2020-09-09 05:14:00,0.0,-2.5943,0.0,0.24248,0.0,13.857,0.00338,0.0,0.0,-0.02119,0.0,0.49629,0.0,-3.0905,,23.395,23.201,-0.42108,,50
2020-09-09 05:15:00,0.0,-2.5942,0.0,0.2388,0.0,13.858,0.00352,-0.0021199999999999,0.0,-0.0042399999999999,0.0,0.58652,0.0,-3.1807,,23.388,23.204,-0.41809,,50
2020-09-09 05:16:00,0.0,-2.6619,0.0,0.25451,0.0,13.858,0.00338,-0.0021199999999999,0.0,-0.01271,0.0,0.60908,0.0,-3.271,,23.389,23.213,-0.40493,,50
2020-09-09 05:17:00,0.0,-2.5491,0.0,0.3109799999999999,0.0,13.857,0.00338,0.0,0.0,-0.0042399999999999,0.0,0.56396,0.0,-3.1131,,23.391,23.221,-0.3804199999999999,,50
2020-09-09 05:18:00,0.0,-2.8198,0.0,0.33482,0.0,13.858,0.00338,0.0,0.0,0.0042399999999999,0.0,0.56396,0.0,-3.3837,,23.39,23.219,-0.3762699999999999,,50
2020-09-09 05:19:00,0.0,-2.707,0.0,0.33465,0.0,13.857,0.00338,0.0,0.0,0.0,0.0,0.60908,0.0,-3.3161,,23.382,23.213,-0.3733799999999999,,50
2020-09-09 05:20:00,0.0,-2.6393,0.0,0.31368,0.0,13.857,0.00338,0.0,0.0,0.00636,0.0,0.5188399999999999,0.0,-3.1582,,23.372,23.207,-0.3719299999999999,,50
2020-09-09 05:21:00,0.0,-2.5266,0.0,0.2577999999999999,0.00076,13.857,0.0032399999999999,0.2393899999999999,0.0,0.0042399999999999,0.0,0.56396,0.00076,-3.0905,,23.37,23.205,-0.39745,,50
2020-09-09 05:22:00,0.0,-2.6168,0.0,0.17274,0.0016199999999999,13.858,0.00338,0.4787899999999999,0.0,-0.01271,0.0,0.63163,0.0016199999999999,-3.2484,,23.366,23.18,-0.4108899999999999,,50
2020-09-09 05:23:00,0.0,-2.5491,0.0,0.10383,0.0023,13.857,0.0032399999999999,0.7075799999999999,0.0,0.0,0.0,0.5188399999999999,0.0023,-3.068,,23.357,23.155,-0.4237699999999999,,50
2020-09-09 05:24:00,0.0,-2.5717,0.0,0.0777599999999999,0.00348,13.858,0.00352,0.99147,0.0,0.00636,0.0,0.49628,0.00348,-3.068,,23.341,23.141,-0.42612,,50
2020-09-09 05:25:00,0.0,-2.5717,0.0,0.08099,0.0044,13.858,0.0032399999999999,1.3622,0.0,0.07627,0.0,0.58652,0.0044,-3.1582,,23.33,23.127,-0.43101,,50
2020-09-09 05:26:00,0.0,-2.5943,0.0,0.07384,0.0061199999999999,13.858,0.00338,1.8092,0.0,1.2923,0.0,0.49628,0.0061199999999999,-3.0905,,23.324,23.122,-0.43367,,50
2020-09-09 05:27:00,0.0,-2.6845,0.0,0.04809,0.0078899999999999,13.857,0.00338,2.3304,0.0,1.8368,0.0,0.5188399999999999,0.0078899999999999,-3.2033,,23.323,23.124,-0.44688,,50
2020-09-09 05:28:00,0.0,-2.6619,0.0,0.03418,0.00987,13.857,0.00338,2.9151,0.0,2.4554,0.0,0.56396,0.00987,-3.2258,,23.324,23.126,-0.4521899999999999,,50
2020-09-09 05:29:00,0.0,-2.5943,0.0,0.02027,0.01203,13.856,0.00338,3.5548,0.0,3.0994,0.0,0.49628,0.01203,-3.0905,,23.323,23.129,-0.45082,,50
2020-09-09 05:30:00,0.0,-2.5943,0.0,0.00151,0.0142399999999999,13.857,0.00338,4.2074,0.0,3.8557,0.0,0.56396,0.0142399999999999,-3.1582,,23.319,23.132,-0.4625699999999999,,50
2020-09-09 05:31:00,0.0,-2.5717,0.0,-0.01282,0.0166299999999999,13.856,0.00338,4.9149,0.0,4.5336,0.0,0.45116,0.0166299999999999,-3.0229,,23.307,23.103,-0.4502499999999999,,50
2020-09-09 05:32:00,0.0,-2.6619,0.0,0.00232,0.01917,13.856,0.00338,5.6649,0.0,5.3154,0.0,0.49628,0.01917,-3.1582,,23.287,23.08,-0.4558099999999999,,50
2020-09-09 05:33:00,0.0,-2.6394,0.0,0.01905,0.0228599999999999,13.857,0.00352,6.4742,0.0,6.1395,0.0,0.5188399999999999,0.0228599999999999,-3.1582,,23.283,23.084,-0.44929,,50
2020-09-09 05:34:00,0.0,-2.5942,0.0,0.0223499999999999,0.0245399999999999,13.856,0.00338,7.2516,0.0,6.9594,0.0,0.56395,0.0245399999999999,-3.1582,,23.295,23.099,-0.4464699999999999,,50
2020-09-09 05:35:00,0.0,-2.5943,0.0,0.04825,0.02696,13.857,0.00338,7.9676,0.0,7.703,0.0,0.56396,0.02696,-3.1582,,23.297,23.1,-0.4407499999999999,,50
2020-09-09 05:36:00,0.0,-2.5943,0.0,0.0616799999999999,0.03022,13.856,0.00352,8.5799,0.0,8.3385,0.0,0.58652,0.03022,-3.1808,,23.297,23.109,-0.44278,,50
2020-09-09 05:37:00,0.0,-2.6619,0.0,0.0747099999999999,0.03212,13.856,0.00352,9.116,0.0,8.9,0.0,0.5865099999999999,0.03212,-3.2485,,23.302,23.127,-0.43569,,50
2020-09-09 05:38:00,0.0,-2.6168,0.0,0.09241,0.0344399999999999,13.855,0.00352,9.7707,0.0,9.5695,0.0,0.5188399999999999,0.0344399999999999,-3.1356,,23.313,23.147,-0.4314999999999999,,50
2020-09-09 05:39:00,0.0,-2.6844,0.0,0.1043,0.0357299999999999,13.856,0.00338,10.559,0.0,10.411,0.0,0.56396,0.0357299999999999,-3.2484,,23.317,23.152,-0.43552,,50
2020-09-09 05:40:00,0.0,-2.5942,0.0,0.09546,0.0388999999999999,13.855,0.00338,11.491,0.0,11.385,0.0,0.45116,0.0388999999999999,-3.0454,,23.327,23.16,-0.43286,,50
2020-09-09 05:41:00,0.0,-2.5942,0.0,0.08171,0.04413,13.855,0.00352,12.506,0.0,12.457,0.0,0.5413999999999999,0.04413,-3.1356,,23.334,23.178,-0.43319,,50
2020-09-09 05:42:00,0.0,-2.5942,0.0,0.0834,0.04975,13.856,0.00367,13.542,0.0,13.508,0.0,0.5413999999999999,0.04975,-3.1356,,23.346,23.191,-0.42901,,50
2020-09-09 05:43:00,0.0,-2.7973,0.0,0.10124,0.04905,13.856,0.00338,14.495,0.0,14.491,0.0,0.56396,0.04905,-3.3612,,23.35,23.209,-0.4262699999999999,,50
2020-09-09 05:44:00,0.0,-2.5716,0.0,0.0936099999999999,0.05382,13.856,0.00352,15.266,0.0,15.29,0.0,0.45117,0.05382,-3.0228,,23.362,23.214,-0.4278799999999999,,50
2020-09-09 05:45:00,0.0,-2.6168,0.0,0.08791,0.06026,13.855,0.00381,15.836,0.0,15.9,0.0,0.5188399999999999,0.06026,-3.1356,,23.368,23.216,-0.4262699999999999,,50
2020-09-09 05:46:00,0.0,-2.5491,0.0,0.0747099999999999,0.0628399999999999,13.856,0.00381,16.493,0.0,16.586,0.0,0.56395,0.0628399999999999,-3.113,,23.376,23.217,-0.4257099999999999,,50
2020-09-09 05:47:00,0.0,-2.6393,0.0,0.0572599999999999,0.06374,13.856,0.00367,17.408,0.0,17.546,0.0,0.5413999999999999,0.06374,-3.1807,,23.371,23.2,-0.4298899999999999,,50
2020-09-09 05:48:00,0.0,-2.6619,0.0,0.05364,0.06374,13.856,0.00352,18.08,0.0,18.253,0.0,0.56396,0.06374,-3.2259,,23.35,23.142,-0.42884,,50
2020-09-09 05:49:00,0.0,-2.5717,0.0,0.0541999999999999,0.0676599999999999,13.856,0.00367,18.467,0.0,18.643,0.0,0.56396,0.0676599999999999,-3.1356,,23.318,23.069,-0.42845,,50
2020-09-09 05:50:00,0.0,-2.6619,0.0,0.05782,0.06758,13.856,0.00352,19.16,0.0,19.364,0.0,0.5413999999999999,0.06758,-3.2033,,23.294,23.032,-0.4187,,50
2020-09-09 05:51:00,0.0,-2.6619,0.0,0.09128,0.0814,13.856,0.00395,20.586,0.0,20.872,0.0,0.5413999999999999,0.0814,-3.2033,,23.274,23.027,-0.4098399999999999,,50
2020-09-09 05:52:00,0.0,-2.6167,0.0,0.0848399999999999,0.08122,13.856,0.00352,23.06,0.0,23.486,0.0,0.5413999999999999,0.08122,-3.1582,,23.263,23.039,-0.4141199999999999,,50
2020-09-09 05:53:00,0.0,-2.6619,0.0,0.1058299999999999,0.108,13.856,0.0040899999999999,26.462,0.0,27.088,0.0,0.56395,0.108,-3.2258,,23.275,23.063,-0.40309,,50
2020-09-09 05:54:00,0.0,-2.5943,0.0,0.1218299999999999,0.1186,13.856,0.00395,29.931,0.0,30.742,0.0,0.51885,0.1186,-3.1131,,23.278,23.079,-0.39221,,50
2020-09-09 05:55:00,0.0,-2.91,0.0,0.1740299999999999,0.1110899999999999,13.857,0.00338,32.83,0.0,33.788,0.0,0.60907,0.1110899999999999,-3.5191,,23.283,23.091,-0.3871399999999999,,50
2020-09-09 05:56:00,0.0,-2.6619,0.0,0.1811099999999999,0.1230099999999999,13.856,0.00338,36.352,0.0,37.523,0.0,0.63163,0.1230099999999999,-3.2935,,23.295,23.113,-0.38263,,50
2020-09-09 05:57:00,0.0,-2.6619,0.0,0.18148,0.17305,13.856,0.00423,40.912,0.0,42.279,0.0,0.5413999999999999,0.17305,-3.2033,,23.295,23.115,-0.37824,,50
2020-09-09 05:58:00,0.0,-2.5942,0.0,0.16048,0.19993,13.856,0.00451,44.406,0.0,45.915,0.0,0.56396,0.19993,-3.1582,,23.298,23.109,-0.38083,,50
2020-09-09 05:59:00,0.0,-2.6844,0.0,0.14473,0.2010099999999999,13.856,0.0043699999999999,46.008,0.0,47.557,0.0,0.49628,0.2010099999999999,-3.1807,,23.295,23.086,-0.3813699999999999,,50
2020-09-09 06:00:00,0.0,-2.5943,0.0,0.1315999999999999,0.20968,13.857,0.00451,46.478,0.0,48.038,0.0,0.49628,0.20968,-3.0905,,23.299,23.083,-0.3821999999999999,,50
2020-09-09 06:01:00,0.0,-2.4814,0.0,0.11769,0.20294,13.856,0.0043699999999999,46.433,0.0,47.921,0.0,0.4737199999999999,0.20294,-2.9552,,23.299,23.084,-0.37656,,50
2020-09-09 06:02:00,0.0,-2.6394,0.0,0.1689199999999999,0.1993699999999999,13.856,0.00423,47.222,0.0,48.8,0.0,0.56395,0.1993699999999999,-3.2033,,23.295,23.072,-0.36368,,50
2020-09-09 06:03:00,0.0,-2.5491,0.0,0.153,0.24518,13.856,0.00493,49.647,0.0,51.313,0.0,0.5188399999999999,0.24518,-3.068,,23.284,23.043,-0.36473,,50
2020-09-09 06:04:00,0.0,-2.8649,0.0,0.15775,0.20154,13.857,0.00381,53.103,0.0,55.035,0.0,0.63163,0.20154,-3.4965,,23.273,23.016,-0.36747,,50
2020-09-09 06:05:00,0.0,-2.6168,0.0,0.10498,0.23102,13.857,0.0040899999999999,56.477,0.0,58.524,0.0,0.5413999999999999,0.23102,-3.1582,,23.257,22.976,-0.37568,,50
2020-09-09 06:06:00,0.0,-2.5265,0.0,0.06212,0.23812,13.856,0.0040899999999999,58.183,0.0,60.27,0.0,0.51885,0.23812,-3.0453,,23.232,22.946,-0.37351,,50
2020-09-09 06:07:00,0.0,-2.6619,0.0,0.05237,0.2833899999999999,13.857,0.00479,59.14,-0.0001399999999999,61.232,0.0,0.56395,0.2747499999999999,-3.2259,,23.218,22.926,-0.37272,,50
2020-09-09 06:08:00,0.0,-2.8649,0.0,0.08848,0.20432,13.858,0.00338,60.382,0.0,62.492,0.0,0.6542,0.20432,-3.5191,,23.211,22.935,-0.3714399999999999,,50
2020-09-09 06:09:00,0.0,-2.5717,0.0,0.0773699999999999,0.24578,13.857,0.00395,62.268,0.0,64.448,0.0,0.65419,0.24578,-3.2259,,23.204,22.945,-0.36564,,50
2020-09-09 06:10:00,0.0,-2.6619,0.0,0.0831699999999999,0.29019,13.857,0.00451,64.239,0.0,66.462,0.0,0.51885,0.29019,-3.1807,,23.206,22.955,-0.35824,,50
2020-09-09 06:11:00,0.0,-2.7521,0.0,0.1192,0.2983299999999999,13.857,0.00451,66.14,0.0,68.392,0.0,0.6316399999999999,0.2983299999999999,-3.3837,,23.21,22.955,-0.3524399999999999,,50
2020-09-09 06:12:00,0.0,-2.6168,0.0,0.12515,0.33656,13.857,0.00493,68.176,0.0,70.461,0.0,0.4285999999999999,0.33656,-3.0454,,23.22,22.963,-0.3422999999999999,,50
2020-09-09 06:13:00,0.0,-2.7747,0.0,0.1446,0.3158,13.857,0.00451,70.059,0.0,72.411,0.0,0.56396,0.3158,-3.3386,,23.219,22.983,-0.3415,,50
2020-09-09 06:14:00,0.0,-2.5717,0.0,0.0860999999999999,0.36307,13.857,0.00508,71.535,0.0,73.875,0.0,0.47371,0.36307,-3.0454,,23.21,22.971,-0.35499,,50
2020-09-09 06:15:00,0.0,-2.6845,0.0,0.09929,0.3298599999999999,13.858,0.00451,73.074,0.0,75.44,0.0,0.65419,0.3298599999999999,-3.3386,,23.213,22.97,-0.3478999999999999,,50
2020-09-09 06:16:00,0.0,-2.707,0.0,0.10942,0.3607799999999999,13.858,0.00479,75.28199999999998,0.0,77.715,0.0,0.5413999999999999,0.3607799999999999,-3.2484,,23.213,22.945,-0.33687,,50
2020-09-09 06:17:00,0.0,-2.4589,0.0,0.0920099999999999,0.39304,13.858,0.00508,77.436,0.0,79.87699999999998,0.0,0.5413999999999999,0.39304,-3.0003,,23.206,22.914,-0.33989,,50
2020-09-09 06:18:00,0.0,-2.4815,0.0,0.10377,0.4002399999999999,13.857,0.00508,78.854,0.0,81.27299999999998,0.0,0.5413999999999999,0.4002399999999999,-3.0229,,23.195,22.912,-0.33649,,50
2020-09-09 06:19:00,0.0,-2.6168,0.0,0.0971,0.39438,13.858,0.00493,79.937,0.0,82.37,0.0,0.60908,0.39438,-3.2259,,23.195,22.916,-0.34036,,50
2020-09-09 06:20:00,0.0,-2.6844,0.0,0.0998399999999999,0.40226,13.858,0.00493,81.491,0.0,83.933,0.0,0.49629,0.40226,-3.1807,,23.195,22.925,-0.3256299999999999,,50
2020-09-09 06:21:00,0.0,-2.707,0.0,0.11494,0.4236699999999999,13.858,0.00508,83.476,0.0,85.946,0.0,0.51885,0.4236699999999999,-3.2259,,23.198,22.945,-0.31879,,50
2020-09-09 06:22:00,0.0,-2.6168,0.0,0.11459,0.41975,13.858,0.00493,85.061,0.0,87.48399999999998,0.0,0.5413999999999999,0.41975,-3.1582,,23.187,22.937,-0.3204299999999999,,50
2020-09-09 06:23:00,0.0,-2.6393,0.0,0.14,0.4453199999999999,13.857,0.0052199999999999,85.36499999999998,0.0,87.80599999999998,0.0,0.60908,0.4453199999999999,-3.2484,,23.177,22.908,-0.3095,,50
2020-09-09 06:24:00,0.0,-2.6394,0.0,0.17706,0.40793,13.858,0.00479,85.11,0.0,87.504,0.0,0.58652,0.40793,-3.2259,,23.166,22.876,-0.29718,,50
2020-09-09 06:25:00,0.0,-2.6394,0.0,0.20673,0.43506,13.858,0.00508,85.71599999999998,0.0,88.191,0.0,0.5413999999999999,0.43506,-3.1808,,23.153,22.861,-0.28108,,50
2020-09-09 06:26:00,0.0,-2.707,0.0,0.20737,0.46245,13.858,0.0052199999999999,88.664,0.0,91.191,0.0,0.51885,0.46245,-3.2259,,23.136,22.831,-0.27827,,50
2020-09-09 06:27:00,0.0,-3.474,0.0,0.22303,0.48685,13.859,0.0052199999999999,93.308,0.0,95.866,0.0,0.29326,0.48685,-3.7673,,23.105,22.804,-0.27958,,50
2020-09-09 06:28:00,0.0,-3.5417,0.0,0.2252,0.4955499999999999,13.859,0.00508,97.632,0.0,100.15,0.0,0.0,0.4955499999999999,-3.5417,,23.094,22.813,-0.26622,,50
2020-09-09 06:29:00,0.0,-3.9477,0.0,0.2516499999999999,0.54093,13.859,0.00536,100.92,0.0,103.43,0.0,0.06768,0.54093,-4.0154,,23.102,22.844,-0.2584199999999999,,50
2020-09-09 06:30:00,0.0,-3.9026,0.0,0.2427,0.57091,13.86,0.0054999999999999,103.78,0.0,106.25,0.0,0.11279,0.57091,-4.0154,,23.112,22.865,-0.25233,,50
2020-09-09 06:31:00,0.0,-3.6319,0.0,0.20552,0.5690899999999999,13.86,0.00536,106.26,0.0,108.7,0.0,-0.06768,0.5690899999999999,-3.5642,,23.117,22.876,-0.25333,,50
2020-09-09 06:32:00,0.0,-3.6545,0.0,0.21017,0.54724,13.859,0.00508,107.82,0.0,110.23,0.0,-0.11279,0.54724,-3.5417,,23.128,22.895,-0.23748,,50
2020-09-09 06:33:00,0.0,-3.5868,0.0,0.2363899999999999,0.58616,13.86,0.00536,109.44,0.0,111.85,0.0,0.04512,0.58616,-3.6319,,23.137,22.919,-0.2256499999999999,,50
2020-09-09 06:34:00,0.0,-3.6093,0.0,0.23396,0.58299,13.861,0.0052199999999999,111.77,0.0,114.16,0.0,0.02256,0.58299,-3.6319,,23.141,22.927,-0.23154,,50
2020-09-09 06:35:00,0.0,-3.7898,0.0,0.2609,0.6766999999999999,13.86,0.0059199999999999,114.24,0.0,116.61,0.0,0.11279,0.6766999999999999,-3.9026,,23.143,22.92,-0.2229299999999999,,50
2020-09-09 06:36:00,0.0,-3.6544,0.0,0.2550999999999999,0.5861199999999999,13.86,0.00508,115.48,0.0,117.81,0.0,0.0,0.5861199999999999,-3.6544,,23.145,22.909,-0.20443,,50
2020-09-09 06:37:00,0.0,-3.5642,0.0,0.2776899999999999,0.5840199999999999,13.86,0.00508,115.06,0.0,117.39,0.0,0.0,0.5840199999999999,-3.5642,,23.146,22.896,-0.19316,,50
2020-09-09 06:38:00,0.0,-3.7673,0.0,0.2780199999999999,0.5929299999999998,13.861,0.0052199999999999,113.68,0.0,116.02,0.0,-0.04512,0.5929299999999998,-3.7221,,23.137,22.873,-0.19195,,50
2020-09-09 06:39:00,0.0,-3.9252,0.0,0.2690799999999999,0.64483,13.861,0.00578,111.47,0.0,113.82,0.0,0.0,0.64483,-3.9252,,23.13,22.851,-0.19349,,50
2020-09-09 06:40:00,0.0,-3.6996,0.0,0.25606,0.56749,13.86,0.0052199999999999,108.8,0.0,111.15,0.0,0.13535,0.56749,-3.8349,,23.129,22.848,-0.1917899999999999,,50
2020-09-09 06:41:00,0.0,-3.7447,0.0,0.24907,0.6013199999999999,13.861,0.00564,106.58,0.0,108.97,0.0,0.04512,0.6013199999999999,-3.7898,,23.125,22.855,-0.1811899999999999,,50
2020-09-09 06:42:00,0.0,-3.7898,0.0,0.25923,0.51758,13.861,0.00493,104.89,0.0,107.25,0.0,0.02256,0.51758,-3.8124,,23.112,22.857,-0.17485,,50
2020-09-09 06:43:00,0.0,-3.6093,0.0,0.27915,0.55527,13.86,0.00536,103.65,0.0,106.04,0.0,0.04512,0.55527,-3.6545,,23.11,22.857,-0.17172,,50
2020-09-09 06:44:00,0.0,-3.6996,0.0,0.29098,0.5356499999999998,13.86,0.0052199999999999,102.69,0.0,105.05,0.0,0.04512,0.5356499999999998,-3.7447,,23.104,22.854,-0.1691499999999999,,50
2020-09-09 06:45:00,0.0,-3.6545,0.0,0.29259,0.5312,13.861,0.0052199999999999,101.84,0.0,104.19,0.0,0.02256,0.5312,-3.677,,23.101,22.864,-0.1565199999999999,,50
2020-09-09 06:46:00,0.0,-3.6996,0.0,0.2800599999999999,0.49613,13.86,0.00493,100.56,0.0,102.89,0.0,-0.02256,0.49613,-3.677,,23.096,22.855,-0.16367,,50
2020-09-09 06:47:00,0.0,-3.6996,0.0,0.3010599999999999,0.50809,13.86,0.00508,100.1,0.0,102.48,0.0,0.02256,0.50809,-3.7221,,23.087,22.832,-0.15135,,50
2020-09-09 06:48:00,0.0,-3.6093,0.0,0.3058799999999999,0.53366,13.86,0.0052199999999999,102.26,0.0,104.68,0.0,-0.04512,0.53366,-3.5642,,23.086,22.831,-0.1487,,50
2020-09-09 06:49:00,0.0,-3.6996,0.0,0.31657,0.66758,13.861,0.00634,105.2,0.0,107.61,0.0,0.09023,0.66758,-3.7898,,23.092,22.843,-0.1424999999999999,,50
2020-09-09 06:50:00,0.0,-3.677,0.0,0.3090399999999999,0.5873899999999999,13.861,0.0054999999999999,106.85,0.0,109.21,0.0,-0.04512,0.5873899999999999,-3.6319,,23.085,22.817,-0.14207,,50
2020-09-09 06:51:00,0.0,-3.5417,0.0,0.31257,0.54054,13.859,0.00508,106.5,0.0,108.8,0.0,-0.09023,0.54054,-3.4514,,23.082,22.817,-0.13275,,50
2020-09-09 06:52:00,0.0,-3.5642,0.0,0.3431,0.5335699999999999,13.862,0.00508,105.12,0.0,107.44,0.0,-0.02256,0.5335699999999999,-3.5417,,23.088,22.837,-0.11625,,50
2020-09-09 06:53:00,0.0,-3.677,0.0,0.35758,0.57461,13.861,0.0054999999999999,104.5,0.0,106.81,0.0,0.06768,0.57461,-3.7447,,23.086,22.855,-0.11448,,50
2020-09-09 06:54:00,0.0,-3.7221,0.0,0.34705,0.62094,13.861,0.0059199999999999,104.85,0.0,107.16,0.0,0.13535,0.62094,-3.8575,,23.084,22.864,-0.12109,,50
2020-09-09 06:55:00,0.0,-3.6545,0.0,0.31827,0.53444,13.861,0.00508,105.3,0.0,107.63,0.0,-0.02256,0.53444,-3.6319,,23.086,22.875,-0.12125,,50
2020-09-09 06:56:00,0.0,-3.6093,0.0,0.3220399999999999,0.56979,13.862,0.00536,106.34,0.0,108.66,0.0,0.04512,0.56979,-3.6545,,23.09,22.86,-0.1115199999999999,,50
2020-09-09 06:57:00,0.0,-3.6093,0.0,0.3095899999999999,0.62082,13.861,0.00564,110.05,0.0,112.36,0.0,0.0,0.62082,-3.6093,,23.088,22.833,-0.11039,,50
2020-09-09 06:58:00,0.0,-3.7898,0.0,0.33764,0.76116,13.862,0.00649,117.2,0.0,119.46,0.0,0.22559,0.76116,-4.0154,,23.082,22.811,-0.09897,,50
2020-09-09 06:59:00,0.0,-3.5417,0.0,0.31923,0.7559299999999999,13.861,0.0059199999999999,128.01,0.0,130.16,0.0,-0.06768,0.7559299999999999,-3.474,,23.074,22.792,-0.0877099999999999,,50
2020-09-09 07:00:00,0.0,-3.5868,0.0,0.3493,0.78747,13.862,0.00578,136.01,0.0,137.9,0.0,-0.04512,0.78747,-3.5417,,23.069,22.783,-0.06889,,50
2020-09-09 07:01:00,0.0,-3.6319,0.0,0.3727699999999999,0.87363,13.862,0.0061999999999999,140.94,0.0,142.42,0.0,-0.04512,0.87363,-3.5868,,23.078,22.786,-0.04612,,50
2020-09-09 07:02:00,0.0,-3.7898,0.0,0.4123,0.8808,13.862,0.00606,145.13,0.0,146.38,0.0,0.0,0.8808,-3.7898,,23.083,22.804,-0.02569,,50
2020-09-09 07:03:00,0.0,-3.5642,0.0,0.3941299999999999,0.92667,13.862,0.0061999999999999,149.45,0.0,150.42,0.0,0.0,0.92667,-3.5642,,23.078,22.796,-0.01653,,50
2020-09-09 07:04:00,0.0,-3.7898,0.0,0.42723,1.3506,13.862,0.01057,135.45,0.0,135.67,0.0,0.0,1.3506,-3.7898,,23.07,22.787,0.00479,,50
2020-09-09 07:05:00,0.0,-3.6996,0.0,0.4467599999999999,1.5029,13.862,0.01156,134.86,0.0,130.65,0.0,0.02256,1.5029,-3.7221,,23.081,22.791,0.02315,,50
2020-09-09 07:06:00,0.0,-3.7221,0.0,0.46453,1.6501,13.862,0.01297,132.66,0.0,131.21,0.0,0.02256,1.6501,-3.7447,,23.087,22.813,0.03756,,50
2020-09-09 07:07:00,0.0,-3.7673,0.0,0.46589,1.6877,13.862,0.01311,133.2,0.0,132.29,0.0,-0.09023,1.6877,-3.677,,23.101,22.828,0.0546,,50
2020-09-09 07:08:00,0.0,-3.6545,0.0,0.4485,1.7343,13.862,0.0142399999999999,128.6,0.0,131.83,0.0,0.0,1.7343,-3.6545,,23.097,22.815,0.0509399999999999,,50
2020-09-09 07:09:00,0.0,-3.677,0.0,0.4503499999999999,1.9391,13.862,0.0157899999999999,126.9,0.0,133.49,0.0,0.0,1.9391,-3.677,,23.104,22.805,0.0655099999999999,,50
2020-09-09 07:10:00,0.0,-3.7898,0.0,0.4747899999999999,1.9967,13.862,0.01593,128.86,0.0,129.34,0.0,0.06768,1.9967,-3.8575,,23.099,22.81,0.0873799999999999,,50
2020-09-09 07:11:00,0.0,-3.7673,0.0,0.47093,2.0088,13.862,0.0157899999999999,130.66,0.0,127.56,0.0,-0.02256,2.0088,-3.7447,,23.099,22.828,0.10652,,50
2020-09-09 07:12:00,0.0,-3.7673,0.0,0.4908699999999999,2.0781,13.862,0.01692,126.37,0.0,129.54,0.0,0.02256,2.0781,-3.7898,,23.105,22.844,0.12389,,50
2020-09-09 07:13:00,0.0,-3.6996,0.0,0.5084699999999999,1.9381,13.862,0.01523,130.86,0.0,130.87,0.0,0.0,1.9381,-3.6996,,23.104,22.845,0.13949,,50
2020-09-09 07:14:00,0.0,-3.8349,0.0,0.51265,1.9868,13.863,0.01607,127.67,0.0,128.02,0.0,-0.02256,1.9868,-3.8124,,23.104,22.846,0.14357,,50
2020-09-09 07:15:00,0.0,-3.8349,0.0,0.5093199999999999,2.0073,13.862,0.01607,128.43,0.0,131.69,0.0,-0.04512,2.0073,-3.7898,,23.108,22.82,0.16061,,50
2020-09-09 07:16:00,0.0,-3.6545,0.0,0.5263499999999999,2.1174,13.862,0.0166399999999999,130.19,0.0,128.1,0.0,0.09023,2.1174,-3.7447,,23.102,22.778,0.1758899999999999,,50
2020-09-09 07:17:00,0.0,-3.6996,0.0,0.53119,2.3262,13.862,0.0187499999999999,126.76,0.0,128.83,0.0,-0.02256,2.3262,-3.677,,23.103,22.775,0.1940099999999999,,50
2020-09-09 07:18:00,0.0,-3.7447,0.0,0.5459199999999998,2.3913,13.862,0.01946,126.61,-0.0001399999999999,125.98,0.0,0.02256,2.3725,-3.7673,,23.108,22.788,0.21314,,50
2020-09-09 07:19:00,0.0,-3.88,0.0,0.57025,2.4221,13.863,0.01917,129.49,0.0,129.79,0.0,-0.06768,2.4221,-3.8124,,23.104,22.792,0.22938,,50
2020-09-09 07:20:00,0.0,-3.8124,0.0,0.57511,2.4441,13.862,0.01974,126.67,0.0,127.16,0.0,0.0,2.4441,-3.8124,,23.107,22.801,0.23873,,50
2020-09-09 07:21:00,0.0,-3.7673,0.0,0.58814,2.4622,13.863,0.0195999999999999,127.47,0.0,130.69,0.0,-0.02256,2.4622,-3.7447,,23.111,22.82,0.25151,,50
2020-09-09 07:22:00,0.0,-3.9026,0.0,0.6023399999999999,2.3519,13.863,0.0187499999999999,127.75,0.0,127.14,0.0,0.04512,2.3519,-3.9477,,23.124,22.848,0.26438,,50
2020-09-09 07:23:00,0.0,-3.8349,0.0,0.59031,2.0465,13.864,0.0162099999999999,130.38,0.0,126.77,0.0,-0.02256,2.0465,-3.8124,,23.13,22.859,0.26872,,50
2020-09-09 07:24:00,0.0,-3.7221,0.0,0.5964,2.0109,13.863,0.01636,126.31,0.0,130.12,0.0,0.11279,2.0109,-3.8349,,23.14,22.85,0.2869599999999999,,50
2020-09-09 07:25:00,0.0,-3.6093,0.0,0.60523,1.894,13.863,0.01523,129.16,0.0,129.23,0.0,0.13535,1.894,-3.7447,,23.159,22.862,0.29591,,50
2020-09-09 07:26:00,0.0,-3.6545,0.0,0.5871699999999999,1.7778,13.863,0.0141,130.6,0.0,126.07,0.0,-0.09023,1.7778,-3.5642,,23.175,22.892,0.29375,,50
2020-09-09 07:27:00,0.0,-3.8124,0.0,0.58877,1.8961,13.863,0.01495,131.03,0.0,128.02,0.0,-0.09023,1.8961,-3.7221,,23.185,22.91,0.30569,,50
2020-09-09 07:28:00,0.0,-3.8124,0.0,0.56828,2.1559,13.864,0.0174799999999999,126.42,0.0,127.77,0.0,0.0,2.1559,-3.8124,,23.192,22.918,0.3125299999999999,,50
2020-09-09 07:29:00,0.0,-3.7898,0.0,0.54513,2.2508,13.863,0.01762,130.85,0.0,128.85,0.0,-0.13535,2.2508,-3.6545,,23.201,22.936,0.3300299999999999,,50
2020-09-09 07:30:00,0.0,-3.7673,0.0,0.56652,2.4207,13.863,0.0195999999999999,127.15,0.0,125.89,0.0,-0.1579099999999999,2.4207,-3.6093,,23.206,22.939,0.35763,,50
2020-09-09 07:31:00,0.0,-4.3312,0.0,0.6189,2.642,13.863,0.02143,125.89,0.0,130.85,0.0,-0.13535,2.642,-4.1959,,23.213,22.95,0.37412,,50
2020-09-09 07:32:00,0.0,-3.9252,0.0,0.6415899999999999,2.6919,13.864,0.02171,128.16,0.0,124.23,0.0,0.06768,2.6919,-3.9928,,23.218,22.968,0.39293,,50
2020-09-09 07:33:00,0.0,-4.0154,0.0,0.6609899999999999,2.8497,13.863,0.02256,130.06,0.0,129.29,0.0,0.04512,2.8497,-4.0605,,23.233,22.972,0.4106,,50
2020-09-09 07:34:00,0.0,-3.9477,0.0,0.62644,3.0438,13.864,0.0236899999999999,129.66,0.0,126.17,0.0,-0.2707,3.0438,-3.677,,23.243,22.977,0.4186699999999999,,50
2020-09-09 07:35:00,0.0,-3.9928,0.0,0.6204199999999999,3.0895,13.864,0.0256599999999999,123.34,0.0,127.36,0.0,-0.11279,3.0895,-3.88,,23.247,22.985,0.4405899999999999,,50
2020-09-09 07:36:00,0.0,-3.9026,0.0,0.62548,3.3,13.864,0.02622,128.32,0.0,126.93,0.0,-0.13535,3.3,-3.7673,,23.247,22.992,0.45232,,50
2020-09-09 07:37:00,0.0,-4.241,0.0,0.62663,3.4269,13.864,0.0276299999999999,126.61,0.0,127.7,0.0,-0.09023,3.4269,-4.1508,,23.252,22.984,0.45956,,50
2020-09-09 07:38:00,0.0,-4.0605,0.0,0.63144,3.4024,13.864,0.02749,125.83,0.0,127.63,0.0,-0.13535,3.4024,-3.9252,,23.255,22.988,0.4798799999999999,,50
2020-09-09 07:39:00,0.0,-4.0831,0.0,0.6590399999999998,3.3812,13.864,0.02707,126.68,0.0,125.63,0.0,-0.1804699999999999,3.3812,-3.9026,,23.265,22.988,0.5043999999999998,,50
2020-09-09 07:40:00,0.0,-4.1959,0.0,0.6847999999999999,3.493,13.863,0.02806,126.74,0.0,128.32,0.0,-0.02256,3.493,-4.1733,,23.277,23.002,0.52297,,50
2020-09-09 07:41:00,0.0,-4.1733,0.0,0.69362,3.7761,13.864,0.0305999999999999,125.59,0.0,124.9,0.0,-0.22559,3.7761,-3.9477,,23.287,23.02,0.5486999999999999,,50
2020-09-09 07:42:00,0.0,-4.3538,0.0,0.69739,4.1496,13.865,0.0329899999999999,127.78,0.0002799999999999,129.19,0.0,-0.1804699999999999,4.1839,-4.1733,,23.299,23.02,0.56084,,50
2020-09-09 07:43:00,0.0,-4.3538,0.0,0.70533,4.4374,13.865,0.0360899999999999,124.65,0.0032399999999999,127.72,0.0,-0.24815,4.801,-4.1056,,23.307,23.019,0.58945,,50
2020-09-09 07:44:00,0.0,-4.0831,0.0,0.71403,4.6814,13.865,0.0374999999999999,126.72,0.0061999999999999,126.17,0.0,-0.24815,5.3849,-3.8349,,23.313,23.008,0.60914,,50
2020-09-09 07:45:00,0.0,-4.3989,0.0,0.74944,4.9924,13.865,0.04061,124.52,0.0077499999999999,130.36,0.0,-0.2030299999999999,5.928,-4.1959,,23.308,23.007,0.63616,,50
2020-09-09 07:46:00,0.0,-4.647,0.0,0.77676,5.2311,13.865,0.04159,127.58,0.00931,130.73,0.0,-0.1804699999999999,6.3729,-4.4666,,23.306,23.02,0.6719399999999999,,50
2020-09-09 07:47:00,0.0,-4.805,0.0,0.7991599999999999,5.2872,13.865,0.04216,127.05,0.0101499999999999,129.52,0.0,-0.2030299999999999,6.5154,-4.6019,,23.301,23.017,0.6909899999999999,,50
2020-09-09 07:48:00,0.0,-4.2635,0.0,0.8174099999999999,5.2495,13.864,0.04286,124.14,0.01156,125.69,0.0,-0.3609299999999999,6.6195,-3.9026,,23.292,23.02,0.73168,,50
2020-09-09 07:49:00,0.0,-4.5343,0.0,0.8463199999999999,5.2936,13.865,0.04216,127.34,0.01086,127.61,0.0,-0.2030299999999999,6.6241,-4.3312,,23.3,23.048,0.75277,,50
2020-09-09 07:50:00,0.0,-4.2635,0.0,0.8775399999999999,5.0816,13.865,0.0400399999999999,128.53,0.00987,126.5,0.0,-0.33838,6.2596,-3.9252,,23.322,23.081,0.76332,,50
2020-09-09 07:51:00,0.0,-4.1733,0.0,0.8969099999999999,5.0005,13.865,0.04075,124.15,0.0087399999999999,125.73,0.0,-0.1579099999999999,6.031,-4.0154,,23.34,23.099,0.76854,,50
2020-09-09 07:52:00,0.0,-4.1733,0.0,0.87682,5.1407,13.864,0.04173,125.2,0.00945,127.91,0.0,-0.13535,6.2729,-4.038,,23.352,23.114,0.76922,,50
2020-09-09 07:53:00,0.0,-4.3763,0.0,0.9086,5.5309,13.865,0.0437099999999999,127.93,0.0124099999999999,127.27,0.0,-0.22559,7.0445,-4.1508,,23.353,23.108,0.77417,,50
2020-09-09 07:54:00,0.0,-4.3538,0.0,0.8983999999999999,5.5042,13.865,0.0449799999999999,124.09,0.0119799999999999,129.59,0.0,0.02256,6.9765,-4.3763,,23.346,23.081,0.76887,,50
2020-09-09 07:55:00,0.0,-4.444,0.0,0.90416,5.2891,13.864,0.0418699999999999,127.73,0.01029,129.4,0.0,-0.2707,6.5646,-4.1733,,23.345,23.072,0.77063,,50
2020-09-09 07:56:00,0.0,-4.4891,0.0,0.91041,5.0527,13.865,0.04061,126.27,0.00945,127.55,0.0,-0.22559,6.2013,-4.2635,,23.338,23.057,0.76887,,50
2020-09-09 07:57:00,0.0,-4.5117,0.0,0.90003,5.1921,13.865,0.04159,126.33,0.01086,127.41,0.0,-0.22559,6.5139,-4.2861,,23.34,23.04,0.77105,,50
2020-09-09 07:58:00,0.0,-4.5568,0.0,0.91794,5.4443,13.865,0.04399,125.14,0.01156,130.72,0.0,-0.24815,6.8863,-4.3087,,23.349,23.031,0.78147,,50
2020-09-09 07:59:00,0.0,-4.4215,0.0,0.94654,5.5538,13.865,0.0442699999999999,127.13,0.01325,126.67,0.0,-0.22559,7.1557,-4.1959,,23.348,23.032,0.79103,,50
2020-09-09 08:00:00,0.0,-4.4891,0.0,0.94396,5.6815,13.865,0.04526,127.42,0.01382,129.83,0.0,-0.2707,7.399899999999999,-4.2184,,23.358,23.039,0.7822,,50
2020-09-09 08:01:00,0.0,-4.5343,0.0,0.93352,5.895,13.864,0.0478,124.78,0.01593,129.93,0.0,-0.3609299999999999,7.877,-4.1733,,23.364,23.043,0.78839,,50
2020-09-09 08:02:00,0.0,-4.8726,0.0,0.92341,6.176,13.865,0.0518899999999999,121.5,0.01932,131.88,0.0,-0.45117,8.6159,-4.4215,,23.366,23.059,0.79029,,50
2020-09-09 08:03:00,0.0,-4.7824,0.0,0.93209,6.895,13.865,0.05569,124.78,0.02496,126.18,0.0,-0.5413999999999999,9.9762,-4.241,,23.363,23.049,0.80966,,50
2020-09-09 08:04:00,0.0,-4.8501,0.0,0.95712,7.1107,13.864,0.05865,122.16,0.02552,132.01,0.0,-0.45117,10.388,-4.3989,,23.358,23.022,0.83135,,50
2020-09-09 08:05:00,0.0,-4.9629,0.0,1.0041,7.5021,13.865,0.0594999999999999,127.04,0.0252399999999999,140.97,0.0,-0.51885,10.939,-4.444,,23.37,23.032,0.84204,,50
2020-09-09 08:06:00,0.0,-4.9854,0.0,0.99784,7.4496,13.865,0.0609099999999999,123.52,0.0284799999999999,132.49,0.0,-0.4737299999999999,11.119,-4.5117,,23.385,23.051,0.8392699999999998,,50
2020-09-09 08:07:00,0.0,-4.9178,0.0,0.97751,7.6647,13.865,0.0621799999999999,124.41,0.02904,132.14,0.0,-0.5413999999999999,11.388,-4.3763,,23.399,23.063,0.83337,,50
2020-09-09 08:08:00,0.0,-4.8952,0.0,0.96028,7.455199999999999,13.865,0.05908,126.98,0.02496,140.0,0.0,-0.51885,10.854,-4.3763,,23.41,23.046,0.82252,,50
2020-09-09 08:09:00,0.0,-4.8275,0.0,0.99324,6.9192,13.865,0.05781,120.8,0.02355,136.64,0.0,-0.45117,10.057,-4.3763,,23.399,23.017,0.81603,,50
2020-09-09 08:10:00,0.0,-4.7598,0.0,1.0281,6.6407,13.865,0.05527,121.55,0.02425,125.17,0.0,-0.5413999999999999,9.6106,-4.2184,,23.379,22.98,0.82372,,50
2020-09-09 08:11:00,0.0,-4.7373,0.0,1.0203,6.5343,13.865,0.05442,121.41,0.02397,123.11,0.0,-0.49629,9.4149,-4.241,,23.378,22.971,0.80908,,50
2020-09-09 08:12:00,0.0,-5.008,0.0,1.0154,6.6552,13.865,0.05485,122.22,0.02256,130.04,0.0,-0.4737299999999999,9.4882,-4.5343,,23.378,22.975,0.8061099999999999,,50
2020-09-09 08:13:00,0.0,-4.805,0.0,1.0145,7.0762,13.865,0.0570999999999999,125.0,0.02425,135.23,0.0,-0.49629,10.275,-4.3087,,23.391,23.003,0.82183,,50
2020-09-09 08:14:00,0.0,-5.008,0.0,1.0264,7.8541,13.865,0.06274,125.91,0.0322899999999999,128.56,0.0,-0.49629,11.931,-4.5117,,23.403,23.017,0.8332,,50
2020-09-09 08:15:00,0.0,-5.0531,0.0,1.0425,8.5675,13.865,0.0662699999999999,130.09,0.03257,141.41,0.0,-0.49629,13.035,-4.5568,,23.404,23.006,0.8410999999999998,,50
2020-09-09 08:16:00,0.0,-4.8501,0.0,1.0589,8.4343,13.865,0.0662699999999999,128.09,0.03454,133.55,0.0,-0.5413999999999999,12.963,-4.3087,,23.398,22.997,0.8424599999999999,,50
2020-09-09 08:17:00,0.0,-4.9178,0.0,1.0868,8.0494,13.866,0.06472,125.34,0.03271,137.64,0.0,-0.5413999999999999,12.481,-4.3763,,23.392,22.991,0.8449499999999999,,50
2020-09-09 08:18:00,0.0,-4.8501,0.0,1.0943,8.1996,13.866,0.06457,127.91,0.03567,128.02,0.0,-0.45117,12.689,-4.3989,,23.402,22.989,0.8430199999999999,,50
2020-09-09 08:19:00,0.0,-4.8501,0.0,1.1213,8.2329,13.865,0.0641499999999999,129.33,0.0305999999999999,142.44,0.0,-0.5413999999999999,12.477,-4.3087,,23.405,23.006,0.8518999999999999,,50
2020-09-09 08:20:00,0.0,-4.9178,0.0,1.1363,7.5951,13.865,0.0617499999999999,123.73,0.0315799999999999,124.76,0.0,-0.3609299999999999,11.458,-4.5568,,23.419,23.037,0.84769,,50
2020-09-09 08:21:00,0.0,-4.9854,0.0,1.1583,7.2912,13.865,0.0583699999999999,125.82,0.0248099999999999,137.25,0.0,-0.45117,10.575,-4.5343,,23.438,23.064,0.8377,,50
2020-09-09 08:22:00,0.0,-4.7147,0.0,1.1745,6.8103,13.865,0.05682,121.03,0.0232599999999999,134.03,0.0,-0.45117,9.8393,-4.2635,,23.466,23.087,0.8345299999999999,,50
2020-09-09 08:23:00,0.0,-4.8501,0.0,1.1645,6.4512,13.865,0.05287,123.32,0.02298,122.6,0.0,-0.49629,9.2063,-4.3538,,23.491,23.092,0.81355,,50
2020-09-09 08:24:00,0.0,-4.7598,0.0,1.1226,6.1464,13.864,0.05287,117.97,0.0211499999999999,120.89,0.0,-0.45117,8.6187,-4.3087,,23.502,23.087,0.80215,,50
2020-09-09 08:25:00,0.0,-4.5568,0.0,1.0687,6.129,13.865,0.0504799999999999,123.06,0.01889,129.56,0.0,-0.29326,8.5266,-4.2635,,23.497,23.078,0.8064799999999999,,50
2020-09-09 08:26:00,0.0,-4.647,0.0,1.059,6.177,13.865,0.0492099999999999,127.25,0.0172,133.56,0.0,-0.29326,8.372999999999998,-4.3538,,23.48,23.051,0.8009899999999999,,50
2020-09-09 08:27:00,0.0,-4.5117,0.0,1.0609,6.2859,13.865,0.0493499999999999,128.55,0.01861,128.06,0.0,-0.3158199999999999,8.5744,-4.1959,,23.452,23.044,0.79829,,50
2020-09-09 08:28:00,0.0,-4.647,0.0,1.0787,6.3164,13.865,0.0492099999999999,130.27,0.0190299999999999,127.16,0.0,-0.3609299999999999,8.6571,-4.2861,,23.445,23.036,0.8039399999999999,,50
2020-09-09 08:29:00,0.0,-4.6245,0.0,1.0328,6.2715,13.865,0.0501899999999999,126.35,0.0198799999999999,124.37,0.0,-0.29326,8.6948,-4.3312,,23.447,23.041,0.79618,,50
2020-09-09 08:30:00,0.0,-5.008,0.0,1.0254,6.3458,13.865,0.0506199999999999,127.27,0.01932,128.82,0.0,-0.3609299999999999,8.7195,-4.647,,23.455,23.012,0.80525,,50
2020-09-09 08:31:00,0.0,-4.6019,0.0,1.0339,6.2809,13.865,0.0487799999999999,130.05,0.01776,130.37,0.0,-0.29326,8.530699999999998,-4.3087,,23.456,22.991,0.8127499999999999,,50
2020-09-09 08:32:00,0.0,-4.805,0.0,1.0355,6.1211,13.865,0.04963,125.11,0.0172,131.05,0.0,-0.29326,8.276799999999998,-4.5117,,23.462,22.994,0.79803,,50
2020-09-09 08:33:00,0.0,-4.7824,0.0,1.0609,6.3978,13.864,0.0518899999999999,124.48,0.02129,125.66,0.0,-0.3609299999999999,9.0004,-4.4215,,23.458,22.985,0.81095,,50
2020-09-09 08:34:00,0.0,-4.8726,0.0,1.0084,6.663,13.864,0.0549899999999999,122.39,0.02355,127.27,0.0,-0.51885,9.591,-4.3538,,23.461,22.995,0.81594,,50
2020-09-09 08:35:00,0.0,-4.9629,0.0,0.98594,6.9632,13.865,0.05752,121.83,0.02496,135.33,0.0,-0.51885,10.252,-4.444,,23.459,22.978,0.8213,,50
2020-09-09 08:36:00,0.0,-4.8275,0.0,0.99577,7.737199999999999,13.864,0.06119,127.35,0.0297499999999999,132.41,0.0,-0.49629,11.593,-4.3312,,23.441,22.949,0.8316999999999999,,50
2020-09-09 08:37:00,0.0,-5.0757,0.0,1.0518,7.4341,13.863,0.06049,124.13,0.02749,134.38,0.0,-0.4737299999999999,10.984,-4.6019,,23.426,22.952,0.8423399999999999,,50
2020-09-09 08:38:00,0.0,-4.9854,0.0,1.0547,7.1107,13.864,0.05865,122.32,0.0256599999999999,133.51,0.0,-0.45117,10.448,-4.5343,,23.431,22.966,0.8231,,50
2020-09-09 08:39:00,0.0,-5.0305,0.0,1.0686,7.5476,13.863,0.05978,127.33,0.0276299999999999,136.29,0.0,-0.4737299999999999,11.181,-4.5568,,23.427,22.935,0.83715,,50
2020-09-09 08:40:00,0.0,-4.9403,0.0,1.0689,7.6325,13.863,0.0618999999999999,124.19,0.0293299999999999,133.69,0.0,-0.51885,11.461,-4.4215,,23.422,22.941,0.8315,,50
2020-09-09 08:41:00,0.0,-5.0531,0.0,1.0328,8.305799999999998,13.863,0.06457,129.3,0.03313,134.3,0.0,-0.51885,12.656,-4.5343,,23.404,22.899,0.8431199999999999,,50
2020-09-09 08:42:00,0.0,-5.008,0.0,0.97355,8.8694,13.863,0.06754,132.01,0.03694,135.99,0.0,-0.4737299999999999,13.82,-4.5343,,23.394,22.88,0.82799,,50
2020-09-09 08:43:00,0.0,-5.5043,0.0,0.99605,9.1161,13.863,0.0688,133.53,0.0277799999999999,167.39,0.0,-0.51885,13.756,-4.9854,,23.39,22.874,0.8658,,50
2020-09-09 08:44:00,0.0,-5.0305,0.0,1.0062,9.5588,13.863,0.06796,142.04,0.02355,180.17,0.0,-0.5413999999999999,13.801,-4.4891,,23.379,22.909,0.87175,,50
2020-09-09 08:45:00,0.0,-5.1885,0.0,1.0346,10.17,13.863,0.0601999999999999,169.02,0.02312,181.32,0.0,-0.4737299999999999,14.363,-4.7147,,23.391,22.947,0.87766,,50
2020-09-09 08:46:00,0.0,-4.9629,0.0,1.0197,9.9041,13.863,0.0559699999999999,176.94,0.02256,182.76,0.0,-0.58652,14.027,-4.3763,,23.393,22.942,0.88907,,50
2020-09-09 08:47:00,0.0,-5.1433,0.0,1.0168,10.06,13.864,0.05442,184.86,0.02171,190.46,0.0,-0.56396,14.195,-4.5794,,23.392,22.934,0.89914,,50
2020-09-09 08:48:00,0.0,-5.211,0.0,1.0149,10.139,13.863,0.05358,189.23,0.0207299999999999,194.51,0.0,-0.40605,14.17,-4.805,,23.395,22.96,0.90806,,50
2020-09-09 08:49:00,0.0,-5.0305,0.0,1.0598,10.201,13.864,0.0525899999999999,193.98,0.03088,181.33,0.0,-0.56396,15.517,-4.4666,,23.407,22.973,0.92259,,50
2020-09-09 08:50:00,0.0,-5.0757,0.0,1.056,10.159,13.863,0.0513199999999999,197.95,0.02876,193.89,0.0,-0.45117,15.735,-4.6245,,23.418,22.953,0.92374,,50
2020-09-09 08:51:00,0.0,-5.1208,0.0,1.0678,11.146,13.863,0.0609099999999999,186.58,0.02806,196.96,0.0,-0.4737299999999999,16.672,-4.647,,23.411,22.914,0.94338,,50
2020-09-09 08:52:00,0.0,-5.0531,0.0,1.104,11.803,13.863,0.0607699999999999,194.23,0.0276299999999999,200.41,0.0,-0.49629,17.34,-4.5568,,23.384,22.86,0.95497,,50
2020-09-09 08:53:00,0.0,-5.0982,0.0,1.1271,11.826,13.864,0.0594999999999999,198.78,0.0258,204.7,0.0,-0.58652,17.108,-4.5117,,23.356,22.771,0.9807,,50
2020-09-09 08:54:00,0.0,-5.3915,0.0,1.157,11.888,13.864,0.0603399999999999,196.99,0.02552,202.93,0.0,-0.51885,17.066,-4.8726,,23.334,22.762,0.98777,,50
2020-09-09 08:55:00,0.0,-5.1659,0.0,1.1368,11.551,13.864,0.0620399999999999,186.24,0.0328499999999999,183.05,0.0,-0.5413999999999999,17.388,-4.6245,,23.31,22.76,0.95785,,50
2020-09-09 08:56:00,0.0,-4.9854,0.0,1.1259,11.198,13.865,0.0664099999999999,168.91,0.0317199999999999,177.13,0.0,-0.58652,16.803,-4.3989,,23.282,22.723,0.94485,,50
2020-09-09 08:57:00,0.0,-4.9854,0.0,1.1101,8.773799999999998,13.864,0.0700699999999999,125.85,0.0353899999999999,142.28,0.0,-0.49629,13.653,-4.4891,,23.247,22.671,0.92731,,50
2020-09-09 08:58:00,0.0,-5.2561,0.0,1.1076,7.7487,13.864,0.0626,124.74,0.03116,130.07,0.0,-0.40605,11.722,-4.8501,,23.221,22.656,0.90698,,50
2020-09-09 08:59:00,0.0,-5.008,0.0,1.082,7.635399999999998,13.864,0.0618999999999999,124.42,0.02862,136.48,0.0,-0.56396,11.433,-4.444,,23.228,22.69,0.88905,,50
2020-09-09 09:00:00,0.0,-5.2561,0.0,1.1171,8.304299999999998,13.864,0.06486,128.61,0.0341199999999999,129.93,0.0,-0.4737299999999999,12.656,-4.7824,,23.238,22.688,0.9001599999999998,-1646.0,50
2020-09-09 09:01:00,0.0,-5.1433,0.0,1.1375,8.1301,13.864,0.06472,126.43,0.03271,132.94,0.0,-0.45117,12.376,-4.6922,,23.248,22.7,0.90698,-1790.5,50
2020-09-09 09:02:00,0.0,-4.9854,0.0,1.1726,8.0408,13.864,0.0641499999999999,126.32,0.0320099999999999,136.4,0.0,-0.49629,12.294,-4.4891,,23.241,22.725,0.92027,,50
2020-09-09 09:03:00,0.0,-4.9629,0.0,1.1132,8.1635,13.864,0.0641499999999999,128.41,0.03384,128.5,0.0,-0.6316399999999999,12.445,-4.3312,,23.245,22.733,0.90779,,50
2020-09-09 09:04:00,0.0,-5.1885,0.0,1.111,8.2712,13.865,0.0656999999999999,126.73,0.0318599999999999,137.51,0.0,-0.51885,12.498,-4.6696,,23.246,22.693,0.90725,,50
2020-09-09 09:05:00,0.0,-5.0305,0.0,1.1174,8.146599999999998,13.865,0.06528,125.74,0.03271,135.98,0.0,-0.51885,12.502,-4.5117,,23.234,22.68,0.89493,,50
2020-09-09 09:06:00,0.0,-5.0982,0.0,1.0642,8.3925,13.865,0.0659799999999999,128.6,0.03511,132.36,0.0,-0.49629,12.967,-4.6019,,23.222,22.673,0.90698,,50
2020-09-09 09:07:00,0.0,-5.1208,0.0,1.0778,8.337899999999998,13.865,0.0656999999999999,127.48,0.03398,131.43,0.0,-0.49629,12.671,-4.6245,,23.235,22.711,0.90369,,50
2020-09-09 09:08:00,0.0,-4.8952,0.0,1.1213,7.8163,13.865,0.06105,128.85,0.03074,131.73,0.0,-0.58652,11.788,-4.3087,,23.27,22.752,0.90612,,50
2020-09-09 09:09:00,0.0,-4.9403,0.0,1.1544,7.6308,13.865,0.0620399999999999,123.96,0.02989,134.12,0.0,-0.33838,11.555,-4.6019,,23.284,22.749,0.91317,,50
2020-09-09 09:10:00,0.0,-4.8726,0.0,1.1758,7.5546,13.865,0.0609099999999999,124.95,0.02904,131.7,0.0,-0.56396,11.299,-4.3087,,23.282,22.744,0.91136,,50
2020-09-09 09:11:00,0.0,-4.8501,0.0,1.185,7.8752,13.864,0.0617499999999999,128.49,0.0321499999999999,127.52,0.0,-0.58652,11.908,-4.2635,,23.287,22.815,0.90319,,50
2020-09-09 09:12:00,0.0,-5.1208,0.0,1.2446,8.5167,13.865,0.06768,127.0,0.0337,141.67,0.0,-0.3609299999999999,13.196,-4.7598,,23.309,22.856,0.94644,,50
2020-09-09 09:13:00,0.0,-5.3238,0.0,1.2376,9.5038,13.865,0.06782,140.83,0.02961,160.87,0.0,-0.4286099999999999,14.072,-4.8952,,23.348,22.893,0.95454,,50
2020-09-09 09:14:00,0.0,-5.0531,0.0,1.1305,10.252,13.866,0.06486,158.2,0.0232599999999999,181.17,0.0,-0.56396,14.466,-4.4891,,23.376,22.894,0.93309,,50
2020-09-09 09:15:00,0.0,-5.3012,0.0,1.0862,9.8939,13.866,0.0614699999999999,161.12,0.02312,178.09,0.0,-0.45117,14.009,-4.8501,,23.353,22.836,0.93453,,50
2020-09-09 09:16:00,0.0,-5.1885,0.0,1.1181,8.8999,13.866,0.0683799999999999,130.76,0.02721,165.93,0.0,-0.29326,13.411,-4.8952,,23.324,22.793,0.94471,,50
2020-09-09 09:17:00,0.0,-5.0982,0.0,1.1327,8.777,13.866,0.0682399999999999,129.63,0.0341199999999999,141.64,0.0,-0.3158199999999999,13.539,-4.7824,,23.309,22.77,0.93879,,50
2020-09-09 09:18:00,0.0,-5.3464,0.0,1.0849,8.9123,13.865,0.06768,132.66,0.0273499999999999,166.06,0.0,-0.40605,13.445,-4.9403,,23.301,22.748,0.93313,,50
2020-09-09 09:19:00,0.0,-5.0757,0.0,1.0769,9.3244,13.866,0.0690899999999999,135.63,0.02312,177.65,0.0,-0.45117,13.432,-4.6245,,23.265,22.673,0.93617,,50
2020-09-09 09:20:00,0.0,-5.008,0.0,1.083,9.1283,13.866,0.0682399999999999,134.49,0.02383,175.81,0.0,-0.49629,13.318,-4.5117,,23.242,22.62,0.94929,,50
2020-09-09 09:21:00,0.0,-5.2561,0.0,1.1172,9.7079,13.866,0.06457,152.31,0.02256,182.11,0.0,-0.40605,13.814,-4.8501,,23.223,22.595,0.95821,,50
2020-09-09 09:22:00,0.0,-5.0982,0.0,1.0965,10.07,13.867,0.05485,183.6,0.0207299999999999,190.09,0.0,-0.49629,14.009,-4.6019,,23.183,22.557,0.98174,,50
2020-09-09 09:23:00,0.0,-5.0982,0.0,1.0693,9.9936,13.867,0.05414,184.59,0.02044,191.4,0.0,-0.67676,13.907,-4.4215,,23.159,22.528,0.96173,,50
2020-09-09 09:24:00,0.0,-5.1208,0.0,1.1091,10.141,13.866,0.0546999999999999,185.39,0.04145,148.56,0.0,-0.4737299999999999,16.164,-4.647,,23.146,22.495,0.98928,,50
2020-09-09 09:25:00,0.0,-5.0757,0.0,1.1548,10.206,13.866,0.0539999999999999,189.01,0.03116,180.41,0.0,-0.45117,15.827,-4.6245,,23.141,22.508,0.9948,,50
2020-09-09 09:26:00,0.0,-5.0531,0.0,1.1273,10.061,13.868,0.0525899999999999,191.32,0.03045,184.94,0.0,-0.56396,15.69,-4.4891,,23.134,22.506,0.9838,,50
2020-09-09 09:27:00,0.0,-5.3013,0.0,1.1342,11.055,13.866,0.06288,179.31,0.0277799999999999,192.05,0.0,-0.4737299999999999,16.389,-4.8275,,23.136,22.502,1.0063,,50
2020-09-09 09:28:00,0.0,-5.0305,0.0,1.1775,11.749,13.867,0.0641499999999999,183.15,0.02876,191.44,0.0,-0.58652,17.255,-4.444,,23.121,22.46,1.0175,,50
2020-09-09 09:29:00,0.0,-4.9629,0.0,1.1719,11.458,13.868,0.06246,183.45,0.0284799999999999,191.68,0.0,-0.56396,16.917,-4.3989,,23.089,22.444,1.0084,,50
2020-09-09 09:30:00,0.0,-5.0306,0.0,1.2083,11.729,13.867,0.0616099999999999,190.37,0.03243,187.71,0.0,-0.5413999999999999,17.616,-4.4892,,23.089,22.454,1.0249,,50
2020-09-09 09:31:00,0.0,-5.0531,0.0,1.209,11.838,13.868,0.05922,199.95,0.02453,206.75,0.0,-0.56396,16.909,-4.4891,,23.073,22.47,1.0463,,50
2020-09-09 09:32:00,0.0,-5.4366,0.0,1.2289,11.957,13.868,0.0583699999999999,204.84,0.02355,211.39,0.0,-0.5413999999999999,16.935,-4.8952,,23.087,22.488,1.075,,50
2020-09-09 09:33:00,0.0,-5.5043,0.0,1.2464,12.584,13.867,0.0621799999999999,204.74,0.0219899999999999,216.08,0.0,-0.54141,17.337,-4.9629,,23.094,22.494,1.0954,,50
2020-09-09 09:34:00,0.0,-5.3238,0.0,1.303,12.12,13.868,0.0572399999999999,211.74,0.0219899999999999,218.12,0.0,-0.3609299999999999,16.918,-4.9629,,23.093,22.483,1.1081,,50
2020-09-09 09:35:00,0.0,-5.1434,0.0,1.2966,12.082,13.868,0.05668,213.16,0.02594,216.21,0.0,-0.4737299999999999,17.573,-4.6696,,23.072,22.466,1.1284,,50
2020-09-09 09:36:00,0.0,-5.1659,0.0,1.3782,11.983,13.868,0.05654,211.94,0.02171,218.43,0.0,-0.45117,16.725,-4.7147,,23.085,22.488,1.1391,,50
2020-09-09 09:37:00,0.0,-5.1885,0.0,1.4112,11.964,13.868,0.05738,208.49,0.0219899999999999,214.84,0.0,-0.45118,16.689,-4.7373,,23.105,22.544,1.1292,,50
2020-09-09 09:38:00,0.0,-5.0757,0.0,1.4036,12.403,13.868,0.0620399999999999,202.04,0.02312,213.53,0.0,-0.51885,17.34,-4.5568,,23.122,22.547,1.1162,,50
2020-09-09 09:39:00,0.0,-4.9854,0.0,1.4086,11.778,13.869,0.05668,207.82,0.02312,214.05,0.0,-0.5639699999999999,16.728,-4.4215,,23.167,22.59,1.1147,,50
2020-09-09 09:40:00,0.0,-4.9855,0.0,1.4218,11.863,13.868,0.05654,209.83,0.0219999999999999,216.16,0.0,-0.54141,16.618,-4.4441,1.4548,23.184,22.596,1.1238,,50
2020-09-09 09:41:00,0.0,-5.1434,0.0,1.4411,11.818,13.868,0.05612,210.6,0.02594,213.33,0.0,-0.54141,17.226,-4.602,,23.177,22.624,1.1331,,50
2020-09-09 09:42:00,0.0,-5.008,0.0,1.4682,11.98,13.868,0.0572399999999999,209.28,0.0219899999999999,215.64,0.0,-0.54142,16.723,-4.4666,,23.197,22.623,1.1425,-1643.4,50
2020-09-09 09:43:00,0.0,-5.0757,0.0,1.5178,11.782,13.868,0.0569599999999999,206.85,0.0227,213.32,0.0,-0.49629,16.624,-4.5794,,23.229,22.673,1.1488,-1599.8,50
2020-09-09 09:44:00,0.0,-5.1885,0.0,1.5643,12.203,13.868,0.0626,197.33,0.0234,209.86,0.0,-0.42862,17.115,-4.7598,,23.264,22.746,1.1193,-1047.8,50
2020-09-09 09:45:00,0.0,-5.2337,0.0,1.585,11.761,13.869,0.05865,200.52,0.02397,206.95,0.0,-0.51885,16.721,-4.7148,,23.33,22.808,1.1301,-424.96,50
2020-09-09 09:46:00,0.0,-5.0983,0.0,1.6369,11.701,13.868,0.05851,199.98,0.02425,206.67,0.0,-0.4511899999999999,16.714,-4.6471,,23.374,22.853,1.1094,177.9,50
2020-09-09 09:47:00,0.0,-5.1434,0.0,1.6172,11.882,13.87,0.0583699999999999,203.56,0.02707,205.27,0.0,-0.4737399999999999,17.286,-4.6697,,23.406,22.964,1.1158,,50
2020-09-09 09:48:00,0.0,-5.1209,0.0,1.6122,11.805,13.869,0.05795,203.72,0.02355,210.16,0.0,-0.4963,16.754,-4.6246,,23.446,23.013,1.1256,879.21,50
2020-09-09 09:49:00,0.0,-5.1886,0.0,1.5843,11.871,13.868,0.0576699999999999,205.85,0.02298,212.39,0.0,-0.4963,16.752,-4.6923,,23.476,23.002,1.1387,898.44,50
2020-09-09 09:50:00,0.0,-5.1209,0.0,1.5973,12.149,13.869,0.06176,198.85,0.0232599999999999,210.46,0.0,-0.42863,17.044,-4.6923,,23.495,22.975,1.1564,195.84,50
2020-09-09 09:51:00,0.0,-5.2788,0.0,1.5576,11.762,13.869,0.05908,199.12,0.0241099999999999,205.82,0.0,-0.4963,16.724,-4.7825,,23.467,22.91,1.1322,145.68,50
2020-09-09 09:52:00,0.0,-5.0758,0.0,1.5895,11.309,13.869,0.0607699999999999,186.13,0.02637,193.74,0.0,-0.51887,16.411,-4.5569,,23.429,22.864,1.1133,1146.0,50
2020-09-09 09:53:00,0.0,-5.0533,0.0,1.5947,9.8044,13.869,0.0680999999999999,145.33,0.04272,128.37,0.0,-0.47375,15.226,-4.5796,,23.421,22.867,1.0962,478.42,50
2020-09-09 09:54:00,0.0,-5.0082,0.0,1.5282,8.144,13.87,0.06711,122.04,0.03187,144.77,0.0,-0.4963099999999999,12.628,-4.5119,,23.432,22.887,1.0537,64.827,50
2020-09-09 09:55:00,0.0,-5.0758,0.0,1.4945,8.0632,13.87,0.06754,120.53,0.0317199999999999,145.86,0.0,-0.4963199999999999,12.595,-4.5795,,23.456,22.923,1.0667,497.72,50
2020-09-09 09:56:00,0.0,-5.0758,0.0,1.4676,8.644199999999998,13.87,0.0690899999999999,125.99,0.0352499999999999,141.71,0.0,-0.51887,13.577,-4.557,,23.479,22.982,1.0601,811.0,50
2020-09-09 09:57:00,0.0,-5.1435,0.0,1.5016,8.7612,13.87,0.0709199999999999,124.37,0.02919,164.14,0.0,-0.4963199999999999,13.54,-4.6472,,23.503,22.998,1.0678,707.23,50
2020-09-09 09:58:00,0.0,-5.2113,0.0,1.5581,8.455,13.871,0.06951,122.5,0.02623,168.95,0.0,-0.47375,12.885,-4.7376,,23.515,23.02,1.0699,714.95,50
2020-09-09 09:59:00,0.0,-5.1435,0.0,1.5903,8.5699,13.87,0.0683799999999999,126.3,0.0288999999999999,160.38,0.0,-0.4511999999999999,13.2,-4.6923,,23.497,23.11,1.0663,1025.0,50
2020-09-09 10:00:00,0.0,-4.9856,0.0,1.5665,8.3682,13.87,0.0685299999999999,122.76,0.03694,130.69,0.0,-0.4511999999999999,13.107,-4.5344,,23.521,23.116,1.0538,1050.3,50
2020-09-09 10:01:00,0.0,-5.0985,0.0,1.5884,8.305099999999998,13.87,0.06937,120.9,0.0341199999999999,141.38,0.0,-0.51887,13.081,-4.5796,,23.539,23.071,1.0727,1462.5,50
2020-09-09 10:02:00,0.0,-5.0082,0.0,1.5753,8.5031,13.87,0.0688099999999999,124.3,0.0353899999999999,140.12,0.0,-0.47375,13.387,-4.5344,,23.551,23.068,1.0706,904.34,50
2020-09-09 10:03:00,0.0,-5.0984,0.0,1.5909,8.499,13.871,0.0686699999999999,124.83,0.0366599999999999,131.7,0.0,-0.42864,13.256,-4.6698,,23.57,23.142,1.0793,1067.0,50
2020-09-09 10:04:00,0.0,-5.0309,0.0,1.6119,8.131299999999998,13.87,0.0680999999999999,120.16,0.0320099999999999,144.3,0.0,-0.4963099999999999,12.654,-4.5345,,23.578,23.138,1.0773,1152.3,50
2020-09-09 10:05:00,0.0,-5.0534,0.0,1.6396,7.7165,13.871,0.0680999999999999,114.26,0.0334199999999999,132.16,0.0,-0.47376,12.035,-4.5796,,23.576,23.128,1.0741,1211.0,50
2020-09-09 10:06:00,0.0,-5.0308,0.0,1.6574,7.4028,13.87,0.0665499999999999,112.18,0.03046,139.05,0.0,-0.45118,11.535,-4.5796,,23.592,23.175,1.0684,1554.2,50
2020-09-09 10:07:00,0.0,-4.918,0.0,1.6273,7.7535,13.87,0.06317,124.62,0.0332799999999999,126.89,0.0,-0.4511999999999999,11.916,-4.4668,,23.59,23.161,1.0501,1456.8,50
2020-09-09 10:08:00,0.0,-4.9632,0.0,1.57,7.763499999999999,13.87,0.06162,127.16,0.02947,132.77,0.0,-0.51888,11.562,-4.4443,,23.589,23.128,1.0471,919.0,50
2020-09-09 10:09:00,0.0,-5.0309,0.0,1.5704,7.2971,13.87,0.0600699999999999,122.5,0.0277799999999999,128.58,0.0,-0.5188899999999999,10.755,-4.512,,23.591,23.09,1.0547,644.3,50
2020-09-09 10:10:00,0.0,-4.918,0.0,1.5946,7.222,13.871,0.05795,125.53,0.02453,135.8,0.0,-0.47376,10.474,-4.4443,,23.6,23.126,1.0492,858.2,50
2020-09-09 10:11:00,0.0,-4.8954,0.0,1.6272,7.1203,13.87,0.0583699999999999,122.85,0.0256599999999999,128.03,0.0,-0.4511999999999999,10.306,-4.4442,,23.623,23.204,1.0339,1126.5,50
2020-09-09 10:12:00,0.0,-5.0083,0.0,1.5697,7.0934,13.87,0.0573899999999999,124.68,0.0251,132.89,0.0,-0.47376,10.283,-4.5346,,23.621,23.225,1.0285,666.88,50
2020-09-09 10:13:00,0.0,-4.9632,0.0,1.542,7.7554,13.87,0.06176,126.22,0.02947,132.01,0.0,-0.42864,11.541,-4.5345,,23.64,23.26,1.0203,794.6,50
2020-09-09 10:14:00,0.0,-4.918,0.0,1.5835,8.5187,13.87,0.0669799999999999,128.07,0.03257,140.7,0.0,-0.54144,13.006,-4.3766,,23.635,23.209,1.0555,1007.1,50
2020-09-09 10:15:00,0.0,-5.0759,0.0,1.5953,9.4041,13.87,0.0689499999999999,136.81,0.02397,176.57,0.0,-0.4511999999999999,13.632,-4.6247,,23.639,23.176,1.067,832.69,50
2020-09-09 10:16:00,0.0,-5.0985,0.0,1.6374,9.7702,13.87,0.06486,152.72,0.0219999999999999,184.1,0.0,-0.47376,13.819,-4.6248,,23.667,23.264,1.0696,1075.6,50
2020-09-09 10:17:00,0.0,-4.8956,0.0,1.6019,9.939,13.87,0.05612,177.12,0.0219999999999999,185.22,0.0,-0.54144,14.013,-4.3541,,23.671,23.262,1.074,1185.7,50
2020-09-09 10:18:00,0.0,-5.1437,0.0,1.5983,9.884200000000002,13.87,0.0575299999999999,171.83,0.02185,181.83,0.0,-0.4963299999999999,13.858,-4.6473,,23.689,23.275,1.0767,1286.9,50
2020-09-09 10:19:00,0.0,-5.1662,0.0,1.5737,9.7008,13.869,0.06021,161.19,0.0228399999999999,176.25,0.0,-0.4511999999999999,13.725,-4.715,,23.72,23.334,1.0696,927.43,50
2020-09-09 10:20:00,0.0,-5.0084,0.0,1.5789,9.7486,13.87,0.06105,159.83,0.0359599999999999,145.21,0.0,-0.5188899999999999,14.757,-4.4895,,23.75,23.433,1.0596,652.87,50
2020-09-09 10:21:00,0.0,-5.0309,0.0,1.6027,10.096,13.868,0.0555599999999999,181.74,0.04456,132.9,0.0,-0.4963299999999999,15.948,-4.5345,,23.754,23.52,1.0672,924.41,50
2020-09-09 10:22:00,0.0,-5.3242,0.0,1.5772,10.502,13.869,0.0671199999999999,161.05,0.0346899999999999,173.17,0.0,-0.47376,16.471,-4.8504,,23.739,23.487,1.0664,1320.2,50
2020-09-09 10:23:00,0.0,-5.0082,0.0,1.5793,11.542,13.869,0.0635899999999999,181.68,0.02961,190.13,0.0,-0.47376,17.17,-4.5344,,23.722,23.439,1.0854,1480.6,50
2020-09-09 10:24:00,0.0,-5.1888,0.0,1.5727,11.909,13.869,0.06148,193.74,0.02749,200.69,0.0,-0.4963199999999999,17.426,-4.6925,,23.696,23.489,1.0899,1265.1,50
2020-09-09 10:25:00,0.0,-5.0083,0.0,1.5605,11.822,13.87,0.0589399999999999,200.58,0.02538,207.12,0.0,-0.4963299999999999,17.078,-4.5119,,23.659,23.479,1.1151,1387.0,50
2020-09-09 10:26:00,0.0,-5.1661,0.0,1.6115,11.929,13.869,0.05851,203.86,0.0251,210.25,0.0,-0.47376,17.205,-4.6924,,23.658,23.39,1.1397,1237.3,50
2020-09-09 10:27:00,0.0,-5.076,0.0,1.6507,11.752,13.869,0.0575299999999999,204.28,0.0248199999999999,210.55,0.0,-0.47375,16.977,-4.6022,,23.667,23.34,1.1532,1347.0,50
2020-09-09 10:28:00,0.0,-5.0308,0.0,1.668,12.073,13.869,0.0620399999999999,196.95,0.02834,204.39,0.0,-0.58655,17.744,-4.4442,,23.704,23.427,1.1441,1307.8,50
2020-09-09 10:29:00,0.0,-5.0308,0.0,1.6915,11.8,13.869,0.05936,198.8,0.02538,205.3,0.0,-0.4737399999999999,17.01,-4.557,,23.733,23.48,1.1381,1529.0,50
2020-09-09 10:30:00,0.0,-5.0984,0.0,1.6746,11.684,13.869,0.06049,193.19,0.02623,200.01,0.0,-0.27072,16.929,-4.8277,,23.724,23.448,1.1296,,50
2020-09-09 10:31:00,0.0,-5.1661,0.0,1.667,11.538,13.869,0.06133,188.12,0.02721,195.56,0.0,-0.45118,16.86,-4.7149,,23.758,23.474,1.1128,,50
2020-09-09 10:32:00,0.0,-5.2112,0.0,1.6999,11.367,13.868,0.06176,184.07,0.0284799999999999,192.04,0.0,-0.5414299999999999,16.837,-4.6698,,23.816,23.59,1.106,,50
2020-09-09 10:33:00,0.0,-5.0307,0.0,1.7206,11.457,13.869,0.06486,177.92,0.0315799999999999,185.78,0.0,-0.5414299999999999,17.228,-4.4893,,23.837,23.606,1.0798,,50
2020-09-09 10:34:00,0.0,-4.918,0.0,1.7464,11.394,13.869,0.065,176.45,0.03116,186.12,0.0,-0.5414299999999999,17.132,-4.3765,,23.85,23.616,1.0833,1620.6,50
2020-09-09 10:35:00,0.0,-4.9179,0.0,1.7658,11.349,13.869,0.06331,179.27,0.0288999999999999,187.9,0.0,-0.5414299999999999,16.78,-4.3765,,23.856,23.605,1.0951,1499.0,50
2020-09-09 10:36:00,0.0,-5.0533,0.0,1.7567,11.419,13.868,0.0659899999999999,173.06,0.0297499999999999,182.65,0.0,-0.5414299999999999,16.852,-4.5119,,23.843,23.606,1.091,1384.5,50
2020-09-09 10:37:00,0.0,-5.2112,0.0,1.7664,10.974,13.868,0.0662699999999999,165.61,0.0317199999999999,177.28,0.0,-0.4963,16.597,-4.7149,,23.886,23.659,1.0753,1482.3,50
2020-09-09 10:38:00,0.0,-5.0307,0.0,1.7823,10.972,13.868,0.06768,162.12,0.0321499999999999,175.71,0.0,-0.54141,16.62,-4.4893,,23.915,23.719,1.0698,1380.7,50
2020-09-09 10:39:00,0.0,-5.1434,0.0,1.7769,10.636,13.868,0.07191,149.7,0.0387699999999999,161.44,0.0,-0.5639699999999999,16.738,-4.5794,,23.901,23.731,1.0628,1117.2,50
2020-09-09 10:40:00,0.0,-5.369,0.0,1.7552,11.583,13.868,0.06542,177.26,0.0305999999999999,186.08,0.0,-0.54142,17.255,-4.8276,,23.927,23.73,1.0706,1280.3,50
2020-09-09 10:41:00,0.0,-4.963,0.0,1.775,11.597,13.868,0.0618999999999999,187.37,0.02806,195.4,0.0,-0.5639899999999999,17.078,-4.399,,23.964,23.711,1.0796,1572.8,50
2020-09-09 10:42:00,0.0,-5.0532,0.0,1.7712,11.697,13.867,0.06176,189.4,0.0273499999999999,197.2,0.0,-0.4963,17.09,-4.5569,,23.972,23.727,1.0763,1729.6,50
2020-09-09 10:43:00,0.0,-5.0983,0.0,1.7723,11.448,13.868,0.0621799999999999,184.14,0.02792,192.4,0.0,-0.54141,16.818,-4.5568,,23.973,23.721,1.0664,,50
2020-09-09 10:44:00,0.0,-4.9855,0.0,1.7513,11.218,13.867,0.065,172.6,0.02989,182.68,0.0,-0.4737299999999999,16.675,-4.5118,,23.951,23.726,1.0593,,50
2020-09-09 10:45:00,0.0,-5.0532,0.0,1.6999,9.9269,13.866,0.07219,138.61,0.0391999999999999,146.96,0.0,-0.45117,15.546,-4.602,,23.92,23.659,1.0321,,50
2020-09-09 10:46:00,0.0,-5.0757,0.0,1.7388,9.1992,13.866,0.07233,127.99,0.02425,178.49,0.0,-0.4737299999999999,13.396,-4.6019,,23.946,23.691,1.0394,,50
2020-09-09 10:47:00,0.0,-5.0757,0.0,1.7479,9.6255,13.866,0.07444,129.88,0.02058,189.81,0.0,-0.45117,13.532,-4.6246,,23.942,23.706,1.0304,,50
2020-09-09 10:48:00,0.0,-5.1208,0.0,1.748,10.785,13.867,0.0733199999999999,148.45,0.01932,197.08,0.0,-0.4286099999999999,14.591,-4.6922,,23.946,23.698,1.0331,,50
2020-09-09 10:49:00,0.0,-5.2561,0.0,1.7257,11.387,13.866,0.0620399999999999,183.6,0.0183299999999999,202.12,0.0,-0.5413999999999999,15.091,-4.7147,,23.96,23.744,1.0467,,50
2020-09-09 10:50:00,0.0,-5.1433,0.0,1.7497,11.573,13.866,0.0614699999999999,188.27,0.01776,204.96,0.0,-0.5413999999999999,15.214,-4.6019,,23.972,23.757,1.0564,,50
2020-09-09 10:51:00,0.0,-5.0531,0.0,1.7592,11.67,13.866,0.06133,190.27,0.02665,193.24,0.0,-0.51885,16.568,-4.5343,,23.958,23.77,1.065,,50
2020-09-09 10:52:00,0.0,-5.1208,0.0,1.7383,11.617,13.866,0.0616099999999999,188.54,0.0269299999999999,196.93,0.0,-0.5413999999999999,16.919,-4.5794,,23.901,23.777,1.0683,,50
2020-09-09 10:53:00,0.0,-5.0757,0.0,1.7551,11.235,13.865,0.0617499999999999,181.94,0.02806,191.04,0.0,-0.4286099999999999,16.593,-4.6471,,23.854,23.79,1.0835,,50
2020-09-09 10:54:00,0.0,-5.1659,0.0,1.7077,10.567,13.865,0.06937,153.96,0.03045,178.06,0.0,-0.51885,15.983,-4.6471,,23.823,23.725,1.0512,,50
2020-09-09 10:55:00,0.0,-4.9629,0.0,1.7012,9.1385,13.865,0.07233,127.13,0.03835,141.6,0.0,-0.49629,14.501,-4.4666,,23.843,23.696,1.0268,,50
2020-09-09 10:56:00,0.0,-5.2787,0.0,1.7203,8.5928,13.865,0.0706399999999999,122.52,0.0288999999999999,161.1,0.0,-0.38349,13.02,-4.8952,,23.861,23.682,1.0301,,50
2020-09-09 10:57:00,0.0,-5.1659,0.0,1.6611,8.9168,13.865,0.0707799999999999,126.61,0.0219899999999999,181.05,0.0,-0.49629,12.899,-4.6696,,23.857,23.702,1.0213,,50
2020-09-09 10:58:00,0.0,-5.0305,0.0,1.6395,8.884,13.865,0.0703499999999999,127.11,0.0219899999999999,182.95,0.0,-0.56396,12.908,-4.4666,,23.815,23.66,1.0078,,50
2020-09-09 10:59:00,0.0,-5.0982,0.0,1.6691,8.891299999999998,13.864,0.07191,124.52,0.0219899999999999,184.34,0.0,-0.4737299999999999,12.946,-4.6245,,23.773,23.632,1.0258,,50
2020-09-09 11:00:00,0.0,-5.1208,0.0,1.7313,9.0517,13.864,0.07233,125.86,0.0211499999999999,186.09,0.0,-0.45117,12.987,-4.6696,,23.783,23.632,1.0175,,50
2020-09-09 11:01:00,0.0,-5.0757,0.0,1.749,9.3062,13.863,0.0726099999999999,128.9,0.02792,171.78,0.0,-0.49629,13.807,-4.5794,,23.824,23.704,1.0158,,50
2020-09-09 11:02:00,0.0,-5.1208,0.0,1.7409,9.6473,13.863,0.07388,131.35,0.04145,141.19,0.0,-0.45117,15.444,-4.6696,,23.804,23.679,1.0111,,50
2020-09-09 11:03:00,0.0,-5.0757,0.0,1.7491,9.7683,13.863,0.07444,132.03,0.0422999999999999,142.75,0.0,-0.4737299999999999,15.743,-4.6019,,23.828,23.682,1.0199,,50
2020-09-09 11:04:00,0.0,-5.0982,0.0,1.6586,9.8766,13.863,0.07487,132.54,0.04258,140.81,0.0,-0.51885,15.827,-4.5794,,23.84,23.721,1.0069,,50
2020-09-09 11:05:00,0.0,-5.008,0.0,1.6896,9.4775,13.863,0.07374,129.41,0.0310199999999999,164.9,0.0,-0.56396,14.251,-4.444,,23.818,23.689,1.0099,,50
2020-09-09 11:06:00,0.0,-5.1433,0.0,1.6855,9.215000000000002,13.862,0.0730299999999999,126.95,0.0202999999999999,188.67,0.0,-0.49629,13.046,-4.647,,23.843,23.709,0.99949,,50
2020-09-09 11:07:00,0.0,-5.1659,0.0,1.692,9.0663,13.862,0.07219,126.27,0.0207299999999999,186.86,0.0,-0.49629,12.939,-4.6696,,23.845,23.667,0.9947,,50
2020-09-09 11:08:00,0.0,-5.0531,0.0,1.6698,8.914799999999998,13.862,0.07219,124.32,0.02171,185.27,0.0,-0.45117,12.938,-4.6019,,23.845,23.664,1.0065,,50
2020-09-09 11:09:00,0.0,-5.0982,0.0,1.6495,8.5484,13.862,0.0685199999999999,125.73,0.0219899999999999,180.2,0.0,-0.49629,12.512,-4.6019,,23.802,23.655,0.98184,,50
2020-09-09 11:10:00,0.0,-5.1433,0.0,1.6685,8.3907,13.862,0.0682399999999999,123.82,0.02707,160.26,0.0,-0.51885,12.579,-4.6245,,23.776,23.627,0.98876,,50
2020-09-09 11:11:00,0.0,-5.008,0.0,1.6494,8.275,13.862,0.0689499999999999,121.08,0.0315799999999999,149.03,0.0,-0.4737299999999999,12.872,-4.5343,,23.796,23.617,0.97998,,50
2020-09-09 11:12:00,0.0,-5.0982,0.0,1.6417,8.4678,13.859,0.06993,121.8,0.0276299999999999,168.62,0.0,-0.45117,13.122,-4.647,,23.814,23.565,0.98818,,50
2020-09-09 11:13:00,0.0,-5.2336,0.0,1.6441,9.103700000000002,13.861,0.07219,126.81,0.0227,183.67,0.0,-0.5413999999999999,13.27,-4.6922,,23.843,23.55,0.99102,,50
2020-09-09 11:14:00,0.0,-5.2561,0.0,1.6112,10.127,13.86,0.0751499999999999,135.5,0.02044,194.84,0.0,-0.49629,14.107,-4.7598,,23.836,23.554,0.97617,,50
2020-09-09 11:15:00,0.0,-5.0982,0.0,1.6212,11.604,13.86,0.06429,180.97,0.01861,204.07,0.0,-0.5413999999999999,15.402,-4.5568,,23.842,23.592,1.0206,,50
2020-09-09 11:16:00,0.0,-5.3915,0.0,1.6663,11.64,13.86,0.0601999999999999,193.36,0.0183299999999999,209.19,0.0,-0.45117,15.474,-4.9403,,23.852,23.631,1.0347,,50
2020-09-09 11:17:00,0.0,-5.1208,0.0,1.7195,11.863,13.86,0.0601999999999999,197.05,0.02298,203.82,0.0,-0.49629,16.323,-4.6245,,23.862,23.651,1.0324,,50
2020-09-09 11:18:00,0.0,-5.1208,0.0,1.6718,11.678,13.86,0.0596399999999999,195.8,0.02637,203.51,0.0,-0.51885,17.039,-4.6019,,23.846,23.604,1.04,,50
2020-09-09 11:19:00,0.0,-5.1885,0.0,1.651,11.435,13.86,0.0601999999999999,189.97,0.02665,198.64,0.0,-0.4737299999999999,16.727,-4.7147,,23.832,23.511,1.0566,,50
2020-09-09 11:20:00,0.0,-5.1433,0.0,1.6372,11.324,13.86,0.0641499999999999,177.69,0.02862,191.33,0.0,-0.5413999999999999,16.799,-4.6019,,23.847,23.465,1.0551,,50
2020-09-09 11:21:00,0.0,-5.1659,0.0,1.6525,10.607,13.86,0.0743,144.68,0.0297499999999999,187.17,0.0,-0.51885,16.175,-4.647,,23.88,23.471,1.0476,,50
2020-09-09 11:22:00,0.0,-5.1885,0.0,1.6998,11.595,13.859,0.0641499999999999,180.8,0.02862,191.9,0.0,-0.5413999999999999,17.085,-4.647,,23.913,23.555,1.0527,,50
2020-09-09 11:23:00,0.0,-5.1659,0.0,1.748,11.707,13.859,0.0609099999999999,192.18,0.03031,201.21,0.0,-0.51885,17.665,-4.647,,23.929,23.593,1.0364,,50
2020-09-09 11:24:00,0.0,-5.1885,0.0,1.64,11.804,13.859,0.05865,201.26,0.02312,216.03,0.0,-0.51885,16.799,-4.6696,,23.947,23.658,1.0388,,50
2020-09-09 11:25:00,0.0,-5.1885,0.0,1.4993,11.904,13.859,0.05781,205.93,0.0224199999999999,219.77,0.0,-0.5413999999999999,16.831,-4.647,,23.954,23.701,1.0479,,50
2020-09-09 11:26:00,0.0,-5.0757,0.0,1.5376,11.973,13.859,0.0570999999999999,209.68,0.02214,229.98,0.0,-0.4737299999999999,17.049,-4.6019,,23.946,23.678,1.0785,,50
2020-09-09 11:27:00,0.0,-5.1885,0.0,1.5945,12.564,13.858,0.06063,209.43,0.0187499999999999,242.01,0.0,-0.51885,17.102,-4.6696,,23.931,23.715,1.0886,,50
2020-09-09 11:28:00,0.0,-5.1433,0.0,1.5951,12.094,13.858,0.0559699999999999,216.06,0.01861,243.54,0.0,-0.4737299999999999,16.626,-4.6696,,23.918,23.656,1.092,,50
2020-09-09 11:29:00,0.0,-5.1659,0.0,1.6615,12.041,13.858,0.05555,216.76,0.0219899999999999,242.22,0.0,-0.51885,17.213,-4.647,,23.932,23.689,1.1183,,50
2020-09-09 11:30:00,0.0,-5.1208,0.0,1.7591,12.124,13.857,0.0559699999999999,216.61,0.01537,244.84,0.0,-0.49629,15.887,-4.6245,,23.915,23.676,1.1211,,50
2020-09-09 11:31:00,0.0,-5.2561,0.0,1.8061,12.094,13.856,0.0558299999999999,216.61,0.01523,244.83,0.0,-0.4737299999999999,15.822,-4.7824,,23.9,23.629,1.1359,,50
2020-09-09 11:32:00,0.0,-5.211,0.0,1.8643,12.786,13.857,0.05992,215.13,0.0165,247.91,0.0,-0.4286099999999999,16.874,-4.7824,,23.898,23.649,1.1523,,50
2020-09-09 11:33:00,0.0,-5.1885,0.0,1.8612,12.012,13.857,0.0539999999999999,222.44,0.01523,258.38,0.0,-0.60908,15.946,-4.5794,,23.928,23.65,1.4689,,50
2020-09-09 11:34:00,0.0,-5.211,0.0,1.8925,12.247,13.857,0.05428,225.62,0.01452,260.08,0.0,-0.5413999999999999,16.024,-4.6696,,23.963,23.643,1.7074,,50
2020-09-09 11:35:00,0.0,13.332,0.0,1.9702,12.176,13.857,0.0537199999999999,226.66,0.13775,224.64,0.0,-0.51885,42.659,13.851,,23.983,23.66,1.9626,,50
2020-09-09 11:36:00,0.0,18.476,0.0,2.0408,12.181,13.857,0.05315,229.23,0.1869599999999999,204.46,0.0,-0.51885,50.352,18.994,,24.0,23.695,2.1816,,50
2020-09-09 11:37:00,0.0,19.062,0.0,2.0048,12.565,13.856,0.05033,249.64,0.2097999999999999,197.05,0.0,-0.51885,53.905,19.581,,24.016,23.733,2.3783,,50
2020-09-09 11:38:00,0.0,20.325,0.0,1.8159,13.61,13.857,0.05555,248.58,0.2193799999999999,197.06,0.0,-0.49629,56.84,20.822,,24.01,23.763,2.5061,,50
2020-09-09 11:39:00,0.0,21.814,0.0,1.794,11.806,13.857,0.0468099999999999,252.22,0.22192,197.05,0.0,-0.4737299999999999,55.535,22.288,,24.014,23.816,2.6486,,50
2020-09-09 11:40:00,0.0,21.679,0.0,1.8533,11.801,13.856,0.0468099999999999,252.1,0.2257299999999999,197.01,0.0,-0.49629,56.27,22.175,,23.994,23.85,2.7848,,50
2020-09-09 11:41:00,0.0,22.514,0.0,1.9296,11.917,13.857,0.04737,251.56,0.22968,196.97,0.0,-0.4286099999999999,57.156,22.942,,23.988,23.899,2.9373,,50
2020-09-09 11:42:00,0.0,22.356,0.0,1.9449,11.62,13.856,0.04639,250.5,0.22672,197.0,0.0,-0.58652,56.281,22.942,,23.992,23.866,2.9596,,50
2020-09-09 11:43:00,0.0,19.491,0.0,1.9561,11.77,13.856,0.04737,248.45,0.21149,197.09,0.0,-0.60908,53.451,20.1,,24.003,23.784,2.9614,,50
2020-09-09 11:44:00,0.0,24.499,0.0,1.9936,22.722,13.856,0.10462,223.58,0.2081,197.06,0.0,5.3915,63.732,19.107,,24.029,23.757,2.9062,,50
2020-09-09 11:45:00,0.0,30.229,0.0,2.0428,28.991,13.856,0.1470499999999999,197.34,0.2224899999999999,197.03,0.0,8.685,72.825,21.544,,24.061,23.773,2.8864,,50
2020-09-09 11:46:00,0.0,29.981,0.0,2.0101,28.87,13.855,0.15509,186.15,0.21572,197.06,0.0,8.8655,71.378,21.115,,24.085,23.78,2.8884,,50
2020-09-09 11:47:00,0.0,27.477,0.0,1.9433,27.838,13.855,0.14973,185.91,0.20966,197.05,0.0,7.918,69.149,19.558,,24.108,23.79,2.8358,,50
2020-09-09 11:48:00,0.0,24.566,0.0,1.9074,27.115,13.855,0.14579,186.0,0.20204,197.02,0.0,6.5194,66.921,18.047,,24.134,23.835,2.6977,,50
2020-09-09 11:49:00,0.0,21.634,0.0,1.8524,23.921,13.855,0.1252,196.39,0.19767,197.03,0.0,4.3087,62.868,17.325,,24.177,23.889,2.6193,,50
2020-09-09 11:50:00,0.0,16.107,0.0,1.9284,12.364,13.854,0.05174,238.95,0.19358,197.0,0.0,-0.49629,50.499,16.603,,24.204,23.961,2.5843,,50
2020-09-09 11:51:00,0.0,15.61,0.0,1.8966,12.367,13.854,0.05203,237.71,0.18822,197.02,0.0,-0.5413999999999999,49.45,16.152,,24.213,23.936,2.5457,,50
2020-09-09 11:52:00,0.0,15.407,0.0,1.8451,12.543,13.854,0.0509,246.73,0.1889299999999999,196.96,0.0,-0.5188399999999999,49.753,15.926,,24.22,23.891,2.484,,50
2020-09-09 11:53:00,0.0,15.656,0.0,1.7816,12.509,13.854,0.0494899999999999,252.77,0.1896299999999999,197.04,0.0,-0.4962699999999999,49.873,16.152,,24.239,23.892,2.4301,,50
2020-09-09 11:54:00,0.0,14.573,0.0,1.8449,12.541,13.853,0.04991,251.28,0.1827199999999999,196.96,0.0,-0.54139,48.529,15.114,,24.247,23.872,2.4089,,50
2020-09-09 11:55:00,0.0,19.22,0.0,1.892,21.433,13.853,0.0958699999999999,232.11,0.1761,196.93,0.0,5.2786,56.11,13.941,,24.245,23.874,2.3767,,50
2020-09-09 11:56:00,0.0,29.303,0.0,1.908,35.039,13.854,0.17426,201.38,0.18131,197.02,0.0,14.889,70.762,14.415,,24.281,23.828,2.3573,,50
2020-09-09 11:57:00,0.0,33.047,0.0,1.924,38.991,13.853,0.20627,189.06,0.1844099999999999,196.97,0.0,17.505,75.315,15.543,,24.314,23.862,2.3931,,50
2020-09-09 11:58:00,0.0,33.679,0.0,1.9361,40.761,13.853,0.2161299999999999,188.6,0.18174,197.17,0.0,18.769,76.593,14.911,,24.347,23.87,2.4071,,50
2020-09-09 11:59:00,0.0,39.68,0.0,1.9328,45.935,13.853,0.24363,188.54,0.19076,197.05,0.0,23.483,83.524,16.197,,24.361,23.919,2.412,,50
2020-09-09 12:00:00,0.0,44.123,0.0,2.0181,48.615,13.852,0.2578699999999999,188.53,0.20246,197.03,0.0,25.964,88.50499999999998,18.16,,24.34,23.969,2.4944,,50
2020-09-09 12:01:00,0.0,48.522,0.0,2.085,50.626,13.852,0.2685799999999999,188.5,0.21782,197.0,0.0,27.724,93.537,20.799,,24.339,23.961,2.5482,,50
2020-09-09 12:02:00,0.0,51.883,0.0,2.1013,52.598,13.851,0.2790099999999999,188.52,0.22388,197.15,0.0,28.694,96.736,23.19,,24.371,23.973,2.579,,50
2020-09-09 12:03:00,0.0,59.867,0.0,2.0697,56.46,13.852,0.2994499999999999,188.54,0.2555999999999999,196.75,0.0,32.483,106.74,27.385,,24.423,24.037,2.6261,,50
2020-09-09 12:04:00,0.0,68.167,0.0,2.0267,61.035,13.852,0.32412,188.32,0.2871799999999999,188.31,0.0,36.587,115.09,31.58,,24.477,24.016,2.6406,,50
2020-09-09 12:05:00,0.0,80.55299999999998,0.0,2.0248,70.822,13.851,0.3879799999999999,182.82,0.3291899999999999,174.94,0.0,45.182,128.38,35.37,,24.515,23.968,2.7366,,50
2020-09-09 12:06:00,0.0,102.14,0.0,2.0116,92.636,13.851,0.5461599999999999,170.01,0.3557,172.58,0.0,64.195,154.03,37.94,,24.517,23.902,2.7954,,50
2020-09-09 12:07:00,0.0,118.61,0.0,2.0303,107.47,13.852,0.69516,154.86,0.3600599999999999,176.33,0.0,78.319,170.96,40.286,,24.536,23.912,2.9151,,50
2020-09-09 12:08:00,0.0,125.21,0.0,2.06,111.32,13.851,0.74309,149.8,0.36514,177.0,0.0,82.468,175.94,42.744,,24.545,23.968,2.9958,,50
2020-09-09 12:09:00,0.0,125.46,0.0,2.1024,110.63,13.851,0.73899,149.7,0.3885299999999999,170.93,0.0,81.56399999999998,177.02,43.895,,24.557,23.946,3.1169,,50
2020-09-09 12:10:00,0.0,130.55,0.0,2.1313,109.72,13.851,0.73321,149.65,0.4595799999999999,159.4,0.0,80.614,182.79,49.938,,24.599,23.971,3.215,,50
2020-09-09 12:11:00,0.0,141.92,0.0,2.1535,108.97,13.851,0.7283,149.62,0.58026,150.73,0.0,80.075,196.43,61.848,,24.649,24.002,3.3017,,50
2020-09-09 12:12:00,0.0,175.74,0.0,2.2016,141.93,13.85,0.94837,149.68,0.61014,150.95,0.0,108.93,234.03,66.811,,24.694,24.093,3.3285,,50
2020-09-09 12:13:00,0.0,191.48,0.0,2.2255,151.52,13.85,1.0132,149.55,0.64341,150.77,0.0,119.73,248.53,71.75,,24.716,24.152,3.495,,50
2020-09-09 12:14:00,0.0,201.58,0.0,2.253,158.54,13.85,1.0594,149.65,0.67835,150.58,0.0,124.53,260.69,77.051,,24.764,24.18,3.6047,,50
2020-09-09 12:15:00,0.0,208.94,0.0,2.275,163.12,13.851,1.0894,149.73,0.6968199999999999,150.64,0.0,129.13,268.09,79.802,,24.835,24.296,3.779,,50
2020-09-09 12:16:00,0.0,211.82,0.0,2.3185,166.4,13.85,1.1132,149.47,0.7079699999999999,150.52,0.0,133.03,272.96,78.78499999999998,,24.916,24.445,3.9742,,50
2020-09-09 12:17:00,0.0,213.36,0.0,2.3622,168.16,13.85,1.1223,149.84,0.70965,150.75,0.0,134.59,275.13,78.76399999999998,,24.982,24.532,4.1483,,50
2020-09-09 12:18:00,0.0,233.93,0.0,2.452,172.51,13.85,1.153,149.62,0.83413,150.64,0.0,138.09,298.16,95.841,,25.043,24.606,4.3318,,50
2020-09-09 12:19:00,0.0,247.43,0.0,2.5489,177.97,13.849,1.1901,149.55,0.88882,150.8,0.0,143.32,312.0,104.12,,25.097,24.71,4.4801,,50
2020-09-09 12:20:00,0.0,257.6,0.0,2.6241,182.9,13.849,1.2224,149.63,0.91351,150.58,0.0,150.74,320.46,106.87,,25.147,24.828,4.6027,,50
2020-09-09 12:21:00,0.0,263.56,0.0,2.647,188.19,13.849,1.2561,149.83,0.92928,150.84,0.0,154.82,328.36,108.74,,25.18,24.894,4.7574,,50
2020-09-09 12:22:00,0.0,278.6,0.0,2.6785,196.77,13.849,1.3171,149.4,0.97623,150.42,0.0,164.61,343.61,113.99,,25.19,24.816,4.9493,,50
2020-09-09 12:23:00,0.0,292.34,0.0,2.7672,206.6,13.848,1.3795,149.76,1.0062,150.77,0.0,172.25,358.3,120.08,,25.226,24.858,5.1938,,50
2020-09-09 12:24:00,0.0,302.96,0.0,2.8035,214.98,13.848,1.437,149.6,1.027,150.65,0.0,180.87,369.68,122.09,,25.264,24.944,5.4156,,50
2020-09-09 12:25:00,0.0,305.58,0.0,2.8079,219.2,13.849,1.4667,149.46,1.0251,150.65,0.0,183.44,373.64,122.13,,25.299,24.915,5.6859,,50
2020-09-09 12:26:00,0.0,304.29,0.0,2.9052,221.16,13.848,1.4768,149.76,1.0036,150.99,0.0,183.91,372.68,120.38,,25.357,25.038,5.9228,,50
2020-09-09 12:27:00,0.0,299.33,0.0,2.9142,221.82,13.849,1.4802,149.87,0.98638,151.32,0.0,182.34,371.07,116.99,,25.399,25.242,6.0035,,50
2020-09-09 12:28:00,0.0,302.64,0.0,2.7093,222.86,13.848,1.4874,149.84,0.991,150.76,0.0,184.23,372.26,118.41,,25.414,25.209,6.111,,50
2020-09-09 12:29:00,0.0,307.65,0.0,2.6178,225.28,13.848,1.505,149.69,1.0013,151.39,0.0,187.25,376.86,120.4,,25.413,25.163,6.2814,,50
2020-09-09 12:30:00,0.0,315.84,0.0,2.588,228.7,13.847,1.5302,149.45,1.0255,151.75,0.0,193.43,384.31,122.41,,25.43,25.238,6.4893,,50
2020-09-09 12:31:00,0.0,323.17,0.0,2.5401,231.1,13.847,1.544,149.68,1.0578,151.02,0.0,197.56,390.85,125.61,,25.399,25.585,6.6434,,50
2020-09-09 12:32:00,0.0,322.47,0.0,2.5333,231.91,13.848,1.5487,149.75,1.0676,150.94,0.0,195.71,393.04,126.76,,25.382,25.615,6.7846,,50
2020-09-09 12:33:00,0.0,322.9,0.0,2.5193,230.76,13.847,1.5401,149.84,1.0733,150.86,0.0,194.85,392.68,128.04,,25.356,25.529,6.9292,,50
2020-09-09 12:34:00,0.0,316.9,0.0,2.386,227.29,13.848,1.5123,150.31,1.0784,151.03,0.0,186.94,390.16,129.96,,25.378,25.505,6.952,,50
2020-09-09 12:35:00,0.0,317.28,0.0,2.5123,225.68,13.847,1.4869,151.79,1.0869,150.71,0.0,187.18,389.47,130.1,,25.437,25.875,7.1806,,50
2020-09-09 12:36:00,0.0,321.36,0.0,2.5644,228.53,13.847,1.5139,150.97,1.1015,150.65,0.0,188.92,394.47,132.44,,25.489,25.843,7.0492,,50
2020-09-09 12:37:00,0.0,327.63,0.0,2.2776,229.84,13.846,1.5275,150.47,1.1237,150.79,0.0,191.87,399.27,135.76,,25.528,25.857,6.8077,,50
2020-09-09 12:38:00,0.0,332.7,0.0,2.1443,232.51,13.847,1.5477,150.24,1.145,151.11,0.0,193.21,405.52,139.5,,25.551,25.764,6.7755,,50
2020-09-09 12:39:00,0.0,338.54,0.0,2.1269,235.37,13.846,1.5653,150.37,1.175,150.74,0.0,195.24,412.48,143.31,,25.564,25.828,6.7381,,50
2020-09-09 12:40:00,0.0,349.42,0.0,2.0551,238.78,13.846,1.5907,150.12,1.1917,151.64,0.0,200.33,419.48,149.09,,25.536,26.096,6.7863,,50
2020-09-09 12:41:00,0.0,356.88,0.0,2.0354,243.91,13.844,1.6238,150.21,1.2309,151.43,0.0,203.56,430.29,153.33,,25.505,26.065,6.694,,50
2020-09-09 12:42:00,0.0,369.02,0.0,1.9464,251.32,13.846,1.6657,150.89,1.2821,151.3,0.0,210.98,445.29,158.04,,25.525,26.079,6.7369,,50
2020-09-09 12:43:00,0.0,383.52,0.0,1.8575,259.87,13.846,1.7136,151.66,1.3296,151.72,0.0,219.12,461.54,164.4,,25.618,26.061,6.6961,,50
2020-09-09 12:44:00,0.0,400.71,0.0,1.7659,268.33,13.846,1.7797,150.8,1.3839,151.18,0.0,226.54,477.52,174.17,,25.628,26.133,6.8942,,50
2020-09-09 12:45:00,0.0,421.37,0.0,1.8021,277.58,13.845,1.8534,149.77,1.4775,150.69,0.0,234.44,500.21,186.94,,25.632,26.239,7.0224,,50
2020-09-09 12:46:00,0.0,438.64,0.0,1.8467,284.64,13.845,1.9039,149.5,1.544,150.91,0.0,240.86,517.63,197.78,,25.602,26.38,7.2099,,50
2020-09-09 12:47:00,0.0,455.72,0.0,1.8674,292.19,13.845,1.9531,149.6,1.6193,150.34,0.0,247.88,535.63,207.84,,25.59,26.252,7.473,,50
2020-09-09 12:48:00,0.0,471.69,0.0,1.9148,298.06,13.845,1.9913,149.68,1.6607,152.13,0.0,255.66,550.69,216.03,,26.111,26.517,7.7705,,50
2020-09-09 12:49:00,0.0,485.78,0.0,1.8849,304.27,13.845,2.0292,149.95,1.6758,157.7,0.0,259.36,568.46,226.43,,26.016,26.609,8.0608,,50
2020-09-09 12:50:00,0.0,505.79,0.0,1.9393,316.04,13.844,2.1121,149.63,1.761,155.45,0.0,271.38,589.74,234.41,,26.014,26.584,8.4219,,50
2020-09-09 12:51:00,0.0,514.18,0.0,2.0394,323.03,13.845,2.1596,149.58,1.7918,156.06,0.0,277.79,602.61,236.4,,26.042,26.727,8.9009,,50
2020-09-09 12:52:00,0.0,524.19,0.0,2.1342,327.6,13.844,2.1902,149.58,1.8024,157.98,0.0,282.14,612.32,242.06,,26.177,26.781,9.2725,,50
2020-09-09 12:53:00,0.0,529.92,0.0,2.1608,332.48,13.844,2.2222,149.62,1.821,157.82,0.0,287.48,619.84,242.44,,26.341,27.024,9.5125,,50
2020-09-09 12:54:00,0.0,539.82,0.0,2.217,334.43,13.844,2.2329,149.77,1.8374,160.85,0.0,289.7,629.93,250.13,,26.473,26.918,9.882,,50
2020-09-09 12:55:00,0.0,550.65,0.0,2.2187,335.99,13.844,2.2425,149.83,1.8743,159.47,0.0,291.07,634.88,259.58,,26.582,26.89,10.187,,50
2020-09-09 12:56:00,0.0,555.27,0.0,2.3321,335.84,13.843,2.2421,149.79,1.8905,160.76,0.0,290.71,639.78,264.57,,26.542,27.025,10.524,,50
2020-09-09 12:57:00,0.0,559.27,0.0,2.3515,332.13,13.843,2.2217,149.5,1.9545,160.9,0.0,286.92,646.61,272.35,,26.674,27.106,10.592,1544.3,50
2020-09-09 12:58:00,0.0,551.89,0.0,2.3766,325.8,13.843,2.1753,149.78,1.9524,161.35,0.0,281.24,640.81,270.66,,27.017,27.191,10.745,898.1799999999998,50
2020-09-09 12:59:00,0.0,546.77,0.0,2.4016,320.94,13.843,2.1392,150.03,1.9475,161.45,0.0,276.21,635.35,270.57,,26.894,27.151,10.872,671.06,50
2020-09-09 13:00:00,0.0,541.94,0.0,2.3653,317.18,13.842,2.1224,149.44,1.9525,161.13,0.0,272.51,631.78,269.44,,26.897,27.224,10.899,,50
2020-09-09 13:01:00,0.0,544.94,0.0,2.448,315.97,13.843,2.1061,150.03,1.9962,159.31,0.0,272.49,633.94,272.46,,26.968,27.241,11.045,,50
2020-09-09 13:02:00,0.0,547.06,0.0,2.5053,316.73,13.842,2.11,150.11,2.0122,158.63,0.0,272.69,635.83,274.38,,27.056,27.33,11.261,1221.2,50
2020-09-09 13:03:00,0.0,546.12,0.0,2.6191,316.52,13.841,2.1008,150.67,1.9724,162.02,0.0,272.12,636.08,274.0,,27.142,27.353,11.429,1333.7,50
2020-09-09 13:04:00,0.0,535.13,0.0,2.8041,312.02,13.842,2.0811,149.93,1.9566,161.04,0.0,267.39,627.11,267.75,,27.073,27.325,11.562,1385.9,50
2020-09-09 13:05:00,0.0,525.52,0.0,2.9112,306.68,13.842,2.045,149.97,1.9306,159.88,0.0,260.85,615.34,264.68,,27.062,27.388,11.734,,50
2020-09-09 13:06:00,0.0,522.73,0.0,3.0733,303.04,13.841,2.0167,150.27,1.898,161.83,0.0,259.02,610.13,263.71,,27.566,27.527,11.845,,50
2020-09-09 13:07:00,0.0,525.73,0.0,3.1171,303.74,13.841,1.9836,153.14,1.873,164.58,0.0,262.25,611.98,263.49,,27.482,27.479,11.897,,50
2020-09-09 13:08:00,0.0,534.55,0.0,3.2065,308.16,13.841,1.9923,154.68,1.9244,161.78,0.0,269.28,619.44,265.27,,27.523,27.514,11.897,,50
2020-09-09 13:09:00,0.0,550.47,0.0,3.2036,321.18,13.84,1.9583,164.03,1.9408,164.04,0.0,277.36,639.46,273.12,,27.594,27.627,11.738,,50
2020-09-09 13:10:00,0.0,568.83,0.0,3.2578,332.85,13.84,1.9817,168.0,1.9779,167.07,0.0,285.09,663.25,283.74,,27.668,27.709,11.707,1667.7,50
2020-09-09 13:11:00,0.0,591.02,0.0,3.3074,341.41,13.84,1.9769,172.75,2.0803,166.18,0.0,292.97,687.08,298.06,,27.753,27.825,11.76,1694.9,50
2020-09-09 13:12:00,0.0,618.11,0.0,3.4461,351.51,13.84,2.0779,169.21,2.0911,171.9,0.0,307.47,710.92,310.65,,27.835,27.874,11.785,,50
2020-09-09 13:13:00,0.0,645.2,0.0,3.5023,366.22,13.84,2.1581,169.7,2.1358,174.83,0.0,321.41,739.5399999999998,323.8,,27.924,27.888,11.849,,50
2020-09-09 13:14:00,0.0,674.38,0.0,3.5233,383.82,13.839,2.3409,164.02,2.1777,178.7,0.0,337.62,772.9099999999999,336.76,,28.017,27.992,11.945,1127.2,50
2020-09-09 13:15:00,0.0,711.45,0.0,3.6436,407.06,13.839,2.3411,173.91,2.2597,178.45,0.0,361.21,810.26,350.23,,28.149,28.179,12.246,,50
2020-09-09 13:16:00,0.0,749.3099999999998,0.0,3.7113,426.83,13.839,2.5128,169.89,2.4262,176.33,0.0,378.29,854.39,371.02,,28.142,28.255,12.587,,50
2020-09-09 13:17:00,0.0,779.85,0.0,3.703,441.97,13.839,2.5481,173.46,2.6912,165.97,0.0,388.82,888.57,391.03,,28.112,28.305,12.548,1303.5,50
2020-09-09 13:18:00,0.0,802.0399999999998,0.0,3.7151,449.32,13.839,2.6773,167.85,2.7975,165.79,0.0,395.27,913.08,406.77,,28.14,28.447,12.676,525.64,50
2020-09-09 13:19:00,0.0,807.9099999999999,0.0,3.795,444.65,13.839,2.5053,177.53,2.7905,171.72,0.0,386.65,923.7600000000001,421.25,,28.251,28.378,12.706,292.33,50
2020-09-09 13:20:00,0.0,833.99,0.0,3.8916,463.24,13.839,2.4764,187.07,2.8226,173.83,0.0,402.28,953.86,431.7,,28.495,28.532,13.105,225.07,50
2020-09-09 13:21:00,0.0,856.47,0.0,3.9789,474.63,13.839,2.6377,180.03,2.8849,173.72,0.0,414.96,975.75,441.51,,28.747,28.715,13.368,-380.33,50
2020-09-09 13:22:00,0.0,879.86,0.0,3.9638,490.76,13.839,2.647,185.42,2.9474,173.69,0.0,427.79,1002.6,452.06,,28.975,28.949,13.647,-611.77,50
2020-09-09 13:23:00,0.0,900.82,0.0,3.9805,505.45,13.838,2.7173,186.04,3.0107,172.58,0.0,442.75,1025.0,458.06,,29.194,29.287,14.115,203.01,50
2020-09-09 13:24:00,0.0,913.74,0.0,3.9373,513.93,13.837,2.7682,185.68,3.0641,171.44,0.0,451.68,1039.2,462.05,,29.397,29.627,14.465,573.85,50
2020-09-09 13:25:00,0.0,935.68,0.0,3.9419,524.81,13.837,2.9234,179.59,3.0614,173.04,0.0,469.9,1054.5,465.78,,29.602,29.881,14.646,454.48,50
2020-09-09 13:26:00,0.0,951.25,0.0,4.0901,539.73,13.836,3.1663,170.47,3.0577,173.58,0.0,484.67,1070.5,466.57,,29.749,30.064,14.98,199.53,50
2020-09-09 13:27:00,0.0,938.41,0.0,4.1604,537.54,13.836,3.0989,173.47,3.0283,173.16,0.0,475.61,1061.9,462.8,,29.837,30.207,15.076,644.1,50
2020-09-09 13:28:00,0.0,927.44,0.0,4.1515,534.25,13.837,3.0814,173.38,2.9857,173.85,0.0,470.78,1053.3,456.66,,29.922,30.3,15.052,255.71,50
2020-09-09 13:29:00,0.0,926.65,0.0,4.0663,536.65,13.837,3.0949,173.41,2.8446,180.56,0.0,475.57,1050.0,451.07,,29.991,30.457,15.108,854.58,50
2020-09-09 13:30:00,0.0,958.1400000000002,0.0,3.8631,546.5,13.836,3.1962,171.07,2.6952,198.13,0.0,491.69,1080.3,466.45,,30.003,30.574,15.228,1441.3,50
2020-09-09 13:31:00,0.0,996.18,0.0,3.9542,567.44,13.836,3.3138,171.28,2.6636,208.23,0.0,511.51,1122.0,484.67,,29.93,30.423,15.244,,50
2020-09-09 13:32:00,0.0,1045.5,0.0,4.0486,588.77,13.835,3.3662,174.92,2.643,217.05,0.0,530.88,1162.4,514.65,,29.644,30.74,15.31,1304.4,50
2020-09-09 13:33:00,0.0,1054.9,0.0,4.1159,597.82,13.835,3.3435,178.81,2.7045,213.65,0.0,535.09,1175.6,519.84,,29.599,31.1,15.563,829.14,50
2020-09-09 13:34:00,0.0,1068.7,0.0,4.278,605.54,13.835,3.3561,180.44,2.7229,212.95,0.0,546.09,1185.4,522.61,,29.567,31.309,15.555,,50
2020-09-09 13:35:00,0.0,1083.1,0.0,4.4572,616.02,13.834,3.3773,182.4,2.7411,212.8,0.0,556.44,1199.3,526.68,,29.713,31.397,15.596,933.91,50
2020-09-09 13:36:00,0.0,1111.6,0.0,4.5727,631.45,13.834,3.4813,181.4,2.8096,213.78,0.0,571.75,1232.0,539.82,,29.918,31.633,15.551,1314.1,50
2020-09-09 13:37:00,0.0,1152.0,0.0,4.5468,659.66,13.834,3.5954,183.51,3.0007,205.63,0.0,597.62,1276.7,554.4,,30.121,31.824,15.678,958.34,50
2020-09-09 13:38:00,0.0,1211.7,0.0,4.5463,700.32,13.834,3.6039,194.32,3.0914,207.75,0.0,632.63,1342.2,579.11,,30.241,32.032,15.862,1587.0,50
2020-09-09 13:39:00,0.0,1239.0,0.0,4.6367,713.33,13.834,3.671,194.33,3.1646,207.9,0.0,644.78,1371.2,594.26,,30.317,32.314,15.745,,50
2020-09-09 13:40:00,0.0,1233.4,0.0,4.6801,714.58,13.833,3.6506,195.74,3.1296,208.61,0.0,643.49,1367.4,589.86,,30.479,32.59,15.944,1173.5,50
2020-09-09 13:41:00,0.0,1185.9,0.0,4.6775,692.72,13.832,3.5317,196.14,2.9971,208.62,0.0,621.54,1318.0,564.31,,30.613,32.734,15.971,1383.0,50
2020-09-09 13:42:00,0.0,1140.9,0.0,4.4426,667.75,13.833,3.4054,196.08,2.8803,208.53,0.0,599.78,1268.4,541.11,,30.672,32.896,15.924,1315.7,50
2020-09-09 13:43:00,0.0,1107.4,0.0,4.4402,653.85,13.833,3.3297,196.37,2.8062,208.71,0.0,579.52,1239.5,527.86,,30.663,32.977,15.7,,50
2020-09-09 13:44:00,0.0,1081.1,0.0,4.467,641.38,13.832,3.2812,195.48,2.7442,208.74,0.0,566.32,1214.2,514.77,,30.634,33.006,15.511,,50
2020-09-09 13:45:00,0.0,1048.3,0.0,4.462,623.91,13.831,3.1835,195.98,2.6524,208.62,0.0,550.94,1177.2,497.31,,30.616,32.955,15.143,,50
2020-09-09 13:46:00,0.0,1021.4,0.0,4.388,609.37,13.831,3.1296,194.71,2.5826,208.03,0.0,538.39,1146.6,483.01,,30.516,32.896,14.876,,50
2020-09-09 13:47:00,0.0,1017.4,0.0,4.366,608.67,13.831,3.1679,192.14,2.5509,209.24,0.0,537.34,1142.4,480.1,,30.333,32.784,14.57,,50
2020-09-09 13:48:00,0.0,1020.9,0.0,4.304,612.26,13.831,3.2184,190.25,2.5542,209.55,0.0,540.31,1147.5,480.61,,30.092,32.628,14.322,,50
2020-09-09 13:49:00,0.0,1005.9,0.0,3.9566,597.87,13.831,3.1977,186.98,2.5587,208.43,0.0,527.48,1131.2,478.42,,29.967,32.685,14.242,,50
2020-09-09 13:50:00,0.0,996.38,0.0,3.5723,592.35,13.83,3.2847,180.35,2.5664,205.31,0.0,523.78,1119.3,472.6,,29.984,32.663,13.846,,50
2020-09-09 13:51:00,0.0,991.75,0.0,3.3782,588.17,13.828,3.2796,179.35,2.5528,205.14,0.0,521.28,1111.9,470.47,,30.01,32.69,13.703,,50
2020-09-09 13:52:00,0.0,987.2,0.0,3.062,584.73,13.83,3.2564,179.57,2.5428,205.48,0.0,517.56,1107.2,469.63,,30.039,32.695,13.562,,50
2020-09-09 13:53:00,0.0,977.13,0.0,3.0082,576.91,13.829,3.2046,180.03,2.5325,205.29,0.0,511.34,1096.8,465.78,,30.114,32.699,13.346,,50
2020-09-09 13:54:00,0.0,969.34,0.0,3.0848,571.18,13.829,3.1277,182.63,2.4999,207.12,0.0,503.9,1089.0,465.44,,30.155,32.661,13.112,,50
2020-09-09 13:55:00,0.0,969.84,0.0,3.0739,569.88,13.829,3.0354,187.76,2.5173,206.14,0.0,502.64,1088.8,467.21,,30.149,32.692,12.996,,50
2020-09-09 13:56:00,0.0,950.92,0.0,2.897,558.33,13.827,2.9158,191.5,2.4993,205.25,0.0,491.79,1071.3,459.12,,30.116,32.714,12.577,,50
2020-09-09 13:57:00,0.0,931.79,0.0,2.8072,547.42,13.828,2.7856,196.54,2.4543,204.52,0.0,480.2,1049.4,451.58,,30.053,32.527,12.275,,50
2020-09-09 13:58:00,0.0,914.1,0.0,2.7531,538.31,13.828,2.6964,199.64,2.4171,204.04,0.0,470.82,1031.5,443.28,,29.971,32.435,12.148,,50
2020-09-09 13:59:00,0.0,905.15,0.0,2.7485,536.92,13.826,2.6303,204.15,2.3858,203.17,0.0,471.11,1021.6,434.03,2.4663,29.857,32.463,12.14,,50
2020-09-09 14:00:00,0.0,901.0,0.0,3.0115,537.85,13.827,2.6107,206.02,2.3054,208.53,0.0,472.2,1018.6,428.81,,29.832,32.323,11.876,,50
2020-09-09 14:01:00,0.0,894.7899999999998,0.0,3.2266,534.68,13.827,2.5849,206.85,2.3037,205.92,0.0,471.88,1009.1,422.9,,29.875,32.36,11.859,,50
2020-09-09 14:02:00,0.0,894.5499999999998,0.0,3.3811,535.75,13.827,2.5121,213.28,2.2713,204.72,0.0,480.11,1000.7,414.44,,29.91,31.855,11.586,,50
2020-09-09 14:03:00,0.0,896.46,0.0,3.4826,536.11,13.827,2.504,214.11,2.2471,206.04,0.0,482.43,999.08,414.03,,29.953,31.656,11.497,,50
2020-09-09 14:04:00,0.0,903.3900000000002,0.0,3.5522,540.3,13.826,2.5166,214.7,2.2545,208.1,0.0,484.87,1009.4,418.52,,29.999,31.536,11.266,,50
2020-09-09 14:05:00,0.0,916.31,0.0,3.6024,547.14,13.826,2.5504,214.54,2.2885,208.64,0.0,491.41,1024.6,424.9,,30.054,31.58,11.2,,50
2020-09-09 14:06:00,0.0,929.86,0.0,3.588,553.28,13.826,2.5758,214.81,2.3311,207.78,0.0,498.24,1037.6,431.62,,30.112,31.642,11.169,,50
2020-09-09 14:07:00,0.0,930.3,0.0,3.6219,553.14,13.826,2.5704,215.2,2.3483,206.61,0.0,497.47,1038.3,432.82,,30.127,31.665,11.016,,50
2020-09-09 14:08:00,0.0,930.27,0.0,3.6051,551.96,13.825,2.5721,214.6,2.3517,206.88,0.0,495.49,1038.5,434.78,,30.105,31.702,11.049,,50
2020-09-09 14:09:00,0.0,943.19,0.0,3.3312,555.96,13.826,2.5917,214.53,2.3612,208.94,0.0,501.01,1049.3,442.18,,30.103,31.624,10.952,,50
2020-09-09 14:10:00,0.0,950.77,0.0,3.1934,559.95,13.825,2.6179,213.9,2.3928,208.79,0.0,503.31,1059.6,447.45,,30.067,31.855,10.993,,50
2020-09-09 14:11:00,0.0,952.2600000000001,0.0,3.1462,559.17,13.824,2.6166,213.71,2.3984,208.61,0.0,504.35,1059.5,447.9,,30.097,32.01,10.97,,50
2020-09-09 14:12:00,0.0,950.61,0.0,3.1454,556.83,13.825,2.613,213.11,2.3944,208.91,0.0,501.6,1057.0,449.01,,30.111,31.954,11.005,,50
2020-09-09 14:13:00,0.0,960.18,0.0,3.1549,558.42,13.824,2.6381,211.69,2.4047,209.52,0.0,508.12,1062.2,452.05,,30.115,31.988,11.054,,50
2020-09-09 14:14:00,0.0,989.9,0.0,3.2014,570.9,13.824,2.6954,211.82,2.3665,219.86,0.0,523.07,1091.0,466.83,,30.087,32.012,11.151,,50
2020-09-09 14:15:00,0.0,1025.2,0.0,3.0716,590.53,13.824,2.8516,207.14,2.4561,221.97,0.0,537.86,1135.3,487.32,,30.103,31.864,11.063,,50
2020-09-09 14:16:00,0.0,1069.6,0.0,3.0405,617.83,13.825,2.9211,211.54,2.6551,213.38,0.0,559.94,1184.3,509.67,,30.166,31.933,11.153,1167.0,50
2020-09-09 14:17:00,0.0,1112.9,0.0,3.0256,641.0,13.824,2.9463,217.6,2.6498,224.4,0.0,578.57,1235.5,534.3,,30.254,32.039,11.201,,50
2020-09-09 14:18:00,0.0,1157.4,0.0,3.1626,663.1,13.823,3.1219,212.43,2.7903,220.52,0.0,601.36,1278.4,556.04,,30.39,32.046,11.345,,50
2020-09-09 14:19:00,0.0,1192.2,0.0,3.0293,681.9,13.824,3.1008,220.0,2.8607,222.24,0.0,618.66,1317.6,573.49,,30.491,31.979,11.46,,50
2020-09-09 14:20:00,0.0,1234.8,0.0,2.9732,700.05,13.824,3.2505,215.42,2.9463,221.39,0.0,643.58,1352.2,591.24,,30.57,32.258,11.634,1306.7,50
2020-09-09 14:21:00,0.0,1263.6,0.0,3.0276,723.0,13.824,3.2591,221.86,3.0066,223.66,0.0,654.0,1395.4,609.62,,30.679,32.47,11.806,1014.9,50
2020-09-09 14:22:00,0.0,1306.4,0.0,2.9967,742.1599999999999,13.824,3.4074,217.83,3.1108,221.72,0.0,681.33,1431.8,625.02,,30.765,32.505,11.871,327.42,50
2020-09-09 14:23:00,0.0,1330.2,0.0,2.856,754.0,13.823,3.428,219.96,3.1595,219.0,0.0,693.04,1445.9,637.13,,30.726,32.549,11.741,309.76,50
2020-09-09 14:24:00,0.0,1307.5,0.0,2.7863,750.02,13.823,3.4318,218.55,3.1412,217.26,0.0,683.06,1432.5,624.41,,30.771,32.57,11.655,576.41,50
2020-09-09 14:25:00,0.0,1286.4,0.0,2.8058,742.95,13.822,3.4093,217.92,3.1263,216.84,0.0,673.08,1420.8,613.36,,30.825,32.682,11.731,880.22,50
2020-09-09 14:26:00,0.0,1283.3,0.0,2.8496,739.1,13.822,3.3906,217.99,3.0736,221.37,0.0,670.19,1419.5,613.09,,30.732,32.689,11.573,,50
2020-09-09 14:27:00,0.0,1270.8,0.0,2.937,731.07,13.822,3.3695,216.96,3.0247,223.17,0.0,662.79,1406.1,607.97,,30.673,32.64,11.817,1561.1,50
2020-09-09 14:28:00,0.0,1252.3,0.0,2.9953,719.84,13.822,3.3224,216.66,2.9705,224.65,0.0,651.65,1387.2,600.64,,30.694,32.728,11.928,,50
2020-09-09 14:29:00,0.0,1248.3,0.0,3.0108,717.49,13.822,3.3293,215.51,2.961,225.41,0.0,648.77,1384.9,599.52,,30.745,32.729,11.852,,50
2020-09-09 14:30:00,0.0,1260.8,0.0,3.0412,723.19,13.822,3.3406,216.49,2.9817,226.42,0.0,654.68,1398.3,606.1,,30.717,32.677,11.732,1579.1,50
2020-09-09 14:31:00,0.0,1278.0,0.0,3.1489,730.96,13.822,3.394,215.37,3.0483,224.18,0.0,662.35,1414.3,615.62,,30.833,32.788,12.16,,50
2020-09-09 14:32:00,0.0,1293.8,0.0,3.3283,737.71,13.82,3.4101,216.33,3.0667,225.63,0.0,668.9,1429.6,624.84,,31.037,32.913,12.374,,50
2020-09-09 14:33:00,0.0,1301.2,0.0,3.4914,742.33,13.822,3.447,215.35,3.0987,224.82,0.0,673.24,1438.9,627.98,,31.259,32.999,12.483,,50
2020-09-09 14:34:00,0.0,1308.8,0.0,3.6614,743.97,13.821,3.4614,214.94,3.1102,225.41,0.0,676.31,1445.0,632.46,,31.391,33.158,12.577,,50
2020-09-09 14:35:00,0.0,1312.4,0.0,3.8068,745.5599999999998,13.822,3.4741,214.61,3.1376,224.21,0.0,677.63,1449.0,634.79,,31.607,33.326,12.621,1455.8,50
2020-09-09 14:36:00,0.0,1325.0,0.0,3.8919,753.5,13.822,3.5011,215.22,3.1781,223.75,0.0,682.82,1464.5,642.14,,31.759,33.43,12.93,,50
2020-09-09 14:37:00,0.0,1345.6,0.0,3.9953,763.84,13.822,3.5654,214.24,3.2421,222.34,0.0,694.21,1484.7,651.34,,31.96,33.5,13.082,1331.0,50
2020-09-09 14:38:00,0.0,1355.4,0.0,4.0655,768.9299999999998,13.822,3.598,213.71,3.2548,222.68,0.0,699.39,1493.7,655.99,,31.998,33.524,13.137,633.5,50
2020-09-09 14:39:00,0.0,1355.2,0.0,4.1642,769.1599999999999,13.822,3.5984,213.75,3.2524,222.68,0.0,699.16,1493.4,656.05,,32.091,33.578,13.241,401.46,50
2020-09-09 14:40:00,0.0,1355.0,0.0,4.2227,769.6,13.821,3.6147,212.91,3.2527,223.14,0.0,698.98,1495.4,656.05,,32.209,33.68,13.269,150.02,50
2020-09-09 14:41:00,0.0,1368.9,0.0,4.3231,776.83,13.821,3.6534,212.64,3.2856,223.29,0.0,706.92,1510.5,661.91,,32.36,33.805,13.314,176.01,50
2020-09-09 14:42:00,0.0,1395.2,0.0,4.3475,787.2,13.821,3.6971,212.95,3.3378,223.0,0.0,720.7,1531.5,674.45,,32.477,33.87,13.478,-0.45639,50
2020-09-09 14:43:00,0.0,1410.8,0.0,4.3416,798.12,13.821,3.7792,211.19,3.3699,224.01,0.0,728.83,1553.0,681.96,,32.5,33.887,13.675,-199.95,50
2020-09-09 14:44:00,0.0,1423.7,0.0,4.3871,804.34,13.821,3.7861,212.45,3.3933,224.39,0.0,734.44,1565.7,689.21,,32.615,33.929,13.839,-766.52,50
2020-09-09 14:45:00,0.0,1432.6,0.0,4.5149,810.24,13.822,3.7844,214.11,3.4225,223.64,0.0,739.95,1575.7,692.67,,32.803,33.983,13.877,-854.21,50
2020-09-09 14:46:00,0.0,1440.4,0.0,4.5664,820.51,13.821,3.6752,223.27,3.449,222.15,0.0,747.22,1586.7,693.14,,32.969,34.1,13.885,-1484.7,50
2020-09-09 14:47:00,0.0,1415.0,0.0,4.5185,808.58,13.821,3.5844,225.58,3.3909,221.45,0.0,733.61,1559.5,681.43,,33.142,34.263,13.913,-1527.2,50
2020-09-09 14:48:00,0.0,1371.0,0.0,4.5916,784.85,13.821,3.4834,225.31,3.2842,221.34,0.0,712.57,1511.8,658.47,,33.283,34.362,13.994,-166.57,50
2020-09-09 14:49:00,0.0,1340.9,0.0,4.6086,769.33,13.821,3.4225,224.78,3.2218,220.84,0.0,697.38,1480.8,643.47,,33.318,34.411,13.845,-211.91,50
2020-09-09 14:50:00,0.0,1341.0,0.0,4.6182,769.27,13.821,3.4038,226.02,3.2006,222.21,0.0,697.86,1480.4,643.15,,33.355,34.377,14.12,-522.88,50
2020-09-09 14:51:00,0.0,1351.8,0.0,4.6203,776.35,13.822,3.4432,225.48,3.2372,221.92,0.0,702.96,1494.7,648.86,,33.357,34.402,14.011,-456.14,50
2020-09-09 14:52:00,0.0,1369.3,0.0,4.6944,786.9299999999998,13.82,3.4682,226.91,3.2551,223.12,0.0,714.0,1513.2,655.33,,33.318,34.466,14.01,-581.86,50
2020-09-09 14:53:00,0.0,1383.3,0.0,4.7151,795.0299999999999,13.82,3.5195,225.9,3.2685,224.06,0.0,722.24,1527.3,661.04,,33.379,34.495,13.963,-639.17,50
2020-09-09 14:54:00,0.0,1387.5,0.0,4.5836,798.4199999999998,13.82,3.555,224.6,3.3068,222.1,0.0,723.9299999999998,1532.9,663.59,,33.302,34.512,14.207,-166.29,50
2020-09-09 14:55:00,0.0,1364.7,0.0,4.2035,785.2899999999998,13.82,3.5226,222.93,3.2369,223.37,0.0,713.09,1508.3,651.61,,33.238,34.487,14.028,-414.62,50
2020-09-09 14:56:00,0.0,1318.7,0.0,3.9879,758.39,13.82,3.4076,222.56,3.1322,223.3,0.0,689.29,1457.8,629.37,,33.212,34.385,14.113,-1099.0,50
2020-09-09 14:57:00,0.0,1270.9,0.0,4.0198,732.65,13.821,3.3038,221.75,3.0341,223.27,0.0,661.17,1410.1,609.69,,33.21,34.309,14.239,-596.99,50
2020-09-09 14:58:00,0.0,1243.5,0.0,4.0957,715.41,13.819,3.2583,219.56,2.9659,224.18,0.0,647.19,1380.3,596.26,,33.015,34.261,14.323,-841.7899999999998,50
2020-09-09 14:59:00,0.0,1238.3,0.0,4.2074,709.94,13.819,3.2275,219.97,2.9316,226.66,0.0,641.57,1374.4,596.76,,32.878,34.203,14.225,-516.98,50
2020-09-09 15:00:00,0.0,1242.7,0.0,4.2958,711.7,13.819,3.2479,219.13,2.9621,225.86,0.0,641.96,1380.7,600.76,,32.896,34.174,14.271,564.74,50
2020-09-09 15:01:00,0.0,1259.7,0.0,4.387,716.91,13.818,3.2938,217.65,2.9959,226.07,0.0,650.44,1394.2,609.28,,32.97,34.172,14.288,-395.27,50
2020-09-09 15:02:00,0.0,1272.2,0.0,4.4957,724.1599999999999,13.82,3.3151,218.45,3.0472,225.13,0.0,656.51,1410.2,615.66,,33.046,34.227,14.085,-893.82,50
2020-09-09 15:03:00,0.0,1289.3,0.0,4.5648,732.85,13.82,3.2997,222.11,3.0767,225.86,0.0,662.95,1427.7,626.35,,33.223,34.252,14.183,-414.49,50
2020-09-09 15:04:00,0.0,1305.8,0.0,4.5269,742.1799999999998,13.818,3.3245,223.26,3.1278,224.88,0.0,671.91,1445.6,633.86,,33.348,34.315,14.123,-238.65,50
2020-09-09 15:05:00,0.0,1323.2,0.0,4.2322,751.2899999999998,13.818,3.3492,224.33,3.1781,224.08,0.0,680.98,1463.4,642.22,,33.146,34.354,14.258,-1066.9,50
2020-09-09 15:06:00,0.0,1333.1,0.0,4.0957,757.35,13.818,3.3615,225.31,3.212,223.55,0.0,684.79,1475.4,648.27,,33.147,34.39,13.89,-1417.5,50
2020-09-09 15:07:00,0.0,1336.7,0.0,4.0189,759.6599999999999,13.819,3.3743,225.13,3.2358,222.66,0.0,687.15,1480.1,649.54,,33.18,34.39,14.083,-1347.4,50
2020-09-09 15:08:00,0.0,1342.9,0.0,3.9801,761.09,13.818,3.4133,222.98,3.2712,220.79,0.0,690.4,1483.3,652.52,,33.311,34.367,14.042,-1345.8,50
2020-09-09 15:09:00,0.0,1334.4,0.0,3.9714,757.47,13.818,3.3789,224.17,3.2615,220.34,0.0,685.28,1476.1,649.11,,33.348,34.379,13.768,-1251.1,50
2020-09-09 15:10:00,0.0,1314.4,0.0,3.9117,745.97,13.818,3.3292,224.07,3.2017,220.8,0.0,674.27,1452.9,640.13,,33.286,34.379,13.749,-1499.1,50
2020-09-09 15:11:00,0.0,1281.7,0.0,4.0647,730.21,13.817,3.2352,225.71,3.1258,220.3,0.0,659.77,1418.8,621.93,,33.456,34.376,13.641,-1373.3,50
2020-09-09 15:12:00,0.0,1240.8,0.0,4.2552,707.14,13.818,3.134,225.64,3.0292,220.3,0.0,639.12,1374.5,601.68,,33.518,34.37,13.447,-1529.8,50
2020-09-09 15:13:00,0.0,1209.3,0.0,4.3528,687.96,13.818,3.0558,225.13,2.9601,219.72,0.0,621.77,1338.3,587.5,,33.479,34.393,13.441,-1383.6,50
2020-09-09 15:14:00,0.0,1188.5,0.0,4.4169,676.53,13.818,3.0272,223.49,2.9255,219.0,0.0,610.09,1317.2,578.38,,33.307,34.392,13.566,-1113.3,50
2020-09-09 15:15:00,0.0,1188.3,0.0,4.4769,674.77,13.817,3.0242,223.13,2.9203,219.51,0.0,609.72,1315.8,578.55,,33.219,34.356,13.489,-826.1699999999998,50
2020-09-09 15:16:00,0.0,1200.4,0.0,4.5159,680.84,13.817,3.0612,222.41,2.9539,219.67,0.0,615.48,1329.7,584.9,,33.042,34.099,13.604,-247.43,50
2020-09-09 15:17:00,0.0,1216.9,0.0,4.5435,690.89,13.817,3.051,226.48,3.0082,218.91,0.0,622.66,1349.4,594.25,,32.837,33.996,13.658,260.72,50
2020-09-09 15:18:00,0.0,1244.3,0.0,4.6443,705.53,13.817,3.1121,226.77,3.0414,220.64,0.0,637.88,1376.5,606.39,,32.916,34.132,13.726,-15.366,50
2020-09-09 15:19:00,0.0,1275.8,0.0,4.7576,724.72,13.816,3.1986,226.61,3.1483,218.57,0.0,655.87,1412.7,619.87,,32.93,33.926,13.774,-25.405,50
2020-09-09 15:20:00,0.0,1311.8,0.0,4.6902,743.58,13.816,3.2675,227.58,3.1991,220.53,0.0,674.76,1449.0,637.05,,33.197,33.999,14.003,166.59,50
2020-09-09 15:21:00,0.0,1320.4,0.0,4.6829,749.27,13.815,3.3119,226.24,3.255,218.06,0.0,678.3,1459.0,642.08,,33.443,34.165,13.868,242.55,50
2020-09-09 15:22:00,0.0,1301.0,0.0,4.4833,740.6799999999998,13.816,3.249,227.97,3.2369,215.78,0.0,671.53,1439.1,629.5,,33.377,34.297,13.743,438.39,50
2020-09-09 15:23:00,0.0,1271.4,0.0,4.5155,724.07,13.816,3.1869,227.2,3.1676,215.48,0.0,654.86,1406.6,616.52,,33.492,34.391,13.969,561.39,50
2020-09-09 15:24:00,0.0,1251.7,0.0,4.5471,713.41,13.815,3.155,226.12,3.1157,215.7,0.0,645.05,1385.4,606.68,,33.607,34.454,13.879,166.98,50
2020-09-09 15:25:00,0.0,1247.8,0.0,4.5817,711.38,13.816,3.1425,226.38,3.0739,218.34,0.0,643.39,1382.5,604.43,,33.64,34.5,13.986,335.13,50
2020-09-09 15:26:00,0.0,1254.9,0.0,4.7055,714.42,13.815,3.1468,227.05,3.0777,219.34,0.0,645.88,1389.5,609.01,,33.417,34.492,13.835,149.28,50
2020-09-09 15:27:00,0.0,1264.3,0.0,4.8092,719.91,13.815,3.1608,227.77,3.1052,219.06,0.0,650.41,1400.1,613.87,,33.175,34.191,13.648,367.12,50
2020-09-09 15:28:00,0.0,1270.3,0.0,4.8995,722.14,13.815,3.1664,228.07,3.0948,220.53,0.0,652.97,1404.6,617.31,,33.076,34.009,13.469,-15.266,50
2020-09-09 15:29:00,0.0,1278.4,0.0,4.8716,724.4,13.814,3.1745,228.2,3.0926,223.52,0.0,655.35,1415.6,623.06,,33.095,34.039,13.593,-140.69,50
2020-09-09 15:30:00,0.0,1297.8,0.0,4.847,734.2,13.814,3.2201,228.04,3.129,224.66,0.0,663.45,1437.1,634.32,,33.273,34.147,13.711,812.52,50
2020-09-09 15:31:00,0.0,1336.9,0.0,4.8965,754.02,13.813,3.3144,227.53,3.2367,223.39,0.0,683.85,1477.0,653.06,,33.369,34.278,13.609,306.74,50
2020-09-09 15:32:00,0.0,1367.7,0.0,4.8749,770.5299999999999,13.813,3.3492,230.09,3.3335,221.99,0.0,697.81,1510.5,669.88,,33.57,34.33,13.593,210.11,50
2020-09-09 15:33:00,0.0,1376.0,0.0,4.8406,774.9099999999999,13.813,3.3943,228.3,3.3444,223.3,0.0,700.15,1521.7,675.87,,33.805,34.372,13.611,-705.91,50
2020-09-09 15:34:00,0.0,1376.8,0.0,4.8608,772.0,13.813,3.4072,226.58,3.2397,231.71,0.0,699.51,1522.5,677.26,,33.85,34.445,13.68,-714.73,50
2020-09-09 15:35:00,0.0,1396.6,0.0,4.8331,778.6,13.812,3.4114,228.25,3.2918,231.89,0.0,706.59,1541.9,690.0,,33.872,34.496,13.774,-775.5599999999998,50
2020-09-09 15:36:00,0.0,1440.7,0.0,4.8892,796.01,13.813,3.5126,226.64,3.4272,229.03,0.0,729.3099999999998,1580.6,711.36,,33.993,34.475,13.611,-1338.1,50
2020-09-09 15:37:00,0.0,1487.1,0.0,4.973,814.22,13.812,3.5726,227.95,3.5168,229.77,0.0,746.6599999999999,1622.2,740.4099999999999,,34.15,34.527,14.049,-1152.5,50
2020-09-09 15:38:00,0.0,1481.9,0.0,5.015,818.65,13.813,3.5933,227.83,3.5591,228.94,0.0,741.27,1633.5,740.62,,34.331,34.651,14.191,-1058.5,50
2020-09-09 15:39:00,0.0,1473.2,0.0,4.9845,810.21,13.811,3.5969,225.25,3.539,228.46,0.0,741.97,1618.7,731.26,,34.476,34.83,14.187,-935.0,50
2020-09-09 15:40:00,0.0,1467.9,0.0,4.9592,798.3099999999998,13.811,3.5331,225.95,3.5095,227.09,0.0,734.35,1595.3,733.51,,34.53,34.858,14.429,-962.15,50
2020-09-09 15:41:00,0.0,1463.3,0.0,5.0498,799.85,13.812,3.5252,226.9,3.492,228.83,0.0,730.35,1598.9,732.89,,34.525,34.916,14.489,-1407.3,50
2020-09-09 15:42:00,0.0,1480.9,0.0,4.9984,813.65,13.811,3.573,227.74,3.539,229.91,0.0,739.0299999999999,1627.3,741.86,,34.522,34.959,14.552,-1541.8,50
2020-09-09 15:43:00,0.0,1511.2,0.0,5.0073,835.73,13.811,3.7292,224.2,3.7517,221.71,0.0,757.08,1667.5,754.13,,34.567,35.038,14.627,-1344.2,50
2020-09-09 15:44:00,0.0,1551.8,0.0,5.0854,855.19,13.81,3.7558,227.73,3.7166,230.58,0.0,776.5499999999998,1712.1,775.19,,34.658,35.046,14.508,-1348.0,50
2020-09-09 15:45:00,0.0,1537.6,0.0,5.1099,847.96,13.811,3.7236,227.72,3.7276,227.69,0.0,769.33,1696.7,768.24,,34.794,35.028,14.238,,50
2020-09-09 15:46:00,0.0,1484.2,0.0,5.113,818.8099999999998,13.81,3.6139,226.57,3.5895,228.19,0.0,742.98,1637.9,741.24,,34.851,35.168,14.306,,50
2020-09-09 15:47:00,0.0,1509.9,0.0,5.0901,831.6,13.809,3.6883,225.52,3.6502,228.2,0.0,755.27,1664.3,754.59,,34.833,35.254,14.536,,50
2020-09-09 15:48:00,0.0,1512.2,0.0,5.1105,831.9099999999999,13.809,3.7404,222.43,3.6619,228.53,0.0,754.6,1668.7,757.57,,34.861,35.263,14.72,,50
2020-09-09 15:49:00,0.0,1501.1,0.0,5.191,830.4,13.81,3.6341,228.5,3.6554,226.99,0.0,750.87,1660.1,750.23,,34.88,35.309,14.906,,50
2020-09-09 15:50:00,0.0,1496.6,0.0,5.2464,826.96,13.809,3.6442,226.93,3.6613,225.73,0.0,748.84,1653.4,747.75,,34.864,35.366,15.191,,50
2020-09-09 15:51:00,0.0,1482.5,0.0,5.2551,813.1,13.81,3.5726,227.59,3.5886,226.48,0.0,739.35,1625.9,743.15,,34.923,35.351,15.283,,50
2020-09-09 15:52:00,0.0,1438.2,0.0,5.1988,782.14,13.809,3.4366,227.59,3.4369,227.49,0.0,717.54,1564.0,720.7,,34.95,35.233,14.893,,50
2020-09-09 15:53:00,0.0,1381.3,0.0,5.2146,750.64,13.81,3.2971,227.67,3.2976,227.47,0.0,691.32,1500.8,689.95,,34.972,35.189,14.789,,50
2020-09-09 15:54:00,0.0,1321.2,0.0,5.2422,719.67,13.809,3.1617,227.62,3.1599,227.49,0.0,659.51,1438.5,661.73,,34.943,35.1,14.537,,50
2020-09-09 15:55:00,0.0,1265.1,0.0,5.2147,694.15,13.808,3.0501,227.59,3.0467,227.55,0.0,630.89,1387.4,634.23,,34.853,34.897,14.32,,50
2020-09-09 15:56:00,0.0,1217.4,0.0,5.1683,672.36,13.808,2.9668,226.63,2.9512,227.49,0.0,606.99,1343.7,610.44,,34.717,34.688,14.291,-1649.5,50
2020-09-09 15:57:00,0.0,1176.2,0.0,5.1196,653.68,13.808,2.893,225.96,2.867,227.46,0.0,586.81,1305.8,589.36,,34.548,34.533,13.877,-1384.2,50
2020-09-09 15:58:00,0.0,1145.5,0.0,5.1507,638.34,13.809,2.8355,225.13,2.8094,226.49,0.0,573.69,1274.6,571.84,,34.313,34.304,13.716,,50
2020-09-09 15:59:00,0.0,1122.9,0.0,5.1562,626.32,13.808,2.7839,224.98,2.7529,226.46,0.0,562.98,1249.7,559.87,,33.889,34.173,13.495,-1556.9,50
2020-09-09 16:00:00,0.0,1110.1,0.0,5.1554,617.68,13.808,2.7595,223.84,2.7334,225.33,0.0,557.25,1233.6,552.81,,33.687,33.909,13.391,-1116.8,50
2020-09-09 16:01:00,0.0,1106.3,0.0,5.116,616.36,13.808,2.734,225.45,2.7339,224.64,0.0,555.67,1230.5,550.62,,33.65,33.838,13.259,-914.62,50
2020-09-09 16:02:00,0.0,1106.5,0.0,4.9687,616.67,13.807,2.7412,224.97,2.7219,226.03,0.0,553.82,1231.9,552.65,,33.615,33.829,13.043,-1556.3,50
2020-09-09 16:03:00,0.0,1102.9,0.0,4.8745,615.08,13.807,2.7203,226.12,2.7078,226.5,0.0,551.93,1228.4,550.92,,33.415,33.696,12.924,-601.27,50
2020-09-09 16:04:00,0.0,1092.8,0.0,4.8154,608.09,13.808,2.6948,225.65,2.6786,226.41,0.0,548.03,1214.5,544.74,,33.26,33.564,12.694,-793.7799999999999,50
2020-09-09 16:05:00,0.0,1073.7,0.0,4.7897,598.39,13.806,2.6645,224.58,2.6497,225.18,0.0,539.08,1195.1,534.66,,33.087,33.51,12.44,-1129.4,50
2020-09-09 16:06:00,0.0,1061.7,0.0,4.8196,591.41,13.806,2.6221,225.56,2.6135,225.71,0.0,531.52,1181.3,530.19,,33.0,33.451,12.326,-415.99,50
2020-09-09 16:07:00,0.0,1057.1,0.0,4.815,589.82,13.805,2.5959,227.22,2.5972,226.14,0.0,530.04,1177.1,527.02,,32.843,33.292,12.028,-545.34,50
2020-09-09 16:08:00,0.0,1053.7,0.0,4.8275,588.05,13.804,2.5983,226.33,2.5815,227.0,0.0,528.41,1174.1,525.23,,32.899,33.2,12.054,-920.15,50
2020-09-09 16:09:00,0.0,1039.8,0.0,4.8719,580.28,13.804,2.5698,225.81,2.5601,225.55,0.0,520.7,1157.7,519.08,,32.928,33.059,12.012,-748.69,50
2020-09-09 16:10:00,0.0,1013.7,0.0,4.9008,564.93,13.805,2.5151,224.62,2.5027,224.94,0.0,508.98,1127.9,504.74,,32.841,32.884,11.899,-517.1,50
2020-09-09 16:11:00,0.0,989.7,0.0,4.922,548.48,13.803,2.434,225.35,2.421,225.51,0.0,497.93,1094.4,491.77,,32.599,32.684,11.947,95.524,50
2020-09-09 16:12:00,0.0,959.52,0.0,4.8979,533.43,13.804,2.3621,225.83,2.3517,225.5,0.0,477.07,1063.7,482.44,,32.325,32.471,11.809,-357.12,50
2020-09-09 16:13:00,0.0,932.13,0.0,4.9106,523.35,13.804,2.3173,225.85,2.3107,224.77,0.0,468.46,1042.7,463.66,,32.144,32.412,11.793,-1148.3,50
2020-09-09 16:14:00,0.0,919.45,0.0,4.86,516.0,13.802,2.3055,223.82,2.2787,224.95,0.0,462.26,1028.6,457.19,,32.082,32.323,11.646,-905.25,50
2020-09-09 16:15:00,0.0,906.37,0.0,4.7863,511.66,13.803,2.256,226.81,2.2388,226.15,0.0,457.12,1018.0,449.25,,32.062,32.113,11.369,-674.33,50
2020-09-09 16:16:00,0.0,894.87,0.0,4.7595,503.47,13.803,2.2202,226.77,2.215,224.22,0.0,447.72,1000.1,447.15,,32.08,31.851,11.256,79.68899999999998,50
2020-09-09 16:17:00,0.0,885.72,0.0,4.7697,494.47,13.803,2.1868,226.12,2.1699,224.76,0.0,445.96,982.1400000000002,439.76,,31.947,31.773,11.116,110.09,50
2020-09-09 16:18:00,0.0,865.59,0.0,4.7713,486.72,13.803,2.1619,225.14,2.1324,225.31,0.0,436.31,967.19,429.27,,31.752,31.725,10.897,837.4199999999998,50
2020-09-09 16:19:00,0.0,850.95,0.0,4.7591,481.31,13.803,2.1382,225.11,2.1139,224.56,0.0,427.99,956.0,422.96,,31.539,31.381,10.811,1308.3,50
2020-09-09 16:20:00,0.0,844.07,0.0,4.7529,477.39,13.802,2.0973,227.63,2.0736,226.83,0.0,423.82,947.75,420.25,,31.365,31.391,10.628,984.85,50
2020-09-09 16:21:00,0.0,833.72,0.0,4.7719,472.67,13.802,2.092,225.95,2.0608,226.19,0.0,419.83,938.8,413.9,,31.191,31.423,10.565,681.72,50
2020-09-09 16:22:00,0.0,828.99,0.0,4.7362,469.59,13.802,2.0779,226.0,2.0562,224.95,0.0,417.07,932.11,411.91,,31.265,31.303,10.464,1305.4,50
2020-09-09 16:23:00,0.0,823.27,0.0,4.7309,465.97,13.802,2.0703,225.08,2.0325,226.33,0.0,413.96,925.99,409.3,,31.317,31.039,10.256,1099.5,50
2020-09-09 16:24:00,0.0,810.64,0.0,4.7055,460.42,13.801,2.0528,224.29,2.0091,226.19,0.0,407.99,914.85,402.64,,31.288,30.873,10.168,,50
2020-09-09 16:25:00,0.0,794.2899999999998,0.0,4.6827,452.09,13.802,2.0152,224.34,1.9823,224.6,0.0,400.41,897.3099999999998,393.87,,31.113,30.783,10.105,1611.4,50
2020-09-09 16:26:00,0.0,776.02,0.0,4.6587,442.14,13.802,1.9625,225.31,1.9455,223.38,0.0,390.96,876.75,385.06,,30.944,30.54,9.9632,,50
2020-09-09 16:27:00,0.0,752.76,0.0,4.5804,431.33,13.801,1.9028,226.68,1.8965,222.85,0.0,380.71,853.95,372.05,,30.8,30.472,9.857,,50
2020-09-09 16:28:00,0.0,731.0599999999998,0.0,4.4958,418.11,13.801,1.8451,226.61,1.8213,225.63,0.0,368.35,829.0299999999999,362.71,,30.687,30.588,9.7544,1826.9,50
2020-09-09 16:29:00,0.0,705.35,0.0,4.5259,404.07,13.801,1.787,226.12,1.7528,227.16,0.0,354.96,802.22,350.38,,30.672,30.517,9.6457,,50
2020-09-09 16:30:00,0.0,683.8,0.0,4.4915,392.17,13.8,1.7352,226.02,1.7054,226.52,0.0,345.15,778.49,338.66,,30.66,30.308,9.4128,,50
2020-09-09 16:31:00,0.0,666.49,0.0,4.47,382.72,13.801,1.7071,224.2,1.6753,225.36,0.0,336.76,760.25,329.73,,30.59,30.087,9.2413,,50
2020-09-09 16:32:00,0.0,655.26,0.0,4.4727,377.39,13.801,1.6765,225.11,1.6489,225.32,0.0,330.74,748.9199999999998,324.52,,30.426,29.978,9.0681,,50
2020-09-09 16:33:00,0.0,644.26,0.0,4.4658,371.06,13.8,1.6444,225.65,1.6106,226.9,0.0,324.88,736.51,319.38,,30.225,29.559,8.9465,,50
2020-09-09 16:34:00,0.0,628.43,0.0,4.4433,362.46,13.8,1.6148,224.46,1.578,226.25,0.0,315.32,719.49,313.11,,30.067,29.496,8.777599999999998,,50
2020-09-09 16:35:00,0.0,610.28,0.0,4.4081,350.28,13.8,1.5737,222.6,1.5286,226.19,0.0,306.24,696.03,304.05,,29.946,29.332,8.6266,,50
2020-09-09 16:36:00,0.0,583.65,0.0,4.4149,337.71,13.8,1.5167,222.66,1.468,226.47,0.0,293.77,670.16,289.89,,29.901,29.061,8.5563,,50
2020-09-09 16:37:00,0.0,560.88,0.0,4.459,324.95,13.799,1.4668,221.53,1.421,225.29,0.0,280.76,645.1,280.13,,29.854,29.114,8.5359,,50
2020-09-09 16:38:00,0.0,543.97,0.0,4.4504,315.98,13.8,1.4201,222.52,1.3895,223.15,0.0,273.59,626.03,270.39,,29.746,28.944,8.4443,,50
2020-09-09 16:39:00,0.0,528.73,0.0,4.4435,309.04,13.8,1.3936,221.76,1.3697,220.82,0.0,265.79,611.5,262.95,,29.587,28.796,8.2377,,50
2020-09-09 16:40:00,0.0,514.66,0.0,4.4132,302.58,13.8,1.3619,222.18,1.3425,220.34,0.0,260.06,598.39,254.6,28.98,29.402,28.663,8.1741,,50
2020-09-09 16:41:00,0.0,501.6,0.0,4.4507,295.19,13.799,1.3238,222.99,1.3,222.13,0.0,253.18,583.94,248.43,,29.29,28.587,8.068799999999998,,50
2020-09-09 16:42:00,0.0,485.39,0.0,4.4794,286.96,13.799,1.2962,221.38,1.2677,221.49,0.0,244.91,567.74,240.49,,29.171,28.606,8.0936,,50
2020-09-09 16:43:00,0.0,473.85,0.0,4.5073,279.6,13.799,1.2732,219.6,1.2507,218.07,0.0,241.3,552.33,232.55,,29.128,28.428,8.0936,,50
2020-09-09 16:44:00,0.0,463.18,0.0,4.512,274.35,13.799,1.2687,216.24,1.236,217.04,0.0,233.03,542.6,230.16,,29.17,28.19,7.9059,,50
2020-09-09 16:45:00,0.0,460.82,0.0,4.4819,272.09,13.799,1.267,214.75,1.2149,220.64,0.0,230.28,540.12,230.55,,29.175,28.145,7.8758,,50
2020-09-09 16:46:00,0.0,462.91,0.0,4.5024,273.37,13.799,1.2559,217.69,1.2191,219.87,0.0,234.06,541.4,228.85,,29.087,28.058,7.8905,,50
2020-09-09 16:47:00,0.0,464.6,0.0,4.5148,274.78,13.798,1.2391,221.76,1.2188,219.69,0.0,233.84,542.53,230.77,,28.969,27.873,7.8732,,50
2020-09-09 16:48:00,0.0,463.79,0.0,4.5056,272.81,13.798,1.2488,218.46,1.2125,220.55,0.0,233.36,540.21,230.43,,28.89,27.826,7.7941,,50
2020-09-09 16:49:00,0.0,461.9,0.0,4.5153,273.68,13.798,1.2394,220.82,1.1968,224.14,0.0,231.56,541.93,230.34,,28.864,28.128,7.695,,50
2020-09-09 16:50:00,0.0,464.58,0.0,4.4985,274.13,13.798,1.2417,220.78,1.1994,223.88,0.0,232.28,542.63,232.3,,28.879,28.074,7.6548,,50
2020-09-09 16:51:00,0.0,461.3,0.0,4.442,271.81,13.798,1.2353,220.04,1.1974,222.69,0.0,232.77,538.44,228.53,,28.869,27.998,7.5902,,50
2020-09-09 16:52:00,0.0,452.71,0.0,4.4008,267.88,13.799,1.214,220.66,1.1754,223.05,0.0,227.31,530.04,225.4,,28.895,28.079,7.4898,,50
2020-09-09 16:53:00,0.0,441.45,0.0,4.3721,260.38,13.798,1.1885,219.09,1.1499,221.86,0.0,221.52,515.48,219.93,,28.849,28.06,7.3928,,50
2020-09-09 16:54:00,0.0,425.62,0.0,4.3936,253.38,13.798,1.1569,219.02,1.1183,221.64,0.0,214.08,501.23,211.55,,28.745,27.961,7.361,,50
2020-09-09 16:55:00,0.0,411.89,0.0,4.3661,246.25,13.798,1.1262,218.66,1.0935,219.68,0.0,206.75,486.46,205.15,,28.624,27.798,7.2562,,50
2020-09-09 16:56:00,0.0,397.23,0.0,4.3454,238.69,13.798,1.0839,220.21,1.0619,218.58,0.0,200.84,470.78,196.4,,28.543,28.123,7.157,,50
2020-09-09 16:57:00,0.0,382.39,0.0,4.3307,230.85,13.798,1.0553,218.75,1.025,219.41,0.0,192.27,455.74,190.13,,28.559,28.143,7.0803,,50
2020-09-09 16:58:00,0.0,369.25,0.0,4.3307,224.37,13.798,1.0309,217.64,1.0048,216.9,0.0,186.93,442.31,182.33,,28.617,27.989,7.0412,,50
2020-09-09 16:59:00,0.0,363.1,0.0,4.3402,220.37,13.798,0.99839,220.73,0.97935,218.38,0.0,184.75,434.23,178.36,,28.637,27.822,6.987,,50
2020-09-09 17:00:00,0.0,364.97,0.0,4.3355,217.94,13.798,0.99033,220.08,0.96806,218.34,0.0,183.16,429.3,181.81,,28.598,27.776,6.9228,,50
2020-09-09 17:01:00,0.0,363.93,0.0,4.35,216.66,13.798,0.9806,220.96,0.96143,218.67,0.0,184.15,426.87,179.78,,28.508,27.646,6.8449,,50
2020-09-09 17:02:00,0.0,359.65,0.0,4.3347,215.15,13.797,0.97735,220.14,0.95441,218.63,0.0,181.27,423.8,178.38,,28.363,27.575,6.7404,,50
2020-09-09 17:03:00,0.0,352.31,0.0,4.3356,213.05,13.797,0.97578,218.34,0.93549,221.01,0.0,178.79,419.8,173.53,,28.233,27.496,6.6995,,50
2020-09-09 17:04:00,0.0,346.75,0.0,4.3379,210.98,13.798,0.97383,216.65,0.93112,219.64,0.0,174.39,415.48,172.36,,28.225,27.594,6.7102,,50
2020-09-09 17:05:00,0.0,347.22,0.0,4.351,208.83,13.797,0.96001,217.54,0.9221,220.06,0.0,174.96,411.74,172.27,,28.323,27.564,6.6882,,50
2020-09-09 17:06:00,0.0,339.08,0.0,4.3564,205.55,13.798,0.94718,217.01,0.91493,217.96,0.0,172.34,404.97,166.75,,28.339,27.504,6.654,,50
2020-09-09 17:07:00,0.0,328.4,0.0,4.3609,199.65,13.797,0.9279,215.17,0.89505,217.55,0.0,165.78,394.37,162.63,,28.439,27.456,6.6378,,50
2020-09-09 17:08:00,0.0,318.05,0.0,4.3386,196.15,13.797,0.90802,216.02,0.87575,216.72,0.0,160.21,385.94,157.84,,28.348,27.451,6.5802,,50
2020-09-09 17:09:00,0.0,311.08,0.0,4.2855,191.67,13.795,0.88926,215.54,0.85675,216.67,0.0,157.39,377.3,153.69,,28.227,27.278,6.5029,,50
2020-09-09 17:10:00,0.0,303.48,0.0,4.2788,187.05,13.798,0.8710999999999999,214.72,0.84164,215.23,0.0,154.05,368.19,149.43,,28.127,27.224,6.419,,50
2020-09-09 17:11:00,0.0,294.85,0.0,4.266,182.72,13.798,0.8493899999999999,215.13,0.8142899999999998,217.39,0.0,150.24,359.72,144.61,,28.031,27.274,6.3613,,50
2020-09-09 17:12:00,0.0,286.46,0.0,4.2663,178.2,13.797,0.8266999999999999,215.55,0.79132,217.82,0.0,145.94,350.56,140.53,,28.113,27.363,6.2951,,50
2020-09-09 17:13:00,0.0,276.46,0.0,4.2737,173.12,13.796,0.8124799999999999,213.07,0.7728899999999999,216.66,0.0,139.67,340.57,136.78,,28.16,27.425,6.2813,,50
2020-09-09 17:14:00,0.0,271.06,0.0,4.2881,169.55,13.797,0.7962599999999999,212.93,0.7620099999999999,214.69,0.0,137.53,333.14,133.54,,28.19,27.281,6.1832,,50
2020-09-09 17:15:00,0.0,261.37,0.0,4.2627,165.36,13.797,0.78203,211.46,0.74877,212.92,0.0,133.27,324.79,128.1,,28.185,27.314,6.1631,,50
2020-09-09 17:16:00,0.0,254.36,0.0,4.228,160.87,13.797,0.7617399999999999,211.19,0.73257,211.19,0.0,128.98,315.59,125.38,,28.029,27.192,6.0559,,50
2020-09-09 17:17:00,0.0,245.0,0.0,4.2039,155.09,13.797,0.7416,209.12,0.70818,210.68,0.0,124.2,304.28,120.8,,27.916,27.101,6.0049,,50
2020-09-09 17:18:00,0.0,232.28,0.0,4.2152,149.07,13.795,0.71454,208.64,0.67707,211.91,0.0,117.6,292.53,114.69,,27.827,27.313,5.9229,,50
2020-09-09 17:19:00,0.0,222.18,0.0,4.2302,143.31,13.796,0.6908499999999999,207.43,0.64648,214.27,0.0,112.03,281.83,110.16,,27.757,27.321,5.8744,,50
2020-09-09 17:20:00,0.0,214.47,0.0,4.2325,138.58,13.796,0.67818,204.34,0.63097,212.35,0.0,108.37,272.57,106.1,,27.735,27.095,5.7979,,50
2020-09-09 17:21:00,0.0,209.85,0.0,4.2172,136.87,13.795,0.66425,206.08,0.62646,210.01,0.0,105.98,268.43,103.87,,27.743,27.014,5.7014,,50
2020-09-09 17:22:00,0.0,208.59,0.0,4.1958,136.47,13.797,0.6542299999999999,208.59,0.61617,212.42,0.0,105.8,267.35,102.78,,27.78,26.996,5.6286,,50
2020-09-09 17:23:00,0.0,206.69,0.0,4.1821,134.65,13.796,0.65112,206.79,0.60208,215.54,0.0,105.42,264.41,101.27,,27.774,27.012,5.5699,,50
2020-09-09 17:24:00,0.0,201.65,0.0,4.1687,132.47,13.796,0.6406899999999999,206.76,0.59491,214.69,0.0,101.5,260.18,100.15,,27.683,26.905,5.5213,,50
2020-09-09 17:25:00,0.0,198.28,0.0,4.1726,130.42,13.796,0.6197099999999999,210.46,0.57432,217.55,0.0,100.39,255.36,97.89,,27.587,26.799,5.4721,,50
2020-09-09 17:26:00,0.0,191.34,0.0,4.1846,126.98,13.796,0.60857,208.66,0.56151,216.98,0.0,97.799,248.82,93.539,,27.53,26.85,5.4339,,50
2020-09-09 17:27:00,0.0,184.82,0.0,4.2009,122.92,13.795,0.60223,204.11,0.5600899999999999,211.02,0.0,93.945,241.11,90.877,,27.551,26.81,5.3986,,50
2020-09-09 17:28:00,0.0,180.59,0.0,4.197,121.14,13.796,0.58194,208.19,0.55205,208.7,0.0,91.285,236.35,89.302,,27.59,26.755,5.3557,,50
2020-09-09 17:29:00,0.0,176.66,0.0,4.1862,119.23,13.796,0.56896,209.55,0.5372799999999999,210.69,0.0,90.046,232.43,86.619,,27.65,26.783,5.2987,,50
2020-09-09 17:30:00,0.0,170.94,0.0,4.17,116.47,13.796,0.5545999999999999,210.01,0.52458,210.41,0.0,87.83499999999998,226.85,83.101,,27.69,26.791,5.2512,,50
2020-09-09 17:31:00,0.0,164.94,0.0,4.173,113.4,13.796,0.54135,209.48,0.5135899999999999,209.03,0.0,84.293,220.76,80.643,,27.634,26.695,5.2148,,50
2020-09-09 17:32:00,0.0,157.86,0.0,4.1669,109.8,13.796,0.52176,210.44,0.5059799999999999,203.24,0.0,81.49599999999998,212.64,76.35899999999998,,27.533,26.601,5.1575,,50
2020-09-09 17:33:00,0.0,149.81,0.0,4.1553,105.9,13.796,0.51232,206.71,0.4833,206.63,0.0,78.09399999999998,205.77,71.714,,27.462,26.552,5.1017,,50
2020-09-09 17:34:00,0.0,142.96,0.0,4.1437,102.4,13.796,0.4952699999999999,206.77,0.4708999999999999,204.04,0.0,74.55599999999998,198.49,68.4,,27.436,26.743,5.0528,,50
2020-09-09 17:35:00,0.0,136.04,0.0,4.1066,98.587,13.796,0.47963,205.55,0.45893,199.73,0.0,70.498,190.25,65.536,,27.481,26.834,5.0057,,50
2020-09-09 17:36:00,0.0,130.33,0.0,4.1155,94.785,13.797,0.4577899999999999,207.05,0.44173,198.6,0.0,67.207,182.51,63.126,,27.509,26.755,4.982,,50
2020-09-09 17:37:00,0.0,124.33,0.0,4.1109,91.198,13.796,0.43428,210.0,0.42468,198.73,0.0,64.523,175.59,59.81,,27.564,26.837,4.9541,,50
2020-09-09 17:38:00,0.0,117.1,0.0,4.1165,88.074,13.796,0.4238299999999999,207.8,0.40904,198.33,0.0,61.028,169.2,56.069,,27.577,26.773,4.923,,50
2020-09-09 17:39:00,0.0,111.89,0.0,4.1221,84.665,13.796,0.4187799999999999,202.17,0.3994599999999999,193.6,0.0,58.795,162.01,53.093,,27.465,26.693,4.8959,,50
2020-09-09 17:40:00,0.0,102.92,0.0,4.1407,80.85299999999998,13.796,0.4052399999999999,199.51,0.38762,187.74,0.0,54.108,153.63,48.809,,27.368,26.611,4.8819,,50
2020-09-09 17:41:00,0.0,94.507,0.0,4.1566,76.82299999999998,13.797,0.3871999999999999,198.41,0.3714199999999999,185.71,0.0,49.598,145.8,44.908,,27.275,26.525,4.8396,,50
2020-09-09 17:42:00,0.0,88.105,0.0,4.1498,73.06,13.797,0.36875,198.12,0.34592,191.05,0.0,46.262,139.13,41.843,,27.214,26.604,4.7893,,50
2020-09-09 17:43:00,0.0,82.108,0.0,4.136,69.741,13.797,0.35042,199.03,0.32155,198.28,0.0,43.262,133.49,38.845,,27.271,26.53,4.717,,50
2020-09-09 17:44:00,0.0,77.555,0.0,4.0957,67.213,13.797,0.33323,201.71,0.3070399999999999,198.49,0.0,40.67,128.16,36.883,,27.309,26.503,4.6715,,50
2020-09-09 17:45:00,0.0,73.54099999999998,0.0,4.0804,64.597,13.797,0.32211,200.54,0.3057699999999999,188.84,0.0,38.618,122.34,34.921,,27.362,26.453,4.6236,,50
2020-09-09 17:46:00,0.0,69.303,0.0,4.0636,61.699,13.797,0.3183199999999999,193.83,0.2984399999999999,182.51,0.0,37.199,116.17,32.104,,27.369,26.384,4.5647,,50
2020-09-09 17:47:00,0.0,64.523,0.0,4.0452,58.451,13.797,0.31056,188.21,0.2867399999999999,179.61,0.0,34.651,109.96,29.872,,27.308,26.347,4.5176,,50
2020-09-09 17:48:00,0.0,59.632,0.0,4.0512,55.435,13.798,0.2944999999999999,188.24,0.2699699999999999,179.15,0.0,32.24,103.77,27.392,,27.207,26.253,4.4728,,50
2020-09-09 17:49:00,0.0,53.859,0.0,4.0509,52.493,13.797,0.279,188.15,0.23884,194.2,0.0,29.263,98.87,24.597,,27.085,26.103,4.4238,,50
2020-09-09 17:50:00,0.0,49.351,0.0,4.0541,50.064,13.797,0.2660299999999999,188.19,0.2219299999999999,196.74,0.0,26.941,93.727,22.41,,26.885,25.838,4.3845,,50
2020-09-09 17:51:00,0.0,43.646,0.0,4.0476,47.128,13.797,0.25039,188.22,0.20671,196.83,0.0,24.371,87.81399999999998,19.276,,26.761,25.882,4.3518,,50
2020-09-09 17:52:00,0.0,38.53,0.0,4.0559,44.261,13.797,0.2351699999999999,188.21,0.1930399999999999,196.7,0.0,22.14,82.233,16.39,,26.836,25.987,4.3231,,50
2020-09-09 17:53:00,0.0,33.637,0.0,4.0784,41.542,13.797,0.22066,188.26,0.1783899999999999,196.86,0.0,19.615,76.659,14.023,,26.922,26.013,4.2901,,50
2020-09-09 17:54:00,0.0,29.715,0.0,4.0848,39.142,13.797,0.20798,188.2,0.16556,196.84,0.0,17.495,71.732,12.22,,27.009,26.109,4.2594,,50
2020-09-09 17:55:00,0.0,25.409,0.0,4.0815,36.754,13.798,0.1953,188.19,0.15303,196.87,0.0,15.354,66.881,10.055,,27.076,26.215,4.224,,50
2020-09-09 17:56:00,0.0,20.99,0.0,4.0789,34.289,13.798,0.1822,188.2,0.14049,196.87,0.0,13.324,61.947,7.6655,,27.059,26.189,4.1987,,50
2020-09-09 17:57:00,0.0,16.007,0.0,4.0791,31.612,13.798,0.16796,188.2,0.12625,196.83,0.0,10.642,56.462,5.3657,,26.966,26.084,4.1695,,50
2020-09-09 17:58:00,0.0,11.228,0.0,4.0716,28.717,13.797,0.15261,188.18,0.1109,196.76,0.0,8.5449,50.537,2.683,,26.919,26.041,4.1291,,50
2020-09-09 17:59:00,0.0,5.8618,0.0,4.0626,23.885,13.799,0.12499,195.07,0.0963799999999999,196.86,0.0,5.1854,42.858,0.6763799999999999,,26.85,26.004,4.0933,,50
2020-09-09 18:00:00,0.0,-1.5782,0.0,4.0446,11.835,13.799,0.0521399999999999,227.01,0.08426,196.76,0.0,-0.5861899999999999,28.414,-0.992,,26.799,25.971,4.0552,,50
2020-09-09 18:01:00,0.0,-5.2757,0.0,4.0616,11.779,13.799,0.0528399999999999,222.9,0.02128,223.66,0.0,-0.65383,16.537,-4.6218,,26.842,26.007,4.0365,,50
2020-09-09 18:02:00,0.0,-5.3209,0.0,4.0717,11.812,13.798,0.0541099999999999,218.31,0.02255,219.52,0.0,-0.58621,16.76,-4.7346,,26.942,26.113,3.9983,,50
2020-09-09 18:03:00,0.0,-5.3659,0.0,4.0808,11.698,13.799,0.05482,213.42,0.02325,214.5,0.0,-0.51856,16.685,-4.8473,,27.024,26.215,3.972,,50
2020-09-09 18:04:00,0.0,-5.2984,0.0,4.0844,11.522,13.799,0.05552,207.56,0.02494,207.98,0.0,-0.6538199999999998,16.709,-4.6445,,27.075,26.305,3.9364,,50
2020-09-09 18:05:00,0.0,-5.2532,0.0,4.0906,11.656,13.799,0.06017,195.91,0.0263499999999999,199.5,0.0,-0.72147,16.911,-4.5317,,27.107,26.324,3.9098,,50
2020-09-09 18:06:00,0.0,-5.5462,0.0,4.0714,11.278,13.799,0.05918,190.6,0.03382,180.01,0.0,-0.6989499999999998,17.192,-4.8472,,27.016,26.23,3.8711,,50
2020-09-09 18:07:00,0.0,-5.4336,0.0,4.0707,10.892,13.8,0.06144,177.4,0.03241,172.11,0.0,-0.6312999999999999,16.455,-4.8023,,26.909,26.1,3.8436,,50
2020-09-09 18:08:00,0.0,-5.1631,0.0,4.068,9.9791,13.799,0.0681999999999999,147.46,0.0407199999999999,135.39,0.0,-0.6312999999999999,15.441,-4.5318,,26.833,26.143,3.8098,,50
2020-09-09 18:09:00,0.0,-5.2534,0.0,4.0535,8.5441,13.8,0.0683499999999999,125.97,0.031,138.39,0.0,-0.5185699999999999,12.734,-4.7348,,26.836,26.112,3.7733,,50
2020-09-09 18:10:00,0.0,-5.3886,0.0,4.0547,7.3819,13.8,0.06271,119.74,0.02649,129.75,0.0,-0.56366,10.729,-4.8249,,26.856,26.089,3.7483,,50
2020-09-09 18:11:00,0.0,-5.4112,0.0,4.0507,6.7707,13.799,0.05496,124.27,0.02057,126.37,0.0,-0.5636499999999999,9.2496,-4.8475,,26.889,26.169,3.7114,,50
2020-09-09 18:12:00,0.0,-4.6897,0.0,4.0516,5.8379,13.8,0.04791,123.65,0.00986,142.14,0.0,-0.4058399999999999,7.1838,-4.2838,,26.943,26.232,3.694,,50
2020-09-09 18:13:00,0.0,-4.5769,0.0,4.0516,5.1506,13.801,0.04129,126.56,0.0091599999999999,123.37,0.0,-0.3832999999999999,6.2484,-4.1936,,26.973,26.304,3.6653,,50
2020-09-09 18:14:00,0.0,-4.4867,0.0,4.047,4.4607,13.8,0.0353699999999999,128.29,0.0021099999999999,125.34,0.0,-0.18038,4.6777,-4.3064,,26.939,26.206,3.6482,,50
2020-09-09 18:15:00,0.0,-4.5093,0.0,4.051,3.8465,13.801,0.03171,123.71,0.0,129.66,0.0,-0.31566,3.8465,-4.1937,,26.8,26.063,3.6195,,50
2020-09-09 18:16:00,0.0,-4.2838,0.0,4.057,3.2463,13.802,0.02579,128.2,0.0,127.6,0.0,-0.36075,3.2463,-3.923,,26.684,25.995,3.6047,,50
2020-09-09 18:17:00,0.0,-4.1937,0.0,4.0561,2.7558,13.802,0.0235299999999999,121.73,0.0,125.65,0.0,-0.13528,2.7558,-4.0584,,26.608,25.931,3.5865,,50
2020-09-09 18:18:00,0.0,-4.1035,0.0,4.0419,2.2925,13.802,0.01846,127.97,0.0,129.89,0.0,-0.15783,2.2925,-3.9457,,26.592,25.892,3.5575,,50
2020-09-09 18:19:00,0.0,-4.1036,0.0,4.0505,1.914,13.802,0.01494,132.09,0.0,130.74,0.0,-0.18038,1.914,-3.9232,,26.628,25.941,3.5481,,50
2020-09-09 18:20:00,0.0,-3.8555,0.0,4.049,1.4847,13.802,0.0119799999999999,131.79,0.0,145.91,0.0,-0.09019,1.4847,-3.7653,,26.663,25.984,3.5364,,50
2020-09-09 18:21:00,0.0,-3.9457,0.0,4.0464,0.96328,13.802,0.00676,144.6,0.0,145.71,0.0,-0.13528,0.96328,-3.8104,,26.675,26.029,3.5172,,50
2020-09-09 18:22:00,0.0,-3.8781,0.0,4.0716,0.7259799999999998,13.803,0.0050699999999999,143.11,0.0,139.74,0.0,-0.13528,0.7259799999999998,-3.7428,,26.646,26.0,3.4984,,50
2020-09-09 18:23:00,0.0,-3.8104,0.0,4.0542,0.6933399999999998,13.803,0.0050699999999999,136.67,0.0,133.66,0.0,-0.13528,0.6933399999999998,-3.6752,,26.487,25.833,3.4714,,50
2020-09-09 18:24:00,0.0,-3.833,0.0,4.0616,0.6583799999999999,13.803,0.0050699999999999,129.78,0.0,127.14,0.0,-0.13528,0.6583799999999999,-3.6977,,26.365,25.705,3.4636,,50
2020-09-09 18:25:00,0.0,-3.8555,0.0,4.053,0.61899,13.803,0.0050699999999999,122.01,0.0,119.81,0.0,-0.11274,0.61899,-3.7428,,26.306,25.722,3.445,,50
2020-09-09 18:26:00,0.0,-3.9457,0.0,4.0377,0.4962199999999999,13.804,0.0043699999999999,113.76,0.0,111.97,0.0,-0.20293,0.4962199999999999,-3.7428,,26.305,25.686,3.4183,,50
2020-09-09 18:27:00,0.0,-3.833,0.0,4.0332,0.47524,13.803,0.00451,105.48,0.0,103.86,0.0,-0.13528,0.47524,-3.6977,,26.333,25.7,3.3964,,50
2020-09-09 18:28:00,0.0,-3.7878,0.0,4.0257,0.4378099999999999,13.803,0.00451,97.067,0.0,95.60700000000001,0.0,-0.0450899999999999,0.4378099999999999,-3.7427,,26.342,25.741,3.3951,,50
2020-09-09 18:29:00,0.0,-3.1115,0.0,4.003,0.34769,13.804,0.00395,88.143,0.0,86.765,0.0,0.15783,0.34769,-3.2694,,26.333,25.745,3.3746,,50
2020-09-09 18:30:00,0.0,-2.8635,0.0,4.0002,0.2884599999999999,13.803,0.00366,78.409,0.0,77.17199999999998,0.0,0.36075,0.2884599999999999,-3.2243,,26.321,25.798,3.3562,,50
2020-09-09 18:31:00,0.0,-2.7959,0.0,3.9946,0.24037,13.802,0.00352,68.14,0.0,66.996,0.0,0.51858,0.24037,-3.3144,,26.293,25.753,3.3364,,50
2020-09-09 18:32:00,0.0,-2.9086,0.0,3.9984,0.196,13.804,0.00338,57.953,0.0,56.891,0.0,0.51858,0.196,-3.4271,,26.2,25.619,3.3284,,50
2020-09-09 18:33:00,0.0,-2.8184,0.0,4.0043,0.16436,13.804,0.00338,48.598,0.0,47.561,0.0,0.3832999999999999,0.16436,-3.2017,,26.071,25.5,3.3247,,50
2020-09-09 18:34:00,0.0,-2.7733,0.0,4.0064,0.1426399999999999,13.805,0.00352,40.397,0.0,39.354,0.0,0.4283899999999999,0.1426399999999999,-3.2017,,25.98,25.497,3.3308,,50
2020-09-09 18:35:00,0.0,-2.7959,0.0,3.9855,0.11262,13.805,0.00338,33.299,0.0,32.265,0.0,0.4960399999999999,0.11262,-3.2919,,25.919,25.546,3.321,,50
2020-09-09 18:36:00,0.0,-2.8861,0.0,3.9832,0.08461,13.806,0.0030999999999999,27.288,0.0,26.235,0.0,0.36075,0.08461,-3.2468,,25.914,25.472,3.3249,,50
2020-09-09 18:37:00,0.0,-2.7733,0.0,3.9963,0.0749299999999999,13.805,0.00338,22.155,0.0,21.15,0.0,0.51858,0.0749299999999999,-3.2919,,25.948,25.471,3.2993,,50
2020-09-09 18:38:00,0.0,-2.6831,0.0,4.0,0.04562,13.806,0.00254,17.812,0.0,16.794,0.0,0.2931099999999999,0.04562,-2.9762,,25.955,25.511,3.2928,,50
2020-09-09 18:39:00,0.0,-2.7959,0.0,4.0172,0.04573,13.806,0.0032399999999999,14.176,0.0,13.206,0.0,0.54113,0.04573,-3.3369,,25.956,25.521,3.3087,,50
2020-09-09 18:40:00,0.0,-2.6155,0.0,4.0169,0.02903,13.806,0.00254,11.242,0.0,10.315,0.0,0.4283899999999999,0.02903,-3.0439,,25.943,25.508,3.3063,,50
2020-09-09 18:41:00,0.0,-2.7959,0.0,3.9883,0.02782,13.806,0.0030999999999999,8.967499999999998,0.0,8.0838,0.0,0.4058499999999999,0.02782,-3.2017,,25.918,25.464,3.2877,,50
2020-09-09 18:42:00,0.0,-2.7733,0.0,4.0004,0.0183399999999999,13.806,0.00254,7.2036,0.0,6.3518,0.0,0.4283899999999999,0.0183399999999999,-3.2017,,25.819,25.34,3.2978,,50
2020-09-09 18:43:00,0.0,-2.8184,0.0,4.0153,0.01561,13.805,0.00268,5.8378,0.0,5.0222,0.0,0.4058499999999999,0.01561,-3.2243,,25.689,25.219,3.3077,,50
2020-09-09 18:44:00,0.0,-2.8635,0.0,4.0068,0.01274,13.807,0.00268,4.7664,0.0,3.9953,0.0,0.4058499999999999,0.01274,-3.2694,,25.595,25.145,3.2881,,50
2020-09-09 18:45:00,0.0,-2.9086,0.0,3.9988,0.0128,13.806,0.0032399999999999,3.9384,0.0,3.1759,0.0,0.3832999999999999,0.0128,-3.2919,,25.588,25.075,3.2732,,50
2020-09-09 18:46:00,0.0,-2.7282,0.0,4.0058,0.00978,13.806,0.00296,3.2799,0.0,2.5492,0.0,0.45094,0.00978,-3.1792,,25.606,25.079,3.2601,,50
2020-09-09 18:47:00,0.0,-2.8861,0.0,3.9972,0.0088699999999999,13.807,0.0032399999999999,2.7464,0.0,2.0199,0.0,0.4283899999999999,0.0088699999999999,-3.3144,,25.639,25.168,3.2673,,50
2020-09-09 18:48:00,0.0,-2.7508,0.0,3.9939,0.00677,13.807,0.00296,2.2975,0.0,1.588,0.0,0.4283899999999999,0.00677,-3.1792,,25.683,25.243,3.26,,50
2020-09-09 18:49:00,0.0,-2.5704,0.0,3.9868,0.00386,13.808,0.00197,1.9375,0.0,1.2513,0.0,0.4283899999999999,0.00386,-2.9988,,25.708,25.298,3.2591,,50
2020-09-09 18:50:00,0.0,-2.638,0.0,3.9749,0.00348,13.807,0.0021099999999999,1.6516,0.0,0.9676,0.0,0.45094,0.00348,-3.089,,25.704,25.308,3.2576,,50
2020-09-09 18:51:00,0.0,-3.0213,0.0,3.9842,0.00395,13.808,0.00282,1.4166,0.0,0.73892,0.0,0.4283899999999999,0.00395,-3.4497,,25.687,25.259,3.2723,,50
2020-09-09 18:52:00,0.0,-2.7959,0.0,3.9894,0.0041099999999999,13.806,0.00338,1.2154,0.0,0.5335499999999999,0.0,0.5636799999999998,0.0041099999999999,-3.3595,,25.601,25.123,3.2521,,50
2020-09-09 18:53:00,0.0,-2.7508,0.0,3.9794,0.00267,13.808,0.00254,1.0566,0.0,0.38534,0.0,0.2931099999999999,0.00267,-3.0439,,25.456,24.979,3.2478,,50
2020-09-09 18:54:00,0.0,-2.5704,0.0,3.9759,0.0022399999999999,13.808,0.0023999999999999,0.92109,0.0,0.24984,0.0,0.45094,0.0022399999999999,-3.0213,,25.373,24.943,3.2511,,50
2020-09-09 18:55:00,0.0,-2.5929,0.0,3.9877,0.00136,13.808,0.00169,0.8046299999999998,0.0,0.14609,0.0,0.3832999999999999,0.00136,-2.9762,,25.362,24.933,3.2513,,50
2020-09-09 18:56:00,0.0,-2.8861,0.0,3.9828,0.00198,13.807,0.00282,0.7093399999999999,0.0,0.0381099999999999,0.0,0.51858,0.00198,-3.4046,,25.373,24.9,3.2325,,50
2020-09-09 18:57:00,0.0,-2.6831,0.0,3.9637,0.0018,13.808,0.00282,0.63312,0.0,0.0,0.0,0.3832999999999999,0.0018,-3.0664,,25.399,24.928,3.2383,,50
2020-09-09 18:58:00,0.0,-2.7508,0.0,3.9654,0.00111,13.808,0.00197,0.56112,0.0,0.0,0.0,0.2480199999999999,0.00111,-2.9988,,25.423,24.997,3.2362,,50
2020-09-09 18:59:00,0.0,-2.8184,0.0,3.9601,0.00148,13.808,0.00296,0.50184,0.0,0.0,0.0,0.3832999999999999,0.00148,-3.2017,,25.435,25.027,3.2358,,50
2020-09-09 19:00:00,0.0,-3.0439,0.0,3.9364,0.00151,13.808,0.00338,0.44678,0.0,-0.00423,0.0,0.51858,0.00151,-3.5624,,25.449,25.028,3.2355,,50
2020-09-09 19:01:00,0.0,-2.6606,0.0,3.9381,0.00096,13.808,0.0023999999999999,0.3980799999999999,0.0,0.0,0.0,0.4058499999999999,0.00096,-3.0664,,25.444,25.037,3.2496,,50
2020-09-09 19:02:00,0.0,-2.9762,0.0,3.9442,0.0010399999999999,13.808,0.00282,0.3684299999999999,0.0,0.00423,0.0,0.47349,0.0010399999999999,-3.4497,,25.402,24.963,3.2404,,50
2020-09-09 19:03:00,0.0,-2.9311,0.0,3.9146,0.00115,13.809,0.00338,0.3409099999999999,0.0,0.0021199999999999,0.0,0.45094,0.00115,-3.382,,25.281,24.834,3.2286,,50
2020-09-09 19:04:00,0.0,-2.7733,0.0,3.9064,0.0008899999999999,13.808,0.00282,0.31762,0.0,0.0,0.0,0.4283899999999999,0.0008899999999999,-3.2017,,25.176,24.746,3.2299,,50
2020-09-09 19:05:00,0.0,-2.7959,0.0,3.8987,0.0007399999999999,13.808,0.00254,0.2901,0.0,0.0021199999999999,0.0,0.47349,0.0007399999999999,-3.2694,,25.131,24.696,3.219,,50
2020-09-09 19:06:00,0.0,-3.0213,0.0,3.8916,0.00095,13.808,0.00338,0.2795099999999999,0.0,0.0063499999999999,0.0,0.4058499999999999,0.00095,-3.4271,,25.127,24.691,3.1966,,50
2020-09-09 19:07:00,0.0,-2.7959,0.0,3.9015,0.0008999999999999,13.808,0.0032399999999999,0.2795099999999999,0.0,-0.0021199999999999,0.0,0.45094,0.0008999999999999,-3.2468,,25.156,24.753,3.1801,,50
2020-09-09 19:08:00,0.0,-2.8635,0.0,3.9226,0.00088,13.808,0.00338,0.26045,0.0,0.0,0.0,0.5636799999999998,0.00088,-3.4271,,25.183,24.817,3.1655,,50
2020-09-09 19:09:00,0.0,-2.7057,0.0,3.9205,0.00071,13.808,0.00268,0.2667999999999999,0.0,-0.0021199999999999,0.0,0.4058499999999999,0.00071,-3.1115,,25.205,24.847,3.1709,,50
2020-09-09 19:10:00,0.0,-2.9762,0.0,3.9216,0.0006999999999999,13.809,0.00282,0.24986,0.0,0.0021199999999999,0.0,0.47349,0.0006999999999999,-3.4497,,25.222,24.885,3.1784,,50
2020-09-09 19:11:00,0.0,-2.7057,0.0,3.9145,0.00071,13.808,0.00296,0.23716,0.0,0.0,0.0,0.47349,0.00071,-3.1792,,25.236,24.912,3.1777,,50
2020-09-09 19:12:00,0.0,-2.841,0.0,3.896,0.0006899999999999,13.808,0.0030999999999999,0.22445,0.0,0.0,0.0,0.4283899999999999,0.0006899999999999,-3.2694,,25.239,24.931,3.1788,,50
2020-09-09 19:13:00,0.0,-2.8635,0.0,3.8843,0.00066,13.808,0.0030999999999999,0.2138599999999999,0.0,-0.0021199999999999,0.0,0.3832999999999999,0.00066,-3.2468,,25.222,24.883,3.1673,,50
2020-09-09 19:14:00,0.0,-2.8861,0.0,3.9061,0.00058,13.808,0.00282,0.2053899999999999,0.0,-0.00423,0.0,0.4058499999999999,0.00058,-3.2919,,25.12,24.766,3.183,,50
2020-09-09 19:15:00,0.0,-2.7508,0.0,3.8947,0.00051,13.809,0.0023999999999999,0.2138599999999999,0.0,0.0021199999999999,0.0,0.3382,0.00051,-3.089,,25.003,24.648,3.1622,,50
2020-09-09 19:16:00,0.0,-3.0213,0.0,3.8832,0.0006899999999999,13.808,0.00338,0.2032799999999999,0.0,0.0021199999999999,0.0,0.45095,0.0006899999999999,-3.4722,,24.936,24.611,3.1383,,50
2020-09-09 19:17:00,0.0,-2.7057,0.0,3.8815,0.0006899999999999,13.808,0.00338,0.2032799999999999,0.0,0.0,0.0,0.4960399999999999,0.0006899999999999,-3.2017,,24.952,24.587,3.1373,,50
2020-09-09 19:18:00,0.0,-2.8635,0.0,3.8721,0.0006899999999999,13.808,0.00338,0.2032799999999999,0.0,-0.0021199999999999,0.0,0.4960399999999999,0.0006899999999999,-3.3595,,24.976,24.612,3.1351,,50
2020-09-09 19:19:00,0.0,-3.0664,0.0,3.869,0.00064,13.809,0.00338,0.18845,0.0,-0.00423,0.0,0.47349,0.00064,-3.5399,,24.999,24.658,3.1212,,50
2020-09-09 19:20:00,0.0,-2.841,0.0,3.8582,0.0005999999999999,13.808,0.00338,0.17787,0.0,-0.00423,0.0,0.45094,0.0005999999999999,-3.2919,,25.026,24.709,3.1005,,50
2020-09-09 19:21:00,0.0,-2.7057,0.0,3.8556,0.0005,13.809,0.00282,0.1757499999999999,0.0,0.0,0.0,0.3382,0.0005,-3.0439,,25.06,24.753,3.0928,,50
2020-09-09 19:22:00,0.0,-2.7282,0.0,3.8621,0.00044,13.809,0.00254,0.1757499999999999,0.0,0.0,0.0,0.2705699999999999,0.00044,-2.9988,,25.08,24.783,3.0991,,50
2020-09-09 19:23:00,0.0,-2.8184,0.0,3.8553,0.00054,13.808,0.00338,0.15881,0.0,0.0,0.0,0.54113,0.00054,-3.3595,,25.076,24.785,3.0919,,50
2020-09-09 19:24:00,0.0,-3.0213,0.0,3.8423,0.0004899999999999,13.809,0.0032399999999999,0.15034,0.0,0.0,0.0,0.4058499999999999,0.0004899999999999,-3.4271,,25.024,24.715,3.0972,,50
2020-09-09 19:25:00,0.0,-2.7733,0.0,3.8471,0.0004099999999999,13.809,0.00268,0.15458,0.0,0.0,0.0,0.2480199999999999,0.0004099999999999,-3.0213,,24.923,24.595,3.0851,,50
2020-09-09 19:26:00,0.0,-2.7282,0.0,3.8493,0.0004699999999999,13.809,0.0030999999999999,0.15246,0.0,0.0,0.0,0.2931099999999999,0.0004699999999999,-3.0213,,24.846,24.518,3.0945,,50
2020-09-09 19:27:00,0.0,-2.841,0.0,3.8512,0.0005299999999999,13.808,0.00338,0.15669,0.0,-0.00847,0.0,0.51858,0.0005299999999999,-3.3595,,24.803,24.49,3.0938,,50
2020-09-09 19:28:00,0.0,-2.6831,0.0,3.8386,0.0005,13.808,0.0032399999999999,0.15458,0.0,0.0,0.0,0.47349,0.0005,-3.1566,,24.81,24.48,3.0974,,50
2020-09-09 19:29:00,0.0,-2.7959,0.0,3.8245,0.00054,13.81,0.00338,0.1609299999999999,0.0,-0.0021199999999999,0.0,0.2705699999999999,0.00054,-3.0664,,24.831,24.498,3.0896,,50
2020-09-09 19:30:00,0.0,-2.6831,0.0,3.8273,0.0002799999999999,13.811,0.00183,0.15246,0.0,0.0021199999999999,0.0,0.2931099999999999,0.0002799999999999,-2.9762,,24.862,24.551,3.1081,,50
2020-09-09 19:31:00,0.0,-2.7057,0.0,3.8218,0.00029,13.81,0.0021099999999999,0.13764,0.0,0.0,0.0,0.2705699999999999,0.00029,-2.9762,,24.883,24.602,3.1005,,50
2020-09-09 19:32:00,0.0,-3.0213,0.0,3.8264,0.0003899999999999,13.81,0.0030999999999999,0.12705,0.0,-0.0063499999999999,0.0,0.47349,0.0003899999999999,-3.4948,,24.898,24.638,3.0539,,50
2020-09-09 19:33:00,0.0,-2.7057,0.0,3.8261,0.00032,13.811,0.00254,0.12705,0.0,0.00423,0.0,0.36075,0.00032,-3.0664,,24.917,24.675,3.0574,,50
2020-09-09 19:34:00,0.0,-2.841,0.0,3.8313,0.0004,13.81,0.00338,0.11858,0.0,0.0021199999999999,0.0,0.4058499999999999,0.0004,-3.2468,,24.931,24.698,3.0496,,50
2020-09-09 19:35:00,0.0,-2.8635,0.0,3.8296,0.0003699999999999,13.81,0.0030999999999999,0.11858,0.0,-0.00423,0.0,0.3382,0.0003699999999999,-3.2017,,24.919,24.692,3.0372,,50
2020-09-09 19:36:00,0.0,-2.8184,0.0,3.8175,0.00032,13.81,0.00296,0.10799,0.0,0.0,0.0,0.4058499999999999,0.00032,-3.2243,,24.821,24.552,3.0023,,50
2020-09-09 19:37:00,0.0,-2.7057,0.0,3.7961,0.00027,13.811,0.0023999999999999,0.11223,0.0,0.0021199999999999,0.0,0.3832999999999999,0.00027,-3.089,,24.718,24.447,2.9733,,50
2020-09-09 19:38:00,0.0,-2.7959,0.0,3.7942,0.00034,13.81,0.0030999999999999,0.11011,0.0,-0.0021199999999999,0.0,0.36075,0.00034,-3.1566,,24.679,24.4,2.9577,,50
2020-09-09 19:39:00,0.0,-2.9086,0.0,3.7925,0.00032,13.81,0.0030999999999999,0.10376,0.0,0.0,0.0,0.4283899999999999,0.00032,-3.3369,,24.691,24.414,2.9784,,50
2020-09-09 19:40:00,0.0,-2.9762,0.0,3.812,0.00032,13.811,0.0030999999999999,0.10376,0.0,0.00423,0.0,0.3382,0.00032,-3.3144,,24.732,24.45,2.983,,50
2020-09-09 19:41:00,0.0,-2.7959,0.0,3.8363,0.00033,13.807,0.0030999999999999,0.10587,0.0,0.0,0.0,0.4058499999999999,0.00033,-3.2017,,24.756,24.484,2.9843,,50
2020-09-09 19:42:00,0.0,-2.8861,0.0,3.8278,0.00034,13.811,0.0032399999999999,0.10376,0.0,-0.00423,0.0,0.3832999999999999,0.00034,-3.2694,,24.773,24.513,2.9685,,50
2020-09-09 19:43:00,0.0,-2.7282,0.0,3.807,0.0002599999999999,13.81,0.0023999999999999,0.10587,0.0,0.0,0.0,0.2480199999999999,0.0002599999999999,-2.9762,,24.776,24.538,2.9702,,50
2020-09-09 19:44:00,0.0,-2.7508,0.0,3.8201,0.00024,13.812,0.0023999999999999,0.1016399999999999,0.0,0.0021199999999999,0.0,0.4058499999999999,0.00024,-3.1566,,24.796,24.582,2.9748,,50
2020-09-09 19:45:00,0.0,-2.7508,0.0,3.8365,0.0002599999999999,13.811,0.00254,0.10376,0.0,-0.0021199999999999,0.0,0.3832999999999999,0.0002599999999999,-3.1341,,24.809,24.611,2.9712,,50
2020-09-09 19:46:00,0.0,-2.7733,0.0,3.8243,0.00034,13.811,0.0032399999999999,0.10376,0.0,-0.0021199999999999,0.0,0.45094,0.00034,-3.2243,,24.791,24.567,2.9734,,50
2020-09-09 19:47:00,0.0,-2.8861,0.0,3.8206,0.00029,13.811,0.00282,0.1016399999999999,0.0,0.0,0.0,0.4283899999999999,0.00029,-3.3144,,24.692,24.426,2.9665,,50
2020-09-09 19:48:00,0.0,-3.089,0.0,3.7987,0.00034,13.81,0.00338,0.1016399999999999,0.0,-0.00423,0.0,0.4960399999999999,0.00034,-3.585,,24.601,24.305,2.9535,,50
2020-09-09 19:49:00,0.0,-3.0439,0.0,3.7764,0.0002999999999999,13.811,0.00338,0.0889299999999999,0.0,0.0126999999999999,0.0,0.36075,0.0002999999999999,-3.4046,,24.571,24.262,2.9232,,50
2020-09-09 19:50:00,0.0,-3.1341,0.0,3.7747,0.0002599999999999,13.811,0.00338,0.07623,0.0,0.0,0.0,0.4283899999999999,0.0002599999999999,-3.5624,,24.588,24.267,2.8835,,50
2020-09-09 19:51:00,0.0,-2.7508,0.0,3.7558,0.00022,13.81,0.00282,0.07835,0.0,-0.0021199999999999,0.0,0.3382,0.00022,-3.089,,24.61,24.296,2.8717,,50
2020-09-09 19:52:00,0.0,-2.6831,0.0,3.7463,0.00019,13.811,0.0023999999999999,0.07835,0.0,0.0,0.0,0.31566,0.00019,-2.9988,,24.636,24.347,2.864,,50
2020-09-09 19:53:00,0.0,-2.6155,0.0,3.7443,0.0001399999999999,13.81,0.00183,0.0741099999999999,0.0,0.0021199999999999,0.0,0.36075,0.0001399999999999,-2.9762,,24.665,24.403,2.8704,,50
2020-09-09 19:54:00,0.0,-2.7282,0.0,3.7566,0.00016,13.811,0.00197,0.07835,0.0,0.00423,0.0,0.31566,0.00016,-3.0439,,24.682,24.425,2.8929,,50
2020-09-09 19:55:00,0.0,-2.9537,0.0,3.7822,0.00024,13.81,0.0030999999999999,0.07623,0.0,-0.0021199999999999,0.0,0.4283899999999999,0.00024,-3.382,,24.692,24.445,2.8874,,50
2020-09-09 19:56:00,0.0,-2.6155,0.0,3.7752,0.00017,13.81,0.0022499999999999,0.07623,0.0,0.0063499999999999,0.0,0.36075,0.00017,-2.9762,,24.703,24.482,2.8759,,50
2020-09-09 19:57:00,0.0,-2.8184,0.0,3.7815,0.00024,13.81,0.0030999999999999,0.07835,0.0,0.00423,0.0,0.36075,0.00024,-3.1792,,24.698,24.494,2.8984,,50
2020-09-09 19:58:00,0.0,-2.8635,0.0,3.7813,0.00019,13.811,0.00254,0.07623,0.0,-0.0021199999999999,0.0,0.3382,0.00019,-3.2017,,24.643,24.43,2.8903,,50
2020-09-09 19:59:00,0.0,-2.7508,0.0,3.8025,0.00018,13.81,0.0023999999999999,0.07623,0.0,-0.0021199999999999,0.0,0.3832999999999999,0.00018,-3.1341,,24.55,24.329,2.8795,,50
2020-09-09 20:00:00,0.0,-2.8184,0.0,3.8307,0.00018,13.811,0.00254,0.0698799999999999,0.0,0.0,0.0,0.3832999999999999,0.00018,-3.2017,,24.505,24.271,2.8791,,50
2020-09-09 20:01:00,0.0,-2.9311,0.0,3.8574,0.00021,13.811,0.00338,0.0614099999999999,0.0,0.00423,0.0,0.3832999999999999,0.00021,-3.3144,,24.514,24.271,2.8882,,50
2020-09-09 20:02:00,0.0,-2.7282,0.0,3.8611,0.00016,13.811,0.00254,0.06564,0.0,0.0021199999999999,0.0,0.33821,0.00016,-3.0664,,24.535,24.305,2.8664,,50
2020-09-09 20:03:00,0.0,-3.0213,0.0,3.8674,0.00018,13.811,0.00296,0.0614099999999999,0.0,0.0,0.0,0.31566,0.00018,-3.3369,,24.56,24.339,2.8726,,50
2020-09-09 20:04:00,0.0,-3.0664,0.0,3.8472,0.0001499999999999,13.811,0.00282,0.05294,0.0,-0.0021199999999999,0.0,0.4058499999999999,0.0001499999999999,-3.4722,,24.576,24.349,2.8712,,50
2020-09-09 20:05:00,0.0,-3.0213,0.0,3.8485,0.00018,13.811,0.00338,0.05294,0.0,-0.00847,0.0,0.45094,0.00018,-3.4722,,24.596,24.378,2.8756,,50
2020-09-09 20:06:00,0.0,-2.841,0.0,3.8339,0.00016,13.811,0.0030999999999999,0.0508199999999999,0.0,0.0,0.0,0.3382,0.00016,-3.1792,,24.613,24.415,2.8694,,50
2020-09-09 20:07:00,0.0,-2.9311,0.0,3.8338,0.00016,13.81,0.0032399999999999,0.0508199999999999,0.0,-0.00423,0.0,0.3832999999999999,0.00016,-3.3144,,24.628,24.431,2.8757,,50
2020-09-09 20:08:00,0.0,-2.8635,0.0,3.833,0.0001399999999999,13.811,0.00296,0.04658,0.0,0.0021199999999999,0.0,0.45094,0.0001399999999999,-3.3144,,24.621,24.411,2.8792,,50
2020-09-09 20:09:00,0.0,-2.7733,0.0,3.8419,0.00011,13.811,0.0021099999999999,0.0508199999999999,0.0,0.0,0.0,0.3382,0.00011,-3.1115,,24.556,24.317,2.8661,,50
2020-09-09 20:10:00,0.0,-2.9086,0.0,3.8418,0.0001399999999999,13.81,0.00268,0.0508199999999999,0.0,0.0,0.0,0.3832999999999999,0.0001399999999999,-3.2919,,24.462,24.203,2.8766,,50
2020-09-09 20:11:00,0.0,-2.841,0.0,3.8364,0.0001299999999999,13.811,0.00282,0.04658,0.0,0.00423,0.0,0.3832999999999999,0.0001299999999999,-3.2243,,24.412,24.153,2.8714,,50
2020-09-09 20:12:00,0.0,-2.841,0.0,3.8439,0.0001299999999999,13.811,0.00268,0.04658,0.0,0.0021199999999999,0.0,0.4058499999999999,0.0001299999999999,-3.2468,,24.403,24.14,2.828,,50
2020-09-09 20:13:00,0.0,-2.9988,0.0,3.8176,0.0001499999999999,13.81,0.00296,0.0508199999999999,0.0,-0.0063499999999999,0.0,0.3832999999999999,0.0001499999999999,-3.382,,24.413,24.159,2.7917,,50
2020-09-09 20:14:00,0.0,-2.9086,0.0,3.7994,0.0001499999999999,13.811,0.00268,0.0571699999999999,0.0,0.0,0.0,0.36075,0.0001499999999999,-3.2694,,24.432,24.184,2.75,,50
2020-09-09 20:15:00,0.0,-2.9311,0.0,3.8266,0.00016,13.811,0.00282,0.05505,0.0,-0.0021199999999999,0.0,0.4058499999999999,0.00016,-3.3369,,24.447,24.219,2.7151,,50
2020-09-09 20:16:00,0.0,-2.7959,0.0,3.8468,0.0001399999999999,13.811,0.00282,0.0508199999999999,0.0,0.0021199999999999,0.0,0.3832999999999999,0.0001399999999999,-3.1792,,24.477,24.27,2.7109,,50
2020-09-09 20:17:00,0.0,-2.9537,0.0,3.8369,0.0001399999999999,13.81,0.00268,0.0508199999999999,0.0,-0.0021199999999999,0.0,0.4058499999999999,0.0001399999999999,-3.3595,,24.505,24.304,2.6781,,50
2020-09-09 20:18:00,0.0,-2.8861,0.0,3.8229,0.0001499999999999,13.811,0.00296,0.0508199999999999,0.0,-0.0021199999999999,0.0,0.3832999999999999,0.0001499999999999,-3.2694,,24.526,24.336,2.6638,,50
2020-09-09 20:19:00,0.0,-2.9537,0.0,3.8305,0.0001499999999999,13.811,0.00296,0.0508199999999999,0.0,-0.0063499999999999,0.0,0.3832999999999999,0.0001499999999999,-3.337,,24.529,24.353,2.6364,,50
2020-09-09 20:20:00,0.0,-2.9311,0.0,3.8187,0.00012,13.811,0.00296,0.04023,0.0,0.0021199999999999,0.0,0.31566,0.00012,-3.2468,,24.488,24.29,2.5993,,50
2020-09-09 20:21:00,0.0,-2.8184,0.0,3.7978,7e-05,13.811,0.00268,0.0254099999999999,0.0,0.0,0.0,0.3832999999999999,7e-05,-3.2017,,24.413,24.199,2.5698,,50
2020-09-09 20:22:00,0.0,-2.8635,0.0,3.7778,4e-05,13.811,0.00296,0.0126999999999999,0.0,0.0063499999999999,0.0,0.4058499999999999,4e-05,-3.2694,,24.352,24.137,2.5336,,50
2020-09-09 20:23:00,0.0,-2.8184,0.0,3.7636,0.0,13.811,0.00268,0.00423,0.0,0.0,0.0,0.4058499999999999,0.0,-3.2243,,24.347,24.111,2.518,,50
2020-09-09 20:24:00,0.0,-2.841,0.0,3.7453,0.0,13.811,0.00254,0.00423,0.0,-0.0021199999999999,0.0,0.3832999999999999,0.0,-3.2243,,24.371,24.132,2.4664,,50
2020-09-09 20:25:00,0.0,-2.8635,0.0,3.7325,0.0,13.811,0.0030999999999999,-0.0021199999999999,0.0,0.0021199999999999,0.0,0.4058499999999999,0.0,-3.2694,,24.405,24.166,2.479,,50
2020-09-09 20:26:00,0.0,-2.9988,0.0,3.7418,0.0,13.811,0.0030999999999999,-0.0021199999999999,0.0,0.0,0.0,0.3832999999999999,0.0,-3.382,,24.431,24.197,2.4726,1677.7,50
2020-09-09 20:27:00,0.0,-2.7959,0.0,3.7482,0.0,13.81,0.00268,-0.0021199999999999,0.0,0.0,0.0,0.3832999999999999,0.0,-3.1792,,24.453,24.236,2.4767,,50
2020-09-09 20:28:00,0.0,-2.9311,0.0,3.7535,0.0,13.811,0.0030999999999999,0.0021199999999999,0.0,0.0,0.0,0.3382,0.0,-3.2694,,24.459,24.258,2.4791,,50
2020-09-09 20:29:00,0.0,-3.0213,0.0,3.7521,0.0,13.81,0.00296,0.0,0.0,0.0,0.0,0.36075,0.0,-3.382,,24.444,24.244,2.4884,,50
2020-09-09 20:30:00,0.0,-2.9086,0.0,3.7481,0.0,13.811,0.00254,-0.0021199999999999,0.0,0.0021199999999999,0.0,0.3382,0.0,-3.2468,,24.382,24.159,2.4953,,50
2020-09-09 20:31:00,0.0,-2.8861,0.0,3.7712,0.0,13.81,0.00282,0.0,0.0,0.0,0.0,0.4058499999999999,0.0,-3.2919,,24.285,24.044,2.525,,50
2020-09-09 20:32:00,0.0,-2.8861,0.0,3.8003,0.0,13.81,0.00268,0.0,0.0,0.0,0.0,0.36075,0.0,-3.2468,,24.224,23.978,2.565,,50
2020-09-09 20:33:00,0.0,-2.8635,0.0,3.8121,0.0,13.811,0.00268,0.0021199999999999,0.0,0.0021199999999999,0.0,0.2931099999999999,0.0,-3.1566,,24.211,23.941,2.5659,,50
2020-09-09 20:34:00,0.0,-2.841,0.0,3.8027,0.0,13.81,0.00282,-0.0021199999999999,0.0,0.00423,0.0,0.4283899999999999,0.0,-3.2694,,24.226,23.955,2.5581,,50
2020-09-09 20:35:00,0.0,-2.841,0.0,3.7979,-1e-05,13.811,0.00268,-0.0021199999999999,0.0,0.0021199999999999,0.0,0.36075,-1e-05,-3.2017,,24.25,23.997,2.5763,,50
2020-09-09 20:36:00,0.0,-2.9537,0.0,3.7867,0.0,13.81,0.0023999999999999,0.0,0.0,0.0021199999999999,0.0,0.36075,0.0,-3.3144,,24.279,24.045,2.5773,1404.7,50
2020-09-09 20:37:00,0.0,-2.886,0.0,3.7837,0.0,13.81,0.00254,-0.0021199999999999,0.0,0.0021199999999999,0.0,0.3832999999999999,0.0,-3.2694,,24.304,24.094,2.6009,1636.8,50
2020-09-09 20:38:00,0.0,-2.8635,0.0,3.7778,0.0,13.81,0.00254,0.0,0.0,-0.0021199999999999,0.0,0.4058499999999999,0.0,-3.2694,,24.324,24.131,2.6038,1674.3,50
2020-09-09 20:39:00,0.0,-2.9311,0.0,3.7659,0.0,13.81,0.00282,-0.0021199999999999,0.0,0.0021199999999999,0.0,0.31566,0.0,-3.2468,,24.348,24.166,2.5931,,50
2020-09-09 20:40:00,0.0,-2.9537,0.0,3.7549,0.0,13.81,0.00296,0.0,0.0,-0.0042399999999999,0.0,0.36075,0.0,-3.3144,,24.352,24.183,2.5524,,50
2020-09-09 20:41:00,0.0,-2.9762,0.0,3.7592,-1e-05,13.809,0.00268,-0.00423,0.0,0.00847,0.0,0.3382,-1e-05,-3.3144,,24.337,24.162,2.5346,1357.6,50
2020-09-09 20:42:00,0.0,-2.8635,0.0,3.7531,0.0,13.81,0.00268,0.0,0.0,0.0021199999999999,0.0,0.36075,0.0,-3.2243,,24.275,24.085,2.5349,,50
2020-09-09 20:43:00,0.0,-2.7733,0.0,3.7474,0.0,13.811,0.00268,0.0,0.0,-0.0063499999999999,0.0,0.4283899999999999,0.0,-3.2017,,24.194,23.989,2.514,,50
2020-09-09 20:44:00,0.0,-2.7959,0.0,3.7196,0.0,13.811,0.0021099999999999,-0.0021199999999999,0.0,0.0021199999999999,0.0,0.4058499999999999,0.0,-3.2017,,24.154,23.934,2.5159,1543.9,50
2020-09-09 20:45:00,0.0,-2.7959,0.0,3.711,0.0,13.811,0.00282,0.0,0.0,0.00423,0.0,0.4283899999999999,0.0,-3.2243,,24.149,23.933,2.5,1254.2,50
2020-09-09 20:46:00,0.0,-2.7733,0.0,3.7069,0.0,13.812,0.00282,-0.0021199999999999,0.0,0.0063499999999999,0.0,0.45094,0.0,-3.2243,,24.171,23.967,2.4845,1011.4,50
2020-09-09 20:47:00,0.0,-2.8861,0.0,3.6982,-1e-05,13.811,0.00268,-0.0021199999999999,0.0,-0.0021199999999999,0.0,0.4058499999999999,-1e-05,-3.2919,,24.201,24.015,2.4848,1156.5,50
2020-09-09 20:48:00,0.0,-2.7959,0.0,3.692,0.0,13.812,0.0023999999999999,-0.00423,0.0,0.0021199999999999,0.0,0.36075,0.0,-3.1566,,24.235,24.062,2.5112,1260.9,50
2020-09-09 20:49:00,0.0,-2.8861,0.0,3.6905,0.0,13.812,0.00254,0.0021199999999999,0.0,0.0021199999999999,0.0,0.3382,0.0,-3.2243,,24.271,24.103,2.5096,1459.6,50
2020-09-09 20:50:00,0.0,-2.9762,0.0,3.6953,0.0,13.812,0.00338,-0.0021199999999999,0.0,0.0063499999999999,0.0,0.47349,0.0,-3.4497,,24.31,24.152,2.5381,1472.0,50
2020-09-09 20:51:00,0.0,-2.6831,0.0,3.7297,0.0,13.81,0.00183,-0.00423,0.0,0.01482,0.0,0.4058499999999999,0.0,-3.089,,24.306,24.137,2.5923,1325.5,50
2020-09-09 20:52:00,0.0,-2.7282,0.0,3.7569,-1e-05,13.813,0.00183,-0.00847,0.0,0.00423,0.0,0.36075,-1e-05,-3.089,,24.236,24.022,2.6208,1279.4,50
2020-09-09 20:53:00,0.0,-2.7508,0.0,3.7629,0.0,13.812,0.00338,0.0,0.0,-0.00847,0.0,0.5636799999999998,0.0,-3.3144,,24.149,23.922,2.631,1328.5,50
2020-09-09 20:54:00,0.0,-2.638,0.0,3.7591,0.0,13.813,0.0022499999999999,0.0021199999999999,0.0,-0.00423,0.0,0.31566,0.0,-2.9537,,24.094,23.869,2.6555,1474.0,50
2020-09-09 20:55:00,0.0,-2.7733,0.0,3.7939,-2e-05,13.812,0.0023999999999999,-0.0063499999999999,0.0,0.00847,0.0,0.4058499999999999,-2e-05,-3.1792,,24.098,23.856,2.7033,1244.1,50
2020-09-09 20:56:00,0.0,-2.8184,0.0,3.8468,0.0,13.812,0.00282,0.0,0.0,-0.00423,0.0,0.3382,0.0,-3.1566,,24.115,23.889,2.7319,,50
2020-09-09 20:57:00,0.0,-2.9086,0.0,3.8936,0.0,13.812,0.0023999999999999,0.0,0.0,0.0,0.0,0.3832999999999999,0.0,-3.2919,,24.143,23.927,2.7715,,50
2020-09-09 20:58:00,0.0,-2.9762,0.0,3.9405,0.0,13.812,0.0032399999999999,0.0,0.0,0.0,0.0,0.51858,0.0,-3.4948,,24.168,23.974,2.8266,1606.9,50
2020-09-09 20:59:00,0.0,-2.7282,0.0,3.9388,0.0,13.811,0.00268,0.0021199999999999,0.0,-0.0021199999999999,0.0,0.36075,0.0,-3.089,,24.183,24.002,2.8506,1505.5,50
2020-09-09 21:00:00,0.0,-2.8184,0.0,3.9565,0.0,13.812,0.00338,0.0021199999999999,0.0,-0.00847,0.0,0.54113,0.0,-3.3595,,24.183,24.014,2.8538,1573.2,50
2020-09-09 21:01:00,0.0,-2.8184,0.0,3.9842,0.0,13.812,0.0022499999999999,-0.00423,0.0,0.0126999999999999,0.0,0.36075,0.0,-3.1792,,24.183,24.033,2.883,1343.3,50
2020-09-09 21:02:00,0.0,-2.8635,0.0,4.0284,0.0,13.812,0.0030999999999999,0.0,0.0,-0.00423,0.0,0.31566,0.0,-3.1792,,24.178,24.036,2.9045,,50
2020-09-09 21:03:00,0.0,-2.8861,0.0,4.061,0.0,13.812,0.00282,0.0,0.0,0.0,0.0,0.3832999999999999,0.0,-3.2694,,24.144,23.971,2.9322,1567.7,50
2020-09-09 21:04:00,0.0,-2.7959,0.0,4.0647,0.0,13.812,0.0022499999999999,-0.0021199999999999,0.0,0.0021199999999999,0.0,0.3382,0.0,-3.1341,,24.034,23.788,2.9315,1551.3,50
2020-09-09 21:05:00,0.0,-2.9537,0.0,4.0531,-1e-05,13.812,0.0021099999999999,-0.00847,0.0,-0.0021199999999999,0.0,0.2931099999999999,-1e-05,-3.2468,,23.924,23.637,2.9351,1525.2,50
2020-09-09 21:06:00,0.0,-2.8635,0.0,4.0305,0.0,13.812,0.00282,-0.0021199999999999,0.0,-0.0021199999999999,0.0,0.4058499999999999,0.0,-3.2694,,23.889,23.581,2.9324,,50
2020-09-09 21:07:00,0.0,-2.8635,0.0,3.9978,0.0,13.812,0.00268,-0.0021199999999999,0.0,-0.0021199999999999,0.0,0.3832999999999999,0.0,-3.2468,,23.9,23.607,2.904,,50
2020-09-09 21:08:00,0.0,-3.0439,0.0,3.9912,0.0,13.812,0.00338,0.0,0.0,-0.0063499999999999,0.0,0.4960399999999999,0.0,-3.5399,,23.929,23.669,2.8768,1512.7,50
2020-09-09 21:09:00,0.0,-2.7282,0.0,3.9784,0.0,13.813,0.0023999999999999,-0.0021199999999999,0.0,-0.0021199999999999,0.0,0.3832999999999999,0.0,-3.1115,,23.969,23.739,2.8371,377.94,50
2020-09-09 21:10:00,0.0,-2.886,0.0,3.9736,0.0,13.812,0.00268,-0.0021199999999999,0.0,0.00423,0.0,0.4058499999999999,0.0,-3.2919,,23.994,23.795,2.8049,297.14,50
2020-09-09 21:11:00,0.0,-2.8184,0.0,3.9746,0.0,13.812,0.0030999999999999,-0.0021199999999999,0.0,0.00423,0.0,0.4283899999999999,0.0,-3.2468,,24.023,23.848,2.7828,313.96,50
2020-09-09 21:12:00,0.0,-2.7508,0.0,3.9648,0.0,13.812,0.0032399999999999,-0.0021199999999999,0.0,0.0021199999999999,0.0,0.4058499999999999,0.0,-3.1566,,24.05,23.891,2.7546,740.11,50
2020-09-09 21:13:00,0.0,-3.0213,0.0,3.976,0.0,13.812,0.0032399999999999,-0.0021199999999999,0.0,-0.00423,0.0,0.3382,0.0,-3.3595,,24.066,23.924,2.7331,419.79,50
2020-09-09 21:14:00,0.0,-2.8861,0.0,3.9861,0.0,13.812,0.00338,0.0,0.0,-0.0063499999999999,0.0,0.51858,0.0,-3.4046,,24.08,23.951,2.7096,1121.2,50
2020-09-09 21:15:00,0.0,-2.8861,0.0,3.9837,0.0,13.812,0.00282,0.0,0.0,0.00847,0.0,0.3382,0.0,-3.2243,,24.067,23.948,2.6779,,50
2020-09-09 21:16:00,0.0,-2.5929,0.0,3.9801,0.0,13.813,0.00197,0.0021199999999999,0.0,0.00423,0.0,0.3832999999999999,0.0,-2.9762,,24.032,23.883,2.6401,1071.1,50
2020-09-09 21:17:00,0.0,-2.7282,0.0,3.9682,0.0,13.813,0.00282,0.00423,0.0,-0.0063499999999999,0.0,0.4283899999999999,0.0,-3.1566,,23.958,23.788,2.6073,646.18,50
2020-09-09 21:18:00,0.0,-2.9086,0.0,3.9379,0.0,13.813,0.00296,0.0,0.0,0.0,0.0,0.2931099999999999,0.0,-3.2017,,23.895,23.723,2.5762,726.1799999999998,50
2020-09-09 21:19:00,0.0,-2.6606,0.0,3.9168,-1e-05,13.813,0.00254,-0.00847,0.0,-0.00423,0.0,0.36075,-1e-05,-3.0213,,23.898,23.71,2.5816,192.25,50
2020-09-09 21:20:00,0.0,-2.9311,0.0,3.913,0.0,13.813,0.0032399999999999,0.0,0.0,-0.0021199999999999,0.0,0.4960399999999999,0.0,-3.4271,,23.927,23.728,2.5928,-87.102,50
2020-09-09 21:21:00,0.0,-2.8184,0.0,3.9018,0.0,13.812,0.00296,0.0,0.0,-0.00847,0.0,0.2705699999999999,0.0,-3.089,,23.956,23.771,2.6182,243.66,50
2020-09-09 21:22:00,0.0,-2.7733,0.0,3.9037,0.0,13.813,0.00282,-0.0021199999999999,0.0,-0.00423,0.0,0.4283899999999999,0.0,-3.2017,,23.976,23.811,2.6384,298.7,50
2020-09-09 21:23:00,0.0,-2.8184,0.0,3.9005,0.0,13.812,0.0030999999999999,-0.0021199999999999,0.0,0.0063499999999999,0.0,0.4960399999999999,0.0,-3.3144,,23.968,23.82,2.6301,385.45,50
2020-09-09 21:24:00,0.0,-2.7959,0.0,3.913,-1e-05,13.813,0.00282,-0.0021199999999999,0.0,-0.0021199999999999,0.0,0.4058499999999999,-1e-05,-3.2017,,23.97,23.839,2.634,883.9299999999998,50
2020-09-09 21:25:00,0.0,-2.8861,0.0,3.9087,0.0,13.814,0.0023999999999999,-0.0021199999999999,0.0,-0.00423,0.0,0.31566,0.0,-3.2017,,23.987,23.87,2.6405,782.75,50
2020-09-09 21:26:00,0.0,-2.9086,0.0,3.8986,0.0,13.813,0.00282,0.0,0.0,-0.0021199999999999,0.0,0.4058499999999999,0.0,-3.3144,,24.004,23.893,2.6507,747.9299999999998,50
2020-09-09 21:27:00,0.0,-2.8861,0.0,3.897,-1e-05,13.813,0.00254,-0.0021199999999999,0.0,0.0,0.0,0.36075,-1e-05,-3.2468,,24.031,23.926,2.6561,998.54,50
2020-09-09 21:28:00,0.0,-2.9086,0.0,3.9084,0.0,13.813,0.00282,0.0,0.0,-0.0021199999999999,0.0,0.3832999999999999,0.0,-3.2919,,24.055,23.949,2.6524,399.72,50
2020-09-09 21:29:00,0.0,-2.8184,0.0,3.8947,-2e-05,13.813,0.00268,-0.0063499999999999,0.0,-0.0063499999999999,0.0,0.36075,-2e-05,-3.1792,,24.045,23.906,2.6682,650.01,50
2020-09-09 21:30:00,0.0,-2.9086,0.0,3.8879,0.0,13.813,0.00254,0.0,0.0,-0.00423,0.0,0.36075,0.0,-3.2694,,23.995,23.789,2.6685,206.24,50
2020-09-09 21:31:00,0.0,-2.9086,0.0,3.8837,0.0,13.814,0.00296,-0.0021199999999999,-0.0001399999999999,0.0,0.0,0.4058499999999999,0.0,-3.3144,,23.917,23.703,2.6765,-127.77,50
2020-09-09 21:32:00,0.0,-2.9988,0.0,3.88,0.0,13.814,0.00296,0.0,0.0,0.0,0.0,0.31566,0.0,-3.3144,,23.882,23.658,2.683,-15.214,50
2020-09-09 21:33:00,0.0,-2.9762,0.0,3.877,0.0,13.814,0.00296,0.0021199999999999,0.0,-0.0021199999999999,0.0,0.45094,0.0,-3.4271,,23.869,23.641,2.6858,116.36,50
2020-09-09 21:34:00,0.0,-2.8184,0.0,3.8769,0.0,13.814,0.00268,0.0,0.0,-0.0021199999999999,0.0,0.2480199999999999,0.0,-3.0665,,23.888,23.666,2.6984,732.75,50
2020-09-09 21:35:00,0.0,-2.8635,0.0,3.8723,0.0,13.813,0.00254,0.0,0.0,0.0,0.0,0.36075,0.0,-3.2243,,23.918,23.705,2.7208,799.13,50
2020-09-09 21:36:00,0.0,-3.1341,0.0,3.8672,0.0,13.814,0.0030999999999999,0.0,0.0,0.0,0.0,0.4058499999999999,0.0,-3.5399,,23.94,23.75,2.735,219.64,50
2020-09-09 21:37:00,0.0,-2.9988,0.0,3.851,0.0,13.814,0.00296,0.0,0.0,-0.00847,0.0,0.3832999999999999,0.0,-3.3821,,23.95,23.784,2.7403,296.37,50
2020-09-09 21:38:00,0.0,-2.9762,0.0,3.8503,0.0,13.812,0.0021099999999999,-0.00423,0.0,0.0063499999999999,0.0,0.31566,0.0,-3.2919,,23.976,23.836,2.7699,102.09,50
2020-09-09 21:39:00,0.0,-3.0214,0.0,3.8514,0.0,13.814,0.00254,0.0,0.0,-0.0021199999999999,0.0,0.31566,0.0,-3.337,,23.996,23.875,2.7815,-78.138,50
2020-09-09 21:40:00,0.0,-2.8861,0.0,3.8515,0.0,13.813,0.00296,0.0,0.0,-0.0063499999999999,0.0,0.22548,0.0,-3.1115,,24.013,23.892,2.7911,326.87,50
2020-09-09 21:41:00,0.0,-2.6831,0.0,3.864,0.0,13.813,0.00169,0.0,0.0,0.0,0.0,0.3382,0.0,-3.0214,,24.019,23.896,2.8077,801.71,50
2020-09-09 21:42:00,0.0,-2.7057,0.0,3.9022,0.0,13.813,0.00169,-0.00423,0.0,0.00847,0.0,0.31566,0.0,-3.0214,,24.021,23.9,2.8333,1155.8,50
2020-09-09 21:43:00,0.0,-3.0213,0.0,3.9135,0.0,13.814,0.0021099999999999,-0.0021199999999999,0.0,0.0021199999999999,0.0,0.31567,0.0,-3.3369,,24.003,23.837,2.8654,1394.7,50
2020-09-09 21:44:00,0.0,-2.8635,0.0,3.9027,0.0,13.814,0.00282,0.0021199999999999,0.0,-0.00423,0.0,0.33821,0.0,-3.2017,,23.923,23.704,2.8851,1170.3,50
2020-09-09 21:45:00,0.0,-3.0214,0.0,3.916,0.0,13.815,0.00338,0.0,0.0,-0.00423,0.0,0.4734999999999999,0.0,-3.4948,,23.851,23.609,2.8985,1264.6,50
2020-09-09 21:46:00,0.0,-2.8861,0.0,3.9252,0.0,13.814,0.00268,-0.0021199999999999,0.0,-0.0063499999999999,0.0,0.4058499999999999,0.0,-3.2919,,23.849,23.606,2.9149,1435.8,50
2020-09-09 21:47:00,0.0,-2.7959,0.0,3.9183,0.0,13.815,0.00268,0.0,0.0,-0.0042399999999999,0.0,0.3833099999999999,0.0,-3.1792,,23.869,23.648,2.9129,1187.3,50
2020-09-09 21:48:00,0.0,-2.8861,0.0,3.9065,0.0,13.815,0.0023999999999999,-0.00423,0.0,0.01271,0.0,0.36075,0.0,-3.2469,,23.889,23.696,2.9219,1041.9,50
2020-09-09 21:49:00,0.0,-2.841,0.0,3.9066,0.0,13.815,0.00296,0.0,0.0,-0.0042399999999999,0.0,0.45094,0.0,-3.2919,,23.914,23.743,2.9313,703.74,50
2020-09-09 21:50:00,0.0,-2.5253,0.0,3.9063,0.0,13.815,0.0021099999999999,-0.0042399999999999,0.0,0.00423,0.0,0.45095,0.0,-2.9763,,23.94,23.791,2.9232,-34.989,50
2020-09-09 21:51:00,0.0,-2.593,0.0,3.9042,-1e-05,13.815,0.00183,-0.0063499999999999,0.0,0.0063499999999999,0.0,0.4284,-1e-05,-3.0214,,23.961,23.83,2.8955,-183.14,50
2020-09-09 21:52:00,0.0,-3.0214,0.0,3.9094,-1e-05,13.816,0.0023999999999999,-0.0063499999999999,0.0,0.01271,0.0,0.3833099999999999,-1e-05,-3.4047,,23.976,23.861,2.8525,-274.66,50
2020-09-09 21:53:00,0.0,-3.0439,0.0,3.9045,0.0,13.815,0.00296,0.0,0.0,0.0042399999999999,0.0,0.31567,0.0,-3.3595,,24.004,23.894,2.8148,18.711,50
2020-09-09 21:54:00,0.0,-3.1567,0.0,3.8987,0.0,13.816,0.00338,-0.0021199999999999,0.0,0.0063499999999999,0.0,0.40586,0.0,-3.5625,,24.031,23.93,2.7731,-61.379,50
2020-09-09 21:55:00,0.0,-2.6607,0.0,3.8791,0.0,13.816,0.00254,0.0021199999999999,0.0,0.0021199999999999,0.0,0.40587,0.0,-3.0666,,24.053,23.966,2.7241,143.24,50
2020-09-09 21:56:00,0.0,-2.9763,0.0,3.8795,0.0,13.817,0.00268,0.0,0.0,-0.0063499999999999,0.0,0.40586,0.0,-3.3822,,24.077,24.001,2.6995,-259.79,50
2020-09-09 21:57:00,0.0,-2.8635,0.0,3.8587,0.0,13.817,0.00296,0.0,0.0,0.0021199999999999,0.0,0.3607699999999999,0.0,-3.2243,,24.073,23.984,2.6652,65.437,50
2020-09-09 21:58:00,0.0,-3.0665,0.0,3.848,0.0,13.816,0.00254,-0.0021199999999999,0.0,0.0042399999999999,0.0,0.31568,0.0,-3.3822,,24.023,23.901,2.6251,628.12,50
2020-09-09 21:59:00,0.0,-2.9087,0.0,3.8401,0.0,13.817,0.00296,-0.0021199999999999,0.0,-0.0063499999999999,0.0,0.45096,0.0,-3.3597,,23.981,23.832,2.6009,1074.9,50
2020-09-09 22:00:00,0.0,-2.8186,0.0,3.8238,0.0,13.817,0.0023999999999999,0.0,0.0,-0.0042399999999999,0.0,0.3607699999999999,0.0,-3.1794,,23.966,23.809,2.5949,1081.1,50
2020-09-09 22:01:00,0.0,-2.8411,0.0,3.8163,-1e-05,13.815,0.00183,-0.0063499999999999,0.0,0.0021199999999999,0.0,0.3607799999999999,-1e-05,-3.2018,,23.983,23.824,2.5716,933.12,50
2020-09-09 22:02:00,0.0,-2.7059,0.0,3.8262,0.0,13.817,0.0023999999999999,-0.0021199999999999,0.0,0.0042399999999999,0.0,0.42841,0.0,-3.1343,,24.013,23.869,2.5706,555.85,50
2020-09-09 22:03:00,0.0,-2.9087,0.0,3.8381,0.0,13.817,0.00268,-0.0021199999999999,0.0,0.0063499999999999,0.0,0.3833199999999999,0.0,-3.2919,,24.048,23.913,2.6024,147.51,50
2020-09-09 22:04:00,0.0,-2.8637,0.0,3.84,0.0,13.817,0.0030999999999999,0.0,0.0,-0.0063499999999999,0.0,0.49606,0.0,-3.3597,,24.081,23.963,2.6158,-431.81,50
2020-09-09 22:05:00,0.0,-2.8862,0.0,3.8602,-1e-05,13.817,0.00282,-0.00423,0.0,0.0021199999999999,0.0,0.36076,-1e-05,-3.2469,,24.11,23.998,2.6394,-486.67,50
2020-09-09 22:06:00,0.0,-2.8411,0.0,3.8572,0.0,13.815,0.0021099999999999,0.0,0.0,-0.0063499999999999,0.0,0.3833199999999999,0.0,-3.2244,,24.13,24.027,2.6961,-213.2,50
2020-09-09 22:07:00,0.0,-2.7735,0.0,3.8696,0.0,13.817,0.0023999999999999,0.0021199999999999,0.0,0.0,0.0,0.4509699999999999,0.0,-3.2244,,24.138,24.038,2.7105,258.77,50
2020-09-09 22:08:00,0.0,-2.8636,0.0,3.9008,0.0,13.817,0.00296,0.0,0.0,-0.0021199999999999,0.0,0.4058899999999999,0.0,-3.2695,,24.117,24.008,2.7611,733.61,50
2020-09-09 22:09:00,0.0,-2.7735,0.0,3.9193,-1e-05,13.818,0.0032399999999999,-0.0042399999999999,0.0,0.0,0.0,0.4509799999999999,-1e-05,-3.2245,,24.046,23.899,2.804,663.49,50
2020-09-09 22:10:00,0.0,-2.8638,0.0,3.9368,0.0,13.816,0.00296,0.0,0.0,-0.0021199999999999,0.0,0.3833199999999999,0.0,-3.2471,,23.977,23.807,2.8131,268.33,50
2020-09-09 22:11:00,0.0,-2.7058,0.0,3.9455,0.0,13.816,0.0021099999999999,-0.0021199999999999,0.0,0.0021199999999999,0.0,0.3607799999999999,0.0,-3.0666,,23.956,23.764,2.8069,-451.04,50
2020-09-09 22:12:00,0.0,-3.0215,0.0,3.9427,0.0,13.818,0.0030999999999999,0.0,0.0,-0.0063499999999999,0.0,0.4058899999999999,0.0,-3.4274,,23.969,23.776,2.7905,222.25,50
2020-09-09 22:13:00,0.0,-2.9764,0.0,3.9178,0.0,13.817,0.00282,0.0,-0.0001399999999999,-0.00423,0.0,0.3607799999999999,0.0,-3.3372,,23.993,23.812,2.7446,133.42,50
2020-09-09 22:14:00,0.0,-2.8411,0.0,3.9101,0.0,13.816,0.00254,0.0,0.0,0.0042399999999999,0.0,0.4284299999999999,0.0,-3.2695,,24.02,23.856,2.7169,-408.74,50
2020-09-09 22:15:00,0.0,-2.8187,0.0,3.9194,-1e-05,13.817,0.00296,-0.0042399999999999,0.0,-0.0021199999999999,0.0,0.3607799999999999,-1e-05,-3.1794,,24.052,23.901,2.7033,-296.11,50
2020-09-09 22:16:00,0.0,-2.8412,0.0,3.922,-2e-05,13.817,0.0022499999999999,-0.00847,0.0,0.0,0.0,0.3607799999999999,-2e-05,-3.202,,24.076,23.944,2.6825,-46.305,50
2020-09-09 22:17:00,0.0,-2.7058,0.0,3.9089,0.0,13.816,0.00183,0.0021199999999999,0.0,0.0021199999999999,0.0,0.29314,0.0,-2.999,,24.108,23.983,2.6785,-241.19,50
2020-09-09 22:18:00,0.0,-2.7961,0.0,3.8988,0.0,13.816,0.00169,-0.0042399999999999,0.0,0.01059,0.0,0.3382399999999999,0.0,-3.1344,,24.134,24.016,2.639,-813.65,50
2020-09-09 22:19:00,0.0,-2.796,0.0,3.8872,0.0,13.817,0.00183,-0.0042399999999999,0.0,0.01482,0.0,0.38334,0.0,-3.1794,,24.136,24.017,2.6104,-517.8,50
2020-09-09 22:20:00,0.0,-3.0216,0.0,3.8767,0.0,13.818,0.0030999999999999,-0.0021199999999999,-0.0001399999999999,0.00847,0.0,0.4284299999999999,0.0,-3.4499,,24.093,23.929,2.6028,-685.92,50
2020-09-09 22:21:00,0.0,-2.7059,0.0,3.846,0.0,13.816,0.00169,-0.0042399999999999,0.0,0.0021199999999999,0.0,0.29315,0.0,-2.999,,24.025,23.834,2.6018,-520.63,50
2020-09-09 22:22:00,0.0,-2.5931,0.0,3.8387,0.0,13.816,0.00169,0.0,0.0,0.0,0.0,0.36079,0.0,-2.9539,,23.979,23.778,2.6043,-714.67,50
2020-09-09 22:23:00,0.0,-2.7735,0.0,3.8344,0.0,13.817,0.00183,0.0,0.0,0.0,0.0,0.3607799999999999,0.0,-3.1343,,23.971,23.757,2.5878,-661.82,50
2020-09-09 22:24:00,0.0,-2.7962,0.0,3.8243,0.0,13.816,0.00268,-0.0021199999999999,0.0,-0.0021199999999999,0.0,0.4284299999999999,0.0,-3.2246,,23.989,23.787,2.5641,-1194.3,50
2020-09-09 22:25:00,0.0,-2.9087,0.0,3.8181,0.0,13.817,0.00268,-0.0021199999999999,0.0,-0.0021199999999999,0.0,0.38334,0.0,-3.292,,24.016,23.844,2.5485,-849.85,50
2020-09-09 22:26:00,0.0,-2.7961,0.0,3.8249,0.0,13.816,0.00183,-0.0042399999999999,0.0,-0.0021199999999999,0.0,0.3382399999999999,0.0,-3.1343,,24.047,23.907,2.5381,-730.24,50
2020-09-09 22:27:00,0.0,-2.8863,0.0,3.8433,0.0,13.817,0.00254,-0.0021199999999999,0.0,-0.01059,0.0,0.4284299999999999,0.0,-3.3147,,24.081,23.96,2.5376,-1019.5,50
2020-09-09 22:28:00,0.0,-2.9989,0.0,3.8428,0.0,13.816,0.00268,0.0,0.0,-0.0042399999999999,0.0,0.36079,0.0,-3.3596,,24.11,24.001,2.5236,-1327.5,50
2020-09-09 22:29:00,0.0,-2.8637,0.0,3.8471,0.0,13.816,0.00268,-0.0021199999999999,0.0,0.00847,0.0,0.38333,0.0,-3.2471,,24.138,24.038,2.4897,-1565.1,50
2020-09-09 22:30:00,0.0,-2.9087,0.0,3.8489,0.0,13.816,0.00296,0.0,0.0,-0.00847,0.0,0.45099,0.0,-3.3597,,24.13,24.025,2.4818,-1505.5,50
2020-09-09 22:31:00,0.0,-2.751,0.0,3.8476,0.0,13.815,0.0021099999999999,0.0021199999999999,0.0,0.0,0.0,0.36079,0.0,-3.1118,,24.082,23.917,2.4934,-1185.6,50
2020-09-09 22:32:00,0.0,-2.8863,0.0,3.891,-2e-05,13.816,0.00254,-0.00847,0.0,0.01059,0.0,0.3607699999999999,-2e-05,-3.2471,,24.023,23.836,2.5436,-971.3,50
2020-09-09 22:33:00,0.0,-2.8186,0.0,3.9143,0.0,13.816,0.0021099999999999,-0.0021199999999999,0.0,0.01694,0.0,0.3382299999999999,0.0,-3.1569,,23.991,23.791,2.5784,-1179.1,50
2020-09-09 22:34:00,0.0,-2.9088,0.0,3.9318,0.0,13.815,0.0023999999999999,0.0,0.0,-0.00847,0.0,0.24804,0.0,-3.1568,,24.0,23.793,2.6399,-1595.1,50
2020-09-09 22:35:00,0.0,-2.7736,0.0,3.934,-1e-05,13.816,0.0021099999999999,-0.0042399999999999,0.0,0.0063499999999999,0.0,0.3382299999999999,-1e-05,-3.1118,,24.019,23.816,2.6726,-1498.5,50
2020-09-09 22:36:00,0.0,-2.8862,0.0,3.9463,0.0,13.815,0.0023999999999999,0.0,0.0,-0.0063499999999999,0.0,0.45099,0.0,-3.3372,,24.036,23.859,2.6634,-1424.0,50
2020-09-09 22:37:00,0.0,-2.9313,0.0,3.9338,0.0,13.816,0.0023999999999999,0.0,0.0,0.0,0.0,0.3607799999999999,0.0,-3.292,,24.062,23.903,2.6804,-1047.9,50
2020-09-09 22:38:00,0.0,-2.8637,0.0,3.9183,0.0,13.816,0.0023999999999999,-0.0021199999999999,0.0,0.0042399999999999,0.0,0.3607799999999999,0.0,-3.2245,,24.082,23.943,2.6653,-1598.2,50
2020-09-09 22:39:00,0.0,-2.6607,0.0,3.8971,-1e-05,13.815,0.00197,-0.0042399999999999,0.0,0.0042399999999999,0.0,0.3382299999999999,-1e-05,-2.9989,,24.099,23.975,2.6498,-940.42,50
2020-09-09 22:40:00,0.0,-2.8412,0.0,3.8957,0.0,13.815,0.00254,0.0,0.0,-0.00847,0.0,0.40586,0.0,-3.247,,24.11,23.993,2.6375,-1591.8,50
2020-09-09 22:41:00,0.0,-2.9313,0.0,3.8687,0.0,13.815,0.00268,-0.0021199999999999,0.0,0.0,0.0,0.3833199999999999,0.0,-3.3146,,24.089,23.948,2.6008,,50
2020-09-09 22:42:00,0.0,-2.9989,0.0,3.858,0.0,13.815,0.0030999999999999,0.0,0.0,-0.0063499999999999,0.0,0.45095,0.0,-3.4499,,24.028,23.862,2.5635,,50
2020-09-09 22:43:00,0.0,-2.8186,0.0,3.8312,0.0,13.815,0.00254,0.0,0.0,0.0042399999999999,0.0,0.42842,0.0,-3.247,,23.975,23.797,2.5455,,50
2020-09-09 22:44:00,0.0,-2.7283,0.0,3.818,0.0,13.815,0.00169,0.0,0.0,0.0063499999999999,0.0,0.2931199999999999,0.0,-3.0214,,23.967,23.777,2.541,,50
2020-09-09 22:45:00,0.0,-2.8637,0.0,3.8258,0.0,13.815,0.0022499999999999,-0.0021199999999999,0.0,-0.0042399999999999,0.0,0.36076,0.0,-3.2244,,23.987,23.805,2.553,,50
2020-09-09 22:46:00,0.0,-2.8411,0.0,3.8233,0.0,13.815,0.00183,0.0,0.0,-0.0063499999999999,0.0,0.36076,0.0,-3.2019,,24.017,23.851,2.5932,,50
2020-09-09 22:47:00,0.0,-2.9538,0.0,3.8217,0.0,13.815,0.00338,0.0,0.0,-0.01059,0.0,0.5636799999999998,0.0,-3.5174,,24.035,23.895,2.6006,,50
2020-09-09 22:48:00,0.0,-3.0441,0.0,3.7983,0.0,13.815,0.00338,0.0,0.0,-0.0021199999999999,0.0,0.5186,0.0,-3.5626,,24.053,23.927,2.6109,,50
2020-09-09 22:49:00,0.0,-2.9087,0.0,3.7993,0.0,13.815,0.00282,-0.0021199999999999,0.0,0.0042399999999999,0.0,0.4509699999999999,0.0,-3.3596,,24.073,23.961,2.6417,,50
2020-09-09 22:50:00,0.0,-2.8411,0.0,3.8446,0.0,13.815,0.00197,-0.0042399999999999,0.0,0.0042399999999999,0.0,0.33821,0.0,-3.1793,,24.08,23.97,2.7047,,50
2020-09-09 22:51:00,0.0,-2.6155,0.0,3.8796,0.0,13.814,0.00169,-0.0042399999999999,0.0,0.0,0.0,0.3833199999999999,0.0,-2.9988,,24.011,23.894,2.7536,,50
2020-09-09 22:52:00,0.0,-2.9087,0.0,3.9161,0.0,13.814,0.00254,-0.0021199999999999,0.0,0.00847,0.0,0.3607699999999999,0.0,-3.2694,,23.928,23.8,2.7911,,50
2020-09-09 22:53:00,0.0,-2.6156,0.0,3.8993,0.0,13.814,0.00169,0.0021199999999999,0.0,0.0021199999999999,0.0,0.3607699999999999,0.0,-2.9764,,23.89,23.739,2.8133,,50
2020-09-09 22:54:00,0.0,-2.9764,0.0,3.9051,0.0,13.814,0.0023999999999999,-0.00423,0.0,0.01271,0.0,0.36076,0.0,-3.3371,,23.893,23.733,2.841,,50
2020-09-09 22:55:00,0.0,-2.8411,0.0,3.8948,0.0,13.814,0.0022499999999999,-0.0021199999999999,0.0,-0.0063499999999999,0.0,0.31568,0.0,-3.1567,,23.922,23.763,2.8244,,50
2020-09-09 22:56:00,0.0,-2.9087,0.0,3.8798,0.0,13.814,0.0022499999999999,-0.0021199999999999,0.0,-0.0063499999999999,0.0,0.33821,0.0,-3.2469,,23.949,23.803,2.808,,50
2020-09-09 22:57:00,0.0,-2.886,0.0,3.8588,0.0,13.814,0.0021099999999999,-0.0021199999999999,0.0,0.0021199999999999,0.0,0.36076,0.0,-3.2468,,23.979,23.851,2.7916,,50
2020-09-09 22:58:00,0.0,-2.841,0.0,3.8532,0.0,13.814,0.0022499999999999,-0.00423,0.0,0.0063499999999999,0.0,0.3832999999999999,0.0,-3.2243,,24.014,23.893,2.7586,,50
2020-09-09 22:59:00,0.0,-2.8635,0.0,3.8573,0.0,13.814,0.00169,0.0021199999999999,0.0,-0.0042399999999999,0.0,0.2931199999999999,0.0,-3.1566,,24.037,23.932,2.7625,,50
2020-09-09 23:00:00,0.0,-2.841,0.0,3.878,0.0,13.814,0.00197,-0.0021199999999999,0.0,-0.0021199999999999,0.0,0.36076,0.0,-3.2018,,24.046,23.947,2.7639,,50
2020-09-09 23:01:00,0.0,-2.7733,0.0,3.9103,0.0,13.814,0.0021099999999999,0.0021199999999999,0.0,0.0,0.0,0.3833099999999999,0.0,-3.1567,,24.017,23.876,2.7562,,50
2020-09-09 23:02:00,0.0,-2.8636,0.0,3.9399,0.0,13.814,0.0021099999999999,-0.0042399999999999,0.0,0.0,0.0,0.4058499999999999,0.0,-3.2694,,23.943,23.784,2.7815,,50
2020-09-09 23:03:00,0.0,-2.8635,0.0,3.9545,0.0,13.814,0.0022499999999999,0.0,0.0,-0.0021199999999999,0.0,0.3833099999999999,0.0,-3.2468,,23.869,23.688,2.8234,,50
2020-09-09 23:04:00,0.0,-2.9537,0.0,3.9822,0.0,13.814,0.0022499999999999,0.0,0.0,0.0063499999999999,0.0,0.3833099999999999,0.0,-3.337,,23.82,23.603,2.8478,,50
2020-09-09 23:05:00,0.0,-3.089,0.0,4.0028,0.0,13.813,0.00268,0.0,0.0,-0.01059,0.0,0.4284,0.0,-3.5173,,23.795,23.558,2.8511,,50
2020-09-09 23:06:00,0.0,-2.7283,0.0,4.0022,0.0,13.813,0.00183,0.0,0.0,-0.01482,0.0,0.31567,0.0,-3.0439,,23.783,23.555,2.8418,,50
2020-09-09 23:07:00,0.0,-2.7282,0.0,4.0123,-2e-05,13.813,0.00183,-0.00847,0.0,0.0042399999999999,0.0,0.36076,-2e-05,-3.089,,23.778,23.568,2.8297,,50
2020-09-09 23:08:00,0.0,-2.841,0.0,4.0203,0.0,13.812,0.00268,-0.0021199999999999,0.0,-0.0042399999999999,0.0,0.4058499999999999,0.0,-3.2468,,23.777,23.576,2.8236,,50
2020-09-09 23:09:00,0.0,-2.7959,0.0,4.0218,-1e-05,13.813,0.00254,-0.00423,0.0,0.0021199999999999,0.0,0.4284,-1e-05,-3.2243,,23.76,23.559,2.8522,-1462.6,50
2020-09-09 23:10:00,0.0,-3.0214,0.0,4.0281,0.0,13.813,0.00268,-0.0021199999999999,0.0,0.0063499999999999,0.0,0.3382,0.0,-3.3595,,23.73,23.514,2.8798,-1028.0,50
2020-09-09 23:11:00,0.0,-2.841,0.0,4.0407,0.0,13.81,0.00282,0.0,0.0,-0.01271,0.0,0.4284,0.0,-3.2694,,23.694,23.459,2.9005,-1288.0,50
2020-09-09 23:12:00,0.0,-2.8184,0.0,4.0219,0.0,13.812,0.00296,0.0,0.0,-0.01059,0.0,0.4058499999999999,0.0,-3.2243,,23.66,23.407,2.8919,,50
2020-09-09 23:13:00,0.0,-2.841,0.0,3.9938,0.0,13.813,0.0023999999999999,0.0,0.0,-0.0042399999999999,0.0,0.3382,0.0,-3.1792,,23.63,23.383,2.8996,-1742.8,50
2020-09-09 23:14:00,0.0,-2.7733,0.0,3.9789,0.0,13.813,0.0022499999999999,0.0,0.0,-0.0063499999999999,0.0,0.51859,0.0,-3.2919,,23.603,23.361,2.8931,-1579.0,50
2020-09-09 23:15:00,0.0,-2.8636,0.0,3.9636,0.0,13.812,0.00254,-0.0021199999999999,0.0,0.0021199999999999,0.0,0.36075,0.0,-3.2243,,23.593,23.369,2.9081,-1430.0,50
2020-09-09 23:16:00,0.0,-2.9312,0.0,3.9728,0.0,13.813,0.00282,0.0,0.0,-0.0063499999999999,0.0,0.33821,0.0,-3.2694,,23.595,23.387,2.913,-1302.7,50
2020-09-09 23:17:00,0.0,-2.8635,0.0,3.9721,-1e-05,13.812,0.00296,-0.00423,0.0,-0.0021199999999999,0.0,0.45094,-1e-05,-3.3144,,23.594,23.413,2.8847,,50
2020-09-09 23:18:00,0.0,-2.8635,0.0,3.9672,0.0,13.812,0.0021099999999999,0.0021199999999999,0.0,0.0021199999999999,0.0,0.36075,0.0,-3.2243,,23.607,23.455,2.8889,,50
2020-09-09 23:19:00,0.0,-3.0214,0.0,3.9668,0.0,13.812,0.0030999999999999,-0.0021199999999999,0.0,-0.0063499999999999,0.0,0.45094,0.0,-3.4723,,23.632,23.508,2.876,,50
2020-09-09 23:20:00,0.0,-2.7282,0.0,3.9434,0.0,13.812,0.00183,-0.0021199999999999,0.0,0.0042399999999999,0.0,0.3832999999999999,0.0,-3.1115,,23.67,23.57,2.8559,,50
2020-09-09 23:21:00,0.0,-2.9312,0.0,3.9264,0.0,13.812,0.0022499999999999,-0.0021199999999999,0.0,-0.0021199999999999,0.0,0.3382,0.0,-3.2694,,23.712,23.632,2.8405,,50
2020-09-09 23:22:00,0.0,-2.8635,0.0,3.9139,0.0,13.811,0.00254,-0.0021199999999999,0.0,-0.0042399999999999,0.0,0.3832999999999999,0.0,-3.2468,,23.753,23.683,2.8225,-1550.1,50
2020-09-09 23:23:00,0.0,-3.0214,0.0,3.9202,0.0,13.813,0.00296,0.0,0.0,-0.0063499999999999,0.0,0.3832999999999999,0.0,-3.4046,,23.78,23.713,2.8284,-971.36,50
2020-09-09 23:24:00,0.0,-2.8184,0.0,3.9171,0.0,13.812,0.0022499999999999,-0.0021199999999999,0.0,0.0021199999999999,0.0,0.36075,0.0,-3.1792,,23.777,23.686,2.8328,-813.7899999999998,50
2020-09-09 23:25:00,0.0,-2.8184,0.0,3.9184,0.0,13.812,0.00254,-0.0021199999999999,0.0,-0.0021199999999999,0.0,0.3832999999999999,0.0,-3.2017,,23.728,23.612,2.8518,-1016.0,50
2020-09-09 23:26:00,0.0,-2.9762,0.0,3.9329,0.0,13.812,0.00296,0.0,0.0,0.0,0.0,0.36075,0.0,-3.3369,,23.677,23.537,2.8692,-1349.5,50
2020-09-09 23:27:00,0.0,-2.7733,0.0,3.9556,0.0,13.812,0.0022499999999999,0.0042399999999999,0.0,0.0042399999999999,0.0,0.3832999999999999,0.0,-3.1566,,23.669,23.505,2.8817,-1504.1,50
2020-09-09 23:28:00,0.0,-2.9086,0.0,3.9529,0.0,13.811,0.0022499999999999,-0.0021199999999999,0.0,0.0042399999999999,0.0,0.31566,0.0,-3.2243,,23.685,23.521,2.8889,-1465.3,50
2020-09-09 23:29:00,0.0,-2.9086,0.0,3.9473,0.0,13.812,0.00254,0.0,0.0,0.0021199999999999,0.0,0.3832999999999999,0.0,-3.2919,,23.708,23.563,2.898,-1336.4,50
2020-09-09 23:30:00,0.0,-2.841,0.0,3.9435,0.0,13.812,0.0023999999999999,0.0,0.0,0.0021199999999999,0.0,0.3382,0.0,-3.1792,,23.73,23.601,2.8912,-1054.8,50
2020-09-09 23:31:00,0.0,-2.9537,0.0,3.9583,0.0,13.812,0.00254,-0.0021199999999999,0.0,-0.0021199999999999,0.0,0.4058499999999999,0.0,-3.3595,,23.756,23.637,2.8925,-1350.3,50
2020-09-09 23:32:00,0.0,-2.7057,0.0,3.9652,0.0,13.812,0.00254,-0.0021199999999999,0.0,-0.0021199999999999,0.0,0.4283899999999999,0.0,-3.1341,,23.781,23.678,2.8974,-1393.2,50
2020-09-09 23:33:00,0.0,-2.7959,0.0,3.9734,0.0,13.812,0.0022499999999999,0.0,0.0,-0.0042399999999999,0.0,0.4283899999999999,0.0,-3.2243,,23.803,23.715,2.8692,,50
2020-09-09 23:34:00,0.0,-2.8861,0.0,3.9699,0.0,13.811,0.00268,-0.0021199999999999,0.0,0.0021199999999999,0.0,0.4058499999999999,0.0,-3.2919,,23.801,23.697,2.8633,,50
2020-09-09 23:35:00,0.0,-2.7508,0.0,3.9412,0.0,13.813,0.0022499999999999,-0.0021199999999999,0.0,0.0063499999999999,0.0,0.3832999999999999,0.0,-3.1341,,23.762,23.598,2.8591,-1302.9,50
2020-09-09 23:36:00,0.0,-2.8635,0.0,3.9303,0.0,13.813,0.00254,-0.0021199999999999,0.0,0.0042399999999999,0.0,0.36075,0.0,-3.2243,,23.708,23.518,2.8571,,50
2020-09-09 23:37:00,0.0,-2.9086,0.0,3.9529,0.0,13.813,0.00296,-0.0021199999999999,0.0,-0.00847,0.0,0.4960399999999999,0.0,-3.4046,,23.689,23.494,2.8653,,50
2020-09-09 23:38:00,0.0,-2.7508,0.0,3.9582,0.0,13.813,0.00254,0.0,0.0,-0.0063499999999999,0.0,0.45094,0.0,-3.2017,,23.694,23.504,2.8435,,50
2020-09-09 23:39:00,0.0,-2.841,0.0,3.9604,0.0,13.814,0.00268,0.0,0.0,-0.01059,0.0,0.4960399999999999,0.0,-3.3369,,23.718,23.545,2.8049,,50
2020-09-09 23:40:00,0.0,-2.7282,0.0,3.9571,0.0,13.814,0.00254,-0.0021199999999999,0.0,-0.0021199999999999,0.0,0.4284,0.0,-3.1566,,23.732,23.577,2.7703,,50
2020-09-09 23:41:00,0.0,-2.9762,0.0,3.9841,0.0,13.814,0.00296,0.0,0.0,-0.00847,0.0,0.4283899999999999,0.0,-3.4046,,23.755,23.611,2.7305,,50
2020-09-09 23:42:00,0.0,-2.6155,0.0,3.9924,-1e-05,13.813,0.0021099999999999,-0.0063499999999999,0.0,0.01059,0.0,0.4058499999999999,-1e-05,-3.0214,,23.767,23.631,2.7231,-1661.7,50
2020-09-09 23:43:00,0.0,-2.8184,0.0,4.0266,0.0,13.814,0.0023999999999999,0.0,0.0,-0.01059,0.0,0.45094,0.0,-3.2694,,23.781,23.65,2.6843,-1580.7,50
2020-09-09 23:44:00,0.0,-3.0665,0.0,4.0217,0.0,13.814,0.00338,0.0,0.0,-0.0063499999999999,0.0,0.4960399999999999,0.0,-3.5624,,23.777,23.645,2.661,,50
2020-09-09 23:45:00,0.0,-2.7959,0.0,4.0271,0.0,13.814,0.00254,0.0,0.0,-0.01059,0.0,0.45094,0.0,-3.2468,,23.758,23.622,2.6208,-1723.1,50
2020-09-09 23:46:00,0.0,-2.6831,0.0,4.0196,0.0,13.814,0.00197,0.0,0.0,-0.0021199999999999,0.0,0.3832999999999999,0.0,-3.0664,,23.741,23.598,2.5704,,50
2020-09-09 23:47:00,0.0,-2.6606,0.0,3.9924,0.0,13.813,0.0023999999999999,0.0,0.0,-0.00847,0.0,0.36075,0.0,-3.0213,,23.722,23.558,2.5279,,50
2020-09-09 23:48:00,0.0,-2.7282,0.0,3.9945,0.0,13.815,0.00268,0.0,0.0,-0.0063499999999999,0.0,0.45094,0.0,-3.1792,,23.703,23.516,2.503,,50
2020-09-09 23:49:00,0.0,-2.9537,0.0,3.993,0.0,13.814,0.00338,0.0,0.0,-0.0063499999999999,0.0,0.5862199999999999,0.0,-3.5399,,23.679,23.491,2.4482,,50
2020-09-09 23:50:00,0.0,-2.7508,0.0,3.9804,0.0,13.814,0.00282,-0.0021199999999999,0.0,0.00847,0.0,0.4058499999999999,0.0,-3.1566,,23.647,23.473,2.4021,,50
2020-09-09 23:51:00,0.0,-2.6155,0.0,3.9671,0.0,13.814,0.0021099999999999,0.0,0.0,0.0021199999999999,0.0,0.33821,0.0,-2.9537,,23.623,23.455,2.3373,,50
2020-09-09 23:52:00,0.0,-2.7959,0.0,3.9958,0.0,13.814,0.00254,0.0,0.0,-0.01059,0.0,0.45094,0.0,-3.2468,,23.606,23.443,2.2284,,50
2020-09-09 23:53:00,0.0,-2.6606,0.0,3.9544,-1e-05,13.814,0.0021099999999999,-0.0063499999999999,0.0,0.0063499999999999,0.0,0.4058499999999999,-1e-05,-3.0664,,23.603,23.453,2.174,,50
2020-09-09 23:54:00,0.0,-2.9762,0.0,3.9527,0.0,13.815,0.00296,0.0,0.0,-0.02118,0.0,0.51858,0.0,-3.4948,,23.605,23.462,2.1637,,50
2020-09-09 23:55:00,0.0,-2.7508,0.0,3.9063,0.0,13.815,0.00254,0.0,0.0,-0.00847,0.0,0.47349,0.0,-3.2243,,23.604,23.471,2.136,,50
2020-09-09 23:56:00,0.0,-2.7282,0.0,3.8621,0.0,13.814,0.0022499999999999,0.0,0.0,0.0021199999999999,0.0,0.4058499999999999,0.0,-3.1341,,23.603,23.471,2.1254,,50
2020-09-09 23:57:00,0.0,-2.7508,0.0,3.8157,0.0,13.814,0.0023999999999999,-0.0021199999999999,0.0,0.0,0.0,0.4283899999999999,0.0,-3.1792,,23.597,23.47,2.0839,,50
2020-09-09 23:58:00,0.0,-2.841,0.0,3.7941,0.0,13.814,0.00268,0.0,0.0,-0.0042399999999999,0.0,0.45094,0.0,-3.2919,,23.613,23.49,2.0594,,50
2020-09-09 23:59:00,0.0,-3.0214,0.0,3.7706,0.0,13.815,0.00296,-0.0021199999999999,0.0,0.00847,0.0,0.4734999999999999,0.0,-3.4948,,23.625,23.508,2.0566,,50
