measured_on,ac_current__758,ac_power_1__767,ac_power_2__768,ac_power__752,ac_volts__757,ambient_temp__759,das_battery_voltage__769,das_temperature__764,dc_neg_current__756,dc_neg_voltage__755,dc_pos_current__754,dc_pos_voltage__753,dc_power_1__765,dc_power_2__766,dc_power__751,inverter_temp_2__770,inveter_temp__763,module_temp_1__760,module_temp_2__761,module_temp_3__762,poa_irradiance__750,system_id
2016-11-06 00:00:00,0.0,0.3380199999999999,-2.8169,-2.4788,0.0,11.757,13.736,24.816,0.0032399999999999,0.0,0.0,0.0021199999999999,0.0,0.0,0.0,0.0,13.382,23.532,23.521,8.752,-99999.0,50
2016-11-06 00:01:00,0.0,0.3120299999999999,-3.1618,-2.8498,0.0,11.733,13.738,24.813,0.00338,0.0,0.0,0.0019499999999999,0.0,0.0,0.0,0.0,-99999.0,23.589,23.624,8.7599,-99999.0,50
2016-11-06 00:02:00,0.0,0.2929499999999999,-3.1323,-2.8393,0.0,11.701,13.737,24.81,0.00352,0.0,0.0,0.0021199999999999,0.0,0.0,0.0,0.0,-99999.0,23.573,23.596,8.7244,-99999.0,50
2016-11-06 00:03:00,0.0,0.3380199999999999,-3.1323,-2.7943,0.0,11.708,13.738,24.804,0.00338,0.0,0.0,0.0,0.0,0.0,0.0,0.0,-99999.0,23.481,23.499,8.712899999999998,-99999.0,50
2016-11-06 00:04:00,0.0,0.4056299999999999,-2.9972,-2.5915,0.0,11.738,13.738,24.802,0.00338,0.0,0.0,0.0,0.0,0.0,0.0,0.0,-99999.0,23.368,23.363,8.6947,-99999.0,50
2016-11-06 00:05:00,0.0,0.4281599999999999,-2.9521,-2.5239,0.0,11.735,13.737,24.802,0.00338,0.0,0.0,-0.0021199999999999,0.0,0.0,0.0,0.0,-99999.0,23.28,23.257,8.6974,-99999.0,50
2016-11-06 00:06:00,0.0,0.3830899999999999,-3.1098,-2.7267,0.0,11.709,13.738,24.802,0.00338,0.0,0.0,0.0021199999999999,0.0,0.0,0.0,0.0,-99999.0,23.231,23.229,8.685399999999998,-99999.0,50
2016-11-06 00:07:00,0.0,0.33803,-3.2901,-2.9521,0.0,11.68,13.737,24.802,0.00352,0.0,0.0,0.0,0.0,0.0,0.0,0.0,-99999.0,23.214,23.252,8.671699999999998,-99999.0,50
2016-11-06 00:08:00,0.0,0.24789,-3.1549,-2.907,0.0,11.657,13.738,24.802,0.00352,0.0,0.0,0.0,0.0,0.0,0.0,0.0,-99999.0,23.212,23.305,8.635799999999998,-99999.0,50
2016-11-06 00:09:00,0.0,0.29296,-3.0197,-2.7268,0.0,11.652,13.738,24.801,0.00338,0.0,0.0,0.0021199999999999,0.0,0.0,0.0,0.0,-99999.0,23.235,23.371,8.5927,-99999.0,50
2016-11-06 00:10:00,0.0,0.3831,-3.0198,-2.6367,0.0,11.65,13.738,24.79,0.00352,0.0,0.0,0.0,0.0,0.0,0.0,0.0,-99999.0,23.304,23.394,8.5409,-99999.0,50
2016-11-06 00:11:00,0.0,0.3154899999999999,-3.1323,-2.8168,0.0,11.662,13.738,24.788,0.00352,0.0,0.0,0.0021199999999999,0.0,0.0,0.0,0.0,-99999.0,23.419,23.49,8.5134,-99999.0,50
2016-11-06 00:12:00,0.0,0.33803,-3.2226,-2.8845,0.0,11.706,13.738,24.788,0.00338,0.0,0.0,-0.0021199999999999,0.0,0.0,0.0,0.0,-99999.0,23.517,23.581,8.5092,-99999.0,50
2016-11-06 00:13:00,0.0,0.3380199999999999,-3.0422,-2.7042,0.0,11.749,13.738,24.788,0.00366,0.0,0.0,-0.0021199999999999,0.0,0.0,0.0,0.0,-99999.0,23.577,23.631,8.5988,-99999.0,50
2016-11-06 00:14:00,0.0,0.3154899999999999,-3.1324,-2.8169,0.0,11.801,13.738,24.788,0.00352,0.0,0.0,-0.0021199999999999,0.0,0.0,0.0,0.0,-99999.0,23.616,23.659,8.6477,-99999.0,50
2016-11-06 00:15:00,0.0,0.42817,-2.9296,-2.5014,0.0,11.786,13.738,24.788,0.00352,0.0,0.0,0.0,0.0,0.0,0.0,0.0,9.4979,23.612,23.624,8.6125,-99999.0,50
2016-11-06 00:16:00,0.0,0.24789,-3.2677,-3.0198,0.0,11.793,13.738,24.788,0.00338,0.0,0.0,-0.0021199999999999,0.0,0.0,0.0,0.0,-99999.0,23.6,23.585,8.5564,-99999.0,50
2016-11-06 00:17:00,0.0,0.27043,-2.9972,-2.7268,0.0,11.758,13.737,24.788,0.00338,0.0,0.0,-0.0021199999999999,0.0,0.0,0.0,0.0,-99999.0,23.601,23.591,8.557299999999998,-99999.0,50
2016-11-06 00:18:00,0.0,0.2253499999999999,-3.3803,-3.1549,0.0,11.805,13.738,24.788,0.00338,0.0,0.0,-0.0021199999999999,0.0,0.0,0.0,0.0,-99999.0,23.62,23.632,8.5775,-99999.0,50
2016-11-06 00:19:00,0.0,0.20282,-3.2,-2.9972,0.0,11.809,13.738,24.788,0.00338,0.0,0.0,0.0,0.0,0.0,0.0,0.0,-99999.0,23.631,23.641,8.5877,-99999.0,50
2016-11-06 00:20:00,0.0,0.3605599999999999,-3.1324,-2.7718,0.0,11.814,13.738,24.788,0.00338,0.0,0.0,0.0,0.0,0.0,0.0,0.0,-99999.0,23.619,23.578,8.5725,-99999.0,50
2016-11-06 00:21:00,0.0,0.24789,-3.155,-2.9071,0.0,11.802,13.738,24.788,0.00338,0.0,0.0,-0.0021199999999999,0.0,0.0,0.0,0.0,-99999.0,23.567,23.503,8.571899999999998,-99999.0,50
2016-11-06 00:22:00,0.0,0.3831,-3.0648,-2.6817,0.0,11.809,13.739,24.788,0.00338,0.0,0.0,0.00423,0.0,0.0,0.0,0.0,-99999.0,23.482,23.406,8.553599999999998,-99999.0,50
2016-11-06 00:23:00,0.0,0.36057,-3.1099,-2.7493,0.0,11.799,13.739,24.788,0.00338,0.0,0.0,0.0,0.0,0.0,0.0,0.0,-99999.0,23.399,23.296,8.5457,-99999.0,50
2016-11-06 00:24:00,0.0,0.42817,-3.0197,-2.5915,0.0,11.757,13.739,24.788,0.00338,0.0,0.0,0.0,0.0,0.0,0.0,0.0,-99999.0,23.321,23.2,8.4882,-99999.0,50
2016-11-06 00:25:00,0.0,0.3605599999999999,-3.2,-2.8395,0.0,11.737,13.738,24.788,0.00338,0.0,0.0,0.0021199999999999,0.0,0.0,0.0,0.0,-99999.0,23.247,23.11,8.4022,-99999.0,50
2016-11-06 00:26:00,0.0,0.42817,-3.0648,-2.6366,0.0,11.684,13.738,24.788,0.0032399999999999,0.0,0.0,-0.0021199999999999,0.0,0.0,0.0,0.0,-99999.0,23.231,23.074,8.3114,-99999.0,50
2016-11-06 00:27:00,0.0,0.36057,-3.1324,-2.7719,0.0,11.612,13.739,24.788,0.00352,0.0,0.0,-0.0021199999999999,0.0,0.0,0.0,0.0,-99999.0,23.317,23.173,8.2605,-99999.0,50
2016-11-06 00:28:00,0.0,0.42817,-3.0198,-2.5916,0.0,11.548,13.739,24.788,0.00338,0.0,0.0,0.0021199999999999,0.0,0.0,0.0,0.0,-99999.0,23.483,23.379,8.2086,-99999.0,50
2016-11-06 00:29:00,0.0,0.3830899999999999,-3.2225,-2.8394,0.0,11.503,13.738,24.783,0.00338,0.0,0.0,0.0,0.0,0.0,0.0,0.0,-99999.0,23.632,23.527,8.231099999999998,-99999.0,50
2016-11-06 00:30:00,0.0,0.42817,-3.1099,-2.6817,0.0,11.446,13.738,24.777,0.00338,0.0,0.0001399999999999,0.0,0.0,0.0,0.0,0.0,-99999.0,23.736,23.677,8.1591,-99999.0,50
2016-11-06 00:31:00,0.0,0.3605599999999999,-3.2677,-2.9071,0.0,11.414,13.739,24.774,0.00338,0.0,0.0,0.0,0.0,0.0,0.0,0.0,-99999.0,23.824,23.812,8.1386,-99999.0,50
2016-11-06 00:32:00,0.0,0.42817,-3.0648,-2.6366,0.0,11.424,13.739,24.776,0.00352,0.0,0.0,0.0,0.0,0.0,0.0,0.0,-99999.0,23.837,23.839,8.1424,-99999.0,50
2016-11-06 00:33:00,0.0,0.36057,-3.155,-2.7944,0.0,11.451,13.739,24.776,0.00338,0.0,0.0,0.0,0.0,0.0,0.0,0.0,-99999.0,23.735,23.758,8.1555,-99999.0,50
2016-11-06 00:34:00,0.0,0.3831,-3.1324,-2.7493,0.0,11.428,13.739,24.776,0.00352,0.0,0.0,0.0,0.0,0.0,0.0,0.0,-99999.0,23.594,23.627,8.106199999999998,-99999.0,50
2016-11-06 00:35:00,0.0,0.42818,-3.1099,-2.6818,0.0,11.405,13.739,24.78,0.00338,0.0,0.0,0.0021199999999999,0.0,0.0,0.0,0.0,-99999.0,23.485,23.484,8.095399999999998,-99999.0,50
2016-11-06 00:36:00,0.0,0.4056199999999999,-3.1099,-2.7043,0.0,11.357,13.738,24.779,0.00338,0.0,0.0,0.0021199999999999,0.0,0.0,0.0,0.0,-99999.0,23.437,23.383,8.027,-99999.0,50
2016-11-06 00:37:00,0.0,0.45071,-3.0423,-2.5916,0.0,11.342,13.74,24.779,0.00338,0.0,0.0,-0.0021199999999999,0.0,0.0,0.0,0.0,-99999.0,23.454,23.407,8.0592,-99999.0,50
2016-11-06 00:38:00,0.0,0.4957699999999999,-2.9071,-2.4113,0.0,11.368,13.739,24.78,0.00338,0.0,0.0,0.0021199999999999,0.0,0.0,0.0,0.0,-99999.0,23.487,23.451,8.0806,-99999.0,50
2016-11-06 00:39:00,0.0,0.40564,-3.2902,-2.8846,0.0,11.321,13.738,24.775,0.00338,0.0,0.0,0.0,0.0,0.0,0.0,0.0,-99999.0,23.497,23.489,8.0331,-99999.0,50
2016-11-06 00:40:00,0.0,0.33803,-3.2,-2.862,0.0,11.284,13.739,24.775,0.00338,0.0,0.0,0.0,0.0,0.0,0.0,0.0,-99999.0,23.512,23.53,8.01,-99999.0,50
2016-11-06 00:41:00,0.0,0.36057,-3.2,-2.8395,0.0,11.304,13.739,24.775,0.00338,0.0,0.0,0.0,0.0,0.0,0.0,0.0,-99999.0,23.492,23.512,7.9757,-99999.0,50
2016-11-06 00:42:00,0.0,0.4732399999999999,-2.862,-2.3887,0.0,11.309,13.74,24.774,0.00338,0.0,0.0,-0.0021199999999999,0.0,0.0,0.0,0.0,-99999.0,23.421,23.442,7.885399999999998,-99999.0,50
2016-11-06 00:43:00,0.0,0.40564,-3.155,-2.7494,0.0,11.347,13.739,24.774,0.00338,0.0,0.0,0.0,0.0,0.0,0.0,0.0,-99999.0,23.336,23.343,7.856,-99999.0,50
2016-11-06 00:44:00,0.0,0.49578,-3.0423,-2.5465,0.0,11.363,13.739,24.774,0.00338,0.0,0.0,-0.0021199999999999,0.0,0.0,0.0,0.0,-99999.0,23.276,23.271,7.803899999999999,-99999.0,50
2016-11-06 00:45:00,0.0,0.4732399999999999,-2.9973,-2.524,0.0,11.416,13.739,24.774,0.0032399999999999,0.0,0.0,0.0,0.0,0.0,0.0,0.0,-99999.0,23.245,23.252,7.7495,-99999.0,50
2016-11-06 00:46:00,0.0,0.3831,-3.2451,-2.862,0.0,11.378,13.739,24.774,0.00338,0.0,0.0,0.0,0.0,0.0,0.0,0.0,-99999.0,23.252,23.271,7.704399999999999,-99999.0,50
2016-11-06 00:47:00,0.0,0.42817,-3.0649,-2.6367,0.0,11.324,13.739,24.774,0.00338,0.0,0.0,0.0,0.0,0.0,0.0,0.0,-99999.0,23.279,23.321,7.666,-99999.0,50
2016-11-06 00:48:00,0.0,0.40564,-3.2,-2.7944,0.0,11.248,13.739,24.774,0.00338,0.0,0.0,0.0,0.0,0.0,0.0,0.0,-99999.0,23.308,23.382,7.599199999999998,-99999.0,50
2016-11-06 00:49:00,0.0,0.40564,-3.0649,-2.6592,0.0,11.177,13.739,24.773,0.00338,0.0,0.0,0.0021199999999999,0.0,0.0,0.0,0.0,-99999.0,23.363,23.44,7.5784,-99999.0,50
2016-11-06 00:50:00,0.0,0.40564,-3.0874,-2.6818,0.0,11.125,13.739,24.774,0.00366,0.0,0.0,0.0021199999999999,0.0,0.0,0.0,0.0,-99999.0,23.412,23.421,7.5725,-99999.0,50
2016-11-06 00:51:00,0.0,0.4506899999999999,-3.0648,-2.6141,0.0,11.104,13.739,24.773,0.00338,0.0,0.0,0.0,0.0,0.0,0.0,0.0,-99999.0,23.423,23.384,7.567,-99999.0,50
2016-11-06 00:52:00,0.0,0.42817,-3.0198,-2.5916,0.0,11.076,13.74,24.768,0.00338,0.0,0.0,0.0021199999999999,0.0,0.0,0.0,0.0,-99999.0,23.382,23.321,7.5847,-99999.0,50
2016-11-06 00:53:00,0.0,0.3380199999999999,-2.9747,-2.6367,0.0,11.091,13.738,24.762,0.00338,0.0,0.0,-0.0021199999999999,0.0,0.0,0.0,0.0,-99999.0,23.327,23.24,7.675799999999998,-99999.0,50
2016-11-06 00:54:00,0.0,0.36057,-3.2226,-2.8621,0.0,11.052,13.739,24.762,0.00338,0.0,0.0,0.0021199999999999,0.0,0.0,0.0,0.0,-99999.0,23.269,23.161,7.6909,-99999.0,50
2016-11-06 00:55:00,0.0,0.49578,-2.817,-2.3212,0.0,10.987,13.739,24.76,0.00338,0.0,0.0,0.0,0.0,0.0,0.0,0.0,4.3196,23.215,23.094,7.6355,-99999.0,50
2016-11-06 00:56:00,0.0,0.51832,-2.8395,-2.3212,0.0,10.976,13.739,24.76,0.0030999999999999,0.0,0.0,0.0,0.0,0.0,0.0,0.0,-3.8464,23.23,23.138,7.585499999999999,-99999.0,50
2016-11-06 00:57:00,0.0,0.29297,-3.155,-2.862,0.0,11.057,13.738,24.76,0.00338,0.0,0.0,0.0,0.0,0.0,0.0,0.0,-99999.0,23.304,23.265,7.5852,-99999.0,50
2016-11-06 00:58:00,0.0,0.33803,-3.0873,-2.7493,0.0,11.126,13.739,24.761,0.00338,0.0,0.0,0.0,0.0,0.0,0.0,0.0,-99999.0,23.397,23.419,7.6502,-99999.0,50
2016-11-06 00:59:00,0.0,0.3605599999999999,-3.0873,-2.7268,0.0,11.259,13.739,24.76,0.00338,0.0,0.0,0.0,0.0,0.0,0.0,0.0,-99999.0,23.441,23.519,7.7281,-99999.0,50
2016-11-06 01:00:00,0.0,0.36057,-3.155,-2.7944,0.0,11.269,13.739,24.76,0.00352,0.0,0.0,0.0,0.0,0.0,0.0,0.0,-99999.0,23.465,23.558,7.718499999999999,-99999.0,50
2016-11-06 01:01:00,0.0,0.42817,-2.9747,-2.5465,0.0,11.252,13.739,24.76,0.00338,0.0,0.0,0.0,0.0,0.0,0.0,0.0,-99999.0,23.472,23.538,7.8036,-99999.0,50
2016-11-06 01:02:00,0.0,0.3155,-3.1775,-2.862,0.0,11.375,13.739,24.76,0.00352,0.0,0.0,-0.0021199999999999,0.0,0.0,0.0,0.0,-99999.0,23.427,23.464,7.9511,-99999.0,50
2016-11-06 01:03:00,0.0,0.3831,-2.9973,-2.6142,0.0,11.409,13.739,24.76,0.00338,0.0,0.0,0.00423,0.0,0.0,0.0,0.0,-99999.0,23.352,23.354,7.9438,-99999.0,50
2016-11-06 01:04:00,0.0,0.33803,-3.0648,-2.7268,0.0,11.357,13.739,24.758,0.00352,0.0,0.0,-0.0021199999999999,0.0,0.0,0.0,0.0,-99999.0,23.266,23.229,7.9291,-99999.0,50
2016-11-06 01:05:00,0.0,0.29296,-3.0648,-2.7719,0.0,11.3,13.739,24.748,0.00338,0.0,0.0,0.0,0.0,0.0,0.0,0.0,-99999.0,23.23,23.181,7.8822,-99999.0,50
2016-11-06 01:06:00,0.0,0.33803,-3.0649,-2.7268,0.0,11.291,13.739,24.746,0.00338,0.0,0.0,0.0021199999999999,0.0,0.0,0.0,0.0,-99999.0,23.234,23.199,7.8912,-99999.0,50
2016-11-06 01:07:00,0.0,0.29296,-3.0649,-2.7719,0.0,11.3,13.739,24.747,0.00366,0.0,0.0,0.0,0.0,0.0,0.0,0.0,-99999.0,23.273,23.247,7.853799999999999,-99999.0,50
2016-11-06 01:08:00,0.0,0.36057,-3.0197,-2.6592,0.0,11.26,13.74,24.746,0.00338,0.0,0.0,0.0,0.0,0.0,0.0,0.0,-99999.0,23.307,23.312,7.7938,-99999.0,50
2016-11-06 01:09:00,0.0,0.3831,-3.1099,-2.7268,0.0,11.239,13.739,24.746,0.00352,0.0,0.0,0.0,0.0,0.0,0.0,0.0,-99999.0,23.355,23.395,7.809,-99999.0,50
2016-11-06 01:10:00,0.0,0.3605599999999999,-3.155,-2.7944,0.0,11.175,13.739,24.746,0.00352,0.0,0.0,-0.0021199999999999,0.0,0.0,0.0,0.0,-99999.0,23.396,23.411,7.7648,-99999.0,50
2016-11-06 01:11:00,0.0,0.3831,-2.8621,-2.4789,0.0,11.128,13.739,24.746,0.00352,0.0,0.0001399999999999,0.0,0.0,0.0,0.0,0.0,-99999.0,23.376,23.362,7.7417,-99999.0,50
2016-11-06 01:12:00,0.0,0.40564,-2.9972,-2.5916,0.0,11.144,13.74,24.741,0.0038,0.0,0.0,0.0,0.0,0.0,0.0,0.0,-99999.0,23.295,23.273,7.796,-99999.0,50
2016-11-06 01:13:00,0.0,0.33803,-3.4704,-3.1325,0.0,11.201,13.739,24.733,0.00352,0.0,0.0,0.0021199999999999,0.0,0.0,0.0,0.0,-99999.0,23.214,23.171,7.8089,-99999.0,50
2016-11-06 01:14:00,0.0,0.47325,-2.9747,-2.5015,0.0,11.219,13.739,24.732,0.00338,0.0,0.0,0.0,0.0,0.0,0.0,0.0,-99999.0,23.202,23.148,7.8936,-99999.0,50
2016-11-06 01:15:00,0.0,0.27043,-2.9296,-2.6592,0.0,11.507,13.74,24.732,0.00338,0.0,0.0,0.0,0.0,0.0,0.0,0.0,-99999.0,23.232,23.212,7.9982,-99999.0,50
2016-11-06 01:16:00,0.0,0.27043,-3.2452,-2.9747,0.0,11.611,13.74,24.732,0.00338,0.0,0.0,0.0,0.0,0.0,0.0,0.0,-99999.0,23.267,23.276,8.1033,-99999.0,50
2016-11-06 01:17:00,0.0,0.3831,-3.0874,-2.7043,0.0,11.701,13.74,24.732,0.00366,0.0,0.0,0.0,0.0,0.0,0.0,0.0,-99999.0,23.289,23.329,8.238099999999998,-99999.0,50
2016-11-06 01:18:00,0.0,0.36057,-3.155,-2.7944,0.0,11.898,13.74,24.732,0.00338,0.0,0.0,0.00423,0.0,0.0,0.0,0.0,-99999.0,23.346,23.433,8.4037,-99999.0,50
2016-11-06 01:19:00,0.0,0.42818,-3.0423,-2.6141,0.0,11.982,13.74,24.729,0.00352,0.0,0.0,0.0,0.0,0.0,0.0,0.0,-99999.0,23.406,23.518,8.514599999999998,-99999.0,50
2016-11-06 01:20:00,0.0,0.40564,-3.1325,-2.7268,0.0,12.021,13.74,24.728,0.00352,0.0,0.0,0.0,0.0,0.0,0.0,0.0,-99999.0,23.478,23.597,8.578699999999998,-99999.0,50
2016-11-06 01:21:00,0.0,0.40564,-3.0874,-2.6817,0.0,12.012,13.74,24.723,0.00352,0.0,0.0,0.0,0.0,0.0,0.0,0.0,-99999.0,23.489,23.624,8.6279,-99999.0,50
2016-11-06 01:22:00,0.0,0.3831,-3.1099,-2.7268,0.0,12.072,13.74,24.719,0.00338,0.0,0.0,0.0021199999999999,0.0,0.0,0.0,0.0,-99999.0,23.47,23.573,8.7614,-99999.0,50
2016-11-06 01:23:00,0.0,0.42817,-3.0198,-2.5916,0.0,12.212,13.74,24.718,0.00338,0.0,0.0,0.0,0.0,0.0,0.0,0.0,-99999.0,23.424,23.465,8.8901,-99999.0,50
2016-11-06 01:24:00,0.0,0.36057,-3.0649,-2.7043,0.0,12.335,13.739,24.718,0.00366,0.0,0.0,0.0,0.0,0.0,0.0,0.0,-99999.0,23.346,23.338,8.907,-99999.0,50
2016-11-06 01:25:00,0.0,0.3831,-3.1325,-2.7494,0.0,12.309,13.74,24.718,0.00352,0.0,0.0,0.0,0.0,0.0,0.0,0.0,-99999.0,23.269,23.238,8.9062,-99999.0,50
2016-11-06 01:26:00,0.0,0.40564,-3.155,-2.7494,0.0,12.237,13.74,24.718,0.00352,0.0,0.0,0.0,0.0,0.0,0.0,0.0,-99999.0,23.235,23.184,8.8908,-99999.0,50
2016-11-06 01:27:00,0.0,0.40564,-3.0198,-2.6142,0.0,12.388,13.74,24.718,0.00338,0.0,0.0,0.0,0.0,0.0,0.0,0.0,-99999.0,23.247,23.203,8.9502,-99999.0,50
2016-11-06 01:28:00,0.0,0.40564,-3.1776,-2.7719,0.0,12.588,13.74,24.718,0.00338,0.0,0.0,0.0021199999999999,0.0,0.0,0.0,0.0,-99999.0,23.291,23.243,8.9665,-99999.0,50
2016-11-06 01:29:00,0.0,0.36057,-3.0423,-2.6817,0.0,12.706,13.74,24.718,0.00338,0.0,0.0,0.0021199999999999,0.0,0.0,0.0,0.0,-99999.0,23.319,23.243,9.0605,-99999.0,50
2016-11-06 01:30:00,0.0,0.40564,-3.1325,-2.7268,0.0,12.774,13.739,24.715,0.00338,0.0,0.0,0.0,0.0,0.0,0.0,0.0,-99999.0,23.3,23.166,9.1535,-99999.0,50
2016-11-06 01:31:00,0.0,0.36057,-3.155,-2.7944,0.0,12.692,13.74,24.709,0.00338,0.0,0.0,0.0,0.0,0.0,0.0,0.0,-99999.0,23.23,23.078,9.248500000000002,-99999.0,50
2016-11-06 01:32:00,0.0,0.36057,-3.155,-2.7944,0.0,12.569,13.74,24.704,0.00338,0.0,0.0,0.0,0.0,0.0,0.0,0.0,-99999.0,23.15,23.002,9.2701,-99999.0,50
2016-11-06 01:33:00,0.0,0.36057,-3.1775,-2.817,0.0,12.392,13.74,24.704,0.00338,0.0,0.0,0.0021199999999999,0.0,0.0,0.0,0.0,-99999.0,23.076,22.955,9.2576,-99999.0,50
2016-11-06 01:34:00,0.0,0.40564,-2.9973,-2.5916,0.0,12.193,13.74,24.704,0.00352,0.0,0.0,0.0021199999999999,0.0,0.0,0.0,0.0,-99999.0,23.035,22.948,9.2332,-99999.0,50
2016-11-06 01:35:00,0.0,0.36057,-3.1099,-2.7494,0.0,12.009,13.74,24.704,0.00338,0.0,0.0,0.0021199999999999,0.0,0.0,0.0,0.0,-99999.0,23.022,22.948,9.1897,-99999.0,50
2016-11-06 01:36:00,0.0,0.3155,-3.0649,-2.7494,0.0,11.961,13.74,24.704,0.00352,0.0,0.0,-0.0021199999999999,0.0,0.0,0.0,0.0,-99999.0,23.073,22.986,9.1752,-99999.0,50
2016-11-06 01:37:00,0.0,0.33803,-3.0649,-2.7268,0.0,11.971,13.74,24.703,0.00366,0.0,0.0,0.0021199999999999,0.0,0.0,0.0,0.0,-99999.0,23.155,23.078,9.2254,-99999.0,50
2016-11-06 01:38:00,0.0,0.36057,-3.1776,-2.817,0.0,11.924,13.74,24.7,0.00338,0.0,0.0,0.0,0.0,0.0,0.0,0.0,-99999.0,23.222,23.171,9.2122,-99999.0,50
2016-11-06 01:39:00,0.0,0.42818,-2.9973,-2.5691,0.0,12.034,13.74,24.693,0.00352,0.0,0.0,0.0,0.0,0.0,0.0,0.0,-99999.0,23.224,23.191,9.2106,-99999.0,50
2016-11-06 01:40:00,0.0,0.3831,-3.1776,-2.7944,0.0,12.015,13.74,24.69,0.00352,0.0,0.0,-0.0021199999999999,0.0,0.0,0.0,0.0,-99999.0,23.223,23.211,9.2477,-99999.0,50
2016-11-06 01:41:00,0.0,0.3155,-3.155,-2.8395,0.0,11.885,13.74,24.69,0.00338,0.0,0.0,0.0021199999999999,0.0,0.0,0.0,0.0,-99999.0,23.189,23.227,9.2502,-99999.0,50
2016-11-06 01:42:00,0.0,0.42818,-2.8621,-2.4339,0.0,11.863,13.74,24.69,0.00352,0.0,0.0,0.0021199999999999,0.0,0.0,0.0,0.0,-99999.0,23.139,23.21,9.2361,-99999.0,50
2016-11-06 01:43:00,0.0,0.33803,-3.1325,-2.7944,0.0,11.876,13.74,24.69,0.00366,0.0,0.0,-0.0021199999999999,0.0,0.0,0.0,0.0,-99999.0,23.111,23.187,9.2877,-99999.0,50
2016-11-06 01:44:00,0.0,0.54086,-2.817,-2.2761,0.0,11.923,13.74,24.69,0.00352,0.0,0.0,0.0,0.0,0.0,0.0,0.0,10.811,23.116,23.167,9.2482,-99999.0,50
2016-11-06 01:45:00,0.0,0.33803,-3.2226,-2.8846,0.0,11.94,13.74,24.69,0.00338,0.0,0.0,0.0,0.0,0.0,0.0,0.0,-99999.0,23.18,23.213,9.2391,-99999.0,50
2016-11-06 01:46:00,0.0,0.33803,-3.2677,-2.9297,0.0,11.937,13.741,24.69,0.00352,0.0,0.0,-0.0021199999999999,0.0,0.0,0.0,0.0,-99999.0,23.263,23.312,9.2572,-99999.0,50
2016-11-06 01:47:00,0.0,0.29297,-2.9522,-2.6592,0.0,11.905,13.74,24.689,0.00352,0.0,0.0,-0.0021199999999999,0.0,0.0,0.0,0.0,-99999.0,23.335,23.377,9.2341,-99999.0,50
2016-11-06 01:48:00,0.0,0.20282,-3.2226,-3.0198,0.0,11.889,13.74,24.683,0.00366,0.0,0.0,0.0,0.0,0.0,0.0,0.0,-99999.0,23.349,23.398,9.1487,-99999.0,50
2016-11-06 01:49:00,0.0,0.33803,-3.2902,-2.9522,0.0,11.951,13.74,24.678,0.00338,0.0,0.0,0.0,0.0,0.0,0.0,0.0,-99999.0,23.336,23.386,9.1785,-99999.0,50
2016-11-06 01:50:00,0.0,0.33803,-3.1099,-2.7719,0.0,12.077,13.741,24.678,0.00352,0.0,0.0,0.0,0.0,0.0,0.0,0.0,-99999.0,23.289,23.338,9.2475,-99999.0,50
2016-11-06 01:51:00,0.0,0.54086,-2.8395,-2.2987,0.0,12.119,13.74,24.676,0.00352,0.0,0.0,0.0,0.0,0.0,0.0,0.0,-4.8248,23.208,23.26,9.2471,-99999.0,50
2016-11-06 01:52:00,0.0,0.3831,-3.0874,-2.7043,0.0,12.138,13.741,24.676,0.00366,0.0,0.0,0.0021199999999999,0.0,0.0,0.0,0.0,-99999.0,23.152,23.185,9.2525,-99999.0,50
2016-11-06 01:53:00,0.0,0.3831,-3.155,-2.7719,0.0,12.22,13.74,24.676,0.00352,0.0,0.0,-0.0021199999999999,0.0,0.0,0.0,0.0,-99999.0,23.141,23.167,9.3242,-99999.0,50
2016-11-06 01:54:00,0.0,0.3605599999999999,-3.2001,-2.8395,0.0,12.2,13.74,24.676,0.00366,0.0,0.0,0.0,0.0,0.0,0.0,0.0,-99999.0,23.212,23.236,9.3051,-99999.0,50
2016-11-06 01:55:00,0.0,0.33803,-3.1325,-2.7944,0.0,12.193,13.74,24.676,0.0038,0.0,0.0,0.0,0.0,0.0,0.0,0.0,-99999.0,23.288,23.31,9.3012,-99999.0,50
2016-11-06 01:56:00,0.0,0.36057,-3.1099,-2.7494,0.0,12.174,13.74,24.676,0.00352,0.0,0.0,0.0021199999999999,0.0,0.0,0.0,0.0,-99999.0,23.337,23.335,9.2931,-99999.0,50
2016-11-06 01:57:00,0.0,0.3155,-3.2001,-2.8846,0.0,12.18,13.74,24.677,0.00338,0.0,0.0,0.0,0.0,0.0,0.0,0.0,-99999.0,23.344,23.338,9.3559,-99999.0,50
2016-11-06 01:58:00,0.0,0.45071,-2.9973,-2.5465,0.0,12.165,13.74,24.676,0.00352,0.0,0.0,0.0,0.0,0.0,0.0,0.0,-99999.0,23.265,23.285,9.3515,-99999.0,50
2016-11-06 01:59:00,0.0,0.3831,-2.9297,-2.5466,0.0,12.258,13.74,24.674,0.00408,0.0,0.0,0.0,0.0,0.0,0.0,0.0,12.85,23.17,23.186,9.406,-99999.0,50
2016-11-06 02:00:00,0.0,0.29297,-3.3803,-3.0874,0.0,12.329,13.74,24.668,0.00366,0.0,0.0,0.0021199999999999,0.0,0.0,0.0,0.0,-99999.0,23.085,23.052,9.4938,-99999.0,50
2016-11-06 02:01:00,0.0,0.40564,-2.8621,-2.4564,0.0,12.304,13.74,24.665,0.00338,0.0,0.0,-0.0021199999999999,0.0,0.0,0.0,0.0,-99999.0,23.076,22.994,9.5244,-99999.0,50
2016-11-06 02:02:00,0.0,0.22536,-3.1325,-2.9071,0.0,12.203,13.74,24.663,0.00338,0.0,0.0,0.0021199999999999,0.0,0.0,0.0,0.0,-99999.0,23.151,23.07,9.5579,-99999.0,50
2016-11-06 02:03:00,0.0,0.3155,-3.1099,-2.7944,0.0,12.179,13.74,24.663,0.00338,0.0,0.0,0.0,0.0,0.0,0.0,0.0,-99999.0,23.228,23.174,9.4897,-99999.0,50
2016-11-06 02:04:00,0.0,0.36057,-3.1099,-2.7494,0.0,12.16,13.74,24.663,0.00352,0.0,0.0,0.0021199999999999,0.0,0.0,0.0,0.0,-99999.0,23.287,23.247,9.4649,-99999.0,50
2016-11-06 02:05:00,0.0,0.36057,-3.1325,-2.7719,0.0,12.282,13.74,24.663,0.00366,0.0,0.0,-0.0021199999999999,0.0,0.0,0.0,0.0,-99999.0,23.303,23.259,9.5348,-99999.0,50
2016-11-06 02:06:00,0.0,0.3155,-3.2902,-2.9747,0.0,12.376,13.74,24.663,0.00352,0.0,0.0,0.0021199999999999,0.0,0.0,0.0,0.0,-99999.0,23.245,23.207,9.6095,-99999.0,50
2016-11-06 02:07:00,0.0,0.24789,-3.3127,-3.0649,0.0,12.427,13.74,24.663,0.00352,0.0,0.0,0.0,0.0,0.0,0.0,0.0,-99999.0,23.126,23.111,9.6501,-99999.0,50
2016-11-06 02:08:00,0.0,0.33803,-2.9522,-2.6142,0.0,12.327,13.74,24.661,0.00352,0.0,0.0,0.0,0.0,0.0,0.0,0.0,-99999.0,23.026,23.046,9.6266,-99999.0,50
2016-11-06 02:09:00,0.0,0.40564,-3.0423,-2.6367,0.0,12.372,13.74,24.661,0.00338,0.0,0.0,0.0021199999999999,0.0,0.0,0.0,0.0,-99999.0,23.037,23.032,9.6167,-99999.0,50
2016-11-06 02:10:00,0.0,0.36057,-3.0649,-2.7043,0.0,12.484,13.741,24.652,0.00352,0.0,0.0,0.0,0.0,0.0,0.0,0.0,-99999.0,23.116,23.091,9.6226,-99999.0,50
2016-11-06 02:11:00,0.0,0.24789,-3.1325,-2.8846,0.0,12.443,13.74,24.65,0.00352,0.0,0.0,0.0,0.0,0.0,0.0,0.0,-99999.0,23.189,23.192,9.6039,-99999.0,50
2016-11-06 02:12:00,0.0,0.27043,-3.4705,-3.2001,0.0,12.339,13.74,24.649,0.00338,0.0,0.0,0.0,0.0,0.0,0.0,0.0,-99999.0,23.213,23.259,9.6111,-99999.0,50
2016-11-06 02:13:00,0.0,0.24789,-3.4254,-3.1776,0.0,12.38,13.74,24.649,0.00338,0.0,0.0,0.0,0.0,0.0,0.0,0.0,-99999.0,23.24,23.294,9.6523,-99999.0,50
2016-11-06 02:14:00,0.0,0.47325,-2.862,-2.3888,0.0,12.459,13.74,24.649,0.00352,0.0,0.0,0.0,0.0,0.0,0.0,0.0,5.5464,23.298,23.311,9.6402,-99999.0,50
2016-11-06 02:15:00,0.0,0.40564,-2.9071,-2.5015,0.0,12.438,13.74,24.649,0.00352,0.0,0.0,0.0,0.0,0.0,0.0,0.0,-99999.0,23.289,23.314,9.639,-99999.0,50
2016-11-06 02:16:00,0.0,0.33803,-3.1776,-2.8395,0.0,12.383,13.741,24.649,0.00366,0.0,0.0,0.0,0.0,0.0,0.0,0.0,-99999.0,23.223,23.3,9.6585,-99999.0,50
2016-11-06 02:17:00,0.0,0.3831,-3.1099,-2.7268,0.0,12.313,13.74,24.652,0.00366,0.0,0.0,0.0,0.0,0.0,0.0,0.0,-99999.0,23.149,23.252,9.6564,-99999.0,50
2016-11-06 02:18:00,0.0,0.33803,-3.2001,-2.8621,0.0,12.257,13.74,24.649,0.00352,0.0,0.0,-0.0021199999999999,0.0,0.0,0.0,0.0,-99999.0,23.126,23.2,9.613,-99999.0,50
2016-11-06 02:19:00,0.0,0.3831,-2.9747,-2.5916,0.0,12.233,13.74,24.649,0.0039399999999999,0.0,0.0,0.0,0.0,0.0,0.0,0.0,-99999.0,23.19,23.244,9.5761,-99999.0,50
2016-11-06 02:20:00,0.0,0.33803,-3.0874,-2.7494,0.0,12.17,13.739,24.649,0.00352,0.0,0.0,0.0,0.0,0.0,0.0,0.0,-99999.0,23.28,23.343,9.4976,-99999.0,50
2016-11-06 02:21:00,0.0,0.42818,-2.9973,-2.5691,0.0,12.154,13.74,24.649,0.00352,0.0,0.0,0.0021199999999999,0.0,0.0,0.0,0.0,-99999.0,23.339,23.381,9.4401,-99999.0,50
2016-11-06 02:22:00,0.0,0.51832,-2.7719,-2.2536,0.0,12.192,13.74,24.649,0.00366,0.0,0.0,0.0,0.0,0.0,0.0,0.0,-99999.0,23.359,23.401,9.4232,-99999.0,50
2016-11-06 02:23:00,0.0,0.27043,-3.2226,-2.9522,0.0,12.213,13.741,24.644,0.00338,0.0,0.0,0.0,0.0,0.0,0.0,0.0,-99999.0,23.295,23.365,9.3988,-99999.0,50
2016-11-06 02:24:00,0.0,0.33803,-3.1776,-2.8395,0.0,12.155,13.74,24.643,0.00408,0.0,0.0,0.0021199999999999,0.0,0.0,0.0,0.0,-99999.0,23.209,23.302,9.368200000000002,-99999.0,50
2016-11-06 02:25:00,0.0,0.42818,-3.0423,-2.6142,0.0,12.151,13.74,24.642,0.0043699999999999,0.0,0.0,0.0,0.0,0.0,0.0,0.0,-99999.0,23.146,23.242,9.3804,-99999.0,50
2016-11-06 02:26:00,0.0,0.33803,-3.493,-3.155,0.0,12.277,13.74,24.642,0.00338,0.0,0.0,0.0,0.0,0.0,0.0,0.0,-99999.0,23.114,23.153,9.4442,-99999.0,50
2016-11-06 02:27:00,0.0,0.40564,-3.3127,-2.9071,0.0,12.356,13.74,24.635,0.00352,0.0,0.0,0.0021199999999999,0.0,0.0,0.0,0.0,-99999.0,23.121,23.101,9.4695,-99999.0,50
2016-11-06 02:28:00,0.0,0.29297,-2.9973,-2.7043,0.0,12.349,13.74,24.635,0.00352,0.0,0.0,-0.0021199999999999,0.0,0.0,0.0,0.0,-99999.0,23.191,23.147,9.493200000000002,-99999.0,50
2016-11-06 02:29:00,0.0,0.29297,-3.0423,-2.7494,0.0,12.206,13.74,24.635,0.0039399999999999,0.0,0.0,0.0,0.0,0.0,0.0,0.0,-99999.0,23.281,23.24,9.5514,-99999.0,50
2016-11-06 02:30:00,0.0,0.3831,-3.0423,-2.6592,0.0,12.234,13.74,24.636,0.00423,0.0,0.0,0.0,0.0,0.0,0.0,0.0,-99999.0,23.31,23.286,9.5324,-99999.0,50
2016-11-06 02:31:00,0.0,0.3831,-3.0874,-2.7043,0.0,12.237,13.74,24.635,0.00366,0.0,0.0,0.0,0.0,0.0,0.0,0.0,-99999.0,23.276,23.306,9.5729,-99999.0,50
2016-11-06 02:32:00,0.0,0.33803,-3.1099,-2.7719,0.0,12.246,13.739,24.636,0.0038,0.0,0.0,0.0021199999999999,0.0,0.0,0.0,0.0,-99999.0,23.216,23.29,9.589,-99999.0,50
2016-11-06 02:33:00,0.0,0.24789,-3.3127,-3.0649,0.0,12.384,13.74,24.635,0.00338,0.0,0.0,0.0,0.0,0.0,0.0,0.0,-99999.0,23.114,23.219,9.5807,-99999.0,50
2016-11-06 02:34:00,0.0,0.36057,-3.0423,-2.6818,0.0,12.384,13.74,24.635,0.00352,0.0,0.0,0.00423,0.0,0.0,0.0,0.0,-99999.0,23.069,23.14,9.5825,-99999.0,50
2016-11-06 02:35:00,0.0,0.51832,-2.8395,-2.3212,0.0,12.357,13.74,24.636,0.00366,0.0,0.0,0.0,0.0,0.0,0.0,0.0,-3.415,23.1,23.14,9.5568,-99999.0,50
2016-11-06 02:36:00,0.0,0.45071,-2.817,-2.3663,0.0,12.455,13.74,24.635,0.00408,0.0,0.0,0.0,0.0,0.0,0.0,0.0,12.411,23.188,23.226,9.5735,-99999.0,50
2016-11-06 02:37:00,0.0,0.36057,-3.1099,-2.7494,0.0,12.42,13.74,24.635,0.0039399999999999,0.0,0.0,0.0,0.0,0.0,0.0,0.0,-99999.0,23.273,23.302,9.5703,-99999.0,50
2016-11-06 02:38:00,0.0,0.3155,-3.1325,-2.817,0.0,12.532,13.74,24.635,0.0038,0.0,0.0,0.0,0.0,0.0,0.0,0.0,-99999.0,23.314,23.302,9.6153,-99999.0,50
2016-11-06 02:39:00,0.0,0.36057,-2.9071,-2.5466,0.0,12.714,13.74,24.635,0.00352,0.0,0.0,0.0,0.0,0.0,0.0,0.0,-99999.0,23.303,23.273,9.7086,-99999.0,50
2016-11-06 02:40:00,0.0,0.36057,-3.2452,-2.8846,0.0,12.934,13.74,24.636,0.00352,0.0,0.0,0.0021199999999999,0.0,0.0,0.0,0.0,-99999.0,23.235,23.223,9.7886,-99999.0,50
2016-11-06 02:41:00,0.0,0.36057,-3.3353,-2.9747,0.0,12.966,13.741,24.631,0.00366,0.0,0.0,0.0,0.0,0.0,0.0,0.0,-99999.0,23.174,23.162,9.8106,-99999.0,50
2016-11-06 02:42:00,0.0,0.3155,-3.1776,-2.8621,0.0,12.818,13.74,24.632,0.0039399999999999,0.0,0.0,0.0021199999999999,0.0,0.0,0.0,0.0,-99999.0,23.111,23.124,9.7862,-99999.0,50
2016-11-06 02:43:00,0.0,0.3155,-3.4254,-3.1099,0.0,12.649,13.741,24.628,0.00352,0.0,0.0,0.0,0.0,0.0,0.0,0.0,-99999.0,23.063,23.084,9.7557,-99999.0,50
2016-11-06 02:44:00,0.0,0.24789,-3.1776,-2.9297,0.0,12.499,13.74,24.627,0.00366,0.0,0.0,0.0,0.0,0.0,0.0,0.0,-99999.0,23.086,23.104,9.6837,-99999.0,50
2016-11-06 02:45:00,0.0,0.29297,-3.0649,-2.7719,0.0,12.455,13.74,24.622,0.00366,0.0,0.0,0.0,0.0,0.0,0.0,0.0,-99999.0,23.158,23.197,9.6224,-99999.0,50
2016-11-06 02:46:00,0.0,0.36057,-2.9522,-2.5916,0.0,12.436,13.74,24.622,0.0038,0.0,0.0,0.0021199999999999,0.0,0.0,0.0,0.0,-99999.0,23.249,23.272,9.6306,-99999.0,50
2016-11-06 02:47:00,0.0,0.22536,-3.1776,-2.9522,0.0,12.483,13.74,24.622,0.0038,0.0,0.0,0.0,0.0,0.0,0.0,0.0,-99999.0,23.307,23.316,9.5842,-99999.0,50
2016-11-06 02:48:00,0.0,0.3831,-3.0198,-2.6367,0.0,12.467,13.74,24.622,0.00366,0.0,0.0,0.0,0.0,0.0,0.0,0.0,-99999.0,23.317,23.338,9.565,-99999.0,50
2016-11-06 02:49:00,0.0,0.33803,-3.0198,-2.6818,0.0,12.539,13.74,24.621,0.0039399999999999,0.0,0.0,0.0021199999999999,0.0,0.0,0.0,0.0,-99999.0,23.271,23.296,9.5828,-99999.0,50
2016-11-06 02:50:00,0.0,0.40564,-2.8846,-2.4789,0.0,12.636,13.74,24.621,0.0046499999999999,0.0,0.0,0.0,0.0,0.0,0.0,0.0,-99999.0,23.183,23.199,9.5826,-99999.0,50
2016-11-06 02:51:00,0.0,0.22536,-3.5155,-3.2902,0.0,12.741,13.74,24.621,0.00366,0.0,0.0,0.0,0.0,0.0,0.0,0.0,-99999.0,23.116,23.145,9.5968,-99999.0,50
2016-11-06 02:52:00,0.0,0.15775,-3.3127,-3.155,0.0,12.725,13.74,24.621,0.00352,0.0,0.0,0.0,0.0,0.0,0.0,0.0,-99999.0,23.094,23.144,9.6692,-99999.0,50
2016-11-06 02:53:00,0.0,0.45071,-2.8621,-2.4113,0.0,12.661,13.74,24.621,0.0038,0.0,0.0,0.0,0.0,0.0,0.0,0.0,-1.3143,23.127,23.127,9.6413,-99999.0,50
2016-11-06 02:54:00,0.0,0.36057,-3.0649,-2.7043,0.0,12.691,13.74,24.622,0.0038,0.0,0.0,0.0,0.0,0.0,0.0,0.0,-99999.0,23.212,23.187,9.6408,-99999.0,50
2016-11-06 02:55:00,0.0,0.3155,-3.0874,-2.7719,0.0,12.77,13.741,24.622,0.00366,0.0,0.0,-0.0021199999999999,0.0,0.0,0.0,0.0,-99999.0,23.307,23.268,9.6573,-99999.0,50
2016-11-06 02:56:00,0.0,0.36057,-3.2001,-2.8395,0.0,12.826,13.74,24.621,0.00352,0.0,0.0,0.0,0.0,0.0,0.0,0.0,-99999.0,23.353,23.28,9.7176,-99999.0,50
2016-11-06 02:57:00,0.0,0.49578,-2.7719,-2.2761,0.0,12.761,13.74,24.621,0.0039399999999999,0.0,0.0,0.0,0.0,0.0,0.0,0.0,11.562,23.345,23.309,9.725,-99999.0,50
2016-11-06 02:58:00,0.0,0.45071,-2.9747,-2.524,0.0,12.757,13.74,24.622,0.0038,0.0,0.0,0.0,0.0,0.0,0.0,0.0,-99999.0,23.319,23.329,9.717,-99999.0,50
2016-11-06 02:59:00,0.0,0.3155,-3.3127,-2.9972,0.0,12.784,13.74,24.622,0.00352,0.0,0.0,0.0021199999999999,0.0,0.0,0.0,0.0,-99999.0,23.263,23.287,9.7269,-99999.0,50
2016-11-06 03:00:00,0.0,0.24789,-3.1776,-2.9297,0.0,12.756,13.74,24.621,0.0038,0.0,0.0,0.0,0.0,0.0,0.0,0.0,-99999.0,23.167,23.19,9.7305,-99999.0,50
2016-11-06 03:01:00,0.0,0.33803,-3.0423,-2.7043,0.0,12.771,13.74,24.621,0.00408,0.0,0.0,0.0021199999999999,0.0,0.0,0.0,0.0,-99999.0,23.112,23.088,9.7217,-99999.0,50
2016-11-06 03:02:00,0.0,0.27043,-3.1325,-2.8621,0.0,12.701,13.74,24.621,0.00408,0.0,0.0,-0.0021199999999999,0.0,0.0,0.0,0.0,-99999.0,23.078,23.018,9.7167,-99999.0,50
2016-11-06 03:03:00,0.0,0.33803,-3.0874,-2.7494,0.0,12.704,13.74,24.622,0.0039399999999999,0.0,0.0,0.0,0.0,0.0,0.0,0.0,-99999.0,23.118,23.007,9.729,-99999.0,50
2016-11-06 03:04:00,0.0,0.29297,-3.0649,-2.7719,0.0,12.615,13.74,24.622,0.00366,0.0,0.0,0.0,0.0,0.0,0.0,0.0,-99999.0,23.209,23.093,9.728700000000002,-99999.0,50
2016-11-06 03:05:00,0.0,0.33803,-3.0423,-2.7043,0.0,12.562,13.74,24.622,0.0039399999999999,0.0,0.0,-0.0021199999999999,0.0,0.0,0.0,0.0,-99999.0,23.283,23.174,9.6869,-99999.0,50
2016-11-06 03:06:00,0.0,0.36057,-3.0198,-2.6592,0.0,12.687,13.741,24.621,0.0038,0.0,0.0,0.0021199999999999,0.0,0.0,0.0,0.0,-99999.0,23.316,23.217,9.7258,-99999.0,50
2016-11-06 03:07:00,0.0,0.27043,-3.1325,-2.8621,0.0,12.799,13.74,24.624,0.00408,0.0,0.0,-0.0021199999999999,0.0,0.0,0.0,0.0,-99999.0,23.291,23.209,9.7773,-99999.0,50
2016-11-06 03:08:00,0.0,0.3155,-3.0649,-2.7494,0.0,12.722,13.74,24.623,0.00366,0.0,0.0,0.0,0.0,0.0,0.0,0.0,-99999.0,23.233,23.213,9.7406,-99999.0,50
2016-11-06 03:09:00,0.0,0.24789,-3.1099,-2.8621,0.0,12.657,13.74,24.622,0.00352,0.0,0.0,0.0,0.0,0.0,0.0,0.0,-99999.0,23.171,23.205,9.715000000000002,-99999.0,50
2016-11-06 03:10:00,0.0,0.36057,-3.1325,-2.7719,0.0,12.665,13.74,24.621,0.00366,0.0,0.0,-0.0021199999999999,0.0,0.0,0.0,0.0,-99999.0,23.128,23.184,9.6889,-99999.0,50
2016-11-06 03:11:00,0.0,0.27043,-3.0649,-2.7944,0.0,12.793,13.741,24.621,0.0039399999999999,0.0,0.0,0.0,0.0,0.0,0.0,0.0,-99999.0,23.118,23.112,9.725,-99999.0,50
2016-11-06 03:12:00,0.0,0.27043,-3.1099,-2.8395,0.0,12.745,13.74,24.623,0.0039399999999999,0.0,0.0,0.0,0.0,0.0,0.0,0.0,-99999.0,23.164,23.124,9.7387,-99999.0,50
2016-11-06 03:13:00,0.0,0.29297,-3.1099,-2.817,0.0,12.681,13.741,24.623,0.0039399999999999,0.0,0.0,0.0021199999999999,0.0,0.0,0.0,0.0,-99999.0,23.252,23.222,9.8061,-99999.0,50
2016-11-06 03:14:00,0.0,0.3155,-3.1325,-2.817,0.0,12.673,13.74,24.621,0.0038,0.0,0.0,0.0,0.0,0.0,0.0,0.0,-99999.0,23.334,23.321,9.782,-99999.0,50
2016-11-06 03:15:00,0.0,0.27043,-3.0649,-2.7944,0.0,12.744,13.74,24.623,0.00366,0.0,0.0,0.0,0.0,0.0,0.0,0.0,-99999.0,23.4,23.379,9.781,-99999.0,50
2016-11-06 03:16:00,0.0,0.33803,-3.0874,-2.7494,0.0,12.852,13.74,24.622,0.00352,0.0,0.0,0.0,0.0,0.0,0.0,0.0,-99999.0,23.469,23.442,9.8107,-99999.0,50
2016-11-06 03:17:00,0.0,0.33803,-2.9973,-2.6592,0.0,12.882,13.74,24.621,0.0039399999999999,0.0,0.0,0.0,0.0,0.0,0.0,0.0,-99999.0,23.463,23.476,9.8168,-99999.0,50
2016-11-06 03:18:00,0.0,0.27043,-3.155,-2.8846,0.0,12.876,13.74,24.623,0.0038,0.0,0.0,0.0,0.0,0.0,0.0,0.0,-99999.0,23.381,23.464,9.8395,-99999.0,50
2016-11-06 03:19:00,0.0,0.33803,-2.9071,-2.5691,-0.0008499999999999,12.803,13.74,24.623,0.0038,0.0,0.0,0.0021199999999999,0.0,0.0,0.0,0.0,-99999.0,23.314,23.424,9.853,-99999.0,50
2016-11-06 03:20:00,0.0,0.20282,-3.3127,-3.1099,0.0,12.712,13.741,24.622,0.0038,0.0,0.0,0.0,0.0,0.0,0.0,0.0,-99999.0,23.272,23.368,9.8315,-99999.0,50
2016-11-06 03:21:00,0.0,0.36057,-3.0198,-2.6592,0.0,12.737,13.74,24.621,0.0038,0.0,0.0,0.0,0.0,0.0,0.0,0.0,-99999.0,23.266,23.295,9.8545,-99999.0,50
2016-11-06 03:22:00,0.0,0.0901399999999999,-3.4705,-3.3803,0.0,12.753,13.74,24.624,0.00338,0.0,0.0,0.0,0.0,0.0,0.0,0.0,-99999.0,23.325,23.313,9.8315,-99999.0,50
2016-11-06 03:23:00,0.0,0.36057,-3.5381,-3.1776,0.0,12.747,13.74,24.621,0.00338,0.0,0.0,0.0,0.0,0.0,0.0,0.0,-99999.0,23.38,23.385,9.8411,-99999.0,50
2016-11-06 03:24:00,0.0,0.22536,-3.493,-3.2677,0.0,12.811,13.74,24.622,0.00366,0.0,0.0,0.0,0.0,0.0,0.0,0.0,-99999.0,23.406,23.405,9.8462,-99999.0,50
2016-11-06 03:25:00,0.0,0.3155,-2.9972,-2.6817,0.0,12.828,13.74,24.623,0.00338,0.0,0.0,0.0,0.0,0.0,0.0,0.0,-99999.0,23.392,23.393,9.8296,-99999.0,50
2016-11-06 03:26:00,0.0,0.29297,-3.1099,-2.817,0.0,12.71,13.74,24.623,0.00338,0.0,0.0,0.0,0.0,0.0,0.0,0.0,-99999.0,23.344,23.382,9.801100000000002,-99999.0,50
2016-11-06 03:27:00,0.0,0.18029,-3.0649,-2.8846,0.0,12.63,13.74,24.623,0.00338,0.0,0.0,0.0,0.0,0.0,0.0,0.0,-99999.0,23.282,23.338,9.8043,-99999.0,50
2016-11-06 03:28:00,0.0,0.3831,-3.0649,-2.6818,0.0,12.599,13.741,24.622,0.0039399999999999,0.0,0.0,0.0,0.0,0.0,0.0,0.0,-99999.0,23.234,23.28,9.7989,-99999.0,50
2016-11-06 03:29:00,0.0,0.3155,-3.2001,-2.8846,0.0,12.639,13.74,24.63,0.00352,0.0,0.0,0.0,0.0,0.0,0.0,0.0,-99999.0,23.207,23.249,9.8281,-99999.0,50
2016-11-06 03:30:00,0.0,0.42818,-2.8621,-2.4339,0.0,12.723,13.74,24.634,0.00338,0.0,0.0,0.0,0.0,0.0,0.0,0.0,-99999.0,23.184,23.191,9.8704,-99999.0,50
2016-11-06 03:31:00,0.0,0.24789,-3.2452,-2.9973,0.0,12.685,13.741,24.636,0.00352,0.0,0.0,0.00423,0.0,0.0,0.0,0.0,-99999.0,23.199,23.145,9.857,-99999.0,50
2016-11-06 03:32:00,0.0,0.40564,-2.8621,-2.4564,0.0,12.541,13.74,24.636,0.0038,0.0,0.0,0.0,0.0,0.0,0.0,0.0,-99999.0,23.271,23.203,9.823,-99999.0,50
2016-11-06 03:33:00,0.0,0.49578,-2.817,-2.3212,0.0,12.476,13.74,24.636,0.0039399999999999,0.0,0.0,0.0,0.0,0.0,0.0,0.0,2.1636,23.345,23.306,9.771400000000002,-99999.0,50
2016-11-06 03:34:00,0.0,0.49578,-2.8846,-2.3888,0.0,12.545,13.74,24.635,0.0043699999999999,0.0,0.0,0.0,0.0,0.0,0.0,0.0,-5.3865,23.387,23.353,9.7519,-99999.0,50
2016-11-06 03:35:00,0.0,0.49578,-2.8395,-2.3437,0.0,12.523,13.741,24.635,0.0043699999999999,0.0,0.0,0.0,0.0,0.0,0.0,0.0,11.213,23.414,23.434,9.6881,-99999.0,50
2016-11-06 03:36:00,0.0,0.27043,-3.3127,-3.0423,0.0,12.468,13.741,24.636,0.00352,0.0,0.0,0.0,0.0,0.0,0.0,0.0,-99999.0,23.394,23.487,9.6469,-99999.0,50
2016-11-06 03:37:00,0.0,0.3155,-3.1325,-2.817,0.0,12.459,13.74,24.635,0.00338,0.0,0.0,0.0,0.0,0.0,0.0,0.0,-99999.0,23.37,23.495,9.6223,-99999.0,50
2016-11-06 03:38:00,0.0,0.24789,-3.2001,-2.9522,0.0,12.48,13.741,24.635,0.00366,0.0,0.0,0.0,0.0,0.0,0.0,0.0,-99999.0,23.35,23.511,9.604,-99999.0,50
2016-11-06 03:39:00,0.0,0.33803,-3.0423,-2.7043,0.0,12.556,13.74,24.639,0.0038,0.0,0.0,0.0,0.0,0.0,0.0,0.0,-99999.0,23.326,23.535,9.5693,-99999.0,50
2016-11-06 03:40:00,0.0,0.33803,-3.1099,-2.7719,0.0,12.631,13.74,24.644,0.00352,0.0,0.0,0.0,0.0,0.0,0.0,0.0,-99999.0,23.294,23.516,9.6035,-99999.0,50
2016-11-06 03:41:00,0.0,0.3155,-3.1099,-2.7944,0.0,12.673,13.74,24.649,0.00352,0.0,0.0,0.0,0.0,0.0,0.0,0.0,-99999.0,23.269,23.47,9.6257,-99999.0,50
2016-11-06 03:42:00,0.0,0.36057,-3.1325,-2.7719,0.0,12.752,13.74,24.649,0.0039399999999999,0.0,0.0,0.0,0.0,0.0,0.0,0.0,-99999.0,23.277,23.413,9.6628,-99999.0,50
2016-11-06 03:43:00,0.0,0.33803,-3.0874,-2.7494,0.0,12.824,13.74,24.649,0.0039399999999999,0.0,0.0,0.0,0.0,0.0,0.0,0.0,-99999.0,23.349,23.447,9.6573,-99999.0,50
2016-11-06 03:44:00,0.0,0.3155,-3.0874,-2.7719,0.0,12.916,13.74,24.65,0.0038,0.0,0.0,0.0,0.0,0.0,0.0,0.0,-99999.0,23.423,23.487,9.6887,-99999.0,50
2016-11-06 03:45:00,0.0,0.3155,-3.0649,-2.7494,0.0,13.077,13.74,24.649,0.00366,0.0,0.0,0.0021199999999999,0.0,0.0,0.0,0.0,-99999.0,23.441,23.487,9.7766,-99999.0,50
2016-11-06 03:46:00,0.0,0.33803,-3.0649,-2.7268,0.0,13.242,13.74,24.65,0.00366,0.0,0.0,0.0,0.0,0.0,0.0,0.0,-99999.0,23.433,23.502,9.8267,-99999.0,50
2016-11-06 03:47:00,0.0,0.33803,-3.0649,-2.7268,0.0,13.273,13.74,24.65,0.00366,0.0,0.0,-0.0021199999999999,0.0,0.0,0.0,0.0,-99999.0,23.382,23.494,9.8863,-99999.0,50
2016-11-06 03:48:00,0.0,0.36057,-2.8846,-2.524,0.0,13.173,13.739,24.657,0.0043699999999999,0.0,0.0,0.0,0.0,0.0,0.0,0.0,-99999.0,23.341,23.493,9.8791,-99999.0,50
2016-11-06 03:49:00,0.0,0.33803,-3.1776,-2.8395,0.0,13.2,13.74,24.662,0.0039399999999999,0.0,0.0,0.0,0.0,0.0,0.0,0.0,-99999.0,23.309,23.477,9.9508,-99999.0,50
2016-11-06 03:50:00,0.0,0.20282,-3.4479,-3.2452,0.0,13.161,13.74,24.664,0.00366,0.0,0.0,0.0021199999999999,0.0,0.0,0.0,0.0,-99999.0,23.255,23.468,10.085,-99999.0,50
2016-11-06 03:51:00,0.0,0.27043,-3.2677,-2.9973,0.0,13.214,13.74,24.663,0.00352,0.0,0.0,0.0,0.0,0.0,0.0,0.0,-99999.0,23.227,23.455,10.113,-99999.0,50
2016-11-06 03:52:00,0.0,0.29297,-3.0649,-2.7719,0.0,13.251,13.74,24.663,0.0038,0.0,0.0,0.0,0.0,0.0,0.0,0.0,-99999.0,23.222,23.421,10.157,-99999.0,50
2016-11-06 03:53:00,0.0,0.33803,-3.0423,-2.7043,0.0,13.294,13.74,24.664,0.00366,0.0,0.0,0.0021199999999999,0.0,0.0,0.0,0.0,-99999.0,23.259,23.392,10.129,-99999.0,50
2016-11-06 03:54:00,0.0,0.29297,-3.0874,-2.7944,0.0,13.36,13.74,24.668,0.00366,0.0,0.0,0.0,0.0,0.0,0.0,0.0,-99999.0,23.355,23.483,10.112,-99999.0,50
2016-11-06 03:55:00,0.0,0.29297,-3.2001,-2.9071,0.0,13.423,13.74,24.677,0.00352,0.0,0.0,0.0,0.0,0.0,0.0,0.0,-99999.0,23.452,23.568,10.141,-99999.0,50
2016-11-06 03:56:00,0.0,0.36057,-3.0649,-2.7043,0.0,13.396,13.74,24.676,0.00338,0.0,0.0,0.0,0.0,0.0,0.0,0.0,-99999.0,23.505,23.619,10.127,-99999.0,50
2016-11-06 03:57:00,0.0,0.27043,-3.1325,-2.8621,0.0,13.552,13.74,24.676,0.00366,0.0,0.0,0.0,0.0,0.0,0.0,0.0,-99999.0,23.544,23.704,10.179,-99999.0,50
2016-11-06 03:58:00,0.0,0.27043,-3.1099,-2.8395,0.0,13.669,13.74,24.676,0.00366,0.0,0.0,0.0,0.0,0.0,0.0,0.0,-99999.0,23.507,23.708,10.311,-99999.0,50
2016-11-06 03:59:00,0.0,0.42818,-2.7944,-2.3663,0.0,13.613,13.74,24.678,0.00366,0.0,0.0,0.0,0.0,0.0,0.0,0.0,7.942599999999999,23.444,23.693,10.398,-99999.0,50
2016-11-06 04:00:00,0.0,0.27043,-3.4479,-3.1776,0.0,13.619,13.74,24.683,0.00338,0.0,0.0,0.0,0.0,0.0,0.0,0.0,-99999.0,23.391,23.655,10.559,-99999.0,50
2016-11-06 04:01:00,0.0,0.42818,-2.9071,-2.4789,0.0,13.458,13.74,24.69,0.00338,0.0,0.0,0.0,0.0,0.0,0.0,0.0,-99999.0,23.341,23.632,10.519,-99999.0,50
2016-11-06 04:02:00,0.0,0.36057,-3.0423,-2.6818,0.0,13.18,13.74,24.691,0.00366,0.0,0.0,0.0,0.0,0.0,0.0,0.0,-99999.0,23.321,23.669,10.449,-99999.0,50
2016-11-06 04:03:00,0.0,0.40564,-3.0874,-2.6818,0.0,13.041,13.74,24.69,0.00408,0.0,0.0,0.00423,0.0,0.0,0.0,0.0,-99999.0,23.333,23.731,10.412,-99999.0,50
2016-11-06 04:04:00,0.0,0.24789,-3.2001,-2.9522,0.0,12.963,13.739,24.692,0.00352,0.0,0.0,0.0,0.0,0.0,0.0,0.0,-99999.0,23.366,23.775,10.381,-99999.0,50
2016-11-06 04:05:00,0.0,0.3155,-3.0423,-2.7268,0.0,12.918,13.74,24.7,0.00338,0.0,0.0,0.0,0.0,0.0,0.0,0.0,-99999.0,23.403,23.802,10.251,-99999.0,50
2016-11-06 04:06:00,0.0,0.3155,-3.1325,-2.817,0.0,12.821,13.739,24.704,0.00338,0.0,0.0,0.0021199999999999,0.0,0.0,0.0,0.0,-99999.0,23.452,23.827,10.068,-99999.0,50
2016-11-06 04:07:00,0.0,0.27043,-3.2226,-2.9522,0.0,12.675,13.739,24.704,0.00352,0.0,0.0,0.0021199999999999,0.0,0.0,0.0,0.0,-99999.0,23.525,23.891,9.88,-99999.0,50
2016-11-06 04:08:00,0.0,0.24789,-3.0874,-2.8395,0.0,12.594,13.739,24.704,0.00352,0.0,0.0,0.0,0.0,0.0,0.0,0.0,-99999.0,23.585,23.999,9.7097,-99999.0,50
2016-11-06 04:09:00,0.0,0.3155,-2.9973,-2.6818,0.0,12.659,13.739,24.705,0.00352,0.0,0.0,0.0,0.0,0.0,0.0,0.0,-99999.0,23.617,24.08,9.712700000000002,-99999.0,50
2016-11-06 04:10:00,0.0,0.40564,-2.9747,-2.5691,0.0,12.688,13.738,24.715,0.00352,0.0,0.0,0.0021199999999999,0.0,0.0,0.0,0.0,-99999.0,23.638,24.123,9.7673,-99999.0,50
2016-11-06 04:11:00,0.0,0.0901399999999999,-3.493,-3.4029,0.0,12.745,13.737,24.718,0.00338,0.0,0.0,0.0,0.0,0.0,0.0,0.0,-99999.0,23.629,24.11,9.6873,-99999.0,50
2016-11-06 04:12:00,0.0,0.20282,-3.4479,-3.2452,0.0,12.861,13.738,24.718,0.00338,0.0,0.0,-0.0021199999999999,0.0,0.0,0.0,0.0,-99999.0,23.653,24.088,9.5738,-99999.0,50
2016-11-06 04:13:00,0.0,0.27043,-3.3578,-3.0874,0.0,12.874,13.738,24.721,0.00352,0.0,0.0,0.0,0.0,0.0,0.0,0.0,-99999.0,23.701,24.126,9.5326,-99999.0,50
2016-11-06 04:14:00,0.0,0.24789,-3.3353,-3.0874,0.0,12.807,13.738,24.732,0.00338,0.0,0.0,0.0,0.0,0.0,0.0,0.0,-99999.0,23.717,24.175,9.5469,-99999.0,50
2016-11-06 04:15:00,0.0,0.45071,-2.8846,-2.4339,0.0,12.759,13.739,24.732,0.00408,0.0,0.0,0.0,0.0,0.0,0.0,0.0,-99999.0,23.72,24.16,9.5224,-99999.0,50
2016-11-06 04:16:00,0.0,0.27043,-3.0198,-2.7494,0.0,12.852,13.738,24.732,0.00338,0.0,0.0,0.0,0.0,0.0,0.0,0.0,-99999.0,23.676,24.067,9.5539,-99999.0,50
2016-11-06 04:17:00,0.0,0.36057,-2.8395,-2.4789,0.0,12.967,13.738,24.738,0.00352,0.0,0.0,0.0,0.0,0.0,0.0,0.0,-99999.0,23.601,23.961,9.5945,-99999.0,50
2016-11-06 04:18:00,0.0,0.22536,-3.155,-2.9297,0.0,13.07,13.738,24.746,0.00338,0.0,0.0,0.0,0.0,0.0,0.0,0.0,-99999.0,23.581,23.909,9.6613,-99999.0,50
2016-11-06 04:19:00,0.0,0.3155,-2.9972,-2.6817,0.0,13.058,13.737,24.746,0.00338,0.0,0.0,0.0,0.0,0.0,0.0,0.0,-99999.0,23.556,23.878,9.625,-99999.0,50
2016-11-06 04:20:00,0.0,0.36057,-2.8846,-2.524,0.0,12.962,13.738,24.746,0.00408,0.0,0.0,0.0021199999999999,0.0,0.0,0.0,0.0,-99999.0,23.521,23.853,9.5933,-99999.0,50
2016-11-06 04:21:00,0.0,0.3155,-3.0649,-2.7494,0.0,12.9,13.738,24.752,0.00366,0.0,0.0,0.0,0.0,0.0,0.0,0.0,-99999.0,23.501,23.85,9.577,-99999.0,50
2016-11-06 04:22:00,0.0,0.24789,-3.1776,-2.9297,0.0,13.044,13.737,24.76,0.00366,0.0,0.0,0.0,0.0,0.0,0.0,0.0,-99999.0,23.459,23.821,9.62,-99999.0,50
2016-11-06 04:23:00,0.0,0.3831,-3.0423,-2.6592,0.0,13.242,13.738,24.76,0.00352,0.0,0.0,0.0,0.0,0.0,0.0,0.0,-99999.0,23.416,23.753,9.7297,-99999.0,50
2016-11-06 04:24:00,0.0,0.42817,-3.0198,-2.5916,0.0,13.305,13.738,24.76,0.00352,0.0,0.0,0.0,0.0,0.0,0.0,0.0,-99999.0,23.35,23.668,9.8203,-99999.0,50
2016-11-06 04:25:00,0.0,0.29297,-3.1776,-2.8846,0.0,13.391,13.737,24.763,0.00338,0.0,0.0,-0.0021199999999999,0.0,0.0,0.0,0.0,-99999.0,23.31,23.608,9.8284,-99999.0,50
2016-11-06 04:26:00,0.0,0.3155,-3.0198,-2.7043,0.0,13.345,13.738,24.774,0.00366,0.0,0.0,0.0,0.0,0.0,0.0,0.0,-99999.0,23.291,23.545,9.8407,-99999.0,50
2016-11-06 04:27:00,0.0,0.33803,-2.9071,-2.5691,0.0,13.37,13.737,24.774,0.00352,0.0,0.0,0.00423,0.0,0.0,0.0,0.0,18.062,23.311,23.499,9.879,-99999.0,50
2016-11-06 04:28:00,0.0,0.33803,-3.2226,-2.8846,0.0,13.356,13.737,24.774,0.00366,0.0,0.0,0.0021199999999999,0.0,0.0,0.0,0.0,-99999.0,23.394,23.542,9.8961,-99999.0,50
2016-11-06 04:29:00,0.0,0.42817,-2.8621,-2.4339,0.0,13.36,13.737,24.774,0.00338,0.0,0.0,0.0,0.0,0.0,0.0,0.0,-99999.0,23.486,23.602,9.977,-99999.0,50
2016-11-06 04:30:00,0.0,0.40564,-3.493,-3.0874,0.0,13.393,13.737,24.782,0.00366,0.0,0.0,0.0021199999999999,0.0,0.0,0.0,0.0,-99999.0,23.541,23.662,10.069,-99999.0,50
2016-11-06 04:31:00,0.0,0.24789,-3.2451,-2.9972,0.0,13.492,13.738,24.788,0.00338,0.0,0.0,0.0,0.0,0.0,0.0,0.0,-99999.0,23.532,23.675,10.122,-99999.0,50
2016-11-06 04:32:00,0.0,0.20282,-3.2902,-3.0874,0.0,13.6,13.738,24.788,0.00338,0.0,0.0,0.0,0.0,0.0,0.0,0.0,-99999.0,23.488,23.643,10.229,-99999.0,50
2016-11-06 04:33:00,0.0,0.29297,-3.2677,-2.9747,0.0,13.589,13.737,24.788,0.00338,0.0,0.0,0.0,0.0,0.0,0.0,0.0,-99999.0,23.424,23.587,10.253,-99999.0,50
2016-11-06 04:34:00,0.0,0.47325,-2.817,-2.3437,0.0,13.529,13.737,24.791,0.00352,0.0,0.0,0.0,0.0,0.0,0.0,0.0,3.4152,23.368,23.523,10.295,-99999.0,50
2016-11-06 04:35:00,0.0,0.40564,-2.9296,-2.524,0.0,13.537,13.737,24.801,0.00352,0.0,0.0,0.0,0.0,0.0,0.0,0.0,-99999.0,23.324,23.479,10.31,-99999.0,50
2016-11-06 04:36:00,0.0,0.40564,-3.0874,-2.6817,0.0,13.505,13.737,24.802,0.00338,0.0,0.0,0.0,0.0,0.0,0.0,0.0,-99999.0,23.299,23.462,10.367,-99999.0,50
2016-11-06 04:37:00,0.0,0.36057,-2.9747,-2.6141,0.0,13.407,13.736,24.802,0.00338,0.0,0.0,0.0,0.0,0.0,0.0,0.0,-99999.0,23.29,23.454,10.364,-99999.0,50
2016-11-06 04:38:00,0.0,0.36057,-3.0649,-2.7043,0.0,13.39,13.737,24.802,0.00338,0.0,0.0,0.0,0.0,0.0,0.0,0.0,-99999.0,23.259,23.427,10.41,-99999.0,50
2016-11-06 04:39:00,0.0,0.27043,-3.2226,-2.9522,0.0,13.391,13.737,24.811,0.00352,0.0,0.0,0.0021199999999999,0.0,0.0,0.0,0.0,-99999.0,23.225,23.395,10.452,-99999.0,50
2016-11-06 04:40:00,0.0,0.29297,-3.1776,-2.8846,0.0,13.443,13.737,24.816,0.00338,0.0,0.0,0.0,0.0,0.0,0.0,0.0,-99999.0,23.211,23.391,10.534,-99999.0,50
2016-11-06 04:41:00,0.0,0.33803,-3.0874,-2.7494,0.0,13.543,13.736,24.816,0.00408,0.0,0.0,0.0,0.0,0.0,0.0,0.0,-99999.0,23.193,23.337,10.541,-99999.0,50
2016-11-06 04:42:00,0.0,0.33803,-2.9972,-2.6592,0.0,13.462,13.737,24.816,0.00352,0.0,0.0,0.0,0.0,0.0,0.0,0.0,-99999.0,23.217,23.297,10.567,-99999.0,50
2016-11-06 04:43:00,0.0,0.42818,-2.862,-2.4338,0.0,13.438,13.736,24.816,0.00338,0.0,0.0,0.0,0.0,0.0,0.0,0.0,-99999.0,23.329,23.358,10.641,-99999.0,50
2016-11-06 04:44:00,0.0,0.24789,-3.3803,-3.1324,0.0,13.432,13.735,24.816,0.00338,0.0,0.0,0.0021199999999999,0.0,0.0,0.0,0.0,-99999.0,23.435,23.446,10.666,-99999.0,50
2016-11-06 04:45:00,0.0,0.40564,-2.9296,-2.524,0.0,13.352,13.737,24.818,0.00352,0.0,0.0,0.0021199999999999,0.0,0.0,0.0,0.0,-99999.0,23.496,23.559,10.651,-99999.0,50
2016-11-06 04:46:00,0.0,0.40564,-2.9071,-2.5015,0.0,13.311,13.735,24.829,0.00366,0.0,0.0,0.0,0.0,0.0,0.0,0.0,-99999.0,23.524,23.661,10.666,-99999.0,50
2016-11-06 04:47:00,0.0,0.45071,-2.8395,-2.3887,0.0,13.331,13.737,24.83,0.00366,0.0,0.0,0.0,0.0,0.0,0.0,0.0,7.6942,23.515,23.611,10.663,-99999.0,50
2016-11-06 04:48:00,0.0,0.40564,-2.9071,-2.5014,0.0,13.284,13.736,24.83,0.00338,0.0,0.0,0.0021199999999999,0.0,0.0,0.0,0.0,19.559,23.461,23.485,10.601,-99999.0,50
2016-11-06 04:49:00,0.0,0.3831,-3.2902,-2.9071,0.0,13.182,13.736,24.83,0.00352,0.0,0.0,0.0,0.0,0.0,0.0,0.0,-99999.0,23.383,23.39,10.548,-99999.0,50
2016-11-06 04:50:00,0.0,0.15775,-3.3803,-3.2226,0.0,13.111,13.735,24.83,0.00338,0.0,0.0,0.0,0.0,0.0,0.0,0.0,-99999.0,23.346,23.389,10.477,-99999.0,50
2016-11-06 04:51:00,0.0,0.36057,-2.9747,-2.6141,0.0,13.044,13.736,24.83,0.00352,0.0,0.0,-0.0021199999999999,0.0,0.0,0.0,0.0,-99999.0,23.352,23.452,10.411,-99999.0,50
2016-11-06 04:52:00,0.0,0.49578,-2.8395,-2.3437,0.0,13.027,13.737,24.833,0.0038,0.0,0.0,0.0,0.0,0.0,0.0,0.0,4.8262,23.38,23.539,10.291,-99999.0,50
2016-11-06 04:53:00,0.0,0.42817,-3.0198,-2.5916,0.0,12.963,13.736,24.837,0.00338,0.0,0.0,-0.0021199999999999,0.0,0.0,0.0,0.0,-99999.0,23.402,23.623,10.227,-99999.0,50
2016-11-06 04:54:00,0.0,0.4281599999999999,-3.1099,-2.6817,0.0,12.913,13.736,24.841,0.0038,0.0,0.0,0.0021199999999999,0.0,0.0,0.0,0.0,-99999.0,23.441,23.709,10.11,-99999.0,50
2016-11-06 04:55:00,0.0,0.3830899999999999,-3.0873,-2.7042,0.0,12.875,13.736,24.844,0.00352,0.0,0.0,0.0,0.0,0.0,0.0,0.0,-99999.0,23.496,23.806,10.007,-99999.0,50
2016-11-06 04:56:00,0.0,0.3831,-3.2901,-2.9071,0.0,12.882,13.735,24.844,0.00366,0.0,0.0,0.0021199999999999,0.0,0.0,0.0,0.0,-99999.0,23.56,23.897,9.8769,-99999.0,50
2016-11-06 04:57:00,0.0,0.36057,-3.0423,-2.6817,0.0,12.869,13.736,24.844,0.00366,0.0,0.0,-0.0021199999999999,0.0,0.0,0.0,0.0,-99999.0,23.61,23.924,9.803,-99999.0,50
2016-11-06 04:58:00,0.0,0.36057,-3.0873,-2.7268,0.0,12.855,13.736,24.844,0.00338,0.0,0.0,0.0021199999999999,0.0,0.0,0.0,0.0,-99999.0,23.607,23.865,9.7305,-99999.0,50
2016-11-06 04:59:00,0.0,0.3155,-3.1099,-2.7944,0.0,12.826,13.735,24.844,0.00338,0.0,0.0,0.0,0.0,0.0,0.0,0.0,-99999.0,23.569,23.755,9.6579,-99999.0,50
2016-11-06 05:00:00,0.0,0.33803,-3.2451,-2.907,0.0,12.869,13.736,24.844,0.00338,0.0,0.0,-0.0021199999999999,0.0,0.0,0.0,0.0,-99999.0,23.527,23.69,9.5807,-99999.0,50
2016-11-06 05:01:00,0.0,0.3605599999999999,-3.1099,-2.7493,0.0,12.933,13.735,24.844,0.00366,0.0,0.0,0.00423,0.0,0.0,0.0,0.0,-99999.0,23.487,23.665,9.4805,-99999.0,50
2016-11-06 05:02:00,0.0,0.3831,-3.1324,-2.7493,0.0,12.837,13.735,24.844,0.00352,0.0,0.0,0.0,0.0,0.0,0.0,0.0,-99999.0,23.493,23.714,9.3654,-99999.0,50
2016-11-06 05:03:00,0.0,0.45071,-2.9296,-2.4789,0.0,12.711,13.735,24.857,0.00352,0.0,0.0,0.0021199999999999,0.0,0.0,0.0,0.0,-99999.0,23.546,23.814,9.2883,-99999.0,50
2016-11-06 05:04:00,0.0,0.4506999999999999,-3.1774,-2.7267,0.0,12.628,13.735,24.858,0.00338,0.0,0.0,0.0,0.0,0.0,0.0,0.0,-99999.0,23.6,23.88,9.1193,-99999.0,50
2016-11-06 05:05:00,0.0,0.3831,-3.1098,-2.7267,0.0,12.518,13.735,24.858,0.00338,0.0,0.0,0.0,0.0,0.0,0.0,0.0,-99999.0,23.661,23.946,8.956699999999998,-99999.0,50
2016-11-06 05:06:00,0.0,0.3605599999999999,-3.0873,-2.7267,0.0,12.384,13.734,24.858,0.00352,0.0,0.0,0.0,0.0,0.0,0.0,0.0,-99999.0,23.746,23.976,8.7664,-99999.0,50
2016-11-06 05:07:00,0.0,0.4506899999999999,-2.8619,-2.4112,0.0,12.215,13.735,24.858,0.00338,0.0,0.0,0.0,0.0,0.0,0.0,0.0,-99999.0,23.794,23.957,8.580199999999998,-99999.0,50
2016-11-06 05:08:00,0.0,0.2253499999999999,-3.3577,-3.1324,0.0,12.028,13.735,24.859,0.00338,0.0,0.0,0.0,0.0,0.0,0.0,0.0,-99999.0,23.759,23.891,8.398099999999998,-99999.0,50
2016-11-06 05:09:00,0.0,0.4281599999999999,-2.9521,-2.5239,0.0,11.86,13.734,24.865,0.0039399999999999,0.0,0.0,-0.0021199999999999,0.0,0.0,0.0,0.0,-99999.0,23.687,23.774,8.2003,-99999.0,50
2016-11-06 05:10:00,0.0,0.3830899999999999,-3.0873,-2.7042,0.0,11.698,13.734,24.871,0.00338,0.0,0.0,0.0021199999999999,0.0,0.0,0.0,0.0,-99999.0,23.658,23.699,8.0095,-99999.0,50
2016-11-06 05:11:00,0.0,0.24789,-3.1099,-2.862,0.0,11.47,13.735,24.872,0.00338,0.0,0.0,0.0,0.0,0.0,0.0,0.0,-99999.0,23.649,23.726,7.8185,-99999.0,50
2016-11-06 05:12:00,0.0,0.4732399999999999,-2.8845,-2.4112,0.0,11.204,13.734,24.872,0.00352,0.0,0.0,0.0021199999999999,0.0,0.0,0.0,0.0,-99999.0,23.673,23.776,7.6654,-99999.0,50
2016-11-06 05:13:00,0.0,0.3605499999999999,-3.2,-2.8395,0.0,11.017,13.734,24.872,0.00338,0.0,0.0,0.0,0.0,0.0,0.0,0.0,-99999.0,23.698,23.82,7.5736,-99999.0,50
2016-11-06 05:14:00,0.0,0.4056199999999999,-3.0873,-2.6817,0.0,11.056,13.735,24.872,0.00366,0.0,0.0,0.0021199999999999,0.0,0.0,0.0,0.0,-99999.0,23.708,23.871,7.5918,-99999.0,50
2016-11-06 05:15:00,0.0,0.29296,-3.2,-2.907,0.0,11.219,13.734,24.872,0.00338,0.0,0.0,0.0,0.0,0.0,0.0,0.0,-99999.0,23.717,23.887,7.7272,-99999.0,50
2016-11-06 05:16:00,0.0,0.3605599999999999,-3.0873,-2.7268,0.0,11.45,13.735,24.876,0.00352,0.0,0.0,0.0,0.0,0.0,0.0,0.0,-99999.0,23.705,23.839,7.8844,-99999.0,50
2016-11-06 05:17:00,0.0,0.3380099999999999,-3.1324,-2.7944,0.0,11.544,13.734,24.882,0.00338,0.0,0.0,-0.0021199999999999,0.0,0.0,0.0,0.0,-99999.0,23.642,23.738,7.9791,-99999.0,50
2016-11-06 05:18:00,0.0,0.4281599999999999,-3.0872,-2.6591,0.0,11.482,13.734,24.886,0.00366,0.0,0.0,0.0021199999999999,0.0,0.0,0.0,0.0,-99999.0,23.571,23.62,7.9869,-99999.0,50
2016-11-06 05:19:00,0.0,0.3154899999999999,-3.1098,-2.7943,0.0,11.359,13.733,24.886,0.00338,0.0,0.0,0.0021199999999999,0.0,0.0,0.0,0.0,-99999.0,23.542,23.596,7.9252,-99999.0,50
2016-11-06 05:20:00,0.0,0.3830899999999999,-3.0422,-2.6591,0.0,11.292,13.734,24.886,0.00366,0.0,0.0,0.0,0.0,0.0,0.0,0.0,-99999.0,23.545,23.622,7.8339,-99999.0,50
2016-11-06 05:21:00,0.0,0.4281599999999999,-3.0197,-2.5915,0.0,11.262,13.734,24.886,0.00338,0.0,0.0,0.0,0.0,0.0,0.0,0.0,-99999.0,23.572,23.675,7.6913,-99999.0,50
2016-11-06 05:22:00,0.0,0.2929499999999999,-3.1999,-2.907,0.0,11.223,13.735,24.886,0.00338,0.0,0.0,0.0021199999999999,0.0,0.0,0.0,0.0,-99999.0,23.634,23.75,7.5416,-99999.0,50
2016-11-06 05:23:00,0.0,0.4056299999999999,-3.0872,-2.6816,0.0,11.165,13.735,24.886,0.00352,0.0,0.0,-0.0021199999999999,0.0,0.0,0.0,0.0,-99999.0,23.75,23.885,7.4184,-99999.0,50
2016-11-06 05:24:00,0.0,0.3380199999999999,-3.1999,-2.8619,0.0,11.11,13.735,24.886,0.00352,0.0,0.0,0.0,0.0,0.0,0.0,0.0,-99999.0,23.897,24.032,7.294699999999998,-99999.0,50
2016-11-06 05:25:00,0.0,0.4281599999999999,-3.0873,-2.6591,0.0,11.042,13.734,24.886,0.00338,0.0,0.0,0.0021199999999999,0.0,0.0,0.0,0.0,-99999.0,23.984,24.084,7.1441,-99999.0,50
2016-11-06 05:26:00,0.0,0.3605599999999999,-3.0422,-2.6816,0.0,10.953,13.735,24.893,0.00352,0.0,0.0,0.0,0.0,0.0,0.0,0.0,-99999.0,23.967,24.044,7.0627,-99999.0,50
2016-11-06 05:27:00,0.0,0.3154899999999999,-3.1999,-2.8844,0.0,10.85,13.734,24.9,0.00338,0.0,0.0,-0.0021199999999999,0.0,0.0,0.0,0.0,-99999.0,23.901,23.95,6.9799,-99999.0,50
2016-11-06 05:28:00,0.0,0.3830899999999999,-2.952,-2.569,0.0,10.748,13.734,24.9,0.00338,0.0,0.0,0.0021199999999999,0.0,0.0,0.0,0.0,-99999.0,23.811,23.83,6.8941,-99999.0,50
2016-11-06 05:29:00,0.0,0.3380199999999999,-3.2,-2.862,0.0,10.644,13.734,24.9,0.00338,0.0,0.0,0.0,0.0,0.0,0.0,0.0,-99999.0,23.708,23.703,6.8235,-99999.0,50
2016-11-06 05:30:00,0.0,0.3380199999999999,-3.1098,-2.7718,0.0,10.544,13.735,24.9,0.00338,0.0,0.0,0.0021199999999999,0.0,0.0,0.0,0.0,-99999.0,23.636,23.594,6.7771,-99999.0,50
2016-11-06 05:31:00,0.0,0.2478799999999999,-3.5154,-3.2675,0.0,10.48,13.734,24.901,0.00338,0.0,0.0,0.0,0.0,0.0,0.0,0.0,-99999.0,23.638,23.609,6.6992,-99999.0,50
2016-11-06 05:32:00,0.0,0.2028099999999999,-3.4927,-3.2899,0.0,10.431,13.734,24.911,0.00338,0.0,0.0,-0.0021199999999999,0.0,0.0,0.0,0.0,-99999.0,23.683,23.691,6.6781,-99999.0,50
2016-11-06 05:33:00,0.0,0.1577399999999999,-3.4477,-3.29,0.0,10.391,13.733,24.914,0.00338,0.0,0.0,0.0,0.0,0.0,0.0,0.0,-99999.0,23.724,23.778,6.6762,-99999.0,50
2016-11-06 05:34:00,0.0,0.3154799999999999,-2.9971,-2.6816,0.0,10.346,13.735,24.914,0.00338,0.0,0.0,-0.0021199999999999,0.0,0.0,0.0,0.0,-99999.0,23.732,23.836,6.667,-99999.0,50
2016-11-06 05:35:00,0.0,0.29296,-3.1548,-2.8618,0.0,10.416,13.734,24.914,0.00338,0.0,0.0,0.0021199999999999,0.0,0.0,0.0,0.0,-99999.0,23.744,23.825,6.6948,-99999.0,50
2016-11-06 05:36:00,0.0,0.3154899999999999,-3.1098,-2.7943,0.0,10.536,13.734,24.914,0.00338,0.0,0.0,0.0,0.0,0.0,0.0,0.0,-99999.0,23.712,23.757,6.7257,-99999.0,50
2016-11-06 05:37:00,0.0,0.3605599999999999,-2.8844,-2.5238,0.0,10.548,13.734,24.915,0.00338,0.0,0.0,0.0,0.0,0.0,0.0,0.0,-99999.0,23.642,23.656,6.6109,-99999.0,50
2016-11-06 05:38:00,0.0,0.2478799999999999,-3.245,-2.9971,0.0,10.501,13.734,24.924,0.00352,0.0,0.0,0.0,0.0,0.0,0.0,0.0,-99999.0,23.568,23.546,6.4962,-99999.0,50
2016-11-06 05:39:00,0.0,0.3605499999999999,-3.0196,-2.6591,0.0,10.451,13.734,24.928,0.00338,0.0,0.0,0.0,0.0,0.0,0.0,0.0,-99999.0,23.493,23.441,6.4563,-99999.0,50
2016-11-06 05:40:00,0.0,0.2929499999999999,-3.0647,-2.7717,0.0,10.394,13.734,24.928,0.00338,0.0,0.0,0.0021199999999999,0.0,0.0,0.0,0.0,-99999.0,23.487,23.421,6.4015,-99999.0,50
2016-11-06 05:41:00,0.0,0.3830799999999999,-2.9295,-2.5464,0.0,10.355,13.734,24.928,0.00338,0.0,0.0,0.0021199999999999,0.0,0.0,0.0,0.0,-99999.0,23.519,23.486,6.418,-99999.0,50
2016-11-06 05:42:00,0.0,0.3154799999999999,-3.0646,-2.7492,0.0,10.329,13.733,24.928,0.00338,0.0,0.0,0.0021199999999999,0.0,0.0,0.0,0.0,-99999.0,23.564,23.561,6.3961,-99999.0,50
2016-11-06 05:43:00,0.0,0.2929499999999999,-3.1322,-2.8393,0.0,10.266,13.734,24.928,0.00352,0.0,0.0,-0.0021199999999999,0.0,0.0,0.0,0.0,-99999.0,23.6,23.638,6.3342,-99999.0,50
2016-11-06 05:44:00,0.0,0.3380099999999999,-2.9745,-2.6365,0.0,10.198,13.733,24.928,0.00338,0.0,0.0,-0.0021199999999999,0.0,0.0,0.0,0.0,-99999.0,23.63,23.669,6.2189,-99999.0,50
2016-11-06 05:45:00,0.0,0.2704099999999999,-3.1773,-2.9069,0.0,10.096,13.734,24.928,0.00338,0.0,0.0,0.0021199999999999,0.0,0.0,0.0,0.0,-99999.0,23.625,23.636,6.1423,-99999.0,50
2016-11-06 05:46:00,0.0,0.3154899999999999,-3.0421,-2.7266,0.0,9.9967,13.734,24.928,0.00338,0.0,0.0,0.0021199999999999,0.0,0.0,0.0,0.0,-99999.0,23.592,23.575,6.0806,-99999.0,50
2016-11-06 05:47:00,0.0,0.2478799999999999,-3.0872,-2.8393,0.0,9.9148,13.733,24.928,0.00338,0.0,0.0,-0.0021199999999999,0.0,0.0,0.0,0.0,-99999.0,23.529,23.498,6.0261,-99999.0,50
2016-11-06 05:48:00,0.0,0.3380099999999999,-3.1097,-2.7717,0.0,9.8123,13.734,24.928,0.00338,0.0,0.0,0.0,0.0,0.0,0.0,0.0,-99999.0,23.457,23.415,5.9345,-99999.0,50
2016-11-06 05:49:00,0.0,0.3380099999999999,-3.1097,-2.7717,0.0,9.7351,13.734,24.928,0.00352,0.0,0.0,0.0021199999999999,0.0,0.0,0.0,0.0,-99999.0,23.391,23.317,5.8349,-99999.0,50
2016-11-06 05:50:00,0.0,0.3154899999999999,-3.0871,-2.7717,0.0,9.6721,13.733,24.928,0.00338,0.0,0.0,0.0,0.0,0.0,0.0,0.0,-99999.0,23.343,23.242,5.7476,-99999.0,50
2016-11-06 05:51:00,0.0,0.3605499999999999,-3.0647,-2.7041,0.0,9.5923,13.734,24.928,0.00352,0.0,0.0,-0.0021199999999999,0.0,0.0,0.0,0.0,-99999.0,23.323,23.211,5.6435,-99999.0,50
2016-11-06 05:52:00,0.0,0.2929399999999999,-3.1998,-2.9069,0.0,9.4996,13.734,24.928,0.00352,0.04233,0.0,0.0,0.0,0.0001399999999999,0.0001399999999999,0.0,-99999.0,23.366,23.303,5.5641,-99999.0,50
2016-11-06 05:53:00,0.0,0.40561,-2.997,-2.5914,0.0,9.4381,13.734,24.928,0.00352,0.3301399999999999,0.0,0.0021199999999999,0.0,0.00117,0.00117,0.0,-99999.0,23.48,23.482,5.5103,-99999.0,50
2016-11-06 05:54:00,0.0,0.3380099999999999,-3.0646,-2.7266,0.0,9.3765,13.733,24.928,0.00338,0.42325,0.0,-0.0021199999999999,0.0,0.00143,0.00143,0.0,-99999.0,23.544,23.598,5.445,-99999.0,50
2016-11-06 05:55:00,0.0,0.2478799999999999,-3.1773,-2.9295,0.0,9.3106,13.733,24.928,0.00352,0.5523299999999999,0.0,0.0,0.0,0.00194,0.00194,0.0,-99999.0,23.578,23.656,5.4072,-99999.0,50
2016-11-06 05:56:00,0.0,0.3605599999999999,-2.9746,-2.614,0.0,9.2507,13.734,24.928,0.00352,0.69625,0.0,0.0,0.0,0.0024499999999999,0.0024499999999999,0.0,-99999.0,23.594,23.667,5.3712,-99999.0,50
2016-11-06 05:57:00,0.0,0.2929499999999999,-3.1323,-2.8393,0.0,9.2196,13.733,24.928,0.00352,0.8845899999999999,0.0,0.0,0.0,0.0030999999999999,0.0030999999999999,0.0,-99999.0,23.591,23.609,5.3886,-99999.0,50
2016-11-06 05:58:00,0.0,0.338,-2.9745,-2.6365,0.0,9.1877,13.733,24.929,0.00338,1.1153,0.0,0.0,0.0,0.0037699999999999,0.0037699999999999,0.0,-99999.0,23.555,23.536,5.4217,-99999.0,50
2016-11-06 05:59:00,0.0,0.3154799999999999,-3.0872,-2.7717,0.0,9.1916,13.733,24.932,0.00338,1.4115,0.0,0.0,0.0,0.0047699999999999,0.0047699999999999,0.0,-99999.0,23.492,23.451,5.4978,-99999.0,50
2016-11-06 06:00:00,0.0,0.2929499999999999,-3.1773,-2.8844,0.0,9.3742,13.734,24.932,0.00338,1.748,0.0,0.76388,0.0,0.00591,0.00591,0.0,-99999.0,23.415,23.352,5.6582,-99999.0,50
2016-11-06 06:01:00,0.0,0.3830799999999999,-3.1322,-2.7492,0.0,9.4332,13.734,24.931,0.00338,2.1776,0.0,1.4982,0.0,0.00736,0.00736,0.0,-99999.0,23.332,23.243,5.7968,-99999.0,50
2016-11-06 06:02:00,0.0,0.3830799999999999,-3.1097,-2.7266,0.0,9.498,13.734,24.928,0.00366,2.7004,0.0,2.0208,0.0,0.0098399999999999,0.0098399999999999,0.0,-99999.0,23.257,23.149,6.0284,-99999.0,50
2016-11-06 06:03:00,0.0,0.3830799999999999,-3.1097,-2.7266,0.0,10.023,13.733,24.929,0.00338,3.3564,0.0,2.6663,0.0,0.01135,0.01135,0.0,-99999.0,23.184,23.063,6.3296,-99999.0,50
2016-11-06 06:04:00,0.0,0.3380099999999999,-3.0421,-2.7041,0.0,10.518,13.733,24.928,0.00366,4.1986,0.0,3.4704,0.0,0.01537,0.01537,0.0,-99999.0,23.15,23.039,6.6198,-99999.0,50
2016-11-06 06:05:00,0.0,0.36054,-3.1097,-2.7492,0.0,11.242,13.733,24.928,0.00352,5.242,0.0,4.524,0.0,0.01853,0.01853,0.0,-99999.0,23.123,23.054,6.9801,-99999.0,50
2016-11-06 06:06:00,0.0,0.3154799999999999,-3.0421,-2.7267,0.0,11.622,13.734,24.928,0.00338,6.5434,0.0,5.8021,0.0,0.02212,0.02212,0.0,-99999.0,23.093,23.088,7.2141,-99999.0,50
2016-11-06 06:07:00,0.0,0.40561,-2.9745,-2.5689,0.0,11.827,13.734,24.928,0.00338,8.122,0.0,7.3575,0.0,0.0274499999999999,0.0274499999999999,0.0,-99999.0,23.09,23.117,7.441099999999999,-99999.0,50
2016-11-06 06:08:00,0.0,0.2929399999999999,-3.1322,-2.8393,0.0,12.27,13.734,24.928,0.00338,10.048,0.0,9.2727,0.0,0.0339599999999999,0.0339599999999999,0.0,-99999.0,23.128,23.137,7.663299999999999,-99999.0,50
2016-11-06 06:09:00,0.0,0.38307,-3.0196,-2.6365,0.0,12.457,13.734,24.928,0.00366,12.446,0.0,11.615,0.0,0.04555,0.04555,0.0,-99999.0,23.161,23.147,7.8512,-99999.0,50
2016-11-06 06:10:00,0.0,0.3380099999999999,-3.1548,-2.8167,0.0,12.581,13.734,24.928,0.00366,15.307,0.0,14.453,0.0,0.0558999999999999,0.0558999999999999,0.0,-99999.0,23.164,23.137,7.9999,-99999.0,50
2016-11-06 06:11:00,0.0,0.3154799999999999,-3.1548,-2.8393,0.0,12.454,13.734,24.917,0.00408,18.714,0.0,17.836,0.0,0.07655,0.07655,0.0,-99999.0,23.191,23.147,8.1066,-99999.0,50
2016-11-06 06:12:00,0.0,0.3154799999999999,-2.9745,-2.659,0.0,12.403,13.734,24.914,0.00366,22.851,0.0,21.948,0.0,0.084,0.084,0.0,-99999.0,23.215,23.23,8.2309,-99999.0,50
2016-11-06 06:13:00,0.0,0.2929499999999999,-3.1548,-2.8618,0.0,12.35,13.734,24.914,0.0043699999999999,27.911,0.0,27.022,0.0,0.12169,0.12169,0.0,-99999.0,23.265,23.309,8.348599999999998,-99999.0,50
2016-11-06 06:14:00,0.0,0.40561,-2.952,-2.5464,0.0,12.358,13.734,24.914,0.0043699999999999,34.046,0.0,33.144,0.0,0.14939,0.14939,0.0,-99999.0,23.302,23.386,8.4061,-99999.0,50
2016-11-06 06:15:00,0.0,0.2929499999999999,-3.0871,-2.7942,0.0,12.408,13.734,24.912,0.00479,41.391,0.0,40.524,0.0,0.1981199999999999,0.1981199999999999,0.0,-99999.0,23.281,23.399,8.474,-99999.0,50
2016-11-06 06:16:00,0.0,0.3830799999999999,-3.1097,-2.7267,0.0,12.619,13.734,24.914,0.0046499999999999,50.07,0.0,49.2,0.0,0.23344,0.23344,0.0,-99999.0,23.233,23.376,8.6051,-99999.0,50
2016-11-06 06:17:00,0.0,0.2929499999999999,-2.9745,-2.6816,0.0,12.839,13.734,24.914,0.00521,60.086,0.0,59.207,0.0,0.3138099999999999,0.3138099999999999,0.0,-99999.0,23.154,23.291,8.696099999999998,-99999.0,50
2016-11-06 06:18:00,0.0,0.36054,-3.0196,-2.6591,0.0,12.954,13.734,24.912,0.00549,71.271,0.0,70.306,0.0,0.3930299999999999,0.3930299999999999,0.0,-99999.0,23.096,23.233,8.7866,-99999.0,50
2016-11-06 06:19:00,0.0,0.36054,-3.1097,-2.7492,0.0,12.944,13.734,24.908,0.0061999999999999,83.153,0.0,82.043,0.0,0.51577,0.51577,0.0,-99999.0,23.084,23.234,8.8354,-99999.0,50
2016-11-06 06:20:00,0.0,-0.0901399999999999,-3.4477,-3.5378,0.0,12.836,13.735,24.901,0.00676,95.17,0.0,93.887,0.0,0.64338,0.64338,0.0,-99999.0,23.096,23.271,8.865999999999998,-99999.0,50
2016-11-06 06:21:00,0.0,-0.22534,-3.5153,-3.7407,0.0,12.693,13.734,24.9,0.00676,106.65,0.0,105.03,0.0,0.72097,0.72097,0.0,-99999.0,23.142,23.328,8.9137,-99999.0,50
2016-11-06 06:22:00,0.0,-0.3154799999999999,-3.7857,-4.1012,0.0,12.629,13.735,24.9,0.00676,117.15,0.0,115.16,0.0,0.79198,0.79198,0.0,-99999.0,23.18,23.335,8.9312,-99999.0,50
2016-11-06 06:23:00,0.0,-0.1577399999999999,-3.5604,-3.7182,0.0,12.598,13.734,24.9,0.00676,126.64,0.0,124.37,0.0,0.8561499999999999,0.8561499999999999,0.0,-99999.0,23.226,23.346,8.9455,-99999.0,50
2016-11-06 06:24:00,0.0,-0.2704099999999999,-3.718,-3.9885,0.0,12.548,13.734,24.9,0.00676,135.46,0.0,132.88,0.0,0.91572,0.91572,0.0,-99999.0,23.269,23.388,9.0294,-99999.0,50
2016-11-06 06:25:00,0.0,-0.2028099999999999,-3.4927,-3.6955,0.0,12.567,13.734,24.9,0.0068999999999999,143.7,0.0,140.85,0.0,0.99172,0.99172,0.0,-99999.0,23.319,23.427,9.032,-99999.0,50
2016-11-06 06:26:00,0.0,-0.2028099999999999,-3.673,-3.8758,0.0,12.82,13.735,24.9,0.0102799999999999,141.53,0.0,148.27,0.0,1.3917,1.3917,0.0,-99999.0,23.348,23.441,9.1384,-99999.0,50
2016-11-06 06:27:00,0.0,-0.24787,-3.6731,-3.921,0.0,12.877,13.734,24.9,0.01718,128.12,0.0,132.17,0.0,2.1293,2.1293,0.0,-99999.0,23.319,23.429,9.1747,-99999.0,50
2016-11-06 06:28:00,0.0,-0.2253499999999999,-3.9209,-4.1463,0.0,12.784,13.735,24.9,0.02099,128.22,0.0,126.03,0.0,2.6426,2.6426,0.0,-99999.0,23.27,23.404,9.179900000000002,-99999.0,50
2016-11-06 06:29:00,0.0,-0.2704199999999999,-4.0787,-4.3491,0.0,12.698,13.735,24.894,0.0243699999999999,127.32,0.0,127.26,0.0,2.9948,2.9948,0.0,-99999.0,23.235,23.387,9.1396,-99999.0,50
2016-11-06 06:30:00,0.0,-0.40561,-3.921,-4.3266,0.0,12.8,13.735,24.887,0.02901,125.55,0.0,127.63,0.0,3.5709,3.5709,0.0,-99999.0,23.206,23.391,9.1548,-99999.0,50
2016-11-06 06:31:00,0.0,-0.3154799999999999,-4.0561,-4.3716,0.0,13.058,13.734,24.886,0.03282,126.15,0.0,129.22,0.0,4.0569,4.0569,0.0,-99999.0,23.184,23.376,9.3061,-99999.0,50
2016-11-06 06:32:00,0.0,-0.3154799999999999,-4.2815,-4.597,0.0,12.969,13.734,24.887,0.0376,125.17,0.00141,129.68,0.17158,4.6014,4.773,0.0,-99999.0,23.181,23.354,9.3224,-99999.0,50
2016-11-06 06:33:00,0.0,-0.4281599999999999,-4.304,-4.7322,0.0,12.916,13.735,24.886,0.04225,126.02,0.00704,129.66,0.8270899999999999,5.2356,6.0626,0.0,-99999.0,23.253,23.403,9.3576,-99999.0,50
2016-11-06 06:34:00,0.0,-0.4281499999999999,-4.1914,-4.6195,0.0,12.931,13.735,24.884,0.0461999999999999,126.78,0.01183,128.22,1.4325,5.7411,7.1737,0.0,-99999.0,23.352,23.499,9.3829,-99999.0,50
2016-11-06 06:35:00,0.0,-0.5633599999999999,-4.3942,-4.9576,0.0,12.785,13.736,24.886,0.0536599999999999,117.78,0.01648,129.74,1.9928,6.2207,8.2135,0.0,-99999.0,23.446,23.6,9.3268,-99999.0,50
2016-11-06 06:36:00,0.0,-0.65349,-4.4167,-5.0702,0.0,12.77,13.735,24.886,0.05732,125.93,0.02366,125.48,2.8254,7.1245,9.9498,0.0,-99999.0,23.577,23.732,9.3723,-99999.0,50
2016-11-06 06:37:00,0.0,-0.6534999999999999,-4.3492,-5.0027,0.0,12.801,13.735,24.886,0.06338,126.84,0.02887,127.63,3.592,7.9649,11.557,0.0,-99999.0,23.618,23.752,9.4897,-99999.0,50
2016-11-06 06:38:00,0.0,-0.56337,-4.4617,-5.0251,0.0,12.894,13.735,24.886,0.06915,130.02,0.03465,130.78,4.4598,8.941,13.401,0.0,-99999.0,23.556,23.631,9.4981,-99999.0,50
2016-11-06 06:39:00,0.0,-0.69857,-4.6871,-5.3857,0.0,12.861,13.735,24.886,0.0702799999999999,142.88,0.0371799999999999,142.41,5.2279,9.9214,15.149,0.0,-99999.0,23.458,23.486,9.5083,-99999.0,50
2016-11-06 06:40:00,0.0,-0.6760399999999999,-4.6646,-5.3407,0.0,12.885,13.735,24.886,0.05591,181.49,0.0226799999999999,181.06,4.1043,10.145,14.25,0.0,-99999.0,23.399,23.418,9.5756,-99999.0,50
2016-11-06 06:41:00,0.0,-0.6084199999999998,-4.6196,-5.228,0.0,12.996,13.735,24.886,0.05394,190.32,0.02084,190.32,3.9655,10.265,14.231,0.0,-99999.0,23.373,23.422,9.6168,-99999.0,50
2016-11-06 06:42:00,0.0,-0.6985599999999998,-4.6421,-5.3406,0.0,13.163,13.735,24.886,0.05296,197.01,0.0198599999999999,197.6,3.924,10.432,14.357,0.0,-99999.0,23.383,23.489,9.6551,-99999.0,50
2016-11-06 06:43:00,0.0,-0.5858999999999999,-4.6647,-5.2506,0.0,13.167,13.735,24.886,0.05127,202.33,0.01873,203.27,3.8068,10.373,14.179,0.0,-99999.0,23.406,23.589,9.6053,-99999.0,50
2016-11-06 06:44:00,0.0,-0.67603,-4.6196,-5.2956,0.0,13.187,13.735,24.879,0.0509799999999999,206.89,0.0173199999999999,208.17,3.6057,10.548,14.154,0.0,-99999.0,23.446,23.693,9.5321,-99999.0,50
2016-11-06 06:45:00,0.0,-0.69859,-4.6196,-5.3182,0.0,13.169,13.735,24.88,0.0502799999999999,211.84,0.02253,209.47,4.6027,10.651,15.254,0.0,-99999.0,23.517,23.807,9.4797,-99999.0,50
2016-11-06 06:46:00,0.0,-0.58589,-4.5745,-5.1604,0.0,13.131,13.735,24.881,0.0601399999999999,211.12,0.0226799999999999,214.97,4.8749,12.636,17.511,0.0,-99999.0,23.587,23.921,9.4974,-99999.0,50
2016-11-06 06:47:00,0.0,-0.6760399999999999,-4.6195,-5.2956,0.0,13.099,13.735,24.872,0.05648,218.32,0.0214099999999999,219.68,4.7022,12.33,17.032,0.0,-99999.0,23.632,23.978,9.4035,-99999.0,50
2016-11-06 06:48:00,0.0,-0.69857,-4.642,-5.3406,0.0,13.056,13.736,24.872,0.05493,224.14,0.0202799999999999,224.68,4.5566,12.311,16.868,0.0,-99999.0,23.683,24.003,9.3585,-99999.0,50
2016-11-06 06:49:00,0.0,-0.65348,-4.6646,-5.3181,0.0,12.983,13.736,24.874,0.05408,230.91,0.02,230.67,4.6125,12.489,17.101,0.0,-99999.0,23.732,24.003,9.3191,-99999.0,50
2016-11-06 06:50:00,0.0,-0.6534999999999999,-4.6195,-5.273,0.0,12.773,13.736,24.872,0.05267,238.88,0.0190099999999999,237.95,4.5237,12.581,17.105,0.0,-99999.0,23.794,23.991,9.3292,-99999.0,50
2016-11-06 06:51:00,0.0,6.7607,12.71,19.47,0.0,12.443,13.736,24.872,0.0980199999999999,241.01,0.13,226.42,27.859,22.576,50.434,0.0,-99999.0,23.832,23.995,9.3286,-99999.0,50
2016-11-06 06:52:00,0.0,37.408,32.541,69.948,0.0,12.313,13.735,24.872,0.29647,207.55,0.2509799999999999,211.55,53.097,61.451,114.55,0.0,-99999.0,23.878,24.006,9.3426,-99999.0,50
2016-11-06 06:53:00,0.0,53.205,52.302,105.51,0.0,12.242,13.737,24.872,0.41266,195.71,0.3508299999999999,211.03,74.232,80.827,155.06,0.0,-99999.0,23.928,24.056,9.314,-99999.0,50
2016-11-06 06:54:00,0.0,128.38,128.13,256.51,0.0,12.211,13.736,24.872,0.77137,209.58,0.69152,228.17,158.6,162.5,321.11,0.0,-99999.0,23.984,24.124,9.3752,-99999.0,50
2016-11-06 06:55:00,0.0,245.83,238.73,484.56,0.0,12.21,13.736,24.872,1.2725,227.36,1.1322,245.81,278.69,289.83,568.52,0.0,-99999.0,24.023,24.201,9.6405,-99999.0,50
2016-11-06 06:56:00,0.0,228.8,214.37,443.17,0.0,12.281,13.736,24.872,1.1636,233.67,1.0148,250.51,254.21,271.9,526.11,0.0,-99999.0,24.054,24.229,9.9255,-99999.0,50
2016-11-06 06:57:00,0.0,125.18,108.37,233.55,0.0,12.268,13.735,24.872,0.6844799999999999,231.76,0.55942,247.16,138.27,158.67,296.94,0.0,-99999.0,24.073,24.195,9.9998,-99999.0,50
2016-11-06 06:58:00,0.0,62.693,49.891,112.59,0.0,12.247,13.735,24.872,0.3943499999999999,228.65,0.2993,242.0,72.47499999999998,90.181,162.66,0.0,-5.4322,24.068,24.133,9.9041,-99999.0,50
2016-11-06 06:59:00,0.0,39.705,29.791,69.497,0.0,12.162,13.736,24.872,0.29281,220.72,0.20873,234.81,49.027,64.64,113.67,0.0,-99999.0,24.108,24.148,9.7139,-99999.0,50
2016-11-06 07:00:00,0.0,35.695,29.474,65.169,0.0,12.093,13.736,24.872,0.2963299999999999,203.7,0.21351,223.8,47.785,60.353,108.14,0.0,-99999.0,24.165,24.219,9.5262,-99999.0,50
2016-11-06 07:01:00,0.0,32.743,29.341,62.084,0.0,12.022,13.736,24.872,0.30112,190.9,0.22647,214.53,48.577,57.482,106.06,0.0,-99999.0,24.215,24.299,9.3606,-99999.0,50
2016-11-06 07:02:00,0.0,31.549,29.114,60.663,0.0,11.961,13.735,24.872,0.29408,190.42,0.23197,209.27,48.548,55.997,104.55,0.0,-99999.0,24.256,24.369,9.2283,-99999.0,50
2016-11-06 07:03:00,0.0,31.571,29.07,60.64,0.0,11.842,13.736,24.872,0.29421,190.42,0.24661,203.4,50.153,56.024,106.18,0.0,-99999.0,24.365,24.464,9.0696,-99999.0,50
2016-11-06 07:04:00,0.0,33.397,29.724,63.12,0.0,11.665,13.736,24.872,0.30323,190.39,0.26379,198.0,52.228,57.73,109.96,0.0,-99999.0,24.488,24.57,8.9188,-99999.0,50
2016-11-06 07:05:00,0.0,36.168,32.9,69.068,0.0,11.544,13.736,24.873,0.3194299999999999,190.42,0.27971,196.05,54.833,60.824,115.66,0.0,-99999.0,24.524,24.604,8.7554,-99999.0,50
2016-11-06 07:06:00,0.0,39.57,35.604,75.17499999999998,0.0,11.444,13.735,24.872,0.33942,190.47,0.30253,194.85,58.937,64.65,123.59,0.0,-99999.0,24.51,24.566,8.6157,-99999.0,50
2016-11-06 07:07:00,0.0,44.37,40.765,85.13599999999998,0.0,11.366,13.736,24.879,0.36745,186.8,0.3256299999999999,196.0,63.816,68.627,132.44,0.0,-99999.0,24.473,24.513,8.5326,-99999.0,50
2016-11-06 07:08:00,0.0,48.563,45.79,94.353,0.0,11.188,13.736,24.884,0.40167,183.46,0.3526699999999999,198.24,69.936,73.685,143.62,0.0,-99999.0,24.401,24.43,8.463599999999998,-99999.0,50
2016-11-06 07:09:00,0.0,55.051,52.437,107.49,0.0,11.081,13.736,24.886,0.43378,189.14,0.3867399999999999,201.76,78.03499999999998,82.063,160.1,0.0,-99999.0,24.356,24.368,8.400299999999998,-99999.0,50
2016-11-06 07:10:00,0.0,60.01,58.364,118.37,0.0,10.963,13.736,24.886,0.46787,188.77,0.42674,197.5,84.23999999999998,88.28199999999998,172.52,0.0,-99999.0,24.379,24.428,8.3621,-99999.0,50
2016-11-06 07:11:00,0.0,69.881,68.482,138.36,0.0,10.954,13.736,24.886,0.52773,184.41,0.48365,197.37,95.465,97.253,192.72,0.0,-99999.0,24.431,24.505,8.3925,-99999.0,50
2016-11-06 07:12:00,0.0,82.229,84.34699999999998,166.58,0.0,11.037,13.736,24.886,0.60885,185.2,0.55674,202.89,113.15,112.95,226.1,0.0,-99999.0,24.5,24.59,8.478799999999998,-99999.0,50
2016-11-06 07:13:00,0.0,143.18,148.19,291.37,0.0,10.993,13.736,24.887,0.88926,201.7,0.8217999999999999,219.63,180.95,179.83,360.78,0.0,-99999.0,24.544,24.67,8.565799999999998,-99999.0,50
2016-11-06 07:14:00,0.0,189.94,190.21,380.15,0.0,10.939,13.736,24.886,1.0532,216.09,1.0252,220.61,226.12,227.57,453.69,0.0,-99999.0,24.584,24.713,8.7185,-99999.0,50
2016-11-06 07:15:00,0.0,213.38,217.55,430.93,0.0,10.933,13.735,24.886,1.1467,221.16,1.1179,225.58,251.76,253.09,504.85,0.0,-99999.0,24.623,24.673,8.872999999999998,-99999.0,50
2016-11-06 07:16:00,0.0,470.03,486.26,956.3,0.0,10.941,13.736,24.886,2.505,209.09,2.4897,213.96,531.95,523.23,1055.2,0.0,-99999.0,24.597,24.613,9.2645,-99999.0,50
2016-11-06 07:17:00,0.0,571.66,586.64,1158.3,0.0,10.996,13.736,24.887,2.9153,217.97,2.9125,222.39,647.25,635.03,1282.3,0.0,-99999.0,24.533,24.556,9.9209,-99999.0,50
2016-11-06 07:18:00,0.0,689.41,708.45,1397.9,0.0,11.043,13.735,24.887,3.2645,233.21,3.2751,237.64,780.2,763.08,1543.3,0.0,-99999.0,24.464,24.491,10.572,-99999.0,50
2016-11-06 07:19:00,0.0,856.86,884.13,1741.0,0.0,11.194,13.737,24.889,3.9775,237.57,4.0025,242.65,970.65,944.3900000000002,1915.0,0.0,34.091,24.401,24.425,11.492,-99999.0,50
2016-11-06 07:20:00,0.0,940.45,972.22,1912.7,0.0,11.463,13.737,24.896,4.2524,243.57,4.3027,248.33,1068.7,1035.9,2104.6,0.0,-99999.0,24.427,24.647,12.507,-99999.0,50
2016-11-06 07:21:00,0.0,1008.8,1035.9,2044.6,0.0,12.009,13.735,24.894,4.69,235.91,4.7215,241.44,1139.9,1106.4,2246.2,0.0,-99999.0,25.453,26.963,13.541,-99999.0,50
2016-11-06 07:22:00,0.0,1065.7,1091.6,2157.3,0.0,12.59,13.735,24.896,4.8898,238.53,5.1216,233.65,1196.4,1166.7,2363.1,0.0,-99999.0,25.73,27.224,14.527,-99999.0,50
2016-11-06 07:23:00,0.0,1009.9,1047.5,2057.4,0.0,12.932,13.735,24.897,4.6011,241.12,4.8512,237.18,1150.5,1109.5,2260.0,0.0,-99999.0,26.786,28.865,15.431,-99999.0,50
2016-11-06 07:24:00,0.0,885.1799999999998,921.62,1806.8,0.0,13.296,13.736,24.9,4.0655,240.3,4.2667,237.56,1013.6,976.95,1990.5,0.0,-99999.0,26.704,28.426,16.044,-99999.0,50
2016-11-06 07:25:00,0.0,880.24,908.2600000000001,1788.5,0.0,13.506,13.736,24.9,4.1667,232.7,4.1626,239.45,996.48,969.2600000000001,1965.8,0.0,-99999.0,27.352,29.408,16.487,-99999.0,50
2016-11-06 07:26:00,0.0,999.34,1030.8,2030.1,0.0,13.76,13.736,24.9,4.753,230.95,4.752,237.51,1128.7,1097.7,2226.4,0.0,-99999.0,27.274,28.857,17.003,-99999.0,50
2016-11-06 07:27:00,0.0,1002.8,1039.0,2041.8,0.0,13.91,13.736,24.9,4.8841,224.96,4.8419,234.41,1134.8,1098.9,2233.8,0.0,-99999.0,28.354,30.371,17.585,-99999.0,50
2016-11-06 07:28:00,0.0,980.99,1021.3,2002.3,0.0,14.039,13.737,24.9,4.678,230.23,4.5894,240.84,1105.1,1076.9,2182.0,0.0,-99999.0,28.989,29.911,18.019,-99999.0,50
2016-11-06 07:29:00,0.0,767.71,794.33,1562.0,0.0,14.095,13.736,24.9,3.7075,228.22,3.6229,238.89,864.35,845.0,1709.4,0.0,-99999.0,29.501,30.586,18.123,-99999.0,50
2016-11-06 07:30:00,0.0,980.0,1012.0,1992.0,0.0,14.199,13.736,24.899,4.9493,216.26,4.9154,226.14,1110.8,1070.0,2180.7,0.0,-99999.0,29.604,30.365,18.406,-99999.0,50
2016-11-06 07:31:00,0.0,1072.1,1084.9,2157.0,0.0,14.33,13.736,24.897,5.2624,222.51,5.3416,222.36,1187.7,1171.0,2358.7,0.0,-99999.0,29.979,31.091,18.796,-99999.0,50
2016-11-06 07:32:00,0.0,1249.2,1258.4,2507.6,0.0,14.403,13.736,24.9,6.1139,222.3,6.2291,220.24,1372.0,1359.1,2731.1,0.0,-99999.0,30.435,31.539,19.431,-99999.0,50
2016-11-06 07:33:00,0.0,1271.0,1308.1,2579.1,0.0,14.449,13.736,24.9,6.1417,225.67,6.1855,230.37,1424.9,1385.9,2810.8,0.0,-99999.0,30.91,32.178,20.053,-99999.0,50
2016-11-06 07:34:00,0.0,1231.2,1269.8,2501.0,0.0,14.486,13.736,24.9,5.9094,226.74,5.954,231.36,1377.2,1339.6,2716.8,0.0,-1.6921,31.556,32.673,20.578,-99999.0,50
2016-11-06 07:35:00,0.0,1243.2,1279.5,2522.6,0.0,14.549,13.736,24.9,5.8279,232.48,5.8751,237.4,1394.7,1354.8,2749.5,0.0,-99999.0,32.197,32.906,21.039,-99999.0,50
2016-11-06 07:36:00,0.0,1310.4,1354.3,2664.7,0.0,14.617,13.735,24.9,6.4076,223.31,6.4,230.57,1473.6,1428.8,2902.4,0.0,-99999.0,32.798,33.168,21.463,-99999.0,50
2016-11-06 07:37:00,0.0,1420.0,1470.0,2890.0,0.0,14.759,13.735,24.897,7.1448,216.11,7.1526,222.76,1593.1,1543.9,3137.0,0.0,-99999.0,33.455,33.377,21.988,-99999.0,50
2016-11-06 07:38:00,0.0,1447.7,1485.8,2933.6,0.0,14.861,13.736,24.895,6.883,229.17,6.9404,232.83,1615.8,1577.0,3192.9,0.0,-99999.0,34.216,33.87,22.571,-99999.0,50
2016-11-06 07:39:00,0.0,1397.7,1443.2,2840.9,0.0,14.918,13.735,24.889,6.4579,236.19,6.6487,237.33,1578.1,1525.4,3103.5,0.0,-99999.0,34.905,34.371,23.003,-99999.0,50
2016-11-06 07:40:00,0.0,1464.1,1501.4,2965.6,0.0,14.959,13.735,24.887,6.936,230.19,7.0666,232.33,1641.8,1596.5,3238.3,0.0,-99999.0,35.485,34.846,23.358,-99999.0,50
2016-11-06 07:41:00,0.0,1484.9,1521.5,3006.4,0.0,15.027,13.736,24.886,7.1688,225.53,7.2011,230.36,1658.7,1616.6,3275.3,0.0,-99999.0,35.898,35.187,23.812,-99999.0,50
2016-11-06 07:42:00,0.0,1449.3,1505.7,2955.0,0.0,15.136,13.736,24.886,7.0828,222.71,6.9367,233.54,1620.0,1577.4,3197.3,0.0,-99999.0,36.17,35.339,24.153,-99999.0,50
2016-11-06 07:43:00,0.0,1358.7,1399.8,2758.5,0.0,15.172,13.736,24.886,6.5145,227.87,6.6015,230.93,1524.2,1484.3,3008.6,0.0,-99999.0,36.269,35.427,24.296,-99999.0,50
2016-11-06 07:44:00,0.0,1414.0,1442.1,2856.1,0.0,15.209,13.736,24.886,6.9332,222.36,7.081,222.29,1573.7,1540.9,3114.5,0.0,-99999.0,36.257,35.504,24.367,-99999.0,50
2016-11-06 07:45:00,0.0,1471.3,1505.4,2976.7,0.0,15.28,13.736,24.886,7.0834,226.3,7.1308,230.72,1644.9,1602.6,3247.5,0.0,-99999.0,36.233,35.644,24.799,-99999.0,50
2016-11-06 07:46:00,0.0,1321.8,1354.8,2676.6,0.0,15.371,13.736,24.886,6.2819,229.9,6.3173,234.53,1481.5,1444.1,2925.6,0.0,-99999.0,36.248,35.8,25.085,-99999.0,50
2016-11-06 07:47:00,0.0,1329.4,1362.1,2691.4,0.0,15.373,13.737,24.886,6.3985,226.79,6.4184,231.75,1486.7,1450.3,2936.9,0.0,-99999.0,36.051,35.847,25.037,-99999.0,50
2016-11-06 07:48:00,0.0,1356.5,1389.5,2746.0,0.0,15.328,13.736,24.886,6.4723,228.74,6.5057,233.26,1517.7,1480.7,2998.4,0.0,-99999.0,35.795,35.813,25.184,-99999.0,50
2016-11-06 07:49:00,0.0,1559.2,1588.5,3147.8,0.0,15.326,13.736,24.886,7.6406,221.75,7.6588,226.8,1736.5,1693.9,3430.3,0.0,-99999.0,35.694,36.022,25.572,-99999.0,50
2016-11-06 07:50:00,0.0,1554.9,1587.4,3142.3,0.0,15.382,13.736,24.886,7.8345,215.74,7.8654,220.65,1735.5,1690.2,3425.7,0.0,-99999.0,35.787,36.263,26.077,-99999.0,50
2016-11-06 07:51:00,0.0,1471.2,1487.5,2958.7,0.0,15.463,13.736,24.886,7.367899999999999,216.99,7.488,217.0,1624.6,1598.8,3223.4,0.0,-99999.0,35.785,36.642,26.629,-99999.0,50
2016-11-06 07:52:00,0.0,1481.9,1518.3,3000.2,0.0,15.582,13.736,24.887,7.5567,213.42,7.5311,219.86,1656.4,1611.1,3267.5,0.0,-99999.0,35.728,36.852,26.968,-99999.0,50
2016-11-06 07:53:00,0.0,1462.0,1527.9,2989.9,0.0,15.756,13.735,24.887,7.6664,207.38,7.2988,228.77,1669.8,1589.3,3259.1,0.0,-99999.0,35.801,37.003,27.464,-99999.0,50
2016-11-06 07:54:00,0.0,1277.3,1330.8,2608.1,0.0,15.949,13.735,24.887,6.4863,214.74,6.3385,226.67,1436.8,1392.8,2829.5,0.0,-99999.0,35.926,37.173,27.476,-99999.0,50
2016-11-06 07:55:00,0.0,1158.3,1181.1,2339.5,0.0,15.964,13.735,24.888,5.7176,221.1,5.7956,222.62,1290.0,1264.0,2554.1,0.0,-99999.0,35.87,37.176,27.174,-99999.0,50
2016-11-06 07:56:00,0.0,939.36,966.24,1905.6,0.0,15.909,13.736,24.894,4.5934,224.2,4.6843,225.01,1054.2,1030.0,2084.2,0.0,-99999.0,35.571,37.055,26.782,-99999.0,50
2016-11-06 07:57:00,0.0,896.98,925.74,1822.7,0.0,15.825,13.736,24.897,4.4639,219.88,4.5151,220.94,995.94,979.81,1975.8,0.0,-99999.0,35.262,36.995,26.216,-99999.0,50
2016-11-06 07:58:00,0.0,902.72,925.45,1828.2,0.0,15.867,13.735,24.9,4.5597,216.75,4.5777,219.74,1005.5,987.93,1993.5,0.0,-99999.0,35.003,37.072,25.772,-99999.0,50
2016-11-06 07:59:00,0.0,1110.4,1141.9,2252.3,0.0,15.754,13.735,24.9,5.7122,211.63,5.9833,208.56,1247.3,1196.1,2443.4,0.0,-99999.0,34.836,37.256,25.538,-99999.0,50
2016-11-06 08:00:00,0.0,1177.4,1207.6,2385.0,0.0,15.727,13.737,24.9,5.9646,215.2,6.0282,215.79,1300.6,1283.4,2583.9,0.0,-99999.0,34.769,37.244,25.873,-99999.0,50
2016-11-06 08:01:00,0.0,884.01,905.3,1789.3,0.0,15.669,13.735,24.9,4.5306,213.53,4.5571,214.34,975.46,966.1400000000002,1941.6,0.0,-99999.0,34.801,37.2,25.562,-99999.0,50
2016-11-06 08:02:00,0.0,1174.4,1220.2,2394.5,0.0,15.563,13.735,24.9,6.3224,201.75,6.2919,209.0,1315.2,1275.3,2590.5,0.0,-99999.0,34.683,37.312,25.473,-99999.0,50
2016-11-06 08:03:00,0.0,1367.5,1423.2,2790.8,0.0,15.589,13.735,24.9,7.0278,211.39,6.8815,223.91,1541.7,1486.6,3028.3,0.0,-99999.0,34.678,37.462,25.946,-99999.0,50
2016-11-06 08:04:00,0.0,1322.3,1360.5,2682.8,0.0,15.612,13.736,24.9,6.5394,220.23,6.4402,229.12,1475.5,1439.9,2915.4,0.0,-99999.0,35.001,37.746,26.222,-99999.0,50
2016-11-06 08:05:00,0.0,1442.9,1480.6,2923.5,0.0,15.578,13.735,24.906,6.9351,226.59,7.2888,217.69,1586.0,1570.5,3156.5,0.0,-99999.0,35.296,38.049,26.486,-99999.0,50
2016-11-06 08:06:00,0.0,1683.2,1758.7,3441.9,0.0,15.692,13.735,24.914,8.649,212.15,8.3018,227.2,1886.5,1833.3,3719.7,0.0,-99999.0,35.615,38.288,27.221,-99999.0,50
2016-11-06 08:07:00,0.0,1798.7,1838.7,3637.3,0.0,15.908,13.735,24.914,9.031,216.64,9.0315,221.25,1997.2,1956.4,3953.5,0.0,-99999.0,36.172,38.616,28.205,-99999.0,50
2016-11-06 08:08:00,0.0,1803.6,1815.5,3619.0,0.0,16.279,13.735,24.914,9.0318,217.63,9.2856,214.47,1991.4,1965.6,3957.0,0.0,-99999.0,36.693,39.073,29.358,-99999.0,50
2016-11-06 08:09:00,0.0,1728.8,1754.5,3483.2,0.0,16.542,13.735,24.914,8.5062,221.36,8.7642,218.76,1917.4,1883.1,3800.4,0.0,-99999.0,37.099,39.463,30.242,-99999.0,50
2016-11-06 08:10:00,0.0,1815.4,1851.2,3666.6,0.0,16.723,13.735,24.921,9.1142,216.67,9.2429,217.42,2009.2,1974.4,3983.6,0.0,-99999.0,37.224,39.48,31.08,-99999.0,50
2016-11-06 08:11:00,0.0,1657.0,1692.6,3349.5,0.0,16.979,13.735,24.928,8.1844,218.06,8.336299999999998,218.27,1819.2,1784.4,3603.6,0.0,-99999.0,37.338,39.636,31.826,-99999.0,50
2016-11-06 08:12:00,0.0,1329.1,1366.3,2695.4,0.0,16.996,13.735,24.928,6.5261,219.59,6.6417,220.32,1463.9,1433.6,2897.5,0.0,-99999.0,37.356,39.716,31.559,-99999.0,50
2016-11-06 08:13:00,0.0,1674.3,1738.6,3412.8,0.0,17.137,13.735,24.928,7.8857,232.2,8.0419,233.15,1875.7,1831.7,3707.4,0.0,-99999.0,37.235,39.563,31.763,-99999.0,50
2016-11-06 08:14:00,0.0,1790.9,1820.7,3611.6,0.0,17.322,13.735,24.936,8.6308,226.64,8.6635,229.18,1984.3,1955.0,3939.3,0.0,-99999.0,37.322,39.536,32.576,-99999.0,50
2016-11-06 08:15:00,0.0,1866.2,1872.8,3739.0,0.0,17.464,13.734,24.942,9.3897,214.75,9.4425,217.05,2049.1,2016.1,4065.1,0.0,-99999.0,37.581,39.681,32.866,-99999.0,50
2016-11-06 08:16:00,0.0,1880.6,1875.7,3756.3,0.0,17.599,13.735,24.942,9.4195,214.93,9.4377,217.9,2056.3,2024.5,4080.7,0.0,-99999.0,37.889,40.132,33.471,-99999.0,50
2016-11-06 08:17:00,0.0,1883.2,1869.6,3752.7,0.0,17.672,13.734,24.953,9.7362,207.6,9.2628,221.82,2054.6,2020.7,4075.2,0.0,-99999.0,38.251,40.632,34.206,-99999.0,50
2016-11-06 08:18:00,0.0,1909.4,1913.7,3823.0,0.0,17.699,13.734,24.956,9.9952,207.17,9.4803,221.79,2102.5,2070.6,4173.0,0.0,-99999.0,38.581,40.999,34.646,-99999.0,50
2016-11-06 08:19:00,0.0,1913.0,1936.1,3849.0,0.0,17.85,13.735,24.964,10.082,206.63,9.8728,215.26,2125.2,2083.1,4208.2,0.0,-99999.0,38.873,41.283,35.428,-99999.0,50
2016-11-06 08:20:00,0.0,1908.8,1933.1,3841.9,0.0,18.13,13.734,24.97,9.9987,208.48,9.9152,213.89,2120.7,2084.4,4205.1,0.0,-99999.0,39.086,41.514,35.971,-99999.0,50
2016-11-06 08:21:00,0.0,1919.5,1940.7,3860.2,0.0,18.294,13.734,24.976,9.9636,210.53,10.164,209.48,2129.1,2097.6,4226.7,0.0,-99999.0,39.226,41.7,36.649,-99999.0,50
2016-11-06 08:22:00,0.0,1927.6,1946.4,3874.0,0.0,18.221,13.734,24.984,10.158,206.96,10.221,209.24,2138.5,2102.2,4240.6,0.0,-99999.0,39.38,41.87,37.171,-99999.0,50
2016-11-06 08:23:00,0.0,1940.3,1962.7,3902.9,0.0,18.045,13.733,24.985,10.153,208.48,10.236,209.98,2149.2,2116.6,4265.7,0.0,-99999.0,39.45,42.01,37.056,-99999.0,50
2016-11-06 08:24:00,0.0,1946.5,1977.3,3923.8,0.0,17.786,13.734,24.998,10.21,208.05,10.26,210.07,2155.3,2124.2,4279.4,0.0,-99999.0,39.18,42.149,37.089,-99999.0,50
2016-11-06 08:25:00,0.0,1950.0,1980.1,3930.0,0.0,17.845,13.733,25.002,10.216,208.52,10.305,209.61,2159.8,2130.1,4289.9,0.0,-99999.0,38.681,42.275,37.606,-99999.0,50
2016-11-06 08:26:00,0.0,1950.7,1988.8,3939.5,0.0,17.796,13.733,25.012,10.183,209.31,10.328,209.53,2164.1,2131.4,4295.4,0.0,-99999.0,38.16,42.413,38.137,-99999.0,50
2016-11-06 08:27:00,0.0,1960.4,1994.2,3954.6,0.0,17.931,13.732,25.015,10.233,209.05,10.396,209.06,2173.2,2139.1,4312.3,0.0,-99999.0,37.668,42.546,38.331,-99999.0,50
2016-11-06 08:28:00,0.0,1966.9,2003.5,3970.3,0.0,17.916,13.733,25.026,10.418,206.1,10.431,209.41,2184.3,2146.9,4331.1,0.0,-99999.0,37.379,42.63,38.38,-99999.0,50
2016-11-06 08:29:00,0.0,1974.6,2012.9,3987.4,0.0,17.918,13.732,25.031,10.481,205.58,10.447,210.05,2194.4,2154.6,4349.0,0.0,-99999.0,37.278,42.72,38.417,-99999.0,50
2016-11-06 08:30:00,0.0,1979.8,2019.5,3999.2,0.0,17.696,13.732,25.04,10.45,207.01,10.568,208.26,2200.9,2163.2,4364.1,0.0,-99999.0,37.275,42.832,38.711,-99999.0,50
2016-11-06 08:31:00,0.0,1988.1,2021.1,4009.2,0.0,17.542,13.731,25.042,10.544,205.83,10.585,208.56,2207.6,2170.1,4377.7,0.0,-99999.0,37.251,42.956,39.063,-99999.0,50
2016-11-06 08:32:00,0.0,1996.1,2032.4,4028.4,0.0,17.57,13.732,25.054,10.512,207.54,10.642,208.39,2217.6,2181.6,4399.2,0.0,-99999.0,37.205,43.123,39.347,-99999.0,50
2016-11-06 08:33:00,0.0,2003.7,2042.7,4046.3,0.0,17.711,13.732,25.062,10.573,206.51,10.683,208.28,2225.1,2183.3,4408.4,0.0,-99999.0,37.237,43.24,39.541,-99999.0,50
2016-11-06 08:34:00,0.0,2004.2,2044.6,4048.7,0.0,17.796,13.731,25.068,10.6,205.89,10.767,206.53,2223.5,2182.4,4405.9,0.0,-99999.0,37.292,43.344,40.121,-99999.0,50
2016-11-06 08:35:00,0.0,2006.9,2047.0,4053.9,0.0,17.934,13.731,25.077,10.645,205.37,10.862,205.06,2227.2,2186.0,4413.2,0.0,-99999.0,37.374,43.426,40.569,-99999.0,50
2016-11-06 08:36:00,0.0,1995.3,2034.3,4029.6,0.0,18.105,13.73,25.086,10.66,203.93,10.687,207.18,2214.0,2173.2,4387.1,0.0,7.1101,37.448,43.509,40.736,-99999.0,50
2016-11-06 08:37:00,0.0,2030.9,2072.8,4103.6,0.0,18.187,13.73,25.096,10.835,203.94,10.886,207.35,2257.1,2209.5,4466.5,0.0,16.785,37.537,43.572,40.467,-99999.0,50
2016-11-06 08:38:00,0.0,2039.0,2092.7,4131.7,0.0,18.09,13.731,25.1,10.858,204.97,10.963,207.37,2273.4,2225.4,4498.8,0.0,-99999.0,37.663,43.665,40.645,-99999.0,50
2016-11-06 08:39:00,0.0,2054.1,2099.3,4153.4,0.0,18.219,13.73,25.11,10.932,204.72,11.041,206.89,2284.1,2238.0,4522.1,0.0,-99999.0,37.792,43.768,40.583,-99999.0,50
2016-11-06 08:40:00,0.0,2060.4,2110.1,4170.4,0.0,18.255,13.73,25.12,11.019,203.9,11.056,207.34,2292.3,2246.7,4539.0,0.0,-99999.0,37.905,43.869,40.403,-99999.0,50
2016-11-06 08:41:00,0.0,2066.0,2142.6,4208.6,0.0,18.181,13.729,25.124,11.068,204.11,11.14,206.58,2301.1,2258.9,4560.0,0.0,-99999.0,38.004,43.981,40.46,-99999.0,50
2016-11-06 08:42:00,0.0,2078.0,2166.5,4244.5,0.0,17.984,13.73,25.138,11.038,205.73,11.143,207.69,2314.2,2270.6,4584.7,0.0,-99999.0,38.102,44.044,39.754,-99999.0,50
2016-11-06 08:43:00,0.0,2087.3,2157.0,4244.3,0.0,17.82,13.729,25.142,11.167,204.27,11.221,207.52,2328.4,2281.2,4609.5,0.0,-99999.0,38.203,44.061,39.245,-99999.0,50
2016-11-06 08:44:00,0.0,2101.5,2149.6,4251.0,0.0,17.807,13.729,25.153,11.193,205.17,11.346,206.55,2343.3,2296.5,4639.7,0.0,-99999.0,38.32,44.107,39.187,-99999.0,50
2016-11-06 08:45:00,0.0,2106.1,2172.9,4278.9,0.0,17.852,13.729,25.161,11.204,205.84,11.406,206.27,2352.6,2306.3,4658.9,0.0,-99999.0,38.401,44.215,39.023,-99999.0,50
2016-11-06 08:46:00,0.0,2114.1,2185.4,4299.4,0.0,17.829,13.729,25.171,11.32,204.39,11.37,207.85,2363.1,2313.6,4676.7,0.0,-99999.0,38.534,44.308,39.029,-99999.0,50
2016-11-06 08:47:00,0.0,2127.2,2208.6,4335.7,0.0,17.735,13.729,25.181,11.307,205.54,11.402,208.21,2373.9,2324.0,4697.8,0.0,-99999.0,38.604,44.394,39.002,-99999.0,50
2016-11-06 08:48:00,0.0,2146.8,2226.3,4373.1,0.0,17.695,13.728,25.19,11.402,204.55,11.483,207.51,2382.8,2332.2,4714.9,0.0,-99999.0,38.715,44.476,39.079,-99999.0,50
2016-11-06 08:49:00,0.0,2170.9,2232.6,4403.5,0.0,17.651,13.727,25.201,11.408,205.2,11.578,206.34,2389.1,2340.7,4729.8,0.0,8.2743,38.792,44.567,39.145,-99999.0,50
2016-11-06 08:50:00,0.0,2166.5,2233.4,4399.9,0.0,17.666,13.728,25.21,11.454,205.5,11.499,208.33,2395.5,2353.7,4749.1,0.0,-99999.0,38.884,44.663,39.193,-99999.0,50
2016-11-06 08:51:00,0.0,2181.3,2254.2,4435.5,0.0,17.666,13.727,25.221,11.43,207.22,11.655,207.39,2417.0,2368.3,4785.3,0.0,-99999.0,38.928,44.754,39.433,-99999.0,50
2016-11-06 08:52:00,0.0,2197.1,2261.0,4458.0,0.0,17.709,13.727,25.231,11.51,206.32,11.69,207.2,2422.0,2374.5,4796.4,0.0,-99999.0,39.015,44.836,39.742,-99999.0,50
2016-11-06 08:53:00,0.0,2193.4,2265.6,4459.0,0.0,17.754,13.727,25.241,11.53,206.3,11.635,208.36,2423.9,2378.5,4802.4,0.0,-99999.0,39.078,44.902,39.964,-99999.0,50
2016-11-06 08:54:00,0.0,2172.8,2266.7,4439.5,0.0,17.789,13.727,25.252,11.637,204.71,11.728,207.38,2432.0,2382.2,4814.1,0.0,-99999.0,39.152,44.981,40.082,-99999.0,50
2016-11-06 08:55:00,0.0,2171.1,2252.9,4423.9,0.0,17.742,13.725,25.263,11.694,204.15,11.767,206.89,2434.3,2387.2,4821.5,0.0,-99999.0,39.186,45.015,40.253,-99999.0,50
2016-11-06 08:56:00,0.0,2191.7,2243.5,4435.1,0.0,17.907,13.726,25.275,11.741,203.53,11.834,206.33,2441.7,2389.7,4831.3,0.0,-99999.0,39.23,45.073,40.682,-99999.0,50
2016-11-06 08:57:00,0.0,2204.2,2241.8,4445.9,0.0,17.97,13.725,25.287,11.725,204.04,11.763,207.9,2445.5,2392.3,4837.7,0.0,-99999.0,39.309,45.154,41.088,-99999.0,50
2016-11-06 08:58:00,0.0,2047.7,2186.0,4233.6,0.0,18.062,13.726,25.299,10.704,210.04,11.401,208.98,2382.2,2211.0,4593.1,0.0,-99999.0,39.389,45.212,41.356,-99999.0,50
2016-11-06 08:59:00,0.0,2177.9,2116.1,4293.9,0.0,18.117,13.726,25.313,11.662,204.99,11.885,205.66,2443.3,2390.2,4833.5,0.0,-99999.0,39.44,45.203,41.726,-99999.0,50
2016-11-06 09:00:00,0.0,2185.2,2275.0,4460.1,0.0,18.152,13.726,25.324,11.823,203.12,11.94,205.77,2456.8,2401.4,4858.2,0.0,-99999.0,39.543,45.278,42.095,-99999.0,50
2016-11-06 09:01:00,0.0,2191.8,2282.6,4474.4,0.0,18.24,13.725,25.335,11.985,200.62,11.939,205.75,2456.3,2404.5,4860.7,0.0,-99999.0,39.54,45.364,42.308,-99999.0,50
2016-11-06 09:02:00,0.0,2194.2,2288.1,4482.2,0.0,18.317,13.724,25.35,11.915,202.04,11.977,205.23,2457.9,2406.8,4864.7,0.0,-99999.0,39.608,45.465,42.66,-99999.0,50
2016-11-06 09:03:00,0.0,2190.8,2296.5,4487.2,0.0,18.418,13.724,25.361,11.746,203.65,12.071,203.89,2461.2,2391.2,4852.3,0.0,-99999.0,39.603,45.554,43.071,-99999.0,50
2016-11-06 09:04:00,0.0,2199.4,2300.7,4500.1,0.0,18.533,13.723,25.379,11.875,202.68,12.014,205.24,2465.6,2404.8,4870.4,0.0,-99999.0,39.659,45.579,43.146,-99999.0,50
2016-11-06 09:05:00,0.0,2084.8,2288.4,4373.2,0.0,18.537,13.724,25.394,11.099,208.9,12.035,205.35,2470.4,2270.9,4741.2,0.0,-99999.0,39.692,45.587,43.454,-99999.0,50
2016-11-06 09:06:00,0.0,2199.4,2278.2,4477.5,0.0,18.573,13.722,25.412,11.817,204.81,12.204,203.3,2480.9,2419.7,4900.5,0.0,-99999.0,39.74,45.659,43.664,-99999.0,50
2016-11-06 09:07:00,0.0,2215.4,2290.0,4505.4,0.0,18.629,13.723,25.43,12.153,200.17,12.2,203.82,2486.4,2432.7,4919.0,0.0,-99999.0,39.761,45.757,43.801,-99999.0,50
2016-11-06 09:08:00,0.0,2123.4,2288.4,4411.7,0.0,18.643,13.722,25.446,11.147,210.33,12.107,205.45,2486.4,2305.4,4791.7,0.0,-99999.0,39.8,45.786,44.017,-99999.0,50
2016-11-06 09:09:00,0.0,2258.7,2139.6,4398.3,0.0,18.677,13.722,25.472,12.196,200.2,12.079,206.03,2487.6,2441.6,4929.2,0.0,-99999.0,39.826,45.84,44.2,-99999.0,50
2016-11-06 09:10:00,0.0,2131.6,2290.0,4421.5,0.0,18.727,13.722,25.494,11.156,210.34,11.93,208.01,2480.9,2306.9,4787.7,0.0,-99999.0,39.863,45.935,44.643,-99999.0,50
2016-11-06 09:11:00,0.0,2212.1,2169.8,4381.9,0.0,18.698,13.721,25.518,11.855,204.95,12.032,206.48,2483.5,2428.8,4912.3,0.0,-99999.0,39.797,45.964,44.897,-99999.0,50
2016-11-06 09:12:00,0.0,2163.6,2290.7,4454.2,0.0,18.767,13.721,25.544,11.402,207.86,12.085,205.76,2485.7,2353.5,4839.1,0.0,-99999.0,39.847,45.951,45.005,-99999.0,50
2016-11-06 09:13:00,0.0,2047.3,2281.8,4329.1,0.0,18.902,13.72,25.57,11.789,204.32,12.093,205.7,2486.6,2408.2,4894.8,0.0,-99999.0,39.974,45.945,45.365,-99999.0,50
2016-11-06 09:14:00,0.0,2188.9,2147.8,4336.6,0.0,18.962,13.719,25.596,11.607,207.24,11.991,207.58,2488.0,2395.2,4883.2,0.0,-99999.0,40.047,45.961,45.599,-99999.0,50
2016-11-06 09:15:00,0.0,2222.1,2306.9,4528.9,0.0,18.902,13.719,25.624,11.878,205.29,12.035,207.17,2492.5,2437.2,4929.6,0.0,-99999.0,40.086,45.982,45.791,-99999.0,50
2016-11-06 09:16:00,0.0,2080.4,2300.3,4380.6,0.0,18.879,13.719,25.652,11.962,204.62,12.12,206.59,2503.2,2446.5,4949.7,0.0,-99999.0,40.107,46.021,45.744,-99999.0,50
2016-11-06 09:17:00,0.0,2240.2,2156.6,4396.8,0.0,18.902,13.717,25.681,12.157,201.85,12.224,205.44,2510.3,2453.6,4963.8,0.0,-99999.0,40.129,46.104,45.885,-99999.0,50
2016-11-06 09:18:00,0.0,2229.2,2315.4,4544.5,0.0,18.927,13.717,25.708,11.962,204.59,12.201,205.9,2511.1,2446.2,4957.3,0.0,-99999.0,40.174,46.172,45.703,-99999.0,50
2016-11-06 09:19:00,0.0,2244.6,2316.7,4561.2,0.0,18.95,13.717,25.737,12.214,201.39,12.204,205.96,2512.4,2459.5,4971.9,0.0,-99999.0,40.232,46.239,45.754,-99999.0,50
2016-11-06 09:20:00,0.0,2232.5,2128.5,4360.9,0.0,19.04,13.717,25.769,12.03,204.03,12.258,205.46,2517.6,2453.1,4970.6,0.0,-99999.0,40.292,46.3,46.205,-99999.0,50
2016-11-06 09:21:00,0.0,2247.3,2128.5,4375.8,0.0,19.153,13.716,25.797,12.298,201.41,12.109,207.58,2512.6,2476.7,4989.2,0.0,-99999.0,40.339,46.346,46.09,-99999.0,50
2016-11-06 09:22:00,0.0,2241.7,2330.0,4571.7,0.0,19.256,13.715,25.825,11.979,205.82,12.14,207.03,2512.4,2464.5,4976.9,0.0,-99999.0,40.368,46.395,46.286,-99999.0,50
2016-11-06 09:23:00,0.0,2270.9,2315.2,4586.1,0.0,19.301,13.714,25.854,12.334,201.74,12.184,206.94,2520.4,2488.2,5008.5,0.0,-99999.0,40.403,46.425,46.532,-99999.0,50
2016-11-06 09:24:00,0.0,2265.5,2145.4,4410.8,0.0,19.314,13.713,25.882,12.272,202.13,12.246,205.99,2521.3,2479.0,5000.2,0.0,-99999.0,40.457,46.485,46.659,-99999.0,50
2016-11-06 09:25:00,0.0,2254.5,2315.4,4569.9,0.0,19.308,13.712,25.907,12.055,204.02,12.098,208.65,2523.2,2459.2,4982.3,0.0,-99999.0,40.477,46.504,46.64,-99999.0,50
2016-11-06 09:26:00,0.0,2266.3,2192.4,4458.7,0.0,19.304,13.711,25.935,12.289,201.74,12.273,206.41,2532.5,2479.1,5011.5,0.0,-99999.0,40.546,46.556,46.573,-99999.0,50
2016-11-06 09:27:00,0.0,2274.3,2334.4,4608.6,0.0,19.298,13.71,25.96,12.358,201.71,12.38,205.85,2547.5,2492.8,5040.2,0.0,-99999.0,40.591,46.649,46.494,-99999.0,50
2016-11-06 09:28:00,0.0,2274.3,2234.8,4509.1,0.0,19.243,13.71,25.989,12.297,203.12,12.247,208.69,2554.1,2497.8,5051.9,0.0,-99999.0,40.586,46.732,46.695,-99999.0,50
2016-11-06 09:29:00,0.0,2276.5,2369.6,4646.1,0.0,19.216,13.709,26.009,12.047,204.27,12.33,207.01,2551.8,2460.8,5012.5,0.0,-99999.0,40.647,46.82,46.841,-99999.0,50
2016-11-06 09:30:00,0.0,2283.4,2349.6,4632.9,0.0,19.192,13.708,26.032,11.925,204.56,12.374,207.98,2571.6,2439.4,5011.0,0.0,-99999.0,40.697,46.872,47.084,-99999.0,50
2016-11-06 09:31:00,0.0,2289.7,2321.5,4611.1,0.0,19.269,13.707,26.051,11.857,204.87,12.463,206.08,2567.2,2429.2,4996.3,0.0,-99999.0,40.717,46.925,46.88,-99999.0,50
2016-11-06 09:32:00,0.0,2284.3,2375.5,4659.8,0.0,19.295,13.708,26.071,11.88,204.54,12.209,209.68,2556.7,2429.8,4986.4,0.0,-99999.0,40.712,46.992,47.149,-99999.0,50
2016-11-06 09:33:00,0.0,2283.2,2347.8,4631.0,0.0,19.432,13.707,26.09,11.964,204.01,12.393,206.52,2558.4,2440.8,4999.2,0.0,-99999.0,40.73,47.044,47.492,-99999.0,50
2016-11-06 09:34:00,0.0,2280.1,2350.7,4630.8,0.0,19.558,13.705,26.106,11.905,203.75,12.456,205.93,2564.1,2425.7,4989.7,0.0,-99999.0,40.721,47.087,47.55,-99999.0,50
2016-11-06 09:35:00,0.0,2281.3,2359.7,4641.0,0.0,19.651,13.706,26.121,11.92,203.65,12.159,209.38,2539.9,2427.4,4967.3,0.0,-99999.0,40.799,47.122,47.461,-99999.0,50
2016-11-06 09:36:00,0.0,2278.3,2341.5,4619.8,0.0,19.707,13.704,26.133,12.068,203.64,12.332,207.16,2553.8,2457.4,5011.1,0.0,-99999.0,40.841,47.161,47.772,-99999.0,50
2016-11-06 09:37:00,0.0,2277.9,2342.7,4620.6,0.0,19.758,13.704,26.144,12.165,203.56,12.146,208.96,2529.4,2476.3,5005.7,0.0,-99999.0,40.852,47.172,47.842,-99999.0,50
2016-11-06 09:38:00,0.0,2265.9,2352.3,4618.1,0.0,19.744,13.704,26.156,12.161,203.8,12.455,205.94,2563.7,2478.5,5042.1,0.0,-99999.0,40.851,47.243,47.865,-99999.0,50
2016-11-06 09:39:00,0.0,2260.8,2348.9,4609.6,0.0,19.813,13.704,26.17,12.129,203.99,12.065,210.53,2529.6,2474.3,5003.9,0.0,-99999.0,40.834,47.309,48.016,-99999.0,50
2016-11-06 09:40:00,0.0,2249.2,2361.1,4610.2,0.0,19.899,13.703,26.182,12.199,204.7,12.479,206.48,2575.6,2497.2,5072.8,0.0,-99999.0,40.791,47.308,47.777,-99999.0,50
2016-11-06 09:41:00,0.0,2247.6,2382.8,4630.4,0.0,19.899,13.701,26.192,12.235,205.42,12.53,205.82,2577.8,2513.2,5090.9,0.0,-99999.0,40.82,47.333,47.976,-99999.0,50
2016-11-06 09:42:00,0.0,2239.8,2355.0,4594.8,0.0,19.873,13.702,26.204,12.195,205.51,12.118,210.26,2534.2,2506.3,5040.5,0.0,-99999.0,40.885,47.352,47.91,-99999.0,50
2016-11-06 09:43:00,0.0,2235.5,2380.2,4615.7,0.0,19.749,13.702,26.215,12.205,207.83,12.55,207.16,2598.9,2536.5,5135.4,0.0,-99999.0,40.961,47.392,47.671,-99999.0,50
2016-11-06 09:44:00,0.0,2238.4,2370.8,4609.1,0.0,19.783,13.701,26.229,12.136,207.41,12.23,209.7,2547.9,2517.1,5064.9,0.0,-99999.0,41.008,47.427,47.988,-99999.0,50
2016-11-06 09:45:00,0.0,2251.1,2394.7,4645.7,0.0,19.862,13.7,26.239,12.088,206.44,12.7,205.3,2606.0,2495.4,5101.3,0.0,-99999.0,41.068,47.468,48.16,-99999.0,50
2016-11-06 09:46:00,0.0,2252.8,2362.9,4615.6,0.0,19.838,13.701,26.244,11.994,206.23,12.161,210.58,2543.9,2473.6,5017.4,0.0,-99999.0,41.118,47.49,48.175,-99999.0,50
2016-11-06 09:47:00,0.0,2259.1,2402.6,4661.7,0.0,19.793,13.701,26.258,11.849,205.96,12.57,207.36,2605.5,2440.4,5045.9,0.0,-99999.0,41.17,47.532,48.444,-99999.0,50
2016-11-06 09:48:00,0.0,2269.6,2407.3,4676.9,0.0,19.831,13.7,26.263,11.59,206.56,12.249,209.75,2551.2,2394.0,4945.2,0.0,-99999.0,41.212,47.56,48.605,-99999.0,50
2016-11-06 09:49:00,0.0,2286.0,2406.0,4692.0,0.0,19.886,13.7,26.273,11.456,205.71,12.711,205.98,2616.9,2356.5,4973.4,0.0,-99999.0,41.227,47.587,48.949,-99999.0,50
2016-11-06 09:50:00,0.0,2300.7,2369.0,4669.7,0.0,19.964,13.7,26.284,11.428,205.92,12.146,211.11,2547.1,2353.2,4900.2,0.0,-99999.0,41.27,47.612,49.281,-99999.0,50
2016-11-06 09:51:00,0.0,2307.7,2412.2,4719.8,0.0,19.919,13.7,26.289,11.44,208.07,12.708,206.53,2623.6,2380.3,5003.8,0.0,-99999.0,41.292,47.636,49.53,-99999.0,50
2016-11-06 09:52:00,0.0,2331.8,2410.8,4742.5,0.0,19.956,13.7,26.3,11.55,210.54,12.783,205.85,2630.1,2431.7,5061.8,0.0,-99999.0,41.31,47.684,49.662,-99999.0,50
2016-11-06 09:53:00,0.0,2333.1,2389.6,4722.6,0.0,19.991,13.7,26.305,11.707,212.54,12.28,210.48,2567.8,2488.1,5055.9,0.0,-99999.0,41.345,47.725,49.517,-99999.0,50
2016-11-06 09:54:00,0.0,2319.0,2414.8,4733.7,0.0,19.955,13.7,26.317,11.876,214.64,12.728,207.21,2636.4,2548.9,5185.3,0.0,-99999.0,41.363,47.735,49.748,-99999.0,50
2016-11-06 09:55:00,0.0,2339.9,2420.6,4760.4,0.0,20.026,13.699,26.32,12.055,214.7,12.811,206.02,2638.3,2588.2,5226.4,0.0,-99999.0,41.377,47.764,49.971,-99999.0,50
2016-11-06 09:56:00,0.0,2323.1,2398.9,4722.0,0.0,20.026,13.699,26.331,12.118,215.53,12.395,209.63,2581.5,2611.7,5193.1,0.0,-99999.0,41.422,47.798,49.96,-99999.0,50
2016-11-06 09:57:00,0.0,2279.7,2425.7,4705.3,0.0,20.015,13.699,26.335,12.252,214.05,12.835,205.99,2642.4,2622.5,5264.9,0.0,-99999.0,41.427,47.853,50.402,-99999.0,50
2016-11-06 09:58:00,0.0,2243.5,2387.0,4630.5,0.0,19.85,13.698,26.346,12.308,212.67,12.266,210.89,2571.2,2617.7,5188.8,0.0,-99999.0,41.398,47.914,50.546,-99999.0,50
2016-11-06 09:59:00,0.0,2232.9,2423.2,4656.1,0.0,19.868,13.699,26.347,12.318,212.12,12.806,206.53,2643.8,2612.8,5256.5,0.0,-99999.0,41.419,47.916,50.451,-99999.0,50
2016-11-06 10:00:00,0.0,2226.2,2441.4,4667.5,0.0,20.003,13.699,26.36,12.288,211.69,12.897,205.85,2653.5,2601.3,5254.7,0.0,-99999.0,41.412,47.968,50.338,-99999.0,50
2016-11-06 10:01:00,0.0,2231.5,2395.3,4626.7,0.0,20.068,13.699,26.36,12.255,209.04,12.383,209.37,2576.1,2561.6,5137.6,0.0,-99999.0,41.446,47.968,50.525,-99999.0,50
2016-11-06 10:02:00,0.0,2232.6,2402.9,4635.4,0.0,20.124,13.699,26.371,12.145,209.24,12.37,210.33,2585.7,2541.1,5126.8,0.0,-99999.0,41.516,47.962,50.603,-99999.0,50
2016-11-06 10:03:00,0.0,2251.3,2434.1,4685.4,0.0,20.176,13.699,26.375,11.927,209.86,12.841,207.18,2659.2,2503.0,5162.2,0.0,-99999.0,41.567,47.981,50.773,-99999.0,50
2016-11-06 10:04:00,0.0,2271.1,2443.4,4714.5,0.0,20.257,13.699,26.385,11.705,209.11,12.52,209.54,2607.2,2447.5,5054.7,0.0,-99999.0,41.639,48.002,51.069,-99999.0,50
2016-11-06 10:05:00,0.0,2281.5,2455.4,4736.8,0.0,20.303,13.698,26.39,11.541,208.71,12.966,205.95,2668.8,2408.7,5077.5,0.0,-99999.0,41.665,48.063,51.38,-99999.0,50
2016-11-06 10:06:00,0.0,2287.4,2409.4,4696.8,0.0,20.265,13.697,26.391,11.425,208.45,12.379,210.9,2595.0,2381.6,4976.5,0.0,-99999.0,41.706,48.09,51.543,-99999.0,50
2016-11-06 10:07:00,0.0,2292.5,2435.6,4728.1,0.0,20.355,13.698,26.404,11.389,208.25,12.868,206.51,2656.2,2371.7,5027.9,0.0,-99999.0,41.724,48.097,52.173,-99999.0,50
2016-11-06 10:08:00,0.0,2300.2,2447.5,4747.6,0.0,20.549,13.698,26.404,11.404,208.2,12.914,205.8,2656.4,2374.2,5030.6,0.0,-99999.0,41.746,48.125,52.51,-99999.0,50
2016-11-06 10:09:00,0.0,2300.6,2407.2,4707.8,0.0,20.554,13.698,26.413,11.363,208.37,12.397,210.4,2590.9,2367.8,4958.6,0.0,8.519299999999998,41.794,48.156,52.565,-99999.0,50
2016-11-06 10:10:00,0.0,2295.4,2428.5,4723.8,0.0,20.706,13.698,26.419,11.368,208.34,12.819,207.12,2654.0,2368.4,5022.4,0.0,-99999.0,41.796,48.161,53.094,-99999.0,50
2016-11-06 10:11:00,0.0,2291.2,2396.1,4687.3,0.0,20.747,13.696,26.419,11.393,208.02,12.395,209.69,2579.7,2370.0,4949.6,0.0,-99999.0,41.822,48.18,53.387,-99999.0,50
2016-11-06 10:12:00,0.0,2293.8,2432.9,4726.7,0.0,20.604,13.697,26.432,11.437,207.87,12.902,206.02,2656.4,2377.4,5033.8,0.0,-99999.0,41.864,48.235,53.756,-99999.0,50
2016-11-06 10:13:00,0.0,2295.8,2383.7,4679.5,0.0,20.667,13.697,26.435,11.431,208.16,12.244,211.19,2565.3,2379.4,4944.6,0.0,-99999.0,41.891,48.238,53.834,-99999.0,50
2016-11-06 10:14:00,0.0,2295.5,2438.0,4733.5,0.0,20.713,13.697,26.446,11.44,208.51,12.891,206.46,2660.4,2385.4,5045.7,0.0,-99999.0,41.902,48.268,53.925,-99999.0,50
2016-11-06 10:15:00,0.0,2297.1,2439.9,4736.9,0.0,20.8,13.696,26.448,11.445,208.01,12.941,205.85,2662.2,2380.5,5042.7,0.0,-99999.0,41.919,48.263,53.995,-99999.0,50
2016-11-06 10:16:00,0.0,2290.8,2408.3,4699.1,0.0,20.756,13.697,26.452,11.362,210.38,12.393,210.89,2589.6,2390.2,4979.7,0.0,12.991,41.948,48.258,53.993,-99999.0,50
2016-11-06 10:17:00,0.0,2287.0,2450.0,4737.0,0.0,20.705,13.696,26.464,11.479,209.22,12.986,206.12,2675.4,2401.6,5076.9,0.0,-99999.0,41.989,48.314,54.488,-99999.0,50
2016-11-06 10:18:00,0.0,2279.6,2423.9,4703.4,0.0,20.662,13.695,26.464,11.639,207.98,12.735,207.16,2637.1,2420.6,5057.7,0.0,-99999.0,42.017,48.333,54.822,-99999.0,50
2016-11-06 10:19:00,0.0,2278.7,2402.8,4681.5,0.0,20.665,13.694,26.476,11.579,209.69,12.407,210.17,2580.6,2427.9,5008.4,0.0,-99999.0,42.044,48.351,55.259,-99999.0,50
2016-11-06 10:20:00,0.0,2275.2,2457.5,4732.7,0.0,20.744,13.693,26.478,11.686,209.44,13.064,205.74,2686.5,2447.4,5133.9,0.0,-99999.0,42.046,48.399,55.42,-99999.0,50
2016-11-06 10:21:00,0.0,2259.3,2423.1,4682.3,0.0,20.959,13.694,26.489,11.7,208.38,12.812,206.28,2642.2,2437.6,5079.8,0.0,-99999.0,42.093,48.462,55.906,-99999.0,50
2016-11-06 10:22:00,0.0,2039.7,2236.2,4275.9,0.0,20.919,13.693,26.492,11.531,204.52,11.8,207.12,2442.7,2348.3,4790.9,0.0,-99999.0,42.085,48.421,55.197,-99999.0,50
2016-11-06 10:23:00,0.0,1976.0,2074.8,4050.7,0.0,20.932,13.692,26.502,10.366,209.47,10.83,209.26,2266.8,2171.8,4438.5,0.0,-99999.0,42.067,48.339,54.766,-99999.0,50
2016-11-06 10:24:00,0.0,1802.8,1957.1,3759.9,0.0,21.064,13.693,26.507,9.3464,211.52,10.528,203.14,2136.7,1977.5,4114.2,0.0,-99999.0,42.013,48.11,54.148,-99999.0,50
2016-11-06 10:25:00,0.0,1711.6,1738.4,3450.0,0.0,21.041,13.692,26.514,9.0792,204.96,9.0364,210.83,1905.9,1860.0,3765.8,0.0,-99999.0,41.982,47.778,52.996,-99999.0,50
2016-11-06 10:26:00,0.0,2023.0,1997.0,4019.9,0.0,21.111,13.691,26.522,10.699,207.11,10.1,217.32,2194.9,2213.7,4408.5,0.0,-99999.0,42.174,47.529,52.615,-99999.0,50
2016-11-06 10:27:00,0.0,2215.3,2267.0,4482.3,0.0,21.143,13.691,26.531,11.667,206.93,11.719,211.81,2478.7,2413.2,4891.9,0.0,-99999.0,42.331,47.518,52.497,-99999.0,50
2016-11-06 10:28:00,0.0,1987.0,2111.6,4098.5,0.0,21.198,13.691,26.536,10.452,208.36,11.281,203.89,2299.9,2177.2,4477.0,0.0,-99999.0,42.168,47.645,52.29,-99999.0,50
2016-11-06 10:29:00,0.0,1797.4,1888.4,3685.8,0.0,21.15,13.69,26.547,9.4934,207.2,9.5989,211.17,2017.7,1967.0,3984.6,0.0,-99999.0,42.212,47.606,51.293,-99999.0,50
2016-11-06 10:30:00,0.0,1856.6,1932.6,3789.2,0.0,21.027,13.69,26.551,9.8458,205.15,10.212,206.47,2107.8,2020.2,4128.0,0.0,-99999.0,42.037,47.421,50.43,-99999.0,50
2016-11-06 10:31:00,0.0,1909.9,1957.3,3867.1,0.0,20.978,13.69,26.562,9.9969,205.7,10.327,206.93,2136.5,2055.8,4192.2,0.0,-99999.0,41.808,47.283,49.672,-99999.0,50
2016-11-06 10:32:00,0.0,1943.0,2058.6,4001.5,0.0,21.084,13.69,26.566,9.9113,214.19,10.507,213.38,2241.1,2109.6,4350.6,0.0,-99999.0,41.615,47.212,49.142,-99999.0,50
2016-11-06 10:33:00,0.0,1876.1,1982.7,3858.8,0.0,21.227,13.69,26.578,9.5874,213.35,9.883,215.53,2129.3,2044.7,4173.9,0.0,-99999.0,41.491,47.205,48.925,-99999.0,50
2016-11-06 10:34:00,0.0,1782.2,1867.3,3649.4,0.0,21.182,13.69,26.583,9.4007,206.59,9.6633,208.5,2014.9,1942.0,3956.9,0.0,-99999.0,41.397,47.169,48.302,-99999.0,50
2016-11-06 10:35:00,0.0,1552.7,1718.1,3270.8,0.0,20.95,13.69,26.593,8.867499999999998,201.1,9.1341,204.84,1870.7,1783.8,3654.4,0.0,-99999.0,41.529,47.044,47.668,-99999.0,50
2016-11-06 10:36:00,0.0,1507.1,1562.9,3069.9,0.0,20.745,13.689,26.598,7.8852,208.63,8.1286,209.99,1706.7,1645.0,3351.6,0.0,-99999.0,42.054,46.837,46.858,-99999.0,50
2016-11-06 10:37:00,0.0,1397.5,1408.5,2806.1,0.0,20.538,13.688,26.609,7.3323,205.14,7.2107,214.1,1543.4,1504.2,3047.6,0.0,-99999.0,42.795,46.622,45.924,-99999.0,50
2016-11-06 10:38:00,0.0,1187.2,1319.3,2506.5,0.0,20.517,13.688,26.615,6.7417,206.42,6.835,211.35,1444.3,1391.0,2835.3,0.0,-99999.0,43.145,46.333,44.844,-99999.0,50
2016-11-06 10:39:00,0.0,1230.4,1271.5,2501.9,0.0,20.62,13.688,26.622,6.411,209.15,6.6391,209.77,1391.4,1341.5,2733.0,0.0,-99999.0,42.963,46.016,43.864,-99999.0,50
2016-11-06 10:40:00,0.0,1319.8,1359.8,2679.6,0.0,20.612,13.688,26.626,6.807,210.83,7.1427,208.44,1488.8,1434.5,2923.2,0.0,-99999.0,42.662,45.724,42.878,-99999.0,50
2016-11-06 10:41:00,0.0,1445.9,1412.8,2858.7,0.0,20.658,13.688,26.637,7.361799999999999,213.94,7.5205,207.83,1551.0,1574.9,3125.9,0.0,-99999.0,42.409,45.473,42.214,-99999.0,50
2016-11-06 10:42:00,0.0,1396.5,1502.7,2899.2,0.0,20.617,13.687,26.646,6.8829,221.6,7.6535,213.19,1631.4,1525.3,3156.7,0.0,-99999.0,42.321,45.39,42.183,-99999.0,50
2016-11-06 10:43:00,0.0,1358.5,1424.3,2782.8,0.0,20.602,13.688,26.648,6.864,215.78,7.4138,207.33,1536.9,1480.9,3017.8,0.0,-99999.0,42.313,45.367,41.859,-99999.0,50
2016-11-06 10:44:00,0.0,1646.8,1714.9,3361.6,0.0,20.6,13.688,26.657,8.320299999999998,215.84,8.9313,208.29,1862.6,1797.5,3660.1,0.0,-99999.0,42.276,45.326,41.984,-99999.0,50
2016-11-06 10:45:00,0.0,1621.3,1686.8,3308.0,0.0,20.748,13.687,26.661,8.1713,216.62,8.512399999999998,216.07,1838.8,1770.1,3608.9,0.0,-99999.0,42.372,45.413,42.261,-99999.0,50
2016-11-06 10:46:00,0.0,1752.8,1861.6,3614.3,0.0,20.829,13.687,26.679,8.4976,223.16,9.7385,208.91,2035.5,1894.5,3929.9,0.0,-99999.0,42.474,45.493,42.347,-99999.0,50
2016-11-06 10:47:00,0.0,2055.2,2126.4,4181.5,0.0,20.868,13.687,26.676,10.321,215.18,11.102,208.89,2319.3,2221.0,4540.2,0.0,-99999.0,42.457,45.611,42.85,-99999.0,50
2016-11-06 10:48:00,0.0,2082.0,2138.2,4220.2,0.0,20.799,13.686,26.69,11.026,207.15,11.274,206.53,2328.5,2282.1,4610.5,0.0,-99999.0,41.893,45.874,43.404,-99999.0,50
2016-11-06 10:49:00,0.0,2293.1,2319.5,4612.5,0.0,20.907,13.687,26.688,11.767,208.66,11.879,213.31,2532.0,2453.1,4985.0,0.0,-99999.0,41.371,46.163,44.659,-99999.0,50
2016-11-06 10:50:00,0.0,2315.8,2409.2,4725.0,0.0,20.57,13.686,26.706,11.489,210.76,12.834,204.68,2626.2,2421.1,5047.2,0.0,-99999.0,41.3,46.524,45.818,-99999.0,50
2016-11-06 10:51:00,0.0,2281.9,2346.8,4628.7,0.0,20.364,13.686,26.705,11.796,207.22,12.235,208.97,2554.7,2443.6,4998.2,0.0,-99999.0,41.253,46.802,46.778,-99999.0,50
2016-11-06 10:52:00,0.0,2191.6,2258.5,4450.0,0.0,20.542,13.686,26.718,11.824,203.04,11.675,209.1,2440.8,2400.6,4841.3,0.0,-99999.0,41.309,46.998,46.886,-99999.0,50
2016-11-06 10:53:00,0.0,2000.6,2070.7,4071.2,0.0,20.512,13.685,26.724,10.918,200.21,10.954,205.09,2246.5,2185.9,4432.3,0.0,-99999.0,41.273,47.049,47.218,-99999.0,50
2016-11-06 10:54:00,0.0,1856.1,1925.5,3781.6,0.0,20.456,13.685,26.73,9.8407,206.35,10.168,206.76,2101.2,2029.7,4130.8,0.0,-99999.0,41.156,46.952,47.14,-99999.0,50
2016-11-06 10:55:00,0.0,1773.1,1830.0,3603.0,0.0,20.521,13.685,26.74,9.5241,203.21,9.824,203.49,1999.2,1935.4,3934.6,0.0,-99999.0,41.068,46.758,46.84,-99999.0,50
2016-11-06 10:56:00,0.0,1834.2,1897.1,3731.3,0.0,20.653,13.685,26.744,9.7024,206.48,9.9776,207.75,2072.7,2003.0,4075.6,0.0,-99999.0,40.941,46.56,46.635,-99999.0,50
2016-11-06 10:57:00,0.0,1823.0,1877.5,3700.4,0.0,20.751,13.685,26.753,9.9267,200.32,9.7746,208.77,2032.7,1988.3,4020.9,0.0,-99999.0,40.795,46.414,46.358,-99999.0,50
2016-11-06 10:58:00,0.0,1557.1,1677.6,3234.8,0.0,20.934,13.685,26.76,8.2338,208.33,8.7544,210.09,1839.3,1683.4,3522.6,0.0,-99999.0,40.734,46.303,45.531,-99999.0,50
2016-11-06 10:59:00,0.0,1612.4,1672.0,3284.3,0.0,20.967,13.685,26.767,8.7459,201.74,8.7833,207.78,1824.7,1764.2,3588.9,0.0,-99999.0,41.093,46.079,44.632,-99999.0,50
2016-11-06 11:00:00,0.0,1617.0,1666.3,3283.2,0.0,21.003,13.684,26.774,8.468099999999998,206.94,8.897999999999998,203.0,1806.1,1752.1,3558.2,0.0,-99999.0,41.93,45.866,43.979,-99999.0,50
2016-11-06 11:01:00,0.0,1544.3,1579.0,3123.3,0.0,21.028,13.684,26.784,8.009299999999998,207.28,8.4434,202.08,1706.1,1660.2,3366.3,0.0,-99999.0,42.414,45.724,43.184,-99999.0,50
2016-11-06 11:02:00,0.0,1493.5,1553.8,3047.3,0.0,20.991,13.684,26.788,7.9109,204.08,8.0881,206.28,1668.2,1614.4,3282.5,0.0,-99999.0,42.468,45.587,42.248,-99999.0,50
2016-11-06 11:03:00,0.0,1508.3,1569.6,3077.9,0.0,20.925,13.684,26.797,8.001699999999998,205.05,8.179,207.02,1693.9,1640.2,3334.1,0.0,-99999.0,42.408,45.421,41.497,-99999.0,50
2016-11-06 11:04:00,0.0,1633.0,1678.1,3311.1,0.0,20.974,13.684,26.803,8.6788,204.35,8.7818,209.3,1837.7,1773.3,3611.0,0.0,-99999.0,42.356,45.291,40.862,-99999.0,50
2016-11-06 11:05:00,0.0,1589.1,1740.0,3329.1,0.0,20.937,13.683,26.813,8.4602,209.06,9.207,205.0,1887.7,1740.9,3628.5,0.0,-99999.0,42.516,45.334,40.803,-99999.0,50
2016-11-06 11:06:00,0.0,1741.8,1810.1,3551.8,0.0,20.754,13.684,26.818,9.303,204.26,9.3225,210.88,1965.8,1899.9,3865.6,0.0,-99999.0,42.596,45.398,40.671,-99999.0,50
2016-11-06 11:07:00,0.0,1840.0,1903.5,3743.4,0.0,20.827,13.683,26.825,9.3402,214.68,10.016,208.37,2087.0,2005.0,4091.9,0.0,-99999.0,42.61,45.467,40.856,-99999.0,50
2016-11-06 11:08:00,0.0,1999.3,2029.5,4028.7,0.0,20.916,13.682,26.832,10.518,205.65,10.299,215.47,2218.8,2162.5,4381.2,0.0,-99999.0,42.613,45.565,41.364,-99999.0,50
2016-11-06 11:09:00,0.0,2137.7,2229.6,4367.2,0.0,21.059,13.682,26.836,11.025,211.83,11.672,208.5,2432.9,2334.5,4767.3,0.0,-99999.0,42.195,45.768,41.878,-99999.0,50
2016-11-06 11:10:00,0.0,2249.8,2393.0,4642.8,0.0,21.245,13.682,26.847,11.145,221.16,12.067,216.89,2616.5,2464.6,5081.0,0.0,-99999.0,41.563,46.042,43.065,-99999.0,50
2016-11-06 11:11:00,0.0,2277.7,2473.3,4751.0,0.0,21.2,13.682,26.85,11.381,219.32,13.167,205.05,2699.1,2496.1,5195.1,0.0,-99999.0,41.438,46.348,44.071,-99999.0,50
2016-11-06 11:12:00,0.0,2287.0,2519.0,4806.0,0.0,21.173,13.681,26.861,11.213,221.0,13.161,207.58,2730.5,2477.8,5208.2,0.0,-99999.0,41.378,46.624,44.951,-99999.0,50
2016-11-06 11:13:00,0.0,2271.6,2424.6,4696.2,0.0,21.224,13.681,26.866,11.258,219.17,12.389,212.06,2603.4,2467.1,5070.4,0.0,16.919,41.398,46.78,45.927,-99999.0,50
2016-11-06 11:14:00,0.0,2306.1,2640.7,4946.7,0.0,21.336,13.682,26.875,10.936,225.52,13.873,208.0,2883.5,2466.2,5349.7,0.0,-99999.0,41.412,46.92,47.18,-99999.0,50
2016-11-06 11:15:00,0.0,2307.0,2540.6,4847.5,0.0,21.464,13.681,26.877,11.003,222.37,13.023,211.74,2729.5,2446.7,5176.1,0.0,-99999.0,41.424,47.083,48.578,-99999.0,50
2016-11-06 11:16:00,0.0,2301.3,2626.1,4927.3,0.0,21.624,13.681,26.891,10.964,222.58,13.802,206.77,2852.6,2440.3,5292.8,0.0,-99999.0,41.502,47.23,49.172,-99999.0,50
2016-11-06 11:17:00,0.0,2296.3,2601.6,4897.9,0.0,21.549,13.68,26.892,11.038,221.07,13.84,204.97,2835.1,2440.1,5275.1,0.0,-99999.0,41.601,47.339,49.67,-99999.0,50
2016-11-06 11:18:00,0.0,2289.7,2502.7,4792.3,0.0,21.428,13.681,26.905,11.261,219.75,12.924,211.0,2696.0,2474.5,5170.5,0.0,-99999.0,41.646,47.408,50.35,-99999.0,50
2016-11-06 11:19:00,0.0,2278.6,2521.5,4800.1,0.0,21.191,13.68,26.907,11.496,217.37,13.346,205.9,2746.4,2498.9,5245.3,0.0,-99999.0,41.69,47.451,50.313,-99999.0,50
2016-11-06 11:20:00,0.0,2234.0,2365.2,4599.2,0.0,21.164,13.68,26.913,11.487,213.09,12.226,209.4,2531.0,2447.6,4978.5,0.0,-99999.0,41.744,47.51,50.965,-99999.0,50
2016-11-06 11:21:00,0.0,2273.5,2365.9,4639.3,0.0,21.265,13.68,26.922,12.063,206.32,12.478,206.82,2579.6,2488.8,5068.3,0.0,-99999.0,41.774,47.572,51.596,-99999.0,50
2016-11-06 11:22:00,0.0,2283.3,2334.0,4617.3,0.0,21.174,13.68,26.925,11.963,207.26,12.034,210.9,2507.4,2479.3,4986.6,0.0,-99999.0,41.798,47.647,51.606,-99999.0,50
2016-11-06 11:23:00,0.0,2282.5,2388.3,4670.7,0.0,21.182,13.68,26.936,12.04,207.12,12.677,205.65,2605.5,2493.7,5099.1,0.0,3.7707,41.766,47.716,52.095,-99999.0,50
2016-11-06 11:24:00,0.0,2260.9,2346.7,4607.5,0.0,21.242,13.68,26.938,12.014,205.37,12.419,206.48,2563.1,2467.3,5030.4,0.0,-99999.0,41.781,47.759,52.462,-99999.0,50
2016-11-06 11:25:00,0.0,2281.0,2391.4,4672.3,0.0,21.276,13.679,26.948,11.742,206.47,12.725,205.5,2613.6,2423.8,5037.3,0.0,-99999.0,41.777,47.805,52.455,-99999.0,50
2016-11-06 11:26:00,0.0,2288.7,2344.5,4633.2,0.0,21.234,13.679,26.951,11.435,207.97,12.079,212.2,2530.6,2378.0,4908.6,0.0,-99999.0,41.745,47.831,52.632,-99999.0,50
2016-11-06 11:27:00,0.0,2294.2,2440.6,4734.8,0.0,21.389,13.679,26.96,11.436,208.1,12.815,206.67,2647.4,2379.6,5026.9,0.0,-99999.0,41.769,47.878,52.546,-99999.0,50
2016-11-06 11:28:00,0.0,2299.7,2524.0,4823.7,0.0,21.544,13.678,26.966,11.166,213.93,13.354,206.26,2753.2,2388.7,5141.9,0.0,-99999.0,41.777,47.943,52.75,-99999.0,50
2016-11-06 11:29:00,0.0,2304.0,2470.1,4774.0,0.0,21.6,13.679,26.971,11.076,215.8,12.955,211.08,2702.7,2390.2,5092.8,0.0,-99999.0,41.833,47.979,52.602,-99999.0,50
2016-11-06 11:30:00,0.0,2308.8,2568.7,4877.5,0.0,21.555,13.678,26.98,11.098,215.49,13.352,207.59,2770.3,2391.4,5161.6,0.0,-99999.0,41.888,47.996,52.484,-99999.0,50
2016-11-06 11:31:00,0.0,2309.8,2447.0,4756.7,0.0,21.462,13.678,26.981,11.118,215.1,12.909,210.99,2696.9,2391.5,5088.3,0.0,-99999.0,41.963,48.05,52.701,-99999.0,50
2016-11-06 11:32:00,0.0,2305.5,2549.1,4854.6,0.0,21.31,13.678,26.992,11.13,214.83,13.546,205.59,2783.5,2391.1,5174.5,0.0,27.586,41.998,48.109,52.96,-99999.0,50
2016-11-06 11:33:00,0.0,2301.5,2468.2,4769.6,0.0,21.393,13.678,26.996,11.153,214.86,12.914,210.85,2707.9,2396.3,5104.2,0.0,-99999.0,42.019,48.153,53.57,-99999.0,50
2016-11-06 11:34:00,0.0,2298.3,2525.8,4824.1,0.0,21.601,13.678,26.998,11.251,213.63,13.342,206.78,2757.6,2403.6,5161.1,0.0,-99999.0,42.069,48.165,54.185,-99999.0,50
2016-11-06 11:35:00,0.0,2283.6,2543.9,4827.4,0.0,21.659,13.678,27.011,11.342,213.98,13.455,206.4,2775.6,2426.9,5202.5,0.0,-99999.0,42.114,48.202,54.093,-99999.0,50
2016-11-06 11:36:00,0.0,2278.4,2474.5,4752.8,0.0,21.509,13.677,27.011,11.394,215.78,13.313,207.84,2759.7,2458.6,5218.2,0.0,-99999.0,42.131,48.215,54.352,-99999.0,50
2016-11-06 11:37:00,0.0,2265.7,2443.0,4708.7,0.0,21.364,13.678,27.014,11.492,215.72,13.327,207.58,2764.3,2479.1,5243.3,0.0,-99999.0,42.163,48.267,54.709,-99999.0,50
2016-11-06 11:38:00,0.0,2257.9,2562.4,4820.3,0.0,21.354,13.676,27.026,11.583,214.81,13.537,206.93,2800.0,2488.1,5288.1,0.0,-99999.0,42.202,48.294,55.916,-99999.0,50
2016-11-06 11:39:00,0.0,1900.3,2046.8,3947.1,0.0,21.501,13.677,27.026,10.119,205.73,10.893,206.45,2242.2,2085.0,4327.2,0.0,-99999.0,42.251,48.306,55.428,-99999.0,50
2016-11-06 11:40:00,0.0,1694.9,1768.9,3463.8,0.0,21.672,13.677,27.029,8.9504,206.89,8.9754,212.67,1914.5,1862.3,3776.7,0.0,-99999.0,42.35,47.994,52.934,-99999.0,50
2016-11-06 11:41:00,0.0,1310.5,1331.7,2642.2,0.0,21.803,13.677,27.039,6.9672,206.12,6.6077,218.6,1444.1,1435.9,2880.0,0.0,-99999.0,42.36,47.608,51.562,-99999.0,50
2016-11-06 11:42:00,0.0,1971.2,2462.9,4434.0,0.0,21.907,13.677,27.041,10.427,219.73,12.562,210.4,2640.5,2306.1,4946.5,0.0,6.8974,42.683,47.202,50.601,-99999.0,50
2016-11-06 11:43:00,0.0,2286.5,2757.4,5043.9,0.0,21.849,13.677,27.044,11.336,226.12,14.502,206.12,2987.8,2563.4,5551.1,0.0,-99999.0,42.587,47.265,51.521,-99999.0,50
2016-11-06 11:44:00,0.0,2301.5,2637.3,4938.7,0.0,22.024,13.677,27.054,11.408,225.19,13.747,210.51,2853.1,2569.1,5422.1,0.0,-99999.0,42.382,47.596,52.558,-99999.0,50
2016-11-06 11:45:00,0.0,1296.6,1412.5,2709.1,0.0,21.919,13.677,27.055,6.6629,211.91,7.6619,203.9,1557.8,1414.3,2972.0,0.0,-99999.0,42.501,47.752,51.256,-99999.0,50
2016-11-06 11:46:00,0.0,1249.2,1277.5,2526.7,0.0,21.798,13.677,27.055,6.5107,205.65,6.7397,207.66,1400.1,1339.3,2739.4,0.0,-99999.0,42.243,47.274,48.834,-99999.0,50
2016-11-06 11:47:00,0.0,2100.0,2229.2,4329.2,0.0,21.651,13.677,27.068,10.494,216.85,11.423,213.5,2439.0,2282.6,4721.5,0.0,-99999.0,42.445,46.87,48.108,-99999.0,50
2016-11-06 11:48:00,0.0,2230.5,2375.9,4606.4,0.0,21.421,13.676,27.07,11.185,218.22,12.074,215.27,2596.8,2442.3,5039.0,0.0,-99999.0,42.381,46.962,48.083,-99999.0,50
2016-11-06 11:49:00,0.0,2301.9,2686.2,4988.0,0.0,21.32,13.677,27.07,11.177,229.02,13.833,212.45,2937.1,2559.7,5496.7,0.0,-99999.0,42.102,47.223,49.492,-99999.0,50
2016-11-06 11:50:00,0.0,2303.1,2666.2,4969.2,0.0,21.363,13.676,27.072,11.419,224.29,14.275,204.05,2912.3,2560.9,5473.2,0.0,-99999.0,42.273,47.512,50.647,-99999.0,50
2016-11-06 11:51:00,0.0,2301.8,2581.2,4882.9,0.0,21.421,13.676,27.085,11.572,220.87,13.602,206.61,2810.3,2555.5,5365.8,0.0,-99999.0,42.41,47.74,51.616,-99999.0,50
2016-11-06 11:52:00,0.0,2324.5,2538.4,4862.9,0.0,21.695,13.676,27.085,11.57,218.04,13.375,207.33,2771.1,2521.5,5292.5,0.0,-99999.0,42.416,47.93,52.287,-99999.0,50
2016-11-06 11:53:00,0.0,2345.1,2624.8,4969.9,0.0,21.875,13.677,27.085,11.473,220.48,13.931,205.54,2861.7,2529.5,5391.2,0.0,-3.7062,42.369,48.06,53.381,-99999.0,50
2016-11-06 11:54:00,0.0,2351.7,2563.5,4915.2,0.0,21.974,13.676,27.089,11.551,219.37,13.184,210.47,2763.1,2533.9,5296.9,0.0,-99999.0,42.4,48.181,54.183,-99999.0,50
2016-11-06 11:55:00,0.0,2160.9,2327.8,4488.7,0.0,22.303,13.676,27.098,10.973,212.35,12.471,203.76,2542.5,2335.2,4877.7,0.0,-99999.0,42.408,48.233,54.642,-99999.0,50
2016-11-06 11:56:00,0.0,2091.8,2193.3,4285.0,0.0,22.443,13.675,27.1,10.389,212.79,11.406,210.54,2375.6,2214.7,4590.2,0.0,-99999.0,42.597,48.09,53.862,-99999.0,50
2016-11-06 11:57:00,0.0,2062.6,2291.1,4353.7,0.0,22.243,13.676,27.101,10.25,213.44,12.283,204.52,2513.8,2191.7,4705.5,0.0,-99999.0,42.689,48.068,53.962,-99999.0,50
2016-11-06 11:58:00,0.0,2298.5,2414.8,4713.2,0.0,22.195,13.675,27.115,11.161,216.73,13.712,206.48,2830.0,2417.9,5247.9,0.0,28.584,42.699,48.034,53.453,-99999.0,50
2016-11-06 11:59:00,0.0,2292.7,2605.5,4898.1,0.0,22.077,13.675,27.115,11.126,217.66,13.738,207.23,2845.6,2421.6,5267.2,0.0,-99999.0,42.723,48.066,53.659,-99999.0,50
2016-11-06 12:00:00,0.0,2285.6,2642.0,4927.6,0.0,22.114,13.676,27.115,11.219,217.14,13.772,207.21,2851.9,2436.1,5288.0,0.0,-99999.0,42.631,48.136,54.508,-99999.0,50
2016-11-06 12:01:00,0.0,2054.3,2067.8,4122.1,0.0,22.002,13.675,27.121,10.459,211.84,11.981,208.12,2491.3,2221.2,4712.4,0.0,-99999.0,42.541,48.194,55.013,-99999.0,50
2016-11-06 12:02:00,0.0,2233.2,2522.0,4755.2,0.0,22.17,13.675,27.13,11.235,215.39,13.291,207.12,2750.3,2420.8,5171.0,0.0,-99999.0,42.677,48.119,55.456,-99999.0,50
2016-11-06 12:03:00,0.0,2262.9,2573.7,4836.5,0.0,22.377,13.675,27.13,11.589,214.44,13.502,206.96,2793.1,2485.0,5278.0,0.0,-99999.0,42.76,48.154,56.664,-99999.0,50
2016-11-06 12:04:00,0.0,2252.1,2519.6,4771.7,0.0,22.266,13.675,27.134,11.727,213.77,12.992,209.42,2698.0,2506.9,5204.8,0.0,-99999.0,42.684,48.305,57.341,-99999.0,50
2016-11-06 12:05:00,0.0,2187.9,2372.6,4560.5,0.0,22.411,13.675,27.144,11.509,211.09,12.412,209.02,2592.8,2429.8,5022.5,0.0,-99999.0,42.649,48.439,58.122,-99999.0,50
2016-11-06 12:06:00,0.0,2071.4,2282.9,4354.3,0.0,22.552,13.674,27.145,10.98,210.61,12.087,206.99,2498.6,2314.9,4813.4,0.0,3.0799,42.632,48.494,58.313,-99999.0,50
2016-11-06 12:07:00,0.0,2008.5,2164.4,4172.9,0.0,22.664,13.675,27.145,10.617,212.64,11.541,210.07,2413.0,2263.2,4676.2,0.0,-99999.0,42.739,48.356,57.5,-99999.0,50
2016-11-06 12:08:00,0.0,2227.8,2431.8,4659.5,0.0,22.84,13.675,27.156,11.984,213.3,13.1,208.33,2713.1,2556.0,5269.0,0.0,-99999.0,42.878,48.287,58.245,-99999.0,50
2016-11-06 12:09:00,0.0,2239.3,2358.0,4597.3,0.0,22.87,13.675,27.16,12.15,210.92,12.737,207.91,2638.4,2562.7,5201.1,0.0,-99999.0,42.842,48.344,58.249,-99999.0,50
2016-11-06 12:10:00,0.0,1881.1,2074.4,3955.5,0.0,22.568,13.674,27.16,10.097,210.47,10.939,208.01,2266.2,2136.8,4403.0,0.0,-99999.0,42.771,48.425,57.315,-99999.0,50
2016-11-06 12:11:00,0.0,1616.1,1835.3,3451.3,0.0,22.38,13.675,27.166,8.915699999999998,207.09,9.4782,208.18,1973.0,1861.3,3834.3,0.0,-99999.0,42.719,48.171,54.656,-99999.0,50
2016-11-06 12:12:00,0.0,2205.8,2482.9,4688.7,0.0,22.277,13.675,27.172,11.213,214.26,13.142,202.83,2665.8,2403.2,5069.0,0.0,-99999.0,42.697,47.93,54.838,-99999.0,50
2016-11-06 12:13:00,0.0,1770.0,1911.8,3681.7,0.0,22.314,13.674,27.173,9.1607,209.09,10.119,206.6,2092.9,1923.0,4015.8,0.0,-99999.0,42.8,47.927,53.951,-99999.0,50
2016-11-06 12:14:00,0.0,1482.6,1568.9,3051.5,0.0,22.226,13.674,27.184,7.8145,206.97,8.4257,204.05,1718.4,1619.5,3337.8,0.0,-99999.0,42.656,47.688,52.288,-99999.0,50
2016-11-06 12:15:00,0.0,1386.5,1444.1,2830.6,0.0,22.098,13.674,27.19,7.298199999999999,207.9,7.5835,209.42,1586.4,1518.0,3104.4,0.0,-99999.0,42.809,47.399,51.273,-99999.0,50
2016-11-06 12:16:00,0.0,1264.6,1313.3,2577.9,0.0,22.03,13.674,27.184,6.6285,208.37,6.8101,211.17,1437.8,1381.4,2819.3,0.0,-99999.0,42.912,47.106,49.052,-99999.0,50
2016-11-06 12:17:00,0.0,1234.4,1315.2,2549.7,0.0,22.056,13.674,27.197,6.3229,213.92,6.7838,213.23,1446.4,1351.0,2797.5,0.0,-99999.0,43.255,46.85,48.087,-99999.0,50
2016-11-06 12:18:00,0.0,556.6,579.32,1135.9,0.0,21.95,13.673,27.202,2.9692,208.09,3.0704,209.71,643.83,617.71,1261.5,0.0,-99999.0,43.314,46.546,45.77,-99999.0,50
2016-11-06 12:19:00,0.0,550.22,568.17,1118.4,0.0,22.011,13.673,27.202,3.0489,202.16,3.0919,204.65,632.6,616.27,1248.9,0.0,-99999.0,42.889,45.944,43.466,-99999.0,50
2016-11-06 12:20:00,0.0,576.39,602.6,1179.0,0.0,22.026,13.673,27.213,3.0176,208.11,3.236,205.99,666.45,621.98,1288.4,0.0,-99999.0,42.211,45.36,41.749,-99999.0,50
2016-11-06 12:21:00,0.0,619.49,653.81,1273.3,0.0,21.929,13.674,27.218,3.1309,218.64,3.3192,219.18,727.52,684.5,1412.0,0.0,-99999.0,41.651,44.767,40.295,-99999.0,50
2016-11-06 12:22:00,0.0,714.68,719.68,1434.4,0.0,21.963,13.673,27.22,3.7097,212.42,3.5216,226.38,796.6699999999998,787.22,1583.9,0.0,-99999.0,41.185,44.275,39.287,-99999.0,50
2016-11-06 12:23:00,0.0,705.72,721.52,1427.3,0.0,21.861,13.674,27.229,3.7606,205.86,3.6355,219.33,797.1699999999998,774.0499999999998,1571.2,0.0,-99999.0,40.916,43.877,37.807,-99999.0,50
2016-11-06 12:24:00,0.0,749.34,769.15,1518.5,0.0,21.636,13.673,27.228,3.8997,211.26,3.831,220.98,847.01,824.34,1671.3,0.0,-99999.0,40.661,43.507,36.713,-99999.0,50
2016-11-06 12:25:00,0.0,775.61,782.65,1558.3,0.0,21.568,13.673,27.238,3.9168,217.26,3.7561,229.14,860.5599999999998,851.44,1712.0,0.0,-99999.0,40.485,43.332,35.86,-99999.0,50
2016-11-06 12:26:00,0.0,575.6,579.0,1154.6,0.0,21.462,13.673,27.243,2.9427,216.94,2.8135,229.25,645.02,638.38,1283.4,0.0,-99999.0,40.372,43.19,34.823,-99999.0,50
2016-11-06 12:27:00,0.0,576.32,590.69,1167.0,0.0,21.298,13.673,27.246,3.0062,212.53,2.9553,221.78,655.14,638.65,1293.8,0.0,-99999.0,40.155,42.985,33.859,-99999.0,50
2016-11-06 12:28:00,0.0,501.06,508.06,1009.1,0.0,21.192,13.672,27.259,2.6372,211.09,2.588,219.84,568.95,556.66,1125.6,0.0,-99999.0,40.068,42.858,32.922,-99999.0,50
2016-11-06 12:29:00,0.0,453.4,458.4,911.8,0.0,21.197,13.673,27.255,2.3908,211.14,2.3424,219.75,514.73,504.79,1019.5,0.0,-99999.0,39.982,42.64,31.686,-99999.0,50
2016-11-06 12:30:00,0.0,431.54,438.16,869.7,0.0,21.081,13.672,27.263,2.3013,210.12,2.2626,217.84,492.87,483.53,976.41,0.0,-99999.0,39.773,42.299,30.997,-99999.0,50
2016-11-06 12:31:00,0.0,437.28,444.01,881.2899999999998,0.0,21.005,13.672,27.269,2.3043,212.89,2.2376,222.77,498.41,490.53,988.94,0.0,-99999.0,39.608,41.968,30.348,-99999.0,50
2016-11-06 12:32:00,0.0,563.33,557.88,1121.2,0.0,20.904,13.672,27.274,2.7546,225.9,2.6183,237.68,623.34,623.29,1246.6,0.0,-99999.0,39.42,41.645,29.888,-99999.0,50
2016-11-06 12:33:00,0.0,523.33,529.75,1053.1,0.0,20.784,13.672,27.287,2.6422,220.32,2.5792,229.29,590.65,581.57,1172.2,0.0,-99999.0,39.22,41.392,29.433,-99999.0,50
2016-11-06 12:34:00,0.0,2069.0,2360.8,4429.7,0.0,20.68,13.671,27.284,9.7444,229.61,11.988,214.64,2564.8,2245.6,4810.4,0.0,-99999.0,39.106,41.321,30.964,-99999.0,50
2016-11-06 12:35:00,0.0,771.3099999999998,821.69,1593.0,0.0,20.706,13.671,27.29,3.994,210.18,4.3518,210.99,919.9,854.5399999999998,1774.5,0.0,-99999.0,39.25,42.248,32.209,-99999.0,50
2016-11-06 12:36:00,0.0,522.88,528.78,1051.7,0.0,20.806,13.672,27.3,2.7752,207.97,2.8103,208.93,587.61,577.69,1165.3,0.0,-99999.0,39.357,42.526,31.32,-99999.0,50
2016-11-06 12:37:00,0.0,1377.9,1465.0,2842.9,0.0,20.792,13.671,27.297,6.6549,222.68,7.315,216.58,1575.2,1504.8,3079.9,0.0,-99999.0,39.218,42.256,31.519,-99999.0,50
2016-11-06 12:38:00,0.0,952.98,1047.7,2000.7,0.0,20.784,13.671,27.314,4.6239,219.06,5.4124,213.06,1152.2,1042.2,2194.3,0.0,-99999.0,39.403,42.528,32.648,-99999.0,50
2016-11-06 12:39:00,0.0,571.14,593.91,1165.1,0.0,20.794,13.671,27.312,3.0435,204.63,2.9137,221.46,645.32,622.68,1268.0,0.0,-99999.0,39.561,42.654,31.746,-99999.0,50
2016-11-06 12:40:00,0.0,1453.8,1644.8,3098.6,0.0,20.821,13.671,27.319,6.9893,219.57,7.6845,226.93,1746.1,1597.6,3343.7,0.0,-99999.0,39.503,42.522,33.009,-99999.0,50
2016-11-06 12:41:00,0.0,714.62,727.59,1442.2,0.0,20.914,13.67,27.326,3.7337,208.32,3.6583,218.74,792.85,785.4,1578.3,0.0,-99999.0,39.555,42.601,32.378,-99999.0,50
2016-11-06 12:42:00,0.0,915.88,948.68,1864.6,0.0,21.002,13.67,27.329,4.554,219.43,5.0106,210.21,1050.1,1010.9,2061.1,0.0,-99999.0,39.504,42.437,32.49,-99999.0,50
2016-11-06 12:43:00,0.0,439.66,441.15,880.83,0.0,20.979,13.671,27.34,2.2183,217.44,2.3378,211.35,494.08,482.32,976.41,0.0,-99999.0,39.4,42.24,31.438,-99999.0,50
2016-11-06 12:44:00,0.0,413.99,421.24,835.24,0.0,20.899,13.67,27.341,2.1822,210.06,2.1952,212.68,466.74,458.17,924.93,0.0,-99999.0,39.181,41.73,30.651,-99999.0,50
2016-11-06 12:45:00,0.0,656.6,663.01,1319.6,0.0,20.862,13.67,27.343,3.4363,208.62,3.4908,207.59,728.72,721.74,1450.5,0.0,-99999.0,38.981,41.237,30.09,-99999.0,50
2016-11-06 12:46:00,0.0,1704.5,1759.5,3464.0,0.0,20.866,13.67,27.356,8.367,220.81,9.1721,209.04,1912.7,1854.1,3766.8,0.0,-99999.0,38.806,41.052,30.994,-99999.0,50
2016-11-06 12:47:00,0.0,2146.9,2503.9,4650.7,0.0,20.916,13.669,27.356,9.9149,235.02,12.892,211.62,2728.7,2334.1,5062.8,0.0,-99999.0,38.983,41.73,33.731,-99999.0,50
2016-11-06 12:48:00,0.0,2267.0,2609.6,4876.5,0.0,20.985,13.67,27.366,10.572,232.81,13.154,216.51,2845.5,2460.9,5306.3,0.0,-99999.0,39.267,42.831,36.513,-99999.0,50
2016-11-06 12:49:00,0.0,2271.2,2584.9,4856.0,0.0,21.006,13.669,27.371,10.771,229.16,13.264,212.56,2819.3,2468.1,5287.4,0.0,-99999.0,39.66,43.807,39.076,-99999.0,50
2016-11-06 12:50:00,0.0,2267.7,2546.2,4813.9,0.0,21.053,13.67,27.371,11.024,225.91,13.399,207.11,2774.7,2490.4,5265.1,0.0,-99999.0,39.947,44.504,41.043,-99999.0,50
2016-11-06 12:51:00,0.0,2260.1,2523.4,4783.5,0.0,21.139,13.67,27.38,11.096,223.61,13.569,202.67,2750.0,2481.1,5231.0,0.0,-99999.0,40.239,45.029,43.011,-99999.0,50
2016-11-06 12:52:00,0.0,2254.6,2313.6,4568.2,0.0,21.206,13.669,27.385,11.198,221.19,13.19,205.99,2716.0,2476.8,5192.7,0.0,-99999.0,40.472,45.43,44.473,-99999.0,50
2016-11-06 12:53:00,0.0,2249.0,2470.5,4719.4,0.0,21.343,13.67,27.387,11.353,218.11,13.124,204.62,2684.1,2476.0,5160.1,0.0,-99999.0,40.651,45.684,45.962,-99999.0,50
2016-11-06 12:54:00,0.0,2246.6,2449.2,4695.7,0.0,21.561,13.669,27.392,11.492,214.54,12.771,207.35,2646.0,2465.3,5111.3,0.0,-99999.0,40.762,45.882,47.126,-99999.0,50
2016-11-06 12:55:00,0.0,2251.1,2349.3,4600.4,0.0,21.602,13.67,27.402,11.71,211.16,12.529,207.07,2593.3,2472.7,5065.9,0.0,-99999.0,40.858,46.049,48.345,-99999.0,50
2016-11-06 12:56:00,0.0,2235.4,2335.6,4571.0,0.0,21.71,13.668,27.402,11.813,208.28,12.224,208.84,2550.1,2460.4,5010.4,0.0,-99999.0,40.899,46.164,49.322,-99999.0,50
2016-11-06 12:57:00,0.0,2236.9,2308.9,4545.7,0.0,21.806,13.669,27.403,11.963,205.23,12.193,206.88,2521.4,2454.7,4976.1,0.0,-99999.0,40.97,46.29,50.155,-99999.0,50
2016-11-06 12:58:00,0.0,2262.6,2304.8,4567.4,0.0,21.715,13.668,27.417,12.342,201.84,12.122,207.58,2515.2,2491.1,5006.3,0.0,-99999.0,40.997,46.434,51.092,-99999.0,50
2016-11-06 12:59:00,0.0,1120.2,1165.7,2285.8,0.0,21.728,13.668,27.417,6.0294,205.84,6.2303,204.35,1279.7,1232.5,2512.2,0.0,-99999.0,41.104,46.536,50.157,-99999.0,50
2016-11-06 13:00:00,0.0,1382.1,1461.9,2844.0,0.0,21.769,13.668,27.418,7.1934,211.47,7.8741,205.81,1626.5,1524.6,3151.2,0.0,-99999.0,41.153,46.115,48.892,-99999.0,50
2016-11-06 13:01:00,0.0,1210.2,1300.0,2510.2,0.0,21.665,13.669,27.43,6.1481,215.15,6.8156,206.56,1414.5,1330.5,2744.9,0.0,-99999.0,41.236,45.725,46.832,-99999.0,50
2016-11-06 13:02:00,0.0,1611.6,1775.6,3387.1,0.0,21.725,13.669,27.432,8.0541,220.85,9.1633,212.06,1941.1,1779.3,3720.3,0.0,-99999.0,41.531,45.472,46.868,-99999.0,50
2016-11-06 13:03:00,0.0,1922.2,2071.9,3994.0,0.0,21.788,13.669,27.433,9.6546,218.75,10.66,210.71,2242.3,2111.0,4353.3,0.0,-99999.0,41.47,45.457,46.407,-99999.0,50
2016-11-06 13:04:00,0.0,1985.3,2056.2,4041.5,0.0,21.748,13.668,27.446,10.243,213.16,10.752,208.53,2206.4,2184.9,4391.3,0.0,-2.231,41.409,45.661,47.177,-99999.0,50
2016-11-06 13:05:00,0.0,2210.8,2288.7,4499.4,0.0,21.733,13.668,27.447,11.498,211.99,11.539,211.85,2412.8,2437.2,4850.0,0.0,-99999.0,41.259,45.882,47.692,-99999.0,50
2016-11-06 13:06:00,0.0,1458.4,1516.7,2975.1,0.0,21.762,13.668,27.448,7.3709,211.36,8.1353,205.69,1660.6,1569.3,3229.9,0.0,-99999.0,41.269,45.978,47.52,-99999.0,50
2016-11-06 13:07:00,0.0,1051.3,1053.0,2104.3,0.0,21.841,13.668,27.461,5.5504,203.83,5.5417,211.52,1172.4,1137.1,2309.5,0.0,-99999.0,41.297,45.947,47.375,-99999.0,50
2016-11-06 13:08:00,0.0,1029.8,1070.6,2100.4,0.0,21.902,13.668,27.462,5.8025,196.32,5.6823,204.84,1168.4,1144.1,2312.5,0.0,-99999.0,41.246,45.573,44.999,-99999.0,50
2016-11-06 13:09:00,0.0,786.73,827.5399999999998,1614.3,0.0,21.909,13.667,27.468,4.5404,196.33,4.4098,210.41,925.57,891.38,1817.0,0.0,-99999.0,41.19,45.235,43.861,-99999.0,50
2016-11-06 13:10:00,0.0,248.94,257.34,506.28,0.0,21.733,13.668,27.476,1.52,196.27,1.4263,209.97,299.51,298.33,597.83,0.0,-99999.0,40.988,44.751,40.821,-99999.0,50
2016-11-06 13:11:00,0.0,241.15,252.41,493.56,0.0,21.564,13.668,27.477,1.501,191.97,1.4374,203.98,293.19,287.97,581.15,0.0,-4.1279,40.589,43.957,38.4,-99999.0,50
2016-11-06 13:12:00,0.0,261.22,280.45,541.66,0.0,21.395,13.666,27.481,1.6962,181.76,1.4951,215.33,321.94,308.32,630.25,0.0,-99999.0,40.208,43.145,36.377,-99999.0,50
2016-11-06 13:13:00,0.0,314.73,330.14,644.87,0.0,21.403,13.668,27.492,1.8773,195.72,1.8247,206.24,375.67,367.85,743.5299999999999,0.0,-99999.0,39.61,42.45,34.802,-99999.0,50
2016-11-06 13:14:00,0.0,317.83,327.78,645.62,0.0,21.399,13.667,27.492,1.8201,203.08,1.8399,202.52,372.62,369.59,742.22,0.0,-99999.0,38.987,41.831,33.353,-99999.0,50
2016-11-06 13:15:00,0.0,480.56,484.43,965.0,0.0,21.312,13.667,27.492,2.5562,206.67,2.4505,215.43,531.82,532.36,1064.2,0.0,-99999.0,38.424,41.31,32.041,-99999.0,50
2016-11-06 13:16:00,0.0,1295.2,1322.4,2617.7,0.0,21.27,13.667,27.506,6.6525,213.29,6.4703,225.54,1460.0,1417.9,2877.9,0.0,-99999.0,38.25,41.123,32.402,-99999.0,50
2016-11-06 13:17:00,0.0,2151.1,2246.6,4397.6,0.0,21.336,13.667,27.507,10.391,225.99,10.781,227.59,2452.9,2350.7,4803.6,0.0,-99999.0,38.681,41.771,34.059,-99999.0,50
2016-11-06 13:18:00,0.0,1303.9,1326.2,2630.1,0.0,21.417,13.666,27.509,6.5895,215.64,6.3206,229.46,1453.8,1436.4,2890.2,0.0,-99999.0,39.184,42.866,34.951,-99999.0,50
2016-11-06 13:19:00,0.0,2293.1,2303.7,4596.7,0.0,21.441,13.666,27.521,11.14,226.27,10.973,229.69,2520.3,2518.8,5039.0,0.0,-99999.0,39.655,43.606,37.104,-99999.0,50
2016-11-06 13:20:00,0.0,2318.2,2350.3,4668.4,0.0,21.559,13.667,27.522,11.353,219.53,11.789,217.59,2564.2,2492.1,5056.3,0.0,-99999.0,39.874,44.492,39.37,-99999.0,50
2016-11-06 13:21:00,0.0,1776.1,1826.7,3602.8,0.0,21.599,13.667,27.522,9.1585,211.52,9.573,208.15,1994.6,1945.4,3939.9,0.0,-99999.0,40.04,45.195,40.805,-99999.0,50
2016-11-06 13:22:00,0.0,2059.8,2132.8,4192.5,0.0,21.67,13.666,27.529,10.461,214.91,11.232,206.6,2324.5,2249.7,4574.1,0.0,-99999.0,40.272,45.349,41.549,-99999.0,50
2016-11-06 13:23:00,0.0,2219.3,2305.8,4525.0,0.0,21.826,13.665,27.538,11.671,209.43,12.258,204.79,2510.2,2444.0,4954.2,0.0,13.624,40.523,45.569,43.189,-99999.0,50
2016-11-06 13:24:00,0.0,2199.3,2273.0,4472.3,0.0,21.928,13.665,27.538,11.902,203.85,12.253,202.17,2477.3,2426.1,4903.3,0.0,-99999.0,40.771,45.831,44.338,-99999.0,50
2016-11-06 13:25:00,0.0,2057.3,2234.4,4291.6,0.0,22.049,13.664,27.539,10.893,210.15,11.85,205.97,2439.8,2243.6,4683.4,0.0,-99999.0,40.87,46.069,45.502,-99999.0,50
2016-11-06 13:26:00,0.0,2148.3,2219.0,4367.3,0.0,22.223,13.664,27.551,11.548,203.79,11.814,204.57,2415.7,2352.3,4767.9,0.0,-99999.0,40.922,46.245,46.564,-99999.0,50
2016-11-06 13:27:00,0.0,2060.5,2197.2,4257.6,0.0,22.403,13.665,27.553,10.923,208.19,11.644,205.43,2391.8,2249.5,4641.2,0.0,16.706,41.012,46.37,47.177,-99999.0,50
2016-11-06 13:28:00,0.0,2061.8,2083.1,4144.8,0.0,22.52,13.663,27.553,10.841,209.05,11.338,205.81,2330.9,2244.1,4575.0,0.0,-99999.0,41.095,46.468,47.532,-99999.0,50
2016-11-06 13:29:00,0.0,2065.4,2165.7,4231.1,0.0,22.683,13.664,27.562,10.864,208.41,11.378,207.7,2362.1,2246.9,4608.9,0.0,-99999.0,41.181,46.571,48.259,-99999.0,50
2016-11-06 13:30:00,0.0,2072.2,2055.6,4127.8,0.0,22.713,13.664,27.568,10.935,207.26,11.227,206.68,2320.4,2255.1,4575.5,0.0,-99999.0,41.2,46.631,48.722,-99999.0,50
2016-11-06 13:31:00,0.0,2091.4,2154.7,4246.0,0.0,22.551,13.664,27.568,11.188,204.73,11.394,206.4,2350.9,2289.4,4640.2,0.0,-99999.0,41.184,46.678,49.335,-99999.0,50
2016-11-06 13:32:00,0.0,2097.6,2025.4,4122.9,0.0,22.6,13.664,27.579,11.116,204.49,11.243,205.45,2309.4,2272.1,4581.4,0.0,-99999.0,41.192,46.69,49.918,-99999.0,50
2016-11-06 13:33:00,0.0,2052.9,2092.0,4144.8,0.0,22.666,13.663,27.583,10.96,204.0,10.998,207.9,2285.5,2234.8,4520.3,0.0,15.758,41.184,46.654,50.51,-99999.0,50
2016-11-06 13:34:00,0.0,1787.6,1909.0,3696.6,0.0,22.706,13.663,27.584,9.3343,209.78,10.196,204.59,2086.4,1943.9,4030.3,0.0,-99999.0,41.205,46.603,50.452,-99999.0,50
2016-11-06 13:35:00,0.0,1924.7,2121.8,4046.5,0.0,22.668,13.663,27.597,10.714,205.93,11.203,205.79,2304.4,2201.4,4505.7,0.0,-99999.0,41.401,46.518,50.883,-99999.0,50
2016-11-06 13:36:00,0.0,2065.2,2106.0,4171.1,0.0,22.589,13.663,27.599,11.015,204.63,11.122,207.15,2302.5,2252.5,4554.9,0.0,-99999.0,41.474,46.571,51.228,-99999.0,50
2016-11-06 13:37:00,0.0,1906.8,2119.2,4026.0,0.0,22.442,13.663,27.609,10.867,205.91,11.046,207.38,2289.6,2233.6,4523.2,0.0,-99999.0,41.53,46.709,51.626,-99999.0,50
2016-11-06 13:38:00,0.0,2063.1,2114.5,4177.6,0.0,22.366,13.663,27.612,11.005,205.0,11.092,207.83,2304.0,2254.8,4558.8,0.0,-99999.0,41.59,46.801,51.983,-99999.0,50
2016-11-06 13:39:00,0.0,2020.7,2106.6,4127.3,0.0,22.413,13.664,27.613,10.526,208.59,11.191,205.51,2298.6,2177.4,4475.9,0.0,-99999.0,41.62,46.868,52.386,-99999.0,50
2016-11-06 13:40:00,0.0,2048.4,2103.1,4151.5,0.0,22.515,13.663,27.621,10.924,204.74,10.877,209.17,2273.2,2235.6,4508.7,0.0,-99999.0,41.62,46.925,53.005,-99999.0,50
2016-11-06 13:41:00,0.0,1987.5,2090.8,4078.2,0.0,22.552,13.662,27.628,10.526,207.64,11.019,206.74,2277.1,2169.5,4446.5,0.0,-99999.0,41.576,47.016,53.566,-99999.0,50
2016-11-06 13:42:00,0.0,2075.6,2106.4,4182.0,0.0,22.727,13.663,27.63,11.036,204.41,11.146,206.19,2297.2,2254.7,4551.8,0.0,-99999.0,41.604,47.019,53.976,-99999.0,50
2016-11-06 13:43:00,0.0,2008.4,2123.2,4131.6,0.0,23.058,13.662,27.64,10.604,207.16,10.973,208.22,2280.6,2181.6,4462.1,0.0,-99999.0,41.598,47.029,53.831,-99999.0,50
2016-11-06 13:44:00,0.0,2002.1,2083.7,4085.7,0.0,23.127,13.663,27.644,10.607,206.99,10.979,207.41,2276.0,2184.6,4460.5,0.0,-99999.0,41.609,47.031,53.939,-99999.0,50
2016-11-06 13:45:00,0.0,1975.4,2091.0,4066.3,0.0,23.2,13.662,27.648,10.85,205.16,10.836,208.95,2258.1,2224.7,4482.8,0.0,-99999.0,41.577,47.019,53.85,-99999.0,50
2016-11-06 13:46:00,0.0,2027.7,2094.2,4121.8,0.0,23.231,13.662,27.659,10.78,205.47,11.094,205.43,2277.8,2213.9,4491.6,0.0,-99999.0,41.588,47.025,54.143,-99999.0,50
2016-11-06 13:47:00,0.0,1939.6,2058.4,3997.9,0.0,23.335,13.662,27.659,10.231,208.43,10.572,210.18,2213.9,2110.4,4324.3,0.0,-99999.0,41.566,47.014,54.458,-99999.0,50
2016-11-06 13:48:00,0.0,2028.6,2058.6,4087.2,0.0,23.45,13.662,27.669,10.796,204.29,10.87,206.77,2246.6,2204.5,4451.1,0.0,-99999.0,41.58,47.096,53.986,-99999.0,50
2016-11-06 13:49:00,0.0,2021.7,2066.1,4087.8,0.0,23.386,13.662,27.674,10.79,204.13,10.88,206.04,2240.6,2201.3,4441.9,0.0,-99999.0,41.572,47.148,53.498,-99999.0,50
2016-11-06 13:50:00,0.0,1892.2,2036.1,3928.2,0.0,23.336,13.662,27.675,9.8993,210.75,10.499,209.28,2185.0,2051.2,4236.1,0.0,-99999.0,41.59,47.142,53.23,-99999.0,50
2016-11-06 13:51:00,0.0,1989.1,2038.0,4027.1,0.0,23.5,13.662,27.688,10.623,205.12,10.655,207.57,2210.7,2177.9,4388.5,0.0,-99999.0,41.62,47.149,53.189,-99999.0,50
2016-11-06 13:52:00,0.0,1996.3,2034.0,4030.2,0.0,23.806,13.661,27.689,10.605,205.28,10.36,209.89,2160.5,2176.0,4336.5,0.0,-99999.0,41.664,47.181,52.452,-99999.0,50
2016-11-06 13:53:00,0.0,1993.1,2041.4,4034.5,0.0,23.962,13.661,27.694,10.615,204.97,10.837,205.48,2225.7,2174.7,4400.3,0.0,-99999.0,41.706,47.208,51.656,-99999.0,50
2016-11-06 13:54:00,0.0,1965.0,2011.3,3976.2,0.0,23.958,13.662,27.705,10.393,206.92,10.278,211.08,2154.3,2140.2,4294.5,0.0,1.0993,41.752,47.252,50.862,-99999.0,50
2016-11-06 13:55:00,0.0,1947.6,2080.3,4027.9,0.0,24.139,13.661,27.705,10.196,209.45,10.906,206.78,2254.3,2095.4,4349.6,0.0,-99999.0,41.791,47.244,47.951,-99999.0,50
2016-11-06 13:56:00,0.0,1935.9,2123.2,4059.0,0.0,23.367,13.661,27.716,10.728,206.79,11.176,206.1,2302.6,2209.0,4511.6,0.0,-99999.0,41.819,47.293,45.703,-99999.0,50
2016-11-06 13:57:00,0.0,2025.2,2111.2,4136.4,0.0,22.058,13.662,27.72,10.661,209.48,10.841,210.8,2258.9,2206.5,4465.3,0.0,-99999.0,41.941,47.396,43.954,-99999.0,50
2016-11-06 13:58:00,0.0,2125.0,2189.2,4314.1,0.0,21.357,13.661,27.722,11.454,203.51,11.436,206.9,2365.8,2330.3,4696.1,0.0,-99999.0,42.067,47.469,42.257,-99999.0,50
2016-11-06 13:59:00,0.0,2164.8,2198.6,4363.4,0.0,21.163,13.661,27.735,11.516,203.75,11.575,205.65,2380.4,2346.4,4726.7,0.0,-99999.0,41.981,47.527,41.387,-99999.0,50
2016-11-06 14:00:00,0.0,2146.6,2188.9,4335.5,0.0,21.11,13.661,27.735,11.507,204.53,11.643,204.97,2386.3,2353.5,4739.7,0.0,-99999.0,41.792,47.595,40.613,-99999.0,50
2016-11-06 14:01:00,0.0,2136.9,2173.4,4310.2,0.0,21.115,13.661,27.741,11.415,204.43,11.44,207.25,2371.0,2333.6,4704.5,0.0,-99999.0,41.627,47.629,39.812,-99999.0,50
2016-11-06 14:02:00,0.0,2105.2,2150.9,4256.0,0.0,21.165,13.66,27.75,11.288,204.07,11.362,206.62,2347.6,2303.5,4651.0,0.0,-99999.0,41.574,47.633,40.532,-99999.0,50
2016-11-06 14:03:00,0.0,2082.5,2126.6,4209.0,0.0,21.299,13.66,27.75,11.157,204.38,11.281,205.76,2321.2,2280.2,4601.3,0.0,-99999.0,41.558,47.576,41.942,-99999.0,50
2016-11-06 14:04:00,0.0,2067.5,2109.0,4176.4,0.0,21.697,13.66,27.757,11.14,202.87,11.177,205.99,2302.3,2259.8,4562.1,0.0,-99999.0,41.532,47.53,42.491,-99999.0,50
2016-11-06 14:05:00,0.0,2062.0,2102.7,4164.6,0.0,22.062,13.66,27.765,11.147,201.93,11.212,204.65,2294.6,2250.8,4545.4,0.0,-99999.0,41.507,47.544,42.244,-99999.0,50
2016-11-06 14:06:00,0.0,2073.1,2110.5,4183.6,0.0,21.764,13.66,27.765,11.1,203.7,11.232,205.21,2304.9,2260.9,4565.7,0.0,-99999.0,41.535,47.585,41.62,-99999.0,50
2016-11-06 14:07:00,0.0,1532.5,1562.2,3094.7,0.0,21.657,13.66,27.769,8.2934,202.59,8.3556,205.32,1716.9,1681.3,3398.1,0.0,-99999.0,41.544,47.583,41.316,-99999.0,50
2016-11-06 14:08:00,0.0,1541.0,1558.1,3099.1,0.0,21.426,13.659,27.779,7.968899999999999,209.3,8.047,209.41,1697.2,1678.7,3375.9,0.0,-99999.0,41.615,47.243,40.068,-99999.0,50
2016-11-06 14:09:00,0.0,2027.9,2092.5,4120.4,0.0,21.103,13.66,27.781,10.535,210.12,10.83,209.19,2265.5,2213.5,4478.9,0.0,-99999.0,41.679,46.969,40.674,-99999.0,50
2016-11-06 14:10:00,0.0,1993.1,2071.7,4064.7,0.0,21.238,13.66,27.782,10.544,206.95,10.695,208.07,2225.4,2182.1,4407.5,0.0,-99999.0,41.665,47.088,41.398,-99999.0,50
2016-11-06 14:11:00,0.0,1957.4,2039.8,3997.1,0.0,21.566,13.659,27.795,10.466,204.79,10.498,208.02,2183.7,2143.4,4327.1,0.0,-99999.0,41.635,47.174,42.131,-99999.0,50
2016-11-06 14:12:00,0.0,1922.2,1987.1,3909.3,0.0,21.774,13.66,27.796,10.342,203.26,10.31,207.84,2142.8,2102.1,4244.8,0.0,-99999.0,41.602,47.216,42.962,-99999.0,50
2016-11-06 14:13:00,0.0,1900.2,1940.8,3841.0,0.0,21.792,13.659,27.796,10.265,202.23,10.22,207.05,2116.1,2075.8,4191.9,0.0,-99999.0,41.538,47.234,43.636,-99999.0,50
2016-11-06 14:14:00,0.0,1869.3,1900.6,3769.9,0.0,21.816,13.659,27.801,10.111,202.26,10.055,207.05,2082.0,2045.1,4127.0,0.0,-99999.0,41.464,47.258,44.133,-99999.0,50
2016-11-06 14:15:00,0.0,1843.4,1891.9,3735.2,0.0,21.935,13.659,27.81,9.9625,202.39,10.012,205.01,2052.5,2016.3,4068.7,0.0,-99999.0,41.393,47.213,44.226,-99999.0,50
2016-11-06 14:16:00,0.0,1833.7,1895.5,3729.2,0.0,21.852,13.659,27.811,9.913,201.93,9.9999,203.88,2038.8,2001.7,4040.5,0.0,-99999.0,41.35,47.149,43.873,-99999.0,50
2016-11-06 14:17:00,0.0,1814.8,1852.1,3666.8,0.0,21.965,13.659,27.811,9.825500000000002,201.64,9.9377,203.14,2018.8,1981.2,3999.9,0.0,-99999.0,41.324,47.087,43.908,-99999.0,50
2016-11-06 14:18:00,0.0,1802.7,1835.4,3638.1,0.0,22.173,13.659,27.824,9.7122,202.5,9.8215,203.72,2000.8,1966.7,3967.5,0.0,-99999.0,41.305,47.047,43.768,-99999.0,50
2016-11-06 14:19:00,0.0,1810.0,1819.8,3629.8,0.0,22.478,13.659,27.826,9.6082,203.21,9.6783,205.26,1986.6,1952.5,3939.0,0.0,-99999.0,41.269,47.012,43.552,-99999.0,50
2016-11-06 14:20:00,0.0,1802.1,1801.3,3603.4,0.0,22.434,13.659,27.826,9.5141,203.57,9.6057,204.97,1968.9,1936.7,3905.5,0.0,-99999.0,41.24,46.948,43.136,-99999.0,50
2016-11-06 14:21:00,0.0,1778.6,1788.3,3566.9,0.0,22.089,13.659,27.834,9.4466,203.64,9.5588,204.61,1955.8,1923.7,3879.5,0.0,-99999.0,41.208,46.868,42.581,-99999.0,50
2016-11-06 14:22:00,0.0,1752.6,1778.1,3530.7,0.0,22.004,13.658,27.842,9.3328,205.12,9.465000000000002,205.64,1946.3,1914.2,3860.5,0.0,-99999.0,41.229,46.814,42.492,-99999.0,50
2016-11-06 14:23:00,0.0,1744.4,1771.2,3515.6,0.0,21.986,13.658,27.842,9.2536,205.74,9.2948,208.42,1937.3,1903.8,3841.0,0.0,-99999.0,41.179,46.691,42.318,-99999.0,50
2016-11-06 14:24:00,0.0,1742.4,1759.6,3501.9,0.0,22.011,13.658,27.853,9.1619,206.23,9.2838,207.24,1924.0,1889.4,3813.3,0.0,-99999.0,41.125,46.621,41.778,-99999.0,50
2016-11-06 14:25:00,0.0,1716.8,1746.6,3463.3,0.0,22.153,13.659,27.856,9.0843,205.94,9.1813,208.02,1909.9,1870.8,3780.7,0.0,-99999.0,41.067,46.597,41.939,-99999.0,50
2016-11-06 14:26:00,0.0,1704.4,1735.4,3439.8,0.0,22.115,13.658,27.857,9.024,205.97,9.1481,207.37,1897.0,1858.7,3755.6,0.0,-99999.0,41.007,46.559,41.668,-99999.0,50
2016-11-06 14:27:00,0.0,1694.9,1725.7,3420.5,0.0,21.823,13.658,27.856,8.9737,205.95,9.0872,207.68,1887.2,1848.1,3735.2,0.0,-99999.0,40.98,46.507,41.536,-99999.0,50
2016-11-06 14:28:00,0.0,1694.5,1731.2,3425.7,0.0,21.855,13.658,27.868,8.9353,206.96,9.017,209.64,1890.3,1849.2,3739.5,0.0,-99999.0,40.972,46.491,41.007,-99999.0,50
2016-11-06 14:29:00,0.0,1699.2,1732.6,3431.8,0.0,21.841,13.658,27.87,8.9167,207.91,8.9448,211.77,1894.2,1853.9,3748.0,0.0,-99999.0,40.925,46.45,40.667,-99999.0,50
2016-11-06 14:30:00,0.0,1706.1,1741.4,3447.4,0.0,21.974,13.658,27.87,8.881999999999998,209.66,8.9988,211.41,1902.4,1862.2,3764.5,0.0,-99999.0,40.912,46.382,39.67,-99999.0,50
2016-11-06 14:31:00,0.0,1720.4,1750.3,3470.6,0.0,21.867,13.657,27.88,8.96,209.38,8.9938,213.18,1917.2,1876.0,3793.2,0.0,-99999.0,40.94,46.405,38.631,-99999.0,50
2016-11-06 14:32:00,0.0,1730.4,1766.7,3497.1,0.0,21.465,13.657,27.882,9.0231,209.33,9.0781,212.52,1929.2,1888.7,3817.9,0.0,-99999.0,40.908,46.464,38.602,-99999.0,50
2016-11-06 14:33:00,0.0,1737.5,1768.7,3506.1,0.0,21.491,13.657,27.882,9.0296,209.82,9.1218,212.08,1934.5,1894.5,3828.9,0.0,-99999.0,40.859,46.408,38.846,-99999.0,50
2016-11-06 14:34:00,0.0,1734.7,1771.6,3506.3,0.0,21.623,13.657,27.89,9.0237,210.06,9.1086,212.54,1936.0,1895.4,3831.3,0.0,7.7037,40.758,46.302,38.718,-99999.0,50
2016-11-06 14:35:00,0.0,1737.4,1770.9,3508.3,0.0,21.626,13.656,27.901,9.0519,209.42,9.1285,212.06,1935.8,1895.6,3831.3,0.0,-99999.0,40.735,46.3,38.681,-99999.0,50
2016-11-06 14:36:00,0.0,1732.3,1762.4,3494.7,0.0,21.923,13.657,27.898,9.0306,209.21,9.0567,213.0,1929.1,1889.3,3818.3,0.0,-99999.0,40.722,46.276,39.229,-99999.0,50
2016-11-06 14:37:00,0.0,1720.1,1749.1,3469.1,0.0,22.341,13.656,27.896,8.9866,208.88,9.0207,212.4,1916.0,1877.1,3793.1,0.0,-99999.0,40.706,46.249,39.678,-99999.0,50
2016-11-06 14:38:00,0.0,1710.7,1736.9,3447.6,0.0,22.454,13.656,27.906,8.9337,208.39,8.902599999999998,213.52,1900.8,1861.7,3762.5,0.0,17.092,40.723,46.211,39.754,-99999.0,50
2016-11-06 14:39:00,0.0,1705.6,1736.2,3441.7,0.0,22.131,13.656,27.911,8.9226,208.49,8.951,212.27,1900.0,1860.2,3760.2,0.0,-99999.0,40.77,46.229,39.124,-99999.0,50
2016-11-06 14:40:00,0.0,1702.4,1728.2,3430.6,0.0,21.812,13.657,27.91,8.873599999999998,208.98,8.901899999999998,212.7,1893.4,1854.4,3747.7,0.0,-99999.0,40.842,46.231,38.643,-99999.0,50
2016-11-06 14:41:00,0.0,1709.2,1717.7,3426.9,0.0,21.73,13.657,27.911,8.7628,210.23,8.809599999999998,213.36,1879.5,1842.1,3721.6,0.0,-99999.0,40.844,46.211,37.864,-99999.0,50
2016-11-06 14:42:00,0.0,1699.9,1703.5,3403.4,0.0,21.735,13.656,27.925,8.6124,212.35,8.8085,211.48,1862.7,1828.8,3691.4,0.0,16.39,40.847,46.218,37.172,-99999.0,50
2016-11-06 14:43:00,0.0,1659.7,1666.9,3326.6,0.0,21.733,13.656,27.929,8.521599999999998,209.79,8.447599999999998,216.38,1828.0,1787.8,3615.8,0.0,-99999.0,40.882,46.18,36.758,-99999.0,50
2016-11-06 14:44:00,0.0,1682.8,1699.4,3382.2,0.0,21.69,13.656,27.923,8.651099999999998,211.38,8.6322,216.28,1866.9,1828.7,3695.5,0.0,-99999.0,41.463,46.133,36.368,-99999.0,50
2016-11-06 14:45:00,0.0,1643.2,1649.3,3292.4,0.0,21.355,13.656,27.921,8.4228,210.48,8.355399999999998,216.92,1812.0,1773.0,3584.9,0.0,-99999.0,42.603,46.08,36.241,-99999.0,50
2016-11-06 14:46:00,0.0,1665.8,1672.7,3338.5,0.0,21.426,13.655,27.93,8.644199999999998,208.17,8.3375,220.5,1838.0,1799.4,3637.4,0.0,-99999.0,43.138,45.979,36.357,-99999.0,50
2016-11-06 14:47:00,0.0,1607.3,1622.4,3229.6,0.0,21.591,13.656,27.934,8.1798,213.46,8.284599999999998,215.39,1784.1,1745.8,3529.9,0.0,-99999.0,43.242,45.815,36.773,-99999.0,50
2016-11-06 14:48:00,0.0,1621.8,1646.5,3268.3,0.0,21.688,13.655,27.939,8.2759,213.68,8.4152,214.95,1808.7,1768.3,3576.9,0.0,-99999.0,43.223,45.702,36.589,-99999.0,50
2016-11-06 14:49:00,0.0,1560.5,1578.7,3139.2,0.0,21.521,13.656,27.937,8.082499999999998,210.25,7.9428,219.15,1740.2,1699.6,3439.7,0.0,-99999.0,43.19,45.713,36.379,-99999.0,50
2016-11-06 14:50:00,0.0,1443.8,1472.1,2915.9,0.0,21.445,13.656,27.939,7.4713,210.59,7.3671,219.5,1615.9,1573.9,3189.8,0.0,-99999.0,43.131,45.688,34.877,-99999.0,50
2016-11-06 14:51:00,0.0,1599.8,1624.7,3224.5,0.0,21.493,13.656,27.939,8.2423,211.51,8.1859,218.2,1786.1,1743.2,3529.3,0.0,-99999.0,43.028,45.629,34.927,-99999.0,50
2016-11-06 14:52:00,0.0,1538.1,1561.6,3099.6,0.0,21.449,13.655,27.938,7.9305,211.11,7.8411,219.04,1717.3,1674.3,3391.6,0.0,16.64,42.873,45.598,34.816,-99999.0,50
2016-11-06 14:53:00,0.0,1559.9,1576.8,3136.7,0.0,21.598,13.655,27.946,7.999799999999999,211.54,7.8875,219.67,1732.6,1692.2,3424.7,0.0,-99999.0,42.793,45.481,34.816,-99999.0,50
2016-11-06 14:54:00,0.0,1549.2,1554.7,3103.9,0.0,21.468,13.655,27.949,7.8757,211.78,7.810399999999999,218.85,1709.3,1667.9,3377.2,0.0,-99999.0,42.78,45.457,33.834,-99999.0,50
2016-11-06 14:55:00,0.0,1516.7,1531.2,3047.9,0.0,21.124,13.655,27.952,7.7366,212.27,7.689199999999999,218.71,1681.7,1642.3,3323.9,0.0,-99999.0,42.735,45.464,33.817,-99999.0,50
2016-11-06 14:56:00,0.0,1483.1,1510.7,2993.8,0.0,21.081,13.655,27.952,7.6051,213.22,7.6355,217.12,1657.8,1621.6,3279.3,0.0,-99999.0,42.667,45.385,33.65,-99999.0,50
2016-11-06 14:57:00,0.0,1477.1,1490.8,2968.0,0.0,21.11,13.655,27.951,7.480299999999999,213.86,7.5125,217.81,1636.3,1599.7,3236.0,0.0,-99999.0,42.564,45.272,33.904,-99999.0,50
2016-11-06 14:58:00,0.0,1476.4,1476.0,2952.4,0.0,21.142,13.655,27.952,7.3861,214.43,7.4123,218.44,1619.1,1583.8,3202.9,0.0,-99999.0,42.471,45.178,33.634,-99999.0,50
2016-11-06 14:59:00,0.0,1461.7,1464.7,2926.4,0.0,21.009,13.656,27.954,7.3129,215.0,7.3369,219.05,1607.2,1572.3,3179.4,0.0,-99999.0,42.398,45.084,33.713,-99999.0,50
2016-11-06 15:00:00,0.0,1438.8,1457.9,2896.7,0.0,21.082,13.655,27.955,7.239899999999999,215.61,7.2676,219.54,1595.6,1560.9,3156.5,0.0,-99999.0,42.24,44.93,34.059,-99999.0,50
2016-11-06 15:01:00,0.0,1419.6,1445.6,2865.2,0.0,21.1,13.656,27.95,7.1909,215.33,7.210499999999999,219.39,1581.9,1548.4,3130.3,0.0,-99999.0,42.14,44.789,33.689,-99999.0,50
2016-11-06 15:02:00,0.0,1407.1,1433.0,2840.1,0.0,21.164,13.655,27.951,7.1429,215.03,7.1231,220.37,1569.7,1535.9,3105.6,0.0,-99999.0,42.082,44.727,33.408,-99999.0,50
2016-11-06 15:03:00,0.0,1391.2,1420.0,2811.2,0.0,21.381,13.655,27.951,7.0515,215.46,7.0454,220.51,1553.6,1519.3,3072.9,0.0,-99999.0,42.033,44.622,33.817,-99999.0,50
2016-11-06 15:04:00,0.0,1379.0,1404.9,2783.9,0.0,21.387,13.654,27.951,6.9883,215.32,6.9873,220.22,1538.7,1504.7,3043.5,0.0,-99999.0,41.978,44.478,33.613,-99999.0,50
2016-11-06 15:05:00,0.0,1369.1,1409.1,2778.2,0.0,21.46,13.655,27.943,6.9445,214.95,6.9171,220.52,1525.4,1492.7,3018.1,0.0,-99999.0,41.96,44.409,33.168,-99999.0,50
2016-11-06 15:06:00,0.0,1362.5,1387.7,2750.1,0.0,21.597,13.656,27.935,6.8961,215.46,6.9033,219.73,1516.9,1485.8,3002.7,0.0,-99999.0,41.906,44.358,32.981,-99999.0,50
2016-11-06 15:07:00,0.0,1353.0,1390.2,2743.2,0.0,21.53,13.655,27.935,6.8409,215.72,6.8611,219.69,1507.3,1475.7,2983.0,0.0,-99999.0,41.794,44.29,33.336,-99999.0,50
2016-11-06 15:08:00,0.0,1347.6,1394.0,2741.6,0.0,21.413,13.655,27.935,6.8081,215.86,6.8368,219.66,1501.8,1469.6,2971.4,0.0,-99999.0,41.685,44.247,33.171,-99999.0,50
2016-11-06 15:09:00,0.0,1337.0,1365.9,2702.9,0.0,21.292,13.656,27.935,6.7714,215.1,6.7746,219.96,1490.1,1456.5,2946.7,0.0,-99999.0,41.65,44.229,33.224,-99999.0,50
2016-11-06 15:10:00,0.0,1323.2,1345.1,2668.3,0.0,21.128,13.656,27.936,6.7052,214.91,6.6976,220.4,1476.2,1441.0,2917.1,0.0,-99999.0,41.61,44.193,33.204,-99999.0,50
2016-11-06 15:11:00,0.0,1307.6,1330.6,2638.2,0.0,21.129,13.656,27.936,6.5997,215.85,6.6135,220.72,1459.7,1424.5,2884.2,0.0,-99999.0,41.539,44.098,33.257,-99999.0,50
2016-11-06 15:12:00,0.0,1291.8,1315.2,2607.0,0.0,21.171,13.656,27.936,6.5418,215.3,6.5121,221.48,1442.3,1408.4,2850.7,0.0,-99999.0,41.479,43.982,33.288,-99999.0,50
2016-11-06 15:13:00,0.0,1281.4,1305.7,2587.1,0.0,21.291,13.655,27.937,6.4685,216.01,6.4966,220.21,1430.6,1397.2,2827.8,0.0,-2.4371,41.447,43.88,32.877,-99999.0,50
2016-11-06 15:14:00,0.0,1276.5,1298.6,2575.0,0.0,21.276,13.656,27.929,6.4248,216.65,6.42,221.97,1425.1,1391.9,2817.0,0.0,-99999.0,41.376,43.779,32.857,-99999.0,50
2016-11-06 15:15:00,0.0,1270.2,1296.8,2567.0,0.0,21.276,13.657,27.923,6.4279,215.76,6.4199,221.3,1420.7,1386.9,2807.6,0.0,-99999.0,41.266,43.698,32.824,-99999.0,50
2016-11-06 15:16:00,0.0,1262.4,1289.2,2551.6,0.0,21.251,13.657,27.922,6.3408,217.34,6.3766,221.1,1409.8,1378.1,2788.0,0.0,-99999.0,41.221,43.633,32.441,-99999.0,50
2016-11-06 15:17:00,0.0,1253.2,1274.9,2528.2,0.0,21.199,13.656,27.919,6.2759,217.79,6.3072,221.77,1398.7,1366.8,2765.6,0.0,-99999.0,41.184,43.635,32.215,-99999.0,50
2016-11-06 15:18:00,0.0,1239.1,1262.3,2501.4,0.0,21.157,13.655,27.922,6.2693,215.7,6.2357,221.96,1384.1,1352.3,2736.4,0.0,12.296,41.124,43.643,32.43,-99999.0,50
2016-11-06 15:19:00,0.0,1227.2,1242.3,2469.6,0.0,21.093,13.656,27.923,6.1625,216.94,6.188,220.79,1366.2,1336.9,2703.1,0.0,-99999.0,41.035,43.601,31.671,-99999.0,50
2016-11-06 15:20:00,0.0,1208.3,1230.1,2438.4,0.0,21.339,13.655,27.916,6.0767,216.94,6.0813,221.41,1346.4,1318.3,2664.7,0.0,-99999.0,40.977,43.54,31.676,-99999.0,50
2016-11-06 15:21:00,0.0,1189.5,1206.6,2396.1,0.0,21.503,13.656,27.913,5.969,217.24,5.937,223.39,1326.3,1296.7,2623.0,0.0,-99999.0,40.815,43.354,31.7,-99999.0,50
2016-11-06 15:22:00,0.0,1172.7,1190.1,2362.8,0.0,21.24,13.657,27.908,5.8549,218.54,5.8685,222.89,1308.0,1279.6,2587.6,0.0,-99999.0,40.735,43.28,30.895,-99999.0,50
2016-11-06 15:23:00,0.0,1154.8,1176.2,2331.0,0.0,21.033,13.656,27.904,5.7869,217.96,5.7845,222.87,1289.2,1261.3,2550.5,0.0,-99999.0,40.595,43.271,30.386,-99999.0,50
2016-11-06 15:24:00,0.0,1142.1,1161.8,2303.9,0.0,20.97,13.656,27.905,5.7139,217.99,5.7281,222.42,1274.0,1245.6,2519.6,0.0,-99999.0,40.505,43.238,29.789,-99999.0,50
2016-11-06 15:25:00,0.0,1129.0,1151.1,2280.1,0.0,20.977,13.657,27.899,5.622,219.29,5.6507,223.43,1262.5,1232.8,2495.3,0.0,-99999.0,40.357,43.161,29.843,-99999.0,50
2016-11-06 15:26:00,0.0,1123.4,1143.7,2267.1,0.0,21.026,13.657,27.895,5.6156,218.59,5.6038,224.04,1255.5,1227.5,2483.0,0.0,-99999.0,40.177,43.05,29.614,-99999.0,50
2016-11-06 15:27:00,0.0,1116.5,1136.9,2253.4,0.0,21.045,13.656,27.891,5.5775,218.65,5.5429,224.96,1246.9,1219.5,2466.4,0.0,-99999.0,40.058,42.987,29.399,-99999.0,50
2016-11-06 15:28:00,0.0,1105.1,1128.9,2234.0,0.0,21.021,13.657,27.891,5.5014,219.63,5.5001,224.5,1234.8,1208.3,2443.1,0.0,-99999.0,39.956,42.929,29.225,-99999.0,50
2016-11-06 15:29:00,0.0,1093.5,1120.5,2214.0,0.0,20.96,13.655,27.878,5.4385,219.75,5.4349,224.63,1220.8,1195.1,2415.9,0.0,9.7791,39.872,42.851,29.211,-99999.0,50
2016-11-06 15:30:00,0.0,1075.2,1108.8,2184.0,0.0,20.853,13.657,27.876,5.3557,219.82,5.3511,224.65,1202.1,1177.3,2379.4,0.0,-99999.0,39.748,42.685,29.356,-99999.0,50
2016-11-06 15:31:00,0.0,1054.8,1093.9,2148.7,0.0,20.971,13.656,27.876,5.2562,219.74,5.2223,225.8,1179.2,1155.0,2334.2,0.0,-99999.0,39.668,42.498,29.717,-99999.0,50
2016-11-06 15:32:00,0.0,1038.5,1061.1,2099.7,0.0,21.05,13.657,27.863,5.1495,220.46,5.1766,223.71,1158.0,1135.3,2293.3,0.0,-99999.0,39.492,42.333,29.9,-99999.0,50
2016-11-06 15:33:00,0.0,1023.2,1044.6,2067.8,0.0,21.109,13.658,27.859,5.0921,219.48,5.0498,225.52,1138.8,1117.6,2256.4,0.0,-99999.0,39.357,42.234,29.785,-99999.0,50
2016-11-06 15:34:00,0.0,1006.9,1034.0,2040.9,0.0,21.179,13.658,27.862,5.0056,219.6,4.9898,224.54,1120.4,1099.2,2219.6,0.0,-99999.0,39.299,42.196,29.735,-99999.0,50
2016-11-06 15:35:00,0.0,991.59,1009.2,2000.8,0.0,21.111,13.658,27.851,4.9566,218.87,4.9406,223.77,1105.6,1084.9,2190.4,0.0,-99999.0,39.262,42.137,29.595,-99999.0,50
2016-11-06 15:36:00,0.0,978.91,989.88,1968.8,0.0,21.107,13.657,27.844,4.8789,218.7,4.9097,221.04,1085.2,1067.0,2152.3,0.0,-99999.0,39.142,41.995,29.53,-99999.0,50
2016-11-06 15:37:00,0.0,976.52,974.5100000000001,1951.0,0.0,21.141,13.658,27.85,4.8214,217.58,4.8077,222.19,1068.2,1049.1,2117.3,0.0,-99999.0,39.007,41.901,29.414,-99999.0,50
2016-11-06 15:38:00,0.0,950.75,958.49,1909.2,0.0,20.984,13.658,27.839,4.7185,218.95,4.683,224.77,1052.6,1033.1,2085.7,0.0,-99999.0,38.973,41.876,29.186,-99999.0,50
2016-11-06 15:39:00,0.0,922.11,931.31,1853.4,0.0,21.024,13.658,27.832,4.5889,218.97,4.553,224.83,1023.7,1004.8,2028.5,0.0,-99999.0,39.023,41.858,29.228,-99999.0,50
2016-11-06 15:40:00,0.0,868.0499999999998,875.96,1744.0,0.0,21.144,13.659,27.835,4.3135,219.86,4.2672,226.29,965.53,948.33,1913.9,0.0,-99999.0,38.854,41.807,29.112,-99999.0,50
2016-11-06 15:41:00,0.0,842.6799999999998,851.98,1694.7,0.0,21.129,13.658,27.818,4.2245,218.71,4.1923,224.23,939.75,923.79,1863.5,0.0,-99999.0,38.716,41.681,28.73,-99999.0,50
2016-11-06 15:42:00,0.0,836.39,847.11,1683.5,0.0,21.124,13.659,27.817,4.2483,216.05,4.2368,220.22,933.0100000000001,917.84,1850.8,0.0,-99999.0,38.582,41.574,28.329,-99999.0,50
2016-11-06 15:43:00,0.0,732.63,741.21,1473.8,0.0,21.04,13.659,27.822,3.7377,215.85,3.7092,220.95,819.5299999999999,806.75,1626.3,0.0,-99999.0,38.449,41.502,27.859,-99999.0,50
2016-11-06 15:44:00,0.0,694.93,715.84,1410.8,0.0,20.789,13.659,27.812,3.6776,208.57,3.615,216.77,783.39,767.2,1550.6,0.0,-99999.0,38.337,41.349,27.422,-99999.0,50
2016-11-06 15:45:00,0.0,534.66,549.68,1084.3,0.0,20.708,13.66,27.806,2.825,210.02,2.78,216.2,600.47,593.64,1194.1,0.0,-99999.0,38.11,41.131,26.982,-99999.0,50
2016-11-06 15:46:00,0.0,648.05,656.81,1304.9,0.0,20.473,13.659,27.81,3.3869,211.88,3.3399,217.34,726.94,716.16,1443.1,0.0,-99999.0,37.963,40.784,26.436,-99999.0,50
2016-11-06 15:47:00,0.0,600.54,628.73,1229.3,0.0,20.495,13.66,27.796,3.2649,203.22,3.0475,227.74,694.02,663.45,1357.5,0.0,-99999.0,37.831,40.382,26.38,-99999.0,50
2016-11-06 15:48:00,0.0,157.28,143.57,300.85,0.0,20.584,13.66,27.792,0.93894,202.51,0.7788,226.78,176.77,190.23,366.99,0.0,-99999.0,37.607,39.963,25.671,-99999.0,50
2016-11-06 15:49:00,0.0,111.03,111.08,222.11,0.0,20.488,13.66,27.791,0.7410799999999998,201.96,0.63328,220.09,139.01,149.86,288.87,0.0,-99999.0,36.658,39.109,24.707,-99999.0,50
2016-11-06 15:50:00,0.0,151.79,152.98,304.77,0.0,20.516,13.66,27.783,0.8839299999999999,211.84,0.88322,208.87,184.49,187.2,371.68,0.0,-99999.0,35.018,36.78,23.997,-99999.0,50
2016-11-06 15:51:00,0.0,264.69,266.46,531.14,0.0,20.592,13.659,27.777,1.4986,203.54,1.3842,219.39,305.87,303.57,609.43,0.0,-99999.0,33.845,35.101,23.475,-99999.0,50
2016-11-06 15:52:00,0.0,430.83,442.32,873.15,0.0,20.621,13.661,27.777,2.3695,206.48,2.1426,232.61,498.03,488.96,987.0,0.0,-99999.0,33.558,35.159,23.313,-99999.0,50
2016-11-06 15:53:00,0.0,525.51,510.29,1035.8,0.0,20.631,13.661,27.766,2.8093,207.2,2.3347,243.79,570.49,583.37,1153.9,0.0,-99999.0,33.764,36.087,23.199,-99999.0,50
2016-11-06 15:54:00,0.0,612.07,618.17,1230.3,0.0,20.69,13.66,27.764,3.1376,215.86,2.8784,236.72,681.23,677.26,1358.5,0.0,-99999.0,34.127,36.573,23.431,-99999.0,50
2016-11-06 15:55:00,0.0,576.13,588.34,1164.5,0.0,20.743,13.661,27.76,2.9242,218.61,2.7946,231.26,646.27,639.16,1285.4,0.0,-99999.0,34.701,37.267,23.583,-99999.0,50
2016-11-06 15:56:00,0.0,574.13,578.16,1152.3,0.0,20.73,13.661,27.75,2.7969,225.57,2.855,223.6,638.35,630.86,1269.2,0.0,-99999.0,35.261,37.712,23.64,-99999.0,50
2016-11-06 15:57:00,0.0,561.41,558.97,1120.4,0.0,20.687,13.662,27.749,2.7479,223.76,2.7668,224.59,621.34,614.83,1236.2,0.0,-99999.0,35.451,38.035,23.672,-99999.0,50
2016-11-06 15:58:00,0.0,528.28,529.3,1057.6,0.0,20.633,13.662,27.748,2.6218,222.99,2.6056,226.85,591.07,584.62,1175.7,0.0,-99999.0,35.517,38.108,23.648,-99999.0,50
2016-11-06 15:59:00,0.0,490.64,490.68,981.33,0.0,20.591,13.66,27.736,2.4642,220.93,2.4428,224.81,549.09,544.32,1093.4,0.0,-99999.0,35.554,38.068,23.534,-99999.0,50
2016-11-06 16:00:00,0.0,480.37,483.61,963.99,0.0,20.55,13.662,27.733,2.4738,216.4,2.4393,221.32,539.83,535.29,1075.1,0.0,-99999.0,35.284,37.772,23.441,-99999.0,50
2016-11-06 16:01:00,0.0,484.94,489.11,974.04,0.0,20.528,13.662,27.735,2.4162,223.98,2.4149,226.34,546.53,541.15,1087.7,0.0,-99999.0,35.092,37.444,23.403,-99999.0,50
2016-11-06 16:02:00,0.0,332.37,331.35,663.72,0.0,20.447,13.661,27.725,1.6934,223.77,1.6636,228.81,380.62,379.01,759.65,0.0,-99999.0,34.864,37.087,23.15,-99999.0,50
2016-11-06 16:03:00,0.0,126.48,121.12,247.59,0.0,20.335,13.662,27.72,0.7153199999999998,221.64,0.6581799999999999,229.47,150.97,158.67,309.64,0.0,-99999.0,34.422,35.799,22.623,-99999.0,50
2016-11-06 16:04:00,0.0,46.834,39.787,86.622,0.0,20.216,13.663,27.72,0.3295799999999999,216.24,0.26978,225.11,60.692,71.236,131.93,0.0,-99999.0,33.292,34.081,21.988,-99999.0,50
2016-11-06 16:05:00,0.0,46.97,43.097,90.066,0.0,20.122,13.661,27.712,0.34858,209.79,0.2972199999999999,217.36,64.558,73.12399999999998,137.68,0.0,-99999.0,32.365,32.888,21.392,-99999.0,50
2016-11-06 16:06:00,0.0,46.677,45.821,92.498,0.0,20.039,13.662,27.706,0.35449,204.1,0.32283,207.64,67.031,72.336,139.37,0.0,-99999.0,31.733,32.044,20.873,-99999.0,50
2016-11-06 16:07:00,0.0,54.783,52.959,107.74,0.0,20.012,13.662,27.705,0.39376,204.62,0.38574,199.4,76.891,80.592,157.48,0.0,-99999.0,31.283,31.493,20.448,-99999.0,50
2016-11-06 16:08:00,0.0,250.68,258.02,508.69,0.0,19.911,13.663,27.703,1.5067,194.65,1.4425,207.36,301.43,290.79,592.22,0.0,-99999.0,30.965,31.079,20.248,-99999.0,50
2016-11-06 16:09:00,0.0,241.52,263.81,505.32,0.0,19.808,13.662,27.697,1.5261,187.93,1.4253,215.0,306.33,286.86,593.18,0.0,-99999.0,31.115,32.046,20.244,-99999.0,50
2016-11-06 16:10:00,0.0,309.74,321.59,631.33,0.0,19.74,13.663,27.689,1.8138,197.41,1.7565,208.33,364.96,359.01,723.97,0.0,-99999.0,31.126,32.548,20.204,-99999.0,50
2016-11-06 16:11:00,0.0,356.62,355.83,712.44,0.0,19.763,13.662,27.689,1.9447,207.81,1.9135,210.89,403.5,404.12,807.62,0.0,-99999.0,31.22,33.36,20.282,-99999.0,50
2016-11-06 16:12:00,0.0,347.92,345.36,693.28,0.0,19.813,13.662,27.687,1.8713,210.44,1.8437,212.87,392.46,393.79,786.26,0.0,-99999.0,31.528,32.907,20.326,-99999.0,50
2016-11-06 16:13:00,0.0,336.28,333.31,669.61,0.0,19.815,13.663,27.675,1.7994,211.54,1.7756,213.3,378.72,380.63,759.36,0.0,-99999.0,31.729,32.71,20.341,-99999.0,50
2016-11-06 16:14:00,0.0,314.81,320.51,635.31,0.0,19.823,13.663,27.674,1.6929,212.03,1.7045,213.84,364.49,358.94,723.45,0.0,-99999.0,31.869,32.517,20.342,-99999.0,50
2016-11-06 16:15:00,0.0,279.5,307.2,586.69,0.0,19.823,13.663,27.673,1.5147,212.07,1.6337,214.07,349.74,321.24,670.97,0.0,-99999.0,31.815,32.297,20.312,-99999.0,50
2016-11-06 16:16:00,0.0,250.43,288.55,538.98,0.0,19.836,13.663,27.664,1.37,211.84,1.5216,213.91,325.48,290.23,615.7,0.0,-99999.0,31.776,31.949,20.263,-99999.0,50
2016-11-06 16:17:00,0.0,237.62,255.5,493.11,0.0,19.853,13.663,27.659,1.2995,212.24,1.3589,213.86,290.61,275.81,566.42,0.0,-99999.0,31.623,31.8,20.171,-99999.0,50
2016-11-06 16:18:00,0.0,220.62,228.84,449.45,0.0,19.884,13.664,27.659,1.2207,212.05,1.2366,214.08,264.73,258.86,523.58,0.0,-99999.0,31.474,31.66,19.966,-99999.0,50
2016-11-06 16:19:00,0.0,195.52,216.05,411.56,0.0,19.864,13.663,27.653,1.0866,212.11,1.179,213.16,251.33,230.49,481.81,0.0,-99999.0,31.297,31.403,19.63,-99999.0,50
2016-11-06 16:20:00,0.0,173.38,198.69,372.07,0.0,19.817,13.664,27.644,0.97145,211.51,1.0883,212.9,231.69,205.48,437.16,0.0,-99999.0,31.058,31.2,19.277,-99999.0,50
2016-11-06 16:21:00,0.0,158.97,173.43,332.39,0.0,19.858,13.663,27.644,0.91432,210.74,0.97077,212.87,206.64,192.68,399.32,0.0,-99999.0,30.914,30.879,18.972,-99999.0,50
2016-11-06 16:22:00,0.0,146.02,153.07,299.1,0.0,19.936,13.663,27.642,0.8476299999999999,210.37,0.86931,212.83,185.01,178.33,363.34,0.0,-99999.0,30.669,30.537,18.707,-99999.0,50
2016-11-06 16:23:00,0.0,127.67,141.7,269.37,0.0,19.883,13.664,27.63,0.75924,208.22,0.81469,212.76,173.34,158.09,331.43,0.0,-99999.0,30.473,30.343,18.455,-99999.0,50
2016-11-06 16:24:00,0.0,105.11,124.34,229.45,0.0,19.867,13.664,27.628,0.65229,208.18,0.72757,211.89,154.17,135.8,289.97,0.0,-99999.0,30.3,30.186,18.214,-99999.0,50
2016-11-06 16:25:00,0.0,74.69,81.807,156.5,0.0,19.837,13.664,27.628,0.49425,208.19,0.5105699999999999,211.89,108.2,102.9,211.1,0.0,-99999.0,30.114,29.967,17.998,-99999.0,50
2016-11-06 16:26:00,0.0,44.471,41.746,86.218,0.0,19.834,13.665,27.616,0.3279,205.07,0.29779,211.82,63.082,67.315,130.4,0.0,-99999.0,29.927,29.792,17.781,-99999.0,50
2016-11-06 16:27:00,0.0,25.467,22.202,47.668,0.0,19.744,13.665,27.613,0.24754,192.66,0.2020899999999999,202.12,40.859,47.715,88.574,0.0,-99999.0,29.797,29.679,17.591,-99999.0,50
2016-11-06 16:28:00,0.0,23.103,18.892,41.994,0.0,19.637,13.664,27.613,0.23404,190.46,0.20941,188.19,39.408,44.575,83.98399999999998,0.0,-99999.0,29.664,29.608,17.456,-99999.0,50
2016-11-06 16:29:00,0.0,21.099,18.149,39.248,0.0,19.491,13.665,27.602,0.22799,190.44,0.20463,187.19,38.302,43.417,81.721,0.0,-99999.0,29.524,29.539,17.323,-99999.0,50
2016-11-06 16:30:00,0.0,20.919,17.698,38.616,0.0,19.305,13.664,27.598,0.22616,190.46,0.20322,187.31,38.065,43.073,81.13899999999998,0.0,-99999.0,29.43,29.501,17.209,-99999.0,50
2016-11-06 16:31:00,0.0,20.896,18.374,39.27,0.0,19.204,13.666,27.597,0.22603,190.5,0.2019499999999999,187.24,37.814,43.057,80.87099999999998,0.0,-99999.0,29.332,29.41,17.137,-99999.0,50
2016-11-06 16:32:00,0.0,20.491,17.991,38.482,0.0,19.132,13.665,27.583,0.22659,190.35,0.20238,187.35,37.915,43.131,81.046,0.0,-99999.0,29.232,29.378,17.053,-99999.0,50
2016-11-06 16:33:00,0.0,20.986,17.542,38.527,0.0,19.109,13.665,27.583,0.22588,190.45,0.2020899999999999,187.23,37.838,43.018,80.857,0.0,-99999.0,29.134,29.22,17.039,-99999.0,50
2016-11-06 16:34:00,0.0,20.154,17.136,37.289,0.0,19.088,13.666,27.582,0.22067,190.41,0.19675,187.26,36.843,42.018,78.861,0.0,-99999.0,29.054,29.221,17.014,-99999.0,50
2016-11-06 16:35:00,0.0,19.365,16.055,35.42,0.0,19.048,13.666,27.569,0.2142,190.53,0.19042,187.29,35.662,40.81,76.473,0.0,-99999.0,28.988,29.256,16.931,-99999.0,50
2016-11-06 16:36:00,0.0,17.474,14.389,31.863,0.0,19.007,13.665,27.568,0.20618,190.55,0.18281,187.29,34.238,39.287,73.524,0.0,-99999.0,28.913,29.101,16.869,-99999.0,50
2016-11-06 16:37:00,0.0,16.01,12.407,28.418,0.0,18.952,13.666,27.561,0.19675,190.48,0.17283,187.21,32.354,37.477,69.83,0.0,-99999.0,28.835,29.181,16.81,-99999.0,50
2016-11-06 16:38:00,0.0,13.894,10.561,24.455,0.0,18.937,13.666,27.553,0.18493,190.52,0.16156,187.28,30.256,35.232,65.488,0.0,-99999.0,28.742,29.043,16.806,-99999.0,50
2016-11-06 16:39:00,0.0,12.002,8.7145,20.717,0.0,18.944,13.667,27.553,0.17423,190.48,0.15045,187.25,28.171,33.187,61.358,0.0,-99999.0,28.668,28.856,16.761,-99999.0,50
2016-11-06 16:40:00,0.0,9.9081,6.913,16.821,0.0,18.916,13.666,27.539,0.16452,190.52,0.14018,187.26,26.248,31.346,57.593,0.0,-99999.0,28.576,28.675,16.751,-99999.0,50
2016-11-06 16:41:00,0.0,8.624399999999998,5.3594,13.984,0.0,18.887,13.667,27.538,0.1538299999999999,190.51,0.1297599999999999,187.3,24.303,29.305,53.607,0.0,-99999.0,28.566,28.608,16.733,-99999.0,50
2016-11-06 16:42:00,0.0,3.738,3.2426,6.9807,0.0,18.854,13.667,27.526,0.1057,203.21,0.11611,187.23,21.738,20.801,42.538,0.0,-99999.0,28.465,28.56,16.668,-99999.0,50
2016-11-06 16:43:00,0.0,-0.78813,0.65302,-0.13511,0.0,18.848,13.667,27.522,0.05348,218.46,0.10091,187.18,18.888,11.683,30.571,0.0,-99999.0,28.375,28.561,16.618,-99999.0,50
2016-11-06 16:44:00,0.0,-0.69808,-2.5671,-3.2652,0.0,18.824,13.668,27.512,0.0539,213.91,0.0593899999999999,199.45,11.444,11.531,22.975,0.0,-99999.0,28.324,28.394,16.514,-99999.0,50
2016-11-06 16:45:00,0.0,-0.8331699999999999,-4.6613,-5.4945,0.0,18.812,13.667,27.507,0.0544699999999999,209.18,0.02519,210.68,5.3068,11.393,16.7,0.0,-99999.0,28.324,28.311,16.447,-99999.0,50
2016-11-06 16:46:00,0.0,-0.7656399999999999,-4.6388,-5.4044,0.0,18.755,13.668,27.495,0.05573,204.37,0.02604,206.03,5.3632,11.389,16.752,0.0,-99999.0,28.292,28.214,16.346,-99999.0,50
2016-11-06 16:47:00,0.0,-0.72059,-4.5938,-5.3144,0.0,18.739,13.668,27.491,0.057,199.2,0.02759,200.34,5.5255,11.354,16.879,0.0,-99999.0,28.262,28.157,16.27,-99999.0,50
2016-11-06 16:48:00,0.0,-0.7656399999999999,-4.6163,-5.3819,0.0,18.746,13.668,27.477,0.0617899999999999,190.19,0.0295599999999999,193.58,5.7202,11.653,17.373,0.0,-99999.0,28.199,28.165,16.222,-99999.0,50
2016-11-06 16:49:00,0.0,-0.78814,-4.6614,-5.4495,0.0,18.736,13.668,27.472,0.0592499999999999,186.94,0.03124,185.78,5.8019,11.074,16.876,0.0,-99999.0,28.148,28.089,16.137,-99999.0,50
2016-11-06 16:50:00,0.0,-0.7431299999999998,-4.5488,-5.2919,0.0,18.67,13.668,27.462,0.0614999999999999,176.98,0.0371599999999999,168.9,6.2136,10.88,17.093,0.0,-99999.0,28.145,28.097,16.029,-99999.0,50
2016-11-06 16:51:00,0.0,-0.67556,-4.5487,-5.2243,0.0,18.693,13.669,27.451,0.06671,156.16,0.0430699999999999,141.69,6.0505,10.394,16.445,0.0,-99999.0,28.14,28.183,15.941,-99999.0,50
2016-11-06 16:52:00,0.0,-0.7206,-4.4138,-5.1344,0.0,18.698,13.669,27.443,0.07009,125.52,0.0379999999999999,126.62,4.7104,8.7161,13.427,0.0,-99999.0,28.101,28.061,15.874,-99999.0,50
2016-11-06 16:53:00,0.0,-0.7656699999999999,-4.3011,-5.0667,0.0,18.624,13.669,27.432,0.0636199999999999,122.33,0.03153,123.41,3.7964,7.6927,11.489,0.0,-99999.0,28.052,27.889,15.837,-99999.0,50
2016-11-06 16:54:00,0.0,-0.74314,-4.3011,-5.0443,0.0,18.567,13.669,27.423,0.05686,122.54,0.0235,127.76,2.8965,6.8761,9.7727,0.0,-99999.0,28.009,27.804,15.78,-99999.0,50
2016-11-06 16:55:00,0.0,-0.63056,-3.8057,-4.4363,0.0,18.509,13.67,27.413,0.04968,128.46,0.02027,121.98,2.3616,6.2896,8.6513,0.0,-1.0956,27.963,27.757,15.675,-99999.0,50
2016-11-06 16:56:00,0.0,-0.5855099999999999,-3.8733,-4.4588,0.0,18.459,13.67,27.402,0.04349,131.85,0.01422,126.74,1.7802,5.6519,7.432,0.0,-99999.0,27.935,27.735,15.647,-99999.0,50
2016-11-06 16:57:00,0.0,-0.6305699999999999,-4.3237,-4.9543,0.0,18.413,13.671,27.39,0.04039,124.79,0.00774,128.23,0.89759,5.0116,5.9092,0.0,-99999.0,27.904,27.726,15.581,-99999.0,50
2016-11-06 16:58:00,0.0,-0.40536,-3.9859,-4.3913,0.0,18.387,13.671,27.38,0.0330799999999999,124.69,0.0011299999999999,126.84,0.12928,4.0278,4.1571,0.0,-99999.0,27.873,27.7,15.537,-99999.0,50
2016-11-06 16:59:00,0.0,-0.29275,-3.7608,-4.0536,0.0,18.391,13.671,27.371,0.0270199999999999,126.4,0.0,128.35,0.0,3.3212,3.3212,0.0,-99999.0,27.867,27.653,15.495,-99999.0,50
2016-11-06 17:00:00,0.0,-0.3603199999999999,-3.7383,-4.0986,0.0,18.418,13.672,27.361,0.01942,135.48,0.0,126.34,0.0,2.5612,2.5612,0.0,-99999.0,27.845,27.618,15.484,-99999.0,50
2016-11-06 17:01:00,0.0,-0.3377999999999999,-3.8959,-4.2337,0.0,18.46,13.672,27.349,0.01703,127.41,0.0,131.94,0.0,2.0754,2.0754,0.0,-99999.0,27.785,27.566,15.494,-99999.0,50
2016-11-06 17:02:00,0.0,-0.1126,-3.3555,-3.4681,0.0,18.472,13.673,27.34,0.0080199999999999,143.83,0.0,149.66,0.0,1.094,1.094,0.0,1.5061,27.721,27.556,15.428,-99999.0,50
2016-11-06 17:03:00,0.0,-0.2702499999999999,-3.5356,-3.8059,0.0,18.434,13.672,27.326,0.0044999999999999,145.83,0.0,142.49,0.0,0.6578899999999999,0.6578899999999999,0.0,-99999.0,27.635,27.52,15.368,-99999.0,50
2016-11-06 17:04:00,0.0,-0.31528,-3.8059,-4.1212,0.0,18.386,13.673,27.316,0.00436,137.65,0.0,134.56,0.0,0.6024199999999998,0.6024199999999998,0.0,-99999.0,27.548,27.383,15.343,-99999.0,50
2016-11-06 17:05:00,0.0,-0.24772,-3.5582,-3.8059,0.0,18.371,13.673,27.308,0.0039399999999999,128.1,0.0,125.34,0.0,0.5053499999999999,0.5053499999999999,0.0,-99999.0,27.49,27.369,15.302,-99999.0,50
2016-11-06 17:06:00,0.0,-0.2252099999999999,-3.4906,-3.7159,0.0,18.311,13.673,27.296,0.00352,117.29,0.0,115.03,0.0,0.41292,0.41292,0.0,-99999.0,27.43,27.255,15.225,-99999.0,50
2016-11-06 17:07:00,0.0,-0.31529,-3.6708,-3.9861,0.0,18.283,13.674,27.282,0.00338,106.11,0.0,104.35,0.0,0.3584399999999999,0.3584399999999999,0.0,-99999.0,27.382,27.171,15.182,-99999.0,50
2016-11-06 17:08:00,0.0,-0.3603199999999999,-3.4006,-3.7609,0.0,18.27,13.673,27.272,0.00338,95.247,0.0,93.83600000000001,0.0,0.3217499999999999,0.3217499999999999,0.0,24.348,27.359,27.131,15.109,-99999.0,50
2016-11-06 17:09:00,0.0,0.31529,-2.9952,-2.68,0.0,18.231,13.674,27.261,0.00338,84.778,0.0,83.51399999999998,0.0,0.2863899999999999,0.2863899999999999,0.0,-99999.0,27.3,27.096,15.054,-99999.0,50
2016-11-06 17:10:00,0.0,0.31529,-3.1529,-2.8376,0.0,18.22,13.674,27.25,0.00338,74.521,0.0,73.339,0.0,0.25174,0.25174,0.0,-99999.0,27.273,27.087,15.055,-99999.0,50
2016-11-06 17:11:00,0.0,0.2702499999999999,-3.1303,-2.8601,0.0,18.175,13.675,27.236,0.00338,64.603,0.0,63.496,0.0,0.2182399999999999,0.2182399999999999,0.0,-99999.0,27.248,27.106,14.996,-99999.0,50
2016-11-06 17:12:00,0.0,0.38284,-2.9727,-2.5899,0.0,18.243,13.676,27.226,0.00338,55.13,0.0,54.073,0.0,0.1862399999999999,0.1862399999999999,0.0,-99999.0,27.186,26.993,15.025,-99999.0,50
2016-11-06 17:13:00,0.0,0.3377999999999999,-3.4681,-3.1304,0.0,18.254,13.676,27.216,0.00338,46.322,0.0,45.321,0.0,0.15648,0.15648,0.0,-99999.0,27.123,26.932,15.037,-99999.0,50
2016-11-06 17:14:00,0.0,0.2252099999999999,-3.2655,-3.0403,0.0,18.228,13.677,27.205,0.00338,38.424,0.0,37.446,0.0,0.1298,0.1298,0.0,-99999.0,27.094,26.896,14.963,-99999.0,50
2016-11-06 17:15:00,0.0,0.40537,-3.4231,-3.0178,0.0,18.187,13.677,27.191,0.00338,31.589,0.0,30.591,0.0,0.10671,0.10671,0.0,-99999.0,27.043,26.872,14.916,-99999.0,50
2016-11-06 17:16:00,0.0,0.31529,-3.243,-2.9277,0.0,18.128,13.678,27.18,0.0030999999999999,25.807,0.0,24.805,0.0,0.0794799999999999,0.0794799999999999,0.0,-99999.0,27.0,26.786,14.879,-99999.0,50
2016-11-06 17:17:00,0.0,0.2702499999999999,-3.0403,-2.77,0.0,18.088,13.678,27.168,0.00296,21.025,0.0,20.04,0.0,0.06263,0.06263,0.0,-99999.0,26.96,26.74,14.833,-99999.0,50
2016-11-06 17:18:00,0.0,0.31529,-3.1078,-2.7926,0.0,18.045,13.677,27.156,0.0030999999999999,17.114,0.0,16.153,0.0,0.05308,0.05308,0.0,-99999.0,26.889,26.684,14.872,-99999.0,50
2016-11-06 17:19:00,0.0,0.38285,-3.0628,-2.68,0.0,18.096,13.678,27.144,0.00253,13.986,0.0,13.015,0.0,0.0357,0.0357,0.0,-99999.0,26.824,26.615,14.899,-99999.0,50
2016-11-06 17:20:00,0.0,0.31529,-3.0178,-2.7025,0.0,18.089,13.678,27.131,0.00267,11.431,0.0,10.532,0.0,0.0309299999999999,0.0309299999999999,0.0,-99999.0,26.781,26.546,14.848,-99999.0,50
2016-11-06 17:21:00,0.0,0.31529,-2.9727,-2.6574,0.0,18.082,13.679,27.119,0.00282,9.3905,0.0,8.493399999999998,0.0,0.02656,0.02656,0.0,-99999.0,26.76,26.549,14.77,-99999.0,50
2016-11-06 17:22:00,0.0,0.2702499999999999,-3.0178,-2.7475,0.0,18.041,13.679,27.106,0.0021099999999999,7.7026,0.0,6.8608,0.0,0.0162199999999999,0.0162199999999999,0.0,-99999.0,26.731,26.514,14.683,-99999.0,50
2016-11-06 17:23:00,0.0,0.2927699999999999,-3.1529,-2.8601,0.0,17.983,13.68,27.095,0.00267,6.3237,0.0,5.5114,0.0,0.0169699999999999,0.0169699999999999,0.0,-99999.0,26.693,26.476,14.566,-99999.0,50
2016-11-06 17:24:00,0.0,0.40537,-2.9052,-2.4998,0.0,17.954,13.679,27.083,0.0022499999999999,5.1901,0.0,4.3779,0.0,0.0118,0.0118,0.0,-99999.0,26.677,26.457,14.595,-99999.0,50
2016-11-06 17:25:00,0.0,0.2927699999999999,-2.9952,-2.7025,0.0,18.04,13.68,27.07,0.0021099999999999,4.2447,0.0,3.4621,0.0,0.00898,0.00898,0.0,-99999.0,26.637,26.395,14.622,-99999.0,50
2016-11-06 17:26:00,0.0,0.24773,-3.1529,-2.9052,0.0,18.043,13.681,27.062,0.00267,3.4748,0.0,2.724,0.0,0.0091999999999999,0.0091999999999999,0.0,-99999.0,26.604,26.333,14.645,-99999.0,50
2016-11-06 17:27:00,0.0,0.20269,-3.243,-3.0403,0.0,18.035,13.681,27.047,0.0032399999999999,2.8531,0.0,2.1023,0.0,0.00919,0.00919,0.0,-99999.0,26.538,26.301,14.626,-99999.0,50
2016-11-06 17:28:00,0.0,0.3603199999999999,-2.9727,-2.6124,0.0,18.022,13.681,27.038,0.00239,2.3476,0.0,1.6074,0.0,0.00555,0.00555,0.0,-99999.0,26.462,26.233,14.589,-99999.0,50
2016-11-06 17:29:00,0.0,0.4278899999999999,-2.8376,-2.4097,0.0,17.95,13.681,27.027,0.00253,1.931,0.0,1.1971,0.0,0.00493,0.00493,0.0,2.9268,26.404,26.12,14.61,-99999.0,50
2016-11-06 17:30:00,0.0,0.3603199999999999,-2.8376,-2.4773,0.0,17.966,13.681,27.016,0.00169,1.5735,0.0,0.85867,0.0,0.00266,0.00266,0.0,-99999.0,26.335,26.018,14.628,-99999.0,50
2016-11-06 17:31:00,0.0,0.24773,-3.0628,-2.8151,0.0,17.917,13.683,27.003,0.00282,1.288,0.0,0.57527,0.0,0.00363,0.00363,0.0,-99999.0,26.301,25.97,14.602,-99999.0,50
2016-11-06 17:32:00,0.0,0.2927699999999999,-3.1078,-2.8151,0.0,17.85,13.683,26.99,0.00296,1.0575,0.0,0.35319,0.0,0.0031099999999999,0.0031099999999999,0.0,-99999.0,26.273,25.953,14.571,-99999.0,50
2016-11-06 17:33:00,0.0,0.2927699999999999,-3.0853,-2.7926,0.0,17.806,13.683,26.978,0.00282,0.87348,0.0,0.17343,0.0,0.00247,0.00247,0.0,-99999.0,26.239,25.928,14.507,-99999.0,50
2016-11-06 17:34:00,0.0,0.2927699999999999,-3.1078,-2.8151,0.0,17.791,13.683,26.966,0.00296,0.72331,0.0,0.0211499999999999,0.0,0.0021299999999999,0.0021299999999999,0.0,-99999.0,26.231,25.911,14.478,-99999.0,50
2016-11-06 17:35:00,0.0,0.33781,-3.0628,-2.725,0.0,17.79,13.683,26.951,0.00267,0.6006599999999999,0.0,0.0,0.0,0.0016,0.0016,0.0,-99999.0,26.203,25.887,14.403,-99999.0,50
2016-11-06 17:36:00,0.0,0.3153,-3.0178,-2.7025,0.0,17.764,13.684,26.939,0.00296,0.49913,0.0,0.0,0.0,0.00148,0.00148,0.0,-99999.0,26.192,25.887,14.314,-99999.0,50
2016-11-06 17:37:00,0.0,0.3603199999999999,-3.0403,-2.68,0.0,17.722,13.684,26.925,0.0030999999999999,0.4039599999999999,0.0,0.0,0.0,0.00126,0.00126,0.0,-99999.0,26.161,25.879,14.236,-99999.0,50
2016-11-06 17:38:00,0.0,0.33781,-3.0178,-2.68,0.0,17.63,13.685,26.913,0.00253,0.3447399999999999,0.0,0.0,0.0,0.0008599999999999,0.0008599999999999,0.0,-99999.0,26.118,25.848,14.138,-99999.0,50
2016-11-06 17:39:00,0.0,0.3828599999999999,-3.0178,-2.635,0.0,17.746,13.685,26.902,0.0032399999999999,0.2918799999999999,0.0,0.0,0.0,0.0009399999999999,0.0009399999999999,0.0,-99999.0,26.099,25.847,14.208,-99999.0,50
2016-11-06 17:40:00,0.0,0.3153099999999999,-3.0405,-2.7251,0.0,17.786,13.685,26.887,0.00338,0.24323,0.0,0.0,0.0,0.0008199999999999,0.0008199999999999,0.0,-99999.0,26.032,25.77,14.254,-99999.0,50
2016-11-06 17:41:00,0.0,0.33783,-3.108,-2.7702,0.0,17.847,13.685,26.875,0.00296,0.20305,0.0,0.0,0.0,0.0005999999999999,0.0005999999999999,0.0,-99999.0,25.973,25.687,14.249,-99999.0,50
2016-11-06 17:42:00,0.0,0.33782,-3.108,-2.7702,0.0,17.881,13.686,26.861,0.00296,0.1649799999999999,0.0,0.0,0.0,0.0004899999999999,0.0004899999999999,0.0,-99999.0,25.898,25.588,14.375,-99999.0,50
2016-11-06 17:43:00,0.0,0.2927799999999999,-3.0404,-2.7477,0.0,17.928,13.686,26.846,0.00282,0.15017,0.0,0.0,0.0,0.00042,0.00042,0.0,-99999.0,25.825,25.511,14.502,-99999.0,50
2016-11-06 17:44:00,0.0,0.3153099999999999,-3.018,-2.7027,0.0,17.874,13.687,26.831,0.0032399999999999,0.12268,0.0,0.0,0.0,0.0004,0.0004,0.0,-99999.0,25.781,25.446,14.376,-99999.0,50
2016-11-06 17:45:00,0.0,0.36035,-3.0405,-2.6802,0.0,17.796,13.687,26.818,0.00338,0.10364,0.0,0.0,0.0,0.00035,0.00035,0.0,-99999.0,25.755,25.426,14.33,-99999.0,50
2016-11-06 17:46:00,0.0,0.2927899999999999,-3.0856,-2.7928,0.0,17.829,13.687,26.803,0.0030999999999999,0.10153,0.0,0.0,0.0,0.00031,0.00031,0.0,-99999.0,25.726,25.389,14.347,-99999.0,50
2016-11-06 17:47:00,0.0,0.36035,-3.018,-2.6576,0.0,17.821,13.687,26.789,0.0032399999999999,0.0824899999999999,0.0,0.0,0.0,0.0002599999999999,0.0002599999999999,0.0,-99999.0,25.697,25.315,14.301,-99999.0,50
2016-11-06 17:48:00,0.0,0.3153099999999999,-3.1081,-2.7928,0.0,17.812,13.688,26.776,0.00338,0.05922,0.0,0.0021099999999999,0.0,0.0002,0.0002,0.0,-99999.0,25.677,25.272,14.292,-99999.0,50
2016-11-06 17:49:00,0.0,0.3153199999999999,-3.0406,-2.7252,0.0,17.726,13.688,26.76,0.0030999999999999,0.05076,0.0,-0.0021099999999999,0.0,0.00016,0.00016,0.0,-99999.0,25.625,25.224,14.185,-99999.0,50
2016-11-06 17:50:00,0.0,0.22523,-3.0631,-2.8379,0.0,17.66,13.689,26.746,0.0032399999999999,0.05076,0.0,0.0,0.0,0.00016,0.00016,0.0,-99999.0,25.59,25.208,14.155,-99999.0,50
2016-11-06 17:51:00,0.0,0.2928,-3.1307,-2.8379,0.0,17.665,13.688,26.731,0.00296,0.05076,0.0,0.0,0.0,0.0001499999999999,0.0001499999999999,0.0,-99999.0,25.557,25.213,14.186,-99999.0,50
2016-11-06 17:52:00,0.0,0.42795,-2.9055,-2.4775,0.0,17.672,13.69,26.718,0.00282,0.05077,0.0,0.0,0.0,0.0001399999999999,0.0001399999999999,0.0,-99999.0,25.523,25.204,14.221,-99999.0,50
2016-11-06 17:53:00,0.0,0.29281,-3.0632,-2.7704,0.0,17.607,13.69,26.702,0.0032399999999999,0.04442,0.0,0.0,0.0,0.0001399999999999,0.0001399999999999,0.0,-99999.0,25.494,25.193,14.193,-99999.0,50
2016-11-06 17:54:00,0.0,0.2928,-2.9731,-2.6803,0.0,17.661,13.691,26.687,0.0032399999999999,0.02538,0.0,0.0,0.0,8e-05,8e-05,0.0,-99999.0,25.475,25.205,14.209,-99999.0,50
2016-11-06 17:55:00,0.0,0.24776,-3.1533,-2.9055,0.0,17.661,13.691,26.674,0.0032399999999999,0.0275,0.0,0.0,0.0,9e-05,9e-05,0.0,-99999.0,25.432,25.154,14.234,-99999.0,50
2016-11-06 17:56:00,0.0,0.3829,-3.0182,-2.6353,0.0,17.634,13.691,26.66,0.0030999999999999,0.01692,0.0,0.0,0.0,5e-05,5e-05,0.0,-99999.0,25.397,25.119,14.195,-99999.0,50
2016-11-06 17:57:00,0.0,0.2477699999999999,-3.1759,-2.9281,0.0,17.554,13.691,26.644,0.00338,0.01058,0.0,0.0,0.0,4e-05,4e-05,0.0,-99999.0,25.384,25.096,14.142,-99999.0,50
2016-11-06 17:58:00,0.0,0.40543,-2.9732,-2.5678,0.0,17.501,13.692,26.628,0.00296,0.00423,0.0,0.0,0.0,1e-05,1e-05,0.0,-99999.0,25.379,25.089,14.106,-99999.0,50
2016-11-06 17:59:00,0.0,0.20272,-3.0183,-2.8155,0.0,17.545,13.691,26.614,0.00338,0.0021199999999999,0.0,0.0,0.0,0.0,0.0,0.0,-99999.0,25.375,25.071,14.087,-99999.0,50
2016-11-06 18:00:00,0.0,0.3603899999999999,-3.0408,-2.6804,0.0,17.499,13.693,26.599,0.0032399999999999,0.0,0.0,0.0,0.0,0.0,0.0,0.0,-99999.0,25.355,25.029,14.014,-99999.0,50
2016-11-06 18:01:00,0.0,0.40543,-2.9957,-2.5903,0.0,17.419,13.693,26.583,0.0032399999999999,0.0063499999999999,0.0,0.0,0.0,2e-05,2e-05,0.0,-99999.0,25.321,24.974,14.011,-99999.0,50
2016-11-06 18:02:00,0.0,0.31534,-3.0633,-2.748,0.0,17.417,13.693,26.569,0.00338,0.0021199999999999,0.0,0.0,0.0,0.0,0.0,0.0,-99999.0,25.28,24.939,14.037,-99999.0,50
2016-11-06 18:03:00,0.0,0.3378599999999999,-2.9957,-2.6579,0.0,17.452,13.694,26.555,0.0032399999999999,0.0,0.0,0.0,0.0,0.0,0.0,0.0,-99999.0,25.239,24.928,14.098,-99999.0,50
2016-11-06 18:04:00,0.0,0.31534,-3.0633,-2.748,0.0,17.535,13.693,26.54,0.00338,0.0,0.0,0.00423,0.0,0.0,0.0,0.0,-99999.0,25.198,24.905,14.17,-99999.0,50
2016-11-06 18:05:00,0.0,0.29282,-3.0408,-2.748,0.0,17.556,13.694,26.525,0.00338,0.0,0.0,0.0,0.0,0.0,0.0,0.0,-99999.0,25.156,24.872,14.224,-99999.0,50
2016-11-06 18:06:00,0.0,0.3378599999999999,-3.0183,-2.6804,0.0,17.526,13.694,26.514,0.00338,0.0,0.0,0.0021199999999999,0.0,0.0,0.0,0.0,-99999.0,25.133,24.853,14.147,-99999.0,50
2016-11-06 18:07:00,0.0,0.3829099999999999,-3.0183,-2.6354,0.0,17.47,13.694,26.498,0.00338,0.0,0.0,0.0,0.0,0.0,0.0,0.0,-99999.0,25.113,24.82,14.091,-99999.0,50
2016-11-06 18:08:00,0.0,0.3378599999999999,-2.9957,-2.6579,0.0,17.422,13.695,26.48,0.00338,0.0,0.0,0.0,0.0,0.0,0.0,0.0,-99999.0,25.094,24.804,14.027,-99999.0,50
2016-11-06 18:09:00,0.0,0.2702899999999999,-3.1534,-2.8831,0.0,17.455,13.696,26.468,0.00338,0.0,0.0,0.0,0.0,0.0,0.0,0.0,-99999.0,25.093,24.79,14.016,-99999.0,50
2016-11-06 18:10:00,0.0,0.31534,-3.0633,-2.748,0.0,17.5,13.696,26.453,0.00338,0.0,0.0,0.0,0.0,0.0,0.0,0.0,-99999.0,25.059,24.733,14.035,-99999.0,50
2016-11-06 18:11:00,0.0,0.2702899999999999,-3.0183,-2.748,0.0,17.496,13.697,26.44,0.00338,0.0,0.0,0.0,0.0,0.0,0.0,0.0,-99999.0,25.017,24.675,14.063,-99999.0,50
2016-11-06 18:12:00,0.0,0.29282,-3.1534,-2.8606,0.0,17.542,13.697,26.428,0.00338,0.0,0.0,0.0,0.0,0.0,0.0,0.0,-99999.0,24.988,24.657,14.03,-99999.0,50
2016-11-06 18:13:00,0.0,0.3378599999999999,-3.0858,-2.748,0.0,17.493,13.697,26.408,0.00338,0.0,0.0,0.0021199999999999,0.0,0.0,0.0,0.0,-99999.0,24.958,24.626,14.021,-99999.0,50
2016-11-06 18:14:00,0.0,0.2702899999999999,-3.0633,-2.793,0.0,17.599,13.697,26.395,0.00338,0.0,0.0,0.0,0.0,0.0,0.0,0.0,-99999.0,24.935,24.639,14.089,-99999.0,50
2016-11-06 18:15:00,0.0,0.2702899999999999,-2.9507,-2.6804,0.0,17.601,13.697,26.385,0.00338,0.0,0.0,0.0021199999999999,0.0,0.0,0.0,0.0,-99999.0,24.909,24.58,14.174,-99999.0,50
2016-11-06 18:16:00,0.0,0.29282,-3.1534,-2.8606,0.0,17.587,13.698,26.37,0.00338,0.0,0.0,0.0,0.0,0.0,0.0,0.0,-99999.0,24.882,24.576,14.212,-99999.0,50
2016-11-06 18:17:00,0.0,0.31534,-2.9282,-2.6128,0.0,17.678,13.698,26.36,0.00338,0.0,0.0,0.0,0.0,0.0,0.0,0.0,-99999.0,24.85,24.531,14.205,-99999.0,50
2016-11-06 18:18:00,0.0,0.3829099999999999,-3.0633,-2.6804,0.0,17.713,13.699,26.347,0.00338,0.0,0.0,0.0,0.0,0.0,0.0,0.0,-99999.0,24.761,24.46,14.165,-99999.0,50
2016-11-06 18:19:00,0.0,0.3603799999999999,-3.2885,-2.9282,0.0,17.669,13.699,26.334,0.00338,0.0,0.0,0.00423,0.0,0.0,0.0,0.0,-99999.0,24.687,24.397,14.06,-99999.0,50
2016-11-06 18:20:00,0.0,0.29282,-3.4237,-3.1309,0.0,17.626,13.7,26.322,0.00338,0.0,0.0,0.0021199999999999,0.0,0.0,0.0,0.0,-99999.0,24.707,24.446,14.08,-99999.0,50
2016-11-06 18:21:00,0.0,0.11262,-3.2661,-3.1534,0.0,17.655,13.7,26.306,0.00338,0.0,0.0,0.0,0.0,0.0,0.0,0.0,-99999.0,24.777,24.543,14.081,-99999.0,50
2016-11-06 18:22:00,0.0,0.22524,-3.1534,-2.9282,0.0,17.579,13.699,26.291,0.00338,0.0,0.0,0.0,0.0,0.0,0.0,0.0,-99999.0,24.843,24.643,14.155,-99999.0,50
2016-11-06 18:23:00,0.0,0.4730099999999999,-2.8381,-2.3651,0.0,17.617,13.699,26.277,0.00338,0.0,0.0,0.0,0.0,0.0,0.0,0.0,7.3297,24.863,24.684,14.202,-99999.0,50
2016-11-06 18:24:00,0.0,0.2702899999999999,-3.2436,-2.9733,0.0,17.599,13.701,26.265,0.00338,0.0,0.0,0.0021199999999999,0.0,0.0,0.0,0.0,-99999.0,24.851,24.638,14.135,-99999.0,50
2016-11-06 18:25:00,0.0,0.4955399999999999,-2.8381,-2.3426,0.0,17.512,13.7,26.25,0.00296,0.0,0.0,0.0,0.0,0.0,0.0,0.0,8.625999999999998,24.842,24.602,14.062,-99999.0,50
2016-11-06 18:26:00,0.0,0.4054499999999999,-3.0408,-2.6354,0.0,17.471,13.701,26.238,0.0032399999999999,0.0,0.0,0.0021199999999999,0.0,0.0,0.0,0.0,-99999.0,24.821,24.572,14.037,-99999.0,50
2016-11-06 18:27:00,0.0,0.2702999999999999,-3.1761,-2.9058,0.0,17.443,13.701,26.223,0.00338,0.0,0.0,-0.0021199999999999,0.0,0.0,0.0,0.0,-99999.0,24.786,24.506,14.019,-99999.0,50
2016-11-06 18:28:00,0.0,0.4955499999999999,-2.748,-2.2525,0.0,17.398,13.702,26.212,0.00338,0.0,0.0,0.0,0.0,0.0,0.0,0.0,8.631,24.751,24.462,14.024,-99999.0,50
2016-11-06 18:29:00,0.0,0.31535,-3.131,-2.8157,0.0,17.437,13.702,26.197,0.00338,0.0,0.0,0.00423,0.0,0.0,0.0,0.0,-99999.0,24.716,24.416,13.97,-99999.0,50
2016-11-06 18:30:00,0.0,0.47303,-2.8157,-2.3426,0.0,17.441,13.702,26.184,0.00338,0.0,0.0,0.0,0.0,0.0,0.0,0.0,-99999.0,24.69,24.365,13.922,-99999.0,50
2016-11-06 18:31:00,0.0,0.3604,-2.8833,-2.5229,0.0,17.443,13.702,26.171,0.00338,0.0,0.0,0.0021199999999999,0.0,0.0,0.0,0.0,-99999.0,24.669,24.341,13.881,-99999.0,50
2016-11-06 18:32:00,0.0,0.42798,-2.8382,-2.4102,0.0,17.46,13.703,26.157,0.00338,0.0,0.0,0.0021199999999999,0.0,0.0,0.0,0.0,-99999.0,24.631,24.314,13.919,-99999.0,50
2016-11-06 18:33:00,0.0,0.4505199999999999,-2.8158,-2.3652,0.0,17.504,13.703,26.146,0.0032399999999999,0.0,0.0,0.0,0.0,0.0,0.0,0.0,-99999.0,24.514,24.25,13.973,-99999.0,50
2016-11-06 18:34:00,0.0,0.2928399999999999,-3.3338,-3.041,0.0,17.532,13.704,26.134,0.00338,0.0,0.0,0.0,0.0,0.0,0.0,0.0,-99999.0,24.483,24.191,13.897,-99999.0,50
2016-11-06 18:35:00,0.0,0.4054599999999999,-2.9959,-2.5905,0.0,17.527,13.704,26.123,0.0032399999999999,0.0,0.0,0.0021199999999999,0.0,0.0,0.0,0.0,-99999.0,24.526,24.262,13.922,-99999.0,50
2016-11-06 18:36:00,0.0,0.38294,-3.0636,-2.6807,0.0,17.507,13.705,26.11,0.0032399999999999,0.0,0.0,0.0021199999999999,0.0,0.0,0.0,0.0,-99999.0,24.594,24.383,13.916,-99999.0,50
2016-11-06 18:37:00,0.0,0.3153699999999999,-3.0636,-2.7482,0.0,17.457,13.705,26.095,0.00338,0.0,0.0,0.0,0.0,0.0,0.0,0.0,-99999.0,24.657,24.477,13.858,-99999.0,50
2016-11-06 18:38:00,0.0,0.40548,-2.996,-2.5905,0.0,17.558,13.705,26.084,0.00338,0.0,0.0,0.00423,0.0,0.0,0.0,0.0,-99999.0,24.702,24.523,13.933,-99999.0,50
2016-11-06 18:39:00,0.0,0.4505299999999999,-2.9735,-2.523,0.0,17.584,13.705,26.072,0.0032399999999999,0.0,0.0,0.0021199999999999,0.0,0.0,0.0,0.0,-99999.0,24.695,24.494,13.976,-99999.0,50
2016-11-06 18:40:00,0.0,0.33789,-2.996,-2.6581,0.0,17.614,13.705,26.061,0.00338,0.0,0.0,0.0021199999999999,0.0,0.0,0.0,0.0,-99999.0,24.649,24.398,14.017,-99999.0,50
2016-11-06 18:41:00,0.0,0.3153799999999999,-3.2663,-2.951,0.0,17.573,13.705,26.05,0.00338,0.0,0.0,0.00423,0.0,0.0,0.0,0.0,-99999.0,24.594,24.327,13.971,-99999.0,50
2016-11-06 18:42:00,0.0,0.3379099999999999,-2.9285,-2.5906,0.0,17.552,13.706,26.039,0.00338,0.0,0.0,0.0,0.0,0.0,0.0,0.0,-99999.0,24.57,24.288,13.884,-99999.0,50
2016-11-06 18:43:00,0.0,0.29285,-2.9285,-2.6357,0.0,17.48,13.707,26.026,0.00338,0.0,0.0,0.0,0.0,0.0,0.0,0.0,28.078,24.54,24.28,13.738,-99999.0,50
2016-11-06 18:44:00,0.0,0.42802,-2.9286,-2.5006,0.0,17.378,13.707,26.014,0.00338,0.0,0.0,0.0,0.0,0.0,0.0,0.0,-99999.0,24.513,24.262,13.669,-99999.0,50
2016-11-06 18:45:00,0.0,0.27033,-3.3791,-3.1088,0.0,17.38,13.707,26.003,0.00338,0.0,0.0,-0.0063499999999999,0.0,0.0,0.0,0.0,-99999.0,24.493,24.241,13.698,-99999.0,50
2016-11-06 18:46:00,0.0,0.4055,-3.3791,-2.9736,0.0,17.459,13.707,25.994,0.00338,0.0,0.0,0.0021199999999999,0.0,0.0,0.0,0.0,-99999.0,24.433,24.177,13.751,-99999.0,50
2016-11-06 18:47:00,0.0,0.45056,-2.9061,-2.4555,0.0,17.419,13.707,25.983,0.00338,0.0,0.0,0.0021199999999999,0.0,0.0,0.0,0.0,-99999.0,24.393,24.128,13.66,-99999.0,50
2016-11-06 18:48:00,0.0,0.29286,-3.0188,-2.7259,0.0,17.387,13.707,25.971,0.00338,0.0,0.0,0.0,0.0,0.0,0.0,0.0,-99999.0,24.43,24.197,13.728,-99999.0,50
2016-11-06 18:49:00,0.0,0.47309,-2.7935,-2.3204,0.0,17.471,13.708,25.954,0.00338,0.0,0.0,0.0,0.0,0.0,0.0,0.0,-0.7182199999999999,24.46,24.281,13.831,-99999.0,50
2016-11-06 18:50:00,0.0,0.47309,-2.8611,-2.388,0.0,17.531,13.708,25.944,0.00338,0.0,0.0,0.0,0.0,0.0,0.0,0.0,0.0571699999999999,24.494,24.331,13.869,-99999.0,50
2016-11-06 18:51:00,0.0,0.24781,-3.3341,-3.0864,0.0,17.502,13.707,25.934,0.00338,0.0,0.0,0.0,0.0,0.0,0.0,0.0,-99999.0,24.525,24.324,13.879,-99999.0,50
2016-11-06 18:52:00,0.0,0.24781,-3.4693,-3.2215,0.0,17.528,13.708,25.925,0.00338,0.0,0.0,0.0,0.0,0.0,0.0,0.0,-99999.0,24.531,24.276,13.898,-99999.0,50
2016-11-06 18:53:00,0.0,0.18023,-3.3116,-3.1314,0.0,17.562,13.708,25.913,0.00338,0.0,0.0,0.0,0.0,0.0,0.0,0.0,-99999.0,24.492,24.199,13.94,-99999.0,50
2016-11-06 18:54:00,0.0,0.33792,-3.2441,-2.9061,0.0,17.571,13.709,25.901,0.00338,0.0,0.0,0.0,0.0,0.0,0.0,0.0,-99999.0,24.438,24.105,13.968,-99999.0,50
2016-11-06 18:55:00,0.0,0.3154,-3.1765,-2.8611,0.0,17.536,13.709,25.895,0.0032399999999999,0.0,0.0,0.0021199999999999,0.0,0.0,0.0,0.0,-99999.0,24.378,24.037,14.048,-99999.0,50
2016-11-06 18:56:00,0.0,0.45056,-3.0188,-2.5682,0.0,17.605,13.709,25.882,0.00338,0.0,0.0,0.0,0.0,0.0,0.0,0.0,-99999.0,24.287,23.967,14.159,-99999.0,50
2016-11-06 18:57:00,0.0,0.3604499999999999,-3.1314,-2.771,0.0,17.605,13.71,25.874,0.0032399999999999,0.0,0.0,0.0021199999999999,0.0,0.0,0.0,0.0,-99999.0,24.204,23.904,14.091,-99999.0,50
2016-11-06 18:58:00,0.0,0.45056,-2.9963,-2.5457,0.0,17.487,13.709,25.863,0.00338,0.0,0.0,0.0021199999999999,0.0,0.0,0.0,0.0,-99999.0,24.193,23.892,14.04,-99999.0,50
2016-11-06 18:59:00,0.0,0.4055,-3.1089,-2.7034,0.0,17.479,13.71,25.853,0.00338,0.0,0.0,0.0,0.0,0.0,0.0,0.0,-99999.0,24.242,23.973,13.988,-99999.0,50
2016-11-06 19:00:00,0.0,0.4055,-3.1089,-2.7034,0.0,17.43,13.71,25.84,0.00338,0.0,0.0,0.0,0.0,0.0,0.0,0.0,-99999.0,24.289,24.065,14.029,-99999.0,50
2016-11-06 19:01:00,0.0,0.3829699999999999,-3.0638,-2.6809,0.0,17.518,13.71,25.833,0.0032399999999999,0.0,0.0,0.00423,0.0,0.0,0.0,0.0,-99999.0,24.337,24.136,14.113,-99999.0,50
2016-11-06 19:02:00,0.0,0.3154,-3.154,-2.8386,0.0,17.494,13.711,25.823,0.0032399999999999,0.0,0.0,-0.0021199999999999,0.0,0.0,0.0,0.0,-99999.0,24.38,24.15,14.028,-99999.0,50
2016-11-06 19:03:00,0.0,0.3829699999999999,-3.0638,-2.6809,0.0,17.426,13.711,25.811,0.0032399999999999,0.0,0.0,-0.0021199999999999,0.0,0.0,0.0,0.0,-99999.0,24.392,24.158,13.992,-99999.0,50
2016-11-06 19:04:00,0.0,0.3829699999999999,-3.0638,-2.6809,0.0,17.355,13.711,25.802,0.0032399999999999,0.0,0.0,0.0021199999999999,0.0,0.0,0.0,0.0,-99999.0,24.361,24.136,13.94,-99999.0,50
2016-11-06 19:05:00,0.0,0.3604499999999999,-3.0413,-2.6809,0.0,17.315,13.711,25.797,0.0032399999999999,0.0,0.0,0.0,0.0,0.0,0.0,0.0,-99999.0,24.309,24.081,13.94,-99999.0,50
2016-11-06 19:06:00,0.0,0.4055,-3.0864,-2.6809,0.0,17.392,13.712,25.784,0.00338,0.0,0.0,0.0,0.0,0.0,0.0,0.0,-99999.0,24.246,23.986,13.918,-99999.0,50
2016-11-06 19:07:00,0.0,0.4055,-3.0638,-2.6583,0.0,17.479,13.712,25.776,0.00338,0.0,0.0,0.0021199999999999,0.0,0.0,0.0,0.0,-99999.0,24.17,23.892,14.053,-99999.0,50
2016-11-06 19:08:00,0.0,0.3829699999999999,-3.154,-2.771,0.0,17.604,13.713,25.769,0.00338,0.0,0.0,0.0,0.0,0.0,0.0,0.0,-99999.0,24.083,23.815,14.064,-99999.0,50
2016-11-06 19:09:00,0.0,0.29287,-3.2215,-2.9287,0.0,17.477,13.712,25.756,0.00338,0.0,0.0,0.0,0.0,0.0,0.0,0.0,-99999.0,24.049,23.748,14.058,-99999.0,50
2016-11-06 19:10:00,0.0,0.42803,-3.0413,-2.6133,0.0,17.395,13.713,25.754,0.00338,0.0,0.0,0.00423,0.0,0.0,0.0,0.0,-99999.0,24.055,23.752,14.066,-99999.0,50
2016-11-06 19:11:00,0.0,0.42803,-2.9963,-2.5682,0.0,17.326,13.713,25.748,0.00338,0.0,0.0,0.0,0.0,0.0,0.0,0.0,-99999.0,24.063,23.795,13.968,-99999.0,50
2016-11-06 19:12:00,0.0,0.27034,-3.0864,-2.816,0.0,17.228,13.714,25.735,0.00338,0.0,0.0,0.0,0.0,0.0,0.0,0.0,-99999.0,24.115,23.896,13.918,-99999.0,50
2016-11-06 19:13:00,0.0,0.3829699999999999,-3.2215,-2.8386,0.0,17.214,13.714,25.723,0.00338,0.0,0.0,-0.0021199999999999,0.0,0.0,0.0,0.0,-99999.0,24.181,23.998,13.894,-99999.0,50
2016-11-06 19:14:00,0.0,0.3154,-3.0638,-2.7484,0.0,17.222,13.714,25.717,0.00338,0.0,0.0,0.00423,0.0,0.0,0.0,0.0,-99999.0,24.222,24.019,13.879,-99999.0,50
2016-11-06 19:15:00,0.0,0.3154,-3.1314,-2.816,0.0,17.194,13.714,25.706,0.00338,0.0,0.0,0.0021199999999999,0.0,0.0,0.0,0.0,-99999.0,24.227,23.985,13.853,-99999.0,50
2016-11-06 19:16:00,0.0,0.3154,-3.2891,-2.9737,0.0,17.337,13.715,25.701,0.00338,0.0,0.0,0.0,0.0,0.0,0.0,0.0,-99999.0,24.19,23.91,13.898,-99999.0,50
2016-11-06 19:17:00,0.0,0.3154,-3.154,-2.8386,0.0,17.399,13.715,25.693,0.00338,0.0,0.0,-0.0021199999999999,0.0,0.0,0.0,0.0,-99999.0,24.112,23.792,13.979,-99999.0,50
2016-11-06 19:18:00,0.0,0.45056,-2.9963,-2.5457,0.0,17.432,13.715,25.686,0.0032399999999999,0.0,0.0,0.00423,0.0,0.0,0.0,0.0,-99999.0,24.005,23.681,14.028,-99999.0,50
2016-11-06 19:19:00,0.0,0.24781,-3.2441,-2.9963,0.0,17.49,13.715,25.675,0.00338,0.0,0.0,0.0,0.0,0.0,0.0,0.0,-99999.0,23.925,23.614,14.057,-99999.0,50
2016-11-06 19:20:00,0.0,0.3829699999999999,-3.3341,-2.9512,0.0,17.396,13.715,25.664,0.00338,0.0,0.0,0.0,0.0,0.0,0.0,0.0,-99999.0,23.917,23.622,13.999,-99999.0,50
2016-11-06 19:21:00,0.0,0.4280399999999999,-3.1765,-2.7485,0.0,17.303,13.716,25.657,0.00338,0.0,0.0,0.0021199999999999,0.0,0.0,0.0,0.0,-99999.0,23.976,23.721,13.917,-99999.0,50
2016-11-06 19:22:00,0.0,0.36046,-3.0864,-2.726,0.0,17.23,13.716,25.651,0.00338,0.0,0.0,0.0,0.0,0.0,0.0,0.0,-99999.0,24.045,23.83,13.842,-99999.0,50
2016-11-06 19:23:00,0.0,0.33793,-3.1315,-2.7936,0.0,17.15,13.716,25.64,0.00338,0.0,0.0,0.0021199999999999,0.0,0.0,0.0,0.0,-99999.0,24.095,23.897,13.799,-99999.0,50
2016-11-06 19:24:00,0.0,0.4055099999999999,-3.154,-2.7485,0.0,17.121,13.716,25.637,0.00338,0.0,0.0,0.0,0.0,0.0,0.0,0.0,-99999.0,24.13,23.934,13.709,-99999.0,50
2016-11-06 19:25:00,0.0,0.33792,-3.1765,-2.8386,0.0,17.144,13.716,25.624,0.00338,0.0,0.0,0.0021199999999999,0.0,0.0,0.0,0.0,-99999.0,24.111,23.886,13.738,-99999.0,50
2016-11-06 19:26:00,0.0,0.3829799999999999,-3.109,-2.726,0.0,17.118,13.716,25.618,0.00352,0.0,0.0,0.0021199999999999,0.0,0.0,0.0,0.0,-99999.0,24.059,23.822,13.765,-99999.0,50
2016-11-06 19:27:00,0.0,0.33794,-3.0639,-2.726,0.0,17.12,13.716,25.608,0.00338,0.0,0.0,0.0,0.0,0.0,0.0,0.0,-99999.0,23.998,23.727,13.792,-99999.0,50
2016-11-06 19:28:00,0.0,0.3604499999999999,-2.9963,-2.6359,0.0,17.208,13.716,25.603,0.00352,0.0,0.0,0.0021199999999999,0.0,0.0,0.0,0.0,-99999.0,23.893,23.606,13.896,-99999.0,50
2016-11-06 19:29:00,0.0,0.4731099999999999,-2.8161,-2.343,0.0,17.268,13.716,25.594,0.00338,0.0,0.0,0.0,0.0,0.0,0.0,0.0,25.925,23.821,23.534,13.928,-99999.0,50
2016-11-06 19:30:00,0.0,0.2478299999999999,-3.1091,-2.8613,0.0,17.307,13.717,25.584,0.00338,0.0,0.0,0.0,0.0,0.0,0.0,0.0,-99999.0,23.807,23.538,13.997,-99999.0,50
2016-11-06 19:31:00,0.0,0.33794,-3.2668,-2.9288,0.0,17.331,13.718,25.579,0.00338,0.0,0.0,0.00423,0.0,0.0,0.0,0.0,-99999.0,23.827,23.577,13.999,-99999.0,50
2016-11-06 19:32:00,0.0,0.33793,-3.064,-2.7261,0.0,17.259,13.716,25.566,0.00366,0.0,0.0,0.0021199999999999,0.0,0.0,0.0,0.0,-99999.0,23.866,23.659,13.99,-99999.0,50
2016-11-06 19:33:00,0.0,0.36047,-3.1991,-2.8387,0.0,17.205,13.717,25.56,0.00338,0.0,0.0,0.0021199999999999,0.0,0.0,0.0,0.0,-99999.0,23.939,23.764,14.006,-99999.0,50
2016-11-06 19:34:00,0.0,0.36047,-3.1541,-2.7937,0.0,17.223,13.718,25.551,0.00338,0.0,0.0,0.0,0.0,0.0,0.0,0.0,-99999.0,23.993,23.805,14.127,-99999.0,50
2016-11-06 19:35:00,0.0,0.383,-3.019,-2.636,0.0,17.252,13.718,25.545,0.00338,0.0,0.0,0.0,0.0,0.0,0.0,0.0,-99999.0,24.005,23.791,14.155,-99999.0,50
2016-11-06 19:36:00,0.0,0.33794,-3.1992,-2.8613,0.0,17.205,13.718,25.537,0.0032399999999999,0.0,0.0,-0.0021199999999999,0.0,0.0,0.0,0.0,-99999.0,23.97,23.757,14.108,-99999.0,50
2016-11-06 19:37:00,0.0,0.3379499999999999,-3.1091,-2.7712,0.0,17.143,13.719,25.53,0.00338,0.0,0.0,0.0021199999999999,0.0,0.0,0.0,0.0,-99999.0,23.918,23.673,14.046,-99999.0,50
2016-11-06 19:38:00,0.0,0.3154199999999999,-3.019,-2.7036,0.0,17.129,13.718,25.521,0.00338,0.0,0.0,-0.0021199999999999,0.0,0.0,0.0,0.0,-99999.0,23.863,23.569,13.989,-99999.0,50
2016-11-06 19:39:00,0.0,0.383,-2.9965,-2.6135,0.0,17.102,13.719,25.509,0.00352,0.0,0.0,0.0021199999999999,0.0,0.0,0.0,0.0,-99999.0,23.78,23.465,13.923,-99999.0,50
2016-11-06 19:40:00,0.0,0.3154199999999999,-3.2443,-2.9289,0.0,17.033,13.719,25.503,0.00338,0.0,0.0,0.0021199999999999,0.0,0.0,0.0,0.0,-99999.0,23.759,23.439,13.896,-99999.0,50
2016-11-06 19:41:00,0.0,0.38301,-3.1768,-2.7938,0.0,16.96,13.72,25.494,0.00338,0.0,0.0,0.0021199999999999,0.0,0.0,0.0,0.0,-99999.0,23.786,23.513,13.775,-99999.0,50
2016-11-06 19:42:00,0.0,0.3154199999999999,-3.1092,-2.7937,0.0,16.862,13.719,25.483,0.00366,0.0,0.0,0.0,0.0,0.0,0.0,0.0,-99999.0,23.823,23.607,13.714,-99999.0,50
2016-11-06 19:43:00,0.0,0.27037,-3.1768,-2.9064,0.0,16.902,13.72,25.479,0.00338,0.0,0.0,0.0,0.0,0.0,0.0,0.0,-99999.0,23.852,23.662,13.701,-99999.0,50
2016-11-06 19:44:00,0.0,0.38302,-3.1092,-2.7262,0.0,16.877,13.72,25.469,0.0038,0.0,0.0,0.0021199999999999,0.0,0.0,0.0,0.0,-99999.0,23.867,23.645,13.701,-99999.0,50
2016-11-06 19:45:00,0.0,0.3154199999999999,-3.1768,-2.8614,0.0,16.953,13.721,25.462,0.00338,0.0,0.0,-0.0021199999999999,0.0,0.0,0.0,0.0,-99999.0,23.86,23.605,13.695,-99999.0,50
2016-11-06 19:46:00,0.0,0.3379599999999999,-3.0191,-2.6812,0.0,16.921,13.721,25.452,0.00366,0.0,0.0,0.0,0.0,0.0,0.0,0.0,-99999.0,23.82,23.553,13.696,-99999.0,50
2016-11-06 19:47:00,0.0,0.38302,-3.0191,-2.6361,0.0,17.032,13.72,25.449,0.00352,0.0,0.0,0.0,0.0,0.0,0.0,0.0,-99999.0,23.788,23.481,13.777,-99999.0,50
2016-11-06 19:48:00,0.0,0.3604899999999999,-3.1318,-2.7713,0.0,17.054,13.721,25.437,0.00366,0.0,0.0,0.0021199999999999,0.0,0.0,0.0,0.0,-99999.0,23.704,23.378,13.756,-99999.0,50
2016-11-06 19:49:00,0.0,0.3379599999999999,-3.1092,-2.7712,0.0,17.078,13.721,25.434,0.00338,0.0,0.0,-0.0021199999999999,0.0,0.0,0.0,0.0,-99999.0,23.638,23.317,13.761,-99999.0,50
2016-11-06 19:50:00,0.0,0.38302,-3.0642,-2.6811,0.0,17.056,13.721,25.423,0.00338,0.0,0.0,0.00423,0.0,0.0,0.0,0.0,-99999.0,23.644,23.347,13.724,-99999.0,50
2016-11-06 19:51:00,0.0,0.40555,-2.929,-2.5234,0.0,16.994,13.722,25.417,0.00338,0.0,0.0,0.00423,0.0,0.0,0.0,0.0,-99999.0,23.684,23.431,13.651,-99999.0,50
2016-11-06 19:52:00,0.0,0.3604899999999999,-3.0868,-2.7263,0.0,16.954,13.722,25.409,0.00338,0.0,0.0,0.0063499999999999,0.0,0.0,0.0,0.0,-99999.0,23.73,23.525,13.609,-99999.0,50
2016-11-06 19:53:00,0.0,0.38302,-2.9967,-2.6136,0.0,16.927,13.722,25.402,0.00338,0.0,0.0,-0.00423,0.0,0.0,0.0,0.0,-99999.0,23.771,23.613,13.541,-99999.0,50
2016-11-06 19:54:00,0.0,0.29291,-3.4248,-3.1319,0.0,16.896,13.722,25.394,0.00338,0.0,0.0,0.0,0.0,0.0,0.0,0.0,-99999.0,23.808,23.636,13.449,-99999.0,50
2016-11-06 19:55:00,0.0,0.4280999999999999,-2.9065,-2.4784,0.0,16.863,13.722,25.387,0.0038,0.0,0.0,0.0,0.0,0.0,0.0,0.0,-99999.0,23.809,23.615,13.373,-99999.0,50
2016-11-06 19:56:00,0.0,0.24784,-3.4923,-3.2445,0.0,16.802,13.722,25.38,0.00338,0.0,0.0,-0.0021199999999999,0.0,0.0,0.0,0.0,-99999.0,23.782,23.583,13.31,-99999.0,50
2016-11-06 19:57:00,0.0,0.4055699999999999,-2.9742,-2.5686,0.0,16.764,13.722,25.377,0.00338,0.0,0.0,0.0,0.0,0.0,0.0,0.0,-99999.0,23.745,23.533,13.283,-99999.0,50
2016-11-06 19:58:00,0.0,0.33798,-3.1094,-2.7714,0.0,16.781,13.722,25.366,0.00352,0.0,0.0,0.0,0.0,0.0,0.0,0.0,-99999.0,23.672,23.458,13.351,-99999.0,50
2016-11-06 19:59:00,0.0,0.36051,-3.1769,-2.8164,0.0,16.78,13.722,25.364,0.00366,0.0,0.0,0.00846,0.0,0.0,0.0,0.0,-99999.0,23.623,23.382,13.329,-99999.0,50
2016-11-06 20:00:00,0.0,0.2253199999999999,-3.4474,-3.2221,0.0,16.793,13.723,25.352,0.00352,0.0,0.0,-0.0021199999999999,0.0,0.0,0.0,0.0,-99999.0,23.629,23.394,13.306,-99999.0,50
2016-11-06 20:01:00,0.0,0.3604999999999999,-2.9291,-2.5686,0.0,16.883,13.723,25.35,0.00338,0.0,0.0,0.0,0.0,0.0,0.0,0.0,-99999.0,23.668,23.472,13.399,-99999.0,50
2016-11-06 20:02:00,0.0,0.27038,-3.1094,-2.839,0.0,16.887,13.724,25.338,0.00366,0.0,0.0,0.0,0.0,0.0,0.0,0.0,-99999.0,23.692,23.539,13.45,-99999.0,50
2016-11-06 20:03:00,0.0,0.31545,-3.177,-2.8616,0.0,16.972,13.723,25.338,0.00352,0.0,0.0,0.0,0.0,0.0,0.0,0.0,-99999.0,23.74,23.595,13.574,-99999.0,50
2016-11-06 20:04:00,0.0,0.36051,-2.9292,-2.5687,0.0,16.99,13.724,25.325,0.00352,0.0,0.0,-0.0021199999999999,0.0,0.0,0.0,0.0,-99999.0,23.741,23.561,13.625,-99999.0,50
2016-11-06 20:05:00,0.0,0.36051,-3.1094,-2.7489,0.0,16.987,13.723,25.324,0.00408,0.0,0.0,0.0,0.0,0.0,0.0,0.0,-99999.0,23.727,23.511,13.582,-99999.0,50
2016-11-06 20:06:00,0.0,0.2478499999999999,-3.1545,-2.9066,0.0,16.911,13.724,25.314,0.00366,0.0,0.0,-0.0021199999999999,0.0,0.0,0.0,0.0,-99999.0,23.669,23.414,13.487,-99999.0,50
2016-11-06 20:07:00,0.0,0.27038,-3.0643,-2.794,0.0,16.871,13.724,25.309,0.0038,0.0,0.0,0.0,0.0,0.0,0.0,0.0,-99999.0,23.596,23.304,13.41,-99999.0,50
2016-11-06 20:08:00,0.0,0.3830399999999999,-2.9517,-2.5687,0.0,16.799,13.724,25.306,0.0038,0.0,0.0,0.0,0.0,0.0,0.0,0.0,-99999.0,23.549,23.231,13.321,-99999.0,50
2016-11-06 20:09:00,0.0,0.29291,-3.1995,-2.9066,0.0,16.861,13.724,25.295,0.0038,0.0,0.0,0.0021199999999999,0.0,0.0,0.0,0.0,-99999.0,23.567,23.268,13.386,-99999.0,50
2016-11-06 20:10:00,0.0,0.29292,-3.0193,-2.7264,0.0,16.971,13.724,25.292,0.00352,0.0,0.0,0.0,0.0,0.0,0.0,0.0,-99999.0,23.586,23.331,13.443,-99999.0,50
2016-11-06 20:11:00,0.0,0.2478499999999999,-3.2446,-2.9968,0.0,16.986,13.725,25.281,0.0038,0.0,0.0,0.0021199999999999,0.0,0.0,0.0,0.0,-99999.0,23.573,23.375,13.452,-99999.0,50
2016-11-06 20:12:00,0.0,0.36051,-2.9292,-2.5687,0.0,16.996,13.724,25.28,0.00366,0.0,0.0,0.0,0.0,0.0,0.0,0.0,-99999.0,23.593,23.414,13.481,-99999.0,50
2016-11-06 20:13:00,0.0,0.20279,-3.177,-2.9742,0.0,16.993,13.725,25.269,0.00338,0.0,0.0,0.0,0.0,0.0,0.0,0.0,-99999.0,23.587,23.373,13.487,-99999.0,50
2016-11-06 20:14:00,0.0,0.33798,-3.0418,-2.7038,0.0,17.009,13.725,25.266,0.00366,0.0,0.0,0.0,0.0,0.0,0.0,0.0,-99999.0,23.585,23.332,13.581,-99999.0,50
2016-11-06 20:15:00,0.0,0.4506399999999999,-2.9292,-2.4785,0.0,16.962,13.725,25.255,0.0038,0.0,0.0,0.0,0.0,0.0,0.0,0.0,-99999.0,23.544,23.275,13.584,-99999.0,50
2016-11-06 20:16:00,0.0,0.33798,-3.1545,-2.8165,0.0,16.93,13.725,25.253,0.00366,0.0,0.0,0.0,0.0,0.0,0.0,0.0,-99999.0,23.505,23.252,13.593,-99999.0,50
2016-11-06 20:17:00,0.0,0.33798,-3.0193,-2.6813,0.0,16.882,13.725,25.249,0.00352,0.0,0.0,0.0,0.0,0.0,0.0,0.0,-99999.0,23.487,23.241,13.568,-99999.0,50
2016-11-06 20:18:00,0.0,0.27038,-2.9517,-2.6813,0.0,16.805,13.726,25.239,0.00338,0.0,0.0,-0.0021199999999999,0.0,0.0,0.0,0.0,-99999.0,23.513,23.28,13.469,-99999.0,50
2016-11-06 20:19:00,0.0,0.4280999999999999,-3.0418,-2.6137,0.0,16.778,13.726,25.238,0.0038,0.0,0.0,0.0021199999999999,0.0,0.0,0.0,0.0,-99999.0,23.576,23.385,13.455,-99999.0,50
2016-11-06 20:20:00,0.0,0.27038,-3.0193,-2.7489,0.0,16.808,13.725,25.225,0.00352,0.0,0.0,0.0,0.0,0.0,0.0,0.0,-99999.0,23.606,23.467,13.433,-99999.0,50
2016-11-06 20:21:00,0.0,0.31545,-3.177,-2.8616,0.0,16.775,13.725,25.225,0.00366,0.0,0.0,-0.0021199999999999,0.0,0.0,0.0,0.0,-99999.0,23.646,23.525,13.303,-99999.0,50
2016-11-06 20:22:00,0.0,0.36051,-2.9967,-2.6362,0.0,16.699,13.727,25.212,0.00338,0.0,0.0,0.0,0.0,0.0,0.0,0.0,-99999.0,23.671,23.553,13.191,-99999.0,50
2016-11-06 20:23:00,0.0,0.31545,-3.177,-2.8616,0.0,16.69,13.726,25.213,0.00366,0.0,0.0,0.00423,0.0,0.0,0.0,0.0,-99999.0,23.665,23.555,13.225,-99999.0,50
2016-11-06 20:24:00,0.0,0.29292,-3.177,-2.8841,0.0,16.711,13.726,25.209,0.00338,0.0,0.0,0.0,0.0,0.0,0.0,0.0,-99999.0,23.622,23.508,13.265,-99999.0,50
2016-11-06 20:25:00,0.0,0.33798,-2.9517,-2.6137,0.0,16.695,13.727,25.197,0.00352,0.0,0.0,0.0,0.0,0.0,0.0,0.0,-99999.0,23.553,23.416,13.224,-99999.0,50
2016-11-06 20:26:00,0.0,0.36051,-2.9968,-2.6362,0.0,16.717,13.727,25.199,0.00352,0.0,0.0,0.0,0.0,0.0,0.0,0.0,-99999.0,23.479,23.318,13.206,-99999.0,50
2016-11-06 20:27:00,0.0,0.33798,-3.0418,-2.7038,0.0,16.709,13.727,25.186,0.0039399999999999,0.0,0.0,0.0,0.0,0.0,0.0,0.0,-99999.0,23.405,23.197,13.144,-99999.0,50
2016-11-06 20:28:00,0.0,0.2253199999999999,-3.2896,-3.0644,0.0,16.68,13.727,25.185,0.00338,0.0,0.0,0.0,0.0,0.0,0.0,0.0,-99999.0,23.402,23.166,13.067,-99999.0,50
2016-11-06 20:29:00,0.0,0.27038,-3.132,-2.8616,0.0,16.586,13.727,25.181,0.00352,0.0,0.0,0.0,0.0,0.0,0.0,0.0,-99999.0,23.434,23.22,13.091,-99999.0,50
2016-11-06 20:30:00,0.0,0.2478499999999999,-3.2221,-2.9742,0.0,16.582,13.728,25.172,0.00366,0.0,0.0,0.0,0.0,0.0,0.0,0.0,-99999.0,23.478,23.295,13.104,-99999.0,50
2016-11-06 20:31:00,0.0,0.31545,-3.177,-2.8616,0.0,16.593,13.727,25.173,0.00352,0.0,0.0,0.0,0.0,0.0,0.0,0.0,-99999.0,23.517,23.343,13.155,-99999.0,50
2016-11-06 20:32:00,0.0,0.4055699999999999,-2.8616,-2.456,0.0,16.68,13.728,25.164,0.00352,0.0,0.0,0.0021199999999999,0.0,0.0,0.0,0.0,-99999.0,23.529,23.337,13.155,-99999.0,50
2016-11-06 20:33:00,0.0,0.2478499999999999,-3.4248,-3.177,0.0,16.777,13.728,25.156,0.00338,0.0,0.0,0.0,0.0,0.0,0.0,0.0,-99999.0,23.531,23.293,13.117,-99999.0,50
2016-11-06 20:34:00,0.0,0.33798,-2.8841,-2.5461,0.0,16.713,13.727,25.158,0.00338,0.0,0.0,0.0021199999999999,0.0,0.0,0.0,0.0,-99999.0,23.513,23.267,13.04,-99999.0,50
2016-11-06 20:35:00,0.0,0.29292,-3.1094,-2.8165,0.0,16.627,13.72,25.146,0.0038,0.0,0.0,0.0,0.0,0.0,0.0,0.0,-99999.0,23.463,23.214,13.053,-99999.0,50
2016-11-06 20:36:00,0.0,0.29292,-3.0644,-2.7714,0.0,16.629,13.722,25.146,0.00408,0.0,0.0,0.0,0.0,0.0,0.0,0.0,-99999.0,23.429,23.152,13.091,-99999.0,50
2016-11-06 20:37:00,0.0,0.4055699999999999,-2.9292,-2.5236,0.0,16.576,13.727,25.147,0.0038,0.0,0.0,0.0,0.0,0.0,0.0,0.0,-99999.0,23.435,23.144,13.001,-99999.0,50
2016-11-06 20:38:00,0.0,0.29292,-3.0644,-2.7714,0.0,16.559,13.731,25.138,0.00352,0.0,0.0,0.0,0.0,0.0,0.0,0.0,-99999.0,23.463,23.193,12.955,-99999.0,50
2016-11-06 20:39:00,0.0,0.4506399999999999,-2.8165,-2.3659,0.0,16.566,13.729,25.132,0.00366,0.0,0.0,0.0,0.0,0.0,0.0,0.0,7.404099999999999,23.504,23.286,12.919,-99999.0,50
2016-11-06 20:40:00,0.0,0.29292,-3.0418,-2.7489,0.0,16.491,13.727,25.132,0.0042199999999999,0.0,0.0,-0.0021199999999999,0.0,0.0,0.0,0.0,-99999.0,23.556,23.399,12.844,-99999.0,50
2016-11-06 20:41:00,0.0,0.4055699999999999,-2.9066,-2.5011,0.0,16.427,13.727,25.134,0.0039399999999999,0.0,0.0,0.0,0.0,0.0,0.0,0.0,-99999.0,23.609,23.48,12.771,-99999.0,50
2016-11-06 20:42:00,0.0,0.20279,-3.3122,-3.1094,0.0,16.39,13.726,25.132,0.00352,0.0,0.0,0.0,0.0,0.0,0.0,0.0,-99999.0,23.634,23.518,12.712,-99999.0,50
2016-11-06 20:43:00,0.0,0.31545,-3.2221,-2.9066,0.0,16.438,13.726,25.134,0.0038,0.0,0.0,0.00423,0.0,0.0,0.0,0.0,-99999.0,23.618,23.502,12.789,-99999.0,50
2016-11-06 20:44:00,0.0,0.15772,-3.132,-2.9742,0.0,16.521,13.726,25.135,0.00338,0.0,0.0,-0.0021199999999999,0.0,0.0,0.0,0.0,-99999.0,23.572,23.447,12.858,-99999.0,50
2016-11-06 20:45:00,0.0,0.27038,-3.132,-2.8616,0.0,16.456,13.726,25.13,0.0039399999999999,0.0,0.0,0.0,0.0,0.0,0.0,0.0,-99999.0,23.522,23.378,12.802,-99999.0,50
2016-11-06 20:46:00,0.0,0.2253199999999999,-3.0418,-2.8165,0.0,16.414,13.725,25.126,0.00338,0.0,0.0,0.0,0.0,0.0,0.0,0.0,-99999.0,23.463,23.281,12.841,-99999.0,50
2016-11-06 20:47:00,0.0,0.29292,-3.2221,-2.9292,0.0,16.395,13.726,25.12,0.0039399999999999,0.0,0.0,0.0021199999999999,0.0,0.0,0.0,0.0,-99999.0,23.432,23.221,12.892,-99999.0,50
2016-11-06 20:48:00,0.0,0.2253199999999999,-3.1094,-2.8841,0.0,16.409,13.726,25.121,0.00338,0.0,0.0,-0.00423,0.0,0.0,0.0,0.0,-99999.0,23.454,23.241,12.93,-99999.0,50
2016-11-06 20:49:00,0.0,0.31545,-3.1094,-2.794,0.0,16.509,13.725,25.121,0.00366,0.0,0.0,0.0,0.0,0.0,0.0,0.0,-99999.0,23.48,23.278,13.009,-99999.0,50
2016-11-06 20:50:00,0.0,0.29292,-3.0869,-2.794,0.0,16.475,13.726,25.121,0.00366,0.0,0.0,0.0021199999999999,0.0,0.0,0.0,0.0,-99999.0,23.498,23.321,12.958,-99999.0,50
2016-11-06 20:51:00,0.0,0.33798,-3.0193,-2.6813,0.0,16.415,13.726,25.119,0.00352,0.0,0.0,-0.0021199999999999,0.0,0.0,0.0,0.0,-99999.0,23.522,23.332,12.87,-99999.0,50
2016-11-06 20:52:00,0.0,0.20279,-3.177,-2.9742,0.0,16.376,13.726,25.116,0.00366,0.0,0.0,0.0,0.0,0.0,0.0,0.0,-99999.0,23.531,23.332,12.819,-99999.0,50
2016-11-06 20:53:00,0.0,0.31545,-3.2896,-2.9742,0.0,16.338,13.726,25.106,0.00366,0.0,0.0,0.0,0.0,0.0,0.0,0.0,-99999.0,23.501,23.301,12.737,-99999.0,50
2016-11-06 20:54:00,0.0,0.3830399999999999,-2.9066,-2.5236,0.0,16.331,13.727,25.108,0.00338,0.0,0.0,0.0,0.0,0.0,0.0,0.0,-99999.0,23.454,23.24,12.752,-99999.0,50
2016-11-06 20:55:00,0.0,0.4731699999999999,-2.8165,-2.3433,0.0,16.381,13.726,25.11,0.00338,0.0,0.0,0.0,0.0,0.0,0.0,0.0,-99999.0,23.376,23.132,12.835,-99999.0,50
2016-11-06 20:56:00,0.0,0.27038,-3.1094,-2.839,0.0,16.41,13.727,25.108,0.00352,0.0,0.0,0.0,0.0,0.0,0.0,0.0,-99999.0,23.327,23.06,12.84,-99999.0,50
2016-11-06 20:57:00,0.0,0.33798,-3.0869,-2.7489,0.0,16.392,13.726,25.106,0.00352,0.0,0.0,-0.0021199999999999,0.0,0.0,0.0,0.0,-99999.0,23.318,23.075,12.751,-99999.0,50
2016-11-06 20:58:00,0.0,0.27038,-3.1094,-2.839,0.0,16.365,13.727,25.095,0.00366,0.0,0.0,0.0,0.0,0.0,0.0,0.0,-99999.0,23.317,23.122,12.765,-99999.0,50
2016-11-06 20:59:00,0.0,0.20279,-3.132,-2.9292,0.0,16.456,13.727,25.096,0.00352,0.0,0.0,0.0,0.0,0.0,0.0,0.0,-99999.0,23.336,23.179,12.834,-99999.0,50
2016-11-06 21:00:00,0.0,0.33798,-3.0869,-2.7489,0.0,16.488,13.728,25.094,0.00366,0.0,0.0,0.0,0.0,0.0,0.0,0.0,-99999.0,23.349,23.186,12.805,-99999.0,50
2016-11-06 21:01:00,0.0,0.36051,-2.9968,-2.6363,0.0,16.378,13.727,25.094,0.00366,0.0,0.0,0.0021199999999999,0.0,0.0,0.0,0.0,-99999.0,23.385,23.223,12.798,-99999.0,50
2016-11-06 21:02:00,0.0,0.27038,-3.132,-2.8616,0.0,16.299,13.727,25.096,0.00352,0.0,0.0,-0.0021199999999999,0.0,0.0,0.0,0.0,-99999.0,23.415,23.25,12.793,-99999.0,50
2016-11-06 21:03:00,0.0,0.3830399999999999,-2.9968,-2.6137,0.0,16.242,13.727,25.085,0.0038,0.0,0.0,0.0021199999999999,0.0,0.0,0.0,0.0,-99999.0,23.388,23.213,12.803,-99999.0,50
2016-11-06 21:04:00,0.0,0.2253199999999999,-3.1545,-2.9292,0.0,16.252,13.728,25.082,0.00366,0.0,0.0,0.0,0.0,0.0,0.0,0.0,-99999.0,23.351,23.169,12.883,-99999.0,50
2016-11-06 21:05:00,0.0,0.33798,-3.0418,-2.7038,0.0,16.382,13.728,25.082,0.0038,0.0,0.0,0.0021199999999999,0.0,0.0,0.0,0.0,-99999.0,23.314,23.099,13.021,-99999.0,50
2016-11-06 21:06:00,0.0,0.29292,-3.0193,-2.7264,0.0,16.425,13.728,25.072,0.00366,0.0,0.0,0.0,0.0,0.0,0.0,0.0,-99999.0,23.303,23.063,13.046,-99999.0,50
2016-11-06 21:07:00,0.0,0.33798,-3.0418,-2.7038,0.0,16.362,13.728,25.068,0.0039399999999999,0.0,0.0,0.0,0.0,0.0,0.0,0.0,-99999.0,23.322,23.097,12.995,-99999.0,50
2016-11-06 21:08:00,0.0,0.18026,-3.2671,-3.0869,0.0,16.287,13.729,25.066,0.00338,0.0,0.0,0.0,0.0,0.0,0.0,0.0,-99999.0,23.379,23.208,12.943,-99999.0,50
2016-11-06 21:09:00,0.0,0.29292,-2.9968,-2.7038,0.0,16.259,13.728,25.066,0.00352,0.0,0.0,0.0,0.0,0.0,0.0,0.0,-99999.0,23.45,23.301,12.977,-99999.0,50
2016-11-06 21:10:00,0.0,0.36051,-3.132,-2.7714,0.0,16.287,13.727,25.055,0.0039399999999999,0.0,0.0,0.0063499999999999,0.0,0.0,0.0,0.0,-99999.0,23.47,23.297,13.036,-99999.0,50
2016-11-06 21:11:00,0.0,0.2478499999999999,-3.2221,-2.9742,0.0,16.301,13.73,25.054,0.00352,0.0,0.0,0.0,0.0,0.0,0.0,0.0,-99999.0,23.442,23.254,13.044,-99999.0,50
2016-11-06 21:12:00,0.0,0.4055699999999999,-2.839,-2.4335,0.0,16.271,13.729,25.054,0.0039399999999999,0.0,0.0,0.0,0.0,0.0,0.0,0.0,-99999.0,23.393,23.206,13.053,-99999.0,50
2016-11-06 21:13:00,0.0,0.36051,-3.2446,-2.8841,0.0,16.233,13.73,25.045,0.0043699999999999,0.0,0.0,0.0,0.0,0.0,0.0,0.0,-99999.0,23.345,23.15,13.042,-99999.0,50
2016-11-06 21:14:00,0.0,0.18026,-3.4023,-3.2221,0.0,16.23,13.729,25.039,0.00338,0.0,0.0,-0.0021199999999999,0.0,0.0,0.0,0.0,-99999.0,23.28,23.062,12.995,-99999.0,50
2016-11-06 21:15:00,0.0,0.4055699999999999,-2.9517,-2.5461,0.0,16.192,13.73,25.04,0.00352,0.0,0.0,0.0,0.0,0.0,0.0,0.0,-99999.0,23.22,22.985,12.908,-99999.0,50
2016-11-06 21:16:00,0.0,0.2478499999999999,-3.4699,-3.2221,0.0,16.234,13.731,25.032,0.00352,0.0,0.0,0.0,0.0,0.0,0.0,0.0,-99999.0,23.219,22.988,12.882,-99999.0,50
2016-11-06 21:17:00,0.0,0.31545,-3.1545,-2.8391,0.0,16.23,13.731,25.026,0.00366,0.0,0.0,0.0021199999999999,0.0,0.0,0.0,0.0,-99999.0,23.259,23.054,12.905,-99999.0,50
2016-11-06 21:18:00,0.0,0.29292,-2.7489,-2.456,0.0,16.218,13.73,25.026,0.0043699999999999,0.0,0.0,0.0,0.0,0.0,0.0,0.0,7.3322,23.324,23.165,12.886,-99999.0,50
2016-11-06 21:19:00,0.0,0.4956999999999999,-2.8842,-2.3885,0.0,16.186,13.731,25.014,0.0043699999999999,0.0,0.0,0.0,0.0,0.0,0.0,0.0,-99999.0,23.363,23.235,12.896,-99999.0,50
2016-11-06 21:20:00,0.0,0.40558,-3.0869,-2.6813,0.0,16.116,13.731,25.012,0.00366,0.0,0.0,0.00423,0.0,0.0,0.0,0.0,-99999.0,23.379,23.203,12.808,-99999.0,50
2016-11-06 21:21:00,0.0,0.4280999999999999,-3.1095,-2.6813,0.0,15.983,13.732,25.012,0.0038,0.0,0.0,-0.0021199999999999,0.0,0.0,0.0,0.0,-99999.0,23.362,23.167,12.722,-99999.0,50
2016-11-06 21:22:00,0.0,0.3830399999999999,-2.8391,-2.456,0.0,15.965,13.731,25.006,0.00338,0.0,0.0,0.0,0.0,0.0,0.0,0.0,-99999.0,23.32,23.128,12.656,-99999.0,50
2016-11-06 21:23:00,0.0,0.4281099999999999,-3.0645,-2.6363,0.0,16.029,13.732,24.998,0.00366,0.0,0.0,0.0021199999999999,0.0,0.0,0.0,0.0,-99999.0,23.253,23.049,12.687,-99999.0,50
2016-11-06 21:24:00,0.0,0.31545,-3.3348,-3.0194,0.0,16.076,13.733,24.998,0.00366,0.0,0.0,0.0021199999999999,0.0,0.0,0.0,0.0,-99999.0,23.247,22.992,12.651,-99999.0,50
2016-11-06 21:25:00,0.0,0.3830399999999999,-3.177,-2.794,0.0,16.055,13.732,24.992,0.0038,0.0,0.0,0.0021199999999999,0.0,0.0,0.0,0.0,-99999.0,23.277,23.027,12.713,-99999.0,50
2016-11-06 21:26:00,0.0,0.51824,-2.7715,-2.2532,0.0,16.07,13.733,24.984,0.0042199999999999,0.0,0.0,0.0,0.0,0.0,0.0,0.0,15.416,23.286,23.082,12.725,-99999.0,50
2016-11-06 21:27:00,0.0,0.31545,-3.1997,-2.8842,0.0,16.085,13.733,24.984,0.00366,0.0,0.0,0.0,0.0,0.0,0.0,0.0,-99999.0,23.303,23.141,12.664,-99999.0,50
2016-11-06 21:28:00,0.0,0.42812,-2.9968,-2.5687,0.0,16.092,13.733,24.981,0.00338,0.0,0.0,0.0021199999999999,0.0,0.0,0.0,0.0,-99999.0,23.318,23.172,12.728,-99999.0,50
2016-11-06 21:29:00,0.0,0.31546,-3.2222,-2.9068,0.0,16.122,13.733,24.97,0.00352,0.0,0.0,0.0021199999999999,0.0,0.0,0.0,0.0,-99999.0,23.336,23.164,12.776,-99999.0,50
2016-11-06 21:30:00,0.0,0.38305,-3.1095,-2.7265,0.0,16.185,13.733,24.97,0.00366,0.0,0.0,0.0,0.0,0.0,0.0,0.0,-99999.0,23.321,23.126,12.846,-99999.0,50
2016-11-06 21:31:00,0.0,0.36052,-3.3574,-2.9969,0.0,16.214,13.734,24.966,0.00338,0.0,0.0,0.0,0.0,0.0,0.0,0.0,-99999.0,23.265,23.058,12.857,-99999.0,50
2016-11-06 21:32:00,0.0,0.42812,-2.8617,-2.4336,0.0,16.162,13.733,24.956,0.00408,0.0,0.0,0.0,0.0,0.0,0.0,0.0,-99999.0,23.195,22.961,12.797,-99999.0,50
2016-11-06 21:33:00,0.0,0.22533,-3.2447,-3.0193,0.0,16.076,13.734,24.956,0.00338,0.0,0.0,-0.0021199999999999,0.0,0.0,0.0,0.0,-99999.0,23.146,22.888,12.755,-99999.0,50
2016-11-06 21:34:00,0.0,0.24786,-3.0646,-2.8167,0.0,16.032,13.734,24.952,0.00338,0.0,0.0,0.0,0.0,0.0,0.0,0.0,-99999.0,23.187,22.936,12.79,-99999.0,50
2016-11-06 21:35:00,0.0,0.36053,-3.1321,-2.7715,0.0,16.074,13.734,24.942,0.0039399999999999,0.0,0.0001399999999999,0.0,0.0,0.0,0.0,0.0,-99999.0,23.294,23.067,12.77,-99999.0,50
2016-11-06 21:36:00,0.0,0.42813,-2.8392,-2.4111,0.0,16.088,13.734,24.942,0.0038,0.0,0.0,0.0,0.0,0.0,0.0,0.0,-99999.0,23.396,23.216,12.804,-99999.0,50
2016-11-06 21:37:00,0.0,0.42814,-2.9744,-2.5463,0.0,16.067,13.733,24.939,0.00338,0.0,0.0,0.0021199999999999,0.0,0.0,0.0,0.0,-99999.0,23.472,23.362,12.768,-99999.0,50
2016-11-06 21:38:00,0.0,0.38305,-2.997,-2.6139,0.0,16.009,13.733,24.932,0.00408,0.0,0.0,0.0,0.0,0.0,0.0,0.0,-99999.0,23.523,23.398,12.76,-99999.0,50
2016-11-06 21:39:00,0.0,0.338,-2.9068,-2.5688,0.0,16.096,13.733,24.928,0.00408,0.0,0.0,0.0,0.0,0.0,0.0,0.0,-99999.0,23.504,23.321,12.88,-99999.0,50
2016-11-06 21:40:00,0.0,0.22533,-3.2674,-3.042,0.0,16.26,13.734,24.928,0.0038,0.0,0.0,0.0,0.0,0.0,0.0,0.0,-99999.0,23.45,23.251,13.025,-99999.0,50
2016-11-06 21:41:00,0.0,0.38307,-2.9068,-2.5237,0.0,16.281,13.733,24.928,0.0038,0.0,0.0,0.00423,0.0,0.0,0.0,0.0,9.5405,23.388,23.172,12.977,-99999.0,50
2016-11-06 21:42:00,0.0,0.24787,-3.1546,-2.9067,0.0,16.195,13.734,24.923,0.00352,0.0,0.0,0.0,0.0,0.0,0.0,0.0,-99999.0,23.315,23.089,12.894,-99999.0,50
2016-11-06 21:43:00,0.0,0.36053,-3.1322,-2.7717,0.0,16.145,13.733,24.914,0.00366,0.0,0.0,0.0,0.0,0.0,0.0,0.0,-99999.0,23.256,22.997,12.877,-99999.0,50
2016-11-06 21:44:00,0.0,0.4056,-2.9294,-2.5238,0.0,16.084,13.733,24.914,0.00338,0.0,0.0,0.0,0.0,0.0,0.0,0.0,-99999.0,23.242,22.985,12.845,-99999.0,50
2016-11-06 21:45:00,0.0,0.2704099999999999,-3.0871,-2.8167,0.0,16.138,13.734,24.914,0.00352,0.0,0.0,0.0,0.0,0.0,0.0,0.0,-99999.0,23.254,23.031,12.919,-99999.0,50
2016-11-06 21:46:00,0.0,0.338,-2.8167,-2.4787,0.0,16.206,13.733,24.914,0.0038,0.0,0.0,0.0,0.0,0.0,0.0,0.0,8.0332,23.28,23.098,13.023,-99999.0,50
2016-11-06 21:47:00,0.0,0.2028,-3.2674,-3.0646,0.0,16.205,13.734,24.903,0.00352,0.0,0.0,0.0,0.0,0.0,0.0,0.0,-99999.0,23.293,23.128,13.035,-99999.0,50
2016-11-06 21:48:00,0.0,0.2929399999999999,-2.9069,-2.6139,0.0,16.23,13.734,24.9,0.00338,0.0,0.0,0.0,0.0,0.0,0.0,0.0,-99999.0,23.302,23.1,13.052,-99999.0,50
2016-11-06 21:49:00,0.0,0.3154799999999999,-3.1096,-2.7941,0.0,16.282,13.734,24.9,0.00352,0.0,0.0,0.0021199999999999,0.0,0.0,0.0,0.0,-99999.0,23.286,23.05,13.072,-99999.0,50
2016-11-06 21:50:00,0.0,0.1351999999999999,-3.2674,-3.1322,0.0,16.352,13.735,24.9,0.00338,0.0,0.0,0.0,0.0,0.0,0.0,0.0,-99999.0,23.246,22.998,13.173,-99999.0,50
2016-11-06 21:51:00,0.0,0.36054,-3.0646,-2.704,0.0,16.372,13.733,24.893,0.00366,0.0,0.0,0.0,0.0,0.0,0.0,0.0,-99999.0,23.159,22.914,13.161,-99999.0,50
2016-11-06 21:52:00,0.0,0.36054,-3.1322,-2.7716,0.0,16.258,13.735,24.886,0.0039399999999999,0.0,0.0,0.0063499999999999,0.0,0.0,0.0,0.0,-99999.0,23.086,22.83,13.134,-99999.0,50
2016-11-06 21:53:00,0.0,0.42814,-2.8167,-2.3886,0.0,16.239,13.734,24.886,0.0039399999999999,0.0,0.0,0.0,0.0,0.0,0.0,0.0,-0.25224,23.121,22.832,13.141,-99999.0,50
2016-11-06 21:54:00,0.0,0.338,-3.0871,-2.7491,0.0,16.23,13.734,24.881,0.00352,0.0,0.0,0.0,0.0,0.0,0.0,0.0,-99999.0,23.172,22.904,13.156,-99999.0,50
2016-11-06 21:55:00,0.0,0.42814,-2.8843,-2.4562,0.0,16.275,13.734,24.872,0.0039399999999999,0.0,0.0,0.0,0.0,0.0,0.0,0.0,-99999.0,23.196,22.97,13.242,-99999.0,50
2016-11-06 21:56:00,0.0,0.338,-3.2674,-2.9294,0.0,16.372,13.735,24.872,0.00352,0.0,0.0,0.0,0.0,0.0,0.0,0.0,-99999.0,23.224,23.021,13.227,-99999.0,50
2016-11-06 21:57:00,0.0,0.42814,-2.9069,-2.4787,0.0,16.396,13.734,24.872,0.00408,0.0,0.0,0.0,0.0,0.0,0.0,0.0,-99999.0,23.231,22.994,13.196,-99999.0,50
2016-11-06 21:58:00,0.0,0.38307,-3.1998,-2.8167,0.0,16.413,13.735,24.86,0.00366,0.0,0.0,0.0,0.0,0.0,0.0,0.0,-99999.0,23.187,22.91,13.174,-99999.0,50
2016-11-06 21:59:00,0.0,0.3380099999999999,-3.1097,-2.7717,0.0,16.415,13.736,24.858,0.00366,0.0,0.0,-0.0021199999999999,0.0,0.0,0.0,0.0,-99999.0,23.123,22.842,13.175,-99999.0,50
2016-11-06 22:00:00,0.0,0.3154799999999999,-3.4928,-3.1774,0.0,16.434,13.736,24.855,0.00338,0.0,0.0,0.00423,0.0,0.0,0.0,0.0,-99999.0,23.082,22.835,13.181,-99999.0,50
2016-11-06 22:01:00,0.0,0.13521,-3.4702,-3.335,0.0,16.399,13.736,24.844,0.00352,0.0,0.0,0.0,0.0,0.0,0.0,0.0,-99999.0,23.117,22.902,13.21,-99999.0,50
2016-11-06 22:02:00,0.0,0.2929399999999999,-2.9745,-2.6816,0.0,16.37,13.735,24.844,0.00352,0.0,0.0,-0.00423,0.0,0.0,0.0,0.0,-99999.0,23.2,23.021,13.26,-99999.0,50
2016-11-06 22:03:00,0.0,0.1577399999999999,-3.4927,-3.335,0.0,16.459,13.736,24.844,0.0038,0.0,0.0,-0.0021199999999999,0.0,0.0,0.0,0.0,-99999.0,23.281,23.12,13.276,-99999.0,50
2016-11-06 22:04:00,0.0,0.3380099999999999,-2.952,-2.614,0.0,16.471,13.736,24.836,0.00338,0.0,0.0,0.0,0.0,0.0,0.0,0.0,-99999.0,23.292,23.127,13.246,-99999.0,50
2016-11-06 22:05:00,0.0,0.5408199999999999,-2.7267,-2.1858,0.0,16.403,13.736,24.83,0.0039399999999999,0.0,0.0,0.0,0.0,0.0,0.0,0.0,11.055,23.299,23.144,13.15,-99999.0,50
2016-11-06 22:06:00,0.0,0.2704099999999999,-3.2223,-2.9519,0.0,16.426,13.736,24.83,0.0038,0.0,0.0,0.0,0.0,0.0,0.0,0.0,-99999.0,23.276,23.105,13.109,-99999.0,50
2016-11-06 22:07:00,0.0,0.18028,-3.3125,-3.1323,0.0,16.395,13.737,24.83,0.00338,0.0,0.0,0.0,0.0,0.0,0.0,0.0,-99999.0,23.242,23.038,13.061,-99999.0,50
2016-11-06 22:08:00,0.0,0.2478799999999999,-3.1774,-2.9295,0.0,16.342,13.736,24.825,0.00352,0.0,0.0,0.0,0.0,0.0,0.0,0.0,-99999.0,23.205,22.978,13.025,-99999.0,50
2016-11-06 22:09:00,0.0,0.3605599999999999,-3.0196,-2.659,0.0,16.273,13.736,24.816,0.00338,0.0,0.0,0.0,0.0,0.0,0.0,0.0,-99999.0,23.163,22.913,13.021,-99999.0,50
2016-11-06 22:10:00,0.0,0.2929499999999999,-3.2224,-2.9295,0.0,16.125,13.736,24.816,0.0038,0.0,0.0,-0.0021199999999999,0.0,0.0,0.0,0.0,-99999.0,23.155,22.902,12.934,-99999.0,50
2016-11-06 22:11:00,0.0,0.4506899999999999,-2.8394,-2.3887,0.0,16.064,13.736,24.816,0.0038,0.0,0.0,-0.0021199999999999,0.0,0.0,0.0,0.0,-99999.0,23.172,22.949,12.887,-99999.0,50
2016-11-06 22:12:00,0.0,0.4732299999999999,-2.7492,-2.2759,0.0,16.015,13.736,24.815,0.00338,0.0,0.0,0.0,0.0,0.0,0.0,0.0,23.067,23.204,23.015,12.782,-99999.0,50
2016-11-06 22:13:00,0.0,0.4506899999999999,-2.7717,-2.321,0.0,15.977,13.737,24.808,0.0043699999999999,0.0,0.0,0.0,0.0,0.0,0.0,0.0,-99999.0,23.238,23.079,12.791,-99999.0,50
2016-11-06 22:14:00,0.0,0.29296,-3.1999,-2.907,0.0,16.122,13.735,24.802,0.00338,0.0,0.0,0.00423,0.0,0.0,0.0,0.0,-99999.0,23.24,23.047,12.797,-99999.0,50
2016-11-06 22:15:00,0.0,0.4506899999999999,-2.8844,-2.4337,0.0,16.232,13.736,24.802,0.0038,0.0,0.0,0.0021199999999999,0.0,0.0,0.0,0.0,9.7634,23.224,22.976,12.87,-99999.0,50
2016-11-06 22:16:00,0.0,0.5408399999999999,-2.7943,-2.2534,0.0,16.228,13.737,24.803,0.00366,0.0,0.0,0.0,0.0,0.0,0.0,0.0,32.375,23.19,22.937,12.923,-99999.0,50
2016-11-06 22:17:00,0.0,0.54083,-2.7492,-2.2084,0.0,16.259,13.737,24.802,0.00352,0.0,0.0,0.0,0.0,0.0,0.0,0.0,20.231,23.129,22.849,12.893,-99999.0,50
2016-11-06 22:18:00,0.0,0.3154899999999999,-3.1098,-2.7943,0.0,16.214,13.737,24.798,0.00352,0.0,0.0,0.0,0.0,0.0,0.0,0.0,-99999.0,23.106,22.808,12.776,-99999.0,50
2016-11-06 22:19:00,0.0,0.4056299999999999,-2.9971,-2.5915,0.0,16.148,13.737,24.788,0.00366,0.0,0.0,0.0021199999999999,0.0,0.0,0.0,0.0,-99999.0,23.139,22.886,12.655,-99999.0,50
2016-11-06 22:20:00,0.0,0.3380199999999999,-3.1323,-2.7943,0.0,16.005,13.738,24.788,0.00352,0.0,0.0,0.0,0.0,0.0,0.0,0.0,-99999.0,23.195,23.002,12.532,-99999.0,50
2016-11-06 22:21:00,0.0,0.4056299999999999,-2.9296,-2.5239,0.0,15.898,13.737,24.788,0.00352,0.0,0.0,0.0,0.0,0.0,0.0,0.0,-99999.0,23.237,23.106,12.546,-99999.0,50
2016-11-06 22:22:00,0.0,0.3380199999999999,-3.2,-2.8619,0.0,16.024,13.738,24.788,0.00338,0.0,0.0,0.0,0.0,0.0,0.0,0.0,-99999.0,23.254,23.126,12.638,-99999.0,50
2016-11-06 22:23:00,0.0,0.3605499999999999,-3.1098,-2.7493,0.0,16.191,13.738,24.786,0.0038,0.0,0.0,0.0,0.0,0.0,0.0,0.0,-99999.0,23.235,23.045,12.738,-99999.0,50
2016-11-06 22:24:00,0.0,0.3605599999999999,-3.0423,-2.6817,0.0,16.218,13.738,24.781,0.00366,0.0,0.0,0.0,0.0,0.0,0.0,0.0,-99999.0,23.186,22.964,12.832,-99999.0,50
2016-11-06 22:25:00,0.0,0.3605599999999999,-3.0874,-2.7268,0.0,16.156,13.738,24.774,0.00338,0.0,0.0,0.0,0.0,0.0,0.0,0.0,-99999.0,23.13,22.877,12.793,-99999.0,50
2016-11-06 22:26:00,0.0,0.42817,-2.8845,-2.4564,0.0,16.184,13.738,24.774,0.00408,0.0,0.0,0.0021199999999999,0.0,0.0,0.0,0.0,-99999.0,23.101,22.851,12.921,-99999.0,50
2016-11-06 22:27:00,0.0,0.29296,-3.4704,-3.1775,0.0,16.372,13.738,24.774,0.00338,0.0,0.0,0.0,0.0,0.0,0.0,0.0,-99999.0,23.156,22.937,13.074,-99999.0,50
2016-11-06 22:28:00,0.0,0.4056299999999999,-3.0197,-2.614,0.0,16.396,13.738,24.774,0.0038,0.0,0.0,0.0,0.0,0.0,0.0,0.0,-99999.0,23.224,23.049,13.134,-99999.0,50
2016-11-06 22:29:00,0.0,0.33803,-3.1099,-2.7719,0.0,16.33,13.738,24.769,0.0038,0.0,0.0,0.0,0.0,0.0,0.0,0.0,-99999.0,23.314,23.178,13.103,-99999.0,50
2016-11-06 22:30:00,0.0,0.42817,-3.0423,-2.6141,0.0,16.232,13.739,24.762,0.00366,0.0,0.0,0.0,0.0,0.0,0.0,0.0,-99999.0,23.426,23.337,13.054,-99999.0,50
2016-11-06 22:31:00,0.0,0.15775,-3.3127,-3.155,0.0,16.174,13.738,24.762,0.00338,0.0,0.0,-0.0021199999999999,0.0,0.0,0.0,0.0,-99999.0,23.486,23.412,12.923,-99999.0,50
2016-11-06 22:32:00,0.0,0.33803,-3.1775,-2.8394,0.0,16.152,13.738,24.76,0.00366,0.0,0.0,0.0021199999999999,0.0,0.0,0.0,0.0,-99999.0,23.51,23.434,12.934,-99999.0,50
2016-11-06 22:33:00,0.0,0.3605599999999999,-3.1099,-2.7493,0.0,16.224,13.738,24.76,0.00408,0.0,0.0,0.0,0.0,0.0,0.0,0.0,-99999.0,23.482,23.398,12.874,-99999.0,50
2016-11-06 22:34:00,0.0,0.4056299999999999,-3.0198,-2.6142,0.0,16.194,13.738,24.76,0.00352,0.0,0.0,0.0,0.0,0.0,0.0,0.0,-99999.0,23.405,23.302,12.903,-99999.0,50
2016-11-06 22:35:00,0.0,0.3831,-3.1775,-2.7944,0.0,16.085,13.738,24.76,0.0038,0.0,0.0,0.0,0.0,0.0,0.0,0.0,-99999.0,23.31,23.155,12.843,-99999.0,50
2016-11-06 22:36:00,0.0,0.33803,-3.155,-2.817,0.0,16.018,13.738,24.76,0.00352,0.0,0.0,0.00423,0.0,0.0,0.0,0.0,-99999.0,23.181,22.982,12.795,-99999.0,50
2016-11-06 22:37:00,0.0,0.4056299999999999,-3.0423,-2.6367,0.0,15.915,13.738,24.76,0.00366,0.0,0.0,0.0021199999999999,0.0,0.0,0.0,0.0,-99999.0,23.113,22.865,12.734,-99999.0,50
2016-11-06 22:38:00,0.0,0.36057,-3.0198,-2.6592,0.0,15.858,13.738,24.76,0.00352,0.0,0.0,0.0021199999999999,0.0,0.0,0.0,0.0,-99999.0,23.106,22.874,12.687,-99999.0,50
2016-11-06 22:39:00,0.0,0.29296,-3.155,-2.862,0.0,15.898,13.738,24.76,0.00352,0.0,0.0,0.0021199999999999,0.0,0.0,0.0,0.0,-99999.0,23.141,22.934,12.753,-99999.0,50
2016-11-06 22:40:00,0.0,0.4056299999999999,-3.0874,-2.6817,0.0,16.015,13.738,24.76,0.0038,0.0,0.0,0.0,0.0,0.0,0.0,0.0,-99999.0,23.192,23.005,12.82,-99999.0,50
2016-11-06 22:41:00,0.0,0.3155,-3.0423,-2.7268,0.0,16.088,13.738,24.758,0.00352,0.0,0.0,-0.0021199999999999,0.0,0.0,0.0,0.0,-99999.0,23.224,23.019,12.82,-99999.0,50
2016-11-06 22:42:00,0.0,0.33803,-2.9973,-2.6592,0.0,16.123,13.739,24.755,0.00408,0.0,0.0,0.0,0.0,0.0,0.0,0.0,-99999.0,23.233,23.005,12.877,-99999.0,50
2016-11-06 22:43:00,0.0,0.3155,-3.155,-2.8395,0.0,16.203,13.738,24.747,0.00338,0.0,0.0,0.0,0.0,0.0,0.0,0.0,-99999.0,23.206,22.964,12.969,-99999.0,50
2016-11-06 22:44:00,0.0,0.40564,-3.0198,-2.6142,0.0,16.296,13.738,24.746,0.0039399999999999,0.0,0.0,0.0,0.0,0.0,0.0,0.0,-99999.0,23.142,22.888,13.127,-99999.0,50
2016-11-06 22:45:00,0.0,0.3831,-3.1775,-2.7944,0.0,16.365,13.738,24.746,0.00338,0.0,0.0,0.0,0.0,0.0,0.0,0.0,-99999.0,23.039,22.768,13.206,-99999.0,50
2016-11-06 22:46:00,0.0,0.3155,-3.155,-2.8395,0.0,16.339,13.738,24.746,0.0039399999999999,0.0,0.0,0.0,0.0,0.0,0.0,0.0,-99999.0,22.981,22.68,13.201,-99999.0,50
2016-11-06 22:47:00,0.0,0.40564,-2.862,-2.4564,0.0,16.245,13.739,24.746,0.00352,0.0,0.0,0.0,0.0,0.0,0.0,0.0,-99999.0,22.974,22.655,13.175,-99999.0,50
2016-11-06 22:48:00,0.0,0.20282,-3.2226,-3.0198,0.0,16.185,13.738,24.746,0.00338,0.0,0.0,0.0,0.0,0.0,0.0,0.0,-99999.0,23.044,22.736,13.056,-99999.0,50
2016-11-06 22:49:00,0.0,0.27043,-3.4254,-3.155,0.0,16.148,13.737,24.745,0.00366,0.0,0.0,0.0,0.0,0.0,0.0,0.0,-99999.0,23.174,22.897,13.005,-99999.0,50
2016-11-06 22:50:00,0.0,0.3605599999999999,-3.0198,-2.6592,0.0,16.18,13.738,24.734,0.0039399999999999,0.0,0.0,0.0,0.0,0.0,0.0,0.0,-99999.0,23.271,23.047,12.97,-99999.0,50
2016-11-06 22:51:00,0.0,0.20282,-3.3578,-3.155,0.0,16.236,13.737,24.732,0.00338,0.0,0.0,-0.0021199999999999,0.0,0.0,0.0,0.0,-99999.0,23.313,23.144,12.898,-99999.0,50
2016-11-06 22:52:00,0.0,0.3831,-2.9297,-2.5465,0.0,16.216,13.739,24.732,0.00338,0.0,0.0,0.0,0.0,0.0,0.0,0.0,-99999.0,23.288,23.113,12.871,-99999.0,50
2016-11-06 22:53:00,0.0,0.3605599999999999,-3.0874,-2.7268,0.0,16.304,13.739,24.732,0.00408,0.0,0.0,0.0021199999999999,0.0,0.0,0.0,0.0,-99999.0,23.24,23.031,12.85,-99999.0,50
2016-11-06 22:54:00,0.0,0.42818,-2.9297,-2.5015,0.0,16.294,13.739,24.732,0.00408,0.0,0.0,0.0,0.0,0.0,0.0,0.0,-99999.0,23.168,22.942,12.747,-99999.0,50
2016-11-06 22:55:00,0.0,0.27043,-3.1099,-2.8395,0.0,16.148,13.739,24.732,0.00366,0.0,0.0,0.0,0.0,0.0,0.0,0.0,-99999.0,23.116,22.911,12.6,-99999.0,50
2016-11-06 22:56:00,0.0,0.33803,-2.8621,-2.524,0.0,15.982,13.739,24.732,0.00423,0.0,0.0,0.0021199999999999,0.0,0.0,0.0,0.0,25.347,23.115,22.96,12.541,-99999.0,50
2016-11-06 22:57:00,0.0,0.45071,-2.817,-2.3663,0.0,15.996,13.739,24.732,0.0038,0.0,0.0,0.00423,0.0,0.0,0.0,0.0,13.797,23.128,23.013,12.612,-99999.0,50
2016-11-06 22:58:00,0.0,0.36057,-3.3127,-2.9522,0.0,16.055,13.739,24.732,0.0038,0.0,0.0,0.0021199999999999,0.0,0.0,0.0,0.0,-99999.0,23.119,23.021,12.659,-99999.0,50
2016-11-06 22:59:00,0.0,0.49578,-2.8395,-2.3437,0.0,16.18,13.739,24.732,0.00352,0.0,0.0,0.0,0.0,0.0,0.0,0.0,-99999.0,23.092,23.007,12.621,-99999.0,50
2016-11-06 23:00:00,0.0,0.36057,-2.862,-2.5015,0.0,16.125,13.738,24.732,0.00352,0.0,0.0,0.0,0.0,0.0,0.0,0.0,-99999.0,23.084,23.02,12.47,-99999.0,50
2016-11-06 23:01:00,0.0,0.22536,-3.2226,-2.9972,0.0,15.96,13.739,24.732,0.00338,0.0,0.0,0.0,0.0,0.0,0.0,0.0,-99999.0,23.127,23.084,12.348,-99999.0,50
2016-11-06 23:02:00,0.0,0.36057,-2.9297,-2.5691,0.0,15.821,13.739,24.732,0.00352,0.0,0.0,0.0,0.0,0.0,0.0,0.0,-99999.0,23.184,23.153,12.298,-99999.0,50
2016-11-06 23:03:00,0.0,0.51832,-2.7494,-2.231,0.0,15.909,13.739,24.732,0.00408,0.0,0.0,0.0,0.0,0.0,0.0,0.0,4.6164,23.186,23.123,12.349,-99999.0,50
2016-11-06 23:04:00,0.0,0.3831,-3.0649,-2.6818,0.0,15.907,13.738,24.732,0.0038,0.0,0.0,-0.0021199999999999,0.0,0.0,0.0,0.0,-99999.0,23.139,23.015,12.36,-99999.0,50
2016-11-06 23:05:00,0.0,0.47325,-2.7719,-2.2986,0.0,15.83,13.739,24.732,0.0038,0.0,0.0,0.0021199999999999,0.0,0.0,0.0,0.0,-2.2052,23.107,22.932,12.353,-99999.0,50
2016-11-06 23:06:00,0.0,0.33803,-3.0198,-2.6818,0.0,15.75,13.739,24.732,0.00366,0.0,0.0,0.0,0.0,0.0,0.0,0.0,-99999.0,23.134,22.963,12.378,-99999.0,50
2016-11-06 23:07:00,0.0,0.29297,-3.3127,-3.0198,0.0,15.743,13.739,24.73,0.00366,0.0,0.0,0.0,0.0,0.0,0.0,0.0,-99999.0,23.172,23.04,12.406,-99999.0,50
2016-11-06 23:08:00,0.0,0.36057,-2.8621,-2.5015,0.0,15.892,13.739,24.729,0.00338,0.0,0.0,0.0,0.0,0.0,0.0,0.0,-99999.0,23.192,23.106,12.506,-99999.0,50
2016-11-06 23:09:00,0.0,0.22536,-3.2001,-2.9747,0.0,15.967,13.739,24.726,0.0039399999999999,0.0,0.0,0.0021199999999999,0.0,0.0,0.0,0.0,-99999.0,23.215,23.128,12.623,-99999.0,50
2016-11-06 23:10:00,0.0,0.42818,-3.0874,-2.6592,0.0,16.042,13.739,24.723,0.00366,0.0,0.0,-0.0021199999999999,0.0,0.0,0.0,0.0,-99999.0,23.213,23.071,12.637,-99999.0,50
2016-11-06 23:11:00,0.0,0.3831,-2.9297,-2.5466,0.0,15.982,13.739,24.719,0.00366,0.0,0.0,0.0,0.0,0.0,0.0,0.0,-99999.0,23.177,23.01,12.517,-99999.0,50
2016-11-06 23:12:00,0.0,0.45071,-2.8621,-2.4113,0.0,15.997,13.739,24.719,0.00423,0.0,0.0,0.0,0.0,0.0,0.0,0.0,-0.81771,23.135,22.965,12.601,-99999.0,50
2016-11-06 23:13:00,0.0,0.40564,-3.0874,-2.6818,0.0,16.013,13.739,24.719,0.00366,0.0,0.0,0.0,0.0,0.0,0.0,0.0,-99999.0,23.062,22.881,12.641,-99999.0,50
2016-11-06 23:14:00,0.0,0.3831,-3.1325,-2.7494,0.0,15.952,13.739,24.718,0.00352,0.0,0.0,0.0021199999999999,0.0,0.0,0.0,0.0,-99999.0,23.019,22.789,12.601,-99999.0,50
2016-11-06 23:15:00,0.0,0.33803,-3.1099,-2.7719,0.0,15.865,13.739,24.718,0.00352,0.0,0.0,0.0,0.0,0.0,0.0,0.0,-99999.0,23.007,22.775,12.535,-99999.0,50
2016-11-06 23:16:00,0.0,0.45071,-2.8621,-2.4113,0.0,15.879,13.74,24.718,0.0043699999999999,0.0,0.0,0.0,0.0,0.0,0.0,0.0,-99999.0,23.054,22.848,12.539,-99999.0,50
2016-11-06 23:17:00,0.0,0.24789,-3.3127,-3.0649,0.0,15.904,13.738,24.718,0.00352,0.0,0.0,-0.00423,0.0,0.0,0.0,0.0,-99999.0,23.17,22.996,12.579,-99999.0,50
2016-11-06 23:18:00,0.0,0.29297,-2.9522,-2.6592,0.0,16.016,13.738,24.718,0.00338,0.0,0.0,-0.0021199999999999,0.0,0.0,0.0,0.0,-99999.0,23.283,23.15,12.64,-99999.0,50
2016-11-06 23:19:00,0.0,0.24789,-3.3578,-3.1099,0.0,15.991,13.738,24.718,0.00338,0.0,0.0,0.0,0.0,0.0,0.0,0.0,-99999.0,23.332,23.247,12.623,-99999.0,50
2016-11-06 23:20:00,0.0,0.24789,-3.1776,-2.9297,0.0,15.905,13.739,24.718,0.00366,0.0,0.0,0.0021199999999999,0.0,0.0,0.0,0.0,-99999.0,23.335,23.227,12.557,-99999.0,50
2016-11-06 23:21:00,0.0,0.29296,-3.2452,-2.9522,0.0,15.844,13.739,24.718,0.00352,0.0,0.0,0.0,0.0,0.0,0.0,0.0,-99999.0,23.303,23.135,12.524,-99999.0,50
2016-11-06 23:22:00,0.0,0.40564,-2.8846,-2.4789,0.0,15.84,13.74,24.718,0.0039399999999999,0.0,0.0,0.0,0.0,0.0,0.0,0.0,-99999.0,23.218,23.024,12.589,-99999.0,50
2016-11-06 23:23:00,0.0,0.36057,-3.1325,-2.7719,0.0,15.905,13.739,24.718,0.00352,0.0,0.0,0.0,0.0,0.0,0.0,0.0,-99999.0,23.128,22.908,12.54,-99999.0,50
2016-11-06 23:24:00,0.0,0.3155,-3.155,-2.8395,0.0,15.912,13.739,24.718,0.00352,0.0,0.0,0.0021199999999999,0.0,0.0,0.0,0.0,-99999.0,23.101,22.879,12.552,-99999.0,50
2016-11-06 23:25:00,0.0,0.33803,-3.2001,-2.862,0.0,15.882,13.738,24.718,0.00352,0.0,0.0,0.0,0.0,0.0,0.0,0.0,-99999.0,23.105,22.902,12.538,-99999.0,50
2016-11-06 23:26:00,0.0,0.33803,-3.2001,-2.8621,0.0,15.828,13.739,24.718,0.00366,0.0,0.0,0.0,0.0,0.0,0.0,0.0,-99999.0,23.132,22.975,12.58,-99999.0,50
2016-11-06 23:27:00,0.0,0.40564,-3.0649,-2.6592,0.0,15.894,13.739,24.718,0.0038,0.0,0.0,0.0021199999999999,0.0,0.0,0.0,0.0,-99999.0,23.17,23.029,12.684,-99999.0,50
2016-11-06 23:28:00,0.0,0.40564,-3.1776,-2.7719,0.0,15.88,13.739,24.718,0.00366,0.0,0.0,0.0,0.0,0.0,0.0,0.0,-99999.0,23.198,23.044,12.683,-99999.0,50
2016-11-06 23:29:00,0.0,0.3831,-3.0423,-2.6592,0.0,15.901,13.739,24.718,0.0038,0.0,0.0,-0.0021199999999999,0.0,0.0,0.0,0.0,-99999.0,23.209,23.03,12.648,-99999.0,50
2016-11-06 23:30:00,0.0,0.3831,-3.0874,-2.7043,0.0,15.923,13.739,24.718,0.00366,0.0,0.0,0.0,0.0,0.0,0.0,0.0,-99999.0,23.191,23.003,12.632,-99999.0,50
2016-11-06 23:31:00,0.0,0.36057,-3.0423,-2.6817,0.0,16.066,13.739,24.718,0.00366,0.0,0.0,0.0,0.0,0.0,0.0,0.0,-99999.0,23.145,22.945,12.762,-99999.0,50
2016-11-06 23:32:00,0.0,0.33803,-3.2902,-2.9522,0.0,16.075,13.739,24.719,0.00352,0.0,0.0,0.0021199999999999,0.0,0.0,0.0,0.0,-99999.0,23.078,22.865,12.797,-99999.0,50
2016-11-06 23:33:00,0.0,0.33803,-3.0874,-2.7494,0.0,16.082,13.738,24.718,0.00366,0.0,0.0,0.0,0.0,0.0,0.0,0.0,-99999.0,23.035,22.795,12.781,-99999.0,50
2016-11-06 23:34:00,0.0,0.3831,-3.0874,-2.7043,0.0,16.071,13.739,24.718,0.00338,0.0,0.0,0.0021199999999999,0.0,0.0,0.0,0.0,-99999.0,23.02,22.794,12.742,-99999.0,50
2016-11-06 23:35:00,0.0,0.33803,-3.0649,-2.7268,0.0,16.146,13.739,24.718,0.00352,0.0,0.0,0.0,0.0,0.0,0.0,0.0,-99999.0,23.028,22.848,12.791,-99999.0,50
2016-11-06 23:36:00,0.0,0.33803,-3.1099,-2.7719,0.0,16.303,13.74,24.718,0.00352,0.0,0.0,0.0,0.0,0.0,0.0,0.0,-99999.0,23.02,22.884,12.894,-99999.0,50
2016-11-06 23:37:00,0.0,0.33803,-3.0649,-2.7268,0.0,16.244,13.739,24.711,0.00338,0.0,0.0,0.0,0.0,0.0,0.0,0.0,-99999.0,23.038,22.897,12.767,-99999.0,50
2016-11-06 23:38:00,0.0,0.3831,-3.1325,-2.7494,0.0,16.153,13.739,24.714,0.00366,0.0,0.0,0.0021199999999999,0.0,0.0,0.0,0.0,-99999.0,23.137,22.983,12.742,-99999.0,50
2016-11-06 23:39:00,0.0,0.22536,-3.2452,-3.0198,0.0,16.054,13.739,24.711,0.00352,0.0,0.0,0.0,0.0,0.0,0.0,0.0,-99999.0,23.238,23.113,12.665,-99999.0,50
2016-11-06 23:40:00,0.0,0.3831,-3.1099,-2.7268,0.0,15.943,13.74,24.709,0.00366,0.0,0.0,0.0,0.0,0.0,0.0,0.0,-99999.0,23.286,23.179,12.579,-99999.0,50
2016-11-06 23:41:00,0.0,0.3155,-3.1776,-2.8621,0.0,15.829,13.74,24.709,0.00352,0.0,0.0,0.0,0.0,0.0,0.0,0.0,-99999.0,23.285,23.193,12.552,-99999.0,50
2016-11-06 23:42:00,0.0,0.3155,-3.2226,-2.9071,0.0,15.8,13.739,24.712,0.00352,0.0,0.0,0.0,0.0,0.0,0.0,0.0,-99999.0,23.247,23.123,12.523,-99999.0,50
2016-11-06 23:43:00,0.0,0.36057,-3.1776,-2.817,0.0,15.824,13.739,24.716,0.00366,0.0,0.0,0.00423,0.0,0.0,0.0,0.0,-99999.0,23.204,23.057,12.531,-99999.0,50
2016-11-06 23:44:00,0.0,0.20282,-3.1776,-2.9747,0.0,15.894,13.739,24.712,0.00366,0.0,0.0,-0.0021199999999999,0.0,0.0,0.0,0.0,-99999.0,23.198,23.066,12.579,-99999.0,50
2016-11-06 23:45:00,0.0,0.29296,-3.2902,-2.9973,0.0,15.876,13.739,24.712,0.0038,0.0,0.0,-0.0021199999999999,0.0,0.0,0.0,0.0,-99999.0,23.194,23.089,12.545,-99999.0,50
2016-11-06 23:46:00,0.0,0.36057,-3.0198,-2.6592,0.0,15.934,13.738,24.711,0.00366,0.0,0.0,0.0,0.0,0.0,0.0,0.0,-99999.0,23.172,23.088,12.498,-99999.0,50
2016-11-06 23:47:00,0.0,0.40564,-3.0423,-2.6367,0.0,15.82,13.739,24.716,0.00451,0.0,0.0,0.0,0.0,0.0,0.0,0.0,-99999.0,23.165,23.083,12.421,-99999.0,50
2016-11-06 23:48:00,0.0,0.22536,-3.1325,-2.9071,0.0,15.904,13.738,24.716,0.00338,0.0,0.0,0.0,0.0,0.0,0.0,0.0,-99999.0,23.144,23.013,12.506,-99999.0,50
2016-11-06 23:49:00,0.0,0.47325,-2.8846,-2.4113,0.0,16.037,13.739,24.718,0.00352,0.0,0.0,0.0,0.0,0.0,0.0,0.0,1.5972,23.133,22.931,12.468,-99999.0,50
2016-11-06 23:50:00,0.0,0.20282,-3.2902,-3.0874,0.0,15.977,13.738,24.718,0.0038,0.0,0.0,0.0,0.0,0.0,0.0,0.0,-99999.0,23.095,22.853,12.501,-99999.0,50
2016-11-06 23:51:00,0.0,0.47325,-2.8395,-2.3663,0.0,15.861,13.74,24.718,0.00338,0.0,0.0,0.0,0.0,0.0,0.0,0.0,-99999.0,23.049,22.781,12.455,-99999.0,50
2016-11-06 23:52:00,0.0,0.33803,-2.9747,-2.6367,0.0,15.798,13.739,24.718,0.00366,0.0,0.0,0.0,0.0,0.0,0.0,0.0,-99999.0,23.028,22.768,12.381,-99999.0,50
2016-11-06 23:53:00,0.0,0.42818,-3.0874,-2.6592,0.0,15.915,13.739,24.718,0.00352,0.0,0.0,0.0,0.0,0.0,0.0,0.0,-99999.0,23.019,22.787,12.373,-99999.0,50
2016-11-06 23:54:00,0.0,0.3155,-3.2677,-2.9522,0.0,15.934,13.74,24.718,0.0039399999999999,0.0,0.0,0.0,0.0,0.0,0.0,0.0,-99999.0,23.007,22.794,12.333,-99999.0,50
2016-11-06 23:55:00,0.0,0.24789,-3.3803,-3.1325,0.0,15.824,13.74,24.718,0.00423,0.0,0.0,0.0,0.0,0.0,0.0,0.0,-99999.0,23.02,22.847,12.269,-99999.0,50
2016-11-06 23:56:00,0.0,0.18029,-3.4479,-3.2677,0.0,15.845,13.738,24.718,0.00338,0.0,0.0,0.0,0.0,0.0,0.0,0.0,-99999.0,23.043,22.908,12.292,-99999.0,50
2016-11-06 23:57:00,0.0,0.33803,-3.3127,-2.9747,0.0,15.805,13.739,24.718,0.00408,0.0,0.0,0.0021199999999999,0.0,0.0,0.0,0.0,-99999.0,23.049,22.929,12.244,-99999.0,50
2016-11-06 23:58:00,0.0,0.18029,-3.4705,-3.2902,0.0,15.792,13.739,24.718,0.00338,0.0,0.0,0.0,0.0,0.0,0.0,0.0,-99999.0,23.058,22.94,12.158,-99999.0,50
2016-11-06 23:59:00,0.0,0.29297,-3.5155,-3.2226,0.0,15.776,13.74,24.717,0.00338,0.0,0.0,0.0021199999999999,0.0,0.0,0.0,0.0,-99999.0,23.069,22.967,12.207,-99999.0,50
