measured_on,ac_current__319,ac_power__315,ac_voltage__318,ambient_temp__320,das_battery_voltage__326,das_temp__325,dc_pos_current__317,dc_pos_voltage__316,dc_power__314,inverter_temp__324,module_temp_1__321,module_temp_2__322,module_temp_3__323,poa_irradiance__313,power_factor__327,system_id
2011-12-14 00:00:00,0.1860999999999999,3.4234,121.6519,0.2520999999999999,13.8491,-0.9881,-0.0032,2.2586,-0.0067999999999999,-0.3978999999999999,-1.442,-1.8911,-1.5504,-2.2603,0.1249,4
2011-12-14 00:01:00,0.1850999999999999,3.4018,121.6178,0.2546999999999999,13.8487,-0.9694,-0.0077999999999999,2.2187,-0.0188,-0.3851,-1.4385,-1.879,-1.5701,-2.2008,0.1257,4
2011-12-14 00:02:00,0.1859,3.2942,121.5587,0.2431,13.8491,-0.9506,-0.0018,2.1959,-0.0044,-0.3778,-1.4341,-1.8644,-1.5476,-2.1413,0.126,4
2011-12-14 00:03:00,0.1850999999999999,3.3588,121.6194,0.2888999999999999,13.8486,-0.9468,-0.0051999999999999,2.213,-0.0102,-0.3755,-1.4506,-1.8592,-1.5511,-2.3198,0.1252999999999999,4
2011-12-14 00:04:00,0.1865999999999999,3.3588,121.6766,0.4667,13.8482,-0.935,-0.0054999999999999,2.1845,-0.0131,-0.3521,-1.3701,-1.8068,-1.4778,-2.4387,0.1254,4
2011-12-14 00:05:00,0.1857,3.2727,121.7199,0.5231,13.8486,-0.9228,-0.0057,2.2643,-0.0086,-0.3311999999999999,-1.3144,-1.7454,-1.4257,-2.1413,0.1259,4
2011-12-14 00:06:00,0.1852999999999999,3.2511,121.7115,0.6035,13.8463,-0.9039,-0.0043,2.2357,-0.0122,-0.2908,-1.2537,-1.6737,-1.3961,-2.2008,0.1252,4
2011-12-14 00:07:00,0.1845999999999999,3.3371,121.704,0.439,13.8459,-0.8988,-0.0094,2.1216,-0.0183,-0.3095,-1.3447,-1.8017,-1.5001,-2.1413,0.1255999999999999,4
2011-12-14 00:08:00,0.1860999999999999,3.3802,121.7061,0.2129,13.845,-0.8836,-0.0082,2.3725,-0.0190999999999999,-0.3302999999999999,-1.422,-1.8747,-1.5789,-2.1413,0.1250999999999999,4
2011-12-14 00:09:00,0.1855,3.3156,121.5654,0.2250999999999999,13.844,-0.8648,-0.0067999999999999,2.1216,-0.0146,-0.3245,-1.4255,-1.8515,-1.5773,-2.2008,0.125,4
2011-12-14 00:10:00,0.1850999999999999,3.3156,121.5113,0.1991,13.8436,-0.8609999999999999,-0.0067999999999999,2.076,-0.0141,-0.3337,-1.5107,-1.9563,-1.6878,-2.2008,0.1252,4
2011-12-14 00:11:00,0.1855,3.3587,121.5477,0.1119,13.844,-0.8424,-0.0057,2.2414,-0.0164,-0.3474999999999999,-1.5462,-1.9383,-1.6829,-2.3198,0.1258,4
2011-12-14 00:12:00,0.1855,3.2296,121.529,0.2008,13.8436,-0.8389999999999999,-0.0037,2.0703,-0.007,-0.3492,-1.5298,-1.9132,-1.6484,-2.3198,0.1255,4
2011-12-14 00:13:00,0.1850999999999999,3.4018,121.4969,0.3701999999999999,13.8436,-0.8254,-0.0135,2.4354,-0.0335999999999999,-0.3247999999999999,-1.4533,-1.8301,-1.5343,-2.3198,0.1254,4
2011-12-14 00:14:00,0.1852999999999999,3.4019,121.5037,0.6361,13.8436,-0.8203,-0.0067999999999999,1.9335,-0.0152,-0.2801,-1.295,-1.6709,-1.3564,-2.1413,0.1252999999999999,4
2011-12-14 00:15:00,0.1857,3.3803,121.4935,0.6814,13.8436,-0.809,-0.0016,1.9221,-0.0032,-0.2492999999999999,-1.2216,-1.6495,-1.3234,-2.0224,0.1252,4
2011-12-14 00:16:00,0.1847999999999999,3.4665,121.4642,0.4914999999999999,13.8436,-0.791,-0.0086999999999999,2.424,-0.0207999999999999,-0.2427999999999999,-1.2143,-1.6791,-1.3307,-1.8439,0.1252,4
2011-12-14 00:17:00,0.1859,3.2727,121.4365,0.4542999999999999,13.8436,-0.7773999999999999,-0.0088999999999999,2.4696,-0.0238,-0.2336,-1.1754,-1.6345,-1.2781,-2.1413,0.1252,4
2011-12-14 00:18:00,0.1845999999999999,3.4449,121.4834,0.5449,13.8436,-0.7641999999999999,-0.0051999999999999,2.2757,-0.014,-0.2175999999999999,-1.1016,-1.5395,-1.1825,-2.0818,0.1257,4
2011-12-14 00:19:00,0.1860999999999999,3.3157,121.5265,0.6293999999999998,13.8436,-0.7462999999999999,-0.0061999999999999,2.3213,-0.0137,-0.1925,-1.0208,-1.4695,-1.0894,-1.7844,0.1255999999999999,4
2011-12-14 00:20:00,0.1857,3.3157,121.504,0.7064,13.8436,-0.7345,-0.0082,2.27,-0.0191999999999999,-0.1655,-0.9483,-1.4201,-1.04,-1.5465,0.1252999999999999,4
2011-12-14 00:21:00,0.1859,3.3803,121.5504,0.6257,13.8436,-0.7232,-0.01,2.367,-0.0245,-0.1557,-0.9327,-1.4225,-1.0395,-1.8439,0.1254,4
2011-12-14 00:22:00,0.1844,3.4019,121.5499,0.5244999999999999,13.8436,-0.7085,-0.0037,2.4754,-0.0083999999999999,-0.1489,-0.936,-1.4229,-1.0089,-1.487,0.1252999999999999,4
2011-12-14 00:23:00,0.1857,3.3804,121.5536,0.6202999999999999,13.8436,-0.6915999999999999,-0.0051999999999999,2.1845,-0.0115999999999999,-0.1226,-0.8808,-1.3879,-0.945,-1.6655,0.1255,4
2011-12-14 00:24:00,0.1857,3.3804,121.5732,0.5485999999999999,13.8436,-0.6712,-0.0033999999999999,2.2472,-0.0058999999999999,-0.1218,-0.8828,-1.3755,-0.9586,-1.725,0.1247999999999999,4
2011-12-14 00:25:00,0.1867999999999999,3.3374,121.5068,0.5957,13.8436,-0.6523999999999999,-0.0045999999999999,2.2872,-0.0119,-0.1051,-0.8618,-1.3653,-0.9485,-1.8439,0.1247,4
2011-12-14 00:26:00,0.1862,3.3158,121.5365,0.4330999999999999,13.8431,-0.6469,-0.0045999999999999,2.1503,-0.0118,-0.1133,-0.9127,-1.4119,-0.9979,-1.7844,0.1252,4
2011-12-14 00:27:00,0.1852999999999999,3.3589,121.5025,0.2328,13.8431,-0.6282999999999999,-0.0011,2.2073,-0.0027,-0.13,-0.9771,-1.4496,-1.0623,-1.725,0.1257,4
2011-12-14 00:28:00,0.1852999999999999,3.3588,121.4783,0.3479999999999999,13.8436,-0.6095,-0.0061999999999999,2.424,-0.0155,-0.13,-0.9719,-1.4061,-1.0247,-1.8439,0.1247999999999999,4
2011-12-14 00:29:00,0.1852999999999999,3.3157,121.5317,0.5822,13.8431,-0.6057,-0.0067999999999999,2.1502,-0.0148,-0.1125,-0.9321,-1.3605,-1.005,-1.725,0.1255999999999999,4
2011-12-14 00:30:00,0.1852999999999999,3.3372,121.5286,0.5532,13.8426,-0.5854,-0.0074999999999999,2.2928,-0.0148,-0.1066,-0.9962,-1.4659,-1.0793,-1.9034,0.1257,4
2011-12-14 00:31:00,0.1855,3.2941,121.548,0.4996999999999999,13.8426,-0.5722,-0.0033999999999999,2.5323,-0.0053,-0.1172,-1.0263,-1.457,-1.1029,-1.9034,0.1249,4
2011-12-14 00:32:00,0.1860999999999999,3.4233,121.5298,0.3431,13.8403,-0.5627999999999999,-0.0066,2.3726,-0.0171,-0.1287,-1.0732,-1.4895,-1.1852,-1.9629,0.1252,4
2011-12-14 00:33:00,0.1855,3.3801,121.5383,0.4067,13.8403,-0.5543,-0.0082,2.3782,-0.0193,-0.1310999999999999,-1.059,-1.4441,-1.1428,-2.0224,0.1255999999999999,4
2011-12-14 00:34:00,0.1852999999999999,3.3585,121.541,0.4591,13.8403,-0.5423999999999999,-0.0077999999999999,2.247,-0.0175,-0.1213999999999999,-1.037,-1.4424,-1.1215,-1.8439,0.1254,4
2011-12-14 00:35:00,0.1850999999999999,3.3155,121.5622,0.3925,13.8399,-0.5272,-0.0067999999999999,2.3839,-0.0155999999999999,-0.127,-1.0304,-1.4575,-1.0911,-1.9034,0.1252,4
2011-12-14 00:36:00,0.1857,3.251,121.5685,0.2606,13.8403,-0.5221,-0.0061999999999999,2.2642,-0.0112,-0.1443,-1.0542,-1.461,-1.1098,-1.9629,0.1252,4
2011-12-14 00:37:00,0.1857,3.337,121.5576,0.2253999999999999,13.839,-0.5013999999999998,-0.0005,2.2698,-0.0041999999999999,-0.1444999999999999,-1.0602,-1.4323,-1.1035,-1.9034,0.1249,4
2011-12-14 00:38:00,0.1855,3.2939,121.5579,0.2601,13.839,-0.4978,-0.0002,2.3553,-0.0005,-0.1517999999999999,-1.0378,-1.3948,-1.0638,-1.9629,0.1260999999999999,4
2011-12-14 00:39:00,0.185,3.38,121.5441,0.6859,13.8394,-0.4792,-0.0073,2.207,-0.0172,-0.0971,-0.8782999999999999,-1.2062,-0.8386,-1.606,0.1242999999999999,4
2011-12-14 00:40:00,0.1855,3.4015,121.5782,1.048,13.8385,-0.4792,-0.0077999999999999,2.1728,-0.0184999999999999,-0.0258,-0.7304,-1.1434,-0.7432999999999998,-1.606,0.1252,4
2011-12-14 00:41:00,0.185,3.4229,121.5507,0.9315,13.838,-0.4566,-0.0045999999999999,2.4522,-0.0086,0.0206,-0.6529,-1.0947,-0.6744999999999999,-1.5465,0.1257,4
2011-12-14 00:42:00,0.1855,3.3153,121.4593,0.786,13.838,-0.4413,-0.0047999999999999,2.0074,-0.0103,0.0359,-0.6462999999999999,-1.1011,-0.6917999999999999,-1.4275,0.1255999999999999,4
2011-12-14 00:43:00,0.1860999999999999,3.3153,121.5523,0.4953,13.838,-0.4329,-0.0073,2.3153,-0.017,0.0263,-0.6963,-1.1627,-0.7699,-1.487,0.1252,4
2011-12-14 00:44:00,0.1852999999999999,3.3153,121.5524,0.338,13.8376,-0.4139999999999999,-0.0047999999999999,2.4636,-0.0131,0.0155999999999999,-0.7215,-1.1511,-0.7813999999999999,-1.4275,0.1252999999999999,4
2011-12-14 00:45:00,0.1852999999999999,3.3799,121.5324,0.374,13.8376,-0.3932999999999999,-0.0035999999999999,2.2127,-0.0061999999999999,0.0088999999999999,-0.7310999999999999,-1.1484,-0.8155,-1.4275,0.1260999999999999,4
2011-12-14 00:46:00,0.1855,3.3799,121.5424,0.2558,13.838,-0.3932999999999999,-0.0061999999999999,2.2526,-0.0134,-0.0199,-0.8343,-1.2373,-0.931,-1.6655,0.126,4
2011-12-14 00:47:00,0.1857,3.2722,121.5492,0.2469,13.8371,-0.3746999999999999,-0.0032,2.2924,-0.0083,-0.0264999999999999,-0.8878,-1.2518,-0.9846,-1.487,0.1254,4
2011-12-14 00:48:00,0.1855,3.4228,121.6144,0.3211999999999999,13.8371,-0.3691999999999999,-0.0016,2.2411,-0.0041999999999999,-0.047,-0.9156,-1.2897,-0.9935,-1.606,0.1254,4
2011-12-14 00:49:00,0.1852999999999999,3.3583,121.6069,0.4022999999999999,13.8367,-0.3503999999999999,-0.0047999999999999,2.435,-0.0109999999999999,-0.0405,-0.9249,-1.2766,-1.0028,-1.9034,0.1252999999999999,4
2011-12-14 00:50:00,0.1852999999999999,3.3583,121.6498,0.6047,13.8348,-0.3487,-0.0047999999999999,2.2297,-0.0092999999999999,-0.0214999999999999,-0.8689999999999999,-1.2157,-0.9275,-1.9034,0.1260999999999999,4
2011-12-14 00:51:00,0.1857,3.3368,121.601,0.5667999999999999,13.8353,-0.3301,-0.0023,2.2925,-0.0043,0.0001,-0.8690999999999999,-1.2678,-0.9745,-1.7844,0.1255999999999999,4
2011-12-14 00:52:00,0.1852999999999999,3.2937,121.554,0.3892999999999999,13.8344,-0.3206999999999999,-0.0095999999999999,2.2811,-0.0222,-0.0214999999999999,-0.9608,-1.3502,-1.0698,-1.5465,0.1246,4
2011-12-14 00:53:00,0.1855,3.3152,121.5736,0.4314,13.8344,-0.3075,-0.0073,2.3666,-0.0172999999999999,-0.0264,-0.9548,-1.3008,-1.0415,-2.0224,0.1255999999999999,4
2011-12-14 00:54:00,0.1852,3.3582,121.6323,0.7008999999999999,13.8335,-0.3075,-0.0023,2.5662,-0.005,0.001,-0.8478999999999999,-1.1968,-0.9108,-2.0224,0.1252999999999999,4
2011-12-14 00:55:00,0.1852999999999999,3.2506,121.6264,0.938,13.8335,-0.3007,-0.0074999999999999,2.4407,-0.0188,0.0475,-0.7177,-1.0788,-0.7703999999999999,-1.7844,0.1252999999999999,4
2011-12-14 00:56:00,0.1855,3.2937,121.632,1.0608,13.8335,-0.2872,-0.0058999999999999,2.2354,-0.0097,0.1028,-0.5929999999999999,-1.0002,-0.6623,-1.725,0.1258,4
2011-12-14 00:57:00,0.1855,3.3367,121.6148,1.0652,13.8335,-0.2667999999999999,-0.0064,2.2867,-0.0143,0.157,-0.5207,-0.9523,-0.6050999999999999,-1.606,0.1255999999999999,4
2011-12-14 00:58:00,0.1852,3.3366,121.5897,0.8949,13.8325,-0.2611999999999999,-0.0041,2.338,-0.0103,0.1683999999999999,-0.5482,-0.9886,-0.6636999999999998,-1.5465,0.1257,4
2011-12-14 00:59:00,0.1847999999999999,3.3796,121.5474,0.8447,13.8325,-0.2424999999999999,-0.0088999999999999,2.3209,-0.0214999999999999,0.1754999999999999,-0.5967,-1.0038,-0.7165,-1.5465,0.125,4
2011-12-14 01:00:00,0.1855,3.3581,121.5756,0.6271999999999999,13.8325,-0.2238999999999999,-0.005,2.4064,-0.0125,0.166,-0.7022,-1.121,-0.8343,-1.4275,0.1258,4
2011-12-14 01:01:00,0.1852,3.315,121.5472,0.6855999999999999,13.8325,-0.222,-0.0033999999999999,2.2809,-0.0067999999999999,0.1620999999999999,-0.7016999999999999,-1.0685,-0.8064,-1.7844,0.1249,4
2011-12-14 01:02:00,0.1857,3.3365,121.5395,0.9076,13.8316,-0.2013,-0.0109,2.1269,-0.0229,0.2044999999999999,-0.6029999999999999,-0.9712,-0.7018999999999999,-1.725,0.1250999999999999,4
2011-12-14 01:03:00,0.1857,3.2719,121.5269,1.0177,13.8321,-0.1910999999999999,-0.0064,2.144,-0.0137,0.2341,-0.5415999999999999,-0.9357,-0.6505999999999998,-1.6655,0.1257,4
2011-12-14 01:04:00,0.1859,3.3796,121.51,1.0315,13.8316,-0.1809999999999999,-0.0041,2.3722,-0.0094,0.2579,-0.4817,-0.8843999999999999,-0.5611,-1.6655,0.1255999999999999,4
2011-12-14 01:05:00,0.1857,3.3366,121.5212,1.007,13.8312,-0.1584,-0.0016,2.4577,-0.0012999999999999,0.2833999999999999,-0.4532999999999999,-0.8891999999999999,-0.5636999999999999,-1.725,0.1259,4
2011-12-14 01:06:00,0.185,3.4443,121.5504,0.8691999999999999,13.8298,-0.1448,-0.0088999999999999,2.395,-0.0216,0.2775,-0.5132999999999999,-0.945,-0.6453999999999999,-1.6655,0.126,4
2011-12-14 01:07:00,0.1852,3.3151,121.551,1.0193,13.8284,-0.138,-0.0057,2.4406,-0.0126999999999999,0.2972,-0.4979,-0.8775,-0.5996,-1.8439,0.1254,4
2011-12-14 01:08:00,0.1857,3.3151,121.5593,0.9227,13.8289,-0.1194,-0.0067999999999999,2.5604,-0.0184,0.2957,-0.5593,-0.9816,-0.6855999999999999,-1.606,0.1252,4
2011-12-14 01:09:00,0.1855,3.3581,121.5641,0.8,13.8284,-0.1045,-0.0095999999999999,2.3209,-0.0218999999999999,0.2745,-0.6288,-1.0461,-0.7566,-1.725,0.1255,4
2011-12-14 01:10:00,0.185,3.3796,121.5762,0.7247,13.828,-0.0951,-0.0045999999999999,2.5489,-0.0115,0.2485999999999999,-0.7175,-1.132,-0.8446,-1.7844,0.1255999999999999,4
2011-12-14 01:11:00,0.1857,3.3365,121.5451,0.6756999999999999,13.8275,-0.0832999999999999,-0.0035999999999999,2.5033,-0.0088999999999999,0.2223,-0.7952,-1.1974,-0.9165,-2.0224,0.1258,4
2011-12-14 01:12:00,0.1855,3.4227,121.4963,0.5587999999999999,13.827,-0.0748,-0.0083999999999999,2.4463,-0.0161999999999999,0.1933,-0.921,-1.3306,-1.0611,-2.0818,0.1258,4
2011-12-14 01:13:00,0.185,3.4012,121.4212,0.3516,13.827,-0.056,-0.0045999999999999,2.3836,-0.0099,0.1623999999999999,-1.0314,-1.4237,-1.1787,-2.2603,0.1257,4
2011-12-14 01:14:00,0.1857,3.4012,121.4234,0.2916,13.827,-0.0522,-0.0014,2.3494,-0.0032,0.1194,-1.0984,-1.459,-1.2068,-2.3198,0.1254,4
2011-12-14 01:15:00,0.1860999999999999,3.3151,121.4064,0.3574999999999999,13.827,-0.0522,-0.0014,2.2411,-0.002,0.1005999999999999,-1.1353,-1.4728,-1.2545,-2.4982,0.1258,4
2011-12-14 01:16:00,0.1860999999999999,3.4228,121.4285,0.4900999999999999,13.8275,-0.0522,-0.008,2.3266,-0.0155999999999999,0.0890999999999999,-1.1128,-1.4467,-1.201,-2.4982,0.1259,4
2011-12-14 01:17:00,0.1862999999999999,3.2506,121.439,0.5886,13.827,-0.0522,-0.0051999999999999,2.167,-0.0124,0.0956,-1.0456,-1.4084,-1.1374,-2.3198,0.1255999999999999,4
2011-12-14 01:18:00,0.1852999999999999,3.3798,121.5394,0.5444,13.8275,-0.0522,-0.0112,2.5605,-0.0309,0.0796999999999999,-0.9879,-1.3657,-1.0572,-2.1413,0.1255999999999999,4
2011-12-14 01:19:00,0.1857,3.2937,121.5755,0.7096,13.828,-0.0318999999999999,-0.0091,2.3039,-0.0204,0.1073,-0.8729,-1.2102,-0.8649999999999999,-1.9034,0.1255,4
2011-12-14 01:20:00,0.1852999999999999,3.3798,121.5593,0.9558,13.828,-0.0318999999999999,-0.0067999999999999,2.435,-0.0195999999999999,0.1534,-0.7364,-1.0975,-0.7242,-2.0224,0.1247999999999999,4
2011-12-14 01:21:00,0.1855,3.3153,121.5647,0.938,13.828,-0.0302,-0.0045999999999999,2.321,-0.0109999999999999,0.1817,-0.6337,-1.0178,-0.6315,-1.8439,0.1255999999999999,4
2011-12-14 01:22:00,0.185,3.3368,121.5499,1.0919,13.8275,-0.0115,-0.0018,2.1214,-0.0051,0.2393,-0.4764999999999999,-0.8835,-0.4764999999999999,-2.0224,0.1257,4
2011-12-14 01:23:00,0.1857,3.3368,121.4852,1.2844,13.827,-0.0079,-0.0114,2.2982,-0.0253,0.2903999999999999,-0.3785,-0.8294,-0.4232,-1.4275,0.1252,4
2011-12-14 01:24:00,0.1857,3.3153,121.5353,1.2861,13.827,0.0277999999999999,0.0002,2.4636,-0.0011,0.3556,-0.3175,-0.7742,-0.394,-1.487,0.1244,4
2011-12-14 01:25:00,0.1852999999999999,3.4444,121.5594,0.8488,13.827,0.0408,-0.0016,2.4636,-0.0067,0.3418999999999999,-0.3874,-0.8442,-0.4941999999999999,-1.487,0.126,4
2011-12-14 01:26:00,0.1855,3.3367,121.5573,0.7721,13.827,0.0539999999999999,-0.0066,2.4578,-0.0162999999999999,0.3363999999999999,-0.4464,-0.8577,-0.5545999999999999,-1.5465,0.1250999999999999,4
2011-12-14 01:27:00,0.1852,3.4013,121.5542,0.5913,13.8266,0.0557,-0.0097999999999999,2.3665,-0.0228,0.3114,-0.5146,-0.926,-0.6481,-1.7249,0.1254,4
2011-12-14 01:28:00,0.1852,3.3582,121.5527,0.6671,13.8266,0.0743,-0.0071,2.4521,-0.0191999999999999,0.3155999999999999,-0.5025,-0.8661999999999999,-0.5918999999999999,-1.606,0.1255999999999999,4
2011-12-14 01:29:00,0.1867999999999999,3.272,121.4575,0.7955999999999999,13.8266,0.0819,-0.0064,2.5661,-0.0173999999999999,0.3246,-0.4596,-0.8268999999999999,-0.5332,-1.5465,0.1250999999999999,4
2011-12-14 01:30:00,0.1859,3.2935,121.4786,0.8692999999999999,13.8252,0.0969,0.0005,2.5033,0.0033999999999999,0.3397,-0.4300999999999999,-0.7792999999999999,-0.4798999999999999,-1.7844,0.1259,4
2011-12-14 01:31:00,0.1859,3.3796,121.445,0.9967,13.8261,0.0969,-0.0047999999999999,2.5831,-0.0108,0.3577,-0.3982999999999999,-0.7519,-0.4264999999999999,-1.6655,0.1257,4
2011-12-14 01:32:00,0.1852,3.4011,121.4785,1.0117,13.8243,0.1155999999999999,-0.0041,2.3835,-0.01,0.3841999999999999,-0.3415,-0.7296,-0.3992,-1.6655,0.1257,4
2011-12-14 01:33:00,0.1857,3.3151,121.535,1.0916,13.8229,0.1173,-0.0008999999999999,2.338,-0.0020999999999999,0.3988999999999999,-0.3044,-0.7119999999999999,-0.3570999999999999,-1.6655,0.1252,4
2011-12-14 01:34:00,0.185,3.2936,121.5359,1.2116,13.8229,0.1358999999999999,-0.0061999999999999,2.1897,-0.0151,0.4426999999999999,-0.2497,-0.6609,-0.3297999999999999,-1.606,0.1255,4
2011-12-14 01:35:00,0.1859,3.315,121.5138,0.8484,13.8229,0.1376,-0.0067999999999999,2.3265,-0.0155,0.4243,-0.3222999999999999,-0.748,-0.4174999999999999,-1.5465,0.1255999999999999,4
2011-12-14 01:36:00,0.1855,3.315,121.539,0.6587,13.822,0.1507999999999999,-0.0077999999999999,2.395,-0.0190999999999999,0.4007,-0.3523999999999999,-0.7225,-0.3912999999999999,-1.606,0.125,4
2011-12-14 01:37:00,0.1862999999999999,3.358,121.5513,0.8165999999999999,13.822,0.1602,-0.0083999999999999,2.4577,-0.0181,0.4114999999999999,-0.3392999999999999,-0.7469,-0.405,-1.606,0.126,4
2011-12-14 01:38:00,0.1857,3.2935,121.5357,0.7291999999999998,13.822,0.167,-0.0054999999999999,2.4462,-0.0102,0.3946,-0.3773,-0.7884999999999999,-0.4544,-1.606,0.1258,4
2011-12-14 01:39:00,0.1857,3.3366,121.5466,0.8246,13.822,0.1804999999999999,-0.0057,2.3037,-0.0132,0.3958999999999999,-0.3558,-0.7553999999999998,-0.3875,-1.487,0.1258,4
2011-12-14 01:40:00,0.1847999999999999,3.4012,121.489,0.8557,13.8215,0.1804999999999999,-0.0006999999999999,2.2581,0.0008999999999999,0.393,-0.3549999999999999,-0.7308999999999999,-0.3594,-1.606,0.1255,4
2011-12-14 01:41:00,0.1857,3.2935,121.5215,0.6211999999999999,13.8215,0.1937,-0.0047999999999999,2.4121,-0.0108,0.3765999999999999,-0.3916,-0.7775999999999998,-0.4240999999999999,-1.5465,0.1255,4
2011-12-14 01:42:00,0.1859,3.4226,121.5504,0.6132999999999998,13.8215,0.2031,-0.0066,2.4064,-0.0141,0.3665999999999999,-0.3958999999999999,-0.7500999999999999,-0.4153999999999999,-1.5465,0.1268,4
2011-12-14 01:43:00,0.1845999999999999,3.358,121.6036,0.7530999999999999,13.8215,0.2031,-0.008,2.4633,-0.0205,0.3709,-0.3649,-0.6982,-0.3655999999999999,-1.6655,0.1258,4
2011-12-14 01:44:00,0.1857,3.358,121.5717,0.8697,13.8215,0.2184,-0.0041,2.4063,-0.0074999999999999,0.3926999999999999,-0.3221999999999999,-0.6822,-0.3345,-1.606,0.1252,4
2011-12-14 01:45:00,0.1859,3.2506,121.5612,1.0137,13.8215,0.2233999999999999,-0.0066,2.2867,-0.0173999999999999,0.4149999999999999,-0.2695,-0.6474999999999999,-0.2796,-1.725,0.1257,4
2011-12-14 01:46:00,0.185,3.2936,121.5607,1.1462,13.8215,0.2233999999999999,-0.0038999999999999,2.2981,-0.0071,0.4345,-0.2097,-0.6114,-0.2283999999999999,-1.9629,0.1260999999999999,4
2011-12-14 01:47:00,0.1859,3.2505,121.5568,1.1071,13.8215,0.2329,-0.0066,2.3437,-0.0137,0.459,-0.1844,-0.5990999999999999,-0.2212,-1.5465,0.1257,4
2011-12-14 01:48:00,0.1852,3.272,121.5469,1.0515,13.8215,0.246,-0.008,2.5091,-0.0191999999999999,0.4801,-0.1560999999999999,-0.5403999999999999,-0.195,-1.487,0.1255999999999999,4
2011-12-14 01:49:00,0.1859,3.3582,121.5503,1.0026,13.8215,0.2579,-0.0057,2.6174,-0.0159,0.4927,-0.1298,-0.525,-0.155,-1.4276,0.1259,4
2011-12-14 01:50:00,0.1860999999999999,3.2721,121.5662,1.1905,13.8215,0.2664,-0.0067999999999999,2.4008,-0.0146,0.5321,-0.0376999999999999,-0.4335,-0.0599999999999999,-1.4276,0.1255999999999999,4
2011-12-14 01:51:00,0.1859,3.2937,121.6204,1.3762,13.8215,0.2697999999999999,-0.0077999999999999,2.5776,-0.0202999999999999,0.5707999999999999,0.0616,-0.3508,0.0276999999999999,-1.4276,0.125,4
2011-12-14 01:52:00,0.185,3.3582,121.6417,1.4453,13.8215,0.2867,-0.0077999999999999,2.4065,-0.0152,0.623,0.1073,-0.3266,0.0562,-1.4276,0.1252999999999999,4
2011-12-14 01:53:00,0.1845999999999999,3.3366,121.5697,1.5925,13.8215,0.3074,-0.0094,2.492,-0.0235,0.6782,0.1763,-0.2525,0.1092999999999999,-1.4276,0.1257,4
2011-12-14 01:54:00,0.1865,3.3151,121.5551,1.6001,13.8215,0.3093,-0.0083999999999999,2.4805,-0.019,0.7038999999999999,0.2084999999999999,-0.2333,0.1263,-1.3681,0.1259,4
2011-12-14 01:55:00,0.1860999999999999,3.3366,121.5845,1.7602,13.8215,0.3261999999999999,-0.003,2.3722,-0.0058999999999999,0.7611,0.2787,-0.1897,0.1792999999999999,-1.4276,0.126,4
2011-12-14 01:56:00,0.1845999999999999,3.272,121.5597,1.6352,13.8215,0.3372,-0.0112,2.2068,-0.0275,0.7778,0.2427999999999999,-0.2126,0.1211,-1.4276,0.1259,4
2011-12-14 01:57:00,0.1857,3.2935,121.5656,1.5984,13.8197,0.3538999999999999,-0.0011,2.4349,-0.0018,0.7988,0.2207,-0.2253999999999999,0.0837999999999999,-1.4276,0.1257,4
2011-12-14 01:58:00,0.185,3.3365,121.5717,1.514,13.8192,0.3709,-0.0054999999999999,2.452,-0.0123,0.8122,0.1966,-0.2487999999999999,0.0597,-1.4276,0.1257,4
2011-12-14 01:59:00,0.1859,3.2504,121.6257,1.2862,13.8174,0.3911999999999999,-0.0045999999999999,2.469,-0.0109,0.7994,0.1419999999999999,-0.2984,0.0115999999999999,-1.487,0.1254,4
2011-12-14 02:00:00,0.1859,3.2934,121.5559,1.3747,13.8165,0.3929,-0.0067999999999999,2.2865,-0.0185999999999999,0.7923999999999999,0.1249,-0.2808999999999999,-0.0033,-1.5465,0.1252,4
2011-12-14 02:01:00,0.185,3.3148,121.5793,1.4243,13.8169,0.4136,-0.0088999999999999,2.1382,-0.0172,0.8124,0.1024,-0.3178,-0.0359,-1.487,0.1257,4
2011-12-14 02:02:00,0.1857,3.2286,121.6022,1.2372,13.816,0.4289999999999999,-0.0067999999999999,2.3377,-0.0155999999999999,0.794,0.0004,-0.3997,-0.1494999999999999,-1.6655,0.125,4
2011-12-14 02:03:00,0.1854,3.3793,121.5563,1.1477,13.816,0.4358,0.0002,2.4175,0.0030999999999999,0.7691,-0.0945,-0.4622,-0.2371999999999999,-1.725,0.1255999999999999,4
2011-12-14 02:04:00,0.1860999999999999,3.3147,121.5226,1.185,13.8151,0.4471,-0.0066,2.389,-0.0162999999999999,0.7596,-0.1270999999999999,-0.5142999999999999,-0.2381,-2.0818,0.1262,4
2011-12-14 02:05:00,0.185,3.2071,121.5348,1.2086,13.816,0.4583999999999999,-0.0041,2.4347,-0.0082,0.7435,-0.1713,-0.5391,-0.2808999999999999,-2.1413,0.1264,4
2011-12-14 02:06:00,0.1860999999999999,3.3364,121.5285,1.2038,13.8151,0.4753,-0.0038999999999999,2.2238,-0.0074999999999999,0.7295,-0.2162999999999999,-0.6116,-0.3402999999999999,-1.6655,0.1255,4
2011-12-14 02:07:00,0.185,3.3149,121.5413,0.9408,13.816,0.4787,-0.0045999999999999,2.4233,-0.0076,0.6882,-0.3881999999999999,-0.8182,-0.5446999999999999,-1.6655,0.1255,4
2011-12-14 02:08:00,0.1857,3.3366,121.4966,0.4083999999999999,13.8146,0.4787,-0.0016,2.3094,-0.0033,0.6262999999999999,-0.5879999999999999,-1.0067,-0.767,-2.0818,0.1252,4
2011-12-14 02:09:00,0.1857,3.272,121.5509,0.0743,13.8146,0.4787,-0.0067999999999999,2.3551,-0.0144,0.5535999999999999,-0.7936999999999999,-1.1648,-0.9828,-2.1413,0.1254,4
2011-12-14 02:10:00,0.1852,3.3581,121.5406,-0.1302,13.816,0.4787,-0.0006999999999999,2.2182,-0.0001,0.4808999999999999,-0.9814,-1.3209,-1.1576,-2.2603,0.1258,4
2011-12-14 02:11:00,0.1855,3.315,121.5541,-0.2571999999999999,13.8156,0.4787,-0.0045999999999999,2.3322,-0.0076,0.4124999999999999,-1.149,-1.4583,-1.3159,-2.3793,0.1255,4
2011-12-14 02:12:00,0.1852,3.2718,121.5655,-0.2412999999999999,13.816,0.4787,-0.0005,2.4405,0.0,0.3578,-1.2379,-1.5104,-1.3535,-2.5577,0.1257,4
2011-12-14 02:13:00,0.185,3.3148,121.5446,0.1192,13.816,0.4787,-0.0073,2.2979,-0.0145,0.3347,-1.1916,-1.3976,-1.253,-2.6172,0.1255,4
2011-12-14 02:14:00,0.1859,3.3147,121.4977,0.6837999999999999,13.8165,0.4787,-0.0011,2.1439,-0.0016,0.3463,-1.0305,-1.2385,-1.0081,-2.6767,0.1263,4
2011-12-14 02:15:00,0.1857,3.2932,121.5217,1.0654,13.8183,0.4787,-0.0005,2.2522,-0.0002,0.3836999999999999,-0.8312,-1.0587,-0.7922,-2.3793,0.1254,4
2011-12-14 02:16:00,0.1857,3.2502,121.3784,1.2055,13.8197,0.4769999999999999,-0.0057,2.3606,-0.0132,0.4324,-0.6488,-0.9188,-0.5955,-2.2008,0.1262,4
2011-12-14 02:17:00,0.1852,3.3363,121.4076,1.2395,13.8215,0.4769999999999999,-0.0073,2.2294,-0.0161,0.467,-0.4980999999999999,-0.8603,-0.4742,-1.9034,0.1263,4
2011-12-14 02:18:00,0.1860999999999999,3.2502,121.4045,1.4228,13.8201,0.4737,-0.0082,2.4917,-0.0253999999999999,0.5046,-0.342,-0.7468,-0.3658,-1.725,0.1262,4
2011-12-14 02:19:00,0.185,3.3578,121.5096,1.4223,13.8197,0.4753,-0.0038999999999999,2.2465,-0.0109999999999999,0.5186,-0.2970999999999999,-0.7588,-0.3411,-1.5465,0.1263,4
2011-12-14 02:20:00,0.1857,3.4007,121.5392,1.4414,13.8202,0.4769999999999999,-0.0097999999999999,2.4916,-0.0241999999999999,0.5374999999999999,-0.2262,-0.6827999999999999,-0.2636,-1.4276,0.126,4
2011-12-14 02:21:00,0.185,3.3577,121.531,1.4235,13.8207,0.4787,-0.0020999999999999,2.5201,-0.0073,0.5652,-0.1855,-0.6558,-0.272,-1.487,0.1255,4
2011-12-14 02:22:00,0.1852,3.2716,121.4941,1.3585,13.8208,0.4787,-0.0119,2.5259,-0.0311999999999999,0.5888999999999999,-0.1509,-0.6096,-0.2223,-1.487,0.1255999999999999,4
2011-12-14 02:23:00,0.1857,3.3577,121.4842,1.3744,13.818,0.4787,0.0032,2.4118,0.0079,0.6119,-0.0587,-0.5065,-0.0982999999999999,-1.487,0.1255999999999999,4
2011-12-14 02:24:00,0.1857,3.2286,121.4231,1.3309,13.819,0.4787,-0.0057,2.4289,-0.0123,0.6458,0.0097999999999999,-0.4595,-0.0442,-1.487,0.1255999999999999,4
2011-12-14 02:25:00,0.1854,3.3578,121.4427,1.1907,13.8167,0.4824999999999999,-0.0086999999999999,2.3663,-0.0206,0.6467,0.0251,-0.4326999999999999,-0.0246,-1.3086,0.1258,4
2011-12-14 02:26:00,0.1857,3.3148,121.4502,1.1198,13.8167,0.5012999999999999,-0.0071999999999999,2.5545,-0.0117,0.6683999999999999,0.0303,-0.4052,-0.0345999999999999,-1.3681,0.126,4
2011-12-14 02:27:00,0.1860999999999999,3.3148,121.4651,0.9909,13.8168,0.5012999999999999,-0.0058999999999999,2.429,-0.0137,0.6547,-0.0208999999999999,-0.4195999999999999,-0.0771,-1.3681,0.1257,4
2011-12-14 02:28:00,0.185,3.3362,121.403,0.9907,13.8159,0.5047,-0.0054999999999999,2.429,-0.0149,0.6466,-0.0427,-0.4457999999999999,-0.1033,-1.4276,0.1258,4
2011-12-14 02:29:00,0.1855999999999999,3.3361,121.3968,1.0069,13.8163,0.5217,-0.0045999999999999,2.3319,-0.0089999999999999,0.6577,-0.0495999999999999,-0.4259,-0.0863,-1.4276,0.1259,4
2011-12-14 02:30:00,0.1860999999999999,3.3791,121.4107,1.1321,13.8159,0.5217,-0.0038999999999999,2.2235,-0.0112,0.6555999999999998,-0.0315,-0.3516,-0.0344,-1.487,0.126,4
2011-12-14 02:31:00,0.1852,3.2715,121.4036,1.2573,13.8159,0.5217,-0.0086999999999999,2.4801,-0.0222,0.6764999999999999,-0.0005999999999999,-0.3141999999999999,0.0347999999999999,-1.487,0.125,4
2011-12-14 02:32:00,0.1854,3.3361,121.5292,1.2706,13.8155,0.5334999999999999,-0.0057,2.4973,-0.0148,0.6934,0.007,-0.2308999999999999,0.1366999999999999,-1.4276,0.1255,4
2011-12-14 02:33:00,0.1859,3.25,121.4313,1.4838,13.8141,0.542,-0.0025,2.4232,-0.0043,0.7313,0.0449999999999999,-0.1250999999999999,0.2417,-1.7844,0.1260999999999999,4
2011-12-14 02:34:00,0.1855999999999999,3.2931,121.4557,1.593,13.8159,0.542,-0.0054999999999999,2.4631,-0.0111,0.7983,0.1027,-0.0999,0.3115999999999999,-1.4276,0.1252999999999999,4
2011-12-14 02:35:00,0.1859,3.3146,121.4517,1.4355,13.815,0.5458,-0.0066,2.3092,-0.0166,0.8222,0.0509999999999999,-0.1623999999999999,0.2490999999999999,-1.487,0.1254,4
2011-12-14 02:36:00,0.1847999999999999,3.164,121.3801,1.1406,13.8146,0.5626999999999999,-0.0073,2.4859,-0.0176,0.8167999999999999,-0.0005,-0.2636999999999999,0.1414,-1.4276,0.1252,4
2011-12-14 02:37:00,0.1854,3.2501,121.3793,1.2329,13.8137,0.5645999999999999,-0.0115999999999999,2.4403,-0.0276999999999999,0.8236999999999999,0.0381,-0.2278999999999999,0.1671,-1.5465,0.1262,4
2011-12-14 02:38:00,0.1867,3.2932,121.3504,1.3125,13.8128,0.5645999999999999,0.0005,2.4517,0.0005999999999999,0.8244,0.0698,-0.2321999999999999,0.1491,-1.4276,0.1254,4
2011-12-14 02:39:00,0.1857,3.2502,121.3755,1.2698,13.8137,0.5645999999999999,-0.0043,2.258,-0.0102,0.8223,0.0957999999999999,-0.2487999999999999,0.126,-1.5465,0.1258,4
2011-12-14 02:40:00,0.1859,3.3148,121.3896,1.0554,13.8118,0.5832,-0.0125,2.3036,-0.0310999999999999,0.8093,0.0604,-0.3138,0.0568,-1.5465,0.1264,4
2011-12-14 02:41:00,0.1854,3.2502,121.3912,1.157,13.8123,0.5848999999999999,-0.0058999999999999,2.3093,-0.0137,0.7958,0.0671,-0.2788999999999999,0.0735999999999999,-1.606,0.1259,4
2011-12-14 02:42:00,0.1860999999999999,3.3794,121.4233,1.2675,13.8119,0.5906,-0.0045999999999999,2.5545,-0.0144,0.8044,0.0568999999999999,-0.2955999999999999,0.0719999999999999,-1.606,0.1268,4
2011-12-14 02:43:00,0.1857,3.2286,121.4622,1.1635,13.81,0.6037,-0.0033999999999999,2.3605,-0.0086999999999999,0.8103,0.0485,-0.1526,0.1104,-1.6655,0.1260999999999999,4
2011-12-14 02:44:00,0.1865,3.3362,121.5102,1.487,13.8105,0.6075,-0.0035999999999999,2.3434,-0.0089999999999999,0.8579999999999999,0.0969,-0.0875999999999999,0.2056999999999999,-1.5465,0.1265,4
2011-12-14 02:45:00,0.185,3.2932,121.5194,1.6736,13.8106,0.6075,-0.0051999999999999,2.429,-0.0114,0.8852999999999999,0.1595999999999999,-0.0947999999999999,0.2741,-1.4276,0.1258,4
2011-12-14 02:46:00,0.1860999999999999,3.3578,121.4364,2.0437,13.8101,0.6075,-0.0057,2.4689,-0.0129,0.9422,0.2899999999999999,-0.0429,0.3548,-1.4276,0.1265999999999999,4
2011-12-14 02:47:00,0.1852,3.4225,121.413,2.0449,13.8102,0.6210999999999999,-0.0074999999999999,2.2466,-0.0152,0.9831,0.3301999999999999,-0.0171,0.3713,-1.487,0.1259,4
2011-12-14 02:48:00,0.1862999999999999,3.2718,121.4009,1.7539,13.8101,0.6278,-0.0077999999999999,2.1725,-0.0164,0.9697,0.2627999999999999,-0.0996999999999999,0.2902,-1.4276,0.1247,4
2011-12-14 02:49:00,0.1860999999999999,3.444,121.4434,1.5293,13.8098,0.6397,-0.0083999999999999,2.0641,-0.0195999999999999,0.9592,0.1882,-0.1584,0.2515999999999999,-1.487,0.1260999999999999,4
2011-12-14 02:50:00,0.1857,3.3363,121.4471,1.4654,13.8098,0.6482,-0.008,2.4176,-0.0201,0.9411,0.0548,-0.3654999999999999,0.0604999999999999,-1.6655,0.1263,4
2011-12-14 02:51:00,0.1860999999999999,3.2717,121.4783,1.0059,13.8099,0.6482,-0.01,2.3947,-0.0231999999999999,0.88,-0.1867,-0.6275,-0.2306999999999999,-1.9034,0.1264,4
2011-12-14 02:52:00,0.1857,3.3578,121.4615,-0.0396999999999999,13.81,0.6482,-0.0006999999999999,2.4461,-0.0047999999999999,0.7683999999999999,-0.5524,-0.9718,-0.6079,-2.1413,0.1265,4
2011-12-14 02:53:00,0.1859,3.2502,121.4772,-0.4531999999999999,13.8101,0.6482,-0.0073,2.3092,-0.0204,0.6914,-0.8410999999999998,-1.2087,-0.8821999999999999,-2.5577,0.1259,4
2011-12-14 02:54:00,0.1854,3.3147,121.5425,-0.7255,13.8101,0.6482,-0.0097999999999999,2.5202,-0.0257,0.6179999999999999,-1.0866,-1.4276,-1.1263,-2.9741,0.1259,4
2011-12-14 02:55:00,0.1859,3.2502,121.4674,-0.8772999999999999,13.8101,0.6482,-0.002,2.5715,-0.0106999999999999,0.5431,-1.2968,-1.6019,-1.3337,-3.2715,0.1260999999999999,4
2011-12-14 02:56:00,0.1862999999999999,3.3577,121.4792,-0.8941,13.8111,0.6431,-0.0041,2.4346,-0.0118,0.4747,-1.4624,-1.7328,-1.5029,-3.4499,0.1252,4
2011-12-14 02:57:00,0.1860999999999999,3.2716,121.4705,-0.8882999999999999,13.8125,0.6278,-0.0071,2.389,-0.0176,0.4047,-1.6093,-1.8625,-1.6512,-3.9852,0.1252,4
2011-12-14 02:58:00,0.1867,3.3361,121.4123,-0.8761999999999999,13.8135,0.6109,-0.0088999999999999,2.4118,-0.0218,0.3431,-1.7587,-1.9924,-1.8253,-3.9258,0.1264,4
2011-12-14 02:59:00,0.185,3.3361,121.3991,-0.8490999999999999,13.8153,0.6075,-0.005,2.4288,-0.0109999999999999,0.3050999999999999,-1.8793,-2.1218,-1.9438,-3.9852,0.1255999999999999,4
2011-12-14 03:00:00,0.1852,3.3145,121.3975,-0.8589999999999999,13.8158,0.5832,-0.0043,2.4858,-0.0121,0.2376,-1.9653,-2.1869,-2.0703,-3.9852,0.1259,4
2011-12-14 03:01:00,0.1854,3.3145,121.4086,-0.816,13.8177,0.5645999999999999,-0.0035999999999999,2.6968,-0.0123,0.1779,-2.0225,-2.2382,-2.1629,-3.8068,0.1252999999999999,4
2011-12-14 03:02:00,0.1862999999999999,3.2929,121.4157,-0.7923999999999999,13.8192,0.5533,-0.003,2.6682,-0.0104,0.132,-2.0627,-2.2416,-2.2394,-3.5689,0.1257,4
2011-12-14 03:03:00,0.1860999999999999,3.2714,121.3828,-0.8087999999999999,13.8204,0.5318,-0.0054999999999999,2.7366,-0.0132,0.0824,-2.148,-2.3457,-2.3428,-3.4499,0.1260999999999999,4
2011-12-14 03:04:00,0.1859,3.2931,121.3371,-0.8655,13.821,0.5115,-0.0027,2.5885,-0.0094999999999999,0.0332,-2.2452,-2.4473,-2.4639,-3.331,0.1265,4
2011-12-14 03:05:00,0.1862999999999999,3.2931,121.3451,-0.8991,13.821,0.4880999999999999,-0.0051999999999999,2.5885,-0.0138999999999999,-0.0182,-2.3483,-2.5439,-2.5287,-3.5094,0.1258,4
2011-12-14 03:06:00,0.1862999999999999,3.3147,121.3906,-0.8852999999999999,13.8211,0.4737,-0.0014,2.5372,-0.0020999999999999,-0.0572999999999999,-2.4296,-2.6144,-2.5991,-3.4499,0.1260999999999999,4
2011-12-14 03:07:00,0.1854,3.2931,121.3703,-0.8952999999999999,13.8211,0.4433,-0.0025,2.4289,-0.006,-0.1019999999999999,-2.4963,-2.6855,-2.6347,-3.5094,0.1262,4
2011-12-14 03:08:00,0.1862999999999999,3.4007,121.4255,-0.57,13.8212,0.4223,-0.0051999999999999,2.3775,-0.0112999999999999,-0.1303999999999999,-2.3886,-2.5538,-2.3915,-3.3904,0.1268,4
2011-12-14 03:09:00,0.1855999999999999,3.3146,121.4236,-0.1428,13.8221,0.3966,-0.0114,2.617,-0.0299999999999999,-0.1481,-2.2361,-2.473,-2.1905,-3.1525,0.1258,4
2011-12-14 03:10:00,0.1854,3.2932,121.3934,0.1255999999999999,13.8245,0.3793,-0.0027,2.4974,-0.0085,-0.1582,-2.15,-2.3572,-2.0443,-2.9146,0.1267,4
2011-12-14 03:11:00,0.1860999999999999,3.3793,121.4106,0.2567999999999999,13.8259,0.3503,-0.0105,2.3548,-0.0257,-0.1829,-2.1423,-2.3146,-2.0018,-2.8551,0.1263,4
2011-12-14 03:12:00,0.1857,3.3363,121.3785,0.3030999999999999,13.8259,0.3261999999999999,-0.0088999999999999,2.3377,-0.0218999999999999,-0.194,-2.0969,-2.3178,-1.9,-2.5577,0.1269,4
2011-12-14 03:13:00,0.1859,3.3363,121.4556,0.2129,13.8268,0.3093,-0.005,2.5658,-0.0141,-0.2094999999999999,-2.1082,-2.3413,-1.9808,-2.4982,0.1257,4
2011-12-14 03:14:00,0.1860999999999999,3.2502,121.5038,0.0802999999999999,13.8273,0.2833,-0.0054999999999999,2.543,-0.014,-0.2376999999999999,-2.1488,-2.4059,-2.0279,-2.3793,0.1263,4
2011-12-14 03:15:00,0.1857,3.4439,121.5439,-0.0636,13.8269,0.2664,-0.0103,2.5031,-0.0269,-0.2661999999999999,-2.2122,-2.4882,-2.1151,-2.3198,0.1267,4
2011-12-14 03:16:00,0.185,3.3149,121.5236,-0.1540999999999999,13.8274,0.2404,0.0002,2.2067,0.0006999999999999,-0.2987,-2.2753,-2.4984,-2.2021,-2.2603,0.1267,4
2011-12-14 03:17:00,0.1862999999999999,3.3149,121.4373,-0.2477999999999999,13.8274,0.2200999999999999,-0.0033999999999999,2.2409,-0.0064999999999999,-0.3190999999999999,-2.3464,-2.592,-2.2602,-2.1413,0.1268,4
2011-12-14 03:18:00,0.1857,3.3365,121.3989,-0.3029999999999999,13.8288,0.1975,0.0011,2.5774,0.0012999999999999,-0.3474999999999999,-2.388,-2.6198,-2.3097,-2.2008,0.1263,4
2011-12-14 03:19:00,0.1855,3.2719,121.3797,-0.3326,13.8311,0.1736999999999999,-0.003,2.2923,-0.0061999999999999,-0.3711999999999999,-2.4336,-2.6786,-2.364,-2.1413,0.1264,4
2011-12-14 03:20:00,0.1855,3.2934,121.4062,-0.3639999999999999,13.8311,0.1489,-0.0097999999999999,2.2523,-0.0236999999999999,-0.3961,-2.4797,-2.7131,-2.4362,-2.2008,0.126,4
2011-12-14 03:21:00,0.1867,3.3149,121.4194,-0.3791999999999999,13.8315,0.1308,-0.0105,2.4576,-0.0265999999999999,-0.4157,-2.529,-2.7602,-2.5043,-2.1413,0.1262,4
2011-12-14 03:22:00,0.1859,3.2503,121.4445,-0.4386999999999999,13.8325,0.1053999999999999,-0.0038999999999999,2.3607,-0.0082,-0.4476,-2.5277,-2.7328,-2.4335,-2.2008,0.1263,4
2011-12-14 03:23:00,0.1857,3.2289,121.4273,-0.3864,13.832,0.0836999999999999,-0.0067999999999999,2.1668,-0.0138999999999999,-0.4663999999999999,-2.4697,-2.6756,-2.3676,-2.3198,0.1278,4
2011-12-14 03:24:00,0.1859,3.315,121.4581,-0.2102999999999999,13.8325,0.0574,-0.0094,2.4235,-0.0205,-0.4869999999999999,-2.4375,-2.6339,-2.3825,-2.3198,0.1257,4
2011-12-14 03:25:00,0.1857,3.2289,121.471,-0.1761,13.8325,0.0408,-0.0051999999999999,2.3322,-0.0121,-0.4913,-2.3607,-2.581,-2.2883,-2.1413,0.1259,4
2011-12-14 03:26:00,0.1855,3.358,121.4395,-0.1885,13.8325,-0.0079,-0.0061999999999999,2.4405,-0.014,-0.5284999999999999,-2.3061,-2.4799,-2.2358,-2.1413,0.1265,4
2011-12-14 03:27:00,0.1862999999999999,3.3149,121.4038,0.0112,13.8325,-0.0302,-0.0094,2.4747,-0.0218,-0.5124999999999998,-2.1292,-2.261,-2.0105,-1.9629,0.1260999999999999,4
2011-12-14 03:28:00,0.1847999999999999,3.3579,121.3571,0.1103,13.8343,-0.0522,-0.0005,2.2694,-0.0008,-0.4949,-2.0298,-2.268,-1.9661,-1.9629,0.1265999999999999,4
2011-12-14 03:29:00,0.1859,3.3148,121.357,0.021,13.8343,-0.0654,-0.0074999999999999,2.4632,-0.0178,-0.5095,-2.0488,-2.3689,-2.0249,-1.725,0.1264,4
2011-12-14 03:30:00,0.1862999999999999,3.3148,121.3929,-0.1132,13.8348,-0.0899999999999999,-0.0115999999999999,2.429,-0.0288999999999999,-0.54,-2.0917,-2.4096,-2.062,-1.7844,0.1265999999999999,4
2011-12-14 03:31:00,0.187,3.2718,121.4079,-0.2672999999999999,13.8357,-0.1026,-0.0014,2.4405,-0.0027,-0.5461,-2.0927,-2.378,-2.0486,-1.6655,0.1265,4
2011-12-14 03:32:00,0.1855,3.2288,121.438,-0.4299,13.8353,-0.1245,-0.0066,2.4063,-0.0158,-0.5758999999999999,-2.1494,-2.429,-2.1161,-1.725,0.1265999999999999,4
2011-12-14 03:33:00,0.1860999999999999,3.358,121.4681,-0.5305999999999998,13.8353,-0.138,-0.0058999999999999,2.3322,-0.0147,-0.5959999999999999,-2.1934,-2.468,-2.1652,-1.6655,0.1268,4
2011-12-14 03:34:00,0.1854,3.3364,121.4628,-0.6088,13.8367,-0.1567,-0.0047999999999999,2.3379,-0.0128,-0.6226,-2.2578,-2.5432,-2.2708,-1.606,0.1269,4
2011-12-14 03:35:00,0.1862999999999999,3.3365,121.5255,-0.7638,13.8371,-0.1772,-0.0067999999999999,2.566,-0.0177,-0.659,-2.2929,-2.5356,-2.298,-2.1413,0.1272,4
2011-12-14 03:36:00,0.1855,3.3365,121.5107,-0.9373,13.8367,-0.1945,-0.0047999999999999,2.2467,-0.0099,-0.6973,-2.3502,-2.6089,-2.3625,-2.0224,0.1267,4
2011-12-14 03:37:00,0.1855,3.1858,121.4358,-1.0576,13.8376,-0.2145,-0.0002,2.2353,0.0028999999999999,-0.7389,-2.3775,-2.6151,-2.3825,-2.0818,0.126,4
2011-12-14 03:38:00,0.1859,3.358,121.4494,-1.2047,13.838,-0.2255999999999999,-0.0137,2.3892,-0.0335999999999999,-0.7717,-2.4024,-2.6553,-2.4459,-2.0224,0.1252,4
2011-12-14 03:39:00,0.1859,3.2719,121.5013,-1.2945,13.838,-0.2499,-0.0038999999999999,2.4348,-0.0085,-0.8163,-2.416,-2.6646,-2.4631,-1.9629,0.1262,4
2011-12-14 03:40:00,0.1860999999999999,3.3364,121.4037,-1.2087,13.839,-0.2702,0.0,2.3379,0.0016,-0.8576,-2.3727,-2.6263,-2.4147,-2.0818,0.1257,4
2011-12-14 03:41:00,0.1852,3.358,121.4456,-1.1682,13.8399,-0.2922,-0.0073,2.4747,-0.0178,-0.8962,-2.339,-2.6035,-2.3919,-2.0818,0.1268,4
2011-12-14 03:42:00,0.1855,3.2719,121.4034,-1.1898,13.8408,-0.3094,-0.0064,2.3949,-0.0151,-0.9293,-2.3424,-2.6359,-2.4221,-2.0224,0.1264,4
2011-12-14 03:43:00,0.1860999999999999,3.2289,121.3635,-1.1393,13.8417,-0.3352,-0.0035999999999999,2.4919,-0.0057,-0.9587,-2.3546,-2.664,-2.4502,-1.9034,0.126,4
2011-12-14 03:44:00,0.1852,3.4011,121.3633,-0.9901,13.8426,-0.3561,-0.0035999999999999,2.3778,-0.0108,-0.9789,-2.3002,-2.6161,-2.3843,-2.1413,0.1263,4
2011-12-14 03:45:00,0.1852,3.3365,121.3467,-0.7833,13.8435,-0.3780999999999999,0.0008999999999999,2.5546,0.0016,-0.9858,-2.2166,-2.5788,-2.3129,-2.0224,0.1265,4
2011-12-14 03:46:00,0.1855,3.3365,121.367,-0.6678,13.8435,-0.3932999999999999,-0.0038999999999999,2.623,-0.0086,-0.991,-2.1552,-2.5347,-2.2544,-1.7844,0.127,4
2011-12-14 03:47:00,0.1859,3.2934,121.3815,-0.6535999999999998,13.8435,-0.4176,-0.0105,2.6401,-0.0304,-1.0081,-2.1426,-2.5425,-2.2679,-1.7844,0.1275,4
2011-12-14 03:48:00,0.1852,3.315,121.3724,-0.6781,13.8435,-0.4363,-0.0066,2.4747,-0.0187,-1.0173,-2.1186,-2.5358,-2.2381,-1.7844,0.127,4
2011-12-14 03:49:00,0.1857,3.2935,121.3916,-0.6946,13.8435,-0.4549,-0.0038999999999999,2.4805,-0.0095999999999999,-1.0245,-2.0939,-2.5256,-2.2105,-1.6655,0.1274,4
2011-12-14 03:50:00,0.1852,3.315,121.379,-0.542,13.8435,-0.4773,-0.0067999999999999,2.7314,-0.0165,-1.0238,-2.0172,-2.3764,-2.0411,-1.606,0.1260999999999999,4
2011-12-14 03:51:00,0.1852,3.315,121.4055,-0.2543,13.8435,-0.4894,-0.0018,2.3721,-0.0061,-0.9925,-1.8903,-2.3059,-1.9149,-1.606,0.126,4
2011-12-14 03:52:00,0.185,3.2935,121.3607,-0.2899999999999999,13.8435,-0.5127,-0.0051999999999999,2.395,-0.0112,-1.0072,-1.9297,-2.4213,-2.005,-1.4275,0.127,4
2011-12-14 03:53:00,0.1855,3.4012,121.3485,-0.3680999999999999,13.8435,-0.5254999999999999,-0.0071,2.4577,-0.017,-1.0258,-2.0192,-2.4552,-2.0663,-1.487,0.1277,4
2011-12-14 03:54:00,0.1860999999999999,3.2935,121.3561,-0.6137,13.8435,-0.5423999999999999,-0.0038999999999999,2.3322,-0.0074999999999999,-1.0428,-2.1202,-2.5143,-2.2093,-1.606,0.1265,4
2011-12-14 03:55:00,0.1857,3.3365,121.3689,-1.1996,13.8435,-0.5594,-0.0032,2.4577,-0.0064999999999999,-1.0742,-2.3045,-2.7002,-2.411,-1.7844,0.1265999999999999,4
2011-12-14 03:56:00,0.1857,3.229,121.3609,-1.4889,13.8435,-0.5665,-0.0103,2.6174,-0.0267,-1.1095,-2.4798,-2.8517,-2.5733,-1.8439,0.1264,4
2011-12-14 03:57:00,0.1857,3.2937,121.3792,-1.6779,13.8435,-0.5887999999999999,-0.003,2.4179,-0.008,-1.1534,-2.6572,-3.0089,-2.7543,-2.1413,0.1264,4
2011-12-14 03:58:00,0.1852999999999999,3.2291,121.5152,-1.9424,13.8435,-0.6057,-0.0061999999999999,2.5206,-0.0149,-1.2058,-2.8033,-3.0848,-2.8831,-2.3198,0.1263,4
2011-12-14 03:59:00,0.1855,3.2506,121.5516,-2.107,13.8445,-0.6280999999999999,-0.0033999999999999,2.6118,-0.0085,-1.2659,-2.8933,-3.132,-2.9738,-2.5577,0.1259,4
2011-12-14 04:00:00,0.1860999999999999,3.3368,121.5832,-2.2045,13.8458,-0.6469,-0.0073,2.378,-0.0179999999999999,-1.3223,-3.0137,-3.206,-3.0827,-2.5577,0.1268,4
2011-12-14 04:01:00,0.1857,3.3153,121.5817,-2.0683,13.8472,-0.6636999999999998,-0.0086999999999999,2.4693,-0.0224,-1.3564,-3.0095,-3.0806,-3.0197,-2.7361,0.1264,4
2011-12-14 04:02:00,0.1855,3.3153,121.5499,-1.7967,13.8491,-0.6898999999999998,-0.0077999999999999,2.4807,-0.0216,-1.3833,-2.9843,-3.0409,-2.9974,-2.7956,0.1270999999999999,4
2011-12-14 04:03:00,0.1859,3.3368,121.5107,-1.6188,13.8491,-0.7085,-0.008,2.5662,-0.0207,-1.3962,-2.9573,-2.9755,-2.8768,-2.4387,0.1270999999999999,4
2011-12-14 04:04:00,0.1859,3.2939,121.5045,-1.4048,13.8495,-0.7345,-0.0064,2.5492,-0.0149999999999999,-1.4078,-2.9008,-2.85,-2.8239,-2.2603,0.1265,4
2011-12-14 04:05:00,0.185,3.2939,121.5121,-1.2334,13.8491,-0.7462999999999999,-0.0054999999999999,2.3496,-0.0135,-1.4038,-2.8598,-2.8257,-2.7539,-2.0818,0.1265,4
2011-12-14 04:06:00,0.1857,3.2079,121.425,-1.0788,13.8491,-0.7699,0.0025,2.5607,0.005,-1.4122,-2.8153,-2.7674,-2.6333,-1.8439,0.1268,4
2011-12-14 04:07:00,0.1857,3.337,121.3997,-0.9156,13.8504,-0.7824999999999999,-0.0109999999999999,2.7888,-0.0286,-1.4089,-2.767,-2.7445,-2.3626,-1.7249,0.1270999999999999,4
2011-12-14 04:08:00,0.1860999999999999,3.3801,121.426,-0.7223,13.8504,-0.7976999999999999,-0.0032,2.5949,-0.0094,-1.3996,-2.6939,-2.6859,-2.1672,-2.0224,0.1277,4
2011-12-14 04:09:00,0.1857,3.3586,121.4228,-0.6664999999999999,13.8491,-0.8203,-0.0073,2.7147,-0.0216,-1.3962,-2.6854,-2.7166,-2.1305,-1.487,0.1275,4
2011-12-14 04:10:00,0.1864,3.4017,121.443,-0.5011999999999999,13.85,-0.822,-0.0073,2.7832,-0.0211,-1.3755,-2.6052,-2.6175,-1.8615,-1.6655,0.1278,4
2011-12-14 04:11:00,0.1860999999999999,3.2725,121.5136,-0.281,13.8504,-0.8407,-0.0073,2.4695,-0.0206,-1.3313,-2.463,-2.4884,-1.7796,-1.7249,0.1272,4
2011-12-14 04:12:00,0.1857,3.3372,121.5586,-0.1287,13.85,-0.8407,-0.0061999999999999,2.6235,-0.0167,-1.2272,-2.3123,-2.3449,-1.6674,-1.487,0.1269,4
2011-12-14 04:13:00,0.1859,3.3372,121.5281,-0.0996999999999999,13.8495,-0.8609999999999999,-0.0112,2.7775,-0.031,-1.1992,-2.2864,-2.4313,-1.7616,-1.4275,0.1265,4
2011-12-14 04:14:00,0.1855,3.3803,121.4785,0.0801999999999999,13.8495,-0.8609999999999999,-0.008,2.578,-0.0188,-1.1898,-2.2473,-2.4146,-1.6958,-1.4275,0.1270999999999999,4
2011-12-14 04:15:00,0.1852999999999999,3.2942,121.4157,-0.0347999999999999,13.8491,-0.8629,-0.0014,2.4981,-0.0025,-1.1996,-2.2528,-2.4404,-1.6608,-1.4275,0.127,4
2011-12-14 04:16:00,0.1857,3.3803,121.4135,0.1479999999999999,13.85,-0.8817,-0.0014,2.7377,-0.0016,-1.1541,-2.1341,-2.2268,-1.5104,-1.4275,0.1270999999999999,4
2011-12-14 04:17:00,0.1859,3.2942,121.4174,0.3468999999999999,13.8491,-0.8836,-0.0083999999999999,2.6921,-0.024,-1.0693,-2.018,-2.2019,-1.4111,-1.487,0.1283,4
2011-12-14 04:18:00,0.1855,3.3158,121.4046,0.3055999999999999,13.8491,-0.8836,-0.0115999999999999,2.4811,-0.0292,-1.0376,-1.9934,-2.1194,-1.4314,-1.4275,0.1268,4
2011-12-14 04:19:00,0.1864,3.3803,121.4478,0.3694,13.8491,-0.8836,-0.0064,2.6522,-0.0177,-0.9928,-1.8986,-1.9652,-1.3396,-1.4275,0.1272,4
2011-12-14 04:20:00,0.1850999999999999,3.2942,121.4529,0.4961999999999999,13.8486,-0.8836,-0.0057,2.5951,-0.0159,-0.9198,-1.7864,-1.806,-1.2073,-1.3681,0.1273,4
2011-12-14 04:21:00,0.1859,3.3588,121.4229,0.6259,13.8463,-0.8836,-0.0043,2.5381,-0.0152999999999999,-0.8202,-1.6801,-1.6822,-1.1055,-1.4275,0.1267,4
2011-12-14 04:22:00,0.1850999999999999,3.3158,121.4135,0.6403999999999999,13.8454,-0.8836,-0.0135,2.6236,-0.035,-0.7466,-1.5984,-1.6099,-1.0686,-1.4275,0.1268,4
2011-12-14 04:23:00,0.1867999999999999,3.3157,121.3881,0.5491,13.844,-0.8836,-0.0051999999999999,2.27,-0.0124,-0.7033,-1.5311,-1.542,-1.0289,-1.1896,0.1268,4
2011-12-14 04:24:00,0.1852999999999999,3.3372,121.373,0.5615,13.8435,-0.8609999999999999,-0.0047999999999999,2.384,-0.012,-0.6461,-1.4405,-1.4203,-0.955,-1.3681,0.1270999999999999,4
2011-12-14 04:25:00,0.1847999999999999,3.2726,121.4067,0.6070999999999999,13.8435,-0.8609999999999999,-0.0088999999999999,2.3783,-0.021,-0.5998999999999999,-1.3928,-1.4282,-0.8712999999999999,-1.4275,0.1268,4
2011-12-14 04:26:00,0.1859,3.4234,121.4314,0.6286,13.8435,-0.8576,-0.003,2.3213,-0.0066,-0.5792,-1.4024,-1.5355,-0.8931,-1.1896,0.1275999999999999,4
2011-12-14 04:27:00,0.1855,3.4019,121.429,0.5041999999999999,13.8435,-0.8407,-0.0027,2.27,-0.0058999999999999,-0.5925,-1.5069,-1.7391,-1.121,-1.3681,0.1269,4
2011-12-14 04:28:00,0.1857,3.3158,121.4056,0.2339,13.8435,-0.8407,-0.0043,2.3099,-0.01,-0.6321999999999999,-1.7167,-1.9482,-1.4195,-1.4275,0.1278,4
2011-12-14 04:29:00,0.1857,3.3804,121.4099,-0.1734,13.8435,-0.8338999999999999,-0.0025,2.1446,-0.0037,-0.6766999999999999,-1.9406,-2.1933,-1.6766,-1.4275,0.127,4
2011-12-14 04:30:00,0.1852999999999999,3.3373,121.3657,-0.5423,13.8435,-0.8203,-0.0041,2.2301,-0.0088,-0.7295,-2.1912,-2.4455,-1.9922,-1.7249,0.1270999999999999,4
2011-12-14 04:31:00,0.1855,3.3157,121.2724,-0.9353,13.8435,-0.8203,-0.005,2.3727,-0.0114,-0.7902,-2.4375,-2.673,-2.2543,-2.4982,0.1273,4
2011-12-14 04:32:00,0.1857,3.3157,121.2154,-1.3419,13.8435,-0.8271,-0.0032,2.1958,-0.0086999999999999,-0.8518,-2.6697,-2.8771,-2.4958,-2.8551,0.1263,4
2011-12-14 04:33:00,0.1850999999999999,3.3588,121.2116,-1.5453,13.8435,-0.8407,-0.0123,2.4639,-0.0302,-0.9275,-2.8762,-3.0662,-2.7297,-3.212,0.1269,4
2011-12-14 04:34:00,0.1859,3.3373,121.2239,-1.68,13.8435,-0.8407,-0.0103,2.0932,-0.0241999999999999,-0.9859,-3.0771,-3.2578,-2.9567,-3.3904,0.1259,4
2011-12-14 04:35:00,0.1855,3.4018,121.2469,-1.8955,13.8435,-0.8458,-0.0045999999999999,2.2129,-0.0105,-1.0531,-3.2295,-3.3827,-3.0938,-4.1637,0.1268,4
2011-12-14 04:36:00,0.1855,3.3803,121.2415,-1.9559,13.844,-0.8609999999999999,-0.0091,2.2186,-0.0207,-1.1218,-3.3269,-3.451,-3.1883,-3.6878,0.1273,4
2011-12-14 04:37:00,0.1852999999999999,3.2511,121.2092,-1.9719,13.8463,-0.8704,-0.0054999999999999,2.1673,-0.0137,-1.1753,-3.4054,-3.5434,-3.2907,-3.6878,0.1265999999999999,4
2011-12-14 04:38:00,0.1857,3.3157,121.2555,-2.0245,13.8472,-0.8836,-0.0054999999999999,2.1844,-0.0115,-1.2398,-3.4535,-3.5806,-3.3613,-3.5094,0.1283,4
2011-12-14 04:39:00,0.1857,3.445,121.2449,-2.0101,13.8491,-0.9004999999999999,-0.008,2.1331,-0.0168999999999999,-1.3052,-3.4647,-3.6194,-3.3862,-3.3904,0.1269,4
2011-12-14 04:40:00,0.1855,3.4234,121.2393,-1.9986,13.8491,-0.9058,-0.005,2.3213,-0.0121,-1.3517,-3.4961,-3.693,-3.4264,-3.2715,0.127,4
2011-12-14 04:41:00,0.1852999999999999,3.2511,121.1855,-1.9825,13.8514,-0.9282,-0.0045999999999999,2.2472,-0.0094,-1.3987,-3.5172,-3.7431,-3.4794,-3.212,0.1263,4
2011-12-14 04:42:00,0.1855,3.3803,121.209,-1.9334,13.8532,-0.9468,-0.0077999999999999,2.1559,-0.0155999999999999,-1.4412,-3.5338,-3.775,-3.5004,-2.9741,0.1260999999999999,4
2011-12-14 04:43:00,0.1859,3.2941,121.1814,-1.8342,13.8546,-0.9619,-0.0008999999999999,2.1502,-0.0025999999999999,-1.4758,-3.5504,-3.7734,-3.5039,-3.0335,0.1269,4
2011-12-14 04:44:00,0.1857,3.3372,121.1614,-1.6518,13.8546,-0.9847,-0.0094,2.3897,-0.0245,-1.5102,-3.5181,-3.7665,-3.4673,-2.9146,0.1270999999999999,4
2011-12-14 04:45:00,0.1859,3.2726,121.1221,-1.5115,13.8546,-0.9966,-0.0038999999999999,2.0418,-0.0083999999999999,-1.5271,-3.469,-3.7247,-3.4276,-2.8551,0.1269,4
2011-12-14 04:46:00,0.1852999999999999,3.4233,121.0477,-1.4272,13.8546,-1.0176,-0.0045999999999999,2.2642,-0.0108,-1.5533,-3.4641,-3.7699,-3.4496,-2.6172,0.128,4
2011-12-14 04:47:00,0.1855,3.3156,121.1009,-1.409,13.8555,-1.0344,-0.0083999999999999,2.1502,-0.0183,-1.586,-3.4629,-3.7251,-3.4135,-2.6172,0.1278,4
2011-12-14 04:48:00,0.1850999999999999,3.3157,121.0539,-1.283,13.8564,-1.053,-0.0097999999999999,2.1331,-0.0222,-1.5981,-3.4307,-3.7344,-3.4162,-2.3792,0.1269,4
2011-12-14 04:49:00,0.1855,3.3803,121.0416,-1.1972,13.8569,-1.0756,-0.0032,2.0875,-0.0067,-1.62,-3.3684,-3.7062,-3.3844,-2.3198,0.127,4
2011-12-14 04:50:00,0.1857,3.3802,121.0302,-1.1366,13.8596,-1.0841,-0.0037,2.2642,-0.0082,-1.6321,-3.3283,-3.6827,-3.3501,-2.3198,0.1273,4
2011-12-14 04:51:00,0.1850999999999999,3.3372,121.0564,-1.1543,13.8601,-1.1054,-0.0064,2.1787,-0.0147,-1.6549,-3.3112,-3.6663,-3.3228,-2.1413,0.1270999999999999,4
2011-12-14 04:52:00,0.1857,3.3802,121.0332,-1.1248,13.8601,-1.1202,-0.0023,2.2072,-0.005,-1.6705,-3.247,-3.6334,-3.2739,-2.0818,0.1265,4
2011-12-14 04:53:00,0.1852999999999999,3.3156,121.0357,-1.1762,13.8596,-1.1389,-0.0057,2.1672,-0.0135,-1.6942,-3.1816,-3.6042,-3.228,-1.9629,0.1273,4
2011-12-14 04:54:00,0.1860999999999999,3.3371,121.0355,-1.267,13.8605,-1.1592,-0.0082,2.4467,-0.0194,-1.7146,-3.1571,-3.5571,-3.1687,-1.9629,0.1273,4
2011-12-14 04:55:00,0.1865999999999999,3.3156,121.0075,-1.2578,13.861,-1.1668,-0.0097999999999999,2.327,-0.0253999999999999,-1.7229,-3.1429,-3.5305,-3.1436,-1.4275,0.1267,4
2011-12-14 04:56:00,0.1857,3.3587,120.9645,-1.2404,13.861,-1.1886,-0.0074999999999999,2.2985,-0.0175,-1.744,-3.1344,-3.5213,-3.1235,-1.487,0.1268,4
2011-12-14 04:57:00,0.1857,3.2511,120.9994,-1.2518,13.8628,-1.2021,-0.0073,2.3726,-0.0161,-1.7627,-3.1509,-3.5698,-3.1843,-1.7844,0.1277,4
2011-12-14 04:58:00,0.1859,3.2942,121.0315,-1.2693,13.8637,-1.2247,-0.0057,2.5095,-0.0129,-1.7874,-3.1648,-3.5605,-3.1474,-1.606,0.1275999999999999,4
2011-12-14 04:59:00,0.1855,3.3588,120.96,-1.2734,13.8651,-1.2383,-0.0066,2.5096,-0.0177,-1.8017,-3.1937,-3.6046,-3.2329,-1.6655,0.1279,4
2011-12-14 05:00:00,0.1850999999999999,3.2512,120.8824,-1.2395,13.8651,-1.2451,-0.0047999999999999,2.464,-0.0104,-1.815,-3.1925,-3.6179,-3.2135,-1.8439,0.1268,4
2011-12-14 05:01:00,0.1852999999999999,3.3804,120.857,-1.2214,13.8656,-1.2677,-0.0073,2.31,-0.0166,-1.8282,-3.2348,-3.6232,-3.2892,-1.7844,0.1265,4
2011-12-14 05:02:00,0.1855,3.3589,120.7929,-1.2407,13.8656,-1.2812,-0.0114,2.3955,-0.0281,-1.8368,-3.2244,-3.618,-3.2332,-1.9034,0.1265,4
2011-12-14 05:03:00,0.1852999999999999,3.2728,120.6955,-1.2866,13.8656,-1.2936,-0.003,2.5267,-0.0091999999999999,-1.8441,-3.2268,-3.5949,-3.2558,-1.725,0.128,4
2011-12-14 05:04:00,0.1859,3.402,120.6963,-1.2672,13.8656,-1.3106,-0.01,2.2301,-0.0238,-1.8481,-3.169,-3.5269,-3.1523,-1.725,0.1274,4
2011-12-14 05:05:00,0.1852999999999999,3.3804,120.6639,-1.248,13.8656,-1.3292,-0.0109999999999999,2.1731,-0.024,-1.8602,-3.1181,-3.5108,-3.1181,-1.725,0.1265,4
2011-12-14 05:06:00,0.1859,3.3159,120.68,-1.1865,13.8656,-1.3309,-0.008,2.2416,-0.0244,-1.8525,-3.0698,-3.4421,-3.0524,-1.606,0.127,4
2011-12-14 05:07:00,0.1859,3.3374,120.6475,-1.1564,13.8656,-1.3496,-0.0032,2.3956,-0.0085,-1.8618,-3.0544,-3.4529,-3.0711,-1.4276,0.1265999999999999,4
2011-12-14 05:08:00,0.1859,3.4235,120.5625,-1.148,13.866,-1.3644,-0.01,2.4469,-0.025,-1.8673,-3.0518,-3.4264,-3.0743,-1.4276,0.1273,4
2011-12-14 05:09:00,0.1845999999999999,3.4451,120.566,-1.1734,13.8661,-1.3738,0.0023,2.2644,0.0041999999999999,-1.86,-3.0083,-3.3799,-3.0424,-1.4276,0.1273,4
2011-12-14 05:10:00,0.1855,3.3159,120.5561,-1.2592,13.8664,-1.3891,-0.0106999999999999,2.3214,-0.0267,-1.876,-3.0026,-3.3698,-3.0548,-1.4276,0.1274,4
2011-12-14 05:11:00,0.1855,3.3159,120.5202,-1.2613,13.8664,-1.3942,-0.0091,2.253,-0.0206,-1.8717,-2.9685,-3.3452,-2.9997,-1.4276,0.1274,4
2011-12-14 05:12:00,0.1852999999999999,3.3159,121.6379,-1.2991,13.8663,-1.413,-0.0051999999999999,2.1788,-0.0138999999999999,-1.8877,-2.9345,-3.3046,-2.9563,-1.4276,0.1274,4
2011-12-14 05:13:00,0.1850999999999999,3.3374,121.7509,-1.3101,13.8662,-1.4168,-0.0051999999999999,2.2644,-0.0117,-1.8914,-2.8788,-3.2539,-2.8861,-1.4276,0.1275999999999999,4
2011-12-14 05:14:00,0.1852999999999999,3.2298,121.7289,-1.25,13.8661,-1.4185,-0.0043,2.5154,-0.0126,-1.8808,-2.787,-3.183,-2.7674,-1.4276,0.128,4
2011-12-14 05:15:00,0.1857,3.2944,121.7632,-1.2786,13.8661,-1.4303,-0.0064,2.3443,-0.0135999999999999,-1.8898,-2.7539,-3.1521,-2.7634,-1.4276,0.127,4
2011-12-14 05:16:00,0.1857,3.402,121.7633,-1.1741,13.866,-1.4371,-0.003,2.253,-0.0073,-1.8872,-2.6607,-3.0509,-2.6382,-1.1896,0.1275,4
2011-12-14 05:17:00,0.1855,3.2729,121.6898,-1.0082,13.866,-1.4428,-0.0132,2.3386,-0.0313,-1.8625,-2.5642,-2.9339,-2.5323,-1.1302,0.1280999999999999,4
2011-12-14 05:18:00,0.1859,3.402,121.7293,-0.9241,13.8659,-1.4597,0.0016,2.35,0.0030999999999999,-1.8599,-2.4746,-2.8798,-2.4406,-1.2491,0.1275,4
2011-12-14 05:19:00,0.1857,3.402,121.6147,-0.8936,13.8661,-1.4597,-0.0043,2.1675,-0.0083,-1.8512,-2.4116,-2.808,-2.4072,-0.9517,0.1275999999999999,4
2011-12-14 05:20:00,0.1852999999999999,3.359,121.5669,-0.8856,13.8663,-1.4597,-0.0064,2.3443,-0.0135999999999999,-1.8483,-2.3935,-2.7906,-2.4051,-0.7137999999999999,0.1280999999999999,4
2011-12-14 05:21:00,0.1852999999999999,3.3375,121.5652,-0.8587,13.8665,-1.4597,-0.0064,2.2473,-0.0138999999999999,-1.8469,-2.3565,-2.7239,-2.3551,-0.2974,0.1269,4
2011-12-14 05:22:00,0.1857,3.359,121.6097,-0.7933999999999999,13.8666,-1.4597,-0.0071,2.3443,-0.016,-1.8338,-2.2979,-2.6355,-2.2942,-0.5948,0.1269,4
2011-12-14 05:23:00,0.1849,3.3159,121.5978,-0.7273,13.8665,-1.4503,-0.0037,2.4641,-0.0094,-1.815,-2.2558,-2.6116,-2.2602,-0.7137999999999999,0.127,4
2011-12-14 05:24:00,0.1862,3.3805,121.55,-0.6392999999999999,13.8664,-1.4371,-0.0061999999999999,2.3215,-0.0131,-1.791,-2.2245,-2.5969,-2.2072,-0.2379,0.1278,4
2011-12-14 05:25:00,0.1857,3.359,121.5072,-0.632,13.8663,-1.4371,-0.0071,2.3785,-0.0178,-1.7946,-2.2166,-2.5882,-2.2144,-0.1189999999999999,0.1278,4
2011-12-14 05:26:00,0.1855,3.2513,121.5107,-0.6347,13.8663,-1.4354,-0.005,2.3158,-0.0086999999999999,-1.7922,-2.2127,-2.5684,-2.2171,0.0,0.1272,4
2011-12-14 05:27:00,0.1855,3.4236,121.5073,-0.6250999999999999,13.8648,-1.4185,-0.0077999999999999,2.4355,-0.0199,-1.7759,-2.1805,-2.5058,-2.2269,-0.2379,0.1277,4
2011-12-14 05:28:00,0.1855,3.4236,121.4354,-0.6931,13.8657,-1.4168,-0.0018,2.2872,-0.0041999999999999,-1.7808,-2.1919,-2.5091,-2.2433,-0.1189999999999999,0.1272,4
2011-12-14 05:29:00,0.1857,3.3805,121.4372,-0.6648,13.8632,-1.4168,-0.008,2.35,-0.019,-1.7829,-2.2071,-2.47,-2.2071,-0.2974,0.1278,4
2011-12-14 05:30:00,0.1852999999999999,3.2729,121.5467,-0.6597,13.8642,-1.4168,-0.0103,2.5838,-0.0282999999999999,-1.78,-2.1825,-2.4534,-2.139,-0.1189999999999999,0.1277,4
2011-12-14 05:31:00,0.1855,3.3159,121.492,-0.7177999999999999,13.8635,-1.4074,-0.0045999999999999,2.447,-0.0094999999999999,-1.7605,-2.1405,-2.3968,-2.1173,0.0,0.1273,4
2011-12-14 05:32:00,0.1857,3.359,121.4201,-0.8412,13.864,-1.3942,-0.0094,2.3386,-0.0218999999999999,-1.7386,-2.0969,-2.3373,-2.078,-0.1189999999999999,0.1273,4
2011-12-14 05:33:00,0.1850999999999999,3.3805,121.3894,-0.9454,13.8624,-1.3908,-0.0057,2.5382,-0.0161,-1.7222,-2.0848,-2.3201,-2.0906,0.0,0.1270999999999999,4
2011-12-14 05:34:00,0.1857,3.3159,121.3894,-0.9328,13.8615,-1.3738,-0.0077999999999999,2.4926,-0.0195999999999999,-1.6908,-2.0207,-2.238,-1.9802,0.0,0.1275999999999999,4
2011-12-14 05:35:00,0.1855,3.3805,121.528,-0.8938,13.8626,-1.372,-0.0067999999999999,2.7093,-0.0193,-1.6614,-1.9754,-2.1926,-1.9704,-0.0594999999999999,0.1285,4
2011-12-14 05:36:00,0.1859,3.3805,121.4767,-0.9465,13.8617,-1.3513,-0.0058999999999999,2.4127,-0.0154,-1.6205,-1.9554,-2.1762,-1.9887,-0.1189999999999999,0.127,4
2011-12-14 05:37:00,0.1855,3.3805,121.4219,-1.0144,13.8618,-1.3428,-0.0091,2.7036,-0.0248999999999999,-1.6112,-1.9433,-2.167,-1.9867,-0.0594999999999999,0.127,4
2011-12-14 05:38:00,0.1859,3.3375,121.386,-1.0592,13.8618,-1.3309,-0.0047999999999999,2.5439,-0.0112999999999999,-1.5943,-1.9343,-2.1399,-1.9626,-0.0594999999999999,0.1280999999999999,4
2011-12-14 05:39:00,0.1855,3.4451,121.3877,-1.0907,13.8615,-1.3275,-0.0008999999999999,2.6466,-0.0002999999999999,-1.5851,-1.9324,-2.1307,-1.9592,-0.1189999999999999,0.1278,4
2011-12-14 05:40:00,0.1849,3.3375,121.4254,-1.0484,13.8615,-1.3106,-0.0043,2.5838,-0.0115,-1.5638,-1.9053,-2.0848,-1.9161,-0.1189999999999999,0.1270999999999999,4
2011-12-14 05:41:00,0.1857,3.2513,121.4048,-1.0693,13.8617,-1.2974,-0.0032,2.3671,-0.0057999999999999,-1.5412,-1.9073,-2.0824,-1.9297,-0.1189999999999999,0.1272,4
2011-12-14 05:42:00,0.1849,3.3375,121.4134,-1.0934,13.8612,-1.288,-0.0038999999999999,2.4298,-0.0099,-1.5318,-1.9138,-2.0954,-1.9579,-0.0594999999999999,0.128,4
2011-12-14 05:43:00,0.1857,3.4882,121.4305,-1.0944,13.8604,-1.2744,-0.0067999999999999,2.6466,-0.0165,-1.524,-1.9139,-2.0782,-1.9523,-0.0594999999999999,0.1283999999999999,4
2011-12-14 05:44:00,0.1852999999999999,3.4021,121.3929,-1.089,13.8603,-1.2677,-0.0047999999999999,2.4241,-0.0122,-1.5144,-1.9108,-2.0751,-1.9397,-0.2379,0.1270999999999999,4
2011-12-14 05:45:00,0.1855,3.3805,121.3826,-1.0366,13.8601,-1.2451,-0.0105,2.4755,-0.0270999999999999,-1.491,-1.8809,-2.0293,-1.9207,-0.3569,0.1277,4
2011-12-14 05:46:00,0.1857,3.4021,121.3655,-0.9371,13.8583,-1.2451,-0.0066,2.601,-0.0182,-1.4838,-1.8346,-1.9844,-1.8404,-0.4758999999999999,0.1275999999999999,4
2011-12-14 05:47:00,0.1850999999999999,3.4882,121.3723,-0.7382999999999998,13.858,-1.2315,-0.0082,2.35,-0.0205,-1.4471,-1.7624,-1.9238,-1.7805,-0.2974,0.1280999999999999,4
2011-12-14 05:48:00,0.1857,3.4236,121.3159,-0.6188,13.8583,-1.221,-0.0086999999999999,2.5553,-0.0219999999999999,-1.4279,-1.6889,-1.864,-1.7142,-0.2974,0.1278,4
2011-12-14 05:49:00,0.1855,3.4236,121.2183,-0.5476999999999999,13.8567,-1.2021,0.0006999999999999,2.4812,-0.0004,-1.396,-1.626,-1.8169,-1.6498,-0.2974,0.1277,4
2011-12-14 05:50:00,0.1855,3.3805,121.1379,-0.4807,13.8564,-1.1852,-0.0105,2.7036,-0.0276999999999999,-1.3726,-1.567,-1.7587,-1.5938,-0.1784,0.1274,4
2011-12-14 05:51:00,0.1850999999999999,3.4236,121.1533,-0.2594,13.856,-1.1649,-0.0058999999999999,2.7093,-0.0161,-1.3298,-1.4498,-1.6443,-1.4541,-0.1189999999999999,0.1270999999999999,4
2011-12-14 05:52:00,0.1852999999999999,3.3589,121.0209,-0.1694,13.8559,-1.1575,-0.0071,2.4583,-0.0178999999999999,-1.3167,-1.4374,-1.6898,-1.4569,-0.1189999999999999,0.1277,4
2011-12-14 05:53:00,0.1857,3.2082,121.0226,0.0148,13.8557,-1.1372,-0.0109999999999999,2.4012,-0.0262,-1.2718,-1.3332,-1.5414,-1.3513,0.0,0.1275999999999999,4
2011-12-14 05:54:00,0.1857,3.402,121.0317,0.1698,13.8556,-1.1186,-0.0094,2.4412,-0.0234,-1.2213,-1.2459,-1.4685,-1.2784,0.0594999999999999,0.1283,4
2011-12-14 05:55:00,0.1845999999999999,3.2728,121.0182,0.2528,13.8555,-1.0978,-0.0073,2.4412,-0.0156999999999999,-1.1847,-1.1956,-1.4471,-1.2671,0.1189999999999999,0.128,4
2011-12-14 05:56:00,0.1857,3.2513,121.0222,0.3763,13.8554,-1.0756,-0.0123,2.4241,-0.0315,-1.1495,-1.1047,-1.3128,-1.1365,0.2974,0.128,4
2011-12-14 05:57:00,0.1850999999999999,3.3159,121.0189,0.6801,13.8549,-1.0587,-0.008,2.5553,-0.0201999999999999,-1.0769,-0.9599,-1.1853,-1.0011,0.1189999999999999,0.1288,4
2011-12-14 05:58:00,0.1852999999999999,3.3589,121.0365,0.7077,13.8547,-1.0361,-0.0066,2.6237,-0.0173999999999999,-1.0421,-0.8846,-1.1446,-0.9366,0.2379,0.1288999999999999,4
2011-12-14 05:59:00,0.1852999999999999,3.3589,120.9698,0.6232999999999999,13.8538,-1.0016,-0.0045999999999999,2.4013,-0.0097,-1.0061,-0.874,-1.1571,-0.9527,0.1784,0.1280999999999999,4
2011-12-14 06:00:00,0.1855,3.3159,120.8846,0.4228,13.8523,-0.9847,-0.0064,2.6066,-0.017,-0.9957,-0.8822999999999999,-1.1589,-0.9776,0.4163999999999999,0.1280999999999999,4
2011-12-14 06:01:00,0.1852999999999999,3.3805,120.7393,0.4178999999999999,13.85,-0.9563,-0.0033999999999999,2.5382,-0.0094999999999999,-0.9499,-0.7998,-1.0597,-0.8553,0.0,0.1282,4
2011-12-14 06:02:00,0.1850999999999999,3.4451,120.6506,0.4578999999999999,13.8495,-0.935,-0.003,2.4697,-0.0083999999999999,-0.9048,-0.7337,-1.0305,-0.8095,0.4163999999999999,0.1285999999999999,4
2011-12-14 06:03:00,0.1852999999999999,3.4236,120.5907,0.4345999999999999,13.8494,-0.9039,-0.0077999999999999,2.5325,-0.0191999999999999,-0.873,-0.6845999999999999,-0.9813,-0.7438,0.2974,0.1273,4
2011-12-14 06:04:00,0.1849,3.402,121.0444,0.4482999999999999,13.8489,-0.8815,0.0016,2.5325,0.0043,-0.8506,-0.6449,-0.9445,-0.7286,0.1784,0.1280999999999999,4
2011-12-14 06:05:00,0.1855,3.402,121.5287,0.4026,13.8475,-0.8525,-0.0091,2.5325,-0.0207999999999999,-0.8325,-0.6325,-0.9559,-0.7270999999999999,0.0594999999999999,0.128,4
2011-12-14 06:06:00,0.1845999999999999,3.4451,121.9687,0.3655999999999999,13.8466,-0.8271,-0.0045999999999999,2.7264,-0.012,-0.8171,-0.6187,-0.9312,-0.6952,0.0,0.1282,4
2011-12-14 06:07:00,0.1857,3.3159,121.2363,0.4662999999999999,13.8452,-0.8016999999999999,-0.0033999999999999,2.561,-0.0086,-0.7815999999999999,-0.5564999999999999,-0.8596,-0.6220999999999999,0.0,0.1275999999999999,4
2011-12-14 06:08:00,0.1852999999999999,3.2729,120.6119,0.6927999999999999,13.8438,-0.7736,-0.0067999999999999,2.5325,-0.0172,-0.7182,-0.444,-0.7283,-0.5039,0.0594999999999999,0.1283999999999999,4
2011-12-14 06:09:00,0.1855,3.3805,120.6479,0.812,13.8437,-0.7412999999999998,-0.0047999999999999,2.7093,-0.0102,-0.6541,-0.3589999999999999,-0.6678,-0.4491999999999999,0.1189999999999999,0.1283,4
2011-12-14 06:10:00,0.1859,3.2083,120.6394,0.7859,13.8437,-0.7157999999999999,-0.0073,2.6808,-0.0199,-0.6229,-0.317,-0.6539,-0.4099999999999999,0.0594999999999999,0.1274,4
2011-12-14 06:11:00,0.1859,3.2944,120.6908,0.773,13.8437,-0.6831,-0.0054999999999999,2.5439,-0.0146,-0.6024,-0.2828,-0.6247,-0.3736999999999999,0.0,0.1288,4
2011-12-14 06:12:00,0.1845999999999999,3.3805,120.6977,0.7232,13.8437,-0.6523999999999999,-0.0077999999999999,2.8177,-0.0234,-0.5759999999999998,-0.2737999999999999,-0.6265,-0.3811999999999999,0.1784,0.1282,4
2011-12-14 06:13:00,0.1862,3.3159,120.59,0.6458,13.8437,-0.6189,-0.0057,2.6808,-0.0149,-0.5613,-0.2676999999999999,-0.6118,-0.3723,0.0594999999999999,0.1277,4
2011-12-14 06:14:00,0.1855,3.2944,120.5643,0.6346,13.8437,-0.5903,-0.0105,2.6694,-0.0287,-0.5449,-0.2556999999999999,-0.5954,-0.34,0.0594999999999999,0.1278,4
2011-12-14 06:15:00,0.1855,3.3159,120.5592,0.6776999999999999,13.8432,-0.5594,-0.0103,3.0516,-0.031,-0.5161999999999999,-0.2175999999999999,-0.5486999999999999,-0.3012,0.1784,0.127,4
2011-12-14 06:16:00,0.1859,3.3159,120.4806,0.7198999999999999,13.8427,-0.5323,-0.0061999999999999,2.8405,-0.0194,-0.4948,-0.2165,-0.5416999999999998,-0.3166999999999999,0.0594999999999999,0.1279,4
2011-12-14 06:17:00,0.1857,3.4235,120.4885,0.7438,13.8427,-0.4981999999999999,-0.0109999999999999,2.8347,-0.0288999999999999,-0.4665,-0.2091,-0.5206,-0.3115,0.1189999999999999,0.128,4
2011-12-14 06:18:00,0.1855,3.3803,120.4587,0.6773,13.8404,-0.4698,-0.0071,2.9487,-0.0178,-0.4446,-0.221,-0.5348,-0.3306,0.0594999999999999,0.1274,4
2011-12-14 06:19:00,0.1859,3.3372,120.466,0.6302999999999999,13.839,-0.4413,-0.005,2.6863,-0.0134,-0.4240999999999999,-0.2278999999999999,-0.541,-0.3426,0.1784,0.128,4
2011-12-14 06:20:00,0.1847999999999999,3.3372,120.4528,0.6217,13.8386,-0.4101,-0.0054999999999999,2.8517,-0.0171,-0.4022,-0.227,-0.5262999999999999,-0.3337,0.1189999999999999,0.1282,4
2011-12-14 06:21:00,0.1855,3.3371,120.4432,0.6249,13.8385,-0.3866,-0.008,2.9087,-0.0207999999999999,-0.396,-0.2503,-0.5359,-0.3513,0.1189999999999999,0.1278,4
2011-12-14 06:22:00,0.1864,3.3156,120.456,0.6008999999999999,13.8381,-0.3598,-0.0058999999999999,2.7547,-0.0167,-0.3793,-0.2581999999999999,-0.5258,-0.3714,0.0,0.1285,4
2011-12-14 06:23:00,0.1852999999999999,3.4017,120.4464,0.5745,13.8376,-0.3296999999999999,-0.0114,2.9828,-0.0361,-0.3563999999999999,-0.2684,-0.5294999999999999,-0.3845,0.0,0.1283999999999999,4
2011-12-14 06:24:00,0.1857,3.3155,120.4168,0.5703,13.8372,-0.3040999999999999,-0.0014,2.8174,-0.0027,-0.3444999999999999,-0.2702,-0.5119,-0.3957,0.0,0.1274,4
2011-12-14 06:25:00,0.1852999999999999,3.294,120.4176,0.5818999999999999,13.8381,-0.2787,-0.0038999999999999,2.8573,-0.0086999999999999,-0.3226999999999999,-0.2627999999999999,-0.503,-0.3667,-0.1784,0.1277,4
2011-12-14 06:26:00,0.1852999999999999,3.294,120.3762,0.6287,13.8362,-0.2535999999999999,-0.0025,2.8344,-0.0064,-0.3128,-0.2500999999999999,-0.4880999999999999,-0.3705,-0.1189999999999999,0.1279,4
2011-12-14 06:27:00,0.1852999999999999,3.38,120.3788,0.6712,13.8344,-0.2255999999999999,-0.0067999999999999,2.9655,-0.0184999999999999,-0.2868999999999999,-0.2335,-0.4665,-0.3459999999999999,-0.1189999999999999,0.1283999999999999,4
2011-12-14 06:28:00,0.1860999999999999,3.2293,120.3574,0.7076,13.833,-0.2051,-0.0011,2.937,-0.0028,-0.2656,-0.2217,-0.4516999999999999,-0.3276,0.0,0.1278,4
2011-12-14 06:29:00,0.1855,3.3368,120.4139,0.7567,13.8326,-0.1791,-0.01,3.0338,-0.031,-0.2374999999999999,-0.1905999999999999,-0.4199,-0.3017,-0.0594999999999999,0.1278,4
2011-12-14 06:30:00,0.1855,3.3153,120.3995,0.7822,13.8326,-0.1499,-0.0082,2.8285,-0.0253,-0.2076,-0.1613999999999999,-0.4037,-0.2775,-0.1189999999999999,0.1283,4
2011-12-14 06:31:00,0.185,3.4013,120.3777,0.7537,13.8326,-0.1313,-0.0051999999999999,3.336,-0.0176,-0.2048,-0.1701999999999999,-0.4355,-0.3144,-0.1189999999999999,0.1280999999999999,4
2011-12-14 06:32:00,0.1857,3.4228,120.3535,0.7396,13.8326,-0.1026,-0.0051999999999999,2.8969,-0.0162999999999999,-0.1804999999999999,-0.1545,-0.3938999999999999,-0.2836,-0.1784,0.1287,4
2011-12-14 06:33:00,0.1855,3.3366,120.3064,0.7035,13.8326,-0.0816,-0.0041,3.085,-0.0129999999999999,-0.1643999999999999,-0.1666,-0.4189999999999999,-0.3144,-0.1189999999999999,0.1280999999999999,4
2011-12-14 06:34:00,0.1852,3.4012,120.2501,0.6835,13.8326,-0.0522,-0.0025,3.1078,-0.0088,-0.1472999999999999,-0.1516,-0.3938999999999999,-0.2634,-0.1189999999999999,0.1279,4
2011-12-14 06:35:00,0.1857,3.4013,120.2349,0.6963,13.8325,-0.0335,-0.0077999999999999,3.0337,-0.023,-0.1300999999999999,-0.1452,-0.3925,-0.2576999999999999,-0.1189999999999999,0.1288999999999999,4
2011-12-14 06:36:00,0.1857,3.3151,120.2516,0.6595999999999999,13.8321,-0.0079,-0.0033999999999999,2.9881,-0.0097999999999999,-0.1275,-0.1758,-0.4398,-0.3215,-0.1189999999999999,0.1279,4
2011-12-14 06:37:00,0.1859,3.4442,120.2632,0.6296,13.8316,0.0388999999999999,-0.0148,3.142,-0.0465,-0.1002,-0.168,-0.4182,-0.3013,-0.1189999999999999,0.1283999999999999,4
2011-12-14 06:38:00,0.1860999999999999,3.3366,120.2645,0.6250999999999999,13.8298,0.0539999999999999,-0.0033999999999999,3.2161,-0.0109999999999999,-0.0952,-0.1889,-0.4225999999999999,-0.3158,-0.1784,0.1287,4
2011-12-14 06:39:00,0.1847999999999999,3.3581,120.2577,0.7671999999999999,13.8275,0.0781,-0.0082,3.5012,-0.029,-0.0625,-0.1223,-0.3442999999999999,-0.2152999999999999,-0.1784,0.1283,4
2011-12-14 06:40:00,0.1857,3.315,120.1968,0.9482,13.8275,0.0969,-0.0088999999999999,3.4727,-0.0304999999999999,-0.0379,-0.0594999999999999,-0.2893999999999999,-0.1388,-0.1189999999999999,0.1272,4
2011-12-14 06:41:00,0.185,3.3366,120.2363,1.1509,13.828,0.1223,0.0006999999999999,3.2219,0.0014,0.0085,0.0264999999999999,-0.2078,-0.0880999999999999,0.0,0.1280999999999999,4
2011-12-14 06:42:00,0.1860999999999999,3.2935,121.3253,1.2722,13.827,0.1395,-0.0054999999999999,3.5811,-0.0211,0.0493999999999999,0.0782,-0.1804999999999999,-0.0529999999999999,-0.1784,0.1279,4
2011-12-14 06:43:00,0.1857,3.3366,121.4437,1.3472,13.827,0.1653,-0.0038999999999999,3.4784,-0.0141,0.0889,0.135,-0.1208999999999999,0.0023999999999999,-0.1189999999999999,0.1288,4
2011-12-14 06:44:00,0.1857,3.2935,121.3643,1.3938,13.827,0.188,-0.0067999999999999,3.6095,-0.0233,0.1131,0.1656999999999999,-0.1203999999999999,0.0252,-0.1189999999999999,0.1280999999999999,4
2011-12-14 06:45:00,0.1855,3.3796,121.3684,1.3502,13.827,0.2132999999999999,0.0011,3.6209,0.0063,0.1303999999999999,0.1721999999999999,-0.1384,0.0287999999999999,-0.1189999999999999,0.1292,4
2011-12-14 06:46:00,0.185,3.3581,121.3818,1.2866,13.8266,0.2329,-0.0047999999999999,3.5639,-0.0165,0.1313,0.1759,-0.1338999999999999,0.034,-0.1784,0.1290999999999999,4
2011-12-14 06:47:00,0.1857,3.3366,121.3148,1.2723,13.8247,0.2561999999999999,-0.0067999999999999,4.043,-0.0282999999999999,0.1489,0.1877999999999999,-0.1178,0.0473,-0.1784,0.1277,4
2011-12-14 06:48:00,0.1857,3.272,121.2659,1.2279,13.8252,0.2747999999999999,-0.0094,4.3452,-0.0408,0.1595999999999999,0.1812,-0.1482,0.027,-0.0594999999999999,0.1283,4
2011-12-14 06:49:00,0.1857,3.3365,121.229,1.0818,13.8234,0.3018,-0.0114,4.5732,-0.0505,0.1590999999999999,0.1188,-0.2106,-0.0512999999999999,-0.2974,0.1288999999999999,4
2011-12-14 06:50:00,0.1860999999999999,3.3796,121.2144,0.8368999999999999,13.8229,0.311,-0.0016,4.7956,-0.007,0.1366999999999999,0.0357999999999999,-0.2742,-0.1322,-0.3569,0.1278,4
2011-12-14 06:51:00,0.1859,3.3365,121.2275,0.6358,13.822,0.3315,-0.0014,5.4171,-0.0073,0.1283999999999999,-0.0114,-0.2983,-0.1504999999999999,-0.4758,0.1280999999999999,4
2011-12-14 06:52:00,0.185,3.3149,121.2763,0.4224999999999999,13.822,0.3522,-0.0025,5.685,-0.0119,0.1232,-0.0714,-0.3476,-0.1998,-0.5948,0.1278,4
2011-12-14 06:53:00,0.185,3.3149,121.2485,0.258,13.8215,0.3674999999999999,-0.0061999999999999,6.3636,-0.0376999999999999,0.1139,-0.1275,-0.3791999999999999,-0.2500999999999999,-0.4758,0.1282,4
2011-12-14 06:54:00,0.1860999999999999,3.2935,121.2269,0.1713,13.8215,0.3844,-0.0020999999999999,6.8256,-0.0118,0.0991999999999999,-0.1841,-0.4379,-0.3204,-0.7137999999999999,0.1279,4
2011-12-14 06:55:00,0.1855,3.3365,121.2328,0.0587,13.8215,0.3929,-0.0008,7.6696,-0.0164,0.0796,-0.2564,-0.498,-0.4062999999999999,-0.6542999999999999,0.1290999999999999,4
2011-12-14 06:56:00,0.1865,3.3581,121.1888,0.0080999999999999,13.8215,0.4061,0.0011,9.1865,0.0126999999999999,0.0667999999999999,-0.3101999999999999,-0.5288,-0.44,-0.6542999999999999,0.1280999999999999,4
2011-12-14 06:57:00,0.1857,3.3581,121.1721,0.0638999999999999,13.8215,0.4154999999999999,-0.0033999999999999,9.466,-0.032,0.0575,-0.3304,-0.5272999999999999,-0.4457999999999999,-0.7137999999999999,0.1279,4
2011-12-14 06:58:00,0.185,3.3151,121.1635,0.2553,13.8215,0.4307,-0.0091,9.3578,-0.0855,0.0705999999999999,-0.2906,-0.4657999999999999,-0.3814,-0.7137999999999999,0.1288,4
2011-12-14 06:59:00,0.1852,3.3367,121.1895,0.3728,13.8215,0.4358,-0.0008999999999999,9.6087,-0.0085,0.0792999999999999,-0.2500999999999999,-0.4361999999999999,-0.3352,-0.6542999999999999,0.1285,4
2011-12-14 07:00:00,0.1857,3.3366,121.2898,0.5043999999999998,13.8215,0.4471,0.0014,9.7454,0.0123,0.0927,-0.1819,-0.3584999999999999,-0.2273,-0.4163999999999999,0.1285999999999999,4
2011-12-14 07:01:00,0.1855,3.3151,121.199,0.5867,13.8215,0.4583999999999999,-0.0014,9.9735,-0.0161999999999999,0.1026,-0.1302,-0.3285,-0.1857,-0.2974,0.1282,4
2011-12-14 07:02:00,0.1857,3.272,121.1576,0.7091,13.8215,0.4737,0.0006999999999999,10.2869,0.0083999999999999,0.1258,-0.0738999999999999,-0.2843999999999999,-0.1539,-0.0594999999999999,0.1287,4
2011-12-14 07:03:00,0.185,3.4011,121.1622,0.8858,13.8215,0.4787,-0.0094,9.916200000000002,-0.0932999999999999,0.1560999999999999,0.004,-0.2114999999999999,-0.0709,-0.0594999999999999,0.1283999999999999,4
2011-12-14 07:04:00,0.1860999999999999,3.2933,121.157,0.9285,13.8215,0.4787,0.0041,10.1553,0.0442999999999999,0.1741,0.0551999999999999,-0.1739999999999999,-0.0262,0.0,0.1279,4
2011-12-14 07:05:00,0.1860999999999999,3.3795,121.1901,1.1374,13.8215,0.4994,0.0006999999999999,10.2979,0.0077999999999999,0.2323,0.1711,-0.0574,0.1055,0.1784,0.1279,4
2011-12-14 07:06:00,0.1862999999999999,3.358,121.2085,1.3812,13.8215,0.5081,-0.0097999999999999,12.0772,-0.1208,0.2856,0.2755,0.0247999999999999,0.233,0.4758,0.1287,4
2011-12-14 07:07:00,0.1859,3.4442,121.1926,1.394,13.8215,0.5217,0.0002999999999999,14.5236,0.021,0.3358999999999999,0.3488999999999999,0.0347999999999999,0.274,0.7732999999999999,0.1279,4
2011-12-14 07:08:00,0.1862999999999999,3.2506,121.1592,1.4025,13.8215,0.5352,0.0018,19.189,0.0376,0.3768,0.4229,0.0922999999999999,0.3437,1.1896,0.1285999999999999,4
2011-12-14 07:09:00,0.1852,3.3367,121.1397,1.4755,13.8215,0.5533,0.0074999999999999,28.4839,0.2233,0.4315999999999999,0.5071999999999999,0.1802999999999999,0.4279999999999999,2.1413,0.1280999999999999,4
2011-12-14 07:10:00,0.1855,3.2936,121.1497,1.4687,13.8215,0.5645999999999999,0.0095999999999999,43.783,0.4057999999999999,0.4709999999999999,0.5616999999999999,0.2182,0.4768,3.6283,0.1268,4
2011-12-14 07:11:00,0.1860999999999999,3.272,121.173,1.5428,13.8215,0.5815,0.0254999999999999,54.0185,1.3825,0.5139,0.6399,0.3007,0.552,4.9964,0.1287,4
2011-12-14 07:12:00,0.1855,3.315,121.2639,1.6688,13.8211,0.6056,0.023,60.2676,1.4014,0.5789999999999998,0.7374,0.4018999999999999,0.633,6.6619,0.1275999999999999,4
2011-12-14 07:13:00,0.2596999999999999,2.8199,121.294,1.6977,13.8215,0.6194,0.0191999999999999,180.2369,2.8478,0.6194,0.7878,0.4308,0.664,7.1972,0.1053,4
2011-12-14 07:14:00,0.3660999999999999,1.1193,121.3016,1.8696,13.8206,0.6431,0.0151,196.738,2.8767,0.6734,0.8812999999999999,0.5373,0.7855999999999999,7.2567,0.0430999999999999,4
2011-12-14 07:15:00,0.4549,1.679,121.3766,2.0612,13.8188,0.6519,0.0202999999999999,194.3054,3.8509,0.7369,0.9736,0.5979999999999999,0.8614,8.3868,0.0446999999999999,4
2011-12-14 07:16:00,0.5681,2.1742,121.2942,2.1094,13.8183,0.6742,0.0492999999999999,159.9681,7.876,0.8044999999999999,1.0742,0.6821,0.939,15.9409,0.0253999999999999,4
2011-12-14 07:17:00,0.5449,1.7867,121.2894,2.0754,13.8169,0.693,0.0519999999999999,157.5121,8.1924,0.8535,1.1571,0.7506,1.0053,17.3685,0.0214999999999999,4
2011-12-14 07:18:00,0.5396999999999998,2.7983,121.1974,2.0426,13.816,0.7187999999999999,0.0611,157.5937,9.631900000000002,0.903,1.2138,0.8001,1.0512,19.6288,0.0371999999999999,4
2011-12-14 07:19:00,0.5109,9.3419,121.1851,2.0918,13.8156,0.7339999999999999,0.1159,157.502,18.2515,0.9456,1.3095,0.901,1.1513,37.8895,0.1557999999999999,4
2011-12-14 07:20:00,0.5362,17.5646,121.2104,2.1423,13.8146,0.7563999999999999,0.1719999999999999,157.6499,27.1102,1.0018,1.4764,1.063,1.3111,56.864,0.2713999999999999,4
2011-12-14 07:21:00,0.5379,18.4686,121.1707,2.2031,13.8125,0.7752999999999999,0.1688,157.5981,26.6012,1.0775,1.6354,1.2206,1.4528,58.47,0.2884999999999999,4
2011-12-14 07:22:00,0.5176,10.9778,121.1911,2.2885,13.8123,0.7994,0.1218,157.2215,19.1475,1.1613,1.7392,1.3123,1.5552,42.3506,0.1781,4
2011-12-14 07:23:00,0.5551,3.5086,121.1288,2.235,13.8101,0.8233,0.0611,157.3335,9.6124,1.2132,1.6869,1.2161,1.5094,21.7701,0.0485999999999999,4
2011-12-14 07:24:00,0.5661,0.5166,121.1452,1.6408,13.8101,0.8477,0.0444999999999999,157.5741,7.0082,1.2053,1.4454,0.9946,1.2326,12.61,-0.0047999999999999,4
2011-12-14 07:25:00,0.5726,0.8395,121.0655,1.0998,13.8102,0.8696,0.0483999999999999,157.4942,7.6166,1.1912,1.2961,0.9042,1.12,12.4911,0.003,4
2011-12-14 07:26:00,0.5633,2.5399,121.1296,0.7932,13.8102,0.8916,0.0625,157.2935,9.8303,1.1715,1.1305,0.7440999999999999,0.9593,15.8815,0.032,4
2011-12-14 07:27:00,0.5312,5.4673,121.1141,0.4766,13.8103,0.9054,0.0782,157.6925,12.3367,1.1399,0.9939,0.655,0.8470999999999999,21.9486,0.0805,4
2011-12-14 07:28:00,0.5148,7.1247,121.0816,0.2974,13.8103,0.9261,0.0931,157.3618,14.6436,1.1333,0.9132,0.5965,0.7858,26.826,0.1153,4
2011-12-14 07:29:00,0.5021999999999999,6.5003,121.1615,0.2263999999999999,13.8099,0.9464,0.0942,157.7159,14.8559,1.1443,0.8615,0.5701,0.7363,25.2201,0.1065,4
2011-12-14 07:30:00,0.5253999999999999,5.4671,121.1013,0.1976999999999999,13.8099,0.9539,0.0732,157.7326,11.5468,1.1324,0.8136999999999999,0.5531,0.7014,21.1753,0.0772999999999999,4
2011-12-14 07:31:00,0.5448,5.5098,121.0886,0.4509,13.8091,0.9724,0.0774999999999999,157.3807,12.2023,1.1443,0.8450999999999999,0.6097,0.7442999999999999,19.9857,0.0761,4
2011-12-14 07:32:00,0.5509,5.5744,121.1432,0.5534,13.8095,0.9893,0.0729999999999999,157.4375,11.4873,1.1584,0.7857,0.5323999999999999,0.6346,20.0452,0.0756,4
2011-12-14 07:33:00,0.5411,5.5958,121.1893,0.4229999999999999,13.8092,0.9893,0.0757,157.1502,11.9004,1.1296,0.6864,0.4625,0.5482,20.3426,0.0777,4
2011-12-14 07:34:00,0.5379,5.5958,121.1925,0.7319999999999999,13.8092,1.01,0.083,157.4292,13.0679,1.1432,0.7244,0.5474,0.6293999999999998,20.8779,0.081,4
2011-12-14 07:35:00,0.5372,6.0047,121.1895,0.9444,13.809,1.0153,0.0875999999999999,157.5587,13.7994,1.1535,0.7369,0.5685,0.6432999999999999,21.7107,0.0855,4
2011-12-14 07:36:00,0.5268,6.0477,121.1483,1.0779,13.809,1.0323,0.0864,157.4159,13.606,1.1711,0.7653999999999999,0.5948,0.6538,22.6624,0.0935,4
2011-12-14 07:37:00,0.5169,6.7363,121.2277,1.2253,13.8089,1.0407,0.0943999999999999,157.6256,14.8776,1.199,0.8019,0.6407,0.6967999999999999,24.1494,0.1072,4
2011-12-14 07:38:00,0.5163999999999999,7.4465,121.2349,1.3049,13.8089,1.0545,0.1008,157.3959,15.8639,1.2271,0.8466,0.6673999999999999,0.7350999999999999,25.8149,0.1206,4
2011-12-14 07:39:00,0.5151,7.876699999999999,121.1661,1.3871,13.8092,1.0752,0.1067,157.5448,16.809,1.2601,0.9062,0.7328,0.7996999999999999,27.3019,0.1259,4
2011-12-14 07:40:00,0.514,7.9627,121.1545,1.5535,13.8077,1.0752,0.1056,157.5545,16.6318,1.2809,0.9731,0.7939,0.8867,28.4915,0.1361,4
2011-12-14 07:41:00,0.506,8.9739,121.1637,1.9375,13.809,1.0955,0.1106,157.5395,17.4211,1.3516,1.097,0.8891,1.0136,29.7407,0.1507,4
2011-12-14 07:42:00,0.5138,10.265,121.188,2.1058,13.8071,1.1143,0.1129,157.4693,17.7724,1.4106,1.1892,0.9612,1.1065,31.4656,0.168,4
2011-12-14 07:43:00,0.514,10.8244,121.2323,2.1479,13.8052,1.1232,0.1254,157.3186,19.7316,1.4547,1.2563,1.0125,1.2002,33.3095,0.1822,4
2011-12-14 07:44:00,0.5149,12.223,121.1746,2.1896,13.8046,1.1418,0.1307,157.6248,20.5952,1.5086,1.326,1.1102,1.2807,35.0345,0.1952,4
2011-12-14 07:45:00,0.5174999999999998,12.9546,121.2348,2.1552,13.8037,1.1588,0.1405,157.6174,22.1429,1.5578,1.3803,1.2128,1.3904,37.1758,0.2112,4
2011-12-14 07:46:00,0.511,15.9886,121.2167,2.1057,13.8031,1.1757,0.1472999999999999,171.9239,25.317,1.6093,1.4253,1.2247,1.4411,39.4361,0.2656,4
2011-12-14 07:47:00,0.5441,22.4441,121.2686,2.1771,13.8031,1.1966,0.1519,206.7973,31.381,1.6682,1.4728,1.3096,1.5209,41.9343,0.342,4
2011-12-14 07:48:00,0.5859999999999999,27.673,121.1787,2.1514,13.803,1.2186,0.1603,241.9436,38.7953,1.7247,1.5034,1.3136,1.5458,44.7894,0.3917999999999999,4
2011-12-14 07:49:00,0.6085,28.1893,121.2567,2.1781,13.8007,1.2395,0.1405,276.6797,38.7226,1.775,1.5444,1.3654,1.6134,47.823,0.3881999999999999,4
2011-12-14 07:50:00,0.5890999999999998,26.4898,121.2842,2.1602,13.7993,1.2578,0.127,285.9812,36.1108,1.8177,1.5893,1.406,1.6475,51.0944,0.3701999999999999,4
2011-12-14 07:51:00,0.6025,35.9368,121.1843,2.1008,13.7979,1.2808,0.1809999999999999,251.9235,45.5444,1.8701,1.6115,1.4138,1.6366,54.128,0.5086,4
2011-12-14 07:52:00,0.5871,36.9047,121.3128,2.0331,13.7974,1.2977,0.2093,236.3359,49.4709,1.9143,1.6349,1.4236,1.6342,56.9236,0.5241,4
2011-12-14 07:53:00,0.6069999999999999,38.9919,121.273,1.8863,13.7974,1.3229,0.2170999999999999,236.4318,51.3209,1.9654,1.6364,1.4193,1.6069,59.3029,0.5338,4
2011-12-14 07:54:00,0.6224,40.9711,121.2461,1.6288,13.7973,1.3373,0.2305,236.4408,54.5035,1.9984,1.6378,1.4279,1.5803,61.7416,0.5525999999999999,4
2011-12-14 07:55:00,0.6019999999999999,43.5317,121.1637,1.519,13.7973,1.3583,0.2358,236.389,55.7302,2.0367,1.6538,1.4605,1.5978,64.3588,0.6056,4
2011-12-14 07:56:00,0.6057,46.0275,121.1251,1.5543,13.7973,1.3785,0.2504,236.3699,59.1786,2.0776,1.7041,1.5252,1.6524,67.5708,0.6349,4
2011-12-14 07:57:00,0.6198,49.083,121.2857,1.5149,13.7964,1.4013,0.2642999999999999,236.3239,62.4452,2.1147,1.765,1.599,1.7082,71.4371,0.6595999999999999,4
2011-12-14 07:58:00,0.6443999999999999,53.1496,121.2112,1.6059,13.7964,1.4163,0.2841,236.3621,67.152,2.1477,1.8619,1.7125,1.8095,76.0766,0.6831,4
2011-12-14 07:59:00,0.6663,57.4962,121.1581,1.7299,13.795,1.4384,0.2984999999999999,236.2023,70.4952,2.2128,1.9787,1.8365,1.9256,81.3704,0.7166,4
2011-12-14 08:00:00,0.679,60.207,121.2788,1.8249,13.7931,1.4589,0.3094,238.9312,73.91759999999998,2.275,2.0976,1.977,2.0517,84.40399999999998,0.7371999999999999,4
2011-12-14 08:01:00,0.7446,66.77,121.1795,2.1809,13.7927,1.4847,0.3348999999999999,247.789,83.00419999999998,2.3581,2.2871,2.1966,2.2849,90.59,0.7420999999999999,4
2011-12-14 08:02:00,0.8538,84.9522,121.1892,2.4355,13.7922,1.5074,0.4128999999999999,250.2674,103.2457,2.4583,2.5243,2.4311,2.5322,110.9326,0.8103,4
2011-12-14 08:03:00,1.0383,111.3113,121.1891,2.5389,13.7917,1.5344,0.5116,252.5985,129.2211,2.5835,2.8374,2.742,2.8438,140.1974,0.8680999999999999,4
2011-12-14 08:04:00,1.22,132.9578,121.2417,2.7677,13.7913,1.572,0.6117,250.4316,153.258,2.7531,3.262,3.1724,3.2735,167.2614,0.89,4
2011-12-14 08:05:00,1.3818,152.754,121.2434,2.9394,13.7899,1.6031,0.6653,259.3179,172.5522,2.9447,3.7091,3.5988,3.7012,185.8196,0.9085,4
2011-12-14 08:06:00,1.472,163.6414,121.4209,3.0635,13.7885,1.6443,0.7016,263.1248,184.5929,3.1628,4.1416,4.0264,4.1237,196.4668,0.9153,4
2011-12-14 08:07:00,1.514,168.2891,121.4294,2.8736,13.7862,1.6869,0.7266,261.5571,190.0644,3.383,4.5193,4.3606,4.3892,202.5926,0.9167,4
2011-12-14 08:08:00,1.5508,172.6999,121.4035,2.2039,13.7862,1.7341,0.7184,268.1287,192.632,3.5669,4.7479,4.5542,4.5063,203.9587,0.92,4
2011-12-14 08:09:00,1.5283,169.4937,121.453,1.9452,13.7844,1.7825,0.6986,272.204,190.1541,3.7153,4.9625,4.7689,4.776,199.3788,0.9185,4
2011-12-14 08:10:00,1.474,162.1129,121.2203,1.8117,13.7825,1.8377,0.6725999999999999,272.7337,183.4299,3.8262,5.1259,4.9652,4.9617,191.0519,0.9158,4
2011-12-14 08:11:00,1.4115,155.2057,121.2732,1.6951,13.7807,1.8851,0.6362999999999999,275.196,175.1099,3.9264,5.2273,5.0788,5.0538,183.0222,0.9142,4
2011-12-14 08:12:00,1.4134,156.3029,121.3911,1.701,13.7807,1.9518,0.6533999999999999,273.0069,178.3928,4.0493,5.3749,5.2585,5.2235,183.9741,0.9142,4
2011-12-14 08:13:00,1.4097,155.7649,121.2508,1.7754,13.7802,2.0167,0.6413999999999999,275.6116,176.7736,4.2049,5.5557,5.4651,5.4594,183.0815,0.9156,4
2011-12-14 08:14:00,1.3749,150.7082,121.2678,1.8241,13.7765,2.0683,0.6318,269.3358,170.1587,4.3213,5.6591,5.6305,5.5171,177.9062,0.9107,4
2011-12-14 08:15:00,1.3273,144.6402,121.3583,1.9086,13.777,2.1274,0.6169999999999999,266.7535,164.584,4.4317,5.6564,5.6792,5.4281,171.8984,0.907,4
2011-12-14 08:16:00,1.2592,135.6674,121.1668,2.0253,13.7752,2.1856,0.5767999999999999,264.9009,152.8113,4.5318,5.7021,5.7998,5.5665,162.3219,0.8993999999999999,4
2011-12-14 08:17:00,1.178,125.7262,121.2573,2.1465,13.7752,2.2425,0.5499,263.6809,145.0016,4.6763,5.8099,5.8948,5.5688,151.6147,0.8902999999999999,4
2011-12-14 08:18:00,1.1547,123.5745,121.1957,2.1515,13.7747,2.2995,0.5373999999999999,267.6024,143.7905,4.7752,5.8088,5.8538,5.4857,148.3428,0.887,4
2011-12-14 08:19:00,1.1865,127.8348,121.2179,2.1654,13.7742,2.356,0.5505999999999999,267.7505,147.4295,4.8294,5.803,5.8209,5.4827,152.385,0.8916,4
2011-12-14 08:20:00,1.2263,132.9775,121.2179,2.2158,13.7733,2.4128,0.5723,265.9835,152.2107,4.8875,5.8581,5.9052,5.6021,158.1532,0.8971,4
2011-12-14 08:21:00,1.2769,139.3251,121.3238,2.2741,13.771,2.4705,0.6129,260.2492,159.4805,4.9854,5.9687,6.0799,5.7641,166.1815,0.8992,4
2011-12-14 08:22:00,1.3831,153.462,121.3751,2.311,13.7696,2.5267,0.6571,265.7154,174.6444,5.1064,6.1586,6.2926,5.9569,179.6826,0.9093,4
2011-12-14 08:23:00,1.5622,177.0665,121.4589,2.3401,13.7696,2.5819,0.7512999999999999,266.6159,200.1692,5.2127,6.2946,6.3645,6.0274,203.5316,0.9219,4
2011-12-14 08:24:00,1.9172,218.7456,121.6128,2.2241,13.7678,2.6407,0.9115,269.6426,245.8725,5.2419,6.4235,6.4093,6.1471,247.1279,0.9358,4
2011-12-14 08:25:00,2.4089,277.7461,121.7136,2.0852,13.7641,2.6996,1.1097,276.3229,306.6577,5.3113,6.6344,6.717,6.321,308.5651,0.9477,4
2011-12-14 08:26:00,2.7946,325.5792,121.7769,2.0584,13.7641,2.7595,1.2996,274.0315,356.1701,5.5207,7.2232,7.4621,7.0404,362.9856,0.9523,4
2011-12-14 08:27:00,2.9747,345.6548,121.8794,2.2377,13.7641,2.8188,1.3817,272.196,376.0778,5.897,7.9678,8.1574,7.7384,387.422,0.9551,4
2011-12-14 08:28:00,2.8811,332.1635,121.8247,2.347,13.7637,2.8811,1.3386,269.0097,360.0677,6.2163,8.5463,8.6264,8.1005,376.4778,0.9532,4
2011-12-14 08:29:00,2.4803,283.7708,121.6656,2.2609,13.7595,2.9573,1.1505,268.166,308.5109,6.3784,8.670099999999998,8.6807,8.279099999999998,323.5382,0.9474,4
2011-12-14 08:30:00,2.1716,244.9535,121.6075,2.0774,13.7586,3.0302,1.0027,267.6246,268.3766,6.4123,8.571899999999998,8.711,8.243399999999998,280.0029,0.9411,4
2011-12-14 08:31:00,1.9003,212.5914,121.534,2.1069,13.7582,3.1036,0.8805,265.2647,233.5766,6.5514,8.6096,8.9046,8.3776,245.4446,0.9338,4
2011-12-14 08:32:00,1.6146,178.3358,121.3886,2.0422,13.7536,3.1746,0.7435,267.4934,198.837,6.5478,8.1391,8.3967,7.8159,207.0845,0.9231,4
2011-12-14 08:33:00,1.3604,147.028,121.3835,2.1485,13.7531,3.2439,0.6121999999999999,271.301,166.0372,6.3532,7.4405,7.8754,7.1632,172.4711,0.9078,4
2011-12-14 08:34:00,1.2224,131.3849,121.3647,2.082,13.7531,3.3152,0.554,271.2155,150.2616,6.209,6.8918,7.465099999999999,6.6819,154.9857,0.8969,4
2011-12-14 08:35:00,1.1484,121.6375,121.3493,2.1137,13.7531,3.38,0.5191999999999999,270.6796,140.5143,6.1644,6.6124,7.3261,6.4372,144.3977,0.8839,4
2011-12-14 08:36:00,1.1034,115.6342,121.3304,2.164,13.7531,3.4461,0.5005,271.1242,135.662,6.2322,6.4944,7.167,6.2458,137.9148,0.874,4
2011-12-14 08:37:00,1.0584,110.5346,121.2962,2.1751,13.7517,3.5184,0.4814999999999999,269.5738,129.8177,6.1837,6.3426,6.9478,6.1517,131.9664,0.8685,4
2011-12-14 08:38:00,1.0415,108.4904,121.2193,2.2262,13.7499,3.5737,0.4793,263.3323,126.1971,6.1433,6.283,6.9573,6.1726,129.825,0.8647,4
2011-12-14 08:39:00,1.0327,107.1563,121.2347,2.3879,13.7481,3.6255,0.4806,263.338,126.5619,6.2234,6.2918,6.8921,6.1243,128.6346,0.8626,4
2011-12-14 08:40:00,1.0301,106.8981,121.233,2.5784,13.7476,3.6773,0.4662999999999999,269.4199,125.6179,6.2343,6.178,6.6452,6.0069,127.5633,0.8637,4
2011-12-14 08:41:00,1.0255,106.5108,121.3099,2.5102,13.7476,3.7274,0.4502999999999999,274.8861,123.7743,6.1522,6.0589,6.4856,5.8892,127.0269,0.8646,4
2011-12-14 08:42:00,1.0322,107.6728,121.2141,2.4818,13.7462,3.7739,0.4678999999999999,269.0721,125.8711,6.1259,5.9491,6.4002,5.7673,127.6801,0.8641999999999999,4
2011-12-14 08:43:00,1.0364,108.3183,121.315,2.5151,13.7449,3.8222,0.4714999999999999,266.5927,125.6814,6.0857,5.7934,6.261,5.6065,128.7492,0.8649,4
2011-12-14 08:44:00,1.0519,109.4156,121.3219,2.6253,13.7435,3.8652,0.4818,264.8143,127.5554,6.0849,5.722,6.2488,5.6058,130.1157,0.8662999999999998,4
2011-12-14 08:45:00,1.0545,109.7384,121.2158,2.7725,13.7421,3.9098,0.4940999999999999,259.462,128.187,6.125,5.7729,6.269,5.7194,131.2444,0.8672999999999998,4
2011-12-14 08:46:00,1.0612,111.3952,121.1748,2.879,13.7421,3.9491,0.4990999999999999,263.1556,131.3451,6.177,5.862,6.3751,5.8328,132.4917,0.8697,4
2011-12-14 08:47:00,1.0757,112.8799,121.262,2.9862,13.7421,3.9956,0.4934,267.7612,132.1176,6.1941,5.867,6.2568,5.7707,133.0259,0.8714,4
2011-12-14 08:48:00,1.0751,112.923,121.262,3.0159,13.7417,4.0369,0.4773999999999999,275.0457,131.2773,6.1412,5.8104,6.1875,5.7163,133.3216,0.8727,4
2011-12-14 08:49:00,1.0684,112.7078,121.4228,2.9281,13.7398,4.0817,0.4736,276.6132,130.9867,6.044,5.644,6.0283,5.557,133.3803,0.8730999999999999,4
2011-12-14 08:50:00,1.0651,112.299,121.327,2.9825,13.7375,4.1208,0.4758,279.8337,133.1315,6.0152,5.5938,6.0188,5.5325,133.557,0.8727,4
2011-12-14 08:51:00,1.0688,112.4711,121.3783,3.0638,13.7366,4.1638,0.4682999999999999,282.3645,132.2256,6.0537,5.6252,6.0644,5.571,134.7457,0.8735,4
2011-12-14 08:52:00,1.0746,113.7191,121.3509,3.1253,13.7366,4.2014,0.4676,282.6665,132.1604,6.0499,5.615,6.0285,5.5465,136.8254,0.8752999999999999,4
2011-12-14 08:53:00,1.0976,116.4949,121.51,3.2299,13.7361,4.2425,0.4834,281.6919,136.1504,6.0794,5.6645,6.0908,5.6024,138.7277,0.8777,4
2011-12-14 08:54:00,1.1125,117.872,121.4142,3.3157,13.7366,4.2784,0.4827,282.7578,136.4563,6.1116,5.7795,6.2299,5.7623,141.0436,0.8789,4
2011-12-14 08:55:00,1.1348,121.3578,121.433,3.4983,13.7357,4.3176,0.5109,277.6677,141.8517,6.2019,5.9361,6.3266,5.8356,142.7079,0.8833999999999999,4
2011-12-14 08:56:00,1.1519,123.2943,121.4125,3.6827,13.732,4.3571,0.5198,275.9976,143.4571,6.2456,6.0853,6.4685,5.9833,144.7878,0.8843999999999999,4
2011-12-14 08:57:00,1.1661,124.6499,121.5151,3.7685,13.7311,4.3982,0.515,279.1554,143.7615,6.3164,6.2459,6.6183,6.1725,146.8093,0.8848,4
2011-12-14 08:58:00,1.1869,127.6839,121.3663,3.8366,13.7306,4.4411,0.5454,272.8284,148.7752,6.4169,6.414,6.7216,6.2837,148.6514,0.8907,4
2011-12-14 08:59:00,1.1984,129.5989,121.3697,3.7935,13.7306,4.4786,0.5559,269.7505,149.9419,6.4435,6.4514,6.7105,6.3267,151.1484,0.8948,4
2011-12-14 09:00:00,1.2178,131.7506,121.3372,3.8031,13.7303,4.5234,0.5656999999999999,268.9126,152.0983,6.4304,6.4347,6.6995,6.31,153.5239,0.8959,4
2011-12-14 09:01:00,1.2367,134.5479,121.3441,3.9858,13.7307,4.5663,0.5611,274.7151,154.1365,6.4767,6.5636,6.9102,6.5038,156.1399,0.9,4
2011-12-14 09:02:00,1.2624,137.173,121.2842,4.0889,13.7276,4.6111,0.5805,271.3065,157.4876,6.5997,6.7855,7.112,6.7314,159.1103,0.9018,4
2011-12-14 09:03:00,1.2806,139.7121,121.315,4.1555,13.7271,4.6503,0.6035,267.9663,161.7025,6.6885,6.9298,7.2534,6.8792,162.2018,0.9038,4
2011-12-14 09:04:00,1.2977,142.2726,121.3612,4.2502,13.7249,4.7003,0.6085,271.8708,165.4239,6.7968,7.1048,7.4375,7.0074,165.1727,0.9076,4
2011-12-14 09:05:00,1.3191,144.7901,121.3526,4.327,13.7224,4.7468,0.6009999999999999,277.035,166.4743,6.9142,7.3488,7.6565,7.325999999999999,168.0267,0.9082,4
2011-12-14 09:06:00,1.3353,147.114,121.2517,4.4315,13.7186,4.7996,0.6056,278.6994,168.744,7.045,7.5682,7.8631,7.4943,170.9403,0.91,4
2011-12-14 09:07:00,1.3623,150.3631,121.3287,4.4955,13.7184,4.8498,0.6318,273.2787,172.6565,7.1584,7.7099,7.9393,7.6069,173.4368,0.912,4
2011-12-14 09:08:00,1.3896,153.0313,121.4176,4.5771,13.718,4.8997,0.6487,269.9898,175.1041,7.2443,7.8704,8.1189,7.7759,176.3487,0.9118,4
2011-12-14 09:09:00,1.408,155.6994,121.2945,4.6456,13.717,4.9553,0.6532,273.2103,178.451,7.3699,8.0831,8.3571,8.0058,179.1434,0.9138,4
2011-12-14 09:10:00,1.4251,158.0879,121.3355,4.6996,13.7133,5.0093,0.6433999999999999,277.2801,178.3925,7.4798,8.2709,8.4851,8.157999999999998,181.9382,0.9169,4
2011-12-14 09:11:00,1.4495,160.4978,121.3697,4.7424,13.7122,5.0722,0.6625999999999999,277.2231,183.6736,7.6127,8.447599999999998,8.6455,8.3731,184.8508,0.9181,4
2011-12-14 09:12:00,1.4772,164.0051,121.4005,4.7094,13.7106,5.1319,0.687,270.5883,185.8668,7.6657,8.4409,8.607599999999998,8.2607,187.5846,0.9167,4
2011-12-14 09:13:00,1.4997,166.0708,121.3304,4.747,13.7076,5.191,0.7049999999999998,266.7409,188.0374,7.7565,8.5698,8.795999999999998,8.4379,190.0809,0.9159,4
2011-12-14 09:14:00,1.5187,168.7174,121.3475,4.8376,13.706,5.2484,0.7013,270.9759,190.0327,7.8328,8.710599999999998,8.9062,8.5687,192.6961,0.919,4
2011-12-14 09:15:00,1.5425,171.2565,121.2996,4.914,13.7058,5.3118,0.7187,269.3344,193.5361,7.9236,8.8763,9.1534,8.739499999999998,195.4896,0.9196,4
2011-12-14 09:16:00,1.5557,173.1069,121.3304,4.9859,13.7048,5.3743,0.7225,268.5534,194.0014,8.0234,8.977399999999998,9.197,8.8299,197.9267,0.9203,4
2011-12-14 09:17:00,1.57,174.5486,121.3048,5.0333,13.7,5.4353,0.7461999999999999,263.7427,196.7675,8.085599999999998,9.0692,9.2725,8.9176,200.423,0.9207,4
2011-12-14 09:18:00,1.5728,175.3017,121.3595,5.067,13.7,5.4992,0.7567,260.1688,196.8761,8.110799999999998,9.0894,9.3132,8.8648,203.0387,0.9215,4
2011-12-14 09:19:00,1.61,180.2077,121.3253,5.1044,13.698,5.5653,0.7526,270.2406,203.3527,8.1651,9.1684,9.4021,8.993399999999998,205.7728,0.9246,4
2011-12-14 09:20:00,1.639,183.672,121.3458,5.0846,13.6956,5.6266,0.7599,272.3838,206.9803,8.2233,9.1521,9.4375,8.9785,208.6264,0.9259,4
2011-12-14 09:21:00,1.6609,186.3616,121.3629,5.1528,13.6941,5.6897,0.7736,271.4319,209.9571,8.3528,9.413,9.798,9.3989,212.0742,0.9267,4
2011-12-14 09:22:00,1.6842,188.9222,121.3749,5.204,13.6927,5.7545,0.7854999999999999,268.8328,211.1465,8.489499999999998,9.6097,10.0073,9.5396,214.9872,0.928,4
2011-12-14 09:23:00,1.7045,191.3537,121.3065,5.255,13.6898,5.8198,0.7941,268.2457,213.0103,8.602,9.7445,10.1003,9.6766,217.8999,0.9288,4
2011-12-14 09:24:00,1.7299,194.6243,121.3219,5.2639,13.6889,5.9047,0.811,268.7643,217.9541,8.6858,9.8267,10.181,9.7722,221.2887,0.9305,4
2011-12-14 09:25:00,1.7562,198.2392,121.3492,5.2791,13.6879,5.9751,0.8244,269.2831,221.9872,8.7544,9.8577,10.2445,9.7749,224.7954,0.9317,4
2011-12-14 09:26:00,1.7885,201.8326,121.2689,5.2695,13.6851,6.0416,0.8428999999999999,269.1462,226.8455,8.842499999999998,9.9562,10.4277,9.9152,229.4922,0.9327,4
2011-12-14 09:27:00,1.8095,204.178,121.2381,5.2573,13.6828,6.109,0.8501999999999998,267.8296,227.6798,8.8962,9.9935,10.4347,9.8818,232.0479,0.9335,4
2011-12-14 09:28:00,1.8218,205.8348,121.1645,5.2141,13.6828,6.1792,0.8664,265.7776,230.2646,8.9603,10.088,10.6025,10.088,234.8421,0.9336,4
2011-12-14 09:29:00,1.8521,209.0194,121.3526,5.1663,13.6827,6.2447,0.878,263.9992,231.7626,9.0488,10.1854,10.7351,10.126,238.5872,0.9338,4
2011-12-14 09:30:00,1.8793,212.1824,121.3167,5.1783,13.6822,6.3155,0.9106,260.9782,237.6663,9.1355,10.298,10.9768,10.2804,243.7596,0.9324,4
2011-12-14 09:31:00,1.9315,218.3364,121.3219,5.2997,13.6794,6.3822,0.9211,265.1107,244.1899,9.2739,10.552,11.2269,10.5577,248.8723,0.935,4
2011-12-14 09:32:00,1.9568,221.4134,121.3885,5.3914,13.6771,6.4514,0.9348,263.8681,246.649,9.437,10.8714,11.5783,10.8729,252.6772,0.9357,4
2011-12-14 09:33:00,2.0057,227.8471,121.3663,5.4866,13.6762,6.5236,0.9487,267.5902,253.8797,9.6297,11.1942,11.8259,11.0608,258.7413,0.9376,4
2011-12-14 09:34:00,2.076,236.454,121.3441,5.4474,13.672,6.5983,0.9818,266.6497,261.8058,9.6984,11.2499,11.747,11.0368,267.6588,0.9397,4
2011-12-14 09:35:00,2.1547,246.6102,121.3561,5.3496,13.6716,6.6727,1.0139,268.9525,272.685,9.6916,11.2284,11.76,11.0576,277.8832,0.9424,4
2011-12-14 09:36:00,2.2689,261.7799,121.4741,5.347,13.6711,6.7489,1.0424,277.8501,289.6153,9.7873,11.3675,12.0462,11.2659,293.756,0.9457,4
2011-12-14 09:37:00,2.4147,278.8001,121.4929,5.4416,13.6674,6.8253,1.0987,279.7767,307.3919,9.9546,11.7148,12.5106,11.6457,313.8488,0.9492,4
2011-12-14 09:38:00,2.517,290.7853,121.5288,5.534,13.666,6.9039,1.15,278.5113,320.2868,10.1478,12.0983,12.8274,11.9405,326.5698,0.9501,4
2011-12-14 09:39:00,2.6345,304.9007,121.563,5.6087,13.6642,6.982,1.218,276.7272,337.0247,10.2799,12.2846,12.9614,12.0536,341.014,0.951,4
2011-12-14 09:40:00,2.678,307.6333,121.6006,5.5987,13.6605,7.0586,1.2446,270.6624,336.8947,10.3736,12.4653,13.1679,12.2978,344.6386,0.9508,4
2011-12-14 09:41:00,2.6446,305.6322,121.7254,5.6692,13.6605,7.1403,1.2709,264.2728,335.6729,10.4951,12.7467,13.524,12.6552,344.4575,0.9504,4
2011-12-14 09:42:00,2.8497,329.8823,121.669,5.7836,13.6605,7.225799999999999,1.3523,266.4958,360.3539,10.6676,13.1377,13.8541,12.9451,370.8506,0.9542,4
2011-12-14 09:43:00,2.8372,327.752,121.6502,5.8061,13.6605,7.3098,1.3333,268.4965,357.9841,10.7941,13.4701,14.1706,13.3282,367.9345,0.954,4
2011-12-14 09:44:00,2.8562,330.9582,121.628,5.9674,13.6554,7.3941,1.3488,268.3939,361.9712,11.0401,13.9984,14.6617,13.8749,371.7356,0.9543,4
2011-12-14 09:45:00,2.8889,334.8958,121.7784,6.1568,13.655,7.4835,1.3981,262.0612,366.3754,11.2947,14.5852,15.1665,14.3679,379.0451,0.9545,4
2011-12-14 09:46:00,2.808,323.1473,121.7579,6.1277,13.6504,7.5877,1.3384,262.3975,351.17,11.4342,14.7476,15.0579,14.4519,367.3896,0.953,4
2011-12-14 09:47:00,2.5932,297.1974,121.7596,6.1015,13.6494,7.690299999999999,1.2339,263.4919,325.1101,11.5135,14.8867,15.2095,14.6261,338.9123,0.9493,4
2011-12-14 09:48:00,2.6096,301.1566,121.7836,6.0188,13.6481,7.7857,1.262,262.8877,331.6551,11.5264,14.6318,14.9443,14.1909,342.4175,0.9498,4
2011-12-14 09:49:00,2.7816,322.9322,121.7186,5.918,13.6439,7.873999999999999,1.3568,261.6907,355.1034,11.4554,14.4786,14.8205,14.0781,367.4441,0.9534,4
2011-12-14 09:50:00,2.8858,334.8313,121.7203,5.8343,13.6439,7.9657,1.3675,268.6903,367.4265,11.3955,14.3062,14.8269,13.9716,377.7254,0.9548,4
2011-12-14 09:51:00,2.9434,341.351,121.7374,5.8784,13.6416,8.048199999999998,1.3703,271.5858,372.1303,11.4429,14.4283,14.9832,14.1583,385.2146,0.9554,4
2011-12-14 09:52:00,3.0096,349.334,121.7117,5.8724,13.6384,8.1308,1.3979,273.9855,382.8371,11.441,14.3065,14.788,13.9319,393.2955,0.9565,4
2011-12-14 09:53:00,3.0978,359.0598,121.787,5.8309,13.6384,8.208,1.4594,268.1317,391.3112,11.3393,14.11,14.6785,13.7612,405.1244,0.9569,4
2011-12-14 09:54:00,3.0496,353.2716,121.7066,5.8227,13.6384,8.2856,1.4143,273.159,386.3022,11.3318,14.0534,14.6843,13.8021,397.9865,0.9569,4
2011-12-14 09:55:00,3.2328,377.1774,121.8964,5.9218,13.6384,8.3535,1.4774,279.1269,412.2711,11.3507,14.2538,15.0708,14.1163,425.1526,0.9589,4
2011-12-14 09:56:00,3.3494,390.0017,121.9118,5.937,13.6357,8.429399999999998,1.5572,272.7258,424.6326,11.4001,14.1957,14.7522,13.7192,438.3473,0.9594,4
2011-12-14 09:57:00,3.3948,396.0266,121.8092,5.8713,13.6329,8.4976,1.5976,269.7846,430.9537,11.2118,13.8667,14.437,13.4497,444.6481,0.9598,4
2011-12-14 09:58:00,3.3821,393.6166,121.8212,5.8249,13.6329,8.5676,1.5976,268.0747,428.2467,11.177,13.8382,14.6118,13.4928,444.4657,0.9592,4
2011-12-14 09:59:00,3.2947,383.8477,121.7665,5.9201,13.6311,8.634399999999998,1.534,274.7208,421.4762,11.2738,14.0279,14.7765,13.8138,431.0901,0.9593,4
2011-12-14 10:00:00,3.6274,423.1384,121.8879,5.9252,13.6274,8.7002,1.6924,270.9474,458.5327,11.1966,14.0093,14.5744,13.6612,474.834,0.9611,4
2011-12-14 10:01:00,3.5964,421.1588,121.9546,5.8862,13.6273,8.7698,1.6851,272.4465,459.0806,11.098,13.8783,14.5102,13.4915,471.3852,0.9612,4
2011-12-14 10:02:00,3.2358,378.0381,121.8485,5.8775,13.6269,8.8353,1.4964,273.4326,409.1146,11.0249,13.5781,14.3057,13.0673,428.0464,0.9579,4
2011-12-14 10:03:00,3.7658,439.5776,122.052,5.7268,13.6268,8.8937,1.7907,269.5053,482.8528,10.8812,13.3529,14.1292,12.986,490.1616,0.9616,4
2011-12-14 10:04:00,4.0325,471.7461,122.1033,5.682,13.6261,8.9519,1.8591,274.9488,511.1008,10.7965,13.5067,14.2499,13.2005,529.2086,0.9627,4
2011-12-14 10:05:00,4.018,471.8536,122.0931,5.7403,13.6254,9.0119,1.8746,273.2673,512.2142,10.8006,13.6864,14.397,13.2846,529.085,0.9629,4
2011-12-14 10:06:00,3.9427,460.4064,122.0691,5.7536,13.6208,9.0645,1.8199,274.2762,499.1465,10.8163,13.7771,14.4589,13.4485,517.6633,0.9625,4
2011-12-14 10:07:00,3.819,445.4519,122.064,5.6955,13.6201,9.1207,1.7921,270.3091,484.4063,10.6944,13.5808,14.2004,13.2289,501.6125,0.9615,4
2011-12-14 10:08:00,3.8225,448.1846,121.9358,5.6363,13.6197,9.1716,1.8096,268.2741,485.4286,10.6596,13.624,14.4553,13.4161,504.7005,0.9616,4
2011-12-14 10:09:00,3.8634,451.7995,122.052,5.7557,13.619,9.2224,1.8602,263.4121,489.9273,10.7477,13.8695,14.6849,13.5788,513.7919,0.9614,4
2011-12-14 10:10:00,3.9386,461.9126,122.1649,5.6613,13.6169,9.2776,1.9213,260.83,501.1221,10.7406,13.9542,14.7191,13.6882,528.291,0.9615,4
2011-12-14 10:11:00,3.7866,441.6218,122.2162,5.6334,13.6135,9.3275,1.827,262.7167,480.0035,10.695,13.9405,14.6808,13.7678,504.8695,0.9607,4
2011-12-14 10:12:00,3.8415,450.0781,122.247,5.702,13.6133,9.3821,1.9104,256.3156,489.6456,10.7996,14.2092,15.1052,14.0956,520.5583,0.9608,4
2011-12-14 10:13:00,3.9401,462.5366,122.2948,5.7721,13.6131,9.4367,1.9665,255.8255,502.8167,10.9175,14.5555,15.4167,14.4644,535.9446,0.9612,4
2011-12-14 10:14:00,4.3107,507.6585,122.3632,5.8007,13.613,9.4928,2.1336,258.5044,551.5793,10.9283,14.7505,15.619,14.452,585.2714,0.9631,4
2011-12-14 10:15:00,4.3862,515.082,122.3803,5.7893,13.6129,9.5493,2.1106,265.0081,559.2609,10.9734,14.8786,15.6526,14.5031,586.7548,0.9636,4
2011-12-14 10:16:00,4.3795,515.082,122.3376,5.8576,13.6123,9.6057,2.047,272.8512,558.5101,11.0812,15.0046,15.9726,14.7363,583.6628,0.9637,4
2011-12-14 10:17:00,4.1759,489.7776,122.3,5.8456,13.6122,9.6641,1.9309,275.0457,531.0659,11.1979,15.1825,15.9615,14.899,556.0161,0.9631,4
2011-12-14 10:18:00,4.0898,478.6531,122.2384,5.8535,13.6084,9.7281,1.8979,273.2502,518.5774,11.158,15.1023,15.8451,14.7017,543.5912,0.9626,4
2011-12-14 10:19:00,3.8655,450.3148,122.2384,5.7318,13.6079,9.7789,1.7975,271.6485,488.2656,11.136,14.7745,15.6408,14.3028,513.3946,0.9614,4
2011-12-14 10:20:00,3.5945,417.5009,122.1324,5.6613,13.606,9.8407,1.6685,272.4921,454.6267,11.156,14.5323,15.4914,14.2582,476.663,0.9603,4
2011-12-14 10:21:00,3.761,441.256,122.1615,5.7451,13.6068,9.8953,1.8014,268.1146,483.1018,11.214,14.5927,15.6565,14.3446,500.1853,0.9614,4
2011-12-14 10:22:00,4.2261,496.6201,122.2128,5.7519,13.6063,9.9461,1.9872,272.1444,540.7485,11.2082,14.7271,15.6313,14.4089,561.398,0.9636,4
2011-12-14 10:23:00,4.2988,506.1308,122.2675,5.7974,13.6053,10.0026,2.0009,274.1451,548.5128,11.1976,14.9181,15.9254,14.5209,573.1584,0.964,4
2011-12-14 10:24:00,4.6298,545.6796,122.3393,5.9268,13.6016,10.0534,2.1783,272.8056,593.946,11.2976,15.1693,16.1454,14.8207,616.9588,0.9653,4
2011-12-14 10:25:00,5.0459,596.8909,122.4846,5.9265,13.6011,10.108,2.3669,273.5637,647.5289,11.2887,15.5747,16.5541,15.2879,676.917,0.9663,4
2011-12-14 10:26:00,5.0968,599.6236,122.4881,6.0867,13.6011,10.1589,2.3846,272.0361,648.7085,11.5904,16.5365,17.856,16.4458,683.9887,0.9662,4
2011-12-14 10:27:00,4.9921,587.6169,122.4761,6.2334,13.6006,10.221,2.337,271.9848,635.5906,11.8791,16.9256,17.8013,16.3666,671.1451,0.966,4
2011-12-14 10:28:00,5.1305,604.2928,122.5513,6.3126,13.5992,10.3038,2.4519,267.7384,656.0327,11.9821,17.153,18.0938,16.6389,688.4387,0.9663,4
2011-12-14 10:29:00,5.6553,669.641,122.695,6.2339,13.5959,10.3829,2.6799,270.6909,725.3958,12.1039,17.7262,18.7374,17.1835,765.6916,0.9677,4
2011-12-14 10:30:00,5.8115,688.2535,122.7429,6.2339,13.5955,10.4582,2.7168,274.2477,744.9914999999999,12.2085,18.2736,19.2157,17.7739,791.5407,0.968,4
2011-12-14 10:31:00,6.0879,723.4774,122.9139,6.3548,13.595,10.5354,2.909,270.2805,786.3964999999998,12.4381,18.7893,19.8691,18.2895,830.8088,0.9684,4
2011-12-14 10:32:00,6.6988,795.4529,122.9703,6.3561,13.5908,10.622,3.205,269.7162,864.2048,12.6053,19.3369,20.2617,18.7251,919.7128,0.9692,4
2011-12-14 10:33:00,6.7832,805.6305999999998,123.0216,6.1676,13.5899,10.7086,3.1833,273.7347,871.3026999999998,12.5515,19.4968,20.4933,18.9005,938.5489,0.9692,4
2011-12-14 10:34:00,6.8969,821.1136,123.1108,6.274,13.5899,10.8028,3.2674,272.3979,889.9252,12.6594,20.0523,21.4258,19.6093,958.5114,0.9697,4
2011-12-14 10:35:00,6.9436,824.8174,123.002,6.3913,13.5894,10.9035,3.3307,268.8407,895.4007,12.835,20.3654,21.5757,19.7708,960.8777,0.9697,4
2011-12-14 10:36:00,6.961,826.9068,123.0536,6.3353,13.5867,11.0084,3.3419,267.1315,892.7252999999998,12.8452,20.4355,21.6587,19.773,963.1304,0.9698,4
2011-12-14 10:37:00,6.9484,825.8773,123.1294,6.3636,13.5834,11.1236,3.3444,267.4517,894.4514,12.9107,20.5419,21.7412,19.4949,961.8154,0.9697,4
2011-12-14 10:38:00,6.9003,818.6359,123.0746,6.5375,13.5798,11.2441,3.3334,265.6411,885.4909,13.0498,20.9763,22.6573,20.2613,954.9148,0.9694,4
2011-12-14 10:39:00,6.6809,793.4502,123.0095,6.4652,13.5788,11.3676,3.2547,263.1636,856.3546,13.1349,20.9819,22.4458,20.1201,925.0733,0.9693,4
2011-12-14 10:40:00,6.815,811.4573,123.1001,6.5011,13.5784,11.5031,3.3736,260.2208,877.8479999999998,13.3156,21.3084,23.0833,20.6936,951.3874,0.9696,4
2011-12-14 10:41:00,6.8884,818.7063,123.1872,6.4058,13.5756,11.6372,3.3149,267.2065,885.7296,13.4436,21.5883,23.4868,20.9192,957.4968,0.9699,4
2011-12-14 10:42:00,6.7007,796.8904,122.9958,6.4582,13.5724,11.7748,3.2576,264.1161,860.3049,13.7365,22.1483,24.0048,21.4075,930.8642,0.9694,4
2011-12-14 10:43:00,6.7715,804.6203,123.1046,6.3353,13.571,11.9226,3.2929,264.4473,870.774,13.8816,22.4248,24.0655,21.4902,940.8989,0.9695,4
2011-12-14 10:44:00,6.7428,802.2555999999998,123.1221,6.4538,13.5678,12.086,3.2529,267.1592,869.0392,14.1237,22.9447,24.5208,21.9539,938.5695,0.9694,4
2011-12-14 10:45:00,6.8967,822.5112,123.1309,6.4225,13.5673,12.2444,3.3423,267.0021,892.3538,14.2064,23.0219,24.1001,21.4856,963.7582000000002,0.97,4
2011-12-14 10:46:00,7.0373,839.0579,123.2205,6.697,13.5678,12.3987,3.417,266.13,909.3059,14.2234,23.0479,24.3709,21.6728,984.067,0.9699,4
2011-12-14 10:47:00,7.0825,843.4402,123.2264,6.4949,13.5637,12.5514,3.4593,264.4983,914.9589,14.2143,23.0313,24.793,21.7901,989.7073,0.97,4
2011-12-14 10:48:00,7.0425,837.0347,123.1864,6.5477,13.5623,12.7049,3.4702,260.7491,904.8328,14.4268,23.5936,25.4205,22.5324,984.8225000000001,0.9699,4
2011-12-14 10:49:00,7.044,838.4727,123.1722,6.6004,13.5582,12.8602,3.4565,261.922,905.3137,14.5592,23.729,25.2653,22.5296,986.0661,0.97,4
2011-12-14 10:50:00,7.059,839.3201,123.1618,6.8793,13.556,13.0225,3.409,266.7502,909.2739,14.8392,24.227,25.7515,22.9524,988.9056,0.9701,4
2011-12-14 10:51:00,7.0296,835.8972,123.1409,6.7833,13.5545,13.1801,3.3641,268.8407,904.3757,14.9423,24.2395,25.1576,22.3302,986.5857,0.97,4
2011-12-14 10:52:00,7.0546,838.9403999999998,122.9836,6.4796,13.5501,13.3448,3.4015,266.3582,905.9824,14.6703,23.5999,24.0056,21.3677,985.9199,0.9698,4
2011-12-14 10:53:00,7.0838,841.6497,123.0211,6.2111,13.5492,13.4997,3.4338,265.5088,911.6784,14.3163,23.0155,24.432,21.2341,988.3549,0.9698,4
2011-12-14 10:54:00,7.08,840.6500999999998,122.9956,6.177,13.549,13.6513,3.4534,263.2434,909.0593,14.3183,23.061,24.8945,21.5595,986.8577,0.9699,4
2011-12-14 10:55:00,7.062,838.7971,123.0482,6.3589,13.5445,13.803,3.426,265.1514,908.2645,14.694,24.1148,26.3208,22.8317,987.451,0.97,4
2011-12-14 10:56:00,7.0438,837.7739,123.0894,6.3259,13.5431,13.9552,3.4177,265.4256,907.0583,14.9732,24.6733,26.6435,23.1425,986.8475,0.9699,4
2011-12-14 10:57:00,7.0431,836.9732,123.0408,6.6607,13.543,14.1158,3.4516,262.8828,907.3408,15.0705,24.781,26.6877,23.2608,985.8961,0.97,4
2011-12-14 10:58:00,7.0306,835.4000999999998,123.0765,6.7629,13.5422,14.2784,3.4668,260.5504,903.2263,15.2035,24.7623,26.5161,23.2572,985.6504000000001,0.97,4
2011-12-14 10:59:00,7.0165,834.1867999999998,123.0667,6.7686,13.5394,14.442,3.4597,261.0035,902.8436,15.4353,25.4304,27.3266,24.4618,985.5897000000001,0.97,4
2011-12-14 11:00:00,7.01,832.8102,123.0005,6.8731,13.5369,14.5977,3.4014,265.5935,903.3625,15.6809,25.7818,27.5702,24.7386,984.3354,0.9701,4
2011-12-14 11:01:00,7.0074,832.6563999999998,122.9864,6.8467,13.5364,14.7536,3.4198,263.7522,901.9641,15.7246,25.5055,27.1065,24.1711,983.0861000000002,0.9701,4
2011-12-14 11:02:00,7.0132,833.2059,122.9302,6.7302,13.5325,14.9285,3.4713,259.6641,901.3506000000002,15.7566,25.0749,26.524,23.5927,984.0913,0.9702,4
2011-12-14 11:03:00,7.0297,835.5802999999999,123.0104,6.6113,13.5311,15.0829,3.4539,261.5231,903.2537,15.6452,24.6907,26.0611,23.1992,984.9785,0.9701,4
2011-12-14 11:04:00,7.0362,836.479,123.0647,6.6294,13.5305,15.2205,3.4326,263.5147,904.533,15.6695,24.7085,26.1351,23.1737,985.208,0.9701,4
2011-12-14 11:05:00,7.024,834.638,123.032,6.8311,13.5291,15.354,3.3729,268.3075,904.9214,15.5127,24.4646,25.7473,22.5376,985.0234,0.9702,4
2011-12-14 11:06:00,7.0375,836.6627999999998,122.9507,6.7404,13.5258,15.4813,3.4184,265.5045,907.5474,15.3309,24.1045,25.6622,22.3989,985.0738,0.9701,4
2011-12-14 11:07:00,7.0373,835.9837,122.9933,6.643,13.5251,15.6037,3.4062,266.3949,907.3503,15.2421,24.4827,26.5033,23.3876,984.9481,0.97,4
2011-12-14 11:08:00,7.0001,831.8422,123.0137,6.8966,13.5229,15.7276,3.3565,268.2823,900.4704,15.6534,25.4698,27.5561,24.3558,984.2254,0.97,4
2011-12-14 11:09:00,7.0021,832.0259,123.0139,7.2065,13.5208,15.8479,3.4071,264.6502,901.6624,15.9107,26.1586,27.7155,24.6839,982.8439,0.9698,4
2011-12-14 11:10:00,7.0072,832.9622,123.0688,7.0472,13.5188,15.9725,3.4487,262.2146,904.2563,15.8125,26.0336,26.8075,23.834,983.6013,0.9699,4
2011-12-14 11:11:00,7.0031,832.4367999999998,123.0606,7.0337,13.5185,16.1011,3.3992,265.8062,903.5117,15.8286,26.0903,27.4553,24.3369,983.8271,0.9698,4
2011-12-14 11:12:00,6.9922,831.5268999999998,123.0955,7.0275,13.5184,16.2312,3.3792,266.9776,902.1385,15.8086,26.087,27.4076,24.2903,983.4026,0.9697,4
2011-12-14 11:13:00,6.9977,832.2711,123.1302,7.0985,13.5159,16.3537,3.3812,267.0205,902.819,15.7307,25.9178,27.3119,24.4664,984.0314,0.9697,4
2011-12-14 11:14:00,7.0048,832.869,123.1107,7.0227,13.5126,16.4754,3.4454,262.4904,904.3342,15.8015,26.1262,27.1895,24.1771,983.5439,0.9697,4
2011-12-14 11:15:00,7.0024,831.6785999999998,122.9866,7.2863,13.5117,16.5934,3.478,259.5715,902.7532000000001,16.0538,27.043,28.8059,25.363,983.9229,0.9698,4
2011-12-14 11:16:00,6.9918,830.2998,122.9623,7.7168,13.5114,16.7135,3.4757,259.4967,901.9119,16.5195,28.1085,29.5861,26.16,984.3265,0.9698,4
2011-12-14 11:17:00,6.977,828.4652999999998,123.0467,7.6986,13.5069,16.8336,3.4802,257.8084,897.1968,16.722,28.7769,29.8663,27.1344,984.1846,0.9695,4
2011-12-14 11:18:00,6.9627,827.3672,123.0602,7.4953,13.5058,16.9645,3.4531,259.9612,897.5739,16.8131,28.9413,30.0045,27.2462,983.5235,0.9695,4
2011-12-14 11:19:00,6.9666,827.5553999999998,123.0679,7.285199999999999,13.5023,17.0927,3.4326,261.4406,897.3704,16.8891,29.5776,31.3842,28.37,983.9047,0.9695,4
2011-12-14 11:20:00,6.9527,825.533,122.984,7.5129,13.4999,17.2213,3.4496,259.7883,896.1277,17.3445,30.7247,32.1663,29.5759,984.4324,0.9693,4
2011-12-14 11:21:00,6.9627,827.2916,123.0107,7.339299999999999,13.4987,17.3538,3.4435,259.952,895.1065,17.4102,30.0411,30.8511,28.3118,985.3494,0.9693,4
2011-12-14 11:22:00,6.9629,827.1405999999998,123.0311,6.8112,13.4959,17.4945,3.5018,256.1126,896.8301,17.2325,29.6949,31.0267,28.3363,986.2374,0.9691,4
2011-12-14 11:23:00,6.9726,828.7491999999999,123.0971,6.8996,13.4938,17.6248,3.4799,258.1335,898.2652,17.3921,29.7897,30.9446,28.158,986.9185000000001,0.9691,4
2011-12-14 11:24:00,6.9756,829.3509,123.0732,7.1843,13.4938,17.7537,3.505,256.8916,900.3712,17.3004,29.5039,30.4356,27.6552,987.2726,0.9692,4
2011-12-14 11:25:00,6.9786,829.6489,123.1171,7.3381,13.4926,17.8806,3.4792,258.7704,900.2499,17.2575,29.3275,30.8905,27.4817,987.0695,0.9693,4
2011-12-14 11:26:00,7.0028,831.4548,122.9308,7.3178,13.4899,18.0056,3.466,260.576,903.1042000000001,17.1583,28.7056,30.0983,26.8158,987.8397000000001,0.9695,4
2011-12-14 11:27:00,7.0194,833.7534,122.9937,7.009,13.4874,18.1246,3.4974,258.855,905.2537,16.7423,27.7848,29.3256,26.0981,988.4717,0.9695,4
2011-12-14 11:28:00,7.0248,834.4625999999998,122.9356,6.8282,13.4851,18.2297,3.4938,259.3277,905.9981,16.5387,27.1729,28.9379,25.5647,988.5278,0.9698,4
2011-12-14 11:29:00,7.0378,836.1595,123.0225,7.3019,13.484,18.3276,3.4598,262.3689,907.7164,16.374,26.8182,28.6076,25.2013,988.0955,0.9697,4
2011-12-14 11:30:00,7.0376,835.9656,123.0344,7.4977,13.4831,18.4129,3.4238,265.2168,908.0041000000001,16.3529,26.7032,28.4184,25.226,988.7444,0.9696,4
2011-12-14 11:31:00,7.0362,836.5878,123.082,7.5476,13.4821,18.5155,3.4726,261.8955,909.4197,16.4867,27.605,30.0088,26.652,989.6227,0.9695,4
2011-12-14 11:32:00,7.0176,833.835,123.0871,7.824499999999999,13.4821,18.6166,3.4897,258.7511,902.8607,16.9152,28.4422,30.6167,27.3592,989.675,0.9695,4
2011-12-14 11:33:00,7.0179,834.9307,123.1758,7.3875,13.482,18.703,3.4523,262.4989,906.1893,16.7726,27.9228,29.512,26.5662,988.6514,0.9697,4
2011-12-14 11:34:00,7.0259,835.3604,123.121,7.1287,13.4815,18.7999,3.476,261.2855,908.1106,16.688,27.4963,29.2328,25.9714,989.0605,0.9696,4
2011-12-14 11:35:00,7.0464,837.7895,123.0389,7.420499999999999,13.4796,18.8815,3.5193,258.2891,908.9651,16.5538,26.742,28.062,24.7749,990.7733,0.9698,4
2011-12-14 11:36:00,7.0803,840.4338,122.9261,7.6052,13.4787,18.9636,3.4603,263.8142,912.8418,16.3314,26.3288,27.9578,24.8606,991.8372,0.9698,4
2011-12-14 11:37:00,7.0771,840.8205,123.0764,7.2887,13.4773,19.0349,3.5213,258.4825,910.1644,16.1205,25.6786,27.1624,24.3013,992.7801,0.9698,4
2011-12-14 11:38:00,7.0769,841.2931999999998,123.0302,7.267699999999999,13.4763,19.0891,3.5386,257.6906,911.8345,15.7938,25.1067,26.6721,23.8378,993.3099,0.9698,4
2011-12-14 11:39:00,7.1073,844.7978,123.0524,7.2554,13.4763,19.1434,3.5161,260.5101,915.9697000000002,15.6312,24.7489,26.5834,23.754,993.8396,0.9699,4
2011-12-14 11:40:00,7.1114,845.3135,123.0386,7.1826,13.4758,19.1673,3.4716,264.7992,919.2432,15.6909,24.7163,26.8202,23.7391,994.2473,0.97,4
2011-12-14 11:41:00,7.1056,844.5176,123.0147,7.2305,13.4763,19.2057,3.5101,260.846,915.5806,15.6828,24.8235,26.8757,24.0211,992.8162,0.9699,4
2011-12-14 11:42:00,7.0976,842.8615999999998,123.042,7.3609,13.4758,19.2375,3.5639,256.9612,915.7438,15.7588,24.951,26.8953,24.0746,995.0071,0.9698,4
2011-12-14 11:43:00,7.1084,845.2698,123.0283,7.4888,13.4763,19.2599,3.53,259.8206,917.0532,15.7045,25.0704,27.0534,24.2389,995.8354,0.9699,4
2011-12-14 11:44:00,7.1134,845.3339999999998,123.0983,7.7243,13.4758,19.287,3.5512,258.5616,918.1566,15.8983,25.6688,27.6749,25.0818,996.662,0.97,4
2011-12-14 11:45:00,7.0844,843.2912,123.235,7.745,13.4762,19.3181,3.5548,257.2287,914.3655,16.0791,26.1016,27.7551,25.4986,996.6011,0.9698,4
2011-12-14 11:46:00,7.0963,845.1187,123.3084,7.7701,13.4753,19.3503,3.5238,260.4469,917.7274000000002,16.2204,26.6002,28.0845,25.913,996.895,0.9699,4
2011-12-14 11:47:00,7.0961,845.1830999999999,123.235,7.7351,13.4753,19.3774,3.5291,260.1678,918.1141,16.2484,26.9137,28.5331,26.367,996.8347,0.9698,4
2011-12-14 11:48:00,7.0902,844.0001999999998,123.2571,7.816799999999998,13.4753,19.4139,3.4992,261.5348,915.1188,16.4247,27.5499,29.2501,27.0287,996.9626,0.9698,4
2011-12-14 11:49:00,7.0755,841.4629,123.2178,7.7321,13.4721,19.4553,3.4518,265.1917,915.3071000000001,16.6519,27.9749,29.7242,27.7213,996.9644,0.9697,4
2011-12-14 11:50:00,7.055,840.4307,123.2212,7.7152,13.473,19.4903,3.427,266.8549,914.4783000000001,16.7506,27.8267,28.9047,26.9282,997.3765,0.9697,4
2011-12-14 11:51:00,7.1071,845.9139,123.1853,7.2474,13.4707,19.5387,3.5133,261.2841,917.9085,16.445,27.0396,28.4354,26.2484,998.8015,0.9699,4
2011-12-14 11:52:00,7.1073,845.5696,123.1956,7.3692,13.4707,19.5784,3.5404,259.7974,919.7634,16.5142,27.3314,29.2902,26.623,998.2051,0.9698,4
2011-12-14 11:53:00,7.0956,844.1719,123.1922,7.5338,13.4707,19.6219,3.5177,260.4525,916.1498,16.7616,28.0552,30.0677,27.3319,997.7892,0.9697,4
2011-12-14 11:54:00,7.079,842.6667,123.2417,7.5583,13.4707,19.6696,3.4864,262.3264,914.532,16.9413,28.4256,30.6392,27.4486,996.9564,0.9697,4
2011-12-14 11:55:00,7.0773,841.8066,123.1785,7.6486,13.4707,19.7229,3.5409,258.1968,914.2363,17.1064,28.7425,30.7439,27.9084,996.6,0.9698,4
2011-12-14 11:56:00,7.0591,840.1508,123.2451,7.9078,13.4702,19.7818,3.509,260.3043,913.364,17.3927,28.9953,31.0768,27.905,995.2336,0.9699,4
2011-12-14 11:57:00,7.0628,840.5807999999998,123.216,8.1705,13.4697,19.8509,3.504,260.441,912.5207,17.5783,29.4693,31.4804,28.4004,996.4189,0.9698,4
2011-12-14 11:58:00,7.0652,840.9892999999998,123.2263,8.124499999999998,13.4656,19.9145,3.4912,261.6542,913.4216,17.5915,28.9515,30.3693,27.8508,996.2888,0.9697,4
2011-12-14 11:59:00,7.0855,842.989,123.1972,7.8402,13.4652,19.9806,3.519,259.8885,914.5335,17.4867,28.4042,30.06,27.2642,996.7646,0.9695,4
2011-12-14 12:00:00,7.0779,841.6343,123.1391,7.6463,13.4647,20.0423,3.5678,255.924,913.0383,17.4624,28.3065,30.2989,27.5591,997.123,0.9695,4
2011-12-14 12:01:00,7.0904,843.0318999999998,123.1255,7.6281,13.4619,20.0936,3.4835,262.7137,915.1266,17.5549,28.6385,31.0487,28.0296,997.181,0.9692,4
2011-12-14 12:02:00,7.0827,841.6987,123.146,7.607,13.4615,20.1421,3.4951,261.6998,914.6514,17.7582,29.2533,31.6745,28.9011,996.6436000000001,0.9695,4
2011-12-14 12:03:00,7.0613,838.8388999999999,123.0793,8.0974,13.4597,20.1975,3.4732,261.9732,909.8379000000001,18.272,30.6378,33.2423,30.1504,996.4053,0.9692,4
2011-12-14 12:04:00,7.0522,837.5702999999999,123.0417,8.6132,13.4592,20.2668,3.5047,259.3131,908.7666,18.7472,31.6108,33.3788,31.2334,996.523,0.9691,4
2011-12-14 12:05:00,7.0373,835.635,123.0486,8.9069,13.4587,20.3489,3.4837,260.7542,908.3723,19.0759,32.4083,34.0697,31.4637,996.5739,0.9689,4
2011-12-14 12:06:00,7.0377,835.7856,123.0554,8.7599,13.456,20.4426,3.5404,256.0379,906.4731,19.2587,32.7237,33.7911,31.8695,996.9776,0.969,4
2011-12-14 12:07:00,7.0412,836.6457,123.1237,8.436199999999998,13.4539,20.5386,3.5534,255.9012,909.2766,18.9984,32.1735,33.1407,31.118,997.1555,0.969,4
2011-12-14 12:08:00,7.0312,835.3339999999998,123.1203,8.3117,13.4514,20.6307,3.4826,260.4865,906.9324,18.9846,32.2707,33.8753,31.2507,996.3833,0.969,4
2011-12-14 12:09:00,6.9942,830.9474,123.134,8.1509,13.4489,20.7216,3.4069,264.9864,902.7582000000002,19.1196,32.3994,34.1521,31.5111,996.2536,0.9689,4
2011-12-14 12:10:00,6.9374,822.7763999999999,123.1049,8.311899999999998,13.4478,20.8188,3.3921,262.8618,891.6633,19.3634,32.8324,34.5522,31.9703,984.7258,0.9689,4
2011-12-14 12:11:00,6.7967,804.9724,123.0622,8.4211,13.4475,20.9137,3.3534,260.3612,873.0796,19.3795,32.2646,33.3913,30.7259,958.3526,0.9687,4
2011-12-14 12:12:00,6.7543,801.7899,122.9887,8.4929,13.4466,21.0108,3.3406,260.8226,871.2441,19.4492,32.5708,34.2339,31.3918,953.5982,0.9688,4
2011-12-14 12:13:00,6.7837,806.585,123.0622,8.6106,13.4432,21.0967,3.3782,259.6606,877.1540999999999,19.5173,32.7912,33.7303,31.2178,959.2886,0.9689,4
2011-12-14 12:14:00,6.8961,820.1961,123.1152,8.5274,13.4413,21.1961,3.4484,258.7549,892.1906,19.4272,33.0492,34.0335,31.5319,976.2678,0.9689,4
2011-12-14 12:15:00,6.9236,823.1205,123.1596,8.975099999999998,13.4415,21.2684,3.4958,255.7702,894.0777,19.585,33.6564,34.7801,32.5599,981.596,0.9689,4
2011-12-14 12:16:00,6.8613,814.5624,123.2109,9.2191,13.4378,21.3452,3.4293,257.5473,883.1748,19.7972,34.529,35.2767,32.5618,972.0901,0.9689,4
2011-12-14 12:17:00,6.6687,791.1031,123.2023,9.3043,13.4362,21.4288,3.3586,255.5082,858.1663999999998,19.9261,34.8231,35.0437,32.8709,944.3506000000002,0.9684,4
2011-12-14 12:18:00,6.4149,760.5479,123.2075,9.0027,13.4362,21.5124,3.273,251.3045,822.527,19.9296,34.7634,35.3305,33.1978,908.6031,0.968,4
2011-12-14 12:19:00,6.1936,734.8936999999999,123.2241,8.9626,13.4333,21.5969,3.1362,254.3895,797.7908,20.1473,34.992,35.3482,33.3524,873.9022999999999,0.9676,4
2011-12-14 12:20:00,6.0896,720.1628,123.0785,8.9266,13.4315,21.675,3.0821,254.1837,783.4561999999999,20.3219,34.8954,35.502,33.2966,855.3746999999998,0.9673,4
2011-12-14 12:21:00,6.4805,770.5207,123.1589,8.7963,13.43,21.7663,3.3185,252.7243,838.3234999999999,20.4356,34.5787,34.7733,32.4804,916.5056,0.968,4
2011-12-14 12:22:00,6.5885,784.0626999999998,123.2677,8.1361,13.4286,21.849,3.4709,245.0168,850.4194999999999,20.07,33.5307,34.032,31.7353,945.3594,0.9684,4
2011-12-14 12:23:00,6.6349,788.602,123.2084,7.9577,13.4253,21.9298,3.4022,251.5995,855.9131,20.0424,33.5412,34.5286,32.5442,940.7043000000002,0.9685,4
2011-12-14 12:24:00,6.6078,784.0425,123.285,7.9444,13.4248,22.0036,3.3325,255.489,851.2541,20.1601,33.7041,34.7597,32.4733,933.3401,0.9684,4
2011-12-14 12:25:00,6.6259,789.0449999999998,123.4018,7.962399999999999,13.4243,22.0751,3.3787,254.1256,858.4913,20.0852,32.7379,33.112,30.7735,936.8212,0.9687,4
2011-12-14 12:26:00,6.6601,792.1443,123.2827,7.6942,13.4242,22.1427,3.3361,258.0223,860.7322,19.7251,31.6033,32.6086,29.9677,936.8791000000001,0.9685,4
2011-12-14 12:27:00,6.5079,772.5529,123.3178,7.9321,13.4234,22.1997,3.2334,258.8422,836.9335999999998,19.8482,32.0842,33.4787,30.9589,913.6575,0.9684,4
2011-12-14 12:28:00,6.2484,740.7236,123.2258,8.2729,13.4238,22.2557,3.0833,260.2516,802.3619,20.0374,32.6066,33.9405,31.1358,875.7145,0.9677,4
2011-12-14 12:29:00,6.2175,739.1703999999999,123.2231,8.287,13.4217,22.3074,3.0298,265.9545,805.7559999999999,20.0631,32.5877,33.4346,31.1991,878.7863,0.9678,4
2011-12-14 12:30:00,6.3032,749.5451,123.2267,8.354,13.4203,22.3519,3.0701,266.0594,816.801,20.0233,32.4741,33.2629,30.6554,889.823,0.9678,4
2011-12-14 12:31:00,6.3601,754.8361,123.1996,8.345,13.4195,22.407,3.1691,258.5352,819.311,19.8931,32.1698,32.5706,30.8038,889.9296,0.9678,4
2011-12-14 12:32:00,6.3272,751.3868,123.1519,7.8494,13.4181,22.4447,3.1775,257.0683,816.7779,19.3628,30.4468,30.5512,28.5743,883.9269,0.9676,4
2011-12-14 12:33:00,6.1403,728.6930999999998,123.0609,7.566499999999999,13.4183,22.4793,3.0606,258.3508,790.6826999999998,19.0351,29.5754,30.4741,28.0266,855.2433999999998,0.9672,4
2011-12-14 12:34:00,5.3808,636.9968,122.8936,8.0409,13.4178,22.5068,2.6674,259.6289,692.6885,19.0975,29.3887,31.1383,28.2612,744.5782,0.9658,4
2011-12-14 12:35:00,5.054,598.8741,122.7828,8.408799999999998,13.4176,22.5288,2.4439,266.0437,650.087,19.3783,29.4144,30.633,28.0936,708.7144,0.9648,4
2011-12-14 12:36:00,5.6718,671.0554,123.0379,8.4299,13.418,22.5313,2.7027,272.7664,737.3076,19.2962,28.9549,29.7806,27.6125,783.2786,0.9672,4
2011-12-14 12:37:00,6.1038,725.2215,123.1665,8.471999999999998,13.4174,22.5313,2.9056,271.7159,789.4515,19.2408,29.0961,30.06,27.7433,858.1395999999999,0.9675,4
2011-12-14 12:38:00,5.9546,706.2764,123.0594,8.6459,13.4173,22.5471,2.8457,268.9117,765.2847,19.3067,29.2564,29.8035,27.9414,831.4774999999998,0.9671,4
2011-12-14 12:39:00,5.4761,647.9513,123.0193,8.6342,13.4177,22.5516,2.6138,270.476,706.8899,19.3168,29.1311,29.778,27.7198,760.5308,0.9665,4
2011-12-14 12:40:00,5.7455,682.7271,123.1225,8.208199999999998,13.4172,22.5448,2.7873,267.2165,744.5447,18.9401,27.9727,28.1047,26.5519,794.2442,0.967,4
2011-12-14 12:41:00,6.1148,724.9430999999998,123.1767,8.030599999999998,13.4171,22.5313,2.9422,268.5308,789.972,18.6342,27.8055,28.3454,26.6798,844.8792999999998,0.9674,4
2011-12-14 12:42:00,6.0757,721.6272,123.2082,8.0808,13.418,22.5264,2.9217,268.8818,785.4538,18.7051,27.8012,28.4458,26.7287,841.9642,0.9674,4
2011-12-14 12:43:00,6.3045,750.1507,123.2438,8.304999999999998,13.4193,22.4884,3.0829,265.1001,817.2365999999998,18.7272,27.9822,28.37,26.4809,871.8223,0.9678,4
2011-12-14 12:44:00,6.4942,772.1146999999999,123.3232,8.0857,13.4193,22.4477,3.2034,262.274,840.0728,18.4161,27.2377,27.4253,25.8517,898.1744,0.968,4
2011-12-14 12:45:00,6.4644,767.9648999999998,123.2701,8.0075,13.4224,22.407,3.2867,254.4097,836.1445,18.0611,27.1238,28.048,26.2893,899.3599,0.9679,4
2011-12-14 12:46:00,6.4259,763.6616,123.3036,8.056599999999998,13.4219,22.3777,3.2391,256.6234,831.1855,18.1282,27.1179,27.8357,26.3483,892.053,0.9677,4
2011-12-14 12:47:00,6.4349,765.4018999999998,123.3462,8.074199999999998,13.4224,22.3351,3.2227,258.3998,832.7173,18.0943,26.8669,27.5463,25.9765,891.4584,0.9682,4
2011-12-14 12:48:00,6.4066,761.2066999999998,123.2517,8.0031,13.4223,22.2929,3.1947,258.7289,826.5325,17.8425,26.3059,27.2051,25.3475,885.7441,0.9681,4
2011-12-14 12:49:00,6.4628,770.1701,123.2533,8.0638,13.4223,22.2624,3.2168,260.2434,837.1110999999999,17.8173,26.411,27.6351,25.8722,894.0534,0.9684,4
2011-12-14 12:50:00,6.5974,786.4820999999998,123.3143,8.1484,13.4223,22.2216,3.2311,264.8091,855.6201,18.0257,26.9707,28.5852,26.7398,913.5815,0.9685,4
2011-12-14 12:51:00,6.7052,798.5838999999999,123.3314,8.4183,13.4223,22.1788,3.3254,261.4608,869.3932999999998,18.3835,27.7924,29.3473,27.3023,931.0339,0.9686,4
2011-12-14 12:52:00,6.7147,798.9683,123.3429,8.180899999999998,13.4223,22.1675,3.3849,256.4263,867.9339999999999,18.2924,27.6598,28.8581,27.196,933.7629,0.9685,4
2011-12-14 12:53:00,6.7082,798.0007,123.3565,8.1624,13.4222,22.1585,3.3491,259.0285,867.4638,18.425,27.847,29.3945,27.2743,931.9236,0.9684,4
2011-12-14 12:54:00,6.7138,799.1167,123.3751,8.477,13.4222,22.1404,3.3252,261.8067,870.5291999999998,18.7595,28.6391,29.827,27.8604,933.0024,0.9684,4
2011-12-14 12:55:00,6.7013,796.9453999999998,123.3101,8.5148,13.4222,22.1404,3.3616,257.3139,864.9791,18.8393,28.788,29.793,27.9945,931.9925,0.9684,4
2011-12-14 12:56:00,6.6836,795.3318,123.3526,8.5654,13.4222,22.1653,3.3094,261.231,864.4592,18.9699,29.3858,30.3774,28.5914,929.3774,0.9686,4
2011-12-14 12:57:00,6.6784,794.2782999999998,123.2705,8.641199999999998,13.4222,22.1675,3.3176,260.5248,864.3121999999998,19.1615,29.7397,30.5721,28.941,928.0706,0.9685,4
2011-12-14 12:58:00,6.6758,794.1697,123.3353,8.3381,13.4217,22.1743,3.294,262.7737,865.5451,19.0477,29.4456,30.0778,28.3703,928.2465,0.9686,4
2011-12-14 12:59:00,6.6725,793.503,123.3421,8.1292,13.4222,22.1996,3.3304,259.2318,863.2731999999999,18.8954,29.1527,30.0153,28.2905,927.652,0.9684,4
2011-12-14 13:00:00,6.6531,791.1592,123.2805,8.1205,13.4222,22.224,3.3472,257.2784,861.1409,18.7896,28.844,29.3506,27.7121,925.0383,0.9685,4
2011-12-14 13:01:00,6.6563,791.5458,123.2821,7.9782,13.4222,22.2263,3.2559,264.3391,860.5655,18.6538,28.8141,29.0675,26.9818,923.6129,0.9683,4
2011-12-14 13:02:00,6.6492,790.0621999999998,123.1915,7.88,13.4194,22.2511,3.2682,262.9894,859.4452999999999,18.6887,29.227,29.7135,27.8132,922.187,0.9685,4
2011-12-14 13:03:00,6.6254,787.2029,123.1812,7.980299999999999,13.4208,22.2737,3.301,258.5991,853.6027,18.9557,30.0352,30.4255,29.2825,919.7576,0.9683,4
2011-12-14 13:04:00,6.6014,784.3007,123.2666,8.096299999999998,13.4185,22.288,3.3028,258.0125,852.1464999999998,19.2898,30.6672,31.1715,30.6977,918.1017,0.9683,4
2011-12-14 13:05:00,6.5699,780.0873,123.176,7.9385,13.4171,22.3281,3.2919,257.7277,848.3618,19.4778,30.7148,31.0646,31.0619,914.3067,0.9682,4
2011-12-14 13:06:00,6.5485,777.8945,123.1708,8.0683,13.4167,22.3822,3.278,258.1945,846.3162999999998,19.6326,30.9451,30.6384,31.4998,911.6396,0.9681,4
2011-12-14 13:07:00,6.5189,774.0467,123.1656,8.1284,13.4166,22.4379,3.2848,256.025,840.9429,19.8001,31.7437,31.7222,32.526,907.6591,0.9681,4
2011-12-14 13:08:00,6.5195,774.154,123.2118,8.4188,13.4139,22.4929,3.2714,257.1866,841.3062,20.1911,32.4614,32.1951,33.0821,910.0313000000002,0.9681,4
2011-12-14 13:09:00,6.4912,771.0154,123.2561,8.1887,13.4116,22.5544,3.2889,254.385,836.6277,20.4024,32.4099,32.3962,33.4151,907.5352,0.9678,4
2011-12-14 13:10:00,6.4568,767.3613,123.2595,8.6048,13.4111,22.6382,3.268,254.6469,832.1733,20.7976,33.6445,33.544,34.4971,904.7437000000001,0.9677,4
2011-12-14 13:11:00,6.4475,766.1142999999998,123.3056,8.8373,13.4098,22.7293,3.2807,253.935,833.0732,20.9258,33.5218,32.7638,33.3729,903.6725,0.9677,4
2011-12-14 13:12:00,6.451,766.6086,123.268,8.6212,13.4075,22.8003,3.2652,255.3244,833.6819,20.7247,32.4061,31.7565,31.5603,901.5346,0.9678,4
2011-12-14 13:13:00,6.4586,768.0485999999999,123.3193,8.3047,13.4061,22.8636,3.2324,258.2966,834.913,20.3271,31.3979,31.0324,30.7448,899.3954,0.9679,4
2011-12-14 13:14:00,6.4529,766.6083,123.1945,8.491099999999998,13.4056,22.9131,3.2245,258.7066,834.1296,20.3872,31.1388,30.937,30.7759,897.139,0.9681,4
2011-12-14 13:15:00,6.4527,766.7802,123.2338,8.4944,13.4052,22.9536,3.2242,258.1144,832.1892,20.2058,30.463,30.4092,29.4387,895.9498999999998,0.9681,4
2011-12-14 13:16:00,6.4493,766.4577,123.215,8.436899999999998,13.4052,22.9809,3.1883,261.9351,835.0986,20.0084,29.9062,29.8865,29.175,893.6343,0.9682,4
2011-12-14 13:17:00,6.448,765.7913,123.2218,8.2002,13.4047,22.9809,3.2149,259.0197,832.7027,19.4986,28.8088,28.6047,27.8879,891.4847999999998,0.9682,4
2011-12-14 13:18:00,6.4398,765.0389,123.203,8.151,13.4033,22.9809,3.2124,258.8546,831.499,19.1132,28.1402,28.219,27.4351,889.1685,0.9682,4
2011-12-14 13:19:00,6.4311,764.8238,123.2508,8.1212,13.4052,22.9651,3.183,261.2062,831.3704,18.8543,27.6936,27.8563,27.1567,887.8515999999998,0.9681,4
2011-12-14 13:20:00,6.4369,764.9958,123.2389,8.1012,13.4056,22.9317,3.1887,260.7279,831.3718,18.6264,27.2503,27.6579,26.7985,886.7834,0.9683,4
2011-12-14 13:21:00,6.4298,763.8348999999998,123.1927,8.1272,13.4061,22.8967,3.1766,261.2859,829.9933,18.4809,26.9636,27.3326,26.4234,884.4118999999998,0.9684,4
2011-12-14 13:22:00,6.4207,762.7387,123.2115,8.0575,13.4061,22.8589,3.1693,261.861,829.9058,18.2079,26.5643,27.066,26.17,882.0979999999998,0.9681,4
2011-12-14 13:23:00,6.4013,760.0517999999998,123.1688,8.111399999999998,13.4084,22.8073,3.1753,259.8396,825.0496,18.0968,26.4489,26.919,26.1071,879.2023,0.9682,4
2011-12-14 13:24:00,6.4034,759.192,122.9263,8.0882,13.4107,22.7598,3.1384,262.5955,824.1029999999998,18.0259,26.4646,27.1292,26.2607,876.5904,0.9681,4
2011-12-14 13:25:00,6.3814,756.5266,122.9895,8.332499999999998,13.4111,22.7132,3.1281,263.0567,822.8447,18.1726,26.4812,26.9829,26.0799,873.5626999999998,0.9683,4
2011-12-14 13:26:00,6.3649,754.4565,122.9457,8.3248,13.4111,22.6454,3.0953,265.1158,820.5915,18.1313,26.3046,26.7825,25.8486,870.6509,0.9684,4
2011-12-14 13:27:00,6.3406,753.0829999999999,123.0126,8.243399999999998,13.4116,22.5872,3.1066,263.5716,818.7514,17.9717,26.0869,26.2994,25.3533,867.8520999999998,0.9684,4
2011-12-14 13:28:00,6.3306,751.2360999999999,123.0573,8.24,13.4125,22.5307,3.1059,263.0426,816.9679999999998,17.8931,26.2463,26.7032,25.6677,865.4783,0.9682,4
2011-12-14 13:29:00,6.3121,748.7247,122.9707,8.539899999999998,13.4134,22.4884,3.0973,262.1442,811.9090999999999,18.1235,26.5882,26.9261,25.4995,863.4021,0.9682,4
2011-12-14 13:30:00,6.2952,746.3189999999998,122.9556,8.6202,13.4148,22.4379,3.0845,262.8224,810.6506,18.2394,26.6112,26.8085,25.9434,860.4941,0.9681,4
2011-12-14 13:31:00,6.2752,744.2148999999998,123.0175,8.3976,13.4162,22.3957,3.0606,264.6339,809.8302999999999,18.1428,26.3978,26.5227,25.4066,858.0612999999998,0.9683,4
2011-12-14 13:32:00,6.259,742.196,122.999,8.4473,13.4162,22.347,3.0303,267.0772,809.2750999999998,18.2201,26.3461,26.4724,25.3323,855.5734999999999,0.9682,4
2011-12-14 13:33:00,6.2514,741.4452999999999,123.0283,8.418,13.4166,22.2976,3.019,267.0436,806.1572999999999,18.1953,26.09,26.0394,24.9887,853.8594,0.968,4
2011-12-14 13:34:00,6.2454,740.7802,123.0148,8.351,13.4166,22.2534,3.0324,265.6263,805.4312999999999,18.1424,25.8663,25.8245,24.9653,852.3211,0.968,4
2011-12-14 13:35:00,6.2272,738.6318999999999,123.0646,8.3248,13.4171,22.2024,3.0531,262.7854,802.2985999999999,18.1305,25.8465,25.6308,24.8646,849.4175,0.9681,4
2011-12-14 13:36:00,6.2093,736.6341,123.1058,8.2965,13.4175,22.154,3.0406,263.2299,800.352,18.0185,25.7191,25.4289,24.9377,846.3881,0.9676,4
2011-12-14 13:37:00,6.1957,735.0444,123.0854,8.360699999999998,13.4194,22.0894,3.0493,261.9263,798.6663,17.8456,25.6967,25.7446,24.8769,844.784,0.9678,4
2011-12-14 13:38:00,6.1722,731.8857,123.0566,8.4184,13.4198,22.0384,3.0659,259.3416,795.1051999999999,17.8782,26.0217,25.926,25.5311,842.9421,0.9679,4
2011-12-14 13:39:00,6.1495,729.1133,122.9764,8.5121,13.4203,21.9778,3.0657,258.055,791.1115999999998,18.022,26.1059,25.7762,25.3313,841.1009,0.9681,4
2011-12-14 13:40:00,6.1408,728.1685,122.9817,8.6141,13.4207,21.9279,3.0402,260.407,791.6577,18.1561,26.5072,26.4101,26.1703,839.0811,0.9678,4
2011-12-14 13:41:00,6.1322,726.6640999999998,122.9151,8.606899999999998,13.4217,21.8671,2.9939,263.2826,788.212,18.2068,26.6504,26.3264,25.7815,836.0531999999998,0.9679,4
2011-12-14 13:42:00,6.1046,723.9135999999999,123.0348,8.6308,13.4217,21.8287,2.953,266.3007,786.3183,18.3994,26.7162,26.4067,25.7271,833.1516,0.968,4
2011-12-14 13:43:00,6.092,721.6998999999998,122.8811,8.5469,13.4221,21.788,2.9459,266.5342,785.1579,18.4202,26.6965,26.1506,25.6835,830.3637999999999,0.9676,4
2011-12-14 13:44:00,6.0858,719.336,122.7138,8.468099999999998,13.4212,21.7383,2.9678,263.9266,783.2087,18.373,26.7913,26.4048,26.0117,827.7582,0.9674,4
2011-12-14 13:45:00,6.0693,717.3157,122.7019,8.5834,13.4212,21.7089,2.9555,264.4846,781.639,18.5191,26.8216,26.3709,25.7588,824.8506,0.9674,4
2011-12-14 13:46:00,6.0518,714.9517,122.6251,8.5389,13.4221,21.6615,2.929,264.8721,775.7786999999998,18.5165,26.7003,26.341,25.6634,821.878,0.9673,4
2011-12-14 13:47:00,6.0283,711.534,122.5773,8.5923,13.4212,21.6253,2.9379,262.9817,772.5828,18.5113,26.9662,26.6931,26.176,818.3157,0.9673,4
2011-12-14 13:48:00,6.016,709.5784,122.4578,8.6219,13.4217,21.5875,2.9284,263.1925,770.7033,18.5883,26.9502,26.654,25.5806,815.4624,0.9674,4
2011-12-14 13:49:00,5.9924,707.2355,122.5313,8.536099999999998,13.4217,21.5463,2.9029,264.8609,768.8502999999998,18.5135,26.8903,26.4854,26.0063,812.3751999999998,0.9673,4
2011-12-14 13:50:00,5.9598,703.7751,122.6321,8.590999999999998,13.4217,21.5033,2.9177,261.8204,763.8809999999999,18.5177,27.1253,27.0249,26.2293,808.9294,0.9672,4
2011-12-14 13:51:00,5.9399,701.2817,122.4937,8.5844,13.4221,21.4649,2.8849,264.3828,762.6359,18.5596,27.0192,26.8764,26.1674,806.0798,0.9672,4
2011-12-14 13:52:00,5.9129,697.1335,122.4545,8.5708,13.4221,21.4288,2.8373,266.9794,757.4365,18.5711,27.2481,27.3872,26.8073,802.5751,0.9672,4
2011-12-14 13:53:00,5.8738,693.3289,122.5143,8.7488,13.4217,21.3994,2.825,266.8427,753.7419,18.7651,27.468,27.6491,26.7215,798.7772999999999,0.9672,4
2011-12-14 13:54:00,5.8626,691.7169,122.6117,8.6834,13.4217,21.3565,2.8546,264.2121,754.1749,18.8066,27.5129,27.3437,26.8225,795.4009,0.9671,4
2011-12-14 13:55:00,5.839,689.5674,122.6271,8.3555,13.4217,21.3294,2.8229,265.8065,750.2437,18.6378,27.0632,27.1334,26.2485,792.7287,0.9671,4
2011-12-14 13:56:00,5.8228,686.9666,122.4426,8.4198,13.4207,21.2932,2.7969,267.1561,747.138,18.684,27.1782,27.575,26.4061,790.5888,0.967,4
2011-12-14 13:57:00,5.8161,685.763,122.4478,8.3916,13.4198,21.2729,2.7947,266.5354,744.8351,18.5761,27.0197,27.2284,26.1605,788.0353,0.967,4
2011-12-14 13:58:00,5.7865,682.4313,122.4717,8.5089,13.4203,21.2277,2.8031,265.2315,743.4023999999998,18.6639,27.1526,27.6476,26.543,784.2341,0.9667,4
2011-12-14 13:59:00,5.7664,679.4865,122.4102,8.4607,13.4195,21.1938,2.8102,263.0165,739.0947999999999,18.718,27.2657,27.5676,26.6357,780.0778,0.9667,4
2011-12-14 14:00:00,5.7457,676.8857,122.3265,8.744099999999998,13.4203,21.178,2.7764,264.7362,734.9871,19.0269,27.9574,28.5229,27.3789,778.1767999999998,0.9668,4
2011-12-14 14:01:00,5.717,673.4794,122.3577,8.840099999999998,13.418,21.1486,2.8009,261.3754,732.0168999999999,19.2893,28.2267,28.3688,27.3799,774.4955999999999,0.9665,4
2011-12-14 14:02:00,5.6804,669.3208,122.3871,8.7454,13.4179,21.1238,2.7973,259.6318,726.1729,19.3184,28.341,28.3016,27.4508,770.5173,0.9662,4
2011-12-14 14:03:00,5.6663,667.5774,122.4174,8.7133,13.4172,21.1147,2.7476,264.3401,726.2705999999998,19.4133,28.4839,28.7042,27.8016,767.3755,0.9664,4
2011-12-14 14:04:00,5.6274,662.8461,122.4273,8.6548,13.4164,21.0967,2.7134,265.8424,721.3345,19.5255,28.7422,28.7788,27.9852,763.5214999999998,0.9662,4
2011-12-14 14:05:00,5.6079,661.1243,122.5499,8.3833,13.4171,21.0718,2.7537,261.0812,718.9075,19.6107,28.7517,28.8006,27.7389,760.2546,0.9662,4
2011-12-14 14:06:00,5.5701,656.2863,122.4369,8.639699999999998,13.4149,21.0696,2.7571,258.0969,711.5718,19.8439,29.4459,29.5701,28.242,756.6321,0.9661,4
2011-12-14 14:07:00,5.5496,654.3498,122.5322,8.7877,13.4146,21.0696,2.695,264.3769,712.4443,20.0246,29.4618,29.2546,28.1829,753.4842999999998,0.9663,4
2011-12-14 14:08:00,5.5141,650.7161,122.5354,8.672,13.4124,21.0424,2.6526,266.751,707.5506,19.9697,28.8521,28.3598,27.375,750.0999,0.9662,4
2011-12-14 14:09:00,5.5147,651.0584,122.5522,8.3657,13.4125,21.0402,2.6918,262.8839,707.5679,19.7958,28.1137,27.8303,26.5992,746.8334,0.9663,4
2011-12-14 14:10:00,5.5095,649.7036,122.5606,8.080299999999998,13.4126,21.0176,2.6806,263.3848,705.9951,19.2707,26.6757,26.5261,25.3265,743.5680999999998,0.9662,4
2011-12-14 14:11:00,5.497,647.7244,122.4903,8.212899999999998,13.4127,20.9905,2.6391,267.353,705.5358,18.8614,25.7662,26.2297,24.8719,740.2424999999998,0.9662,4
2011-12-14 14:12:00,5.4765,645.5316,122.4048,8.2131,13.4128,20.9566,2.6027,269.7615,702.0898,18.7246,25.0018,25.3378,23.8881,738.4018999999998,0.9662,4
2011-12-14 14:13:00,5.4704,645.0361,122.4917,8.1319,13.4129,20.9114,2.5959,270.228,701.452,18.1751,23.8727,24.4334,22.853,735.1441,0.9662,4
2011-12-14 14:14:00,5.4743,645.2938,122.4644,8.1037,13.4129,20.8617,2.6476,264.8924,701.2576,17.6878,22.7334,23.5037,21.7315,732.8898,0.966,4
2011-12-14 14:15:00,5.4546,642.7778,122.5103,8.1477,13.4139,20.7962,2.6592,263.2521,700.0209,17.2767,21.877,22.597,21.0356,729.5626999999998,0.966,4
2011-12-14 14:16:00,5.4527,642.1758,122.3753,8.1036,13.4153,20.7329,2.6202,266.9817,699.5131,16.947,21.1874,22.2725,20.4265,726.1789,0.9661,4
2011-12-14 14:17:00,5.4308,639.66,122.411,8.2162,13.4186,20.6616,2.5883,268.9516,696.1243,16.9467,21.3371,22.6201,20.8577,723.2084,0.9662,4
2011-12-14 14:18:00,5.4025,635.5758,122.3136,8.3176,13.4195,20.5906,2.599,265.9279,691.1253,17.0835,21.6272,22.8868,20.9568,719.1716,0.966,4
2011-12-14 14:19:00,5.3738,632.9098,122.4075,8.1257,13.4218,20.5273,2.581,267.0266,689.1992,16.9781,21.2615,21.9355,20.2938,715.1926,0.9659,4
2011-12-14 14:20:00,5.3598,631.1328,122.4481,7.618299999999999,13.4232,20.4599,2.543,269.928,686.4201,16.4378,20.3907,21.1087,19.422,711.6902,0.9661,4
2011-12-14 14:21:00,5.3381,628.5671,122.3833,7.5346,13.4242,20.3918,2.5388,269.4477,684.0687,16.1451,19.8345,20.5492,18.9008,707.5335,0.9661,4
2011-12-14 14:22:00,5.3156,625.8427,122.4134,7.5437,13.4242,20.3129,2.5632,265.6689,680.93,15.7151,19.1672,19.8172,18.0676,704.7449,0.9661,4
2011-12-14 14:23:00,5.3044,625.3333,122.354,7.5372,13.4242,20.2314,2.5449,267.0875,679.6861,15.2087,18.4046,19.342,17.4056,702.7334,0.9662,4
2011-12-14 14:24:00,5.2904,623.5934,122.4482,7.4741,13.4261,20.1419,2.4905,272.2932,678.087,14.875,17.98,19.0028,16.9836,700.0615,0.9662,4
2011-12-14 14:25:00,5.2746,621.0393,122.4337,7.3127,13.4293,20.0514,2.5358,266.4692,675.6981,14.5155,17.695,18.808,16.8165,697.2693,0.9659,4
2011-12-14 14:26:00,5.2366,616.8846,122.465,7.3417,13.4302,19.9606,2.523,265.7891,670.538,14.3558,17.5433,18.3933,16.5439,693.5911,0.9658,4
2011-12-14 14:27:00,5.2369,616.336,122.3654,7.6257,13.4334,19.8595,2.4888,269.8333,671.5361,14.3024,17.6879,18.5086,16.7334,690.4496,0.9661,4
2011-12-14 14:28:00,5.205,612.2849,122.3456,7.6639,13.4353,19.7622,2.4495,272.9763,668.6381,14.1942,17.7265,18.5486,16.7721,685.4675,0.9659,4
2011-12-14 14:29:00,5.1701,608.3244,122.3609,7.7973,13.4358,19.6698,2.4085,274.6581,661.5149,14.1688,17.5934,18.3323,16.6213,681.7335,0.9661,4
2011-12-14 14:30:00,5.1579,606.9168,122.2795,7.891499999999998,13.4399,19.5651,2.4222,273.1825,661.694,14.1015,17.4966,18.2919,16.6352,678.8297,0.966,4
2011-12-14 14:31:00,5.1139,600.5859,122.2459,7.7606,13.4408,19.4532,2.3628,277.0661,654.6369,13.9884,17.2806,18.0804,16.5896,674.1467,0.9659,4
2011-12-14 14:32:00,5.0898,598.5308,122.287,7.464,13.4449,19.3595,2.3674,275.3844,651.9342,13.956,17.1467,17.6364,16.2629,670.2325,0.9658,4
2011-12-14 14:33:00,5.0799,597.4648,122.2906,7.0228,13.4463,19.2637,2.3841,272.7003,650.1004,13.5542,16.5314,16.7662,15.5683,667.0306,0.9659,4
2011-12-14 14:34:00,5.0739,596.3551,122.2649,6.9994,13.4463,19.1612,2.4005,270.9158,650.3079,13.2562,16.1236,16.5092,15.1556,665.0812,0.9656,4
2011-12-14 14:35:00,5.036,591.7599,122.3789,7.0762,13.4472,19.0526,2.3645,272.7467,644.9075,13.1884,16.1762,16.7102,15.3355,659.9232,0.9653,4
2011-12-14 14:36:00,5.0127,588.7789,122.3275,7.0057,13.4517,18.94,2.3707,270.3638,640.9268,13.0196,15.9512,16.2784,15.0339,656.4893,0.9652,4
2011-12-14 14:37:00,4.9792,585.149,122.2805,6.9574,13.4523,18.828,2.3835,266.8513,636.0061,12.9012,15.8566,16.4336,15.1098,654.5942,0.9651,4
2011-12-14 14:38:00,4.9669,583.8657,122.3656,7.0515,13.4544,18.7156,2.356,270.1807,636.5179,12.7982,15.745,16.2028,15.0778,650.5101,0.9651,4
2011-12-14 14:39:00,4.9462,581.0082,122.3404,7.1737,13.4577,18.6015,2.3318,271.6512,633.3666,12.6519,15.5975,16.1182,15.0489,647.4863,0.9652,4
2011-12-14 14:40:00,4.9143,577.4449,122.422,7.4362,13.4608,18.4857,2.3097,272.4456,629.2708,12.6752,15.6053,16.2948,15.1224,642.2151,0.9651,4
2011-12-14 14:41:00,4.8821,573.2533,122.2855,7.367499999999999,13.4635,18.3724,2.2765,273.6879,623.0019,12.6484,15.5695,16.0422,15.0692,637.7072,0.9651,4
2011-12-14 14:42:00,4.8382,568.3985,122.3327,7.2518,13.4674,18.253,2.2751,271.8276,618.4175,12.5886,15.4739,16.0255,15.0209,631.6723,0.9651,4
2011-12-14 14:43:00,4.8104,565.4537,122.3568,7.1147,13.4684,18.1419,2.2724,270.9793,615.7618,12.4924,15.337,15.872,14.8965,628.5891,0.9649,4
2011-12-14 14:44:00,4.7881,562.598,122.3457,7.0863,13.4696,18.0226,2.2175,275.8798,611.7395,12.5059,15.3986,16.0229,14.9911,625.5701,0.9651,4
2011-12-14 14:45:00,4.7555,558.3625,122.3321,7.2161,13.4696,17.9104,2.1986,276.8482,608.6659,12.4402,15.2691,15.7594,14.8439,620.9396,0.9651,4
2011-12-14 14:46:00,4.7205,555.1838,122.3346,7.406399999999999,13.4712,17.7938,2.185,276.1266,603.259,12.3623,15.0679,15.5397,14.6419,616.7941,0.9651,4
2011-12-14 14:47:00,4.6989,551.6146,122.2697,7.2765,13.4748,17.6841,2.1934,273.4667,599.8107,12.3252,14.9002,15.472,14.4922,611.748,0.9651,4
2011-12-14 14:48:00,4.6632,547.2952,122.3045,7.1081,13.4764,17.5698,2.1982,271.5314,596.8423,12.3602,15.0336,15.5103,14.6104,606.889,0.9649,4
2011-12-14 14:49:00,4.6237,542.9091,122.3216,7.079,13.4791,17.4608,2.1481,274.7498,590.1083,12.4448,15.1947,15.7361,14.8163,602.6741,0.9647,4
2011-12-14 14:50:00,4.5958,539.4276,122.2434,6.9476,13.4806,17.3456,2.1428,274.2324,587.6296,12.5286,15.3207,15.7559,14.8376,597.8145,0.9647,4
2011-12-14 14:51:00,4.5619,534.9554,122.17,7.1011,13.4811,17.236,2.1399,272.4838,583.0711,12.6056,15.3351,15.6453,14.7498,592.9471,0.9645,4
2011-12-14 14:52:00,4.539,532.3765,122.2199,7.1766,13.4812,17.1341,2.146,270.1834,579.8135,12.5941,15.2867,15.7052,14.7608,590.8173,0.9643,4
2011-12-14 14:53:00,4.5094,528.0334,122.1021,7.2119,13.4844,17.03,2.1248,270.1152,573.9478,12.5783,15.2814,15.8249,14.8612,585.7722,0.9639,4
2011-12-14 14:54:00,4.469,524.293,122.2886,7.3334,13.4859,16.9248,2.0877,274.2282,572.4688,12.718,15.4218,15.8939,14.9457,581.3846,0.964,4
2011-12-14 14:55:00,4.4409,520.681,122.234,7.0141,13.4868,16.8171,2.0806,273.3968,568.8146,12.6122,15.1467,15.5821,14.6662,576.993,0.9639,4
2011-12-14 14:56:00,4.4063,516.2092,122.1436,6.9598,13.4891,16.7052,2.0661,271.2612,560.4136,12.5505,14.9379,15.3672,14.4879,572.0695,0.9637,4
2011-12-14 14:57:00,4.3793,513.0917,122.1197,6.8636,13.491,16.6038,2.0246,275.8466,558.465,12.3976,14.5828,14.9494,14.0519,568.0938,0.9638,4
2011-12-14 14:58:00,4.3458,509.4153,122.2173,7.0028,13.491,16.5044,2.0346,272.8394,555.1142,12.4099,14.6405,15.2546,14.2113,563.4659,0.9638,4
2011-12-14 14:59:00,4.3084,505.2011,122.2293,6.9022,13.4924,16.405,2.0292,271.0909,550.0841,12.387,14.5337,14.8724,13.8892,558.9585,0.9632,4
2011-12-14 15:00:00,4.2883,502.2556,122.1866,6.875,13.4925,16.3072,2.0064,272.4297,546.5887,12.3645,14.6092,15.0052,13.9838,555.4627,0.9632,4
2011-12-14 15:01:00,4.2602,498.7509,122.0876,6.8751,13.4925,16.2105,1.9902,272.9823,543.2543,12.3464,14.6227,14.99,14.0387,551.9016,0.9632,4
2011-12-14 15:02:00,4.2392,496.2784,122.0535,6.6707,13.4939,16.1173,1.966,274.9818,540.5998,12.251,14.4529,14.7245,13.8091,548.6967,0.9632,4
2011-12-14 15:03:00,4.1996,490.7095,121.9801,6.7987,13.4962,16.0239,1.9736,270.3909,533.6088,12.2737,14.4741,14.8016,13.8169,543.2946,0.9627,4
2011-12-14 15:04:00,4.1597,486.2802,121.8895,6.7463,13.498,15.9373,1.9581,270.1917,529.0468,12.2384,14.5062,14.8435,13.8358,538.664,0.9627,4
2011-12-14 15:05:00,4.1262,481.7863,121.8862,6.7615,13.4985,15.8505,1.9449,269.8842,524.8832,12.2058,14.4331,14.7362,13.7759,533.7418,0.9626,4
2011-12-14 15:06:00,4.092,477.787,121.8931,6.808,13.5008,15.7599,1.92,271.576,521.418,12.1258,14.1973,14.4431,13.471,528.4005,0.9625,4
2011-12-14 15:07:00,4.0449,471.5084,121.8401,6.7986,13.5022,15.6746,1.9123,268.5173,513.4785,11.9865,14.0039,14.3485,13.4156,523.1213,0.962,4
2011-12-14 15:08:00,4.0135,468.2616,121.9307,6.594,13.5026,15.5875,1.8811,271.6786,511.0337,11.943,13.948,14.2878,13.3301,517.8973,0.9621,4
2011-12-14 15:09:00,3.9576,461.9615,122.076,6.4995,13.5036,15.5039,1.8733,268.7681,503.4667,11.9537,13.9566,14.3433,13.3724,512.4388,0.9617,4
2011-12-14 15:10:00,3.9135,456.3494,121.9854,6.5875,13.5036,15.4167,1.861,267.0422,496.9622,11.8983,13.8537,14.1593,13.2301,507.0363,0.9615,4
2011-12-14 15:11:00,3.8758,452.2425,121.9342,6.6688,13.5059,15.3399,1.8535,266.0056,493.0038,11.7266,13.5017,13.7219,12.8812,503.5961,0.961,4
2011-12-14 15:12:00,3.8631,450.5868,121.9855,6.6719,13.5082,15.2509,1.82,270.2321,491.8094,11.4087,13.0031,13.3092,12.4959,498.6085,0.9612,4
2011-12-14 15:13:00,3.8162,447.1465,122.4401,6.8337,13.5095,15.168,1.7888,272.6245,487.6558,11.3816,13.0028,13.4106,12.544,493.6237,0.9613,4
2011-12-14 15:14:00,3.7848,443.2761,122.4742,6.7732,13.5123,15.081,1.758,274.7035,482.8955,11.3714,13.0523,13.4356,12.5985,489.2888,0.9614,4
2011-12-14 15:15:00,3.7451,438.8466,122.4418,6.7094,13.5141,14.9969,1.7462,273.5188,477.6042,11.3316,12.9628,13.283,12.4738,484.3036,0.9612,4
2011-12-14 15:16:00,3.7116,434.6751,122.5102,6.6965,13.5146,14.9103,1.7298,274.1625,474.2365,11.1654,12.6925,13.0227,12.2039,479.3153,0.9612,4
2011-12-14 15:17:00,3.6761,430.7832,122.5033,6.6599,13.5151,14.822,1.7031,275.2391,468.7578,11.0208,12.5259,12.7838,12.0779,474.8636,0.9611,4
2011-12-14 15:18:00,3.6374,425.8161,122.5102,6.6426,13.515,14.7395,1.7065,271.9923,464.1502,11.0026,12.5815,12.9735,12.1927,470.1727,0.9607,4
2011-12-14 15:19:00,3.5976,421.5802,122.5956,6.498,13.5168,14.6439,1.6908,271.3772,458.8038,10.9781,12.5381,12.7602,12.0304,466.2013,0.9603,4
2011-12-14 15:20:00,3.5574,416.8711,122.6742,6.6973,13.5201,14.5477,1.6386,277.1587,454.1592,10.8981,12.5181,12.8175,12.0814,459.9655,0.9607,4
2011-12-14 15:21:00,3.5181,412.248,122.5837,6.7358,13.5209,14.4575,1.6193,277.603,449.4648,10.8475,12.5907,12.8085,12.1554,455.096,0.9601,4
2011-12-14 15:22:00,3.4697,405.9478,122.5512,6.7715,13.5246,14.3763,1.5799,281.7782,445.1206,10.7982,12.5823,12.6793,12.1048,451.2967,0.9598,4
2011-12-14 15:23:00,3.4375,402.0343,122.4897,6.657,13.5262,14.2926,1.5534,282.9004,439.4603,10.6679,12.3569,12.4743,11.9165,447.0254,0.9597,4
2011-12-14 15:24:00,3.41,398.895,122.4453,6.5614,13.5266,14.2112,1.5464,281.67,435.5453,10.6367,12.3118,12.5023,11.8812,443.4052,0.9597,4
2011-12-14 15:25:00,3.3897,396.2717,122.4094,6.5816,13.5265,14.1278,1.5509,278.1157,431.3083,10.6387,12.2315,12.4432,11.7551,438.0654,0.9596,4
2011-12-14 15:26:00,3.3583,392.1217,122.4504,6.6796,13.5275,14.0459,1.548,278.0473,430.3819,10.6233,12.143,12.3828,11.682,433.6147,0.9592,4
2011-12-14 15:27:00,3.3171,387.1331,122.3582,6.6908,13.5313,13.9729,1.5345,275.3189,422.4773,10.6528,12.2146,12.4579,11.7966,428.0963,0.9589,4
2011-12-14 15:28:00,3.2699,381.6499,122.4009,6.6161,13.5323,13.8936,1.5222,274.5101,417.8617,10.6542,12.2357,12.3798,11.7755,422.1606,0.9587,4
2011-12-14 15:29:00,3.2278,376.5323,122.3257,6.5618,13.5338,13.8168,1.4894,276.5891,411.9318,10.6362,12.1481,12.2283,11.6484,416.7609,0.958,4
2011-12-14 15:30:00,3.1897,371.7588,122.2351,6.5457,13.5371,13.7417,1.4659,276.7259,405.6524,10.6904,12.2753,12.4616,11.8771,411.4195,0.9578,4
2011-12-14 15:31:00,3.1353,365.2434,122.4231,6.4916,13.5372,13.665,1.4406,278.8619,401.7256,10.7501,12.3827,12.4769,11.9789,405.4841,0.9576,4
2011-12-14 15:32:00,3.0897,359.5668,122.3223,6.4842,13.5382,13.5986,1.4527,270.5229,392.9734,10.8053,12.5087,12.5867,12.0438,399.6678,0.9569,4
2011-12-14 15:33:00,3.0529,355.0727,122.2898,6.4187,13.5383,13.5255,1.432,273.069,391.0239,10.808,12.5009,12.4488,12.0331,394.6223,0.9565,4
2011-12-14 15:34:00,3.0123,350.5142,122.3428,6.403,13.5384,13.4546,1.3985,274.3962,383.7301,10.7789,12.5183,12.5759,12.1427,389.1623,0.9564,4
2011-12-14 15:35:00,2.9727,345.9341,122.2744,6.3467,13.5384,13.3921,1.3892,273.0121,379.2479,10.7703,12.4093,12.4198,11.9703,384.2346,0.956,4
2011-12-14 15:36:00,2.9416,341.8916,122.218,6.2653,13.5397,13.3286,1.3666,274.0202,374.4738,10.7017,12.2958,12.397,11.8722,379.6655,0.9553,4
2011-12-14 15:37:00,2.9068,337.2471,122.259,6.2115,13.5404,13.2627,1.3543,273.2399,370.0337,10.6926,12.2023,12.2853,11.7456,375.331,0.9548,4
2011-12-14 15:38:00,2.8597,331.6349,122.1599,6.2532,13.5425,13.2015,1.3484,270.9501,365.3239,10.6367,12.0432,12.1579,11.6307,369.9909,0.954,4
2011-12-14 15:39:00,2.827,327.7429,122.1087,6.3856,13.5445,13.1371,1.3174,273.7126,360.5811,10.5896,11.9709,12.118,11.5562,364.7657,0.9534,4
2011-12-14 15:40:00,2.7963,323.6144,122.0745,6.5222,13.5457,13.0712,1.3023,273.4734,356.1503,10.6723,12.0984,12.2883,11.6422,360.4959,0.9532,4
2011-12-14 15:41:00,2.7585,318.8838,122.1531,6.5031,13.5462,13.0029,1.2855,273.0918,351.0518,10.67,11.949,11.9609,11.4377,356.0424,0.9524,4
2011-12-14 15:42:00,2.7157,313.8307,122.1992,6.4122,13.5497,12.9302,1.2752,270.9728,345.5533,10.4812,11.667,11.7804,11.1851,351.001,0.9516,4
2011-12-14 15:43:00,2.6811,310.1107,122.2761,6.2028,13.5506,12.8564,1.249,272.7956,340.7025,10.3562,11.4578,11.567,10.999,346.5466,0.9503,4
2011-12-14 15:44:00,2.6501,305.8422,122.1453,6.0989,13.5513,12.7726,1.2313,273.4942,336.7608,10.2125,11.237,11.3124,10.7497,341.8617,0.9499,4
2011-12-14 15:45:00,2.6083,300.4662,122.1965,6.0008,13.5527,12.6836,1.2138,273.9099,332.445,9.993,10.9192,10.9946,10.3935,336.5755,0.9495,4
2011-12-14 15:46:00,2.5679,295.6691,122.071,6.1887,13.5565,12.5864,1.1857,273.8968,324.771,9.8128,10.7392,10.8669,10.3023,331.3547,0.9489,4
2011-12-14 15:47:00,2.5318,291.5832,122.0828,6.2329,13.5583,12.4836,1.1755,274.0731,322.1644,9.7384,10.6488,10.7137,10.1892,327.197,0.9485,4
2011-12-14 15:48:00,2.4972,287.1953,122.0669,6.276,13.5617,12.372,1.1568,274.0605,317.0294,9.5886,10.4534,10.5077,10.0311,322.7477,0.9477,4
2011-12-14 15:49:00,2.4635,283.0235,121.9968,6.1578,13.5626,12.2538,1.1406,275.1596,313.8383,9.4499,10.2655,10.322,9.8805,318.8279,0.9475,4
2011-12-14 15:50:00,2.2691,260.1862,121.9912,6.0769,13.5627,12.1363,1.0331,277.4086,286.6062,9.3841,10.1511,10.2394,9.7589,313.7832,0.9442,4
2011-12-14 15:51:00,1.781,200.7733,121.8083,6.0799,13.5632,12.0111,0.8126999999999999,274.0932,222.7906,9.2681,10.0522,10.1116,9.6621,308.438,0.9303,4
2011-12-14 15:52:00,1.1814,125.9641,121.7276,6.1055,13.566,11.8863,0.5242999999999999,272.2526,142.7324,9.2141,10.1544,10.2314,9.7509,302.9763,0.8760999999999999,4
2011-12-14 15:53:00,0.6938999999999999,47.3928,121.6742,5.8887,13.5683,11.7613,0.2237,271.5378,60.7689,9.0516,10.1709,10.1441,9.688300000000002,297.868,0.5691,4
2011-12-14 15:54:00,0.6239,30.7286,121.6426,5.7129,13.5721,11.6144,0.1585999999999999,271.965,43.1292,8.8083,10.138,10.1041,9.6002,257.1159,0.4149999999999999,4
2011-12-14 15:55:00,0.6272999999999999,30.5999,121.6267,5.554,13.5735,11.48,0.1595,271.8596,43.3633,8.611499999999998,10.1163,10.1022,9.6265,161.3514,0.4088999999999999,4
2011-12-14 15:56:00,0.6180999999999999,30.6219,121.5397,5.418,13.5739,11.3446,0.1627,271.9376,44.241,8.449199999999998,10.0576,9.9629,9.4977,70.6956,0.4117,4
2011-12-14 15:57:00,0.6169999999999999,30.6872,121.6763,5.2904,13.5758,11.2156,0.1588,271.8709,43.18,8.256399999999998,9.9354,9.9318,9.3456,41.4076,0.4156,4
2011-12-14 15:58:00,0.62,30.6451,121.6351,5.2902,13.5781,11.0799,0.16,272.1233,43.5361,8.1043,9.8558,9.9024,9.0508,40.6355,0.4112,4
2011-12-14 15:59:00,0.6196,30.3016,121.648,5.2956,13.5804,10.9475,0.1554,271.9298,42.2605,7.952,9.6899,9.7634,8.415,40.0415,0.4064999999999999,4
2011-12-14 16:00:00,0.6218,29.184,121.6045,5.2228,13.5841,10.8103,0.1534,271.8502,41.6908,7.8671,9.3917,9.5148,7.7053,39.21,0.395,4
2011-12-14 16:01:00,0.6216,28.6039,121.554,5.1929,13.5851,10.6747,0.1517999999999999,272.0836,41.2942,7.7344,8.836,9.2247,7.0327,39.0913,0.3862999999999999,4
2011-12-14 16:02:00,0.6155,27.2063,121.5677,5.1164,13.5851,10.5429,0.1468,271.7229,39.8779,7.615999999999999,8.077899999999998,9.1074,6.5267,38.4974,0.3700999999999999,4
2011-12-14 16:03:00,0.6093,25.9594,121.5443,5.2604,13.5851,10.4149,0.139,271.802,37.7863,7.5326,7.341599999999999,8.9747,6.2069,38.4381,0.3556,4
2011-12-14 16:04:00,0.5990999999999999,23.9594,121.6463,5.4105,13.5888,10.2794,0.1351,271.9527,36.7519,7.4985,6.8015,8.7779,5.9477,37.8441,0.3382,4
2011-12-14 16:05:00,0.5944,22.1317,121.7235,5.533,13.5912,10.1476,0.1303999999999999,271.5869,35.4027,7.4804,6.4064,8.250899999999998,5.7771,36.9532,0.3138,4
2011-12-14 16:06:00,0.5998,20.1531,121.7225,5.5089,13.5929,10.0177,0.1174,271.8619,31.9098,7.4535,6.0685,7.6963,5.5528,36.0621,0.2869999999999999,4
2011-12-14 16:07:00,0.5693,19.121,121.6183,5.3893,13.5962,9.8934,0.1097999999999999,271.695,29.8461,7.4508,5.7573,7.1432,5.3404,35.4087,0.2819999999999999,4
2011-12-14 16:08:00,0.5635,18.4542,121.5913,5.2713,13.5978,9.7701,0.1097999999999999,271.8154,29.8583,7.4142,5.4984,6.6638,5.1704,34.5176,0.2748999999999999,4
2011-12-14 16:09:00,0.5624,17.293,121.5689,5.1802,13.5992,9.6472,0.108,272.1263,29.3983,7.3659,5.2844,6.2447,5.0156,34.0425,0.269,4
2011-12-14 16:10:00,0.5606999999999999,17.293,121.5093,5.1178,13.602,9.5248,0.1078,271.9902,29.3206,7.3276,5.1004,5.8858,4.8864,33.0919,0.2634,4
2011-12-14 16:11:00,0.5514,16.9276,121.4713,4.9907,13.6043,9.4065,0.1005,271.6911,27.3073,7.2827,4.9198,5.5445,4.7328,32.4983,0.258,4
2011-12-14 16:12:00,0.5454999999999999,16.2608,121.5722,4.7706,13.6044,9.285100000000002,0.098,271.754,26.6286,7.2318,4.7181,5.2225,4.5618,31.4884,0.2495,4
2011-12-14 16:13:00,0.5443,15.3145,121.5357,4.5171,13.6079,9.1678,0.0985,271.5742,26.739,7.1609,4.5204,4.9187,4.4004,30.4194,0.2406,4
2011-12-14 16:14:00,0.5396999999999998,14.6693,121.5033,4.4132,13.6093,9.0341,0.0893,271.7965,24.2856,7.0545,4.357,4.6655,4.2834,29.4689,0.2315,4
2011-12-14 16:15:00,0.5347,14.0886,121.5247,4.4507,13.6106,8.9101,0.0843,271.7129,22.9108,6.9535,4.2556,4.477,4.217,28.2217,0.2204,4
2011-12-14 16:16:00,0.5375999999999999,12.9487,121.5323,4.3181,13.6106,8.7915,0.0840999999999999,270.4042,22.7384,6.8557,4.1216,4.256,4.0809,26.8552,0.2089999999999999,4
2011-12-14 16:17:00,0.5252999999999999,12.5405,121.5654,4.2926,13.6126,8.6729,0.0809,266.7266,21.5802,6.7843,4.0026,4.0862,3.9897,25.6082,0.2056999999999999,4
2011-12-14 16:18:00,0.5273999999999999,12.2179,121.5377,4.4318,13.6163,8.5621,0.0825,261.8861,21.608,6.7436,3.9102,3.9417,3.8981,23.8852,0.1943,4
2011-12-14 16:19:00,0.538,11.4012,121.5461,4.5161,13.6179,8.445999999999998,0.0769999999999999,256.0312,19.7233,6.7422,3.7895,3.8052,3.8038,22.1625,0.1763,4
2011-12-14 16:20:00,0.5551,10.0461,121.5512,4.5756,13.6216,8.3353,0.08,249.4014,19.9494,6.7165,3.7107,3.6764,3.7429,20.796,0.1569,4
2011-12-14 16:21:00,0.5584,9.315,121.5936,4.601,13.6222,8.2229,0.07,242.0087,16.9428,6.6464,3.716,3.6681,3.7403,19.0138,0.1396999999999999,4
2011-12-14 16:22:00,0.5392,7.9168,121.5782,4.522,13.6222,8.1144,0.0723,235.4812,17.0191,6.5846,3.6566,3.5894,3.6874,17.5285,0.1273,4
2011-12-14 16:23:00,0.5376999999999998,6.7338,121.5543,4.6284,13.6237,8.0062,0.0695,214.6353,14.8944,6.5144,3.6918,3.5909,3.7304,16.2217,0.1092,4
2011-12-14 16:24:00,0.537,5.1849,121.5013,4.5867,13.6274,7.9055,0.0662999999999999,187.6418,12.4504,6.4717,3.6139,3.4279,3.606,14.6769,0.0739999999999999,4
2011-12-14 16:25:00,0.5392,3.7865,121.5567,4.4523,13.6279,7.8025,0.0621999999999999,186.0954,11.5819,6.4446,3.4565,3.2569,3.4114,13.6076,0.0584,4
2011-12-14 16:26:00,0.5376999999999998,3.3993,121.5088,4.3567,13.6307,7.6997,0.0613,186.0067,11.4072,6.3971,3.3343,3.1388,3.3292,11.8845,0.0483999999999999,4
2011-12-14 16:27:00,0.5418,2.9045,121.4796,4.4473,13.6335,7.5969,0.0584,186.0605,10.8625,6.3602,3.2592,3.0738,3.2678,11.4687,0.0381999999999999,4
2011-12-14 16:28:00,0.5514999999999999,2.1945,121.4006,4.4544,13.6335,7.4982,0.0558999999999999,185.333,10.3553,6.3061,3.2256,3.0709,3.2592,10.3992,0.0281999999999999,4
2011-12-14 16:29:00,0.5625999999999999,1.3985,121.3147,4.3927,13.6335,7.4033,0.0526999999999999,179.7439,9.4737,6.2487,3.1878,2.9702,3.1993,9.3297,0.0164,4
2011-12-14 16:30:00,0.5671,0.8175999999999999,121.3946,4.3394,13.6336,7.302399999999999,0.0531,174.3938,9.2701,6.1917,3.1319,2.8992,3.1541,8.319499999999998,0.0058999999999999,4
2011-12-14 16:31:00,0.5666999999999999,0.3226999999999999,121.2689,4.2164,13.635,7.209399999999999,0.0476,170.1205,8.102299999999998,6.1391,2.9981,2.7287,2.9945,7.8442,-0.0020999999999999,4
2011-12-14 16:32:00,0.5638999999999998,-0.5808999999999999,121.3932,4.2538,13.6387,7.1151,0.0430999999999999,165.91,7.149,6.0987,2.9587,2.7274,3.0103,7.0123,-0.0094,4
2011-12-14 16:33:00,0.565,-0.9037,121.3048,4.1909,13.6387,7.0076,0.0434999999999999,161.3511,7.0296,6.0344,2.8518,2.6017,2.8811,6.2398,-0.0158,4
2011-12-14 16:34:00,0.5671,-0.9682,121.1844,4.1897,13.6391,6.9112,0.0378,157.0036,5.9451,5.9663,2.8134,2.6028,2.8428,5.6456,-0.0217,4
2011-12-14 16:35:00,0.3956,0.7746,121.2771,4.1843,13.6414,6.8199,0.0296,196.1153,5.4818,5.8905,2.821,2.5559,2.8604,5.2296,0.0271999999999999,4
2011-12-14 16:36:00,0.4169999999999999,1.3771,121.2387,4.0971,13.6447,6.7346,0.0267,208.4396,5.3289,5.8258,2.7415,2.4513,2.7358,4.6949,0.0410999999999999,4
2011-12-14 16:37:00,0.3483,1.6783,121.2628,4.0153,13.6447,6.6489,0.023,198.7789,4.5491,5.7642,2.6323,2.314,2.6308,4.3977,0.0534,4
2011-12-14 16:38:00,0.4131,1.2049,121.3251,4.0414,13.6459,6.5597,0.0269,193.9409,5.0274,5.7232,2.548,2.2526,2.5724,3.7441,0.0403,4
2011-12-14 16:39:00,0.3924,1.7429,121.3218,3.999,13.6498,6.4731,0.0207,199.6409,4.1127,5.6721,2.4507,2.1438,2.4657,3.3281,0.0519999999999999,4
2011-12-14 16:40:00,0.3417999999999999,1.6568,121.1925,3.8723,13.6518,6.3893,0.0207,189.901,3.9452,5.6196,2.3347,2.0407,2.3476,2.7933,0.0531999999999999,4
2011-12-14 16:41:00,0.332,1.4416,121.2028,3.8494,13.6528,6.3063,0.0189,187.3134,3.5594,5.5514,2.3285,2.0653,2.3859,2.199,0.0555,4
2011-12-14 16:42:00,0.2960999999999999,1.3771,121.1606,3.924,13.6575,6.2246,0.0168999999999999,191.3611,3.1482,5.4809,2.3657,2.1083,2.436,1.8424,0.0575,4
2011-12-14 16:43:00,0.3095,1.6568,121.0786,3.8894,13.658,6.1449,0.0213999999999999,175.5783,3.755,5.4054,2.3709,2.1392,2.4361,1.6641,0.0647999999999999,4
2011-12-14 16:44:00,0.273,2.1517,121.0242,3.8537,13.6585,6.0634,0.0149999999999999,181.0051,2.6661,5.3374,2.3584,2.0708,2.3814,0.9509,0.0819,4
2011-12-14 16:45:00,0.1869,2.7972,121.0243,3.7659,13.6585,5.9896,0.0198,157.4191,3.1262,5.292,2.2712,1.9635,2.2698,0.5349,0.1041,4
2011-12-14 16:46:00,0.1872999999999999,3.0769,120.9579,3.6076,13.6584,5.9102,0.0138999999999999,149.6905,2.0319,5.2267,2.1402,1.8216,2.1531,-0.0594,0.1103,4
2011-12-14 16:47:00,0.1870999999999999,3.1415,120.8468,3.5305,13.6603,5.8356,0.0146,58.1503,0.7469,5.1827,2.0141,1.6912,2.0271,-0.7132,0.1118,4
2011-12-14 16:48:00,0.1870999999999999,3.2706,120.8915,3.6323,13.6634,5.7599,0.0092999999999999,28.7788,0.2753999999999999,5.1383,1.9479,1.6931,1.9902,-1.4859,0.113,4
2011-12-14 16:49:00,0.1867,3.1845,120.8009,3.6866,13.6644,5.6842,0.0095999999999999,24.6065,0.2318,5.0839,1.9247,1.5874,1.9082,-1.7237,0.1134,4
2011-12-14 16:50:00,0.1875,3.1415,120.7532,3.5155,13.6678,5.6106,0.0082,21.7851,0.1751999999999999,5.0309,1.7938,1.401,1.7393,-2.0803,0.1140999999999999,4
2011-12-14 16:51:00,0.1865,3.2491,120.6712,3.3944,13.6702,5.5366,0.0014,18.462,0.0310999999999999,4.9982,1.58,1.1504,1.5462,-2.3775,0.114,4
2011-12-14 16:52:00,0.1870999999999999,3.1415,120.7175,3.3073,13.6704,5.4628,0.0083999999999999,15.4297,0.1318999999999999,4.9693,1.4079,1.0112,1.4316,-2.853,0.1144,4
2011-12-14 16:53:00,0.1867,3.1845,120.7158,3.283,13.6705,5.387,0.0027,12.9103,0.0311999999999999,4.9077,1.3171,0.9498,1.3379,-3.388,0.1149,4
2011-12-14 16:54:00,0.1862,3.2061,120.7433,3.2559,13.6711,5.3118,0.005,11.1434,0.0568,4.8675,1.1774,0.7878,1.1839,-3.4474,0.115,4
2011-12-14 16:55:00,0.1862,3.2061,120.6527,3.2083,13.6753,5.2394,0.0121,9.9008,0.1188,4.8306,1.0692,0.6953,1.0986,-3.5663,0.1150999999999999,4
2011-12-14 16:56:00,0.1865,3.2921,120.6647,3.259,13.6767,5.1642,0.0047999999999999,9.7868,0.0468,4.7811,1.0344,0.6965,1.0826,-3.7447,0.1155,4
2011-12-14 16:57:00,0.186,3.1846,120.6579,3.2775,13.6795,5.0885,0.0018,9.8153,0.0185999999999999,4.7175,1.0279,0.69,1.066,-3.6258,0.1153,4
2011-12-14 16:58:00,0.1862,3.2706,120.6187,3.2698,13.6814,5.0198,0.0020999999999999,9.9692,0.0201,4.6695,1.0277,0.6588,1.0356,-3.6853,0.1157,4
2011-12-14 16:59:00,0.1869,3.2061,120.5264,3.2973,13.682,4.9481,-0.0020999999999999,9.7583,-0.0195999999999999,4.6148,1.0518,0.6621,1.0791,-3.6259,0.1162,4
2011-12-14 17:00:00,0.1867,3.2061,120.4819,3.2022,13.682,4.8784,-0.0006999999999999,9.6272,-0.0082,4.5537,1.0507,0.6531,1.055,-3.6853,0.1166,4
2011-12-14 17:01:00,0.1865,3.1846,120.4307,3.2985,13.6821,4.8122,0.0032,9.6044,0.0309,4.491,1.2239,0.8874999999999998,1.2843,-3.507,0.117,4
2011-12-14 17:02:00,0.1862,3.1415,120.3828,3.3358,13.6825,4.7416,-0.0023,9.4562,-0.0178999999999999,4.426,1.3432,1.0062,1.4043,-3.3287,0.1167,4
2011-12-14 17:03:00,0.1870999999999999,3.2061,120.376,3.5961,13.6849,4.6808,0.003,9.5759,0.0275,4.4031,1.5543,1.2332,1.6419,-3.1504,0.1165,4
2011-12-14 17:04:00,0.1862,3.2061,120.3623,3.6449,13.6872,4.6216,0.0,9.08,0.006,4.3853,1.7232,1.3117,1.7663,-2.8532,0.1172,4
2011-12-14 17:05:00,0.1867,3.1415,120.3675,3.5698,13.6877,4.561,-0.0006999999999999,7.883,-0.0053,4.3518,1.7757,1.3334,1.808,-2.8533,0.1173,4
2011-12-14 17:06:00,0.1870999999999999,3.2706,120.3846,3.6344,13.6877,4.5091,0.002,7.1876,0.0094999999999999,4.3313,1.9008,1.4873,1.9898,-2.7344,0.1172,4
2011-12-14 17:07:00,0.1865,3.2276,120.3111,3.5832,13.6878,4.4501,0.0016,6.1388,0.0092999999999999,4.3002,1.9542,1.5019,2.0109,-2.7939,0.1179,4
2011-12-14 17:08:00,0.1865,3.3567,120.3094,3.5102,13.6896,4.3801,-0.0006999999999999,5.4093,-0.0041,4.2487,1.9649,1.5478,2.0446,-2.675,0.1179,4
2011-12-14 17:09:00,0.1867,3.1846,120.2633,3.5414,13.6915,4.3336,0.0045999999999999,4.8051,0.0223,4.2351,1.9835,1.5225,2.0452,-2.6156,0.1172,4
2011-12-14 17:10:00,0.1865,3.2061,120.2273,3.4574,13.6928,4.2799,0.0035999999999999,4.4916,0.0167,4.195,1.9898,1.5663,2.0745,-2.6156,0.1183,4
2011-12-14 17:11:00,0.1865,3.1846,120.0872,3.5224,13.6933,4.237,-0.0016,4.2009,-0.0057999999999999,4.1764,2.0701,1.7033,2.1605,-2.4373,0.1186,4
2011-12-14 17:12:00,0.1847,3.2061,119.9384,3.6446,13.6933,4.1922,0.0016,3.876,0.006,4.1666,2.1636,1.7954,2.2231,-2.6157,0.1178,4
2011-12-14 17:13:00,0.1877999999999999,3.2706,119.9828,3.5481,13.6933,4.1511,0.0020999999999999,3.9387,0.0083,4.1477,2.1497,1.7729,2.2143,-2.5563,0.1183,4
2011-12-14 17:14:00,0.1862,3.2061,119.9897,3.4609,13.6933,4.1065,0.0035999999999999,3.7107,0.0125,4.1188,2.1121,1.7238,2.1759,-2.3779,0.1184,4
2011-12-14 17:15:00,0.1869,3.2491,119.9948,3.4047,13.6943,4.0706,-0.0023,3.5967,-0.0044,4.0914,2.0609,1.6855,2.1247,-2.4969,0.1188,4
2011-12-14 17:16:00,0.186,3.1415,120.2411,3.3346,13.697,4.0278,-0.0016,3.3516,-0.0057,4.048,2.0381,1.6583,2.0919,-2.4969,0.1191,4
2011-12-14 17:17:00,0.1867,3.2922,120.6583,3.1979,13.6975,3.9885,-0.0011,3.2889,-0.0066,4.0051,1.9339,1.5383,1.9648,-2.7347,0.1192,4
2011-12-14 17:18:00,0.186,3.1846,120.8464,3.2348,13.698,3.9491,-0.0025,3.135,-0.0092999999999999,3.9643,1.8571,1.4851,1.8873,-2.7347,0.1192,4
2011-12-14 17:19:00,0.1870999999999999,3.1846,121.079,3.2892,13.6989,3.9113,-0.0025,3.1749,-0.0077,3.9429,1.8083,1.4766,1.8543,-2.8536,0.1188,4
2011-12-14 17:20:00,0.1857999999999999,3.1415,121.1611,3.4649,13.6994,3.8738,0.0011,3.192,0.0030999999999999,3.9383,1.8561,1.5165,1.9416,-2.9725,0.1179,4
2011-12-14 17:21:00,0.1862,3.1846,121.1423,3.1712,13.6994,3.8345,0.0014,3.2319,0.0016,3.894,1.7728,1.4015,1.8338,-2.8537,0.1183,4
2011-12-14 17:22:00,0.1862,3.3137,121.1149,3.0613,13.7007,3.7989,0.0066,3.1806,0.0191999999999999,3.8505,1.6861,1.2867,1.7421,-2.8537,0.1179,4
2011-12-14 17:23:00,0.1857999999999999,3.2491,121.1611,2.9945,13.7012,3.7595,0.0005,3.0552,0.0008,3.7955,1.6042,1.2199,1.6811,-2.9726,0.1183,4
2011-12-14 17:24:00,0.186,3.2922,121.1217,3.1098,13.703,3.7257,0.0005,3.0381,0.0038999999999999,3.7651,1.5774,1.1492,1.6384,-2.9727,0.1197,4
2011-12-14 17:25:00,0.1862,3.2922,121.1029,3.0519,13.7035,3.688,-0.0016,2.9697,-0.0044,3.7332,1.4886,1.0783,1.5999,-2.9727,0.1191,4
2011-12-14 17:26:00,0.1862,3.2491,121.1508,2.9979,13.7044,3.6485,-0.0071,2.9013,-0.021,3.6887,1.4568,1.0522,1.5746,-3.151,0.1192,4
2011-12-14 17:27:00,0.186,3.3352,121.1115,2.744,13.7044,3.611,0.0043,2.8842,0.014,3.6276,1.3681,0.9383,1.486,-3.151,0.1195,4
2011-12-14 17:28:00,0.1862,3.2706,121.1406,2.6149,13.7044,3.575,-0.005,2.8101,-0.0142,3.5652,1.258,0.8201,1.3521,-3.1511,0.1189,4
2011-12-14 17:29:00,0.1865,3.2061,121.0499,2.7103,13.7049,3.5378,0.0018,2.6961,0.0061,3.5207,1.1875,0.7618,1.2816,-3.2105,0.1186,4
2011-12-14 17:30:00,0.186,3.2922,121.1029,2.6699,13.707,3.501,0.0025,2.7987,0.0071,3.4768,1.0901,0.6356,1.1527,-3.0916,0.1193,4
2011-12-14 17:31:00,0.1865,3.2061,121.1765,2.5695,13.7095,3.4657,0.0008999999999999,3.0096,0.0047999999999999,3.4336,0.9783,0.5158,1.0286,-3.1511,0.1197,4
2011-12-14 17:32:00,0.1865,3.2061,121.2671,2.6668,13.7106,3.4244,0.005,2.5935,0.0128,3.388,0.9391,0.4837,0.9937,-3.2106,0.1197,4
2011-12-14 17:33:00,0.1862,3.2706,121.3047,2.8089,13.7112,3.3905,-0.0035999999999999,2.6619,-0.0095999999999999,3.3713,0.9238,0.4252,0.959,-3.5079,0.1203,4
2011-12-14 17:34:00,0.1862,3.2061,121.3851,2.6411,13.7119,3.3476,-0.0002,2.6562,-0.0032,3.3306,0.7929,0.2596,0.7935999999999999,-3.1512,0.1194,4
2011-12-14 17:35:00,0.1862,3.2922,121.3492,2.6209,13.7161,3.3066,-0.0011,2.7474,-0.003,3.3003,0.6617,0.1996,0.6783,-3.5079,0.1193,4
2011-12-14 17:36:00,0.1867,3.2706,121.3458,2.7456,13.7163,3.2653,-0.0066,2.4111,-0.0148,3.2805,0.7058999999999999,0.2949,0.7454,-3.5674,0.1189999999999999,4
2011-12-14 17:37:00,0.1869,3.2276,121.4449,2.5743,13.7168,3.2298,-0.005,2.5707,-0.0135999999999999,3.2499,0.5786999999999999,0.0841999999999999,0.5514,-3.5079,0.1196,4
2011-12-14 17:38:00,0.1862,3.2922,121.3988,2.5185,13.7174,3.1921,0.0005,2.5821,0.0012999999999999,3.2237,0.4481,-0.0415999999999999,0.4193,-3.6269,0.1194,4
2011-12-14 17:39:00,0.1857999999999999,3.2706,121.3851,2.5691,13.7179,3.1518,-0.0023,2.4225,-0.0061,3.1949,0.3845,-0.1016,0.3637,-3.6863,0.1194,4
2011-12-14 17:40:00,0.1865,3.2491,121.3577,2.5326,13.7212,3.116,-0.0032,2.394,-0.0077,3.1677,0.3311999999999999,-0.1456,0.3226,-3.6863,0.1188,4
2011-12-14 17:41:00,0.1867,3.2706,121.3646,2.6691,13.723,3.0714,-0.0038999999999999,2.3769,-0.0085,3.1446,0.3690999999999999,-0.0579,0.4561999999999999,-3.6863,0.1199,4
2011-12-14 17:42:00,0.1862,3.3782,121.3748,2.6544,13.7239,3.0373,0.0033999999999999,2.3484,0.0091,3.1256,0.4133999999999999,-0.0748999999999999,0.4536999999999999,-3.5674,0.1188,4
2011-12-14 17:43:00,0.1867,3.3137,121.3338,2.5501,13.7244,2.998,-0.0020999999999999,2.451,-0.0044,3.0941,0.3004,-0.2427,0.3377999999999999,-3.508,0.1195,4
2011-12-14 17:44:00,0.1857999999999999,3.2061,121.4022,2.7264,13.7279,2.9622,-0.0032,2.3598,-0.0083999999999999,3.0899,0.3413999999999999,-0.0814,0.4544,-3.5674,0.1202,4
2011-12-14 17:45:00,0.1854,3.2491,121.3509,3.1553,13.7289,2.9223,0.0041,2.1033,0.0064,3.1309,0.5741,0.1739,0.6921,-3.5674,0.1195,4
2011-12-14 17:46:00,0.186,3.2706,121.315,3.0952,13.73,2.8903,-0.0025,2.2515,-0.0066,3.1398,0.6651,0.2368,0.7428,-3.1512,0.1198,4
2011-12-14 17:47:00,0.1862,3.2061,121.344,3.0886,13.7301,2.8577,-0.0027,2.2857,-0.0054999999999999,3.1502,0.7409999999999999,0.3372999999999999,0.8136999999999999,-3.1512,0.12,4
2011-12-14 17:48:00,0.1862,3.2276,121.2962,3.263,13.7302,2.831,-0.0045999999999999,2.1717,-0.0079,3.1765,0.8997,0.4637,0.9414,-2.9729,0.1202,4
2011-12-14 17:49:00,0.1857999999999999,3.2922,121.3851,3.2007,13.7303,2.8011,-0.0041,2.0919,-0.0083999999999999,3.186,0.9423,0.4270999999999999,0.9128,-2.8539,0.1202,4
2011-12-14 17:50:00,0.1865,3.2276,121.5304,3.0278,13.7304,2.7773,-0.0038999999999999,2.1489,-0.0086999999999999,3.168,0.8645,0.319,0.8306999999999999,-2.8539,0.1199,4
2011-12-14 17:51:00,0.186,3.163,121.4757,2.8976,13.7305,2.7489,-0.0027,2.2515,-0.0128,3.1424,0.8094,0.3215,0.8158999999999998,-2.9134,0.1202,4
2011-12-14 17:52:00,0.1862,3.3137,121.4586,3.1935,13.7305,2.7239,-0.003,2.2287,-0.0079,3.1747,0.9864,0.6403999999999999,1.0856,-2.9134,0.1207,4
2011-12-14 17:53:00,0.1865,3.2706,121.3646,3.246,13.7306,2.7086,-0.0002,2.223,-0.0012999999999999,3.2032,1.0114,0.5121,0.9711,-2.854,0.1205,4
2011-12-14 17:54:00,0.1865,3.3567,121.4535,3.0282,13.7307,2.6819,-0.0066,2.052,-0.0155,3.1729,0.8947,0.4198,0.8868,-2.854,0.1197,4
2011-12-14 17:55:00,0.1855999999999999,3.3567,121.4364,3.1716,13.7307,2.6623,-0.0023,2.109,-0.0048999999999999,3.1798,0.9973,0.6671,1.1152,-2.9729,0.1201,4
2011-12-14 17:56:00,0.1855999999999999,3.2706,121.3885,3.3576,13.7307,2.6371,0.0035999999999999,2.0919,0.0074,3.2098,1.1072,0.7209999999999999,1.1402,-2.9135,0.1196,4
2011-12-14 17:57:00,0.1854,3.2276,121.5458,3.3391,13.7308,2.6278,-0.0041,2.1888,-0.0109,3.2285,1.1001,0.7124,1.1123,-2.7946,0.12,4
2011-12-14 17:58:00,0.1867,3.2491,121.5646,3.2952,13.7308,2.6092,-0.0027,2.2002,-0.0033999999999999,3.2299,1.1209,0.7339999999999999,1.1295,-2.7946,0.1199,4
2011-12-14 17:59:00,0.1849,3.2491,121.5681,3.1018,13.7309,2.5866,-0.0032,2.2686,-0.0074999999999999,3.2045,1.0781,0.6573,1.0515,-2.854,0.1197,4
2011-12-14 18:00:00,0.1867,3.1846,121.5817,2.8185,13.7309,2.5781,0.0035999999999999,2.1888,0.0076,3.1645,0.9653,0.5149,0.8933999999999999,-2.9135,0.1198,4
2011-12-14 18:01:00,0.1867,3.1846,121.7442,2.8462,13.7309,2.5625,-0.0073,1.9722,-0.0154,3.1324,0.9259,0.5042999999999999,0.9173,-3.0324,0.1203,4
2011-12-14 18:02:00,0.1852,3.2491,121.7698,2.9103,13.7309,2.5437,0.0086999999999999,1.9836,0.0168999999999999,3.1108,0.9171,0.4545,0.8811999999999999,-2.9135,0.1213,4
2011-12-14 18:03:00,0.1855999999999999,3.2276,121.0072,2.8526,13.7309,2.5386,-0.0073,2.2287,-0.0179999999999999,3.0964,0.9099,0.4192,0.871,-3.0919,0.1206,4
2011-12-14 18:04:00,0.1867,3.3352,120.5404,2.8873,13.7314,2.52,-0.0041,2.1375,-0.0058999999999999,3.0706,0.9638,0.6156,1.076,-3.3892,0.1202,4
2011-12-14 18:05:00,0.1865,3.3352,120.46,3.05,13.7328,2.503,0.0002,2.0007,-0.0005999999999999,3.0773,1.0928,0.6994,1.1525,-2.973,0.1203,4
2011-12-14 18:06:00,0.1855999999999999,3.3137,120.4754,3.163,13.7324,2.4898,-0.0018,2.0634,-0.0022,3.0914,1.2406,0.8530999999999999,1.2852,-2.9136,0.1211,4
2011-12-14 18:07:00,0.186,3.2922,120.4908,3.1123,13.7356,2.4737,-0.0023,2.2173,-0.0053,3.0924,1.2265,0.7749,1.2301,-2.6757,0.1211,4
2011-12-14 18:08:00,0.1855999999999999,3.2276,120.4959,3.0201,13.7356,2.4601,-0.0033999999999999,2.1432,-0.0074999999999999,3.0681,1.1871,0.7657,1.1928,-2.6163,0.1211,4
2011-12-14 18:09:00,0.1867,3.3352,120.5609,3.054,13.7356,2.4601,-0.0067999999999999,2.0349,-0.014,3.076,1.1856,0.8203,1.1827,-2.7947,0.1213999999999999,4
2011-12-14 18:10:00,0.1855999999999999,3.2922,120.5557,3.0384,13.7365,2.4488,-0.0074999999999999,2.0862,-0.0166,3.0662,1.1887,0.7714999999999999,1.1541,-2.7947,0.1205,4
2011-12-14 18:11:00,0.1857999999999999,3.2706,120.5899,2.949,13.7365,2.4358,0.0018,1.9266,0.0016,3.0374,1.098,0.6931,1.0549,-2.8542,0.121,4
2011-12-14 18:12:00,0.186,3.2491,120.6105,2.9556,13.7365,2.4172,0.0014,1.9722,0.0005,3.0188,1.0758,0.7117999999999999,1.0628,-2.8542,0.1206,4
2011-12-14 18:13:00,0.1854,3.3567,120.6105,3.0284,13.7366,2.4172,-0.0006999999999999,2.3313,0.0002,3.031,1.1649,0.8442,1.1807,-2.9137,0.1212,4
2011-12-14 18:14:00,0.186,3.2706,120.5728,2.9472,13.7366,2.3965,-0.0020999999999999,1.8297,-0.0047,3.0024,1.0816,0.6967999999999999,1.0622,-2.7353,0.1211,4
2011-12-14 18:15:00,0.186,3.2922,120.6464,2.9648,13.7366,2.3946,-0.0067999999999999,2.0349,-0.0149,2.9948,1.0524,0.7035,1.0459,-2.7948,0.1213999999999999,4
2011-12-14 18:16:00,0.1854,3.2706,120.6241,2.946,13.7366,2.3895,-0.0025,2.0007,-0.0092999999999999,2.9825,1.0092,0.6544999999999999,1.0149,-2.8542,0.1215,4
2011-12-14 18:17:00,0.1862,3.2922,120.6378,2.9264,13.737,2.3742,0.0014,1.7727,0.0018,2.9594,1.0053,0.6686999999999999,1.0082,-2.9137,0.1205,4
2011-12-14 18:18:00,0.1862,3.1846,120.6566,3.0512,13.7366,2.3742,-0.0083999999999999,2.0577,-0.0173999999999999,2.9673,0.9672,0.6593,0.9492,-2.8542,0.1208999999999999,4
2011-12-14 18:19:00,0.186,3.2276,120.631,3.0238,13.737,2.3742,-0.0061999999999999,1.8867,-0.0121,2.9616,0.9204,0.5751,0.8938,-2.9137,0.1208,4
2011-12-14 18:20:00,0.1862,3.2706,120.7148,2.8794,13.7375,2.3611,0.0016,1.9665,0.0047999999999999,2.9298,0.8274,0.5092999999999999,0.7871,-3.0921,0.1213999999999999,4
2011-12-14 18:21:00,0.186,3.3352,120.6857,3.0084,13.7384,2.3517,-0.0020999999999999,1.7556,-0.0045999999999999,2.9361,0.992,0.8006999999999999,1.0647,-3.0327,0.1211,4
2011-12-14 18:22:00,0.1862,3.3997,120.7832,3.1286,13.7398,2.35,0.0016,1.8981,0.0035999999999999,2.9631,1.2039,0.945,1.2592,-2.8543,0.1221,4
2011-12-14 18:23:00,0.1862,3.3567,120.725,3.0508,13.7403,2.3313,-0.0002,2.0178,0.0022,2.9488,1.2384,0.9105,1.2463,-2.8543,0.1217,4
2011-12-14 18:24:00,0.1857999999999999,3.3352,120.778,2.9412,13.7398,2.3313,-0.0011,1.8867,-0.0023999999999999,2.9316,1.1586,0.7896999999999998,1.1579,-2.4975,0.1218999999999999,4
2011-12-14 18:25:00,0.1857999999999999,3.2276,120.7695,2.8886,13.7398,2.3313,-0.0038999999999999,2.0121,-0.0091999999999999,2.9123,1.1392,0.7983,1.1607,-2.6759,0.1212,4
2011-12-14 18:26:00,0.1862,3.3137,120.7353,2.9946,13.7407,2.3313,-0.0043,1.9665,-0.0064,2.908,1.1615,0.8644,1.2233,-2.8544,0.1218999999999999,4
2011-12-14 18:27:00,0.1862,3.3567,120.6703,3.0415,13.7407,2.3313,-0.0027,2.0805,-0.0067,2.9245,1.247,0.9414,1.2901,-2.676,0.1215,4
2011-12-14 18:28:00,0.1855999999999999,3.2276,120.6994,2.8915,13.7393,2.3313,0.0014,2.0064,0.0020999999999999,2.9058,1.2017,0.8666,1.1988,-2.4976,0.1213999999999999,4
2011-12-14 18:29:00,0.186,3.2922,120.7678,2.9788,13.7407,2.3313,0.0035999999999999,1.8468,0.0086999999999999,2.8951,1.17,0.8549999999999999,1.1744,-2.5571,0.122,4
2011-12-14 18:30:00,0.1862,3.2706,120.7934,3.0682,13.7416,2.3313,-0.0023,1.9665,-0.004,2.908,1.2312,0.9565,1.2743,-2.6166,0.1216,4
2011-12-14 18:31:00,0.1855999999999999,3.2922,120.7644,2.9549,13.7416,2.3313,0.0005,2.0121,0.0008999999999999,2.8972,1.1651,0.8500999999999999,1.1579,-2.5571,0.1215,4
2011-12-14 18:32:00,0.186,3.2491,120.6942,2.9218,13.7421,2.3313,-0.0057,1.8297,-0.0106,2.8822,1.1701,0.9206,1.2075,-2.6166,0.1208999999999999,4
2011-12-14 18:33:00,0.1865,3.2922,120.7438,2.942,13.7416,2.3313,-0.0006999999999999,1.8639,-0.0011,2.8829,1.2599,1.0025,1.3153,-2.6761,0.1217,4
2011-12-14 18:34:00,0.1865,3.3352,120.696,3.0451,13.7412,2.3313,-0.0058999999999999,1.9266,-0.0121,2.8965,1.3721,1.0967,1.4065,-2.5571,0.1213,4
2011-12-14 18:35:00,0.1865,3.2276,120.7815,2.9881,13.7416,2.3313,0.0011,2.0292,0.0035999999999999,2.8815,1.293,1.0011,1.321,-2.5571,0.1226,4
2011-12-14 18:36:00,0.186,3.3352,120.7986,3.11,13.7421,2.3313,-0.0038999999999999,1.8981,-0.0094999999999999,2.898,1.39,1.1176,1.4626,-2.4977,0.1221,4
2011-12-14 18:37:00,0.1867,3.2922,120.7678,3.0177,13.7421,2.3313,-0.0020999999999999,1.9608,-0.0038,2.9008,1.3577,1.0615,1.334,-2.4382,0.1222,4
2011-12-14 18:38:00,0.1862,3.2922,120.7626,2.9167,13.7421,2.3313,-0.0064,2.2173,-0.016,2.8779,1.2649,0.9593,1.2297,-2.4382,0.1213,4
2011-12-14 18:39:00,0.1857999999999999,3.3137,120.7883,2.8251,13.7421,2.3364,-0.0057,2.1888,-0.0134,2.8586,1.0694,0.7255,0.9737,-2.4977,0.1227,4
2011-12-14 18:40:00,0.1865,3.3137,120.7849,2.6346,13.7421,2.3313,-0.0064,1.9722,-0.012,2.8162,0.8435,0.5262,0.7844999999999999,-2.795,0.1222,4
2011-12-14 18:41:00,0.1847,3.3567,120.8037,2.7378,13.7421,2.3313,-0.0035999999999999,1.9152,-0.0057,2.8041,0.8313,0.6205,0.8398999999999999,-3.0329,0.122,4
2011-12-14 18:42:00,0.1857999999999999,3.2491,120.8071,2.8612,13.7421,2.3313,-0.0006999999999999,2.0178,-0.0005,2.8084,0.8671999999999999,0.655,0.8658,-2.8545,0.1228,4
2011-12-14 18:43:00,0.1854,3.3137,120.7524,2.9456,13.7421,2.3313,-0.0027,2.1261,-0.0057,2.8213,1.0485,0.8470999999999999,1.0909,-2.914,0.1213999999999999,4
2011-12-14 18:44:00,0.186,3.2922,120.7849,2.9131,13.7421,2.3313,0.0011,2.1375,0.0011999999999999,2.8306,1.1671,0.883,1.1678,-2.8545,0.1223,4
2011-12-14 18:45:00,0.1857999999999999,3.2491,120.8003,2.8092,13.743,2.3313,-0.0064,2.0862,-0.0148,2.8048,1.1506,0.8599999999999999,1.1412,-2.6166,0.1229,4
2011-12-14 18:46:00,0.1862,3.3782,120.8499,2.7595,13.7421,2.3313,-0.0027,2.3427,-0.0068999999999999,2.7811,1.0686,0.8161,1.0592,-2.1409,0.1218999999999999,4
2011-12-14 18:47:00,0.1865,3.4428,120.8345,2.9268,13.7421,2.3313,0.0,1.9038,0.0014,2.7941,1.0966,0.8254,1.0793,-2.7355,0.1223999999999999,4
2011-12-14 18:48:00,0.1862,3.3352,120.8618,2.9622,13.7435,2.3313,-0.0054999999999999,1.938,-0.0091999999999999,2.7941,1.0549,0.7355,1.0347,-2.4382,0.1226,4
2011-12-14 18:49:00,0.1865,3.2706,120.8943,2.8706,13.7426,2.3313,-0.0047999999999999,2.1033,-0.0088,2.7804,1.0527,0.7218,1.0089,-2.6761,0.1222,4
2011-12-14 18:50:00,0.1865,3.3137,120.8533,2.675,13.7439,2.3313,-0.0002,1.8753,-0.0011999999999999,2.7517,0.8793999999999998,0.5173999999999999,0.8066999999999999,-2.6761,0.1226,4
2011-12-14 18:51:00,0.1867,3.2061,120.8635,2.6519,13.7449,2.3313,-0.0027,2.1603,-0.0053,2.7295,0.8167999999999999,0.552,0.8578,-2.8545,0.1225,4
2011-12-14 18:52:00,0.186,3.2491,120.79,2.911,13.7458,2.3313,0.0023,1.8924,0.0038999999999999,2.7503,1.0146,0.7708,1.0772,-2.914,0.1225,4
2011-12-14 18:53:00,0.1855999999999999,3.2061,120.8225,2.9232,13.7462,2.3313,-0.0077999999999999,2.0463,-0.0155,2.7639,1.0729,0.811,1.0966,-2.7356,0.123,4
2011-12-14 18:54:00,0.186,3.2491,120.8379,2.8843,13.7462,2.3313,-0.0097999999999999,2.0862,-0.0235,2.7683,1.1627,0.8686,1.1721,-2.3193,0.1235,4
2011-12-14 18:55:00,0.1857999999999999,3.3567,120.802,2.8792,13.7467,2.3313,-0.0020999999999999,2.0919,-0.0047999999999999,2.769,1.2533,0.9786,1.2771,-2.3788,0.1217,4
2011-12-14 18:56:00,0.1849,3.2491,120.8464,2.8273,13.7453,2.3313,-0.0032,2.0406,-0.006,2.7697,1.2842,0.9693,1.2648,-2.8545,0.1217,4
2011-12-14 18:57:00,0.1865,3.2922,120.8567,2.8446,13.7476,2.3313,-0.0057,1.7556,-0.0074999999999999,2.7632,1.3194,1.011,1.3058,-2.6761,0.1225,4
2011-12-14 18:58:00,0.1857999999999999,3.2276,120.9388,2.6837,13.7467,2.3313,-0.0002,1.8639,0.0014,2.746,1.2238,0.8397,1.1382,-2.3193,0.1222,4
2011-12-14 18:59:00,0.186,3.2491,120.9319,2.5964,13.7472,2.3313,-0.0054999999999999,2.2344,-0.0109,2.7209,1.1239,0.8074,1.052,-2.4977,0.1227,4
2011-12-14 19:00:00,0.186,3.2922,120.9815,2.5466,13.7472,2.3313,-0.0014,2.0406,-0.0033999999999999,2.6923,1.0081,0.6626999999999998,0.9534,-2.3788,0.1226,4
2011-12-14 19:01:00,0.1855999999999999,3.2491,121.0055,2.7299,13.7472,2.3313,-0.005,2.1375,-0.0122,2.6951,1.0944,0.8426,1.1116,-2.5572,0.1228,4
2011-12-14 19:02:00,0.186,3.2706,121.0311,2.8309,13.7476,2.3313,-0.0006999999999999,2.052,-0.0018,2.7166,1.1915,0.9268,1.1929,-2.4383,0.1226,4
2011-12-14 19:03:00,0.1862,3.2276,121.0397,2.8158,13.7472,2.3313,-0.0066,2.1318,-0.0149,2.7217,1.2375,0.9146,1.2094,-2.3193,0.1229,4
2011-12-14 19:04:00,0.1857999999999999,3.3137,121.0739,2.8468,13.7472,2.3313,0.0005,2.0748,0.0016999999999999,2.7238,1.267,0.9829,1.2562,-2.2599,0.1221,4
2011-12-14 19:05:00,0.1862,3.3352,121.0722,3.0127,13.7476,2.3313,-0.0032,2.1432,-0.0085,2.7561,1.3762,1.1095,1.3719,-2.2599,0.1231,4
2011-12-14 19:06:00,0.1862,3.3567,121.0636,3.0754,13.7476,2.3313,-0.0005,2.0691,-0.0023,2.7984,1.5415,1.2454,1.5257,-2.2599,0.122,4
2011-12-14 19:07:00,0.1869,3.3352,121.0089,2.8497,13.7481,2.3313,-0.0064,2.3142,-0.0164,2.7848,1.4811,1.1404,1.4366,-2.0814,0.1231,4
2011-12-14 19:08:00,0.1857999999999999,3.3137,121.0585,2.8641,13.7476,2.3364,-0.003,2.2743,-0.0068999999999999,2.7891,1.4956,1.1347,1.4338,-1.9625,0.1227,4
2011-12-14 19:09:00,0.1857999999999999,3.3137,121.1354,2.8007,13.7476,2.3517,-0.0061999999999999,2.3199,-0.0165,2.7821,1.4275,1.063,1.3636,-2.1409,0.1228,4
2011-12-14 19:10:00,0.1862,3.3137,121.1371,2.7322,13.7476,2.3517,-0.0016,2.2458,-0.0051999999999999,2.7663,1.3398,0.9846,1.26,-2.2004,0.1231,4
2011-12-14 19:11:00,0.1857999999999999,3.2061,121.1149,2.7185,13.7472,2.3517,-0.0051999999999999,2.2287,-0.0137,2.747,1.2543,0.9364,1.2025,-2.4382,0.1232,4
2011-12-14 19:12:00,0.186,3.3137,121.1508,2.7848,13.7485,2.3517,-0.0051999999999999,2.0349,-0.0112999999999999,2.7398,1.1939,0.8494,1.1047,-2.3193,0.1232,4
2011-12-14 19:13:00,0.1857999999999999,3.3137,121.0824,2.8209,13.7481,2.3517,-0.0002,2.1204,-0.0008999999999999,2.7369,1.1572,0.8458,1.1299,-2.4977,0.1225,4
2011-12-14 19:14:00,0.1865,3.3137,121.0191,2.8714,13.7485,2.3415,-0.0045999999999999,1.9152,-0.0097,2.7332,1.2017,0.8766,1.1873,-2.5572,0.1235,4
2011-12-14 19:15:00,0.1862,3.2922,121.0055,2.8439,13.7476,2.3313,-0.0018,2.109,-0.0053,2.7116,1.1153,0.7779,1.08,-2.3787,0.123,4
2011-12-14 19:16:00,0.1865,3.3352,121.0209,2.7847,13.7481,2.3313,-0.0114,2.0178,-0.0223,2.6987,1.0045,0.6663999999999999,0.9499,-2.3788,0.1229,4
2011-12-14 19:17:00,0.1854,3.2706,121.0499,2.7032,13.749,2.3313,-0.0082,1.995,-0.0182,2.6801,0.8434,0.5050999999999999,0.7973,-2.4977,0.1223999999999999,4
2011-12-14 19:18:00,0.186,3.3782,121.0123,2.6938,13.7508,2.3313,-0.0023,2.0976,-0.0047,2.665,0.7843999999999999,0.4410999999999999,0.7843999999999999,-2.6761,0.1231,4
2011-12-14 19:19:00,0.186,3.3352,121.0311,2.6433,13.7499,2.3313,-0.0014,2.0349,-0.0015,2.6485,0.7440999999999999,0.4872,0.8390999999999998,-2.8545,0.1227,4
2011-12-14 19:20:00,0.1854,3.2706,121.0191,2.6988,13.7504,2.3313,-0.0067999999999999,2.1261,-0.0151,2.642,0.7132,0.4282,0.8456,-2.8545,0.1235,4
2011-12-14 19:21:00,0.1857999999999999,3.163,121.0482,2.5044,13.7522,2.3245,-0.0125,2.2116,-0.0287,2.6137,0.5386999999999998,0.1852,0.6006,-2.7951,0.1228,4
2011-12-14 19:22:00,0.1862,3.2706,121.0311,2.3284,13.7527,2.311,-0.0008999999999999,2.0919,-0.0015,2.5722,0.312,0.0188,0.3725,-3.033,0.1223,4
2011-12-14 19:23:00,0.186,3.3137,121.0345,2.5795,13.7531,2.3072,-0.0008999999999999,2.0748,-0.0012999999999999,2.5685,0.3406,0.1836,0.4773999999999999,-3.2114,0.1234,4
2011-12-14 19:24:00,0.1862,3.2922,121.091,2.7988,13.7531,2.2884,-0.0045999999999999,1.995,-0.008,2.5776,0.4535,0.2555,0.6083,-3.0924,0.1235,4
2011-12-14 19:25:00,0.1849,3.2276,121.0585,2.6502,13.7527,2.2884,-0.0047999999999999,2.0064,-0.0091999999999999,2.5647,0.3922999999999999,0.1005999999999999,0.5434999999999999,-2.914,0.1232,4
2011-12-14 19:26:00,0.1855999999999999,3.3137,121.1525,2.591,13.7531,2.2833,-0.0032,2.2629,-0.0086,2.546,0.318,0.0651999999999999,0.444,-3.1519,0.1241,4
2011-12-14 19:27:00,0.1857999999999999,3.2061,121.144,2.5216,13.7531,2.2681,0.0038999999999999,1.9722,0.0077999999999999,2.5229,0.2026,-0.0488,0.3105999999999999,-3.0329,0.1233,4
2011-12-14 19:28:00,0.1857999999999999,3.3137,121.1662,2.4069,13.7531,2.2624,-0.01,2.0976,-0.0221,2.4993,0.1459,-0.0955,0.2575,-3.1519,0.1236,4
2011-12-14 19:29:00,0.1857999999999999,3.163,121.1884,2.3719,13.7531,2.2455,-0.0088999999999999,2.0634,-0.017,2.4666,0.1167,-0.1708,0.2016999999999999,-3.1519,0.1236,4
2011-12-14 19:30:00,0.1865,3.3567,121.1748,2.4215,13.7531,2.2387,-0.0109,2.166,-0.0253,2.4512,0.1733,-0.0753,0.3382,-3.2114,0.1232,4
2011-12-14 19:31:00,0.186,3.2491,121.1833,2.4151,13.7531,2.2251,-0.0004,2.052,0.0011999999999999,2.4304,0.1905999999999999,-0.0385,0.3239,-3.1519,0.1241,4
2011-12-14 19:32:00,0.1857999999999999,3.3782,121.2192,2.5312,13.7531,2.212,-0.005,1.995,-0.0092999999999999,2.4288,0.2998,0.0592,0.4244,-2.914,0.1223,4
2011-12-14 19:33:00,0.1865,3.3567,121.1713,2.4121,13.754,2.2025,0.0011,2.2116,0.0016999999999999,2.4064,0.2263,-0.0337999999999999,0.3184,-2.914,0.123,4
2011-12-14 19:34:00,0.1852,3.4213,121.1508,2.3699,13.7559,2.1958,-0.0083999999999999,1.9323,-0.0162999999999999,2.3882,0.1431,-0.1776,0.2137,-2.8545,0.1233,4
2011-12-14 19:35:00,0.186,3.2922,121.1645,2.4047,13.755,2.1822,-0.0051999999999999,2.3484,-0.0148,2.3646,0.069,-0.2373,0.1237,-3.0329,0.1228,4
2011-12-14 19:36:00,0.186,3.2922,121.2278,2.3343,13.7559,2.1653,0.005,2.0862,0.0088,2.3398,0.0476,-0.2811,0.1029999999999999,-3.0329,0.1237,4
2011-12-14 19:37:00,0.186,3.2922,121.2603,2.0536,13.7577,2.1619,-0.0011,1.9665,-0.0043,2.3041,0.0606999999999999,-0.2152999999999999,0.0318999999999999,-3.0924,0.1233,4
2011-12-14 19:38:00,0.1855999999999999,3.2276,121.262,2.1983,13.7572,2.1412,-0.0014,2.1033,-0.0020999999999999,2.2812,-0.0219999999999999,-0.2366999999999999,-0.1221,-3.033,0.1237,4
2011-12-14 19:39:00,0.1862,3.3137,121.2893,2.0762,13.7586,2.1223,-0.003,2.0121,-0.0074999999999999,2.2531,-0.2016,-0.4798999999999999,-0.216,-2.914,0.1231,4
2011-12-14 19:40:00,0.186,3.3782,121.3047,1.7903,13.7586,2.119,0.0,1.9665,-0.0028,2.2231,-0.3139,-0.4848,-0.3405,-2.9735,0.1236,4
2011-12-14 19:41:00,0.1854,3.3352,121.303,1.5457,13.7595,2.0964,-0.0033999999999999,2.1261,-0.007,2.1575,-0.4814999999999999,-0.5384999999999999,-0.5428,-2.8546,0.1235,4
2011-12-14 19:42:00,0.1855999999999999,3.3137,121.3184,1.4393,13.76,2.076,-0.0057,2.0121,-0.0103,2.1027,-0.6744,-0.7242,-0.7667,-2.8546,0.1229,4
2011-12-14 19:43:00,0.1865,3.3567,121.3304,1.3639,13.7623,2.0534,-0.0074999999999999,2.0862,-0.0161999999999999,2.0478,-0.8478999999999999,-0.9577,-0.9512,-3.0925,0.1237999999999999,4
2011-12-14 19:44:00,0.1857999999999999,3.3137,121.3167,1.2946,13.7637,2.0348,0.0006999999999999,2.0064,0.0019,2.0004,-0.9851,-1.0985,-1.0631,-3.2708,0.1231,4
2011-12-14 19:45:00,0.1855999999999999,3.2922,121.2791,1.3389,13.7641,2.0162,-0.0054999999999999,1.9722,-0.0091,1.9588,-1.11,-1.2429,-1.1671,-3.4493,0.1234,4
2011-12-14 19:46:00,0.1857999999999999,3.3352,121.2654,1.4264,13.7641,1.9902,-0.0014,1.7955,-0.0038,1.9256,-1.2222,-1.3421,-1.2301,-3.7466,0.1233,4
2011-12-14 19:47:00,0.1857999999999999,3.3567,121.2671,1.5356,13.7641,1.9591,-0.0020999999999999,2.1945,-0.0044,1.8924,-1.3423,-1.4731,-1.3054,-3.7466,0.1237,4
2011-12-14 19:48:00,0.1854,3.3137,121.2517,1.5618,13.765,1.9232,-0.003,1.6929,-0.0051,1.8579,-1.4753,-1.5591,-1.4485,-3.8656,0.124,4
2011-12-14 19:49:00,0.1855999999999999,3.3352,121.2859,1.5003,13.766,1.8942,0.0038999999999999,2.3028,0.007,1.8267,-1.4445,-1.4705,-1.5009,-3.7466,0.124,4
2011-12-14 19:50:00,0.1862,3.3137,121.3252,1.3542,13.7687,1.8689,-0.0033999999999999,2.0349,-0.0088999999999999,1.7879,-1.4272,-1.5291,-1.5559,-3.4493,0.1241,4
2011-12-14 19:51:00,0.1862,3.2706,121.3423,1.2528,13.7696,1.8428,-0.0054999999999999,2.1204,-0.0112,1.7488,-1.5295,-1.6755,-1.6791,-3.5682,0.1237999999999999,4
2011-12-14 19:52:00,0.1855999999999999,3.3352,121.3218,1.1069,13.7696,1.8185,-0.0023,1.995,-0.0023999999999999,1.7044,-1.572,-1.5648,-1.7253,-3.5682,0.1231,4
2011-12-14 19:53:00,0.186,3.2922,121.2893,0.9893,13.7696,1.7914,-0.0014,2.0634,-0.0016,1.6521,-1.5306,-1.5061,-1.6167,-3.5682,0.1234,4
2011-12-14 19:54:00,0.1855999999999999,3.3137,121.3304,0.7530999999999999,13.7715,1.7609,-0.0038999999999999,2.0577,-0.0103,1.5821,-1.5165,-1.5115,-1.664,-3.5087,0.1231,4
2011-12-14 19:55:00,0.1857999999999999,3.3352,121.291,0.5553,13.7738,1.7362,-0.0057,1.8411,-0.0086999999999999,1.5056,-1.5017,-1.4626,-1.6839,-3.4493,0.124,4
2011-12-14 19:56:00,0.1862,3.3352,121.2739,0.4532999999999999,13.7742,1.7038,-0.0025,2.0235,-0.0061999999999999,1.4352,-1.556,-1.4938,-1.7115,-3.5087,0.1234,4
2011-12-14 19:57:00,0.1849,3.3567,121.2243,0.4056,13.7751,1.675,-0.0038999999999999,1.995,-0.0067999999999999,1.369,-1.5885,-1.4606,-1.7303,-3.4493,0.1237,4
2011-12-14 19:58:00,0.1857999999999999,3.3567,121.2551,0.3796999999999999,13.7751,1.6441,-0.0002,2.0577,-0.0008999999999999,1.3064,-1.5755,-1.4771,-1.796,-3.1519,0.1237999999999999,4
2011-12-14 19:59:00,0.1855999999999999,3.3137,121.3167,0.4964,13.7751,1.6138,-0.0027,1.8753,-0.0054,1.2581,-1.5243,-1.4187,-1.7369,-3.1519,0.1239,4
2011-12-14 20:00:00,0.1862,3.2922,121.3252,0.505,13.7751,1.579,-0.0045999999999999,2.1774,-0.0106,1.2089,-1.5622,-1.4755,-1.8529,-3.3898,0.124,4
2011-12-14 20:01:00,0.1854,3.2276,121.4278,0.6129999999999999,13.777,1.5487,-0.0014,1.824,-0.0011,1.1699,-1.4901,-1.4091,-1.7648,-3.4493,0.1242999999999999,4
2011-12-14 20:02:00,0.1852,3.2922,121.527,0.5469,13.7806,1.5131,-0.0025,1.9893,-0.0061,1.1271,-1.5128,-1.4471,-1.8759,-3.0925,0.1237999999999999,4
2011-12-14 20:03:00,0.186,3.3352,121.539,0.5022999999999999,13.7802,1.4845,-0.0064,1.9152,-0.01,1.0877,-1.5575,-1.4997,-1.9872,-2.9141,0.1242,4
2011-12-14 20:04:00,0.1854,3.3567,121.5287,0.4446,13.7811,1.4485,-0.0043,2.0292,-0.0092999999999999,1.0517,-1.6927,-1.6494,-2.1529,-3.2709,0.1237999999999999,4
2011-12-14 20:05:00,0.1867,3.3997,121.5561,0.4200999999999999,13.7806,1.4161,-0.0086999999999999,2.0178,-0.0177,1.0229,-1.7993,-1.7993,-2.2299,-3.3304,0.1237,4
2011-12-14 20:06:00,0.1854,3.2706,121.686,0.388,13.782,1.3783,-0.0018,2.0463,-0.0038,0.9894,-1.9285,-1.9423,-2.3578,-3.5683,0.1242999999999999,4
2011-12-14 20:07:00,0.1857999999999999,3.2922,121.686,0.314,13.7834,1.3406,-0.0032,2.0178,-0.0061999999999999,0.9574,-2.0242,-1.9996,-2.3971,-3.5683,0.124,4
2011-12-14 20:08:00,0.1865,3.3567,121.6724,0.2798999999999999,13.7862,1.303,-0.0011,2.0577,-0.0023999999999999,0.9234,-2.031,-1.9854,-2.4198,-3.6278,0.1236,4
2011-12-14 20:09:00,0.186,3.3137,121.698,0.3691999999999999,13.7862,1.2683,-0.0077999999999999,2.2002,-0.0178999999999999,0.8937,-2.0087,-1.9479,-2.4091,-3.5683,0.123,4
2011-12-14 20:10:00,0.1867,3.3137,121.7168,0.5605999999999999,13.7862,1.2309,-0.0091,1.7841,-0.0151,0.88,-1.9704,-1.9125,-2.4033,-3.5088,0.1242,4
2011-12-14 20:11:00,0.1857999999999999,3.3997,121.7083,0.6139,13.7862,1.1915,-0.0027,2.2515,-0.0074999999999999,0.8599999999999999,-2.057,-2.0867,-2.5074,-3.271,0.1232,4
2011-12-14 20:12:00,0.186,3.2706,121.6997,0.5924,13.7871,1.152,-0.0064,1.9779,-0.0132,0.8327,-2.2474,-2.2822,-2.6995,-3.0926,0.1232,4
2011-12-14 20:13:00,0.186,3.3997,121.6279,0.5429,13.7889,1.1177,-0.0027,1.8696,-0.0041,0.8127999999999999,-2.4086,-2.3884,-2.7826,-3.5089,0.1231,4
2011-12-14 20:14:00,0.1857999999999999,3.3137,121.6826,0.4511,13.7912,1.0803,-0.0016,1.8468,-0.0032,0.7868,-2.5297,-2.5109,-2.9175,-3.5089,0.1242,4
2011-12-14 20:15:00,0.1855999999999999,3.2922,121.7117,0.4239999999999999,13.7917,1.0409,-0.0020999999999999,1.8981,-0.0018,0.7632999999999999,-2.5811,-2.5267,-2.9566,-3.5684,0.1242,4
2011-12-14 20:16:00,0.1857999999999999,3.2922,121.7596,0.3644,13.7921,0.9987,-0.0067999999999999,1.8981,-0.0129,0.7348,-2.754,-2.7047,-3.1224,-3.5684,0.1233,4
2011-12-14 20:17:00,0.1855999999999999,3.1846,121.7305,0.3357999999999999,13.7926,0.963,-0.0066,1.9893,-0.0112,0.7134,-2.8682,-2.7943,-3.215,-3.6279,0.1234,4
2011-12-14 20:18:00,0.1867,3.3567,121.7579,0.2641,13.793,0.9217,-0.0082,1.8696,-0.0143,0.68,-3.0019,-2.9657,-3.2951,-3.6874,0.1237,4
2011-12-14 20:19:00,0.1857999999999999,3.2922,121.8194,0.1588,13.7953,0.8831,-0.005,2.0862,-0.0085,0.6407,-3.0423,-3.0452,-3.2789,-3.6279,0.1226,4
2011-12-14 20:20:00,0.1857999999999999,3.2922,121.775,0.083,13.7962,0.8444,0.0033999999999999,1.8297,0.006,0.5925,-3.0721,-3.0946,-3.2288,-3.6874,0.1242,4
2011-12-14 20:21:00,0.1854,3.3782,121.8434,0.1048999999999999,13.7972,0.8069,-0.008,1.9209,-0.0143,0.5644,-3.1187,-3.2057,-3.2268,-3.9254,0.1242,4
2011-12-14 20:22:00,0.186,3.3137,121.8451,0.114,13.7972,0.7668,-0.0035999999999999,1.8354,-0.0054999999999999,0.5364999999999999,-3.2491,-3.3762,-3.3624,-3.8064,0.1231,4
2011-12-14 20:23:00,0.186,3.3137,121.7818,0.0795,13.7972,0.7273,-0.0011,1.9779,-0.0038999999999999,0.502,-3.3304,-3.374,-3.435,-3.6875,0.1235,4
2011-12-14 20:24:00,0.1862,3.2706,121.8092,0.0035999999999999,13.7972,0.6862,-0.0051999999999999,2.2059,-0.0104,0.4572999999999999,-3.2557,-3.2724,-3.2986,-3.747,0.1236,4
2011-12-14 20:25:00,0.1869,3.3567,121.8776,-0.1492,13.7976,0.6502999999999999,-0.0058999999999999,2.2914,-0.0128,0.4220999999999999,-3.2028,-3.3407,-3.2245,-3.5686,0.1232,4
2011-12-14 20:26:00,0.186,3.2922,121.8434,-0.2054999999999999,13.8013,0.6142999999999998,-0.0002,2.0634,-0.0001,0.3795999999999999,-3.0386,-3.2266,-3.0343,-3.3902,0.1237999999999999,4
2011-12-14 20:27:00,0.1857999999999999,3.3137,121.9237,-0.3053,13.8013,0.5747999999999999,-0.0016,2.0292,-0.0027,0.3336,-2.9189,-3.1895,-2.9058,-3.3307,0.1226,4
2011-12-14 20:28:00,0.1862,3.2922,121.9015,-0.2266,13.8017,0.5425999999999999,-0.0023,2.1945,-0.0006999999999999,0.3049999999999999,-2.7824,-3.0572,-2.7469,-3.0928,0.1228,4
2011-12-14 20:29:00,0.1857999999999999,3.3997,121.8827,-0.0714999999999999,13.8027,0.5061999999999999,-0.0038999999999999,2.052,-0.0068999999999999,0.2873,-2.6298,-3.0112,-2.6204,-2.9739,0.1229,4
2011-12-14 20:30:00,0.186,3.2491,121.8947,0.0526,13.8045,0.4737,-0.0066,2.1432,-0.0106,0.2735,-2.4481,-2.8446,-2.4075,-2.855,0.1232,4
2011-12-14 20:31:00,0.1849,3.3782,121.9442,0.1218999999999999,13.8059,0.4415,0.0011,2.0349,0.004,0.265,-2.3914,-2.8117,-2.3117,-2.855,0.1222,4
2011-12-14 20:32:00,0.1867,3.2706,121.4962,0.0806999999999999,13.8054,0.3844,0.0025,2.0862,0.0067,0.2273999999999999,-2.3807,-2.8221,-2.3474,-2.736,0.1231,4
2011-12-14 20:33:00,0.1865,3.2491,121.1919,0.0415,13.8073,0.3640999999999999,-0.0045999999999999,1.9608,-0.0097999999999999,0.22,-2.3519,-2.7737,-2.294,-2.5576,0.1218,4
2011-12-14 20:34:00,0.1857999999999999,3.4214,121.1857,0.0155999999999999,13.8082,0.3352999999999999,-0.0054999999999999,1.9039,-0.0091,0.2071,-2.3419,-2.792,-2.3542,-2.3792,0.1239,4
2011-12-14 20:35:00,0.1862999999999999,3.2707,121.1959,-0.0493999999999999,13.8082,0.3035999999999999,-0.0066,2.1547,-0.0146,0.1841,-2.4027,-2.8869,-2.4295,-2.4981,0.1229,4
2011-12-14 20:36:00,0.186,3.4213,121.2242,-0.0981,13.8077,0.2833,-0.0018,2.3199,-0.0045999999999999,0.1796,-2.4223,-2.8724,-2.4919,-2.4387,0.123,4
2011-12-14 20:37:00,0.1854,3.2922,121.272,-0.1479,13.8082,0.2545,-0.005,2.3655,-0.0123,0.163,-2.4303,-2.8427,-2.5209,-2.3197,0.1227,4
2011-12-14 20:38:00,0.186,3.2492,121.268,-0.1084,13.8082,0.231,-0.0041,2.2572,-0.0112999999999999,0.1539,-2.5134,-2.9237,-2.6286,-2.6171,0.1237,4
2011-12-14 20:39:00,0.1862999999999999,3.2922,121.2344,-0.1889,13.8083,0.2011999999999999,-0.0051999999999999,1.8867,-0.0094,0.1321,-2.61,-2.9906,-2.7209,-2.6171,0.1232,4
2011-12-14 20:40:00,0.1862999999999999,3.2708,121.2819,-0.2861,13.8086,0.1736999999999999,-0.0095999999999999,2.1205,-0.0216,0.1111,-2.6986,-3.0568,-2.7733,-2.6171,0.1233,4
2011-12-14 20:41:00,0.1857999999999999,3.2708,121.2194,-0.4078999999999999,13.8101,0.1469999999999999,-0.0064,2.2231,-0.0135999999999999,0.0908,-2.7741,-3.1338,-2.8183,-2.6766,0.1231,4
2011-12-14 20:42:00,0.1852,3.2924,121.2318,-0.3921999999999999,13.8104,0.1206,-0.0103,2.206,-0.0245,0.0738,-2.834,-3.1524,-2.8535,-2.8551,0.1237,4
2011-12-14 20:43:00,0.1855999999999999,3.3785,121.2842,-0.3574,13.8109,0.0966999999999999,-0.0058999999999999,2.1604,-0.0128,0.0628999999999999,-2.8153,-3.1308,-2.8363,-2.7361,0.1231,4
2011-12-14 20:44:00,0.1854,3.2924,121.2009,-0.3287999999999999,13.813,0.0709,-0.0043,2.263,-0.0097999999999999,0.0378,-2.6869,-3.0183,-2.6753,-2.7361,0.1236,4
2011-12-14 20:45:00,0.186,3.2709,121.2414,-0.1952,13.8149,0.0427,-0.003,2.2574,-0.0077,0.0167,-2.5,-2.8197,-2.4631,-2.4387,0.1234,4
2011-12-14 20:46:00,0.1857999999999999,3.3141,121.2265,0.0019,13.8151,0.0229,-0.0061999999999999,2.2118,-0.0115,0.0235999999999999,-2.3105,-2.6322,-2.2866,-2.1413,0.1225,4
2011-12-14 20:47:00,0.1862999999999999,3.2711,121.1728,0.0449,13.8151,-0.0058999999999999,-0.0067999999999999,2.1207,-0.0146,0.0129,-2.1786,-2.5756,-2.1858,-2.0818,0.1235,4
2011-12-14 20:48:00,0.1852,3.2712,121.2012,0.0951,13.8157,-0.0268,-0.0067999999999999,2.1834,-0.0154,0.0064,-2.0541,-2.5002,-2.0649,-1.8439,0.1225,4
2011-12-14 20:49:00,0.1862999999999999,3.2928,121.2448,0.1057,13.8162,-0.0488,0.0016,2.3032,0.0032,-0.0025999999999999,-2.006,-2.4427,-2.0552,-1.6655,0.1237,4
2011-12-14 20:50:00,0.1860999999999999,3.2714,121.2268,0.1123,13.8177,-0.0654,-0.003,2.1152,-0.0063,-0.0061999999999999,-1.9893,-2.439,-1.9828,-1.7844,0.1237999999999999,4
2011-12-14 20:51:00,0.1855999999999999,3.293,121.3002,0.1824,13.8182,-0.0865999999999999,-0.0014,2.2976,-0.0015,-0.0131,-1.9644,-2.4206,-2.0064,-1.5465,0.1236,4
2011-12-14 20:52:00,0.1854,3.293,121.3475,0.3415,13.8183,-0.1008,-0.0041,2.2007,-0.0089999999999999,-0.0033999999999999,-1.9012,-2.3609,-1.8549,-1.7249,0.1229,4
2011-12-14 20:53:00,0.1854,3.4437,121.3438,0.4098999999999999,13.8193,-0.1245,-0.0025,2.4174,-0.0064,-0.0083999999999999,-1.8997,-2.3102,-1.7297,-1.6655,0.1228,4
2011-12-14 20:54:00,0.1854,3.3146,121.3462,0.3637,13.8202,-0.138,-0.0061999999999999,2.3604,-0.0152999999999999,-0.0061,-1.9133,-2.3108,-1.655,-1.7249,0.1236,4
2011-12-14 20:55:00,0.1862999999999999,3.5298,121.3133,0.3216,13.8203,-0.1532999999999999,-0.0045999999999999,2.3433,-0.0115999999999999,-0.0047999999999999,-1.8946,-2.3174,-1.5546,-1.6655,0.1225,4
2011-12-14 20:56:00,0.1855999999999999,3.3577,121.3445,0.2727,13.8208,-0.1696999999999999,-0.0129999999999999,2.4688,-0.0328999999999999,-0.0082,-1.8719,-2.2918,-1.4857,-1.6655,0.1232,4
2011-12-14 20:57:00,0.1854,3.3363,121.3474,0.2903999999999999,13.8213,-0.1809999999999999,-0.008,2.3719,-0.019,-0.0073,-1.905,-2.2503,-1.5845,-1.7844,0.1236,4
2011-12-14 20:58:00,0.1862999999999999,3.4439,121.3398,0.2469,13.8208,-0.2013,-0.0067999999999999,2.2009,-0.0143,-0.0211,-2.0021,-2.3157,-1.7142,-1.7844,0.1231,4
2011-12-14 20:59:00,0.1857,3.3793,121.3315,0.1688999999999999,13.8213,-0.2126,-0.0032,2.1382,-0.0074,-0.031,-2.1257,-2.369,-1.8969,-1.6655,0.1236,4
2011-12-14 21:00:00,0.185,3.4009,121.3537,0.1627,13.8213,-0.2238999999999999,-0.0047999999999999,2.1439,-0.0097999999999999,-0.0422999999999999,-2.1298,-2.3014,-1.8634,-2.0818,0.1228,4
2011-12-14 21:01:00,0.187,3.3364,121.3885,0.1628999999999999,13.8214,-0.2374,-0.0023,2.3378,-0.0054,-0.0478999999999999,-2.1506,-2.2542,-1.9957,-2.4387,0.1234,4
2011-12-14 21:02:00,0.1859,3.3579,121.418,0.0976999999999999,13.8214,-0.2555,-0.0129999999999999,2.2808,-0.0276,-0.0609,-2.2202,-2.2905,-2.0551,-2.2008,0.1227,4
2011-12-14 21:03:00,0.1854,3.2934,121.4874,0.114,13.8214,-0.2667999999999999,-0.0058999999999999,2.315,-0.0145,-0.0679,-2.2026,-2.236,-2.11,-2.1413,0.1233,4
2011-12-14 21:04:00,0.1854,3.3149,121.5079,-0.0253,13.8214,-0.2821,-0.0074999999999999,2.3378,-0.0152,-0.0830999999999999,-2.2049,-2.1897,-2.0949,-2.2008,0.1234,4
2011-12-14 21:05:00,0.1860999999999999,3.4655,121.5485,-0.1041,13.8214,-0.2955999999999999,-0.0071,2.4177,-0.0187,-0.0916,-2.1903,-2.1562,-2.0628,-2.2008,0.1234,4
2011-12-14 21:06:00,0.1857,3.3149,121.5467,-0.2298999999999999,13.8214,-0.3075,-0.0074999999999999,2.4234,-0.0173999999999999,-0.1078,-2.2232,-2.1819,-2.0262,-2.0224,0.1233,4
2011-12-14 21:07:00,0.1859,3.3364,121.5942,-0.3337999999999999,13.8214,-0.3111999999999999,-0.0025,2.3549,-0.0044999999999999,-0.1173,-2.232,-2.1705,-2.0018,-2.0224,0.1232,4
2011-12-14 21:08:00,0.1854,3.3579,121.5771,-0.2545999999999999,13.8214,-0.3301,-0.0077999999999999,2.1725,-0.0156999999999999,-0.1333,-2.2314,-2.1184,-2.0004,-2.1413,0.1229,4
2011-12-14 21:09:00,0.1859,3.3148,121.5888,-0.2169,13.8215,-0.3453,-0.0064,2.201,-0.0135,-0.1477999999999999,-2.2083,-2.1229,-1.8971,-2.0224,0.1239,4
2011-12-14 21:10:00,0.1860999999999999,3.3364,121.5908,-0.1668999999999999,13.8215,-0.3503999999999999,-0.0035999999999999,2.4633,-0.0094999999999999,-0.1514,-2.2069,-2.1244,-1.853,-1.9629,0.1233,4
2011-12-14 21:11:00,0.1857,3.3796,121.59,-0.0864999999999999,13.8215,-0.3635999999999999,-0.0112,2.2752,-0.025,-0.1625,-2.1883,-2.1434,-1.8162,-1.9034,0.123,4
2011-12-14 21:12:00,0.1847999999999999,3.315,121.615,-0.0769999999999999,13.8215,-0.373,-0.0023,2.2695,-0.0041999999999999,-0.1719,-2.2267,-2.1565,-1.8597,-2.0224,0.1239,4
2011-12-14 21:13:00,0.1855,3.315,121.6565,-0.0298999999999999,13.8215,-0.373,-0.0097999999999999,2.1897,-0.0231999999999999,-0.1711,-2.2362,-2.095,-1.901,-1.9034,0.1235,4
2011-12-14 21:14:00,0.1860999999999999,3.272,121.6285,0.023,13.8215,-0.3932999999999999,-0.0112,2.3208,-0.0236999999999999,-0.185,-2.2182,-2.0553,-1.9453,-2.0224,0.123,4
2011-12-14 21:15:00,0.1855,3.3151,121.6951,0.0354,13.8215,-0.3932999999999999,-0.0074999999999999,2.1099,-0.0152,-0.1821,-2.1906,-2.0328,-2.0335,-1.8439,0.1232,4
2011-12-14 21:16:00,0.1857,3.4658,121.7099,-0.0263,13.8215,-0.3932999999999999,-0.0014,2.1498,-0.0025999999999999,-0.1821,-2.2066,-2.0357,-2.103,-1.8439,0.1234,4
2011-12-14 21:17:00,0.1852,3.2936,121.7451,-0.1297,13.8215,-0.4046,-0.0071,2.2525,-0.0142,-0.1976999999999999,-2.2701,-2.1223,-2.0919,-1.8439,0.1237,4
2011-12-14 21:18:00,0.1855,3.2721,121.7508,-0.281,13.8215,-0.4158999999999999,-0.0061999999999999,2.1669,-0.0156999999999999,-0.2162,-2.243,-2.1265,-1.9491,-1.7844,0.1237,4
2011-12-14 21:19:00,0.1859,3.3151,121.7461,-0.4153,13.8229,-0.4209999999999999,-0.0054999999999999,2.2581,-0.0112,-0.2349999999999999,-2.2301,-2.1526,-1.8942,-1.9034,0.1236,4
2011-12-14 21:20:00,0.1859,3.3796,121.7501,-0.4762,13.822,-0.4363,-0.0035999999999999,2.3151,-0.0080999999999999,-0.2646999999999999,-2.2562,-2.1802,-1.8928,-1.8439,0.1226,4
2011-12-14 21:21:00,0.1852,3.315,121.8091,-0.4689999999999999,13.8238,-0.4363,-0.0077999999999999,2.1783,-0.0189,-0.2755,-2.2504,-2.1664,-1.9268,-1.7844,0.1233,4
2011-12-14 21:22:00,0.1865,3.358,121.8132,-0.4973,13.8238,-0.4363,-0.0016,2.2809,-0.0033,-0.2898999999999999,-2.2969,-2.2251,-1.9964,-1.7844,0.1229,4
2011-12-14 21:23:00,0.185,3.358,121.6245,-0.5759999999999998,13.8247,-0.4481,-0.0066,2.1896,-0.0148,-0.3169,-2.3385,-2.2784,-2.001,-2.1413,0.1232,4
2011-12-14 21:24:00,0.1857,3.2505,121.3684,-0.5953,13.8261,-0.4566,-0.0054999999999999,1.9673,-0.0121,-0.3405,-2.323,-2.2803,-1.9798,-2.1413,0.1233,4
2011-12-14 21:25:00,0.1852,3.3366,121.0252,-0.5176,13.8266,-0.4566,-0.0025,2.0585,-0.0041,-0.3456,-2.2615,-2.2231,-1.8611,-2.0818,0.1229,4
2011-12-14 21:26:00,0.1857,3.3365,120.8663,-0.519,13.827,-0.4753999999999999,-0.0023,2.1441,-0.0053,-0.3709,-2.234,-2.2442,-1.8221,-1.9034,0.123,4
2011-12-14 21:27:00,0.1855,3.272,120.9379,-0.5453,13.8266,-0.4792,-0.0027,2.1669,-0.0068999999999999,-0.384,-2.1842,-2.2233,-1.7471,-2.0224,0.1232,4
2011-12-14 21:28:00,0.185,3.4011,120.976,-0.5162999999999999,13.827,-0.4792,-0.0025,2.3265,-0.0063,-0.3861999999999999,-2.1487,-2.2045,-1.6559,-2.1413,0.1233,4
2011-12-14 21:29:00,0.185,3.4441,121.0117,-0.5361,13.827,-0.4808999999999999,-0.0066,2.1725,-0.0111,-0.4002,-2.1446,-2.1743,-1.6432,-2.0818,0.1246,4
2011-12-14 21:30:00,0.1860999999999999,3.3366,121.0247,-0.5365999999999999,13.827,-0.4995,-0.003,2.03,-0.0064,-0.4224,-2.0859,-2.1691,-1.6293,-1.9629,0.1234,4
2011-12-14 21:31:00,0.1857,3.3581,121.0095,-0.5496999999999999,13.827,-0.4995,-0.0061999999999999,2.3094,-0.0135999999999999,-0.4339,-2.0569,-2.1257,-1.5599,-1.8439,0.124,4
2011-12-14 21:32:00,0.1860999999999999,3.3796,121.0129,-0.4887,13.8275,-0.4995,-0.0097999999999999,2.412,-0.0241999999999999,-0.4360999999999999,-2.0034,-2.0779,-1.4905,-1.725,0.1247999999999999,4
2011-12-14 21:33:00,0.1855,3.358,121.0093,-0.454,13.8275,-0.5127,-0.0014,2.3151,-0.0023999999999999,-0.4515,-2.0108,-2.0904,-1.5138,-1.6655,0.1237,4
2011-12-14 21:34:00,0.1857,3.358,121.0046,-0.4227,13.827,-0.5221,-0.0045999999999999,2.2353,-0.0112,-0.4616,-2.0151,-2.0868,-1.5058,-1.6655,0.1244,4
2011-12-14 21:35:00,0.1847999999999999,3.4226,121.0188,-0.3995,13.8279,-0.5221,-0.0025,2.1383,-0.0027,-0.4616,-2.0086,-2.0904,-1.5116,-1.4275,0.1235,4
2011-12-14 21:36:00,0.1855,3.2935,121.0111,-0.3073,13.8279,-0.5221,-0.0041,2.1726,-0.0086,-0.4616,-1.9941,-2.0369,-1.5073,-1.4275,0.123,4
2011-12-14 21:37:00,0.1860999999999999,3.4012,121.0098,-0.2275,13.8279,-0.5221,-0.0074999999999999,2.4634,-0.0194,-0.458,-2.0202,-2.0846,-1.5962,-1.487,0.1242,4
2011-12-14 21:38:00,0.1859,3.2505,121.0323,-0.2077,13.8293,-0.5305999999999998,-0.005,2.281,-0.0104,-0.4621,-2.054,-2.1561,-1.6648,-1.487,0.1234,4
2011-12-14 21:39:00,0.1847999999999999,3.4012,121.0454,-0.1514,13.8302,-0.5423999999999999,-0.0064,2.2068,-0.0173999999999999,-0.4667999999999999,-2.0297,-2.1166,-1.6014,-1.5465,0.1236,4
2011-12-14 21:40:00,0.1857,3.2935,121.0113,0.0132999999999999,13.8284,-0.5423999999999999,-0.003,2.4235,-0.0057999999999999,-0.4466,-1.8879,-2.0058,-1.5241,-1.4275,0.1242999999999999,4
2011-12-14 21:41:00,0.1855,3.3366,121.0189,0.0763999999999999,13.8284,-0.5423999999999999,-0.0097999999999999,2.184,-0.0204,-0.4335999999999999,-1.8278,-1.9675,-1.4792,-1.4275,0.1232,4
2011-12-14 21:42:00,0.1855,3.3151,121.0119,0.1489,13.8298,-0.5423999999999999,-0.0033999999999999,2.452,-0.0083999999999999,-0.4234999999999999,-1.7997,-1.9002,-1.3802,-1.3681,0.1232,4
2011-12-14 21:43:00,0.185,3.3797,120.934,0.0292,13.8307,-0.5423999999999999,-0.0054999999999999,2.3722,-0.0131,-0.4098,-1.7259,-1.9125,-1.2949,-1.3681,0.1232,4
2011-12-14 21:44:00,0.1862999999999999,3.3367,120.8821,0.0155,13.8316,-0.5423999999999999,-0.0051999999999999,2.5604,-0.0129999999999999,-0.3788,-1.6333,-1.7743,-1.1815,-1.4275,0.1237999999999999,4
2011-12-14 21:45:00,0.1855,3.3367,120.9526,0.0459,13.8312,-0.5423999999999999,-0.0082,2.2126,-0.0187,-0.3456,-1.54,-1.6868,-1.1049,-1.3086,0.1246,4
2011-12-14 21:46:00,0.1867999999999999,3.3366,120.8829,0.0045999999999999,13.8316,-0.5423999999999999,-0.0051999999999999,2.4577,-0.0125,-0.324,-1.4908,-1.6506,-1.063,-1.4275,0.1237999999999999,4
2011-12-14 21:47:00,0.1859,3.4012,120.9558,-0.0468999999999999,13.8316,-0.5423999999999999,-0.0051999999999999,2.3437,-0.0115999999999999,-0.3145999999999999,-1.4366,-1.5009,-1.024,-1.1896,0.1242,4
2011-12-14 21:48:00,0.1857,3.3797,120.9209,-0.126,13.8307,-0.5423999999999999,-0.0045999999999999,2.3665,-0.0106999999999999,-0.3080999999999999,-1.3802,-1.4568,-0.9915,-1.1896,0.1233,4
2011-12-14 21:49:00,0.1860999999999999,3.4227,121.022,-0.311,13.8316,-0.5423999999999999,-0.0032,2.492,-0.0091,-0.3116999999999999,-1.3643,-1.498,-1.0558,-1.1896,0.1239,4
2011-12-14 21:50:00,0.1847999999999999,3.3797,121.0347,-0.4424,13.8321,-0.5423999999999999,0.0,2.2524,0.0008,-0.3276,-1.3679,-1.5277,-1.11,-0.9517,0.1242,4
2011-12-14 21:51:00,0.1862999999999999,3.4228,121.0669,-0.4249,13.8316,-0.5423999999999999,-0.0067999999999999,2.2297,-0.0155,-0.3433999999999999,-1.3513,-1.5313,-1.1266,-1.3086,0.1246,4
2011-12-14 21:52:00,0.1860999999999999,3.3367,121.0402,-0.4079999999999999,13.8316,-0.5305999999999998,-0.0061999999999999,2.2753,-0.0204,-0.3431,-1.3308,-1.5368,-1.1516,-1.1301,0.1242999999999999,4
2011-12-14 21:53:00,0.185,3.2506,121.0227,-0.385,13.8321,-0.5221,-0.0073,2.4863,-0.0167,-0.3447,-1.3165,-1.5427,-1.1676,-1.1301,0.124,4
2011-12-14 21:54:00,0.1857,3.3582,121.0197,-0.3226,13.8321,-0.5221,-0.0077999999999999,2.4407,-0.0196999999999999,-0.3491,-1.3287,-1.5731,-1.2167,-1.0707,0.1242,4
2011-12-14 21:55:00,0.1862999999999999,3.3366,121.0328,-0.2761,13.8325,-0.5221,0.0,2.3038,0.0,-0.3548,-1.3432,-1.5528,-1.2073,-1.3086,0.1252999999999999,4
2011-12-14 21:56:00,0.1857,3.2505,121.0101,-0.1890999999999999,13.8325,-0.5221,0.0,2.2753,0.001,-0.3541,-1.3504,-1.5384,-1.177,-1.1301,0.124,4
2011-12-14 21:57:00,0.1859,3.2935,121.0305,-0.1869,13.8321,-0.5221,-0.0083999999999999,2.3665,-0.0202999999999999,-0.3556,-1.3584,-1.4943,-1.1402,-1.1896,0.1244,4
2011-12-14 21:58:00,0.1855,3.4442,121.0609,-0.1958999999999999,13.8316,-0.5108,-0.0083999999999999,2.3151,-0.0201,-0.3421,-1.3723,-1.514,-1.1368,-1.3086,0.1245,4
2011-12-14 21:59:00,0.1862999999999999,3.2719,121.1448,-0.1512999999999999,13.8325,-0.4995,0.0005,2.4805,0.0008,-0.3294,-1.3683,-1.5056,-1.124,-1.0707,0.1242,4
2011-12-14 22:00:00,0.1860999999999999,3.315,121.1429,-0.2122,13.8325,-0.4995,-0.0038999999999999,2.298,-0.0109999999999999,-0.3358999999999999,-1.408,-1.5078,-1.1515,-1.4275,0.1244,4
2011-12-14 22:01:00,0.1855,3.3365,121.251,-0.3333999999999999,13.8321,-0.4995,-0.0067999999999999,2.3436,-0.0155,-0.3467,-1.4558,-1.6228,-1.2505,-1.4275,0.1245,4
2011-12-14 22:02:00,0.1855,3.358,121.2974,-0.4168,13.8316,-0.4995,-0.0041,2.241,-0.01,-0.3604,-1.4883,-1.643,-1.3061,-1.4275,0.1241,4
2011-12-14 22:03:00,0.185,3.3581,121.3669,-0.4393,13.8325,-0.4995,-0.0014,2.2011,-0.0038,-0.377,-1.5106,-1.6979,-1.3603,-1.487,0.1236,4
2011-12-14 22:04:00,0.1859,3.3796,121.3735,-0.4297,13.8325,-0.4927,-0.0054999999999999,2.1555,-0.0137,-0.381,-1.5234,-1.7201,-1.3976,-1.606,0.1247999999999999,4
2011-12-14 22:05:00,0.1860999999999999,3.3796,121.3463,-0.263,13.8325,-0.4843,-0.0128,2.298,-0.027,-0.3710999999999999,-1.4758,-1.6884,-1.3609,-1.6655,0.1241,4
2011-12-14 22:06:00,0.1857,3.3365,121.3478,-0.2122,13.8321,-0.4792,-0.0074999999999999,2.2581,-0.017,-0.3682,-1.4794,-1.7361,-1.4259,-1.6655,0.1244,4
2011-12-14 22:07:00,0.185,3.3365,121.3946,-0.2984999999999999,13.8321,-0.4792,-0.0073,2.3436,-0.0171,-0.3855,-1.572,-1.8432,-1.5127,-1.606,0.1249,4
2011-12-14 22:08:00,0.1862999999999999,3.3365,121.3977,-0.3769,13.8321,-0.4792,-0.0038999999999999,2.2067,-0.0088999999999999,-0.4057,-1.666,-1.9163,-1.5908,-1.7249,0.1245,4
2011-12-14 22:09:00,0.1857,3.2934,121.4602,-0.3775999999999999,13.8325,-0.4792,-0.0097999999999999,2.0927,-0.0216,-0.4237,-1.7303,-1.9923,-1.6587,-1.8439,0.125,4
2011-12-14 22:10:00,0.1859,3.2719,121.5317,-0.4124999999999999,13.8325,-0.4792,-0.0016,2.1953,-0.0033999999999999,-0.441,-1.8237,-2.09,-1.7405,-2.0818,0.1242,4
2011-12-14 22:11:00,0.1859,3.3364,121.5157,-0.4822,13.8325,-0.4792,-0.0054999999999999,2.047,-0.0111,-0.4641,-1.9098,-2.1618,-1.8483,-2.0818,0.125,4
2011-12-14 22:12:00,0.1857,3.3149,121.5394,-0.57,13.8325,-0.4792,0.0011,2.3835,0.0053,-0.4894,-2.0148,-2.2617,-1.959,-2.2603,0.1244,4
2011-12-14 22:13:00,0.1852,3.3365,121.5653,-0.5786999999999999,13.8325,-0.4792,-0.0045999999999999,2.2068,-0.0108,-0.5073999999999999,-2.0987,-2.3275,-2.0517,-2.2603,0.123,4
2011-12-14 22:14:00,0.185,3.3366,121.5787,-0.4309,13.8325,-0.4859999999999999,-0.005,2.1099,-0.0103,-0.5149,-2.1562,-2.3691,-2.1098,-2.4387,0.1245,4
2011-12-14 22:15:00,0.1857,3.3366,121.5972,-0.4073999999999999,13.8325,-0.4995,-0.0051999999999999,2.1213,-0.0103,-0.5406999999999998,-2.2567,-2.5269,-2.2226,-2.4982,0.1250999999999999,4
2011-12-14 22:16:00,0.1857,3.272,121.5911,-0.4168,13.8325,-0.4995,-0.0061999999999999,2.087,-0.0128,-0.558,-2.3668,-2.6305,-2.3182,-2.6766,0.1247999999999999,4
2011-12-14 22:17:00,0.1845999999999999,3.3365,121.6893,-0.4658999999999999,13.8325,-0.5013999999999998,-0.0041,2.2296,-0.0095999999999999,-0.5801,-2.4752,-2.7499,-2.4331,-2.7956,0.1252,4
2011-12-14 22:18:00,0.1852,3.2935,121.7089,-0.6307,13.8339,-0.5202,-0.0086999999999999,2.2125,-0.0190999999999999,-0.6249,-2.618,-2.8906,-2.6136,-2.7956,0.1244,4
2011-12-14 22:19:00,0.1859,3.2289,121.6484,-0.6965,13.8344,-0.5221,-0.005,2.1554,-0.0109999999999999,-0.6477,-2.7272,-2.9802,-2.7018,-2.974,0.1252999999999999,4
2011-12-14 22:20:00,0.1857,3.315,121.6356,-0.7669,13.8371,-0.5323,-0.0051999999999999,2.1839,-0.0109999999999999,-0.6853,-2.828,-3.0674,-2.7961,-2.974,0.1247,4
2011-12-14 22:21:00,0.1862999999999999,3.3795,121.6232,-0.7611,13.8371,-0.5423999999999999,-0.0058999999999999,1.7905,-0.0109999999999999,-0.7107,-2.8463,-3.066,-2.8006,-3.2715,0.1245,4
2011-12-14 22:22:00,0.1865,3.2934,121.5934,-0.6156,13.8371,-0.556,-0.008,1.9957,-0.0146,-0.7336,-2.7837,-3.0571,-2.7148,-3.093,0.1247,4
2011-12-14 22:23:00,0.1852,3.4656,121.6393,-0.5563,13.838,-0.5627999999999999,-0.0047999999999999,1.9045,-0.0125,-0.7432999999999998,-2.7412,-3.1009,-2.7078,-3.212,0.1247,4
2011-12-14 22:24:00,0.1847999999999999,3.2934,121.7156,-0.6217,13.838,-0.5722,0.0,1.8247,-0.0028999999999999,-0.765,-2.7673,-3.138,-2.7347,-2.8551,0.1245,4
2011-12-14 22:25:00,0.1854,3.3795,121.7309,-0.7059999999999998,13.8385,-0.5854,-0.0061999999999999,1.9786,-0.0134,-0.7903999999999999,-2.7719,-3.1556,-2.7501,-2.8551,0.1246,4
2011-12-14 22:26:00,0.1857,3.3795,121.7765,-0.623,13.8385,-0.6039999999999999,-0.0058999999999999,1.876,-0.0106999999999999,-0.8097999999999999,-2.7392,-3.1265,-2.7247,-2.974,0.124,4
2011-12-14 22:27:00,0.1854,3.3794,121.7576,-0.3902999999999999,13.8408,-0.6095,-0.0058999999999999,1.7847,-0.01,-0.8065999999999999,-2.6664,-3.1059,-2.6417,-2.8551,0.1252,4
2011-12-14 22:28:00,0.1857,3.3581,121.7597,-0.3488999999999999,13.8431,-0.6282999999999999,-0.0045999999999999,1.8362,-0.0101,-0.8182,-2.7106,-3.1821,-2.6903,-2.8551,0.1252,4
2011-12-14 22:29:00,0.1852,3.3581,121.7826,-0.4618999999999999,13.8431,-0.6469,-0.0074999999999999,1.8077,-0.0143,-0.8490999999999999,-2.7997,-3.2901,-2.7787,-2.7956,0.1242,4
2011-12-14 22:30:00,0.1860999999999999,3.3797,121.7881,-0.5867,13.8431,-0.6504999999999999,-0.0057,1.9046,-0.0129,-0.8715,-2.8926,-3.3795,-2.8462,-2.8551,0.1247999999999999,4
2011-12-14 22:31:00,0.1857,3.3582,121.7827,-0.7004,13.8435,-0.6712,-0.0032,2.0016,-0.0061,-0.9074,-3.0084,-3.4432,-2.9845,-3.0335,0.1242,4
2011-12-14 22:32:00,0.1859,3.4442,121.7856,-0.7642999999999999,13.8431,-0.6915999999999999,-0.0067999999999999,1.7905,-0.0138,-0.9422,-3.1137,-3.5435,-3.0854,-3.093,0.125,4
2011-12-14 22:33:00,0.1857,3.3151,121.8212,-0.8591999999999999,13.8435,-0.7051,-0.005,1.6822,-0.0061999999999999,-0.9709,-3.2115,-3.6087,-3.1825,-3.2714,0.1242,4
2011-12-14 22:34:00,0.1862999999999999,3.3796,121.799,-0.8686,13.8435,-0.7232,-0.003,1.7791,-0.0073,-0.9991,-3.2514,-3.6515,-3.2318,-3.2715,0.1245,4
2011-12-14 22:35:00,0.1859,3.3581,121.8637,-0.8961,13.8435,-0.7361999999999999,-0.0051999999999999,1.8418,-0.0076,-1.0229,-3.2935,-3.6915,-3.2855,-3.2714,0.1246,4
2011-12-14 22:36:00,0.1859,3.315,121.9171,-0.9544,13.8435,-0.7567,-0.0074999999999999,1.7848,-0.0168999999999999,-1.0536,-3.3432,-3.7223,-3.3396,-3.4499,0.124,4
2011-12-14 22:37:00,0.1855,3.2934,121.9288,-1.0834,13.8435,-0.7773999999999999,-0.0018,1.8532,-0.0032,-1.0902,-3.3931,-3.7817,-3.3706,-3.3904,0.1236,4
2011-12-14 22:38:00,0.1855,3.2719,121.9193,-1.0929,13.8435,-0.7926999999999998,-0.0073,1.9786,-0.0135,-1.1235,-3.4345,-3.8428,-3.3707,-3.4499,0.1255999999999999,4
2011-12-14 22:39:00,0.1855,3.2935,121.9234,-1.0282,13.844,-0.8165999999999999,-0.0043,1.705,-0.0088999999999999,-1.1568,-3.4688,-3.9171,-3.3911,-3.3904,0.1244,4
2011-12-14 22:40:00,0.1847999999999999,3.3367,121.9539,-0.898,13.8445,-0.8338999999999999,-0.0058999999999999,1.7906,-0.0112,-1.1792,-3.4311,-3.8459,-3.312,-3.3904,0.1247,4
2011-12-14 22:41:00,0.1862999999999999,3.3152,121.941,-0.8464,13.8454,-0.8541999999999998,-0.0091,1.9389,-0.0164,-1.1931,-3.4319,-3.8497,-3.355,-3.1525,0.1257,4
2011-12-14 22:42:00,0.1865,3.2721,121.9368,-0.6663,13.8472,-0.8760999999999999,-0.003,2.0244,-0.0066,-1.1853,-3.342,-3.7262,-3.2651,-3.2714,0.1247,4
2011-12-14 22:43:00,0.1860999999999999,3.3368,121.9413,-0.5802,13.8481,-0.8938,-0.0057,1.9674,-0.0112,-1.1756,-3.2415,-3.6975,-3.19,-3.0335,0.1237999999999999,4
2011-12-14 22:44:00,0.1862999999999999,3.3153,121.7644,-0.5642,13.8491,-0.9039,-0.008,1.8819,-0.0156999999999999,-1.1749,-3.182,-3.6591,-3.1515,-2.9146,0.1252999999999999,4
2011-12-14 22:45:00,0.1855,3.3153,121.7731,-0.6016,13.8491,-0.9246,-0.0051999999999999,1.9561,-0.0109,-1.1834,-3.1354,-3.5746,-3.036,-2.8551,0.1247,4
2011-12-14 22:46:00,0.1855,3.4015,121.8109,-0.6351999999999999,13.8491,-0.9452,-0.0097999999999999,2.0245,-0.0194,-1.1837,-3.0769,-3.5364,-2.9986,-2.7361,0.1247999999999999,4
2011-12-14 22:47:00,0.1852999999999999,3.4015,121.7254,-0.8727,13.85,-0.9619,-0.0032,1.785,-0.0035999999999999,-1.2055,-3.0988,-3.6092,-3.0691,-2.7361,0.1246,4
2011-12-14 22:48:00,0.1859,3.2938,121.693,-1.0638,13.8495,-0.9779,-0.0066,1.9219,-0.0155999999999999,-1.2367,-3.1425,-3.6217,-3.1164,-2.6766,0.1249,4
2011-12-14 22:49:00,0.1865999999999999,3.3369,121.5323,-1.075,13.8504,-0.9898,-0.0115999999999999,1.9561,-0.0222,-1.2529,-3.145,-3.617,-3.1088,-2.6766,0.1242999999999999,4
2011-12-14 22:50:00,0.1857,3.3154,121.4263,-1.0478,13.8504,-1.0084,-0.0047999999999999,2.1329,-0.0097,-1.2824,-3.1979,-3.6888,-3.1174,-2.7361,0.1245,4
2011-12-14 22:51:00,0.1857,3.2938,121.5136,-0.9899,13.8523,-1.0289,-0.0083999999999999,2.1329,-0.0193,-1.3,-3.2018,-3.6506,-3.1198,-2.7956,0.1249,4
2011-12-14 22:52:00,0.1855,3.2508,121.5616,-0.8558,13.8532,-1.0446,-0.008,1.9447,-0.0146,-1.2998,-3.1841,-3.6271,-3.1072,-2.7361,0.1242999999999999,4
2011-12-14 22:53:00,0.1859,3.337,121.5548,-0.8629999999999999,13.8541,-1.0568,-0.0086999999999999,1.9847,-0.0178,-1.3084,-3.2,-3.6343,-3.1282,-2.7956,0.1242999999999999,4
2011-12-14 22:54:00,0.1855,3.3155,121.5418,-0.9312,13.8536,-1.0756,-0.0083999999999999,1.9105,-0.0173999999999999,-1.3338,-3.2538,-3.6794,-3.2211,-2.8551,0.124,4
2011-12-14 22:55:00,0.1859,3.3801,121.3907,-0.9339,13.8546,-1.0841,-0.0114,2.1672,-0.0248999999999999,-1.335,-3.2093,-3.608,-3.0765,-2.7361,0.1247,4
2011-12-14 22:56:00,0.1859,3.294,121.3109,-0.9102,13.8546,-1.0997,0.0006999999999999,1.8535,0.0033,-1.342,-3.1576,-3.5511,-3.0552,-2.6766,0.1247,4
2011-12-14 22:57:00,0.1865999999999999,3.3154,121.2938,-0.9748,13.8546,-1.1186,-0.0054999999999999,1.8535,-0.0143,-1.3572,-3.1503,-3.5584,-3.0509,-2.6766,0.1244,4
2011-12-14 22:58:00,0.185,3.4015,121.3686,-1.0836,13.8546,-1.1219,-0.0054999999999999,1.8763,-0.0108,-1.3656,-3.1298,-3.5378,-3.0362,-2.3792,0.1244,4
2011-12-14 22:59:00,0.1852999999999999,3.3154,121.3905,-1.1718,13.8546,-1.1389,-0.0103,2.0074,-0.0201,-1.3869,-3.1324,-3.5389,-3.0518,-2.4387,0.1247999999999999,4
2011-12-14 23:00:00,0.1860999999999999,3.4231,121.4507,-1.2181,13.8546,-1.1524,-0.0077999999999999,2.0074,-0.0162999999999999,-1.4092,-3.1627,-3.562,-3.0778,-2.3792,0.1247,4
2011-12-14 23:01:00,0.1857,3.3155,121.3978,-1.211,13.8546,-1.1592,-0.0083999999999999,1.671,-0.0137,-1.4217,-3.1651,-3.5608,-3.0316,-2.3792,0.1249,4
2011-12-14 23:02:00,0.1857,3.3155,121.2666,-1.1754,13.8546,-1.1686,-0.0051999999999999,1.9334,-0.0085,-1.437,-3.1608,-3.5666,-3.0744,-2.3198,0.1242,4
2011-12-14 23:03:00,0.1859,3.3371,121.3085,-1.2358,13.8546,-1.1818,-0.0097999999999999,1.8536,-0.0171,-1.4574,-3.2233,-3.6096,-3.1747,-2.3198,0.1245,4
2011-12-14 23:04:00,0.1855,3.3371,121.3415,-1.2673,13.8546,-1.1886,-0.0020999999999999,1.8593,-0.005,-1.467,-3.2468,-3.607,-3.1721,-2.4387,0.1255999999999999,4
2011-12-14 23:05:00,0.1857,3.3587,121.2871,-1.2802,13.8546,-1.2021,-0.0086999999999999,1.9449,-0.0168999999999999,-1.4813,-3.2394,-3.5792,-3.1588,-2.3792,0.1254,4
2011-12-14 23:06:00,0.1855,3.3587,121.2739,-1.2921,13.8546,-1.2097,-0.0095999999999999,1.9049,-0.0175,-1.4867,-3.2092,-3.5134,-3.157,-2.4387,0.1242,4
2011-12-14 23:07:00,0.1855,3.3372,121.3627,-1.2577,13.8546,-1.2247,-0.008,2.0533,-0.0155,-1.4917,-3.1482,-3.4719,-3.1017,-2.3792,0.1247999999999999,4
2011-12-14 23:08:00,0.1857,3.3803,121.4043,-1.1787,13.8546,-1.2264,-0.0071,1.8365,-0.0132999999999999,-1.4876,-3.0258,-3.3858,-2.9671,-2.2008,0.1255,4
2011-12-14 23:09:00,0.1857,3.3804,121.4019,-1.0744,13.8546,-1.2451,-0.0057,1.8936,-0.012,-1.4954,-2.8995,-3.279,-2.8473,-1.9034,0.125,4
2011-12-14 23:10:00,0.1855,3.3373,121.3802,-1.0417,13.855,-1.2451,-0.008,1.962,-0.0142,-1.4773,-2.8146,-3.2136,-2.7899,-1.8439,0.1254,4
2011-12-14 23:11:00,0.1850999999999999,3.4018,121.4007,-1.0686,13.8546,-1.2451,-0.0032,1.9449,-0.0079,-1.4708,-2.7595,-3.1708,-2.7283,-1.606,0.1249,4
2011-12-14 23:12:00,0.1852999999999999,3.2942,121.3982,-1.078,13.8546,-1.2639,-0.0091,1.9677,-0.0181,-1.4846,-2.7131,-3.1084,-2.695,-1.9034,0.1252,4
2011-12-14 23:13:00,0.1857,3.2511,121.4454,-0.9582,13.855,-1.2677,-0.0061999999999999,1.7567,-0.0101,-1.4623,-2.6241,-3.0113,-2.611,-1.487,0.1250999999999999,4
2011-12-14 23:14:00,0.1852999999999999,3.4234,121.4358,-0.7831,13.8548,-1.2677,-0.0061999999999999,1.905,-0.0117,-1.4197,-2.4792,-2.8851,-2.4574,-1.5465,0.1255999999999999,4
2011-12-14 23:15:00,0.1859,3.4019,121.3288,-0.671,13.855,-1.2761,-0.0125,1.962,-0.0247,-1.3869,-2.35,-2.7855,-2.3275,-1.4275,0.1246,4
2011-12-14 23:16:00,0.1855,3.3373,121.2473,-0.6633,13.8568,-1.288,-0.0074999999999999,1.9107,-0.0147,-1.3663,-2.2554,-2.722,-2.2438,-1.4275,0.124,4
2011-12-14 23:17:00,0.1850999999999999,3.3373,121.2889,-0.7257,13.8549,-1.288,-0.0088999999999999,1.9278,-0.0181,-1.3511,-2.1866,-2.6604,-2.1823,-1.0707,0.125,4
2011-12-14 23:18:00,0.1859,3.402,121.3392,-0.7373,13.8549,-1.288,-0.0057,2.0362,-0.012,-1.3265,-2.115,-2.5662,-2.1331,-1.1896,0.1239,4
2011-12-14 23:19:00,0.1857,3.3804,121.3532,-0.818,13.8553,-1.288,-0.003,1.9792,-0.0045999999999999,-1.3222,-2.1331,-2.5952,-2.1497,-1.2491,0.125,4
2011-12-14 23:20:00,0.1857,3.3589,121.3931,-0.7038999999999999,13.8553,-1.288,-0.0097999999999999,1.9621,-0.0196999999999999,-1.3005,-2.0715,-2.4735,-2.0722,-1.2491,0.1245,4
2011-12-14 23:21:00,0.1862,3.2513,121.3967,-0.5907,13.8548,-1.288,-0.0071,1.9564,-0.0149999999999999,-1.2658,-1.9941,-2.4184,-2.0064,-1.4275,0.1246,4
2011-12-14 23:22:00,0.1859,3.4666,121.3955,-0.5652,13.8552,-1.288,-0.0088999999999999,1.9564,-0.0172999999999999,-1.2456,-1.942,-2.3959,-1.9709,-1.1896,0.126,4
2011-12-14 23:23:00,0.1849,3.2513,121.4093,-0.5079,13.8548,-1.288,-0.0086999999999999,2.1617,-0.0178,-1.2239,-1.8877,-2.3315,-1.9311,-1.1896,0.1245,4
2011-12-14 23:24:00,0.1857,3.445,121.396,-0.6189999999999999,13.8547,-1.288,-0.0109999999999999,2.0134,-0.0239,-1.2189,-1.9145,-2.3431,-1.9724,-1.3681,0.1246,4
2011-12-14 23:25:00,0.1852999999999999,3.4019,121.4022,-0.6761,13.8547,-1.2812,-0.0032,1.9791,-0.0073,-1.2092,-1.9156,-2.3486,-1.9663,-1.1896,0.1247999999999999,4
2011-12-14 23:26:00,0.1864,3.3804,121.3982,-0.64,13.8547,-1.2677,0.0,2.27,0.0008999999999999,-1.1971,-1.9021,-2.3263,-1.9375,-1.3086,0.1249,4
2011-12-14 23:27:00,0.1855,3.3804,121.4137,-0.6088,13.8547,-1.2677,-0.0077999999999999,2.1959,-0.0173999999999999,-1.1891,-1.9194,-2.3321,-1.9715,-1.2491,0.1254,4
2011-12-14 23:28:00,0.1852999999999999,3.3374,121.4283,-0.6335,13.8547,-1.2677,-0.0032,2.0305,-0.0080999999999999,-1.1884,-1.9296,-2.3264,-1.9737,-1.4275,0.1247,4
2011-12-14 23:29:00,0.1857,3.3804,121.4729,-0.4976999999999999,13.8547,-1.2677,-0.0032,1.8765,-0.0051,-1.1675,-1.8818,-2.2785,-1.9064,-1.5465,0.125,4
2011-12-14 23:30:00,0.1859,3.3374,121.4582,-0.3018,13.8546,-1.2677,-0.0067999999999999,2.1788,-0.0154,-1.1212,-1.8203,-2.2141,-1.8521,-1.3681,0.1254,4
2011-12-14 23:31:00,0.1849,3.3159,121.4001,-0.2124999999999999,13.8546,-1.2677,-0.005,2.1845,-0.0088999999999999,-1.0851,-1.7892,-2.1981,-1.8196,-1.3681,0.1258,4
2011-12-14 23:32:00,0.1857,3.4235,121.3972,-0.4563999999999999,13.8546,-1.2677,-0.0097999999999999,1.9279,-0.0193,-1.0837,-1.8543,-2.3024,-1.9129,-1.487,0.1246,4
2011-12-14 23:33:00,0.1852999999999999,3.4235,121.4555,-0.7294,13.8546,-1.2677,-0.0054999999999999,1.8537,-0.0111,-1.1003,-1.9165,-2.3495,-1.9788,-1.5465,0.1250999999999999,4
2011-12-14 23:34:00,0.1862,3.402,121.5226,-0.8635,13.8546,-1.2507,0.0038999999999999,1.9108,0.0064999999999999,-1.1072,-1.9915,-2.3738,-2.0545,-1.6655,0.125,4
2011-12-14 23:35:00,0.1857,3.3805,121.5176,-0.7809,13.8542,-1.2451,-0.0061999999999999,2.0191,-0.0112,-1.1073,-2.0495,-2.4036,-2.1111,-1.7844,0.1250999999999999,4
2011-12-14 23:36:00,0.1862,3.2944,121.4529,-0.685,13.8546,-1.2451,-0.0074999999999999,2.099,-0.0190999999999999,-1.1073,-2.0893,-2.4326,-2.1248,-1.7844,0.1250999999999999,4
2011-12-14 23:37:00,0.1864,3.359,121.4308,-0.6130999999999999,13.8546,-1.2451,-0.0043,2.0363,-0.0089999999999999,-1.1196,-2.1024,-2.4479,-2.0756,-1.8439,0.1250999999999999,4
2011-12-14 23:38:00,0.1855,3.3374,121.472,-0.5811,13.8546,-1.2451,-0.0138999999999999,2.1218,-0.0294999999999999,-1.1232,-2.114,-2.4414,-2.0944,-2.0224,0.1245,4
2011-12-14 23:39:00,0.1859,3.3159,121.5714,-0.5658999999999998,13.8546,-1.2451,-0.0082,2.1332,-0.0173999999999999,-1.129,-2.1227,-2.4479,-2.0727,-1.9034,0.1247999999999999,4
2011-12-14 23:40:00,0.1845999999999999,3.359,121.5732,-0.6305,13.8546,-1.2451,-0.005,1.9849,-0.0094,-1.1376,-2.1371,-2.4551,-2.127,-2.0224,0.1247,4
2011-12-14 23:41:00,0.1850999999999999,3.3804,121.549,-0.526,13.8546,-1.2451,-0.0088999999999999,2.0762,-0.0196999999999999,-1.1239,-2.127,-2.4442,-2.1342,-1.9034,0.1257,4
2011-12-14 23:42:00,0.1857,3.4665,121.5145,-0.5078,13.8546,-1.2451,-0.0002,2.213,-0.0005999999999999,-1.116,-2.1371,-2.4696,-2.1306,-1.9629,0.1244,4
2011-12-14 23:43:00,0.1860999999999999,3.445,121.45,-0.5601,13.8546,-1.2451,0.0002,2.059,-0.0014,-1.1232,-2.1748,-2.4942,-2.1748,-1.8439,0.1247,4
2011-12-14 23:44:00,0.1857,3.3589,121.4129,-0.4737,13.8546,-1.2451,-0.0119,2.0704,-0.0245,-1.1145,-2.1574,-2.4398,-2.1559,-1.9629,0.1244,4
2011-12-14 23:45:00,0.1859,3.3589,121.5023,-0.4366999999999999,13.8546,-1.2451,-0.0064,2.0761,-0.0167,-1.1037,-2.1262,-2.4398,-2.1299,-2.0818,0.1254,4
2011-12-14 23:46:00,0.1855,3.3159,121.5283,-0.4199999999999999,13.8546,-1.2451,-0.0074999999999999,1.9336,-0.0177,-1.0864,-2.0712,-2.4,-2.0698,-1.9629,0.1258,4
2011-12-14 23:47:00,0.1855,3.3374,121.4671,-0.2959,13.8546,-1.2451,-0.003,2.1446,-0.0094999999999999,-1.0618,-2.0039,-2.3507,-2.0112,-1.8439,0.1246,4
2011-12-14 23:48:00,0.1857,3.402,121.5426,-0.2687999999999999,13.8546,-1.2332,-0.0123,2.1959,-0.0281,-1.029,-1.992,-2.3729,-2.0405,-1.8439,0.1247,4
2011-12-14 23:49:00,0.1850999999999999,3.402,121.5635,-0.3402,13.8546,-1.2247,-0.0027,2.1389,-0.0071999999999999,-1.0227,-1.9843,-2.3535,-2.0277,-1.8439,0.1252999999999999,4
2011-12-14 23:50:00,0.1849,3.3805,121.526,-0.3155999999999999,13.8546,-1.2247,-0.0109999999999999,2.099,-0.0205,-1.0249,-2.0335,-2.4571,-2.0885,-1.8439,0.1250999999999999,4
2011-12-14 23:51:00,0.1862,3.359,121.552,-0.3837999999999999,13.8546,-1.2247,-0.0045999999999999,2.0305,-0.0124,-1.0465,-2.1088,-2.5216,-2.1703,-1.9629,0.1255999999999999,4
2011-12-14 23:52:00,0.1855,3.3805,121.535,-0.4259,13.8546,-1.2247,-0.0073,1.9792,-0.0134,-1.0545,-2.1551,-2.5557,-2.2152,-2.0818,0.1254,4
2011-12-14 23:53:00,0.1857,3.3374,121.5644,-0.5202,13.8546,-1.2247,-0.0103,2.0933,-0.021,-1.0747,-2.2623,-2.6586,-2.3166,-2.1413,0.125,4
2011-12-14 23:54:00,0.1855,3.3159,121.5473,-0.5827,13.8546,-1.2247,-0.0051999999999999,2.1389,-0.0099,-1.1057,-2.3695,-2.7601,-2.4332,-2.3792,0.1252999999999999,4
2011-12-14 23:55:00,0.1855,3.3805,121.5219,-0.4556,13.8546,-1.2247,-0.0038999999999999,1.9906,-0.0073,-1.1036,-2.3833,-2.7413,-2.4064,-2.4387,0.1257,4
2011-12-14 23:56:00,0.1857,3.3805,121.4209,-0.3518,13.8546,-1.2247,-0.0058999999999999,2.002,-0.0103,-1.0935,-2.3557,-2.6927,-2.3507,-2.4387,0.1258,4
2011-12-14 23:57:00,0.1865999999999999,3.359,121.4982,-0.1022,13.8541,-1.2247,-0.0033999999999999,2.0762,-0.0064999999999999,-1.0704,-2.2638,-2.6166,-2.1906,-2.6172,0.1258,4
2011-12-14 23:58:00,0.1864,3.402,121.5666,-0.2255,13.8546,-1.2247,-0.0095999999999999,2.2188,-0.0213999999999999,-1.0761,-2.3492,-2.8058,-2.3072,-2.1413,0.1250999999999999,4
2011-12-14 23:59:00,0.1849,3.359,121.5599,-0.5586999999999999,13.8546,-1.2247,-0.0020999999999999,1.888,-0.001,-1.1144,-2.5368,-2.9762,-2.5434,-2.4982,0.1255999999999999,4
