measured_on,ac_current__319,ac_power__315,ac_voltage__318,ambient_temp__320,das_battery_voltage__326,das_temp__325,dc_pos_current__317,dc_pos_voltage__316,dc_power__314,inverter_temp__324,module_temp_1__321,module_temp_2__322,module_temp_3__323,poa_irradiance__313,power_factor__327,system_id
2015-04-24 00:00:00,0.1830658,2.896596,122.5777,9.927527,13.43543,10.96693,0.0082079349999999,1.704286,0.0114155,10.40572,7.761431,7.444690999999999,7.799057,-4.322297,0.1292395,4
2015-04-24 00:01:00,0.1828570999999999,2.928851,122.5647,9.68373,13.43601,10.9481,0.0091199269999999,1.675786,0.01473723,10.35509,7.629584999999999,7.315609,7.679292,-4.322291,0.1299618999999999,4
2015-04-24 00:02:00,0.1829118999999999,2.930669,122.5938,9.663153,13.43704,10.93681,0.0038759689999999,1.573187,0.0061132199999999,10.32753,7.490376,7.172763,7.535123999999999,-4.322287,0.1291441,4
2015-04-24 00:03:00,0.1830072,2.902361,122.6185,9.599672,13.43689,10.90687,0.0093479259999999,1.738486,0.0166554099999999,10.28343,7.377815,7.099941,7.45525,-4.32228,0.1287019,4
2015-04-24 00:04:00,0.1830573,2.922007,122.6364,9.562924,13.43678,10.88372,0.007979936,1.584587,0.01124396,10.24187,7.25856,6.990578,7.298354,-4.322275,0.1298256999999999,4
2015-04-24 00:05:00,0.1829209,2.914391,122.6236,9.538081,13.43663,10.86112,0.0061559509999999,1.709986,0.0084056789999999,10.20226,7.193723,6.95272,7.242052,-4.322268,0.1290766999999999,4
2015-04-24 00:06:00,0.182924,2.9067,122.6144,9.568078000000002,13.43656,10.84418,0.0077519379999999,1.595987,0.0101990999999999,10.17044,7.138199,6.918499,7.148861,-4.322264,0.128828,4
2015-04-24 00:07:00,0.1830136,2.916223,122.6083,9.507258,13.43675,10.81406,0.0120839,1.601687,0.01819931,10.1212,7.062374,6.810636,7.104318,-4.322251,0.1293146,4
2015-04-24 00:08:00,0.1831642,2.932044,122.6651,9.436421,13.43731,10.78958,0.007523939,1.595987,0.01096325,10.07619,6.978001,6.727646,7.023507,-4.322244,0.1299553,4
2015-04-24 00:09:00,0.1831889999999999,2.915075,122.6957,9.400089,13.43839,10.76322,0.0139078899999999,1.481988,0.02003951,10.03782,6.896206,6.672862,6.949537,-4.322248,0.12853,4
2015-04-24 00:10:00,0.1831161,2.930754,122.7093,9.35114,13.43983,10.73498,0.0086639309999999,1.544688,0.01278786,9.995415,6.808062,6.583262,6.89198,-4.442311,0.1300445,4
2015-04-24 00:11:00,0.1831038,2.925477,122.687,9.339193000000002,13.44181,10.70674,0.005471956,1.601687,0.006284765,9.955106,6.722641,6.517015,6.788084,-4.562392,0.129426,4
2015-04-24 00:12:00,0.1830073999999999,2.943866,122.6755,9.247449,13.44276,10.6785,0.004331965,1.641587,0.0085148429999999,9.911263000000002,6.667845,6.442267,6.749655,-4.322269,0.1296988,4
2015-04-24 00:13:00,0.1829554999999999,2.919914,122.6467,9.137853,13.44289,10.65591,0.01504788,1.607387,0.02688569,9.869552,6.579648,6.381086,6.647242,-4.322304,0.1292878,4
2015-04-24 00:14:00,0.1829367,2.930001,122.6161,9.072257,13.44336,10.6239,0.0038759689999999,1.858185,0.008109374,9.813457,6.551668,6.374451,6.634205,-4.322308,0.1291664999999999,4
2015-04-24 00:15:00,0.1829899,2.9324,122.627,9.0952,13.44623,10.59001,0.0091199269999999,1.521888,0.01490877,9.767438,6.520105,6.38131,6.607633,-4.322355,0.1295476,4
2015-04-24 00:16:00,0.1828428,2.912702,122.6587,9.145967,13.44761,10.56742,0.0050159599999999,1.573187,0.0072672459999999,9.738446,6.487373,6.331481,6.564232,-4.322355,0.1288943999999999,4
2015-04-24 00:17:00,0.1828356999999999,2.91082,122.6471,9.18947,13.44862,10.52977,0.01048792,1.424988,0.01487758,9.702149,6.452986,6.275724,6.573971,-4.3224,0.1297465999999999,4
2015-04-24 00:18:00,0.1829766999999999,2.913138,122.6066,9.254064,13.44866,10.49964,0.007523939,1.658687,0.01305297,9.674811,6.445438,6.257495,6.548632,-4.322401,0.1293279,4
2015-04-24 00:19:00,0.1829474,2.919761,122.5952,9.33413,13.44915,10.4714,0.0120839,1.567487,0.01929095,9.652932,6.425708,6.257703,6.551676,-4.32241,0.1297377999999999,4
2015-04-24 00:20:00,0.1829897,2.926456,122.617,9.398244,13.44921,10.4394,0.005699954,1.447788,0.0097936289999999,9.627246,6.418375,6.300205,6.624033,-4.322412,0.1294916,4
2015-04-24 00:21:00,0.1830037999999999,2.92504,122.6339,9.556113000000002,13.44957,10.40927,0.0088919289999999,1.635887,0.01561055,9.621132,6.493379,6.388037,6.666998,-3.842158,0.1294358999999999,4
2015-04-24 00:22:00,0.18303,2.914592,122.6381,9.627318,13.44965,10.37727,0.0038759689999999,1.772686,0.007610335,9.607471,6.564312,6.423399,6.709454,-3.421928,0.1286142999999999,4
2015-04-24 00:23:00,0.1830129,2.915283,122.6476,9.436178,13.45037,10.34715,0.006383948,1.658687,0.0112751499999999,9.578713,6.563825,6.383763,6.659168,-3.241843,0.1303995,4
2015-04-24 00:24:00,0.1830373,2.923009,122.6313,9.336375,13.45137,10.32078,0.01025992,1.499088,0.0143629499999999,9.551593,6.52155,6.32723,6.678087,-3.481989,0.1292928999999999,4
2015-04-24 00:25:00,0.1830710999999999,2.913085,122.6329,9.369994,13.45293,10.29819,0.0125399,1.624487,0.0203826,9.5346,6.478727,6.264448,6.574803,-3.602078,0.1296511999999999,4
2015-04-24 00:26:00,0.1831749,2.907914,122.6788,9.342463,13.45468,10.26431,0.005243958,1.630187,0.009824818,9.500668,6.386951,6.165517,6.531437,-3.662122,0.1292795999999999,4
2015-04-24 00:27:00,0.1831508,2.923974,122.6925,9.381658,13.45544,10.2323,0.007067943,1.709986,0.01222644,9.474986,6.310587,6.12402,6.44584,-3.90228,0.130441,4
2015-04-24 00:28:00,0.1831632,2.948307,122.6698,9.447383,13.45536,10.2097,0.0061559509999999,1.470588,0.0097624389999999,9.465116,6.309274,6.122711,6.447372,-4.322536,0.1292524999999999,4
2015-04-24 00:29:00,0.1830994,2.92722,122.6956,9.37835,13.45525,10.17205,0.003191974,1.687186,0.0020585339999999,9.433089,6.329101,6.106941,6.415233,-4.322551,0.1290446,4
2015-04-24 00:30:00,0.1831903,2.933385,122.7276,9.21778,13.4554,10.14193,0.007979936,1.504788,0.01246036,9.395137,6.317264,6.053078,6.373501,-4.322547,0.1292307,4
2015-04-24 00:31:00,0.1832419,2.900535,122.7469,9.044494,13.45555,10.12122,0.0086639309999999,1.538988,0.01306857,9.36378,6.240156,5.96667,6.341249,-4.322544,0.1288281,4
2015-04-24 00:32:00,0.1832227999999999,2.92082,122.7603,9.073974,13.45707,10.08733,0.0084359329999999,1.590287,0.0123200099999999,9.329129,6.255108,6.008696,6.382542,-4.262514,0.1293776,4
2015-04-24 00:33:00,0.1833127,2.933115,122.7623,9.112017,13.46038,10.05344,0.0098039219999999,1.727086,0.01745075,9.306515,6.235187,5.965968,6.309233,-4.082411,0.1292308,4
2015-04-24 00:34:00,0.1831875,2.914463,122.7458,9.086747,13.46097,10.02897,0.01025992,1.801185,0.01894786,9.281265,6.268061,5.994574,6.342104,-4.322605,0.1294827,4
2015-04-24 00:35:00,0.1832612999999999,2.932277,122.7762,8.967468,13.4615,9.993195,0.004559963,1.635887,0.0077974749999999,9.241180000000002,6.271834,5.969135,6.313842,-4.262594,0.1287959999999999,4
2015-04-24 00:36:00,0.1831405,2.934973,122.7993,8.87953,13.4616,9.963074,0.007523939,1.863885,0.01366118,9.206772,6.165318,5.84047,6.240801,-4.202598,0.1295964,4
2015-04-24 00:37:00,0.1832496999999999,2.942806,122.8331,8.920154,13.46165,9.936713,0.0038759689999999,1.595987,0.0058013209999999,9.188871,6.123815,5.85025,6.198591,-4.142582,0.1286339,4
2015-04-24 00:38:00,0.1832457,2.934972,122.8065,8.939415,13.46174,9.910355,0.004103967,1.613087,0.0084992479999999,9.165336000000002,6.104535,5.827406,6.224172,-3.722316,0.1304015,4
2015-04-24 00:39:00,0.1831550999999999,2.927046,122.7848,8.957579,13.46177,9.870821,0.005927952,1.527588,0.00775069,9.127876,6.13098,5.826793,6.212162,-3.722315,0.1297489,4
2015-04-24 00:40:00,0.1831774999999999,2.922047,122.769,8.927822,13.46186,9.848226,0.0025079799999999,1.584587,0.0053802579999999,9.101717,6.14886,5.827583,6.235734,-3.542239,0.1295128,4
2015-04-24 00:41:00,0.1833575,2.921487,122.7986,9.013202,13.46187,9.812454,0.006383948,1.789786,0.009590895,9.07652,6.160559,5.852829,6.242447,-3.182018,0.1295593999999999,4
2015-04-24 00:42:00,0.1834474,2.912539,122.8259,9.130592,13.46194,9.782333,0.005699954,1.618787,0.008577223,9.064047,6.13015,5.816695,6.225573,-3.30209,0.1290995,4
2015-04-24 00:43:00,0.1830693999999999,2.920238,122.6793,9.239362000000002,13.46195,9.764258000000002,0.0086639309999999,1.453488,0.01158705,9.055152,6.12405,5.827692,6.159658,-3.60228,0.1285618,4
2015-04-24 00:44:00,0.1825764,2.895414,122.3747,9.445626,13.46202,9.731873,0.0025079799999999,1.504788,0.0046316999999999,9.042515000000002,6.202324,5.941618,6.324793,-2.941903,0.1292333,4
2015-04-24 00:45:00,0.1825349,2.893507,122.3682,9.525455,13.46339,9.699869,0.0113999099999999,1.681486,0.01685814,9.035968,6.288311,6.036192,6.422865,-2.881865,0.1294959,4
2015-04-24 00:46:00,0.1825869,2.907404,122.3543,9.594025,13.46528,9.677277,0.008142029,1.601687,0.0106357599999999,9.038134,6.378039,6.09961,6.556696,-2.881895,0.1281742999999999,4
2015-04-24 00:47:00,0.1826102,2.887944,122.3676,9.586179,13.46616,9.650915,0.005471956,1.789786,0.007126892,9.033707,6.424166,6.117275,6.520963,-2.821854,0.1282346,4
2015-04-24 00:48:00,0.1826494999999999,2.899809,122.3396,9.4829,13.46716,9.624559,0.0091199269999999,1.738486,0.0154857899999999,9.013024,6.379341,6.07173,6.447674,-2.701761,0.1299912,4
2015-04-24 00:49:00,0.1824222,2.883524,122.2065,9.441527,13.46718,9.603851,0.0038759689999999,1.818285,0.008920311,8.985208999999998,6.327178,6.027374,6.396941,-2.581684,0.1285674,4
2015-04-24 00:50:00,0.182445,2.886274,122.2097,9.470169,13.46728,9.586906,0.0086639309999999,1.755586,0.0166242199999999,8.972491,6.349268,6.043062,6.306551,-2.761806,0.1290739999999999,4
2015-04-24 00:51:00,0.1823669,2.889902,122.2037,9.362832,13.4673,9.558662,0.0125399,1.630187,0.02066331,8.947045,6.243937,5.981842,6.247497,-2.221458,0.1293873,4
2015-04-24 00:52:00,0.1824781,2.88395,122.2078,9.168429,13.46738,9.541719,0.005243958,1.521888,0.0081249689999999,8.93078,6.199771,5.950474,6.259584,-2.701791,0.1285655,4
2015-04-24 00:53:00,0.182569,2.88013,122.2258,9.164399,13.46741,9.513481,0.0077519379999999,1.544688,0.0114155,8.908162,6.141357,5.884189,6.226101,-2.761855,0.1290638,4
2015-04-24 00:54:00,0.1825556,2.882193,122.2402,9.116059000000002,13.46746,9.496538,0.006611947,1.681486,0.0118365699999999,8.894712999999998,6.07143,5.858398,6.154054,-2.942026,0.1300143,4
2015-04-24 00:55:00,0.1826012999999999,2.894974,122.2492,9.101758,13.46794,9.469425,0.005699954,1.806885,0.0101835,8.878194,6.103251,5.923008,6.267052,-3.002091,0.1281777,4
2015-04-24 00:56:00,0.182502,2.879434,122.2547,9.146321,13.46798,9.449842,0.01003192,1.909485,0.01919738,8.872758,6.158312,5.968109,6.291482,-2.942095,0.1289145999999999,4
2015-04-24 00:57:00,0.1825151999999999,2.877197,122.2024,9.064348,13.468,9.423487,0.009575923,1.635887,0.01623434,8.856311,6.281438,6.062084,6.381114,-2.882052,0.1291735,4
2015-04-24 00:58:00,0.1824711,2.888338,122.2011,8.986290999999998,13.46849,9.410309,0.004331965,1.635887,0.008592818,8.85093,6.427034,6.175701,6.516004,-2.882053,0.1282438999999999,4
2015-04-24 00:59:00,0.1823205,2.871127,122.1741,9.125068,13.46988,9.385834,0.006383948,1.761286,0.01058897,8.846972,6.563965,6.267125,6.652197,-2.882077,0.1288455,4
2015-04-24 01:00:00,0.1823179,2.879447,122.1835,9.291291,13.46899,9.368885,0.0038759689999999,1.692886,0.0068461829999999,8.854095,6.704159,6.376783,6.833629,-2.882102,0.1292264999999999,4
2015-04-24 01:01:00,0.1823476,2.872586,122.218,9.41569,13.4713,9.35006,0.005699954,1.624487,0.01047981,8.862883999999998,6.735744,6.406962,6.873741,-2.882109,0.1289290999999999,4
2015-04-24 01:02:00,0.1823942,2.887519,122.2234,9.509233,13.47177,9.327469,0.004787961,1.744186,0.006892968,8.865071,6.774217,6.450441,6.883046,-2.52185,0.1293917,4
2015-04-24 01:03:00,0.1823324,2.855923,122.2243,9.553204,13.47179,9.323704,0.0082079349999999,1.732786,0.0149243699999999,8.878999,6.867073,6.553305,7.02353,-2.401794,0.1288768,4
2015-04-24 01:04:00,0.1825032,2.92895,122.3216,9.540345,13.47318,9.302996,0.005699954,1.658687,0.009933983,8.887316999999998,6.962862,6.664088,7.060282,-2.16163,0.1286585,4
2015-04-24 01:05:00,0.1829104,2.922216,122.5825,9.468446,13.47227,9.297347,0.0098039219999999,1.778386,0.01702969,8.901493999999998,6.981316,6.66262,7.049582,-1.681288,0.1282001999999999,4
2015-04-24 01:06:00,0.1830585,2.893605,122.6527,9.301402,13.47274,9.278515,0.005471956,1.601687,0.0091386409999999,8.888313999999998,6.9254,6.612362,6.981584,-1.741343,0.1290436,4
2015-04-24 01:07:00,0.1829851999999999,2.911149,122.6784,9.158847,13.47275,9.278515,0.0022799819999999,1.647287,0.003758383,8.887614,6.904833,6.611006,6.968842,-1.861455,0.1289974,4
2015-04-24 01:08:00,0.1830754,2.919242,122.6933,9.038078,13.47321,9.263266,0.003419973,1.960784,0.007360816,8.86527,6.856809,6.575056,6.917978,-2.041603,0.1294184999999999,4
2015-04-24 01:09:00,0.1830381,2.895123,122.6724,9.07078,13.47322,9.258183,0.005699954,1.595987,0.0079378299999999,8.860884,6.875835,6.643189,6.967583,-2.221767,0.128243,4
2015-04-24 01:10:00,0.1830603,2.907887,122.6734,9.091108,13.47322,9.245005,0.005927952,1.727086,0.01004315,8.847694,6.866144,6.602892,6.930157,-2.161724,0.1280041,4
2015-04-24 01:11:00,0.1830027999999999,2.918734,122.6314,9.110212,13.47323,9.235592,0.0050159599999999,1.715686,0.0083744879999999,8.839691999999998,6.869493,6.611937,6.915015,-2.161721,0.1287079999999999,4
2015-04-24 01:12:00,0.1831152,2.919504,122.6852,9.165818,13.47277,9.235592,0.0098039219999999,2.057683,0.0190726199999999,8.849612,6.880875,6.64396,6.942753,-2.221769,0.1289595,4
2015-04-24 01:13:00,0.1832339,2.917569,122.712,9.211951,13.47324,9.231827,0.0038759689999999,1.687186,0.00626917,8.855036999999998,6.891193,6.626516,6.971567,-2.161751,0.1296220999999999,4
2015-04-24 01:14:00,0.1830758,2.906717,122.6983,9.129073,13.47324,9.201706,0.0066448999999999,1.761286,0.01355201,8.82773,6.867342,6.624715,6.946294,-2.161751,0.1286953,4
2015-04-24 01:15:00,0.1832116,2.905995,122.6981,9.103518,13.47325,9.190411,-0.005243958,1.641587,-0.008218539,8.819973,6.837511,6.614795,6.937092,-2.161774,0.1291789999999999,4
2015-04-24 01:16:00,0.1831581999999999,2.908561,122.7008,9.25821,13.47279,9.190411,0.003191975,1.618787,0.0045381299999999,8.848325,6.989039,6.744339,7.085039,-2.401973,0.1283642,4
2015-04-24 01:17:00,0.1831627,2.895461,122.7098,9.39554,13.47326,9.186645,0.0050159599999999,1.607387,0.008701982,8.869377999999998,7.102005,6.796906,7.19869,-2.221842,0.1290225999999999,4
2015-04-24 01:18:00,0.1831452,2.921936,122.6955,9.39855,13.47188,9.169696,0.0082079349999999,1.749886,0.01497115,8.855252,7.118399,6.820421,7.240668999999999,-2.161789,0.1286159,4
2015-04-24 01:19:00,0.1829091999999999,2.922089,122.7002,9.453669,13.47326,9.167812,0.005699954,1.652987,0.00762593,8.861866,7.129984,6.81209,7.226664999999999,-2.582122,0.1294809,4
2015-04-24 01:20:00,0.1830029,2.909357,122.7011,9.350354,13.4728,9.167812,0.008435932,1.618787,0.01361439,8.860447,7.125709,6.831287,7.224523999999999,-2.702228,0.1289675,4
2015-04-24 01:21:00,0.1831052,2.909328,122.683,9.284079,13.4728,9.167812,0.005243958,1.595987,0.008249729,8.861152,7.11146,6.787857,7.183264,-2.882398,0.1281094,4
2015-04-24 01:22:00,0.1831444999999999,2.89568,122.6821,9.138663,13.47326,9.167812,0.004559963,1.721386,0.0074076009999999,8.851222,7.008302,6.693169,7.081545,-2.882407,0.1289870999999999,4
2015-04-24 01:23:00,0.183344,2.937639,122.6941,9.010322,13.47327,9.167812,0.005471956,1.493388,0.0111971699999999,8.837742,6.929249,6.628285,7.02882,-2.882426,0.1281809999999999,4
2015-04-24 01:24:00,0.1831828,2.887889,122.6769,9.029574,13.47327,9.167812,0.0050159599999999,1.652987,0.007984615,8.832067999999998,6.841733,6.558513,6.950567,-2.882432,0.128999,4
2015-04-24 01:25:00,0.1831531,2.895207,122.6778,9.066653,13.47327,9.167812,0.006611947,1.601687,0.01101003,8.832772999999998,6.784785,6.5236,6.900033,-2.882445,0.1290753,4
2015-04-24 01:26:00,0.1830378,2.916273,122.6576,9.060607,13.47327,9.154634,0.007523939,1.601687,0.009045071,8.818887999999998,6.687645,6.436385,6.821411,-2.882434,0.1288912,4
2015-04-24 01:27:00,0.1830937,2.900374,122.6806,8.98987,13.47327,9.145222,0.002735978,1.442088,0.003352915,8.800263,6.609932,6.388548,6.72806,-2.88242,0.1283228999999999,4
2015-04-24 01:28:00,0.1830585999999999,2.903776,122.6831,8.957065,13.47327,9.145222,0.004331965,1.573187,0.00787545,8.788919,6.607054,6.384954,6.732298,-2.882427,0.1292667999999999,4
2015-04-24 01:29:00,0.1830421999999999,2.90668,122.6957,8.897152999999998,13.47327,9.145222,0.0093479259999999,1.630187,0.0145033,8.78041,6.53656,6.316563,6.63976,-2.882436,0.1285221,4
2015-04-24 01:30:00,0.1830476,2.899976,122.7372,8.81441,13.47327,9.145222,0.007067943,1.538988,0.01186776,8.761273,6.472497,6.268142,6.562189,-2.882446,0.1291392,4
2015-04-24 01:31:00,0.1831992,2.914582,122.7355,8.724374,13.47327,9.135809,0.007979936,1.521888,0.01088527,8.742639,6.386859,6.182473,6.490091,-2.882453,0.1294078999999999,4
2015-04-24 01:32:00,0.1832799,2.913251,122.7375,8.626255999999998,13.47327,9.122631,0.0077519379999999,1.658687,0.01169621,8.712424,6.316553,6.132792,6.44828,-2.882464,0.1289132,4
2015-04-24 01:33:00,0.1831916,2.896724,122.7253,8.531325,13.47327,9.122631,0.0006839945,1.709986,4.678476e-05,8.696821,6.266653,6.109944,6.414771,-2.88247,0.1281452999999999,4
2015-04-24 01:34:00,0.1832734,2.894174,122.7,8.547751,13.47327,9.122631,0.001367989,1.578887,0.002417217,8.69612,6.238924,6.09432,6.372094,-3.062638,0.1290578,4
2015-04-24 01:35:00,0.1831422,2.905569,122.6877,8.621266,13.47327,9.122631,0.0022799819999999,1.407889,0.002136508,8.688323,6.221133,6.139216,6.369972,-3.122696,0.1289395999999999,4
2015-04-24 01:36:00,0.1830659,2.885924,122.6912,8.748293999999998,13.47327,9.122631,0.007979936,1.630187,0.01158705,8.697561,6.352309,6.303886,6.561607,-3.182757,0.128787,4
2015-04-24 01:37:00,0.1829658999999999,2.906523,122.6598,8.815329999999998,13.47327,9.101923,0.0082079349999999,1.835385,0.01377034,8.693146,6.475342,6.387062,6.639757,-2.8825,0.1285329,4
2015-04-24 01:38:00,0.1830435,2.92841,122.6715,8.950386,13.47327,9.100040000000002,0.005699954,1.533288,0.008187349,8.717484,6.578051,6.470568,6.738881,-2.942557,0.1290577,4
2015-04-24 01:39:00,0.1829982,2.904191,122.6808,9.069467,13.47327,9.100040000000002,0.006383948,1.413589,0.0073140319999999,8.745838,6.697605,6.551709,6.801486,-3.002609,0.1291785,4
2015-04-24 01:40:00,0.1831324,2.916229,122.7316,9.165527,13.47327,9.08987,0.01048792,1.510488,0.0161095799999999,8.756921,6.74357,6.540743,6.851711,-3.002619,0.1286752999999999,4
2015-04-24 01:41:00,0.1831055,2.901034,122.7062,9.029874,13.47373,9.0797,0.005927952,1.670087,0.01038624,8.7432,6.638706,6.400953,6.718404,-2.882515,0.1284368999999999,4
2015-04-24 01:42:00,0.182985,2.927533,122.6681,8.784506999999998,13.47465,9.0797,0.003191974,1.590287,0.005894891,8.718370999999998,6.482687,6.280463,6.569532,-2.882525,0.1294462999999999,4
2015-04-24 01:43:00,0.1830551,2.927089,122.6835,8.561161,13.47419,9.0797,0.002963976,1.687186,0.003103395,8.694976999999998,6.402235,6.254112,6.505468,-2.882525,0.1289362,4
2015-04-24 01:44:00,0.1830574,2.916809,122.6601,8.507892,13.47602,9.077818,0.003191974,1.658687,0.005910486,8.672536,6.363335,6.215202,6.465863,-2.882529,0.1291123,4
2015-04-24 01:45:00,0.1829909999999999,2.904,122.6699,8.572243999999998,13.47557,9.066523,0.0025079799999999,1.561787,0.003196965,8.647762999999998,6.309268,6.196023,6.401126,-2.882529,0.1294892,4
2015-04-24 01:46:00,0.1830885999999999,2.91475,122.7088,8.677018,13.4774,9.05711,0.0088919289999999,1.704286,0.01489318,8.640480999999998,6.292045,6.24789,6.378208,-2.882529,0.1291632,4
2015-04-24 01:47:00,0.1830738,2.916662,122.7204,8.764773,13.47878,9.05711,0.0038759689999999,1.624487,0.0076571199999999,8.639062,6.292038,6.225803,6.445836,-2.822476,0.1280150999999999,4
2015-04-24 01:48:00,0.1831973,2.90425,122.7029,8.973935,13.47878,9.040167,0.004103967,1.761286,0.0061755999999999,8.652587999999998,6.351173,6.328385,6.494992,-2.762421,0.1288995,4
2015-04-24 01:49:00,0.1831583,2.917833,122.7402,9.063129,13.47878,9.034519,0.0120839,1.692886,0.0207880699999999,8.66608,6.368997,6.284967,6.477217,-2.582255,0.1287387,4
2015-04-24 01:50:00,0.183249,2.902602,122.7485,9.155813,13.47832,9.034519,0.003191975,1.704286,0.0062535749999999,8.678131999999998,6.369004,6.305626,6.460138,-2.522178,0.1289164999999999,4
2015-04-24 01:51:00,0.1830904999999999,2.886464,122.6447,9.187183,13.47878,9.034519,0.0086639309999999,1.732786,0.01523627,8.680251,6.396002,6.28349,6.562589,-2.582233,0.1292258,4
2015-04-24 01:52:00,0.1830301,2.882197,122.5523,9.195745,13.47878,9.034519,0.0095759239999999,1.595987,0.01455009,8.680944,6.369542,6.25132,6.519056,-2.161876,0.1289683,4
2015-04-24 01:53:00,0.1829422,2.913236,122.5451,9.150118,13.47878,9.034519,0.0002279980999999,1.647287,-0.0004834433,8.680944,6.318978,6.242056,6.442879,-1.861617,0.1274924,4
2015-04-24 01:54:00,0.1829407999999999,2.904327,122.5299,9.083268,13.47878,9.017576,0.0011399909999999,1.664387,0.002401622,8.661154,6.308353,6.218609,6.409472,-1.801567,0.1285728999999999,4
2015-04-24 01:55:00,0.1829446999999999,2.893096,122.4881,8.907888,13.47878,9.011929,0.0120839,1.778386,0.02172376,8.65126,6.331251,6.228693,6.44945,-2.041777,0.1289040999999999,4
2015-04-24 01:56:00,0.1829321999999999,2.874913,122.4957,8.600393999999998,13.47878,9.011929,0.0025079799999999,1.578887,0.003477674,8.625039,6.34558,6.203855,6.440279,-2.161882,0.1289530999999999,4
2015-04-24 01:57:00,0.1829773,2.903549,122.5198,8.376939999999998,13.47878,8.991213999999998,0.003191974,1.561787,0.0047564599999999,8.57665,6.336122,6.237129,6.434383,-2.281986,0.128531,4
2015-04-24 01:58:00,0.1830415,2.886621,122.5527,8.390755,13.47878,8.98933,0.006839945,1.624487,0.01361439,8.564833,6.409678,6.31497,6.536401,-2.522195,0.1282155,4
2015-04-24 01:59:00,0.1830132999999999,2.905784,122.5419,8.466431,13.47878,8.98933,-0.0006839946,1.738486,-0.00173104,8.564125,6.509357,6.41538,6.632497,-2.522198,0.1284300999999999,4
2015-04-24 02:00:00,0.1827814,2.900438,122.52,8.522622999999998,13.47878,8.985564999999998,0.007295941,1.841085,0.01082289,8.561776,6.583169,6.469272,6.659324,-2.402096,0.1283154,4
2015-04-24 02:01:00,0.1828193999999999,2.893159,122.4716,8.528493,13.47878,8.968622,0.01003192,1.812585,0.01918179,8.543387,6.595257,6.484204,6.699167,-2.762414,0.1297117999999999,4
2015-04-24 02:02:00,0.1826627,2.897295,122.4561,8.705018,13.48061,8.966739999999998,0.0006839945,1.635887,0.001731039,8.562062,6.72784,6.645283,6.865163,-2.221944,0.1291644999999999,4
2015-04-24 02:03:00,0.1828010999999999,2.901049,122.461,8.912620999999998,13.48061,8.966739999999998,0.006839945,1.806885,0.008733172,8.591136,6.889347,6.766258,7.013825,-2.221945,0.1289513999999999,4
2015-04-24 02:04:00,0.1826871999999999,2.915004,122.4214,9.097385,13.48336,8.961092,0.0109439099999999,1.561787,0.0172636099999999,8.611012,6.996069,6.833875,7.103459,-1.62142,0.1297916,4
2015-04-24 02:05:00,0.1826471,2.899213,122.4156,9.144035,13.48199,8.953562,0.01367989,1.949384,0.02529501,8.621221999999998,7.009244,6.837814,7.123736,-1.441262,0.1289434999999999,4
2015-04-24 02:06:00,0.1827559,2.886176,122.4146,9.185693,13.4829,8.946032,0.01367989,1.858185,0.02602797,8.631415,7.037977,6.899992,7.166681,-1.441261,0.1290567,4
2015-04-24 02:07:00,0.1825233,2.896489,122.3878,9.250763,13.48382,8.949797,0.004331965,1.778386,0.007423196,8.671336,7.105011,6.945702,7.297678,-1.44126,0.1290062999999999,4
2015-04-24 02:08:00,0.1826284,2.877241,122.3831,9.235597,13.48199,8.946032,0.0022799819999999,1.875285,0.0026043569999999,8.688836,7.118292,6.960411,7.219253,-1.44126,0.1287315,4
2015-04-24 02:09:00,0.1825504,2.915296,122.3761,9.224277,13.48153,8.961092,0.002963976,1.658687,0.004584915,8.711700999999998,7.104241,6.918613,7.197386,-1.441262,0.1288852,4
2015-04-24 02:10:00,0.1824975,2.901826,122.3359,9.204972,13.48015,8.966739999999998,0.0061559509999999,1.704286,0.009107451,8.722314,7.133373,6.983318,7.262768,-1.441262,0.1292975,4
2015-04-24 02:11:00,0.1824779,2.891725,122.3316,9.248466,13.48153,8.966739999999998,0.001367989,1.715686,0.0029474459999999,8.73719,7.154621,6.998163,7.271219999999999,-1.441265,0.1288258999999999,4
2015-04-24 02:12:00,0.1824920999999999,2.88201,122.3507,9.240624,13.47924,8.966739999999998,0.0050159599999999,1.721386,0.0091386409999999,8.762710999999998,7.196574,7.026615,7.321693,-1.441265,0.1291335,4
2015-04-24 02:13:00,0.1826686999999999,2.906698,122.3918,9.254165,13.47924,8.966739999999998,-0.001595987,1.943684,-0.003758383,8.772636999999998,7.185218,7.034462,7.290435999999999,-1.501318,0.1290335,4
2015-04-24 02:14:00,0.1825103999999999,2.89911,122.3837,9.317797,13.47878,8.970505,0.0082079349999999,1.778386,0.0150023399999999,8.785621,7.19186,7.068842,7.356073,-1.441265,0.1299173,4
2015-04-24 02:15:00,0.1824759,2.878957,122.353,9.337299,13.47878,8.98933,0.01117191,1.772686,0.0209908,8.815094,7.220087,7.084995,7.362250999999999,-1.441264,0.1284943,4
2015-04-24 02:16:00,0.1824977999999999,2.902604,122.3997,9.330173,13.47878,8.98933,0.005471956,1.573187,0.008452463,8.82289,7.198761,7.085707,7.361537,-1.441264,0.1299978,4
2015-04-24 02:17:00,0.1825331,2.90992,122.3751,9.392880000000002,13.47878,8.98933,0.0082079349999999,1.858185,0.0150023399999999,8.8236,7.200186,7.089266,7.332403,-1.441262,0.1288450999999999,4
2015-04-24 02:18:00,0.1825536,2.896261,122.3465,9.379342,13.47878,8.98933,0.004331965,1.516188,0.0041794459999999,8.835648,7.200186,7.106333,7.331692,-1.441262,0.1289705999999999,4
2015-04-24 02:19:00,0.1825214,2.897607,122.3291,9.408957,13.47878,8.996862999999998,0.006611947,1.749886,0.01185216,8.848143999999998,7.214145,7.089718,7.412452,-1.441262,0.1286333,4
2015-04-24 02:20:00,0.1824483,2.885962,122.319,9.463920000000002,13.47878,9.011929,0.003419973,1.812585,0.007984615,8.883763,7.258375,7.165951,7.428956999999999,-1.441263,0.129665,4
2015-04-24 02:21:00,0.1824268,2.90843,122.2844,9.538741000000002,13.47878,9.011929,0.004559963,1.595987,0.00598846,8.897223,7.269682999999999,7.207121,7.428896,-1.441264,0.128971,4
2015-04-24 02:22:00,0.1822658,2.892328,122.2856,9.684788,13.47878,9.032637,0.0022799819999999,1.852485,0.0058481059999999,8.95195,7.365099,7.276957999999999,7.53352,-1.441264,0.1294125999999999,4
2015-04-24 02:23:00,0.1824355,2.905298,122.3226,9.685241,13.47878,9.034519,0.007295941,1.567487,0.01286583,8.977218,7.42101,7.315107,7.573781999999999,-1.441264,0.1294827,4
2015-04-24 02:24:00,0.1824733,2.902817,122.3173,9.795588,13.47786,9.034519,0.006839945,2.006384,0.01236679,9.006268,7.534049999999999,7.410408,7.707384,-1.441263,0.1284199,4
2015-04-24 02:25:00,0.1824783,2.885621,122.3063,9.943256000000002,13.47602,9.047697,0.004559963,1.863885,0.00796902,9.058412,7.651034,7.515342999999999,7.802307,-1.441263,0.1289173,4
2015-04-24 02:26:00,0.1824573999999999,2.904209,122.2933,10.02358,13.47648,9.058992000000002,-0.0009119926999999,1.641587,-0.002214483,9.10725,7.712784,7.503223,7.789484,-1.441261,0.1303227999999999,4
2015-04-24 02:27:00,0.1824521,2.886086,122.2838,9.868691,13.47465,9.077818,0.01071591,1.538988,0.0161251799999999,9.131741000000002,7.789169,7.577505,7.872245,-1.44126,0.1289212,4
2015-04-24 02:28:00,0.182501,2.907833,122.3059,10.23024,13.47373,9.081395,0.002963976,1.818285,0.005582992,9.189856,7.913456,7.602394,7.954633,-1.501313,0.1297562999999999,4
2015-04-24 02:29:00,0.1825093999999999,2.907816,122.2897,10.08236,13.47327,9.100040000000002,0.0038759689999999,1.504788,0.00466289,9.216996,7.947043,7.606873,7.965500999999999,-1.441261,0.1292768,4
2015-04-24 02:30:00,0.1824431,2.898679,122.2777,9.681416,13.47327,9.116983,0.0086639309999999,1.538988,0.01253834,9.200651,7.87877,7.556304,7.922792,-1.62142,0.1296306999999999,4
2015-04-24 02:31:00,0.1823972,2.913554,122.2904,9.724099,13.47327,9.122631,0.0091199269999999,1.709986,0.01458128,9.202758,7.890795,7.704014,8.100217,-1.861631,0.1300078,4
2015-04-24 02:32:00,0.1825766,2.925531,122.3472,10.09707,13.47327,9.128279,0.0038759689999999,1.709986,0.0059260809999999,9.225402,7.899317,7.652876,8.09454,-2.582262,0.1291806,4
2015-04-24 02:33:00,0.1825727,2.910277,122.3619,10.15881,13.47327,9.145222,0.003191974,1.516188,0.005068358,9.245883,7.828259,7.578234,8.039124,-2.342052,0.1292382,4
2015-04-24 02:34:00,0.1825998,2.90269,122.3495,10.15292,13.47327,9.162165000000002,0.005471956,1.784086,0.009902793,9.245113000000002,7.757237,7.510741,8.001488,-2.762419,0.1297355,4
2015-04-24 02:35:00,0.1825566999999999,2.912333,122.3577,10.10874,13.47327,9.167812,0.005699954,1.755586,0.008811147,9.24297,7.826821,7.681225,7.963852,-2.702365,0.1290208999999999,4
2015-04-24 02:36:00,0.1825044999999999,2.903648,122.3183,10.02861,13.47327,9.186641,0.007067943,1.681486,0.01065135,9.256129,7.802386,7.668154,7.845702,-2.822435,0.1298998,4
2015-04-24 02:37:00,0.1826633,2.913052,122.3251,9.898343,13.47281,9.213001,0.004559963,1.561787,0.0072672459999999,9.276113,7.808932,7.754956,7.973645,-2.582222,0.1293812,4
2015-04-24 02:38:00,0.1825176,2.902091,122.2893,9.984162,13.47327,9.220531,0.0082079349999999,1.664387,0.01397308,9.311257,7.874001,7.771035999999999,8.067093,-2.762384,0.1293533,4
2015-04-24 02:39:00,0.1824731,2.899799,122.2714,9.752881,13.47327,9.235592,0.007067943,1.692886,0.01085408,9.31711,7.844368,7.806731,8.064441,-2.702333,0.1300902999999999,4
2015-04-24 02:40:00,0.1825905999999999,2.909929,122.2762,9.839078,13.47327,9.235592,0.005471956,1.692886,0.01116598,9.317824000000002,7.857052,7.751231,8.086363,-2.702343,0.1306031,4
2015-04-24 02:41:00,0.1826135,2.910141,122.2851,9.780694,13.47327,9.235592,0.0088919289999999,1.852485,0.01564174,9.295872,7.686594,7.52248,7.864144999999999,-2.822447,0.1291296,4
2015-04-24 02:42:00,0.1826209,2.885615,122.301,9.663946,13.47327,9.2563,0.0005219022999999,1.641587,0.002042939,9.282586,7.526178,7.38689,7.658325999999998,-2.882504,0.1291441,4
2015-04-24 02:43:00,0.1823583,2.902719,122.26,9.586049,13.47327,9.258183,0.002735978,1.732786,0.0061132199999999,9.251893,7.371737,7.233120999999999,7.44423,-2.882505,0.1291856,4
2015-04-24 02:44:00,0.1823766,2.903566,122.2522,9.50126,13.47327,9.258183,0.005471956,1.544688,0.008873527,9.217191,7.20336,7.096706,7.296484999999999,-2.882506,0.1287965,4
2015-04-24 02:45:00,0.1823458,2.899064,122.26,9.428856,13.47327,9.259877,0.004103967,1.647287,0.0070177269999999,9.193388,7.092005,7.018756,7.167377,-3.00261,0.1298420999999999,4
2015-04-24 02:46:00,0.1823341,2.89724,122.2489,9.475169,13.47327,9.259877,0.0022799819999999,1.630187,0.002885065,9.172848,6.987455,6.984609,7.10622,-2.882505,0.1292088,4
2015-04-24 02:47:00,0.1823461,2.909839,122.2378,9.464401,13.47327,9.268349,0.006839945,1.630187,0.01090087,9.15653,6.897089,6.879304,7.065656,-2.882507,0.1294608999999999,4
2015-04-24 02:48:00,0.1824679999999999,2.905839,122.2542,9.466096,13.47327,9.270043,0.007067943,1.618787,0.0095441099999999,9.141225,6.84898,6.907313,6.968488,-2.822459,0.1300903999999999,4
2015-04-24 02:49:00,0.1823926999999999,2.908466,122.2151,9.518368,13.47327,9.258183,-0.0006839946,1.818285,-0.0020429379999999,9.121566,6.843406,6.874706,6.993504,-2.822461,0.1290493,4
2015-04-24 02:50:00,0.1823487,2.907811,122.221,9.493001,13.47327,9.259877,0.007523939,1.590287,0.01088527,9.105543,6.819371,6.830755,6.982996,-2.522204,0.1294870999999999,4
2015-04-24 02:51:00,0.1823044,2.922366,122.2507,9.538596,13.47327,9.259877,0.0077519379999999,1.778386,0.0141602099999999,9.098459,6.837178,6.893383,7.062675,-2.16189,0.1297721,4
2015-04-24 02:52:00,0.1823594,2.894773,122.2549,9.61526,13.47327,9.258183,0.002735978,1.744186,0.0040702819999999,9.096058,6.847598,6.885304,7.095135,-2.161891,0.1291407,4
2015-04-24 02:53:00,0.1823597999999999,2.898817,122.1884,9.731341,13.47327,9.258183,0.0086639309999999,1.635887,0.01506472,9.112357,6.952964,6.989242,7.167027,-1.801569,0.129467,4
2015-04-24 02:54:00,0.1823442999999999,2.910566,122.1922,9.707822,13.47327,9.258183,0.0072959419999999,1.664387,0.01292821,9.115195000000002,6.980785,6.935259,7.132259,-1.441245,0.130142,4
2015-04-24 02:55:00,0.1822696,2.917781,122.2018,9.621646,13.47327,9.258183,0.002735978,1.704286,0.0034932689999999,9.084734,6.879771,6.78657,6.954459,-1.921663,0.1295801,4
2015-04-24 02:56:00,0.1822429999999999,2.894905,122.1717,9.432855,13.47327,9.258183,0.006611947,1.635887,0.0091230459999999,9.057813,6.839925,6.765927,6.90964,-2.522187,0.1296924,4
2015-04-24 02:57:00,0.1823261999999999,2.91194,122.1869,9.20908,13.47373,9.258183,0.0082079349999999,1.761286,0.01470604,9.035142,6.940931,6.856275,7.030546,-2.822453,0.1298048,4
2015-04-24 02:58:00,0.1823801999999999,2.90802,122.1763,9.325971,13.47419,9.258183,0.007067943,1.732786,0.01225763,9.026639,7.049743,7.016316,7.256652,-2.762405,0.1290688,4
2015-04-24 02:59:00,0.1823771999999999,2.909282,122.1672,9.348773,13.47419,9.258183,0.0022799819999999,1.556087,0.00299423,9.035839,7.118633,7.03329,7.324811,-2.882517,0.1295214,4
2015-04-24 03:00:00,0.1823392,2.908444,122.1412,9.237592,13.47557,9.258183,0.0086639309999999,1.641587,0.0153610299999999,9.037961,7.234488,7.089429,7.444891,-2.942573,0.1295936,4
2015-04-24 03:01:00,0.1822110999999999,2.900797,122.0898,9.032965,13.4774,9.258183,0.002735978,1.738486,0.005879296,9.018833,7.266504,7.058165,7.434254,-2.882497,0.1297416,4
2015-04-24 03:02:00,0.1821445999999999,2.921655,122.0637,8.776896,13.47557,9.258183,0.0038759689999999,1.709986,0.00450694,8.983406,7.275754,7.066707,7.426443,-2.882486,0.1292542,4
2015-04-24 03:03:00,0.1820461999999999,2.899542,122.0442,8.781917,13.47832,9.258183,0.004787961,1.795485,0.01029267,8.958622,7.360454,7.142921,7.528873,-2.882492,0.130641,4
2015-04-24 03:04:00,0.1821272999999999,2.896405,122.0548,8.934564,13.47878,9.258183,0.003419973,1.749886,0.006160006,8.951539999999998,7.516102,7.298635,7.690152999999999,-2.882494,0.1296463999999999,4
2015-04-24 03:05:00,0.1821762,2.912864,122.057,8.950428999999998,13.47832,9.24124,0.0113999099999999,1.835385,0.0198367799999999,8.931755,7.616345,7.349171,7.759113,-2.882465,0.1296129,4
2015-04-24 03:06:00,0.1821192,2.918328,122.05,8.984714999999998,13.47878,9.235592,0.002735978,1.698586,0.0059416759999999,8.921853,7.704445,7.401784,7.816656,-2.882459,0.1294916,4
2015-04-24 03:07:00,0.1820191999999999,2.887014,122.0368,9.114488,13.47878,9.235592,0.007295941,1.601687,0.0104954,8.931775,7.79607,7.487066,7.903999,-2.882439,0.1296302,4
2015-04-24 03:08:00,0.1820459,2.919392,122.0753,9.110923,13.47878,9.235592,0.0125399,1.618787,0.0216769799999999,8.938152,7.881281999999999,7.563094999999999,7.974287,-2.522133,0.1297324,4
2015-04-24 03:09:00,0.1820045,2.879314,122.0635,9.001813,13.47878,9.235592,0.005927952,1.977884,0.01186776,8.93246,7.914547,7.585696999999999,7.996905,-2.522154,0.1300177,4
2015-04-24 03:10:00,0.1821676,2.905842,122.0725,9.015363,13.47878,9.235592,0.01071591,1.937984,0.02046057,8.929626,7.95431,7.636141,8.034532,-2.161846,0.129659,4
2015-04-24 03:11:00,0.1821314,2.899976,122.0565,9.083566,13.47832,9.237474,0.006383948,1.556087,0.009045071,8.942142999999998,8.020818999999998,7.708377999999999,8.089672999999998,-2.161857,0.1295784,4
2015-04-24 03:12:00,0.1821425999999999,2.896176,122.0605,9.062432,13.47878,9.235592,0.005699954,1.898085,0.01113479,8.942389,8.054437999999998,7.747702999999999,8.118318999999998,-1.921651,0.1301401,4
2015-04-24 03:13:00,0.1822168,2.894439,122.0621,9.03107,13.47924,9.235592,0.0077519379999999,1.903785,0.01325571,8.940279,8.053794,7.770511,8.11909,-2.161864,0.1304433999999999,4
2015-04-24 03:14:00,0.1820922,2.890081,122.0724,8.99088,13.47878,9.237474,0.0038759689999999,1.932284,0.00784426,8.946414,8.089041,7.81785,8.136591,-2.041761,0.1289131,4
2015-04-24 03:15:00,0.1819966,2.92203,122.0254,8.90627,13.47878,9.235592,0.004331965,1.778386,0.004647295,8.932487,8.085739999999998,7.797504,8.139675999999998,-1.801557,0.1302244999999999,4
2015-04-24 03:16:00,0.1821492999999999,2.909796,122.1034,8.977589999999998,13.47878,9.235592,0.0098039219999999,1.670087,0.01615637,8.935321999999998,8.115552,7.834435,8.165228,-1.621402,0.1294011999999999,4
2015-04-24 03:17:00,0.1822156,2.913266,122.2189,9.041055,13.47969,9.235592,-0.0004559963,1.841085,-0.0005614182,8.935325,8.14537,7.850780999999999,8.198589999999998,-1.561353,0.1303256999999999,4
2015-04-24 03:18:00,0.1822176,2.91881,122.2335,9.105933,13.47924,9.235592,0.007067943,1.556087,0.0115558599999999,8.950198999999998,8.190056,7.935246,8.265978,-1.501303,0.1312910999999999,4
2015-04-24 03:19:00,0.1823569999999999,2.934042,122.2935,9.131596,13.47878,9.235592,0.0123119,1.567487,0.01718563,8.96436,8.233302,7.945134999999999,8.286517,-1.441254,0.1298308,4
2015-04-24 03:20:00,0.1823086999999999,2.917212,122.3049,9.036856,13.47878,9.250652,0.008435932,1.641587,0.01445652,8.970924,8.205812,7.92189,8.242711,-1.501307,0.1300997,4
2015-04-24 03:21:00,0.1821916,2.916492,122.2689,9.00802,13.47878,9.258183,0.01025992,2.000684,0.0179029999999999,8.973496,8.190642999999998,7.928721999999999,8.23393,-1.561361,0.1296248999999999,4
2015-04-24 03:22:00,0.1822823,2.905433,122.2607,8.939565,13.47969,9.258183,5.820766e-11,1.658687,-0.00302542,8.965002999999998,8.170806,7.901783,8.205577,-1.501309,0.1292479,4
2015-04-24 03:23:00,0.1822989,2.933143,122.2866,8.975232999999998,13.47878,9.258183,0.0047879619999999,1.955084,0.009372566,8.9558,8.168,7.902533,8.209867,-1.621413,0.1303238999999999,4
2015-04-24 03:24:00,0.1824334,2.908064,122.3382,8.965246999999998,13.47878,9.258183,0.004787961,1.846785,0.0097624389999999,8.95509,8.15451,7.908914,8.205602,-1.56136,0.1306220999999999,4
2015-04-24 03:25:00,0.1822726,2.908015,122.3068,9.064363,13.47878,9.258183,0.005927952,1.618787,0.009045071,8.962174,8.158051,7.938723,8.204174999999998,-1.501308,0.1305588,4
2015-04-24 03:26:00,0.182289,2.899854,122.2637,9.137795,13.47924,9.258183,0.006611947,1.789786,0.01093206,8.972091,8.158751,7.95504,8.210552,-1.501309,0.1301692,4
2015-04-24 03:27:00,0.1823815,2.918051,122.3,9.201955000000002,13.47878,9.258183,0.01003192,1.852485,0.02056974,8.994054,8.172226999999998,7.968521,8.230413999999998,-1.621414,0.1303098,4
2015-04-24 03:28:00,0.1823637999999999,2.905717,122.2965,9.253277,13.47878,9.258183,0.0109439099999999,1.744186,0.01897905,9.008216,8.194901,8.003975,8.247410999999998,-1.741521,0.1304221,4
2015-04-24 03:29:00,0.1822388,2.913117,122.2646,9.264681,13.47832,9.258183,0.007523939,1.738486,0.01334928,9.027342,8.185658,8.013182,8.226105999999998,-1.621417,0.1304905,4
2015-04-24 03:30:00,0.182318,2.92936,122.2312,9.289624000000002,13.47878,9.258183,0.0072959419999999,1.818285,0.01522067,9.041513,8.194181999999998,8.040876,8.251658,-1.741522,0.1304115,4
2015-04-24 03:31:00,0.1824272999999999,2.935826,122.2373,9.343348,13.47786,9.259877,0.005471956,1.499088,0.006908563,9.069423,8.196593,8.032642,8.237040999999998,-1.801575,0.1298146,4
2015-04-24 03:32:00,0.1822925,2.927975,122.2568,9.192688,13.47878,9.258183,0.009575923,1.744186,0.0177938399999999,9.060655,8.128247,7.954345,8.153086,-1.981732,0.1299511999999999,4
2015-04-24 03:33:00,0.1822665,2.927997,122.2877,9.081758,13.47878,9.273432,-0.001367989,1.647287,-0.003586839,9.064576,8.054116,7.890841,8.078248999999998,-1.981732,0.1303532,4
2015-04-24 03:34:00,0.1823437,2.916098,122.2791,9.035508,13.47878,9.278515,0.0006839946,1.635887,0.002697927,9.053369,7.969064999999999,7.825647,7.983971999999999,-2.40207,0.1300839,4
2015-04-24 03:35:00,0.1824984,2.922025,122.2839,8.978462,13.47878,9.278515,0.005927952,1.766986,0.009278995,9.037784,7.899492999999999,7.790853,7.927891,-2.342012,0.1299135999999999,4
2015-04-24 03:36:00,0.1824556,2.94235,122.2881,8.965624999999998,13.47832,9.278515,0.006383948,1.766986,0.0099807679999999,9.026446,7.851912999999999,7.768829,7.890253999999999,-2.762348,0.1306764,4
2015-04-24 03:37:00,0.1822998999999999,2.935414,122.2449,8.97846,13.47878,9.278515,0.0113999099999999,1.806885,0.021599,9.016528,7.82777,7.747523,7.853332,-2.882447,0.1311827,4
2015-04-24 03:38:00,0.1822356,2.897235,122.2402,8.987002999999998,13.47878,9.278515,0.0022799819999999,1.744186,0.0042574209999999,9.008014,7.795747999999999,7.730407999999999,7.836223999999999,-2.882466,0.1294787,4
2015-04-24 03:39:00,0.1823722999999999,2.943984,122.3447,9.093964,13.47878,9.278515,0.006611947,1.789786,0.0122420399999999,9.020059,7.841906,7.780122999999999,7.879539,-2.882466,0.1312273999999999,4
2015-04-24 03:40:00,0.1824239,2.948563,122.3449,9.160981,13.47878,9.278515,0.01071591,1.670087,0.01784062,9.032809,7.877396,7.799994,7.937038,-2.882478,0.1313782,4
2015-04-24 03:41:00,0.1824216999999999,2.918068,122.3316,9.227988000000002,13.47878,9.278515,0.0088919289999999,1.772686,0.01682695,9.049106,7.946281,7.856106999999999,7.993845999999999,-2.822427,0.1300553999999999,4
2015-04-24 03:42:00,0.1824116,2.913775,122.3177,9.29499,13.47878,9.278515,0.0098039219999999,1.567487,0.01383272,9.07533,8.007401,7.928603,8.058507,-2.642277,0.1299497,4
2015-04-24 03:43:00,0.1824718999999999,2.919211,122.3435,9.265769,13.47878,9.278515,0.008435932,1.641587,0.01334928,9.09658,8.035081,7.942087,8.089019999999998,-2.702325,0.1302335,4
2015-04-24 03:44:00,0.1824788,2.928444,122.3535,9.3406,13.47878,9.278515,0.0123119,1.692886,0.02401622,9.115705,8.097526999999998,8.000994999999998,8.157140999999998,-2.522143,0.1304743999999999,4
2015-04-24 03:45:00,0.1823593,2.926032,122.3278,9.312093,13.47878,9.278515,0.01367989,1.766986,0.02250351,9.12633,8.124501,7.987511999999999,8.190495999999998,-2.16184,0.1303642999999999,4
2015-04-24 03:46:00,0.1824585,2.927501,122.2645,9.209206,13.47878,9.280398000000002,0.01025992,2.017784,0.0208348499999999,9.115465,8.078143,7.923396999999999,8.127112999999998,-2.161848,0.1305397,4
2015-04-24 03:47:00,0.1822421999999999,2.917639,122.2799,9.170861,13.47878,9.289814,0.005927952,1.698586,0.01052659,9.124881,8.071234999999998,7.934942,8.13156,-2.161852,0.1302113,4
2015-04-24 03:48:00,0.1823065,2.924034,122.2907,9.206395,13.47878,9.301113,0.01117191,1.715686,0.02214483,9.133345,8.085356,7.988107,8.142134,-2.101808,0.1303987,4
2015-04-24 03:49:00,0.1822118,2.91151,122.2624,9.316162,13.47878,9.301113,0.0077519379999999,1.898085,0.01539221,9.149636,8.095288999999998,8.01011,8.135033,-2.342017,0.1299608999999999,4
2015-04-24 03:50:00,0.1825517999999999,2.93819,122.3776,9.437303,13.47878,9.301113,0.0063839489999999,1.584587,0.0096532739999999,9.181509,8.149931,8.089601999999998,8.201734999999998,-2.28197,0.130798,4
2015-04-24 03:51:00,0.1827705,2.933456,122.5711,9.531344,13.47832,9.301113,-0.0011399909999999,1.652987,-0.0005302284999999,9.231089,8.215966,8.127971,8.23938,-2.221907,0.1304348999999999,4
2015-04-24 03:52:00,0.1827474,2.925309,122.5572,9.408835,13.47878,9.321821000000002,0.004787961,1.755586,0.007454386,9.25605,8.17218,8.05934,8.175017999999998,-2.161841,0.1300677,4
2015-04-24 03:53:00,0.1828915,2.933619,122.5391,9.298127,13.47786,9.323704,0.009575923,1.613087,0.01738837,9.243062,8.093868,7.97746,8.096707,-2.402049,0.1302035,4
2015-04-24 03:54:00,0.1827207999999999,2.929136,122.495,9.195494,13.47878,9.323704,0.007979936,1.521888,0.01197692,9.221108,8.015077,7.88516,8.049148,-2.642259,0.1306554,4
2015-04-24 03:55:00,0.1826738,2.935755,122.4796,9.176961,13.47694,9.323704,0.004559963,1.692886,0.007501171,9.197737,7.939121,7.814157,7.956158,-2.582213,0.1310484,4
2015-04-24 03:56:00,0.1828431,2.914,122.5027,9.227567,13.47786,9.323704,0.0036479709999999,1.675786,0.007048917,9.190655,7.895813,7.792143,7.949059,-2.822424,0.1299542999999999,4
2015-04-24 03:57:00,0.182656,2.93811,122.4058,9.251437,13.47694,9.336882,0.0093479259999999,1.858185,0.0150023399999999,9.196748,7.832283999999999,7.700186999999999,7.850743999999999,-2.702329,0.130216,4
2015-04-24 03:58:00,0.1826861999999999,2.934226,122.4294,9.101163,13.47648,9.346294,0.001595987,1.658687,0.002401622,9.175704,7.690419999999999,7.555443,7.708887,-2.822437,0.130202,4
2015-04-24 03:59:00,0.1826521999999999,2.939414,122.4252,8.952844,13.47694,9.346294,0.006383948,1.613087,0.0101835,9.134623,7.549058999999998,7.434658,7.561137999999999,-2.882493,0.131499,4
2015-04-24 04:00:00,0.1824948999999999,2.948522,122.3887,8.89222,13.47694,9.346294,0.0004559963,1.613087,-0.0007329625,9.099204,7.451005,7.351507,7.490799,-2.882496,0.1303719999999999,4
2015-04-24 04:01:00,0.1824047,2.936177,122.3582,8.942165,13.47832,9.346294,0.0118559,1.806885,0.0200707,9.077969,7.393559,7.332436999999999,7.488067,-2.882498,0.1313409,4
2015-04-24 04:02:00,0.1823794,2.93234,122.2903,9.224504,13.47832,9.346294,0.005471956,1.578887,0.0085460329999999,9.094264,7.471037,7.459666999999999,7.607443,-2.882499,0.1305167999999999,4
2015-04-24 04:03:00,0.1822868,2.914584,122.1976,9.283663,13.47878,9.346294,0.0011399909999999,1.738486,0.003041016,9.104886,7.462481999999999,7.41416,7.536377,-2.8825,0.1311205,4
2015-04-24 04:04:00,0.1820294,2.907754,122.144,9.273685,13.47878,9.346294,0.0022799819999999,1.858185,0.004647295,9.114094,7.475266999999999,7.395678,7.541343999999999,-2.8825,0.1306686,4
2015-04-24 04:05:00,0.1821324,2.917716,122.0945,9.220226,13.47878,9.346294,0.0084359329999999,1.875285,0.01518948,9.106297,7.446814,7.377169,7.510052,-2.822452,0.1302211,4
2015-04-24 04:06:00,0.1820884,2.910028,122.104,9.27297,13.47878,9.346294,0.004103967,1.567487,0.00633155,9.110548,7.475234,7.41341,7.556942,-2.882505,0.1307858,4
2015-04-24 04:07:00,0.1819523999999999,2.896024,122.016,9.282231,13.47878,9.346294,0.004103967,1.664387,0.007828665,9.120448,7.509215,7.432466,7.596606999999999,-2.882512,0.1297928,4
2015-04-24 04:08:00,0.1818471,2.911206,121.9465,9.251581,13.47878,9.346294,0.006839945,1.476288,0.009060666,9.117616000000002,7.514189,7.409015,7.592346,-2.882512,0.1302374,4
2015-04-24 04:09:00,0.1820373999999999,2.916064,121.9564,9.231624,13.47878,9.346294,0.002963976,1.801185,0.007189272,9.115492,7.498573,7.378469,7.588097,-2.882515,0.1309010999999999,4
2015-04-24 04:10:00,0.1820465,2.903161,121.9904,9.221645,13.47878,9.346294,0.005471956,1.761286,0.0076415249999999,9.108411,7.468746999999999,7.33087,7.525591999999999,-2.882515,0.1304018,4
2015-04-24 04:11:00,0.1819146,2.923192,121.9771,9.181022,13.47878,9.346294,0.007067943,1.749886,0.01150907,9.095674,7.424788999999999,7.294015,7.502240999999999,-2.882515,0.1308337,4
2015-04-24 04:12:00,0.1817706,2.932367,121.9369,9.154645,13.47878,9.346294,0.0061559509999999,1.635887,0.0129593999999999,9.089297,7.392099,7.252074999999999,7.456766,-2.882514,0.1304626999999999,4
2015-04-24 04:13:00,0.1816761,2.924298,121.9154,9.09975,13.47878,9.346294,-0.0004559963999999,1.949384,-0.0009668872,9.072297,7.324581,7.176008,7.365801,-2.882512,0.131161,4
2015-04-24 04:14:00,0.1817749999999999,2.90682,121.9279,8.889383,13.47878,9.346294,0.01048792,1.595987,0.0190882199999999,9.030499,7.163212,6.982592,7.166767,-2.882513,0.1308410999999999,4
2015-04-24 04:15:00,0.1816656,2.891229,121.9141,8.692491,13.47878,9.346294,0.005699954,1.892385,0.0100743399999999,8.987282,7.092113,6.971926,7.129086,-2.882515,0.1315348,4
2015-04-24 04:16:00,0.1817487,2.924306,121.9027,8.547010999999998,13.47878,9.334999,0.0050159599999999,1.630187,0.00759474,8.925662,7.057263,6.934221,7.104195,-2.882517,0.1305914,4
2015-04-24 04:17:00,0.1817237999999999,2.903171,121.9119,8.586088999999998,13.47878,9.325586,0.005471956,1.698586,0.009045071,8.890008,7.088263,6.92041,7.138039,-3.062678,0.1304642,4
2015-04-24 04:18:00,0.1815711,2.918417,121.8693,8.638444,13.47878,9.323704,0.0084359329999999,1.709986,0.01294381,8.861195,7.131889,6.940577,7.212231,-3.242836,0.1308710999999999,4
2015-04-24 04:19:00,0.1817479999999999,2.891708,121.8499,8.612040999999998,13.48061,9.323704,0.007523939,1.544688,0.0108073,8.836389999999998,7.118387,6.897193,7.185934,-3.002626,0.1302028,4
2015-04-24 04:20:00,0.1816417999999999,2.923062,121.9021,8.599057,13.4829,9.314291,0.003419973,1.812585,0.005894891,8.802170999999998,7.06204,6.865016,7.140259,-3.122731,0.130952,4
2015-04-24 04:21:00,0.1816243999999999,2.917513,121.874,8.672225,13.4829,9.301113,0.005471956,1.727086,0.01255393,8.78261,7.005461,6.80415,7.058088,-3.242835,0.1308805,4
2015-04-24 04:22:00,0.1816652,2.92326,121.9348,8.613756999999998,13.48382,9.295464,0.0082079349999999,1.675786,0.01409783,8.757813,6.856798,6.639774,6.898769,-3.182781,0.1313516,4
2015-04-24 04:23:00,0.1817681999999999,2.920315,121.916,8.717373999999998,13.48428,9.278515,0.008598025,1.772686,0.0132401099999999,8.735172,6.82126,6.655462,6.927255,-3.843356,0.130923,4
2015-04-24 04:24:00,0.1816742,2.897593,121.8908,8.974522999999998,13.48428,9.271737000000002,0.006611947,1.880985,0.01122836,8.755326,6.906938,6.761801,7.042074,-3.783306,0.1302058,4
2015-04-24 04:25:00,0.1818162,2.911297,121.9019,8.908184999999998,13.48428,9.258183,0.0025079799999999,1.704286,0.005333473,8.738923,6.849218,6.664215,6.948808,-3.242836,0.1303356,4
2015-04-24 04:26:00,0.1817556999999999,2.929121,121.9336,8.86395,13.48428,9.258183,0.0088919289999999,1.647287,0.01487758,8.757336999999998,6.95371,6.792929,7.038348,-3.422998,0.1307246,4
2015-04-24 04:27:00,0.1818201999999999,2.899701,121.9548,8.566354999999998,13.48428,9.237474,0.0082079349999999,1.869585,0.0163902899999999,8.708953,6.899438,6.639005,6.940697,-2.882526,0.1304093,4
2015-04-24 04:28:00,0.1817496,2.919748,121.9738,8.429577,13.48428,9.235592,-0.0002279983,1.732786,-0.0025731669999999,8.679427999999998,6.821465,6.594452,6.896164,-3.302896,0.1311292,4
2015-04-24 04:29:00,0.1816861999999999,2.909972,121.9622,8.467473,13.48428,9.229944,0.0077519379999999,1.789786,0.01342725,8.655343999999998,6.774538,6.551777,6.856358,-3.182791,0.1311471999999999,4
2015-04-24 04:30:00,0.1818673,2.906249,121.9388,8.506216,13.48428,9.213001,0.001823985,1.903785,0.004428966,8.63203,6.743404,6.54271,6.855816,-3.362947,0.130416,4
2015-04-24 04:31:00,0.1816616,2.905804,121.8792,8.684440999999998,13.48428,9.182876,0.003191974,2.285681,0.005520612,8.618183999999998,6.828423,6.701059,6.964998,-3.362947,0.1297559,4
2015-04-24 04:32:00,0.1815566999999999,2.896688,121.868,8.867698,13.48428,9.167812,0.003191975,2.137483,0.0068617779999999,8.646354,6.983301,6.811869,7.108461,-3.422996,0.1306715,4
2015-04-24 04:33:00,0.1815885999999999,2.932733,121.8289,8.772676,13.48428,9.1584,0.002051984,2.331281,0.003134585,8.652528999999998,6.976693,6.726988,7.011541,-2.882522,0.1316175,4
2015-04-24 04:34:00,0.1815769,2.902615,121.8165,8.598228,13.48428,9.145222,0.004331965,2.678978,0.0115558599999999,8.620189,6.852465,6.613379,6.924311,-2.882488,0.1309586,4
2015-04-24 04:35:00,0.1815153999999999,2.905258,121.8067,8.576069,13.48428,9.124514,0.005927952,2.946876,0.01773146,8.595915,6.862966,6.708568,6.98531,-3.06264,0.1302648999999999,4
2015-04-24 04:36:00,0.1814615,2.906092,121.7795,8.762538,13.48428,9.122631,0.0025079799999999,3.043776,0.008951502,8.618107999999998,6.960536,6.812561,7.087128,-2.882497,0.1304078999999999,4
2015-04-24 04:37:00,0.1816493,2.903845,121.7757,9.03572,13.48428,9.122631,0.0091199269999999,3.243274,0.03019182,8.669157999999998,7.074333,6.959114,7.216541999999999,-2.882497,0.1305886,4
2015-04-24 04:38:00,0.1814473,2.902261,121.7259,9.125995,13.48428,9.103806,0.001823985,3.351573,0.0079690209999999,8.704202,7.141491,7.029131,7.241028,-2.882503,0.1310345,4
2015-04-24 04:39:00,0.1815240999999999,2.904752,121.7428,9.240562,13.48428,9.100040000000002,0.0036479709999999,3.311673,0.01263191,8.772036,7.378008999999999,7.243666,7.498819,-2.882503,0.1314589999999999,4
2015-04-24 04:40:00,0.1815242,2.906208,121.7522,9.223439,13.48428,9.086480000000002,0.0088919289999999,3.260374,0.0293340999999999,8.818023999999998,7.486017,7.264278,7.577669,-2.882505,0.1304975999999999,4
2015-04-24 04:41:00,0.1814257,2.913217,121.7145,9.189575,13.48428,9.0797,0.001595987,3.345873,0.006674638,8.854471,7.58152,7.351292,7.666763,-2.882505,0.1310309,4
2015-04-24 04:42:00,0.1813616,2.916434,121.6511,9.10403,13.48428,9.0797,0.0088919289999999,3.459872,0.03176691,8.876436,7.60067,7.374001,7.673126,-2.882505,0.1315963,4
2015-04-24 04:43:00,0.1813083,2.892577,121.6365,9.050551,13.48428,9.0797,0.007067943,3.910168,0.02980195,8.893442999999998,7.592851999999999,7.378258,7.642577,-2.882506,0.1304843,4
2015-04-24 04:44:00,0.1812321,2.911558,121.6161,9.098325,13.48428,9.0797,0.01117191,4.252166,0.04767376,8.913284,7.602074,7.378241,7.624094,-2.882509,0.1313825999999999,4
2015-04-24 04:45:00,0.1814041,2.915585,121.6565,8.93716,13.48428,9.0797,0.0082079349999999,4.514364,0.0379425099999999,8.894856,7.469182,7.241025999999998,7.499024999999999,-2.882512,0.1310186,4
2015-04-24 04:46:00,0.1811721,2.877371,121.5778,8.748118,13.48428,9.0797,0.002735978,5.175559,0.01391069,8.865085,7.359683,7.160625,7.392375999999999,-2.882516,0.130365,4
2015-04-24 04:47:00,0.1813196,2.928881,121.5768,8.739014,13.48428,9.062757,0.0088919289999999,5.432056,0.04653533,8.831124,7.227521999999999,7.005657,7.275153999999999,-2.882517,0.1318854999999999,4
2015-04-24 04:48:00,0.1810587999999999,2.908222,121.5191,8.961617999999998,13.48428,9.05711,0.006383948,6.076151,0.0389093999999999,8.829017999999998,7.212614,7.05475,7.326355,-2.882519,0.1317246,4
2015-04-24 04:49:00,0.1809236999999999,2.891565,121.5028,9.228302,13.48428,9.05711,-0.001104366,6.754446,0.0266049899999999,8.867295999999998,7.261005,7.106008,7.337773999999999,-2.882518,0.1308543,4
2015-04-24 04:50:00,0.1810982999999999,2.909559,121.5191,9.365136,13.48428,9.05711,0.003419973,8.190834,0.02949005,8.899898999999998,7.3101,7.150143,7.416708,-2.882518,0.1316253,4
2015-04-24 04:51:00,0.1811319,2.891673,121.4852,9.354447,13.48428,9.05711,0.007067943,9.433424,0.06777565,8.912656,7.254648,7.067652,7.315069,-2.882516,0.1307982,4
2015-04-24 04:52:00,0.1809881,2.903383,121.4924,9.206198,13.48428,9.05711,0.0036479709999999,9.650022000000002,0.0360399299999999,8.893521,7.143732,6.928955,7.185681,-2.882515,0.1313008,4
2015-04-24 04:53:00,0.1810740999999999,2.885761,121.4467,9.150199,13.48428,9.04958,0.002051984,9.769721,0.01980559,8.882443999999998,7.116966,6.956237,7.217215,-2.882518,0.1306142,4
2015-04-24 04:54:00,0.181336,2.881982,121.4875,9.178629,13.48428,9.034519,0.006383948,9.746922,0.06256694,8.882970999999998,7.166549,6.974541,7.234801,-2.822467,0.1301545,4
2015-04-24 04:55:00,0.1810653,2.892762,121.4887,9.260612,13.48428,9.034519,0.008435932,9.90652,0.0826220399999999,8.901391,7.21411,7.027801,7.295864,-2.762418,0.1307297,4
2015-04-24 04:56:00,0.1811637,2.899213,121.5581,9.336169000000002,13.48428,9.034519,0.0093479259999999,10.02622,0.0944741999999999,8.914853,7.210517,7.0114,7.261706,-2.52221,0.1309491999999999,4
2015-04-24 04:57:00,0.1813691,2.915619,121.6062,9.211428,13.48428,9.034519,0.01025992,10.05472,0.1039246999999999,8.902806,7.182793,6.95877,7.231139,-2.282,0.1315829,4
2015-04-24 04:58:00,0.1811162,2.919279,121.5527,9.016774,13.48428,9.034519,0.0091199269999999,10.28272,0.0940687399999999,8.887214,7.140132,6.932453,7.167152,-2.402106,0.1319325,4
2015-04-24 04:59:00,0.1811692,2.885054,121.48,8.814932,13.48428,9.034519,0.009575923,9.957820000000002,0.0953007399999999,8.858166,7.106113,6.887051,7.117488,-2.282,0.1303586999999999,4
2015-04-24 05:00:00,0.1811134,2.915835,121.4802,8.671528999999998,13.48428,9.034519,0.007979936,10.63041,0.08422833,8.820605,7.011552,6.773956,7.02364,-2.161894,0.1315693,4
2015-04-24 05:01:00,0.1810783,2.892549,121.3539,8.557342999999998,13.48428,9.034519,0.01003192,12.2207,0.12228,8.781619,6.904844,6.693528,6.895596,-2.161892,0.1313925,4
2015-04-24 05:02:00,0.181808,2.946465,121.9616,8.453127999999998,13.48428,9.034519,0.0086639309999999,14.23848,0.1189583,8.744759999999998,6.783184,6.596018,6.778203,-2.041786,0.1317845,4
2015-04-24 05:03:00,0.1820537,2.924825,122.0651,8.423399,13.48428,9.032637,0.0155038799999999,17.36776,0.2574569999999999,8.705301,6.757089,6.609775,6.784839,-1.621419,0.1310900999999999,4
2015-04-24 05:04:00,0.1820136,2.93549,122.0304,8.519882,13.48428,9.021341,0.0061559509999999,21.54583,0.1352549999999999,8.682655,6.802667,6.669599,6.838952,-1.441262,0.13244,4
2015-04-24 05:05:00,0.1818780999999999,2.936743,122.0293,8.511865,13.48428,9.011929,0.0120839,24.7093,0.2984093999999999,8.656205,6.845758,6.692057,6.869236,-1.441264,0.1305579,4
2015-04-24 05:06:00,0.1820084999999999,2.911937,122.0154,8.421513,13.48428,9.004395,0.0139078899999999,27.22868,0.3760722,8.621722999999998,6.860967,6.682361,6.870215,-0.9007898,0.130507,4
2015-04-24 05:07:00,0.182042,2.922913,122.0312,8.399307,13.48428,8.98933,0.0120839,31.08185,0.3644851,8.588928,6.819571,6.629566,6.82953,-0.4804213,0.1309078999999999,4
2015-04-24 05:08:00,0.182129,2.925119,122.0536,8.333622,13.4852,8.98933,0.0180118499999999,37.5057,0.6743723999999999,8.565532,6.769787,6.586886,6.778326,0.1201053,0.1308207,4
2015-04-24 05:09:00,0.1821569,2.918488,122.0619,8.307556,13.48657,8.9818,0.0139078899999999,42.06566,0.5830796,8.542417999999998,6.829223,6.636389,6.849142,0.6605786,0.1306925999999999,4
2015-04-24 05:10:00,0.1818365999999999,2.922716,122.0591,8.361729999999998,13.48841,8.966739999999998,0.0232558099999999,45.12654,1.047045,8.516,6.883816,6.693846,6.964192,1.261104,0.1313375,4
2015-04-24 05:11:00,0.1818136999999999,2.919362,122.1154,8.617644999999998,13.48933,8.953562,0.02963976,48.47241,1.434673,8.527630999999998,7.020665,6.799442,7.096755,1.741523,0.1304703,4
2015-04-24 05:12:00,0.1816589,2.94294,122.0943,8.724536,13.48933,8.944148999999998,0.02576379,52.36548,1.355435,8.544448,7.043932,6.831255,7.090153,2.822468,0.1320178999999999,4
2015-04-24 05:13:00,0.1817190999999999,2.929869,122.0754,8.700991,13.48978,8.944148999999998,0.0243957999999999,55.85385,1.358897,8.565011999999998,7.074511,6.871094,7.117886,3.002626,0.1316658,4
2015-04-24 05:14:00,0.1815765,2.921997,122.0471,8.69144,13.48978,8.942453999999998,0.03237574,57.34154,1.853039,8.585999,7.095526,6.878598,7.131076,4.143627,0.1311864,4
2015-04-24 05:15:00,0.1815958,2.926781,122.0302,8.581436999999998,13.48978,8.923816999999998,0.0378476999999999,111.6735,4.162308,8.563081,7.007054,6.805023,7.042614,4.684104,0.1313072999999999,4
2015-04-24 05:16:00,0.4319072999999999,1.254992,121.991,8.437960999999998,13.48978,8.923816999999998,0.03214774,203.8247,6.391544,8.544641,6.893237,6.664829,6.916,5.704998,0.0514505099999999,4
2015-04-24 05:17:00,0.3356319999999999,1.253739,121.9838,8.374276999999998,13.48933,8.914403999999998,0.02872777,205.9165,5.641738,8.524583,6.814058,6.645405,6.841094,6.245472,0.0552226899999999,4
2015-04-24 05:18:00,0.5252227,0.3877448,121.9896,8.376801,13.48978,8.901225999999998,0.0300957599999999,183.6411,5.220207,8.51566,6.779537,6.651444,6.822226,7.386475,0.01488371,4
2015-04-24 05:19:00,0.5376129,-0.6790241999999999,122.0162,8.47748,13.48978,8.901225999999998,0.0437756499999999,158.966,6.959091,8.532691,6.805206,6.685663,6.838644,8.527481,-0.01033331,4
2015-04-24 05:20:00,0.5289789999999999,-0.679871,121.9743,8.463566999999998,13.48978,8.888042999999998,0.04582763,159.0059,7.286289,8.537224,6.811157,6.663858,6.872339,9.788595,-0.01093948,4
2015-04-24 05:21:00,0.5308874999999998,-0.3059812,121.9735,8.626153,13.48978,8.878628,0.05084359,158.8748,8.078449,8.576017999999998,6.948225,6.820887,7.017929,11.10976,-0.0051131919999999,4
2015-04-24 05:22:00,0.5277863,0.2142739999999999,122.0261,8.481263,13.48978,8.878628,0.05335157,159.0914,8.4912,8.599420999999998,6.899153,6.666485,6.899154,11.89047,0.0027571829999999,4
2015-04-24 05:23:00,0.5226887,0.7521124,122.2105,8.302068,13.48978,8.878628,0.0554035599999999,159.0629,8.81216,8.605803,6.814502,6.626637,6.861456,12.67117,0.01108897,4
2015-04-24 05:24:00,0.5261976999999999,1.198477,122.1735,8.304776999999998,13.48978,8.869215,0.06497948,158.9546,10.32971,8.61269,6.763042,6.558073,6.794349,13.75214,0.0180305499999999,4
2015-04-24 05:25:00,0.5301181999999999,1.557127,122.1897,8.219194,13.48978,8.85792,0.0638394899999999,158.7095,10.13096,8.619115,6.659886,6.459148,6.698316,14.95321,0.02269542,4
2015-04-24 05:26:00,0.5245575999999998,1.970582,122.2574,8.226594999999998,13.48978,8.856037,0.0645234799999999,159.0458,10.26159,8.647721,6.634518,6.450859,6.698568,16.21433,0.02957014,4
2015-04-24 05:27:00,0.5145819999999999,2.535804,122.2842,8.345853,13.48978,8.856037,0.0725034299999999,158.9147,11.52345,8.691677999999998,6.622421,6.44303,6.692166,17.41539,0.0385624899999999,4
2015-04-24 05:28:00,0.513291,3.188873,122.2846,8.573565,13.48978,8.856037,0.07660738,158.6696,12.15603,8.758318,6.727112,6.591884,6.870116,18.7966,0.04908209,4
2015-04-24 05:29:00,0.5203752999999999,4.04641,122.3042,9.099282,13.48933,8.856037,0.0759233899999999,159.0287,12.07277,8.872427999999998,6.943402,6.85448,7.106255,20.41803,0.0615643999999999,4
2015-04-24 05:30:00,0.5256534,5.019525,122.3044,9.44894,13.48703,8.863567,0.0782033699999999,158.7494,12.41611,9.006087,7.128734,7.014955,7.236089,22.33969,0.07546326,4
2015-04-24 05:31:00,0.5230371,5.556963,122.2317,9.140403,13.48428,8.878628,0.09051528,158.7038,14.36516,9.089862,7.177969,7.018684,7.234842,23.90106,0.08452642,4
2015-04-24 05:32:00,0.5166772,5.705438,122.1906,8.731705,13.48428,8.884277,0.0925672599999999,159.023,14.72037,9.137301,7.126759,6.942565,7.172264,25.34234,0.08757204,4
2015-04-24 05:33:00,0.5045789,6.081147,122.1796,8.690155,13.48428,8.901225999999998,0.09598723,158.9774,15.26114,9.20807,7.103235,6.920455,7.189976,26.84367,0.09639087,4
2015-04-24 05:34:00,0.4956500999999999,6.65167,122.2165,8.839334,13.48428,8.916285999999998,0.09735522,158.7437,15.45615,9.293248,7.145977,7.0009,7.251203,28.22492,0.107154,4
2015-04-24 05:35:00,0.4973755,7.325096,122.1401,9.028922,13.48428,8.933982999999998,0.1030552,158.8805,16.37304,9.385281,7.185774,7.0592,7.273932,29.48603,0.1169575999999999,4
2015-04-24 05:36:00,0.4999669999999999,7.811054,122.0858,9.081871,13.48428,8.944148999999998,0.1055632,158.6867,16.75066,9.478271,7.188144,7.035966,7.246443,31.04749,0.1250125,4
2015-04-24 05:37:00,0.4919643,8.060686,122.0608,8.871449,13.48245,8.970505,0.1103510999999999,159.1028,17.55784,9.563342,7.146351,6.984917,7.16555,32.36866,0.1311512,4
2015-04-24 05:38:00,0.489132,8.404218,122.146,8.600362,13.47969,8.991213999999998,0.120155,158.8406,19.08668,9.622209,7.086885,6.975231,7.103951,33.62978,0.1369750999999999,4
2015-04-24 05:39:00,0.4837458,8.902763999999998,122.1547,8.463513,13.47878,9.021341,0.1171911,158.8691,18.62028,9.680604,7.060947,7.034635,7.08157,34.65068,0.1473759,4
2015-04-24 05:40:00,0.4817361,9.421283,122.139,8.466198999999998,13.47878,9.038284,0.124943,158.6696,19.82338,9.754831,7.020356,7.020356,7.055914,35.49139,0.1563713999999999,4
2015-04-24 05:41:00,0.4846884,10.01905,122.1341,8.492325,13.47786,9.066523,0.125171,158.6696,19.85945,9.842454,7.011716,7.041585,7.081408,36.63228,0.1649012,4
2015-04-24 05:42:00,0.4880602,10.79874,122.2042,8.537388,13.47373,9.095143,0.130643,158.9375,20.76566,9.926206,7.061054,7.051808,7.145671,37.71286,0.1765122,4
2015-04-24 05:43:00,0.4908574,11.31157,122.2526,8.594411,13.47327,9.120749,0.1363428999999999,158.9204,21.66588,10.01473,7.085291,7.056845,7.175595,38.55363,0.1835563,4
2015-04-24 05:44:00,0.4901194999999999,11.70046,122.2155,8.644465,13.47327,9.156517,0.1354308999999999,158.9432,21.52844,10.09785,7.173729,7.162352,7.27895,39.81483,0.1910129,4
2015-04-24 05:45:00,0.4905999999999999,12.09957,122.205,8.780511,13.47235,9.205469,0.1406748999999999,159.0059,22.36785,10.2068,7.268366,7.232109,7.357222,41.0159,0.1969016,4
2015-04-24 05:46:00,0.4894309,12.48145,122.1137,8.829865,13.47144,9.24124,0.1429549,158.6297,22.6785,10.33438,7.302135,7.263035999999999,7.390984999999999,42.39715,0.204126,4
2015-04-24 05:47:00,0.4899926,12.92214,122.1526,8.664194999999998,13.46915,9.271737000000002,0.1541268,158.6468,24.45313,10.42697,7.317872,7.288016,7.397477,43.53815,0.2106427999999999,4
2015-04-24 05:48:00,0.4891503999999999,14.00157,122.1348,8.572917,13.46823,9.312408,0.1459187999999999,164.5349,24.00209,10.49931,7.364432,7.34382,7.476715,44.61909,0.2289998,4
2015-04-24 05:49:00,0.5216450999999999,18.85331,122.209,8.640181,13.46777,9.342529,0.1493387999999999,196.2038,29.3171,10.58024,7.418095,7.392509,7.528946999999999,45.63997,0.286308,4
2015-04-24 05:50:00,0.5549832999999998,22.38461,122.1402,8.667428,13.46777,9.378301,0.1456908,231.5036,33.66533,10.65902,7.457529,7.434788,7.557716,46.841,0.3228830999999999,4
2015-04-24 05:51:00,0.551614,20.95997,122.1332,8.686331,13.46685,9.417839,0.123119,266.2163,32.67911,10.76907,7.490825,7.452452,7.588165,47.32144,0.3058428,4
2015-04-24 05:52:00,0.5483411,21.76822,122.1608,8.66512,13.46502,9.44796,0.120839,266.1992,31.9784,10.86124,7.516086999999998,7.480559,7.610579999999999,48.52251,0.3152075999999999,4
2015-04-24 05:53:00,0.5579334,24.81843,122.1699,8.780573,13.46227,9.485618,0.1573187,232.8374,36.56487,10.93344,7.566594,7.538883,7.659661,49.84372,0.3573007,4
2015-04-24 05:54:00,0.5412582,24.53691,122.1755,8.869811,13.46227,9.513481,0.1570907,224.1564,35.21237,10.99161,7.605176,7.571783,7.691135,50.98474,0.3652757999999999,4
2015-04-24 05:55:00,0.5404893,25.06389,122.1687,8.899674,13.46227,9.551132,0.1616507,224.2989,36.25829,11.05593,7.650113,7.598251999999999,7.715464,51.94559,0.3726472,4
2015-04-24 05:56:00,0.5377211,25.88184,122.1846,8.815457,13.46227,9.58314,0.1705425999999999,224.3217,38.25805,11.09278,7.656678999999999,7.591321,7.686512999999999,53.02654,0.3864083999999999,4
2015-04-24 05:57:00,0.5457889,27.62138,122.189,8.712104999999998,13.46227,9.603851,0.1769265999999999,223.9569,39.62666,11.06465,7.685385,7.649158,7.732262,58.19104,0.4045989999999999,4
2015-04-24 05:58:00,0.5550756,29.26772,122.201,8.720428,13.46227,9.63209,0.1808025,224.2818,40.55352,11.06316,7.746419,7.718009999999999,7.798972,64.19629,0.4232892999999999,4
2015-04-24 05:59:00,0.5463653,30.66372,122.1763,8.801957,13.46227,9.662211,0.1935704,224.202,43.39946,11.12284,7.816398999999999,7.804327,7.895215999999999,70.38162,0.4532104,4
2015-04-24 06:00:00,0.5431679,31.52405,122.0819,8.964385,13.46227,9.684809,0.1967624,224.2818,44.12945,11.24768,7.883096,7.862504999999999,7.974681999999999,73.6845,0.465526,4
2015-04-24 06:01:00,0.5500091999999999,32.24371,121.9993,9.029943,13.46227,9.716812,0.2047423999999999,224.1735,45.8974,11.3861,7.923002,7.916612,8.016002,74.10398999999998,0.4720975,4
2015-04-24 06:02:00,0.5404617999999999,32.84358,122.0215,9.032649,13.46181,9.750135,0.2090742999999999,224.1051,46.85562,11.49618,7.967087,7.955727,8.05156,73.86369999999998,0.4887292999999999,4
2015-04-24 06:03:00,0.539927,33.63466,121.9861,9.000712,13.46135,9.776686,0.2022344,224.1051,45.32172,11.53968,8.024846999999998,8.013489,8.105769,74.2243,0.5010451,4
2015-04-24 06:04:00,0.5398521,34.23711,121.9651,8.993793999999998,13.45814,9.806807,0.2083903,224.1165,46.70279,11.5852,8.057909,8.04584,8.135985,73.14336,0.5103986,4
2015-04-24 06:05:00,0.5400637,35.1958,121.9803,9.010827,13.45768,9.84446,0.2202462,224.0709,49.35181,11.60369,8.126919,8.104207,8.190792999999998,73.38275,0.5240793999999999,4
2015-04-24 06:06:00,0.5430086,36.37915,122.0543,9.045634,13.45676,9.861408,0.2200183,223.9569,49.27417,11.56486,8.219875999999998,8.195748,8.297929,75.84488,0.5375478999999999,4
2015-04-24 06:07:00,0.5446994,37.10388,122.0777,9.058489,13.45676,9.893412,0.2197901999999999,224.2704,49.29152,11.51347,8.315222999999998,8.253496999999998,8.369137999999998,74.46393999999998,0.5471012,4
2015-04-24 06:08:00,0.5514164,39.30685,122.0904,8.9875,13.45676,9.912237,0.2378020999999999,224.43,53.36975,11.51108,8.35468,8.309984999999998,8.412846999999998,81.91035999999998,0.5713983999999999,4
2015-04-24 06:09:00,0.5785194,43.38984,122.1195,9.001327,13.45676,9.936713,0.2585499,224.0253,57.92247,11.57848,8.416828,8.431722,8.531722,101.7276,0.5990997999999998,4
2015-04-24 06:10:00,0.5971716999999999,46.15907,122.1114,9.075341000000002,13.4563,9.953661,0.2690377999999999,224.2191,60.32309,11.70323,8.500484,8.569271,8.660029,115.1788,0.6222098,4
2015-04-24 06:11:00,0.6043532,47.85814,122.1238,9.256875,13.45493,9.981899,0.2834016999999999,223.974,63.47482,11.88714,8.622375,8.730137,8.820869,120.1622,0.6364319,4
2015-04-24 06:12:00,0.6086133999999999,49.58471,122.1737,9.410274,13.45447,10.01767,0.2902416999999999,223.9569,65.00119,12.11158,8.749675,8.887888,8.960879,125.6271,0.6563065999999999,4
2015-04-24 06:13:00,0.6126329999999999,51.05548,122.1079,9.591412,13.45126,10.05344,0.2943455999999999,224.3559,66.03715,12.31906,8.896784999999998,9.070386,9.122102000000002,129.2908,0.6705039,4
2015-04-24 06:14:00,0.6216323,52.49631,121.9977,9.543062,13.45126,10.10051,0.2989055999999999,224.1222,66.98907,12.47362,9.014806,9.182703,9.221659,132.2335,0.6800441999999999,4
2015-04-24 06:15:00,0.62848,53.80411,122.0107,9.468604,13.45126,10.14569,0.3068855999999999,224.2533,68.82109,12.57983,9.130212,9.313651,9.33702,134.8761,0.6899946,4
2015-04-24 06:16:00,0.6352801,55.18009,121.9487,9.587655,13.45126,10.19841,0.3144095,223.917,70.40043,12.75672,9.253888000000002,9.462055,9.469842000000002,137.398,0.7001908,4
2015-04-24 06:17:00,0.6414661,56.52069,122.0042,9.743512,13.44942,10.24736,0.3221613999999999,224.0937,72.19466,12.84543,9.408458,9.623633000000002,9.620803,139.5595,0.7100446,4
2015-04-24 06:18:00,0.647043,57.78562,122.0175,9.869817,13.44575,10.30384,0.3360693,220.9929,74.25767,13.01342,9.545718,9.758007,9.763667000000002,143.1014,0.720566,4
2015-04-24 06:19:00,0.6517619,59.00193,122.1036,9.929443,13.44529,10.35844,0.3401733,221.808,75.44817,13.21673,9.655593,9.860765,9.869253,145.7424,0.7294823999999999,4
2015-04-24 06:20:00,0.6528998,58.88753,122.0913,9.920444,13.44392,10.42057,0.3278614,225.9576,74.08535999999998,13.35367,9.73479,9.928613,9.92437,138.4749,0.727488,4
2015-04-24 06:21:00,0.6801620999999999,63.17509,122.0189,9.901488,13.44025,10.4827,0.3381213,232.3472,78.56502999999998,13.45547,9.81681,10.03959,10.00919,145.2595,0.7466928,4
2015-04-24 06:22:00,0.7004049,65.43449,122.4737,9.883006,13.44025,10.54106,0.3461013,236.3999,81.81586,13.55929,9.897145,10.1192,10.08738,149.163,0.7498133,4
2015-04-24 06:23:00,0.7143690999999999,67.5214,122.4596,9.863788,13.44025,10.60507,0.3561330999999999,237.4658,84.55491999999998,13.71006,9.967584,10.22001,10.16275,152.6461,0.7614066999999999,4
2015-04-24 06:24:00,0.7172562999999998,68.60702,122.4279,9.976296,13.44025,10.66909,0.3641131,235.1516,85.62914,13.9,10.06491,10.34909,10.27347,155.468,0.7713275,4
2015-04-24 06:25:00,0.7087976,67.16917,122.4691,10.06744,13.4375,10.7331,0.3636571,235.1516,85.50851,13.99097,10.15304,10.40749,10.3241,148.2619,0.7644241,4
2015-04-24 06:26:00,0.7017394,65.88793,122.4247,10.10741,13.43475,10.79146,0.3433651999999999,236.7647,81.29529999999998,13.9667,10.20867,10.43835,10.36699,139.1924,0.7575773999999998,4
2015-04-24 06:27:00,0.6922544,64.71387,122.525,10.11399,13.43475,10.87619,0.3454171999999999,236.5253,81.70153999999998,13.95263,10.26664,10.48781,10.40232,133.9676,0.7513642999999999,4
2015-04-24 06:28:00,0.7134361,66.68889,122.5348,10.15654,13.43475,10.93643,0.3440492,242.9662,83.58898,13.93529,10.30717,10.52762,10.43083,133.9053,0.7512086,4
2015-04-24 06:29:00,0.7535747999999999,72.90639,122.5666,10.18862,13.42924,10.98764,0.3693569999999999,249.9715,92.32541,13.95251,10.35774,10.59371,10.49622,145.3739,0.7743409,4
2015-04-24 06:30:00,0.7841945,76.63422,122.5609,10.2376,13.42924,11.04224,0.3878248999999999,244.528,94.81848,13.95417,10.44773,10.70625,10.60314,156.3601,0.7857741999999999,4
2015-04-24 06:31:00,0.8135291,82.24464999999998,122.4659,10.3016,13.42878,11.08554,0.4172367,242.6528,101.2462,14.04843,10.5476,10.84137,10.71569,168.6693,0.811794,4
2015-04-24 06:32:00,0.8503264999999999,89.0536,122.4419,10.3444,13.42924,11.13826,0.4388965,243.1486,106.7269,14.19284,10.69428,11.04232,10.91033,183.4979,0.8415264,4
2015-04-24 06:33:00,0.8831486,93.22044,122.4756,10.48359,13.42833,11.197,0.4539444,245.6053,111.495,14.43213,10.86674,11.23584,11.08555,189.7426,0.8525401999999999,4
2015-04-24 06:34:00,0.8923624,95.12428000000001,122.5677,10.43541,13.42741,11.24971,0.4724122,244.5907,115.5713,14.60995,10.98796,11.35344,11.18626,191.9014,0.8578945,4
2015-04-24 06:35:00,0.9301865,97.05875,122.6264,10.4213,13.4242,11.31373,0.4619243,252.3655,116.5727,14.77368,11.10846,11.47879,11.30671,190.7003,0.8408014999999999,4
2015-04-24 06:36:00,0.9586852,101.5215,122.6262,10.30761,13.42374,11.37341,0.4772002,254.9874,121.6505,14.87895,11.18229,11.56804,11.36286,193.7604,0.8503606,4
2015-04-24 06:37:00,0.9755943,103.452,122.7274,10.40448,13.42374,11.4346,0.504104,245.6053,123.7655,15.10985,11.32038,11.7455,11.49668,201.025,0.8546679999999999,4
2015-04-24 06:38:00,1.007871,107.9216,122.7125,10.51484,13.4219,11.49861,0.5214319,244.2829,127.3738,15.144,11.44999,11.86372,11.62835,209.9082,0.8611725,4
2015-04-24 06:39:00,1.033741,111.8282,122.6742,10.61749,13.42007,11.56488,0.5508435999999999,240.635,132.5225,15.24407,11.58676,12.02856,11.77424,216.9921,0.8743448,4
2015-04-24 06:40:00,0.9868169,105.9952,122.638,10.7103,13.41824,11.62701,0.5316916999999999,233.738,124.2845,15.35049,11.71302,12.12372,11.87086,207.8025,0.8748189,4
2015-04-24 06:41:00,0.9190863,97.27966,122.5656,10.79639,13.41808,11.69309,0.5091198999999998,225.5016,114.8038,15.30489,11.74879,12.14609,11.87985,190.9301,0.8588417,4
2015-04-24 06:42:00,0.9064867,96.08817,122.5539,10.77397,13.41778,11.75729,0.4933881,228.5397,112.7597,15.24279,11.7686,12.16871,11.89331,183.4833,0.8591256,4
2015-04-24 06:43:00,0.9018414,96.67602,122.5854,10.7937,13.41766,11.81528,0.5111719,228.0324,116.559,15.28634,11.81037,12.18299,11.9231,181.6214,0.8599946,4
2015-04-24 06:44:00,0.9497926,102.078,122.7086,10.63166,13.41742,11.87628,0.5155039,232.0679,119.6112,15.26851,11.81923,12.1679,11.88123,189.9657,0.8699902999999999,4
2015-04-24 06:45:00,0.9691005,106.7016,122.7221,10.51941,13.41501,11.93446,0.5469676,230.5974,126.0529,15.19321,11.79005,12.13942,11.83867,193.6869,0.8785536,4
2015-04-24 06:46:00,1.159517,132.0243,122.7756,10.5383,13.41209,11.98585,0.6481987999999999,236.246,153.1521,15.16296,11.90346,12.34495,12.00982,241.0563,0.9085958,4
2015-04-24 06:47:00,1.243662,141.8019,122.7368,10.61441,13.41129,12.03198,0.6723666,242.0999,162.7808,15.28927,12.09679,12.52826,12.16438,252.0416,0.9175103,4
2015-04-24 06:48:00,1.291689,147.6963,122.7518,10.74605,13.41094,12.08601,0.6944825,243.5704,169.1549,15.41781,12.32891,12.78691,12.43166,259.0042,0.920723,4
2015-04-24 06:49:00,1.298879,146.2573,122.7366,10.87644,13.41062,12.14023,0.6687186,250.2166,167.34,15.63463,12.53229,12.95426,12.58365,248.8556,0.9085939,4
2015-04-24 06:50:00,1.361524,153.6977,122.7115,11.07518,13.4104,12.19182,0.6812584999999999,255.3408,173.9322,15.75717,12.6985,13.15687,12.77093,252.0961,0.9091796,4
2015-04-24 06:51:00,1.48789,171.2978,122.7971,11.2682,13.40689,12.25056,0.7621978999999999,256.9197,195.8675,15.77582,12.89503,13.41154,12.98783,280.1909,0.9206775,4
2015-04-24 06:52:00,1.588162,182.8471,122.8339,11.16914,13.40445,12.30196,0.8032376,260.0205,208.8169,15.83602,13.08836,13.68262,13.24718,294.7184,0.9264812,4
2015-04-24 06:53:00,1.711629,198.9443,122.8767,11.27129,13.40422,12.35072,0.8367533,266.3304,222.862,16.08841,13.39559,14.03577,13.55781,315.1279,0.9332498,4
2015-04-24 06:54:00,1.77969,206.5733,122.9427,11.32359,13.4041,12.40645,0.8618331,269.2544,232.0422,16.3993,13.70607,14.3739,13.8717,322.631,0.9359457,4
2015-04-24 06:55:00,1.833127,213.3635,123.0176,11.38612,13.40343,12.4603,0.8882809,269.7845,239.635,16.53693,13.92881,14.62011,14.11751,330.0724,0.9374463,4
2015-04-24 06:56:00,1.886137,219.5964,123.0125,11.52245,13.40199,12.52054,0.9154127,268.16,245.4756,16.86523,14.29112,15.04984,14.51262,337.3957,0.9380534,4
2015-04-24 06:57:00,1.917876,223.0093,123.0417,11.69234,13.39905,12.57683,0.9290926,267.818,248.8117,17.20764,14.64578,15.43824,14.86923,340.3943,0.9383481,4
2015-04-24 06:58:00,1.958188,228.5284,123.0451,11.73608,13.3981,12.64104,0.9461924,268.5876,254.1352,17.46218,14.93595,15.63566,15.13546,345.9769,0.9396255,4
2015-04-24 06:59:00,1.979983,230.4363,123.0651,11.56585,13.39472,12.70053,0.9327405,275.1881,256.6632,17.47371,15.01407,15.71367,15.21495,349.5758,0.941241,4
2015-04-24 07:00:00,2.036779,238.7264,123.016,11.58652,13.39241,12.77282,0.9856362,270.0296,266.1275,17.64003,15.2295,16.07133,15.46526,356.1192,0.9422808,4
2015-04-24 07:01:00,2.101164,245.7413,123.0045,11.622,13.39227,12.83872,1.018924,267.7268,272.7836,17.86217,15.46939,16.30387,15.70086,365.8416,0.9432213,4
2015-04-24 07:02:00,2.124198,247.8759,123.1551,11.80972,13.39227,12.90499,1.014592,271.5857,275.5419,18.16575,15.79751,16.66983,16.03093,368.0028,0.9432157,4
2015-04-24 07:03:00,2.055502,239.504,123.0351,11.85132,13.39078,12.97974,0.991792,270.0638,267.8713,18.40649,15.95213,16.7509,16.10652,351.7911,0.9420681,4
2015-04-24 07:04:00,2.154822,252.8143,123.0311,11.74405,13.38894,13.04958,1.044004,269.5508,281.3945,18.55893,16.06274,16.93735,16.2632,369.0799,0.9447615,4
2015-04-24 07:05:00,2.219875,261.031,123.0727,11.66471,13.38656,13.11962,1.087323,266.2505,289.507,18.67508,16.19291,17.14669,16.47845,380.3591,0.9465587,4
2015-04-24 07:06:00,2.256776,264.6769,123.0472,11.80751,13.38472,13.19342,1.098495,267.5273,293.8679,19.00713,16.51549,17.57593,16.77506,384.4411,0.9473113,4
2015-04-24 07:07:00,2.284154,268.3268,123.0981,11.85505,13.38145,13.26628,1.096899,268.9295,294.934,19.23881,16.64857,17.63906,16.88156,387.6218,0.9478872,4
2015-04-24 07:08:00,2.306159,271.1637,123.1602,11.87178,13.38097,13.3367,1.122207,267.0486,299.6524,19.47631,16.82036,17.88918,17.0205,390.3217,0.9481764,4
2015-04-24 07:09:00,2.328495,273.5325,123.2076,11.89371,13.38001,13.40805,1.110579,272.7656,302.8854,19.73264,17.10178,18.21104,17.40005,392.2979,0.9486697,4
2015-04-24 07:10:00,2.348166,276.8627,123.2545,11.94341,13.37587,13.48166,1.128819,271.2779,306.159,20.09519,17.40211,18.54478,17.61039,393.9789,0.9489759,4
2015-04-24 07:11:00,2.38146,280.6083,123.2807,12.01076,13.37538,13.54888,1.146603,269.3114,308.7551,20.41324,17.61177,18.74705,17.78167,395.7198,0.9493606,4
2015-04-24 07:12:00,2.392926,280.94,123.2479,12.10904,13.37537,13.62212,1.174875,264.5919,310.8613,20.70966,17.77557,18.92576,18.02613,394.7576,0.9482928,4
2015-04-24 07:13:00,2.377614,278.6648,123.2032,12.25278,13.37076,13.68839,1.165299,263.5488,307.1125,20.97411,17.98598,19.19812,18.19887,390.0117,0.9474896,4
2015-04-24 07:14:00,2.222608,259.531,123.0875,12.40957,13.36983,13.76558,1.101003,261.9072,288.3315,21.30919,18.11595,19.25763,18.26061,361.8562,0.9459789,4
2015-04-24 07:15:00,2.275209,267.3808,123.1237,12.38385,13.36981,13.85218,1.136343,261.8673,297.5711,21.4198,18.06808,19.11265,18.16407,370.9784,0.9463649,4
2015-04-24 07:16:00,2.298173,270.4846,123.1115,12.25973,13.3698,13.9177,1.134975,264.3981,300.1027,21.48636,17.9396,19.0122,18.05162,368.8157,0.9474676,4
2015-04-24 07:17:00,2.159629,251.7358,123.012,12.27108,13.36887,13.98265,1.041724,265.8687,276.9267,21.46185,17.93581,19.0334,18.07635,346.2435,0.9435943,4
2015-04-24 07:18:00,1.767882,201.6632,122.7817,12.37988,13.36519,14.04591,0.8506612,268.4109,228.2968,21.34452,17.6387,18.66886,17.68532,275.8892,0.9331715,4
2015-04-24 07:19:00,1.834247,211.2002,122.6671,12.43343,13.36381,14.10352,0.869585,274.5611,238.7467,21.13035,17.38876,18.40138,17.41173,288.074,0.9371183,4
2015-04-24 07:20:00,1.812422,209.6444,122.7218,12.41291,13.3615,14.15793,0.877337,268.844,235.7858,20.94702,17.12096,18.114,17.10352,282.4304,0.936159,4
2015-04-24 07:21:00,2.085574,243.4876,122.7477,12.43084,13.35966,14.21536,1.057684,258.3162,273.0459,20.85851,17.05471,18.10913,17.1035,322.7684,0.942092,4
2015-04-24 07:22:00,2.101329,245.2139,122.8745,12.495,13.35874,14.26092,1.039444,260.2257,270.4464,20.77539,17.20802,18.22594,17.38502,327.6297,0.9427853,4
2015-04-24 07:23:00,1.969527,228.0499,122.7667,12.59798,13.35873,14.30215,0.9699042,263.4006,255.3719,20.787,17.28523,18.29602,17.4406,299.5363,0.9394727,4
2015-04-24 07:24:00,2.296084,269.1772,122.9427,12.65354,13.35873,14.35035,1.139307,262.8534,299.6866,20.794,17.3838,18.38111,17.56211,347.9174,0.9473724,4
2015-04-24 07:25:00,2.498885,292.3637,123.0589,12.69763,13.35873,14.39214,1.219334,263.8224,321.6612,20.89534,17.67461,18.81096,17.83888,378.531,0.9494164,4
2015-04-24 07:26:00,2.487788,290.8222,123.0615,12.69198,13.35872,14.43375,1.225718,262.0155,321.152,21.09128,17.92961,18.98829,18.08824,375.948,0.9491031,4
2015-04-24 07:27:00,2.251493,263.3325,123.0161,12.64223,13.35734,14.46952,1.098267,264.2271,290.1961,21.13209,18.0368,19.07513,18.16548,342.5128,0.945784,4
2015-04-24 07:28:00,1.902345,220.1263,122.8361,12.70953,13.3555,14.51753,0.9413752,260.1549,244.9063,21.18221,18.02045,19.14142,18.20131,288.7278,0.9367664,4
2015-04-24 07:29:00,2.39496,279.6896,122.9687,12.84417,13.35367,14.55368,1.179622,264.218,311.7813,21.40516,18.23092,19.33752,18.45131,349.4145,0.9479014,4
2015-04-24 07:30:00,2.744994,323.7159,123.1847,12.94242,13.3532,14.59811,1.355412,263.6271,357.3265,21.61937,18.66178,19.81465,18.82298,411.0606,0.9537323,4
2015-04-24 07:31:00,2.801366,331.7666,123.1486,12.94016,13.35229,14.63746,1.396675,261.3409,365.0679,21.68301,18.84671,19.88617,18.94533,421.265,0.9548406,4
2015-04-24 07:32:00,2.639581,312.6938,123.1191,13.03804,13.35045,14.67926,1.278086,267.1419,341.397,21.81998,19.07483,20.26201,19.21783,403.5565,0.9521768,4
2015-04-24 07:33:00,1.510726,171.8853,122.5882,13.02567,13.34816,14.72614,0.7240790999999999,268.7197,194.5136,21.85851,18.68643,19.62149,18.66142,235.3029,0.9206011,4
2015-04-24 07:34:00,1.184056,129.8507,122.3587,13.01761,13.34769,14.76944,0.563567,269.4612,151.9119,21.70811,18.1188,19.15133,18.0861,183.32,0.8953191999999999,4
2015-04-24 07:35:00,1.124634,121.6645,122.2395,13.02354,13.34769,14.81199,0.5380310999999999,268.2692,144.1717,21.42404,17.55976,18.47743,17.57439,167.1729,0.8803321,4
2015-04-24 07:36:00,1.568557,179.7647,122.4024,13.05059,13.34769,14.84174,0.7833255,263.2439,206.3299,21.26952,17.38247,18.42489,17.46745,232.5407,0.924902,4
2015-04-24 07:37:00,2.23499,259.9326,122.6656,13.00393,13.34769,14.88052,1.088591,267.1436,290.973,21.12257,17.4134,18.48841,17.53945,322.8196,0.9455104,4
2015-04-24 07:38:00,2.624068,308.6134,122.8882,13.00286,13.34769,14.9161,1.259136,270.419,340.469,21.12525,17.68488,18.84266,17.86306,387.527,0.9512105,4
2015-04-24 07:39:00,2.489741,291.6095,122.8599,13.14257,13.34769,14.94472,1.176372,273.5179,321.763,21.28293,18.05094,19.24607,18.25681,373.1206,0.9497228,4
2015-04-24 07:40:00,2.687538,317.3201,122.9129,13.34203,13.34769,14.98011,1.300376,269.9181,350.7956,21.58419,18.45968,19.70106,18.70984,396.2904,0.9531836,4
2015-04-24 07:41:00,2.99741,356.25,123.0762,13.51309,13.34723,15.01325,1.451308,270.1768,392.0792,22.02626,19.12681,20.3658,19.42315,445.6315,0.9568914,4
2015-04-24 07:42:00,3.041857,360.4371,123.1566,13.58327,13.34494,15.04657,1.468195,269.3021,395.381,22.3971,19.58657,20.8237,19.76825,451.3339,0.9573244,4
2015-04-24 07:43:00,3.025845,357.1886,123.1622,13.69447,13.34219,15.09119,1.460178,268.138,391.4982,22.82123,20.08047,21.2845,20.19685,448.8128,0.9567761,4
2015-04-24 07:44:00,2.847974,336.3857,123.0515,13.56355,13.34219,15.12471,1.394256,264.6829,369.0565,22.92971,20.0913,21.16256,20.09545,424.4424,0.9550605,4
2015-04-24 07:45:00,2.639158,309.5314,122.9149,13.6191,13.33943,15.17234,1.312865,260.4644,341.9431,22.96557,20.04215,21.21029,20.05392,390.8875,0.9515877,4
2015-04-24 07:46:00,2.941282,347.1539,123.0083,13.76796,13.33806,15.21583,1.434138,264.6864,379.5741,23.13919,20.34216,21.6995,20.51799,436.9867,0.9559804,4
2015-04-24 07:47:00,2.752469,325.0479,122.9863,13.91095,13.33668,15.25913,1.356825,263.5688,357.613,23.45024,20.59202,21.88449,20.67506,409.0745,0.9540735,4
2015-04-24 07:48:00,2.7267,320.9149,122.9751,13.81413,13.33622,15.3013,1.312351,268.4768,352.3219,23.50275,20.54448,21.72661,20.60606,405.4728,0.9532108,4
2015-04-24 07:49:00,3.072393,364.9104,122.9815,13.66239,13.33393,15.35007,1.457528,275.6002,401.6884,23.46573,20.60816,21.89786,20.77699,459.2556,0.9580991,4
2015-04-24 07:50:00,3.211988,379.6609,122.9947,13.71797,13.3321,15.39845,1.53775,269.6933,414.7302,23.70266,20.87686,22.22248,21.00064,475.8227,0.9589441,4
2015-04-24 07:51:00,2.437104,287.5567,122.6862,13.7664,13.33072,15.43686,1.176884,267.1578,314.3901,23.84699,20.78754,22.08992,20.75082,373.8993,0.9478137,4
2015-04-24 07:52:00,2.376081,277.9918,122.5756,13.71782,13.33118,15.48769,1.188044,261.1099,310.0192,23.92583,20.55136,21.9172,20.54374,347.368,0.9477015,4
2015-04-24 07:53:00,2.877187,339.9734,122.8037,13.79924,13.33004,15.52158,1.398868,267.727,374.4923,24.0576,20.72507,22.06205,20.71262,425.1593,0.9557498,4
2015-04-24 07:54:00,2.44156,285.9008,122.6588,13.8761,13.32707,15.56507,1.167505,269.2931,314.4734,24.18543,20.8725,22.23732,20.88079,367.2943,0.9493709,4
2015-04-24 07:55:00,2.899407,339.9447,122.7496,13.9975,13.32547,15.60235,1.448804,261.4558,378.1461,24.24753,21.04977,22.35409,21.08293,415.9126,0.9550052,4
2015-04-24 07:56:00,3.038193,360.2048,122.9987,14.0298,13.32497,15.63737,1.513771,260.0149,393.5594,24.47973,21.35401,22.63756,21.30838,453.1877,0.9568084,4
2015-04-24 07:57:00,3.196447,380.1191,123.0382,14.02119,13.32431,15.68086,1.563206,266.4095,416.4029,24.56986,21.58492,22.9781,21.54414,469.4502,0.9588639,4
2015-04-24 07:58:00,3.402385,405.6514,123.1373,14.03047,13.32429,15.71192,1.686746,261.8217,441.629,24.84193,22.03603,23.44578,22.14364,503.3036,0.9600546,4
2015-04-24 07:59:00,3.502015,417.3927,123.1356,14.09776,13.32367,15.75729,1.740284,261.6865,455.3775,25.11895,22.37309,23.75717,22.2903,517.5233,0.9603803,4
2015-04-24 08:00:00,3.573966,425.2246,123.1443,14.04414,13.32321,15.7925,1.746436,264.4499,461.8129,25.33241,22.59052,24.0194,22.46498,527.5472,0.9607548,4
2015-04-24 08:01:00,3.545362,420.7294,123.0712,14.05821,13.32316,15.83392,1.724534,265.1134,457.1861,25.5099,22.9902,24.42202,23.01568,523.2191,0.9605747,4
2015-04-24 08:02:00,3.346464,397.0976,122.9864,14.163,13.32129,15.87854,1.657291,260.919,432.3936,25.7364,23.28331,24.59686,23.1704,497.2285,0.9590139,4
2015-04-24 08:03:00,3.340296,394.8805,122.8886,14.27968,13.31855,15.91243,1.681665,257.3155,432.8909,25.87978,23.50947,24.9787,23.49638,492.5399,0.9585485,4
2015-04-24 08:04:00,3.641186,433.4818,123.018,14.36846,13.31711,15.95592,1.800186,262.1074,471.821,26.28983,23.97102,25.39365,23.97581,538.3351,0.9608511,4
2015-04-24 08:05:00,3.712548,441.9905,123.0162,14.59188,13.31678,16.00149,1.803365,267.3821,482.1703,26.74386,24.55973,26.023,24.74982,551.2924,0.961575,4
2015-04-24 08:06:00,3.750435,445.954,122.959,14.76114,13.31212,16.04234,1.81339,267.7976,485.5681,27.30762,25.20215,26.76468,25.17882,557.8328,0.9617069,4
2015-04-24 08:07:00,3.77907,449.8397,123.0424,14.9713,13.31143,16.09242,1.837086,266.6168,489.7498,27.89477,25.83431,27.33952,25.80209,562.6887,0.9615128,4
2015-04-24 08:08:00,3.821025,454.9411,123.117,15.14643,13.31134,16.14419,1.891329,261.3227,494.2362,28.49602,26.37723,27.76758,26.21098,567.4281,0.9614885,4
2015-04-24 08:09:00,3.842736,457.4956,123.1814,15.13766,13.31118,16.19804,1.930525,257.994,498.0648,28.94782,26.7093,27.98971,26.40095,572.0453,0.9611559,4
2015-04-24 08:10:00,3.877168,461.8549,123.176,14.98219,13.30974,16.26431,1.916618,262.649,503.3616,29.12251,26.90736,28.24853,26.57589,577.2651,0.961967,4
2015-04-24 08:11:00,3.886714,463.0443,123.1414,14.67084,13.30593,16.31928,1.888123,267.2866,504.635,29.26234,26.916,28.28374,26.70894,582.4831,0.9620855,4
2015-04-24 08:12:00,3.928177,467.9095,123.1623,14.44922,13.30495,16.37803,1.912052,266.91,510.3332,29.2774,26.69965,28.12652,26.41183,588.0623,0.9619672,4
2015-04-24 08:13:00,3.965361,472.9812,123.1465,14.48568,13.30257,16.43601,1.936437,265.1888,513.429,29.41951,26.69982,28.24644,26.30671,593.5803,0.9624364,4
2015-04-24 08:14:00,4.012746,478.0548,123.1465,14.35274,13.29975,16.49607,2.009369,258.345,519.0407,29.23744,26.52631,28.37398,26.30335,599.2787,0.962156,4
2015-04-24 08:15:00,4.033753,480.6839,123.1661,14.46025,13.29969,16.5582,2.042187,255.3076,521.3687,29.59219,26.94248,28.99471,26.84136,604.7971,0.9622288,4
2015-04-24 08:16:00,4.079478,486.2366,123.1061,14.70333,13.29963,16.6079,2.031928,259.974,528.223,30.19384,27.50992,29.72074,27.51261,609.9523,0.9627261,4
2015-04-24 08:17:00,4.097325,488.0475,123.239,15.15459,13.29959,16.67003,2.071129,255.6147,529.3401,30.77974,28.05275,30.00662,27.71934,614.5692,0.9625435,4
2015-04-24 08:18:00,4.089954,492.378,124.5,15.44143,13.29907,16.73216,2.052209,261.1472,535.8593,31.2045,28.47841,30.20208,27.91701,619.1889,0.9625947,4
2015-04-24 08:19:00,4.122717,496.9267,124.4631,15.49099,13.29721,16.79636,2.080926,259.7169,540.3509,31.47022,28.72923,30.34486,28.12176,624.3495,0.9628157,4
2015-04-24 08:20:00,4.16513,501.4808,124.3689,15.22155,13.29442,16.86678,2.124685,256.7422,545.4799,31.44167,28.81963,30.51225,28.35732,629.93,0.9627938,4
2015-04-24 08:21:00,4.204995,506.3493,124.374,14.72597,13.29394,16.92683,2.142006,256.7137,549.8528,31.52493,28.75641,30.30748,28.03588,636.2312,0.962926,4
2015-04-24 08:22:00,4.23759,510.486,124.3605,14.72678,13.29253,17.00892,2.142004,258.7533,554.2047,31.88568,29.02148,30.95314,28.43759,642.3508,0.9631886,4
2015-04-24 08:23:00,4.274462,515.1004,124.3962,14.96255,13.29022,17.08856,2.143827,261.1692,559.8972,32.21952,29.38039,31.38977,28.89218,648.1716,0.9636083,4
2015-04-24 08:24:00,4.295328,517.8601,124.4493,15.23271,13.28835,17.14862,2.148384,262.0408,562.9397,32.74308,30.19209,32.26302,29.8575,653.3915,0.9639224,4
2015-04-24 08:25:00,4.321642,521.4083,124.4947,15.36542,13.28788,17.21489,2.15317,261.7388,563.5017,33.14931,30.62214,32.45416,30.09314,658.6726,0.9638925,4
2015-04-24 08:26:00,4.360595,525.9081,124.5062,15.30593,13.28648,17.28888,2.233625,255.619,570.9185,33.43251,30.94953,32.65689,30.41816,664.3674,0.9637892,4
2015-04-24 08:27:00,4.385497,529.2695,124.5563,15.16338,13.28373,17.35798,2.249807,254.9751,573.5883,33.82266,31.46346,33.52686,31.12028,669.6481,0.9640701,4
2015-04-24 08:28:00,4.397645,530.5339,124.5283,15.22239,13.28278,17.42877,2.29425,251.0547,575.9614,34.34216,31.99829,33.6528,31.41387,674.9904,0.9637352,4
2015-04-24 08:29:00,4.43814,535.7966,124.5788,15.43506,13.28187,17.50313,2.243652,259.0547,581.1182,34.54647,32.23396,33.88499,31.81077,680.2117,0.9642896,4
2015-04-24 08:30:00,4.478625,540.9462,124.5585,15.69201,13.27864,17.58032,2.292426,256.3367,587.5152,34.89791,32.5236,34.09217,32.25456,686.2744,0.964278,4
2015-04-24 08:31:00,4.511565,544.6832,124.5264,16.00213,13.27726,17.65036,2.292426,258.519,592.6078,35.41114,33.20263,34.93305,33.23631,691.7957,0.9645302,4
2015-04-24 08:32:00,4.543549,548.9282,124.5722,16.25809,13.27724,17.73094,2.316129,257.3337,595.9279,35.87692,33.24276,34.54278,33.36272,697.4964,0.9644465,4
2015-04-24 08:33:00,4.573573,552.5963,124.6536,16.38501,13.27724,17.81265,2.306784,259.8921,599.4669,36.15538,33.72211,35.03161,33.70998,703.7366,0.9648034,4
2015-04-24 08:34:00,4.60648,557.3344,124.6294,16.29993,13.27677,17.89944,2.333906,258.6043,603.4304,36.50227,34.26115,35.73347,34.67202,710.691,0.9649052,4
2015-04-24 08:35:00,4.646616,561.5552,124.588,16.35985,13.27356,17.98228,2.349177,258.9405,608.2214,36.92663,34.81444,36.24432,35.19736,716.751,0.9649541,4
2015-04-24 08:36:00,4.694152,566.9286,124.5415,16.39742,13.27172,18.07152,2.418008,254.2168,614.6751,37.37609,35.36196,36.6235,35.22766,721.8477,0.964592,4
2015-04-24 08:37:00,4.72871,571.2829,124.5376,15.81549,13.27034,18.16547,2.416841,256.4702,619.8135,37.39049,35.19174,36.20051,35.00634,727.6666,0.9649411,4
2015-04-24 08:38:00,4.764194,576.1783,124.6162,15.84768,13.26667,18.25075,2.429549,256.9487,624.2178,37.6301,35.5344,36.91664,35.06042,734.6235,0.9650468,4
2015-04-24 08:39:00,4.823143,583.1206,124.5638,15.60851,13.26621,18.34244,2.489725,254.129,632.6823,37.50495,35.40939,36.77123,34.95006,743.1404,0.9650533,4
2015-04-24 08:40:00,4.862226,587.9288,124.6109,15.32719,13.2662,18.42378,2.478338,257.372,637.7941,37.70587,35.78493,37.29686,35.33133,751.6521,0.9652956,4
2015-04-24 08:41:00,4.911655,594.3931,124.6846,15.23204,13.26574,18.5068,2.538699,254.1035,645.045,38.13605,36.02524,37.33985,35.53632,759.2677999999999,0.9652963,4
2015-04-24 08:42:00,4.90566,592.5165,124.6554,15.47611,13.26299,18.59529,2.530686,254.3107,643.5693,38.4117,36.48835,37.69542,36.27939,757.9394999999998,0.9651783,4
2015-04-24 08:43:00,4.871742,588.6144,124.6454,15.87557,13.26116,18.67907,2.516027,253.7735,638.4682,38.51009,36.43781,37.55952,36.12205,752.1187999999999,0.9652076,4
2015-04-24 08:44:00,4.871303,587.9813,124.619,16.18007,13.26024,18.76587,2.455336,259.2072,636.3554,38.67736,36.86746,38.22048,36.18785,755.1196999999999,0.9653504,4
2015-04-24 08:45:00,4.957232,600.4337,124.609,16.54543,13.2584,18.84908,2.497479,260.9375,651.3676,38.9836,37.21499,38.48767,36.18685,775.3972,0.965837,4
2015-04-24 08:46:00,5.13838,621.9487,124.6778,16.84373,13.25611,18.93776,2.665424,252.584,673.1562,39.25634,37.59096,38.868,36.70951,796.0361,0.9660704,4
2015-04-24 08:47:00,5.131372,621.1945,124.7296,17.09764,13.25519,19.04187,2.698057,249.7907,673.929,39.49151,38.00647,38.9228,37.202,794.5273999999998,0.965857,4
2015-04-24 08:48:00,5.136951,621.3644,124.6554,17.19897,13.25519,19.14354,2.649537,254.214,673.4938,39.57744,38.52893,39.21247,37.93576,794.5231999999999,0.9659511,4
2015-04-24 08:49:00,5.227015,631.7272,124.5895,17.2015,13.25473,19.23541,2.755181,248.1942,683.803,39.87394,38.79413,39.92379,38.10914,808.6779,0.9660371,4
2015-04-24 08:50:00,5.282182,638.9454,124.5974,17.27252,13.25427,19.32428,2.708659,255.324,691.5489,40.05535,39.245,40.03405,37.63827,820.616,0.966418,4
2015-04-24 08:51:00,5.210151,628.8685,124.5531,17.21065,13.24981,19.42519,2.664211,255.9953,681.9765,40.26342,39.52268,40.48053,38.19839,807.707,0.9661815,4
2015-04-24 08:52:00,5.236855,633.4005,124.6032,17.2735,13.24924,19.52121,2.735537,250.8164,686.0359,40.51514,39.92578,41.06133,39.33897,811.6051999999999,0.965982,4
2015-04-24 08:53:00,5.189467,627.1364,124.6064,17.22507,13.24802,19.62024,2.737046,247.7892,678.2106,40.79522,40.09653,40.91393,39.93765,804.7532,0.9657497,4
2015-04-24 08:54:00,5.192579,627.7542,124.582,17.15849,13.24567,19.71795,2.699201,252.1343,680.5109,40.69827,39.53258,40.26256,40.03268,805.051,0.9659736,4
2015-04-24 08:55:00,5.15438,623.4826,124.5656,17.00625,13.24357,19.82187,2.729889,247.2623,674.867,40.50401,39.15268,40.00423,39.88321,799.3411,0.9656138,4
2015-04-24 08:56:00,5.398027,653.3293,124.6247,16.65518,13.24309,19.91865,2.903975,243.3993,706.8107,40.36168,38.97998,39.60174,39.9588,842.2446,0.966177,4
2015-04-24 08:57:00,5.039745,609.2771,124.4839,16.55639,13.2424,20.02502,2.656899,247.1019,656.5151,40.40055,39.49765,40.2098,40.33532,787.9262,0.9647522,4
2015-04-24 08:58:00,4.644515,558.1786,124.3063,16.67353,13.24057,20.12461,2.404422,251.8012,605.4435,40.3273,38.87278,39.60445,40.24349,710.4597,0.9640553,4
2015-04-24 08:59:00,5.073788,612.101,124.4715,16.50593,13.23765,20.22233,2.572995,258.4331,664.9135,39.93425,37.87606,38.10338,38.94573,782.0918,0.9657294,4
2015-04-24 09:00:00,5.152277,620.9821,124.4609,16.47412,13.23669,20.32174,2.626308,256.0342,672.4168,39.58451,37.454,37.8225,39.14242,795.4715,0.9657134,4
2015-04-24 09:01:00,5.19383,627.9346,124.41,16.20564,13.23577,20.4202,2.678681,255.205,683.5641,39.12006,36.75807,36.8898,38.25287,800.0786,0.9659758,4
2015-04-24 09:02:00,5.400069,653.6801,124.4384,16.04038,13.23295,20.50925,2.846377,248.2833,706.6556,38.64687,36.18474,36.2664,38.0625,834.7582999999998,0.9663104,4
2015-04-24 09:03:00,5.183751,626.0407,124.52,15.74118,13.23078,20.59736,2.69118,251.3681,676.4346,37.95898,35.3338,35.33236,37.48073,798.6276,0.9656667,4
2015-04-24 09:04:00,5.289822,641.3414,124.6755,15.95829,13.23024,20.68773,2.693679,258.7386,696.9756,37.36499,35.02742,35.26094,37.62396,815.6653,0.9664967,4
2015-04-24 09:05:00,5.126163,621.2132,124.7351,15.92366,13.23,20.76907,2.657659,252.1802,670.3134,36.74155,34.49498,34.2809,37.77437,793.6367,0.9655113,4
2015-04-24 09:06:00,4.233386,510.9234,124.3225,15.7324,13.22991,20.85266,2.17552,253.5353,551.5623,36.05185,33.40042,33.09134,36.90333,646.5103,0.9626834,4
2015-04-24 09:07:00,3.23147,385.3169,123.9045,15.47576,13.22974,20.92947,1.649403,253.4656,418.063,35.20443,31.89724,31.58824,35.86989,484.7423,0.956978,4
2015-04-24 09:08:00,2.628899,310.2013,123.517,15.37946,13.22967,21.00403,1.366866,250.8389,342.7579,34.39375,30.2797,29.78595,34.34031,388.86,0.9506028,4
2015-04-24 09:09:00,2.686686,317.2049,123.5393,15.24471,13.22953,21.07181,1.41995,246.3779,349.8047,33.53684,29.28403,29.1249,33.41552,398.576,0.9511957,4
2015-04-24 09:10:00,2.925439,347.1741,123.6041,15.40011,13.22946,21.13055,1.52635,252.7912,385.607,32.89989,28.42097,28.2227,32.17518,422.1521,0.955087,4
2015-04-24 09:11:00,3.830688,456.6642,123.9669,15.22813,13.22937,21.18703,2.05404,243.3975,499.4933,32.06407,27.79042,27.66153,31.48123,564.7033,0.9604055,4
2015-04-24 09:12:00,4.012163,481.0381,124.1238,15.26893,13.2293,21.23221,2.144947,244.4451,524.291,31.48627,27.74161,27.552,30.99011,604.2988,0.9613146,4
2015-04-24 09:13:00,3.816478,458.4053,124.0654,15.40156,13.22924,21.28192,2.035577,244.5529,497.6906,30.94208,27.78658,27.35347,30.41683,579.1562,0.9590111,4
2015-04-24 09:14:00,3.57709,429.0229,123.9861,15.49886,13.22917,21.32033,1.839398,253.6149,466.2611,30.37043,27.51005,26.99822,30.2191,531.8134,0.959709,4
2015-04-24 09:15:00,2.833723,334.9805,123.6993,15.27,13.22913,21.36325,1.428362,257.8924,368.3248,29.69399,26.87811,26.20077,29.25307,417.3364,0.9539216,4
2015-04-24 09:16:00,2.67844,316.4273,123.6148,15.25935,13.22907,21.40373,1.354994,258.228,349.8793,29.06277,26.15276,25.42578,28.37283,388.9525,0.9522439,4
2015-04-24 09:17:00,2.693082,319.6154,123.602,15.05699,13.22905,21.42651,1.361828,260.3126,354.5024,28.27082,25.28542,24.79795,27.53269,389.9096,0.9528418,4
2015-04-24 09:18:00,3.381902,404.0407,123.779,14.99732,13.229,21.45588,1.678985,264.3621,443.8193,27.6469,24.98414,24.5361,27.27434,488.896,0.959817,4
2015-04-24 09:19:00,3.037901,360.5633,123.7184,15.1065,13.22898,21.47395,1.517443,260.7392,395.6471,27.3182,24.99111,24.74968,27.4751,441.0779,0.9569726,4
2015-04-24 09:20:00,3.11108,369.55,123.7139,15.02972,13.22894,21.49429,1.550933,262.1401,406.6035,27.00538,24.99453,24.78467,27.43325,445.2705,0.9579275,4
2015-04-24 09:21:00,3.219453,383.977,123.7946,15.09801,13.22892,21.51914,1.547516,270.2741,418.1244,26.86938,25.21445,24.96767,27.50886,475.6246,0.9586877,4
2015-04-24 09:22:00,2.891585,343.0403,123.6659,15.29628,13.22889,21.53269,1.431314,266.0131,380.7312,26.68662,25.36284,24.93307,27.13103,417.246,0.956121,4
2015-04-24 09:23:00,3.149944,374.8783,123.7491,15.45867,13.22888,21.54851,1.592854,259.4341,413.0923,26.41046,25.29698,25.06326,27.06554,449.1007,0.9564879,4
2015-04-24 09:24:00,3.540175,422.8727,123.8635,15.48664,13.22885,21.57336,1.834139,252.0118,461.2718,26.25044,25.52564,25.2632,27.25908,513.4066,0.956789,4
2015-04-24 09:25:00,2.695795,318.645,123.7002,15.54469,13.22884,21.58692,1.405338,250.5365,352.0728,26.20847,25.55286,25.29255,27.35922,395.4631,0.952347,4
2015-04-24 09:26:00,2.702534,319.3328,123.6221,15.59887,13.22882,21.59915,1.418096,248.9699,353.0631,25.99992,25.48718,25.25218,26.93153,391.5576,0.9524491,4
2015-04-24 09:27:00,4.033857,481.2699,123.9957,15.54534,13.22882,21.62758,2.109144,250.1091,527.1357,25.7735,25.57144,25.24459,27.05494,556.6514,0.9608151,4
2015-04-24 09:28:00,4.360375,528.8504,124.4052,15.5769,13.2288,21.6434,2.264303,252.5297,571.6121,25.85755,26.76278,26.58514,28.4818,650.1073,0.9618009,4
2015-04-24 09:29:00,5.284325,639.1606,124.6696,15.67154,13.2288,21.64792,2.671003,260.0542,694.5786,25.99677,27.77212,27.70317,29.4917,763.0068,0.9668927,4
2015-04-24 09:30:00,5.292214,645.8159,124.8392,15.94032,13.22878,21.67277,2.671913,259.9288,694.4691,26.30631,29.13869,29.13394,30.66619,800.0109999999999,0.9663713,4
2015-04-24 09:31:00,2.923118,349.8528,123.8561,15.89623,13.22832,21.70214,1.478472,259.2282,383.2234,26.33198,28.67392,28.29618,29.76667,450.0957,0.9542811,4
2015-04-24 09:32:00,2.336996,272.2264,123.3273,15.81262,13.22876,21.73828,1.166783,258.949,302.1256,26.26244,28.25145,27.98511,29.39743,335.9949,0.9457557,4
2015-04-24 09:33:00,2.217517,258.7334,123.1642,15.74304,13.22784,21.75429,1.121898,257.7129,289.1199,26.13809,27.6246,27.39812,28.87256,317.218,0.9444885,4
2015-04-24 09:34:00,2.200614,256.715,123.1195,15.48035,13.22646,21.78799,1.124176,255.5142,287.2578,25.8595,26.72916,26.41826,27.86379,313.0172,0.9433683,4
2015-04-24 09:35:00,2.139436,248.6129,123.0405,15.52031,13.22462,21.8151,1.10891,252.3585,279.8291,25.78315,26.84286,26.81211,28.15842,303.4182,0.9421973,4
2015-04-24 09:36:00,2.104279,244.399,122.9401,15.75649,13.22324,21.84447,1.104125,248.5877,274.4782,25.87201,26.91519,26.9302,28.25924,299.4569,0.9405711,4
2015-04-24 09:37:00,2.071501,240.8295,122.9772,15.92245,13.22324,21.86254,1.07405,251.749,270.36,25.90839,26.59216,26.43282,28.00867,293.2774,0.9407509,4
2015-04-24 09:38:00,2.084661,242.9048,123.0296,15.73668,13.22324,21.88739,1.084986,250.3306,271.5226,25.7845,26.06504,26.03628,27.79466,295.1353,0.9407195,4
2015-04-24 09:39:00,2.018728,233.6843,123.0504,15.55753,13.22324,21.91658,1.081113,243.37,263.1064,25.62093,25.45518,25.38255,27.19236,288.7158,0.9377972,4
2015-04-24 09:40:00,2.031051,236.8077,123.0664,15.32288,13.22277,21.95066,1.069721,249.778,267.1715,25.36697,24.88788,24.58668,26.16835,287.0349,0.9398881,4
2015-04-24 09:41:00,2.041496,236.8359,123.1171,15.12192,13.22277,21.97325,1.076784,247.1009,266.0363,24.95631,24.2057,23.92686,25.64276,289.3741,0.9392102,4
2015-04-24 09:42:00,2.01744,234.855,123.1216,15.11611,13.22323,21.98907,1.042607,254.3007,265.1274,24.72381,23.89865,23.7296,25.36056,282.8352,0.9397934,4
2015-04-24 09:43:00,2.054614,239.9246,123.183,15.18049,13.22231,22.01505,1.026202,263.2321,270.1188,24.50608,23.46467,23.35463,25.11503,287.1538,0.9403686,4
2015-04-24 09:44:00,2.060038,239.1548,123.0591,15.18765,13.22322,22.02973,1.014355,266.0004,269.7871,24.34086,23.40298,23.30737,24.94312,287.7534,0.9402227,4
2015-04-24 09:45:00,2.042861,237.8573,123.0616,15.29288,13.22322,22.02973,1.020506,262.4004,267.7596,24.22631,23.47525,23.43811,24.53931,284.873,0.9401365,4
2015-04-24 09:46:00,2.06591,240.7546,123.0836,15.26827,13.22276,22.05006,1.065163,253.9874,270.5144,24.18275,23.63788,23.82072,24.80655,289.3113,0.9407987,4
2015-04-24 09:47:00,2.046201,237.6942,123.1216,15.36953,13.22322,22.05684,1.079062,246.7932,266.2967,24.25538,23.76147,23.79788,24.68634,290.6901,0.9393761,4
2015-04-24 09:48:00,2.0505,238.8398,123.0575,15.47231,13.22322,22.06588,1.079062,247.8868,267.4779,24.33164,23.84537,23.9175,24.91273,290.9895,0.9395459,4
2015-04-24 09:49:00,2.092223,244.4371,123.0977,15.39324,13.22276,22.08395,1.094783,250.8203,274.557,24.33161,23.92576,23.90031,24.82347,296.2682,0.9409229,4
2015-04-24 09:50:00,2.160137,252.9582,123.1051,15.41238,13.2223,22.08395,1.095011,260.253,284.9514,24.30138,24.03358,23.98824,24.9976,302.7466,0.943527,4
2015-04-24 09:51:00,2.206807,259.0848,123.169,15.48837,13.21863,22.08395,1.114377,260.0365,289.784,24.23065,23.83572,23.82059,24.68081,309.8848,0.9445618,4
2015-04-24 09:52:00,2.306659,271.2065,123.1231,15.52054,13.21863,22.10598,1.139212,265.4193,302.375,24.24091,24.13173,24.25324,24.89266,324.4012,0.9463895,4
2015-04-24 09:53:00,2.481711,291.7127,123.1977,15.52833,13.21817,22.11784,1.226931,265.8693,326.0275,24.24722,24.263,24.35841,24.74055,347.9154,0.9487696,4
2015-04-24 09:54:00,2.459809,287.6162,123.1635,15.48052,13.21772,22.13591,1.225109,260.4409,319.0696,24.18076,24.13681,24.20204,24.56786,343.5365,0.9475139,4
2015-04-24 09:55:00,2.703455,318.4023,123.2257,15.58314,13.21772,22.14043,1.365004,259.6492,354.7687,24.14625,24.49838,24.72133,25.13476,373.0477,0.9518999,4
2015-04-24 09:56:00,4.543902,545.0645,123.9344,15.78957,13.21772,22.15399,2.314879,258.4986,597.8897,24.19545,25.49119,25.83071,26.40034,631.9437,0.9654341,4
2015-04-24 09:57:00,4.382073,530.6112,124.0623,15.86719,13.21772,22.17432,2.181591,261.9903,571.4387,24.30972,26.70364,26.84845,27.55268,647.4177,0.9625251,4
2015-04-24 09:58:00,3.275519,389.1919,123.5625,15.7437,13.21772,22.19465,1.599909,267.0769,427.222,24.36014,26.81458,27.02007,27.7833,465.0033,0.9584264,4
2015-04-24 09:59:00,3.048786,363.4999,123.4758,15.65786,13.21772,22.20934,1.451584,271.8957,394.6678,24.37047,26.94279,27.23419,28.05223,444.7872,0.9558137,4
2015-04-24 10:00:00,2.584184,302.4588,123.2087,15.69949,13.21726,22.2421,1.247209,269.2755,335.8662,24.45043,27.13427,27.61783,28.1486,370.6461,0.9502089,4
2015-04-24 10:01:00,2.45708,286.784,123.1021,15.71025,13.21634,22.2694,1.212805,262.315,318.1466,24.46252,27.02003,27.43824,27.65095,345.6329,0.9479116,4
2015-04-24 10:02:00,2.354406,274.3772,123.0598,15.54464,13.21451,22.30517,1.16268,262.9073,305.6436,24.41647,26.76734,27.1134,27.15439,330.9967,0.9463949,4
2015-04-24 10:03:00,2.281969,266.2621,123.0081,15.5394,13.21405,22.32569,1.135794,260.8283,296.2325,24.44514,26.76037,27.46123,27.13788,320.4997,0.9455779,4
2015-04-24 10:04:00,2.228889,260.1498,123.0906,15.87172,13.21222,22.35676,1.127136,258.6068,291.4762,24.50425,26.66759,27.23758,26.58551,312.9416,0.9448864,4
2015-04-24 10:05:00,2.201205,257.1017,123.0554,16.23698,13.21222,22.38669,1.107314,259.9055,287.7796,24.52384,26.50137,27.13987,26.4624,309.1628,0.9448212,4
2015-04-24 10:06:00,2.204209,257.959,123.023,16.35613,13.21222,22.41832,1.103669,261.7852,288.8836,24.57659,26.3892,27.05718,26.33723,309.7023,0.9448176,4
2015-04-24 10:07:00,2.235382,261.4035,123.008,16.37313,13.21084,22.43301,1.151288,254.2436,292.7087,24.60355,26.26975,26.9741,26.07614,313.7807,0.9443097,4
2015-04-24 10:08:00,2.280344,267.4767,123.1155,16.29698,13.21038,22.46576,1.181363,253.3778,299.3281,24.60039,26.15714,26.81927,25.87597,320.6791,0.9449332,4
2015-04-24 10:09:00,2.335044,274.1595,123.135,16.3084,13.20809,22.48158,1.196628,257.6043,308.2403,24.544,26.05231,26.67422,25.61709,326.7978,0.9462969,4
2015-04-24 10:10:00,2.404452,283.3957,123.1685,16.3535,13.20809,22.50191,1.216906,259.165,315.3765,24.40096,25.91589,26.41022,25.47099,336.1556,0.9473708,4
2015-04-24 10:11:00,2.61644,309.4661,123.2583,16.28485,13.20672,22.53128,1.324676,260.0935,344.2578,24.33622,25.84521,26.29109,25.30434,363.5089,0.9511566,4
2015-04-24 10:12:00,2.702873,318.2708,123.3046,16.18083,13.20718,22.53128,1.357941,259.0397,351.7515,24.2525,25.82813,26.36769,25.23724,378.5625,0.9522061,4
2015-04-24 10:13:00,2.549752,298.5676,123.2309,16.04658,13.20718,22.53128,1.281158,257.479,329.8501,24.1509,25.6468,26.12228,25.15641,354.5667,0.9496059,4
2015-04-24 10:14:00,2.411674,280.8653,123.1407,15.8832,13.20672,22.53128,1.209843,257.4562,311.493,24.09192,25.46824,25.95966,24.96532,334.4128,0.9467666,4
2015-04-24 10:15:00,2.295136,267.4129,123.0768,15.89711,13.20763,22.53128,1.166781,255.8556,298.5103,24.0583,25.27378,25.84341,24.84264,318.8172,0.9453628,4
2015-04-24 10:16:00,2.243829,262.0493,123.0519,15.93716,13.20855,22.53128,1.129643,260.4751,294.2292,24.03907,25.27722,25.78732,24.94345,311.1398,0.9454866,4
2015-04-24 10:17:00,2.217237,259.3521,123.0875,15.92794,13.20855,22.52149,1.099567,264.6503,290.9793,24.06159,25.26748,25.82139,25.21129,308.8606,0.9457154,4
2015-04-24 10:18:00,2.238647,262.3355,123.0367,15.79461,13.21084,22.50191,1.130554,259.4897,293.326,24.09073,25.17246,25.64089,25.16765,310.9006,0.9452271,4
2015-04-24 10:19:00,2.270459,265.9324,123.0322,15.64443,13.21176,22.49513,1.172933,254.6708,298.7106,24.07846,25.05947,25.68406,25.3068,315.9995,0.9451446,4
2015-04-24 10:20:00,2.311293,271.0399,123.0516,15.538,13.20993,22.4748,1.167464,258.3391,301.5905,24.03622,24.85142,25.3085,25.24206,320.9187,0.9463348,4
2015-04-24 10:21:00,2.33644,273.813,122.9564,15.47398,13.21176,22.4748,1.169971,261.1472,305.5187,23.98745,24.89598,25.26261,25.0968,324.2779,0.9469219,4
2015-04-24 10:22:00,2.366126,278.0648,123.2171,15.56056,13.2113,22.4748,1.195261,259.6834,310.3399,24.0101,25.23998,25.88487,25.65697,329.493,0.9473066,4
2015-04-24 10:23:00,2.375057,280.6987,123.9171,15.70545,13.21176,22.4748,1.182046,263.5339,311.4894,24.11174,25.4797,26.01965,26.10101,333.3916,0.9474362,4
2015-04-24 10:24:00,2.452929,291.9306,124.1047,15.81241,13.2113,22.46576,1.215767,267.2876,324.9545,24.05205,25.40728,25.85292,26.11357,347.4279,0.9493816,4
2015-04-24 10:25:00,2.578948,307.7901,124.2437,15.95226,13.21176,22.44769,1.250399,273.8723,342.4319,23.96466,25.7022,26.28434,26.23582,374.0008,0.9512262,4
2015-04-24 10:26:00,2.987791,357.8289,124.3602,16.16929,13.21038,22.44769,1.465026,271.9584,398.2174,24.09244,26.36369,26.94705,26.83237,427.5683,0.9566608,4
2015-04-24 10:27:00,3.424495,412.9607,124.6238,16.34566,13.20901,22.44769,1.681021,270.0673,453.678,24.26476,27.0897,27.64699,27.65787,491.6316,0.9606641,4
2015-04-24 10:28:00,4.087402,493.7647,124.8683,16.3329,13.20718,22.46576,2.012304,268.9452,540.9861,24.32312,27.74757,28.14812,28.55924,586.6485,0.9636852,4
2015-04-24 10:29:00,4.413091,534.4944,124.9429,16.5218,13.20672,22.4748,2.164503,268.9793,582.174,24.52015,28.83615,29.40363,29.72002,647.1131,0.9645474,4
2015-04-24 10:30:00,4.448489,538.1945,125.0223,16.66055,13.20672,22.48158,2.209388,265.368,586.1091,24.7718,29.8639,30.50874,30.80609,647.2944,0.9647481,4
2015-04-24 10:31:00,4.727747,574.4311,125.1016,16.6465,13.20672,22.51415,2.408294,259.8315,625.3534,24.92419,30.72227,31.33551,31.82917,686.7022,0.9653373,4
2015-04-24 10:32:00,4.552138,552.7114,125.0778,16.7539,13.20672,22.53354,2.346321,254.7905,597.7556,25.09904,31.61501,32.26291,32.6604,668.0414,0.9642535,4
2015-04-24 10:33:00,3.816962,461.401,124.8463,16.64459,13.20672,22.57063,1.983596,251.2988,498.5144,25.29085,31.67599,32.1557,32.92162,563.4894,0.9610743,4
2015-04-24 10:34:00,3.932923,475.2419,124.8256,16.49818,13.20626,22.62259,2.014127,257.9916,519.8478,25.33171,31.60241,31.76933,32.84087,567.5685,0.9620548,4
2015-04-24 10:35:00,4.101973,494.9341,124.9268,16.52629,13.20534,22.66006,2.088859,258.4758,539.9973,25.32583,31.63042,31.91362,33.05694,592.5828,0.9628385,4
2015-04-24 10:36:00,4.798686,581.5551,125.1687,16.48839,13.20259,22.71071,2.409889,263.5567,634.919,25.22686,31.50638,31.70784,33.55119,698.0966,0.9656042,4
2015-04-24 10:37:00,6.376576,778.8103,125.8488,16.27535,13.20122,22.75739,3.309411,256.2259,847.8486,25.15467,32.60841,33.33885,35.09237,941.5085,0.9687057,4
2015-04-24 10:38:00,4.932852,597.4717,125.4412,16.50892,13.20122,22.80258,2.548417,254.7449,649.3582,25.5139,34.53143,35.24245,36.4696,745.8964999999998,0.9634207,4
2015-04-24 10:39:00,4.695981,564.0185,125.2927,16.64755,13.19893,22.86603,2.493963,246.6052,615.6138,25.65575,33.97607,33.74387,35.90314,714.2827,0.96406,4
2015-04-24 10:40:00,3.106378,370.6381,124.574,16.4152,13.19618,22.93399,1.642288,246.5938,404.9306,25.50702,32.78908,32.94353,34.91302,454.9722,0.9555696,4
2015-04-24 10:41:00,2.956329,349.1754,123.0871,16.2974,13.19572,23.02003,1.558898,247.1577,385.2814,25.34059,32.06211,32.39832,34.65501,424.6158,0.9548087,4
2015-04-24 10:42:00,2.853338,335.3037,122.9943,16.27234,13.19572,23.07425,1.487127,248.8438,370.0162,25.24728,31.45082,32.03951,34.0571,408.897,0.9538543,4
2015-04-24 10:43:00,2.67316,312.8289,122.8729,16.13295,13.19572,23.12339,1.38551,249.1855,345.2426,25.1195,30.47718,30.82794,33.08264,381.1248,0.9523594,4
2015-04-24 10:44:00,2.595485,304.1753,122.8098,15.87364,13.19572,23.17065,1.338118,251.2703,336.232,24.87667,29.1096,29.17417,31.50345,369.428,0.9511652,4
2015-04-24 10:45:00,2.548618,298.5866,122.7577,15.79273,13.19572,23.20661,1.329233,248.69,330.5732,24.65328,28.156,28.31052,30.66229,363.9659,0.9503105,4
2015-04-24 10:46:00,2.560403,300.6619,122.7773,15.74417,13.19572,23.23843,1.316701,253.8905,334.3004,24.36665,27.10769,27.11039,29.99401,363.7241,0.9506699,4
2015-04-24 10:47:00,2.59511,305.468,122.883,15.70427,13.19572,23.25876,1.295968,262.0131,339.5046,24.20356,26.4979,26.51154,29.18779,368.8217,0.9510737,4
2015-04-24 10:48:00,2.693308,319.2109,122.9972,15.57222,13.19572,23.27533,1.360675,260.3213,354.2096,24.03676,26.30933,26.57784,29.25516,382.9769,0.9534965,4
2015-04-24 10:49:00,3.043205,360.3213,123.1635,15.75392,13.19572,23.29491,1.55548,256.2828,398.5255,24.02128,26.38481,26.58839,29.31859,428.9179,0.9567277,4
2015-04-24 10:50:00,3.603381,427.627,123.4548,15.71455,13.19572,23.29491,1.781727,264.4966,471.6772,23.92306,26.32054,26.52962,29.23292,503.2924,0.961257,4
2015-04-24 10:51:00,3.569201,427.902,123.5335,15.80818,13.1971,23.3096,1.71702,270.5742,464.6508,23.88347,26.60711,26.72934,29.37255,525.6604,0.9606361,4
2015-04-24 10:52:00,3.078433,364.8119,123.1903,15.69864,13.19756,23.32428,1.509228,264.9978,399.8996,23.82256,26.21647,26.32856,29.2104,441.2089,0.9576449,4
2015-04-24 10:53:00,3.137384,373.2061,123.1749,15.71709,13.19618,23.32428,1.544316,265.818,410.4937,23.83772,26.46683,26.68204,29.64214,450.6823,0.9581686,4
2015-04-24 10:54:00,3.384606,405.5602,123.3183,15.96685,13.19893,23.32654,1.694008,263.1238,445.7358,23.96638,26.9656,27.10551,30.05964,484.5703,0.9598612,4
2015-04-24 10:55:00,4.304072,514.2598,123.6631,16.09013,13.2003,23.34687,2.119846,265.818,561.9722,24.06016,27.80131,28.21881,30.78431,589.5301,0.9668701,4
2015-04-24 10:56:00,4.936738,599.6632,124.0898,16.21842,13.19893,23.35139,2.465027,262.5029,646.893,24.2473,29.43446,29.92864,32.56398,743.7954999999998,0.9629508,4
2015-04-24 10:57:00,3.552303,421.6227,123.3686,16.33701,13.19756,23.35139,1.756209,262.8732,461.6768,24.4387,29.84338,30.35944,32.58084,513.9614,0.9603559,4
2015-04-24 10:58:00,3.505706,416.6078,123.2996,16.45031,13.19756,23.37587,1.770563,258.7549,457.9723,24.59622,29.76778,30.10826,32.32884,501.8451,0.9601553,4
2015-04-24 10:59:00,3.576182,425.5114,123.3527,16.69555,13.19572,23.40524,1.827524,253.5032,463.269,24.64678,29.89584,30.17117,32.66203,517.5568,0.9599295,4
2015-04-24 11:00:00,3.366618,399.7696,123.2422,16.66424,13.19572,23.42143,1.702666,257.0917,437.7224,24.71436,29.85889,30.12343,32.49843,484.2071,0.9591606,4
2015-04-24 11:01:00,3.402748,403.6657,123.276,16.52318,13.19572,23.45193,1.712463,257.667,441.2461,24.77153,29.55782,29.7777,32.44136,489.8407,0.9592068,4
2015-04-24 11:02:00,3.289982,388.7404,123.2353,16.32798,13.19572,23.46661,1.652541,257.274,425.1722,24.76289,29.33819,29.33953,32.09278,474.1866,0.9584303,4
2015-04-24 11:03:00,3.142166,371.1201,123.1678,16.35036,13.19572,23.49109,1.593758,256.5847,408.8751,24.82645,29.23968,29.30348,32.05237,453.8545,0.9573416,4
2015-04-24 11:04:00,3.161973,376.0761,123.1745,16.50288,13.19481,23.51405,1.617681,256.2031,414.3748,24.69094,28.93817,28.86202,31.708,458.1107,0.9575169,4
2015-04-24 11:05:00,3.542576,420.9865,123.291,16.50177,13.19572,23.54267,1.864206,248.6387,462.7925,24.66324,28.82978,28.92902,31.81586,506.8679,0.9597847,4
2015-04-24 11:06:00,6.338168,764.5131,124.3513,16.56026,13.19481,23.57449,3.327866,249.7608,831.5852,24.67711,30.09347,30.49328,33.43733,898.2183999999999,0.968594,4
2015-04-24 11:07:00,8.213635,1004.78,125.4174,16.80699,13.19297,23.58636,4.457964,244.3667,1089.288,24.94599,33.15709,33.56995,36.75144,1275.054,0.9704153,4
2015-04-24 11:08:00,8.069957,986.9162,125.4033,17.05621,13.1916,23.62608,4.270222,250.507,1069.616,25.42336,35.89074,36.31758,39.44716,1262.451,0.970216,4
2015-04-24 11:09:00,7.921265,968.7779,125.3396,17.14126,13.19022,23.68237,4.226021,248.1318,1048.362,25.80322,37.43055,37.33305,40.6481,1243.43,0.970236,4
2015-04-24 11:10:00,7.844102999999999,957.9689,125.2797,17.28811,13.18977,23.74638,4.328322,239.6218,1037.139,26.11249,38.99499,38.95231,42.28085,1241.981,0.9709384,4
2015-04-24 11:11:00,7.50889,917.5744,125.1658,17.61811,13.18748,23.83073,4.227843,234.5125,991.4678,26.40285,40.32402,40.32329,43.8172,1200.23,0.9716142,4
2015-04-24 11:12:00,7.13182,871.5562,125.0386,17.54984,13.18473,23.92261,3.994533,235.2188,939.6848,26.60501,41.00734,40.73269,44.4735,1147.266,0.9712476,4
2015-04-24 11:13:00,6.946046,844.6017,124.8238,17.72715,13.18473,24.0286,3.965369,231.2258,917.0026,26.76031,41.46183,41.37164,44.67747,1106.54,0.9715865,4
2015-04-24 11:14:00,7.416828,906.5012,125.0627,17.37609,13.18473,24.13573,4.182047,234.2676,979.6779,26.84704,42.14554,42.5588,46.08454,1188.038,0.9716288,4
2015-04-24 11:15:00,7.418621,904.9090000000001,125.0454,17.4173,13.18473,24.24756,4.146504,236.4833,980.5063,26.9248,43.16268,42.95585,46.51491,1179.217,0.971732,4
2015-04-24 11:16:00,7.435395,908.6702,125.0134,17.70776,13.18289,24.36843,4.214173,232.7182,980.7589,27.07482,42.97518,42.54305,46.75781,1203.335,0.971535,4
2015-04-24 11:17:00,6.992466,852.8846999999998,124.7628,17.8277,13.1806,24.48591,3.906586,235.1789,918.8701,26.95208,43.10508,42.48468,46.48621,1104.499,0.9722568,4
2015-04-24 11:18:00,7.261909,886.5633,124.9909,18.24587,13.17923,24.60584,3.950331,242.6749,958.6069,26.96565,43.74976,43.4786,46.94371,1145.691,0.9716218,4
2015-04-24 11:19:00,7.137466,867.3864999999998,124.913,18.33034,13.17739,24.72445,3.792665,248.1716,941.2834,27.06185,44.21624,44.05801,47.09305,1117.262,0.9725292,4
2015-04-24 11:20:00,5.340135,646.5327,124.3957,18.48241,13.17378,24.84551,2.821372,248.5362,701.0744,27.39715,44.76329,44.91021,46.36349,892.4741,0.9620378,4
2015-04-24 11:21:00,2.766296,326.2901,123.0237,18.05459,13.17328,24.96581,1.453862,247.3685,359.5733,27.41113,42.06263,41.92352,43.97078,418.9186,0.9526712,4
2015-04-24 11:22:00,4.881119,584.8139,123.3735,17.89303,13.17337,25.08028,2.634086,242.9768,639.7307,27.14938,40.9358,41.32481,42.6331,667.0306,0.9656248,4
2015-04-24 11:23:00,8.002340999999998,977.2857,125.1587,18.19202,13.17337,25.18251,4.494419,235.6004,1058.858,27.26003,42.96218,43.53054,44.36152,1269.469,0.9716224,4
2015-04-24 11:24:00,8.059212,985.0859,125.3022,18.23243,13.17298,25.28644,4.482799,238.7788,1070.307,27.54148,44.49626,44.7379,44.36267,1276.129,0.9718018,4
2015-04-24 11:25:00,8.397726999999998,1029.383,125.5696,18.14089,13.16928,25.39959,4.631808,241.325,1117.665,27.80604,46.26125,46.481,46.32036,1349.777,0.9719191,4
2015-04-24 11:26:00,8.344543,1022.429,125.4916,18.3821,13.16755,25.49693,4.59148,241.53,1108.844,28.12685,47.39884,47.02803,46.98388,1345.283,0.9718576,4
2015-04-24 11:27:00,8.333648,1020.49,125.4732,18.69751,13.16704,25.62796,4.693098,235.6061,1105.669,28.34839,48.06294,47.73205,46.9385,1346.963,0.9717202,4
2015-04-24 11:28:00,8.404885,1029.632,125.4787,18.73796,13.16312,25.74846,4.6833,238.306,1116.013,28.52468,48.58954,48.50576,46.84133,1360.462,0.9716806,4
2015-04-24 11:29:00,8.381989,1026.54,125.5083,18.85794,13.16214,25.8729,4.600821,241.456,1110.836,28.80278,49.49893,49.74372,47.46111,1358.964,0.9715824,4
2015-04-24 11:30:00,8.272014,1012.071,125.4251,19.11486,13.1615,25.99396,4.602417,238.5282,1097.7,29.07875,50.35065,50.23323,48.88739,1338.637,0.9715812,4
2015-04-24 11:31:00,7.853058,960.5945,125.2329,19.3108,13.16143,26.11916,4.311234,241.4104,1040.639,29.29223,50.95408,50.44673,49.18136,1292.036,0.9713309,4
2015-04-24 11:32:00,7.024653,848.7673,124.9025,19.26731,13.15992,26.25415,3.773753,246.1894,929.7771,29.39185,50.4938,49.76973,48.43034,1177.603,0.9647718,4
2015-04-24 11:33:00,3.359519,398.9421,123.1491,19.06748,13.15712,26.39027,1.770108,246.5881,436.6346,29.30161,47.41874,46.82053,44.94236,511.4641,0.9576645,4
2015-04-24 11:34:00,6.542881,794.8093,124.3524,18.86093,13.15518,26.51566,3.468673,248.5134,860.5234,29.02472,46.10706,45.71968,44.23052,984.3647,0.9680327,4
2015-04-24 11:35:00,5.79178,699.4847,124.3835,18.7836,13.15559,26.62147,3.067214,247.5394,759.0766,28.78729,45.61227,45.24232,44.06263,897.5241999999998,0.9661153,4
2015-04-24 11:36:00,4.994328,604.3359,124.1045,18.52296,13.15368,26.72765,2.701755,242.3901,654.5293,28.56102,44.23088,43.43616,41.91812,807.5664,0.9613101,4
2015-04-24 11:37:00,3.335202,393.3828,123.2421,18.32693,13.1525,26.81332,1.804967,239.7415,432.8184,28.40077,41.65038,41.55481,39.12628,504.8091,0.9616978,4
2015-04-24 11:38:00,3.350205,398.5738,123.2429,17.92898,13.15131,26.87733,1.820916,239.9636,436.9996,28.07386,39.59056,39.6444,37.47335,506.0656,0.9593301,4
2015-04-24 11:39:00,4.186716,502.0839,123.4713,17.98896,13.15014,26.93494,2.25245,242.9996,547.334,27.97404,38.86794,39.1319,37.14124,610.0622,0.9607604,4
2015-04-24 11:40:00,3.426554,414.7046,123.3252,17.94353,13.15224,26.96393,1.853726,242.037,448.4745,27.77544,37.83959,37.93043,35.96226,534.0147,0.9648053,4
2015-04-24 11:41:00,2.82848,332.1797,122.9748,17.96125,13.15339,26.9982,1.52423,241.3536,367.7766,27.71429,36.65368,36.98072,35.0607,416.1604,0.9584832,4
2015-04-24 11:42:00,3.64617,436.285,123.2604,17.62307,13.15373,27.02456,2.031829,233.9975,474.968,27.54567,35.50621,35.80178,33.87252,540.1243,0.966063,4
2015-04-24 11:43:00,5.731749,688.9749,124.153,17.38568,13.154,27.02719,3.364723,223.917,751.4312999999999,27.36624,35.92821,36.56343,35.10934,888.7989,0.9696966,4
2015-04-24 11:44:00,7.584846,920.1254,124.9839,17.43902,13.15391,27.02719,4.427238,225.736,999.824,27.43511,38.22308,39.22637,37.85519,1209.108,0.9713669,4
2015-04-24 11:45:00,8.095721,989.4905,125.3317,17.98028,13.15374,27.02719,4.546657,235.8473,1072.418,27.82836,40.80033,41.89432,40.53487,1283.584,0.9715526,4
2015-04-24 11:46:00,7.66539,939.7308,125.3056,18.44905,13.15368,27.03943,4.163445,244.4566,1017.67,28.29545,43.12779,43.92987,42.40115,1243.04,0.970791,4
2015-04-24 11:47:00,7.593523,926.7769,125.0179,18.22388,13.15353,27.04922,4.063418,246.7735,1002.244,28.36242,43.06032,43.67623,43.29702,1151.389,0.9710101,4
2015-04-24 11:48:00,7.991231,975.4175,125.2679,17.7747,13.15351,27.08292,4.24999,248.6526,1056.755,28.46069,44.1127,44.95724,45.20699,1267.851,0.9701669,4
2015-04-24 11:49:00,8.103970999999998,990.6992,125.3561,17.83112,13.15063,27.12246,4.437459,242.1763,1074.366,28.65862,45.14273,45.91714,46.65692,1293.808,0.9703391,4
2015-04-24 11:50:00,7.945960999999999,971.7946,125.3527,17.96585,13.14787,27.19626,4.410348,238.742,1052.877,28.80631,45.98579,46.92546,48.03194,1273.597,0.971513,4
2015-04-24 11:51:00,7.732196,944.1245,125.1227,17.67808,13.14729,27.2806,4.206219,243.1321,1022.441,28.92517,46.70372,47.99071,49.55388,1245.568,0.9713945,4
2015-04-24 11:52:00,7.708424,938.5602,124.9675,17.96792,13.14775,27.36231,4.251768,239.4011,1017.787,29.1928,47.67665,48.66354,50.61319,1235.133,0.9712882,4
2015-04-24 11:53:00,7.272709,885.0421,124.8345,18.08768,13.1472,27.45193,3.979404,241.5685,961.2936,29.29901,48.317,49.12709,51.51592,1166.4,0.9706049,4
2015-04-24 11:54:00,7.625389,927.6445000000001,124.8878,18.33239,13.14491,27.55473,4.089206,246.5403,1008.063,29.44009,49.06926,50.15738,52.46437,1224.328,0.9699767,4
2015-04-24 11:55:00,6.824258,830.1843,124.6311,18.72769,13.14346,27.66279,3.608111,248.489,896.6912999999998,29.69019,49.15132,49.86573,51.81035,1097.59,0.9687945,4
2015-04-24 11:56:00,7.085804,862.514,124.7014,17.75776,13.14208,27.77632,3.752538,248.2386,931.2403,29.34702,47.61194,48.28611,48.94769,1129.908,0.9712874,4
2015-04-24 11:57:00,6.631567,804.3280999999998,124.5496,17.36621,13.14112,27.88119,3.455954,252.0265,871.7358,29.33206,47.61035,49.11794,49.51503,1051.212,0.9689016,4
2015-04-24 11:58:00,7.434834999999999,901.9619,124.8439,17.37399,13.1379,27.98474,3.857534,254.2285,980.7102000000002,29.37758,47.57724,47.93827,48.36156,1206.035,0.9698815,4
2015-04-24 11:59:00,7.013207,852.2165,124.735,17.71368,13.13649,28.07849,3.632385,254.2795,923.5691,28.94046,46.01163,46.57016,46.29965,1130.749,0.9685323,4
2015-04-24 12:00:00,6.600353,803.3373,124.6316,18.34553,13.13648,28.15606,3.390215,255.9858,867.6020999999998,29.07092,46.16467,47.58673,46.37695,1067.422,0.9689231,4
2015-04-24 12:01:00,7.44195,902.8746000000002,124.7231,18.57573,13.13645,28.23401,3.901767,251.8302,981.6362,29.06448,46.16494,47.60097,46.89848,1161.313,0.9685126,4
2015-04-24 12:02:00,7.578592999999999,923.011,124.9082,18.35893,13.13644,28.30725,4.041595,247.7336,1001.154,29.06623,45.82668,46.88444,45.9171,1206.759,0.9700015,4
2015-04-24 12:03:00,7.570858,921.6172,124.8422,18.20895,13.13642,28.37257,4.123095,242.2981,999.0291,28.49566,44.64581,45.46761,44.15454,1196.254,0.9699883,4
2015-04-24 12:04:00,7.157085,871.9692,124.7379,18.2454,13.13641,28.41738,3.974549,237.473,943.8012000000001,28.15054,44.3789,45.86271,44.46955,1132.628,0.9715692,4
2015-04-24 12:05:00,7.278184,885.6201,124.7663,18.21543,13.1364,28.47236,4.146035,231.6513,960.0769,28.31991,44.73661,46.21214,44.91803,1155.585,0.9715577,4
2015-04-24 12:06:00,7.498554,918.7795,125.8203,17.65409,13.13639,28.49627,4.310919,230.9095,995.4671,28.43431,45.49741,47.48755,45.65021,1203.667,0.9714525,4
2015-04-24 12:07:00,7.430928,915.8356,126.191,17.53737,13.13638,28.54315,4.29677,230.1735,989.0192,28.70227,46.08585,47.44224,45.6683,1206.778,0.9712248,4
2015-04-24 12:08:00,7.239499999999999,889.1757,126.0627,17.44353,13.13637,28.58834,4.108146,234.5795,963.9588,28.68964,45.7671,46.69719,44.41972,1153.577,0.9714025,4
2015-04-24 12:09:00,7.557507,932.7193,126.2024,16.89057,13.13636,28.63503,4.1407,243.8091,1009.398,28.4656,44.42783,44.9407,43.80551,1214.305,0.9713649,4
2015-04-24 12:10:00,4.578457,559.3636,125.0804,16.45928,13.13635,28.68416,2.451519,246.7859,604.331,28.36303,42.64917,43.12216,43.52176,760.4013,0.9662917,4
2015-04-24 12:11:00,2.846416,339.2485,124.0815,16.48257,13.13635,28.73857,1.531311,243.8413,373.43,28.35691,41.27377,42.02844,42.50988,434.9995,0.9538629,4
2015-04-24 12:12:00,2.444922,290.1889,123.8329,16.72911,13.13634,28.7687,1.334054,240.8278,321.2858,28.19988,39.59705,40.03447,39.92413,373.2415,0.9547169,4
2015-04-24 12:13:00,2.295137,272.2433,123.8045,16.87087,13.13634,28.80974,1.243627,243.3215,302.5072,27.66746,36.53042,36.96997,36.55566,344.4611,0.9537842,4
2015-04-24 12:14:00,2.327599,274.0533,123.7812,16.65531,13.13633,28.82103,1.237016,247.6993,306.3991,27.36739,34.97141,36.39498,35.14114,340.9829,0.9448158,4
2015-04-24 12:15:00,2.42069,286.3913,123.8105,17.04552,13.13633,28.82103,1.298968,246.3837,320.1198,27.43287,34.17924,35.75239,34.06082,353.0343,0.9468862,4
2015-04-24 12:16:00,3.258133,384.8658,124.0566,17.32836,13.13633,28.82103,1.740151,247.0149,429.0049,27.28623,33.18203,34.52488,32.85034,456.2815,0.9567549,4
2015-04-24 12:17:00,5.064807,610.5064,124.9359,17.52787,13.13633,28.79562,2.693816,247.6525,666.8382,27.16046,33.19658,34.57425,32.44258,728.791,0.9654745,4
2015-04-24 12:18:00,5.36346,652.1116,125.2178,17.42058,13.13632,28.75552,2.969179,238.319,707.2214,26.97426,33.57563,35.11056,33.49675,804.0869,0.9670002,4
2015-04-24 12:19:00,6.165515,753.5407,125.5969,17.09909,13.13678,28.72483,3.466395,236.1779,818.917,26.91821,34.7055,36.52281,35.0801,940.1287,0.9699991,4
2015-04-24 12:20:00,5.526832,680.1891,125.466,17.24786,13.13632,28.67588,3.067566,238.1475,730.6327999999999,27.2831,35.98122,37.92984,36.47531,869.3798,0.9690184,4
2015-04-24 12:21:00,3.926553,476.0168,124.7137,17.37782,13.13632,28.63239,2.145337,240.7155,516.3809,27.52522,36.16273,37.66831,36.49194,595.6151,0.9654357,4
2015-04-24 12:22:00,3.034162,363.1758,124.2787,17.66329,13.1386,28.60189,1.64083,242.3663,397.6224,27.61599,35.83378,37.15578,36.56031,454.6559,0.9601684,4
2015-04-24 12:23:00,2.781663,330.6319,124.0916,17.67339,13.13952,28.55896,1.479115,247.1323,365.5124,27.45369,34.84035,35.67545,35.47032,405.8507,0.9552419,4
2015-04-24 12:24:00,2.781347,330.6089,124.0281,17.68978,13.14043,28.51321,1.463853,250.1441,366.1544,27.2654,33.84903,34.85839,34.87252,402.8529,0.9525861,4
2015-04-24 12:25:00,2.880708,344.1664,124.1208,17.52011,13.14181,28.4829,1.548354,245.6286,380.2755,27.14429,33.26437,34.36556,34.08245,419.2213,0.9532549,4
2015-04-24 12:26:00,3.133452,375.8376,124.2057,16.90627,13.14135,28.43094,1.65153,251.5446,415.5392,26.67104,31.75553,32.42797,31.97829,452.4976,0.9561557,4
2015-04-24 12:27:00,3.659652,438.3851,124.4819,16.9879,13.1418,28.37239,1.91961,251.6641,482.7251,26.30284,31.07555,32.28171,31.43871,521.6265,0.9595924,4
2015-04-24 12:28:00,4.039189,484.2735,124.6347,17.27566,13.14226,28.30988,2.111614,250.6048,529.235,26.13614,30.85159,31.92667,31.18024,578.64,0.9613597,4
2015-04-24 12:29:00,3.448541,413.4204,124.4793,17.17477,13.14226,28.23137,1.774065,255.16,452.7395,25.84455,30.44443,31.61508,30.82499,512.6282,0.9578698,4
2015-04-24 12:30:00,3.348765,400.3257,124.3539,17.27157,13.14455,28.14289,1.693436,260.8141,441.7969,25.65425,29.86217,31.00043,30.1388,477.6145,0.958832,4
2015-04-24 12:31:00,4.759129,576.7275,125.0008,17.33759,13.14684,28.06004,2.344844,268.8598,630.4587,25.52994,30.45004,31.82808,31.06273,695.5572,0.9653463,4
2015-04-24 12:32:00,3.529065,424.4698,124.5604,17.47682,13.1473,27.96309,1.716439,270.3972,464.0167,25.63579,30.65515,32.08871,31.21283,530.7971,0.9596141,4
2015-04-24 12:33:00,5.45859,664.8054,125.2458,17.51215,13.14776,27.87045,2.644809,273.7908,724.9276999999998,25.69132,31.35443,32.80125,31.92534,813.6135,0.9680023,4
2015-04-24 12:34:00,5.599511,682.7016,125.4974,17.32654,13.14913,27.77877,2.742519,271.1487,743.1599,25.74847,32.57302,34.02291,33.24221,859.2414,0.9670601,4
2015-04-24 12:35:00,5.62614,687.0934,125.4991,17.53946,13.14959,27.69442,2.841824,262.5732,746.1994999999998,25.95311,33.77844,35.35363,34.50842,846.9507,0.9666784,4
2015-04-24 12:36:00,5.071854,616.8161,125.1256,17.74567,13.1505,27.61799,2.60267,256.7993,668.4664,26.18269,34.48166,35.87571,34.98987,754.2577999999999,0.9652862,4
2015-04-24 12:37:00,5.144177,624.3606,125.0501,18.14106,13.15142,27.54945,2.709491,250.0176,677.3998,26.47406,35.17614,36.57022,35.506,761.4529,0.9654527,4
2015-04-24 12:38:00,5.617365,682.2632,125.3866,18.20135,13.15279,27.46247,3.050911,243.5262,742.4297,26.60001,35.6967,36.96636,36.10937,834.8406,0.9669616,4
2015-04-24 12:39:00,6.321288,774.3143,125.8727,18.24263,13.15096,27.39921,3.5217,238.4014,839.5875999999998,26.78445,36.93798,38.31035,37.32213,971.4828,0.9702665,4
2015-04-24 12:40:00,5.822107,713.216,125.7616,18.64837,13.15004,27.35441,3.255442,237.3765,772.6654999999998,27.15043,38.07319,39.33407,38.19419,896.6567,0.9698331,4
2015-04-24 12:41:00,5.888309,719.6684,125.6705,18.63212,13.14867,27.31223,3.350648,232.9009,780.4266,27.26308,38.7582,39.55452,38.45627,915.8352000000002,0.9697168,4
2015-04-24 12:42:00,5.74647,704.4202,125.5795,18.7944,13.14775,27.3096,3.169119,240.4,761.6597,27.48205,39.30072,39.84052,39.04951,885.7331,0.9693767,4
2015-04-24 12:43:00,5.613807,684.9666,125.5041,18.80256,13.1473,27.2806,2.98554,248.3433,741.3855999999998,27.61526,39.44967,40.05572,38.58484,848.3309,0.9676744,4
2015-04-24 12:44:00,5.362031,651.517,125.3834,18.6253,13.1473,27.26479,2.843642,248.6906,707.1745,27.77456,39.75448,40.6899,38.64601,804.5657,0.9656577,4
2015-04-24 12:45:00,5.389553,655.4082,125.3228,18.55264,13.1473,27.24634,2.827015,251.8679,712.0745,27.98293,40.13113,41.00681,39.34407,805.8936,0.9657714,4
2015-04-24 12:46:00,5.093405,619.0364,125.2584,18.81183,13.1473,27.24634,2.737276,245.1659,671.1025,28.32328,40.86438,41.83671,40.58772,772.139,0.9646286,4
2015-04-24 12:47:00,4.38426,529.335,124.8639,19.06195,13.14638,27.24634,2.346887,246.0371,577.5645,28.67356,41.05913,42.08468,40.73748,651.9135,0.9627283,4
2015-04-24 12:48:00,5.819154,703.0591,125.2106,19.13293,13.14317,27.25161,3.085755,249.8806,770.1929,28.9181,41.21452,41.93407,41.42301,848.2119,0.9667025,4
2015-04-24 12:49:00,5.781782,705.9943,125.4512,18.78871,13.14272,27.2806,3.116731,244.1694,761.4092,29.1442,42.01873,42.6877,42.64007,903.0849,0.9649577,4
2015-04-24 12:50:00,4.670057,563.4141,124.9818,18.54153,13.1418,27.3096,2.514977,244.2662,614.4662,29.28787,41.64774,42.33606,42.27829,692.0333,0.963476,4
2015-04-24 12:51:00,4.604369,555.6399,124.9256,18.86737,13.1418,27.32278,2.428654,248.252,602.9586,29.39876,41.40083,41.92304,41.45829,683.4577,0.9633827,4
2015-04-24 12:52:00,4.843418,587.4506,124.9839,19.06431,13.13905,27.35704,2.660518,239.7222,637.4578,29.50481,41.48228,42.00975,40.85116,723.5701,0.9658391,4
2015-04-24 12:53:00,4.455681,541.2919,124.9383,19.19448,13.1363,27.39658,2.432298,241.5501,587.5775,29.61868,41.1693,41.14977,41.06119,670.5744,0.9675813,4
2015-04-24 12:54:00,4.438299,539.2676,124.8636,19.03781,13.1363,27.43611,2.413166,242.501,585.1501,29.5033,40.62572,40.54067,40.21929,664.097,0.967659,4
2015-04-24 12:55:00,4.12699,499.2032,124.725,18.89205,13.1363,27.46247,2.222299,244.2889,542.8336,29.54111,40.60377,40.98372,40.26772,612.6439,0.9663529,4
2015-04-24 12:56:00,3.903168,471.4552,124.6176,18.86947,13.1363,27.51782,2.040999,250.5923,511.4445,29.54532,40.0695,40.31046,40.28128,580.3268,0.9605455,4
2015-04-24 12:57:00,3.107225,368.998,124.2293,18.67589,13.1363,27.53627,1.615534,251.0023,405.4907,29.39534,38.53466,38.50679,39.26054,454.1164,0.9553102,4
2015-04-24 12:58:00,2.806081,330.5914,124.0756,18.29496,13.1363,27.56263,1.451999,250.7574,364.0991,29.25869,37.01696,37.24204,38.39179,405.7308,0.9521508,4
2015-04-24 12:59:00,2.568538,301.1687,123.9685,18.23372,13.1363,27.59163,1.335612,250.6663,334.7719,29.17766,36.03445,36.57448,37.65717,368.6771,0.9486021,4
2015-04-24 13:00:00,2.388065,278.7613,123.8641,18.3036,13.1363,27.59426,1.248378,248.6108,310.3715,28.99139,34.94407,35.33115,36.56575,341.0367,0.944812,4
2015-04-24 13:01:00,2.1977,254.9608,123.7453,18.16591,13.1363,27.59426,1.149756,247.694,284.8029,28.67391,33.25275,33.67749,35.11561,312.6169,0.9408807,4
2015-04-24 13:02:00,2.005817,231.2954,123.6412,17.5467,13.13585,27.5969,1.069127,242.7857,259.5769,28.30849,31.57382,31.98931,33.64371,286.2957,0.9365205,4
2015-04-24 13:03:00,1.855304,213.6217,123.5579,17.27483,13.1363,27.59426,0.9919149,242.7914,240.7931,27.95118,30.81019,31.74412,33.06721,264.3512,0.9326696,4
2015-04-24 13:04:00,1.761805,202.1788,123.5671,17.27268,13.1363,27.59426,0.9242688,248.1495,229.3572,27.76184,30.2494,31.17497,32.27221,247.2634,0.9276268,4
2015-04-24 13:05:00,1.679698,192.1129,123.505,17.31322,13.1363,27.57845,0.8919262,246.3331,219.7092,27.77464,29.86348,30.89067,31.89402,234.6124,0.9246747,4
2015-04-24 13:06:00,1.639047,187.933,123.5191,17.30724,13.1363,27.55209,0.8691497,249.277,216.6491,27.6822,29.23997,30.07799,31.4091,227.5974,0.9231077,4
2015-04-24 13:07:00,1.633231,187.724,123.6109,17.36202,13.1363,27.531,0.8570782999999998,251.4749,215.5275,27.58821,28.69773,29.6432,30.90856,225.5589,0.923235,4
2015-04-24 13:08:00,1.662591,191.7637,123.6864,17.16032,13.1363,27.49938,0.8627723,256.2238,221.0525,27.50479,28.00073,28.77974,30.37138,229.1563,0.9260598,4
2015-04-24 13:09:00,1.668346,192.9447,123.6828,16.99167,13.1363,27.43611,0.8598114,259.8225,223.3902,27.29083,27.1182,27.74542,29.42329,230.2355,0.9266424,4
2015-04-24 13:10:00,1.8144,209.1163,123.8029,16.86073,13.1363,27.41766,0.9285963,254.9028,236.6983,27.10867,26.46354,27.1032,28.92403,246.9057,0.9309242,4
2015-04-24 13:11:00,1.733816,199.6437,123.735,16.9576,13.1363,27.36759,0.9099196,251.4578,228.8082,26.93301,26.16188,26.89068,28.7157,237.0737,0.9272072,4
2015-04-24 13:12:00,1.71451,197.3355,123.6539,16.97264,13.13676,27.32541,0.9128806,246.5267,225.0482,26.79186,25.77846,26.24886,28.13606,236.4137,0.9256563,4
2015-04-24 13:13:00,1.720695,198.4332,123.6656,17.00537,13.13997,27.28587,0.9005813,252.1354,227.0521,26.58158,25.32749,25.6902,27.74724,235.9938,0.926801,4
2015-04-24 13:14:00,1.713179,197.3368,123.6464,17.04889,13.14134,27.23316,0.8743883,258.0573,225.6095,26.29651,24.90053,25.2177,27.32922,234.1347,0.9276111,4
2015-04-24 13:15:00,1.668092,191.7949,123.6452,16.88027,13.1418,27.17517,0.8406791999999998,262.7265,220.8655,26.04839,24.50289,24.78605,26.90767,228.4986,0.9271436,4
2015-04-24 13:16:00,1.598626,182.8422,123.6203,16.9183,13.1418,27.11982,0.8037813,261.4112,210.1075,25.86433,24.06289,24.25778,26.2169,218.2482,0.9240453,4
2015-04-24 13:17:00,1.523958,173.5029,123.5966,16.44991,13.14317,27.05694,0.7773605999999998,259.9648,202.069,25.39477,23.24374,23.16876,24.96664,207.276,0.9192393,4
2015-04-24 13:18:00,1.466562,166.4285,123.5082,16.28425,13.14409,26.98766,0.756634,255.3071,193.1686,24.94222,22.71609,22.76633,24.76606,199.1808,0.9157978,4
2015-04-24 13:19:00,1.400192,157.501,123.4893,16.20073,13.1473,26.90594,0.7363629,250.1254,184.1877,24.53311,22.22308,22.21275,24.12619,190.5468,0.909946,4
2015-04-24 13:20:00,1.327085,148.285,123.4715,16.22137,13.1473,26.8184,0.7047037,246.7146,173.8425,24.06764,21.64429,21.54769,23.37027,181.3127,0.9029151,4
2015-04-24 13:21:00,1.266871,140.1664,123.3984,16.42716,13.14959,26.72219,0.6757775999999999,246.3217,166.4485,23.63436,21.28347,21.31661,23.15931,172.2592,0.8945587999999999,4
2015-04-24 13:22:00,1.209923,132.8558,123.3899,16.52256,13.15096,26.62373,0.6397907999999999,247.5972,158.4328,23.34646,20.97707,20.98605,22.68944,163.8667,0.8874625999999999,4
2015-04-24 13:23:00,1.142701,124.0225,123.3944,16.41288,13.15279,26.52112,0.6124589999999999,241.9657,148.1917,22.99622,20.65138,20.66934,22.28841,155.7725,0.8768291,4
2015-04-24 13:24:00,1.096591,118.2647,123.3619,16.01578,13.15783,26.40533,0.5837607,244.4085,142.6698,22.52295,20.06163,20.00833,21.54613,148.7584,0.8707253999999999,4
2015-04-24 13:25:00,1.039706,110.6715,123.3065,15.78187,13.15829,26.28503,0.5484618,243.9095,133.7719,22.07092,19.57891,19.53942,20.91977,140.5443,0.8609379,4
2015-04-24 13:26:00,0.9834342,103.7699,123.2557,15.44727,13.15921,26.15775,0.5181822,244.6446,126.746,21.43344,19.06236,18.9271,20.27527,132.9901,0.8525935,4
2015-04-24 13:27:00,0.9450465,98.46637,123.245,15.37557,13.16195,26.019,0.4819652999999999,254.0112,122.4002,20.93409,18.67438,18.63828,19.91389,125.3158,0.8400766,4
2015-04-24 13:28:00,0.8935543,91.57217,123.3161,15.471,13.16745,25.87535,0.4373198999999999,261.7143,114.4436,20.58755,18.44907,18.45255,19.65735,118.0617,0.8277562,4
2015-04-24 13:29:00,0.8447215999999999,85.03561,123.237,15.36113,13.16928,25.72097,0.4102257999999999,264.1413,108.3536,20.27305,18.22145,18.23673,19.34087,111.2862,0.8120207,4
2015-04-24 13:30:00,0.8018157,78.81579999999998,123.1698,15.40746,13.17249,25.56244,0.3840456999999999,264.1282,101.4271,20.00821,17.97704,17.99998,19.05333,104.4509,0.7932382,4
2015-04-24 13:31:00,0.7684841,73.78458,123.145,15.32962,13.17707,25.40185,0.3703815999999999,258.7375,95.83078,19.71437,17.75855,17.78149,18.74089,97.9157,0.7732406,4
2015-04-24 13:32:00,0.7349558,68.73829,123.1092,15.3905,13.18027,25.23711,0.3501113,258.7339,90.59284,19.50353,17.62416,17.70345,18.59633,92.34003000000001,0.7526399,4
2015-04-24 13:33:00,0.7101186999999999,64.79221,123.0787,15.36392,13.1805,25.0703,0.3421467,253.5177,86.74462,19.3646,17.49236,17.52715,18.38631,87.54379,0.7335376999999998,4
2015-04-24 13:34:00,0.6864915,60.78121,123.1289,15.26921,13.18438,24.90425,0.3312204,244.0985,80.84408,19.19248,17.32099,17.36971,18.17008,83.40707999999998,0.7113344999999999,4
2015-04-24 13:35:00,0.6675191,57.72538,123.0808,15.18971,13.18688,24.73179,0.3278106,242.4238,79.47521,18.99021,17.16042,17.21125,17.96392,80.16924,0.694848,4
2015-04-24 13:36:00,0.6521432999999999,55.75446,123.1526,15.21672,13.19207,24.5471,0.3152863,239.3124,75.45594,18.85466,17.09678,17.21236,17.90873,77.59094,0.6841407,4
2015-04-24 13:37:00,0.6407958999999999,53.65765,123.158,15.25537,13.19226,24.37088,0.2957007999999999,239.3741,70.7797,18.81826,17.07128,17.17851,17.82769,74.83292,0.6705111999999999,4
2015-04-24 13:38:00,0.6293045,52.26411,123.1582,15.22902,13.19648,24.20162,0.3009434999999999,239.3309,72.02854,18.75863,17.01138,17.13464,17.75956,73.15411,0.665317,4
2015-04-24 13:39:00,0.6259533999999999,51.76935,123.1687,14.93052,13.19983,24.03839,0.2975316,239.2384,71.18198,18.56306,16.80676,16.84787,17.44532,72.31493,0.6609540999999999,4
2015-04-24 13:40:00,0.6200044,50.73084,123.1438,14.79881,13.20266,23.86687,0.2936604999999999,239.2171,70.25077,18.34031,16.63341,16.71218,17.28333,71.17579,0.6541198999999999,4
2015-04-24 13:41:00,0.6140062,49.30716,123.1539,14.78783,13.20371,23.69856,0.2856913999999999,239.1697,68.32749,18.18643,16.54326,16.64433,17.23154,69.4972,0.6422103,4
2015-04-24 13:42:00,0.6046222,47.26021,123.1643,14.77235,13.20467,23.531,0.2784018999999999,239.011,66.54149,18.08793,16.46049,16.59434,17.144,67.39861,0.6257338,4
2015-04-24 13:43:00,0.5879600999999999,43.65746,123.178,14.76665,13.208,23.37116,0.2556226999999999,239.0881,61.118,18.02216,16.4168,16.54717,17.09828,63.38145,0.5943618,4
2015-04-24 13:44:00,0.5808556999999999,40.02102,123.1717,14.78175,13.21123,23.2019,0.240131,239.2425,57.44999,18.02342,16.38947,16.54007,17.00414,59.12411,0.5498821,4
2015-04-24 13:45:00,0.5706493999999999,36.51904,123.1512,14.68608,13.215,23.03867,0.2209959,239.3933,52.90583,17.95711,16.28873,16.42891,16.8896,54.80708,0.511515,4
2015-04-24 13:46:00,0.5606271999999999,33.11824,123.0576,14.64667,13.21501,22.87318,0.2055037,239.16,49.14749,17.90321,16.19838,16.33998,16.73735,50.18988,0.4721295999999999,4
2015-04-24 13:47:00,0.5538378999999999,29.6817,122.9537,14.59247,13.21647,22.71805,0.1938862,239.1339,46.36399,17.88023,16.11584,16.29165,16.62776,46.11294,0.427281,4
2015-04-24 13:48:00,0.5674006,26.49871,122.9774,14.37542,13.22013,22.5614,0.169736,238.8891,40.54593,17.74846,15.92846,16.0527,16.41338,42.39512,0.3730614999999999,4
2015-04-24 13:49:00,0.5633706,23.82005,123.054,14.05748,13.2224,22.39347,0.1597124,239.2611,38.21072,17.5838,15.71015,15.81489,16.17085,38.85759,0.3383621,4
2015-04-24 13:50:00,0.5417813,21.4633,123.0497,13.86423,13.22609,22.23946,0.146726,239.3126,35.11335,17.42208,15.49055,15.6142,15.95285,36.27916,0.3174941,4
2015-04-24 13:51:00,0.5355389,19.5283,123.1094,13.73482,13.22732,22.07548,0.1430814,239.1031,34.21077,17.24496,15.2947,15.41001,15.73062,33.76146,0.2902752,4
2015-04-24 13:52:00,0.5254444,17.81095,123.1272,13.69948,13.22737,21.91582,0.1335123,239.2229,31.94008,17.1241,15.16428,15.34111,15.6457,32.20249,0.2703580999999999,4
2015-04-24 13:53:00,0.5241086999999999,16.46871,123.0947,13.75068,13.22989,21.7573,0.1303232,239.2011,31.17134,17.08165,15.09646,15.29988,15.61428,30.6442,0.2491812999999999,4
2015-04-24 13:54:00,0.5248197,15.35566,123.0377,13.74116,13.23361,21.59934,0.1196149,239.2014,28.61199,17.00923,14.99927,15.19434,15.4613,29.38504,0.2333494999999999,4
2015-04-24 13:55:00,0.521912,14.40416,122.9597,13.73894,13.23515,21.4444,0.1152864,238.9515,27.54856,16.93219,14.92539,15.14286,15.37701,28.42607,0.2200136,4
2015-04-24 13:56:00,0.5228530999999998,13.74074,123.0592,13.71716,13.23842,21.29321,0.110274,239.3049,26.38897,16.83523,14.84686,15.06857,15.2804,27.46672,0.2084288,4
2015-04-24 13:57:00,0.5233449,13.06914,123.1102,13.74673,13.239,21.1441,0.1139197,239.1573,27.24468,16.76743,14.79547,15.0319,15.23117,26.80738,0.1982284,4
2015-04-24 13:58:00,0.5236370999999999,12.5369,123.0931,13.77257,13.24225,20.96788,0.1089073,239.2601,26.05536,16.73812,14.73386,15.01229,15.19618,25.90799,0.1901373,4
2015-04-24 13:59:00,0.5238361,12.021,123.1161,13.74027,13.24464,20.81425,0.09523711,239.4371,22.80339,16.73863,14.663,14.96524,15.14217,25.06874,0.182537,4
2015-04-24 14:00:00,0.5229996999999998,11.60262,123.1112,13.73892,13.24514,20.67286,0.0986548099999999,239.1639,23.59495,16.75164,14.62435,14.94339,15.10983,24.46919,0.1761863999999999,4
2015-04-24 14:01:00,0.5224548,11.15407,123.0946,13.7199,13.2475,20.5341,0.1059458,238.9932,25.322,16.7764,14.5891,14.93614,15.07041,23.62981,0.1698224999999999,4
2015-04-24 14:02:00,0.5203868,10.7043,123.1372,13.72087,13.25029,20.39591,0.100022,239.4036,23.94519,16.76882,14.55417,14.89074,15.01033,23.03032,0.1636605999999999,4
2015-04-24 14:03:00,0.5200306999999998,10.28221,123.1107,13.71074,13.25034,20.26205,0.0890857699999999,239.2329,21.31069,16.6625,14.51035,14.83926,14.93159,22.37084,0.1573729,4
2015-04-24 14:04:00,0.5182459999999999,9.905453,123.1719,13.56307,13.25038,20.11991,0.09341481,239.0337,22.32806,16.4844,14.43088,14.74095,14.79483,21.95127,0.1511667999999999,4
2015-04-24 14:05:00,0.5201415999999999,9.601112,123.1959,13.4781,13.25133,19.98944,0.0915921299999999,238.2933,21.81479,16.39268,14.37098,14.69789,14.75107,21.59161,0.1452468,4
2015-04-24 14:06:00,0.5340146,9.010783,123.11,13.45021,13.25457,19.85068,0.0947819899999999,212.3082,20.06619,16.37971,14.30814,14.647,14.70369,20.81217,0.1341507,4
2015-04-24 14:07:00,0.520573,7.653862,122.984,13.30642,13.25597,19.71795,0.0961490599999999,193.5513,18.61168,16.33037,14.21163,14.54916,14.55756,20.2725,0.1166324,4
2015-04-24 14:08:00,0.5198232999999999,7.046554,122.4684,13.09681,13.25875,19.58917,0.0950099199999999,194.0469,18.43828,16.1693,14.08631,14.39941,14.39311,19.13317,0.1077704,4
2015-04-24 14:09:00,0.5206267,6.565503,122.223,12.96824,13.26151,19.45531,0.08612411,193.6938,16.68018,16.02544,13.94674,14.28165,14.24663,18.23362,0.1009404,4
2015-04-24 14:10:00,0.5233763999999999,6.141466,122.3057,12.94439,13.26154,19.32465,0.08976963,193.8306,17.39832,15.97018,13.85845,14.21301,14.17868,17.69402,0.0937697299999999,4
2015-04-24 14:11:00,0.5250648,5.806069,122.2497,13.01643,13.2643,19.19607,0.08612417,193.7395,16.6883,15.89033,13.70607,14.01308,14.032,16.91435,0.0881464899999999,4
2015-04-24 14:12:00,0.5293284,5.503083,122.2871,12.84257,13.26707,19.06088,0.0822509,194.0472,15.96258,15.7723,13.34612,13.57692,13.6197,15.77504,0.08279214,4
2015-04-24 14:13:00,0.5357627,5.191852,122.3044,12.64288,13.26983,18.91817,0.0865799,194.1953,16.81432,15.59229,12.95461,13.28807,13.31684,14.33555,0.0768047899999999,4
2015-04-24 14:14:00,0.5379034999999999,4.892378,122.3026,12.66609,13.2726,18.77001,0.0767827299999999,193.7682,14.88117,15.39769,12.72034,13.13468,13.19926,13.25621,0.07246165,4
2015-04-24 14:15:00,0.5362212,4.623955,122.2597,12.68552,13.2726,18.59284,0.07564353,193.865,14.6625,15.22561,12.65908,13.00957,13.1535,12.83636,0.068471,4
2015-04-24 14:16:00,0.5342512,4.320719,122.2714,12.74105,13.27491,18.43639,0.07199808,193.905,13.9621,15.13985,12.68652,12.98787,13.21043,12.47676,0.06430044,4
2015-04-24 14:17:00,0.5309932,3.993466,122.2197,12.66926,13.27857,18.28709,0.0722259299999999,193.7796,13.99395,15.09515,12.72451,12.99775,13.22382,12.47676,0.06043695,4
2015-04-24 14:18:00,0.5263432,3.753013,122.246,12.62348,13.28042,18.13986,0.0678969499999999,193.6487,13.1482,15.03222,12.72937,12.98154,13.12058,12.53702,0.0571620899999999,4
2015-04-24 14:19:00,0.5261033,3.538351,122.2429,12.52665,13.28317,17.99508,0.06858047,193.7455,13.28706,14.92224,12.57042,12.75593,12.96666,12.2971,0.05430083,4
2015-04-24 14:20:00,0.5250844,3.355345,122.2937,12.65905,13.28456,17.84654,0.0660742299999999,193.831,12.80702,14.77223,12.49292,12.7726,12.95522,12.11736,0.05134739,4
2015-04-24 14:21:00,0.5260652999999998,3.062432,122.3341,12.51992,13.28876,17.70326,0.07177029,193.6943,13.9002,14.67284,12.40925,12.6939,12.88287,11.51755,0.04631782,4
2015-04-24 14:22:00,0.5275064999999999,2.686081,122.318,12.56141,13.29051,17.55114,0.06880835,191.2109,13.15887,14.59673,12.43539,12.76149,12.91392,11.51784,0.04052903,4
2015-04-24 14:23:00,0.5302314999999999,2.236099,122.2711,12.6497,13.29519,17.40391,0.0647071899999999,187.6224,12.1333,14.57883,12.54675,12.84959,12.98093,11.51794,0.03364207,4
2015-04-24 14:24:00,0.5315389,1.800645,122.3062,12.64156,13.29546,17.26139,0.0647072,183.9086,11.9004,14.57407,12.6354,12.93819,13.05476,11.51822,0.0266505299999999,4
2015-04-24 14:25:00,0.5303178,1.323924,122.3347,12.61504,13.29648,17.12584,0.06151741,180.6276,11.11264,14.56026,12.67631,12.99384,13.08934,11.09841,0.01973401,4
2015-04-24 14:26:00,0.5291259,0.7601098,122.3383,12.75352,13.30034,16.99612,0.06197309,175.7632,10.8966,14.53551,12.76031,13.07429,13.12835,10.25878,0.01174287,4
2015-04-24 14:27:00,0.5281866,0.2616690999999999,122.3458,12.64552,13.30133,16.87713,0.05946684,171.9526,10.22923,14.51605,12.65011,12.96486,12.94308,9.718949,0.0039779919999999,4
2015-04-24 14:28:00,0.5290211,-0.1948966,122.3774,12.47976,13.30241,16.75701,0.0580997799999999,168.4951,9.785863,14.44366,12.29971,12.73415,12.59429,9.05923,-0.002956493,4
2015-04-24 14:29:00,0.5302472999999999,-0.5525107,122.3537,12.28154,13.30725,16.63483,0.05559443,164.8524,9.162767,14.39097,11.99989,12.4627,12.35864,7.919425,-0.008352725,4
2015-04-24 14:30:00,0.5316077,-0.7483861,122.4387,12.22506,13.30763,16.50435,0.0508105599999999,163.0267,8.284961,14.37761,11.83729,12.32838,12.26297,7.07962,-0.0112827699999999,4
2015-04-24 14:31:00,0.5328015999999999,-0.8763547999999999,122.4737,12.20904,13.30834,16.37407,0.05559523,162.4622,9.030802,14.35742,11.76909,12.29612,12.24126,6.419703,-0.0131761299999999,4
2015-04-24 14:32:00,0.5320975,-0.8813067,122.4865,12.20334,13.31226,16.25188,0.05377225,162.0744,8.715171,14.32367,11.80483,12.31495,12.29596,6.419752,-0.0132593799999999,4
2015-04-24 14:33:00,0.5312449999999999,-0.8059886,122.4609,12.14601,13.31387,16.1297,0.05240699,162.9519,8.541627,14.30818,11.84978,12.31274,12.3465,6.659854,-0.01214223,4
2015-04-24 14:34:00,0.5312601,-0.7445541,122.5256,12.07793,13.31633,16.01579,0.04762334,163.5884,7.791759,14.32346,11.88834,12.29712,12.37307,7.319923,-0.0112114,4
2015-04-24 14:35:00,0.5310805,-0.7652109999999999,122.5396,12.05645,13.3193,15.90885,0.0471692199999999,163.1097,7.695585,14.36671,11.90074,12.27787,12.36649,7.680046,-0.01153903,4
2015-04-24 14:36:00,0.5313234,-0.9306286,122.4218,11.84173,13.31941,15.81114,0.04375188,161.4774,7.061639,14.35413,11.78035,12.15758,12.19486,7.500104999999999,-0.0140203199999999,4
2015-04-24 14:37:00,0.5331339,-1.154406,122.4689,11.63024,13.32004,15.71738,0.05058969,158.7136,8.029553,14.32242,11.55898,11.94976,11.94623,6.720243,-0.01732993,4
2015-04-24 14:38:00,0.4238941,0.5101748999999999,122.5005,11.37776,13.32013,15.62381,0.0364613599999999,196.5438,6.626581,14.23209,11.29974,11.69916,11.64282,6.000292,0.03243341,4
2015-04-24 14:39:00,0.3862062,1.06999,122.4371,11.1793,13.32029,15.54436,0.0369180699999999,193.6779,6.871146,14.14544,11.04346,11.44519,11.40785,5.160346,0.04312341,4
2015-04-24 14:40:00,0.4008834,0.5323712,122.4482,10.93235,13.3208,15.44514,0.03327207,205.5291,6.61015,13.98216,10.65274,11.06042,11.01529,4.140305,0.03481403,4
2015-04-24 14:41:00,0.4311765,0.4104974,122.457,10.65586,13.3214,15.35421,0.0410212199999999,189.353,7.418396999999999,13.74996,10.16963,10.59605,10.52406,2.460231,0.0319682599999999,4
2015-04-24 14:42:00,0.2716320999999999,1.929251,122.456,10.495,13.32555,15.26102,0.03395662,203.9505,6.773703,13.60666,9.724242,10.18706,10.07545,1.140113,0.0784432699999999,4
2015-04-24 14:43:00,0.3640997,1.485145,122.4539,10.40884,13.32659,15.16801,0.03714785,190.5594,7.088714,13.49013,9.479434,9.921987,9.830821,0.2400255,0.05598012,4
2015-04-24 14:44:00,0.371383,0.8770295,122.4825,10.29204,13.32843,15.0671,0.0376037399999999,193.3858,7.141647,13.3601,9.256392,9.6956,9.58813,-0.2400260999999999,0.0438961199999999,4
2015-04-24 14:45:00,0.3496574,1.457157,122.5039,10.26621,13.33175,14.96863,0.03236254,206.824,6.717018,13.25484,9.147099,9.612605,9.501572,-1.200157,0.0637244099999999,4
2015-04-24 14:46:00,0.3476449999999999,1.317165,122.4645,10.37571,13.33358,14.86583,0.03464161,188.6658,6.366566,13.1531,8.996384,9.458487000000002,9.346005000000002,-1.080141,0.05592376,4
2015-04-24 14:47:00,0.3818358,0.9852462,122.4881,10.19802,13.33733,14.76379,0.02826062,194.1265,5.170399,12.99797,8.848382,9.323367,9.141492,-1.380199,0.05094137,4
2015-04-24 14:48:00,0.3818749,1.453643,122.5597,10.32572,13.33826,14.65572,0.0389723699999999,194.5086,7.600538,12.87899,8.763866999999998,9.23468,9.093126,-0.7201047,0.06027089,4
2015-04-24 14:49:00,0.3973392,1.396708,122.5768,10.39007,13.34153,14.54747,0.0325912199999999,192.687,6.110863,12.7992,8.66366,9.085008,9.067311,-0.5400854,0.05630848,4
2015-04-24 14:50:00,0.3545879,1.123544,122.6438,10.32612,13.34245,14.43187,0.03008424,200.2654,5.920099,12.7823,8.543877999999998,8.905846999999998,8.925672999999998,0.3600581999999999,0.0498352899999999,4
2015-04-24 14:51:00,0.3945627999999999,1.281081,122.5885,10.25549,13.34296,14.32022,0.04102426,209.9131,8.224256,12.77219,8.504589,8.843925999999998,8.870838,1.020172,0.05068605,4
2015-04-24 14:52:00,0.5744909999999999,-0.2324269999999999,122.5935,10.24181,13.34755,14.20933,0.0503687599999999,164.8266,8.342563,12.77201,8.519273,8.868518,8.874891,1.560271,-0.003619769,4
2015-04-24 14:53:00,0.540723,-1.150927,122.597,10.19823,13.3485,14.09769,0.04467116,158.594,7.085498,12.77812,8.549476,8.902243999999998,8.895870999999998,2.100391,-0.0173299399999999,4
2015-04-24 14:54:00,0.5436805999999998,-1.036077,122.6238,10.17013,13.35233,14.00073,0.04877369,158.9476,7.752543,12.77999,8.55057,8.856605999999998,8.894849,2.16042,-0.01566323,4
2015-04-24 14:55:00,0.5452358,-1.00139,122.6851,10.08846,13.35449,13.89793,0.0462668099999999,159.1077,7.360361,12.71837,8.488279999999998,8.816321999999998,8.831193,2.820595,-0.01485245,4
2015-04-24 14:56:00,0.5388914,-1.234683,122.656,9.955886,13.35477,13.80304,0.04831813,158.3957,7.652176,12.68372,8.387430999999998,8.685071,8.733954,3.180686,-0.01865019,4
2015-04-24 14:57:00,0.4682965,-0.2789107,122.8047,9.853229,13.35533,13.70608,0.0376061899999999,180.9427,6.550615,12.6653,8.333412,8.60841,8.671468,4.080912,0.006891948,4
2015-04-24 14:58:00,0.364796,0.9813285,122.9118,9.796258000000002,13.35744,13.61421,0.0325920999999999,200.6293,6.210493,12.60488,8.290241,8.686418,8.690669,4.320996,0.0474607199999999,4
2015-04-24 14:59:00,0.4084227,1.300452,122.94,10.11701,13.36058,13.52516,0.0280338,204.8519,5.628252,12.53324,8.306655,8.748155,8.714856,3.840923,0.04912732,4
2015-04-24 15:00:00,0.3774098,1.436005,122.9371,10.1113,13.36269,13.43686,0.0335050299999999,199.8395,6.839291,12.42788,8.224505,8.582468999999998,8.537114,3.000746,0.0563589,4
2015-04-24 15:01:00,0.3356573999999999,1.254442,122.9784,9.79202,13.36525,13.33877,0.0344179299999999,192.9057,6.608171,12.24727,8.079276,8.423165,8.3381,1.980512,0.05864206,4
2015-04-24 15:02:00,0.367441,1.260235,122.9768,9.695581,13.36779,13.2388,0.0321395699999999,190.5816,5.971972,11.99293,7.978915,8.404401,8.218634,1.440392,0.05281058,4
2015-04-24 15:03:00,0.3856639,1.158952,122.9518,9.643053,13.36797,13.13506,0.02894918,189.6228,5.351934,11.72344,7.812335,8.224482999999998,7.923737,1.080304,0.0494437,4
2015-04-24 15:04:00,0.3928052,1.073186,122.9579,9.622561,13.36866,13.02436,0.03077384,191.0929,5.725547,11.56095,7.766981999999999,8.194787,7.866336999999999,0.9602788,0.0480876999999999,4
2015-04-24 15:05:00,0.3574916,1.785134,122.9784,9.534724,13.37152,12.91666,0.0321418899999999,202.3856,6.306704,11.44869,7.653815,8.085269999999998,7.770937,0.8402513999999999,0.06679638,4
2015-04-24 15:06:00,0.3196885999999999,1.14753,122.9282,9.536192,13.374,12.81349,0.0339664999999999,201.2629,6.559612,11.42061,7.65528,8.051273,7.875312,1.200374,0.05403239,4
2015-04-24 15:07:00,0.3908245,1.377037,122.9722,9.595334,13.3773,12.70674,0.0380701499999999,193.2459,7.247078,11.41789,7.678776,8.092487999999998,7.920798999999999,1.440455,0.0471496299999999,4
2015-04-24 15:08:00,0.4268352,0.6300322,122.963,9.615067,13.37976,12.60602,0.03305571,192.8116,6.275126,11.4283,7.729078,8.154094,7.980297,1.440472,0.02930086,4
2015-04-24 15:09:00,0.3614769999999999,1.475029,123.0035,9.734281,13.37981,12.50868,0.02553282,213.3644,5.252919,11.43013,7.875008,8.227572,8.150975,2.160717,0.0570291299999999,4
2015-04-24 15:10:00,0.5759769999999999,-0.4952540999999999,123.0316,9.724361,13.385,12.41605,0.0401237899999999,161.2018,6.468462,11.38662,7.899961,8.148973,8.185145,2.88099,-0.0072348439999999,4
2015-04-24 15:11:00,0.5592004999999999,-0.8554148999999999,123.0319,9.802502,13.38503,12.32531,0.0476471899999999,158.974,7.575553,11.35772,7.985798,8.236893999999998,8.28866,4.021392,-0.0126637,4
2015-04-24 15:12:00,0.5620378,-0.7731092,123.0516,10.00557,13.38837,12.22722,0.05015576,159.0052,7.974491,11.34544,8.010962,8.181207,8.298221,4.921762,-0.01167117,4
2015-04-24 15:13:00,0.5598518,-0.5921547999999999,123.0443,9.961457,13.39113,12.12875,0.0522077,158.9143,8.296027,11.34691,7.965608999999999,8.084798,8.259985,6.122197,-0.008883844,4
2015-04-24 15:14:00,0.5548781,-0.2341748999999999,123.0495,10.13898,13.39125,12.04779,0.0515245199999999,158.9623,8.19004,11.37295,8.160529,8.404464,8.546953999999998,6.962575,-0.0035895549999999,4
2015-04-24 15:15:00,0.5476303,0.2904862,123.0151,10.60177,13.39125,11.97267,0.04901674,158.8598,7.785571,11.37599,8.209687,8.406814,8.498965,7.62282,0.004040115,4
2015-04-24 15:16:00,0.548842,0.7824124,122.9903,10.46583,13.39133,11.89737,0.06452041,158.9357,10.25292,11.33372,8.213953999999998,8.347979999999998,8.48339,8.523382,0.01114454,4
2015-04-24 15:17:00,0.5487233999999999,1.008671,122.9981,10.54706,13.39134,11.82884,0.06201265,158.9017,9.853698,11.22352,8.228645999999998,8.501618,8.440656,8.883539,0.01439747,4
2015-04-24 15:18:00,0.5475778,1.150788,123.0075,10.89569,13.39141,11.76482,0.0608732,158.8916,9.671566,11.12842,8.225281,8.459970999999998,8.402545,9.303863,0.01701257,4
2015-04-24 15:19:00,0.5462936999999999,1.411075,123.025,10.82397,13.39371,11.70458,0.06155725,159.0457,9.793084,11.02154,8.161063999999998,8.448242999999998,8.268864,9.844112,0.02095587,4
2015-04-24 15:20:00,0.5424531999999999,1.761323,122.9754,10.63,13.39559,11.6464,0.0731852,158.756,11.61847,10.91249,8.088972999999998,8.336491,8.174801999999998,9.844237,0.0262052299999999,4
2015-04-24 15:21:00,0.5369624,2.205466,122.967,10.33734,13.39652,11.59124,0.07409727,159.0242,11.78325,10.80644,8.09444,8.410729,8.142676,10.20442,0.03335689,4
2015-04-24 15:22:00,0.5355307,2.704477,122.9692,10.0675,13.39701,11.53984,0.0743256,158.8311,11.80803,10.68579,8.053325,8.427068999999998,8.127100999999998,10.86481,0.0405641399999999,4
2015-04-24 15:23:00,0.540575,3.402097,122.9929,10.14116,13.39703,11.4892,0.07614967,158.9795,12.10519,10.62729,8.034923,8.45193,8.095223,11.6452,0.05122709,4
2015-04-24 15:24:00,0.5467239999999999,4.153192,123.0084,10.16601,13.39705,11.44024,0.0786578599999999,158.8946,12.49929,10.61635,8.034492,8.43308,8.038038999999998,12.24555,0.06177303,4
2015-04-24 15:25:00,0.5448174,4.6703,123.0179,10.07351,13.39706,11.39694,0.08230589,158.6269,13.05728,10.61039,8.018535,8.368216999999998,8.051171,13.26608,0.06964455,4
2015-04-24 15:26:00,0.5460926,5.189421,123.0039,9.917407,13.398,11.35552,0.08732196,159.0719,13.89227,10.59925,8.060506999999998,8.344934999999998,8.041349,14.34669,0.0772473399999999,4
2015-04-24 15:27:00,0.5412516,5.379148,122.9864,9.993618,13.40122,11.31372,0.08344617,159.0037,13.27072,10.62801,8.138384999999998,8.410712999999998,8.099367,15.54732,0.08117101,4
2015-04-24 15:28:00,0.5350458,5.459171,122.9781,10.14724,13.40169,11.27607,0.08937419,159.1351,14.22476,10.68491,8.307655999999998,8.616037999999998,8.226808,16.50787,0.0834945099999999,4
2015-04-24 15:29:00,0.5291023999999999,5.515322,122.953,10.35958,13.40261,11.23465,0.0934782299999999,159.0156,14.86372,10.67874,8.409907,8.825221,8.335456,17.40836,0.0852948699999999,4
2015-04-24 15:30:00,0.5232974999999999,5.671602,122.9861,10.59402,13.40262,11.20829,0.09917823,159.1526,15.78524,10.59657,8.517354,8.975787999999998,8.461349,17.52848,0.08916271,4
2015-04-24 15:31:00,0.5166232,5.948302,123.1213,11.22109,13.40217,11.17215,0.0939344399999999,158.8222,14.91819,10.36192,8.644044,9.154058,8.5356,16.98828,0.0946502199999999,4
2015-04-24 15:32:00,0.5161868,6.480875,123.1088,11.53921,13.40264,11.13826,0.1005463999999999,158.9477,15.98222,10.12945,8.544073,8.974852999999998,8.401573,16.80823,0.1026716,4
2015-04-24 15:33:00,0.5180957,7.015624,123.1555,11.52868,13.40265,11.12131,0.1019145,158.9878,16.2042,10.04599,8.372377999999998,8.710507,8.491492,16.74824,0.1104969,4
2015-04-24 15:34:00,0.5168852,7.183588,123.1791,11.46524,13.40265,11.09119,0.1064745,158.8112,16.90989,9.989636,8.384595,8.720596999999998,8.505122,17.2285,0.1134199,4
2015-04-24 15:35:00,0.5107038999999999,7.429477,122.9814,11.16022,13.40266,11.0686,0.1071586,158.9025,17.02697,9.837619,8.42502,8.836799,8.470394,17.88894,0.1198463,4
2015-04-24 15:36:00,0.5047764,7.73374,122.6315,11.10738,13.40266,11.03847,0.1126306,158.7658,17.88126,9.520946,8.409636,8.729319999999998,8.639300999999998,18.78945,0.1261954999999999,4
2015-04-24 15:37:00,0.5032643,7.946156,122.6928,11.07204,13.40267,11.01023,0.1124026,159.0794,17.87963,9.213869,8.391327999999998,8.570681999999998,8.558625,19.20972,0.1291945999999999,4
2015-04-24 15:38:00,0.5027011999999998,8.092461999999998,122.6966,10.98182,13.40267,10.97823,0.1155946,158.7773,18.35381,9.04937,8.461285999999998,8.624312,8.625016999999998,20.17022,0.1323033999999999,4
2015-04-24 15:39:00,0.5013342,8.336904,122.7014,10.95289,13.40397,10.94434,0.1185587,158.9997,18.85201,8.950134999999998,8.44275,8.513637,8.490956,21.13072,0.1364793,4
2015-04-24 15:40:00,0.5146952,10.0636,122.7274,10.71223,13.40726,10.90894,0.1165067,170.2229,19.81465,8.90822,8.4724,8.602117,8.512093,21.73102,0.1574333,4
2015-04-24 15:41:00,0.5584365,13.49518,122.7576,10.55158,13.40897,10.87054,0.1133147999999999,204.662,23.22608,8.880252,8.431637999999998,8.581925,8.413911,22.15124,0.1968245999999999,4
2015-04-24 15:42:00,0.5553506999999999,14.53483,122.764,10.34012,13.409,10.84606,0.1098948,239.5913,26.30556,8.885429,8.351022,8.499917,8.331165,22.57145,0.2149224999999999,4
2015-04-24 15:43:00,0.5494069,14.45491,122.7538,10.17532,13.41342,10.81217,0.0994070199999999,258.7033,25.68836,8.887432999999998,8.310444999999998,8.518200999999998,8.309024,23.29181,0.2151059999999999,4
2015-04-24 15:44:00,0.5498443,15.90944,122.7559,10.42413,13.41479,10.78582,0.1185588,227.5474,26.91559,8.920486999999998,8.350628999999998,8.661859,8.367646,23.77205,0.2365721,4
2015-04-24 15:45:00,0.5634778999999999,15.68848,122.7293,10.72962,13.41458,10.7651,0.1199269,214.9507,25.7781,9.00171,8.368833999999998,8.717612,8.351814,24.55256,0.2268833,4
2015-04-24 15:46:00,0.5639372,16.11864,122.7266,10.97554,13.41464,10.74251,0.1210669,214.9222,26.01793,9.108663,8.41211,8.825335,8.392964,25.5731,0.234044,4
2015-04-24 15:47:00,0.5648496,16.57814,122.7211,11.07576,13.41531,10.72557,0.1226629,214.8994,26.35957,9.23406,8.483126,8.969229999999998,8.482416,26.95398,0.2393481,4
2015-04-24 15:48:00,0.5646862,17.09702,122.7544,11.16695,13.41533,10.71239,0.1267668,214.8823,27.24045,9.377275,8.498955999999998,9.141545,8.535816,28.03458,0.2471142,4
2015-04-24 15:49:00,0.5642928,17.66582,122.7701,11.23424,13.41544,10.69733,0.1290468999999999,214.757,27.71112,9.496625000000002,8.571015,9.465482,8.661735,29.29545,0.2551266999999999,4
2015-04-24 15:50:00,0.5651593,18.25349,122.8019,11.31373,13.41535,10.69733,0.1301868999999999,214.871,27.97252,9.624673,8.702118,9.784508,8.891286,30.5562,0.2634857999999999,4
2015-04-24 15:51:00,0.5697897,18.91841,122.7921,11.38318,13.41509,10.67662,0.1377107999999999,214.757,29.57401,9.741829,8.871890999999998,10.07765,9.169345000000002,32.05726,0.2708973,4
2015-04-24 15:52:00,0.5755877,19.54896,122.7809,11.44518,13.41515,10.67473,0.1367988,214.8938,29.39888,9.85802,9.198573,10.24466,9.424383,33.37812,0.2776691,4
2015-04-24 15:53:00,0.5627258,20.12901,122.7335,11.4665,13.41527,10.67473,0.1395347999999999,214.7856,29.97131,9.971109,9.47386,10.39442,9.611834,34.51902,0.2918939999999999,4
2015-04-24 15:54:00,0.5592589,20.70188,122.7575,11.53461,13.41547,10.67473,0.1468308,214.8882,31.55296,10.07927,9.757552,10.59499,9.901107,35.5399,0.3026231999999999,4
2015-04-24 15:55:00,0.553406,21.22054,122.7864,11.64704,13.41586,10.69356,0.1452348,215.1105,31.24192,10.19777,10.04793,10.78538,10.18293,36.44103,0.314077,4
2015-04-24 15:56:00,0.5457172,21.75831,122.8007,11.66212,13.41606,10.69733,0.1493387999999999,214.7742,32.07437,10.28352,10.23547,10.88231,10.3252,37.52177,0.3260410999999999,4
2015-04-24 15:57:00,0.5449308,22.43543,122.7832,11.51471,13.41588,10.70674,0.1507068,214.7058,32.35629,10.37632,10.42293,10.99614,10.53593,38.36243,0.3357992,4
2015-04-24 15:58:00,0.5468737,23.19494,122.8588,11.01614,13.41653,10.71992,0.1593707,214.9053,34.24957,10.42482,10.54346,10.99379,10.61902,39.5633,0.3461348,4
2015-04-24 15:59:00,0.5476396,23.94633,122.8582,10.70306,13.41626,10.73498,0.1673505999999999,214.9453,35.9728,10.44059,10.63478,11.02154,10.72021,40.2839,0.3573171,4
2015-04-24 16:00:00,0.5492413999999999,24.67556,122.896,10.52958,13.4148,10.74628,0.1739626,214.8997,37.38375,10.45048,10.69691,11.01237,10.76044,41.00436,0.366313,4
2015-04-24 16:01:00,0.5507104,25.39153,122.8981,10.39131,13.41474,10.7651,0.1714546,214.9111,36.84812,10.47072,10.74397,11.04248,10.83996,42.26514,0.3759772,4
2015-04-24 16:02:00,0.5512451999999999,26.10553,122.9485,10.67064,13.41404,10.7651,0.1680347,214.8598,36.10387,10.51096,10.8435,11.12504,10.95218,43.10576,0.3861462,4
2015-04-24 16:03:00,0.5478256,26.78426,122.9955,10.72167,13.41369,10.7877,0.1837665,214.6375,39.44188,10.57594,10.90491,11.1441,10.99312,44.12643,0.3980564999999999,4
2015-04-24 16:04:00,0.5469943999999999,27.40712,122.9952,10.62704,13.41387,10.80464,0.1819425,214.8541,39.0927,10.62184,10.93314,11.1561,11.01923,45.44733,0.4089109,4
2015-04-24 16:05:00,0.5454052999999999,28.0451,122.9022,10.45757,13.41304,10.81217,0.1833104999999999,214.8826,39.39025,10.64773,10.92727,11.12553,10.99854,46.22784,0.4191870999999999,4
2015-04-24 16:06:00,0.5423651,28.64507,122.8933,10.19458,13.4132,10.83288,0.1947104,214.9282,41.84991,10.66139,10.88868,11.06226,10.94584,47.24833,0.4315505,4
2015-04-24 16:07:00,0.5401941,29.4177,122.9538,10.03607,13.41326,10.85359,0.1990424,214.8541,42.76859,10.65104,10.84587,11.02864,10.91927,48.32893,0.4436844999999999,4
2015-04-24 16:08:00,0.5382253,30.30322,122.9185,10.03485,13.4134,10.85736,0.2004103999999999,215.1562,43.12002,10.64775,10.82141,11.01547,10.90327,49.52959,0.4588188,4
2015-04-24 16:09:00,0.5393679,31.24271,122.9872,10.0722,13.41389,10.87619,0.2106703,214.6888,45.22876,10.68282,10.82542,11.02089,10.91576,50.61023,0.4711777999999999,4
2015-04-24 16:10:00,0.5438091,32.30798,122.9874,10.07927,13.41589,10.88184,0.2065663,214.6204,44.33095,10.70471,10.81271,11.00608,10.90376,51.87075,0.4839331,4
2015-04-24 16:11:00,0.5505814,33.45543,122.9819,9.936601,13.41586,10.90066,0.2131782999999999,214.7686,45.78331,10.72354,10.79202,10.97268,10.88236,53.07144,0.4945277,4
2015-04-24 16:12:00,0.5575911,34.58971,123.0107,9.981485,13.41698,10.92137,0.2220702,214.7971,47.70088,10.75978,10.80001,10.9948,10.89954,54.51229,0.5055311,4
2015-04-24 16:13:00,0.5649016,35.57669,123.0175,9.986276,13.41698,10.93681,0.2268582,214.894,48.74971,10.77734,10.79569,10.98766,10.89451,55.83307,0.5123187999999999,4
2015-04-24 16:14:00,0.5708870999999999,36.94847,123.0364,10.27005,13.41668,10.9481,0.2334701,218.1771,50.9262,10.80205,10.86487,11.07727,11.00177,57.45488,0.5254297,4
2015-04-24 16:15:00,0.5920184,40.3393,123.0581,10.60727,13.41761,10.95752,0.2275422,247.5319,56.23714,10.86511,10.97167,11.15652,11.10079,58.89576,0.5524915999999999,4
2015-04-24 16:16:00,0.5854842,31.39941,123.0299,10.67266,13.41773,11.00082,0.1554947999999999,281.8969,43.52098,10.96417,11.082,11.26326,11.2139,60.63688,0.435784,4
2015-04-24 16:17:00,0.592584,38.97741,123.0057,10.7808,13.41729,11.01588,0.2056543,271.8137,55.58511,11.04485,11.18311,11.37562,11.32768,62.25788,0.5297049999999999,4
2015-04-24 16:18:00,0.6050438999999999,44.56651,123.0631,10.82379,13.41737,11.03471,0.2448701,239.1644,58.5205,11.12575,11.24636,11.40501,11.35496,63.63878,0.5991977,4
2015-04-24 16:19:00,0.6033097,45.17163,123.0617,10.59009,13.41774,11.06107,0.2612859,232.9742,60.8716,11.18315,11.24733,11.39117,11.34605,65.37989,0.6083838999999999,4
2015-04-24 16:20:00,0.6098698,46.33667,123.161,10.44333,13.41746,11.07425,0.2678979,232.9457,62.40698,11.22735,11.24146,11.39518,11.34653,66.70086,0.6169668,4
2015-04-24 16:21:00,0.6154965,47.34648,123.1331,10.48108,13.41705,11.1006,0.2722298,232.9286,63.40941,11.28685,11.29249,11.47581,11.41095,68.14184,0.6244524999999999,4
2015-04-24 16:22:00,0.6210282,48.37342,123.1185,10.57642,13.41761,11.12131,0.2756498,232.7348,64.15405,11.3675,11.35128,11.536,11.48524,69.40282,0.6331183,4
2015-04-24 16:23:00,0.6276392,49.35467,123.1191,10.69684,13.41628,11.15144,0.2749657999999999,232.9799,64.06256,11.45613,11.41101,11.58654,11.54002,70.60364,0.6380869,4
2015-04-24 16:24:00,0.6321413999999999,50.32933,123.151,10.74865,13.41499,11.17196,0.2852257,233.0426,66.46606,11.51541,11.45408,11.63029,11.5718,71.68445,0.6454086,4
2015-04-24 16:25:00,0.632233,51.27624,123.1447,10.76587,13.41465,11.20265,0.2875056999999999,233.0426,67.00121,11.5806,11.50729,11.69124,11.62993,73.3053,0.6591888999999999,4
2015-04-24 16:26:00,0.6307793,52.22558,123.1778,10.71194,13.41326,11.23465,0.3000456,232.769,69.8386,11.64217,11.53082,11.69854,11.64287,74.20565,0.6724982999999999,4
2015-04-24 16:27:00,0.6473096999999999,53.16922,123.1921,10.52136,13.41133,11.2516,0.2952577,232.5809,68.67361,11.67108,11.50476,11.68588,11.60836,75.76649,0.6663582,4
2015-04-24 16:28:00,0.6404883999999998,54.08896,123.1576,10.3989,13.41124,11.27984,0.2957136,233.0426,68.91245,11.71974,11.47941,11.68451,11.57245,76.84704,0.6862106,4
2015-04-24 16:29:00,0.6457182,55.029,123.2601,10.32428,13.41141,11.31184,0.3043776,232.8032,70.86177,11.75876,11.47404,11.6883,11.59457,77.56749999999998,0.6909889999999999,4
2015-04-24 16:30:00,0.6510065,55.95231,123.1698,10.36967,13.41154,11.33444,0.3059736,233.2364,71.36549,11.80952,11.51073,11.74752,11.65874,78.70820999999998,0.6969530999999999,4
2015-04-24 16:31:00,0.6567349,56.83692,123.1211,10.42931,13.4114,11.36136,0.3148655,232.826,73.30824,11.87166,11.55034,11.78783,11.69975,79.78901,0.7027940999999999,4
2015-04-24 16:32:00,0.6627773,57.71956,123.0604,10.46688,13.41133,11.38753,0.3169174,232.8602,73.79688,11.93726,11.58778,11.82666,11.73789,80.98981,0.7066455,4
2015-04-24 16:33:00,0.6640283,58.54692,123.1899,10.45795,13.41121,11.41765,0.3217053999999999,233.0141,74.96335999999998,11.9913,11.59111,11.8314,11.73206,81.89046999999998,0.7151057,4
2015-04-24 16:34:00,0.6661639,59.23109,123.2493,10.40001,13.41116,11.43648,0.3260373999999999,232.3871,75.76779999999998,12.01292,11.5916,11.84035,11.72621,82.97118,0.7207495999999999,4
2015-04-24 16:35:00,0.6737959,60.16229,123.2144,10.41698,13.41105,11.46472,0.3285453999999999,234.4277,77.03839999999998,12.05306,11.6163,11.87206,11.76216,83.9916,0.7228130999999999,4
2015-04-24 16:36:00,0.6916406,61.90216,123.1755,10.42088,13.4101,11.49485,0.3255814,238.5146,77.63829,12.09512,11.63514,11.88667,11.75916,84.59189,0.7273502,4
2015-04-24 16:37:00,0.6815649999999999,61.5391,123.2158,10.35883,13.40963,11.51951,0.3280893999999999,235.22,77.16395,12.1099,11.62385,11.85848,11.74787,85.37188999999998,0.7310174,4
2015-04-24 16:38:00,0.6992846,63.31842,123.1811,10.35934,13.41,11.54982,0.3310532999999999,241.9288,80.07940999999998,12.12468,11.6168,11.87398,11.74646,85.85208,0.7338107,4
2015-04-24 16:39:00,0.7016727,63.54544,123.2887,10.31498,13.40913,11.5517,0.3271774,241.9688,79.16184,12.11038,11.57781,11.82021,11.72016,86.27167,0.7336221,4
2015-04-24 16:40:00,0.7092363999999999,64.18577,123.3648,10.27301,13.41,11.60065,0.3271774,247.2925,80.91413,12.12759,11.57742,11.81982,11.70639,86.45171,0.7327835999999999,4
2015-04-24 16:41:00,0.7076966999999998,63.92834,123.2658,10.21158,13.40873,11.59124,0.3301413999999999,249.0196,82.20788,12.09216,11.53347,11.78929,11.6695,86.39087,0.7324218,4
2015-04-24 16:42:00,0.7039809999999999,63.40865,123.3347,10.23847,13.40873,11.61948,0.3237573999999999,247.3609,80.07742,12.1084,11.52224,11.7844,11.65968,85.85055,0.7307850999999999,4
2015-04-24 16:43:00,0.7013635,62.85498,123.3537,10.26897,13.40523,11.63642,0.3205654,248.0905,79.50812999999998,12.11688,11.52861,11.80909,11.67028,85.06910999999998,0.7274821,4
2015-04-24 16:44:00,0.6941876999999999,61.63734,123.4295,10.29332,13.40704,11.66353,0.3144095,246.5914,77.51117999999998,12.12917,11.52471,11.78617,11.66145,84.28859,0.7197769,4
2015-04-24 16:45:00,0.6944312,61.32579,123.4334,10.31926,13.40683,11.6801,0.3162335,247.3153,78.20436999999998,12.14992,11.52861,11.79146,11.66463,83.98762,0.7163156,4
2015-04-24 16:46:00,0.6877263,60.55205,123.387,10.33745,13.4068,11.69328,0.3205654,242.8865,77.85389999999998,12.14479,11.51571,11.78913,11.65526,84.10752999999998,0.7140994,4
2015-04-24 16:47:00,0.6901874,61.08995,123.4153,10.36884,13.40802,11.71964,0.3237573999999999,242.2936,78.45021,12.15493,11.5026,11.76758,11.62665,84.28682999999998,0.7177510999999999,4
2015-04-24 16:48:00,0.6820336,60.42806,123.4144,10.32565,13.40753,11.72905,0.3326493999999999,234.08,77.87291999999998,12.11224,11.47818,11.72696,11.59448,85.18712999999998,0.7196877,4
2015-04-24 16:49:00,0.6712308,59.91022,123.4532,10.23308,13.40604,11.75165,0.3308253999999999,230.5574,76.26881,12.04962,11.44016,11.66994,11.55506,85.72681,0.7236428,4
2015-04-24 16:50:00,0.6791534,60.42861,123.4051,10.22419,13.40692,11.77047,0.3331054,231.3896,77.07295999999998,11.98675,11.40893,11.64719,11.5323,86.38696,0.7218769999999999,4
2015-04-24 16:51:00,0.6730555,59.97493,123.2561,10.22459,13.40821,11.77236,0.3262653999999999,228.8988,74.68269999999998,11.94004,11.38401,11.63779,11.51162,87.10689999999998,0.7224523,4
2015-04-24 16:52:00,0.6807252999999999,61.10904,123.1734,10.2788,13.40818,11.79306,0.3308253999999999,234.0686,77.43885,11.91708,11.38076,11.61763,11.49991,86.98684,0.7282724,4
2015-04-24 16:53:00,0.6942517999999999,61.8678,123.2418,10.30122,13.40812,11.80549,0.3255814,240.008,78.13158,11.91963,11.39179,11.65754,11.53561,87.16693999999998,0.7212286,4
2015-04-24 16:54:00,0.6989526,61.97853,123.2985,10.39267,13.40855,11.81791,0.3182854,243.9865,77.66384999999998,11.93628,11.42257,11.71225,11.60443,86.02628,0.7199714999999999,4
2015-04-24 16:55:00,0.6927170999999999,60.94049,123.2904,10.45833,13.4085,11.83298,0.3214774,241.1195,77.51435999999998,11.97739,11.46304,11.74705,11.64065,85.72605,0.7134616,4
2015-04-24 16:56:00,0.686666,60.32138,123.2492,10.53246,13.40847,11.84239,0.3164615,240.8288,76.21371999999998,12.02835,11.51475,11.80297,11.71208,85.18567,0.7128611,4
2015-04-24 16:57:00,0.6827539999999999,59.87298,123.2749,10.58806,13.40844,11.8631,0.3223893999999999,242.4418,78.16585999999998,12.06947,11.54605,11.80818,11.72504,84.2851,0.7119921,4
2015-04-24 16:58:00,0.6812388,59.14877,123.2775,10.61364,13.40796,11.8631,0.3173734999999999,241.6781,76.69996999999998,12.07933,11.56226,11.83072,11.75886,84.04482,0.7050096,4
2015-04-24 16:59:00,0.6820886999999999,58.57444,123.2667,10.63771,13.40839,11.88569,0.3134974999999999,241.735,75.77982,12.10262,11.57711,11.82795,11.74553,83.26430999999998,0.6963993,4
2015-04-24 17:00:00,0.6776531,57.96569,123.2218,10.62809,13.40837,11.90452,0.3068854999999999,241.564,74.13169,12.1137,11.58818,11.83973,11.76576,82.84393,0.6938452,4
2015-04-24 17:01:00,0.6752390999999999,57.34847,123.2601,10.62664,13.40836,11.91657,0.3066575999999999,241.3931,74.02705,12.12857,11.5819,11.83981,11.7616,82.60371,0.6898467999999999,4
2015-04-24 17:02:00,0.6725102,56.7177,123.2928,10.6314,13.40696,11.9369,0.2991336,241.9003,72.35901,12.14608,11.5797,11.83831,11.75517,81.94318,0.6842631999999998,4
2015-04-24 17:03:00,0.6683219999999999,55.81093,123.3383,10.64484,13.40695,11.95385,0.3050614999999999,241.9517,73.81152,12.15667,11.57269,11.83483,11.74112,81.04263,0.6779806999999999,4
2015-04-24 17:04:00,0.6624459999999999,54.99124,123.3627,10.62479,13.40464,11.95573,0.3027815999999999,241.8947,73.24307,12.15502,11.55628,11.81277,11.72329,80.26192,0.6728022999999999,4
2015-04-24 17:05:00,0.6523718,54.13064,123.4044,10.65837,13.40555,11.97644,0.2950296,241.8775,71.3619,12.16445,11.55587,11.79967,11.71865,79.66151,0.6725961999999999,4
2015-04-24 17:06:00,0.6458557999999999,53.2228,123.3529,10.67634,13.40599,11.98585,0.2854536999999999,241.6951,68.99128,12.17457,11.54837,11.79852,11.71186,78.70061,0.6698235999999999,4
2015-04-24 17:07:00,0.6385617999999998,52.5036,123.3891,10.74829,13.40553,12.00091,0.2824897,241.4957,68.2212,12.19032,11.5578,11.79527,11.71777,78.16025999999998,0.6672789,4
2015-04-24 17:08:00,0.6399913,51.7952,123.4221,10.73851,13.4046,12.02163,0.2738258,241.6097,66.15947,12.2061,11.55175,11.79274,11.71736,77.37954999999998,0.6557595,4
2015-04-24 17:09:00,0.6379392999999999,50.9987,123.4243,10.75179,13.40368,12.05118,0.2724578,241.9916,65.93221,12.24128,11.55878,11.80259,11.72932,76.77921,0.6483518,4
2015-04-24 17:10:00,0.6329365,50.19805,123.2703,10.75376,13.40275,12.07095,0.2731417999999999,241.8605,66.06091,12.26316,11.54259,11.78853,11.70046,75.75844999999998,0.6442487,4
2015-04-24 17:11:00,0.627398,49.3544,122.5316,10.76533,13.40275,12.08037,0.2688098999999999,241.9346,65.03458,12.26765,11.51325,11.76272,11.68028,74.79797,0.6439517999999999,4
2015-04-24 17:12:00,0.6225317999999999,48.51834,122.4646,10.8041,13.40274,12.09919,0.2637939,241.9402,63.82277,12.28929,11.51165,11.75197,11.68573,73.95736999999998,0.6382046,4
2015-04-24 17:13:00,0.6183760999999999,47.62291,122.5171,10.82819,13.40274,12.11614,0.2656179,242.0999,64.30585,12.30693,11.50113,11.74356,11.68719,73.05691,0.6299145,4
2015-04-24 17:14:00,0.6128925,46.69458,122.5324,10.91834,13.40273,12.12235,0.2594619,241.7807,62.73264,12.31312,11.50315,11.7491,11.70189,72.03628,0.6220542,4
2015-04-24 17:15:00,0.6111666,45.82437,122.5678,11.06344,13.40273,12.14099,0.249886,241.9631,60.46061,12.34935,11.53309,11.77268,11.73252,71.37594,0.6118015,4
2015-04-24 17:16:00,0.6083030999999999,44.79478,122.5363,11.24181,13.40273,12.16169,0.252166,241.5812,60.91679,12.38834,11.58342,11.81242,11.77368,70.0552,0.6023582,4
2015-04-24 17:17:00,0.6060379,43.7247,122.5308,11.27281,13.40273,12.16358,0.2419061,241.8775,58.50898,12.41204,11.58672,11.80585,11.77486,68.79456,0.5914112999999999,4
2015-04-24 17:18:00,0.6045884,42.73379,122.5342,11.25762,13.40272,12.17676,0.2341541,241.9688,56.65722,12.4421,11.5837,11.79016,11.76409,67.9541,0.5777647999999999,4
2015-04-24 17:19:00,0.6035745999999999,41.70357,122.5656,11.24642,13.40272,12.19182,0.2332421,242.0428,56.45389,12.46631,11.57974,11.78339,11.76366,66.63342,0.5646385999999999,4
2015-04-24 17:20:00,0.5999948,40.74733,122.5057,11.25838,13.40272,12.20877,0.2348380999999999,241.604,56.74173,12.49451,11.5713,11.78342,11.75876,65.43279,0.5549157,4
2015-04-24 17:21:00,0.5954047,39.84594,122.3619,11.2657,13.40272,12.2274,0.2291381999999999,241.9346,55.4362,12.53846,11.55613,11.7605,11.73795,64.23219,0.5492314999999999,4
2015-04-24 17:22:00,0.5920631,39.1558,122.3559,11.14008,13.40271,12.24303,0.2204742,242.0942,53.37893,12.56252,11.49848,11.68102,11.66129,63.03157,0.5424240999999999,4
2015-04-24 17:23:00,0.5896209,38.51654,122.3903,10.96514,13.40271,12.25621,0.2229821999999999,241.604,53.87259,12.55036,11.42994,11.62025,11.58995,62.49129,0.5343548999999999,4
2015-04-24 17:24:00,0.5879001999999999,37.9137,122.4001,10.91757,13.40271,12.26751,0.2181942,241.6951,52.73805,12.5349,11.36937,11.57239,11.53644,61.29068,0.5279165999999998,4
2015-04-24 17:25:00,0.587307,37.35065,122.3911,10.92085,13.40271,12.28069,0.2138623,241.8605,51.72449,12.54878,11.32476,11.53696,11.50524,60.57032,0.5207452999999999,4
2015-04-24 17:26:00,0.5856466,36.79091,122.3916,10.98779,13.40271,12.3014,0.2154582999999999,242.0884,52.15731,12.58494,11.30039,11.51964,11.49004,59.66987,0.5135227,4
2015-04-24 17:27:00,0.583728,35.77887,122.4035,11.04461,13.40271,12.3014,0.2049704,250.6612,51.33858,12.61941,11.2616,11.47876,11.45549,58.58933,0.5018580999999999,4
2015-04-24 17:28:00,0.5892505,25.77468,122.4036,11.12135,13.40271,12.32624,0.1422709,280.6942,39.71803,12.66886,11.25618,11.47686,11.45289,57.86897,0.3561391999999999,4
2015-04-24 17:29:00,0.5867955,33.29824,122.4126,11.1622,13.40271,12.33943,0.1787506,262.6425,46.72846,12.70244,11.23196,11.45195,11.42869,57.02855,0.4642508,4
2015-04-24 17:30:00,0.5716837999999999,33.79234,122.4304,11.17942,13.40271,12.34884,0.1994983999999999,234.536,46.77607,12.74561,11.19975,11.41765,11.39439,56.48828,0.4839727999999999,4
2015-04-24 17:31:00,0.5663198999999999,33.09384,122.3275,11.1716,13.40225,12.35449,0.2024623999999999,232.3301,47.03814,12.75828,11.1617,11.37115,11.35423,55.58783,0.4790145,4
2015-04-24 17:32:00,0.5666754,32.67484,122.3537,11.17795,13.40271,12.37143,0.1981304,232.2674,46.01799,12.77662,11.13425,11.34301,11.33313,55.04756,0.4722469,4
2015-04-24 17:33:00,0.5652150999999999,32.32407,122.3466,11.18341,13.40225,12.38461,0.1949384,232.3529,45.29463,12.80452,11.09745,11.30409,11.29845,54.38723,0.4683900999999999,4
2015-04-24 17:34:00,0.5629161999999999,31.92357,122.4885,11.17299,13.40225,12.39402,0.1942543999999999,232.3928,45.14526,12.81673,11.0547,11.26488,11.25642,53.96701,0.4635681999999999,4
2015-04-24 17:35:00,0.5721306999999999,31.54794,122.597,11.17456,13.4027,12.41473,0.1915185,232.4612,44.52113,12.84938,11.02746,11.23625,11.23061,53.24666,0.4498171,4
2015-04-24 17:36:00,0.569164,31.22753,122.56,11.19454,13.40087,12.42829,0.1887824999999999,232.598,43.91106,12.8559,11.00789,11.21246,11.21034,52.70639,0.4500368,4
2015-04-24 17:37:00,0.5622278,30.89452,122.5478,11.22763,13.40179,12.44147,0.1883265,232.427,43.77311,12.8508,10.99782,11.19181,11.19534,52.52629,0.4484625999999999,4
2015-04-24 17:38:00,0.563613,30.47356,122.5591,11.2468,13.4027,12.44147,0.1833104999999999,232.3814,42.5977,12.87188,10.94701,11.14032,11.14315,51.86597,0.4423116,4
2015-04-24 17:39:00,0.5582074999999999,29.97979,122.6517,11.26775,13.40179,12.4603,0.1865024999999999,232.4327,43.3475,12.92164,10.91149,11.10271,11.10482,51.08558,0.4389352999999999,4
2015-04-24 17:40:00,0.5632650999999999,29.47315,122.6581,11.24027,13.39995,12.46971,0.1858185,232.4213,43.18589,12.95846,10.8553,11.03948,11.04018,50.18512,0.4266385999999999,4
2015-04-24 17:41:00,0.5555301,29.11141,122.7074,11.14369,13.39904,12.48665,0.1751026,232.5011,40.7106,12.99928,10.79257,10.96971,10.97041,49.58482,0.4290882999999999,4
2015-04-24 17:42:00,0.552713,28.65204,122.6423,11.09826,13.39995,12.48665,0.1851345,232.5353,43.05382,13.02246,10.7347,10.91892,10.92598,48.62434,0.4236043999999999,4
2015-04-24 17:43:00,0.5523074,28.05461,122.5812,11.10482,13.39766,12.51151,0.1746466,232.5695,40.6125,13.05007,10.71598,10.89102,10.90866,48.02404,0.4147648999999999,4
2015-04-24 17:44:00,0.5537862,27.21219,122.5997,11.12418,13.39812,12.52657,0.1675787,232.5239,38.9635,13.09322,10.66332,10.84685,10.86308,46.94349,0.4010419,4
2015-04-24 17:45:00,0.5670617,26.33456,122.6841,11.14876,13.3972,12.5341,0.1662106999999999,232.3244,38.61316,13.14571,10.60379,10.78452,10.79722,45.38263,0.3785619,4
2015-04-24 17:46:00,0.5811376999999999,25.47726,122.6752,11.14236,13.39766,12.5341,0.1611947,232.4042,37.46121,13.18857,10.52964,10.70756,10.70898,44.18202,0.3570262,4
2015-04-24 17:47:00,0.5887955,24.74487,122.6532,11.07346,13.3972,12.53975,0.1607387,232.3529,37.34998,13.2146,10.45052,10.63343,10.62213,42.86133,0.3419996,4
2015-04-24 17:48:00,0.5921429999999999,24.15728,122.616,10.9839,13.3972,12.55669,0.1534427999999999,232.2047,35.63014,13.20483,10.43289,10.60803,10.59956,42.0209,0.3342622,4
2015-04-24 17:49:00,0.5918628,23.80224,122.6149,10.97461,13.3972,12.55669,0.1511628,232.3358,35.11941,13.188,10.39183,10.56205,10.55711,41.2405,0.3280517,4
2015-04-24 17:50:00,0.5916335,23.45362,122.5522,11.02598,13.39674,12.57533,0.1527588,232.4384,35.50686,13.22558,10.37593,10.51156,10.56311,41.00038,0.3236661,4
2015-04-24 17:51:00,0.591117,23.30483,122.5433,11.06701,13.39674,12.58154,0.1504788,232.5695,34.99574,13.25848,10.3412,10.48531,10.5178,40.64019,0.3220445,4
2015-04-24 17:52:00,0.5908161,23.13523,122.4944,11.03583,13.3972,12.58154,0.1516188,232.3757,35.23534,13.28373,10.29114,10.43737,10.44443,40.39985,0.3201380999999999,4
2015-04-24 17:53:00,0.5906401,23.0279,122.4507,10.95565,13.3972,12.58719,0.1472868,232.4099,34.23085,13.28022,10.2637,10.40782,10.42548,40.21944,0.3190443,4
2015-04-24 17:54:00,0.5900844,22.93157,122.4168,10.97619,13.3972,12.60414,0.1502507999999999,232.4327,34.92236,13.31681,10.2475,10.37891,10.39798,39.91935,0.3176067,4
2015-04-24 17:55:00,0.5855510999999999,22.72974,121.6573,10.93854,13.3972,12.60414,0.1436388,232.313,33.36986,13.35404,10.20932,10.3365,10.36758,39.61927,0.3201973,4
2015-04-24 17:56:00,0.5819267,22.50961,121.5251,10.94353,13.3972,12.60414,0.1447788,232.4897,33.66003,13.38774,10.18603,10.32593,10.33229,38.959,0.3184249,4
2015-04-24 17:57:00,0.5780767,22.19594,121.5504,10.93574,13.3972,12.60414,0.1395348999999999,232.4327,32.43023,13.40599,10.16415,10.31395,10.31395,38.53883,0.3166019999999999,4
2015-04-24 17:58:00,0.5720129999999999,21.68961,121.6229,10.90604,13.3972,12.61355,0.1438668999999999,232.3985,33.43372,13.42174,10.16784,10.3021,10.32118,37.81853,0.3123677999999999,4
2015-04-24 17:59:00,0.5663103,20.98602,121.8815,10.89461,13.39858,12.62484,0.1367989,232.0451,31.74078,13.42251,10.19186,10.30774,10.36144,36.678,0.3044986,4
2015-04-24 18:00:00,0.5588651,19.2205,122.4345,10.89675,13.39766,12.62484,0.1310989999999999,247.606,32.39453,13.39512,10.20882,10.32258,10.4017,35.41711,0.2817696,4
2015-04-24 18:01:00,0.5571943999999999,16.18966,122.4887,10.91782,13.39766,12.62673,0.1053352,265.1334,27.89204,13.39068,10.21212,10.31952,10.40571,34.2164,0.2377939,4
2015-04-24 18:02:00,0.5386389999999999,18.04318,122.4451,10.9229,13.39766,12.62108,0.121751,233.0711,28.33891,13.39061,10.18539,10.29562,10.35567,33.19567,0.2750961,4
2015-04-24 18:03:00,0.5357521,16.48137,122.4003,10.88199,13.39858,12.61355,0.1194709999999999,217.8408,26.02334,13.39853,10.13969,10.24639,10.31775,31.935,0.252197,4
2015-04-24 18:04:00,0.5355931999999999,15.66085,122.4197,10.83205,13.39812,12.60414,0.120155,217.4818,26.12987,13.38984,10.10831,10.24328,10.28709,30.61454,0.2393722,4
2015-04-24 18:05:00,0.5354702,14.8953,122.394,10.92226,13.39995,12.60414,0.1139991,217.8865,24.83741,13.3772,10.12951,10.26024,10.34714,29.47403,0.2279948,4
2015-04-24 18:06:00,0.5325933,14.06545,122.3432,11.01741,13.39949,12.60414,0.1108071,217.8237,24.13925,13.38353,10.16625,10.30332,10.35207,28.21321,0.2166040999999999,4
2015-04-24 18:07:00,0.5241624999999999,13.08493,122.2352,11.10787,13.40087,12.58531,0.1089831,217.9206,23.75038,13.38158,10.14026,10.27946,10.28794,27.13268,0.2047588999999999,4
2015-04-24 18:08:00,0.5344054999999999,11.93966,122.2165,11.12035,13.40224,12.58154,0.1039672,217.9548,22.65836,13.40033,10.10667,10.23953,10.23529,26.05235,0.1826651,4
2015-04-24 18:09:00,0.5448226,11.07496,122.2735,11.13739,13.40133,12.58154,0.09712722,217.9491,21.16827,13.41788,10.11515,10.24377,10.19572,25.15192,0.1666551,4
2015-04-24 18:10:00,0.5420521,10.50444,122.3972,11.1505,13.40179,12.56911,0.09211126,217.9206,20.0719,13.41882,10.09207,10.21504,10.15568,24.31165,0.1586816,4
2015-04-24 18:11:00,0.540335,10.0102,122.3456,11.11675,13.40179,12.55669,0.0946192399999999,217.9776,20.62453,13.42116,10.0782,10.20259,10.14181,23.71134,0.1518621,4
2015-04-24 18:12:00,0.5437750999999998,9.420293,122.3151,11.04278,13.4027,12.55293,0.0861833099999999,217.8465,18.7758,13.40962,10.03852,10.19046,10.10707,22.45055,0.1416233,4
2015-04-24 18:13:00,0.5450433999999998,8.841724,122.3429,10.9401,13.40179,12.5341,0.0784313799999999,217.9434,17.0927,13.39013,9.972224,10.10794,10.0104,22.03038,0.1329529999999999,4
2015-04-24 18:14:00,0.5530251999999999,8.352325999999998,122.3565,10.88183,13.4027,12.5341,0.0864112999999999,217.7496,18.81584,13.39436,9.92622,10.08598,9.978536,20.94998,0.123575,4
2015-04-24 18:15:00,0.5512019,7.885097,122.3484,10.91332,13.4027,12.53222,0.0802553599999999,217.6812,17.47066,13.3988,9.888272,10.09186,9.929986,20.04957,0.1169377999999999,4
2015-04-24 18:16:00,0.5438627999999999,7.446091,122.3203,10.91693,13.4027,12.51527,0.08504332,217.8351,18.52513,13.3854,9.844378,10.04516,9.929225,19.26927,0.112401,4
2015-04-24 18:17:00,0.5364404,7.179203,122.3112,10.90629,13.4027,12.50115,0.0743274,217.9662,16.20058,13.34111,9.839334,10.04224,9.943271,18.66901,0.1099119,4
2015-04-24 18:18:00,0.5311059999999999,6.803777,122.2312,11.09054,13.4027,12.48665,0.07637939,217.9606,16.64826,13.29576,9.885488,10.02971,10.02477,18.00874,0.1050871,4
2015-04-24 18:19:00,0.5243971,6.337572,122.2525,11.23041,13.4027,12.481,0.07364341,217.9491,16.0514,13.29925,9.884049,9.968894,10.00566,17.22837,0.09971567,4
2015-04-24 18:20:00,0.5180046,5.848129,122.2015,11.29434,13.4027,12.46406,0.06953945,216.2847,15.03692,13.29217,9.837316,9.904492,9.958226,16.56809,0.0930790999999999,4
2015-04-24 18:21:00,0.5188133999999999,5.261353,122.1949,11.31715,13.4027,12.44147,0.06817146,211.9984,14.4561,13.27732,9.819631,9.891050000000002,9.978721,15.60764,0.0834116899999999,4
2015-04-24 18:22:00,0.5216635,4.637477,122.219,11.37467,13.4027,12.44147,0.0674874599999999,207.1933,13.98633,13.26887,9.838088,9.916573,9.999288,15.12742,0.07369003,4
2015-04-24 18:23:00,0.5292191,4.134954,122.2057,11.39433,13.4027,12.43206,0.06475148,202.7417,13.12343,13.24191,9.837121,9.883789,9.989838,14.28703,0.06416468,4
2015-04-24 18:24:00,0.5341957,3.594732,122.2031,11.35853,13.4027,12.41473,0.0626995,198.6263,12.45827,13.19792,9.83952,9.870631,10.00708,13.68674,0.05558296,4
2015-04-24 18:25:00,0.5339648999999999,3.126834,122.1525,11.37326,13.4027,12.39402,0.0622435,194.699,12.11631,13.18075,9.811642,9.837806,9.954467,13.20652,0.04841865,4
2015-04-24 18:26:00,0.5340696999999999,2.609168,122.0648,11.12654,13.4027,12.38085,0.05836753,190.6749,11.12633,13.12825,9.758796,9.737577000000002,9.924968,12.24605,0.04076194,4
2015-04-24 18:27:00,0.5337648,2.125117,122.0054,10.9888,13.4027,12.36955,0.0551755599999999,186.5538,10.29256,13.08678,9.700692,9.683717,9.96163,11.88589,0.0330977999999999,4
2015-04-24 18:28:00,0.5327327,1.472922,122.1134,10.95879,13.40362,12.34884,0.0563155499999999,181.7316,10.22931,13.03449,9.633153,9.61476,9.929481,11.34562,0.0228830899999999,4
2015-04-24 18:29:00,0.5341381,0.8710626999999999,122.1474,11.03121,13.40454,12.34884,0.0551755599999999,176.9038,9.761472,12.99654,9.601303,9.632431,9.923103,10.56524,0.01369642,4
2015-04-24 18:30:00,0.5351189,0.3457649999999999,122.274,11.00476,13.40729,12.32813,0.0540355699999999,172.834,9.342296,12.91963,9.564199,9.574105,9.951777000000002,9.78486,0.005459918,4
2015-04-24 18:31:00,0.5365731999999999,-0.1287357,122.3202,10.91396,13.40729,12.30554,0.04468764,169.0093,7.557329,12.84152,9.511123,9.504045,9.814586,8.704328999999998,-0.0017260559999999,4
2015-04-24 18:32:00,0.5395609999999998,-0.5398629,122.3067,10.81064,13.40821,12.29387,0.04605563,164.324,7.575059999999999,12.77924,9.446328,9.403864,9.734267,8.284122,-0.0081620809999999,4
2015-04-24 18:33:00,0.5439055,-0.9832124,122.3267,10.84624,13.40821,12.27127,0.04833561,160.3283,7.750892999999999,12.76229,9.334454,9.288444,9.627408,7.383596,-0.01454189,4
2015-04-24 18:34:00,0.5428926,-1.208904,122.3505,10.92419,13.40821,12.25621,0.04354765,158.3333,6.897958,12.76904,9.253478,9.204627,9.555675,7.203493,-0.0180276499999999,4
2015-04-24 18:35:00,0.4170266999999999,0.4997561999999999,122.3551,10.97013,13.40821,12.24115,0.03602371,192.2652,6.816693,12.76877,9.164629,9.105148,9.423713,6.663168,0.02467633,4
2015-04-24 18:36:00,0.4332453,0.5303885,122.3083,10.80314,13.40821,12.21912,0.03989968,199.7492,7.686969,12.72004,9.070943,9.024198,9.309546,5.822763,0.03404397,4
2015-04-24 18:37:00,0.4094769999999999,1.299891,122.4062,10.66653,13.40821,12.19559,0.02735978,198.0848,5.179816,12.67475,8.992623,8.932411999999998,9.219235,5.462621,0.05689476,4
2015-04-24 18:38:00,0.3591465999999999,1.414847,122.3657,10.53748,13.40866,12.17676,0.0326037399999999,194.3684,6.201815,12.63625,8.890798,8.795146,9.073546,4.982391,0.05479727,4
2015-04-24 18:39:00,0.3955516,1.114323,122.4435,10.49609,13.40958,12.16169,0.03077975,202.3769,6.047082,12.62049,8.823956,8.806241,9.071885,4.142005,0.0530513,4
2015-04-24 18:40:00,0.2941822,1.109797,122.4613,10.70357,13.41142,12.13685,0.03465572,196.0271,6.643106,12.58792,8.810327,8.733796,9.043386000000002,3.421657,0.05708723,4
2015-04-24 18:41:00,0.3514002,1.386384,122.4447,10.71701,13.41279,12.11614,0.0269037799999999,184.9293,4.836914,12.58549,8.679162,8.612541,8.881806,2.761346,0.0590934899999999,4
2015-04-24 18:42:00,0.2565778,1.729123,122.4674,10.68987,13.41325,12.08978,0.02667578,183.2193,4.81583,12.569,8.589541,8.530706999999998,8.818435,1.920936,0.07739144,4
2015-04-24 18:43:00,0.2737162,1.903622,122.4407,10.62265,13.41371,12.07095,0.01664387,175.3306,2.726418,12.53683,8.547150999999998,8.467748999999998,8.725044999999998,1.260615,0.0845455199999999,4
2015-04-24 18:44:00,0.2570774,1.466039,122.4306,10.49985,13.41371,12.03142,0.02371181,168.2684,3.917342,12.48819,8.428641,8.337877,8.579642,0.7203517999999999,0.08184587,4
2015-04-24 18:45:00,0.1848887999999999,2.580975,122.4328,10.30005,13.41371,11.99526,0.0278157799999999,124.9601,3.511483,12.42815,8.314911999999998,8.218451,8.458149,0.2401174,0.1135596,4
2015-04-24 18:46:00,0.1847235999999999,2.621556,122.416,10.23777,13.41371,11.97079,0.02348381,40.43547,0.9438376,12.39738,8.206487,8.09936,8.40365,-0.5402645,0.1148422,4
2015-04-24 18:47:00,0.184528,2.630384,122.3935,10.26337,13.41371,11.95385,0.0193798399999999,31.50365,0.6091543,12.39876,8.150947999999998,8.043808,8.312677,-0.7203530999999999,0.1155603,4
2015-04-24 18:48:00,0.1842473,2.644621,122.3609,10.24299,13.41371,11.91864,0.0207478299999999,28.92157,0.6008734,12.36921,8.044549,7.987068,8.199218,-1.200589,0.1166361,4
2015-04-24 18:49:00,0.1844214999999999,2.634242,122.3667,10.11247,13.41371,11.89134,0.01481988,25.84359,0.3857255,12.32364,7.979464,7.90991,8.145502999999998,-1.320649,0.1173223,4
2015-04-24 18:50:00,0.1845175,2.659114,122.3568,10.14559,13.41371,11.86122,0.0157318699999999,24.2761,0.3839476,12.26398,8.007384,8.030092,8.304634,-1.440708,0.1179389,4
2015-04-24 18:51:00,0.1843335,2.680391,122.2685,10.26832,13.41417,11.8311,0.0127679,22.39512,0.2855435,12.1853,8.076455,8.077872,8.416914999999998,-1.560768,0.1175567,4
2015-04-24 18:52:00,0.1840767,2.677907,122.1825,10.30181,13.41554,11.79928,0.0134518899999999,19.90424,0.2685293999999999,12.10141,8.089781999999998,8.013858,8.460015999999998,-2.101033,0.1184307,4
2015-04-24 18:53:00,0.1839855,2.681891,122.108,10.2466,13.41783,11.77047,0.01527588,17.84086,0.2762178,12.05292,8.050097,7.979135,8.489846,-2.701327,0.1184482,4
2015-04-24 18:54:00,0.1840884,2.694,122.1552,10.17992,13.41921,11.73658,0.02165983,15.39558,0.3357125,12.01623,7.945054,7.889694,8.328151999999998,-2.881415,0.1197682,4
2015-04-24 18:55:00,0.1839969999999999,2.696186,122.1779,10.03234,13.41921,11.70646,0.01595987,13.49749,0.2127150999999999,11.97414,7.833834,7.810409,8.179416,-2.881415,0.118727,4
2015-04-24 18:56:00,0.1839013999999999,2.679422,122.1833,9.960471,13.41921,11.67389,0.0086639309999999,11.7248,0.1009461,11.91977,7.744089,7.708586999999999,8.099674,-2.881415,0.1186630999999999,4
2015-04-24 18:57:00,0.1837646,2.706847,122.1907,9.919755,13.42058,11.6383,0.004787961,10.43662,0.05124501,11.88139,7.637866,7.627212,7.944556999999999,-2.881415,0.1198169,4
2015-04-24 18:58:00,0.1839914,2.704009,122.1961,9.762411,13.42058,11.60065,0.0129958999999999,10.14022,0.1316837999999999,11.81276,7.572964,7.551656,7.858398,-2.881426,0.1195647,4
2015-04-24 18:59:00,0.1840401999999999,2.716067,122.2253,9.999743,13.42334,11.57618,0.0109439099999999,10.00342,0.1127515,11.77068,7.651993,7.615065999999999,7.994157999999999,-3.301639,0.1196345,4
2015-04-24 19:00:00,0.1839764999999999,2.714569,122.2459,10.22145,13.42471,11.534,0.0075239399999999,9.96352,0.07694549,11.73486,7.618938,7.624617,8.039165,-3.721853,0.1209023,4
2015-04-24 19:01:00,0.1841525,2.717303,122.2757,10.12101,13.42471,11.50049,0.0118559,9.889421,0.1181006,11.70418,7.495726999999999,7.441741999999999,7.823064999999999,-3.781884,0.1201319,4
2015-04-24 19:02:00,0.1840667,2.739941,122.2947,9.771075,13.42471,11.4666,0.006611947,9.610123,0.06535844,11.65832,7.37915,7.429588,7.671772,-4.262127,0.1211662,4
2015-04-24 19:03:00,0.1838525,2.72263,122.2423,9.894837,13.42471,11.42895,0.008435932,9.83812,0.08126529,11.58545,7.453444,7.654429999999999,7.937672,-4.322158,0.1201811,4
2015-04-24 19:04:00,0.1839012999999999,2.740717,122.1911,10.48035,13.42609,11.39506,0.01162791,9.513223,0.1107397,11.56497,7.606746,7.723908,8.07311,-4.322161,0.1205538,4
2015-04-24 19:05:00,0.1839079,2.725656,122.1712,10.49554,13.42838,11.35345,0.0127679,9.507524,0.1245257,11.5276,7.623062,7.571926,7.965943,-4.322162,0.120147,4
2015-04-24 19:06:00,0.1837813,2.719133,122.1198,10.36252,13.43021,11.31937,0.0120839,9.450524,0.1155118,11.50342,7.502534,7.393841,7.820671,-4.322164,0.1202302,4
2015-04-24 19:07:00,0.1837575999999999,2.732832,122.0879,10.2975,13.43021,11.28925,0.0139078899999999,9.336525,0.1293601,11.49093,7.416066,7.323698,7.802412999999999,-4.322164,0.1211087,4
2015-04-24 19:08:00,0.1836632,2.725109,122.0999,10.34394,13.43021,11.24971,0.01527588,8.772228999999998,0.1323387,11.46833,7.366283,7.274618,7.755508,-4.202126,0.1214684,4
2015-04-24 19:09:00,0.1838032,2.731971,122.1362,10.25332,13.43021,11.21959,0.0123119,7.295941,0.08842337,11.44386,7.289081,7.189583,7.583194,-3.661853,0.1217587,4
2015-04-24 19:10:00,0.1834793999999999,2.723328,122.1187,9.893579,13.43021,11.1857,0.006839945,6.469448,0.04215315,11.37542,7.160628,7.049027,7.429224999999998,-3.781925,0.1208531999999999,4
2015-04-24 19:11:00,0.1835075999999999,2.728749,122.102,9.578447,13.43121,11.14616,0.0075239399999999,5.471956,0.04280814,11.2936,7.054678,6.964387,7.318355999999999,-4.082082,0.121604,4
2015-04-24 19:12:00,0.1836224999999999,2.725875,122.0924,9.276724,13.43479,11.11378,0.003419973,5.238258,0.01830847,11.2302,6.995746,6.944553,7.230316,-4.322228,0.1214915,4
2015-04-24 19:13:00,0.1837206,2.740558,122.1729,9.121114,13.43443,11.07801,0.01413589,4.793662,0.0672142399999999,11.15353,6.952589,6.899969,7.140267,-4.322232,0.1215992,4
2015-04-24 19:14:00,0.1836111,2.75258,122.1998,9.226065,13.43653,11.04412,0.0118559,4.326265,0.05266415,11.11047,6.913464,6.864396,7.118926,-4.322243,0.1218374,4
2015-04-24 19:15:00,0.1835039,2.751316,122.1883,9.382998,13.43663,11.00459,0.005699954,4.041267,0.0226594599999999,11.07236,6.886322,6.845074,7.101752,-4.322255,0.1218658,4
2015-04-24 19:16:00,0.1836135,2.752116,122.1587,9.583054,13.43682,10.96693,0.009575923,3.676471,0.03421532,11.03542,6.899391,6.849607,7.092787,-4.322279,0.121869,4
2015-04-24 19:17:00,0.1835947,2.74595,122.1255,9.718504,13.43705,10.93869,0.01048792,3.796169,0.0404221099999999,11.00718,6.928525,6.843185,7.134706,-4.322296,0.1223931,4
2015-04-24 19:18:00,0.1835141,2.739231,122.0657,9.770372,13.43751,10.89313,0.0084359329999999,3.437073,0.03069086,10.97715,6.910347,6.804377,7.123644,-4.322328,0.1216628,4
2015-04-24 19:19:00,0.1834116,2.776394,122.1285,9.837988,13.43755,10.86112,0.0086639309999999,3.323073,0.03100276,10.96137,6.916671,6.815684,7.166206,-4.082215,0.1222599,4
2015-04-24 19:20:00,0.1834952,2.767284,122.1349,9.917956,13.43806,10.82723,0.01117191,3.476972,0.03931487,10.94301,6.936036,6.820833,7.189814,-3.541944,0.1229413,4
2015-04-24 19:21:00,0.1836429,2.763414,122.2121,10.0716,13.43833,10.79523,0.0050159599999999,3.180574,0.0175287299999999,10.92936,6.986949,6.906601,7.198063,-3.061697,0.1221371,4
2015-04-24 19:22:00,0.1835332,2.762506,122.1801,10.09929,13.43951,10.76322,0.007523939,3.123575,0.02364194,10.91077,7.023635,6.897074,7.199915,-3.001682,0.1230574,4
2015-04-24 19:23:00,0.1835127,2.761729,122.1624,10.09524,13.43995,10.72933,0.007067943,3.437073,0.02200448,10.88819,7.012964,6.843729,7.159397,-2.881634,0.1225629,4
2015-04-24 19:24:00,0.1838992,2.760037,122.1895,10.00603,13.44315,10.69921,0.0077519379999999,3.351573,0.0264646299999999,10.86725,6.971958,6.799156,7.140438,-2.941683,0.1223116,4
2015-04-24 19:25:00,0.1838067999999999,2.759353,122.2395,9.999778,13.44389,10.67097,0.0038759689999999,3.129275,0.01246036,10.84255,6.973224,6.825308,7.143133,-3.00174,0.1227168,4
2015-04-24 19:26:00,0.1837713,2.790486,122.2928,9.958932,13.44404,10.64085,0.0091199269999999,2.924076,0.02560691,10.81597,6.975523,6.772837,7.09141,-3.061787,0.1229084,4
2015-04-24 19:27:00,0.1837907,2.782619,122.3096,9.820095,13.44351,10.61449,0.005243958,3.146375,0.0179186,10.77974,7.041456,6.797546,7.129606,-3.542088,0.1231968,4
2015-04-24 19:28:00,0.1837459999999999,2.789568,122.2956,9.575628,13.44393,10.58436,0.001595987,2.861377,0.003898738,10.72209,7.035309,6.762232,7.112796,-3.24192,0.1231633,4
2015-04-24 19:29:00,0.1837458999999999,2.770729,122.3172,9.570664,13.4442,10.55236,0.0127679,2.770178,0.0345272199999999,10.68727,7.001827,6.701004,7.122676,-3.72223,0.1226339,4
2015-04-24 19:30:00,0.1839216999999999,2.779273,122.3147,9.661298,13.44429,10.52412,0.01071591,3.032376,0.0320476199999999,10.67245,6.910856,6.590063,7.017508,-3.422057,0.1229162,4
2015-04-24 19:31:00,0.1839013999999999,2.766142,122.3723,9.661460000000002,13.44454,10.49588,0.0093479259999999,2.690378,0.0225814899999999,10.65269,6.870937,6.599918,7.010305,-3.662221,0.122259,4
2015-04-24 19:32:00,0.183596,2.778781,122.3446,9.734018,13.44642,10.46952,0.01413589,2.855677,0.04034414,10.63764,6.883492,6.617458,7.022145,-3.121897,0.1229787,4
2015-04-24 19:33:00,0.1836922,2.769279,122.3514,9.688891000000002,13.44801,10.4394,0.0061559509999999,2.718878,0.0167021899999999,10.60894,6.855956,6.586348,6.941291,-3.302027,0.1225844,4
2015-04-24 19:34:00,0.1838508,2.783782,122.3708,9.510604,13.44941,10.40927,0.006383948,2.855677,0.0176534799999999,10.55694,6.901713,6.634972,6.975664,-3.001844,0.1235021,4
2015-04-24 19:35:00,0.1837443,2.789674,122.3728,9.329521,13.45051,10.38856,0.01322389,2.52508,0.03440246,10.50164,6.981646,6.697144,7.08545,-3.302094,0.1232956,4
2015-04-24 19:36:00,0.1837537999999999,2.776114,122.372,9.392001,13.45051,10.35279,0.007979936,2.559279,0.0197588,10.44963,7.067234,6.793449,7.194477,-3.001903,0.1230944,4
2015-04-24 19:37:00,0.1835448,2.774126,122.3189,9.417859,13.45021,10.32455,0.01025992,2.570679,0.02984873,10.41362,7.082932,6.723086,7.177474,-3.001948,0.1229443,4
2015-04-24 19:38:00,0.1836137999999999,2.776606,122.2903,9.312799,13.45023,10.30572,0.009347925,2.741678,0.0247023999999999,10.39126,7.000735,6.620203,7.108799,-3.182064,0.1232254,4
2015-04-24 19:39:00,0.183778,2.776255,122.3562,9.323985,13.45042,10.2756,0.007523939,2.49658,0.02064771,10.36962,6.959896,6.683226,7.074358,-2.941902,0.1221649,4
2015-04-24 19:40:00,0.1838775,2.771044,122.3754,9.418938,13.45045,10.24736,0.0088919289999999,2.388281,0.0208348499999999,10.33574,7.005411,6.750104,7.116311,-3.542289,0.1223275999999999,4
2015-04-24 19:41:00,0.1835179,2.795005,122.3335,9.343357,13.45059,10.221,0.006839945,2.610579,0.01592244,10.30444,6.970994,6.664443,7.052758,-3.302127,0.1244148999999999,4
2015-04-24 19:42:00,0.1834475999999999,2.788819,122.3242,9.311505,13.45108,10.19276,0.01048792,2.331281,0.02333005,10.26278,6.997323,6.726353,7.115335,-3.602319,0.1237298,4
2015-04-24 19:43:00,0.183555,2.796799,122.3349,9.42356,13.45164,10.16452,0.004331965,2.393981,0.0093569689999999,10.22677,7.107529,7.02932,7.39037,-3.782434,0.1238940999999999,4
2015-04-24 19:44:00,0.1835998,2.788769,122.3679,9.588748,13.45336,10.13816,0.0050159599999999,2.393981,0.01085408,10.20324,7.250121,7.213873,7.647959,-3.722396,0.1235088,4
2015-04-24 19:45:00,0.1835181999999999,2.795267,122.3855,9.559905,13.4545,10.11933,0.0025079799999999,2.354081,0.007111298,10.18018,7.321322999999999,7.199791,7.677227,-3.60232,0.1237908,4
2015-04-24 19:46:00,0.1837264,2.805873,122.4237,9.422392,13.45594,10.09298,0.007523939,2.399681,0.01595363,10.14323,7.279193,7.094381,7.546342,-3.422219,0.1232651,4
2015-04-24 19:47:00,0.1836475999999999,2.792324,122.4097,9.179589,13.45606,10.07039,0.008435932,2.51368,0.0226594599999999,10.10438,7.15413,6.93301,7.392922999999999,-3.422248,0.1237637,4
2015-04-24 19:48:00,0.1834900999999999,2.793607,122.348,9.126379,13.45612,10.04215,0.0006839946,2.291382,0.0009512918,10.07968,7.026306,6.844257,7.285756,-3.6624,0.1241515,4
2015-04-24 19:49:00,0.1835659,2.780855,122.3807,9.251096,13.4562,10.01579,0.0047879619999999,2.154583,0.01008993,10.05756,6.999184,6.837759,7.241579,-3.722431,0.1240571,4
2015-04-24 19:50:00,0.1836304,2.806891,122.4017,9.222558,13.45603,9.989429,0.004559963,2.46238,0.01300619,10.03403,6.906531,6.728716,7.08073,-3.602362,0.1235531,4
2015-04-24 19:51:00,0.1835576999999999,2.786266,122.3891,9.203745,13.45586,9.964956,0.0113999099999999,2.365481,0.02328326,10.00886,6.857009,6.662813,6.99852,-3.78249,0.1247282,4
2015-04-24 19:52:00,0.1836662,2.814293,122.4336,9.179895,13.45708,9.946129,0.005927952,2.154583,0.01306857,9.992858,6.792533,6.621082,6.960372,-3.662418,0.1234823,4
2015-04-24 19:53:00,0.1836636,2.801281,122.4317,9.164641,13.46017,9.92165,0.0050159599999999,2.52508,0.01654624,9.965554,6.763628,6.556587,6.949966,-3.902583,0.1241394,4
2015-04-24 19:54:00,0.1836556,2.799361,122.4324,9.201602,13.46033,9.900942,0.005699954,2.080483,0.0128814299999999,9.953335,6.718475,6.543433,6.880656,-3.602422,0.1243802,4
2015-04-24 19:55:00,0.1837400999999999,2.807279,122.492,9.21419,13.46133,9.870821,0.01162791,2.103283,0.02429693,9.930289,6.682413,6.500238,6.853141,-3.602442,0.1239481,4
2015-04-24 19:56:00,0.1836610999999999,2.806526,122.4818,9.239011,13.46145,9.855759,0.0123119,2.131783,0.02598119,9.916644,6.648011,6.442333,6.781764,-3.602467,0.1247875,4
2015-04-24 19:57:00,0.1838555,2.809667,122.4711,9.286986,13.46106,9.827515,0.005471956,2.222982,0.0096532739999999,9.899719,6.640218,6.460162,6.744095,-3.60248,0.1245084,4
2015-04-24 19:58:00,0.1837981999999999,2.819119,122.465,9.247085,13.46163,9.801159,0.01117191,2.012084,0.0231429,9.870536,6.630226,6.429533,6.743348,-3.182175,0.1245311999999999,4
2015-04-24 19:59:00,0.1837262,2.812538,122.474,9.17698,13.46167,9.776686,0.0060900449999999,2.137483,0.01146229,9.843944,6.605636,6.393547,6.68817,-3.482374,0.1239116,4
2015-04-24 20:00:00,0.1840591,2.81403,122.4936,9.159536,13.46177,9.764258000000002,0.0061559509999999,2.029184,0.01250715,9.832933,6.575291,6.373154,6.679177,-3.542395,0.1243045,4
2015-04-24 20:01:00,0.1839099999999999,2.818045,122.5086,9.114232,13.46179,9.73752,0.0125399,1.892385,0.02510787,9.810445,6.539129,6.354064,6.645868,-3.242189,0.1248075,4
2015-04-24 20:02:00,0.1837389,2.810136,122.4908,9.094002,13.46188,9.713047,0.0098039219999999,2.205882,0.0234392099999999,9.786681,6.504532,6.309486,6.596335,-2.941974,0.1245253999999999,4
2015-04-24 20:03:00,0.1835777,2.817192,122.4777,9.026723,13.46188,9.688574,-0.0025079799999999,2.086183,-0.005224308,9.757969,6.495567,6.294821,6.578832,-2.941973,0.1239957,4
2015-04-24 20:04:00,0.1837894999999999,2.815114,122.5144,8.948394999999998,13.46151,9.671627,0.0093479259999999,2.108983,0.02124032,9.732539,6.445614,6.23131,6.543837,-3.002065,0.124581,4
2015-04-24 20:05:00,0.1836009,2.790654,122.5046,8.871363,13.46151,9.645267,0.0036479709999999,2.108983,0.008187349,9.703354,6.408415,6.245368,6.523726,-3.062106,0.1247907,4
2015-04-24 20:06:00,0.1835866999999999,2.800019,122.5169,8.910987999999998,13.46121,9.626442,0.005699954,2.120383,0.0125227399999999,9.673919,6.442858,6.264156,6.568125,-3.242288,0.1235831,4
2015-04-24 20:07:00,0.1836077999999999,2.821752,122.5323,8.915979,13.46119,9.600086,0.002735978,1.789786,0.003711598,9.642613,6.439869,6.276833,6.60285,-3.422419,0.1247077999999999,4
2015-04-24 20:08:00,0.1837816999999999,2.81848,122.5025,8.990071999999998,13.46142,9.585023,0.002735978,1.994984,0.00620679,9.629672,6.436283,6.236942,6.61847,-3.362431,0.124031,4
2015-04-24 20:09:00,0.1839078,2.823967,122.5723,8.976056,13.46284,9.55678,0.005699954,1.920884,0.009809223,9.608508,6.354472,6.156525,6.543805,-3.30239,0.1247311,4
2015-04-24 20:10:00,0.1840294,2.810745,122.6084,8.956948,13.46489,9.539837,0.0093479259999999,2.240082,0.0213806799999999,9.594398,6.320301,6.169343,6.510359,-3.422485,0.1247542,4
2015-04-24 20:11:00,0.1838473999999999,2.834801,122.6251,8.98832,13.4654,9.513481,0.005471956,2.126083,0.01361439,9.572998,6.300183,6.116457,6.444696,-3.122272,0.1248065,4
2015-04-24 20:12:00,0.1839261,2.819967,122.6125,9.026462,13.46694,9.500303,0.002735978,1.903785,0.002822686,9.559822,6.285474,6.125957,6.450635,-3.182331,0.1250034999999999,4
2015-04-24 20:13:00,0.1837656,2.828331,122.607,9.040835,13.46699,9.476205,0.0088919289999999,1.989284,0.0181057399999999,9.535728,6.278971,6.115889,6.460509,-2.942177,0.1247957,4
2015-04-24 20:14:00,0.1840389,2.824023,122.6079,9.034348,13.4671,9.45549,0.004787961,2.103283,0.0099963629999999,9.521387,6.257303,6.096344,6.452378,-3.002264,0.1240419,4
2015-04-24 20:15:00,0.1838716,2.817533,122.5892,8.995794999999998,13.46715,9.434782,0.0086639309999999,2.023484,0.01554816,9.497852,6.288424,6.119639,6.48349,-3.06233,0.1247293,4
2015-04-24 20:16:00,0.1838394999999999,2.818512,122.5576,8.984336,13.46724,9.414074,0.0125399,2.097583,0.02560691,9.475733,6.328793,6.177824,6.516016,-2.882225,0.1249412,4
2015-04-24 20:17:00,0.1837701999999999,2.828313,122.6211,8.949965,13.46728,9.404661,0.0118559,2.040584,0.0228310099999999,9.464196,6.374934,6.199769,6.537228,-2.94229,0.1239814,4
2015-04-24 20:18:00,0.1838799,2.822717,122.6085,8.856298,13.46734,9.380184000000002,0.004559963,2.074783,0.009902793,9.427688,6.422291,6.233618,6.573893,-2.942315,0.1242793,4
2015-04-24 20:19:00,0.1838567999999999,2.824827,122.6513,8.658794999999998,13.46739,9.368885,0.006383948,2.194482,0.01217966,9.382415000000002,6.477821,6.234335,6.608061,-2.882285,0.1254330999999999,4
2015-04-24 20:20:00,0.1838277,2.825993,122.6503,8.633317,13.4688,9.346294,0.0061559509999999,2.023484,0.0123512,9.353455,6.428749,6.158176,6.601698,-2.882303,0.1251461,4
2015-04-24 20:21:00,0.1839067,2.831781,122.642,8.491511,13.4693,9.323704,0.006611947,2.000684,0.01283464,9.311751,6.359738,6.089128,6.505667,-2.882323,0.1245984,4
2015-04-24 20:22:00,0.1838036999999999,2.841181,122.6211,8.473262,13.4675,9.316174,0.007067943,2.160283,0.01684255,9.293601,6.280951,6.044494,6.423342,-2.882338,0.1241379,4
2015-04-24 20:23:00,0.1839274999999999,2.837392,122.6766,8.494845,13.46937,9.29358,0.009575923,2.006384,0.0209908,9.268882,6.205361,5.990234,6.348493,-2.88236,0.1253244,4
2015-04-24 20:24:00,0.1838523,2.825649,122.6597,8.52822,13.47214,9.264207,0.0109439099999999,1.983584,0.02127151,9.23455,6.214191,6.051071,6.380108,-2.882371,0.1251213999999999,4
2015-04-24 20:25:00,0.1840024,2.854306,122.7152,8.507302,13.47263,9.246887,0.0077519379999999,1.903785,0.01629672,9.199525,6.264391,6.113396,6.408224,-3.002487,0.1247741,4
2015-04-24 20:26:00,0.1839422,2.832995,122.6877,8.479076,13.4731,9.213001,0.003419973,2.051984,0.006830588,9.145804,6.283714,6.073596,6.43751,-2.882396,0.1253687,4
2015-04-24 20:27:00,0.183765,2.844567,122.6702,8.589588,13.47313,9.203588000000002,0.0061559509999999,1.955084,0.01069814,9.13002,6.3406,6.11983,6.52071,-2.88241,0.1246056,4
2015-04-24 20:28:00,0.1839297,2.838605,122.698,8.618614,13.47314,9.179111,0.0050159599999999,1.949384,0.0082965139999999,9.101292,6.341648,6.091675,6.496843,-2.882415,0.1249114,4
2015-04-24 20:29:00,0.1839655,2.856792,122.7306,8.618,13.47316,9.167812,0.004103967,1.983584,0.0094193499999999,9.087864,6.309588,6.073843,6.464083,-2.882426,0.1243495,4
2015-04-24 20:30:00,0.1840652999999999,2.82863,122.711,8.675304,13.47316,9.145222,0.0036479709999999,2.040584,0.0080313999999999,9.067395,6.331726,6.129467,6.505434,-2.882428,0.1258991,4
2015-04-24 20:31:00,0.1842247999999999,2.824139,122.6891,8.715484,13.47319,9.122631,0.001595987,1.903785,0.002526382,9.046219,6.291901,6.032634,6.467759,-2.882443,0.1241314,4
2015-04-24 20:32:00,0.1840158,2.827433,122.7124,8.670588,13.47319,9.116983,0.006839945,1.977884,0.01370796,9.04057,6.229961,5.962826,6.381634,-2.882444,0.1256337999999999,4
2015-04-24 20:33:00,0.1839049,2.842218,122.6783,8.618546,13.4755,9.094955,0.0036479709999999,1.903785,0.00753236,9.019952,6.181284,5.949028,6.356478,-3.062615,0.1244844,4
2015-04-24 20:34:00,0.1837956,2.844942,122.69,8.750272,13.4755,9.0797,0.007979936,1.983584,0.01740396,9.017447,6.163809,5.929407,6.331174,-2.882461,0.1246952,4
2015-04-24 20:35:00,0.1838109,2.851548,122.7075,8.777611,13.47735,9.05711,0.0061559509999999,1.789786,0.009933983,9.001939999999998,6.18027,5.976515,6.374688,-2.882472,0.1238836,4
2015-04-24 20:36:00,0.1837089,2.825364,122.6734,8.610554999999998,13.47827,9.042049,0.003419973,1.920884,0.0082341329999999,8.984044,6.113152,5.881582,6.240652,-2.882472,0.1250552,4
2015-04-24 20:37:00,0.18381,2.827677,122.6465,8.456018999999998,13.47828,9.034519,0.006839945,1.983584,0.01135312,8.964472,6.054424,5.83139,6.169821,-2.882478,0.1250663999999999,4
2015-04-24 20:38:00,0.1837491,2.833403,122.6578,8.423354,13.47874,9.017576,0.007523939,1.909485,0.0132869,8.931229999999998,6.112181,5.926228,6.267449,-3.002582,0.1257993,4
2015-04-24 20:39:00,0.1839432,2.826398,122.6779,8.434997,13.47874,8.99498,0.008435932,2.080483,0.01868275,8.901543999999998,6.116511,5.872121,6.25255,-2.882482,0.1244596,4
2015-04-24 20:40:00,0.1839350999999999,2.853822,122.6914,8.48385,13.47875,8.987448,0.0050159599999999,1.989284,0.0112751499999999,8.898970999999998,6.068338,5.820364,6.220057,-3.002577,0.1243148,4
2015-04-24 20:41:00,0.1839031999999999,2.827233,122.7159,8.484998,13.47875,8.968622,0.0038759689999999,1.920884,0.007314031,8.88156,6.006675,5.775068,6.201859,-2.882453,0.1255568,4
2015-04-24 20:42:00,0.1840489999999999,2.835862,122.7543,8.510203,13.47875,8.946032,0.005927952,1.926585,0.01208609,8.860381999999998,5.983206,5.765842,6.174128,-3.002562,0.1244002,4
2015-04-24 20:43:00,0.1838475,2.832647,122.7305,8.558269,13.47921,8.944148999999998,0.005243958,1.858185,0.0063003599999999,8.864166,5.964136,5.728934,6.14937,-2.882471,0.1259701,4
2015-04-24 20:44:00,0.1839650999999999,2.835479,122.7449,8.714895999999998,13.47876,8.923816999999998,0.0086639309999999,1.909485,0.0179341899999999,8.858005,5.988571,5.776191,6.227217,-2.882475,0.1247550999999999,4
2015-04-24 20:45:00,0.1839678999999999,2.844738,122.711,8.696714999999998,13.47922,8.910639,0.007523939,1.926584,0.0151270999999999,8.85262,6.011646,5.761497,6.210396,-2.882483,0.1248713999999999,4
2015-04-24 20:46:00,0.1839502,2.846662,122.7297,8.474180999999998,13.48014,8.899343,0.006383948,1.977884,0.01459687,8.827859999999998,5.954755,5.728823,6.114342,-2.882486,0.1255343999999999,4
2015-04-24 20:47:00,0.1841285,2.85591,122.7729,8.409205,13.48152,8.878628,0.01025992,1.812585,0.0169517099999999,8.800057,5.966773,5.745842,6.142739,-2.88249,0.1249596,4
2015-04-24 20:48:00,0.184209,2.84933,122.7807,8.365253,13.48152,8.871098,0.0082079349999999,1.721386,0.0148152,8.788273,5.950612,5.745354,6.123734,-2.822439,0.1252466,4
2015-04-24 20:49:00,0.1840676,2.84576,122.7872,8.303048999999998,13.48336,8.856037,0.001367989,2.012084,0.002401622,8.764704999999998,5.890535,5.685963,6.046583,-2.882493,0.1258439,4
2015-04-24 20:50:00,0.183929,2.870038,122.7647,8.237868,13.48244,8.852272,0.0123119,1.960784,0.02571607,8.742509,5.925928,5.74917,6.107611,-2.882498,0.1254928999999999,4
2015-04-24 20:51:00,0.1839562999999999,2.861997,122.7776,8.249009,13.4829,8.833446999999998,0.004103967,1.920884,0.009466135,8.706666,5.972543,5.770854,6.148515,-2.882502,0.1246517,4
2015-04-24 20:52:00,0.1838266,2.844035,122.6987,8.328683,13.48382,8.814621,0.001595987,1.801185,0.002619951,8.685703999999998,6.003353,5.798813,6.172911,-2.882508,0.1250084999999999,4
2015-04-24 20:53:00,0.1839292999999999,2.847813,122.7254,8.453148,13.48382,8.809160999999998,-0.0025079799999999,1.818285,-0.0030877999999999,8.680949,6.102531,5.86025,6.28417,-2.882511,0.1254116999999999,4
2015-04-24 20:54:00,0.1842032999999999,2.856483,122.7646,8.295538,13.48428,8.792218,0.0050159599999999,1.932284,0.01047981,8.654785,6.11187,5.880283,6.28567,-2.882514,0.125385,4
2015-04-24 20:55:00,0.1841627999999999,2.871206,122.8095,8.216832,13.48428,8.779224,0.005471956,1.972184,0.0117274,8.633988999999998,6.043241,5.751033,6.221336,-3.062673,0.1249294,4
2015-04-24 20:56:00,0.1839887,2.812385,122.7683,8.164128,13.48428,8.767925,0.007067943,1.647287,0.01101003,8.615605999999998,5.941553,5.695646,6.108987,-2.882516,0.125457,4
2015-04-24 20:57:00,0.1838104,2.851849,122.6798,8.003472,13.48428,8.762278,0.004103967,1.721386,0.0085304379999999,8.599323,5.82188,5.593038,5.972962,-2.942569,0.1248988999999999,4
2015-04-24 20:58:00,0.183901,2.826761,122.6886,7.889329,13.48428,8.745335,0.002051984,1.920884,0.0047564599999999,8.561812,5.762771,5.578115,5.917431,-3.062673,0.1256369,4
2015-04-24 20:59:00,0.1839121,2.835418,122.6844,7.882422,13.48428,8.722744,0.005243958,1.852485,0.0124759599999999,8.527158,5.731495,5.571786,5.868351,-2.882515,0.1252139999999999,4
2015-04-24 21:00:00,0.1839475,2.84717,122.6893,7.834913,13.48428,8.709566,0.01071591,1.835385,0.02113116,8.498372,5.678288,5.508575,5.829412,-3.242832,0.1254466999999999,4
2015-04-24 21:01:00,0.1841187,2.858044,122.7387,7.750952,13.48428,8.696386999999998,0.005015959,1.841085,0.0083744879999999,8.471004,5.623676,5.428984,5.769114,-3.122727,0.1248197,4
2015-04-24 21:02:00,0.1838442999999999,2.858981,122.7351,7.714157,13.48428,8.677555,0.006611947,1.983584,0.0149243699999999,8.440801999999998,5.5589,5.394848,5.695809,-3.002628,0.1258578999999999,4
2015-04-24 21:03:00,0.1840522,2.841816,122.7328,7.747219,13.48428,8.674167,0.0009119926999999,1.880985,0.0007173677,8.428898999999998,5.524109,5.375027,5.667443,-2.942575,0.126001,4
2015-04-24 21:04:00,0.1838381,2.846647,122.7306,7.703783999999998,13.48428,8.657223,-0.0002279983,1.789786,-0.001200811,8.394921,5.494192,5.370071,5.626127,-3.242848,0.1250275999999999,4
2015-04-24 21:05:00,0.1839652,2.837548,122.7553,7.599650999999999,13.48428,8.634632,0.0061559509999999,1.812585,0.01230441,8.353168,5.479344,5.365209,5.652639,-2.942585,0.126089,4
2015-04-24 21:06:00,0.1839267,2.837618,122.7408,7.749240999999999,13.48474,8.623336999999998,0.003419973,1.977884,0.004974789,8.336916,5.54873,5.414644,5.751928,-3.483072,0.126623,4
2015-04-24 21:07:00,0.1840264,2.857221,122.7489,7.646741999999999,13.48841,8.604508,0.01071591,1.749886,0.01947809,8.303888,5.501972,5.363592,5.66527,-2.942596,0.1257803,4
2015-04-24 21:08:00,0.1839409999999999,2.845626,122.7113,7.602327,13.48978,8.589443,0.004559963,1.852485,0.007080107,8.277459999999998,5.475372,5.332704,5.644383,-3.062705,0.1250972999999999,4
2015-04-24 21:09:00,0.1838583,2.846054,122.7234,7.460207999999999,13.48978,8.5725,0.005927952,1.875285,0.0080469949999999,8.239931999999998,5.411259,5.287839,5.535364,-2.882548,0.1258029,4
2015-04-24 21:10:00,0.1839123,2.863102,122.7468,7.411651,13.48978,8.553298,0.01048792,1.755586,0.01832407,8.207237,5.322764,5.215024,5.449028,-3.242873,0.1254557,4
2015-04-24 21:11:00,0.1839353,2.862201,122.7653,7.506003,13.48933,8.53899,0.006611947,1.732786,0.01108801,8.182978999999998,5.368947,5.281192,5.529435,-3.122769,0.1253933,4
2015-04-24 21:12:00,0.1838016,2.860185,122.7035,7.438007,13.48978,8.518282,0.005699954,1.789786,0.009622085,8.139533,5.393645,5.274495,5.555559,-3.543147,0.1262281,4
2015-04-24 21:13:00,0.1838017,2.850826,122.6731,7.386701999999999,13.48978,8.501339,0.0011399909999999,1.766986,0.004881219,8.100579,5.441539,5.28387,5.60629,-3.18283,0.126302,4
2015-04-24 21:14:00,0.1836963,2.852505,122.6469,7.274838,13.49483,8.482507,0.005471956,1.932284,0.01136872,8.062571999999998,5.447597,5.267099,5.602361,-3.302943,0.1260324999999999,4
2015-04-24 21:15:00,0.1839212,2.854227,122.6714,7.094788,13.49437,8.459915,0.001595987,1.937984,0.00166866,8.015129,5.384996,5.198059,5.539775,-3.543157,0.1264885,4
2015-04-24 21:16:00,0.1839301,2.873052,122.6896,7.056076,13.49529,8.447679,0.001367989,1.875285,0.006752613,7.976626999999999,5.362057,5.192958,5.529676,-3.122783,0.1261399,4
2015-04-24 21:17:00,0.1837432,2.843523,122.6704,7.119264,13.49529,8.420757,0.002051984,1.812585,0.0026355459999999,7.942583,5.300731,5.09878,5.463376,-3.002674,0.1249941,4
2015-04-24 21:18:00,0.1836979,2.849408,122.6698,7.13585,13.49483,8.409461,0.005243958,2.006384,0.0101835,7.932695,5.188045,4.986052,5.43062,-3.302939,0.1258047999999999,4
2015-04-24 21:19:00,0.1840922,2.859723,122.8627,7.137594,13.49529,8.381216,0.005471956,1.903785,0.009700059,7.905845,5.105383,4.898361,5.318745,-3.002673,0.1259826,4
2015-04-24 21:20:00,0.184002,2.858406,122.869,7.145723,13.49529,8.358625,0.004787961,1.932284,0.010511,7.884654,5.027689,4.879905,5.268194,-2.882567,0.1263450999999999,4
2015-04-24 21:21:00,0.1839454,2.858826,122.8131,7.073598,13.49529,8.335281,0.004787961,1.755586,0.003711598,7.857006,4.975479,4.83624,5.254554,-2.882568,0.1254946999999999,4
2015-04-24 21:22:00,0.1841865,2.856009,122.8549,7.073659,13.4962,8.323233,0.004331965,1.977884,0.00753236,7.838542999999999,4.936141,4.797606,5.151014,-2.882569,0.1252563999999999,4
2015-04-24 21:23:00,0.1842196999999999,2.85497,122.8776,7.081143,13.49758,8.294990999999998,0.002735978,1.863885,0.002853876,7.796786,4.95986,4.868464,5.171867,-2.882567,0.1260892999999999,4
2015-04-24 21:24:00,0.1841646999999999,2.865525,122.9126,7.311306,13.49896,8.276161,0.006611947,1.681486,0.0095285149999999,7.791432999999999,4.983042,4.850231,5.240709,-2.882566,0.1257946,4
2015-04-24 21:25:00,0.1842747,2.858078,122.956,7.429261999999999,13.50079,8.24604,0.009575923,2.069083,0.0189946499999999,7.779069,4.987209,4.889397,5.256989,-2.942616,0.1265851,4
2015-04-24 21:26:00,0.1843033,2.867636,122.951,7.479205999999999,13.50033,8.23305,0.005471956,1.641587,0.0086396029999999,7.780277,4.986319,4.862089,5.218993,-2.882561,0.1257427999999999,4
2015-04-24 21:27:00,0.1843836,2.87097,122.9656,7.453178,13.50079,8.210648,0.0006839946999999,2.057683,0.001871395,7.768497,4.955848,4.838035,5.175695,-2.882554,0.1258904999999999,4
2015-04-24 21:28:00,0.1843582,2.861838,122.9901,7.355641,13.50079,8.191822,0.0072959419999999,1.704286,0.0138951,7.752494999999999,4.922614,4.789082,5.164599,-2.942606,0.1257736999999999,4
2015-04-24 21:29:00,0.184458,2.873142,123.0006,7.2374,13.50079,8.167341,-0.0004559963,1.744186,-0.0015594949999999,7.720181,4.852997,4.700161,5.055755,-2.88255,0.1259336,4
2015-04-24 21:30:00,0.1844697999999999,2.869823,122.9809,7.144836,13.50125,8.148516,0.0036479709999999,1.709986,0.006128815,7.69921,4.769067,4.619067,4.966146,-3.122762,0.1259132,4
2015-04-24 21:31:00,0.1844731,2.875216,123.0247,7.047074,13.50079,8.138161999999998,0.004103967,1.744186,0.007017728,7.685975,4.688417,4.547673,4.884824,-3.122762,0.1260399,4
2015-04-24 21:32:00,0.1843673,2.868877,123.0624,7.001032,13.50171,8.109358,0.006383948,1.972184,0.01353642,7.656437,4.630854,4.500099,4.837279,-3.242869,0.1257239,4
2015-04-24 21:33:00,0.1842469999999999,2.870696,122.9391,7.032998,13.504,8.090528,-0.004787961,2.074783,-0.0073296259999999,7.638305,4.586924,4.481886,4.804792,-3.182812,0.1258939,4
2015-04-24 21:34:00,0.1843655999999999,2.876602,122.9947,7.179347,13.5063,8.062286,0.0004889493,1.795485,0.00151271,7.625675,4.57854,4.464211,4.840686,-3.302918,0.1254781,4
2015-04-24 21:35:00,0.1843303,2.871112,122.9865,7.220359,13.5063,8.051743999999998,0.005699954,1.949384,0.009980769,7.619409,4.549539,4.439498,4.818112,-3.062709,0.1259657999999999,4
2015-04-24 21:36:00,0.1843439,2.860044,122.9823,7.211469,13.50584,8.025011,0.004103967,2.000684,0.009185425,7.596204,4.54405,4.469738,4.74978,-2.882549,0.1258392999999999,4
2015-04-24 21:37:00,0.1841608,2.855135,122.9197,7.120842,13.50584,8.00242,0.007067943,1.647287,0.01200811,7.571455,4.50052,4.386894,4.709843,-2.882547,0.1260725,4
2015-04-24 21:38:00,0.1844168999999999,2.865274,122.9649,7.030928,13.5063,7.979825,0.0084359329999999,1.806885,0.0157509,7.545289999999999,4.416313,4.293376,4.589233,-3.002654,0.1251141,4
2015-04-24 21:39:00,0.1844471,2.852013,122.9975,6.979891,13.5063,7.965326,-0.001367989,1.744186,-0.004117067,7.530776999999999,4.348094,4.235864,4.528898,-3.182817,0.1257259,4
2015-04-24 21:40:00,0.184514,2.860911,123.0136,6.987378,13.5063,7.940664,0.0036479709999999,1.795485,0.0068617779999999,7.507507,4.301744,4.188787,4.569022,-3.30294,0.1253996,4
2015-04-24 21:41:00,0.1842548,2.872916,122.9677,7.125959,13.5063,7.921839,0.001823985,1.960784,0.0060040559999999,7.496463999999999,4.329815,4.247603,4.641388,-3.182864,0.1256068999999999,4
2015-04-24 21:42:00,0.1841044,2.878015,122.8467,7.064291,13.5063,7.891714,0.0009119927999999,1.972184,0.003103395,7.468447,4.408132,4.330936,4.643941,-3.062756,0.1260665,4
2015-04-24 21:43:00,0.1841635,2.866441,122.8467,7.109435,13.5063,7.878909,0.006839945,1.835385,0.01274107,7.452789,4.610334,4.48529,4.830342,-2.942647,0.1254088999999999,4
2015-04-24 21:44:00,0.1841434,2.873344,122.8361,7.369032,13.5063,7.854434999999999,-0.005243958,1.761286,-0.008452463,7.442523,4.77441,4.595113,4.99863,-2.882591,0.1256942,4
2015-04-24 21:45:00,0.1841565,2.858756,122.8387,7.496121999999999,13.5063,7.835609,0.0025079799999999,1.915184,0.004584915,7.430094,4.903407,4.644866,5.076169,-2.882587,0.1258848999999999,4
2015-04-24 21:46:00,0.1842785,2.843444,122.8038,7.805456,13.5063,7.816784,0.0038759689999999,1.784086,0.0057857259999999,7.433283999999999,5.001562,4.735209,5.219255,-2.882583,0.1261467,4
2015-04-24 21:47:00,0.1841111,2.877281,122.8325,8.278667999999998,13.5063,7.794193,-0.0006839945,1.898085,-0.0014347349999999,7.458288999999999,5.125889,4.927433,5.417728,-2.882579,0.1262902999999999,4
2015-04-24 21:48:00,0.1840760999999999,2.859326,122.8027,8.381142,13.50767,7.787413,0.005927952,1.886685,0.01163383,7.499824,5.201135,4.897033,5.422316,-2.882577,0.1251944,4
2015-04-24 21:49:00,0.1842137,2.854361,122.8406,7.682502,13.50675,7.768206,0.0086639309999999,1.761286,0.01553257,7.469946,5.024795,4.732026,5.183251,-2.882576,0.1257650999999999,4
2015-04-24 21:50:00,0.1840681,2.874291,122.8243,7.177028,13.50767,7.751263,0.002735978,2.046283,0.00620679,7.425982,4.921311,4.694915,5.116206,-2.94263,0.1257917,4
2015-04-24 21:51:00,0.1840764,2.847201,122.8333,7.215542,13.50813,7.74185,0.0088919289999999,1.892385,0.01663981,7.412295,4.989641,4.816123,5.230188,-3.12279,0.1256105,4
2015-04-24 21:52:00,0.1840951999999999,2.871611,122.8263,7.343458,13.51088,7.717377,0.004331965,1.909485,0.008015805,7.386383999999999,5.028573,4.810072,5.269814,-3.182846,0.1251818,4
2015-04-24 21:53:00,0.1841007,2.880266,122.8568,8.185536,13.51088,7.706081,-0.001530081,1.898085,-0.0009045071999999,7.458942999999999,5.286995,5.106442,5.737032,-3.242901,0.1260047,4
2015-04-24 21:54:00,0.1841344,2.858348,122.8298,8.962026,13.5118,7.695915,0.001367989,1.715686,0.002510787,7.580948,5.62143,5.431717,6.197289,-3.182845,0.1255543,4
2015-04-24 21:55:00,0.1841260999999999,2.877312,122.8147,9.26396,13.5118,7.681983,0.0129958999999999,1.618787,0.0191506,7.650133,5.886211,5.657376,6.595589,-2.942629,0.1257950999999999,4
2015-04-24 21:56:00,0.1840872,2.881635,122.7969,9.958129,13.51134,7.663151,0.001367989,1.846785,0.002588762,7.774772999999999,6.299047,6.150182,7.113159,-2.942624,0.1256609999999999,4
2015-04-24 21:57:00,0.1840798999999999,2.859002,122.8293,10.29906,13.51134,7.663151,0.0123119,1.875285,0.0243125299999999,7.930998,6.494873,6.280541,7.430213,-2.642355,0.1260854999999999,4
2015-04-24 21:58:00,0.1838597999999999,2.836888,122.7689,10.03934,13.51042,7.663151,0.005243958,1.955084,0.0093881599999999,7.997732,6.585995,6.408726,7.54462,-2.282032,0.1255147,4
2015-04-24 21:59:00,0.1839647,2.862646,122.7736,10.13792,13.50675,7.670683,0.0091199269999999,1.806885,0.01651505,8.140826,6.774301,6.614892,7.736849,-2.342085,0.1252983,4
2015-04-24 22:00:00,0.1840682999999999,2.870039,122.7859,9.944499,13.5063,7.685749,0.0061559509999999,1.738486,0.01166502,8.238227,6.88967,6.667658,7.833593999999999,-2.221978,0.1257993,4
2015-04-24 22:01:00,0.1841623,2.861144,122.7508,9.745578,13.5063,7.697609,0.0084359329999999,1.898085,0.0167333799999999,8.263555999999998,6.940674,6.786995,7.849709,-2.282032,0.1263195,4
2015-04-24 22:02:00,0.1836889999999999,2.860338,122.6426,9.855107,13.5063,7.706081,0.0011399909999999,1.721386,0.0006705828999999,8.278399,6.895812,6.824661,7.688429,-2.342088,0.1253199,4
2015-04-24 22:03:00,0.1837536999999999,2.849027,122.6104,9.941877000000002,13.5063,7.711729,0.005243958,1.937984,0.0099183889999999,8.312414,6.930643,7.014574,7.682006999999999,-2.462195,0.1257863999999999,4
2015-04-24 22:04:00,0.1836969,2.865933,122.5868,10.08122,13.50584,7.732437,0.0077519379999999,1.852485,0.0160939899999999,8.421736,7.10575,7.07375,7.829843,-2.462193,0.1261169,4
2015-04-24 22:05:00,0.1837109,2.854867,122.6319,9.799844,13.50584,7.74938,0.0082079349999999,1.909485,0.0157353,8.467739,7.097824,7.039507,7.882285999999999,-2.882567,0.1256128,4
2015-04-24 22:06:00,0.183676,2.845713,122.5974,10.0291,13.504,7.764440999999999,0.0006839945,1.561787,0.0008421274,8.501231,7.217402,7.201752,8.062754,-2.582295,0.1259332,4
2015-04-24 22:07:00,0.1836023,2.853179,122.6165,10.55449,13.50217,7.789107999999999,0.006383948,1.869585,0.01207049,8.639319,7.3402,7.28333,8.068951,-2.882561,0.1265918,4
2015-04-24 22:08:00,0.183674,2.845375,122.5644,10.17921,13.50079,7.797958,0.004559963,1.635887,0.0069553469999999,8.670132,7.299303,7.199059,7.952149999999999,-2.88256,0.1255481,4
2015-04-24 22:09:00,0.1838724999999999,2.875167,122.6973,10.25752,13.50033,7.818666,0.002051984,1.829685,0.0040702819999999,8.731946,7.334234,7.243241,8.055913,-2.88256,0.1263112999999999,4
2015-04-24 22:10:00,0.183758,2.864671,122.687,10.32681,13.50033,7.84314,0.0025079799999999,1.795485,0.0029474449999999,8.799663,7.40064,7.327425,8.098839,-2.882562,0.1254359999999999,4
2015-04-24 22:11:00,0.1838274,2.861332,122.6826,10.20148,13.49942,7.868742,-0.001530081,1.761286,-0.001200811,8.837267,7.434083,7.392858,8.1003,-3.002668,0.125672,4
2015-04-24 22:12:00,0.1837052,2.867788,122.6715,10.11864,13.49575,7.884181,0.0084359329999999,1.903785,0.01748194,8.865434,7.450955999999999,7.329411999999999,8.004991,-3.062719,0.1267631999999999,4
2015-04-24 22:13:00,0.1838518,2.842111,122.6653,9.684668,13.49529,7.912426,0.01162791,1.704286,0.0211155599999999,8.868071,7.379747,7.109594,7.768379,-3.002667,0.1261207,4
2015-04-24 22:14:00,0.1836386999999999,2.849888,122.653,9.642994,13.49529,7.935017,0.0120839,1.687186,0.0184644199999999,8.847348,7.273022,7.04052,7.634725,-3.182829,0.1258426,4
2015-04-24 22:15:00,0.1836975,2.845086,122.6548,9.950816,13.49529,7.960243,0.001595987,1.692886,0.001341166,8.878201,7.323156,7.15467,7.693348,-3.362987,0.1260883999999999,4
2015-04-24 22:16:00,0.1837253,2.856943,122.6491,9.900379,13.49529,7.976059,0.01117191,1.818285,0.01922857,8.880528,7.266483,6.999837,7.686435999999999,-3.543145,0.1272087,4
2015-04-24 22:17:00,0.1835712999999999,2.856138,122.6902,9.569423,13.49529,8.000538,0.0011399909999999,1.801185,0.0002027343,8.848974,7.092637,6.808119,7.554649,-3.483092,0.1263442999999999,4
2015-04-24 22:18:00,0.1838205,2.86254,122.7126,9.697089,13.49529,8.025011,0.0022799819999999,1.618787,0.00327494,8.845765,7.098666,6.935789,7.695642,-3.603199,0.1261205,4
2015-04-24 22:19:00,0.1838294,2.875432,122.7385,10.07217,13.49529,8.053438,1.164153e-10,1.618787,0.0001403548,8.891178,7.232349,7.107206,7.75178,-3.723307,0.1262955,4
2015-04-24 22:20:00,0.1839523,2.90256,122.896,9.999616,13.49529,8.064168999999998,0.0036479709999999,1.875285,0.0071736769999999,8.885602,7.160611,6.9188,7.553667,-3.783361,0.1274831999999999,4
2015-04-24 22:21:00,0.1842669,2.892948,123.0284,9.696425,13.49529,8.094295,3.880511e-11,1.858185,0.001169621,8.873156,7.006609,6.731998,7.315197,-3.783366,0.1269529,4
2015-04-24 22:22:00,0.1842127,2.900216,122.9997,9.429083,13.49437,8.11124,0.005243958,1.772686,0.0094037549999999,8.842591,6.808758,6.496313,7.08404,-4.203743,0.1273141,4
2015-04-24 22:23:00,0.183949,2.864234,122.8553,9.124391,13.49483,8.133079,0.0004559963,1.880985,0.0004366587999999,8.808372,6.562432,6.264814,6.785175,-4.203742,0.1260723,4
2015-04-24 22:24:00,0.183613,2.854164,122.5331,8.78345,13.49483,8.146632999999998,0.007067943,1.744186,0.01534543,8.753857,6.363182,6.153796,6.561098,-4.323848,0.1261982,4
2015-04-24 22:25:00,0.1837046,2.870197,122.6223,8.438266,13.49529,8.150398,0.0098039219999999,1.823985,0.02152103,8.691698,6.242313,6.165384,6.392569,-4.323843,0.1262654,4
2015-04-24 22:26:00,0.1836662,2.878813,122.6456,8.468472,13.49483,8.169224,0.002735978,1.829685,0.0062379799999999,8.655915,6.196388,6.170733,6.451313,-4.564055,0.1272281,4
2015-04-24 22:27:00,0.1835459999999999,2.872274,122.6268,8.882115,13.49529,8.171107,0.009575923,1.641587,0.01550138,8.645041,6.240276,6.193977,6.547875,-4.744216,0.1263247,4
2015-04-24 22:28:00,0.1836568,2.856358,122.6129,8.804367,13.49529,8.191822,0.0093479259999999,1.789786,0.01375475,8.62958,6.187702,6.112188,6.628431,-4.504003,0.1257056,4
2015-04-24 22:29:00,0.1836653,2.858325,122.6507,9.123178,13.49529,8.191822,0.005471956,1.624487,0.0091698309999999,8.633143,6.335764,6.313688,6.840435,-4.443953,0.1268865,4
2015-04-24 22:30:00,0.1836638999999999,2.886883,122.6388,9.569091,13.49529,8.208764999999998,0.01117191,1.869585,0.01932214,8.690483999999998,6.50798,6.587004,7.14405,-4.443953,0.1270304999999999,4
2015-04-24 22:31:00,0.1837352999999999,2.857849,122.6451,10.04613,13.49483,8.214413,0.0038759689999999,1.624487,0.005333473,8.754972,6.728594,6.616144,7.401363,-4.323853,0.1258195,4
2015-04-24 22:32:00,0.1836733999999999,2.857136,122.6355,9.954371,13.49529,8.23305,0.004331965,1.601687,0.0063939289999999,8.781380999999998,6.760113,6.678983,7.38166,-4.263801,0.126399,4
2015-04-24 22:33:00,0.1835779999999999,2.877573,122.5721,9.908957,13.49529,8.234745,0.008435932,1.687186,0.01539221,8.791543,6.828784,6.796053,7.572422,-4.143703,0.1274403,4
2015-04-24 22:34:00,0.1834824999999999,2.875171,122.5922,9.870124,13.49529,8.247923,0.006839945,1.749886,0.01199252,8.821009999999998,6.883261,6.829904,7.521679,-3.843434,0.1269692,4
2015-04-24 22:35:00,0.1835527999999999,2.887631,122.5876,9.963322,13.49529,8.268631,0.005699954,1.761286,0.0102770699999999,8.855866,6.962344,6.945978,7.609891,-3.783381,0.1273419,4
2015-04-24 22:36:00,0.183538,2.868076,122.5812,9.963936,13.49529,8.279925999999998,0.003191974,1.556087,0.004101472,8.891247,7.004249,6.851316,7.463487,-3.60322,0.1269343,4
2015-04-24 22:37:00,0.1836241999999999,2.856938,122.593,9.914424,13.49529,8.298759,0.005699954,1.812585,0.008249729,8.898725,7.002488,6.79406,7.492287,-3.663275,0.1267291,4
2015-04-24 22:38:00,0.1837332999999999,2.88383,122.6403,10.10164,13.49529,8.319468,0.0020519829999999,1.863885,0.002651141,8.90454,6.979126,6.779936,7.573405,-3.663275,0.1267705,4
2015-04-24 22:39:00,0.1837239,2.862475,122.6524,10.0988,13.49529,8.325115,0.0047879619999999,1.647287,0.007797476,8.88469,6.870922,6.685917,7.510821,-4.023599,0.1265271,4
2015-04-24 22:40:00,0.1835687,2.879287,122.6966,9.985799,13.49483,8.335281,0.004559963,1.664387,0.008857932,8.870748,6.813531,6.782219,7.284338,-4.023601,0.1269768,4
2015-04-24 22:41:00,0.1835798999999999,2.899161,122.718,9.786363,13.49529,8.347329999999998,0.005634048,1.858185,0.00626917,8.852306,6.722445,6.662663,7.302099,-3.78339,0.1279521,4
2015-04-24 22:42:00,0.1836029999999999,2.886813,122.7368,9.760689,13.49529,8.368038,0.002963976,1.721386,0.0054114469999999,8.860219,6.737583,6.724774,7.466446,-3.903496,0.1268967,4
2015-04-24 22:43:00,0.1836198,2.906035,122.8111,9.817721,13.49254,8.377451,0.0038759689999999,1.464888,0.002713521,8.84551,6.762737,6.73214,7.517832,-3.903495,0.1276687,4
2015-04-24 22:44:00,0.1836015,2.869413,122.7851,9.759355,13.49483,8.398162,0.005439003,1.778386,0.006892968,8.841400999999998,6.798438,6.732265,7.491676,-3.903491,0.1271563,4
2015-04-24 22:45:00,0.1836473999999999,2.891719,122.7736,9.782222,13.49116,8.413227,0.0006839946,1.749886,-0.000296304,8.842992,6.856932,6.84128,7.476915,-3.723325,0.1278186,4
2015-04-24 22:46:00,0.1837129,2.895743,122.7882,10.25947,13.49162,8.41511,0.0086639309999999,1.721386,0.0142849699999999,8.911483999999998,7.019581,7.07078,7.710396,-3.903484,0.1264087,4
2015-04-24 22:47:00,0.1839301,2.907827,122.8804,10.52761,13.4907,8.435817999999998,0.007523939,1.812585,0.0134428499999999,8.965474,7.028973,6.936511,7.625301,-3.723322,0.1277437999999999,4
2015-04-24 22:48:00,0.1838336999999999,2.902835,122.8836,10.43649,13.48978,8.452762,0.003191974,1.806885,0.0065498789999999,8.990923,7.133373,7.127678,7.782879,-3.723322,0.126944,4
2015-04-24 22:49:00,0.1837957,2.872189,122.8923,10.22857,13.48933,8.461798,0.001595987,1.698586,0.002417217,8.982955,7.241946,7.276775,7.776999,-3.723322,0.1279782999999999,4
2015-04-24 22:50:00,0.1838912,2.894126,122.9111,10.06474,13.48978,8.478740999999998,0.0061559509999999,1.812585,0.01320892,8.978628,7.204172,7.246119,7.544618,-3.24289,0.1274202999999999,4
2015-04-24 22:51:00,0.1838819999999999,2.887566,122.8949,9.997147,13.48978,8.499454999999998,0.0072959419999999,1.533288,0.0135832,8.973107,7.180855,7.222797,7.600893,-3.362995,0.1282566,4
2015-04-24 22:52:00,0.1837317,2.888974,122.8568,10.20079,13.48978,8.503222,0.005471956,1.692886,0.0090294759999999,8.969759,7.148438,7.194651,7.569192,-2.882562,0.1271284,4
2015-04-24 22:53:00,0.1837515999999999,2.894629,122.8698,10.73053,13.48978,8.52393,0.004331965,1.835385,0.0077039049999999,9.0705,7.275139,7.345505,7.758994999999999,-3.002667,0.1273131999999999,4
2015-04-24 22:54:00,0.1837341999999999,2.903002,122.8987,10.75735,13.48933,8.540872999999998,0.002963976,1.778386,0.004413371,9.086716,7.229568,7.125053,7.732643999999999,-3.483085,0.1271286,4
2015-04-24 22:55:00,0.1838203999999999,2.889895,122.9274,10.74751,13.48841,8.556686,0.005243958,1.681486,0.01133753,9.081969,7.089002,6.970236,7.489900999999999,-3.182817,0.1275199999999999,4
2015-04-24 22:56:00,0.1839255999999999,2.898251,122.9396,10.62839,13.48611,8.576264999999998,0.006839945,1.556087,0.008452463,9.069647,6.968553,6.891018,7.342535,-2.882549,0.1272515999999999,4
2015-04-24 22:57:00,0.1837245999999999,2.882074,122.9101,10.64293,13.48428,8.589443,0.005471956,1.909485,0.01278786,9.091311,7.15457,7.133945,7.503553,-3.002655,0.1279927999999999,4
2015-04-24 22:58:00,0.1836676999999999,2.882392,122.8987,10.59977,13.48428,8.604508,0.0061559509999999,2.034884,0.01185216,9.119852,7.185232,7.139725,7.603843999999999,-2.882549,0.1271222999999999,4
2015-04-24 22:59:00,0.1838174999999999,2.889364,122.9317,10.55001,13.48428,8.625218999999998,0.0063839489999999,1.652987,0.01047981,9.146918,7.222346,7.177552,7.645189,-3.002655,0.1280905,4
2015-04-24 23:00:00,0.1838677,2.918706,122.9454,10.60556,13.48428,8.64028,0.005243958,1.618787,0.0091542359999999,9.195967,7.330562999999999,7.241703,7.794517,-3.00266,0.1274093,4
2015-04-24 23:01:00,0.1838240999999999,2.902875,122.9488,10.23021,13.48428,8.664001,0.002735978,1.983584,0.006362739,9.223195,7.338721999999998,7.196544,7.85379,-3.543138,0.1282115,4
2015-04-24 23:02:00,0.1838871,2.91086,122.8299,10.07357,13.48428,8.677555,0.004103967,1.698586,0.005770131,9.201999,7.266388,7.206671,7.754511,-3.603191,0.1273596999999999,4
2015-04-24 23:03:00,0.1838862,2.901012,122.8068,10.12133,13.48428,8.69262,0.006611947,1.858185,0.01186776,9.185888,7.201872,7.214667999999999,7.624702,-3.60319,0.1266132,4
2015-04-24 23:04:00,0.1837371999999999,2.888293,122.8151,10.08772,13.48428,8.709566,0.006839945,1.590287,0.01096325,9.180159,7.184723,7.177612,7.704891,-3.843398,0.1278022,4
2015-04-24 23:05:00,0.1836788,2.89029,122.7979,9.937895,13.48428,8.722744,0.0038759689999999,1.538988,0.004974789,9.166412,7.178737,7.142475,7.698202,-4.203718,0.1276964999999999,4
2015-04-24 23:06:00,0.1836956999999999,2.895329,122.7814,9.95831,13.48428,8.745335,0.0082079349999999,1.613087,0.01272548,9.205987,7.270334,7.31227,7.791845,-4.263772,0.1271055,4
2015-04-24 23:07:00,0.1837865999999999,2.880006,122.7448,10.06136,13.48428,8.762278,0.003191974,1.744186,0.0024640019999999,9.241339,7.360502999999999,7.329938,7.902526,-4.323827,0.1271519,4
2015-04-24 23:08:00,0.1839066,2.890121,122.7799,10.16099,13.48428,8.767925,0.003419973,1.652987,0.006908563,9.250545,7.346199,7.261604,8.032387,-3.903459,0.1280703,4
2015-04-24 23:09:00,0.1837649,2.900474,122.7906,9.989502000000002,13.48428,8.78864,0.0009119926999999,1.601687,0.001465925,9.237957,7.277392,7.185677,7.916817,-3.723298,0.1278596999999999,4
2015-04-24 23:10:00,0.1839542999999999,2.900552,122.7781,9.917895,13.48428,8.807467,0.007979936,1.926584,0.01567293,9.244023,7.314027,7.213787,7.952706,-4.203722,0.1281789,4
2015-04-24 23:11:00,0.1837567,2.891465,122.8076,10.16822,13.48382,8.810855999999998,0.0036479709999999,1.635887,0.0075791449999999,9.277852,7.377875,7.227882,8.032078999999998,-4.20372,0.1287722,4
2015-04-24 23:12:00,0.1839512,2.90115,122.821,10.18438,13.48428,8.827799,0.005243958,1.846785,0.0087799569999999,9.289813,7.33448,7.28685,7.931924999999999,-4.26377,0.1278429,4
2015-04-24 23:13:00,0.1836953,2.867019,122.8121,10.17968,13.48428,8.846624,0.0061559509999999,1.761286,0.0091230459999999,9.309331,7.381077,7.337716,7.945102999999999,-4.323818,0.1282446999999999,4
2015-04-24 23:14:00,0.1837477999999999,2.906434,122.8204,10.16487,13.48428,8.856037,0.01003192,1.607387,0.0172947999999999,9.320152,7.409706,7.388378,7.955242,-4.323813,0.1272390999999999,4
2015-04-24 23:15:00,0.1838024,2.891264,122.8431,10.22793,13.48428,8.85792,0.0009119926999999,1.436388,0.0009356969999999,9.31778,7.423686,7.361141,7.928022999999999,-3.783337,0.1276708,4
2015-04-24 23:16:00,0.1838240999999999,2.882903,122.8816,10.26067,13.48428,8.878628,0.003191974,1.613087,0.0042574209999999,9.339883,7.415319,7.362724,7.841558,-3.723285,0.1272616,4
2015-04-24 23:17:00,0.1839091999999999,2.915577,122.9378,10.48703,13.48428,8.888042999999998,0.009575923,1.538988,0.01447211,9.374086,7.474464,7.420453,7.928358,-3.9635,0.1285245,4
2015-04-24 23:18:00,0.1838706,2.898747,122.918,10.7516,13.48428,8.903109,0.0061559509999999,1.727086,0.009216616,9.417464,7.520103,7.430561,7.988876,-4.32382,0.1277953,4
2015-04-24 23:19:00,0.1838432,2.910312,122.9161,10.69831,13.48336,8.923816999999998,0.007523939,1.692886,0.01222644,9.433196,7.423611,7.241635999999998,7.732673,-3.9635,0.1278497,4
2015-04-24 23:20:00,0.1837564999999999,2.909099,122.9143,10.76166,13.48382,8.9289,0.009575923,1.766986,0.01623434,9.441813,7.542402,7.52037,8.025354999999998,-4.263765,0.1272819,4
2015-04-24 23:21:00,0.1837648,2.889832,122.8964,11.06806,13.48336,8.944148999999998,0.0047879619999999,1.618787,0.006955348,9.481087,7.633797999999999,7.559198,7.976085,-4.26376,0.1279112,4
2015-04-24 23:22:00,0.1838789,2.888707,122.9162,11.16035,13.48428,8.944148999999998,0.0006839946,1.789786,0.00327494,9.502316,7.726861,7.685660999999999,7.958354,-4.023547,0.1273495,4
2015-04-24 23:23:00,0.1838649,2.911238,122.9407,11.31094,13.48382,8.964857,0.003419973,1.641587,0.003961117,9.561232,7.845598,7.799432999999999,7.831381,-3.543118,0.1277403,4
2015-04-24 23:24:00,0.1839579,2.902152,122.9229,10.87681,13.4829,8.9818,0.0004559963999999,1.664387,0.001263191,9.550552,7.611151,7.574915,7.653061,-3.362959,0.128079,4
2015-04-24 23:25:00,0.1839247,2.90871,122.9341,10.79477,13.48199,8.98933,-1.940255e-11,1.778386,-7.797489e-05,9.559485,7.537715999999999,7.475893,7.568976,-3.483063,0.1281192999999999,4
2015-04-24 23:26:00,0.1838684999999999,2.903168,122.9145,10.74039,13.48061,9.002513,0.0098039219999999,1.538988,0.0157353,9.561330000000002,7.467804,7.442929,7.6028,-3.603169,0.1276766,4
2015-04-24 23:27:00,0.1839023999999999,2.877122,122.9225,10.97868,13.48015,9.011929,0.006611947,1.784086,0.0109164599999999,9.58421,7.450879999999999,7.408945,7.688186,-4.023542,0.1274911,4
2015-04-24 23:28:00,0.1840586999999999,2.906324,122.9424,10.89157,13.47969,9.030754000000002,0.007523939,1.778386,0.01417581,9.578242,7.466209,7.525184999999999,7.653781,-4.203701,0.1275119,4
2015-04-24 23:29:00,0.18406,2.914523,122.9622,10.65295,13.47924,9.034519,0.007067943,1.641587,0.01178978,9.565011,7.391117,7.384719999999999,7.658283,-4.20371,0.1277752,4
2015-04-24 23:30:00,0.1841000999999999,2.907121,122.9654,10.55671,13.47924,9.036402,0.0088919289999999,1.538988,0.01458128,9.563348,7.424998999999999,7.508848999999999,7.696411,-4.263763,0.1279237,4
2015-04-24 23:31:00,0.184,2.896257,122.9633,10.4555,13.47969,9.053345,0.003419973,1.641587,0.004740865,9.56822,7.454853,7.462666999999999,7.747543,-4.323818,0.1280291,4
2015-04-24 23:32:00,0.1840991999999999,2.914699,122.9925,10.46851,13.47878,9.05711,0.0025079799999999,1.681486,0.003415294,9.542965,7.462887,7.330689999999999,7.658265,-4.323817,0.1279683,4
2015-04-24 23:33:00,0.1839549,2.900464,122.9719,10.19605,13.47878,9.062757,0.004103967,1.601687,0.006924157,9.494822,7.358366,7.126606,7.530343,-4.323814,0.1275988,4
2015-04-24 23:34:00,0.184096,2.922742,123.0086,10.18308,13.47924,9.0797,0.007067943,1.664387,0.01130634,9.482728,7.331292999999999,7.05543,7.418713,-4.323814,0.1279067999999999,4
2015-04-24 23:35:00,0.1840991999999999,2.916899,122.9629,10.17241,13.48015,9.0797,-0.0011399909999999,1.772686,-0.0026667359999999,9.440963,7.182709,6.861948,7.228919999999999,-4.323815,0.1275357,4
2015-04-24 23:36:00,0.1838901,2.887138,122.9344,10.28626,13.48199,9.0797,0.0063839489999999,1.778386,0.01130634,9.406986,7.04828,6.709642,7.083838,-4.323817,0.1271405999999999,4
2015-04-24 23:37:00,0.1839503,2.929983,122.9417,10.51674,13.48245,9.0797,0.0118559,1.652987,0.01988356,9.392129,7.019764,6.758667,7.036122,-4.32382,0.1285908,4
2015-04-24 23:38:00,0.1840118,2.914046,122.9554,10.41006,13.48245,9.0797,0.0093479259999999,1.641587,0.0152050799999999,9.37584,6.97426,6.651936,6.982793,-4.32382,0.1282252,4
2015-04-24 23:39:00,0.1839711,2.9091,122.9449,10.21398,13.48245,9.081395,0.006839945,1.595987,0.008951501,9.337878000000002,6.837271,6.464322,6.811656,-4.323818,0.1277981,4
2015-04-24 23:40:00,0.1841955999999999,2.907351,122.9676,10.17189,13.48336,9.08987,0.01048792,1.709986,0.0172636099999999,9.313061,6.769723,6.410979,6.737702,-4.323791,0.1277615,4
2015-04-24 23:41:00,0.1842165,2.92547,122.969,10.19835,13.48199,9.086480000000002,0.0077519379999999,1.624487,0.0114778799999999,9.274259,6.727968,6.38772,6.65538,-4.323754,0.127188,4
2015-04-24 23:42:00,0.1839774,2.894746,123.0232,10.03253,13.48382,9.086480000000002,0.0091199269999999,1.749886,0.01763789,9.242392,6.62122,6.174779,6.525127,-4.323755,0.1284482,4
2015-04-24 23:43:00,0.1841185999999999,2.904733,123.0212,9.748414,13.48382,9.081395,0.0038759689999999,1.641587,0.008468058,9.196231,6.522162,6.083476,6.483719,-4.323757,0.1285094,4
2015-04-24 23:44:00,0.184009,2.912826,122.9695,9.697591,13.48428,9.0797,0.007523939,1.499088,0.01116598,9.165499,6.413645,5.961325,6.425036,-4.443866,0.1277930999999999,4
2015-04-24 23:45:00,0.1836144,2.900146,122.8202,9.493875,13.48336,9.0797,0.0120839,1.647287,0.0199771299999999,9.128667,6.232746,5.815914,6.203537,-4.383817,0.1277012999999999,4
2015-04-24 23:46:00,0.1836942,2.895734,122.8144,9.351382,13.48428,9.0797,0.006611947,1.573187,0.0099807679999999,9.093247000000002,6.027439,5.597593,5.912699,-4.383824,0.1282252999999999,4
2015-04-24 23:47:00,0.1834895,2.89835,122.8085,9.202788,13.48428,9.066523,0.0038759689999999,1.806885,0.005582992,9.042521,5.82382,5.450872,5.765365,-4.624038,0.1281721,4
2015-04-24 23:48:00,0.1836861999999999,2.898869,122.8523,9.123509,13.48428,9.05711,0.005243958,1.618787,0.0095129199999999,8.998388999999998,5.686048,5.347254,5.684622,-5.044408,0.128501,4
2015-04-24 23:49:00,0.183783,2.912889,122.911,9.052775,13.48428,9.047697,0.005699954,1.641587,0.0106357599999999,8.960632,5.586019,5.286409,5.560345,-5.344672,0.1280553,4
2015-04-24 23:50:00,0.1838257,2.894218,122.8907,8.941900999999998,13.48428,9.034519,0.005927952,1.493388,0.007423196,8.918406,5.453886,5.222731,5.533051,-5.765039,0.1276703999999999,4
2015-04-24 23:51:00,0.1835451999999999,2.907128,122.8483,9.018256,13.48428,9.028872,0.001823985,1.538988,0.002931851,8.886539,5.535969,5.421116,5.576609,-5.464777,0.1283293,4
2015-04-24 23:52:00,0.1835572,2.891721,122.8013,8.903587,13.48428,9.011929,0.004559963,1.721386,0.007282841,8.846913,5.692915,5.503231,5.727847,-4.503933,0.1280346,4
2015-04-24 23:53:00,0.1835643999999999,2.881171,122.7712,8.782773,13.48428,8.993095999999998,0.0036479709999999,1.635887,0.0052399029999999,8.794055,5.728861,5.533487,5.81155,-4.323776,0.1278271,4
2015-04-24 23:54:00,0.1832452,2.883161,122.6018,8.839615999999998,13.48428,8.98933,-0.0009119927999999,1.727086,0.0001091647,8.771855,5.801306,5.533926,5.853327,-4.323724,0.1284651,4
2015-04-24 23:55:00,0.1829826,2.884673,122.3471,9.389554,13.48566,8.966739999999998,0.0077519379999999,1.920884,0.01200811,8.782572,5.881223,5.640266,5.91258,-4.32372,0.1278121999999999,4
2015-04-24 23:56:00,0.1827821,2.895605,122.2336,9.595602,13.48703,8.955444,0.0113999099999999,1.869585,0.0219888799999999,8.775513999999998,5.925257,5.588041,5.919552,-4.323738,0.1284588,4
2015-04-24 23:57:00,0.1827687,2.874292,122.227,9.624211,13.48749,8.944148999999998,-0.0002279982,1.955084,0.0002495188,8.765632,6.053566,5.737106,6.089191,-3.963427,0.1281205,4
2015-04-24 23:58:00,0.1826975999999999,2.900165,122.3012,9.674972,13.48933,8.940761,0.009575923,1.675786,0.0170608699999999,8.780671,6.147015,5.807083,6.206852,-3.963435,0.1291638,4
2015-04-24 23:59:00,0.1828912,2.887861,122.3594,9.60418,13.48978,8.925511,0.0082079349999999,1.516188,0.01136872,8.784558,6.155224,5.768963,6.143111,-4.023488,0.1286922,4
