measured_on,ac_current_other_inv_14538,ac_current_other_inv_14538_2,ac_current_other_inv_14538_3,ac_energy_inv_14538,ac_other_meter_1864,ac_other_meter_1864_2,ac_other_meter_1864_3,ac_power_inv_14538,ac_power_meter_1864,ac_power_meter_1864_2,ac_power_meter_1864_3,ac_power_meter_1864_4,ac_power_meter_1864_5,ac_power_other_meter_1864,ac_power_other_meter_1864_2,ac_power_other_meter_1864_3,ac_power_other_meter_1864_4,ac_voltage_other_inv_14538,ac_voltage_other_inv_14538_2,ac_voltage_other_inv_14538_3,ac_voltage_other_meter_1864,ac_voltage_other_meter_1864_2,ac_voltage_other_meter_1864_3,ac_voltage_other_meter_1864_4,ac_voltage_other_meter_1864_5,ac_voltage_other_meter_1864_6,battery_a_avg__82673,battery_v_min__82672,chgsource_min__82676,chgstate_min__82675,ckbatt_max__82677,cr1000temp_c_avg__82591,dc_power_inv_14538,dc_voltage_other_inv_14538,dc_voltage_other_inv_14538_2,dooropen_min__82592,irradiance_ghi_o_2202,irradiance_poa_o_2203,irradiance_poa_o_2204,irradiance_poa_o_2206,load_a_avg__82674,qloss_ah_max__82678,rtd_c_avg_10__82688,rtd_c_avg_1__82679,rtd_c_avg_2__82680,rtd_c_avg_3__82681,rtd_c_avg_4__82682,rtd_c_avg_5__82683,rtd_c_avg_6__82684,rtd_c_avg_7__82685,rtd_c_avg_8__82686,rtd_c_avg_9__82687,shuntcurrent_a_avg_1__82644,shuntcurrent_a_avg_2__82645,shuntcurrent_a_avg_3__82646,shuntcurrent_a_avg_4__82647,shuntcurrent_a_avg_5__82648,shuntcurrent_a_avg_6__82649,shuntcurrent_a_avg_7__82650,shuntetot_kwh_max_1__82658,shuntetot_kwh_max_2__82659,shuntetot_kwh_max_3__82660,shuntetot_kwh_max_4__82661,shuntetot_kwh_max_5__82662,shuntetot_kwh_max_6__82663,shuntetot_kwh_max_7__82664,shuntpdc_kw_avg_1__82651,shuntpdc_kw_avg_2__82652,shuntpdc_kw_avg_3__82653,shuntpdc_kw_avg_4__82654,shuntpdc_kw_avg_5__82655,shuntpdc_kw_avg_6__82656,shuntpdc_kw_avg_7__82657,system_other_inv_14538,system_other_inv_14538_10,system_other_inv_14538_11,system_other_inv_14538_2,system_other_inv_14538_3,system_other_inv_14538_4,system_other_inv_14538_5,system_other_inv_14538_6,system_other_inv_14538_7,system_other_inv_14538_8,system_other_inv_14538_9,system_other_meter_1864,system_other_meter_1864_2,system_other_meter_1864_3,temperature_ambient_o_2205,temperature_ambient_o_2206,temperature_inverter_inv_14538,temperature_module_o_2206,wind_direction_o_2206,wind_other_o_2206,wind_other_o_2206_2,wind_other_o_2206_3,wind_other_o_2206_4,wind_speed_o_2206,wind_speed_o_2206_2,system_id
2014-09-07 00:00:00,0.0,0.0,0.0,814829.0,74.7,59.9,60.0,0.0,23516.0,341.0,74629.0,809302.0,0.0,1.0,0.0,0.0,0.0,274.4,274.4,275.1,0.979,274.0,0.748,274.0,0.921,275.0,0.0139999999999999,13.65,2.0,3.0,0.0,22.67,0.0,6.431,21.82,0.0,-0.0069999999999999,-0.0069999999999999,0.3049999999999999,-0.0379999999999999,0.215,0.0,28.53,22.09,22.09,22.0,21.85,21.31,22.01,21.71,22.11,21.92,0.005,0.006,0.005,0.005,0.0069999999999999,0.006,0.008,687.0,700.0,692.0,685.0,700.0,682.0,605.0,0.0,0.0,0.0,0.0,0.0,0.0,0.0,0.0,5.263999999999999,0.0,60.15,0.0,0.0,0.0,0.0,0.0,0.0,0.0,0.0,0.0,0.0,22.52,22.25,0.0,21.82,303.4,12.43,2.0,3.53,-1.0,2.123,3.0,4902
2014-09-07 00:01:00,0.0,0.0,0.0,814829.0,74.7,59.9,60.0,0.0,23516.0,341.0,74629.0,809302.0,0.0,1.0,0.0,0.0,0.0,274.4,274.3,274.9,0.979,274.0,0.748,274.0,0.921,275.0,0.0139999999999999,13.65,2.0,3.0,0.0,22.67,0.0,6.43,21.82,0.0,-0.008,-0.0069999999999999,0.3049999999999999,-0.037,0.215,0.0,28.46,22.11,21.99,21.97,21.9,21.27,22.01,21.7,22.03,21.9,0.005,0.006,0.005,0.005,0.0069999999999999,0.006,0.008,687.0,700.0,692.0,685.0,700.0,682.0,605.0,0.0,0.0,0.0,0.0,0.0,0.0,0.0,0.0,5.27,0.0,60.14,0.0,0.0,0.0,0.0,0.0,0.0,0.0,0.0,0.0,0.0,22.52,22.25,0.0,21.78,309.0,8.76,2.0,3.53,-1.0,1.778,2.4,4902
2014-09-07 00:02:00,0.0,0.0,0.0,814829.0,74.7,59.9,60.0,0.0,23516.0,341.0,74629.0,809302.0,0.0,1.0,0.0,0.0,0.0,274.2,274.4,275.0,0.979,274.0,0.748,274.0,0.921,275.0,0.0139999999999999,13.65,2.0,3.0,0.0,22.68,0.0,6.4270000000000005,21.82,0.0,-0.012,-0.0069999999999999,0.3049999999999999,-0.0379999999999999,0.215,0.0,28.43,22.08,21.99,21.88,21.83,21.23,21.96,21.7,21.99,21.82,0.005,0.006,0.005,0.005,0.0069999999999999,0.006,0.008,687.0,700.0,692.0,685.0,700.0,682.0,605.0,0.0,0.0,0.0,0.0,0.0,0.0,0.0,0.0,5.215,0.0,60.15,0.0,0.0,0.0,0.0,0.0,0.0,0.0,0.0,0.0,0.0,22.52,22.24,0.0,21.77,311.9,11.5,2.0,3.53,-1.0,2.338,3.8,4902
2014-09-07 00:03:00,0.0,0.0,0.0,814829.0,74.7,59.9,60.0,0.0,23516.0,341.0,74629.0,809302.0,0.0,1.0,0.0,0.0,0.0,274.0,274.4,274.9,0.979,274.0,0.748,274.0,0.921,275.0,0.0139999999999999,13.65,2.0,3.0,0.0,22.7,0.0,6.207999999999999,21.8,0.0,-0.013,-0.0069999999999999,0.3049999999999999,-0.037,0.215,0.0,28.43,22.01,21.99,21.89,21.81,21.21,21.87,21.68,22.01,21.82,0.005,0.006,0.005,0.005,0.0069999999999999,0.006,0.008,687.0,700.0,692.0,685.0,700.0,682.0,605.0,0.0,0.0,0.0,0.0,0.0,0.0,0.0,0.0,4.98,0.0,60.15,0.0,0.0,0.0,0.0,0.0,0.0,0.0,0.0,0.0,0.0,22.5,22.24,0.0,21.75,325.2,19.61,2.0,3.531,-1.0,2.018,2.9,4902
2014-09-07 00:04:00,0.0,0.0,0.0,814829.0,74.7,59.9,60.0,0.0,23516.0,341.0,74629.0,809302.0,0.0,1.0,0.0,0.0,0.0,274.6,275.0,275.5,0.979,274.8,0.748,274.8,0.921,275.6,0.0139999999999999,13.65,2.0,3.0,0.0,22.7,0.0,5.901,21.81,0.0,-0.013,-0.0069999999999999,0.3049999999999999,-0.0379999999999999,0.215,0.0,28.43,21.97,21.99,21.86,21.7,21.21,21.91,21.6,22.06,21.81,0.005,0.006,0.005,0.005,0.0069999999999999,0.006,0.008,687.0,700.0,692.0,685.0,700.0,682.0,605.0,0.0,0.0,0.0,0.0,0.0,0.0,0.0,0.0,4.727,0.0,60.14,0.0,0.0,0.0,0.0,0.0,0.0,0.0,0.0,0.0,0.0,22.48,22.21,0.0,21.72,303.1,10.27,2.0,3.531,-1.0,1.848,2.5,4902
2014-09-07 00:05:00,0.0,0.0,0.0,814829.0,74.7,59.9,60.0,0.0,23516.0,341.0,74629.0,809302.0,0.0,1.0,0.0,0.0,0.0,274.5,274.5,274.9,0.979,274.2,0.748,274.2,0.921,275.2,0.0139999999999999,13.65,2.0,3.0,0.0,22.7,0.0,5.9270000000000005,21.8,0.0,-0.013,-0.0069999999999999,0.3049999999999999,-0.037,0.215,0.0,28.4,21.99,21.96,21.85,21.79,21.2,21.88,21.6,21.99,21.79,0.005,0.006,0.005,0.005,0.0069999999999999,0.006,0.008,687.0,700.0,692.0,685.0,700.0,682.0,605.0,0.0,0.0,0.0,0.0,0.0,0.0,0.0,0.0,4.756,0.0,60.14,0.0,0.0,0.0,0.0,0.0,0.0,0.0,0.0,0.0,0.0,22.48,22.21,0.0,21.69,330.2,15.37,2.0,3.531,-1.0,1.483,2.1,4902
2014-09-07 00:06:00,0.0,0.0,0.0,814829.0,74.7,59.9,60.0,0.0,23516.0,341.0,74629.0,809302.0,0.0,1.0,0.0,0.0,0.0,273.6,273.7,274.3,0.979,273.2,0.748,273.2,0.921,274.2,0.0139999999999999,13.65,2.0,3.0,0.0,22.7,0.0,6.029,21.81,0.0,-0.013,-0.0069999999999999,0.3049999999999999,-0.0379999999999999,0.215,0.0,28.42,21.92,21.89,21.75,21.67,21.11,21.79,21.6,21.93,21.72,0.005,0.006,0.005,0.005,0.0069999999999999,0.006,0.008,687.0,700.0,692.0,685.0,700.0,682.0,605.0,0.0,0.0,0.0,0.0,0.0,0.0,0.0,0.0,4.973,0.0,60.14,0.0,0.0,0.0,0.0,0.0,0.0,0.0,0.0,0.0,0.0,22.48,22.21,0.0,21.66,324.3,45.14,2.0,3.53,-1.0,1.463,2.7,4902
2014-09-07 00:07:00,0.0,0.0,0.0,814829.0,74.7,59.9,60.0,0.0,23516.0,341.0,74629.0,809302.0,0.0,1.0,0.0,0.0,0.0,272.9,273.2,273.7,0.979,273.0,0.748,273.0,0.921,273.9,0.0139999999999999,13.65,2.0,3.0,0.0,22.7,0.0,6.2010000000000005,21.81,0.0,-0.013,-0.0069999999999999,0.3049999999999999,-0.0379999999999999,0.215,0.0,28.35,21.91,21.89,21.77,21.62,21.11,21.76,21.55,21.89,21.72,0.005,0.006,0.005,0.005,0.0069999999999999,0.006,0.008,687.0,700.0,692.0,685.0,700.0,682.0,605.0,0.0,0.0,0.0,0.0,0.0,0.0,0.0,0.0,4.992,0.0,60.15,0.0,0.0,0.0,0.0,0.0,0.0,0.0,0.0,0.0,0.0,22.47,22.2,0.0,21.65,307.4,12.25,2.0,3.53,-1.0,1.4880000000000002,2.1,4902
2014-09-07 00:08:00,0.0,0.0,0.0,814829.0,74.7,59.9,60.0,0.0,23516.0,341.0,74629.0,809302.0,0.0,1.0,0.0,0.0,0.0,272.8,273.2,273.8,0.979,273.0,0.748,273.0,0.921,274.0,0.0139999999999999,13.65,2.0,3.0,0.0,22.7,0.0,6.5520000000000005,21.79,0.0,-0.013,-0.0069999999999999,0.3049999999999999,-0.037,0.215,0.0,28.33,21.88,21.86,21.74,21.6,21.09,21.74,21.5,21.83,21.64,0.005,0.006,0.005,0.005,0.0069999999999999,0.006,0.008,687.0,700.0,692.0,685.0,700.0,682.0,605.0,0.0,0.0,0.0,0.0,0.0,0.0,0.0,0.0,5.445,0.0,60.13,0.0,0.0,0.0,0.0,0.0,0.0,0.0,0.0,0.0,0.0,22.47,22.2,0.0,21.63,311.8,11.63,2.0,3.53,-1.0,1.7180000000000002,2.3,4902
2014-09-07 00:09:00,0.0,0.0,0.0,814829.0,74.7,59.9,60.0,0.0,23516.0,341.0,74629.0,809302.0,0.0,1.0,0.0,0.0,0.0,273.1,273.4,274.0,0.979,273.0,0.748,273.0,0.921,274.0,0.0139999999999999,13.65,2.0,3.0,0.0,22.7,0.0,7.623999999999999,21.81,0.0,-0.013,-0.0069999999999999,0.3049999999999999,-0.0379999999999999,0.215,0.0,28.33,21.84,21.8,21.64,21.61,21.02,21.72,21.5,21.8,21.63,0.005,0.006,0.005,0.005,0.0069999999999999,0.006,0.008,687.0,700.0,692.0,685.0,700.0,682.0,605.0,0.0,0.0,0.0,0.0,0.0,0.0,0.0,0.0,6.573,0.0,60.22,0.0,0.0,0.0,0.0,0.0,0.0,0.0,0.0,0.0,0.0,22.45,22.17,0.0,21.58,321.2,16.68,2.0,3.53,-1.0,1.788,3.0,4902
2014-09-07 00:10:00,0.0,0.0,0.0,814829.0,74.7,59.9,60.0,0.0,23516.0,341.0,74629.0,809302.0,0.0,1.0,0.0,0.0,0.0,273.5,273.5,274.1,0.979,273.0,0.748,273.0,0.921,274.0,0.0139999999999999,13.65,2.0,3.0,0.0,22.7,0.0,8.25,21.8,0.0,-0.013,-0.0069999999999999,0.3049999999999999,-0.0379999999999999,0.215,0.0,28.33,21.78,21.8,21.67,21.52,21.02,21.63,21.41,21.8,21.63,0.005,0.005,0.005,0.005,0.0069999999999999,0.006,0.008,687.0,700.0,692.0,685.0,700.0,682.0,605.0,0.0,0.0,0.0,0.0,0.0,0.0,0.0,0.0,7.217,0.0,60.21,0.0,0.0,0.0,0.0,0.0,0.0,0.0,0.0,0.0,0.0,22.46,22.18,0.0,21.56,325.9,22.26,2.0,3.53,-1.0,1.663,3.1,4902
2014-09-07 00:11:00,0.0,0.0,0.0,814829.0,74.7,59.9,60.0,0.0,23516.0,341.0,74629.0,809302.0,0.0,1.0,0.0,0.0,0.0,273.4,273.5,274.1,0.979,273.0,0.748,273.0,0.921,274.0,0.0139999999999999,13.65,2.0,3.0,0.0,22.7,0.0,8.82,21.81,0.0,-0.013,-0.0069999999999999,0.3049999999999999,-0.0379999999999999,0.215,0.0,28.33,21.78,21.71,21.59,21.5,20.98,21.59,21.39,21.75,21.53,0.005,0.005,0.005,0.005,0.0069999999999999,0.006,0.008,687.0,700.0,692.0,685.0,700.0,682.0,605.0,0.0,0.0,0.0,0.0,0.0,0.0,0.0,0.0,7.9689999999999985,0.0,60.22,0.0,0.0,0.0,0.0,0.0,0.0,0.0,0.0,0.0,0.0,22.43,22.14,0.0,21.5,335.7,15.96,2.0,3.528,-1.0,1.475,2.2,4902
2014-09-07 00:12:00,0.0,0.0,0.0,814829.0,74.7,59.9,60.0,0.0,23516.0,341.0,74629.0,809302.0,0.0,1.0,0.0,0.0,0.0,273.7,273.5,274.0,0.979,273.0,0.748,273.0,0.921,274.0,0.0139999999999999,13.65,2.0,3.0,0.0,22.7,0.0,10.02,21.8,0.0,-0.013,-0.0069999999999999,0.3049999999999999,-0.0379999999999999,0.215,0.0,28.23,21.7,21.7,21.55,21.44,20.9,21.53,21.31,21.7,21.53,0.005,0.006,0.005,0.005,0.0069999999999999,0.006,0.008,687.0,700.0,692.0,685.0,700.0,682.0,605.0,0.0,0.0,0.0,0.0,0.0,0.0,0.0,0.0,9.28,0.0,60.18,0.0,0.0,0.0,0.0,0.0,0.0,0.0,0.0,0.0,0.0,22.4,22.1,0.0,21.45,341.6,12.13,2.0,3.53,-1.0,1.385,2.0,4902
2014-09-07 00:13:00,0.0,0.0,0.0,814829.0,74.7,59.9,60.0,0.0,23516.0,341.0,74629.0,809302.0,0.0,1.0,0.0,0.0,0.0,273.3,273.5,274.1,0.979,273.0,0.748,273.0,0.921,274.0,0.0139999999999999,13.65,2.0,3.0,0.0,22.7,0.0,10.2,21.81,0.0,-0.013,-0.0069999999999999,0.3049999999999999,-0.0379999999999999,0.215,0.0,28.23,21.65,21.6,21.49,21.44,20.82,21.53,21.29,21.63,21.51,0.005,0.005,0.005,0.005,0.0069999999999999,0.006,0.008,687.0,700.0,692.0,685.0,700.0,682.0,605.0,0.0,0.0,0.0,0.0,0.0,0.0,0.0,0.0,9.44,0.0,60.15,0.0,0.0,0.0,0.0,0.0,0.0,0.0,0.0,0.0,0.0,22.39,22.1,0.0,21.38,340.5,15.4,2.0,3.53,-1.0,1.658,2.7,4902
2014-09-07 00:14:00,0.0,0.0,0.0,814829.0,74.7,59.9,60.0,0.0,23516.0,341.0,74629.0,809302.0,0.0,1.0,0.0,0.0,0.0,273.4,273.5,274.1,0.979,273.0,0.748,273.0,0.921,274.0,0.0139999999999999,13.65,2.0,3.0,0.0,22.7,0.0,8.849999999999998,21.8,0.0,-0.013,-0.0069999999999999,0.3049999999999999,-0.037,0.215,0.0,28.23,21.68,21.6,21.48,21.31,20.82,21.46,21.21,21.6,21.46,0.005,0.006,0.005,0.005,0.0069999999999999,0.006,0.008,687.0,700.0,692.0,685.0,700.0,682.0,605.0,0.0,0.0,0.0,0.0,0.0,0.0,0.0,0.0,7.939,0.0,60.14,0.0,0.0,0.0,0.0,0.0,0.0,0.0,0.0,0.0,0.0,22.38,22.09,0.0,21.39,341.3,16.1,2.0,3.53,-1.0,1.62,3.1,4902
2014-09-07 00:15:00,0.0,0.0,0.0,814829.0,74.7,59.9,60.0,0.0,23516.0,341.0,74629.0,809302.0,0.0,1.0,0.0,0.0,0.0,273.6,273.5,274.1,0.979,273.0,0.748,273.0,0.921,274.0,0.0139999999999999,13.65,2.0,3.0,0.0,22.7,0.0,8.3,21.81,0.0,-0.013,-0.0069999999999999,0.3049999999999999,-0.0379999999999999,0.215,0.0,28.23,21.68,21.6,21.45,21.31,20.77,21.5,21.21,21.6,21.43,0.005,0.006,0.005,0.005,0.0069999999999999,0.006,0.008,687.0,700.0,692.0,685.0,700.0,682.0,605.0,0.0,0.0,0.0,0.0,0.0,0.0,0.0,0.0,7.307,0.0,60.14,0.0,0.0,0.0,0.0,0.0,0.0,0.0,0.0,0.0,0.0,22.39,22.1,0.0,21.41,330.4,15.29,2.0,3.53,-1.0,1.817,2.8,4902
2014-09-07 00:16:00,0.0,0.0,0.0,814829.0,74.7,59.9,60.0,0.0,23516.0,341.0,74629.0,809302.0,0.0,1.0,0.0,0.0,0.0,273.3,273.2,273.9,0.979,273.0,0.748,273.0,0.921,274.0,0.0139999999999999,13.65,2.0,3.0,0.0,22.7,0.0,7.989,21.8,0.0,-0.013,-0.0069999999999999,0.3049999999999999,-0.0379999999999999,0.215,0.0,28.17,21.68,21.6,21.46,21.33,20.77,21.46,21.21,21.6,21.43,0.005,0.005,0.005,0.005,0.0069999999999999,0.006,0.008,687.0,700.0,692.0,685.0,700.0,682.0,605.0,0.0,0.0,0.0,0.0,0.0,0.0,0.0,0.0,7.105,0.0,60.15,0.0,0.0,0.0,0.0,0.0,0.0,0.0,0.0,0.0,0.0,22.39,22.1,0.0,21.41,342.5,20.48,2.0,3.53,-1.0,1.622,2.7,4902
2014-09-07 00:17:00,0.0,0.0,0.0,814829.0,74.7,59.9,60.0,0.0,23516.0,341.0,74629.0,809302.0,0.0,1.0,0.0,0.0,0.0,273.1,273.3,273.9,0.979,273.0,0.748,273.0,0.921,274.0,0.0139999999999999,13.65,2.0,3.0,0.0,22.69,0.0,7.797,21.79,0.0,-0.013,-0.0069999999999999,0.3049999999999999,-0.037,0.215,0.0,28.14,21.7,21.6,21.5,21.34,20.82,21.46,21.21,21.6,21.5,0.005,0.005,0.005,0.005,0.0069999999999999,0.006,0.008,687.0,700.0,692.0,685.0,700.0,682.0,605.0,0.0,0.0,0.0,0.0,0.0,0.0,0.0,0.0,6.882999999999999,0.0,60.14,0.0,0.0,0.0,0.0,0.0,0.0,0.0,0.0,0.0,0.0,22.39,22.1,0.0,21.38,351.5,16.75,2.0,3.53,-1.0,1.51,2.4,4902
2014-09-07 00:18:00,0.0,0.0,0.0,814829.0,74.7,59.9,60.0,0.0,23516.0,341.0,74629.0,809302.0,0.0,1.0,0.0,0.0,0.0,273.2,273.1,273.8,0.979,273.0,0.748,273.0,0.921,274.0,0.0139999999999999,13.65,2.0,3.0,0.0,22.67,0.0,7.652999999999999,21.81,0.0,-0.013,-0.0069999999999999,0.3049999999999999,-0.0379999999999999,0.215,0.0,28.14,21.7,21.6,21.49,21.34,20.82,21.48,21.21,21.6,21.53,0.005,0.005,0.005,0.005,0.0069999999999999,0.006,0.008,687.0,700.0,692.0,685.0,700.0,682.0,605.0,0.0,0.0,0.0,0.0,0.0,0.0,0.0,0.0,6.874,0.0,60.15,0.0,0.0,0.0,0.0,0.0,0.0,0.0,0.0,0.0,0.0,22.36,22.07,0.0,21.38,322.5,33.24,2.0,3.531,-1.0,0.935,1.6,4902
2014-09-07 00:19:00,0.0,0.0,0.0,814829.0,74.7,59.9,60.0,0.0,23516.0,341.0,74629.0,809302.0,0.0,1.0,0.0,0.0,0.0,273.1,273.2,273.9,0.979,273.0,0.748,273.0,0.921,274.0,0.0139999999999999,13.65,2.0,3.0,0.0,22.67,0.0,7.718,21.8,0.0,-0.013,-0.0069999999999999,0.3049999999999999,-0.0379999999999999,0.215,0.0,28.14,21.7,21.6,21.48,21.34,20.82,21.52,21.21,21.6,21.5,0.005,0.005,0.005,0.005,0.0069999999999999,0.006,0.008,687.0,700.0,692.0,685.0,700.0,682.0,605.0,0.0,0.0,0.0,0.0,0.0,0.0,0.0,0.0,6.899,0.0,60.14,0.0,0.0,0.0,0.0,0.0,0.0,0.0,0.0,0.0,0.0,22.37,22.08,0.0,21.38,334.0,30.06,2.0,3.53,-1.0,0.895,1.9,4902
2014-09-07 00:20:00,0.0,0.0,0.0,814829.0,74.7,59.9,60.0,0.0,23516.0,341.0,74629.0,809302.0,0.0,1.0,0.0,0.0,0.0,273.2,273.4,274.1,0.979,273.0,0.748,273.0,0.921,274.0,0.0139999999999999,13.65,2.0,3.0,0.0,22.67,0.0,7.641,21.82,0.0,-0.013,-0.0069999999999999,0.3049999999999999,-0.036,0.215,0.0,28.14,21.68,21.6,21.44,21.34,20.82,21.47,21.21,21.6,21.44,0.005,0.005,0.005,0.005,0.0069999999999999,0.006,0.008,687.0,700.0,692.0,685.0,700.0,682.0,605.0,0.0,0.0,0.0,0.0,0.0,0.0,0.0,0.0,6.605,0.0,60.14,0.0,0.0,0.0,0.0,0.0,0.0,0.0,0.0,0.0,0.0,22.33,22.05,0.0,21.36,350.8,16.91,2.0,3.531,-1.0,1.433,2.4,4902
2014-09-07 00:21:00,0.0,0.0,0.0,814829.0,74.7,59.9,60.0,0.0,23516.0,341.0,74629.0,809302.0,0.0,1.0,0.0,0.0,0.0,273.5,273.4,274.1,0.979,273.0,0.748,273.0,0.921,274.0,0.0139999999999999,13.65,2.0,3.0,0.0,22.67,0.0,7.172999999999999,21.81,0.0,-0.013,-0.0069999999999999,0.3049999999999999,-0.036,0.215,0.0,28.14,21.58,21.6,21.47,21.31,20.82,21.5,21.21,21.6,21.43,0.005,0.005,0.005,0.005,0.0069999999999999,0.006,0.008,687.0,700.0,692.0,685.0,700.0,682.0,605.0,0.0,0.0,0.0,0.0,0.0,0.0,0.0,0.0,5.995,0.0,60.17,0.0,0.0,0.0,0.0,0.0,0.0,0.0,0.0,0.0,0.0,22.35,22.05,0.0,21.3,356.1,30.44,2.0,3.531,-1.0,1.565,2.5,4902
2014-09-07 00:22:00,0.0,0.0,0.0,814829.0,74.7,59.9,60.0,0.0,23516.0,341.0,74629.0,809302.0,0.0,1.0,0.0,0.0,0.0,273.4,273.8,274.4,0.979,273.2,0.748,273.2,0.921,274.0,0.0139999999999999,13.65,2.0,3.0,0.0,22.67,0.0,6.759,21.79,0.0,-0.013,-0.0069999999999999,0.3049999999999999,-0.036,0.215,0.0,28.12,21.6,21.52,21.46,21.34,20.82,21.45,21.21,21.62,21.43,0.005,0.005,0.005,0.005,0.006,0.006,0.008,687.0,700.0,692.0,685.0,700.0,682.0,605.0,0.0,0.0,0.0,0.0,0.0,0.0,0.0,0.0,5.627999999999999,0.0,60.17,0.0,0.0,0.0,0.0,0.0,0.0,0.0,0.0,0.0,0.0,22.34,22.03,0.0,21.29,306.5,31.92,2.0,3.531,-1.0,1.4980000000000002,3.1,4902
2014-09-07 00:23:00,0.0,0.0,0.0,814829.0,74.7,59.9,60.0,0.0,23516.0,341.0,74629.0,809302.0,0.0,1.0,0.0,0.0,0.0,273.7,273.9,274.5,0.979,274.0,0.748,274.0,0.921,274.0,0.0139999999999999,13.65,2.0,3.0,0.0,22.67,0.0,6.479,21.8,0.0,-0.013,-0.0069999999999999,0.3049999999999999,-0.037,0.215,0.0,28.04,21.58,21.54,21.48,21.36,20.82,21.54,21.21,21.6,21.43,0.005,0.006,0.005,0.005,0.006,0.006,0.008,687.0,700.0,692.0,685.0,700.0,682.0,605.0,0.0,0.0,0.0,0.0,0.0,0.0,0.0,0.0,5.524,0.0,60.15,0.0,0.0,0.0,0.0,0.0,0.0,0.0,0.0,0.0,0.0,22.35,22.04,0.0,21.3,335.2,28.25,2.0,3.53,-1.0,1.895,3.6,4902
2014-09-07 00:24:00,0.0,0.0,0.0,814829.0,74.7,59.9,60.0,0.0,23516.0,341.0,74629.0,809302.0,0.0,1.0,0.0,0.0,0.0,273.5,273.9,274.5,0.979,273.8,0.748,273.8,0.921,274.0,0.0139999999999999,13.65,2.0,3.0,0.0,22.67,0.0,6.43,21.8,0.0,-0.013,-0.0069999999999999,0.3049999999999999,-0.037,0.215,0.0,28.04,21.65,21.6,21.47,21.34,20.84,21.52,21.21,21.62,21.43,0.005,0.005,0.005,0.005,0.006,0.005,0.008,687.0,700.0,692.0,685.0,700.0,682.0,605.0,0.0,0.0,0.0,0.0,0.0,0.0,0.0,0.0,5.301,0.0,60.16,0.0,0.0,0.0,0.0,0.0,0.0,0.0,0.0,0.0,0.0,22.35,22.05,0.0,21.34,325.4,11.83,2.0,3.53,-1.0,1.188,2.3,4902
2014-09-07 00:25:00,0.0,0.0,0.0,814829.0,74.7,59.9,60.0,0.0,23516.0,341.0,74629.0,809302.0,0.0,1.0,0.0,0.0,0.0,273.7,274.0,274.6,0.979,274.0,0.748,274.0,0.921,274.1,0.0139999999999999,13.65,2.0,3.0,0.0,22.67,0.0,6.381,21.82,0.0,-0.013,-0.0069999999999999,0.3049999999999999,-0.037,0.215,0.0,28.04,21.62,21.6,21.51,21.31,20.82,21.48,21.21,21.6,21.42,0.005,0.005,0.005,0.005,0.0069999999999999,0.006,0.008,687.0,700.0,692.0,685.0,700.0,682.0,605.0,0.0,0.0,0.0,0.0,0.0,0.0,0.0,0.0,5.129,0.0,60.13,0.0,0.0,0.0,0.0,0.0,0.0,0.0,0.0,0.0,0.0,22.36,22.08,0.0,21.35,310.3,26.93,2.0,3.53,-1.0,1.308,2.4,4902
2014-09-07 00:26:00,0.0,0.0,0.0,814829.0,74.7,59.9,60.0,0.0,23516.0,341.0,74629.0,809302.0,0.0,1.0,0.0,0.0,0.0,273.3,273.2,273.9,0.979,273.2,0.748,273.2,0.921,274.0,0.0139999999999999,13.65,2.0,3.0,0.0,22.67,0.0,5.844,21.82,0.0,-0.013,-0.0069999999999999,0.3049999999999999,-0.0379999999999999,0.215,0.0,28.04,21.64,21.58,21.45,21.38,20.8,21.52,21.21,21.62,21.4,0.005,0.005,0.005,0.005,0.0069999999999999,0.006,0.008,687.0,700.0,692.0,685.0,700.0,682.0,605.0,0.0,0.0,0.0,0.0,0.0,0.0,0.0,0.0,4.612,0.0,60.14,0.0,0.0,0.0,0.0,0.0,0.0,0.0,0.0,0.0,0.0,22.35,22.06,0.0,21.35,335.4,12.82,2.0,3.531,-1.0,1.43,2.4,4902
2014-09-07 00:27:00,0.0,0.0,0.0,814829.0,74.7,59.9,60.0,0.0,23516.0,341.0,74629.0,809302.0,0.0,1.0,0.0,0.0,0.0,272.8,273.0,273.7,0.979,273.0,0.748,273.0,0.921,273.9,0.0139999999999999,13.65,2.0,3.0,0.0,22.65,0.0,5.43,21.8,0.0,-0.013,-0.0069999999999999,0.3049999999999999,-0.037,0.215,0.0,27.99,21.58,21.5,21.41,21.35,20.76,21.47,21.21,21.63,21.33,0.005,0.005,0.005,0.005,0.006,0.006,0.008,687.0,700.0,692.0,685.0,700.0,682.0,605.0,0.0,0.0,0.0,0.0,0.0,0.0,0.0,0.0,4.202,0.0,60.15,0.0,0.0,0.0,0.0,0.0,0.0,0.0,0.0,0.0,0.0,22.37,22.08,0.0,21.32,357.2,19.72,2.0,3.53,-1.0,1.55,3.0,4902
2014-09-07 00:28:00,0.0,0.0,0.0,814829.0,74.7,59.9,60.0,0.0,23516.0,341.0,74629.0,809302.0,0.0,1.0,0.0,0.0,0.0,273.2,273.1,273.8,0.979,273.0,0.748,273.0,0.921,274.0,0.0139999999999999,13.65,2.0,3.0,0.0,22.64,0.0,5.312,21.83,0.0,-0.013,-0.0069999999999999,0.3049999999999999,-0.0379999999999999,0.215,0.0,27.94,21.54,21.5,21.39,21.26,20.75,21.46,21.21,21.64,21.33,0.005,0.005,0.005,0.005,0.006,0.005,0.008,687.0,700.0,692.0,685.0,700.0,682.0,605.0,0.0,0.0,0.0,0.0,0.0,0.0,0.0,0.0,4.184,0.0,60.14,0.0,0.0,0.0,0.0,0.0,0.0,0.0,0.0,0.0,0.0,22.38,22.09,0.0,21.28,1.878,10.28,2.0,3.53,-1.0,1.78,2.5,4902
2014-09-07 00:29:00,0.0,0.0,0.0,814829.0,74.7,59.9,60.0,0.0,23516.0,341.0,74629.0,809302.0,0.0,1.0,0.0,0.0,0.0,273.2,273.2,273.8,0.979,273.0,0.748,273.0,0.921,274.0,0.0139999999999999,13.65,2.0,3.0,0.0,22.64,0.0,5.438,21.79,0.0,-0.013,-0.0069999999999999,0.3049999999999999,-0.037,0.215,0.0,27.94,21.5,21.5,21.38,21.27,20.72,21.44,21.18,21.62,21.33,0.005,0.005,0.005,0.005,0.0069999999999999,0.006,0.008,687.0,700.0,692.0,685.0,700.0,682.0,605.0,0.0,0.0,0.0,0.0,0.0,0.0,0.0,0.0,4.189,0.0,60.19,0.0,0.0,0.0,0.0,0.0,0.0,0.0,0.0,0.0,0.0,22.37,22.07,0.0,21.24,333.6,23.7,2.0,3.53,-1.0,1.398,2.0,4902
2014-09-07 00:30:00,0.0,0.0,0.0,814829.0,74.7,59.9,60.0,0.0,23516.0,341.0,74629.0,809302.0,0.0,1.0,0.0,0.0,0.0,273.3,273.2,273.9,0.979,273.0,0.748,273.0,0.921,274.0,0.0139999999999999,13.65,2.0,3.0,0.0,22.64,0.0,5.647,21.81,0.0,-0.013,-0.0069999999999999,0.3049999999999999,-0.0379999999999999,0.215,0.0,27.94,21.56,21.41,21.3,21.26,20.7,21.4,21.13,21.52,21.3,0.005,0.005,0.005,0.005,0.0069999999999999,0.006,0.008,687.0,700.0,692.0,685.0,700.0,682.0,605.0,0.0,0.0,0.0,0.0,0.0,0.0,0.0,0.0,4.376,0.0,60.22,0.0,0.0,0.0,0.0,0.0,0.0,0.0,0.0,0.0,0.0,22.33,22.05,0.0,21.25,323.8,13.69,2.0,3.53,-1.0,0.762,1.4,4902
2014-09-07 00:31:00,0.0,0.0,0.0,814829.0,74.7,59.9,60.0,0.0,23516.0,341.0,74629.0,809302.0,0.0,1.0,0.0,0.0,0.0,273.4,273.2,273.9,0.979,273.0,0.748,273.0,0.921,274.0,0.0139999999999999,13.65,2.0,3.0,0.0,22.64,0.0,5.839,21.81,0.0,-0.013,-0.0069999999999999,0.3049999999999999,-0.0379999999999999,0.215,0.0,27.94,21.53,21.41,21.32,21.28,20.62,21.44,21.13,21.56,21.32,0.005,0.005,0.005,0.005,0.0069999999999999,0.006,0.008,687.0,700.0,692.0,685.0,700.0,682.0,605.0,0.0,0.0,0.0,0.0,0.0,0.0,0.0,0.0,4.6080000000000005,0.0,60.23,0.0,0.0,0.0,0.0,0.0,0.0,0.0,0.0,0.0,0.0,22.3,21.99,0.0,21.21,309.8,20.69,2.0,3.53,-1.0,1.133,2.5,4902
2014-09-07 00:32:00,0.0,0.0,0.0,814829.0,74.7,59.9,60.0,0.0,23516.0,341.0,74629.0,809302.0,0.0,1.0,0.0,0.0,0.0,273.3,273.2,273.9,0.979,273.0,0.748,273.0,0.921,274.0,0.0139999999999999,13.65,2.0,3.0,0.0,22.63,0.0,5.9910000000000005,21.82,0.0,-0.013,-0.0069999999999999,0.3049999999999999,-0.0379999999999999,0.215,0.0,27.93,21.55,21.42,21.32,21.2,20.66,21.42,21.08,21.5,21.27,0.005,0.005,0.005,0.005,0.006,0.005,0.008,687.0,700.0,692.0,685.0,700.0,682.0,605.0,0.0,0.0,0.0,0.0,0.0,0.0,0.0,0.0,4.816,0.0,60.14,0.0,0.0,0.0,0.0,0.0,0.0,0.0,0.0,0.0,0.0,22.32,22.02,0.0,21.21,4.151,11.88,2.0,3.53,-1.0,1.42,1.9,4902
2014-09-07 00:33:00,0.0,0.0,0.0,814829.0,74.7,59.9,60.0,0.0,23516.0,341.0,74629.0,809302.0,0.0,1.0,0.0,0.0,0.0,273.4,273.3,274.0,0.979,273.0,0.748,273.0,0.921,274.0,0.0139999999999999,13.65,2.0,3.0,0.0,22.62,0.0,6.372999999999999,21.8,0.0,-0.013,-0.0069999999999999,0.3049999999999999,-0.0379999999999999,0.215,0.0,27.84,21.58,21.41,21.32,21.24,20.64,21.39,21.11,21.51,21.3,0.005,0.005,0.005,0.005,0.006,0.006,0.008,687.0,700.0,692.0,685.0,700.0,682.0,605.0,0.0,0.0,0.0,0.0,0.0,0.0,0.0,0.0,4.993,0.0,60.14,0.0,0.0,0.0,0.0,0.0,0.0,0.0,0.0,0.0,0.0,22.29,22.0,0.0,21.22,336.9,19.1,2.0,3.531,-1.0,1.5630000000000002,2.5,4902
2014-09-07 00:34:00,0.0,0.0,0.0,814829.0,74.7,59.9,60.0,0.0,23516.0,341.0,74629.0,809302.0,0.0,1.0,0.0,0.0,0.0,273.4,273.3,274.0,0.979,273.0,0.748,273.0,0.921,274.0,0.0139999999999999,13.65,2.0,3.0,0.0,22.61,0.0,6.377000000000001,21.82,0.0,-0.013,-0.0069999999999999,0.3049999999999999,-0.0379999999999999,0.215,0.0,27.84,21.56,21.41,21.32,21.3,20.72,21.42,21.11,21.52,21.33,0.005,0.005,0.005,0.005,0.0069999999999999,0.005,0.008,687.0,700.0,692.0,685.0,700.0,682.0,605.0,0.0,0.0,0.0,0.0,0.0,0.0,0.0,0.0,4.993,0.0,60.15,0.0,0.0,0.0,0.0,0.0,0.0,0.0,0.0,0.0,0.0,22.24,21.97,0.0,21.22,338.1,13.24,2.0,3.53,-1.0,1.5619999999999998,2.7,4902
2014-09-07 00:35:00,0.0,0.0,0.0,814829.0,74.7,59.9,60.0,0.0,23516.0,341.0,74629.0,809302.0,0.0,1.0,0.0,0.0,0.0,273.7,273.3,274.0,0.979,273.0,0.748,273.0,0.921,274.0,0.0139999999999999,13.65,2.0,3.0,0.0,22.61,0.0,6.393,21.83,0.0,-0.013,-0.0069999999999999,0.3049999999999999,-0.0379999999999999,0.215,0.0,27.84,21.57,21.41,21.32,21.27,20.71,21.35,21.13,21.44,21.33,0.005,0.005,0.005,0.005,0.006,0.005,0.008,687.0,700.0,692.0,685.0,700.0,682.0,605.0,0.0,0.0,0.0,0.0,0.0,0.0,0.0,0.0,4.993,0.0,60.2,0.0,0.0,0.0,0.0,0.0,0.0,0.0,0.0,0.0,0.0,22.27,22.0,0.0,21.23,329.7,23.74,2.0,3.53,-1.0,1.3430000000000002,2.1,4902
2014-09-07 00:36:00,0.0,0.0,0.0,814829.0,74.7,59.9,60.0,0.0,23516.0,341.0,74629.0,809302.0,0.0,1.0,0.0,0.0,0.0,273.6,273.6,274.2,0.979,273.0,0.748,273.0,0.921,274.0,0.0139999999999999,13.65,2.0,3.0,0.0,22.61,0.0,6.388999999999999,21.81,0.0,-0.013,-0.0069999999999999,0.3049999999999999,-0.0379999999999999,0.215,0.0,27.84,21.62,21.46,21.32,21.3,20.64,21.42,21.11,21.48,21.33,0.005,0.005,0.005,0.005,0.0069999999999999,0.005,0.008,687.0,700.0,692.0,685.0,700.0,682.0,605.0,0.0,0.0,0.0,0.0,0.0,0.0,0.0,0.0,4.993,0.0,60.21,0.0,0.0,0.0,0.0,0.0,0.0,0.0,0.0,0.0,0.0,22.32,22.02,0.0,21.29,318.7,19.68,2.0,3.53,-1.0,1.672,2.7,4902
2014-09-07 00:37:00,0.0,0.0,0.0,814829.0,74.7,59.9,60.0,0.0,23516.0,341.0,74629.0,809302.0,0.0,1.0,0.0,0.0,0.0,273.7,273.7,274.3,0.979,273.1,0.748,273.1,0.921,274.0,0.0139999999999999,13.65,2.0,3.0,0.0,22.61,0.0,6.255,21.8,0.0,-0.013,-0.0069999999999999,0.3049999999999999,-0.037,0.215,0.0,27.8,21.67,21.5,21.41,21.32,20.76,21.44,21.11,21.59,21.33,0.005,0.005,0.005,0.005,0.0069999999999999,0.005,0.008,687.0,700.0,692.0,685.0,700.0,682.0,605.0,0.0,0.0,0.0,0.0,0.0,0.0,0.0,0.0,4.98,0.0,60.22,0.0,0.0,0.0,0.0,0.0,0.0,0.0,0.0,0.0,0.0,22.31,22.03,0.0,21.33,346.8,13.96,2.0,3.53,-1.0,2.48,3.6,4902
2014-09-07 00:38:00,0.0,0.0,0.0,814829.0,74.7,59.9,60.0,0.0,23516.0,341.0,74629.0,809302.0,0.0,1.0,0.0,0.0,0.0,273.8,273.5,274.1,0.979,273.0,0.748,273.0,0.921,274.0,0.0139999999999999,13.65,2.0,3.0,0.0,22.59,0.0,5.853,21.83,0.0,-0.013,-0.0069999999999999,0.3049999999999999,-0.0379999999999999,0.215,0.0,27.75,21.69,21.5,21.41,21.24,20.74,21.42,21.13,21.61,21.38,0.005,0.005,0.005,0.005,0.006,0.005,0.008,687.0,700.0,692.0,685.0,700.0,682.0,605.0,0.0,0.0,0.0,0.0,0.0,0.0,0.0,0.0,4.659,0.0,60.19,0.0,0.0,0.0,0.0,0.0,0.0,0.0,0.0,0.0,0.0,22.35,22.06,0.0,21.36,1.596,25.32,2.0,3.53,-1.0,2.22,3.6,4902
2014-09-07 00:39:00,0.0,0.0,0.0,814829.0,74.7,59.9,60.0,0.0,23516.0,341.0,74629.0,809302.0,0.0,1.0,0.0,0.0,0.0,273.3,273.3,274.0,0.979,273.0,0.748,273.0,0.921,274.0,0.0139999999999999,13.65,2.0,3.0,0.0,22.59,0.0,5.738,21.83,0.0,-0.013,-0.0069999999999999,0.3049999999999999,-0.0379999999999999,0.215,0.0,27.75,21.69,21.5,21.41,21.32,20.76,21.44,21.21,21.61,21.38,0.005,0.005,0.005,0.005,0.006,0.006,0.008,687.0,700.0,692.0,685.0,700.0,682.0,605.0,0.0,0.0,0.0,0.0,0.0,0.0,0.0,0.0,4.446000000000001,0.0,60.11,0.0,0.0,0.0,0.0,0.0,0.0,0.0,0.0,0.0,0.0,22.32,22.04,0.0,21.34,344.7,22.89,2.0,3.53,-1.0,1.543,2.8,4902
2014-09-07 00:40:00,0.0,0.0,0.0,814829.0,74.7,59.9,60.0,0.0,23516.0,341.0,74629.0,809302.0,0.0,1.0,0.0,0.0,0.0,273.3,273.2,273.9,0.979,272.9,0.748,272.9,0.921,273.9,0.0139999999999999,13.65,2.0,3.0,0.0,22.59,0.0,5.456,21.82,0.0,-0.013,-0.0069999999999999,0.3049999999999999,-0.0379999999999999,0.215,0.0,27.75,21.69,21.49,21.41,21.32,20.76,21.44,21.11,21.59,21.35,0.005,0.005,0.005,0.005,0.006,0.005,0.008,687.0,700.0,692.0,685.0,700.0,682.0,605.0,0.0,0.0,0.0,0.0,0.0,0.0,0.0,0.0,4.206,0.0,60.14,0.0,0.0,0.0,0.0,0.0,0.0,0.0,0.0,0.0,0.0,22.28,22.01,0.0,21.35,312.1,18.34,2.0,3.53,-1.0,1.917,2.6,4902
2014-09-07 00:41:00,0.0,0.0,0.0,814829.0,74.7,59.9,60.0,0.0,23516.0,341.0,74629.0,809302.0,0.0,1.0,0.0,0.0,0.0,271.8,272.0,272.6,0.979,272.0,0.748,272.0,0.921,272.8,0.0139999999999999,13.65,2.0,3.0,0.0,22.59,0.0,5.397,21.81,0.0,-0.013,-0.0069999999999999,0.3049999999999999,-0.0379999999999999,0.215,0.0,27.75,21.65,21.47,21.36,21.32,20.73,21.44,21.13,21.57,21.33,0.005,0.005,0.005,0.005,0.006,0.006,0.008,687.0,700.0,692.0,685.0,700.0,682.0,605.0,0.0,0.0,0.0,0.0,0.0,0.0,0.0,0.0,4.184,0.0,60.2,0.0,0.0,0.0,0.0,0.0,0.0,0.0,0.0,0.0,0.0,22.26,21.99,0.0,21.35,321.3,13.91,2.0,3.53,-1.0,1.5519999999999998,2.3,4902
2014-09-07 00:42:00,0.0,0.0,0.0,814829.0,74.7,59.9,60.0,0.0,23516.0,341.0,74629.0,809302.0,0.0,1.0,0.0,0.0,0.0,272.0,271.9,272.5,0.979,272.0,0.748,272.0,0.921,272.6,0.0139999999999999,13.65,2.0,3.0,0.0,22.59,0.0,5.475,21.8,0.0,-0.013,-0.0069999999999999,0.3049999999999999,-0.0379999999999999,0.215,0.0,27.75,21.69,21.41,21.32,21.28,20.71,21.44,21.13,21.59,21.33,0.005,0.005,0.005,0.005,0.006,0.005,0.008,687.0,700.0,692.0,685.0,700.0,682.0,605.0,0.0,0.0,0.0,0.0,0.0,0.0,0.0,0.0,4.184,0.0,60.15,0.0,0.0,0.0,0.0,0.0,0.0,0.0,0.0,0.0,0.0,22.24,21.97,0.0,21.32,329.0,18.28,2.0,3.53,-1.0,1.315,2.3,4902
2014-09-07 00:43:00,0.0,0.0,0.0,814829.0,74.7,59.9,60.0,0.0,23516.0,341.0,74629.0,809302.0,0.0,1.0,0.0,0.0,0.0,272.5,271.9,272.5,0.979,272.0,0.748,272.0,0.921,273.0,0.0139999999999999,13.65,2.0,3.0,0.0,22.58,0.0,5.651,21.82,0.0,-0.013,-0.0069999999999999,0.3049999999999999,-0.0379999999999999,0.215,0.0,27.71,21.69,21.41,21.32,21.28,20.7,21.39,21.13,21.52,21.31,0.005,0.005,0.005,0.005,0.006,0.005,0.008,687.0,700.0,692.0,685.0,700.0,682.0,605.0,0.0,0.0,0.0,0.0,0.0,0.0,0.0,0.0,4.322,0.0,60.14,0.0,0.0,0.0,0.0,0.0,0.0,0.0,0.0,0.0,0.0,22.2,21.92,0.0,21.29,343.2,18.04,2.0,3.531,-1.0,1.79,3.3,4902
2014-09-07 00:44:00,0.0,0.0,0.0,814829.0,74.7,59.9,60.0,0.0,23516.0,341.0,74629.0,809302.0,0.0,1.0,0.0,0.0,0.0,272.2,272.0,272.6,0.979,272.0,0.748,272.0,0.921,273.0,0.0139999999999999,13.65,2.0,3.0,0.0,22.56,0.0,5.827000000000001,21.82,0.0,-0.013,-0.0069999999999999,0.3049999999999999,-0.037,0.215,0.0,27.65,21.63,21.41,21.32,21.22,20.7,21.37,21.1,21.54,21.3,0.005,0.005,0.005,0.005,0.006,0.005,0.008,687.0,700.0,692.0,685.0,700.0,682.0,605.0,0.0,0.0,0.0,0.0,0.0,0.0,0.0,0.0,4.549,0.0,60.23,0.0,0.0,0.0,0.0,0.0,0.0,0.0,0.0,0.0,0.0,22.19,21.91,0.0,21.28,333.3,17.47,2.0,3.53,-1.0,1.675,2.6,4902
2014-09-07 00:45:00,0.0,0.0,0.0,814829.0,74.7,59.9,60.0,0.0,23516.0,341.0,74629.0,809302.0,0.0,1.0,0.0,0.0,0.0,272.0,272.1,272.7,0.979,272.0,0.748,272.0,0.921,273.0,0.0139999999999999,13.65,2.0,3.0,0.0,22.56,0.0,6.279,21.82,0.0,-0.013,-0.0069999999999999,0.3049999999999999,-0.0379999999999999,0.215,0.0,27.65,21.57,21.41,21.32,21.22,20.71,21.34,21.05,21.45,21.27,0.005,0.005,0.005,0.005,0.006,0.005,0.008,687.0,700.0,692.0,685.0,700.0,682.0,605.0,0.0,0.0,0.0,0.0,0.0,0.0,0.0,0.0,5.058,0.0,60.22,0.0,0.0,0.0,0.0,0.0,0.0,0.0,0.0,0.0,0.0,22.18,21.89,0.0,21.24,314.2,15.24,2.0,3.53,-1.0,1.418,2.1,4902
2014-09-07 00:46:00,0.0,0.0,0.0,814829.0,74.7,59.9,60.0,0.0,23516.0,341.0,74629.0,809302.0,0.0,1.0,0.0,0.0,0.0,272.9,272.4,273.0,0.979,272.6,0.748,272.1,0.921,273.0,0.0139999999999999,13.65,2.0,3.0,0.0,22.56,0.0,7.195,21.82,0.0,-0.013,-0.0069999999999999,0.3049999999999999,-0.036,0.215,0.0,27.65,21.59,21.41,21.32,21.22,20.64,21.34,21.05,21.51,21.23,0.005,0.005,0.005,0.005,0.006,0.005,0.008,687.0,700.0,692.0,685.0,700.0,682.0,605.0,0.0,0.0,0.0,0.0,0.0,0.0,0.0,0.0,5.9910000000000005,0.0,60.21,0.0,0.0,0.0,0.0,0.0,0.0,0.0,0.0,0.0,0.0,22.18,21.91,0.0,21.25,300.7,16.26,2.0,3.53,-1.0,1.3030000000000002,1.9,4902
2014-09-07 00:47:00,0.0,0.0,0.0,814829.0,74.7,59.9,60.0,0.0,23516.0,341.0,74629.0,809302.0,0.0,1.0,0.0,0.0,0.0,272.7,272.7,273.2,0.979,272.5,0.748,272.1,0.921,273.0,0.0139999999999999,13.65,2.0,3.0,0.0,22.56,0.0,7.965,21.79,0.0,-0.013,-0.0069999999999999,0.3049999999999999,-0.0379999999999999,0.215,0.0,27.65,21.59,21.41,21.32,21.22,20.68,21.34,21.07,21.5,21.23,0.005,0.005,0.005,0.005,0.006,0.005,0.008,687.0,700.0,692.0,685.0,700.0,682.0,605.0,0.0,0.0,0.0,0.0,0.0,0.0,0.0,0.0,6.961,0.0,60.14,0.0,0.0,0.0,0.0,0.0,0.0,0.0,0.0,0.0,0.0,22.19,21.9,0.0,21.25,319.3,20.37,2.0,3.531,-1.0,0.973,1.5,4902
2014-09-07 00:48:00,0.0,0.0,0.0,814829.0,74.7,59.9,60.0,0.0,23516.0,341.0,74629.0,809302.0,0.0,1.0,0.0,0.0,0.0,272.8,272.8,273.4,0.979,273.0,0.748,273.0,0.921,273.0,0.0139999999999999,13.65,2.0,3.0,0.0,22.56,0.0,8.39,21.84,0.0,-0.013,-0.0069999999999999,0.3049999999999999,-0.0379999999999999,0.215,0.0,27.65,21.59,21.41,21.32,21.22,20.71,21.44,21.14,21.51,21.3,0.005,0.005,0.005,0.005,0.006,0.005,0.008,687.0,700.0,692.0,685.0,700.0,682.0,605.0,0.0,0.0,0.0,0.0,0.0,0.0,0.0,0.0,7.474999999999999,0.0,60.18,0.0,0.0,0.0,0.0,0.0,0.0,0.0,0.0,0.0,0.0,22.2,21.89,0.0,21.24,289.4,17.31,2.0,3.53,-1.0,1.753,2.7,4902
2014-09-07 00:49:00,0.0,0.0,0.0,814829.0,74.7,59.9,60.0,0.0,23516.0,341.0,74629.0,809302.0,0.0,1.0,0.0,0.0,0.0,273.0,273.0,273.5,0.979,273.0,0.748,273.0,0.921,273.6,0.0139999999999999,13.65,2.0,3.0,0.0,22.56,0.0,8.279999999999998,21.81,0.0,-0.008,-0.0069999999999999,0.3049999999999999,-0.0379999999999999,0.215,0.0,27.58,21.64,21.42,21.33,21.25,20.73,21.42,21.16,21.51,21.33,0.005,0.005,0.005,0.005,0.006,0.005,0.008,687.0,700.0,692.0,685.0,700.0,682.0,605.0,0.0,0.0,0.0,0.0,0.0,0.0,0.0,0.0,7.422,0.0,60.21,0.0,0.0,0.0,0.0,0.0,0.0,0.0,0.0,0.0,0.0,22.18,21.89,0.0,21.28,275.5,21.48,2.0,3.53,-1.0,1.933,3.7,4902
2014-09-07 00:50:00,0.0,0.0,0.0,814829.0,74.7,59.9,60.0,0.0,23516.0,341.0,74629.0,809302.0,0.0,1.0,0.0,0.0,0.0,273.1,272.9,273.5,0.979,273.0,0.748,273.0,0.921,273.5,0.0139999999999999,13.65,2.0,3.0,0.0,22.55,0.0,8.39,21.81,0.0,-0.0069999999999999,-0.0069999999999999,0.3049999999999999,-0.0379999999999999,0.215,0.0,27.55,21.69,21.5,21.41,21.32,20.83,21.44,21.23,21.61,21.33,0.005,0.005,0.005,0.005,0.006,0.005,0.008,687.0,700.0,692.0,685.0,700.0,682.0,605.0,0.0,0.0,0.0,0.0,0.0,0.0,0.0,0.0,7.492000000000002,0.0,60.22,0.0,0.0,0.0,0.0,0.0,0.0,0.0,0.0,0.0,0.0,22.17,21.89,0.0,21.31,307.7,15.42,2.0,3.53,-1.0,1.778,3.6,4902
2014-09-07 00:51:00,0.0,0.0,0.0,814829.0,74.7,59.9,60.0,0.0,23516.0,341.0,74629.0,809302.0,0.0,1.0,0.0,0.0,0.0,273.1,273.0,273.6,0.979,273.0,0.748,273.0,0.921,274.0,0.0139999999999999,13.65,2.0,3.0,0.0,22.55,0.0,9.0,21.82,0.0,-0.0069999999999999,-0.0069999999999999,0.3049999999999999,-0.037,0.215,0.0,27.55,21.69,21.5,21.41,21.32,20.81,21.46,21.28,21.61,21.33,0.005,0.005,0.005,0.005,0.006,0.005,0.008,687.0,700.0,692.0,685.0,700.0,682.0,605.0,0.0,0.0,0.0,0.0,0.0,0.0,0.0,0.0,8.14,0.0,60.2,0.0,0.0,0.0,0.0,0.0,0.0,0.0,0.0,0.0,0.0,22.18,21.89,0.0,21.3,312.4,10.32,2.0,3.53,-1.0,1.227,1.8,4902
2014-09-07 00:52:00,0.0,0.0,0.0,814829.0,74.7,59.9,60.0,0.0,23516.0,341.0,74629.0,809302.0,0.0,1.0,0.0,0.0,0.0,273.0,273.1,273.7,0.979,273.0,0.748,273.0,0.921,274.0,0.0139999999999999,13.65,2.0,3.0,0.0,22.53,0.0,9.05,21.84,0.0,-0.0069999999999999,-0.0069999999999999,0.3049999999999999,-0.0379999999999999,0.215,0.0,27.55,21.69,21.5,21.41,21.32,20.81,21.52,21.27,21.61,21.37,0.005,0.005,0.005,0.005,0.006,0.005,0.008,687.0,700.0,692.0,685.0,700.0,682.0,605.0,0.0,0.0,0.0,0.0,0.0,0.0,0.0,0.0,8.199999999999998,0.0,60.15,0.0,0.0,0.0,0.0,0.0,0.0,0.0,0.0,0.0,0.0,22.15,21.88,0.0,21.31,318.0,17.01,2.0,3.53,-1.0,1.597,3.0,4902
2014-09-07 00:53:00,0.0,0.0,0.0,814829.0,74.7,59.9,60.0,0.0,23516.0,341.0,74629.0,809302.0,0.0,1.0,0.0,0.0,0.0,273.4,273.3,273.8,0.979,273.0,0.748,273.0,0.921,274.0,0.0139999999999999,13.65,2.0,3.0,0.0,22.53,0.0,9.11,21.8,0.0,-0.0069999999999999,-0.0069999999999999,0.3049999999999999,-0.037,0.215,0.0,27.55,21.67,21.5,21.41,21.32,20.81,21.5,21.25,21.61,21.43,0.005,0.005,0.005,0.005,0.006,0.005,0.0069999999999999,687.0,700.0,692.0,685.0,700.0,682.0,605.0,0.0,0.0,0.0,0.0,0.0,0.0,0.0,0.0,8.26,0.0,60.17,0.0,0.0,0.0,0.0,0.0,0.0,0.0,0.0,0.0,0.0,22.14,21.87,0.0,21.32,308.4,14.88,2.0,3.53,-1.0,1.455,2.4,4902
2014-09-07 00:54:00,0.0,0.0,0.0,814829.0,74.7,59.9,60.0,0.0,23516.0,341.0,74629.0,809302.0,0.0,1.0,0.0,0.0,0.0,273.3,273.2,273.8,0.979,273.0,0.748,273.0,0.921,274.0,0.0139999999999999,13.65,2.0,3.0,0.0,22.53,0.0,9.420000000000002,21.82,0.0,-0.0069999999999999,-0.0069999999999999,0.3049999999999999,-0.0379999999999999,0.215,0.0,27.55,21.69,21.55,21.5,21.41,20.91,21.54,21.28,21.61,21.43,0.005,0.005,0.005,0.005,0.006,0.005,0.008,687.0,700.0,692.0,685.0,700.0,682.0,605.0,0.0,0.0,0.0,0.0,0.0,0.0,0.0,0.0,8.5,0.0,60.13,0.0,0.0,0.0,0.0,0.0,0.0,0.0,0.0,0.0,0.0,22.12,21.85,0.0,21.35,333.2,41.25,2.0,3.53,-1.0,0.775,1.4,4902
2014-09-07 00:55:00,0.0,0.0,0.0,814829.0,74.7,59.9,60.0,0.0,23516.0,341.0,74629.0,809302.0,0.0,1.0,0.0,0.0,0.0,273.3,273.2,273.8,0.979,273.0,0.748,273.0,0.921,274.0,0.0139999999999999,13.65,2.0,3.0,0.0,22.53,0.0,9.48,21.81,0.0,-0.0069999999999999,-0.006,0.3049999999999999,-0.0379999999999999,0.215,0.0,27.5,21.7,21.6,21.51,21.41,20.93,21.54,21.28,21.66,21.43,0.005,0.005,0.005,0.005,0.006,0.005,0.008,687.0,700.0,692.0,685.0,700.0,682.0,605.0,0.0,0.0,0.0,0.0,0.0,0.0,0.0,0.0,8.679999999999998,0.0,60.15,0.0,0.0,0.0,0.0,0.0,0.0,0.0,0.0,0.0,0.0,22.12,21.85,0.0,21.36,333.3,64.09,2.0,3.53,-1.0,0.4899999999999999,1.2,4902
2014-09-07 00:56:00,0.0,0.0,0.0,814829.0,74.7,59.9,60.0,0.0,23516.0,341.0,74629.0,809302.0,0.0,1.0,0.0,0.0,0.0,273.1,273.4,273.9,0.979,273.0,0.748,273.0,0.921,274.0,0.0139999999999999,13.65,2.0,3.0,0.0,22.53,0.0,9.61,21.82,0.0,-0.0069999999999999,-0.004,0.3049999999999999,-0.0379999999999999,0.215,0.0,27.45,21.76,21.6,21.51,21.41,20.93,21.55,21.35,21.69,21.43,0.005,0.005,0.005,0.005,0.006,0.005,0.008,687.0,700.0,692.0,685.0,700.0,682.0,605.0,0.0,0.0,0.0,0.0,0.0,0.0,0.0,0.0,8.769999999999998,0.0,60.14,0.0,0.0,0.0,0.0,0.0,0.0,0.0,0.0,0.0,0.0,22.13,21.87,0.0,21.36,328.4,23.07,2.0,3.53,-1.0,0.992,1.6,4902
2014-09-07 00:57:00,0.0,0.0,0.0,814829.0,74.7,59.9,60.0,0.0,23516.0,341.0,74629.0,809302.0,0.0,1.0,0.0,0.0,0.0,273.3,273.3,273.8,0.979,273.0,0.748,273.0,0.921,274.0,0.0139999999999999,13.65,2.0,3.0,0.0,22.53,0.0,9.89,21.82,0.0,-0.0069999999999999,-0.001,0.3049999999999999,-0.0379999999999999,0.215,0.0,27.45,21.75,21.6,21.51,21.41,20.89,21.63,21.36,21.69,21.45,0.005,0.005,0.005,0.005,0.006,0.005,0.008,687.0,700.0,692.0,685.0,700.0,682.0,605.0,0.0,0.0,0.0,0.0,0.0,0.0,0.0,0.0,8.96,0.0,60.14,0.0,0.0,0.0,0.0,0.0,0.0,0.0,0.0,0.0,0.0,22.11,21.84,0.0,21.37,318.1,18.62,2.0,3.53,-1.0,0.955,1.7,4902
2014-09-07 00:58:00,0.0,0.0,0.0,814829.0,74.7,59.9,60.0,0.0,23516.0,341.0,74629.0,809302.0,0.0,1.0,0.0,0.0,0.0,273.2,273.5,274.0,0.979,273.0,0.748,273.0,0.921,274.0,0.0139999999999999,13.65,2.0,3.0,0.0,22.53,0.0,10.04,21.81,0.0,-0.0069999999999999,0.0,0.3049999999999999,-0.0379999999999999,0.215,0.0,27.45,21.79,21.6,21.53,21.41,20.93,21.63,21.36,21.71,21.48,0.005,0.005,0.005,0.005,0.006,0.005,0.0069999999999999,687.0,700.0,692.0,685.0,700.0,682.0,605.0,0.0,0.0,0.0,0.0,0.0,0.0,0.0,0.0,9.1,0.0,60.14,0.0,0.0,0.0,0.0,0.0,0.0,0.0,0.0,0.0,0.0,22.12,21.85,0.0,21.4,314.6,11.15,2.0,3.53,-1.0,2.073,2.9,4902
2014-09-07 00:59:00,0.0,0.0,0.0,814829.0,74.7,59.9,60.0,0.0,23516.0,341.0,74629.0,809302.0,0.0,1.0,0.0,0.0,0.0,273.5,273.4,273.9,0.979,273.0,0.748,273.0,0.921,274.0,0.0139999999999999,13.65,2.0,3.0,0.0,22.53,0.0,10.04,21.85,0.0,-0.0069999999999999,0.0,0.3049999999999999,-0.037,0.215,0.0,27.45,21.79,21.6,21.59,21.46,20.97,21.63,21.38,21.69,21.53,0.005,0.005,0.005,0.005,0.006,0.005,0.008,687.0,700.0,692.0,685.0,700.0,682.0,605.0,0.0,0.0,0.0,0.0,0.0,0.0,0.0,0.0,9.31,0.0,60.14,0.0,0.0,0.0,0.0,0.0,0.0,0.0,0.0,0.0,0.0,22.12,21.85,0.0,21.4,314.2,12.43,2.0,3.53,-1.0,1.43,2.1,4902
2014-09-07 01:00:00,0.0,0.0,0.0,814829.0,74.7,59.9,60.0,0.0,23516.0,341.0,74629.0,809302.0,0.0,1.0,0.0,0.0,0.0,273.5,273.2,273.9,0.979,273.0,0.748,273.0,0.921,274.0,0.0139999999999999,13.65,2.0,3.0,0.0,22.53,0.0,10.04,21.81,0.0,-0.0069999999999999,0.0,0.3049999999999999,-0.0379999999999999,0.215,0.0,27.45,21.79,21.6,21.61,21.51,20.98,21.63,21.4,21.71,21.53,0.005,0.005,0.005,0.005,0.006,0.005,0.008,687.0,700.0,692.0,685.0,700.0,682.0,605.0,0.0,0.0,0.0,0.0,0.0,0.0,0.0,0.0,9.31,0.0,60.15,0.0,0.0,0.0,0.0,0.0,0.0,0.0,0.0,0.0,0.0,22.09,21.83,0.0,21.41,308.5,11.81,2.0,3.53,-1.0,2.18,3.2,4902
2014-09-07 01:01:00,0.0,0.0,0.0,814829.0,74.7,59.9,60.0,0.0,23516.0,341.0,74629.0,809302.0,0.0,1.0,0.0,0.0,0.0,273.3,273.3,273.9,0.979,273.0,0.748,273.0,0.921,274.0,0.0139999999999999,13.65,2.0,3.0,0.0,22.52,0.0,10.13,21.82,0.0,-0.0069999999999999,0.0,0.3049999999999999,-0.0379999999999999,0.215,0.0,27.45,21.79,21.63,21.59,21.51,21.02,21.63,21.39,21.71,21.55,0.005,0.005,0.005,0.005,0.006,0.005,0.0069999999999999,687.0,700.0,692.0,685.0,700.0,682.0,605.0,0.0,0.0,0.0,0.0,0.0,0.0,0.0,0.0,9.46,0.0,60.15,0.0,0.0,0.0,0.0,0.0,0.0,0.0,0.0,0.0,0.0,22.09,21.82,0.0,21.42,301.5,11.47,2.0,3.53,-1.0,2.083,3.0,4902
2014-09-07 01:02:00,0.0,0.0,0.0,814829.0,74.7,59.9,60.0,0.0,23516.0,341.0,74629.0,809302.0,0.0,1.0,0.0,0.0,0.0,273.3,272.9,273.6,0.979,273.0,0.748,273.0,0.921,273.9,0.0139999999999999,13.65,2.0,3.0,0.0,22.52,0.0,10.27,21.82,0.0,-0.0069999999999999,0.0,0.3049999999999999,-0.0379999999999999,0.215,0.0,27.45,21.79,21.68,21.61,21.51,21.02,21.63,21.48,21.71,21.54,0.005,0.005,0.004,0.005,0.006,0.005,0.008,687.0,700.0,692.0,685.0,700.0,682.0,605.0,0.0,0.0,0.0,0.0,0.0,0.0,0.0,0.0,9.58,0.0,60.14,0.0,0.0,0.0,0.0,0.0,0.0,0.0,0.0,0.0,0.0,22.08,21.81,0.0,21.41,305.2,10.5,2.0,3.53,-1.0,1.568,2.4,4902
2014-09-07 01:03:00,0.0,0.0,0.0,814829.0,74.7,59.9,60.0,0.0,23516.0,341.0,74629.0,809302.0,0.0,1.0,0.0,0.0,0.0,272.8,273.0,273.6,0.979,273.0,0.748,273.0,0.921,273.5,0.0139999999999999,13.65,2.0,3.0,0.0,22.52,0.0,10.5,21.82,0.0,-0.0069999999999999,0.0,0.3049999999999999,-0.0379999999999999,0.215,0.0,27.45,21.79,21.7,21.61,21.51,21.02,21.63,21.44,21.71,21.53,0.005,0.005,0.005,0.005,0.006,0.005,0.0069999999999999,687.0,700.0,692.0,685.0,700.0,682.0,605.0,0.0,0.0,0.0,0.0,0.0,0.0,0.0,0.0,9.58,0.0,60.14,0.0,0.0,0.0,0.0,0.0,0.0,0.0,0.0,0.0,0.0,22.08,21.81,0.0,21.4,299.2,14.6,2.0,3.53,-1.0,1.045,1.4,4902
2014-09-07 01:04:00,0.0,0.0,0.0,814829.0,74.7,59.9,60.0,0.0,23516.0,341.0,74629.0,809302.0,0.0,1.0,0.0,0.0,0.0,273.3,273.0,273.7,0.979,273.0,0.748,273.0,0.921,274.0,0.0139999999999999,13.65,2.0,3.0,0.0,22.53,0.0,10.1,21.82,0.0,-0.0069999999999999,0.0,0.3049999999999999,-0.037,0.215,0.0,27.42,21.77,21.7,21.61,21.51,21.02,21.63,21.46,21.71,21.53,0.005,0.005,0.005,0.005,0.006,0.005,0.0069999999999999,687.0,700.0,692.0,685.0,700.0,682.0,605.0,0.0,0.0,0.0,0.0,0.0,0.0,0.0,0.0,9.41,0.0,60.16,0.0,0.0,0.0,0.0,0.0,0.0,0.0,0.0,0.0,0.0,22.08,21.79,0.0,21.39,291.8,14.18,2.0,3.531,-1.0,1.4,2.2,4902
2014-09-07 01:05:00,0.0,0.0,0.0,814829.0,74.7,59.9,60.0,0.0,23516.0,341.0,74629.0,809302.0,0.0,1.0,0.0,0.0,0.0,273.0,273.1,273.7,0.979,273.0,0.748,273.0,0.921,273.9,0.0139999999999999,13.65,2.0,3.0,0.0,22.52,0.0,9.7,21.82,0.0,-0.0069999999999999,0.0,0.3049999999999999,-0.036,0.215,0.0,27.37,21.77,21.67,21.61,21.51,21.01,21.63,21.45,21.71,21.53,0.004,0.005,0.005,0.005,0.006,0.005,0.0069999999999999,687.0,700.0,692.0,685.0,700.0,682.0,605.0,0.0,0.0,0.0,0.0,0.0,0.0,0.0,0.0,8.849999999999998,0.0,60.15,0.0,0.0,0.0,0.0,0.0,0.0,0.0,0.0,0.0,0.0,22.05,21.78,0.0,21.38,315.1,28.28,2.0,3.53,-1.0,1.6469999999999998,3.2,4902
2014-09-07 01:06:00,0.0,0.0,0.0,814829.0,74.7,59.9,60.0,0.0,23516.0,341.0,74629.0,809302.0,0.0,1.0,0.0,0.0,0.0,273.2,273.1,273.7,0.979,273.0,0.748,273.0,0.921,274.0,0.0139999999999999,13.65,2.0,3.0,0.0,22.52,0.0,9.45,21.8,0.0,-0.0069999999999999,0.0,0.3049999999999999,-0.037,0.215,0.0,27.35,21.73,21.65,21.61,21.51,21.04,21.63,21.49,21.71,21.53,0.005,0.005,0.005,0.005,0.006,0.005,0.0069999999999999,687.0,700.0,692.0,685.0,700.0,682.0,605.0,0.0,0.0,0.0,0.0,0.0,0.0,0.0,0.0,8.55,0.0,60.14,0.0,0.0,0.0,0.0,0.0,0.0,0.0,0.0,0.0,0.0,22.04,21.76,0.0,21.36,338.2,12.92,2.0,3.53,-1.0,1.223,1.9,4902
2014-09-07 01:07:00,0.0,0.0,0.0,814829.0,74.7,59.9,60.0,0.0,23516.0,341.0,74629.0,809302.0,0.0,1.0,0.0,0.0,0.0,273.4,273.0,273.6,0.979,273.0,0.748,273.0,0.921,274.0,0.0139999999999999,13.65,2.0,3.0,0.0,22.51,0.0,9.89,21.82,0.0,-0.0069999999999999,0.0,0.3049999999999999,-0.037,0.215,0.0,27.35,21.69,21.63,21.61,21.51,21.09,21.63,21.51,21.69,21.53,0.004,0.005,0.005,0.005,0.006,0.005,0.0069999999999999,687.0,700.0,692.0,685.0,700.0,682.0,605.0,0.0,0.0,0.0,0.0,0.0,0.0,0.0,0.0,9.05,0.0,60.15,0.0,0.0,0.0,0.0,0.0,0.0,0.0,0.0,0.0,0.0,22.02,21.74,0.0,21.37,308.8,10.24,2.0,3.53,-1.0,1.5219999999999998,2.5,4902
2014-09-07 01:08:00,0.0,0.0,0.0,814829.0,74.7,59.9,60.0,0.0,23516.0,341.0,74629.0,809302.0,0.0,1.0,0.0,0.0,0.0,273.2,273.3,273.8,0.979,273.0,0.748,273.0,0.921,274.0,0.0139999999999999,13.65,2.0,3.0,0.0,22.5,0.0,10.17,21.84,0.0,-0.0069999999999999,0.0,0.3049999999999999,-0.034,0.215,0.0,27.35,21.69,21.6,21.61,21.51,21.06,21.63,21.48,21.71,21.53,0.005,0.005,0.005,0.005,0.006,0.005,0.0069999999999999,687.0,700.0,692.0,685.0,700.0,682.0,605.0,0.0,0.0,0.0,0.0,0.0,0.0,0.0,0.0,9.47,0.0,60.14,0.0,0.0,0.0,0.0,0.0,0.0,0.0,0.0,0.0,0.0,21.99,21.73,0.0,21.34,299.2,6.929,2.0,3.53,-1.0,1.878,2.4,4902
2014-09-07 01:09:00,0.0,0.0,0.0,814829.0,74.7,59.9,60.0,0.0,23516.0,341.0,74629.0,809302.0,0.0,1.0,0.0,0.0,0.0,273.4,273.0,273.6,0.979,273.0,0.748,273.0,0.921,274.0,0.0139999999999999,13.65,2.0,3.0,0.0,22.5,0.0,10.63,21.84,0.0,-0.0069999999999999,0.0,0.3049999999999999,-0.036,0.215,0.0,27.35,21.69,21.6,21.61,21.51,21.04,21.63,21.44,21.71,21.53,0.005,0.005,0.005,0.005,0.006,0.005,0.0069999999999999,687.0,700.0,692.0,685.0,700.0,682.0,605.0,0.0,0.0,0.0,0.0,0.0,0.0,0.0,0.0,9.8,0.0,60.15,0.0,0.0,0.0,0.0,0.0,0.0,0.0,0.0,0.0,0.0,21.94,21.65,0.0,21.33,301.5,13.25,2.0,3.531,-1.0,2.217,3.1,4902
2014-09-07 01:10:00,0.0,0.0,0.0,814829.0,74.7,59.9,60.0,0.0,23516.0,341.0,74629.0,809302.0,0.0,1.0,0.0,0.0,0.0,273.2,273.1,273.7,0.979,273.0,0.748,273.0,0.921,274.0,0.0139999999999999,13.65,2.0,3.0,0.0,22.5,0.0,10.65,21.82,0.0,-0.0069999999999999,0.0,0.3049999999999999,-0.0379999999999999,0.215,0.0,27.35,21.69,21.6,21.61,21.51,21.04,21.63,21.38,21.71,21.53,0.004,0.005,0.005,0.005,0.006,0.005,0.0069999999999999,687.0,700.0,692.0,685.0,700.0,682.0,605.0,0.0,0.0,0.0,0.0,0.0,0.0,0.0,0.0,9.85,0.0,60.15,0.0,0.0,0.0,0.0,0.0,0.0,0.0,0.0,0.0,0.0,21.87,21.58,0.0,21.3,303.6,10.68,2.0,3.531,-1.0,2.608,3.8,4902
2014-09-07 01:11:00,0.0,0.0,0.0,814829.0,74.7,59.9,60.0,0.0,23516.0,341.0,74629.0,809302.0,0.0,1.0,0.0,0.0,0.0,273.3,273.0,273.7,0.979,273.0,0.748,273.0,0.921,274.0,0.0139999999999999,13.65,2.0,3.0,0.0,22.5,0.0,10.65,21.82,0.0,-0.0069999999999999,0.0,0.3049999999999999,-0.037,0.215,0.0,27.35,21.69,21.6,21.58,21.46,21.02,21.63,21.41,21.71,21.53,0.004,0.005,0.005,0.005,0.006,0.005,0.0069999999999999,687.0,700.0,692.0,685.0,700.0,682.0,605.0,0.0,0.0,0.0,0.0,0.0,0.0,0.0,0.0,9.85,0.0,60.15,0.0,0.0,0.0,0.0,0.0,0.0,0.0,0.0,0.0,0.0,21.81,21.54,0.0,21.28,310.8,8.16,2.0,3.53,-1.0,3.12,4.4,4902
2014-09-07 01:12:00,0.0,0.0,0.0,814829.0,74.7,59.9,60.0,0.0,23516.0,341.0,74629.0,809302.0,0.0,1.0,0.0,0.0,0.0,273.4,273.1,273.7,0.979,273.0,0.748,273.0,0.921,274.0,0.0139999999999999,13.65,2.0,3.0,0.0,22.5,0.0,10.65,21.82,0.0,-0.0069999999999999,-0.001,0.3049999999999999,-0.0379999999999999,0.215,0.0,27.35,21.61,21.6,21.54,21.43,21.02,21.57,21.38,21.71,21.55,0.004,0.005,0.005,0.005,0.006,0.005,0.0069999999999999,687.0,700.0,692.0,685.0,700.0,682.0,605.0,0.0,0.0,0.0,0.0,0.0,0.0,0.0,0.0,9.86,0.0,60.23,0.0,0.0,0.0,0.0,0.0,0.0,0.0,0.0,0.0,0.0,21.8,21.53,0.0,21.26,306.7,8.55,2.0,3.53,-1.0,2.947,4.0,4902
2014-09-07 01:13:00,0.0,0.0,0.0,814829.0,74.7,59.9,60.0,0.0,23516.0,341.0,74629.0,809302.0,0.0,1.0,0.0,0.0,0.0,273.1,273.3,273.9,0.979,273.0,0.748,273.0,0.921,274.0,0.0139999999999999,13.65,2.0,3.0,0.0,22.5,0.0,10.79,21.82,0.0,-0.0069999999999999,-0.001,0.3049999999999999,-0.0379999999999999,0.215,0.0,27.35,21.59,21.6,21.51,21.41,21.02,21.54,21.4,21.64,21.53,0.004,0.005,0.005,0.005,0.006,0.005,0.0069999999999999,687.0,700.0,692.0,685.0,700.0,682.0,605.0,0.0,0.0,0.0,0.0,0.0,0.0,0.0,0.0,10.1,0.0,60.22,0.0,0.0,0.0,0.0,0.0,0.0,0.0,0.0,0.0,0.0,21.78,21.49,0.0,21.23,309.6,10.87,2.0,3.53,-1.0,3.112,4.4,4902
2014-09-07 01:14:00,0.0,0.0,0.0,814829.0,74.7,59.9,60.0,0.0,23516.0,341.0,74629.0,809302.0,0.0,1.0,0.0,0.0,0.0,273.1,273.1,273.8,0.979,273.0,0.748,273.0,0.921,274.0,0.0139999999999999,13.65,2.0,3.0,0.0,22.5,0.0,10.9,21.83,0.0,-0.0069999999999999,-0.002,0.3049999999999999,-0.0379999999999999,0.215,0.0,27.35,21.54,21.58,21.51,21.41,21.02,21.54,21.41,21.61,21.53,0.004,0.005,0.005,0.005,0.006,0.005,0.0069999999999999,687.0,700.0,692.0,685.0,700.0,682.0,605.0,0.0,0.0,0.0,0.0,0.0,0.0,0.0,0.0,10.12,0.0,60.19,0.0,0.0,0.0,0.0,0.0,0.0,0.0,0.0,0.0,0.0,21.74,21.43,0.0,21.19,286.2,11.74,2.0,3.53,-1.0,2.54,3.4,4902
2014-09-07 01:15:00,0.0,0.0,0.0,814829.0,74.7,59.9,60.0,0.0,23516.0,341.0,74629.0,809302.0,0.0,1.0,0.0,0.0,0.0,273.1,273.2,273.8,0.979,273.0,0.748,273.0,0.921,274.0,0.0139999999999999,13.65,2.0,3.0,0.0,22.5,0.0,10.67,21.86,0.0,-0.0069999999999999,-0.004,0.3049999999999999,-0.037,0.215,0.0,27.35,21.5,21.5,21.48,21.41,20.96,21.52,21.33,21.59,21.44,0.004,0.005,0.004,0.005,0.006,0.005,0.0069999999999999,687.0,700.0,692.0,685.0,700.0,682.0,605.0,0.0,0.0,0.0,0.0,0.0,0.0,0.0,0.0,9.920000000000002,0.0,60.14,0.0,0.0,0.0,0.0,0.0,0.0,0.0,0.0,0.0,0.0,21.67,21.37,0.0,21.14,300.6,8.73,2.0,3.53,-1.0,3.562,5.2,4902
2014-09-07 01:16:00,0.0,0.0,0.0,814829.0,74.7,59.9,60.0,0.0,23516.0,341.0,74629.0,809302.0,0.0,1.0,0.0,0.0,0.0,273.1,273.3,273.9,0.979,273.0,0.748,273.0,0.921,274.0,0.0139999999999999,13.65,2.0,3.0,0.0,22.5,0.0,10.66,21.81,0.0,-0.0069999999999999,-0.004,0.3049999999999999,-0.0379999999999999,0.215,0.0,27.35,21.5,21.5,21.43,21.33,20.93,21.44,21.28,21.51,21.45,0.004,0.005,0.005,0.004,0.006,0.005,0.0069999999999999,687.0,700.0,692.0,685.0,700.0,682.0,605.0,0.0,0.0,0.0,0.0,0.0,0.0,0.0,0.0,9.94,0.0,60.15,0.0,0.0,0.0,0.0,0.0,0.0,0.0,0.0,0.0,0.0,21.61,21.34,0.0,21.11,299.7,7.798999999999999,2.0,3.531,-1.0,3.502,4.7,4902
2014-09-07 01:17:00,0.0,0.0,0.0,814829.0,74.7,59.9,60.0,0.0,23516.0,341.0,74629.0,809302.0,0.0,1.0,0.0,0.0,0.0,273.5,273.2,273.9,0.979,273.0,0.748,273.0,0.921,274.0,0.0139999999999999,13.65,2.0,3.0,0.0,22.5,0.0,10.74,21.83,0.0,-0.0069999999999999,-0.003,0.3049999999999999,-0.0379999999999999,0.215,0.0,27.3,21.43,21.45,21.41,21.32,20.93,21.44,21.3,21.51,21.4,0.004,0.005,0.004,0.005,0.006,0.005,0.0069999999999999,687.0,700.0,692.0,685.0,700.0,682.0,605.0,0.0,0.0,0.0,0.0,0.0,0.0,0.0,0.0,10.12,0.0,60.23,0.0,0.0,0.0,0.0,0.0,0.0,0.0,0.0,0.0,0.0,21.57,21.29,0.0,21.07,290.0,15.48,2.0,3.53,-1.0,3.238,3.9,4902
2014-09-07 01:18:00,0.0,0.0,0.0,814829.0,74.7,59.9,60.0,0.0,23516.0,341.0,74629.0,809302.0,0.0,1.0,0.0,0.0,0.0,273.3,273.4,273.9,0.979,273.0,0.748,273.0,0.921,274.0,0.0139999999999999,13.65,2.0,3.0,0.0,22.5,0.0,11.11,21.81,0.0,-0.0069999999999999,-0.003,0.3049999999999999,-0.037,0.215,0.0,27.26,21.4,21.41,21.41,21.32,20.93,21.44,21.3,21.48,21.33,0.005,0.005,0.004,0.004,0.006,0.005,0.0069999999999999,687.0,700.0,692.0,685.0,700.0,682.0,605.0,0.0,0.0,0.0,0.0,0.0,0.0,0.0,0.0,10.26,0.0,60.14,0.0,0.0,0.0,0.0,0.0,0.0,0.0,0.0,0.0,0.0,21.55,21.28,0.0,21.05,293.3,13.38,2.0,3.53,-1.0,2.653,4.1,4902
2014-09-07 01:19:00,0.0,0.0,0.0,814829.0,74.7,59.9,60.0,0.0,23516.0,341.0,74629.0,809302.0,0.0,1.0,0.0,0.0,0.0,273.6,273.3,273.9,0.979,273.0,0.748,273.0,0.921,274.0,0.0139999999999999,13.65,2.0,3.0,0.0,22.49,0.0,11.25,21.81,0.0,-0.0069999999999999,-0.004,0.3049999999999999,-0.036,0.215,0.0,27.26,21.4,21.41,21.32,21.28,20.88,21.37,21.2,21.4,21.33,0.004,0.005,0.005,0.005,0.006,0.005,0.0069999999999999,687.0,700.0,692.0,685.0,700.0,682.0,605.0,0.0,0.0,0.0,0.0,0.0,0.0,0.0,0.0,10.39,0.0,60.16,0.0,0.0,0.0,0.0,0.0,0.0,0.0,0.0,0.0,0.0,21.53,21.27,0.0,21.01,304.0,15.02,2.0,3.53,-1.0,2.985,4.7,4902
2014-09-07 01:20:00,0.0,0.0,0.0,814829.0,74.7,59.9,60.0,0.0,23516.0,341.0,74629.0,809302.0,0.0,1.0,0.0,0.0,0.0,273.4,273.6,274.1,0.979,273.0,0.748,273.0,0.921,274.0,0.0139999999999999,13.65,2.0,3.0,0.0,22.47,0.0,11.25,21.8,0.0,-0.0069999999999999,-0.003,0.3049999999999999,-0.0379999999999999,0.215,0.0,27.24,21.38,21.39,21.32,21.22,20.83,21.34,21.22,21.41,21.33,0.004,0.005,0.005,0.004,0.006,0.005,0.0069999999999999,687.0,700.0,692.0,685.0,700.0,682.0,605.0,0.0,0.0,0.0,0.0,0.0,0.0,0.0,0.0,10.39,0.0,60.16,0.0,0.0,0.0,0.0,0.0,0.0,0.0,0.0,0.0,0.0,21.5,21.22,0.0,21.0,303.3,13.97,2.0,3.526,-1.0,2.7230000000000003,4.3,4902
2014-09-07 01:21:00,0.0,0.0,0.0,814829.0,74.7,59.9,60.0,0.0,23516.0,341.0,74629.0,809302.0,0.0,1.0,0.0,0.0,0.0,273.5,273.6,274.2,0.979,273.1,0.748,273.0,0.921,274.0,0.0139999999999999,13.65,2.0,3.0,0.0,22.47,0.0,11.25,21.84,0.0,-0.0069999999999999,-0.004,0.3049999999999999,-0.0379999999999999,0.215,0.0,27.21,21.3,21.31,21.32,21.22,20.83,21.32,21.2,21.41,21.28,0.004,0.005,0.004,0.004,0.006,0.005,0.0069999999999999,687.0,700.0,692.0,685.0,700.0,682.0,605.0,0.0,0.0,0.0,0.0,0.0,0.0,0.0,0.0,10.39,0.0,60.14,0.0,0.0,0.0,0.0,0.0,0.0,0.0,0.0,0.0,0.0,21.48,21.2,0.0,20.96,281.2,14.45,2.0,3.53,-1.0,1.702,3.5,4902
2014-09-07 01:22:00,0.0,0.0,0.0,814829.0,74.7,59.9,60.0,0.0,23516.0,341.0,74629.0,809302.0,0.0,1.0,0.0,0.0,0.0,273.5,273.5,274.0,0.979,273.0,0.748,273.0,0.921,274.0,0.0139999999999999,13.65,2.0,3.0,0.0,22.47,0.0,11.25,21.8,0.0,-0.0069999999999999,-0.004,0.3049999999999999,-0.0379999999999999,0.215,0.0,27.16,21.3,21.31,21.32,21.2,20.83,21.24,21.16,21.35,21.23,0.004,0.005,0.005,0.004,0.006,0.005,0.0069999999999999,687.0,700.0,692.0,685.0,700.0,682.0,605.0,0.0,0.0,0.0,0.0,0.0,0.0,0.0,0.0,10.44,0.0,60.14,0.0,0.0,0.0,0.0,0.0,0.0,0.0,0.0,0.0,0.0,21.48,21.21,0.0,20.94,302.3,13.21,2.0,3.53,-1.0,2.563,4.5,4902
2014-09-07 01:23:00,0.0,0.0,0.0,814829.0,74.7,59.9,60.0,0.0,23516.0,341.0,74629.0,809302.0,0.0,1.0,0.0,0.0,0.0,273.7,273.6,274.2,0.979,273.7,0.748,273.1,0.921,274.0,0.0139999999999999,13.65,2.0,3.0,0.0,22.45,0.0,11.26,21.84,0.0,-0.0069999999999999,-0.005,0.3049999999999999,-0.0379999999999999,0.215,0.0,27.16,21.29,21.31,21.3,21.19,20.78,21.24,21.12,21.32,21.23,0.004,0.005,0.004,0.004,0.006,0.005,0.0069999999999999,687.0,700.0,692.0,685.0,700.0,682.0,605.0,0.0,0.0,0.0,0.0,0.0,0.0,0.0,0.0,10.62,0.0,60.13,0.0,0.0,0.0,0.0,0.0,0.0,0.0,0.0,0.0,0.0,21.45,21.17,0.0,20.91,309.1,11.11,2.0,3.53,-1.0,3.067,3.9,4902
2014-09-07 01:24:00,0.0,0.0,0.0,814829.0,74.7,59.9,60.0,0.0,23516.0,341.0,74629.0,809302.0,0.0,1.0,0.0,0.0,0.0,273.6,273.7,274.2,0.979,273.5,0.748,273.0,0.921,274.0,0.0139999999999999,13.65,2.0,3.0,0.0,22.45,0.0,11.25,21.83,0.0,-0.0069999999999999,-0.004,0.3049999999999999,-0.0379999999999999,0.215,0.0,27.16,21.22,21.28,21.22,21.12,20.73,21.24,21.12,21.32,21.2,0.004,0.005,0.004,0.005,0.006,0.005,0.0069999999999999,687.0,700.0,692.0,685.0,700.0,682.0,605.0,0.0,0.0,0.0,0.0,0.0,0.0,0.0,0.0,10.41,0.0,60.13,0.0,0.0,0.0,0.0,0.0,0.0,0.0,0.0,0.0,0.0,21.43,21.15,0.0,20.89,303.1,12.75,2.0,3.53,-1.0,3.177,4.3,4902
2014-09-07 01:25:00,0.0,0.0,0.0,814829.0,74.7,59.9,60.0,0.0,23516.0,341.0,74629.0,809302.0,0.0,1.0,0.0,0.0,0.0,274.0,273.6,274.2,0.979,273.9,0.748,273.4,0.921,274.0,0.0139999999999999,13.65,2.0,3.0,0.0,22.45,0.0,11.08,21.8,0.0,-0.0069999999999999,-0.003,0.3049999999999999,-0.0379999999999999,0.215,0.0,27.16,21.2,21.21,21.22,21.12,20.73,21.24,21.12,21.32,21.14,0.004,0.005,0.004,0.004,0.006,0.005,0.0069999999999999,687.0,700.0,692.0,685.0,700.0,682.0,605.0,0.0,0.0,0.0,0.0,0.0,0.0,0.0,0.0,10.16,0.0,60.15,0.0,0.0,0.0,0.0,0.0,0.0,0.0,0.0,0.0,0.0,21.39,21.12,0.0,20.86,297.9,14.51,2.0,3.53,-1.0,2.665,4.0,4902
2014-09-07 01:26:00,0.0,0.0,0.0,814829.0,74.7,59.9,60.0,0.0,23516.0,341.0,74629.0,809302.0,0.0,1.0,0.0,0.0,0.0,273.6,273.8,274.4,0.979,273.9,0.748,273.5,0.921,274.0,0.0139999999999999,13.65,2.0,3.0,0.0,22.45,0.0,11.02,21.83,0.0,-0.0069999999999999,-0.003,0.3049999999999999,-0.0379999999999999,0.215,0.0,27.11,21.2,21.21,21.2,21.12,20.7,21.19,21.09,21.3,21.17,0.004,0.005,0.004,0.004,0.006,0.005,0.0069999999999999,687.0,700.0,692.0,685.0,700.0,682.0,605.0,0.0,0.0,0.0,0.0,0.0,0.0,0.0,0.0,10.12,0.0,60.17,0.0,0.0,0.0,0.0,0.0,0.0,0.0,0.0,0.0,0.0,21.36,21.11,0.0,20.85,303.2,11.88,2.0,3.53,-1.0,3.277,4.6,4902
2014-09-07 01:27:00,0.0,0.0,0.0,814829.0,74.7,59.9,60.0,0.0,23516.0,341.0,74629.0,809302.0,0.0,1.0,0.0,0.0,0.0,273.8,273.8,274.4,0.979,274.0,0.748,273.9,0.921,274.0,0.0139999999999999,13.65,2.0,3.0,0.0,22.43,0.0,11.24,21.81,0.0,-0.0069999999999999,-0.002,0.3049999999999999,-0.0379999999999999,0.215,0.0,27.06,21.17,21.21,21.17,21.11,20.72,21.15,21.02,21.24,21.14,0.004,0.005,0.004,0.004,0.006,0.005,0.0069999999999999,687.0,700.0,692.0,685.0,700.0,682.0,605.0,0.0,0.0,0.0,0.0,0.0,0.0,0.0,0.0,10.38,0.0,60.23,0.0,0.0,0.0,0.0,0.0,0.0,0.0,0.0,0.0,0.0,21.33,21.06,0.0,20.81,318.3,21.63,2.0,3.53,-1.0,2.533,3.6,4902
2014-09-07 01:28:00,0.0,0.0,0.0,814829.0,74.7,59.9,60.0,0.0,23516.0,341.0,74629.0,809302.0,0.0,1.0,0.0,0.0,0.0,273.8,273.9,274.5,0.979,274.0,0.748,273.7,0.921,274.0,0.0139999999999999,13.65,2.0,3.0,0.0,22.42,0.0,11.25,21.82,0.0,-0.0069999999999999,-0.002,0.3049999999999999,-0.0379999999999999,0.215,0.0,27.06,21.1,21.21,21.12,21.07,20.63,21.15,21.02,21.22,21.16,0.004,0.005,0.004,0.004,0.006,0.005,0.0069999999999999,687.0,700.0,692.0,685.0,700.0,682.0,605.0,0.0,0.0,0.0,0.0,0.0,0.0,0.0,0.0,10.44,0.0,60.23,0.0,0.0,0.0,0.0,0.0,0.0,0.0,0.0,0.0,0.0,21.32,21.06,0.0,20.8,316.1,18.6,2.0,3.53,-1.0,2.197,3.7,4902
2014-09-07 01:29:00,0.0,0.0,0.0,814829.0,74.7,59.9,60.0,0.0,23516.0,341.0,74629.0,809302.0,0.0,1.0,0.0,0.0,0.0,273.9,273.9,274.5,0.979,274.0,0.748,274.0,0.921,274.1,0.0139999999999999,13.65,2.0,3.0,0.0,22.42,0.0,11.25,21.81,0.0,-0.0069999999999999,-0.002,0.3049999999999999,-0.0379999999999999,0.215,0.0,27.0,21.1,21.15,21.12,21.02,20.63,21.15,21.02,21.22,21.09,0.004,0.005,0.004,0.005,0.006,0.005,0.0069999999999999,687.0,700.0,692.0,685.0,700.0,682.0,605.0,0.0,0.0,0.0,0.0,0.0,0.0,0.0,0.0,10.39,0.0,60.23,0.0,0.0,0.0,0.0,0.0,0.0,0.0,0.0,0.0,0.0,21.3,21.03,0.0,20.78,306.4,14.75,2.0,3.531,-1.0,2.57,4.7,4902
2014-09-07 01:30:00,0.0,0.0,0.0,814829.0,74.7,59.9,60.0,0.0,23516.0,341.0,74629.0,809302.0,0.0,1.0,0.0,0.0,0.0,274.2,273.8,274.4,0.979,274.0,0.748,274.0,0.921,274.2,0.0139999999999999,13.65,2.0,3.0,0.0,22.4,0.0,10.91,21.87,0.0,-0.0069999999999999,-0.002,0.3049999999999999,-0.0379999999999999,0.215,0.0,26.96,21.1,21.11,21.12,21.02,20.63,21.15,20.94,21.22,21.04,0.004,0.005,0.005,0.005,0.006,0.005,0.0069999999999999,687.0,700.0,692.0,685.0,700.0,682.0,605.0,0.0,0.0,0.0,0.0,0.0,0.0,0.0,0.0,10.13,0.0,60.17,0.0,0.0,0.0,0.0,0.0,0.0,0.0,0.0,0.0,0.0,21.28,21.0,0.0,20.77,311.7,13.85,2.0,3.53,-1.0,1.81,3.0,4902
2014-09-07 01:31:00,0.0,0.0,0.0,814829.0,74.7,59.9,60.0,0.0,23516.0,341.0,74629.0,809302.0,0.0,1.0,0.0,0.0,0.0,273.4,273.5,274.1,0.979,273.1,0.748,273.1,0.921,274.0,0.0139999999999999,13.65,2.0,3.0,0.0,22.39,0.0,10.68,21.81,0.0,-0.0069999999999999,-0.001,0.3049999999999999,-0.0379999999999999,0.215,0.0,26.96,21.1,21.11,21.12,20.99,20.54,21.05,20.93,21.2,21.04,0.004,0.005,0.004,0.005,0.006,0.005,0.0069999999999999,687.0,700.0,692.0,685.0,700.0,682.0,605.0,0.0,0.0,0.0,0.0,0.0,0.0,0.0,0.0,9.920000000000002,0.0,60.19,0.0,0.0,0.0,0.0,0.0,0.0,0.0,0.0,0.0,0.0,21.27,21.0,0.0,20.74,299.5,13.62,2.0,3.53,-1.0,2.313,3.5,4902
2014-09-07 01:32:00,0.0,0.0,0.0,814829.0,74.7,59.9,60.0,0.0,23516.0,341.0,74629.0,809302.0,0.0,1.0,0.0,0.0,0.0,273.5,273.4,274.0,0.979,273.0,0.748,273.0,0.921,274.0,0.0139999999999999,13.65,2.0,3.0,0.0,22.39,0.0,10.65,21.8,0.0,-0.0069999999999999,-0.001,0.3049999999999999,-0.0379999999999999,0.215,0.0,26.96,21.1,21.11,21.06,20.93,20.54,21.05,20.93,21.12,21.07,0.004,0.005,0.005,0.004,0.006,0.005,0.0069999999999999,687.0,700.0,692.0,685.0,700.0,682.0,605.0,0.0,0.0,0.0,0.0,0.0,0.0,0.0,0.0,9.86,0.0,60.15,0.0,0.0,0.0,0.0,0.0,0.0,0.0,0.0,0.0,0.0,21.27,21.01,0.0,20.73,309.4,8.65,2.0,3.531,-1.0,2.385,3.3,4902
2014-09-07 01:33:00,0.0,0.0,0.0,814829.0,74.7,59.9,60.0,0.0,23516.0,341.0,74629.0,809302.0,0.0,1.0,0.0,0.0,0.0,273.6,273.4,274.0,0.979,273.0,0.748,273.0,0.921,274.0,0.0139999999999999,13.65,2.0,3.0,0.0,22.37,0.0,10.68,21.85,0.0,-0.0069999999999999,-0.002,0.3049999999999999,-0.0379999999999999,0.215,0.0,26.95,21.1,21.11,21.02,20.93,20.54,21.05,20.93,21.12,21.04,0.004,0.005,0.004,0.004,0.006,0.005,0.0069999999999999,687.0,700.0,692.0,685.0,700.0,682.0,605.0,0.0,0.0,0.0,0.0,0.0,0.0,0.0,0.0,9.96,0.0,60.14,0.0,0.0,0.0,0.0,0.0,0.0,0.0,0.0,0.0,0.0,21.26,21.0,0.0,20.72,306.5,15.16,2.0,3.53,-1.0,1.977,3.2,4902
2014-09-07 01:34:00,0.0,0.0,0.0,814829.0,74.7,59.9,60.0,0.0,23516.0,341.0,74629.0,809302.0,0.0,1.0,0.0,0.0,0.0,273.5,273.5,274.1,0.979,273.0,0.748,273.0,0.921,274.0,0.0139999999999999,13.65,2.0,3.0,0.0,22.36,0.0,10.65,21.83,0.0,-0.0069999999999999,-0.001,0.3049999999999999,-0.0379999999999999,0.215,0.0,26.87,21.1,21.05,21.02,20.93,20.54,21.05,20.93,21.12,21.01,0.004,0.005,0.004,0.004,0.006,0.005,0.0069999999999999,687.0,700.0,692.0,685.0,700.0,682.0,605.0,0.0,0.0,0.0,0.0,0.0,0.0,0.0,0.0,9.85,0.0,60.14,0.0,0.0,0.0,0.0,0.0,0.0,0.0,0.0,0.0,0.0,21.25,20.99,0.0,20.71,311.1,23.18,2.0,3.53,-1.0,2.727,4.2,4902
2014-09-07 01:35:00,0.0,0.0,0.0,814829.0,74.7,59.9,60.0,0.0,23516.0,341.0,74629.0,809302.0,0.0,1.0,0.0,0.0,0.0,273.6,273.6,274.2,0.979,273.5,0.748,273.0,0.921,274.0,0.0139999999999999,13.65,2.0,3.0,0.0,22.35,0.0,10.6,21.81,0.0,-0.0069999999999999,0.0,0.3049999999999999,-0.0379999999999999,0.215,0.0,26.87,21.04,21.02,21.02,20.93,20.54,21.03,20.93,21.12,20.94,0.004,0.005,0.004,0.004,0.006,0.005,0.0069999999999999,687.0,700.0,692.0,685.0,700.0,682.0,605.0,0.0,0.0,0.0,0.0,0.0,0.0,0.0,0.0,9.77,0.0,60.15,0.0,0.0,0.0,0.0,0.0,0.0,0.0,0.0,0.0,0.0,21.24,20.98,0.0,20.7,306.2,11.27,2.0,3.528,-1.0,2.187,3.4,4902
2014-09-07 01:36:00,0.0,0.0,0.0,814829.0,74.7,59.9,60.0,0.0,23516.0,341.0,74629.0,809302.0,0.0,1.0,0.0,0.0,0.0,273.7,273.6,274.2,0.979,273.6,0.748,273.0,0.921,274.0,0.0139999999999999,13.65,2.0,3.0,0.0,22.33,0.0,10.58,21.82,0.0,-0.0069999999999999,-0.001,0.3049999999999999,-0.0379999999999999,0.215,0.0,26.87,21.01,21.02,21.01,20.93,20.54,21.01,20.86,21.1,20.96,0.004,0.005,0.005,0.004,0.006,0.005,0.0069999999999999,687.0,700.0,692.0,685.0,700.0,682.0,605.0,0.0,0.0,0.0,0.0,0.0,0.0,0.0,0.0,9.58,0.0,60.14,0.0,0.0,0.0,0.0,0.0,0.0,0.0,0.0,0.0,0.0,21.22,20.95,0.0,20.67,300.7,12.66,2.0,3.528,-1.0,2.745,3.9,4902
2014-09-07 01:37:00,0.0,0.0,0.0,814829.0,74.7,59.9,60.0,0.0,23516.0,341.0,74629.0,809302.0,0.0,1.0,0.0,0.0,0.0,273.7,273.8,274.3,0.979,273.9,0.748,273.3,0.921,274.0,0.0139999999999999,13.65,2.0,3.0,0.0,22.33,0.0,10.63,21.8,0.0,-0.0069999999999999,-0.001,0.3049999999999999,-0.036,0.215,0.0,26.82,21.01,21.02,20.93,20.89,20.48,20.96,20.83,21.1,20.94,0.004,0.005,0.004,0.004,0.006,0.005,0.0069999999999999,687.0,700.0,692.0,685.0,700.0,682.0,605.0,0.0,0.0,0.0,0.0,0.0,0.0,0.0,0.0,9.69,0.0,60.14,0.0,0.0,0.0,0.0,0.0,0.0,0.0,0.0,0.0,0.0,21.17,20.9,0.0,20.64,286.9,10.27,2.0,3.531,-1.0,2.987,4.7,4902
2014-09-07 01:38:00,0.0,0.0,0.0,814829.0,74.7,59.9,60.0,0.0,23516.0,341.0,74629.0,809302.0,0.0,1.0,0.0,0.0,0.0,274.2,273.8,274.3,0.979,274.0,0.748,273.9,0.921,274.0,0.0139999999999999,13.65,2.0,3.0,0.0,22.33,0.0,10.64,21.8,0.0,-0.0069999999999999,0.0,0.3049999999999999,-0.0379999999999999,0.215,0.0,26.77,20.96,20.97,20.93,20.83,20.44,20.95,20.83,21.02,20.92,0.004,0.005,0.004,0.004,0.006,0.005,0.0069999999999999,687.0,700.0,692.0,685.0,700.0,682.0,605.0,0.0,0.0,0.0,0.0,0.0,0.0,0.0,0.0,9.85,0.0,60.19,0.0,0.0,0.0,0.0,0.0,0.0,0.0,0.0,0.0,0.0,21.14,20.88,0.0,20.62,300.4,9.08,2.0,3.53,-1.0,3.523,5.4,4902
2014-09-07 01:39:00,0.0,0.0,0.0,814829.0,74.7,59.9,60.0,0.0,23516.0,341.0,74629.0,809302.0,0.0,1.0,0.0,0.0,0.0,274.2,273.8,274.3,0.979,274.0,0.748,274.0,0.921,274.0,0.0139999999999999,13.65,2.0,3.0,0.0,22.31,0.0,10.63,21.86,0.0,-0.0069999999999999,0.0,0.3049999999999999,-0.037,0.215,0.0,26.77,20.92,20.97,20.93,20.83,20.44,20.95,20.83,21.02,20.89,0.004,0.005,0.004,0.004,0.006,0.005,0.0069999999999999,687.0,700.0,692.0,685.0,700.0,682.0,605.0,0.0,0.0,0.0,0.0,0.0,0.0,0.0,0.0,9.81,0.0,60.14,0.0,0.0,0.0,0.0,0.0,0.0,0.0,0.0,0.0,0.0,21.11,20.84,0.0,20.6,303.8,13.38,2.0,3.53,-1.0,2.835,4.2,4902
2014-09-07 01:40:00,0.0,0.0,0.0,814829.0,74.7,59.9,60.0,0.0,23516.0,341.0,74629.0,809302.0,0.0,1.0,0.0,0.0,0.0,274.0,274.0,274.5,0.979,274.0,0.748,274.0,0.921,274.1,0.0139999999999999,13.65,2.0,3.0,0.0,22.3,0.0,10.11,21.79,0.0,-0.0069999999999999,0.0,0.3049999999999999,-0.0379999999999999,0.215,0.0,26.79,20.91,20.94,20.93,20.83,20.44,20.88,20.81,21.02,20.84,0.004,0.005,0.004,0.004,0.006,0.005,0.0069999999999999,687.0,700.0,692.0,685.0,700.0,682.0,605.0,0.0,0.0,0.0,0.0,0.0,0.0,0.0,0.0,9.32,0.0,60.15,0.0,0.0,0.0,0.0,0.0,0.0,0.0,0.0,0.0,0.0,21.1,20.83,0.0,20.58,314.7,11.37,2.0,3.528,-1.0,2.792,3.8,4902
2014-09-07 01:41:00,0.0,0.0,0.0,814829.0,74.7,59.9,60.0,0.0,23516.0,341.0,74629.0,809302.0,0.0,1.0,0.0,0.0,0.0,274.1,274.2,274.7,0.979,274.0,0.748,274.0,0.921,274.8,0.0139999999999999,13.65,2.0,3.0,0.0,22.28,0.0,10.04,21.8,0.0,-0.0069999999999999,0.0,0.3049999999999999,-0.0379999999999999,0.215,0.0,26.74,20.91,20.92,20.93,20.83,20.4,20.85,20.73,20.99,20.86,0.004,0.005,0.004,0.004,0.006,0.005,0.0069999999999999,687.0,700.0,692.0,685.0,700.0,682.0,605.0,0.0,0.0,0.0,0.0,0.0,0.0,0.0,0.0,9.04,0.0,60.14,0.0,0.0,0.0,0.0,0.0,0.0,0.0,0.0,0.0,0.0,21.12,20.84,0.0,20.55,309.4,11.24,2.0,3.53,-1.0,1.898,3.1,4902
2014-09-07 01:42:00,0.0,0.0,0.0,814829.0,74.7,59.9,60.0,0.0,23516.0,341.0,74629.0,809302.0,0.0,1.0,0.0,0.0,0.0,274.1,273.9,274.5,0.979,274.0,0.748,274.0,0.921,274.3,0.0139999999999999,13.65,2.0,3.0,0.0,22.28,0.0,10.38,21.87,0.0,-0.0069999999999999,0.0,0.3049999999999999,-0.0379999999999999,0.215,0.0,26.71,20.91,20.92,20.84,20.8,20.34,20.85,20.73,20.93,20.84,0.004,0.005,0.004,0.004,0.006,0.005,0.0069999999999999,687.0,700.0,692.0,685.0,700.0,682.0,605.0,0.0,0.0,0.0,0.0,0.0,0.0,0.0,0.0,9.32,0.0,60.16,0.0,0.0,0.0,0.0,0.0,0.0,0.0,0.0,0.0,0.0,21.1,20.82,0.0,20.53,300.8,14.23,2.0,3.531,-1.0,1.768,2.5,4902
2014-09-07 01:43:00,0.0,0.0,0.0,814829.0,74.7,59.9,60.0,0.0,23516.0,341.0,74629.0,809302.0,0.0,1.0,0.0,0.0,0.0,273.8,273.5,274.1,0.979,273.3,0.748,273.3,0.921,274.0,0.0139999999999999,13.65,2.0,3.0,0.0,22.26,0.0,10.67,21.81,0.0,-0.0069999999999999,0.0,0.3049999999999999,-0.037,0.215,0.0,26.69,20.88,20.87,20.83,20.73,20.34,20.85,20.73,20.93,20.79,0.004,0.005,0.004,0.004,0.006,0.005,0.0069999999999999,687.0,700.0,692.0,685.0,700.0,682.0,605.0,0.0,0.0,0.0,0.0,0.0,0.0,0.0,0.0,9.670000000000002,0.0,60.14,0.0,0.0,0.0,0.0,0.0,0.0,0.0,0.0,0.0,0.0,21.07,20.8,0.0,20.52,296.5,10.79,2.0,3.531,-1.0,2.967,3.9,4902
2014-09-07 01:44:00,0.0,0.0,0.0,814829.0,74.7,59.9,60.0,0.0,23516.0,341.0,74629.0,809302.0,0.0,1.0,0.0,0.0,0.0,273.3,273.4,274.0,0.979,273.0,0.748,273.0,0.921,274.0,0.0139999999999999,13.65,2.0,3.0,0.0,22.25,0.0,11.02,21.82,0.0,-0.0069999999999999,-0.001,0.3049999999999999,-0.037,0.215,0.0,26.67,20.83,20.82,20.83,20.73,20.34,20.85,20.73,20.93,20.78,0.004,0.004,0.005,0.004,0.006,0.005,0.0069999999999999,687.0,700.0,692.0,685.0,700.0,682.0,605.0,0.0,0.0,0.0,0.0,0.0,0.0,0.0,0.0,9.95,0.0,60.23,0.0,0.0,0.0,0.0,0.0,0.0,0.0,0.0,0.0,0.0,21.03,20.76,0.0,20.49,291.5,13.56,2.0,3.531,-1.0,2.712,3.7,4902
2014-09-07 01:45:00,0.0,0.0,0.0,814829.0,74.7,59.9,60.0,0.0,23516.0,341.0,74629.0,809302.0,0.0,1.0,0.0,0.0,0.0,273.4,273.4,274.0,0.979,273.0,0.748,273.0,0.921,274.0,0.0139999999999999,13.65,2.0,3.0,0.0,22.23,0.0,11.04,21.84,0.0,-0.0069999999999999,-0.001,0.3049999999999999,-0.0379999999999999,0.215,0.0,26.57,20.81,20.82,20.83,20.73,20.34,20.85,20.7,20.93,20.77,0.004,0.005,0.004,0.004,0.006,0.005,0.0069999999999999,687.0,700.0,692.0,685.0,700.0,682.0,605.0,0.0,0.0,0.0,0.0,0.0,0.0,0.0,0.0,10.12,0.0,60.2,0.0,0.0,0.0,0.0,0.0,0.0,0.0,0.0,0.0,0.0,21.02,20.73,0.0,20.47,315.7,10.17,2.0,3.531,-1.0,1.803,2.4,4902
2014-09-07 01:46:00,0.0,0.0,0.0,814829.0,74.7,59.9,60.0,0.0,23516.0,341.0,74629.0,809302.0,0.0,1.0,0.0,0.0,0.0,273.7,273.5,274.1,0.979,273.4,0.748,273.0,0.921,274.0,0.0139999999999999,13.65,2.0,3.0,0.0,22.22,0.0,11.2,21.83,0.0,-0.0069999999999999,-0.001,0.3049999999999999,-0.0379999999999999,0.215,0.0,26.59,20.81,20.82,20.8,20.7,20.3,20.78,20.68,20.93,20.75,0.004,0.005,0.004,0.004,0.006,0.005,0.0069999999999999,687.0,700.0,692.0,685.0,700.0,682.0,605.0,0.0,0.0,0.0,0.0,0.0,0.0,0.0,0.0,10.06,0.0,60.2,0.0,0.0,0.0,0.0,0.0,0.0,0.0,0.0,0.0,0.0,21.0,20.73,0.0,20.45,298.2,12.53,2.0,3.53,-1.0,2.093,3.5,4902
2014-09-07 01:47:00,0.0,0.0,0.0,814829.0,74.7,59.9,60.0,0.0,23516.0,341.0,74629.0,809302.0,0.0,1.0,0.0,0.0,0.0,273.8,273.5,274.1,0.979,273.7,0.748,273.0,0.921,274.0,0.0139999999999999,13.65,2.0,3.0,0.0,22.22,0.0,10.75,21.81,0.0,-0.0069999999999999,0.0,0.3049999999999999,-0.0379999999999999,0.215,0.0,26.59,20.76,20.82,20.76,20.69,20.24,20.75,20.63,20.85,20.75,0.004,0.005,0.004,0.005,0.006,0.005,0.0069999999999999,687.0,700.0,692.0,685.0,700.0,682.0,605.0,0.0,0.0,0.0,0.0,0.0,0.0,0.0,0.0,9.79,0.0,60.14,0.0,0.0,0.0,0.0,0.0,0.0,0.0,0.0,0.0,0.0,21.0,20.73,0.0,20.45,304.6,6.792999999999999,2.0,3.53,-1.0,2.388,3.2,4902
2014-09-07 01:48:00,0.0,0.0,0.0,814829.0,74.7,59.9,60.0,0.0,23516.0,341.0,74629.0,809302.0,0.0,1.0,0.0,0.0,0.0,273.9,273.9,274.4,0.979,274.0,0.748,273.9,0.921,274.0,0.0139999999999999,13.65,2.0,3.0,0.0,22.2,0.0,10.65,21.82,0.0,-0.0069999999999999,-0.001,0.3049999999999999,-0.0379999999999999,0.215,0.0,26.55,20.71,20.82,20.73,20.67,20.24,20.75,20.63,20.83,20.73,0.004,0.005,0.004,0.004,0.006,0.005,0.0069999999999999,687.0,700.0,692.0,685.0,700.0,682.0,605.0,0.0,0.0,0.0,0.0,0.0,0.0,0.0,0.0,9.58,0.0,60.14,0.0,0.0,0.0,0.0,0.0,0.0,0.0,0.0,0.0,0.0,20.98,20.72,0.0,20.43,306.9,18.19,2.0,3.53,-1.0,3.282,4.9,4902
2014-09-07 01:49:00,0.0,0.0,0.0,814829.0,74.7,59.9,60.0,0.0,23516.0,341.0,74629.0,809302.0,0.0,1.0,0.0,0.0,0.0,273.9,274.0,274.5,0.979,274.0,0.748,274.0,0.921,274.0,0.0139999999999999,13.65,2.0,3.0,0.0,22.19,0.0,10.24,21.79,0.0,-0.0069999999999999,-0.001,0.3049999999999999,-0.0379999999999999,0.215,0.0,26.55,20.71,20.72,20.73,20.63,20.24,20.74,20.6,20.83,20.67,0.004,0.005,0.004,0.005,0.006,0.005,0.0069999999999999,687.0,700.0,692.0,685.0,700.0,682.0,605.0,0.0,0.0,0.0,0.0,0.0,0.0,0.0,0.0,9.33,0.0,60.14,0.0,0.0,0.0,0.0,0.0,0.0,0.0,0.0,0.0,0.0,20.9,20.65,0.0,20.41,302.3,9.61,2.0,3.531,-1.0,3.715,5.3,4902
2014-09-07 01:50:00,0.0,0.0,0.0,814829.0,74.7,59.9,60.0,0.0,23516.0,341.0,74629.0,809302.0,0.0,1.0,0.0,0.0,0.0,274.0,273.9,274.5,0.979,274.0,0.748,273.8,0.921,274.0,0.0139999999999999,13.65,2.0,3.0,0.0,22.17,0.0,9.97,21.79,0.0,-0.0069999999999999,0.0,0.3049999999999999,-0.0379999999999999,0.215,0.0,26.49,20.71,20.72,20.68,20.6,20.19,20.67,20.54,20.81,20.65,0.004,0.005,0.005,0.004,0.006,0.005,0.0069999999999999,687.0,700.0,692.0,685.0,700.0,682.0,605.0,0.0,0.0,0.0,0.0,0.0,0.0,0.0,0.0,8.97,0.0,60.14,0.0,0.0,0.0,0.0,0.0,0.0,0.0,0.0,0.0,0.0,20.85,20.59,0.0,20.37,309.5,14.87,2.0,3.531,-1.0,2.675,3.4,4902
2014-09-07 01:51:00,0.0,0.0,0.0,814829.0,74.7,59.9,60.0,0.0,23516.0,341.0,74629.0,809302.0,0.0,1.0,0.0,0.0,0.0,273.9,274.2,274.7,0.979,274.0,0.748,274.0,0.921,274.8,0.0139999999999999,13.65,2.0,3.0,0.0,22.17,0.0,9.49,21.79,0.0,-0.0069999999999999,-0.001,0.3049999999999999,-0.0379999999999999,0.215,0.0,26.49,20.66,20.7,20.67,20.54,20.14,20.66,20.54,20.75,20.65,0.004,0.005,0.005,0.005,0.006,0.005,0.0069999999999999,687.0,700.0,692.0,685.0,700.0,682.0,605.0,0.0,0.0,0.0,0.0,0.0,0.0,0.0,0.0,8.689999999999998,0.0,60.15,0.0,0.0,0.0,0.0,0.0,0.0,0.0,0.0,0.0,0.0,20.81,20.55,0.0,20.32,301.8,10.1,2.0,3.531,-1.0,3.132,4.7,4902
2014-09-07 01:52:00,0.0,0.0,0.0,814829.0,74.7,59.9,60.0,0.0,23516.0,341.0,74629.0,809302.0,0.0,1.0,0.0,0.0,0.0,274.4,273.8,274.4,0.979,274.0,0.748,274.0,0.921,274.5,0.0139999999999999,13.65,2.0,3.0,0.0,22.15,0.0,9.44,21.86,0.0,-0.0069999999999999,-0.002,0.3049999999999999,-0.0379999999999999,0.215,0.0,26.49,20.62,20.64,20.63,20.54,20.14,20.66,20.54,20.73,20.58,0.004,0.005,0.004,0.005,0.006,0.005,0.0069999999999999,687.0,700.0,692.0,685.0,700.0,682.0,605.0,0.0,0.0,0.0,0.0,0.0,0.0,0.0,0.0,8.5,0.0,60.16,0.0,0.0,0.0,0.0,0.0,0.0,0.0,0.0,0.0,0.0,20.78,20.52,0.0,20.3,297.6,10.25,2.0,3.531,-1.0,3.29,4.9,4902
2014-09-07 01:53:00,0.0,0.0,0.0,814829.0,74.7,59.9,60.0,0.0,23516.0,341.0,74629.0,809302.0,0.0,1.0,0.0,0.0,0.0,274.5,274.1,274.6,0.979,274.0,0.748,274.0,0.921,275.0,0.0139999999999999,13.65,2.0,3.0,0.0,22.14,0.0,9.420000000000002,21.88,0.0,-0.0069999999999999,-0.003,0.3049999999999999,-0.037,0.215,0.0,26.43,20.62,20.62,20.6,20.54,20.14,20.59,20.49,20.73,20.55,0.004,0.005,0.004,0.005,0.006,0.005,0.0069999999999999,687.0,700.0,692.0,685.0,700.0,682.0,605.0,0.0,0.0,0.0,0.0,0.0,0.0,0.0,0.0,8.5,0.0,60.15,0.0,0.0,0.0,0.0,0.0,0.0,0.0,0.0,0.0,0.0,20.74,20.49,0.0,20.27,305.4,9.7,2.0,3.531,-1.0,2.347,3.4,4902
2014-09-07 01:54:00,0.0,0.0,0.0,814829.0,74.7,59.9,60.0,0.0,23516.0,341.0,74629.0,809302.0,0.0,1.0,0.0,0.0,0.0,274.4,274.3,274.8,0.979,274.0,0.748,274.0,0.921,275.0,0.0139999999999999,13.65,2.0,3.0,0.0,22.11,0.0,9.43,21.82,0.0,-0.0069999999999999,-0.004,0.3049999999999999,-0.037,0.215,0.0,26.4,20.53,20.61,20.54,20.47,20.08,20.56,20.44,20.67,20.55,0.004,0.005,0.004,0.004,0.006,0.005,0.0069999999999999,687.0,700.0,692.0,685.0,700.0,682.0,605.0,0.0,0.0,0.0,0.0,0.0,0.0,0.0,0.0,8.5,0.0,60.22,0.0,0.0,0.0,0.0,0.0,0.0,0.0,0.0,0.0,0.0,20.72,20.48,0.0,20.23,305.6,12.05,2.0,3.531,-1.0,2.565,3.7,4902
2014-09-07 01:55:00,0.0,0.0,0.0,814829.0,74.7,59.9,60.0,0.0,23516.0,341.0,74629.0,809302.0,0.0,1.0,0.0,0.0,0.0,274.4,274.3,274.9,0.979,274.0,0.748,274.0,0.921,275.0,0.0139999999999999,13.65,2.0,3.0,0.0,22.11,0.0,9.49,21.84,0.0,-0.012,-0.004,0.3049999999999999,-0.0379999999999999,0.214,0.0,26.38,20.52,20.55,20.54,20.44,20.05,20.56,20.44,20.63,20.54,0.004,0.005,0.004,0.004,0.006,0.005,0.0069999999999999,687.0,700.0,692.0,685.0,700.0,682.0,605.0,0.0,0.0,0.0,0.0,0.0,0.0,0.0,0.0,8.5,0.0,60.22,0.0,0.0,0.0,0.0,0.0,0.0,0.0,0.0,0.0,0.0,20.71,20.46,0.0,20.21,306.9,10.4,2.0,3.531,-1.0,1.957,3.1,4902
2014-09-07 01:56:00,0.0,0.0,0.0,814829.0,74.7,59.9,60.0,0.0,23516.0,341.0,74629.0,809302.0,0.0,1.0,0.0,0.0,0.0,273.8,274.0,274.5,0.979,273.9,0.748,273.6,0.921,274.2,0.0139999999999999,13.65,2.0,3.0,0.0,22.09,0.0,9.54,21.8,0.0,-0.013,-0.004,0.3049999999999999,-0.0379999999999999,0.214,0.0,26.38,20.52,20.53,20.54,20.42,20.05,20.46,20.39,20.63,20.51,0.004,0.005,0.004,0.005,0.006,0.005,0.0069999999999999,687.0,700.0,692.0,685.0,700.0,682.0,605.0,0.0,0.0,0.0,0.0,0.0,0.0,0.0,0.0,8.46,0.0,60.19,0.0,0.0,0.0,0.0,0.0,0.0,0.0,0.0,0.0,0.0,20.69,20.43,0.0,20.18,310.0,17.38,2.0,3.531,-1.0,1.967,3.0,4902
2014-09-07 01:57:00,0.0,0.0,0.0,814829.0,74.7,59.9,60.0,0.0,23516.0,341.0,74629.0,809302.0,0.0,1.0,0.0,0.0,0.0,274.0,273.6,274.2,0.979,274.0,0.748,273.1,0.921,274.0,0.0139999999999999,13.65,2.0,3.0,0.0,22.08,0.0,9.44,21.82,0.0,-0.013,-0.005,0.3049999999999999,-0.037,0.215,0.0,26.3,20.45,20.54,20.5,20.42,20.03,20.46,20.34,20.55,20.49,0.004,0.004,0.004,0.005,0.006,0.005,0.0069999999999999,687.0,700.0,692.0,685.0,700.0,682.0,605.0,0.0,0.0,0.0,0.0,0.0,0.0,0.0,0.0,8.23,0.0,60.15,0.0,0.0,0.0,0.0,0.0,0.0,0.0,0.0,0.0,0.0,20.68,20.42,0.0,20.16,299.7,15.79,2.0,3.531,-1.0,1.7519999999999998,4.8,4902
2014-09-07 01:58:00,0.0,0.0,0.0,814829.0,74.7,59.9,60.0,0.0,23516.0,341.0,74629.0,809302.0,0.0,1.0,0.0,0.0,0.0,273.7,273.8,274.3,0.979,273.8,0.748,273.6,0.921,274.0,0.0139999999999999,13.65,2.0,3.0,0.0,22.06,0.0,9.43,21.83,0.0,-0.013,-0.005,0.3049999999999999,-0.0379999999999999,0.214,0.0,26.31,20.45,20.5,20.44,20.34,19.95,20.46,20.34,20.54,20.46,0.004,0.005,0.004,0.005,0.006,0.005,0.0069999999999999,687.0,700.0,692.0,685.0,700.0,682.0,605.0,0.0,0.0,0.0,0.0,0.0,0.0,0.0,0.0,8.23,0.0,60.14,0.0,0.0,0.0,0.0,0.0,0.0,0.0,0.0,0.0,0.0,20.64,20.37,0.0,20.12,306.8,16.06,2.0,3.531,-1.0,2.898,4.4,4902
2014-09-07 01:59:00,0.0,0.0,0.0,814829.0,74.7,59.9,60.0,0.0,23516.0,341.0,74629.0,809302.0,0.0,1.0,0.0,0.0,0.0,274.1,273.7,274.3,0.979,274.0,0.748,274.0,0.921,274.0,0.0139999999999999,13.65,2.0,3.0,0.0,22.05,0.0,9.4,21.84,0.0,-0.013,-0.004,0.3049999999999999,-0.036,0.214,0.0,26.27,20.42,20.46,20.44,20.34,19.95,20.46,20.34,20.54,20.44,0.004,0.005,0.004,0.004,0.006,0.005,0.0069999999999999,687.0,700.0,692.0,685.0,700.0,682.0,605.0,0.0,0.0,0.0,0.0,0.0,0.0,0.0,0.0,8.179999999999998,0.0,60.14,0.0,0.0,0.0,0.0,0.0,0.0,0.0,0.0,0.0,0.0,20.64,20.39,0.0,20.11,330.7,21.55,2.0,3.531,-1.0,2.043,3.1,4902
2014-09-07 02:00:00,0.0,0.0,0.0,814829.0,74.7,59.9,60.0,0.0,23516.0,341.0,74629.0,809302.0,0.0,1.0,0.0,0.0,0.0,273.9,273.8,274.4,0.979,274.0,0.748,274.0,0.921,274.0,0.0139999999999999,13.65,2.0,3.0,0.0,22.03,0.0,9.29,21.79,0.0,-0.013,-0.004,0.3049999999999999,-0.0379999999999999,0.214,0.0,26.22,20.42,20.48,20.44,20.34,19.95,20.46,20.34,20.54,20.45,0.004,0.005,0.004,0.004,0.006,0.005,0.0069999999999999,687.0,700.0,692.0,685.0,700.0,682.0,605.0,0.0,0.0,0.0,0.0,0.0,0.0,0.0,0.0,7.962999999999998,0.0,60.14,0.0,0.0,0.0,0.0,0.0,0.0,0.0,0.0,0.0,0.0,20.64,20.37,0.0,20.09,303.9,42.55,2.0,3.531,-1.0,1.765,2.8,4902
2014-09-07 02:01:00,0.0,0.0,0.0,814829.0,74.7,59.9,60.0,0.0,23516.0,341.0,74629.0,809302.0,0.0,1.0,0.0,0.0,0.0,273.9,273.7,274.2,0.979,273.9,0.748,273.7,0.921,274.0,0.0139999999999999,13.65,2.0,3.0,0.0,22.0,0.0,9.01,21.84,0.0,-0.013,-0.004,0.3049999999999999,-0.037,0.214,0.0,26.22,20.36,20.48,20.42,20.34,19.95,20.38,20.26,20.54,20.46,0.004,0.005,0.004,0.004,0.006,0.005,0.0069999999999999,687.0,700.0,692.0,685.0,700.0,682.0,605.0,0.0,0.0,0.0,0.0,0.0,0.0,0.0,0.0,7.817999999999999,0.0,60.14,0.0,0.0,0.0,0.0,0.0,0.0,0.0,0.0,0.0,0.0,20.61,20.36,0.0,20.07,319.4,15.0,2.0,3.531,-1.0,2.395,4.4,4902
2014-09-07 02:02:00,0.0,0.0,0.0,814829.0,74.7,59.9,60.0,0.0,23516.0,341.0,74629.0,809302.0,0.0,1.0,0.0,0.0,0.0,274.0,273.9,274.4,0.979,274.0,0.748,274.0,0.921,274.0,0.0139999999999999,13.65,2.0,3.0,0.0,22.0,0.0,9.35,21.82,0.0,-0.013,-0.004,0.3049999999999999,-0.036,0.215,0.0,26.2,20.32,20.52,20.34,20.29,19.85,20.36,20.24,20.5,20.46,0.004,0.005,0.004,0.005,0.006,0.005,0.0069999999999999,687.0,700.0,692.0,685.0,700.0,682.0,605.0,0.0,0.0,0.0,0.0,0.0,0.0,0.0,0.0,8.13,0.0,60.16,0.0,0.0,0.0,0.0,0.0,0.0,0.0,0.0,0.0,0.0,20.6,20.33,0.0,20.04,312.4,13.82,2.0,3.53,-1.0,1.985,3.2,4902
2014-09-07 02:03:00,0.0,0.0,0.0,814829.0,74.7,59.9,60.0,0.0,23516.0,341.0,74629.0,809302.0,0.0,1.0,0.0,0.0,0.0,274.2,274.0,274.5,0.979,274.0,0.748,274.0,0.921,274.1,0.013,13.65,2.0,3.0,0.0,21.98,0.0,9.91,21.83,0.0,-0.013,-0.004,0.3049999999999999,-0.037,0.215,0.0,26.2,20.32,20.49,20.34,20.24,19.85,20.36,20.24,20.44,20.4,0.004,0.005,0.004,0.005,0.006,0.005,0.0069999999999999,687.0,700.0,692.0,685.0,700.0,682.0,605.0,0.0,0.0,0.0,0.0,0.0,0.0,0.0,0.0,8.75,0.0,60.14,0.0,0.0,0.0,0.0,0.0,0.0,0.0,0.0,0.0,0.0,20.6,20.35,0.0,20.03,312.5,13.56,2.0,3.53,-1.0,2.145,3.3,4902
2014-09-07 02:04:00,0.0,0.0,0.0,814829.0,74.7,59.9,60.0,0.0,23516.0,341.0,74629.0,809302.0,0.0,1.0,0.0,0.0,0.0,274.2,274.1,274.6,0.979,274.0,0.748,274.0,0.921,274.6,0.013,13.65,2.0,3.0,0.0,21.97,0.0,10.25,21.81,0.0,-0.013,-0.003,0.3049999999999999,-0.0379999999999999,0.215,0.0,26.19,20.32,20.4,20.34,20.24,19.85,20.36,20.24,20.44,20.36,0.004,0.005,0.004,0.005,0.006,0.005,0.0069999999999999,687.0,700.0,692.0,685.0,700.0,682.0,605.0,0.0,0.0,0.0,0.0,0.0,0.0,0.0,0.0,9.24,0.0,60.14,0.0,0.0,0.0,0.0,0.0,0.0,0.0,0.0,0.0,0.0,20.56,20.28,0.0,20.0,321.7,22.18,2.0,3.531,-1.0,2.2430000000000003,3.5,4902
2014-09-07 02:05:00,0.0,0.0,0.0,814829.0,74.7,59.9,60.0,0.0,23516.0,341.0,74629.0,809302.0,0.0,1.0,0.0,0.0,0.0,274.0,274.4,274.8,0.979,274.0,0.748,274.0,0.921,275.0,0.013,13.65,2.0,3.0,0.0,21.95,0.0,10.63,21.8,0.0,-0.013,-0.003,0.3049999999999999,-0.0379999999999999,0.214,0.0,26.12,20.32,20.4,20.34,20.24,19.85,20.36,20.24,20.44,20.36,0.004,0.005,0.004,0.004,0.006,0.005,0.0069999999999999,687.0,700.0,692.0,685.0,700.0,682.0,605.0,0.0,0.0,0.0,0.0,0.0,0.0,0.0,0.0,9.47,0.0,60.13,0.0,0.0,0.0,0.0,0.0,0.0,0.0,0.0,0.0,0.0,20.53,20.27,0.0,19.99,345.5,11.03,2.0,3.531,-1.0,2.398,3.3,4902
2014-09-07 02:06:00,0.0,0.0,0.0,814829.0,74.7,59.9,60.0,0.0,23516.0,341.0,74629.0,809302.0,0.0,1.0,0.0,0.0,0.0,273.9,273.8,274.3,0.979,273.8,0.748,273.4,0.921,274.2,0.013,13.65,2.0,3.0,0.0,21.93,0.0,10.65,21.82,0.0,-0.012,-0.003,0.3049999999999999,-0.037,0.214,0.0,26.16,20.32,20.44,20.34,20.24,19.85,20.36,20.14,20.44,20.36,0.004,0.005,0.004,0.004,0.006,0.005,0.0069999999999999,687.0,700.0,692.0,685.0,700.0,682.0,605.0,0.0,0.0,0.0,0.0,0.0,0.0,0.0,0.0,9.58,0.0,60.14,0.0,0.0,0.0,0.0,0.0,0.0,0.0,0.0,0.0,0.0,20.54,20.27,0.0,19.99,330.6,15.95,2.0,3.531,-1.0,1.337,2.1,4902
2014-09-07 02:07:00,0.0,0.0,0.0,814829.0,74.7,59.9,60.0,0.0,23516.0,341.0,74629.0,809302.0,0.0,1.0,0.0,0.0,0.0,273.6,273.8,274.3,0.979,273.7,0.748,273.1,0.921,274.0,0.013,13.65,2.0,3.0,0.0,21.92,0.0,10.83,21.83,0.0,-0.01,-0.003,0.3049999999999999,-0.0379999999999999,0.214,0.0,26.19,20.32,20.44,20.34,20.24,19.79,20.33,20.14,20.42,20.36,0.004,0.005,0.004,0.004,0.006,0.005,0.0069999999999999,687.0,700.0,692.0,685.0,700.0,682.0,605.0,0.0,0.0,0.0,0.0,0.0,0.0,0.0,0.0,9.79,0.0,60.21,0.0,0.0,0.0,0.0,0.0,0.0,0.0,0.0,0.0,0.0,20.52,20.26,0.0,19.97,317.0,14.12,2.0,3.528,-1.0,1.133,1.5,4902
2014-09-07 02:08:00,0.0,0.0,0.0,814829.0,74.7,59.9,60.0,0.0,23516.0,341.0,74629.0,809302.0,0.0,1.0,0.0,0.0,0.0,273.7,273.8,274.3,0.979,273.9,0.748,273.3,0.921,274.0,0.019,13.65,2.0,3.0,0.0,21.89,0.0,11.14,21.82,0.0,-0.01,-0.003,0.3049999999999999,-0.037,0.215,0.0,26.14,20.32,20.44,20.32,20.19,19.75,20.27,20.14,20.42,20.36,0.004,0.005,0.004,0.004,0.006,0.005,0.0069999999999999,687.0,700.0,692.0,685.0,700.0,682.0,605.0,0.0,0.0,0.0,0.0,0.0,0.0,0.0,0.0,9.85,0.0,60.22,0.0,0.0,0.0,0.0,0.0,0.0,0.0,0.0,0.0,0.0,20.5,20.24,0.0,19.96,315.3,18.02,2.0,3.53,-1.0,1.492,2.3,4902
2014-09-07 02:09:00,0.0,0.0,0.0,814829.0,74.7,59.9,60.0,0.0,23516.0,341.0,74629.0,809302.0,0.0,1.0,0.0,0.0,0.0,273.9,273.8,274.3,0.979,274.0,0.748,273.5,0.921,274.0,0.047,13.68,2.0,3.0,0.0,21.89,0.0,10.76,21.83,0.0,-0.012,-0.003,0.3049999999999999,-0.0379999999999999,0.214,0.0,26.08,20.29,20.42,20.26,20.16,19.75,20.27,20.14,20.41,20.36,0.004,0.005,0.004,0.004,0.006,0.005,0.0069999999999999,687.0,700.0,692.0,685.0,700.0,682.0,605.0,0.0,0.0,0.0,0.0,0.0,0.0,0.0,0.0,9.8,0.0,60.19,0.0,0.0,0.0,0.0,0.0,0.0,0.0,0.0,0.0,0.0,20.49,20.24,0.0,19.95,342.8,12.05,2.0,3.531,-1.0,1.608,2.5,4902
2014-09-07 02:10:00,0.0,0.0,0.0,814829.0,74.7,59.9,60.0,0.0,23516.0,341.0,74629.0,809302.0,0.0,1.0,0.0,0.0,0.0,273.5,273.7,274.2,0.979,273.2,0.748,273.0,0.921,274.0,0.025,13.68,2.0,3.0,0.0,21.87,0.0,11.09,21.85,0.0,-0.01,-0.003,0.3049999999999999,-0.0379999999999999,0.214,0.0,26.09,20.23,20.4,20.24,20.14,19.75,20.27,20.14,20.37,20.35,0.004,0.005,0.004,0.004,0.006,0.005,0.0069999999999999,687.0,700.0,692.0,685.0,700.0,682.0,605.0,0.0,0.0,0.0,0.0,0.0,0.0,0.0,0.0,9.91,0.0,60.14,0.0,0.0,0.0,0.0,0.0,0.0,0.0,0.0,0.0,0.0,20.48,20.22,0.0,19.94,327.6,15.61,2.0,3.531,-1.0,1.993,2.7,4902
2014-09-07 02:11:00,0.0,0.0,0.0,814829.0,74.7,59.9,60.0,0.0,23516.0,341.0,74629.0,809302.0,0.0,1.0,0.0,0.0,0.0,273.8,273.6,274.2,0.979,273.2,0.748,273.0,0.921,274.0,0.021,13.69,2.0,3.0,0.0,21.85,0.0,11.25,21.79,0.0,-0.008,-0.002,0.3049999999999999,-0.0379999999999999,0.214,0.0,26.09,20.23,20.34,20.24,20.14,19.75,20.27,20.14,20.34,20.36,0.004,0.005,0.004,0.004,0.006,0.005,0.0069999999999999,687.0,700.0,692.0,685.0,700.0,682.0,605.0,0.0,0.0,0.0,0.0,0.0,0.0,0.0,0.0,10.12,0.0,60.13,0.0,0.0,0.0,0.0,0.0,0.0,0.0,0.0,0.0,0.0,20.52,20.26,0.0,19.96,338.6,19.0,2.0,3.53,-1.0,2.405,3.5,4902
2014-09-07 02:12:00,0.0,0.0,0.0,814829.0,74.7,59.9,60.0,0.0,23516.0,341.0,74629.0,809302.0,0.0,1.0,0.0,0.0,0.0,273.9,273.5,274.0,0.979,273.5,0.748,273.0,0.921,274.0,0.019,13.69,2.0,3.0,0.0,21.84,0.0,11.26,21.87,0.0,-0.0069999999999999,-0.002,0.3049999999999999,-0.037,0.214,0.0,26.09,20.23,20.34,20.24,20.14,19.75,20.27,20.14,20.34,20.27,0.004,0.005,0.004,0.005,0.006,0.005,0.0069999999999999,687.0,700.0,692.0,685.0,700.0,682.0,605.0,0.0,0.0,0.0,0.0,0.0,0.0,0.0,0.0,10.13,0.0,60.14,0.0,0.0,0.0,0.0,0.0,0.0,0.0,0.0,0.0,0.0,20.55,20.27,0.0,19.94,345.0,12.12,2.0,3.527,-1.0,2.087,3.2,4902
2014-09-07 02:13:00,0.0,0.0,0.0,814829.0,74.7,59.9,60.0,0.0,23516.0,341.0,74629.0,809302.0,0.0,1.0,0.0,0.0,0.0,273.9,273.6,274.2,0.979,273.9,0.748,273.0,0.921,274.0,0.017,13.68,2.0,3.0,0.0,21.82,0.0,11.46,21.83,0.0,-0.0069999999999999,-0.003,0.3049999999999999,-0.037,0.214,0.0,26.01,20.24,20.34,20.24,20.14,19.75,20.27,20.14,20.34,20.27,0.004,0.005,0.005,0.004,0.006,0.005,0.0069999999999999,687.0,700.0,692.0,685.0,700.0,682.0,605.0,0.0,0.0,0.0,0.0,0.0,0.0,0.0,0.0,10.39,0.0,60.17,0.0,0.0,0.0,0.0,0.0,0.0,0.0,0.0,0.0,0.0,20.51,20.24,0.0,19.92,336.7,21.2,2.0,3.531,-1.0,1.24,2.0,4902
2014-09-07 02:14:00,0.0,0.0,0.0,814829.0,74.7,59.9,60.0,0.0,23516.0,341.0,74629.0,809302.0,0.0,1.0,0.0,0.0,0.0,273.9,273.6,274.2,0.979,274.0,0.748,273.0,0.921,274.0,0.016,13.68,2.0,3.0,0.0,21.81,0.0,11.84,21.82,0.0,-0.01,-0.003,0.3049999999999999,-0.037,0.214,0.0,26.0,20.23,20.34,20.22,20.14,19.74,20.2,20.06,20.34,20.27,0.005,0.005,0.005,0.004,0.006,0.005,0.0069999999999999,687.0,700.0,692.0,685.0,700.0,682.0,605.0,0.0,0.0,0.0,0.0,0.0,0.0,0.0,0.0,10.71,0.0,60.13,0.0,0.0,0.0,0.0,0.0,0.0,0.0,0.0,0.0,0.0,20.46,20.2,0.0,19.9,310.5,14.61,2.0,3.531,-1.0,1.105,2.1,4902
2014-09-07 02:15:00,0.0,0.0,0.0,814829.0,74.7,59.9,60.0,0.0,23516.0,341.0,74629.0,809302.0,0.0,1.0,0.0,0.0,0.0,273.8,273.7,274.3,0.979,274.0,0.748,273.0,0.921,274.0,0.016,13.69,2.0,3.0,0.0,21.78,0.0,11.86,21.83,0.0,-0.012,-0.004,0.3049999999999999,-0.037,0.214,0.0,26.0,20.24,20.34,20.14,20.14,19.67,20.17,20.05,20.34,20.27,0.004,0.005,0.004,0.004,0.006,0.005,0.0069999999999999,687.0,700.0,692.0,685.0,700.0,682.0,605.0,0.0,0.0,0.0,0.0,0.0,0.0,0.0,0.0,10.85,0.0,60.22,0.0,0.0,0.0,0.0,0.0,0.0,0.0,0.0,0.0,0.0,20.41,20.15,0.0,19.87,309.0,11.0,2.0,3.53,-1.0,1.757,2.6,4902
2014-09-07 02:16:00,0.0,0.0,0.0,814829.0,74.7,59.9,60.0,0.0,23516.0,341.0,74629.0,809302.0,0.0,1.0,0.0,0.0,0.0,273.9,273.5,274.1,0.979,273.7,0.748,273.0,0.921,274.0,0.0149999999999999,13.68,2.0,3.0,0.0,21.78,0.0,11.83,21.82,0.0,-0.012,-0.004,0.3049999999999999,-0.031,0.214,0.0,26.0,20.15,20.32,20.14,20.14,19.66,20.17,20.05,20.34,20.27,0.004,0.005,0.004,0.005,0.006,0.004,0.0069999999999999,687.0,700.0,692.0,685.0,700.0,682.0,605.0,0.0,0.0,0.0,0.0,0.0,0.0,0.0,0.0,10.66,0.0,60.14,0.0,0.0,0.0,0.0,0.0,0.0,0.0,0.0,0.0,0.0,20.38,20.12,0.0,19.84,348.7,15.72,2.0,3.53,-1.0,1.608,2.2,4902
2014-09-07 02:17:00,0.0,0.0,0.0,814829.0,74.7,59.9,60.0,0.0,23516.0,341.0,74629.0,809302.0,0.0,1.0,0.0,0.0,0.0,273.7,273.6,274.2,0.979,273.9,0.748,273.0,0.921,274.0,0.0149999999999999,13.68,2.0,3.0,0.0,21.75,0.0,11.8,21.83,0.0,-0.012,-0.004,0.3049999999999999,-0.013,0.214,0.0,25.95,20.16,20.24,20.14,20.05,19.66,20.17,20.05,20.29,20.21,0.004,0.004,0.004,0.004,0.006,0.005,0.0069999999999999,687.0,700.0,692.0,685.0,700.0,682.0,605.0,0.0,0.0,0.0,0.0,0.0,0.0,0.0,0.0,10.66,0.0,60.15,0.0,0.0,0.0,0.0,0.0,0.0,0.0,0.0,0.0,0.0,20.39,20.11,0.0,19.85,332.9,25.35,2.0,3.531,-1.0,2.123,3.0,4902
2014-09-07 02:18:00,0.0,0.0,0.0,814829.0,74.7,59.9,60.0,0.0,23516.0,341.0,74629.0,809302.0,0.0,1.0,0.0,0.0,0.0,273.7,273.7,274.2,0.979,274.0,0.748,273.0,0.921,274.0,0.0149999999999999,13.68,2.0,3.0,0.0,21.75,0.0,11.87,21.83,0.0,-0.008,-0.004,0.3049999999999999,-0.017,0.214,0.0,25.9,20.13,20.24,20.14,20.05,19.66,20.17,20.05,20.24,20.17,0.004,0.005,0.004,0.004,0.006,0.005,0.0069999999999999,687.0,700.0,692.0,685.0,700.0,682.0,605.0,0.0,0.0,0.0,0.0,0.0,0.0,0.0,0.0,10.85,0.0,60.15,0.0,0.0,0.0,0.0,0.0,0.0,0.0,0.0,0.0,0.0,20.37,20.09,0.0,19.83,321.6,14.93,2.0,3.531,-1.0,1.48,2.6,4902
2014-09-07 02:19:00,0.0,0.0,0.0,814829.0,74.7,59.9,60.0,0.0,23516.0,341.0,74629.0,809302.0,0.0,1.0,0.0,0.0,0.0,273.9,273.8,274.3,0.979,274.0,0.748,273.4,0.921,274.0,0.0149999999999999,13.69,2.0,3.0,0.0,21.72,0.0,11.98,21.85,0.0,-0.008,-0.004,0.3049999999999999,0.001,0.214,0.0,25.9,20.15,20.24,20.18,20.05,19.63,20.15,20.03,20.24,20.17,0.004,0.005,0.004,0.004,0.006,0.005,0.0069999999999999,687.0,700.0,692.0,685.0,700.0,682.0,605.0,0.0,0.0,0.0,0.0,0.0,0.0,0.0,0.0,10.93,0.0,60.17,0.0,0.0,0.0,0.0,0.0,0.0,0.0,0.0,0.0,0.0,20.36,20.12,0.0,19.81,325.5,15.09,2.0,3.531,-1.0,1.023,1.6,4902
2014-09-07 02:20:00,0.0,0.0,0.0,814829.0,74.7,59.9,60.0,0.0,23516.0,341.0,74629.0,809302.0,0.0,1.0,0.0,0.0,0.0,274.2,273.7,274.3,0.979,274.0,0.748,273.7,0.921,274.0,0.0139999999999999,13.68,2.0,3.0,0.0,21.72,0.0,12.23,21.84,0.0,-0.009,-0.004,0.3049999999999999,0.005,0.214,0.0,25.9,20.15,20.24,20.16,20.05,19.61,20.08,20.03,20.24,20.17,0.005,0.005,0.004,0.004,0.006,0.005,0.0069999999999999,687.0,700.0,692.0,685.0,700.0,682.0,605.0,0.0,0.0,0.0,0.0,0.0,0.0,0.0,0.0,11.11,0.0,60.22,0.0,0.0,0.0,0.0,0.0,0.0,0.0,0.0,0.0,0.0,20.35,20.09,0.0,19.79,318.8,21.42,2.0,3.53,-1.0,0.925,1.5,4902
2014-09-07 02:21:00,0.0,0.0,0.0,814829.0,74.7,59.9,60.0,0.0,23516.0,341.0,74629.0,809302.0,0.0,1.0,0.0,0.0,0.0,273.8,274.0,274.5,0.979,274.0,0.748,274.0,0.921,274.0,0.0139999999999999,13.68,2.0,3.0,0.0,21.7,0.0,12.46,21.83,0.0,-0.01,-0.005,0.3049999999999999,0.0379999999999999,0.214,0.0,25.9,20.1,20.22,20.16,20.05,19.57,20.09,19.96,20.24,20.17,0.004,0.005,0.004,0.004,0.006,0.005,0.0069999999999999,687.0,700.0,692.0,685.0,700.0,682.0,605.0,0.0,0.0,0.0,0.0,0.0,0.0,0.0,0.0,11.2,0.0,60.22,0.0,0.0,0.0,0.0,0.0,0.0,0.0,0.0,0.0,0.0,20.33,20.07,0.0,19.78,298.8,12.92,2.0,3.531,-1.0,1.267,2.1,4902
2014-09-07 02:22:00,0.0,0.0,0.0,814829.0,74.7,59.9,60.0,0.0,23516.0,341.0,74629.0,809302.0,0.0,1.0,0.0,0.0,0.0,274.1,273.8,274.3,0.979,274.0,0.748,273.8,0.921,274.0,0.0139999999999999,13.69,2.0,3.0,0.0,21.67,0.0,12.33,21.86,0.0,-0.01,-0.005,0.3049999999999999,0.019,0.214,0.0,25.88,20.03,20.16,20.17,20.03,19.56,20.1,19.95,20.18,20.15,0.004,0.005,0.004,0.004,0.006,0.005,0.0069999999999999,687.0,700.0,692.0,685.0,700.0,682.0,605.0,0.0,0.0,0.0,0.0,0.0,0.0,0.0,0.0,11.17,0.0,60.14,0.0,0.0,0.0,0.0,0.0,0.0,0.0,0.0,0.0,0.0,20.3,20.04,0.0,19.78,298.6,10.46,2.0,3.53,-1.0,1.867,3.2,4902
2014-09-07 02:23:00,0.0,0.0,0.0,814829.0,74.7,59.9,60.0,0.0,23516.0,341.0,74629.0,809302.0,0.0,1.0,0.0,0.0,0.0,274.1,273.8,274.3,0.979,274.0,0.748,273.6,0.921,274.0,0.0139999999999999,13.68,2.0,3.0,0.0,21.67,0.0,12.05,21.79,0.0,-0.008,-0.005,0.3049999999999999,0.001,0.214,0.0,25.9,20.05,20.14,20.06,19.95,19.56,20.09,19.95,20.14,20.09,0.004,0.005,0.004,0.004,0.006,0.004,0.0069999999999999,687.0,700.0,692.0,685.0,700.0,682.0,605.0,0.0,0.0,0.0,0.0,0.0,0.0,0.0,0.0,10.93,0.0,60.14,0.0,0.0,0.0,0.0,0.0,0.0,0.0,0.0,0.0,0.0,20.29,20.04,0.0,19.75,306.2,11.95,2.0,3.531,-1.0,1.78,2.5,4902
2014-09-07 02:24:00,0.0,0.0,0.0,814829.0,74.7,59.9,60.0,0.0,23516.0,341.0,74629.0,809302.0,0.0,1.0,0.0,0.0,0.0,274.0,273.8,274.4,0.979,274.0,0.748,273.7,0.921,274.0,0.0139999999999999,13.68,2.0,3.0,0.0,21.65,0.0,12.12,21.8,0.0,-0.0069999999999999,-0.004,0.3049999999999999,-0.008,0.214,0.0,25.83,20.07,20.14,20.1,19.97,19.56,20.1,19.95,20.14,20.07,0.004,0.005,0.005,0.004,0.006,0.005,0.0069999999999999,687.0,700.0,692.0,685.0,700.0,682.0,605.0,0.0,0.0,0.0,0.0,0.0,0.0,0.0,0.0,10.95,0.0,60.15,0.0,0.0,0.0,0.0,0.0,0.0,0.0,0.0,0.0,0.0,20.29,20.02,0.0,19.75,316.1,9.68,2.0,3.53,-1.0,1.283,1.8,4902
2014-09-07 02:25:00,0.0,0.0,0.0,814829.0,74.7,59.9,60.0,0.0,23516.0,341.0,74629.0,809302.0,0.0,1.0,0.0,0.0,0.0,274.2,273.8,274.4,0.979,274.0,0.748,274.0,0.921,274.1,0.0139999999999999,13.68,2.0,3.0,0.0,21.64,0.0,12.32,21.84,0.0,-0.0069999999999999,-0.004,0.3049999999999999,0.01,0.214,0.0,25.8,20.07,20.14,20.07,19.97,19.56,20.11,19.95,20.14,20.07,0.004,0.005,0.004,0.004,0.006,0.005,0.0069999999999999,687.0,700.0,692.0,685.0,700.0,682.0,605.0,0.0,0.0,0.0,0.0,0.0,0.0,0.0,0.0,11.19,0.0,60.14,0.0,0.0,0.0,0.0,0.0,0.0,0.0,0.0,0.0,0.0,20.32,20.07,0.0,19.74,331.2,20.81,2.0,3.53,-1.0,1.358,2.0,4902
2014-09-07 02:26:00,0.0,0.0,0.0,814829.0,74.7,59.9,60.0,0.0,23516.0,341.0,74629.0,809302.0,0.0,1.0,0.0,0.0,0.0,274.2,273.9,274.5,0.979,274.0,0.748,274.0,0.921,274.7,0.0139999999999999,13.68,2.0,3.0,0.0,21.62,0.0,12.35,21.9,0.0,-0.0069999999999999,-0.004,0.3049999999999999,-0.02,0.214,0.0,25.8,20.05,20.14,20.11,19.97,19.54,20.09,19.95,20.14,20.07,0.004,0.005,0.004,0.004,0.006,0.004,0.0069999999999999,687.0,700.0,692.0,685.0,700.0,682.0,605.0,0.0,0.0,0.0,0.0,0.0,0.0,0.0,0.0,11.14,0.0,60.14,0.0,0.0,0.0,0.0,0.0,0.0,0.0,0.0,0.0,0.0,20.31,20.06,0.0,19.73,319.5,18.62,2.0,3.531,-1.0,1.965,2.6,4902
2014-09-07 02:27:00,0.0,0.0,0.0,814829.0,74.7,59.9,60.0,0.0,23516.0,341.0,74629.0,809302.0,0.0,1.0,0.0,0.0,0.0,274.4,274.0,274.6,0.979,274.0,0.748,274.0,0.921,274.6,0.0139999999999999,13.68,2.0,3.0,0.0,21.61,0.0,12.06,21.82,0.0,-0.0069999999999999,-0.003,0.309,-0.0139999999999999,0.214,0.0,25.8,20.05,20.14,20.1,19.95,19.54,20.12,19.93,20.16,20.07,0.004,0.005,0.004,0.004,0.006,0.005,0.0069999999999999,687.0,700.0,692.0,685.0,700.0,682.0,605.0,0.0,0.0,0.0,0.0,0.0,0.0,0.0,0.0,10.94,0.0,60.14,0.0,0.0,0.0,0.0,0.0,0.0,0.0,0.0,0.0,0.0,20.3,20.03,0.0,19.74,309.2,21.72,2.0,3.531,-1.0,1.112,1.9,4902
2014-09-07 02:28:00,0.0,0.0,0.0,814829.0,74.7,59.9,60.0,0.0,23516.0,341.0,74629.0,809302.0,0.0,1.0,0.0,0.0,0.0,274.2,274.0,274.6,0.979,274.0,0.748,274.0,0.921,274.8,0.0139999999999999,13.68,2.0,3.0,0.0,21.59,0.0,12.47,21.88,0.0,-0.0069999999999999,-0.003,0.31,-0.025,0.214,0.0,25.8,20.03,20.14,20.15,19.99,19.56,20.12,19.85,20.16,20.07,0.004,0.005,0.004,0.004,0.006,0.004,0.0069999999999999,687.0,700.0,692.0,685.0,700.0,682.0,605.0,0.0,0.0,0.0,0.0,0.0,0.0,0.0,0.0,11.27,0.0,60.15,0.0,0.0,0.0,0.0,0.0,0.0,0.0,0.0,0.0,0.0,20.3,20.05,0.0,19.73,321.3,23.3,2.0,3.53,-1.0,1.483,2.5,4902
2014-09-07 02:29:00,0.0,0.0,0.0,814829.0,74.7,59.9,60.0,0.0,23516.0,341.0,74629.0,809302.0,0.0,1.0,0.0,0.0,0.0,274.3,274.2,274.7,0.979,274.0,0.748,274.0,0.921,275.0,0.0139999999999999,13.69,2.0,3.0,0.0,21.57,0.0,12.43,21.82,0.0,-0.0069999999999999,-0.003,0.309,-0.037,0.214,0.0,25.78,20.03,20.14,20.12,19.99,19.5,20.06,19.85,20.2,20.07,0.004,0.004,0.004,0.004,0.006,0.004,0.0069999999999999,687.0,700.0,692.0,685.0,700.0,682.0,605.0,0.0,0.0,0.0,0.0,0.0,0.0,0.0,0.0,11.2,0.0,60.23,0.0,0.0,0.0,0.0,0.0,0.0,0.0,0.0,0.0,0.0,20.3,20.03,0.0,19.73,292.7,22.18,2.0,3.531,-1.0,1.37,2.6,4902
2014-09-07 02:30:00,0.0,0.0,0.0,814829.0,74.7,59.9,60.0,0.0,23516.0,341.0,74629.0,809302.0,0.0,1.0,0.0,0.0,0.0,274.3,274.2,274.7,0.979,274.0,0.748,274.0,0.921,275.0,0.0139999999999999,13.68,2.0,3.0,0.0,21.56,0.0,12.41,21.81,0.0,-0.0069999999999999,-0.002,0.308,-0.037,0.214,0.0,25.77,20.05,20.14,20.14,20.02,19.46,20.08,19.85,20.14,20.07,0.004,0.004,0.004,0.004,0.006,0.004,0.0069999999999999,687.0,700.0,692.0,685.0,700.0,682.0,605.0,0.0,0.0,0.0,0.0,0.0,0.0,0.0,0.0,11.2,0.0,60.22,0.0,0.0,0.0,0.0,0.0,0.0,0.0,0.0,0.0,0.0,20.29,20.04,0.0,19.72,296.4,12.9,2.0,3.53,-1.0,1.705,2.3,4902
2014-09-07 02:31:00,0.0,0.0,0.0,814829.0,74.7,59.9,60.0,0.0,23516.0,341.0,74629.0,809302.0,0.0,1.0,0.0,0.0,0.0,274.3,274.2,274.7,0.979,274.0,0.748,274.0,0.921,275.0,0.0139999999999999,13.69,2.0,3.0,0.0,21.54,0.0,12.4,21.85,0.0,-0.0069999999999999,-0.001,0.308,-0.0379999999999999,0.214,0.0,25.7,20.05,20.14,20.07,19.95,19.46,20.04,19.87,20.14,20.05,0.004,0.005,0.004,0.004,0.006,0.004,0.0069999999999999,687.0,700.0,692.0,685.0,700.0,682.0,605.0,0.0,0.0,0.0,0.0,0.0,0.0,0.0,0.0,11.2,0.0,60.21,0.0,0.0,0.0,0.0,0.0,0.0,0.0,0.0,0.0,0.0,20.29,20.02,0.0,19.71,302.9,13.84,2.0,3.531,-1.0,1.67,3.0,4902
2014-09-07 02:32:00,0.0,0.0,0.0,814829.0,74.7,59.9,60.0,0.0,23516.0,341.0,74629.0,809302.0,0.0,1.0,0.0,0.0,0.0,274.2,274.3,274.7,0.979,274.0,0.748,274.0,0.921,275.0,0.0139999999999999,13.69,2.0,3.0,0.0,21.51,0.0,12.44,21.84,0.0,-0.0069999999999999,-0.001,0.307,-0.036,0.214,0.0,25.7,20.01,20.14,20.05,19.92,19.46,20.06,19.85,20.11,20.06,0.004,0.005,0.004,0.004,0.006,0.004,0.0069999999999999,687.0,700.0,692.0,685.0,700.0,682.0,605.0,0.0,0.0,0.0,0.0,0.0,0.0,0.0,0.0,11.2,0.0,60.14,0.0,0.0,0.0,0.0,0.0,0.0,0.0,0.0,0.0,0.0,20.27,19.99,0.0,19.71,290.0,19.09,2.0,3.53,-1.0,1.487,2.8,4902
2014-09-07 02:33:00,0.0,0.0,0.0,814829.0,74.7,59.9,60.0,0.0,23516.0,341.0,74629.0,809302.0,0.0,1.0,0.0,0.0,0.0,274.1,274.3,274.7,0.979,274.0,0.748,274.0,0.921,274.9,0.0139999999999999,13.68,2.0,3.0,0.0,21.49,0.0,12.45,21.82,0.0,-0.0069999999999999,0.0,0.307,-0.0379999999999999,0.214,0.0,25.7,19.95,20.11,20.04,19.96,19.49,20.08,19.85,20.05,19.99,0.004,0.004,0.004,0.004,0.005,0.004,0.0069999999999999,687.0,700.0,692.0,685.0,700.0,682.0,605.0,0.0,0.0,0.0,0.0,0.0,0.0,0.0,0.0,11.2,0.0,60.15,0.0,0.0,0.0,0.0,0.0,0.0,0.0,0.0,0.0,0.0,20.26,20.01,0.0,19.71,306.5,11.05,2.0,3.53,-1.0,1.648,2.6,4902
2014-09-07 02:34:00,0.0,0.0,0.0,814829.0,74.7,59.9,60.0,0.0,23516.0,341.0,74629.0,809302.0,0.0,1.0,0.0,0.0,0.0,274.3,274.3,274.7,0.979,274.0,0.748,274.0,0.921,274.8,0.0139999999999999,13.69,2.0,3.0,0.0,21.48,0.0,12.43,21.82,0.0,-0.0069999999999999,0.0,0.307,-0.036,0.214,0.0,25.7,19.99,20.06,20.05,19.96,19.53,20.08,19.87,20.13,19.97,0.004,0.004,0.004,0.004,0.006,0.004,0.0069999999999999,687.0,700.0,692.0,685.0,700.0,682.0,605.0,0.0,0.0,0.0,0.0,0.0,0.0,0.0,0.0,11.2,0.0,60.14,0.0,0.0,0.0,0.0,0.0,0.0,0.0,0.0,0.0,0.0,20.26,20.0,0.0,19.7,303.3,9.45,2.0,3.528,-1.0,1.545,2.0,4902
2014-09-07 02:35:00,0.0,0.0,0.0,814829.0,74.7,59.9,60.0,0.0,23516.0,341.0,74629.0,809302.0,0.0,1.0,0.0,0.0,0.0,274.3,274.4,274.8,0.979,274.0,0.748,274.0,0.921,275.0,0.0139999999999999,13.69,2.0,3.0,0.0,21.47,0.0,12.41,21.85,0.0,-0.0069999999999999,0.0,0.307,-0.037,0.214,0.0,25.7,19.95,20.05,20.05,19.96,19.53,20.08,19.87,20.15,19.97,0.004,0.004,0.004,0.004,0.005,0.004,0.0069999999999999,687.0,700.0,692.0,685.0,700.0,682.0,605.0,0.0,0.0,0.0,0.0,0.0,0.0,0.0,0.0,11.2,0.0,60.2,0.0,0.0,0.0,0.0,0.0,0.0,0.0,0.0,0.0,0.0,20.25,19.97,0.0,19.69,302.7,12.98,2.0,3.528,-1.0,1.76,2.6,4902
2014-09-07 02:36:00,0.0,0.0,0.0,814829.0,74.7,59.9,60.0,0.0,23516.0,341.0,74629.0,809302.0,0.0,1.0,0.0,0.0,0.0,274.4,274.4,274.8,0.979,274.0,0.748,274.0,0.921,275.0,0.0139999999999999,13.68,2.0,3.0,0.0,21.45,0.0,12.46,21.82,0.0,-0.0069999999999999,0.0,0.3059999999999999,-0.0379999999999999,0.214,0.0,25.69,19.99,20.05,20.05,19.96,19.46,20.06,19.83,20.12,19.97,0.004,0.004,0.004,0.004,0.006,0.004,0.0069999999999999,687.0,700.0,692.0,685.0,700.0,682.0,605.0,0.0,0.0,0.0,0.0,0.0,0.0,0.0,0.0,11.2,0.0,60.22,0.0,0.0,0.0,0.0,0.0,0.0,0.0,0.0,0.0,0.0,20.25,19.99,0.0,19.7,310.6,7.694,2.0,3.53,-1.0,1.602,2.4,4902
2014-09-07 02:37:00,0.0,0.0,0.0,814829.0,74.7,59.9,60.0,0.0,23516.0,341.0,74629.0,809302.0,0.0,1.0,0.0,0.0,0.0,274.7,274.5,274.9,0.979,274.0,0.748,274.0,0.921,275.0,0.0139999999999999,13.68,2.0,3.0,0.0,21.44,0.0,12.46,21.81,0.0,-0.0069999999999999,-0.001,0.307,-0.0379999999999999,0.214,0.0,25.61,20.02,20.05,20.05,19.96,19.44,20.08,19.79,20.15,19.97,0.004,0.004,0.004,0.004,0.006,0.004,0.0069999999999999,687.0,700.0,692.0,685.0,700.0,682.0,605.0,0.0,0.0,0.0,0.0,0.0,0.0,0.0,0.0,11.26,0.0,60.22,0.0,0.0,0.0,0.0,0.0,0.0,0.0,0.0,0.0,0.0,20.24,19.98,0.0,19.68,304.9,11.81,2.0,3.531,-1.0,1.652,3.1,4902
2014-09-07 02:38:00,0.0,0.0,0.0,814829.0,74.7,59.9,60.0,0.0,23516.0,341.0,74629.0,809302.0,0.0,1.0,0.0,0.0,0.0,274.5,274.3,274.8,0.979,274.0,0.748,274.0,0.921,275.0,0.0139999999999999,13.68,2.0,3.0,0.0,21.45,0.0,12.44,21.84,0.0,-0.0069999999999999,-0.001,0.311,-0.036,0.214,0.0,25.61,20.02,20.05,20.05,19.96,19.47,20.05,19.84,20.13,19.97,0.004,0.004,0.004,0.004,0.006,0.004,0.0069999999999999,687.0,700.0,692.0,685.0,700.0,682.0,605.0,0.0,0.0,0.0,0.0,0.0,0.0,0.0,0.0,11.2,0.0,60.15,0.0,0.0,0.0,0.0,0.0,0.0,0.0,0.0,0.0,0.0,20.22,19.96,0.0,19.67,304.0,10.58,2.0,3.528,-1.0,2.002,2.9,4902
2014-09-07 02:39:00,0.0,0.0,0.0,814829.0,74.7,59.9,60.0,0.0,23516.0,341.0,74629.0,809302.0,0.0,1.0,0.0,0.0,0.0,274.6,274.3,274.7,0.979,274.0,0.748,274.0,0.921,275.0,0.0139999999999999,13.68,2.0,3.0,0.0,21.44,0.0,12.4,21.81,0.0,-0.0069999999999999,-0.002,0.31,-0.034,0.214,0.0,25.61,20.02,20.05,20.04,19.92,19.47,20.0,19.86,20.13,19.97,0.004,0.004,0.004,0.004,0.006,0.004,0.0069999999999999,687.0,700.0,692.0,685.0,700.0,682.0,605.0,0.0,0.0,0.0,0.0,0.0,0.0,0.0,0.0,11.19,0.0,60.15,0.0,0.0,0.0,0.0,0.0,0.0,0.0,0.0,0.0,0.0,20.22,19.96,0.0,19.66,299.6,14.21,2.0,3.531,-1.0,1.968,3.0,4902
2014-09-07 02:40:00,0.0,0.0,0.0,814829.0,74.7,59.9,60.0,0.0,23516.0,341.0,74629.0,809302.0,0.0,1.0,0.0,0.0,0.0,274.3,274.4,274.8,0.979,274.0,0.748,274.0,0.921,275.0,0.0139999999999999,13.68,2.0,3.0,0.0,21.42,0.0,12.17,21.9,0.0,-0.0069999999999999,-0.001,0.309,-0.0379999999999999,0.214,0.0,25.61,20.0,20.05,19.96,19.86,19.45,19.98,19.79,20.14,19.97,0.004,0.005,0.004,0.004,0.006,0.004,0.0069999999999999,687.0,700.0,692.0,685.0,700.0,682.0,605.0,0.0,0.0,0.0,0.0,0.0,0.0,0.0,0.0,10.96,0.0,60.13,0.0,0.0,0.0,0.0,0.0,0.0,0.0,0.0,0.0,0.0,20.22,19.97,0.0,19.63,300.9,14.45,2.0,3.53,-1.0,1.785,2.5,4902
2014-09-07 02:41:00,0.0,0.0,0.0,814829.0,74.7,59.9,60.0,0.0,23516.0,341.0,74629.0,809302.0,0.0,1.0,0.0,0.0,0.0,274.5,274.5,274.9,0.979,274.0,0.748,274.0,0.921,275.0,0.0139999999999999,13.68,2.0,3.0,0.0,21.41,0.0,12.05,21.81,0.0,-0.0069999999999999,-0.002,0.309,-0.0379999999999999,0.214,0.0,25.56,20.04,20.0,19.96,19.86,19.47,19.98,19.84,20.08,19.87,0.004,0.004,0.004,0.004,0.006,0.004,0.0069999999999999,687.0,700.0,692.0,685.0,700.0,682.0,605.0,0.0,0.0,0.0,0.0,0.0,0.0,0.0,0.0,10.93,0.0,60.14,0.0,0.0,0.0,0.0,0.0,0.0,0.0,0.0,0.0,0.0,20.21,19.95,0.0,19.64,316.1,12.2,2.0,3.53,-1.0,1.715,2.5,4902
2014-09-07 02:42:00,0.0,0.0,0.0,814829.0,74.7,59.9,60.0,0.0,23516.0,341.0,74629.0,809302.0,0.0,1.0,0.0,0.0,0.0,274.4,274.7,275.1,0.979,274.0,0.748,274.0,0.921,275.0,0.0139999999999999,13.68,2.0,3.0,0.0,21.4,0.0,12.17,21.79,0.0,-0.0069999999999999,-0.003,0.308,-0.0379999999999999,0.214,0.0,25.51,20.02,19.97,19.96,19.86,19.47,19.98,19.84,20.05,19.87,0.004,0.004,0.004,0.004,0.006,0.004,0.0069999999999999,687.0,700.0,692.0,685.0,700.0,682.0,605.0,0.0,0.0,0.0,0.0,0.0,0.0,0.0,0.0,10.93,0.0,60.15,0.0,0.0,0.0,0.0,0.0,0.0,0.0,0.0,0.0,0.0,20.21,19.95,0.0,19.63,307.7,21.65,2.0,3.53,-1.0,1.79,2.6,4902
2014-09-07 02:43:00,0.0,0.0,0.0,814829.0,74.7,59.9,60.0,0.0,23516.0,341.0,74629.0,809302.0,0.0,1.0,0.0,0.0,0.0,274.6,274.7,275.1,0.979,274.0,0.748,274.0,0.921,275.0,0.0139999999999999,13.68,2.0,3.0,0.0,21.36,0.0,12.0,21.79,0.0,-0.0069999999999999,-0.003,0.312,-0.037,0.214,0.0,25.51,19.94,19.95,19.96,19.86,19.47,19.98,19.84,20.05,19.87,0.004,0.005,0.004,0.004,0.006,0.004,0.006,687.0,700.0,692.0,685.0,700.0,682.0,605.0,0.0,0.0,0.0,0.0,0.0,0.0,0.0,0.0,10.93,0.0,60.14,0.0,0.0,0.0,0.0,0.0,0.0,0.0,0.0,0.0,0.0,20.2,19.94,0.0,19.61,315.6,23.01,2.0,3.531,-1.0,1.555,2.1,4902
2014-09-07 02:44:00,0.0,0.0,0.0,814829.0,74.7,59.9,60.0,0.0,23516.0,341.0,74629.0,809302.0,0.0,1.0,0.0,0.0,0.0,274.8,274.5,275.0,0.979,274.0,0.748,274.0,0.921,275.0,0.0139999999999999,13.68,2.0,3.0,0.0,21.34,0.0,11.94,21.81,0.0,-0.0069999999999999,-0.003,0.312,-0.0379999999999999,0.214,0.0,25.51,19.94,19.95,19.96,19.86,19.4,19.98,19.84,20.05,19.87,0.004,0.004,0.004,0.004,0.006,0.004,0.0069999999999999,687.0,700.0,692.0,685.0,700.0,682.0,605.0,0.0,0.0,0.0,0.0,0.0,0.0,0.0,0.0,10.93,0.0,60.15,0.0,0.0,0.0,0.0,0.0,0.0,0.0,0.0,0.0,0.0,20.21,19.95,0.0,19.6,326.4,19.65,2.0,3.53,-1.0,1.138,2.2,4902
2014-09-07 02:45:00,0.0,0.0,0.0,814829.0,74.7,59.9,60.0,0.0,23516.0,341.0,74629.0,809302.0,0.0,1.0,0.0,0.0,0.0,274.6,274.7,275.1,0.979,274.2,0.748,274.0,0.921,275.0,0.0139999999999999,13.68,2.0,3.0,0.0,21.33,0.0,11.9,21.85,0.0,-0.0069999999999999,-0.003,0.311,-0.0379999999999999,0.214,0.0,25.51,19.94,19.95,19.96,19.86,19.37,19.98,19.81,20.05,19.87,0.004,0.005,0.004,0.004,0.006,0.004,0.0069999999999999,687.0,700.0,692.0,685.0,700.0,682.0,605.0,0.0,0.0,0.0,0.0,0.0,0.0,0.0,0.0,10.82,0.0,60.14,0.0,0.0,0.0,0.0,0.0,0.0,0.0,0.0,0.0,0.0,20.18,19.92,0.0,19.59,306.7,22.35,2.0,3.53,-1.0,1.24,2.2,4902
2014-09-07 02:46:00,0.0,0.0,0.0,814829.0,74.7,59.9,60.0,0.0,23516.0,341.0,74629.0,809302.0,0.0,1.0,0.0,0.0,0.0,274.0,273.7,274.3,0.979,273.3,0.748,273.2,0.921,274.2,0.0139999999999999,13.69,2.0,3.0,0.0,21.34,0.0,11.86,21.8,0.0,-0.0069999999999999,-0.004,0.31,-0.037,0.214,0.0,25.51,19.94,19.95,19.87,19.86,19.37,19.96,19.76,20.05,19.87,0.004,0.004,0.004,0.004,0.006,0.004,0.006,687.0,700.0,692.0,685.0,700.0,682.0,605.0,0.0,0.0,0.0,0.0,0.0,0.0,0.0,0.0,10.66,0.0,60.13,0.0,0.0,0.0,0.0,0.0,0.0,0.0,0.0,0.0,0.0,20.19,19.92,0.0,19.58,335.6,18.58,2.0,3.53,-1.0,1.713,2.7,4902
2014-09-07 02:47:00,0.0,0.0,0.0,814829.0,74.7,59.9,60.0,0.0,23516.0,341.0,74629.0,809302.0,0.0,1.0,0.0,0.0,0.0,273.6,273.6,274.1,0.979,273.2,0.748,273.0,0.921,274.0,0.0139999999999999,13.68,2.0,3.0,0.0,21.31,0.0,11.85,21.85,0.0,-0.0069999999999999,-0.004,0.309,-0.0379999999999999,0.214,0.0,25.51,19.94,19.95,19.86,19.86,19.37,19.96,19.76,20.05,19.87,0.004,0.004,0.004,0.004,0.006,0.004,0.0069999999999999,687.0,700.0,692.0,685.0,700.0,682.0,605.0,0.0,0.0,0.0,0.0,0.0,0.0,0.0,0.0,10.66,0.0,60.2,0.0,0.0,0.0,0.0,0.0,0.0,0.0,0.0,0.0,0.0,20.19,19.91,0.0,19.58,320.6,21.57,2.0,3.531,-1.0,2.13,3.4,4902
2014-09-07 02:48:00,0.0,0.0,0.0,814829.0,74.7,59.9,60.0,0.0,23516.0,341.0,74629.0,809302.0,0.0,1.0,0.0,0.0,0.0,273.4,273.5,274.0,0.979,273.0,0.748,273.0,0.921,274.0,0.0139999999999999,13.69,2.0,3.0,0.0,21.3,0.0,11.86,21.79,0.0,-0.0069999999999999,-0.004,0.311,-0.0379999999999999,0.214,0.0,25.42,19.94,19.95,19.86,19.86,19.37,19.9,19.76,20.05,19.87,0.004,0.004,0.004,0.004,0.006,0.004,0.0069999999999999,687.0,700.0,692.0,685.0,700.0,682.0,605.0,0.0,0.0,0.0,0.0,0.0,0.0,0.0,0.0,10.66,0.0,60.15,0.0,0.0,0.0,0.0,0.0,0.0,0.0,0.0,0.0,0.0,20.15,19.89,0.0,19.55,327.0,15.72,2.0,3.53,-1.0,1.51,2.0,4902
2014-09-07 02:49:00,0.0,0.0,0.0,814829.0,74.7,59.9,60.0,0.0,23516.0,341.0,74629.0,809302.0,0.0,1.0,0.0,0.0,0.0,273.8,273.5,274.0,0.979,273.0,0.748,273.0,0.921,274.0,0.0139999999999999,13.69,2.0,3.0,0.0,21.31,0.0,11.86,21.8,0.0,-0.0069999999999999,-0.005,0.313,-0.0379999999999999,0.214,0.0,25.41,19.94,19.95,19.86,19.84,19.37,19.88,19.76,20.05,19.87,0.004,0.004,0.004,0.004,0.006,0.004,0.006,687.0,700.0,692.0,685.0,700.0,682.0,605.0,0.0,0.0,0.0,0.0,0.0,0.0,0.0,0.0,10.66,0.0,60.12,0.0,0.0,0.0,0.0,0.0,0.0,0.0,0.0,0.0,0.0,20.13,19.87,0.0,19.55,316.8,18.35,2.0,3.53,-1.0,1.587,2.7,4902
2014-09-07 02:50:00,0.0,0.0,0.0,814829.0,74.7,59.9,60.0,0.0,23516.0,341.0,74629.0,809302.0,0.0,1.0,0.0,0.0,0.0,273.6,273.6,274.0,0.979,273.0,0.748,273.0,0.921,274.0,0.0139999999999999,13.68,2.0,3.0,0.0,21.29,0.0,11.85,21.79,0.0,-0.0069999999999999,-0.004,0.312,-0.0379999999999999,0.214,0.0,25.41,19.91,19.9,19.86,19.76,19.37,19.88,19.76,20.05,19.87,0.004,0.004,0.004,0.004,0.006,0.004,0.006,687.0,700.0,692.0,685.0,700.0,682.0,605.0,0.0,0.0,0.0,0.0,0.0,0.0,0.0,0.0,10.66,0.0,60.13,0.0,0.0,0.0,0.0,0.0,0.0,0.0,0.0,0.0,0.0,20.12,19.87,0.0,19.54,307.5,25.32,2.0,3.53,-1.0,1.865,3.0,4902
2014-09-07 02:51:00,0.0,0.0,0.0,814829.0,74.7,59.9,60.0,0.0,23516.0,341.0,74629.0,809302.0,0.0,1.0,0.0,0.0,0.0,273.5,273.8,274.2,0.979,273.0,0.748,273.0,0.921,274.0,0.0139999999999999,13.69,2.0,3.0,0.0,21.29,0.0,11.84,21.79,0.0,-0.0069999999999999,-0.004,0.315,-0.0379999999999999,0.214,0.0,25.41,19.94,19.85,19.86,19.76,19.35,19.88,19.76,19.96,19.82,0.004,0.004,0.004,0.004,0.006,0.004,0.0069999999999999,687.0,700.0,692.0,685.0,700.0,682.0,605.0,0.0,0.0,0.0,0.0,0.0,0.0,0.0,0.0,10.63,0.0,60.13,0.0,0.0,0.0,0.0,0.0,0.0,0.0,0.0,0.0,0.0,20.11,19.85,0.0,19.53,304.1,12.25,2.0,3.53,-1.0,2.09,3.8,4902
2014-09-07 02:52:00,0.0,0.0,0.0,814829.0,74.7,59.9,60.0,0.0,23516.0,341.0,74629.0,809302.0,0.0,1.0,0.0,0.0,0.0,273.6,273.9,274.3,0.979,273.3,0.748,273.1,0.921,274.0,0.0139999999999999,13.69,2.0,3.0,0.0,21.26,0.0,11.78,21.8,0.0,-0.0069999999999999,-0.003,0.317,-0.036,0.214,0.0,25.41,19.92,19.85,19.86,19.76,19.37,19.88,19.73,19.96,19.78,0.004,0.004,0.004,0.004,0.006,0.004,0.006,687.0,700.0,692.0,685.0,700.0,682.0,605.0,0.0,0.0,0.0,0.0,0.0,0.0,0.0,0.0,10.42,0.0,60.14,0.0,0.0,0.0,0.0,0.0,0.0,0.0,0.0,0.0,0.0,20.11,19.86,0.0,19.53,322.8,11.3,2.0,3.53,-1.0,1.5830000000000002,2.2,4902
2014-09-07 02:53:00,0.0,0.0,0.0,814829.0,74.7,59.9,60.0,0.0,23516.0,341.0,74629.0,809302.0,0.0,1.0,0.0,0.0,0.0,273.8,273.7,274.2,0.979,273.5,0.748,273.1,0.921,274.0,0.0139999999999999,13.68,2.0,3.0,0.0,21.25,0.0,11.58,21.83,0.0,-0.0069999999999999,-0.003,0.321,-0.0379999999999999,0.214,0.0,25.41,19.91,19.85,19.86,19.76,19.32,19.88,19.76,19.96,19.78,0.004,0.004,0.004,0.004,0.006,0.004,0.006,687.0,700.0,692.0,685.0,700.0,682.0,605.0,0.0,0.0,0.0,0.0,0.0,0.0,0.0,0.0,10.39,0.0,60.21,0.0,0.0,0.0,0.0,0.0,0.0,0.0,0.0,0.0,0.0,20.12,19.85,0.0,19.54,336.5,14.74,2.0,3.531,-1.0,1.963,2.8,4902
2014-09-07 02:54:00,0.0,0.0,0.0,814829.0,74.7,59.9,60.0,0.0,23516.0,341.0,74629.0,809302.0,0.0,1.0,0.0,0.0,0.0,274.0,273.5,274.1,0.979,273.0,0.748,273.0,0.921,274.0,0.0139999999999999,13.68,2.0,3.0,0.0,21.21,0.0,11.34,21.82,0.0,-0.0069999999999999,-0.003,0.331,-0.0379999999999999,0.214,0.0,25.31,19.88,19.85,19.86,19.76,19.27,19.88,19.66,19.96,19.78,0.004,0.004,0.004,0.004,0.006,0.004,0.0069999999999999,687.0,700.0,692.0,685.0,700.0,682.0,605.0,0.0,0.0,0.0,0.0,0.0,0.0,0.0,0.0,10.28,0.0,60.23,0.0,0.0,0.0,0.0,0.0,0.0,0.0,0.0,0.0,0.0,20.12,19.84,0.0,19.52,321.6,15.83,2.0,3.531,-1.0,1.365,2.0,4902
2014-09-07 02:55:00,0.0,0.0,0.0,814829.0,74.7,59.9,60.0,0.0,23516.0,341.0,74629.0,809302.0,0.0,1.0,0.0,0.0,0.0,274.0,273.9,274.4,0.979,273.9,0.748,273.9,0.921,274.0,0.0139999999999999,13.69,2.0,3.0,0.0,21.23,0.0,11.26,21.85,0.0,-0.0069999999999999,-0.004,0.331,-0.0379999999999999,0.214,0.0,25.31,19.84,19.85,19.86,19.76,19.27,19.82,19.66,19.96,19.78,0.004,0.004,0.004,0.004,0.006,0.004,0.006,687.0,700.0,692.0,685.0,700.0,682.0,605.0,0.0,0.0,0.0,0.0,0.0,0.0,0.0,0.0,10.08,0.0,60.2,0.0,0.0,0.0,0.0,0.0,0.0,0.0,0.0,0.0,0.0,20.12,19.85,0.0,19.51,319.7,16.92,2.0,3.531,-1.0,1.193,2.2,4902
2014-09-07 02:56:00,0.0,0.0,0.0,814829.0,74.7,59.9,60.0,0.0,23516.0,341.0,74629.0,809302.0,0.0,1.0,0.0,0.0,0.0,274.1,273.9,274.4,0.979,274.0,0.748,274.0,0.921,274.0,0.0139999999999999,13.69,2.0,3.0,0.0,21.2,0.0,11.08,21.85,0.0,-0.0069999999999999,-0.003,0.331,-0.037,0.214,0.0,25.31,19.84,19.85,19.86,19.76,19.27,19.78,19.66,19.96,19.78,0.004,0.004,0.004,0.004,0.005,0.004,0.006,687.0,700.0,692.0,685.0,700.0,682.0,605.0,0.0,0.0,0.0,0.0,0.0,0.0,0.0,0.0,9.82,0.0,60.15,0.0,0.0,0.0,0.0,0.0,0.0,0.0,0.0,0.0,0.0,20.12,19.84,0.0,19.51,328.2,13.24,2.0,3.531,-1.0,1.675,2.4,4902
2014-09-07 02:57:00,0.0,0.0,0.0,814829.0,74.7,59.9,60.0,0.0,23516.0,341.0,74629.0,809302.0,0.0,1.0,0.0,0.0,0.0,273.9,274.1,274.6,0.979,274.0,0.748,274.0,0.921,274.0,0.0139999999999999,13.68,2.0,3.0,0.0,21.18,0.0,10.76,21.8,0.0,-0.0069999999999999,-0.003,0.331,-0.0379999999999999,0.214,0.0,25.31,19.84,19.85,19.86,19.75,19.27,19.78,19.66,19.96,19.78,0.004,0.004,0.004,0.004,0.005,0.004,0.006,687.0,700.0,692.0,685.0,700.0,682.0,605.0,0.0,0.0,0.0,0.0,0.0,0.0,0.0,0.0,9.58,0.0,60.14,0.0,0.0,0.0,0.0,0.0,0.0,0.0,0.0,0.0,0.0,20.17,19.91,0.0,19.52,337.7,15.66,2.0,3.531,-1.0,1.867,2.7,4902
2014-09-07 02:58:00,0.0,0.0,0.0,814829.0,74.7,59.9,60.0,0.0,23516.0,341.0,74629.0,809302.0,0.0,1.0,0.0,0.0,0.0,274.2,273.9,274.4,0.979,274.0,0.748,274.0,0.921,274.0,0.0139999999999999,13.68,2.0,3.0,0.0,21.17,0.0,10.66,21.91,0.0,-0.0069999999999999,-0.004,0.331,-0.036,0.214,0.0,25.31,19.84,19.85,19.84,19.76,19.27,19.78,19.66,19.96,19.78,0.004,0.004,0.004,0.004,0.006,0.004,0.006,687.0,700.0,692.0,685.0,700.0,682.0,605.0,0.0,0.0,0.0,0.0,0.0,0.0,0.0,0.0,9.46,0.0,60.14,0.0,0.0,0.0,0.0,0.0,0.0,0.0,0.0,0.0,0.0,20.16,19.88,0.0,19.49,313.4,19.4,2.0,3.531,-1.0,1.492,2.2,4902
2014-09-07 02:59:00,0.0,0.0,0.0,814829.0,74.7,59.9,60.0,0.0,23516.0,341.0,74629.0,809302.0,0.0,1.0,0.0,0.0,0.0,274.2,274.0,274.4,0.979,274.0,0.748,274.0,0.921,274.0,0.0139999999999999,13.68,2.0,3.0,0.0,21.15,0.0,10.65,21.81,0.0,-0.0069999999999999,-0.003,0.331,-0.0379999999999999,0.214,0.0,25.23,19.84,19.85,19.86,19.76,19.27,19.78,19.66,19.96,19.78,0.004,0.004,0.004,0.004,0.005,0.004,0.006,687.0,700.0,692.0,685.0,700.0,682.0,605.0,0.0,0.0,0.0,0.0,0.0,0.0,0.0,0.0,9.36,0.0,60.14,0.0,0.0,0.0,0.0,0.0,0.0,0.0,0.0,0.0,0.0,20.18,19.91,0.0,19.48,337.8,17.79,2.0,3.531,-1.0,1.247,2.1,4902
2014-09-07 03:00:00,0.0,0.0,0.0,814829.0,74.7,59.9,60.0,0.0,23516.0,341.0,74629.0,809302.0,0.0,1.0,0.0,0.0,0.0,274.1,274.1,274.6,0.979,274.0,0.748,274.0,0.921,274.0,0.0139999999999999,13.68,2.0,3.0,0.0,21.16,0.0,10.65,21.8,0.0,-0.0069999999999999,-0.003,0.331,-0.0379999999999999,0.214,0.0,25.21,19.84,19.85,19.86,19.76,19.27,19.78,19.66,19.96,19.78,0.004,0.005,0.004,0.004,0.006,0.004,0.006,687.0,700.0,692.0,685.0,700.0,682.0,605.0,0.0,0.0,0.0,0.0,0.0,0.0,0.0,0.0,9.35,0.0,60.15,0.0,0.0,0.0,0.0,0.0,0.0,0.0,0.0,0.0,0.0,20.22,19.94,0.0,19.47,354.7,20.53,2.0,3.531,-1.0,1.183,2.2,4902
2014-09-07 03:01:00,0.0,0.0,0.0,814829.0,74.7,59.9,60.0,0.0,23516.0,341.0,74629.0,809302.0,0.0,1.0,0.0,0.0,0.0,274.2,274.2,274.6,0.979,274.0,0.748,274.0,0.921,274.2,0.0139999999999999,13.68,2.0,3.0,0.0,21.16,0.0,10.59,21.85,0.0,-0.0069999999999999,-0.003,0.3329999999999999,-0.0379999999999999,0.214,0.0,25.21,19.84,19.85,19.84,19.76,19.27,19.78,19.66,19.96,19.78,0.004,0.004,0.004,0.004,0.006,0.004,0.0069999999999999,687.0,700.0,692.0,685.0,700.0,682.0,605.0,0.0,0.0,0.0,0.0,0.0,0.0,0.0,0.0,9.31,0.0,60.21,0.0,0.0,0.0,0.0,0.0,0.0,0.0,0.0,0.0,0.0,20.29,20.02,0.0,19.49,23.95,34.84,2.0,3.531,-1.0,1.355,2.5,4902
2014-09-07 03:02:00,0.0,0.0,0.0,814829.0,74.7,59.9,60.0,0.0,23516.0,341.0,74629.0,809302.0,0.0,1.0,0.0,0.0,0.0,273.9,274.1,274.5,0.979,274.0,0.748,274.0,0.921,274.0,0.0139999999999999,13.68,2.0,3.0,0.0,21.15,0.0,10.51,21.85,0.0,-0.0069999999999999,-0.003,0.341,-0.0379999999999999,0.214,0.0,25.21,19.84,19.85,19.82,19.76,19.27,19.78,19.66,19.96,19.79,0.004,0.004,0.004,0.004,0.005,0.004,0.006,687.0,700.0,692.0,685.0,700.0,682.0,605.0,0.0,0.0,0.0,0.0,0.0,0.0,0.0,0.0,9.15,0.0,60.13,0.0,0.0,0.0,0.0,0.0,0.0,0.0,0.0,0.0,0.0,20.33,20.05,0.0,19.5,9.72,20.68,2.0,3.531,-1.0,1.213,2.1,4902
2014-09-07 03:03:00,0.0,0.0,0.0,814829.0,74.7,59.9,60.0,0.0,23516.0,341.0,74629.0,809302.0,0.0,1.0,0.0,0.0,0.0,274.0,273.9,274.3,0.979,274.0,0.748,274.0,0.921,274.0,0.0139999999999999,13.68,2.0,3.0,0.0,21.12,0.0,10.42,21.82,0.0,-0.0069999999999999,-0.003,0.3389999999999999,-0.037,0.214,0.0,25.21,19.84,19.85,19.84,19.75,19.27,19.8,19.66,19.96,19.79,0.004,0.004,0.004,0.004,0.005,0.004,0.006,687.0,700.0,692.0,685.0,700.0,682.0,605.0,0.0,0.0,0.0,0.0,0.0,0.0,0.0,0.0,9.05,0.0,60.13,0.0,0.0,0.0,0.0,0.0,0.0,0.0,0.0,0.0,0.0,20.34,20.04,0.0,19.51,343.4,10.98,2.0,3.53,-1.0,1.592,2.3,4902
2014-09-07 03:04:00,0.0,0.0,0.0,814829.0,74.7,59.9,60.0,0.0,23516.0,341.0,74629.0,809302.0,0.0,1.0,0.0,0.0,0.0,274.2,274.1,274.5,0.979,274.0,0.748,274.0,0.921,274.1,0.0139999999999999,13.68,2.0,3.0,0.0,21.12,0.0,10.14,21.85,0.0,-0.0069999999999999,-0.003,0.341,-0.037,0.214,0.0,25.18,19.84,19.85,19.81,19.76,19.27,19.82,19.66,19.96,19.78,0.004,0.004,0.004,0.004,0.005,0.004,0.006,687.0,700.0,692.0,685.0,700.0,682.0,605.0,0.0,0.0,0.0,0.0,0.0,0.0,0.0,0.0,9.03,0.0,60.14,0.0,0.0,0.0,0.0,0.0,0.0,0.0,0.0,0.0,0.0,20.31,20.03,0.0,19.52,346.8,18.07,2.0,3.53,-1.0,1.6469999999999998,2.6,4902
2014-09-07 03:05:00,0.0,0.0,0.0,814829.0,74.7,59.9,60.0,0.0,23516.0,341.0,74629.0,809302.0,0.0,1.0,0.0,0.0,0.0,274.2,274.4,274.8,0.979,274.0,0.748,274.0,0.921,274.9,0.0139999999999999,13.68,2.0,3.0,0.0,21.12,0.0,10.06,21.83,0.0,-0.0069999999999999,-0.003,0.3429999999999999,-0.037,0.214,0.0,25.13,19.84,19.85,19.86,19.76,19.27,19.83,19.66,19.96,19.81,0.004,0.004,0.004,0.004,0.006,0.004,0.006,687.0,700.0,692.0,685.0,700.0,682.0,605.0,0.0,0.0,0.0,0.0,0.0,0.0,0.0,0.0,8.8,0.0,60.13,0.0,0.0,0.0,0.0,0.0,0.0,0.0,0.0,0.0,0.0,20.28,19.99,0.0,19.52,344.3,17.17,2.0,3.53,-1.0,1.317,2.0,4902
2014-09-07 03:06:00,0.0,0.0,0.0,814829.0,74.7,59.9,60.0,0.0,23516.0,341.0,74629.0,809302.0,0.0,1.0,0.0,0.0,0.0,274.0,273.9,274.3,0.979,273.9,0.748,273.2,0.921,274.2,0.0139999999999999,13.68,2.0,3.0,0.0,21.1,0.0,10.04,21.8,0.0,-0.0069999999999999,-0.003,0.3449999999999999,-0.037,0.214,0.0,25.12,19.91,19.85,19.83,19.76,19.27,19.86,19.73,20.02,19.8,0.004,0.004,0.004,0.004,0.005,0.004,0.006,687.0,700.0,692.0,685.0,700.0,682.0,605.0,0.0,0.0,0.0,0.0,0.0,0.0,0.0,0.0,8.769999999999998,0.0,60.17,0.0,0.0,0.0,0.0,0.0,0.0,0.0,0.0,0.0,0.0,20.29,20.0,0.0,19.56,325.4,20.76,2.0,3.528,-1.0,1.7280000000000002,2.5,4902
2014-09-07 03:07:00,0.0,0.0,0.0,814829.0,74.7,59.9,60.0,0.0,23516.0,341.0,74629.0,809302.0,0.0,1.0,0.0,0.0,0.0,274.0,273.5,274.0,0.979,273.7,0.748,273.0,0.921,274.0,0.0139999999999999,13.68,2.0,3.0,0.0,21.1,0.0,10.05,21.83,0.0,-0.0069999999999999,-0.002,0.347,-0.037,0.214,0.0,25.12,19.93,19.85,19.84,19.76,19.27,19.88,19.75,20.05,19.82,0.004,0.004,0.004,0.004,0.005,0.004,0.006,687.0,700.0,692.0,685.0,700.0,682.0,605.0,0.0,0.0,0.0,0.0,0.0,0.0,0.0,0.0,8.769999999999998,0.0,60.16,0.0,0.0,0.0,0.0,0.0,0.0,0.0,0.0,0.0,0.0,20.33,20.06,0.0,19.6,348.7,20.34,2.0,3.528,-1.0,1.5830000000000002,2.4,4902
2014-09-07 03:08:00,0.0,0.0,0.0,814829.0,74.7,59.9,60.0,0.0,23516.0,341.0,74629.0,809302.0,0.0,1.0,0.0,0.0,0.0,273.8,273.7,274.2,0.979,273.9,0.748,273.0,0.921,274.0,0.0139999999999999,13.68,2.0,3.0,0.0,21.09,0.0,10.04,21.82,0.0,-0.0069999999999999,-0.001,0.3479999999999999,-0.0379999999999999,0.214,0.0,25.12,19.94,19.85,19.86,19.76,19.31,19.88,19.74,20.05,19.84,0.004,0.004,0.004,0.004,0.005,0.004,0.006,687.0,700.0,692.0,685.0,700.0,682.0,605.0,0.0,0.0,0.0,0.0,0.0,0.0,0.0,0.0,8.769999999999998,0.0,60.15,0.0,0.0,0.0,0.0,0.0,0.0,0.0,0.0,0.0,0.0,20.4,20.13,0.0,19.64,11.65,32.13,2.0,3.53,-1.0,1.3119999999999998,2.8,4902
2014-09-07 03:09:00,0.0,0.0,0.0,814829.0,74.7,59.9,60.0,0.0,23516.0,341.0,74629.0,809302.0,0.0,1.0,0.0,0.0,0.0,273.8,273.7,274.1,0.979,273.3,0.748,273.0,0.921,274.0,0.0139999999999999,13.68,2.0,3.0,0.0,21.07,0.0,10.04,21.79,0.0,-0.0069999999999999,-0.001,0.3499999999999999,-0.037,0.214,0.0,25.12,19.94,19.85,19.86,19.76,19.37,19.88,19.76,20.04,19.86,0.004,0.004,0.004,0.004,0.005,0.004,0.006,687.0,700.0,692.0,685.0,700.0,682.0,605.0,0.0,0.0,0.0,0.0,0.0,0.0,0.0,0.0,8.76,0.0,60.14,0.0,0.0,0.0,0.0,0.0,0.0,0.0,0.0,0.0,0.0,20.43,20.15,0.0,19.64,353.6,21.59,2.0,3.53,-1.0,1.96,2.6,4902
2014-09-07 03:10:00,0.0,0.0,0.0,814829.0,74.7,59.9,60.0,0.0,23516.0,341.0,74629.0,809302.0,0.0,1.0,0.0,0.0,0.0,273.9,273.7,274.1,0.979,273.1,0.748,273.0,0.921,274.0,0.0139999999999999,13.68,2.0,3.0,0.0,21.07,0.0,10.04,21.84,0.0,-0.0069999999999999,-0.001,0.3549999999999999,-0.0379999999999999,0.214,0.0,25.12,19.94,19.87,19.86,19.76,19.35,19.88,19.76,20.05,19.89,0.004,0.004,0.004,0.004,0.005,0.004,0.006,687.0,700.0,692.0,685.0,700.0,682.0,605.0,0.0,0.0,0.0,0.0,0.0,0.0,0.0,0.0,8.54,0.0,60.15,0.0,0.0,0.0,0.0,0.0,0.0,0.0,0.0,0.0,0.0,20.4,20.12,0.0,19.66,6.805,22.65,2.0,3.531,-1.0,2.003,2.9,4902
2014-09-07 03:11:00,0.0,0.0,0.0,814829.0,74.7,59.9,60.0,0.0,23516.0,341.0,74629.0,809302.0,0.0,1.0,0.0,0.0,0.0,273.9,273.7,274.1,0.979,273.1,0.748,273.0,0.921,274.0,0.0139999999999999,13.68,2.0,3.0,0.0,21.07,0.0,10.0,21.83,0.0,-0.0069999999999999,-0.001,0.356,-0.0379999999999999,0.214,0.0,25.1,19.94,19.92,19.86,19.76,19.37,19.88,19.76,20.05,19.86,0.004,0.004,0.004,0.004,0.005,0.004,0.006,687.0,700.0,692.0,685.0,700.0,682.0,605.0,0.0,0.0,0.0,0.0,0.0,0.0,0.0,0.0,8.5,0.0,60.14,0.0,0.0,0.0,0.0,0.0,0.0,0.0,0.0,0.0,0.0,20.36,20.07,0.0,19.63,16.54,33.71,2.0,3.53,-1.0,2.158,4.1,4902
2014-09-07 03:12:00,0.0,0.0,0.0,814829.0,74.7,59.9,60.0,0.0,23516.0,341.0,74629.0,809302.0,0.0,1.0,0.0,0.0,0.0,274.1,273.5,274.0,0.979,273.0,0.748,273.0,0.921,274.0,0.0139999999999999,13.68,2.0,3.0,0.0,21.05,0.0,9.97,21.84,0.0,-0.0069999999999999,-0.001,0.356,-0.0379999999999999,0.214,0.0,25.12,19.94,19.98,19.86,19.76,19.37,19.88,19.76,20.05,19.86,0.004,0.004,0.004,0.004,0.006,0.004,0.006,687.0,700.0,692.0,685.0,700.0,682.0,605.0,0.0,0.0,0.0,0.0,0.0,0.0,0.0,0.0,8.5,0.0,60.21,0.0,0.0,0.0,0.0,0.0,0.0,0.0,0.0,0.0,0.0,20.37,20.08,0.0,19.64,0.6079999999999999,19.31,2.0,3.53,-1.0,2.633,4.9,4902
2014-09-07 03:13:00,0.0,0.0,0.0,814829.0,74.7,59.9,60.0,0.0,23516.0,341.0,74629.0,809302.0,0.0,1.0,0.0,0.0,0.0,273.7,273.8,274.2,0.979,273.5,0.748,273.1,0.921,274.0,0.0139999999999999,13.68,2.0,3.0,0.0,21.04,0.0,9.82,21.81,0.0,-0.006,-0.001,0.356,-0.0379999999999999,0.214,0.0,25.08,19.94,19.95,19.86,19.76,19.37,19.88,19.76,20.05,19.89,0.004,0.004,0.004,0.004,0.005,0.004,0.006,687.0,700.0,692.0,685.0,700.0,682.0,605.0,0.0,0.0,0.0,0.0,0.0,0.0,0.0,0.0,8.5,0.0,60.21,0.0,0.0,0.0,0.0,0.0,0.0,0.0,0.0,0.0,0.0,20.34,20.04,0.0,19.64,355.3,14.56,2.0,3.53,-1.0,3.567,6.6,4902
2014-09-07 03:14:00,0.0,0.0,0.0,814829.0,74.7,59.9,60.0,0.0,23516.0,341.0,74629.0,809302.0,0.0,1.0,0.0,0.0,0.0,273.6,274.0,274.4,0.979,274.0,0.748,273.5,0.921,274.0,0.0139999999999999,13.68,2.0,3.0,0.0,21.04,0.0,9.77,21.82,0.0,-0.006,-0.001,0.356,-0.0379999999999999,0.214,0.0,25.02,19.94,19.91,19.84,19.76,19.37,19.88,19.76,20.05,19.96,0.004,0.004,0.004,0.004,0.005,0.004,0.006,687.0,700.0,692.0,685.0,700.0,682.0,605.0,0.0,0.0,0.0,0.0,0.0,0.0,0.0,0.0,8.5,0.0,60.21,0.0,0.0,0.0,0.0,0.0,0.0,0.0,0.0,0.0,0.0,20.3,20.0,0.0,19.62,5.087,28.24,2.0,3.53,-1.0,1.5319999999999998,2.8,4902
2014-09-07 03:15:00,0.0,0.0,0.0,814829.0,74.7,59.9,60.0,0.0,23516.0,341.0,74629.0,809302.0,0.0,1.0,0.0,0.0,0.0,273.8,273.7,274.2,0.979,273.4,0.748,273.0,0.921,274.0,0.0139999999999999,13.68,2.0,3.0,0.0,21.02,0.0,9.71,21.86,0.0,-0.0069999999999999,-0.002,0.356,-0.0379999999999999,0.214,0.0,25.02,19.94,19.9,19.84,19.76,19.37,19.85,19.75,20.02,19.95,0.004,0.004,0.004,0.004,0.005,0.004,0.006,687.0,700.0,692.0,685.0,700.0,682.0,605.0,0.0,0.0,0.0,0.0,0.0,0.0,0.0,0.0,8.32,0.0,60.17,0.0,0.0,0.0,0.0,0.0,0.0,0.0,0.0,0.0,0.0,20.28,19.99,0.0,19.62,3.474,10.64,2.0,3.532,-1.0,2.8280000000000003,4.6,4902
2014-09-07 03:16:00,0.0,0.0,0.0,814829.0,74.7,59.9,60.0,0.0,23516.0,341.0,74629.0,809302.0,0.0,1.0,0.0,0.0,0.0,273.7,273.9,274.3,0.979,273.7,0.748,273.0,0.921,274.0,0.0139999999999999,13.68,2.0,3.0,0.0,21.02,0.0,9.49,21.81,0.0,-0.0069999999999999,-0.002,0.356,-0.037,0.214,0.0,25.02,19.94,19.91,19.81,19.76,19.37,19.82,19.75,20.04,19.91,0.004,0.004,0.004,0.004,0.005,0.004,0.006,687.0,700.0,692.0,685.0,700.0,682.0,605.0,0.0,0.0,0.0,0.0,0.0,0.0,0.0,0.0,8.14,0.0,60.19,0.0,0.0,0.0,0.0,0.0,0.0,0.0,0.0,0.0,0.0,20.33,20.05,0.0,19.62,356.6,34.73,2.0,3.531,-1.0,2.498,4.1,4902
2014-09-07 03:17:00,0.0,0.0,0.0,814829.0,74.7,59.9,60.0,0.0,23516.0,341.0,74629.0,809302.0,0.0,1.0,0.0,0.0,0.0,273.8,273.8,274.3,0.979,273.6,0.748,273.0,0.921,274.0,0.0139999999999999,13.68,2.0,3.0,0.0,21.02,0.0,9.37,21.81,0.0,-0.0069999999999999,-0.003,0.356,-0.0379999999999999,0.214,0.0,25.0,19.93,19.92,19.86,19.76,19.37,19.8,19.75,20.02,19.88,0.004,0.004,0.004,0.004,0.005,0.004,0.006,687.0,700.0,692.0,685.0,700.0,682.0,605.0,0.0,0.0,0.0,0.0,0.0,0.0,0.0,0.0,7.852,0.0,60.18,0.0,0.0,0.0,0.0,0.0,0.0,0.0,0.0,0.0,0.0,20.27,19.96,0.0,19.59,342.2,19.73,2.0,3.531,-1.0,2.252,3.2,4902
2014-09-07 03:18:00,0.0,0.0,0.0,814829.0,74.7,59.9,60.0,0.0,23516.0,341.0,74629.0,809302.0,0.0,1.0,0.0,0.0,0.0,274.0,273.8,274.2,0.979,274.0,0.748,273.7,0.921,274.0,0.0139999999999999,13.68,2.0,3.0,0.0,21.01,0.0,8.929999999999998,21.82,0.0,-0.0069999999999999,-0.003,0.356,-0.0379999999999999,0.214,0.0,24.97,19.86,19.88,19.78,19.75,19.36,19.78,19.69,19.96,19.88,0.004,0.004,0.004,0.004,0.005,0.004,0.006,687.0,700.0,692.0,685.0,700.0,682.0,605.0,0.0,0.0,0.0,0.0,0.0,0.0,0.0,0.0,7.559999999999999,0.0,60.23,0.0,0.0,0.0,0.0,0.0,0.0,0.0,0.0,0.0,0.0,20.22,19.93,0.0,19.57,8.599999999999998,19.58,2.0,3.528,-1.0,2.127,3.0,4902
2014-09-07 03:19:00,0.0,0.0,0.0,814829.0,74.7,59.9,60.0,0.0,23516.0,341.0,74629.0,809302.0,0.0,1.0,0.0,0.0,0.0,273.8,273.9,274.3,0.979,274.0,0.748,273.8,0.921,274.0,0.0139999999999999,13.68,2.0,3.0,0.0,20.99,0.0,8.83,21.83,0.0,-0.0069999999999999,-0.003,0.3599999999999999,-0.0379999999999999,0.214,0.0,24.92,19.84,19.88,19.76,19.75,19.37,19.78,19.7,19.96,19.85,0.004,0.004,0.004,0.004,0.005,0.004,0.006,687.0,700.0,692.0,685.0,700.0,682.0,605.0,0.0,0.0,0.0,0.0,0.0,0.0,0.0,0.0,7.226,0.0,60.16,0.0,0.0,0.0,0.0,0.0,0.0,0.0,0.0,0.0,0.0,20.27,19.97,0.0,19.56,1.5419999999999998,24.54,2.0,3.531,-1.0,1.742,3.2,4902
2014-09-07 03:20:00,0.0,0.0,0.0,814829.0,74.7,59.9,60.0,0.0,23516.0,341.0,74629.0,809302.0,0.0,1.0,0.0,0.0,0.0,274.1,274.0,274.4,0.979,274.0,0.748,274.0,0.921,274.0,0.0139999999999999,13.68,2.0,3.0,0.0,20.99,0.0,8.519999999999998,21.82,0.0,-0.0069999999999999,-0.004,0.3599999999999999,-0.0379999999999999,0.214,0.0,24.92,19.84,19.87,19.76,19.71,19.34,19.78,19.66,19.96,19.87,0.004,0.004,0.004,0.004,0.005,0.004,0.006,687.0,700.0,692.0,685.0,700.0,682.0,605.0,0.0,0.0,0.0,0.0,0.0,0.0,0.0,0.0,6.969,0.0,60.19,0.0,0.0,0.0,0.0,0.0,0.0,0.0,0.0,0.0,0.0,20.21,19.91,0.0,19.55,354.8,19.22,2.0,3.531,-1.0,1.618,2.6,4902
2014-09-07 03:21:00,0.0,0.0,0.0,814829.0,74.7,59.9,60.0,0.0,23516.0,341.0,74629.0,809302.0,0.0,1.0,0.0,0.0,0.0,274.2,274.0,274.4,0.979,274.0,0.748,274.0,0.921,274.0,0.0139999999999999,13.68,2.0,3.0,0.0,20.99,0.0,8.31,21.86,0.0,-0.0069999999999999,-0.006,0.3609999999999999,-0.037,0.214,0.0,24.92,19.84,19.89,19.76,19.66,19.27,19.78,19.66,19.96,19.87,0.004,0.004,0.004,0.004,0.005,0.004,0.006,687.0,700.0,692.0,685.0,700.0,682.0,605.0,0.0,0.0,0.0,0.0,0.0,0.0,0.0,0.0,6.885,0.0,60.17,0.0,0.0,0.0,0.0,0.0,0.0,0.0,0.0,0.0,0.0,20.14,19.85,0.0,19.53,0.6709999999999999,24.6,2.0,3.53,-1.0,1.585,3.7,4902
2014-09-07 03:22:00,0.0,0.0,0.0,814829.0,74.7,59.9,60.0,0.0,23516.0,341.0,74629.0,809302.0,0.0,1.0,0.0,0.0,0.0,274.3,274.0,274.4,0.979,274.0,0.748,274.0,0.921,274.0,0.0139999999999999,13.68,2.0,3.0,0.0,20.97,0.0,8.269999999999998,21.8,0.0,-0.0069999999999999,-0.0069999999999999,0.3639999999999999,-0.037,0.214,0.0,24.92,19.84,19.77,19.76,19.66,19.27,19.78,19.66,19.94,19.77,0.004,0.004,0.004,0.004,0.005,0.004,0.006,687.0,700.0,692.0,685.0,700.0,682.0,605.0,0.0,0.0,0.0,0.0,0.0,0.0,0.0,0.0,6.882999999999999,0.0,60.15,0.0,0.0,0.0,0.0,0.0,0.0,0.0,0.0,0.0,0.0,20.14,19.85,0.0,19.51,327.7,18.35,2.0,3.53,-1.0,2.51,3.9,4902
2014-09-07 03:23:00,0.0,0.0,0.0,814829.0,74.7,59.9,60.0,0.0,23516.0,341.0,74629.0,809302.0,0.0,1.0,0.0,0.0,0.0,273.9,274.0,274.4,0.979,274.0,0.748,274.0,0.921,274.0,0.0139999999999999,13.68,2.0,3.0,0.0,20.96,0.0,8.25,21.79,0.0,-0.0069999999999999,-0.006,0.372,-0.037,0.214,0.0,24.92,19.84,19.86,19.74,19.66,19.27,19.78,19.66,19.86,19.78,0.004,0.004,0.004,0.004,0.005,0.004,0.006,687.0,700.0,692.0,685.0,700.0,682.0,605.0,0.0,0.0,0.0,0.0,0.0,0.0,0.0,0.0,6.769,0.0,60.13,0.0,0.0,0.0,0.0,0.0,0.0,0.0,0.0,0.0,0.0,20.16,19.86,0.0,19.49,354.7,23.24,2.0,3.531,-1.0,3.1,4.2,4902
2014-09-07 03:24:00,0.0,0.0,0.0,814829.0,74.7,59.9,60.0,0.0,23516.0,341.0,74629.0,809302.0,0.0,1.0,0.0,0.0,0.0,274.3,274.0,274.4,0.979,274.0,0.748,274.0,0.921,274.0,0.0139999999999999,13.68,2.0,3.0,0.0,20.96,0.0,8.24,21.88,0.0,-0.0069999999999999,-0.006,0.374,-0.0379999999999999,0.214,0.0,24.89,19.78,19.83,19.68,19.66,19.27,19.78,19.62,19.86,19.78,0.004,0.004,0.004,0.004,0.005,0.004,0.006,687.0,700.0,692.0,685.0,700.0,682.0,605.0,0.0,0.0,0.0,0.0,0.0,0.0,0.0,0.0,6.615,0.0,60.13,0.0,0.0,0.0,0.0,0.0,0.0,0.0,0.0,0.0,0.0,20.1,19.81,0.0,19.47,341.3,15.61,2.0,3.531,-1.0,2.3080000000000003,3.4,4902
2014-09-07 03:25:00,0.0,0.0,0.0,814829.0,74.7,59.9,60.0,0.0,23516.0,341.0,74629.0,809302.0,0.0,1.0,0.0,0.0,0.0,274.2,274.2,274.6,0.979,274.0,0.748,274.0,0.921,274.3,0.0139999999999999,13.69,2.0,3.0,0.0,20.95,0.0,8.17,21.9,0.0,-0.0069999999999999,-0.0069999999999999,0.376,-0.037,0.214,0.0,24.82,19.75,19.83,19.66,19.66,19.27,19.72,19.61,19.86,19.78,0.004,0.004,0.004,0.004,0.005,0.004,0.006,687.0,700.0,692.0,685.0,700.0,682.0,605.0,0.0,0.0,0.0,0.0,0.0,0.0,0.0,0.0,6.523,0.0,60.12,0.0,0.0,0.0,0.0,0.0,0.0,0.0,0.0,0.0,0.0,20.06,19.79,0.0,19.45,336.1,31.55,2.0,3.53,-1.0,2.267,3.4,4902
2014-09-07 03:26:00,0.0,0.0,0.0,814829.0,74.7,59.9,60.0,0.0,23516.0,341.0,74629.0,809302.0,0.0,1.0,0.0,0.0,0.0,274.3,274.5,274.8,0.979,274.0,0.748,274.0,0.921,275.0,0.0139999999999999,13.68,2.0,3.0,0.0,20.93,0.0,7.976,21.8,0.0,-0.0069999999999999,-0.0069999999999999,0.381,-0.0379999999999999,0.214,0.0,24.82,19.75,19.84,19.66,19.66,19.22,19.69,19.57,19.86,19.78,0.004,0.004,0.004,0.004,0.005,0.004,0.006,687.0,700.0,692.0,685.0,700.0,682.0,605.0,0.0,0.0,0.0,0.0,0.0,0.0,0.0,0.0,6.345,0.0,60.22,0.0,0.0,0.0,0.0,0.0,0.0,0.0,0.0,0.0,0.0,20.08,19.78,0.0,19.43,3.454,19.13,2.0,3.53,-1.0,1.433,2.4,4902
2014-09-07 03:27:00,0.0,0.0,0.0,814829.0,74.7,59.9,60.0,0.0,23516.0,341.0,74629.0,809302.0,0.0,1.0,0.0,0.0,0.0,274.5,274.4,274.8,0.979,274.0,0.748,274.0,0.921,275.0,0.0139999999999999,13.68,2.0,3.0,0.0,20.93,0.0,7.889999999999999,21.83,0.0,-0.0069999999999999,-0.0069999999999999,0.381,-0.0379999999999999,0.214,0.0,24.82,19.71,19.81,19.66,19.61,19.18,19.69,19.57,19.86,19.77,0.004,0.004,0.004,0.004,0.005,0.004,0.006,687.0,700.0,692.0,685.0,700.0,682.0,605.0,0.0,0.0,0.0,0.0,0.0,0.0,0.0,0.0,6.345,0.0,60.21,0.0,0.0,0.0,0.0,0.0,0.0,0.0,0.0,0.0,0.0,20.01,19.72,0.0,19.4,5.356,18.77,2.0,3.531,-1.0,1.5219999999999998,2.5,4902
2014-09-07 03:28:00,0.0,0.0,0.0,814829.0,74.7,59.9,60.0,0.0,23516.0,341.0,74629.0,809302.0,0.0,1.0,0.0,0.0,0.0,274.5,274.3,274.7,0.979,274.0,0.748,274.0,0.921,275.0,0.0139999999999999,13.69,2.0,3.0,0.0,20.91,0.0,7.779,21.8,0.0,-0.0069999999999999,-0.0069999999999999,0.384,-0.037,0.214,0.0,24.82,19.65,19.73,19.65,19.57,19.18,19.69,19.57,19.86,19.7,0.004,0.004,0.004,0.004,0.005,0.004,0.006,687.0,700.0,692.0,685.0,700.0,682.0,605.0,0.0,0.0,0.0,0.0,0.0,0.0,0.0,0.0,6.345,0.0,60.13,0.0,0.0,0.0,0.0,0.0,0.0,0.0,0.0,0.0,0.0,20.01,19.72,0.0,19.36,13.29,23.11,2.0,3.53,-1.0,1.858,2.8,4902
2014-09-07 03:29:00,0.0,0.0,0.0,814829.0,74.7,59.9,60.0,0.0,23516.0,341.0,74629.0,809302.0,0.0,1.0,0.0,0.0,0.0,274.4,274.3,274.6,0.979,274.0,0.748,274.0,0.921,275.0,0.0139999999999999,13.68,2.0,3.0,0.0,20.91,0.0,7.696,21.82,0.0,-0.0069999999999999,-0.0069999999999999,0.386,-0.037,0.214,0.0,24.81,19.65,19.74,19.66,19.57,19.18,19.65,19.57,19.84,19.69,0.004,0.004,0.004,0.004,0.005,0.004,0.006,687.0,700.0,692.0,685.0,700.0,682.0,605.0,0.0,0.0,0.0,0.0,0.0,0.0,0.0,0.0,6.198,0.0,60.14,0.0,0.0,0.0,0.0,0.0,0.0,0.0,0.0,0.0,0.0,20.03,19.75,0.0,19.35,337.8,14.05,2.0,3.531,-1.0,1.988,2.7,4902
2014-09-07 03:30:00,0.0,0.0,0.0,814829.0,74.7,59.9,60.0,0.0,23516.0,341.0,74629.0,809302.0,0.0,1.0,0.0,0.0,0.0,274.3,274.4,274.8,0.979,274.0,0.748,274.0,0.921,275.0,0.0139999999999999,13.68,2.0,3.0,0.0,20.91,0.0,7.639999999999999,21.82,0.0,-0.0069999999999999,-0.0069999999999999,0.385,-0.0379999999999999,0.214,0.0,24.73,19.65,19.76,19.63,19.55,19.14,19.62,19.47,19.78,19.67,0.004,0.004,0.004,0.004,0.005,0.004,0.006,687.0,700.0,692.0,685.0,700.0,682.0,605.0,0.0,0.0,0.0,0.0,0.0,0.0,0.0,0.0,5.9670000000000005,0.0,60.15,0.0,0.0,0.0,0.0,0.0,0.0,0.0,0.0,0.0,0.0,20.01,19.7,0.0,19.34,17.2,13.27,2.0,3.531,-1.0,2.393,4.9,4902
2014-09-07 03:31:00,0.0,0.0,0.0,814829.0,74.7,59.9,60.0,0.0,23516.0,341.0,74629.0,809302.0,0.0,1.0,0.0,0.0,0.0,274.3,274.6,274.9,0.979,274.0,0.748,274.0,0.921,275.0,0.0139999999999999,13.68,2.0,3.0,0.0,20.89,0.0,7.582999999999998,21.8,0.0,-0.0069999999999999,-0.0069999999999999,0.38,-0.0379999999999999,0.214,0.0,24.73,19.62,19.75,19.57,19.48,19.08,19.59,19.47,19.76,19.67,0.004,0.004,0.004,0.004,0.005,0.004,0.006,687.0,700.0,692.0,685.0,700.0,682.0,605.0,0.0,0.0,0.0,0.0,0.0,0.0,0.0,0.0,5.625,0.0,60.15,0.0,0.0,0.0,0.0,0.0,0.0,0.0,0.0,0.0,0.0,19.91,19.6,0.0,19.29,328.6,46.64,2.0,3.531,-1.0,1.5019999999999998,2.5,4902
2014-09-07 03:32:00,0.0,0.0,0.0,814829.0,74.7,59.9,60.0,0.0,23516.0,341.0,74629.0,809302.0,0.0,1.0,0.0,0.0,0.0,274.4,274.5,274.9,0.979,274.0,0.748,274.0,0.921,275.0,0.0139999999999999,13.68,2.0,3.0,0.0,20.88,0.0,7.132000000000001,21.8,0.0,-0.0069999999999999,-0.0069999999999999,0.38,-0.0379999999999999,0.214,0.0,24.73,19.55,19.66,19.57,19.47,19.08,19.59,19.47,19.73,19.6,0.004,0.004,0.004,0.004,0.005,0.004,0.006,687.0,700.0,692.0,685.0,700.0,682.0,605.0,0.0,0.0,0.0,0.0,0.0,0.0,0.0,0.0,5.256,0.0,60.17,0.0,0.0,0.0,0.0,0.0,0.0,0.0,0.0,0.0,0.0,19.88,19.59,0.0,19.25,341.3,28.65,2.0,3.531,-1.0,1.633,2.9,4902
2014-09-07 03:33:00,0.0,0.0,0.0,814829.0,74.7,59.9,60.0,0.0,23516.0,341.0,74629.0,809302.0,0.0,1.0,0.0,0.0,0.0,274.6,274.4,274.8,0.979,274.0,0.748,274.0,0.921,275.0,0.0139999999999999,13.68,2.0,3.0,0.0,20.88,0.0,6.8660000000000005,21.83,0.0,-0.0069999999999999,-0.0069999999999999,0.38,-0.0379999999999999,0.214,0.0,24.73,19.55,19.66,19.47,19.47,19.08,19.57,19.44,19.66,19.59,0.004,0.004,0.004,0.004,0.005,0.004,0.006,687.0,700.0,692.0,685.0,700.0,682.0,605.0,0.0,0.0,0.0,0.0,0.0,0.0,0.0,0.0,5.002,0.0,60.21,0.0,0.0,0.0,0.0,0.0,0.0,0.0,0.0,0.0,0.0,19.87,19.59,0.0,19.22,345.4,13.53,2.0,3.531,-1.0,2.17,3.2,4902
2014-09-07 03:34:00,0.0,0.0,0.0,814829.0,74.7,59.9,60.0,0.0,23516.0,341.0,74629.0,809302.0,0.0,1.0,0.0,0.0,0.0,274.2,274.3,274.7,0.979,274.0,0.748,274.0,0.921,275.0,0.0139999999999999,13.68,2.0,3.0,0.0,20.85,0.0,6.519,21.82,0.0,-0.0069999999999999,-0.0069999999999999,0.38,-0.0379999999999999,0.214,0.0,24.73,19.5,19.66,19.47,19.47,19.03,19.51,19.37,19.66,19.59,0.004,0.004,0.004,0.004,0.005,0.004,0.006,687.0,700.0,692.0,685.0,700.0,682.0,605.0,0.0,0.0,0.0,0.0,0.0,0.0,0.0,0.0,4.725,0.0,60.23,0.0,0.0,0.0,0.0,0.0,0.0,0.0,0.0,0.0,0.0,19.85,19.57,0.0,19.2,344.5,11.27,2.0,3.531,-1.0,2.265,3.2,4902
2014-09-07 03:35:00,0.0,0.0,0.0,814829.0,74.7,59.9,60.0,0.0,23516.0,341.0,74629.0,809302.0,0.0,1.0,0.0,0.0,0.0,274.3,274.2,274.6,0.979,274.0,0.748,274.0,0.921,274.8,0.0139999999999999,13.68,2.0,3.0,0.0,20.85,0.0,6.1770000000000005,21.87,0.0,-0.0069999999999999,-0.0069999999999999,0.385,-0.0379999999999999,0.214,0.0,24.73,19.45,19.65,19.47,19.39,18.98,19.49,19.37,19.66,19.57,0.004,0.004,0.004,0.004,0.005,0.004,0.006,687.0,700.0,692.0,685.0,700.0,682.0,605.0,0.0,0.0,0.0,0.0,0.0,0.0,0.0,0.0,4.276,0.0,60.18,0.0,0.0,0.0,0.0,0.0,0.0,0.0,0.0,0.0,0.0,19.83,19.54,0.0,19.17,333.5,13.26,2.0,3.53,-1.0,2.3280000000000003,3.8,4902
2014-09-07 03:36:00,0.0,0.0,0.0,814829.0,74.7,59.9,60.0,0.0,23516.0,341.0,74629.0,809302.0,0.0,1.0,0.0,0.0,0.0,274.3,274.2,274.7,0.979,274.0,0.748,274.0,0.921,274.7,0.0139999999999999,13.68,2.0,3.0,0.0,20.84,0.0,5.81,21.81,0.0,-0.01,-0.0069999999999999,0.3879999999999999,-0.0379999999999999,0.214,0.0,24.63,19.45,19.57,19.44,19.37,18.97,19.44,19.35,19.62,19.49,0.004,0.004,0.004,0.004,0.005,0.004,0.006,687.0,700.0,692.0,685.0,700.0,682.0,605.0,0.0,0.0,0.0,0.0,0.0,0.0,0.0,0.0,3.923,0.0,60.18,0.0,0.0,0.0,0.0,0.0,0.0,0.0,0.0,0.0,0.0,19.76,19.47,0.0,19.15,333.1,15.71,2.0,3.53,-1.0,2.68,3.7,4902
2014-09-07 03:37:00,0.0,0.0,0.0,814829.0,74.7,59.9,60.0,0.0,23516.0,341.0,74629.0,809302.0,0.0,1.0,0.0,0.0,0.0,274.4,274.1,274.6,0.979,274.0,0.748,274.0,0.921,274.5,0.0139999999999999,13.68,2.0,3.0,0.0,20.83,0.0,5.784,21.81,0.0,-0.013,-0.0069999999999999,0.391,-0.0379999999999999,0.214,0.0,24.63,19.42,19.52,19.37,19.32,18.9,19.39,19.27,19.57,19.44,0.004,0.004,0.004,0.004,0.005,0.004,0.006,687.0,700.0,692.0,685.0,700.0,682.0,605.0,0.0,0.0,0.0,0.0,0.0,0.0,0.0,0.0,3.718,0.0,60.13,0.0,0.0,0.0,0.0,0.0,0.0,0.0,0.0,0.0,0.0,19.79,19.51,0.0,19.12,337.3,12.9,2.0,3.53,-1.0,2.588,4.4,4902
2014-09-07 03:38:00,0.0,0.0,0.0,814829.0,74.7,59.9,60.0,0.0,23516.0,341.0,74629.0,809302.0,0.0,1.0,0.0,0.0,0.0,274.0,274.3,274.7,0.979,274.0,0.748,274.0,0.921,274.0,0.0139999999999999,13.68,2.0,3.0,0.0,20.81,0.0,5.486000000000001,21.8,0.0,-0.013,-0.0069999999999999,0.3929999999999999,-0.0379999999999999,0.214,0.0,24.63,19.36,19.47,19.34,19.27,18.88,19.39,19.26,19.5,19.39,0.004,0.004,0.004,0.004,0.005,0.004,0.006,687.0,700.0,692.0,685.0,700.0,682.0,605.0,0.0,0.0,0.0,0.0,0.0,0.0,0.0,0.0,3.571,0.0,60.14,0.0,0.0,0.0,0.0,0.0,0.0,0.0,0.0,0.0,0.0,19.78,19.48,0.0,19.06,344.1,16.04,2.0,3.53,-1.0,3.235,4.0,4902
2014-09-07 03:39:00,0.0,0.0,0.0,814829.0,74.7,59.9,60.0,0.0,23516.0,341.0,74629.0,809302.0,0.0,1.0,0.0,0.0,0.0,274.3,274.2,274.6,0.979,274.0,0.748,274.0,0.921,274.1,0.0139999999999999,13.68,2.0,3.0,0.0,20.8,0.0,5.169,21.82,0.0,-0.013,-0.0069999999999999,0.396,-0.0379999999999999,0.214,0.0,24.63,19.29,19.47,19.27,19.24,18.82,19.31,19.18,19.47,19.38,0.004,0.004,0.004,0.004,0.005,0.004,0.006,687.0,700.0,692.0,685.0,700.0,682.0,605.0,0.0,0.0,0.0,0.0,0.0,0.0,0.0,0.0,3.1260000000000003,0.0,60.14,0.0,0.0,0.0,0.0,0.0,0.0,0.0,0.0,0.0,0.0,19.76,19.47,0.0,19.01,331.1,11.83,2.0,3.531,-1.0,2.278,3.1,4902
2014-09-07 03:40:00,0.0,0.0,0.0,814829.0,74.7,59.9,60.0,0.0,23516.0,341.0,74629.0,809302.0,0.0,1.0,0.0,0.0,0.0,274.4,274.4,274.8,0.979,274.0,0.748,274.0,0.921,275.0,0.0139999999999999,13.68,2.0,3.0,0.0,20.8,0.0,4.694,21.83,0.0,-0.013,-0.0069999999999999,0.397,-0.0379999999999999,0.214,0.0,24.58,19.26,19.37,19.22,19.18,18.77,19.23,19.11,19.45,19.3,0.004,0.004,0.004,0.004,0.005,0.004,0.006,687.0,700.0,692.0,685.0,700.0,682.0,605.0,0.0,0.0,0.0,0.0,0.0,0.0,0.0,0.0,2.62,0.0,60.15,0.0,0.0,0.0,0.0,0.0,0.0,0.0,0.0,0.0,0.0,19.77,19.47,0.0,18.97,8.21,19.49,2.0,3.531,-1.0,1.72,3.2,4902
2014-09-07 03:41:00,0.0,0.0,0.0,814829.0,74.7,59.9,60.0,0.0,23516.0,341.0,74629.0,809302.0,0.0,1.0,0.0,0.0,0.0,274.6,274.6,274.9,0.979,274.0,0.748,274.0,0.921,275.0,0.0139999999999999,13.68,2.0,3.0,0.0,20.77,0.0,4.363,21.79,0.0,-0.013,-0.0069999999999999,0.3989999999999999,-0.0379999999999999,0.214,0.0,24.53,19.18,19.29,19.11,19.08,18.67,19.17,19.06,19.35,19.2,0.004,0.004,0.004,0.004,0.005,0.004,0.006,687.0,700.0,692.0,685.0,700.0,682.0,605.0,0.0,0.0,0.0,0.0,0.0,0.0,0.0,0.0,2.164,0.0,60.15,0.0,0.0,0.0,0.0,0.0,0.0,0.0,0.0,0.0,0.0,19.78,19.48,0.0,18.91,328.9,25.97,2.0,3.531,-1.0,1.885,4.1,4902
2014-09-07 03:42:00,0.0,0.0,0.0,814829.0,74.7,59.9,60.0,0.0,23516.0,341.0,74629.0,809302.0,0.0,1.0,0.0,0.0,0.0,274.6,274.6,274.9,0.979,274.0,0.748,274.0,0.921,275.0,0.0139999999999999,13.68,2.0,3.0,0.0,20.76,0.0,4.017,21.79,0.0,-0.016,-0.0069999999999999,0.4,-0.037,0.214,0.0,24.53,19.1,19.21,19.03,19.01,18.56,19.07,18.95,19.27,19.08,0.004,0.004,0.004,0.004,0.005,0.004,0.006,687.0,700.0,692.0,685.0,700.0,682.0,605.0,0.0,0.0,0.0,0.0,0.0,0.0,0.0,0.0,1.821,0.0,60.19,0.0,0.0,0.0,0.0,0.0,0.0,0.0,0.0,0.0,0.0,19.72,19.41,0.0,18.84,339.8,13.47,2.0,3.531,-1.0,2.485,4.0,4902
2014-09-07 03:43:00,0.0,0.0,0.0,814829.0,74.7,59.9,60.0,0.0,23516.0,341.0,74629.0,809302.0,0.0,1.0,0.0,0.0,0.0,274.7,274.6,274.9,0.979,274.0,0.748,274.0,0.921,275.0,0.0139999999999999,13.68,2.0,3.0,0.0,20.74,0.0,3.976,21.87,0.0,-0.02,-0.011,0.401,-0.0379999999999999,0.214,0.0,24.53,19.01,19.09,18.93,18.92,18.46,18.97,18.85,19.16,18.98,0.004,0.004,0.004,0.004,0.005,0.004,0.006,687.0,700.0,692.0,685.0,700.0,682.0,605.0,0.0,0.0,0.0,0.0,0.0,0.0,0.0,0.0,1.705,0.0,60.17,0.0,0.0,0.0,0.0,0.0,0.0,0.0,0.0,0.0,0.0,19.7,19.38,0.0,18.78,18.81,36.3,2.0,3.531,-1.0,2.02,4.2,4902
2014-09-07 03:44:00,0.0,0.0,0.0,814829.0,74.7,59.9,60.0,0.0,23516.0,341.0,74629.0,809302.0,0.0,1.0,0.0,0.0,0.0,274.6,274.7,275.0,0.979,274.0,0.748,274.0,0.921,275.0,0.0139999999999999,13.69,2.0,3.0,0.0,20.73,0.0,3.884,21.79,0.0,-0.02,-0.013,0.402,-0.0379999999999999,0.214,0.0,24.5,18.95,19.03,18.82,18.82,18.38,18.87,18.72,19.08,18.87,0.004,0.004,0.004,0.004,0.005,0.004,0.006,687.0,700.0,692.0,685.0,700.0,682.0,605.0,0.0,0.0,0.0,0.0,0.0,0.0,0.0,0.0,1.62,0.0,60.13,0.0,0.0,0.0,0.0,0.0,0.0,0.0,0.0,0.0,0.0,19.65,19.34,0.0,18.69,5.711,15.08,2.0,3.531,-1.0,1.793,2.8,4902
2014-09-07 03:45:00,0.0,0.0,0.0,814829.0,74.7,59.9,60.0,0.0,23516.0,341.0,74629.0,809302.0,0.0,1.0,0.0,0.0,0.0,274.6,274.8,275.1,0.979,274.0,0.748,274.0,0.921,275.0,0.0139999999999999,13.68,2.0,3.0,0.0,20.71,0.0,3.962,21.79,0.0,-0.02,-0.013,0.4029999999999999,-0.0379999999999999,0.214,0.0,24.48,18.87,18.93,18.7,18.69,18.3,18.76,18.64,19.0,18.81,0.004,0.004,0.004,0.004,0.005,0.004,0.006,687.0,700.0,692.0,685.0,700.0,682.0,605.0,0.0,0.0,0.0,0.0,0.0,0.0,0.0,0.0,1.682,0.0,60.13,0.0,0.0,0.0,0.0,0.0,0.0,0.0,0.0,0.0,0.0,19.63,19.33,0.0,18.6,352.9,15.9,2.0,3.531,-1.0,1.337,2.3,4902
2014-09-07 03:46:00,0.0,0.0,0.0,814829.0,74.7,59.9,60.0,0.0,23516.0,341.0,74629.0,809302.0,0.0,1.0,0.0,0.0,0.0,274.4,274.3,274.7,0.979,274.0,0.748,274.0,0.921,274.2,0.0139999999999999,13.68,2.0,3.0,0.0,20.69,0.0,4.009,21.79,0.0,-0.02,-0.013,0.4029999999999999,-0.0379999999999999,0.214,0.0,24.5,18.8,18.83,18.62,18.6,18.2,18.66,18.52,18.9,18.69,0.004,0.004,0.004,0.004,0.005,0.004,0.006,687.0,700.0,692.0,685.0,700.0,682.0,605.0,0.0,0.0,0.0,0.0,0.0,0.0,0.0,0.0,1.757,0.0,60.15,0.0,0.0,0.0,0.0,0.0,0.0,0.0,0.0,0.0,0.0,19.56,19.25,0.0,18.56,12.61,27.1,2.0,3.53,-1.0,1.068,1.8,4902
2014-09-07 03:47:00,0.0,0.0,0.0,814829.0,74.7,59.9,60.0,0.0,23516.0,341.0,74629.0,809302.0,0.0,1.0,0.0,0.0,0.0,274.3,274.2,274.6,0.979,274.0,0.748,274.0,0.921,274.2,0.0139999999999999,13.68,2.0,3.0,0.0,20.67,0.0,4.063,21.88,0.0,-0.02,-0.013,0.4039999999999999,-0.0379999999999999,0.214,0.0,24.49,18.77,18.79,18.59,18.55,18.12,18.61,18.49,18.88,18.61,0.004,0.004,0.004,0.004,0.005,0.004,0.006,687.0,700.0,692.0,685.0,700.0,682.0,605.0,0.0,0.0,0.0,0.0,0.0,0.0,0.0,0.0,2.01,0.0,60.13,0.0,0.0,0.0,0.0,0.0,0.0,0.0,0.0,0.0,0.0,19.58,19.29,0.0,18.54,353.8,25.12,2.0,3.53,-1.0,1.888,3.0,4902
2014-09-07 03:48:00,0.0,0.0,0.0,814829.0,74.7,59.9,60.0,0.0,23516.0,341.0,74629.0,809302.0,0.0,1.0,0.0,0.0,0.0,274.2,274.4,274.8,0.979,274.0,0.748,274.0,0.921,274.8,0.0139999999999999,13.68,2.0,3.0,0.0,20.65,0.0,4.227,21.8,0.0,-0.02,-0.013,0.4039999999999999,-0.0379999999999999,0.214,0.0,24.44,18.7,18.74,18.57,18.53,18.1,18.61,18.49,18.82,18.61,0.004,0.004,0.004,0.004,0.005,0.004,0.006,687.0,700.0,692.0,685.0,700.0,682.0,605.0,0.0,0.0,0.0,0.0,0.0,0.0,0.0,0.0,2.1,0.0,60.16,0.0,0.0,0.0,0.0,0.0,0.0,0.0,0.0,0.0,0.0,19.54,19.21,0.0,18.46,2.805,20.86,2.0,3.531,-1.0,1.818,2.5,4902
2014-09-07 03:49:00,0.0,0.0,0.0,814829.0,74.7,59.9,60.0,0.0,23516.0,341.0,74629.0,809302.0,0.0,1.0,0.0,0.0,0.0,274.4,274.2,274.6,0.979,274.0,0.748,274.0,0.921,274.7,0.0139999999999999,13.68,2.0,3.0,0.0,20.64,0.0,4.527,21.81,0.0,-0.02,-0.013,0.405,-0.0379999999999999,0.214,0.0,24.41,18.67,18.69,18.49,18.49,18.1,18.58,18.41,18.79,18.61,0.004,0.004,0.004,0.004,0.005,0.004,0.006,687.0,700.0,692.0,685.0,700.0,682.0,605.0,0.0,0.0,0.0,0.0,0.0,0.0,0.0,0.0,2.298,0.0,60.15,0.0,0.0,0.0,0.0,0.0,0.0,0.0,0.0,0.0,0.0,19.49,19.2,0.0,18.45,338.4,18.44,2.0,3.53,-1.0,1.22,1.9,4902
2014-09-07 03:50:00,0.0,0.0,0.0,814829.0,74.7,59.9,60.0,0.0,23516.0,341.0,74629.0,809302.0,0.0,1.0,0.0,0.0,0.0,274.5,274.3,274.6,0.979,274.0,0.748,274.0,0.921,274.5,0.0139999999999999,13.68,2.0,3.0,0.0,20.62,0.0,4.615,21.81,0.0,-0.02,-0.013,0.405,-0.0379999999999999,0.214,0.0,24.44,18.67,18.69,18.49,18.49,18.09,18.53,18.4,18.79,18.6,0.004,0.004,0.004,0.004,0.005,0.004,0.006,687.0,700.0,692.0,685.0,700.0,682.0,605.0,0.0,0.0,0.0,0.0,0.0,0.0,0.0,0.0,2.56,0.0,60.14,0.0,0.0,0.0,0.0,0.0,0.0,0.0,0.0,0.0,0.0,19.5,19.21,0.0,18.47,350.1,19.69,2.0,3.53,-1.0,1.228,2.3,4902
2014-09-07 03:51:00,0.0,0.0,0.0,814829.0,74.7,59.9,60.0,0.0,23516.0,341.0,74629.0,809302.0,0.0,1.0,0.0,0.0,0.0,274.3,274.4,274.7,0.979,274.0,0.748,274.0,0.921,274.9,0.013,13.68,2.0,3.0,0.0,20.59,0.0,4.624,21.81,0.0,-0.02,-0.013,0.405,-0.0379999999999999,0.214,0.0,24.41,18.67,18.69,18.49,18.49,18.0,18.51,18.4,18.75,18.53,0.004,0.004,0.004,0.004,0.005,0.004,0.006,687.0,700.0,692.0,685.0,700.0,682.0,605.0,0.0,0.0,0.0,0.0,0.0,0.0,0.0,0.0,2.565,0.0,60.15,0.0,0.0,0.0,0.0,0.0,0.0,0.0,0.0,0.0,0.0,19.45,19.15,0.0,18.44,347.6,18.75,2.0,3.531,-1.0,1.175,1.9,4902
2014-09-07 03:52:00,0.0,0.0,0.0,814829.0,74.7,59.9,60.0,0.0,23516.0,341.0,74629.0,809302.0,0.0,1.0,0.0,0.0,0.0,274.3,274.5,274.8,0.979,274.0,0.748,274.0,0.921,275.0,0.0139999999999999,13.68,2.0,3.0,0.0,20.58,0.0,4.699,21.82,0.0,-0.02,-0.013,0.4029999999999999,-0.0379999999999999,0.214,0.0,24.39,18.7,18.69,18.49,18.47,18.0,18.51,18.4,18.74,18.51,0.004,0.004,0.004,0.004,0.005,0.004,0.006,687.0,700.0,692.0,685.0,700.0,682.0,605.0,0.0,0.0,0.0,0.0,0.0,0.0,0.0,0.0,2.719,0.0,60.15,0.0,0.0,0.0,0.0,0.0,0.0,0.0,0.0,0.0,0.0,19.41,19.12,0.0,18.47,330.0,25.83,2.0,3.53,-1.0,2.005,3.9,4902
2014-09-07 03:53:00,0.0,0.0,0.0,814829.0,74.7,59.9,60.0,0.0,23516.0,341.0,74629.0,809302.0,0.0,1.0,0.0,0.0,0.0,274.4,274.5,274.7,0.979,274.0,0.748,274.0,0.921,275.0,0.013,13.68,2.0,3.0,0.0,20.56,0.0,5.096,21.79,0.0,-0.02,-0.013,0.401,-0.037,0.214,0.0,24.34,18.69,18.69,18.49,18.4,17.99,18.51,18.38,18.69,18.51,0.004,0.004,0.004,0.004,0.005,0.004,0.006,687.0,700.0,692.0,685.0,700.0,682.0,605.0,0.0,0.0,0.0,0.0,0.0,0.0,0.0,0.0,2.873,0.0,60.14,0.0,0.0,0.0,0.0,0.0,0.0,0.0,0.0,0.0,0.0,19.42,19.12,0.0,18.44,4.095,25.77,2.0,3.531,-1.0,2.01,3.9,4902
2014-09-07 03:54:00,0.0,0.0,0.0,814829.0,74.7,59.9,60.0,0.0,23516.0,341.0,74629.0,809302.0,0.0,1.0,0.0,0.0,0.0,274.4,274.4,274.8,0.979,274.0,0.748,274.0,0.921,275.0,0.013,13.68,2.0,3.0,0.0,20.54,0.0,5.211,21.79,0.0,-0.02,-0.013,0.402,-0.0379999999999999,0.214,0.0,24.34,18.67,18.69,18.49,18.4,18.0,18.51,18.4,18.75,18.51,0.004,0.004,0.004,0.004,0.005,0.004,0.006,687.0,700.0,692.0,685.0,700.0,682.0,605.0,0.0,0.0,0.0,0.0,0.0,0.0,0.0,0.0,3.175,0.0,60.16,0.0,0.0,0.0,0.0,0.0,0.0,0.0,0.0,0.0,0.0,19.45,19.16,0.0,18.4,353.7,20.65,2.0,3.53,-1.0,1.66,2.7,4902
2014-09-07 03:55:00,0.0,0.0,0.0,814829.0,74.7,59.9,60.0,0.0,23516.0,341.0,74629.0,809302.0,0.0,1.0,0.0,0.0,0.0,274.5,274.4,274.8,0.979,274.0,0.748,274.0,0.921,275.0,0.013,13.68,2.0,3.0,0.0,20.53,0.0,5.344,21.84,0.0,-0.0149999999999999,-0.012,0.4029999999999999,-0.0379999999999999,0.214,0.0,24.33,18.67,18.69,18.49,18.4,18.0,18.51,18.4,18.79,18.51,0.004,0.004,0.004,0.004,0.005,0.004,0.006,687.0,700.0,692.0,685.0,700.0,682.0,605.0,0.0,0.0,0.0,0.0,0.0,0.0,0.0,0.0,3.448,0.0,60.21,0.0,0.0,0.0,0.0,0.0,0.0,0.0,0.0,0.0,0.0,19.46,19.16,0.0,18.4,338.9,12.64,2.0,3.531,-1.0,1.705,3.5,4902
2014-09-07 03:56:00,0.0,0.0,0.0,814829.0,74.7,59.9,60.0,0.0,23516.0,341.0,74629.0,809302.0,0.0,1.0,0.0,0.0,0.0,273.7,273.9,274.2,0.979,273.2,0.748,273.2,0.921,274.2,0.013,13.68,2.0,3.0,0.0,20.5,0.0,5.69,21.79,0.0,-0.013,-0.008,0.4029999999999999,-0.0379999999999999,0.214,0.0,24.28,18.67,18.69,18.49,18.45,18.0,18.51,18.4,18.79,18.55,0.004,0.004,0.004,0.004,0.005,0.004,0.006,687.0,700.0,692.0,685.0,700.0,682.0,605.0,0.0,0.0,0.0,0.0,0.0,0.0,0.0,0.0,3.644,0.0,60.2,0.0,0.0,0.0,0.0,0.0,0.0,0.0,0.0,0.0,0.0,19.41,19.11,0.0,18.4,332.1,12.59,2.0,3.531,-1.0,2.9530000000000003,4.5,4902
2014-09-07 03:57:00,0.0,0.0,0.0,814829.0,74.7,59.9,60.0,0.0,23516.0,341.0,74629.0,809302.0,0.0,1.0,0.0,0.0,0.0,273.6,273.6,274.0,0.979,273.0,0.748,273.0,0.921,274.0,0.013,13.68,2.0,3.0,0.0,20.48,0.0,5.773,21.79,0.0,-0.013,-0.0069999999999999,0.4039999999999999,-0.037,0.214,0.0,24.25,18.67,18.69,18.49,18.49,18.0,18.55,18.4,18.79,18.61,0.004,0.004,0.004,0.004,0.005,0.004,0.006,687.0,700.0,692.0,685.0,700.0,682.0,605.0,0.0,0.0,0.0,0.0,0.0,0.0,0.0,0.0,3.645,0.0,60.14,0.0,0.0,0.0,0.0,0.0,0.0,0.0,0.0,0.0,0.0,19.38,19.09,0.0,18.41,355.1,14.68,2.0,3.531,-1.0,2.307,3.3,4902
2014-09-07 03:58:00,0.0,0.0,0.0,814829.0,74.7,59.9,60.0,0.0,23516.0,341.0,74629.0,809302.0,0.0,1.0,0.0,0.0,0.0,273.6,273.7,274.1,0.979,273.0,0.748,273.0,0.921,274.0,0.013,13.68,2.0,3.0,0.0,20.47,0.0,5.815,21.79,0.0,-0.013,-0.0069999999999999,0.4039999999999999,-0.037,0.214,0.0,24.25,18.67,18.69,18.49,18.49,18.04,18.55,18.4,18.79,18.61,0.004,0.004,0.004,0.004,0.005,0.004,0.006,687.0,700.0,692.0,685.0,700.0,682.0,605.0,0.0,0.0,0.0,0.0,0.0,0.0,0.0,0.0,3.792,0.0,60.13,0.0,0.0,0.0,0.0,0.0,0.0,0.0,0.0,0.0,0.0,19.38,19.09,0.0,18.41,331.5,12.33,2.0,3.531,-1.0,2.325,3.6,4902
2014-09-07 03:59:00,0.0,0.0,0.0,814829.0,74.7,59.9,60.0,0.0,23516.0,341.0,74629.0,809302.0,0.0,1.0,0.0,0.0,0.0,273.7,273.5,274.0,0.979,273.0,0.748,273.0,0.921,274.0,0.013,13.68,2.0,3.0,0.0,20.45,0.0,5.823,21.79,0.0,-0.013,-0.0069999999999999,0.405,-0.0379999999999999,0.214,0.0,24.25,18.72,18.69,18.49,18.49,18.09,18.61,18.46,18.84,18.61,0.004,0.004,0.004,0.004,0.005,0.004,0.006,687.0,700.0,692.0,685.0,700.0,682.0,605.0,0.0,0.0,0.0,0.0,0.0,0.0,0.0,0.0,3.901,0.0,60.13,0.0,0.0,0.0,0.0,0.0,0.0,0.0,0.0,0.0,0.0,19.38,19.09,0.0,18.42,354.9,37.45,2.0,3.53,-1.0,1.74,2.9,4902
2014-09-07 04:00:00,0.0,0.0,0.0,814829.0,74.7,59.9,60.0,0.0,23516.0,341.0,74629.0,809302.0,0.0,1.0,0.0,0.0,0.0,273.6,273.4,273.9,0.979,273.0,0.748,273.0,0.921,274.0,0.013,13.68,2.0,3.0,0.0,20.43,0.0,5.813,21.82,0.0,-0.013,-0.0069999999999999,0.405,-0.037,0.214,0.0,24.2,18.74,18.69,18.49,18.49,18.04,18.61,18.4,18.79,18.61,0.004,0.004,0.004,0.004,0.005,0.004,0.006,687.0,700.0,692.0,685.0,700.0,682.0,605.0,0.0,0.0,0.0,0.0,0.0,0.0,0.0,0.0,3.825,0.0,60.12,0.0,0.0,0.0,0.0,0.0,0.0,0.0,0.0,0.0,0.0,19.31,19.02,0.0,18.42,314.0,11.12,2.0,3.53,-1.0,1.993,3.2,4902
2014-09-07 04:01:00,0.0,0.0,0.0,814829.0,74.7,59.9,60.0,0.0,23516.0,341.0,74629.0,809302.0,0.0,1.0,0.0,0.0,0.0,273.5,273.4,273.9,0.979,273.0,0.748,273.0,0.921,274.0,0.013,13.68,2.0,3.0,0.0,20.42,0.0,5.797999999999999,21.86,0.0,-0.013,-0.0069999999999999,0.405,-0.0379999999999999,0.214,0.0,24.15,18.69,18.69,18.49,18.49,18.0,18.67,18.4,18.79,18.61,0.004,0.004,0.004,0.004,0.005,0.004,0.006,687.0,700.0,692.0,685.0,700.0,682.0,605.0,0.0,0.0,0.0,0.0,0.0,0.0,0.0,0.0,3.682,0.0,60.14,0.0,0.0,0.0,0.0,0.0,0.0,0.0,0.0,0.0,0.0,19.29,18.99,0.0,18.4,327.3,11.52,2.0,3.531,-1.0,2.277,3.2,4902
2014-09-07 04:02:00,0.0,0.0,0.0,814829.0,74.7,59.9,60.0,0.0,23516.0,341.0,74629.0,809302.0,0.0,1.0,0.0,0.0,0.0,273.7,273.3,273.8,0.979,273.0,0.748,273.0,0.921,274.0,0.013,13.68,2.0,3.0,0.0,20.4,0.0,5.77,21.87,0.0,-0.013,-0.0069999999999999,0.406,-0.0379999999999999,0.2129999999999999,0.0,24.15,18.67,18.69,18.49,18.49,18.0,18.7,18.4,18.79,18.61,0.004,0.004,0.004,0.004,0.005,0.004,0.006,687.0,700.0,692.0,685.0,700.0,682.0,605.0,0.0,0.0,0.0,0.0,0.0,0.0,0.0,0.0,3.645,0.0,60.14,0.0,0.0,0.0,0.0,0.0,0.0,0.0,0.0,0.0,0.0,19.22,18.92,0.0,18.36,321.9,35.48,2.0,3.53,-1.0,1.088,2.0,4902
2014-09-07 04:03:00,0.0,0.0,0.0,814829.0,74.7,59.9,60.0,0.0,23516.0,341.0,74629.0,809302.0,0.0,1.0,0.0,0.0,0.0,273.4,273.4,273.9,0.979,273.0,0.748,273.0,0.921,274.0,0.013,13.68,2.0,3.0,0.0,20.38,0.0,5.706,21.79,0.0,-0.013,-0.0069999999999999,0.406,-0.0379999999999999,0.2129999999999999,0.0,24.1,18.67,18.69,18.49,18.44,17.99,18.65,18.4,18.79,18.59,0.004,0.004,0.004,0.004,0.005,0.004,0.006,687.0,700.0,692.0,685.0,700.0,682.0,605.0,0.0,0.0,0.0,0.0,0.0,0.0,0.0,0.0,3.645,0.0,60.14,0.0,0.0,0.0,0.0,0.0,0.0,0.0,0.0,0.0,0.0,19.22,18.94,0.0,18.36,343.4,20.18,2.0,3.531,-1.0,1.398,2.3,4902
2014-09-07 04:04:00,0.0,0.0,0.0,814829.0,74.7,59.9,60.0,0.0,23516.0,341.0,74629.0,809302.0,0.0,1.0,0.0,0.0,0.0,273.5,273.5,273.9,0.979,273.0,0.748,273.0,0.921,274.0,0.013,13.68,2.0,3.0,0.0,20.37,0.0,5.426,21.82,0.0,-0.013,-0.0069999999999999,0.406,-0.0379999999999999,0.2129999999999999,0.0,24.05,18.67,18.69,18.49,18.4,17.91,18.6,18.4,18.69,18.59,0.004,0.004,0.004,0.004,0.005,0.004,0.006,687.0,700.0,692.0,685.0,700.0,682.0,605.0,0.0,0.0,0.0,0.0,0.0,0.0,0.0,0.0,3.529,0.0,60.19,0.0,0.0,0.0,0.0,0.0,0.0,0.0,0.0,0.0,0.0,19.24,18.97,0.0,18.38,0.401,27.64,2.0,3.53,-1.0,1.853,3.3,4902
2014-09-07 04:05:00,0.0,0.0,0.0,814829.0,74.7,59.9,60.0,0.0,23516.0,341.0,74629.0,809302.0,0.0,1.0,0.0,0.0,0.0,273.5,273.4,273.9,0.979,273.0,0.748,273.0,0.921,274.0,0.013,13.68,2.0,3.0,0.0,20.35,0.0,5.251,21.82,0.0,-0.013,-0.0069999999999999,0.406,-0.0379999999999999,0.214,0.0,24.05,18.63,18.59,18.49,18.4,17.91,18.62,18.31,18.69,18.54,0.004,0.004,0.004,0.004,0.005,0.004,0.006,687.0,700.0,692.0,685.0,700.0,682.0,605.0,0.0,0.0,0.0,0.0,0.0,0.0,0.0,0.0,3.321,0.0,60.23,0.0,0.0,0.0,0.0,0.0,0.0,0.0,0.0,0.0,0.0,19.25,18.95,0.0,18.33,345.1,16.28,2.0,3.531,-1.0,1.822,2.5,4902
2014-09-07 04:06:00,0.0,0.0,0.0,814829.0,74.7,59.9,60.0,0.0,23516.0,341.0,74629.0,809302.0,0.0,1.0,0.0,0.0,0.0,273.5,273.4,273.8,0.979,273.0,0.748,273.0,0.921,274.0,0.013,13.68,2.0,3.0,0.0,20.33,0.0,5.196000000000001,21.83,0.0,-0.0139999999999999,-0.0069999999999999,0.406,-0.0379999999999999,0.214,0.0,24.05,18.58,18.59,18.43,18.4,17.91,18.6,18.3,18.69,18.51,0.004,0.004,0.004,0.004,0.005,0.004,0.006,687.0,700.0,692.0,685.0,700.0,682.0,605.0,0.0,0.0,0.0,0.0,0.0,0.0,0.0,0.0,3.033,0.0,60.21,0.0,0.0,0.0,0.0,0.0,0.0,0.0,0.0,0.0,0.0,19.18,18.88,0.0,18.3,324.8,13.37,2.0,3.531,-1.0,1.94,3.1,4902
2014-09-07 04:07:00,0.0,0.0,0.0,814829.0,74.7,59.9,60.0,0.0,23516.0,341.0,74629.0,809302.0,0.0,1.0,0.0,0.0,0.0,273.5,273.5,273.8,0.979,273.0,0.748,273.0,0.921,274.0,0.013,13.68,2.0,3.0,0.0,20.31,0.0,4.752,21.82,0.0,-0.016,-0.009,0.406,-0.037,0.214,0.0,24.05,18.58,18.56,18.4,18.31,17.89,18.53,18.28,18.69,18.51,0.004,0.004,0.004,0.004,0.005,0.004,0.006,687.0,700.0,692.0,685.0,700.0,682.0,605.0,0.0,0.0,0.0,0.0,0.0,0.0,0.0,0.0,2.717,0.0,60.13,0.0,0.0,0.0,0.0,0.0,0.0,0.0,0.0,0.0,0.0,19.16,18.86,0.0,18.29,336.2,14.22,2.0,3.53,-1.0,2.295,3.7,4902
2014-09-07 04:08:00,0.0,0.0,0.0,814829.0,74.7,59.9,60.0,0.0,23516.0,341.0,74629.0,809302.0,0.0,1.0,0.0,0.0,0.0,273.5,273.5,273.9,0.979,273.0,0.748,273.0,0.921,274.0,0.013,13.68,2.0,3.0,0.0,20.29,0.0,4.566,21.79,0.0,-0.02,-0.012,0.407,-0.0379999999999999,0.214,0.0,24.0,18.53,18.49,18.31,18.3,17.81,18.5,18.23,18.6,18.42,0.004,0.004,0.004,0.004,0.005,0.004,0.006,687.0,700.0,692.0,685.0,700.0,682.0,605.0,0.0,0.0,0.0,0.0,0.0,0.0,0.0,0.0,2.394,0.0,60.15,0.0,0.0,0.0,0.0,0.0,0.0,0.0,0.0,0.0,0.0,19.12,18.82,0.0,18.23,340.2,21.44,2.0,3.531,-1.0,1.84,2.8,4902
2014-09-07 04:09:00,0.0,0.0,0.0,814829.0,74.7,59.9,60.0,0.0,23516.0,341.0,74629.0,809302.0,0.0,1.0,0.0,0.0,0.0,273.6,273.5,273.9,0.979,273.0,0.748,273.0,0.921,274.0,0.013,13.68,2.0,3.0,0.0,20.27,0.0,4.129,21.79,0.0,-0.02,-0.013,0.407,-0.0379999999999999,0.214,0.0,23.95,18.53,18.43,18.33,18.23,17.73,18.44,18.13,18.54,18.38,0.004,0.004,0.004,0.004,0.005,0.004,0.006,687.0,700.0,692.0,685.0,700.0,682.0,605.0,0.0,0.0,0.0,0.0,0.0,0.0,0.0,0.0,1.93,0.0,60.15,0.0,0.0,0.0,0.0,0.0,0.0,0.0,0.0,0.0,0.0,19.11,18.81,0.0,18.21,343.0,16.8,2.0,3.531,-1.0,1.307,2.9,4902
2014-09-07 04:10:00,0.0,0.0,0.0,814829.0,74.7,59.9,60.0,0.0,23516.0,341.0,74629.0,809302.0,0.0,1.0,0.0,0.0,0.0,273.5,273.5,273.9,0.979,273.0,0.748,273.0,0.921,274.0,0.013,13.68,2.0,3.0,0.0,20.25,0.0,3.808,21.8,0.0,-0.02,-0.013,0.407,-0.0379999999999999,0.2129999999999999,0.0,23.95,18.45,18.36,18.23,18.13,17.71,18.34,18.08,18.46,18.25,0.004,0.004,0.004,0.004,0.005,0.004,0.006,687.0,700.0,692.0,685.0,700.0,682.0,605.0,0.0,0.0,0.0,0.0,0.0,0.0,0.0,0.0,1.663,0.0,60.14,0.0,0.0,0.0,0.0,0.0,0.0,0.0,0.0,0.0,0.0,19.09,18.79,0.0,18.15,339.8,15.04,2.0,3.531,-1.0,2.392,3.3,4902
2014-09-07 04:11:00,0.0,0.0,0.0,814829.0,74.7,59.9,60.0,0.0,23516.0,341.0,74629.0,809302.0,0.0,1.0,0.0,0.0,0.0,273.6,273.5,273.9,0.979,273.0,0.748,273.0,0.921,274.0,0.013,13.68,2.0,3.0,0.0,20.22,0.0,3.404,21.81,0.0,-0.02,-0.013,0.407,-0.0379999999999999,0.2129999999999999,0.0,23.92,18.39,18.3,18.17,18.1,17.58,18.27,17.97,18.4,18.22,0.004,0.004,0.004,0.004,0.005,0.004,0.006,687.0,700.0,692.0,685.0,700.0,682.0,605.0,0.0,0.0,0.0,0.0,0.0,0.0,0.0,0.0,1.344,0.0,60.21,0.0,0.0,0.0,0.0,0.0,0.0,0.0,0.0,0.0,0.0,19.14,18.86,0.0,18.06,337.7,10.4,2.0,3.531,-1.0,2.708,3.7,4902
2014-09-07 04:12:00,0.0,0.0,0.0,814829.0,74.7,59.9,60.0,0.0,23516.0,341.0,74629.0,809302.0,0.0,1.0,0.0,0.0,0.0,273.5,273.5,273.9,0.979,273.0,0.748,273.0,0.921,274.0,0.013,13.68,2.0,3.0,0.0,20.18,0.0,3.029,21.84,0.0,-0.02,-0.013,0.407,-0.037,0.214,0.0,23.86,18.28,18.2,18.11,18.04,17.52,18.21,17.91,18.38,18.12,0.004,0.004,0.003,0.003,0.005,0.004,0.006,687.0,700.0,692.0,685.0,700.0,682.0,605.0,0.0,0.0,0.0,0.0,0.0,0.0,0.0,0.0,1.079,0.0,60.21,0.0,0.0,0.0,0.0,0.0,0.0,0.0,0.0,0.0,0.0,19.15,18.86,0.0,18.0,341.7,19.18,2.0,3.531,-1.0,2.673,3.6,4902
2014-09-07 04:13:00,0.0,0.0,0.0,814829.0,74.7,59.9,60.0,0.0,23516.0,341.0,74629.0,809302.0,0.0,1.0,0.0,0.0,0.0,273.5,273.4,273.8,0.979,273.0,0.748,273.0,0.921,274.0,0.013,13.68,2.0,3.0,0.0,20.16,0.0,2.819,21.86,0.0,-0.024,-0.013,0.407,-0.0379999999999999,0.214,0.0,23.86,18.22,18.1,18.03,17.92,17.42,18.11,17.82,18.32,18.04,0.004,0.004,0.004,0.004,0.005,0.004,0.006,687.0,700.0,692.0,685.0,700.0,682.0,605.0,0.0,0.0,0.0,0.0,0.0,0.0,0.0,0.0,0.829,0.0,60.13,0.0,0.0,0.0,0.0,0.0,0.0,0.0,0.0,0.0,0.0,19.14,18.83,0.0,17.91,347.2,15.49,2.0,3.531,-1.0,2.228,3.1,4902
2014-09-07 04:14:00,0.0,0.0,0.0,814829.0,74.7,59.9,60.0,0.0,23516.0,341.0,74629.0,809302.0,0.0,1.0,0.0,0.0,0.0,273.7,273.4,273.8,0.979,273.0,0.748,273.0,0.921,274.0,0.013,13.68,2.0,3.0,0.0,20.13,0.0,2.818,21.81,0.0,-0.027,-0.013,0.407,-0.036,0.214,0.0,23.86,18.12,18.04,17.91,17.84,17.32,18.03,17.73,18.22,17.94,0.004,0.004,0.004,0.004,0.005,0.004,0.006,687.0,700.0,692.0,685.0,700.0,682.0,605.0,0.0,0.0,0.0,0.0,0.0,0.0,0.0,0.0,0.7559999999999998,0.0,60.15,0.0,0.0,0.0,0.0,0.0,0.0,0.0,0.0,0.0,0.0,19.1,18.79,0.0,17.83,331.1,12.37,2.0,3.531,-1.0,2.547,3.4,4902
2014-09-07 04:15:00,0.0,0.0,0.0,814829.0,74.7,59.9,60.0,0.0,23516.0,341.0,74629.0,809302.0,0.0,1.0,0.0,0.0,0.0,273.7,273.5,273.9,0.979,273.0,0.748,273.0,0.921,274.0,0.013,13.68,2.0,3.0,0.0,20.11,0.0,2.802,21.79,0.0,-0.027,-0.013,0.407,-0.0379999999999999,0.2129999999999999,0.0,23.82,18.05,17.94,17.83,17.79,17.19,17.95,17.66,18.19,17.84,0.004,0.004,0.004,0.004,0.005,0.004,0.006,687.0,700.0,692.0,685.0,700.0,682.0,605.0,0.0,0.0,0.0,0.0,0.0,0.0,0.0,0.0,0.556,0.0,60.14,0.0,0.0,0.0,0.0,0.0,0.0,0.0,0.0,0.0,0.0,19.06,18.73,0.0,17.74,350.4,27.25,2.0,3.531,-1.0,2.155,3.8,4902
2014-09-07 04:16:00,0.0,0.0,0.0,814829.0,74.7,59.9,60.0,0.0,23516.0,341.0,74629.0,809302.0,0.0,1.0,0.0,0.0,0.0,273.8,273.7,274.1,0.979,273.0,0.748,273.0,0.921,274.0,0.013,13.68,2.0,3.0,0.0,20.08,0.0,2.759,21.79,0.0,-0.027,-0.017,0.407,-0.037,0.2129999999999999,0.0,23.76,18.0,17.84,17.78,17.77,17.11,17.85,17.52,18.07,17.76,0.004,0.004,0.004,0.004,0.005,0.004,0.006,687.0,700.0,692.0,685.0,700.0,682.0,605.0,0.0,0.0,0.0,0.0,0.0,0.0,0.0,0.0,0.54,0.0,60.15,0.0,0.0,0.0,0.0,0.0,0.0,0.0,0.0,0.0,0.0,19.0,18.69,0.0,17.71,327.8,22.98,2.0,3.531,-1.0,2.15,4.8,4902
2014-09-07 04:17:00,0.0,0.0,0.0,814829.0,74.7,59.9,60.0,0.0,23516.0,341.0,74629.0,809302.0,0.0,1.0,0.0,0.0,0.0,273.7,273.7,274.1,0.979,273.0,0.748,273.0,0.921,274.0,0.013,13.68,2.0,3.0,0.0,20.06,0.0,2.662,21.82,0.0,-0.027,-0.02,0.407,-0.0379999999999999,0.214,0.0,23.76,18.0,17.78,17.65,17.59,17.05,17.74,17.43,17.98,17.68,0.004,0.004,0.004,0.004,0.005,0.004,0.006,687.0,700.0,692.0,685.0,700.0,682.0,605.0,0.0,0.0,0.0,0.0,0.0,0.0,0.0,0.0,0.54,0.0,60.23,0.0,0.0,0.0,0.0,0.0,0.0,0.0,0.0,0.0,0.0,18.98,18.66,0.0,17.68,348.0,12.75,2.0,3.531,-1.0,2.332,3.5,4902
2014-09-07 04:18:00,0.0,0.0,0.0,814829.0,74.7,59.9,60.0,0.0,23516.0,341.0,74629.0,809302.0,0.0,1.0,0.0,0.0,0.0,273.1,273.4,273.7,0.979,272.7,0.748,272.7,0.921,273.7,0.013,13.68,2.0,3.0,0.0,20.03,0.0,2.577,21.79,0.0,-0.027,-0.02,0.407,-0.0379999999999999,0.2129999999999999,0.0,23.68,17.97,17.71,17.62,17.59,17.0,17.64,17.35,17.99,17.6,0.004,0.004,0.004,0.004,0.005,0.004,0.006,687.0,700.0,692.0,685.0,700.0,682.0,605.0,0.0,0.0,0.0,0.0,0.0,0.0,0.0,0.0,0.54,0.0,60.15,0.0,0.0,0.0,0.0,0.0,0.0,0.0,0.0,0.0,0.0,18.97,18.66,0.0,17.63,336.7,9.55,2.0,3.53,-1.0,1.54,2.2,4902
2014-09-07 04:19:00,0.0,0.0,0.0,814829.0,74.7,59.9,60.0,0.0,23516.0,341.0,74629.0,809302.0,0.0,1.0,0.0,0.0,0.0,272.3,272.2,272.5,0.979,272.0,0.748,272.0,0.921,272.2,0.013,13.68,2.0,3.0,0.0,20.0,0.0,2.441,21.79,0.0,-0.027,-0.02,0.407,-0.0379999999999999,0.2129999999999999,0.0,23.66,17.95,17.61,17.52,17.51,16.87,17.59,17.3,17.95,17.5,0.004,0.004,0.004,0.004,0.005,0.004,0.006,687.0,700.0,692.0,685.0,700.0,682.0,605.0,0.0,0.0,0.0,0.0,0.0,0.0,0.0,0.0,0.54,0.0,60.14,0.0,0.0,0.0,0.0,0.0,0.0,0.0,0.0,0.0,0.0,18.97,18.65,0.0,17.59,343.0,18.86,2.0,3.53,-1.0,2.177,2.8,4902
2014-09-07 04:20:00,0.0,0.0,0.0,814829.0,74.7,59.9,60.0,0.0,23516.0,341.0,74629.0,809302.0,0.0,1.0,0.0,0.0,0.0,272.4,272.2,272.5,0.979,272.0,0.748,272.0,0.921,272.1,0.013,13.68,2.0,3.0,0.0,19.98,0.0,2.501,21.8,0.0,-0.027,-0.02,0.407,-0.0379999999999999,0.2129999999999999,0.0,23.66,17.88,17.52,17.43,17.43,16.79,17.53,17.23,17.86,17.44,0.004,0.004,0.004,0.004,0.005,0.004,0.006,687.0,700.0,692.0,685.0,700.0,682.0,605.0,0.0,0.0,0.0,0.0,0.0,0.0,0.0,0.0,0.534,0.0,60.13,0.0,0.0,0.0,0.0,0.0,0.0,0.0,0.0,0.0,0.0,18.97,18.65,0.0,17.52,338.2,15.14,2.0,3.528,-1.0,2.112,2.9,4902
2014-09-07 04:21:00,0.0,0.0,0.0,814829.0,74.7,59.9,60.0,0.0,23516.0,341.0,74629.0,809302.0,0.0,1.0,0.0,0.0,0.0,272.3,272.3,272.7,0.979,272.0,0.748,272.0,0.921,272.6,0.013,13.68,2.0,3.0,0.0,19.95,0.0,2.5,21.79,0.0,-0.0279999999999999,-0.02,0.407,-0.0379999999999999,0.2129999999999999,0.0,23.63,17.8,17.43,17.36,17.36,16.76,17.45,17.22,17.82,17.39,0.004,0.004,0.004,0.004,0.005,0.004,0.006,687.0,700.0,692.0,685.0,700.0,682.0,605.0,0.0,0.0,0.0,0.0,0.0,0.0,0.0,0.0,0.525,0.0,60.14,0.0,0.0,0.0,0.0,0.0,0.0,0.0,0.0,0.0,0.0,18.91,18.58,0.0,17.4,343.1,8.74,2.0,3.528,-1.0,2.383,3.2,4902
2014-09-07 04:22:00,0.0,0.0,0.0,814829.0,74.7,59.9,60.0,0.0,23516.0,341.0,74629.0,809302.0,0.0,1.0,0.0,0.0,0.0,272.3,272.4,272.7,0.979,272.0,0.748,272.0,0.921,273.0,0.013,13.68,2.0,3.0,0.0,19.92,0.0,2.559,21.8,0.0,-0.027,-0.02,0.407,-0.0379999999999999,0.2129999999999999,0.0,23.56,17.71,17.37,17.31,17.33,16.74,17.41,17.18,17.82,17.34,0.004,0.004,0.004,0.004,0.005,0.004,0.006,687.0,700.0,692.0,685.0,700.0,682.0,605.0,0.0,0.0,0.0,0.0,0.0,0.0,0.0,0.0,0.514,0.0,60.17,0.0,0.0,0.0,0.0,0.0,0.0,0.0,0.0,0.0,0.0,18.86,18.53,0.0,17.33,345.3,15.05,2.0,3.528,-1.0,2.322,3.9,4902
2014-09-07 04:23:00,0.0,0.0,0.0,814829.0,74.7,59.9,60.0,0.0,23516.0,341.0,74629.0,809302.0,0.0,1.0,0.0,0.0,0.0,272.1,272.5,272.9,0.979,272.0,0.748,272.0,0.921,273.0,0.013,13.68,2.0,3.0,0.0,19.89,0.0,2.469,21.81,0.0,-0.0279999999999999,-0.02,0.407,-0.037,0.2129999999999999,0.0,23.56,17.67,17.32,17.23,17.25,16.74,17.32,17.1,17.74,17.28,0.004,0.004,0.004,0.004,0.005,0.004,0.006,687.0,700.0,692.0,685.0,700.0,682.0,605.0,0.0,0.0,0.0,0.0,0.0,0.0,0.0,0.0,0.5329999999999999,0.0,60.21,0.0,0.0,0.0,0.0,0.0,0.0,0.0,0.0,0.0,0.0,18.83,18.51,0.0,17.33,332.4,15.83,2.0,3.528,-1.0,1.8,3.0,4902
2014-09-07 04:24:00,0.0,0.0,0.0,814829.0,74.7,59.9,60.0,0.0,23516.0,341.0,74629.0,809302.0,0.0,1.0,0.0,0.0,0.0,272.6,272.4,272.8,0.979,272.0,0.748,272.0,0.921,273.0,0.0279999999999999,13.68,2.0,3.0,0.0,19.86,0.0,2.526,21.81,0.0,-0.0289999999999999,-0.02,0.407,-0.0379999999999999,0.2129999999999999,0.0,23.47,17.67,17.32,17.21,17.23,16.65,17.27,17.07,17.67,17.24,0.004,0.004,0.004,0.004,0.005,0.004,0.006,687.0,700.0,692.0,685.0,700.0,682.0,605.0,0.0,0.0,0.0,0.0,0.0,0.0,0.0,0.0,0.535,0.0,60.22,0.0,0.0,0.0,0.0,0.0,0.0,0.0,0.0,0.0,0.0,18.89,18.58,0.0,17.36,355.5,19.04,2.0,3.528,-1.0,2.753,4.0,4902
2014-09-07 04:25:00,0.0,0.0,0.0,814829.0,74.7,59.9,60.0,0.0,23516.0,341.0,74629.0,809302.0,0.0,1.0,0.0,0.0,0.0,272.7,272.4,272.8,0.979,272.0,0.748,272.0,0.921,273.0,0.031,13.72,2.0,3.0,0.0,19.84,0.0,2.462,21.83,0.0,-0.027,-0.02,0.407,-0.0379999999999999,0.2129999999999999,0.0,23.47,17.71,17.27,17.21,17.23,16.63,17.25,17.04,17.72,17.23,0.004,0.004,0.004,0.004,0.005,0.004,0.006,687.0,700.0,692.0,685.0,700.0,682.0,605.0,0.0,0.0,0.0,0.0,0.0,0.0,0.0,0.0,0.54,0.0,60.19,0.0,0.0,0.0,0.0,0.0,0.0,0.0,0.0,0.0,0.0,18.91,18.59,0.0,17.38,354.2,26.85,2.0,3.528,-1.0,2.208,3.0,4902
2014-09-07 04:26:00,0.0,0.0,0.0,814829.0,74.7,59.9,60.0,0.0,23516.0,341.0,74629.0,809302.0,0.0,1.0,0.0,0.0,0.0,273.7,273.7,274.0,0.979,273.6,0.748,273.1,0.921,273.8,0.019,13.72,2.0,3.0,0.0,19.81,0.0,2.582,21.79,0.0,-0.027,-0.02,0.407,-0.0379999999999999,0.2129999999999999,0.0,23.43,17.65,17.22,17.18,17.23,16.65,17.25,17.04,17.75,17.16,0.004,0.004,0.004,0.004,0.005,0.004,0.006,687.0,700.0,692.0,685.0,700.0,682.0,605.0,0.0,0.0,0.0,0.0,0.0,0.0,0.0,0.0,0.537,0.0,60.14,0.0,0.0,0.0,0.0,0.0,0.0,0.0,0.0,0.0,0.0,18.96,18.65,0.0,17.37,321.5,13.99,2.0,3.531,-1.0,2.842,5.0,4902
2014-09-07 04:27:00,0.0,0.0,0.0,814829.0,74.7,59.9,60.0,0.0,23516.0,341.0,74629.0,809302.0,0.0,1.0,0.0,0.0,0.0,274.0,273.8,274.2,0.979,273.9,0.748,273.0,0.921,274.0,0.016,13.72,2.0,3.0,0.0,19.78,0.0,2.518,21.79,0.0,-0.027,-0.02,0.407,-0.0379999999999999,0.2129999999999999,0.0,23.37,17.61,17.22,17.13,17.15,16.56,17.25,17.0,17.67,17.15,0.004,0.004,0.004,0.004,0.005,0.004,0.006,687.0,700.0,692.0,685.0,700.0,682.0,605.0,0.0,0.0,0.0,0.0,0.0,0.0,0.0,0.0,0.531,0.0,60.14,0.0,0.0,0.0,0.0,0.0,0.0,0.0,0.0,0.0,0.0,18.95,18.64,0.0,17.36,0.677,31.06,2.0,3.53,-1.0,1.51,2.9,4902
2014-09-07 04:28:00,0.0,0.0,0.0,814829.0,74.7,59.9,60.0,0.0,23516.0,341.0,74629.0,809302.0,0.0,1.0,0.0,0.0,0.0,274.0,273.9,274.3,0.979,274.0,0.748,273.1,0.921,274.0,0.0149999999999999,13.72,2.0,3.0,0.0,19.75,0.0,2.461,21.79,0.0,-0.027,-0.02,0.407,-0.0379999999999999,0.2129999999999999,0.0,23.37,17.58,17.17,17.1,17.13,16.51,17.19,16.94,17.62,17.11,0.004,0.004,0.004,0.004,0.005,0.004,0.006,687.0,700.0,692.0,685.0,700.0,682.0,605.0,0.0,0.0,0.0,0.0,0.0,0.0,0.0,0.0,0.54,0.0,60.16,0.0,0.0,0.0,0.0,0.0,0.0,0.0,0.0,0.0,0.0,18.93,18.62,0.0,17.26,353.7,15.87,2.0,3.53,-1.0,1.797,2.8,4902
2014-09-07 04:29:00,0.0,0.0,0.0,814829.0,74.7,59.9,60.0,0.0,23516.0,341.0,74629.0,809302.0,0.0,1.0,0.0,0.0,0.0,274.2,273.9,274.3,0.979,274.0,0.748,274.0,0.921,274.0,0.0149999999999999,13.72,2.0,3.0,0.0,19.72,0.0,2.536,21.87,0.0,-0.027,-0.02,0.407,-0.0379999999999999,0.2129999999999999,0.0,23.28,17.46,17.13,17.04,17.12,16.47,17.15,16.94,17.62,17.08,0.004,0.004,0.004,0.004,0.005,0.004,0.006,687.0,700.0,692.0,685.0,700.0,682.0,605.0,0.0,0.0,0.0,0.0,0.0,0.0,0.0,0.0,0.537,0.0,60.15,0.0,0.0,0.0,0.0,0.0,0.0,0.0,0.0,0.0,0.0,18.9,18.56,0.0,17.18,333.9,14.06,2.0,3.53,-1.0,2.29,3.4,4902
2014-09-07 04:30:00,0.0,0.0,0.0,814829.0,74.7,59.9,60.0,0.0,23516.0,341.0,74629.0,809302.0,0.0,1.0,0.0,0.0,0.0,274.2,274.1,274.4,0.979,274.0,0.748,274.0,0.921,274.0,0.0139999999999999,13.72,2.0,3.0,0.0,19.7,0.0,2.625,21.79,0.0,-0.027,-0.02,0.407,-0.0379999999999999,0.2129999999999999,0.0,23.27,17.5,17.13,17.04,17.05,16.45,17.15,16.9,17.62,17.13,0.004,0.004,0.004,0.004,0.005,0.004,0.006,687.0,700.0,692.0,685.0,700.0,682.0,605.0,0.0,0.0,0.0,0.0,0.0,0.0,0.0,0.0,0.5379999999999999,0.0,60.19,0.0,0.0,0.0,0.0,0.0,0.0,0.0,0.0,0.0,0.0,18.9,18.6,0.0,17.3,338.5,14.34,2.0,3.528,-1.0,2.102,3.7,4902
2014-09-07 04:31:00,0.0,0.0,0.0,814829.0,74.7,59.9,60.0,0.0,23516.0,341.0,74629.0,809302.0,0.0,1.0,0.0,0.0,0.0,274.1,273.9,274.3,0.979,274.0,0.748,274.0,0.921,274.0,0.0139999999999999,13.72,2.0,3.0,0.0,19.67,0.0,2.545,21.83,0.0,-0.027,-0.02,0.407,-0.0379999999999999,0.2129999999999999,0.0,23.29,17.51,17.13,17.02,17.04,16.43,17.15,16.84,17.52,17.15,0.004,0.004,0.004,0.004,0.005,0.004,0.006,687.0,700.0,692.0,685.0,700.0,682.0,605.0,0.0,0.0,0.0,0.0,0.0,0.0,0.0,0.0,0.532,0.0,60.14,0.0,0.0,0.0,0.0,0.0,0.0,0.0,0.0,0.0,0.0,18.92,18.6,0.0,17.3,359.7,19.95,2.0,3.528,-1.0,1.77,2.9,4902
2014-09-07 04:32:00,0.0,0.0,0.0,814829.0,74.7,59.9,60.0,0.0,23516.0,341.0,74629.0,809302.0,0.0,1.0,0.0,0.0,0.0,274.1,274.0,274.4,0.979,274.0,0.748,274.0,0.921,274.0,0.0139999999999999,13.72,2.0,3.0,0.0,19.64,0.0,2.481,21.83,0.0,-0.027,-0.02,0.407,-0.037,0.2129999999999999,0.0,23.17,17.45,17.18,17.04,16.97,16.35,17.05,16.84,17.49,17.12,0.004,0.004,0.004,0.004,0.005,0.004,0.006,687.0,700.0,692.0,685.0,700.0,682.0,605.0,0.0,0.0,0.0,0.0,0.0,0.0,0.0,0.0,0.537,0.0,60.2,0.0,0.0,0.0,0.0,0.0,0.0,0.0,0.0,0.0,0.0,18.92,18.6,0.0,17.26,354.3,21.86,2.0,3.528,-1.0,1.997,3.0,4902
2014-09-07 04:33:00,0.0,0.0,0.0,814829.0,74.7,59.9,60.0,0.0,23516.0,341.0,74629.0,809302.0,0.0,1.0,0.0,0.0,0.0,274.1,273.9,274.3,0.979,274.0,0.748,273.5,0.921,274.0,0.0139999999999999,13.72,2.0,3.0,0.0,19.61,0.0,2.5810000000000004,21.82,0.0,-0.027,-0.02,0.407,-0.0379999999999999,0.2129999999999999,0.0,23.23,17.41,17.11,16.94,16.94,16.45,17.02,16.84,17.44,17.05,0.004,0.004,0.004,0.004,0.005,0.004,0.006,687.0,700.0,692.0,685.0,700.0,682.0,605.0,0.0,0.0,0.0,0.0,0.0,0.0,0.0,0.0,0.534,0.0,60.21,0.0,0.0,0.0,0.0,0.0,0.0,0.0,0.0,0.0,0.0,18.95,18.63,0.0,17.2,354.8,26.18,2.0,3.53,-1.0,2.1,2.9,4902
2014-09-07 04:34:00,0.0,0.0,0.0,814829.0,74.7,59.9,60.0,0.0,23516.0,341.0,74629.0,809302.0,0.0,1.0,0.0,0.0,0.0,274.2,273.8,274.1,0.979,274.0,0.748,273.0,0.921,274.0,0.0139999999999999,13.72,2.0,3.0,0.0,19.59,0.0,2.562,21.79,0.0,-0.027,-0.02,0.407,-0.0379999999999999,0.2129999999999999,0.0,23.23,17.41,17.1,16.94,16.94,16.38,16.99,16.83,17.44,17.05,0.004,0.004,0.004,0.004,0.005,0.004,0.006,687.0,700.0,692.0,685.0,700.0,682.0,605.0,0.0,0.0,0.0,0.0,0.0,0.0,0.0,0.0,0.5379999999999999,0.0,60.18,0.0,0.0,0.0,0.0,0.0,0.0,0.0,0.0,0.0,0.0,18.86,18.53,0.0,17.2,341.4,23.86,2.0,3.53,-1.0,1.973,3.6,4902
2014-09-07 04:35:00,0.0,0.0,0.0,814829.0,74.7,59.9,60.0,0.0,23516.0,341.0,74629.0,809302.0,0.0,1.0,0.0,0.0,0.0,273.9,273.9,274.2,0.979,274.0,0.748,273.0,0.921,274.0,0.0139999999999999,13.72,2.0,3.0,0.0,19.56,0.0,2.614,21.79,0.0,-0.027,-0.02,0.407,-0.0379999999999999,0.2129999999999999,0.0,23.18,17.41,17.08,16.94,16.87,16.35,16.96,16.76,17.43,16.99,0.004,0.004,0.004,0.004,0.005,0.004,0.006,687.0,700.0,692.0,685.0,700.0,682.0,605.0,0.0,0.0,0.0,0.0,0.0,0.0,0.0,0.0,0.539,0.0,60.14,0.0,0.0,0.0,0.0,0.0,0.0,0.0,0.0,0.0,0.0,18.81,18.47,0.0,17.23,338.1,33.88,2.0,3.53,-1.0,1.472,2.3,4902
2014-09-07 04:36:00,0.0,0.0,0.0,814829.0,74.7,59.9,60.0,0.0,23516.0,341.0,74629.0,809302.0,0.0,1.0,0.0,0.0,0.0,274.1,273.9,274.2,0.979,274.0,0.748,273.2,0.921,274.0,0.0139999999999999,13.72,2.0,3.0,0.0,19.53,0.0,2.614,21.81,0.0,-0.027,-0.02,0.407,-0.0379999999999999,0.2129999999999999,0.0,23.15,17.41,17.1,16.84,16.84,16.32,16.94,16.71,17.43,16.96,0.004,0.004,0.004,0.004,0.005,0.004,0.006,687.0,700.0,692.0,685.0,700.0,682.0,605.0,0.0,0.0,0.0,0.0,0.0,0.0,0.0,0.0,0.5379999999999999,0.0,60.13,0.0,0.0,0.0,0.0,0.0,0.0,0.0,0.0,0.0,0.0,18.75,18.42,0.0,17.18,354.0,19.91,2.0,3.528,-1.0,1.4780000000000002,2.5,4902
2014-09-07 04:37:00,0.0,0.0,0.0,814829.0,74.7,59.9,60.0,0.0,23516.0,341.0,74629.0,809302.0,0.0,1.0,0.0,0.0,0.0,274.1,273.9,274.2,0.979,274.0,0.748,273.5,0.921,274.0,0.0139999999999999,13.72,2.0,3.0,0.0,19.5,0.0,2.576,21.82,0.0,-0.027,-0.02,0.407,-0.0379999999999999,0.2129999999999999,0.0,23.13,17.41,17.1,16.84,16.84,16.25,16.94,16.68,17.3,16.91,0.004,0.004,0.004,0.004,0.005,0.004,0.006,687.0,700.0,692.0,685.0,700.0,682.0,605.0,0.0,0.0,0.0,0.0,0.0,0.0,0.0,0.0,0.539,0.0,60.15,0.0,0.0,0.0,0.0,0.0,0.0,0.0,0.0,0.0,0.0,18.74,18.42,0.0,17.19,336.8,26.43,2.0,3.528,-1.0,1.6269999999999998,2.5,4902
2014-09-07 04:38:00,0.0,0.0,0.0,814829.0,74.7,59.9,60.0,0.0,23516.0,341.0,74629.0,809302.0,0.0,1.0,0.0,0.0,0.0,274.2,274.0,274.3,0.979,274.0,0.748,274.0,0.921,274.0,0.0139999999999999,13.72,2.0,3.0,0.0,19.48,0.0,3.0,21.83,0.0,-0.027,-0.02,0.407,-0.0379999999999999,0.2129999999999999,0.0,23.08,17.41,17.0,16.84,16.84,16.25,16.91,16.65,17.31,16.86,0.004,0.004,0.004,0.004,0.005,0.004,0.006,687.0,700.0,692.0,685.0,700.0,682.0,605.0,0.0,0.0,0.0,0.0,0.0,0.0,0.0,0.0,0.915,0.0,60.14,0.0,0.0,0.0,0.0,0.0,0.0,0.0,0.0,0.0,0.0,18.71,18.39,0.0,17.16,340.5,30.28,2.0,3.528,-1.0,1.46,2.4,4902
2014-09-07 04:39:00,0.0,0.0,0.0,814829.0,74.7,59.9,60.0,0.0,23516.0,341.0,74629.0,809302.0,0.0,1.0,0.0,0.0,0.0,274.2,273.9,274.3,0.979,274.0,0.748,274.0,0.921,274.0,0.0139999999999999,13.72,2.0,3.0,0.0,19.45,0.0,2.6210000000000004,21.82,0.0,-0.027,-0.02,0.407,-0.0379999999999999,0.2129999999999999,0.0,23.08,17.38,16.99,16.79,16.78,16.22,16.89,16.61,17.26,16.86,0.004,0.004,0.004,0.004,0.005,0.004,0.006,687.0,700.0,692.0,685.0,700.0,682.0,605.0,0.0,0.0,0.0,0.0,0.0,0.0,0.0,0.0,0.54,0.0,60.15,0.0,0.0,0.0,0.0,0.0,0.0,0.0,0.0,0.0,0.0,18.7,18.38,0.0,17.12,10.9,42.84,2.0,3.528,-1.0,1.107,2.0,4902
2014-09-07 04:40:00,0.0,0.0,0.0,814829.0,74.7,59.9,60.0,0.0,23516.0,341.0,74629.0,809302.0,0.0,1.0,0.0,0.0,0.0,274.6,274.0,274.3,0.979,274.0,0.748,274.0,0.921,274.0,0.0139999999999999,13.72,2.0,3.0,0.0,19.43,0.0,2.676,21.85,0.0,-0.031,-0.02,0.407,-0.0379999999999999,0.2129999999999999,0.0,23.03,17.32,16.94,16.72,16.68,16.14,16.78,16.55,17.2,16.76,0.004,0.004,0.004,0.004,0.005,0.004,0.006,687.0,700.0,692.0,685.0,700.0,682.0,605.0,0.0,0.0,0.0,0.0,0.0,0.0,0.0,0.0,0.54,0.0,60.14,0.0,0.0,0.0,0.0,0.0,0.0,0.0,0.0,0.0,0.0,18.74,18.45,0.0,17.05,337.1,26.32,2.0,3.528,-1.0,1.685,3.4,4902
2014-09-07 04:41:00,0.0,0.0,0.0,814829.0,74.7,59.9,60.0,0.0,23516.0,341.0,74629.0,809302.0,0.0,1.0,0.0,0.0,0.0,274.3,274.2,274.5,0.979,274.0,0.748,274.0,0.921,274.0,0.0139999999999999,13.72,2.0,3.0,0.0,19.4,0.0,2.7260000000000004,21.8,0.0,-0.033,-0.02,0.407,-0.0379999999999999,0.2129999999999999,0.0,22.99,17.32,16.94,16.65,16.66,16.06,16.76,16.55,17.17,16.76,0.004,0.004,0.004,0.004,0.005,0.004,0.006,687.0,700.0,692.0,685.0,700.0,682.0,605.0,0.0,0.0,0.0,0.0,0.0,0.0,0.0,0.0,0.54,0.0,60.2,0.0,0.0,0.0,0.0,0.0,0.0,0.0,0.0,0.0,0.0,18.75,18.43,0.0,17.05,319.8,25.89,2.0,3.528,-1.0,1.79,2.8,4902
2014-09-07 04:42:00,0.0,0.0,0.0,814829.0,74.7,59.9,60.0,0.0,23516.0,341.0,74629.0,809302.0,0.0,1.0,0.0,0.0,0.0,274.2,274.1,274.4,0.979,274.0,0.748,274.0,0.921,274.0,0.0139999999999999,13.72,2.0,3.0,0.0,19.38,0.0,2.773,21.8,0.0,-0.0299999999999999,-0.02,0.407,-0.037,0.2129999999999999,0.0,22.99,17.28,16.94,16.66,16.66,16.06,16.76,16.55,17.17,16.76,0.004,0.004,0.004,0.004,0.005,0.004,0.006,687.0,700.0,692.0,685.0,700.0,682.0,605.0,0.0,0.0,0.0,0.0,0.0,0.0,0.0,0.0,0.54,0.0,60.22,0.0,0.0,0.0,0.0,0.0,0.0,0.0,0.0,0.0,0.0,18.77,18.45,0.0,17.07,334.2,23.97,2.0,3.53,-1.0,2.338,4.3,4902
2014-09-07 04:43:00,0.0,0.0,0.0,814829.0,74.7,59.9,60.0,0.0,23516.0,341.0,74629.0,809302.0,0.0,1.0,0.0,0.0,0.0,274.2,274.1,274.4,0.979,274.0,0.748,273.9,0.921,274.0,0.0139999999999999,13.72,2.0,3.0,0.0,19.35,0.0,2.81,21.85,0.0,-0.027,-0.02,0.407,-0.0379999999999999,0.2129999999999999,0.0,22.99,17.22,16.99,16.74,16.73,16.06,16.88,16.65,17.23,16.8,0.004,0.004,0.004,0.004,0.005,0.004,0.006,687.0,700.0,692.0,685.0,700.0,682.0,605.0,0.0,0.0,0.0,0.0,0.0,0.0,0.0,0.0,0.54,0.0,60.16,0.0,0.0,0.0,0.0,0.0,0.0,0.0,0.0,0.0,0.0,18.78,18.45,0.0,17.07,328.6,11.07,2.0,3.531,-1.0,2.797,4.0,4902
2014-09-07 04:44:00,0.0,0.0,0.0,814829.0,74.7,59.9,60.0,0.0,23516.0,341.0,74629.0,809302.0,0.0,1.0,0.0,0.0,0.0,274.3,273.8,274.2,0.979,274.0,0.748,273.2,0.921,274.0,0.0139999999999999,13.72,2.0,3.0,0.0,19.32,0.0,2.799,21.82,0.0,-0.027,-0.02,0.407,-0.0379999999999999,0.2129999999999999,0.0,22.95,17.26,17.04,16.74,16.74,16.07,16.91,16.65,17.23,16.83,0.004,0.004,0.004,0.004,0.005,0.004,0.006,687.0,700.0,692.0,685.0,700.0,682.0,605.0,0.0,0.0,0.0,0.0,0.0,0.0,0.0,0.0,0.551,0.0,60.15,0.0,0.0,0.0,0.0,0.0,0.0,0.0,0.0,0.0,0.0,18.74,18.42,0.0,17.07,5.988,24.68,2.0,3.53,-1.0,1.863,2.8,4902
2014-09-07 04:45:00,0.0,0.0,0.0,814829.0,74.7,59.9,60.0,0.0,23516.0,341.0,74629.0,809302.0,0.0,1.0,0.0,0.0,0.0,274.5,273.8,274.1,0.979,274.0,0.748,273.3,0.921,274.0,0.0139999999999999,13.72,2.0,3.0,0.0,19.3,0.0,2.818,21.82,0.0,-0.027,-0.02,0.407,-0.0379999999999999,0.2129999999999999,0.0,22.89,17.22,16.96,16.73,16.69,16.06,16.91,16.58,17.23,16.76,0.004,0.004,0.004,0.004,0.005,0.004,0.006,687.0,700.0,692.0,685.0,700.0,682.0,605.0,0.0,0.0,0.0,0.0,0.0,0.0,0.0,0.0,0.704,0.0,60.18,0.0,0.0,0.0,0.0,0.0,0.0,0.0,0.0,0.0,0.0,18.79,18.46,0.0,16.98,339.6,22.82,2.0,3.528,-1.0,1.798,2.5,4902
2014-09-07 04:46:00,0.0,0.0,0.0,814829.0,74.7,59.9,60.0,0.0,23516.0,341.0,74629.0,809302.0,0.0,1.0,0.0,0.0,0.0,274.0,274.0,274.3,0.979,274.0,0.748,273.1,0.921,274.0,0.0139999999999999,13.72,2.0,3.0,0.0,19.28,0.0,2.818,21.83,0.0,-0.027,-0.02,0.407,-0.037,0.2129999999999999,0.0,22.89,17.2,16.94,16.71,16.65,16.06,16.86,16.55,17.2,16.76,0.004,0.004,0.004,0.004,0.005,0.004,0.006,687.0,700.0,692.0,685.0,700.0,682.0,605.0,0.0,0.0,0.0,0.0,0.0,0.0,0.0,0.0,0.804,0.0,60.14,0.0,0.0,0.0,0.0,0.0,0.0,0.0,0.0,0.0,0.0,18.78,18.45,0.0,17.03,343.0,8.57,2.0,3.53,-1.0,1.922,3.0,4902
2014-09-07 04:47:00,0.0,0.0,0.0,814829.0,74.7,59.9,60.0,0.0,23516.0,341.0,74629.0,809302.0,0.0,1.0,0.0,0.0,0.0,274.1,274.0,274.3,0.979,274.0,0.748,273.1,0.921,274.0,0.0139999999999999,13.72,2.0,3.0,0.0,19.25,0.0,2.824,21.82,0.0,-0.027,-0.02,0.407,-0.0379999999999999,0.2129999999999999,0.0,22.89,17.2,16.94,16.73,16.66,16.06,16.84,16.55,17.18,16.76,0.004,0.004,0.004,0.004,0.005,0.004,0.006,687.0,700.0,692.0,685.0,700.0,682.0,605.0,0.0,0.0,0.0,0.0,0.0,0.0,0.0,0.0,0.81,0.0,60.15,0.0,0.0,0.0,0.0,0.0,0.0,0.0,0.0,0.0,0.0,18.79,18.47,0.0,17.03,359.2,22.82,2.0,3.53,-1.0,1.835,2.6,4902
2014-09-07 04:48:00,0.0,0.0,0.0,814829.0,74.7,59.9,60.0,0.0,23516.0,341.0,74629.0,809302.0,0.0,1.0,0.0,0.0,0.0,273.9,274.0,274.3,0.979,274.0,0.748,273.0,0.921,274.0,0.0139999999999999,13.72,2.0,3.0,0.0,19.23,0.0,2.8280000000000003,21.81,0.0,-0.027,-0.019,0.407,-0.0379999999999999,0.2129999999999999,0.0,22.85,17.14,16.94,16.68,16.65,16.06,16.76,16.5,17.18,16.76,0.004,0.004,0.004,0.004,0.005,0.004,0.006,687.0,700.0,692.0,685.0,700.0,682.0,605.0,0.0,0.0,0.0,0.0,0.0,0.0,0.0,0.0,0.81,0.0,60.15,0.0,0.0,0.0,0.0,0.0,0.0,0.0,0.0,0.0,0.0,18.73,18.4,0.0,16.97,343.4,13.69,2.0,3.53,-1.0,1.3130000000000002,1.8,4902
2014-09-07 04:49:00,0.0,0.0,0.0,814829.0,74.7,59.9,60.0,0.0,23516.0,341.0,74629.0,809302.0,0.0,1.0,0.0,0.0,0.0,273.9,274.1,274.3,0.979,274.0,0.748,273.2,0.921,274.0,0.0139999999999999,13.72,2.0,3.0,0.0,19.2,0.0,2.866,21.79,0.0,-0.027,-0.02,0.407,-0.0379999999999999,0.2129999999999999,0.0,22.82,17.17,16.89,16.65,16.65,16.01,16.76,16.45,17.17,16.71,0.004,0.004,0.004,0.004,0.005,0.004,0.006,687.0,700.0,692.0,685.0,700.0,682.0,605.0,0.0,0.0,0.0,0.0,0.0,0.0,0.0,0.0,0.81,0.0,60.18,0.0,0.0,0.0,0.0,0.0,0.0,0.0,0.0,0.0,0.0,18.74,18.41,0.0,16.96,14.74,24.78,2.0,3.531,-1.0,1.16,1.9,4902
2014-09-07 04:50:00,0.0,0.0,0.0,814829.0,74.7,59.9,60.0,0.0,23516.0,341.0,74629.0,809302.0,0.0,1.0,0.0,0.0,0.0,274.1,274.0,274.3,0.979,274.0,0.748,273.6,0.921,274.0,0.0139999999999999,13.72,2.0,3.0,0.0,19.18,0.0,3.018,21.83,0.0,-0.027,-0.02,0.407,-0.0379999999999999,0.2129999999999999,0.0,22.79,17.12,16.84,16.65,16.55,15.96,16.7,16.42,17.07,16.63,0.004,0.004,0.004,0.004,0.005,0.004,0.006,687.0,700.0,692.0,685.0,700.0,682.0,605.0,0.0,0.0,0.0,0.0,0.0,0.0,0.0,0.0,0.924,0.0,60.21,0.0,0.0,0.0,0.0,0.0,0.0,0.0,0.0,0.0,0.0,18.74,18.43,0.0,16.92,11.85,22.98,2.0,3.53,-1.0,0.885,1.5,4902
2014-09-07 04:51:00,0.0,0.0,0.0,814829.0,74.7,59.9,60.0,0.0,23516.0,341.0,74629.0,809302.0,0.0,1.0,0.0,0.0,0.0,274.1,273.8,274.2,0.979,274.0,0.748,273.2,0.921,274.0,0.0139999999999999,13.72,2.0,3.0,0.0,19.16,0.0,3.261,21.82,0.0,-0.027,-0.02,0.407,-0.0379999999999999,0.2129999999999999,0.0,22.79,17.08,16.84,16.58,16.51,15.96,16.61,16.35,17.02,16.57,0.004,0.004,0.004,0.004,0.005,0.004,0.006,687.0,700.0,692.0,685.0,700.0,682.0,605.0,0.0,0.0,0.0,0.0,0.0,0.0,0.0,0.0,1.08,0.0,60.24,0.0,0.0,0.0,0.0,0.0,0.0,0.0,0.0,0.0,0.0,18.74,18.4,0.0,16.87,332.1,46.89,2.0,3.53,-1.0,0.8029999999999999,1.9,4902
2014-09-07 04:52:00,0.0,0.0,0.0,814829.0,74.7,59.9,60.0,0.0,23516.0,341.0,74629.0,809302.0,0.0,1.0,0.0,0.0,0.0,274.1,273.9,274.2,0.979,274.0,0.748,273.4,0.921,274.0,0.0139999999999999,13.72,2.0,3.0,0.0,19.14,0.0,3.411,21.8,0.0,-0.0279999999999999,-0.02,0.407,-0.0379999999999999,0.2129999999999999,0.0,22.79,17.13,16.84,16.52,16.45,15.88,16.57,16.34,16.94,16.57,0.004,0.004,0.004,0.004,0.005,0.004,0.006,687.0,700.0,692.0,685.0,700.0,682.0,605.0,0.0,0.0,0.0,0.0,0.0,0.0,0.0,0.0,1.153,0.0,60.22,0.0,0.0,0.0,0.0,0.0,0.0,0.0,0.0,0.0,0.0,18.65,18.3,0.0,16.85,335.7,20.47,2.0,3.528,-1.0,1.5,2.2,4902
2014-09-07 04:53:00,0.0,0.0,0.0,814829.0,74.7,59.9,60.0,0.0,23516.0,341.0,74629.0,809302.0,0.0,1.0,0.0,0.0,0.0,273.9,273.7,274.1,0.979,273.4,0.748,273.0,0.921,274.0,0.0139999999999999,13.72,2.0,3.0,0.0,19.12,0.0,3.443,21.84,0.0,-0.0289999999999999,-0.02,0.407,-0.0379999999999999,0.2129999999999999,0.0,22.79,17.13,16.84,16.5,16.48,15.88,16.57,16.35,16.94,16.57,0.004,0.004,0.004,0.004,0.005,0.004,0.006,687.0,700.0,692.0,685.0,700.0,682.0,605.0,0.0,0.0,0.0,0.0,0.0,0.0,0.0,0.0,1.3430000000000002,0.0,60.2,0.0,0.0,0.0,0.0,0.0,0.0,0.0,0.0,0.0,0.0,18.66,18.35,0.0,16.86,348.5,29.51,2.0,3.531,-1.0,1.3869999999999998,2.6,4902
2014-09-07 04:54:00,0.0,0.0,0.0,814829.0,74.7,59.9,60.0,0.0,23516.0,341.0,74629.0,809302.0,0.0,1.0,0.0,0.0,0.0,273.9,273.9,274.2,0.979,273.7,0.748,273.0,0.921,274.0,0.0139999999999999,13.72,2.0,3.0,0.0,19.09,0.0,3.725,21.79,0.0,-0.027,-0.02,0.407,-0.0379999999999999,0.2129999999999999,0.0,22.71,17.11,16.84,16.47,16.47,15.88,16.57,16.28,16.96,16.57,0.004,0.004,0.004,0.004,0.005,0.004,0.006,687.0,700.0,692.0,685.0,700.0,682.0,605.0,0.0,0.0,0.0,0.0,0.0,0.0,0.0,0.0,1.507,0.0,60.17,0.0,0.0,0.0,0.0,0.0,0.0,0.0,0.0,0.0,0.0,18.68,18.36,0.0,16.89,346.8,18.15,2.0,3.53,-1.0,1.995,2.8,4902
2014-09-07 04:55:00,0.0,0.0,0.0,814829.0,74.7,59.9,60.0,0.0,23516.0,341.0,74629.0,809302.0,0.0,1.0,0.0,0.0,0.0,274.0,273.7,274.1,0.979,273.5,0.748,273.0,0.921,274.0,0.0139999999999999,13.72,2.0,3.0,0.0,19.08,0.0,4.019,21.81,0.0,-0.027,-0.02,0.407,-0.0379999999999999,0.2129999999999999,0.0,22.69,17.13,16.84,16.52,16.45,15.9,16.57,16.3,16.91,16.58,0.004,0.004,0.004,0.004,0.005,0.004,0.006,687.0,700.0,692.0,685.0,700.0,682.0,605.0,0.0,0.0,0.0,0.0,0.0,0.0,0.0,0.0,1.744,0.0,60.12,0.0,0.0,0.0,0.0,0.0,0.0,0.0,0.0,0.0,0.0,18.71,18.38,0.0,16.95,19.39,37.65,2.0,3.531,-1.0,1.085,1.8,4902
2014-09-07 04:56:00,0.0,0.0,0.0,814829.0,74.7,59.9,60.0,0.0,23516.0,341.0,74629.0,809302.0,0.0,1.0,0.0,0.0,0.0,273.9,273.8,274.2,0.979,273.9,0.748,273.0,0.921,274.0,0.0139999999999999,13.72,2.0,3.0,0.0,19.05,0.0,4.506,21.88,0.0,-0.027,-0.02,0.407,-0.036,0.2129999999999999,0.0,22.69,17.13,16.84,16.5,16.47,15.94,16.57,16.35,16.87,16.57,0.004,0.004,0.004,0.004,0.005,0.004,0.006,687.0,700.0,692.0,685.0,700.0,682.0,605.0,0.0,0.0,0.0,0.0,0.0,0.0,0.0,0.0,2.248,0.0,60.15,0.0,0.0,0.0,0.0,0.0,0.0,0.0,0.0,0.0,0.0,18.7,18.38,0.0,16.87,357.6,49.01,2.0,3.53,-1.0,1.0,2.0,4902
2014-09-07 04:57:00,0.0,0.0,0.0,814829.0,74.7,59.9,60.0,0.0,23516.0,341.0,74629.0,809302.0,0.0,1.0,0.0,0.0,0.0,273.9,273.4,273.9,0.979,273.1,0.748,273.0,0.921,274.0,0.0139999999999999,13.72,2.0,3.0,0.0,19.03,0.0,5.066,21.83,0.0,-0.027,-0.017,0.407,-0.0379999999999999,0.2129999999999999,0.0,22.69,17.19,16.84,16.62,16.48,16.03,16.57,16.4,16.92,16.6,0.004,0.004,0.004,0.004,0.005,0.004,0.006,687.0,700.0,692.0,685.0,700.0,682.0,605.0,0.0,0.0,0.0,0.0,0.0,0.0,0.0,0.0,2.799,0.0,60.15,0.0,0.0,0.0,0.0,0.0,0.0,0.0,0.0,0.0,0.0,18.69,18.37,0.0,16.92,11.73,30.63,2.0,3.53,-1.0,2.037,2.8,4902
2014-09-07 04:58:00,0.0,0.0,0.0,814829.0,74.7,59.9,60.0,0.0,23516.0,341.0,74629.0,809302.0,0.0,1.0,0.0,0.0,0.0,273.9,273.4,273.8,0.979,273.0,0.748,273.0,0.921,274.0,0.0139999999999999,13.72,2.0,3.0,0.0,19.02,0.0,5.492000000000001,21.83,0.0,-0.021,-0.013,0.407,-0.0379999999999999,0.2129999999999999,0.0,22.62,17.24,16.92,16.65,16.67,16.16,16.66,16.45,17.1,16.66,0.004,0.004,0.004,0.004,0.005,0.004,0.006,687.0,700.0,692.0,685.0,700.0,682.0,605.0,0.0,0.0,0.0,0.0,0.0,0.0,0.0,0.0,3.399,0.0,60.14,0.0,0.0,0.0,0.0,0.0,0.0,0.0,0.0,0.0,0.0,18.67,18.35,0.0,16.96,3.987,27.05,2.0,3.528,-1.0,1.433,2.7,4902
2014-09-07 04:59:00,0.0,0.0,0.0,814829.0,74.7,59.9,60.0,0.0,23516.0,341.0,74629.0,809302.0,0.0,1.0,0.0,0.0,0.0,273.7,273.5,273.9,0.979,273.0,0.748,273.0,0.921,274.0,0.0139999999999999,13.72,2.0,3.0,0.0,19.0,0.0,6.142,21.8,0.0,-0.02,-0.013,0.407,-0.037,0.2129999999999999,0.0,22.59,17.32,16.94,16.74,16.68,16.29,16.75,16.61,17.22,16.76,0.004,0.004,0.004,0.004,0.005,0.004,0.006,687.0,700.0,692.0,685.0,700.0,682.0,605.0,0.0,0.0,0.0,0.0,0.0,0.0,0.0,0.0,4.038,0.0,60.18,0.0,0.0,0.0,0.0,0.0,0.0,0.0,0.0,0.0,0.0,18.68,18.35,0.0,17.04,14.06,22.05,2.0,3.53,-1.0,1.805,3.3,4902
2014-09-07 05:00:00,0.0,0.0,0.0,814829.0,74.7,59.9,60.0,0.0,23516.0,341.0,74629.0,809302.0,0.0,1.0,0.0,0.0,0.0,273.8,273.5,273.9,0.979,273.0,0.748,273.0,0.921,274.0,0.0139999999999999,13.72,2.0,3.0,0.0,18.97,0.0,6.78,21.82,0.0,-0.016,-0.013,0.407,-0.037,0.2129999999999999,0.0,22.59,17.32,17.07,16.85,16.74,16.32,16.85,16.66,17.26,16.81,0.004,0.004,0.004,0.004,0.005,0.004,0.006,687.0,700.0,692.0,685.0,700.0,682.0,605.0,0.0,0.0,0.0,0.0,0.0,0.0,0.0,0.0,4.804,0.0,60.22,0.0,0.0,0.0,0.0,0.0,0.0,0.0,0.0,0.0,0.0,18.66,18.33,0.0,17.01,359.7,29.07,2.0,3.53,-1.0,1.433,2.1,4902
2014-09-07 05:01:00,0.0,0.0,0.0,814829.0,74.7,59.9,60.0,0.0,23516.0,341.0,74629.0,809302.0,0.0,1.0,0.0,0.0,0.0,273.7,273.3,273.7,0.979,273.0,0.748,273.0,0.921,274.0,0.0139999999999999,13.72,2.0,3.0,0.0,18.97,0.0,7.527999999999999,21.81,0.0,-0.013,-0.012,0.407,-0.0379999999999999,0.2129999999999999,0.0,22.59,17.39,17.15,16.93,16.86,16.42,16.96,16.76,17.36,16.96,0.004,0.004,0.004,0.003,0.005,0.004,0.006,687.0,700.0,692.0,685.0,700.0,682.0,605.0,0.0,0.0,0.0,0.0,0.0,0.0,0.0,0.0,5.566,0.0,60.21,0.0,0.0,0.0,0.0,0.0,0.0,0.0,0.0,0.0,0.0,18.66,18.33,0.0,17.03,7.649,37.07,2.0,3.528,-1.0,1.435,2.4,4902
2014-09-07 05:02:00,0.0,0.0,0.0,814829.0,74.7,59.9,60.0,0.0,23516.0,341.0,74629.0,809302.0,0.0,1.0,0.0,0.0,0.0,273.4,273.4,273.8,0.979,273.0,0.748,273.0,0.921,274.0,0.0139999999999999,13.72,2.0,3.0,0.0,18.95,0.0,8.01,21.86,0.0,-0.013,-0.0069999999999999,0.407,-0.037,0.2129999999999999,0.0,22.59,17.44,17.23,17.04,16.94,16.59,17.01,16.86,17.43,17.01,0.004,0.004,0.004,0.004,0.005,0.004,0.006,687.0,700.0,692.0,685.0,700.0,682.0,605.0,0.0,0.0,0.0,0.0,0.0,0.0,0.0,0.0,6.315,0.0,60.16,0.0,0.0,0.0,0.0,0.0,0.0,0.0,0.0,0.0,0.0,18.68,18.35,0.0,17.11,348.1,21.15,2.0,3.528,-1.0,1.715,2.7,4902
2014-09-07 05:03:00,0.0,0.0,0.0,814829.0,74.7,59.9,60.0,0.0,23516.0,341.0,74629.0,809302.0,0.0,1.0,0.0,0.0,0.0,273.5,273.2,273.6,0.979,273.0,0.748,273.0,0.921,273.9,0.0139999999999999,13.72,2.0,3.0,0.0,18.94,0.0,8.71,21.84,0.0,-0.012,-0.0069999999999999,0.407,-0.037,0.2129999999999999,0.0,22.59,17.52,17.33,17.17,17.09,16.66,17.11,16.97,17.52,17.15,0.004,0.004,0.004,0.004,0.005,0.004,0.006,687.0,700.0,692.0,685.0,700.0,682.0,605.0,0.0,0.0,0.0,0.0,0.0,0.0,0.0,0.0,6.996,0.0,60.15,0.0,0.0,0.0,0.0,0.0,0.0,0.0,0.0,0.0,0.0,18.68,18.37,0.0,17.22,342.8,12.12,2.0,3.531,-1.0,1.275,1.7,4902
2014-09-07 05:04:00,0.0,0.0,0.0,814829.0,74.7,59.9,60.0,0.0,23516.0,341.0,74629.0,809302.0,0.0,1.0,0.0,0.0,0.0,273.7,273.2,273.6,0.979,273.0,0.748,273.0,0.921,273.9,0.0139999999999999,13.72,2.0,3.0,0.0,18.92,0.0,9.27,21.82,0.0,-0.008,-0.0069999999999999,0.407,-0.0379999999999999,0.2129999999999999,0.0,22.59,17.58,17.43,17.24,17.15,16.7,17.19,17.04,17.59,17.2,0.004,0.004,0.004,0.004,0.005,0.004,0.006,687.0,700.0,692.0,685.0,700.0,682.0,605.0,0.0,0.0,0.0,0.0,0.0,0.0,0.0,0.0,7.671,0.0,60.14,0.0,0.0,0.0,0.0,0.0,0.0,0.0,0.0,0.0,0.0,18.69,18.36,0.0,17.26,322.9,21.74,2.0,3.531,-1.0,1.273,2.4,4902
2014-09-07 05:05:00,0.0,0.0,0.0,814829.0,74.7,59.9,60.0,0.0,23516.0,341.0,74629.0,809302.0,0.0,1.0,0.0,0.0,0.0,273.6,273.3,273.6,0.979,273.0,0.748,273.0,0.921,274.0,0.0139999999999999,13.72,2.0,3.0,0.0,18.92,0.0,9.85,21.83,0.0,-0.0069999999999999,-0.0069999999999999,0.407,-0.037,0.2129999999999999,0.0,22.59,17.68,17.46,17.33,17.19,16.77,17.25,17.1,17.68,17.3,0.004,0.004,0.004,0.004,0.005,0.004,0.006,687.0,700.0,692.0,685.0,700.0,682.0,605.0,0.0,0.0,0.0,0.0,0.0,0.0,0.0,0.0,8.3,0.0,60.14,0.0,0.0,0.0,0.0,0.0,0.0,0.0,0.0,0.0,0.0,18.68,18.37,0.0,17.33,2.346,25.19,2.0,3.53,-1.0,1.118,2.5,4902
2014-09-07 05:06:00,0.0,0.0,0.0,814829.0,74.7,59.9,60.0,0.0,23516.0,341.0,74629.0,809302.0,0.0,1.0,0.0,0.0,0.0,274.0,273.7,274.1,0.979,273.8,0.748,273.4,0.921,274.0,0.0139999999999999,13.72,2.0,3.0,0.0,18.9,0.0,10.33,21.85,0.0,-0.0069999999999999,-0.0069999999999999,0.407,-0.034,0.2129999999999999,0.0,22.59,17.71,17.52,17.39,17.3,16.86,17.33,17.15,17.71,17.37,0.004,0.004,0.004,0.004,0.005,0.004,0.006,687.0,700.0,692.0,685.0,700.0,682.0,605.0,0.0,0.0,0.0,0.0,0.0,0.0,0.0,0.0,9.07,0.0,60.16,0.0,0.0,0.0,0.0,0.0,0.0,0.0,0.0,0.0,0.0,18.74,18.42,0.0,17.41,13.78,21.43,2.0,3.53,-1.0,1.815,3.3,4902
2014-09-07 05:07:00,0.0,0.0,0.0,814829.0,74.7,59.9,60.0,0.0,23516.0,341.0,74629.0,809302.0,0.0,1.0,0.0,0.0,0.0,274.1,273.8,274.2,0.979,273.8,0.748,273.0,0.921,274.0,0.0139999999999999,13.72,2.0,3.0,0.0,18.89,0.0,11.11,21.87,0.0,-0.0069999999999999,-0.0069999999999999,0.407,-0.037,0.2129999999999999,0.0,22.59,17.78,17.56,17.43,17.4,16.89,17.47,17.25,17.75,17.45,0.004,0.004,0.004,0.004,0.005,0.004,0.006,687.0,700.0,692.0,685.0,700.0,682.0,605.0,0.0,0.0,0.0,0.0,0.0,0.0,0.0,0.0,9.9,0.0,60.13,0.0,0.0,0.0,0.0,0.0,0.0,0.0,0.0,0.0,0.0,18.75,18.44,0.0,17.42,356.0,33.72,2.0,3.53,-1.0,1.3330000000000002,2.0,4902
2014-09-07 05:08:00,0.0,0.0,0.0,814829.0,74.7,59.9,60.0,0.0,23516.0,341.0,74629.0,809302.0,0.0,1.0,0.0,0.0,0.0,273.9,274.1,274.3,0.979,274.0,0.748,273.6,0.921,274.0,0.0139999999999999,13.72,2.0,3.0,0.0,18.89,0.0,12.11,21.79,0.0,-0.0069999999999999,-0.0069999999999999,0.407,-0.0379999999999999,0.2129999999999999,0.0,22.59,17.84,17.62,17.52,17.43,17.0,17.48,17.27,17.82,17.45,0.004,0.004,0.004,0.003,0.005,0.004,0.006,687.0,700.0,692.0,685.0,700.0,682.0,605.0,0.0,0.0,0.0,0.0,0.0,0.0,0.0,0.0,10.9,0.0,60.14,0.0,0.0,0.0,0.0,0.0,0.0,0.0,0.0,0.0,0.0,18.72,18.4,0.0,17.49,344.9,23.58,2.0,3.53,-1.0,1.558,3.1,4902
2014-09-07 05:09:00,0.0,0.0,0.0,814829.0,74.7,59.9,60.0,0.0,23516.0,341.0,74629.0,809302.0,0.0,1.0,0.0,0.0,0.0,274.0,274.0,274.4,0.979,274.0,0.748,273.9,0.921,274.0,0.0139999999999999,13.72,2.0,3.0,0.0,18.87,0.0,13.5,21.81,0.0,-0.0069999999999999,-0.0069999999999999,0.407,-0.0379999999999999,0.2129999999999999,0.0,22.59,17.91,17.62,17.53,17.51,17.08,17.56,17.33,17.87,17.54,0.004,0.004,0.004,0.003,0.005,0.003,0.006,687.0,700.0,692.0,685.0,700.0,682.0,605.0,0.0,0.0,0.0,0.0,0.0,0.0,0.0,0.0,12.43,0.0,60.22,0.0,0.0,0.0,0.0,0.0,0.0,0.0,0.0,0.0,0.0,18.72,18.43,0.0,17.57,341.0,25.34,2.0,3.53,-1.0,1.64,2.6,4902
2014-09-07 05:10:00,0.0,0.0,0.0,814829.0,74.7,59.9,60.0,0.0,23516.0,341.0,74629.0,809302.0,0.0,1.0,0.0,0.0,0.0,273.9,273.9,274.3,0.979,274.0,0.748,273.7,0.921,274.0,0.0139999999999999,13.72,2.0,3.0,0.0,18.87,0.0,15.08,21.86,0.0,-0.0069999999999999,-0.0069999999999999,0.407,-0.037,0.2129999999999999,0.0,22.59,17.91,17.69,17.63,17.5,17.07,17.63,17.33,17.85,17.54,0.004,0.004,0.004,0.004,0.005,0.004,0.006,687.0,700.0,692.0,685.0,700.0,682.0,605.0,0.0,0.0,0.0,0.0,0.0,0.0,0.0,0.0,14.09,0.0,60.19,0.0,0.0,0.0,0.0,0.0,0.0,0.0,0.0,0.0,0.0,18.7,18.4,0.0,17.61,8.189999999999998,33.31,2.0,3.53,-1.0,0.702,1.4,4902
2014-09-07 05:11:00,0.0,0.0,0.0,814829.0,74.7,59.9,60.0,0.0,23516.0,341.0,74629.0,809302.0,0.0,1.0,0.0,0.0,0.0,273.9,274.1,274.4,0.979,274.0,0.748,274.0,0.921,274.0,0.0139999999999999,13.72,2.0,3.0,0.0,18.87,0.0,17.45,21.79,0.0,-0.0069999999999999,-0.0069999999999999,0.407,-0.0379999999999999,0.2129999999999999,0.0,22.59,17.93,17.72,17.63,17.53,17.11,17.63,17.43,17.85,17.54,0.004,0.004,0.003,0.003,0.005,0.003,0.006,687.0,700.0,692.0,685.0,700.0,682.0,605.0,0.0,0.0,0.0,0.0,0.0,0.0,0.0,0.0,16.57,0.0,60.14,0.0,0.0,0.0,0.0,0.0,0.0,0.0,0.0,0.0,0.0,18.71,18.42,0.0,17.61,342.9,39.08,2.0,3.528,-1.0,1.172,2.2,4902
2014-09-07 05:12:00,0.0,0.0,0.0,814829.0,74.7,59.9,60.0,0.0,23516.0,341.0,74629.0,809302.0,0.0,1.0,0.0,0.0,0.0,274.3,273.9,274.3,0.979,274.0,0.748,274.0,0.921,274.0,0.0139999999999999,13.72,2.0,3.0,0.0,18.87,0.0,20.6,21.81,0.0,-0.0069999999999999,-0.0069999999999999,0.407,-0.036,0.2129999999999999,0.0,22.59,18.0,17.72,17.69,17.6,17.09,17.7,17.5,17.97,17.59,0.004,0.004,0.004,0.004,0.005,0.003,0.006,687.0,700.0,692.0,685.0,700.0,682.0,605.0,0.0,0.0,0.0,0.0,0.0,0.0,0.0,0.0,19.76,0.0,60.17,0.0,0.0,0.0,0.0,0.0,0.0,0.0,0.0,0.0,0.0,18.76,18.46,0.0,17.62,358.8,10.45,2.0,3.531,-1.0,1.873,2.7,4902
2014-09-07 05:13:00,0.0,0.0,0.0,814829.0,74.7,59.9,60.0,0.0,23516.0,341.0,74629.0,809302.0,0.0,1.0,0.0,0.0,0.0,274.2,274.0,274.4,0.979,274.0,0.748,274.0,0.921,274.0,0.013,13.72,2.0,3.0,0.0,18.87,0.0,24.43,21.83,0.0,-0.0069999999999999,-0.0069999999999999,0.407,-0.037,0.2129999999999999,0.0,22.59,18.0,17.77,17.73,17.61,17.17,17.75,17.49,17.98,17.64,0.004,0.004,0.004,0.003,0.005,0.003,0.006,687.0,700.0,692.0,685.0,700.0,682.0,605.0,0.0,0.0,0.0,0.0,0.0,0.0,0.0,0.0,23.62,0.0,60.19,0.0,0.0,0.0,0.0,0.0,0.0,0.0,0.0,0.0,0.0,18.71,18.42,0.0,17.63,357.8,13.13,2.0,3.53,-1.0,1.133,1.7,4902
2014-09-07 05:14:00,0.0,0.0,0.0,814829.0,74.7,59.9,60.0,0.0,23516.0,341.0,74629.0,809302.0,0.0,1.0,0.0,0.0,0.0,273.9,274.0,274.3,0.979,273.9,0.748,273.7,0.921,274.0,0.013,13.72,2.0,3.0,0.0,18.86,0.0,28.88,21.79,0.0,-0.0069999999999999,-0.0069999999999999,0.407,-0.036,0.2129999999999999,0.0,22.59,18.0,17.79,17.73,17.63,17.21,17.71,17.52,18.0,17.64,0.004,0.004,0.004,0.003,0.005,0.003,0.006,687.0,700.0,692.0,685.0,700.0,682.0,605.0,0.0,0.0,0.0,0.0,0.0,0.0,0.0,0.0,28.04,0.0,60.13,0.0,0.0,0.0,0.0,0.0,0.0,0.0,0.0,0.0,0.0,18.68,18.38,0.0,17.65,346.0,37.93,2.0,3.53,-1.0,0.8349999999999999,1.6,4902
2014-09-07 05:15:00,0.0,0.0,0.0,814829.0,74.7,59.9,60.0,0.0,23516.0,341.0,74629.0,809302.0,0.0,1.0,0.0,0.0,0.0,273.9,273.8,274.1,0.979,273.1,0.748,273.0,0.921,274.0,0.013,13.72,2.0,3.0,0.0,18.86,0.0,33.84,21.84,0.0,-0.0069999999999999,-0.0069999999999999,0.407,-0.037,0.2129999999999999,0.0,22.58,18.0,17.77,17.73,17.63,17.2,17.73,17.54,18.02,17.64,0.004,0.004,0.004,0.004,0.005,0.003,0.006,687.0,700.0,692.0,685.0,700.0,682.0,605.0,0.0,0.0,0.0,0.0,0.0,0.0,0.0,0.0,33.1,0.0,60.17,0.0,0.0,0.0,0.0,0.0,0.0,0.0,0.0,0.0,0.0,18.68,18.37,0.0,17.63,355.1,62.18,2.0,3.53,-1.0,1.2,2.3,4902
2014-09-07 05:16:00,0.0,0.0,0.0,814829.0,74.7,59.9,60.0,0.0,23516.0,341.0,74629.0,809302.0,0.0,1.0,0.0,0.0,0.0,273.8,273.7,274.1,0.979,273.0,0.748,273.0,0.921,274.0,0.013,13.72,2.0,3.0,0.0,18.84,0.0,39.46,21.82,0.0,-0.0069999999999999,-0.0069999999999999,0.407,-0.032,0.2129999999999999,0.0,22.59,18.0,17.82,17.73,17.66,17.22,17.81,17.52,18.04,17.71,0.004,0.004,0.004,0.003,0.005,0.003,0.006,687.0,700.0,692.0,685.0,700.0,682.0,605.0,0.0,0.0,0.0,0.0,0.0,0.0,0.0,0.0,39.03,0.0,60.16,0.0,0.0,0.0,0.0,0.0,0.0,0.0,0.0,0.0,0.0,18.74,18.46,0.0,17.68,334.5,15.91,2.0,3.531,-1.0,2.112,3.6,4902
2014-09-07 05:17:00,0.0,0.0,0.0,814829.0,74.7,59.9,60.0,0.0,23516.0,341.0,74629.0,809302.0,0.0,1.0,0.0,0.0,0.0,274.1,273.7,274.1,0.979,273.1,0.748,273.0,0.921,274.0,0.013,13.72,2.0,3.0,0.0,18.84,0.0,46.56,21.81,0.0,-0.0069999999999999,-0.0069999999999999,0.407,-0.036,0.2129999999999999,0.0,22.59,18.1,17.83,17.78,17.73,17.2,17.83,17.63,18.1,17.74,0.004,0.004,0.004,0.003,0.005,0.003,0.006,687.0,700.0,692.0,685.0,700.0,682.0,605.0,0.0,0.0,0.0,0.0,0.0,0.0,0.0,0.0,46.12,0.0,60.23,0.0,0.0,0.0,0.0,0.0,0.0,0.0,0.0,0.0,0.0,18.8,18.5,0.0,17.76,341.8,19.69,2.0,3.53,-1.0,1.385,2.3,4902
2014-09-07 05:18:00,0.0,0.0,0.0,814829.0,74.7,59.9,60.0,0.0,23516.0,341.0,74629.0,809302.0,0.0,1.0,0.0,0.0,0.0,274.0,273.8,274.1,0.979,273.1,0.748,273.0,0.921,274.0,0.013,13.72,2.0,3.0,0.0,18.84,0.0,54.94,21.81,0.0,-0.0069999999999999,-0.0069999999999999,0.407,-0.027,0.2129999999999999,0.0,22.58,18.1,17.92,17.82,17.73,17.25,17.83,17.64,18.12,17.74,0.004,0.004,0.004,0.003,0.005,0.003,0.006,687.0,700.0,692.0,685.0,700.0,682.0,605.0,0.0,0.0,0.0,0.0,0.0,0.0,0.0,0.0,54.36,0.0,60.23,0.0,0.0,0.0,0.0,0.0,0.0,0.0,0.0,0.0,0.0,18.79,18.48,0.0,17.76,330.9,12.77,2.0,3.531,-1.0,1.557,2.3,4902
2014-09-07 05:19:00,0.0,0.0,0.0,814829.0,74.7,59.9,60.0,0.0,23516.0,341.0,74629.0,809302.0,0.0,1.0,0.0,0.0,0.0,274.0,273.7,274.1,0.979,273.0,0.748,273.0,0.921,274.0,0.013,13.72,2.0,3.0,0.0,18.84,0.0,64.45,21.83,0.0,-0.0069999999999999,-0.0069999999999999,0.407,-0.02,0.2129999999999999,0.0,22.58,18.1,17.91,17.82,17.73,17.27,17.93,17.65,18.1,17.81,0.004,0.004,0.004,0.004,0.005,0.003,0.006,687.0,700.0,692.0,685.0,700.0,682.0,605.0,0.0,0.0,0.0,0.0,0.0,0.0,0.0,0.0,63.84,0.0,60.14,0.0,0.0,0.0,0.0,0.0,0.0,0.0,0.0,0.0,0.0,18.76,18.45,0.0,17.74,348.1,20.46,2.0,3.531,-1.0,1.355,2.3,4902
2014-09-07 05:20:00,0.0,0.0,0.0,814829.0,74.7,59.9,60.0,0.0,23516.0,341.0,74629.0,809302.0,0.0,1.0,0.0,0.0,0.0,273.9,273.6,274.0,0.979,273.0,0.748,273.0,0.921,274.0,0.013,13.72,2.0,3.0,0.0,18.84,0.0,75.25,21.85,0.0,-0.0069999999999999,-0.0069999999999999,0.407,0.001,0.2129999999999999,0.0,22.54,18.1,17.91,17.86,17.73,17.3,17.93,17.64,18.12,17.82,0.004,0.004,0.004,0.004,0.005,0.003,0.006,687.0,700.0,692.0,685.0,700.0,682.0,605.0,0.0,0.0,0.0,0.0,0.0,0.0,0.0,0.0,74.69,0.0,60.14,0.0,0.0,0.0,0.0,0.0,0.0,0.0,0.0,0.0,0.0,18.76,18.45,0.0,17.75,337.0,17.19,2.0,3.531,-1.0,1.6969999999999998,2.2,4902
2014-09-07 05:21:00,0.0,0.0,0.0,814829.0,74.7,59.9,60.0,0.0,23516.0,341.0,74629.0,809302.0,0.0,1.0,0.0,0.0,0.0,274.2,273.7,274.1,0.979,273.6,0.748,273.1,0.921,274.0,0.013,13.72,2.0,3.0,0.0,18.84,0.0,87.7,21.85,0.0,-0.0069999999999999,-0.0069999999999999,0.407,0.008,0.2129999999999999,0.0,22.55,18.1,17.91,17.89,17.79,17.32,17.94,17.66,18.12,17.82,0.004,0.004,0.004,0.004,0.005,0.003,0.006,687.0,700.0,692.0,685.0,700.0,682.0,605.0,0.0,0.0,0.0,0.0,0.0,0.0,0.001,0.0,87.2,0.0,60.17,0.0,0.0,0.0,0.0,0.0,0.0,0.0,0.0,0.0,0.0,18.75,18.44,0.0,17.76,321.7,17.77,2.0,3.531,-1.0,1.185,1.9,4902
2014-09-07 05:22:00,0.0,0.0,0.0,814829.0,74.7,59.9,60.0,0.0,23516.0,341.0,74629.0,809302.0,0.0,1.0,0.0,0.0,0.0,274.0,274.0,274.3,0.979,274.0,0.748,273.7,0.921,274.0,0.013,13.72,2.0,3.0,0.0,18.84,0.0,102.0,21.81,0.0,-0.0069999999999999,-0.0069999999999999,0.407,0.0279999999999999,0.2129999999999999,0.0,22.5,18.1,17.96,17.87,17.82,17.3,17.94,17.69,18.1,17.84,0.004,0.004,0.004,0.004,0.005,0.003,0.006,687.0,700.0,692.0,685.0,700.0,682.0,605.0,0.0,0.0,0.0,0.0,0.001,0.0,0.001,0.0,101.3,0.0,60.22,0.0,0.0,0.0,0.0,0.0,0.0,0.0,0.0,0.0,0.0,18.74,18.44,0.0,17.77,350.7,28.36,2.0,3.531,-1.0,1.015,1.6,4902
2014-09-07 05:23:00,0.0,0.0,0.0,814829.0,74.7,59.9,60.0,0.0,23516.0,341.0,74629.0,809302.0,0.0,1.0,0.0,0.0,0.0,274.1,274.0,274.3,0.979,274.0,0.748,273.7,0.921,274.0,0.013,13.72,2.0,3.0,0.0,18.84,0.0,117.3,21.82,0.0,-0.0069999999999999,-0.0069999999999999,0.407,0.036,0.2129999999999999,0.0,22.53,18.1,18.01,17.89,17.82,17.28,17.94,17.66,18.12,17.84,0.004,0.004,0.004,0.003,0.005,0.003,0.006,687.0,700.0,692.0,685.0,700.0,682.0,605.0,0.0,0.0,0.0,0.0,0.001,0.0,0.001,0.0,116.7,0.0,60.21,0.0,0.0,0.0,0.0,0.0,0.0,0.0,0.0,0.0,0.0,18.76,18.46,0.0,17.76,325.2,13.29,2.0,3.531,-1.0,2.227,4.2,4902
2014-09-07 05:24:00,0.0,0.0,0.0,814829.0,74.7,59.9,60.0,0.0,23516.0,341.0,74629.0,809302.0,0.0,1.0,0.0,0.0,0.0,274.3,274.0,274.4,0.979,274.0,0.748,274.0,0.921,274.0,0.013,13.72,2.0,3.0,0.0,18.84,0.0,133.9,21.82,0.0,-0.0069999999999999,-0.0069999999999999,0.407,0.037,0.2129999999999999,0.0,22.5,18.12,18.01,17.92,17.82,17.3,17.97,17.66,18.1,17.91,0.003,0.004,0.004,0.003,0.005,0.003,0.006,687.0,700.0,692.0,685.0,700.0,682.0,605.0,0.0,0.0,0.001,0.0,0.001,0.0,0.001,0.0,133.1,0.0,60.21,0.0,0.0,0.0,0.0,0.0,0.0,0.0,0.0,0.0,0.0,18.79,18.49,0.0,17.8,336.1,13.62,2.0,3.53,-1.0,2.702,3.8,4902
2014-09-07 05:25:00,0.0,0.0,0.0,814829.0,74.7,59.9,60.0,0.0,23516.0,341.0,74629.0,809302.0,0.0,1.0,0.0,0.0,0.0,274.4,274.1,274.6,0.979,274.0,0.748,274.0,0.921,274.2,0.013,13.72,2.0,3.0,0.0,18.84,0.0,151.2,21.82,0.0,-0.0069999999999999,-0.0069999999999999,0.407,0.0379999999999999,0.2129999999999999,0.0,22.5,18.1,18.01,17.92,17.87,17.28,18.04,17.7,18.2,17.93,0.003,0.004,0.004,0.003,0.005,0.002,0.006,687.0,700.0,692.0,685.0,700.0,682.0,605.0,0.001,0.001,0.001,0.001,0.001,0.0,0.001,0.0,150.3,0.0,60.21,0.0,0.0,0.0,0.0,0.0,0.0,0.0,0.0,0.0,0.0,18.82,18.52,0.0,17.81,334.5,11.67,2.0,3.531,-1.0,2.5580000000000003,3.8,4902
2014-09-07 05:26:00,0.0,0.0,0.0,814829.0,74.7,59.9,60.0,0.0,23516.0,341.0,74629.0,809302.0,0.0,1.0,0.0,0.0,0.0,273.9,273.7,274.1,0.979,273.2,0.748,273.2,0.921,274.0,0.013,13.72,2.0,3.0,0.0,18.84,0.0,168.2,21.79,0.0,-0.0069999999999999,-0.0069999999999999,0.407,0.0409999999999999,0.2129999999999999,0.0,22.5,18.15,18.03,17.92,17.86,17.32,17.99,17.78,18.2,17.93,0.003,0.003,0.004,0.004,0.005,0.002,0.006,687.0,700.0,692.0,685.0,700.0,682.0,605.0,0.001,0.001,0.001,0.001,0.001,0.0,0.001,0.0,167.3,0.0,60.18,0.0,0.0,0.0,0.0,0.0,0.0,0.0,0.0,0.0,0.0,18.85,18.55,0.0,17.82,7.441,31.31,2.0,3.531,-1.0,1.59,3.3,4902
2014-09-07 05:27:00,0.0,0.0,0.0,814829.0,74.7,59.9,60.0,0.0,23516.0,341.0,74629.0,809302.0,0.0,1.0,0.0,0.0,0.0,273.8,273.6,274.0,0.979,273.0,0.748,273.0,0.921,274.0,0.013,13.72,2.0,3.0,0.0,18.84,0.0,184.3,21.79,0.0,-0.0069999999999999,-0.0069999999999999,0.407,0.0859999999999999,0.2129999999999999,0.0,22.5,18.1,18.01,17.92,17.88,17.31,17.97,17.72,18.21,17.93,0.003,0.004,0.005,0.004,0.005,0.002,0.006,687.0,700.0,692.0,685.0,700.0,682.0,605.0,0.001,0.001,0.001,0.001,0.001,0.0,0.001,0.0,183.3,0.0,60.14,0.0,0.0,0.0,0.0,0.0,0.0,0.0,0.0,0.0,0.0,18.82,18.5,0.0,17.78,321.6,15.39,2.0,3.531,-1.0,1.867,3.3,4902
2014-09-07 05:28:00,0.0,0.0,0.0,814829.0,74.7,59.9,60.0,0.0,23516.0,341.0,74629.0,809302.0,0.0,1.0,0.0,0.0,0.0,273.8,273.8,274.2,0.979,273.4,0.748,273.0,0.921,274.0,0.013,13.72,2.0,3.0,0.0,18.84,0.0,199.9,21.8,0.0,-0.0069999999999999,-0.0069999999999999,0.407,0.188,0.2129999999999999,0.0,22.5,18.1,18.01,17.92,17.92,17.33,17.91,17.75,18.2,17.93,0.003,0.004,0.005,0.004,0.005,0.002,0.006,687.0,700.0,692.0,685.0,700.0,682.0,605.0,0.001,0.001,0.001,0.001,0.001,0.0,0.001,0.0,199.0,0.0,60.18,0.0,0.0,0.0,0.0,0.0,0.0,0.0,0.0,0.0,0.0,18.76,18.45,0.0,17.76,334.6,24.58,2.0,3.531,-1.0,1.983,3.3,4902
2014-09-07 05:29:00,0.0,0.0,0.0,814829.0,74.7,59.9,60.0,0.0,23516.0,341.0,74629.0,809302.0,0.0,1.0,0.0,0.0,0.0,274.1,273.8,274.2,0.979,274.0,0.748,273.0,0.921,274.0,0.013,13.72,2.0,3.0,0.0,18.84,0.0,216.4,21.83,0.0,-0.0069999999999999,-0.0069999999999999,0.407,0.1969999999999999,0.2129999999999999,0.0,22.5,18.1,18.05,17.92,17.82,17.32,17.99,17.72,18.21,17.9,0.002,0.004,0.005,0.003,0.005,0.001,0.006,687.0,700.0,692.0,685.0,700.0,682.0,605.0,0.001,0.001,0.001,0.001,0.001,0.0,0.001,0.0,215.3,0.0,60.22,0.0,0.0,0.0,0.0,0.0,0.0,0.0,0.0,0.0,0.0,18.77,18.46,0.0,17.72,347.7,18.89,2.0,3.531,-1.0,1.358,1.9,4902
2014-09-07 05:30:00,0.0,0.0,0.0,814829.0,74.7,59.9,60.0,0.0,23516.0,341.0,74629.0,809302.0,0.0,1.0,0.0,0.0,0.0,274.1,273.8,274.2,0.979,274.0,0.748,273.0,0.921,274.0,0.013,13.72,2.0,3.0,0.0,18.84,0.0,233.3,21.8,0.0,-0.0069999999999999,-0.0069999999999999,0.4279999999999999,0.264,0.2129999999999999,0.0,22.5,18.09,17.93,17.92,17.82,17.35,17.94,17.69,18.21,17.85,0.002,0.004,0.006,0.004,0.005,0.001,0.0069999999999999,687.0,700.0,692.0,685.0,700.0,682.0,605.0,0.001,0.001,0.001,0.001,0.001,0.0,0.002,0.0,232.2,0.0,60.23,0.0,0.0,0.0,0.0,0.0,0.0,0.0,0.0,0.0,0.0,18.8,18.5,0.0,17.72,335.1,13.26,2.0,3.531,-1.0,1.403,2.4,4902
2014-09-07 05:31:00,0.0,0.0,0.0,814829.0,74.7,59.9,60.0,0.0,23516.0,341.0,74629.0,809302.0,0.0,1.0,0.0,0.0,0.0,274.0,273.9,274.3,0.979,274.0,0.748,273.0,0.921,274.0,0.013,13.72,2.0,3.0,0.0,18.84,0.0,249.9,21.81,0.0,-0.0069999999999999,-0.005,0.7399999999999999,0.322,0.2129999999999999,0.0,22.5,18.08,17.95,17.92,17.85,17.33,17.86,17.69,18.18,17.84,0.002,0.003,0.006,0.004,0.005,0.001,0.0069999999999999,687.0,700.0,692.0,685.0,700.0,682.0,605.0,0.0,0.001,0.002,0.001,0.001,0.0,0.002,0.0,248.6,0.0,60.19,0.0,0.0,0.0,0.0,0.0,0.0,0.0,0.0,0.0,0.0,18.82,18.52,0.0,17.75,359.4,30.83,2.0,3.531,-1.0,1.4280000000000002,2.7,4902
2014-09-07 05:32:00,0.0,0.0,0.0,814829.0,74.7,59.9,60.0,0.0,23516.0,341.0,74629.0,809302.0,0.0,1.0,0.0,0.0,0.0,273.8,273.9,274.3,0.979,273.6,0.748,273.0,0.921,274.0,0.013,13.72,2.0,3.0,0.0,18.84,0.0,264.5,21.78,0.0,-0.0069999999999999,-0.003,0.916,0.4089999999999999,0.2129999999999999,0.0,22.5,18.1,17.97,17.85,17.82,17.3,17.84,17.68,18.1,17.84,0.001,0.004,0.006,0.004,0.005,0.0,0.0069999999999999,687.0,700.0,692.0,685.0,700.0,682.0,605.0,0.0,0.001,0.002,0.001,0.001,0.0,0.002,0.0,263.3,0.0,60.15,0.0,0.0,0.0,0.0,0.0,0.0,0.0,0.0,0.0,0.0,18.84,18.54,0.0,17.74,341.5,23.25,2.0,3.53,-1.0,1.712,2.8,4902
2014-09-07 05:33:00,0.0,0.0,0.0,814829.0,74.7,59.9,60.0,0.0,23516.0,341.0,74629.0,809302.0,0.0,1.0,0.0,0.0,0.0,274.1,273.7,274.1,0.979,273.5,0.748,273.0,0.921,274.0,0.013,13.72,2.0,3.0,0.0,18.84,0.0,275.8,21.86,0.0,-0.0069999999999999,-0.003,0.916,0.567,0.2129999999999999,0.0,22.5,18.09,17.93,17.86,17.82,17.32,17.84,17.66,18.12,17.84,0.001,0.004,0.0069999999999999,0.004,0.005,-0.001,0.0069999999999999,687.0,700.0,692.0,685.0,700.0,682.0,605.0,0.0,0.001,0.002,0.001,0.001,0.0,0.002,0.0,274.7,0.0,60.13,0.0,0.0,0.0,0.0,0.0,0.0,0.0,0.0,0.0,0.0,18.81,18.5,0.0,17.76,352.9,30.51,2.0,3.53,-1.0,1.297,1.8,4902
2014-09-07 05:34:00,0.0,0.0,0.0,814829.0,74.7,59.9,60.0,0.0,23516.0,341.0,74629.0,809302.0,0.0,1.0,0.0,0.0,0.0,274.2,273.7,274.1,0.979,273.6,0.748,273.0,0.921,274.0,0.013,13.72,2.0,3.0,0.0,18.84,0.0,284.5,21.81,0.0,-0.0069999999999999,-0.003,0.916,0.66,0.2129999999999999,0.0,22.5,18.04,17.93,17.82,17.77,17.32,17.84,17.71,18.12,17.84,0.0,0.004,0.0069999999999999,0.004,0.005,-0.001,0.0069999999999999,687.0,700.0,692.0,685.0,700.0,682.0,605.0,0.0,0.001,0.002,0.001,0.001,0.0,0.002,0.0,283.3,0.0,60.15,0.0,0.0,0.0,0.0,0.0,0.0,0.0,0.0,0.0,0.0,18.82,18.52,0.0,17.72,0.532,19.88,2.0,3.53,-1.0,1.64,2.6,4902
2014-09-07 05:35:00,0.0,0.0,0.0,814829.0,74.7,59.9,60.0,0.0,23516.0,341.0,74629.0,809302.0,0.0,1.0,0.0,0.0,0.0,273.9,273.9,274.3,0.979,273.9,0.748,273.1,0.921,274.0,0.013,13.72,2.0,3.0,0.0,18.84,0.0,291.5,21.82,0.0,-0.005,0.0,0.998,0.746,0.2129999999999999,0.0,22.5,18.0,17.93,17.82,17.73,17.33,17.84,17.66,18.12,17.79,0.0,0.004,0.008,0.005,0.005,-0.002,0.0069999999999999,687.0,700.0,692.0,685.0,700.0,682.0,605.0,0.0,0.001,0.002,0.001,0.001,0.0,0.002,0.0,290.1,0.0,60.16,0.0,0.0,0.0,0.0,0.0,0.0,0.0,0.0,0.0,0.0,18.76,18.45,0.0,17.68,3.109,19.35,2.0,3.531,-1.0,1.492,2.3,4902
2014-09-07 05:36:00,0.0,0.0,0.0,814829.0,74.7,59.9,60.0,0.0,23516.0,341.0,74629.0,809302.0,0.0,1.0,0.0,0.0,0.0,274.3,273.8,274.2,0.979,274.0,0.748,273.3,0.921,274.0,0.013,13.72,2.0,3.0,0.0,18.83,0.0,297.1,21.8,0.0,-0.004,0.0,1.3969999999999998,0.844,0.2129999999999999,0.0,22.5,18.0,17.85,17.73,17.73,17.32,17.76,17.62,18.12,17.74,-0.001,0.004,0.008,0.005,0.005,-0.002,0.008,687.0,700.0,692.0,685.0,700.0,682.0,605.0,0.0,0.001,0.002,0.001,0.002,-0.001,0.002,0.0,295.7,0.0,60.18,0.0,0.0,0.0,0.0,0.0,0.0,0.0,0.0,0.0,0.0,18.7,18.39,0.0,17.67,359.2,28.2,2.0,3.53,-1.0,1.785,2.8,4902
2014-09-07 05:37:00,0.0,0.0,0.0,814829.0,74.7,59.9,60.0,0.0,23516.0,341.0,74629.0,809302.0,0.0,1.0,0.0,0.0,0.0,274.0,273.9,274.3,0.979,274.0,0.748,273.1,0.921,274.0,0.013,13.72,2.0,3.0,0.0,18.82,0.0,302.1,21.79,0.0,-0.003,0.0,1.4240000000000002,0.983,0.2129999999999999,0.0,22.5,17.94,17.82,17.73,17.73,17.3,17.74,17.64,18.12,17.74,-0.002,0.004,0.009,0.005,0.005,-0.003,0.008,687.0,700.0,692.0,685.0,700.0,682.0,605.0,-0.001,0.001,0.003,0.002,0.002,-0.001,0.002,0.0,300.6,0.0,60.16,0.0,0.0,0.0,0.0,0.0,0.0,0.0,0.0,0.0,0.0,18.73,18.43,0.0,17.64,342.4,26.27,2.0,3.53,-1.0,1.84,2.5,4902
2014-09-07 05:38:00,0.0,0.0,0.0,814829.0,74.7,59.9,60.0,0.0,23516.0,341.0,74629.0,809302.0,0.0,1.0,0.0,0.0,0.0,274.1,274.0,274.3,0.979,274.0,0.748,273.8,0.921,274.0,0.013,13.72,2.0,3.0,0.0,18.82,0.0,306.8,21.82,0.0,-0.003,0.0,1.4240000000000002,1.077,0.2129999999999999,0.0,22.5,17.91,17.82,17.73,17.73,17.25,17.74,17.63,18.12,17.74,-0.003,0.005,0.009,0.005,0.006,-0.003,0.008,687.0,700.0,692.0,685.0,700.0,682.0,605.0,-0.001,0.001,0.003,0.002,0.002,-0.001,0.002,0.0,305.2,0.0,60.19,0.0,0.0,0.0,0.0,0.0,0.0,0.0,0.0,0.0,0.0,18.76,18.45,0.0,17.61,335.1,12.09,2.0,3.53,-1.0,2.12,3.4,4902
2014-09-07 05:39:00,0.0,0.0,0.0,814829.0,74.7,59.9,60.0,0.0,23516.0,341.0,74629.0,809302.0,0.0,1.0,0.0,0.0,0.0,273.8,274.2,274.5,0.979,274.0,0.748,273.9,0.921,274.0,0.013,13.72,2.0,3.0,0.0,18.82,0.0,311.5,21.81,0.0,0.0,0.002,1.571,1.223,0.2129999999999999,0.0,22.5,17.91,17.85,17.73,17.73,17.24,17.74,17.67,18.12,17.74,-0.003,0.005,0.01,0.006,0.006,-0.004,0.008,687.0,700.0,692.0,685.0,700.0,682.0,605.0,-0.001,0.002,0.003,0.002,0.002,-0.001,0.002,0.0,309.8,0.0,60.23,0.0,0.0,0.0,0.267,0.0,0.0,0.0,0.0,0.0,0.0,18.79,18.47,0.0,17.58,339.7,13.42,2.0,3.53,-1.0,1.703,2.4,4902
2014-09-07 05:40:00,0.0,0.0,0.0,814829.0,74.7,59.9,60.0,0.0,23516.0,341.0,74629.0,809302.0,0.0,1.0,0.0,0.0,0.0,274.1,273.9,274.3,0.979,274.0,0.748,273.8,0.921,274.0,0.013,13.72,2.0,3.0,0.0,18.82,0.0,315.1,21.82,0.0,0.0,0.003,1.906,1.3730000000000002,0.2129999999999999,0.0,22.5,17.91,17.82,17.73,17.73,17.24,17.74,17.59,18.12,17.71,-0.004,0.005,0.01,0.006,0.006,-0.004,0.008,687.0,700.0,692.0,685.0,700.0,682.0,605.0,-0.001,0.002,0.003,0.002,0.002,-0.001,0.003,0.0,313.5,0.0,60.22,0.0,0.0,0.0,1.0,0.0,0.0,0.0,0.0,0.0,0.0,18.79,18.48,0.0,17.58,6.141,26.98,2.0,3.53,-1.0,1.002,1.8,4902
2014-09-07 05:41:00,0.0,0.0,0.0,814829.0,74.7,59.9,60.0,0.0,23516.0,341.0,74629.0,809302.0,0.0,1.0,0.0,0.0,0.0,274.2,274.1,274.5,0.979,274.0,0.748,274.0,0.921,274.0,0.013,13.72,2.0,3.0,0.0,18.82,0.0,318.1,21.81,0.0,0.003,0.006,1.933,1.4580000000000002,0.2129999999999999,0.0,22.5,17.91,17.82,17.73,17.73,17.24,17.74,17.6,18.02,17.64,-0.005,0.005,0.011,0.006,0.006,-0.005,0.008,687.0,700.0,692.0,685.0,700.0,682.0,605.0,-0.002,0.002,0.003,0.002,0.002,-0.002,0.003,0.0,316.4,0.0,60.23,0.0,0.0,0.0,1.0,0.0,0.0,0.0,0.0,0.0,0.0,18.78,18.47,0.0,17.62,356.6,29.21,2.0,3.531,-1.0,1.115,2.0,4902
2014-09-07 05:42:00,0.0,0.0,0.0,814829.0,74.7,59.9,60.0,0.0,23516.0,341.0,74629.0,809302.0,0.0,1.0,0.0,0.0,0.0,274.3,274.0,274.4,0.979,274.0,0.748,274.0,0.921,274.0,0.013,13.72,2.0,3.0,0.0,18.82,0.0,321.6,21.86,0.0,0.003,0.0069999999999999,1.944,1.624,0.2129999999999999,0.0,22.5,17.91,17.83,17.73,17.71,17.25,17.74,17.59,18.02,17.64,-0.006,0.006,0.011,0.0069999999999999,0.006,-0.005,0.008,687.0,700.0,692.0,685.0,700.0,682.0,605.0,-0.002,0.002,0.004,0.002,0.002,-0.002,0.003,0.0,319.8,0.0,60.21,0.0,0.0,0.0,1.0,0.0,0.0,0.0,0.0,0.0,0.0,18.73,18.44,0.0,17.59,353.3,31.27,2.0,3.53,-1.0,1.908,2.7,4902
2014-09-07 05:43:00,0.0,0.0,0.0,814829.0,74.7,59.9,60.0,0.0,23516.0,341.0,74629.0,809302.0,0.0,1.0,0.0,0.0,0.0,274.2,274.1,274.5,0.979,274.0,0.748,274.0,0.921,274.0,0.013,13.72,2.0,3.0,0.0,18.82,0.0,325.0,21.82,0.0,0.005,0.0069999999999999,2.387,1.816,0.2129999999999999,0.0,22.5,17.91,17.77,17.73,17.73,17.24,17.74,17.57,18.03,17.64,-0.0069999999999999,0.006,0.012,0.0069999999999999,0.006,-0.006,0.008,687.0,700.0,692.0,685.0,700.0,682.0,605.0,-0.002,0.002,0.004,0.002,0.002,-0.002,0.003,0.0,323.1,0.0,60.19,0.0,0.0,0.0,1.0,0.0,0.0,0.0,0.0,0.0,0.0,18.78,18.48,0.0,17.58,345.8,29.88,2.0,3.53,-1.0,1.185,1.9,4902
2014-09-07 05:44:00,0.0,0.0,0.0,814829.0,74.7,59.9,60.0,0.0,23516.0,341.0,74629.0,809302.0,-0.052,0.89,-0.981,0.983,0.0,274.4,274.1,274.4,0.979,274.0,0.748,274.0,0.921,274.0,0.013,13.72,2.0,3.0,0.0,18.82,0.0,327.2,87.5,0.0,0.0069999999999999,0.009,2.442,1.961,0.2129999999999999,0.0,22.5,17.91,17.78,17.73,17.73,17.22,17.74,17.59,18.0,17.64,-0.005,0.01,0.016,0.011,0.01,-0.003,0.011,687.0,700.0,692.0,685.0,700.0,682.0,605.0,-0.002,0.003,0.005,0.003,0.003,-0.001,0.004,0.0,325.3,0.0,60.13,0.0,0.0,0.0,1.617,0.0,0.0,0.0,1.307,1.3330000000000002,1.33,18.78,18.47,0.0,17.55,350.5,25.4,2.0,3.531,-1.0,1.59,2.8,4902
2014-09-07 05:45:00,0.0,0.0,0.0,814829.0,74.7,59.9,60.0,0.0,23516.0,341.0,74629.0,809302.0,-0.4739999999999999,0.057,-8.47,8.49,0.0,274.3,274.3,274.7,0.979,274.0,0.748,274.0,0.921,274.0,0.013,13.72,2.0,3.0,0.0,18.82,0.0,313.2,314.3,0.0,0.008,0.013,2.55,2.157,0.2129999999999999,0.0,22.48,17.91,17.78,17.73,17.7,17.21,17.74,17.59,18.02,17.64,0.078,0.0899999999999999,0.096,0.0909999999999999,0.0909999999999999,0.078,0.0819999999999999,687.0,700.0,692.0,685.0,700.0,682.0,605.0,0.023,0.027,0.0289999999999999,0.027,0.027,0.023,0.024,0.0,311.6,0.0,60.14,0.0,-0.667,0.0,4.517,0.0,0.0,0.0,10.73,11.57,11.54,18.78,18.44,0.0,17.53,19.99,20.54,2.0,3.531,-1.0,1.823,2.9,4902
2014-09-07 05:46:00,0.0,0.0,0.0,814829.0,74.7,59.9,60.0,0.0,23516.0,341.0,74629.0,809302.0,-0.4629999999999999,0.055,-8.449999999999998,8.46,0.0,274.4,274.2,274.6,0.979,274.0,0.748,274.0,0.921,274.0,0.013,13.72,2.0,3.0,0.0,18.82,0.002,314.8,315.2,0.0,0.01,0.0139999999999999,2.949,2.327,0.2129999999999999,0.0,22.5,17.89,17.77,17.73,17.71,17.2,17.74,17.57,18.02,17.64,0.094,0.107,0.113,0.108,0.109,0.095,0.096,687.0,700.0,692.0,685.0,700.0,682.0,605.0,0.0279999999999999,0.032,0.034,0.033,0.033,0.0279999999999999,0.0289999999999999,0.0,312.7,0.0,60.16,0.0,-0.4689999999999999,0.0,4.55,0.0,0.0,0.0,10.7,11.59,11.52,18.8,18.5,0.0,17.56,351.3,36.5,2.0,3.531,-1.0,1.328,2.8,4902
2014-09-07 05:47:00,0.0859999999999999,0.0,0.0,814829.0,74.7,59.9,60.0,0.0,23516.0,341.0,74629.0,809302.0,-0.451,0.055,-8.33,8.34,0.0,274.4,274.3,274.7,0.979,274.0,0.748,274.0,0.921,274.0,0.013,13.72,2.0,3.0,0.0,18.82,0.011,314.4,315.0,0.0,0.013,0.016,3.029,2.5610000000000004,0.2129999999999999,0.0,22.48,17.91,17.75,17.73,17.69,17.22,17.69,17.6,18.02,17.64,0.122,0.135,0.1409999999999999,0.1369999999999999,0.136,0.122,0.121,687.0,700.0,692.0,685.0,700.0,682.0,605.0,0.037,0.0409999999999999,0.0429999999999999,0.0409999999999999,0.0409999999999999,0.037,0.036,0.0,312.8,0.0,60.2,0.0,-0.2089999999999999,0.0,4.65,0.0,0.0,0.0,10.48,11.5,11.46,18.81,18.49,0.0,17.55,333.4,24.6,2.0,3.531,-1.0,1.803,2.7,4902
2014-09-07 05:48:00,0.0859999999999999,0.0,0.0,814829.0,74.7,59.9,60.0,0.0,23516.0,341.0,74629.0,809302.0,-0.4149999999999999,0.05,-8.32,8.33,0.0,274.4,274.3,274.7,0.979,274.0,0.748,274.0,0.921,274.0,0.013,13.72,2.0,3.0,0.0,18.82,0.0429999999999999,316.5,316.7,0.0,0.016,0.019,3.459,2.817,0.2129999999999999,0.0,22.47,17.84,17.77,17.71,17.65,17.19,17.74,17.57,18.02,17.64,0.139,0.153,0.159,0.155,0.155,0.139,0.1369999999999999,687.0,700.0,692.0,685.0,700.0,682.0,605.0,0.042,0.047,0.049,0.047,0.047,0.042,0.042,0.0,314.8,0.0,60.21,0.0,0.109,0.0,4.65,0.0,0.0,0.0,10.46,11.49,11.47,18.79,18.47,0.0,17.53,25.49,38.23,2.0,3.53,-1.0,1.273,2.4,4902
2014-09-07 05:49:00,0.0,0.0,0.0,814829.0,74.7,59.9,60.0,0.0,23517.0,341.0,74629.0,809302.0,-0.381,0.0459999999999999,-8.32,8.33,0.0,274.3,274.5,274.8,0.979,274.0,0.748,274.0,0.921,274.2,0.013,13.72,2.0,3.0,0.0,18.82,0.095,319.1,319.6,0.0,0.018,0.02,3.678,3.104,0.2129999999999999,0.0,22.45,17.91,17.72,17.66,17.63,17.2,17.64,17.49,17.95,17.61,0.155,0.171,0.178,0.173,0.1739999999999999,0.156,0.152,687.0,700.0,692.0,685.0,700.0,682.0,605.0,0.047,0.0529999999999999,0.055,0.0529999999999999,0.0529999999999999,0.048,0.047,0.0,317.6,0.0,60.17,0.0,0.2979999999999999,0.0,4.65,0.0,0.0,0.0,10.44,11.5,11.45,18.73,18.38,0.0,17.5,5.345,57.13,2.0,3.531,-1.0,0.962,1.8,4902
2014-09-07 05:50:00,0.0859999999999999,0.0,0.0,814829.0,74.7,59.9,60.0,0.0,23517.0,341.0,74629.0,809302.0,-0.3439999999999999,0.0409999999999999,-8.359999999999998,8.37,0.0,274.7,274.3,274.7,0.979,274.0,0.748,274.0,0.921,274.2,0.013,13.72,2.0,3.0,0.0,18.81,0.1489999999999999,322.8,323.7,0.0,0.021,0.024,3.968,3.382,0.2129999999999999,0.0,22.43,17.84,17.72,17.63,17.63,17.19,17.64,17.51,17.92,17.59,0.154,0.173,0.1789999999999999,0.1739999999999999,0.1749999999999999,0.155,0.152,687.0,700.0,692.0,685.0,700.0,682.0,605.0,0.047,0.0529999999999999,0.0559999999999999,0.054,0.054,0.048,0.047,0.0,321.9,0.0,60.14,0.0,0.4829999999999999,0.0,4.6,0.0,0.0,0.0,10.54,11.52,11.46,18.69,18.38,0.0,17.46,336.3,23.75,2.0,3.531,-1.0,1.485,2.8,4902
2014-09-07 05:51:00,0.0859999999999999,0.0,0.0,814829.0,74.7,59.9,60.0,0.0,23517.0,341.0,74629.0,809302.0,-0.324,0.0379999999999999,-8.449999999999998,8.46,0.0,274.5,274.3,274.7,0.979,274.0,0.748,274.0,0.921,274.1,0.013,13.72,2.0,3.0,0.0,18.8,0.143,327.9,328.8,0.0,0.024,0.027,4.367,3.685,0.2129999999999999,0.0,22.4,17.83,17.72,17.63,17.63,17.17,17.64,17.51,17.9,17.64,0.148,0.168,0.176,0.17,0.17,0.1499999999999999,0.148,687.0,700.0,692.0,685.0,700.0,682.0,605.0,0.0459999999999999,0.052,0.055,0.0529999999999999,0.0529999999999999,0.0459999999999999,0.0459999999999999,0.0,326.3,0.0,60.14,0.0,0.46,0.0,4.517,0.0,0.0,0.0,10.71,11.55,11.5,18.73,18.43,0.0,17.49,349.4,16.16,2.0,3.531,-1.0,2.017,2.7,4902
2014-09-07 05:52:00,0.1719999999999999,0.0,0.0,814829.0,74.7,59.9,60.0,0.0,23517.0,341.0,74629.0,809302.0,-0.2919999999999999,0.034,-8.449999999999998,8.46,0.0,274.8,274.3,274.7,0.979,274.0,0.748,274.0,0.921,274.6,0.013,13.72,2.0,3.0,0.0,18.79,0.1489999999999999,329.7,330.8,0.0,0.0279999999999999,0.0299999999999999,4.691,4.022,0.2129999999999999,0.0,22.4,17.89,17.72,17.68,17.63,17.14,17.64,17.5,17.92,17.64,0.161,0.184,0.192,0.186,0.185,0.1639999999999999,0.161,687.0,700.0,692.0,685.0,700.0,682.0,605.0,0.05,0.0579999999999999,0.0599999999999999,0.0579999999999999,0.0579999999999999,0.0509999999999999,0.05,0.0,328.4,0.0,60.13,0.0,0.4749999999999999,0.0,4.517,0.0,0.0,0.0,10.71,11.56,11.48,18.8,18.51,0.0,17.53,325.5,11.0,2.0,3.531,-1.0,1.65,2.3,4902
2014-09-07 05:53:00,0.946,0.168,0.1689999999999999,814829.0,74.7,59.9,60.0,0.018,23517.0,341.0,74629.0,809302.0,-0.22,0.025,-8.33,8.34,0.0,274.7,274.5,274.8,0.979,274.0,0.748,274.0,0.921,274.9,0.013,13.72,2.0,3.0,0.0,18.79,0.1799999999999999,328.9,329.7,0.0,0.033,0.034,5.1610000000000005,4.472,0.2129999999999999,0.0,22.4,17.91,17.74,17.71,17.63,17.14,17.74,17.53,17.97,17.64,0.2269999999999999,0.25,0.258,0.252,0.252,0.23,0.2189999999999999,687.0,700.0,692.0,685.0,700.0,682.0,605.0,0.0709999999999999,0.079,0.0819999999999999,0.08,0.079,0.072,0.069,0.0,326.8,0.0,60.17,0.0,0.571,0.0,4.617,0.0,0.0,0.0,10.52,11.49,11.44,18.78,18.51,0.0,17.59,337.3,12.56,2.0,3.53,-1.0,1.765,2.4,4902
2014-09-07 05:54:00,1.291,0.674,1.947,814829.0,74.7,59.9,60.0,0.125,23517.0,341.0,74629.0,809302.0,-0.121,0.013,-8.269999999999998,8.279999999999998,0.0,274.7,274.5,274.9,0.979,274.0,0.748,274.0,0.921,275.0,0.013,13.72,2.0,3.0,0.0,18.79,0.1939999999999999,330.5,331.1,0.0,0.04,0.0409999999999999,5.792999999999999,5.097,0.2129999999999999,0.0,22.45,17.91,17.81,17.73,17.69,17.17,17.74,17.59,18.02,17.64,0.271,0.2969999999999999,0.3059999999999999,0.2999999999999999,0.2989999999999999,0.2739999999999999,0.26,687.0,700.0,692.0,685.0,700.0,682.0,605.0,0.0859999999999999,0.094,0.0969999999999999,0.095,0.095,0.0869999999999999,0.0819999999999999,0.0,329.0,0.0,60.22,0.0,0.6099999999999999,0.0,4.65,0.0,0.0,0.0,10.4,11.46,11.38,18.79,18.48,0.0,17.62,326.6,14.18,2.0,3.531,-1.0,1.632,2.1,4902
2014-09-07 05:55:00,3.184,3.115,3.302,814829.0,74.7,59.9,60.0,0.6409999999999999,23517.0,341.0,74629.0,809302.0,0.006,-0.003,-8.24,8.25,0.0,274.9,274.5,274.9,0.979,274.0,0.748,274.0,0.921,275.0,0.013,13.72,2.0,3.0,0.0,18.79,0.238,333.7,333.6,0.0,0.047,0.048,6.614,5.96,0.2129999999999999,0.0,22.43,17.96,17.82,17.73,17.73,17.19,17.74,17.59,18.02,17.67,0.327,0.356,0.3659999999999999,0.3589999999999999,0.3579999999999999,0.331,0.311,687.0,700.0,692.0,685.0,700.0,682.0,605.0,0.104,0.114,0.1169999999999999,0.115,0.115,0.106,0.099,0.0,331.7,0.0,60.19,0.0,0.7399999999999999,0.0,4.65,0.0,0.0,0.0,10.38,11.46,11.33,18.77,18.47,0.0,17.63,9.72,38.08,2.0,3.531,-1.0,1.61,2.9,4902
2014-09-07 05:56:00,3.3560000000000003,3.283,3.302,814829.0,74.7,59.9,60.0,0.691,23518.0,341.0,74629.0,809302.0,0.156,-0.023,-8.189999999999998,8.21,0.0,274.4,273.9,274.3,0.979,273.3,0.748,273.2,0.921,274.2,0.013,13.72,2.0,3.0,0.0,18.79,0.4789999999999999,336.8,336.9,0.0,0.057,0.057,7.612,6.992000000000001,0.2129999999999999,0.0,22.46,17.99,17.82,17.73,17.71,17.24,17.74,17.61,18.02,17.74,0.39,0.4229999999999999,0.434,0.427,0.4249999999999999,0.395,0.3679999999999999,687.0,700.0,692.0,685.0,700.0,682.0,605.0,0.126,0.1369999999999999,0.1409999999999999,0.138,0.138,0.127,0.119,0.0,334.9,0.0,60.22,0.0,1.476,0.0,4.65,0.0,0.0,0.0,10.33,11.45,11.28,18.76,18.44,0.0,17.63,320.2,12.87,2.0,3.531,-1.0,1.96,2.6,4902
2014-09-07 05:57:00,2.753,2.694,2.709,814829.0,74.7,59.9,60.0,0.565,23518.0,341.0,74629.0,809302.0,0.1669999999999999,-0.025,-8.32,8.34,0.0,274.0,274.0,274.4,0.979,273.3,0.748,273.0,0.921,274.0,0.013,13.72,2.0,3.0,0.0,18.79,0.7099999999999999,343.7,344.2,0.0,0.065,0.065,8.519999999999998,7.978,0.2129999999999999,0.0,22.48,18.0,17.82,17.73,17.73,17.24,17.82,17.61,18.05,17.74,0.3429999999999999,0.385,0.3989999999999999,0.389,0.385,0.351,0.3329999999999999,687.0,700.0,692.0,685.0,700.0,682.0,605.0,0.111,0.126,0.131,0.127,0.126,0.114,0.109,0.0,342.5,0.0,60.23,0.0,2.169,0.0,4.533,0.0,0.0,0.0,10.58,11.53,11.34,18.73,18.41,0.0,17.62,353.9,26.94,2.0,3.53,-1.0,1.375,2.1,4902
2014-09-07 05:58:00,2.667,2.61,2.624,814829.0,74.7,59.9,60.0,0.546,23518.0,341.0,74629.0,809302.0,0.217,-0.032,-8.33,8.359999999999998,0.0,274.2,274.0,274.3,0.979,273.3,0.748,273.0,0.921,274.0,0.013,13.72,2.0,3.0,0.0,18.79,0.7759999999999999,346.4,346.8,0.0,0.0709999999999999,0.072,9.3,8.769999999999998,0.2129999999999999,0.0,22.5,18.0,17.82,17.73,17.73,17.24,17.8,17.67,18.12,17.74,0.3689999999999999,0.4149999999999999,0.4309999999999999,0.4199999999999999,0.417,0.377,0.3599999999999999,687.0,700.0,692.0,685.0,700.0,682.0,605.0,0.12,0.1369999999999999,0.1419999999999999,0.138,0.1369999999999999,0.123,0.118,0.0,344.6,0.0,60.22,0.0,2.356,0.0,4.517,0.0,0.0,0.0,10.62,11.54,11.33,18.7,18.4,0.0,17.64,355.7,19.38,2.0,3.531,-1.0,0.985,1.5,4902
2014-09-07 05:59:00,2.839,2.778,2.794,814829.0,74.7,59.9,60.0,0.5839999999999999,23518.0,341.0,74629.0,809302.0,0.33,-0.0459999999999999,-8.279999999999998,8.31,0.0,273.9,274.1,274.4,0.979,273.7,0.748,273.3,0.921,274.0,0.013,13.72,2.0,3.0,0.0,18.78,0.8679999999999999,347.0,347.4,0.0,0.0759999999999999,0.0769999999999999,10.02,9.57,0.2129999999999999,0.0,22.5,18.06,17.85,17.73,17.73,17.22,17.82,17.69,18.12,17.74,0.441,0.4909999999999999,0.506,0.495,0.4939999999999999,0.449,0.4259999999999999,687.0,700.0,692.0,685.0,700.0,682.0,605.0,0.1449999999999999,0.162,0.168,0.1639999999999999,0.163,0.1469999999999999,0.1409999999999999,0.0,344.7,0.0,60.21,0.0,2.619,0.0,4.55,0.0,0.0,0.0,10.57,11.54,11.3,18.69,18.38,0.0,17.65,341.0,27.52,2.0,3.531,-1.0,0.8579999999999999,2.1,4902
2014-09-07 06:00:00,3.3560000000000003,3.283,3.302,814829.0,74.7,59.9,60.0,0.688,23518.0,341.0,74629.0,809302.0,0.5909999999999999,-0.08,-8.099999999999998,8.16,0.0,274.0,274.1,274.3,0.979,273.4,0.748,273.3,0.921,274.0,0.013,13.72,2.0,3.0,0.0,18.77,1.046,345.5,346.2,0.0,0.08,0.0819999999999999,10.89,10.49,0.2129999999999999,0.0,22.5,18.08,17.9,17.79,17.73,17.24,17.84,17.71,18.12,17.76,0.562,0.6159999999999999,0.629,0.62,0.622,0.568,0.535,687.0,700.0,692.0,685.0,700.0,682.0,605.0,0.186,0.2049999999999999,0.2089999999999999,0.206,0.206,0.188,0.1769999999999999,0.0,343.7,0.0,60.14,0.0,3.139,0.0,4.65,0.0,0.0,0.0,10.31,11.46,11.16,18.66,18.36,0.0,17.65,324.4,6.9270000000000005,2.0,3.531,-1.0,1.388,1.9,4902
2014-09-07 06:01:00,3.3560000000000003,3.283,3.302,814829.0,74.7,59.9,60.0,0.688,23518.0,341.0,74629.0,809302.0,0.767,-0.103,-8.06,8.15,0.0,274.1,273.9,274.2,0.979,273.0,0.748,273.0,0.921,274.0,0.013,13.72,2.0,3.0,0.0,18.77,1.084,347.0,347.4,0.0,0.0869999999999999,0.0909999999999999,11.99,11.63,0.2129999999999999,0.0,22.5,18.08,17.93,17.82,17.73,17.3,17.84,17.66,18.12,17.82,0.633,0.694,0.707,0.697,0.7009999999999998,0.639,0.6019999999999999,687.0,700.0,692.0,685.0,700.0,682.0,605.0,0.2099999999999999,0.231,0.236,0.2319999999999999,0.2339999999999999,0.2119999999999999,0.2,0.0,345.1,0.0,60.14,0.0,3.239,0.0,4.65,0.0,0.0,0.0,10.3,11.47,11.13,18.66,18.36,0.0,17.63,2.181,26.08,2.0,3.53,-1.0,1.208,1.9,4902
2014-09-07 06:02:00,3.3560000000000003,3.283,3.302,814829.0,74.7,59.9,60.0,0.685,23518.0,341.0,74629.0,809302.0,0.987,-0.131,-8.01,8.14,0.0,273.9,273.8,274.1,0.979,273.0,0.748,273.0,0.921,274.0,0.013,13.72,2.0,3.0,0.0,18.77,1.4880000000000002,348.8,349.4,0.0,0.098,0.103,13.28,13.07,0.2129999999999999,0.0,22.55,18.1,17.95,17.82,17.74,17.33,17.84,17.71,18.12,17.84,0.7199999999999999,0.7879999999999999,0.8009999999999999,0.7909999999999999,0.7979999999999999,0.7259999999999999,0.684,687.0,700.0,692.0,685.0,700.0,682.0,605.0,0.2399999999999999,0.264,0.2689999999999999,0.265,0.267,0.2419999999999999,0.2289999999999999,0.0,346.9,0.0,60.15,0.0,4.426,0.0,4.65,0.0,0.0,0.0,10.32,11.45,11.11,18.68,18.37,0.0,17.65,342.0,23.69,2.0,3.53,-1.0,1.493,2.5,4902
2014-09-07 06:03:00,3.168,3.031,3.325,814829.0,74.7,59.9,60.0,0.7299999999999999,23519.0,341.0,74629.0,809302.0,1.092,-0.1449999999999999,-8.05,8.22,0.0,273.8,273.7,274.0,0.979,273.0,0.748,273.0,0.921,274.0,0.013,13.72,2.0,3.0,0.0,18.77,1.712,352.6,353.0,0.0,0.11,0.115,14.67,14.6,0.2129999999999999,0.0,22.59,18.1,18.01,17.89,17.82,17.35,17.91,17.73,18.12,17.87,0.714,0.794,0.81,0.797,0.805,0.7229999999999999,0.689,687.0,700.0,692.0,685.0,700.0,682.0,605.0,0.2389999999999999,0.268,0.2739999999999999,0.2689999999999999,0.271,0.2429999999999999,0.2319999999999999,0.0,351.5,0.0,60.18,0.0,5.062,0.0,4.6,0.0,0.0,0.0,10.47,11.53,11.15,18.7,18.39,0.0,17.68,342.8,12.78,2.0,3.531,-1.0,1.705,2.3,4902
2014-09-07 06:04:00,3.054,2.749,3.457,814829.0,74.7,59.9,60.0,0.924,23519.0,341.0,74629.0,809302.0,1.017,-0.135,-8.17,8.359999999999998,0.0,273.7,273.6,274.0,0.979,273.0,0.748,273.0,0.921,274.0,0.013,13.72,2.0,3.0,0.0,18.77,1.529,357.6,357.9,0.0,0.12,0.127,15.91,15.96,0.2129999999999999,0.0,22.59,18.1,18.03,17.92,17.87,17.43,17.93,17.82,18.18,17.92,0.6709999999999999,0.764,0.782,0.7659999999999999,0.775,0.6829999999999999,0.662,687.0,700.0,692.0,685.0,700.0,682.0,605.0,0.226,0.259,0.266,0.26,0.263,0.23,0.225,0.0,355.7,0.0,60.22,0.0,4.489,0.0,4.517,0.0,0.0,0.0,10.68,11.61,11.21,18.67,18.37,0.0,17.71,339.1,10.71,2.0,3.531,-1.0,1.57,2.1,4902
2014-09-07 06:05:00,3.511,3.373,3.63,814829.0,74.7,59.9,60.0,1.273,23519.0,341.0,74629.0,809302.0,1.127,-0.1489999999999999,-8.14,8.359999999999998,0.0,273.5,273.5,273.9,0.979,273.0,0.748,273.0,0.921,273.9,0.013,13.72,2.0,3.0,0.0,18.77,1.557,358.9,359.2,0.0,0.129,0.136,17.03,17.15,0.2129999999999999,0.0,22.59,18.12,18.03,17.95,17.91,17.43,17.93,17.82,18.21,17.93,0.7099999999999999,0.812,0.8309999999999998,0.813,0.8249999999999998,0.7229999999999999,0.704,687.0,700.0,692.0,685.0,700.0,682.0,605.0,0.2399999999999999,0.2769999999999999,0.2839999999999999,0.2769999999999999,0.281,0.245,0.2399999999999999,0.0,357.2,0.0,60.15,0.0,4.559,0.0,4.517,0.0,0.0,0.0,10.7,11.63,11.21,18.63,18.32,0.0,17.75,327.7,10.94,2.0,3.531,-1.0,1.392,1.9,4902
2014-09-07 06:06:00,4.203,4.191,4.416,814829.0,74.7,59.9,60.0,1.599,23519.0,341.0,74629.0,809302.0,1.497,-0.1939999999999999,-7.99,8.279999999999998,0.0,274.2,274.2,274.6,0.979,273.8,0.748,273.8,0.921,274.0,0.013,13.72,2.0,3.0,0.0,18.77,1.939,356.8,357.5,0.0,0.135,0.144,17.89,18.01,0.2129999999999999,0.0,22.68,18.2,18.06,18.02,17.92,17.47,17.93,17.84,18.21,17.93,0.923,1.024,1.04,1.026,1.043,0.932,0.892,687.0,700.0,692.0,685.0,700.0,682.0,605.0,0.314,0.351,0.357,0.351,0.357,0.318,0.3049999999999999,0.0,354.7,0.0,60.19,0.0,5.649,0.0,4.617,0.0,0.0,0.0,10.56,11.62,11.12,18.65,18.34,0.0,17.79,330.3,16.13,2.0,3.53,-1.0,1.3330000000000002,1.8,4902
2014-09-07 06:07:00,4.656000000000001,4.637,4.655,814830.0,74.7,59.9,60.0,1.811,23519.0,341.0,74629.0,809302.0,1.69,-0.218,-7.921,8.26,0.0,274.4,274.4,274.7,0.979,274.0,0.748,274.0,0.921,274.0,0.013,13.72,2.0,3.0,0.0,18.77,2.116,356.0,356.5,0.0,0.139,0.1469999999999999,18.21,18.43,0.2129999999999999,0.0,22.69,18.23,18.11,18.02,17.92,17.53,18.03,17.91,18.21,18.03,0.977,1.083,1.098,1.084,1.105,0.986,0.945,687.0,700.0,692.0,685.0,700.0,682.0,605.0,0.3329999999999999,0.371,0.376,0.371,0.3779999999999999,0.336,0.324,0.0,354.2,0.0,60.23,0.0,6.16,0.0,4.65,0.0,0.0,0.0,10.48,11.61,11.09,18.63,18.34,0.0,17.85,335.8,14.97,2.0,3.531,-1.0,1.803,2.4,4902
2014-09-07 06:09:00,4.285,4.203,4.22,814830.0,74.7,59.9,60.0,1.66,23519.0,341.0,74629.0,809302.0,1.651,-0.2119999999999999,-7.998999999999999,8.37,0.0,274.2,274.4,274.6,0.979,274.0,0.748,274.0,0.921,274.0,0.013,13.72,2.0,3.0,0.0,18.77,2.294,358.7,359.3,0.0,0.1469999999999999,0.158,19.38,19.57,0.214,0.0,22.79,18.3,18.13,18.05,18.0,17.53,18.05,17.92,18.29,18.03,0.935,1.0590000000000002,1.073,1.0590000000000002,1.087,0.946,0.927,687.0,700.0,692.0,685.0,700.0,682.0,605.0,0.319,0.3629999999999999,0.3689999999999999,0.3629999999999999,0.373,0.3229999999999999,0.318,0.0,355.6,0.0,60.22,0.0,6.669,0.0,4.589,0.0,0.0,0.0,10.66,11.68,11.16,18.6,18.3,0.0,17.88,340.9,17.25,2.0,3.528,-1.0,1.311,1.9,4902
2014-09-07 06:10:00,3.878,3.804,3.819,814830.0,74.7,59.9,60.0,1.5019999999999998,23519.0,341.0,74629.0,809302.0,1.537,-0.1969999999999999,-8.08,8.449999999999998,0.0,274.3,274.4,274.7,0.979,274.0,0.748,274.0,0.921,274.0,0.013,13.72,2.0,3.0,0.0,18.77,2.132,361.2,361.7,0.0,0.151,0.1639999999999999,19.97,20.22,0.2129999999999999,0.0,22.8,18.3,18.21,18.12,18.02,17.53,18.06,17.92,18.31,18.1,0.819,0.956,0.972,0.957,0.986,0.834,0.8399999999999999,687.0,700.0,692.0,685.0,700.0,682.0,605.0,0.2789999999999999,0.3289999999999999,0.335,0.3289999999999999,0.3389999999999999,0.2849999999999999,0.2889999999999999,0.0,360.2,0.0,60.22,0.0,6.19,0.0,4.533,0.0,0.0,0.0,10.78,11.71,11.21,18.6,18.3,0.0,17.89,331.7,10.53,2.0,3.528,-1.0,1.23,2.2,4902
2014-09-07 06:11:00,3.757,3.685,3.7,814830.0,74.7,59.9,60.0,1.455,23520.0,341.0,74629.0,809302.0,1.5,-0.192,-8.109999999999998,8.48,0.0,274.6,274.4,274.7,0.979,274.0,0.748,274.0,0.921,274.1,0.013,13.72,2.0,3.0,0.0,18.77,2.101,362.4,363.0,0.0,0.155,0.168,20.35,20.75,0.2129999999999999,0.0,22.89,18.3,18.21,18.12,18.02,17.61,18.13,17.91,18.31,18.08,0.827,0.97,0.985,0.97,1.005,0.8409999999999999,0.854,687.0,700.0,692.0,685.0,700.0,682.0,605.0,0.2819999999999999,0.3339999999999999,0.34,0.3339999999999999,0.347,0.288,0.2939999999999999,0.0,360.8,0.0,60.23,0.0,6.087999999999999,0.0,4.517,0.0,0.0,0.0,10.76,11.69,11.18,18.59,18.29,0.0,17.92,339.1,12.47,2.0,3.53,-1.0,2.302,3.1,4902
2014-09-07 06:12:00,3.878,3.804,3.819,814830.0,74.7,59.9,60.0,1.503,23520.0,341.0,74629.0,809302.0,1.565,-0.1989999999999999,-8.09,8.46,0.0,274.8,274.5,274.8,0.979,274.0,0.748,274.0,0.921,274.0,0.013,13.72,2.0,3.0,0.0,18.77,2.178,362.2,362.6,0.0,0.157,0.1719999999999999,20.75,20.98,0.2129999999999999,0.0,22.91,18.3,18.21,18.12,18.02,17.63,18.13,18.0,18.31,18.12,0.889,1.035,1.048,1.034,1.0759999999999998,0.901,0.914,687.0,700.0,692.0,685.0,700.0,682.0,605.0,0.3039999999999999,0.357,0.362,0.357,0.372,0.309,0.316,0.0,360.1,0.0,60.2,0.0,6.3020000000000005,0.0,4.533,0.0,0.0,0.0,10.65,11.64,11.09,18.57,18.27,0.0,17.9,328.2,14.01,2.0,3.53,-1.0,2.28,3.3,4902
2014-09-07 06:13:00,4.727,4.637,4.655,814830.0,74.7,59.9,60.0,1.831,23520.0,341.0,74629.0,809302.0,2.037,-0.258,-7.851,8.33,0.0,274.3,274.6,274.8,0.979,274.0,0.748,274.0,0.921,274.0,0.013,13.72,2.0,3.0,0.0,18.77,2.72,358.8,359.0,0.0,0.16,0.176,21.0,21.36,0.2129999999999999,0.0,22.99,18.3,18.19,18.12,18.02,17.63,18.13,17.99,18.31,18.1,1.088,1.232,1.238,1.229,1.281,1.094,1.089,687.0,700.0,692.0,685.0,700.0,682.0,605.0,0.374,0.4249999999999999,0.4279999999999999,0.4239999999999999,0.4429999999999999,0.376,0.376,0.0,357.1,0.0,60.16,0.0,7.848,0.0,4.65,0.0,0.0,0.0,10.44,11.61,11.01,18.56,18.25,0.0,17.88,333.4,14.82,2.0,3.531,-1.0,1.655,2.4,4902
2014-09-07 06:14:00,4.727,4.637,4.8180000000000005,814830.0,74.7,59.9,60.0,1.876,23520.0,341.0,74629.0,809302.0,2.135,-0.2689999999999999,-7.828999999999998,8.349999999999998,0.0,274.3,274.3,274.6,0.979,274.0,0.748,274.0,0.921,274.0,0.013,13.72,2.0,3.0,0.0,18.77,2.817,358.8,359.3,0.0,0.1639999999999999,0.181,21.51,21.61,0.2129999999999999,0.0,22.99,18.25,18.19,18.12,18.02,17.63,18.13,18.02,18.31,18.06,1.134,1.277,1.284,1.276,1.324,1.142,1.128,687.0,700.0,692.0,685.0,700.0,682.0,605.0,0.389,0.441,0.444,0.44,0.457,0.392,0.389,0.0,356.9,0.0,60.14,0.0,8.13,0.0,4.65,0.0,0.0,0.0,10.61,11.71,11.12,18.56,18.25,0.0,17.86,332.6,16.11,2.0,3.53,-1.0,1.908,2.8,4902
2014-09-07 06:15:00,5.06,4.91,5.582999999999999,814830.0,74.7,59.9,60.0,2.257,23520.0,341.0,74629.0,809302.0,2.371,-0.2939999999999999,-7.7879999999999985,8.42,0.0,274.2,274.3,274.6,0.979,274.0,0.748,274.0,0.921,274.0,0.013,13.72,2.0,3.0,0.0,18.77,2.919,359.3,359.5,0.0,0.1749999999999999,0.192,22.77,22.74,0.2129999999999999,0.0,23.04,18.2,18.16,18.1,18.02,17.61,18.13,17.95,18.31,18.03,1.232,1.3769999999999998,1.385,1.376,1.421,1.241,1.211,687.0,700.0,692.0,685.0,700.0,682.0,605.0,0.4229999999999999,0.4749999999999999,0.4789999999999999,0.4749999999999999,0.4909999999999999,0.427,0.4179999999999999,0.0,357.6,0.0,60.15,0.0,8.42,0.0,4.65,0.0,0.0,0.0,10.69,11.82,11.15,18.58,18.27,0.0,17.83,331.6,21.84,2.0,3.531,-1.0,1.32,2.1,4902
2014-09-07 06:16:00,5.289,5.218,5.398,814830.0,74.7,59.9,60.0,2.46,23520.0,341.0,74629.0,809302.0,2.474,-0.3019999999999999,-7.812,8.529999999999998,0.0,274.3,274.4,274.6,0.979,274.0,0.748,274.0,0.921,274.0,0.013,13.72,2.0,3.0,0.0,18.77,3.135,362.2,362.5,0.0,0.1889999999999999,0.2049999999999999,24.33,24.3,0.214,0.0,23.08,18.15,18.12,18.02,18.0,17.56,18.08,17.92,18.29,18.01,1.21,1.362,1.3730000000000002,1.362,1.403,1.222,1.194,687.0,700.0,692.0,685.0,700.0,682.0,605.0,0.4179999999999999,0.4729999999999999,0.4779999999999999,0.4729999999999999,0.4879999999999999,0.422,0.4149999999999999,0.0,361.2,0.0,60.14,0.0,9.0,0.0,4.6,0.0,0.0,0.0,10.83,11.92,11.25,18.59,18.27,0.0,17.76,344.6,19.18,2.0,3.531,-1.0,1.272,2.1,4902
2014-09-07 06:17:00,4.507,4.532,4.546,814830.0,74.7,59.9,60.0,2.13,23520.0,341.0,74629.0,809302.0,2.089,-0.253,-7.997,8.65,0.0,274.4,274.1,274.4,0.979,274.0,0.748,274.0,0.921,274.0,0.013,13.72,2.0,3.0,0.0,18.77,2.752,366.9,367.4,0.0,0.198,0.215,25.25,25.25,0.214,0.0,23.16,18.1,18.11,18.02,17.99,17.53,18.03,17.91,18.29,18.0,1.054,1.218,1.232,1.217,1.255,1.07,1.064,687.0,700.0,692.0,685.0,700.0,682.0,605.0,0.3639999999999999,0.4249999999999999,0.4309999999999999,0.4249999999999999,0.439,0.371,0.371,0.0,365.4,0.0,60.15,0.0,7.869,0.0,4.517,0.0,0.0,0.0,11.04,11.96,11.36,18.56,18.24,0.0,17.74,326.8,14.31,2.0,3.531,-1.0,1.54,2.4,4902
2014-09-07 06:18:00,4.507,4.532,4.546,814830.0,74.7,59.9,60.0,2.13,23521.0,341.0,74629.0,809302.0,2.112,-0.258,-7.994,8.66,0.0,274.0,274.2,274.5,0.979,274.0,0.748,273.9,0.921,274.0,0.012,13.72,2.0,3.0,0.0,18.77,2.819,367.4,367.9,0.0,0.2019999999999999,0.2189999999999999,25.79,25.63,0.214,0.0,23.18,18.1,18.03,18.02,17.94,17.53,18.03,17.92,18.28,17.93,1.057,1.229,1.238,1.227,1.267,1.072,1.072,687.0,700.0,692.0,685.0,700.0,682.0,605.0,0.3659999999999999,0.4299999999999999,0.434,0.4289999999999999,0.444,0.372,0.375,0.0,365.8,0.0,60.14,0.0,8.04,0.0,4.517,0.0,0.0,0.0,11.06,11.96,11.37,18.58,18.28,0.0,17.73,344.4,15.89,2.0,3.531,-1.0,2.197,2.8,4902
2014-09-07 06:19:00,5.251,5.2620000000000005,5.279,814830.0,74.7,59.9,60.0,2.478,23521.0,341.0,74629.0,809302.0,2.501,-0.3019999999999999,-7.836,8.609999999999998,0.0,274.2,274.1,274.5,0.979,274.0,0.748,274.0,0.921,274.0,0.012,13.72,2.0,3.0,0.0,18.77,3.28,365.0,365.4,0.0,0.203,0.221,25.89,25.89,0.214,0.0,23.25,18.07,18.03,17.97,17.92,17.53,18.0,17.87,18.21,17.93,1.288,1.459,1.46,1.454,1.503,1.296,1.273,687.0,700.0,692.0,685.0,700.0,682.0,605.0,0.4479999999999999,0.511,0.512,0.509,0.527,0.452,0.446,0.0,363.0,0.0,60.16,0.0,9.35,0.0,4.617,0.0,0.0,0.0,10.98,12.0,11.32,18.57,18.26,0.0,17.7,340.5,22.48,2.0,3.531,-1.0,1.398,2.3,4902
2014-09-07 06:20:00,5.782,5.724,5.742000000000001,814830.0,74.7,59.9,60.0,2.728,23521.0,341.0,74629.0,809303.0,2.892,-0.3439999999999999,-7.726,8.64,0.0,274.5,274.3,274.6,0.979,274.0,0.748,274.0,0.921,274.0,0.012,13.72,2.0,3.0,0.0,18.76,3.747,363.5,363.9,0.0,0.206,0.228,26.59,26.59,0.214,0.0,23.28,18.0,18.01,17.92,17.92,17.47,17.93,17.84,18.2,17.92,1.415,1.5930000000000002,1.588,1.585,1.642,1.421,1.388,687.0,700.0,692.0,685.0,700.0,682.0,605.0,0.4929999999999999,0.5579999999999999,0.556,0.555,0.5749999999999998,0.495,0.4859999999999999,0.0,361.9,0.0,60.21,0.0,10.67,0.0,4.65,0.0,0.0,0.0,10.95,12.08,11.31,18.53,18.21,0.0,17.64,320.4,19.71,2.0,3.527,-1.0,1.662,3.2,4902
2014-09-07 06:21:00,9.08,9.72,9.98,814831.0,74.7,59.9,60.0,4.819,23521.0,341.0,74629.0,809303.0,5.309,-0.6079999999999999,-6.932,8.73,0.0,274.2,274.2,274.5,0.979,273.9,0.748,273.7,0.921,274.0,0.012,13.72,2.0,3.0,0.0,18.74,6.643,342.5,343.0,0.0,0.2129999999999999,0.2369999999999999,27.69,27.75,0.214,0.0,23.38,18.0,18.0,17.92,17.89,17.43,17.93,17.82,18.12,17.84,2.6,2.7510000000000003,2.719,2.74,2.823,2.5810000000000004,2.405,687.0,700.0,692.0,685.0,700.0,682.0,605.0,0.885,0.936,0.925,0.932,0.96,0.878,0.818,0.0,340.5,0.0,60.21,0.0,19.41,0.0,5.0,0.0,0.0,0.0,10.79,12.54,11.35,18.54,18.23,0.0,17.64,327.0,15.05,2.0,3.527,-1.0,2.427,3.7,4902
2014-09-07 06:22:00,10.07,10.17,10.21,814831.0,74.7,59.9,60.0,5.285,23521.0,341.0,74629.0,809303.0,5.836,-0.648,-6.867000000000001,9.01,0.0,274.0,274.3,274.6,0.979,274.0,0.748,274.0,0.921,274.0,0.012,13.72,2.0,3.0,0.0,18.74,6.799,332.2,332.6,0.0,0.2239999999999999,0.248,28.93,29.08,0.214,0.0,23.38,17.97,17.93,17.9,17.84,17.41,17.93,17.73,18.12,17.84,2.899,3.049,3.012,3.036,3.13,2.8760000000000003,2.6660000000000004,687.0,700.0,692.0,685.0,700.0,682.0,605.0,0.958,1.007,0.995,1.003,1.034,0.95,0.8809999999999998,0.0,330.4,0.0,60.22,0.0,20.47,0.0,5.0,0.0,0.0,0.0,11.08,12.91,11.67,18.55,18.24,0.0,17.63,347.8,13.5,2.0,3.531,-1.0,1.965,2.8,4902
2014-09-07 06:23:00,10.33,10.97,11.02,814831.0,74.7,59.9,60.0,5.805,23521.0,341.0,74629.0,809303.0,6.107,-0.667,-6.817,9.15,0.0,274.1,274.1,274.5,0.979,274.0,0.748,273.7,0.921,274.0,0.012,13.72,2.0,3.0,0.0,18.74,7.213999999999999,328.5,328.8,0.0,0.2339999999999999,0.256,29.84,30.0,0.214,0.0,23.42,17.96,17.91,17.84,17.82,17.33,17.9,17.73,18.12,17.8,3.051,3.2,3.164,3.188,3.282,3.024,2.798,687.0,700.0,692.0,685.0,700.0,682.0,605.0,0.996,1.045,1.033,1.041,1.072,0.987,0.914,0.0,326.6,0.0,60.22,0.0,21.97,0.0,5.0,0.0,0.0,0.0,11.25,13.11,11.85,18.48,18.17,0.0,17.6,336.5,15.79,2.0,3.53,-1.0,1.6669999999999998,2.8,4902
2014-09-07 06:24:00,10.33,11.3,11.33,814831.0,74.7,59.9,60.0,5.984,23521.0,341.0,74629.0,809303.0,6.222,-0.675,-6.801,9.22,0.0,274.0,274.2,274.5,0.979,273.6,0.748,273.1,0.921,274.0,0.012,13.72,2.0,3.0,0.0,18.74,7.566,327.0,328.1,0.0,0.241,0.26,30.41,30.75,0.214,0.0,23.47,18.0,17.86,17.82,17.81,17.33,17.84,17.73,18.12,17.8,3.108,3.26,3.222,3.244,3.3480000000000003,3.074,2.8510000000000004,687.0,700.0,692.0,685.0,700.0,682.0,606.0,1.012,1.061,1.0490000000000002,1.056,1.09,1.001,0.928,0.0,325.6,0.0,60.22,0.0,23.14,0.0,5.0,0.0,0.0,0.0,11.32,13.2,11.91,18.45,18.13,0.0,17.6,314.8,20.44,2.0,3.53,-1.0,1.557,3.2,4902
2014-09-07 06:25:00,10.35,11.32,11.35,814831.0,74.7,59.9,60.0,6.001,23521.0,341.0,74629.0,809303.0,6.362,-0.684,-6.783,9.3,0.0,274.3,274.0,274.4,0.979,273.3,0.748,273.0,0.921,274.0,0.012,13.72,2.0,3.0,0.0,18.73,7.797999999999998,326.9,327.4,0.0,0.2429999999999999,0.264,30.42,40.89,0.214,0.0,23.56,17.94,17.9,17.82,17.78,17.33,17.84,17.73,18.07,17.74,3.139,3.318,3.229,3.253,3.611,3.074,2.95,687.0,700.0,692.0,685.0,700.0,682.0,606.0,1.021,1.079,1.05,1.058,1.1740000000000002,0.999,0.959,0.0,325.1,0.0,60.22,0.0,23.86,0.0,5.0,0.0,0.0,0.0,11.44,13.3,12.01,18.45,18.14,0.0,17.59,315.5,18.86,2.0,3.53,-1.0,1.495,3.2,4902
2014-09-07 06:26:00,10.37,11.32,11.35,814831.0,74.7,59.9,60.0,6.006,23521.0,341.0,74629.0,809303.0,6.597,-0.699,-6.752000000000001,9.44,0.0,274.1,273.9,274.4,0.979,273.1,0.748,273.0,0.921,274.0,0.012,13.72,2.0,3.0,0.0,18.71,7.897999999999999,326.5,326.8,0.0,0.245,0.267,30.42,57.74,0.214,0.0,23.57,18.0,17.85,17.82,17.73,17.33,17.84,17.73,18.02,17.74,3.175,3.399,3.2310000000000003,3.256,4.051,3.073,3.125,687.0,700.0,692.0,685.0,700.0,682.0,606.0,1.031,1.104,1.05,1.058,1.3159999999999998,0.998,1.015,0.0,324.9,0.0,60.14,0.0,24.19,0.0,5.0,0.0,0.0,0.0,11.61,13.47,12.16,18.44,18.12,0.0,17.59,321.8,13.91,2.0,3.531,-1.0,2.113,3.0,4902
2014-09-07 06:27:00,10.33,11.24,11.27,814831.0,74.7,59.9,60.0,5.95,23522.0,341.0,74629.0,809303.0,6.225,-0.675,-6.803,9.22,0.0,274.0,273.9,274.4,0.979,273.0,0.748,273.0,0.921,274.0,0.012,13.72,2.0,3.0,0.0,18.71,7.615,329.2,331.1,0.0,0.2429999999999999,0.265,30.42,32.75,0.214,0.0,23.65,18.0,17.82,17.78,17.73,17.33,17.84,17.71,18.02,17.74,3.076,3.241,3.187,3.212,3.385,3.026,2.853,687.0,700.0,692.0,685.0,700.0,682.0,606.0,1.008,1.062,1.045,1.053,1.109,0.992,0.935,0.0,327.7,0.0,60.13,0.0,23.14,0.0,5.0,0.0,0.0,0.0,11.33,13.21,11.92,18.41,18.13,0.0,17.63,359.5,26.59,2.0,3.53,-1.0,1.5730000000000002,2.3,4902
2014-09-07 06:28:00,10.33,11.17,10.96,814832.0,74.7,59.9,60.0,5.839,23522.0,341.0,74629.0,809303.0,6.121,-0.6679999999999999,-6.812,9.16,0.0,274.1,274.0,274.4,0.979,273.0,0.748,273.0,0.921,274.0,0.012,13.72,2.0,3.0,0.0,18.71,7.473,328.7,329.1,0.0,0.2399999999999999,0.262,30.16,30.13,0.214,0.0,23.69,18.0,17.83,17.73,17.73,17.33,17.82,17.66,18.02,17.74,3.0460000000000003,3.2,3.165,3.19,3.289,3.002,2.805,687.0,700.0,692.0,685.0,701.0,682.0,606.0,0.997,1.047,1.036,1.044,1.0759999999999998,0.982,0.918,0.0,327.2,0.0,60.15,0.0,22.74,0.0,5.0,0.0,0.0,0.0,11.25,13.12,11.86,18.42,18.13,0.0,17.64,346.5,13.21,2.0,3.53,-1.0,1.68,2.4,4902
2014-09-07 06:29:00,10.33,11.2,11.02,814832.0,74.7,59.9,60.0,5.8660000000000005,23522.0,341.0,74629.0,809303.0,6.136,-0.669,-6.811,9.170000000000002,0.0,274.0,273.9,274.3,0.979,273.0,0.748,273.0,0.921,274.0,0.012,13.72,2.0,3.0,0.0,18.71,7.61,328.5,329.8,0.0,0.238,0.263,30.21,30.25,0.214,0.0,23.77,17.95,17.82,17.73,17.73,17.3,17.74,17.63,17.99,17.64,3.053,3.216,3.173,3.2030000000000003,3.31,3.006,2.818,687.0,700.0,692.0,685.0,701.0,682.0,606.0,0.997,1.051,1.037,1.046,1.081,0.982,0.921,0.0,326.7,0.0,60.15,0.0,23.17,0.0,5.0,0.0,0.0,0.0,11.27,13.13,11.87,18.45,18.15,0.0,17.61,340.4,18.32,2.0,3.531,-1.0,1.732,3.3,4902
2014-09-07 06:30:00,10.33,11.32,11.35,814832.0,74.7,59.9,60.0,5.993,23522.0,341.0,74629.0,809304.0,6.386,-0.6859999999999999,-6.777,9.31,0.0,274.1,273.8,274.2,0.979,273.0,0.748,273.0,0.921,274.0,0.012,13.72,2.0,3.0,0.0,18.71,7.862,326.1,327.8,0.0,0.245,0.272,31.19,31.45,0.214,0.0,23.77,17.91,17.84,17.73,17.73,17.28,17.74,17.63,17.99,17.64,3.174,3.352,3.294,3.3310000000000004,3.457,3.1210000000000004,2.9360000000000004,687.0,700.0,692.0,685.0,701.0,682.0,606.0,1.031,1.089,1.071,1.082,1.123,1.014,0.954,0.0,325.0,0.0,60.14,0.0,24.11,0.0,5.0,0.0,0.0,0.0,11.46,13.32,12.02,18.48,18.17,0.0,17.59,0.998,33.62,2.0,3.53,-1.0,1.252,2.5,4902
2014-09-07 06:31:00,10.67,11.43,11.39,814832.0,74.7,59.9,60.0,6.127000000000001,23522.0,341.0,74629.0,809304.0,6.747999999999999,-0.7079999999999999,-6.728,9.53,0.0,274.1,273.9,274.2,0.979,273.0,0.748,273.0,0.921,274.0,0.012,13.72,2.0,3.0,0.0,18.69,7.939,325.4,326.0,0.0,0.258,0.2849999999999999,32.59,33.13,0.214,0.0,23.85,17.91,17.85,17.73,17.71,17.26,17.74,17.63,17.92,17.64,3.344,3.534,3.466,3.51,3.647,3.284,3.091,687.0,700.0,692.0,685.0,701.0,683.0,606.0,1.082,1.144,1.122,1.136,1.18,1.063,1.0,0.0,323.6,0.0,60.21,0.0,24.4,0.0,5.0,0.0,0.0,0.0,11.74,13.59,12.26,18.49,18.18,0.0,17.59,358.2,30.09,2.0,3.53,-1.0,1.21,1.8,4902
2014-09-07 06:32:00,11.42,12.17,11.96,814832.0,74.7,59.9,60.0,6.694,23522.0,341.0,74629.0,809304.0,7.039,-0.7259999999999999,-6.676,9.7,0.0,273.9,273.8,274.2,0.979,273.0,0.748,273.0,0.921,274.0,0.012,13.72,2.0,3.0,0.0,18.69,8.449999999999998,324.9,325.9,0.0,0.268,0.296,33.75,34.37,0.214,0.0,23.88,17.91,17.82,17.71,17.64,17.24,17.74,17.61,17.94,17.64,3.471,3.674,3.6010000000000004,3.649,3.791,3.408,3.212,687.0,700.0,692.0,685.0,701.0,683.0,606.0,1.122,1.188,1.164,1.179,1.225,1.102,1.038,0.0,323.3,0.0,60.23,0.0,26.01,0.0,5.0,0.0,0.0,0.0,11.96,13.8,12.45,18.45,18.13,0.0,17.54,352.3,40.7,2.0,3.531,-1.0,0.7229999999999999,1.3,4902
2014-09-07 06:33:00,11.55,12.41,12.39,814832.0,74.7,59.9,60.0,6.901,23522.0,341.0,74629.0,809304.0,7.108,-0.7299999999999999,-6.663,9.74,0.0,273.8,273.8,274.2,0.979,273.0,0.748,273.0,0.921,274.0,0.012,13.72,2.0,3.0,0.0,18.69,8.62,326.3,326.9,0.0,0.273,0.2999999999999999,33.98,34.58,0.214,0.0,23.95,17.91,17.84,17.73,17.64,17.24,17.72,17.61,17.92,17.59,3.477,3.687,3.62,3.663,3.802,3.414,3.228,687.0,700.0,692.0,685.0,701.0,683.0,606.0,1.13,1.198,1.176,1.1909999999999998,1.236,1.109,1.0490000000000002,0.0,325.0,0.0,60.18,0.0,26.42,0.0,5.0,0.0,0.0,0.0,12.01,13.86,12.5,18.4,18.08,0.0,17.52,329.5,12.52,2.0,3.531,-1.0,1.06,1.6,4902
2014-09-07 06:34:00,11.34,11.97,11.7,814832.0,74.7,59.9,60.0,6.54,23522.0,341.0,74629.0,809304.0,6.982,-0.7219999999999999,-6.682,9.66,0.0,274.1,273.6,274.0,0.979,273.0,0.748,273.0,0.921,274.0,0.012,13.72,2.0,3.0,0.0,18.69,8.279999999999998,328.5,329.7,0.0,0.27,0.2969999999999999,33.61,34.15,0.214,0.0,23.96,17.86,17.77,17.68,17.63,17.24,17.67,17.53,17.92,17.54,3.389,3.614,3.5460000000000003,3.585,3.726,3.3280000000000003,3.167,687.0,700.0,692.0,685.0,701.0,683.0,606.0,1.109,1.182,1.16,1.173,1.219,1.089,1.036,0.0,327.2,0.0,60.14,0.0,25.22,0.0,5.0,0.0,0.0,0.0,11.92,13.75,12.42,18.4,18.09,0.0,17.5,346.2,15.21,2.0,3.53,-1.0,1.248,1.8,4902
2014-09-07 06:35:00,11.04,11.52,11.41,814833.0,74.7,59.9,60.0,6.25,23523.0,341.0,74629.0,809304.0,6.885,-0.717,-6.698,9.61,0.0,273.7,273.7,274.1,0.979,273.0,0.748,273.0,0.921,274.0,0.012,13.72,2.0,3.0,0.0,18.66,8.16,329.7,330.4,0.0,0.27,0.296,33.42,34.1,0.214,0.0,24.05,17.84,17.76,17.63,17.63,17.24,17.66,17.53,17.92,17.54,3.319,3.575,3.4930000000000003,3.531,3.69,3.26,3.132,687.0,700.0,692.0,686.0,701.0,683.0,606.0,1.089,1.173,1.146,1.159,1.211,1.07,1.028,0.0,328.1,0.0,60.17,0.0,24.76,0.0,5.0,0.0,0.0,0.0,11.83,13.68,12.35,18.38,18.08,0.0,17.49,343.0,15.43,2.0,3.531,-1.0,1.365,2.0,4902
2014-09-07 06:36:00,11.06,11.83,11.52,814833.0,74.7,59.9,60.0,6.39,23523.0,341.0,74629.0,809304.0,6.949,-0.7199999999999999,-6.702000000000001,9.65,0.0,274.3,274.2,274.6,0.979,273.8,0.748,273.8,0.921,274.1,0.012,13.72,2.0,3.0,0.0,18.64,8.359999999999998,328.9,329.8,0.0,0.2739999999999999,0.3009999999999999,33.68,34.77,0.214,0.0,24.06,17.87,17.75,17.63,17.63,17.17,17.64,17.53,17.92,17.54,3.335,3.629,3.525,3.564,3.751,3.275,3.178,687.0,700.0,692.0,686.0,701.0,683.0,606.0,1.091,1.188,1.154,1.167,1.228,1.072,1.04,0.0,327.3,0.0,60.23,0.0,25.42,0.0,5.0,0.0,0.0,0.0,11.87,13.73,12.38,18.35,18.04,0.0,17.49,324.7,17.79,2.0,3.531,-1.0,1.162,2.0,4902
2014-09-07 06:37:00,11.53,12.41,12.28,814833.0,74.7,59.9,60.0,6.8870000000000005,23523.0,341.0,74629.0,809304.0,7.121,-0.729,-6.686,9.77,0.0,274.4,274.3,274.7,0.979,274.0,0.748,274.0,0.921,274.2,0.012,13.72,2.0,3.0,0.0,18.64,8.88,328.2,328.8,0.0,0.2819999999999999,0.31,34.45,35.73,0.214,0.0,24.13,17.81,17.75,17.63,17.59,17.14,17.64,17.53,17.87,17.54,3.401,3.726,3.607,3.644,3.853,3.343,3.26,687.0,700.0,692.0,686.0,701.0,683.0,606.0,1.111,1.217,1.178,1.19,1.259,1.092,1.065,0.0,326.7,0.0,60.22,0.0,27.05,0.0,5.0,0.0,0.0,0.0,12.01,13.86,12.49,18.29,17.99,0.0,17.44,329.6,15.68,2.0,3.531,-1.0,1.045,1.5,4902
2014-09-07 06:38:00,11.55,12.41,12.46,814833.0,74.7,59.9,60.0,6.94,23523.0,341.0,74629.0,809304.0,7.272,-0.7379999999999999,-6.658,9.86,0.0,274.4,274.1,274.5,0.979,274.0,0.748,273.5,0.921,274.0,0.012,13.72,2.0,3.0,0.0,18.64,9.15,328.9,329.2,0.0,0.2899999999999999,0.317,35.14,36.49,0.214,0.0,24.16,17.81,17.65,17.6,17.53,17.14,17.66,17.51,17.84,17.46,3.4560000000000004,3.802,3.67,3.708,3.93,3.397,3.321,687.0,700.0,692.0,686.0,701.0,683.0,606.0,1.129,1.243,1.199,1.212,1.285,1.11,1.085,0.0,326.8,0.0,60.13,0.0,27.83,0.0,5.0,0.0,0.0,0.0,12.14,13.97,12.6,18.29,17.98,0.0,17.45,313.2,10.38,2.0,3.53,-1.0,1.203,1.7,4902
2014-09-07 06:39:00,11.55,12.41,12.46,814833.0,74.7,59.9,60.0,6.939,23523.0,341.0,74629.0,809305.0,7.366,-0.7429999999999999,-6.638,9.920000000000002,0.0,274.3,274.2,274.6,0.979,274.0,0.748,273.5,0.921,274.0,0.012,13.72,2.0,3.0,0.0,18.64,9.21,328.3,329.3,0.0,0.296,0.3229999999999999,35.65,37.17,0.214,0.0,24.16,17.81,17.62,17.63,17.53,17.14,17.63,17.5,17.82,17.45,3.483,3.86,3.7,3.745,3.989,3.428,3.363,687.0,700.0,692.0,686.0,701.0,683.0,606.0,1.139,1.262,1.21,1.225,1.304,1.121,1.099,0.0,327.0,0.0,60.15,0.0,28.06,0.0,5.0,0.0,0.0,0.0,12.22,14.04,12.68,18.33,18.02,0.0,17.47,324.7,12.74,2.0,3.53,-1.0,2.128,3.2,4902
2014-09-07 06:40:00,11.58,12.47,12.46,814833.0,74.7,59.9,60.0,6.965,23523.0,341.0,74629.0,809305.0,7.543999999999999,-0.752,-6.602,10.02,0.0,274.4,274.0,274.5,0.979,273.9,0.748,273.0,0.921,274.0,0.012,13.72,2.0,3.0,0.0,18.63,9.21,327.8,328.8,0.0,0.307,0.335,36.48,38.61,0.214,0.0,24.24,17.81,17.62,17.63,17.53,17.14,17.66,17.52,17.82,17.45,3.5380000000000003,3.987,3.771,3.822,4.1,3.4960000000000004,3.444,687.0,700.0,692.0,686.0,701.0,683.0,606.0,1.155,1.3019999999999998,1.231,1.248,1.338,1.141,1.124,0.0,326.5,0.0,60.14,0.0,28.11,0.0,5.0,0.0,0.0,0.0,12.35,14.19,12.81,18.32,18.02,0.0,17.44,329.1,24.92,2.0,3.53,-1.0,1.703,2.7,4902
2014-09-07 06:41:00,12.7,13.72,13.51,814834.0,74.7,59.9,60.0,7.921,23523.0,341.0,74629.0,809305.0,8.37,-0.789,-6.474,10.59,0.0,274.1,274.1,274.6,0.979,273.9,0.748,273.0,0.921,274.0,0.012,13.72,2.0,3.0,0.0,18.61,10.02,324.1,325.1,0.0,0.3689999999999999,0.401,41.71,48.43,0.214,0.0,24.26,17.79,17.62,17.6,17.53,17.14,17.64,17.53,17.82,17.46,3.693,4.734,4.087,4.142,4.775,3.745,3.935,688.0,700.0,692.0,686.0,701.0,683.0,606.0,1.1909999999999998,1.524,1.317,1.335,1.538,1.207,1.267,0.0,322.6,0.0,60.14,0.0,30.96,0.0,5.0,0.0,0.0,0.0,13.1,14.91,13.45,18.27,17.95,0.0,17.39,335.6,29.68,2.0,3.53,-1.0,1.317,2.1,4902
2014-09-07 06:42:00,18.54,19.86,19.69,814834.0,74.7,59.9,60.0,12.98,23523.0,341.0,74629.0,809305.0,13.18,-0.912,-5.718,14.41,0.0,274.2,274.1,274.6,0.979,273.8,0.748,273.0,0.921,274.0,0.012,13.72,2.0,3.0,0.0,18.61,14.78,306.1,307.1,0.0,0.6559999999999999,0.8759999999999998,76.26999999999998,113.7,0.215,0.0,24.35,17.88,17.75,17.68,17.63,17.19,17.72,17.58,17.89,17.48,4.001,9.3,5.609,6.082000000000001,9.33,4.872,7.66,688.0,700.0,692.0,686.0,701.0,683.0,606.0,1.219,2.826,1.707,1.849,2.834,1.483,2.326,0.0,304.9,0.0,60.15,0.0,48.44,0.0,5.0,0.0,0.0,0.0,17.66,19.57,17.89,18.33,18.05,0.0,17.49,323.2,21.7,2.0,3.53,-1.0,1.408,2.3,4902
2014-09-07 06:43:00,21.76,23.13,22.95,814834.0,74.7,59.9,60.0,15.71,23523.0,341.0,74629.0,809305.0,15.8,-0.948,-5.315,16.67,0.0,274.5,274.1,274.7,0.979,274.0,0.748,273.5,0.921,274.0,0.012,13.72,2.0,3.0,0.0,18.61,17.64,306.8,306.8,0.0,1.012,1.091,91.5,136.5,0.215,0.0,24.35,18.16,17.93,17.89,17.82,17.4,17.95,17.78,18.05,17.45,4.138,11.09,6.331,7.237999999999999,11.23,5.63,9.48,688.0,700.0,692.0,686.0,701.0,683.0,606.0,1.264,3.385,1.933,2.21,3.43,1.719,2.895,0.0,305.4,0.0,60.16,0.0,57.52,0.0,5.0,0.0,0.0,0.0,20.44,22.35,20.54,18.43,18.2,0.0,17.7,329.9,11.75,2.0,3.531,-1.0,1.6269999999999998,2.3,4902
2014-09-07 06:44:00,21.18,22.54,22.39,814834.0,74.7,59.9,60.0,15.21,23523.0,341.0,74629.0,809306.0,15.33,-0.943,-5.399,16.25,0.0,274.4,274.1,274.6,0.979,273.9,0.748,273.2,0.921,274.0,0.012,13.72,2.0,3.0,0.0,18.61,17.23,320.4,321.5,0.0,0.903,0.968,83.9,119.6,0.215,0.0,24.42,18.33,18.11,18.08,17.99,17.6,18.15,17.97,18.26,17.45,4.259,10.08,6.219,6.871,10.0,5.582999999999999,8.34,688.0,700.0,692.0,686.0,701.0,683.0,606.0,1.36,3.217,1.986,2.193,3.1910000000000003,1.783,2.662,0.0,319.3,0.0,60.22,0.0,53.77,0.0,5.0,0.0,0.0,0.0,19.98,21.86,20.06,18.49,18.29,0.0,17.9,343.9,22.99,2.0,3.531,-1.0,1.0,1.6,4902
2014-09-07 06:45:00,17.37,18.49,18.28,814835.0,74.7,59.9,60.0,11.87,23524.0,341.0,74629.0,809306.0,12.11,-0.888,-5.908,13.54,0.0,274.1,274.1,274.6,0.979,273.3,0.748,273.0,0.921,274.0,0.012,13.72,2.0,3.0,0.0,18.61,14.02,334.9,335.3,0.0,0.5889999999999999,0.643,60.28,73.65999999999998,0.215,0.0,24.5,18.4,18.21,18.2,18.12,17.73,18.25,18.1,18.36,17.45,4.195,6.824,5.223,5.542000000000001,6.934,4.77,5.94,688.0,700.0,692.0,686.0,701.0,683.0,606.0,1.4,2.27,1.741,1.847,2.307,1.59,1.977,0.0,334.0,0.0,60.16,0.0,41.99,0.0,5.0,0.0,0.0,0.0,16.72,18.53,16.86,18.5,18.29,0.0,18.01,331.2,29.83,2.0,3.53,-1.0,0.7099999999999999,1.4,4902
2014-09-07 06:46:00,14.06,14.91,14.87,814835.0,74.7,59.9,60.0,9.0,23524.0,341.0,74629.0,809306.0,9.43,-0.8309999999999998,-6.318,11.35,0.0,273.9,273.8,274.2,0.979,273.0,0.748,273.0,0.921,274.0,0.012,13.72,2.0,3.0,0.0,18.61,11.33,337.0,338.2,0.0,0.351,0.3939999999999999,43.54,45.26,0.214,0.0,24.55,18.31,18.22,18.13,18.12,17.68,18.25,18.02,18.36,17.45,4.231,4.683,4.51,4.596,4.87,4.187,4.132,688.0,700.0,692.0,686.0,701.0,683.0,606.0,1.419,1.571,1.513,1.5419999999999998,1.634,1.405,1.386,0.0,335.6,0.0,60.15,0.0,33.65,0.0,5.0,0.0,0.0,0.0,14.09,15.82,14.29,18.48,18.25,0.0,17.94,342.3,24.24,2.0,3.526,-1.0,1.078,2.1,4902
2014-09-07 06:47:00,14.28,15.21,15.27,814835.0,74.7,59.9,60.0,9.25,23524.0,341.0,74629.0,809306.0,9.55,-0.8349999999999999,-6.292999999999999,11.44,0.0,273.8,273.7,274.2,0.979,273.0,0.748,273.0,0.921,274.0,0.012,13.72,2.0,3.0,0.0,18.61,11.67,335.0,336.0,0.0,0.351,0.395,43.78,45.23,0.214,0.0,24.65,18.3,18.21,18.12,18.05,17.63,18.16,18.0,18.31,17.53,4.3660000000000005,4.754,4.601,4.673,4.894,4.3,4.137,688.0,700.0,692.0,686.0,701.0,683.0,606.0,1.457,1.586,1.535,1.5590000000000002,1.633,1.435,1.38,0.0,333.7,0.0,60.14,0.0,34.84,0.0,5.0,0.0,0.0,0.0,14.21,15.94,14.4,18.43,18.17,0.0,17.89,330.6,21.86,2.0,3.531,-1.0,1.5519999999999998,2.2,4902
2014-09-07 06:48:00,14.51,15.22,15.27,814835.0,74.7,59.9,60.0,9.32,23524.0,341.0,74629.0,809306.0,9.69,-0.839,-6.272,11.54,0.0,273.8,273.7,274.2,0.979,273.0,0.748,273.0,0.921,274.0,0.012,13.72,2.0,3.0,0.0,18.61,11.92,334.5,335.3,0.0,0.351,0.397,44.22,45.37,0.214,0.0,24.73,18.18,18.14,18.1,18.02,17.63,18.13,17.97,18.29,17.54,4.463,4.809,4.68,4.747,4.941,4.39,4.18,688.0,700.0,692.0,686.0,701.0,683.0,606.0,1.486,1.602,1.5590000000000002,1.581,1.646,1.462,1.392,0.0,333.1,0.0,60.15,0.0,35.64,0.0,5.0,0.0,0.0,0.0,14.33,16.08,14.51,18.39,18.12,0.0,17.85,326.0,20.41,2.0,3.531,-1.0,1.93,3.0,4902
2014-09-07 06:49:00,14.6,15.81,15.5,814835.0,74.7,59.9,60.0,9.57,23524.0,341.0,74629.0,809306.0,9.95,-0.8479999999999999,-6.228,11.74,0.0,273.7,273.7,274.2,0.979,273.0,0.748,273.0,0.921,274.0,0.012,13.72,2.0,3.0,0.0,18.61,11.97,333.9,335.1,0.0,0.3589999999999999,0.405,45.07,45.99,0.214,0.0,24.81,18.17,18.11,18.02,18.02,17.56,18.15,17.92,18.25,17.54,4.605,4.915,4.814,4.874,5.047,4.531000000000001,4.282,688.0,700.0,692.0,686.0,701.0,683.0,606.0,1.5319999999999998,1.635,1.601,1.621,1.679,1.507,1.4240000000000002,0.0,332.6,0.0,60.15,0.0,35.84,0.0,5.0,0.0,0.0,0.0,14.57,16.35,14.75,18.33,18.04,0.0,17.8,337.5,10.53,2.0,3.53,-1.0,1.5630000000000002,2.0,4902
2014-09-07 06:50:00,15.16,16.14,16.1,814836.0,74.7,59.9,60.0,9.98,23524.0,341.0,74629.0,809307.0,10.3,-0.8569999999999999,-6.183,12.02,0.0,273.7,273.8,274.3,0.979,273.0,0.748,273.0,0.921,274.0,0.012,13.72,2.0,3.0,0.0,18.61,12.06,333.7,334.3,0.0,0.3689999999999999,0.417,46.35,46.98,0.214,0.0,24.89,18.1,18.05,18.02,17.94,17.53,18.03,17.92,18.21,17.54,4.776,5.059,4.9830000000000005,5.035,5.192,4.7010000000000005,4.415,688.0,701.0,692.0,686.0,701.0,683.0,606.0,1.587,1.681,1.656,1.673,1.725,1.5619999999999998,1.467,0.0,332.3,0.0,60.14,0.0,36.14,0.0,5.0,0.0,0.0,0.0,14.89,16.71,15.08,18.3,18.01,0.0,17.75,329.2,14.74,2.0,3.53,-1.0,1.347,3.2,4902
2014-09-07 06:51:00,15.65,16.79,16.58,814836.0,74.7,59.9,60.0,10.43,23524.0,341.0,74629.0,809307.0,10.71,-0.8679999999999999,-6.12,12.34,0.0,273.7,273.6,274.1,0.979,273.0,0.748,273.0,0.921,274.0,0.012,13.72,2.0,3.0,0.0,18.61,12.73,333.9,335.3,0.0,0.3829999999999999,0.4309999999999999,47.85,48.4,0.214,0.0,24.94,18.1,18.04,18.02,17.92,17.53,18.03,17.92,18.21,17.62,4.958,5.234,5.171,5.216,5.368,4.883,4.572,688.0,701.0,692.0,686.0,701.0,683.0,606.0,1.648,1.74,1.719,1.734,1.784,1.6230000000000002,1.52,0.0,332.4,0.0,60.13,0.0,38.12,0.0,5.0,0.0,0.0,0.0,15.29,17.13,15.46,18.26,17.97,0.0,17.74,335.2,20.44,2.0,3.531,-1.0,2.055,3.5,4902
2014-09-07 06:52:00,16.35,17.48,17.23,814836.0,74.7,59.9,60.0,11.0,23524.0,341.0,74629.0,809307.0,11.24,-0.8809999999999998,-6.038,12.76,0.0,273.8,273.8,274.3,0.979,273.0,0.748,273.0,0.921,274.0,0.012,13.72,2.0,3.0,0.0,18.61,13.28,334.6,335.7,0.0,0.402,0.45,49.82,50.43,0.214,0.0,25.04,18.1,18.01,18.02,17.92,17.53,18.07,17.92,18.2,17.66,5.186,5.465,5.407,5.447,5.601,5.106,4.773,688.0,701.0,692.0,686.0,701.0,683.0,606.0,1.726,1.819,1.8,1.813,1.864,1.699,1.589,0.0,332.9,0.0,60.16,0.0,39.7,0.0,5.0,0.0,0.0,0.0,15.79,17.66,15.97,18.28,18.01,0.0,17.76,343.4,18.73,2.0,3.531,-1.0,1.557,2.8,4902
2014-09-07 06:53:00,17.02,18.19,18.01,814836.0,74.7,59.9,60.0,11.61,23524.0,341.0,74629.0,809307.0,11.85,-0.894,-5.934,13.25,0.0,273.8,273.8,274.2,0.979,273.0,0.748,273.0,0.921,274.0,0.012,13.72,2.0,3.0,0.0,18.61,13.72,334.0,335.4,0.0,0.4229999999999999,0.471,52.05,52.75,0.214,0.0,25.06,18.1,18.07,18.02,17.92,17.53,18.03,17.92,18.21,17.74,5.45,5.733,5.676,5.715,5.869,5.36,5.005,688.0,701.0,692.0,686.0,701.0,683.0,606.0,1.815,1.909,1.89,1.903,1.954,1.785,1.6669999999999998,0.0,333.0,0.0,60.22,0.0,41.09,0.0,5.0,0.0,0.0,0.0,16.39,18.24,16.57,18.27,17.96,0.0,17.74,318.8,16.2,2.0,3.531,-1.0,1.307,2.0,4902
2014-09-07 06:54:00,17.67,18.89,18.57,814837.0,74.7,59.9,60.0,12.12,23524.0,341.0,74629.0,809307.0,12.32,-0.903,-5.852,13.64,0.0,273.8,273.5,274.0,0.979,273.0,0.748,273.0,0.921,274.0,0.012,13.72,2.0,3.0,0.0,18.61,14.59,336.2,336.9,0.0,0.437,0.4859999999999999,53.78,54.5,0.214,0.0,25.14,18.1,18.01,18.02,17.92,17.61,18.07,17.92,18.21,17.75,5.64,5.917000000000001,5.863,5.903,6.054,5.542999999999999,5.167000000000001,688.0,701.0,693.0,686.0,701.0,683.0,606.0,1.886,1.979,1.961,1.974,2.025,1.854,1.7280000000000002,0.0,334.4,0.0,60.21,0.0,43.41,0.0,5.0,0.0,0.0,0.0,16.87,18.72,17.04,18.24,17.93,0.0,17.74,325.1,31.28,2.0,3.531,-1.0,1.21,2.2,4902
2014-09-07 06:55:00,17.73,18.93,18.61,814837.0,74.7,59.9,60.0,12.17,23525.0,341.0,74629.0,809308.0,12.38,-0.904,-5.843,13.69,0.0,273.6,273.6,274.0,0.979,273.0,0.748,273.0,0.921,274.0,0.012,13.72,2.0,3.0,0.0,18.61,14.64,337.4,338.6,0.0,0.437,0.4879999999999999,53.93,54.63,0.214,0.0,25.14,18.1,18.11,18.02,17.96,17.63,18.05,17.92,18.21,17.79,5.63,5.9,5.846,5.888999999999999,6.039,5.538,5.153,688.0,701.0,693.0,686.0,701.0,683.0,606.0,1.894,1.985,1.967,1.981,2.032,1.863,1.734,0.0,336.4,0.0,60.21,0.0,43.39,0.0,5.0,0.0,0.0,0.0,16.93,18.78,17.09,18.24,17.95,0.0,17.76,331.0,19.51,2.0,3.53,-1.0,1.5619999999999998,2.5,4902
2014-09-07 06:56:00,17.22,18.36,18.36,814837.0,74.7,59.9,60.0,11.79,23525.0,341.0,74629.0,809308.0,12.08,-0.899,-5.89,13.44,0.0,273.5,273.6,274.0,0.979,273.0,0.748,273.0,0.921,274.0,0.012,13.72,2.0,3.0,0.0,18.61,14.15,340.6,341.5,0.0,0.4279999999999999,0.4789999999999999,52.8,53.49,0.214,0.0,25.2,18.1,18.11,18.02,17.99,17.63,18.07,17.92,18.21,17.82,5.461,5.726,5.671,5.714,5.865,5.372999999999999,5.002,688.0,701.0,693.0,686.0,701.0,683.0,606.0,1.851,1.941,1.922,1.937,1.988,1.821,1.695,0.0,339.0,0.0,60.18,0.0,41.56,0.0,5.0,0.0,0.0,0.0,16.64,18.47,16.77,18.22,17.93,0.0,17.76,320.7,13.08,2.0,3.53,-1.0,1.365,1.9,4902
2014-09-07 06:57:00,17.15,18.26,18.26,814837.0,74.7,59.9,60.0,11.71,23525.0,341.0,74629.0,809308.0,11.94,-0.8959999999999999,-5.908,13.32,0.0,273.5,273.4,273.9,0.979,273.0,0.748,273.0,0.921,273.6,0.012,13.72,2.0,3.0,0.0,18.61,13.85,340.8,341.4,0.0,0.4259999999999999,0.4749999999999999,52.3,53.04,0.214,0.0,25.23,18.1,18.11,18.02,18.0,17.63,18.05,17.92,18.21,17.86,5.401,5.664,5.607,5.651,5.804,5.315,4.946000000000001,688.0,701.0,693.0,686.0,701.0,683.0,606.0,1.832,1.922,1.902,1.917,1.969,1.803,1.6780000000000002,0.0,339.3,0.0,60.14,0.0,40.64,0.0,5.0,0.0,0.0,0.0,16.5,18.34,16.65,18.22,17.92,0.0,17.75,350.3,31.58,2.0,3.531,-1.0,1.052,1.6,4902
2014-09-07 06:58:00,17.3,18.61,18.35,814838.0,74.7,59.9,60.0,11.87,23525.0,341.0,74629.0,809308.0,12.15,-0.901,-5.867000000000001,13.49,0.0,273.4,273.4,273.9,0.979,273.0,0.748,273.0,0.921,273.2,0.012,13.72,2.0,3.0,0.0,18.61,14.44,338.3,339.2,0.0,0.436,0.481,53.1,53.82,0.214,0.0,25.23,18.1,18.12,18.02,18.02,17.63,18.12,17.92,18.21,17.84,5.535,5.794,5.735,5.779,5.935,5.4510000000000005,5.059,688.0,701.0,693.0,686.0,701.0,683.0,606.0,1.865,1.952,1.933,1.947,2.0,1.837,1.705,0.0,337.0,0.0,60.15,0.0,42.69,0.0,5.0,0.0,0.0,0.0,16.72,18.55,16.87,18.22,17.91,0.0,17.74,0.8669999999999999,16.24,2.0,3.53,-1.0,1.5219999999999998,2.6,4902
2014-09-07 06:59:00,18.0,19.23,18.98,814838.0,74.7,59.9,60.0,12.42,23525.0,341.0,74629.0,809308.0,12.62,-0.909,-5.796,13.89,0.0,273.4,273.4,273.9,0.979,273.0,0.748,273.0,0.921,273.4,0.012,13.72,2.0,3.0,0.0,18.61,14.74,336.6,337.0,0.0,0.4529999999999999,0.496,54.8,55.51,0.214,0.0,25.25,18.1,18.12,18.07,18.02,17.63,18.11,17.97,18.21,17.91,5.776,6.027,5.972,6.013999999999999,6.17,5.695,5.263,688.0,701.0,693.0,686.0,701.0,683.0,606.0,1.936,2.02,2.002,2.016,2.068,1.909,1.764,0.0,335.2,0.0,60.14,0.0,43.79,0.0,5.0,0.0,0.0,0.0,17.17,19.05,17.33,18.21,17.91,0.0,17.74,333.2,31.27,2.0,3.53,-1.0,1.28,2.1,4902
2014-09-07 07:00:00,18.82,20.07,19.86,814838.0,74.7,59.9,60.0,13.11,23525.0,341.0,74629.0,809309.0,13.3,-0.92,-5.684,14.47,0.0,273.5,273.3,273.8,0.979,273.0,0.748,272.9,0.921,273.1,0.012,13.72,2.0,3.0,0.0,18.61,15.69,335.0,335.6,0.0,0.4779999999999999,0.519,57.32,58.01,0.214,0.0,25.33,18.15,18.12,18.12,18.02,17.68,18.12,17.95,18.21,17.93,6.106,6.355,6.305,6.346,6.497999999999999,6.03,5.549,688.0,701.0,693.0,686.0,701.0,683.0,606.0,2.037,2.12,2.104,2.117,2.168,2.012,1.851,0.0,333.6,0.0,60.15,0.0,46.84,0.0,5.0,0.0,0.0,0.0,17.87,19.74,18.01,18.23,17.93,0.0,17.77,343.4,38.98,2.0,3.531,-1.0,1.09,2.6,4902
2014-09-07 07:01:00,19.67,21.02,20.73,814838.0,74.7,59.9,60.0,13.85,23525.0,341.0,74629.0,809309.0,14.05,-0.93,-5.561,15.11,0.0,273.2,273.3,273.8,0.979,273.0,0.748,272.5,0.921,273.0,0.012,13.72,2.0,3.0,0.0,18.61,16.38,335.9,336.2,0.0,0.506,0.544,60.07,60.73,0.214,0.0,25.33,18.18,18.21,18.12,18.07,17.73,18.15,18.02,18.31,17.93,6.429,6.678,6.632999999999999,6.671,6.818,6.356,5.829,688.0,701.0,693.0,686.0,701.0,683.0,606.0,2.148,2.231,2.216,2.229,2.278,2.123,1.947,0.0,334.1,0.0,60.17,0.0,48.77,0.0,5.0,0.0,0.0,0.0,18.65,20.53,18.75,18.28,17.98,0.0,17.8,330.1,23.13,2.0,3.531,-1.0,1.277,2.3,4902
2014-09-07 07:02:00,20.78,22.1,21.89,814839.0,74.7,59.9,60.0,14.77,23525.0,341.0,74629.0,809309.0,14.97,-0.94,-5.406000000000001,15.92,0.0,272.9,273.1,273.6,0.979,272.4,0.748,272.0,0.921,273.0,0.012,13.72,2.0,3.0,0.0,18.61,17.37,335.3,335.8,0.0,0.542,0.576,63.43,64.19,0.214,0.0,25.35,18.23,18.21,18.13,18.12,17.73,18.15,18.08,18.31,18.02,6.836,7.089,7.042000000000001,7.078,7.224,6.757999999999999,6.18,688.0,701.0,693.0,686.0,702.0,683.0,606.0,2.2840000000000003,2.3680000000000003,2.353,2.365,2.4130000000000003,2.258,2.065,0.0,334.1,0.0,60.14,0.0,51.8,0.0,5.0,0.0,0.0,0.0,19.64,21.52,19.7,18.31,18.0,0.0,17.84,356.5,32.08,2.0,3.531,-1.0,1.4069999999999998,2.8,4902
2014-09-07 07:03:00,22.32,23.64,23.42,814839.0,74.7,59.9,60.0,16.04,23525.0,341.0,74629.0,809309.0,16.19,-0.952,-5.204,17.01,0.0,273.2,272.9,273.5,0.979,272.0,0.748,272.0,0.921,273.0,0.012,13.72,2.0,3.0,0.0,18.61,18.71,334.9,335.7,0.0,0.5909999999999999,0.6169999999999999,67.98,68.94,0.214,0.0,25.33,18.3,18.3,18.25,18.15,17.81,18.27,18.12,18.34,18.14,7.394,7.654,7.601,7.635,7.784,7.309,6.659,688.0,701.0,693.0,686.0,702.0,683.0,606.0,2.465,2.552,2.5340000000000003,2.546,2.595,2.437,2.22,0.0,333.4,0.0,60.14,0.0,55.86,0.0,5.0,0.0,0.0,0.0,20.96,22.84,20.98,18.35,18.05,0.0,17.9,328.5,14.89,2.0,3.53,-1.0,2.03,4.2,4902
2014-09-07 07:04:00,24.23,25.56,25.31,814839.0,74.7,59.9,60.0,17.62,23525.0,341.0,74629.0,809310.0,17.75,-0.963,-4.964,18.43,0.0,273.1,272.9,273.5,0.979,272.0,0.748,272.0,0.921,273.0,0.012,13.72,2.0,3.0,0.0,18.61,20.28,334.6,336.2,0.0,0.652,0.67,73.75,75.01,0.214,0.0,25.33,18.38,18.35,18.31,18.23,17.92,18.31,18.25,18.43,18.21,8.09,8.359999999999998,8.3,8.33,8.48,7.997999999999998,7.252999999999998,688.0,701.0,693.0,686.0,702.0,683.0,607.0,2.698,2.787,2.766,2.776,2.8280000000000003,2.6660000000000004,2.418,0.0,333.3,0.0,60.14,0.0,60.63,0.0,5.0,0.0,0.0,0.0,22.69,24.58,22.66,18.33,18.01,0.0,17.97,346.4,12.96,2.0,3.53,-1.0,2.282,3.5,4902
2014-09-07 07:05:00,26.72,28.04,27.83,814840.0,74.7,59.9,60.0,19.71,23525.0,341.0,74629.0,809310.0,19.76,-0.973,-4.64,20.3,0.0,273.0,273.0,273.6,0.979,272.0,0.748,272.0,0.921,273.0,0.012,13.72,2.0,3.0,0.0,18.61,22.3,333.9,334.7,0.0,0.7269999999999999,0.7359999999999999,81.29999999999998,82.9,0.215,0.0,25.41,18.53,18.48,18.46,18.36,18.05,18.49,18.36,18.52,18.35,9.02,9.3,9.22,9.25,9.41,8.91,8.04,688.0,701.0,693.0,686.0,702.0,683.0,607.0,2.997,3.09,3.063,3.074,3.128,2.9610000000000003,2.672,0.0,332.3,0.0,60.14,0.0,66.79,0.0,5.0,0.0,0.0,0.0,24.94,26.84,24.86,18.37,18.06,0.0,18.09,357.4,18.38,2.0,3.531,-1.0,1.7719999999999998,2.8,4902
2014-09-07 07:06:00,29.97,31.38,31.16,814840.0,74.7,59.9,60.0,22.47,23526.0,341.0,74629.0,809310.0,22.43,-0.983,-4.216,22.82,0.0,273.5,272.9,273.5,0.979,272.4,0.748,272.0,0.921,273.0,0.012,13.72,2.0,3.0,0.0,18.61,25.11,332.3,332.0,0.0,0.819,0.8249999999999998,91.5,93.4,0.215,0.0,25.43,18.71,18.66,18.6,18.51,18.25,18.6,18.54,18.65,18.54,10.27,10.56,10.46,10.5,10.67,10.16,9.11,688.0,701.0,693.0,687.0,702.0,683.0,607.0,3.394,3.49,3.458,3.471,3.527,3.357,3.011,0.0,330.6,0.0,60.14,0.0,75.59,0.0,5.0,0.0,0.0,0.0,27.99,29.89,27.86,18.45,18.19,0.0,18.29,349.8,18.62,2.0,3.53,-1.0,1.227,2.0,4902
2014-09-07 07:07:00,33.52,34.77,34.62,814841.0,74.7,59.9,60.0,25.36,23526.0,341.0,74629.0,809311.0,25.25,-0.989,-3.77,25.54,0.0,273.2,273.2,273.6,0.979,272.3,0.748,272.0,0.921,273.0,0.012,13.72,2.0,3.0,0.0,18.61,28.1,333.1,335.0,0.0,0.909,0.915,101.8,103.9,0.215,0.0,25.45,18.93,18.88,18.82,18.71,18.44,18.8,18.75,18.86,18.73,11.48,11.77,11.68,11.72,11.89,11.37,10.16,688.0,701.0,693.0,687.0,702.0,684.0,607.0,3.809,3.906,3.874,3.89,3.944,3.773,3.369,0.0,331.7,0.0,60.16,0.0,84.4,0.0,5.0,0.0,0.0,0.0,31.29,33.17,31.13,18.45,18.14,0.0,18.47,354.3,28.87,2.0,3.53,-1.0,1.433,2.6,4902
2014-09-07 07:08:00,35.75,36.98,36.85,814841.0,74.7,59.9,60.0,27.19,23526.0,341.0,74629.0,809311.0,27.05,-0.992,-3.467,27.27,0.0,273.1,273.0,273.4,0.979,272.0,0.748,272.0,0.921,273.0,0.012,13.72,2.0,3.0,0.0,18.63,29.82,341.6,342.9,0.0,0.958,0.965,107.2,109.4,0.215,0.0,25.51,19.13,19.11,19.03,18.92,18.67,19.06,18.97,19.03,18.98,11.96,12.25,12.16,12.22,12.35,11.86,10.57,688.0,701.0,693.0,687.0,702.0,684.0,607.0,4.07,4.169,4.141,4.159,4.206,4.037,3.6,0.0,340.5,0.0,60.14,0.0,87.29999999999998,0.0,5.0,0.0,0.0,0.0,33.44,35.29,33.22,18.45,18.16,0.0,18.67,355.1,21.66,2.0,3.531,-1.0,1.4680000000000002,2.9,4902
2014-09-07 07:09:00,35.8,37.07,36.93,814842.0,74.7,59.9,60.0,27.25,23526.0,341.0,74629.0,809312.0,27.15,-0.992,-3.446,27.37,0.0,273.0,273.1,273.6,0.979,272.0,0.748,272.0,0.921,273.0,0.012,13.72,2.0,3.0,0.0,18.64,30.09,348.7,349.8,0.0,0.965,0.969,107.1,109.6,0.215,0.0,25.53,19.31,19.34,19.27,19.14,18.86,19.28,19.19,19.26,19.23,11.75,12.04,11.96,12.01,12.13,11.64,10.39,688.0,701.0,693.0,687.0,702.0,684.0,607.0,4.085,4.186,4.157,4.176,4.216,4.047,3.613,0.0,347.7,0.0,60.14,0.0,86.29999999999998,0.0,5.0,0.0,0.0,0.0,33.56,35.41,33.33,18.46,18.17,0.0,18.82,356.8,22.72,2.0,3.53,-1.0,1.042,1.6,4902
2014-09-07 07:10:00,35.2,36.43,36.29,814842.0,74.7,59.9,60.0,26.71,23526.0,341.0,74629.0,809312.0,26.63,-0.991,-3.532,26.86,0.0,272.9,272.9,273.4,0.979,272.0,0.748,272.0,0.921,273.0,0.012,13.72,2.0,3.0,0.0,18.64,29.69,349.2,350.3,0.0,0.959,0.958,105.3,107.9,0.215,0.0,25.55,19.45,19.47,19.45,19.32,19.05,19.47,19.37,19.44,19.39,11.5,11.8,11.72,11.79,11.9,11.38,10.2,689.0,701.0,693.0,687.0,702.0,684.0,607.0,4.002,4.109,4.082,4.105,4.143,3.962,3.55,0.0,348.2,0.0,60.15,0.0,85.0,0.0,5.0,0.0,0.0,0.0,32.95,34.8,32.73,18.5,18.23,0.0,18.95,343.5,14.58,2.0,3.531,-1.0,1.233,2.2,4902
2014-09-07 07:11:00,34.81,36.08,35.92,814842.0,74.7,59.9,60.0,26.42,23526.0,341.0,74629.0,809313.0,26.33,-0.991,-3.579,26.57,0.0,273.0,272.9,273.4,0.979,272.0,0.748,272.0,0.921,273.0,0.012,13.72,2.0,3.0,0.0,18.68,29.35,348.1,348.4,0.0,0.956,0.951,104.4,106.9,0.215,0.0,25.61,19.5,19.63,19.58,19.48,19.22,19.56,19.5,19.58,19.5,11.41,11.72,11.64,11.71,11.82,11.28,10.12,689.0,701.0,693.0,687.0,702.0,684.0,607.0,3.96,4.067,4.037,4.062,4.101,3.912,3.513,0.0,347.0,0.0,60.15,0.0,84.29999999999998,0.0,5.0,0.0,0.0,0.0,32.6,34.45,32.37,18.53,18.25,0.0,19.06,324.5,18.44,2.0,3.53,-1.0,1.705,2.4,4902
2014-09-07 07:12:00,34.51,35.75,35.62,814843.0,74.7,59.9,60.0,26.05,23526.0,341.0,74629.0,809313.0,25.99,-0.99,-3.609,26.24,0.0,272.1,272.1,272.5,0.979,271.1,0.748,271.1,0.921,272.1,0.012,13.72,2.0,3.0,0.0,18.7,28.92,348.4,348.6,0.0,0.945,0.942,103.2,105.5,0.215,0.0,25.63,19.58,19.73,19.66,19.55,19.34,19.7,19.61,19.6,19.64,11.25,11.56,11.47,11.55,11.66,11.12,9.99,689.0,702.0,693.0,687.0,702.0,684.0,607.0,3.907,4.013999999999999,3.984,4.009,4.048,3.861,3.467,0.0,347.2,0.0,60.13,0.0,83.0,0.0,5.0,0.0,0.0,0.0,32.28,34.13,32.08,18.54,18.23,0.0,19.09,357.2,10.4,2.0,3.53,-1.0,1.5930000000000002,2.3,4902
2014-09-07 07:13:00,33.24,34.51,34.34,814843.0,74.7,59.9,60.0,24.99,23526.0,341.0,74629.0,809313.0,24.97,-0.989,-3.761,25.25,0.0,271.8,271.8,272.3,0.979,271.0,0.748,271.0,0.921,272.0,0.012,13.72,2.0,3.0,0.0,18.71,28.16,350.1,351.0,0.0,0.909,0.91,99.6,101.5,0.215,0.0,25.72,19.66,19.79,19.7,19.61,19.42,19.71,19.68,19.63,19.69,10.77,11.07,10.99,11.06,11.17,10.66,9.57,689.0,702.0,693.0,687.0,702.0,684.0,607.0,3.755,3.859,3.832,3.856,3.893,3.715,3.337,0.0,348.6,0.0,60.18,0.0,80.5,0.0,5.0,0.0,0.0,0.0,31.11,32.94,30.89,18.63,18.37,0.0,19.21,316.9,23.82,2.0,3.531,-1.0,1.342,2.5,4902
2014-09-07 07:14:00,31.33,32.55,32.43,814844.0,74.7,59.9,60.0,23.39,23526.0,341.0,74629.0,809314.0,23.43,-0.986,-3.992,23.76,0.0,272.1,271.6,272.1,0.979,271.0,0.748,271.0,0.921,272.0,0.012,13.72,2.0,3.0,0.0,18.73,26.48,351.0,351.8,0.0,0.8569999999999999,0.8619999999999999,94.3,95.8,0.215,0.0,25.72,19.66,19.81,19.78,19.68,19.48,19.79,19.71,19.68,19.72,10.07,10.35,10.29,10.35,10.45,9.97,8.97,689.0,702.0,694.0,687.0,702.0,684.0,607.0,3.527,3.627,3.605,3.626,3.662,3.4930000000000003,3.142,0.0,350.3,0.0,60.17,0.0,75.45999999999998,0.0,5.0,0.0,0.0,0.0,29.31,31.14,29.11,18.63,18.35,0.0,19.22,347.3,30.15,2.0,3.53,-1.0,1.472,2.3,4902
2014-09-07 07:15:00,29.79,31.1,30.94,814844.0,74.7,59.9,60.0,22.12,23526.0,341.0,74629.0,809314.0,22.19,-0.983,-4.189,22.58,0.0,271.4,271.5,272.0,0.979,271.0,0.748,271.0,0.921,271.4,0.012,13.72,2.0,3.0,0.0,18.75,25.1,349.2,350.0,0.0,0.812,0.822,89.79999999999998,91.1,0.215,0.0,25.81,19.65,19.79,19.78,19.71,19.48,19.83,19.76,19.74,19.8,9.61,9.88,9.83,9.88,9.98,9.52,8.57,689.0,702.0,694.0,687.0,702.0,684.0,607.0,3.347,3.439,3.423,3.4410000000000003,3.4760000000000004,3.317,2.986,0.0,348.3,0.0,60.13,0.0,71.87,0.0,5.0,0.0,0.0,0.0,27.9,29.72,27.7,18.57,18.29,0.0,19.19,328.7,17.14,2.0,3.53,-1.0,1.778,2.5,4902
2014-09-07 07:16:00,28.97,30.31,30.15,814845.0,74.7,59.9,60.0,21.45,23526.0,341.0,74629.0,809315.0,21.52,-0.981,-4.285,21.95,0.0,271.5,271.3,271.8,0.979,271.0,0.748,270.9,0.921,271.0,0.012,13.72,2.0,3.0,0.0,18.77,24.56,346.8,348.3,0.0,0.7879999999999999,0.799,87.4,88.5,0.215,0.0,25.85,19.65,19.8,19.76,19.68,19.48,19.73,19.68,19.71,19.71,9.4,9.65,9.61,9.66,9.76,9.32,8.39,689.0,702.0,694.0,687.0,702.0,684.0,607.0,3.253,3.338,3.326,3.342,3.377,3.225,2.904,0.0,346.0,0.0,60.15,0.0,70.81,0.0,5.0,0.0,0.0,0.0,27.12,28.97,26.94,18.63,18.36,0.0,19.19,335.8,15.32,2.0,3.531,-1.0,2.028,3.5,4902
2014-09-07 07:17:00,28.53,29.79,29.64,814845.0,74.7,59.9,60.0,21.05,23526.0,341.0,74629.0,809315.0,21.13,-0.979,-4.345,21.57,0.0,271.3,271.4,271.9,0.979,271.0,0.748,271.0,0.921,271.0,0.012,13.72,2.0,3.0,0.0,18.78,24.36,346.4,347.7,0.0,0.773,0.7879999999999999,85.9,86.9,0.215,0.0,25.9,19.52,19.8,19.69,19.68,19.48,19.69,19.68,19.68,19.71,9.25,9.49,9.46,9.5,9.6,9.170000000000002,8.26,689.0,702.0,694.0,687.0,702.0,684.0,607.0,3.195,3.278,3.268,3.282,3.317,3.168,2.854,0.0,345.4,0.0,60.14,0.0,70.31,0.0,5.0,0.0,0.0,0.0,26.67,28.49,26.49,18.58,18.31,0.0,19.09,344.6,22.51,2.0,3.53,-1.0,2.013,3.1,4902
2014-09-07 07:18:00,28.04,29.29,29.09,814845.0,74.7,59.9,60.0,20.62,23526.0,341.0,74629.0,809315.0,20.73,-0.978,-4.4030000000000005,21.19,0.0,271.3,271.3,271.8,0.979,271.0,0.748,270.7,0.921,271.0,0.012,13.72,2.0,3.0,0.0,18.8,23.81,346.4,347.5,0.0,0.759,0.7759999999999999,84.5,85.29999999999998,0.215,0.0,25.94,19.42,19.69,19.68,19.68,19.48,19.69,19.68,19.68,19.69,9.08,9.32,9.29,9.33,9.43,9.0,8.12,689.0,702.0,694.0,687.0,702.0,684.0,607.0,3.135,3.218,3.21,3.2230000000000003,3.257,3.107,2.804,0.0,345.4,0.0,60.14,0.0,68.75,0.0,5.0,0.0,0.0,0.0,26.21,28.04,26.05,18.52,18.24,0.0,19.02,339.4,17.2,2.0,3.53,-1.0,1.4580000000000002,2.1,4902
2014-09-07 07:19:00,27.81,29.03,28.78,814846.0,74.7,59.9,60.0,20.38,23526.0,341.0,74629.0,809316.0,20.5,-0.977,-4.438,20.97,0.0,271.6,271.0,271.5,0.979,270.7,0.748,270.2,0.921,271.0,0.012,13.72,2.0,3.0,0.0,18.82,23.46,345.9,347.1,0.0,0.75,0.768,83.79999999999998,84.4,0.215,0.0,25.99,19.42,19.71,19.68,19.66,19.48,19.68,19.63,19.68,19.69,8.99,9.24,9.21,9.25,9.35,8.91,8.06,689.0,702.0,694.0,687.0,703.0,684.0,607.0,3.1010000000000004,3.185,3.177,3.189,3.225,3.073,2.778,0.0,344.9,0.0,60.14,0.0,67.82,0.0,5.0,0.0,0.0,0.0,25.95,27.77,25.8,18.58,18.31,0.0,19.04,336.7,15.0,2.0,3.531,-1.0,1.4980000000000002,2.3,4902
2014-09-07 07:20:00,28.29,29.58,29.4,814846.0,74.7,59.9,60.0,20.84,23526.0,341.0,74629.0,809316.0,20.92,-0.979,-4.363,21.37,0.0,271.2,271.1,271.6,0.979,270.5,0.748,270.1,0.921,271.0,0.012,13.72,2.0,3.0,0.0,18.83,24.12,343.5,344.6,0.0,0.763,0.782,85.4,85.9,0.215,0.0,26.02,19.32,19.69,19.68,19.68,19.48,19.66,19.66,19.68,19.69,9.24,9.49,9.46,9.5,9.61,9.15,8.279999999999998,689.0,702.0,694.0,687.0,703.0,684.0,607.0,3.165,3.25,3.24,3.253,3.292,3.134,2.835,0.0,342.5,0.0,60.14,0.0,70.22,0.0,5.0,0.0,0.0,0.0,26.44,28.28,26.3,18.56,18.29,0.0,18.94,326.6,12.95,2.0,3.53,-1.0,1.44,2.3,4902
2014-09-07 07:21:00,29.67,31.08,30.87,814847.0,74.7,59.9,60.0,22.03,23527.0,341.0,74629.0,809316.0,22.09,-0.982,-4.188,22.48,0.0,271.3,271.0,271.6,0.979,270.6,0.748,270.0,0.921,271.0,0.012,13.72,2.0,3.0,0.0,18.84,25.11,340.7,341.5,0.0,0.8009999999999999,0.82,89.7,90.4,0.215,0.0,26.07,19.29,19.66,19.68,19.64,19.48,19.6,19.58,19.68,19.69,9.83,10.09,10.05,10.09,10.21,9.73,8.79,689.0,702.0,694.0,687.0,703.0,684.0,607.0,3.338,3.424,3.412,3.426,3.467,3.304,2.985,0.0,339.5,0.0,60.13,0.0,73.70999999999998,0.0,5.0,0.0,0.0,0.0,27.77,29.65,27.65,18.56,18.3,0.0,18.9,329.3,21.18,2.0,3.531,-1.0,1.835,2.7,4902
2014-09-07 07:22:00,31.3,32.66,32.44,814847.0,74.7,59.9,60.0,23.35,23527.0,341.0,74629.0,809317.0,23.37,-0.986,-3.98,23.71,0.0,271.4,271.0,271.5,0.979,270.5,0.748,270.0,0.921,271.0,0.012,13.72,2.0,3.0,0.0,18.87,26.64,340.9,341.9,0.0,0.839,0.8609999999999999,94.4,95.0,0.215,0.0,26.11,19.37,19.57,19.68,19.65,19.48,19.6,19.65,19.68,19.69,10.37,10.63,10.6,10.64,10.76,10.27,9.27,689.0,702.0,694.0,687.0,703.0,684.0,607.0,3.524,3.611,3.6010000000000004,3.616,3.656,3.49,3.15,0.0,339.8,0.0,60.19,0.0,78.15999999999998,0.0,5.0,0.0,0.0,0.0,29.25,31.16,29.12,18.63,18.35,0.0,18.97,338.4,13.33,2.0,3.531,-1.0,2.093,3.0,4902
2014-09-07 07:23:00,31.6,32.93,32.81,814847.0,74.7,59.9,60.0,23.61,23527.0,341.0,74629.0,809317.0,23.64,-0.986,-3.93,23.97,0.0,271.4,271.0,271.6,0.979,270.5,0.748,270.0,0.921,271.0,0.012,13.72,2.0,3.0,0.0,18.87,27.02,345.9,347.0,0.0,0.842,0.8679999999999999,95.1,95.6,0.215,0.0,26.11,19.45,19.66,19.68,19.68,19.48,19.61,19.66,19.68,19.69,10.32,10.58,10.56,10.6,10.71,10.23,9.24,689.0,702.0,694.0,688.0,703.0,685.0,608.0,3.559,3.648,3.641,3.656,3.694,3.528,3.1860000000000004,0.0,345.0,0.0,60.21,0.0,78.12999999999998,0.0,5.0,0.0,0.0,0.0,29.6,31.48,29.42,18.75,18.48,0.0,19.05,349.2,36.55,2.0,3.528,-1.0,1.797,3.3,4902
2014-09-07 07:24:00,30.76,32.1,31.9,814848.0,74.7,59.9,60.0,22.9,23527.0,341.0,74629.0,809317.0,22.97,-0.985,-4.022,23.32,0.0,271.3,270.9,271.5,0.979,270.5,0.748,270.0,0.921,271.0,0.012,13.72,2.0,3.0,0.0,18.89,26.23,348.0,349.3,0.0,0.815,0.8479999999999999,92.8,93.1,0.215,0.0,26.2,19.47,19.75,19.68,19.68,19.48,19.69,19.68,19.68,19.79,9.96,10.22,10.21,10.26,10.36,9.88,8.939999999999998,689.0,702.0,694.0,688.0,703.0,685.0,608.0,3.4560000000000004,3.548,3.543,3.5580000000000003,3.596,3.428,3.103,0.0,347.0,0.0,60.2,0.0,75.39,0.0,5.0,0.0,0.0,0.0,28.8,30.69,28.64,18.76,18.47,0.0,19.05,346.7,17.72,2.0,3.53,-1.0,1.93,3.0,4902
2014-09-07 07:25:00,30.28,31.65,31.4,814848.0,74.7,59.9,60.0,22.49,23527.0,341.0,74629.0,809318.0,22.59,-0.984,-4.095,22.96,0.0,271.0,271.0,271.6,0.979,270.2,0.748,270.0,0.921,271.0,0.012,13.72,2.0,3.0,0.0,18.9,25.89,346.7,348.8,0.0,0.7979999999999999,0.837,91.5,91.8,0.215,0.0,26.21,19.47,19.73,19.76,19.68,19.53,19.69,19.68,19.78,19.79,9.83,10.1,10.08,10.13,10.25,9.75,8.84,689.0,702.0,694.0,688.0,703.0,685.0,608.0,3.4,3.494,3.487,3.505,3.545,3.3710000000000004,3.0580000000000003,0.0,345.8,0.0,60.14,0.0,74.68,0.0,5.0,0.0,0.0,0.0,28.37,30.25,28.21,18.72,18.43,0.0,19.03,319.0,19.93,2.0,3.531,-1.0,1.75,2.8,4902
2014-09-07 07:26:00,30.47,31.78,31.52,814849.0,74.7,59.9,60.0,22.67,23527.0,341.0,74629.0,809318.0,22.7,-0.984,-4.092,23.06,0.0,271.7,271.6,272.2,0.979,270.8,0.748,270.8,0.921,271.8,0.012,13.72,2.0,3.0,0.0,18.92,25.9,345.8,347.0,0.0,0.7979999999999999,0.8409999999999999,92.0,92.2,0.215,0.0,26.29,19.47,19.77,19.78,19.74,19.58,19.69,19.71,19.79,19.79,9.9,10.18,10.16,10.21,10.34,9.81,8.91,689.0,702.0,694.0,688.0,703.0,685.0,608.0,3.415,3.511,3.503,3.5210000000000004,3.565,3.384,3.074,0.0,344.9,0.0,60.15,0.0,74.9,0.0,5.0,0.0,0.0,0.0,28.46,30.33,28.26,18.7,18.42,0.0,19.04,320.2,11.26,2.0,3.528,-1.0,2.505,4.3,4902
2014-09-07 07:27:00,30.91,32.23,32.01,814849.0,74.7,59.9,60.0,23.07,23527.0,341.0,74629.0,809319.0,23.08,-0.985,-4.025,23.43,0.0,272.0,271.7,272.2,0.979,271.0,0.748,271.0,0.921,272.0,0.012,13.72,2.0,3.0,0.0,18.93,26.53,345.4,346.7,0.0,0.81,0.854,93.5,93.6,0.215,0.0,26.31,19.47,19.69,19.76,19.69,19.58,19.69,19.66,19.71,19.73,10.08,10.36,10.34,10.39,10.53,9.99,9.07,690.0,702.0,694.0,688.0,703.0,685.0,608.0,3.472,3.569,3.56,3.579,3.625,3.439,3.125,0.0,344.4,0.0,60.14,0.0,76.81,0.0,5.0,0.0,0.0,0.0,28.88,30.76,28.69,18.75,18.47,0.0,19.03,348.6,18.45,2.0,3.531,-1.0,2.8080000000000003,4.2,4902
2014-09-07 07:28:00,31.55,32.82,32.65,814850.0,74.7,59.9,60.0,23.57,23527.0,341.0,74629.0,809319.0,23.59,-0.986,-3.941,23.91,0.0,271.7,271.7,272.3,0.979,271.0,0.748,271.0,0.921,272.0,0.012,13.72,2.0,3.0,0.0,18.95,27.15,345.6,346.7,0.0,0.827,0.872,95.3,95.6,0.215,0.0,26.31,19.55,19.74,19.78,19.74,19.58,19.73,19.73,19.76,19.79,10.29,10.58,10.55,10.61,10.74,10.19,9.26,690.0,702.0,694.0,688.0,703.0,685.0,608.0,3.545,3.644,3.634,3.654,3.7,3.511,3.19,0.0,344.6,0.0,60.14,0.0,78.56,0.0,5.0,0.0,0.0,0.0,29.5,31.35,29.27,18.83,18.57,0.0,19.12,329.6,15.09,2.0,3.531,-1.0,2.428,3.1,4902
2014-09-07 07:29:00,31.87,33.11,32.96,814850.0,74.7,59.9,60.0,23.84,23527.0,341.0,74629.0,809319.0,23.83,-0.987,-3.907,24.15,0.0,271.8,271.8,272.4,0.979,271.0,0.748,271.0,0.921,272.0,0.012,13.72,2.0,3.0,0.0,18.96,27.29,346.1,347.6,0.0,0.837,0.882,96.3,96.7,0.215,0.0,26.37,19.57,19.77,19.83,19.78,19.58,19.79,19.69,19.76,19.78,10.37,10.66,10.64,10.69,10.83,10.27,9.33,690.0,703.0,694.0,688.0,703.0,685.0,608.0,3.5810000000000004,3.681,3.671,3.691,3.738,3.5460000000000003,3.222,0.0,345.2,0.0,60.15,0.0,78.84999999999998,0.0,5.0,0.0,0.0,0.0,29.76,31.65,29.56,18.8,18.53,0.0,19.13,349.2,37.12,2.0,3.53,-1.0,2.1180000000000003,3.9,4902
2014-09-07 07:30:00,32.16,33.54,33.29,814850.0,74.7,59.9,60.0,24.14,23527.0,341.0,74629.0,809320.0,24.12,-0.987,-3.875,24.43,0.0,272.0,271.8,272.4,0.979,271.0,0.748,271.0,0.921,272.0,0.012,13.72,2.0,3.0,0.0,18.97,27.77,345.8,346.2,0.0,0.849,0.894,97.4,97.9,0.215,0.0,26.41,19.63,19.82,19.87,19.78,19.56,19.79,19.81,19.74,19.79,10.5,10.8,10.77,10.83,10.97,10.41,9.45,690.0,703.0,694.0,688.0,703.0,685.0,608.0,3.623,3.725,3.715,3.734,3.783,3.59,3.259,0.0,344.9,0.0,60.14,0.0,80.29999999999998,0.0,5.0,0.0,0.0,0.0,30.1,31.97,29.87,18.84,18.55,0.0,19.15,337.2,13.43,2.0,3.53,-1.0,2.903,4.6,4902
2014-09-07 07:31:00,32.88,34.23,34.0,814851.0,74.7,59.9,60.0,24.72,23527.0,341.0,74629.0,809320.0,24.69,-0.988,-3.781,24.97,0.0,272.0,271.7,272.3,0.979,271.0,0.748,271.0,0.921,272.0,0.012,13.72,2.0,3.0,0.0,18.99,28.44,345.4,346.2,0.0,0.872,0.915,99.4,100.2,0.215,0.0,26.41,19.65,19.87,19.87,19.78,19.63,19.79,19.82,19.72,19.76,10.75,11.06,11.03,11.08,11.23,10.66,9.670000000000002,690.0,703.0,695.0,688.0,703.0,685.0,608.0,3.704,3.811,3.799,3.817,3.868,3.673,3.3310000000000004,0.0,344.5,0.0,60.14,0.0,82.29999999999998,0.0,5.0,0.0,0.0,0.0,30.77,32.64,30.54,18.83,18.55,0.0,19.23,333.3,15.62,2.0,3.53,-1.0,1.978,2.9,4902
2014-09-07 07:32:00,33.97,35.25,35.03,814851.0,74.7,59.9,60.0,25.58,23527.0,341.0,74629.0,809321.0,25.53,-0.99,-3.63,25.78,0.0,272.0,271.7,272.2,0.979,271.0,0.748,271.0,0.921,272.0,0.012,13.72,2.0,3.0,0.0,19.0,29.21,345.3,346.5,0.0,0.908,0.947,102.5,103.5,0.215,0.0,26.51,19.66,19.87,19.87,19.83,19.68,19.87,19.8,19.83,19.84,11.11,11.44,11.4,11.45,11.6,11.02,9.98,690.0,703.0,695.0,688.0,703.0,685.0,608.0,3.827,3.941,3.926,3.943,3.996,3.795,3.438,0.0,344.4,0.0,60.15,0.0,84.59999999999998,0.0,5.0,0.0,0.0,0.0,31.75,33.65,31.54,18.74,18.46,0.0,19.19,323.1,16.71,2.0,3.527,-1.0,1.233,2.5,4902
2014-09-07 07:33:00,35.63,36.96,36.74,814852.0,74.7,59.9,60.0,26.99,23527.0,341.0,74629.0,809321.0,26.88,-0.992,-3.407,27.1,0.0,271.8,271.8,272.3,0.979,271.0,0.748,271.0,0.921,272.0,0.012,13.72,2.0,3.0,0.0,19.02,30.5,343.8,345.3,0.0,0.965,0.996,107.5,108.8,0.215,0.0,26.51,19.62,19.87,19.92,19.87,19.68,19.89,19.89,19.91,19.89,11.74,12.09,12.04,12.08,12.24,11.64,10.53,690.0,703.0,695.0,688.0,703.0,685.0,608.0,4.026,4.147,4.129,4.144,4.199,3.992,3.61,0.0,343.0,0.0,60.15,0.0,88.7,0.0,5.0,0.0,0.0,0.0,33.33,35.27,33.13,18.71,18.45,0.0,19.17,347.4,23.96,2.0,3.527,-1.0,1.895,2.8,4902
2014-09-07 07:34:00,37.38,38.7,38.51,814852.0,74.7,59.9,60.0,28.42,23527.0,341.0,74629.0,809322.0,28.29,-0.994,-3.174,28.46,0.0,271.8,271.6,272.1,0.979,271.0,0.748,271.0,0.921,271.9,0.012,13.72,2.0,3.0,0.0,19.03,32.08,344.5,346.1,0.0,1.022,1.045,112.6,114.3,0.215,0.0,26.51,19.66,19.95,19.97,19.93,19.76,19.99,19.92,19.97,19.89,12.3,12.68,12.62,12.66,12.82,12.2,11.02,690.0,703.0,695.0,688.0,703.0,685.0,608.0,4.23,4.36,4.34,4.353,4.407,4.195,3.788,0.0,343.9,0.0,60.15,0.0,93.1,0.0,5.0,0.0,0.0,0.0,35.01,36.96,34.81,18.72,18.44,0.0,19.2,342.8,33.26,2.0,3.531,-1.0,2.758,4.8,4902
2014-09-07 07:35:00,38.05,39.33,39.15,814853.0,74.7,59.9,60.0,28.97,23527.0,341.0,74629.0,809322.0,28.85,-0.994,-3.09,29.01,0.0,271.8,271.6,272.2,0.979,271.0,0.748,271.0,0.921,272.0,0.012,13.72,2.0,3.0,0.0,19.05,32.67,347.2,349.2,0.0,1.052,1.068,114.4,116.7,0.215,0.0,26.54,19.69,19.96,20.06,19.96,19.77,20.01,20.0,19.89,19.97,12.43,12.84,12.78,12.8,12.96,12.32,11.14,690.0,703.0,695.0,688.0,704.0,685.0,608.0,4.306,4.448,4.427,4.437,4.489,4.267,3.859,0.0,346.5,0.0,60.14,0.0,94.1,0.0,5.0,0.0,0.0,0.0,35.67,37.63,35.47,18.77,18.51,0.0,19.29,344.4,10.02,2.0,3.528,-1.0,2.382,3.4,4902
2014-09-07 07:36:00,37.59,38.86,38.7,814853.0,74.7,59.9,60.0,28.57,23527.0,341.0,74629.0,809323.0,28.44,-0.994,-3.1630000000000003,28.62,0.0,271.6,271.5,272.1,0.979,271.0,0.748,271.0,0.921,271.9,0.012,13.72,2.0,3.0,0.0,19.06,32.22,348.9,349.7,0.0,1.0490000000000002,1.058,113.0,115.8,0.215,0.0,26.6,19.66,19.96,20.07,20.04,19.86,20.09,20.0,19.99,20.05,12.17,12.62,12.55,12.56,12.72,12.05,10.93,690.0,703.0,695.0,688.0,704.0,685.0,608.0,4.236000000000001,4.394,4.369,4.375,4.43,4.196000000000001,3.805,0.0,348.3,0.0,60.14,0.0,92.4,0.0,5.0,0.0,0.0,0.0,35.23,37.13,35.01,18.71,18.42,0.0,19.2,342.2,20.08,2.0,3.531,-1.0,1.903,3.3,4902
2014-09-07 07:37:00,35.59,36.91,36.75,814854.0,74.7,59.9,60.0,26.93,23528.0,341.0,74629.0,809323.0,26.86,-0.992,-3.411,27.07,0.0,271.5,271.4,271.9,0.979,271.0,0.748,270.7,0.921,271.4,0.012,13.72,2.0,3.0,0.0,19.08,30.61,352.4,353.4,0.0,1.011,1.014,107.6,110.4,0.215,0.0,26.64,19.61,20.03,20.07,20.03,19.82,20.09,19.98,19.95,20.09,11.38,11.83,11.76,11.77,11.91,11.26,10.24,690.0,703.0,695.0,688.0,704.0,685.0,608.0,4.002,4.162,4.138,4.138999999999999,4.191,3.96,3.6,0.0,351.8,0.0,60.14,0.0,86.9,0.0,5.0,0.0,0.0,0.0,33.35,35.27,33.16,18.65,18.38,0.0,19.18,343.3,17.38,2.0,3.531,-1.0,1.743,2.8,4902
2014-09-07 07:38:00,33.29,34.57,34.37,814854.0,74.7,59.9,60.0,24.97,23528.0,341.0,74629.0,809323.0,24.95,-0.989,-3.722,25.23,0.0,271.6,271.2,271.8,0.979,271.0,0.748,270.4,0.921,271.0,0.012,13.72,2.0,3.0,0.0,19.09,28.8,352.8,353.1,0.0,0.962,0.957,101.0,103.4,0.215,0.0,26.7,19.57,20.01,20.07,20.0,19.82,20.05,19.98,19.9,20.09,10.59,11.02,10.95,10.95,11.09,10.45,9.53,690.0,703.0,695.0,689.0,704.0,685.0,608.0,3.726,3.88,3.856,3.854,3.905,3.68,3.355,0.0,352.1,0.0,60.13,0.0,81.59999999999998,0.0,5.0,0.0,0.0,0.0,31.12,33.0,30.93,18.65,18.39,0.0,19.15,324.4,23.67,2.0,3.531,-1.0,1.913,3.0,4902
2014-09-07 07:39:00,31.97,33.28,33.09,814855.0,74.7,59.9,60.0,23.91,23528.0,341.0,74629.0,809324.0,23.9,-0.987,-3.889,24.21,0.0,271.5,271.2,271.8,0.979,270.9,0.748,270.2,0.921,271.0,0.012,13.72,2.0,3.0,0.0,19.1,27.61,349.0,350.8,0.0,0.935,0.922,97.1,99.1,0.215,0.0,26.7,19.57,19.96,19.99,19.9,19.81,19.97,19.93,19.87,20.07,10.28,10.68,10.62,10.62,10.77,10.13,9.26,690.0,703.0,695.0,689.0,704.0,685.0,608.0,3.579,3.721,3.7,3.699,3.749,3.528,3.2230000000000003,0.0,348.3,0.0,60.13,0.0,79.11,0.0,5.0,0.0,0.0,0.0,29.89,31.75,29.69,18.69,18.44,0.0,19.21,346.3,29.61,2.0,3.531,-1.0,1.745,2.8,4902
2014-09-07 07:40:00,31.98,33.31,33.11,814855.0,74.7,59.9,60.0,23.9,23528.0,341.0,74629.0,809324.0,23.92,-0.987,-3.872,24.23,0.0,271.2,271.1,271.6,0.979,270.2,0.748,270.0,0.921,271.0,0.012,13.72,2.0,3.0,0.0,19.13,27.76,346.5,347.9,0.0,0.944,0.923,97.2,99.0,0.215,0.0,26.72,19.53,19.96,19.93,19.88,19.72,19.95,19.9,19.89,20.0,10.36,10.77,10.72,10.72,10.86,10.22,9.340000000000002,690.0,703.0,695.0,689.0,704.0,686.0,608.0,3.5810000000000004,3.721,3.702,3.703,3.754,3.53,3.229,0.0,345.6,0.0,60.14,0.0,80.09999999999998,0.0,5.0,0.0,0.0,0.0,29.93,31.8,29.72,18.71,18.44,0.0,19.18,352.9,16.15,2.0,3.531,-1.0,1.327,2.4,4902
2014-09-07 07:41:00,32.02,33.39,33.18,814856.0,74.7,59.9,60.0,23.95,23528.0,341.0,74629.0,809325.0,23.97,-0.987,-3.85,24.28,0.0,271.3,271.0,271.6,0.979,270.2,0.748,270.0,0.921,271.0,0.012,13.72,2.0,3.0,0.0,19.14,27.96,346.8,348.0,0.0,0.951,0.927,97.4,99.3,0.215,0.0,26.78,19.55,19.96,19.92,19.89,19.67,19.91,19.88,19.9,19.99,10.36,10.78,10.73,10.73,10.89,10.22,9.36,690.0,703.0,695.0,689.0,704.0,686.0,609.0,3.584,3.73,3.711,3.711,3.765,3.534,3.237,0.0,345.9,0.0,60.16,0.0,80.59999999999998,0.0,5.0,0.0,0.0,0.0,29.98,31.87,29.79,18.71,18.48,0.0,19.17,339.6,14.06,2.0,3.531,-1.0,1.372,2.2,4902
2014-09-07 07:42:00,31.64,32.99,32.78,814856.0,74.7,59.9,60.0,23.69,23528.0,341.0,74629.0,809325.0,23.68,-0.987,-3.924,24.01,0.0,271.8,271.7,272.2,0.979,271.0,0.748,270.9,0.921,271.9,0.012,13.72,2.0,3.0,0.0,19.15,27.53,347.0,347.8,0.0,0.944,0.918,96.4,98.2,0.215,0.0,26.8,19.47,19.96,19.93,19.9,19.69,19.95,19.88,19.88,19.99,10.23,10.65,10.59,10.59,10.75,10.07,9.24,690.0,703.0,695.0,689.0,704.0,686.0,609.0,3.543,3.687,3.667,3.668,3.723,3.488,3.2,0.0,346.3,0.0,60.14,0.0,79.37,0.0,5.0,0.0,0.0,0.0,29.59,31.48,29.39,18.69,18.42,0.0,19.1,319.3,17.29,2.0,3.531,-1.0,1.702,2.4,4902
2014-09-07 07:43:00,31.11,32.4,32.21,814856.0,74.7,59.9,60.0,23.22,23528.0,341.0,74629.0,809325.0,23.22,-0.985,-4.01,23.57,0.0,271.7,271.7,272.4,0.979,271.0,0.748,271.0,0.921,272.0,0.012,13.72,2.0,3.0,0.0,19.17,27.14,347.2,349.0,0.0,0.933,0.905,94.9,96.4,0.215,0.0,26.83,19.39,19.87,19.89,19.82,19.61,19.89,19.84,19.83,19.97,10.04,10.45,10.39,10.4,10.57,9.87,9.08,691.0,703.0,695.0,689.0,704.0,686.0,609.0,3.475,3.618,3.597,3.6010000000000004,3.658,3.4160000000000004,3.144,0.0,346.2,0.0,60.14,0.0,78.19,0.0,5.0,0.0,0.0,0.0,29.06,30.93,28.85,18.68,18.42,0.0,18.99,314.5,17.42,2.0,3.531,-1.0,2.09,3.4,4902
2014-09-07 07:44:00,31.1,32.4,32.22,814857.0,74.7,59.9,60.0,23.22,23528.0,341.0,74629.0,809326.0,23.24,-0.986,-4.001,23.58,0.0,271.9,271.7,272.2,0.979,271.0,0.748,271.0,0.921,272.0,0.012,13.72,2.0,3.0,0.0,19.18,27.14,345.9,347.0,0.0,0.936,0.91,94.9,96.3,0.215,0.0,26.9,19.45,19.8,19.84,19.8,19.61,19.81,19.79,19.8,19.89,10.07,10.49,10.42,10.45,10.63,9.9,9.13,691.0,704.0,695.0,689.0,704.0,686.0,609.0,3.474,3.622,3.5980000000000003,3.607,3.669,3.415,3.152,0.0,345.1,0.0,60.14,0.0,78.45999999999998,0.0,5.0,0.0,0.0,0.0,29.08,30.95,28.88,18.78,18.55,0.0,19.03,344.0,19.36,2.0,3.531,-1.0,2.57,4.0,4902
2014-09-07 07:45:00,31.95,33.28,33.08,814857.0,74.7,59.9,60.0,23.93,23528.0,341.0,74629.0,809326.0,23.91,-0.987,-3.882,24.22,0.0,271.6,271.7,272.2,0.979,271.0,0.748,271.0,0.921,272.0,0.012,13.72,2.0,3.0,0.0,19.19,27.87,344.8,346.4,0.0,0.956,0.933,97.5,98.7,0.215,0.0,26.9,19.47,19.85,19.84,19.78,19.59,19.79,19.77,19.79,19.89,10.38,10.83,10.75,10.79,10.98,10.22,9.420000000000002,691.0,704.0,695.0,689.0,704.0,686.0,609.0,3.571,3.726,3.696,3.709,3.776,3.514,3.24,0.0,343.9,0.0,60.15,0.0,80.79999999999998,0.0,5.0,0.0,0.0,0.0,29.86,31.75,29.67,18.91,18.64,0.0,19.1,334.0,18.34,2.0,3.531,-1.0,2.812,4.8,4902
2014-09-07 07:46:00,35.36,36.67,36.49,814858.0,74.7,59.9,60.0,26.73,23528.0,341.0,74629.0,809327.0,26.62,-0.992,-3.426,26.84,0.0,271.6,271.4,272.0,0.979,271.0,0.748,270.9,0.921,271.5,0.012,13.72,2.0,3.0,0.0,19.21,30.63,338.4,339.8,0.0,1.045,1.031,108.3,110.6,0.215,0.0,26.9,19.63,19.87,19.84,19.79,19.57,19.81,19.79,19.79,19.89,11.88,12.36,12.14,12.13,12.35,11.65,10.52,691.0,704.0,695.0,689.0,704.0,686.0,609.0,4.008,4.169,4.094,4.091,4.166,3.928,3.547,0.0,337.5,0.0,60.15,0.0,90.6,0.0,5.0,0.0,0.0,0.0,33.05,35.02,32.88,18.98,18.71,0.0,19.16,348.8,18.49,2.0,3.53,-1.0,2.757,4.5,4902
2014-09-07 07:47:00,64.92,66.1,66.05,814859.0,74.7,59.9,60.0,51.2,23528.0,341.0,74629.0,809327.0,50.57,-0.165,0.372,50.68,0.0,271.9,271.7,272.2,0.979,271.0,0.748,270.8,0.921,271.8,0.012,13.72,2.0,3.0,0.0,19.23,55.06,333.6,334.4,0.0,1.826,1.896,205.8,238.7,0.216,0.0,26.95,19.86,20.02,19.91,19.88,19.69,20.01,19.92,19.85,20.02,22.99,25.42,23.28,23.16,25.14,22.43,19.47,691.0,704.0,696.0,689.0,704.0,686.0,609.0,7.602,8.4,7.696,7.657,8.31,7.412,6.437,0.0,332.6,0.0,60.14,0.0,166.0,0.0,5.0,0.0,0.0,0.0,62.07,64.36,62.12,19.05,18.79,0.0,19.35,0.155,10.38,2.0,3.53,-1.0,3.238,4.8,4902
2014-09-07 07:48:00,128.9,129.3,129.7,814860.0,74.7,59.9,60.0,104.0,23528.0,341.0,74629.0,809329.0,102.2,0.996,8.72,102.6,0.0,272.5,272.1,272.5,0.979,271.0,0.748,270.2,0.921,271.1,0.012,13.72,2.0,3.0,0.0,19.24,108.0,328.4,330.0,0.0,3.469,3.756,396.1,431.9,0.2189999999999999,0.0,26.99,21.04,20.93,21.07,20.72,20.77,21.01,21.02,20.61,21.14,43.98,47.79,47.45,47.47,47.83,46.82,40.87,691.0,704.0,696.0,689.0,705.0,686.0,609.0,14.42,15.67,15.56,15.56,15.68,15.35,13.4,0.0,327.8,0.0,60.14,0.0,328.8,0.0,5.0,0.0,0.0,0.0,125.4,128.3,126.0,19.27,19.04,0.0,20.27,356.6,24.31,2.0,3.53,-1.0,1.907,2.9,4902
2014-09-07 07:49:00,137.1,137.4,137.9,814862.0,74.7,59.9,60.0,111.0,23528.0,341.0,74630.0,809331.0,109.1,0.996,9.74,109.5,0.0,273.2,272.5,273.0,0.979,271.0,0.748,270.8,0.921,271.8,0.012,13.72,2.0,3.0,0.0,19.27,116.0,345.7,347.7,0.0,3.565,3.865,409.0,444.1,0.2189999999999999,0.0,27.06,22.11,22.07,22.28,21.87,22.02,22.21,22.22,21.55,22.34,44.24,48.5,48.26,48.27,48.54,47.46,41.63,691.0,704.0,696.0,690.0,705.0,687.0,609.0,15.26,16.73,16.65,16.65,16.74,16.37,14.36,0.0,345.0,0.0,60.13,0.0,335.6,0.0,5.0,0.0,0.0,0.0,133.8,136.6,134.3,19.47,19.29,0.0,21.34,354.7,15.57,2.0,3.531,-1.0,2.055,3.7,4902
2014-09-07 07:50:00,141.1,141.1,141.7,814864.0,74.7,59.9,60.0,114.3,23528.0,341.0,74630.0,809333.0,112.3,0.996,10.21,112.8,0.0,273.0,272.9,273.3,0.979,271.2,0.748,271.2,0.921,272.2,0.012,13.72,2.0,3.0,0.0,19.3,120.3,356.5,357.6,0.0,3.628,3.944,418.5,453.4,0.22,0.0,27.22,23.04,23.13,23.4,22.99,23.13,23.34,23.37,22.66,23.5,44.09,48.49,48.27,48.23,48.49,47.59,41.61,692.0,705.0,696.0,690.0,705.0,687.0,610.0,15.68,17.24,17.16,17.15,17.24,16.92,14.8,0.0,355.6,0.0,60.15,0.0,337.5,0.0,5.0,0.0,0.0,0.0,137.9,140.5,138.2,19.6,19.41,0.0,22.21,355.4,37.13,2.0,3.53,-1.0,1.915,3.7,4902
2014-09-07 07:51:00,143.0,143.1,143.6,814866.0,74.7,59.9,60.0,116.1,23528.0,341.0,74630.0,809335.0,114.1,0.996,10.44,114.6,0.0,273.6,273.2,273.6,0.979,272.0,0.748,271.9,0.921,272.9,0.012,13.72,2.0,3.0,0.0,19.34,122.2,354.3,355.1,0.0,3.673,4.011,426.7,461.9,0.22,0.0,27.42,23.99,24.09,24.36,24.0,24.07,24.42,24.43,23.51,24.51,44.91,49.51,49.29,49.28,49.53,48.69,42.5,692.0,705.0,697.0,690.0,706.0,687.0,610.0,15.88,17.51,17.43,17.42,17.51,17.21,15.03,0.0,353.6,0.0,60.14,0.0,345.1,0.0,5.0,0.0,0.0,0.0,139.8,142.4,140.1,19.77,19.6,0.0,23.18,13.1,20.27,2.0,3.53,-1.0,2.285,4.0,4902
2014-09-07 07:52:00,143.8,143.8,144.3,814868.0,74.7,59.9,60.0,116.6,23528.0,341.0,74630.0,809337.0,114.7,0.996,10.47,115.1,0.0,273.8,273.0,273.6,0.979,272.0,0.748,271.6,0.921,272.8,0.012,13.72,2.0,3.0,0.0,19.4,123.4,355.7,355.5,0.0,3.678,4.037,430.1,465.4,0.22,0.0,27.68,24.77,25.09,25.13,24.59,24.88,25.08,25.01,23.84,25.26,45.14,49.65,49.47,49.44,49.66,48.9,42.64,692.0,705.0,697.0,691.0,706.0,687.0,610.0,15.99,17.58,17.52,17.51,17.59,17.32,15.1,0.0,354.2,0.0,60.13,0.0,346.8,0.0,5.0,0.0,0.0,0.0,140.5,143.1,140.8,20.06,19.92,0.0,23.99,352.8,28.28,2.0,3.531,-1.0,3.068,4.3,4902
2014-09-07 07:53:00,144.2,144.3,144.8,814870.0,74.7,59.9,60.0,117.0,23528.0,341.0,74630.0,809339.0,115.1,0.996,10.5,115.6,0.0,273.5,273.1,273.6,0.979,272.0,0.748,271.6,0.921,272.9,0.012,13.72,2.0,3.0,0.0,19.47,123.7,354.1,353.6,0.0,3.681,4.057,432.9,468.5,0.22,0.0,27.97,25.28,25.55,25.7,25.02,25.6,25.52,25.52,24.27,25.85,45.54,49.98,49.81,49.78,49.98,49.23,42.93,692.0,705.0,697.0,691.0,706.0,688.0,610.0,16.07,17.64,17.58,17.57,17.64,17.37,15.15,0.0,352.9,0.0,60.13,0.0,349.4,0.0,5.0,0.0,0.0,0.0,141.1,143.6,141.4,20.09,19.91,0.0,24.4,320.2,18.76,2.0,3.528,-1.0,2.23,3.6,4902
2014-09-07 07:54:00,145.5,145.5,146.0,814872.0,74.7,59.9,60.0,118.0,23528.0,341.0,74630.0,809340.0,116.1,0.996,10.67,116.6,0.0,273.4,273.0,273.6,0.979,272.0,0.748,271.2,0.921,273.0,0.012,13.72,2.0,3.0,0.0,19.55,124.7,351.8,352.7,0.0,3.706,4.097,437.5,473.4,0.22,0.0,28.34,25.4,25.97,26.27,25.64,26.28,25.96,26.12,24.86,26.63,46.52,50.7,50.49,50.45,50.67,49.92,43.47,693.0,706.0,698.0,691.0,706.0,688.0,611.0,16.32,17.79,17.71,17.7,17.78,17.52,15.25,0.0,350.9,0.0,60.15,0.0,354.6,0.0,5.0,0.0,0.0,0.0,142.3,144.9,142.6,19.86,19.66,0.0,24.42,341.2,29.22,2.0,3.531,-1.0,2.158,4.3,4902
2014-09-07 07:55:00,137.3,137.5,138.0,814874.0,74.7,59.9,60.0,111.2,23528.0,341.0,74631.0,809342.0,109.3,0.996,9.54,109.8,0.0,273.1,272.8,273.5,0.979,272.0,0.748,271.0,0.921,272.7,0.012,13.72,2.0,3.0,0.0,19.64,117.9,352.5,353.2,0.0,3.499,3.876,410.5,430.7,0.22,0.0,28.69,25.67,26.49,26.89,26.14,26.75,26.58,26.65,25.18,27.04,42.95,46.38,47.41,47.61,46.92,46.71,41.31,693.0,706.0,698.0,691.0,707.0,688.0,611.0,15.11,16.31,16.68,16.75,16.51,16.43,14.53,0.0,351.8,0.0,60.14,0.0,334.6,0.0,5.0,0.0,0.0,0.0,134.0,136.6,134.3,19.97,19.74,0.0,24.66,356.8,15.76,2.0,3.531,-1.0,2.798,4.3,4902
2014-09-07 07:56:00,63.71,64.62,64.7,814875.0,74.7,59.9,60.0,50.16,23528.0,341.0,74631.0,809343.0,49.65,-0.067,0.018,49.66,0.0,272.3,272.1,272.9,0.979,272.0,0.748,271.0,0.921,272.2,0.012,13.72,2.0,3.0,0.0,19.73,56.51,362.2,362.8,0.0,1.705,1.831,196.1,199.5,0.217,0.0,29.1,25.13,26.51,26.52,25.92,26.58,26.31,26.35,25.01,26.67,19.29,20.29,20.89,21.26,21.1,20.07,18.8,693.0,706.0,698.0,692.0,707.0,688.0,611.0,6.965,7.327,7.542,7.672999999999998,7.6179999999999986,7.245,6.787000000000001,0.0,361.5,0.0,60.15,0.0,156.2,0.0,5.0,0.0,0.0,0.0,60.75,62.75,60.61,19.88,19.59,0.0,24.06,341.6,17.71,2.0,3.53,-1.0,3.773,5.9,4902
2014-09-07 07:57:00,67.5,68.42,68.54,814875.0,74.7,59.9,60.0,53.35,23528.0,341.0,74631.0,809344.0,52.87,-0.1,0.504,52.92,0.0,272.2,272.1,272.9,0.979,272.0,0.748,271.0,0.921,272.2,0.012,13.72,2.0,3.0,0.0,19.83,59.34,360.0,359.9,0.0,1.771,1.893,209.8,226.3,0.216,0.0,29.44,24.15,25.71,25.68,25.29,25.81,25.43,25.53,24.28,25.82,21.59,23.22,22.53,22.85,23.78,21.56,20.03,693.0,706.0,698.0,692.0,707.0,689.0,611.0,7.723,8.3,8.06,8.17,8.5,7.708999999999999,7.163,0.0,359.0,0.0,60.14,0.0,165.4,0.0,5.0,0.0,0.0,0.0,64.7,66.8,64.6,19.82,19.58,0.0,23.19,333.6,31.3,2.0,3.53,-1.0,3.168,5.4,4902
2014-09-07 07:58:00,71.15,72.15999999999998,72.23,814876.0,74.7,59.9,60.0,56.39,23528.0,341.0,74631.0,809345.0,55.8,0.1,0.958,55.82,0.0,272.1,272.1,272.9,0.979,271.9,0.748,271.0,0.921,272.0,0.012,13.72,2.0,3.0,0.0,19.91,62.17,352.7,353.7,0.0,1.87,2.004,216.8,230.5,0.217,0.0,29.76,23.64,25.45,25.29,24.97,25.53,24.93,25.17,23.96,25.5,24.18,24.74,23.98,23.55,23.89,23.93,19.98,693.0,706.0,698.0,692.0,707.0,689.0,611.0,8.51,8.699999999999998,8.439999999999998,8.29,8.4,8.42,7.029,0.0,352.0,0.0,60.15,0.0,176.4,0.0,5.0,0.0,0.0,0.0,68.24,70.36,68.18,19.7,19.45,0.0,22.85,338.6,24.78,2.0,3.53,-1.0,3.0,5.3,4902
2014-09-07 07:59:00,91.6,92.4,92.6,814878.0,74.7,59.9,60.0,73.34,23528.0,341.0,74631.0,809346.0,72.34999999999998,0.665,3.56,72.45999999999998,0.0,272.3,272.3,273.1,0.979,271.9,0.748,271.0,0.921,272.2,-0.0139999999999999,13.68,2.0,3.0,0.0,19.99,79.2,348.5,349.1,0.0,2.398,2.6010000000000004,278.0,286.9,0.218,0.0,30.09,23.55,24.99,25.23,24.87,25.37,24.85,25.15,23.86,25.36,31.08,31.79,31.7,30.9,30.31,31.95,25.88,693.0,707.0,698.0,692.0,707.0,689.0,611.0,10.8,11.05,11.01,10.73,10.53,11.1,8.99,0.0,347.6,0.0,60.15,0.0,227.4,0.0,5.0,0.0,0.0,0.0,88.5,90.8,88.5,19.81,19.55,0.0,22.8,341.2,19.02,2.0,3.53,-1.0,2.965,5.3,4902
2014-09-07 08:00:00,82.59999999999998,83.5,83.7,814879.0,74.7,59.9,60.0,65.87,23528.0,341.0,74631.0,809347.0,65.09,-0.068,2.454,65.21,0.0,272.3,272.0,272.8,0.979,271.3,0.748,271.0,0.921,272.0,-0.003,13.68,2.0,3.0,0.0,20.06,71.39,348.4,349.0,0.0,2.167,2.322,253.8,271.3,0.217,0.0,30.43,23.5,24.66,24.85,24.61,25.06,24.5,24.77,23.56,24.99,27.98,29.47,28.8,28.58,29.2,28.28,24.32,694.0,707.0,699.0,692.0,707.0,689.0,611.0,9.66,10.17,9.94,9.86,10.08,9.75,8.39,0.0,347.0,0.0,60.14,0.0,205.9,0.0,5.0,0.0,0.0,0.0,79.70999999999998,82.0,79.73999999999998,19.87,19.61,0.0,22.78,335.5,15.63,2.0,3.53,-1.0,2.757,4.5,4902
2014-09-07 08:01:00,63.44,64.44,64.49,814880.0,74.7,59.9,60.0,49.96,23528.0,341.0,74631.0,809348.0,49.43,-0.133,-0.027,49.45,0.0,272.2,271.9,272.7,0.979,271.5,0.748,271.0,0.921,272.0,0.005,13.69,2.0,3.0,0.0,20.12,55.49,347.5,347.8,0.0,1.705,1.793,191.4,195.0,0.217,0.0,30.72,23.38,24.74,24.82,24.49,24.96,24.38,24.67,23.53,24.89,21.03,21.48,21.71,21.64,21.49,21.35,18.7,694.0,707.0,699.0,692.0,708.0,689.0,612.0,7.277,7.434999999999999,7.512,7.485,7.437,7.386,6.47,0.0,346.5,0.0,60.15,0.0,159.9,0.0,5.0,0.0,0.0,0.0,60.49,62.52,60.37,19.78,19.54,0.0,22.75,345.5,23.21,2.0,3.53,-1.0,3.84,5.8,4902
2014-09-07 08:02:00,144.4,144.4,144.8,814881.0,74.7,59.9,60.0,116.9,23528.0,341.0,74631.0,809350.0,115.2,0.963,10.52,115.8,0.0,272.5,272.7,273.3,0.979,271.0,0.748,271.0,0.921,272.0,0.008,13.68,2.0,3.0,0.0,20.21,123.1,340.9,339.6,0.0,3.703,4.054,441.7,483.8,0.22,0.0,31.0,23.75,24.78,24.83,24.35,24.86,24.4,24.71,23.32,24.83,51.32,53.01,51.5,51.04,51.84,51.06,43.33,694.0,707.0,699.0,693.0,708.0,689.0,612.0,17.39,17.97,17.45,17.29,17.57,17.29,14.68,0.0,339.5,0.0,60.14,0.0,361.6,0.0,5.0,0.0,0.0,0.0,141.7,144.0,141.8,19.84,19.58,0.0,22.77,354.1,30.66,2.0,3.53,-1.0,3.333,6.7,4902
2014-09-07 08:03:00,143.9,144.0,144.4,814883.0,74.7,59.9,60.0,116.4,23528.0,341.0,74631.0,809352.0,114.6,0.996,10.37,115.0,0.0,272.6,272.4,272.9,0.979,271.0,0.748,271.0,0.921,272.0,0.009,13.68,2.0,3.0,0.0,20.27,122.4,344.0,343.7,0.0,3.719,4.045,439.2,486.9,0.22,0.0,31.28,24.38,25.35,25.51,25.04,25.56,25.16,25.46,24.03,25.73,53.01,53.28,50.26,48.82,50.49,50.98,40.62,694.0,708.0,699.0,693.0,708.0,690.0,612.0,18.14,18.24,17.2,16.7,17.28,17.44,13.89,0.0,342.5,0.0,60.18,0.0,356.1,0.0,5.0,0.0,0.0,0.0,140.8,143.2,141.0,19.83,19.52,0.0,22.94,343.5,24.71,2.0,3.53,-1.0,2.6830000000000003,5.1,4902
2014-09-07 08:04:00,179.3,178.6,179.3,814886.0,74.7,59.9,60.0,145.5,23528.0,341.0,74631.0,809354.0,143.3,0.994,15.13,144.1,0.0,272.8,272.5,273.0,0.979,271.0,0.748,271.0,0.921,272.0,0.009,13.68,2.0,3.0,0.0,20.34,152.7,342.5,342.5,0.0,4.566,4.996,542.5,581.0,0.222,0.0,31.56,25.33,26.12,26.41,25.8,26.6,26.12,26.26,24.68,26.69,62.85,64.13,63.46,63.29,63.87,62.97,54.26,695.0,708.0,700.0,693.0,708.0,690.0,612.0,21.48,21.91,21.69,21.62,21.82,21.52,18.54,0.0,341.7,0.0,60.13,0.0,445.9,0.0,5.0,0.0,0.0,0.0,176.8,178.6,176.9,20.1,19.89,0.0,24.03,349.4,13.43,2.0,3.531,-1.0,2.923,5.1,4902
2014-09-07 08:05:00,171.0,170.6,171.2,814888.0,74.7,59.9,60.0,138.7,23528.0,341.0,74632.0,809357.0,136.4,0.995,13.93,137.1,0.0,272.7,272.3,272.8,0.979,271.0,0.748,271.0,0.921,272.0,0.01,13.68,2.0,3.0,0.0,20.41,146.5,350.2,350.3,0.0,4.372,4.759,514.3,541.6,0.222,0.0,31.83,26.14,27.1,27.31,26.65,27.45,27.06,27.13,25.42,27.67,57.72,59.11,59.16,58.98,59.0,58.58,50.47,695.0,708.0,700.0,694.0,709.0,690.0,613.0,20.16,20.65,20.67,20.6,20.61,20.46,17.63,0.0,349.4,0.0,60.15,0.0,418.4,0.0,5.0,0.0,0.0,0.0,168.2,170.1,168.2,20.14,19.85,0.0,24.66,348.1,18.0,2.0,3.53,-1.0,3.577,5.4,4902
2014-09-07 08:06:00,80.09999999999998,80.7,81.0,814889.0,74.7,59.9,60.0,63.55,23528.0,341.0,74632.0,809358.0,62.84,0.999,1.994,62.89,0.0,271.7,271.6,272.3,0.979,271.0,0.748,271.0,0.921,272.0,0.01,13.68,2.0,3.0,0.0,20.49,70.01,357.3,357.6,0.0,2.202,2.262,244.4,246.7,0.218,0.0,32.16,26.1,27.32,27.34,26.74,27.29,26.94,27.15,25.31,27.51,26.23,26.31,26.66,26.44,26.05,26.38,22.66,695.0,708.0,700.0,694.0,709.0,691.0,613.0,9.340000000000002,9.37,9.49,9.420000000000002,9.28,9.39,8.07,0.0,356.3,0.0,60.15,0.0,196.1,0.0,5.0,0.0,0.0,0.0,77.03,79.04,76.94,20.1,19.84,0.0,24.8,336.4,17.02,2.0,3.531,-1.0,2.9130000000000003,4.7,4902
2014-09-07 08:07:00,69.02,69.9,70.08,814890.0,74.7,59.9,60.0,54.48,23528.0,341.0,74632.0,809359.0,54.06,1.0,0.5889999999999999,54.06,0.0,271.9,271.6,272.3,0.979,271.0,0.748,271.0,0.921,272.0,0.011,13.68,2.0,3.0,0.0,20.58,60.41,353.2,353.4,0.0,1.91,1.925,211.5,217.9,0.217,0.0,32.44,25.36,26.82,26.74,26.34,26.91,26.24,26.49,24.89,26.78,22.87,23.34,23.26,23.26,23.41,22.67,20.09,695.0,709.0,700.0,694.0,709.0,691.0,613.0,8.06,8.22,8.189999999999998,8.189999999999998,8.25,7.987999999999999,7.078,0.0,352.4,0.0,60.14,0.0,171.0,0.0,5.0,0.0,0.0,0.0,66.24,68.17,66.12,19.98,19.73,0.0,24.34,331.0,16.69,2.0,3.53,-1.0,3.467,5.3,4902
2014-09-07 08:08:00,66.42,67.28,67.41,814891.0,74.7,59.9,60.0,52.34,23528.0,341.0,74632.0,809359.0,51.97,1.0,0.251,51.97,0.0,271.9,271.8,272.6,0.979,271.1,0.748,271.0,0.921,272.0,0.011,13.68,2.0,3.0,0.0,20.66,58.0,348.1,348.8,0.0,1.834,1.843,202.7,208.9,0.217,0.0,32.72,24.7,26.14,26.33,25.97,26.35,25.78,26.14,24.65,26.21,22.29,22.76,22.66,22.7,22.9,22.08,19.64,695.0,709.0,700.0,694.0,709.0,691.0,613.0,7.742000000000002,7.907,7.871,7.883999999999999,7.9529999999999985,7.668999999999999,6.82,0.0,347.4,0.0,60.15,0.0,166.6,0.0,5.0,0.0,0.0,0.0,63.64,65.55,63.5,19.81,19.52,0.0,23.57,331.1,17.21,2.0,3.53,-1.0,3.343,5.4,4902
2014-09-07 08:09:00,66.4,67.27,67.42,814892.0,74.7,59.9,60.0,52.33,23528.0,341.0,74632.0,809360.0,52.0,1.0,0.251,52.0,0.0,271.9,271.8,272.6,0.979,271.2,0.748,271.0,0.921,272.0,0.011,13.68,2.0,3.0,0.0,20.73,57.98,346.6,346.1,0.0,1.825,1.838,202.4,208.8,0.217,0.0,32.96,24.19,25.72,25.85,25.59,25.86,25.46,25.79,24.43,25.75,22.43,22.91,22.78,22.82,23.06,22.2,19.75,696.0,709.0,701.0,694.0,709.0,691.0,613.0,7.752999999999998,7.917999999999998,7.871,7.887,7.968,7.672,6.825,0.0,345.6,0.0,60.15,0.0,167.3,0.0,5.0,0.0,0.0,0.0,63.69,65.59,63.55,19.78,19.55,0.0,23.37,352.8,16.52,2.0,3.531,-1.0,2.9930000000000003,4.5,4902
2014-09-07 08:10:00,78.65999999999998,79.45999999999998,79.62999999999998,814893.0,74.7,59.9,60.0,62.46,23528.0,341.0,74632.0,809361.0,61.89,0.999,1.801,61.93,0.0,271.8,271.9,272.6,0.979,271.0,0.748,271.0,0.921,272.0,0.011,13.68,2.0,3.0,0.0,20.8,68.09,342.3,343.3,0.0,2.084,2.145,236.3,237.9,0.218,0.0,33.15,24.11,25.45,25.63,25.38,25.59,25.26,25.56,24.24,25.47,25.26,26.54,27.6,28.47,28.62,26.21,25.21,696.0,709.0,701.0,694.0,710.0,691.0,613.0,8.609999999999998,9.05,9.4,9.7,9.75,8.929999999999998,8.59,0.0,341.0,0.0,60.14,0.0,199.1,0.0,5.0,0.0,0.0,0.0,75.79999999999998,77.87999999999998,75.73999999999998,19.86,19.58,0.0,23.21,2.497,14.22,2.0,3.53,-1.0,2.51,3.8,4902
2014-09-07 08:11:00,65.21,66.04,66.16,814894.0,74.7,59.9,60.0,51.29,23528.0,341.0,74632.0,809362.0,50.9,0.3329999999999999,0.0909999999999999,50.9,0.0,271.6,271.7,272.5,0.979,271.0,0.748,271.0,0.921,272.0,0.011,13.68,2.0,3.0,0.0,20.85,56.86,350.8,351.9,0.0,1.776,1.7919999999999998,197.3,202.2,0.217,0.0,33.32,23.8,25.31,25.52,25.25,25.36,25.24,25.44,24.25,25.31,21.55,21.98,21.96,22.14,22.32,21.37,19.41,696.0,709.0,701.0,694.0,710.0,691.0,613.0,7.5379999999999985,7.687,7.6789999999999985,7.7429999999999986,7.804999999999999,7.474,6.7860000000000005,0.0,349.8,0.0,60.14,0.0,162.2,0.0,5.0,0.0,0.0,0.0,62.38,64.26,62.2,19.74,19.46,0.0,22.96,329.2,19.45,2.0,3.53,-1.0,3.275,5.3,4902
2014-09-07 08:12:00,63.03,63.85,64.0,814895.0,74.7,59.9,60.0,49.48,23528.0,341.0,74632.0,809363.0,49.05,-0.8669999999999999,-0.1689999999999999,49.05,0.0,271.8,271.7,272.4,0.979,271.0,0.748,271.0,0.921,272.0,0.011,13.68,2.0,3.0,0.0,20.91,54.89,349.1,348.8,0.0,1.73,1.7380000000000002,191.3,196.3,0.217,0.0,33.48,23.4,25.0,25.07,24.81,25.04,24.82,25.0,23.72,24.87,21.04,21.47,21.36,21.4,21.62,20.84,18.54,696.0,709.0,701.0,695.0,710.0,691.0,614.0,7.32,7.467,7.431,7.445,7.519999999999999,7.248999999999999,6.45,0.0,347.9,0.0,60.14,0.0,157.2,0.0,5.0,0.0,0.0,0.0,60.12,62.0,59.95,19.67,19.43,0.0,22.55,340.6,23.28,2.0,3.531,-1.0,3.005,4.9,4902
2014-09-07 08:13:00,66.74,67.56,67.72,814896.0,74.7,59.9,60.0,52.62,23528.0,341.0,74632.0,809364.0,52.3,0.8669999999999999,0.286,52.3,0.0,272.1,272.0,272.8,0.979,271.5,0.748,271.5,0.921,272.4,0.011,13.68,2.0,3.0,0.0,20.95,58.09,345.3,346.0,0.0,1.819,1.837,202.7,209.2,0.217,0.0,33.61,23.05,24.64,24.73,24.45,24.76,24.44,24.63,23.39,24.66,22.53,23.1,22.94,23.02,23.62,22.38,19.99,696.0,709.0,701.0,695.0,710.0,691.0,614.0,7.757999999999998,7.957,7.9,7.929999999999999,8.14,7.708999999999999,6.885,0.0,344.5,0.0,60.14,0.0,168.3,0.0,5.0,0.0,0.0,0.0,64.02,65.94,63.87,19.65,19.44,0.0,22.27,352.6,25.35,2.0,3.53,-1.0,3.803,5.7,4902
2014-09-07 08:14:00,72.73999999999998,73.54999999999998,73.73999999999998,814897.0,74.7,59.9,60.0,57.66,23528.0,341.0,74632.0,809365.0,57.12,1.0,1.026,57.14,0.0,272.4,272.2,273.0,0.979,272.0,0.748,272.0,0.921,272.8,0.011,13.68,2.0,3.0,0.0,21.0,63.21,348.7,349.1,0.0,1.931,1.975,217.3,217.4,0.217,0.0,33.69,23.1,24.61,24.6,24.32,24.6,24.32,24.57,23.17,24.4,23.14,24.08,24.89,25.65,25.51,23.7,22.85,696.0,709.0,701.0,695.0,710.0,692.0,614.0,8.04,8.37,8.65,8.91,8.859999999999998,8.24,7.934,0.0,347.8,0.0,60.15,0.0,181.4,0.0,5.0,0.0,0.0,0.0,69.86,71.84,69.75,19.71,19.46,0.0,22.34,327.0,26.0,2.0,3.53,-1.0,4.478,6.7,4902
2014-09-07 08:15:00,65.72,66.56,66.71,814897.0,74.7,59.9,60.0,51.81,23528.0,341.0,74632.0,809366.0,51.43,1.0,0.1499999999999999,51.43,0.0,272.2,272.0,272.8,0.979,272.0,0.748,271.7,0.921,272.3,0.011,13.68,2.0,3.0,0.0,21.03,57.23,349.2,349.7,0.0,1.77,1.809,199.3,203.6,0.217,0.0,33.74,22.95,24.19,24.3,24.08,24.39,24.02,24.3,22.97,24.1,21.97,22.42,22.35,22.42,22.63,21.8,19.46,696.0,710.0,701.0,695.0,710.0,692.0,614.0,7.649,7.804999999999999,7.782,7.804999999999999,7.88,7.59,6.777,0.0,348.2,0.0,60.15,0.0,163.9,0.0,5.0,0.0,0.0,0.0,62.94,64.83,62.8,19.59,19.31,0.0,22.14,318.7,12.07,2.0,3.53,-1.0,3.683,5.0,4902
2014-09-07 08:16:00,65.63,66.43,66.59,814898.0,74.7,59.9,60.0,51.7,23528.0,341.0,74632.0,809366.0,51.31,1.0,0.139,51.31,0.0,272.1,272.0,272.8,0.979,271.9,0.748,271.3,0.921,272.1,0.011,13.69,2.0,3.0,0.0,21.07,57.11,350.0,350.5,0.0,1.744,1.805,198.7,202.9,0.217,0.0,33.84,22.74,23.96,24.14,23.93,24.26,23.83,24.14,22.95,23.98,21.85,22.31,22.23,22.31,22.53,21.68,19.38,697.0,710.0,702.0,695.0,710.0,692.0,614.0,7.627,7.79,7.761,7.787,7.866,7.567,6.763,0.0,349.1,0.0,60.14,0.0,163.2,0.0,5.0,0.0,0.0,0.0,62.8,64.71,62.66,19.54,19.28,0.0,21.82,342.8,17.38,2.0,3.531,-1.0,2.595,4.2,4902
2014-09-07 08:17:00,65.76,66.64,66.78,814899.0,74.7,59.9,60.0,51.89,23528.0,341.0,74632.0,809367.0,51.48,0.967,0.156,51.48,0.0,272.4,272.2,273.0,0.979,272.0,0.748,271.9,0.921,272.7,0.011,13.68,2.0,3.0,0.0,21.1,57.27,347.5,347.8,0.0,1.732,1.812,199.4,203.0,0.217,0.0,33.84,22.62,23.91,24.03,23.89,24.21,23.78,24.06,22.99,23.97,22.03,22.51,22.48,22.58,22.8,21.91,19.63,697.0,710.0,702.0,695.0,710.0,692.0,614.0,7.627999999999998,7.796,7.786,7.82,7.894999999999999,7.587,6.797999999999999,0.0,346.4,0.0,60.14,0.0,164.9,0.0,5.0,0.0,0.0,0.0,62.95,64.88,62.82,19.55,19.27,0.0,21.67,337.5,15.07,2.0,3.528,-1.0,2.95,5.4,4902
2014-09-07 08:18:00,64.2,65.17,65.27,814900.0,74.7,59.9,60.0,50.64,23528.0,341.0,74632.0,809368.0,50.23,0.5,-0.025,50.23,0.0,272.2,272.3,273.1,0.979,272.0,0.748,272.0,0.921,273.0,0.011,13.68,2.0,3.0,0.0,21.13,56.0,350.8,351.1,0.0,1.685,1.7719999999999998,194.8,198.8,0.217,0.0,33.84,22.53,23.68,23.88,23.7,24.11,23.68,23.94,22.77,23.74,21.36,21.83,21.73,21.8,22.06,21.18,18.94,697.0,710.0,702.0,695.0,711.0,692.0,614.0,7.468,7.635,7.599999999999999,7.623999999999999,7.715,7.405,6.622999999999999,0.0,349.7,0.0,60.15,0.0,159.7,0.0,5.0,0.0,0.0,0.0,61.41,63.35,61.28,19.55,19.29,0.0,21.66,354.3,22.91,2.0,3.528,-1.0,3.667,5.7,4902
2014-09-07 08:19:00,66.36,67.2,67.36,814901.0,74.7,59.9,60.0,52.36,23528.0,341.0,74632.0,809369.0,52.01,1.0,0.236,52.01,0.0,272.2,272.2,273.0,0.979,272.0,0.748,272.0,0.921,272.6,0.011,13.68,2.0,3.0,0.0,21.16,57.73,346.1,346.6,0.0,1.73,1.835,201.8,207.0,0.217,0.0,33.84,22.48,23.51,23.72,23.52,23.75,23.55,23.73,22.64,23.63,22.66,23.03,22.75,22.72,23.0,22.31,19.65,697.0,710.0,702.0,695.0,711.0,692.0,614.0,7.817999999999999,7.947,7.849999999999999,7.837,7.936,7.697,6.779,0.0,345.1,0.0,60.14,0.0,166.8,0.0,5.0,0.0,0.0,0.0,63.61,65.56,63.49,19.57,19.3,0.0,21.6,1.272,20.03,2.0,3.527,-1.0,4.022,5.9,4902
2014-09-07 08:20:00,68.05,68.9,69.07,814902.0,74.7,59.9,60.0,53.78,23528.0,341.0,74632.0,809370.0,53.41,1.0,0.44,53.41,0.0,272.2,272.2,273.0,0.979,272.0,0.748,272.0,0.921,272.6,0.011,13.68,2.0,3.0,0.0,21.18,59.17,345.8,346.4,0.0,1.756,1.874,206.5,211.2,0.217,0.0,33.84,22.53,23.39,23.6,23.44,23.6,23.49,23.67,22.61,23.55,23.1,23.57,23.41,23.49,23.81,22.85,20.42,697.0,710.0,702.0,696.0,711.0,692.0,614.0,7.955,8.12,8.06,8.09,8.199999999999998,7.866,7.031000000000001,0.0,344.4,0.0,60.15,0.0,171.1,0.0,5.0,0.0,0.0,0.0,65.32,67.28,65.2,19.64,19.38,0.0,21.7,354.5,39.49,2.0,3.527,-1.0,2.485,3.8,4902
2014-09-07 08:21:00,72.17,73.11,73.28,814903.0,74.7,59.9,60.0,57.25,23528.0,341.0,74632.0,809371.0,56.74,1.0,0.962,56.75,0.0,272.3,272.2,272.9,0.979,272.0,0.748,271.8,0.921,272.2,0.011,13.68,2.0,3.0,0.0,21.2,62.59,338.7,339.3,0.0,1.848,1.992,219.1,221.8,0.218,0.0,33.84,22.58,23.57,23.62,23.44,23.55,23.58,23.72,22.68,23.6,24.54,25.14,25.34,25.69,25.86,24.59,22.69,697.0,710.0,702.0,696.0,711.0,693.0,615.0,8.279999999999998,8.48,8.55,8.66,8.72,8.29,7.651,0.0,337.5,0.0,60.14,0.0,184.9,0.0,5.0,0.0,0.0,0.0,69.34,71.41,69.33,19.68,19.43,0.0,21.73,341.0,21.69,2.0,3.53,-1.0,2.6,3.8,4902
2014-09-07 08:22:00,67.95,68.74,68.95,814904.0,74.7,59.9,60.0,53.66,23528.0,341.0,74632.0,809372.0,53.27,1.0,0.427,53.28,0.0,272.3,272.1,272.8,0.979,272.0,0.748,271.7,0.921,272.1,0.011,13.68,2.0,3.0,0.0,21.22,59.07,349.6,349.9,0.0,1.733,1.873,205.5,209.5,0.217,0.0,33.75,22.49,23.49,23.57,23.44,23.57,23.5,23.67,22.74,23.65,22.66,23.17,23.12,23.23,23.48,22.49,20.2,697.0,711.0,702.0,696.0,711.0,693.0,615.0,7.892,8.07,8.05,8.09,8.179999999999998,7.835,7.037000000000001,0.0,348.4,0.0,60.14,0.0,169.0,0.0,5.0,0.0,0.0,0.0,65.16,67.09,65.04,19.55,19.27,0.0,21.61,336.4,19.8,2.0,3.53,-1.0,2.882,5.5,4902
2014-09-07 08:23:00,71.35,72.29999999999998,72.47,814905.0,74.7,59.9,60.0,56.55,23528.0,341.0,74632.0,809373.0,56.34,1.0,0.903,56.35,0.0,272.4,272.1,272.8,0.979,272.0,0.748,271.1,0.921,272.0,0.011,13.68,2.0,3.0,0.0,21.23,61.98,346.2,346.6,0.0,1.773,1.933,211.9,214.9,0.218,0.0,33.74,22.28,23.32,23.44,23.36,23.57,23.36,23.56,22.72,23.6,23.16,23.99,24.35,25.2,25.74,23.25,22.72,697.0,711.0,702.0,696.0,711.0,693.0,615.0,7.987999999999999,8.279999999999998,8.4,8.689999999999998,8.88,8.019999999999998,7.835,0.0,345.0,0.0,60.15,0.0,179.1,0.0,5.0,0.0,0.0,0.0,68.69,70.69,68.6,19.5,19.23,0.0,21.36,345.3,15.03,2.0,3.53,-1.0,3.653,6.7,4902
2014-09-07 08:24:00,72.68,73.59,73.75,814906.0,74.7,59.9,60.0,57.64,23528.0,341.0,74632.0,809374.0,57.15,1.0,1.031,57.17,0.0,272.2,272.2,272.9,0.979,272.0,0.748,271.3,0.921,272.3,0.011,13.68,2.0,3.0,0.0,21.24,63.03,344.1,344.6,0.0,1.832,2.008,220.0,223.4,0.218,0.0,33.69,22.27,23.28,23.48,23.36,23.59,23.35,23.6,22.71,23.57,24.4,25.11,25.26,25.47,25.68,24.48,22.17,698.0,711.0,703.0,696.0,711.0,693.0,615.0,8.359999999999998,8.609999999999998,8.66,8.73,8.8,8.39,7.597,0.0,342.9,0.0,60.15,0.0,183.3,0.0,5.0,0.0,0.0,0.0,69.88,71.9,69.78,19.52,19.25,0.0,21.38,338.3,14.87,2.0,3.53,-1.0,3.327,5.3,4902
2014-09-07 08:25:00,82.2,83.09999999999998,83.29999999999998,814907.0,74.7,59.9,60.0,65.52,23528.0,341.0,74632.0,809375.0,64.88,0.999,2.251,64.92,0.0,272.5,272.1,272.8,0.979,271.9,0.748,271.0,0.921,272.0,0.011,13.68,2.0,3.0,0.0,21.26,70.93,342.5,343.4,0.0,2.019,2.23,245.4,249.6,0.218,0.0,33.64,22.46,23.34,23.52,23.42,23.68,23.49,23.64,22.84,23.65,27.43,28.18,28.5,29.24,29.5,27.46,26.24,698.0,711.0,703.0,696.0,712.0,693.0,615.0,9.37,9.62,9.73,9.98,10.07,9.38,8.96,0.0,341.7,0.0,60.14,0.0,207.2,0.0,5.0,0.0,0.0,0.0,79.33,81.5,79.31999999999998,19.6,19.33,0.0,21.65,11.78,22.32,2.0,3.53,-1.0,2.298,4.1,4902
2014-09-07 08:26:00,176.4,175.7,176.3,814909.0,74.7,59.9,60.0,143.3,23528.0,341.0,74632.0,809377.0,141.1,0.995,14.71,141.9,0.0,273.2,272.9,273.4,0.979,271.1,0.748,271.0,0.921,272.0,0.011,13.68,2.0,3.0,0.0,21.27,149.8,338.2,339.2,0.0,4.303,4.884,539.8,558.3,0.222,0.0,33.64,23.43,24.18,24.35,23.86,24.28,24.33,24.43,23.24,24.49,61.2,63.0,63.57,64.47,65.06,62.02,56.33,698.0,711.0,703.0,697.0,712.0,693.0,615.0,20.63,21.24,21.43,21.73,21.95,20.9,18.99,0.0,337.6,0.0,60.14,0.0,443.7,0.0,5.0,0.0,0.0,0.0,174.1,175.5,174.1,19.68,19.42,0.0,22.36,2.23,20.14,2.0,3.53,-1.0,3.067,5.4,4902
2014-09-07 08:27:00,134.5,134.7,135.1,814911.0,74.7,59.9,60.0,108.7,23528.0,341.0,74632.0,809379.0,106.9,0.997,9.11,107.3,0.0,272.6,272.4,273.1,0.979,271.0,0.748,271.0,0.921,272.0,0.011,13.68,2.0,3.0,0.0,21.29,114.4,340.7,341.4,0.0,3.335,3.741,418.1,453.5,0.22,0.0,33.64,24.1,24.83,25.12,24.65,25.04,25.09,25.14,23.79,25.17,49.36,50.32,47.68,47.02,48.8,47.44,40.03,698.0,712.0,703.0,697.0,712.0,694.0,616.0,16.74,17.07,16.17,15.94,16.55,16.08,13.58,0.0,340.1,0.0,60.15,0.0,336.9,0.0,5.0,0.0,0.0,0.0,131.3,133.5,131.4,19.71,19.44,0.0,23.0,329.5,16.17,2.0,3.53,-1.0,2.638,4.0,4902
2014-09-07 08:28:00,113.7,114.3,114.6,814912.0,74.7,59.9,60.0,91.6,23528.0,341.0,74632.0,809380.0,90.9,0.998,6.507000000000001,91.2,0.0,272.5,272.1,272.8,0.979,271.0,0.748,271.0,0.921,272.0,0.011,13.68,2.0,3.0,0.0,21.31,97.2,338.4,339.9,0.0,2.929,3.283,351.4,357.2,0.22,0.0,33.64,24.61,25.47,25.81,25.42,25.79,25.76,25.87,24.48,26.02,45.59,41.11,39.74,37.27,35.45,42.3,30.39,699.0,712.0,704.0,697.0,712.0,694.0,616.0,15.39,13.89,13.41,12.58,11.98,14.27,10.26,0.0,338.1,0.0,60.14,0.0,287.5,0.0,5.0,0.0,0.0,0.0,111.5,113.9,111.7,19.68,19.42,0.0,23.34,6.151,25.34,2.0,3.53,-1.0,2.3480000000000003,4.1,4902
2014-09-07 08:29:00,138.8,139.0,139.4,814914.0,74.7,59.9,60.0,112.3,23528.0,341.0,74632.0,809382.0,110.6,0.997,9.75,111.1,0.0,272.5,272.4,273.0,0.979,271.0,0.748,271.0,0.921,272.0,0.011,13.68,2.0,3.0,0.0,21.33,118.4,342.0,342.3,0.0,3.449,3.881,426.5,448.4,0.221,0.0,33.64,25.07,25.73,26.09,25.66,25.92,26.07,26.23,24.73,26.56,49.8,50.1,48.96,48.53,49.29,48.76,41.51,699.0,712.0,704.0,697.0,713.0,694.0,616.0,16.96,17.07,16.67,16.52,16.79,16.6,14.13,0.0,341.4,0.0,60.13,0.0,347.0,0.0,5.0,0.0,0.0,0.0,136.2,138.2,136.3,19.86,19.64,0.0,23.92,351.1,18.35,2.0,3.531,-1.0,2.548,4.1,4902
2014-09-07 08:30:00,156.3,156.2,156.7,814916.0,74.7,59.9,60.0,126.7,23528.0,341.0,74633.0,809384.0,124.5,0.996,12.05,125.2,0.0,272.7,272.4,272.9,0.979,271.0,0.748,271.0,0.921,272.0,0.011,13.68,2.0,3.0,0.0,21.36,133.4,344.3,345.4,0.0,3.841,4.3260000000000005,481.3,513.1,0.221,0.0,33.73,25.62,26.28,26.8,26.28,26.64,26.73,26.87,25.22,27.09,55.31,56.64,55.08,55.21,56.65,54.11,47.41,699.0,712.0,704.0,698.0,713.0,695.0,616.0,18.97,19.44,18.89,18.93,19.45,18.55,16.26,0.0,343.6,0.0,60.15,0.0,388.3,0.0,5.0,0.0,0.0,0.0,153.5,155.4,153.6,19.92,19.69,0.0,24.46,341.3,25.7,2.0,3.531,-1.0,2.258,3.9,4902
2014-09-07 08:31:00,167.5,167.2,167.7,814919.0,74.7,59.9,60.0,135.9,23528.0,341.0,74633.0,809387.0,134.3,0.995,13.61,135.0,0.0,272.7,272.6,273.1,0.979,271.0,0.748,271.0,0.921,272.0,0.011,13.68,2.0,3.0,0.0,21.41,143.3,339.5,341.6,0.0,4.115,4.6610000000000005,509.5,525.5,0.222,0.0,33.74,26.05,26.94,27.46,26.87,27.44,27.44,27.61,25.78,27.82,59.68,59.68,59.52,59.46,59.58,59.12,51.09,700.0,713.0,705.0,698.0,713.0,695.0,617.0,20.17,20.18,20.12,20.1,20.15,19.98,17.27,0.0,338.4,0.0,60.14,0.0,422.5,0.0,5.0,0.0,0.0,0.0,165.5,167.5,165.6,19.88,19.65,0.0,24.82,9.37,22.0,2.0,3.528,-1.0,3.22,5.7,4902
2014-09-07 08:32:00,127.5,127.9,128.3,814920.0,74.7,59.9,60.0,102.9,23528.0,341.0,74633.0,809388.0,101.2,0.997,8.13,101.5,0.0,272.3,272.1,272.8,0.979,271.0,0.748,271.0,0.921,272.0,0.011,13.68,2.0,3.0,0.0,21.45,108.8,338.6,340.2,0.0,3.143,3.527,390.3,406.1,0.22,0.0,33.8,26.33,27.39,27.6,26.99,27.39,27.65,27.65,25.59,27.91,45.7,45.97,45.34,45.03,45.25,44.96,38.49,700.0,713.0,705.0,698.0,714.0,695.0,617.0,15.45,15.54,15.32,15.22,15.3,15.19,13.01,0.0,338.2,0.0,60.14,0.0,321.4,0.0,5.0,0.0,0.0,0.0,124.2,126.8,124.4,20.03,19.77,0.0,25.13,14.66,14.58,2.0,3.528,-1.0,3.467,5.3,4902
2014-09-07 08:33:00,120.8,121.3,121.6,814922.0,74.7,59.9,60.0,97.3,23528.0,341.0,74633.0,809390.0,96.2,0.997,7.325,96.5,0.0,272.0,272.0,272.6,0.979,271.0,0.748,271.0,0.921,272.0,0.011,13.68,2.0,3.0,0.0,21.49,103.8,337.6,338.4,0.0,3.007,3.391,369.9,380.9,0.22,0.0,33.86,26.73,27.49,27.69,26.99,27.27,27.69,27.64,25.41,28.02,44.35,43.41,42.86,42.12,41.84,43.24,35.81,700.0,713.0,705.0,699.0,714.0,695.0,617.0,14.9,14.59,14.4,14.15,14.06,14.53,12.03,0.0,336.6,0.0,60.15,0.0,308.0,0.0,5.0,0.0,0.0,0.0,118.1,120.5,118.3,20.2,19.95,0.0,25.64,0.003,19.62,2.0,3.53,-1.0,3.188,4.7,4902
2014-09-07 08:34:00,83.9,84.79999999999998,85.0,814923.0,74.7,59.9,60.0,66.8,23528.0,341.0,74633.0,809391.0,66.04,0.999,2.472,66.09,0.0,271.5,271.5,272.2,0.979,271.0,0.748,271.0,0.921,272.0,0.011,13.68,2.0,3.0,0.0,21.55,73.23,343.8,345.2,0.0,2.073,2.325,255.6,267.7,0.218,0.0,33.97,26.14,27.04,27.28,26.7,26.89,27.25,27.22,25.2,27.61,28.31,29.47,28.98,29.38,30.42,27.97,25.76,700.0,713.0,705.0,699.0,714.0,696.0,617.0,9.71,10.11,9.93,10.07,10.43,9.590000000000002,8.83,0.0,343.0,0.0,60.14,0.0,213.1,0.0,5.0,0.0,0.0,0.0,81.0,83.2,81.0,20.05,19.76,0.0,25.1,352.4,14.47,2.0,3.53,-1.0,2.6830000000000003,4.1,4902
2014-09-07 08:35:00,91.4,92.3,92.5,814924.0,74.7,59.9,60.0,72.95,23528.0,341.0,74633.0,809392.0,72.26999999999998,0.999,3.469,72.37,0.0,271.5,271.3,272.1,0.979,271.0,0.748,270.9,0.921,272.0,0.011,13.68,2.0,3.0,0.0,21.59,79.31,342.3,343.3,0.0,2.244,2.553,277.6,282.4,0.2189999999999999,0.0,34.09,25.68,26.8,27.07,26.62,26.72,26.97,26.99,25.18,27.21,31.55,31.8,31.82,31.72,31.62,31.38,27.42,700.0,714.0,705.0,699.0,714.0,696.0,617.0,10.77,10.85,10.86,10.82,10.79,10.71,9.36,0.0,341.6,0.0,60.15,0.0,231.9,0.0,5.0,0.0,0.0,0.0,88.7,90.9,88.7,19.99,19.73,0.0,24.68,344.2,13.99,2.0,3.531,-1.0,2.18,3.3,4902
2014-09-07 08:36:00,90.9,91.6,91.9,814926.0,74.7,59.9,60.0,72.44,23528.0,341.0,74633.0,809393.0,71.42,0.999,3.338,71.53,0.0,271.4,271.3,272.1,0.979,271.0,0.748,270.5,0.921,271.6,0.011,13.68,2.0,3.0,0.0,21.64,78.67,342.0,342.8,0.0,2.2430000000000003,2.5610000000000004,284.7,310.3,0.218,0.0,34.18,25.08,26.48,26.76,26.42,26.49,26.64,26.77,25.11,26.92,32.59,33.87,31.71,31.33,33.1,31.16,26.6,701.0,714.0,706.0,699.0,714.0,696.0,617.0,11.09,11.53,10.79,10.66,11.27,10.6,9.06,0.0,341.0,0.0,60.15,0.0,230.4,0.0,5.0,0.0,0.0,0.0,87.7,89.9,87.7,19.85,19.62,0.0,24.28,349.8,18.82,2.0,3.531,-1.0,1.615,2.6,4902
2014-09-07 08:37:00,187.6,186.9,187.5,814928.0,74.7,59.9,60.0,152.1,23528.0,341.0,74634.0,809396.0,149.7,0.994,16.11,150.6,0.0,272.4,272.1,272.6,0.979,271.0,0.748,270.2,0.921,271.2,0.011,13.68,2.0,3.0,0.0,21.67,160.4,337.3,337.6,0.0,4.5280000000000005,5.247000000000001,582.8,617.7,0.222,0.0,34.33,25.78,26.93,27.38,26.9,27.25,27.19,27.41,25.65,27.68,68.97,69.79,67.61,66.84,68.42,67.32,56.49,701.0,714.0,706.0,699.0,715.0,696.0,618.0,23.17,23.45,22.72,22.46,22.99,22.62,18.99,0.0,336.0,0.0,60.15,0.0,475.6,0.0,5.0,0.0,0.0,0.0,185.2,186.6,185.2,19.92,19.7,0.0,24.78,333.0,47.19,2.0,3.53,-1.0,1.3130000000000002,2.3,4902
2014-09-07 08:38:00,215.2,214.0,214.7,814931.0,74.7,59.9,60.0,174.9,23528.0,341.0,74634.0,809399.0,173.0,0.993,20.0,174.1,0.0,272.6,272.2,272.7,0.979,271.0,0.748,270.1,0.921,271.1,0.011,13.68,2.0,3.0,0.0,21.72,185.6,340.9,341.9,0.0,5.185,6.04,664.0,690.2,0.2239999999999999,0.0,34.46,27.03,28.02,28.73,28.18,28.68,28.62,28.85,26.74,29.04,76.67,77.54,77.26999999999998,77.04,76.98,76.61,66.04,701.0,715.0,706.0,700.0,715.0,697.0,618.0,26.05,26.35,26.26,26.18,26.16,26.03,22.44,0.0,339.9,0.0,60.14,0.0,544.6,0.0,5.0,0.0,0.0,0.0,214.7,214.7,214.5,19.97,19.69,0.0,25.63,351.1,13.13,2.0,3.531,-1.0,2.312,4.4,4902
2014-09-07 08:39:00,162.4,161.9,162.5,814933.0,74.7,59.9,60.0,131.2,23528.0,341.0,74634.0,809401.0,129.8,0.995,12.84,130.5,0.0,271.7,271.9,272.5,0.979,270.8,0.748,270.0,0.921,271.1,0.011,13.68,2.0,3.0,0.0,21.76,140.3,348.1,348.6,0.0,3.917,4.577,494.8,491.8,0.223,0.0,34.59,27.07,28.78,29.67,29.17,29.76,29.54,29.72,27.73,29.95,57.14,55.38,56.49,55.36,53.44,57.33,47.15,702.0,715.0,707.0,700.0,716.0,697.0,618.0,19.8,19.19,19.58,19.19,18.52,19.87,16.34,0.0,347.2,0.0,60.14,0.0,403.8,0.0,5.0,0.0,0.0,0.0,160.5,162.1,160.4,19.87,19.67,0.0,25.87,318.2,17.07,2.0,3.531,-1.0,2.072,3.9,4902
2014-09-07 08:40:00,130.8,130.9,131.3,814935.0,74.7,59.9,60.0,105.2,23528.0,341.0,74634.0,809403.0,103.8,0.997,8.59,104.2,0.0,271.8,271.4,272.1,0.979,270.7,0.748,270.0,0.921,271.0,0.011,13.68,2.0,3.0,0.0,21.81,113.8,354.4,354.9,0.0,3.155,3.679,407.1,429.6,0.22,0.0,34.76,25.88,28.23,29.18,28.9,29.6,28.88,29.12,27.63,29.61,45.94,46.31,44.56,43.95,44.71,44.32,37.35,702.0,715.0,707.0,700.0,716.0,697.0,619.0,16.19,16.33,15.71,15.49,15.77,15.62,13.17,0.0,353.7,0.0,60.15,0.0,322.3,0.0,5.0,0.0,0.0,0.0,128.2,129.9,128.1,19.67,19.47,0.0,24.89,328.5,10.82,2.0,3.528,-1.0,2.852,5.0,4902
2014-09-07 08:41:00,126.3,126.4,126.8,814936.0,74.7,59.9,60.0,101.5,23528.0,341.0,74634.0,809404.0,100.0,0.997,7.945,100.4,0.0,271.7,271.3,272.1,0.979,270.9,0.748,270.0,0.921,271.1,0.011,13.68,2.0,3.0,0.0,21.86,109.6,354.0,354.6,0.0,3.042,3.556,392.8,420.2,0.22,0.0,34.94,25.67,27.85,28.93,28.56,29.46,28.53,28.88,26.94,29.34,44.95,45.19,42.91,42.0,43.69,43.12,35.25,702.0,716.0,707.0,701.0,716.0,698.0,619.0,15.83,15.92,15.1,14.78,15.39,15.18,12.4,0.0,353.2,0.0,60.14,0.0,310.6,0.0,5.0,0.0,0.0,0.0,123.3,125.4,123.3,19.73,19.5,0.0,24.75,332.5,12.46,2.0,3.53,-1.0,3.412,4.9,4902
2014-09-07 08:42:00,129.1,129.2,129.6,814938.0,74.7,59.9,60.0,103.8,23528.0,341.0,74635.0,809406.0,102.6,0.997,8.349999999999998,103.0,0.0,271.4,271.4,272.1,0.979,270.6,0.748,270.1,0.921,271.2,0.011,13.68,2.0,3.0,0.0,21.91,112.4,355.3,355.9,0.0,3.122,3.664,395.8,396.3,0.221,0.0,35.13,25.94,28.05,29.01,28.66,29.65,28.58,29.03,27.03,29.35,44.94,43.54,43.74,42.56,41.35,44.48,36.07,703.0,716.0,708.0,701.0,716.0,698.0,619.0,15.89,15.39,15.45,15.03,14.62,15.72,12.74,0.0,354.8,0.0,60.14,0.0,317.5,0.0,5.0,0.0,0.0,0.0,126.5,128.5,126.5,19.85,19.62,0.0,25.0,333.2,15.6,2.0,3.53,-1.0,4.282,6.3,4902
2014-09-07 08:43:00,181.8,181.0,181.6,814941.0,74.7,59.9,60.0,147.2,23528.0,341.0,74635.0,809408.0,145.1,0.995,15.25,145.9,0.0,272.3,271.9,272.5,0.979,270.9,0.748,270.0,0.921,271.4,0.012,13.68,2.0,3.0,0.0,21.96,158.3,358.7,359.4,0.0,4.258,4.984,553.8,569.8,0.222,0.0,35.26,25.81,27.69,28.81,28.38,29.4,28.41,28.89,26.68,29.09,55.83,60.76,61.93,64.41,66.18,58.0,57.26,703.0,716.0,708.0,701.0,717.0,698.0,619.0,19.95,21.73,22.13,23.02,23.67,20.72,20.47,0.0,357.8,0.0,60.14,0.0,441.9,0.0,5.0,0.0,0.0,0.0,179.5,180.9,179.3,19.77,19.5,0.0,24.8,342.5,22.16,2.0,3.53,-1.0,3.3080000000000003,5.1,4902
2014-09-07 08:44:00,160.1,159.6,160.2,814943.0,74.7,59.9,60.0,129.2,23528.0,341.0,74635.0,809411.0,127.3,0.995,12.33,127.9,0.0,271.8,271.6,272.3,0.979,270.5,0.748,270.0,0.921,271.0,-0.025,13.65,2.0,3.0,0.0,22.0,139.3,361.0,361.5,0.0,3.829,4.4830000000000005,494.5,513.5,0.222,0.0,35.44,25.82,28.03,29.29,28.66,29.72,28.86,29.26,26.79,29.24,52.71,54.22,53.75,53.83,54.74,52.49,46.29,703.0,716.0,708.0,702.0,717.0,698.0,620.0,18.99,19.54,19.36,19.39,19.73,18.91,16.67,0.0,360.4,0.0,60.14,0.0,386.1,0.0,5.0,0.0,0.0,0.0,157.3,159.3,157.2,19.74,19.51,0.0,24.83,340.5,19.91,2.0,3.531,-1.0,3.845,5.5,4902
2014-09-07 08:45:00,182.4,181.7,182.3,814945.0,74.7,59.9,60.0,147.6,23528.0,341.0,74635.0,809413.0,145.6,0.995,15.35,146.4,0.0,271.9,271.6,272.2,0.979,270.0,0.748,270.0,0.921,271.0,-0.01,13.65,2.0,3.0,0.0,22.05,159.0,358.4,358.9,0.0,4.342,5.089,558.8,569.7,0.223,0.001,35.62,25.8,28.52,29.54,28.94,30.21,28.89,29.43,27.26,29.5,59.53,61.22,61.87,62.37,62.63,60.4,54.28,704.0,717.0,709.0,702.0,717.0,699.0,620.0,21.29,21.89,22.12,22.31,22.4,21.6,19.41,0.0,357.8,0.0,60.15,0.0,443.8,0.0,5.0,0.0,0.0,0.0,180.3,181.9,180.2,19.64,19.43,0.0,25.0,329.4,17.74,2.0,3.531,-1.0,3.185,5.7,4902
2014-09-07 08:46:00,196.6,195.7,196.3,814948.0,74.7,59.9,60.0,159.4,23528.0,341.0,74636.0,809416.0,157.5,0.994,17.31,158.4,0.0,272.0,272.1,272.7,0.979,270.8,0.748,270.1,0.921,271.8,-0.002,13.65,2.0,3.0,0.0,22.09,171.3,350.5,351.1,0.0,4.751,5.565,612.2,636.9,0.2239999999999999,0.001,35.79,26.7,29.22,30.21,29.58,31.0,29.47,30.14,27.78,30.12,69.59,69.88,68.38,67.01,67.32,68.61,56.42,704.0,717.0,709.0,702.0,718.0,699.0,620.0,24.35,24.45,23.93,23.45,23.56,24.01,19.74,0.0,350.0,0.0,60.15,0.0,488.9,0.0,5.0,0.0,0.0,0.0,195.1,196.1,194.9,19.94,19.78,0.0,26.09,343.8,10.46,2.0,3.53,-1.0,2.533,4.3,4902
2014-09-07 08:47:00,194.7,193.7,194.3,814950.0,74.7,59.9,60.0,157.8,23528.0,341.0,74636.0,809418.0,155.7,0.994,17.01,156.7,0.0,272.6,271.9,272.5,0.979,271.0,0.748,270.0,0.921,271.5,0.002,13.65,2.0,3.0,0.0,22.14,169.9,351.6,351.6,0.0,4.659,5.462999999999999,600.2,618.3,0.2239999999999999,0.001,36.0,26.85,29.88,31.01,30.51,31.81,30.37,31.05,28.61,30.82,66.46,67.52,67.27,67.36,67.83,66.32,58.09,704.0,718.0,709.0,703.0,718.0,700.0,621.0,23.32,23.69,23.6,23.64,23.8,23.27,20.38,0.0,351.0,0.0,60.14,0.0,483.4,0.0,5.0,0.0,0.0,0.0,192.9,194.0,192.7,19.92,19.72,0.0,26.15,336.2,17.9,2.0,3.528,-1.0,1.953,3.5,4902
2014-09-07 08:48:00,199.5,198.5,199.1,814953.0,74.7,59.9,60.0,161.8,23528.0,341.0,74636.0,809421.0,159.7,0.994,17.65,160.7,0.0,272.3,272.0,272.6,0.979,270.8,0.748,270.0,0.921,271.2,0.005,13.65,2.0,3.0,0.0,22.2,173.7,345.3,346.3,0.0,4.784,5.608,616.7,637.7,0.2239999999999999,0.001,36.18,27.28,30.23,31.6,31.08,32.5,30.99,31.68,29.42,31.5,69.73,70.69,70.17,70.16,70.78,69.4,60.47,705.0,718.0,710.0,703.0,719.0,700.0,621.0,24.03,24.37,24.18,24.18,24.39,23.92,20.84,0.0,344.7,0.0,60.2,0.0,503.2,0.0,5.0,0.0,0.0,0.0,197.9,198.9,197.7,20.06,19.85,0.0,26.58,344.9,24.4,2.0,3.53,-1.0,2.58,3.7,4902
2014-09-07 08:49:00,201.4,200.4,201.0,814956.0,74.7,59.9,60.0,163.3,23528.0,341.0,74636.0,809423.0,161.3,0.994,17.92,162.3,0.0,272.0,272.0,272.6,0.979,270.5,0.748,270.0,0.921,271.0,0.006,13.65,2.0,3.0,0.0,22.25,175.5,344.4,344.4,0.0,4.833,5.665,623.5,645.0,0.2239999999999999,0.001,36.39,28.02,30.58,32.09,31.5,32.97,31.44,32.04,29.57,31.82,70.66,71.56,71.1,71.08,71.57,70.33,61.25,705.0,718.0,710.0,704.0,719.0,700.0,621.0,24.28,24.59,24.43,24.42,24.59,24.17,21.05,0.0,343.7,0.0,60.15,0.0,509.6,0.0,5.0,0.0,0.0,0.0,200.0,200.8,199.8,20.24,19.98,0.0,27.16,331.1,23.08,2.0,3.531,-1.0,4.332,6.3,4902
2014-09-07 08:50:00,202.0,201.0,201.6,814958.0,74.7,59.9,60.0,163.7,23528.0,341.0,74637.0,809426.0,161.8,0.994,17.98,162.8,0.0,271.9,271.7,272.3,0.979,270.0,0.748,270.0,0.921,271.0,0.0289999999999999,13.65,2.0,3.0,0.0,22.32,176.2,345.2,346.2,0.0,4.852,5.687,625.3,647.3,0.2239999999999999,0.0,36.67,28.58,30.56,32.07,31.21,32.82,31.53,32.06,28.79,31.83,70.8,71.64,71.17,71.12,71.65,70.42,61.27,706.0,719.0,711.0,704.0,719.0,701.0,622.0,24.37,24.66,24.5,24.48,24.66,24.24,21.09,0.0,344.2,0.0,60.14,0.0,510.5,0.0,5.0,0.0,0.0,0.0,200.8,201.5,200.5,20.21,19.94,0.0,27.32,347.9,17.99,2.0,3.531,-1.0,3.817,5.4,4902
2014-09-07 08:51:00,202.2,201.2,201.7,814961.0,74.7,59.9,60.0,163.8,23528.0,341.0,74637.0,809429.0,161.9,0.994,17.96,162.9,0.0,272.0,271.8,272.4,0.979,270.2,0.748,270.0,0.921,271.0,-0.002,13.65,2.0,3.0,0.0,22.39,176.4,345.0,344.7,0.0,4.8660000000000005,5.699,626.9,648.5,0.2239999999999999,0.0,36.88,29.0,31.03,32.33,31.48,33.03,31.79,32.2,29.02,32.05,70.93,71.79,71.32,71.27,71.84,70.55,61.41,706.0,719.0,711.0,704.0,720.0,701.0,622.0,24.38,24.68,24.52,24.5,24.7,24.25,21.11,0.0,343.8,0.0,60.19,0.0,511.4,0.0,5.0,0.0,0.0,0.0,200.8,201.6,200.6,20.31,20.02,0.0,27.63,348.7,13.61,2.0,3.53,-1.0,3.162,4.8,4902
2014-09-07 08:52:00,202.7,201.6,202.2,814964.0,74.7,59.9,60.0,164.1,23528.0,341.0,74637.0,809432.0,162.3,0.994,18.01,163.3,0.0,271.9,271.6,272.2,0.979,270.0,0.748,270.0,0.921,271.0,0.005,13.65,2.0,3.0,0.0,22.46,176.5,344.6,345.6,0.0,4.89,5.718,629.4,650.4,0.225,0.0,37.16,29.35,31.24,32.79,31.97,33.48,32.16,32.61,29.71,32.52,71.04,71.9,71.45,71.42,71.93,70.69,61.53,706.0,720.0,711.0,705.0,720.0,702.0,622.0,24.42,24.72,24.56,24.55,24.73,24.3,21.15,0.0,343.8,0.0,60.21,0.0,512.4,0.0,5.0,0.0,0.0,0.0,201.3,202.2,201.1,20.37,20.13,0.0,28.02,350.0,21.49,2.0,3.53,-1.0,2.553,4.4,4902
2014-09-07 08:53:00,202.9,201.8,202.4,814966.0,74.7,59.9,60.0,164.3,23528.0,341.0,74638.0,809434.0,162.4,0.994,18.07,163.4,0.0,271.8,271.5,272.1,0.979,270.0,0.748,270.0,0.921,271.0,0.0069999999999999,13.65,2.0,3.0,0.0,22.53,176.6,343.7,343.7,0.0,4.906000000000001,5.727,630.1,651.3,0.225,0.0,37.39,29.42,31.46,33.11,32.21,33.48,32.44,32.77,29.91,32.84,71.23,72.11,71.66,71.64,72.15,70.89,61.73,707.0,720.0,712.0,705.0,721.0,702.0,623.0,24.43,24.73,24.58,24.57,24.75,24.32,21.18,0.0,343.0,0.0,60.2,0.0,513.8,0.0,5.0,0.0,0.0,0.0,201.6,202.4,201.3,20.34,20.08,0.0,27.8,355.0,27.05,2.0,3.53,-1.0,3.4330000000000003,5.8,4902
2014-09-07 08:54:00,203.5,202.2,202.9,814969.0,74.7,59.9,60.0,164.6,23528.0,341.0,74638.0,809437.0,162.7,0.994,18.1,163.7,0.0,271.4,271.6,272.2,0.979,270.0,0.748,270.0,0.921,271.0,0.008,13.65,2.0,3.0,0.0,22.6,177.1,343.6,344.1,0.0,4.929,5.747000000000001,632.6,653.6,0.225,0.0,37.63,29.9,32.01,33.04,31.96,33.31,32.5,32.7,29.65,33.0,71.51,72.34,71.94,71.9,72.39,71.15,61.96,707.0,721.0,712.0,706.0,721.0,702.0,623.0,24.49,24.78,24.64,24.63,24.8,24.37,21.23,0.0,342.6,0.0,60.14,0.0,515.5,0.0,5.0,0.0,0.0,0.0,202.0,202.8,201.8,20.31,20.03,0.0,28.21,1.587,16.16,2.0,3.53,-1.0,2.568,4.5,4902
2014-09-07 08:55:00,204.2,203.2,203.7,814972.0,74.7,59.9,60.0,165.3,23528.0,341.0,74638.0,809440.0,163.4,0.994,18.2,164.4,0.0,271.8,271.3,271.9,0.979,270.0,0.748,270.0,0.921,271.0,0.012,13.65,2.0,3.0,0.0,22.68,177.7,342.7,343.2,0.0,4.963,5.778,636.2,656.9,0.225,0.0,37.88,30.38,32.29,33.21,32.22,33.55,32.8,33.02,29.64,33.26,71.95,72.75,72.33,72.31,72.81,71.58,62.32,708.0,721.0,713.0,706.0,722.0,703.0,624.0,24.61,24.88,24.74,24.73,24.9,24.48,21.31,0.0,342.0,0.0,60.15,0.0,518.5,0.0,5.0,0.0,0.0,0.0,202.9,203.6,202.7,20.56,20.34,0.0,28.86,7.902,15.75,2.0,3.53,-1.0,3.648,5.7,4902
2014-09-07 08:56:00,204.8,203.9,204.4,814975.0,74.7,59.9,60.0,165.9,23528.0,341.0,74639.0,809442.0,164.1,0.994,18.31,165.2,0.0,271.7,271.5,272.2,0.979,270.1,0.748,270.0,0.921,271.0,0.02,13.65,2.0,3.0,0.0,22.77,178.5,341.9,342.8,0.0,5.001,5.813,640.8,661.1,0.225,0.0,38.06,31.19,32.66,33.38,32.32,33.12,33.07,33.19,29.68,33.42,72.45,73.26,72.92,72.86,73.28,72.15999999999998,62.8,708.0,721.0,713.0,707.0,722.0,703.0,624.0,24.72,25.0,24.88,24.86,25.01,24.62,21.43,0.0,341.2,0.0,60.15,0.0,522.2,0.0,5.0,0.0,0.0,0.0,203.8,204.5,203.5,20.8,20.55,0.0,29.88,354.2,40.86,2.0,3.531,-1.0,2.298,4.3,4902
2014-09-07 08:57:00,205.8,204.7,205.3,814977.0,74.7,59.9,60.0,166.8,23528.0,341.0,74639.0,809445.0,164.9,0.994,18.43,166.0,0.0,271.9,271.8,272.4,0.979,270.3,0.748,270.0,0.921,271.0,0.004,13.65,2.0,3.0,0.0,22.85,179.6,341.4,341.8,0.0,5.043,5.853,645.6,665.8,0.225,0.0,38.31,31.43,32.6,33.79,32.8,33.63,33.4,33.65,30.45,33.78,72.98999999999998,73.78,73.4,73.34999999999998,73.84999999999998,72.64,63.21,708.0,722.0,713.0,707.0,722.0,704.0,624.0,24.85,25.12,24.99,24.97,25.14,24.73,21.52,0.0,340.4,0.0,60.15,0.0,526.0,0.0,5.0,0.0,0.0,0.0,204.7,205.3,204.4,20.48,20.12,0.0,29.29,346.4,17.06,2.0,3.53,-1.0,2.943,4.4,4902
2014-09-07 08:58:00,207.5,206.4,207.0,814980.0,74.7,59.9,60.0,168.2,23528.0,341.0,74639.0,809448.0,166.3,0.994,18.64,167.4,0.0,272.2,271.6,272.3,0.979,270.5,0.748,270.0,0.921,271.0,0.008,13.65,2.0,3.0,0.0,22.94,181.1,340.8,341.5,0.0,5.102,5.91,652.1,672.4,0.225,0.0,38.55,31.55,32.83,34.12,33.18,34.07,33.72,33.95,30.77,33.92,73.73999999999998,74.56999999999998,74.14,74.06999999999998,74.62999999999998,73.36,63.85,709.0,722.0,714.0,707.0,723.0,704.0,625.0,25.07,25.35,25.2,25.18,25.37,24.94,21.7,0.0,339.9,0.0,60.15,0.0,531.3,0.0,5.0,0.0,0.0,0.0,206.4,206.9,206.2,20.58,20.3,0.0,29.39,348.3,10.59,2.0,3.531,-1.0,3.145,4.8,4902
2014-09-07 08:59:00,209.3,208.3,208.8,814983.0,74.7,59.9,60.0,169.7,23528.0,341.0,74639.0,809451.0,167.9,0.994,18.9,169.0,0.0,272.2,271.5,272.2,0.979,270.4,0.748,270.0,0.921,271.0,0.009,13.65,2.0,3.0,0.0,23.04,182.7,340.2,341.1,0.0,5.165,5.972,658.9,679.3,0.225,0.0,38.83,31.58,33.14,34.33,33.43,34.32,33.96,34.16,30.63,34.12,74.56,75.34,74.97,74.92,75.40999999999998,74.15999999999998,64.57,709.0,723.0,714.0,708.0,723.0,704.0,625.0,25.31,25.58,25.45,25.44,25.6,25.18,21.92,0.0,339.5,0.0,60.14,0.0,537.1,0.0,5.0,0.0,0.0,0.0,208.5,208.9,208.2,20.72,20.47,0.0,29.74,350.6,27.43,2.0,3.53,-1.0,2.962,5.3,4902
2014-09-07 09:00:00,211.4,210.1,210.8,814986.0,74.7,59.9,60.0,171.2,23528.0,341.0,74640.0,809454.0,169.5,0.994,19.16,170.6,0.0,271.8,271.6,272.2,0.979,270.1,0.748,270.0,0.921,271.0,0.009,13.65,2.0,3.0,0.0,23.14,184.5,339.6,340.1,0.0,5.23,6.037000000000001,666.1,686.8,0.225,0.0,39.1,31.13,33.47,34.53,33.41,34.59,33.97,34.33,30.54,34.26,75.45999999999998,76.26999999999998,75.84999999999998,75.81,76.29999999999998,75.06,65.33,710.0,723.0,715.0,708.0,724.0,705.0,625.0,25.57,25.84,25.7,25.68,25.85,25.43,22.13,0.0,338.8,0.0,60.15,0.0,543.4,0.0,5.0,0.0,0.0,0.0,210.6,210.9,210.3,20.47,20.23,0.0,29.47,337.6,19.48,2.0,3.53,-1.0,2.727,4.1,4902
2014-09-07 09:01:00,214.8,213.4,214.0,814988.0,74.7,59.9,60.0,173.9,23528.0,341.0,74640.0,809456.0,172.2,0.994,19.6,173.3,0.0,271.6,271.4,272.1,0.979,270.0,0.748,270.0,0.921,271.0,0.01,13.65,2.0,3.0,0.0,23.25,187.3,338.3,339.6,0.0,5.328,6.141,678.0,698.8,0.225,0.0,39.37,30.58,33.65,34.74,33.79,35.05,34.17,34.51,31.0,34.61,76.95,77.81999999999998,77.33,77.29999999999998,77.81,76.53,66.63,710.0,723.0,715.0,709.0,724.0,705.0,626.0,25.97,26.27,26.1,26.09,26.27,25.83,22.49,0.0,337.6,0.0,60.13,0.0,553.6,0.0,5.0,0.0,0.0,0.0,214.1,214.2,213.8,20.27,20.05,0.0,29.26,316.3,29.24,2.0,3.53,-1.0,2.617,4.4,4902
2014-09-07 09:02:00,198.1,197.1,197.7,814991.0,74.7,59.9,60.0,160.2,23528.0,341.0,74640.0,809459.0,158.5,0.994,17.34,159.4,0.0,271.5,271.1,271.8,0.979,270.0,0.748,270.0,0.921,271.0,0.01,13.65,2.0,3.0,0.0,23.35,172.7,339.5,340.0,0.0,4.925,5.663,624.5,643.7,0.225,0.0,39.65,29.33,33.43,34.55,33.79,35.42,33.68,34.26,31.26,34.83,70.66,71.53,70.77,70.59,71.32,70.06,60.73,711.0,724.0,716.0,709.0,724.0,706.0,626.0,23.92,24.22,23.96,23.9,24.15,23.72,20.56,0.0,339.0,0.0,60.15,0.0,509.4,0.0,5.0,0.0,0.0,0.0,196.8,197.5,196.7,20.07,19.87,0.0,28.25,343.8,14.92,2.0,3.531,-1.0,2.945,4.4,4902
2014-09-07 09:03:00,205.8,205.1,205.6,814994.0,74.7,59.9,60.0,166.6,23528.0,341.0,74641.0,809462.0,165.1,0.994,18.44,166.1,0.0,271.5,271.0,271.8,0.979,270.0,0.748,270.0,0.921,271.0,0.01,13.65,2.0,3.0,0.0,23.44,180.0,337.3,337.6,0.0,5.14,5.919,648.6,655.9,0.225,0.0,39.91,29.47,33.8,34.45,33.78,35.48,33.44,34.21,30.95,34.62,73.97,73.73999999999998,74.06999999999998,73.76999999999998,73.12999999999998,73.73,63.56,711.0,724.0,716.0,709.0,725.0,706.0,626.0,24.88,24.81,24.92,24.82,24.6,24.81,21.39,0.0,336.6,0.0,60.15,0.0,533.8,0.0,5.0,0.0,0.0,0.0,205.3,205.5,205.2,20.16,19.92,0.0,28.22,341.0,11.92,2.0,3.53,-1.0,3.383,4.7,4902
2014-09-07 09:04:00,165.6,165.1,165.6,814996.0,74.7,59.9,60.0,133.5,23528.0,341.0,74641.0,809464.0,132.4,0.996,13.13,133.1,0.0,270.8,271.0,271.8,0.979,270.0,0.748,270.0,0.921,271.0,0.011,13.65,2.0,3.0,0.0,23.52,145.4,342.2,342.9,0.0,4.127,4.713,529.6,559.9,0.222,0.0,40.15,29.22,33.66,33.74,33.07,34.68,32.83,33.48,30.25,34.04,59.66,61.23,59.02,58.81,60.93,58.07,50.48,711.0,725.0,716.0,710.0,725.0,706.0,627.0,20.34,20.88,20.12,20.05,20.78,19.8,17.21,0.0,341.6,0.0,60.14,0.0,425.6,0.0,5.0,0.0,0.0,0.0,164.4,165.1,164.3,20.3,20.07,0.0,28.22,343.2,30.27,2.0,3.53,-1.0,1.952,4.1,4902
2014-09-07 09:05:00,176.3,175.9,176.4,814998.0,74.7,59.9,60.0,142.6,23528.0,341.0,74641.0,809466.0,141.3,0.995,14.54,142.1,0.0,271.8,271.1,272.0,0.979,270.0,0.748,270.0,0.921,271.0,0.011,13.65,2.0,3.0,0.0,23.6,154.8,341.3,341.7,0.0,4.4110000000000005,5.058,559.7,574.2,0.2239999999999999,0.0,40.38,29.82,33.58,33.81,33.19,34.82,33.05,33.71,30.68,34.49,62.84,63.58,63.0,62.75,63.33,62.34,53.94,712.0,725.0,717.0,710.0,726.0,707.0,627.0,21.36,21.62,21.41,21.32,21.53,21.18,18.33,0.0,340.6,0.0,60.14,0.0,454.5,0.0,5.0,0.0,0.0,0.0,175.3,176.0,175.1,20.38,20.14,0.0,28.93,356.0,21.43,2.0,3.53,-1.0,2.47,5.0,4902
2014-09-07 09:06:00,229.4,228.4,228.9,815001.0,74.7,59.9,60.0,186.6,23528.0,341.0,74642.0,809470.0,185.1,0.993,21.65,186.3,0.0,272.2,272.1,272.8,0.979,270.8,0.748,270.1,0.921,271.8,0.011,13.65,2.0,3.0,0.0,23.68,201.7,339.8,340.5,0.0,5.726,6.6,730.7,750.6,0.226,0.0,40.59,30.12,33.88,34.69,33.98,35.23,33.95,34.53,31.41,34.85,82.29999999999998,83.09999999999998,82.79999999999998,82.7,83.2,81.9,71.31,712.0,725.0,717.0,711.0,726.0,707.0,627.0,27.94,28.22,28.09,28.06,28.22,27.8,24.2,0.0,339.4,0.0,60.14,0.0,593.5,0.0,5.0,0.0,0.0,0.0,230.0,229.3,229.8,20.43,20.2,0.0,28.96,341.0,15.58,2.0,3.528,-1.0,2.803,5.4,4902
2014-09-07 09:07:00,230.5,229.3,229.9,815004.0,74.7,59.9,60.0,187.5,23528.0,341.0,74642.0,809473.0,186.1,0.993,21.81,187.4,0.0,272.5,272.1,272.8,0.979,271.0,0.748,270.1,0.921,272.0,0.011,13.65,2.0,3.0,0.0,23.76,202.6,337.3,338.4,0.0,5.775,6.651,736.7999999999998,757.7,0.226,0.0,40.79,30.62,34.19,35.17,34.28,36.01,34.25,34.77,31.4,35.14,83.5,84.4,83.9,83.79999999999998,84.4,83.09999999999998,72.25,713.0,726.0,718.0,711.0,727.0,708.0,628.0,28.13,28.41,28.25,28.23,28.41,27.98,24.33,0.0,336.7,0.0,60.14,0.0,600.9,0.0,5.0,0.0,0.0,0.0,231.2,230.3,231.1,20.5,20.26,0.0,29.23,334.8,21.41,2.0,3.53,-1.0,3.22,4.7,4902
2014-09-07 09:08:00,187.9,187.2,187.8,815007.0,74.7,59.9,60.0,152.2,23528.0,341.0,74642.0,809475.0,150.6,0.995,16.02,151.5,0.0,271.9,271.8,272.6,0.979,271.0,0.748,270.2,0.921,271.9,0.011,13.65,2.0,3.0,0.0,23.84,163.7,331.1,332.2,0.0,4.711,5.407,598.4,616.4,0.225,0.0,41.0,30.44,34.53,35.34,34.38,35.76,34.4,35.08,31.42,35.25,68.91,69.46,68.79,68.73,69.23,68.17,59.35,713.0,726.0,718.0,711.0,727.0,708.0,628.0,22.78,22.97,22.74,22.72,22.9,22.53,19.62,0.0,330.7,0.0,60.15,0.0,494.5,0.0,5.0,0.0,0.0,0.0,186.5,187.3,186.5,20.46,20.24,0.0,29.48,14.05,25.73,2.0,3.53,-1.0,2.017,3.8,4902
2014-09-07 09:09:00,204.4,203.8,204.4,815010.0,74.7,59.9,60.0,166.0,23528.0,341.0,74642.0,809478.0,164.5,0.994,18.33,165.5,0.0,272.2,271.6,272.5,0.979,270.8,0.748,270.0,0.921,271.6,0.011,13.65,2.0,3.0,0.0,23.92,178.7,325.1,326.0,0.0,5.198,5.989,658.1,664.4,0.226,0.0,41.23,30.41,34.68,35.33,34.51,36.18,34.38,35.13,31.99,35.6,76.23999999999998,76.18,76.75,76.51999999999998,75.98,76.44,65.88,713.0,727.0,718.0,712.0,727.0,709.0,628.0,24.7,24.68,24.86,24.79,24.62,24.76,21.34,0.0,324.5,0.0,60.15,0.0,550.5,0.0,5.0,0.0,0.0,0.0,204.3,203.8,204.3,20.33,20.1,0.0,29.24,329.0,33.74,2.0,3.53,-1.0,2.333,4.5,4902
2014-09-07 09:10:00,156.7,156.4,156.9,815012.0,74.7,59.9,60.0,126.4,23528.0,341.0,74643.0,809480.0,125.0,0.996,11.82,125.6,0.0,271.5,271.2,272.1,0.979,270.6,0.748,270.0,0.921,271.4,0.011,13.65,2.0,3.0,0.0,24.0,135.9,330.2,330.8,0.0,3.898,4.444,499.1,524.4,0.223,0.0,41.41,30.35,34.61,34.69,34.1,35.52,33.52,34.4,31.62,35.24,57.79,59.02,57.28,57.17,58.81,56.51,49.18,714.0,727.0,719.0,712.0,728.0,709.0,629.0,19.02,19.42,18.85,18.81,19.35,18.59,16.18,0.0,329.7,0.0,60.14,0.0,412.5,0.0,5.0,0.0,0.0,0.0,154.3,156.2,154.3,20.4,20.14,0.0,29.11,1.275,22.22,2.0,3.528,-1.0,2.148,3.2,4902
2014-09-07 09:11:00,174.0,173.5,174.1,815014.0,74.7,59.9,60.0,140.6,23528.0,341.0,74643.0,809482.0,138.9,0.995,14.1,139.6,0.0,271.4,271.4,272.2,0.979,270.2,0.748,270.0,0.921,271.1,0.011,13.65,2.0,3.0,0.0,24.08,151.1,327.4,328.1,0.0,4.395,5.029,556.0,569.8,0.2239999999999999,0.0,41.59,31.0,34.48,34.94,34.23,34.97,33.97,34.78,31.87,35.42,65.92,65.13,64.01,62.98,62.96,64.46,53.52,714.0,727.0,719.0,713.0,728.0,709.0,629.0,21.53,21.28,20.91,20.58,20.58,21.06,17.49,0.0,326.8,0.0,60.14,0.0,461.5,0.0,5.0,0.0,0.0,0.0,171.8,173.2,171.8,20.7,20.49,0.0,30.0,352.0,39.11,2.0,3.53,-1.0,1.737,3.0,4902
2014-09-07 09:12:00,215.3,214.3,215.2,815017.0,74.7,59.9,60.0,174.9,23528.0,341.0,74643.0,809485.0,174.2,0.994,19.91,175.4,0.0,272.1,271.8,272.5,0.979,270.8,0.748,270.0,0.921,271.6,0.01,13.61,2.0,3.0,0.0,24.16,187.2,319.5,320.3,0.0,5.497999999999999,6.299,711.3,746.4,0.225,0.0,41.75,31.08,34.15,34.92,34.02,35.17,33.88,34.56,31.5,35.34,83.79999999999998,85.29999999999998,83.2,83.0,85.0,82.5,71.24,714.0,728.0,720.0,713.0,728.0,710.0,629.0,26.66,27.13,26.45,26.39,27.03,26.21,22.64,0.0,318.9,0.0,60.14,0.0,587.6,0.0,5.0,0.0,0.0,0.0,216.6,215.5,216.7,20.96,20.74,0.0,29.9,358.8,23.71,2.0,3.53,-1.0,2.238,3.7,4902
2014-09-07 09:13:00,240.3,238.7,239.8,815020.0,74.7,59.9,60.0,195.5,23528.0,341.0,74644.0,809488.0,194.5,0.993,23.3,195.9,0.0,272.2,272.2,272.9,0.979,270.9,0.748,270.0,0.921,271.9,-0.0409999999999999,13.61,2.0,3.0,0.0,24.23,209.2,313.9,314.6,0.0,6.222,7.153,796.4,815.0,0.228,0.001,41.89,31.98,35.12,35.89,34.83,36.23,34.87,35.68,32.22,36.45,93.1,94.1,94.2,94.3,94.7,93.3,81.4,715.0,728.0,720.0,713.0,729.0,710.0,630.0,29.22,29.54,29.56,29.62,29.72,29.28,25.54,0.0,313.9,0.0,60.15,0.0,666.4,0.0,5.0,0.0,0.0,0.0,242.1,239.9,242.2,20.98,20.77,0.0,30.89,313.2,20.15,2.0,3.53,-1.0,2.41,3.1,4902
2014-09-07 09:14:00,218.0,217.0,217.8,815023.0,74.7,59.9,60.0,177.1,23528.0,341.0,74644.0,809491.0,175.8,0.994,20.17,177.0,0.0,272.2,271.7,272.5,0.979,270.8,0.748,270.0,0.921,271.5,-0.013,13.61,2.0,3.0,0.0,24.3,189.9,319.2,322.1,0.0,5.591,6.408,713.0,732.2999999999998,0.2269999999999999,0.001,42.11,30.48,35.2,36.26,35.29,36.95,35.05,35.82,32.7,36.92,83.2,84.0,83.5,83.59999999999998,84.2,82.7,72.36,715.0,729.0,720.0,714.0,729.0,711.0,630.0,26.53,26.79,26.62,26.67,26.86,26.37,23.07,0.0,319.2,0.0,60.14,0.0,595.6,0.0,5.0,0.0,0.0,0.0,218.5,217.6,218.7,20.33,20.11,0.0,29.36,315.7,25.84,2.0,3.53,-1.0,2.893,5.2,4902
2014-09-07 09:15:00,239.8,239.0,239.7,815026.0,74.7,59.9,60.0,195.5,23528.0,341.0,74644.0,809495.0,194.7,0.993,23.17,196.0,0.0,272.5,272.1,272.8,0.979,270.8,0.748,270.2,0.921,271.5,-0.004,13.61,2.0,3.0,0.0,24.38,211.6,326.1,325.7,0.0,6.165,7.0760000000000005,786.5,805.0,0.228,0.001,42.27,30.3,35.27,36.69,35.51,37.7,35.17,36.2,32.98,37.46,90.2,91.2,90.7,90.8,91.4,89.79999999999998,78.34,716.0,729.0,721.0,714.0,730.0,711.0,631.0,29.41,29.75,29.57,29.6,29.81,29.29,25.55,0.0,326.7,0.0,60.14,0.0,649.9,0.0,5.0,0.0,0.0,0.0,242.3,240.2,242.6,20.29,20.1,0.0,29.26,320.6,17.71,2.0,3.53,-1.0,2.128,4.1,4902
2014-09-07 09:16:00,249.6,249.1,249.6,815030.0,74.7,59.9,60.0,203.9,23528.0,341.0,74645.0,809498.0,203.3,0.993,24.43,204.8,0.0,272.8,272.4,273.1,0.979,271.0,0.748,270.6,0.921,272.0,0.001,13.61,2.0,3.0,0.0,24.45,222.3,334.1,335.1,0.0,6.407,7.357999999999999,820.0,841.0,0.228,0.001,42.43,30.56,35.42,36.9,35.85,38.15,35.32,36.45,33.34,37.8,92.0,93.4,92.6,92.8,93.7,91.4,80.09999999999998,716.0,730.0,721.0,715.0,730.0,712.0,631.0,30.7,31.18,30.89,30.96,31.26,30.5,26.72,0.0,333.7,0.0,60.15,0.0,665.5,0.0,5.0,0.0,0.0,0.0,252.8,250.6,253.4,20.61,20.42,0.0,29.46,338.8,21.87,2.0,3.53,-1.0,2.75,6.4,4902
2014-09-07 09:17:00,207.3,206.5,207.1,815032.0,74.7,59.9,60.0,168.3,23528.0,341.0,74645.0,809501.0,166.4,0.994,18.51,167.4,0.0,272.0,271.9,272.7,0.979,271.0,0.748,270.2,0.921,272.0,0.004,13.61,2.0,3.0,0.0,24.52,182.4,335.3,335.9,0.0,5.246,6.004,663.1,667.8,0.2269999999999999,0.001,42.59,31.46,35.56,37.22,36.23,38.3,35.52,36.78,33.65,37.88,74.45999999999998,74.93,75.23999999999998,75.48,75.19,74.36,65.45,717.0,730.0,722.0,715.0,731.0,712.0,631.0,24.9,25.06,25.16,25.24,25.15,24.86,21.89,0.0,334.7,0.0,60.15,0.0,544.4,0.0,5.0,0.0,0.0,0.0,206.2,206.6,206.2,20.77,20.51,0.0,30.21,346.6,21.61,2.0,3.53,-1.0,3.0780000000000003,4.7,4902
2014-09-07 09:18:00,194.4,193.4,194.1,815035.0,74.7,59.9,60.0,157.5,23528.0,341.0,74645.0,809503.0,155.9,0.994,16.77,156.8,0.0,271.9,271.9,272.7,0.979,271.0,0.748,270.7,0.921,272.0,0.006,13.61,2.0,3.0,0.0,24.6,170.6,337.1,337.8,0.0,4.884,5.584,621.2,628.2,0.225,0.001,42.77,31.66,35.52,37.23,36.42,38.4,35.66,36.83,33.72,37.43,68.82,69.93,70.15,70.53,70.9,68.96,61.23,717.0,731.0,722.0,716.0,731.0,712.0,632.0,23.15,23.54,23.6,23.73,23.87,23.19,20.6,0.0,336.7,0.0,60.15,0.0,506.6,0.0,5.0,0.0,0.0,0.0,193.0,193.8,193.0,20.74,20.45,0.0,30.33,340.6,14.14,2.0,3.531,-1.0,2.4330000000000003,4.3,4902
2014-09-07 09:19:00,169.0,168.6,169.1,815037.0,74.7,59.9,60.0,136.6,23528.0,341.0,74646.0,809506.0,134.6,0.995,13.27,135.3,0.0,271.5,271.6,272.4,0.979,271.0,0.748,270.4,0.921,272.0,0.039,13.61,2.0,1.0,0.0,24.67,148.1,342.4,343.3,0.0,4.199,4.795,532.3,540.0,0.2239999999999999,0.001,42.93,31.37,34.69,36.48,35.53,37.87,34.84,36.05,32.64,36.57,58.66,59.49,59.27,59.57,59.9,58.2,51.88,718.0,731.0,723.0,716.0,732.0,713.0,632.0,20.07,20.36,20.28,20.38,20.5,19.91,17.75,0.0,342.1,0.0,60.14,0.0,432.7,0.0,5.0,0.0,0.0,0.0,166.1,168.1,166.1,20.71,20.44,0.0,30.0,346.5,21.77,2.0,3.531,-1.0,3.817,5.4,4902
2014-09-07 09:20:00,156.8,156.7,157.2,815039.0,74.7,59.9,60.0,126.6,23528.0,341.0,74646.0,809508.0,125.1,0.996,11.71,125.7,0.0,271.2,271.6,272.5,0.979,271.0,0.748,270.4,0.921,272.0,-0.011,13.61,2.0,3.0,0.0,24.74,137.2,340.4,340.8,0.0,3.876,4.427,495.6,510.3,0.2239999999999999,0.0,43.1,31.06,33.94,35.63,34.5,36.54,33.99,34.95,31.62,35.58,55.41,56.54,55.5,55.5,56.64,54.54,47.89,718.0,731.0,723.0,716.0,732.0,713.0,632.0,18.83,19.22,18.86,18.86,19.25,18.53,16.28,0.0,340.0,0.0,60.13,0.0,403.2,0.0,5.0,0.0,0.0,0.0,154.2,156.4,154.3,20.88,20.61,0.0,29.66,5.925,23.55,2.0,3.53,-1.0,2.645,4.7,4902
2014-09-07 09:21:00,179.1,178.5,179.1,815042.0,74.7,59.9,60.0,144.9,23528.0,341.0,74646.0,809510.0,143.2,0.995,14.69,143.9,0.0,271.7,271.8,272.6,0.979,271.0,0.748,270.8,0.921,271.9,0.002,13.61,2.0,3.0,0.0,24.8,156.4,335.2,334.8,0.0,4.388,5.048,564.6,574.2,0.225,0.0,43.18,30.95,33.74,35.2,34.01,35.85,33.75,34.6,31.58,35.01,63.42,64.84,64.74,65.16,65.94,63.49,56.5,718.0,732.0,723.0,717.0,732.0,713.0,633.0,21.21,21.68,21.65,21.79,22.05,21.23,18.89,0.0,334.4,0.0,60.15,0.0,466.5,0.0,5.0,0.0,0.0,0.0,176.9,178.6,176.8,20.85,20.63,0.0,29.57,324.3,15.92,2.0,3.53,-1.0,3.113,4.4,4902
2014-09-07 09:22:00,226.8,225.4,226.3,815045.0,74.7,59.9,60.0,184.2,23528.0,341.0,74646.0,809513.0,183.2,0.993,21.25,184.4,0.0,272.2,271.9,272.6,0.979,270.9,0.748,270.1,0.921,271.3,0.006,13.61,2.0,3.0,0.0,24.86,198.9,327.7,327.5,0.0,5.675,6.572,735.1,761.6,0.2269999999999999,0.0,43.29,30.51,33.61,35.17,34.15,36.33,33.64,34.6,31.66,35.1,85.5,86.59999999999998,84.9,84.7,86.09999999999998,84.29999999999998,72.70999999999998,719.0,732.0,724.0,717.0,733.0,714.0,633.0,27.92,28.27,27.72,27.65,28.1,27.51,23.74,0.0,326.7,0.0,60.17,0.0,607.2,0.0,5.0,0.0,0.0,0.0,227.7,226.6,227.7,20.54,20.33,0.0,29.09,336.7,16.62,2.0,3.53,-1.0,2.257,3.9,4902
2014-09-07 09:23:00,253.1,251.8,252.8,815048.0,74.7,59.9,60.0,206.3,23528.0,341.0,74647.0,809517.0,205.9,0.993,25.0,207.4,0.0,272.5,272.1,272.7,0.979,270.8,0.748,270.1,0.921,271.0,0.0069999999999999,13.61,2.0,3.0,0.0,24.91,223.4,322.4,324.6,0.0,6.453,7.506,835.0,858.0,0.2289999999999999,0.0,43.39,31.56,34.84,36.25,35.08,37.04,34.7,35.68,32.55,36.43,96.8,97.8,97.1,97.1,97.9,96.3,83.59999999999998,719.0,733.0,724.0,718.0,733.0,714.0,634.0,31.17,31.5,31.25,31.27,31.52,31.0,26.91,0.0,322.0,0.0,60.14,0.0,693.2,0.0,5.0,0.0,0.0,0.0,256.7,253.5,257.0,20.93,20.79,0.0,30.68,338.9,37.18,2.0,3.53,-1.0,1.683,4.3,4902
2014-09-07 09:24:00,252.3,251.4,252.0,815051.0,74.7,59.9,60.0,205.7,23528.0,341.0,74647.0,809520.0,205.2,0.993,24.78,206.6,0.0,272.3,272.1,272.7,0.979,270.5,0.748,270.0,0.921,271.0,0.008,13.61,2.0,3.0,0.0,24.97,224.0,333.8,336.7,0.0,6.392,7.452,827.0,847.0,0.2289999999999999,0.0,43.54,32.95,35.83,37.54,36.24,37.77,36.02,36.97,33.64,37.85,92.9,93.9,93.3,93.2,93.8,92.4,80.4,720.0,733.0,725.0,718.0,734.0,715.0,634.0,31.06,31.38,31.19,31.16,31.36,30.9,26.86,0.0,334.3,0.0,60.13,0.0,671.2,0.0,5.0,0.0,0.0,0.0,255.6,252.9,255.9,21.09,20.89,0.0,31.89,27.73,58.55,2.0,3.53,-1.0,1.462,3.2,4902
2014-09-07 09:25:00,239.9,238.9,239.4,815054.0,74.7,59.9,60.0,195.2,23528.0,341.0,74648.0,809523.0,194.2,0.993,23.03,195.6,0.0,272.0,271.9,272.5,0.979,270.0,0.748,270.0,0.921,271.0,0.0299999999999999,13.61,2.0,3.0,0.0,25.04,213.4,339.2,339.5,0.0,6.042000000000001,7.0520000000000005,783.5,804.0,0.228,0.0,43.67,33.51,36.57,38.47,37.09,38.75,36.94,37.6,34.62,38.66,86.7,88.0,87.2,87.29999999999998,88.2,86.2,75.37,720.0,734.0,725.0,719.0,734.0,715.0,634.0,29.28,29.74,29.47,29.49,29.81,29.11,25.46,0.0,337.9,0.0,60.18,0.0,629.1,0.0,5.0,0.0,0.0,0.0,241.8,240.1,241.8,21.06,20.78,0.0,31.85,348.4,51.33,2.0,3.528,-1.0,1.44,2.5,4902
2014-09-07 09:26:00,252.2,251.4,251.9,815058.0,74.7,59.9,60.0,205.7,23528.0,341.0,74648.0,809527.0,205.1,0.993,24.78,206.6,0.0,272.8,272.1,272.8,0.979,270.9,0.748,270.7,0.921,271.8,-0.002,13.61,2.0,3.0,0.0,25.11,224.5,334.7,336.2,0.0,6.403,7.479,832.0,854.0,0.2289999999999999,0.0,43.8,33.73,37.06,39.1,37.98,39.49,37.7,38.56,35.45,39.27,93.1,94.2,93.2,93.0,93.9,92.4,80.09999999999998,721.0,734.0,726.0,719.0,735.0,716.0,635.0,31.12,31.5,31.17,31.1,31.4,30.89,26.78,0.0,334.4,0.0,60.19,0.0,670.9,0.0,5.0,0.0,0.0,0.0,255.2,252.8,255.5,21.01,20.77,0.0,32.17,6.91,54.44,2.0,3.528,-1.0,1.507,3.2,4902
2014-09-07 09:27:00,249.6,248.7,249.3,815061.0,74.7,59.9,60.0,203.7,23528.0,341.0,74648.0,809530.0,203.2,0.993,24.39,204.6,0.0,272.6,272.4,273.1,0.979,271.0,0.748,271.0,0.921,272.0,0.005,13.61,2.0,3.0,0.0,25.2,222.4,333.3,335.2,0.0,6.359,7.434,826.0,845.0,0.2289999999999999,0.0,43.98,33.24,37.47,39.71,38.83,40.68,38.41,39.21,36.43,40.08,92.2,93.4,92.6,92.6,93.3,91.8,79.78,721.0,735.0,726.0,720.0,735.0,716.0,635.0,30.71,31.11,30.85,30.85,31.08,30.56,26.57,0.0,333.1,0.0,60.16,0.0,667.5,0.0,5.0,0.0,0.0,0.0,252.8,250.3,253.0,21.09,20.92,0.0,31.67,315.7,20.0,2.0,3.531,-1.0,1.908,3.4,4902
2014-09-07 09:28:00,246.7,245.6,246.3,815064.0,74.7,59.9,60.0,201.2,23528.0,341.0,74649.0,809533.0,200.5,0.993,23.96,201.9,0.0,272.6,272.5,273.1,0.979,271.0,0.748,271.0,0.921,272.0,0.0069999999999999,13.61,2.0,3.0,0.0,25.28,219.5,332.1,332.3,0.0,6.277,7.338999999999999,816.0,834.0,0.2289999999999999,0.0,44.14,32.55,37.65,40.0,38.93,41.36,38.61,39.33,36.54,40.38,91.4,92.7,91.7,91.7,92.6,90.8,78.98999999999998,722.0,735.0,727.0,720.0,736.0,717.0,636.0,30.3,30.74,30.41,30.41,30.72,30.11,26.19,0.0,331.6,0.0,60.14,0.0,661.0,0.0,5.0,0.0,0.0,0.0,249.3,247.0,249.4,20.92,20.71,0.0,31.29,333.2,20.22,2.0,3.531,-1.0,2.272,3.5,4902
2014-09-07 09:29:00,245.1,244.1,244.7,815068.0,74.7,59.9,60.0,199.7,23528.0,341.0,74649.0,809537.0,199.0,0.993,23.74,200.4,0.0,272.4,272.2,272.8,0.979,270.9,0.748,271.0,0.921,272.0,0.008,13.61,2.0,3.0,0.0,25.36,217.7,331.0,331.3,0.0,6.224,7.284,809.0,828.0,0.2289999999999999,0.0,44.32,33.35,37.79,40.01,38.84,41.53,38.4,39.36,36.05,40.19,91.0,92.3,91.3,91.3,92.2,90.4,78.69,722.0,736.0,727.0,721.0,736.0,717.0,636.0,30.08,30.5,30.18,30.18,30.48,29.88,26.01,0.0,330.5,0.0,60.15,0.0,657.9,0.0,5.0,0.0,0.0,0.0,247.6,245.3,247.7,21.06,20.8,0.0,31.89,336.3,15.15,2.0,3.53,-1.0,3.375,5.2,4902
2014-09-07 09:30:00,246.0,244.7,245.5,815071.0,74.7,59.9,60.0,200.3,23528.0,341.0,74650.0,809540.0,199.6,0.993,23.83,201.0,0.0,272.2,272.2,272.8,0.979,270.8,0.748,270.7,0.921,271.7,0.012,13.61,2.0,3.0,0.0,25.45,218.6,330.3,331.1,0.0,6.229,7.3039999999999985,811.0,831.0,0.2289999999999999,0.0,44.51,33.6,38.01,39.78,38.58,41.31,38.36,39.22,35.44,39.87,91.6,92.8,91.9,91.9,92.8,91.0,79.19,723.0,736.0,728.0,721.0,737.0,718.0,637.0,30.19,30.57,30.29,30.3,30.59,29.98,26.09,0.0,329.5,0.0,60.14,0.0,661.9,0.0,5.0,0.0,0.0,0.0,248.5,246.1,248.6,20.99,20.67,0.0,31.07,347.9,12.83,2.0,3.53,-1.0,2.838,4.8,4902
2014-09-07 09:31:00,247.3,246.4,247.0,815074.0,74.7,59.9,60.0,201.5,23528.0,341.0,74650.0,809543.0,200.9,0.993,24.04,202.3,0.0,272.0,272.2,272.8,0.979,270.6,0.748,270.1,0.921,271.7,0.021,13.61,2.0,3.0,0.0,25.54,219.9,329.1,329.3,0.0,6.272,7.365,819.0,839.0,0.2289999999999999,0.0,44.67,34.34,38.4,40.25,39.06,41.27,38.97,39.65,35.75,39.89,92.6,93.7,92.8,92.7,93.5,92.0,79.62999999999998,723.0,737.0,728.0,722.0,737.0,718.0,637.0,30.45,30.79,30.5,30.47,30.73,30.22,26.17,0.0,328.7,0.0,60.15,0.0,668.5,0.0,5.0,0.0,0.0,0.0,250.2,247.7,250.3,21.29,21.05,0.0,32.54,330.9,15.87,2.0,3.53,-1.0,2.5380000000000003,4.4,4902
2014-09-07 09:32:00,242.6,241.3,241.9,815077.0,74.7,59.9,60.0,197.3,23528.0,341.0,74650.0,809547.0,196.6,0.993,23.34,198.0,0.0,272.0,271.9,272.6,0.979,270.2,0.748,270.0,0.921,271.1,0.003,13.61,2.0,3.0,0.0,25.64,215.3,334.6,336.3,0.0,6.122000000000001,7.198,801.0,821.0,0.2289999999999999,0.0,44.83,34.24,38.55,39.87,38.58,41.24,38.26,39.05,34.89,39.83,89.09999999999998,90.3,89.29999999999998,89.09999999999998,90.1,88.2,76.51,724.0,737.0,729.0,722.0,738.0,719.0,637.0,29.79,30.18,29.85,29.79,30.13,29.5,25.58,0.0,334.4,0.0,60.14,0.0,643.7,0.0,5.0,0.0,0.0,0.0,244.8,242.8,244.8,21.45,21.2,0.0,32.21,338.0,23.35,2.0,3.528,-1.0,3.677,5.9,4902
2014-09-07 09:33:00,248.9,247.8,248.4,815081.0,74.7,59.9,60.0,202.7,23528.0,341.0,74651.0,809550.0,202.1,0.993,24.22,203.5,0.0,272.2,272.0,272.7,0.979,270.4,0.748,270.0,0.921,271.1,0.0069999999999999,13.61,2.0,3.0,0.0,25.74,221.0,330.4,329.5,0.0,6.29,7.402999999999999,823.0,842.0,0.2289999999999999,0.0,44.92,33.91,38.81,39.52,38.24,41.07,37.75,38.64,34.61,39.74,92.5,93.4,92.8,92.8,93.5,91.8,79.98,724.0,738.0,729.0,723.0,738.0,719.0,638.0,30.6,30.9,30.7,30.7,30.92,30.37,26.45,0.0,330.8,0.0,60.12,0.0,669.0,0.0,5.0,0.0,0.0,0.0,251.7,249.2,251.9,21.51,21.28,0.0,32.1,345.5,26.38,2.0,3.53,-1.0,2.783,5.2,4902
2014-09-07 09:34:00,238.0,237.0,237.7,815084.0,74.7,59.9,60.0,193.6,23528.0,341.0,74651.0,809553.0,192.3,0.993,22.67,193.7,0.0,272.1,271.8,272.5,0.979,270.2,0.748,270.0,0.921,271.0,0.008,13.61,2.0,3.0,0.0,25.83,211.1,326.4,327.8,0.0,6.007000000000001,7.08,782.5,794.2999999999998,0.2289999999999999,0.0,45.04,34.11,38.27,39.64,38.45,41.16,37.99,38.99,35.09,39.85,89.2,89.7,89.7,89.59999999999998,89.59999999999998,89.0,77.20999999999998,725.0,738.0,730.0,723.0,739.0,720.0,638.0,29.03,29.19,29.19,29.17,29.18,28.96,25.13,0.0,325.6,0.0,60.13,0.0,646.9,0.0,5.0,0.0,0.0,0.0,239.5,237.6,239.6,21.41,21.11,0.0,32.23,342.9,43.1,2.0,3.53,-1.0,2.677,4.5,4902
2014-09-07 09:35:00,175.0,174.5,175.0,815086.0,74.7,59.9,60.0,141.3,23528.0,341.0,74651.0,809556.0,139.6,0.995,14.08,140.3,0.0,271.0,271.3,272.2,0.979,270.0,0.748,270.0,0.921,271.0,0.009,13.61,2.0,3.0,0.0,25.91,153.7,332.7,332.9,0.0,4.261,5.023,561.2,576.8,0.225,0.0,45.19,32.69,37.36,38.83,38.03,40.23,37.35,38.34,34.93,39.23,63.6,64.57,63.36,63.18,64.34,62.59,54.22,725.0,739.0,730.0,724.0,739.0,720.0,639.0,21.12,21.44,21.04,20.98,21.36,20.78,18.0,0.0,332.3,0.0,60.14,0.0,462.2,0.0,5.0,0.0,0.0,0.0,172.6,174.4,172.5,21.11,20.83,0.0,30.89,332.6,17.85,2.0,3.53,-1.0,3.352,6.1,4902
2014-09-07 09:36:00,209.4,208.3,208.9,815089.0,74.7,59.9,60.0,170.3,23528.0,341.0,74652.0,809558.0,169.0,0.994,18.81,170.1,0.0,272.4,272.6,273.3,0.979,271.6,0.748,271.1,0.921,272.5,0.034,13.61,2.0,3.0,0.0,25.99,184.9,334.0,333.7,0.0,5.129,6.039,678.2,701.9,0.226,0.0,45.36,31.57,36.29,37.86,36.78,39.0,36.41,37.37,33.64,37.67,76.86,78.25,76.58,76.47,78.11,75.59999999999998,65.65,726.0,739.0,731.0,724.0,740.0,721.0,639.0,25.64,26.11,25.55,25.51,26.07,25.22,21.91,0.0,333.9,0.0,60.14,0.0,554.0,0.0,5.0,0.0,0.0,0.0,209.1,209.2,208.9,20.89,20.63,0.0,29.82,348.5,28.16,2.0,3.53,-1.0,3.872,6.0,4902
2014-09-07 09:37:00,246.9,245.8,246.5,815092.0,74.7,59.9,60.0,201.7,23528.0,341.0,74652.0,809562.0,201.0,0.993,23.99,202.4,0.0,273.2,272.9,273.5,0.979,271.1,0.748,271.0,0.921,272.0,-0.004,13.61,2.0,3.0,0.0,26.06,219.9,329.5,330.5,0.0,6.193,7.293999999999999,812.0,830.0,0.2289999999999999,0.0,45.5,32.01,36.19,37.7,36.43,38.89,36.36,37.38,33.16,37.45,92.4,93.4,92.7,92.7,93.4,91.8,79.83,726.0,740.0,731.0,725.0,740.0,721.0,639.0,30.42,30.74,30.51,30.51,30.75,30.22,26.28,0.0,329.3,0.0,60.15,0.0,667.4,0.0,5.0,0.0,0.0,0.0,249.5,247.0,249.7,21.0,20.77,0.0,30.31,349.5,18.04,2.0,3.53,-1.0,3.247,5.6,4902
2014-09-07 09:38:00,246.0,244.8,245.5,815096.0,74.7,59.9,60.0,200.9,23528.0,341.0,74652.0,809565.0,200.2,0.993,23.86,201.6,0.0,273.0,272.9,273.5,0.979,271.4,0.748,271.0,0.921,272.0,0.005,13.61,2.0,3.0,0.0,26.12,219.5,333.8,335.4,0.0,6.181,7.277,809.0,826.0,0.2289999999999999,0.0,45.58,32.8,36.86,38.12,36.83,38.95,37.01,37.88,33.42,37.79,90.7,91.7,91.1,91.1,91.7,90.1,78.48,727.0,740.0,732.0,725.0,741.0,722.0,640.0,30.29,30.61,30.42,30.42,30.61,30.09,26.21,0.0,334.0,0.0,60.16,0.0,657.5,0.0,5.0,0.0,0.0,0.0,248.5,246.2,248.7,21.24,20.99,0.0,31.17,349.5,27.57,2.0,3.53,-1.0,2.673,5.3,4902
2014-09-07 09:39:00,245.5,244.3,245.0,815099.0,74.7,59.9,60.0,200.6,23528.0,341.0,74653.0,809568.0,199.9,0.993,23.85,201.3,0.0,273.2,273.0,273.5,0.979,271.4,0.748,271.0,0.921,272.0,0.008,13.61,2.0,3.0,0.0,26.18,219.1,332.2,333.4,0.0,6.178,7.275,809.0,827.0,0.2289999999999999,0.0,45.71,33.22,37.31,38.45,37.22,39.33,37.36,38.21,33.6,38.02,91.1,92.0,91.5,91.4,92.0,90.5,78.76,727.0,741.0,732.0,726.0,741.0,722.0,640.0,30.26,30.56,30.38,30.36,30.55,30.07,26.16,0.0,332.2,0.0,60.22,0.0,659.7,0.0,5.0,0.0,0.0,0.0,248.0,245.9,248.2,21.3,21.08,0.0,31.54,345.5,20.85,2.0,3.53,-1.0,2.918,4.8,4902
2014-09-07 09:40:00,247.0,245.9,246.6,815102.0,74.7,59.9,60.0,201.9,23528.0,341.0,74653.0,809572.0,201.3,0.993,24.02,202.7,0.0,273.2,273.1,273.6,0.979,271.8,0.748,271.1,0.921,272.0,0.009,13.61,2.0,3.0,0.0,26.24,220.6,331.2,332.7,0.0,6.222,7.331,816.0,833.0,0.2289999999999999,0.0,45.81,33.39,37.41,38.47,37.0,39.36,37.14,37.84,33.29,38.05,92.0,92.9,92.3,92.3,92.9,91.4,79.48999999999998,728.0,741.0,733.0,726.0,742.0,723.0,641.0,30.49,30.78,30.59,30.57,30.77,30.28,26.33,0.0,331.3,0.0,60.14,0.0,666.2,0.0,5.0,0.0,0.0,0.0,249.8,247.4,250.0,21.26,21.04,0.0,31.71,353.4,21.75,2.0,3.528,-1.0,3.157,5.1,4902
2014-09-07 09:41:00,249.9,248.8,249.5,815106.0,74.7,59.9,60.0,204.2,23528.0,341.0,74654.0,809575.0,203.7,0.993,24.41,205.2,0.0,273.2,273.1,273.5,0.979,271.4,0.748,271.0,0.921,272.0,0.009,13.61,2.0,3.0,0.0,26.31,224.0,331.4,332.0,0.0,6.306,7.432,828.0,845.0,0.23,0.0,45.94,33.35,37.65,38.93,37.47,39.76,37.5,38.17,34.04,38.37,93.5,94.5,93.8,93.7,94.4,92.9,80.7,728.0,742.0,733.0,727.0,742.0,723.0,641.0,30.87,31.19,30.97,30.95,31.17,30.67,26.66,0.0,330.2,0.0,60.17,0.0,676.1,0.0,5.0,0.0,0.0,0.0,252.9,250.3,253.2,21.15,20.92,0.0,31.76,340.6,22.99,2.0,3.528,-1.0,1.7719999999999998,3.2,4902
2014-09-07 09:42:00,254.2,253.0,253.8,815109.0,74.7,59.9,60.0,208.0,23528.0,341.0,74654.0,809579.0,207.5,0.993,24.98,209.0,0.0,273.5,273.3,273.8,0.979,272.0,0.748,271.9,0.921,272.8,0.005,13.57,2.0,3.0,0.0,26.37,227.5,329.2,330.2,0.0,6.431,7.5779999999999985,844.0,862.0,0.23,0.001,46.06,33.22,37.57,38.92,37.82,40.33,37.6,38.29,34.47,38.77,95.7,96.7,95.8,95.8,96.7,94.9,82.5,729.0,742.0,734.0,727.0,743.0,724.0,642.0,31.45,31.79,31.51,31.51,31.78,31.22,27.14,0.0,328.9,0.0,60.14,0.0,691.3,0.0,5.0,0.0,0.0,0.0,257.4,254.5,257.8,21.12,20.86,0.0,31.0,337.3,20.16,2.0,3.53,-1.0,3.97,7.3,4902
2014-09-07 09:43:00,260.4,259.3,260.1,815112.0,74.7,59.9,60.0,213.5,23528.0,341.0,74655.0,809582.0,213.3,0.993,25.87,214.8,0.0,273.7,273.7,274.2,0.979,272.0,0.748,272.0,0.921,273.0,-0.04,13.57,2.0,3.0,0.0,26.43,233.8,327.2,328.3,0.0,6.629,7.806,870.0,889.0,0.231,0.001,46.17,32.79,37.23,38.7,37.7,40.26,37.43,38.3,34.27,38.55,99.0,100.1,99.2,99.2,100.1,98.3,85.5,729.0,743.0,734.0,728.0,743.0,724.0,642.0,32.34,32.7,32.42,32.42,32.71,32.12,27.92,0.0,326.8,0.0,60.15,0.0,714.5,0.0,5.0,0.0,0.0,0.0,264.3,261.0,264.9,20.88,20.6,0.0,30.18,345.8,14.43,2.0,3.53,-1.0,3.83,7.1,4902
2014-09-07 09:44:00,244.4,243.3,244.2,815116.0,74.7,59.9,60.0,200.4,23528.0,341.0,74655.0,809585.0,199.2,0.993,23.65,200.6,0.0,274.2,273.8,274.4,0.979,272.6,0.748,272.4,0.921,273.4,-0.016,13.57,2.0,3.0,0.0,26.48,218.1,321.8,322.5,0.0,6.25,7.355,816.0,827.0,0.231,0.001,46.27,33.08,37.36,38.9,37.97,40.41,37.74,38.57,34.27,38.66,94.7,94.5,94.2,93.8,93.6,94.1,80.5,730.0,743.0,735.0,728.0,744.0,725.0,643.0,30.39,30.35,30.25,30.1,30.06,30.2,25.85,0.0,321.4,0.0,60.15,0.0,678.6,0.0,5.0,0.0,0.0,0.0,247.2,244.9,247.6,21.05,20.86,0.0,30.97,346.9,14.08,2.0,,-1.0,3.592,24.6,4902
2014-09-07 09:45:00,192.1,191.2,191.8,815118.0,74.7,59.9,60.0,156.7,23528.0,341.0,74655.0,809588.0,155.0,0.994,16.49,155.9,0.0,273.9,273.7,274.4,0.979,273.0,0.748,272.9,0.921,274.0,-0.005,13.57,2.0,3.0,0.0,26.54,169.9,328.6,329.2,0.0,4.747,5.582999999999999,622.1,630.1,0.2269999999999999,0.002,46.35,31.96,37.33,38.45,37.74,39.68,37.38,38.1,34.39,38.59,70.58,71.43,71.39,71.37,71.73,70.62,61.47,730.0,744.0,735.0,729.0,744.0,725.0,643.0,23.17,23.45,23.43,23.42,23.54,23.18,20.17,0.0,328.3,0.0,60.15,0.0,517.1,0.0,5.0,0.0,0.0,0.0,190.5,191.6,190.3,20.87,20.67,0.0,30.21,337.6,27.53,2.0,3.53,-1.0,2.892,5.0,4902
2014-09-07 09:46:00,212.0,211.0,211.6,815121.0,74.7,59.9,60.0,173.3,23528.0,341.0,74656.0,809591.0,171.6,0.994,19.16,172.7,0.0,273.9,273.8,274.5,0.979,272.9,0.748,272.6,0.921,273.6,0.0,13.58,2.0,3.0,0.0,26.59,188.9,335.4,335.8,0.0,5.303,6.2170000000000005,696.8,711.0,0.228,0.002,46.43,31.88,36.67,38.2,37.53,39.58,36.84,37.65,34.41,38.25,78.95999999999998,79.25,77.78,76.81,77.44,77.67,65.24,730.0,744.0,736.0,729.0,745.0,726.0,643.0,26.44,26.55,26.05,25.72,25.94,26.01,21.85,0.0,334.9,0.0,60.15,0.0,563.2,0.0,5.0,0.0,0.0,0.0,211.3,211.3,211.1,21.08,20.9,0.0,30.44,337.2,28.1,2.0,3.53,-1.0,2.247,4.4,4902
2014-09-07 09:47:00,214.5,213.4,214.0,815124.0,74.7,59.9,60.0,175.2,23528.0,341.0,74656.0,809594.0,173.6,0.994,19.46,174.7,0.0,273.7,273.6,274.2,0.979,272.0,0.748,272.0,0.921,273.0,0.003,13.58,2.0,3.0,0.0,26.63,191.7,338.8,339.9,0.0,5.308,6.219,696.0,708.8,0.228,0.002,46.48,32.4,36.48,38.37,37.64,39.47,37.14,37.96,34.8,38.48,75.84999999999998,78.0,77.93,78.95999999999998,80.2,76.01999999999998,68.95,731.0,744.0,736.0,729.0,745.0,726.0,644.0,25.64,26.37,26.34,26.69,27.1,25.69,23.3,0.0,338.1,0.0,60.15,0.0,565.8,0.0,5.0,0.0,0.0,0.0,214.0,213.9,213.9,21.07,20.8,0.0,30.68,20.77,20.65,2.0,3.53,-1.0,2.738,5.0,4902
2014-09-07 09:48:00,242.6,241.2,242.0,815127.0,74.7,59.9,60.0,198.5,23528.0,341.0,74656.0,809597.0,197.5,0.993,23.38,198.9,0.0,273.6,273.8,274.3,0.979,272.0,0.748,272.0,0.921,273.0,0.005,13.58,2.0,3.0,0.0,26.67,217.0,331.3,332.1,0.0,6.1160000000000005,7.156000000000001,803.0,817.0,0.2289999999999999,0.002,46.53,33.1,36.74,38.34,37.29,38.64,37.41,37.98,33.84,38.33,90.6,91.5,91.0,90.9,91.4,90.1,78.15,731.0,745.0,736.0,730.0,746.0,726.0,644.0,29.96,30.28,30.09,30.06,30.25,29.81,25.85,0.0,330.8,0.0,60.14,0.0,655.1,0.0,5.0,0.0,0.0,0.0,244.4,242.3,244.5,21.29,21.06,0.0,31.44,13.75,27.5,2.0,3.53,-1.0,2.858,5.4,4902
2014-09-07 09:49:00,260.5,259.7,260.5,815131.0,74.7,59.9,60.0,213.9,23528.0,341.0,74657.0,809601.0,213.4,0.993,25.93,215.0,0.0,274.0,273.9,274.3,0.979,272.0,0.748,272.0,0.921,273.0,0.0459999999999999,13.57,2.0,3.0,0.0,26.71,233.7,324.2,325.1,0.0,6.689,7.827,875.0,896.0,0.23,0.001,46.53,34.16,37.17,38.79,37.41,38.51,37.84,38.36,34.0,38.52,100.5,101.3,100.5,100.2,100.8,99.9,85.9,732.0,746.0,737.0,731.0,746.0,727.0,645.0,32.53,32.8,32.54,32.44,32.64,32.35,27.8,0.0,323.9,0.0,60.14,0.0,721.1,0.0,5.0,0.0,0.0,0.0,264.4,261.1,265.0,21.46,21.24,0.0,32.28,15.19,15.93,2.0,3.53,-1.0,3.608,5.2,4902
2014-09-07 09:50:00,265.8,264.6,265.7,815134.0,74.7,59.9,60.0,218.2,23528.0,341.0,74657.0,809604.0,217.8,0.993,26.66,219.4,0.0,274.0,273.9,274.3,0.979,272.0,0.748,272.0,0.921,273.0,-0.0149999999999999,13.57,2.0,3.0,0.0,26.74,237.9,317.8,318.2,0.0,6.872000000000001,8.04,898.0,913.0,0.231,0.001,46.53,35.16,37.77,39.21,37.79,38.55,38.58,38.8,34.29,39.01,102.6,104.2,104.6,105.3,105.9,103.1,91.3,732.0,746.0,738.0,731.0,747.0,728.0,645.0,32.58,33.09,33.2,33.44,33.63,32.74,28.98,0.0,317.6,0.0,60.13,0.0,748.7999999999998,0.0,5.0,0.0,0.0,0.0,269.9,266.2,270.7,21.59,21.34,0.0,33.13,11.64,25.45,2.0,3.53,-1.0,2.932,4.5,4902
2014-09-07 09:51:00,252.6,251.3,252.2,815138.0,74.7,59.9,60.0,207.0,23528.0,341.0,74658.0,809608.0,206.7,0.993,24.89,208.2,0.0,273.7,273.9,274.4,0.979,272.0,0.748,272.0,0.921,273.0,-0.001,13.58,2.0,3.0,0.0,26.78,225.6,319.7,318.3,0.0,6.505,7.61,846.0,862.0,0.231,0.001,46.63,35.04,37.86,39.59,38.13,38.72,38.96,39.14,34.17,39.31,97.6,98.0,97.9,98.3,98.3,97.2,85.2,733.0,747.0,738.0,732.0,747.0,728.0,645.0,31.25,31.38,31.35,31.47,31.49,31.09,27.27,0.0,320.1,0.0,60.15,0.0,705.6,0.0,5.0,0.0,0.0,0.0,256.2,253.1,256.6,21.34,21.09,0.0,32.9,341.7,19.43,2.0,3.53,-1.0,3.885,5.1,4902
2014-09-07 09:52:00,259.9,258.7,259.7,815141.0,74.7,59.9,60.0,213.1,23528.0,341.0,74658.0,809611.0,212.6,0.993,25.81,214.2,0.0,274.0,273.7,274.2,0.979,272.0,0.748,272.0,0.921,273.0,0.004,13.58,2.0,3.0,0.0,26.83,233.2,321.3,321.9,0.0,6.709,7.837999999999998,878.0,899.0,0.231,0.001,46.66,35.06,37.93,39.62,38.14,39.25,38.76,38.96,34.13,39.27,101.1,102.1,101.1,101.1,102.1,100.4,87.0,734.0,747.0,739.0,732.0,748.0,729.0,646.0,32.34,32.65,32.35,32.34,32.65,32.11,27.83,0.0,320.0,0.0,60.23,0.0,726.1,0.0,5.0,0.0,0.0,0.0,263.5,260.2,264.1,21.26,21.0,0.0,32.73,339.9,12.96,2.0,3.53,-1.0,3.322,4.8,4902
2014-09-07 09:53:00,250.9,249.8,250.9,815144.0,74.7,59.9,60.0,205.6,23528.0,341.0,74658.0,809615.0,205.6,0.993,24.75,207.1,0.0,273.8,273.5,274.1,0.979,272.0,0.748,272.0,0.921,273.0,0.006,13.58,2.0,3.0,0.0,26.87,223.2,312.5,314.8,0.0,6.587000000000001,7.708999999999999,854.0,863.0,0.231,0.001,46.73,35.2,38.19,39.76,38.39,39.98,38.87,39.17,34.64,39.59,99.2,99.3,99.6,99.2,98.5,99.3,85.29999999999998,734.0,748.0,739.0,733.0,748.0,729.0,646.0,31.01,31.06,31.14,31.02,30.82,31.06,26.67,0.0,312.6,0.0,60.19,0.0,713.8,0.0,5.0,0.0,0.0,0.0,254.6,251.8,255.4,21.09,20.78,0.0,32.35,342.5,18.23,2.0,3.53,-1.0,3.463,5.4,4902
2014-09-07 09:54:00,169.9,169.5,170.1,815147.0,74.7,59.9,60.0,138.0,23528.0,341.0,74659.0,809617.0,136.1,0.995,13.48,136.8,0.0,272.6,272.9,273.6,0.979,272.0,0.748,272.0,0.921,273.0,0.0069999999999999,13.58,2.0,3.0,0.0,26.92,148.6,313.4,314.6,0.0,4.295,5.021,561.6,582.4,0.226,0.001,46.78,34.96,37.75,38.85,37.42,39.2,37.65,38.2,33.7,38.72,66.81,66.95,65.32,64.94,66.11,65.22,55.84,734.0,748.0,739.0,733.0,749.0,729.0,647.0,20.93,20.98,20.46,20.34,20.72,20.43,17.49,0.0,313.3,0.0,60.17,0.0,474.1,0.0,5.0,0.0,0.0,0.0,167.2,169.1,167.3,21.31,21.08,0.0,32.9,353.9,15.75,2.0,3.53,-1.0,2.86,4.5,4902
2014-09-07 09:55:00,213.7,212.7,213.5,815150.0,74.7,59.9,60.0,174.3,23528.0,341.0,74659.0,809620.0,172.9,0.994,19.46,174.0,0.0,273.0,273.1,273.8,0.979,272.0,0.748,272.0,0.921,273.0,0.054,13.58,2.0,3.0,0.0,26.97,188.7,320.3,320.0,0.0,5.429,6.36,710.3,715.9,0.228,0.001,46.83,34.74,37.51,38.5,37.06,38.61,37.29,38.02,33.62,38.09,80.5,81.79999999999998,82.4,82.4,82.4,81.29999999999998,70.67,735.0,748.0,740.0,733.0,749.0,730.0,647.0,25.75,26.17,26.32,26.33,26.34,25.96,22.57,0.0,319.8,0.0,60.15,0.0,589.4,0.0,5.0,0.0,0.0,0.0,213.8,213.3,213.8,21.5,21.3,0.0,32.48,3.92,18.47,2.0,3.53,-1.0,3.092,5.2,4902
2014-09-07 09:56:00,177.6,177.0,177.6,815152.0,74.7,59.9,60.0,144.2,23528.0,341.0,74659.0,809622.0,142.5,0.995,14.53,143.3,0.0,272.5,272.6,273.4,0.979,272.0,0.748,271.7,0.921,273.0,-0.0149999999999999,13.58,2.0,3.0,0.0,27.01,156.1,320.9,321.8,0.0,4.441,5.212000000000001,580.4,597.8,0.2269999999999999,0.001,46.88,33.58,37.35,38.22,36.88,38.28,37.1,37.76,33.18,37.56,67.7,68.08,67.06,66.56,67.1,66.83,56.99,735.0,749.0,740.0,734.0,749.0,730.0,647.0,21.71,21.84,21.5,21.34,21.52,21.42,18.27,0.0,320.5,0.0,60.14,0.0,486.1,0.0,5.0,0.0,0.0,0.0,175.5,176.9,175.6,21.22,20.94,0.0,31.33,335.8,16.65,2.0,3.53,-1.0,3.61,6.3,4902
2014-09-07 09:57:00,180.3,179.6,180.2,815154.0,74.7,59.9,60.0,146.4,23528.0,341.0,74659.0,809625.0,144.5,0.995,14.86,145.3,0.0,272.7,272.8,273.5,0.979,272.0,0.748,271.9,0.921,272.9,-0.001,13.58,2.0,3.0,0.0,27.05,157.9,320.3,321.0,0.0,4.462,5.247999999999999,585.0,588.2,0.226,0.001,46.91,32.21,36.45,37.3,36.02,37.81,35.81,36.66,32.22,36.57,67.04,67.84,68.18,68.38,68.64,67.2,59.19,736.0,749.0,741.0,734.0,750.0,731.0,648.0,21.49,21.74,21.85,21.91,22.0,21.54,18.97,0.0,320.5,0.0,60.14,0.0,492.9,0.0,5.0,0.0,0.0,0.0,177.9,179.5,177.9,21.1,20.85,0.0,30.25,323.1,19.15,2.0,3.53,-1.0,2.605,4.3,4902
2014-09-07 09:58:00,195.4,194.3,195.0,815157.0,74.7,59.9,60.0,158.9,23528.0,341.0,74660.0,809627.0,157.2,0.994,16.91,158.1,0.0,273.0,272.9,273.6,0.979,272.0,0.748,272.0,0.921,273.0,0.004,13.58,2.0,3.0,0.0,27.07,172.0,324.1,326.0,0.0,4.813,5.663,632.5,650.7,0.2269999999999999,0.001,46.93,31.84,36.01,36.93,35.81,37.34,35.56,36.43,32.41,36.51,72.95999999999998,73.97,73.23999999999998,73.40999999999998,74.34999999999998,72.34,63.5,736.0,750.0,741.0,735.0,750.0,731.0,648.0,23.67,24.0,23.75,23.81,24.12,23.46,20.59,0.0,324.3,0.0,60.18,0.0,530.6,0.0,5.0,0.0,0.0,0.0,193.8,194.7,193.7,21.15,20.97,0.0,30.61,17.81,25.15,2.0,3.53,-1.0,2.68,4.3,4902
2014-09-07 09:59:00,224.2,222.8,223.6,815160.0,74.7,59.9,60.0,182.9,23528.0,341.0,74660.0,809630.0,181.2,0.994,20.83,182.4,0.0,273.3,273.1,273.9,0.979,272.0,0.748,272.0,0.921,273.0,0.006,13.57,2.0,3.0,0.0,27.09,198.7,325.1,326.4,0.0,5.582000000000001,6.558,735.7999999999998,751.1,0.228,0.001,46.93,32.17,36.2,37.02,35.88,37.25,35.61,36.48,32.75,36.54,83.7,85.4,85.0,85.29999999999998,86.4,83.5,73.72,736.0,750.0,742.0,735.0,751.0,731.0,648.0,27.2,27.73,27.6,27.71,28.07,27.13,23.95,0.0,325.0,0.0,60.13,0.0,611.4,0.0,5.0,0.0,0.0,0.0,224.2,223.2,224.1,21.38,21.21,0.0,31.01,326.5,30.85,2.0,3.53,-1.0,2.768,4.3,4902
2014-09-07 10:00:00,261.0,260.2,260.9,815163.0,74.7,59.9,60.0,213.9,23528.0,341.0,74660.0,809634.0,213.3,0.993,25.91,214.9,0.0,273.6,273.2,273.9,0.979,272.0,0.748,271.2,0.921,272.5,0.0069999999999999,13.58,2.0,3.0,0.0,27.12,235.0,328.4,328.1,0.0,6.646,7.801,871.0,893.0,0.231,0.001,46.93,32.94,36.65,37.51,36.19,38.11,36.15,36.94,33.17,37.18,99.3,100.2,99.3,99.0,99.7,98.5,85.0,737.0,751.0,742.0,736.0,751.0,732.0,649.0,32.55,32.84,32.56,32.45,32.68,32.29,27.85,0.0,327.8,0.0,60.14,0.0,715.5,0.0,5.0,0.0,0.0,0.0,264.8,261.4,265.4,21.44,21.23,0.0,31.53,20.23,15.87,2.0,3.53,-1.0,3.18,5.7,4902
2014-09-07 10:01:00,264.2,263.8,264.2,815167.0,74.7,59.9,60.0,216.8,23528.0,341.0,74661.0,809637.0,216.6,0.993,26.39,218.2,0.0,273.6,273.4,274.0,0.979,272.0,0.748,271.4,0.921,272.9,0.033,13.57,2.0,3.0,0.0,27.12,238.4,332.2,334.1,0.0,6.773,7.947,884.0,898.0,0.231,0.0,47.02,33.69,37.83,38.38,36.84,38.46,37.01,37.68,33.33,37.83,98.8,99.4,99.3,99.2,99.3,98.3,85.5,737.0,751.0,743.0,736.0,752.0,733.0,649.0,32.84,33.02,33.0,32.97,33.01,32.68,28.41,0.0,332.5,0.0,60.14,0.0,717.8,0.0,5.0,0.0,0.0,0.0,268.7,265.5,269.4,21.69,21.5,0.0,32.33,333.7,17.92,2.0,3.53,-1.0,2.755,4.2,4902
2014-09-07 10:02:00,256.6,255.6,256.2,815170.0,74.7,59.9,60.0,210.1,23528.0,341.0,74661.0,809641.0,209.6,0.993,25.27,211.1,0.0,273.5,273.1,273.8,0.979,272.0,0.748,271.1,0.921,272.6,-0.005,13.58,2.0,3.0,0.0,27.16,231.2,335.9,337.6,0.0,6.573,7.699,858.0,874.0,0.231,0.0,47.07,33.75,37.95,38.89,37.51,39.45,37.29,38.01,34.24,38.77,94.8,95.9,95.3,95.2,95.8,94.2,82.0,738.0,752.0,743.0,737.0,752.0,733.0,650.0,31.77,32.13,31.93,31.89,32.1,31.55,27.47,0.0,335.2,0.0,60.14,0.0,688.6,0.0,5.0,0.0,0.0,0.0,259.9,257.2,260.4,21.4,21.15,0.0,32.38,315.9,24.33,2.0,3.53,-1.0,3.082,7.0,4902
2014-09-07 10:03:00,257.3,256.5,257.1,815174.0,74.7,59.9,60.0,210.8,23528.0,341.0,74662.0,809644.0,210.6,0.993,25.39,212.1,0.0,273.5,273.3,274.0,0.979,272.0,0.748,271.6,0.921,273.0,0.004,13.57,2.0,3.0,0.0,27.19,232.0,332.4,334.1,0.0,6.606,7.732,861.0,876.0,0.231,0.0,47.08,33.07,37.77,38.93,37.52,39.83,37.07,38.11,34.32,39.17,96.1,97.1,96.6,96.5,97.0,95.5,83.09999999999998,739.0,752.0,744.0,737.0,753.0,734.0,650.0,31.89,32.25,32.06,32.03,32.21,31.7,27.6,0.0,332.0,0.0,60.16,0.0,698.0,0.0,5.0,0.0,0.0,0.0,261.2,258.2,261.6,21.13,20.94,0.0,31.73,327.0,17.21,2.0,3.531,-1.0,2.505,5.4,4902
2014-09-07 10:04:00,255.6,254.7,255.3,815177.0,74.7,59.9,60.0,209.4,23528.0,341.0,74662.0,809648.0,209.0,0.993,25.17,210.5,0.0,273.6,273.4,274.0,0.979,272.0,0.748,271.9,0.921,273.0,0.0069999999999999,13.58,2.0,3.0,0.0,27.22,230.4,332.0,330.9,0.0,6.568,7.684,856.0,870.0,0.231,0.0,47.11,33.5,37.79,39.36,38.18,40.56,37.44,38.67,35.17,39.62,95.6,96.7,96.0,95.9,96.6,95.0,82.7,739.0,753.0,744.0,738.0,753.0,734.0,651.0,31.65,32.01,31.78,31.76,31.98,31.45,27.37,0.0,331.1,0.0,60.14,0.0,694.0,0.0,5.0,0.0,0.0,0.0,259.2,256.3,259.6,21.33,21.19,0.0,32.53,350.3,10.89,2.0,3.53,-1.0,2.52,3.5,4902
2014-09-07 10:05:00,254.5,253.5,254.1,815181.0,74.7,59.9,60.0,208.4,23528.0,341.0,74663.0,809651.0,208.1,0.993,25.0,209.6,0.0,273.7,273.4,274.0,0.979,272.0,0.748,272.0,0.921,273.0,0.008,13.58,2.0,3.0,0.0,27.26,228.9,330.4,328.4,0.0,6.55,7.659,853.0,868.0,0.231,0.0,47.17,34.63,38.36,39.98,38.8,40.58,38.42,39.38,35.32,39.81,95.4,96.3,95.8,95.7,96.3,94.7,82.4,740.0,753.0,745.0,738.0,754.0,735.0,651.0,31.51,31.83,31.65,31.62,31.82,31.31,27.25,0.0,330.5,0.0,60.13,0.0,692.9,0.0,5.0,0.0,0.0,0.0,258.1,255.1,258.3,21.66,21.43,0.0,33.23,344.6,14.7,2.0,3.53,-1.0,3.242,4.9,4902
2014-09-07 10:06:00,253.6,252.6,253.3,815184.0,74.7,59.9,60.0,207.7,23528.0,341.0,74663.0,809655.0,207.3,0.993,24.89,208.8,0.0,273.3,273.4,274.1,0.979,272.0,0.748,271.9,0.921,273.0,0.008,13.57,2.0,3.0,0.0,27.3,228.1,330.0,327.8,0.0,6.533,7.638,851.0,865.0,0.231,0.0,47.2,35.26,38.59,40.38,38.88,41.04,38.56,39.55,35.16,40.06,95.1,96.1,95.6,95.5,96.1,94.5,82.29999999999998,740.0,754.0,745.0,739.0,754.0,735.0,652.0,31.38,31.7,31.52,31.51,31.69,31.18,27.15,0.0,329.8,0.0,60.14,0.0,691.4,0.0,5.0,0.0,0.0,0.0,257.1,254.2,257.4,21.53,21.24,0.0,33.43,338.7,35.24,2.0,3.53,-1.0,2.287,3.5,4902
2014-09-07 10:07:00,252.9,252.0,252.7,815187.0,74.7,59.9,60.0,207.1,23528.0,341.0,74663.0,809658.0,206.7,0.993,24.8,208.2,0.0,273.4,273.4,274.0,0.979,272.0,0.748,272.0,0.921,272.9,0.027,13.57,2.0,3.0,0.0,27.35,227.8,329.9,330.9,0.0,6.522,7.627999999999998,850.0,864.0,0.23,0.0,47.25,35.16,38.8,40.55,39.11,41.64,38.56,39.78,35.33,40.48,95.0,96.1,95.5,95.4,96.1,94.4,82.2,741.0,754.0,746.0,739.0,755.0,736.0,652.0,31.29,31.66,31.44,31.41,31.64,31.09,27.07,0.0,329.4,0.0,60.15,0.0,690.6,0.0,5.0,0.0,0.0,0.0,256.4,253.5,256.7,21.41,21.18,0.0,33.27,334.5,26.91,2.0,3.53,-1.0,2.638,4.1,4902
2014-09-07 10:08:00,252.9,252.0,252.6,815191.0,74.7,59.9,60.0,207.0,23528.0,341.0,74664.0,809662.0,206.6,0.993,24.81,208.1,0.0,273.4,273.2,273.8,0.979,271.9,0.748,271.5,0.921,272.7,0.0,13.58,2.0,3.0,0.0,27.4,227.5,328.5,329.7,0.0,6.531000000000001,7.6389999999999985,851.0,866.0,0.231,0.0,47.3,34.88,39.05,40.81,39.37,42.17,38.89,40.01,35.79,40.78,95.2,96.4,95.6,95.5,96.4,94.5,82.29999999999998,741.0,755.0,746.0,740.0,755.0,736.0,653.0,31.27,31.68,31.41,31.39,31.67,31.05,27.05,0.0,328.6,0.0,60.15,0.0,692.5,0.0,5.0,0.0,0.0,0.0,256.3,253.5,256.7,21.35,21.1,0.0,32.84,334.2,14.73,2.0,3.53,-1.0,1.9,2.9,4902
2014-09-07 10:09:00,252.8,251.8,252.5,815194.0,74.7,59.9,60.0,207.0,23528.0,341.0,74664.0,809665.0,206.5,0.993,24.8,208.0,0.0,273.3,273.4,273.9,0.979,272.0,0.748,272.0,0.921,273.0,0.006,13.58,2.0,3.0,0.0,27.45,227.6,328.3,329.1,0.0,6.541,7.647,853.0,867.0,0.231,0.0,47.33,35.02,39.45,41.48,40.27,42.49,39.77,40.79,36.68,41.25,95.3,96.5,95.7,95.6,96.5,94.6,82.4,742.0,755.0,747.0,740.0,756.0,737.0,653.0,31.28,31.67,31.4,31.38,31.68,31.03,27.04,0.0,328.2,0.0,60.14,0.0,693.2,0.0,5.0,0.0,0.0,0.0,256.1,253.4,256.5,21.41,21.23,0.0,33.21,356.9,23.96,2.0,3.53,-1.0,2.56,4.4,4902
2014-09-07 10:10:00,252.9,252.1,252.6,815198.0,74.7,59.9,60.0,207.2,23528.0,341.0,74665.0,809669.0,206.8,0.993,24.82,208.3,0.0,273.7,273.3,273.9,0.979,272.0,0.748,271.9,0.921,272.9,0.008,13.58,2.0,3.0,0.0,27.5,227.7,327.5,327.6,0.0,6.553,7.661,854.0,868.0,0.231,0.0,47.4,34.49,39.3,41.56,40.13,42.35,39.93,40.66,36.79,41.41,95.6,96.8,96.0,95.9,96.7,94.9,82.59999999999998,742.0,756.0,747.0,741.0,756.0,737.0,653.0,31.31,31.73,31.44,31.42,31.67,31.08,27.07,0.0,327.6,0.0,60.14,0.0,695.4,0.0,5.0,0.0,0.0,0.0,256.4,253.6,256.7,21.46,21.29,0.0,32.94,340.3,18.64,2.0,3.53,-1.0,1.858,3.2,4902
2014-09-07 10:11:00,253.6,252.8,253.3,815201.0,74.7,59.9,60.0,207.8,23528.0,341.0,74665.0,809672.0,207.1,0.993,24.86,208.6,0.0,273.6,273.3,273.9,0.979,272.0,0.748,271.9,0.921,273.0,0.008,13.58,2.0,3.0,0.0,27.55,228.1,327.5,327.1,0.0,6.561,7.672,856.0,869.0,0.231,0.0,47.45,33.32,38.88,41.2,40.14,42.54,39.44,40.55,36.74,41.75,95.7,97.1,96.1,96.0,97.0,95.0,82.79999999999998,743.0,756.0,748.0,741.0,757.0,738.0,654.0,31.37,31.81,31.49,31.47,31.79,31.14,27.12,0.0,327.7,0.0,60.13,0.0,696.5,0.0,5.0,0.0,0.0,0.0,256.9,254.0,257.2,21.13,20.95,0.0,31.85,353.0,25.48,2.0,3.53,-1.0,2.502,4.3,4902
2014-09-07 10:12:00,253.6,252.8,253.4,815204.0,74.7,59.9,60.0,207.9,23528.0,341.0,74665.0,809676.0,207.4,0.993,24.91,208.9,0.0,273.6,273.4,274.1,0.979,272.0,0.748,272.0,0.921,273.0,0.042,13.58,2.0,1.0,0.0,27.6,228.6,327.5,329.3,0.0,6.574,7.687999999999999,857.0,871.0,0.231,0.0,47.53,33.61,38.9,41.49,40.43,42.9,39.56,40.69,37.2,41.84,95.8,97.3,96.2,96.2,97.2,95.2,82.9,743.0,757.0,748.0,742.0,758.0,738.0,654.0,31.35,31.84,31.49,31.49,31.81,31.14,27.13,0.0,327.2,0.0,60.22,0.0,698.1,0.0,5.0,0.0,0.0,0.0,257.1,254.3,257.4,21.25,21.03,0.0,32.32,311.8,23.07,2.0,3.531,-1.0,3.083,5.7,4902
2014-09-07 10:13:00,254.0,253.0,253.7,815208.0,74.7,59.9,60.0,208.1,23528.0,341.0,74666.0,809679.0,207.7,0.993,24.94,209.2,0.0,273.5,273.7,274.3,0.979,272.0,0.748,272.0,0.921,273.0,-0.01,13.58,2.0,3.0,0.0,27.64,228.5,326.9,325.9,0.0,6.581,7.697999999999999,859.0,872.0,0.231,0.0,47.61,34.62,39.26,41.39,40.66,43.26,39.43,40.72,37.18,41.84,96.1,97.4,96.4,96.4,97.4,95.4,83.09999999999998,744.0,758.0,749.0,742.0,758.0,739.0,655.0,31.43,31.86,31.54,31.53,31.85,31.2,27.17,0.0,327.1,0.0,60.13,0.0,699.2,0.0,5.0,0.0,0.0,0.0,257.5,254.6,257.8,21.5,21.32,0.0,33.28,337.4,20.56,2.0,3.53,-1.0,1.978,4.7,4902
2014-09-07 10:14:00,254.3,253.2,253.8,815211.0,74.7,59.9,60.0,208.4,23528.0,341.0,74666.0,809682.0,208.0,0.993,24.95,209.5,0.0,273.9,273.8,274.3,0.979,272.0,0.748,272.0,0.921,273.0,0.004,13.58,2.0,3.0,0.0,27.68,229.2,327.3,327.2,0.0,6.601,7.723,862.0,875.0,0.231,0.0,47.69,35.21,39.85,41.74,40.81,43.47,39.81,41.12,37.24,42.02,96.3,97.5,96.6,96.6,97.4,95.6,83.2,744.0,758.0,749.0,743.0,759.0,739.0,655.0,31.49,31.9,31.61,31.59,31.86,31.28,27.22,0.0,327.1,0.0,60.13,0.0,700.4,0.0,5.0,0.0,0.0,0.0,257.6,254.7,257.9,21.6,21.43,0.0,34.19,322.1,22.47,2.0,3.528,-1.0,2.218,3.2,4902
2014-09-07 10:15:00,254.7,253.8,254.4,815215.0,74.7,59.9,60.0,208.7,23528.0,341.0,74667.0,809686.0,208.3,0.993,25.02,209.8,0.0,273.5,273.6,274.2,0.979,272.0,0.748,272.0,0.921,273.0,0.0069999999999999,13.58,2.0,3.0,0.0,27.73,229.7,326.7,328.1,0.0,6.622000000000001,7.746,864.0,878.0,0.231,0.0,47.74,34.47,39.84,42.01,41.15,43.87,39.97,41.21,37.41,42.55,96.7,98.1,97.0,96.9,97.9,96.0,83.5,745.0,759.0,750.0,743.0,759.0,740.0,656.0,31.55,31.99,31.64,31.62,31.93,31.32,27.24,0.0,326.2,0.0,60.14,0.0,702.9,0.0,5.0,0.0,0.0,0.0,258.1,255.2,258.4,21.38,21.15,0.0,33.37,309.4,16.57,2.0,3.53,-1.0,3.042,5.3,4902
2014-09-07 10:16:00,255.8,254.7,255.4,815218.0,74.7,59.9,60.0,209.6,23528.0,341.0,74667.0,809689.0,209.2,0.993,25.17,210.7,0.0,273.9,273.6,274.2,0.979,272.0,0.748,272.0,0.921,273.0,0.008,13.58,2.0,3.0,0.0,27.77,230.5,326.0,326.5,0.0,6.647,7.776,868.0,882.0,0.231,0.0,47.79,33.63,39.2,41.54,40.92,43.95,39.54,40.94,37.22,42.0,97.3,98.7,97.5,97.4,98.5,96.5,83.9,745.0,759.0,751.0,744.0,760.0,740.0,656.0,31.72,32.16,31.77,31.74,32.09,31.44,27.34,0.0,325.9,0.0,60.14,0.0,707.2,0.0,5.0,0.0,0.0,0.0,259.2,256.2,259.6,21.08,20.88,0.0,32.41,328.9,15.41,2.0,3.53,-1.0,3.33,6.1,4902
2014-09-07 10:17:00,256.3,255.5,256.1,815221.0,74.7,59.9,60.0,210.2,23528.0,341.0,74668.0,809693.0,209.9,0.993,25.26,211.4,0.0,273.8,273.5,274.1,0.979,272.0,0.748,272.0,0.921,273.0,0.009,13.58,2.0,3.0,0.0,27.81,231.2,326.3,327.5,0.0,6.674,7.807,871.0,884.0,0.231,0.0,47.79,33.16,39.52,41.43,41.04,44.25,39.58,41.26,37.58,41.85,97.5,98.8,97.6,97.6,98.6,96.7,84.09999999999998,746.0,760.0,751.0,745.0,760.0,741.0,657.0,31.83,32.26,31.88,31.86,32.19,31.57,27.45,0.0,326.6,0.0,60.14,0.0,708.6,0.0,5.0,0.0,0.0,0.0,260.1,257.1,260.5,21.08,20.94,0.0,32.26,352.4,14.05,2.0,3.53,-1.0,2.667,4.6,4902
2014-09-07 10:18:00,256.8,255.8,256.5,815225.0,74.7,59.9,60.0,210.5,23528.0,341.0,74668.0,809696.0,210.2,0.993,25.32,211.7,0.0,273.8,273.7,274.2,0.979,272.0,0.748,272.0,0.921,273.0,0.0299999999999999,13.57,2.0,3.0,0.0,27.85,231.8,326.1,323.7,0.0,6.691,7.826,873.0,887.0,0.231,0.0,47.86,33.55,39.95,41.99,41.14,44.28,39.97,41.37,37.79,42.29,97.7,99.0,97.9,97.9,98.8,97.0,84.29999999999998,746.0,760.0,752.0,745.0,761.0,741.0,657.0,31.86,32.28,31.92,31.91,32.22,31.62,27.49,0.0,326.0,0.0,60.13,0.0,711.1,0.0,5.0,0.0,0.0,0.0,260.6,257.5,261.0,21.3,21.15,0.0,32.81,318.4,13.81,2.0,3.531,-1.0,2.4,4.0,4902
2014-09-07 10:19:00,257.6,256.7,257.4,815228.0,74.7,59.9,60.0,211.3,23528.0,341.0,74668.0,809700.0,210.9,0.993,25.41,212.4,0.0,273.8,273.6,274.1,0.979,272.0,0.748,272.0,0.921,273.0,-0.001,13.58,2.0,3.0,0.0,27.88,232.5,325.3,325.9,0.0,6.727,7.865,878.0,892.0,0.231,0.0,47.91,34.78,40.12,42.18,41.02,44.59,39.96,41.32,37.54,42.54,98.4,99.7,98.5,98.4,99.5,97.5,84.79999999999998,747.0,761.0,752.0,746.0,761.0,742.0,658.0,32.0,32.42,32.04,32.03,32.36,31.73,27.58,0.0,325.4,0.0,60.2,0.0,714.8,0.0,5.0,0.0,0.0,0.0,261.4,258.3,261.8,21.29,21.02,0.0,33.81,0.1409999999999999,50.3,2.0,3.53,-1.0,2.0380000000000003,3.5,4902
2014-09-07 10:20:00,259.1,258.4,259.0,815232.0,74.7,59.9,60.0,212.5,23528.0,341.0,74669.0,809703.0,212.3,0.993,25.66,213.8,0.0,273.7,273.5,274.1,0.979,272.0,0.748,272.0,0.921,273.0,0.006,13.58,2.0,3.0,0.0,27.92,234.2,324.9,325.2,0.0,6.7860000000000005,7.9289999999999985,885.0,899.0,0.231,0.0,47.97,35.73,40.64,42.51,41.31,43.94,40.6,41.81,37.59,42.8,99.2,100.3,99.4,99.3,100.2,98.5,85.5,747.0,761.0,753.0,746.0,762.0,742.0,658.0,32.2,32.56,32.25,32.23,32.53,31.95,27.76,0.0,324.5,0.0,60.23,0.0,720.9,0.0,5.0,0.0,0.0,0.0,263.2,260.1,263.7,21.69,21.52,0.0,34.54,346.5,18.31,2.0,3.53,-1.0,2.152,3.4,4902
2014-09-07 10:21:00,260.6,259.7,260.4,815235.0,74.7,59.9,60.0,213.5,23528.0,341.0,74669.0,809707.0,213.3,0.993,25.81,214.9,0.0,273.3,273.3,273.9,0.979,271.8,0.748,271.7,0.921,272.5,0.008,13.58,2.0,3.0,0.0,27.97,234.2,323.1,326.2,0.0,6.834,7.978,891.0,904.0,0.231,0.0,48.07,35.93,40.81,42.87,41.43,44.01,40.87,41.72,38.05,43.4,99.8,100.9,100.0,99.9,100.8,99.1,86.09999999999998,748.0,762.0,753.0,747.0,762.0,743.0,658.0,32.36,32.73,32.42,32.4,32.69,32.13,27.92,0.0,324.3,0.0,60.17,0.0,725.1,0.0,5.0,0.0,0.0,0.0,264.7,261.5,265.3,21.8,21.59,0.0,34.41,346.6,42.53,2.0,3.53,-1.0,1.45,3.6,4902
2014-09-07 10:22:00,261.8,261.0,261.7,815239.0,74.7,59.9,60.0,214.4,23528.0,341.0,74670.0,809711.0,214.2,0.993,25.94,215.8,0.0,273.3,273.1,273.7,0.979,271.5,0.748,271.1,0.921,272.0,0.009,13.58,2.0,3.0,0.0,28.01,236.1,324.0,325.1,0.0,6.882000000000001,8.029999999999998,896.0,910.0,0.2319999999999999,0.0,48.14,36.01,41.2,43.16,41.64,44.41,41.0,42.07,38.07,43.57,100.4,101.5,100.5,100.4,101.3,99.5,86.5,749.0,762.0,754.0,747.0,763.0,744.0,659.0,32.53,32.91,32.58,32.54,32.86,32.27,28.04,0.0,324.2,0.0,60.12,0.0,728.9,0.0,5.0,0.0,0.0,0.0,266.0,262.7,266.6,21.68,21.46,0.0,34.33,328.6,16.85,2.0,3.53,-1.0,2.523,3.4,4902
2014-09-07 10:23:00,260.1,259.4,260.0,815242.0,74.7,59.9,60.0,213.1,23528.0,341.0,74670.0,809714.0,212.8,0.993,25.75,214.4,0.0,273.5,273.2,273.8,0.979,271.9,0.748,271.2,0.921,272.3,0.034,13.57,2.0,1.0,0.0,28.06,234.9,324.9,325.3,0.0,6.854,7.987999999999999,892.0,906.0,0.231,0.0,48.18,35.51,41.58,43.39,42.3,44.96,41.23,42.43,38.77,43.79,99.7,100.7,99.6,99.4,100.5,98.7,85.59999999999998,749.0,763.0,754.0,748.0,763.0,744.0,659.0,32.35,32.71,32.34,32.28,32.62,32.04,27.8,0.0,324.7,0.0,60.14,0.0,723.0,0.0,5.0,0.0,0.0,0.0,264.1,261.0,264.7,21.61,21.43,0.0,34.4,333.8,18.13,2.0,3.53,-1.0,1.703,2.7,4902
2014-09-07 10:24:00,262.2,261.6,262.1,815246.0,74.7,59.9,60.0,214.9,23528.0,341.0,74671.0,809718.0,214.7,0.993,26.03,216.3,0.0,273.2,273.3,273.9,0.979,271.9,0.748,271.4,0.921,272.4,-0.001,13.57,2.0,3.0,0.0,28.11,237.0,323.4,324.1,0.0,6.932,8.08,903.0,917.0,0.2319999999999999,0.0,48.22,36.1,42.38,43.87,42.96,45.47,41.76,42.97,39.78,44.23,100.9,102.1,101.0,100.9,102.0,100.1,87.0,750.0,763.0,755.0,748.0,764.0,745.0,660.0,32.6,32.99,32.65,32.61,32.98,32.34,28.11,0.0,323.2,0.0,60.14,0.0,732.7999999999998,0.0,5.0,0.0,0.0,0.0,266.5,263.2,267.1,22.15,22.02,0.0,34.79,349.0,20.61,2.0,3.53,-1.0,2.617,4.2,4902
2014-09-07 10:25:00,263.5,262.9,263.4,815249.0,74.7,59.9,60.0,216.1,23528.0,341.0,74671.0,809721.0,216.0,0.993,26.22,217.6,0.0,273.6,273.4,273.9,0.979,272.0,0.748,272.0,0.921,273.0,0.004,13.58,2.0,3.0,0.0,28.15,238.2,322.5,323.5,0.0,6.978,8.13,909.0,922.0,0.2319999999999999,0.0,48.3,36.2,42.35,44.01,42.73,45.77,41.75,43.09,39.53,44.01,101.7,102.7,101.7,101.7,102.8,100.8,87.59999999999998,750.0,764.0,755.0,749.0,765.0,745.0,660.0,32.82,33.15,32.82,32.8,33.16,32.53,28.28,0.0,322.7,0.0,60.15,0.0,738.7,0.0,5.0,0.0,0.0,0.0,267.9,264.6,268.6,22.17,21.87,0.0,34.47,345.1,16.08,2.0,3.53,-1.0,2.8680000000000003,3.9,4902
2014-09-07 10:26:00,263.5,262.9,263.5,815253.0,74.7,59.9,60.0,216.2,23528.0,341.0,74671.0,809725.0,216.0,0.993,26.21,217.6,0.0,273.5,273.4,274.0,0.979,272.0,0.748,272.0,0.921,273.0,0.008,13.58,2.0,3.0,0.0,28.2,238.4,322.8,324.1,0.0,6.982,8.14,910.0,923.0,0.2319999999999999,0.0,48.41,36.33,42.09,44.21,43.02,45.75,42.12,43.39,39.57,44.1,101.7,102.8,101.8,101.7,102.8,100.9,87.59999999999998,751.0,765.0,756.0,749.0,765.0,746.0,661.0,32.83,33.16,32.84,32.8,33.16,32.54,28.27,0.0,322.7,0.0,60.15,0.0,738.5,0.0,5.0,0.0,0.0,0.0,267.9,264.7,268.6,21.75,21.47,0.0,34.34,354.2,19.4,2.0,3.53,-1.0,2.173,2.9,4902
2014-09-07 10:27:00,263.7,263.2,263.7,815256.0,74.7,59.9,60.0,216.4,23528.0,341.0,74672.0,809729.0,216.2,0.993,26.21,217.7,0.0,273.5,273.4,274.0,0.979,272.0,0.748,271.9,0.921,273.0,0.009,13.58,2.0,3.0,0.0,28.25,238.5,322.6,321.4,0.0,6.987,8.15,911.0,924.0,0.2319999999999999,0.0,48.48,35.22,41.88,44.1,43.14,46.16,42.0,43.46,39.97,44.67,101.7,103.0,101.8,101.7,102.9,100.9,87.7,751.0,765.0,756.0,750.0,766.0,746.0,661.0,32.81,33.21,32.83,32.8,33.18,32.54,28.27,0.0,322.5,0.0,60.14,0.0,739.2999999999998,0.0,5.0,0.0,0.0,0.0,268.1,264.8,268.8,21.54,21.38,0.0,33.76,309.0,24.15,2.0,3.53,-1.0,2.445,5.8,4902
2014-09-07 10:28:00,264.5,264.0,264.5,815260.0,74.7,59.9,60.0,217.0,23528.0,341.0,74672.0,809732.0,216.8,0.993,26.33,218.4,0.0,273.5,273.5,274.1,0.979,272.0,0.748,272.0,0.921,273.0,0.009,13.58,2.0,3.0,0.0,28.3,239.4,323.0,323.8,0.0,6.995,8.16,913.0,926.0,0.2319999999999999,0.0,48.56,34.89,41.1,43.79,42.75,46.14,41.4,43.07,39.28,44.37,101.9,103.3,102.0,102.0,103.2,101.1,87.9,752.0,766.0,757.0,750.0,766.0,747.0,662.0,32.9,33.36,32.93,32.91,33.3,32.62,28.36,0.0,322.8,0.0,60.15,0.0,741.1,0.0,5.0,0.0,0.0,0.0,268.9,265.6,269.6,21.52,21.36,0.0,33.73,299.9,13.91,2.0,3.53,-1.0,3.992,5.9,4902
2014-09-07 10:29:00,265.3,264.6,265.2,815263.0,74.7,59.9,60.0,217.4,23528.0,341.0,74673.0,809736.0,217.3,0.993,26.41,218.9,0.0,273.4,273.2,273.8,0.979,271.6,0.748,271.2,0.921,272.2,0.01,13.58,2.0,3.0,0.0,28.35,239.9,323.3,323.6,0.0,6.999,8.179999999999998,915.0,927.0,0.2319999999999999,0.0,48.54,34.49,41.06,43.57,42.27,46.03,40.85,42.57,38.83,44.24,102.1,103.5,102.1,102.1,103.3,101.1,88.0,752.0,766.0,758.0,751.0,767.0,747.0,662.0,33.0,33.44,33.01,32.99,33.38,32.69,28.43,0.0,323.2,0.0,60.14,0.0,742.0,0.0,5.0,0.0,0.0,0.0,269.7,266.4,270.4,21.39,21.22,0.0,33.6,328.5,20.73,2.0,3.531,-1.0,2.597,3.7,4902
2014-09-07 10:30:00,265.5,265.0,265.5,815267.0,74.7,59.9,60.0,217.7,23528.0,341.0,74673.0,809739.0,217.6,0.993,26.45,219.2,0.0,273.5,273.2,273.8,0.979,271.9,0.748,271.1,0.921,272.4,0.01,13.58,2.0,3.0,0.0,28.39,240.2,323.1,323.4,0.0,7.007000000000001,8.199999999999998,916.0,929.0,0.2319999999999999,0.0,48.62,33.87,41.0,43.42,42.54,46.25,40.92,42.82,39.24,44.61,102.3,103.8,102.3,102.2,103.5,101.3,88.09999999999998,753.0,767.0,758.0,752.0,767.0,748.0,663.0,33.04,33.52,33.04,33.02,33.43,32.71,28.45,0.0,323.0,0.0,60.14,0.0,743.6,0.0,5.0,0.0,0.0,0.0,270.1,266.7,270.7,21.35,21.16,0.0,32.93,325.3,30.16,2.0,3.53,-1.0,2.572,5.2,4902
2014-09-07 10:31:00,264.7,264.1,264.6,815270.0,74.7,59.9,60.0,217.1,23528.0,341.0,74674.0,809743.0,217.0,0.993,26.35,218.6,0.0,273.7,273.4,274.0,0.979,272.0,0.748,272.0,0.921,273.0,0.01,13.58,2.0,3.0,0.0,28.42,239.5,324.2,325.6,0.0,6.976,8.16,912.0,925.0,0.2319999999999999,0.0,48.69,34.23,40.73,43.16,41.82,45.83,40.29,42.25,38.42,44.38,101.7,103.1,101.6,101.5,102.8,100.6,87.5,753.0,767.0,759.0,752.0,768.0,748.0,663.0,32.96,33.43,32.95,32.91,33.33,32.63,28.37,0.0,324.3,0.0,60.14,0.0,738.7999999999998,0.0,5.0,0.0,0.0,0.0,269.1,265.8,269.8,21.67,21.56,0.0,33.34,333.8,18.93,2.0,3.53,-1.0,2.6,3.8,4902
2014-09-07 10:32:00,263.3,262.6,263.2,815274.0,74.7,59.9,60.0,215.9,23528.0,341.0,74674.0,809747.0,215.6,0.993,26.13,217.2,0.0,273.5,273.2,273.8,0.979,272.0,0.748,271.6,0.921,272.6,0.011,13.58,2.0,3.0,0.0,28.49,237.7,323.7,326.5,0.0,6.931,8.109999999999998,906.0,919.0,0.2319999999999999,0.0,48.7,33.64,40.59,43.22,41.97,45.94,40.24,42.18,38.45,44.47,101.0,102.5,101.0,100.8,102.2,100.0,86.9,754.0,768.0,759.0,753.0,768.0,749.0,664.0,32.75,33.24,32.72,32.69,33.13,32.42,28.17,0.0,324.2,0.0,60.13,0.0,734.4,0.0,5.0,0.0,0.0,0.0,267.5,264.2,268.1,21.52,21.33,0.0,32.64,337.0,20.62,2.0,3.528,-1.0,2.525,4.6,4902
2014-09-07 10:33:00,263.5,262.9,263.4,815277.0,74.7,59.9,60.0,215.9,23528.0,341.0,74675.0,809750.0,215.9,0.993,26.18,217.5,0.0,273.2,273.3,273.8,0.979,271.7,0.748,271.0,0.921,272.2,0.011,13.58,2.0,3.0,0.0,28.53,238.6,324.8,325.0,0.0,6.932,8.109999999999998,906.0,919.0,0.2319999999999999,0.0,48.8,34.19,40.34,43.13,41.86,45.13,40.53,42.36,37.89,44.17,101.1,102.5,101.0,100.9,102.3,100.1,87.0,755.0,768.0,760.0,753.0,769.0,749.0,664.0,32.8,33.25,32.77,32.75,33.18,32.46,28.22,0.0,324.5,0.0,60.15,0.0,734.6,0.0,5.0,0.0,0.0,0.0,268.0,264.7,268.6,21.68,21.47,0.0,32.68,352.3,17.51,2.0,3.53,-1.0,2.978,4.8,4902
2014-09-07 10:34:00,263.8,263.1,263.7,815281.0,74.7,59.9,60.0,216.1,23528.0,341.0,74675.0,809754.0,215.9,0.993,26.18,217.5,0.0,273.4,273.1,273.7,0.979,271.5,0.748,271.0,0.921,272.1,0.011,13.58,2.0,3.0,0.0,28.56,238.4,323.9,324.5,0.0,6.937,8.109999999999998,907.0,919.0,0.2319999999999999,0.0,48.76,35.12,40.97,43.56,42.23,44.7,41.1,42.69,38.05,44.07,101.2,102.5,101.3,101.2,102.4,100.4,87.2,755.0,769.0,760.0,754.0,770.0,750.0,665.0,32.78,33.2,32.8,32.77,33.15,32.5,28.25,0.0,323.9,0.0,60.14,0.0,736.0,0.0,5.0,0.0,0.0,0.0,268.1,264.8,268.7,22.03,21.88,0.0,34.12,351.9,19.68,2.0,3.53,-1.0,2.657,3.8,4902
2014-09-07 10:35:00,263.6,262.9,263.5,815285.0,74.7,59.9,60.0,215.8,23528.0,341.0,74675.0,809757.0,215.7,0.993,26.17,217.3,0.0,273.1,272.9,273.5,0.979,271.0,0.748,271.0,0.921,272.0,0.011,13.58,2.0,3.0,0.0,28.59,238.2,324.1,324.9,0.0,6.936,8.109999999999998,907.0,919.0,0.2319999999999999,0.0,48.79,34.34,41.22,43.64,42.26,45.06,41.26,42.69,38.25,44.2,101.1,102.4,101.1,101.1,102.3,100.2,87.09999999999998,756.0,770.0,761.0,754.0,770.0,751.0,665.0,32.75,33.17,32.77,32.74,33.14,32.47,28.21,0.0,324.1,0.0,60.15,0.0,735.1,0.0,5.0,0.0,0.0,0.0,268.1,264.8,268.7,21.74,21.57,0.0,33.3,317.3,20.94,2.0,3.53,-1.0,2.648,4.8,4902
2014-09-07 10:36:00,263.5,263.0,263.5,815288.0,74.7,59.9,60.0,215.8,23528.0,341.0,74676.0,809761.0,215.6,0.993,26.15,217.2,0.0,273.2,272.8,273.4,0.979,271.0,0.748,271.0,0.921,272.0,0.011,13.58,2.0,3.0,0.0,28.63,238.3,323.7,325.0,0.0,6.935,8.099999999999998,906.0,918.0,0.2319999999999999,0.0,48.84,34.64,41.21,43.47,42.23,45.32,41.07,42.61,37.76,43.96,101.2,102.5,101.2,101.1,102.5,100.3,87.09999999999998,756.0,770.0,761.0,755.0,771.0,751.0,665.0,32.74,33.16,32.75,32.72,33.15,32.45,28.19,0.0,323.6,0.0,60.15,0.0,736.1,0.0,5.0,0.0,0.0,0.0,268.0,264.6,268.6,21.68,21.49,0.0,33.31,352.5,20.21,2.0,3.53,-1.0,3.502,5.4,4902
2014-09-07 10:37:00,264.0,263.2,263.9,815292.0,74.7,59.9,60.0,216.1,23528.0,341.0,74676.0,809765.0,216.0,0.993,26.19,217.5,0.0,273.1,273.0,273.6,0.979,271.0,0.748,271.0,0.921,272.0,0.011,13.58,2.0,3.0,0.0,28.66,238.7,323.0,320.8,0.0,6.945,8.109999999999998,908.0,920.0,0.2319999999999999,0.0,48.87,35.42,40.97,43.23,41.87,44.72,41.05,42.39,37.41,43.63,101.6,102.8,101.7,101.6,102.7,100.7,87.5,757.0,771.0,762.0,755.0,771.0,752.0,666.0,32.79,33.18,32.82,32.81,33.17,32.52,28.26,0.0,322.9,0.0,60.14,0.0,739.1,0.0,5.0,0.0,0.0,0.0,268.4,264.9,269.0,22.13,22.01,0.0,34.37,354.2,18.73,2.0,3.53,-1.0,3.137,4.9,4902
2014-09-07 10:38:00,264.8,264.1,264.6,815295.0,74.7,59.9,60.0,216.8,23528.0,341.0,74677.0,809768.0,216.8,0.993,26.31,218.4,0.0,273.1,273.1,273.6,0.979,271.0,0.748,271.0,0.921,272.0,0.011,13.58,2.0,3.0,0.0,28.69,239.3,323.8,325.9,0.0,6.978,8.15,911.0,924.0,0.2319999999999999,0.0,48.85,35.49,40.92,43.42,42.09,45.27,41.03,42.38,38.26,43.59,101.6,102.8,101.7,101.6,102.7,100.7,87.5,757.0,771.0,762.0,756.0,772.0,752.0,666.0,32.93,33.31,32.94,32.91,33.28,32.64,28.35,0.0,324.0,0.0,60.15,0.0,739.2,0.0,5.0,0.0,0.0,0.0,269.3,265.9,269.9,22.09,21.96,0.0,34.6,332.2,30.28,2.0,3.53,-1.0,2.935,5.0,4902
2014-09-07 10:39:00,265.1,264.4,265.0,815299.0,74.7,59.9,60.0,217.1,23528.0,341.0,74677.0,809772.0,217.1,0.993,26.38,218.7,0.0,273.1,273.0,273.6,0.979,271.0,0.748,271.0,0.921,272.0,0.011,13.58,2.0,3.0,0.0,28.7,240.0,323.8,324.8,0.0,6.9910000000000005,8.16,913.0,925.0,0.2319999999999999,0.0,48.89,36.52,41.26,43.64,42.25,44.69,41.55,42.87,38.37,43.85,101.9,102.9,101.9,101.9,102.9,101.1,87.79999999999998,758.0,772.0,763.0,756.0,772.0,753.0,667.0,32.97,33.3,32.98,32.97,33.29,32.71,28.4,0.0,323.6,0.0,60.15,0.0,741.2999999999998,0.0,5.0,0.0,0.0,0.0,269.7,266.3,270.4,22.15,21.88,0.0,35.06,9.45,17.53,2.0,3.53,-1.0,2.462,4.7,4902
2014-09-07 10:40:00,265.4,264.9,265.4,815302.0,74.7,59.9,60.0,217.4,23528.0,341.0,74678.0,809775.0,217.3,0.993,26.43,218.9,0.0,273.1,273.0,273.6,0.979,271.1,0.748,271.0,0.921,272.0,0.011,13.58,2.0,3.0,0.0,28.75,240.4,323.7,324.1,0.0,7.007000000000001,8.179999999999998,915.0,927.0,0.2319999999999999,0.0,48.95,36.98,41.67,44.02,42.74,44.8,42.15,43.18,38.68,44.18,102.0,103.1,102.2,102.1,103.0,101.4,88.0,758.0,772.0,764.0,757.0,773.0,753.0,667.0,33.02,33.34,33.07,33.04,33.32,32.8,28.47,0.0,323.6,0.0,60.14,0.0,742.7,0.0,5.0,0.0,0.0,0.0,270.0,266.6,270.7,22.24,22.02,0.0,35.49,345.2,19.88,2.0,3.531,-1.0,3.005,4.4,4902
2014-09-07 10:41:00,265.5,264.9,265.4,815306.0,74.7,59.9,60.0,217.6,23528.0,341.0,74678.0,809779.0,217.5,0.993,26.45,219.1,0.0,273.1,273.2,273.8,0.979,271.3,0.748,271.0,0.921,272.0,0.011,13.58,2.0,3.0,0.0,28.8,240.4,323.3,324.1,0.0,7.013999999999999,8.189999999999998,916.0,928.0,0.2319999999999999,0.0,48.95,37.35,41.83,43.7,42.41,44.58,42.0,43.06,38.03,43.84,102.2,103.2,102.4,102.3,103.1,101.5,88.2,759.0,773.0,764.0,758.0,773.0,754.0,668.0,33.05,33.36,33.12,33.08,33.34,32.82,28.52,0.0,323.4,0.0,60.14,0.0,743.7,0.0,5.0,0.0,0.0,0.0,270.1,266.7,270.8,22.12,21.82,0.0,35.08,344.6,14.54,2.0,3.53,-1.0,2.89,4.7,4902
2014-09-07 10:42:00,266.0,265.4,266.0,815309.0,74.7,59.9,60.0,218.1,23528.0,341.0,74678.0,809783.0,218.0,0.993,26.48,219.6,0.0,273.4,273.2,273.8,0.979,272.0,0.748,271.4,0.921,272.5,0.011,13.58,2.0,3.0,0.0,28.81,241.6,323.9,323.4,0.0,7.038,8.21,919.0,931.0,0.2319999999999999,0.0,48.97,37.27,41.77,43.85,42.56,44.65,42.06,43.06,38.46,43.7,102.6,103.6,102.7,102.7,103.5,101.8,88.4,759.0,773.0,765.0,758.0,774.0,754.0,668.0,33.11,33.43,33.16,33.14,33.41,32.85,28.55,0.0,322.8,0.0,60.13,0.0,746.0,0.0,5.0,0.0,0.0,0.0,270.6,267.1,271.3,21.97,21.73,0.0,34.68,345.2,14.65,2.0,3.53,-1.0,2.515,3.2,4902
2014-09-07 10:43:00,266.1,265.5,266.1,815313.0,74.7,59.9,60.0,218.2,23528.0,341.0,74679.0,809786.0,218.2,0.993,26.5,219.8,0.0,273.5,273.4,273.9,0.979,272.0,0.748,271.4,0.921,272.7,0.011,13.58,2.0,3.0,0.0,28.88,241.2,322.8,324.3,0.0,7.047000000000001,8.22,920.0,932.0,0.2319999999999999,0.0,49.04,37.7,41.74,43.79,42.14,44.83,42.04,43.05,37.78,43.77,102.7,103.7,102.9,102.9,103.8,101.9,88.7,760.0,774.0,765.0,759.0,775.0,755.0,669.0,33.12,33.45,33.19,33.19,33.48,32.85,28.6,0.0,322.5,0.0,60.15,0.0,747.0,0.0,5.0,0.0,0.0,0.0,270.8,267.2,271.5,22.05,21.86,0.0,35.61,358.7,13.58,2.0,3.53,-1.0,2.65,4.0,4902
2014-09-07 10:44:00,266.9,266.1,266.7,815316.0,74.7,59.9,60.0,218.8,23528.0,341.0,74679.0,809790.0,218.6,0.993,26.63,220.2,0.0,273.1,273.3,273.8,0.979,271.8,0.748,271.1,0.921,272.1,0.011,13.58,2.0,3.0,0.0,28.92,242.3,323.4,323.4,0.0,7.07,8.25,923.0,935.0,0.2319999999999999,0.0,49.05,38.45,42.06,44.24,42.53,45.18,42.59,43.52,38.18,44.13,102.9,103.9,103.2,103.1,103.9,102.1,88.79999999999998,761.0,775.0,766.0,759.0,775.0,755.0,669.0,33.21,33.53,33.28,33.26,33.53,32.95,28.65,0.0,322.6,0.0,60.2,0.0,749.2,0.0,5.0,0.0,0.0,0.0,271.4,268.0,272.1,22.14,21.93,0.0,36.48,341.2,18.49,2.0,3.53,-1.0,2.167,3.1,4902
2014-09-07 10:45:00,266.5,265.7,266.3,815320.0,74.7,59.9,60.0,218.2,23528.0,341.0,74680.0,809794.0,218.2,0.993,26.52,219.8,0.0,273.0,273.0,273.6,0.979,271.0,0.748,271.0,0.921,272.0,0.011,13.58,2.0,3.0,0.0,28.96,241.4,322.9,325.6,0.0,7.073,8.25,924.0,936.0,0.2319999999999999,0.0,49.07,39.25,42.61,44.62,43.07,45.48,42.84,43.82,38.53,44.51,102.8,103.7,102.9,102.8,103.6,102.0,88.5,761.0,775.0,766.0,760.0,776.0,756.0,670.0,33.19,33.48,33.24,33.19,33.45,32.92,28.58,0.0,322.9,0.0,60.13,0.0,747.5,0.0,5.0,0.0,0.0,0.0,271.1,267.7,271.9,22.41,22.3,0.0,37.45,15.03,21.43,2.0,3.53,-1.0,1.878,2.8,4902
2014-09-07 10:46:00,266.6,265.7,266.3,815324.0,74.7,59.9,60.0,218.2,23528.0,341.0,74680.0,809797.0,218.2,0.993,26.56,219.8,0.0,272.8,273.0,273.7,0.979,271.0,0.748,271.0,0.921,272.0,0.011,13.58,2.0,3.0,0.0,28.99,241.2,321.5,322.8,0.0,7.093,8.279999999999998,926.0,938.0,0.233,0.0,49.15,39.64,43.08,45.26,43.48,45.29,43.41,44.24,38.96,44.82,103.1,104.0,103.3,103.2,103.9,102.2,88.9,762.0,776.0,767.0,760.0,776.0,757.0,670.0,33.17,33.46,33.23,33.21,33.44,32.91,28.6,0.0,321.9,0.0,60.2,0.0,750.2999999999998,0.0,5.0,0.0,0.0,0.0,271.2,267.9,271.9,22.84,22.73,0.0,38.05,335.1,22.8,2.0,3.53,-1.0,2.395,4.1,4902
2014-09-07 10:47:00,267.3,266.7,267.3,815327.0,74.7,59.9,60.0,218.7,23528.0,341.0,74681.0,809801.0,218.9,0.993,26.68,220.5,0.0,272.8,272.8,273.4,0.979,271.0,0.748,271.0,0.921,272.0,0.011,13.58,2.0,3.0,0.0,29.04,241.3,320.0,322.3,0.0,7.113,8.3,928.0,940.0,0.233,0.0,49.15,39.63,42.8,45.15,43.66,45.93,43.46,44.25,38.99,44.6,103.7,104.5,103.8,103.7,104.4,102.9,89.29999999999998,762.0,776.0,767.0,761.0,777.0,757.0,671.0,33.28,33.53,33.33,33.3,33.52,33.03,28.68,0.0,321.0,0.0,60.17,0.0,754.1,0.0,5.0,0.0,0.0,0.0,272.2,268.8,273.0,22.61,22.3,0.0,36.82,338.3,16.25,2.0,3.53,-1.0,3.217,4.8,4902
2014-09-07 10:48:00,268.7,268.1,268.6,815331.0,74.7,59.9,60.0,219.7,23528.0,341.0,74681.0,809805.0,219.6,0.993,26.78,221.2,0.0,272.8,272.4,273.1,0.979,271.0,0.748,271.0,0.921,272.0,0.011,13.58,2.0,3.0,0.0,29.08,243.0,321.9,322.4,0.0,7.127999999999999,8.31,930.0,942.0,0.233,0.0,49.23,39.0,41.77,44.71,42.92,45.88,42.66,43.78,38.17,44.29,103.8,104.7,104.0,103.9,104.7,103.0,89.4,763.0,777.0,768.0,761.0,777.0,758.0,671.0,33.39,33.69,33.44,33.41,33.67,33.13,28.77,0.0,321.7,0.0,60.14,0.0,754.7999999999998,0.0,5.0,0.0,0.0,0.0,273.4,269.8,274.1,22.1,21.86,0.0,36.54,326.7,20.96,2.0,3.53,-1.0,3.228,5.1,4902
2014-09-07 10:49:00,269.6,268.9,269.5,815334.0,74.7,59.9,60.0,220.2,23528.0,341.0,74682.0,809808.0,220.2,0.993,26.93,221.9,0.0,272.3,272.2,272.8,0.979,270.7,0.748,270.5,0.921,271.7,0.011,13.58,2.0,3.0,0.0,29.14,243.6,321.9,323.1,0.0,7.151,8.34,932.0,944.0,0.233,0.0,49.28,38.06,41.48,44.5,42.95,46.12,42.28,43.75,38.71,44.26,104.0,105.0,104.1,104.1,105.0,103.1,89.5,763.0,777.0,769.0,762.0,778.0,758.0,672.0,33.49,33.81,33.52,33.51,33.8,33.21,28.84,0.0,322.0,0.0,60.14,0.0,756.6,0.0,5.0,0.0,0.0,0.0,274.4,270.9,275.3,21.87,21.68,0.0,35.72,350.0,20.41,2.0,3.528,-1.0,2.6630000000000003,4.7,4902
2014-09-07 10:50:00,269.9,269.4,269.9,815338.0,74.7,59.9,60.0,220.7,23528.0,341.0,74682.0,809812.0,220.7,0.993,26.98,222.4,0.0,272.6,272.4,273.1,0.979,271.0,0.748,271.0,0.921,272.0,0.011,13.58,2.0,3.0,0.0,29.17,243.9,321.5,322.6,0.0,7.176,8.359999999999998,935.0,948.0,0.233,0.0,49.34,36.47,41.88,44.81,43.49,46.75,42.51,43.98,39.4,44.73,104.4,105.5,104.4,104.3,105.5,103.5,89.79999999999998,764.0,778.0,769.0,763.0,778.0,759.0,672.0,33.57,33.94,33.58,33.57,33.93,33.29,28.9,0.0,321.7,0.0,60.14,0.0,758.7,0.0,5.0,0.0,0.0,0.0,274.8,271.2,275.6,21.76,21.63,0.0,34.94,324.4,17.43,2.0,3.53,-1.0,2.392,3.5,4902
2014-09-07 10:51:00,250.7,250.1,250.6,815341.0,74.7,59.9,60.0,204.6,23528.0,341.0,74682.0,809815.0,204.1,0.993,24.36,205.6,0.0,272.4,272.1,272.8,0.979,271.0,0.748,270.6,0.921,271.9,0.011,13.58,2.0,3.0,0.0,29.21,225.9,323.8,324.9,0.0,6.612,7.695,861.0,873.0,0.231,0.0,49.43,35.79,41.69,44.42,43.51,46.71,42.25,43.78,38.81,44.17,96.0,97.0,95.7,95.6,96.7,94.9,82.4,764.0,778.0,770.0,763.0,779.0,759.0,673.0,31.07,31.4,30.98,30.95,31.32,30.73,26.66,0.0,324.0,0.0,60.14,0.0,698.3,0.0,5.0,0.0,0.0,0.0,254.0,251.6,254.5,21.7,21.56,0.0,34.87,357.2,15.17,2.0,3.53,-1.0,3.01,4.3,4902
2014-09-07 10:52:00,268.8,268.2,268.7,815345.0,74.7,59.9,60.0,219.8,23528.0,341.0,74683.0,809819.0,219.9,0.993,26.82,221.5,0.0,272.6,272.4,273.1,0.979,271.0,0.748,270.9,0.921,272.0,0.011,13.58,2.0,3.0,0.0,29.27,243.0,322.5,324.3,0.0,7.142,8.32,930.0,942.0,0.233,0.0,49.44,36.2,41.98,44.4,43.09,45.63,42.57,43.65,38.74,44.34,103.6,104.6,103.7,103.8,104.6,102.8,89.29999999999998,765.0,779.0,770.0,764.0,780.0,760.0,673.0,33.42,33.74,33.45,33.46,33.73,33.16,28.8,0.0,322.5,0.0,60.15,0.0,753.7999999999998,0.0,5.0,0.0,0.0,0.0,273.7,270.2,274.5,22.03,21.93,0.0,35.41,332.6,24.23,2.0,3.53,-1.0,2.093,3.9,4902
2014-09-07 10:53:00,270.6,270.2,270.6,815348.0,74.7,59.9,60.0,221.5,23528.0,341.0,74683.0,809823.0,221.5,0.993,27.07,223.2,0.0,272.8,272.6,273.3,0.979,271.0,0.748,271.0,0.921,272.0,0.011,13.58,2.0,3.0,0.0,29.31,244.4,321.0,321.4,0.0,7.218,8.4,939.0,952.0,0.233,0.0,49.48,35.86,41.95,44.51,43.26,46.31,42.34,43.65,39.25,44.83,104.7,105.8,104.7,104.6,105.6,103.8,90.1,766.0,780.0,771.0,764.0,780.0,760.0,674.0,33.7,34.06,33.69,33.68,33.99,33.41,28.99,0.0,321.8,0.0,60.15,0.0,761.6,0.0,5.0,0.0,0.0,0.0,275.7,272.0,276.5,21.8,21.66,0.0,35.09,350.3,18.44,2.0,3.528,-1.0,1.968,2.9,4902
2014-09-07 10:54:00,270.2,269.8,270.3,815352.0,74.7,59.9,60.0,221.1,23528.0,341.0,74684.0,809826.0,221.1,0.993,27.0,222.8,0.0,272.7,272.6,273.2,0.979,271.0,0.748,271.0,0.921,272.0,0.011,13.58,2.0,3.0,0.0,29.35,245.2,322.6,322.8,0.0,7.224,8.4,940.0,952.0,0.233,0.0,49.54,35.89,42.27,45.06,43.82,47.04,42.74,44.03,40.0,45.18,104.7,105.8,104.7,104.6,105.6,103.8,90.0,766.0,780.0,771.0,765.0,781.0,761.0,674.0,33.63,34.0,33.63,33.6,33.92,33.35,28.93,0.0,321.4,0.0,60.18,0.0,760.1,0.0,5.0,0.0,0.0,0.0,275.2,271.6,276.0,21.82,21.74,0.0,35.39,337.7,21.12,2.0,3.53,-1.0,1.983,3.5,4902
2014-09-07 10:55:00,263.2,262.7,263.2,815356.0,74.7,59.9,60.0,215.2,23528.0,341.0,74684.0,809830.0,215.0,0.993,26.07,216.6,0.0,272.7,272.3,272.9,0.979,271.0,0.748,271.0,0.921,272.0,-0.035,13.54,2.0,3.0,0.0,29.39,237.2,320.4,323.2,0.0,7.034,8.179999999999998,915.0,930.0,0.233,0.001,49.54,37.04,42.98,45.87,44.34,47.53,43.36,44.65,40.45,45.6,102.4,103.2,101.7,101.4,102.4,101.1,87.2,767.0,781.0,772.0,765.0,781.0,761.0,675.0,32.88,33.14,32.68,32.59,32.9,32.48,28.0,0.0,321.3,0.0,60.17,0.0,740.6,0.0,5.0,0.0,0.0,0.0,267.6,264.4,268.3,22.15,22.1,0.0,36.8,341.8,32.83,2.0,3.53,-1.0,2.077,2.9,4902
2014-09-07 10:56:00,266.5,265.9,266.5,815359.0,74.7,59.9,60.0,217.8,23528.0,341.0,74685.0,809834.0,217.7,0.993,26.51,219.3,0.0,272.5,272.4,273.0,0.979,270.9,0.748,270.8,0.921,272.0,-0.018,13.54,2.0,3.0,0.0,29.43,240.1,318.6,322.3,0.0,7.138999999999999,8.3,929.0,942.0,0.233,0.001,49.54,36.46,43.23,46.22,44.82,47.98,43.57,44.76,41.32,46.09,103.9,104.9,103.6,103.4,104.4,102.9,89.0,767.0,781.0,772.0,766.0,782.0,762.0,675.0,33.2,33.51,33.09,33.03,33.35,32.87,28.43,0.0,319.5,0.0,60.17,0.0,753.9,0.0,5.0,0.0,0.0,0.0,271.1,267.7,271.9,21.88,21.76,0.0,35.78,312.5,16.63,2.0,3.53,-1.0,1.985,3.2,4902
2014-09-07 10:57:00,270.6,270.2,270.7,815363.0,74.7,59.9,60.0,221.3,23528.0,341.0,74685.0,809837.0,221.3,0.993,27.03,222.9,0.0,272.4,272.4,273.0,0.979,271.0,0.748,270.7,0.921,272.0,-0.005,13.54,2.0,3.0,0.0,29.47,244.7,320.2,320.4,0.0,7.274,8.449999999999998,946.0,958.0,0.233,0.001,49.61,36.41,43.13,46.29,44.86,48.27,43.46,44.67,41.25,46.4,105.2,106.5,105.2,105.0,106.2,104.3,90.4,768.0,782.0,773.0,766.0,782.0,763.0,675.0,33.65,34.08,33.66,33.61,33.99,33.38,28.94,0.0,320.1,0.0,60.18,0.0,764.2999999999998,0.0,5.0,0.0,0.0,0.0,275.6,272.0,276.5,22.0,21.92,0.0,35.87,349.9,65.3,2.0,3.53,-1.0,2.13,4.0,4902
2014-09-07 10:58:00,271.4,271.2,271.5,815366.0,74.7,59.9,60.0,222.0,23528.0,341.0,74686.0,809841.0,222.1,0.993,27.19,223.7,0.0,272.3,272.4,273.1,0.979,270.9,0.748,270.4,0.921,272.0,0.001,13.54,2.0,3.0,0.0,29.5,246.2,321.6,321.0,0.0,7.3,8.48,949.0,962.0,0.2339999999999999,0.001,49.64,37.67,43.42,46.05,44.58,47.89,43.62,44.81,40.28,46.28,105.4,106.6,105.5,105.3,106.3,104.6,90.6,768.0,782.0,774.0,767.0,783.0,763.0,676.0,33.79,34.17,33.81,33.76,34.07,33.52,29.05,0.0,320.6,0.0,60.2,0.0,765.7,0.0,5.0,0.0,0.0,0.0,276.5,273.0,277.4,22.35,22.18,0.0,36.46,6.317,28.08,2.0,3.53,-1.0,2.425,4.8,4902
2014-09-07 10:59:00,272.7,272.3,272.7,815370.0,74.7,59.9,60.0,222.8,23528.0,341.0,74686.0,809845.0,222.9,0.993,27.31,224.6,0.0,272.5,272.0,272.8,0.979,270.0,0.748,270.0,0.921,271.2,0.005,13.54,2.0,3.0,0.0,29.55,245.7,318.3,318.1,0.0,7.333999999999999,8.519999999999998,953.0,966.0,0.2339999999999999,0.001,49.62,38.4,43.65,46.26,44.57,47.53,43.94,45.03,40.9,46.47,106.3,107.4,106.4,106.3,107.2,105.5,91.5,769.0,783.0,774.0,768.0,784.0,764.0,676.0,33.91,34.26,33.94,33.91,34.19,33.67,29.18,0.0,319.1,0.0,60.14,0.0,772.1,0.0,5.0,0.0,0.0,0.0,277.9,274.2,278.7,22.28,21.99,0.0,36.63,19.37,23.22,2.0,3.53,-1.0,2.633,4.9,4902
2014-09-07 11:00:00,249.6,248.7,249.2,815373.0,74.7,59.9,60.0,203.2,23528.0,341.0,74686.0,809848.0,202.7,0.993,24.15,204.1,0.0,271.9,272.1,272.7,0.979,270.2,0.748,270.0,0.921,271.2,0.006,13.54,2.0,3.0,0.0,29.59,224.7,320.6,320.8,0.0,6.632999999999999,7.7029999999999985,859.0,865.0,0.233,0.001,49.67,39.26,43.81,46.16,44.4,46.35,44.31,44.78,40.73,46.22,96.4,96.6,96.1,95.7,95.5,95.9,82.09999999999998,769.0,783.0,775.0,768.0,784.0,764.0,677.0,30.88,30.93,30.78,30.63,30.57,30.69,26.29,0.0,320.3,0.0,60.14,0.0,701.1,0.0,5.0,0.0,0.0,0.0,252.5,249.9,252.7,22.42,22.18,0.0,37.71,30.29,30.95,2.0,3.531,-1.0,2.593,5.2,4902
2014-09-07 11:01:00,264.9,264.5,265.0,815377.0,74.7,59.9,60.0,216.1,23528.0,341.0,74687.0,809852.0,216.0,0.993,26.24,217.6,0.0,271.9,271.8,272.4,0.979,270.0,0.748,270.0,0.921,271.0,0.033,13.54,2.0,1.0,0.0,29.63,238.5,321.0,321.8,0.0,7.047999999999999,8.179999999999998,919.0,941.0,0.2319999999999999,0.001,49.72,38.66,43.6,45.47,43.52,45.51,43.82,44.19,39.81,45.9,102.8,104.0,102.5,102.5,103.6,101.7,88.29999999999998,770.0,784.0,775.0,769.0,785.0,765.0,677.0,33.01,33.37,32.91,32.89,33.26,32.65,28.34,0.0,321.2,0.0,60.15,0.0,743.2999999999998,0.0,5.0,0.0,0.0,0.0,269.4,266.3,270.2,22.32,22.09,0.0,36.7,353.2,32.09,2.0,3.53,-1.0,1.817,3.7,4902
2014-09-07 11:02:00,258.6,257.7,258.3,815380.0,74.7,59.9,60.0,210.5,23528.0,341.0,74687.0,809855.0,210.2,0.993,25.37,211.7,0.0,271.6,271.7,272.3,0.979,270.0,0.748,270.0,0.921,271.0,-0.002,13.54,2.0,3.0,0.0,29.68,232.6,319.8,320.7,0.0,6.882000000000001,8.0,892.0,898.0,0.233,0.0,49.68,39.67,43.72,45.97,43.94,46.06,44.24,44.62,39.87,45.83,99.6,100.0,100.0,99.8,99.7,99.3,85.9,771.0,785.0,776.0,769.0,785.0,765.0,678.0,31.87,32.0,32.0,31.95,31.91,31.79,27.49,0.0,320.2,0.0,60.14,0.0,727.7,0.0,5.0,0.0,0.0,0.0,262.3,259.3,262.8,22.57,22.42,0.0,38.16,353.6,17.46,2.0,3.53,-1.0,2.555,3.6,4902
2014-09-07 11:03:00,272.1,271.7,272.2,815384.0,74.7,59.9,60.0,222.1,23528.0,341.0,74688.0,809859.0,222.3,0.993,27.23,223.9,0.0,272.1,271.7,272.5,0.979,270.0,0.748,270.0,0.921,271.0,0.002,13.54,2.0,3.0,0.0,29.73,245.2,315.9,318.1,0.0,7.292,8.47,951.0,969.0,0.233,0.0,49.65,39.94,43.81,46.02,43.87,45.83,44.18,44.72,39.96,45.5,107.2,108.2,107.3,107.2,108.1,106.5,92.3,771.0,785.0,776.0,770.0,786.0,766.0,678.0,33.87,34.2,33.91,33.88,34.16,33.63,29.15,0.0,316.1,0.0,60.14,0.0,776.4,0.0,5.0,0.0,0.0,0.0,277.4,273.5,278.3,22.8,22.67,0.0,38.47,353.1,25.69,2.0,3.53,-1.0,2.4,4.2,4902
2014-09-07 11:04:00,258.4,257.4,258.1,815387.0,74.7,59.9,60.0,210.4,23528.0,341.0,74688.0,809862.0,210.0,0.993,25.35,211.5,0.0,271.8,271.7,272.5,0.979,270.0,0.748,270.0,0.921,271.0,0.006,13.54,2.0,3.0,0.0,29.77,231.8,313.2,312.9,0.0,6.91,8.029999999999998,900.0,915.0,0.233,0.0,49.72,40.23,44.09,46.45,44.58,45.9,45.09,45.29,40.83,45.7,102.8,103.0,102.0,101.5,101.9,101.7,87.0,772.0,786.0,777.0,770.0,786.0,766.0,679.0,32.21,32.29,31.95,31.8,31.94,31.87,27.27,0.0,313.6,0.0,60.14,0.0,740.5,0.0,5.0,0.0,0.0,0.0,262.0,258.9,262.6,22.94,22.76,0.0,38.31,6.947,41.29,2.0,3.53,-1.0,1.693,3.4,4902
2014-09-07 11:05:00,275.8,275.1,275.7,815391.0,74.7,59.9,60.0,224.9,23528.0,341.0,74689.0,809866.0,225.1,0.993,27.67,226.8,0.0,271.8,271.7,272.4,0.979,270.0,0.748,270.0,0.921,271.0,0.008,13.54,2.0,3.0,0.0,29.83,248.4,316.9,319.1,0.0,7.418999999999999,8.63,965.0,975.0,0.2339999999999999,0.0,49.82,41.03,44.28,46.37,44.38,46.25,44.85,44.97,40.49,45.96,107.6,108.5,108.2,108.2,108.5,107.3,93.4,772.0,786.0,777.0,771.0,787.0,767.0,679.0,34.13,34.39,34.32,34.32,34.42,34.03,29.61,0.0,317.3,0.0,60.14,0.0,784.2,0.0,5.0,0.0,0.0,0.0,281.0,277.1,282.0,23.02,22.78,0.0,39.38,358.1,38.0,2.0,3.53,-1.0,1.65,3.1,4902
2014-09-07 11:06:00,277.7,277.3,277.8,815395.0,74.7,59.9,60.0,226.7,23528.0,341.0,74689.0,809870.0,226.8,0.993,27.91,228.5,0.0,271.8,271.6,272.4,0.979,270.0,0.748,270.0,0.921,271.0,0.009,13.54,2.0,3.0,0.0,29.88,249.7,316.3,321.2,0.0,7.476,8.699999999999998,974.0,989.0,0.2339999999999999,0.0,49.87,41.31,44.28,46.47,44.74,47.04,44.65,45.03,40.48,46.31,108.9,109.8,109.1,109.0,109.5,108.1,94.0,773.0,787.0,778.0,771.0,787.0,768.0,680.0,34.55,34.83,34.61,34.59,34.73,34.32,29.82,0.0,317.3,0.0,60.12,0.0,789.2999999999998,0.0,5.0,0.0,0.0,0.0,283.2,279.2,284.2,22.98,22.86,0.0,39.37,346.2,49.64,2.0,3.53,-1.0,1.873,4.0,4902
2014-09-07 11:07:00,276.1,275.6,276.2,815398.0,74.7,59.9,60.0,225.3,23528.0,341.0,74690.0,809874.0,225.4,0.993,27.76,227.1,0.0,272.0,271.5,272.3,0.979,270.0,0.748,270.0,0.921,271.0,0.034,13.54,2.0,3.0,0.0,29.94,248.3,312.9,314.3,0.0,7.46,8.679999999999998,972.0,986.0,0.2339999999999999,0.0,49.92,40.92,44.39,47.01,45.32,47.79,44.64,45.29,41.48,46.83,109.6,110.5,109.7,109.4,109.8,108.9,94.0,773.0,787.0,779.0,772.0,788.0,768.0,680.0,34.36,34.64,34.38,34.3,34.43,34.14,29.48,0.0,313.6,0.0,60.15,0.0,793.5,0.0,5.0,0.0,0.0,0.0,281.6,277.5,282.6,22.56,22.44,0.0,39.15,294.7,15.19,2.0,3.528,-1.0,2.522,3.9,4902
2014-09-07 11:08:00,265.7,265.0,265.5,815402.0,74.7,59.9,60.0,216.5,23528.0,341.0,74690.0,809877.0,216.5,0.993,26.36,218.1,0.0,271.7,271.5,272.3,0.979,270.0,0.748,270.0,0.921,271.0,-0.005,13.54,2.0,3.0,0.0,30.0,239.2,317.9,319.4,0.0,7.12,8.29,927.0,937.0,0.233,0.0,49.93,39.7,44.21,46.97,45.21,47.88,44.21,45.07,41.56,47.09,102.8,104.1,103.6,103.8,104.4,102.4,89.9,774.0,788.0,779.0,773.0,788.0,769.0,681.0,32.7,33.12,32.96,33.04,33.23,32.58,28.59,0.0,318.4,0.0,60.15,0.0,752.9,0.0,5.0,0.0,0.0,0.0,270.3,267.0,271.0,22.4,22.33,0.0,38.17,331.7,66.97,2.0,3.53,-1.0,1.138,2.1,4902
2014-09-07 11:09:00,262.0,261.2,261.7,815405.0,74.7,59.9,60.0,213.1,23528.0,341.0,74690.0,809881.0,213.0,0.993,25.78,214.5,0.0,271.5,271.3,272.1,0.979,270.0,0.748,269.9,0.921,271.0,0.005,13.54,2.0,3.0,0.0,30.05,235.6,320.1,322.1,0.0,7.021,8.17,914.0,926.0,0.233,0.0,50.01,40.01,44.4,47.15,45.41,47.61,44.67,45.59,41.66,47.14,101.4,102.2,101.2,100.9,101.6,100.4,86.9,774.0,789.0,780.0,773.0,789.0,769.0,681.0,32.47,32.74,32.4,32.32,32.56,32.14,27.81,0.0,320.5,0.0,60.14,0.0,736.4,0.0,5.0,0.0,0.0,0.0,266.0,263.0,266.6,22.83,22.76,0.0,38.5,14.2,30.43,2.0,3.53,-1.0,2.25,3.5,4902
2014-09-07 11:10:00,278.4,278.3,278.6,815409.0,74.7,59.9,60.0,227.2,23528.0,341.0,74691.0,809885.0,227.4,0.992,28.05,229.1,0.0,271.7,271.5,272.3,0.979,270.0,0.748,270.0,0.921,271.0,0.008,13.54,2.0,3.0,0.0,30.11,251.1,317.3,317.9,0.0,7.531,8.769999999999998,981.0,994.0,0.2339999999999999,0.0,50.08,40.22,45.17,47.11,45.07,47.22,45.03,45.5,41.23,46.98,109.1,110.1,109.2,109.0,109.7,108.3,93.8,775.0,789.0,780.0,774.0,790.0,770.0,682.0,34.65,34.96,34.69,34.61,34.83,34.39,29.8,0.0,317.5,0.0,60.15,0.0,791.2999999999998,0.0,5.0,0.0,0.0,0.0,284.1,280.3,285.2,23.04,22.91,0.0,38.4,355.5,23.73,2.0,3.531,-1.0,2.498,4.1,4902
2014-09-07 11:11:00,278.2,277.7,278.1,815413.0,74.7,59.9,60.0,226.9,23528.0,341.0,74691.0,809888.0,227.1,0.992,28.0,228.8,0.0,271.5,271.6,272.4,0.979,270.0,0.748,270.0,0.921,271.0,0.009,13.54,2.0,3.0,0.0,30.17,250.7,317.0,317.4,0.0,7.511,8.75,979.0,992.0,0.2339999999999999,0.0,50.11,39.98,45.2,46.86,44.68,47.43,45.04,45.29,41.08,46.56,109.2,110.0,109.2,109.0,109.6,108.3,93.8,776.0,790.0,781.0,774.0,790.0,770.0,682.0,34.62,34.87,34.63,34.56,34.77,34.32,29.75,0.0,317.1,0.0,60.14,0.0,791.0,0.0,5.0,0.0,0.0,0.0,283.7,279.8,284.8,22.53,22.19,0.0,36.88,356.7,26.76,2.0,3.53,-1.0,2.945,4.6,4902
2014-09-07 11:12:00,280.0,279.8,280.2,815416.0,74.7,59.9,60.0,228.6,23528.0,341.0,74692.0,809892.0,228.8,0.992,28.29,230.6,0.0,271.7,271.7,272.3,0.979,270.0,0.748,270.0,0.921,271.0,0.009,13.54,2.0,3.0,0.0,30.22,252.6,316.7,318.1,0.0,7.564,8.82,987.0,1001.0,0.2339999999999999,0.0,50.16,40.86,45.2,46.92,44.54,47.02,44.82,45.24,40.42,46.64,110.0,110.8,110.2,110.0,110.5,109.2,94.7,776.0,790.0,781.0,775.0,791.0,771.0,683.0,34.87,35.12,34.91,34.87,35.02,34.62,30.0,0.0,317.0,0.0,60.15,0.0,797.6,0.0,5.0,0.0,0.0,0.0,285.9,281.9,287.0,22.84,22.76,0.0,38.76,29.7,22.32,2.0,3.53,-1.0,2.643,4.4,4902
2014-09-07 11:13:00,277.0,276.9,277.2,815420.0,74.7,59.9,60.0,226.0,23528.0,341.0,74692.0,809896.0,226.1,0.993,27.84,227.8,0.0,271.4,271.5,272.1,0.979,269.8,0.748,269.9,0.921,271.0,0.01,13.54,2.0,3.0,0.0,30.28,249.8,317.5,318.7,0.0,7.458999999999999,8.699999999999998,974.0,988.0,0.2339999999999999,0.0,50.21,41.37,45.34,47.11,44.67,47.01,45.2,45.47,40.13,46.89,108.2,109.1,108.6,108.6,108.9,107.6,93.6,777.0,791.0,782.0,775.0,791.0,771.0,683.0,34.37,34.65,34.49,34.5,34.6,34.16,29.74,0.0,317.7,0.0,60.15,0.0,786.7999999999998,0.0,5.0,0.0,0.0,0.0,282.6,278.7,283.6,22.86,22.64,0.0,38.74,340.7,22.83,2.0,3.53,-1.0,1.803,2.6,4902
2014-09-07 11:14:00,276.2,275.9,276.4,815424.0,74.7,59.9,60.0,225.2,23528.0,341.0,74693.0,809900.0,225.3,0.993,27.73,227.0,0.0,271.2,271.5,272.2,0.979,269.5,0.748,269.8,0.921,271.0,0.01,13.54,2.0,3.0,0.0,30.33,249.2,316.5,317.5,0.0,7.437999999999999,8.679999999999998,971.0,986.0,0.2339999999999999,0.0,50.23,40.32,45.04,47.01,44.88,47.51,45.06,45.58,40.48,46.92,108.8,109.5,108.5,108.2,108.8,107.8,93.0,777.0,791.0,782.0,776.0,792.0,772.0,684.0,34.43,34.64,34.32,34.24,34.42,34.1,29.43,0.0,316.5,0.0,60.14,0.0,787.2999999999998,0.0,5.0,0.0,0.0,0.0,281.7,277.7,282.7,22.6,22.47,0.0,37.86,354.0,24.26,2.0,3.53,-1.0,3.12,5.0,4902
2014-09-07 11:15:00,250.1,248.9,249.5,815427.0,74.7,59.9,60.0,202.9,23528.0,341.0,74693.0,809903.0,202.3,0.993,24.16,203.8,0.0,270.9,271.2,272.0,0.979,269.5,0.748,269.6,0.921,271.0,0.01,13.54,2.0,3.0,0.0,30.39,224.3,318.8,320.6,0.0,6.59,7.697999999999999,861.0,867.0,0.233,0.0,50.31,40.08,45.24,46.94,44.95,46.56,45.16,45.65,40.65,46.34,95.6,96.4,96.4,96.6,96.8,95.4,83.4,778.0,792.0,783.0,776.0,792.0,773.0,684.0,30.52,30.76,30.76,30.82,30.89,30.45,26.63,0.0,319.2,0.0,60.14,0.0,703.9,0.0,5.0,0.0,0.0,0.0,252.9,250.2,253.0,22.85,22.75,0.0,38.22,343.8,15.52,2.0,3.53,-1.0,2.59,3.8,4902
2014-09-07 11:16:00,257.5,256.6,257.2,815430.0,74.7,59.9,60.0,209.7,23528.0,341.0,74694.0,809907.0,209.3,0.993,25.25,210.9,0.0,271.7,271.9,272.7,0.979,269.8,0.748,269.8,0.921,271.5,0.011,13.54,2.0,3.0,0.0,30.44,231.8,315.8,316.5,0.0,6.822,7.97,894.0,904.0,0.233,0.0,50.31,40.29,44.93,46.84,44.74,46.59,44.83,45.33,40.77,46.03,100.5,101.2,100.8,100.8,101.2,100.1,87.0,778.0,792.0,784.0,777.0,793.0,773.0,685.0,31.76,31.97,31.86,31.86,31.96,31.62,27.47,0.0,316.1,0.0,60.14,0.0,734.4,0.0,5.0,0.0,0.0,0.0,261.2,258.0,261.5,22.6,22.32,0.0,38.03,326.6,8.38,2.0,3.53,-1.0,2.195,3.2,4902
2014-09-07 11:17:00,217.9,216.4,217.0,815433.0,74.7,59.9,60.0,176.5,23528.0,341.0,74694.0,809910.0,174.9,0.994,19.78,176.0,0.0,271.5,271.6,272.5,0.979,270.0,0.748,270.1,0.921,271.7,0.011,13.54,2.0,3.0,0.0,30.49,194.7,324.4,325.5,0.0,5.62,6.57,737.0,744.5,0.231,0.0,50.33,39.82,44.34,46.58,44.67,46.9,44.32,45.14,41.05,45.88,81.4,82.09999999999998,81.7,81.59999999999998,82.09999999999998,80.9,70.36,779.0,793.0,784.0,777.0,793.0,774.0,685.0,26.42,26.64,26.52,26.5,26.65,26.26,22.84,0.0,324.7,0.0,60.14,0.0,600.3,0.0,5.0,0.0,0.0,0.0,217.3,217.1,216.9,22.42,22.19,0.0,37.56,14.29,33.77,2.0,3.531,-1.0,2.097,3.5,4902
2014-09-07 11:18:00,226.7,225.1,225.8,815436.0,74.7,59.9,60.0,183.9,23528.0,341.0,74694.0,809913.0,182.7,0.993,21.04,183.9,0.0,271.5,271.9,272.7,0.979,270.0,0.748,270.0,0.921,271.9,0.011,13.54,2.0,3.0,0.0,30.53,202.2,315.8,316.6,0.0,5.859,6.855,771.9,783.7999999999998,0.231,0.0,50.41,39.05,43.63,45.82,43.84,45.35,43.9,44.49,39.93,45.42,87.4,88.4,87.9,87.9,88.7,87.0,75.87999999999998,779.0,793.0,784.0,778.0,794.0,774.0,685.0,27.58,27.9,27.73,27.76,28.0,27.46,23.95,0.0,315.8,0.0,60.14,0.0,640.7,0.0,5.0,0.0,0.0,0.0,227.3,226.2,226.9,22.58,22.49,0.0,37.29,346.7,31.68,2.0,3.53,-1.0,2.033,4.4,4902
2014-09-07 11:19:00,196.8,195.6,196.3,815439.0,74.7,59.9,60.0,159.1,23528.0,341.0,74695.0,809915.0,157.2,0.994,16.92,158.1,0.0,271.2,271.5,272.4,0.979,270.0,0.748,270.0,0.921,271.6,0.011,13.54,2.0,3.0,0.0,30.57,175.0,317.4,318.5,0.0,5.018,5.888,656.9,658.9,0.23,0.0,50.41,38.76,42.73,44.81,43.02,44.64,43.16,43.49,39.18,44.53,74.33,74.67,74.97,74.95999999999998,74.81,74.39,64.7,780.0,794.0,785.0,778.0,794.0,774.0,686.0,23.6,23.71,23.8,23.79,23.75,23.61,20.54,0.0,317.8,0.0,60.14,0.0,552.0,0.0,5.0,0.0,0.0,0.0,194.8,195.6,194.6,22.67,22.47,0.0,36.68,357.0,20.5,2.0,3.528,-1.0,2.728,3.6,4902
2014-09-07 11:20:00,194.3,193.1,193.8,815442.0,74.7,59.9,60.0,157.0,23528.0,341.0,74695.0,809918.0,155.2,0.994,16.61,156.1,0.0,271.2,271.4,272.3,0.979,270.0,0.748,270.0,0.921,271.3,0.011,13.54,2.0,3.0,0.0,30.6,172.4,317.6,318.5,0.0,4.9,5.752000000000001,646.2,652.3,0.2289999999999999,0.0,50.41,38.17,41.79,43.56,42.0,43.85,41.98,42.57,38.25,43.3,73.33,74.0,74.0,74.12,74.39,73.23,64.02,780.0,794.0,785.0,779.0,795.0,775.0,686.0,23.3,23.51,23.51,23.55,23.64,23.27,20.34,0.0,317.8,0.0,60.15,0.0,543.0,0.0,5.0,0.0,0.0,0.0,192.4,193.4,192.2,22.98,22.81,0.0,36.28,15.72,18.27,2.0,3.53,-1.0,2.425,4.0,4902
2014-09-07 11:21:00,179.7,178.9,179.4,815444.0,74.7,59.9,60.0,144.9,23528.0,341.0,74695.0,809920.0,143.0,0.995,14.63,143.7,0.0,270.8,271.0,271.9,0.979,270.0,0.748,270.0,0.921,271.0,0.011,13.54,2.0,3.0,0.0,30.63,160.2,324.8,326.1,0.0,4.481,5.263,590.0,596.2,0.2289999999999999,0.0,50.46,37.77,41.09,42.8,41.7,42.51,41.52,41.98,38.26,42.56,66.24,66.77,66.63,66.53,66.73,66.07,57.34,780.0,795.0,786.0,779.0,795.0,775.0,686.0,21.53,21.71,21.66,21.62,21.69,21.48,18.64,0.0,325.2,0.0,60.14,0.0,493.5,0.0,5.0,0.0,0.0,0.0,177.0,178.7,176.9,23.01,22.87,0.0,36.32,14.04,24.7,2.0,3.528,-1.0,1.843,3.3,4902
2014-09-07 11:22:00,194.3,193.1,193.8,815447.0,74.7,59.9,60.0,156.9,23528.0,341.0,74695.0,809923.0,155.2,0.994,16.61,156.1,0.0,271.2,271.2,272.1,0.979,270.0,0.748,270.0,0.921,271.0,0.011,13.54,2.0,3.0,0.0,30.64,173.1,323.1,324.6,0.0,4.855,5.694,640.6,648.9,0.23,0.0,50.47,37.94,40.94,42.14,41.26,41.93,41.0,41.39,37.95,42.31,72.40999999999998,73.04999999999998,72.81999999999998,72.70999999999998,73.03,72.25,62.64,781.0,795.0,786.0,779.0,795.0,775.0,687.0,23.4,23.61,23.53,23.5,23.6,23.35,20.24,0.0,323.1,0.0,60.15,0.0,535.7,0.0,5.0,0.0,0.0,0.0,192.5,193.5,192.2,23.01,22.75,0.0,36.44,32.35,27.42,2.0,3.53,-1.0,1.607,3.0,4902
2014-09-07 11:23:00,191.1,190.1,190.7,815449.0,74.7,59.9,60.0,154.4,23528.0,341.0,74696.0,809925.0,152.5,0.994,16.19,153.4,0.0,271.1,271.4,272.3,0.979,270.0,0.748,270.0,0.921,271.0,0.011,13.54,2.0,3.0,0.0,30.64,170.2,323.4,324.5,0.0,4.769,5.589,627.9,631.8,0.2289999999999999,0.0,50.49,38.01,40.69,41.55,40.54,41.12,40.7,40.95,37.03,41.92,70.56,71.17,71.57,71.62,71.58,70.87,61.82,781.0,795.0,786.0,780.0,796.0,776.0,687.0,22.84,23.04,23.17,23.18,23.17,22.94,20.01,0.0,323.8,0.0,60.14,0.0,526.3,0.0,5.0,0.0,0.0,0.0,189.2,190.4,189.1,22.91,22.73,0.0,36.66,354.8,29.35,2.0,3.53,-1.0,1.958,2.9,4902
2014-09-07 11:24:00,187.1,186.1,186.7,815452.0,74.7,59.9,60.0,151.0,23528.0,341.0,74696.0,809928.0,149.1,0.995,15.63,149.9,0.0,271.1,271.2,272.1,0.979,270.0,0.748,270.0,0.921,271.0,0.011,13.54,2.0,3.0,0.0,30.66,166.4,322.8,324.1,0.0,4.665,5.459,612.1,618.6,0.2289999999999999,0.0,50.49,37.02,39.99,41.0,39.74,40.65,40.0,40.34,35.93,41.14,69.57,69.87,69.99,69.91,69.82,69.5,60.31,782.0,796.0,787.0,780.0,796.0,776.0,687.0,22.48,22.57,22.61,22.58,22.56,22.45,19.48,0.0,323.1,0.0,60.15,0.0,515.7,0.0,5.0,0.0,0.0,0.0,184.8,186.2,184.7,22.72,22.51,0.0,35.08,357.2,21.92,2.0,3.53,-1.0,2.9330000000000003,4.4,4902
2014-09-07 11:25:00,195.2,194.1,194.7,815454.0,74.7,59.9,60.0,157.7,23528.0,341.0,74696.0,809930.0,155.9,0.994,16.75,156.8,0.0,271.1,271.2,272.1,0.979,270.0,0.748,270.0,0.921,271.0,0.011,13.54,2.0,3.0,0.0,30.65,173.8,324.3,325.2,0.0,4.872,5.686,639.2,647.5,0.2289999999999999,0.0,50.49,36.12,38.95,40.41,39.0,39.96,39.45,39.71,35.36,40.35,72.5,72.95999999999998,72.98,73.08,73.26,72.33,63.25,782.0,796.0,787.0,781.0,797.0,777.0,688.0,23.5,23.66,23.65,23.69,23.75,23.44,20.5,0.0,324.4,0.0,60.14,0.0,536.3,0.0,5.0,0.0,0.0,0.0,193.3,194.3,193.2,22.46,22.2,0.0,33.85,345.5,19.47,2.0,3.53,-1.0,2.107,3.5,4902
2014-09-07 11:26:00,198.9,197.7,198.4,815457.0,74.7,59.9,60.0,161.3,23528.0,341.0,74696.0,809933.0,159.7,0.994,17.33,160.6,0.0,272.0,272.2,273.1,0.979,270.9,0.748,270.9,0.921,271.9,0.011,13.54,2.0,3.0,0.0,30.64,177.4,323.7,324.8,0.0,5.007,5.832999999999999,655.1,661.6,0.2289999999999999,0.0,50.42,35.36,38.72,40.5,39.26,40.02,39.37,39.65,35.89,40.45,74.39,74.7,74.75,74.59999999999998,74.54999999999998,74.26999999999998,64.22,782.0,796.0,788.0,781.0,797.0,777.0,688.0,24.1,24.21,24.21,24.16,24.15,24.06,20.8,0.0,324.0,0.0,60.15,0.0,548.2,0.0,5.0,0.0,0.0,0.0,197.3,198.1,197.1,22.26,22.1,0.0,33.68,6.281000000000001,48.27,2.0,3.53,-1.0,1.932,4.2,4902
2014-09-07 11:27:00,183.5,182.7,183.3,815459.0,74.7,59.9,60.0,148.7,23528.0,341.0,74697.0,809935.0,147.0,0.995,15.24,147.8,0.0,272.0,272.1,273.0,0.979,271.0,0.748,271.0,0.921,272.0,0.011,13.54,2.0,3.0,0.0,30.64,164.6,330.0,331.2,0.0,4.579,5.329,595.2,604.3,0.2289999999999999,0.0,50.39,34.54,38.58,39.95,38.55,39.39,38.93,39.08,35.03,40.0,66.94,67.31,67.3,67.29,67.41,66.69,58.23,783.0,797.0,788.0,781.0,797.0,777.0,688.0,22.09,22.21,22.2,22.2,22.24,22.0,19.21,0.0,330.0,0.0,60.13,0.0,498.9,0.0,5.0,0.0,0.0,0.0,181.4,182.9,181.2,22.14,22.01,0.0,33.39,309.4,21.7,2.0,3.53,-1.0,2.012,3.0,4902
2014-09-07 11:28:00,182.2,181.4,182.0,815462.0,74.7,59.9,60.0,147.6,23528.0,341.0,74697.0,809938.0,145.7,0.995,15.03,146.5,0.0,271.9,272.1,273.0,0.979,271.0,0.748,271.0,0.921,272.0,0.011,13.54,2.0,3.0,0.0,30.62,163.8,333.6,335.2,0.0,4.553,5.29,590.3,597.3,0.228,0.0,50.31,33.42,38.05,39.42,38.16,39.46,38.02,38.57,35.1,39.89,65.53,66.02,66.12,66.16,66.24,65.36,57.27,783.0,797.0,788.0,782.0,798.0,778.0,689.0,21.87,22.04,22.07,22.08,22.11,21.81,19.11,0.0,333.9,0.0,60.14,0.0,491.2,0.0,5.0,0.0,0.0,0.0,179.9,181.4,179.7,21.86,21.79,0.0,32.25,306.7,21.24,2.0,3.53,-1.0,2.39,4.1,4902
2014-09-07 11:29:00,194.7,193.7,194.3,815464.0,74.7,59.9,60.0,157.8,23528.0,341.0,74697.0,809940.0,156.0,0.994,16.71,156.9,0.0,272.0,272.0,272.9,0.979,271.0,0.748,271.0,0.921,272.0,0.011,13.54,2.0,3.0,0.0,30.59,175.2,335.3,336.4,0.0,4.89,5.667000000000001,636.1,649.9,0.2289999999999999,0.0,50.31,33.63,37.26,38.76,37.67,39.08,37.39,38.18,34.6,39.21,70.57,71.27,70.7,70.55,71.15,70.0,60.82,783.0,798.0,789.0,782.0,798.0,778.0,689.0,23.66,23.9,23.7,23.65,23.86,23.46,20.39,0.0,335.4,0.0,60.15,0.0,522.6,0.0,5.0,0.0,0.0,0.0,193.0,193.8,192.8,22.22,22.14,0.0,32.92,16.63,21.64,2.0,3.53,-1.0,3.165,6.0,4902
2014-09-07 11:30:00,233.6,232.9,233.4,815467.0,74.7,59.9,60.0,190.5,23528.0,341.0,74698.0,809944.0,189.0,0.993,21.98,190.3,0.0,272.4,272.3,273.2,0.979,271.0,0.748,271.0,0.921,272.0,0.011,13.54,2.0,3.0,0.0,30.57,211.0,334.3,335.4,0.0,5.962999999999999,6.901,780.4,802.0,0.231,0.0,50.22,34.26,36.88,38.88,37.43,38.69,37.65,38.24,34.13,38.87,86.4,87.29999999999998,86.29999999999998,86.09999999999998,87.0,85.29999999999998,74.23,784.0,798.0,789.0,783.0,799.0,779.0,689.0,28.91,29.23,28.86,28.82,29.14,28.55,24.84,0.0,334.4,0.0,60.13,0.0,631.0,0.0,5.0,0.0,0.0,0.0,234.6,233.4,234.8,22.55,22.39,0.0,33.06,341.9,10.43,2.0,3.53,-1.0,3.138,4.3,4902
2014-09-07 11:31:00,265.8,265.8,266.2,815471.0,74.7,59.9,60.0,217.9,23528.0,341.0,74698.0,809947.0,217.3,0.993,26.44,218.9,0.0,272.8,272.7,273.4,0.979,271.0,0.748,271.0,0.921,272.0,0.011,13.54,2.0,3.0,0.0,30.55,241.9,337.3,338.3,0.0,7.096,8.199999999999998,926.0,961.0,0.233,0.0,50.13,35.18,37.53,39.56,37.84,39.52,38.29,38.87,34.4,39.47,100.5,100.9,98.3,96.9,98.3,98.0,82.29999999999998,784.0,799.0,790.0,783.0,799.0,779.0,690.0,33.99,34.13,33.24,32.78,33.25,33.15,27.83,0.0,337.9,0.0,60.14,0.0,716.5,0.0,5.0,0.0,0.0,0.0,269.9,267.3,271.1,22.58,22.4,0.0,33.68,319.5,19.2,2.0,3.53,-1.0,2.987,5.5,4902
2014-09-07 11:32:00,262.2,262.2,262.6,815474.0,74.7,59.9,60.0,214.9,23528.0,341.0,74698.0,809951.0,215.2,0.993,26.09,216.8,0.0,272.9,272.7,273.4,0.979,271.0,0.748,271.0,0.921,272.0,0.011,13.54,2.0,3.0,0.0,30.53,239.1,339.5,340.5,0.0,7.16,8.269999999999998,924.0,937.0,0.233,0.0,50.04,35.12,38.2,40.32,38.63,40.75,38.75,39.47,35.41,40.04,97.4,97.4,96.1,94.8,95.5,96.0,80.59999999999998,785.0,799.0,790.0,784.0,800.0,780.0,690.0,33.08,33.1,32.66,32.2,32.46,32.61,27.39,0.0,339.3,0.0,60.14,0.0,703.5,0.0,5.0,0.0,0.0,0.0,266.8,264.6,268.1,22.35,22.25,0.0,33.78,322.0,17.17,2.0,3.53,-1.0,3.427,4.7,4902
2014-09-07 11:33:00,258.6,258.9,259.2,815478.0,74.7,59.9,60.0,211.9,23528.0,341.0,74699.0,809954.0,211.5,0.993,25.58,213.0,0.0,272.7,272.6,273.4,0.979,271.0,0.748,271.0,0.921,272.0,0.011,13.54,2.0,3.0,0.0,30.5,235.5,340.7,340.8,0.0,6.941,7.977,900.0,915.0,0.233,0.0,49.98,36.09,39.22,40.51,38.88,41.43,38.69,39.6,35.32,40.36,93.7,95.0,94.8,95.3,95.8,92.8,83.09999999999998,786.0,800.0,791.0,784.0,800.0,780.0,691.0,31.96,32.41,32.31,32.5,32.66,31.65,28.34,0.0,340.7,0.0,60.2,0.0,690.8,0.0,5.0,0.0,0.0,0.0,262.3,260.7,263.6,22.75,22.66,0.0,35.01,326.5,22.08,2.0,3.53,-1.0,3.023,4.7,4902
2014-09-07 11:34:00,256.3,256.3,256.6,815481.0,74.7,59.9,60.0,209.8,23528.0,341.0,74699.0,809958.0,209.1,0.993,25.15,210.6,0.0,272.7,272.5,273.3,0.979,271.0,0.748,271.0,0.921,272.0,0.011,13.54,2.0,3.0,0.0,30.5,232.9,342.7,343.3,0.0,6.933,7.95,895.0,906.0,0.233,0.0,49.92,35.94,39.74,41.0,39.41,42.09,39.08,40.29,36.09,41.15,90.5,92.7,93.1,94.1,94.5,90.5,82.29999999999998,786.0,800.0,791.0,785.0,801.0,781.0,691.0,31.1,31.86,31.97,32.31,32.48,31.08,28.25,0.0,343.1,0.0,60.14,0.0,678.9,0.0,5.0,0.0,0.0,0.0,259.7,257.8,260.6,22.54,22.42,0.0,34.88,336.0,25.13,2.0,3.531,-1.0,1.753,4.1,4902
2014-09-07 11:35:00,232.4,231.9,232.3,815484.0,74.7,59.9,60.0,189.7,23528.0,341.0,74700.0,809961.0,189.2,0.993,21.99,190.5,0.0,272.8,272.5,273.3,0.979,271.0,0.748,271.0,0.921,272.0,0.011,13.54,2.0,3.0,0.0,30.5,210.7,342.6,344.7,0.0,6.285,7.178,799.5,809.0,0.233,0.0,49.83,36.19,40.41,41.74,40.4,43.3,39.71,41.22,37.57,42.13,83.7,84.0,83.29999999999998,83.0,83.09999999999998,82.2,71.63,787.0,801.0,792.0,785.0,801.0,781.0,692.0,28.68,28.82,28.56,28.47,28.5,28.2,24.56,0.0,342.9,0.0,60.14,0.0,614.8,0.0,5.0,0.0,0.0,0.0,234.5,233.6,234.8,22.5,22.39,0.0,34.99,340.0,29.33,2.0,3.53,-1.0,2.442,4.3,4902
2014-09-07 11:36:00,266.3,266.8,267.0,815488.0,74.7,59.9,60.0,218.5,23528.0,341.0,74700.0,809965.0,217.8,0.993,26.47,219.4,0.0,273.2,272.5,273.3,0.979,271.0,0.748,271.0,0.921,272.0,0.011,13.54,2.0,3.0,0.0,30.5,242.5,339.2,341.2,0.0,7.252999999999998,8.269999999999998,938.0,973.0,0.233,0.0,49.8,36.98,40.53,41.63,40.5,43.29,39.75,40.99,37.37,41.91,100.6,101.3,98.4,97.5,99.1,97.5,83.2,787.0,801.0,792.0,786.0,802.0,782.0,692.0,34.08,34.34,33.36,33.04,33.59,33.05,28.21,0.0,339.3,0.0,60.15,0.0,715.6,0.0,5.0,0.0,0.0,0.0,270.3,267.8,271.5,22.74,22.57,0.0,35.47,341.0,18.45,2.0,3.53,-1.0,2.948,4.6,4902
2014-09-07 11:37:00,257.7,257.2,257.6,815491.0,74.7,59.9,60.0,210.8,23528.0,341.0,74701.0,809968.0,210.5,0.993,25.41,212.0,0.0,272.8,272.8,273.5,0.979,271.0,0.748,271.0,0.921,272.0,0.011,13.54,2.0,3.0,0.0,30.5,234.1,335.6,335.4,0.0,6.997999999999999,7.963999999999999,894.0,909.0,0.233,0.0,49.8,36.96,41.3,42.11,40.73,43.5,40.22,41.38,37.32,42.36,96.8,96.7,95.4,94.4,94.6,95.0,80.5,788.0,802.0,793.0,786.0,802.0,782.0,693.0,32.48,32.45,32.02,31.67,31.76,31.88,27.02,0.0,335.7,0.0,60.14,0.0,697.8,0.0,5.0,0.0,0.0,0.0,261.6,259.1,262.2,22.88,22.77,0.0,35.56,317.5,25.36,2.0,3.53,-1.0,3.3,5.5,4902
2014-09-07 11:38:00,244.8,244.3,244.7,815495.0,74.7,59.9,60.0,200.0,23528.0,341.0,74701.0,809971.0,199.9,0.993,23.77,201.3,0.0,272.6,272.7,273.4,0.979,271.0,0.748,271.0,0.921,272.0,0.011,13.54,2.0,3.0,0.0,30.5,222.3,340.2,341.3,0.0,6.655,7.564,846.0,848.0,0.233,0.0,49.82,36.37,41.35,42.26,40.89,43.82,39.97,41.43,37.61,42.29,87.09999999999998,88.29999999999998,89.5,90.0,89.59999999999998,87.5,78.42,788.0,802.0,793.0,787.0,803.0,783.0,693.0,29.67,30.07,30.45,30.62,30.5,29.79,26.69,0.0,340.6,0.0,60.14,0.0,653.9,0.0,5.0,0.0,0.0,0.0,247.9,246.5,248.5,22.66,22.55,0.0,35.34,337.3,21.7,2.0,3.53,-1.0,3.012,5.2,4902
2014-09-07 11:39:00,211.0,210.2,210.7,815497.0,74.7,59.9,60.0,171.7,23528.0,341.0,74701.0,809974.0,170.3,0.994,19.0,171.3,0.0,272.4,272.5,273.3,0.979,271.0,0.748,271.0,0.921,272.0,0.011,13.54,2.0,3.0,0.0,30.5,191.1,343.6,344.2,0.0,5.69,6.429,721.4,729.5,0.23,0.0,49.77,36.57,41.18,41.9,40.52,43.52,39.66,41.08,37.18,41.93,73.83,75.25,75.61,75.98999999999998,76.29999999999998,73.70999999999998,66.1,789.0,803.0,794.0,787.0,803.0,783.0,693.0,25.38,25.88,25.99,26.12,26.24,25.33,22.72,0.0,343.9,0.0,60.15,0.0,556.4,0.0,5.0,0.0,0.0,0.0,210.6,210.9,210.6,22.6,22.39,0.0,35.19,325.4,16.71,2.0,3.53,-1.0,2.362,3.2,4902
2014-09-07 11:40:00,254.3,254.2,254.6,815501.0,74.7,59.9,60.0,208.3,23528.0,341.0,74702.0,809978.0,207.4,0.993,24.85,208.9,0.0,272.6,272.9,273.6,0.979,271.0,0.748,271.0,0.921,272.0,0.011,13.54,2.0,3.0,0.0,30.5,231.2,342.0,343.8,0.0,7.101,8.07,913.0,929.0,0.233,0.0,49.72,36.82,41.13,42.06,40.39,43.83,39.71,41.01,37.01,42.14,92.5,93.5,92.6,92.5,93.3,91.0,79.83,789.0,803.0,794.0,788.0,804.0,784.0,694.0,31.74,32.1,31.78,31.72,32.0,31.2,27.38,0.0,342.5,0.0,60.16,0.0,675.2,0.0,5.0,0.0,0.0,0.0,257.1,255.5,258.2,22.63,22.45,0.0,35.21,337.4,26.15,2.0,3.53,-1.0,3.217,5.0,4902
2014-09-07 11:41:00,229.2,228.5,229.0,815504.0,74.7,59.9,60.0,186.9,23528.0,341.0,74702.0,809981.0,185.8,0.994,21.46,187.0,0.0,272.5,272.6,273.3,0.979,271.0,0.748,271.0,0.921,272.0,0.011,13.54,2.0,3.0,0.0,30.52,207.9,340.5,342.2,0.0,6.212000000000001,7.023,792.9,826.0,0.231,0.0,49.72,36.57,40.55,41.9,40.59,43.89,39.74,40.99,37.11,41.8,83.59999999999998,84.7,82.7,82.29999999999998,83.79999999999998,81.5,70.82,790.0,804.0,795.0,788.0,804.0,784.0,694.0,28.53,28.91,28.19,28.07,28.6,27.78,24.14,0.0,341.0,0.0,60.15,0.0,610.6,0.0,5.0,0.0,0.0,0.0,230.2,229.5,230.5,22.77,22.6,0.0,35.16,331.4,20.27,2.0,3.528,-1.0,3.142,4.4,4902
2014-09-07 11:42:00,280.9,281.9,282.2,815508.0,74.7,59.9,60.0,231.1,23528.0,341.0,74702.0,809985.0,231.5,0.993,28.58,233.2,0.0,272.9,273.1,273.8,0.979,271.0,0.748,271.0,0.921,272.0,0.011,13.54,2.0,3.0,0.0,30.53,256.9,342.7,345.5,0.0,8.109999999999998,9.26,1031.0,1030.0,0.2349999999999999,0.0,49.72,37.66,41.27,42.55,41.06,44.6,40.3,41.68,37.19,42.36,102.0,102.7,103.4,103.2,102.8,101.6,89.09999999999998,790.0,804.0,795.0,789.0,805.0,785.0,695.0,34.98,35.23,35.46,35.41,35.26,34.83,30.57,0.0,342.7,0.0,60.15,0.0,749.5,0.0,5.0,0.0,0.0,0.0,286.9,284.5,289.2,22.88,22.67,0.0,35.98,340.9,16.26,2.0,3.53,-1.0,2.593,3.8,4902
2014-09-07 11:43:00,271.6,272.3,272.7,815511.0,74.7,59.9,60.0,223.1,23528.0,341.0,74703.0,809988.0,222.8,0.993,27.43,224.4,0.0,273.0,272.9,273.5,0.979,271.0,0.748,271.0,0.921,272.0,0.011,13.54,2.0,3.0,0.0,30.54,248.2,346.5,346.8,0.0,8.0,9.1,1030.0,1059.0,0.2349999999999999,0.0,49.64,38.65,41.98,43.64,41.99,45.37,41.56,42.75,38.43,43.36,98.2,99.8,98.1,98.0,99.4,95.8,84.7,791.0,805.0,796.0,789.0,805.0,785.0,695.0,34.15,34.71,34.11,34.05,34.57,33.29,29.41,0.0,346.9,0.0,60.22,0.0,715.2,0.0,5.0,0.0,0.0,0.0,276.2,274.2,278.0,23.08,22.95,0.0,36.82,322.7,16.19,2.0,3.53,-1.0,2.605,3.9,4902
2014-09-07 11:44:00,283.5,284.8,285.0,815515.0,74.7,59.9,60.0,233.3,23528.0,341.0,74703.0,809992.0,233.5,0.992,29.1,235.3,0.0,272.9,273.0,273.7,0.979,271.0,0.748,271.0,0.921,272.0,0.012,13.54,2.0,3.0,0.0,30.57,259.3,349.8,351.3,0.0,8.609999999999998,9.82,1097.0,1107.0,0.236,0.0,49.62,39.89,42.83,44.54,42.87,46.69,42.29,43.58,38.95,44.38,100.5,102.3,102.0,102.2,103.2,99.0,88.7,791.0,806.0,797.0,790.0,806.0,786.0,696.0,35.26,35.89,35.77,35.86,36.22,34.72,31.1,0.0,350.7,0.0,60.19,0.0,740.7999999999998,0.0,5.0,0.0,0.0,0.0,289.5,287.2,291.9,23.01,22.83,0.0,37.77,354.8,31.69,2.0,3.53,-1.0,1.917,3.7,4902
2014-09-07 11:45:00,287.5,289.3,289.5,815519.0,74.7,59.9,60.0,237.1,23528.0,341.0,74704.0,809996.0,237.5,0.992,29.59,239.3,0.0,273.1,272.9,273.6,0.979,271.2,0.748,271.2,0.921,272.2,0.011,13.54,2.0,3.0,0.0,30.6,263.6,350.3,351.4,0.0,9.11,10.4,1163.0,1186.0,0.2369999999999999,0.0,49.64,41.49,44.41,46.28,44.43,47.65,44.13,45.28,40.37,46.01,104.7,105.3,103.4,102.3,103.5,101.3,87.9,792.0,806.0,797.0,791.0,807.0,787.0,696.0,36.73,36.94,36.29,35.89,36.29,35.54,30.82,0.0,350.5,0.0,60.17,0.0,752.2,0.0,5.0,0.0,0.0,0.0,294.3,291.9,297.1,23.26,23.11,0.0,39.08,344.2,27.15,2.0,3.53,-1.0,2.897,5.3,4902
2014-09-07 11:46:00,215.1,214.9,215.2,815522.0,74.7,59.9,60.0,176.1,23528.0,341.0,74704.0,809999.0,175.9,0.994,19.81,177.1,0.0,273.5,273.5,274.4,0.979,272.0,0.748,272.0,0.921,273.0,0.011,13.54,2.0,3.0,0.0,30.65,196.6,341.8,342.8,0.0,6.195,6.996,771.0,759.9,0.233,0.0,49.65,41.04,44.58,46.34,44.83,48.05,44.09,45.13,40.88,45.78,75.01,75.9,78.03,78.51,77.67,75.84999999999998,68.41,792.0,807.0,798.0,791.0,807.0,787.0,697.0,25.65,25.96,26.68,26.85,26.57,25.93,23.39,0.0,342.1,0.0,60.14,0.0,575.5,0.0,5.0,0.0,0.0,0.0,217.0,216.6,217.3,23.07,22.83,0.0,38.49,2.089,52.24,2.0,3.531,-1.0,2.632,4.5,4902
2014-09-07 11:47:00,186.5,185.7,186.2,815524.0,74.7,59.9,60.0,151.8,23528.0,341.0,74704.0,810002.0,150.0,0.995,15.61,150.8,0.0,273.2,273.2,274.2,0.979,272.0,0.748,272.0,0.921,273.0,0.011,13.54,2.0,3.0,0.0,30.7,169.2,336.6,337.5,0.0,5.124,5.72,642.9,669.6,0.228,0.0,49.72,39.4,43.49,45.02,44.19,46.32,43.41,44.31,40.67,44.69,68.67,69.51,68.06,67.6,68.78,66.96,57.85,793.0,807.0,798.0,791.0,808.0,787.0,697.0,23.1,23.39,22.89,22.74,23.15,22.52,19.46,0.0,336.7,0.0,60.15,0.0,503.3,0.0,5.0,0.0,0.0,0.0,184.5,185.5,184.4,23.24,23.17,0.0,37.92,1.23,13.48,2.0,3.53,-1.0,2.462,3.6,4902
2014-09-07 11:48:00,284.4,285.7,286.0,815528.0,74.7,59.9,60.0,235.4,23528.0,341.0,74705.0,810006.0,235.2,0.992,29.12,237.0,0.0,274.2,274.4,275.2,0.979,272.0,0.748,272.0,0.921,273.5,0.012,13.54,2.0,3.0,0.0,30.76,261.5,343.8,344.5,0.0,8.58,9.77,1103.0,1133.0,0.236,0.0,49.8,40.03,43.83,45.37,44.04,46.03,44.03,44.74,40.05,44.81,105.6,106.5,105.0,104.4,105.6,103.0,89.59999999999998,793.0,808.0,799.0,792.0,808.0,788.0,698.0,36.37,36.7,36.15,35.94,36.36,35.46,30.86,0.0,344.1,0.0,60.15,0.0,759.9,0.0,5.0,0.0,0.0,0.0,290.2,287.7,292.6,23.2,23.04,0.0,37.66,352.9,22.76,2.0,3.53,-1.0,2.292,3.3,4902
2014-09-07 11:49:00,220.8,220.3,220.6,815531.0,74.7,59.9,60.0,180.9,23528.0,341.0,74705.0,810009.0,179.7,0.994,20.39,180.9,0.0,273.6,273.9,274.8,0.979,272.2,0.748,272.1,0.921,273.8,0.012,13.54,2.0,3.0,0.0,30.8,201.2,336.7,339.0,0.0,6.152,6.9510000000000005,778.2999999999998,795.2999999999998,0.2319999999999999,0.0,49.82,40.17,44.4,45.57,44.16,46.18,44.5,44.8,40.03,45.16,82.2,82.29999999999998,81.29999999999998,80.4,80.59999999999998,80.59999999999998,68.5,794.0,808.0,799.0,792.0,809.0,788.0,698.0,27.68,27.73,27.37,27.07,27.15,27.11,23.06,0.0,337.0,0.0,60.13,0.0,598.5,0.0,5.0,0.0,0.0,0.0,221.5,221.1,221.7,23.02,22.8,0.0,37.45,5.956,29.08,2.0,3.53,-1.0,2.52,4.0,4902
2014-09-07 11:50:00,246.0,245.8,246.2,815534.0,74.7,59.9,60.0,202.2,23528.0,341.0,74706.0,810012.0,201.9,0.993,23.93,203.4,0.0,273.9,273.9,274.7,0.979,272.0,0.748,272.0,0.921,273.2,0.012,13.54,2.0,3.0,0.0,30.84,224.8,334.5,335.7,0.0,6.834,7.779,866.0,882.0,0.233,0.0,49.8,40.28,43.26,44.76,43.06,45.57,43.32,44.02,38.79,44.93,91.8,91.7,91.3,91.1,90.9,90.3,78.87,794.0,809.0,800.0,793.0,809.0,789.0,698.0,30.73,30.73,30.57,30.5,30.45,30.23,26.4,0.0,334.9,0.0,60.15,0.0,672.4,0.0,5.0,0.0,0.0,0.0,249.3,247.7,250.0,23.3,23.18,0.0,38.15,347.1,35.43,2.0,3.53,-1.0,2.002,3.1,4902
2014-09-07 11:51:00,233.9,233.2,233.6,815538.0,74.7,59.9,60.0,191.6,23528.0,341.0,74706.0,810015.0,190.5,0.993,22.14,191.8,0.0,273.8,273.6,274.5,0.979,272.0,0.748,272.0,0.921,273.1,0.012,13.54,2.0,3.0,0.0,30.89,212.6,331.1,332.5,0.0,6.348,7.213999999999999,810.0,816.0,0.2319999999999999,0.0,49.76,40.38,43.91,44.37,42.97,45.32,42.79,43.72,38.7,44.4,86.59999999999998,87.29999999999998,88.0,88.2,87.9,86.4,76.31,795.0,809.0,800.0,793.0,810.0,789.0,699.0,28.68,28.91,29.12,29.2,29.12,28.59,25.26,0.0,331.2,0.0,60.15,0.0,642.6,0.0,5.0,0.0,0.0,0.0,235.3,234.2,235.4,23.27,23.02,0.0,38.37,4.082,15.24,2.0,3.53,-1.0,2.5,3.7,4902
2014-09-07 11:52:00,261.7,261.9,262.3,815541.0,74.7,59.9,60.0,215.4,23528.0,341.0,74707.0,810019.0,215.0,0.993,26.0,216.5,0.0,273.9,273.8,274.6,0.979,272.0,0.748,272.0,0.921,273.0,0.012,13.54,2.0,3.0,0.0,30.92,239.1,335.3,336.5,0.0,7.417999999999998,8.49,952.0,973.0,0.2339999999999999,0.0,49.76,41.15,43.92,45.02,43.56,45.25,43.53,44.25,39.47,45.14,97.2,98.2,97.7,97.6,98.3,95.9,84.29999999999998,795.0,810.0,801.0,794.0,810.0,790.0,699.0,32.69,33.04,32.85,32.82,33.07,32.26,28.33,0.0,335.7,0.0,60.14,0.0,711.9,0.0,5.0,0.0,0.0,0.0,265.6,263.7,266.9,23.06,22.79,0.0,39.14,16.63,25.51,2.0,3.53,-1.0,1.685,3.6,4902
2014-09-07 11:53:00,271.8,271.9,272.2,815545.0,74.7,59.9,60.0,223.7,23528.0,341.0,74707.0,810022.0,223.4,0.993,27.37,225.1,0.0,273.7,273.8,274.6,0.979,272.0,0.748,272.0,0.921,273.0,0.012,13.54,2.0,3.0,0.0,30.96,248.2,329.5,330.5,0.0,7.507999999999998,8.609999999999998,969.0,978.0,0.2339999999999999,0.0,49.72,42.15,44.73,45.88,44.23,45.73,44.49,44.98,40.05,45.73,101.3,103.1,104.3,104.9,104.8,102.0,90.9,796.0,810.0,801.0,795.0,811.0,790.0,700.0,33.4,34.0,34.37,34.57,34.56,33.62,29.98,0.0,329.6,0.0,60.15,0.0,753.2999999999998,0.0,5.0,0.0,0.0,0.0,276.5,273.8,277.7,23.19,23.06,0.0,40.12,2.803,13.68,2.0,3.528,-1.0,2.062,3.0,4902
2014-09-07 11:54:00,275.3,276.3,276.6,815548.0,74.7,59.9,60.0,227.2,23528.0,341.0,74707.0,810026.0,227.3,0.993,27.94,229.0,0.0,273.7,273.8,274.6,0.979,272.0,0.748,272.0,0.921,273.0,0.012,13.54,2.0,3.0,0.0,31.0,251.8,330.6,331.9,0.0,8.019999999999998,9.24,1031.0,1045.0,0.236,0.0,49.77,42.48,45.49,47.31,45.61,46.78,46.07,46.38,41.74,46.57,104.9,104.6,104.5,103.7,103.1,103.5,89.2,797.0,811.0,802.0,795.0,811.0,791.0,700.0,34.81,34.7,34.67,34.41,34.19,34.33,29.59,0.0,331.1,0.0,60.15,0.0,760.1,0.0,5.0,0.0,0.0,0.0,280.9,278.5,282.8,23.23,23.14,0.0,40.54,12.05,15.62,2.0,3.53,-1.0,2.132,2.9,4902
2014-09-07 11:55:00,286.7,288.2,288.6,815552.0,74.7,59.9,60.0,237.0,23528.0,341.0,74708.0,810030.0,236.8,0.992,29.42,238.6,0.0,273.9,273.8,274.6,0.979,272.0,0.748,272.0,0.921,273.0,0.012,13.54,2.0,3.0,0.0,31.06,263.0,336.4,337.3,0.0,8.62,9.95,1128.0,1172.0,0.2349999999999999,0.0,49.78,41.53,46.11,47.87,46.37,47.8,46.54,46.98,42.54,47.05,108.6,110.2,107.9,107.1,109.2,106.1,91.9,797.0,811.0,802.0,796.0,812.0,792.0,701.0,36.67,37.22,36.43,36.16,36.87,35.81,31.05,0.0,337.1,0.0,60.15,0.0,780.2999999999998,0.0,5.0,0.0,0.0,0.0,292.6,290.2,295.3,23.07,23.02,0.0,39.87,324.3,23.04,2.0,3.53,-1.0,2.12,3.5,4902
2014-09-07 11:56:00,282.6,283.4,283.7,815556.0,74.7,59.9,60.0,233.2,23528.0,341.0,74708.0,810034.0,233.2,0.992,28.85,235.0,0.0,273.9,273.9,274.6,0.979,272.0,0.748,272.0,0.921,273.0,0.012,13.54,2.0,3.0,0.0,31.11,259.0,332.7,331.2,0.0,8.269999999999998,9.57,1074.0,1088.0,0.236,0.0,49.8,41.15,46.73,48.8,47.43,49.76,47.21,47.75,43.36,48.73,107.8,108.6,107.4,106.7,107.3,106.0,91.8,798.0,812.0,803.0,796.0,812.0,792.0,701.0,35.82,36.1,35.67,35.45,35.64,35.21,30.5,0.0,332.0,0.0,60.16,0.0,777.9,0.0,5.0,0.0,0.0,0.0,288.4,285.6,290.5,23.0,22.97,0.0,39.67,332.8,15.7,2.0,3.53,-1.0,1.84,3.5,4902
2014-09-07 11:57:00,280.9,282.2,282.3,815560.0,74.7,59.9,60.0,231.7,23528.0,341.0,74709.0,810038.0,232.1,0.993,28.67,233.9,0.0,273.6,273.6,274.4,0.979,271.8,0.748,271.7,0.921,273.0,0.012,13.54,2.0,3.0,0.0,31.17,257.0,328.2,328.0,0.0,8.25,9.57,1067.0,1078.0,0.236,0.0,49.8,41.23,46.68,49.04,47.83,50.58,47.07,48.06,43.61,49.32,108.0,108.4,107.1,106.3,106.7,106.0,91.3,798.0,813.0,804.0,797.0,813.0,793.0,702.0,35.51,35.66,35.21,34.95,35.11,34.86,30.03,0.0,328.6,0.0,60.14,0.0,782.2999999999998,0.0,5.0,0.0,0.0,0.0,287.3,284.5,289.3,22.91,22.82,0.0,39.94,308.3,15.95,2.0,3.53,-1.0,2.353,3.6,4902
2014-09-07 11:58:00,234.6,233.9,234.2,815563.0,74.7,59.9,60.0,191.7,23528.0,341.0,74709.0,810041.0,190.6,0.993,22.2,191.9,0.0,273.1,273.1,274.0,0.979,271.9,0.748,271.9,0.921,273.0,0.012,13.54,2.0,3.0,0.0,31.23,212.5,325.2,325.9,0.0,6.375,7.371,831.0,856.0,0.2319999999999999,0.0,49.8,41.0,46.54,48.65,47.76,50.65,46.47,47.63,43.72,49.25,90.2,91.3,89.09999999999998,88.59999999999998,90.2,88.2,75.95999999999998,799.0,813.0,804.0,797.0,814.0,793.0,702.0,29.31,29.69,28.97,28.8,29.33,28.65,24.69,0.0,325.2,0.0,60.14,0.0,653.7,0.0,5.0,0.0,0.0,0.0,236.0,234.7,236.0,23.09,23.04,0.0,40.27,304.8,21.8,2.0,3.53,-1.0,1.977,3.8,4902
2014-09-07 11:59:00,275.7,275.9,276.2,815567.0,74.7,59.9,60.0,226.7,23528.0,341.0,74710.0,810045.0,226.7,0.993,27.87,228.4,0.0,273.7,273.3,274.2,0.979,271.7,0.748,271.3,0.921,273.0,0.012,13.54,2.0,3.0,0.0,31.29,252.1,324.2,324.1,0.0,7.727,8.97,1010.0,1034.0,0.2349999999999999,0.0,49.8,41.17,46.78,48.81,47.63,50.94,46.32,47.52,43.65,49.21,107.5,109.1,107.0,106.5,108.4,105.6,91.5,799.0,814.0,805.0,798.0,814.0,794.0,703.0,34.78,35.3,34.61,34.45,35.05,34.14,29.58,0.0,323.2,0.0,60.2,0.0,777.2,0.0,5.0,0.0,0.0,0.0,281.0,278.0,282.3,22.98,22.8,0.0,40.28,299.9,16.79,2.0,3.53,-1.0,2.47,4.0,4902
2014-09-07 12:00:00,276.7,277.2,277.5,815570.0,74.7,59.9,60.0,227.6,23528.0,341.0,74710.0,810049.0,227.4,0.993,28.09,229.2,0.0,273.4,273.3,274.0,0.979,271.3,0.748,271.0,0.921,272.8,0.012,13.54,2.0,3.0,0.0,31.36,251.7,323.0,324.6,0.0,7.9129999999999985,9.2,1033.0,1057.0,0.2349999999999999,0.0,49.83,41.67,47.12,49.54,48.23,51.78,46.71,47.97,44.17,49.85,108.7,109.8,107.0,105.8,107.2,106.0,90.3,800.0,814.0,805.0,799.0,815.0,794.0,703.0,35.22,35.6,34.67,34.29,34.77,34.33,29.26,0.0,323.7,0.0,60.21,0.0,778.7999999999998,0.0,5.0,0.0,0.0,0.0,281.8,279.2,283.4,23.0,22.94,0.0,41.0,307.1,11.84,2.0,3.53,-1.0,2.882,4.0,4902
2014-09-07 12:01:00,282.7,283.2,283.6,815574.0,74.7,59.9,60.0,232.5,23528.0,341.0,74711.0,810053.0,232.8,0.992,28.9,234.6,0.0,273.2,273.2,274.0,0.979,271.0,0.748,271.0,0.921,272.1,0.013,13.54,2.0,3.0,0.0,31.42,257.7,320.1,321.0,0.0,8.09,9.420000000000002,1052.0,1063.0,0.2349999999999999,0.0,49.9,41.63,47.34,49.87,48.38,52.15,46.7,47.98,44.41,49.55,111.0,111.9,110.5,109.8,110.4,109.4,94.3,801.0,815.0,806.0,799.0,815.0,795.0,704.0,35.62,35.93,35.46,35.25,35.43,35.08,30.28,0.0,320.6,0.0,60.22,0.0,804.0,0.0,5.0,0.0,0.0,0.0,288.7,285.6,290.5,23.35,23.34,0.0,40.92,324.5,26.45,2.0,3.53,-1.0,2.398,3.6,4902
2014-09-07 12:02:00,268.2,269.0,269.3,815578.0,74.7,59.9,60.0,220.6,23528.0,341.0,74711.0,810056.0,220.1,0.993,26.86,221.7,0.0,273.3,273.1,273.8,0.979,271.0,0.748,271.0,0.921,272.5,0.013,13.54,2.0,3.0,0.0,31.49,244.0,322.7,324.0,0.0,7.632,8.859999999999998,1004.0,1028.0,0.2339999999999999,0.0,49.98,42.14,47.0,49.52,48.0,51.88,46.14,47.84,44.23,49.14,103.6,105.8,103.6,103.4,105.4,101.6,89.09999999999998,801.0,815.0,806.0,800.0,816.0,796.0,704.0,33.67,34.4,33.67,33.6,34.24,33.01,28.97,0.0,324.0,0.0,60.21,0.0,754.1,0.0,5.0,0.0,0.0,0.0,272.5,270.5,274.3,23.7,23.67,0.0,41.36,337.2,18.33,2.0,3.53,-1.0,2.983,4.8,4902
2014-09-07 12:03:00,307.4,310.2,310.4,815582.0,74.7,59.9,60.0,254.6,23528.0,341.0,74712.0,810060.0,255.2,0.992,32.22,257.2,0.0,273.7,273.4,274.1,0.979,271.0,0.748,271.0,0.921,272.0,0.013,13.54,2.0,3.0,0.0,31.56,283.2,337.1,340.3,0.0,9.37,10.91,1219.0,1241.0,0.238,0.0,49.96,43.25,47.61,50.61,48.83,52.63,47.26,48.91,44.4,49.86,116.7,118.8,115.6,115.0,117.4,113.2,99.1,802.0,816.0,807.0,800.0,817.0,796.0,705.0,39.31,40.02,38.96,38.75,39.54,38.13,33.37,0.0,337.0,0.0,60.14,0.0,841.0,0.0,5.0,0.0,0.0,0.0,315.5,313.0,319.8,23.44,23.11,0.0,41.36,334.9,16.96,2.0,3.528,-1.0,1.947,3.4,4902
2014-09-07 12:04:00,307.2,310.5,310.5,815586.0,74.7,59.9,60.0,254.7,23528.0,341.0,74712.0,810065.0,255.3,0.992,32.23,257.3,0.0,273.5,273.6,274.3,0.979,271.0,0.748,271.0,0.921,272.3,0.013,13.54,2.0,3.0,0.0,31.63,283.4,337.1,337.0,0.0,9.46,11.0,1237.0,1252.0,0.238,0.0,50.02,44.92,49.28,51.95,50.16,53.2,48.75,50.38,45.69,51.5,116.9,118.9,116.1,115.5,117.7,113.7,99.4,802.0,817.0,808.0,801.0,817.0,797.0,705.0,39.32,39.98,39.04,38.83,39.58,38.22,33.41,0.0,336.3,0.0,60.13,0.0,841.0,0.0,5.0,0.0,0.0,0.0,315.5,313.1,319.9,23.45,23.29,0.0,43.29,355.9,19.5,2.0,3.53,-1.0,1.618,2.3,4902
2014-09-07 12:05:00,306.8,309.9,309.8,815590.0,74.7,59.9,60.0,254.2,23528.0,341.0,74713.0,810069.0,254.7,0.992,32.14,256.7,0.0,273.3,273.6,274.3,0.979,271.0,0.748,271.0,0.921,272.2,0.013,13.54,2.0,3.0,0.0,31.71,282.2,327.4,325.2,0.0,9.24,10.72,1212.0,1208.0,0.238,0.0,50.13,46.84,50.87,53.17,51.24,54.11,50.23,51.27,46.62,52.82,119.0,120.4,119.0,118.7,119.8,116.9,102.3,803.0,817.0,808.0,802.0,818.0,797.0,706.0,39.02,39.47,39.02,38.9,39.28,38.3,33.52,0.0,327.9,0.0,60.13,0.0,862.0,0.0,5.0,0.0,0.0,0.0,315.1,312.5,319.0,23.84,23.83,0.0,45.52,14.05,25.78,2.0,3.53,-1.0,1.628,2.9,4902
2014-09-07 12:06:00,304.6,306.5,306.4,815594.0,74.7,59.9,60.0,251.6,23528.0,341.0,74713.0,810073.0,252.2,0.992,31.73,254.2,0.0,273.4,273.4,274.2,0.979,271.0,0.748,271.0,0.921,272.2,0.013,13.54,2.0,3.0,0.0,31.8,278.7,316.7,315.3,0.0,8.84,10.25,1161.0,1153.0,0.2369999999999999,0.0,50.4,47.27,50.99,53.94,51.97,54.54,51.14,51.9,47.55,53.67,120.0,121.7,122.2,122.8,123.3,119.9,106.6,804.0,818.0,809.0,802.0,818.0,798.0,706.0,37.97,38.5,38.66,38.84,38.99,37.91,33.72,0.0,316.3,0.0,60.12,0.0,880.0,0.0,5.0,0.0,0.0,0.0,312.6,309.1,315.4,24.06,24.08,0.0,45.75,341.8,47.31,2.0,3.531,-1.0,1.645,3.3,4902
2014-09-07 12:07:00,297.8,299.6,299.6,815598.0,74.7,59.9,60.0,245.7,23528.0,341.0,74714.0,810077.0,246.2,0.992,30.88,248.1,0.0,273.2,273.0,273.8,0.979,271.0,0.748,271.0,0.921,272.0,0.013,13.54,2.0,3.0,0.0,31.9,272.2,317.0,318.2,0.0,8.689999999999998,10.07,1131.0,1139.0,0.236,0.0,50.62,46.47,50.24,53.29,51.71,54.95,50.55,51.41,47.73,53.49,118.4,119.5,118.5,118.2,118.8,116.9,101.9,804.0,819.0,810.0,803.0,819.0,799.0,707.0,37.59,37.93,37.61,37.51,37.71,37.09,32.33,0.0,317.3,0.0,60.15,0.0,859.0,0.0,5.0,0.0,0.0,0.0,305.3,302.2,308.1,23.66,23.67,0.0,44.87,313.1,20.72,2.0,3.53,-1.0,2.615,3.8,4902
2014-09-07 12:08:00,239.7,238.7,239.1,815601.0,74.7,59.9,60.0,195.3,23528.0,341.0,74714.0,810081.0,194.5,0.993,22.82,195.8,0.0,272.1,272.3,273.3,0.979,271.0,0.748,271.0,0.921,272.0,0.013,13.54,2.0,3.0,0.0,32.0,216.1,314.5,315.1,0.0,6.636,7.6629999999999985,867.0,872.0,0.233,0.0,50.73,44.98,49.64,52.57,51.18,54.81,49.38,50.49,47.16,52.9,94.0,95.1,93.9,93.5,94.2,92.9,80.09999999999998,805.0,819.0,810.0,803.0,820.0,799.0,707.0,29.6,29.94,29.56,29.43,29.66,29.23,25.22,0.0,314.8,0.0,60.14,0.0,687.3,0.0,5.0,0.0,0.0,0.0,241.6,240.0,241.7,23.86,23.94,0.0,43.9,292.6,13.88,2.0,3.528,-1.0,2.685,4.5,4902
2014-09-07 12:09:00,254.7,254.1,254.6,815605.0,74.7,59.9,60.0,208.0,23528.0,341.0,74715.0,810084.0,207.6,0.993,24.87,209.1,0.0,272.2,272.5,273.3,0.979,270.8,0.748,270.9,0.921,272.0,0.013,13.54,2.0,3.0,0.0,32.1,230.1,311.3,310.4,0.0,7.184,8.3,942.0,961.0,0.2339999999999999,0.0,50.86,44.31,49.03,52.11,50.25,54.3,48.25,49.65,46.28,52.38,105.1,104.6,101.1,99.1,100.1,101.6,83.5,805.0,820.0,811.0,804.0,820.0,800.0,708.0,32.75,32.63,31.52,30.9,31.24,31.65,26.04,0.0,311.4,0.0,60.14,0.0,738.4,0.0,5.0,0.0,0.0,0.0,258.1,255.7,258.8,23.76,23.71,0.0,43.38,291.2,10.4,2.0,3.53,-1.0,2.717,3.7,4902
2014-09-07 12:10:00,276.1,276.8,277.1,815609.0,74.7,59.9,60.0,226.7,23528.0,341.0,74715.0,810088.0,226.9,0.993,27.84,228.6,0.0,272.5,272.6,273.4,0.979,271.0,0.748,270.7,0.921,272.0,0.013,13.54,2.0,3.0,0.0,32.19,251.0,317.3,316.7,0.0,7.965,9.25,1043.0,1037.0,0.236,0.0,50.88,43.35,48.95,52.13,50.05,54.5,48.06,49.73,46.61,52.38,107.7,109.2,108.7,108.7,108.9,106.9,93.7,806.0,820.0,811.0,805.0,821.0,800.0,708.0,34.26,34.76,34.55,34.54,34.65,33.97,29.78,0.0,317.6,0.0,60.16,0.0,790.1,0.0,5.0,0.0,0.0,0.0,281.7,279.2,283.6,23.41,23.36,0.0,42.72,289.6,14.51,2.0,3.531,-1.0,3.138,4.9,4902
2014-09-07 12:11:00,257.9,257.5,257.9,815612.0,74.7,59.9,60.0,210.9,23528.0,341.0,74715.0,810091.0,210.3,0.993,25.28,211.8,0.0,272.1,272.6,273.4,0.979,271.0,0.748,271.0,0.921,272.0,-0.023,13.5,2.0,3.0,0.0,32.27,233.1,318.4,320.9,0.0,7.178,8.33,947.0,958.0,0.2339999999999999,0.001,50.96,41.95,48.42,51.08,49.21,53.73,47.21,48.97,45.74,51.17,100.7,102.3,100.5,100.2,101.6,99.2,86.09999999999998,806.0,821.0,812.0,805.0,821.0,801.0,709.0,32.2,32.74,32.13,32.04,32.51,31.69,27.52,0.0,319.6,0.0,60.16,0.0,732.0,0.0,5.0,0.0,0.0,0.0,261.2,259.2,262.1,23.41,23.37,0.0,41.68,332.2,41.17,2.0,3.53,-1.0,2.748,4.3,4902
2014-09-07 12:12:00,288.6,290.3,290.4,815616.0,74.7,59.9,60.0,237.7,23528.0,341.0,74716.0,810095.0,237.7,0.992,29.53,239.5,0.0,273.2,272.7,273.5,0.979,271.0,0.748,271.0,0.921,272.0,-0.024,13.5,2.0,3.0,0.0,32.35,264.1,326.4,326.5,0.0,8.34,9.7,1104.0,1113.0,0.236,0.001,50.99,40.85,47.8,50.75,49.02,53.56,46.97,48.73,45.24,51.43,111.6,113.9,110.9,110.8,113.0,109.1,95.4,807.0,822.0,812.0,806.0,822.0,801.0,709.0,36.51,37.29,36.3,36.25,36.98,35.68,31.2,0.0,326.7,0.0,60.14,0.0,808.0,0.0,5.0,0.0,0.0,0.0,294.7,292.3,297.5,23.15,23.07,0.0,40.03,315.5,28.17,2.0,3.53,-1.0,1.987,4.2,4902
2014-09-07 12:13:00,305.5,307.7,307.7,815620.0,74.7,59.9,60.0,252.2,23528.0,341.0,74716.0,810099.0,252.7,0.992,31.94,254.7,0.0,273.0,273.1,273.8,0.979,271.0,0.748,271.0,0.921,272.0,-0.005,13.5,2.0,3.0,0.0,32.41,279.8,323.2,324.6,0.0,8.8,10.27,1159.0,1142.0,0.238,0.001,51.04,40.57,47.51,50.39,48.91,53.72,46.65,48.44,44.73,51.37,120.2,122.1,119.2,118.7,120.6,117.4,102.1,808.0,822.0,813.0,806.0,823.0,802.0,710.0,38.89,39.53,38.57,38.44,39.05,38.0,33.04,0.0,323.7,0.0,60.14,0.0,866.0,0.0,5.0,0.0,0.0,0.0,313.4,310.3,316.6,23.3,23.31,0.0,39.95,312.1,18.67,2.0,3.53,-1.0,2.55,4.8,4902
2014-09-07 12:14:00,286.2,286.7,286.9,815624.0,74.7,59.9,60.0,235.2,23528.0,341.0,74717.0,810103.0,235.4,0.992,29.3,237.2,0.0,272.9,272.9,273.7,0.979,271.0,0.748,271.0,0.921,272.0,0.002,13.5,2.0,3.0,0.0,32.47,260.8,318.9,320.0,0.0,8.06,9.41,1062.0,1074.0,0.236,0.001,51.06,40.43,47.69,50.65,49.51,54.04,46.96,49.11,45.7,51.89,114.1,115.1,112.2,111.6,113.0,111.4,95.8,808.0,823.0,814.0,807.0,823.0,803.0,710.0,36.4,36.72,35.79,35.6,36.06,35.52,30.56,0.0,319.1,0.0,60.14,0.0,818.0,0.0,5.0,0.0,0.0,0.0,292.3,289.1,294.0,23.56,23.55,0.0,40.01,339.7,24.16,2.0,3.528,-1.0,1.73,2.6,4902
2014-09-07 12:15:00,302.9,303.2,303.5,815628.0,74.7,59.9,60.0,249.1,23528.0,341.0,74718.0,810108.0,249.8,0.992,31.51,251.7,0.0,273.1,273.2,273.9,0.979,271.0,0.748,271.0,0.921,272.0,0.006,13.5,2.0,3.0,0.0,32.53,276.3,310.1,309.9,0.0,8.54,9.98,1125.0,1134.0,0.2369999999999999,0.001,51.12,41.81,47.89,51.41,50.44,53.98,48.19,50.1,46.26,52.55,123.1,124.8,123.0,122.9,124.1,121.8,105.7,809.0,823.0,814.0,808.0,824.0,803.0,711.0,38.11,38.64,38.09,38.07,38.45,37.73,32.74,0.0,309.8,0.0,60.15,0.0,891.0,0.0,5.0,0.0,0.0,0.0,310.5,305.9,312.5,23.99,23.82,0.0,40.85,10.48,34.37,2.0,3.53,-1.0,1.908,3.9,4902
2014-09-07 12:16:00,293.7,293.5,294.0,815632.0,74.7,59.9,60.0,241.3,23528.0,341.0,74718.0,810112.0,241.8,0.992,30.35,243.7,0.0,273.1,273.2,273.9,0.979,271.0,0.748,271.0,0.921,272.0,0.008,13.5,2.0,3.0,0.0,32.61,265.9,306.5,308.6,0.0,8.23,9.62,1085.0,1094.0,0.236,0.001,51.22,41.91,47.93,51.44,50.22,53.52,48.91,50.42,45.47,52.18,120.0,121.1,119.5,119.3,120.2,118.6,102.5,810.0,824.0,815.0,808.0,824.0,804.0,711.0,37.03,37.38,36.85,36.8,37.09,36.6,31.63,0.0,308.6,0.0,60.2,0.0,868.0,0.0,5.0,0.0,0.0,0.0,300.7,296.3,302.2,23.88,23.72,0.0,40.4,3.189,18.84,2.0,3.53,-1.0,3.397,5.2,4902
2014-09-07 12:17:00,292.1,291.8,292.4,815636.0,74.7,59.9,60.0,239.9,23528.0,341.0,74719.0,810116.0,240.2,0.992,30.03,242.1,0.0,272.9,273.1,273.8,0.979,271.0,0.748,271.0,0.921,272.0,0.013,13.5,2.0,3.0,0.0,32.68,264.6,305.5,311.8,0.0,8.16,9.54,1077.0,1085.0,0.236,0.001,51.25,43.19,47.82,51.17,49.67,52.33,48.93,50.31,45.33,51.68,119.7,120.7,119.5,119.3,119.9,118.7,102.5,810.0,825.0,815.0,809.0,825.0,804.0,712.0,36.69,37.03,36.65,36.57,36.78,36.4,31.42,0.0,306.8,0.0,60.14,0.0,866.0,0.0,5.0,0.0,0.0,0.0,298.9,294.2,300.3,24.33,24.23,0.0,42.01,24.49,28.3,2.0,3.53,-1.0,2.313,3.8,4902
2014-09-07 12:18:00,296.6,296.5,297.0,815640.0,74.7,59.9,60.0,243.7,23528.0,341.0,74719.0,810120.0,244.0,0.992,30.63,245.9,0.0,272.9,273.1,273.7,0.979,271.0,0.748,271.0,0.921,272.0,0.021,13.5,2.0,3.0,0.0,32.73,269.7,308.7,310.5,0.0,8.31,9.7,1094.0,1100.0,0.236,0.0,51.25,44.62,48.22,51.75,50.21,51.82,49.96,50.97,46.6,51.78,120.3,121.5,120.6,120.5,121.3,119.5,103.9,811.0,825.0,816.0,809.0,826.0,805.0,712.0,37.17,37.55,37.26,37.25,37.48,36.94,32.1,0.0,309.1,0.0,60.13,0.0,874.0,0.0,5.0,0.0,0.0,0.0,303.6,298.9,305.2,24.49,24.32,0.0,43.38,358.8,24.65,2.0,3.53,-1.0,1.547,2.6,4902
2014-09-07 12:19:00,295.9,296.1,296.4,815644.0,74.7,59.9,60.0,243.1,23528.0,341.0,74720.0,810124.0,243.4,0.992,30.52,245.3,0.0,273.1,273.0,273.7,0.979,271.0,0.748,271.0,0.921,272.0,0.002,13.5,2.0,3.0,0.0,32.79,269.5,310.1,310.6,0.0,8.3,9.69,1093.0,1100.0,0.2369999999999999,0.0,51.33,45.95,48.88,51.68,50.06,52.4,49.83,50.56,46.26,51.75,119.8,121.0,120.1,120.0,120.6,118.9,103.4,811.0,826.0,817.0,810.0,826.0,806.0,713.0,37.1,37.47,37.19,37.16,37.34,36.82,32.01,0.0,309.6,0.0,60.14,0.0,869.0,0.0,5.0,0.0,0.0,0.0,302.8,298.3,304.4,24.62,24.39,0.0,44.54,336.9,16.56,2.0,3.53,-1.0,2.442,4.0,4902
2014-09-07 12:20:00,294.4,294.4,294.7,815648.0,74.7,59.9,60.0,241.7,23528.0,341.0,74720.0,810128.0,242.0,0.992,30.29,243.8,0.0,272.7,272.9,273.6,0.979,271.0,0.748,271.0,0.921,272.0,0.0069999999999999,13.5,2.0,3.0,0.0,32.86,267.7,310.9,310.4,0.0,8.24,9.61,1085.0,1091.0,0.2369999999999999,0.0,51.35,45.53,48.61,51.15,49.22,52.4,48.94,49.79,44.69,50.75,118.7,119.8,118.8,118.6,119.4,117.6,102.1,812.0,827.0,817.0,811.0,827.0,806.0,714.0,36.91,37.26,36.95,36.9,37.13,36.59,31.76,0.0,311.1,0.0,60.11,0.0,861.0,0.0,5.0,0.0,0.0,0.0,301.1,296.6,302.7,24.24,23.98,0.0,42.72,12.7,37.76,2.0,3.53,-1.0,2.708,4.2,4902
2014-09-07 12:21:00,293.0,293.2,293.4,815651.0,74.7,59.9,60.0,240.5,23528.0,341.0,74721.0,810132.0,240.7,0.992,30.1,242.6,0.0,273.0,272.7,273.5,0.979,271.0,0.748,271.0,0.921,272.0,0.009,13.5,2.0,3.0,0.0,32.91,266.4,310.4,309.8,0.0,8.189999999999998,9.55,1077.0,1084.0,0.236,0.0,51.35,45.27,47.97,51.05,49.15,51.52,49.31,49.84,44.98,51.0,118.2,119.3,118.5,118.4,119.0,117.4,101.9,813.0,827.0,818.0,811.0,827.0,807.0,714.0,36.7,37.06,36.8,36.76,36.97,36.45,31.64,0.0,310.6,0.0,60.12,0.0,858.0,0.0,5.0,0.0,0.0,0.0,299.6,295.2,301.2,24.03,23.78,0.0,42.82,4.584,30.85,2.0,3.531,-1.0,1.4780000000000002,3.1,4902
2014-09-07 12:22:00,282.6,282.3,282.7,815655.0,74.7,59.9,60.0,231.7,23528.0,341.0,74721.0,810136.0,231.9,0.992,28.69,233.7,0.0,272.8,272.8,273.5,0.979,271.0,0.748,271.0,0.921,272.0,0.01,13.5,2.0,3.0,0.0,32.97,256.4,312.0,312.3,0.0,7.881,9.18,1037.0,1041.0,0.236,0.0,51.4,45.69,48.47,51.61,50.25,52.3,50.31,50.58,46.02,51.19,112.7,113.8,113.1,113.1,113.7,111.8,97.4,813.0,828.0,818.0,812.0,828.0,808.0,715.0,35.26,35.63,35.38,35.38,35.58,34.99,30.47,0.0,313.0,0.0,60.12,0.0,822.0,0.0,5.0,0.0,0.0,0.0,288.5,284.6,289.7,23.92,23.72,0.0,43.2,352.6,21.0,2.0,3.531,-1.0,2.2030000000000003,3.4,4902
2014-09-07 12:23:00,293.3,293.0,293.4,815659.0,74.7,59.9,60.0,240.5,23528.0,341.0,74722.0,810140.0,240.9,0.992,30.2,242.8,0.0,273.0,272.8,273.5,0.979,271.0,0.748,271.0,0.921,272.0,0.01,13.5,2.0,3.0,0.0,33.02,267.1,310.9,309.4,0.0,8.23,9.58,1080.0,1087.0,0.236,0.0,51.45,44.23,48.34,51.98,50.82,52.94,50.46,50.9,46.3,50.82,118.2,119.5,118.4,118.3,119.2,117.3,101.7,814.0,828.0,819.0,812.0,829.0,808.0,715.0,36.69,37.11,36.77,36.73,37.0,36.41,31.58,0.0,310.6,0.0,60.18,0.0,859.0,0.0,5.0,0.0,0.0,0.0,299.9,295.6,301.4,23.86,23.77,0.0,41.84,346.8,16.64,2.0,3.53,-1.0,2.083,4.2,4902
2014-09-07 12:24:00,293.6,293.5,293.9,815663.0,74.7,59.9,60.0,241.0,23528.0,341.0,74722.0,810144.0,241.3,0.992,30.25,243.2,0.0,272.9,272.9,273.6,0.979,271.0,0.748,271.0,0.921,272.0,0.011,13.5,2.0,3.0,0.0,33.08,266.6,308.0,309.5,0.0,8.26,9.61,1084.0,1090.0,0.236,0.0,51.43,45.15,48.89,52.23,50.92,52.01,51.18,51.33,46.81,51.4,119.0,120.3,119.4,119.5,120.3,118.3,102.7,814.0,829.0,820.0,813.0,829.0,809.0,716.0,36.73,37.13,36.85,36.86,37.12,36.49,31.69,0.0,308.6,0.0,60.15,0.0,866.0,0.0,5.0,0.0,0.0,0.0,300.4,295.9,301.9,24.1,24.0,0.0,43.43,10.11,24.56,2.0,3.528,-1.0,1.253,2.0,4902
2014-09-07 12:25:00,294.8,295.0,295.3,815667.0,74.7,59.9,60.0,242.0,23528.0,341.0,74723.0,810148.0,242.3,0.992,30.4,244.2,0.0,272.8,272.7,273.4,0.979,270.8,0.748,270.9,0.921,272.0,0.011,13.5,2.0,3.0,0.0,33.13,268.0,307.3,309.2,0.0,8.349999999999998,9.69,1093.0,1100.0,0.236,0.0,51.41,46.4,49.57,53.35,51.96,52.71,52.24,52.3,47.55,52.23,120.4,121.5,120.4,120.2,121.0,119.4,103.2,815.0,830.0,820.0,814.0,830.0,809.0,716.0,37.0,37.36,37.0,36.94,37.19,36.71,31.74,0.0,307.5,0.0,60.15,0.0,872.0,0.0,5.0,0.0,0.0,0.0,301.7,297.2,303.3,24.56,24.48,0.0,44.82,38.38,45.72,2.0,3.528,-1.0,1.947,3.9,4902
2014-09-07 12:26:00,296.8,296.8,297.1,815671.0,74.7,59.9,60.0,243.4,23528.0,341.0,74723.0,810152.0,243.9,0.992,30.66,245.8,0.0,272.7,272.6,273.3,0.979,270.0,0.748,270.3,0.921,272.0,0.011,13.5,2.0,3.0,0.0,33.18,269.6,307.6,308.4,0.0,8.42,9.77,1102.0,1109.0,0.2369999999999999,0.0,51.37,47.66,49.77,53.85,51.88,52.45,52.81,52.52,47.15,52.59,120.9,122.0,121.1,120.9,121.6,120.0,103.9,816.0,830.0,821.0,814.0,831.0,810.0,717.0,37.23,37.57,37.27,37.22,37.45,36.94,31.98,0.0,307.9,0.0,60.14,0.0,877.0,0.0,5.0,0.0,0.0,0.0,303.9,299.3,305.5,24.77,24.67,0.0,46.1,51.4,13.4,2.0,3.53,-1.0,2.8,4.3,4902
2014-09-07 12:27:00,296.5,296.6,296.9,815675.0,74.7,59.9,60.0,243.3,23528.0,341.0,74724.0,810156.0,243.8,0.992,30.66,245.8,0.0,272.6,272.8,273.5,0.979,270.3,0.748,270.9,0.921,272.0,0.011,13.5,2.0,3.0,0.0,33.24,271.4,308.2,307.8,0.0,8.429999999999998,9.77,1103.0,1109.0,0.2369999999999999,0.0,51.33,48.62,49.6,53.58,51.37,51.7,52.97,52.26,46.82,52.66,121.7,122.7,121.8,121.6,122.2,120.9,104.4,816.0,831.0,822.0,815.0,831.0,811.0,717.0,37.22,37.53,37.26,37.2,37.4,36.97,31.92,0.0,306.0,0.0,60.18,0.0,881.0,0.0,5.0,0.0,0.0,0.0,303.7,299.1,305.3,25.17,25.11,0.0,46.88,48.53,23.81,2.0,3.528,-1.0,2.175,4.2,4902
2014-09-07 12:28:00,293.4,293.1,293.6,815679.0,74.7,59.9,60.0,240.6,23528.0,341.0,74724.0,810160.0,241.1,0.992,30.25,243.0,0.0,272.6,272.7,273.5,0.979,270.7,0.748,270.8,0.921,272.0,0.011,13.5,2.0,3.0,0.0,33.3,265.9,302.1,303.9,0.0,8.359999999999998,9.68,1092.0,1090.0,0.2369999999999999,0.0,51.35,48.94,49.68,53.62,51.69,51.64,53.26,52.34,47.25,52.76,120.9,121.9,121.6,121.6,122.1,120.7,104.5,817.0,831.0,822.0,816.0,832.0,811.0,718.0,36.59,36.88,36.81,36.8,36.95,36.52,31.61,0.0,302.7,0.0,60.15,0.0,880.0,0.0,5.0,0.0,0.0,0.0,300.4,295.6,301.9,24.51,24.26,0.0,46.46,325.4,22.13,2.0,3.53,-1.0,1.328,2.4,4902
2014-09-07 12:29:00,284.3,283.9,284.3,815683.0,74.7,59.9,60.0,232.9,23528.0,341.0,74725.0,810164.0,233.2,0.992,28.99,235.0,0.0,272.8,272.6,273.4,0.979,270.7,0.748,270.7,0.921,272.0,0.011,13.5,2.0,3.0,0.0,33.36,257.5,305.4,306.9,0.0,8.07,9.32,1056.0,1057.0,0.236,0.0,51.33,49.79,51.02,54.47,52.39,52.75,53.36,52.15,48.17,53.71,116.0,116.9,116.4,116.3,116.9,115.4,99.9,818.0,832.0,823.0,816.0,832.0,812.0,718.0,35.5,35.79,35.63,35.6,35.77,35.31,30.58,0.0,306.1,0.0,60.15,0.0,843.0,0.0,5.0,0.0,0.0,0.0,290.4,286.3,291.6,24.28,24.18,0.0,48.33,34.78,68.49,2.0,3.53,-1.0,1.543,3.6,4902
2014-09-07 12:30:00,280.8,281.2,281.3,815686.0,74.7,59.9,60.0,230.5,23528.0,341.0,74725.0,810168.0,230.6,0.992,28.52,232.3,0.0,272.9,272.5,273.5,0.979,271.0,0.748,271.0,0.921,272.0,0.011,13.5,2.0,3.0,0.0,33.43,255.0,312.0,313.6,0.0,7.994,9.21,1044.0,1043.0,0.236,0.0,51.33,50.85,51.14,54.34,52.21,52.16,53.83,52.62,48.48,53.81,111.6,112.9,112.7,112.9,113.6,111.2,97.3,818.0,833.0,823.0,817.0,833.0,812.0,719.0,34.91,35.31,35.25,35.32,35.53,34.8,30.43,0.0,312.9,0.0,60.14,0.0,817.0,0.0,5.0,0.0,0.0,0.0,286.6,283.2,288.0,24.95,25.12,0.0,49.72,86.7,15.16,2.0,3.531,-1.0,1.483,2.0,4902
2014-09-07 12:31:00,255.1,254.4,254.7,815690.0,74.7,59.9,60.0,208.5,23528.0,341.0,74725.0,810171.0,208.0,0.993,24.99,209.5,0.0,272.5,272.7,273.6,0.979,271.0,0.748,271.0,0.921,272.0,0.011,13.5,2.0,3.0,0.0,33.49,231.1,315.4,315.7,0.0,7.24,8.32,941.0,932.0,0.236,0.0,51.33,51.94,51.9,54.98,53.19,52.7,54.6,53.32,49.76,54.45,99.2,100.4,100.6,100.5,100.8,99.2,86.4,819.0,833.0,824.0,817.0,834.0,813.0,719.0,31.3,31.67,31.72,31.72,31.82,31.28,27.26,0.0,315.8,0.0,60.15,0.0,733.2999999999998,0.0,5.0,0.0,0.0,0.0,258.4,256.2,258.9,25.41,25.4,0.0,50.67,93.3,17.86,2.0,3.531,-1.0,0.988,2.2,4902
2014-09-07 12:32:00,268.5,268.8,269.0,815693.0,74.7,59.9,60.0,220.2,23528.0,341.0,74726.0,810175.0,220.0,0.993,26.85,221.6,0.0,272.8,272.7,273.6,0.979,271.0,0.748,271.0,0.921,272.0,0.011,13.5,2.0,3.0,0.0,33.57,244.4,321.0,322.5,0.0,7.843,9.01,1028.0,1035.0,0.2349999999999999,0.0,51.34,52.51,52.26,55.23,53.16,53.22,54.62,53.2,49.92,54.88,106.2,107.0,104.9,103.7,105.1,104.1,87.9,819.0,834.0,824.0,818.0,834.0,813.0,720.0,34.11,34.38,33.68,33.3,33.77,33.43,28.25,0.0,321.3,0.0,60.14,0.0,761.6,0.0,5.0,0.0,0.0,0.0,272.9,270.7,274.3,24.87,24.75,0.0,51.4,73.92,43.37,2.0,3.53,-1.0,0.7029999999999998,1.3,4902
2014-09-07 12:33:00,302.0,302.8,302.9,815697.0,74.7,59.9,60.0,248.6,23528.0,341.0,74726.0,810179.0,249.2,0.992,31.5,251.2,0.0,273.4,273.0,273.8,0.979,271.0,0.748,271.0,0.921,272.0,0.012,13.5,2.0,3.0,0.0,33.63,275.2,308.2,309.0,0.0,8.859999999999998,10.21,1156.0,1144.0,0.238,0.0,51.36,53.85,53.44,56.4,54.23,54.41,55.7,54.16,50.71,55.86,123.2,124.1,123.5,123.3,123.9,122.4,105.9,820.0,834.0,825.0,818.0,835.0,814.0,720.0,38.02,38.3,38.12,38.06,38.23,37.76,32.68,0.0,308.7,0.0,60.14,0.0,893.0,0.0,5.0,0.0,0.0,0.0,309.6,305.5,311.6,24.85,24.91,0.0,52.44,358.5,71.96,2.0,3.53,-1.0,0.8519999999999999,1.6,4902
2014-09-07 12:34:00,291.1,291.3,291.5,815701.0,74.7,59.9,60.0,239.3,23528.0,341.0,74727.0,810183.0,239.7,0.992,29.94,241.5,0.0,273.3,273.1,273.9,0.979,271.0,0.748,271.0,0.921,272.1,0.012,13.5,2.0,3.0,0.0,33.7,264.7,306.1,308.3,0.0,8.49,9.77,1108.0,1109.0,0.2369999999999999,0.0,51.43,52.9,53.38,56.62,54.67,55.12,55.79,54.3,51.38,56.48,119.9,120.9,119.4,118.7,119.7,118.6,101.4,820.0,835.0,826.0,819.0,835.0,815.0,721.0,36.78,37.07,36.62,36.42,36.72,36.38,31.11,0.0,306.7,0.0,60.14,0.0,865.0,0.0,5.0,0.0,0.0,0.0,297.7,293.7,299.2,24.73,24.72,0.0,50.9,353.0,49.94,2.0,3.528,-1.0,1.55,3.0,4902
2014-09-07 12:35:00,280.4,280.2,280.5,815705.0,74.7,59.9,60.0,230.2,23528.0,341.0,74727.0,810187.0,230.2,0.992,28.47,232.0,0.0,273.1,273.3,274.0,0.979,271.0,0.748,271.0,0.921,272.4,0.012,13.5,2.0,3.0,0.0,33.78,254.5,301.8,302.5,0.0,8.109999999999998,9.32,1057.0,1052.0,0.2369999999999999,0.0,51.43,52.31,53.02,55.82,53.74,55.17,54.87,53.86,50.3,55.72,116.4,117.2,116.4,116.2,116.6,115.6,99.7,821.0,836.0,826.0,820.0,836.0,815.0,721.0,35.13,35.37,35.13,35.07,35.21,34.89,30.1,0.0,301.8,0.0,60.14,0.0,844.0,0.0,5.0,0.0,0.0,0.0,286.1,282.0,287.1,24.98,25.04,0.0,50.74,3.323,60.82,2.0,3.528,-1.0,1.7380000000000002,3.4,4902
2014-09-07 12:36:00,289.2,289.1,289.4,815709.0,74.7,59.9,60.0,237.7,23528.0,341.0,74728.0,810191.0,238.0,0.992,29.61,239.8,0.0,273.2,273.3,274.1,0.979,271.0,0.748,271.0,0.921,272.6,0.012,13.5,2.0,3.0,0.0,33.86,264.1,304.6,302.4,0.0,8.4,9.66,1093.0,1094.0,0.2369999999999999,0.0,51.53,51.9,52.97,55.53,53.56,55.27,54.41,53.75,49.11,55.58,120.0,120.8,119.8,119.4,120.1,119.0,102.5,822.0,836.0,827.0,820.0,837.0,816.0,722.0,36.42,36.64,36.33,36.23,36.42,36.08,31.1,0.0,303.4,0.0,60.15,0.0,867.0,0.0,5.0,0.0,0.0,0.0,295.7,291.3,297.0,25.26,25.35,0.0,50.28,10.94,28.17,2.0,3.53,-1.0,1.668,3.0,4902
2014-09-07 12:37:00,292.1,291.9,292.3,815713.0,74.7,59.9,60.0,240.1,23528.0,341.0,74728.0,810195.0,240.4,0.992,30.0,242.3,0.0,272.9,273.4,274.1,0.979,271.0,0.748,271.0,0.921,272.2,0.012,13.5,2.0,3.0,0.0,33.94,265.5,302.8,303.1,0.0,8.5,9.78,1103.0,1100.0,0.2369999999999999,0.0,51.53,50.83,53.28,55.47,53.95,55.05,54.73,54.24,49.88,55.97,120.9,121.5,121.1,120.9,121.3,120.1,104.0,822.0,837.0,827.0,821.0,837.0,816.0,722.0,36.66,36.86,36.72,36.67,36.78,36.42,31.53,0.0,303.3,0.0,60.14,0.0,877.0,0.0,5.0,0.0,0.0,0.0,298.8,294.3,300.2,25.3,25.36,0.0,48.98,339.5,25.19,2.0,3.53,-1.0,1.367,2.6,4902
2014-09-07 12:38:00,261.2,260.5,260.8,815716.0,74.7,59.9,60.0,213.8,23528.0,341.0,74729.0,810198.0,213.5,0.993,25.79,215.0,0.0,272.8,273.0,273.8,0.979,271.0,0.748,271.0,0.921,272.5,0.012,13.5,2.0,3.0,0.0,34.03,236.2,308.5,310.2,0.0,7.4289999999999985,8.529999999999998,968.0,959.0,0.2349999999999999,0.0,51.6,50.0,52.74,55.66,54.17,55.22,54.84,54.28,50.75,55.64,103.8,105.0,105.3,105.9,106.2,103.7,91.8,823.0,837.0,828.0,821.0,838.0,817.0,723.0,32.09,32.46,32.53,32.72,32.83,32.04,28.39,0.0,309.2,0.0,60.12,0.0,766.0,0.0,5.0,0.0,0.0,0.0,265.1,262.0,265.6,25.06,24.91,0.0,48.45,20.97,41.59,2.0,3.53,-1.0,1.803,2.5,4902
2014-09-07 12:39:00,286.1,286.2,286.4,815720.0,74.7,59.9,60.0,235.1,23528.0,341.0,74729.0,810202.0,235.4,0.992,29.21,237.2,0.0,273.1,273.2,274.0,0.979,271.0,0.748,271.0,0.921,272.5,0.012,13.5,2.0,3.0,0.0,34.1,260.3,309.2,310.1,0.0,8.31,9.56,1079.0,1084.0,0.236,0.0,51.56,47.67,53.09,55.65,54.19,55.51,54.84,54.04,50.15,55.69,116.0,117.1,116.2,116.0,117.0,115.0,99.6,823.0,838.0,829.0,822.0,838.0,818.0,723.0,35.91,36.24,35.95,35.89,36.2,35.58,30.83,0.0,309.6,0.0,60.14,0.0,842.0,0.0,5.0,0.0,0.0,0.0,292.3,288.5,293.7,24.15,24.09,0.0,46.82,323.9,24.45,2.0,3.53,-1.0,1.57,2.0,4902
2014-09-07 12:40:00,272.7,272.3,272.6,815724.0,74.7,59.9,60.0,223.5,23528.0,341.0,74730.0,810206.0,223.5,0.993,27.41,225.2,0.0,273.0,272.9,273.8,0.979,271.0,0.748,271.0,0.921,272.0,0.012,13.5,2.0,3.0,0.0,34.18,247.1,302.8,303.4,0.0,7.866,9.04,1018.0,1027.0,0.236,0.0,51.57,48.37,53.67,56.03,54.19,56.24,53.9,53.88,50.29,55.71,112.8,113.3,112.2,111.8,112.7,111.5,95.9,824.0,839.0,829.0,823.0,839.0,818.0,724.0,34.21,34.35,34.02,33.9,34.18,33.81,29.09,0.0,303.5,0.0,60.15,0.0,817.0,0.0,5.0,0.0,0.0,0.0,277.8,274.2,278.6,23.97,23.91,0.0,47.79,287.8,39.07,2.0,3.53,-1.0,1.105,2.5,4902
2014-09-07 12:41:00,289.4,289.1,289.5,815728.0,74.7,59.9,60.0,237.5,23528.0,341.0,74730.0,810210.0,237.9,0.992,29.7,239.7,0.0,272.9,273.1,273.8,0.979,271.0,0.748,271.0,0.921,272.0,0.012,13.51,2.0,3.0,0.0,34.25,262.3,299.2,300.2,0.0,8.449999999999998,9.72,1097.0,1103.0,0.2369999999999999,0.0,51.66,47.7,54.18,56.81,54.99,57.13,54.81,54.89,51.65,56.57,121.0,122.0,121.1,120.8,121.8,120.1,103.9,825.0,839.0,830.0,823.0,839.0,819.0,724.0,36.3,36.59,36.32,36.23,36.55,36.03,31.16,0.0,300.0,0.0,60.14,0.0,877.0,0.0,5.0,0.0,0.0,0.0,295.8,291.5,297.2,23.86,23.88,0.0,47.02,250.5,50.76,2.0,3.528,-1.0,1.052,2.4,4902
2014-09-07 12:42:00,278.4,278.1,278.4,815731.0,74.7,59.9,60.0,229.0,23528.0,341.0,74731.0,810214.0,229.1,0.993,28.22,230.8,0.0,273.8,273.8,274.5,0.979,271.9,0.748,271.9,0.921,272.9,0.012,13.5,2.0,3.0,0.0,34.32,252.1,301.4,303.2,0.0,8.14,9.340000000000002,1049.0,1062.0,0.236,0.0,51.76,48.26,54.35,56.76,55.32,57.91,55.1,54.81,52.1,56.74,115.7,116.5,115.0,114.5,115.7,114.4,98.1,825.0,840.0,830.0,824.0,840.0,819.0,725.0,35.08,35.32,34.87,34.71,35.09,34.68,29.75,0.0,303.3,0.0,60.14,0.0,837.0,0.0,5.0,0.0,0.0,0.0,284.0,280.1,285.0,24.37,24.57,0.0,48.19,1.456,30.79,2.0,3.53,-1.0,1.225,3.2,4902
2014-09-07 12:43:00,281.5,281.2,281.6,815735.0,74.7,59.9,60.0,231.7,23528.0,341.0,74731.0,810218.0,231.9,0.992,28.68,233.6,0.0,273.9,274.0,274.7,0.979,272.0,0.748,272.0,0.921,273.0,0.013,13.5,2.0,3.0,0.0,34.39,255.8,301.1,302.4,0.0,8.199999999999998,9.41,1061.0,1067.0,0.236,0.0,51.77,47.81,53.27,56.01,54.2,57.31,54.42,54.32,50.06,55.61,117.2,118.0,117.0,116.8,117.8,116.3,100.5,826.0,840.0,831.0,824.0,841.0,820.0,725.0,35.38,35.62,35.33,35.26,35.57,35.09,30.34,0.0,302.0,0.0,60.19,0.0,850.0,0.0,5.0,0.0,0.0,0.0,287.3,283.3,288.3,24.29,24.17,0.0,46.25,353.5,18.27,2.0,3.53,-1.0,3.103,5.1,4902
2014-09-07 12:44:00,270.3,269.4,270.1,815739.0,74.7,59.9,60.0,222.1,23528.0,341.0,74732.0,810221.0,222.0,0.993,27.21,223.7,0.0,273.8,273.9,274.7,0.979,272.0,0.748,272.0,0.921,273.0,0.013,13.5,2.0,3.0,0.0,34.46,244.8,299.7,301.7,0.0,7.769999999999999,8.9,998.0,1008.0,0.2349999999999999,0.0,51.8,45.73,51.99,54.57,52.41,56.0,52.7,52.82,47.58,54.26,111.8,112.8,112.5,112.8,113.3,111.5,97.4,826.0,841.0,832.0,825.0,841.0,820.0,726.0,33.6,33.9,33.79,33.88,34.05,33.48,29.26,0.0,300.5,0.0,60.21,0.0,817.0,0.0,5.0,0.0,0.0,0.0,275.1,271.5,275.8,24.11,24.01,0.0,43.74,317.3,24.17,2.0,3.528,-1.0,1.85,3.1,4902
2014-09-07 12:45:00,283.7,283.7,284.0,815743.0,74.7,59.9,60.0,233.5,23528.0,341.0,74732.0,810225.0,233.7,0.992,28.97,235.5,0.0,273.6,273.9,274.6,0.979,272.0,0.748,272.0,0.921,273.0,0.013,13.5,2.0,3.0,0.0,34.51,258.1,303.8,306.4,0.0,8.199999999999998,9.41,1053.0,1068.0,0.236,0.0,51.92,44.31,51.44,53.99,52.17,56.04,51.65,52.41,48.03,54.03,117.1,118.1,116.9,116.8,117.8,116.0,100.4,827.0,842.0,832.0,825.0,842.0,821.0,726.0,35.65,35.97,35.6,35.55,35.88,35.33,30.58,0.0,304.5,0.0,60.14,0.0,850.0,0.0,5.0,0.0,0.0,0.0,289.9,285.7,291.0,23.9,23.88,0.0,43.36,315.6,28.04,2.0,3.528,-1.0,2.357,4.1,4902
2014-09-07 12:46:00,282.6,282.6,282.9,815746.0,74.7,59.9,60.0,232.4,23528.0,341.0,74733.0,810229.0,232.7,0.992,28.83,234.5,0.0,273.7,273.5,274.2,0.979,271.7,0.748,271.9,0.921,273.0,0.013,13.5,2.0,3.0,0.0,34.55,257.4,307.6,309.0,0.0,8.109999999999998,9.31,1042.0,1058.0,0.236,0.0,51.96,42.99,50.64,53.06,51.26,55.25,50.55,51.81,47.07,53.28,115.2,116.2,115.1,114.9,116.0,114.1,98.9,828.0,842.0,833.0,826.0,842.0,822.0,727.0,35.49,35.8,35.45,35.4,35.74,35.15,30.46,0.0,308.0,0.0,60.15,0.0,837.0,0.0,5.0,0.0,0.0,0.0,288.7,284.8,289.8,23.54,23.49,0.0,41.82,346.4,29.46,2.0,3.53,-1.0,2.56,4.9,4902
2014-09-07 12:47:00,280.7,280.6,280.9,815750.0,74.7,59.9,60.0,230.8,23528.0,341.0,74733.0,810233.0,231.0,0.992,28.55,232.7,0.0,273.6,273.6,274.4,0.979,271.9,0.748,272.0,0.921,273.0,0.013,13.5,2.0,3.0,0.0,34.59,255.2,307.6,309.1,0.0,8.029999999999998,9.23,1032.0,1049.0,0.236,0.0,52.0,42.79,50.48,53.19,51.65,55.5,50.26,51.82,47.65,53.52,114.2,115.3,114.0,113.9,114.9,113.2,97.9,828.0,843.0,833.0,827.0,843.0,822.0,727.0,35.21,35.54,35.16,35.12,35.44,34.89,30.2,0.0,308.4,0.0,60.14,0.0,830.0,0.0,5.0,0.0,0.0,0.0,286.5,282.6,287.6,23.46,23.42,0.0,41.88,316.2,23.69,2.0,3.53,-1.0,1.737,2.9,4902
2014-09-07 12:48:00,280.9,280.6,280.9,815754.0,74.7,59.9,60.0,230.8,23528.0,341.0,74734.0,810237.0,231.0,0.992,28.51,232.7,0.0,273.6,273.4,274.2,0.979,271.1,0.748,272.0,0.921,273.0,0.013,13.5,2.0,3.0,0.0,34.62,255.4,307.6,308.0,0.0,8.01,9.2,1029.0,1046.0,0.236,0.0,52.0,41.69,49.91,52.97,51.48,55.24,49.82,51.71,47.49,53.34,114.3,115.4,114.2,114.0,115.0,113.4,98.1,829.0,843.0,834.0,827.0,844.0,823.0,728.0,35.25,35.57,35.21,35.15,35.45,34.96,30.25,0.0,308.3,0.0,60.14,0.0,830.0,0.0,5.0,0.0,0.0,0.0,286.6,282.6,287.7,23.76,23.77,0.0,40.77,353.5,23.54,2.0,3.53,-1.0,3.043,4.6,4902
2014-09-07 12:49:00,282.1,281.9,282.2,815758.0,74.7,59.9,60.0,231.7,23528.0,341.0,74734.0,810241.0,231.8,0.992,28.76,233.6,0.0,273.2,273.3,274.1,0.979,271.0,0.748,271.1,0.921,272.9,0.013,13.5,2.0,3.0,0.0,34.65,256.1,307.8,309.7,0.0,8.0,9.18,1027.0,1045.0,0.236,0.0,52.0,40.72,48.99,52.29,50.65,54.89,49.53,51.05,46.36,51.67,114.6,115.6,114.3,114.2,115.3,113.6,98.3,829.0,844.0,834.0,828.0,844.0,823.0,728.0,35.4,35.7,35.32,35.27,35.62,35.08,30.36,0.0,308.9,0.0,60.22,0.0,832.0,0.0,5.0,0.0,0.0,0.0,287.9,283.9,288.9,23.81,23.72,0.0,39.36,337.2,11.95,2.0,3.53,-1.0,4.06,5.8,4902
2014-09-07 12:50:00,280.7,280.5,280.9,815761.0,74.7,59.9,60.0,230.3,23528.0,341.0,74735.0,810244.0,230.4,0.992,28.53,232.2,0.0,273.0,273.0,273.8,0.979,271.0,0.748,271.0,0.921,272.2,0.013,13.5,2.0,3.0,0.0,34.65,256.2,311.8,310.9,0.0,7.917999999999998,9.090000000000002,1013.0,1025.0,0.236,0.0,52.0,40.7,48.6,50.97,49.06,53.65,48.31,49.67,43.2,50.22,112.4,113.3,112.7,112.7,113.4,111.8,97.2,830.0,844.0,835.0,828.0,845.0,824.0,729.0,34.98,35.24,35.05,35.06,35.26,34.78,30.24,0.0,311.2,0.0,60.16,0.0,822.0,0.0,5.0,0.0,0.0,0.0,286.4,282.5,287.4,24.09,24.06,0.0,39.61,347.2,11.92,2.0,3.526,-1.0,3.988,5.9,4902
2014-09-07 12:51:00,275.5,275.3,275.6,815765.0,74.7,59.9,60.0,225.9,23528.0,341.0,74735.0,810248.0,225.8,0.993,27.77,227.5,0.0,273.0,272.8,273.7,0.979,271.0,0.748,271.0,0.921,272.1,0.013,13.5,2.0,3.0,0.0,34.65,250.7,312.7,313.6,0.0,7.722,8.859999999999998,991.0,1011.0,0.236,0.0,52.0,38.87,47.8,50.24,48.57,52.95,47.38,49.29,43.69,49.52,110.4,111.4,110.2,110.1,111.1,109.3,94.8,830.0,845.0,836.0,829.0,845.0,825.0,729.0,34.49,34.81,34.42,34.39,34.7,34.14,29.62,0.0,312.5,0.0,60.14,0.0,802.0,0.0,5.0,0.0,0.0,0.0,280.7,277.0,281.7,23.44,23.33,0.0,38.16,335.5,19.44,2.0,3.53,-1.0,3.46,5.4,4902
2014-09-07 12:52:00,283.8,283.8,284.1,815769.0,74.7,59.9,60.0,232.9,23528.0,341.0,74735.0,810252.0,233.1,0.992,28.89,234.9,0.0,273.1,272.8,273.7,0.979,271.0,0.748,271.0,0.921,272.0,-0.044,13.46,2.0,3.0,0.0,34.65,257.7,310.5,312.8,0.0,7.971,9.14,1024.0,1045.0,0.236,0.001,52.0,38.84,47.48,50.11,48.55,52.38,47.03,49.07,43.7,48.62,114.7,115.7,114.3,114.1,115.2,113.5,98.1,831.0,846.0,836.0,830.0,846.0,825.0,730.0,35.69,36.0,35.56,35.48,35.84,35.3,30.51,0.0,311.2,0.0,60.13,0.0,830.0,0.0,5.0,0.0,0.0,0.0,289.9,285.7,291.0,23.58,23.48,0.0,37.87,326.7,14.61,2.0,3.53,-1.0,3.662,4.9,4902
2014-09-07 12:53:00,288.5,288.5,288.8,815773.0,74.7,59.9,60.0,236.9,23528.0,341.0,74736.0,810256.0,237.2,0.992,29.55,239.1,0.0,273.0,273.0,273.8,0.979,270.8,0.748,270.8,0.921,272.5,-0.0149999999999999,13.46,2.0,3.0,0.0,34.65,263.6,313.7,310.4,0.0,8.13,9.33,1041.0,1053.0,0.2369999999999999,0.001,51.9,40.18,47.32,49.9,48.14,51.81,46.71,49.02,43.18,48.53,115.3,115.9,115.5,115.4,115.7,114.6,99.5,832.0,846.0,837.0,830.0,847.0,826.0,730.0,36.09,36.3,36.17,36.13,36.24,35.88,31.14,0.0,313.3,0.0,60.13,0.0,841.0,0.0,5.0,0.0,0.0,0.0,294.9,290.7,296.3,24.01,23.94,0.0,38.77,357.4,14.97,2.0,3.53,-1.0,2.497,3.5,4902
2014-09-07 12:54:00,219.6,218.4,218.8,815776.0,74.7,59.9,60.0,178.7,23528.0,341.0,74736.0,810259.0,177.3,0.994,20.1,178.5,0.0,272.6,272.5,273.6,0.979,271.0,0.748,271.0,0.921,273.0,-0.002,13.47,2.0,3.0,0.0,34.65,198.3,323.3,324.8,0.0,5.986000000000001,6.824,760.4,774.2999999999998,0.233,0.001,51.86,39.92,47.86,49.57,47.66,50.74,46.65,48.44,43.08,48.0,83.2,83.79999999999998,83.2,83.0,83.5,82.4,71.54,832.0,847.0,837.0,831.0,847.0,826.0,731.0,26.92,27.11,26.92,26.85,27.01,26.65,23.14,0.0,323.8,0.0,60.13,0.0,613.9,0.0,5.0,0.0,0.0,0.0,219.5,219.1,219.2,24.09,23.86,0.0,38.02,350.3,19.19,2.0,3.53,-1.0,2.452,4.5,4902
2014-09-07 12:55:00,248.6,248.1,248.6,815779.0,74.7,59.9,60.0,204.0,23528.0,341.0,74737.0,810262.0,203.8,0.898,24.26,206.3,0.0,272.6,273.0,273.9,0.979,271.0,0.748,271.0,0.921,273.0,0.004,13.47,2.0,3.0,0.0,34.65,225.6,317.5,319.7,0.0,7.779,8.91,1001.0,1025.0,0.236,0.001,51.82,40.54,47.56,49.26,47.45,50.39,46.4,48.22,42.9,47.76,99.7,100.6,99.6,99.4,100.2,75.51999999999998,85.4,833.0,847.0,838.0,831.0,847.0,827.0,731.0,30.57,30.85,30.54,30.47,30.74,20.64,26.18,0.0,319.5,0.0,60.15,0.0,736.2999999999998,0.0,4.9,0.0,0.0,0.0,254.5,250.7,255.3,23.91,23.77,0.0,38.79,346.6,16.37,2.0,3.53,-1.0,2.258,3.1,4902
2014-09-07 12:56:00,144.6,144.0,144.1,815781.0,74.7,59.9,60.0,117.4,23528.0,341.0,74737.0,810264.0,115.9,0.755,10.16,118.9,0.0,271.9,271.9,273.1,0.979,271.0,0.748,271.0,0.921,273.0,0.0069999999999999,13.47,2.0,3.0,0.0,34.6,132.2,385.5,386.9,0.0,8.34,9.56,1070.0,1089.0,0.2369999999999999,0.001,51.72,40.29,47.73,50.01,48.1,51.45,47.22,48.76,43.49,48.7,48.45,50.36,48.34,47.57,49.54,-1.332,40.94,833.0,848.0,838.0,831.0,848.0,827.0,731.0,18.2,18.93,18.18,17.88,18.63,-2.279,15.39,0.0,385.7,0.0,60.16,0.0,352.4,0.0,4.75,0.0,0.0,0.0,146.3,147.0,145.9,23.61,23.53,0.0,38.22,317.6,22.61,2.0,3.53,-1.0,3.008,5.7,4902
2014-09-07 12:57:00,245.1,244.7,245.0,815784.0,74.7,59.9,60.0,200.6,23528.0,341.0,74737.0,810268.0,199.9,0.993,23.79,201.4,0.0,273.0,273.1,274.0,0.979,271.2,0.748,271.1,0.921,273.0,0.008,13.47,2.0,3.0,0.0,34.58,224.1,356.0,358.3,0.0,8.12,9.3,1041.0,1059.0,0.2369999999999999,0.001,51.7,39.33,46.9,49.78,48.06,51.89,46.75,48.52,43.47,49.09,86.0,88.4,85.4,84.7,87.2,82.4,73.01999999999998,833.0,848.0,839.0,832.0,848.0,828.0,732.0,30.67,31.51,30.46,30.19,31.07,29.37,26.03,0.0,356.9,0.0,60.16,0.0,630.2,0.0,5.0,0.0,0.0,0.0,247.6,246.3,248.1,23.34,23.27,0.0,37.76,328.6,27.39,2.0,3.53,-1.0,2.148,3.5,4902
2014-09-07 12:58:00,255.1,255.0,255.2,815788.0,74.7,59.9,60.0,209.2,23528.0,341.0,74738.0,810271.0,208.8,0.993,25.2,210.3,0.0,273.2,273.2,274.1,0.979,271.6,0.748,271.2,0.921,273.0,0.0409999999999999,13.47,2.0,3.0,0.0,34.57,233.2,337.0,337.9,0.0,7.396,8.449999999999998,948.0,960.0,0.2349999999999999,0.001,51.72,38.64,46.2,49.48,48.0,51.99,46.39,48.37,44.04,49.5,93.6,96.2,94.3,94.2,96.4,91.9,81.5,834.0,849.0,839.0,832.0,849.0,828.0,732.0,31.59,32.45,31.81,31.79,32.51,31.01,27.47,0.0,337.3,0.0,60.17,0.0,692.2,0.0,5.0,0.0,0.0,0.0,258.6,256.8,259.3,23.47,23.44,0.0,37.56,324.9,15.99,2.0,3.53,-1.0,2.817,3.9,4902
2014-09-07 12:59:00,265.7,265.6,265.8,815791.0,74.7,59.9,60.0,218.2,23528.0,341.0,74738.0,810275.0,218.1,0.993,26.56,219.7,0.0,273.3,273.5,274.4,0.979,272.0,0.748,271.9,0.921,273.0,-0.01,13.47,2.0,3.0,0.0,34.55,243.0,327.4,328.1,0.0,7.485,8.55,960.0,980.0,0.236,0.0,51.72,38.56,45.82,48.83,47.91,51.68,46.02,48.0,43.9,48.63,102.4,103.8,101.0,100.3,102.3,100.0,85.9,834.0,849.0,840.0,833.0,849.0,829.0,733.0,33.56,34.02,33.11,32.87,33.54,32.75,28.15,0.0,327.8,0.0,60.15,0.0,742.5,0.0,5.0,0.0,0.0,0.0,270.1,267.5,271.0,23.79,23.79,0.0,37.65,337.0,17.81,2.0,3.528,-1.0,3.767,6.0,4902
2014-09-07 13:00:00,281.2,281.3,281.5,815795.0,74.7,59.9,60.0,231.3,23528.0,341.0,74739.0,810279.0,231.5,0.992,28.6,233.3,0.0,273.4,273.7,274.5,0.979,271.9,0.748,271.5,0.921,273.0,0.004,13.47,2.0,3.0,0.0,34.54,256.9,319.7,320.8,0.0,7.882999999999998,9.03,1011.0,1028.0,0.236,0.0,51.7,39.43,45.04,49.01,47.97,51.14,46.47,48.32,43.77,48.45,109.9,111.9,110.2,110.2,112.0,108.7,95.0,835.0,850.0,840.0,834.0,850.0,830.0,733.0,35.16,35.78,35.26,35.26,35.82,34.77,30.4,0.0,319.9,0.0,60.14,0.0,804.0,0.0,5.0,0.0,0.0,0.0,287.1,283.5,288.3,24.22,24.15,0.0,38.17,14.86,36.52,2.0,3.53,-1.0,2.255,4.3,4902
2014-09-07 13:01:00,290.3,290.4,290.7,815799.0,74.7,59.9,60.0,239.1,23528.0,341.0,74739.0,810283.0,239.4,0.992,29.9,241.3,0.0,273.8,273.7,274.5,0.979,272.0,0.748,271.9,0.921,273.0,0.008,13.47,2.0,3.0,0.0,34.54,266.1,313.6,312.2,0.0,8.16,9.37,1050.0,1070.0,0.2369999999999999,0.0,51.74,40.92,45.42,49.52,48.35,49.97,47.55,48.9,44.45,48.84,116.7,118.2,116.6,116.6,117.9,115.5,100.4,836.0,850.0,841.0,834.0,851.0,830.0,734.0,36.54,37.01,36.51,36.5,36.9,36.17,31.43,0.0,313.1,0.0,60.18,0.0,849.0,0.0,5.0,0.0,0.0,0.0,297.0,292.7,298.4,24.21,23.98,0.0,39.46,12.78,25.91,2.0,3.528,-1.0,1.957,3.2,4902
2014-09-07 13:02:00,290.3,290.3,290.6,815803.0,74.7,59.9,60.0,239.1,23528.0,341.0,74740.0,810287.0,239.3,0.992,29.84,241.2,0.0,273.7,273.7,274.5,0.979,271.9,0.748,271.8,0.921,273.0,0.009,13.47,2.0,3.0,0.0,34.51,264.6,311.4,311.7,0.0,8.15,9.37,1051.0,1070.0,0.2369999999999999,0.0,51.78,42.54,46.09,50.02,48.52,49.72,48.25,49.27,44.64,49.53,117.0,118.2,116.9,116.8,117.8,115.8,100.5,836.0,851.0,841.0,835.0,851.0,831.0,734.0,36.52,36.9,36.47,36.44,36.77,36.15,31.37,0.0,312.2,0.0,60.15,0.0,850.0,0.0,5.0,0.0,0.0,0.0,296.8,292.5,298.3,24.23,24.02,0.0,41.12,51.55,18.48,2.0,3.53,-1.0,2.35,3.4,4902
2014-09-07 13:03:00,210.0,209.6,210.0,815806.0,74.7,59.9,60.0,171.5,23528.0,341.0,74740.0,810289.0,171.1,0.995,19.13,172.2,0.0,272.7,273.0,274.0,0.979,272.0,0.748,271.9,0.921,273.0,0.009,13.47,2.0,3.0,0.0,34.5,192.1,316.3,317.2,0.0,5.828,6.689,734.7,724.2999999999998,0.2339999999999999,0.0,51.8,43.48,46.27,50.32,48.68,49.75,48.69,49.37,44.93,49.61,81.2,80.59999999999998,81.5,81.2,79.93,81.29999999999998,70.07,837.0,851.0,842.0,835.0,852.0,831.0,735.0,25.68,25.49,25.76,25.68,25.28,25.7,22.15,0.0,316.7,0.0,60.23,0.0,608.0,0.0,5.0,0.0,0.0,0.0,211.7,210.5,211.9,24.43,24.27,0.0,41.96,352.7,27.78,2.0,3.53,-1.0,1.85,3.7,4902
2014-09-07 13:04:00,236.5,236.1,236.7,815809.0,74.7,59.9,60.0,193.8,23528.0,341.0,74740.0,810293.0,193.3,0.994,22.53,194.6,0.0,273.1,273.1,274.1,0.979,271.7,0.748,271.7,0.921,273.0,0.01,13.47,2.0,3.0,0.0,34.43,215.5,315.4,316.9,0.0,6.4510000000000005,7.386,846.0,882.0,0.2319999999999999,0.0,51.8,41.87,44.79,48.07,46.81,48.25,46.71,47.08,42.8,47.68,94.9,97.2,94.3,94.2,97.0,93.1,80.9,837.0,852.0,842.0,836.0,852.0,832.0,735.0,29.8,30.52,29.6,29.58,30.47,29.22,25.39,0.0,315.5,0.0,60.15,0.0,686.9,0.0,5.0,0.0,0.0,0.0,239.3,237.3,240.2,24.21,24.05,0.0,39.9,338.6,19.3,2.0,3.528,-1.0,2.572,3.9,4902
2014-09-07 13:05:00,288.8,289.0,289.2,815813.0,74.7,59.9,60.0,237.8,23528.0,341.0,74741.0,810297.0,238.1,0.992,29.68,239.9,0.0,273.8,273.5,274.4,0.979,272.0,0.748,271.8,0.921,273.0,0.011,13.47,2.0,3.0,0.0,34.42,263.3,311.9,314.0,0.0,8.05,9.3,1041.0,1055.0,0.2369999999999999,0.0,51.72,42.97,45.48,48.6,46.62,49.07,46.27,47.13,42.31,48.31,115.8,117.1,116.1,116.1,117.2,115.1,99.9,838.0,853.0,843.0,836.0,853.0,832.0,736.0,36.23,36.62,36.33,36.32,36.65,35.99,31.24,0.0,312.8,0.0,60.14,0.0,844.0,0.0,5.0,0.0,0.0,0.0,295.4,291.1,296.8,24.19,24.08,0.0,40.68,31.05,36.42,2.0,3.528,-1.0,0.905,1.7,4902
2014-09-07 13:06:00,287.9,287.9,288.2,815816.0,74.7,59.9,60.0,237.0,23528.0,341.0,74741.0,810301.0,237.3,0.992,29.57,239.2,0.0,273.8,273.7,274.5,0.979,272.0,0.748,271.9,0.921,273.0,0.011,13.47,2.0,3.0,0.0,34.42,262.8,313.3,315.3,0.0,8.09,9.340000000000002,1046.0,1063.0,0.2369999999999999,0.0,51.72,44.96,47.24,50.27,48.31,50.58,47.74,48.17,44.3,50.08,115.4,116.6,115.2,114.9,116.3,114.2,98.8,838.0,853.0,844.0,837.0,853.0,833.0,736.0,36.24,36.61,36.16,36.08,36.5,35.85,31.02,0.0,314.0,0.0,60.14,0.0,839.0,0.0,5.0,0.0,0.0,0.0,294.3,290.3,295.7,24.69,24.73,0.0,43.61,354.5,28.77,2.0,3.528,-1.0,0.682,1.3,4902
2014-09-07 13:07:00,284.3,284.5,284.6,815820.0,74.7,59.9,60.0,234.1,23528.0,341.0,74742.0,810304.0,234.3,0.992,29.11,236.1,0.0,273.8,273.6,274.6,0.979,272.0,0.748,272.0,0.921,273.0,0.011,13.47,2.0,3.0,0.0,34.41,259.4,311.4,312.8,0.0,8.019999999999998,9.26,1037.0,1053.0,0.2369999999999999,0.0,51.66,45.37,48.38,51.31,49.77,51.63,49.1,49.25,46.02,51.45,114.8,115.8,114.4,114.2,115.4,113.6,98.2,839.0,854.0,844.0,838.0,854.0,834.0,737.0,35.79,36.13,35.68,35.62,36.0,35.42,30.62,0.0,311.9,0.0,60.16,0.0,833.0,0.0,5.0,0.0,0.0,0.0,290.5,286.6,291.8,24.75,24.7,0.0,43.79,51.9,43.67,2.0,3.53,-1.0,1.258,3.9,4902
2014-09-07 13:08:00,275.9,275.8,276.0,815824.0,74.7,59.9,60.0,226.7,23528.0,341.0,74742.0,810308.0,226.7,0.993,27.92,228.4,0.0,273.6,273.4,274.3,0.979,271.8,0.748,271.7,0.921,273.0,0.011,13.47,2.0,3.0,0.0,34.41,251.2,313.2,314.6,0.0,7.785,8.98,1003.0,1015.0,0.2369999999999999,0.0,51.61,46.49,49.61,51.75,50.05,51.5,50.01,50.21,45.97,51.99,110.1,110.9,110.0,109.6,110.6,109.2,94.4,840.0,854.0,845.0,838.0,855.0,834.0,737.0,34.55,34.78,34.51,34.41,34.7,34.28,29.62,0.0,313.9,0.0,60.14,0.0,802.0,0.0,5.0,0.0,0.0,0.0,281.2,277.7,282.2,24.83,24.75,0.0,44.99,32.84,49.3,2.0,3.53,-1.0,1.253,3.3,4902
2014-09-07 13:09:00,236.9,235.9,236.2,815827.0,74.7,59.9,60.0,193.4,23528.0,341.0,74743.0,810311.0,192.4,0.993,22.57,193.7,0.0,272.8,273.1,274.0,0.979,271.3,0.748,271.3,0.921,273.0,0.011,13.47,2.0,3.0,0.0,34.42,214.9,326.7,327.3,0.0,6.638,7.63,853.0,863.0,0.2349999999999999,0.0,51.57,46.58,49.54,51.46,49.59,51.04,50.06,50.08,44.7,52.05,89.79999999999998,90.4,89.4,88.79999999999998,89.79999999999998,88.59999999999998,76.26,840.0,855.0,845.0,839.0,855.0,835.0,738.0,29.34,29.53,29.21,29.02,29.33,28.96,24.92,0.0,327.0,0.0,60.14,0.0,658.4,0.0,5.0,0.0,0.0,0.0,238.3,237.1,238.3,24.99,24.92,0.0,44.83,0.039,24.23,2.0,3.53,-1.0,1.883,3.1,4902
2014-09-07 13:10:00,244.9,244.0,244.4,815830.0,74.7,59.9,60.0,200.2,23528.0,341.0,74743.0,810315.0,199.6,0.993,23.66,201.0,0.0,272.9,273.2,274.1,0.979,271.7,0.748,271.5,0.921,273.0,0.011,13.47,2.0,3.0,0.0,34.43,222.5,322.3,323.4,0.0,6.8,7.812,877.0,893.0,0.2339999999999999,0.0,51.55,45.19,47.76,50.45,48.42,50.42,48.98,49.05,44.04,50.9,94.8,95.7,94.1,93.6,95.2,93.3,80.29999999999998,841.0,855.0,846.0,839.0,856.0,835.0,738.0,30.57,30.86,30.35,30.18,30.69,30.09,25.88,0.0,322.6,0.0,60.15,0.0,690.8,0.0,5.0,0.0,0.0,0.0,247.3,245.5,247.4,24.58,24.28,0.0,42.08,339.9,24.4,2.0,3.53,-1.0,3.045,4.5,4902
2014-09-07 13:11:00,276.5,276.2,276.5,815834.0,74.7,59.9,60.0,227.1,23528.0,341.0,74744.0,810319.0,227.2,0.993,27.95,228.9,0.0,273.3,273.5,274.4,0.979,271.6,0.748,271.5,0.921,273.0,0.011,13.47,2.0,3.0,0.0,34.46,251.4,311.0,312.5,0.0,7.745,8.91,999.0,1018.0,0.236,0.0,51.51,44.36,47.28,49.82,47.97,50.16,48.12,48.38,43.87,49.9,111.5,112.5,111.0,110.7,112.3,110.3,95.0,841.0,856.0,846.0,840.0,856.0,836.0,738.0,34.75,35.07,34.61,34.5,34.99,34.37,29.61,0.0,311.7,0.0,60.15,0.0,809.0,0.0,5.0,0.0,0.0,0.0,281.9,278.1,282.8,24.31,24.08,0.0,41.15,21.9,45.93,2.0,3.53,-1.0,2.313,5.1,4902
2014-09-07 13:12:00,275.3,275.1,275.4,815838.0,74.7,59.9,60.0,226.2,23528.0,341.0,74744.0,810322.0,226.2,0.992,27.89,227.9,0.0,273.4,273.4,274.3,0.979,271.7,0.748,271.3,0.921,273.0,0.011,13.47,2.0,3.0,0.0,34.46,250.7,316.0,317.3,0.0,7.718,8.88,992.0,1005.0,0.236,0.0,51.52,43.93,47.42,49.92,47.99,49.19,48.82,48.69,44.22,50.18,108.8,109.7,108.8,108.5,109.5,107.9,93.3,842.0,857.0,847.0,840.0,857.0,836.0,739.0,34.46,34.72,34.44,34.35,34.65,34.17,29.54,0.0,316.7,0.0,60.22,0.0,793.7999999999998,0.0,5.0,0.0,0.0,0.0,280.6,277.2,281.5,24.41,24.23,0.0,40.75,20.1,24.19,2.0,3.53,-1.0,2.235,3.9,4902
2014-09-07 13:13:00,241.8,240.9,241.2,815841.0,74.7,59.9,60.0,197.7,23528.0,341.0,74744.0,810326.0,196.8,0.993,23.31,198.2,0.0,273.1,273.1,274.1,0.979,271.9,0.748,271.6,0.921,273.0,0.011,13.47,2.0,3.0,0.0,34.46,219.9,326.7,327.9,0.0,6.703,7.7,857.0,864.0,0.2349999999999999,0.0,51.51,44.05,47.33,49.57,47.68,48.59,48.62,48.47,43.67,49.54,91.2,91.8,91.5,91.2,91.6,90.5,78.48999999999998,842.0,857.0,847.0,841.0,857.0,837.0,739.0,29.82,30.01,29.91,29.8,29.96,29.59,25.66,0.0,327.1,0.0,60.22,0.0,673.6,0.0,5.0,0.0,0.0,0.0,243.7,242.2,243.7,24.77,24.68,0.0,41.62,11.17,23.25,2.0,3.53,-1.0,2.43,4.1,4902
2014-09-07 13:14:00,226.2,224.9,225.3,815844.0,74.7,59.9,60.0,184.2,23528.0,341.0,74745.0,810329.0,182.9,0.993,21.07,184.1,0.0,272.9,272.5,273.6,0.979,271.2,0.748,271.0,0.921,272.9,0.011,13.47,2.0,3.0,0.0,34.46,204.7,325.4,326.0,0.0,6.154,7.056,788.6,801.0,0.233,0.0,51.52,43.18,47.28,48.58,46.89,48.05,47.52,47.37,42.71,48.64,85.29999999999998,86.09999999999998,85.5,85.4,86.09999999999998,84.59999999999998,73.54,843.0,857.0,848.0,841.0,858.0,837.0,740.0,27.74,27.98,27.8,27.76,27.99,27.49,23.91,0.0,325.4,0.0,60.14,0.0,629.6,0.0,5.0,0.0,0.0,0.0,226.5,225.9,226.2,24.62,24.42,0.0,40.74,10.21,25.67,2.0,3.53,-1.0,2.013,3.5,4902
2014-09-07 13:15:00,242.4,241.1,241.6,815847.0,74.7,59.9,60.0,197.8,23528.0,341.0,74745.0,810332.0,197.1,0.993,23.3,198.5,0.0,273.0,272.7,273.8,0.979,271.1,0.748,271.0,0.921,273.0,0.011,13.47,2.0,3.0,0.0,34.46,219.4,314.2,315.5,0.0,6.608,7.582999999999998,850.0,865.0,0.2339999999999999,0.0,51.51,43.2,46.97,48.74,46.96,47.89,47.5,47.43,43.08,48.61,95.2,96.0,95.3,95.2,95.9,94.6,82.0,843.0,858.0,848.0,842.0,858.0,838.0,740.0,29.96,30.19,29.97,29.95,30.17,29.74,25.79,0.0,314.6,0.0,60.14,0.0,698.4,0.0,5.0,0.0,0.0,0.0,244.6,242.4,244.5,24.6,24.32,0.0,40.59,39.97,58.16,2.0,3.53,-1.0,1.525,3.1,4902
2014-09-07 13:16:00,267.7,266.9,267.5,815851.0,74.7,59.9,60.0,219.2,23528.0,341.0,74746.0,810336.0,219.1,0.993,26.8,220.8,0.0,272.7,273.0,274.1,0.979,271.0,0.748,271.0,0.921,272.6,0.012,13.47,2.0,3.0,0.0,34.46,242.2,305.0,303.9,0.0,7.442999999999999,8.56,960.0,977.0,0.236,0.0,51.51,43.51,46.98,48.95,47.28,47.82,48.06,47.71,43.22,48.76,109.4,110.1,109.2,109.1,109.9,108.6,93.8,844.0,859.0,849.0,842.0,859.0,838.0,741.0,33.45,33.66,33.38,33.34,33.59,33.22,28.67,0.0,305.8,0.0,60.14,0.0,794.2,0.0,5.0,0.0,0.0,0.0,272.5,268.5,273.1,24.67,24.53,0.0,41.43,33.57,20.36,2.0,3.528,-1.0,1.775,2.8,4902
2014-09-07 13:17:00,273.2,272.9,273.2,815854.0,74.7,59.9,60.0,224.1,23528.0,341.0,74746.0,810339.0,224.3,0.993,27.54,225.9,0.0,272.9,273.1,274.2,0.979,271.0,0.748,271.0,0.921,272.5,0.012,13.47,2.0,3.0,0.0,34.46,248.5,312.4,315.0,0.0,7.619,8.769999999999998,982.0,997.0,0.236,0.0,51.55,44.98,47.48,49.94,48.3,48.89,48.87,48.53,44.3,49.37,109.1,110.0,109.1,108.9,109.6,108.3,93.6,844.0,859.0,850.0,843.0,859.0,839.0,741.0,34.18,34.44,34.17,34.1,34.33,33.92,29.32,0.0,313.2,0.0,60.14,0.0,795.5,0.0,5.0,0.0,0.0,0.0,278.7,275.0,279.5,24.81,24.57,0.0,42.96,20.28,21.82,2.0,3.528,-1.0,1.382,2.4,4902
2014-09-07 13:18:00,273.5,273.0,273.3,815858.0,74.7,59.9,60.0,224.3,23528.0,341.0,74746.0,810343.0,224.4,0.993,27.54,226.1,0.0,273.2,273.1,274.1,0.979,271.0,0.748,271.0,0.921,273.0,0.012,13.47,2.0,3.0,0.0,34.46,248.3,311.2,314.0,0.0,7.643,8.79,985.0,1001.0,0.236,0.0,51.5,45.52,48.05,50.7,48.97,49.11,49.7,49.27,45.27,49.71,109.7,110.5,109.5,109.3,110.1,108.8,94.0,845.0,860.0,850.0,843.0,860.0,839.0,742.0,34.24,34.49,34.19,34.11,34.36,33.96,29.34,0.0,312.2,0.0,60.13,0.0,798.0,0.0,5.0,0.0,0.0,0.0,278.7,275.0,279.5,24.97,24.81,0.0,43.54,32.87,40.74,2.0,3.53,-1.0,1.707,3.3,4902
2014-09-07 13:19:00,264.9,264.1,264.6,815862.0,74.7,59.9,60.0,216.9,23528.0,341.0,74747.0,810347.0,216.6,0.993,26.35,218.2,0.0,272.9,272.8,273.9,0.979,271.0,0.748,271.0,0.921,272.8,0.012,13.47,2.0,3.0,0.0,34.46,240.4,309.8,310.6,0.0,7.377999999999998,8.47,950.0,962.0,0.236,0.0,51.41,46.23,48.39,50.67,49.1,49.58,50.08,49.47,45.44,49.81,106.4,107.1,106.4,106.4,106.8,105.7,91.6,845.0,860.0,851.0,844.0,860.0,840.0,742.0,32.99,33.18,32.98,32.96,33.09,32.76,28.4,0.0,310.1,0.0,60.11,0.0,776.1,0.0,5.0,0.0,0.0,0.0,269.1,265.7,269.6,25.08,24.91,0.0,44.46,356.1,16.22,2.0,3.53,-1.0,2.345,3.1,4902
2014-09-07 13:20:00,273.4,272.9,273.3,815865.0,74.7,59.9,60.0,224.1,23528.0,341.0,74747.0,810350.0,224.1,0.993,27.55,225.8,0.0,273.0,272.8,273.9,0.979,271.0,0.748,271.0,0.921,272.4,0.012,13.47,2.0,3.0,0.0,34.46,248.1,309.6,311.3,0.0,7.678,8.82,988.0,1002.0,0.236,0.0,51.43,46.45,48.75,50.74,48.94,50.25,50.21,49.34,44.59,49.72,110.2,111.0,110.1,109.9,110.5,109.2,94.5,846.0,861.0,851.0,844.0,861.0,840.0,743.0,34.2,34.44,34.16,34.09,34.28,33.9,29.33,0.0,310.4,0.0,60.15,0.0,801.0,0.0,5.0,0.0,0.0,0.0,278.6,274.9,279.4,25.0,24.81,0.0,43.76,7.108,26.09,2.0,3.53,-1.0,2.213,3.8,4902
2014-09-07 13:21:00,275.5,275.1,275.4,815869.0,74.7,59.9,60.0,225.8,23528.0,341.0,74748.0,810354.0,225.9,0.992,27.83,227.6,0.0,272.8,272.8,273.9,0.979,271.0,0.748,271.0,0.921,272.0,0.012,13.47,2.0,3.0,0.0,34.46,250.1,309.5,310.6,0.0,7.752999999999998,8.9,996.0,1012.0,0.236,0.0,51.41,46.17,48.74,50.72,48.61,49.54,50.07,49.37,43.89,50.43,111.2,111.9,111.1,110.9,111.5,110.3,95.5,847.0,861.0,852.0,845.0,862.0,841.0,743.0,34.46,34.7,34.45,34.38,34.57,34.2,29.59,0.0,310.0,0.0,60.14,0.0,808.0,0.0,5.0,0.0,0.0,0.0,280.8,277.1,281.7,24.93,24.8,0.0,43.74,28.01,45.77,2.0,3.531,-1.0,1.5419999999999998,3.5,4902
2014-09-07 13:22:00,280.1,279.6,280.0,815873.0,74.7,59.9,60.0,229.6,23528.0,341.0,74748.0,810358.0,229.7,0.992,28.46,231.5,0.0,273.0,272.8,273.8,0.979,271.0,0.748,271.0,0.921,272.0,0.012,13.47,2.0,3.0,0.0,34.49,254.4,308.8,309.7,0.0,7.917999999999998,9.08,1016.0,1032.0,0.2369999999999999,0.0,51.39,46.61,49.06,50.86,48.65,49.76,49.96,49.31,44.44,50.28,113.5,114.1,113.4,113.2,113.6,112.6,97.4,847.0,862.0,852.0,846.0,862.0,842.0,744.0,35.08,35.27,35.06,34.98,35.11,34.81,30.1,0.0,309.1,0.0,60.15,0.0,824.0,0.0,5.0,0.0,0.0,0.0,285.7,281.8,286.7,24.96,24.85,0.0,44.4,337.9,13.39,2.0,3.53,-1.0,1.993,3.0,4902
2014-09-07 13:23:00,268.9,268.4,268.8,815876.0,74.7,59.9,60.0,220.2,23528.0,341.0,74749.0,810362.0,219.9,0.993,26.93,221.6,0.0,272.7,272.7,273.7,0.979,271.0,0.748,271.0,0.921,272.0,0.012,13.47,2.0,3.0,0.0,34.5,243.7,306.4,307.7,0.0,7.6179999999999986,8.73,972.0,986.0,0.236,0.0,51.41,47.13,49.83,51.24,49.36,50.93,49.61,49.3,45.04,50.72,109.6,109.5,108.9,108.6,108.6,108.6,93.5,848.0,863.0,853.0,846.0,863.0,842.0,744.0,33.63,33.62,33.42,33.32,33.34,33.31,28.69,0.0,306.8,0.0,60.15,0.0,795.2,0.0,5.0,0.0,0.0,0.0,273.4,270.1,274.2,24.61,24.38,0.0,45.26,350.6,26.92,2.0,3.53,-1.0,1.7380000000000002,3.1,4902
2014-09-07 13:24:00,242.3,241.4,242.0,815880.0,74.7,59.9,60.0,198.0,23528.0,341.0,74749.0,810365.0,197.3,0.961,23.35,199.0,0.0,272.5,272.6,273.6,0.979,271.0,0.748,271.0,0.921,272.0,0.012,13.47,2.0,3.0,0.0,34.52,218.1,304.7,306.2,0.0,7.026,8.019999999999998,907.0,910.0,0.2339999999999999,0.0,51.43,45.95,49.15,50.83,48.85,51.05,49.09,48.79,44.64,50.47,94.9,96.9,98.3,99.4,99.7,86.4,82.9,848.0,863.0,853.0,847.0,863.0,843.0,745.0,28.64,29.24,29.67,29.98,30.09,25.24,24.66,0.0,306.0,0.0,60.15,0.0,725.0,0.0,4.967,0.0,0.0,0.0,245.6,243.1,246.1,24.39,24.24,0.0,44.12,328.0,29.98,2.0,3.53,-1.0,1.7719999999999998,4.3,4902
2014-09-07 13:25:00,121.2,120.6,120.8,815881.0,74.7,59.9,60.0,98.0,23528.0,341.0,74749.0,810367.0,97.2,0.6779999999999999,7.18,100.4,0.0,271.2,271.6,273.0,0.979,271.0,0.748,271.0,0.921,272.2,0.012,13.47,2.0,3.0,0.0,34.54,111.0,384.4,385.3,0.0,7.848,8.99,1006.0,1021.0,0.2369999999999999,0.0,51.43,44.45,49.37,51.36,49.28,51.73,49.5,49.56,44.64,50.44,41.45,42.38,40.66,39.58,41.05,-21.87,-2.7430000000000003,848.0,863.0,854.0,847.0,864.0,843.0,744.0,15.49,15.84,15.18,14.77,15.33,-10.35,-2.364,0.0,384.6,0.0,60.15,0.0,298.2,0.0,4.7,0.0,0.0,0.0,123.8,124.9,123.3,24.35,24.33,0.0,42.49,333.4,10.78,2.0,3.53,-1.0,2.81,3.9,4902
2014-09-07 13:26:00,229.4,228.9,229.2,815884.0,74.7,59.9,60.0,187.1,23528.0,341.0,74750.0,810370.0,186.3,0.993,21.66,187.5,0.0,272.5,272.3,273.4,0.979,271.0,0.748,271.0,0.921,272.0,0.012,13.47,2.0,3.0,0.0,34.54,209.0,353.7,355.1,0.0,7.641,8.73,982.0,1007.0,0.236,0.0,51.43,44.39,49.4,51.29,49.31,52.04,49.02,49.32,44.43,50.38,82.7,83.9,80.4,78.81999999999998,81.79999999999998,78.43,66.68,849.0,864.0,854.0,847.0,864.0,844.0,745.0,29.23,29.65,28.43,27.85,28.9,27.72,23.56,0.0,354.2,0.0,60.15,0.0,592.3,0.0,5.0,0.0,0.0,0.0,230.8,230.4,231.0,24.72,24.64,0.0,42.46,30.1,38.49,2.0,3.53,-1.0,2.21,3.9,4902
2014-09-07 13:27:00,263.2,263.4,263.5,815888.0,74.7,59.9,60.0,215.7,23528.0,341.0,74750.0,810373.0,215.6,0.993,26.19,217.2,0.0,272.5,272.8,273.8,0.979,271.0,0.748,271.0,0.921,272.0,0.012,13.47,2.0,3.0,0.0,34.57,240.2,334.8,337.1,0.0,7.772,8.88,994.0,1013.0,0.236,0.0,51.45,45.16,49.53,50.9,48.83,50.21,49.32,49.32,44.53,50.7,98.9,99.7,98.4,97.6,98.7,96.8,83.59999999999998,850.0,864.0,855.0,848.0,865.0,844.0,745.0,33.16,33.42,32.97,32.71,33.08,32.43,28.02,0.0,335.5,0.0,60.14,0.0,718.2,0.0,5.0,0.0,0.0,0.0,267.6,265.4,268.6,25.23,25.16,0.0,43.59,21.09,16.65,2.0,3.53,-1.0,2.128,3.2,4902
2014-09-07 13:28:00,267.3,267.0,267.3,815891.0,74.7,59.9,60.0,218.9,23528.0,341.0,74751.0,810377.0,218.6,0.993,26.72,220.2,0.0,272.8,272.6,273.5,0.979,271.0,0.748,271.0,0.921,272.0,0.012,13.47,2.0,3.0,0.0,34.58,242.8,316.0,317.9,0.0,7.581,8.67,965.0,976.0,0.2369999999999999,0.0,51.43,46.12,49.67,51.54,49.62,50.5,50.05,49.95,45.18,51.05,105.1,105.5,105.2,104.9,105.2,104.3,90.4,850.0,865.0,855.0,849.0,865.0,845.0,746.0,33.31,33.43,33.32,33.23,33.33,33.03,28.64,0.0,316.8,0.0,60.2,0.0,768.2999999999998,0.0,5.0,0.0,0.0,0.0,271.7,268.9,272.5,25.25,25.14,0.0,44.67,47.23,17.33,2.0,3.531,-1.0,1.953,2.8,4902
2014-09-07 13:29:00,278.1,277.6,278.0,815895.0,74.7,59.9,60.0,227.7,23528.0,341.0,74751.0,810381.0,227.7,0.992,28.2,229.4,0.0,272.5,272.7,273.6,0.979,271.0,0.748,271.0,0.921,272.0,0.012,13.47,2.0,3.0,0.0,34.6,252.8,309.7,308.7,0.0,7.859,8.98,1010.0,1028.0,0.236,0.0,51.43,47.11,49.65,51.9,50.02,50.45,50.56,50.27,46.02,51.27,112.6,113.5,112.5,112.3,113.2,111.6,96.7,851.0,865.0,856.0,849.0,866.0,846.0,746.0,34.81,35.11,34.8,34.73,35.0,34.5,29.89,0.0,309.3,0.0,60.19,0.0,816.0,0.0,5.0,0.0,0.0,0.0,283.4,279.7,284.3,25.29,25.12,0.0,45.73,35.59,10.37,2.0,3.531,-1.0,1.832,3.1,4902
2014-09-07 13:30:00,276.8,276.2,276.7,815899.0,74.7,59.9,60.0,226.7,23528.0,341.0,74751.0,810385.0,226.6,0.992,28.04,228.4,0.0,272.9,272.6,273.6,0.979,271.0,0.748,271.0,0.921,272.0,0.012,13.47,2.0,3.0,0.0,34.61,250.8,305.0,308.2,0.0,7.853,8.98,1005.0,1016.0,0.236,0.0,51.41,46.53,50.34,52.63,50.55,51.11,51.29,51.1,45.99,51.69,112.7,113.3,113.1,113.1,113.3,112.3,97.4,851.0,866.0,856.0,850.0,866.0,846.0,747.0,34.45,34.65,34.6,34.58,34.65,34.33,29.79,0.0,305.9,0.0,60.21,0.0,822.0,0.0,5.0,0.0,0.0,0.0,282.0,278.2,282.9,25.08,24.96,0.0,45.02,357.3,36.68,2.0,3.528,-1.0,1.828,3.0,4902
2014-09-07 13:31:00,251.7,250.8,251.3,815902.0,74.7,59.9,60.0,205.4,23528.0,341.0,74752.0,810388.0,204.9,0.993,24.59,206.4,0.0,272.2,272.3,273.3,0.979,270.7,0.748,270.5,0.921,272.0,0.012,13.47,2.0,3.0,0.0,34.63,226.1,302.4,303.0,0.0,7.086,8.08,907.0,920.0,0.2349999999999999,0.0,51.41,46.77,50.5,52.44,50.71,51.45,51.41,51.06,46.45,51.62,102.5,103.1,102.6,102.3,102.8,101.9,87.9,852.0,867.0,857.0,850.0,867.0,847.0,747.0,31.18,31.38,31.2,31.13,31.29,31.0,26.74,0.0,304.3,0.0,60.15,0.0,748.5,0.0,5.0,0.0,0.0,0.0,255.0,252.3,255.4,25.3,25.24,0.0,45.7,12.99,29.84,2.0,3.53,-1.0,1.158,1.9,4902
2014-09-07 13:32:00,271.6,271.2,271.5,815906.0,74.7,59.9,60.0,222.1,23528.0,341.0,74752.0,810392.0,221.9,0.993,27.21,223.6,0.0,272.1,272.4,273.3,0.979,270.4,0.748,270.0,0.921,272.0,0.012,13.47,2.0,3.0,0.0,34.65,246.1,309.1,308.5,0.0,7.692,8.79,986.0,1000.0,0.236,0.0,51.41,47.41,51.19,52.95,51.18,52.5,51.74,51.21,47.56,51.92,109.5,110.2,109.3,109.0,109.7,108.5,93.8,852.0,867.0,857.0,851.0,867.0,847.0,748.0,33.89,34.09,33.81,33.72,33.95,33.56,29.02,0.0,309.4,0.0,60.13,0.0,796.2,0.0,5.0,0.0,0.0,0.0,276.5,272.9,277.2,25.48,25.45,0.0,46.27,330.0,17.0,2.0,3.53,-1.0,1.652,2.9,4902
2014-09-07 13:33:00,270.3,269.7,270.1,815909.0,74.7,59.9,60.0,220.8,23528.0,341.0,74753.0,810395.0,220.9,0.993,27.08,222.6,0.0,272.0,272.2,273.2,0.979,270.0,0.748,270.0,0.921,272.0,0.013,13.47,2.0,3.0,0.0,34.69,244.7,308.4,311.2,0.0,7.649,8.74,980.0,995.0,0.236,0.0,51.49,45.9,50.49,53.22,51.12,52.5,51.67,51.33,46.82,51.43,109.2,110.0,108.8,108.6,109.4,108.0,93.4,853.0,868.0,858.0,851.0,868.0,848.0,748.0,33.74,33.98,33.62,33.55,33.82,33.36,28.85,0.0,309.0,0.0,60.16,0.0,793.6,0.0,5.0,0.0,0.0,0.0,275.3,271.8,276.1,25.11,25.03,0.0,43.96,341.4,21.47,2.0,3.53,-1.0,2.9130000000000003,4.1,4902
2014-09-07 13:34:00,270.0,269.5,269.8,815913.0,74.7,59.9,60.0,220.5,23528.0,341.0,74753.0,810399.0,220.5,0.993,27.06,222.1,0.0,272.2,272.1,273.0,0.979,270.0,0.748,270.0,0.921,271.9,0.013,13.47,2.0,3.0,0.0,34.69,244.5,310.2,311.7,0.0,7.619,8.71,976.0,992.0,0.236,0.0,51.51,44.97,50.15,53.05,51.32,52.47,51.52,51.62,46.85,50.79,108.4,109.3,108.0,107.7,108.8,107.2,92.6,853.0,868.0,859.0,852.0,868.0,848.0,749.0,33.69,33.96,33.57,33.48,33.79,33.31,28.79,0.0,310.8,0.0,60.22,0.0,788.1,0.0,5.0,0.0,0.0,0.0,274.8,271.4,275.5,25.02,24.93,0.0,42.82,349.9,28.4,2.0,3.53,-1.0,1.937,3.4,4902
2014-09-07 13:35:00,268.5,267.7,268.1,815916.0,74.7,59.9,60.0,218.9,23528.0,341.0,74754.0,810403.0,218.7,0.993,26.84,220.3,0.0,271.7,271.9,272.9,0.979,270.0,0.748,270.0,0.921,271.3,0.013,13.47,2.0,3.0,0.0,34.73,242.3,306.8,308.1,0.0,7.548999999999999,8.62,967.0,982.0,0.236,0.0,51.51,44.29,49.71,52.59,50.94,52.33,51.14,51.45,46.42,50.57,108.6,109.4,108.3,108.2,109.2,107.5,93.1,854.0,869.0,859.0,852.0,869.0,849.0,749.0,33.36,33.61,33.27,33.22,33.53,33.03,28.59,0.0,307.2,0.0,60.22,0.0,789.9,0.0,5.0,0.0,0.0,0.0,272.9,269.5,273.5,24.91,24.75,0.0,42.27,335.4,23.46,2.0,3.528,-1.0,3.023,5.0,4902
2014-09-07 13:36:00,271.1,270.6,270.9,815920.0,74.7,59.9,60.0,221.9,23528.0,341.0,74754.0,810406.0,221.9,0.993,27.29,223.5,0.0,272.7,272.7,273.7,0.979,270.8,0.748,270.8,0.921,272.3,0.013,13.47,2.0,3.0,0.0,34.76,246.8,311.8,311.9,0.0,7.647,8.72,978.0,996.0,0.236,0.0,51.56,43.99,48.94,51.79,50.05,51.82,50.32,50.66,45.17,50.08,109.3,109.8,108.5,108.1,109.2,107.7,92.9,855.0,869.0,860.0,853.0,870.0,849.0,750.0,34.0,34.17,33.76,33.65,33.97,33.53,28.9,0.0,311.2,0.0,60.22,0.0,791.5,0.0,5.0,0.0,0.0,0.0,275.9,272.5,276.6,25.24,25.21,0.0,42.05,357.8,14.92,2.0,3.53,-1.0,3.248,4.5,4902
2014-09-07 13:37:00,255.8,254.9,255.4,815923.0,74.7,59.9,60.0,209.0,23528.0,341.0,74755.0,810410.0,208.4,0.993,25.16,209.9,0.0,272.7,272.6,273.7,0.979,271.0,0.748,271.0,0.921,272.2,0.013,13.47,2.0,3.0,0.0,34.77,232.2,309.6,309.2,0.0,7.172999999999999,8.16,910.0,917.0,0.236,0.0,51.6,43.83,48.96,51.27,49.55,50.89,49.82,50.07,44.74,49.32,102.2,102.2,102.3,102.3,102.2,101.6,88.4,855.0,870.0,860.0,854.0,870.0,850.0,750.0,31.6,31.59,31.61,31.63,31.61,31.42,27.32,0.0,309.4,0.0,60.16,0.0,750.2999999999998,0.0,5.0,0.0,0.0,0.0,259.0,256.3,259.4,25.78,25.86,0.0,42.54,329.4,22.02,2.0,3.53,-1.0,3.222,4.2,4902
2014-09-07 13:38:00,239.9,239.1,239.5,815927.0,74.7,59.9,60.0,196.1,23528.0,341.0,74755.0,810413.0,195.2,0.993,22.99,196.5,0.0,273.1,272.8,274.0,0.979,271.3,0.748,271.0,0.921,273.0,0.013,13.47,2.0,3.0,0.0,34.8,217.3,313.3,315.5,0.0,6.662000000000001,7.54,847.0,862.0,0.2339999999999999,0.0,51.6,42.38,48.03,50.02,48.62,50.48,47.96,48.72,43.7,48.65,95.4,95.3,94.4,94.1,94.2,94.0,81.2,856.0,870.0,861.0,854.0,871.0,850.0,751.0,29.91,29.91,29.62,29.52,29.57,29.47,25.45,0.0,313.9,0.0,60.15,0.0,694.1,0.0,5.0,0.0,0.0,0.0,241.8,240.2,242.0,25.11,25.06,0.0,41.16,301.1,11.09,2.0,3.53,-1.0,3.358,5.6,4902
2014-09-07 13:39:00,233.0,232.3,232.7,815930.0,74.7,59.9,60.0,190.5,23528.0,341.0,74755.0,810416.0,189.9,0.993,22.11,191.2,0.0,272.8,273.0,274.2,0.979,271.5,0.748,271.5,0.921,273.0,0.013,13.47,2.0,3.0,0.0,34.81,211.2,312.5,313.6,0.0,6.429,7.246,824.0,845.0,0.233,0.0,51.6,40.7,46.91,49.12,47.88,50.12,46.68,47.84,43.14,47.95,92.3,93.7,92.5,92.8,94.1,91.4,80.09999999999998,856.0,871.0,861.0,854.0,871.0,851.0,751.0,28.88,29.32,28.95,29.04,29.47,28.58,25.06,0.0,313.2,0.0,60.15,0.0,676.5,0.0,5.0,0.0,0.0,0.0,235.0,233.6,235.4,24.47,24.48,0.0,39.9,302.9,7.933,2.0,3.53,-1.0,3.145,4.4,4902
2014-09-07 13:40:00,176.0,175.6,176.1,815932.0,74.7,59.9,60.0,143.2,23528.0,341.0,74756.0,810419.0,142.1,0.995,14.49,142.9,0.0,272.4,272.7,274.0,0.979,272.0,0.748,272.0,0.921,273.0,0.013,13.47,2.0,3.0,0.0,34.81,159.6,308.2,309.8,0.0,4.921,5.475,616.1,624.9,0.231,0.0,51.51,39.06,45.83,48.18,46.94,49.51,45.52,46.78,43.02,47.18,70.58,70.63,69.67,69.44,69.82,69.51,59.75,856.0,871.0,862.0,855.0,871.0,851.0,751.0,21.76,21.79,21.47,21.4,21.54,21.42,18.41,0.0,308.8,0.0,60.15,0.0,518.6,0.0,5.0,0.0,0.0,0.0,175.1,175.7,175.4,23.98,23.95,0.0,38.83,304.8,15.82,2.0,3.528,-1.0,2.285,3.6,4902
2014-09-07 13:41:00,218.7,218.2,218.7,815935.0,74.7,59.9,60.0,178.9,23528.0,341.0,74756.0,810422.0,177.5,0.994,20.21,178.7,0.0,273.1,273.0,274.2,0.979,272.0,0.748,272.0,0.921,273.0,0.013,13.47,2.0,3.0,0.0,34.81,196.9,301.0,302.8,0.0,6.146,6.912000000000001,774.2999999999998,779.2,0.2339999999999999,0.0,51.51,40.0,45.87,47.59,46.5,49.06,44.81,46.44,42.79,47.47,89.2,89.29999999999998,89.2,88.9,88.4,89.09999999999998,76.20999999999998,857.0,872.0,862.0,855.0,872.0,852.0,752.0,26.93,26.94,26.91,26.82,26.68,26.88,23.0,0.0,301.7,0.0,60.14,0.0,654.0,0.0,5.0,0.0,0.0,0.0,219.2,218.5,219.8,24.42,24.42,0.0,40.0,354.1,44.15,2.0,3.53,-1.0,1.107,2.0,4902
2014-09-07 13:42:00,119.3,118.8,119.0,815937.0,74.7,59.9,60.0,96.9,23528.0,341.0,74756.0,810423.0,97.6,0.628,7.198,101.0,0.0,272.0,272.1,273.6,0.979,272.0,0.748,272.0,0.921,273.0,0.013,13.47,2.0,3.0,0.0,34.8,109.4,379.5,380.1,0.0,6.384,7.172000000000001,814.0,828.0,0.233,0.0,51.47,40.77,46.17,47.96,46.81,48.34,45.36,46.89,43.43,47.78,21.65,29.99,40.56,39.98,42.06,-22.13,34.07,857.0,872.0,862.0,856.0,872.0,852.0,752.0,6.869,10.2,14.68,14.48,15.21,-10.38,12.34,0.0,379.9,0.0,60.13,0.0,304.6,0.0,4.667,0.0,0.0,0.0,125.6,126.0,125.3,24.78,24.76,0.0,40.42,24.22,29.25,2.0,3.53,-1.0,1.3969999999999998,2.9,4902
2014-09-07 13:43:00,230.7,230.1,230.3,815940.0,74.7,59.9,60.0,188.7,23528.0,341.0,74756.0,810426.0,187.6,0.993,21.83,188.9,0.0,272.9,273.3,274.4,0.979,272.0,0.748,272.0,0.921,273.0,0.013,13.47,2.0,3.0,0.0,34.77,210.9,357.7,359.1,0.0,7.526,8.519999999999998,956.0,974.0,0.236,0.0,51.41,42.27,46.86,48.87,47.42,48.48,46.61,47.92,44.0,48.56,80.59999999999998,81.7,80.2,79.23,80.09999999999998,78.17,68.01,857.0,872.0,863.0,856.0,873.0,852.0,752.0,28.86,29.24,28.69,28.35,28.65,27.97,24.34,0.0,358.4,0.0,60.14,0.0,590.3,0.0,5.0,0.0,0.0,0.0,231.9,231.3,232.0,24.78,24.57,0.0,41.06,345.5,16.67,2.0,3.53,-1.0,1.643,3.1,4902
2014-09-07 13:44:00,260.7,260.6,260.8,815943.0,74.7,59.9,60.0,214.1,23528.0,341.0,74757.0,810430.0,213.9,0.993,25.88,215.5,0.0,273.5,273.6,274.6,0.979,272.0,0.748,272.0,0.921,273.0,0.013,13.47,2.0,3.0,0.0,34.77,239.3,337.3,336.8,0.0,7.567,8.58,962.0,978.0,0.236,0.0,51.43,42.68,46.83,49.18,48.03,49.36,47.1,48.32,44.53,48.54,97.1,98.1,97.1,96.7,97.4,95.6,83.29999999999998,858.0,873.0,863.0,857.0,873.0,853.0,753.0,32.67,33.01,32.7,32.55,32.78,32.17,28.04,0.0,336.9,0.0,60.12,0.0,710.0,0.0,5.0,0.0,0.0,0.0,264.8,262.4,265.6,24.76,24.6,0.0,41.08,331.0,16.21,2.0,3.53,-1.0,2.655,3.6,4902
2014-09-07 13:45:00,265.4,264.9,265.2,815947.0,74.7,59.9,60.0,217.8,23528.0,341.0,74757.0,810434.0,217.8,0.993,26.51,219.4,0.0,273.7,273.3,274.4,0.979,272.0,0.748,271.8,0.921,273.0,0.013,13.47,2.0,3.0,0.0,34.77,242.3,318.0,318.1,0.0,7.429999999999999,8.429999999999998,946.0,960.0,0.236,0.0,51.41,43.06,46.86,49.23,48.06,49.7,47.3,48.38,44.47,48.94,104.1,104.8,104.3,104.1,104.4,103.3,89.59999999999998,859.0,874.0,864.0,857.0,874.0,853.0,753.0,33.14,33.37,33.21,33.15,33.26,32.9,28.54,0.0,318.4,0.0,60.15,0.0,762.2,0.0,5.0,0.0,0.0,0.0,270.0,266.8,270.6,24.87,24.76,0.0,41.69,26.18,26.07,2.0,3.531,-1.0,1.955,3.4,4902
2014-09-07 13:46:00,263.0,262.2,262.6,815950.0,74.7,59.9,60.0,215.7,23528.0,341.0,74758.0,810437.0,215.5,0.993,26.17,217.1,0.0,273.5,273.4,274.5,0.979,272.0,0.748,272.0,0.921,273.0,0.013,13.47,2.0,3.0,0.0,34.77,239.4,315.3,315.1,0.0,7.335,8.32,934.0,949.0,0.236,0.0,51.43,43.33,46.69,49.42,48.02,49.42,47.61,48.56,43.78,49.03,103.7,104.4,103.7,103.6,104.0,102.9,89.09999999999998,859.0,874.0,864.0,858.0,874.0,854.0,754.0,32.81,33.05,32.82,32.78,32.92,32.56,28.21,0.0,316.5,0.0,60.14,0.0,759.4,0.0,5.0,0.0,0.0,0.0,267.2,264.0,267.7,24.99,24.87,0.0,41.22,333.7,16.69,2.0,3.528,-1.0,2.532,3.4,4902
2014-09-07 13:47:00,261.2,260.4,260.8,815954.0,74.7,59.9,60.0,214.1,23528.0,341.0,74758.0,810441.0,213.9,0.993,25.91,215.4,0.0,273.3,273.3,274.3,0.979,272.0,0.748,271.6,0.921,273.0,0.013,13.47,2.0,3.0,0.0,34.77,237.6,314.9,316.8,0.0,7.271,8.25,927.0,942.0,0.2349999999999999,0.0,51.41,42.72,46.17,49.33,47.98,49.72,47.57,48.5,43.54,48.65,103.0,103.8,102.9,102.8,103.6,102.1,88.4,860.0,875.0,865.0,858.0,875.0,854.0,754.0,32.57,32.84,32.55,32.51,32.75,32.29,27.97,0.0,316.3,0.0,60.14,0.0,754.6,0.0,5.0,0.0,0.0,0.0,265.2,262.1,265.7,24.78,24.49,0.0,40.2,332.0,15.91,2.0,3.528,-1.0,2.44,3.9,4902
2014-09-07 13:48:00,259.7,258.9,259.3,815957.0,74.7,59.9,60.0,212.8,23528.0,341.0,74759.0,810444.0,212.6,0.993,25.76,214.2,0.0,273.4,273.4,274.4,0.979,272.0,0.748,271.8,0.921,273.0,0.013,13.47,2.0,3.0,0.0,34.77,236.7,315.6,316.5,0.0,7.222,8.21,921.0,936.0,0.2349999999999999,0.0,51.39,43.14,46.42,49.18,47.48,50.02,46.9,47.98,43.43,48.62,102.4,103.2,102.3,102.2,103.0,101.4,87.9,860.0,875.0,865.0,859.0,875.0,855.0,755.0,32.37,32.64,32.34,32.31,32.57,32.06,27.78,0.0,316.2,0.0,60.15,0.0,750.2999999999998,0.0,5.0,0.0,0.0,0.0,263.6,260.6,264.0,24.98,24.85,0.0,40.96,348.2,23.53,2.0,3.53,-1.0,2.232,3.6,4902
2014-09-07 13:49:00,259.0,258.2,258.7,815961.0,74.7,59.9,60.0,212.2,23528.0,341.0,74759.0,810448.0,211.9,0.993,25.65,213.5,0.0,273.2,273.2,274.2,0.979,271.9,0.748,271.2,0.921,273.0,0.013,13.47,2.0,3.0,0.0,34.77,236.1,315.4,317.2,0.0,7.192,8.179999999999998,917.0,932.0,0.2349999999999999,0.0,51.42,43.67,46.57,49.18,47.85,49.77,47.15,48.23,43.78,48.77,102.1,102.9,102.0,102.0,102.7,101.2,87.59999999999998,861.0,876.0,866.0,859.0,876.0,855.0,755.0,32.26,32.52,32.24,32.23,32.46,31.97,27.69,0.0,316.0,0.0,60.16,0.0,748.7,0.0,5.0,0.0,0.0,0.0,262.9,259.9,263.3,25.48,25.44,0.0,41.91,24.8,23.69,2.0,3.53,-1.0,2.658,4.2,4902
2014-09-07 13:50:00,258.5,257.9,258.3,815964.0,74.7,59.9,60.0,211.9,23528.0,341.0,74759.0,810451.0,211.6,0.993,25.66,213.1,0.0,273.4,273.2,274.2,0.979,271.8,0.748,271.3,0.921,273.0,0.013,13.47,2.0,3.0,0.0,34.77,235.2,315.0,315.7,0.0,7.155,8.14,913.0,928.0,0.2349999999999999,0.0,51.41,44.14,46.36,48.79,47.28,48.73,47.1,47.96,42.92,48.09,101.7,102.5,101.9,101.8,102.3,101.1,87.5,861.0,876.0,867.0,860.0,876.0,856.0,756.0,32.16,32.39,32.21,32.18,32.35,31.95,27.67,0.0,316.2,0.0,60.22,0.0,746.7,0.0,5.0,0.0,0.0,0.0,262.5,259.6,262.8,25.59,25.46,0.0,41.93,18.73,19.56,2.0,3.526,-1.0,2.928,4.6,4902
2014-09-07 13:51:00,257.7,256.8,257.2,815968.0,74.7,59.9,60.0,211.0,23528.0,341.0,74760.0,810455.0,210.6,0.993,25.44,212.2,0.0,273.3,273.2,274.2,0.979,271.8,0.748,271.0,0.921,273.0,0.013,13.47,2.0,3.0,0.0,34.77,234.5,316.5,315.1,0.0,7.114,8.099999999999998,909.0,923.0,0.2349999999999999,0.0,51.41,43.88,46.16,48.92,47.27,48.79,46.98,47.62,42.76,48.15,100.9,101.6,101.1,101.0,101.5,100.2,86.9,862.0,877.0,867.0,860.0,877.0,856.0,756.0,32.0,32.23,32.06,32.03,32.2,31.79,27.55,0.0,317.2,0.0,60.13,0.0,740.9,0.0,5.0,0.0,0.0,0.0,261.3,258.4,261.7,25.07,24.92,0.0,41.56,352.3,27.58,2.0,3.526,-1.0,1.6369999999999998,2.5,4902
2014-09-07 13:52:00,256.8,255.8,256.3,815971.0,74.7,59.9,60.0,210.1,23528.0,341.0,74760.0,810458.0,209.8,0.993,25.32,211.3,0.0,273.0,273.1,274.2,0.979,271.3,0.748,271.0,0.921,273.0,0.013,13.47,2.0,3.0,0.0,34.78,233.8,316.2,316.2,0.0,7.079,8.07,906.0,920.0,0.2349999999999999,0.0,51.41,43.5,46.39,49.23,47.65,48.72,47.35,47.85,43.39,48.56,100.7,101.4,101.0,100.9,101.2,100.2,86.79999999999998,862.0,877.0,868.0,861.0,878.0,857.0,756.0,31.87,32.09,31.95,31.93,32.03,31.71,27.46,0.0,316.5,0.0,60.14,0.0,739.5,0.0,5.0,0.0,0.0,0.0,260.4,257.5,260.7,25.07,25.09,0.0,41.55,39.8,19.01,2.0,3.53,-1.0,2.25,3.8,4902
2014-09-07 13:53:00,256.0,255.1,255.5,815975.0,74.7,59.9,60.0,209.4,23528.0,341.0,74761.0,810462.0,209.1,0.993,25.22,210.6,0.0,273.0,272.9,274.0,0.979,271.0,0.748,271.0,0.921,272.9,0.013,13.47,2.0,3.0,0.0,34.81,232.9,316.7,318.7,0.0,7.045,8.04,902.0,916.0,0.2349999999999999,0.0,51.41,44.9,46.28,48.99,47.41,47.8,47.74,47.87,43.22,48.66,100.0,100.8,100.4,100.2,100.6,99.7,86.2,863.0,878.0,868.0,861.0,878.0,857.0,757.0,31.74,31.98,31.86,31.81,31.94,31.63,27.37,0.0,317.4,0.0,60.15,0.0,735.6,0.0,5.0,0.0,0.0,0.0,259.6,256.8,259.9,25.14,24.88,0.0,43.4,33.59,46.87,2.0,3.53,-1.0,1.533,3.5,4902
2014-09-07 13:54:00,255.0,254.1,254.5,815978.0,74.7,59.9,60.0,208.4,23528.0,341.0,74761.0,810465.0,208.0,0.993,25.08,209.5,0.0,273.0,272.7,273.8,0.979,271.0,0.748,271.0,0.921,272.5,0.013,13.47,2.0,3.0,0.0,34.81,232.0,316.5,317.4,0.0,7.0,7.996,897.0,910.0,0.2349999999999999,0.0,51.41,45.89,46.56,48.94,47.08,47.08,47.8,47.85,42.58,48.85,99.7,100.3,100.2,100.0,100.3,99.4,86.09999999999998,863.0,878.0,869.0,862.0,879.0,858.0,757.0,31.57,31.77,31.71,31.67,31.77,31.49,27.25,0.0,316.7,0.0,60.15,0.0,733.1,0.0,5.0,0.0,0.0,0.0,258.4,255.7,258.7,25.33,25.3,0.0,44.32,3.901,43.76,2.0,3.528,-1.0,1.287,2.4,4902
2014-09-07 13:55:00,253.2,252.4,252.7,815981.0,74.7,59.9,60.0,207.0,23528.0,341.0,74762.0,810469.0,206.6,0.993,24.8,208.1,0.0,273.0,272.7,273.8,0.979,271.0,0.748,271.0,0.921,273.0,0.013,13.47,2.0,3.0,0.0,34.81,230.3,316.8,317.3,0.0,6.946000000000001,7.937999999999999,891.0,904.0,0.2349999999999999,0.0,51.39,46.24,46.41,48.91,46.96,46.89,47.92,47.85,42.73,49.0,98.9,99.4,99.2,99.1,99.4,98.5,85.29999999999998,864.0,879.0,869.0,862.0,879.0,858.0,758.0,31.37,31.55,31.49,31.44,31.56,31.27,27.05,0.0,317.3,0.0,60.13,0.0,727.0,0.0,5.0,0.0,0.0,0.0,256.6,253.9,256.8,25.25,25.09,0.0,43.51,336.5,35.69,2.0,3.528,-1.0,2.142,3.5,4902
2014-09-07 13:56:00,252.8,251.8,252.2,815985.0,74.7,59.9,60.0,206.6,23528.0,341.0,74762.0,810472.0,206.1,0.993,24.76,207.6,0.0,272.9,272.9,274.0,0.979,271.0,0.748,271.0,0.921,273.0,0.0139999999999999,13.47,2.0,3.0,0.0,34.81,230.1,316.3,317.6,0.0,6.9270000000000005,7.918999999999999,889.0,902.0,0.2349999999999999,0.0,51.31,45.14,45.77,48.96,47.31,47.77,47.61,47.83,43.2,48.38,99.1,99.7,99.3,99.1,99.8,98.6,85.29999999999998,864.0,879.0,870.0,863.0,880.0,859.0,758.0,31.31,31.51,31.37,31.33,31.53,31.16,26.95,0.0,316.1,0.0,60.16,0.0,727.4,0.0,5.0,0.0,0.0,0.0,255.9,253.2,256.1,25.05,24.85,0.0,42.07,349.2,20.59,2.0,3.526,-1.0,2.648,3.5,4902
2014-09-07 13:57:00,250.6,249.6,250.0,815988.0,74.7,59.9,60.0,204.7,23528.0,341.0,74762.0,810476.0,204.3,0.993,24.47,205.8,0.0,272.8,272.9,273.9,0.979,271.1,0.748,271.0,0.921,272.8,0.0139999999999999,13.47,2.0,3.0,0.0,34.82,227.8,317.3,318.3,0.0,6.862,7.841,880.0,893.0,0.2349999999999999,0.0,51.31,44.41,46.04,49.27,47.58,48.08,47.85,48.0,43.75,48.28,97.7,98.3,97.8,97.7,98.4,97.1,84.09999999999998,865.0,880.0,870.0,863.0,880.0,859.0,759.0,31.03,31.24,31.09,31.04,31.25,30.86,26.71,0.0,317.8,0.0,60.15,0.0,718.1,0.0,5.0,0.0,0.0,0.0,253.7,251.1,253.8,25.11,25.0,0.0,41.91,335.0,13.58,2.0,3.525,-1.0,2.1,3.5,4902
2014-09-07 13:58:00,250.1,249.1,249.6,815991.0,74.7,59.9,60.0,204.5,23528.0,341.0,74763.0,810479.0,203.8,0.993,24.41,205.3,0.0,273.0,272.9,274.0,0.979,271.0,0.748,271.0,0.921,273.0,0.0139999999999999,13.47,2.0,3.0,0.0,34.85,227.1,316.3,317.2,0.0,6.845,7.82,879.0,892.0,0.2349999999999999,0.0,51.31,43.51,45.91,49.5,47.89,48.77,47.94,48.16,44.07,48.37,97.8,98.5,97.8,97.7,98.4,97.2,84.0,865.0,880.0,871.0,864.0,881.0,860.0,759.0,30.98,31.21,31.01,30.95,31.19,30.8,26.63,0.0,317.0,0.0,60.16,0.0,718.1,0.0,5.0,0.0,0.0,0.0,253.0,250.5,253.1,24.93,25.0,0.0,41.4,334.5,27.62,2.0,3.525,-1.0,1.6369999999999998,2.8,4902
2014-09-07 13:59:00,250.6,249.4,250.0,815995.0,74.7,59.9,60.0,204.8,23528.0,341.0,74763.0,810482.0,204.4,0.993,24.48,205.8,0.0,272.9,272.9,273.9,0.979,271.1,0.748,271.0,0.921,273.0,0.0139999999999999,13.47,2.0,3.0,0.0,34.85,228.5,316.3,317.7,0.0,6.867000000000001,7.841,881.0,895.0,0.2349999999999999,0.0,51.31,42.82,45.71,49.13,47.94,49.6,47.79,48.06,44.3,48.44,98.2,99.0,98.3,98.2,99.0,97.7,84.5,866.0,881.0,871.0,865.0,881.0,860.0,760.0,31.04,31.29,31.07,31.04,31.28,30.86,26.7,0.0,316.0,0.0,60.14,0.0,722.5,0.0,5.0,0.0,0.0,0.0,253.7,251.0,253.8,24.6,24.59,0.0,41.37,357.3,27.91,2.0,3.527,-1.0,2.153,3.6,4902
2014-09-07 14:00:00,252.2,251.3,251.7,815998.0,74.7,59.9,60.0,206.2,23528.0,341.0,74764.0,810486.0,205.7,0.993,24.73,207.2,0.0,272.9,273.0,274.0,0.979,271.1,0.748,271.0,0.921,273.0,0.0139999999999999,13.47,2.0,3.0,0.0,34.85,229.9,315.8,315.7,0.0,6.919,7.897,887.0,902.0,0.2349999999999999,0.0,51.31,42.35,46.02,49.2,47.72,49.61,47.62,47.97,43.64,48.4,99.1,99.8,99.2,99.1,99.8,98.5,85.2,867.0,882.0,872.0,865.0,882.0,861.0,760.0,31.26,31.49,31.29,31.24,31.49,31.08,26.88,0.0,315.4,0.0,60.2,0.0,728.0,0.0,5.0,0.0,0.0,0.0,255.4,252.7,255.5,24.85,24.81,0.0,40.54,329.8,11.77,2.0,3.528,-1.0,2.53,4.2,4902
2014-09-07 14:01:00,248.0,247.1,247.5,816001.0,74.7,59.9,60.0,202.6,23528.0,341.0,74764.0,810489.0,202.0,0.993,24.19,203.4,0.0,272.7,272.8,273.9,0.979,271.1,0.748,271.0,0.921,272.7,0.0139999999999999,13.47,2.0,3.0,0.0,34.84,226.3,320.7,321.1,0.0,6.783,7.737,868.0,882.0,0.2349999999999999,0.0,51.31,42.02,45.98,48.81,46.9,49.16,46.93,47.54,42.53,47.82,95.8,96.5,96.0,95.9,96.6,95.2,82.5,867.0,882.0,872.0,866.0,882.0,861.0,760.0,30.65,30.87,30.7,30.66,30.88,30.45,26.39,0.0,319.8,0.0,60.18,0.0,705.6,0.0,5.0,0.0,0.0,0.0,250.7,248.5,250.8,24.73,24.57,0.0,39.84,352.9,19.41,2.0,3.527,-1.0,2.672,4.2,4902
2014-09-07 14:02:00,238.4,237.2,237.6,816005.0,74.7,59.9,60.0,194.4,23528.0,341.0,74764.0,810492.0,193.5,0.993,22.79,194.8,0.0,272.5,272.5,273.6,0.979,271.0,0.748,271.0,0.921,272.2,0.0139999999999999,13.47,2.0,3.0,0.0,34.81,216.1,322.9,325.9,0.0,6.484,7.377999999999998,829.0,843.0,0.2339999999999999,0.0,51.31,41.86,45.89,48.93,47.2,48.55,47.17,47.66,43.46,48.04,90.7,91.6,91.0,90.9,91.7,90.1,78.22,868.0,883.0,873.0,866.0,883.0,862.0,761.0,29.33,29.61,29.4,29.37,29.64,29.13,25.29,0.0,323.3,0.0,60.15,0.0,669.6,0.0,5.0,0.0,0.0,0.0,240.1,238.5,240.0,24.72,24.52,0.0,39.82,58.43,33.74,2.0,3.527,-1.0,1.733,2.7,4902
2014-09-07 14:03:00,245.0,243.5,244.2,816008.0,74.7,59.9,60.0,199.8,23528.0,341.0,74765.0,810496.0,199.2,0.993,23.74,200.7,0.0,272.8,272.8,273.8,0.979,271.0,0.748,271.0,0.921,272.8,0.0139999999999999,13.47,2.0,3.0,0.0,34.84,222.2,316.8,318.3,0.0,6.681,7.601,854.0,870.0,0.2339999999999999,0.0,51.31,43.04,46.12,49.08,47.41,48.19,47.51,47.92,43.95,48.15,95.4,96.1,95.5,95.4,96.1,94.8,82.09999999999998,868.0,883.0,873.0,867.0,883.0,862.0,761.0,30.25,30.48,30.29,30.25,30.49,30.07,26.03,0.0,317.3,0.0,60.22,0.0,701.3,0.0,5.0,0.0,0.0,0.0,247.4,245.2,247.3,25.21,25.18,0.0,41.82,45.75,19.69,2.0,3.526,-1.0,2.458,3.5,4902
2014-09-07 14:04:00,242.3,241.1,241.6,816011.0,74.7,59.9,60.0,197.6,23528.0,341.0,74765.0,810499.0,196.8,0.993,23.39,198.2,0.0,272.6,272.6,273.7,0.979,271.0,0.748,271.0,0.921,272.1,0.0139999999999999,13.47,2.0,3.0,0.0,34.85,219.6,317.3,318.6,0.0,6.602,7.506,844.0,858.0,0.2339999999999999,0.0,51.31,43.87,46.12,49.07,47.33,47.58,47.56,47.72,43.14,47.87,94.0,94.7,94.2,94.0,94.6,93.5,80.9,869.0,884.0,874.0,867.0,884.0,863.0,762.0,29.89,30.09,29.93,29.88,30.08,29.73,25.7,0.0,317.9,0.0,60.22,0.0,692.2,0.0,5.0,0.0,0.0,0.0,244.4,242.5,244.3,25.51,25.35,0.0,42.5,67.64,19.72,2.0,3.527,-1.0,2.552,3.5,4902
2014-09-07 14:05:00,245.8,244.6,245.1,816014.0,74.7,59.9,60.0,200.5,23528.0,341.0,74766.0,810502.0,199.9,0.993,23.85,201.3,0.0,272.6,272.6,273.6,0.979,271.0,0.748,271.0,0.921,272.0,0.0139999999999999,13.47,2.0,3.0,0.0,34.85,223.0,315.9,314.7,0.0,6.731,7.654,859.0,872.0,0.2349999999999999,0.0,51.23,45.0,46.45,49.24,47.52,47.54,48.12,47.97,43.62,48.1,96.1,96.5,96.0,95.8,96.3,95.7,82.29999999999998,869.0,884.0,874.0,868.0,884.0,863.0,762.0,30.41,30.54,30.39,30.29,30.46,30.26,26.02,0.0,316.4,0.0,60.17,0.0,706.1,0.0,5.0,0.0,0.0,0.0,248.4,246.1,248.4,25.81,25.68,0.0,43.84,74.69,15.34,2.0,3.526,-1.0,1.897,2.9,4902
2014-09-07 14:06:00,201.5,200.5,201.0,816017.0,74.7,59.9,60.0,163.9,23528.0,341.0,74766.0,810505.0,162.6,0.994,17.79,163.5,0.0,272.4,272.8,273.9,0.979,271.8,0.748,271.8,0.921,272.8,0.0139999999999999,13.47,2.0,3.0,0.0,34.85,183.0,325.1,325.9,0.0,5.473,6.18,695.0,706.7,0.2319999999999999,0.0,51.21,45.69,46.31,48.91,47.14,46.81,48.03,47.65,43.29,47.93,75.79999999999998,76.29,75.84,75.59,76.20999999999998,75.31,64.94,869.0,884.0,875.0,868.0,885.0,864.0,763.0,24.67,24.83,24.68,24.6,24.81,24.5,21.13,0.0,325.7,0.0,60.15,0.0,563.4,0.0,5.0,0.0,0.0,0.0,200.8,201.1,200.6,25.8,25.64,0.0,44.64,54.49,25.15,2.0,3.526,-1.0,1.4169999999999998,2.7,4902
2014-09-07 14:07:00,250.0,248.9,249.4,816020.0,74.7,59.9,60.0,204.6,23528.0,341.0,74766.0,810508.0,204.2,0.993,24.43,205.6,0.0,273.4,273.3,274.3,0.979,272.0,0.748,272.0,0.921,273.0,0.0139999999999999,13.47,2.0,3.0,0.0,34.85,227.5,315.5,316.4,0.0,6.879,7.819,880.0,892.0,0.2349999999999999,0.0,51.15,46.21,46.63,49.49,47.71,47.48,48.58,48.08,44.36,48.22,98.2,98.7,98.3,98.1,98.6,97.8,84.29999999999998,870.0,885.0,875.0,868.0,885.0,864.0,763.0,31.02,31.19,31.06,30.99,31.17,30.9,26.64,0.0,316.1,0.0,60.13,0.0,721.2,0.0,5.0,0.0,0.0,0.0,253.1,250.4,253.2,25.66,25.53,0.0,44.83,351.9,40.6,2.0,3.527,-1.0,1.483,3.3,4902
2014-09-07 14:08:00,242.8,241.7,242.1,816024.0,74.7,59.9,60.0,198.6,23528.0,341.0,74767.0,810512.0,197.7,0.993,23.45,199.1,0.0,273.5,273.2,274.3,0.979,272.0,0.748,272.0,0.921,273.0,0.0139999999999999,13.47,2.0,3.0,0.0,34.85,220.8,319.2,320.9,0.0,6.664,7.559,849.0,860.0,0.2339999999999999,0.0,51.11,44.37,46.54,49.25,47.37,47.56,48.4,47.78,43.95,48.23,93.9,94.4,94.1,93.9,94.4,93.5,80.7,870.0,885.0,876.0,869.0,886.0,865.0,763.0,30.01,30.17,30.06,30.0,30.16,29.88,25.8,0.0,319.7,0.0,60.14,0.0,691.8,0.0,5.0,0.0,0.0,0.0,244.9,242.9,244.8,24.94,24.91,0.0,42.54,308.3,28.0,2.0,3.526,-1.0,2.082,3.9,4902
2014-09-07 14:09:00,241.7,240.5,241.0,816027.0,74.7,59.9,60.0,197.7,23528.0,341.0,74767.0,810515.0,196.8,0.993,23.34,198.2,0.0,273.2,273.4,274.5,0.979,272.0,0.748,272.0,0.921,273.0,0.0139999999999999,13.47,2.0,3.0,0.0,34.85,219.6,315.7,316.5,0.0,6.627999999999999,7.511,844.0,859.0,0.2339999999999999,0.0,51.11,43.2,45.99,48.55,46.95,48.02,47.34,47.3,43.19,47.92,94.6,95.3,94.6,94.5,95.2,94.1,81.2,871.0,886.0,876.0,869.0,886.0,865.0,764.0,29.91,30.11,29.91,29.87,30.08,29.73,25.68,0.0,316.1,0.0,60.14,0.0,695.7,0.0,5.0,0.0,0.0,0.0,243.8,241.7,243.6,24.72,24.69,0.0,41.7,303.8,26.34,2.0,3.53,-1.0,1.915,3.7,4902
2014-09-07 14:10:00,244.6,243.3,243.8,816030.0,74.7,59.9,60.0,199.9,23528.0,341.0,74767.0,810518.0,199.2,0.993,23.71,200.6,0.0,273.2,273.4,274.5,0.979,272.0,0.748,271.9,0.921,273.0,0.0139999999999999,13.47,2.0,3.0,0.0,34.85,222.0,313.6,313.9,0.0,6.714,7.612,855.0,871.0,0.2339999999999999,0.0,51.11,41.93,45.6,48.35,46.52,48.16,46.47,46.69,42.89,47.87,96.5,97.1,96.3,96.1,96.8,95.8,82.59999999999998,871.0,886.0,877.0,870.0,887.0,866.0,764.0,30.33,30.51,30.25,30.2,30.41,30.09,25.95,0.0,314.2,0.0,60.14,0.0,708.0,0.0,5.0,0.0,0.0,0.0,246.9,244.6,246.9,24.41,24.39,0.0,40.45,303.3,15.77,2.0,3.53,-1.0,2.878,4.7,4902
2014-09-07 14:11:00,221.2,219.9,220.3,816033.0,74.7,59.9,60.0,180.3,23528.0,341.0,74768.0,810521.0,178.9,0.994,20.46,180.1,0.0,273.2,273.1,274.3,0.979,272.0,0.748,272.0,0.921,273.0,0.0139999999999999,13.47,2.0,3.0,0.0,34.85,200.9,323.6,324.0,0.0,6.009,6.796,760.7,775.0,0.233,0.0,51.11,40.37,45.0,47.34,45.68,47.94,45.19,45.86,42.32,47.18,84.59999999999998,84.79999999999998,83.7,83.2,83.7,83.4,71.2,872.0,887.0,877.0,870.0,887.0,866.0,765.0,27.36,27.44,27.08,26.91,27.06,26.98,23.02,0.0,323.5,0.0,60.2,0.0,621.3,0.0,5.0,0.0,0.0,0.0,221.1,220.8,220.7,24.34,24.33,0.0,39.24,300.3,14.9,2.0,3.525,-1.0,3.165,4.7,4902
2014-09-07 14:12:00,188.5,187.4,187.9,816036.0,74.7,59.9,60.0,153.1,23528.0,341.0,74768.0,810524.0,151.2,0.994,16.03,152.1,0.0,272.4,272.9,274.2,0.979,272.0,0.748,272.0,0.921,273.0,0.0139999999999999,13.47,2.0,3.0,0.0,34.84,171.0,326.0,327.4,0.0,5.056,5.69,635.9,649.4,0.231,0.0,51.11,39.15,43.99,46.22,44.64,47.2,43.68,44.76,41.53,46.13,70.99,71.09,69.95,69.36,69.9,69.8,59.23,872.0,887.0,878.0,871.0,888.0,867.0,765.0,23.16,23.2,22.83,22.63,22.81,22.77,19.33,0.0,326.5,0.0,60.23,0.0,524.6,0.0,5.0,0.0,0.0,0.0,186.2,187.7,185.8,24.33,24.3,0.0,38.13,313.9,18.05,2.0,3.526,-1.0,2.988,5.3,4902
2014-09-07 14:13:00,227.7,226.3,226.9,816039.0,74.7,59.9,60.0,186.1,23528.0,341.0,74768.0,810527.0,185.0,0.993,21.42,186.3,0.0,273.4,273.5,274.7,0.979,272.0,0.748,272.0,0.921,273.7,0.0139999999999999,13.47,2.0,3.0,0.0,34.81,206.0,317.0,318.7,0.0,6.132000000000001,6.947,785.5,811.0,0.233,0.0,51.13,38.88,43.2,45.35,43.89,46.6,42.67,43.95,40.34,45.27,89.59999999999998,90.4,88.59999999999998,88.2,89.5,88.2,75.54,873.0,888.0,878.0,871.0,888.0,867.0,765.0,28.41,28.67,28.09,27.98,28.39,27.96,23.95,0.0,317.8,0.0,60.22,0.0,651.1,0.0,5.0,0.0,0.0,0.0,228.6,227.5,228.3,24.63,24.65,0.0,38.02,327.2,41.54,2.0,3.526,-1.0,2.61,4.1,4902
2014-09-07 14:14:00,249.9,248.3,249.1,816042.0,74.7,59.9,60.0,204.6,23528.0,341.0,74769.0,810530.0,204.0,0.993,24.51,205.5,0.0,273.4,273.7,274.9,0.979,272.0,0.748,272.0,0.921,273.4,0.0139999999999999,13.47,2.0,3.0,0.0,34.77,226.7,312.2,313.1,0.0,6.8020000000000005,7.746,870.0,887.0,0.2339999999999999,0.0,51.1,39.29,43.36,45.72,43.76,46.77,42.74,44.2,39.95,45.49,98.9,99.6,98.9,98.9,99.4,98.3,85.2,873.0,888.0,879.0,872.0,889.0,868.0,766.0,30.97,31.18,30.98,30.98,31.12,30.79,26.67,0.0,313.2,0.0,60.19,0.0,726.2999999999998,0.0,5.0,0.0,0.0,0.0,252.6,249.9,252.7,24.76,24.74,0.0,38.46,9.97,34.53,2.0,3.528,-1.0,1.868,3.8,4902
2014-09-07 14:15:00,226.2,224.9,225.4,816045.0,74.7,59.9,60.0,184.6,23528.0,341.0,74769.0,810533.0,183.3,0.993,21.17,184.5,0.0,273.4,273.1,274.3,0.979,272.0,0.748,272.0,0.921,273.0,0.0139999999999999,13.47,2.0,3.0,0.0,34.73,205.2,323.7,324.8,0.0,6.07,6.893,772.4,786.5,0.233,0.0,51.03,40.38,43.64,45.78,43.73,46.34,43.05,44.3,39.66,45.72,86.0,86.4,85.7,85.5,85.9,85.2,73.5,874.0,889.0,879.0,872.0,889.0,868.0,766.0,27.87,28.01,27.8,27.72,27.85,27.62,23.83,0.0,324.4,0.0,60.15,0.0,634.1,0.0,5.0,0.0,0.0,0.0,226.6,225.9,226.3,24.96,24.8,0.0,38.91,22.7,17.36,2.0,3.526,-1.0,2.637,4.8,4902
2014-09-07 14:16:00,236.3,234.8,235.4,816048.0,74.7,59.9,60.0,193.1,23528.0,341.0,74770.0,810537.0,192.1,0.993,22.61,193.4,0.0,273.4,273.3,274.5,0.979,272.0,0.748,272.0,0.921,273.0,0.0139999999999999,13.47,2.0,3.0,0.0,34.7,213.8,315.0,316.5,0.0,6.36,7.232,813.0,833.0,0.233,0.0,51.06,41.22,43.58,45.21,43.24,45.48,42.91,43.95,39.59,45.14,92.7,93.2,92.5,92.3,92.8,92.0,79.26999999999998,874.0,889.0,880.0,873.0,889.0,869.0,767.0,29.25,29.42,29.18,29.13,29.3,29.04,25.02,0.0,315.7,0.0,60.15,0.0,678.8,0.0,5.0,0.0,0.0,0.0,237.7,236.0,237.5,25.36,25.26,0.0,39.99,39.24,29.97,2.0,3.525,-1.0,2.3080000000000003,4.0,4902
2014-09-07 14:17:00,245.8,244.5,245.1,816051.0,74.7,59.9,60.0,201.2,23528.0,341.0,74770.0,810540.0,200.6,0.993,23.96,202.0,0.0,273.4,273.6,274.6,0.979,272.0,0.748,272.0,0.921,273.0,0.0139999999999999,13.47,2.0,3.0,0.0,34.68,223.7,318.7,320.5,0.0,6.636,7.559,849.0,866.0,0.2339999999999999,0.0,51.06,41.96,43.77,45.37,43.33,44.38,43.53,44.24,39.85,45.42,95.3,95.8,95.7,95.6,95.8,95.1,82.29999999999998,875.0,890.0,880.0,873.0,890.0,869.0,767.0,30.42,30.59,30.53,30.52,30.56,30.34,26.26,0.0,319.2,0.0,60.15,0.0,702.2,0.0,5.0,0.0,0.0,0.0,248.4,246.0,248.4,25.27,25.07,0.0,40.31,43.84,23.89,2.0,3.526,-1.0,1.917,3.7,4902
2014-09-07 14:18:00,245.5,244.4,244.9,816055.0,74.7,59.9,60.0,201.1,23528.0,341.0,74770.0,810543.0,200.5,0.993,23.88,201.9,0.0,273.7,273.5,274.5,0.979,272.0,0.748,272.0,0.921,273.0,0.0139999999999999,13.47,2.0,3.0,0.0,34.65,223.6,321.7,325.3,0.0,6.624,7.546,846.0,862.0,0.2339999999999999,0.0,50.98,42.58,43.92,45.15,43.21,43.83,43.71,44.1,39.75,45.33,94.2,94.6,94.7,94.7,94.6,94.1,81.4,875.0,890.0,881.0,874.0,890.0,870.0,768.0,30.4,30.53,30.57,30.55,30.52,30.36,26.28,0.0,322.7,0.0,60.16,0.0,695.3,0.0,5.0,0.0,0.0,0.0,248.2,245.9,248.3,25.6,25.51,0.0,41.04,8.26,22.94,2.0,3.527,-1.0,2.903,5.4,4902
2014-09-07 14:19:00,244.6,243.4,243.9,816058.0,74.7,59.9,60.0,200.2,23528.0,341.0,74771.0,810547.0,199.6,0.993,23.73,201.0,0.0,273.9,273.3,274.5,0.979,272.0,0.748,272.0,0.921,273.0,0.0139999999999999,13.47,2.0,3.0,0.0,34.65,222.6,322.0,322.6,0.0,6.6,7.521,843.0,859.0,0.2339999999999999,0.0,50.94,43.26,43.96,45.04,43.32,44.16,43.69,44.11,39.98,45.52,93.6,94.0,94.1,94.0,94.1,93.4,80.9,876.0,891.0,881.0,874.0,891.0,870.0,768.0,30.23,30.36,30.41,30.37,30.4,30.18,26.14,0.0,323.0,0.0,60.14,0.0,691.3,0.0,5.0,0.0,0.0,0.0,247.0,244.8,247.0,25.47,25.33,0.0,41.66,5.803,37.46,2.0,3.53,-1.0,2.44,4.0,4902
2014-09-07 14:20:00,243.7,242.7,243.1,816061.0,74.7,59.9,60.0,199.6,23528.0,341.0,74771.0,810550.0,198.8,0.993,23.64,200.2,0.0,273.7,273.5,274.6,0.979,272.0,0.748,272.0,0.921,273.2,0.0139999999999999,13.47,2.0,3.0,0.0,34.67,222.2,322.2,324.0,0.0,6.5760000000000005,7.4929999999999986,839.0,855.0,0.2339999999999999,0.0,50.91,42.62,43.76,45.47,43.98,44.19,44.26,44.57,40.51,45.63,93.5,94.0,93.9,93.8,94.0,93.3,80.7,876.0,891.0,882.0,875.0,891.0,871.0,768.0,30.14,30.3,30.29,30.24,30.3,30.08,26.03,0.0,322.5,0.0,60.15,0.0,689.6,0.0,5.0,0.0,0.0,0.0,246.0,243.9,246.0,25.0,24.8,0.0,40.46,21.96,23.4,2.0,3.528,-1.0,2.635,4.0,4902
2014-09-07 14:21:00,243.2,241.8,242.3,816064.0,74.7,59.9,60.0,199.1,23528.0,341.0,74772.0,810553.0,198.3,0.993,23.54,199.7,0.0,273.5,273.8,274.8,0.979,272.0,0.748,272.0,0.921,273.8,0.0139999999999999,13.47,2.0,3.0,0.0,34.66,221.6,322.1,321.9,0.0,6.56,7.474999999999999,837.0,853.0,0.2339999999999999,0.0,50.86,42.75,43.77,45.56,44.19,44.61,44.47,44.75,40.52,45.43,93.2,93.7,93.6,93.5,93.7,93.0,80.4,877.0,892.0,882.0,875.0,892.0,871.0,769.0,30.05,30.22,30.2,30.15,30.22,29.99,25.94,0.0,322.5,0.0,60.14,0.0,688.0,0.0,5.0,0.0,0.0,0.0,245.3,243.2,245.2,25.43,25.42,0.0,40.88,358.2,13.28,2.0,3.526,-1.0,2.168,3.2,4902
2014-09-07 14:22:00,242.1,240.7,241.3,816068.0,74.7,59.9,60.0,197.9,23528.0,341.0,74772.0,810556.0,197.1,0.993,23.38,198.5,0.0,273.3,273.4,274.4,0.979,272.0,0.748,272.0,0.921,273.0,0.0139999999999999,13.47,2.0,3.0,0.0,34.61,220.3,322.1,322.9,0.0,6.525,7.437,834.0,849.0,0.2339999999999999,0.0,50.84,43.36,44.21,46.04,44.53,45.44,44.58,44.93,40.6,45.59,92.6,93.2,93.1,93.0,93.2,92.4,80.0,877.0,892.0,883.0,876.0,893.0,872.0,769.0,29.86,30.04,30.02,29.98,30.04,29.79,25.79,0.0,322.4,0.0,60.15,0.0,684.0,0.0,5.0,0.0,0.0,0.0,244.1,242.1,244.0,25.3,25.22,0.0,41.76,350.2,25.93,2.0,3.526,-1.0,1.3969999999999998,2.4,4902
2014-09-07 14:23:00,241.1,239.7,240.3,816071.0,74.7,59.9,60.0,196.9,23528.0,341.0,74772.0,810560.0,196.1,0.993,23.22,197.5,0.0,273.0,273.3,274.3,0.979,272.0,0.748,272.0,0.921,273.0,0.0139999999999999,13.47,2.0,3.0,0.0,34.65,219.1,321.0,322.4,0.0,6.502999999999999,7.4129999999999985,831.0,847.0,0.2339999999999999,0.0,50.79,43.03,44.68,46.51,45.09,46.28,44.98,45.29,41.66,46.25,92.6,93.1,92.9,92.8,93.1,92.2,79.79999999999998,878.0,893.0,883.0,876.0,893.0,872.0,770.0,29.75,29.93,29.85,29.81,29.91,29.64,25.64,0.0,321.4,0.0,60.13,0.0,682.8,0.0,5.0,0.0,0.0,0.0,243.0,241.0,242.9,25.08,24.96,0.0,41.35,6.572,45.15,2.0,3.526,-1.0,1.41,2.6,4902
2014-09-07 14:24:00,240.4,239.3,239.8,816074.0,74.7,59.9,60.0,196.5,23528.0,341.0,74773.0,810563.0,195.6,0.993,23.18,197.0,0.0,272.9,273.3,274.3,0.979,271.7,0.748,272.0,0.921,273.0,0.0139999999999999,13.47,2.0,3.0,0.0,34.65,218.3,320.2,321.5,0.0,6.481,7.389999999999999,829.0,845.0,0.2339999999999999,0.0,50.78,42.42,44.88,46.66,44.97,46.42,45.17,45.45,41.06,46.22,92.4,93.0,92.7,92.6,92.9,92.0,79.70999999999998,878.0,893.0,884.0,877.0,893.0,873.0,770.0,29.66,29.84,29.76,29.73,29.82,29.54,25.58,0.0,320.9,0.0,60.2,0.0,681.8,0.0,5.0,0.0,0.0,0.0,242.4,240.4,242.2,24.78,24.53,0.0,39.76,10.07,27.56,2.0,3.527,-1.0,2.37,3.6,4902
2014-09-07 14:25:00,239.8,238.5,239.0,816077.0,74.7,59.9,60.0,195.8,23528.0,341.0,74773.0,810566.0,195.0,0.993,23.06,196.3,0.0,272.9,273.1,274.1,0.979,271.2,0.748,271.8,0.921,273.0,0.0139999999999999,13.47,2.0,3.0,0.0,34.63,217.2,319.4,322.4,0.0,6.462999999999999,7.372999999999998,827.0,844.0,0.2339999999999999,0.0,50.78,43.05,45.22,46.91,44.98,46.1,45.47,45.66,41.5,46.52,92.1,92.6,92.5,92.3,92.6,91.8,79.45,879.0,894.0,884.0,877.0,894.0,873.0,771.0,29.56,29.71,29.67,29.63,29.71,29.45,25.5,0.0,320.9,0.0,60.17,0.0,680.1,0.0,5.0,0.0,0.0,0.0,241.7,239.8,241.6,25.02,24.95,0.0,41.46,38.79,34.91,2.0,3.53,-1.0,1.907,4.0,4902
2014-09-07 14:26:00,239.6,238.4,238.9,816080.0,74.7,59.9,60.0,195.6,23528.0,341.0,74773.0,810569.0,194.7,0.993,23.0,196.0,0.0,272.7,273.1,274.1,0.979,271.2,0.748,271.3,0.921,272.9,0.0139999999999999,13.47,2.0,3.0,0.0,34.61,218.0,321.1,322.3,0.0,6.446000000000001,7.359,825.0,842.0,0.2339999999999999,0.0,50.76,43.49,45.19,46.97,45.07,46.41,45.63,45.89,41.28,46.1,92.0,92.5,92.4,92.2,92.5,91.6,79.34,879.0,894.0,885.0,878.0,894.0,874.0,771.0,29.52,29.66,29.63,29.58,29.66,29.4,25.45,0.0,320.8,0.0,60.16,0.0,678.8,0.0,5.0,0.0,0.0,0.0,241.5,239.5,241.3,25.18,25.05,0.0,41.47,351.7,24.0,2.0,3.53,-1.0,2.448,3.9,4902
2014-09-07 14:27:00,238.7,237.5,238.0,816084.0,74.7,59.9,60.0,194.8,23528.0,341.0,74774.0,810573.0,194.0,0.993,22.96,195.3,0.0,272.9,272.9,273.9,0.979,271.0,0.748,271.2,0.921,273.0,0.0139999999999999,13.47,2.0,3.0,0.0,34.61,216.4,320.0,321.8,0.0,6.413,7.326,822.0,838.0,0.2339999999999999,0.0,50.64,43.31,44.29,46.78,45.2,46.43,45.71,45.87,41.33,46.02,91.6,92.1,92.0,91.9,92.2,91.3,79.03,880.0,895.0,885.0,878.0,895.0,874.0,771.0,29.41,29.56,29.52,29.48,29.58,29.29,25.37,0.0,321.0,0.0,60.2,0.0,676.3,0.0,5.0,0.0,0.0,0.0,240.6,238.8,240.3,24.95,24.79,0.0,41.03,350.0,22.76,2.0,3.53,-1.0,2.237,5.3,4902
2014-09-07 14:28:00,239.1,237.8,238.3,816087.0,74.7,59.9,60.0,195.0,23528.0,341.0,74774.0,810576.0,194.2,0.993,22.92,195.5,0.0,273.0,272.8,273.7,0.979,271.0,0.748,271.0,0.921,272.7,0.0139999999999999,13.47,2.0,3.0,0.0,34.61,216.4,318.8,321.0,0.0,6.414,7.328999999999998,822.0,839.0,0.2339999999999999,0.0,50.65,43.46,44.06,46.68,44.99,46.14,45.4,45.7,41.14,45.94,92.0,92.4,92.3,92.2,92.5,91.7,79.34,880.0,895.0,886.0,879.0,895.0,875.0,772.0,29.45,29.58,29.56,29.53,29.61,29.35,25.4,0.0,320.2,0.0,60.14,0.0,678.6,0.0,5.0,0.0,0.0,0.0,241.0,239.0,240.8,25.33,25.26,0.0,41.38,2.4290000000000003,26.81,2.0,3.527,-1.0,2.313,4.5,4902
2014-09-07 14:29:00,208.6,207.6,208.1,816090.0,74.7,59.9,60.0,169.7,23528.0,341.0,74775.0,810579.0,168.0,0.994,18.72,169.1,0.0,272.1,272.6,273.6,0.979,271.0,0.748,271.0,0.921,272.8,0.0139999999999999,13.47,2.0,3.0,0.0,34.61,189.0,322.9,324.4,0.0,5.57,6.357,705.1,710.4,0.233,0.0,50.64,43.35,44.34,46.48,44.49,45.51,45.29,45.47,40.89,45.76,77.98,77.9,78.76999999999998,78.69,78.09999999999998,78.23,67.87,881.0,896.0,886.0,879.0,896.0,875.0,772.0,25.22,25.19,25.48,25.45,25.26,25.3,21.95,0.0,324.1,0.0,60.18,0.0,586.5,0.0,5.0,0.0,0.0,0.0,208.0,207.7,207.7,25.29,25.1,0.0,40.91,339.3,21.6,2.0,3.526,-1.0,1.877,3.4,4902
2014-09-07 14:30:00,179.2,178.2,178.7,816092.0,74.7,59.9,60.0,146.7,23528.0,341.0,74775.0,810581.0,144.8,0.995,14.83,145.6,0.0,274.8,275.4,276.5,0.979,274.1,0.748,274.1,0.921,275.6,0.0139999999999999,13.47,2.0,3.0,0.0,34.61,164.1,329.8,331.2,0.0,4.742,5.3870000000000005,605.4,619.0,0.23,0.0,50.65,42.6,44.16,46.07,44.14,44.65,44.7,45.0,40.79,45.45,66.31,66.59,66.57,66.47,66.61,65.96,57.26,881.0,896.0,886.0,880.0,896.0,875.0,772.0,21.89,21.98,21.98,21.94,21.99,21.77,18.9,0.0,330.2,0.0,60.14,0.0,497.7,0.0,5.0,0.0,0.0,0.0,176.7,178.3,176.4,25.21,25.18,0.0,41.13,33.2,29.14,2.0,3.528,-1.0,1.6980000000000002,2.8,4902
2014-09-07 14:31:00,190.6,189.4,190.0,816095.0,74.7,59.9,60.0,156.8,23528.0,341.0,74775.0,810584.0,154.9,0.994,16.41,155.8,0.0,276.0,276.4,277.4,0.979,275.0,0.748,275.0,0.921,276.6,0.0139999999999999,13.47,2.0,3.0,0.0,34.6,174.8,331.7,332.9,0.0,5.025,5.723,643.0,648.4,0.231,0.0,50.66,41.93,43.42,45.0,43.08,43.93,43.97,44.0,39.9,44.46,69.08,69.7,71.08,71.66,71.15,69.87,62.39,881.0,896.0,887.0,880.0,897.0,876.0,773.0,22.94,23.14,23.6,23.8,23.63,23.2,20.71,0.0,332.1,0.0,60.15,0.0,527.1,0.0,5.0,0.0,0.0,0.0,188.5,189.7,188.1,25.45,25.4,0.0,40.18,328.9,15.69,2.0,3.526,-1.0,2.943,4.2,4902
2014-09-07 14:32:00,185.3,184.4,184.9,816097.0,74.7,59.9,60.0,152.4,23528.0,341.0,74775.0,810586.0,150.4,0.995,15.69,151.2,0.0,275.9,276.2,277.3,0.979,275.0,0.748,275.0,0.921,276.2,0.0139999999999999,13.47,2.0,3.0,0.0,34.58,170.0,329.3,330.9,0.0,4.863,5.535,620.9,628.1,0.231,0.0,50.56,41.1,42.46,43.81,41.96,43.3,42.81,42.79,38.13,43.42,68.08,68.49,69.39,69.64,69.3,68.51,60.41,882.0,897.0,887.0,880.0,897.0,876.0,773.0,22.43,22.56,22.86,22.94,22.83,22.57,19.9,0.0,329.5,0.0,60.15,0.0,516.2,0.0,5.0,0.0,0.0,0.0,183.0,184.4,182.6,25.2,24.99,0.0,39.26,2.714,24.14,2.0,3.526,-1.0,2.985,4.0,4902
2014-09-07 14:33:00,205.1,203.6,204.3,816100.0,74.7,59.9,60.0,168.9,23528.0,341.0,74776.0,810589.0,167.2,0.994,18.43,168.2,0.0,276.0,276.5,277.4,0.979,275.0,0.748,275.0,0.921,276.0,0.0139999999999999,13.47,2.0,3.0,0.0,34.56,186.8,321.2,322.8,0.0,5.4,6.155,692.4,706.4,0.231,0.0,50.53,40.54,41.92,43.31,41.58,42.35,42.31,42.35,37.81,42.82,78.19,78.69,79.06999999999998,79.23999999999998,79.2,78.37,68.44,882.0,897.0,888.0,881.0,897.0,877.0,774.0,25.13,25.29,25.41,25.47,25.46,25.19,22.0,0.0,321.6,0.0,60.15,0.0,581.9,0.0,5.0,0.0,0.0,0.0,203.9,204.3,203.5,25.31,25.23,0.0,38.79,28.55,17.15,2.0,3.526,-1.0,2.028,3.9,4902
2014-09-07 14:34:00,233.2,231.8,232.5,816103.0,74.7,59.9,60.0,192.9,23528.0,341.0,74776.0,810592.0,191.8,0.993,22.42,193.1,0.0,276.6,276.9,277.8,0.979,275.0,0.748,275.0,0.921,276.5,0.0139999999999999,13.47,2.0,3.0,0.0,34.54,212.7,314.0,314.6,0.0,6.272,7.166,805.0,825.0,0.233,0.0,50.51,41.29,42.51,43.83,42.04,42.52,42.74,42.84,38.47,43.3,92.3,92.6,92.5,92.5,92.7,92.1,79.68,883.0,898.0,888.0,881.0,898.0,877.0,774.0,29.06,29.16,29.15,29.14,29.19,29.01,25.1,0.0,315.0,0.0,60.15,0.0,677.6,0.0,5.0,0.0,0.0,0.0,234.5,232.8,234.3,25.43,25.34,0.0,39.67,34.43,32.51,2.0,3.53,-1.0,1.4169999999999998,2.9,4902
2014-09-07 14:35:00,238.2,236.8,237.4,816106.0,74.7,59.9,60.0,197.2,23528.0,341.0,74776.0,810595.0,196.2,0.993,23.09,197.5,0.0,276.6,277.1,278.0,0.979,275.0,0.748,275.0,0.921,277.0,0.0139999999999999,13.47,2.0,3.0,0.0,34.52,218.7,320.5,321.5,0.0,6.4270000000000005,7.34,822.0,841.0,0.2339999999999999,0.0,50.43,42.62,43.2,44.52,42.77,42.79,43.71,43.57,39.81,44.2,92.6,92.8,93.0,92.9,92.8,92.4,80.09999999999998,883.0,898.0,888.0,882.0,898.0,878.0,774.0,29.73,29.8,29.87,29.85,29.8,29.69,25.72,0.0,321.2,0.0,60.15,0.0,682.5,0.0,5.0,0.0,0.0,0.0,240.0,237.9,239.7,25.72,25.64,0.0,41.28,13.53,32.15,2.0,3.53,-1.0,1.6780000000000002,3.4,4902
2014-09-07 14:36:00,237.6,236.4,236.9,816109.0,74.7,59.9,60.0,195.6,23528.0,341.0,74777.0,810599.0,194.4,0.993,22.91,195.8,0.0,275.4,275.2,276.1,0.979,273.5,0.748,273.6,0.921,274.9,0.0139999999999999,13.47,2.0,3.0,0.0,34.5,217.0,322.7,324.5,0.0,6.381,7.282,816.0,834.0,0.2339999999999999,0.0,50.41,43.13,43.69,44.58,42.71,43.77,43.76,43.58,39.53,44.13,91.2,91.5,91.6,91.4,91.4,90.9,78.76999999999998,884.0,899.0,889.0,882.0,899.0,878.0,775.0,29.48,29.56,29.59,29.55,29.53,29.39,25.46,0.0,323.2,0.0,60.21,0.0,672.6,0.0,5.0,0.0,0.0,0.0,239.1,237.4,238.9,25.27,24.97,0.0,41.13,6.7170000000000005,41.07,2.0,3.526,-1.0,1.632,3.4,4902
2014-09-07 14:37:00,237.0,235.5,236.0,816113.0,74.7,59.9,60.0,194.4,23528.0,341.0,74777.0,810602.0,193.3,0.993,22.79,194.7,0.0,274.3,274.6,275.5,0.979,273.0,0.748,273.0,0.921,274.0,0.0139999999999999,13.47,2.0,3.0,0.0,34.5,216.0,322.7,324.3,0.0,6.356,7.251,812.0,831.0,0.2339999999999999,0.0,50.35,42.98,44.05,45.08,43.31,44.06,44.15,44.13,40.1,45.05,90.6,90.9,91.0,90.8,90.8,90.3,78.28,884.0,899.0,889.0,883.0,899.0,879.0,775.0,29.3,29.41,29.42,29.38,29.37,29.21,25.31,0.0,323.4,0.0,60.18,0.0,669.4,0.0,5.0,0.0,0.0,0.0,238.4,236.8,238.2,25.27,25.19,0.0,40.99,335.8,44.81,2.0,3.526,-1.0,1.065,2.4,4902
2014-09-07 14:38:00,235.7,234.3,234.8,816116.0,74.7,59.9,60.0,193.2,23528.0,341.0,74778.0,810605.0,192.1,0.993,22.57,193.4,0.0,274.1,274.5,275.4,0.979,273.0,0.748,273.0,0.921,274.0,0.0139999999999999,13.47,2.0,3.0,0.0,34.48,214.5,322.4,323.8,0.0,6.325,7.216,808.0,827.0,0.2339999999999999,0.0,50.35,42.87,44.39,45.54,44.15,44.67,44.79,44.9,41.29,45.37,90.2,90.6,90.4,90.3,90.5,89.79999999999998,77.73999999999998,885.0,900.0,890.0,883.0,900.0,879.0,776.0,29.13,29.26,29.21,29.16,29.22,29.02,25.11,0.0,323.0,0.0,60.14,0.0,665.5,0.0,5.0,0.0,0.0,0.0,236.9,235.3,236.6,25.15,24.97,0.0,40.95,348.2,18.72,2.0,3.522,-1.0,1.847,2.8,4902
2014-09-07 14:39:00,230.7,229.3,229.8,816119.0,74.7,59.9,60.0,189.0,23528.0,341.0,74778.0,810608.0,187.7,0.993,21.88,189.0,0.0,274.0,274.4,275.3,0.979,273.0,0.748,273.0,0.921,274.0,0.0139999999999999,13.47,2.0,3.0,0.0,34.46,210.0,324.6,326.3,0.0,6.186,7.055,790.0,807.0,0.233,0.0,50.35,42.92,44.58,45.89,44.48,45.33,45.1,45.06,41.28,45.53,87.4,87.79999999999998,87.9,87.79999999999998,87.9,87.09999999999998,75.69,885.0,900.0,890.0,884.0,900.0,879.0,776.0,28.41,28.55,28.56,28.53,28.57,28.32,24.6,0.0,325.1,0.0,60.15,0.0,647.1,0.0,5.0,0.0,0.0,0.0,231.4,230.3,231.1,25.25,25.08,0.0,40.9,343.3,31.88,2.0,3.526,-1.0,2.442,4.3,4902
2014-09-07 14:40:00,233.0,231.9,232.3,816122.0,74.7,59.9,60.0,191.1,23528.0,341.0,74778.0,810611.0,189.8,0.993,22.19,191.1,0.0,274.2,274.4,275.3,0.979,273.0,0.748,273.0,0.921,274.0,0.0139999999999999,13.47,2.0,3.0,0.0,34.46,212.2,324.1,323.8,0.0,6.259,7.143,799.4,819.0,0.233,0.0,50.33,42.55,44.25,45.74,43.98,45.4,44.64,44.8,40.45,45.04,88.7,89.0,88.79999999999998,88.7,88.9,88.2,76.31999999999998,886.0,901.0,891.0,884.0,901.0,880.0,776.0,28.81,28.92,28.86,28.8,28.87,28.66,24.79,0.0,324.9,0.0,60.13,0.0,654.8,0.0,5.0,0.0,0.0,0.0,234.1,232.8,233.8,25.28,25.23,0.0,40.59,357.8,28.17,2.0,3.527,-1.0,2.483,4.6,4902
2014-09-07 14:41:00,228.7,227.5,227.9,816125.0,74.7,59.9,60.0,187.4,23528.0,341.0,74779.0,810615.0,186.0,0.993,21.59,187.3,0.0,274.0,274.4,275.4,0.979,273.0,0.748,273.0,0.921,274.0,0.0139999999999999,13.47,2.0,3.0,0.0,34.46,208.2,324.0,325.4,0.0,6.118,6.979,781.1,801.0,0.233,0.0,50.35,40.75,44.05,45.58,44.01,45.79,44.09,44.56,40.89,45.05,86.9,87.5,87.09999999999998,87.0,87.29999999999998,86.5,74.9,886.0,901.0,891.0,885.0,901.0,880.0,777.0,28.18,28.37,28.26,28.21,28.34,28.07,24.3,0.0,324.5,0.0,60.14,0.0,642.6,0.0,5.0,0.0,0.0,0.0,229.2,228.3,228.9,24.69,24.62,0.0,38.74,331.5,20.63,2.0,3.53,-1.0,1.7480000000000002,2.9,4902
2014-09-07 14:42:00,231.6,230.2,230.7,816128.0,74.7,59.9,60.0,189.7,23528.0,341.0,74779.0,810618.0,188.4,0.993,21.96,189.6,0.0,273.9,274.3,275.3,0.979,273.0,0.748,273.0,0.921,274.0,0.0139999999999999,13.47,2.0,3.0,0.0,34.44,210.8,323.5,326.6,0.0,6.186,7.061,790.2,811.0,0.233,0.0,50.28,39.49,43.16,45.04,43.82,45.74,43.55,44.37,40.61,44.95,88.29999999999998,88.9,88.4,88.29999999999998,88.7,87.79999999999998,75.94,887.0,902.0,892.0,885.0,902.0,881.0,777.0,28.57,28.76,28.6,28.56,28.7,28.42,24.57,0.0,323.6,0.0,60.14,0.0,651.8,0.0,5.0,0.0,0.0,0.0,232.3,231.1,232.0,24.74,24.67,0.0,37.65,354.0,16.01,2.0,3.526,-1.0,3.045,4.3,4902
2014-09-07 14:43:00,229.1,227.7,228.2,816131.0,74.7,59.9,60.0,187.7,23528.0,341.0,74779.0,810621.0,186.4,0.993,21.63,187.7,0.0,274.1,274.6,275.5,0.979,273.0,0.748,273.0,0.921,274.0,0.0139999999999999,13.47,2.0,3.0,0.0,34.42,208.8,324.7,325.6,0.0,6.109,6.98,780.2999999999998,801.0,0.233,0.0,50.27,38.88,42.9,44.78,43.6,45.72,43.41,44.1,40.31,44.64,87.0,87.59999999999998,87.2,87.0,87.4,86.59999999999998,74.9,887.0,902.0,892.0,886.0,902.0,881.0,778.0,28.26,28.44,28.31,28.27,28.4,28.12,24.32,0.0,324.8,0.0,60.13,0.0,643.1,0.0,5.0,0.0,0.0,0.0,229.6,228.7,229.3,24.88,24.81,0.0,37.39,330.4,13.8,2.0,3.527,-1.0,2.273,3.9,4902
2014-09-07 14:44:00,228.0,226.7,227.2,816134.0,74.7,59.9,60.0,186.7,23528.0,341.0,74780.0,810624.0,185.3,0.993,21.48,186.6,0.0,273.7,274.4,275.3,0.979,273.0,0.748,273.0,0.921,274.0,0.0139999999999999,13.47,2.0,3.0,0.0,34.39,207.2,322.9,324.4,0.0,6.063,6.933,775.1,796.7999999999998,0.233,0.0,50.33,38.34,42.76,44.6,43.57,46.05,43.19,43.96,40.5,44.61,86.9,87.5,86.9,86.79999999999998,87.29999999999998,86.4,74.73,887.0,903.0,893.0,886.0,903.0,882.0,778.0,28.1,28.29,28.13,28.09,28.26,27.94,24.18,0.0,323.6,0.0,60.14,0.0,641.9,0.0,5.0,0.0,0.0,0.0,228.5,227.6,228.2,24.92,24.94,0.0,37.27,336.2,20.35,2.0,3.526,-1.0,2.678,3.9,4902
2014-09-07 14:45:00,218.6,217.2,217.7,816137.0,74.7,59.9,60.0,178.8,23528.0,341.0,74780.0,810627.0,177.3,0.994,20.14,178.4,0.0,274.0,274.3,275.3,0.979,273.0,0.748,273.0,0.921,274.0,0.0139999999999999,13.47,2.0,3.0,0.0,34.38,199.1,327.7,329.4,0.0,5.783,6.613,738.4,757.5,0.233,0.0,50.28,38.63,42.61,44.38,43.4,45.62,43.0,43.78,40.06,44.5,81.7,82.29999999999998,82.09999999999998,82.0,82.2,81.5,70.6,888.0,903.0,893.0,886.0,903.0,882.0,778.0,26.79,26.97,26.9,26.87,26.94,26.7,23.14,0.0,327.8,0.0,60.13,0.0,607.7,0.0,5.0,0.0,0.0,0.0,218.2,217.9,217.8,24.92,24.82,0.0,37.62,355.6,38.64,2.0,3.526,-1.0,2.027,3.2,4902
2014-09-07 14:46:00,211.6,210.4,210.9,816140.0,74.7,59.9,60.0,173.0,23528.0,341.0,74780.0,810630.0,171.3,0.994,19.23,172.4,0.0,273.9,274.3,275.2,0.979,273.0,0.748,273.0,0.921,274.0,0.0139999999999999,13.47,2.0,3.0,0.0,34.35,192.5,328.7,329.4,0.0,5.578,6.376,712.6,730.9,0.2319999999999999,0.0,50.25,37.58,42.51,44.3,43.55,45.49,43.01,43.73,40.42,44.32,78.53,79.23,79.04999999999998,78.95999999999998,79.20999999999998,78.42,67.99,888.0,903.0,894.0,887.0,904.0,883.0,779.0,25.85,26.08,26.02,25.99,26.07,25.81,22.38,0.0,329.3,0.0,60.19,0.0,585.9,0.0,5.0,0.0,0.0,0.0,210.8,211.0,210.4,24.66,24.63,0.0,36.45,327.6,27.57,2.0,3.526,-1.0,2.128,3.1,4902
2014-09-07 14:47:00,206.5,205.3,205.8,816143.0,74.7,59.9,60.0,168.7,23528.0,341.0,74781.0,810632.0,167.0,0.994,18.55,168.1,0.0,273.9,273.9,274.9,0.979,272.9,0.748,273.0,0.921,274.0,0.0139999999999999,13.47,2.0,3.0,0.0,34.32,187.4,326.3,328.9,0.0,5.417999999999999,6.189,693.0,717.0,0.231,0.0,50.25,35.96,41.94,43.98,43.3,45.51,42.47,43.28,40.43,43.96,77.64,78.34999999999998,77.44,77.26999999999998,77.98,76.95999999999998,66.41,889.0,904.0,894.0,887.0,904.0,883.0,779.0,25.37,25.6,25.3,25.24,25.48,25.14,21.69,0.0,326.9,0.0,60.17,0.0,574.7,0.0,5.0,0.0,0.0,0.0,205.5,205.9,205.1,24.1,24.03,0.0,35.08,329.1,15.15,2.0,3.53,-1.0,2.117,3.4,4902
2014-09-07 14:48:00,224.3,223.0,223.5,816146.0,74.7,59.9,60.0,183.5,23528.0,341.0,74781.0,810636.0,182.1,0.993,20.96,183.3,0.0,273.9,274.0,275.1,0.979,272.9,0.748,273.0,0.921,274.0,0.0139999999999999,13.47,2.0,3.0,0.0,34.29,203.9,322.5,323.8,0.0,5.914,6.773,756.9,778.9,0.2319999999999999,0.0,50.19,35.81,41.48,43.56,42.69,45.49,41.74,42.64,39.91,43.9,85.4,86.09999999999998,85.59999999999998,85.5,86.0,85.09999999999998,73.62999999999998,889.0,904.0,895.0,888.0,905.0,884.0,780.0,27.55,27.78,27.62,27.59,27.74,27.46,23.75,0.0,322.6,0.0,60.14,0.0,632.3,0.0,5.0,0.0,0.0,0.0,224.5,223.8,224.1,24.34,24.33,0.0,35.32,320.0,34.39,2.0,3.527,-1.0,2.423,4.4,4902
2014-09-07 14:49:00,221.6,220.2,220.7,816149.0,74.7,59.9,60.0,181.1,23528.0,341.0,74781.0,810639.0,179.6,0.993,20.59,180.8,0.0,273.6,273.9,275.0,0.979,272.1,0.748,272.2,0.921,274.0,0.0139999999999999,13.47,2.0,3.0,0.0,34.24,200.6,321.7,323.5,0.0,5.828,6.674,746.0,769.6,0.2319999999999999,0.0,50.15,35.55,41.2,43.33,42.57,45.36,41.29,42.37,39.62,43.68,84.29999999999998,85.09999999999998,84.4,84.4,85.0,83.79999999999998,72.67,890.0,905.0,895.0,888.0,905.0,884.0,780.0,27.18,27.44,27.24,27.21,27.42,27.04,23.44,0.0,322.6,0.0,60.15,0.0,623.7,0.0,5.0,0.0,0.0,0.0,221.5,221.1,221.1,24.41,24.38,0.0,35.13,303.2,14.71,2.0,3.527,-1.0,3.488,4.9,4902
2014-09-07 14:50:00,223.3,222.1,222.5,816152.0,74.7,59.9,60.0,182.7,23528.0,341.0,74782.0,810642.0,181.1,0.993,20.83,182.3,0.0,273.8,274.0,275.0,0.979,272.5,0.748,272.7,0.921,274.0,0.0139999999999999,13.47,2.0,3.0,0.0,34.21,202.9,325.6,326.3,0.0,5.872000000000001,6.725,751.7,776.1,0.2319999999999999,0.0,50.15,35.19,41.15,43.16,42.18,45.27,40.92,42.26,39.52,43.42,84.2,85.09999999999998,84.29999999999998,84.2,84.9,83.59999999999998,72.42,890.0,905.0,895.0,889.0,905.0,884.0,780.0,27.45,27.73,27.47,27.43,27.66,27.26,23.6,0.0,326.0,0.0,60.15,0.0,623.2,0.0,5.0,0.0,0.0,0.0,223.3,222.9,222.9,24.4,24.37,0.0,34.71,321.4,27.23,2.0,3.527,-1.0,2.603,4.0,4902
2014-09-07 14:51:00,223.8,222.8,223.2,816155.0,74.7,59.9,60.0,183.1,23528.0,341.0,74782.0,810645.0,181.6,0.993,20.93,182.8,0.0,273.7,273.8,274.9,0.979,272.2,0.748,272.3,0.921,274.0,0.0139999999999999,13.47,2.0,3.0,0.0,34.17,203.5,327.1,328.8,0.0,5.8870000000000005,6.743,752.7,777.2999999999998,0.2319999999999999,0.0,50.05,34.46,40.68,42.9,41.75,45.08,40.58,42.05,39.06,43.32,84.0,84.9,84.0,83.9,84.7,83.29999999999998,72.20999999999998,891.0,906.0,896.0,889.0,906.0,885.0,781.0,27.52,27.83,27.53,27.49,27.75,27.3,23.65,0.0,327.6,0.0,60.15,0.0,622.3,0.0,5.0,0.0,0.0,0.0,224.0,223.6,223.6,24.03,23.93,0.0,34.0,315.5,18.81,2.0,3.526,-1.0,3.647,5.3,4902
2014-09-07 14:52:00,222.7,221.4,221.9,816158.0,74.7,59.9,60.0,182.1,23528.0,341.0,74782.0,810648.0,180.6,0.993,20.75,181.8,0.0,273.8,273.9,275.0,0.979,272.5,0.748,272.7,0.921,274.0,0.0139999999999999,13.47,2.0,3.0,0.0,34.11,202.3,327.1,328.5,0.0,5.848,6.697,747.7,772.2999999999998,0.2319999999999999,0.0,50.01,34.86,40.57,42.55,41.66,45.07,40.31,41.97,39.09,42.97,83.5,84.4,83.59999999999998,83.5,84.29999999999998,82.79999999999998,71.86,891.0,906.0,896.0,890.0,906.0,885.0,781.0,27.35,27.66,27.38,27.35,27.62,27.13,23.55,0.0,327.7,0.0,60.15,0.0,618.5,0.0,5.0,0.0,0.0,0.0,222.6,222.2,222.2,24.08,23.99,0.0,34.37,319.5,16.69,2.0,3.528,-1.0,2.053,3.4,4902
2014-09-07 14:53:00,221.6,220.4,220.9,816161.0,74.7,59.9,60.0,181.4,23528.0,341.0,74783.0,810651.0,179.8,0.993,20.6,180.9,0.0,273.9,274.1,275.2,0.979,273.0,0.748,273.0,0.921,274.0,0.0139999999999999,13.47,2.0,3.0,0.0,34.07,201.3,326.3,327.8,0.0,5.828,6.674,745.5,769.7999999999998,0.2319999999999999,0.0,49.96,36.29,41.2,43.15,42.28,45.45,40.67,42.28,39.74,43.59,83.29999999999998,84.2,83.4,83.29999999999998,84.09999999999998,82.7,71.72,891.0,907.0,897.0,890.0,907.0,886.0,782.0,27.21,27.51,27.25,27.22,27.48,27.01,23.44,0.0,326.8,0.0,60.14,0.0,617.0,0.0,5.0,0.0,0.0,0.0,221.4,221.1,221.0,24.16,23.95,0.0,35.57,340.5,29.92,2.0,3.527,-1.0,1.537,2.3,4902
2014-09-07 14:54:00,217.4,216.2,216.6,816164.0,74.7,59.9,60.0,177.8,23528.0,341.0,74783.0,810653.0,176.2,0.994,20.0,177.3,0.0,273.6,274.3,275.3,0.979,273.0,0.748,273.0,0.921,274.0,0.0139999999999999,13.47,2.0,3.0,0.0,34.02,197.3,325.6,326.3,0.0,5.716,6.54,730.9,753.5,0.2319999999999999,0.0,49.96,37.38,41.45,43.25,42.25,45.47,41.14,42.35,39.93,43.9,81.7,82.5,81.9,81.79999999999998,82.4,81.2,70.43,892.0,907.0,897.0,890.0,907.0,886.0,782.0,26.64,26.9,26.7,26.68,26.87,26.49,22.96,0.0,326.1,0.0,60.13,0.0,606.2,0.0,5.0,0.0,0.0,0.0,217.0,216.9,216.5,24.54,24.46,0.0,36.61,348.0,26.98,2.0,3.527,-1.0,2.018,3.3,4902
2014-09-07 14:55:00,216.6,215.3,215.8,816166.0,74.7,59.9,60.0,177.1,23528.0,341.0,74783.0,810656.0,175.5,0.994,19.89,176.6,0.0,273.7,274.0,275.1,0.979,272.9,0.748,273.0,0.921,274.0,0.0139999999999999,13.47,2.0,3.0,0.0,33.98,196.4,322.8,324.6,0.0,5.7,6.517,728.6,751.9,0.2319999999999999,0.0,49.94,38.28,41.42,43.27,42.5,45.58,41.12,42.57,39.99,43.91,82.09999999999998,82.9,82.4,82.4,82.79999999999998,81.7,70.91,892.0,908.0,898.0,891.0,908.0,887.0,782.0,26.53,26.77,26.62,26.61,26.77,26.41,22.91,0.0,323.2,0.0,60.13,0.0,608.4,0.0,5.0,0.0,0.0,0.0,216.2,216.0,215.7,24.99,24.95,0.0,37.36,349.3,20.01,2.0,3.528,-1.0,1.998,2.8,4902
2014-09-07 14:56:00,216.9,215.6,216.1,816169.0,74.7,59.9,60.0,177.4,23528.0,341.0,74784.0,810659.0,175.7,0.994,19.93,176.9,0.0,274.0,274.0,275.1,0.979,273.0,0.748,273.0,0.921,274.0,0.0139999999999999,13.47,2.0,3.0,0.0,33.95,196.5,321.3,324.5,0.0,5.712999999999999,6.53,730.0,753.9,0.2319999999999999,0.0,49.91,38.88,41.47,43.47,42.48,45.42,41.33,42.76,40.01,43.98,82.5,83.2,82.79999999999998,82.79999999999998,83.2,82.2,71.27,893.0,908.0,898.0,891.0,908.0,887.0,783.0,26.56,26.79,26.65,26.63,26.78,26.44,22.94,0.0,321.8,0.0,60.14,0.0,611.6,0.0,5.0,0.0,0.0,0.0,216.4,216.2,216.0,24.93,24.76,0.0,37.68,1.6840000000000002,29.53,2.0,3.526,-1.0,1.777,4.3,4902
2014-09-07 14:57:00,215.8,214.6,215.0,816172.0,74.7,59.9,60.0,176.5,23528.0,341.0,74784.0,810662.0,174.9,0.994,19.75,176.0,0.0,274.1,274.0,275.1,0.979,273.0,0.748,273.0,0.921,274.0,0.0139999999999999,13.47,2.0,3.0,0.0,33.92,196.1,327.1,330.2,0.0,5.676,6.487,724.9,748.7999999999998,0.2319999999999999,0.0,49.86,39.22,41.31,43.54,42.57,45.13,41.71,42.81,40.1,43.84,80.7,81.5,81.0,80.9,81.4,80.29999999999998,69.65,893.0,908.0,899.0,892.0,909.0,888.0,783.0,26.43,26.68,26.52,26.49,26.65,26.3,22.8,0.0,327.4,0.0,60.14,0.0,599.5,0.0,5.0,0.0,0.0,0.0,215.2,215.2,214.8,24.84,24.57,0.0,37.87,41.18,31.38,2.0,3.53,-1.0,1.972,3.7,4902
2014-09-07 14:58:00,211.2,209.8,210.3,816175.0,74.7,59.9,60.0,172.6,23528.0,341.0,74784.0,810665.0,170.9,0.994,19.11,172.0,0.0,274.0,274.2,275.2,0.979,273.0,0.748,273.0,0.921,274.0,0.0139999999999999,13.47,2.0,3.0,0.0,33.9,192.0,327.4,328.7,0.0,5.56,6.351,709.3,732.2999999999998,0.2319999999999999,0.0,49.84,39.79,41.82,43.93,42.83,45.05,42.23,43.04,40.24,43.9,78.90999999999998,79.59999999999998,79.15999999999998,79.06,79.54999999999998,78.53,68.07,894.0,909.0,899.0,892.0,909.0,888.0,783.0,25.83,26.06,25.91,25.88,26.04,25.7,22.28,0.0,327.5,0.0,60.13,0.0,586.5,0.0,5.0,0.0,0.0,0.0,210.2,210.4,209.8,24.74,24.51,0.0,38.4,46.19,55.99,2.0,3.527,-1.0,1.475,3.1,4902
2014-09-07 14:59:00,211.3,210.0,210.5,816178.0,74.7,59.9,60.0,172.7,23528.0,341.0,74785.0,810668.0,170.9,0.994,19.1,172.0,0.0,273.7,274.2,275.2,0.979,273.0,0.748,273.0,0.921,274.0,0.0139999999999999,13.47,2.0,3.0,0.0,33.88,192.1,329.9,330.9,0.0,5.567,6.361000000000001,711.1,734.4,0.2319999999999999,0.0,49.79,40.54,42.15,44.11,42.81,45.27,42.52,43.12,40.33,44.25,78.31999999999998,79.04999999999998,78.5,78.37,79.0,77.81,67.47,894.0,909.0,899.0,893.0,909.0,888.0,784.0,25.85,26.1,25.91,25.87,26.08,25.68,22.27,0.0,330.2,0.0,60.13,0.0,582.4,0.0,5.0,0.0,0.0,0.0,210.3,210.5,209.8,25.04,24.87,0.0,39.34,13.37,67.72,2.0,3.526,-1.0,1.315,3.3,4902
2014-09-07 15:00:00,213.5,212.3,212.8,816181.0,74.7,59.9,60.0,174.6,23528.0,341.0,74785.0,810671.0,173.0,0.994,19.45,174.1,0.0,273.8,274.3,275.3,0.979,273.0,0.748,273.0,0.921,274.0,0.0139999999999999,13.47,2.0,3.0,0.0,33.85,194.1,326.3,326.6,0.0,5.629,6.434,719.1,743.2999999999998,0.2319999999999999,0.0,49.76,40.25,42.05,44.12,42.89,45.41,42.6,43.27,40.57,43.92,80.2,80.9,80.29999999999998,80.09999999999998,80.7,79.65,68.98,895.0,910.0,900.0,893.0,910.0,889.0,784.0,26.19,26.41,26.22,26.17,26.36,26.01,22.53,0.0,326.6,0.0,60.14,0.0,594.8,0.0,5.0,0.0,0.0,0.0,212.9,212.9,212.4,24.94,24.88,0.0,38.75,334.7,29.7,2.0,3.526,-1.0,2.5780000000000003,4.1,4902
2014-09-07 15:01:00,211.9,210.6,211.1,816184.0,74.7,59.9,60.0,173.1,23528.0,341.0,74785.0,810674.0,171.3,0.994,19.18,172.4,0.0,273.8,273.9,274.9,0.979,272.9,0.748,273.0,0.921,274.0,0.0139999999999999,13.47,2.0,3.0,0.0,33.85,192.3,326.9,329.6,0.0,5.571000000000001,6.367000000000001,709.7,732.5,0.2319999999999999,0.0,49.76,39.3,41.49,43.44,42.31,44.85,42.21,42.9,39.74,43.43,79.12,79.69,79.33,79.19,79.62999999999998,78.7,68.16,895.0,910.0,900.0,894.0,910.0,889.0,785.0,25.9,26.09,25.97,25.93,26.07,25.77,22.32,0.0,327.4,0.0,60.13,0.0,588.3,0.0,5.0,0.0,0.0,0.0,210.9,211.0,210.5,24.97,25.03,0.0,37.69,344.5,18.7,2.0,3.528,-1.0,3.093,5.0,4902
2014-09-07 15:02:00,195.6,194.6,195.1,816186.0,74.7,59.9,60.0,159.5,23528.0,341.0,74786.0,810676.0,157.7,0.994,16.98,158.6,0.0,273.7,273.6,274.6,0.979,272.5,0.748,272.9,0.921,274.0,0.0139999999999999,13.47,2.0,3.0,0.0,33.82,177.9,332.2,334.8,0.0,5.1080000000000005,5.823,649.1,670.3,0.231,0.0,49.75,39.18,40.94,42.73,41.36,43.59,41.56,42.27,38.49,42.54,71.47,72.06,71.87,71.83,72.14,71.1,61.9,895.0,911.0,901.0,894.0,911.0,890.0,785.0,23.76,23.96,23.9,23.89,23.99,23.64,20.58,0.0,332.6,0.0,60.15,0.0,535.5,0.0,5.0,0.0,0.0,0.0,193.8,194.8,193.4,25.2,25.17,0.0,37.77,8.939999999999998,9.75,2.0,3.527,-1.0,3.703,6.3,4902
2014-09-07 15:03:00,203.8,202.5,203.1,816189.0,74.7,59.9,60.0,166.3,23528.0,341.0,74786.0,810679.0,164.5,0.994,18.11,165.5,0.0,273.6,273.8,274.7,0.979,272.4,0.748,273.0,0.921,274.0,0.0139999999999999,13.47,2.0,3.0,0.0,33.81,184.7,327.8,329.1,0.0,5.31,6.057,676.0,700.1,0.231,0.0,49.68,37.61,40.63,42.36,41.34,42.91,41.27,42.03,38.58,42.1,75.65999999999998,76.22,76.0,75.90999999999998,76.26,75.34999999999998,65.37,896.0,911.0,901.0,894.0,911.0,890.0,785.0,24.84,25.03,24.96,24.93,25.04,24.74,21.47,0.0,328.5,0.0,60.13,0.0,563.6,0.0,5.0,0.0,0.0,0.0,202.5,203.0,202.1,24.75,24.69,0.0,36.48,349.9,15.51,2.0,3.527,-1.0,2.627,4.2,4902
2014-09-07 15:04:00,208.6,207.2,207.8,816192.0,74.7,59.9,60.0,170.3,23528.0,341.0,74786.0,810682.0,168.5,0.994,18.79,169.6,0.0,273.5,273.9,274.8,0.979,272.6,0.748,273.0,0.921,274.0,0.0139999999999999,13.47,2.0,3.0,0.0,33.77,188.2,320.2,322.7,0.0,5.461,6.227,695.5,722.5,0.231,0.0,49.66,37.53,40.69,42.17,41.0,42.89,40.92,41.61,37.85,41.74,79.59999999999998,80.09999999999998,79.73,79.67,80.09999999999998,79.23999999999998,68.56,896.0,911.0,902.0,895.0,912.0,891.0,786.0,25.51,25.68,25.55,25.53,25.66,25.4,21.97,0.0,320.6,0.0,60.14,0.0,587.8,0.0,5.0,0.0,0.0,0.0,207.5,207.7,207.1,24.93,24.93,0.0,36.7,332.3,19.01,2.0,3.527,-1.0,3.303,5.3,4902
2014-09-07 15:05:00,212.7,211.3,211.9,816195.0,74.7,59.9,60.0,173.8,23528.0,341.0,74787.0,810685.0,172.2,0.994,19.38,173.3,0.0,273.7,274.0,274.9,0.979,272.7,0.748,273.0,0.921,274.0,0.0139999999999999,13.47,2.0,3.0,0.0,33.76,192.7,325.7,327.8,0.0,5.558,6.339,706.8,733.4,0.231,0.0,49.56,36.2,40.06,41.79,40.67,42.85,40.25,41.24,37.44,41.31,79.67,80.2,79.98,79.9,80.2,79.37,68.83,897.0,912.0,902.0,895.0,912.0,891.0,786.0,26.02,26.2,26.12,26.1,26.19,25.93,22.48,0.0,326.7,0.0,60.15,0.0,591.8,0.0,5.0,0.0,0.0,0.0,212.0,212.1,211.7,24.34,24.27,0.0,35.24,341.4,23.59,2.0,3.526,-1.0,2.967,4.3,4902
2014-09-07 15:06:00,210.3,208.8,209.4,816197.0,74.7,59.9,60.0,172.6,23528.0,341.0,74787.0,810688.0,170.8,0.994,19.09,171.9,0.0,275.2,275.3,276.2,0.979,273.9,0.748,273.9,0.921,274.9,0.0139999999999999,13.47,2.0,3.0,0.0,33.71,191.6,329.3,330.3,0.0,5.506,6.278,699.6,727.0,0.231,0.0,49.56,35.37,39.75,41.71,40.44,42.53,39.96,41.01,37.49,41.3,78.33,78.90999999999998,78.53,78.42,78.78,77.93,67.52,897.0,912.0,902.0,896.0,912.0,891.0,786.0,25.83,26.02,25.9,25.86,25.98,25.7,22.27,0.0,329.8,0.0,60.15,0.0,582.0,0.0,5.0,0.0,0.0,0.0,209.2,209.5,208.8,24.14,24.14,0.0,34.56,308.6,16.12,2.0,3.526,-1.0,2.53,4.4,4902
2014-09-07 15:07:00,210.9,209.8,210.3,816200.0,74.7,59.9,60.0,173.4,23528.0,341.0,74787.0,810690.0,171.6,0.994,19.24,172.7,0.0,275.3,275.5,276.5,0.979,274.0,0.748,274.0,0.921,275.3,0.0139999999999999,13.47,2.0,3.0,0.0,33.65,192.4,327.9,328.7,0.0,5.534,6.312,702.6,730.9,0.231,0.0,49.51,35.16,39.49,41.45,40.21,42.69,39.32,40.71,37.47,41.51,79.03,79.65999999999998,79.23999999999998,79.14,79.54999999999998,78.62999999999998,68.2,898.0,913.0,903.0,896.0,913.0,892.0,787.0,25.94,26.15,26.01,25.98,26.11,25.81,22.39,0.0,328.3,0.0,60.14,0.0,586.9,0.0,5.0,0.0,0.0,0.0,210.1,210.3,209.6,24.17,24.17,0.0,34.71,301.8,22.84,2.0,3.527,-1.0,1.938,3.9,4902
2014-09-07 15:08:00,209.9,208.8,209.3,816203.0,74.7,59.9,60.0,172.6,23528.0,341.0,74788.0,810693.0,170.8,0.994,19.09,171.8,0.0,275.4,275.7,276.6,0.979,274.0,0.748,274.0,0.921,275.6,0.0139999999999999,13.47,2.0,3.0,0.0,33.61,191.7,329.8,331.2,0.0,5.504,6.278,699.0,727.6,0.231,0.0,49.47,35.05,39.32,41.56,40.26,42.8,39.13,40.47,37.67,41.64,78.22,78.94,78.37,78.31,78.78,77.73999999999998,67.46,898.0,913.0,903.0,897.0,913.0,892.0,787.0,25.82,26.06,25.87,25.85,26.0,25.66,22.27,0.0,330.1,0.0,60.15,0.0,581.4,0.0,5.0,0.0,0.0,0.0,208.9,209.2,208.5,24.34,24.37,0.0,34.52,302.1,12.35,2.0,3.53,-1.0,3.275,5.6,4902
2014-09-07 15:09:00,207.6,206.2,206.8,816206.0,74.7,59.9,60.0,170.5,23528.0,341.0,74788.0,810696.0,168.6,0.994,18.76,169.7,0.0,275.5,275.5,276.5,0.979,274.0,0.748,274.0,0.921,275.1,0.0139999999999999,13.47,2.0,3.0,0.0,33.57,189.5,331.9,333.8,0.0,5.437,6.2,689.5,717.6,0.231,0.0,49.42,34.5,38.95,41.2,39.8,42.59,38.65,40.07,37.37,41.38,76.65,77.42,76.83,76.76999999999998,77.26999999999998,76.12,66.17,898.0,914.0,904.0,897.0,914.0,893.0,787.0,25.48,25.74,25.54,25.52,25.69,25.3,22.0,0.0,332.5,0.0,60.14,0.0,571.1,0.0,5.0,0.0,0.0,0.0,206.4,206.8,205.9,24.24,24.23,0.0,34.01,310.5,21.18,2.0,3.527,-1.0,3.185,4.6,4902
2014-09-07 15:10:00,196.3,195.1,195.7,816209.0,74.7,59.9,60.0,161.1,23528.0,341.0,74788.0,810699.0,159.1,0.994,17.21,160.0,0.0,275.3,275.5,276.5,0.979,274.0,0.748,274.0,0.921,275.1,0.0139999999999999,13.47,2.0,3.0,0.0,33.53,179.7,336.4,337.8,0.0,5.147,5.861000000000001,650.1,674.8,0.231,0.0,49.34,35.03,38.99,40.58,39.51,42.41,38.16,39.72,36.96,41.15,71.17,71.97,71.52,71.45,71.87,70.67,61.69,899.0,914.0,904.0,897.0,914.0,893.0,788.0,23.97,24.24,24.09,24.07,24.21,23.81,20.78,0.0,337.0,0.0,60.21,0.0,534.5,0.0,5.0,0.0,0.0,0.0,194.4,195.4,194.0,24.51,24.42,0.0,34.39,317.6,14.35,2.0,3.527,-1.0,3.027,4.4,4902
2014-09-07 15:11:00,181.7,180.5,181.1,816211.0,74.7,59.9,60.0,148.6,23528.0,341.0,74788.0,810701.0,146.7,0.995,15.24,147.5,0.0,274.9,275.2,276.2,0.979,274.0,0.748,274.0,0.921,275.0,0.0139999999999999,13.47,2.0,3.0,0.0,33.52,166.7,340.4,342.0,0.0,4.746,5.388999999999999,599.9,625.4,0.23,0.0,49.24,34.9,38.69,40.28,39.33,42.01,37.79,39.37,36.81,40.6,65.05,65.98,65.15,65.06,65.86,64.3,56.13,899.0,914.0,905.0,898.0,915.0,893.0,788.0,22.15,22.47,22.19,22.16,22.43,21.9,19.11,0.0,340.6,0.0,60.2,0.0,489.8,0.0,5.0,0.0,0.0,0.0,179.1,180.7,178.7,24.44,24.32,0.0,33.89,344.2,15.4,2.0,3.527,-1.0,2.81,4.0,4902
2014-09-07 15:12:00,201.4,200.1,200.7,816214.0,74.7,59.9,60.0,165.2,23528.0,341.0,74789.0,810704.0,163.4,0.994,17.9,164.4,0.0,275.3,275.3,276.3,0.979,274.0,0.748,274.1,0.921,275.1,0.016,13.47,2.0,3.0,0.0,33.45,183.2,328.8,331.2,0.0,5.247000000000001,5.971,664.7,694.1,0.231,0.0,49.17,34.95,38.19,40.1,39.23,41.45,38.02,39.54,36.52,40.35,75.01,75.76999999999998,75.15,75.09999999999998,75.69,74.5,64.73,900.0,915.0,905.0,898.0,915.0,894.0,789.0,24.68,24.93,24.72,24.71,24.9,24.51,21.3,0.0,329.1,0.0,60.14,0.0,557.4,0.0,5.0,0.0,0.0,0.0,199.8,200.5,199.5,24.51,24.38,0.0,33.43,349.9,20.68,2.0,3.53,-1.0,3.112,5.6,4902
2014-09-07 15:13:00,206.1,204.9,205.4,816216.0,74.7,59.9,60.0,169.2,23528.0,341.0,74789.0,810707.0,167.4,0.994,18.56,168.4,0.0,275.4,275.3,276.3,0.979,274.0,0.748,274.0,0.921,275.0,0.081,13.5,2.0,3.0,0.0,33.41,187.7,329.4,331.5,0.0,5.377000000000001,6.122000000000001,680.7,710.6,0.231,0.0,49.14,35.51,38.38,39.75,38.73,41.18,37.87,39.23,36.02,40.12,76.65999999999998,77.36,76.9,76.84,77.31,76.26,66.24,900.0,915.0,905.0,899.0,915.0,894.0,789.0,25.28,25.52,25.36,25.34,25.5,25.15,21.85,0.0,329.9,0.0,60.14,0.0,569.9,0.0,5.0,0.0,0.0,0.0,204.9,205.3,204.5,24.75,24.62,0.0,34.23,0.3689999999999999,33.0,2.0,3.53,-1.0,2.577,5.0,4902
2014-09-07 15:14:00,207.5,206.1,206.7,816219.0,74.7,59.9,60.0,170.3,23528.0,341.0,74789.0,810710.0,168.5,0.994,18.78,169.6,0.0,275.1,275.5,276.5,0.979,274.0,0.748,274.0,0.921,275.0,0.0449999999999999,13.51,2.0,3.0,0.0,33.37,189.1,330.3,331.4,0.0,5.417999999999999,6.167999999999999,686.3,716.3,0.231,0.0,49.11,36.31,38.22,40.12,39.09,41.17,38.28,39.62,36.52,40.34,77.04999999999998,77.73,77.26999999999998,77.22,77.72,76.62999999999998,66.59,900.0,916.0,906.0,899.0,916.0,895.0,789.0,25.46,25.69,25.53,25.52,25.68,25.32,22.0,0.0,330.5,0.0,60.15,0.0,572.6,0.0,5.0,0.0,0.0,0.0,206.3,206.7,205.8,24.65,24.45,0.0,34.91,334.1,12.65,2.0,3.53,-1.0,2.178,3.1,4902
2014-09-07 15:15:00,177.0,176.2,176.8,816222.0,74.7,59.9,60.0,145.0,23528.0,341.0,74790.0,810712.0,142.8,0.995,14.57,143.6,0.0,275.0,275.2,276.2,0.979,274.0,0.748,274.0,0.921,275.0,0.0299999999999999,13.5,2.0,3.0,0.0,33.34,161.4,327.1,328.6,0.0,4.631,5.25,582.2,607.6,0.23,0.0,49.07,36.62,38.16,40.23,39.61,41.31,38.62,39.91,37.13,40.26,66.44,66.51,65.79,65.38,65.69,65.62,56.05,901.0,916.0,906.0,899.0,916.0,895.0,790.0,21.75,21.77,21.54,21.4,21.51,21.48,18.35,0.0,327.5,0.0,60.15,0.0,493.7,0.0,5.0,0.0,0.0,0.0,174.2,175.8,174.0,25.01,24.95,0.0,35.51,326.1,13.56,2.0,3.53,-1.0,2.363,3.3,4902
2014-09-07 15:16:00,155.1,154.6,155.2,816224.0,74.7,59.9,60.0,126.0,23528.0,341.0,74790.0,810714.0,124.5,0.996,11.64,125.1,0.0,273.2,273.6,274.8,0.979,272.4,0.748,272.5,0.921,274.3,0.024,13.5,2.0,3.0,0.0,33.31,141.6,329.6,330.8,0.0,4.026,4.542,504.6,523.2,0.2289999999999999,0.0,49.07,36.05,37.74,39.55,39.01,41.0,37.99,39.12,36.71,39.82,56.4,57.01,56.97,57.1,57.35,56.31,49.41,901.0,916.0,906.0,900.0,916.0,895.0,790.0,18.61,18.82,18.8,18.84,18.93,18.58,16.31,0.0,330.1,0.0,60.15,0.0,429.8,0.0,5.0,0.0,0.0,0.0,152.1,154.3,152.1,24.74,24.57,0.0,34.66,324.3,10.31,2.0,3.53,-1.0,3.352,6.4,4902
2014-09-07 15:17:00,182.6,181.7,182.3,816226.0,74.7,59.9,60.0,148.6,23528.0,341.0,74790.0,810716.0,146.4,0.995,15.21,147.2,0.0,273.2,273.5,274.6,0.979,272.0,0.748,272.1,0.921,274.0,0.021,13.5,2.0,3.0,0.0,33.29,165.0,327.2,328.6,0.0,4.7010000000000005,5.329,596.9,623.5,0.2289999999999999,0.0,48.99,34.8,37.42,38.82,37.98,40.25,37.17,38.25,35.23,38.83,67.64,68.33,67.86,67.88,68.4,67.25,58.54,901.0,917.0,907.0,900.0,917.0,896.0,790.0,22.16,22.38,22.23,22.24,22.41,22.03,19.18,0.0,327.7,0.0,60.14,0.0,504.6,0.0,5.0,0.0,0.0,0.0,179.8,181.4,179.7,24.41,24.27,0.0,33.45,3.214,25.6,2.0,3.53,-1.0,3.143,5.3,4902
2014-09-07 15:18:00,202.1,200.8,201.4,816229.0,74.7,59.9,60.0,164.7,23528.0,341.0,74790.0,810719.0,162.9,0.994,17.92,163.9,0.0,273.3,273.6,274.7,0.979,272.0,0.748,272.0,0.921,274.0,0.019,13.5,2.0,3.0,0.0,33.26,182.5,327.1,327.7,0.0,5.222,5.937,663.0,690.9,0.23,0.0,48.93,34.99,37.4,38.8,37.83,39.6,37.27,38.24,35.11,38.57,75.15999999999998,75.70999999999998,75.4,75.39,75.69,74.84,64.99,902.0,917.0,907.0,900.0,917.0,896.0,790.0,24.6,24.78,24.68,24.67,24.77,24.49,21.27,0.0,327.4,0.0,60.15,0.0,558.0,0.0,5.0,0.0,0.0,0.0,200.6,201.2,200.2,24.41,24.27,0.0,33.46,11.66,18.68,2.0,3.53,-1.0,2.863,4.9,4902
2014-09-07 15:19:00,193.4,192.3,192.8,816231.0,74.7,59.9,60.0,157.6,23528.0,341.0,74791.0,810722.0,155.9,0.994,16.77,156.8,0.0,273.3,273.9,275.0,0.979,272.5,0.748,272.9,0.921,274.0,0.018,13.5,2.0,3.0,0.0,33.21,174.5,324.3,324.9,0.0,5.019,5.697,635.5,662.8,0.23,0.0,48.88,35.69,37.49,38.98,38.07,39.18,37.66,38.51,35.37,38.9,72.54,73.03,72.73999999999998,72.70999999999998,73.01,72.23999999999998,62.64,902.0,917.0,908.0,901.0,918.0,897.0,791.0,23.52,23.68,23.58,23.58,23.67,23.42,20.31,0.0,324.5,0.0,60.14,0.0,538.5,0.0,5.0,0.0,0.0,0.0,191.6,192.6,191.3,24.82,24.74,0.0,34.44,348.0,42.03,2.0,3.528,-1.0,1.625,3.0,4902
2014-09-07 15:20:00,203.1,201.8,202.3,816234.0,74.7,59.9,60.0,165.8,23528.0,341.0,74791.0,810724.0,164.0,0.994,18.1,165.0,0.0,273.7,273.9,275.1,0.979,272.8,0.748,273.0,0.921,274.0,0.017,13.5,2.0,3.0,0.0,33.17,184.1,330.4,331.5,0.0,5.272,5.986000000000001,668.2,696.5,0.23,0.0,48.8,36.27,37.96,39.31,38.46,39.89,37.89,38.89,36.1,39.48,74.81,75.43,75.12999999999998,75.08,75.39,74.51,64.73,903.0,918.0,908.0,901.0,918.0,897.0,791.0,24.75,24.95,24.85,24.84,24.94,24.65,21.41,0.0,330.9,0.0,60.14,0.0,557.2,0.0,5.0,0.0,0.0,0.0,201.7,202.4,201.3,24.64,24.42,0.0,34.83,326.5,25.86,2.0,3.53,-1.0,1.81,3.4,4902
2014-09-07 15:21:00,202.7,201.2,201.8,816237.0,74.7,59.9,60.0,165.3,23528.0,341.0,74791.0,810727.0,163.5,0.994,18.0,164.5,0.0,273.6,273.9,275.0,0.979,272.3,0.748,273.0,0.921,274.0,0.017,13.5,2.0,3.0,0.0,33.14,183.9,332.8,333.8,0.0,5.257000000000001,5.9670000000000005,665.5,694.2,0.23,0.0,48.7,36.36,38.18,39.29,38.22,40.01,37.65,38.71,35.35,39.23,74.06999999999998,74.65,74.34,74.29999999999998,74.65999999999998,73.7,64.04,903.0,918.0,908.0,902.0,919.0,897.0,792.0,24.69,24.88,24.78,24.76,24.88,24.56,21.34,0.0,333.3,0.0,60.14,0.0,552.4,0.0,5.0,0.0,0.0,0.0,201.1,201.8,200.7,24.72,24.55,0.0,34.22,356.9,18.73,2.0,3.53,-1.0,3.818,5.1,4902
2014-09-07 15:22:00,198.1,197.0,197.5,816239.0,74.7,59.9,60.0,161.7,23528.0,341.0,74791.0,810730.0,159.8,0.994,17.38,160.7,0.0,273.7,273.9,274.9,0.979,272.8,0.748,272.9,0.921,274.0,0.017,13.5,2.0,3.0,0.0,33.1,180.3,336.7,338.3,0.0,5.145,5.834,650.1,679.0,0.23,0.0,48.6,36.46,37.99,39.13,38.1,39.6,37.71,38.64,34.82,39.1,71.57,72.18,71.96,71.88,72.15999999999998,71.24,61.94,903.0,919.0,909.0,902.0,919.0,898.0,792.0,24.1,24.31,24.23,24.2,24.3,23.99,20.86,0.0,336.8,0.0,60.14,0.0,535.7,0.0,5.0,0.0,0.0,0.0,196.4,197.3,196.0,24.9,24.71,0.0,34.18,359.2,35.23,2.0,3.53,-1.0,2.99,4.7,4902
2014-09-07 15:23:00,200.3,198.9,199.5,816242.0,74.7,59.9,60.0,163.4,23528.0,341.0,74792.0,810733.0,161.6,0.994,17.69,162.5,0.0,273.5,273.9,274.9,0.979,272.6,0.748,272.8,0.921,274.0,0.017,13.5,2.0,3.0,0.0,33.07,181.8,334.0,334.8,0.0,5.197,5.895,654.5,682.6,0.23,0.0,48.52,36.38,37.81,38.73,37.8,39.49,37.5,38.27,34.6,38.78,72.73,73.23,73.22,73.15,73.26999999999998,72.56,63.06,904.0,919.0,909.0,902.0,919.0,898.0,792.0,24.31,24.48,24.48,24.45,24.49,24.26,21.08,0.0,334.3,0.0,60.14,0.0,544.5,0.0,5.0,0.0,0.0,0.0,198.7,199.5,198.3,25.08,24.92,0.0,34.29,343.6,19.79,2.0,3.53,-1.0,3.28,5.2,4902
2014-09-07 15:24:00,176.1,175.2,175.8,816244.0,74.7,59.9,60.0,143.4,23528.0,341.0,74792.0,810735.0,141.6,0.995,14.42,142.3,0.0,273.3,273.9,274.9,0.979,273.0,0.748,273.0,0.921,274.0,0.017,13.5,2.0,3.0,0.0,33.04,160.8,337.5,338.3,0.0,4.572,5.162000000000001,573.1,600.3,0.2289999999999999,0.0,48.47,35.82,37.4,38.44,37.49,39.05,37.13,37.94,34.47,38.19,63.32,63.81,63.61,63.51,63.78,62.97,54.71,904.0,919.0,910.0,903.0,920.0,899.0,793.0,21.35,21.52,21.45,21.41,21.5,21.23,18.45,0.0,337.7,0.0,60.15,0.0,477.2,0.0,5.0,0.0,0.0,0.0,173.7,175.2,173.4,25.04,24.87,0.0,34.15,335.0,13.09,2.0,3.528,-1.0,3.757,5.3,4902
2014-09-07 15:25:00,173.4,172.7,173.2,816247.0,74.7,59.9,60.0,141.2,23528.0,341.0,74792.0,810737.0,139.3,0.995,14.06,140.0,0.0,273.6,273.9,274.9,0.979,273.0,0.748,273.0,0.921,274.0,0.017,13.5,2.0,3.0,0.0,33.02,158.1,333.8,335.2,0.0,4.487,5.062,561.6,590.5,0.2289999999999999,0.0,48.41,34.73,36.88,38.06,37.25,38.9,36.69,37.69,34.58,37.87,63.17,63.58,63.05,62.8,63.21,62.62,53.97,905.0,920.0,910.0,903.0,920.0,899.0,793.0,21.09,21.22,21.05,20.96,21.1,20.9,18.01,0.0,333.9,0.0,60.14,0.0,473.7,0.0,5.0,0.0,0.0,0.0,170.7,172.6,170.5,24.46,24.28,0.0,33.2,336.5,19.1,2.0,3.528,-1.0,2.55,4.7,4902
2014-09-07 15:26:00,179.3,178.6,179.1,816249.0,74.7,59.9,60.0,145.8,23528.0,341.0,74792.0,810740.0,143.8,0.995,14.85,144.5,0.0,273.1,273.1,274.1,0.979,272.2,0.748,272.2,0.921,273.2,0.017,13.5,2.0,3.0,0.0,32.98,162.0,327.5,328.9,0.0,4.628,5.228,581.6,612.6,0.2289999999999999,0.0,48.31,34.14,36.85,37.91,37.01,38.72,36.42,37.51,34.57,37.67,66.28,66.87,66.5,66.44,66.92,65.98,57.23,905.0,920.0,910.0,904.0,920.0,899.0,793.0,21.72,21.92,21.79,21.78,21.93,21.63,18.76,0.0,328.0,0.0,60.15,0.0,494.9,0.0,5.0,0.0,0.0,0.0,176.6,178.4,176.5,24.32,24.25,0.0,33.15,349.3,14.45,2.0,3.528,-1.0,2.815,4.6,4902
2014-09-07 15:27:00,186.1,185.1,185.7,816252.0,74.7,59.9,60.0,151.2,23528.0,341.0,74793.0,810742.0,149.2,0.994,15.78,150.1,0.0,272.6,272.9,273.9,0.979,272.0,0.748,272.0,0.921,273.0,0.017,13.5,2.0,3.0,0.0,32.94,167.0,322.5,323.5,0.0,4.82,5.457000000000001,604.8,634.0,0.2289999999999999,0.0,48.29,34.1,37.13,38.15,37.11,38.97,36.47,37.65,34.64,38.09,69.41,69.84,69.88,69.91,70.04,69.4,60.32,905.0,921.0,911.0,904.0,921.0,900.0,793.0,22.42,22.56,22.57,22.58,22.62,22.42,19.48,0.0,323.1,0.0,60.14,0.0,518.0,0.0,5.0,0.0,0.0,0.0,183.8,185.2,183.6,24.56,24.52,0.0,33.04,341.4,27.84,2.0,3.53,-1.0,1.967,2.9,4902
2014-09-07 15:28:00,188.1,187.1,187.7,816254.0,74.7,59.9,60.0,152.9,23528.0,341.0,74793.0,810745.0,150.9,0.994,16.05,151.7,0.0,272.9,273.0,274.0,0.979,272.0,0.748,272.0,0.921,273.0,0.016,13.5,2.0,3.0,0.0,32.91,169.2,324.6,325.4,0.0,4.863,5.505,611.8,643.6,0.2289999999999999,0.0,48.18,34.56,37.1,38.22,37.4,39.28,36.52,37.69,34.67,38.4,70.0,70.53,70.33,70.34,70.65,69.83,60.65,906.0,921.0,911.0,904.0,921.0,900.0,794.0,22.75,22.92,22.86,22.86,22.96,22.69,19.71,0.0,325.0,0.0,60.14,0.0,521.3,0.0,5.0,0.0,0.0,0.0,185.8,187.1,185.6,24.65,24.6,0.0,33.6,332.6,25.25,2.0,3.53,-1.0,2.245,3.4,4902
2014-09-07 15:29:00,193.8,192.5,193.2,816257.0,74.7,59.9,60.0,157.5,23528.0,341.0,74793.0,810747.0,155.6,0.994,16.82,156.5,0.0,273.0,273.1,274.0,0.979,272.0,0.748,272.0,0.921,273.0,0.016,13.5,2.0,3.0,0.0,32.87,174.5,327.0,328.1,0.0,5.01,5.678,629.7,663.2,0.23,0.0,48.11,35.14,37.02,38.08,37.15,39.32,36.5,37.57,34.16,38.26,71.7,72.19,71.96,71.88,72.17,71.46,61.92,906.0,921.0,911.0,905.0,922.0,900.0,794.0,23.47,23.64,23.56,23.54,23.63,23.4,20.27,0.0,327.5,0.0,60.14,0.0,533.6,0.0,5.0,0.0,0.0,0.0,191.7,192.8,191.5,24.86,24.72,0.0,33.93,356.1,19.11,2.0,3.528,-1.0,2.838,5.0,4902
2014-09-07 15:30:00,187.6,186.7,187.2,816259.0,74.7,59.9,60.0,152.5,23528.0,341.0,74794.0,810750.0,150.6,0.994,15.96,151.5,0.0,273.0,272.8,273.8,0.979,272.0,0.748,272.0,0.921,273.0,0.016,13.5,2.0,3.0,0.0,32.84,170.3,335.4,337.7,0.0,4.839,5.48,606.0,637.3,0.2289999999999999,0.0,48.08,34.84,37.16,38.17,37.08,39.29,36.52,37.68,34.41,38.36,67.59,68.06,67.88,67.73,67.98,67.36,58.35,906.0,922.0,912.0,905.0,922.0,901.0,794.0,22.67,22.83,22.77,22.72,22.8,22.6,19.57,0.0,335.5,0.0,60.13,0.0,507.9,0.0,5.0,0.0,0.0,0.0,185.5,186.9,185.2,24.73,24.6,0.0,33.56,316.4,31.84,2.0,3.53,-1.0,2.597,4.3,4902
2014-09-07 15:31:00,188.9,187.7,188.3,816262.0,74.7,59.9,60.0,153.4,23528.0,341.0,74794.0,810752.0,151.4,0.994,16.08,152.2,0.0,272.7,272.9,273.9,0.979,272.0,0.748,272.0,0.921,273.0,0.016,13.5,2.0,3.0,0.0,32.8,171.1,335.0,336.0,0.0,4.856,5.495,610.0,643.9,0.2289999999999999,0.0,48.01,33.99,36.81,37.89,36.81,39.09,36.09,37.4,34.42,38.28,68.12,68.85,68.53,68.47,68.92,67.89,59.05,907.0,922.0,912.0,905.0,922.0,901.0,795.0,22.83,23.08,22.97,22.95,23.1,22.75,19.79,0.0,335.4,0.0,60.14,0.0,511.0,0.0,5.0,0.0,0.0,0.0,186.5,187.8,186.2,24.35,24.28,0.0,32.95,347.8,43.75,2.0,3.53,-1.0,2.823,4.3,4902
2014-09-07 15:32:00,193.0,191.9,192.5,816264.0,74.7,59.9,60.0,156.9,23528.0,341.0,74794.0,810755.0,155.0,0.994,16.69,155.9,0.0,272.8,273.0,274.0,0.979,272.0,0.748,271.9,0.921,273.0,0.016,13.5,2.0,3.0,0.0,32.77,174.9,334.7,336.1,0.0,4.973,5.632999999999999,624.0,658.5,0.2289999999999999,0.0,47.93,34.48,36.99,38.16,36.99,38.82,36.46,37.66,34.6,38.53,69.81,70.45,70.16,70.09,70.44,69.58,60.4,907.0,923.0,913.0,906.0,923.0,902.0,795.0,23.37,23.59,23.49,23.47,23.59,23.3,20.22,0.0,334.9,0.0,60.14,0.0,522.8,0.0,5.0,0.0,0.0,0.0,191.0,192.2,190.8,24.63,24.53,0.0,33.44,1.007,32.14,2.0,3.53,-1.0,2.2230000000000003,3.7,4902
2014-09-07 15:33:00,192.0,190.8,191.4,816267.0,74.7,59.9,60.0,156.1,23528.0,341.0,74794.0,810757.0,154.2,0.994,16.57,155.1,0.0,273.1,273.1,274.1,0.979,272.0,0.748,272.0,0.921,273.0,0.016,13.5,2.0,3.0,0.0,32.73,174.1,335.5,336.3,0.0,4.953,5.607,620.6,654.9,0.2289999999999999,0.0,47.9,35.13,37.17,38.23,37.02,38.72,36.82,37.69,34.53,38.44,69.2,69.79,69.58,69.51,69.8,69.0,59.9,908.0,923.0,913.0,906.0,923.0,902.0,795.0,23.24,23.44,23.37,23.35,23.44,23.18,20.12,0.0,335.9,0.0,60.14,0.0,519.0,0.0,5.0,0.0,0.0,0.0,189.9,191.1,189.6,24.85,24.7,0.0,34.12,37.43,20.76,2.0,3.53,-1.0,3.237,5.6,4902
2014-09-07 15:34:00,190.8,189.8,190.3,816269.0,74.7,59.9,60.0,155.3,23528.0,341.0,74795.0,810760.0,153.3,0.994,16.41,154.2,0.0,273.3,273.1,274.2,0.979,272.0,0.748,272.0,0.921,273.0,0.016,13.5,2.0,3.0,0.0,32.7,173.1,335.1,336.4,0.0,4.921,5.568,616.2,650.7,0.2289999999999999,0.0,47.82,35.7,36.82,38.15,37.06,38.05,37.09,37.79,34.58,38.28,68.85,69.45,69.3,69.23,69.46,68.72,59.67,908.0,923.0,913.0,907.0,923.0,902.0,796.0,23.1,23.3,23.25,23.22,23.3,23.05,20.02,0.0,335.5,0.0,60.14,0.0,516.7,0.0,5.0,0.0,0.0,0.0,188.7,189.9,188.4,24.96,24.73,0.0,34.52,47.1,17.02,2.0,3.528,-1.0,2.768,4.2,4902
2014-09-07 15:35:00,184.3,183.3,183.8,816272.0,74.7,59.9,60.0,149.8,23528.0,341.0,74795.0,810762.0,148.0,0.995,15.52,148.8,0.0,272.9,273.4,274.4,0.979,272.0,0.748,272.0,0.921,273.0,0.016,13.5,2.0,3.0,0.0,32.67,167.8,338.7,339.3,0.0,4.777,5.402,595.9,630.2,0.2289999999999999,0.0,47.78,36.53,37.03,38.3,37.26,37.66,37.57,38.01,34.93,38.54,65.83,66.33,66.02,65.76,66.04,65.55,56.53,908.0,924.0,914.0,907.0,924.0,903.0,796.0,22.32,22.49,22.38,22.29,22.39,22.22,19.16,0.0,339.2,0.0,60.14,0.0,495.7,0.0,5.0,0.0,0.0,0.0,182.0,183.5,181.7,24.98,24.73,0.0,35.5,47.55,42.43,2.0,3.528,-1.0,1.338,2.2,4902
2014-09-07 15:36:00,175.4,174.6,175.1,816274.0,74.7,59.9,60.0,142.5,23528.0,341.0,74795.0,810765.0,140.5,0.995,14.28,141.3,0.0,273.0,273.2,274.2,0.979,272.0,0.748,272.0,0.921,273.0,0.016,13.5,2.0,3.0,0.0,32.65,160.3,341.8,342.4,0.0,4.545,5.13,567.8,599.4,0.2289999999999999,0.0,47.72,37.18,37.45,38.71,37.6,37.79,38.05,38.32,35.73,38.68,61.78,62.47,62.42,62.33,62.6,61.73,53.75,909.0,924.0,914.0,907.0,924.0,903.0,796.0,21.12,21.35,21.34,21.31,21.4,21.1,18.37,0.0,341.9,0.0,60.16,0.0,469.1,0.0,5.0,0.0,0.0,0.0,172.6,174.4,172.4,25.13,24.98,0.0,36.22,1.157,29.79,2.0,3.528,-1.0,1.97,3.4,4902
2014-09-07 15:37:00,174.5,173.8,174.3,816277.0,74.7,59.9,60.0,141.9,23528.0,341.0,74795.0,810767.0,139.9,0.995,14.2,140.6,0.0,273.0,273.3,274.3,0.979,272.0,0.748,272.0,0.921,273.2,0.016,13.5,2.0,3.0,0.0,32.62,158.9,335.9,336.9,0.0,4.511,5.091,563.1,596.5,0.228,0.0,47.69,37.21,37.54,38.96,37.83,37.99,38.24,38.45,35.84,38.67,62.71,63.31,63.07,62.98,63.29,62.51,54.28,909.0,924.0,915.0,908.0,925.0,903.0,797.0,21.08,21.28,21.2,21.17,21.28,21.01,18.25,0.0,336.2,0.0,60.15,0.0,473.3,0.0,5.0,0.0,0.0,0.0,171.7,173.6,171.6,25.29,25.16,0.0,36.01,58.46,52.13,2.0,3.528,-1.0,1.6469999999999998,3.4,4902
2014-09-07 15:38:00,185.5,184.6,185.1,816279.0,74.7,59.9,60.0,150.9,23528.0,341.0,74796.0,810770.0,149.0,0.995,15.67,149.8,0.0,273.0,273.4,274.4,0.979,272.0,0.748,272.0,0.921,273.2,0.016,13.5,2.0,3.0,0.0,32.56,168.3,332.4,332.9,0.0,4.802,5.434,600.5,636.2,0.2289999999999999,0.0,47.62,37.64,37.66,39.11,38.06,38.0,38.49,38.69,36.04,38.86,67.45,68.03,67.81,67.71,68.05,67.28,58.34,909.0,925.0,915.0,908.0,925.0,904.0,797.0,22.44,22.63,22.56,22.53,22.64,22.38,19.41,0.0,332.7,0.0,60.14,0.0,506.4,0.0,5.0,0.0,0.0,0.0,183.2,184.6,182.9,25.16,24.9,0.0,36.48,58.11,42.85,2.0,3.53,-1.0,1.598,2.8,4902
2014-09-07 15:39:00,184.3,183.3,183.8,816282.0,74.7,59.9,60.0,149.8,23528.0,341.0,74796.0,810772.0,147.9,0.995,15.5,148.7,0.0,272.8,273.2,274.2,0.979,272.0,0.748,272.0,0.921,273.0,0.016,13.5,2.0,3.0,0.0,32.55,167.5,334.5,336.4,0.0,4.77,5.396,595.8,630.5,0.2289999999999999,0.0,47.54,38.22,37.93,39.29,38.13,37.92,38.9,38.89,36.41,39.26,66.43,66.97,66.92,66.84,67.05,66.35,57.59,910.0,925.0,915.0,908.0,925.0,904.0,797.0,22.24,22.42,22.4,22.38,22.45,22.21,19.28,0.0,334.8,0.0,60.14,0.0,500.7,0.0,5.0,0.0,0.0,0.0,181.9,183.4,181.7,25.08,24.84,0.0,37.03,77.5,17.89,2.0,3.53,-1.0,2.48,4.3,4902
2014-09-07 15:40:00,170.5,169.9,170.4,816284.0,74.7,59.9,60.0,138.5,23528.0,341.0,74796.0,810774.0,136.7,0.995,13.65,137.3,0.0,272.9,273.1,274.2,0.979,272.0,0.748,272.0,0.921,273.1,0.016,13.5,2.0,3.0,0.0,32.54,155.5,337.6,338.5,0.0,4.42,4.9910000000000005,549.9,580.1,0.2289999999999999,0.0,47.52,38.45,37.8,39.27,38.07,37.64,38.96,38.79,36.23,38.99,60.46,61.0,61.15,61.1,61.19,60.52,52.68,910.0,925.0,916.0,909.0,926.0,904.0,798.0,20.45,20.63,20.68,20.66,20.69,20.47,17.82,0.0,338.3,0.0,60.15,0.0,460.8,0.0,5.0,0.0,0.0,0.0,167.8,169.8,167.6,25.17,25.01,0.0,37.32,54.51,21.31,2.0,3.53,-1.0,2.4130000000000003,4.2,4902
2014-09-07 15:41:00,166.8,166.1,166.7,816286.0,74.7,59.9,60.0,135.4,23528.0,341.0,74796.0,810777.0,133.4,0.995,13.11,134.1,0.0,272.7,273.1,274.1,0.979,272.0,0.748,272.0,0.921,273.0,0.016,13.5,2.0,3.0,0.0,32.51,151.9,334.8,335.5,0.0,4.315,4.868,537.8,569.8,0.2289999999999999,0.0,47.44,37.99,37.7,38.96,37.73,37.56,38.75,38.53,35.54,38.65,59.9,60.49,60.54,60.54,60.77,59.87,52.26,910.0,926.0,916.0,909.0,926.0,905.0,798.0,20.03,20.23,20.25,20.25,20.32,20.02,17.48,0.0,334.8,0.0,60.12,0.0,454.1,0.0,5.0,0.0,0.0,0.0,163.8,165.8,163.7,25.24,25.12,0.0,36.35,26.25,29.73,2.0,3.528,-1.0,2.05,3.4,4902
2014-09-07 15:42:00,176.8,175.8,176.4,816288.0,74.7,59.9,60.0,143.6,23528.0,341.0,74797.0,810779.0,141.6,0.995,14.48,142.3,0.0,272.9,273.2,274.2,0.979,272.0,0.748,272.0,0.921,273.0,0.016,13.5,2.0,3.0,0.0,32.51,159.7,327.9,328.3,0.0,4.579,5.178,571.2,606.2,0.2289999999999999,0.0,47.42,37.75,37.99,39.18,37.91,37.96,38.62,38.49,35.99,38.75,64.87,65.32,65.31,65.25,65.43,64.81,56.24,911.0,926.0,916.0,909.0,926.0,905.0,798.0,21.31,21.45,21.45,21.43,21.49,21.28,18.47,0.0,328.5,0.0,60.14,0.0,487.2,0.0,5.0,0.0,0.0,0.0,174.0,175.7,173.8,25.41,25.36,0.0,36.52,330.5,24.16,2.0,3.527,-1.0,1.817,2.6,4902
2014-09-07 15:43:00,168.4,167.8,168.3,816291.0,74.7,59.9,60.0,136.9,23528.0,341.0,74797.0,810781.0,135.0,0.995,13.43,135.6,0.0,273.1,273.2,274.3,0.979,272.0,0.748,272.0,0.921,273.6,0.016,13.5,2.0,3.0,0.0,32.5,152.4,324.1,325.1,0.0,4.397,4.964,546.4,582.6,0.228,0.0,47.33,38.16,38.15,39.16,37.96,38.32,38.35,38.43,35.71,38.65,62.83,63.23,63.0,62.91,63.12,62.58,54.2,911.0,927.0,917.0,910.0,927.0,905.0,799.0,20.35,20.48,20.4,20.37,20.45,20.27,17.55,0.0,324.0,0.0,60.17,0.0,470.4,0.0,5.0,0.0,0.0,0.0,165.6,167.6,165.6,25.66,25.62,0.0,37.02,356.6,16.76,2.0,3.53,-1.0,1.545,2.3,4902
2014-09-07 15:44:00,158.5,158.1,158.6,816293.0,74.7,59.9,60.0,128.7,23528.0,341.0,74797.0,810783.0,127.0,0.996,12.07,127.5,0.0,273.1,273.3,274.4,0.979,272.2,0.748,272.4,0.921,273.9,0.016,13.5,2.0,3.0,0.0,32.48,144.6,333.6,335.3,0.0,4.133,4.655,510.0,539.8,0.228,0.0,47.33,38.31,38.41,39.32,38.35,38.67,38.54,38.67,36.21,39.01,56.97,57.22,57.29,57.11,57.14,56.87,49.19,912.0,927.0,917.0,910.0,927.0,906.0,799.0,19.03,19.11,19.14,19.08,19.09,19.0,16.43,0.0,334.4,0.0,60.13,0.0,433.7,0.0,5.0,0.0,0.0,0.0,155.5,157.7,155.5,25.67,25.51,0.0,37.01,21.36,17.58,2.0,3.527,-1.0,1.777,3.3,4902
2014-09-07 15:45:00,131.3,131.4,131.9,816295.0,74.7,59.9,60.0,106.3,23528.0,341.0,74797.0,810785.0,104.9,0.997,8.529999999999998,105.2,0.0,272.9,273.0,274.1,0.979,272.0,0.748,272.1,0.921,273.8,0.016,13.5,2.0,3.0,0.0,32.48,121.3,336.4,337.6,0.0,3.439,3.845,422.1,448.4,0.2269999999999999,0.0,47.33,37.37,38.29,38.96,38.03,38.03,38.37,38.36,35.93,38.68,46.92,47.11,47.03,46.79,46.89,46.69,40.22,912.0,927.0,917.0,910.0,927.0,906.0,799.0,15.78,15.84,15.82,15.74,15.77,15.7,13.53,0.0,336.5,0.0,60.15,0.0,360.8,0.0,5.0,0.0,0.0,0.0,128.2,130.6,128.2,25.55,25.41,0.0,36.02,30.57,27.59,2.0,3.53,-1.0,2.01,3.4,4902
2014-09-07 15:46:00,112.4,112.7,113.0,816296.0,74.7,59.9,60.0,90.6,23528.0,341.0,74797.0,810787.0,89.4,0.998,6.075,89.59999999999998,0.0,272.4,273.0,274.2,0.979,272.0,0.748,272.2,0.921,274.0,0.016,13.5,2.0,3.0,0.0,32.48,105.3,341.0,342.5,0.0,2.957,3.292,361.4,381.9,0.226,0.0,47.26,37.12,37.37,38.36,37.46,37.42,37.78,37.64,35.72,37.9,38.97,39.37,39.71,39.74,39.71,39.1,34.44,912.0,927.0,917.0,911.0,928.0,906.0,799.0,13.3,13.43,13.55,13.56,13.55,13.34,11.75,0.0,341.5,0.0,60.15,0.0,309.0,0.0,5.0,0.0,0.0,0.0,109.2,111.4,109.0,25.83,25.72,0.0,36.08,19.72,35.99,2.0,3.528,-1.0,1.205,2.2,4902
2014-09-07 15:47:00,132.2,132.3,132.7,816298.0,74.7,59.9,60.0,107.0,23528.0,341.0,74797.0,810788.0,105.4,0.997,8.64,105.8,0.0,273.2,273.1,274.3,0.979,272.6,0.748,272.8,0.921,274.0,0.016,13.5,2.0,3.0,0.0,32.48,121.6,334.3,335.2,0.0,3.41,3.819,424.1,454.0,0.226,0.0,47.23,36.36,37.1,38.12,37.17,36.99,37.56,37.37,35.49,37.69,47.42,48.14,48.09,48.2,48.6,47.42,41.75,912.0,928.0,918.0,911.0,928.0,907.0,800.0,15.83,16.07,16.05,16.09,16.22,15.83,13.94,0.0,334.3,0.0,60.15,0.0,364.5,0.0,5.0,0.0,0.0,0.0,128.7,131.1,128.7,25.35,25.1,0.0,35.13,40.38,20.45,2.0,3.528,-1.0,1.935,3.4,4902
2014-09-07 15:48:00,164.2,163.7,164.2,816300.0,74.7,59.9,60.0,133.4,23528.0,341.0,74798.0,810790.0,131.6,0.995,12.87,132.2,0.0,273.3,273.3,274.5,0.979,272.1,0.748,272.2,0.921,274.0,0.016,13.5,2.0,3.0,0.0,32.48,148.7,326.7,328.1,0.0,4.262,4.817,527.9,562.5,0.228,0.0,47.23,36.93,37.17,37.91,36.75,37.11,37.35,37.25,35.05,37.64,60.5,60.72,60.83,60.68,60.69,60.5,52.29,913.0,928.0,918.0,911.0,928.0,907.0,800.0,19.76,19.83,19.86,19.81,19.82,19.75,17.07,0.0,326.9,0.0,60.15,0.0,455.7,0.0,5.0,0.0,0.0,0.0,161.2,163.4,161.2,25.43,25.22,0.0,35.86,331.3,39.96,2.0,3.528,-1.0,1.715,3.3,4902
2014-09-07 15:49:00,168.7,168.1,168.6,816302.0,74.7,59.9,60.0,137.2,23528.0,341.0,74798.0,810793.0,135.2,0.995,13.48,135.9,0.0,273.1,273.5,274.5,0.979,272.0,0.748,272.1,0.921,274.0,0.016,13.5,2.0,3.0,0.0,32.45,152.9,329.1,330.4,0.0,4.355,4.914,542.4,581.4,0.228,0.0,47.16,36.57,36.83,37.71,36.52,37.17,36.81,37.04,34.61,37.44,61.8,62.31,62.25,62.24,62.54,61.71,53.7,913.0,928.0,918.0,912.0,928.0,907.0,800.0,20.36,20.53,20.51,20.51,20.6,20.33,17.69,0.0,329.6,0.0,60.15,0.0,464.7,0.0,5.0,0.0,0.0,0.0,165.7,167.9,165.7,25.22,24.96,0.0,34.73,354.9,21.01,2.0,3.53,-1.0,3.0580000000000003,4.9,4902
2014-09-07 15:50:00,170.6,170.0,170.5,816305.0,74.7,59.9,60.0,138.8,23528.0,341.0,74798.0,810795.0,136.8,0.995,13.71,137.5,0.0,273.6,273.5,274.6,0.979,272.3,0.748,272.6,0.921,274.0,0.016,13.5,2.0,3.0,0.0,32.44,155.4,335.7,336.8,0.0,4.41,4.971,546.3,584.5,0.228,0.0,47.13,36.32,36.62,37.62,36.57,37.16,36.86,37.15,34.6,37.37,61.2,61.62,61.64,61.58,61.78,61.11,53.1,913.0,929.0,919.0,912.0,929.0,908.0,800.0,20.56,20.71,20.71,20.69,20.76,20.53,17.84,0.0,336.1,0.0,60.15,0.0,463.0,0.0,5.0,0.0,0.0,0.0,167.6,169.7,167.5,24.97,24.76,0.0,34.43,358.6,14.05,2.0,3.528,-1.0,2.435,4.2,4902
2014-09-07 15:51:00,174.2,173.6,174.0,816307.0,74.7,59.9,60.0,141.5,23528.0,341.0,74798.0,810797.0,139.5,0.995,14.17,140.2,0.0,272.8,272.9,274.0,0.979,272.0,0.748,272.1,0.921,273.1,0.016,13.5,2.0,3.0,0.0,32.44,158.4,336.1,337.1,0.0,4.505,5.075,556.9,596.9,0.228,0.0,47.06,36.25,36.73,37.64,36.58,37.32,36.79,37.09,34.58,37.5,62.37,62.8,62.78,62.65,62.87,62.27,54.01,914.0,929.0,919.0,912.0,929.0,908.0,801.0,20.98,21.12,21.12,21.07,21.15,20.95,18.17,0.0,336.4,0.0,60.15,0.0,471.4,0.0,5.0,0.0,0.0,0.0,171.3,173.3,171.2,24.87,24.67,0.0,34.61,22.83,23.07,2.0,3.53,-1.0,1.7919999999999998,3.2,4902
2014-09-07 15:52:00,161.5,160.9,161.4,816309.0,74.7,59.9,60.0,130.9,23528.0,341.0,74799.0,810799.0,129.1,0.995,12.47,129.7,0.0,272.3,272.9,274.0,0.979,272.0,0.748,272.0,0.921,273.0,0.016,13.5,2.0,3.0,0.0,32.41,147.8,341.6,343.2,0.0,4.194,4.709,516.3,552.8,0.228,0.0,47.03,36.61,36.76,37.74,36.83,37.22,36.97,37.24,34.92,37.55,56.74,57.1,57.24,57.11,57.2,56.67,49.27,914.0,929.0,919.0,913.0,929.0,908.0,801.0,19.39,19.51,19.56,19.51,19.54,19.36,16.83,0.0,341.8,0.0,60.19,0.0,432.8,0.0,5.0,0.0,0.0,0.0,158.4,160.7,158.3,25.15,25.05,0.0,35.13,358.7,12.76,2.0,3.53,-1.0,2.727,4.1,4902
2014-09-07 15:53:00,170.5,170.0,170.5,816311.0,74.7,59.9,60.0,138.5,23528.0,341.0,74799.0,810802.0,136.4,0.995,13.65,137.1,0.0,272.9,272.8,273.9,0.979,272.0,0.748,272.0,0.921,273.0,0.016,13.5,2.0,3.0,0.0,32.4,155.1,336.3,339.1,0.0,4.4110000000000005,4.959,544.0,584.4,0.228,0.0,47.03,36.69,36.59,37.53,36.68,37.27,36.76,37.16,34.71,37.2,61.03,61.43,61.52,61.45,61.6,60.96,53.04,914.0,930.0,920.0,913.0,930.0,909.0,801.0,20.51,20.65,20.68,20.65,20.7,20.49,17.83,0.0,336.1,0.0,60.14,0.0,461.3,0.0,5.0,0.0,0.0,0.0,167.5,169.6,167.4,25.27,25.09,0.0,35.19,348.0,10.74,2.0,3.528,-1.0,2.8480000000000003,3.8,4902
2014-09-07 15:54:00,170.6,170.0,170.5,816314.0,74.7,59.9,60.0,138.5,23528.0,341.0,74799.0,810804.0,136.5,0.995,13.67,137.2,0.0,272.8,272.9,274.0,0.979,272.0,0.748,272.0,0.921,273.0,0.016,13.5,2.0,3.0,0.0,32.4,155.2,336.8,340.2,0.0,4.42,4.969,544.0,585.2,0.228,0.0,46.97,36.52,36.46,37.62,36.77,37.45,36.76,37.39,34.89,37.12,60.83,61.23,61.35,61.24,61.37,60.78,52.84,915.0,930.0,920.0,913.0,930.0,909.0,802.0,20.52,20.65,20.69,20.65,20.7,20.5,17.82,0.0,337.3,0.0,60.14,0.0,460.8,0.0,5.0,0.0,0.0,0.0,167.6,169.7,167.5,24.9,24.61,0.0,34.52,359.8,21.97,2.0,3.53,-1.0,1.707,2.7,4902
2014-09-07 15:55:00,169.2,168.5,169.1,816316.0,74.7,59.9,60.0,137.3,23528.0,341.0,74799.0,810806.0,135.2,0.995,13.47,135.9,0.0,272.6,272.9,274.0,0.979,272.0,0.748,272.0,0.921,273.0,0.016,13.5,2.0,3.0,0.0,32.4,154.0,337.5,341.0,0.0,4.383,4.925,539.1,580.3,0.228,0.0,46.93,36.5,36.56,38.05,37.03,37.31,37.15,37.62,35.18,37.31,60.22,60.61,60.71,60.61,60.74,60.18,52.32,915.0,930.0,920.0,914.0,931.0,909.0,802.0,20.32,20.45,20.49,20.45,20.5,20.31,17.65,0.0,337.5,0.0,60.12,0.0,456.3,0.0,5.0,0.0,0.0,0.0,166.1,168.2,166.0,25.02,24.82,0.0,34.67,6.121,19.45,2.0,3.528,-1.0,1.4980000000000002,2.4,4902
2014-09-07 15:56:00,167.4,167.0,167.5,816318.0,74.7,59.9,60.0,135.9,23528.0,341.0,74799.0,810808.0,133.9,0.995,13.23,134.6,0.0,272.3,273.1,274.1,0.979,272.0,0.748,272.0,0.921,273.0,0.016,13.5,2.0,3.0,0.0,32.4,152.3,336.7,338.0,0.0,4.341,4.879,533.7,575.4,0.228,0.0,46.93,36.57,36.43,38.03,36.86,37.2,37.18,37.48,34.8,37.57,59.67,60.05,60.18,60.1,60.19,59.64,51.87,915.0,931.0,921.0,914.0,931.0,910.0,802.0,20.12,20.24,20.29,20.26,20.29,20.11,17.49,0.0,337.1,0.0,60.13,0.0,452.3,0.0,5.0,0.0,0.0,0.0,164.4,166.5,164.3,24.98,24.76,0.0,34.86,358.6,25.81,2.0,3.53,-1.0,1.92,3.0,4902
2014-09-07 15:57:00,164.6,164.2,164.7,816320.0,74.7,59.9,60.0,133.7,23528.0,341.0,74800.0,810811.0,131.7,0.995,12.88,132.4,0.0,272.7,273.2,274.3,0.979,272.0,0.748,272.0,0.921,273.0,0.016,13.5,2.0,3.0,0.0,32.4,150.2,337.9,338.9,0.0,4.272,4.804,524.7,566.3,0.228,0.0,46.93,36.25,36.39,37.97,36.75,36.81,37.27,37.44,34.89,37.47,58.42,58.82,58.96,58.91,58.96,58.41,50.85,916.0,931.0,921.0,914.0,931.0,910.0,802.0,19.77,19.9,19.95,19.93,19.95,19.77,17.21,0.0,338.4,0.0,60.13,0.0,444.5,0.0,5.0,0.0,0.0,0.0,161.6,163.8,161.5,24.76,24.52,0.0,34.05,36.4,28.94,2.0,3.528,-1.0,2.688,4.9,4902
2014-09-07 15:58:00,159.8,159.5,160.0,816322.0,74.7,59.9,60.0,129.8,23528.0,341.0,74800.0,810813.0,127.9,0.995,12.25,128.5,0.0,273.2,272.9,274.0,0.979,272.0,0.748,272.0,0.921,273.1,0.016,13.5,2.0,3.0,0.0,32.37,146.0,338.1,340.0,0.0,4.15,4.67,509.1,549.9,0.228,0.0,46.93,36.53,36.45,37.66,36.56,36.39,37.2,37.19,34.57,37.41,56.62,57.0,57.17,57.1,57.12,56.65,49.29,916.0,931.0,921.0,915.0,931.0,910.0,803.0,19.18,19.31,19.37,19.34,19.35,19.19,16.7,0.0,338.8,0.0,60.14,0.0,431.8,0.0,5.0,0.0,0.0,0.0,156.8,159.1,156.8,24.94,24.71,0.0,34.95,44.07,18.89,2.0,3.528,-1.0,1.922,3.2,4902
2014-09-07 15:59:00,147.4,147.2,147.8,816324.0,74.7,59.9,60.0,119.5,23528.0,341.0,74800.0,810815.0,117.9,0.996,10.62,118.4,0.0,272.8,273.1,274.2,0.979,272.0,0.748,272.0,0.921,273.1,0.016,13.5,2.0,3.0,0.0,32.37,135.4,340.0,341.3,0.0,3.84,4.319,469.6,508.4,0.2269999999999999,0.0,46.87,36.64,36.41,37.55,36.45,36.35,37.13,37.12,34.64,37.36,52.07,52.34,52.35,52.16,52.25,51.93,44.91,916.0,932.0,922.0,915.0,932.0,911.0,803.0,17.72,17.82,17.82,17.76,17.79,17.68,15.29,0.0,340.5,0.0,60.15,0.0,398.3,0.0,5.0,0.0,0.0,0.0,144.3,146.7,144.4,25.19,25.08,0.0,35.18,22.69,46.35,2.0,3.53,-1.0,1.848,3.3,4902
2014-09-07 16:00:00,144.5,144.3,144.8,816326.0,74.7,59.9,60.0,117.0,23528.0,341.0,74800.0,810817.0,115.4,0.996,10.23,115.9,0.0,272.7,273.0,274.2,0.979,272.0,0.748,272.0,0.921,273.2,0.016,13.5,2.0,3.0,0.0,32.37,132.6,338.7,339.9,0.0,3.736,4.203,458.8,497.5,0.2269999999999999,0.0,46.84,36.43,35.98,37.21,36.1,35.98,36.74,36.81,34.25,36.99,50.77,51.41,51.62,51.72,51.96,50.92,44.82,917.0,932.0,922.0,915.0,932.0,911.0,803.0,17.22,17.43,17.5,17.54,17.62,17.27,15.2,0.0,339.2,0.0,60.15,0.0,391.5,0.0,5.0,0.0,0.0,0.0,141.3,143.7,141.3,25.13,24.89,0.0,34.75,65.64,34.18,2.0,3.53,-1.0,2.207,4.1,4902
2014-09-07 16:01:00,149.4,149.3,149.7,816328.0,74.7,59.9,60.0,121.1,23528.0,341.0,74800.0,810819.0,119.5,0.996,10.88,120.0,0.0,272.7,273.1,274.2,0.979,272.0,0.748,272.0,0.921,273.4,0.016,13.5,2.0,3.0,0.0,32.37,136.6,335.6,336.3,0.0,3.865,4.3580000000000005,474.1,511.7,0.2269999999999999,0.0,46.84,36.28,35.88,37.15,36.1,35.82,36.56,36.58,34.19,36.91,53.54,53.61,53.8,53.57,53.36,53.5,46.1,917.0,932.0,922.0,915.0,932.0,911.0,803.0,17.96,17.99,18.05,17.97,17.91,17.95,15.47,0.0,335.6,0.0,60.14,0.0,407.3,0.0,5.0,0.0,0.0,0.0,146.3,148.7,146.3,25.01,24.75,0.0,34.63,43.09,20.36,2.0,3.53,-1.0,1.875,2.7,4902
2014-09-07 16:02:00,95.8,96.1,96.4,816330.0,74.7,59.9,60.0,76.7,23528.0,341.0,74800.0,810820.0,75.87,0.999,3.975,75.98,0.0,272.2,272.7,273.9,0.979,272.0,0.748,272.0,0.921,273.8,0.016,13.5,2.0,3.0,0.0,32.34,91.3,340.6,342.8,0.0,2.53,2.818,305.9,328.1,0.225,0.0,46.8,35.82,35.63,36.6,35.7,35.24,36.32,36.16,34.14,36.53,34.11,33.65,33.54,32.97,32.74,33.65,28.1,917.0,932.0,923.0,916.0,933.0,911.0,804.0,11.63,11.48,11.44,11.24,11.17,11.47,9.58,0.0,341.2,0.0,60.14,0.0,268.2,0.0,5.0,0.0,0.0,0.0,92.7,94.8,92.4,24.93,24.68,0.0,34.38,49.0,81.2,2.0,3.53,-1.0,0.812,2.1,4902
2014-09-07 16:03:00,99.7,100.1,100.3,816331.0,74.7,59.9,60.0,79.90999999999998,23528.0,341.0,74801.0,810821.0,78.93,0.998,4.45,79.06,0.0,272.4,272.6,273.8,0.979,272.0,0.748,272.0,0.921,273.4,0.016,13.5,2.0,3.0,0.0,32.33,94.1,338.9,339.6,0.0,2.571,2.8680000000000003,315.8,345.2,0.225,0.0,46.74,35.4,35.14,35.99,35.27,34.94,35.81,35.7,34.06,36.07,34.49,35.43,35.29,35.49,36.18,34.5,30.87,917.0,933.0,923.0,916.0,933.0,911.0,804.0,11.69,12.01,11.96,12.03,12.26,11.69,10.46,0.0,339.2,0.0,60.13,0.0,278.1,0.0,5.0,0.0,0.0,0.0,96.5,98.6,96.3,24.9,24.68,0.0,34.23,51.71,29.56,2.0,3.53,-1.0,1.3119999999999998,3.3,4902
2014-09-07 16:04:00,110.6,111.0,111.3,816332.0,74.7,59.9,60.0,89.0,23528.0,341.0,74801.0,810823.0,87.79999999999998,0.998,5.837000000000001,88.0,0.0,272.3,272.8,274.0,0.979,272.0,0.748,272.0,0.921,273.4,0.016,13.5,2.0,3.0,0.0,32.3,102.9,337.1,337.5,0.0,2.8310000000000004,3.1710000000000003,348.7,382.8,0.225,0.0,46.74,35.12,34.76,35.51,34.79,34.4,35.4,35.18,33.53,35.5,39.11,39.73,39.34,39.33,39.99,38.79,33.99,917.0,933.0,923.0,916.0,933.0,912.0,804.0,13.17,13.38,13.25,13.25,13.47,13.07,11.45,0.0,337.1,0.0,60.14,0.0,305.5,0.0,5.0,0.0,0.0,0.0,107.3,109.6,107.2,24.86,24.67,0.0,33.99,57.5,24.22,2.0,3.53,-1.0,1.367,2.8,4902
2014-09-07 16:05:00,102.3,102.8,103.0,816334.0,74.7,59.9,60.0,82.09999999999998,23528.0,341.0,74801.0,810824.0,81.2,0.998,4.8260000000000005,81.29999999999998,0.0,272.4,272.7,273.9,0.979,272.0,0.748,272.0,0.921,273.7,0.016,13.5,2.0,3.0,0.0,32.28,96.1,333.9,335.0,0.0,2.644,2.963,322.0,341.8,0.225,0.0,46.67,35.14,34.66,35.31,34.63,34.47,35.16,34.88,33.49,35.24,35.95,36.04,36.71,36.71,36.29,36.32,31.81,918.0,933.0,923.0,916.0,933.0,912.0,804.0,12.0,12.03,12.25,12.25,12.11,12.12,10.62,0.0,334.2,0.0,60.15,0.0,288.0,0.0,5.0,0.0,0.0,0.0,99.1,101.4,99.0,24.83,24.58,0.0,34.03,15.9,15.95,2.0,3.528,-1.0,1.7719999999999998,3.5,4902
2014-09-07 16:06:00,115.6,115.9,116.3,816335.0,74.7,59.9,60.0,93.2,23528.0,341.0,74801.0,810826.0,92.0,0.998,6.519,92.3,0.0,272.6,272.9,274.1,0.979,272.0,0.748,272.0,0.921,273.9,0.016,13.5,2.0,3.0,0.0,32.26,107.3,336.0,337.5,0.0,2.9530000000000003,3.318,364.5,397.0,0.225,0.0,46.62,34.42,33.96,34.66,33.92,34.08,34.4,34.3,32.47,34.42,40.87,41.43,41.53,41.62,41.88,40.92,36.08,918.0,933.0,923.0,917.0,933.0,912.0,804.0,13.73,13.92,13.95,13.98,14.07,13.74,12.12,0.0,336.4,0.0,60.14,0.0,319.9,0.0,5.0,0.0,0.0,0.0,112.4,114.8,112.4,24.71,24.46,0.0,32.99,20.58,23.4,2.0,3.528,-1.0,2.535,3.5,4902
2014-09-07 16:07:00,132.9,133.0,133.4,816337.0,74.7,59.9,60.0,107.6,23528.0,341.0,74801.0,810827.0,106.1,0.997,8.779999999999998,106.4,0.0,272.9,273.1,274.2,0.979,272.0,0.748,272.3,0.921,273.9,0.016,13.5,2.0,3.0,0.0,32.22,121.0,327.2,328.4,0.0,3.412,3.848,422.4,460.4,0.226,0.0,46.54,34.41,33.63,34.39,33.5,33.64,34.09,34.06,31.78,34.38,48.42,48.96,48.94,48.93,49.22,48.46,42.24,918.0,933.0,924.0,917.0,934.0,912.0,805.0,15.89,16.06,16.06,16.05,16.15,15.9,13.86,0.0,328.3,0.0,60.17,0.0,369.9,0.0,5.0,0.0,0.0,0.0,129.5,132.1,129.7,24.84,24.62,0.0,33.12,63.24,18.36,2.0,3.526,-1.0,2.173,3.0,4902
2014-09-07 16:08:00,93.6,94.1,94.3,816338.0,74.7,59.9,60.0,74.98,23528.0,341.0,74801.0,810829.0,74.2,0.999,3.707,74.29999999999998,0.0,272.3,273.0,274.2,0.979,272.4,0.748,272.6,0.921,274.0,0.016,13.5,2.0,3.0,0.0,32.19,89.09999999999998,337.1,338.6,0.0,2.411,2.708,295.5,312.4,0.225,0.0,46.54,34.49,33.61,34.42,33.6,33.46,34.07,34.03,32.03,34.28,31.89,32.48,33.18,33.49,33.46,32.43,29.34,918.0,934.0,924.0,917.0,934.0,913.0,805.0,10.75,10.95,11.19,11.29,11.28,10.93,9.89,0.0,337.6,0.0,60.14,0.0,264.6,0.0,5.0,0.0,0.0,0.0,90.6,92.7,90.4,24.83,24.56,0.0,33.48,74.28,49.37,2.0,3.526,-1.0,1.38,3.3,4902
2014-09-07 16:09:00,82.79999999999998,83.4,83.5,816339.0,74.7,59.9,60.0,66.03,23528.0,341.0,74801.0,810830.0,65.42,0.999,2.331,65.46,0.0,272.7,272.9,274.0,0.979,272.5,0.748,272.7,0.921,274.0,0.016,13.5,2.0,3.0,0.0,32.14,80.7,342.7,343.4,0.0,2.138,2.398,263.3,277.2,0.2239999999999999,0.0,46.51,34.05,33.32,33.95,33.2,33.24,33.42,33.37,31.81,33.82,27.87,28.31,28.85,29.05,29.02,28.2,25.45,918.0,934.0,924.0,917.0,934.0,913.0,805.0,9.55,9.7,9.88,9.95,9.94,9.66,8.71,0.0,342.8,0.0,60.14,0.0,235.6,0.0,5.0,0.0,0.0,0.0,79.87999999999998,81.79999999999998,79.53,24.78,24.56,0.0,33.04,355.2,25.49,2.0,3.526,-1.0,1.315,2.1,4902
2014-09-07 16:10:00,59.47,60.25,60.25,816340.0,74.7,59.9,60.0,46.66,23528.0,341.0,74801.0,810831.0,46.25,-0.2999999999999999,-0.527,46.26,0.0,272.2,272.8,274.0,0.979,272.7,0.748,272.9,0.921,274.0,0.016,13.5,2.0,3.0,0.0,32.11,61.05,347.6,348.5,0.0,1.582,1.761,192.6,202.6,0.223,0.0,46.44,33.16,32.53,33.01,32.36,32.57,32.49,32.57,30.91,33.05,19.75,19.97,20.26,20.2,20.16,19.83,17.56,919.0,934.0,924.0,917.0,934.0,913.0,805.0,6.865,6.942,7.04,7.02,7.007999999999999,6.891,6.102,0.0,347.6,0.0,60.17,0.0,175.6,0.0,5.0,0.0,0.0,0.0,56.54,58.35,56.05,24.61,24.37,0.0,32.09,31.79,27.22,2.0,3.528,-1.0,2.035,3.7,4902
2014-09-07 16:11:00,52.13,53.14,53.0,816341.0,74.7,59.9,60.0,40.62,23528.0,341.0,74801.0,810831.0,40.19,-0.999,-1.426,40.21,0.0,272.1,272.5,273.8,0.979,272.2,0.748,272.5,0.921,274.0,0.016,13.5,2.0,3.0,0.0,32.06,54.36,342.2,344.1,0.0,1.382,1.535,166.2,177.3,0.223,0.0,46.45,32.16,31.7,32.17,31.48,31.51,31.64,31.81,30.0,32.12,17.45,17.79,17.95,17.95,18.07,17.49,15.63,919.0,934.0,924.0,917.0,934.0,913.0,805.0,5.975,6.09,6.144,6.143,6.186,5.988,5.351,0.0,342.4,0.0,60.14,0.0,158.9,0.0,5.0,0.0,0.0,0.0,49.19,51.07,48.71,24.5,24.27,0.0,31.04,8.9,32.11,2.0,3.53,-1.0,1.357,2.6,4902
2014-09-07 16:12:00,52.19,53.25,53.09,816342.0,74.7,59.9,60.0,40.69,23528.0,341.0,74801.0,810832.0,40.25,-0.999,-1.408,40.28,0.0,272.1,272.4,273.7,0.979,272.0,0.748,272.0,0.921,274.0,0.016,13.5,2.0,3.0,0.0,32.0,54.2,335.2,335.1,0.0,1.366,1.521,164.4,176.0,0.223,0.0,46.35,31.49,31.07,31.43,30.92,30.88,30.81,31.06,29.62,31.41,17.86,18.21,18.34,18.39,18.55,17.89,16.06,919.0,934.0,924.0,917.0,934.0,913.0,805.0,5.979,6.095,6.14,6.157,6.209,5.987,5.377000000000001,0.0,334.9,0.0,60.14,0.0,161.8,0.0,5.0,0.0,0.0,0.0,49.25,51.2,48.82,24.61,24.41,0.0,30.59,4.398,19.79,2.0,3.527,-1.0,1.508,2.4,4902
2014-09-07 16:13:00,55.3,56.28,56.14,816342.0,74.7,59.9,60.0,43.26,23528.0,341.0,74801.0,810833.0,42.77,-1.0,-1.017,42.78,0.0,272.3,272.6,273.9,0.979,272.4,0.748,272.4,0.921,274.0,0.016,13.5,2.0,3.0,0.0,31.96,56.55,330.8,332.1,0.0,1.4409999999999998,1.606,173.4,185.7,0.223,0.0,46.37,30.89,30.62,30.95,30.46,30.32,30.33,30.56,29.13,30.74,19.28,19.54,19.69,19.69,19.77,19.31,17.13,919.0,934.0,924.0,918.0,934.0,913.0,805.0,6.374,6.46,6.507999999999999,6.509,6.535,6.382000000000001,5.663,0.0,330.7,0.0,60.17,0.0,171.0,0.0,5.0,0.0,0.0,0.0,52.24,54.24,51.84,24.51,24.26,0.0,29.97,37.0,34.24,2.0,3.527,-1.0,1.132,2.7,4902
2014-09-07 16:14:00,58.52,59.46,59.39,816343.0,74.7,59.9,60.0,45.94,23528.0,341.0,74801.0,810833.0,45.46,-0.8669999999999999,-0.6049999999999999,45.47,0.0,272.3,272.7,274.0,0.979,272.3,0.748,272.5,0.921,274.0,0.016,13.5,2.0,3.0,0.0,31.89,59.09,324.7,326.1,0.0,1.527,1.7009999999999998,184.6,199.4,0.223,0.0,46.38,30.59,30.31,30.71,30.2,30.14,30.14,30.28,29.13,30.35,20.94,21.24,21.32,21.34,21.48,20.94,18.55,919.0,934.0,925.0,918.0,935.0,913.0,805.0,6.788,6.8870000000000005,6.912000000000001,6.917999999999999,6.964,6.787000000000001,6.013,0.0,324.5,0.0,60.14,0.0,182.1,0.0,5.0,0.0,0.0,0.0,55.48,57.49,55.15,24.42,24.11,0.0,29.78,39.95,33.11,2.0,3.526,-1.0,0.768,1.6,4902
2014-09-07 16:15:00,64.93,65.76,65.75,816344.0,74.7,59.9,60.0,51.25,23528.0,341.0,74801.0,810834.0,50.76,0.067,0.163,50.76,0.0,272.4,272.9,274.2,0.979,273.0,0.748,273.0,0.921,274.0,0.016,13.5,2.0,3.0,0.0,31.82,64.27,319.3,318.8,0.0,1.703,1.899,206.0,221.5,0.223,0.0,46.36,30.31,30.15,30.53,30.05,29.95,30.03,30.15,29.06,30.17,23.42,23.82,24.15,24.31,24.34,23.66,21.24,919.0,935.0,925.0,918.0,935.0,913.0,806.0,7.4689999999999985,7.597,7.7,7.75,7.76,7.542999999999998,6.772,0.0,319.1,0.0,60.14,0.0,201.4,0.0,5.0,0.0,0.0,0.0,61.89,63.89,61.62,24.36,24.08,0.0,29.51,49.53,44.71,2.0,3.53,-1.0,1.39,2.4,4902
2014-09-07 16:16:00,62.91,63.74,63.74,816345.0,74.7,59.9,60.0,49.56,23528.0,341.0,74801.0,810835.0,49.1,-0.233,-0.0599999999999999,49.1,0.0,272.4,272.7,274.1,0.979,272.8,0.748,272.6,0.921,274.0,0.016,13.5,2.0,3.0,0.0,31.76,62.57,322.9,324.4,0.0,1.64,1.825,198.1,214.3,0.223,0.0,46.28,30.02,29.79,30.23,29.62,29.67,29.64,29.73,28.66,29.71,22.62,22.92,23.06,23.11,23.23,22.66,20.14,919.0,935.0,925.0,918.0,935.0,914.0,806.0,7.304999999999999,7.402999999999999,7.447,7.466,7.502,7.32,6.504,0.0,323.0,0.0,60.15,0.0,193.8,0.0,5.0,0.0,0.0,0.0,59.85,61.89,59.59,24.32,24.02,0.0,29.26,26.05,38.71,2.0,3.53,-1.0,1.648,2.2,4902
2014-09-07 16:17:00,73.48999999999998,74.28,74.31999999999998,816346.0,74.7,59.9,60.0,58.38,23528.0,341.0,74801.0,810836.0,57.84,1.0,1.215,57.86,0.0,272.6,272.8,274.2,0.979,272.9,0.748,272.9,0.921,274.0,0.016,13.5,2.0,3.0,0.0,31.69,71.61,323.5,324.5,0.0,1.908,2.126,232.0,254.4,0.223,0.0,46.27,29.92,29.58,29.97,29.4,29.46,29.41,29.55,28.39,29.52,26.99,27.22,27.08,27.02,27.23,26.77,23.37,919.0,935.0,925.0,918.0,935.0,914.0,806.0,8.73,8.8,8.75,8.74,8.8,8.66,7.558,0.0,323.6,0.0,60.14,0.0,221.5,0.0,5.0,0.0,0.0,0.0,70.46,72.58,70.28,24.28,24.02,0.0,29.15,31.55,13.68,2.0,3.528,-1.0,1.7919999999999998,2.6,4902
2014-09-07 16:18:00,89.2,90.0,90.1,816347.0,74.7,59.9,60.0,71.52,23528.0,341.0,74801.0,810837.0,70.77,0.999,3.198,70.84,0.0,272.8,273.1,274.4,0.979,273.0,0.748,273.0,0.921,274.0,0.016,13.5,2.0,3.0,0.0,31.62,84.4,320.0,321.3,0.0,2.341,2.614,284.6,314.4,0.2239999999999999,0.0,46.18,30.15,29.45,29.92,29.35,29.41,29.43,29.59,28.27,29.61,33.68,33.77,33.41,33.14,33.38,33.31,28.41,920.0,935.0,925.0,918.0,935.0,914.0,806.0,10.77,10.8,10.69,10.6,10.68,10.65,9.090000000000002,0.0,320.0,0.0,60.14,0.0,264.1,0.0,5.0,0.0,0.0,0.0,86.2,88.5,86.09999999999998,24.47,24.25,0.0,29.36,51.45,15.53,2.0,3.527,-1.0,1.737,2.5,4902
2014-09-07 16:19:00,101.5,102.2,102.3,816349.0,74.7,59.9,60.0,81.79999999999998,23528.0,341.0,74801.0,810838.0,80.7,0.998,4.753,80.79999999999998,0.0,272.8,273.4,274.6,0.979,273.0,0.748,273.0,0.921,274.0,0.016,13.5,2.0,3.0,0.0,31.54,94.1,318.8,320.3,0.0,2.657,2.972,323.6,356.1,0.225,0.0,46.13,30.52,29.62,30.09,29.5,29.53,29.61,29.79,28.47,29.82,37.78,38.23,38.22,38.21,38.39,37.86,32.92,920.0,935.0,925.0,918.0,935.0,914.0,806.0,12.06,12.2,12.2,12.19,12.25,12.08,10.5,0.0,319.2,0.0,60.13,0.0,295.3,0.0,5.0,0.0,0.0,0.0,98.2,100.6,98.2,24.48,24.24,0.0,29.52,20.03,29.12,2.0,3.526,-1.0,1.568,2.2,4902
2014-09-07 16:20:00,95.7,96.4,96.5,816350.0,74.7,59.9,60.0,76.90999999999998,23528.0,341.0,74801.0,810840.0,75.98,0.999,4.026,76.09999999999998,0.0,272.8,273.2,274.4,0.979,273.0,0.748,273.0,0.921,274.0,0.016,13.5,2.0,3.0,0.0,31.48,89.7,319.5,319.6,0.0,2.518,2.821,303.7,329.4,0.225,0.0,46.05,30.65,29.68,30.3,29.63,29.59,29.82,30.02,28.72,30.16,35.41,35.49,35.85,35.79,35.56,35.62,30.9,920.0,935.0,926.0,919.0,936.0,914.0,806.0,11.3,11.33,11.45,11.43,11.35,11.37,9.87,0.0,319.5,0.0,60.14,0.0,280.8,0.0,5.0,0.0,0.0,0.0,92.5,94.9,92.5,24.42,24.19,0.0,29.52,8.519999999999998,24.14,2.0,3.53,-1.0,1.287,2.4,4902
2014-09-07 16:21:00,89.2,90.0,90.1,816351.0,74.7,59.9,60.0,71.5,23528.0,341.0,74801.0,810841.0,70.73,0.999,3.188,70.81,0.0,272.8,273.0,274.3,0.979,273.0,0.748,272.9,0.921,274.0,0.016,13.5,2.0,3.0,0.0,31.41,84.7,326.0,328.5,0.0,2.303,2.577,281.1,308.5,0.2239999999999999,0.0,45.95,30.42,29.81,30.33,29.81,29.68,29.92,30.1,28.99,30.11,32.46,32.94,32.93,33.0,33.28,32.48,28.58,920.0,936.0,926.0,919.0,936.0,914.0,806.0,10.55,10.7,10.7,10.72,10.81,10.55,9.28,0.0,325.3,0.0,60.15,0.0,260.2,0.0,5.0,0.0,0.0,0.0,86.2,88.4,86.09999999999998,24.28,24.03,0.0,29.26,19.55,20.15,2.0,3.528,-1.0,1.7,2.8,4902
2014-09-07 16:22:00,85.7,86.4,86.5,816352.0,74.7,59.9,60.0,68.5,23528.0,341.0,74801.0,810842.0,67.85,0.999,2.727,67.91,0.0,272.6,273.0,274.2,0.979,272.5,0.748,272.8,0.921,274.0,0.016,13.5,2.0,3.0,0.0,31.35,81.79999999999998,324.9,327.2,0.0,2.214,2.489,268.5,291.6,0.2239999999999999,0.0,45.87,30.44,29.81,30.33,29.74,29.72,30.01,30.1,28.99,30.12,30.84,31.18,31.47,31.52,31.51,31.06,27.31,920.0,936.0,926.0,919.0,936.0,915.0,807.0,10.03,10.14,10.24,10.25,10.25,10.1,8.88,0.0,325.3,0.0,60.17,0.0,251.8,0.0,5.0,0.0,0.0,0.0,82.7,84.9,82.5,24.25,23.98,0.0,29.45,20.78,34.26,2.0,3.527,-1.0,1.595,2.4,4902
2014-09-07 16:23:00,80.09999999999998,80.79999999999998,80.9,816353.0,74.7,59.9,60.0,63.9,23528.0,341.0,74801.0,810843.0,63.31,0.999,2.05,63.35,0.0,272.5,273.1,274.4,0.979,273.0,0.748,273.0,0.921,274.0,0.016,13.5,2.0,3.0,0.0,31.28,77.34,327.7,328.5,0.0,2.049,2.313,251.2,277.1,0.223,0.0,45.79,30.26,29.66,30.34,29.79,29.59,30.05,30.1,29.14,29.98,29.06,29.42,29.26,29.24,29.53,28.91,25.29,920.0,936.0,926.0,919.0,936.0,915.0,807.0,9.51,9.63,9.58,9.57,9.66,9.46,8.269999999999998,0.0,327.4,0.0,60.21,0.0,236.1,0.0,5.0,0.0,0.0,0.0,77.14,79.28,76.94,24.2,23.94,0.0,29.14,37.07,17.83,2.0,3.527,-1.0,1.892,3.6,4902
2014-09-07 16:24:00,97.4,98.0,98.1,816355.0,74.7,59.9,60.0,78.2,23528.0,341.0,74801.0,810844.0,77.26,0.999,4.205,77.37999999999998,0.0,272.6,273.1,274.3,0.979,272.5,0.748,272.5,0.921,274.0,0.016,13.5,2.0,3.0,0.0,31.22,91.1,323.0,323.5,0.0,2.503,2.841,307.3,341.3,0.2239999999999999,0.0,45.72,30.31,29.8,30.31,29.73,29.5,30.08,30.07,28.96,30.09,35.91,36.29,36.24,36.26,36.49,35.85,31.37,921.0,936.0,926.0,919.0,936.0,915.0,807.0,11.57,11.69,11.68,11.69,11.76,11.55,10.11,0.0,322.3,0.0,60.17,0.0,282.1,0.0,5.0,0.0,0.0,0.0,94.2,96.5,94.1,24.51,24.41,0.0,29.34,2.846,35.18,2.0,3.53,-1.0,1.59,2.1,4902
2014-09-07 16:25:00,101.0,101.6,101.7,816356.0,74.7,59.9,60.0,81.29999999999998,23528.0,341.0,74802.0,810846.0,80.29999999999998,0.998,4.726,80.5,0.0,273.1,273.3,274.6,0.979,273.0,0.748,273.0,0.921,274.0,0.063,13.5,2.0,3.0,0.0,31.15,94.2,325.3,326.5,0.0,2.594,2.954,316.6,349.7,0.2239999999999999,0.0,45.61,30.43,30.1,30.62,30.01,29.75,30.33,30.37,29.19,30.38,36.69,37.01,37.28,37.35,37.34,36.86,32.39,921.0,936.0,926.0,920.0,936.0,915.0,807.0,11.93,12.03,12.12,12.14,12.14,11.98,10.53,0.0,325.6,0.0,60.23,0.0,289.9,0.0,5.0,0.0,0.0,0.0,97.8,100.2,97.8,24.58,24.52,0.0,29.5,355.5,20.29,2.0,3.526,-1.0,1.525,2.4,4902
2014-09-07 16:26:00,131.4,131.8,132.1,816358.0,74.7,59.9,60.0,106.7,23528.0,341.0,74802.0,810847.0,105.1,0.997,8.65,105.4,0.0,273.1,273.7,274.8,0.979,273.0,0.748,273.0,0.921,274.0,0.052,13.54,2.0,3.0,0.0,31.1,119.4,323.3,325.5,0.0,3.389,3.858,414.6,468.2,0.225,0.0,45.5,30.0,30.33,30.95,30.27,30.28,30.56,30.71,29.5,30.74,48.58,49.17,49.11,49.23,49.55,48.61,42.61,921.0,937.0,927.0,920.0,937.0,915.0,807.0,15.73,15.92,15.9,15.94,16.04,15.74,13.79,0.0,323.9,0.0,60.21,0.0,369.4,0.0,5.0,0.0,0.0,0.0,128.0,130.7,128.3,24.29,24.18,0.0,28.9,320.6,10.88,2.0,3.527,-1.0,2.067,2.9,4902
2014-09-07 16:27:00,141.0,141.1,141.5,816360.0,74.7,59.9,60.0,114.6,23528.0,341.0,74802.0,810849.0,112.9,0.996,9.89,113.3,0.0,273.5,273.7,274.9,0.979,273.0,0.748,273.0,0.921,274.0,0.035,13.54,2.0,3.0,0.0,31.03,128.3,330.6,329.8,0.0,3.63,4.132,439.9,496.2,0.226,0.0,45.48,30.36,30.61,31.32,30.57,30.92,30.77,30.98,29.58,31.16,51.16,51.55,51.63,51.64,51.79,51.22,44.64,921.0,937.0,927.0,920.0,937.0,916.0,808.0,16.88,17.01,17.03,17.04,17.09,16.9,14.73,0.0,330.0,0.0,60.14,0.0,388.2,0.0,5.0,0.0,0.0,0.0,137.7,140.3,137.9,24.38,24.24,0.0,29.18,337.0,16.39,2.0,3.526,-1.0,3.132,4.4,4902
2014-09-07 16:28:00,140.2,140.2,140.7,816361.0,74.7,59.9,60.0,113.9,23528.0,341.0,74802.0,810851.0,112.3,0.996,9.73,112.7,0.0,273.8,273.8,275.0,0.979,273.0,0.748,273.0,0.921,274.0,0.027,13.54,2.0,3.0,0.0,30.97,128.4,343.6,345.0,0.0,3.58,4.072,432.6,489.0,0.226,0.0,45.36,30.32,30.95,31.42,30.72,31.34,30.83,31.2,29.63,31.42,48.75,49.19,49.24,49.2,49.35,48.77,42.52,922.0,937.0,927.0,920.0,937.0,916.0,808.0,16.8,16.95,16.97,16.95,17.01,16.8,14.65,0.0,344.6,0.0,60.14,0.0,373.7,0.0,5.0,0.0,0.0,0.0,137.0,139.5,137.1,24.34,24.23,0.0,29.36,334.6,13.96,2.0,3.526,-1.0,2.343,4.2,4902
2014-09-07 16:29:00,138.0,138.0,138.4,816363.0,74.7,59.9,60.0,112.1,23528.0,341.0,74802.0,810853.0,110.5,0.996,9.44,110.9,0.0,273.8,273.9,275.1,0.979,273.0,0.748,273.0,0.921,274.0,0.024,13.54,2.0,3.0,0.0,30.93,127.0,346.0,347.3,0.0,3.537,4.019,426.2,482.7,0.225,0.0,45.36,29.98,31.02,31.75,31.11,31.8,31.09,31.58,30.09,31.73,47.74,48.21,48.24,48.2,48.37,47.75,41.65,922.0,937.0,928.0,921.0,938.0,916.0,808.0,16.53,16.69,16.7,16.68,16.74,16.53,14.42,0.0,346.1,0.0,60.14,0.0,367.0,0.0,5.0,0.0,0.0,0.0,134.8,137.2,134.8,24.05,24.01,0.0,29.03,347.1,16.05,2.0,3.527,-1.0,2.592,3.8,4902
2014-09-07 16:30:00,126.4,126.5,126.9,816365.0,74.7,59.9,60.0,102.5,23528.0,341.0,74802.0,810855.0,101.1,0.997,7.957999999999998,101.4,0.0,273.6,273.8,275.0,0.979,273.0,0.748,273.0,0.921,274.0,0.022,13.54,2.0,3.0,0.0,30.87,117.3,347.4,347.9,0.0,3.2710000000000004,3.715,390.5,439.4,0.225,0.0,45.4,30.35,31.45,31.94,31.31,31.98,31.35,31.73,30.25,31.93,43.35,43.59,43.82,43.71,43.64,43.44,37.74,922.0,938.0,928.0,921.0,938.0,916.0,808.0,15.05,15.13,15.21,15.18,15.15,15.08,13.1,0.0,347.6,0.0,60.14,0.0,338.0,0.0,5.0,0.0,0.0,0.0,123.3,125.6,123.2,24.27,24.14,0.0,29.43,343.3,23.67,2.0,3.528,-1.0,2.528,4.2,4902
2014-09-07 16:31:00,98.4,99.0,99.1,816366.0,74.7,59.9,60.0,79.2,23528.0,341.0,74802.0,810856.0,78.20999999999998,0.998,4.336,78.34,0.0,273.1,273.6,274.8,0.979,273.0,0.748,273.0,0.921,274.0,0.02,13.54,2.0,3.0,0.0,30.83,93.8,348.5,348.0,0.0,2.54,2.877,307.6,348.2,0.2239999999999999,0.0,45.38,29.98,31.24,31.68,31.15,31.66,31.18,31.58,30.25,31.73,33.69,34.3,34.29,34.34,34.64,33.7,29.75,922.0,938.0,928.0,921.0,938.0,917.0,808.0,11.69,11.9,11.89,11.91,12.02,11.69,10.32,0.0,347.9,0.0,60.16,0.0,269.7,0.0,5.0,0.0,0.0,0.0,95.4,97.5,95.1,24.33,24.14,0.0,29.01,355.0,14.47,2.0,3.528,-1.0,2.222,3.8,4902
2014-09-07 16:32:00,125.3,125.5,125.9,816368.0,74.7,59.9,60.0,101.5,23528.0,341.0,74803.0,810858.0,100.0,0.997,7.832,100.3,0.0,273.5,273.4,274.6,0.979,272.8,0.748,273.0,0.921,274.0,0.019,13.54,2.0,3.0,0.0,30.78,115.1,336.7,337.7,0.0,3.235,3.67,387.4,440.8,0.225,0.0,45.36,29.96,31.21,31.83,31.29,31.68,31.4,31.75,30.32,31.9,44.27,44.71,44.89,44.93,45.05,44.41,38.89,923.0,938.0,928.0,921.0,938.0,917.0,809.0,14.91,15.05,15.11,15.13,15.17,14.95,13.09,0.0,336.7,0.0,60.14,0.0,341.8,0.0,5.0,0.0,0.0,0.0,122.0,124.4,122.1,24.35,24.23,0.0,29.0,344.2,18.91,2.0,3.53,-1.0,1.6980000000000002,3.8,4902
2014-09-07 16:33:00,114.8,115.0,115.3,816370.0,74.7,59.9,60.0,92.7,23528.0,341.0,74803.0,810859.0,91.4,0.998,6.441,91.6,0.0,273.0,273.5,274.6,0.979,273.0,0.748,273.0,0.921,274.0,0.019,13.54,2.0,3.0,0.0,30.73,107.0,348.8,350.5,0.0,2.97,3.367,355.4,406.0,0.225,0.0,45.3,30.02,31.45,31.99,31.42,31.89,31.59,31.91,30.42,31.96,39.15,39.57,39.54,39.46,39.64,39.07,34.07,923.0,938.0,928.0,922.0,939.0,917.0,809.0,13.67,13.81,13.8,13.77,13.84,13.64,11.89,0.0,349.3,0.0,60.14,0.0,306.9,0.0,5.0,0.0,0.0,0.0,111.5,113.8,111.4,24.45,24.33,0.0,29.2,21.69,32.04,2.0,3.528,-1.0,2.307,4.3,4902
2014-09-07 16:34:00,109.0,109.3,109.6,816371.0,74.7,59.9,60.0,87.9,23528.0,341.0,74803.0,810861.0,86.7,0.998,5.68,86.9,0.0,273.0,273.5,274.5,0.979,272.9,0.748,273.0,0.921,274.0,0.019,13.54,2.0,3.0,0.0,30.69,102.6,351.4,353.5,0.0,2.8360000000000003,3.2110000000000003,340.1,394.7,0.2239999999999999,0.0,45.24,30.26,31.63,31.76,31.14,31.42,31.46,31.66,30.22,31.86,37.49,37.89,37.26,36.94,37.49,36.97,31.65,923.0,939.0,929.0,922.0,939.0,917.0,809.0,13.18,13.32,13.09,12.98,13.17,12.99,11.12,0.0,351.9,0.0,60.14,0.0,292.4,0.0,5.0,0.0,0.0,0.0,105.9,108.0,105.6,24.68,24.53,0.0,29.52,28.69,28.86,2.0,3.528,-1.0,2.007,3.3,4902
2014-09-07 16:35:00,117.2,117.3,117.7,816373.0,74.7,59.9,60.0,94.7,23528.0,341.0,74803.0,810862.0,93.4,0.997,6.743,93.6,0.0,273.5,273.6,274.7,0.979,273.0,0.748,273.0,0.921,274.0,0.019,13.54,2.0,3.0,0.0,30.65,108.4,343.8,345.7,0.0,3.029,3.432,361.8,417.6,0.225,0.0,45.2,30.28,31.63,31.91,31.18,31.49,31.54,31.71,30.3,31.98,40.58,41.05,40.94,40.83,41.08,40.54,35.23,923.0,939.0,929.0,922.0,939.0,918.0,809.0,13.99,14.15,14.11,14.08,14.16,13.98,12.15,0.0,345.0,0.0,60.14,0.0,315.6,0.0,5.0,0.0,0.0,0.0,113.9,116.2,113.8,24.6,24.53,0.0,29.61,355.6,40.27,2.0,3.526,-1.0,1.31,3.0,4902
2014-09-07 16:36:00,125.6,125.6,126.0,816374.0,74.7,59.9,60.0,101.5,23528.0,341.0,74803.0,810864.0,100.1,0.997,7.845,100.4,0.0,272.8,273.2,274.4,0.979,272.2,0.748,272.2,0.921,273.9,0.018,13.54,2.0,3.0,0.0,30.61,115.8,343.7,343.9,0.0,3.254,3.69,386.8,446.6,0.225,0.0,45.2,29.9,31.48,32.03,31.45,31.89,31.61,31.79,30.59,32.14,43.46,43.93,44.03,44.0,44.12,43.58,38.05,924.0,939.0,929.0,922.0,939.0,918.0,809.0,14.94,15.1,15.14,15.12,15.17,14.98,13.08,0.0,343.8,0.0,60.14,0.0,337.0,0.0,5.0,0.0,0.0,0.0,122.3,124.7,122.3,24.31,24.24,0.0,29.19,344.4,17.7,2.0,3.526,-1.0,1.933,3.2,4902
2014-09-07 16:37:00,122.5,122.7,123.0,816376.0,74.7,59.9,60.0,98.9,23528.0,341.0,74803.0,810866.0,97.5,0.997,7.436,97.8,0.0,272.7,273.0,274.2,0.979,272.0,0.748,272.0,0.921,274.0,0.018,13.54,2.0,3.0,0.0,30.57,113.4,346.4,348.9,0.0,3.184,3.608,376.9,436.7,0.225,0.0,45.15,30.18,31.5,32.08,31.4,31.9,31.67,31.91,30.33,32.2,42.07,42.49,42.6,42.54,42.68,42.13,36.81,924.0,939.0,929.0,923.0,939.0,918.0,810.0,14.56,14.71,14.75,14.73,14.77,14.59,12.74,0.0,346.2,0.0,60.13,0.0,327.4,0.0,5.0,0.0,0.0,0.0,119.2,121.5,119.1,24.44,24.33,0.0,29.59,356.7,25.48,2.0,3.526,-1.0,2.768,4.7,4902
2014-09-07 16:38:00,119.4,119.4,119.8,816377.0,74.7,59.9,60.0,96.3,23528.0,341.0,74803.0,810867.0,94.9,0.997,7.033,95.2,0.0,272.5,273.3,274.5,0.979,272.0,0.748,272.1,0.921,274.0,0.018,13.54,2.0,3.0,0.0,30.55,110.5,345.6,349.1,0.0,3.112,3.525,367.0,426.4,0.225,0.0,45.11,30.12,31.4,32.2,31.49,31.66,31.7,31.96,30.31,32.12,41.03,41.41,41.53,41.49,41.6,41.08,35.9,924.0,939.0,930.0,923.0,940.0,918.0,810.0,14.18,14.32,14.36,14.34,14.38,14.2,12.41,0.0,345.8,0.0,60.13,0.0,319.7,0.0,5.0,0.0,0.0,0.0,116.0,118.3,115.9,24.52,24.42,0.0,29.39,325.5,13.8,2.0,3.527,-1.0,2.918,4.6,4902
2014-09-07 16:39:00,116.7,116.7,117.1,816379.0,74.7,59.9,60.0,94.0,23528.0,341.0,74803.0,810869.0,92.7,0.997,6.704,92.9,0.0,272.7,273.1,274.3,0.979,272.0,0.748,272.0,0.921,274.0,0.018,13.54,2.0,3.0,0.0,30.52,108.0,345.2,346.4,0.0,3.0460000000000003,3.45,358.3,417.5,0.2239999999999999,0.0,45.11,30.08,31.17,31.92,31.29,31.76,31.33,31.66,30.05,31.93,40.05,40.45,40.55,40.51,40.64,40.09,35.06,924.0,940.0,930.0,923.0,940.0,919.0,810.0,13.85,13.98,14.02,14.0,14.05,13.86,12.12,0.0,345.7,0.0,60.14,0.0,312.8,0.0,5.0,0.0,0.0,0.0,113.3,115.6,113.1,24.36,24.21,0.0,29.27,322.8,14.32,2.0,3.526,-1.0,3.015,4.2,4902
2014-09-07 16:40:00,115.0,115.2,115.5,816381.0,74.7,59.9,60.0,92.3,23528.0,341.0,74803.0,810870.0,91.1,0.997,6.489,91.3,0.0,271.6,272.0,273.2,0.979,270.8,0.748,270.9,0.921,272.8,0.018,13.54,2.0,3.0,0.0,30.49,106.4,345.7,345.9,0.0,2.999,3.398,351.9,411.4,0.2239999999999999,0.0,45.09,30.01,31.29,31.69,31.01,31.73,30.93,31.44,29.75,31.68,39.35,39.75,39.84,39.81,39.93,39.38,34.46,925.0,940.0,930.0,923.0,940.0,919.0,810.0,13.6,13.74,13.77,13.76,13.8,13.61,11.91,0.0,345.6,0.0,60.15,0.0,307.8,0.0,5.0,0.0,0.0,0.0,111.7,114.1,111.6,24.48,24.4,0.0,29.17,356.3,14.04,2.0,3.526,-1.0,3.01,4.7,4902
2014-09-07 16:41:00,114.0,114.4,114.6,816382.0,74.7,59.9,60.0,90.5,23528.0,341.0,74804.0,810872.0,89.4,0.997,6.343,89.59999999999998,0.0,268.7,269.0,270.3,0.979,268.0,0.748,268.0,0.921,270.0,0.018,13.54,2.0,3.0,0.0,30.46,104.6,345.1,347.1,0.0,2.952,3.347,345.6,405.6,0.2239999999999999,0.0,45.03,29.99,31.26,31.5,30.8,31.55,30.73,31.24,29.35,31.47,38.66,39.04,39.17,39.14,39.24,38.71,33.87,925.0,940.0,930.0,923.0,940.0,919.0,810.0,13.35,13.48,13.53,13.52,13.55,13.37,11.7,0.0,345.4,0.0,60.14,0.0,303.1,0.0,5.0,0.0,0.0,0.0,110.8,113.2,110.7,24.62,24.58,0.0,29.29,338.1,19.09,2.0,3.528,-1.0,1.798,4.1,4902
2014-09-07 16:42:00,112.1,112.5,112.7,816384.0,74.7,59.9,60.0,89.0,23528.0,341.0,74804.0,810873.0,87.9,0.998,6.081,88.09999999999998,0.0,268.8,268.9,270.1,0.979,268.0,0.748,268.0,0.921,269.6,0.018,13.54,2.0,3.0,0.0,30.43,103.1,345.5,344.9,0.0,2.909,3.299,339.7,400.3,0.2239999999999999,0.0,45.01,29.39,31.32,31.76,31.02,31.73,30.89,31.39,29.96,31.67,38.02,38.4,38.5,38.46,38.6,38.06,33.29,925.0,940.0,931.0,924.0,941.0,919.0,811.0,13.12,13.26,13.29,13.28,13.33,13.14,11.49,0.0,345.3,0.0,60.14,0.0,298.5,0.0,5.0,0.0,0.0,0.0,108.9,111.3,108.8,24.15,24.08,0.0,28.72,331.8,15.84,2.0,3.528,-1.0,1.803,3.9,4902
2014-09-07 16:43:00,110.4,110.8,111.0,816385.0,74.7,59.9,60.0,87.59999999999998,23528.0,341.0,74804.0,810875.0,86.4,0.998,5.863,86.59999999999998,0.0,268.9,268.9,270.1,0.979,268.0,0.748,268.0,0.921,269.8,0.017,13.54,2.0,3.0,0.0,30.39,101.5,345.1,346.1,0.0,2.866,3.25,334.1,395.4,0.2239999999999999,0.0,45.01,29.23,31.12,31.76,31.09,31.82,30.85,31.38,29.97,31.52,37.43,37.81,37.9,37.87,38.02,37.46,32.78,925.0,941.0,931.0,924.0,941.0,919.0,811.0,12.91,13.04,13.07,13.06,13.11,12.92,11.31,0.0,345.0,0.0,60.13,0.0,294.2,0.0,5.0,0.0,0.0,0.0,107.1,109.5,107.0,24.09,23.98,0.0,28.6,324.6,26.02,2.0,3.528,-1.0,2.677,4.0,4902
2014-09-07 16:44:00,108.8,109.2,109.4,816386.0,74.7,59.9,60.0,86.2,23528.0,341.0,74804.0,810876.0,85.09999999999998,0.998,5.672000000000001,85.29999999999998,0.0,268.6,268.6,270.0,0.979,268.0,0.748,268.0,0.921,269.7,0.018,13.54,2.0,3.0,0.0,30.35,100.0,344.8,346.4,0.0,2.826,3.2060000000000004,328.9,390.8,0.2239999999999999,0.0,45.01,29.12,30.9,31.54,30.98,31.79,30.68,31.27,29.81,31.39,36.85,37.24,37.32,37.29,37.46,36.88,32.28,925.0,941.0,931.0,924.0,941.0,920.0,811.0,12.71,12.85,12.88,12.86,12.92,12.72,11.14,0.0,345.0,0.0,60.15,0.0,290.1,0.0,5.0,0.0,0.0,0.0,105.6,108.0,105.4,24.18,24.11,0.0,28.47,349.1,20.56,2.0,3.526,-1.0,2.352,3.1,4902
2014-09-07 16:45:00,107.1,107.6,107.7,816388.0,74.7,59.9,60.0,84.9,23528.0,341.0,74804.0,810877.0,83.9,0.998,5.456,84.0,0.0,268.8,268.6,270.0,0.979,268.0,0.748,268.0,0.921,269.8,0.017,13.54,2.0,3.0,0.0,30.33,98.7,344.1,344.9,0.0,2.7880000000000003,3.164,323.8,385.9,0.2239999999999999,0.0,44.94,29.37,30.86,31.49,30.84,31.54,30.64,31.16,29.69,31.24,36.35,36.73,36.85,36.84,36.99,36.42,31.91,926.0,941.0,931.0,924.0,941.0,920.0,811.0,12.51,12.64,12.68,12.68,12.73,12.53,10.98,0.0,344.1,0.0,60.14,0.0,286.9,0.0,5.0,0.0,0.0,0.0,104.0,106.3,103.8,24.35,24.19,0.0,28.73,359.1,16.08,2.0,3.526,-1.0,2.968,3.9,4902
2014-09-07 16:46:00,96.7,97.2,97.3,816389.0,74.7,59.9,60.0,76.7,23528.0,341.0,74804.0,810879.0,75.92,0.999,4.113,76.03,0.0,269.9,270.0,271.3,0.979,269.4,0.748,269.3,0.921,270.9,0.017,13.54,2.0,3.0,0.0,30.3,91.3,350.2,352.8,0.0,2.553,2.894,295.4,351.5,0.223,0.0,44.91,29.44,30.62,31.22,30.56,31.11,30.51,30.91,29.4,31.01,32.24,32.53,32.7,32.61,32.68,32.28,28.24,926.0,941.0,931.0,925.0,941.0,920.0,811.0,11.32,11.42,11.48,11.45,11.47,11.33,9.91,0.0,351.2,0.0,60.15,0.0,260.9,0.0,5.0,0.0,0.0,0.0,93.7,95.9,93.4,24.3,24.09,0.0,28.57,25.33,40.42,2.0,3.527,-1.0,2.613,4.7,4902
2014-09-07 16:47:00,77.98999999999998,78.48999999999998,78.59999999999998,816390.0,74.7,59.9,60.0,61.43,23528.0,341.0,74804.0,810880.0,60.95,1.0,1.7990000000000002,60.98,0.0,270.3,270.6,271.9,0.979,270.0,0.748,270.0,0.921,271.7,0.017,13.54,2.0,3.0,0.0,30.27,76.7,358.5,359.4,0.0,2.115,2.39,244.7,289.7,0.223,0.0,44.91,29.3,30.49,30.76,30.17,30.41,30.2,30.46,28.98,30.64,25.36,25.64,25.82,25.71,25.73,25.38,22.21,926.0,941.0,932.0,925.0,942.0,920.0,811.0,9.090000000000002,9.19,9.25,9.21,9.22,9.1,7.961,0.0,358.5,0.0,60.22,0.0,214.0,0.0,5.0,0.0,0.0,0.0,75.06999999999998,76.98999999999998,74.62,24.57,24.46,0.0,28.49,0.882,17.42,2.0,3.527,-1.0,1.972,3.8,4902
2014-09-07 16:48:00,76.20999999999998,76.87999999999998,76.93,816391.0,74.7,59.9,60.0,60.05,23528.0,341.0,74804.0,810881.0,59.59,1.0,1.619,59.61,0.0,270.4,270.5,271.8,0.979,270.0,0.748,270.0,0.921,271.9,0.017,13.54,2.0,3.0,0.0,30.25,74.31999999999998,348.2,349.8,0.0,2.016,2.273,234.0,279.2,0.223,0.0,44.83,29.05,30.13,30.43,29.95,29.97,29.86,30.21,28.8,30.28,25.52,25.91,26.01,26.0,26.15,25.57,22.51,926.0,942.0,932.0,925.0,942.0,920.0,812.0,8.89,9.02,9.06,9.05,9.11,8.9,7.841,0.0,348.4,0.0,60.23,0.0,213.5,0.0,5.0,0.0,0.0,0.0,73.33,75.34999999999998,72.95,24.54,24.33,0.0,28.31,12.5,21.25,2.0,3.53,-1.0,2.507,3.4,4902
2014-09-07 16:49:00,75.75,76.54,76.51999999999998,816392.0,74.7,59.9,60.0,59.68,23528.0,341.0,74804.0,810882.0,59.24,1.0,1.527,59.27,0.0,270.2,270.4,271.8,0.979,270.0,0.748,270.0,0.921,271.4,0.017,13.54,2.0,3.0,0.0,30.22,73.69,343.3,343.6,0.0,1.999,2.252,230.8,276.0,0.223,0.0,44.81,29.06,29.85,30.17,29.66,29.58,29.66,29.95,28.6,29.94,25.73,26.03,26.15,26.11,26.21,25.78,22.58,926.0,942.0,932.0,925.0,942.0,921.0,812.0,8.82,8.929999999999998,8.97,8.949999999999998,8.99,8.84,7.7429999999999986,0.0,343.2,0.0,60.13,0.0,214.7,0.0,5.0,0.0,0.0,0.0,72.93,74.93,72.59999999999998,24.64,24.39,0.0,28.33,8.679999999999998,15.62,2.0,3.526,-1.0,1.758,2.6,4902
2014-09-07 16:50:00,57.39,58.33,58.19,816393.0,74.7,59.9,60.0,44.59,23528.0,341.0,74804.0,810882.0,44.3,-0.266,-0.7129999999999999,44.33,0.0,270.1,270.4,271.8,0.979,270.0,0.748,270.0,0.921,271.8,0.017,13.54,2.0,3.0,0.0,30.19,58.37,349.5,350.6,0.0,1.538,1.7280000000000002,177.0,206.1,0.222,0.0,44.76,28.88,29.58,29.91,29.47,29.27,29.42,29.66,28.55,29.66,18.54,18.82,19.26,19.34,19.25,18.78,16.91,926.0,942.0,932.0,925.0,942.0,921.0,812.0,6.481,6.581,6.734,6.7620000000000005,6.732,6.568,5.913,0.0,350.3,0.0,60.17,0.0,167.2,0.0,5.0,0.0,0.0,0.0,54.61,56.52,54.19,24.49,24.23,0.0,28.24,1.405,31.09,2.0,3.526,-1.0,0.8529999999999999,2.0,4902
2014-09-07 16:51:00,39.45,40.58,40.34,816394.0,74.7,59.9,60.0,29.81,23528.0,341.0,74804.0,810883.0,29.72,-0.994,-2.937,29.88,0.0,269.8,269.9,271.2,0.979,269.8,0.748,269.8,0.921,270.9,0.017,13.54,2.0,3.0,0.0,30.16,43.66,354.0,354.6,0.0,1.09,1.22,126.3,145.3,0.221,0.0,44.71,28.05,29.07,29.31,29.03,28.75,28.96,29.2,28.23,29.32,12.53,12.73,12.93,12.89,12.87,12.57,11.22,926.0,942.0,932.0,925.0,942.0,921.0,812.0,4.432,4.503,4.573,4.558,4.551,4.444,3.968,0.0,354.0,0.0,60.12,0.0,123.4,0.0,5.0,0.0,0.0,0.0,37.02,38.82,36.55,24.16,24.02,0.0,27.45,349.2,24.14,2.0,3.526,-1.0,0.995,1.8,4902
2014-09-07 16:52:00,34.45,35.6,35.32,816394.0,74.7,59.9,60.0,25.73,23529.0,341.0,74804.0,810883.0,25.73,-0.99,-3.562,25.97,0.0,269.9,270.1,271.5,0.979,270.0,0.748,270.0,0.921,271.4,0.017,13.54,2.0,3.0,0.0,30.12,39.07,345.3,346.9,0.0,0.93,1.039,108.5,124.7,0.22,0.0,44.71,26.94,28.35,28.69,28.52,28.33,28.36,28.59,27.87,28.76,11.21,11.45,11.53,11.5,11.58,11.2,10.01,926.0,942.0,932.0,925.0,942.0,921.0,812.0,3.874,3.956,3.982,3.973,3.999,3.867,3.4560000000000004,0.0,345.5,0.0,60.15,0.0,113.2,0.0,5.0,0.0,0.0,0.0,32.18,33.99,31.73,23.77,23.64,0.0,26.58,320.3,16.17,2.0,3.526,-1.0,1.6669999999999998,2.6,4902
2014-09-07 16:53:00,31.3,32.49,32.19,816394.0,74.7,59.9,60.0,23.15,23529.0,341.0,74804.0,810884.0,23.19,-0.985,-3.953,23.53,0.0,269.7,270.3,271.6,0.979,270.0,0.748,270.0,0.921,271.6,0.017,13.54,2.0,3.0,0.0,30.08,36.36,342.2,343.4,0.0,0.8409999999999999,0.939,97.9,111.1,0.22,0.0,44.63,26.7,27.77,28.14,27.95,27.79,27.78,28.02,27.36,28.06,10.19,10.4,10.52,10.49,10.54,10.2,9.14,927.0,942.0,932.0,925.0,942.0,921.0,812.0,3.486,3.556,3.597,3.589,3.605,3.489,3.127,0.0,342.2,0.0,60.14,0.0,106.3,0.0,5.0,0.0,0.0,0.0,29.19,30.99,28.77,23.93,23.8,0.0,26.52,334.7,19.1,2.0,3.526,-1.0,2.317,3.1,4902
2014-09-07 16:54:00,28.98,30.15,29.83,816395.0,74.7,59.9,60.0,21.22,23529.0,341.0,74804.0,810884.0,21.28,-0.981,-4.239,21.7,0.0,269.7,270.2,271.4,0.979,270.0,0.748,270.0,0.921,271.2,0.017,13.54,2.0,3.0,0.0,30.03,34.25,336.6,337.7,0.0,0.77,0.8569999999999999,89.79999999999998,101.6,0.22,0.0,44.58,26.27,27.17,27.55,27.45,27.3,27.19,27.48,26.86,27.38,9.5,9.74,9.85,9.87,9.95,9.52,8.64,927.0,942.0,932.0,925.0,942.0,921.0,812.0,3.196,3.276,3.313,3.32,3.3480000000000003,3.202,2.906,0.0,336.3,0.0,60.15,0.0,101.8,0.0,5.0,0.0,0.0,0.0,26.93,28.77,26.59,23.97,23.75,0.0,26.07,344.8,29.33,2.0,3.53,-1.0,1.538,2.8,4902
2014-09-07 16:55:00,29.78,30.98,30.64,816395.0,74.7,59.9,60.0,21.92,23529.0,341.0,74804.0,810884.0,21.93,-0.983,-4.143,22.32,0.0,269.9,270.5,271.7,0.979,270.0,0.748,270.4,0.921,272.0,0.017,13.54,2.0,3.0,0.0,29.97,34.46,329.3,330.7,0.0,0.7879999999999999,0.875,91.9,104.3,0.22,0.0,44.52,25.89,26.73,27.08,26.98,26.76,26.77,27.02,26.49,26.95,10.02,10.25,10.33,10.35,10.45,10.02,9.05,927.0,942.0,932.0,925.0,942.0,921.0,812.0,3.3,3.3760000000000003,3.403,3.41,3.443,3.301,2.9810000000000003,0.0,329.5,0.0,60.13,0.0,104.7,0.0,5.0,0.0,0.0,0.0,27.66,29.52,27.29,23.89,23.69,0.0,25.54,357.7,25.53,2.0,3.53,-1.0,1.378,2.5,4902
2014-09-07 16:56:00,31.54,32.76,32.43,816396.0,74.7,59.9,60.0,23.4,23529.0,341.0,74804.0,810885.0,23.36,-0.986,-3.927,23.69,0.0,270.2,270.6,271.8,0.979,270.2,0.748,271.0,0.921,272.0,0.017,13.54,2.0,3.0,0.0,29.91,35.91,327.6,328.4,0.0,0.8349999999999999,0.922,97.1,110.7,0.22,0.0,44.43,25.48,26.31,26.72,26.66,26.42,26.41,26.66,26.27,26.52,10.75,10.96,11.03,11.04,11.15,10.74,9.64,927.0,942.0,932.0,925.0,942.0,921.0,812.0,3.52,3.591,3.613,3.617,3.651,3.517,3.157,0.0,327.5,0.0,60.15,0.0,109.6,0.0,5.0,0.0,0.0,0.0,29.33,31.17,28.94,23.75,23.52,0.0,25.1,335.6,10.23,2.0,3.528,-1.0,2.572,3.3,4902
2014-09-07 16:57:00,34.16,35.4,35.03,816396.0,74.7,59.9,60.0,25.57,23529.0,341.0,74804.0,810885.0,25.54,-0.99,-3.604,25.79,0.0,270.3,270.7,272.0,0.979,271.0,0.748,271.0,0.921,272.0,0.017,13.54,2.0,3.0,0.0,29.84,38.03,326.3,327.7,0.0,0.907,0.997,105.2,120.9,0.22,0.0,44.37,25.17,25.97,26.38,26.27,26.09,26.07,26.37,25.95,26.1,11.79,12.01,12.05,12.05,12.17,11.77,10.5,927.0,942.0,932.0,926.0,942.0,921.0,812.0,3.85,3.921,3.934,3.936,3.975,3.842,3.427,0.0,326.5,0.0,60.13,0.0,116.6,0.0,5.0,0.0,0.0,0.0,31.85,33.75,31.45,23.71,23.49,0.0,24.81,336.4,15.7,2.0,3.527,-1.0,2.06,2.9,4902
2014-09-07 16:58:00,37.31,38.52,38.24,816397.0,74.7,59.9,60.0,28.2,23529.0,341.0,74804.0,810886.0,28.09,-0.993,-3.208,28.27,0.0,270.5,270.9,272.1,0.979,271.0,0.748,271.0,0.921,272.0,0.017,13.54,2.0,3.0,0.0,29.77,40.62,326.9,328.3,0.0,0.993,1.085,114.5,132.8,0.22,0.0,44.3,25.02,25.77,26.12,25.99,25.85,25.79,26.12,25.73,25.8,12.95,13.17,13.17,13.17,13.32,12.9,11.45,927.0,942.0,932.0,926.0,943.0,921.0,812.0,4.239,4.309,4.309,4.309,4.3580000000000005,4.221,3.746,0.0,327.2,0.0,60.21,0.0,124.3,0.0,5.0,0.0,0.0,0.0,34.86,36.77,34.46,23.66,23.45,0.0,24.66,350.5,10.85,2.0,3.527,-1.0,2.423,3.8,4902
2014-09-07 16:59:00,39.01,40.15,39.9,816397.0,74.7,59.9,60.0,29.58,23529.0,341.0,74804.0,810886.0,29.42,-0.995,-2.989,29.57,0.0,270.3,271.0,272.2,0.979,270.9,0.748,271.0,0.921,272.0,0.017,13.54,2.0,3.0,0.0,29.69,42.12,330.7,331.9,0.0,1.041,1.129,118.9,137.7,0.22,0.0,44.19,24.8,25.56,25.91,25.73,25.57,25.57,25.86,25.47,25.63,13.42,13.6,13.61,13.6,13.72,13.37,11.81,927.0,942.0,933.0,926.0,943.0,921.0,812.0,4.433,4.494,4.497,4.493,4.532,4.416,3.901,0.0,330.5,0.0,60.2,0.0,127.4,0.0,5.0,0.0,0.0,0.0,36.44,38.35,36.02,23.49,23.3,0.0,24.37,321.7,19.07,2.0,3.526,-1.0,2.517,4.4,4902
2014-09-07 17:00:00,34.79,35.91,35.65,816398.0,74.7,59.9,60.0,26.07,23529.0,341.0,74804.0,810887.0,26.02,-0.991,-3.533,26.26,0.0,270.5,270.8,272.0,0.979,271.0,0.748,271.0,0.921,272.0,0.017,13.54,2.0,3.0,0.0,29.62,39.0,342.9,344.0,0.0,0.931,0.996,106.1,120.1,0.22,0.0,44.15,24.56,25.32,25.65,25.49,25.39,25.32,25.64,25.33,25.48,11.44,11.63,11.7,11.69,11.77,11.43,10.17,927.0,942.0,933.0,926.0,943.0,921.0,812.0,3.92,3.986,4.007,4.005,4.032,3.917,3.483,0.0,342.7,0.0,60.14,0.0,113.8,0.0,5.0,0.0,0.0,0.0,32.46,34.27,31.99,23.37,23.16,0.0,24.21,309.3,24.72,2.0,3.527,-1.0,1.6969999999999998,2.4,4902
2014-09-07 17:01:00,34.05,35.23,34.91,816398.0,74.7,59.9,60.0,25.51,23529.0,341.0,74804.0,810887.0,25.46,-0.99,-3.638,25.71,0.0,270.6,271.2,272.4,0.979,271.0,0.748,271.0,0.921,272.1,0.017,13.54,2.0,3.0,0.0,29.54,38.37,339.7,341.3,0.0,0.914,0.968,103.8,116.8,0.22,0.0,44.04,24.38,25.11,25.42,25.29,25.18,25.09,25.38,25.18,25.29,11.32,11.52,11.57,11.57,11.66,11.31,10.07,927.0,943.0,933.0,926.0,943.0,921.0,812.0,3.84,3.908,3.923,3.924,3.956,3.835,3.414,0.0,339.2,0.0,60.14,0.0,113.0,0.0,5.0,0.0,0.0,0.0,31.74,33.58,31.3,23.33,23.12,0.0,24.04,307.2,9.78,2.0,3.528,-1.0,2.43,3.0,4902
2014-09-07 17:02:00,34.43,35.6,35.29,816399.0,74.7,59.9,60.0,25.84,23529.0,341.0,74804.0,810887.0,25.77,-0.99,-3.596,26.02,0.0,270.8,271.4,272.6,0.979,271.0,0.748,271.0,0.921,272.7,0.017,13.54,2.0,3.0,0.0,29.46,38.34,337.1,338.2,0.0,0.925,0.974,104.8,117.5,0.22,0.0,43.93,24.29,24.85,25.2,25.08,24.95,24.88,25.17,24.99,25.11,11.54,11.74,11.77,11.78,11.87,11.52,10.24,927.0,943.0,933.0,926.0,943.0,921.0,813.0,3.89,3.955,3.967,3.969,4.002,3.883,3.452,0.0,337.0,0.0,60.14,0.0,113.7,0.0,5.0,0.0,0.0,0.0,32.11,33.95,31.66,23.37,23.18,0.0,23.93,336.5,15.59,2.0,3.528,-1.0,1.945,3.9,4902
2014-09-07 17:03:00,35.13,36.28,35.97,816399.0,74.7,59.9,60.0,26.42,23529.0,341.0,74804.0,810888.0,26.33,-0.991,-3.517,26.57,0.0,271.2,271.4,272.7,0.979,271.0,0.748,271.0,0.921,273.0,0.017,13.54,2.0,3.0,0.0,29.37,39.07,336.7,337.5,0.0,0.946,0.992,106.7,119.6,0.22,0.0,43.8,24.16,24.7,24.97,24.87,24.76,24.67,24.95,24.79,24.95,11.8,12.0,12.04,12.05,12.15,11.79,10.49,927.0,943.0,933.0,926.0,943.0,921.0,813.0,3.969,4.0360000000000005,4.05,4.054,4.086,3.965,3.526,0.0,336.3,0.0,60.15,0.0,116.0,0.0,5.0,0.0,0.0,0.0,32.76,34.61,32.32,23.32,23.08,0.0,23.78,341.0,22.33,2.0,3.527,-1.0,1.9,3.0,4902
2014-09-07 17:04:00,35.54,36.76,36.41,816400.0,74.7,59.9,60.0,26.79,23529.0,341.0,74804.0,810888.0,26.71,-0.992,-3.4610000000000003,26.93,0.0,271.3,271.4,272.7,0.979,271.3,0.748,271.4,0.921,273.0,0.017,13.54,2.0,3.0,0.0,29.29,39.53,337.7,339.0,0.0,0.959,1.002,107.9,120.6,0.22,0.0,43.68,24.12,24.58,24.87,24.78,24.61,24.59,24.87,24.78,24.9,11.91,12.11,12.16,12.18,12.27,11.91,10.6,927.0,943.0,933.0,926.0,943.0,922.0,813.0,4.02,4.087,4.105,4.111000000000001,4.141,4.02,3.5780000000000003,0.0,337.6,0.0,60.15,0.0,117.0,0.0,5.0,0.0,0.0,0.0,33.18,35.04,32.74,23.33,23.1,0.0,23.77,339.6,35.67,2.0,3.526,-1.0,2.083,3.0,4902
2014-09-07 17:05:00,34.95,36.16,35.83,816400.0,74.7,59.9,60.0,26.32,23529.0,341.0,74804.0,810889.0,26.25,-0.991,-3.542,26.49,0.0,271.2,271.6,272.9,0.979,272.0,0.748,272.0,0.921,273.0,0.017,13.54,2.0,3.0,0.0,29.2,38.85,340.3,341.6,0.0,0.945,0.98,106.2,117.7,0.22,0.0,43.54,24.1,24.58,24.76,24.63,24.52,24.48,24.73,24.63,24.75,11.63,11.82,11.87,11.88,11.95,11.63,10.33,927.0,943.0,933.0,926.0,943.0,922.0,813.0,3.957,4.021,4.039,4.042,4.066,3.956,3.514,0.0,340.3,0.0,60.17,0.0,114.2,0.0,5.0,0.0,0.0,0.0,32.64,34.5,32.2,23.32,23.1,0.0,23.75,320.0,15.69,2.0,3.526,-1.0,1.995,2.8,4902
2014-09-07 17:06:00,34.43,35.59,35.28,816400.0,74.7,59.9,60.0,25.87,23529.0,341.0,74804.0,810889.0,25.79,-0.99,-3.614,26.04,0.0,271.5,271.7,273.0,0.979,272.0,0.748,272.0,0.921,273.0,0.017,13.54,2.0,3.0,0.0,29.11,38.48,340.6,341.6,0.0,0.93,0.959,104.5,115.0,0.22,0.0,43.42,23.96,24.45,24.63,24.53,24.38,24.4,24.61,24.55,24.66,11.43,11.62,11.66,11.67,11.74,11.43,10.14,927.0,943.0,933.0,926.0,943.0,922.0,813.0,3.892,3.955,3.97,3.973,3.997,3.89,3.4530000000000003,0.0,340.4,0.0,60.15,0.0,113.0,0.0,5.0,0.0,0.0,0.0,32.08,33.93,31.64,23.19,22.95,0.0,23.6,318.8,22.84,2.0,3.527,-1.0,3.01,5.0,4902
2014-09-07 17:07:00,34.08,35.32,34.96,816401.0,74.7,59.9,60.0,25.62,23529.0,341.0,74804.0,810890.0,25.56,-0.99,-3.651,25.82,0.0,271.4,271.7,273.0,0.979,272.0,0.748,272.0,0.921,273.0,0.0559999999999999,13.54,2.0,3.0,0.0,29.03,38.17,340.6,342.5,0.0,0.921,0.946,103.5,113.5,0.22,0.0,43.31,23.85,24.32,24.52,24.35,24.24,24.34,24.47,24.35,24.48,11.35,11.53,11.57,11.58,11.65,11.34,10.06,927.0,943.0,933.0,926.0,943.0,922.0,813.0,3.86,3.921,3.934,3.938,3.962,3.857,3.422,0.0,340.1,0.0,60.14,0.0,112.1,0.0,5.0,0.0,0.0,0.0,31.8,33.66,31.37,23.11,22.88,0.0,23.46,323.3,23.82,2.0,3.528,-1.0,3.003,4.1,4902
2014-09-07 17:08:00,33.87,35.01,34.72,816401.0,74.7,59.9,60.0,25.41,23530.0,341.0,74804.0,810890.0,25.34,-0.99,-3.687,25.6,0.0,271.4,271.7,273.0,0.979,272.0,0.748,272.0,0.921,273.0,0.0509999999999999,13.58,2.0,3.0,0.0,28.94,37.76,340.6,342.9,0.0,0.917,0.937,102.7,112.0,0.22,0.0,43.14,23.75,24.22,24.41,24.26,24.09,24.26,24.35,24.29,24.4,11.26,11.44,11.47,11.48,11.55,11.25,9.97,927.0,943.0,933.0,926.0,943.0,922.0,813.0,3.829,3.889,3.901,3.904,3.927,3.826,3.391,0.0,340.1,0.0,60.13,0.0,110.8,0.0,5.0,0.0,0.0,0.0,31.54,33.41,31.11,23.06,22.81,0.0,23.39,316.8,25.71,2.0,3.527,-1.0,2.373,4.0,4902
2014-09-07 17:09:00,33.34,34.56,34.26,816402.0,74.7,59.9,60.0,25.02,23530.0,341.0,74804.0,810891.0,24.94,-0.989,-3.745,25.22,0.0,271.5,271.7,273.0,0.979,272.0,0.748,272.0,0.921,273.0,0.037,13.58,2.0,3.0,0.0,28.85,37.4,341.1,341.9,0.0,0.905,0.921,101.2,109.8,0.2189999999999999,0.0,43.0,23.77,24.14,24.31,24.16,24.03,24.13,24.24,24.19,24.28,11.07,11.24,11.28,11.29,11.35,11.06,9.8,928.0,943.0,933.0,926.0,943.0,922.0,813.0,3.771,3.831,3.842,3.845,3.866,3.768,3.339,0.0,340.7,0.0,60.14,0.0,109.7,0.0,5.0,0.0,0.0,0.0,31.06,32.91,30.67,23.07,22.85,0.0,23.38,349.0,25.33,2.0,3.528,-1.0,2.147,3.3,4902
2014-09-07 17:10:00,32.68,33.93,33.6,816402.0,74.7,59.9,60.0,24.49,23530.0,341.0,74804.0,810891.0,24.47,-0.988,-3.819,24.77,0.0,271.6,271.9,273.2,0.979,272.0,0.748,272.0,0.921,273.0,0.0299999999999999,13.58,2.0,3.0,0.0,28.76,37.04,341.5,342.3,0.0,0.888,0.903,99.5,107.5,0.22,0.0,42.88,23.79,24.09,24.28,24.13,23.93,24.11,24.21,24.19,24.22,10.86,11.03,11.06,11.07,11.13,10.85,9.61,928.0,943.0,933.0,926.0,943.0,922.0,813.0,3.704,3.761,3.772,3.775,3.796,3.7,3.278,0.0,341.0,0.0,60.15,0.0,108.5,0.0,5.0,0.0,0.0,0.0,30.5,32.35,30.12,23.18,22.97,0.0,23.41,332.2,27.28,2.0,3.53,-1.0,1.3119999999999998,2.4,4902
2014-09-07 17:11:00,32.11,33.32,33.05,816403.0,74.7,59.9,60.0,24.03,23530.0,341.0,74804.0,810891.0,24.0,-0.987,-3.899,24.31,0.0,271.7,272.1,273.3,0.979,272.0,0.748,272.0,0.921,273.0,0.026,13.58,2.0,3.0,0.0,28.68,36.3,341.2,340.6,0.0,0.8679999999999999,0.884,97.7,105.2,0.2189999999999999,0.0,42.77,23.76,24.03,24.28,24.13,23.94,24.05,24.19,24.25,24.19,10.67,10.84,10.87,10.88,10.93,10.66,9.44,928.0,943.0,933.0,926.0,943.0,922.0,813.0,3.634,3.69,3.701,3.705,3.724,3.632,3.217,0.0,340.6,0.0,60.14,0.0,106.4,0.0,5.0,0.0,0.0,0.0,29.94,31.77,29.55,23.14,22.89,0.0,23.36,309.2,15.38,2.0,3.527,-1.0,1.7519999999999998,2.5,4902
2014-09-07 17:12:00,31.62,32.8,32.53,816403.0,74.7,59.9,60.0,23.61,23530.0,341.0,74804.0,810892.0,23.6,-0.986,-3.959,23.93,0.0,271.7,272.2,273.3,0.979,272.0,0.748,272.0,0.921,273.0,0.023,13.58,2.0,3.0,0.0,28.59,35.95,340.3,342.1,0.0,0.849,0.8669999999999999,96.1,103.3,0.2189999999999999,0.0,42.65,23.76,23.95,24.2,24.05,23.89,23.98,24.15,24.19,24.12,10.51,10.67,10.7,10.72,10.77,10.5,9.3,928.0,943.0,933.0,927.0,943.0,922.0,813.0,3.576,3.632,3.642,3.646,3.665,3.574,3.165,0.0,340.2,0.0,60.13,0.0,105.6,0.0,5.0,0.0,0.0,0.0,29.47,31.31,29.07,23.13,22.89,0.0,23.34,339.5,26.59,2.0,3.53,-1.0,1.725,2.6,4902
2014-09-07 17:13:00,31.19,32.48,32.09,816404.0,74.7,59.9,60.0,23.26,23530.0,341.0,74804.0,810892.0,23.25,-0.985,-4.008,23.6,0.0,271.8,271.9,273.1,0.979,272.0,0.748,272.0,0.921,273.0,0.022,13.58,2.0,3.0,0.0,28.5,35.61,340.2,341.3,0.0,0.8329999999999999,0.8529999999999999,94.8,101.7,0.2189999999999999,0.0,42.51,23.79,23.88,24.12,24.01,23.81,23.92,24.07,24.14,24.06,10.38,10.54,10.57,10.58,10.63,10.37,9.18,928.0,943.0,933.0,927.0,944.0,922.0,813.0,3.525,3.58,3.59,3.594,3.613,3.523,3.12,0.0,339.7,0.0,60.15,0.0,104.7,0.0,5.0,0.0,0.0,0.0,29.08,30.92,28.68,23.29,23.04,0.0,23.36,334.5,11.74,2.0,3.53,-1.0,2.632,3.8,4902
2014-09-07 17:14:00,30.93,32.04,31.73,816404.0,74.7,59.9,60.0,22.98,23530.0,341.0,74804.0,810892.0,22.96,-0.985,-4.059,23.31,0.0,271.5,272.0,273.3,0.979,272.0,0.748,272.0,0.921,273.0,0.021,13.58,2.0,3.0,0.0,28.41,35.04,340.1,340.6,0.0,0.819,0.842,93.6,100.4,0.2189999999999999,0.0,42.33,23.79,23.8,24.02,23.91,23.71,23.85,24.01,24.02,23.96,10.26,10.41,10.44,10.46,10.51,10.25,9.08,928.0,943.0,934.0,927.0,944.0,922.0,813.0,3.482,3.536,3.545,3.55,3.568,3.48,3.0810000000000004,0.0,339.5,0.0,60.17,0.0,103.0,0.0,5.0,0.0,0.0,0.0,28.73,30.57,28.32,23.31,23.07,0.0,23.38,336.3,21.15,2.0,3.53,-1.0,1.998,3.0,4902
2014-09-07 17:15:00,30.56,31.73,31.4,816404.0,74.7,59.9,60.0,22.7,23530.0,341.0,74804.0,810893.0,22.72,-0.984,-4.092,23.09,0.0,271.6,272.0,273.3,0.979,272.0,0.748,272.0,0.921,273.0,0.02,13.58,2.0,3.0,0.0,28.33,34.74,340.1,340.4,0.0,0.8079999999999999,0.834,92.7,99.4,0.2189999999999999,0.0,42.26,23.74,23.8,24.01,23.88,23.67,23.82,23.91,24.01,23.95,10.16,10.32,10.35,10.36,10.41,10.16,8.99,928.0,943.0,934.0,927.0,944.0,922.0,813.0,3.447,3.5,3.509,3.514,3.533,3.445,3.05,0.0,339.2,0.0,60.14,0.0,102.1,0.0,5.0,0.0,0.0,0.0,28.45,30.29,28.04,23.18,22.91,0.0,23.32,317.0,18.55,2.0,3.527,-1.0,1.5519999999999998,3.0,4902
2014-09-07 17:16:00,30.18,31.36,31.04,816405.0,74.7,59.9,60.0,22.37,23530.0,341.0,74804.0,810893.0,22.39,-0.983,-4.134,22.77,0.0,271.6,271.6,272.9,0.979,271.6,0.748,272.0,0.921,273.0,0.02,13.57,2.0,3.0,0.0,28.24,34.6,340.2,341.0,0.0,0.7929999999999999,0.82,91.4,97.9,0.2189999999999999,0.0,42.13,23.66,23.75,23.91,23.79,23.58,23.74,23.88,23.94,23.94,10.01,10.17,10.19,10.21,10.26,10.01,8.859999999999998,928.0,943.0,934.0,927.0,944.0,922.0,813.0,3.399,3.451,3.46,3.464,3.482,3.397,3.006,0.0,339.4,0.0,60.15,0.0,101.7,0.0,5.0,0.0,0.0,0.0,28.1,29.93,27.68,23.08,22.8,0.0,23.26,340.1,31.08,2.0,3.526,-1.0,0.942,2.3,4902
2014-09-07 17:17:00,29.8,30.98,30.63,816405.0,74.7,59.9,60.0,22.03,23530.0,341.0,74804.0,810894.0,22.05,-0.982,-4.183,22.45,0.0,271.2,271.6,272.9,0.979,271.3,0.748,271.9,0.921,273.0,0.019,13.58,2.0,3.0,0.0,28.16,34.24,339.9,340.8,0.0,0.778,0.807,90.1,96.4,0.2189999999999999,0.0,41.95,23.6,23.74,23.91,23.73,23.52,23.72,23.81,23.91,23.93,9.88,10.03,10.06,10.07,10.12,9.88,8.74,928.0,944.0,934.0,927.0,944.0,922.0,813.0,3.3510000000000004,3.402,3.41,3.414,3.431,3.3480000000000003,2.962,0.0,339.0,0.0,60.14,0.0,100.8,0.0,5.0,0.0,0.0,0.0,27.72,29.56,27.3,22.99,22.72,0.0,23.2,0.983,23.7,2.0,3.526,-1.0,1.927,2.9,4902
2014-09-07 17:18:00,29.28,30.52,30.17,816406.0,74.7,59.9,60.0,21.62,23530.0,341.0,74804.0,810894.0,21.67,-0.981,-4.234,22.08,0.0,270.9,271.5,272.7,0.979,271.3,0.748,271.3,0.921,272.9,0.019,13.58,2.0,3.0,0.0,28.08,33.6,339.8,339.8,0.0,0.763,0.792,88.7,94.7,0.2189999999999999,0.0,41.82,23.62,23.67,23.89,23.71,23.47,23.67,23.8,23.91,23.94,9.72,9.87,9.89,9.9,9.95,9.71,8.59,928.0,944.0,934.0,927.0,944.0,922.0,813.0,3.294,3.344,3.352,3.3560000000000003,3.373,3.2910000000000004,2.911,0.0,338.9,0.0,60.15,0.0,98.9,0.0,5.0,0.0,0.0,0.0,27.28,29.13,26.88,23.17,22.94,0.0,23.26,9.18,18.79,2.0,3.53,-1.0,1.675,2.6,4902
2014-09-07 17:19:00,28.75,29.84,29.54,816406.0,74.7,59.9,60.0,21.12,23530.0,341.0,74804.0,810894.0,21.18,-0.98,-4.31,21.62,0.0,271.0,271.5,272.8,0.979,271.0,0.748,271.4,0.921,273.0,0.019,13.57,2.0,3.0,0.0,27.99,33.31,340.5,340.4,0.0,0.747,0.775,86.9,92.6,0.2189999999999999,0.0,41.64,23.69,23.71,23.81,23.66,23.37,23.72,23.71,23.86,23.87,9.49,9.64,9.66,9.670000000000002,9.72,9.49,8.39,928.0,944.0,934.0,927.0,944.0,922.0,813.0,3.2230000000000003,3.272,3.281,3.285,3.3,3.22,2.849,0.0,339.5,0.0,60.13,0.0,97.8,0.0,5.0,0.0,0.0,0.0,26.73,28.56,26.33,23.32,23.09,0.0,23.29,348.9,20.66,2.0,3.528,-1.0,2.812,3.6,4902
2014-09-07 17:20:00,28.08,29.16,28.87,816406.0,74.7,59.9,60.0,20.57,23530.0,341.0,74804.0,810895.0,20.64,-0.978,-4.4,21.1,0.0,271.5,271.6,272.8,0.979,271.6,0.748,272.0,0.921,273.0,0.019,13.58,2.0,3.0,0.0,27.91,32.63,340.1,340.4,0.0,0.7299999999999999,0.757,84.9,90.2,0.2189999999999999,0.0,41.46,23.68,23.71,23.71,23.55,23.32,23.68,23.65,23.71,23.84,9.27,9.41,9.44,9.45,9.49,9.26,8.199999999999998,928.0,944.0,934.0,927.0,944.0,922.0,813.0,3.143,3.19,3.2,3.204,3.219,3.14,2.779,0.0,339.0,0.0,60.16,0.0,95.9,0.0,5.0,0.0,0.0,0.0,26.1,27.91,25.69,23.37,23.1,0.0,23.31,351.4,26.83,2.0,3.53,-1.0,2.435,3.5,4902
2014-09-07 17:21:00,27.41,28.57,28.21,816407.0,74.7,59.9,60.0,20.05,23530.0,341.0,74804.0,810895.0,20.08,-0.976,-4.4830000000000005,20.57,0.0,271.2,271.7,272.9,0.979,271.8,0.748,272.0,0.921,273.0,0.019,13.57,2.0,3.0,0.0,27.83,31.97,339.8,339.7,0.0,0.7129999999999999,0.7379999999999999,82.79999999999998,87.9,0.2189999999999999,0.0,41.26,23.6,23.68,23.7,23.52,23.27,23.63,23.58,23.76,23.75,9.03,9.170000000000002,9.2,9.21,9.25,9.02,7.987,928.0,944.0,934.0,927.0,944.0,923.0,814.0,3.0610000000000004,3.107,3.117,3.1210000000000004,3.135,3.059,2.707,0.0,339.0,0.0,60.15,0.0,94.1,0.0,5.0,0.0,0.0,0.0,25.46,27.28,25.06,23.25,22.96,0.0,23.22,328.9,14.63,2.0,3.53,-1.0,2.907,4.1,4902
2014-09-07 17:22:00,26.74,27.87,27.54,816407.0,74.7,59.9,60.0,19.49,23530.0,341.0,74804.0,810895.0,19.58,-0.974,-4.563,20.1,0.0,271.1,271.8,272.9,0.979,271.6,0.748,272.0,0.921,273.0,0.019,13.57,2.0,3.0,0.0,27.75,31.46,339.8,340.0,0.0,0.697,0.7209999999999999,80.9,86.0,0.2189999999999999,0.0,41.1,23.53,23.58,23.6,23.47,23.16,23.6,23.52,23.66,23.64,8.81,8.949999999999998,8.98,8.99,9.04,8.81,7.8,928.0,944.0,934.0,927.0,944.0,923.0,814.0,2.985,3.032,3.042,3.0460000000000003,3.0610000000000004,2.985,2.642,0.0,338.8,0.0,60.14,0.0,92.6,0.0,5.0,0.0,0.0,0.0,24.89,26.71,24.51,23.24,22.96,0.0,23.17,345.2,18.41,2.0,3.527,-1.0,2.212,3.3,4902
2014-09-07 17:23:00,26.21,27.37,27.02,816407.0,74.7,59.9,60.0,19.06,23531.0,341.0,74804.0,810896.0,19.15,-0.972,-4.627,19.7,0.0,271.3,271.8,273.0,0.979,271.7,0.748,272.0,0.921,273.0,0.019,13.57,2.0,3.0,0.0,27.66,30.77,339.4,339.1,0.0,0.684,0.7059999999999998,79.28,84.29999999999998,0.2189999999999999,0.0,40.95,23.5,23.52,23.53,23.4,23.13,23.54,23.42,23.6,23.59,8.64,8.769999999999998,8.81,8.82,8.859999999999998,8.64,7.647,928.0,944.0,934.0,927.0,944.0,923.0,814.0,2.924,2.968,2.979,2.982,2.9960000000000004,2.923,2.587,0.0,338.3,0.0,60.13,0.0,90.7,0.0,5.0,0.0,0.0,0.0,24.38,26.21,24.01,23.3,23.02,0.0,23.16,354.2,22.18,2.0,3.527,-1.0,1.91,3.2,4902
2014-09-07 17:24:00,25.64,26.73,26.44,816408.0,74.7,59.9,60.0,18.57,23531.0,341.0,74804.0,810896.0,18.66,-0.97,-4.71,19.24,0.0,271.6,271.9,273.0,0.979,272.0,0.748,272.0,0.921,273.0,0.019,13.57,2.0,3.0,0.0,27.59,30.48,338.7,339.3,0.0,0.667,0.689,77.44,82.29999999999998,0.2189999999999999,0.0,40.77,23.5,23.52,23.61,23.36,23.04,23.47,23.42,23.55,23.54,8.439999999999998,8.56,8.599999999999998,8.609999999999998,8.65,8.439999999999998,7.466,928.0,944.0,934.0,927.0,944.0,923.0,814.0,2.853,2.894,2.906,2.91,2.923,2.852,2.524,0.0,338.0,0.0,60.15,0.0,90.0,0.0,5.0,0.0,0.0,0.0,23.83,25.64,23.46,23.28,23.0,0.0,23.13,349.0,30.89,2.0,3.53,-1.0,1.473,2.6,4902
2014-09-07 17:25:00,25.1,26.18,25.83,816408.0,74.7,59.9,60.0,18.11,23531.0,341.0,74804.0,810896.0,18.21,-0.967,-4.774,18.83,0.0,271.5,271.9,273.0,0.979,272.0,0.748,272.0,0.921,273.0,0.019,13.57,2.0,3.0,0.0,27.5,29.89,338.7,338.2,0.0,0.652,0.6729999999999999,75.75,80.4,0.2189999999999999,0.0,40.61,23.44,23.42,23.56,23.38,23.03,23.42,23.34,23.55,23.46,8.25,8.37,8.41,8.42,8.46,8.25,7.303,928.0,944.0,934.0,927.0,944.0,923.0,814.0,2.786,2.826,2.839,2.843,2.8560000000000003,2.786,2.466,0.0,337.7,0.0,60.14,0.0,88.2,0.0,5.0,0.0,0.0,0.0,23.33,25.14,22.98,23.07,22.8,0.0,23.03,331.7,34.91,2.0,3.527,-1.0,2.025,3.1,4902
2014-09-07 17:26:00,24.49,25.63,25.33,816409.0,74.7,59.9,60.0,17.64,23531.0,341.0,74804.0,810897.0,17.75,-0.965,-4.852,18.4,0.0,271.5,271.9,273.0,0.979,272.0,0.748,272.0,0.921,273.0,0.019,13.57,2.0,3.0,0.0,27.43,29.21,338.0,338.6,0.0,0.638,0.657,73.97,78.17,0.2189999999999999,0.0,40.5,23.41,23.36,23.53,23.35,23.04,23.34,23.35,23.61,23.43,8.06,8.17,8.22,8.23,8.269999999999998,8.07,7.144,928.0,944.0,934.0,927.0,944.0,923.0,814.0,2.717,2.754,2.7710000000000004,2.775,2.787,2.719,2.407,0.0,337.0,0.0,60.15,0.0,86.4,0.0,5.0,0.0,0.0,0.0,22.82,24.6,22.48,23.13,22.87,0.0,23.0,339.0,20.45,2.0,3.526,-1.0,2.055,3.0,4902
2014-09-07 17:27:00,24.0,25.17,24.84,816409.0,74.7,59.9,60.0,17.26,23531.0,341.0,74804.0,810897.0,17.39,-0.962,-4.918,18.07,0.0,271.6,272.1,273.2,0.979,272.0,0.748,272.0,0.921,273.0,0.019,13.57,2.0,3.0,0.0,27.35,29.02,336.6,337.6,0.0,0.628,0.647,72.56,76.09,0.2189999999999999,0.0,40.35,23.41,23.31,23.43,23.27,22.94,23.34,23.31,23.53,23.37,7.917,8.01,8.08,8.09,8.13,7.936,7.022,929.0,944.0,934.0,927.0,944.0,923.0,814.0,2.661,2.694,2.718,2.721,2.733,2.668,2.36,0.0,336.2,0.0,60.15,0.0,86.2,0.0,5.0,0.0,0.0,0.0,22.37,24.2,22.08,23.16,22.89,0.0,22.97,321.5,14.69,2.0,3.528,-1.0,1.843,2.9,4902
2014-09-07 17:28:00,23.59,24.7,24.41,816409.0,74.7,59.9,60.0,16.92,23531.0,341.0,74804.0,810897.0,17.07,-0.96,-4.975,17.78,0.0,271.6,272.2,273.4,0.979,272.0,0.748,272.0,0.921,273.0,0.018,13.57,2.0,3.0,0.0,27.27,28.78,336.7,338.2,0.0,0.622,0.639,71.36,73.79,0.218,0.0,40.33,23.33,23.23,23.38,23.23,22.88,23.24,23.23,23.44,23.3,7.767,7.8439999999999985,7.949,7.957999999999998,7.991,7.806,6.903,929.0,944.0,934.0,927.0,944.0,923.0,814.0,2.612,2.637,2.673,2.676,2.687,2.625,2.321,0.0,336.3,0.0,60.17,0.0,85.5,0.0,5.0,0.0,0.0,0.0,22.01,23.84,21.74,23.09,22.82,0.0,22.92,320.0,16.4,2.0,3.528,-1.0,1.96,2.8,4902
2014-09-07 17:29:00,22.91,24.07,23.74,816409.0,74.7,59.9,60.0,16.36,23531.0,341.0,74804.0,810897.0,16.52,-0.956,-5.06,17.27,0.0,271.7,272.3,273.4,0.979,272.0,0.748,272.0,0.921,273.0,0.018,13.58,2.0,3.0,0.0,27.2,28.0,337.1,338.5,0.0,0.6069999999999999,0.62,69.33,71.79,0.218,0.0,40.33,23.23,23.18,23.33,23.2,22.84,23.23,23.23,23.43,23.25,7.5139999999999985,7.586,7.692999999999999,7.701,7.73,7.553,6.68,929.0,944.0,934.0,927.0,944.0,923.0,814.0,2.531,2.555,2.592,2.594,2.604,2.544,2.25,0.0,336.9,0.0,60.21,0.0,83.09999999999998,0.0,5.0,0.0,0.0,0.0,21.38,23.21,21.15,22.99,22.7,0.0,22.85,355.6,37.74,2.0,3.527,-1.0,1.483,2.3,4902
2014-09-07 17:30:00,22.11,23.3,22.93,816410.0,74.7,59.9,60.0,15.7,23531.0,341.0,74804.0,810898.0,15.84,-0.951,-5.159,16.66,0.0,271.6,272.3,273.5,0.979,272.0,0.748,272.0,0.921,273.0,0.018,13.57,2.0,3.0,0.0,27.12,27.73,337.0,337.8,0.0,0.5839999999999999,0.5939999999999999,66.82,69.88,0.218,0.0,40.33,23.17,23.13,23.23,23.14,22.78,23.15,23.14,23.41,23.17,7.232999999999999,7.312999999999999,7.394999999999999,7.402,7.429999999999999,7.257,6.421,929.0,944.0,934.0,927.0,944.0,923.0,814.0,2.434,2.461,2.489,2.491,2.501,2.443,2.161,0.0,336.6,0.0,60.13,0.0,82.29999999999998,0.0,5.0,0.0,0.0,0.0,20.62,22.47,20.42,22.93,22.66,0.0,22.78,340.1,28.21,2.0,3.527,-1.0,1.053,2.0,4902
2014-09-07 17:31:00,21.52,22.71,22.39,816410.0,74.7,59.9,60.0,15.22,23531.0,341.0,74804.0,810898.0,15.45,-0.948,-5.212000000000001,16.3,0.0,271.7,272.1,273.3,0.979,272.0,0.748,272.0,0.921,273.0,0.018,13.57,2.0,3.0,0.0,27.04,27.42,335.0,336.5,0.0,0.57,0.5779999999999998,65.28,68.13,0.218,0.0,40.35,23.07,23.06,23.22,23.04,22.71,23.08,23.07,23.33,23.19,7.097,7.167999999999999,7.263,7.272,7.3039999999999985,7.127999999999999,6.31,929.0,944.0,934.0,928.0,944.0,923.0,814.0,2.377,2.401,2.4330000000000003,2.435,2.446,2.387,2.113,0.0,334.9,0.0,60.15,0.0,81.9,0.0,5.0,0.0,0.0,0.0,20.18,22.07,20.03,22.9,22.61,0.0,22.71,316.5,29.18,2.0,3.53,-1.0,0.832,1.7,4902
2014-09-07 17:32:00,21.28,22.54,22.19,816410.0,74.7,59.9,60.0,15.07,23531.0,341.0,74804.0,810898.0,15.22,-0.945,-5.252000000000001,16.1,0.0,271.9,272.4,273.5,0.979,272.0,0.748,272.0,0.921,273.1,0.018,13.57,2.0,3.0,0.0,26.97,27.11,334.4,334.5,0.0,0.562,0.572,64.37,66.73,0.218,0.0,40.55,23.02,23.0,23.14,22.99,22.65,23.0,23.04,23.23,23.15,6.999,7.0520000000000005,7.175,7.183,7.216,7.042000000000001,6.234,929.0,944.0,934.0,928.0,945.0,923.0,814.0,2.34,2.358,2.399,2.402,2.4130000000000003,2.355,2.084,0.0,334.4,0.0,60.14,0.0,81.09999999999998,0.0,5.0,0.0,0.0,0.0,19.93,21.8,19.76,22.91,22.65,0.0,22.66,12.02,28.53,2.0,3.531,-1.0,0.813,1.7,4902
2014-09-07 17:33:00,21.2,22.24,22.11,816411.0,74.7,59.9,60.0,14.94,23531.0,341.0,74804.0,810898.0,15.07,-0.944,-5.268,15.97,0.0,272.1,272.5,273.6,0.979,272.0,0.748,272.1,0.921,273.4,0.018,13.57,2.0,3.0,0.0,26.89,26.94,333.5,333.8,0.0,0.557,0.57,63.76,65.82,0.218,0.0,40.55,23.02,22.95,23.07,22.94,22.57,22.95,22.94,23.23,23.1,6.957999999999999,6.995,7.145,7.154,7.187,7.015,6.209,929.0,944.0,934.0,928.0,945.0,923.0,814.0,2.318,2.33,2.38,2.383,2.394,2.337,2.068,0.0,333.2,0.0,60.14,0.0,80.79999999999998,0.0,5.0,0.0,0.0,0.0,19.76,21.64,19.62,23.01,22.75,0.0,22.66,344.8,39.8,2.0,3.528,-1.0,1.145,2.0,4902
2014-09-07 17:34:00,21.1,22.16,21.96,816411.0,74.7,59.9,60.0,14.85,23531.0,341.0,74804.0,810899.0,15.04,-0.944,-5.269,15.93,0.0,272.0,272.4,273.5,0.979,272.0,0.748,272.0,0.921,273.3,0.018,13.57,2.0,3.0,0.0,26.83,26.95,333.2,335.7,0.0,0.557,0.569,63.74,65.56,0.218,0.0,40.61,23.02,22.98,23.04,22.89,22.55,22.97,22.92,23.22,23.07,6.939,6.962000000000001,7.132000000000001,7.14,7.171,7.005,6.195,929.0,944.0,934.0,928.0,945.0,923.0,814.0,2.312,2.32,2.376,2.379,2.389,2.334,2.064,0.0,333.2,0.0,60.14,0.0,80.9,0.0,5.0,0.0,0.0,0.0,19.72,21.61,19.58,23.15,22.89,0.0,22.67,329.9,9.2,2.0,3.527,-1.0,1.918,2.4,4902
2014-09-07 17:35:00,21.06,22.12,21.9,816411.0,74.7,59.9,60.0,14.82,23532.0,341.0,74804.0,810899.0,15.0,-0.944,-5.261,15.89,0.0,272.0,272.5,273.6,0.979,272.0,0.748,272.1,0.921,273.3,0.0459999999999999,13.58,2.0,3.0,0.0,26.75,26.91,333.1,334.5,0.0,0.556,0.564,63.38,65.74,0.218,0.0,40.64,23.02,23.0,23.04,22.84,22.47,22.9,22.84,23.14,23.05,6.928,6.957999999999999,7.111000000000001,7.119,7.148,6.987,6.176,929.0,944.0,935.0,928.0,945.0,923.0,814.0,2.3080000000000003,2.318,2.369,2.372,2.382,2.3280000000000003,2.0580000000000003,0.0,333.2,0.0,60.14,0.0,80.79999999999998,0.0,5.0,0.0,0.0,0.0,19.65,21.55,19.53,23.14,22.87,0.0,22.65,8.57,27.87,2.0,3.527,-1.0,1.758,2.8,4902
2014-09-07 17:36:00,21.11,22.21,21.99,816412.0,74.7,59.9,60.0,14.9,23532.0,341.0,74804.0,810899.0,15.05,-0.944,-5.26,15.94,0.0,272.4,272.8,273.8,0.979,272.5,0.748,272.8,0.921,274.0,0.049,13.61,2.0,3.0,0.0,26.68,27.09,332.6,332.9,0.0,0.557,0.564,63.56,66.23,0.218,0.0,40.71,23.02,22.94,22.96,22.84,22.45,22.85,22.84,23.14,22.97,6.976,7.007000000000001,7.149,7.157,7.188,7.028,6.207000000000001,929.0,944.0,935.0,928.0,945.0,923.0,814.0,2.319,2.329,2.376,2.379,2.39,2.336,2.063,0.0,332.4,0.0,60.14,0.0,81.5,0.0,5.0,0.0,0.0,0.0,19.69,21.61,19.58,23.11,22.81,0.0,22.64,20.39,33.94,2.0,3.526,-1.0,1.248,2.7,4902
2014-09-07 17:37:00,21.3,22.51,22.2,816412.0,74.7,59.9,60.0,15.1,23532.0,341.0,74804.0,810899.0,15.19,-0.946,-5.227,16.07,0.0,272.4,273.0,274.0,0.979,273.0,0.748,273.0,0.921,274.0,0.037,13.61,2.0,3.0,0.0,26.61,27.34,332.3,333.3,0.0,0.563,0.57,64.18,66.73,0.218,0.0,40.74,22.97,22.94,23.0,22.78,22.44,22.85,22.84,23.07,22.97,7.045,7.068,7.22,7.227,7.256,7.103,6.266,929.0,944.0,935.0,928.0,945.0,923.0,814.0,2.34,2.347,2.398,2.4,2.41,2.359,2.081,0.0,332.1,0.0,60.15,0.0,82.29999999999998,0.0,5.0,0.0,0.0,0.0,19.86,21.74,19.71,23.07,22.78,0.0,22.61,333.4,34.01,2.0,3.528,-1.0,1.212,2.7,4902
2014-09-07 17:38:00,21.27,22.47,22.2,816412.0,74.7,59.9,60.0,15.1,23532.0,341.0,74804.0,810900.0,15.21,-0.946,-5.23,16.08,0.0,272.6,273.3,274.3,0.979,273.0,0.748,273.0,0.921,274.0,0.0299999999999999,13.61,2.0,3.0,0.0,26.51,27.38,332.6,333.8,0.0,0.563,0.568,64.22,66.95,0.218,0.0,40.77,22.91,22.88,23.03,22.79,22.39,22.77,22.76,23.06,22.97,7.045,7.071000000000001,7.215,7.222,7.248999999999999,7.1,6.26,929.0,944.0,935.0,928.0,945.0,923.0,814.0,2.343,2.352,2.4,2.402,2.411,2.362,2.082,0.0,332.7,0.0,60.13,0.0,82.29999999999998,0.0,5.0,0.0,0.0,0.0,19.87,21.74,19.72,22.89,22.6,0.0,22.55,342.2,17.45,2.0,3.53,-1.0,0.987,1.6,4902
2014-09-07 17:39:00,21.2,22.25,22.15,816412.0,74.7,59.9,60.0,15.01,23532.0,341.0,74804.0,810900.0,15.13,-0.945,-5.236000000000001,16.01,0.0,272.5,273.4,274.2,0.979,273.0,0.748,273.0,0.921,274.0,0.026,13.61,2.0,3.0,0.0,26.44,27.33,333.4,334.2,0.0,0.5589999999999999,0.563,63.77,66.68,0.218,0.0,40.84,22.83,22.84,22.98,22.82,22.36,22.86,22.76,23.07,22.87,6.995,7.019,7.164,7.171,7.196000000000001,7.051,6.212999999999999,929.0,945.0,935.0,928.0,945.0,923.0,814.0,2.332,2.34,2.388,2.391,2.399,2.351,2.072,0.0,333.4,0.0,60.15,0.0,82.0,0.0,5.0,0.0,0.0,0.0,19.78,21.65,19.64,22.85,22.58,0.0,22.52,351.7,10.46,2.0,3.528,-1.0,1.2,1.6,4902
2014-09-07 17:40:00,20.87,22.04,21.74,816413.0,74.7,59.9,60.0,14.75,23532.0,341.0,74804.0,810900.0,14.91,-0.943,-5.255,15.81,0.0,272.5,273.3,274.2,0.979,273.0,0.748,273.0,0.921,274.0,0.024,13.61,2.0,3.0,0.0,26.37,27.06,334.9,334.7,0.0,0.5529999999999999,0.555,63.01,65.75,0.218,0.0,40.84,22.95,22.84,22.95,22.85,22.46,22.86,22.79,23.15,22.88,6.876,6.892,7.05,7.057,7.078,6.939,6.115,929.0,945.0,935.0,928.0,945.0,923.0,814.0,2.299,2.3040000000000003,2.357,2.359,2.367,2.32,2.045,0.0,334.4,0.0,60.14,0.0,80.79999999999998,0.0,5.0,0.0,0.0,0.0,19.52,21.42,19.4,22.96,22.71,0.0,22.54,6.487,25.35,2.0,3.527,-1.0,1.582,2.3,4902
2014-09-07 17:41:00,20.32,21.43,21.13,816413.0,74.7,59.9,60.0,14.25,23532.0,341.0,74804.0,810900.0,14.41,-0.938,-5.331,15.37,0.0,272.7,273.2,274.2,0.979,273.0,0.748,273.0,0.921,274.0,0.023,13.61,2.0,3.0,0.0,26.31,26.38,335.1,338.3,0.0,0.537,0.537,61.16,64.16,0.218,0.0,40.84,22.88,22.84,22.95,22.79,22.46,22.86,22.85,23.15,22.87,6.654,6.685,6.814,6.821000000000001,6.839,6.707000000000001,5.91,929.0,945.0,935.0,928.0,945.0,923.0,814.0,2.228,2.239,2.282,2.2840000000000003,2.29,2.246,1.979,0.0,334.9,0.0,60.13,0.0,78.73,0.0,5.0,0.0,0.0,0.0,18.98,20.9,18.88,23.04,22.76,0.0,22.56,10.83,23.71,2.0,3.527,-1.0,1.457,2.4,4902
2014-09-07 17:42:00,19.6,20.73,20.48,816413.0,74.7,59.9,60.0,13.68,23532.0,341.0,74804.0,810901.0,13.84,-0.932,-5.399,14.85,0.0,272.7,273.2,274.3,0.979,273.0,0.748,273.0,0.921,274.0,0.022,13.61,2.0,3.0,0.0,26.25,25.9,334.7,336.8,0.0,0.517,0.516,58.97,62.2,0.218,0.0,40.87,22.93,22.83,22.95,22.76,22.38,22.78,22.77,23.05,22.82,6.408,6.4510000000000005,6.554,6.561,6.577000000000001,6.45,5.685,929.0,945.0,935.0,928.0,945.0,923.0,814.0,2.146,2.161,2.195,2.198,2.2030000000000003,2.16,1.904,0.0,335.0,0.0,60.15,0.0,77.40999999999998,0.0,5.0,0.0,0.0,0.0,18.35,20.28,18.29,22.96,22.69,0.0,22.51,352.9,32.49,2.0,3.527,-1.0,0.908,2.1,4902
2014-09-07 17:43:00,18.79,20.01,19.74,816414.0,74.7,59.9,60.0,13.05,23532.0,341.0,74804.0,810901.0,13.22,-0.924,-5.468,14.3,0.0,272.7,273.1,274.1,0.979,273.0,0.748,273.0,0.921,274.0,0.022,13.61,2.0,3.0,0.0,26.18,25.11,334.9,335.5,0.0,0.4939999999999999,0.4929999999999999,56.63,60.1,0.218,0.0,40.94,22.93,22.75,22.87,22.72,22.35,22.76,22.76,23.05,22.77,6.148,6.205,6.279,6.284,6.297000000000001,6.178,5.444,929.0,945.0,935.0,928.0,945.0,923.0,814.0,2.0580000000000003,2.077,2.102,2.103,2.108,2.068,1.822,0.0,334.8,0.0,60.2,0.0,74.97,0.0,5.0,0.0,0.0,0.0,17.66,19.65,17.68,22.93,22.66,0.0,22.47,24.51,32.89,2.0,3.527,-1.0,1.09,1.6,4902
2014-09-07 17:44:00,18.07,19.22,19.02,816414.0,74.7,59.9,60.0,12.43,23532.0,341.0,74804.0,810901.0,12.63,-0.916,-5.52,13.79,0.0,272.4,273.2,274.2,0.979,273.0,0.748,273.0,0.921,274.0,0.021,13.61,2.0,3.0,0.0,26.12,24.75,334.2,336.1,0.0,0.471,0.471,54.47,58.05,0.218,0.0,40.94,22.92,22.75,22.85,22.66,22.3,22.68,22.66,22.95,22.75,5.91,5.977,6.028,6.032,6.046,5.93,5.227,929.0,945.0,935.0,928.0,945.0,923.0,814.0,1.974,1.997,2.014,2.015,2.02,1.981,1.746,0.0,334.1,0.0,60.22,0.0,74.08,0.0,5.0,0.0,0.0,0.0,17.0,19.05,17.1,23.02,22.77,0.0,22.49,341.7,32.58,2.0,3.528,-1.0,1.5519999999999998,2.9,4902
2014-09-07 17:45:00,17.49,18.68,18.36,816414.0,74.7,59.9,60.0,11.93,23532.0,341.0,74804.0,810901.0,12.16,-0.907,-5.626,13.39,0.0,272.4,273.1,274.1,0.979,273.0,0.748,273.0,0.921,274.0,0.02,13.61,2.0,3.0,0.0,26.06,23.93,333.2,335.6,0.0,0.4539999999999999,0.4539999999999999,52.63,56.2,0.218,0.0,41.08,22.84,22.68,22.76,22.63,22.23,22.67,22.63,22.95,22.67,5.718,5.784,5.834,5.84,5.853,5.738,5.061,929.0,945.0,935.0,928.0,945.0,924.0,814.0,1.903,1.925,1.942,1.944,1.948,1.91,1.685,0.0,332.9,0.0,60.14,0.0,71.84,0.0,5.0,0.0,0.0,0.0,16.52,18.56,16.67,23.01,22.76,0.0,22.46,357.6,36.22,2.0,3.53,-1.0,1.045,2.0,4902
2014-09-07 17:46:00,17.11,18.25,17.79,816414.0,74.7,59.9,60.0,11.55,23533.0,341.0,74804.0,810901.0,11.75,-0.901,-5.666,13.05,0.0,272.4,273.0,274.1,0.979,273.0,0.748,273.0,0.921,274.0,0.02,13.61,2.0,3.0,0.0,26.0,23.54,332.2,333.8,0.0,0.439,0.44,51.07,54.64,0.218,0.0,41.11,22.8,22.63,22.72,22.56,22.17,22.62,22.56,22.9,22.61,5.549,5.611000000000001,5.664,5.67,5.684,5.571000000000001,4.915,929.0,945.0,935.0,928.0,945.0,924.0,814.0,1.845,1.865,1.883,1.885,1.89,1.852,1.634,0.0,332.5,0.0,60.14,0.0,70.87,0.0,5.0,0.0,0.0,0.0,16.09,18.17,16.25,22.98,22.72,0.0,22.42,2.678,19.03,2.0,3.53,-1.0,1.003,1.8,4902
2014-09-07 17:47:00,16.47,17.68,17.6,816414.0,74.7,59.9,60.0,11.16,23533.0,341.0,74804.0,810902.0,11.45,-0.8959999999999999,-5.682,12.78,0.0,272.4,272.9,274.0,0.979,273.0,0.748,273.0,0.921,274.0,0.02,13.61,2.0,3.0,0.0,25.94,23.44,331.0,333.5,0.0,0.4259999999999999,0.4299999999999999,49.92,53.41,0.218,0.0,41.15,22.75,22.55,22.64,22.51,22.12,22.55,22.51,22.82,22.58,5.424,5.483,5.538,5.545,5.559,5.448,4.807,929.0,945.0,935.0,928.0,945.0,924.0,814.0,1.7990000000000002,1.819,1.837,1.839,1.844,1.807,1.594,0.0,331.7,0.0,60.19,0.0,70.81,0.0,5.0,0.0,0.0,0.0,15.76,17.86,15.91,22.99,22.72,0.0,22.4,1.916,20.3,2.0,3.526,-1.0,0.962,1.9,4902
2014-09-07 17:48:00,16.35,17.57,17.15,816415.0,74.7,59.9,60.0,10.96,23533.0,341.0,74804.0,810902.0,11.2,-0.8909999999999999,-5.712000000000001,12.57,0.0,272.3,272.9,274.0,0.979,272.8,0.748,273.0,0.921,274.0,0.019,13.61,2.0,3.0,0.0,25.88,23.36,331.0,332.8,0.0,0.416,0.4189999999999999,48.92,52.4,0.218,0.0,41.21,22.74,22.52,22.56,22.43,22.04,22.44,22.43,22.74,22.46,5.329,5.3870000000000005,5.442,5.449,5.462999999999999,5.355,4.724,929.0,945.0,935.0,928.0,945.0,924.0,814.0,1.763,1.7819999999999998,1.8,1.803,1.807,1.7719999999999998,1.5630000000000002,0.0,330.8,0.0,60.18,0.0,70.58,0.0,5.0,0.0,0.0,0.0,15.51,17.61,15.68,22.87,22.58,0.0,22.32,22.83,14.04,2.0,3.527,-1.0,1.167,1.5,4902
2014-09-07 17:49:00,16.2,17.26,16.88,816415.0,74.7,59.9,60.0,10.75,23533.0,341.0,74804.0,810902.0,10.98,-0.887,-5.722,12.38,0.0,272.2,272.9,274.0,0.979,272.7,0.748,273.0,0.921,274.0,0.019,13.61,2.0,3.0,0.0,25.82,23.1,331.2,332.4,0.0,0.406,0.412,48.12,51.52,0.218,0.0,41.25,22.66,22.47,22.51,22.36,21.97,22.37,22.35,22.66,22.4,5.232,5.288,5.344,5.351,5.364,5.259,4.638999999999999,929.0,945.0,935.0,928.0,945.0,924.0,814.0,1.731,1.749,1.768,1.77,1.775,1.74,1.535,0.0,330.9,0.0,60.19,0.0,69.74,0.0,5.0,0.0,0.0,0.0,15.26,17.41,15.44,22.92,22.65,0.0,22.31,33.03,16.13,2.0,3.526,-1.0,1.167,1.8,4902
2014-09-07 17:50:00,15.65,16.82,16.77,816415.0,74.7,59.9,60.0,10.46,23533.0,341.0,74804.0,810902.0,10.75,-0.882,-5.747000000000001,12.19,0.0,272.3,273.1,274.2,0.979,273.0,0.748,273.0,0.921,274.0,0.019,13.61,2.0,3.0,0.0,25.77,22.6,330.3,331.7,0.0,0.397,0.4029999999999999,47.23,50.6,0.218,0.0,41.25,22.64,22.45,22.43,22.27,21.88,22.28,22.27,22.56,22.37,5.138,5.195,5.247999999999999,5.254,5.266,5.166,4.554,929.0,945.0,935.0,928.0,945.0,924.0,814.0,1.6980000000000002,1.717,1.734,1.737,1.741,1.707,1.505,0.0,330.5,0.0,60.15,0.0,68.43,0.0,5.0,0.0,0.0,0.0,15.02,17.17,15.21,23.01,22.74,0.0,22.29,15.74,17.91,2.0,3.525,-1.0,1.462,2.1,4902
2014-09-07 17:51:00,15.48,16.7,16.11,816415.0,74.7,59.9,60.0,10.19,23533.0,341.0,74804.0,810902.0,10.47,-0.875,-5.797000000000001,11.97,0.0,272.5,273.0,274.1,0.979,273.0,0.748,273.0,0.921,274.0,0.019,13.61,2.0,3.0,0.0,25.71,22.22,331.0,331.2,0.0,0.386,0.392,46.17,49.49,0.218,0.0,41.25,22.61,22.46,22.36,22.22,21.81,22.28,22.2,22.56,22.39,5.017,5.073,5.122999999999999,5.127999999999999,5.138999999999999,5.043,4.445,929.0,945.0,935.0,928.0,945.0,924.0,815.0,1.6569999999999998,1.676,1.692,1.694,1.6980000000000002,1.666,1.469,0.0,330.4,0.0,60.13,0.0,67.14,0.0,5.0,0.0,0.0,0.0,14.74,16.88,14.94,23.02,22.74,0.0,22.23,6.973,16.25,2.0,3.527,-1.0,1.808,2.6,4902
2014-09-07 17:52:00,15.01,16.02,15.95,816416.0,74.7,59.9,60.0,9.840000000000002,23533.0,341.0,74804.0,810903.0,10.13,-0.8669999999999999,-5.832000000000001,11.68,0.0,272.6,273.2,274.2,0.979,273.0,0.748,273.0,0.921,274.0,0.019,13.61,2.0,3.0,0.0,25.66,22.09,330.2,331.4,0.0,0.376,0.381,44.85,48.11,0.218,0.0,41.25,22.54,22.36,22.36,22.17,21.78,22.19,22.17,22.56,22.33,4.865,4.922,4.969,4.972,4.9830000000000005,4.89,4.31,929.0,945.0,935.0,928.0,945.0,924.0,815.0,1.607,1.626,1.641,1.642,1.646,1.615,1.423,0.0,330.3,0.0,60.14,0.0,66.92,0.0,5.0,0.0,0.0,0.0,14.38,16.51,14.6,23.03,22.73,0.0,22.21,347.5,27.89,2.0,3.527,-1.0,1.815,2.7,4902
2014-09-07 17:53:00,14.6,15.52,15.27,816416.0,74.7,59.9,60.0,9.4,23533.0,341.0,74804.0,810903.0,9.75,-0.8569999999999999,-5.863,11.38,0.0,272.5,273.1,274.1,0.979,273.0,0.748,273.0,0.921,274.0,0.019,13.61,2.0,3.0,0.0,25.6,21.83,329.6,331.3,0.0,0.3649999999999999,0.3689999999999999,43.41,46.6,0.218,0.0,41.25,22.52,22.36,22.3,22.17,21.76,22.2,22.15,22.51,22.29,4.707,4.763,4.807,4.81,4.82,4.731,4.17,929.0,945.0,935.0,928.0,945.0,924.0,815.0,1.5519999999999998,1.57,1.585,1.586,1.589,1.56,1.375,0.0,329.7,0.0,60.14,0.0,66.24,0.0,5.0,0.0,0.0,0.0,14.02,16.13,14.25,22.97,22.67,0.0,22.18,8.13,23.71,2.0,3.527,-1.0,1.495,2.5,4902
2014-09-07 17:54:00,13.86,15.12,14.82,816416.0,74.7,59.9,60.0,8.97,23533.0,341.0,74804.0,810903.0,9.340000000000002,-0.8449999999999999,-5.909,11.05,0.0,272.9,273.2,274.3,0.979,273.0,0.748,273.0,0.921,274.0,0.019,13.61,2.0,3.0,0.0,25.55,21.01,329.0,330.7,0.0,0.3529999999999999,0.356,41.85,44.95,0.217,0.0,41.25,22.45,22.3,22.2,22.07,21.7,22.13,22.07,22.46,22.24,4.534,4.588,4.631,4.632,4.642,4.557,4.016,929.0,945.0,935.0,928.0,945.0,924.0,815.0,1.493,1.51,1.524,1.525,1.528,1.5,1.3219999999999998,0.0,329.2,0.0,60.14,0.0,63.88,0.0,5.0,0.0,0.0,0.0,13.61,15.73,13.87,22.86,22.56,0.0,22.11,330.1,29.33,2.0,3.526,-1.0,1.403,2.2,4902
2014-09-07 17:55:00,13.57,14.38,14.36,816416.0,74.7,59.9,60.0,8.54,23533.0,341.0,74804.0,810903.0,8.89,-0.8299999999999998,-5.9670000000000005,10.71,0.0,272.6,273.2,274.2,0.979,273.0,0.748,273.0,0.921,274.0,0.019,13.61,2.0,3.0,0.0,25.49,20.69,328.2,329.8,0.0,0.3379999999999999,0.34,40.14,43.11,0.217,0.0,41.25,22.35,22.25,22.17,22.05,21.63,22.08,22.02,22.41,22.16,4.349,4.4,4.441,4.4430000000000005,4.452,4.371,3.852,929.0,945.0,935.0,928.0,945.0,924.0,815.0,1.426,1.443,1.457,1.457,1.46,1.4340000000000002,1.264,0.0,328.0,0.0,60.13,0.0,63.06,0.0,5.0,0.0,0.0,0.0,13.18,15.3,13.51,22.85,22.58,0.0,22.06,32.19,23.57,2.0,3.527,-1.0,1.402,2.1,4902
2014-09-07 17:56:00,12.74,13.8,13.56,816416.0,74.7,59.9,60.0,7.939,23534.0,341.0,74804.0,810903.0,8.4,-0.812,-6.041,10.35,0.0,272.8,273.3,274.2,0.979,273.0,0.748,273.0,0.921,274.0,0.019,13.61,2.0,3.0,0.0,25.44,20.5,327.6,328.7,0.0,0.321,0.3229999999999999,38.3,41.15,0.218,0.0,41.25,22.33,22.17,22.1,21.97,21.57,22.02,21.96,22.33,22.1,4.138,4.188,4.228,4.229,4.237,4.16,3.667,930.0,945.0,935.0,928.0,945.0,924.0,815.0,1.356,1.372,1.385,1.385,1.388,1.3630000000000002,1.202,0.0,327.6,0.0,60.15,0.0,62.57,0.0,5.0,0.0,0.0,0.0,12.71,14.84,13.1,22.85,22.54,0.0,21.99,30.01,18.75,2.0,3.528,-1.0,1.475,2.1,4902
2014-09-07 17:57:00,12.36,13.28,13.09,816417.0,74.7,59.9,60.0,7.551,23534.0,341.0,74804.0,810903.0,7.923999999999999,-0.794,-6.073,9.98,0.0,272.6,273.0,274.0,0.979,273.0,0.748,273.0,0.921,274.0,0.019,13.61,2.0,3.0,0.0,25.38,19.66,327.6,328.6,0.0,0.3039999999999999,0.3059999999999999,36.49,39.24,0.217,0.0,41.18,22.28,22.09,22.02,21.88,21.47,21.9,21.86,22.23,22.0,3.928,3.977,4.013999999999999,4.013999999999999,4.022,3.948,3.4810000000000003,930.0,945.0,935.0,928.0,945.0,924.0,815.0,1.286,1.3019999999999998,1.314,1.314,1.317,1.293,1.14,0.0,327.5,0.0,60.15,0.0,60.02,0.0,5.0,0.0,0.0,0.0,12.25,14.42,12.7,22.93,22.66,0.0,21.96,26.46,22.74,2.0,3.527,-1.0,1.6969999999999998,2.6,4902
2014-09-07 17:58:00,11.58,12.46,12.46,816417.0,74.7,59.9,60.0,6.924,23534.0,341.0,74804.0,810903.0,7.496,-0.773,-6.156000000000001,9.7,0.0,272.7,273.1,274.1,0.979,273.0,0.748,273.0,0.921,274.0,0.019,13.61,2.0,3.0,0.0,25.33,19.38,327.4,329.0,0.0,0.2899999999999999,0.2919999999999999,34.86,37.52,0.217,0.0,41.15,22.19,22.02,21.94,21.78,21.39,21.85,21.76,22.17,21.9,3.743,3.791,3.826,3.825,3.833,3.762,3.318,930.0,945.0,935.0,928.0,945.0,924.0,815.0,1.224,1.24,1.251,1.251,1.254,1.23,1.085,0.0,327.0,0.0,60.13,0.0,59.19,0.0,5.0,0.0,0.0,0.0,11.88,14.07,12.39,22.93,22.64,0.0,21.89,33.62,24.72,2.0,3.527,-1.0,1.582,2.9,4902
2014-09-07 17:59:00,11.55,12.41,12.28,816417.0,74.7,59.9,60.0,6.851,23534.0,341.0,74804.0,810904.0,7.151,-0.755,-6.202000000000001,9.47,0.0,272.7,273.3,274.3,0.979,273.0,0.748,273.0,0.921,274.0,0.019,13.61,2.0,3.0,0.0,25.28,19.3,326.3,327.2,0.0,0.278,0.278,33.53,36.12,0.217,0.0,41.15,22.14,21.92,21.84,21.71,21.29,21.76,21.7,22.07,21.82,3.597,3.643,3.675,3.674,3.683,3.614,3.187,930.0,945.0,935.0,928.0,945.0,924.0,815.0,1.1740000000000002,1.189,1.2,1.199,1.202,1.18,1.04,0.0,326.5,0.0,60.13,0.0,59.13,0.0,5.0,0.0,0.0,0.0,11.54,13.78,12.13,22.89,22.57,0.0,21.82,18.33,43.19,2.0,3.53,-1.0,1.568,3.0,4902
2014-09-07 18:00:00,11.12,11.9,11.43,816417.0,74.7,59.9,60.0,6.3660000000000005,23534.0,341.0,74804.0,810904.0,6.879,-0.7419999999999999,-6.207999999999999,9.27,0.0,272.8,273.1,274.2,0.979,273.0,0.748,273.0,0.921,274.0,0.019,13.61,2.0,3.0,0.0,25.23,18.96,324.5,327.2,0.0,0.268,0.2689999999999999,32.45,34.99,0.217,0.0,41.15,22.01,21.84,21.78,21.63,21.24,21.71,21.58,22.01,21.75,3.487,3.533,3.562,3.56,3.569,3.503,3.089,930.0,945.0,935.0,928.0,945.0,924.0,815.0,1.135,1.15,1.159,1.159,1.162,1.14,1.005,0.0,325.5,0.0,60.16,0.0,58.44,0.0,5.0,0.0,0.0,0.0,11.27,13.56,11.92,22.85,22.51,0.0,21.75,36.85,26.69,2.0,3.528,-1.0,1.39,2.1,4902
2014-09-07 18:01:00,10.35,11.32,11.35,816417.0,74.7,59.9,60.0,5.982,23534.0,341.0,74804.0,810904.0,6.646,-0.7309999999999999,-6.206,9.090000000000002,0.0,272.9,273.3,274.3,0.979,273.0,0.748,273.0,0.921,274.0,0.019,13.61,2.0,3.0,0.0,25.18,18.5,324.6,326.0,0.0,0.26,0.26,31.54,34.01,0.217,0.0,41.12,21.93,21.78,21.68,21.59,21.14,21.63,21.5,21.99,21.69,3.397,3.4410000000000003,3.467,3.465,3.474,3.411,3.006,930.0,945.0,935.0,928.0,945.0,924.0,815.0,1.102,1.116,1.125,1.124,1.127,1.106,0.975,0.0,324.4,0.0,60.18,0.0,56.99,0.0,5.0,0.0,0.0,0.0,11.05,13.38,11.74,22.8,22.46,0.0,21.63,17.9,9.25,2.0,3.531,-1.0,1.5730000000000002,2.1,4902
2014-09-07 18:02:00,10.33,11.32,11.35,816417.0,74.7,59.9,60.0,5.968,23534.0,341.0,74804.0,810904.0,6.44,-0.7199999999999999,-6.211,8.949999999999998,0.0,272.6,273.2,274.2,0.979,273.0,0.748,273.0,0.921,274.0,0.019,13.61,2.0,3.0,0.0,25.13,18.02,322.5,324.2,0.0,0.252,0.251,30.7,33.1,0.217,0.0,41.05,21.88,21.7,21.61,21.49,21.07,21.6,21.44,21.88,21.61,3.323,3.365,3.389,3.387,3.3960000000000004,3.335,2.937,930.0,945.0,935.0,928.0,945.0,924.0,815.0,1.072,1.085,1.093,1.092,1.095,1.0759999999999998,0.947,0.0,322.6,0.0,60.15,0.0,55.86,0.0,5.0,0.0,0.0,0.0,10.87,13.21,11.61,22.78,22.46,0.0,21.6,353.8,23.34,2.0,3.53,-1.0,1.085,2.1,4902
2014-09-07 18:03:00,10.33,11.32,11.22,816417.0,74.7,59.9,60.0,5.939,23534.0,341.0,74804.0,810904.0,6.2010000000000005,-0.7059999999999998,-6.22,8.779999999999998,0.0,272.7,273.3,274.3,0.979,273.0,0.748,273.0,0.921,274.0,0.019,13.61,2.0,3.0,0.0,25.08,17.83,322.0,323.6,0.0,0.2429999999999999,0.2429999999999999,29.8,32.08,0.217,0.0,40.99,21.85,21.63,21.59,21.42,21.02,21.49,21.36,21.81,21.54,3.2230000000000003,3.263,3.285,3.283,3.2910000000000004,3.234,2.846,930.0,945.0,935.0,928.0,945.0,924.0,815.0,1.038,1.051,1.058,1.057,1.06,1.042,0.917,0.0,322.1,0.0,60.15,0.0,55.37,0.0,5.0,0.0,0.0,0.0,10.65,13.02,11.45,22.79,22.47,0.0,21.56,34.8,16.58,2.0,3.527,-1.0,1.023,1.6,4902
2014-09-07 18:04:00,10.26,10.59,10.4,816418.0,74.7,59.9,60.0,5.477,23534.0,341.0,74804.0,810904.0,5.922999999999999,-0.687,-6.267,8.62,0.0,273.0,273.1,274.0,0.979,273.0,0.748,273.0,0.921,274.0,0.019,13.61,2.0,3.0,0.0,25.03,17.79,321.8,323.4,0.0,0.233,0.2319999999999999,28.78,30.93,0.217,0.0,40.95,21.83,21.55,21.51,21.31,20.95,21.41,21.31,21.75,21.45,3.105,3.143,3.164,3.161,3.168,3.115,2.74,930.0,945.0,935.0,929.0,945.0,924.0,815.0,0.999,1.012,1.019,1.018,1.02,1.003,0.882,0.0,322.0,0.0,60.15,0.0,55.29,0.0,5.0,0.0,0.0,0.0,10.44,12.77,11.29,22.87,22.57,0.0,21.55,16.79,23.26,2.0,3.527,-1.0,1.34,2.1,4902
2014-09-07 18:05:00,9.420000000000002,10.13,10.19,816418.0,74.7,59.9,60.0,5.064,23534.0,341.0,74804.0,810904.0,5.642,-0.6629999999999999,-6.365,8.51,0.0,272.7,273.3,274.3,0.979,273.0,0.748,273.0,0.921,274.0,0.019,13.61,2.0,3.0,0.0,24.98,17.65,321.8,322.2,0.0,0.223,0.222,27.68,29.72,0.217,0.0,40.97,21.83,21.49,21.5,21.31,20.88,21.39,21.29,21.75,21.41,2.978,3.014,3.034,3.031,3.037,2.988,2.627,930.0,945.0,935.0,929.0,945.0,924.0,815.0,0.958,0.97,0.976,0.975,0.977,0.961,0.8449999999999999,0.0,321.8,0.0,60.13,0.0,54.84,0.0,5.0,0.0,0.0,0.0,10.28,12.6,11.18,22.88,22.56,0.0,21.5,19.83,27.83,2.0,3.526,-1.0,1.345,2.6,4902
2014-09-07 18:06:00,5.627999999999999,6.3260000000000005,6.359,816418.0,74.7,59.9,60.0,3.063,23535.0,341.0,74804.0,810904.0,3.1860000000000004,-0.382,-7.309999999999999,8.49,0.0,273.0,273.3,274.3,0.979,273.0,0.748,273.0,0.921,274.0,0.019,13.61,2.0,3.0,0.0,24.93,10.75,344.5,346.2,0.0,0.214,0.2119999999999999,26.53,28.45,0.217,0.0,40.95,21.75,21.45,21.5,21.38,20.9,21.31,21.19,21.7,21.32,1.733,1.798,1.846,1.819,1.798,1.767,1.565,930.0,945.0,935.0,929.0,945.0,924.0,815.0,0.561,0.5839999999999999,0.6019999999999999,0.592,0.5839999999999999,0.573,0.508,0.0,345.0,0.0,60.15,0.0,33.16,0.0,4.633,0.0,0.0,0.0,10.61,12.07,11.19,22.85,22.52,0.0,21.42,34.86,18.15,2.0,3.525,-1.0,1.873,2.6,4902
2014-09-07 18:07:00,5.504,5.674,5.719,816418.0,74.7,59.9,60.0,2.613,23535.0,341.0,74804.0,810904.0,2.749,-0.3429999999999999,-7.422,8.29,0.0,272.9,273.3,274.3,0.979,273.0,0.748,273.0,0.921,274.0,0.019,13.61,2.0,3.0,0.0,24.88,11.01,355.9,356.9,0.0,0.2019999999999999,0.201,25.19,27.0,0.217,0.0,40.84,21.67,21.39,21.43,21.33,20.86,21.28,21.2,21.76,21.32,1.464,1.5319999999999998,1.581,1.551,1.527,1.501,1.331,930.0,945.0,935.0,929.0,945.0,924.0,815.0,0.502,0.527,0.545,0.534,0.525,0.516,0.457,0.0,355.8,0.0,60.14,0.0,32.03,0.0,4.65,0.0,0.0,0.0,10.47,11.79,10.91,22.82,22.49,0.0,21.34,11.0,22.5,2.0,3.526,-1.0,1.352,2.1,4902
2014-09-07 18:08:00,5.143,5.428,5.692,816418.0,74.7,59.9,60.0,2.437,23535.0,341.0,74804.0,810904.0,2.53,-0.322,-7.4529999999999985,8.199999999999998,0.0,272.7,273.4,274.3,0.979,273.0,0.748,273.0,0.921,274.0,0.019,13.61,2.0,3.0,0.0,24.83,10.61,354.3,354.9,0.0,0.1889999999999999,0.187,23.68,25.37,0.217,0.0,40.76,21.61,21.39,21.4,21.3,20.91,21.21,21.13,21.69,21.27,1.38,1.445,1.4880000000000002,1.461,1.44,1.413,1.253,930.0,945.0,935.0,929.0,946.0,924.0,815.0,0.471,0.4939999999999999,0.51,0.5,0.492,0.4829999999999999,0.4279999999999999,0.0,354.1,0.0,60.15,0.0,31.02,0.0,4.65,0.0,0.0,0.0,10.36,11.66,10.86,22.71,22.37,0.0,21.26,19.96,22.86,2.0,3.528,-1.0,1.683,2.6,4902
2014-09-07 18:09:00,4.755,4.937,5.31,816418.0,74.7,59.9,60.0,2.086,23535.0,341.0,74804.0,810904.0,2.295,-0.2969999999999999,-7.487999999999999,8.109999999999998,0.0,272.7,273.2,274.2,0.979,273.0,0.748,273.0,0.921,274.0,0.019,13.61,2.0,3.0,0.0,24.78,10.31,352.2,353.7,0.0,0.1739999999999999,0.1739999999999999,22.13,23.69,0.217,0.0,40.67,21.51,21.29,21.35,21.23,20.89,21.21,21.17,21.69,21.24,1.29,1.351,1.39,1.364,1.346,1.32,1.171,930.0,945.0,935.0,929.0,946.0,924.0,815.0,0.437,0.4589999999999999,0.4739999999999999,0.4639999999999999,0.457,0.4479999999999999,0.3979999999999999,0.0,352.4,0.0,60.13,0.0,30.36,0.0,4.65,0.0,0.0,0.0,10.26,11.55,10.79,22.59,22.24,0.0,21.16,9.96,19.22,2.0,3.528,-1.0,1.43,2.0,4902
2014-09-07 18:10:00,4.121,4.069,4.14,816418.0,74.7,59.9,60.0,1.611,23535.0,341.0,74804.0,810904.0,1.704,-0.225,-7.7,8.13,0.0,272.5,273.1,274.1,0.979,273.0,0.748,273.0,0.921,274.0,0.018,13.61,2.0,3.0,0.0,24.73,8.529999999999998,354.5,355.9,0.0,0.159,0.16,20.69,22.12,0.217,0.0,40.58,21.46,21.23,21.22,21.14,20.78,21.13,21.07,21.56,21.18,0.998,1.062,1.103,1.074,1.054,1.03,0.919,930.0,945.0,935.0,929.0,946.0,924.0,815.0,0.337,0.3599999999999999,0.375,0.3649999999999999,0.3579999999999999,0.3489999999999999,0.312,0.0,355.0,0.0,60.14,0.0,25.15,0.0,4.55,0.0,0.0,0.0,10.36,11.48,10.86,22.59,22.26,0.0,21.1,17.81,44.62,2.0,3.528,-1.0,0.628,1.6,4902
2014-09-07 18:11:00,3.757,3.685,3.7,816418.0,74.7,59.9,60.0,1.4409999999999998,23535.0,341.0,74804.0,810904.0,1.408,-0.188,-7.835,8.179999999999998,0.0,272.5,273.1,274.1,0.979,273.0,0.748,273.0,0.921,274.0,0.018,13.61,2.0,3.0,0.0,24.69,7.631,355.0,356.1,0.0,0.144,0.1469999999999999,19.42,20.68,0.217,0.0,40.48,21.38,21.11,21.12,21.04,20.68,21.02,20.97,21.44,21.09,0.88,0.94,0.98,0.951,0.932,0.909,0.812,930.0,945.0,935.0,929.0,946.0,924.0,815.0,0.296,0.318,0.3329999999999999,0.322,0.315,0.307,0.275,0.0,354.9,0.0,60.14,0.0,22.57,0.0,4.517,0.0,0.0,0.0,10.42,11.47,10.92,22.49,22.16,0.0,21.05,28.75,30.3,2.0,3.527,-1.0,0.965,1.8,4902
2014-09-07 18:12:00,3.757,3.685,3.7,816418.0,74.7,59.9,60.0,1.4409999999999998,23535.0,341.0,74804.0,810904.0,1.285,-0.173,-7.857,8.15,0.0,272.4,273.1,274.1,0.979,273.0,0.748,273.0,0.921,274.0,0.018,13.61,2.0,3.0,0.0,24.64,7.582,354.0,354.3,0.0,0.129,0.135,18.21,19.35,0.217,0.0,40.39,21.32,21.01,21.05,20.96,20.58,20.89,20.87,21.35,20.98,0.8279999999999998,0.885,0.921,0.894,0.879,0.8529999999999999,0.764,930.0,945.0,935.0,929.0,946.0,924.0,815.0,0.278,0.2989999999999999,0.312,0.3019999999999999,0.296,0.2869999999999999,0.258,0.0,353.7,0.0,60.14,0.0,22.46,0.0,4.517,0.0,0.0,0.0,10.39,11.44,10.91,22.5,22.18,0.0,20.99,41.77,17.44,2.0,3.527,-1.0,1.6130000000000002,3.1,4902
2014-09-07 18:13:00,4.063,4.225,4.416,816418.0,74.7,59.9,60.0,1.555,23535.0,341.0,74804.0,810904.0,1.462,-0.1969999999999999,-7.69,7.973,0.0,272.2,273.1,274.1,0.979,272.9,0.748,273.0,0.921,274.0,0.018,13.61,2.0,3.0,0.0,24.59,8.769999999999998,349.2,350.2,0.0,0.1159999999999999,0.123,17.02,17.99,0.217,0.0,40.31,21.27,21.02,20.97,20.91,20.52,20.82,20.81,21.3,20.95,0.95,1.0,1.027,1.005,0.997,0.97,0.8629999999999999,930.0,945.0,935.0,929.0,946.0,924.0,815.0,0.319,0.336,0.346,0.3379999999999999,0.335,0.326,0.2899999999999999,0.0,348.5,0.0,60.15,0.0,26.08,0.0,4.633,0.0,0.0,0.0,10.17,11.36,10.8,22.55,22.24,0.0,20.93,354.4,34.83,2.0,3.527,-1.0,0.948,1.8,4902
2014-09-07 18:14:00,3.41,3.685,4.154,816418.0,74.7,59.9,60.0,1.097,23536.0,341.0,74804.0,810904.0,1.2990000000000002,-0.178,-7.687999999999999,7.916,0.0,272.3,273.1,274.0,0.979,272.9,0.748,273.0,0.921,274.0,0.018,13.61,2.0,3.0,0.0,24.54,8.689999999999998,347.0,347.4,0.0,0.103,0.111,15.69,16.55,0.217,0.0,40.28,21.19,20.93,20.91,20.79,20.44,20.77,20.71,21.2,20.93,0.875,0.92,0.947,0.927,0.917,0.893,0.7959999999999999,930.0,945.0,935.0,929.0,946.0,924.0,815.0,0.2919999999999999,0.308,0.317,0.31,0.307,0.2979999999999999,0.266,0.0,346.8,0.0,60.14,0.0,25.96,0.0,4.633,0.0,0.0,0.0,10.05,11.31,10.77,22.59,22.28,0.0,20.92,27.37,28.29,2.0,3.527,-1.0,1.372,2.4,4902
2014-09-07 18:15:00,3.184,3.115,3.236,816418.0,74.7,59.9,60.0,0.672,23536.0,341.0,74804.0,810905.0,1.05,-0.1449999999999999,-7.7429999999999986,7.906,0.0,272.3,273.1,274.0,0.979,273.0,0.748,273.0,0.921,274.0,0.018,13.61,2.0,3.0,0.0,24.49,8.189999999999998,345.8,345.9,0.0,0.0909999999999999,0.099,14.38,15.02,0.217,0.0,40.22,21.14,20.88,20.91,20.71,20.37,20.72,20.71,21.2,20.84,0.767,0.809,0.834,0.815,0.8059999999999999,0.7829999999999999,0.7009999999999998,930.0,945.0,935.0,929.0,946.0,924.0,815.0,0.255,0.2689999999999999,0.278,0.271,0.268,0.26,0.233,0.0,345.5,0.0,60.12,0.0,24.61,0.0,4.617,0.0,0.0,0.0,10.04,11.25,10.81,22.57,22.24,0.0,20.82,11.79,15.97,2.0,3.531,-1.0,1.472,2.1,4902
2014-09-07 18:16:00,3.3560000000000003,3.283,3.302,816418.0,74.7,59.9,60.0,0.68,23536.0,341.0,74804.0,810905.0,0.895,-0.126,-7.689,7.804999999999999,0.0,272.5,273.1,274.1,0.979,273.0,0.748,273.0,0.921,274.0,0.018,13.61,2.0,3.0,0.0,24.44,8.519999999999998,341.9,343.2,0.0,0.08,0.0869999999999999,12.94,13.39,0.217,0.0,40.18,21.02,20.83,20.78,20.71,20.32,20.66,20.62,21.14,20.82,0.7149999999999999,0.753,0.775,0.758,0.75,0.7299999999999999,0.653,930.0,945.0,935.0,929.0,946.0,924.0,815.0,0.236,0.249,0.257,0.251,0.248,0.241,0.216,0.0,342.3,0.0,60.18,0.0,25.84,0.0,4.65,0.0,0.0,0.0,9.85,11.18,10.76,22.54,22.2,0.0,20.74,23.17,24.51,2.0,3.53,-1.0,0.992,1.6,4902
2014-09-07 18:17:00,3.011,2.947,2.963,816418.0,74.7,59.9,60.0,0.6139999999999999,23536.0,341.0,74804.0,810905.0,0.5429999999999999,-0.078,-7.8439999999999985,7.907,0.0,272.8,273.2,274.2,0.979,273.0,0.748,273.0,0.921,274.0,0.018,13.61,2.0,3.0,0.0,24.4,7.576,342.1,344.1,0.0,0.069,0.0759999999999999,11.47,11.76,0.217,0.0,40.18,20.99,20.79,20.71,20.62,20.26,20.56,20.52,21.09,20.72,0.539,0.5749999999999998,0.5969999999999999,0.5789999999999998,0.571,0.5529999999999999,0.499,930.0,945.0,935.0,929.0,946.0,924.0,815.0,0.176,0.1889999999999999,0.1969999999999999,0.19,0.187,0.181,0.1639999999999999,0.0,342.7,0.0,60.15,0.0,23.1,0.0,4.567,0.0,0.0,0.0,9.99,11.2,10.88,22.59,22.3,0.0,20.83,14.62,23.6,2.0,3.531,-1.0,1.168,1.9,4902
2014-09-07 18:18:00,2.667,2.61,2.624,816418.0,74.7,59.9,60.0,0.545,23536.0,341.0,74804.0,810905.0,0.2969999999999999,-0.0449999999999999,-7.956,7.991,0.0,272.7,273.4,274.3,0.979,273.0,0.748,273.0,0.921,274.0,0.018,13.61,2.0,3.0,0.0,24.35,6.479,341.8,343.5,0.0,0.0559999999999999,0.065,10.09,10.23,0.217,0.0,40.18,20.94,20.71,20.65,20.55,20.16,20.48,20.45,20.99,20.64,0.4259999999999999,0.4589999999999999,0.4799999999999999,0.4629999999999999,0.455,0.4379999999999999,0.3989999999999999,930.0,945.0,935.0,929.0,946.0,924.0,815.0,0.139,0.1499999999999999,0.158,0.152,0.1489999999999999,0.143,0.13,0.0,341.9,0.0,60.16,0.0,19.87,0.0,4.517,0.0,0.0,0.0,10.13,11.21,10.96,22.61,22.28,0.0,20.72,1.301,26.98,2.0,3.531,-1.0,0.688,1.4,4902
2014-09-07 18:19:00,2.5810000000000004,2.526,2.54,816418.0,74.7,59.9,60.0,0.527,23536.0,341.0,74804.0,810905.0,0.165,-0.027,-7.987,8.01,0.0,272.6,273.5,274.5,0.979,273.0,0.748,273.0,0.921,274.0,0.018,13.61,2.0,3.0,0.0,24.3,6.105,339.0,340.4,0.0,0.0429999999999999,0.0529999999999999,8.81,8.769999999999998,0.217,0.0,40.18,20.84,20.65,20.53,20.44,20.08,20.38,20.34,20.91,20.56,0.371,0.401,0.4199999999999999,0.405,0.3979999999999999,0.382,0.3499999999999999,930.0,945.0,935.0,929.0,946.0,924.0,815.0,0.12,0.13,0.1369999999999999,0.131,0.129,0.124,0.114,0.0,338.8,0.0,60.14,0.0,18.79,0.0,4.517,0.0,0.0,0.0,10.12,11.21,11.01,22.57,22.21,0.0,20.6,8.599999999999998,29.77,2.0,3.53,-1.0,1.067,2.1,4902
2014-09-07 18:20:00,2.495,2.778,2.794,816419.0,74.7,59.9,60.0,0.51,23536.0,341.0,74804.0,810905.0,0.0709999999999999,-0.013,-7.927,7.937,0.0,272.9,273.3,274.4,0.979,273.0,0.748,273.0,0.921,274.0,0.018,13.61,2.0,3.0,0.0,24.26,6.711,334.3,336.5,0.0,0.032,0.042,7.506,7.375,0.217,0.0,40.18,20.73,20.61,20.51,20.41,19.97,20.35,20.32,20.91,20.48,0.3529999999999999,0.377,0.3939999999999999,0.382,0.376,0.362,0.3329999999999999,930.0,945.0,935.0,929.0,946.0,924.0,815.0,0.113,0.121,0.127,0.123,0.121,0.1159999999999999,0.107,0.0,333.4,0.0,60.14,0.0,20.79,0.0,4.583,0.0,0.0,0.0,9.96,11.21,11.01,22.55,22.22,0.0,20.53,334.5,22.88,2.0,3.53,-1.0,1.837,2.8,4902
2014-09-07 18:21:00,2.524,3.388,3.852,816419.0,74.7,59.9,60.0,0.729,23537.0,341.0,74804.0,810905.0,-0.006,-0.002,-7.842,7.847,0.0,272.7,273.3,274.3,0.979,273.0,0.748,273.0,0.921,274.0,0.018,13.61,2.0,3.0,0.0,24.2,7.38,328.0,329.4,0.0,0.024,0.034,6.5520000000000005,6.3260000000000005,0.217,0.0,40.18,20.78,20.62,20.45,20.37,19.9,20.4,20.31,20.91,20.43,0.336,0.3529999999999999,0.371,0.3609999999999999,0.3539999999999999,0.346,0.318,930.0,945.0,935.0,929.0,946.0,924.0,815.0,0.106,0.1119999999999999,0.118,0.115,0.1119999999999999,0.11,0.1009999999999999,0.0,327.6,0.0,60.14,0.0,23.23,0.0,4.65,0.0,0.0,0.0,9.78,11.12,10.97,22.59,22.29,0.0,20.6,31.47,39.55,2.0,3.531,-1.0,0.93,1.8,4902
2014-09-07 18:22:00,1.269,2.712,3.636,816419.0,74.7,59.9,60.0,0.539,23537.0,341.0,74804.0,810905.0,-0.089,0.009,-7.832,7.835,0.0,272.6,273.3,274.3,0.979,273.0,0.748,273.0,0.921,274.0,0.017,13.61,2.0,3.0,0.0,24.16,7.308,325.4,327.9,0.0,0.019,0.027,5.965,5.7410000000000005,0.217,0.0,40.12,20.7,20.53,20.34,20.28,19.84,20.27,20.18,20.76,20.3,0.2989999999999999,0.313,0.3329999999999999,0.3229999999999999,0.316,0.311,0.2869999999999999,930.0,945.0,935.0,929.0,946.0,924.0,815.0,0.094,0.099,0.105,0.1019999999999999,0.099,0.098,0.0899999999999999,0.0,325.2,0.0,60.14,0.0,23.23,0.0,4.65,0.0,0.0,0.0,9.73,11.11,10.99,22.62,22.3,0.0,20.5,0.572,21.6,2.0,3.531,-1.0,0.8249999999999998,1.5,4902
2014-09-07 18:23:00,0.551,0.877,2.475,816419.0,74.7,59.9,60.0,0.136,23537.0,341.0,74804.0,810905.0,-0.154,0.018,-7.822,7.825,0.0,272.8,273.1,274.2,0.979,273.0,0.748,273.0,0.921,274.0,0.017,13.61,2.0,3.0,0.0,24.11,7.247999999999998,323.3,324.9,0.0,0.013,0.023,5.61,5.304,0.217,0.0,40.09,20.62,20.47,20.26,20.14,19.77,20.14,20.06,20.7,20.23,0.271,0.2849999999999999,0.3029999999999999,0.2939999999999999,0.288,0.281,0.261,930.0,945.0,935.0,929.0,946.0,924.0,815.0,0.084,0.089,0.095,0.0919999999999999,0.0899999999999999,0.088,0.0819999999999999,0.0,323.4,0.0,60.14,0.0,23.23,0.0,4.65,0.0,0.0,0.0,9.72,11.08,10.99,22.57,22.22,0.0,20.43,32.51,24.33,2.0,3.531,-1.0,1.518,2.8,4902
2014-09-07 18:24:00,0.1719999999999999,0.315,1.135,816419.0,74.7,59.9,60.0,0.068,23537.0,341.0,74804.0,810905.0,-0.2289999999999999,0.0279999999999999,-7.917,7.921,0.0,272.6,273.0,274.1,0.979,273.0,0.748,273.0,0.921,274.0,0.017,13.61,2.0,3.0,0.0,24.06,6.292000000000001,324.2,324.9,0.0,0.008,0.02,5.21,4.885,0.217,0.0,40.09,20.52,20.42,20.26,20.11,19.74,20.09,19.97,20.63,20.17,0.215,0.2289999999999999,0.246,0.2369999999999999,0.231,0.225,0.2119999999999999,930.0,945.0,935.0,929.0,946.0,924.0,815.0,0.067,0.0709999999999999,0.0769999999999999,0.074,0.072,0.07,0.066,0.0,324.3,0.0,60.15,0.0,20.25,0.0,4.567,0.0,0.0,0.0,9.89,11.12,11.06,22.51,22.16,0.0,20.32,26.08,22.12,2.0,3.53,-1.0,1.5,2.7,4902
2014-09-07 18:25:00,0.1719999999999999,0.1689999999999999,0.508,816419.0,74.7,59.9,60.0,0.065,23537.0,341.0,74804.0,810905.0,-0.2689999999999999,0.033,-8.0,8.01,0.0,272.6,272.9,273.9,0.979,273.0,0.748,273.0,0.921,274.0,0.017,13.61,2.0,3.0,0.0,24.02,5.691,324.1,326.0,0.0,0.0069999999999999,0.017,4.855,4.594,0.217,0.0,40.09,20.58,20.34,20.13,20.07,19.64,20.11,19.93,20.61,20.14,0.184,0.198,0.216,0.206,0.201,0.195,0.185,930.0,945.0,935.0,929.0,946.0,924.0,815.0,0.057,0.062,0.067,0.064,0.062,0.0599999999999999,0.0579999999999999,0.0,324.4,0.0,60.14,0.0,18.45,0.0,4.517,0.0,0.0,0.0,10.06,11.17,11.09,22.54,22.22,0.0,20.4,345.5,20.35,2.0,3.53,-1.0,1.713,2.2,4902
2014-09-07 18:26:00,0.1719999999999999,0.1689999999999999,0.085,816419.0,74.7,59.9,60.0,0.065,23537.0,341.0,74804.0,810905.0,-0.2929999999999999,0.036,-8.019999999999998,8.019999999999998,0.0,272.6,273.0,274.1,0.979,273.0,0.748,273.0,0.921,274.0,0.052,13.61,2.0,3.0,0.0,23.97,5.688,323.6,326.2,0.0,0.0069999999999999,0.013,4.781000000000001,4.45,0.216,0.0,40.1,20.61,20.32,20.15,20.05,19.58,20.14,19.97,20.62,20.13,0.1719999999999999,0.188,0.203,0.1939999999999999,0.19,0.183,0.176,930.0,945.0,935.0,929.0,946.0,924.0,815.0,0.0529999999999999,0.0579999999999999,0.063,0.0599999999999999,0.059,0.057,0.055,0.0,323.9,0.0,60.14,0.0,18.43,0.0,4.517,0.0,0.0,0.0,10.05,11.18,11.12,22.52,22.19,0.0,20.39,355.8,31.1,2.0,3.53,-1.0,1.5519999999999998,2.4,4902
2014-09-07 18:27:00,0.0,0.0,0.0,816419.0,74.7,59.9,60.0,0.0,23537.0,341.0,74804.0,810905.0,-0.3059999999999999,0.0379999999999999,-7.955,7.961,0.0,272.6,273.1,274.1,0.979,273.0,0.748,273.0,0.921,274.0,0.0299999999999999,13.65,2.0,3.0,0.0,23.93,6.184,320.7,322.2,0.0,0.003,0.013,4.354,4.219,0.216,0.0,40.09,20.59,20.32,20.08,19.97,19.57,20.13,19.93,20.55,20.05,0.1799999999999999,0.195,0.2099999999999999,0.2019999999999999,0.1989999999999999,0.188,0.182,930.0,945.0,935.0,929.0,946.0,924.0,815.0,0.055,0.0599999999999999,0.065,0.062,0.0609999999999999,0.0579999999999999,0.0559999999999999,0.0,321.0,0.0,60.14,0.0,20.13,0.0,4.567,0.0,0.0,0.0,9.98,11.16,11.1,22.55,22.24,0.0,20.39,20.32,41.15,2.0,3.53,-1.0,1.06,1.8,4902
2014-09-07 18:28:00,0.0,0.0,0.0,816419.0,74.7,59.9,60.0,0.0,23537.0,341.0,74804.0,810905.0,-0.317,0.04,-7.846,7.853,0.0,272.8,273.2,274.2,0.979,273.0,0.748,273.0,0.921,274.0,0.025,13.65,2.0,3.0,0.0,23.88,7.086,316.9,318.6,0.0,-0.001,0.01,4.345,4.011,0.216,0.0,40.07,20.51,20.26,20.02,19.92,19.48,20.01,19.9,20.49,19.96,0.1939999999999999,0.2099999999999999,0.222,0.215,0.214,0.2,0.1939999999999999,930.0,945.0,935.0,929.0,946.0,924.0,815.0,0.059,0.064,0.068,0.066,0.066,0.0609999999999999,0.0599999999999999,0.0,316.8,0.0,60.14,0.0,23.15,0.0,4.65,0.0,0.0,0.0,9.73,11.1,11.05,22.53,22.19,0.0,20.27,348.9,32.85,2.0,3.531,-1.0,1.388,2.3,4902
2014-09-07 18:29:00,0.0859999999999999,0.0,0.085,816419.0,74.7,59.9,60.0,0.0,23538.0,341.0,74804.0,810905.0,-0.347,0.044,-7.862999999999999,7.871,0.0,272.9,273.2,274.3,0.979,273.0,0.748,273.0,0.921,274.0,0.023,13.65,2.0,3.0,0.0,23.83,6.631,315.9,318.3,0.0,-0.005,0.0069999999999999,3.89,3.783,0.216,0.0,39.99,20.46,20.18,20.0,19.87,19.39,19.96,19.77,20.46,19.96,0.171,0.1889999999999999,0.2,0.193,0.193,0.1769999999999999,0.1749999999999999,930.0,945.0,935.0,929.0,946.0,924.0,815.0,0.052,0.0579999999999999,0.0609999999999999,0.059,0.059,0.054,0.054,0.0,316.4,0.0,60.18,0.0,21.84,0.0,4.617,0.0,0.0,0.0,9.77,11.1,11.05,22.35,21.98,0.0,20.18,1.6769999999999998,25.93,2.0,3.528,-1.0,1.59,2.5,4902
2014-09-07 18:30:00,0.0,0.0,0.0,816419.0,74.7,59.9,60.0,0.0,23538.0,341.0,74804.0,810905.0,-0.37,0.047,-7.817,7.826,0.0,272.6,273.4,274.5,0.979,273.0,0.748,273.0,0.921,274.0,0.022,13.65,2.0,3.0,0.0,23.79,6.904,313.5,314.5,0.0,-0.0069999999999999,0.0069999999999999,3.849,3.592,0.216,0.0,40.01,20.4,20.13,19.97,19.91,19.35,19.95,19.77,20.53,19.92,0.1689999999999999,0.186,0.196,-3.144,0.19,0.1739999999999999,0.1719999999999999,930.0,945.0,935.0,929.0,946.0,924.0,815.0,0.0509999999999999,0.057,0.0599999999999999,-1.057,0.0579999999999999,0.0529999999999999,0.052,0.0,313.7,0.0,60.15,0.0,22.84,0.0,4.65,0.0,0.0,0.0,9.7,11.07,11.02,22.27,21.92,0.0,20.06,356.4,30.41,2.0,3.53,-1.0,1.415,2.2,4902
2014-09-07 18:31:00,0.0,0.0,0.0,816419.0,74.7,59.9,60.0,0.0,23538.0,341.0,74804.0,810905.0,-0.391,0.05,-7.837999999999998,7.847,0.0,272.8,273.2,274.1,0.979,273.0,0.748,273.0,0.921,274.0,0.021,13.65,2.0,3.0,0.0,23.74,6.479,312.7,314.2,0.0,-0.0069999999999999,0.006,3.625,3.3960000000000004,0.216,0.0,40.01,20.25,20.05,19.99,19.9,19.42,19.93,19.76,20.47,19.89,0.151,0.168,0.176,-3.164,0.171,0.155,0.155,930.0,945.0,935.0,929.0,946.0,924.0,815.0,0.0449999999999999,0.0509999999999999,0.0529999999999999,-1.058,0.052,0.047,0.047,0.0,313.1,0.0,60.13,0.0,21.57,0.0,4.617,0.0,0.0,0.0,9.75,11.05,11.04,22.13,21.76,0.0,19.92,343.5,22.27,2.0,3.531,-1.0,1.482,2.2,4902
2014-09-07 18:32:00,0.0,0.0,0.0,816419.0,74.7,59.9,60.0,0.0,23538.0,341.0,74804.0,810905.0,-0.402,0.0509999999999999,-7.987,7.997,0.0,272.6,273.2,274.1,0.979,273.0,0.748,273.0,0.921,274.0,0.02,13.65,2.0,3.0,0.0,23.7,5.394,315.3,316.1,0.0,-0.0069999999999999,0.003,3.349,3.319,0.216,0.0,39.89,20.14,19.95,19.94,19.89,19.26,19.93,19.69,20.51,19.89,0.12,0.138,0.1459999999999999,0.14,0.1419999999999999,0.125,0.129,930.0,945.0,935.0,929.0,946.0,924.0,815.0,0.036,0.042,0.044,0.042,0.0429999999999999,0.0379999999999999,0.039,0.0,315.6,0.0,60.14,0.0,18.0,0.0,4.517,0.0,0.0,0.0,10.03,11.14,11.11,22.12,21.76,0.0,19.8,338.1,23.17,2.0,3.53,-1.0,0.7419999999999999,1.1,4902
2014-09-07 18:33:00,0.0,0.0,0.0,816419.0,74.7,59.9,60.0,0.0,23538.0,341.0,74804.0,810905.0,-0.407,0.0509999999999999,-7.9929999999999986,8.0,0.0,272.7,273.2,274.1,0.979,273.0,0.748,273.0,0.921,274.0,0.02,13.65,2.0,3.0,0.0,23.65,5.38,315.7,316.4,0.0,-0.0069999999999999,0.001,3.347,3.373,0.216,0.0,39.93,20.1,19.89,19.84,19.79,19.24,19.83,19.6,20.43,19.74,0.118,0.136,0.144,0.1369999999999999,0.14,0.122,0.128,930.0,945.0,935.0,929.0,946.0,924.0,815.0,0.036,0.0409999999999999,0.044,0.042,0.0429999999999999,0.037,0.039,0.0,315.9,0.0,60.19,0.0,17.89,0.0,4.517,0.0,0.0,0.0,10.01,11.15,11.13,22.17,21.82,0.0,19.75,29.17,35.07,2.0,3.531,-1.0,0.973,2.0,4902
2014-09-07 18:34:00,0.0,0.0,0.0,816419.0,74.7,59.9,60.0,0.0,23538.0,341.0,74804.0,810905.0,-0.4079999999999999,0.052,-7.953999999999998,7.965,0.0,272.3,273.1,274.0,0.979,273.0,0.748,273.0,0.921,274.0,0.019,13.65,2.0,3.0,0.0,23.6,5.724,314.2,315.5,0.0,-0.01,0.0,3.3480000000000003,3.395,0.216,0.0,39.91,20.02,19.82,19.79,19.75,19.26,19.75,19.65,20.35,19.66,0.126,0.143,-6.516,0.1459999999999999,0.148,0.13,-6.532,930.0,945.0,935.0,929.0,946.0,924.0,815.0,0.0379999999999999,0.0429999999999999,-2.166,0.044,0.0449999999999999,0.039,-2.171,0.0,314.6,0.0,60.14,0.0,19.08,0.0,4.55,0.0,0.0,0.0,9.96,11.16,11.13,22.19,21.86,0.0,19.73,17.17,25.6,2.0,3.531,-1.0,0.955,1.5,4902
2014-09-07 18:35:00,0.0,0.0,0.0,816419.0,74.7,59.9,60.0,0.0,23538.0,341.0,74804.0,810905.0,-0.4249999999999999,0.055,-7.825,7.837,0.0,272.5,273.0,274.0,0.979,273.0,0.748,273.0,0.921,274.0,0.019,13.65,2.0,3.0,0.0,23.56,6.674,310.3,311.9,0.0,-0.013,0.0,3.3480000000000003,3.312,0.216,0.0,39.94,20.02,19.74,19.73,19.66,19.19,19.69,19.58,20.27,19.62,0.1419999999999999,0.157,0.165,0.161,0.162,0.1459999999999999,0.148,930.0,945.0,935.0,929.0,946.0,924.0,815.0,0.042,0.047,0.05,0.048,0.049,0.044,0.0449999999999999,0.0,310.5,0.0,60.14,0.0,22.28,0.0,4.65,0.0,0.0,0.0,9.71,11.09,11.04,22.25,21.93,0.0,19.76,3.153,50.15,2.0,3.531,-1.0,0.765,1.5,4902
2014-09-07 18:36:00,0.0,0.0,0.0,816419.0,74.7,59.9,60.0,0.0,23538.0,341.0,74804.0,810905.0,-0.4539999999999999,0.059,-7.797,7.809999999999999,0.0,272.3,273.0,274.0,0.979,273.0,0.748,273.0,0.921,274.0,0.019,13.65,2.0,3.0,0.0,23.51,6.563,308.5,308.6,0.0,-0.016,0.0,2.957,3.054,0.216,0.0,39.9,20.01,19.71,19.65,19.55,19.16,19.56,19.45,20.14,19.53,0.128,0.1419999999999999,0.151,0.1459999999999999,0.148,0.132,0.136,930.0,945.0,935.0,929.0,946.0,924.0,815.0,0.0379999999999999,0.0429999999999999,0.0449999999999999,0.044,0.044,0.039,0.0409999999999999,0.0,308.6,0.0,60.12,0.0,22.04,0.0,4.65,0.0,0.0,0.0,9.68,11.05,11.05,22.18,21.81,0.0,19.71,12.38,21.02,2.0,3.53,-1.0,0.987,1.4,4902
2014-09-07 18:37:00,0.0,0.0,0.0,816419.0,74.7,59.9,60.0,0.0,23539.0,341.0,74804.0,810905.0,-0.4689999999999999,0.0609999999999999,-7.826,7.84,0.0,272.3,272.9,273.8,0.979,272.7,0.748,273.0,0.921,274.0,0.019,13.65,2.0,3.0,0.0,23.47,6.124,307.9,309.6,0.0,-0.02,-0.005,2.843,2.906,0.216,0.0,39.89,19.91,19.63,19.55,19.45,19.08,19.49,19.37,20.07,19.45,0.1119999999999999,-3.208,0.136,0.132,0.131,-3.217,0.123,930.0,945.0,935.0,929.0,946.0,924.0,815.0,0.033,-1.051,0.0409999999999999,0.039,0.039,-1.054,0.037,0.0,308.0,0.0,60.14,0.0,20.67,0.0,4.617,0.0,0.0,0.0,9.75,11.02,11.05,22.07,21.72,0.0,19.63,9.94,31.99,2.0,3.53,-1.0,0.7269999999999999,1.3,4902
2014-09-07 18:38:00,0.0,0.0,0.0,816419.0,74.7,59.9,60.0,0.0,23539.0,341.0,74804.0,810905.0,-0.487,0.064,-7.762,7.777999999999999,0.0,272.1,272.8,273.8,0.979,272.0,0.748,273.0,0.921,274.0,0.019,13.65,2.0,3.0,0.0,23.43,6.21,306.2,308.2,0.0,-0.02,-0.0069999999999999,2.84,2.792,0.216,0.0,39.85,19.88,19.54,19.49,19.4,18.98,19.38,19.27,19.99,19.37,0.108,-3.212,0.129,0.125,0.126,-3.221,0.1169999999999999,930.0,945.0,935.0,929.0,946.0,924.0,815.0,0.032,-1.05,0.0379999999999999,0.037,0.037,-1.052,0.035,0.0,306.7,0.0,60.15,0.0,21.04,0.0,4.633,0.0,0.0,0.0,9.64,10.99,11.02,22.05,21.69,0.0,19.61,33.66,9.19,2.0,3.53,-1.0,0.8299999999999998,1.2,4902
2014-09-07 18:39:00,0.0,0.0,0.0,816419.0,74.7,59.9,60.0,0.0,23539.0,341.0,74804.0,810905.0,-0.4889999999999999,0.063,-7.953999999999998,7.97,0.0,272.1,272.6,273.6,0.979,272.0,0.748,272.6,0.921,273.9,0.019,13.65,2.0,3.0,0.0,23.38,5.006,308.7,310.6,0.0,-0.025,-0.0069999999999999,2.423,2.595,0.216,0.0,39.81,19.8,19.46,19.39,19.29,18.88,19.3,19.18,19.86,19.27,0.079,0.0899999999999999,0.098,0.093,0.094,0.083,0.089,930.0,945.0,935.0,929.0,946.0,924.0,815.0,0.023,0.027,0.0289999999999999,0.0279999999999999,0.0279999999999999,0.025,0.027,0.0,309.1,0.0,60.15,0.0,16.97,0.0,4.517,0.0,0.0,0.0,9.98,11.11,11.12,21.96,21.6,0.0,19.52,25.6,13.76,2.0,3.53,-1.0,1.045,1.6,4902
2014-09-07 18:40:00,0.0,0.0,0.0,816419.0,74.7,59.9,60.0,0.0,23539.0,341.0,74804.0,810905.0,-0.522,0.067,-7.963999999999999,7.984,0.0,272.0,272.7,273.7,0.979,272.0,0.748,272.8,0.921,274.0,0.019,13.65,2.0,3.0,0.0,23.33,4.94,306.4,308.3,0.0,-0.027,-0.011,2.277,2.233,0.216,0.0,39.81,19.67,19.38,19.31,19.26,18.87,19.27,19.16,19.88,19.27,-3.269,0.074,0.0819999999999999,0.0769999999999999,-3.256,0.068,0.0749999999999999,930.0,945.0,935.0,929.0,946.0,924.0,815.0,-1.05,0.022,0.024,0.023,-1.046,0.02,0.022,0.0,306.7,0.0,60.15,0.0,16.74,0.0,4.517,0.0,0.0,0.0,10.0,11.12,11.14,21.99,21.64,0.0,19.39,341.6,14.07,2.0,3.531,-1.0,1.533,2.0,4902
2014-09-07 18:41:00,0.0,0.0,0.0,816419.0,74.7,59.9,60.0,0.0,23539.0,341.0,74804.0,810905.0,-0.565,0.0729999999999999,-7.982,8.01,0.0,271.9,272.6,273.7,0.979,272.0,0.748,272.2,0.921,273.7,0.019,13.65,2.0,3.0,0.0,23.28,4.893,301.8,304.3,0.0,-0.0279999999999999,-0.013,1.826,1.7480000000000002,0.216,0.0,39.81,19.63,19.45,19.36,19.36,18.82,19.35,19.21,19.92,19.27,-3.289,0.052,0.0599999999999999,0.0559999999999999,0.0559999999999999,0.049,0.0559999999999999,930.0,945.0,935.0,929.0,946.0,924.0,815.0,-1.038,0.016,0.018,0.017,0.017,0.0149999999999999,0.017,0.0,302.2,0.0,60.15,0.0,16.58,0.0,4.517,0.0,0.0,0.0,10.02,11.14,11.17,22.06,21.72,0.0,19.4,331.7,10.43,2.0,3.53,-1.0,1.2919999999999998,1.7,4902
2014-09-07 18:42:00,0.0,0.0,0.0,816419.0,74.7,59.9,60.0,0.0,23539.0,341.0,74804.0,810905.0,-0.3829999999999999,0.044,-8.79,8.79,0.0,271.8,272.4,273.5,0.979,272.0,0.748,272.0,0.921,273.0,0.019,13.65,2.0,3.0,0.0,23.23,0.0,298.5,300.0,0.0,-0.033,-0.018,1.388,1.218,0.216,0.0,39.77,19.65,19.45,19.37,19.26,18.72,19.36,19.16,19.84,19.29,0.009,0.0149999999999999,0.023,0.018,0.018,0.013,0.023,930.0,945.0,935.0,929.0,946.0,924.0,815.0,0.003,0.005,0.0069999999999999,0.006,0.005,0.004,0.0069999999999999,0.0,298.7,0.0,60.15,0.0,0.0,0.0,4.0,0.0,0.0,0.0,11.49,11.61,11.48,22.03,21.71,0.0,19.44,11.65,19.92,2.0,3.53,-1.0,1.123,1.5,4902
2014-09-07 18:43:00,0.0,0.0,0.0,816419.0,74.7,59.9,60.0,0.0,23539.0,341.0,74804.0,810905.0,-0.26,0.346,-5.968,5.974,0.0,271.6,272.1,273.2,0.979,272.0,0.748,272.0,0.921,273.0,0.019,13.65,2.0,3.0,0.0,23.17,0.0,282.6,275.8,0.0,-0.034,-0.02,1.083,0.797,0.216,0.0,39.71,19.71,19.49,19.32,19.26,18.67,19.3,19.16,19.83,19.21,0.01,0.0149999999999999,0.021,0.017,0.017,0.013,0.022,930.0,945.0,935.0,929.0,946.0,924.0,815.0,0.003,0.004,0.006,0.005,0.005,0.004,0.006,0.0,282.9,0.0,60.14,0.0,0.0,0.0,2.733,0.0,0.0,0.0,7.8279999999999985,7.907999999999999,7.822,22.03,21.68,0.0,19.44,9.98,23.0,2.0,3.53,-1.0,0.972,1.3,4902
2014-09-07 18:44:00,0.0,0.0,0.0,816419.0,74.7,59.9,60.0,0.0,23539.0,341.0,74804.0,810905.0,0.0,1.0,0.0,0.0,0.0,271.6,271.9,273.0,0.979,272.0,0.748,272.0,0.921,273.0,0.019,13.65,2.0,3.0,0.0,23.12,0.0,269.0,162.2,0.0,-0.037,-0.02,0.812,0.5959999999999999,0.216,0.0,39.64,19.7,19.44,19.26,19.19,18.67,19.2,19.08,19.75,19.2,0.01,0.0139999999999999,0.018,0.016,0.016,0.013,0.021,930.0,945.0,935.0,929.0,946.0,924.0,815.0,0.003,0.004,0.005,0.004,0.004,0.003,0.006,0.0,269.2,0.0,60.15,0.0,0.0,0.0,0.0,0.0,0.0,0.0,0.0,0.0,0.0,22.05,21.72,0.0,19.45,10.55,36.2,2.0,3.53,-1.0,0.948,1.6,4902
2014-09-07 18:45:00,0.0,0.0,0.0,816419.0,74.7,59.9,60.0,0.0,23539.0,341.0,74804.0,810905.0,0.0,1.0,0.0,0.0,0.0,271.2,271.9,273.0,0.979,271.8,0.748,272.0,0.921,273.0,0.019,13.65,2.0,3.0,0.0,23.08,0.0,258.1,79.11,0.0,-0.037,-0.02,0.812,0.437,0.216,0.0,39.61,19.73,19.49,19.26,19.16,18.67,19.17,19.06,19.73,19.26,0.01,0.0139999999999999,0.018,0.0149999999999999,0.016,0.013,0.02,930.0,945.0,935.0,929.0,946.0,924.0,815.0,0.003,0.004,0.005,0.004,0.004,0.003,0.005,0.0,258.2,0.0,60.15,0.0,0.0,0.0,0.0,0.0,0.0,0.0,0.0,0.0,0.0,22.09,21.76,0.0,19.49,355.6,31.24,2.0,3.53,-1.0,1.228,1.7,4902
2014-09-07 18:46:00,0.0,0.0,0.0,816419.0,74.7,59.9,60.0,0.0,23539.0,341.0,74804.0,810905.0,0.0,1.0,0.0,0.0,0.0,271.6,271.6,272.8,0.979,271.8,0.748,272.0,0.921,273.0,0.019,13.65,2.0,3.0,0.0,23.04,0.0,247.5,37.37,0.0,-0.037,-0.02,0.813,0.3599999999999999,0.216,0.0,39.6,19.8,19.49,19.26,19.23,18.67,19.17,19.06,19.8,19.2,0.01,0.0139999999999999,0.017,0.0149999999999999,0.016,0.013,0.02,930.0,945.0,935.0,929.0,946.0,924.0,815.0,0.003,0.003,0.004,0.004,0.004,0.003,0.005,0.0,247.7,0.0,60.18,0.0,0.0,0.0,0.0,0.0,0.0,0.0,0.0,0.0,0.0,22.12,21.81,0.0,19.65,356.7,32.16,2.0,3.53,-1.0,1.045,1.7,4902
2014-09-07 18:47:00,0.0,0.0,0.0,816419.0,74.7,59.9,60.0,0.0,23539.0,341.0,74804.0,810905.0,0.0,1.0,0.0,0.0,0.0,271.4,271.7,272.9,0.979,271.8,0.748,272.0,0.921,273.0,0.019,13.65,2.0,3.0,0.0,23.0,0.0,236.3,22.03,0.0,-0.034,-0.02,0.804,0.315,0.216,0.0,39.51,19.83,19.45,19.26,19.23,18.69,19.17,19.06,19.83,19.25,0.011,0.0139999999999999,0.017,0.0149999999999999,0.016,0.0139999999999999,0.02,930.0,945.0,935.0,929.0,946.0,924.0,815.0,0.003,0.003,0.004,0.003,0.004,0.003,0.005,0.0,236.5,0.0,60.21,0.0,0.0,0.0,0.0,0.0,0.0,0.0,0.0,0.0,0.0,22.12,21.8,0.0,19.64,2.482,17.84,2.0,3.528,-1.0,1.073,2.0,4902
2014-09-07 18:48:00,0.0,0.0,0.0,816419.0,74.7,59.9,60.0,0.0,23539.0,341.0,74804.0,810905.0,0.0,1.0,0.0,0.0,0.0,271.1,271.7,272.8,0.979,271.2,0.748,272.0,0.921,273.0,0.018,13.65,2.0,3.0,0.0,22.96,0.0,224.2,21.66,0.0,-0.034,-0.02,0.696,0.267,0.216,0.0,39.51,19.83,19.45,19.26,19.26,18.77,19.17,19.06,19.84,19.25,0.011,0.0139999999999999,0.017,0.0149999999999999,0.016,0.0139999999999999,0.02,930.0,945.0,935.0,929.0,946.0,924.0,815.0,0.002,0.003,0.004,0.003,0.004,0.003,0.004,0.0,224.4,0.0,60.22,0.0,0.0,0.0,0.0,0.0,0.0,0.0,0.0,0.0,0.0,22.11,21.78,0.0,19.66,354.2,9.38,2.0,3.528,-1.0,1.61,2.2,4902
2014-09-07 18:49:00,0.0,0.0,0.0,816419.0,74.7,59.9,60.0,0.0,23539.0,341.0,74804.0,810905.0,0.0,1.0,0.0,0.0,0.0,271.1,271.7,272.7,0.979,271.2,0.748,272.0,0.921,273.0,0.018,13.65,2.0,3.0,0.0,22.91,0.0,211.3,21.74,0.0,-0.034,-0.02,0.497,0.221,0.216,0.0,39.48,19.78,19.45,19.26,19.21,18.74,19.2,19.06,19.83,19.3,0.011,0.0139999999999999,0.016,0.0149999999999999,0.016,0.0139999999999999,0.02,930.0,945.0,935.0,929.0,946.0,924.0,815.0,0.002,0.003,0.003,0.003,0.003,0.003,0.004,0.0,211.5,0.0,60.15,0.0,0.0,0.0,0.0,0.0,0.0,0.0,0.0,0.0,0.0,22.03,21.67,0.0,19.57,12.02,19.78,2.0,3.531,-1.0,1.085,2.0,4902
2014-09-07 18:50:00,0.0,0.0,0.0,816419.0,74.7,59.9,60.0,0.0,23539.0,341.0,74804.0,810905.0,0.0,1.0,0.0,0.0,0.0,271.2,271.5,272.7,0.979,271.1,0.748,271.8,0.921,273.0,0.018,13.65,2.0,3.0,0.0,22.88,0.0,197.6,21.63,0.0,-0.034,-0.02,0.315,0.191,0.216,0.0,39.41,19.83,19.44,19.26,19.16,18.71,19.25,19.06,19.75,19.28,0.011,0.0139999999999999,0.016,0.0139999999999999,0.016,0.0139999999999999,0.02,930.0,945.0,935.0,929.0,946.0,924.0,815.0,0.002,0.003,0.003,0.003,0.003,0.003,0.004,0.0,197.9,0.0,60.14,0.0,0.0,0.0,0.0,0.0,0.0,0.0,0.0,0.0,0.0,21.91,21.56,0.0,19.57,2.779,28.84,2.0,3.531,-1.0,1.117,1.8,4902
2014-09-07 18:51:00,0.0,0.0,0.0,816419.0,74.7,59.9,60.0,0.0,23539.0,341.0,74804.0,810905.0,0.0,1.0,0.0,0.0,0.0,271.2,271.6,272.8,0.979,271.1,0.748,272.0,0.921,273.0,0.018,13.65,2.0,3.0,0.0,22.84,0.0,183.6,21.61,0.0,-0.034,-0.02,0.3049999999999999,0.183,0.216,0.0,39.41,19.78,19.37,19.23,19.16,18.69,19.27,19.06,19.78,19.28,0.011,0.0139999999999999,0.016,0.0139999999999999,0.016,0.0149999999999999,0.02,930.0,945.0,935.0,929.0,946.0,924.0,815.0,0.002,0.003,0.003,0.003,0.003,0.003,0.004,0.0,183.6,0.0,60.14,0.0,0.0,0.0,0.0,0.0,0.0,0.0,0.0,0.0,0.0,21.94,21.61,0.0,19.53,356.8,14.22,2.0,3.528,-1.0,1.388,2.1,4902
2014-09-07 18:52:00,0.0,0.0,0.0,816419.0,74.7,59.9,60.0,0.0,23539.0,341.0,74804.0,810905.0,0.0,1.0,0.0,0.0,0.0,271.1,271.7,272.9,0.979,271.3,0.748,272.0,0.921,273.0,0.018,13.65,2.0,3.0,0.0,22.8,0.0,168.2,21.77,0.0,-0.034,-0.02,0.3049999999999999,0.066,0.216,0.0,39.35,19.65,19.42,19.26,19.16,18.67,19.27,19.06,19.84,19.3,0.012,0.0139999999999999,0.0149999999999999,0.0139999999999999,0.016,0.0149999999999999,0.019,930.0,945.0,935.0,929.0,946.0,924.0,815.0,0.002,0.002,0.003,0.002,0.003,0.002,0.003,0.0,168.5,0.0,60.15,0.0,0.0,0.0,0.0,0.0,0.0,0.0,0.0,0.0,0.0,21.9,21.55,0.0,19.41,355.7,26.94,2.0,3.53,-1.0,1.04,1.8,4902
2014-09-07 18:53:00,0.0,0.0,0.0,816419.0,74.7,59.9,60.0,0.0,23539.0,341.0,74804.0,810905.0,0.0,1.0,0.0,0.0,0.0,271.3,271.7,272.8,0.979,271.5,0.748,272.0,0.921,273.0,0.018,13.65,2.0,3.0,0.0,22.76,0.0,152.3,21.76,0.0,-0.034,-0.02,0.3049999999999999,0.0379999999999999,0.216,0.0,39.3,19.67,19.49,19.26,19.18,18.67,19.29,19.03,19.79,19.28,0.012,0.0139999999999999,0.0149999999999999,0.0139999999999999,0.016,0.0149999999999999,0.019,930.0,945.0,935.0,929.0,946.0,924.0,815.0,0.002,0.002,0.002,0.002,0.002,0.002,0.003,0.0,152.4,0.0,60.13,0.0,0.0,0.0,0.0,0.0,0.0,0.0,0.0,0.0,0.0,21.88,21.51,0.0,19.37,3.811,15.11,2.0,3.528,-1.0,1.057,1.3,4902
2014-09-07 18:54:00,0.0,0.0,0.0,816419.0,74.7,59.9,60.0,0.0,23539.0,341.0,74804.0,810905.0,0.0,1.0,0.0,0.0,0.0,271.4,271.8,272.9,0.979,271.8,0.748,272.0,0.921,273.0,0.018,13.65,2.0,3.0,0.0,22.72,0.0,135.8,21.72,0.0,-0.034,-0.02,0.3049999999999999,0.0379999999999999,0.216,0.0,39.22,19.75,19.45,19.18,19.13,18.67,19.24,18.97,19.73,19.25,0.012,0.0139999999999999,0.0149999999999999,0.0139999999999999,0.016,0.0149999999999999,0.019,930.0,945.0,935.0,929.0,946.0,924.0,815.0,0.002,0.002,0.002,0.002,0.002,0.002,0.003,0.0,135.8,0.0,60.12,0.0,0.0,0.0,0.0,0.0,0.0,0.0,0.0,0.0,0.0,21.83,21.48,0.0,19.46,19.33,28.03,2.0,3.528,-1.0,0.915,1.5,4902
2014-09-07 18:55:00,0.0,0.0,0.0,816419.0,74.7,59.9,60.0,0.0,23539.0,341.0,74804.0,810905.0,0.0,1.0,0.0,0.0,0.0,271.6,271.7,272.8,0.979,271.8,0.748,272.0,0.921,273.0,0.018,13.65,2.0,3.0,0.0,22.68,0.0,119.0,21.57,0.0,-0.034,-0.02,0.3049999999999999,0.0379999999999999,0.216,0.0,39.22,19.83,19.36,19.16,19.11,18.67,19.18,18.97,19.7,19.18,0.012,0.0139999999999999,0.0149999999999999,0.0139999999999999,0.016,0.0149999999999999,0.019,930.0,945.0,935.0,929.0,946.0,924.0,815.0,0.001,0.002,0.002,0.002,0.002,0.002,0.002,0.0,119.2,0.0,60.16,0.0,0.0,0.0,0.0,0.0,0.0,0.0,0.0,0.0,0.0,21.74,21.39,0.0,19.45,353.5,31.21,2.0,3.53,-1.0,0.8349999999999999,1.3,4902
2014-09-07 18:56:00,0.0,0.0,0.0,816419.0,74.7,59.9,60.0,0.0,23539.0,341.0,74804.0,810905.0,0.0,1.0,0.0,0.0,0.0,271.3,271.9,273.0,0.979,272.0,0.748,272.0,0.921,273.0,0.018,13.65,2.0,3.0,0.0,22.65,0.0,103.2,21.65,0.0,-0.034,-0.02,0.3049999999999999,0.0379999999999999,0.216,0.0,39.13,19.84,19.36,19.16,19.06,18.62,19.18,18.87,19.63,19.18,0.012,0.0139999999999999,0.0149999999999999,0.0139999999999999,0.016,0.0149999999999999,0.019,930.0,945.0,935.0,929.0,946.0,924.0,815.0,0.001,0.001,0.001,0.001,0.002,0.002,0.002,0.0,103.2,0.0,60.15,0.0,0.0,0.0,0.0,0.0,0.0,0.0,0.0,0.0,0.0,21.72,21.37,0.0,19.52,12.45,18.56,2.0,3.53,-1.0,0.837,1.3,4902
2014-09-07 18:57:00,0.0,0.0,0.0,816419.0,74.7,59.9,60.0,0.0,23539.0,341.0,74804.0,810905.0,0.0,1.0,0.0,0.0,0.0,271.6,271.8,272.9,0.979,272.0,0.748,272.0,0.921,273.0,0.018,13.65,2.0,3.0,0.0,22.62,0.0,88.09999999999998,21.53,0.0,-0.036,-0.02,0.3049999999999999,0.023,0.216,0.0,39.12,19.91,19.36,19.18,18.97,18.58,19.09,18.85,19.55,19.18,0.012,0.0139999999999999,0.0139999999999999,0.0139999999999999,0.016,0.0149999999999999,0.019,930.0,945.0,935.0,929.0,946.0,924.0,815.0,0.001,0.001,0.001,0.001,0.001,0.001,0.002,0.0,88.29999999999998,0.0,60.13,0.0,0.0,0.0,0.0,0.0,0.0,0.0,0.0,0.0,0.0,21.74,21.4,0.0,19.52,43.42,37.21,2.0,3.528,-1.0,0.8629999999999999,1.7,4902
2014-09-07 18:58:00,0.0,0.0,0.0,816419.0,74.7,59.9,60.0,0.0,23539.0,341.0,74804.0,810905.0,0.0,1.0,0.0,0.0,0.0,271.5,272.0,273.1,0.979,272.0,0.748,272.0,0.921,273.0,0.018,13.65,2.0,3.0,0.0,22.58,0.0,74.65999999999998,21.71,0.0,-0.04,-0.02,0.3049999999999999,0.004,0.216,0.0,39.02,19.86,19.34,19.1,18.98,18.58,19.08,18.79,19.45,19.14,0.012,0.0139999999999999,0.0139999999999999,0.0139999999999999,0.016,0.0149999999999999,0.019,930.0,945.0,935.0,929.0,946.0,924.0,815.0,0.001,0.001,0.001,0.001,0.001,0.001,0.001,0.0,74.81999999999998,0.0,60.14,0.0,0.0,0.0,0.0,0.0,0.0,0.0,0.0,0.0,0.0,21.71,21.36,0.0,19.43,18.23,12.34,2.0,3.531,-1.0,1.24,1.6,4902
2014-09-07 18:59:00,0.0,0.0,0.0,816419.0,74.7,59.9,60.0,0.0,23539.0,341.0,74804.0,810905.0,0.0,1.0,0.0,0.0,0.0,271.5,272.1,273.2,0.979,272.0,0.748,272.0,0.921,273.0,0.018,13.65,2.0,3.0,0.0,22.55,0.0,62.91,21.65,0.0,-0.035,-0.02,0.3049999999999999,-0.022,0.216,0.0,39.0,19.9,19.26,19.2,19.02,18.67,19.08,18.85,19.57,19.17,0.012,0.0139999999999999,0.0139999999999999,0.0139999999999999,0.016,0.0149999999999999,0.019,930.0,945.0,935.0,929.0,946.0,924.0,815.0,0.001,0.001,0.001,0.001,0.001,0.001,0.001,0.0,63.04,0.0,60.14,0.0,0.0,0.0,0.0,0.0,0.0,0.0,0.0,0.0,0.0,21.67,21.34,0.0,19.47,12.08,13.98,2.0,3.53,-1.0,1.22,1.7,4902
2014-09-07 19:00:00,0.0,0.0,0.0,816419.0,74.7,59.9,60.0,0.0,23539.0,341.0,74804.0,810905.0,0.0,1.0,0.0,0.0,0.0,271.4,272.1,273.2,0.979,272.0,0.748,272.0,0.921,273.0,0.017,13.65,2.0,3.0,0.0,22.51,0.0,52.83,21.66,0.0,-0.034,-0.02,0.3049999999999999,-0.031,0.216,0.0,38.92,19.85,19.26,19.25,19.12,18.66,19.08,18.85,19.62,19.18,0.012,0.0139999999999999,0.0139999999999999,0.0139999999999999,0.016,0.0149999999999999,0.019,930.0,945.0,935.0,929.0,946.0,924.0,815.0,0.001,0.001,0.001,0.001,0.001,0.001,0.001,0.0,53.01,0.0,60.15,0.0,0.0,0.0,0.0,0.0,0.0,0.0,0.0,0.0,0.0,21.66,21.34,0.0,19.43,27.32,20.31,2.0,3.53,-1.0,0.787,1.2,4902
2014-09-07 19:01:00,0.0,0.0,0.0,816419.0,74.7,59.9,60.0,0.0,23539.0,341.0,74804.0,810905.0,0.0,1.0,0.0,0.0,0.0,272.0,272.1,273.2,0.979,272.0,0.748,272.0,0.921,273.0,0.017,13.65,2.0,3.0,0.0,22.48,0.0,44.41,21.71,0.0,-0.034,-0.02,0.3049999999999999,-0.036,0.216,0.0,38.86,19.84,19.26,19.27,19.17,18.71,19.08,18.87,19.71,19.18,0.012,0.0139999999999999,0.0139999999999999,0.0139999999999999,0.016,0.0149999999999999,0.019,930.0,945.0,935.0,929.0,946.0,924.0,815.0,0.001,0.001,0.001,0.001,0.001,0.001,0.001,0.0,44.63,0.0,60.15,0.0,0.0,0.0,0.0,0.0,0.0,0.0,0.0,0.0,0.0,21.76,21.44,0.0,19.45,44.21,21.88,2.0,3.53,-1.0,0.8529999999999999,1.5,4902
2014-09-07 19:02:00,0.0,0.0,0.0,816419.0,74.7,59.9,60.0,0.0,23539.0,341.0,74804.0,810905.0,0.0,1.0,0.0,0.0,0.0,271.7,272.2,273.3,0.979,272.0,0.748,272.0,0.921,273.0,0.017,13.65,2.0,3.0,0.0,22.45,0.0,37.53,21.66,0.0,-0.034,-0.02,0.3049999999999999,-0.033,0.216,0.0,38.81,19.82,19.18,19.27,19.17,18.78,19.08,18.92,19.74,19.15,0.012,0.0139999999999999,0.0139999999999999,0.0139999999999999,0.016,0.0149999999999999,0.019,930.0,945.0,935.0,929.0,946.0,924.0,815.0,0.0,0.001,0.001,0.001,0.001,0.001,0.001,0.0,37.6,0.0,60.14,0.0,0.0,0.0,0.0,0.0,0.0,0.0,0.0,0.0,0.0,21.76,21.42,0.0,19.44,20.41,28.63,2.0,3.531,-1.0,1.092,1.6,4902
2014-09-07 19:03:00,0.0,0.0,0.0,816419.0,74.7,59.9,60.0,0.0,23539.0,341.0,74804.0,810905.0,0.0,1.0,0.0,0.0,0.0,271.7,272.1,273.3,0.979,272.0,0.748,272.0,0.921,273.0,0.017,13.65,2.0,3.0,0.0,22.42,0.0,31.86,21.67,0.0,-0.032,-0.02,0.3049999999999999,-0.0379999999999999,0.215,0.0,38.73,19.74,19.18,19.28,19.2,18.78,19.19,19.05,19.79,19.18,0.012,0.0139999999999999,0.0139999999999999,0.0139999999999999,0.016,0.0149999999999999,0.019,930.0,945.0,935.0,929.0,946.0,924.0,815.0,0.0,0.0,0.0,0.0,0.001,0.0,0.001,0.0,31.81,0.0,60.12,0.0,0.0,0.0,0.0,0.0,0.0,0.0,0.0,0.0,0.0,21.73,21.36,0.0,19.37,347.7,16.1,2.0,3.531,-1.0,1.07,1.6,4902
2014-09-07 19:04:00,0.0,0.0,0.0,816419.0,74.7,59.9,60.0,0.0,23539.0,341.0,74804.0,810905.0,0.0,1.0,0.0,0.0,0.0,271.9,272.4,273.5,0.979,272.0,0.748,272.0,0.921,273.7,0.017,13.65,2.0,3.0,0.0,22.39,0.0,27.11,21.66,0.0,-0.027,-0.02,0.3049999999999999,-0.034,0.215,0.0,38.66,19.74,19.28,19.36,19.27,18.8,19.29,19.17,19.85,19.18,0.012,0.0139999999999999,0.0139999999999999,0.0139999999999999,0.016,0.0149999999999999,0.019,930.0,945.0,935.0,929.0,946.0,924.0,815.0,0.0,0.0,0.0,0.0,0.0,0.0,0.001,0.0,27.03,0.0,60.14,0.0,0.0,0.0,0.0,0.0,0.0,0.0,0.0,0.0,0.0,21.75,21.4,0.0,19.41,23.31,17.69,2.0,3.53,-1.0,1.26,2.2,4902
2014-09-07 19:05:00,0.0,0.0,0.0,816419.0,74.7,59.9,60.0,0.0,23539.0,341.0,74804.0,810905.0,0.0,1.0,0.0,0.0,0.0,271.8,272.6,273.7,0.979,272.0,0.748,272.1,0.921,274.0,0.017,13.65,2.0,3.0,0.0,22.35,0.0,23.26,21.71,0.0,-0.027,-0.02,0.3049999999999999,-0.0379999999999999,0.216,0.0,38.61,19.76,19.26,19.36,19.33,18.88,19.36,19.2,19.95,19.29,0.012,0.0139999999999999,0.0139999999999999,0.0139999999999999,0.016,0.0149999999999999,0.019,930.0,945.0,935.0,929.0,946.0,924.0,815.0,0.0,0.0,0.0,0.0,0.0,0.0,0.0,0.0,23.12,0.0,60.14,0.0,0.0,0.0,0.0,0.0,0.0,0.0,0.0,0.0,0.0,21.79,21.46,0.0,19.46,353.6,38.05,2.0,3.53,-1.0,1.142,2.0,4902
2014-09-07 19:06:00,0.0,0.0,0.0,816419.0,74.7,59.9,60.0,0.0,23539.0,341.0,74804.0,810905.0,0.0,1.0,0.0,0.0,0.0,272.4,272.6,273.7,0.979,272.0,0.748,272.8,0.921,274.0,0.017,13.65,2.0,3.0,0.0,22.33,0.0,20.15,21.67,0.0,-0.027,-0.02,0.3049999999999999,-0.0379999999999999,0.216,0.0,38.57,19.84,19.28,19.38,19.36,18.88,19.36,19.25,19.95,19.32,0.012,0.0139999999999999,0.0139999999999999,0.0139999999999999,0.016,0.0149999999999999,0.019,930.0,945.0,935.0,929.0,946.0,924.0,815.0,0.0,0.0,0.0,0.0,0.0,0.0,0.0,0.0,19.99,0.0,60.15,0.0,0.0,0.0,0.0,0.0,0.0,0.0,0.0,0.0,0.0,21.82,21.5,0.0,19.53,343.0,25.79,2.0,3.53,-1.0,1.0,1.8,4902
2014-09-07 19:07:00,0.0,0.0,0.0,816419.0,74.7,59.9,60.0,0.0,23539.0,341.0,74804.0,810905.0,0.0,1.0,0.0,0.0,0.0,272.5,272.5,273.7,0.979,272.0,0.748,272.9,0.921,274.0,0.017,13.65,2.0,3.0,0.0,22.3,0.0,17.76,21.67,0.0,-0.027,-0.02,0.3049999999999999,-0.037,0.216,0.0,38.49,19.82,19.39,19.43,19.36,18.88,19.37,19.27,19.95,19.3,0.012,0.0139999999999999,0.0139999999999999,0.0139999999999999,0.016,0.0149999999999999,0.018,930.0,945.0,935.0,929.0,946.0,924.0,815.0,0.0,0.0,0.0,0.0,0.0,0.0,0.0,0.0,17.62,0.0,60.15,0.0,0.0,0.0,0.0,0.0,0.0,0.0,0.0,0.0,0.0,21.85,21.55,0.0,19.56,345.9,22.0,2.0,3.531,-1.0,1.127,1.6,4902
2014-09-07 19:08:00,0.0,0.0,0.0,816419.0,74.7,59.9,60.0,0.0,23539.0,341.0,74804.0,810905.0,0.0,1.0,0.0,0.0,0.0,272.2,272.7,273.8,0.979,272.0,0.748,273.0,0.921,274.0,0.017,13.65,2.0,3.0,0.0,22.28,0.0,15.5,21.71,0.0,-0.027,-0.02,0.3049999999999999,-0.036,0.216,0.0,38.44,19.9,19.45,19.46,19.36,18.88,19.47,19.27,20.0,19.3,0.012,0.0139999999999999,0.0139999999999999,0.013,0.016,0.0149999999999999,0.019,930.0,945.0,935.0,929.0,946.0,924.0,815.0,0.0,0.0,0.0,0.0,0.0,0.0,0.0,0.0,15.32,0.0,60.14,0.0,0.0,0.0,0.0,0.0,0.0,0.0,0.0,0.0,0.0,21.86,21.55,0.0,19.62,9.63,22.48,2.0,3.531,-1.0,1.08,2.0,4902
2014-09-07 19:09:00,0.0,0.0,0.0,816419.0,74.7,59.9,60.0,0.0,23539.0,341.0,74804.0,810905.0,0.0,1.0,0.0,0.0,0.0,272.2,272.8,274.0,0.979,272.4,0.748,273.0,0.921,274.0,0.017,13.65,2.0,3.0,0.0,22.25,0.0,13.73,21.67,0.0,-0.027,-0.019,0.3049999999999999,-0.0379999999999999,0.215,0.0,38.37,19.93,19.44,19.46,19.36,18.88,19.42,19.27,20.01,19.32,0.012,0.0139999999999999,0.0139999999999999,0.0139999999999999,0.016,0.0149999999999999,0.018,930.0,945.0,935.0,929.0,946.0,924.0,815.0,0.0,0.0,0.0,0.0,0.0,0.0,0.0,0.0,13.54,0.0,60.15,0.0,0.0,0.0,0.0,0.0,0.0,0.0,0.0,0.0,0.0,21.83,21.51,0.0,19.69,7.382,18.68,2.0,3.53,-1.0,1.07,1.5,4902
2014-09-07 19:10:00,0.0,0.0,0.0,816419.0,74.7,59.9,60.0,0.0,23539.0,341.0,74804.0,810905.0,0.0,1.0,0.0,0.0,0.0,272.5,272.8,273.9,0.979,272.8,0.748,273.0,0.921,274.0,0.017,13.65,2.0,3.0,0.0,22.22,0.0,12.23,21.78,0.0,-0.027,-0.018,0.3049999999999999,-0.0379999999999999,0.215,0.0,38.31,19.93,19.45,19.48,19.4,18.88,19.45,19.27,20.03,19.36,0.012,0.0139999999999999,0.0139999999999999,0.013,0.0149999999999999,0.0149999999999999,0.018,930.0,945.0,935.0,929.0,946.0,924.0,815.0,0.0,0.0,0.0,0.0,0.0,0.0,0.0,0.0,12.02,0.0,60.14,0.0,0.0,0.0,0.0,0.0,0.0,0.0,0.0,0.0,0.0,21.84,21.53,0.0,19.67,348.0,13.43,2.0,3.531,-1.0,1.685,2.4,4902
2014-09-07 19:11:00,0.0,0.0,0.0,816419.0,74.7,59.9,60.0,0.0,23539.0,341.0,74804.0,810905.0,0.0,1.0,0.0,0.0,0.0,272.7,272.8,273.9,0.979,273.0,0.748,273.0,0.921,274.0,0.017,13.65,2.0,3.0,0.0,22.2,0.0,11.35,21.78,0.0,-0.027,-0.0139999999999999,0.3049999999999999,-0.037,0.216,0.0,38.28,19.93,19.49,19.54,19.46,18.88,19.47,19.33,20.05,19.43,0.012,0.0139999999999999,0.0139999999999999,0.013,0.0149999999999999,0.0149999999999999,0.018,930.0,945.0,935.0,929.0,946.0,924.0,815.0,0.0,0.0,0.0,0.0,0.0,0.0,0.0,0.0,11.09,0.0,60.14,0.0,0.0,0.0,0.0,0.0,0.0,0.0,0.0,0.0,0.0,21.84,21.52,0.0,19.66,5.634,28.08,2.0,3.531,-1.0,1.548,2.4,4902
2014-09-07 19:12:00,0.0,0.0,0.0,816419.0,74.7,59.9,60.0,0.0,23539.0,341.0,74804.0,810905.0,0.0,1.0,0.0,0.0,0.0,272.7,272.8,273.8,0.979,272.6,0.748,273.0,0.921,274.0,0.017,13.65,2.0,3.0,0.0,22.17,0.0,10.45,21.72,0.0,-0.027,-0.013,0.3049999999999999,-0.0379999999999999,0.216,0.0,38.18,19.93,19.55,19.56,19.48,18.96,19.49,19.36,20.06,19.44,0.012,0.0139999999999999,0.0139999999999999,0.013,0.0149999999999999,0.0149999999999999,0.018,930.0,945.0,935.0,929.0,946.0,924.0,815.0,0.0,0.0,0.0,0.0,0.0,0.0,0.0,0.0,10.11,0.0,60.15,0.0,0.0,0.0,0.0,0.0,0.0,0.0,0.0,0.0,0.0,21.85,21.53,0.0,19.74,15.14,20.67,2.0,3.531,-1.0,1.47,2.2,4902
2014-09-07 19:13:00,0.0,0.0,0.0,816419.0,74.7,59.9,60.0,0.0,23539.0,341.0,74804.0,810905.0,0.0,1.0,0.0,0.0,0.0,272.4,272.8,273.8,0.979,272.3,0.748,273.0,0.921,274.0,0.017,13.65,2.0,3.0,0.0,22.15,0.0,9.340000000000002,21.68,0.0,-0.025,-0.013,0.3049999999999999,-0.0379999999999999,0.216,0.0,38.14,19.93,19.53,19.56,19.54,18.97,19.47,19.36,20.14,19.51,0.012,0.0139999999999999,0.0139999999999999,0.013,0.0149999999999999,0.0149999999999999,0.018,930.0,945.0,935.0,929.0,946.0,924.0,815.0,0.0,0.0,0.0,0.0,0.0,0.0,0.0,0.0,9.0,0.0,60.18,0.0,0.0,0.0,0.0,0.0,0.0,0.0,0.0,0.0,0.0,21.86,21.55,0.0,19.76,355.4,14.88,2.0,3.53,-1.0,1.4069999999999998,2.0,4902
2014-09-07 19:14:00,0.0,0.0,0.0,816419.0,74.7,59.9,60.0,0.0,23539.0,341.0,74804.0,810905.0,0.0,1.0,0.0,0.0,0.0,272.2,272.8,273.9,0.979,272.3,0.748,273.0,0.921,274.0,0.017,13.65,2.0,3.0,0.0,22.13,0.0,8.67,21.76,0.0,-0.021,-0.013,0.3049999999999999,-0.037,0.216,0.0,38.09,19.93,19.5,19.56,19.56,18.97,19.57,19.38,20.14,19.48,0.012,0.0139999999999999,0.0139999999999999,0.013,0.0149999999999999,0.0149999999999999,0.018,930.0,945.0,935.0,929.0,946.0,924.0,815.0,0.0,0.0,0.0,0.0,0.0,0.0,0.0,0.0,8.29,0.0,60.14,0.0,0.0,0.0,0.0,0.0,0.0,0.0,0.0,0.0,0.0,21.8,21.47,0.0,19.72,350.7,20.47,2.0,3.531,-1.0,1.3730000000000002,2.3,4902
2014-09-07 19:15:00,0.0,0.0,0.0,816419.0,74.7,59.9,60.0,0.0,23539.0,341.0,74804.0,810905.0,0.0,1.0,0.0,0.0,0.0,272.1,272.8,273.9,0.979,272.2,0.748,272.9,0.921,274.0,0.017,13.65,2.0,3.0,0.0,22.11,0.0,8.109999999999998,21.61,0.0,-0.02,-0.013,0.3049999999999999,-0.036,0.215,0.0,38.01,19.95,19.55,19.61,19.54,19.02,19.57,19.38,20.14,19.48,0.012,0.0139999999999999,0.0139999999999999,0.013,0.0149999999999999,0.0149999999999999,0.018,930.0,945.0,935.0,929.0,946.0,924.0,815.0,0.0,0.0,0.0,0.0,0.0,0.0,0.0,0.0,7.746,0.0,60.12,0.0,0.0,0.0,0.0,0.0,0.0,0.0,0.0,0.0,0.0,21.82,21.51,0.0,19.74,350.3,18.42,2.0,3.531,-1.0,1.3630000000000002,2.2,4902
2014-09-07 19:16:00,0.0,0.0,0.0,816419.0,74.7,59.9,60.0,0.0,23539.0,341.0,74804.0,810905.0,0.0,1.0,0.0,0.0,0.0,272.5,272.8,273.9,0.979,272.7,0.748,273.0,0.921,274.0,0.017,13.65,2.0,3.0,0.0,22.09,0.0,7.635,21.69,0.0,-0.02,-0.013,0.3049999999999999,-0.0379999999999999,0.215,0.0,37.96,20.03,19.55,19.56,19.51,19.01,19.53,19.36,20.14,19.55,0.012,0.0139999999999999,0.013,0.013,0.0149999999999999,0.0149999999999999,0.018,930.0,945.0,935.0,929.0,946.0,924.0,815.0,0.0,0.0,0.0,0.0,0.0,0.0,0.0,0.0,7.153,0.0,60.15,0.0,0.0,0.0,0.0,0.0,0.0,0.0,0.0,0.0,0.0,21.8,21.47,0.0,19.82,344.6,16.66,2.0,3.531,-1.0,1.355,2.1,4902
2014-09-07 19:17:00,0.0,0.0,0.0,816419.0,74.7,59.9,60.0,0.0,23539.0,341.0,74804.0,810905.0,0.0,1.0,0.0,0.0,0.0,272.3,272.9,274.1,0.979,272.8,0.748,273.0,0.921,274.0,0.017,13.65,2.0,3.0,0.0,22.07,0.0,7.206,21.69,0.0,-0.02,-0.013,0.3049999999999999,-0.0379999999999999,0.216,0.0,37.87,20.03,19.47,19.64,19.56,18.97,19.63,19.46,20.18,19.59,0.012,0.0139999999999999,0.013,0.013,0.0149999999999999,0.0149999999999999,0.018,930.0,945.0,935.0,929.0,946.0,924.0,815.0,0.0,0.0,0.0,0.0,0.0,0.0,0.0,0.0,6.7,0.0,60.14,0.0,0.0,0.0,0.0,0.0,0.0,0.0,0.0,0.0,0.0,21.73,21.41,0.0,19.86,345.7,12.48,2.0,3.531,-1.0,1.887,2.4,4902
2014-09-07 19:18:00,0.0,0.0,0.0,816419.0,74.7,59.9,60.0,0.0,23539.0,341.0,74804.0,810905.0,0.0,1.0,0.0,0.0,0.0,272.6,273.0,274.1,0.979,273.0,0.748,273.0,0.921,274.0,0.017,13.65,2.0,3.0,0.0,22.06,0.0,6.828,21.77,0.0,-0.02,-0.013,0.3049999999999999,-0.0379999999999999,0.216,0.0,37.76,20.03,19.54,19.66,19.58,19.01,19.66,19.46,20.24,19.61,0.012,0.0139999999999999,0.013,0.013,0.0149999999999999,0.0149999999999999,0.018,930.0,945.0,935.0,929.0,946.0,924.0,815.0,0.0,0.0,0.0,0.0,0.0,0.0,0.0,0.0,6.274,0.0,60.13,0.0,0.0,0.0,0.0,0.0,0.0,0.0,0.0,0.0,0.0,21.79,21.49,0.0,19.86,355.6,13.88,2.0,3.53,-1.0,1.695,2.7,4902
2014-09-07 19:19:00,0.0,0.0,0.0,816419.0,74.7,59.9,60.0,0.0,23539.0,341.0,74804.0,810905.0,0.0,1.0,0.0,0.0,0.0,272.8,272.9,274.0,0.979,273.0,0.748,273.0,0.921,274.0,0.017,13.65,2.0,3.0,0.0,22.03,0.0,6.435,21.77,0.0,-0.02,-0.013,0.3049999999999999,-0.0379999999999999,0.216,0.0,37.71,20.05,19.64,19.66,19.64,19.05,19.66,19.53,20.24,19.61,0.012,0.0139999999999999,0.013,0.013,0.0149999999999999,0.0149999999999999,0.018,930.0,945.0,935.0,929.0,946.0,924.0,815.0,0.0,0.0,0.0,0.0,0.0,0.0,0.0,0.0,5.936,0.0,60.14,0.0,0.0,0.0,0.0,0.0,0.0,0.0,0.0,0.0,0.0,21.81,21.51,0.0,19.88,7.869,22.51,2.0,3.531,-1.0,1.245,1.9,4902
2014-09-07 19:20:00,0.0,0.0,0.0,816419.0,74.7,59.9,60.0,0.0,23539.0,341.0,74804.0,810905.0,0.0,1.0,0.0,0.0,0.0,272.4,273.1,274.2,0.979,273.0,0.748,273.0,0.921,274.0,0.017,13.65,2.0,3.0,0.0,22.01,0.0,6.406000000000001,21.66,0.0,-0.02,-0.013,0.3049999999999999,-0.0379999999999999,0.216,0.0,37.63,20.06,19.62,19.66,19.66,19.07,19.66,19.51,20.21,19.61,0.012,0.0139999999999999,0.013,0.013,0.0149999999999999,0.0149999999999999,0.018,930.0,945.0,935.0,929.0,946.0,924.0,815.0,0.0,0.0,0.0,0.0,0.0,0.0,0.0,0.0,5.6770000000000005,0.0,60.13,0.0,0.0,0.0,0.0,0.0,0.0,0.0,0.0,0.0,0.0,21.82,21.52,0.0,19.88,10.92,33.36,2.0,3.531,-1.0,1.378,2.7,4902
2014-09-07 19:21:00,0.0,0.0,0.0,816419.0,74.7,59.9,60.0,0.0,23539.0,341.0,74804.0,810905.0,0.0,1.0,0.0,0.0,0.0,272.7,273.0,274.1,0.979,273.0,0.748,273.0,0.921,274.0,0.017,13.65,2.0,3.0,0.0,22.0,0.0,6.057,21.64,0.0,-0.02,-0.013,0.3049999999999999,-0.0379999999999999,0.216,0.0,37.55,20.03,19.7,19.66,19.62,19.1,19.66,19.54,20.22,19.63,0.012,0.0139999999999999,0.013,0.013,0.0149999999999999,0.0149999999999999,0.018,930.0,945.0,935.0,929.0,946.0,924.0,815.0,0.0,0.0,0.0,0.0,0.0,0.0,0.0,0.0,5.445,0.0,60.18,0.0,0.0,0.0,0.0,0.0,0.0,0.0,0.0,0.0,0.0,21.8,21.48,0.0,19.87,359.8,14.57,2.0,3.531,-1.0,1.98,2.7,4902
2014-09-07 19:22:00,0.0,0.0,0.0,816419.0,74.7,59.9,60.0,0.0,23539.0,341.0,74804.0,810905.0,0.0,1.0,0.0,0.0,0.0,272.8,272.8,273.9,0.979,273.0,0.748,273.0,0.921,274.0,0.017,13.65,2.0,3.0,0.0,21.97,0.0,5.825,21.78,0.0,-0.02,-0.013,0.3049999999999999,-0.0379999999999999,0.215,0.0,37.45,20.11,19.67,19.66,19.66,19.12,19.66,19.56,20.24,19.68,0.012,0.013,0.013,0.013,0.0149999999999999,0.0149999999999999,0.018,930.0,945.0,935.0,929.0,946.0,924.0,815.0,0.0,0.0,0.0,0.0,0.0,0.0,0.0,0.0,5.242000000000001,0.0,60.16,0.0,0.0,0.0,0.0,0.0,0.0,0.0,0.0,0.0,0.0,21.81,21.51,0.0,19.94,345.3,19.56,2.0,3.531,-1.0,1.39,2.2,4902
2014-09-07 19:23:00,0.0,0.0,0.0,816419.0,74.7,59.9,60.0,0.0,23539.0,341.0,74804.0,810905.0,0.0,1.0,0.0,0.0,0.0,272.5,272.9,274.0,0.979,273.0,0.748,273.0,0.921,274.0,0.017,13.65,2.0,3.0,0.0,21.96,0.0,5.773,21.74,0.0,-0.022,-0.013,0.3049999999999999,-0.037,0.215,0.0,37.37,20.13,19.68,19.66,19.59,19.09,19.66,19.54,20.16,19.68,0.012,0.0139999999999999,0.013,0.013,0.0149999999999999,0.0149999999999999,0.018,930.0,945.0,935.0,929.0,946.0,924.0,815.0,0.0,0.0,0.0,0.0,0.0,0.0,0.0,0.0,5.011,0.0,60.15,0.0,0.0,0.0,0.0,0.0,0.0,0.0,0.0,0.0,0.0,21.81,21.51,0.0,19.9,333.7,13.74,2.0,3.531,-1.0,1.46,2.2,4902
2014-09-07 19:24:00,0.0,0.0,0.0,816419.0,74.7,59.9,60.0,0.0,23539.0,341.0,74804.0,810905.0,0.0,1.0,0.0,0.0,0.0,272.3,272.6,273.7,0.979,272.6,0.748,272.7,0.921,273.8,0.017,13.65,2.0,3.0,0.0,21.95,0.0,5.443,21.75,0.0,-0.027,-0.013,0.3049999999999999,-0.036,0.215,0.0,37.32,20.13,19.71,19.66,19.56,19.07,19.66,19.56,20.16,19.68,0.012,0.013,0.013,0.013,0.0149999999999999,0.0149999999999999,0.018,930.0,945.0,935.0,929.0,946.0,924.0,815.0,0.0,0.0,0.0,0.0,0.0,0.0,0.0,0.0,4.981,0.0,60.15,0.0,0.0,0.0,0.0,0.0,0.0,0.0,0.0,0.0,0.0,21.7,21.37,0.0,19.9,353.2,14.28,2.0,3.531,-1.0,1.953,3.4,4902
2014-09-07 19:25:00,0.0,0.0,0.0,816419.0,74.7,59.9,60.0,0.0,23539.0,341.0,74804.0,810905.0,0.0,1.0,0.0,0.0,0.0,271.3,271.4,272.5,0.979,271.0,0.748,271.0,0.921,272.9,0.017,13.65,2.0,3.0,0.0,21.93,0.0,5.245,21.74,0.0,-0.027,-0.0139999999999999,0.3049999999999999,-0.0379999999999999,0.215,0.0,37.25,20.13,19.75,19.69,19.58,19.07,19.7,19.56,20.14,19.66,0.012,0.013,0.013,0.013,0.0149999999999999,0.0149999999999999,0.018,930.0,945.0,935.0,929.0,946.0,924.0,815.0,0.0,0.0,0.0,0.0,0.0,0.0,0.0,0.0,4.724,0.0,60.14,0.0,0.0,0.0,0.0,0.0,0.0,0.0,0.0,0.0,0.0,21.68,21.36,0.0,19.9,348.5,10.4,2.0,3.53,-1.0,1.383,2.0,4902
2014-09-07 19:26:00,0.0,0.0,0.0,816419.0,74.7,59.9,60.0,0.0,23539.0,341.0,74804.0,810905.0,0.0,1.0,0.0,0.0,0.0,272.2,272.7,273.8,0.979,272.6,0.748,272.6,0.921,273.7,0.017,13.65,2.0,3.0,0.0,21.92,0.0,5.22,21.77,0.0,-0.027,-0.0139999999999999,0.3049999999999999,-0.0379999999999999,0.215,0.0,37.14,20.19,19.67,19.66,19.56,19.07,19.66,19.56,20.14,19.68,0.012,0.013,0.013,0.013,0.0149999999999999,0.0149999999999999,0.018,930.0,945.0,935.0,929.0,946.0,924.0,815.0,0.0,0.0,0.0,0.0,0.0,0.0,0.0,0.0,4.724,0.0,60.13,0.0,0.0,0.0,0.0,0.0,0.0,0.0,0.0,0.0,0.0,21.64,21.32,0.0,19.89,16.74,11.3,2.0,3.53,-1.0,1.477,2.1,4902
2014-09-07 19:27:00,0.0,0.0,0.0,816419.0,74.7,59.9,60.0,0.0,23539.0,341.0,74804.0,810905.0,0.0,1.0,0.0,0.0,0.0,272.5,273.2,274.2,0.979,273.0,0.748,273.0,0.921,274.0,0.017,13.65,2.0,3.0,0.0,21.89,0.0,5.219,21.68,0.0,-0.027,-0.0139999999999999,0.3049999999999999,-0.0379999999999999,0.215,0.0,37.07,20.14,19.64,19.66,19.56,19.07,19.66,19.54,20.14,19.68,0.012,0.013,0.013,0.013,0.0149999999999999,0.0149999999999999,0.018,930.0,945.0,935.0,929.0,946.0,924.0,815.0,0.0,0.0,0.0,0.0,0.0,0.0,0.0,0.0,4.723,0.0,60.16,0.0,0.0,0.0,0.0,0.0,0.0,0.0,0.0,0.0,0.0,21.66,21.34,0.0,19.87,347.0,19.55,2.0,3.528,-1.0,1.16,2.5,4902
2014-09-07 19:28:00,0.0,0.0,0.0,816419.0,74.7,59.9,60.0,0.0,23539.0,341.0,74804.0,810905.0,0.0,1.0,0.0,0.0,0.0,273.1,273.1,274.2,0.979,273.0,0.748,273.0,0.921,274.0,0.016,13.65,2.0,3.0,0.0,21.89,0.0,5.22,21.74,0.0,-0.027,-0.0139999999999999,0.3049999999999999,-0.0379999999999999,0.215,0.0,36.98,20.13,19.66,19.64,19.56,19.07,19.66,19.48,20.14,19.68,0.012,0.013,0.013,0.013,0.0149999999999999,0.0149999999999999,0.018,930.0,945.0,935.0,929.0,946.0,924.0,815.0,0.0,0.0,0.0,0.0,0.0,0.0,0.0,0.0,4.723,0.0,60.22,0.0,0.0,0.0,0.0,0.0,0.0,0.0,0.0,0.0,0.0,21.58,21.26,0.0,19.83,334.1,17.2,2.0,3.53,-1.0,1.753,2.5,4902
2014-09-07 19:29:00,0.0,0.0,0.0,816419.0,74.7,59.9,60.0,0.0,23539.0,341.0,74804.0,810905.0,0.0,1.0,0.0,0.0,0.0,273.0,273.3,274.4,0.979,273.0,0.748,273.0,0.921,274.2,0.017,13.65,2.0,3.0,0.0,21.86,0.0,5.22,21.73,0.0,-0.027,-0.0149999999999999,0.3049999999999999,-0.0379999999999999,0.215,0.0,36.93,20.08,19.66,19.66,19.53,18.97,19.61,19.46,20.1,19.68,0.011,0.013,0.013,0.013,0.0149999999999999,0.0149999999999999,0.018,930.0,945.0,935.0,929.0,946.0,924.0,815.0,0.0,0.0,0.0,0.0,0.0,0.0,0.0,0.0,4.723,0.0,60.22,0.0,0.0,0.0,0.0,0.0,0.0,0.0,0.0,0.0,0.0,21.59,21.29,0.0,19.83,10.75,43.69,2.0,3.53,-1.0,1.307,2.6,4902
2014-09-07 19:30:00,0.0,0.0,0.0,816419.0,74.7,59.9,60.0,0.0,23539.0,341.0,74804.0,810905.0,0.0,1.0,0.0,0.0,0.0,273.1,273.3,274.4,0.979,273.0,0.748,273.0,0.921,274.2,0.016,13.65,2.0,3.0,0.0,21.85,0.0,5.22,21.77,0.0,-0.027,-0.0139999999999999,0.3049999999999999,-0.0379999999999999,0.215,0.0,36.84,20.03,19.62,19.66,19.56,18.99,19.63,19.46,20.14,19.68,0.012,0.013,0.013,0.013,0.0149999999999999,0.0149999999999999,0.018,930.0,945.0,935.0,929.0,946.0,924.0,815.0,0.0,0.0,0.0,0.0,0.0,0.0,0.0,0.0,4.699,0.0,60.19,0.0,0.0,0.0,0.0,0.0,0.0,0.0,0.0,0.0,0.0,21.67,21.37,0.0,19.78,358.3,13.15,2.0,3.531,-1.0,2.06,3.0,4902
2014-09-07 19:31:00,0.0,0.0,0.0,816419.0,74.7,59.9,60.0,0.0,23539.0,341.0,74804.0,810905.0,0.0,1.0,0.0,0.0,0.0,273.1,273.6,274.7,0.979,273.0,0.748,273.2,0.921,275.0,0.016,13.65,2.0,3.0,0.0,21.84,0.0,5.22,21.72,0.0,-0.025,-0.013,0.3049999999999999,-0.037,0.215,0.0,36.76,20.0,19.66,19.66,19.56,19.07,19.66,19.48,20.14,19.7,0.011,0.013,0.013,0.013,0.0149999999999999,0.0149999999999999,0.018,930.0,945.0,935.0,929.0,946.0,924.0,815.0,0.0,0.0,0.0,0.0,0.0,0.0,0.0,0.0,4.499,0.0,60.14,0.0,0.0,0.0,0.0,0.0,0.0,0.0,0.0,0.0,0.0,21.74,21.43,0.0,19.78,352.0,16.79,2.0,3.531,-1.0,1.79,2.7,4902
2014-09-07 19:32:00,0.0,0.0,0.0,816419.0,74.7,59.9,60.0,0.0,23539.0,341.0,74804.0,810905.0,0.0,1.0,0.0,0.0,0.0,273.2,273.7,274.8,0.979,273.0,0.748,273.8,0.921,275.0,0.016,13.65,2.0,3.0,0.0,21.82,0.0,5.22,21.66,0.0,-0.02,-0.013,0.3049999999999999,-0.037,0.215,0.0,36.7,19.97,19.66,19.62,19.56,19.07,19.63,19.46,20.11,19.68,0.012,0.013,0.013,0.013,0.0149999999999999,0.0149999999999999,0.017,930.0,945.0,935.0,929.0,946.0,924.0,815.0,0.0,0.0,0.0,0.0,0.0,0.0,0.0,0.0,4.455,0.0,60.17,0.0,0.0,0.0,0.0,0.0,0.0,0.0,0.0,0.0,0.0,21.72,21.39,0.0,19.76,351.5,21.4,2.0,3.531,-1.0,1.092,2.0,4902
2014-09-07 19:33:00,0.0,0.0,0.0,816419.0,74.7,59.9,60.0,0.0,23539.0,341.0,74804.0,810905.0,0.0,1.0,0.0,0.0,0.0,273.1,273.8,274.9,0.979,273.0,0.748,273.9,0.921,275.0,0.016,13.65,2.0,3.0,0.0,21.81,0.0,5.212999999999999,21.76,0.0,-0.024,-0.0139999999999999,0.3049999999999999,-0.0379999999999999,0.215,0.0,36.6,20.03,19.66,19.56,19.48,19.07,19.57,19.4,20.05,19.68,0.011,0.013,0.013,0.013,0.0149999999999999,0.0139999999999999,0.018,930.0,945.0,935.0,929.0,946.0,924.0,815.0,0.0,0.0,0.0,0.0,0.0,0.0,0.0,0.0,4.454,0.0,60.18,0.0,0.0,0.0,0.0,0.0,0.0,0.0,0.0,0.0,0.0,21.69,21.39,0.0,19.8,342.2,21.97,2.0,3.531,-1.0,1.045,1.7,4902
2014-09-07 19:34:00,0.0,0.0,0.0,816419.0,74.7,59.9,60.0,0.0,23539.0,341.0,74804.0,810905.0,0.0,1.0,0.0,0.0,0.0,273.0,273.8,274.8,0.979,273.1,0.748,273.4,0.921,275.0,0.016,13.65,2.0,3.0,0.0,21.78,0.0,5.218,21.72,0.0,-0.027,-0.016,0.3049999999999999,-0.037,0.215,0.0,36.55,20.08,19.66,19.56,19.49,18.97,19.57,19.36,20.0,19.68,0.012,0.013,0.013,0.013,0.0149999999999999,0.0139999999999999,0.018,930.0,945.0,935.0,929.0,946.0,924.0,815.0,0.0,0.0,0.0,0.0,0.0,0.0,0.0,0.0,4.454,0.0,60.13,0.0,0.0,0.0,0.0,0.0,0.0,0.0,0.0,0.0,0.0,21.74,21.43,0.0,19.88,358.9,15.82,2.0,3.53,-1.0,1.3130000000000002,2.2,4902
2014-09-07 19:35:00,0.0,0.0,0.0,816419.0,74.7,59.9,60.0,0.0,23539.0,341.0,74804.0,810905.0,0.0,1.0,0.0,0.0,0.0,273.1,273.3,274.4,0.979,273.0,0.748,273.2,0.921,274.3,0.016,13.65,2.0,3.0,0.0,21.78,0.0,5.212999999999999,21.75,0.0,-0.027,-0.019,0.3049999999999999,-0.0379999999999999,0.215,0.0,36.47,20.03,19.64,19.56,19.46,19.04,19.52,19.36,19.96,19.68,0.012,0.013,0.013,0.012,0.0149999999999999,0.0139999999999999,0.018,930.0,945.0,935.0,929.0,946.0,924.0,815.0,0.0,0.0,0.0,0.0,0.0,0.0,0.0,0.0,4.454,0.0,60.14,0.0,0.0,0.0,0.0,0.0,0.0,0.0,0.0,0.0,0.0,21.7,21.38,0.0,19.78,349.5,18.28,2.0,3.531,-1.0,1.327,2.5,4902
2014-09-07 19:36:00,0.0,0.0,0.0,816419.0,74.7,59.9,60.0,0.0,23539.0,341.0,74804.0,810905.0,0.0,1.0,0.0,0.0,0.0,272.7,273.3,274.4,0.979,273.0,0.748,273.0,0.921,274.1,0.016,13.65,2.0,3.0,0.0,21.76,0.0,5.171,21.75,0.0,-0.027,-0.02,0.3049999999999999,-0.0379999999999999,0.215,0.0,36.39,20.0,19.64,19.56,19.49,18.97,19.52,19.38,19.98,19.68,0.011,0.013,0.013,0.012,0.0149999999999999,0.0139999999999999,0.018,930.0,945.0,935.0,929.0,946.0,924.0,815.0,0.0,0.0,0.0,0.0,0.0,0.0,0.0,0.0,4.454,0.0,60.15,0.0,0.0,0.0,0.0,0.0,0.0,0.0,0.0,0.0,0.0,21.62,21.29,0.0,19.72,338.8,33.72,2.0,3.531,-1.0,1.127,2.4,4902
2014-09-07 19:37:00,0.0,0.0,0.0,816419.0,74.7,59.9,60.0,0.0,23539.0,341.0,74804.0,810905.0,0.0,1.0,0.0,0.0,0.0,273.2,273.5,274.6,0.979,273.0,0.748,273.0,0.921,274.7,0.016,13.65,2.0,3.0,0.0,21.75,0.0,5.193,21.72,0.0,-0.027,-0.02,0.3049999999999999,-0.0379999999999999,0.215,0.0,36.32,19.93,19.66,19.57,19.41,18.97,19.47,19.36,19.95,19.65,0.011,0.013,0.013,0.013,0.0149999999999999,0.0139999999999999,0.018,930.0,945.0,935.0,929.0,946.0,924.0,815.0,0.0,0.0,0.0,0.0,0.0,0.0,0.0,0.0,4.44,0.0,60.15,0.0,0.0,0.0,0.0,0.0,0.0,0.0,0.0,0.0,0.0,21.65,21.34,0.0,19.72,3.641,14.46,2.0,3.531,-1.0,1.863,2.7,4902
2014-09-07 19:38:00,0.0,0.0,0.0,816419.0,74.7,59.9,60.0,0.0,23539.0,341.0,74804.0,810905.0,0.0,1.0,0.0,0.0,0.0,273.7,273.7,274.8,0.979,273.3,0.748,274.0,0.921,275.0,0.016,13.65,2.0,3.0,0.0,21.73,0.0,5.186,21.69,0.0,-0.027,-0.02,0.3049999999999999,-0.0379999999999999,0.215,0.0,36.26,19.93,19.57,19.56,19.49,18.97,19.49,19.36,20.05,19.68,0.011,0.013,0.013,0.013,0.0149999999999999,0.0139999999999999,0.018,930.0,945.0,935.0,929.0,946.0,924.0,815.0,0.0,0.0,0.0,0.0,0.0,0.0,0.0,0.0,4.439,0.0,60.13,0.0,0.0,0.0,0.0,0.0,0.0,0.0,0.0,0.0,0.0,21.68,21.36,0.0,19.69,343.9,18.89,2.0,3.53,-1.0,1.243,1.7,4902
2014-09-07 19:39:00,0.0,0.0,0.0,816419.0,74.7,59.9,60.0,0.0,23539.0,341.0,74804.0,810905.0,0.0,1.0,0.0,0.0,0.0,273.6,273.6,274.8,0.979,273.3,0.748,273.9,0.921,275.0,0.016,13.65,2.0,3.0,0.0,21.72,0.0,5.18,21.77,0.0,-0.027,-0.019,0.3049999999999999,-0.0379999999999999,0.215,0.0,36.19,19.93,19.58,19.56,19.49,18.96,19.47,19.35,20.05,19.61,0.011,0.013,0.013,0.012,0.0149999999999999,0.0139999999999999,0.017,930.0,945.0,935.0,929.0,946.0,924.0,815.0,0.0,0.0,0.0,0.0,0.0,0.0,0.0,0.0,4.452,0.0,60.17,0.0,0.0,0.0,0.0,0.0,0.0,0.0,0.0,0.0,0.0,21.69,21.38,0.0,19.75,345.1,34.91,2.0,3.53,-1.0,0.932,1.7,4902
2014-09-07 19:40:00,0.0,0.0,0.0,816419.0,74.7,59.9,60.0,0.0,23539.0,341.0,74804.0,810905.0,0.0,1.0,0.0,0.0,0.0,273.4,273.7,274.8,0.979,273.1,0.748,274.0,0.921,275.0,0.016,13.65,2.0,3.0,0.0,21.7,0.0,5.22,21.78,0.0,-0.027,-0.019,0.3049999999999999,-0.0379999999999999,0.215,0.0,36.14,19.93,19.56,19.53,19.46,18.88,19.52,19.36,20.03,19.58,0.011,0.013,0.013,0.012,0.0149999999999999,0.0139999999999999,0.018,930.0,945.0,935.0,929.0,946.0,924.0,815.0,0.0,0.0,0.0,0.0,0.0,0.0,0.0,0.0,4.465,0.0,60.14,0.0,0.0,0.0,0.0,0.0,0.0,0.0,0.0,0.0,0.0,21.55,21.21,0.0,19.68,8.32,16.75,2.0,3.531,-1.0,1.175,1.6,4902
2014-09-07 19:41:00,0.0,0.0,0.0,816419.0,74.7,59.9,60.0,0.0,23539.0,341.0,74804.0,810905.0,0.0,1.0,0.0,0.0,0.0,273.6,273.9,274.9,0.979,273.7,0.748,274.0,0.921,275.0,0.016,13.65,2.0,3.0,0.0,21.69,0.0,5.212999999999999,21.67,0.0,-0.027,-0.019,0.3049999999999999,-0.0379999999999999,0.215,0.0,36.06,19.96,19.51,19.48,19.44,18.96,19.47,19.36,19.96,19.55,0.011,0.013,0.013,0.012,0.0149999999999999,0.0139999999999999,0.017,930.0,945.0,935.0,929.0,946.0,924.0,815.0,0.0,0.0,0.0,0.0,0.0,0.0,0.0,0.0,4.454,0.0,60.14,0.0,0.0,0.0,0.0,0.0,0.0,0.0,0.0,0.0,0.0,21.47,21.14,0.0,19.66,16.27,26.38,2.0,3.53,-1.0,1.165,1.9,4902
2014-09-07 19:42:00,0.0,0.0,0.0,816419.0,74.7,59.9,60.0,0.0,23539.0,341.0,74804.0,810905.0,0.0,1.0,0.0,0.0,0.0,273.4,274.0,275.0,0.979,274.0,0.748,274.0,0.921,275.0,0.016,13.65,2.0,3.0,0.0,21.67,0.0,5.212999999999999,21.75,0.0,-0.027,-0.02,0.3049999999999999,-0.0379999999999999,0.215,0.0,35.99,19.9,19.46,19.45,19.36,18.96,19.47,19.27,19.95,19.52,0.011,0.013,0.013,0.012,0.0139999999999999,0.0139999999999999,0.017,930.0,945.0,935.0,929.0,946.0,924.0,815.0,0.0,0.0,0.0,0.0,0.0,0.0,0.0,0.0,4.48,0.0,60.16,0.0,0.0,0.0,0.0,0.0,0.0,0.0,0.0,0.0,0.0,21.59,21.28,0.0,19.68,13.89,20.63,2.0,3.53,-1.0,1.4380000000000002,2.5,4902
2014-09-07 19:43:00,0.0,0.0,0.0,816419.0,74.7,59.9,60.0,0.0,23539.0,341.0,74804.0,810905.0,0.0,1.0,0.0,0.0,0.0,273.9,273.9,274.9,0.979,274.0,0.748,274.0,0.921,275.0,0.016,13.65,2.0,3.0,0.0,21.67,0.0,5.22,21.78,0.0,-0.027,-0.02,0.3049999999999999,-0.0379999999999999,0.215,0.0,35.93,19.79,19.41,19.4,19.36,18.97,19.44,19.27,19.95,19.53,0.011,0.013,0.013,0.012,0.0139999999999999,0.0139999999999999,0.017,930.0,945.0,935.0,929.0,946.0,924.0,815.0,0.0,0.0,0.0,0.0,0.0,0.0,0.0,0.0,4.698,0.0,60.14,0.0,0.0,0.0,0.0,0.0,0.0,0.0,0.0,0.0,0.0,21.56,21.21,0.0,19.52,350.3,14.03,2.0,3.53,-1.0,1.442,2.1,4902
2014-09-07 19:44:00,0.0,0.0,0.0,816419.0,74.7,59.9,60.0,0.0,23539.0,341.0,74804.0,810905.0,0.0,1.0,0.0,0.0,0.0,273.6,274.2,275.2,0.979,274.0,0.748,274.0,0.921,275.0,0.016,13.65,2.0,3.0,0.0,21.65,0.0,5.237,21.73,0.0,-0.027,-0.02,0.3049999999999999,-0.0379999999999999,0.215,0.0,35.83,19.74,19.43,19.47,19.36,18.89,19.39,19.27,19.93,19.56,0.011,0.013,0.013,0.012,0.0149999999999999,0.0139999999999999,0.017,930.0,945.0,935.0,929.0,946.0,924.0,815.0,0.0,0.0,0.0,0.0,0.0,0.0,0.0,0.0,4.724,0.0,60.21,0.0,0.0,0.0,0.0,0.0,0.0,0.0,0.0,0.0,0.0,21.52,21.19,0.0,19.51,354.7,14.92,2.0,3.53,-1.0,1.55,2.3,4902
2014-09-07 19:45:00,0.0,0.0,0.0,816419.0,74.7,59.9,60.0,0.0,23539.0,341.0,74804.0,810905.0,0.0,1.0,0.0,0.0,0.0,274.1,274.3,275.3,0.979,274.0,0.748,274.0,0.921,275.0,0.016,13.65,2.0,3.0,0.0,21.64,0.0,5.337999999999999,21.77,0.0,-0.027,-0.02,0.3049999999999999,-0.0379999999999999,0.215,0.0,35.8,19.82,19.46,19.4,19.36,18.88,19.4,19.27,19.93,19.53,0.011,0.013,0.013,0.012,0.0139999999999999,0.0139999999999999,0.017,930.0,945.0,935.0,929.0,946.0,924.0,815.0,0.0,0.0,0.0,0.0,0.0,0.0,0.0,0.0,4.726,0.0,60.22,0.0,0.0,0.0,0.0,0.0,0.0,0.0,0.0,0.0,0.0,21.56,21.25,0.0,19.58,353.6,15.31,2.0,3.53,-1.0,1.358,2.6,4902
2014-09-07 19:46:00,0.0,0.0,0.0,816419.0,74.7,59.9,60.0,0.0,23539.0,341.0,74804.0,810905.0,0.0,1.0,0.0,0.0,0.0,273.7,273.9,274.9,0.979,273.5,0.748,273.5,0.921,274.8,0.016,13.65,2.0,3.0,0.0,21.62,0.0,5.45,21.76,0.0,-0.027,-0.02,0.3049999999999999,-0.0379999999999999,0.215,0.0,35.72,19.77,19.36,19.4,19.36,18.86,19.44,19.25,19.87,19.55,0.011,0.013,0.012,0.012,0.0139999999999999,0.0139999999999999,0.017,930.0,945.0,935.0,929.0,946.0,924.0,815.0,0.0,0.0,0.0,0.0,0.0,0.0,0.0,0.0,4.914,0.0,60.21,0.0,0.0,0.0,0.0,0.0,0.0,0.0,0.0,0.0,0.0,21.6,21.28,0.0,19.53,2.384,25.66,2.0,3.531,-1.0,1.28,1.7,4902
2014-09-07 19:47:00,0.0,0.0,0.0,816419.0,74.7,59.9,60.0,0.0,23539.0,341.0,74804.0,810905.0,0.0,1.0,0.0,0.0,0.0,272.8,273.3,274.2,0.979,273.0,0.748,273.0,0.921,274.0,0.025,13.65,2.0,3.0,0.0,21.61,0.0,5.635,21.75,0.0,-0.027,-0.02,0.3049999999999999,-0.0379999999999999,0.215,0.0,35.64,19.74,19.38,19.38,19.35,18.79,19.4,19.2,19.87,19.48,0.011,0.013,0.012,0.012,0.0139999999999999,0.0139999999999999,0.017,930.0,945.0,935.0,929.0,946.0,924.0,815.0,0.0,0.0,0.0,0.0,0.0,0.0,0.0,0.0,4.994,0.0,60.22,0.0,0.0,0.0,0.0,0.0,0.0,0.0,0.0,0.0,0.0,21.61,21.3,0.0,19.5,15.41,9.590000000000002,2.0,3.531,-1.0,1.5119999999999998,2.4,4902
2014-09-07 19:48:00,0.0,0.0,0.0,816419.0,74.7,59.9,60.0,0.0,23539.0,341.0,74804.0,810905.0,0.0,1.0,0.0,0.0,0.0,272.9,273.3,274.3,0.979,273.0,0.748,273.0,0.921,274.0,0.0379999999999999,13.68,2.0,3.0,0.0,21.59,0.0,5.726,21.77,0.0,-0.027,-0.02,0.3049999999999999,-0.037,0.215,0.0,35.6,19.74,19.36,19.43,19.38,18.86,19.46,19.22,19.9,19.48,0.011,0.013,0.012,0.012,0.0139999999999999,0.0139999999999999,0.017,930.0,945.0,935.0,929.0,946.0,924.0,815.0,0.0,0.0,0.0,0.0,0.0,0.0,0.0,0.0,4.994,0.0,60.21,0.0,0.0,0.0,0.0,0.0,0.0,0.0,0.0,0.0,0.0,21.6,21.28,0.0,19.53,5.92,16.33,2.0,3.531,-1.0,1.675,2.3,4902
2014-09-07 19:49:00,0.0,0.0,0.0,816419.0,74.7,59.9,60.0,0.0,23539.0,341.0,74804.0,810905.0,0.0,1.0,0.0,0.0,0.0,272.8,273.1,274.1,0.979,273.0,0.748,273.0,0.921,274.0,0.021,13.68,2.0,3.0,0.0,21.58,0.0,5.7860000000000005,21.75,0.0,-0.027,-0.02,0.3049999999999999,-0.0379999999999999,0.215,0.0,35.54,19.68,19.36,19.45,19.4,18.88,19.42,19.17,19.93,19.48,0.011,0.013,0.012,0.012,0.0139999999999999,0.0139999999999999,0.017,930.0,945.0,935.0,929.0,946.0,924.0,815.0,0.0,0.0,0.0,0.0,0.0,0.0,0.0,0.0,4.994,0.0,60.21,0.0,0.0,0.0,0.0,0.0,0.0,0.0,0.0,0.0,0.0,21.58,21.24,0.0,19.47,17.44,13.23,2.0,3.53,-1.0,1.472,2.1,4902
2014-09-07 19:50:00,0.0,0.0,0.0,816419.0,74.7,59.9,60.0,0.0,23539.0,341.0,74804.0,810905.0,0.0,1.0,0.0,0.0,0.0,273.0,273.1,274.1,0.979,273.0,0.748,273.0,0.921,274.0,0.019,13.68,2.0,3.0,0.0,21.56,0.0,5.796,21.77,0.0,-0.027,-0.02,0.3049999999999999,-0.0379999999999999,0.215,0.0,35.5,19.64,19.36,19.47,19.41,18.85,19.44,19.17,19.97,19.48,0.011,0.013,0.012,0.012,0.0139999999999999,0.0139999999999999,0.017,930.0,945.0,935.0,929.0,946.0,924.0,815.0,0.0,0.0,0.0,0.0,0.0,0.0,0.0,0.0,4.994,0.0,60.22,0.0,0.0,0.0,0.0,0.0,0.0,0.0,0.0,0.0,0.0,21.54,21.23,0.0,19.47,10.33,16.91,2.0,3.531,-1.0,1.208,2.0,4902
2014-09-07 19:51:00,0.0,0.0,0.0,816419.0,74.7,59.9,60.0,0.0,23539.0,341.0,74804.0,810905.0,0.0,1.0,0.0,0.0,0.0,273.2,273.3,274.3,0.979,273.0,0.748,273.0,0.921,274.0,0.019,13.68,2.0,3.0,0.0,21.56,0.0,5.814,21.75,0.0,-0.027,-0.02,0.3049999999999999,-0.037,0.215,0.0,35.41,19.65,19.36,19.44,19.3,18.89,19.38,19.17,19.84,19.39,0.011,0.013,0.012,0.012,0.0139999999999999,0.0139999999999999,0.017,930.0,945.0,935.0,929.0,946.0,924.0,815.0,0.0,0.0,0.0,0.0,0.0,0.0,0.0,0.0,4.994,0.0,60.22,0.0,0.0,0.0,0.0,0.0,0.0,0.0,0.0,0.0,0.0,21.51,21.18,0.0,19.45,352.0,20.76,2.0,3.53,-1.0,1.172,1.9,4902
2014-09-07 19:52:00,0.0,0.0,0.0,816419.0,74.7,59.9,60.0,0.0,23539.0,341.0,74804.0,810905.0,0.0,1.0,0.0,0.0,0.0,273.0,273.0,274.0,0.979,273.0,0.748,273.0,0.921,274.0,0.018,13.68,2.0,3.0,0.0,21.51,0.0,5.795,21.79,0.0,-0.027,-0.02,0.3049999999999999,-0.036,0.215,0.0,35.41,19.64,19.36,19.37,19.27,18.79,19.33,19.07,19.79,19.39,0.011,0.013,0.012,0.012,0.0139999999999999,0.0139999999999999,0.017,930.0,945.0,935.0,929.0,946.0,924.0,815.0,0.0,0.0,0.0,0.0,0.0,0.0,0.0,0.0,4.994,0.0,60.15,0.0,0.0,0.0,0.0,0.0,0.0,0.0,0.0,0.0,0.0,21.52,21.22,0.0,19.47,2.045,22.9,2.0,3.53,-1.0,1.087,1.5,4902
2014-09-07 19:53:00,0.0,0.0,0.0,816419.0,74.7,59.9,60.0,0.0,23539.0,341.0,74804.0,810905.0,0.0,1.0,0.0,0.0,0.0,273.0,273.0,274.0,0.979,273.0,0.748,273.0,0.921,274.0,0.018,13.68,2.0,3.0,0.0,21.5,0.0,5.808,21.71,0.0,-0.027,-0.02,0.3049999999999999,-0.0379999999999999,0.215,0.0,35.31,19.54,19.36,19.32,19.2,18.68,19.27,18.97,19.72,19.32,0.011,0.013,0.012,0.012,0.0139999999999999,0.0139999999999999,0.017,930.0,945.0,935.0,929.0,946.0,924.0,815.0,0.0,0.0,0.0,0.0,0.0,0.0,0.0,0.0,4.994,0.0,60.18,0.0,0.0,0.0,0.0,0.0,0.0,0.0,0.0,0.0,0.0,21.54,21.22,0.0,19.43,28.08,15.86,2.0,3.53,-1.0,1.273,2.0,4902
2014-09-07 19:54:00,0.0,0.0,0.0,816419.0,74.7,59.9,60.0,0.0,23539.0,341.0,74804.0,810905.0,0.0,1.0,0.0,0.0,0.0,272.9,273.0,274.0,0.979,273.0,0.748,273.0,0.921,274.0,0.017,13.69,2.0,3.0,0.0,21.48,0.0,5.8,21.71,0.0,-0.0279999999999999,-0.02,0.3049999999999999,-0.0379999999999999,0.215,0.0,35.24,19.56,19.36,19.31,19.26,18.68,19.18,18.97,19.79,19.29,0.011,0.013,0.012,0.012,0.0139999999999999,0.0139999999999999,0.017,930.0,945.0,935.0,929.0,946.0,924.0,815.0,0.0,0.0,0.0,0.0,0.0,0.0,0.0,0.0,4.994,0.0,60.13,0.0,0.0,0.0,0.0,0.0,0.0,0.0,0.0,0.0,0.0,21.54,21.22,0.0,19.45,15.67,19.33,2.0,3.53,-1.0,1.132,1.8,4902
2014-09-07 19:55:00,0.0,0.0,0.0,816419.0,74.7,59.9,60.0,0.0,23539.0,341.0,74804.0,810905.0,0.0,1.0,0.0,0.0,0.0,273.1,273.0,274.1,0.979,273.0,0.748,273.0,0.921,274.0,0.017,13.68,2.0,3.0,0.0,21.48,0.0,5.822,21.72,0.0,-0.0279999999999999,-0.02,0.3049999999999999,-0.0379999999999999,0.215,0.0,35.21,19.56,19.27,19.27,19.22,18.68,19.16,18.97,19.71,19.26,0.011,0.013,0.012,0.012,0.0139999999999999,0.0139999999999999,0.017,930.0,945.0,935.0,929.0,946.0,924.0,815.0,0.0,0.0,0.0,0.0,0.0,0.0,0.0,0.0,5.073,0.0,60.13,0.0,0.0,0.0,0.0,0.0,0.0,0.0,0.0,0.0,0.0,21.52,21.2,0.0,19.48,7.542999999999998,31.21,2.0,3.531,-1.0,0.7429999999999999,1.2,4902
2014-09-07 19:56:00,0.0,0.0,0.0,816419.0,74.7,59.9,60.0,0.0,23539.0,341.0,74804.0,810905.0,0.0,1.0,0.0,0.0,0.0,273.0,273.0,274.1,0.979,273.0,0.748,273.0,0.921,274.0,0.017,13.68,2.0,3.0,0.0,21.47,0.0,6.106,21.78,0.0,-0.031,-0.02,0.3049999999999999,-0.0379999999999999,0.215,0.0,35.18,19.58,19.27,19.22,19.14,18.7,19.18,18.97,19.65,19.16,0.011,0.012,0.012,0.012,0.0139999999999999,0.013,0.017,930.0,945.0,935.0,929.0,946.0,924.0,815.0,0.0,0.0,0.0,0.0,0.0,0.0,0.0,0.0,5.457999999999999,0.0,60.19,0.0,0.0,0.0,0.0,0.0,0.0,0.0,0.0,0.0,0.0,21.48,21.16,0.0,19.46,15.57,9.65,2.0,3.531,-1.0,0.998,1.5,4902
2014-09-07 19:57:00,0.0,0.0,0.0,816419.0,74.7,59.9,60.0,0.0,23539.0,341.0,74804.0,810905.0,0.0,1.0,0.0,0.0,0.0,272.9,273.1,274.1,0.979,273.0,0.748,273.0,0.921,274.0,0.017,13.68,2.0,3.0,0.0,21.45,0.0,5.831,21.74,0.0,-0.034,-0.02,0.3049999999999999,-0.0379999999999999,0.215,0.0,35.11,19.58,19.22,19.16,19.06,18.62,19.12,18.91,19.59,19.11,0.011,0.013,0.012,0.012,0.0139999999999999,0.013,0.017,930.0,945.0,935.0,929.0,946.0,924.0,815.0,0.0,0.0,0.0,0.0,0.0,0.0,0.0,0.0,5.23,0.0,60.18,0.0,0.0,0.0,0.0,0.0,0.0,0.0,0.0,0.0,0.0,21.44,21.11,0.0,19.43,34.03,36.9,2.0,3.531,-1.0,0.943,1.7,4902
2014-09-07 19:58:00,0.0,0.0,0.0,816419.0,74.7,59.9,60.0,0.0,23539.0,341.0,74804.0,810905.0,0.0,1.0,0.0,0.0,0.0,272.9,273.2,274.2,0.979,273.0,0.748,273.0,0.921,274.0,0.017,13.68,2.0,3.0,0.0,21.43,0.0,5.832999999999999,21.77,0.0,-0.034,-0.02,0.3049999999999999,-0.037,0.215,0.0,35.03,19.56,19.2,19.08,19.06,18.63,19.05,18.84,19.55,19.09,0.011,0.012,0.012,0.012,0.0139999999999999,0.013,0.017,930.0,945.0,935.0,929.0,946.0,924.0,815.0,0.0,0.0,0.0,0.0,0.0,0.0,0.0,0.0,5.263999999999999,0.0,60.14,0.0,0.0,0.0,0.0,0.0,0.0,0.0,0.0,0.0,0.0,21.39,21.06,0.0,19.36,35.01,41.96,2.0,3.531,-1.0,0.792,1.3,4902
2014-09-07 19:59:00,0.0,0.0,0.0,816419.0,74.7,59.9,60.0,0.0,23539.0,341.0,74804.0,810905.0,0.0,1.0,0.0,0.0,0.0,272.7,273.0,274.1,0.979,273.0,0.748,273.0,0.921,274.0,0.017,13.68,2.0,3.0,0.0,21.42,0.0,5.832000000000001,21.73,0.0,-0.034,-0.02,0.309,-0.036,0.215,0.0,35.01,19.5,19.17,19.08,19.06,18.59,19.04,18.85,19.62,19.0,0.011,0.012,0.012,0.012,0.0139999999999999,0.013,0.017,930.0,945.0,935.0,929.0,946.0,924.0,815.0,0.0,0.0,0.0,0.0,0.0,0.0,0.0,0.0,5.265,0.0,60.14,0.0,0.0,0.0,0.0,0.0,0.0,0.0,0.0,0.0,0.0,21.3,20.96,0.0,19.28,16.05,31.75,2.0,3.53,-1.0,0.8549999999999999,1.5,4902
2014-09-07 20:00:00,0.0,0.0,0.0,816419.0,74.7,59.9,60.0,0.0,23539.0,341.0,74804.0,810905.0,0.0,1.0,0.0,0.0,0.0,272.9,273.0,274.0,0.979,273.0,0.748,273.0,0.921,274.0,0.017,13.68,2.0,3.0,0.0,21.42,0.0,5.844,21.77,0.0,-0.034,-0.02,0.31,-0.037,0.215,0.0,34.93,19.4,19.14,19.08,19.03,18.54,19.0,18.84,19.55,18.96,0.011,0.012,0.012,0.012,0.0139999999999999,0.013,0.017,930.0,945.0,935.0,929.0,946.0,924.0,815.0,0.0,0.0,0.0,0.0,0.0,0.0,0.0,0.0,5.265,0.0,60.2,0.0,0.0,0.0,0.0,0.0,0.0,0.0,0.0,0.0,0.0,21.24,20.85,0.0,19.17,39.17,38.52,2.0,3.53,-1.0,1.3330000000000002,2.6,4902
2014-09-07 20:01:00,0.0,0.0,0.0,816419.0,74.7,59.9,60.0,0.0,23539.0,341.0,74804.0,810905.0,0.0,1.0,0.0,0.0,0.0,273.0,273.3,274.3,0.979,273.0,0.748,273.0,0.921,274.0,0.017,13.68,2.0,3.0,0.0,21.4,0.0,5.836,21.76,0.0,-0.033,-0.02,0.309,-0.0379999999999999,0.215,0.0,34.9,19.44,19.14,19.08,19.08,18.54,19.05,18.86,19.53,18.93,0.011,0.012,0.012,0.012,0.0139999999999999,0.013,0.017,930.0,945.0,935.0,929.0,946.0,924.0,815.0,0.0,0.0,0.0,0.0,0.0,0.0,0.0,0.0,5.265,0.0,60.15,0.0,0.0,0.0,0.0,0.0,0.0,0.0,0.0,0.0,0.0,21.15,20.81,0.0,19.17,16.47,36.36,2.0,3.531,-1.0,0.873,1.9,4902
2014-09-07 20:02:00,0.0,0.0,0.0,816419.0,74.7,59.9,60.0,0.0,23539.0,341.0,74804.0,810905.0,0.0,1.0,0.0,0.0,0.0,273.0,273.5,274.5,0.979,273.0,0.748,273.0,0.921,274.0,0.017,13.68,2.0,3.0,0.0,21.39,0.0,5.832999999999999,21.7,0.0,-0.032,-0.02,0.308,-0.037,0.215,0.0,34.83,19.44,19.17,19.08,18.98,18.54,18.99,18.81,19.49,18.9,0.011,0.012,0.012,0.012,0.0139999999999999,0.013,0.017,930.0,945.0,935.0,929.0,946.0,924.0,815.0,0.0,0.0,0.0,0.0,0.0,0.0,0.0,0.0,5.263999999999999,0.0,60.13,0.0,0.0,0.0,0.0,0.0,0.0,0.0,0.0,0.0,0.0,21.2,20.88,0.0,19.22,354.1,22.64,2.0,3.531,-1.0,1.053,1.9,4902
2014-09-07 20:03:00,0.0,0.0,0.0,816419.0,74.7,59.9,60.0,0.0,23539.0,341.0,74804.0,810905.0,0.0,1.0,0.0,0.0,0.0,273.3,273.5,274.5,0.979,273.1,0.748,273.0,0.921,274.0,0.017,13.68,2.0,3.0,0.0,21.37,0.0,5.825,21.78,0.0,-0.0279999999999999,-0.02,0.308,-0.037,0.215,0.0,34.82,19.42,19.17,19.08,19.01,18.52,19.02,18.81,19.55,18.96,0.011,0.012,0.012,0.012,0.0139999999999999,0.013,0.017,930.0,945.0,935.0,929.0,946.0,924.0,815.0,0.0,0.0,0.0,0.0,0.0,0.0,0.0,0.0,5.211,0.0,60.15,0.0,0.0,0.0,0.0,0.0,0.0,0.0,0.0,0.0,0.0,21.22,20.9,0.0,19.24,21.47,20.84,2.0,3.53,-1.0,1.615,2.4,4902
2014-09-07 20:04:00,0.0,0.0,0.0,816419.0,74.7,59.9,60.0,0.0,23539.0,341.0,74804.0,810905.0,0.0,1.0,0.0,0.0,0.0,273.3,273.7,274.8,0.979,273.9,0.748,273.3,0.921,274.8,0.017,13.68,2.0,3.0,0.0,21.37,0.0,5.825,21.79,0.0,-0.027,-0.02,0.307,-0.0379999999999999,0.215,0.0,34.72,19.47,19.17,19.08,18.98,18.69,18.99,18.84,19.57,19.0,0.011,0.012,0.012,0.012,0.0139999999999999,0.013,0.017,930.0,945.0,935.0,929.0,946.0,924.0,815.0,0.0,0.0,0.0,0.0,0.0,0.0,0.0,0.0,5.088,0.0,60.14,0.0,0.0,0.0,0.0,0.0,0.0,0.0,0.0,0.0,0.0,21.27,20.97,0.0,19.26,343.3,18.62,2.0,3.528,-1.0,1.237,2.0,4902
2014-09-07 20:05:00,0.0,0.0,0.0,816419.0,74.7,59.9,60.0,0.0,23539.0,341.0,74804.0,810905.0,0.0,1.0,0.0,0.0,0.0,273.7,273.6,274.7,0.979,274.0,0.748,273.2,0.921,275.0,0.017,13.68,2.0,3.0,0.0,21.35,0.0,5.821000000000001,21.78,0.0,-0.027,-0.02,0.308,-0.0379999999999999,0.215,0.0,34.67,19.55,19.17,19.06,18.98,18.64,18.99,18.81,19.48,18.98,0.011,0.012,0.012,0.012,0.0139999999999999,0.013,0.016,930.0,945.0,935.0,929.0,946.0,924.0,815.0,0.0,0.0,0.0,0.0,0.0,0.0,0.0,0.0,4.995,0.0,60.15,0.0,0.0,0.0,0.0,0.0,0.0,0.0,0.0,0.0,0.0,21.31,21.02,0.0,19.39,359.1,43.05,2.0,3.53,-1.0,0.5979999999999999,1.0,4902
2014-09-07 20:06:00,0.0,0.0,0.0,816419.0,74.7,59.9,60.0,0.0,23539.0,341.0,74804.0,810905.0,0.0,1.0,0.0,0.0,0.0,273.5,273.8,274.8,0.979,274.0,0.748,273.7,0.921,275.0,0.017,13.68,2.0,3.0,0.0,21.34,0.0,5.811,21.76,0.0,-0.027,-0.02,0.312,-0.0379999999999999,0.215,0.0,34.62,19.53,19.18,19.0,18.88,18.57,18.89,18.72,19.42,18.9,0.011,0.012,0.012,0.011,0.0139999999999999,0.013,0.016,930.0,945.0,935.0,929.0,946.0,924.0,815.0,0.0,0.0,0.0,0.0,0.0,0.0,0.0,0.0,4.995,0.0,60.15,0.0,0.0,0.0,0.0,0.0,0.0,0.0,0.0,0.0,0.0,21.3,20.99,0.0,19.32,12.2,30.32,2.0,3.531,-1.0,0.947,1.5,4902
2014-09-07 20:07:00,0.0,0.0,0.0,816419.0,74.7,59.9,60.0,0.0,23539.0,341.0,74804.0,810905.0,0.0,1.0,0.0,0.0,0.0,273.6,273.9,274.9,0.979,274.0,0.748,274.0,0.921,275.0,0.017,13.68,2.0,3.0,0.0,21.34,0.0,5.8,21.74,0.0,-0.032,-0.02,0.311,-0.0379999999999999,0.215,0.0,34.6,19.54,19.17,18.98,18.88,18.54,18.87,18.66,19.32,18.85,0.011,0.012,0.012,0.012,0.0139999999999999,0.013,0.016,930.0,945.0,935.0,929.0,946.0,924.0,815.0,0.0,0.0,0.0,0.0,0.0,0.0,0.0,0.0,4.995,0.0,60.14,0.0,0.0,0.0,0.0,0.0,0.0,0.0,0.0,0.0,0.0,21.3,20.98,0.0,19.26,32.55,42.98,2.0,3.53,-1.0,0.5,1.0,4902
2014-09-07 20:08:00,0.0,0.0,0.0,816419.0,74.7,59.9,60.0,0.0,23539.0,341.0,74804.0,810905.0,0.0,1.0,0.0,0.0,0.0,274.2,273.6,274.7,0.979,274.0,0.748,274.0,0.921,275.0,0.017,13.68,2.0,3.0,0.0,21.33,0.0,5.8020000000000005,21.78,0.0,-0.034,-0.02,0.315,-0.037,0.215,0.0,34.52,19.47,19.1,18.92,18.82,18.48,18.79,18.72,19.34,18.8,0.011,0.012,0.012,0.012,0.0139999999999999,0.013,0.016,930.0,945.0,935.0,929.0,946.0,924.0,815.0,0.0,0.0,0.0,0.0,0.0,0.0,0.0,0.0,4.995,0.0,60.16,0.0,0.0,0.0,0.0,0.0,0.0,0.0,0.0,0.0,0.0,21.25,20.91,0.0,19.2,21.31,11.25,2.0,3.53,-1.0,0.823,1.1,4902
2014-09-07 20:09:00,0.0,0.0,0.0,816419.0,74.7,59.9,60.0,0.0,23539.0,341.0,74804.0,810905.0,0.0,1.0,0.0,0.0,0.0,273.8,273.8,274.9,0.979,274.0,0.748,274.0,0.921,275.0,0.017,13.68,2.0,3.0,0.0,21.31,0.0,5.805,21.76,0.0,-0.034,-0.02,0.32,-0.0379999999999999,0.215,0.0,34.47,19.44,19.07,18.88,18.75,18.41,18.76,18.64,19.24,18.75,0.01,0.012,0.012,0.011,0.0139999999999999,0.013,0.016,930.0,945.0,935.0,929.0,946.0,924.0,815.0,0.0,0.0,0.0,0.0,0.0,0.0,0.0,0.0,4.995,0.0,60.22,0.0,0.0,0.0,0.0,0.0,0.0,0.0,0.0,0.0,0.0,21.21,20.85,0.0,19.12,48.42,8.359999999999998,2.0,3.531,-1.0,0.888,1.3,4902
2014-09-07 20:10:00,0.0,0.0,0.0,816419.0,74.7,59.9,60.0,0.0,23539.0,341.0,74804.0,810905.0,0.0,1.0,0.0,0.0,0.0,273.9,273.9,275.0,0.979,274.0,0.748,274.0,0.921,275.0,0.017,13.68,2.0,3.0,0.0,21.31,0.0,5.825,21.78,0.0,-0.034,-0.02,0.322,-0.037,0.215,0.0,34.43,19.32,19.01,18.8,18.7,18.4,18.71,18.62,19.19,18.68,0.011,0.012,0.012,0.011,0.0139999999999999,0.013,0.016,930.0,945.0,935.0,929.0,946.0,924.0,815.0,0.0,0.0,0.0,0.0,0.0,0.0,0.0,0.0,4.998,0.0,60.22,0.0,0.0,0.0,0.0,0.0,0.0,0.0,0.0,0.0,0.0,21.16,20.77,0.0,19.03,54.69,8.199999999999998,2.0,3.528,-1.0,0.747,0.9,4902
2014-09-07 20:11:00,0.0,0.0,0.0,816419.0,74.7,59.9,60.0,0.0,23539.0,341.0,74804.0,810905.0,0.0,1.0,0.0,0.0,0.0,274.1,273.9,275.0,0.979,274.0,0.748,274.0,0.921,275.0,0.016,13.68,2.0,3.0,0.0,21.31,0.0,5.825,21.77,0.0,-0.034,-0.02,0.3279999999999999,-0.0379999999999999,0.215,0.0,34.38,19.24,18.97,18.79,18.69,18.3,18.63,18.59,19.06,18.6,0.011,0.012,0.012,0.011,0.0139999999999999,0.013,0.016,930.0,945.0,935.0,929.0,946.0,924.0,815.0,0.0,0.0,0.0,0.0,0.0,0.0,0.0,0.0,5.183,0.0,60.23,0.0,0.0,0.0,0.0,0.0,0.0,0.0,0.0,0.0,0.0,21.08,20.68,0.0,18.94,12.02,33.9,2.0,3.528,-1.0,0.62,1.2,4902
2014-09-07 20:12:00,0.0,0.0,0.0,816419.0,74.7,59.9,60.0,0.0,23539.0,341.0,74804.0,810905.0,0.0,1.0,0.0,0.0,0.0,273.8,273.8,274.9,0.979,274.0,0.748,273.9,0.921,275.0,0.016,13.68,2.0,3.0,0.0,21.29,0.0,5.832000000000001,21.76,0.0,-0.034,-0.02,0.326,-0.0379999999999999,0.215,0.0,34.33,19.24,18.96,18.79,18.69,18.3,18.6,18.54,19.08,18.59,0.01,0.012,0.012,0.011,0.013,0.013,0.016,930.0,945.0,935.0,929.0,946.0,924.0,815.0,0.0,0.0,0.0,0.0,0.0,0.0,0.0,0.0,5.257000000000001,0.0,60.22,0.0,0.0,0.0,0.0,0.0,0.0,0.0,0.0,0.0,0.0,21.05,20.7,0.0,18.98,13.9,49.35,2.0,3.53,-1.0,0.7829999999999999,1.5,4902
2014-09-07 20:13:00,0.0,0.0,0.0,816419.0,74.7,59.9,60.0,0.0,23539.0,341.0,74804.0,810905.0,0.0,1.0,0.0,0.0,0.0,273.5,273.7,274.9,0.979,273.9,0.748,273.5,0.921,275.0,0.016,13.69,2.0,3.0,0.0,21.28,0.0,5.862,21.78,0.0,-0.034,-0.02,0.325,-0.0379999999999999,0.215,0.0,34.24,19.26,18.93,18.77,18.63,18.3,18.6,18.44,19.08,18.54,0.011,0.012,0.011,0.011,0.0139999999999999,0.013,0.016,930.0,945.0,935.0,929.0,946.0,924.0,815.0,0.0,0.0,0.0,0.0,0.0,0.0,0.0,0.0,5.265,0.0,60.21,0.0,0.0,0.0,0.0,0.0,0.0,0.0,0.0,0.0,0.0,21.04,20.69,0.0,18.96,11.78,41.75,2.0,3.53,-1.0,0.8449999999999999,1.7,4902
2014-09-07 20:14:00,0.0,0.0,0.0,816419.0,74.7,59.9,60.0,0.0,23539.0,341.0,74804.0,810905.0,0.0,1.0,0.0,0.0,0.0,273.8,273.8,274.9,0.979,274.0,0.748,274.0,0.921,275.0,0.016,13.68,2.0,3.0,0.0,21.24,0.0,6.231,21.79,0.0,-0.034,-0.02,0.33,-0.0379999999999999,0.215,0.0,34.23,19.21,18.92,18.7,18.59,18.3,18.6,18.49,19.08,18.6,0.01,0.012,0.011,0.011,0.013,0.013,0.016,930.0,945.0,935.0,929.0,946.0,924.0,815.0,0.0,0.0,0.0,0.0,0.0,0.0,0.0,0.0,5.434,0.0,60.17,0.0,0.0,0.0,0.0,0.0,0.0,0.0,0.0,0.0,0.0,21.0,20.64,0.0,18.93,18.46,35.71,2.0,3.531,-1.0,1.222,2.5,4902
2014-09-07 20:15:00,0.0,0.0,0.0,816419.0,74.7,59.9,60.0,0.0,23539.0,341.0,74804.0,810905.0,0.0,1.0,0.0,0.0,0.0,274.2,274.0,275.1,0.979,274.0,0.748,274.0,0.921,275.0,0.016,13.69,2.0,3.0,0.0,21.23,0.0,6.394,21.77,0.0,-0.032,-0.02,0.33,-0.0379999999999999,0.215,0.0,34.18,19.16,18.97,18.77,18.64,18.36,18.62,18.56,19.11,18.6,0.01,0.012,0.012,0.011,0.013,0.013,0.016,930.0,945.0,935.0,929.0,946.0,924.0,815.0,0.0,0.0,0.0,0.0,0.0,0.0,0.0,0.0,5.535,0.0,60.2,0.0,0.0,0.0,0.0,0.0,0.0,0.0,0.0,0.0,0.0,21.0,20.67,0.0,18.94,19.8,41.45,2.0,3.531,-1.0,1.188,2.2,4902
2014-09-07 20:16:00,0.0,0.0,0.0,816419.0,74.7,59.9,60.0,0.0,23539.0,341.0,74804.0,810905.0,0.0,1.0,0.0,0.0,0.0,274.1,274.2,275.3,0.979,274.0,0.748,274.0,0.921,275.0,0.016,13.68,2.0,3.0,0.0,21.21,0.0,6.43,21.76,0.0,-0.027,-0.02,0.33,-0.037,0.215,0.0,34.13,19.18,18.97,18.79,18.69,18.4,18.68,18.59,19.24,18.6,0.01,0.012,0.011,0.011,0.013,0.013,0.016,930.0,945.0,935.0,929.0,946.0,924.0,815.0,0.0,0.0,0.0,0.0,0.0,0.0,0.0,0.0,5.681,0.0,60.22,0.0,0.0,0.0,0.0,0.0,0.0,0.0,0.0,0.0,0.0,21.03,20.7,0.0,18.94,56.28,16.84,2.0,3.528,-1.0,0.943,1.5,4902
2014-09-07 20:17:00,0.0,0.0,0.0,816419.0,74.7,59.9,60.0,0.0,23539.0,341.0,74804.0,810905.0,0.0,1.0,0.0,0.0,0.0,274.4,274.1,275.3,0.979,274.0,0.748,274.0,0.921,275.0,0.016,13.68,2.0,3.0,0.0,21.21,0.0,6.43,21.76,0.0,-0.027,-0.02,0.33,-0.0379999999999999,0.215,0.0,34.1,19.16,18.92,18.79,18.69,18.4,18.61,18.59,19.21,18.6,0.01,0.012,0.011,0.011,0.013,0.013,0.016,930.0,945.0,935.0,929.0,946.0,924.0,815.0,0.0,0.0,0.0,0.0,0.0,0.0,0.0,0.0,5.805,0.0,60.22,0.0,0.0,0.0,0.0,0.0,0.0,0.0,0.0,0.0,0.0,20.97,20.59,0.0,18.86,8.71,19.75,2.0,3.531,-1.0,1.218,1.9,4902
2014-09-07 20:18:00,0.0,0.0,0.0,816419.0,74.7,59.9,60.0,0.0,23539.0,341.0,74804.0,810905.0,0.0,1.0,0.0,0.0,0.0,274.2,274.2,275.3,0.979,274.0,0.748,274.0,0.921,275.0,0.016,13.69,2.0,3.0,0.0,21.19,0.0,6.43,21.79,0.0,-0.027,-0.02,0.33,-0.0379999999999999,0.215,0.0,34.03,19.1,18.97,18.79,18.69,18.31,18.73,18.59,19.18,18.67,0.01,0.012,0.011,0.011,0.013,0.013,0.016,930.0,945.0,935.0,929.0,946.0,924.0,815.0,0.0,0.0,0.0,0.0,0.0,0.0,0.0,0.0,5.805,0.0,60.13,0.0,0.0,0.0,0.0,0.0,0.0,0.0,0.0,0.0,0.0,20.94,20.57,0.0,18.82,353.6,20.46,2.0,3.53,-1.0,1.235,1.7,4902
2014-09-07 20:19:00,0.0,0.0,0.0,816419.0,74.7,59.9,60.0,0.0,23539.0,341.0,74804.0,810905.0,0.0,1.0,0.0,0.0,0.0,274.3,274.3,275.3,0.979,274.0,0.748,274.0,0.921,275.0,0.016,13.68,2.0,3.0,0.0,21.2,0.0,6.441,21.77,0.0,-0.027,-0.019,0.331,-0.037,0.215,0.0,33.98,19.15,18.97,18.87,18.71,18.38,18.73,18.59,19.18,18.7,0.01,0.012,0.011,0.011,0.013,0.013,0.016,930.0,945.0,935.0,929.0,946.0,924.0,815.0,0.0,0.0,0.0,0.0,0.0,0.0,0.0,0.0,5.822,0.0,60.15,0.0,0.0,0.0,0.0,0.0,0.0,0.0,0.0,0.0,0.0,20.98,20.65,0.0,18.85,11.2,22.29,2.0,3.531,-1.0,1.117,1.8,4902
2014-09-07 20:20:00,0.0,0.0,0.0,816419.0,74.7,59.9,60.0,0.0,23539.0,341.0,74804.0,810905.0,0.0,1.0,0.0,0.0,0.0,274.1,274.3,275.3,0.979,274.0,0.748,274.0,0.921,275.0,0.016,13.68,2.0,3.0,0.0,21.17,0.0,6.459,21.77,0.0,-0.027,-0.017,0.3329999999999999,-0.0379999999999999,0.215,0.0,33.94,19.1,18.97,18.87,18.69,18.4,18.71,18.59,19.18,18.7,0.01,0.012,0.011,0.011,0.013,0.012,0.016,930.0,945.0,935.0,929.0,946.0,924.0,815.0,0.0,0.0,0.0,0.0,0.0,0.0,0.0,0.0,6.0120000000000005,0.0,60.21,0.0,0.0,0.0,0.0,0.0,0.0,0.0,0.0,0.0,0.0,21.02,20.67,0.0,18.84,353.8,65.78,2.0,3.528,-1.0,0.4179999999999999,0.9,4902
2014-09-07 20:21:00,0.0,0.0,0.0,816419.0,74.7,59.9,60.0,0.0,23539.0,341.0,74804.0,810905.0,0.0,1.0,0.0,0.0,0.0,274.4,274.4,275.4,0.979,274.0,0.748,274.0,0.921,275.0,0.016,13.68,2.0,3.0,0.0,21.15,0.0,6.454,21.77,0.0,-0.027,-0.016,0.335,-0.037,0.215,0.0,33.9,19.15,18.97,18.79,18.69,18.4,18.69,18.59,19.18,18.7,0.01,0.012,0.011,0.011,0.013,0.012,0.016,930.0,945.0,935.0,929.0,946.0,924.0,815.0,0.0,0.0,0.0,0.0,0.0,0.0,0.0,0.0,6.058,0.0,60.21,0.0,0.0,0.0,0.0,0.0,0.0,0.0,0.0,0.0,0.0,21.07,20.76,0.0,18.89,3.047,12.41,2.0,,-1.0,1.218,20.1,4902
2014-09-07 20:22:00,0.0,0.0,0.0,816419.0,74.7,59.9,60.0,0.0,23539.0,341.0,74804.0,810905.0,0.0,1.0,0.0,0.0,0.0,274.4,274.4,275.4,0.979,274.0,0.748,274.0,0.921,275.0,0.016,13.69,2.0,3.0,0.0,21.15,0.0,6.445,21.78,0.0,-0.027,-0.016,0.335,-0.0379999999999999,0.215,0.0,33.84,19.16,18.97,18.83,18.69,18.4,18.69,18.59,19.18,18.7,0.01,0.012,0.011,0.011,0.013,0.012,0.016,930.0,945.0,935.0,929.0,946.0,924.0,815.0,0.0,0.0,0.0,0.0,0.0,0.0,0.0,0.0,6.075,0.0,60.21,0.0,0.0,0.0,0.0,0.0,0.0,0.0,0.0,0.0,0.0,21.08,20.76,0.0,18.87,15.5,19.46,2.0,3.53,-1.0,0.952,1.5,4902
2014-09-07 20:23:00,0.0,0.0,0.0,816419.0,74.7,59.9,60.0,0.0,23539.0,341.0,74804.0,810905.0,0.0,1.0,0.0,0.0,0.0,274.1,274.3,275.4,0.979,274.0,0.748,274.0,0.921,275.0,0.016,13.69,2.0,3.0,0.0,21.15,0.0,6.476,21.78,0.0,-0.027,-0.0149999999999999,0.3339999999999999,-0.037,0.215,0.0,33.84,19.11,18.97,18.85,18.69,18.4,18.69,18.62,19.26,18.7,0.01,0.011,0.011,0.011,0.013,0.012,0.016,930.0,945.0,935.0,929.0,946.0,924.0,815.0,0.0,0.0,0.0,0.0,0.0,0.0,0.0,0.0,6.075,0.0,60.22,0.0,0.0,0.0,0.0,0.0,0.0,0.0,0.0,0.0,0.0,21.08,20.73,0.0,18.87,358.3,25.83,2.0,3.531,-1.0,1.062,1.7,4902
2014-09-07 20:24:00,0.0,0.0,0.0,816419.0,74.7,59.9,60.0,0.0,23539.0,341.0,74804.0,810905.0,0.0,1.0,0.0,0.0,0.0,274.1,274.3,275.4,0.979,274.0,0.748,274.0,0.921,275.0,0.016,13.68,2.0,3.0,0.0,21.14,0.0,6.515,21.77,0.0,-0.027,-0.013,0.3389999999999999,-0.0379999999999999,0.215,0.0,33.79,19.18,18.96,18.87,18.79,18.4,18.76,18.69,19.27,18.72,0.01,0.012,0.011,0.011,0.013,0.012,0.016,930.0,945.0,935.0,929.0,946.0,924.0,815.0,0.0,0.0,0.0,0.0,0.0,0.0,0.0,0.0,6.075,0.0,60.23,0.0,0.0,0.0,0.0,0.0,0.0,0.0,0.0,0.0,0.0,21.15,20.84,0.0,18.98,16.14,23.16,2.0,3.531,-1.0,1.287,2.2,4902
2014-09-07 20:25:00,0.0,0.0,0.0,816419.0,74.7,59.9,60.0,0.0,23539.0,341.0,74804.0,810905.0,0.0,1.0,0.0,0.0,0.0,274.6,274.3,275.4,0.979,274.0,0.748,274.0,0.921,275.0,0.016,13.68,2.0,3.0,0.0,21.12,0.0,6.649,21.78,0.0,-0.026,-0.013,0.3439999999999999,-0.0379999999999999,0.215,0.0,33.74,19.26,18.91,18.88,18.79,18.4,18.79,18.69,19.27,18.77,0.01,0.011,0.011,0.011,0.013,0.012,0.016,930.0,945.0,935.0,929.0,946.0,924.0,815.0,0.0,0.0,0.0,0.0,0.0,0.0,0.0,0.0,6.106,0.0,60.2,0.0,0.0,0.0,0.0,0.0,0.0,0.0,0.0,0.0,0.0,21.18,20.85,0.0,19.03,14.75,12.52,2.0,3.531,-1.0,0.987,1.5,4902
2014-09-07 20:26:00,0.0,0.0,0.0,816419.0,74.7,59.9,60.0,0.0,23539.0,341.0,74804.0,810905.0,0.0,1.0,0.0,0.0,0.0,274.2,274.0,275.0,0.979,274.0,0.748,274.0,0.921,275.0,0.016,13.68,2.0,3.0,0.0,21.1,0.0,6.959,21.78,0.0,-0.027,-0.013,0.346,-0.0379999999999999,0.215,0.0,33.73,19.26,18.88,18.88,18.79,18.4,18.79,18.69,19.27,18.77,0.01,0.011,0.011,0.011,0.013,0.012,0.016,930.0,945.0,935.0,929.0,946.0,924.0,815.0,0.0,0.0,0.0,0.0,0.0,0.0,0.0,0.0,6.34,0.0,60.21,0.0,0.0,0.0,0.0,0.0,0.0,0.0,0.0,0.0,0.0,21.19,20.86,0.0,19.04,346.6,12.47,2.0,3.53,-1.0,0.957,1.6,4902
2014-09-07 20:27:00,0.0,0.0,0.0,816419.0,74.7,59.9,60.0,0.0,23539.0,341.0,74804.0,810905.0,0.0,1.0,0.0,0.0,0.0,274.1,274.1,275.1,0.979,274.0,0.748,274.0,0.921,275.0,0.016,13.68,2.0,3.0,0.0,21.08,0.0,6.8420000000000005,21.78,0.0,-0.026,-0.013,0.3479999999999999,-0.0379999999999999,0.215,0.0,33.64,19.26,18.94,18.87,18.79,18.36,18.79,18.69,19.27,18.8,0.01,0.011,0.011,0.011,0.013,0.012,0.016,930.0,945.0,935.0,929.0,946.0,924.0,815.0,0.0,0.0,0.0,0.0,0.0,0.0,0.0,0.0,6.228,0.0,60.22,0.0,0.0,0.0,0.0,0.0,0.0,0.0,0.0,0.0,0.0,21.16,20.82,0.0,19.02,354.2,9.99,2.0,3.53,-1.0,1.072,1.5,4902
2014-09-07 20:28:00,0.0,0.0,0.0,816419.0,74.7,59.9,60.0,0.0,23539.0,341.0,74804.0,810905.0,0.0,1.0,0.0,0.0,0.0,273.6,274.2,275.2,0.979,274.0,0.748,274.0,0.921,275.0,0.016,13.68,2.0,3.0,0.0,21.08,0.0,6.716,21.78,0.0,-0.027,-0.013,0.3489999999999999,-0.0379999999999999,0.215,0.0,33.64,19.26,18.97,18.88,18.79,18.31,18.79,18.69,19.27,18.8,0.01,0.011,0.011,0.011,0.013,0.012,0.016,930.0,945.0,935.0,929.0,946.0,924.0,815.0,0.0,0.0,0.0,0.0,0.0,0.0,0.0,0.0,6.094,0.0,60.22,0.0,0.0,0.0,0.0,0.0,0.0,0.0,0.0,0.0,0.0,21.16,20.83,0.0,19.04,11.23,26.92,2.0,3.53,-1.0,0.7319999999999999,1.6,4902
2014-09-07 20:29:00,0.0,0.0,0.0,816419.0,74.7,59.9,60.0,0.0,23539.0,341.0,74804.0,810905.0,0.0,1.0,0.0,0.0,0.0,273.9,274.1,275.1,0.979,274.0,0.748,274.0,0.921,275.0,0.016,13.68,2.0,3.0,0.0,21.08,0.0,6.575,21.77,0.0,-0.027,-0.013,0.352,-0.0379999999999999,0.215,0.0,33.61,19.27,18.97,18.79,18.76,18.4,18.79,18.67,19.27,18.78,0.01,0.011,0.011,0.011,0.013,0.012,0.016,930.0,945.0,935.0,929.0,946.0,924.0,815.0,0.0,0.0,0.0,0.0,0.0,0.0,0.0,0.0,6.075,0.0,60.22,0.0,0.0,0.0,0.0,0.0,0.0,0.0,0.0,0.0,0.0,21.17,20.83,0.0,19.09,7.691,36.84,2.0,3.531,-1.0,0.917,1.5,4902
2014-09-07 20:30:00,0.0,0.0,0.0,816419.0,74.7,59.9,60.0,0.0,23539.0,341.0,74804.0,810905.0,0.0,1.0,0.0,0.0,0.0,273.8,274.0,275.0,0.979,274.0,0.748,274.0,0.921,275.0,0.016,13.68,2.0,3.0,0.0,21.07,0.0,6.57,21.77,0.0,-0.027,-0.013,0.3609999999999999,-0.0379999999999999,0.215,0.0,33.54,19.26,18.97,18.82,18.79,18.4,18.79,18.69,19.27,18.77,0.01,0.011,0.011,0.011,0.013,0.012,0.0149999999999999,930.0,945.0,935.0,929.0,946.0,924.0,815.0,0.0,0.0,0.0,0.0,0.0,0.0,0.0,0.0,6.075,0.0,60.19,0.0,0.0,0.0,0.0,0.0,0.0,0.0,0.0,0.0,0.0,21.15,20.81,0.0,19.07,345.1,31.8,2.0,3.53,-1.0,0.648,1.3,4902
2014-09-07 20:31:00,0.0,0.0,0.0,816419.0,74.7,59.9,60.0,0.0,23539.0,341.0,74804.0,810905.0,0.0,1.0,0.0,0.0,0.0,273.2,273.8,274.6,0.979,273.2,0.748,273.2,0.921,274.2,0.016,13.68,2.0,3.0,0.0,21.07,0.0,6.531000000000001,21.77,0.0,-0.027,-0.013,0.3599999999999999,-0.037,0.215,0.0,33.48,19.26,18.97,18.85,18.79,18.4,18.79,18.69,19.24,18.73,0.01,0.011,0.011,0.011,0.013,0.012,0.0149999999999999,930.0,945.0,935.0,929.0,946.0,924.0,815.0,0.0,0.0,0.0,0.0,0.0,0.0,0.0,0.0,6.075,0.0,60.14,0.0,0.0,0.0,0.0,0.0,0.0,0.0,0.0,0.0,0.0,21.14,20.79,0.0,19.06,1.192,19.98,2.0,3.531,-1.0,0.822,1.1,4902
2014-09-07 20:32:00,0.0,0.0,0.0,816419.0,74.7,59.9,60.0,0.0,23539.0,341.0,74804.0,810905.0,0.0,1.0,0.0,0.0,0.0,273.2,273.7,274.7,0.979,273.2,0.748,273.5,0.921,274.6,0.016,13.69,2.0,3.0,0.0,21.05,0.0,6.547999999999999,21.77,0.0,-0.025,-0.013,0.3599999999999999,-0.0379999999999999,0.215,0.0,33.45,19.26,18.99,18.88,18.79,18.3,18.79,18.69,19.29,18.8,0.01,0.011,0.011,0.011,0.013,0.012,0.016,930.0,945.0,935.0,929.0,946.0,924.0,815.0,0.0,0.0,0.0,0.0,0.0,0.0,0.0,0.0,6.075,0.0,60.21,0.0,0.0,0.0,0.0,0.0,0.0,0.0,0.0,0.0,0.0,21.15,20.82,0.0,19.04,343.4,12.89,2.0,3.53,-1.0,1.335,1.9,4902
2014-09-07 20:33:00,0.0,0.0,0.0,816419.0,74.7,59.9,60.0,0.0,23539.0,341.0,74804.0,810905.0,0.0,1.0,0.0,0.0,0.0,273.3,273.9,274.9,0.979,273.7,0.748,273.9,0.921,275.0,0.016,13.69,2.0,3.0,0.0,21.04,0.0,6.497000000000001,21.77,0.0,-0.021,-0.013,0.3589999999999999,-0.0379999999999999,0.215,0.0,33.45,19.28,19.02,18.88,18.88,18.3,18.79,18.69,19.32,18.82,0.01,0.011,0.011,0.011,0.013,0.012,0.0149999999999999,930.0,945.0,935.0,929.0,946.0,924.0,815.0,0.0,0.0,0.0,0.0,0.0,0.0,0.0,0.0,6.075,0.0,60.22,0.0,0.0,0.0,0.0,0.0,0.0,0.0,0.0,0.0,0.0,21.16,20.82,0.0,19.11,19.83,43.65,2.0,3.53,-1.0,0.797,1.6,4902
2014-09-07 20:34:00,0.0,0.0,0.0,816419.0,74.7,59.9,60.0,0.0,23539.0,341.0,74804.0,810905.0,0.0,1.0,0.0,0.0,0.0,273.7,273.9,274.8,0.979,274.0,0.748,274.0,0.921,275.0,0.016,13.68,2.0,3.0,0.0,21.03,0.0,6.475,21.78,0.0,-0.021,-0.013,0.3589999999999999,-0.0379999999999999,0.215,0.0,33.38,19.31,19.06,18.88,18.79,18.3,18.79,18.69,19.27,18.75,0.01,0.011,0.011,0.011,0.013,0.012,0.0149999999999999,930.0,945.0,935.0,929.0,946.0,924.0,815.0,0.0,0.0,0.0,0.0,0.0,0.0,0.0,0.0,6.075,0.0,60.22,0.0,0.0,0.0,0.0,0.0,0.0,0.0,0.0,0.0,0.0,21.17,20.84,0.0,19.13,31.17,14.35,2.0,3.53,-1.0,1.053,1.4,4902
2014-09-07 20:35:00,0.0,0.0,0.0,816419.0,74.7,59.9,60.0,0.0,23539.0,341.0,74804.0,810905.0,0.0,1.0,0.0,0.0,0.0,273.6,273.9,274.8,0.979,274.0,0.748,274.0,0.921,275.0,0.016,13.68,2.0,3.0,0.0,21.02,0.0,6.462999999999999,21.77,0.0,-0.023,-0.013,0.367,-0.036,0.215,0.0,33.35,19.26,18.97,18.88,18.79,18.3,18.79,18.69,19.27,18.73,0.01,0.011,0.011,0.011,0.013,0.012,0.0149999999999999,930.0,945.0,935.0,929.0,946.0,924.0,815.0,0.0,0.0,0.0,0.0,0.0,0.0,0.0,0.0,6.051,0.0,60.22,0.0,0.0,0.0,0.0,0.0,0.0,0.0,0.0,0.0,0.0,21.17,20.81,0.0,19.05,23.12,15.83,2.0,3.53,-1.0,1.42,2.0,4902
2014-09-07 20:36:00,0.0,0.0,0.0,816419.0,74.7,59.9,60.0,0.0,23539.0,341.0,74804.0,810905.0,0.0,1.0,0.0,0.0,0.0,273.9,273.9,274.8,0.979,274.0,0.748,274.0,0.921,275.0,0.016,13.68,2.0,3.0,0.0,21.02,0.0,6.432,21.77,0.0,-0.02,-0.013,0.37,-0.0379999999999999,0.215,0.0,33.28,19.26,18.97,18.88,18.84,18.3,18.79,18.69,19.35,18.82,0.01,0.011,0.011,0.011,0.013,0.012,0.0149999999999999,930.0,945.0,935.0,929.0,946.0,924.0,815.0,0.0,0.0,0.0,0.0,0.0,0.0,0.0,0.0,6.032,0.0,60.21,0.0,0.0,0.0,0.0,0.0,0.0,0.0,0.0,0.0,0.0,21.16,20.81,0.0,19.08,22.22,15.67,2.0,3.531,-1.0,1.068,1.5,4902
2014-09-07 20:37:00,0.0,0.0,0.0,816419.0,74.7,59.9,60.0,0.0,23539.0,341.0,74804.0,810905.0,0.0,1.0,0.0,0.0,0.0,273.9,274.0,274.8,0.979,274.0,0.748,274.0,0.921,275.0,0.016,13.68,2.0,3.0,0.0,21.01,0.0,6.437,21.77,0.0,-0.02,-0.013,0.37,-0.0379999999999999,0.215,0.0,33.25,19.26,18.97,18.88,18.85,18.3,18.79,18.69,19.31,18.77,0.01,0.011,0.011,0.01,0.013,0.012,0.0149999999999999,930.0,945.0,935.0,929.0,946.0,924.0,815.0,0.0,0.0,0.0,0.0,0.0,0.0,0.0,0.0,6.02,0.0,60.22,0.0,0.0,0.0,0.0,0.0,0.0,0.0,0.0,0.0,0.0,21.2,20.87,0.0,19.1,17.94,19.0,2.0,3.53,-1.0,0.802,1.3,4902
2014-09-07 20:38:00,0.0,0.0,0.0,816419.0,74.7,59.9,60.0,0.0,23539.0,341.0,74804.0,810905.0,0.0,1.0,0.0,0.0,0.0,274.1,274.0,274.9,0.979,274.0,0.748,274.0,0.921,275.0,0.016,13.68,2.0,3.0,0.0,20.99,0.0,6.433,21.79,0.0,-0.02,-0.013,0.3679999999999999,-0.037,0.215,0.0,33.25,19.36,18.97,18.87,18.79,18.31,18.79,18.69,19.27,18.74,0.01,0.011,0.011,0.01,0.013,0.012,0.0149999999999999,930.0,945.0,935.0,929.0,946.0,924.0,815.0,0.0,0.0,0.0,0.0,0.0,0.0,0.0,0.0,5.863,0.0,60.22,0.0,0.0,0.0,0.0,0.0,0.0,0.0,0.0,0.0,0.0,21.24,20.9,0.0,19.15,2.877,29.57,2.0,3.531,-1.0,0.8499999999999999,1.2,4902
2014-09-07 20:39:00,0.0,0.0,0.0,816419.0,74.7,59.9,60.0,0.0,23539.0,341.0,74804.0,810905.0,0.0,1.0,0.0,0.0,0.0,273.8,274.2,275.0,0.979,274.0,0.748,274.0,0.921,275.0,0.016,13.68,2.0,3.0,0.0,20.99,0.0,6.43,21.78,0.0,-0.021,-0.013,0.37,-0.034,0.215,0.0,33.17,19.26,18.97,18.79,18.74,18.3,18.73,18.67,19.27,18.77,0.01,0.011,0.011,0.011,0.012,0.012,0.0149999999999999,930.0,945.0,935.0,929.0,946.0,924.0,815.0,0.0,0.0,0.0,0.0,0.0,0.0,0.0,0.0,5.818,0.0,60.22,0.0,0.0,0.0,0.0,0.0,0.0,0.0,0.0,0.0,0.0,21.18,20.81,0.0,19.04,30.06,35.26,2.0,3.531,-1.0,1.185,2.0,4902
2014-09-07 20:40:00,0.0,0.0,0.0,816419.0,74.7,59.9,60.0,0.0,23539.0,341.0,74804.0,810905.0,0.0,1.0,0.0,0.0,0.0,274.0,274.2,275.0,0.979,274.0,0.748,274.0,0.921,275.0,0.016,13.68,2.0,3.0,0.0,20.98,0.0,6.433,21.78,0.0,-0.021,-0.013,0.372,-0.033,0.215,0.0,33.15,19.26,18.97,18.85,18.79,18.4,18.76,18.69,19.29,18.73,0.01,0.011,0.011,0.01,0.013,0.012,0.0149999999999999,930.0,945.0,935.0,929.0,946.0,924.0,815.0,0.0,0.0,0.0,0.0,0.0,0.0,0.0,0.0,5.805,0.0,60.22,0.0,0.0,0.0,0.0,0.0,0.0,0.0,0.0,0.0,0.0,21.14,20.78,0.0,19.04,13.79,18.78,2.0,3.528,-1.0,1.183,1.7,4902
2014-09-07 20:41:00,0.0,0.0,0.0,816419.0,74.7,59.9,60.0,0.0,23539.0,341.0,74804.0,810905.0,0.0,1.0,0.0,0.0,0.0,274.0,274.2,275.1,0.979,274.0,0.748,274.0,0.921,275.0,0.016,13.68,2.0,3.0,0.0,20.96,0.0,6.523,21.79,0.0,-0.02,-0.013,0.372,-0.0289999999999999,0.215,0.0,33.1,19.26,19.02,18.87,18.79,18.4,18.73,18.69,19.31,18.72,0.009,0.011,0.011,0.011,0.012,0.012,0.0149999999999999,930.0,945.0,935.0,929.0,946.0,924.0,815.0,0.0,0.0,0.0,0.0,0.0,0.0,0.0,0.0,5.922000000000001,0.0,60.12,0.0,0.0,0.0,0.0,0.0,0.0,0.0,0.0,0.0,0.0,21.1,20.76,0.0,19.04,28.49,15.26,2.0,3.53,-1.0,1.4480000000000002,1.9,4902
2014-09-07 20:42:00,0.0,0.0,0.0,816419.0,74.7,59.9,60.0,0.0,23539.0,341.0,74804.0,810905.0,0.0,1.0,0.0,0.0,0.0,274.1,274.3,275.2,0.979,274.0,0.748,274.0,0.921,275.0,0.016,13.68,2.0,3.0,0.0,20.96,0.0,6.43,21.78,0.0,-0.02,-0.013,0.37,-0.023,0.215,0.0,33.05,19.26,18.99,18.88,18.79,18.4,18.78,18.69,19.27,18.7,0.009,0.011,0.011,0.01,0.012,0.012,0.0149999999999999,930.0,945.0,935.0,929.0,946.0,924.0,815.0,0.0,0.0,0.0,0.0,0.0,0.0,0.0,0.0,5.805,0.0,60.21,0.0,0.0,0.0,0.0,0.0,0.0,0.0,0.0,0.0,0.0,21.1,20.72,0.0,18.99,18.73,25.34,2.0,3.531,-1.0,1.143,1.7,4902
2014-09-07 20:43:00,0.0,0.0,0.0,816419.0,74.7,59.9,60.0,0.0,23539.0,341.0,74804.0,810905.0,0.0,1.0,0.0,0.0,0.0,274.1,274.5,275.3,0.979,274.0,0.748,274.0,0.921,275.0,0.016,13.68,2.0,3.0,0.0,20.96,0.0,6.506,21.77,0.0,-0.023,-0.013,0.376,-0.0139999999999999,0.215,0.0,33.05,19.24,19.01,18.8,18.72,18.34,18.73,18.66,19.24,18.79,0.01,0.011,0.01,0.01,0.012,0.012,0.0149999999999999,930.0,945.0,935.0,929.0,946.0,924.0,815.0,0.0,0.0,0.0,0.0,0.0,0.0,0.0,0.0,5.921,0.0,60.21,0.0,0.0,0.0,0.0,0.0,0.0,0.0,0.0,0.0,0.0,21.05,20.68,0.0,19.0,15.89,19.67,2.0,3.531,-1.0,1.3730000000000002,2.0,4902
2014-09-07 20:44:00,0.0,0.0,0.0,816419.0,74.7,59.9,60.0,0.0,23539.0,341.0,74804.0,810905.0,0.0,1.0,0.0,0.0,0.0,274.2,274.5,275.4,0.979,274.0,0.748,274.0,0.921,275.0,0.016,13.68,2.0,3.0,0.0,20.93,0.0,6.43,21.78,0.0,-0.026,-0.013,0.375,-0.01,0.215,0.0,32.99,19.26,18.99,18.82,18.79,18.3,18.69,18.67,19.24,18.89,0.01,0.011,0.01,0.01,0.012,0.012,0.0149999999999999,930.0,945.0,935.0,929.0,946.0,924.0,815.0,0.0,0.0,0.0,0.0,0.0,0.0,0.0,0.0,5.805,0.0,60.22,0.0,0.0,0.0,0.0,0.0,0.0,0.0,0.0,0.0,0.0,21.07,20.75,0.0,19.1,20.15,22.48,2.0,3.531,-1.0,0.748,1.1,4902
2014-09-07 20:45:00,0.0,0.0,0.0,816419.0,74.7,59.9,60.0,0.0,23539.0,341.0,74804.0,810905.0,0.0,1.0,0.0,0.0,0.0,274.4,274.6,275.5,0.979,274.1,0.748,274.1,0.921,275.0,0.0149999999999999,13.68,2.0,3.0,0.0,20.93,0.0,6.436,21.78,0.0,-0.027,-0.0139999999999999,0.374,-0.011,0.215,0.0,32.96,19.26,18.94,18.75,18.69,18.3,18.68,18.59,19.16,18.79,0.009,0.011,0.01,0.01,0.012,0.012,0.0149999999999999,930.0,945.0,935.0,929.0,946.0,924.0,815.0,0.0,0.0,0.0,0.0,0.0,0.0,0.0,0.0,5.805,0.0,60.22,0.0,0.0,0.0,0.0,0.0,0.0,0.0,0.0,0.0,0.0,21.06,20.71,0.0,19.03,35.49,29.78,2.0,3.531,-1.0,0.5829999999999999,1.1,4902
2014-09-07 20:46:00,0.0,0.0,0.0,816419.0,74.7,59.9,60.0,0.0,23539.0,341.0,74804.0,810905.0,0.0,1.0,0.0,0.0,0.0,273.6,273.9,274.9,0.979,273.8,0.748,273.5,0.921,274.8,0.0149999999999999,13.68,2.0,3.0,0.0,20.92,0.0,6.43,21.77,0.0,-0.027,-0.016,0.38,-0.018,0.215,0.0,32.91,19.16,18.9,18.69,18.66,18.34,18.6,18.54,19.08,18.76,0.01,0.011,0.01,0.01,0.012,0.011,0.0149999999999999,930.0,945.0,935.0,929.0,946.0,924.0,815.0,0.0,0.0,0.0,0.0,0.0,0.0,0.0,0.0,5.805,0.0,60.21,0.0,0.0,0.0,0.0,0.0,0.0,0.0,0.0,0.0,0.0,20.96,20.56,0.0,18.94,26.55,48.62,2.0,3.531,-1.0,0.7219999999999999,1.5,4902
2014-09-07 20:47:00,0.0,0.0,0.0,816419.0,74.7,59.9,60.0,0.0,23539.0,341.0,74804.0,810905.0,0.0,1.0,0.0,0.0,0.0,273.6,273.8,274.7,0.979,274.0,0.748,274.0,0.921,275.0,0.0149999999999999,13.68,2.0,3.0,0.0,20.91,0.0,6.444,21.78,0.0,-0.027,-0.018,0.384,-0.013,0.215,0.0,32.86,19.16,18.93,18.69,18.59,18.3,18.6,18.49,19.08,18.67,0.009,0.011,0.01,0.01,0.012,0.012,0.0149999999999999,930.0,945.0,935.0,929.0,946.0,924.0,815.0,0.0,0.0,0.0,0.0,0.0,0.0,0.0,0.0,5.805,0.0,60.21,0.0,0.0,0.0,0.0,0.0,0.0,0.0,0.0,0.0,0.0,20.91,20.54,0.0,18.89,30.28,44.08,2.0,3.527,-1.0,0.567,0.9,4902
2014-09-07 20:48:00,0.0,0.0,0.0,816419.0,74.7,59.9,60.0,0.0,23539.0,341.0,74804.0,810905.0,0.0,1.0,0.0,0.0,0.0,273.6,273.8,274.7,0.979,273.7,0.748,273.9,0.921,274.8,0.0149999999999999,13.68,2.0,3.0,0.0,20.91,0.0,6.439,21.78,0.0,-0.027,-0.02,0.385,-0.011,0.215,0.0,32.84,19.11,18.98,18.67,18.59,18.23,18.53,18.49,19.0,18.59,0.009,0.011,0.01,0.01,0.012,0.012,0.0149999999999999,930.0,945.0,935.0,929.0,946.0,924.0,815.0,0.0,0.0,0.0,0.0,0.0,0.0,0.0,0.0,5.858,0.0,60.21,0.0,0.0,0.0,0.0,0.0,0.0,0.0,0.0,0.0,0.0,20.9,20.52,0.0,18.87,48.33,16.65,2.0,3.528,-1.0,0.568,0.9,4902
2014-09-07 20:49:00,0.0,0.0,0.0,816419.0,74.7,59.9,60.0,0.0,23539.0,341.0,74804.0,810905.0,0.0,1.0,0.0,0.0,0.0,273.5,273.9,274.8,0.979,273.5,0.748,274.0,0.921,275.0,0.0149999999999999,13.68,2.0,3.0,0.0,20.91,0.0,6.49,21.78,0.0,-0.027,-0.02,0.385,-0.011,0.215,0.0,32.76,19.06,18.85,18.61,18.56,18.2,18.5,18.47,19.0,18.57,0.009,0.011,0.01,0.01,0.012,0.012,0.0149999999999999,930.0,945.0,935.0,929.0,946.0,924.0,815.0,0.0,0.0,0.0,0.0,0.0,0.0,0.0,0.0,6.03,0.0,60.22,0.0,0.0,0.0,0.0,0.0,0.0,0.0,0.0,0.0,0.0,20.8,20.39,0.0,18.79,62.91,24.63,2.0,3.531,-1.0,1.02,1.7,4902
2014-09-07 20:50:00,0.0,0.0,0.0,816419.0,74.7,59.9,60.0,0.0,23539.0,341.0,74804.0,810905.0,0.0,1.0,0.0,0.0,0.0,273.5,273.9,274.7,0.979,273.4,0.748,273.9,0.921,274.8,0.0149999999999999,13.69,2.0,3.0,0.0,20.88,0.0,6.629,21.78,0.0,-0.027,-0.02,0.389,-0.001,0.215,0.0,32.76,18.97,18.81,18.69,18.59,18.2,18.5,18.49,19.08,18.55,0.009,0.011,0.01,0.01,0.012,0.012,0.0139999999999999,930.0,945.0,935.0,929.0,946.0,924.0,815.0,0.0,0.0,0.0,0.0,0.0,0.0,0.0,0.0,6.07,0.0,60.19,0.0,0.0,0.0,0.0,0.0,0.0,0.0,0.0,0.0,0.0,20.76,20.36,0.0,18.74,46.46,25.68,2.0,3.531,-1.0,0.888,1.3,4902
2014-09-07 20:51:00,0.0,0.0,0.0,816419.0,74.7,59.9,60.0,0.0,23539.0,341.0,74804.0,810905.0,0.0,1.0,0.0,0.0,0.0,273.3,273.9,274.6,0.979,273.0,0.748,273.9,0.921,274.4,0.0149999999999999,13.69,2.0,3.0,0.0,20.88,0.0,6.801,21.78,0.0,-0.027,-0.019,0.3879999999999999,0.005,0.215,0.0,32.68,18.97,18.86,18.59,18.51,18.2,18.5,18.41,18.98,18.52,0.01,0.01,0.01,0.01,0.012,0.011,0.0149999999999999,930.0,945.0,935.0,929.0,946.0,924.0,815.0,0.0,0.0,0.0,0.0,0.0,0.0,0.0,0.0,6.075,0.0,60.14,0.0,0.0,0.0,0.0,0.0,0.0,0.0,0.0,0.0,0.0,20.79,20.42,0.0,18.71,33.33,27.91,2.0,3.528,-1.0,0.6029999999999999,1.0,4902
2014-09-07 20:52:00,0.0,0.0,0.0,816419.0,74.7,59.9,60.0,0.0,23539.0,341.0,74804.0,810905.0,0.0,1.0,0.0,0.0,0.0,273.4,273.8,274.6,0.979,273.0,0.748,273.8,0.921,274.3,0.0149999999999999,13.68,2.0,3.0,0.0,20.88,0.0,6.915,21.77,0.0,-0.027,-0.018,0.387,-0.003,0.215,0.0,32.66,18.97,18.8,18.59,18.49,18.2,18.45,18.4,18.98,18.5,0.009,0.01,0.01,0.01,0.012,0.012,0.0139999999999999,930.0,945.0,935.0,929.0,946.0,924.0,815.0,0.0,0.0,0.0,0.0,0.0,0.0,0.0,0.0,6.075,0.0,60.17,0.0,0.0,0.0,0.0,0.0,0.0,0.0,0.0,0.0,0.0,20.81,20.42,0.0,18.71,10.24,40.76,2.0,3.527,-1.0,0.537,0.9,4902
2014-09-07 20:53:00,0.0,0.0,0.0,816419.0,74.7,59.9,60.0,0.0,23539.0,341.0,74804.0,810905.0,0.0,1.0,0.0,0.0,0.0,273.5,273.9,274.7,0.979,273.6,0.748,274.0,0.921,274.7,0.0149999999999999,13.68,2.0,3.0,0.0,20.85,0.0,7.0120000000000005,21.78,0.0,-0.027,-0.016,0.387,-0.013,0.215,0.0,32.66,18.95,18.75,18.59,18.51,18.2,18.49,18.4,18.98,18.46,0.009,0.01,0.01,0.01,0.012,0.011,0.0149999999999999,930.0,945.0,935.0,929.0,946.0,924.0,815.0,0.0,0.0,0.0,0.0,0.0,0.0,0.0,0.0,6.104,0.0,60.23,0.0,0.0,0.0,0.0,0.0,0.0,0.0,0.0,0.0,0.0,20.81,20.42,0.0,18.68,359.4,27.89,2.0,3.531,-1.0,0.642,1.3,4902
2014-09-07 20:54:00,0.0,0.0,0.0,816419.0,74.7,59.9,60.0,0.0,23539.0,341.0,74804.0,810905.0,0.0,1.0,0.0,0.0,0.0,273.8,273.8,274.7,0.979,274.0,0.748,274.0,0.921,275.0,0.0149999999999999,13.68,2.0,3.0,0.0,20.85,0.0,7.013,21.79,0.0,-0.027,-0.0139999999999999,0.39,-0.0409999999999999,0.215,0.0,32.63,18.97,18.77,18.59,18.57,18.26,18.5,18.41,19.03,18.5,0.009,0.011,0.01,0.01,0.012,0.011,0.0149999999999999,930.0,945.0,935.0,929.0,946.0,924.0,815.0,0.0,0.0,0.0,0.0,0.0,0.0,0.0,0.0,6.236000000000001,0.0,60.22,0.0,0.0,0.0,0.0,0.0,0.0,0.0,0.0,0.0,0.0,20.85,20.5,0.0,18.79,25.85,14.87,2.0,3.53,-1.0,0.993,2.0,4902
2014-09-07 20:55:00,0.0,0.0,0.0,816419.0,74.7,59.9,60.0,0.0,23539.0,341.0,74804.0,810905.0,0.0,1.0,0.0,0.0,0.0,273.5,273.9,274.8,0.979,273.9,0.748,274.0,0.921,274.9,0.0149999999999999,13.68,2.0,3.0,0.0,20.84,0.0,7.01,21.79,0.0,-0.024,-0.013,0.389,0.009,0.215,0.0,32.56,19.03,18.77,18.67,18.59,18.26,18.53,18.49,19.1,18.55,0.009,0.01,0.01,0.01,0.012,0.011,0.0139999999999999,930.0,945.0,935.0,929.0,946.0,924.0,815.0,0.0,0.0,0.0,0.0,0.0,0.0,0.0,0.0,6.247000000000001,0.0,60.21,0.0,0.0,0.0,0.0,0.0,0.0,0.0,0.0,0.0,0.0,20.87,20.53,0.0,18.85,24.32,22.22,2.0,3.528,-1.0,1.3769999999999998,2.0,4902
2014-09-07 20:56:00,0.0,0.0,0.0,816419.0,74.7,59.9,60.0,0.0,23539.0,341.0,74804.0,810905.0,0.0,1.0,0.0,0.0,0.0,273.0,273.3,274.1,0.979,273.1,0.748,273.2,0.921,274.1,0.0149999999999999,13.68,2.0,3.0,0.0,20.83,0.0,6.989,21.78,0.0,-0.02,-0.013,0.3879999999999999,0.034,0.215,0.0,32.56,19.06,18.85,18.69,18.69,18.3,18.62,18.56,19.21,18.61,0.009,0.01,0.01,0.01,0.012,0.011,0.0139999999999999,930.0,945.0,935.0,929.0,946.0,924.0,815.0,0.0,0.0,0.0,0.0,0.0,0.0,0.0,0.0,6.0920000000000005,0.0,60.22,0.0,0.0,0.0,0.0,0.0,0.0,0.0,0.0,0.0,0.0,20.86,20.49,0.0,18.82,0.482,27.1,2.0,3.528,-1.0,1.155,1.9,4902
2014-09-07 20:57:00,0.0,0.0,0.0,816419.0,74.7,59.9,60.0,0.0,23539.0,341.0,74804.0,810905.0,0.0,1.0,0.0,0.0,0.0,273.1,273.3,274.1,0.979,273.0,0.748,273.0,0.921,274.0,0.0149999999999999,13.68,2.0,3.0,0.0,20.83,0.0,6.97,21.79,0.0,-0.02,-0.013,0.3879999999999999,-0.055,0.215,0.0,32.48,19.06,18.88,18.71,18.69,18.3,18.65,18.57,19.24,18.66,0.009,0.01,0.01,0.01,0.012,0.011,0.0139999999999999,930.0,945.0,935.0,929.0,946.0,924.0,815.0,0.0,0.0,0.0,0.0,0.0,0.0,0.0,0.0,6.075,0.0,60.21,0.0,0.0,0.0,0.0,0.0,0.0,0.0,0.0,0.0,0.0,20.89,20.54,0.0,18.85,12.46,17.88,2.0,3.528,-1.0,0.942,1.7,4902
2014-09-07 20:58:00,0.0,0.0,0.0,816419.0,74.7,59.9,60.0,0.0,23539.0,341.0,74804.0,810905.0,0.0,1.0,0.0,0.0,0.0,272.9,273.3,274.1,0.979,273.0,0.748,273.0,0.921,274.0,0.0149999999999999,13.68,2.0,3.0,0.0,20.81,0.0,6.936,21.78,0.0,-0.02,-0.013,0.391,-0.055,0.215,0.0,32.47,19.06,18.95,18.69,18.69,18.3,18.6,18.54,19.18,18.68,0.009,0.01,0.01,0.01,0.012,0.011,0.0139999999999999,930.0,945.0,935.0,929.0,946.0,924.0,815.0,0.0,0.0,0.0,0.0,0.0,0.0,0.0,0.0,6.075,0.0,60.22,0.0,0.0,0.0,0.0,0.0,0.0,0.0,0.0,0.0,0.0,20.86,20.5,0.0,18.84,35.58,16.48,2.0,3.53,-1.0,1.007,1.5,4902
2014-09-07 20:59:00,0.0,0.0,0.0,816419.0,74.7,59.9,60.0,0.0,23539.0,341.0,74804.0,810905.0,0.0,1.0,0.0,0.0,0.0,272.9,273.2,274.0,0.979,273.0,0.748,273.0,0.921,274.0,0.0149999999999999,13.68,2.0,3.0,0.0,20.8,0.0,6.949,21.79,0.0,-0.02,-0.013,0.389,-0.024,0.215,0.0,32.45,19.06,18.88,18.69,18.62,18.3,18.62,18.53,19.14,18.61,0.009,0.01,0.01,0.01,0.012,0.011,0.0139999999999999,930.0,945.0,935.0,929.0,946.0,924.0,815.0,0.0,0.0,0.0,0.0,0.0,0.0,0.0,0.0,6.075,0.0,60.14,0.0,0.0,0.0,0.0,0.0,0.0,0.0,0.0,0.0,0.0,20.83,20.47,0.0,18.84,40.61,12.41,2.0,3.528,-1.0,0.952,1.4,4902
2014-09-07 21:00:00,0.0,0.0,0.0,816419.0,74.7,59.9,60.0,0.0,23539.0,341.0,74804.0,810905.0,0.0,1.0,0.0,0.0,0.0,272.8,273.2,274.0,0.979,273.0,0.748,273.0,0.921,274.0,0.0149999999999999,13.68,2.0,3.0,0.0,20.8,0.0,6.999,21.78,0.0,-0.02,-0.013,0.391,0.0,0.215,0.0,32.37,19.03,18.88,18.7,18.69,18.3,18.63,18.54,19.11,18.59,0.009,0.01,0.01,0.01,0.012,0.011,0.0139999999999999,930.0,945.0,935.0,929.0,946.0,924.0,815.0,0.0,0.0,0.0,0.0,0.0,0.0,0.0,0.0,6.075,0.0,60.22,0.0,0.0,0.0,0.0,0.0,0.0,0.0,0.0,0.0,0.0,20.78,20.39,0.0,18.78,32.54,52.15,2.0,3.528,-1.0,0.6099999999999999,1.3,4902
2014-09-07 21:01:00,0.0,0.0,0.0,816419.0,74.7,59.9,60.0,0.0,23539.0,341.0,74804.0,810905.0,0.0,1.0,0.0,0.0,0.0,273.1,273.2,274.0,0.979,273.0,0.748,273.0,0.921,274.0,0.0149999999999999,13.68,2.0,3.0,0.0,20.8,0.0,7.005,21.79,0.0,-0.02,-0.013,0.3929999999999999,-0.024,0.215,0.0,32.37,18.97,18.88,18.69,18.64,18.3,18.6,18.53,19.09,18.61,0.009,0.01,0.01,0.01,0.012,0.011,0.0139999999999999,930.0,945.0,935.0,929.0,946.0,924.0,815.0,0.0,0.0,0.0,0.0,0.0,0.0,0.0,0.0,6.109,0.0,60.22,0.0,0.0,0.0,0.0,0.0,0.0,0.0,0.0,0.0,0.0,20.75,20.35,0.0,18.7,68.62,37.22,2.0,3.53,-1.0,0.552,1.0,4902
2014-09-07 21:02:00,0.0,0.0,0.0,816419.0,74.7,59.9,60.0,0.0,23539.0,341.0,74804.0,810905.0,0.0,1.0,0.0,0.0,0.0,273.3,273.2,274.0,0.979,273.0,0.748,273.0,0.921,274.0,0.0149999999999999,13.68,2.0,3.0,0.0,20.78,0.0,7.015,21.78,0.0,-0.02,-0.013,0.396,0.003,0.215,0.0,32.3,18.97,18.85,18.69,18.67,18.3,18.6,18.51,19.08,18.61,0.009,0.01,0.01,0.01,0.012,0.011,0.0139999999999999,930.0,945.0,935.0,929.0,946.0,924.0,815.0,0.0,0.0,0.0,0.0,0.0,0.0,0.0,0.0,6.114,0.0,60.21,0.0,0.0,0.0,0.0,0.0,0.0,0.0,0.0,0.0,0.0,20.75,20.36,0.0,18.69,14.81,74.84999999999998,2.0,3.53,-1.0,0.2999999999999999,0.8,4902
2014-09-07 21:03:00,0.0,0.0,0.0,816419.0,74.7,59.9,60.0,0.0,23539.0,341.0,74804.0,810905.0,0.0,1.0,0.0,0.0,0.0,273.3,273.5,274.4,0.979,273.0,0.748,273.0,0.921,274.0,0.0149999999999999,13.68,2.0,3.0,0.0,20.77,0.0,7.019,21.78,0.0,-0.02,-0.013,0.3979999999999999,-0.02,0.215,0.0,32.27,18.97,18.87,18.69,18.59,18.3,18.6,18.49,19.08,18.55,0.009,0.01,0.01,0.01,0.012,0.011,0.0139999999999999,930.0,945.0,935.0,929.0,946.0,924.0,815.0,0.0,0.0,0.0,0.0,0.0,0.0,0.0,0.0,6.101,0.0,60.22,0.0,0.0,0.0,0.0,0.0,0.0,0.0,0.0,0.0,0.0,20.82,20.47,0.0,18.69,51.07,13.44,2.0,3.53,-1.0,0.6079999999999999,1.0,4902
2014-09-07 21:04:00,0.0,0.0,0.0,816419.0,74.7,59.9,60.0,0.0,23539.0,341.0,74804.0,810905.0,0.0,1.0,0.0,0.0,0.0,273.2,273.6,274.4,0.979,273.0,0.748,273.0,0.921,274.0,0.0149999999999999,13.68,2.0,3.0,0.0,20.77,0.0,7.507999999999998,21.79,0.0,-0.02,-0.013,0.3989999999999999,-0.017,0.215,0.0,32.27,18.97,18.88,18.69,18.59,18.3,18.6,18.49,19.08,18.51,0.009,0.01,0.01,0.01,0.012,0.011,0.0139999999999999,930.0,945.0,935.0,929.0,946.0,924.0,815.0,0.0,0.0,0.0,0.0,0.0,0.0,0.0,0.0,6.691,0.0,60.21,0.0,0.0,0.0,0.0,0.0,0.0,0.0,0.0,0.0,0.0,20.84,20.5,0.0,18.7,35.91,19.13,2.0,3.53,-1.0,0.967,1.6,4902
2014-09-07 21:05:00,0.0,0.0,0.0,816419.0,74.7,59.9,60.0,0.0,23539.0,341.0,74804.0,810905.0,0.0,1.0,0.0,0.0,0.0,273.1,272.9,273.8,0.979,273.0,0.748,273.0,0.921,274.0,0.0149999999999999,13.68,2.0,3.0,0.0,20.76,0.0,7.192,21.79,0.0,-0.02,-0.013,0.3989999999999999,-0.004,0.215,0.0,32.27,18.97,18.85,18.69,18.59,18.3,18.6,18.49,19.08,18.51,0.009,0.01,0.01,0.01,0.012,0.011,0.0139999999999999,930.0,945.0,935.0,929.0,946.0,924.0,815.0,0.0,0.0,0.0,0.0,0.0,0.0,0.0,0.0,6.284,0.0,60.16,0.0,0.0,0.0,0.0,0.0,0.0,0.0,0.0,0.0,0.0,20.79,20.41,0.0,18.68,37.05,17.77,2.0,3.531,-1.0,0.972,1.4,4902
2014-09-07 21:06:00,0.0,0.0,0.0,816419.0,74.7,59.9,60.0,0.0,23539.0,341.0,74804.0,810905.0,0.0,1.0,0.0,0.0,0.0,272.3,272.5,273.3,0.979,272.3,0.748,272.3,0.921,273.2,0.0149999999999999,13.68,2.0,3.0,0.0,20.74,0.0,7.011,21.79,0.0,-0.02,-0.013,0.396,-0.023,0.215,0.0,32.2,18.93,18.8,18.69,18.59,18.3,18.6,18.49,19.08,18.51,0.009,0.01,0.01,0.01,0.012,0.011,0.0139999999999999,930.0,945.0,935.0,929.0,946.0,924.0,815.0,0.0,0.0,0.0,0.0,0.0,0.0,0.0,0.0,6.075,0.0,60.13,0.0,0.0,0.0,0.0,0.0,0.0,0.0,0.0,0.0,0.0,20.78,20.39,0.0,18.67,45.04,8.01,2.0,3.531,-1.0,0.875,1.3,4902
2014-09-07 21:07:00,0.0,0.0,0.0,816419.0,74.7,59.9,60.0,0.0,23539.0,341.0,74804.0,810905.0,0.0,1.0,0.0,0.0,0.0,272.7,272.4,273.2,0.979,272.0,0.748,272.0,0.921,273.0,0.0149999999999999,13.68,2.0,3.0,0.0,20.74,0.0,7.005,21.78,0.0,-0.02,-0.013,0.3939999999999999,-0.031,0.215,0.0,32.17,18.87,18.79,18.69,18.59,18.3,18.58,18.49,19.08,18.51,0.009,0.01,0.01,0.01,0.012,0.011,0.0139999999999999,930.0,945.0,935.0,929.0,946.0,924.0,815.0,0.0,0.0,0.0,0.0,0.0,0.0,0.0,0.0,6.075,0.0,60.15,0.0,0.0,0.0,0.0,0.0,0.0,0.0,0.0,0.0,0.0,20.75,20.36,0.0,18.64,14.07,26.54,2.0,3.53,-1.0,0.505,0.8,4902
2014-09-07 21:08:00,0.0,0.0,0.0,816419.0,74.7,59.9,60.0,0.0,23539.0,341.0,74804.0,810905.0,0.0,1.0,0.0,0.0,0.0,272.4,272.6,273.4,0.979,272.0,0.748,272.0,0.921,273.0,0.0149999999999999,13.68,2.0,3.0,0.0,20.74,0.0,7.0120000000000005,21.78,0.0,-0.02,-0.013,0.395,-0.034,0.215,0.0,32.14,18.85,18.79,18.69,18.57,18.2,18.56,18.49,19.08,18.48,0.009,0.01,0.01,0.01,0.012,0.011,0.0139999999999999,930.0,945.0,935.0,929.0,946.0,924.0,815.0,0.0,0.0,0.0,0.0,0.0,0.0,0.0,0.0,6.075,0.0,60.2,0.0,0.0,0.0,0.0,0.0,0.0,0.0,0.0,0.0,0.0,20.71,20.31,0.0,18.56,51.56,32.24,2.0,3.53,-1.0,0.4749999999999999,0.9,4902
2014-09-07 21:09:00,0.0,0.0,0.0,816419.0,74.7,59.9,60.0,0.0,23539.0,341.0,74804.0,810905.0,0.0,1.0,0.0,0.0,0.0,272.3,272.6,273.5,0.979,272.0,0.748,272.0,0.921,273.0,0.0149999999999999,13.68,2.0,3.0,0.0,20.73,0.0,7.005,21.78,0.0,-0.024,-0.013,0.396,-0.0379999999999999,0.215,0.0,32.07,18.82,18.79,18.62,18.56,18.2,18.5,18.49,19.0,18.45,0.009,0.01,0.01,0.01,0.012,0.011,0.0139999999999999,930.0,945.0,935.0,929.0,946.0,924.0,815.0,0.0,0.0,0.0,0.0,0.0,0.0,0.0,0.0,6.075,0.0,60.22,0.0,0.0,0.0,0.0,0.0,0.0,0.0,0.0,0.0,0.0,20.7,20.3,0.0,18.52,49.7,7.801,2.0,3.53,-1.0,0.988,1.5,4902
2014-09-07 21:10:00,0.0,0.0,0.0,816419.0,74.7,59.9,60.0,0.0,23539.0,341.0,74804.0,810905.0,0.0,1.0,0.0,0.0,0.0,272.6,272.7,273.6,0.979,272.4,0.748,272.7,0.921,273.6,0.0149999999999999,13.68,2.0,3.0,0.0,20.72,0.0,6.995,21.79,0.0,-0.027,-0.013,0.3979999999999999,-0.0379999999999999,0.215,0.0,32.07,18.8,18.79,18.64,18.58,18.17,18.5,18.47,19.0,18.43,0.009,0.01,0.01,0.009,0.011,0.011,0.0139999999999999,930.0,945.0,935.0,929.0,946.0,924.0,815.0,0.0,0.0,0.0,0.0,0.0,0.0,0.0,0.0,6.075,0.0,60.21,0.0,0.0,0.0,0.0,0.0,0.0,0.0,0.0,0.0,0.0,20.7,20.3,0.0,18.52,29.77,19.68,2.0,3.53,-1.0,0.508,0.8,4902
2014-09-07 21:11:00,0.0,0.0,0.0,816419.0,74.7,59.9,60.0,0.0,23539.0,341.0,74804.0,810905.0,0.0,1.0,0.0,0.0,0.0,272.7,272.8,273.6,0.979,272.8,0.748,272.8,0.921,273.9,0.0149999999999999,13.68,2.0,3.0,0.0,20.71,0.0,6.96,21.79,0.0,-0.027,-0.013,0.4,-0.0379999999999999,0.214,0.0,32.06,18.77,18.75,18.59,18.51,18.1,18.47,18.41,18.98,18.42,0.009,0.01,0.01,0.009,0.012,0.011,0.0139999999999999,930.0,945.0,935.0,929.0,946.0,924.0,815.0,0.0,0.0,0.0,0.0,0.0,0.0,0.0,0.0,6.075,0.0,60.21,0.0,0.0,0.0,0.0,0.0,0.0,0.0,0.0,0.0,0.0,20.68,20.29,0.0,18.5,29.14,31.9,2.0,3.527,-1.0,0.375,0.5999999999999999,4902
2014-09-07 21:12:00,0.0,0.0,0.0,816419.0,74.7,59.9,60.0,0.0,23539.0,341.0,74804.0,810905.0,0.0,1.0,0.0,0.0,0.0,271.9,272.1,272.9,0.979,272.1,0.748,272.2,0.921,273.2,0.0149999999999999,13.68,2.0,3.0,0.0,20.69,0.0,6.8660000000000005,21.79,0.0,-0.027,-0.0139999999999999,0.3979999999999999,-0.036,0.215,0.0,32.04,18.77,18.69,18.58,18.49,18.1,18.4,18.38,18.95,18.42,0.009,0.01,0.01,0.009,0.011,0.011,0.0139999999999999,930.0,945.0,935.0,929.0,946.0,924.0,815.0,0.0,0.0,0.0,0.0,0.0,0.0,0.0,0.0,6.075,0.0,60.21,0.0,0.0,0.0,0.0,0.0,0.0,0.0,0.0,0.0,0.0,20.72,20.34,0.0,18.52,22.42,63.26,2.0,3.527,-1.0,0.373,0.9,4902
2014-09-07 21:13:00,0.0,0.0,0.0,816419.0,74.7,59.9,60.0,0.0,23539.0,341.0,74804.0,810905.0,0.0,1.0,0.0,0.0,0.0,271.7,272.0,272.9,0.979,272.0,0.748,272.0,0.921,273.0,0.0139999999999999,13.68,2.0,3.0,0.0,20.69,0.0,6.768,21.78,0.0,-0.027,-0.0149999999999999,0.397,-0.037,0.215,0.0,31.98,18.7,18.69,18.49,18.44,18.1,18.4,18.3,18.88,18.35,0.009,0.01,0.01,0.009,0.012,0.011,0.0139999999999999,930.0,945.0,935.0,929.0,946.0,924.0,815.0,0.0,0.0,0.0,0.0,0.0,0.0,0.0,0.0,6.064,0.0,60.22,0.0,0.0,0.0,0.0,0.0,0.0,0.0,0.0,0.0,0.0,20.7,20.28,0.0,18.43,49.37,41.38,2.0,3.527,-1.0,0.457,0.9,4902
2014-09-07 21:14:00,0.0,0.0,0.0,816419.0,74.7,59.9,60.0,0.0,23539.0,341.0,74804.0,810905.0,0.0,1.0,0.0,0.0,0.0,271.8,272.2,273.1,0.979,272.0,0.748,272.0,0.921,273.0,0.0139999999999999,13.68,2.0,3.0,0.0,20.69,0.0,6.738,21.78,0.0,-0.027,-0.0149999999999999,0.3979999999999999,-0.0379999999999999,0.215,0.0,31.96,18.67,18.69,18.49,18.45,18.06,18.4,18.3,18.88,18.38,0.009,0.01,0.009,0.009,0.011,0.011,0.0139999999999999,930.0,945.0,935.0,929.0,946.0,924.0,815.0,0.0,0.0,0.0,0.0,0.0,0.0,0.0,0.0,6.061,0.0,60.21,0.0,0.0,0.0,0.0,0.0,0.0,0.0,0.0,0.0,0.0,20.67,20.26,0.0,18.4,356.8,59.14,2.0,3.528,-1.0,0.2129999999999999,0.5,4902
2014-09-07 21:15:00,0.0,0.0,0.0,816419.0,74.7,59.9,60.0,0.0,23539.0,341.0,74804.0,810905.0,0.0,1.0,0.0,0.0,0.0,271.8,272.2,273.1,0.979,272.0,0.748,272.0,0.921,273.0,0.0139999999999999,13.68,2.0,3.0,0.0,20.68,0.0,6.569,21.79,0.0,-0.027,-0.016,0.4,-0.0379999999999999,0.215,0.0,31.88,18.67,18.69,18.49,18.4,18.0,18.42,18.3,18.88,18.32,0.009,0.01,0.01,0.009,0.011,0.011,0.0139999999999999,930.0,945.0,935.0,929.0,946.0,924.0,815.0,0.0,0.0,0.0,0.0,0.0,0.0,0.0,0.0,5.817,0.0,60.22,0.0,0.0,0.0,0.0,0.0,0.0,0.0,0.0,0.0,0.0,20.71,20.34,0.0,18.4,49.45,13.03,2.0,3.531,-1.0,0.565,0.8,4902
2014-09-07 21:16:00,0.0,0.0,0.0,816419.0,74.7,59.9,60.0,0.0,23539.0,341.0,74804.0,810905.0,0.0,1.0,0.0,0.0,0.0,272.0,272.3,273.1,0.979,272.0,0.748,272.0,0.921,273.0,0.0139999999999999,13.68,2.0,3.0,0.0,20.66,0.0,6.476,21.78,0.0,-0.027,-0.016,0.401,-0.037,0.215,0.0,31.88,18.67,18.65,18.49,18.4,18.0,18.38,18.26,18.88,18.32,0.009,0.01,0.009,0.009,0.011,0.011,0.0139999999999999,930.0,945.0,935.0,929.0,946.0,924.0,815.0,0.0,0.0,0.0,0.0,0.0,0.0,0.0,0.0,5.805,0.0,60.21,0.0,0.0,0.0,0.0,0.0,0.0,0.0,0.0,0.0,0.0,20.72,20.33,0.0,18.4,61.28,19.68,2.0,3.53,-1.0,0.5829999999999999,0.8,4902
2014-09-07 21:17:00,0.0,0.0,0.0,816419.0,74.7,59.9,60.0,0.0,23539.0,341.0,74804.0,810905.0,0.0,1.0,0.0,0.0,0.0,272.1,272.3,273.2,0.979,272.0,0.748,272.0,0.921,273.0,0.0149999999999999,13.68,2.0,3.0,0.0,20.66,0.0,6.455,21.78,0.0,-0.027,-0.017,0.402,-0.0379999999999999,0.215,0.0,31.88,18.61,18.59,18.41,18.31,17.94,18.3,18.2,18.79,18.25,0.008,0.01,0.009,0.009,0.011,0.011,0.0139999999999999,930.0,945.0,935.0,929.0,946.0,924.0,815.0,0.0,0.0,0.0,0.0,0.0,0.0,0.0,0.0,5.805,0.0,60.22,0.0,0.0,0.0,0.0,0.0,0.0,0.0,0.0,0.0,0.0,20.69,20.27,0.0,18.34,61.69,13.69,2.0,3.53,-1.0,0.7979999999999999,1.0,4902
2014-09-07 21:18:00,0.0,0.0,0.0,816419.0,74.7,59.9,60.0,0.0,23539.0,341.0,74804.0,810905.0,0.0,1.0,0.0,0.0,0.0,272.3,272.2,273.1,0.979,272.0,0.748,272.0,0.921,273.0,0.0139999999999999,13.69,2.0,3.0,0.0,20.65,0.0,6.452000000000001,21.78,0.0,-0.027,-0.016,0.4029999999999999,-0.0379999999999999,0.215,0.0,31.85,18.58,18.59,18.4,18.3,17.91,18.32,18.19,18.79,18.25,0.009,0.01,0.01,0.009,0.011,0.01,0.0139999999999999,930.0,945.0,935.0,929.0,946.0,924.0,815.0,0.0,0.0,0.0,0.0,0.0,0.0,0.0,0.0,5.805,0.0,60.23,0.0,0.0,0.0,0.0,0.0,0.0,0.0,0.0,0.0,0.0,20.63,20.2,0.0,18.31,16.3,33.75,2.0,3.528,-1.0,0.582,1.1,4902
2014-09-07 21:19:00,0.0,0.0,0.0,816419.0,74.7,59.9,60.0,0.0,23539.0,341.0,74804.0,810905.0,0.0,1.0,0.0,0.0,0.0,272.3,272.5,273.3,0.979,272.0,0.748,272.0,0.921,273.0,0.0139999999999999,13.68,2.0,3.0,0.0,20.64,0.0,6.46,21.79,0.0,-0.027,-0.0139999999999999,0.4029999999999999,-0.037,0.215,0.0,31.78,18.58,18.59,18.4,18.3,17.91,18.28,18.15,18.77,18.22,0.009,0.01,0.009,0.009,0.011,0.011,0.0139999999999999,930.0,945.0,935.0,929.0,946.0,924.0,815.0,0.0,0.0,0.0,0.0,0.0,0.0,0.0,0.0,5.805,0.0,60.22,0.0,0.0,0.0,0.0,0.0,0.0,0.0,0.0,0.0,0.0,20.62,20.19,0.0,18.3,38.24,65.83,2.0,3.528,-1.0,0.525,1.0,4902
2014-09-07 21:20:00,0.0,0.0,0.0,816419.0,74.7,59.9,60.0,0.0,23539.0,341.0,74804.0,810905.0,0.0,1.0,0.0,0.0,0.0,272.6,272.5,273.3,0.979,272.0,0.748,272.0,0.921,273.0,0.0139999999999999,13.68,2.0,3.0,0.0,20.64,0.0,6.509,21.78,0.0,-0.027,-0.013,0.4039999999999999,-0.037,0.215,0.0,31.78,18.58,18.6,18.4,18.3,17.95,18.26,18.19,18.77,18.22,0.009,0.01,0.009,0.009,0.011,0.011,0.0139999999999999,930.0,945.0,935.0,929.0,946.0,924.0,815.0,0.0,0.0,0.0,0.0,0.0,0.0,0.0,0.0,5.805,0.0,60.22,0.0,0.0,0.0,0.0,0.0,0.0,0.0,0.0,0.0,0.0,20.65,20.26,0.0,18.33,40.99,17.73,2.0,3.527,-1.0,0.7829999999999999,1.3,4902
2014-09-07 21:21:00,0.0,0.0,0.0,816419.0,74.7,59.9,60.0,0.0,23539.0,341.0,74804.0,810905.0,0.0,1.0,0.0,0.0,0.0,272.7,272.7,273.5,0.979,272.4,0.748,272.3,0.921,273.4,0.0139999999999999,13.68,2.0,3.0,0.0,20.64,0.0,6.656000000000001,21.79,0.0,-0.027,-0.013,0.4039999999999999,-0.0379999999999999,0.215,0.0,31.76,18.58,18.59,18.4,18.3,17.98,18.24,18.17,18.79,18.22,0.009,0.009,0.009,0.009,0.011,0.01,0.013,930.0,945.0,935.0,929.0,946.0,924.0,815.0,0.0,0.0,0.0,0.0,0.0,0.0,0.0,0.0,5.977,0.0,60.22,0.0,0.0,0.0,0.0,0.0,0.0,0.0,0.0,0.0,0.0,20.66,20.24,0.0,18.28,45.59,47.77,2.0,3.528,-1.0,0.4849999999999999,1.0,4902
2014-09-07 21:22:00,0.0,0.0,0.0,816419.0,74.7,59.9,60.0,0.0,23539.0,341.0,74804.0,810905.0,0.0,1.0,0.0,0.0,0.0,272.7,272.7,273.6,0.979,272.6,0.748,272.5,0.921,273.5,0.0139999999999999,13.68,2.0,3.0,0.0,20.62,0.0,6.919,21.79,0.0,-0.023,-0.013,0.405,-0.037,0.214,0.0,31.73,18.58,18.59,18.4,18.3,17.99,18.24,18.13,18.75,18.22,0.009,0.01,0.009,0.009,0.011,0.01,0.013,930.0,945.0,935.0,929.0,946.0,924.0,815.0,0.0,0.0,0.0,0.0,0.0,0.0,0.0,0.0,6.072,0.0,60.22,0.0,0.0,0.0,0.0,0.0,0.0,0.0,0.0,0.0,0.0,20.66,20.26,0.0,18.29,47.26,6.853,2.0,3.527,-1.0,0.8449999999999999,1.2,4902
2014-09-07 21:23:00,0.0,0.0,0.0,816419.0,74.7,59.9,60.0,0.0,23539.0,341.0,74804.0,810905.0,0.0,1.0,0.0,0.0,0.0,272.9,272.9,273.7,0.979,273.0,0.748,273.0,0.921,274.0,0.0139999999999999,13.68,2.0,3.0,0.0,20.61,0.0,7.002000000000001,21.79,0.0,-0.022,-0.013,0.405,-0.0379999999999999,0.215,0.0,31.68,18.58,18.59,18.3,18.3,17.99,18.21,18.1,18.69,18.22,0.009,0.01,0.009,0.009,0.011,0.01,0.013,930.0,945.0,935.0,929.0,946.0,924.0,815.0,0.0,0.0,0.0,0.0,0.0,0.0,0.0,0.0,6.075,0.0,60.21,0.0,0.0,0.0,0.0,0.0,0.0,0.0,0.0,0.0,0.0,20.63,20.25,0.0,18.32,42.23,12.2,2.0,3.528,-1.0,0.762,1.2,4902
2014-09-07 21:24:00,0.0,0.0,0.0,816419.0,74.7,59.9,60.0,0.0,23539.0,341.0,74804.0,810905.0,0.0,1.0,0.0,0.0,0.0,272.7,273.1,273.9,0.979,273.0,0.748,273.0,0.921,274.0,0.0139999999999999,13.68,2.0,3.0,0.0,20.61,0.0,7.041,21.79,0.0,-0.023,-0.013,0.405,-0.0379999999999999,0.214,0.0,31.68,18.59,18.59,18.3,18.28,17.94,18.21,18.1,18.71,18.22,0.008,0.009,0.009,0.009,0.011,0.01,0.013,930.0,945.0,935.0,929.0,946.0,924.0,815.0,0.0,0.0,0.0,0.0,0.0,0.0,0.0,0.0,6.129,0.0,60.22,0.0,0.0,0.0,0.0,0.0,0.0,0.0,0.0,0.0,0.0,20.61,20.21,0.0,18.36,31.55,33.49,2.0,3.528,-1.0,1.473,2.9,4902
2014-09-07 21:25:00,0.0,0.0,0.0,816419.0,74.7,59.9,60.0,0.0,23539.0,341.0,74804.0,810905.0,0.0,1.0,0.0,0.0,0.0,272.9,273.2,274.0,0.979,273.0,0.748,273.0,0.921,274.0,0.0139999999999999,13.68,2.0,3.0,0.0,20.58,0.0,7.097,21.79,0.0,-0.02,-0.013,0.406,-0.0379999999999999,0.214,0.0,31.68,18.67,18.67,18.45,18.38,18.0,18.3,18.25,18.85,18.32,0.008,0.01,0.009,0.009,0.011,0.01,0.013,930.0,945.0,935.0,929.0,946.0,924.0,815.0,0.0,0.0,0.0,0.0,0.0,0.0,0.0,0.0,6.335,0.0,60.21,0.0,0.0,0.0,0.0,0.0,0.0,0.0,0.0,0.0,0.0,20.69,20.34,0.0,18.52,16.93,45.67,2.0,3.53,-1.0,0.8529999999999999,1.5,4902
2014-09-07 21:26:00,0.0,0.0,0.0,816419.0,74.7,59.9,60.0,0.0,23539.0,341.0,74804.0,810905.0,0.0,1.0,0.0,0.0,0.0,273.3,273.2,273.9,0.979,273.0,0.748,273.0,0.921,274.0,0.0139999999999999,13.68,2.0,3.0,0.0,20.58,0.0,7.162000000000001,21.78,0.0,-0.02,-0.013,0.406,-0.0379999999999999,0.214,0.0,31.6,18.74,18.69,18.48,18.43,18.04,18.35,18.28,18.92,18.37,0.008,0.009,0.009,0.009,0.011,0.01,0.013,930.0,945.0,935.0,929.0,946.0,924.0,815.0,0.0,0.0,0.0,0.0,0.0,0.0,0.0,0.0,6.345,0.0,60.21,0.0,0.0,0.0,0.0,0.0,0.0,0.0,0.0,0.0,0.0,20.77,20.42,0.0,18.55,34.95,20.55,2.0,3.527,-1.0,1.3630000000000002,2.0,4902
2014-09-07 21:27:00,0.0,0.0,0.0,816419.0,74.7,59.9,60.0,0.0,23539.0,341.0,74804.0,810905.0,0.0,1.0,0.0,0.0,0.0,273.0,273.3,274.1,0.979,273.0,0.748,273.0,0.921,274.0,0.0139999999999999,13.68,2.0,3.0,0.0,20.58,0.0,7.245,21.78,0.0,-0.02,-0.013,0.406,-0.0379999999999999,0.215,0.0,31.58,18.76,18.69,18.49,18.4,18.09,18.39,18.3,18.92,18.42,0.008,0.009,0.009,0.009,0.011,0.01,0.013,930.0,945.0,935.0,929.0,946.0,924.0,815.0,0.0,0.0,0.0,0.0,0.0,0.0,0.0,0.0,6.345,0.0,60.23,0.0,0.0,0.0,0.0,0.0,0.0,0.0,0.0,0.0,0.0,20.75,20.37,0.0,18.53,30.8,52.63,2.0,3.527,-1.0,0.7349999999999999,1.6,4902
2014-09-07 21:28:00,0.0,0.0,0.0,816419.0,74.7,59.9,60.0,0.0,23539.0,341.0,74804.0,810905.0,0.0,1.0,0.0,0.0,0.0,273.3,273.2,274.0,0.979,273.0,0.748,273.0,0.921,274.0,0.0139999999999999,13.68,2.0,3.0,0.0,20.58,0.0,7.362999999999999,21.79,0.0,-0.02,-0.013,0.4029999999999999,-0.0379999999999999,0.214,0.0,31.6,18.76,18.69,18.49,18.46,18.1,18.4,18.3,18.93,18.42,0.008,0.009,0.009,0.009,0.011,0.01,0.013,930.0,945.0,935.0,929.0,946.0,924.0,815.0,0.0,0.0,0.0,0.0,0.0,0.0,0.0,0.0,6.345,0.0,60.22,0.0,0.0,0.0,0.0,0.0,0.0,0.0,0.0,0.0,0.0,20.78,20.43,0.0,18.6,15.92,14.74,2.0,3.531,-1.0,0.955,1.5,4902
2014-09-07 21:29:00,0.0,0.0,0.0,816419.0,74.7,59.9,60.0,0.0,23539.0,341.0,74804.0,810905.0,0.0,1.0,0.0,0.0,0.0,273.1,273.4,274.3,0.979,273.0,0.748,273.0,0.921,274.0,0.0139999999999999,13.68,2.0,3.0,0.0,20.57,0.0,7.442999999999999,21.79,0.0,-0.02,-0.013,0.401,-0.037,0.214,0.0,31.52,18.87,18.69,18.49,18.46,18.1,18.4,18.3,18.9,18.42,0.008,0.009,0.009,0.009,0.011,0.01,0.013,930.0,945.0,935.0,929.0,946.0,924.0,815.0,0.0,0.0,0.0,0.0,0.0,0.0,0.0,0.0,6.465,0.0,60.22,0.0,0.0,0.0,0.0,0.0,0.0,0.0,0.0,0.0,0.0,20.8,20.44,0.0,18.64,10.15,61.77,2.0,3.531,-1.0,0.4849999999999999,1.1,4902
2014-09-07 21:30:00,0.0,0.0,0.0,816419.0,74.7,59.9,60.0,0.0,23539.0,341.0,74804.0,810905.0,0.0,1.0,0.0,0.0,0.0,273.1,273.6,274.3,0.979,273.0,0.748,273.0,0.921,274.0,0.0139999999999999,13.68,2.0,3.0,0.0,20.56,0.0,7.496,21.79,0.0,-0.02,-0.013,0.402,-0.0379999999999999,0.214,0.0,31.49,18.87,18.69,18.49,18.4,18.05,18.4,18.3,18.88,18.42,0.008,0.009,0.009,0.009,0.011,0.01,0.013,930.0,945.0,935.0,929.0,946.0,924.0,815.0,0.0,0.0,0.0,0.0,0.0,0.0,0.0,0.0,6.605,0.0,60.22,0.0,0.0,0.0,0.0,0.0,0.0,0.0,0.0,0.0,0.0,20.77,20.41,0.0,18.64,12.6,21.99,2.0,3.53,-1.0,0.933,1.4,4902
2014-09-07 21:31:00,0.0,0.0,0.0,816419.0,74.7,59.9,60.0,0.0,23539.0,341.0,74804.0,810905.0,0.0,1.0,0.0,0.0,0.0,273.4,273.5,274.3,0.979,273.0,0.748,273.0,0.921,274.0,0.0139999999999999,13.68,2.0,3.0,0.0,20.56,0.0,7.569,21.79,0.0,-0.02,-0.013,0.4029999999999999,-0.037,0.214,0.0,31.49,18.84,18.69,18.49,18.4,18.02,18.39,18.3,18.88,18.42,0.008,0.009,0.009,0.009,0.011,0.01,0.013,930.0,945.0,935.0,929.0,946.0,924.0,815.0,0.0,0.0,0.0,0.0,0.0,0.0,0.0,0.0,6.614,0.0,60.22,0.0,0.0,0.0,0.0,0.0,0.0,0.0,0.0,0.0,0.0,20.75,20.36,0.0,18.6,20.31,26.88,2.0,3.527,-1.0,0.937,1.5,4902
2014-09-07 21:32:00,0.0,0.0,0.0,816419.0,74.7,59.9,60.0,0.0,23539.0,341.0,74804.0,810905.0,0.0,1.0,0.0,0.0,0.0,273.3,273.6,274.3,0.979,273.0,0.748,273.0,0.921,274.0,0.0139999999999999,13.68,2.0,3.0,0.0,20.56,0.0,7.585,21.78,0.0,-0.02,-0.013,0.4039999999999999,-0.037,0.215,0.0,31.49,18.82,18.69,18.47,18.4,18.07,18.42,18.3,18.88,18.42,0.008,0.009,0.009,0.009,0.011,0.01,0.013,930.0,945.0,935.0,929.0,946.0,924.0,815.0,0.0,0.0,0.0,0.0,0.0,0.0,0.0,0.0,6.615,0.0,60.21,0.0,0.0,0.0,0.0,0.0,0.0,0.0,0.0,0.0,0.0,20.78,20.44,0.0,18.62,16.48,34.71,2.0,3.527,-1.0,0.7349999999999999,1.2,4902
2014-09-07 21:33:00,0.0,0.0,0.0,816419.0,74.7,59.9,60.0,0.0,23539.0,341.0,74804.0,810905.0,0.0,1.0,0.0,0.0,0.0,273.2,273.4,274.2,0.979,273.0,0.748,273.0,0.921,274.0,0.0139999999999999,13.68,2.0,3.0,0.0,20.54,0.0,7.611,21.79,0.0,-0.02,-0.013,0.4039999999999999,-0.0379999999999999,0.214,0.0,31.39,18.9,18.69,18.4,18.34,18.0,18.32,18.26,18.82,18.42,0.008,0.009,0.009,0.009,0.011,0.01,0.013,930.0,945.0,935.0,929.0,946.0,924.0,815.0,0.0,0.0,0.0,0.0,0.0,0.0,0.0,0.0,6.615,0.0,60.22,0.0,0.0,0.0,0.0,0.0,0.0,0.0,0.0,0.0,0.0,20.82,20.48,0.0,18.77,15.02,59.29,2.0,3.531,-1.0,0.482,1.0,4902
2014-09-07 21:34:00,0.0,0.0,0.0,816419.0,74.7,59.9,60.0,0.0,23539.0,341.0,74804.0,810905.0,0.0,1.0,0.0,0.0,0.0,272.7,272.9,273.6,0.979,273.0,0.748,272.9,0.921,273.6,0.0139999999999999,13.68,2.0,3.0,0.0,20.53,0.0,7.582999999999998,21.79,0.0,-0.02,-0.013,0.405,-0.037,0.214,0.0,31.39,18.87,18.69,18.4,18.32,18.04,18.3,18.26,18.82,18.4,0.008,0.009,0.009,0.009,0.011,0.01,0.013,930.0,945.0,935.0,929.0,946.0,924.0,815.0,0.0,0.0,0.0,0.0,0.0,0.0,0.0,0.0,6.615,0.0,60.22,0.0,0.0,0.0,0.0,0.0,0.0,0.0,0.0,0.0,0.0,20.77,20.42,0.0,18.73,1.683,20.88,2.0,3.53,-1.0,0.8579999999999999,1.5,4902
2014-09-07 21:35:00,0.0,0.0,0.0,816419.0,74.7,59.9,60.0,0.0,23539.0,341.0,74804.0,810905.0,0.0,1.0,0.0,0.0,0.0,272.8,272.8,273.5,0.979,273.0,0.748,272.8,0.921,273.2,0.0139999999999999,13.68,2.0,3.0,0.0,20.53,0.0,7.606,21.79,0.0,-0.02,-0.013,0.405,-0.037,0.214,0.0,31.31,18.93,18.69,18.44,18.33,18.0,18.34,18.3,18.83,18.42,0.008,0.009,0.009,0.009,0.011,0.01,0.013,930.0,945.0,935.0,929.0,946.0,924.0,815.0,0.0,0.0,0.0,0.0,0.0,0.0,0.0,0.0,6.615,0.0,60.22,0.0,0.0,0.0,0.0,0.0,0.0,0.0,0.0,0.0,0.0,20.82,20.48,0.0,18.77,36.54,39.56,2.0,3.53,-1.0,0.523,0.8,4902
2014-09-07 21:36:00,0.0,0.0,0.0,816419.0,74.7,59.9,60.0,0.0,23539.0,341.0,74804.0,810905.0,0.0,1.0,0.0,0.0,0.0,272.9,272.9,273.6,0.979,273.0,0.748,273.0,0.921,273.7,0.0139999999999999,13.69,2.0,3.0,0.0,20.53,0.0,7.627999999999998,21.79,0.0,-0.02,-0.013,0.405,-0.0379999999999999,0.214,0.0,31.29,18.97,18.69,18.4,18.3,18.0,18.34,18.2,18.74,18.35,0.008,0.009,0.009,0.009,0.011,0.01,0.013,930.0,945.0,935.0,929.0,946.0,924.0,815.0,0.0,0.0,0.0,0.0,0.0,0.0,0.0,0.0,6.615,0.0,60.21,0.0,0.0,0.0,0.0,0.0,0.0,0.0,0.0,0.0,0.0,20.81,20.46,0.0,18.76,42.53,12.24,2.0,3.53,-1.0,0.7269999999999999,1.1,4902
2014-09-07 21:37:00,0.0,0.0,0.0,816419.0,74.7,59.9,60.0,0.0,23539.0,341.0,74804.0,810905.0,0.0,1.0,0.0,0.0,0.0,273.0,273.0,273.7,0.979,273.0,0.748,273.0,0.921,274.0,0.0139999999999999,13.68,2.0,3.0,0.0,20.53,0.0,7.666,21.78,0.0,-0.02,-0.013,0.406,-0.0379999999999999,0.214,0.0,31.33,18.87,18.69,18.35,18.3,17.94,18.27,18.17,18.69,18.32,0.008,0.009,0.009,0.009,0.011,0.01,0.013,930.0,945.0,935.0,929.0,946.0,924.0,815.0,0.0,0.0,0.0,0.0,0.0,0.0,0.0,0.0,6.718,0.0,60.23,0.0,0.0,0.0,0.0,0.0,0.0,0.0,0.0,0.0,0.0,20.74,20.33,0.0,18.65,52.84,10.58,2.0,3.527,-1.0,0.6829999999999999,1.1,4902
2014-09-07 21:38:00,0.0,0.0,0.0,816419.0,74.7,59.9,60.02,0.0,23539.0,341.0,74804.0,810905.0,0.0,1.0,0.0,0.0,0.0,273.2,273.3,273.9,0.979,273.0,0.748,273.0,0.921,274.0,0.0139999999999999,13.68,2.0,3.0,0.0,20.51,0.0,7.6389999999999985,21.78,0.0,-0.022,-0.013,0.406,-0.036,0.215,0.0,31.28,18.84,18.59,18.3,18.3,17.91,18.23,18.2,18.69,18.22,0.008,0.009,0.009,0.009,0.011,0.01,0.013,930.0,945.0,935.0,929.0,946.0,924.0,815.0,0.0,0.0,0.0,0.0,0.0,0.0,0.0,0.0,6.615,0.0,60.21,0.0,0.0,0.0,0.0,0.0,0.0,0.0,0.0,0.0,0.0,20.65,20.23,0.0,18.59,46.41,36.46,2.0,3.528,-1.0,0.792,1.3,4902
2014-09-07 21:39:00,0.0,0.0,0.0,816419.0,74.7,59.9,60.0,0.0,23539.0,341.0,74804.0,810905.0,0.0,1.0,0.0,0.0,0.0,273.1,273.3,274.0,0.979,273.0,0.748,273.0,0.921,274.0,0.0139999999999999,13.68,2.0,3.0,0.0,20.5,0.0,7.672999999999998,21.79,0.0,-0.026,-0.013,0.406,-0.037,0.215,0.0,31.19,18.77,18.59,18.3,18.28,17.91,18.22,18.13,18.69,18.22,0.008,0.009,0.009,0.009,0.011,0.01,0.013,930.0,945.0,935.0,929.0,946.0,924.0,815.0,0.0,0.0,0.0,0.0,0.0,0.0,0.0,0.0,6.7410000000000005,0.0,60.21,0.0,0.0,0.0,0.0,0.0,0.0,0.0,0.0,0.0,0.0,20.59,20.19,0.0,18.53,22.79,34.12,2.0,3.527,-1.0,0.525,1.0,4902
2014-09-07 21:40:00,0.0,0.0,0.0,816419.0,74.7,59.9,60.05,0.0,23539.0,341.0,74804.0,810905.0,0.0,1.0,0.0,0.0,0.0,273.0,273.3,273.9,0.979,273.0,0.748,273.0,0.921,274.0,0.0139999999999999,13.68,2.0,3.0,0.0,20.5,0.0,7.6389999999999985,21.79,0.0,-0.027,-0.0139999999999999,0.406,-0.0379999999999999,0.214,0.0,31.19,18.77,18.59,18.3,18.2,17.87,18.21,18.1,18.6,18.22,0.008,0.009,0.009,0.009,0.01,0.01,0.013,930.0,945.0,935.0,929.0,946.0,924.0,815.0,0.0,0.0,0.0,0.0,0.0,0.0,0.0,0.0,6.615,0.0,60.21,0.0,0.0,0.0,0.0,0.0,0.0,0.0,0.0,0.0,0.0,20.6,20.22,0.0,18.54,43.58,27.19,2.0,3.528,-1.0,0.6629999999999999,1.0,4902
2014-09-07 21:41:00,0.0,0.0,0.0,816419.0,74.7,59.9,60.0,0.0,23539.0,341.0,74804.0,810905.0,0.0,1.0,0.0,0.0,0.0,272.9,273.0,273.8,0.979,273.0,0.748,273.0,0.921,274.0,0.0139999999999999,13.68,2.0,3.0,0.0,20.5,0.0,7.639999999999999,21.79,0.0,-0.027,-0.017,0.406,-0.033,0.214,0.0,31.15,18.72,18.59,18.26,18.2,17.81,18.12,18.06,18.59,18.22,0.008,0.009,0.009,0.009,0.011,0.01,0.013,930.0,945.0,935.0,929.0,946.0,924.0,815.0,0.0,0.0,0.0,0.0,0.0,0.0,0.0,0.0,6.615,0.0,60.22,0.0,0.0,0.0,0.0,0.0,0.0,0.0,0.0,0.0,0.0,20.58,20.17,0.0,18.49,30.76,36.44,2.0,3.53,-1.0,0.655,1.0,4902
2014-09-07 21:42:00,0.0,0.0,0.0,816419.0,74.7,59.9,60.0,0.0,23539.0,341.0,74804.0,810905.0,0.0,1.0,0.0,0.0,0.0,272.7,272.9,273.6,0.979,272.9,0.748,273.0,0.921,273.4,0.0139999999999999,13.68,2.0,3.0,0.0,20.48,0.0,7.638,21.79,0.0,-0.027,-0.018,0.406,-0.037,0.215,0.0,31.13,18.67,18.59,18.22,18.18,17.74,18.19,18.07,18.59,18.22,0.008,0.009,0.009,0.009,0.011,0.01,0.013,930.0,945.0,935.0,929.0,946.0,924.0,815.0,0.0,0.0,0.0,0.0,0.0,0.0,0.0,0.0,6.615,0.0,60.21,0.0,0.0,0.0,0.0,0.0,0.0,0.0,0.0,0.0,0.0,20.53,20.12,0.0,18.42,358.7,23.22,2.0,3.531,-1.0,0.8669999999999999,1.3,4902
2014-09-07 21:43:00,0.0,0.0,0.0,816419.0,74.7,59.9,60.0,0.0,23539.0,341.0,74804.0,810905.0,0.0,1.0,0.0,0.0,0.0,272.6,273.1,273.7,0.979,273.0,0.748,273.0,0.921,273.8,0.0139999999999999,13.68,2.0,3.0,0.0,20.48,0.0,7.63,21.79,0.0,-0.027,-0.017,0.406,-0.0379999999999999,0.215,0.0,31.14,18.67,18.59,18.26,18.15,17.74,18.14,18.1,18.59,18.22,0.008,0.009,0.009,0.009,0.011,0.01,0.013,930.0,945.0,935.0,929.0,946.0,924.0,815.0,0.0,0.0,0.0,0.0,0.0,0.0,0.0,0.0,6.615,0.0,60.22,0.0,0.0,0.0,0.0,0.0,0.0,0.0,0.0,0.0,0.0,20.57,20.23,0.0,18.47,359.7,23.13,2.0,3.531,-1.0,0.53,0.9,4902
2014-09-07 21:44:00,0.0,0.0,0.0,816419.0,74.7,59.9,60.0,0.0,23539.0,341.0,74804.0,810905.0,0.0,1.0,0.0,0.0,0.0,272.9,273.2,273.8,0.979,273.0,0.748,273.0,0.921,274.0,0.0139999999999999,13.68,2.0,3.0,0.0,20.48,0.0,7.5939999999999985,21.79,0.0,-0.027,-0.0149999999999999,0.407,-0.0379999999999999,0.215,0.0,31.09,18.77,18.58,18.2,18.17,17.79,18.13,18.06,18.59,18.22,0.008,0.009,0.008,0.008,0.01,0.01,0.013,930.0,945.0,935.0,929.0,946.0,924.0,815.0,0.0,0.0,0.0,0.0,0.0,0.0,0.0,0.0,6.615,0.0,60.21,0.0,0.0,0.0,0.0,0.0,0.0,0.0,0.0,0.0,0.0,20.67,20.35,0.0,18.6,356.4,31.34,2.0,3.53,-1.0,0.547,0.9,4902
2014-09-07 21:45:00,0.0,0.0,0.0,816419.0,74.7,59.9,60.0,0.0,23539.0,341.0,74804.0,810905.0,0.0,1.0,0.0,0.0,0.0,272.9,273.2,273.9,0.979,273.0,0.748,273.0,0.921,274.0,0.0139999999999999,13.69,2.0,3.0,0.0,20.48,0.0,7.554999999999999,21.79,0.0,-0.027,-0.0139999999999999,0.407,-0.0379999999999999,0.215,0.0,31.03,18.77,18.54,18.2,18.1,17.78,18.09,18.0,18.59,18.19,0.008,0.009,0.009,0.009,0.011,0.01,0.013,930.0,945.0,935.0,929.0,946.0,924.0,815.0,0.0,0.0,0.0,0.0,0.0,0.0,0.0,0.0,6.565,0.0,60.21,0.0,0.0,0.0,0.0,0.0,0.0,0.0,0.0,0.0,0.0,20.68,20.34,0.0,18.6,347.1,36.49,2.0,3.528,-1.0,0.762,1.3,4902
2014-09-07 21:46:00,0.0,0.0,0.0,816419.0,74.7,59.9,60.0,0.0,23539.0,341.0,74804.0,810905.0,0.0,1.0,0.0,0.0,0.0,272.6,273.0,273.7,0.979,273.0,0.748,273.0,0.921,273.8,0.0139999999999999,13.68,2.0,3.0,0.0,20.45,0.0,7.366,21.79,0.0,-0.027,-0.013,0.407,-0.037,0.215,0.0,31.02,18.77,18.59,18.27,18.1,17.71,18.17,18.0,18.58,18.22,0.008,0.009,0.009,0.008,0.01,0.01,0.013,930.0,945.0,935.0,929.0,946.0,924.0,815.0,0.0,0.0,0.0,0.0,0.0,0.0,0.0,0.0,6.39,0.0,60.21,0.0,0.0,0.0,0.0,0.0,0.0,0.0,0.0,0.0,0.0,20.71,20.36,0.0,18.59,3.633,15.44,2.0,3.528,-1.0,1.088,1.5,4902
2014-09-07 21:47:00,0.0,0.0,0.0,816419.0,74.7,59.9,60.0,0.0,23539.0,341.0,74804.0,810905.0,0.0,1.0,0.0,0.0,0.0,272.8,272.7,273.5,0.979,272.8,0.748,272.4,0.921,273.1,0.0139999999999999,13.68,2.0,3.0,0.0,20.45,0.0,7.231,21.79,0.0,-0.027,-0.013,0.407,-0.0379999999999999,0.214,0.0,31.03,18.77,18.59,18.3,18.17,17.71,18.17,18.02,18.61,18.22,0.008,0.009,0.009,0.008,0.01,0.01,0.013,930.0,945.0,935.0,929.0,946.0,924.0,815.0,0.0,0.0,0.0,0.0,0.0,0.0,0.0,0.0,6.345,0.0,60.21,0.0,0.0,0.0,0.0,0.0,0.0,0.0,0.0,0.0,0.0,20.72,20.35,0.0,18.56,24.86,15.51,2.0,3.528,-1.0,1.227,2.0,4902
2014-09-07 21:48:00,0.0,0.0,0.0,816419.0,74.7,59.9,60.0,0.0,23539.0,341.0,74804.0,810905.0,0.0,1.0,0.0,0.0,0.0,272.9,272.9,273.7,0.979,273.0,0.748,273.0,0.921,273.9,0.0139999999999999,13.68,2.0,3.0,0.0,20.45,0.0,7.23,21.8,0.0,-0.021,-0.013,0.407,-0.036,0.214,0.0,30.97,18.67,18.57,18.3,18.22,17.79,18.19,18.1,18.66,18.29,0.008,0.009,0.009,0.008,0.01,0.01,0.013,930.0,945.0,935.0,929.0,946.0,924.0,815.0,0.0,0.0,0.0,0.0,0.0,0.0,0.0,0.0,6.345,0.0,60.21,0.0,0.0,0.0,0.0,0.0,0.0,0.0,0.0,0.0,0.0,20.69,20.29,0.0,18.47,3.632,17.97,2.0,3.527,-1.0,1.032,1.5,4902
2014-09-07 21:49:00,0.0,0.0,0.0,816419.0,74.7,59.9,60.0,0.0,23539.0,341.0,74804.0,810905.0,0.0,1.0,0.0,0.0,0.0,273.2,273.0,273.7,0.979,273.0,0.748,273.0,0.921,274.0,0.0139999999999999,13.68,2.0,3.0,0.0,20.44,0.0,7.295,21.79,0.0,-0.02,-0.013,0.407,-0.0379999999999999,0.215,0.0,30.96,18.67,18.59,18.3,18.26,17.81,18.24,18.1,18.69,18.3,0.008,0.009,0.009,0.009,0.01,0.01,0.013,930.0,945.0,935.0,929.0,946.0,924.0,815.0,0.0,0.0,0.0,0.0,0.0,0.0,0.0,0.0,6.345,0.0,60.22,0.0,0.0,0.0,0.0,0.0,0.0,0.0,0.0,0.0,0.0,20.7,20.33,0.0,18.47,33.43,16.62,2.0,3.528,-1.0,0.888,1.2,4902
2014-09-07 21:50:00,0.0,0.0,0.0,816419.0,74.7,59.9,60.0,0.0,23539.0,341.0,74804.0,810905.0,0.0,1.0,0.0,0.0,0.0,272.9,273.2,273.9,0.979,273.0,0.748,273.0,0.921,274.0,0.0139999999999999,13.69,2.0,3.0,0.0,20.42,0.0,7.455,21.8,0.0,-0.02,-0.013,0.407,-0.0379999999999999,0.215,0.0,30.94,18.67,18.59,18.3,18.2,17.81,18.17,18.1,18.64,18.29,0.008,0.009,0.009,0.008,0.01,0.01,0.012,930.0,945.0,935.0,929.0,946.0,924.0,815.0,0.0,0.0,0.0,0.0,0.0,0.0,0.0,0.0,6.417999999999999,0.0,60.23,0.0,0.0,0.0,0.0,0.0,0.0,0.0,0.0,0.0,0.0,20.7,20.32,0.0,18.48,15.14,28.79,2.0,3.526,-1.0,1.063,1.6,4902
2014-09-07 21:51:00,0.0,0.0,0.0,816419.0,74.7,59.9,60.0,0.0,23539.0,341.0,74804.0,810905.0,0.0,1.0,0.0,0.0,0.0,273.1,273.0,273.8,0.979,273.0,0.748,273.0,0.921,274.0,0.0139999999999999,13.68,2.0,3.0,0.0,20.42,0.0,7.588999999999999,21.79,0.0,-0.02,-0.013,0.407,-0.0379999999999999,0.214,0.0,30.85,18.71,18.59,18.3,18.19,17.81,18.16,18.09,18.59,18.22,0.008,0.009,0.008,0.008,0.01,0.01,0.012,930.0,945.0,935.0,929.0,946.0,924.0,815.0,0.0,0.0,0.0,0.0,0.0,0.0,0.0,0.0,6.609,0.0,60.16,0.0,0.0,0.0,0.0,0.0,0.0,0.0,0.0,0.0,0.0,20.71,20.36,0.0,18.5,45.49,15.54,2.0,3.527,-1.0,0.8379999999999999,1.3,4902
2014-09-07 21:52:00,0.0,0.0,0.0,816419.0,74.7,59.9,60.0,0.0,23539.0,341.0,74804.0,810905.0,0.0,1.0,0.0,0.0,0.0,273.2,273.2,273.9,0.979,273.0,0.748,273.0,0.921,274.0,0.0139999999999999,13.68,2.0,3.0,0.0,20.42,0.0,7.623999999999999,21.79,0.0,-0.02,-0.013,0.407,-0.0379999999999999,0.215,0.0,30.84,18.72,18.59,18.25,18.12,17.81,18.13,18.0,18.59,18.22,0.008,0.009,0.008,0.008,0.01,0.009,0.012,930.0,945.0,935.0,929.0,946.0,924.0,815.0,0.0,0.0,0.0,0.0,0.0,0.0,0.0,0.0,6.615,0.0,60.17,0.0,0.0,0.0,0.0,0.0,0.0,0.0,0.0,0.0,0.0,20.66,20.27,0.0,18.5,42.22,21.96,2.0,3.527,-1.0,0.903,1.6,4902
2014-09-07 21:53:00,0.0,0.0,0.0,816419.0,74.7,59.9,60.0,0.0,23539.0,341.0,74804.0,810905.0,0.0,1.0,0.0,0.0,0.0,273.3,273.5,274.2,0.979,273.0,0.748,273.0,0.921,274.0,0.0139999999999999,13.68,2.0,3.0,0.0,20.4,0.0,7.639999999999999,21.79,0.0,-0.02,-0.013,0.407,-0.036,0.214,0.0,30.84,18.67,18.54,18.2,18.1,17.78,18.06,18.0,18.49,18.17,0.008,0.009,0.008,0.008,0.01,0.009,0.012,930.0,945.0,935.0,929.0,946.0,924.0,815.0,0.0,0.0,0.0,0.0,0.0,0.0,0.0,0.0,6.649,0.0,60.15,0.0,0.0,0.0,0.0,0.0,0.0,0.0,0.0,0.0,0.0,20.56,20.15,0.0,18.45,45.84,18.33,2.0,3.527,-1.0,0.7269999999999999,1.1,4902
2014-09-07 21:54:00,0.0,0.0,0.0,816419.0,74.7,59.9,60.0,0.0,23539.0,341.0,74804.0,810905.0,0.0,1.0,0.0,0.0,0.0,273.5,273.5,274.2,0.979,273.0,0.748,273.0,0.921,274.0,0.0139999999999999,13.69,2.0,3.0,0.0,20.4,0.0,8.019999999999998,21.79,0.0,-0.021,-0.013,0.407,-0.0379999999999999,0.214,0.0,30.78,18.64,18.49,18.2,18.1,17.79,18.03,18.0,18.51,18.12,0.008,0.009,0.008,0.008,0.01,0.009,0.012,930.0,945.0,935.0,929.0,946.0,924.0,815.0,0.0,0.0,0.0,0.0,0.0,0.0,0.0,0.0,7.266,0.0,60.23,0.0,0.0,0.0,0.0,0.0,0.0,0.0,0.0,0.0,0.0,20.49,20.1,0.0,18.39,37.48,41.19,2.0,3.528,-1.0,0.7429999999999999,1.5,4902
2014-09-07 21:55:00,0.0,0.0,0.0,816419.0,74.7,59.9,60.0,0.0,23539.0,341.0,74804.0,810905.0,0.0,1.0,0.0,0.0,0.0,273.2,273.6,274.3,0.979,273.0,0.748,273.0,0.921,274.0,0.0139999999999999,13.68,2.0,3.0,0.0,20.4,0.0,7.769,21.79,0.0,-0.022,-0.013,0.407,-0.0379999999999999,0.214,0.0,30.78,18.58,18.49,18.2,18.1,17.77,18.01,17.97,18.49,18.11,0.008,0.009,0.008,0.008,0.01,0.009,0.012,930.0,945.0,935.0,929.0,946.0,924.0,815.0,0.0,0.0,0.0,0.0,0.0,0.0,0.0,0.0,6.976,0.0,60.22,0.0,0.0,0.0,0.0,0.0,0.0,0.0,0.0,0.0,0.0,20.41,20.01,0.0,18.32,26.48,57.79,2.0,3.527,-1.0,0.568,1.2,4902
2014-09-07 21:56:00,0.0,0.0,0.0,816419.0,74.7,59.9,60.0,0.0,23539.0,341.0,74804.0,810905.0,0.0,1.0,0.0,0.0,0.0,273.3,273.4,274.1,0.979,273.0,0.748,273.0,0.921,274.0,0.0139999999999999,13.68,2.0,3.0,0.0,20.38,0.0,7.639999999999999,21.79,0.0,-0.022,-0.013,0.407,-0.037,0.214,0.0,30.77,18.58,18.45,18.2,18.1,17.71,18.09,18.0,18.58,18.12,0.008,0.009,0.008,0.008,0.01,0.009,0.012,930.0,945.0,935.0,929.0,946.0,924.0,815.0,0.0,0.0,0.0,0.0,0.0,0.0,0.0,0.0,6.691,0.0,60.21,0.0,0.0,0.0,0.0,0.0,0.0,0.0,0.0,0.0,0.0,20.42,20.02,0.0,18.34,34.56,29.61,2.0,3.531,-1.0,0.8249999999999998,1.4,4902
2014-09-07 21:57:00,0.0,0.0,0.0,816419.0,74.7,59.9,60.0,0.0,23539.0,341.0,74804.0,810905.0,0.0,1.0,0.0,0.0,0.0,273.2,273.4,274.1,0.979,273.0,0.748,273.0,0.921,274.0,0.0139999999999999,13.68,2.0,3.0,0.0,20.37,0.0,7.639999999999999,21.79,0.0,-0.02,-0.013,0.407,-0.0379999999999999,0.214,0.0,30.75,18.49,18.4,18.2,18.1,17.71,18.09,18.0,18.59,18.11,0.008,0.009,0.008,0.008,0.01,0.009,0.012,930.0,945.0,935.0,929.0,946.0,924.0,815.0,0.0,0.0,0.0,0.0,0.0,0.0,0.0,0.0,6.703,0.0,60.22,0.0,0.0,0.0,0.0,0.0,0.0,0.0,0.0,0.0,0.0,20.41,20.01,0.0,18.27,17.98,21.6,2.0,3.53,-1.0,0.78,1.1,4902
2014-09-07 21:58:00,0.0,0.0,0.0,816419.0,74.7,59.9,60.0,0.0,23539.0,341.0,74804.0,810905.0,0.0,1.0,0.0,0.0,0.0,273.4,273.3,274.1,0.979,273.0,0.748,273.0,0.921,274.0,0.0139999999999999,13.69,2.0,3.0,0.0,20.37,0.0,7.639999999999999,21.79,0.0,-0.02,-0.013,0.407,-0.0379999999999999,0.214,0.0,30.66,18.48,18.4,18.2,18.16,17.71,18.08,18.04,18.58,18.12,0.008,0.009,0.008,0.008,0.01,0.009,0.012,930.0,945.0,935.0,929.0,946.0,924.0,815.0,0.0,0.0,0.0,0.0,0.0,0.0,0.0,0.0,6.739,0.0,60.21,0.0,0.0,0.0,0.0,0.0,0.0,0.0,0.0,0.0,0.0,20.4,20.0,0.0,18.22,52.31,23.42,2.0,3.531,-1.0,0.67,0.9,4902
2014-09-07 21:59:00,0.0,0.0,0.0,816419.0,74.7,59.9,60.0,0.0,23539.0,341.0,74804.0,810905.0,0.0,1.0,0.0,0.0,0.0,273.4,273.4,274.1,0.979,273.0,0.748,273.0,0.921,274.0,0.0139999999999999,13.68,2.0,3.0,0.0,20.37,0.0,7.639999999999999,21.78,0.0,-0.02,-0.013,0.407,-0.037,0.214,0.0,30.68,18.48,18.4,18.2,18.13,17.71,18.11,18.02,18.59,18.11,0.008,0.009,0.008,0.008,0.01,0.009,0.012,930.0,945.0,935.0,929.0,946.0,924.0,815.0,0.0,0.0,0.0,0.0,0.0,0.0,0.0,0.0,6.73,0.0,60.21,0.0,0.0,0.0,0.0,0.0,0.0,0.0,0.0,0.0,0.0,20.42,20.05,0.0,18.2,33.91,23.67,2.0,3.528,-1.0,0.7369999999999999,1.0,4902
2014-09-07 22:00:00,0.0,0.0,0.0,816419.0,74.7,59.9,60.0,0.0,23539.0,341.0,74804.0,810905.0,0.0,1.0,0.0,0.0,0.0,273.1,273.5,274.3,0.979,273.0,0.748,273.0,0.921,274.0,0.0139999999999999,13.68,2.0,3.0,0.0,20.35,0.0,7.639999999999999,21.79,0.0,-0.02,-0.013,0.407,-0.037,0.214,0.0,30.57,18.4,18.43,18.2,18.12,17.71,18.11,18.0,18.56,18.12,0.008,0.009,0.008,0.008,0.01,0.009,0.012,930.0,945.0,935.0,929.0,946.0,924.0,815.0,0.0,0.0,0.0,0.0,0.0,0.0,0.0,0.0,6.682,0.0,60.21,0.0,0.0,0.0,0.0,0.0,0.0,0.0,0.0,0.0,0.0,20.38,19.98,0.0,18.14,340.6,49.14,2.0,3.531,-1.0,0.5779999999999998,1.3,4902
2014-09-07 22:01:00,0.0,0.0,0.0,816419.0,74.7,59.9,60.0,0.0,23539.0,341.0,74804.0,810905.0,0.0,1.0,0.0,0.0,0.0,273.6,273.5,274.3,0.979,273.0,0.748,273.0,0.921,274.0,0.0139999999999999,13.68,2.0,3.0,0.0,20.34,0.0,7.639999999999999,21.79,0.0,-0.025,-0.013,0.407,-0.037,0.214,0.0,30.58,18.38,18.44,18.18,18.1,17.71,18.05,18.0,18.49,18.09,0.008,0.009,0.008,0.008,0.01,0.009,0.012,930.0,945.0,935.0,929.0,946.0,924.0,815.0,0.0,0.0,0.0,0.0,0.0,0.0,0.0,0.0,6.615,0.0,60.22,0.0,0.0,0.0,0.0,0.0,0.0,0.0,0.0,0.0,0.0,20.36,19.97,0.0,18.13,47.54,27.89,2.0,3.531,-1.0,0.787,1.3,4902
2014-09-07 22:02:00,0.0,0.0,0.0,816419.0,74.7,59.9,60.0,0.0,23539.0,341.0,74804.0,810905.0,0.0,1.0,0.0,0.0,0.0,273.6,273.7,274.5,0.979,273.5,0.748,273.1,0.921,274.0,0.0139999999999999,13.68,2.0,3.0,0.0,20.34,0.0,7.638,21.79,0.0,-0.026,-0.013,0.407,-0.0379999999999999,0.214,0.0,30.62,18.38,18.4,18.2,18.1,17.71,18.06,18.0,18.49,18.11,0.008,0.008,0.008,0.008,0.01,0.009,0.012,930.0,945.0,935.0,929.0,946.0,924.0,815.0,0.0,0.0,0.0,0.0,0.0,0.0,0.0,0.0,6.615,0.0,60.22,0.0,0.0,0.0,0.0,0.0,0.0,0.0,0.0,0.0,0.0,20.35,19.95,0.0,18.11,4.641,23.11,2.0,3.53,-1.0,0.642,0.9,4902
2014-09-07 22:03:00,0.0,0.0,0.0,816419.0,74.7,59.9,60.03,0.0,23539.0,341.0,74804.0,810905.0,0.0,1.0,0.0,0.0,0.0,273.6,273.9,274.6,0.979,273.9,0.748,273.5,0.921,274.3,0.0139999999999999,13.69,2.0,3.0,0.0,20.32,0.0,7.6389999999999985,21.79,0.0,-0.024,-0.013,0.407,-0.0379999999999999,0.214,0.0,30.56,18.38,18.45,18.18,18.1,17.71,18.03,17.96,18.49,18.09,0.008,0.008,0.008,0.008,0.01,0.009,0.012,930.0,945.0,935.0,929.0,946.0,924.0,815.0,0.0,0.0,0.0,0.0,0.0,0.0,0.0,0.0,6.615,0.0,60.22,0.0,0.0,0.0,0.0,0.0,0.0,0.0,0.0,0.0,0.0,20.4,20.04,0.0,18.17,48.38,77.04,2.0,3.531,-1.0,0.4249999999999999,0.8,4902
2014-09-07 22:04:00,0.0,0.0,0.0,816419.0,74.7,59.9,60.0,0.0,23539.0,341.0,74804.0,810905.0,0.0,1.0,0.0,0.0,0.0,273.9,273.9,274.6,0.979,274.0,0.748,274.0,0.921,274.8,0.0139999999999999,13.69,2.0,3.0,0.0,20.31,0.0,7.639999999999999,21.79,0.0,-0.021,-0.013,0.407,-0.037,0.214,0.0,30.55,18.48,18.49,18.2,18.1,17.71,18.08,18.0,18.49,18.12,0.008,0.008,0.008,0.008,0.01,0.009,0.012,930.0,945.0,935.0,929.0,946.0,924.0,815.0,0.0,0.0,0.0,0.0,0.0,0.0,0.0,0.0,6.615,0.0,60.22,0.0,0.0,0.0,0.0,0.0,0.0,0.0,0.0,0.0,0.0,20.44,20.06,0.0,18.21,10.37,41.51,2.0,3.528,-1.0,0.873,1.6,4902
2014-09-07 22:05:00,0.0,0.0,0.0,816419.0,74.7,59.9,60.0,0.0,23539.0,341.0,74804.0,810905.0,0.0,1.0,0.0,0.0,0.0,274.0,273.9,274.6,0.979,274.0,0.748,274.0,0.921,274.7,0.0139999999999999,13.68,2.0,3.0,0.0,20.31,0.0,7.639999999999999,21.79,0.0,-0.021,-0.013,0.407,-0.0379999999999999,0.214,0.0,30.5,18.48,18.43,18.2,18.07,17.71,18.08,17.97,18.49,18.12,0.0069999999999999,0.008,0.008,0.008,0.01,0.009,0.012,930.0,945.0,935.0,929.0,946.0,924.0,815.0,0.0,0.0,0.0,0.0,0.0,0.0,0.0,0.0,6.615,0.0,60.22,0.0,0.0,0.0,0.0,0.0,0.0,0.0,0.0,0.0,0.0,20.45,20.08,0.0,18.24,43.01,20.17,2.0,3.528,-1.0,0.65,1.2,4902
2014-09-07 22:06:00,0.0,0.0,0.0,816419.0,74.7,59.9,60.0,0.0,23539.0,341.0,74804.0,810905.0,0.0,1.0,0.0,0.0,0.0,274.1,274.0,274.8,0.979,274.0,0.748,274.0,0.921,275.0,0.0139999999999999,13.68,2.0,3.0,0.0,20.31,0.0,7.752,21.78,0.0,-0.021,-0.013,0.407,-0.036,0.214,0.0,30.47,18.5,18.41,18.19,18.08,17.71,18.06,17.95,18.47,18.07,0.0069999999999999,0.008,0.008,0.008,0.01,0.009,0.012,930.0,945.0,935.0,929.0,946.0,924.0,815.0,0.0,0.0,0.0,0.0,0.0,0.0,0.0,0.0,6.837999999999999,0.0,60.21,0.0,0.0,0.0,0.0,0.0,0.0,0.0,0.0,0.0,0.0,20.43,20.04,0.0,18.2,15.05,43.32,2.0,3.53,-1.0,0.4829999999999999,1.1,4902
2014-09-07 22:07:00,0.0,0.0,0.0,816419.0,74.7,59.9,60.0,0.0,23539.0,341.0,74804.0,810905.0,0.0,1.0,0.0,0.0,0.0,274.0,274.2,274.9,0.979,274.0,0.748,274.0,0.921,275.0,0.0139999999999999,13.68,2.0,3.0,0.0,20.3,0.0,7.755,21.79,0.0,-0.02,-0.013,0.407,-0.0379999999999999,0.214,0.0,30.42,18.4,18.43,18.17,18.09,17.71,18.08,17.96,18.46,18.03,0.0069999999999999,0.008,0.008,0.008,0.01,0.009,0.012,930.0,945.0,935.0,929.0,946.0,924.0,815.0,0.0,0.0,0.0,0.0,0.0,0.0,0.0,0.0,6.799,0.0,60.22,0.0,0.0,0.0,0.0,0.0,0.0,0.0,0.0,0.0,0.0,20.4,19.99,0.0,18.15,25.65,42.43,2.0,3.531,-1.0,0.3549999999999999,0.5999999999999999,4902
2014-09-07 22:08:00,0.0,0.0,0.0,816419.0,74.7,59.9,60.0,0.0,23539.0,341.0,74804.0,810905.0,0.0,1.0,0.0,0.0,0.0,273.8,274.2,274.9,0.979,274.0,0.748,274.0,0.921,275.0,0.0139999999999999,13.69,2.0,3.0,0.0,20.29,0.0,7.639999999999999,21.79,0.0,-0.02,-0.013,0.407,-0.0379999999999999,0.214,0.0,30.42,18.38,18.45,18.15,18.07,17.71,18.1,17.91,18.41,18.03,0.008,0.008,0.008,0.008,0.01,0.009,0.012,930.0,945.0,935.0,929.0,946.0,924.0,815.0,0.0,0.0,0.0,0.0,0.0,0.0,0.0,0.0,6.615,0.0,60.21,0.0,0.0,0.0,0.0,0.0,0.0,0.0,0.0,0.0,0.0,20.41,20.02,0.0,18.15,33.44,22.09,2.0,3.53,-1.0,0.46,0.9,4902
2014-09-07 22:09:00,0.0,0.0,0.0,816419.0,74.7,59.9,60.0,0.0,23539.0,341.0,74804.0,810905.0,0.0,1.0,0.0,0.0,0.0,274.1,274.0,274.8,0.979,274.0,0.748,274.0,0.921,275.0,0.0139999999999999,13.68,2.0,3.0,0.0,20.28,0.0,7.639999999999999,21.79,0.0,-0.021,-0.013,0.407,-0.037,0.214,0.0,30.42,18.38,18.47,18.2,18.06,17.7,18.1,17.94,18.41,18.03,0.0069999999999999,0.008,0.008,0.008,0.01,0.009,0.012,930.0,945.0,935.0,929.0,946.0,924.0,815.0,0.0,0.0,0.0,0.0,0.0,0.0,0.0,0.0,6.615,0.0,60.16,0.0,0.0,0.0,0.0,0.0,0.0,0.0,0.0,0.0,0.0,20.43,20.05,0.0,18.18,12.02,29.2,2.0,3.531,-1.0,0.577,1.1,4902
2014-09-07 22:10:00,0.0,0.0,0.0,816419.0,74.7,59.9,60.0,0.0,23539.0,341.0,74804.0,810905.0,0.0,1.0,0.0,0.0,0.0,274.3,274.3,275.0,0.979,274.0,0.748,274.0,0.921,275.0,0.0139999999999999,13.68,2.0,3.0,0.0,20.26,0.0,7.639999999999999,21.79,0.0,-0.02,-0.013,0.407,-0.0379999999999999,0.214,0.0,30.4,18.4,18.45,18.2,18.1,17.69,18.16,17.97,18.49,18.03,0.0069999999999999,0.008,0.008,0.008,0.01,0.009,0.012,930.0,945.0,935.0,929.0,946.0,924.0,815.0,0.0,0.0,0.0,0.0,0.0,0.0,0.0,0.0,6.615,0.0,60.14,0.0,0.0,0.0,0.0,0.0,0.0,0.0,0.0,0.0,0.0,20.43,20.06,0.0,18.22,52.33,31.17,2.0,3.531,-1.0,0.518,0.9,4902
2014-09-07 22:11:00,0.0,0.0,0.0,816419.0,74.7,59.9,60.0,0.0,23539.0,341.0,74804.0,810905.0,0.0,1.0,0.0,0.0,0.0,274.3,274.4,275.2,0.979,274.0,0.748,274.0,0.921,275.0,0.0139999999999999,13.68,2.0,3.0,0.0,20.26,0.0,7.639999999999999,21.79,0.0,-0.02,-0.013,0.407,-0.037,0.214,0.0,30.32,18.5,18.49,18.22,18.1,17.71,18.18,17.93,18.49,18.03,0.0069999999999999,0.008,0.008,0.008,0.01,0.009,0.012,930.0,945.0,935.0,929.0,946.0,924.0,815.0,0.0,0.0,0.0,0.0,0.0,0.0,0.0,0.0,6.615,0.0,60.2,0.0,0.0,0.0,0.0,0.0,0.0,0.0,0.0,0.0,0.0,20.46,20.11,0.0,18.29,358.2,37.77,2.0,3.531,-1.0,0.5829999999999999,0.9,4902
2014-09-07 22:12:00,0.0,0.0,0.0,816419.0,74.7,59.9,60.0,0.0,23539.0,341.0,74804.0,810905.0,0.0,1.0,0.0,0.0,0.0,273.9,274.4,275.2,0.979,274.0,0.748,274.0,0.921,275.0,0.0139999999999999,13.69,2.0,3.0,0.0,20.26,0.0,7.639999999999999,21.79,0.0,-0.02,-0.013,0.407,-0.0379999999999999,0.214,0.0,30.3,18.54,18.49,18.2,18.1,17.71,18.21,18.0,18.54,18.03,0.0069999999999999,0.008,0.008,0.008,0.01,0.009,0.012,930.0,945.0,935.0,929.0,946.0,924.0,815.0,0.0,0.0,0.0,0.0,0.0,0.0,0.0,0.0,6.615,0.0,60.21,0.0,0.0,0.0,0.0,0.0,0.0,0.0,0.0,0.0,0.0,20.52,20.19,0.0,18.34,11.38,31.0,2.0,3.53,-1.0,0.657,1.1,4902
2014-09-07 22:13:00,0.0,0.0,0.0,816419.0,74.7,59.9,60.0,0.0,23539.0,341.0,74804.0,810905.0,0.0,1.0,0.0,0.0,0.0,274.5,274.4,275.1,0.979,274.0,0.748,274.0,0.921,275.0,0.0139999999999999,13.68,2.0,3.0,0.0,20.26,0.0,7.639999999999999,21.79,0.0,-0.02,-0.013,0.407,-0.0379999999999999,0.214,0.0,30.31,18.59,18.49,18.23,18.1,17.71,18.25,18.0,18.56,18.07,0.0069999999999999,0.008,0.008,0.008,0.01,0.009,0.012,930.0,945.0,935.0,929.0,946.0,924.0,815.0,0.0,0.0,0.0,0.0,0.0,0.0,0.0,0.0,6.615,0.0,60.21,0.0,0.0,0.0,0.0,0.0,0.0,0.0,0.0,0.0,0.0,20.55,20.19,0.0,18.34,24.39,17.67,2.0,3.53,-1.0,0.645,1.1,4902
2014-09-07 22:14:00,0.0,0.0,0.0,816419.0,74.7,59.9,60.0,0.0,23539.0,341.0,74804.0,810905.0,0.0,1.0,0.0,0.0,0.0,274.3,274.6,275.3,0.979,274.0,0.748,274.0,0.921,275.0,0.0139999999999999,13.68,2.0,3.0,0.0,20.24,0.0,7.639999999999999,21.79,0.0,-0.02,-0.013,0.407,-0.037,0.214,0.0,30.26,18.63,18.49,18.22,18.1,17.71,18.2,18.0,18.49,18.11,0.0069999999999999,0.008,0.008,0.008,0.01,0.009,0.012,930.0,945.0,935.0,929.0,946.0,924.0,815.0,0.0,0.0,0.0,0.0,0.0,0.0,0.0,0.0,6.615,0.0,60.21,0.0,0.0,0.0,0.0,0.0,0.0,0.0,0.0,0.0,0.0,20.56,20.19,0.0,18.33,350.5,20.27,2.0,3.53,-1.0,0.5799999999999998,1.1,4902
2014-09-07 22:15:00,0.0,0.0,0.0,816419.0,74.7,59.9,60.0,0.0,23539.0,341.0,74804.0,810905.0,0.0,1.0,0.0,0.0,0.0,274.5,274.6,275.3,0.979,274.0,0.748,274.0,0.921,275.0,0.0139999999999999,13.68,2.0,3.0,0.0,20.24,0.0,7.639999999999999,21.79,0.0,-0.02,-0.013,0.407,-0.0379999999999999,0.214,0.0,30.23,18.68,18.49,18.22,18.1,17.71,18.21,17.94,18.49,18.12,0.008,0.008,0.008,0.008,0.01,0.009,0.012,930.0,945.0,935.0,929.0,946.0,924.0,815.0,0.0,0.0,0.0,0.0,0.0,0.0,0.0,0.0,6.615,0.0,60.22,0.0,0.0,0.0,0.0,0.0,0.0,0.0,0.0,0.0,0.0,20.57,20.21,0.0,18.41,19.32,27.66,2.0,3.528,-1.0,0.5949999999999999,1.1,4902
2014-09-07 22:16:00,0.0,0.0,0.0,816419.0,74.7,59.9,60.0,0.0,23539.0,341.0,74804.0,810905.0,0.0,1.0,0.0,0.0,0.0,273.2,273.1,273.9,0.979,273.2,0.748,273.0,0.921,273.8,0.0139999999999999,13.68,2.0,3.0,0.0,20.24,0.0,7.633999999999999,21.79,0.0,-0.02,-0.013,0.407,-0.0379999999999999,0.214,0.0,30.23,18.65,18.51,18.24,18.13,17.71,18.21,18.0,18.56,18.12,0.0069999999999999,0.008,0.008,0.008,0.01,0.009,0.012,930.0,945.0,935.0,929.0,946.0,924.0,815.0,0.0,0.0,0.0,0.0,0.0,0.0,0.0,0.0,6.615,0.0,60.22,0.0,0.0,0.0,0.0,0.0,0.0,0.0,0.0,0.0,0.0,20.56,20.19,0.0,18.39,2.739,31.59,2.0,3.53,-1.0,0.69,1.4,4902
2014-09-07 22:17:00,0.0,0.0,0.0,816419.0,74.7,59.9,60.0,0.0,23539.0,341.0,74804.0,810905.0,0.0,1.0,0.0,0.0,0.0,272.6,272.9,273.7,0.979,273.0,0.748,272.5,0.921,273.3,0.0139999999999999,13.68,2.0,3.0,0.0,20.23,0.0,7.6389999999999985,21.79,0.0,-0.02,-0.013,0.407,-0.037,0.214,0.0,30.23,18.65,18.59,18.26,18.19,17.76,18.28,18.04,18.59,18.12,0.0069999999999999,0.008,0.008,0.008,0.01,0.009,0.012,930.0,945.0,935.0,929.0,946.0,924.0,815.0,0.0,0.0,0.0,0.0,0.0,0.0,0.0,0.0,6.615,0.0,60.16,0.0,0.0,0.0,0.0,0.0,0.0,0.0,0.0,0.0,0.0,20.55,20.18,0.0,18.39,347.2,21.6,2.0,3.531,-1.0,0.7129999999999999,1.1,4902
2014-09-07 22:18:00,0.0,0.0,0.0,816419.0,74.7,59.9,60.0,0.0,23539.0,341.0,74804.0,810905.0,0.0,1.0,0.0,0.0,0.0,272.6,272.9,273.7,0.979,273.0,0.748,272.6,0.921,273.6,0.0139999999999999,13.68,2.0,3.0,0.0,20.22,0.0,7.623999999999999,21.79,0.0,-0.02,-0.013,0.407,-0.0379999999999999,0.215,0.0,30.14,18.74,18.59,18.35,18.17,17.77,18.31,18.02,18.59,18.21,0.0069999999999999,0.008,0.008,0.008,0.01,0.009,0.012,930.0,945.0,935.0,929.0,946.0,924.0,815.0,0.0,0.0,0.0,0.0,0.0,0.0,0.0,0.0,6.615,0.0,60.21,0.0,0.0,0.0,0.0,0.0,0.0,0.0,0.0,0.0,0.0,20.58,20.24,0.0,18.49,10.25,11.74,2.0,3.531,-1.0,0.872,1.2,4902
2014-09-07 22:19:00,0.0,0.0,0.0,816419.0,74.7,59.9,60.0,0.0,23539.0,341.0,74804.0,810905.0,0.0,1.0,0.0,0.0,0.0,273.2,272.9,273.7,0.979,273.0,0.748,273.0,0.921,274.0,0.0139999999999999,13.68,2.0,3.0,0.0,20.21,0.0,7.622999999999998,21.79,0.0,-0.02,-0.013,0.407,-0.0379999999999999,0.215,0.0,30.13,18.81,18.59,18.33,18.2,17.78,18.31,18.08,18.61,18.22,0.0069999999999999,0.008,0.008,0.008,0.01,0.009,0.012,930.0,945.0,935.0,929.0,946.0,924.0,815.0,0.0,0.0,0.0,0.0,0.0,0.0,0.0,0.0,6.615,0.0,60.22,0.0,0.0,0.0,0.0,0.0,0.0,0.0,0.0,0.0,0.0,20.64,20.31,0.0,18.59,2.928,29.31,2.0,3.53,-1.0,0.685,1.1,4902
2014-09-07 22:20:00,0.0,0.0,0.0,816419.0,74.7,59.9,60.0,0.0,23539.0,341.0,74804.0,810905.0,0.0,1.0,0.0,0.0,0.0,272.9,273.2,274.0,0.979,273.0,0.748,273.0,0.921,274.0,0.0139999999999999,13.68,2.0,3.0,0.0,20.21,0.0,7.601,21.8,0.0,-0.02,-0.013,0.407,-0.037,0.215,0.0,30.13,18.84,18.59,18.32,18.18,17.81,18.31,18.1,18.59,18.22,0.0069999999999999,0.008,0.008,0.008,0.01,0.009,0.012,930.0,945.0,935.0,929.0,946.0,924.0,815.0,0.0,0.0,0.0,0.0,0.0,0.0,0.0,0.0,6.49,0.0,60.21,0.0,0.0,0.0,0.0,0.0,0.0,0.0,0.0,0.0,0.0,20.68,20.34,0.0,18.58,15.3,28.28,2.0,3.531,-1.0,0.717,1.1,4902
2014-09-07 22:21:00,0.0,0.0,0.0,816419.0,74.7,59.9,60.0,0.0,23539.0,341.0,74804.0,810905.0,0.0,1.0,0.0,0.0,0.0,272.7,272.9,273.7,0.979,272.9,0.748,272.8,0.921,273.5,0.0139999999999999,13.68,2.0,3.0,0.0,20.21,0.0,7.572999999999999,21.79,0.0,-0.02,-0.013,0.407,-0.0379999999999999,0.215,0.0,30.13,18.94,18.64,18.33,18.17,17.81,18.31,18.1,18.61,18.22,0.0069999999999999,0.008,0.008,0.008,0.01,0.009,0.012,930.0,945.0,935.0,929.0,946.0,924.0,815.0,0.0,0.0,0.0,0.0,0.0,0.0,0.0,0.0,6.443,0.0,60.23,0.0,0.0,0.0,0.0,0.0,0.0,0.0,0.0,0.0,0.0,20.71,20.37,0.0,18.67,8.58,21.98,2.0,3.531,-1.0,0.937,1.4,4902
2014-09-07 22:22:00,0.0,0.0,0.0,816419.0,74.7,59.9,60.0,0.0,23539.0,341.0,74804.0,810905.0,0.0,1.0,0.0,0.0,0.0,272.5,272.8,273.6,0.979,272.3,0.748,272.3,0.921,273.1,0.0139999999999999,13.69,2.0,3.0,0.0,20.21,0.0,7.382999999999998,21.79,0.0,-0.02,-0.013,0.407,-0.037,0.215,0.0,30.04,18.97,18.67,18.39,18.28,17.89,18.31,18.12,18.69,18.22,0.0069999999999999,0.008,0.008,0.008,0.01,0.009,0.012,930.0,945.0,935.0,929.0,946.0,924.0,815.0,0.0,0.0,0.0,0.0,0.0,0.0,0.0,0.0,6.401,0.0,60.17,0.0,0.0,0.0,0.0,0.0,0.0,0.0,0.0,0.0,0.0,20.7,20.34,0.0,18.7,13.25,15.4,2.0,3.53,-1.0,1.047,1.6,4902
2014-09-07 22:23:00,0.0,0.0,0.0,816419.0,74.7,59.9,60.0,0.0,23539.0,341.0,74804.0,810905.0,0.0,1.0,0.0,0.0,0.0,272.7,273.0,273.7,0.979,273.0,0.748,273.0,0.921,273.9,0.0139999999999999,13.68,2.0,3.0,0.0,20.19,0.0,7.124,21.8,0.0,-0.02,-0.013,0.407,-0.0379999999999999,0.215,0.0,30.03,18.99,18.69,18.43,18.32,17.91,18.38,18.19,18.69,18.32,0.0069999999999999,0.008,0.008,0.008,0.01,0.009,0.012,930.0,945.0,935.0,929.0,946.0,924.0,815.0,0.0,0.0,0.0,0.0,0.0,0.0,0.0,0.0,6.332999999999999,0.0,60.19,0.0,0.0,0.0,0.0,0.0,0.0,0.0,0.0,0.0,0.0,20.69,20.35,0.0,18.75,7.288999999999999,20.11,2.0,3.531,-1.0,0.917,1.4,4902
2014-09-07 22:24:00,0.0,0.0,0.0,816419.0,74.7,59.9,60.0,0.0,23539.0,341.0,74804.0,810905.0,0.0,1.0,0.0,0.0,0.0,272.8,273.0,273.7,0.979,273.0,0.748,273.0,0.921,273.7,0.0139999999999999,13.68,2.0,3.0,0.0,20.18,0.0,7.066,21.79,0.0,-0.02,-0.013,0.407,-0.0379999999999999,0.215,0.0,30.01,19.07,18.69,18.45,18.28,17.91,18.41,18.17,18.69,18.34,0.0069999999999999,0.008,0.008,0.008,0.009,0.009,0.012,930.0,945.0,935.0,929.0,946.0,924.0,815.0,0.0,0.0,0.0,0.0,0.0,0.0,0.0,0.0,6.079,0.0,60.15,0.0,0.0,0.0,0.0,0.0,0.0,0.0,0.0,0.0,0.0,20.69,20.37,0.0,18.84,9.05,30.5,2.0,3.531,-1.0,0.655,1.2,4902
2014-09-07 22:25:00,0.0,0.0,0.0,816419.0,74.7,59.9,60.0,0.0,23539.0,341.0,74804.0,810905.0,0.0,1.0,0.0,0.0,0.0,272.8,273.1,273.8,0.979,273.0,0.748,273.0,0.921,274.0,0.0139999999999999,13.68,2.0,3.0,0.0,20.17,0.0,7.031000000000001,21.81,0.0,-0.02,-0.013,0.407,-0.0379999999999999,0.215,0.0,29.97,19.07,18.69,18.48,18.32,17.91,18.41,18.17,18.69,18.37,0.0069999999999999,0.008,0.008,0.008,0.009,0.009,0.012,930.0,945.0,935.0,929.0,946.0,924.0,815.0,0.0,0.0,0.0,0.0,0.0,0.0,0.0,0.0,6.075,0.0,60.12,0.0,0.0,0.0,0.0,0.0,0.0,0.0,0.0,0.0,0.0,20.71,20.37,0.0,18.85,4.164,26.4,2.0,3.531,-1.0,0.9,1.7,4902
2014-09-07 22:26:00,0.0,0.0,0.0,816419.0,74.7,59.9,60.0,0.0,23539.0,341.0,74804.0,810905.0,0.0,1.0,0.0,0.0,0.0,272.9,272.7,273.5,0.979,272.6,0.748,272.6,0.921,273.4,0.0139999999999999,13.68,2.0,3.0,0.0,20.16,0.0,7.024,21.79,0.0,-0.02,-0.013,0.407,-0.0379999999999999,0.215,0.0,30.01,19.07,18.74,18.46,18.3,17.91,18.41,18.2,18.69,18.42,0.0069999999999999,0.008,0.008,0.008,0.009,0.009,0.012,930.0,945.0,935.0,929.0,946.0,924.0,815.0,0.0,0.0,0.0,0.0,0.0,0.0,0.0,0.0,6.075,0.0,60.13,0.0,0.0,0.0,0.0,0.0,0.0,0.0,0.0,0.0,0.0,20.67,20.32,0.0,18.83,355.0,27.15,2.0,3.53,-1.0,0.963,1.3,4902
2014-09-07 22:27:00,0.0,0.0,0.0,816419.0,74.7,59.9,60.0,0.0,23539.0,341.0,74804.0,810905.0,0.0,1.0,0.0,0.0,0.0,272.6,272.7,273.4,0.979,272.6,0.748,272.3,0.921,273.0,0.0139999999999999,13.68,2.0,3.0,0.0,20.15,0.0,6.976,21.8,0.0,-0.02,-0.013,0.407,-0.0379999999999999,0.215,0.0,29.93,19.15,18.77,18.5,18.3,17.91,18.41,18.2,18.71,18.42,0.0069999999999999,0.008,0.008,0.008,0.009,0.009,0.012,930.0,945.0,935.0,929.0,946.0,924.0,815.0,0.0,0.0,0.0,0.0,0.0,0.0,0.0,0.0,6.022,0.0,60.22,0.0,0.0,0.0,0.0,0.0,0.0,0.0,0.0,0.0,0.0,20.7,20.36,0.0,18.89,3.109,25.6,2.0,3.531,-1.0,1.345,2.7,4902
2014-09-07 22:28:00,0.0,0.0,0.0,816419.0,74.7,59.9,60.0,0.0,23539.0,341.0,74804.0,810905.0,0.0,1.0,0.0,0.0,0.0,272.9,272.8,273.5,0.979,273.0,0.748,273.0,0.921,273.2,0.0139999999999999,13.68,2.0,3.0,0.0,20.15,0.0,6.9,21.79,0.0,-0.0149999999999999,-0.013,0.407,-0.0379999999999999,0.214,0.0,29.93,19.17,18.75,18.56,18.38,18.0,18.51,18.28,18.84,18.48,0.0069999999999999,0.008,0.008,0.008,0.009,0.008,0.012,930.0,945.0,935.0,929.0,946.0,924.0,815.0,0.0,0.0,0.0,0.0,0.0,0.0,0.0,0.0,5.841,0.0,60.21,0.0,0.0,0.0,0.0,0.0,0.0,0.0,0.0,0.0,0.0,20.72,20.38,0.0,18.91,12.85,31.57,2.0,3.531,-1.0,0.908,2.0,4902
2014-09-07 22:29:00,0.0,0.0,0.0,816419.0,74.7,59.9,60.0,0.0,23539.0,341.0,74804.0,810905.0,0.0,1.0,0.0,0.0,0.0,272.6,272.9,273.6,0.979,272.9,0.748,272.9,0.921,273.1,0.0139999999999999,13.68,2.0,3.0,0.0,20.15,0.0,6.813,21.79,0.0,-0.013,-0.013,0.407,-0.0379999999999999,0.214,0.0,29.93,19.2,18.79,18.58,18.4,18.07,18.51,18.3,18.8,18.5,0.0069999999999999,0.008,0.008,0.008,0.009,0.009,0.012,930.0,945.0,935.0,929.0,946.0,924.0,815.0,0.0,0.0,0.0,0.0,0.0,0.0,0.0,0.0,5.805,0.0,60.22,0.0,0.0,0.0,0.0,0.0,0.0,0.0,0.0,0.0,0.0,20.74,20.4,0.0,18.93,352.3,13.71,2.0,3.531,-1.0,1.415,2.1,4902
2014-09-07 22:30:00,0.0,0.0,0.0,816419.0,74.7,59.9,60.0,0.0,23539.0,341.0,74804.0,810905.0,0.0,1.0,0.0,0.0,0.0,272.7,272.8,273.5,0.979,273.0,0.748,272.9,0.921,273.0,0.0139999999999999,13.68,2.0,3.0,0.0,20.15,0.0,6.624,21.79,0.0,-0.013,-0.012,0.407,-0.0379999999999999,0.214,0.0,29.88,19.17,18.79,18.6,18.43,18.09,18.51,18.3,18.87,18.51,0.0069999999999999,0.008,0.008,0.0069999999999999,0.009,0.009,0.012,930.0,945.0,935.0,929.0,946.0,924.0,815.0,0.0,0.0,0.0,0.0,0.0,0.0,0.0,0.0,5.805,0.0,60.22,0.0,0.0,0.0,0.0,0.0,0.0,0.0,0.0,0.0,0.0,20.7,20.35,0.0,18.93,355.4,17.21,2.0,3.531,-1.0,1.307,2.1,4902
2014-09-07 22:31:00,0.0,0.0,0.0,816419.0,74.7,59.9,60.0,0.0,23539.0,341.0,74804.0,810905.0,0.0,1.0,0.0,0.0,0.0,272.8,272.9,273.6,0.979,273.0,0.748,273.0,0.921,273.4,0.0139999999999999,13.68,2.0,3.0,0.0,20.15,0.0,6.48,21.79,0.0,-0.013,-0.013,0.407,-0.037,0.214,0.0,29.83,19.18,18.79,18.61,18.45,18.1,18.54,18.33,18.9,18.58,0.0069999999999999,0.008,0.008,0.0069999999999999,0.009,0.009,0.011,930.0,945.0,935.0,929.0,946.0,924.0,815.0,0.0,0.0,0.0,0.0,0.0,0.0,0.0,0.0,5.805,0.0,60.23,0.0,0.0,0.0,0.0,0.0,0.0,0.0,0.0,0.0,0.0,20.7,20.35,0.0,18.9,354.9,15.24,2.0,3.531,-1.0,1.743,2.3,4902
2014-09-07 22:32:00,0.0,0.0,0.0,816419.0,74.7,59.9,60.0,0.0,23539.0,341.0,74804.0,810905.0,0.0,1.0,0.0,0.0,0.0,272.7,273.0,273.7,0.979,273.0,0.748,273.0,0.921,273.8,0.0139999999999999,13.68,2.0,3.0,0.0,20.14,0.0,6.432,21.8,0.0,-0.013,-0.013,0.407,-0.0379999999999999,0.214,0.0,29.83,19.17,18.79,18.63,18.57,18.08,18.55,18.31,18.88,18.59,0.0069999999999999,0.008,0.008,0.008,0.009,0.008,0.011,930.0,945.0,935.0,929.0,946.0,924.0,815.0,0.0,0.0,0.0,0.0,0.0,0.0,0.0,0.0,5.571000000000001,0.0,60.22,0.0,0.0,0.0,0.0,0.0,0.0,0.0,0.0,0.0,0.0,20.68,20.33,0.0,18.85,23.43,22.05,2.0,3.531,-1.0,0.933,1.4,4902
2014-09-07 22:33:00,0.0,0.0,0.0,816419.0,74.7,59.9,60.0,0.0,23539.0,341.0,74804.0,810905.0,0.0,1.0,0.0,0.0,0.0,272.9,273.0,273.7,0.979,273.0,0.748,273.0,0.921,273.9,0.0139999999999999,13.68,2.0,3.0,0.0,20.13,0.0,6.419,21.79,0.0,-0.0139999999999999,-0.013,0.407,-0.037,0.214,0.0,29.83,19.06,18.72,18.58,18.43,18.1,18.51,18.3,18.88,18.51,0.0069999999999999,0.008,0.0069999999999999,0.0069999999999999,0.009,0.008,0.011,930.0,945.0,935.0,929.0,946.0,924.0,815.0,0.0,0.0,0.0,0.0,0.0,0.0,0.0,0.0,5.535,0.0,60.23,0.0,0.0,0.0,0.0,0.0,0.0,0.0,0.0,0.0,0.0,20.64,20.28,0.0,18.81,16.67,16.78,2.0,3.531,-1.0,0.998,1.6,4902
2014-09-07 22:34:00,0.0,0.0,0.0,816419.0,74.7,59.9,60.0,0.0,23539.0,341.0,74804.0,810905.0,0.0,1.0,0.0,0.0,0.0,273.0,273.0,273.6,0.979,273.0,0.748,273.0,0.921,273.7,0.0139999999999999,13.68,2.0,3.0,0.0,20.13,0.0,6.619,21.79,0.0,-0.017,-0.013,0.407,-0.037,0.214,0.0,29.74,19.05,18.69,18.58,18.41,18.1,18.51,18.3,18.88,18.45,0.0069999999999999,0.008,0.0069999999999999,0.0069999999999999,0.009,0.008,0.011,930.0,945.0,935.0,929.0,946.0,924.0,815.0,0.0,0.0,0.0,0.0,0.0,0.0,0.0,0.0,5.7860000000000005,0.0,60.18,0.0,0.0,0.0,0.0,0.0,0.0,0.0,0.0,0.0,0.0,20.61,20.27,0.0,18.82,356.7,38.55,2.0,3.53,-1.0,0.937,1.4,4902
2014-09-07 22:35:00,0.0,0.0,0.0,816419.0,74.7,59.9,60.0,0.0,23539.0,341.0,74804.0,810905.0,0.0,1.0,0.0,0.0,0.0,273.2,273.1,273.7,0.979,273.0,0.748,273.0,0.921,274.0,0.0139999999999999,13.68,2.0,3.0,0.0,20.13,0.0,7.397999999999999,21.8,0.0,-0.02,-0.013,0.407,-0.037,0.214,0.0,29.74,19.04,18.62,18.51,18.33,18.02,18.44,18.25,18.86,18.43,0.0069999999999999,0.008,0.008,0.0069999999999999,0.009,0.008,0.011,930.0,945.0,935.0,929.0,946.0,924.0,815.0,0.0,0.0,0.0,0.0,0.0,0.0,0.0,0.0,6.563,0.0,60.13,0.0,0.0,0.0,0.0,0.0,0.0,0.0,0.0,0.0,0.0,20.6,20.24,0.0,18.77,23.36,13.49,2.0,3.53,-1.0,1.095,1.7,4902
2014-09-07 22:36:00,0.0,0.0,0.0,816419.0,74.7,59.9,60.0,0.0,23539.0,341.0,74804.0,810905.0,0.0,1.0,0.0,0.0,0.0,273.1,273.2,273.8,0.979,273.0,0.748,273.0,0.921,274.0,0.0139999999999999,13.69,2.0,3.0,0.0,20.13,0.0,7.657,21.79,0.0,-0.02,-0.013,0.407,-0.0379999999999999,0.214,0.0,29.74,18.97,18.59,18.45,18.33,17.91,18.38,18.15,18.75,18.4,0.0069999999999999,0.008,0.008,0.0069999999999999,0.009,0.008,0.011,930.0,945.0,935.0,929.0,946.0,924.0,815.0,0.0,0.0,0.0,0.0,0.0,0.0,0.0,0.0,7.013,0.0,60.14,0.0,0.0,0.0,0.0,0.0,0.0,0.0,0.0,0.0,0.0,20.57,20.22,0.0,18.7,20.85,20.29,2.0,3.53,-1.0,0.7219999999999999,1.4,4902
2014-09-07 22:37:00,0.0,0.0,0.0,816419.0,74.7,59.9,60.0,0.0,23539.0,341.0,74804.0,810905.0,0.0,1.0,0.0,0.0,0.0,273.1,273.4,274.1,0.979,273.0,0.748,273.0,0.921,274.0,0.0139999999999999,13.68,2.0,3.0,0.0,20.13,0.0,8.279999999999998,21.8,0.0,-0.026,-0.0139999999999999,0.407,-0.037,0.214,0.0,29.64,18.87,18.51,18.32,18.2,17.84,18.31,18.05,18.62,18.27,0.0069999999999999,0.008,0.0069999999999999,0.0069999999999999,0.009,0.008,0.011,930.0,945.0,935.0,929.0,946.0,924.0,815.0,0.0,0.0,0.0,0.0,0.0,0.0,0.0,0.0,7.644999999999999,0.0,60.19,0.0,0.0,0.0,0.0,0.0,0.0,0.0,0.0,0.0,0.0,20.53,20.16,0.0,18.59,21.18,26.89,2.0,3.53,-1.0,1.248,2.1,4902
2014-09-07 22:38:00,0.0,0.0,0.0,816419.0,74.7,59.9,60.0,0.0,23539.0,341.0,74804.0,810905.0,0.0,1.0,0.0,0.0,0.0,273.2,273.4,274.1,0.979,273.0,0.748,273.0,0.921,274.0,0.0139999999999999,13.68,2.0,3.0,0.0,20.13,0.0,8.92,21.79,0.0,-0.027,-0.019,0.407,-0.0379999999999999,0.214,0.0,29.64,18.76,18.43,18.25,18.07,17.73,18.16,17.95,18.46,18.22,0.0069999999999999,0.008,0.0069999999999999,0.0069999999999999,0.009,0.008,0.011,930.0,945.0,935.0,929.0,946.0,924.0,815.0,0.0,0.0,0.0,0.0,0.0,0.0,0.0,0.0,8.33,0.0,60.21,0.0,0.0,0.0,0.0,0.0,0.0,0.0,0.0,0.0,0.0,20.46,20.09,0.0,18.49,39.54,21.49,2.0,3.53,-1.0,0.717,1.4,4902
2014-09-07 22:39:00,0.0,0.0,0.0,816419.0,74.7,59.9,60.0,0.0,23539.0,341.0,74804.0,810905.0,0.0,1.0,0.0,0.0,0.0,273.5,273.4,274.0,0.979,273.0,0.748,273.0,0.921,274.0,0.0139999999999999,13.68,2.0,3.0,0.0,20.11,0.0,9.81,21.8,0.0,-0.033,-0.02,0.407,-0.037,0.214,0.0,29.64,18.63,18.31,18.16,18.01,17.63,18.08,17.87,18.4,18.07,0.0069999999999999,0.008,0.0069999999999999,0.0069999999999999,0.009,0.008,0.011,930.0,945.0,935.0,929.0,946.0,924.0,815.0,0.0,0.0,0.0,0.0,0.0,0.0,0.0,0.0,9.26,0.0,60.22,0.0,0.0,0.0,0.0,0.0,0.0,0.0,0.0,0.0,0.0,20.41,20.02,0.0,18.38,2.968,32.13,2.0,3.53,-1.0,0.64,1.4,4902
2014-09-07 22:40:00,0.0,0.0,0.0,816419.0,74.7,59.9,60.0,0.0,23539.0,341.0,74804.0,810905.0,0.0,1.0,0.0,0.0,0.0,273.8,273.4,274.0,0.979,273.0,0.748,273.0,0.921,274.0,0.0139999999999999,13.69,2.0,3.0,0.0,20.1,0.0,10.78,21.8,0.0,-0.034,-0.02,0.407,-0.036,0.214,0.0,29.62,18.58,18.23,18.07,17.96,17.58,18.02,17.81,18.31,18.03,0.0069999999999999,0.008,0.0069999999999999,0.0069999999999999,0.009,0.008,0.011,930.0,945.0,935.0,929.0,946.0,924.0,815.0,0.0,0.0,0.0,0.0,0.0,0.0,0.0,0.0,10.39,0.0,60.21,0.0,0.0,0.0,0.0,0.0,0.0,0.0,0.0,0.0,0.0,20.39,20.02,0.0,18.33,14.37,15.35,2.0,3.531,-1.0,1.48,2.7,4902
2014-09-07 22:41:00,0.0,0.0,0.0,816419.0,74.7,59.9,60.0,0.0,23539.0,341.0,74804.0,810905.0,0.0,1.0,0.0,0.0,0.0,273.6,273.6,274.2,0.979,273.0,0.748,273.0,0.921,274.0,0.0139999999999999,13.68,2.0,3.0,0.0,20.1,0.0,11.37,21.79,0.0,-0.0299999999999999,-0.02,0.407,-0.037,0.214,0.0,29.54,18.52,18.18,18.1,18.07,17.52,18.07,17.89,18.46,18.03,0.0069999999999999,0.008,0.0069999999999999,0.0069999999999999,0.009,0.008,0.011,930.0,945.0,935.0,929.0,946.0,924.0,815.0,0.0,0.0,0.0,0.0,0.0,0.0,0.0,0.0,10.93,0.0,60.21,0.0,0.0,0.0,0.0,0.0,0.0,0.0,0.0,0.0,0.0,20.36,19.98,0.0,18.23,16.2,21.29,2.0,3.528,-1.0,1.305,2.2,4902
2014-09-07 22:42:00,0.0,0.0,0.0,816419.0,74.7,59.9,60.0,0.0,23539.0,341.0,74804.0,810905.0,0.0,1.0,0.0,0.0,0.0,273.2,273.5,274.1,0.979,273.0,0.748,273.0,0.921,274.0,0.0139999999999999,13.68,2.0,3.0,0.0,20.08,0.0,9.76,21.79,0.0,-0.027,-0.02,0.407,-0.037,0.214,0.0,29.54,18.44,18.1,18.08,17.96,17.52,18.0,17.81,18.43,18.01,0.0069999999999999,0.008,0.0069999999999999,0.0069999999999999,0.009,0.008,0.011,930.0,945.0,935.0,929.0,946.0,924.0,815.0,0.0,0.0,0.0,0.0,0.0,0.0,0.0,0.0,9.22,0.0,60.21,0.0,0.0,0.0,0.0,0.0,0.0,0.0,0.0,0.0,0.0,20.35,19.98,0.0,18.14,18.37,19.36,2.0,3.53,-1.0,0.877,1.4,4902
2014-09-07 22:43:00,0.0,0.0,0.0,816419.0,74.7,59.9,60.0,0.0,23539.0,341.0,74804.0,810905.0,0.0,1.0,0.0,0.0,0.0,273.1,273.5,274.1,0.979,273.0,0.748,273.0,0.921,274.0,0.0139999999999999,13.68,2.0,3.0,0.0,20.08,0.0,9.74,21.8,0.0,-0.0289999999999999,-0.02,0.407,-0.037,0.214,0.0,29.52,18.45,18.1,18.01,17.91,17.5,17.92,17.69,18.34,17.91,0.0069999999999999,0.008,0.0069999999999999,0.0069999999999999,0.009,0.008,0.011,930.0,945.0,935.0,929.0,946.0,924.0,815.0,0.0,0.0,0.0,0.0,0.0,0.0,0.0,0.0,9.18,0.0,60.22,0.0,0.0,0.0,0.0,0.0,0.0,0.0,0.0,0.0,0.0,20.42,20.08,0.0,18.21,12.71,18.23,2.0,3.531,-1.0,0.8449999999999999,1.4,4902
2014-09-07 22:44:00,0.0,0.0,0.0,816419.0,74.7,59.9,60.02,0.0,23539.0,341.0,74804.0,810905.0,0.0,1.0,0.0,0.0,0.0,273.5,273.3,274.0,0.979,273.0,0.748,273.0,0.921,274.0,0.0139999999999999,13.68,2.0,3.0,0.0,20.07,0.0,8.34,21.8,0.0,-0.0299999999999999,-0.02,0.407,-0.0379999999999999,0.214,0.0,29.44,18.44,18.1,17.89,17.85,17.5,17.88,17.7,18.32,17.83,0.0069999999999999,0.008,0.0069999999999999,0.0069999999999999,0.009,0.008,0.011,930.0,945.0,935.0,929.0,946.0,924.0,815.0,0.0,0.0,0.0,0.0,0.0,0.0,0.0,0.0,7.675,0.0,60.21,0.0,0.0,0.0,0.0,0.0,0.0,0.0,0.0,0.0,0.0,20.43,20.07,0.0,18.17,22.89,39.42,2.0,3.53,-1.0,0.905,1.6,4902
2014-09-07 22:45:00,0.0,0.0,0.0,816419.0,74.7,59.9,60.09,0.0,23539.0,341.0,74804.0,810905.0,0.0,1.0,0.0,0.0,0.0,273.4,273.6,274.3,0.979,273.0,0.748,273.0,0.921,274.0,0.0139999999999999,13.68,2.0,3.0,0.0,20.05,0.0,7.747,21.79,0.0,-0.027,-0.02,0.407,-0.0379999999999999,0.214,0.0,29.44,18.39,18.04,17.93,17.86,17.47,17.87,17.66,18.31,17.83,0.0069999999999999,0.008,0.0069999999999999,0.0069999999999999,0.009,0.008,0.011,930.0,945.0,935.0,929.0,946.0,924.0,815.0,0.0,0.0,0.0,0.0,0.0,0.0,0.0,0.0,6.936,0.0,60.23,0.0,0.0,0.0,0.0,0.0,0.0,0.0,0.0,0.0,0.0,20.37,19.99,0.0,18.11,10.26,13.26,2.0,3.531,-1.0,0.958,1.3,4902
2014-09-07 22:46:00,0.0,0.0,0.0,816419.0,74.7,59.9,60.03,0.0,23539.0,341.0,74804.0,810905.0,0.0,1.0,0.0,0.0,0.0,273.1,273.1,273.8,0.979,273.0,0.748,273.0,0.921,274.0,0.0139999999999999,13.68,2.0,3.0,0.0,20.05,0.0,7.635,21.79,0.0,-0.027,-0.02,0.407,-0.0379999999999999,0.214,0.0,29.39,18.45,18.1,17.98,17.88,17.45,17.92,17.68,18.34,17.83,0.0069999999999999,0.008,0.0069999999999999,0.0069999999999999,0.009,0.008,0.011,930.0,945.0,935.0,929.0,946.0,924.0,815.0,0.0,0.0,0.0,0.0,0.0,0.0,0.0,0.0,6.615,0.0,60.23,0.0,0.0,0.0,0.0,0.0,0.0,0.0,0.0,0.0,0.0,20.36,20.0,0.0,18.17,24.36,30.87,2.0,3.531,-1.0,0.8579999999999999,1.4,4902
2014-09-07 22:47:00,0.0,0.0,0.0,816419.0,74.7,59.9,60.0,0.0,23539.0,341.0,74804.0,810905.0,0.0,1.0,0.0,0.0,0.0,272.8,273.1,273.8,0.979,273.0,0.748,273.0,0.921,274.0,0.0139999999999999,13.68,2.0,3.0,0.0,20.02,0.0,7.639999999999999,21.79,0.0,-0.027,-0.02,0.407,-0.0379999999999999,0.214,0.0,29.34,18.4,18.1,18.0,17.9,17.43,17.94,17.68,18.27,17.86,0.0069999999999999,0.008,0.0069999999999999,0.0069999999999999,0.009,0.008,0.011,930.0,945.0,935.0,929.0,946.0,924.0,815.0,0.0,0.0,0.0,0.0,0.0,0.0,0.0,0.0,6.779,0.0,60.15,0.0,0.0,0.0,0.0,0.0,0.0,0.0,0.0,0.0,0.0,20.31,19.95,0.0,18.15,14.33,19.29,2.0,3.53,-1.0,1.815,2.4,4902
2014-09-07 22:48:00,0.0,0.0,0.0,816419.0,74.7,59.9,60.0,0.0,23539.0,341.0,74804.0,810905.0,0.0,1.0,0.0,0.0,0.0,272.7,273.2,273.8,0.979,273.0,0.748,273.0,0.921,274.0,0.0139999999999999,13.68,2.0,3.0,0.0,20.02,0.0,7.663999999999999,21.79,0.0,-0.027,-0.019,0.407,-0.0379999999999999,0.214,0.0,29.34,18.39,18.1,18.01,17.99,17.51,18.02,17.75,18.4,17.94,0.0069999999999999,0.008,0.0069999999999999,0.0069999999999999,0.009,0.008,0.011,930.0,945.0,935.0,929.0,946.0,924.0,815.0,0.0,0.0,0.0,0.0,0.0,0.0,0.0,0.0,6.996,0.0,60.14,0.0,0.0,0.0,0.0,0.0,0.0,0.0,0.0,0.0,0.0,20.29,19.91,0.0,18.11,27.02,32.28,2.0,3.53,-1.0,1.273,2.6,4902
2014-09-07 22:49:00,0.0,0.0,0.0,816419.0,74.7,59.9,60.0,0.0,23539.0,341.0,74804.0,810905.0,0.0,1.0,0.0,0.0,0.0,273.0,273.1,273.8,0.979,273.0,0.748,273.0,0.921,274.0,0.0139999999999999,13.68,2.0,3.0,0.0,20.02,0.0,8.33,21.79,0.0,-0.026,-0.0149999999999999,0.407,-0.0379999999999999,0.214,0.0,29.31,18.44,18.13,18.09,18.01,17.61,18.02,17.81,18.48,17.96,0.0069999999999999,0.008,0.0069999999999999,0.0069999999999999,0.009,0.008,0.011,930.0,945.0,935.0,929.0,946.0,924.0,815.0,0.0,0.0,0.0,0.0,0.0,0.0,0.0,0.0,7.621,0.0,60.18,0.0,0.0,0.0,0.0,0.0,0.0,0.0,0.0,0.0,0.0,20.3,19.95,0.0,18.16,4.039,16.65,2.0,3.531,-1.0,1.13,2.2,4902
2014-09-07 22:50:00,0.0,0.0,0.0,816419.0,74.7,59.9,60.0,0.0,23539.0,341.0,74804.0,810905.0,0.0,1.0,0.0,0.0,0.0,273.2,273.5,274.1,0.979,273.0,0.748,273.0,0.921,274.0,0.0139999999999999,13.68,2.0,3.0,0.0,20.0,0.0,11.31,21.79,0.0,-0.022,-0.013,0.407,-0.0379999999999999,0.214,0.0,29.25,18.47,18.1,18.09,18.01,17.59,18.02,17.83,18.48,18.03,0.0069999999999999,0.0069999999999999,0.0069999999999999,0.0069999999999999,0.009,0.008,0.011,930.0,945.0,935.0,929.0,946.0,924.0,815.0,0.0,0.0,0.0,0.0,0.0,0.0,0.0,0.0,10.84,0.0,60.21,0.0,0.0,0.0,0.0,0.0,0.0,0.0,0.0,0.0,0.0,20.32,19.97,0.0,18.24,343.4,19.34,2.0,3.531,-1.0,0.8679999999999999,1.7,4902
2014-09-07 22:51:00,0.0,0.0,0.0,816419.0,74.7,59.9,60.0,0.0,23539.0,341.0,74804.0,810905.0,0.0,1.0,0.0,0.0,0.0,273.4,273.4,274.0,0.979,273.0,0.748,273.0,0.921,274.0,0.0139999999999999,13.68,2.0,3.0,0.0,20.0,0.0,13.4,21.79,0.0,-0.02,-0.013,0.407,-0.0379999999999999,0.214,0.0,29.25,18.54,18.13,18.06,18.01,17.57,18.02,17.81,18.5,18.03,0.0069999999999999,0.008,0.0069999999999999,0.0069999999999999,0.009,0.008,0.011,930.0,945.0,935.0,929.0,946.0,924.0,815.0,0.0,0.0,0.0,0.0,0.0,0.0,0.0,0.0,13.05,0.0,60.22,0.0,0.0,0.0,0.0,0.0,0.0,0.0,0.0,0.0,0.0,20.32,19.96,0.0,18.26,11.35,35.04,2.0,3.53,-1.0,0.787,1.3,4902
2014-09-07 22:52:00,0.0,0.0,0.0,816419.0,74.7,59.9,60.0,0.0,23539.0,341.0,74804.0,810905.0,0.0,1.0,0.0,0.0,0.0,273.3,273.4,274.1,0.979,273.0,0.748,273.0,0.921,274.0,0.0139999999999999,13.68,2.0,3.0,0.0,19.98,0.0,11.84,21.79,0.0,-0.02,-0.013,0.407,-0.0379999999999999,0.214,0.0,29.23,18.58,18.1,18.11,18.01,17.57,18.02,17.83,18.5,17.98,0.0069999999999999,0.0069999999999999,0.0069999999999999,0.0069999999999999,0.009,0.008,0.011,930.0,945.0,935.0,929.0,946.0,924.0,815.0,0.0,0.0,0.0,0.0,0.0,0.0,0.0,0.0,11.28,0.0,60.23,0.0,0.0,0.0,0.0,0.0,0.0,0.0,0.0,0.0,0.0,20.33,19.97,0.0,18.29,22.79,17.28,2.0,3.53,-1.0,1.165,2.2,4902
2014-09-07 22:53:00,0.0,0.0,0.0,816419.0,74.7,59.9,60.0,0.0,23539.0,341.0,74804.0,810905.0,0.0,1.0,0.0,0.0,0.0,273.3,273.4,274.0,0.979,273.0,0.748,273.0,0.921,274.0,0.0139999999999999,13.68,2.0,3.0,0.0,19.97,0.0,9.33,21.79,0.0,-0.02,-0.013,0.407,-0.0379999999999999,0.214,0.0,29.16,18.49,18.13,18.11,18.01,17.62,18.05,17.91,18.56,18.03,0.0069999999999999,0.0069999999999999,0.0069999999999999,0.0069999999999999,0.009,0.008,0.011,930.0,945.0,935.0,929.0,946.0,924.0,815.0,0.0,0.0,0.0,0.0,0.0,0.0,0.0,0.0,8.76,0.0,60.17,0.0,0.0,0.0,0.0,0.0,0.0,0.0,0.0,0.0,0.0,20.3,19.93,0.0,18.25,28.97,28.43,2.0,3.531,-1.0,1.172,2.5,4902
2014-09-07 22:54:00,0.0,0.0,0.0,816419.0,74.7,59.9,60.0,0.0,23539.0,341.0,74804.0,810905.0,0.0,1.0,0.0,0.0,0.0,273.4,273.5,274.1,0.979,273.0,0.748,273.0,0.921,274.0,0.0139999999999999,13.68,2.0,3.0,0.0,19.97,0.0,11.56,21.8,0.0,-0.02,-0.013,0.407,-0.0379999999999999,0.214,0.0,29.15,18.58,18.17,18.11,18.01,17.61,18.05,17.91,18.55,17.98,0.0069999999999999,0.0069999999999999,0.0069999999999999,0.0069999999999999,0.009,0.008,0.011,930.0,945.0,935.0,929.0,946.0,924.0,815.0,0.0,0.0,0.0,0.0,0.0,0.0,0.0,0.0,11.07,0.0,60.16,0.0,0.0,0.0,0.0,0.0,0.0,0.0,0.0,0.0,0.0,20.3,19.96,0.0,18.36,39.64,22.61,2.0,3.53,-1.0,0.7419999999999999,1.2,4902
2014-09-07 22:55:00,0.0,0.0,0.0,816419.0,74.7,59.9,60.0,0.0,23539.0,341.0,74804.0,810905.0,0.0,1.0,0.0,0.0,0.0,273.5,273.6,274.2,0.979,273.0,0.748,273.0,0.921,274.0,0.0139999999999999,13.68,2.0,3.0,0.0,19.95,0.0,10.23,21.8,0.0,-0.021,-0.013,0.407,-0.0379999999999999,0.214,0.0,29.15,18.49,18.1,18.04,18.01,17.62,18.02,17.91,18.5,17.93,0.0069999999999999,0.0069999999999999,0.0069999999999999,0.0069999999999999,0.009,0.008,0.011,930.0,945.0,935.0,929.0,946.0,924.0,815.0,0.0,0.0,0.0,0.0,0.0,0.0,0.0,0.0,9.670000000000002,0.0,60.21,0.0,0.0,0.0,0.0,0.0,0.0,0.0,0.0,0.0,0.0,20.26,19.88,0.0,18.22,14.92,26.6,2.0,3.531,-1.0,0.757,1.0,4902
2014-09-07 22:56:00,0.0,0.0,0.0,816419.0,74.7,59.9,60.0,0.0,23539.0,341.0,74804.0,810905.0,0.0,1.0,0.0,0.0,0.0,273.2,273.2,273.8,0.979,273.0,0.748,273.0,0.921,274.0,0.013,13.68,2.0,3.0,0.0,19.94,0.0,9.48,21.79,0.0,-0.026,-0.0139999999999999,0.407,-0.0379999999999999,0.214,0.0,29.05,18.42,18.1,18.01,17.93,17.62,17.94,17.83,18.42,17.86,0.0069999999999999,0.0069999999999999,0.0069999999999999,0.0069999999999999,0.009,0.008,0.011,930.0,945.0,935.0,929.0,946.0,924.0,815.0,0.0,0.0,0.0,0.0,0.0,0.0,0.0,0.0,8.779999999999998,0.0,60.21,0.0,0.0,0.0,0.0,0.0,0.0,0.0,0.0,0.0,0.0,20.21,19.83,0.0,18.14,12.06,16.89,2.0,3.531,-1.0,0.5849999999999999,0.9,4902
2014-09-07 22:57:00,0.0,0.0,0.0,816419.0,74.7,59.9,60.0,0.0,23539.0,341.0,74804.0,810905.0,0.0,1.0,0.0,0.0,0.0,273.0,273.1,273.7,0.979,273.0,0.748,273.0,0.921,273.8,0.013,13.68,2.0,3.0,0.0,19.93,0.0,10.75,21.79,0.0,-0.027,-0.0149999999999999,0.407,-0.0379999999999999,0.214,0.0,29.05,18.44,18.07,18.01,17.91,17.62,17.92,17.8,18.4,17.83,0.006,0.0069999999999999,0.0069999999999999,0.0069999999999999,0.009,0.008,0.011,930.0,945.0,935.0,929.0,946.0,924.0,815.0,0.0,0.0,0.0,0.0,0.0,0.0,0.0,0.0,10.17,0.0,60.22,0.0,0.0,0.0,0.0,0.0,0.0,0.0,0.0,0.0,0.0,20.22,19.88,0.0,18.19,357.4,66.37,2.0,3.53,-1.0,0.3679999999999999,1.1,4902
2014-09-07 22:58:00,0.0,0.0,0.0,816419.0,74.7,59.9,60.0,0.0,23539.0,341.0,74804.0,810905.0,0.0,1.0,0.0,0.0,0.0,272.8,272.9,273.5,0.979,272.8,0.748,272.7,0.921,273.3,0.013,13.68,2.0,3.0,0.0,19.92,0.0,9.31,21.8,0.0,-0.027,-0.017,0.407,-0.0379999999999999,0.214,0.0,29.05,18.45,18.0,17.98,17.9,17.62,17.9,17.82,18.38,17.83,0.006,0.0069999999999999,0.0069999999999999,0.0069999999999999,0.009,0.008,0.011,930.0,945.0,935.0,929.0,946.0,924.0,815.0,0.0,0.0,0.0,0.0,0.0,0.0,0.0,0.0,8.72,0.0,60.22,0.0,0.0,0.0,0.0,0.0,0.0,0.0,0.0,0.0,0.0,20.24,19.88,0.0,18.18,21.17,12.21,2.0,3.53,-1.0,0.65,1.1,4902
2014-09-07 22:59:00,0.0,0.0,0.0,816419.0,74.7,59.9,60.0,0.0,23539.0,341.0,74804.0,810905.0,0.0,1.0,0.0,0.0,0.0,272.8,272.8,273.4,0.979,272.5,0.748,272.5,0.921,273.0,0.013,13.68,2.0,3.0,0.0,19.92,0.0,8.71,21.79,0.0,-0.027,-0.02,0.407,-0.0379999999999999,0.214,0.0,28.98,18.39,17.94,17.91,17.82,17.56,17.82,17.74,18.29,17.73,0.0069999999999999,0.0069999999999999,0.0069999999999999,0.0069999999999999,0.009,0.008,0.011,930.0,945.0,935.0,929.0,946.0,924.0,815.0,0.0,0.0,0.0,0.0,0.0,0.0,0.0,0.0,7.95,0.0,60.21,0.0,0.0,0.0,0.0,0.0,0.0,0.0,0.0,0.0,0.0,20.21,19.85,0.0,18.1,4.17,14.83,2.0,3.531,-1.0,0.945,1.5,4902
2014-09-07 23:00:00,0.0,0.0,0.0,816419.0,74.7,59.9,60.0,0.0,23539.0,341.0,74804.0,810905.0,0.0,1.0,0.0,0.0,0.0,272.4,272.9,273.5,0.979,272.4,0.748,272.3,0.921,273.0,0.013,13.68,2.0,3.0,0.0,19.91,0.0,8.349999999999998,21.79,0.0,-0.027,-0.02,0.407,-0.0379999999999999,0.214,0.0,28.95,18.31,17.91,17.91,17.91,17.52,17.89,17.78,18.39,17.75,0.0069999999999999,0.0069999999999999,0.0069999999999999,0.0069999999999999,0.009,0.008,0.011,930.0,945.0,935.0,929.0,946.0,924.0,815.0,0.0,0.0,0.0,0.0,0.0,0.0,0.0,0.0,7.732999999999999,0.0,60.22,0.0,0.0,0.0,0.0,0.0,0.0,0.0,0.0,0.0,0.0,20.15,19.78,0.0,18.01,355.8,13.27,2.0,3.528,-1.0,0.988,1.5,4902
2014-09-07 23:01:00,0.0,0.0,0.0,816419.0,74.7,59.9,60.0,0.0,23539.0,341.0,74804.0,810905.0,0.0,1.0,0.0,0.0,0.0,272.9,272.7,273.3,0.979,272.3,0.748,272.0,0.921,273.0,0.013,13.68,2.0,3.0,0.0,19.89,0.0,9.14,21.79,0.0,-0.027,-0.018,0.407,-0.037,0.214,0.0,28.87,18.31,18.0,17.91,17.9,17.52,17.91,17.76,18.4,17.78,0.0069999999999999,0.0069999999999999,0.0069999999999999,0.0069999999999999,0.009,0.008,0.011,930.0,945.0,935.0,929.0,946.0,924.0,815.0,0.0,0.0,0.0,0.0,0.0,0.0,0.0,0.0,8.48,0.0,60.15,0.0,0.0,0.0,0.0,0.0,0.0,0.0,0.0,0.0,0.0,20.19,19.85,0.0,18.08,3.403,27.68,2.0,3.531,-1.0,0.6179999999999999,1.1,4902
2014-09-07 23:02:00,0.0,0.0,0.0,816419.0,74.7,59.9,60.0,0.0,23539.0,341.0,74804.0,810905.0,0.0,1.0,0.0,0.0,0.0,272.6,272.8,273.4,0.979,272.1,0.748,272.0,0.921,273.0,0.013,13.69,2.0,3.0,0.0,19.89,0.0,9.81,21.79,0.0,-0.027,-0.018,0.407,-0.0379999999999999,0.214,0.0,28.85,18.37,18.0,17.91,17.86,17.43,17.89,17.71,18.29,17.73,0.0069999999999999,0.0069999999999999,0.0069999999999999,0.0069999999999999,0.009,0.008,0.011,930.0,945.0,935.0,929.0,946.0,924.0,815.0,0.0,0.0,0.0,0.0,0.0,0.0,0.0,0.0,9.19,0.0,60.13,0.0,0.0,0.0,0.0,0.0,0.0,0.0,0.0,0.0,0.0,20.26,19.93,0.0,18.19,346.1,12.22,2.0,3.531,-1.0,1.135,1.5,4902
2014-09-07 23:03:00,0.0,0.0,0.0,816419.0,74.7,59.9,60.0,0.0,23539.0,341.0,74804.0,810905.0,0.0,1.0,0.0,0.0,0.0,272.7,272.8,273.5,0.979,272.7,0.748,272.5,0.921,273.0,0.013,13.68,2.0,3.0,0.0,19.86,0.0,9.72,21.79,0.0,-0.027,-0.018,0.407,-0.037,0.214,0.0,28.85,18.39,18.06,17.86,17.82,17.43,17.82,17.69,18.26,17.73,0.006,0.0069999999999999,0.0069999999999999,0.0069999999999999,0.009,0.008,0.011,930.0,945.0,935.0,929.0,946.0,924.0,815.0,0.0,0.0,0.0,0.0,0.0,0.0,0.0,0.0,9.08,0.0,60.14,0.0,0.0,0.0,0.0,0.0,0.0,0.0,0.0,0.0,0.0,20.27,19.92,0.0,18.13,10.65,23.23,2.0,3.53,-1.0,1.092,1.9,4902
2014-09-07 23:04:00,0.0,0.0,0.0,816419.0,74.7,59.9,60.0,0.0,23539.0,341.0,74804.0,810905.0,0.0,1.0,0.0,0.0,0.0,272.6,273.1,273.7,0.979,273.0,0.748,273.0,0.921,273.4,0.013,13.68,2.0,3.0,0.0,19.86,0.0,9.45,21.79,0.0,-0.027,-0.02,0.407,-0.0379999999999999,0.214,0.0,28.85,18.36,18.0,17.85,17.82,17.43,17.78,17.62,18.21,17.73,0.006,0.0069999999999999,0.0069999999999999,0.0069999999999999,0.009,0.008,0.011,930.0,945.0,935.0,929.0,946.0,924.0,815.0,0.0,0.0,0.0,0.0,0.0,0.0,0.0,0.0,8.75,0.0,60.13,0.0,0.0,0.0,0.0,0.0,0.0,0.0,0.0,0.0,0.0,20.2,19.84,0.0,18.09,25.05,34.12,2.0,3.53,-1.0,0.938,1.8,4902
2014-09-07 23:05:00,0.0,0.0,0.0,816419.0,74.7,59.9,60.0,0.0,23539.0,341.0,74804.0,810905.0,0.0,1.0,0.0,0.0,0.0,273.2,273.0,273.7,0.979,273.0,0.748,273.0,0.921,274.0,0.013,13.68,2.0,3.0,0.0,19.85,0.0,9.04,21.79,0.0,-0.027,-0.019,0.407,-0.037,0.214,0.0,28.76,18.29,17.97,17.82,17.82,17.43,17.73,17.62,18.24,17.65,0.0069999999999999,0.0069999999999999,0.0069999999999999,0.0069999999999999,0.009,0.008,0.011,930.0,945.0,935.0,929.0,946.0,924.0,815.0,0.0,0.0,0.0,0.0,0.0,0.0,0.0,0.0,8.3,0.0,60.22,0.0,0.0,0.0,0.0,0.0,0.0,0.0,0.0,0.0,0.0,20.15,19.79,0.0,18.05,13.77,33.61,2.0,3.531,-1.0,0.7229999999999999,1.4,4902
2014-09-07 23:06:00,0.0,0.0,0.0,816419.0,74.7,59.9,60.0,0.0,23539.0,341.0,74804.0,810905.0,0.0,1.0,0.0,0.0,0.0,273.2,273.1,273.8,0.979,273.0,0.748,273.0,0.921,274.0,0.013,13.68,2.0,3.0,0.0,19.84,0.0,9.16,21.8,0.0,-0.027,-0.018,0.407,-0.0379999999999999,0.214,0.0,28.76,18.29,17.91,17.82,17.82,17.43,17.73,17.62,18.24,17.65,0.006,0.0069999999999999,0.0069999999999999,0.0069999999999999,0.009,0.008,0.011,930.0,945.0,935.0,929.0,946.0,924.0,815.0,0.0,0.0,0.0,0.0,0.0,0.0,0.0,0.0,8.48,0.0,60.22,0.0,0.0,0.0,0.0,0.0,0.0,0.0,0.0,0.0,0.0,20.16,19.83,0.0,18.12,22.17,24.37,2.0,3.531,-1.0,0.757,1.2,4902
2014-09-07 23:07:00,0.0,0.0,0.0,816419.0,74.7,59.9,60.0,0.0,23539.0,341.0,74804.0,810905.0,0.0,1.0,0.0,0.0,0.0,273.2,273.2,273.8,0.979,273.0,0.748,273.0,0.921,274.0,0.013,13.68,2.0,3.0,0.0,19.82,0.0,8.349999999999998,21.8,0.0,-0.027,-0.017,0.407,-0.0379999999999999,0.214,0.0,28.74,18.29,17.91,17.82,17.82,17.43,17.74,17.64,18.3,17.65,0.006,0.0069999999999999,0.0069999999999999,0.0069999999999999,0.009,0.008,0.011,930.0,945.0,935.0,929.0,946.0,924.0,815.0,0.0,0.0,0.0,0.0,0.0,0.0,0.0,0.0,7.576,0.0,60.22,0.0,0.0,0.0,0.0,0.0,0.0,0.0,0.0,0.0,0.0,20.16,19.83,0.0,18.09,12.43,28.59,2.0,3.531,-1.0,0.68,1.3,4902
2014-09-07 23:08:00,0.0,0.0,0.0,816419.0,74.7,59.9,60.0,0.0,23539.0,341.0,74804.0,810905.0,0.0,1.0,0.0,0.0,0.0,273.3,273.1,273.7,0.979,273.0,0.748,273.0,0.921,274.0,0.013,13.68,2.0,3.0,0.0,19.81,0.0,8.269999999999998,21.8,0.0,-0.027,-0.017,0.407,-0.0379999999999999,0.214,0.0,28.66,18.27,17.89,17.82,17.75,17.43,17.73,17.62,18.24,17.63,0.0069999999999999,0.0069999999999999,0.0069999999999999,0.0069999999999999,0.009,0.008,0.011,930.0,945.0,935.0,929.0,946.0,924.0,815.0,0.0,0.0,0.0,0.0,0.0,0.0,0.0,0.0,7.521,0.0,60.22,0.0,0.0,0.0,0.0,0.0,0.0,0.0,0.0,0.0,0.0,20.15,19.78,0.0,18.01,23.2,43.83,2.0,3.531,-1.0,0.503,1.1,4902
2014-09-07 23:09:00,0.0,0.0,0.0,816419.0,74.7,59.9,60.0,0.0,23539.0,341.0,74804.0,810905.0,0.0,1.0,0.0,0.0,0.0,273.2,273.2,273.8,0.979,273.0,0.748,273.0,0.921,274.0,0.013,13.69,2.0,3.0,0.0,19.81,0.0,8.859999999999998,21.79,0.0,-0.027,-0.018,0.407,-0.0379999999999999,0.214,0.0,28.66,18.19,17.91,17.8,17.72,17.43,17.69,17.62,18.19,17.56,0.0069999999999999,0.0069999999999999,0.0069999999999999,0.0069999999999999,0.009,0.008,0.011,930.0,945.0,935.0,929.0,946.0,924.0,815.0,0.0,0.0,0.0,0.0,0.0,0.0,0.0,0.0,8.109999999999998,0.0,60.23,0.0,0.0,0.0,0.0,0.0,0.0,0.0,0.0,0.0,0.0,20.14,19.78,0.0,18.01,17.49,10.9,2.0,3.53,-1.0,0.882,1.4,4902
2014-09-07 23:10:00,0.0,0.0,0.0,816419.0,74.7,59.9,60.0,0.0,23539.0,341.0,74804.0,810905.0,0.0,1.0,0.0,0.0,0.0,273.3,273.2,273.8,0.979,273.0,0.748,273.0,0.921,274.0,0.013,13.69,2.0,3.0,0.0,19.79,0.0,11.1,21.79,0.0,-0.027,-0.019,0.407,-0.037,0.214,0.0,28.66,18.27,17.87,17.75,17.69,17.36,17.66,17.59,18.19,17.55,0.0069999999999999,0.0069999999999999,0.0069999999999999,0.0069999999999999,0.009,0.008,0.011,930.0,945.0,935.0,929.0,946.0,924.0,815.0,0.0,0.0,0.0,0.0,0.0,0.0,0.0,0.0,10.55,0.0,60.22,0.0,0.0,0.0,0.0,0.0,0.0,0.0,0.0,0.0,0.0,20.15,19.8,0.0,18.05,2.987,30.63,2.0,3.53,-1.0,0.677,1.3,4902
2014-09-07 23:11:00,0.0,0.0,0.0,816419.0,74.7,59.9,60.0,0.0,23539.0,341.0,74804.0,810905.0,0.0,1.0,0.0,0.0,0.0,273.1,273.1,273.7,0.979,273.0,0.748,273.0,0.921,274.0,0.013,13.68,2.0,3.0,0.0,19.78,0.0,11.1,21.8,0.0,-0.027,-0.018,0.407,-0.0379999999999999,0.214,0.0,28.56,18.19,17.81,17.75,17.72,17.33,17.68,17.59,18.21,17.59,0.006,0.0069999999999999,0.0069999999999999,0.0069999999999999,0.009,0.008,0.011,930.0,945.0,935.0,929.0,946.0,924.0,815.0,0.0,0.0,0.0,0.0,0.0,0.0,0.0,0.0,10.49,0.0,60.21,0.0,0.0,0.0,0.0,0.0,0.0,0.0,0.0,0.0,0.0,20.07,19.68,0.0,17.95,18.55,14.25,2.0,3.528,-1.0,0.79,1.1,4902
2014-09-07 23:12:00,0.0,0.0,0.0,816419.0,74.7,59.9,60.0,0.0,23539.0,341.0,74804.0,810905.0,0.0,1.0,0.0,0.0,0.0,273.2,273.2,273.8,0.979,273.0,0.748,273.0,0.921,274.0,0.013,13.68,2.0,3.0,0.0,19.77,0.0,14.21,21.79,0.0,-0.027,-0.019,0.407,-0.0379999999999999,0.214,0.0,28.56,18.18,17.81,17.72,17.62,17.33,17.63,17.52,18.16,17.55,0.006,0.0069999999999999,0.0069999999999999,0.0069999999999999,0.009,0.008,0.011,930.0,945.0,935.0,929.0,946.0,924.0,815.0,0.0,0.0,0.0,0.0,0.0,0.0,0.0,0.0,13.76,0.0,60.22,0.0,0.0,0.0,0.0,0.0,0.0,0.0,0.0,0.0,0.0,20.04,19.65,0.0,17.91,18.16,16.15,2.0,3.531,-1.0,0.978,1.5,4902
2014-09-07 23:13:00,0.0,0.0,0.0,816419.0,74.7,59.9,60.0,0.0,23539.0,341.0,74804.0,810905.0,0.0,1.0,0.0,0.0,0.0,273.0,273.1,273.8,0.979,273.0,0.748,273.0,0.921,274.0,0.013,13.68,2.0,3.0,0.0,19.76,0.0,17.38,21.79,0.0,-0.027,-0.02,0.407,-0.0379999999999999,0.214,0.0,28.51,18.1,17.81,17.65,17.62,17.31,17.6,17.51,18.08,17.45,0.006,0.0069999999999999,0.0069999999999999,0.0069999999999999,0.009,0.008,0.011,930.0,945.0,935.0,929.0,946.0,924.0,815.0,0.0,0.0,0.0,0.0,0.0,0.0,0.0,0.0,17.06,0.0,60.14,0.0,0.0,0.0,0.0,0.0,0.0,0.0,0.0,0.0,0.0,20.02,19.63,0.0,17.87,29.38,11.74,2.0,3.53,-1.0,0.927,1.4,4902
2014-09-07 23:14:00,0.0,0.0,0.0,816419.0,74.7,59.9,60.0,0.0,23539.0,341.0,74804.0,810905.0,0.0,1.0,0.0,0.0,0.0,273.0,273.1,273.7,0.979,273.0,0.748,273.0,0.921,274.0,0.013,13.68,2.0,3.0,0.0,19.75,0.0,17.24,21.79,0.0,-0.027,-0.02,0.407,-0.036,0.214,0.0,28.46,18.01,17.74,17.6,17.54,17.23,17.53,17.41,18.01,17.49,0.006,0.0069999999999999,0.0069999999999999,0.0069999999999999,0.009,0.0069999999999999,0.011,930.0,945.0,935.0,929.0,946.0,924.0,815.0,0.0,0.0,0.0,0.0,0.0,0.0,0.0,0.0,16.79,0.0,60.14,0.0,0.0,0.0,0.0,0.0,0.0,0.0,0.0,0.0,0.0,19.98,19.6,0.0,17.78,35.91,11.12,2.0,3.53,-1.0,1.077,1.5,4902
2014-09-07 23:15:00,0.0,0.0,0.0,816419.0,74.7,59.9,60.0,0.0,23539.0,341.0,74804.0,810905.0,0.0,1.0,0.0,0.0,0.0,273.0,273.1,273.8,0.979,273.0,0.748,273.0,0.921,274.0,0.013,13.69,2.0,3.0,0.0,19.73,0.0,16.69,21.79,0.0,-0.0299999999999999,-0.02,0.407,-0.0379999999999999,0.214,0.0,28.46,18.05,17.69,17.54,17.52,17.15,17.43,17.38,17.98,17.53,0.006,0.0069999999999999,0.0069999999999999,0.0069999999999999,0.008,0.008,0.011,930.0,945.0,935.0,929.0,946.0,924.0,815.0,0.0,0.0,0.0,0.0,0.0,0.0,0.0,0.0,16.25,0.0,60.17,0.0,0.0,0.0,0.0,0.0,0.0,0.0,0.0,0.0,0.0,20.01,19.67,0.0,17.88,11.5,23.15,2.0,3.531,-1.0,0.753,1.2,4902
2014-09-07 23:16:00,0.0,0.0,0.0,816419.0,74.7,59.9,60.0,0.0,23539.0,341.0,74804.0,810905.0,0.0,1.0,0.0,0.0,0.0,273.4,273.0,273.7,0.979,273.0,0.748,273.0,0.921,274.0,0.013,13.68,2.0,3.0,0.0,19.73,0.0,16.19,21.8,0.0,-0.033,-0.02,0.407,-0.037,0.214,0.0,28.46,18.05,17.64,17.51,17.44,17.13,17.41,17.3,17.91,17.51,0.006,0.0069999999999999,0.0069999999999999,0.0069999999999999,0.008,0.008,0.01,930.0,945.0,935.0,929.0,946.0,924.0,815.0,0.0,0.0,0.0,0.0,0.0,0.0,0.0,0.0,15.81,0.0,60.19,0.0,0.0,0.0,0.0,0.0,0.0,0.0,0.0,0.0,0.0,19.98,19.62,0.0,17.84,3.123,17.51,2.0,3.531,-1.0,1.188,1.9,4902
2014-09-07 23:17:00,0.0,0.0,0.0,816419.0,74.7,59.9,60.0,0.0,23539.0,341.0,74804.0,810905.0,0.0,1.0,0.0,0.0,0.0,273.3,273.0,273.7,0.979,273.0,0.748,273.0,0.921,274.0,0.013,13.69,2.0,3.0,0.0,19.7,0.0,16.0,21.8,0.0,-0.034,-0.02,0.407,-0.0379999999999999,0.214,0.0,28.41,18.0,17.68,17.44,17.39,17.04,17.33,17.23,17.85,17.51,0.006,0.0069999999999999,0.0069999999999999,0.0069999999999999,0.008,0.008,0.011,930.0,945.0,935.0,929.0,946.0,924.0,815.0,0.0,0.0,0.0,0.0,0.0,0.0,0.0,0.0,15.47,0.0,60.15,0.0,0.0,0.0,0.0,0.0,0.0,0.0,0.0,0.0,0.0,19.96,19.59,0.0,17.73,8.42,17.09,2.0,3.531,-1.0,1.162,1.8,4902
2014-09-07 23:18:00,0.0,0.0,0.0,816419.0,74.7,59.9,60.0,0.0,23539.0,341.0,74804.0,810905.0,0.0,1.0,0.0,0.0,0.0,273.1,273.2,273.9,0.979,273.0,0.748,273.0,0.921,274.0,0.013,13.68,2.0,3.0,0.0,19.7,0.0,14.77,21.8,0.0,-0.034,-0.02,0.407,-0.036,0.214,0.0,28.36,17.91,17.56,17.43,17.35,16.97,17.33,17.23,17.83,17.39,0.006,0.0069999999999999,0.0069999999999999,0.0069999999999999,0.009,0.0069999999999999,0.01,930.0,945.0,935.0,929.0,946.0,924.0,815.0,0.0,0.0,0.0,0.0,0.0,0.0,0.0,0.0,14.32,0.0,60.18,0.0,0.0,0.0,0.0,0.0,0.0,0.0,0.0,0.0,0.0,19.96,19.61,0.0,17.75,4.779,12.32,2.0,3.531,-1.0,1.207,1.6,4902
2014-09-07 23:19:00,0.0,0.0,0.0,816419.0,74.7,59.9,60.0,0.0,23539.0,341.0,74804.0,810905.0,0.0,1.0,0.0,0.0,0.0,273.3,273.2,273.8,0.979,273.0,0.748,273.0,0.921,274.0,0.013,13.68,2.0,3.0,0.0,19.69,0.0,13.81,21.79,0.0,-0.034,-0.02,0.407,-0.0379999999999999,0.214,0.0,28.36,17.84,17.52,17.39,17.33,16.87,17.3,17.2,17.83,17.41,0.006,0.0069999999999999,0.0069999999999999,0.0069999999999999,0.008,0.0069999999999999,0.01,930.0,945.0,935.0,929.0,946.0,924.0,815.0,0.0,0.0,0.0,0.0,0.0,0.0,0.0,0.0,13.28,0.0,60.22,0.0,0.0,0.0,0.0,0.0,0.0,0.0,0.0,0.0,0.0,19.96,19.61,0.0,17.66,9.85,11.34,2.0,3.532,-1.0,1.087,1.5,4902
2014-09-07 23:20:00,0.0,0.0,0.0,816419.0,74.7,59.9,60.0,0.0,23539.0,341.0,74804.0,810905.0,0.0,1.0,0.0,0.0,0.0,273.2,273.3,273.9,0.979,273.0,0.748,273.0,0.921,274.0,0.013,13.68,2.0,3.0,0.0,19.68,0.0,13.7,21.79,0.0,-0.034,-0.02,0.407,-0.0379999999999999,0.214,0.0,28.31,17.72,17.48,17.28,17.2,16.78,17.19,17.05,17.65,17.36,0.006,0.0069999999999999,0.0069999999999999,0.0069999999999999,0.008,0.0069999999999999,0.01,930.0,945.0,935.0,929.0,946.0,924.0,815.0,0.0,0.0,0.0,0.0,0.0,0.0,0.0,0.0,13.23,0.0,60.21,0.0,0.0,0.0,0.0,0.0,0.0,0.0,0.0,0.0,0.0,19.9,19.5,0.0,17.49,17.21,23.15,2.0,3.531,-1.0,1.033,1.6,4902
2014-09-07 23:21:00,0.0,0.0,0.0,816419.0,74.7,59.9,60.0,0.0,23539.0,341.0,74804.0,810905.0,0.0,1.0,0.0,0.0,0.0,273.4,273.3,273.9,0.979,273.0,0.748,273.0,0.921,274.0,0.013,13.68,2.0,3.0,0.0,19.66,0.0,12.54,21.8,0.0,-0.034,-0.021,0.407,-0.0379999999999999,0.214,0.0,28.27,17.62,17.4,17.23,17.13,16.68,17.14,17.04,17.64,17.18,0.006,0.0069999999999999,0.0069999999999999,0.0069999999999999,0.008,0.0069999999999999,0.01,930.0,945.0,935.0,929.0,946.0,924.0,815.0,0.0,0.0,0.0,0.0,0.0,0.0,0.0,0.0,12.0,0.0,60.22,0.0,0.0,0.0,0.0,0.0,0.0,0.0,0.0,0.0,0.0,19.89,19.51,0.0,17.44,7.885,37.37,2.0,3.528,-1.0,0.555,1.2,4902
2014-09-07 23:22:00,0.0,0.0,0.0,816419.0,74.7,59.9,60.0,0.0,23539.0,341.0,74804.0,810905.0,0.0,1.0,0.0,0.0,0.0,273.4,273.4,274.0,0.979,273.0,0.748,273.0,0.921,274.0,0.013,13.68,2.0,3.0,0.0,19.65,0.0,10.27,21.81,0.0,-0.036,-0.025,0.407,-0.0379999999999999,0.214,0.0,28.27,17.56,17.29,17.1,17.07,16.61,16.99,16.91,17.56,17.12,0.006,0.0069999999999999,0.0069999999999999,0.0069999999999999,0.008,0.0069999999999999,0.01,930.0,945.0,935.0,929.0,946.0,924.0,815.0,0.0,0.0,0.0,0.0,0.0,0.0,0.0,0.0,9.56,0.0,60.21,0.0,0.0,0.0,0.0,0.0,0.0,0.0,0.0,0.0,0.0,19.89,19.54,0.0,17.35,9.0,45.83,2.0,3.53,-1.0,0.4879999999999999,1.3,4902
2014-09-07 23:23:00,0.0,0.0,0.0,816419.0,74.7,59.9,60.0,0.0,23539.0,341.0,74804.0,810905.0,0.0,1.0,0.0,0.0,0.0,273.3,273.4,274.0,0.979,273.0,0.748,273.0,0.921,274.0,0.013,13.69,2.0,3.0,0.0,19.63,0.0,6.685,21.8,0.0,-0.04,-0.027,0.407,-0.0379999999999999,0.214,0.0,28.22,17.45,17.21,17.0,16.95,16.51,16.91,16.81,17.49,17.0,0.006,0.0069999999999999,0.0069999999999999,0.0069999999999999,0.008,0.0069999999999999,0.011,930.0,945.0,935.0,929.0,946.0,924.0,815.0,0.0,0.0,0.0,0.0,0.0,0.0,0.0,0.0,5.699,0.0,60.22,0.0,0.0,0.0,0.0,0.0,0.0,0.0,0.0,0.0,0.0,19.88,19.51,0.0,17.24,15.65,27.65,2.0,3.531,-1.0,0.647,1.4,4902
2014-09-07 23:24:00,0.0,0.0,0.0,816419.0,74.7,59.9,60.0,0.0,23539.0,341.0,74804.0,810905.0,0.0,1.0,0.0,0.0,0.0,273.4,273.3,273.9,0.979,273.0,0.748,273.0,0.921,274.0,0.013,13.68,2.0,3.0,0.0,19.61,0.0,7.907,21.79,0.0,-0.04,-0.027,0.407,-0.0379999999999999,0.214,0.0,28.17,17.39,17.13,16.87,16.87,16.43,16.78,16.69,17.38,16.89,0.006,0.0069999999999999,0.0069999999999999,0.0069999999999999,0.008,0.008,0.01,930.0,945.0,935.0,929.0,946.0,924.0,815.0,0.0,0.0,0.0,0.0,0.0,0.0,0.0,0.0,7.023,0.0,60.2,0.0,0.0,0.0,0.0,0.0,0.0,0.0,0.0,0.0,0.0,19.87,19.5,0.0,17.18,44.31,35.91,2.0,3.531,-1.0,0.512,0.9,4902
2014-09-07 23:25:00,0.0,0.0,0.0,816419.0,74.7,59.9,60.0,0.0,23539.0,341.0,74804.0,810905.0,0.0,1.0,0.0,0.0,0.0,273.5,273.4,274.0,0.979,273.0,0.748,273.0,0.921,274.0,0.013,13.68,2.0,3.0,0.0,19.6,0.0,6.892,21.8,0.0,-0.04,-0.027,0.407,-0.0379999999999999,0.214,0.0,28.17,17.26,17.06,16.78,16.76,16.35,16.7,16.58,17.25,16.76,0.006,0.0069999999999999,0.0069999999999999,0.0069999999999999,0.008,0.0069999999999999,0.01,930.0,945.0,935.0,929.0,946.0,924.0,815.0,0.0,0.0,0.0,0.0,0.0,0.0,0.0,0.0,5.7860000000000005,0.0,60.17,0.0,0.0,0.0,0.0,0.0,0.0,0.0,0.0,0.0,0.0,19.81,19.41,0.0,17.07,33.83,16.43,2.0,3.528,-1.0,1.015,2.0,4902
2014-09-07 23:26:00,0.0,0.0,0.0,816419.0,74.7,59.9,60.0,0.0,23539.0,341.0,74804.0,810905.0,0.0,1.0,0.0,0.0,0.0,273.4,273.5,274.1,0.979,273.0,0.748,273.0,0.921,274.0,0.023,13.69,2.0,3.0,0.0,19.58,0.0,5.653,21.79,0.0,-0.04,-0.027,0.407,-0.037,0.214,0.0,28.07,17.09,16.98,16.74,16.78,16.29,16.7,16.56,17.26,16.73,0.006,0.0069999999999999,0.0069999999999999,0.0069999999999999,0.008,0.0069999999999999,0.01,930.0,945.0,935.0,929.0,946.0,924.0,815.0,0.0,0.0,0.0,0.0,0.0,0.0,0.0,0.0,4.603,0.0,60.13,0.0,0.0,0.0,0.0,0.0,0.0,0.0,0.0,0.0,0.0,19.69,19.26,0.0,16.88,54.07,7.632,2.0,3.531,-1.0,0.767,1.0,4902
2014-09-07 23:27:00,0.0,0.0,0.0,816419.0,74.7,59.9,60.0,0.0,23539.0,341.0,74804.0,810905.0,0.0,1.0,0.0,0.0,0.0,273.7,273.4,274.0,0.979,273.0,0.748,273.0,0.921,274.0,0.033,13.72,2.0,3.0,0.0,19.56,0.0,9.49,21.8,0.0,-0.04,-0.027,0.407,-0.036,0.2129999999999999,0.0,28.07,16.99,16.88,16.65,16.65,16.2,16.55,16.45,17.13,16.57,0.006,0.0069999999999999,0.0069999999999999,0.0069999999999999,0.008,0.0069999999999999,0.01,930.0,945.0,935.0,929.0,946.0,924.0,815.0,0.0,0.0,0.0,0.0,0.0,0.0,0.0,0.0,8.67,0.0,60.15,0.0,0.0,0.0,0.0,0.0,0.0,0.0,0.0,0.0,0.0,19.61,19.17,0.0,16.75,40.61,23.24,2.0,3.531,-1.0,0.745,1.4,4902
2014-09-07 23:28:00,0.0,0.0,0.0,816419.0,74.7,59.9,60.0,0.0,23539.0,341.0,74804.0,810905.0,0.0,1.0,0.0,0.0,0.0,273.4,273.7,274.3,0.979,273.1,0.748,273.0,0.921,274.0,0.018,13.72,2.0,3.0,0.0,19.54,0.0,5.795,21.8,0.0,-0.04,-0.027,0.407,-0.0379999999999999,0.214,0.0,28.05,16.87,16.78,16.55,16.59,16.07,16.49,16.35,17.04,16.45,0.006,0.0069999999999999,0.0069999999999999,0.0069999999999999,0.008,0.0069999999999999,0.01,930.0,945.0,935.0,929.0,946.0,924.0,815.0,0.0,0.0,0.0,0.0,0.0,0.0,0.0,0.0,4.611000000000001,0.0,60.18,0.0,0.0,0.0,0.0,0.0,0.0,0.0,0.0,0.0,0.0,19.54,19.14,0.0,16.64,41.15,9.87,2.0,3.53,-1.0,0.8579999999999999,1.4,4902
2014-09-07 23:29:00,0.0,0.0,0.0,816419.0,74.7,59.9,60.0,0.0,23539.0,341.0,74804.0,810905.0,0.0,1.0,0.0,0.0,0.0,272.7,272.4,273.1,0.979,272.2,0.748,272.2,0.921,273.2,0.016,13.72,2.0,3.0,0.0,19.52,0.0,5.9510000000000005,21.8,0.0,-0.04,-0.027,0.407,-0.0379999999999999,0.214,0.0,27.97,16.79,16.74,16.45,16.45,16.06,16.42,16.25,17.04,16.37,0.006,0.0069999999999999,0.0069999999999999,0.006,0.008,0.0069999999999999,0.01,930.0,945.0,935.0,929.0,946.0,924.0,815.0,0.0,0.0,0.0,0.0,0.0,0.0,0.0,0.0,4.922,0.0,60.22,0.0,0.0,0.0,0.0,0.0,0.0,0.0,0.0,0.0,0.0,19.52,19.13,0.0,16.58,33.05,14.35,2.0,3.53,-1.0,0.7299999999999999,1.5,4902
2014-09-07 23:30:00,0.0,0.0,0.0,816419.0,74.7,59.9,60.0,0.0,23539.0,341.0,74804.0,810905.0,0.0,1.0,0.0,0.0,0.0,272.3,272.4,273.0,0.979,272.0,0.748,272.0,0.921,273.0,0.0149999999999999,13.72,2.0,3.0,0.0,19.49,0.0,6.532,21.81,0.0,-0.04,-0.027,0.407,-0.037,0.214,0.0,27.97,16.68,16.63,16.43,16.42,16.03,16.34,16.19,16.94,16.27,0.006,0.0069999999999999,0.0069999999999999,0.0069999999999999,0.008,0.0069999999999999,0.01,930.0,945.0,935.0,929.0,946.0,924.0,815.0,0.0,0.0,0.0,0.0,0.0,0.0,0.0,0.0,5.386,0.0,60.22,0.0,0.0,0.0,0.0,0.0,0.0,0.0,0.0,0.0,0.0,19.45,19.04,0.0,16.46,30.5,16.97,2.0,3.531,-1.0,0.6169999999999999,0.9,4902
2014-09-07 23:31:00,0.0,0.0,0.0,816419.0,74.7,59.9,60.0,0.0,23539.0,341.0,74804.0,810905.0,0.0,1.0,0.0,0.0,0.0,272.4,272.4,273.1,0.979,272.0,0.748,272.0,0.921,273.0,0.0139999999999999,13.72,2.0,3.0,0.0,19.48,0.0,6.72,21.79,0.0,-0.042,-0.027,0.407,-0.037,0.214,0.0,27.94,16.63,16.66,16.35,16.35,15.98,16.26,16.16,16.86,16.18,0.006,0.0069999999999999,0.0069999999999999,0.0069999999999999,0.008,0.0069999999999999,0.01,930.0,945.0,935.0,929.0,946.0,924.0,815.0,0.0,0.0,0.0,0.0,0.0,0.0,0.0,0.0,5.638,0.0,60.21,0.0,0.0,0.0,0.0,0.0,0.0,0.0,0.0,0.0,0.0,19.46,19.1,0.0,16.45,47.11,33.65,2.0,3.53,-1.0,0.528,1.0,4902
2014-09-07 23:32:00,0.0,0.0,0.0,816419.0,74.7,59.9,60.0,0.0,23539.0,341.0,74804.0,810905.0,0.0,1.0,0.0,0.0,0.0,272.4,272.5,273.2,0.979,272.0,0.748,272.0,0.921,273.0,0.0139999999999999,13.72,2.0,3.0,0.0,19.45,0.0,7.945,21.8,0.0,-0.04,-0.027,0.407,-0.037,0.2129999999999999,0.0,27.88,16.63,16.56,16.32,16.32,15.96,16.2,16.07,16.84,16.13,0.006,0.0069999999999999,0.0069999999999999,0.006,0.008,0.0069999999999999,0.01,930.0,945.0,935.0,929.0,946.0,924.0,815.0,0.0,0.0,0.0,0.0,0.0,0.0,0.0,0.0,7.021,0.0,60.21,0.0,0.0,0.0,0.0,0.0,0.0,0.0,0.0,0.0,0.0,19.48,19.11,0.0,16.45,19.67,8.939999999999998,2.0,3.53,-1.0,0.695,1.0,4902
2014-09-07 23:33:00,0.0,0.0,0.0,816419.0,74.7,59.9,60.0,0.0,23539.0,341.0,74804.0,810905.0,0.0,1.0,0.0,0.0,0.0,272.5,272.4,273.0,0.979,272.0,0.748,272.0,0.921,273.0,0.0139999999999999,13.72,2.0,3.0,0.0,19.43,0.0,6.868,21.8,0.0,-0.042,-0.027,0.407,-0.0379999999999999,0.214,0.0,27.88,16.63,16.41,16.25,16.24,15.86,16.16,16.03,16.74,16.08,0.006,0.0069999999999999,0.0069999999999999,0.0069999999999999,0.008,0.0069999999999999,0.01,930.0,945.0,935.0,929.0,946.0,924.0,815.0,0.0,0.0,0.0,0.0,0.0,0.0,0.0,0.0,5.821000000000001,0.0,60.21,0.0,0.0,0.0,0.0,0.0,0.0,0.0,0.0,0.0,0.0,19.51,19.12,0.0,16.41,31.1,4.402,2.0,3.53,-1.0,0.625,0.9,4902
2014-09-07 23:34:00,0.0,0.0,0.0,816419.0,74.7,59.9,60.0,0.0,23539.0,341.0,74804.0,810905.0,0.0,1.0,0.0,0.0,0.0,272.5,272.6,273.2,0.979,272.0,0.748,272.0,0.921,273.0,0.0139999999999999,13.72,2.0,3.0,0.0,19.4,0.0,7.724,21.79,0.0,-0.047,-0.027,0.407,-0.0379999999999999,0.2129999999999999,0.0,27.81,16.63,16.37,16.16,16.16,15.86,16.05,15.94,16.65,15.99,0.006,0.0069999999999999,0.0069999999999999,0.0069999999999999,0.008,0.0069999999999999,0.01,930.0,945.0,935.0,929.0,946.0,924.0,815.0,0.0,0.0,0.0,0.0,0.0,0.0,0.0,0.0,6.726,0.0,60.22,0.0,0.0,0.0,0.0,0.0,0.0,0.0,0.0,0.0,0.0,19.54,19.16,0.0,16.43,26.03,10.7,2.0,3.531,-1.0,0.66,1.0,4902
2014-09-07 23:35:00,0.0,0.0,0.0,816419.0,74.7,59.9,60.0,0.0,23539.0,341.0,74804.0,810905.0,0.0,1.0,0.0,0.0,0.0,272.6,272.7,273.3,0.979,272.0,0.748,272.0,0.921,273.0,0.0139999999999999,13.72,2.0,3.0,0.0,19.38,0.0,9.23,21.8,0.0,-0.047,-0.027,0.407,-0.0379999999999999,0.214,0.0,27.78,16.54,16.31,16.11,16.07,15.81,16.03,15.88,16.61,15.98,0.006,0.0069999999999999,0.0069999999999999,0.006,0.008,0.0069999999999999,0.01,930.0,945.0,935.0,929.0,946.0,924.0,815.0,0.0,0.0,0.0,0.0,0.0,0.0,0.0,0.0,8.41,0.0,60.22,0.0,0.0,0.0,0.0,0.0,0.0,0.0,0.0,0.0,0.0,19.5,19.08,0.0,16.32,27.25,11.02,2.0,3.531,-1.0,0.82,1.1,4902
2014-09-07 23:36:00,0.0,0.0,0.0,816419.0,74.7,59.9,60.0,0.0,23539.0,341.0,74804.0,810905.0,0.0,1.0,0.0,0.0,0.0,273.2,273.3,273.9,0.979,272.8,0.748,272.8,0.921,273.8,0.0139999999999999,13.72,2.0,3.0,0.0,19.36,0.0,9.65,21.8,0.0,-0.047,-0.027,0.407,-0.037,0.214,0.0,27.76,16.44,16.25,16.06,16.06,15.77,15.97,15.86,16.53,15.95,0.006,0.0069999999999999,0.006,0.006,0.008,0.0069999999999999,0.01,930.0,945.0,935.0,929.0,946.0,924.0,815.0,0.0,0.0,0.0,0.0,0.0,0.0,0.0,0.0,8.89,0.0,60.23,0.0,0.0,0.0,0.0,0.0,0.0,0.0,0.0,0.0,0.0,19.47,19.07,0.0,16.25,22.81,12.26,2.0,3.53,-1.0,0.632,0.9,4902
2014-09-07 23:37:00,0.0,0.0,0.0,816419.0,74.7,59.9,60.0,0.0,23539.0,341.0,74804.0,810905.0,0.0,1.0,0.0,0.0,0.0,273.7,273.4,273.9,0.979,273.0,0.748,273.0,0.921,274.0,0.0139999999999999,13.72,2.0,3.0,0.0,19.33,0.0,8.439999999999998,21.8,0.0,-0.047,-0.027,0.407,-0.0379999999999999,0.214,0.0,27.68,16.46,16.25,16.04,15.98,15.7,15.94,15.78,16.46,15.9,0.006,0.0069999999999999,0.0069999999999999,0.006,0.008,0.0069999999999999,0.01,930.0,945.0,935.0,929.0,946.0,924.0,815.0,0.0,0.0,0.0,0.0,0.0,0.0,0.0,0.0,7.554999999999999,0.0,60.15,0.0,0.0,0.0,0.0,0.0,0.0,0.0,0.0,0.0,0.0,19.49,19.12,0.0,16.28,26.6,17.79,2.0,3.531,-1.0,0.905,1.3,4902
2014-09-07 23:38:00,0.0,0.0,0.0,816419.0,74.7,59.9,60.0,0.0,23539.0,341.0,74804.0,810905.0,0.0,1.0,0.0,0.0,0.0,273.4,273.7,274.2,0.979,273.0,0.748,273.0,0.921,274.0,0.0139999999999999,13.72,2.0,3.0,0.0,19.31,0.0,8.099999999999998,21.81,0.0,-0.0449999999999999,-0.027,0.407,-0.0379999999999999,0.214,0.0,27.68,16.5,16.29,15.99,15.96,15.67,15.87,15.77,16.45,15.92,0.006,0.0069999999999999,0.006,0.006,0.008,0.0069999999999999,0.01,930.0,945.0,935.0,929.0,946.0,924.0,815.0,0.0,0.0,0.0,0.0,0.0,0.0,0.0,0.0,7.158,0.0,60.13,0.0,0.0,0.0,0.0,0.0,0.0,0.0,0.0,0.0,0.0,19.5,19.12,0.0,16.32,6.023,18.45,2.0,3.531,-1.0,0.968,1.3,4902
2014-09-07 23:39:00,0.0,0.0,0.0,816419.0,74.7,59.9,60.0,0.0,23539.0,341.0,74804.0,810905.0,0.0,1.0,0.0,0.0,0.0,273.6,273.8,274.4,0.979,273.6,0.748,273.0,0.921,274.0,0.0139999999999999,13.72,2.0,3.0,0.0,19.28,0.0,6.9110000000000005,21.81,0.0,-0.0409999999999999,-0.027,0.407,-0.0379999999999999,0.2129999999999999,0.0,27.68,16.44,16.31,15.96,15.96,15.65,15.87,15.7,16.45,15.98,0.006,0.0069999999999999,0.006,0.006,0.008,0.0069999999999999,0.01,930.0,945.0,935.0,929.0,946.0,924.0,815.0,0.0,0.0,0.0,0.0,0.0,0.0,0.0,0.0,5.779,0.0,60.21,0.0,0.0,0.0,0.0,0.0,0.0,0.0,0.0,0.0,0.0,19.48,19.08,0.0,16.27,0.4529999999999999,21.55,2.0,3.53,-1.0,0.6019999999999999,1.3,4902
2014-09-07 23:40:00,0.0,0.0,0.0,816419.0,74.7,59.9,60.0,0.0,23539.0,341.0,74804.0,810905.0,0.0,1.0,0.0,0.0,0.0,274.0,273.7,274.3,0.979,273.6,0.748,273.0,0.921,274.0,0.0139999999999999,13.72,2.0,3.0,0.0,19.26,0.0,7.724999999999999,21.79,0.0,-0.04,-0.027,0.407,-0.0379999999999999,0.2129999999999999,0.0,27.6,16.44,16.32,15.96,15.94,15.57,15.87,15.67,16.35,15.88,0.006,0.0069999999999999,0.0069999999999999,0.006,0.008,0.0069999999999999,0.01,930.0,945.0,935.0,929.0,946.0,924.0,815.0,0.0,0.0,0.0,0.0,0.0,0.0,0.0,0.0,6.698,0.0,60.22,0.0,0.0,0.0,0.0,0.0,0.0,0.0,0.0,0.0,0.0,19.48,19.1,0.0,16.28,12.56,20.52,2.0,3.531,-1.0,1.065,1.5,4902
2014-09-07 23:41:00,0.0,0.0,0.0,816419.0,74.7,59.9,60.0,0.0,23539.0,341.0,74804.0,810905.0,0.0,1.0,0.0,0.0,0.0,273.8,273.8,274.4,0.979,273.8,0.748,273.2,0.921,274.0,0.0139999999999999,13.72,2.0,3.0,0.0,19.23,0.0,8.3,21.8,0.0,-0.04,-0.027,0.407,-0.0379999999999999,0.214,0.0,27.58,16.44,16.29,15.98,16.01,15.55,15.91,15.75,16.48,15.98,0.006,0.0069999999999999,0.0069999999999999,0.006,0.008,0.0069999999999999,0.01,930.0,945.0,935.0,929.0,946.0,924.0,815.0,0.0,0.0,0.0,0.0,0.0,0.0,0.0,0.0,7.444,0.0,60.22,0.0,0.0,0.0,0.0,0.0,0.0,0.0,0.0,0.0,0.0,19.47,19.09,0.0,16.29,5.318,28.43,2.0,3.53,-1.0,0.7879999999999999,1.4,4902
2014-09-07 23:42:00,0.0,0.0,0.0,816419.0,74.7,59.9,60.0,0.0,23539.0,341.0,74804.0,810905.0,0.0,1.0,0.0,0.0,0.0,273.8,273.9,274.4,0.979,273.8,0.748,273.1,0.921,274.0,0.0139999999999999,13.72,2.0,3.0,0.0,19.21,0.0,10.56,21.8,0.0,-0.04,-0.027,0.407,-0.037,0.214,0.0,27.51,16.48,16.25,15.98,16.03,15.52,15.97,15.77,16.51,15.98,0.006,0.0069999999999999,0.006,0.006,0.008,0.0069999999999999,0.01,930.0,945.0,935.0,929.0,946.0,924.0,815.0,0.0,0.0,0.0,0.0,0.0,0.0,0.0,0.0,9.89,0.0,60.19,0.0,0.0,0.0,0.0,0.0,0.0,0.0,0.0,0.0,0.0,19.46,19.06,0.0,16.3,345.6,38.1,2.0,3.531,-1.0,0.502,0.9,4902
2014-09-07 23:43:00,0.0,0.0,0.0,816419.0,74.7,59.9,60.0,0.0,23539.0,341.0,74804.0,810905.0,0.0,1.0,0.0,0.0,0.0,273.7,273.7,274.3,0.979,273.2,0.748,273.0,0.921,274.0,0.0139999999999999,13.72,2.0,3.0,0.0,19.18,0.0,11.72,21.8,0.0,-0.04,-0.026,0.407,-0.037,0.2129999999999999,0.0,27.48,16.52,16.35,15.96,15.96,15.56,15.91,15.67,16.47,15.98,0.006,0.0069999999999999,0.006,0.006,0.008,0.0069999999999999,0.01,930.0,945.0,935.0,929.0,946.0,924.0,815.0,0.0,0.0,0.0,0.0,0.0,0.0,0.0,0.0,11.06,0.0,60.21,0.0,0.0,0.0,0.0,0.0,0.0,0.0,0.0,0.0,0.0,19.46,19.09,0.0,16.3,15.27,10.39,2.0,3.531,-1.0,0.942,1.5,4902
2014-09-07 23:44:00,0.0,0.0,0.0,816419.0,74.7,59.9,60.0,0.0,23539.0,341.0,74804.0,810905.0,0.0,1.0,0.0,0.0,0.0,273.8,273.7,274.3,0.979,273.5,0.748,273.0,0.921,274.0,0.0139999999999999,13.72,2.0,3.0,0.0,19.16,0.0,12.64,21.8,0.0,-0.0379999999999999,-0.022,0.407,-0.0379999999999999,0.214,0.0,27.48,16.57,16.35,16.01,15.98,15.57,16.04,15.75,16.58,16.01,0.006,0.0069999999999999,0.006,0.006,0.008,0.0069999999999999,0.01,930.0,945.0,935.0,929.0,946.0,924.0,815.0,0.0,0.0,0.0,0.0,0.0,0.0,0.0,0.0,12.01,0.0,60.22,0.0,0.0,0.0,0.0,0.0,0.0,0.0,0.0,0.0,0.0,19.48,19.11,0.0,16.3,346.7,23.08,2.0,3.531,-1.0,0.677,1.2,4902
2014-09-07 23:45:00,0.0,0.0,0.0,816419.0,74.7,59.9,60.0,0.0,23539.0,341.0,74804.0,810905.0,0.0,1.0,0.0,0.0,0.0,273.8,273.7,274.3,0.979,273.2,0.748,273.0,0.921,274.0,0.0139999999999999,13.72,2.0,3.0,0.0,19.14,0.0,11.1,21.79,0.0,-0.034,-0.02,0.407,-0.0379999999999999,0.2129999999999999,0.0,27.45,16.6,16.38,16.06,16.06,15.57,16.09,15.78,16.65,16.1,0.006,0.0069999999999999,0.006,0.006,0.008,0.0069999999999999,0.01,930.0,945.0,935.0,929.0,946.0,924.0,815.0,0.0,0.0,0.0,0.0,0.0,0.0,0.0,0.0,10.43,0.0,60.22,0.0,0.0,0.0,0.0,0.0,0.0,0.0,0.0,0.0,0.0,19.54,19.18,0.0,16.41,347.1,14.03,2.0,3.53,-1.0,1.158,1.6,4902
2014-09-07 23:46:00,0.0,0.0,0.0,816419.0,74.7,59.9,60.0,0.0,23539.0,341.0,74804.0,810905.0,0.0,1.0,0.0,0.0,0.0,273.7,273.8,274.3,0.979,273.0,0.748,273.0,0.921,274.0,0.0139999999999999,13.72,2.0,3.0,0.0,19.11,0.0,12.38,21.8,0.0,-0.034,-0.02,0.407,-0.037,0.214,0.0,27.39,16.78,16.45,16.11,16.09,15.57,16.22,15.86,16.7,16.19,0.006,0.0069999999999999,0.006,0.006,0.008,0.0069999999999999,0.01,930.0,945.0,935.0,929.0,946.0,924.0,815.0,0.0,0.0,0.0,0.0,0.0,0.0,0.0,0.0,11.74,0.0,60.22,0.0,0.0,0.0,0.0,0.0,0.0,0.0,0.0,0.0,0.0,19.57,19.21,0.0,16.57,351.2,16.68,2.0,3.531,-1.0,1.098,1.6,4902
2014-09-07 23:47:00,0.0,0.0,0.0,816419.0,74.7,59.9,60.0,0.0,23539.0,341.0,74804.0,810905.0,0.0,1.0,0.0,0.0,0.0,273.8,273.7,274.2,0.979,273.0,0.748,273.0,0.921,274.0,0.0139999999999999,13.72,2.0,3.0,0.0,19.09,0.0,8.779999999999998,21.8,0.0,-0.034,-0.02,0.407,-0.0379999999999999,0.214,0.0,27.37,16.92,16.51,16.16,16.18,15.64,16.27,15.91,16.77,16.27,0.006,0.0069999999999999,0.006,0.006,0.008,0.0069999999999999,0.01,930.0,945.0,935.0,929.0,946.0,924.0,815.0,0.0,0.0,0.0,0.0,0.0,0.0,0.0,0.0,7.917999999999998,0.0,60.23,0.0,0.0,0.0,0.0,0.0,0.0,0.0,0.0,0.0,0.0,19.56,19.21,0.0,16.69,353.1,19.18,2.0,3.53,-1.0,0.932,1.2,4902
2014-09-07 23:48:00,0.0,0.0,0.0,816419.0,74.7,59.9,60.0,0.0,23539.0,341.0,74804.0,810905.0,0.0,1.0,0.0,0.0,0.0,273.9,273.7,274.2,0.979,273.3,0.748,273.0,0.921,274.0,0.0139999999999999,13.72,2.0,3.0,0.0,19.08,0.0,8.72,21.81,0.0,-0.031,-0.02,0.407,-0.0379999999999999,0.214,0.0,27.29,17.03,16.56,16.22,16.29,15.67,16.3,15.99,16.82,16.36,0.006,0.0069999999999999,0.0069999999999999,0.006,0.008,0.0069999999999999,0.01,930.0,945.0,935.0,929.0,946.0,924.0,815.0,0.0,0.0,0.0,0.0,0.0,0.0,0.0,0.0,7.744,0.0,60.22,0.0,0.0,0.0,0.0,0.0,0.0,0.0,0.0,0.0,0.0,19.6,19.24,0.0,16.81,345.1,23.6,2.0,3.53,-1.0,1.183,1.8,4902
2014-09-07 23:49:00,0.0,0.0,0.0,816419.0,74.7,59.9,60.0,0.0,23539.0,341.0,74804.0,810905.0,0.0,1.0,0.0,0.0,0.0,273.9,273.8,274.4,0.979,274.0,0.748,273.4,0.921,274.0,0.0139999999999999,13.72,2.0,3.0,0.0,19.05,0.0,8.529999999999998,21.79,0.0,-0.027,-0.02,0.407,-0.0379999999999999,0.2129999999999999,0.0,27.29,17.14,16.66,16.31,16.36,15.7,16.45,16.06,16.93,16.44,0.006,0.0069999999999999,0.0069999999999999,0.006,0.008,0.0069999999999999,0.01,930.0,945.0,935.0,929.0,946.0,924.0,815.0,0.0,0.0,0.0,0.0,0.0,0.0,0.0,0.0,7.67,0.0,60.22,0.0,0.0,0.0,0.0,0.0,0.0,0.0,0.0,0.0,0.0,19.61,19.27,0.0,16.91,348.9,16.84,2.0,3.53,-1.0,1.205,1.7,4902
2014-09-07 23:50:00,0.0,0.0,0.0,816419.0,74.7,59.9,60.0,0.0,23539.0,341.0,74804.0,810905.0,0.0,1.0,0.0,0.0,0.0,273.8,274.0,274.5,0.979,274.0,0.748,274.0,0.921,274.0,0.0139999999999999,13.72,2.0,3.0,0.0,19.03,0.0,8.779999999999998,21.8,0.0,-0.027,-0.019,0.407,-0.037,0.2129999999999999,0.0,27.29,17.26,16.74,16.36,16.37,15.78,16.48,16.11,16.97,16.53,0.006,0.0069999999999999,0.006,0.006,0.008,0.0069999999999999,0.01,930.0,945.0,935.0,929.0,946.0,924.0,815.0,0.0,0.0,0.0,0.0,0.0,0.0,0.0,0.0,7.8279999999999985,0.0,60.21,0.0,0.0,0.0,0.0,0.0,0.0,0.0,0.0,0.0,0.0,19.6,19.26,0.0,17.01,349.6,13.58,2.0,3.53,-1.0,1.39,2.1,4902
2014-09-07 23:51:00,0.0,0.0,0.0,816419.0,74.7,59.9,60.0,0.0,23539.0,341.0,74804.0,810905.0,0.0,1.0,0.0,0.0,0.0,274.2,273.8,274.3,0.979,274.0,0.748,274.0,0.921,274.0,0.0139999999999999,13.72,2.0,3.0,0.0,19.02,0.0,8.24,21.81,0.0,-0.027,-0.017,0.407,-0.0379999999999999,0.2129999999999999,0.0,27.27,17.35,16.78,16.5,16.48,15.85,16.63,16.24,17.12,16.63,0.006,0.0069999999999999,0.0069999999999999,0.006,0.008,0.0069999999999999,0.01,930.0,945.0,935.0,929.0,946.0,924.0,815.0,0.0,0.0,0.0,0.0,0.0,0.0,0.0,0.0,7.386,0.0,60.2,0.0,0.0,0.0,0.0,0.0,0.0,0.0,0.0,0.0,0.0,19.58,19.23,0.0,17.09,349.5,11.99,2.0,3.531,-1.0,1.485,1.8,4902
2014-09-07 23:52:00,0.0,0.0,0.0,816419.0,74.7,59.9,60.0,0.0,23539.0,341.0,74804.0,810905.0,0.0,1.0,0.0,0.0,0.0,274.0,274.0,274.5,0.979,274.0,0.748,274.0,0.921,274.0,0.0139999999999999,13.72,2.0,3.0,0.0,19.0,0.0,7.776,21.8,0.0,-0.024,-0.0139999999999999,0.407,-0.0379999999999999,0.2129999999999999,0.0,27.19,17.44,16.84,16.55,16.58,15.96,16.69,16.34,17.27,16.7,0.006,0.0069999999999999,0.006,0.006,0.008,0.0069999999999999,0.01,930.0,945.0,935.0,929.0,946.0,924.0,815.0,0.0,0.0,0.0,0.0,0.0,0.0,0.0,0.0,6.78,0.0,60.21,0.0,0.0,0.0,0.0,0.0,0.0,0.0,0.0,0.0,0.0,19.55,19.2,0.0,17.13,351.9,7.732999999999999,2.0,3.531,-1.0,1.702,2.4,4902
2014-09-07 23:53:00,0.0,0.0,0.0,816419.0,74.7,59.9,60.0,0.0,23539.0,341.0,74804.0,810905.0,0.0,1.0,0.0,0.0,0.0,273.9,274.1,274.6,0.979,274.0,0.748,274.0,0.921,274.0,0.0139999999999999,13.72,2.0,3.0,0.0,18.97,0.0,7.632999999999998,21.81,0.0,-0.02,-0.013,0.407,-0.0379999999999999,0.2129999999999999,0.0,27.19,17.52,16.87,16.65,16.7,16.08,16.82,16.44,17.35,16.76,0.006,0.0069999999999999,0.006,0.006,0.008,0.0069999999999999,0.01,930.0,945.0,935.0,929.0,946.0,924.0,815.0,0.0,0.0,0.0,0.0,0.0,0.0,0.0,0.0,6.363,0.0,60.21,0.0,0.0,0.0,0.0,0.0,0.0,0.0,0.0,0.0,0.0,19.61,19.29,0.0,17.29,349.9,21.93,2.0,3.53,-1.0,1.305,2.0,4902
2014-09-07 23:54:00,0.0,0.0,0.0,816419.0,74.7,59.9,60.0,0.0,23539.0,341.0,74804.0,810905.0,0.0,1.0,0.0,0.0,0.0,274.2,273.9,274.5,0.979,274.0,0.748,274.0,0.921,274.0,0.0139999999999999,13.72,2.0,3.0,0.0,18.97,0.0,7.647999999999999,21.8,0.0,-0.02,-0.013,0.407,-0.0379999999999999,0.2129999999999999,0.0,27.19,17.58,16.94,16.75,16.66,16.06,16.85,16.47,17.36,16.76,0.006,0.0069999999999999,0.006,0.006,0.008,0.0069999999999999,0.01,930.0,945.0,935.0,929.0,946.0,924.0,815.0,0.0,0.0,0.0,0.0,0.0,0.0,0.0,0.0,6.603,0.0,60.22,0.0,0.0,0.0,0.0,0.0,0.0,0.0,0.0,0.0,0.0,19.65,19.31,0.0,17.33,357.5,14.46,2.0,3.53,-1.0,1.3019999999999998,1.9,4902
2014-09-07 23:55:00,0.0,0.0,0.0,816419.0,74.7,59.9,60.0,0.0,23539.0,341.0,74804.0,810905.0,0.0,1.0,0.0,0.0,0.0,274.1,274.2,274.7,0.979,274.0,0.748,274.0,0.921,274.9,0.0139999999999999,13.72,2.0,3.0,0.0,18.95,0.0,8.05,21.8,0.0,-0.02,-0.013,0.407,-0.0379999999999999,0.2129999999999999,0.0,27.09,17.61,16.89,16.7,16.65,16.06,16.85,16.47,17.33,16.83,0.006,0.0069999999999999,0.006,0.006,0.008,0.0069999999999999,0.01,930.0,945.0,935.0,929.0,946.0,924.0,815.0,0.0,0.0,0.0,0.0,0.0,0.0,0.0,0.0,7.12,0.0,60.22,0.0,0.0,0.0,0.0,0.0,0.0,0.0,0.0,0.0,0.0,19.66,19.32,0.0,17.34,0.8109999999999999,19.31,2.0,3.53,-1.0,0.958,1.6,4902
2014-09-07 23:56:00,0.0,0.0,0.0,816419.0,74.7,59.9,60.0,0.0,23539.0,341.0,74804.0,810905.0,0.0,1.0,0.0,0.0,0.0,274.4,274.1,274.6,0.979,274.0,0.748,274.0,0.921,274.6,0.0139999999999999,13.72,2.0,3.0,0.0,18.94,0.0,7.639999999999999,21.81,0.0,-0.025,-0.0139999999999999,0.407,-0.0379999999999999,0.2129999999999999,0.0,27.09,17.52,16.94,16.75,16.63,16.08,16.79,16.47,17.25,16.79,0.006,0.0069999999999999,0.006,0.006,0.008,0.0069999999999999,0.01,930.0,945.0,935.0,929.0,946.0,924.0,815.0,0.0,0.0,0.0,0.0,0.0,0.0,0.0,0.0,6.659,0.0,60.21,0.0,0.0,0.0,0.0,0.0,0.0,0.0,0.0,0.0,0.0,19.61,19.25,0.0,17.25,2.228,25.61,2.0,3.53,-1.0,0.8469999999999999,1.4,4902
2014-09-07 23:57:00,0.0,0.0,0.0,816419.0,74.7,59.9,60.0,0.0,23539.0,341.0,74804.0,810905.0,0.0,1.0,0.0,0.0,0.0,274.2,274.1,274.6,0.979,274.0,0.748,274.0,0.921,274.4,0.0139999999999999,13.72,2.0,3.0,0.0,18.92,0.0,7.934999999999999,21.82,0.0,-0.027,-0.017,0.407,-0.0379999999999999,0.2129999999999999,0.0,27.07,17.5,16.94,16.7,16.61,16.09,16.71,16.42,17.22,16.76,0.006,0.0069999999999999,0.006,0.006,0.008,0.0069999999999999,0.01,930.0,945.0,935.0,929.0,946.0,924.0,815.0,0.0,0.0,0.0,0.0,0.0,0.0,0.0,0.0,7.047000000000001,0.0,60.14,0.0,0.0,0.0,0.0,0.0,0.0,0.0,0.0,0.0,0.0,19.59,19.21,0.0,17.16,7.292999999999998,22.84,2.0,3.53,-1.0,0.763,1.3,4902
2014-09-07 23:58:00,0.0,0.0,0.0,816419.0,74.7,59.9,60.0,0.0,23539.0,341.0,74804.0,810905.0,0.0,1.0,0.0,0.0,0.0,274.3,274.0,274.5,0.979,274.0,0.748,274.0,0.921,274.4,0.0139999999999999,13.72,2.0,3.0,0.0,18.92,0.0,8.81,21.8,0.0,-0.027,-0.019,0.407,-0.037,0.2129999999999999,0.0,27.03,17.42,16.94,16.61,16.6,16.08,16.66,16.37,17.13,16.7,0.006,0.0069999999999999,0.006,0.006,0.008,0.0069999999999999,0.01,930.0,945.0,935.0,929.0,946.0,924.0,815.0,0.0,0.0,0.0,0.0,0.0,0.0,0.0,0.0,7.911,0.0,60.14,0.0,0.0,0.0,0.0,0.0,0.0,0.0,0.0,0.0,0.0,19.56,19.2,0.0,17.12,5.147,29.48,2.0,3.53,-1.0,0.805,1.6,4902
2014-09-07 23:59:00,0.0,0.0,0.0,816419.0,74.7,59.9,60.0,0.0,23539.0,341.0,74804.0,810905.0,0.0,1.0,0.0,0.0,0.0,274.2,274.2,274.7,0.979,274.0,0.748,274.0,0.921,274.9,0.0139999999999999,13.72,2.0,3.0,0.0,18.89,0.0,9.08,21.8,0.0,-0.027,-0.02,0.407,-0.0379999999999999,0.2129999999999999,0.0,26.99,17.35,16.84,16.65,16.56,16.08,16.66,16.39,17.17,16.66,0.006,0.0069999999999999,0.006,0.006,0.008,0.0069999999999999,0.01,930.0,945.0,935.0,929.0,946.0,924.0,815.0,0.0,0.0,0.0,0.0,0.0,0.0,0.0,0.0,8.22,0.0,60.14,0.0,0.0,0.0,0.0,0.0,0.0,0.0,0.0,0.0,0.0,19.55,19.2,0.0,17.09,18.7,14.35,2.0,3.531,-1.0,1.102,1.6,4902
