measured_on,ac_current_other_inv_14539,ac_current_other_inv_14539_2,ac_current_other_inv_14539_3,ac_current_other_inv_14539_4,ac_current_other_inv_14539_5,ac_current_other_inv_14539_6,ac_energy_inv_14539,ac_energy_inv_14539_2,ac_energy_inv_14539_3,ac_other_inv_14539,ac_other_meter_1865,ac_other_meter_1865_2,ac_other_meter_1865_3,ac_power_inv_14539,ac_power_meter_1865,ac_power_meter_1865_2,ac_power_meter_1865_3,ac_power_meter_1865_4,ac_power_meter_1865_5,ac_power_other_inv_14539,ac_power_other_inv_14539_2,ac_power_other_meter_1865,ac_power_other_meter_1865_2,ac_power_other_meter_1865_3,ac_power_other_meter_1865_4,ac_voltage_other_inv_14539,ac_voltage_other_inv_14539_2,ac_voltage_other_inv_14539_3,ac_voltage_other_inv_14539_4,ac_voltage_other_inv_14539_5,ac_voltage_other_meter_1865,ac_voltage_other_meter_1865_2,ac_voltage_other_meter_1865_3,ac_voltage_other_meter_1865_4,ac_voltage_other_meter_1865_5,ac_voltage_other_meter_1865_6,battery_a_avg__82785,battery_v_min__82784,chgsource_min__82788,chgstate_min__82787,ckbatt_max__82789,cr1000temp_c_avg__82689,dc_power_inv_14539,dc_voltage_other_inv_14539,dooropen_min__82690,irradiance_ghi_o_2206,irradiance_ghi_o_2207,irradiance_ghi_o_2209,irradiance_ghi_o_2210,irradiance_ghi_o_2211,irradiance_ghi_o_2212,irradiance_ghi_o_2213,irradiance_ghi_o_2215,irradiance_ghi_o_2216,irradiance_poa_o_2208,irradiance_poa_o_2214,load_a_avg__82786,qloss_ah_max__82790,rtd_c_avg_1__82791,rtd_c_avg_2__82792,rtd_c_avg_3__82793,rtd_c_avg_4__82794,rtd_c_avg_5__82795,rtd_c_avg_6__82796,rtd_c_avg_7__82797,shuntcurrent_a_avg_1__82765,shuntcurrent_a_avg_2__82766,shuntcurrent_a_avg_3__82767,shuntcurrent_a_avg_4__82768,shuntetot_kwh_max_1__82773,shuntetot_kwh_max_2__82774,shuntetot_kwh_max_3__82775,shuntetot_kwh_max_4__82776,shuntpdc_kw_avg_1__82769,shuntpdc_kw_avg_2__82770,shuntpdc_kw_avg_3__82771,shuntpdc_kw_avg_4__82772,system_other_inv_14539,system_other_inv_14539_10,system_other_inv_14539_11,system_other_inv_14539_12,system_other_inv_14539_13,system_other_inv_14539_14,system_other_inv_14539_2,system_other_inv_14539_3,system_other_inv_14539_4,system_other_inv_14539_5,system_other_inv_14539_6,system_other_inv_14539_7,system_other_inv_14539_8,system_other_inv_14539_9,system_other_meter_1865,system_other_meter_1865_2,system_other_meter_1865_3,system_other_o_2218,tctemps_c_avg_10__82807,tctemps_c_avg_11__82808,tctemps_c_avg_12__82809,tctemps_c_avg_1__82798,tctemps_c_avg_2__82799,tctemps_c_avg_3__82800,tctemps_c_avg_4__82801,tctemps_c_avg_5__82802,tctemps_c_avg_6__82803,tctemps_c_avg_7__82804,tctemps_c_avg_8__82805,tctemps_c_avg_9__82806,temperature_ambient_o_2217,temperature_ambient_o_2218,temperature_inverter_inv_14539,temperature_inverter_inv_14539_2,temperature_inverter_inv_14539_3,temperature_module_o_2218,temperature_other_inv_14539,wind_direction_o_2218,wind_other_o_2218,wind_other_o_2218_2,wind_other_o_2218_3,wind_other_o_2218_4,wind_speed_o_2218,wind_speed_o_2218_2,system_id
2015-12-24 00:00:00,0.0,0.0,0.0,0.0,0.0,0.0,0.0,289735.0,16.0,0.0,75.59999999999998,59.5,60.0,-0.1,9461.0,1372.0,1377.0,298566.0,-0.0769999999999999,-0.037,0.0869999999999999,-0.924,0.032,0.083,1.0,0.7429999999999999,273.4,275.4,277.0,277.0,0.818,275.4,0.7909999999999999,276.0,0.8359999999999999,275.0,0.003,13.7,2.0,3.0,0.0,19.41,0.0,-1.633,0.0,-0.003,-0.0069999999999999,-0.003,-0.002,0.0,0.003,0.001,0.024,0.532,-0.0069999999999999,-0.481,0.2789999999999999,0.0,17.28,17.34,17.37,36.16,17.36,17.18,17.64,0.001,0.0,0.001,0.0,13.0,13.0,13.0,10.0,0.0,0.0,0.0,0.0,0.0,12.58,12.93,0.0,0.0,0.0,0.0,0.0,0.0,59.97,6000.0,-1.483,-0.2,2.0,0.0,0.2,0.2,-0.0379999999999999,17.72,17.54,17.29,17.51,17.58,17.53,17.07,17.55,17.63,17.66,17.39,17.6,18.37,18.36,27.0,28.0,35.0,17.09,0.0,270.5,27.61,2.0,3.519,-1.0,2.588,5.2,4903
2015-12-24 00:01:00,0.0,0.0,0.0,0.0,0.0,0.0,0.0,289735.0,16.0,0.0,75.59999999999998,59.5,60.0,-0.1019999999999999,9461.0,1372.0,1377.0,298566.0,-0.0759999999999999,-0.0279999999999999,0.088,-0.924,0.032,0.083,1.0,0.7229999999999999,273.4,275.4,277.0,277.0,0.818,275.3,0.7909999999999999,276.0,0.8359999999999999,275.0,0.003,13.7,2.0,3.0,0.0,19.41,0.0,-1.567,0.0,-0.004,-0.0069999999999999,-0.006,-0.003,0.0,0.002,0.001,0.02,0.528,-0.0069999999999999,-0.4849999999999999,0.2789999999999999,0.0,17.27,17.28,17.36,31.63,17.28,17.11,17.57,0.001,0.0,0.001,0.0,13.0,13.0,13.0,10.0,0.0,0.0,0.0,0.0,0.0,12.31,12.72,0.0,0.0,0.0,0.0,0.0,0.0,59.96,6000.0,-1.55,-0.2,2.0,0.0,0.2,0.2,-0.0379999999999999,17.7,17.48,17.24,17.45,17.53,17.49,17.01,17.5,17.58,17.61,17.34,17.55,18.36,18.36,27.0,28.0,35.0,17.03,0.0,243.6,22.13,2.0,3.519,-1.0,2.277,4.6,4903
2015-12-24 00:02:00,0.0,0.0,0.0,0.0,0.0,0.0,0.0,289735.0,16.0,0.0,75.59999999999998,59.5,60.0,-0.1,9461.0,1372.0,1377.0,298566.0,-0.0759999999999999,-0.018,0.0819999999999999,-0.924,0.032,0.083,1.0,0.7199999999999999,273.6,275.6,277.0,277.0,0.818,275.4,0.7909999999999999,276.0,0.8359999999999999,275.0,0.003,13.7,2.0,3.0,0.0,19.41,0.0,-1.183,0.0,-0.005,-0.0069999999999999,-0.006,-0.004,0.0,0.001,0.0,0.018,0.526,-0.008,-0.4889999999999999,0.278,0.0,17.18,17.24,17.28,39.07,17.21,17.08,17.56,0.001,0.0,0.001,-0.001,13.0,13.0,13.0,10.0,0.0,0.0,0.0,0.0,0.0,12.34,12.82,0.0,0.0,0.0,0.0,0.0,0.0,59.96,6000.0,-1.3,-0.2,2.0,0.0,0.2,0.2,-0.0379999999999999,17.67,17.44,17.19,17.41,17.49,17.45,16.97,17.45,17.54,17.56,17.29,17.51,18.36,18.4,27.0,28.0,35.0,16.99,0.0,234.3,35.35,2.0,3.519,-1.0,3.363,6.3,4903
2015-12-24 00:03:00,0.0,0.0,0.0,0.0,0.0,0.0,0.0,289735.0,16.0,0.0,75.59999999999998,59.5,60.0,-0.1,9461.0,1372.0,1377.0,298566.0,-0.0769999999999999,-0.02,0.088,-0.924,0.032,0.083,1.0,0.7179999999999999,274.0,276.0,277.0,277.0,0.818,276.0,0.7909999999999999,276.0,0.8359999999999999,275.0,0.003,13.7,2.0,3.0,0.0,19.41,0.0,-1.067,0.0,-0.006,-0.01,-0.0069999999999999,-0.004,0.0,0.001,0.0,0.016,0.523,-0.01,-0.492,0.2789999999999999,0.0,17.15,17.18,17.23,30.76,17.18,16.98,17.48,0.001,-0.001,0.0,0.0,13.0,13.0,13.0,10.0,0.0,0.0,0.0,0.0,0.0,11.86,12.1,0.0,0.0,0.0,0.0,0.0,0.0,59.97,6000.0,-1.15,-0.2,2.0,0.0,0.2,0.2,-0.0379999999999999,17.64,17.4,17.16,17.37,17.47,17.43,16.93,17.39,17.51,17.52,17.23,17.46,18.38,18.42,27.0,28.0,35.0,16.95,0.0,244.3,21.2,2.0,3.519,-1.0,3.717,6.7,4903
2015-12-24 00:04:00,0.0,0.0,0.0,0.0,0.0,0.0,0.0,289735.0,16.0,0.0,75.59999999999998,59.5,60.0,-0.1019999999999999,9461.0,1372.0,1377.0,298566.0,-0.0759999999999999,-0.017,0.088,-0.924,0.032,0.083,1.0,0.7199999999999999,274.0,276.0,277.0,277.0,0.818,276.0,0.7909999999999999,276.0,0.8359999999999999,275.0,0.0,13.47,2.0,1.0,0.0,19.41,0.0,-1.15,0.0,-0.006,-0.01,-0.008,-0.004,-0.001,0.001,0.0,0.191,0.652,-0.01,-0.2999999999999999,0.278,0.001,17.1,17.18,17.18,34.11,17.16,16.98,17.48,0.001,0.0,0.001,0.0,13.0,13.0,13.0,10.0,0.0,0.0,0.0,0.0,0.0,11.97,12.43,0.0,0.0,0.0,0.0,0.0,0.0,59.98,6000.0,-1.25,-0.2,2.0,0.0,0.2,0.2,-0.0379999999999999,17.61,17.34,17.1,17.33,17.44,17.4,16.9,17.32,17.46,17.46,17.16,17.4,18.4,18.46,27.0,28.0,35.0,16.93,0.0,225.8,34.01,2.0,3.521,-1.0,5.057,6.3,4903
2015-12-24 00:05:00,0.0,0.0,0.0,0.0,0.0,0.0,0.0,289735.0,16.0,0.0,75.59999999999998,59.5,60.0,-0.1,9461.0,1372.0,1377.0,298566.0,-0.0769999999999999,-0.0279999999999999,0.0969999999999999,-0.924,0.032,0.083,1.0,0.7299999999999999,274.0,276.0,277.0,277.0,0.818,276.0,0.7909999999999999,276.0,0.8359999999999999,275.0,0.006,13.47,2.0,3.0,0.0,19.4,0.0,-1.3,0.0,-0.005,-0.01,-0.008,-0.005,-0.002,0.001,-0.001,0.0139999999999999,0.521,-0.01,-0.492,0.2789999999999999,0.001,17.09,17.18,17.18,32.93,17.15,16.98,17.46,0.001,0.0,0.001,0.0,13.0,13.0,13.0,10.0,0.0,0.0,0.0,0.0,0.0,11.97,12.45,0.0,0.0,0.0,0.0,0.0,0.0,59.98,6000.0,-1.3330000000000002,-0.2,2.0,0.0,0.2,0.2,-0.0379999999999999,17.58,17.33,17.07,17.31,17.43,17.39,16.88,17.29,17.44,17.44,17.14,17.37,18.41,18.44,27.0,28.0,35.0,16.89,0.0,255.6,28.35,2.0,3.521,-1.0,3.557,6.1,4903
2015-12-24 00:06:00,0.0,0.0,0.0,0.0,0.0,0.0,0.0,289735.0,16.0,0.0,75.59999999999998,59.5,60.0,-0.1019999999999999,9461.0,1372.0,1377.0,298566.0,-0.0769999999999999,-0.02,0.098,-0.924,0.032,0.083,1.0,0.7279999999999999,274.0,276.0,277.0,277.0,0.818,276.0,0.7909999999999999,276.0,0.8359999999999999,275.0,0.003,13.7,2.0,3.0,0.0,19.4,0.0,-1.083,0.0,-0.006,-0.01,-0.008,-0.004,0.0,0.002,0.0,0.0149999999999999,0.523,-0.01,-0.4899999999999999,0.2789999999999999,0.0,17.04,17.11,17.18,38.32,17.08,16.93,17.39,0.0,0.0,0.001,0.0,13.0,13.0,13.0,10.0,0.0,0.0,0.0,0.0,0.0,12.45,12.83,0.0,0.0,0.0,0.0,0.0,0.0,59.97,6000.0,-1.217,-0.2,2.0,0.0,0.2,0.2,-0.0379999999999999,17.59,17.33,17.07,17.31,17.41,17.38,16.88,17.28,17.42,17.43,17.12,17.38,18.43,18.44,27.0,28.0,35.0,16.86,0.0,255.2,41.1,2.0,3.518,-1.0,2.23,4.4,4903
2015-12-24 00:07:00,0.0,0.0,0.0,0.0,0.0,0.0,0.0,289735.0,16.0,0.0,75.59999999999998,59.5,60.0,-0.105,9461.0,1372.0,1377.0,298566.0,-0.0769999999999999,-0.0299999999999999,0.093,-0.924,0.032,0.083,1.0,0.7249999999999999,274.0,276.0,277.0,277.0,0.818,276.0,0.7909999999999999,276.0,0.8359999999999999,275.0,0.003,13.7,2.0,3.0,0.0,19.39,0.0,-1.233,0.0,-0.0069999999999999,-0.01,-0.008,-0.005,0.0,0.002,-0.001,0.012,0.52,-0.01,-0.495,0.2789999999999999,0.0,17.02,17.08,17.18,23.57,17.08,16.89,17.38,0.001,0.0,0.001,0.0,13.0,13.0,13.0,10.0,0.0,0.0,0.0,0.0,0.0,12.76,13.02,0.0,0.0,0.0,0.0,0.0,0.0,59.95,6000.0,-1.433,-0.2,2.0,0.0,0.2,0.2,-0.0379999999999999,17.58,17.3,17.05,17.29,17.39,17.37,16.85,17.24,17.4,17.4,17.09,17.36,18.42,18.39,27.0,28.0,35.0,16.82,0.0,278.3,32.15,2.0,3.518,-1.0,2.318,4.8,4903
2015-12-24 00:08:00,0.0,0.0,0.0,0.0,0.0,0.0,0.0,289735.0,16.0,0.0,75.59999999999998,59.5,60.0,-0.1019999999999999,9461.0,1372.0,1377.0,298566.0,-0.0769999999999999,-0.037,0.098,-0.924,0.032,0.083,1.0,0.7269999999999999,274.0,276.0,277.0,277.0,0.818,276.0,0.7909999999999999,276.0,0.8359999999999999,275.0,0.003,13.7,2.0,3.0,0.0,19.39,0.0,-1.1,0.0,-0.0069999999999999,-0.01,-0.008,-0.005,0.0,0.002,0.0,0.016,0.523,-0.01,-0.492,0.2789999999999999,0.0,16.94,17.08,17.1,25.42,17.03,16.89,17.38,0.001,0.0,0.0,-0.001,13.0,13.0,13.0,10.0,0.0,0.0,0.0,0.0,0.0,12.6,13.13,0.0,0.0,0.0,0.0,0.0,0.0,59.95,6000.0,-1.283,-0.2,2.0,0.0,0.2,0.2,-0.0379999999999999,17.57,17.29,17.04,17.27,17.4,17.36,16.85,17.23,17.4,17.38,17.08,17.34,18.42,18.41,27.0,28.0,35.0,16.8,0.0,264.4,68.98,2.0,3.521,-1.0,1.33,3.5,4903
2015-12-24 00:09:00,0.0,0.0,0.0,0.0,0.0,0.0,0.0,289735.0,16.0,0.0,75.59999999999998,59.5,60.0,-0.107,9461.0,1372.0,1377.0,298566.0,-0.0769999999999999,-0.0149999999999999,0.1,-0.924,0.032,0.083,1.0,0.7229999999999999,274.0,276.0,277.0,277.0,0.818,276.0,0.7909999999999999,276.0,0.8359999999999999,275.0,0.003,13.7,2.0,3.0,0.0,19.39,0.0,-1.367,0.0,-0.0069999999999999,-0.01,-0.008,-0.005,0.0,0.002,0.0,0.02,0.527,-0.01,-0.4879999999999999,0.2789999999999999,0.0,16.97,17.08,17.08,22.56,16.98,16.82,17.38,0.001,0.0,0.0,0.0,13.0,13.0,13.0,10.0,0.0,0.0,0.0,0.0,0.0,12.3,12.77,0.0,0.0,0.0,0.0,0.0,0.0,59.96,6000.0,-1.367,-0.2,2.0,0.0,0.2,0.2,-0.0379999999999999,17.57,17.29,17.03,17.26,17.38,17.36,16.84,17.22,17.4,17.37,17.07,17.33,18.4,18.42,27.0,28.0,35.0,16.78,0.0,219.4,49.8,2.0,3.519,-1.0,2.122,5.8,4903
2015-12-24 00:10:00,0.0,0.0,0.0,0.0,0.0,0.0,0.0,289735.0,16.0,0.0,75.59999999999998,59.5,60.0,-0.103,9461.0,1372.0,1377.0,298566.0,-0.0769999999999999,-0.013,0.093,-0.924,0.032,0.083,1.0,0.7279999999999999,274.0,276.0,277.0,277.0,0.818,276.0,0.7909999999999999,276.0,0.8359999999999999,275.0,0.003,13.53,2.0,1.0,0.0,19.39,0.0,-1.133,0.0,-0.008,-0.01,-0.008,-0.005,0.0,0.002,-0.001,0.2089999999999999,0.675,-0.01,-0.254,0.278,0.001,16.96,17.02,17.08,34.23,16.98,16.79,17.33,0.001,0.0,0.001,0.0,13.0,13.0,13.0,10.0,0.0,0.0,0.0,0.0,0.0,12.18,12.72,0.0,0.0,0.0,0.0,0.0,0.0,59.97,6000.0,-1.283,-0.2,2.0,0.0,0.2,0.2,-0.0379999999999999,17.55,17.25,17.0,17.24,17.36,17.34,16.82,17.18,17.36,17.34,17.03,17.31,18.38,18.41,27.0,28.0,35.0,16.78,0.0,239.0,33.96,2.0,3.519,-1.0,2.838,6.5,4903
2015-12-24 00:11:00,0.0,0.0,0.0,0.0,0.0,0.0,0.0,289735.0,16.0,0.0,75.59999999999998,59.5,60.0,-0.105,9461.0,1372.0,1377.0,298566.0,-0.0769999999999999,-0.023,0.0969999999999999,-0.924,0.032,0.083,1.0,0.7299999999999999,274.0,276.0,277.0,277.1,0.818,276.0,0.7909999999999999,276.0,0.8359999999999999,275.0,0.003,13.7,2.0,3.0,0.0,19.39,0.0,-1.183,0.0,-0.0069999999999999,-0.01,-0.008,-0.005,0.0,0.003,-0.001,0.019,0.526,-0.01,-0.487,0.2789999999999999,0.0,16.97,17.07,17.08,59.58,16.98,16.84,17.35,0.001,0.0,0.001,0.0,13.0,13.0,13.0,10.0,0.0,0.0,0.0,0.0,0.0,12.84,13.28,0.0,0.0,0.0,0.0,0.0,0.0,59.98,6000.0,-1.317,-0.2,2.0,0.0,0.2,0.2,-0.0379999999999999,17.56,17.28,17.02,17.26,17.37,17.36,16.84,17.2,17.37,17.36,17.04,17.33,18.39,18.4,27.0,28.0,35.0,16.78,0.0,239.3,23.1,2.0,3.518,-1.0,2.712,5.0,4903
2015-12-24 00:12:00,0.0,0.0,0.0,0.0,0.0,0.0,0.0,289735.0,16.0,0.0,75.59999999999998,59.5,60.0,-0.1019999999999999,9461.0,1372.0,1377.0,298566.0,-0.0759999999999999,-0.018,0.0969999999999999,-0.924,0.032,0.083,1.0,0.698,274.0,276.0,277.0,277.1,0.818,276.0,0.7909999999999999,276.0,0.8359999999999999,275.0,0.003,13.7,2.0,3.0,0.0,19.39,0.0,-1.017,0.0,-0.006,-0.01,-0.008,-0.004,0.0,0.003,0.0,0.017,0.525,-0.01,-0.4889999999999999,0.2789999999999999,0.0,17.0,17.05,17.08,30.97,16.98,16.84,17.35,0.001,0.0,0.001,0.0,13.0,13.0,13.0,10.0,0.0,0.0,0.0,0.0,0.0,11.76,12.35,0.0,0.0,0.0,0.0,0.0,0.0,59.97,6000.0,-1.383,-0.2,2.0,0.0,0.2,0.2,-0.0379999999999999,17.56,17.26,17.01,17.25,17.36,17.36,16.83,17.2,17.35,17.35,17.03,17.31,18.39,18.41,27.0,28.0,35.0,16.78,0.0,263.5,23.23,2.0,3.521,-1.0,1.855,3.0,4903
2015-12-24 00:13:00,0.0,0.0,0.0,0.0,0.0,0.0,0.0,289735.0,16.0,0.0,75.59999999999998,59.5,60.0,-0.1,9461.0,1372.0,1377.0,298566.0,-0.0759999999999999,-0.02,0.1,-0.924,0.032,0.083,1.0,0.687,274.0,276.0,277.0,277.0,0.818,276.0,0.7909999999999999,276.0,0.8359999999999999,275.0,0.003,13.7,2.0,3.0,0.0,19.39,0.0,-1.233,0.0,-0.006,-0.01,-0.0069999999999999,-0.005,0.0,0.003,-0.001,0.018,0.526,-0.01,-0.4889999999999999,0.2789999999999999,0.0,16.94,16.98,17.08,29.64,16.98,16.79,17.36,0.001,-0.001,0.0,0.0,13.0,13.0,13.0,10.0,0.0,0.0,0.0,0.0,0.0,11.72,12.27,0.0,0.0,0.0,0.0,0.0,0.0,59.98,6000.0,-1.3,-0.2,2.0,0.0,0.2,0.2,-0.0379999999999999,17.55,17.26,17.0,17.25,17.36,17.36,16.82,17.18,17.34,17.35,17.02,17.3,18.41,18.42,27.0,27.98,35.0,16.77,0.0,265.5,27.3,2.0,3.519,-1.0,3.32,6.2,4903
2015-12-24 00:14:00,0.0,0.0,0.0,0.0,0.0,0.0,0.0,289735.0,16.0,0.0,75.59999999999998,59.5,60.0,-0.103,9461.0,1372.0,1377.0,298566.0,-0.0759999999999999,-0.022,0.1,-0.924,0.032,0.083,1.0,0.688,274.0,276.0,277.0,277.1,0.818,276.0,0.7909999999999999,276.0,0.8359999999999999,275.0,0.003,13.7,2.0,3.0,0.0,19.39,0.0,-1.133,0.0,-0.0069999999999999,-0.01,-0.008,-0.005,0.0,0.003,0.0,0.019,0.527,-0.01,-0.4879999999999999,0.2789999999999999,0.0,16.9,16.98,17.08,24.81,16.98,16.79,17.3,0.001,0.0,0.001,0.0,13.0,13.0,13.0,10.0,0.0,0.0,0.0,0.0,0.0,11.21,11.52,0.0,0.0,0.0,0.0,0.0,0.0,59.98,6000.0,-1.217,-0.2,2.0,0.0,0.2,0.2,-0.0379999999999999,17.53,17.23,16.99,17.25,17.36,17.38,16.82,17.18,17.33,17.34,17.01,17.29,18.41,18.43,27.0,27.98,35.0,16.77,0.0,200.4,29.53,2.0,3.519,-1.0,2.625,5.6,4903
2015-12-24 00:15:00,0.0,0.0,0.0,0.0,0.0,0.0,0.0,289735.0,16.0,0.0,75.59999999999998,59.5,60.0,-0.103,9461.0,1372.0,1377.0,298566.0,-0.0759999999999999,-0.013,0.1,-0.924,0.032,0.083,1.0,0.697,274.0,276.0,277.0,277.1,0.818,276.0,0.7909999999999999,276.0,0.8359999999999999,275.0,-0.009,13.52,2.0,1.0,0.0,19.39,0.0,-1.383,0.0,-0.0069999999999999,-0.01,-0.008,-0.005,0.0,0.002,-0.001,0.26,0.7219999999999999,-0.01,-0.23,0.278,0.001,16.92,16.98,17.05,30.63,16.98,16.79,17.28,0.001,0.0,0.001,0.0,13.0,13.0,13.0,10.0,0.0,0.0,0.0,0.0,0.0,11.58,11.97,0.0,0.0,0.0,0.0,0.0,0.0,59.99,6000.0,-1.3330000000000002,-0.2,2.0,0.0,0.2,0.2,-0.0379999999999999,17.51,17.18,16.95,17.19,17.3,17.32,16.77,17.11,17.27,17.28,16.95,17.25,18.39,18.39,27.0,27.8,35.0,16.76,0.0,233.6,32.74,2.0,3.519,-1.0,2.285,4.5,4903
2015-12-24 00:16:00,0.0,0.0,0.0,0.0,0.0,0.0,0.0,289735.0,16.0,0.0,75.59999999999998,59.5,60.0,-0.1019999999999999,9461.0,1372.0,1377.0,298566.0,-0.0759999999999999,-0.0299999999999999,0.0919999999999999,-0.925,0.031,0.0819999999999999,1.0,0.6779999999999999,273.1,275.1,276.8,277.0,0.818,275.1,0.7909999999999999,276.0,0.8359999999999999,275.0,0.0139999999999999,13.69,2.0,3.0,0.0,19.39,0.0,-1.167,0.0,-0.0069999999999999,-0.013,-0.009,-0.006,0.0,0.002,-0.002,0.016,0.524,-0.012,-0.492,0.2789999999999999,0.0,16.97,16.98,16.98,26.82,16.98,16.79,17.25,0.001,0.0,0.001,0.0,13.0,13.0,13.0,10.0,0.0,0.0,0.0,0.0,0.0,11.81,12.07,0.0,0.0,0.0,0.0,0.0,0.0,60.0,6000.0,-1.3,-0.2,2.0,0.0,0.2,0.2,-0.0379999999999999,17.48,17.16,16.92,17.18,17.31,17.32,16.77,17.08,17.27,17.25,16.91,17.22,18.38,18.4,27.0,27.92,35.0,16.75,0.0,214.4,28.77,2.0,3.519,-1.0,3.327,6.0,4903
2015-12-24 00:17:00,0.0,0.0,0.0,0.0,0.0,0.0,0.0,289735.0,16.0,0.0,75.59999999999998,59.5,60.0,-0.1,9461.0,1372.0,1377.0,298566.0,-0.0759999999999999,-0.032,0.0869999999999999,-0.925,0.031,0.0819999999999999,1.0,0.688,273.0,275.0,276.7,277.0,0.818,275.0,0.7909999999999999,276.0,0.8359999999999999,274.9,0.003,13.7,2.0,3.0,0.0,19.39,0.0,-1.267,0.0,-0.006,-0.013,-0.009,-0.006,-0.001,0.001,-0.002,0.017,0.525,-0.012,-0.4899999999999999,0.2789999999999999,0.0,16.99,16.98,16.98,31.97,16.98,16.79,17.26,0.001,0.0,0.0,0.0,13.0,13.0,13.0,10.0,0.0,0.0,0.0,0.0,0.0,11.66,12.0,0.0,0.0,0.0,0.0,0.0,0.0,59.98,6000.0,-1.283,-0.2,2.0,0.0,0.2,0.2,-0.0379999999999999,17.45,17.15,16.9,17.17,17.28,17.3,16.74,17.06,17.25,17.25,16.9,17.19,18.4,18.44,27.0,27.8,35.0,16.74,0.0,231.0,25.7,2.0,3.519,-1.0,3.737,7.599999999999999,4903
2015-12-24 00:18:00,0.0,0.0,0.0,0.0,0.0,0.0,0.0,289735.0,16.0,0.0,75.59999999999998,59.5,60.0,-0.1019999999999999,9461.0,1372.0,1377.0,298566.0,-0.0759999999999999,-0.027,0.0869999999999999,-0.925,0.031,0.0819999999999999,1.0,0.6829999999999999,273.0,275.0,276.6,276.9,0.818,275.0,0.7909999999999999,276.0,0.8359999999999999,274.5,0.003,13.7,2.0,3.0,0.0,19.38,0.0,-1.283,0.0,-0.006,-0.013,-0.009,-0.006,-0.001,0.001,-0.002,0.018,0.526,-0.012,-0.487,0.2789999999999999,0.0,16.92,16.98,16.98,29.24,16.97,16.79,17.22,0.001,-0.001,0.001,0.0,13.0,13.0,13.0,10.0,0.0,0.0,0.0,0.0,0.0,11.23,11.57,0.0,0.0,0.0,0.0,0.0,0.0,59.97,6000.0,-1.317,-0.2,2.0,0.0,0.2,0.2,-0.0379999999999999,17.43,17.13,16.87,17.15,17.27,17.3,16.73,17.03,17.21,17.21,16.87,17.17,18.39,18.41,27.0,27.72,35.0,16.72,0.0,245.2,43.86,2.0,3.519,-1.0,2.415,4.8,4903
2015-12-24 00:19:00,0.0,0.0,0.0,0.0,0.0,0.0,0.0,289735.0,16.0,0.0,75.59999999999998,59.5,60.0,-0.1,9461.0,1372.0,1377.0,298566.0,-0.0759999999999999,-0.04,0.083,-0.925,0.031,0.0819999999999999,1.0,0.6829999999999999,273.0,275.0,276.5,276.9,0.818,275.0,0.7909999999999999,276.0,0.8359999999999999,274.5,0.003,13.7,2.0,3.0,0.0,19.37,0.0,-1.6,0.0,-0.0069999999999999,-0.0139999999999999,-0.008,-0.006,0.0,0.002,-0.001,0.019,0.527,-0.013,-0.4879999999999999,0.2789999999999999,0.0,16.87,16.95,16.98,26.64,16.9,16.72,17.18,0.001,-0.001,0.001,0.0,13.0,13.0,13.0,10.0,0.0,0.0,0.0,0.0,0.0,11.87,12.13,0.0,0.0,0.0,0.0,0.0,0.0,59.96,6000.0,-1.6,-0.2,2.0,0.0,0.2,0.2,-0.0379999999999999,17.43,17.14,16.87,17.14,17.26,17.3,16.72,17.03,17.24,17.21,16.87,17.18,18.38,18.37,27.0,27.33,35.0,16.68,0.0,288.9,36.39,2.0,3.519,-1.0,2.988,5.9,4903
2015-12-24 00:20:00,0.0,0.0,0.0,0.0,0.0,0.0,0.0,289735.0,16.0,0.0,75.59999999999998,59.5,60.0,-0.1,9461.0,1372.0,1377.0,298566.0,-0.0759999999999999,-0.025,0.083,-0.925,0.031,0.0819999999999999,1.0,0.685,273.0,275.0,276.4,276.8,0.818,275.0,0.7909999999999999,276.0,0.8359999999999999,274.4,0.005,13.7,2.0,3.0,0.0,19.36,0.0,-1.283,0.0,-0.0069999999999999,-0.0139999999999999,-0.008,-0.006,0.0,0.003,-0.001,0.325,0.773,-0.013,-0.1719999999999999,0.2789999999999999,0.0,16.89,16.92,16.98,32.49,16.89,16.69,17.28,0.001,-0.001,0.001,0.0,13.0,13.0,13.0,10.0,0.0,0.0,0.0,0.0,0.0,12.46,12.9,0.0,0.0,0.0,0.0,0.0,0.0,59.96,6000.0,-1.383,-0.2,2.0,0.0,0.2,0.2,-0.0379999999999999,17.45,17.17,16.9,17.15,17.26,17.31,16.73,17.07,17.27,17.24,16.91,17.21,18.37,18.36,27.0,27.63,35.0,16.66,0.0,227.2,54.45,2.0,3.519,-1.0,1.62,4.5,4903
2015-12-24 00:21:00,0.0,0.0,0.0,0.0,0.0,0.0,0.0,289735.0,16.0,0.0,75.59999999999998,59.5,60.0,-0.1,9461.0,1372.0,1377.0,298566.0,-0.0759999999999999,-0.035,0.093,-0.925,0.031,0.0819999999999999,1.0,0.6829999999999999,273.0,275.0,276.7,277.0,0.818,275.0,0.7909999999999999,276.0,0.8359999999999999,275.0,0.0,13.61,2.0,1.0,0.0,19.36,0.0,-1.683,0.0,-0.0069999999999999,-0.013,-0.008,-0.005,0.0,0.003,-0.001,0.017,0.526,-0.011,-0.461,0.278,0.001,16.89,16.93,16.95,30.22,16.89,16.69,17.25,0.001,-0.001,0.0,0.0,13.0,13.0,13.0,10.0,0.0,0.0,0.0,0.0,0.0,13.46,13.73,0.0,0.0,0.0,0.0,0.0,0.0,59.97,6000.0,-1.55,-0.2,2.0,0.0,0.2,0.2,-0.0379999999999999,17.45,17.17,16.9,17.15,17.26,17.31,16.72,17.07,17.26,17.23,16.92,17.21,18.35,18.37,27.0,27.1,35.0,16.67,0.0,235.4,56.71,2.0,3.517,-1.0,3.995,9.0,4903
2015-12-24 00:22:00,0.0,0.0,0.0,0.0,0.0,0.0,0.0,289735.0,16.0,0.0,75.59999999999998,59.5,60.0,-0.103,9461.0,1372.0,1377.0,298566.0,-0.0759999999999999,-0.02,0.078,-0.924,0.031,0.0819999999999999,1.0,0.66,273.1,275.1,276.8,277.0,0.818,275.0,0.7909999999999999,276.0,0.8359999999999999,275.0,0.003,13.7,2.0,3.0,0.0,19.36,0.0,-1.6669999999999998,0.0,-0.008,-0.013,-0.008,-0.005,0.0,0.003,-0.001,0.022,0.529,-0.012,-0.4839999999999999,0.2789999999999999,0.0,16.89,16.89,16.9,66.84,16.87,16.67,17.25,0.001,0.0,0.001,0.0,13.0,13.0,13.0,10.0,0.0,0.0,0.0,0.0,0.0,13.14,13.42,0.0,0.0,0.0,0.0,0.0,0.0,59.97,6000.0,-1.55,-0.2,2.0,0.0,0.2,0.2,-0.0379999999999999,17.43,17.13,16.87,17.11,17.22,17.27,16.7,17.04,17.25,17.21,16.89,17.18,18.35,18.36,27.0,27.02,35.0,16.65,0.0,277.0,29.25,2.0,3.521,-1.0,2.097,3.5,4903
2015-12-24 00:23:00,0.0,0.0,0.0,0.0,0.0,0.0,0.0,289735.0,16.0,0.0,75.59999999999998,59.5,60.0,-0.1,9461.0,1372.0,1377.0,298566.0,-0.0759999999999999,-0.0299999999999999,0.0869999999999999,-0.925,0.031,0.0819999999999999,1.0,0.67,273.0,275.0,276.6,277.0,0.818,275.0,0.7909999999999999,276.0,0.8359999999999999,274.9,0.003,13.7,2.0,3.0,0.0,19.36,0.0,-1.433,0.0,-0.008,-0.0139999999999999,-0.009,-0.006,0.0,0.002,-0.002,0.022,0.53,-0.013,-0.4829999999999999,0.2789999999999999,0.0,16.83,16.84,16.89,32.39,16.84,16.61,17.18,0.001,-0.001,0.001,0.0,13.0,13.0,13.0,10.0,0.0,0.0,0.0,0.0,0.0,12.44,12.97,0.0,0.0,0.0,0.0,0.0,0.0,59.97,6000.0,-1.45,-0.2,2.0,0.0,0.2,0.2,-0.0379999999999999,17.41,17.1,16.84,17.07,17.2,17.25,16.67,17.0,17.2,17.16,16.84,17.15,18.35,18.35,27.0,27.17,35.0,16.6,0.0,255.1,32.55,2.0,3.521,-1.0,2.642,4.5,4903
2015-12-24 00:24:00,0.0,0.0,0.0,0.0,0.0,0.0,0.0,289735.0,16.0,0.0,75.59999999999998,59.5,60.0,-0.1019999999999999,9461.0,1372.0,1377.0,298566.0,-0.0759999999999999,-0.027,0.0899999999999999,-0.925,0.031,0.0819999999999999,1.0,0.677,273.0,275.0,276.8,277.0,0.818,275.0,0.7909999999999999,276.0,0.8359999999999999,275.0,0.003,13.7,2.0,3.0,0.0,19.36,0.0,-1.4169999999999998,0.0,-0.008,-0.0139999999999999,-0.009,-0.0069999999999999,0.0,0.001,-0.003,0.023,0.53,-0.0139999999999999,-0.4849999999999999,0.2789999999999999,0.0,16.75,16.79,16.8,31.27,16.79,16.58,17.12,0.001,0.0,0.001,0.0,13.0,13.0,13.0,10.0,0.0,0.0,0.0,0.0,0.0,12.83,13.18,0.0,0.0,0.0,0.0,0.0,0.0,59.97,6000.0,-1.4169999999999998,-0.2,2.0,0.0,0.2,0.2,-0.0379999999999999,17.38,17.06,16.8,17.03,17.15,17.2,16.63,16.95,17.17,17.11,16.79,17.11,18.35,18.33,27.0,27.13,35.0,16.54,0.0,289.7,31.68,2.0,3.521,-1.0,1.7819999999999998,3.8,4903
2015-12-24 00:25:00,0.0,0.0,0.0,0.0,0.0,0.0,0.0,289735.0,16.0,0.0,75.59999999999998,59.5,60.0,-0.1,9461.0,1372.0,1377.0,298566.0,-0.0759999999999999,-0.032,0.0919999999999999,-0.925,0.031,0.0819999999999999,1.0,0.67,273.3,275.3,277.0,277.0,0.818,275.0,0.7909999999999999,276.0,0.8359999999999999,275.0,0.003,13.7,2.0,3.0,0.0,19.36,0.0,-1.533,0.0,-0.01,-0.0139999999999999,-0.009,-0.008,0.0,0.001,-0.003,0.023,0.531,-0.0139999999999999,-0.4849999999999999,0.2789999999999999,0.0,16.7,16.76,16.77,33.07,16.69,16.5,17.09,0.001,0.0,0.001,0.0,13.0,13.0,13.0,10.0,0.0,0.0,0.0,0.0,0.0,13.71,13.73,0.0,0.0,0.0,0.0,0.0,0.0,59.98,6000.0,-1.467,-0.2,2.0,0.0,0.2,0.2,-0.0379999999999999,17.34,17.02,16.75,17.0,17.13,17.18,16.61,16.9,17.14,17.05,16.74,17.07,18.31,18.27,27.0,27.13,35.0,16.46,0.0,280.7,45.56,2.0,3.521,-1.0,2.128,3.5,4903
2015-12-24 00:26:00,0.0,0.0,0.0,0.0,0.0,0.0,0.0,289735.0,16.0,0.0,75.59999999999998,59.5,60.0,-0.1,9461.0,1372.0,1377.0,298566.0,-0.0759999999999999,-0.023,0.0819999999999999,-0.925,0.031,0.0819999999999999,1.0,0.688,273.0,275.0,276.9,277.0,0.818,275.0,0.7909999999999999,276.0,0.8359999999999999,275.0,0.003,13.5,2.0,3.0,0.0,19.34,0.0,-1.517,0.0,-0.011,-0.0139999999999999,-0.01,-0.008,0.0,0.0,-0.004,0.3389999999999999,0.8059999999999999,-0.0139999999999999,-0.139,0.278,0.001,16.68,16.69,16.69,32.55,16.63,16.45,17.09,0.001,-0.001,0.001,0.0,13.0,13.0,13.0,10.0,0.0,0.0,0.0,0.0,0.0,13.71,14.0,0.0,0.0,0.0,0.0,0.0,0.0,59.97,6000.0,-1.55,-0.2,2.0,0.0,0.2,0.2,-0.0379999999999999,17.32,17.0,16.73,16.98,17.11,17.15,16.59,16.88,17.1,17.03,16.72,17.05,18.31,18.29,27.0,27.0,35.0,16.44,0.0,225.3,67.83,2.0,3.521,-1.0,2.798,5.7,4903
2015-12-24 00:27:00,0.0,0.0,0.0,0.0,0.0,0.0,0.0,289735.0,16.0,0.0,75.59999999999998,59.5,60.0,-0.1,9461.0,1372.0,1377.0,298566.0,-0.0759999999999999,-0.0299999999999999,0.0969999999999999,-0.925,0.031,0.0819999999999999,1.0,0.695,273.0,275.0,277.0,277.0,0.818,275.0,0.7909999999999999,276.0,0.8359999999999999,275.0,0.003,13.7,2.0,3.0,0.0,19.34,0.0,-1.383,0.0,-0.01,-0.0139999999999999,-0.01,-0.008,-0.002,0.0,-0.004,0.0279999999999999,0.536,-0.0139999999999999,-0.4789999999999999,0.2789999999999999,0.0,16.68,16.73,16.72,43.81,16.68,16.47,17.09,0.001,0.0,0.001,0.0,13.0,13.0,13.0,10.0,0.0,0.0,0.0,0.0,0.0,13.4,13.75,0.0,0.0,0.0,0.0,0.0,0.0,59.96,6000.0,-1.55,-0.2,2.0,0.0,0.2,0.2,-0.0379999999999999,17.29,16.98,16.71,16.96,17.11,17.15,16.59,16.83,17.07,17.02,16.67,17.01,18.37,18.42,27.0,27.0,35.0,16.44,0.0,236.8,26.77,2.0,3.519,-1.0,3.1830000000000003,5.3,4903
2015-12-24 00:28:00,0.0,0.0,0.0,0.0,0.0,0.0,0.0,289735.0,16.0,0.0,75.59999999999998,59.5,60.0,-0.1019999999999999,9461.0,1373.0,1377.0,298566.0,-0.0759999999999999,-0.0299999999999999,0.0919999999999999,-0.924,0.031,0.0819999999999999,1.0,0.692,273.1,275.1,277.0,277.0,0.818,275.0,0.7909999999999999,276.0,0.8359999999999999,275.0,0.003,13.7,2.0,3.0,0.0,19.34,0.0,-1.517,0.0,-0.009,-0.0139999999999999,-0.01,-0.008,-0.001,0.002,-0.003,0.0279999999999999,0.536,-0.0139999999999999,-0.4799999999999999,0.2789999999999999,0.0,16.68,16.69,16.72,30.46,16.61,16.45,17.04,0.001,-0.001,0.001,0.0,13.0,13.0,13.0,10.0,0.0,0.0,0.0,0.0,0.0,11.66,11.98,0.0,0.0,0.0,0.0,0.0,0.0,59.96,6000.0,-1.5,-0.2,2.0,0.0,0.2,0.2,-0.0379999999999999,17.29,16.97,16.71,16.97,17.12,17.16,16.61,16.81,17.05,16.99,16.64,17.01,18.36,18.39,27.0,27.0,35.0,16.42,0.0,241.4,48.55,2.0,3.519,-1.0,2.367,5.0,4903
2015-12-24 00:29:00,0.0,0.0,0.0,0.0,0.0,0.0,0.0,289735.0,16.0,0.0,75.59999999999998,59.5,60.0,-0.1019999999999999,9461.0,1373.0,1377.0,298566.0,-0.0759999999999999,-0.023,0.0969999999999999,-0.925,0.031,0.0819999999999999,1.0,0.682,273.2,275.2,277.0,277.0,0.818,275.0,0.7909999999999999,276.0,0.8359999999999999,275.0,0.003,13.7,2.0,3.0,0.0,19.34,0.0,-1.683,0.0,-0.009,-0.0139999999999999,-0.01,-0.008,0.0,0.002,-0.003,0.032,0.54,-0.0139999999999999,-0.471,0.2789999999999999,0.0,16.57,16.69,16.69,29.99,16.63,16.4,16.99,0.0,-0.001,0.0,0.0,13.0,13.0,13.0,10.0,0.0,0.0,0.0,0.0,0.0,12.0,12.27,0.0,0.0,0.0,0.0,0.0,0.0,59.96,6000.0,-1.567,-0.2,2.0,0.0,0.2,0.2,-0.0379999999999999,17.29,16.96,16.69,16.96,17.07,17.14,16.6,16.78,17.02,16.97,16.61,17.0,18.36,18.34,27.0,27.0,35.0,16.39,0.0,262.7,29.0,2.0,3.519,-1.0,1.7480000000000002,2.6,4903
2015-12-24 00:30:00,0.0,0.0,0.0,0.0,0.0,0.0,0.0,289735.0,16.0,0.0,75.59999999999998,59.5,60.0,-0.1019999999999999,9461.0,1373.0,1377.0,298566.0,-0.0759999999999999,-0.0279999999999999,0.093,-0.924,0.031,0.0819999999999999,1.0,0.695,273.5,275.5,277.0,277.0,0.818,275.2,0.7909999999999999,276.0,0.8359999999999999,275.0,0.003,13.7,2.0,3.0,0.0,19.34,0.0,-1.533,0.0,-0.008,-0.0139999999999999,-0.01,-0.008,-0.001,0.001,-0.004,0.032,0.539,-0.0139999999999999,-0.4739999999999999,0.2789999999999999,0.0,16.67,16.69,16.69,38.21,16.66,16.42,16.99,0.001,0.0,0.001,0.0,13.0,13.0,13.0,10.0,0.0,0.0,0.0,0.0,0.0,11.36,11.65,0.0,0.0,0.0,0.0,0.0,0.0,59.97,6000.0,-1.6,-0.2,2.0,0.0,0.2,0.2,-0.0379999999999999,17.27,16.94,16.68,16.95,17.06,17.14,16.6,16.78,17.01,16.98,16.61,16.98,18.34,18.34,27.0,27.0,35.0,16.41,0.0,221.9,49.27,2.0,3.519,-1.0,2.637,5.1,4903
2015-12-24 00:31:00,0.0,0.0,0.0,0.0,0.0,0.0,0.0,289735.0,16.0,0.0,75.59999999999998,59.5,60.0,-0.1,9461.0,1373.0,1377.0,298566.0,-0.0759999999999999,-0.027,0.095,-0.924,0.031,0.0819999999999999,1.0,0.677,273.4,275.4,277.0,277.0,0.818,275.0,0.7909999999999999,276.0,0.8359999999999999,275.0,0.022,13.62,2.0,1.0,0.0,19.34,0.0,-1.683,0.0,-0.008,-0.0139999999999999,-0.01,-0.008,-0.003,0.001,-0.004,0.221,0.6999999999999998,-0.0139999999999999,-0.261,0.278,0.001,16.68,16.7,16.69,150.1,16.63,16.48,16.99,0.0,0.0,0.001,0.0,13.0,13.0,13.0,10.0,0.0,0.0,0.0,0.0,0.0,10.1,10.35,0.0,0.0,0.0,0.0,0.0,0.0,59.98,6000.0,-1.517,-0.2,2.0,0.0,0.2,0.2,-0.0379999999999999,17.24,16.9,16.64,16.92,17.05,17.1,16.57,16.75,16.99,16.95,16.58,16.95,18.31,18.36,27.0,27.0,35.0,16.43,0.0,224.1,53.22,2.0,3.521,-1.0,3.5380000000000003,7.4,4903
2015-12-24 00:32:00,0.0,0.0,0.0,0.0,0.0,0.0,0.0,289735.0,16.0,0.0,75.59999999999998,59.5,60.0,-0.1,9461.0,1373.0,1377.0,298566.0,-0.0759999999999999,-0.0149999999999999,0.0919999999999999,-0.924,0.031,0.0819999999999999,1.0,0.693,273.2,275.2,277.0,277.0,0.818,275.0,0.7909999999999999,276.0,0.8359999999999999,275.0,-0.018,13.62,2.0,1.0,0.0,19.34,0.0,-1.717,0.0,-0.008,-0.0139999999999999,-0.01,-0.008,0.0,0.002,-0.005,0.035,0.5429999999999999,-0.0139999999999999,-0.4639999999999999,0.2789999999999999,0.001,16.61,16.69,16.69,32.37,16.67,16.41,16.99,0.001,-0.001,0.0,-0.001,13.0,13.0,13.0,10.0,0.0,0.0,0.0,0.0,0.0,9.86,10.13,0.0,0.0,0.0,0.0,0.0,0.0,59.98,6000.0,-1.483,-0.2,2.0,0.0,0.2,0.2,-0.0379999999999999,17.24,16.94,16.67,16.93,17.06,17.12,16.59,16.75,17.0,16.96,16.59,16.97,18.33,18.38,27.0,27.0,35.0,16.41,0.0,287.6,23.16,2.0,3.521,-1.0,3.722,6.3,4903
2015-12-24 00:33:00,0.0,0.0,0.0,0.0,0.0,0.0,0.0,289735.0,16.0,0.0,75.59999999999998,59.5,60.0,-0.1,9461.0,1373.0,1377.0,298566.0,-0.0759999999999999,-0.035,0.0869999999999999,-0.924,0.031,0.0819999999999999,1.0,0.657,273.1,275.1,276.9,277.0,0.818,275.0,0.7909999999999999,276.0,0.8359999999999999,275.0,0.003,13.7,2.0,3.0,0.0,19.33,0.0,-1.7,0.0,-0.008,-0.0139999999999999,-0.009,-0.0069999999999999,0.0,0.004,-0.003,0.037,0.544,-0.0139999999999999,-0.471,0.2789999999999999,0.0,16.58,16.69,16.69,30.37,16.59,16.4,16.99,0.001,-0.001,0.001,0.0,13.0,13.0,13.0,10.0,0.0,0.0,0.0,0.0,0.0,10.05,10.32,0.0,0.0,0.0,0.0,0.0,0.0,59.97,6000.0,-1.55,-0.2,2.0,0.0,0.2,0.2,-0.0379999999999999,17.28,16.96,16.69,16.95,17.07,17.14,16.62,16.78,17.04,16.99,16.62,17.0,18.39,18.38,27.0,27.0,35.0,16.39,0.0,267.7,33.66,2.0,3.519,-1.0,3.152,6.2,4903
2015-12-24 00:34:00,0.0,0.0,0.0,0.0,0.0,0.0,0.0,289735.0,16.0,0.0,75.59999999999998,59.5,60.0,-0.1,9461.0,1373.0,1377.0,298566.0,-0.0759999999999999,-0.033,0.0919999999999999,-0.924,0.031,0.0819999999999999,1.0,0.6629999999999999,273.1,275.0,276.7,277.0,0.818,275.0,0.7909999999999999,276.0,0.8359999999999999,275.0,0.003,13.7,2.0,3.0,0.0,19.32,0.0,-1.45,0.0,-0.008,-0.0139999999999999,-0.009,-0.0069999999999999,0.0,0.004,-0.003,0.0379999999999999,0.546,-0.0139999999999999,-0.467,0.2789999999999999,0.0,16.57,16.69,16.69,28.3,16.59,16.4,16.99,0.001,0.0,0.001,0.0,13.0,13.0,13.0,10.0,0.0,0.0,0.0,0.0,0.0,10.38,10.73,0.0,0.0,0.0,0.0,0.0,0.0,59.96,6000.0,-1.567,-0.2,2.0,0.0,0.2,0.2,-0.0379999999999999,17.29,16.97,16.69,16.96,17.05,17.14,16.63,16.8,17.05,16.99,16.64,17.0,18.36,18.34,27.0,27.0,35.0,16.4,0.0,285.2,41.74,2.0,3.521,-1.0,2.573,4.3,4903
2015-12-24 00:35:00,0.0,0.0,0.0,0.0,0.0,0.0,0.0,289735.0,16.0,0.0,75.59999999999998,59.5,60.0,-0.103,9461.0,1373.0,1377.0,298566.0,-0.0759999999999999,-0.025,0.088,-0.924,0.031,0.0819999999999999,1.0,0.6629999999999999,273.4,275.3,276.9,277.0,0.818,275.0,0.7909999999999999,276.0,0.8359999999999999,275.0,0.003,13.7,2.0,3.0,0.0,19.31,0.0,-1.55,0.0,-0.008,-0.0139999999999999,-0.009,-0.0069999999999999,0.0,0.004,-0.003,0.0409999999999999,0.5479999999999999,-0.0139999999999999,-0.467,0.2789999999999999,0.0,16.52,16.68,16.59,43.68,16.59,16.4,17.07,0.001,0.0,0.001,0.0,13.0,13.0,13.0,10.0,0.0,0.0,0.0,0.0,0.0,10.26,10.68,0.0,0.0,0.0,0.0,0.0,0.0,59.97,6000.0,-1.567,-0.2,2.0,0.0,0.2,0.2,-0.0379999999999999,17.28,16.97,16.69,16.98,17.05,17.15,16.65,16.8,17.07,16.98,16.64,17.0,18.37,18.31,27.0,27.0,35.0,16.38,0.0,289.5,20.23,2.0,3.519,-1.0,2.785,4.9,4903
2015-12-24 00:36:00,0.0,0.0,0.0,0.0,0.0,0.0,0.0,289735.0,16.0,0.0,75.59999999999998,59.5,60.0,-0.1019999999999999,9461.0,1373.0,1377.0,298566.0,-0.0759999999999999,-0.0299999999999999,0.088,-0.924,0.031,0.0819999999999999,1.0,0.688,273.5,275.5,277.0,277.0,0.818,275.1,0.7909999999999999,276.0,0.8359999999999999,275.0,0.003,13.7,2.0,3.0,0.0,19.31,0.0,-1.5,0.0,-0.009,-0.0139999999999999,-0.008,-0.0069999999999999,0.0,0.004,-0.002,0.036,0.5429999999999999,-0.0139999999999999,-0.472,0.2789999999999999,0.0,16.57,16.59,16.59,30.48,16.59,16.4,17.06,0.001,0.0,0.001,0.0,13.0,13.0,13.0,10.0,0.0,0.0,0.0,0.0,0.0,10.66,11.12,0.0,0.0,0.0,0.0,0.0,0.0,59.96,6000.0,-1.5,-0.2,2.0,0.0,0.2,0.2,-0.0379999999999999,17.29,16.98,16.71,17.02,17.07,17.16,16.66,16.82,17.06,16.99,16.66,17.01,18.37,18.34,27.0,27.0,35.0,16.38,0.0,273.5,66.5,2.0,3.519,-1.0,1.582,3.7,4903
2015-12-24 00:37:00,0.0,0.0,0.0,0.0,0.0,0.0,0.0,289735.0,16.0,0.0,75.59999999999998,59.5,60.0,-0.1,9461.0,1373.0,1377.0,298566.0,-0.0759999999999999,-0.017,0.1,-0.924,0.031,0.0819999999999999,1.0,0.677,273.8,275.8,277.0,277.0,0.818,275.3,0.7909999999999999,276.0,0.8359999999999999,275.0,0.003,13.53,2.0,1.0,0.0,19.31,0.0,-1.5830000000000002,0.0,-0.009,-0.0139999999999999,-0.008,-0.0069999999999999,0.0,0.005,-0.003,0.271,0.724,-0.0139999999999999,-0.217,0.278,0.001,16.6,16.66,16.59,38.39,16.59,16.4,16.99,0.001,0.0,0.001,0.0,13.0,13.0,13.0,10.0,0.0,0.0,0.0,0.0,0.0,10.97,11.5,0.0,0.0,0.0,0.0,0.0,0.0,59.95,6000.0,-1.633,-0.2,2.0,0.0,0.2,0.2,-0.0379999999999999,17.29,16.97,16.69,17.03,17.05,17.15,16.66,16.81,17.05,16.97,16.64,17.0,18.36,18.37,27.0,27.0,35.0,16.4,0.0,262.4,25.8,2.0,3.519,-1.0,3.0780000000000003,5.4,4903
2015-12-24 00:38:00,0.0,0.0,0.0,0.0,0.0,0.0,0.0,289735.0,16.0,0.0,75.59999999999998,59.5,60.0,-0.1,9461.0,1373.0,1377.0,298566.0,-0.0759999999999999,-0.0299999999999999,0.098,-0.924,0.031,0.0819999999999999,1.0,0.655,273.9,275.9,277.0,277.0,0.818,275.4,0.7909999999999999,276.0,0.8359999999999999,275.0,0.003,13.7,2.0,3.0,0.0,19.31,0.0,-1.633,0.0,-0.008,-0.0139999999999999,-0.008,-0.0069999999999999,0.0,0.004,-0.003,0.031,0.539,-0.0139999999999999,-0.477,0.2789999999999999,0.0,16.58,16.63,16.61,29.86,16.59,16.4,16.99,0.001,0.0,0.001,0.0,13.0,13.0,13.0,10.0,0.0,0.0,0.0,0.0,0.0,10.67,11.0,0.0,0.0,0.0,0.0,0.0,0.0,59.96,6000.0,-1.517,-0.2,2.0,0.0,0.2,0.2,-0.0379999999999999,17.29,16.97,16.7,17.05,17.04,17.15,16.67,16.8,17.04,16.97,16.64,17.02,18.36,18.39,27.0,27.0,35.0,16.4,0.0,251.2,35.97,2.0,3.519,-1.0,2.365,4.9,4903
2015-12-24 00:39:00,0.0,0.0,0.0,0.0,0.0,0.0,0.0,289735.0,16.0,0.0,75.59999999999998,59.5,60.0,-0.1,9461.0,1373.0,1377.0,298566.0,-0.0759999999999999,-0.022,0.0899999999999999,-0.924,0.031,0.0819999999999999,1.0,0.637,274.0,276.0,277.0,277.0,0.818,276.0,0.7909999999999999,276.0,0.8359999999999999,275.0,0.003,13.7,2.0,3.0,0.0,19.3,0.0,-1.483,0.0,-0.008,-0.0139999999999999,-0.008,-0.0069999999999999,0.0,0.004,-0.003,0.034,0.541,-0.0139999999999999,-0.4739999999999999,0.2789999999999999,0.0,16.6,16.61,16.59,38.1,16.59,16.4,16.99,0.001,0.0,0.0,0.0,13.0,13.0,13.0,10.0,0.0,0.0,0.0,0.0,0.0,10.04,10.32,0.0,0.0,0.0,0.0,0.0,0.0,59.95,6000.0,-1.567,-0.2,2.0,0.0,0.2,0.2,-0.0379999999999999,17.29,16.97,16.69,17.04,17.04,17.14,16.65,16.78,17.03,16.96,16.62,17.04,18.34,18.34,27.0,27.0,35.0,16.39,0.0,262.9,28.84,2.0,3.519,-1.0,2.39,3.8,4903
2015-12-24 00:40:00,0.0,0.0,0.0,0.0,0.0,0.0,0.0,289735.0,16.0,0.0,75.59999999999998,59.5,60.0,-0.1019999999999999,9461.0,1373.0,1377.0,298566.0,-0.0759999999999999,-0.032,0.0969999999999999,-0.924,0.031,0.0819999999999999,1.0,0.675,273.8,275.8,277.0,277.0,0.818,276.0,0.7909999999999999,276.0,0.8359999999999999,275.0,0.003,13.7,2.0,3.0,0.0,19.29,0.0,-1.6669999999999998,0.0,-0.0069999999999999,-0.0139999999999999,-0.008,-0.0069999999999999,0.0,0.003,-0.003,0.035,0.542,-0.013,-0.4729999999999999,0.2789999999999999,0.0,16.6,16.59,16.61,50.77,16.59,16.4,16.99,0.001,-0.001,0.0,0.0,13.0,13.0,13.0,10.0,0.0,0.0,0.0,0.0,0.0,9.590000000000002,10.0,0.0,0.0,0.0,0.0,0.0,0.0,59.95,6000.0,-1.5,-0.2,2.0,0.0,0.2,0.2,-0.0379999999999999,17.28,16.96,16.68,17.05,17.05,17.13,16.65,16.78,17.02,16.95,16.62,17.05,18.32,18.34,27.0,27.0,35.0,16.38,0.0,229.1,49.51,2.0,3.519,-1.0,3.115,7.1,4903
2015-12-24 00:41:00,0.0,0.0,0.0,0.0,0.0,0.0,0.0,289735.0,16.0,0.0,75.59999999999998,59.5,60.0,-0.1,9461.0,1373.0,1377.0,298566.0,-0.0759999999999999,-0.025,0.098,-0.924,0.031,0.0819999999999999,1.0,0.65,274.0,276.0,277.0,277.0,0.818,276.0,0.7909999999999999,276.0,0.8359999999999999,275.0,0.003,13.7,2.0,3.0,0.0,19.28,0.0,-1.75,0.0,-0.008,-0.0139999999999999,-0.009,-0.0069999999999999,0.0,0.003,-0.004,0.033,0.541,-0.0139999999999999,-0.4749999999999999,0.2789999999999999,0.0,16.6,16.59,16.67,31.44,16.59,16.4,16.94,0.001,0.0,0.001,0.0,13.0,13.0,13.0,10.0,0.0,0.0,0.0,0.0,0.0,9.55,10.0,0.0,0.0,0.0,0.0,0.0,0.0,59.96,6000.0,-1.567,-0.2,2.0,0.0,0.2,0.2,-0.0379999999999999,17.26,16.92,16.65,17.04,17.01,17.1,16.64,16.76,16.99,16.94,16.6,17.01,18.31,18.33,27.0,27.0,35.0,16.38,0.0,244.1,44.82,2.0,3.519,-1.0,1.8,5.0,4903
2015-12-24 00:42:00,0.0,0.0,0.0,0.0,0.0,0.0,0.0,289735.0,16.0,0.0,75.59999999999998,59.5,60.0,-0.1019999999999999,9461.0,1373.0,1377.0,298566.0,-0.0759999999999999,-0.027,0.088,-0.924,0.031,0.0819999999999999,1.0,0.635,274.0,276.0,277.0,277.0,0.818,276.0,0.7909999999999999,276.0,0.8359999999999999,275.0,-0.004,13.49,2.0,3.0,0.0,19.28,0.0,-1.783,0.0,-0.008,-0.0139999999999999,-0.009,-0.008,0.0,0.001,-0.005,0.315,0.785,-0.0139999999999999,-0.165,0.278,0.001,16.52,16.59,16.59,29.98,16.59,16.38,16.89,0.001,0.0,0.001,0.0,13.0,13.0,13.0,10.0,0.0,0.0,0.0,0.0,0.0,9.68,10.0,0.0,0.0,0.0,0.0,0.0,0.0,59.97,6000.0,-1.7,-0.2,2.0,0.0,0.2,0.2,-0.0379999999999999,17.22,16.87,16.61,17.0,16.99,17.07,16.6,16.7,16.93,16.9,16.54,16.98,18.28,18.31,27.0,27.0,35.0,16.33,0.0,247.2,33.32,2.0,3.521,-1.0,2.398,6.1,4903
2015-12-24 00:43:00,0.0,0.0,0.0,0.0,0.0,0.0,0.0,289735.0,16.0,0.0,75.59999999999998,59.5,60.0,-0.1019999999999999,9461.0,1373.0,1377.0,298566.0,-0.0759999999999999,-0.0279999999999999,0.098,-0.924,0.031,0.0819999999999999,1.0,0.6579999999999999,274.0,276.0,277.0,277.0,0.818,275.9,0.7909999999999999,276.0,0.8359999999999999,275.0,0.011,13.7,2.0,3.0,0.0,19.28,0.0,-1.5830000000000002,0.0,-0.009,-0.0139999999999999,-0.009,-0.008,0.0,0.002,-0.006,0.039,0.546,-0.0139999999999999,-0.4689999999999999,0.2789999999999999,0.0,16.58,16.59,16.59,30.69,16.58,16.37,16.89,0.0,0.0,0.001,0.0,13.0,13.0,13.0,10.0,0.0,0.0,0.0,0.0,0.0,9.79,10.0,0.0,0.0,0.0,0.0,0.0,0.0,59.97,6000.0,-1.533,-0.2,2.0,0.0,0.2,0.2,-0.0379999999999999,17.2,16.88,16.61,17.0,17.0,17.07,16.6,16.7,16.97,16.92,16.54,16.97,18.28,18.28,27.0,27.0,35.0,16.35,0.0,245.7,38.3,2.0,3.518,-1.0,2.402,5.3,4903
2015-12-24 00:44:00,0.0,0.0,0.0,0.0,0.0,0.0,0.0,289735.0,16.0,0.0,75.59999999999998,59.5,60.0,-0.1019999999999999,9461.0,1373.0,1377.0,298566.0,-0.0759999999999999,-0.0299999999999999,0.0969999999999999,-0.924,0.032,0.0819999999999999,1.0,0.682,273.7,275.7,277.0,277.0,0.818,275.9,0.7909999999999999,276.0,0.8359999999999999,275.0,0.003,13.7,2.0,3.0,0.0,19.28,0.0,-1.55,0.0,-0.008,-0.0139999999999999,-0.009,-0.008,0.0,0.002,-0.005,0.0449999999999999,0.552,-0.0139999999999999,-0.461,0.2789999999999999,0.0,16.55,16.59,16.59,44.73,16.59,16.3,16.96,0.001,0.0,0.0,0.0,13.0,13.0,13.0,10.0,0.0,0.0,0.0,0.0,0.0,9.94,10.13,0.0,0.0,0.0,0.0,0.0,0.0,59.95,6000.0,-1.45,-0.2,2.0,0.0,0.2,0.2,-0.0379999999999999,17.21,16.89,16.63,17.01,17.01,17.09,16.61,16.7,16.97,16.92,16.55,16.99,18.33,18.29,27.0,27.0,35.0,16.33,0.0,279.3,40.38,2.0,3.519,-1.0,3.023,4.9,4903
2015-12-24 00:45:00,0.0,0.0,0.0,0.0,0.0,0.0,0.0,289735.0,16.0,0.0,75.59999999999998,59.5,60.0,-0.1019999999999999,9461.0,1373.0,1377.0,298566.0,-0.0759999999999999,-0.027,0.095,-0.924,0.032,0.083,1.0,0.66,274.0,276.0,277.0,277.0,0.818,276.0,0.7909999999999999,276.0,0.8359999999999999,275.0,0.003,13.7,2.0,3.0,0.0,19.28,0.0,-1.533,0.0,-0.008,-0.0139999999999999,-0.008,-0.008,0.0,0.003,-0.004,0.0409999999999999,0.5489999999999999,-0.0139999999999999,-0.466,0.2789999999999999,0.0,16.5,16.59,16.59,32.89,16.55,16.3,16.91,0.001,0.0,0.001,0.0,13.0,13.0,13.0,10.0,0.0,0.0,0.0,0.0,0.0,9.8,10.0,0.0,0.0,0.0,0.0,0.0,0.0,59.97,6000.0,-1.5,-0.2,2.0,0.0,0.2,0.2,-0.0379999999999999,17.22,16.89,16.65,17.02,17.0,17.1,16.62,16.72,16.97,16.91,16.56,17.01,18.32,18.29,27.0,27.0,35.0,16.32,0.0,248.1,28.24,2.0,3.519,-1.0,2.718,4.9,4903
2015-12-24 00:46:00,0.0,0.0,0.0,0.0,0.0,0.0,0.0,289735.0,16.0,0.0,75.59999999999998,59.5,60.0,-0.1019999999999999,9461.0,1373.0,1377.0,298566.0,-0.0759999999999999,-0.027,0.095,-0.924,0.032,0.083,1.0,0.677,274.0,276.0,277.0,277.0,0.818,276.0,0.7909999999999999,276.0,0.8359999999999999,275.0,0.003,13.7,2.0,3.0,0.0,19.27,0.0,-1.5,0.0,-0.008,-0.0139999999999999,-0.008,-0.0069999999999999,0.0,0.003,-0.004,0.0379999999999999,0.546,-0.0139999999999999,-0.4699999999999999,0.2789999999999999,0.0,16.49,16.59,16.59,30.44,16.5,16.3,16.96,0.001,-0.001,0.0,0.0,13.0,13.0,13.0,10.0,0.0,0.0,0.0,0.0,0.0,9.41,9.98,0.0,0.0,0.0,0.0,0.0,0.0,59.97,6000.0,-1.4,-0.2,2.0,0.0,0.2,0.2,-0.0379999999999999,17.23,16.91,16.66,17.04,17.01,17.11,16.63,16.73,16.99,16.92,16.57,17.03,18.29,18.28,27.0,27.0,35.0,16.28,0.0,273.3,43.69,2.0,3.517,-1.0,2.577,4.9,4903
2015-12-24 00:47:00,0.0,0.0,0.0,0.0,0.0,0.0,0.0,289735.0,16.0,0.0,75.59999999999998,59.5,60.0,-0.103,9461.0,1373.0,1377.0,298566.0,-0.0759999999999999,-0.0279999999999999,0.0969999999999999,-0.924,0.031,0.083,1.0,0.677,274.0,276.0,277.0,277.0,0.818,276.0,0.7909999999999999,276.0,0.8359999999999999,275.0,0.005,13.7,2.0,3.0,0.0,19.26,0.0,-1.35,0.0,-0.008,-0.0139999999999999,-0.008,-0.0069999999999999,0.0,0.002,-0.004,0.3629999999999999,0.817,-0.0139999999999999,-0.1449999999999999,0.278,0.0,16.45,16.56,16.58,25.77,16.5,16.28,16.93,0.001,0.0,0.001,0.0,13.0,13.0,13.0,10.0,0.0,0.0,0.0,0.0,0.0,9.18,9.48,0.0,0.0,0.0,0.0,0.0,0.0,59.98,6000.0,-1.3330000000000002,-0.2,2.0,0.0,0.2,0.2,-0.0379999999999999,17.21,16.88,16.65,17.02,17.0,17.09,16.62,16.71,16.97,16.9,16.55,17.01,18.28,18.25,27.0,27.0,35.0,16.24,0.0,253.0,43.58,2.0,3.517,-1.0,2.107,3.6,4903
2015-12-24 00:48:00,0.0,0.0,0.0,0.0,0.0,0.0,0.0,289735.0,16.0,0.0,75.59999999999998,59.5,60.0,-0.1,9461.0,1373.0,1377.0,298566.0,-0.0759999999999999,-0.023,0.095,-0.924,0.032,0.083,1.0,0.695,273.9,275.9,277.0,277.0,0.818,276.0,0.7909999999999999,276.0,0.8359999999999999,275.0,0.003,13.62,2.0,1.0,0.0,19.26,0.0,-1.217,0.0,-0.008,-0.0139999999999999,-0.009,-0.0069999999999999,0.0,0.002,-0.005,0.044,0.552,-0.0139999999999999,-0.451,0.278,0.001,16.42,16.5,16.52,28.65,16.48,16.27,16.89,0.001,0.0,0.001,0.0,13.0,13.0,13.0,10.0,0.0,0.0,0.0,0.0,0.0,9.18,9.47,0.0,0.0,0.0,0.0,0.0,0.0,59.98,6000.0,-1.383,-0.2,2.0,0.0,0.2,0.2,-0.0379999999999999,17.19,16.85,16.63,17.0,16.98,17.07,16.6,16.68,16.94,16.87,16.52,16.98,18.27,18.27,27.0,27.0,35.0,16.22,0.0,291.0,23.43,2.0,3.519,-1.0,2.83,4.5,4903
2015-12-24 00:49:00,0.0,0.0,0.0,0.0,0.0,0.0,0.0,289735.0,16.0,0.0,75.59999999999998,59.5,60.0,-0.1,9461.0,1373.0,1377.0,298566.0,-0.0759999999999999,-0.027,0.0899999999999999,-0.924,0.032,0.083,1.0,0.688,273.9,275.9,277.0,277.0,0.818,276.0,0.7909999999999999,276.0,0.8359999999999999,275.0,0.003,13.7,2.0,3.0,0.0,19.26,0.0,-1.067,0.0,-0.008,-0.0139999999999999,-0.009,-0.008,0.0,0.002,-0.006,0.035,0.5429999999999999,-0.013,-0.472,0.2789999999999999,0.0,16.41,16.5,16.5,32.82,16.46,16.21,16.89,0.0,0.0,0.001,0.0,13.0,13.0,13.0,10.0,0.0,0.0,0.0,0.0,0.0,9.3,9.95,0.0,0.0,0.0,0.0,0.0,0.0,59.96,6000.0,-1.3,-0.2,2.0,0.0,0.2,0.2,-0.0379999999999999,17.19,16.87,16.65,17.01,16.98,17.07,16.6,16.67,16.93,16.86,16.51,17.0,18.28,18.28,27.0,27.0,35.0,16.22,0.0,248.8,33.81,2.0,3.519,-1.0,2.785,6.0,4903
2015-12-24 00:50:00,0.0,0.0,0.0,0.0,0.0,0.0,0.0,289735.0,16.0,0.0,75.59999999999998,59.5,60.0,-0.105,9461.0,1373.0,1377.0,298566.0,-0.0759999999999999,-0.023,0.095,-0.924,0.032,0.083,1.0,0.6829999999999999,274.0,276.0,277.0,277.0,0.818,276.0,0.7909999999999999,276.0,0.8359999999999999,275.0,0.003,13.7,2.0,3.0,0.0,19.24,0.0,-1.067,0.0,-0.0069999999999999,-0.0139999999999999,-0.009,-0.0069999999999999,0.0,0.002,-0.005,0.034,0.542,-0.012,-0.471,0.2789999999999999,0.0,16.47,16.5,16.51,34.31,16.46,16.27,16.89,0.001,-0.001,0.0,0.0,13.0,13.0,13.0,10.0,0.0,0.0,0.0,0.0,0.0,9.340000000000002,9.98,0.0,0.0,0.0,0.0,0.0,0.0,59.96,6000.0,-1.183,-0.2,2.0,0.0,0.2,0.2,-0.0379999999999999,17.18,16.85,16.64,17.01,16.98,17.07,16.61,16.66,16.92,16.86,16.5,16.98,18.27,18.27,27.0,27.0,35.0,16.24,0.0,229.4,28.32,2.0,3.521,-1.0,2.56,5.7,4903
2015-12-24 00:51:00,0.0,0.0,0.0,0.0,0.0,0.0,0.0,289735.0,16.0,0.0,75.59999999999998,59.5,60.0,-0.1,9461.0,1373.0,1378.0,298566.0,-0.0759999999999999,-0.02,0.098,-0.924,0.032,0.083,1.0,0.687,274.0,276.0,277.0,277.0,0.818,276.0,0.7909999999999999,276.0,0.8359999999999999,275.0,0.003,13.7,2.0,3.0,0.0,19.23,0.0,-1.267,0.0,-0.0069999999999999,-0.0139999999999999,-0.01,-0.008,0.0,0.002,-0.005,0.032,0.54,-0.012,-0.4749999999999999,0.2789999999999999,0.0,16.5,16.52,16.54,29.41,16.5,16.29,16.89,0.001,0.0,0.001,0.0,13.0,13.0,13.0,10.0,0.0,0.0,0.0,0.0,0.0,9.45,10.0,0.0,0.0,0.0,0.0,0.0,0.0,59.96,6000.0,-1.45,-0.2,2.0,0.0,0.2,0.2,-0.0379999999999999,17.15,16.82,16.62,17.02,17.0,17.08,16.61,16.65,16.89,16.87,16.49,16.96,18.26,18.28,27.0,27.0,35.0,16.27,0.0,234.3,31.57,2.0,3.519,-1.0,2.5380000000000003,4.8,4903
2015-12-24 00:52:00,0.0,0.0,0.0,0.0,0.0,0.0,0.0,289735.0,16.0,0.0,75.59999999999998,59.5,60.0,-0.1019999999999999,9461.0,1373.0,1378.0,298566.0,-0.0759999999999999,-0.018,0.093,-0.924,0.032,0.083,1.0,0.68,274.0,276.0,277.0,277.0,0.818,276.0,0.7909999999999999,276.0,0.8359999999999999,275.0,0.003,13.7,2.0,3.0,0.0,19.23,0.0,-1.15,0.0,-0.006,-0.0139999999999999,-0.009,-0.0069999999999999,0.0,0.004,-0.004,0.037,0.544,-0.011,-0.471,0.2789999999999999,0.0,16.5,16.51,16.56,30.19,16.5,16.3,16.89,0.001,0.0,0.001,0.0,13.0,13.0,13.0,10.0,0.0,0.0,0.0,0.0,0.0,9.62,10.0,0.0,0.0,0.0,0.0,0.0,0.0,59.96,6000.0,-1.433,-0.2,2.0,0.0,0.2,0.2,-0.0379999999999999,17.16,16.84,16.65,17.04,16.97,17.08,16.62,16.65,16.91,16.86,16.5,16.97,18.27,18.29,27.0,27.0,35.0,16.28,0.0,230.9,58.49,2.0,3.519,-1.0,1.5830000000000002,3.9,4903
2015-12-24 00:53:00,0.0,0.0,0.0,0.0,0.0,0.0,0.0,289735.0,16.0,0.0,75.59999999999998,59.5,60.0,-0.1019999999999999,9461.0,1373.0,1378.0,298566.0,-0.0759999999999999,-0.017,0.0969999999999999,-0.924,0.032,0.083,1.0,0.6829999999999999,274.0,276.0,277.0,277.0,0.818,276.0,0.7909999999999999,276.0,0.8359999999999999,275.0,0.003,13.6,2.0,3.0,0.0,19.23,0.0,-1.067,0.0,-0.0069999999999999,-0.013,-0.008,-0.0069999999999999,0.0,0.004,-0.004,0.268,0.748,-0.01,-0.217,0.2789999999999999,0.0,16.5,16.5,16.58,40.74,16.5,16.3,16.89,0.001,-0.001,0.001,0.0,13.0,13.0,13.0,10.0,0.0,0.0,0.0,0.0,0.0,9.41,9.98,0.0,0.0,0.0,0.0,0.0,0.0,59.95,6000.0,-1.267,-0.2,2.0,0.0,0.2,0.2,-0.0379999999999999,17.16,16.85,16.66,17.05,17.03,17.1,16.65,16.64,16.9,16.87,16.48,16.99,18.27,18.29,27.0,27.0,35.0,16.3,0.0,241.2,44.74,2.0,3.519,-1.0,3.175,5.4,4903
2015-12-24 00:54:00,0.0,0.0,0.0,0.0,0.0,0.0,0.0,289735.0,16.0,0.0,75.59999999999998,59.5,60.0,-0.103,9461.0,1373.0,1378.0,298566.0,-0.0759999999999999,-0.0299999999999999,0.095,-0.924,0.032,0.083,1.0,0.6779999999999999,274.0,276.0,277.0,277.0,0.818,276.0,0.7909999999999999,276.0,0.8359999999999999,275.0,0.003,13.7,2.0,3.0,0.0,19.23,0.0,-1.1,0.0,-0.006,-0.011,-0.008,-0.0069999999999999,0.0,0.005,-0.003,0.0429999999999999,0.551,-0.01,-0.465,0.2789999999999999,0.0,16.5,16.52,16.56,34.58,16.5,16.3,16.89,0.001,-0.001,0.001,0.0,13.0,13.0,13.0,10.0,0.0,0.0,0.0,0.0,0.0,9.32,9.97,0.0,0.0,0.0,0.0,0.0,0.0,59.97,6000.0,-1.3330000000000002,-0.2,2.0,0.0,0.2,0.2,-0.0379999999999999,17.17,16.87,16.7,17.1,17.02,17.13,16.7,16.66,16.94,16.89,16.51,17.03,18.33,18.37,27.0,27.0,35.0,16.3,0.0,264.5,54.57,2.0,3.519,-1.0,3.943,6.7,4903
2015-12-24 00:55:00,0.0,0.0,0.0,0.0,0.0,0.0,0.0,289735.0,16.0,0.0,75.59999999999998,59.5,60.0,-0.103,9461.0,1373.0,1378.0,298566.0,-0.0759999999999999,-0.013,0.093,-0.924,0.031,0.0819999999999999,1.0,0.677,274.0,276.0,277.0,277.0,0.818,276.0,0.7909999999999999,276.0,0.8359999999999999,275.0,0.003,13.7,2.0,3.0,0.0,19.23,0.0,-1.1,0.0,-0.005,-0.01,-0.0069999999999999,-0.006,0.0,0.006,-0.002,0.044,0.552,-0.01,-0.4639999999999999,0.2789999999999999,0.0,16.5,16.59,16.59,29.67,16.5,16.34,16.94,0.0,0.0,0.001,0.0,13.0,13.0,13.0,10.0,0.0,0.0,0.0,0.0,0.0,9.39,9.97,0.0,0.0,0.0,0.0,0.0,0.0,59.97,6000.0,-1.3,-0.2,2.0,0.0,0.2,0.2,-0.0379999999999999,17.21,16.91,16.75,17.12,17.0,17.13,16.72,16.69,16.96,16.9,16.54,17.09,18.42,18.47,27.0,27.0,35.0,16.32,0.0,291.3,26.15,2.0,3.519,-1.0,3.372,6.1,4903
2015-12-24 00:56:00,0.0,0.0,0.0,0.0,0.0,0.0,0.0,289735.0,16.0,0.0,75.59999999999998,59.5,60.0,-0.103,9461.0,1373.0,1378.0,298566.0,-0.0759999999999999,-0.0279999999999999,0.098,-0.924,0.032,0.0819999999999999,1.0,0.6679999999999999,273.9,275.9,277.0,277.0,0.818,276.0,0.7909999999999999,276.0,0.8359999999999999,275.0,0.003,13.7,2.0,3.0,0.0,19.22,0.0,-1.533,0.0,-0.006,-0.01,-0.006,-0.005,0.0,0.006,-0.002,0.0449999999999999,0.5529999999999999,-0.01,-0.4629999999999999,0.2789999999999999,0.0,16.5,16.59,16.59,25.24,16.5,16.3,16.94,0.001,0.0,0.0,0.0,13.0,13.0,13.0,10.0,0.0,0.0,0.0,0.0,0.0,9.45,9.98,0.0,0.0,0.0,0.0,0.0,0.0,59.97,6000.0,-1.55,-0.2,2.0,0.0,0.2,0.2,-0.0379999999999999,17.22,16.94,16.79,17.14,17.0,17.13,16.73,16.71,16.98,16.9,16.55,17.12,18.41,18.41,27.0,27.0,35.0,16.28,0.0,255.7,43.58,2.0,3.521,-1.0,3.007,5.2,4903
2015-12-24 00:57:00,0.0,0.0,0.0,0.0,0.0,0.0,0.0,289735.0,16.0,0.0,75.59999999999998,59.5,60.0,-0.1,9461.0,1373.0,1378.0,298566.0,-0.0759999999999999,-0.023,0.098,-0.924,0.032,0.0819999999999999,1.0,0.6829999999999999,273.8,275.8,277.0,277.0,0.818,275.9,0.7909999999999999,276.0,0.8359999999999999,275.0,0.003,13.7,2.0,3.0,0.0,19.21,0.0,-1.5,0.0,-0.006,-0.01,-0.0069999999999999,-0.005,0.0,0.006,-0.003,0.0509999999999999,0.5589999999999999,-0.01,-0.457,0.278,0.0,16.5,16.57,16.58,30.41,16.5,16.3,16.89,0.001,0.0,0.001,0.0,13.0,13.0,13.0,10.0,0.0,0.0,0.0,0.0,0.0,9.47,10.0,0.0,0.0,0.0,0.0,0.0,0.0,59.96,6000.0,-1.467,-0.2,2.0,0.0,0.2,0.2,-0.0379999999999999,17.24,16.93,16.78,17.15,17.01,17.13,16.74,16.68,16.93,16.87,16.52,17.11,18.4,18.41,27.0,27.0,35.0,16.3,0.0,227.1,25.75,2.0,3.519,-1.0,2.438,4.2,4903
2015-12-24 00:58:00,0.0,0.0,0.0,0.0,0.0,0.0,0.0,289735.0,16.0,0.0,75.59999999999998,59.5,60.0,-0.1019999999999999,9461.0,1373.0,1378.0,298566.0,-0.0759999999999999,-0.0279999999999999,0.0919999999999999,-0.924,0.032,0.083,1.0,0.672,273.8,275.8,277.0,277.0,0.818,275.9,0.7909999999999999,276.0,0.8359999999999999,275.0,0.019,13.56,2.0,1.0,0.0,19.21,0.0,-1.75,0.0,-0.006,-0.01,-0.0069999999999999,-0.005,0.0,0.005,-0.003,0.192,0.6659999999999999,-0.01,-0.2989999999999999,0.278,0.001,16.5,16.61,16.58,25.4,16.5,16.3,16.89,0.001,-0.001,0.001,0.0,13.0,13.0,13.0,10.0,0.0,0.0,0.0,0.0,0.0,9.57,10.0,0.0,0.0,0.0,0.0,0.0,0.0,59.96,6000.0,-1.55,-0.2,2.0,0.0,0.2,0.2,-0.0379999999999999,17.22,16.92,16.77,17.14,17.0,17.12,16.73,16.65,16.92,16.84,16.49,17.09,18.37,18.37,27.0,27.0,35.0,16.3,0.0,244.7,40.69,2.0,3.519,-1.0,2.073,3.7,4903
2015-12-24 00:59:00,0.0,0.0,0.0,0.0,0.0,0.0,0.0,289735.0,16.0,0.0,75.59999999999998,59.5,60.0,-0.1019999999999999,9461.0,1373.0,1378.0,298566.0,-0.0759999999999999,-0.0299999999999999,0.093,-0.924,0.032,0.083,1.0,0.665,273.9,275.9,277.0,277.0,0.818,275.9,0.7909999999999999,276.0,0.8359999999999999,275.0,-0.013,13.56,2.0,1.0,0.0,19.21,0.0,-1.5830000000000002,0.0,-0.0069999999999999,-0.01,-0.008,-0.005,0.0,0.004,-0.004,0.0459999999999999,0.5539999999999999,-0.01,-0.4529999999999999,0.2789999999999999,0.001,16.5,16.53,16.54,27.99,16.5,16.3,16.89,0.001,-0.001,0.001,0.0,13.0,13.0,13.0,10.0,0.0,0.0,0.0,0.0,0.0,9.45,10.0,0.0,0.0,0.0,0.0,0.0,0.0,59.95,6000.0,-1.45,-0.2,2.0,0.0,0.2,0.2,-0.0379999999999999,17.2,16.89,16.74,17.13,16.99,17.1,16.72,16.62,16.88,16.81,16.46,17.06,18.35,18.35,27.0,27.0,35.0,16.28,0.0,212.7,47.05,2.0,3.521,-1.0,1.118,2.4,4903
2015-12-24 01:00:00,0.0,0.0,0.0,0.0,0.0,0.0,0.0,289735.0,16.0,0.0,75.59999999999998,59.5,60.0,-0.1019999999999999,9461.0,1373.0,1378.0,298566.0,-0.0759999999999999,-0.02,0.098,-0.924,0.032,0.083,1.0,0.685,274.0,276.0,277.0,277.0,0.818,276.0,0.7909999999999999,276.0,0.8359999999999999,275.0,0.003,13.7,2.0,3.0,0.0,19.2,0.0,-1.2,0.0,-0.0069999999999999,-0.01,-0.008,-0.006,0.0,0.004,-0.004,0.047,0.555,-0.01,-0.461,0.2789999999999999,0.0,16.5,16.5,16.5,30.12,16.46,16.3,16.89,0.001,0.0,0.001,-0.001,13.0,13.0,13.0,10.0,0.0,0.0,0.0,0.0,0.0,9.45,10.0,0.0,0.0,0.0,0.0,0.0,0.0,59.97,6000.0,-1.467,-0.2,2.0,0.0,0.2,0.2,-0.0379999999999999,17.18,16.89,16.73,17.12,16.99,17.1,16.71,16.61,16.87,16.8,16.46,17.05,18.34,18.37,27.0,27.0,35.0,16.29,0.0,208.9,59.53,2.0,3.519,-1.0,2.7230000000000003,6.0,4903
2015-12-24 01:05:00,0.0,0.0,0.0,0.0,0.0,0.0,0.0,289735.0,16.0,0.0,75.59999999999998,59.5,60.0,-0.093,9461.0,1373.0,1378.0,298566.0,-0.0759999999999999,-0.016,0.0869999999999999,-0.925,0.031,0.083,1.0,0.629,249.1,250.9,251.8,251.8,0.818,276.0,0.7909999999999999,276.0,0.8359999999999999,275.0,0.002,13.7,2.0,3.0,0.0,19.17,0.0,-1.055,0.0,-0.006,-0.01,-0.0069999999999999,-0.005,0.0,0.005,-0.003,0.0609999999999999,0.569,-0.01,-0.447,0.276,0.0,16.47,16.56,16.55,28.35,16.49,16.3,16.89,0.001,-0.001,0.001,0.0,0.0,0.0,0.0,0.0,0.0,0.0,0.0,0.0,0.0,9.18,8.349999999999998,0.0,0.0,0.0,0.0,0.0,0.0,54.52,5454.545,-1.255,-0.182,1.818182,0.0,0.2,0.2,-227.3,17.15,16.9,16.73,17.14,17.0,17.09,16.73,16.58,16.88,16.8,16.44,17.05,18.39,13.08,24.55,24.55,31.82,11.12,0.0,244.1,60.3,2.273,3.519,-1.0,2.022,3.3,4903
2015-12-24 01:06:00,0.0,0.0,0.0,0.0,0.0,0.0,0.0,289735.0,16.0,0.0,75.59999999999998,59.5,60.0,-0.108,9461.0,1373.0,1378.0,298566.0,-0.0759999999999999,-0.0279999999999999,0.098,-0.925,0.031,0.083,1.0,0.693,274.0,276.0,277.0,277.0,0.818,276.0,0.7909999999999999,276.0,0.8359999999999999,275.0,0.002,13.7,2.0,3.0,0.0,19.16,0.0,-1.1,0.0,-0.006,-0.01,-0.0069999999999999,-0.004,0.0,0.005,-0.004,0.0609999999999999,0.569,-0.01,-0.446,0.278,0.0,16.41,16.5,16.5,32.26,16.42,16.21,16.83,0.001,-0.001,0.0,0.0,0.0,0.0,0.0,0.0,0.0,0.0,0.0,0.0,0.0,9.11,9.15,0.0,0.0,0.0,0.0,0.0,0.0,59.96,6000.0,-1.267,-0.2,2.0,0.0,0.2,0.2,-0.0379999999999999,17.14,16.92,16.74,17.15,16.99,17.08,16.73,16.58,16.86,16.81,16.43,17.06,18.4,18.44,27.0,27.0,35.0,16.21,0.0,231.7,61.77,2.0,3.519,-1.0,2.717,6.5,4903
2015-12-24 01:07:00,0.0,0.0,0.0,0.0,0.0,0.0,0.0,289735.0,16.0,0.0,75.59999999999998,59.5,60.0,-0.1019999999999999,9461.0,1373.0,1378.0,298566.0,-0.0759999999999999,-0.02,0.098,-0.925,0.031,0.083,1.0,0.692,274.0,276.0,277.0,277.0,0.818,276.0,0.7909999999999999,276.0,0.8359999999999999,275.0,0.003,13.7,2.0,3.0,0.0,19.15,0.0,-1.483,0.0,-0.005,-0.01,-0.0069999999999999,-0.004,0.0,0.006,-0.003,0.0599999999999999,0.567,-0.01,-0.4479999999999999,0.278,0.0,16.41,16.5,16.5,28.93,16.42,16.21,16.86,0.001,0.0,0.001,-0.001,0.0,0.0,0.0,0.0,0.0,0.0,0.0,0.0,0.0,9.06,9.0,0.0,0.0,0.0,0.0,0.0,0.0,59.96,6000.0,-1.433,-0.2,2.0,0.0,0.2,0.2,-0.0379999999999999,17.17,16.94,16.77,17.18,17.0,17.1,16.76,16.58,16.85,16.79,16.43,17.1,18.46,18.49,27.0,27.0,35.0,16.23,0.0,209.8,53.79,2.0,3.519,-1.0,2.4330000000000003,4.6,4903
2015-12-24 01:08:00,0.0,0.0,0.0,0.0,0.0,0.0,0.0,289735.0,16.0,0.0,75.59999999999998,59.5,60.0,-0.103,9461.0,1373.0,1378.0,298566.0,-0.0759999999999999,-0.0149999999999999,0.0969999999999999,-0.925,0.031,0.083,1.0,0.692,274.0,276.0,277.0,277.0,0.818,276.0,0.7909999999999999,276.0,0.8359999999999999,275.0,0.003,13.7,2.0,3.0,0.0,19.15,0.0,-1.267,0.0,-0.005,-0.01,-0.006,-0.004,0.001,0.006,-0.003,0.0579999999999999,0.566,-0.01,-0.449,0.278,0.0,16.42,16.53,16.5,30.18,16.45,16.21,16.88,0.001,0.0,0.001,0.0,0.0,0.0,0.0,0.0,0.0,0.0,0.0,0.0,0.0,9.07,9.0,0.0,0.0,0.0,0.0,0.0,0.0,59.97,6000.0,-1.467,-0.2,2.0,0.0,0.2,0.2,-0.0379999999999999,17.17,16.95,16.78,17.19,16.98,17.09,16.77,16.57,16.87,16.79,16.43,17.1,18.46,18.5,27.0,27.0,35.0,16.25,0.0,249.3,56.76,2.0,3.519,-1.0,1.817,4.9,4903
2015-12-24 01:09:00,0.0,0.0,0.0,0.0,0.0,0.0,0.0,289735.0,16.0,0.0,75.59999999999998,59.5,60.0,-0.1,9461.0,1373.0,1378.0,298566.0,-0.0759999999999999,-0.022,0.098,-0.925,0.031,0.083,1.0,0.677,274.0,276.0,277.0,277.0,0.818,276.0,0.7909999999999999,276.0,0.8359999999999999,275.0,0.002,13.43,2.0,1.0,0.0,19.13,0.0,-1.383,0.0,-0.005,-0.01,-0.005,-0.003,0.001,0.0069999999999999,-0.002,0.3529999999999999,0.8549999999999999,-0.01,-0.129,0.278,0.001,16.47,16.53,16.5,27.7,16.48,16.24,16.89,0.001,-0.001,0.0,0.0,0.0,0.0,0.0,0.0,0.0,0.0,0.0,0.0,0.0,9.15,9.0,0.0,0.0,0.0,0.0,0.0,0.0,59.95,6000.0,-1.533,-0.2,2.0,0.0,0.2,0.2,-0.0379999999999999,17.19,16.97,16.8,17.23,17.02,17.12,16.81,16.6,16.9,16.81,16.45,17.13,18.5,18.54,27.0,27.0,35.0,16.28,0.0,254.2,44.69,2.0,3.519,-1.0,3.425,6.5,4903
2015-12-24 01:10:00,0.0,0.0,0.0,0.0,0.0,0.0,0.0,289735.0,16.0,0.0,75.59999999999998,59.5,60.0,-0.103,9461.0,1373.0,1378.0,298566.0,-0.0759999999999999,-0.018,0.1,-0.924,0.032,0.083,1.0,0.688,274.0,276.0,277.0,277.0,0.818,276.0,0.7909999999999999,276.0,0.8359999999999999,275.0,0.004,13.7,2.0,3.0,0.0,19.13,0.0,-1.383,0.0,-0.005,-0.01,-0.005,-0.002,0.003,0.0069999999999999,-0.002,0.062,0.569,-0.01,-0.446,0.278,0.001,16.49,16.5,16.5,28.28,16.5,16.3,16.89,0.001,0.0,0.0,0.0,0.0,0.0,0.0,0.0,0.0,0.0,0.0,0.0,0.0,9.18,9.0,0.0,0.0,0.0,0.0,0.0,0.0,59.97,6000.0,-1.517,-0.2,2.0,0.0,0.2,0.2,-0.0379999999999999,17.21,16.99,16.82,17.24,17.01,17.12,16.82,16.61,16.92,16.82,16.47,17.16,18.52,18.53,27.0,27.0,35.0,16.28,0.0,285.3,19.99,2.0,3.519,-1.0,3.3480000000000003,7.5,4903
2015-12-24 01:11:00,0.0,0.0,0.0,0.0,0.0,0.0,0.0,289735.0,16.0,0.0,75.59999999999998,59.5,60.0,-0.105,9461.0,1373.0,1378.0,298566.0,-0.0759999999999999,-0.017,0.1019999999999999,-0.923,0.032,0.083,1.0,0.693,274.0,276.0,277.0,277.1,0.818,276.0,0.7909999999999999,276.2,0.8359999999999999,275.0,0.003,13.7,2.0,3.0,0.0,19.13,0.0,-1.217,0.0,-0.005,-0.01,-0.004,-0.002,0.003,0.0069999999999999,-0.002,0.0599999999999999,0.567,-0.01,-0.4479999999999999,0.278,0.0,16.44,16.57,16.5,30.83,16.46,16.27,16.96,0.001,0.0,0.001,0.0,0.0,0.0,0.0,0.0,0.0,0.0,0.0,0.0,0.0,9.18,9.1,0.0,0.0,0.0,0.0,0.0,0.0,59.97,6000.0,-1.317,-0.2,2.0,0.0,0.2,0.2,-0.0379999999999999,17.21,17.03,16.86,17.26,17.01,17.13,16.84,16.62,16.92,16.82,16.48,17.19,18.55,18.52,27.0,27.0,35.0,16.27,0.0,293.0,28.78,2.0,3.519,-1.0,3.323,5.2,4903
2015-12-24 01:12:00,0.0,0.0,0.0,0.0,0.0,0.0,0.0,289735.0,16.0,0.0,75.59999999999998,59.5,60.0,-0.105,9461.0,1373.0,1378.0,298566.0,-0.0759999999999999,-0.018,0.1019999999999999,-0.923,0.032,0.083,1.0,0.698,274.0,276.0,277.0,277.2,0.818,276.0,0.7909999999999999,277.0,0.8359999999999999,275.3,0.003,13.7,2.0,3.0,0.0,19.13,0.0,-1.067,0.0,-0.005,-0.01,-0.003,-0.001,0.003,0.008,-0.002,0.0609999999999999,0.569,-0.01,-0.447,0.278,0.0,16.41,16.58,16.5,26.18,16.43,16.24,16.97,0.0,-0.001,0.0,0.0,0.0,0.0,0.0,0.0,0.0,0.0,0.0,0.0,0.0,9.18,9.2,0.0,0.0,0.0,0.0,0.0,0.0,59.97,6000.0,-1.3330000000000002,-0.2,2.0,0.0,0.2,0.2,-0.0379999999999999,17.22,17.05,16.89,17.29,17.02,17.14,16.86,16.63,16.94,16.83,16.48,17.23,18.53,18.48,27.0,27.0,35.0,16.25,0.0,216.9,73.33,2.0,3.519,-1.0,2.365,4.6,4903
2015-12-24 01:13:00,0.0,0.0,0.0,0.0,0.0,0.0,0.0,289735.0,16.0,0.0,75.59999999999998,59.5,60.0,-0.105,9461.0,1373.0,1378.0,298566.0,-0.0759999999999999,-0.0279999999999999,0.1,-0.923,0.032,0.083,1.0,0.7029999999999998,274.0,276.0,277.0,277.4,0.818,276.0,0.7909999999999999,276.5,0.8359999999999999,275.5,0.003,13.7,2.0,3.0,0.0,19.13,0.0,-1.217,0.0,-0.005,-0.01,-0.004,-0.001,0.003,0.0069999999999999,-0.002,0.063,0.571,-0.01,-0.445,0.278,0.0,16.41,16.57,16.5,36.76,16.4,16.27,16.99,0.001,-0.001,0.001,0.0,0.0,0.0,0.0,0.0,0.0,0.0,0.0,0.0,0.0,9.18,9.25,0.0,0.0,0.0,0.0,0.0,0.0,59.95,6000.0,-1.367,-0.2,2.0,0.0,0.2,0.2,-0.0379999999999999,17.23,17.04,16.89,17.29,17.0,17.14,16.86,16.6,16.94,16.8,16.46,17.22,18.49,18.48,27.0,27.0,35.0,16.25,0.0,225.5,55.11,2.0,3.519,-1.0,2.097,5.1,4903
2015-12-24 01:14:00,0.0,0.0,0.0,0.0,0.0,0.0,0.0,289735.0,16.0,0.0,75.59999999999998,59.5,60.0,-0.105,9461.0,1373.0,1378.0,298566.0,-0.0759999999999999,-0.023,0.1,-0.923,0.032,0.083,1.0,0.672,274.0,276.0,277.0,277.9,0.818,276.0,0.7909999999999999,277.0,0.8359999999999999,276.0,0.003,13.7,2.0,3.0,0.0,19.13,0.0,-1.383,0.0,-0.0069999999999999,-0.01,-0.004,-0.002,0.003,0.006,-0.003,0.1739999999999999,0.644,-0.01,-0.317,0.278,0.001,16.41,16.55,16.46,17.75,16.4,16.21,16.99,0.001,0.0,0.001,0.0,0.0,0.0,0.0,0.0,0.0,0.0,0.0,0.0,0.0,9.18,9.03,0.0,0.0,0.0,0.0,0.0,0.0,59.93,6000.0,-1.6,-0.2,2.0,0.0,0.2,0.2,-0.0379999999999999,17.21,17.03,16.89,17.28,16.97,17.11,16.85,16.58,16.92,16.79,16.44,17.22,18.49,18.51,27.0,27.0,35.0,16.23,0.0,272.7,28.8,2.0,3.519,-1.0,2.448,4.5,4903
2015-12-24 01:15:00,0.0,0.0,0.0,0.0,0.0,0.0,0.0,289735.0,16.0,0.0,75.59999999999998,59.5,60.0,-0.1,9461.0,1373.0,1378.0,298566.0,-0.0769999999999999,-0.025,0.108,-0.923,0.032,0.083,1.0,0.667,274.0,276.0,277.4,278.0,0.818,276.0,0.7909999999999999,277.0,0.8359999999999999,276.0,0.003,13.5,2.0,3.0,0.0,19.13,0.0,-1.467,0.0,-0.0069999999999999,-0.01,-0.003,-0.001,0.003,0.006,-0.003,0.0459999999999999,0.5539999999999999,-0.01,-0.4529999999999999,0.278,0.001,16.41,16.53,16.5,30.93,16.4,16.21,17.09,0.0,0.0,0.001,0.0,0.0,0.0,0.0,0.0,0.0,0.0,0.0,0.0,0.0,9.18,9.0,0.0,0.0,0.0,0.0,0.0,0.0,59.94,6000.0,-1.55,-0.2,2.0,0.0,0.2,0.2,-0.0379999999999999,17.23,17.05,16.92,17.29,16.98,17.12,16.86,16.6,16.94,16.79,16.46,17.25,18.52,18.57,27.0,27.0,35.0,16.22,0.0,247.7,78.06,2.0,3.519,-1.0,3.193,7.9,4903
2015-12-24 01:16:00,0.0,0.0,0.0,0.0,0.0,0.0,0.0,289735.0,16.0,0.0,75.59999999999998,59.5,60.0,-0.1,9461.0,1373.0,1378.0,298566.0,-0.0759999999999999,-0.032,0.098,-0.924,0.032,0.0819999999999999,1.0,0.6829999999999999,273.2,275.2,276.8,277.1,0.818,275.2,0.7909999999999999,276.1,0.8359999999999999,275.1,0.003,13.7,2.0,3.0,0.0,19.11,0.0,-1.45,0.0,-0.006,-0.0069999999999999,-0.004,-0.001,0.003,0.006,-0.003,0.054,0.562,-0.0069999999999999,-0.451,0.278,0.0,16.45,16.53,16.5,27.61,16.4,16.22,17.09,0.001,-0.001,0.001,0.0,0.0,0.0,0.0,0.0,0.0,0.0,0.0,0.0,0.0,9.05,9.0,0.0,0.0,0.0,0.0,0.0,0.0,59.94,6000.0,-1.5,-0.2,2.0,0.0,0.2,0.2,-0.0379999999999999,17.24,17.03,16.91,17.28,16.97,17.09,16.84,16.6,16.95,16.8,16.44,17.24,18.57,18.64,27.0,27.0,35.0,16.25,0.0,216.9,37.96,2.0,3.521,-1.0,3.805,6.9,4903
2015-12-24 01:17:00,0.0,0.0,0.0,0.0,0.0,0.0,0.0,289735.0,16.0,0.0,75.59999999999998,59.5,60.0,-0.1,9461.0,1373.0,1378.0,298566.0,-0.0759999999999999,-0.032,0.093,-0.924,0.032,0.0819999999999999,1.0,0.667,273.1,275.0,276.7,277.0,0.818,275.0,0.7909999999999999,276.0,0.8359999999999999,275.0,0.003,13.7,2.0,3.0,0.0,19.1,0.0,-1.383,0.0,-0.004,-0.0069999999999999,-0.003,-0.001,0.003,0.006,-0.003,0.054,0.561,-0.0069999999999999,-0.4539999999999999,0.278,0.0,16.47,16.58,16.5,25.0,16.45,16.27,17.09,0.001,0.0,0.0,0.0,0.0,0.0,0.0,0.0,0.0,0.0,0.0,0.0,0.0,8.949999999999998,9.0,0.0,0.0,0.0,0.0,0.0,0.0,59.97,6000.0,-1.55,-0.2,2.0,0.0,0.2,0.2,-0.0379999999999999,17.22,17.02,16.91,17.31,16.99,17.11,16.87,16.58,16.95,16.8,16.43,17.22,18.65,18.66,26.97,27.0,35.0,16.23,0.0,280.9,27.36,2.0,3.521,-1.0,2.385,5.0,4903
2015-12-24 01:18:00,0.0,0.0,0.0,0.0,0.0,0.0,0.0,289735.0,16.0,0.0,75.59999999999998,59.5,60.0,-0.1019999999999999,9461.0,1373.0,1378.0,298566.0,-0.0759999999999999,-0.025,0.085,-0.924,0.032,0.0819999999999999,1.0,0.652,273.4,275.2,276.9,277.0,0.818,275.0,0.7909999999999999,276.0,0.8359999999999999,275.0,0.003,13.7,2.0,3.0,0.0,19.1,0.0,-1.533,0.0,-0.003,-0.0069999999999999,-0.003,-0.001,0.003,0.006,-0.003,0.0559999999999999,0.564,-0.0069999999999999,-0.452,0.278,0.0,16.41,16.52,16.45,33.02,16.4,16.21,17.15,0.001,-0.001,0.0,-0.001,0.0,0.0,0.0,0.0,0.0,0.0,0.0,0.0,0.0,8.92,9.0,0.0,0.0,0.0,0.0,0.0,0.0,59.98,6000.0,-1.567,-0.2,2.0,0.0,0.2,0.2,-0.0379999999999999,17.2,17.03,16.92,17.31,16.99,17.12,16.88,16.58,16.96,16.8,16.44,17.24,18.63,18.62,26.95,27.0,35.0,16.21,0.0,308.3,70.61,2.0,3.518,-1.0,2.112,4.6,4903
2015-12-24 01:19:00,0.0,0.0,0.0,0.0,0.0,0.0,0.0,289735.0,16.0,0.0,75.59999999999998,59.5,60.0,-0.1019999999999999,9461.0,1373.0,1378.0,298566.0,-0.0759999999999999,-0.0299999999999999,0.0899999999999999,-0.924,0.032,0.0819999999999999,1.0,0.6579999999999999,273.2,275.1,276.8,277.0,0.818,275.0,0.7909999999999999,276.0,0.8359999999999999,275.0,0.003,13.7,2.0,3.0,0.0,19.1,0.0,-1.267,0.0,-0.003,-0.0069999999999999,-0.003,-0.001,0.003,0.0069999999999999,-0.003,0.0579999999999999,0.566,-0.0069999999999999,-0.449,0.2789999999999999,0.0,16.41,16.58,16.46,36.48,16.4,16.21,17.18,0.001,0.0,0.0,-0.001,0.0,0.0,0.0,0.0,0.0,0.0,0.0,0.0,0.0,8.91,9.0,0.0,0.0,0.0,0.0,0.0,0.0,59.97,6000.0,-1.483,-0.2,2.0,0.0,0.2,0.2,-0.0379999999999999,17.22,17.04,16.95,17.31,16.98,17.1,16.88,16.59,16.97,16.8,16.45,17.26,18.61,18.62,26.95,27.0,35.0,16.22,0.0,262.1,29.39,2.0,3.519,-1.0,1.925,3.4,4903
2015-12-24 01:20:00,0.0,0.0,0.0,0.0,0.0,0.0,0.0,289735.0,16.0,0.0,75.59999999999998,59.5,60.0,-0.1,9461.0,1373.0,1378.0,298566.0,-0.0759999999999999,-0.027,0.088,-0.924,0.032,0.083,1.0,0.652,273.2,275.0,276.7,277.0,0.818,275.0,0.7909999999999999,276.0,0.8359999999999999,275.0,0.003,13.52,2.0,1.0,0.0,19.1,0.0,-1.5,0.0,-0.004,-0.0069999999999999,-0.003,-0.001,0.003,0.006,-0.003,0.3389999999999999,0.817,-0.0069999999999999,-0.154,0.278,0.001,16.41,16.53,16.46,37.89,16.4,16.21,17.18,0.001,0.0,0.0,0.0,0.0,0.0,0.0,0.0,0.0,0.0,0.0,0.0,0.0,8.91,9.0,0.0,0.0,0.0,0.0,0.0,0.0,59.96,6000.0,-1.517,-0.2,2.0,0.0,0.2,0.2,-0.0379999999999999,17.22,17.05,16.97,17.31,17.01,17.11,16.88,16.59,16.97,16.8,16.46,17.29,18.57,18.58,26.67,27.0,35.0,16.2,0.0,227.4,26.65,2.0,3.521,-1.0,1.9,5.6,4903
2015-12-24 01:21:00,0.0,0.0,0.0,0.0,0.0,0.0,0.0,289735.0,16.0,0.0,75.59999999999998,59.5,60.0,-0.1019999999999999,9461.0,1373.0,1378.0,298566.0,-0.0759999999999999,-0.032,0.0899999999999999,-0.924,0.031,0.0819999999999999,1.0,0.648,273.2,275.0,276.7,277.0,0.818,275.0,0.7909999999999999,276.0,0.8359999999999999,275.0,0.003,13.7,2.0,3.0,0.0,19.09,0.0,-1.45,0.0,-0.003,-0.0069999999999999,-0.003,-0.001,0.003,0.006,-0.003,0.064,0.571,-0.0069999999999999,-0.442,0.2789999999999999,0.0,16.41,16.53,16.45,24.42,16.4,16.21,17.18,0.001,0.0,0.001,0.0,0.0,0.0,0.0,0.0,0.0,0.0,0.0,0.0,0.0,8.91,9.0,0.0,0.0,0.0,0.0,0.0,0.0,59.97,6000.0,-1.483,-0.2,2.0,0.0,0.2,0.2,-0.0379999999999999,17.22,17.04,16.98,17.32,17.03,17.12,16.88,16.57,16.96,16.79,16.43,17.29,18.56,18.59,26.72,27.0,35.0,16.21,0.0,202.4,36.19,2.0,3.519,-1.0,2.4,6.4,4903
2015-12-24 01:22:00,0.0,0.0,0.0,0.0,0.0,0.0,0.0,289735.0,16.0,0.0,75.59999999999998,59.5,60.0,-0.1,9461.0,1373.0,1378.0,298566.0,-0.0759999999999999,-0.025,0.0869999999999999,-0.924,0.032,0.083,1.0,0.6679999999999999,273.3,275.2,276.8,277.0,0.818,275.0,0.7909999999999999,276.0,0.8359999999999999,275.0,0.003,13.7,2.0,3.0,0.0,19.09,0.0,-1.467,0.0,-0.002,-0.0069999999999999,-0.004,-0.002,0.003,0.005,-0.003,0.064,0.572,-0.0069999999999999,-0.4429999999999999,0.2789999999999999,0.0,16.41,16.58,16.46,36.76,16.4,16.21,17.18,0.001,0.0,0.001,0.0,0.0,0.0,0.0,0.0,0.0,0.0,0.0,0.0,0.0,8.949999999999998,9.0,0.0,0.0,0.0,0.0,0.0,0.0,59.96,6000.0,-1.6,-0.2,2.0,0.0,0.2,0.2,-0.0379999999999999,17.22,17.02,16.96,17.31,17.02,17.11,16.88,16.55,16.94,16.76,16.4,17.27,18.53,18.53,26.53,27.0,35.0,16.22,0.0,268.2,60.97,2.0,3.519,-1.0,1.6130000000000002,4.3,4903
2015-12-24 01:23:00,0.0,0.0,0.0,0.0,0.0,0.0,0.0,289735.0,16.0,0.0,75.59999999999998,59.5,60.0,-0.1,9461.0,1373.0,1378.0,298566.0,-0.0759999999999999,-0.027,0.0969999999999999,-0.924,0.032,0.083,1.0,0.682,273.8,275.8,277.0,277.0,0.818,275.9,0.7909999999999999,276.0,0.8359999999999999,275.0,0.003,13.7,2.0,3.0,0.0,19.09,0.0,-1.5,0.0,-0.002,-0.0069999999999999,-0.003,-0.001,0.003,0.006,-0.003,0.062,0.57,-0.0069999999999999,-0.446,0.2789999999999999,0.0,16.42,16.58,16.48,31.74,16.4,16.21,17.27,0.001,-0.001,0.0,0.0,0.0,0.0,0.0,0.0,0.0,0.0,0.0,0.0,0.0,9.01,9.0,0.0,0.0,0.0,0.0,0.0,0.0,59.98,6000.0,-1.567,-0.2,2.0,0.0,0.2,0.2,-0.0379999999999999,17.19,17.05,16.99,17.33,17.01,17.11,16.89,16.57,16.97,16.78,16.43,17.3,18.53,18.51,26.33,27.0,35.0,16.24,0.0,279.5,39.39,2.0,3.519,-1.0,3.028,6.6,4903
2015-12-24 01:24:00,0.0,0.0,0.0,0.0,0.0,0.0,0.0,289735.0,16.0,0.0,75.59999999999998,59.5,60.0,-0.1019999999999999,9461.0,1373.0,1378.0,298566.0,-0.0759999999999999,-0.018,0.093,-0.924,0.032,0.083,1.0,0.688,273.7,275.7,277.0,277.0,0.818,275.4,0.7909999999999999,276.0,0.8359999999999999,275.0,0.003,13.7,2.0,3.0,0.0,19.08,0.0,-1.3330000000000002,0.0,-0.002,-0.0069999999999999,-0.003,-0.001,0.003,0.0069999999999999,-0.003,0.0599999999999999,0.568,-0.0069999999999999,-0.447,0.2789999999999999,0.0,16.41,16.6,16.48,25.34,16.4,16.21,17.28,0.001,-0.001,0.0,0.0,0.0,0.0,0.0,0.0,0.0,0.0,0.0,0.0,0.0,8.97,9.0,0.0,0.0,0.0,0.0,0.0,0.0,59.97,6000.0,-1.383,-0.2,2.0,0.0,0.2,0.2,-0.0379999999999999,17.21,17.07,17.02,17.34,17.06,17.11,16.91,16.59,16.99,16.8,16.45,17.34,18.55,18.58,26.73,27.0,35.0,16.23,0.0,266.9,42.53,2.0,3.519,-1.0,1.962,4.1,4903
2015-12-24 01:25:00,0.0,0.0,0.0,0.0,0.0,0.0,0.0,289735.0,16.0,0.0,75.59999999999998,59.5,60.0,-0.103,9461.0,1373.0,1378.0,298566.0,-0.0759999999999999,-0.032,0.095,-0.924,0.032,0.083,1.0,0.695,273.6,275.6,277.0,277.0,0.818,275.6,0.7909999999999999,276.0,0.8359999999999999,275.0,-0.0069999999999999,13.58,2.0,1.0,0.0,19.08,0.0,-1.433,0.0,-0.001,-0.0069999999999999,-0.001,0.0,0.003,0.0069999999999999,-0.002,0.4179999999999999,0.8690000000000001,-0.0069999999999999,-0.0899999999999999,0.278,0.001,16.47,16.67,16.5,47.45,16.4,16.21,17.28,0.001,0.0,0.0,0.0,0.0,0.0,0.0,0.0,0.0,0.0,0.0,0.0,0.0,8.92,9.0,0.0,0.0,0.0,0.0,0.0,0.0,59.98,6000.0,-1.483,-0.2,2.0,0.0,0.2,0.2,-0.0379999999999999,17.21,17.11,17.08,17.37,17.17,17.11,16.94,16.61,17.03,16.83,16.47,17.4,18.61,18.71,26.23,27.0,35.0,16.25,0.0,276.2,51.3,2.0,3.521,-1.0,2.338,5.4,4903
2015-12-24 01:26:00,0.0,0.0,0.0,0.0,0.0,0.0,0.0,289735.0,16.0,0.0,75.59999999999998,59.5,60.0,-0.1,9461.0,1373.0,1378.0,298566.0,-0.0759999999999999,-0.0299999999999999,0.0919999999999999,-0.924,0.032,0.083,1.0,0.692,273.8,275.8,277.0,277.0,0.818,275.9,0.7909999999999999,276.0,0.8359999999999999,275.0,0.013,13.58,2.0,3.0,0.0,19.08,0.0,-1.3,0.0,-0.001,-0.0069999999999999,-0.001,0.001,0.003,0.008,-0.001,0.0529999999999999,0.561,-0.0069999999999999,-0.455,0.2789999999999999,0.0,16.41,16.68,16.5,27.68,16.4,16.21,17.35,0.001,-0.001,0.001,-0.001,0.0,0.0,0.0,0.0,0.0,0.0,0.0,0.0,0.0,8.91,9.0,0.0,0.0,0.0,0.0,0.0,0.0,59.98,6000.0,-1.483,-0.2,2.0,0.0,0.2,0.2,-0.0379999999999999,17.26,17.14,17.12,17.4,17.24,17.15,16.97,16.64,17.07,16.85,16.49,17.44,18.64,18.66,26.12,27.0,35.0,16.22,0.0,246.6,38.56,2.0,3.521,-1.0,2.405,4.8,4903
2015-12-24 01:27:00,0.0,0.0,0.0,0.0,0.0,0.0,0.0,289735.0,16.0,0.0,75.59999999999998,59.5,60.0,-0.103,9461.0,1373.0,1378.0,298566.0,-0.0759999999999999,-0.02,0.085,-0.924,0.032,0.0819999999999999,1.0,0.693,273.2,275.2,276.2,276.5,0.818,275.2,0.7909999999999999,275.3,0.8359999999999999,274.2,0.003,13.7,2.0,3.0,0.0,19.08,0.0,-1.133,0.0,-0.001,-0.0069999999999999,-0.001,0.001,0.003,0.008,-0.002,0.0529999999999999,0.56,-0.0069999999999999,-0.455,0.278,0.0,16.41,16.68,16.5,29.51,16.4,16.21,17.37,0.001,0.0,0.0,-0.001,0.0,0.0,0.0,0.0,0.0,0.0,0.0,0.0,0.0,8.89,9.0,0.0,0.0,0.0,0.0,0.0,0.0,59.96,6000.0,-1.367,-0.2,2.0,0.0,0.2,0.2,-0.0379999999999999,17.24,17.15,17.14,17.42,17.29,17.15,16.98,16.63,17.05,16.84,16.49,17.45,18.61,18.6,26.2,27.0,35.0,16.23,0.0,284.7,35.28,2.0,3.519,-1.0,3.278,6.1,4903
2015-12-24 01:28:00,0.0,0.0,0.0,0.0,0.0,0.0,0.0,289735.0,16.0,0.0,75.59999999999998,59.5,60.0,-0.1,9461.0,1373.0,1378.0,298566.0,-0.0759999999999999,-0.04,0.08,-0.924,0.032,0.0819999999999999,1.0,0.707,273.0,275.0,276.0,276.2,0.818,275.0,0.7909999999999999,275.1,0.8359999999999999,274.0,0.003,13.7,2.0,3.0,0.0,19.08,0.0,-1.3,0.0,0.0,-0.0069999999999999,-0.001,0.001,0.004,0.008,-0.001,0.0509999999999999,0.5589999999999999,-0.0069999999999999,-0.455,0.2789999999999999,0.0,16.42,16.67,16.5,25.83,16.4,16.21,17.4,0.001,0.0,0.001,0.0,0.0,0.0,0.0,0.0,0.0,0.0,0.0,0.0,0.0,8.679999999999998,9.0,0.0,0.0,0.0,0.0,0.0,0.0,59.98,6000.0,-1.433,-0.2,2.0,0.0,0.2,0.2,-0.0379999999999999,17.23,17.18,17.18,17.45,17.41,17.15,17.01,16.64,17.08,16.87,16.5,17.5,18.63,18.62,26.0,27.0,35.0,16.25,0.0,264.2,37.63,2.0,3.519,-1.0,4.093,6.9,4903
2015-12-24 01:29:00,0.0,0.0,0.0,0.0,0.0,0.0,0.0,289735.0,16.0,0.0,75.59999999999998,59.5,60.0,-0.1,9461.0,1373.0,1378.0,298566.0,-0.0759999999999999,-0.037,0.0969999999999999,-0.924,0.032,0.083,1.0,0.7029999999999998,273.0,275.0,276.0,276.2,0.818,275.0,0.7909999999999999,275.0,0.8359999999999999,274.0,0.003,13.7,2.0,3.0,0.0,19.08,0.0,-1.35,0.0,0.001,-0.0069999999999999,-0.001,0.002,0.006,0.009,0.0,0.047,0.555,-0.0069999999999999,-0.461,0.2789999999999999,0.0,16.47,16.75,16.5,30.14,16.4,16.24,17.48,0.001,-0.001,0.001,0.0,0.0,0.0,0.0,0.0,0.0,0.0,0.0,0.0,0.0,8.64,9.0,0.0,0.0,0.0,0.0,0.0,0.0,59.95,6000.0,-1.467,-0.2,2.0,0.0,0.2,0.2,-0.0379999999999999,17.27,17.25,17.25,17.5,17.46,17.18,17.05,16.66,17.11,16.87,16.51,17.56,18.66,18.66,26.0,27.0,35.0,16.27,0.0,260.3,33.04,2.0,3.519,-1.0,3.048,4.9,4903
2015-12-24 01:30:00,0.0,0.0,0.0,0.0,0.0,0.0,0.0,289735.0,16.0,0.0,75.59999999999998,59.5,60.0,-0.1019999999999999,9461.0,1373.0,1378.0,298566.0,-0.0759999999999999,-0.035,0.078,-0.924,0.032,0.0819999999999999,1.0,0.693,273.0,275.0,276.0,276.2,0.818,275.0,0.7909999999999999,275.0,0.8359999999999999,274.0,0.003,13.7,2.0,3.0,0.0,19.08,0.0,-1.45,0.0,0.0,-0.006,0.0,0.003,0.004,0.009,0.0,0.048,0.555,-0.0069999999999999,-0.4579999999999999,0.2789999999999999,0.0,16.5,16.8,16.5,29.08,16.45,16.29,17.48,0.001,-0.001,0.001,0.0,0.0,0.0,0.0,0.0,0.0,0.0,0.0,0.0,0.0,8.64,9.0,0.0,0.0,0.0,0.0,0.0,0.0,59.96,6000.0,-1.55,-0.2,2.0,0.0,0.2,0.2,-0.0379999999999999,17.27,17.26,17.26,17.51,17.54,17.18,17.07,16.67,17.12,16.9,16.52,17.59,18.67,18.67,26.0,27.0,35.0,16.28,0.0,251.4,41.51,2.0,3.518,-1.0,4.392,8.199999999999998,4903
2015-12-24 01:31:00,0.0,0.0,0.0,0.0,0.0,0.0,0.0,289735.0,16.0,0.0,75.59999999999998,59.5,60.0,-0.103,9461.0,1373.0,1378.0,298566.0,-0.0759999999999999,-0.037,0.072,-0.924,0.032,0.0819999999999999,1.0,0.697,273.0,275.0,276.0,276.1,0.818,275.0,0.7909999999999999,275.0,0.8359999999999999,274.0,0.003,13.49,2.0,3.0,0.0,19.08,0.0,-1.25,0.0,0.002,-0.003,0.0,0.003,0.004,0.009,-0.001,0.156,0.932,-0.0069999999999999,-0.322,0.278,0.001,16.5,16.79,16.59,39.28,16.45,16.3,17.48,0.001,0.0,0.0,0.0,0.0,0.0,0.0,0.0,0.0,0.0,0.0,0.0,0.0,8.64,9.0,0.0,0.0,0.0,0.0,0.0,0.0,59.95,6000.0,-1.383,-0.2,2.0,0.0,0.2,0.2,-0.0379999999999999,17.3,17.29,17.29,17.53,17.58,17.17,17.08,16.66,17.12,16.88,16.52,17.61,18.68,18.68,26.02,27.0,35.0,16.28,0.0,211.1,43.25,2.0,3.519,-1.0,2.543,4.5,4903
2015-12-24 01:32:00,0.0,0.0,0.0,0.0,0.0,0.0,0.0,289735.0,16.0,0.0,75.59999999999998,59.5,60.0,-0.1,9461.0,1373.0,1378.0,298566.0,-0.0759999999999999,-0.0279999999999999,0.088,-0.924,0.032,0.0819999999999999,1.0,0.702,273.0,275.0,276.0,276.2,0.818,275.0,0.7909999999999999,275.0,0.8359999999999999,274.0,0.003,13.7,2.0,3.0,0.0,19.08,0.0,-1.067,0.0,0.001,-0.003,-0.001,0.002,0.003,0.0069999999999999,-0.001,0.048,0.556,-0.0069999999999999,-0.457,0.2789999999999999,0.0,16.5,16.89,16.56,184.6,16.46,16.3,17.48,0.001,-0.001,0.0,0.0,0.0,0.0,0.0,0.0,0.0,0.0,0.0,0.0,0.0,8.64,9.0,0.0,0.0,0.0,0.0,0.0,0.0,59.96,6000.0,-1.25,-0.2,2.0,0.0,0.2,0.2,-0.0379999999999999,17.3,17.28,17.27,17.5,17.5,17.16,17.05,16.63,17.09,16.86,16.49,17.59,18.6,18.63,26.0,27.0,35.0,16.27,0.0,254.3,27.41,2.0,3.519,-1.0,2.543,5.4,4903
2015-12-24 01:33:00,0.0,0.0,0.0,0.0,0.0,0.0,0.0,289735.0,16.0,0.0,75.59999999999998,59.5,60.0,-0.1,9461.0,1373.0,1378.0,298566.0,-0.0759999999999999,-0.035,0.095,-0.924,0.031,0.0819999999999999,1.0,0.69,273.0,275.0,276.0,276.1,0.818,275.0,0.7909999999999999,275.0,0.8359999999999999,274.0,0.003,13.7,2.0,3.0,0.0,19.08,0.0,-1.083,0.0,0.002,-0.003,-0.001,0.002,0.003,0.0069999999999999,-0.002,0.049,0.557,-0.0069999999999999,-0.4589999999999999,0.2789999999999999,0.0,16.5,16.84,16.54,37.89,16.43,16.3,17.48,0.001,-0.001,0.0,0.0,0.0,0.0,0.0,0.0,0.0,0.0,0.0,0.0,0.0,8.65,9.0,0.0,0.0,0.0,0.0,0.0,0.0,59.97,6000.0,-1.267,-0.2,2.0,0.0,0.2,0.2,-0.0379999999999999,17.24,17.3,17.27,17.49,17.52,17.12,17.04,16.62,17.08,16.88,16.48,17.58,18.61,18.66,26.0,27.0,35.0,16.27,0.0,222.1,64.65,2.0,3.519,-1.0,2.78,6.6,4903
2015-12-24 01:34:00,0.0,0.0,0.0,0.0,0.0,0.0,0.0,289735.0,16.0,0.0,75.59999999999998,59.5,60.0,-0.1,9461.0,1373.0,1378.0,298566.0,-0.0759999999999999,-0.033,0.0819999999999999,-0.924,0.031,0.0819999999999999,1.0,0.695,273.0,275.0,276.0,276.2,0.818,275.0,0.7909999999999999,275.0,0.8359999999999999,274.0,0.003,13.7,2.0,3.0,0.0,19.07,0.0,-1.1,0.0,0.002,-0.003,-0.001,0.001,0.003,0.0069999999999999,-0.001,0.0509999999999999,0.5589999999999999,-0.006,-0.457,0.2789999999999999,0.0,16.5,16.86,16.56,42.14,16.46,16.3,17.48,0.001,0.0,0.001,0.0,0.0,0.0,0.0,0.0,0.0,0.0,0.0,0.0,0.0,8.779999999999998,9.0,0.0,0.0,0.0,0.0,0.0,0.0,59.95,6000.0,-1.3,-0.2,2.0,0.0,0.2,0.2,-0.0379999999999999,17.25,17.33,17.3,17.5,17.59,17.13,17.05,16.61,17.1,16.87,16.48,17.61,18.62,18.66,26.0,27.0,35.0,16.29,0.0,274.7,57.34,2.0,3.519,-1.0,3.642,7.1,4903
2015-12-24 01:35:00,0.0,0.0,0.0,0.0,0.0,0.0,0.0,289735.0,16.0,0.0,75.59999999999998,59.5,60.0,-0.1,9461.0,1373.0,1378.0,298566.0,-0.0759999999999999,-0.033,0.088,-0.924,0.032,0.0819999999999999,1.0,0.692,273.0,275.0,276.0,276.7,0.818,275.0,0.7909999999999999,275.6,0.8359999999999999,274.2,0.003,13.7,2.0,3.0,0.0,19.06,0.0,-1.15,0.0,0.002,-0.003,0.0,0.003,0.003,0.009,-0.001,0.054,0.562,-0.005,-0.4529999999999999,0.2789999999999999,0.0,16.5,16.88,16.59,30.67,16.5,16.3,17.48,0.001,-0.001,0.001,0.0,0.0,0.0,0.0,0.0,0.0,0.0,0.0,0.0,0.0,8.91,9.0,0.0,0.0,0.0,0.0,0.0,0.0,59.96,6000.0,-1.283,-0.2,2.0,0.0,0.2,0.2,-0.0379999999999999,17.27,17.39,17.32,17.54,17.62,17.13,17.09,16.65,17.15,16.89,16.51,17.64,18.69,18.7,26.0,27.0,35.0,16.3,0.0,271.8,53.19,2.0,3.518,-1.0,2.508,5.7,4903
2015-12-24 01:36:00,0.0,0.0,0.0,0.0,0.0,0.0,0.0,289735.0,16.0,0.0,75.59999999999998,59.5,60.0,-0.1019999999999999,9461.0,1373.0,1378.0,298566.0,-0.0759999999999999,-0.027,0.085,-0.924,0.031,0.0819999999999999,1.0,0.677,273.0,275.0,276.0,276.8,0.818,275.0,0.7909999999999999,275.9,0.8359999999999999,274.4,0.002,13.57,2.0,1.0,0.0,19.05,0.0,-1.1,0.0,0.002,-0.002,-0.001,0.002,0.003,0.008,-0.001,0.2319999999999999,0.697,-0.004,-0.257,0.278,0.001,16.5,16.89,16.59,31.55,16.46,16.3,17.48,0.001,0.0,0.0,0.0,0.0,0.0,0.0,0.0,0.0,0.0,0.0,0.0,0.0,8.91,9.0,0.0,0.0,0.0,0.0,0.0,0.0,59.95,6000.0,-1.283,-0.2,2.0,0.0,0.2,0.2,-0.0379999999999999,17.3,17.39,17.33,17.53,17.59,17.14,17.08,16.65,17.14,16.87,16.5,17.64,18.69,18.67,26.0,27.0,35.0,16.3,0.0,261.8,70.14,2.0,3.519,-1.0,2.052,5.0,4903
2015-12-24 01:37:00,0.0,0.0,0.0,0.0,0.0,0.0,0.0,289735.0,16.0,0.0,75.59999999999998,59.5,60.0,-0.1,9461.0,1373.0,1378.0,298566.0,-0.0759999999999999,-0.0449999999999999,0.0729999999999999,-0.924,0.031,0.0819999999999999,1.0,0.6729999999999999,273.0,275.0,276.0,276.6,0.818,275.0,0.7909999999999999,275.6,0.8359999999999999,274.0,0.003,13.7,2.0,3.0,0.0,19.05,0.0,-1.0,0.0,0.001,-0.002,-0.001,0.002,0.003,0.0069999999999999,-0.002,0.0579999999999999,0.566,-0.003,-0.45,0.2789999999999999,0.0,16.5,16.91,16.63,31.66,16.46,16.3,17.48,0.001,0.0,0.001,-0.001,0.0,0.0,0.0,0.0,0.0,0.0,0.0,0.0,0.0,8.91,9.0,0.0,0.0,0.0,0.0,0.0,0.0,59.95,6000.0,-1.267,-0.2,2.0,0.0,0.2,0.2,-0.0379999999999999,17.33,17.38,17.31,17.52,17.57,17.13,17.07,16.63,17.13,16.86,16.49,17.62,18.68,18.7,26.0,27.0,35.0,16.34,0.0,205.4,22.95,2.0,3.519,-1.0,3.917,7.3,4903
2015-12-24 01:38:00,0.0,0.0,0.0,0.0,0.0,0.0,0.0,289735.0,16.0,0.0,75.59999999999998,59.5,60.0,-0.1,9461.0,1373.0,1378.0,298566.0,-0.0759999999999999,-0.0279999999999999,0.083,-0.924,0.031,0.0819999999999999,1.0,0.6729999999999999,273.0,275.0,276.0,276.5,0.818,275.0,0.7909999999999999,275.2,0.8359999999999999,274.0,0.003,13.7,2.0,3.0,0.0,19.05,0.0,-1.15,0.0,0.002,-0.003,-0.001,0.002,0.003,0.0069999999999999,-0.003,0.057,0.565,-0.003,-0.451,0.278,0.0,16.5,16.98,16.74,28.14,16.5,16.3,17.48,0.001,0.0,0.0,0.0,0.0,0.0,0.0,0.0,0.0,0.0,0.0,0.0,0.0,8.91,9.0,0.0,0.0,0.0,0.0,0.0,0.0,59.94,6000.0,-1.383,-0.2,2.0,0.0,0.2,0.2,-0.0379999999999999,17.27,17.35,17.27,17.51,17.59,17.11,17.06,16.64,17.12,16.87,16.48,17.59,18.7,18.73,26.0,27.0,35.0,16.38,0.0,233.4,41.87,2.0,3.519,-1.0,2.142,4.3,4903
2015-12-24 01:39:00,0.0,0.0,0.0,0.0,0.0,0.0,0.0,289735.0,16.0,0.0,75.59999999999998,59.5,60.0,-0.1019999999999999,9461.0,1373.0,1378.0,298566.0,-0.0759999999999999,-0.02,0.095,-0.924,0.032,0.0819999999999999,1.0,0.655,273.8,275.8,276.8,276.9,0.818,275.8,0.7909999999999999,275.8,0.8359999999999999,274.8,0.003,13.7,2.0,3.0,0.0,19.05,0.0,-1.067,0.0,0.002,-0.003,-0.001,0.002,0.003,0.0069999999999999,-0.002,0.0609999999999999,0.569,-0.003,-0.445,0.2789999999999999,0.0,16.5,16.99,16.79,59.1,16.5,16.3,17.48,0.0,-0.001,0.001,0.0,0.0,0.0,0.0,0.0,0.0,0.0,0.0,0.0,0.0,8.72,9.0,0.0,0.0,0.0,0.0,0.0,0.0,59.95,6000.0,-1.233,-0.2,2.0,0.0,0.2,0.2,-0.0379999999999999,17.25,17.37,17.28,17.52,17.63,17.12,17.07,16.64,17.14,16.88,16.49,17.59,18.7,18.73,26.0,27.0,35.0,16.43,0.0,213.2,39.38,2.0,3.519,-1.0,4.933,8.599999999999998,4903
2015-12-24 01:40:00,0.0,0.0,0.0,0.0,0.0,0.0,0.0,289735.0,16.0,0.0,75.59999999999998,59.5,60.0,-0.1,9461.0,1373.0,1378.0,298566.0,-0.0759999999999999,-0.0299999999999999,0.0899999999999999,-0.924,0.032,0.0819999999999999,1.0,0.652,274.0,276.0,277.0,277.0,0.818,276.0,0.7909999999999999,276.0,0.8359999999999999,275.0,0.003,13.7,2.0,3.0,0.0,19.05,0.0,-1.133,0.0,0.004,0.0,-0.001,0.002,0.003,0.008,-0.001,0.0599999999999999,0.568,-0.003,-0.4479999999999999,0.2789999999999999,0.0,16.52,16.99,16.86,30.62,16.5,16.4,17.48,0.001,-0.001,0.0,0.0,0.0,0.0,0.0,0.0,0.0,0.0,0.0,0.0,0.0,8.64,9.0,0.0,0.0,0.0,0.0,0.0,0.0,59.95,6000.0,-1.4169999999999998,-0.2,2.0,0.0,0.2,0.2,-0.0379999999999999,17.3,17.41,17.32,17.56,17.66,17.16,17.11,16.66,17.15,16.88,16.49,17.63,18.75,18.79,26.0,27.0,35.0,16.51,0.0,237.9,41.56,2.0,3.519,-1.0,3.845,6.6,4903
2015-12-24 01:41:00,0.0,0.0,0.0,0.0,0.0,0.0,0.0,289735.0,16.0,0.0,75.59999999999998,59.5,60.0,-0.103,9461.0,1373.0,1378.0,298566.0,-0.0759999999999999,-0.025,0.0899999999999999,-0.924,0.031,0.0819999999999999,1.0,0.64,274.0,276.0,277.0,277.0,0.818,276.0,0.7909999999999999,276.0,0.8359999999999999,275.0,0.003,13.7,2.0,3.0,0.0,19.05,0.0,-1.083,0.0,0.005,-0.002,-0.001,0.003,0.003,0.008,-0.001,0.2939999999999999,0.753,-0.003,-0.1969999999999999,0.2789999999999999,0.0,16.58,16.99,16.89,47.8,16.58,16.4,17.48,0.001,0.0,0.001,0.0,0.0,0.0,0.0,0.0,0.0,0.0,0.0,0.0,0.0,8.64,9.0,0.0,0.0,0.0,0.0,0.0,0.0,59.96,6000.0,-1.3330000000000002,-0.2,2.0,0.0,0.2,0.2,-0.0379999999999999,17.27,17.43,17.33,17.57,17.66,17.22,17.13,16.68,17.17,16.9,16.51,17.64,18.71,18.72,26.0,27.0,35.0,16.53,0.0,259.7,34.51,2.0,3.519,-1.0,3.603,7.4,4903
2015-12-24 01:42:00,0.0,0.0,0.0,0.0,0.0,0.0,0.0,289735.0,16.0,0.0,75.59999999999998,59.5,60.0,-0.103,9461.0,1373.0,1378.0,298566.0,-0.0759999999999999,-0.025,0.093,-0.924,0.032,0.0819999999999999,1.0,0.68,273.7,275.7,277.0,277.0,0.818,275.7,0.7909999999999999,276.0,0.8359999999999999,275.0,0.003,13.7,2.0,3.0,0.0,19.05,0.0,-1.15,0.0,0.005,-0.003,-0.001,0.003,0.003,0.008,-0.001,0.067,0.5749999999999998,-0.003,-0.44,0.2789999999999999,0.0,16.6,16.99,16.89,51.62,16.58,16.39,17.56,0.001,-0.001,0.0,-0.001,0.0,0.0,0.0,0.0,0.0,0.0,0.0,0.0,0.0,8.64,9.0,0.0,0.0,0.0,0.0,0.0,0.0,59.96,6000.0,-1.283,-0.2,2.0,0.0,0.2,0.2,-0.0379999999999999,17.26,17.45,17.35,17.59,17.7,17.28,17.15,16.71,17.2,16.91,16.52,17.66,18.73,18.76,26.0,27.0,35.0,16.56,0.0,253.1,53.26,2.0,3.521,-1.0,3.758,8.3,4903
2015-12-24 01:43:00,0.0,0.0,0.0,0.0,0.0,0.0,0.0,289735.0,16.0,0.0,75.59999999999998,59.5,60.0,-0.1,9461.0,1373.0,1378.0,298566.0,-0.0759999999999999,-0.012,0.093,-0.924,0.032,0.0819999999999999,1.0,0.675,273.8,275.8,277.0,277.0,0.818,275.6,0.7909999999999999,276.0,0.8359999999999999,275.0,0.003,13.7,2.0,3.0,0.0,19.05,0.0,-1.0,0.0,0.006,-0.003,-0.001,0.004,0.003,0.008,0.0,0.072,0.5789999999999998,-0.003,-0.436,0.278,0.0,16.6,16.99,16.9,34.35,16.59,16.38,17.57,0.001,0.0,0.001,0.0,0.0,0.0,0.0,0.0,0.0,0.0,0.0,0.0,0.0,8.64,9.0,0.0,0.0,0.0,0.0,0.0,0.0,59.94,6000.0,-1.25,-0.2,2.0,0.0,0.2,0.2,-0.0379999999999999,17.25,17.47,17.36,17.62,17.72,17.34,17.17,16.74,17.2,16.9,16.51,17.67,18.8,18.84,26.0,27.0,35.0,16.59,0.0,262.1,56.25,2.0,3.519,-1.0,2.09,7.2,4903
2015-12-24 01:44:00,0.0,0.0,0.0,0.0,0.0,0.0,0.0,289735.0,16.0,0.0,75.59999999999998,59.5,60.0,-0.105,9461.0,1373.0,1378.0,298566.0,-0.0759999999999999,-0.02,0.095,-0.924,0.032,0.0819999999999999,1.0,0.6829999999999999,273.7,275.7,277.0,277.0,0.818,275.5,0.7909999999999999,276.0,0.8359999999999999,275.0,0.003,13.7,2.0,3.0,0.0,19.05,0.0,-1.033,0.0,0.005,-0.003,-0.001,0.003,0.003,0.008,-0.001,0.074,0.582,-0.003,-0.433,0.2789999999999999,0.0,16.68,16.96,16.89,25.28,16.58,16.3,17.57,0.001,-0.001,0.0,0.0,0.0,0.0,0.0,0.0,0.0,0.0,0.0,0.0,0.0,8.64,9.0,0.0,0.0,0.0,0.0,0.0,0.0,59.95,6000.0,-1.4,-0.2,2.0,0.0,0.2,0.2,-0.0379999999999999,17.27,17.48,17.38,17.61,17.7,17.35,17.17,16.78,17.22,16.9,16.52,17.68,18.78,18.79,26.0,27.0,35.0,16.59,0.0,181.4,87.5,2.0,3.519,-1.0,1.733,3.9,4903
2015-12-24 01:45:00,0.0,0.0,0.0,0.0,0.0,0.0,0.0,289735.0,16.0,0.0,75.59999999999998,59.5,60.0,-0.1019999999999999,9461.0,1373.0,1378.0,298566.0,-0.0759999999999999,-0.018,0.0919999999999999,-0.924,0.031,0.0819999999999999,1.0,0.6679999999999999,274.0,276.0,277.0,277.0,0.818,276.0,0.7909999999999999,276.0,0.8359999999999999,275.0,0.003,13.7,2.0,3.0,0.0,19.05,0.0,-1.367,0.0,0.004,-0.003,-0.001,0.004,0.003,0.0069999999999999,-0.001,0.0749999999999999,0.582,-0.003,-0.433,0.2789999999999999,0.0,16.7,16.99,16.89,23.47,16.56,16.3,17.57,0.001,0.0,0.001,-0.001,0.0,0.0,0.0,0.0,0.0,0.0,0.0,0.0,0.0,8.64,9.0,0.0,0.0,0.0,0.0,0.0,0.0,59.96,6000.0,-1.467,-0.2,2.0,0.0,0.2,0.2,-0.0379999999999999,17.25,17.5,17.38,17.61,17.73,17.35,17.16,16.83,17.23,16.95,16.55,17.69,18.75,18.8,26.0,27.0,35.0,16.59,0.0,248.7,37.26,2.0,3.519,-1.0,3.353,7.4,4903
2015-12-24 01:46:00,0.0,0.0,0.0,0.0,0.0,0.0,0.0,289735.0,16.0,0.0,75.59999999999998,59.5,60.0,-0.103,9461.0,1373.0,1378.0,298566.0,-0.0759999999999999,-0.023,0.0899999999999999,-0.924,0.031,0.0819999999999999,1.0,0.695,273.5,275.5,277.0,277.0,0.818,275.3,0.7909999999999999,276.0,0.8359999999999999,275.0,0.003,13.7,2.0,3.0,0.0,19.05,0.0,-1.267,0.0,0.004,-0.003,-0.001,0.004,0.003,0.008,-0.001,0.439,0.915,-0.003,-0.0919999999999999,0.2789999999999999,0.0,16.7,16.99,16.89,30.72,16.59,16.3,17.6,0.001,-0.001,0.0,0.0,0.0,0.0,0.0,0.0,0.0,0.0,0.0,0.0,0.0,8.63,9.0,0.0,0.0,0.0,0.0,0.0,0.0,59.95,6000.0,-1.3330000000000002,-0.2,2.0,0.0,0.2,0.2,-0.0379999999999999,17.24,17.5,17.4,17.61,17.71,17.37,17.17,16.86,17.24,16.99,16.59,17.7,18.76,18.8,26.0,27.0,35.0,16.62,0.0,283.5,40.1,2.0,3.519,-1.0,2.8080000000000003,5.1,4903
2015-12-24 01:47:00,0.0,0.0,0.0,0.0,0.0,0.0,0.0,289735.0,16.0,0.0,75.59999999999998,59.5,60.0,-0.1019999999999999,9461.0,1373.0,1378.0,298566.0,-0.0759999999999999,-0.02,0.088,-0.924,0.032,0.083,1.0,0.69,273.7,275.7,277.0,277.0,0.818,275.6,0.7909999999999999,276.0,0.8359999999999999,275.0,0.003,13.43,2.0,1.0,0.0,19.05,0.0,-1.25,0.0,0.005,-0.003,-0.001,0.004,0.003,0.0069999999999999,-0.001,0.109,0.6169999999999999,-0.003,-0.382,0.278,0.001,16.72,16.98,16.89,40.87,16.59,16.3,17.67,0.0,0.0,0.001,0.0,0.0,0.0,0.0,0.0,0.0,0.0,0.0,0.0,0.0,8.64,9.0,0.0,0.0,0.0,0.0,0.0,0.0,59.95,6000.0,-1.533,-0.2,2.0,0.0,0.2,0.2,-0.0379999999999999,17.26,17.51,17.4,17.62,17.73,17.36,17.18,16.9,17.24,17.01,16.62,17.7,18.72,18.75,26.0,27.0,35.0,16.62,0.0,207.2,65.45,2.0,3.521,-1.0,2.84,4.6,4903
2015-12-24 01:48:00,0.0,0.0,0.0,0.0,0.0,0.0,0.0,289735.0,16.0,0.0,75.59999999999998,59.5,60.0,-0.103,9461.0,1373.0,1378.0,298566.0,-0.0759999999999999,-0.022,0.0919999999999999,-0.924,0.032,0.083,1.0,0.672,273.9,275.9,277.0,277.0,0.818,276.0,0.7909999999999999,276.0,0.8359999999999999,275.0,0.003,13.7,2.0,3.0,0.0,19.05,0.0,-1.2,0.0,0.005,-0.003,-0.002,0.004,0.003,0.0069999999999999,-0.001,0.0749999999999999,0.5829999999999999,-0.003,-0.4299999999999999,0.2789999999999999,0.001,16.8,16.97,16.92,36.89,16.59,16.37,17.66,0.001,0.0,0.001,0.0,0.0,0.0,0.0,0.0,0.0,0.0,0.0,0.0,0.0,8.64,9.0,0.0,0.0,0.0,0.0,0.0,0.0,59.96,6000.0,-1.367,-0.2,2.0,0.0,0.2,0.2,-0.0379999999999999,17.24,17.51,17.4,17.63,17.72,17.37,17.18,16.91,17.25,17.01,16.64,17.71,18.72,18.74,26.0,27.0,35.0,16.65,0.0,220.9,27.36,2.0,3.519,-1.0,3.215,7.7,4903
2015-12-24 01:49:00,0.0,0.0,0.0,0.0,0.0,0.0,0.0,289735.0,16.0,0.0,75.59999999999998,59.5,60.0,-0.1,9461.0,1373.0,1378.0,298566.0,-0.0759999999999999,-0.02,0.098,-0.924,0.032,0.0819999999999999,1.0,0.6829999999999999,274.0,276.0,277.0,277.0,0.818,276.0,0.7909999999999999,276.0,0.8359999999999999,275.0,0.003,13.7,2.0,3.0,0.0,19.05,0.0,-1.183,0.0,0.005,-0.003,-0.002,0.004,0.003,0.0069999999999999,-0.001,0.079,0.587,-0.003,-0.4289999999999999,0.2789999999999999,0.0,16.89,16.97,16.98,33.98,16.59,16.45,17.67,0.001,-0.001,0.001,0.0,0.0,0.0,0.0,0.0,0.0,0.0,0.0,0.0,0.0,8.66,9.0,0.0,0.0,0.0,0.0,0.0,0.0,59.97,6000.0,-1.267,-0.2,2.0,0.0,0.2,0.2,-0.0379999999999999,17.29,17.55,17.43,17.64,17.76,17.39,17.19,16.95,17.27,17.06,16.68,17.74,18.72,18.74,26.0,27.0,35.0,16.71,0.0,202.6,37.92,2.0,3.518,-1.0,3.105,7.5,4903
2015-12-24 01:50:00,0.0,0.0,0.0,0.0,0.0,0.0,0.0,289735.0,16.0,0.0,75.59999999999998,59.5,60.0,-0.1019999999999999,9461.0,1373.0,1378.0,298566.0,-0.0759999999999999,-0.04,0.072,-0.925,0.031,0.0819999999999999,1.0,0.643,272.8,274.7,275.8,275.9,0.818,274.8,0.7909999999999999,274.8,0.8359999999999999,273.8,0.003,13.7,2.0,3.0,0.0,19.07,0.0,-1.117,0.0,0.006,-0.003,-0.001,0.004,0.003,0.0069999999999999,-0.001,0.08,0.5879999999999999,-0.003,-0.4249999999999999,0.2789999999999999,0.0,16.89,16.99,16.98,30.4,16.63,16.5,17.67,0.001,-0.001,0.0,0.0,0.0,0.0,0.0,0.0,0.0,0.0,0.0,0.0,0.0,8.88,9.0,0.0,0.0,0.0,0.0,0.0,0.0,59.96,6000.0,-1.4,-0.2,2.0,0.0,0.2,0.2,-0.0379999999999999,17.27,17.55,17.44,17.65,17.71,17.4,17.2,16.97,17.3,17.11,16.71,17.74,18.7,18.69,26.0,27.0,35.0,16.73,0.0,242.4,54.6,2.0,3.518,-1.0,2.21,5.0,4903
2015-12-24 01:51:00,0.0,0.0,0.0,0.0,0.0,0.0,0.0,289735.0,16.0,0.0,75.59999999999998,59.5,60.0,-0.1,9461.0,1373.0,1378.0,298566.0,-0.0759999999999999,-0.033,0.078,-0.924,0.031,0.0819999999999999,1.0,0.6629999999999999,273.0,275.0,276.0,276.0,0.818,275.0,0.7909999999999999,275.0,0.8359999999999999,274.0,0.003,13.7,2.0,3.0,0.0,19.07,0.0,-1.3,0.0,0.006,-0.003,-0.001,0.004,0.003,0.0069999999999999,-0.001,0.08,0.587,-0.003,-0.4279999999999999,0.2789999999999999,0.0,16.89,16.99,17.02,34.37,16.67,16.55,17.69,0.001,-0.001,0.0,0.0,0.0,0.0,0.0,0.0,0.0,0.0,0.0,0.0,0.0,8.949999999999998,9.03,0.0,0.0,0.0,0.0,0.0,0.0,59.96,6000.0,-1.45,-0.2,2.0,0.0,0.2,0.2,-0.0379999999999999,17.21,17.57,17.45,17.66,17.77,17.41,17.21,17.02,17.37,17.17,16.77,17.76,18.7,18.71,26.0,27.0,35.0,16.75,0.0,294.4,33.56,2.0,3.519,-1.0,3.99,7.8,4903
2015-12-24 01:52:00,0.0,0.0,0.0,0.0,0.0,0.0,0.0,289735.0,16.0,0.0,75.59999999999998,59.5,60.0,-0.1019999999999999,9461.0,1373.0,1378.0,298566.0,-0.0759999999999999,-0.033,0.0919999999999999,-0.925,0.031,0.0819999999999999,1.0,0.65,273.0,275.0,276.0,276.0,0.818,275.0,0.7909999999999999,275.0,0.8359999999999999,274.0,0.001,13.5,2.0,3.0,0.0,19.08,0.0,-1.05,0.0,0.0069999999999999,-0.003,-0.001,0.005,0.003,0.008,0.0,0.308,0.773,-0.003,-0.168,0.278,0.001,16.89,16.99,17.08,48.45,16.69,16.59,17.72,0.001,0.0,0.0,-0.001,0.0,0.0,0.0,0.0,0.0,0.0,0.0,0.0,0.0,9.16,9.38,0.0,0.0,0.0,0.0,0.0,0.0,59.96,6000.0,-1.3,-0.2,2.0,0.0,0.2,0.2,-0.0379999999999999,17.28,17.6,17.49,17.68,17.73,17.43,17.23,17.09,17.37,17.22,16.84,17.79,18.71,18.73,26.0,27.0,35.0,16.78,0.0,254.0,31.26,2.0,3.519,-1.0,1.972,4.4,4903
2015-12-24 01:53:00,0.0,0.0,0.0,0.0,0.0,0.0,0.0,289735.0,16.0,0.0,75.59999999999998,59.5,60.0,-0.1,9461.0,1373.0,1378.0,298566.0,-0.0759999999999999,-0.0379999999999999,0.08,-0.925,0.031,0.0819999999999999,1.0,0.647,272.8,274.8,276.0,276.0,0.818,275.0,0.7909999999999999,275.0,0.8359999999999999,274.0,0.005,13.7,2.0,3.0,0.0,19.08,0.0,-1.283,0.0,0.0069999999999999,-0.003,0.0,0.005,0.003,0.0069999999999999,-0.001,0.079,0.5859999999999999,-0.003,-0.4289999999999999,0.2789999999999999,0.0,16.89,16.97,17.08,33.35,16.69,16.59,17.69,0.0,-0.001,0.001,0.0,0.0,0.0,0.0,0.0,0.0,0.0,0.0,0.0,0.0,9.2,9.53,0.0,0.0,0.0,0.0,0.0,0.0,59.95,6000.0,-1.4169999999999998,-0.2,2.0,0.0,0.2,0.2,-0.0379999999999999,17.29,17.6,17.49,17.68,17.73,17.43,17.22,17.1,17.38,17.22,16.86,17.79,18.71,18.7,26.0,27.0,35.0,16.77,0.0,293.6,33.93,2.0,3.519,-1.0,2.188,4.7,4903
2015-12-24 01:54:00,0.0,0.0,0.0,0.0,0.0,0.0,0.0,289735.0,16.0,0.0,75.59999999999998,59.5,60.0,-0.1,9461.0,1373.0,1378.0,298566.0,-0.0759999999999999,-0.0379999999999999,0.072,-0.925,0.031,0.0819999999999999,1.0,0.652,272.8,274.7,275.9,276.0,0.818,275.0,0.7909999999999999,275.0,0.8359999999999999,274.0,0.003,13.7,2.0,3.0,0.0,19.08,0.0,-1.35,0.0,0.008,-0.003,-0.001,0.005,0.003,0.0069999999999999,-0.001,0.078,0.5859999999999999,-0.003,-0.4289999999999999,0.2789999999999999,0.0,16.91,17.02,17.13,28.02,16.79,16.63,17.69,0.0,-0.001,0.001,-0.001,0.0,0.0,0.0,0.0,0.0,0.0,0.0,0.0,0.0,9.49,10.0,0.0,0.0,0.0,0.0,0.0,0.0,59.94,6000.0,-1.433,-0.2,2.0,0.0,0.2,0.2,-0.0379999999999999,17.3,17.61,17.5,17.69,17.74,17.44,17.23,17.13,17.4,17.27,16.9,17.8,18.74,18.76,26.0,27.0,35.0,16.8,0.0,251.2,32.29,2.0,3.519,-1.0,3.537,6.1,4903
2015-12-24 01:55:00,0.0,0.0,0.0,0.0,0.0,0.0,0.0,289735.0,16.0,0.0,75.59999999999998,59.5,60.0,-0.1,9461.0,1373.0,1378.0,298566.0,-0.0759999999999999,-0.0379999999999999,0.0919999999999999,-0.925,0.031,0.0819999999999999,1.0,0.645,273.0,275.0,276.0,276.0,0.818,275.0,0.7909999999999999,275.0,0.8359999999999999,274.0,0.003,13.7,2.0,3.0,0.0,19.08,0.0,-1.117,0.0,0.008,-0.003,0.0,0.005,0.003,0.0069999999999999,-0.001,0.074,0.5809999999999998,-0.003,-0.434,0.2789999999999999,0.0,16.94,17.09,17.18,30.4,16.79,16.69,17.7,0.001,-0.001,0.0,0.0,0.0,0.0,0.0,0.0,0.0,0.0,0.0,0.0,0.0,9.69,10.0,0.0,0.0,0.0,0.0,0.0,0.0,59.95,6000.0,-1.233,-0.2,2.0,0.0,0.2,0.2,-0.0379999999999999,17.34,17.61,17.5,17.69,17.73,17.45,17.23,17.14,17.38,17.28,16.92,17.8,18.73,18.75,26.0,27.0,35.0,16.83,0.0,240.7,32.48,2.0,3.519,-1.0,2.202,4.7,4903
2015-12-24 01:56:00,0.0,0.0,0.0,0.0,0.0,0.0,0.0,289735.0,16.0,0.0,75.59999999999998,59.5,60.0,-0.1019999999999999,9461.0,1373.0,1378.0,298566.0,-0.0749999999999999,-0.052,0.067,-0.925,0.031,0.0819999999999999,1.0,0.63,272.1,274.1,275.1,275.1,0.818,274.1,0.7909999999999999,274.1,0.8359999999999999,273.1,0.003,13.7,2.0,3.0,0.0,19.08,0.0,-1.567,0.0,0.008,-0.003,-0.001,0.003,0.003,0.0069999999999999,-0.001,0.0729999999999999,0.5809999999999998,-0.003,-0.435,0.2789999999999999,0.0,16.97,17.09,17.18,27.45,16.79,16.69,17.67,0.001,-0.001,0.001,0.0,0.0,0.0,0.0,0.0,0.0,0.0,0.0,0.0,0.0,9.35,9.72,0.0,0.0,0.0,0.0,0.0,0.0,59.97,6000.0,-1.45,-0.2,2.0,0.0,0.2,0.2,-0.0379999999999999,17.33,17.58,17.48,17.67,17.71,17.43,17.21,17.14,17.37,17.27,16.93,17.78,18.73,18.79,26.0,27.0,35.0,16.85,0.0,206.9,43.94,2.0,3.518,-1.0,3.108,5.7,4903
2015-12-24 01:57:00,0.0,0.0,0.0,0.0,0.0,0.0,0.0,289735.0,16.0,0.0,75.59999999999998,59.5,60.0,-0.103,9461.0,1373.0,1378.0,298566.0,-0.0749999999999999,-0.063,0.052,-0.925,0.031,0.0819999999999999,1.0,0.627,272.0,274.0,275.0,275.0,0.818,274.0,0.7909999999999999,274.0,0.8359999999999999,273.0,0.006,13.7,2.0,3.0,0.0,19.08,0.0,-1.5,0.0,0.0069999999999999,-0.003,-0.001,0.002,0.003,0.006,-0.002,0.3779999999999999,0.8479999999999999,-0.003,-0.1,0.278,0.0,16.99,17.07,17.18,29.65,16.79,16.69,17.67,0.0,0.0,0.0,-0.001,0.0,0.0,0.0,0.0,0.0,0.0,0.0,0.0,0.0,9.170000000000002,9.13,0.0,0.0,0.0,0.0,0.0,0.0,59.95,6000.0,-1.4,-0.2,2.0,0.0,0.2,0.2,-0.0379999999999999,17.3,17.57,17.46,17.65,17.72,17.42,17.2,17.12,17.36,17.26,16.92,17.76,18.7,18.76,26.0,27.0,35.0,16.87,0.0,226.4,76.53,2.0,3.519,-1.0,1.7519999999999998,5.7,4903
2015-12-24 01:58:00,0.0,0.0,0.0,0.0,0.0,0.0,0.0,289735.0,16.0,0.0,75.59999999999998,59.5,60.0,-0.103,9461.0,1373.0,1378.0,298566.0,-0.0749999999999999,-0.055,0.0749999999999999,-0.925,0.031,0.0819999999999999,1.0,0.6179999999999999,272.0,274.0,275.0,275.0,0.818,274.0,0.7909999999999999,274.0,0.8359999999999999,273.0,-0.003,13.52,2.0,1.0,0.0,19.08,0.0,-1.617,0.0,0.006,-0.003,-0.001,0.002,0.003,0.006,-0.002,0.078,0.582,-0.003,-0.4249999999999999,0.278,0.001,16.99,17.09,17.15,27.87,16.79,16.69,17.67,0.001,-0.001,0.0,0.0,0.0,0.0,0.0,0.0,0.0,0.0,0.0,0.0,0.0,9.13,9.0,0.0,0.0,0.0,0.0,0.0,0.0,59.94,6000.0,-1.517,-0.2,2.0,0.0,0.2,0.2,-0.0379999999999999,17.34,17.56,17.46,17.64,17.73,17.41,17.19,17.12,17.36,17.27,16.92,17.75,18.69,18.77,26.0,27.0,35.0,16.86,0.0,273.5,63.97,2.0,3.519,-1.0,2.777,5.6,4903
2015-12-24 01:59:00,0.0,0.0,0.0,0.0,0.0,0.0,0.0,289735.0,16.0,0.0,75.59999999999998,59.5,60.0,-0.1,9461.0,1373.0,1378.0,298566.0,-0.0749999999999999,-0.042,0.078,-0.926,0.031,0.0819999999999999,1.0,0.628,272.0,274.0,275.0,275.0,0.818,274.0,0.7909999999999999,274.0,0.8359999999999999,273.0,0.003,13.7,2.0,3.0,0.0,19.08,0.0,-1.5830000000000002,0.0,0.005,-0.003,-0.002,0.002,0.003,0.005,-0.002,0.072,0.5799999999999998,-0.003,-0.436,0.2789999999999999,0.0,16.99,17.09,17.15,34.63,16.79,16.69,17.61,0.001,-0.001,0.0,0.0,0.0,0.0,0.0,0.0,0.0,0.0,0.0,0.0,0.0,8.92,9.0,0.0,0.0,0.0,0.0,0.0,0.0,59.95,6000.0,-1.55,-0.2,2.0,0.0,0.2,0.2,-0.0379999999999999,17.46,17.54,17.45,17.63,17.68,17.4,17.17,17.11,17.33,17.26,16.92,17.74,18.72,18.79,26.0,27.0,35.0,16.87,0.0,264.1,45.96,2.0,3.519,-1.0,2.057,3.9,4903
2015-12-24 02:00:00,0.0,0.0,0.0,0.0,0.0,0.0,0.0,289735.0,16.0,0.0,75.59999999999998,59.5,60.0,-0.1019999999999999,9461.0,1373.0,1378.0,298566.0,-0.0759999999999999,-0.0529999999999999,0.062,-0.925,0.031,0.0819999999999999,1.0,0.632,272.0,274.0,275.0,275.0,0.818,274.0,0.7909999999999999,274.0,0.8359999999999999,273.0,0.003,13.7,2.0,3.0,0.0,19.08,0.0,-1.233,0.0,0.004,-0.003,-0.002,0.001,0.003,0.005,-0.002,0.069,0.577,-0.003,-0.4379999999999999,0.2789999999999999,0.0,16.99,17.09,17.18,25.87,16.8,16.69,17.57,0.0,-0.001,0.0,0.0,0.0,0.0,0.0,0.0,0.0,0.0,0.0,0.0,0.0,8.929999999999998,9.02,0.0,0.0,0.0,0.0,0.0,0.0,59.96,6000.0,-1.367,-0.2,2.0,0.0,0.2,0.2,-0.0379999999999999,17.56,17.51,17.41,17.6,17.7,17.39,17.15,17.09,17.36,17.26,16.9,17.71,18.71,18.77,26.0,27.0,35.0,16.85,0.0,249.8,51.55,2.0,3.519,-1.0,3.73,7.9,4903
2015-12-24 02:01:00,0.0,0.0,0.0,0.0,0.0,0.0,0.0,289735.0,16.0,0.0,75.59999999999998,59.5,60.0,-0.1,9461.0,1373.0,1378.0,298566.0,-0.0749999999999999,-0.055,0.0819999999999999,-0.925,0.031,0.0819999999999999,1.0,0.627,272.0,274.0,275.0,275.0,0.818,274.0,0.7909999999999999,274.0,0.8359999999999999,273.0,0.003,13.7,2.0,3.0,0.0,19.08,0.0,-1.067,0.0,0.005,-0.003,-0.001,0.002,0.003,0.006,-0.001,0.0709999999999999,0.5779999999999998,-0.003,-0.437,0.2789999999999999,0.0,16.99,17.07,17.18,31.85,16.86,16.69,17.66,0.001,0.0,0.001,0.0,0.0,0.0,0.0,0.0,0.0,0.0,0.0,0.0,0.0,9.03,9.08,0.0,0.0,0.0,0.0,0.0,0.0,59.95,6000.0,-1.283,-0.2,2.0,0.0,0.2,0.2,-0.0379999999999999,17.69,17.54,17.44,17.63,17.74,17.41,17.18,17.12,17.42,17.31,16.93,17.73,18.79,18.81,26.0,27.0,35.0,16.87,0.0,257.7,43.59,2.0,3.519,-1.0,3.297,6.7,4903
2015-12-24 02:02:00,0.0,0.0,0.0,0.0,0.0,0.0,0.0,289735.0,16.0,0.0,75.59999999999998,59.5,60.0,-0.1019999999999999,9461.0,1373.0,1378.0,298566.0,-0.0759999999999999,-0.055,0.0749999999999999,-0.926,0.031,0.0819999999999999,1.0,0.628,272.0,274.0,275.0,275.0,0.818,274.0,0.7909999999999999,274.0,0.8359999999999999,273.0,0.003,13.7,2.0,3.0,0.0,19.08,0.0,-1.433,0.0,0.005,-0.003,-0.001,0.003,0.003,0.005,-0.002,0.066,0.574,-0.003,-0.442,0.2789999999999999,0.0,17.07,17.09,17.18,33.65,16.89,16.74,17.66,0.0,0.0,0.001,0.0,0.0,0.0,0.0,0.0,0.0,0.0,0.0,0.0,0.0,8.96,9.02,0.0,0.0,0.0,0.0,0.0,0.0,59.94,6000.0,-1.383,-0.2,2.0,0.0,0.2,0.2,-0.0379999999999999,17.78,17.54,17.43,17.62,17.72,17.4,17.17,17.11,17.43,17.3,16.93,17.72,18.77,18.83,26.0,27.0,35.0,16.89,0.0,248.6,43.19,2.0,3.519,-1.0,3.13,5.5,4903
2015-12-24 02:03:00,0.0,0.0,0.0,0.0,0.0,0.0,0.0,289735.0,16.0,0.0,75.59999999999998,59.5,60.0,-0.1,9461.0,1373.0,1378.0,298566.0,-0.0759999999999999,-0.0449999999999999,0.062,-0.925,0.031,0.0819999999999999,1.0,0.635,272.0,274.0,275.0,275.0,0.818,274.0,0.7909999999999999,274.0,0.8359999999999999,273.0,0.002,13.43,2.0,3.0,0.0,19.09,0.0,-1.683,0.0,0.005,-0.003,-0.002,0.002,0.003,0.006,-0.002,0.457,0.906,-0.003,-0.052,0.278,0.001,17.09,17.09,17.18,27.6,16.89,16.76,17.57,0.001,0.0,0.001,0.0,0.0,0.0,0.0,0.0,0.0,0.0,0.0,0.0,0.0,8.859999999999998,9.0,0.0,0.0,0.0,0.0,0.0,0.0,59.95,6000.0,-1.633,-0.2,2.0,0.0,0.2,0.2,-0.0379999999999999,17.85,17.54,17.43,17.62,17.71,17.4,17.17,17.12,17.4,17.32,16.94,17.72,18.76,18.8,26.0,27.0,35.0,16.89,0.0,266.8,31.31,2.0,3.519,-1.0,3.407,6.1,4903
2015-12-24 02:04:00,0.0,0.0,0.0,0.0,0.0,0.0,0.0,289735.0,16.0,0.0,75.59999999999998,59.5,60.0,-0.1,9461.0,1373.0,1378.0,298566.0,-0.0759999999999999,-0.047,0.065,-0.925,0.031,0.0819999999999999,1.0,0.643,272.0,274.0,275.0,275.1,0.818,274.0,0.7909999999999999,274.0,0.8359999999999999,273.2,0.004,13.7,2.0,3.0,0.0,19.09,0.0,-1.367,0.0,0.004,-0.004,-0.001,0.001,0.003,0.005,-0.003,0.065,0.572,-0.003,-0.4429999999999999,0.2789999999999999,0.001,17.09,17.09,17.18,28.31,16.89,16.72,17.57,0.001,0.0,0.001,-0.001,0.0,0.0,0.0,0.0,0.0,0.0,0.0,0.0,0.0,8.609999999999998,9.0,0.0,0.0,0.0,0.0,0.0,0.0,59.97,6000.0,-1.4169999999999998,-0.2,2.0,0.0,0.2,0.2,-0.0379999999999999,17.85,17.53,17.41,17.6,17.71,17.38,17.14,17.11,17.4,17.32,16.94,17.71,18.72,18.73,26.0,27.0,35.0,16.87,0.0,242.8,38.35,2.0,3.519,-1.0,2.357,4.1,4903
2015-12-24 02:05:00,0.0,0.0,0.0,0.0,0.0,0.0,0.0,289735.0,16.0,0.0,75.59999999999998,59.5,60.0,-0.1,9461.0,1373.0,1378.0,298566.0,-0.0759999999999999,-0.07,0.072,-0.925,0.031,0.0819999999999999,1.0,0.643,272.0,274.0,275.0,275.1,0.818,274.0,0.7909999999999999,274.0,0.8359999999999999,273.3,0.003,13.7,2.0,3.0,0.0,19.09,0.0,-1.05,0.0,0.004,-0.0069999999999999,-0.002,0.001,0.003,0.005,-0.003,0.066,0.574,-0.003,-0.442,0.2789999999999999,0.0,17.09,17.04,17.18,26.11,16.89,16.69,17.57,0.001,-0.001,0.0,-0.001,0.0,0.0,0.0,0.0,0.0,0.0,0.0,0.0,0.0,8.519999999999998,9.0,0.0,0.0,0.0,0.0,0.0,0.0,59.96,6000.0,-1.25,-0.2,2.0,0.0,0.2,0.2,-0.0379999999999999,17.84,17.51,17.39,17.57,17.65,17.36,17.12,17.09,17.34,17.28,16.93,17.68,18.7,18.73,26.0,27.0,35.0,16.87,0.0,214.6,26.9,2.0,3.519,-1.0,3.703,5.6,4903
2015-12-24 02:06:00,0.0,0.0,0.0,0.0,0.0,0.0,0.0,289735.0,16.0,0.0,75.59999999999998,59.5,60.0,-0.1,9461.0,1373.0,1378.0,298566.0,-0.0759999999999999,-0.05,0.068,-0.925,0.031,0.0819999999999999,1.0,0.62,272.0,274.0,275.0,275.0,0.818,274.0,0.7909999999999999,274.0,0.8359999999999999,273.0,0.003,13.7,2.0,3.0,0.0,19.1,0.0,-1.133,0.0,0.004,-0.0069999999999999,-0.003,0.0,0.002,0.004,-0.004,0.066,0.573,-0.003,-0.44,0.2789999999999999,0.0,17.09,17.07,17.18,28.27,16.89,16.72,17.51,0.001,0.0,0.0,-0.001,0.0,0.0,0.0,0.0,0.0,0.0,0.0,0.0,0.0,9.31,9.670000000000002,0.0,0.0,0.0,0.0,0.0,0.0,59.96,6000.0,-1.4169999999999998,-0.2,2.0,0.0,0.2,0.2,-0.0379999999999999,17.84,17.48,17.36,17.54,17.62,17.33,17.09,17.07,17.3,17.26,16.91,17.66,18.68,18.7,26.0,27.0,35.0,16.86,0.0,226.4,51.37,2.0,3.519,-1.0,2.26,4.2,4903
2015-12-24 02:07:00,0.0,0.0,0.0,0.0,0.0,0.0,0.0,289735.0,16.0,0.0,75.59999999999998,59.5,60.0,-0.1,9461.0,1373.0,1378.0,298566.0,-0.0759999999999999,-0.068,0.062,-0.925,0.031,0.0819999999999999,1.0,0.6129999999999999,272.0,274.0,275.0,275.0,0.818,274.0,0.7909999999999999,274.0,0.8359999999999999,273.0,0.003,13.7,2.0,3.0,0.0,19.1,0.0,-1.083,0.0,0.004,-0.0069999999999999,-0.004,-0.001,0.0,0.003,-0.004,0.059,0.566,-0.003,-0.449,0.2789999999999999,0.0,17.09,17.07,17.18,41.14,16.89,16.76,17.48,0.001,0.0,0.0,0.0,0.0,0.0,0.0,0.0,0.0,0.0,0.0,0.0,0.0,9.03,9.15,0.0,0.0,0.0,0.0,0.0,0.0,59.95,6000.0,-1.267,-0.2,2.0,0.0,0.2,0.2,-0.0379999999999999,17.82,17.46,17.34,17.52,17.6,17.32,17.07,17.06,17.31,17.25,16.91,17.64,18.67,18.71,26.0,27.0,35.0,16.86,0.0,233.2,93.2,2.0,3.519,-1.0,1.857,4.2,4903
2015-12-24 02:08:00,0.0,0.0,0.0,0.0,0.0,0.0,0.0,289735.0,16.0,0.0,75.59999999999998,59.5,60.0,-0.1,9461.0,1373.0,1378.0,298566.0,-0.0759999999999999,-0.047,0.08,-0.925,0.031,0.0819999999999999,1.0,0.647,272.0,274.0,275.0,275.0,0.818,274.0,0.7909999999999999,274.0,0.8359999999999999,273.1,0.003,13.7,2.0,3.0,0.0,19.1,0.0,-1.083,0.0,0.003,-0.0069999999999999,-0.003,-0.001,0.0,0.003,-0.005,0.201,0.679,-0.003,-0.286,0.2789999999999999,0.001,17.09,17.09,17.18,31.8,16.89,16.74,17.48,0.0,-0.001,0.0,-0.001,0.0,0.0,0.0,0.0,0.0,0.0,0.0,0.0,0.0,9.01,9.28,0.0,0.0,0.0,0.0,0.0,0.0,59.97,6000.0,-1.467,-0.2,2.0,0.0,0.2,0.2,-0.0379999999999999,17.81,17.45,17.33,17.51,17.62,17.31,17.06,17.06,17.29,17.25,16.91,17.62,18.65,18.68,26.0,27.0,35.0,16.86,0.0,222.6,92.5,2.0,3.519,-1.0,2.448,6.1,4903
2015-12-24 02:09:00,0.0,0.0,0.0,0.0,0.0,0.0,0.0,289735.0,16.0,0.0,75.59999999999998,59.5,60.0,-0.1019999999999999,9461.0,1373.0,1378.0,298566.0,-0.0759999999999999,-0.07,0.063,-0.925,0.031,0.0819999999999999,1.0,0.638,272.0,274.0,275.0,275.0,0.818,274.0,0.7909999999999999,274.0,0.8359999999999999,273.0,0.003,13.5,2.0,3.0,0.0,19.1,0.0,-1.217,0.0,0.003,-0.006,-0.003,-0.001,0.0,0.004,-0.004,0.062,0.571,-0.003,-0.444,0.278,0.001,17.09,17.09,17.18,52.96,16.89,16.79,17.48,0.001,0.0,0.001,0.0,0.0,0.0,0.0,0.0,0.0,0.0,0.0,0.0,0.0,8.83,9.2,0.0,0.0,0.0,0.0,0.0,0.0,59.97,6000.0,-1.4169999999999998,-0.2,2.0,0.0,0.2,0.2,-0.0379999999999999,17.81,17.45,17.33,17.52,17.63,17.31,17.06,17.07,17.34,17.27,16.92,17.62,18.66,18.76,26.0,27.0,35.0,16.89,0.0,208.5,40.76,2.0,3.519,-1.0,2.74,5.7,4903
2015-12-24 02:10:00,0.0,0.0,0.0,0.0,0.0,0.0,0.0,289735.0,16.0,0.0,75.59999999999998,59.5,60.0,-0.1,9461.0,1373.0,1378.0,298566.0,-0.0759999999999999,-0.065,0.055,-0.925,0.031,0.0819999999999999,1.0,0.637,272.0,274.0,275.0,275.1,0.818,274.0,0.7909999999999999,274.0,0.8359999999999999,273.3,0.003,13.7,2.0,3.0,0.0,19.1,0.0,-1.117,0.0,0.003,-0.003,-0.003,-0.001,0.0,0.004,-0.004,0.07,0.5779999999999998,-0.003,-0.436,0.2789999999999999,0.0,17.09,17.09,17.18,29.1,16.97,16.79,17.48,0.001,0.0,0.0,0.0,0.0,0.0,0.0,0.0,0.0,0.0,0.0,0.0,0.0,8.4,9.0,0.0,0.0,0.0,0.0,0.0,0.0,59.97,6000.0,-1.3330000000000002,-0.2,2.0,0.0,0.2,0.2,-0.0379999999999999,17.78,17.44,17.32,17.51,17.61,17.31,17.05,17.07,17.31,17.26,16.93,17.61,18.68,18.73,26.0,27.0,35.0,16.88,0.0,225.9,29.01,2.0,3.519,-1.0,3.402,6.5,4903
2015-12-24 02:11:00,0.0,0.0,0.0,0.0,0.0,0.0,0.0,289735.0,16.0,0.0,75.59999999999998,59.5,60.0,-0.1,9461.0,1373.0,1378.0,298566.0,-0.0759999999999999,-0.0529999999999999,0.0769999999999999,-0.925,0.031,0.0819999999999999,1.0,0.643,272.0,274.0,275.0,275.4,0.818,274.0,0.7909999999999999,274.0,0.8359999999999999,273.9,0.003,13.7,2.0,3.0,0.0,19.1,0.0,-1.267,0.0,0.004,-0.003,-0.003,-0.001,0.0,0.004,-0.004,0.067,0.5749999999999998,-0.003,-0.441,0.2789999999999999,0.0,17.09,17.07,17.18,28.14,16.95,16.79,17.48,0.001,-0.001,0.001,-0.001,0.0,0.0,0.0,0.0,0.0,0.0,0.0,0.0,0.0,7.995,8.42,0.0,0.0,0.0,0.0,0.0,0.0,59.97,6000.0,-1.45,-0.2,2.0,0.0,0.2,0.2,-0.0379999999999999,17.79,17.41,17.28,17.49,17.59,17.3,17.04,17.06,17.28,17.24,16.92,17.57,18.68,18.72,26.0,27.0,35.0,16.88,0.0,266.3,36.87,2.0,3.519,-1.0,3.99,7.3,4903
2015-12-24 02:12:00,0.0,0.0,0.0,0.0,0.0,0.0,0.0,289735.0,16.0,0.0,75.59999999999998,59.5,60.0,-0.1,9461.0,1373.0,1378.0,298566.0,-0.0759999999999999,-0.055,0.0599999999999999,-0.925,0.031,0.0819999999999999,1.0,0.627,272.0,274.0,275.0,275.8,0.818,274.0,0.7909999999999999,274.3,0.8359999999999999,274.0,0.003,13.7,2.0,3.0,0.0,19.11,0.0,-1.317,0.0,0.004,-0.004,-0.003,0.0,0.0,0.004,-0.003,0.067,0.574,-0.003,-0.441,0.2789999999999999,0.0,17.09,17.07,17.18,26.01,16.89,16.79,17.48,0.001,0.0,0.001,0.0,0.0,0.0,0.0,0.0,0.0,0.0,0.0,0.0,0.0,7.807,8.0,0.0,0.0,0.0,0.0,0.0,0.0,59.97,6000.0,-1.517,-0.2,2.0,0.0,0.2,0.2,-0.0379999999999999,17.83,17.44,17.31,17.5,17.6,17.32,17.05,17.08,17.34,17.28,16.93,17.6,18.71,18.73,26.0,27.0,35.0,16.87,0.0,263.0,30.97,2.0,3.521,-1.0,2.568,5.0,4903
2015-12-24 02:13:00,0.0,0.0,0.0,0.0,0.0,0.0,0.0,289735.0,16.0,0.0,75.59999999999998,59.5,60.0,-0.1,9461.0,1373.0,1378.0,298566.0,-0.0759999999999999,-0.0599999999999999,0.0769999999999999,-0.925,0.031,0.0819999999999999,1.0,0.635,272.0,274.0,275.0,275.5,0.818,274.0,0.7909999999999999,274.0,0.8359999999999999,274.0,0.003,13.7,2.0,3.0,0.0,19.12,0.0,-1.267,0.0,0.004,-0.005,-0.002,0.0,0.0,0.004,-0.003,0.068,0.576,-0.003,-0.437,0.2789999999999999,0.0,17.09,17.07,17.16,38.77,16.94,16.79,17.48,0.001,-0.001,0.001,0.0,0.0,0.0,0.0,0.0,0.0,0.0,0.0,0.0,0.0,7.856,8.029999999999998,0.0,0.0,0.0,0.0,0.0,0.0,59.96,6000.0,-1.433,-0.2,2.0,0.0,0.2,0.2,-0.0379999999999999,17.82,17.44,17.3,17.5,17.62,17.31,17.04,17.08,17.3,17.27,16.93,17.6,18.69,18.75,26.0,27.0,35.0,16.87,0.0,197.7,50.27,2.0,3.519,-1.0,2.835,6.3,4903
2015-12-24 02:14:00,0.0,0.0,0.0,0.0,0.0,0.0,0.0,289735.0,16.0,0.0,75.59999999999998,59.5,60.0,-0.1019999999999999,9461.0,1373.0,1378.0,298566.0,-0.0759999999999999,-0.052,0.083,-0.925,0.031,0.0819999999999999,1.0,0.633,272.0,274.0,275.0,275.2,0.818,274.0,0.7909999999999999,274.0,0.8359999999999999,273.5,0.003,13.52,2.0,1.0,0.0,19.13,0.0,-1.467,0.0,0.004,-0.003,-0.003,-0.001,0.0,0.004,-0.003,0.23,0.696,-0.003,-0.252,0.278,0.001,17.09,17.17,17.18,31.48,16.98,16.84,17.48,0.0,0.0,0.0,0.0,0.0,0.0,0.0,0.0,0.0,0.0,0.0,0.0,0.0,7.676,8.0,0.0,0.0,0.0,0.0,0.0,0.0,59.95,6000.0,-1.483,-0.2,2.0,0.0,0.2,0.2,-0.0379999999999999,17.87,17.44,17.31,17.51,17.64,17.33,17.06,17.09,17.35,17.29,16.94,17.6,18.69,18.73,26.0,27.0,35.0,16.87,0.0,275.6,28.92,2.0,3.519,-1.0,3.892,8.0,4903
2015-12-24 02:15:00,0.0,0.0,0.0,0.0,0.0,0.0,0.0,289735.0,16.0,0.0,75.59999999999998,59.5,60.0,-0.1019999999999999,9461.0,1373.0,1378.0,298566.0,-0.0759999999999999,-0.062,0.072,-0.925,0.031,0.0819999999999999,1.0,0.622,272.0,274.0,275.0,275.2,0.818,274.0,0.7909999999999999,274.0,0.8359999999999999,273.5,0.003,13.7,2.0,3.0,0.0,19.13,0.0,-1.383,0.0,0.003,-0.004,-0.002,0.0,0.0,0.005,-0.003,0.069,0.576,-0.003,-0.439,0.2789999999999999,0.0,17.09,17.08,17.18,25.22,16.95,16.87,17.48,0.0,0.0,0.0,-0.001,0.0,0.0,0.0,0.0,0.0,0.0,0.0,0.0,0.0,7.777999999999999,8.0,0.0,0.0,0.0,0.0,0.0,0.0,59.95,6000.0,-1.4169999999999998,-0.2,2.0,0.0,0.2,0.2,-0.0379999999999999,17.88,17.47,17.33,17.53,17.61,17.33,17.07,17.11,17.35,17.31,16.97,17.62,18.69,18.66,26.0,27.0,35.0,16.85,0.0,209.7,75.84,2.0,3.519,-1.0,1.6130000000000002,3.8,4903
2015-12-24 02:16:00,0.0,0.0,0.0,0.0,0.0,0.0,0.0,289735.0,16.0,0.0,75.59999999999998,59.5,60.0,-0.1,9461.0,1373.0,1378.0,298566.0,-0.0759999999999999,-0.0529999999999999,0.063,-0.925,0.031,0.0819999999999999,1.0,0.63,272.0,274.0,275.0,275.1,0.818,274.0,0.7909999999999999,274.0,0.8359999999999999,273.3,0.003,13.7,2.0,3.0,0.0,19.13,0.0,-1.4,0.0,0.003,-0.005,-0.002,-0.001,0.0,0.005,-0.003,0.066,0.574,-0.003,-0.442,0.2789999999999999,0.0,17.09,17.14,17.16,27.0,16.98,16.85,17.48,0.001,0.0,0.001,0.0,0.0,0.0,0.0,0.0,0.0,0.0,0.0,0.0,0.0,8.06,8.23,0.0,0.0,0.0,0.0,0.0,0.0,59.96,6000.0,-1.517,-0.2,2.0,0.0,0.2,0.2,-0.0379999999999999,17.82,17.46,17.32,17.52,17.64,17.32,17.07,17.12,17.33,17.29,16.97,17.61,18.67,18.67,26.0,27.0,35.0,16.87,0.0,211.8,24.88,2.0,3.517,-1.0,2.628,5.7,4903
2015-12-24 02:17:00,0.0,0.0,0.0,0.0,0.0,0.0,0.0,289735.0,16.0,0.0,75.59999999999998,59.5,60.0,-0.103,9461.0,1373.0,1378.0,298566.0,-0.0759999999999999,-0.0529999999999999,0.0729999999999999,-0.925,0.031,0.0819999999999999,1.0,0.627,272.0,274.0,275.0,275.0,0.818,274.0,0.7909999999999999,274.0,0.8359999999999999,273.0,0.003,13.7,2.0,3.0,0.0,19.13,0.0,-1.45,0.0,0.004,-0.003,-0.002,-0.001,0.001,0.004,-0.003,0.063,0.571,-0.003,-0.442,0.2789999999999999,0.0,17.09,17.17,17.18,33.82,16.98,16.89,17.54,0.001,0.0,0.0,0.0,0.0,0.0,0.0,0.0,0.0,0.0,0.0,0.0,0.0,8.33,8.83,0.0,0.0,0.0,0.0,0.0,0.0,59.95,6000.0,-1.55,-0.2,2.0,0.0,0.2,0.2,-0.0379999999999999,17.89,17.47,17.33,17.55,17.66,17.35,17.1,17.13,17.36,17.31,16.98,17.62,18.72,18.75,26.0,27.0,35.0,16.9,0.0,276.4,22.16,2.0,3.518,-1.0,2.682,4.6,4903
2015-12-24 02:18:00,0.0,0.0,0.0,0.0,0.0,0.0,0.0,289735.0,16.0,0.0,75.59999999999998,59.5,60.0,-0.1019999999999999,9461.0,1373.0,1378.0,298566.0,-0.0759999999999999,-0.057,0.0749999999999999,-0.925,0.031,0.0819999999999999,1.0,0.64,272.0,274.0,275.0,275.2,0.818,274.0,0.7909999999999999,274.0,0.8359999999999999,273.4,0.003,13.7,2.0,3.0,0.0,19.13,0.0,-1.15,0.0,0.005,-0.002,-0.001,0.001,0.003,0.006,-0.002,0.064,0.572,-0.003,-0.444,0.2789999999999999,0.0,17.14,17.22,17.21,39.62,16.98,16.92,17.62,0.001,-0.001,0.0,0.0,0.0,0.0,0.0,0.0,0.0,0.0,0.0,0.0,0.0,8.939999999999998,9.02,0.0,0.0,0.0,0.0,0.0,0.0,59.97,6000.0,-1.317,-0.2,2.0,0.0,0.2,0.2,-0.0379999999999999,17.94,17.53,17.39,17.59,17.75,17.4,17.15,17.19,17.44,17.39,17.04,17.68,18.77,18.84,26.0,27.0,35.0,16.94,0.0,256.2,32.31,2.0,3.518,-1.0,4.45,6.9,4903
2015-12-24 02:19:00,0.0,0.0,0.0,0.0,0.0,0.0,0.0,289735.0,16.0,0.0,75.59999999999998,59.5,60.0,-0.1,9461.0,1373.0,1378.0,298566.0,-0.0749999999999999,-0.055,0.052,-0.925,0.031,0.0819999999999999,1.0,0.638,272.0,274.0,275.0,275.2,0.818,274.0,0.7909999999999999,274.0,0.8359999999999999,273.5,-0.0069999999999999,13.58,2.0,1.0,0.0,19.13,0.0,-1.15,0.0,0.006,0.0,0.0,0.003,0.003,0.0069999999999999,-0.001,0.254,0.7209999999999999,-0.003,-0.214,0.278,0.001,17.18,17.28,17.28,26.76,17.07,16.98,17.67,0.001,0.0,0.001,0.0,0.0,0.0,0.0,0.0,0.0,0.0,0.0,0.0,0.0,9.74,10.08,0.0,0.0,0.0,0.0,0.0,0.0,59.98,6000.0,-1.317,-0.2,2.0,0.0,0.2,0.2,-0.0379999999999999,17.98,17.59,17.45,17.64,17.76,17.43,17.19,17.25,17.49,17.44,17.09,17.74,18.79,18.84,26.0,27.0,35.0,16.97,0.0,271.8,18.23,2.0,3.519,-1.0,3.682,7.1,4903
2015-12-24 02:20:00,0.0,0.0,0.0,0.0,0.0,0.0,0.0,289735.0,16.0,0.0,75.59999999999998,59.5,60.0,-0.1019999999999999,9461.0,1373.0,1378.0,298566.0,-0.0749999999999999,-0.063,0.0599999999999999,-0.925,0.031,0.0819999999999999,1.0,0.647,271.8,273.8,274.8,274.9,0.818,273.8,0.7909999999999999,273.9,0.8359999999999999,273.0,0.013,13.58,2.0,3.0,0.0,19.13,0.0,-1.167,0.0,0.005,0.0,0.001,0.003,0.003,0.0069999999999999,-0.001,0.068,0.5749999999999998,-0.003,-0.44,0.2789999999999999,0.0,17.18,17.25,17.28,29.17,17.08,16.98,17.67,0.001,-0.001,0.001,0.0,0.0,0.0,0.0,0.0,0.0,0.0,0.0,0.0,0.0,9.24,9.55,0.0,0.0,0.0,0.0,0.0,0.0,59.98,6000.0,-1.383,-0.2,2.0,0.0,0.2,0.2,-0.0379999999999999,18.0,17.62,17.47,17.66,17.76,17.45,17.21,17.29,17.51,17.48,17.13,17.77,18.75,18.76,26.0,27.0,35.0,16.98,0.0,270.3,34.43,2.0,3.521,-1.0,2.823,7.5,4903
2015-12-24 02:21:00,0.0,0.0,0.0,0.0,0.0,0.0,0.0,289735.0,16.0,0.0,75.59999999999998,59.5,60.0,-0.1,9461.0,1373.0,1378.0,298566.0,-0.0749999999999999,-0.057,0.0729999999999999,-0.925,0.031,0.081,1.0,0.642,272.0,274.0,275.0,275.0,0.818,274.0,0.7909999999999999,274.0,0.8359999999999999,273.0,0.003,13.7,2.0,3.0,0.0,19.13,0.0,-1.2,0.0,0.005,0.0,0.001,0.003,0.003,0.0069999999999999,-0.001,0.066,0.574,-0.003,-0.442,0.2789999999999999,0.0,17.25,17.26,17.28,20.56,17.08,16.98,17.74,0.001,0.0,0.001,0.0,0.0,0.0,0.0,0.0,0.0,0.0,0.0,0.0,0.0,8.51,9.0,0.0,0.0,0.0,0.0,0.0,0.0,59.96,6000.0,-1.433,-0.2,2.0,0.0,0.2,0.2,-0.0379999999999999,17.98,17.62,17.48,17.67,17.78,17.47,17.21,17.3,17.53,17.49,17.14,17.77,18.75,18.76,26.0,27.0,35.0,17.0,0.0,264.5,32.6,2.0,3.519,-1.0,3.438,7.8,4903
2015-12-24 02:22:00,0.0,0.0,0.0,0.0,0.0,0.0,0.0,289735.0,16.0,0.0,75.59999999999998,59.5,60.0,-0.1,9461.0,1373.0,1378.0,298566.0,-0.0749999999999999,-0.0599999999999999,0.0579999999999999,-0.925,0.031,0.0819999999999999,1.0,0.627,272.0,274.0,275.0,275.0,0.818,274.0,0.7909999999999999,274.0,0.8359999999999999,273.0,0.003,13.7,2.0,3.0,0.0,19.13,0.0,-1.15,0.0,0.004,0.0,0.0,0.002,0.002,0.005,-0.002,0.064,0.572,-0.003,-0.441,0.2789999999999999,0.0,17.22,17.25,17.28,276.4,17.08,16.98,17.67,0.0,-0.001,0.001,-0.001,0.0,0.0,0.0,0.0,0.0,0.0,0.0,0.0,0.0,8.26,9.0,0.0,0.0,0.0,0.0,0.0,0.0,59.96,6000.0,-1.383,-0.2,2.0,0.0,0.2,0.2,-0.0379999999999999,17.93,17.59,17.45,17.65,17.71,17.43,17.19,17.29,17.46,17.44,17.12,17.75,18.74,18.72,26.0,27.0,35.0,17.0,0.0,208.3,48.42,2.0,3.519,-1.0,2.443,4.1,4903
2015-12-24 02:23:00,0.0,0.0,0.0,0.0,0.0,0.0,0.0,289735.0,16.0,0.0,75.59999999999998,59.5,60.0,-0.1,9461.0,1373.0,1378.0,298566.0,-0.0749999999999999,-0.0599999999999999,0.05,-0.925,0.031,0.0819999999999999,1.0,0.63,272.0,274.0,275.0,275.0,0.818,274.0,0.7909999999999999,274.0,0.8359999999999999,273.0,0.003,13.7,2.0,3.0,0.0,19.13,0.0,-1.1,0.0,0.004,0.0,-0.001,0.0,0.0,0.004,-0.003,0.062,0.569,-0.003,-0.446,0.2789999999999999,0.0,17.25,17.24,17.29,42.65,17.13,17.02,17.67,0.001,-0.001,0.001,0.0,0.0,0.0,0.0,0.0,0.0,0.0,0.0,0.0,0.0,8.26,9.0,0.0,0.0,0.0,0.0,0.0,0.0,59.95,6000.0,-1.233,-0.2,2.0,0.0,0.2,0.2,-0.0379999999999999,17.87,17.53,17.4,17.61,17.67,17.39,17.15,17.27,17.45,17.42,17.1,17.7,18.71,18.74,26.0,27.0,35.0,17.0,0.0,215.4,33.62,2.0,3.518,-1.0,3.395,6.4,4903
2015-12-24 02:24:00,0.0,0.0,0.0,0.0,0.0,0.0,0.0,289735.0,16.0,0.0,75.59999999999998,59.5,60.0,-0.1,9461.0,1373.0,1378.0,298566.0,-0.0759999999999999,-0.052,0.0769999999999999,-0.926,0.031,0.0819999999999999,1.0,0.635,272.0,274.0,275.0,275.0,0.818,274.0,0.7909999999999999,274.0,0.8359999999999999,273.0,0.003,13.7,2.0,3.0,0.0,19.13,0.0,-1.3,0.0,0.004,0.0,-0.001,0.0,0.0,0.004,-0.004,0.0599999999999999,0.568,-0.003,-0.447,0.2789999999999999,0.0,17.28,17.24,17.37,23.53,17.18,17.08,17.67,0.0,-0.001,0.0,0.0,0.0,0.0,0.0,0.0,0.0,0.0,0.0,0.0,0.0,8.87,9.0,0.0,0.0,0.0,0.0,0.0,0.0,59.95,6000.0,-1.467,-0.2,2.0,0.0,0.2,0.2,-0.0379999999999999,17.89,17.52,17.38,17.59,17.64,17.37,17.13,17.26,17.42,17.43,17.1,17.68,18.7,18.77,26.0,27.0,35.0,17.01,0.0,234.3,27.84,2.0,3.518,-1.0,2.395,6.1,4903
2015-12-24 02:25:00,0.0,0.0,0.0,0.0,0.0,0.0,0.0,289735.0,16.0,0.0,75.59999999999998,59.5,60.0,-0.1,9461.0,1373.0,1378.0,298566.0,-0.0749999999999999,-0.063,0.063,-0.926,0.031,0.0819999999999999,1.0,0.627,272.0,274.0,275.0,275.0,0.818,274.0,0.7909999999999999,274.0,0.8359999999999999,273.0,0.003,13.49,2.0,3.0,0.0,19.13,0.0,-1.35,0.0,0.003,0.0,-0.001,0.0,0.0,0.004,-0.004,0.3029999999999999,0.7659999999999999,-0.003,-0.1799999999999999,0.278,0.001,17.28,17.27,17.37,29.41,17.18,17.08,17.66,0.001,0.0,0.0,0.0,0.0,0.0,0.0,0.0,0.0,0.0,0.0,0.0,0.0,8.97,9.03,0.0,0.0,0.0,0.0,0.0,0.0,59.96,6000.0,-1.5,-0.2,2.0,0.0,0.2,0.2,-0.0379999999999999,17.9,17.52,17.39,17.59,17.69,17.38,17.14,17.27,17.45,17.45,17.11,17.68,18.71,18.78,26.0,27.0,35.0,17.04,0.0,252.0,49.17,2.0,3.519,-1.0,2.798,7.1,4903
2015-12-24 02:26:00,0.0,0.0,0.0,0.0,0.0,0.0,0.0,289735.0,16.0,0.0,75.59999999999998,59.5,60.0,-0.1,9461.0,1373.0,1378.0,298566.0,-0.0759999999999999,-0.0579999999999999,0.057,-0.926,0.031,0.0819999999999999,1.0,0.64,272.0,274.0,275.0,275.0,0.818,274.0,0.7909999999999999,274.0,0.8359999999999999,273.0,0.003,13.7,2.0,3.0,0.0,19.15,0.0,-1.2,0.0,0.004,0.0,0.0,0.001,0.001,0.005,-0.002,0.0579999999999999,0.565,-0.001,-0.4479999999999999,0.2789999999999999,0.0,17.3,17.33,17.37,30.69,17.18,17.16,17.7,0.001,0.0,0.0,0.0,0.0,0.0,0.0,0.0,0.0,0.0,0.0,0.0,0.0,9.55,9.98,0.0,0.0,0.0,0.0,0.0,0.0,59.95,6000.0,-1.317,-0.2,2.0,0.0,0.2,0.2,-0.0379999999999999,17.97,17.57,17.43,17.65,17.76,17.45,17.2,17.33,17.52,17.52,17.16,17.72,18.79,18.87,26.0,27.0,35.0,17.09,0.0,238.4,30.52,2.0,3.519,-1.0,3.523,6.9,4903
2015-12-24 02:27:00,0.0,0.0,0.0,0.0,0.0,0.0,0.0,289735.0,16.0,0.0,75.59999999999998,59.5,60.0,-0.1,9461.0,1373.0,1378.0,298566.0,-0.0759999999999999,-0.047,0.083,-0.926,0.031,0.0819999999999999,1.0,0.657,272.0,274.0,275.0,275.0,0.818,274.0,0.7909999999999999,274.0,0.8359999999999999,273.0,0.003,13.7,2.0,3.0,0.0,19.15,0.0,-1.15,0.0,0.005,0.0,0.001,0.003,0.003,0.006,-0.001,0.0599999999999999,0.568,0.0,-0.4479999999999999,0.2789999999999999,0.0,17.37,17.34,17.39,28.26,17.23,17.18,17.77,0.0,0.0,0.0,-0.001,0.0,0.0,0.0,0.0,0.0,0.0,0.0,0.0,0.0,9.22,9.53,0.0,0.0,0.0,0.0,0.0,0.0,59.94,6000.0,-1.3330000000000002,-0.2,2.0,0.0,0.2,0.2,-0.0379999999999999,18.0,17.62,17.48,17.7,17.79,17.48,17.25,17.38,17.54,17.56,17.21,17.77,18.81,18.83,26.0,27.0,35.0,17.13,0.0,233.9,65.13,2.0,3.519,-1.0,2.773,4.6,4903
2015-12-24 02:28:00,0.0,0.0,0.0,0.0,0.0,0.0,0.0,289735.0,16.0,0.0,75.59999999999998,59.5,60.0,-0.1,9461.0,1373.0,1378.0,298566.0,-0.0759999999999999,-0.0579999999999999,0.078,-0.926,0.031,0.0819999999999999,1.0,0.665,272.0,274.0,275.0,275.0,0.818,274.0,0.7909999999999999,274.0,0.8359999999999999,273.0,0.003,13.7,2.0,3.0,0.0,19.15,0.0,-1.2,0.0,0.005,0.001,0.001,0.003,0.003,0.006,-0.001,0.062,0.57,0.0,-0.446,0.2789999999999999,0.0,17.38,17.38,17.47,28.39,17.28,17.18,17.77,0.001,0.0,0.001,-0.001,0.0,0.0,0.0,0.0,0.0,0.0,0.0,0.0,0.0,8.82,9.0,0.0,0.0,0.0,0.0,0.0,0.0,59.94,6000.0,-1.4,-0.2,2.0,0.0,0.2,0.2,-0.0379999999999999,18.02,17.64,17.5,17.71,17.78,17.48,17.26,17.41,17.54,17.58,17.24,17.79,18.8,18.83,26.0,27.0,35.0,17.16,0.0,237.0,28.98,2.0,3.517,-1.0,2.3,4.0,4903
2015-12-24 02:29:00,0.0,0.0,0.0,0.0,0.0,0.0,0.0,289735.0,16.0,0.0,75.59999999999998,59.5,60.0,-0.1,9461.0,1373.0,1378.0,298566.0,-0.0759999999999999,-0.0579999999999999,0.055,-0.925,0.031,0.0819999999999999,1.0,0.66,272.0,274.0,275.0,275.0,0.818,274.0,0.7909999999999999,274.0,0.8359999999999999,273.0,0.003,13.7,2.0,3.0,0.0,19.15,0.0,-1.233,0.0,0.005,0.0,0.001,0.002,0.003,0.005,-0.001,0.064,0.572,0.0,-0.4429999999999999,0.2789999999999999,0.0,17.38,17.34,17.47,24.35,17.26,17.18,17.77,0.001,0.0,0.001,0.0,0.0,0.0,0.0,0.0,0.0,0.0,0.0,0.0,0.0,8.64,9.0,0.0,0.0,0.0,0.0,0.0,0.0,59.94,6000.0,-1.5,-0.2,2.0,0.0,0.2,0.2,-0.037,18.03,17.65,17.51,17.71,17.78,17.48,17.25,17.41,17.53,17.58,17.25,17.81,18.78,18.8,26.0,27.0,35.0,17.17,0.0,258.2,32.63,2.0,3.517,-1.0,2.658,6.4,4903
2015-12-24 02:30:00,0.0,0.0,0.0,0.0,0.0,0.0,0.0,289735.0,16.0,0.0,75.59999999999998,59.5,60.0,-0.1,9461.0,1373.0,1378.0,298566.0,-0.0759999999999999,-0.055,0.063,-0.925,0.031,0.0819999999999999,1.0,0.65,272.0,274.0,275.0,275.0,0.818,274.0,0.7909999999999999,274.0,0.8359999999999999,273.0,-0.002,13.63,2.0,1.0,0.0,19.15,0.0,-1.283,0.0,0.005,0.0,0.001,0.002,0.003,0.005,-0.001,0.33,0.7829999999999999,0.0,-0.161,0.278,0.001,17.38,17.36,17.47,26.26,17.26,17.2,17.76,0.001,-0.001,0.001,0.0,0.0,0.0,0.0,0.0,0.0,0.0,0.0,0.0,0.0,8.91,9.05,0.0,0.0,0.0,0.0,0.0,0.0,59.96,6000.0,-1.467,-0.2,2.0,0.0,0.2,0.2,-0.0429999999999999,18.04,17.65,17.52,17.71,17.8,17.48,17.25,17.41,17.53,17.58,17.24,17.81,18.76,18.82,26.0,27.0,35.0,17.17,0.0,241.2,30.93,2.0,3.518,-1.0,2.832,4.5,4903
2015-12-24 02:31:00,0.0,0.0,0.0,0.0,0.0,0.0,0.0,289735.0,16.0,0.0,75.59999999999998,59.5,60.0,-0.1,9461.0,1373.0,1378.0,298566.0,-0.0759999999999999,-0.05,0.055,-0.925,0.031,0.0819999999999999,1.0,0.643,272.0,274.0,275.0,275.0,0.818,274.0,0.7909999999999999,274.0,0.8359999999999999,273.0,0.003,13.7,2.0,3.0,0.0,19.16,0.0,-1.15,0.0,0.005,0.0,0.0,0.002,0.003,0.004,-0.002,0.0559999999999999,0.564,0.0,-0.451,0.2789999999999999,0.0,17.38,17.4,17.47,31.46,17.28,17.23,17.74,0.001,-0.001,0.0,0.0,0.0,0.0,0.0,0.0,0.0,0.0,0.0,0.0,0.0,9.33,9.88,0.0,0.0,0.0,0.0,0.0,0.0,59.96,6000.0,-1.317,-0.2,2.0,0.0,0.2,0.2,-0.0379999999999999,18.02,17.65,17.52,17.71,17.77,17.47,17.25,17.42,17.52,17.57,17.25,17.82,18.76,18.81,26.0,27.0,35.0,17.2,0.0,228.8,22.05,2.0,3.519,-1.0,2.708,5.0,4903
2015-12-24 02:32:00,0.0,0.0,0.0,0.0,0.0,0.0,0.0,289735.0,16.0,0.0,75.59999999999998,59.5,60.0,-0.1,9461.0,1373.0,1378.0,298566.0,-0.0759999999999999,-0.062,0.052,-0.925,0.031,0.0819999999999999,1.0,0.633,272.0,274.0,275.0,275.0,0.818,274.0,0.7909999999999999,274.0,0.8359999999999999,273.0,0.003,13.7,2.0,3.0,0.0,19.17,0.0,-1.033,0.0,0.005,0.0,0.001,0.002,0.003,0.004,-0.002,0.055,0.563,0.0,-0.45,0.2789999999999999,0.0,17.46,17.42,17.47,27.47,17.28,17.28,17.77,0.001,0.0,0.0,0.0,0.0,0.0,0.0,0.0,0.0,0.0,0.0,0.0,0.0,9.69,10.08,0.0,0.0,0.0,0.0,0.0,0.0,59.97,6000.0,-1.267,-0.2,2.0,0.0,0.2,0.2,-0.037,18.02,17.66,17.54,17.72,17.79,17.48,17.27,17.44,17.55,17.59,17.28,17.83,18.76,18.81,26.0,27.0,35.0,17.22,0.0,257.9,24.63,2.0,3.519,-1.0,2.355,3.9,4903
2015-12-24 02:33:00,0.0,0.0,0.0,0.0,0.0,0.0,0.0,289735.0,16.0,0.0,75.59999999999998,59.5,60.0,-0.1,9461.0,1373.0,1378.0,298566.0,-0.0759999999999999,-0.052,0.067,-0.925,0.031,0.0819999999999999,1.0,0.643,272.0,274.0,275.0,275.0,0.818,274.0,0.7909999999999999,274.0,0.8359999999999999,273.0,0.003,13.7,2.0,3.0,0.0,19.17,0.0,-1.2,0.0,0.005,0.0,0.001,0.002,0.003,0.004,-0.002,0.0579999999999999,0.566,0.0,-0.449,0.2789999999999999,0.0,17.46,17.46,17.47,34.43,17.28,17.28,17.77,0.001,0.0,0.001,0.0,0.0,0.0,0.0,0.0,0.0,0.0,0.0,0.0,0.0,10.55,11.0,0.0,0.0,0.0,0.0,0.0,0.0,59.97,6000.0,-1.4169999999999998,-0.2,2.0,0.0,0.2,0.2,-0.0379999999999999,18.03,17.69,17.56,17.73,17.78,17.48,17.27,17.48,17.55,17.61,17.31,17.85,18.77,18.8,26.0,27.0,35.0,17.23,0.0,283.4,15.52,2.0,3.521,-1.0,1.713,3.3,4903
2015-12-24 02:34:00,0.0,0.0,0.0,0.0,0.0,0.0,0.0,289735.0,16.0,0.0,75.59999999999998,59.5,60.0,-0.1,9461.0,1373.0,1378.0,298566.0,-0.0759999999999999,-0.063,0.07,-0.926,0.031,0.0819999999999999,1.0,0.64,272.0,274.0,275.0,275.0,0.818,274.0,0.7909999999999999,274.0,0.8359999999999999,273.0,0.003,13.7,2.0,3.0,0.0,19.18,0.0,-1.133,0.0,0.005,0.0,0.002,0.001,0.003,0.004,-0.001,0.062,0.57,0.0,-0.442,0.2789999999999999,0.0,17.46,17.48,17.52,33.61,17.29,17.28,17.77,0.001,-0.001,0.001,0.0,0.0,0.0,0.0,0.0,0.0,0.0,0.0,0.0,0.0,10.48,11.0,0.0,0.0,0.0,0.0,0.0,0.0,59.96,6000.0,-1.45,-0.2,2.0,0.0,0.2,0.2,-0.0379999999999999,18.04,17.71,17.59,17.76,17.79,17.53,17.3,17.52,17.58,17.64,17.35,17.88,18.74,18.81,26.0,27.0,35.0,17.25,0.0,242.8,34.47,2.0,3.521,-1.0,2.628,4.9,4903
2015-12-24 02:35:00,0.0,0.0,0.0,0.0,0.0,0.0,0.0,289735.0,16.0,0.0,75.59999999999998,59.5,60.0,-0.1019999999999999,9461.0,1373.0,1378.0,298566.0,-0.0759999999999999,-0.048,0.0729999999999999,-0.926,0.031,0.0819999999999999,1.0,0.64,272.0,274.0,275.0,275.1,0.818,274.0,0.7909999999999999,274.0,0.8359999999999999,273.1,0.002,13.7,2.0,3.0,0.0,19.18,0.0,-1.15,0.0,0.005,0.0,0.002,0.002,0.003,0.004,-0.001,0.39,0.844,0.0,-0.1119999999999999,0.2789999999999999,0.001,17.48,17.45,17.57,25.62,17.34,17.34,17.77,0.001,0.0,0.0,0.0,0.0,0.0,0.0,0.0,0.0,0.0,0.0,0.0,0.0,10.47,11.0,0.0,0.0,0.0,0.0,0.0,0.0,59.97,6000.0,-1.483,-0.2,2.0,0.0,0.2,0.2,-0.0379999999999999,18.03,17.72,17.59,17.77,17.84,17.52,17.31,17.53,17.6,17.66,17.36,17.88,18.75,18.79,26.0,27.0,35.0,17.28,0.0,252.8,27.33,2.0,3.521,-1.0,2.942,5.9,4903
2015-12-24 02:36:00,0.0,0.0,0.0,0.0,0.0,0.0,0.0,289735.0,16.0,0.0,75.59999999999998,59.5,60.0,-0.1,9461.0,1373.0,1378.0,298566.0,-0.0759999999999999,-0.062,0.0579999999999999,-0.926,0.031,0.0819999999999999,1.0,0.627,272.0,274.0,275.0,275.0,0.818,274.0,0.7909999999999999,274.0,0.8359999999999999,273.0,0.004,13.53,2.0,3.0,0.0,19.18,0.0,-1.267,0.0,0.0069999999999999,0.002,0.002,0.002,0.003,0.004,0.0,0.069,0.573,0.0,-0.432,0.278,0.001,17.48,17.46,17.57,22.98,17.37,17.37,17.83,0.001,0.0,0.001,-0.001,0.0,0.0,0.0,0.0,0.0,0.0,0.0,0.0,0.0,10.69,11.0,0.0,0.0,0.0,0.0,0.0,0.0,59.97,6000.0,-1.433,-0.2,2.0,0.0,0.2,0.2,-0.0379999999999999,18.05,17.74,17.62,17.8,17.86,17.56,17.34,17.56,17.64,17.69,17.39,17.91,18.74,18.78,26.0,27.0,35.0,17.32,0.0,227.9,18.86,2.0,3.519,-1.0,3.405,5.0,4903
2015-12-24 02:37:00,0.0,0.0,0.0,0.0,0.0,0.0,0.0,289735.0,16.0,0.0,75.59999999999998,59.5,60.0,-0.1,9461.0,1373.0,1378.0,298566.0,-0.0759999999999999,-0.0599999999999999,0.088,-0.925,0.031,0.0819999999999999,1.0,0.647,272.0,274.0,275.0,275.0,0.818,274.0,0.7909999999999999,274.0,0.8359999999999999,273.0,0.003,13.7,2.0,3.0,0.0,19.18,0.0,-1.233,0.0,0.0069999999999999,0.003,0.002,0.002,0.003,0.004,0.0,0.062,0.57,0.0,-0.444,0.2789999999999999,0.0,17.49,17.46,17.6,28.39,17.37,17.37,17.87,0.001,0.0,0.0,0.0,0.0,0.0,0.0,0.0,0.0,0.0,0.0,0.0,0.0,10.35,10.82,0.0,0.0,0.0,0.0,0.0,0.0,59.95,6000.0,-1.433,-0.2,2.0,0.0,0.2,0.2,-0.0379999999999999,18.07,17.75,17.62,17.81,17.86,17.56,17.35,17.58,17.64,17.7,17.41,17.92,18.73,18.77,26.0,27.0,35.0,17.33,0.0,278.5,38.37,2.0,3.519,-1.0,1.46,3.0,4903
2015-12-24 02:38:00,0.0,0.0,0.0,0.0,0.0,0.0,0.0,289735.0,16.0,0.0,75.59999999999998,59.5,60.0,-0.1019999999999999,9461.0,1373.0,1378.0,298566.0,-0.0759999999999999,-0.068,0.067,-0.925,0.031,0.0819999999999999,1.0,0.637,272.0,274.0,275.0,275.0,0.818,274.0,0.7909999999999999,274.0,0.8359999999999999,273.0,0.003,13.7,2.0,3.0,0.0,19.18,0.0,-1.217,0.0,0.006,0.002,0.002,0.001,0.003,0.005,0.0,0.057,0.564,0.0,-0.449,0.2789999999999999,0.0,17.48,17.51,17.58,27.16,17.37,17.37,17.87,0.001,0.0,0.001,-0.001,0.0,0.0,0.0,0.0,0.0,0.0,0.0,0.0,0.0,9.5,10.0,0.0,0.0,0.0,0.0,0.0,0.0,59.96,6000.0,-1.467,-0.2,2.0,0.0,0.2,0.2,-0.0379999999999999,18.06,17.75,17.63,17.8,17.88,17.55,17.34,17.59,17.63,17.7,17.42,17.93,18.69,18.72,26.0,27.0,35.0,17.32,0.0,231.5,44.69,2.0,3.519,-1.0,1.385,2.4,4903
2015-12-24 02:39:00,0.0,0.0,0.0,0.0,0.0,0.0,0.0,289735.0,16.0,0.0,75.59999999999998,59.5,60.0,-0.1019999999999999,9461.0,1373.0,1378.0,298566.0,-0.0759999999999999,-0.0599999999999999,0.0599999999999999,-0.925,0.031,0.0819999999999999,1.0,0.628,272.0,274.0,275.0,275.0,0.818,274.0,0.7909999999999999,274.0,0.8359999999999999,273.1,0.003,13.7,2.0,3.0,0.0,19.18,0.0,-1.183,0.0,0.005,0.0,0.002,0.0,0.003,0.004,-0.001,0.0559999999999999,0.563,0.0,-0.452,0.2789999999999999,0.0,17.49,17.48,17.57,24.09,17.37,17.37,17.87,0.001,0.0,0.001,0.0,0.0,0.0,0.0,0.0,0.0,0.0,0.0,0.0,0.0,9.7,10.0,0.0,0.0,0.0,0.0,0.0,0.0,59.96,6000.0,-1.35,-0.2,2.0,0.0,0.2,0.2,-0.0379999999999999,18.04,17.74,17.6,17.79,17.85,17.55,17.33,17.59,17.63,17.7,17.41,17.9,18.7,18.78,26.0,27.0,35.0,17.32,0.0,221.6,25.17,2.0,3.519,-1.0,3.068,4.9,4903
2015-12-24 02:40:00,0.0,0.0,0.0,0.0,0.0,0.0,0.0,289735.0,16.0,0.0,75.59999999999998,59.5,60.0,-0.1,9461.0,1373.0,1378.0,298566.0,-0.0759999999999999,-0.0599999999999999,0.065,-0.925,0.031,0.0819999999999999,1.0,0.642,272.0,274.0,275.0,275.0,0.818,274.0,0.7909999999999999,274.0,0.8359999999999999,273.0,0.003,13.7,2.0,3.0,0.0,19.18,0.0,-1.267,0.0,0.005,0.003,0.002,0.0,0.003,0.004,0.0,0.0529999999999999,0.561,0.0,-0.455,0.2789999999999999,0.0,17.56,17.52,17.62,28.9,17.41,17.37,17.87,0.001,0.0,0.001,0.0,0.0,0.0,0.0,0.0,0.0,0.0,0.0,0.0,0.0,10.2,10.87,0.0,0.0,0.0,0.0,0.0,0.0,59.96,6000.0,-1.45,-0.2,2.0,0.0,0.2,0.2,-0.0379999999999999,18.07,17.76,17.63,17.82,17.88,17.57,17.36,17.62,17.65,17.73,17.45,17.93,18.77,18.87,26.0,27.0,35.0,17.34,0.0,203.3,45.0,2.0,3.519,-1.0,3.2230000000000003,7.0,4903
2015-12-24 02:41:00,0.0,0.0,0.0,0.0,0.0,0.0,0.0,289735.0,16.0,0.0,75.59999999999998,59.5,60.0,-0.1,9461.0,1373.0,1378.0,298566.0,-0.0759999999999999,-0.0529999999999999,0.08,-0.925,0.031,0.0819999999999999,1.0,0.632,272.0,274.0,275.0,275.0,0.818,274.0,0.7909999999999999,274.0,0.8359999999999999,273.1,0.003,13.52,2.0,1.0,0.0,19.2,0.0,-1.183,0.0,0.005,0.003,0.003,0.0,0.003,0.004,0.0,0.257,0.7409999999999999,0.0,-0.223,0.278,0.001,17.57,17.52,17.66,29.71,17.47,17.37,17.87,0.001,0.0,0.001,0.0,0.0,0.0,0.0,0.0,0.0,0.0,0.0,0.0,0.0,10.82,11.03,0.0,0.0,0.0,0.0,0.0,0.0,59.96,6000.0,-1.4,-0.2,2.0,0.0,0.2,0.2,-0.0379999999999999,18.09,17.78,17.65,17.84,17.92,17.57,17.38,17.63,17.67,17.75,17.46,17.95,18.77,18.85,26.0,27.0,35.0,17.36,0.0,288.4,30.44,2.0,3.519,-1.0,1.92,3.1,4903
2015-12-24 02:42:00,0.0,0.0,0.0,0.0,0.0,0.0,0.0,289735.0,16.0,0.0,75.59999999999998,59.5,60.0,-0.1,9461.0,1373.0,1378.0,298566.0,-0.0759999999999999,-0.0529999999999999,0.0529999999999999,-0.925,0.031,0.0819999999999999,1.0,0.63,272.0,274.0,275.0,275.0,0.818,274.0,0.7909999999999999,274.0,0.8359999999999999,273.0,0.003,13.7,2.0,3.0,0.0,19.2,0.0,-1.083,0.0,0.006,0.003,0.003,-0.001,0.003,0.004,0.0,0.055,0.562,0.0,-0.4529999999999999,0.2789999999999999,0.0,17.57,17.57,17.66,32.79,17.47,17.44,17.87,0.001,-0.001,0.0,0.0,0.0,0.0,0.0,0.0,0.0,0.0,0.0,0.0,0.0,11.07,11.2,0.0,0.0,0.0,0.0,0.0,0.0,59.95,6000.0,-1.367,-0.2,2.0,0.0,0.2,0.2,-0.0379999999999999,18.13,17.81,17.68,17.86,17.9,17.6,17.4,17.66,17.7,17.77,17.49,17.98,18.77,18.85,26.0,27.0,35.0,17.38,0.0,207.4,49.48,2.0,3.519,-1.0,3.033,8.699999999999998,4903
2015-12-24 02:43:00,0.0,0.0,0.0,0.0,0.0,0.0,0.0,289735.0,16.0,0.0,75.59999999999998,59.5,60.0,-0.1019999999999999,9461.0,1373.0,1378.0,298566.0,-0.0759999999999999,-0.062,0.068,-0.925,0.031,0.0819999999999999,1.0,0.627,272.0,274.0,275.0,275.0,0.818,274.0,0.7909999999999999,274.0,0.8359999999999999,273.0,0.003,13.7,2.0,3.0,0.0,19.21,0.0,-1.5830000000000002,0.0,0.006,0.003,0.003,0.0,0.003,0.005,0.0,0.057,0.565,0.0,-0.451,0.2789999999999999,0.0,17.64,17.65,17.66,25.43,17.47,17.47,17.87,0.001,0.0,0.0,0.0,0.0,0.0,0.0,0.0,0.0,0.0,0.0,0.0,0.0,10.55,11.0,0.0,0.0,0.0,0.0,0.0,0.0,59.97,6000.0,-1.5,-0.2,2.0,0.0,0.2,0.2,-0.0379999999999999,18.14,17.82,17.69,17.88,17.93,17.61,17.41,17.69,17.71,17.79,17.51,17.99,18.77,18.85,26.0,27.0,35.0,17.41,0.0,258.5,36.38,2.0,3.519,-1.0,3.455,5.9,4903
2015-12-24 02:44:00,0.0,0.0,0.0,0.0,0.0,0.0,0.0,289735.0,16.0,0.0,75.59999999999998,59.5,60.0,-0.1019999999999999,9461.0,1373.0,1378.0,298566.0,-0.0759999999999999,-0.057,0.0749999999999999,-0.925,0.031,0.0819999999999999,1.0,0.637,272.0,274.0,275.0,275.0,0.818,274.0,0.7909999999999999,274.0,0.8359999999999999,273.0,0.003,13.7,2.0,3.0,0.0,19.21,0.0,-1.767,0.0,0.0069999999999999,0.003,0.004,0.0,0.003,0.005,0.0,0.059,0.567,0.0,-0.449,0.2789999999999999,0.0,17.67,17.67,17.75,30.65,17.5,17.5,17.88,0.001,0.0,0.001,0.0,0.0,0.0,0.0,0.0,0.0,0.0,0.0,0.0,0.0,10.19,10.58,0.0,0.0,0.0,0.0,0.0,0.0,59.95,6000.0,-1.6669999999999998,-0.2,2.0,0.0,0.2,0.2,-0.0379999999999999,18.23,17.86,17.72,17.9,17.97,17.64,17.44,17.72,17.76,17.83,17.54,18.02,18.82,18.91,26.0,27.0,35.0,17.45,0.0,244.1,20.43,2.0,3.519,-1.0,4.46,7.5,4903
2015-12-24 02:45:00,0.0,0.0,0.0,0.0,0.0,0.0,0.0,289735.0,16.0,0.0,75.59999999999998,59.5,60.0,-0.1,9461.0,1373.0,1378.0,298566.0,-0.0759999999999999,-0.0579999999999999,0.062,-0.925,0.031,0.0819999999999999,1.0,0.662,272.0,274.0,275.0,275.0,0.818,274.0,0.7909999999999999,274.0,0.8359999999999999,273.0,0.003,13.7,2.0,3.0,0.0,19.21,0.0,-1.65,0.0,0.008,0.003,0.004,-0.001,0.003,0.005,0.001,0.057,0.565,0.0,-0.45,0.2789999999999999,0.0,17.67,17.63,17.76,25.84,17.57,17.57,17.96,0.001,0.0,0.0,0.0,0.0,0.0,0.0,0.0,0.0,0.0,0.0,0.0,0.0,9.840000000000002,10.0,0.0,0.0,0.0,0.0,0.0,0.0,59.95,6000.0,-1.6,-0.2,2.0,0.0,0.2,0.2,-0.0379999999999999,18.22,17.9,17.75,17.93,18.0,17.67,17.46,17.73,17.76,17.84,17.55,18.05,18.84,18.88,26.0,27.0,35.0,17.48,0.0,255.7,32.67,2.0,3.519,-1.0,3.017,5.7,4903
2015-12-24 02:46:00,0.0,0.0,0.0,0.0,0.0,0.0,0.0,289735.0,16.0,0.0,75.59999999999998,59.5,60.0,-0.1019999999999999,9461.0,1373.0,1378.0,298566.0,-0.0759999999999999,-0.0529999999999999,0.055,-0.925,0.031,0.0819999999999999,1.0,0.652,272.0,274.0,275.0,275.0,0.818,274.0,0.7909999999999999,274.0,0.8359999999999999,273.0,-0.0069999999999999,13.59,2.0,1.0,0.0,19.21,0.0,-1.8,0.0,0.0069999999999999,0.003,0.004,-0.001,0.003,0.006,0.001,0.3499999999999999,0.794,0.0,-0.1409999999999999,0.278,0.001,17.67,17.67,17.76,26.05,17.57,17.57,17.96,0.001,0.0,0.0,0.0,0.0,0.0,0.0,0.0,0.0,0.0,0.0,0.0,0.0,9.52,9.8,0.0,0.0,0.0,0.0,0.0,0.0,59.95,6000.0,-1.567,-0.2,2.0,0.0,0.2,0.2,-0.0379999999999999,18.23,17.9,17.75,17.94,18.02,17.67,17.47,17.74,17.75,17.84,17.56,18.06,18.85,18.91,26.0,27.0,35.0,17.48,0.0,252.9,35.93,2.0,3.519,-1.0,3.527,5.7,4903
2015-12-24 02:47:00,0.0,0.0,0.0,0.0,0.0,0.0,0.0,289735.0,16.0,0.0,75.59999999999998,59.5,60.0,-0.105,9461.0,1373.0,1378.0,298566.0,-0.0759999999999999,-0.062,0.078,-0.925,0.031,0.0819999999999999,1.0,0.642,272.0,274.0,275.0,275.1,0.818,274.0,0.7909999999999999,274.0,0.8359999999999999,273.2,0.013,13.59,2.0,3.0,0.0,19.22,0.0,-1.717,0.0,0.0069999999999999,0.003,0.003,-0.002,0.003,0.005,0.001,0.0459999999999999,0.5529999999999999,0.0,-0.46,0.2789999999999999,0.0,17.67,17.61,17.76,29.08,17.57,17.57,17.96,0.001,0.0,0.0,0.0,0.0,0.0,0.0,0.0,0.0,0.0,0.0,0.0,0.0,9.420000000000002,9.77,0.0,0.0,0.0,0.0,0.0,0.0,59.96,6000.0,-1.533,-0.2,2.0,0.0,0.2,0.2,-0.0379999999999999,18.23,17.92,17.77,17.95,18.01,17.68,17.48,17.75,17.78,17.86,17.57,18.08,18.86,18.92,26.0,27.0,35.0,17.49,0.0,246.5,21.01,2.0,3.519,-1.0,3.167,5.8,4903
2015-12-24 02:48:00,0.0,0.0,0.0,0.0,0.0,0.0,0.0,289735.0,16.0,0.0,75.59999999999998,59.5,60.0,-0.107,9461.0,1373.0,1378.0,298566.0,-0.0759999999999999,-0.0579999999999999,0.072,-0.925,0.031,0.0819999999999999,1.0,0.65,272.0,274.0,275.0,275.1,0.818,274.0,0.7909999999999999,274.0,0.8359999999999999,273.2,0.003,13.7,2.0,3.0,0.0,19.23,0.0,-1.6,0.0,0.0069999999999999,0.003,0.003,-0.002,0.003,0.004,0.001,0.042,0.55,0.0,-0.4639999999999999,0.2789999999999999,0.0,17.67,17.64,17.76,27.3,17.57,17.57,17.96,0.0,0.0,0.0,-0.001,0.0,0.0,0.0,0.0,0.0,0.0,0.0,0.0,0.0,9.22,9.47,0.0,0.0,0.0,0.0,0.0,0.0,59.97,6000.0,-1.717,-0.2,2.0,0.0,0.2,0.2,-0.0379999999999999,18.24,17.94,17.79,17.95,18.0,17.67,17.48,17.76,17.78,17.86,17.57,18.1,18.83,18.88,26.0,27.0,35.0,17.49,0.0,247.8,63.94,2.0,3.519,-1.0,2.028,3.5,4903
2015-12-24 02:49:00,0.0,0.0,0.0,0.0,0.0,0.0,0.0,289735.0,16.0,0.0,75.59999999999998,59.5,60.0,-0.1,9461.0,1373.0,1378.0,298566.0,-0.0759999999999999,-0.052,0.0579999999999999,-0.925,0.031,0.0819999999999999,1.0,0.648,272.0,274.0,275.0,275.1,0.818,274.0,0.7909999999999999,274.0,0.8359999999999999,273.3,0.003,13.7,2.0,3.0,0.0,19.23,0.0,-1.533,0.0,0.005,0.002,0.002,-0.003,0.003,0.003,0.0,0.04,0.5479999999999999,-0.001,-0.4679999999999999,0.2789999999999999,0.0,17.64,17.62,17.76,27.75,17.52,17.54,17.96,0.001,-0.001,0.0,-0.001,0.0,0.0,0.0,0.0,0.0,0.0,0.0,0.0,0.0,8.439999999999998,9.0,0.0,0.0,0.0,0.0,0.0,0.0,59.97,6000.0,-1.617,-0.2,2.0,0.0,0.2,0.2,-0.0379999999999999,18.2,17.91,17.76,17.92,17.98,17.64,17.44,17.74,17.78,17.83,17.55,18.07,18.79,18.83,26.0,27.0,35.0,17.46,0.0,219.4,29.08,2.0,3.518,-1.0,2.298,4.3,4903
2015-12-24 02:50:00,0.0,0.0,0.0,0.0,0.0,0.0,0.0,289735.0,16.0,0.0,75.59999999999998,59.5,60.0,-0.1,9461.0,1373.0,1378.0,298566.0,-0.0759999999999999,-0.0429999999999999,0.072,-0.925,0.031,0.0819999999999999,1.0,0.62,271.9,273.6,274.6,275.0,0.818,273.9,0.7909999999999999,273.9,0.8359999999999999,273.1,0.003,13.7,2.0,3.0,0.0,19.23,0.0,-1.083,0.0,0.004,0.0,0.001,-0.004,0.002,0.002,-0.001,0.0409999999999999,0.5479999999999999,-0.003,-0.467,0.2789999999999999,0.0,17.57,17.62,17.74,33.28,17.47,17.47,17.92,0.0,-0.001,0.001,0.0,0.0,0.0,0.0,0.0,0.0,0.0,0.0,0.0,0.0,8.38,9.0,0.0,0.0,0.0,0.0,0.0,0.0,59.96,6000.0,-1.35,-0.2,2.0,0.0,0.2,0.2,-0.0379999999999999,18.16,17.87,17.72,17.88,17.92,17.61,17.4,17.7,17.74,17.79,17.51,18.02,18.77,18.82,26.0,27.0,35.0,17.42,0.0,242.5,57.93,2.0,3.519,-1.0,1.132,2.1,4903
2015-12-24 02:51:00,0.0,0.0,0.0,0.0,0.0,0.0,0.0,289735.0,16.0,0.0,75.59999999999998,59.5,60.0,-0.1019999999999999,9461.0,1373.0,1378.0,298566.0,-0.0749999999999999,-0.0379999999999999,0.0579999999999999,-0.925,0.031,0.0819999999999999,1.0,0.62,272.0,273.3,274.3,275.0,0.818,274.0,0.7909999999999999,274.0,0.8359999999999999,273.0,0.003,13.7,2.0,3.0,0.0,19.23,0.0,-1.2,0.0,0.003,0.0,0.0,-0.005,0.0,0.001,-0.002,0.0509999999999999,0.5589999999999999,-0.003,-0.4539999999999999,0.2789999999999999,0.0,17.56,17.49,17.66,61.91,17.44,17.47,17.87,0.001,0.0,0.001,-0.001,0.0,0.0,0.0,0.0,0.0,0.0,0.0,0.0,0.0,8.66,9.0,0.0,0.0,0.0,0.0,0.0,0.0,59.95,6000.0,-1.4,-0.2,2.0,0.0,0.2,0.2,-0.0379999999999999,18.15,17.86,17.7,17.86,17.92,17.59,17.39,17.68,17.71,17.77,17.49,18.01,18.76,18.78,26.0,27.0,35.0,17.37,0.0,289.0,25.77,2.0,3.518,-1.0,3.315,6.5,4903
2015-12-24 02:52:00,0.0,0.0,0.0,0.0,0.0,0.0,0.0,289735.0,16.0,0.0,75.59999999999998,59.5,60.0,-0.1,9461.0,1373.0,1378.0,298566.0,-0.0759999999999999,-0.0429999999999999,0.0449999999999999,-0.925,0.031,0.0819999999999999,1.0,0.638,272.0,273.5,274.5,275.0,0.818,274.0,0.7909999999999999,274.0,0.8359999999999999,273.0,0.003,13.5,2.0,3.0,0.0,19.23,0.0,-1.05,0.0,0.001,0.0,0.0,-0.006,0.0,0.001,-0.001,0.3679999999999999,0.827,-0.003,-0.122,0.278,0.001,17.48,17.49,17.63,26.47,17.37,17.39,17.87,0.001,-0.001,0.001,-0.001,0.0,0.0,0.0,0.0,0.0,0.0,0.0,0.0,0.0,8.87,9.05,0.0,0.0,0.0,0.0,0.0,0.0,59.96,6000.0,-1.317,-0.2,2.0,0.0,0.2,0.2,-0.0379999999999999,18.15,17.86,17.7,17.86,17.91,17.58,17.38,17.66,17.69,17.75,17.47,18.01,18.75,18.77,26.0,27.0,35.0,17.33,0.0,283.2,45.58,2.0,3.519,-1.0,1.713,4.3,4903
2015-12-24 02:53:00,0.0,0.0,0.0,0.0,0.0,0.0,0.0,289735.0,16.0,0.0,75.59999999999998,59.5,60.0,-0.1,9461.0,1373.0,1378.0,298566.0,-0.0759999999999999,-0.0579999999999999,0.078,-0.925,0.031,0.0819999999999999,1.0,0.627,272.0,273.6,274.6,275.0,0.818,274.0,0.7909999999999999,274.0,0.8359999999999999,273.0,0.003,13.7,2.0,3.0,0.0,19.23,0.0,-1.117,0.0,0.002,-0.003,-0.001,-0.006,0.0,0.0,-0.002,0.048,0.5579999999999999,-0.003,-0.456,0.2789999999999999,0.0,17.48,17.46,17.6,30.53,17.37,17.37,17.87,0.001,0.0,0.0,0.0,0.0,0.0,0.0,0.0,0.0,0.0,0.0,0.0,0.0,8.21,8.849999999999998,0.0,0.0,0.0,0.0,0.0,0.0,59.96,6000.0,-1.367,-0.2,2.0,0.0,0.2,0.2,-0.0379999999999999,18.12,17.83,17.67,17.83,17.88,17.57,17.36,17.63,17.65,17.73,17.45,17.98,18.75,18.78,26.0,27.0,35.0,17.31,0.0,250.2,41.37,2.0,3.519,-1.0,2.165,5.3,4903
2015-12-24 02:54:00,0.0,0.0,0.0,0.0,0.0,0.0,0.0,289735.0,16.0,0.0,75.59999999999998,59.5,60.0,-0.1,9461.0,1373.0,1378.0,298566.0,-0.0749999999999999,-0.067,0.0729999999999999,-0.925,0.031,0.0819999999999999,1.0,0.632,272.0,273.8,274.8,275.0,0.818,274.0,0.7909999999999999,274.0,0.8359999999999999,273.0,0.003,13.7,2.0,3.0,0.0,19.25,0.0,-1.083,0.0,0.001,-0.003,-0.001,-0.0069999999999999,0.0,0.0,-0.002,0.0459999999999999,0.5539999999999999,-0.003,-0.457,0.2789999999999999,0.0,17.48,17.39,17.57,26.48,17.37,17.37,17.84,0.001,-0.001,0.001,0.0,0.0,0.0,0.0,0.0,0.0,0.0,0.0,0.0,0.0,7.92,8.23,0.0,0.0,0.0,0.0,0.0,0.0,59.96,6000.0,-1.283,-0.2,2.0,0.0,0.2,0.2,-0.0379999999999999,18.13,17.82,17.65,17.81,17.91,17.56,17.34,17.61,17.64,17.72,17.43,17.96,18.73,18.79,26.0,27.0,35.0,17.29,0.0,239.7,50.64,2.0,3.519,-1.0,2.842,7.2,4903
2015-12-24 02:55:00,0.0,0.0,0.0,0.0,0.0,0.0,0.0,289735.0,16.0,0.0,75.59999999999998,59.5,60.0,-0.1,9461.0,1373.0,1378.0,298566.0,-0.0749999999999999,-0.0529999999999999,0.047,-0.925,0.031,0.0819999999999999,1.0,0.628,272.0,273.5,274.5,275.0,0.818,274.0,0.7909999999999999,274.0,0.8359999999999999,273.0,0.003,13.7,2.0,3.0,0.0,19.26,0.0,-1.017,0.0,0.002,-0.003,-0.001,-0.006,0.0,0.0,-0.002,0.0429999999999999,0.551,-0.003,-0.465,0.2789999999999999,0.0,17.48,17.41,17.57,27.22,17.36,17.37,17.8,0.001,0.0,0.001,0.0,0.0,0.0,0.0,0.0,0.0,0.0,0.0,0.0,0.0,7.831,8.07,0.0,0.0,0.0,0.0,0.0,0.0,59.96,6000.0,-1.183,-0.2,2.0,0.0,0.2,0.2,-0.0379999999999999,18.12,17.83,17.65,17.81,17.9,17.56,17.34,17.6,17.64,17.7,17.42,17.96,18.77,18.85,26.0,27.0,35.0,17.29,0.0,205.3,35.04,2.0,3.519,-1.0,3.923,8.0,4903
2015-12-24 02:56:00,0.0,0.0,0.0,0.0,0.0,0.0,0.0,289735.0,16.0,0.0,75.59999999999998,59.5,60.0,-0.1,9461.0,1373.0,1378.0,298566.0,-0.0749999999999999,-0.0379999999999999,0.067,-0.925,0.031,0.0819999999999999,1.0,0.6169999999999999,272.0,273.6,274.6,275.0,0.818,274.0,0.7909999999999999,274.0,0.8359999999999999,273.0,0.003,13.7,2.0,3.0,0.0,19.26,0.0,-1.033,0.0,0.002,-0.001,-0.001,-0.006,0.0,0.0,-0.002,0.044,0.551,-0.003,-0.462,0.2789999999999999,0.0,17.48,17.4,17.57,32.6,17.36,17.37,17.77,0.0,-0.001,0.0,0.0,0.0,0.0,0.0,0.0,0.0,0.0,0.0,0.0,0.0,8.21,8.9,0.0,0.0,0.0,0.0,0.0,0.0,59.97,6000.0,-1.233,-0.2,2.0,0.0,0.2,0.2,-0.0379999999999999,18.12,17.8,17.63,17.79,17.87,17.53,17.31,17.57,17.62,17.68,17.38,17.94,18.78,18.82,26.0,27.0,35.0,17.28,0.0,230.0,46.45,2.0,3.519,-1.0,2.623,5.4,4903
2015-12-24 02:57:00,0.0,0.0,0.0,0.0,0.0,0.0,0.0,289735.0,16.0,0.0,75.59999999999998,59.5,60.0,-0.1,9461.0,1373.0,1378.0,298566.0,-0.0749999999999999,-0.0529999999999999,0.0769999999999999,-0.925,0.031,0.0819999999999999,1.0,0.632,272.0,273.7,274.7,275.0,0.818,274.0,0.7909999999999999,274.0,0.8359999999999999,273.0,0.002,13.56,2.0,1.0,0.0,19.26,0.0,-1.567,0.0,0.003,0.0,-0.001,-0.006,0.0,0.0,-0.001,0.432,0.895,-0.003,-0.0529999999999999,0.278,0.001,17.48,17.41,17.57,114.5,17.37,17.37,17.77,0.001,0.0,0.001,0.0,0.0,0.0,0.0,0.0,0.0,0.0,0.0,0.0,0.0,8.519999999999998,9.0,0.0,0.0,0.0,0.0,0.0,0.0,59.97,6000.0,-1.533,-0.2,2.0,0.0,0.2,0.2,-0.0379999999999999,18.15,17.81,17.63,17.79,17.91,17.55,17.32,17.57,17.66,17.69,17.38,17.94,18.81,18.88,26.0,27.0,35.0,17.3,0.0,263.5,39.38,2.0,3.519,-1.0,3.425,8.699999999999998,4903
2015-12-24 02:58:00,0.0,0.0,0.0,0.0,0.0,0.0,0.0,289735.0,16.0,0.0,75.59999999999998,59.5,60.0,-0.1,9461.0,1373.0,1378.0,298566.0,-0.0759999999999999,-0.055,0.0579999999999999,-0.925,0.031,0.0819999999999999,1.0,0.642,272.0,273.6,274.6,275.0,0.818,274.0,0.7909999999999999,274.0,0.8359999999999999,273.0,0.003,13.7,2.0,3.0,0.0,19.26,0.0,-1.5,0.0,0.003,0.0,-0.001,-0.005,0.0,0.001,-0.001,0.049,0.557,-0.003,-0.4589999999999999,0.2789999999999999,0.0,17.48,17.47,17.57,35.43,17.37,17.37,17.83,0.001,0.0,0.0,0.0,0.0,0.0,0.0,0.0,0.0,0.0,0.0,0.0,0.0,8.05,8.449999999999998,0.0,0.0,0.0,0.0,0.0,0.0,59.96,6000.0,-1.6,-0.2,2.0,0.0,0.2,0.2,-0.0379999999999999,18.17,17.84,17.67,17.82,17.93,17.56,17.35,17.6,17.67,17.73,17.42,17.97,18.82,18.89,26.0,27.0,35.0,17.31,0.0,274.1,55.4,2.0,3.519,-1.0,2.628,5.3,4903
2015-12-24 02:59:00,0.0,0.0,0.0,0.0,0.0,0.0,0.0,289735.0,16.0,0.0,75.59999999999998,59.5,60.0,-0.1,9461.0,1373.0,1378.0,298566.0,-0.0759999999999999,-0.0529999999999999,0.0599999999999999,-0.925,0.031,0.0819999999999999,1.0,0.63,272.0,273.9,274.9,275.0,0.818,274.0,0.7909999999999999,274.0,0.8359999999999999,273.0,0.003,13.7,2.0,3.0,0.0,19.28,0.0,-1.0,0.0,0.003,0.0,0.0,-0.005,0.0,0.001,0.0,0.049,0.557,-0.003,-0.4579999999999999,0.2789999999999999,0.0,17.48,17.46,17.57,26.9,17.37,17.37,17.8,0.001,-0.001,0.0,-0.001,0.0,0.0,0.0,0.0,0.0,0.0,0.0,0.0,0.0,7.84,8.15,0.0,0.0,0.0,0.0,0.0,0.0,59.97,6000.0,-1.233,-0.2,2.0,0.0,0.2,0.2,-0.0379999999999999,18.15,17.83,17.66,17.81,17.91,17.57,17.34,17.59,17.67,17.73,17.41,17.97,18.78,18.82,26.0,27.0,35.0,17.29,0.0,246.5,38.01,2.0,3.521,-1.0,2.987,6.4,4903
2015-12-24 03:00:00,0.0,0.0,0.0,0.0,0.0,0.0,0.0,289735.0,16.0,0.0,75.59999999999998,59.5,60.0,-0.1,9461.0,1373.0,1378.0,298566.0,-0.0759999999999999,-0.048,0.078,-0.925,0.031,0.0819999999999999,1.0,0.628,272.0,274.0,275.0,275.0,0.818,274.0,0.7909999999999999,274.0,0.8359999999999999,273.0,0.003,13.7,2.0,3.0,0.0,19.28,0.0,-1.3330000000000002,0.0,0.002,0.0,0.0,-0.006,0.0,0.001,-0.001,0.049,0.557,-0.003,-0.4579999999999999,0.2789999999999999,0.0,17.48,17.37,17.57,26.69,17.37,17.37,17.77,0.001,0.0,0.001,-0.001,0.0,0.0,0.0,0.0,0.0,0.0,0.0,0.0,0.0,7.966,8.32,0.0,0.0,0.0,0.0,0.0,0.0,59.96,6000.0,-1.3,-0.2,2.0,0.0,0.2,0.2,-0.0379999999999999,18.18,17.83,17.65,17.81,17.93,17.57,17.34,17.58,17.66,17.73,17.4,17.96,18.85,18.88,26.0,27.0,35.0,17.27,0.0,229.0,66.22,2.0,3.521,-1.0,2.92,6.1,4903
2015-12-24 03:01:00,0.0,0.0,0.0,0.0,0.0,0.0,0.0,289735.0,16.0,0.0,75.59999999999998,59.5,60.0,-0.1,9461.0,1373.0,1378.0,298566.0,-0.0749999999999999,-0.0429999999999999,0.057,-0.925,0.031,0.0819999999999999,1.0,0.623,272.0,273.6,274.6,275.0,0.818,274.0,0.7909999999999999,274.0,0.8359999999999999,273.0,0.003,13.7,2.0,3.0,0.0,19.28,0.0,-1.4,0.0,0.002,0.0,-0.001,-0.006,0.0,0.0,-0.001,0.0449999999999999,0.5529999999999999,-0.003,-0.462,0.2789999999999999,0.0,17.48,17.37,17.57,28.65,17.37,17.37,17.77,0.001,0.0,0.001,0.0,0.0,0.0,0.0,0.0,0.0,0.0,0.0,0.0,0.0,7.777999999999999,8.08,0.0,0.0,0.0,0.0,0.0,0.0,59.95,6000.0,-1.317,-0.2,2.0,0.0,0.2,0.2,-0.0379999999999999,18.14,17.83,17.64,17.79,17.88,17.55,17.32,17.57,17.68,17.71,17.38,17.95,18.85,18.86,26.0,27.0,35.0,17.27,0.0,220.0,27.54,2.0,3.519,-1.0,2.997,6.2,4903
2015-12-24 03:02:00,0.0,0.0,0.0,0.0,0.0,0.0,0.0,289735.0,16.0,0.0,75.59999999999998,59.5,60.0,-0.1019999999999999,9461.0,1373.0,1378.0,298566.0,-0.0759999999999999,-0.052,0.048,-0.925,0.031,0.0819999999999999,1.0,0.6129999999999999,272.0,273.7,274.7,275.0,0.818,274.0,0.7909999999999999,274.0,0.8359999999999999,273.0,0.002,13.7,2.0,1.0,0.0,19.28,0.0,-1.3330000000000002,0.0,0.002,-0.001,-0.001,-0.0069999999999999,0.0,0.0,-0.002,0.276,0.7390000000000001,-0.003,-0.211,0.2789999999999999,0.001,17.48,17.37,17.57,36.81,17.34,17.36,17.77,0.0,0.0,0.001,-0.001,0.0,0.0,0.0,0.0,0.0,0.0,0.0,0.0,0.0,7.196000000000001,7.517,0.0,0.0,0.0,0.0,0.0,0.0,59.96,6000.0,-1.433,-0.2,2.0,0.0,0.2,0.2,-0.0379999999999999,18.16,17.81,17.62,17.78,17.91,17.55,17.31,17.54,17.66,17.7,17.36,17.94,18.84,18.87,26.0,27.0,35.0,17.26,0.0,265.8,49.29,2.0,3.519,-1.0,3.32,6.4,4903
2015-12-24 03:03:00,0.0,0.0,0.0,0.0,0.0,0.0,0.0,289735.0,16.0,0.0,75.59999999999998,59.5,60.0,-0.1,9461.0,1373.0,1378.0,298566.0,-0.0749999999999999,-0.0529999999999999,0.07,-0.925,0.031,0.0819999999999999,1.0,0.628,272.0,273.6,274.6,275.0,0.818,274.0,0.7909999999999999,274.0,0.8359999999999999,273.0,0.004,13.56,2.0,1.0,0.0,19.28,0.0,-1.25,0.0,0.001,-0.003,-0.001,-0.0069999999999999,0.0,-0.001,-0.002,0.048,0.5539999999999999,-0.004,-0.451,0.278,0.001,17.38,17.37,17.5,36.73,17.28,17.28,17.77,0.001,0.0,0.001,-0.001,0.0,0.0,0.0,0.0,0.0,0.0,0.0,0.0,0.0,7.046,7.232999999999999,0.0,0.0,0.0,0.0,0.0,0.0,59.97,6000.0,-1.317,-0.2,2.0,0.0,0.2,0.2,-0.0379999999999999,18.14,17.79,17.61,17.76,17.89,17.52,17.29,17.53,17.65,17.68,17.34,17.92,18.82,18.81,26.0,27.0,35.0,17.22,0.0,258.4,35.45,2.0,3.518,-1.0,2.143,3.8,4903
2015-12-24 03:04:00,0.0,0.0,0.0,0.0,0.0,0.0,0.0,289735.0,16.0,0.0,75.59999999999998,59.5,60.0,-0.1,9461.0,1373.0,1378.0,298566.0,-0.0759999999999999,-0.0449999999999999,0.0579999999999999,-0.925,0.031,0.0819999999999999,1.0,0.637,272.0,273.7,274.7,275.0,0.818,274.0,0.7909999999999999,274.0,0.8359999999999999,273.0,0.003,13.7,2.0,3.0,0.0,19.28,0.0,-1.65,0.0,-0.001,-0.003,-0.002,-0.0069999999999999,0.0,-0.001,-0.002,0.042,0.55,-0.0069999999999999,-0.4639999999999999,0.2789999999999999,0.0,17.37,17.28,17.47,46.54,17.24,17.2,17.72,0.001,0.0,0.0,0.0,0.0,0.0,0.0,0.0,0.0,0.0,0.0,0.0,0.0,6.932,7.0,0.0,0.0,0.0,0.0,0.0,0.0,59.97,6000.0,-1.567,-0.2,2.0,0.0,0.2,0.2,-0.0379999999999999,18.09,17.75,17.57,17.73,17.83,17.5,17.25,17.5,17.62,17.66,17.32,17.88,18.76,18.76,26.0,27.0,35.0,17.16,0.0,256.2,37.89,2.0,3.518,-1.0,1.9,3.6,4903
2015-12-24 03:05:00,0.0,0.0,0.0,0.0,0.0,0.0,0.0,289735.0,16.0,0.0,75.59999999999998,59.5,60.0,-0.1019999999999999,9461.0,1373.0,1378.0,298566.0,-0.0749999999999999,-0.057,0.065,-0.925,0.031,0.081,1.0,0.628,272.0,273.8,274.8,275.0,0.818,274.0,0.7909999999999999,274.0,0.8359999999999999,273.0,0.003,13.7,2.0,3.0,0.0,19.28,0.0,-1.7,0.0,-0.002,-0.005,-0.004,-0.009,0.0,-0.002,-0.003,0.04,0.5479999999999999,-0.0069999999999999,-0.467,0.2789999999999999,0.0,17.28,17.23,17.37,48.99,17.18,17.18,17.67,0.001,-0.001,0.001,0.0,0.0,0.0,0.0,0.0,0.0,0.0,0.0,0.0,0.0,6.978,7.0,0.0,0.0,0.0,0.0,0.0,0.0,59.97,6000.0,-1.6,-0.2,2.0,0.0,0.2,0.2,-0.0379999999999999,18.03,17.69,17.52,17.68,17.79,17.45,17.21,17.44,17.56,17.59,17.26,17.83,18.73,18.74,26.0,27.0,35.0,17.1,0.0,237.9,34.48,2.0,3.521,-1.0,1.685,2.3,4903
2015-12-24 03:06:00,0.0,0.0,0.0,0.0,0.0,0.0,0.0,289735.0,16.0,0.0,75.59999999999998,59.5,60.0,-0.1,9461.0,1373.0,1378.0,298566.0,-0.0749999999999999,-0.055,0.07,-0.925,0.031,0.0819999999999999,1.0,0.6169999999999999,272.0,273.8,274.8,275.0,0.818,274.0,0.7909999999999999,274.0,0.8359999999999999,273.0,0.003,13.7,2.0,3.0,0.0,19.28,0.0,-1.3,0.0,-0.004,-0.0069999999999999,-0.004,-0.009,0.0,-0.003,-0.005,0.039,0.546,-0.0069999999999999,-0.467,0.2789999999999999,0.0,17.23,17.18,17.36,35.94,17.1,17.11,17.61,0.001,0.0,0.001,-0.001,0.0,0.0,0.0,0.0,0.0,0.0,0.0,0.0,0.0,6.94,7.0,0.0,0.0,0.0,0.0,0.0,0.0,59.97,6000.0,-1.517,-0.2,2.0,0.0,0.2,0.2,-0.039,18.0,17.65,17.47,17.63,17.75,17.41,17.16,17.39,17.49,17.55,17.2,17.78,18.7,18.71,26.0,27.0,35.0,17.02,0.0,235.7,26.98,2.0,3.519,-1.0,2.572,5.1,4903
2015-12-24 03:07:00,0.0,0.0,0.0,0.0,0.0,0.0,0.0,289735.0,16.0,0.0,75.59999999999998,59.5,60.0,-0.103,9461.0,1373.0,1378.0,298566.0,-0.0749999999999999,-0.062,0.068,-0.925,0.031,0.0819999999999999,1.0,0.6179999999999999,272.0,273.7,274.7,275.0,0.818,274.0,0.7909999999999999,274.0,0.8359999999999999,273.0,0.003,13.7,2.0,3.0,0.0,19.29,0.0,-1.5,0.0,-0.005,-0.0069999999999999,-0.005,-0.01,-0.001,-0.003,-0.005,0.0409999999999999,0.5489999999999999,-0.0069999999999999,-0.467,0.2789999999999999,0.0,17.15,17.17,17.28,64.93,17.08,17.03,17.57,0.001,0.0,0.0,0.0,0.0,0.0,0.0,0.0,0.0,0.0,0.0,0.0,0.0,7.023,7.0,0.0,0.0,0.0,0.0,0.0,0.0,59.96,6000.0,-1.567,-0.2,2.0,0.0,0.2,0.2,-0.0379999999999999,17.97,17.63,17.44,17.62,17.76,17.39,17.14,17.36,17.48,17.53,17.17,17.76,18.71,18.74,26.0,27.0,35.0,16.98,0.0,266.1,39.14,2.0,3.519,-1.0,1.878,3.8,4903
2015-12-24 03:08:00,0.0,0.0,0.0,0.0,0.0,0.0,0.0,289735.0,16.0,0.0,75.59999999999998,59.5,60.0,-0.1,9461.0,1373.0,1378.0,298566.0,-0.0749999999999999,-0.055,0.048,-0.925,0.031,0.0819999999999999,1.0,0.622,272.0,273.6,274.6,275.0,0.818,274.0,0.7909999999999999,274.0,0.8359999999999999,273.0,0.009,13.5,2.0,3.0,0.0,19.3,0.0,-1.5830000000000002,0.0,-0.006,-0.0069999999999999,-0.005,-0.01,-0.002,-0.003,-0.005,0.192,0.6609999999999999,-0.0069999999999999,-0.291,0.278,0.001,17.09,17.08,17.21,34.23,17.02,16.98,17.57,0.001,0.0,0.0,0.0,0.0,0.0,0.0,0.0,0.0,0.0,0.0,0.0,0.0,7.263,7.3,0.0,0.0,0.0,0.0,0.0,0.0,59.95,6000.0,-1.5,-0.2,2.0,0.0,0.2,0.2,-0.0379999999999999,17.96,17.6,17.41,17.59,17.71,17.38,17.11,17.33,17.44,17.5,17.13,17.73,18.67,18.7,26.0,27.0,35.0,16.93,0.0,274.4,27.47,2.0,3.519,-1.0,2.412,4.4,4903
2015-12-24 03:09:00,0.0,0.0,0.0,0.0,0.0,0.0,0.0,289735.0,16.0,0.0,75.59999999999998,59.5,60.0,-0.1,9461.0,1373.0,1378.0,298566.0,-0.0759999999999999,-0.055,0.065,-0.925,0.031,0.0819999999999999,1.0,0.638,272.0,273.9,274.9,275.0,0.818,274.0,0.7909999999999999,274.0,0.8359999999999999,273.0,0.003,13.7,2.0,3.0,0.0,19.3,0.0,-1.35,0.0,-0.0069999999999999,-0.0069999999999999,-0.004,-0.01,-0.001,-0.003,-0.005,0.0379999999999999,0.546,-0.0069999999999999,-0.4699999999999999,0.2789999999999999,0.0,17.09,17.02,17.18,40.49,16.98,16.98,17.48,0.001,0.0,0.001,0.0,0.0,0.0,0.0,0.0,0.0,0.0,0.0,0.0,0.0,7.322999999999999,7.8,0.0,0.0,0.0,0.0,0.0,0.0,59.96,6000.0,-1.367,-0.2,2.0,0.0,0.2,0.2,-0.0379999999999999,17.97,17.59,17.4,17.58,17.73,17.38,17.11,17.3,17.45,17.48,17.11,17.72,18.69,18.74,26.0,27.0,35.0,16.92,0.0,247.0,26.6,2.0,3.519,-1.0,3.343,5.9,4903
2015-12-24 03:10:00,0.0,0.0,0.0,0.0,0.0,0.0,0.0,289735.0,16.0,0.0,75.59999999999998,59.5,60.0,-0.1,9461.0,1373.0,1378.0,298566.0,-0.0759999999999999,-0.065,0.072,-0.925,0.031,0.0819999999999999,1.0,0.62,272.0,274.0,275.0,275.0,0.818,274.0,0.7909999999999999,274.0,0.8359999999999999,273.0,0.003,13.7,2.0,3.0,0.0,19.31,0.0,-1.15,0.0,-0.005,-0.0069999999999999,-0.003,-0.01,0.0,-0.002,-0.004,0.04,0.5479999999999999,-0.0069999999999999,-0.467,0.2789999999999999,0.0,17.09,17.05,17.18,33.48,16.98,16.98,17.57,0.0,-0.001,0.001,0.0,0.0,0.0,0.0,0.0,0.0,0.0,0.0,0.0,0.0,7.301,7.849999999999999,0.0,0.0,0.0,0.0,0.0,0.0,59.97,6000.0,-1.317,-0.2,2.0,0.0,0.2,0.2,-0.0379999999999999,17.99,17.61,17.41,17.6,17.76,17.41,17.13,17.31,17.48,17.52,17.13,17.73,18.76,18.82,26.0,27.0,35.0,16.91,0.0,263.2,57.43,2.0,3.519,-1.0,2.255,4.8,4903
2015-12-24 03:11:00,0.0,0.0,0.0,0.0,0.0,0.0,0.0,289735.0,16.0,0.0,75.59999999999998,59.5,60.0,-0.1,9461.0,1373.0,1378.0,298566.0,-0.0759999999999999,-0.052,0.0599999999999999,-0.925,0.031,0.0819999999999999,1.0,0.623,272.0,274.0,275.0,275.0,0.818,274.0,0.7909999999999999,274.0,0.8359999999999999,273.0,0.003,13.7,2.0,3.0,0.0,19.31,0.0,-1.5830000000000002,0.0,-0.005,-0.0069999999999999,-0.003,-0.009,0.0,-0.002,-0.003,0.042,0.5489999999999999,-0.0069999999999999,-0.4639999999999999,0.2789999999999999,0.0,17.09,17.0,17.18,83.0,16.98,16.97,17.57,0.001,-0.001,0.0,-0.001,0.0,0.0,0.0,0.0,0.0,0.0,0.0,0.0,0.0,7.195,7.433,0.0,0.0,0.0,0.0,0.0,0.0,59.96,6000.0,-1.4169999999999998,-0.2,2.0,0.0,0.2,0.2,-0.0379999999999999,17.96,17.6,17.4,17.59,17.76,17.4,17.13,17.3,17.48,17.49,17.12,17.72,18.73,18.77,26.0,27.0,35.0,16.89,0.0,234.0,36.06,2.0,3.519,-1.0,2.39,3.8,4903
2015-12-24 03:12:00,0.0,0.0,0.0,0.0,0.0,0.0,0.0,289735.0,16.0,0.0,75.59999999999998,59.5,60.0,-0.1,9461.0,1373.0,1378.0,298566.0,-0.0759999999999999,-0.055,0.057,-0.925,0.031,0.0819999999999999,1.0,0.633,272.0,274.0,275.0,275.0,0.818,274.0,0.7909999999999999,274.0,0.8359999999999999,273.0,0.003,13.7,2.0,3.0,0.0,19.31,0.0,-1.4,0.0,-0.004,-0.0069999999999999,-0.004,-0.009,-0.001,-0.002,-0.004,0.042,0.55,-0.0069999999999999,-0.457,0.2789999999999999,0.0,17.09,17.03,17.18,51.56,16.98,16.98,17.56,0.001,0.0,0.001,0.0,0.0,0.0,0.0,0.0,0.0,0.0,0.0,0.0,0.0,7.006,7.082999999999999,0.0,0.0,0.0,0.0,0.0,0.0,59.95,6000.0,-1.367,-0.2,2.0,0.0,0.2,0.2,-0.0379999999999999,17.95,17.58,17.39,17.58,17.75,17.41,17.11,17.27,17.47,17.47,17.08,17.71,18.71,18.74,26.0,27.0,35.0,16.88,0.0,208.3,34.72,2.0,3.519,-1.0,3.325,6.3,4903
2015-12-24 03:13:00,0.0,0.0,0.0,0.0,0.0,0.0,0.0,289735.0,16.0,0.0,75.59999999999998,59.5,60.0,-0.103,9461.0,1373.0,1378.0,298566.0,-0.0759999999999999,-0.063,0.0729999999999999,-0.925,0.031,0.0819999999999999,1.0,0.6169999999999999,272.0,274.0,275.0,275.0,0.818,274.0,0.7909999999999999,274.0,0.8359999999999999,273.0,-0.016,13.63,2.0,1.0,0.0,19.31,0.0,-1.117,0.0,-0.003,-0.0069999999999999,-0.004,-0.009,-0.001,-0.003,-0.004,0.217,0.6779999999999999,-0.0069999999999999,-0.278,0.278,0.001,17.09,17.08,17.18,39.13,16.98,16.98,17.56,0.001,0.0,0.0,0.0,0.0,0.0,0.0,0.0,0.0,0.0,0.0,0.0,0.0,6.895,7.067,0.0,0.0,0.0,0.0,0.0,0.0,59.97,6000.0,-1.233,-0.2,2.0,0.0,0.2,0.2,-0.0379999999999999,17.94,17.55,17.35,17.57,17.73,17.37,17.1,17.25,17.43,17.46,17.07,17.67,18.74,18.8,26.0,27.0,35.0,16.87,0.0,229.4,68.08,2.0,3.521,-1.0,2.44,6.2,4903
2015-12-24 03:14:00,0.0,0.0,0.0,0.0,0.0,0.0,0.0,289735.0,16.0,0.0,75.59999999999998,59.5,60.0,-0.1,9461.0,1373.0,1378.0,298566.0,-0.0759999999999999,-0.047,0.055,-0.925,0.031,0.0819999999999999,1.0,0.6129999999999999,272.0,274.0,275.0,275.0,0.818,274.0,0.7909999999999999,274.0,0.8359999999999999,273.0,0.016,13.64,2.0,3.0,0.0,19.31,0.0,-1.35,0.0,-0.003,-0.0069999999999999,-0.004,-0.009,-0.001,-0.002,-0.003,0.037,0.545,-0.0069999999999999,-0.4679999999999999,0.2789999999999999,0.0,17.09,17.08,17.21,35.72,16.98,16.98,17.49,0.001,0.0,0.001,-0.001,0.0,0.0,0.0,0.0,0.0,0.0,0.0,0.0,0.0,6.612,7.0,0.0,0.0,0.0,0.0,0.0,0.0,59.97,6000.0,-1.3330000000000002,-0.2,2.0,0.0,0.2,0.2,-0.0379999999999999,17.95,17.56,17.36,17.57,17.76,17.38,17.1,17.24,17.42,17.48,17.05,17.67,18.76,18.8,26.0,27.0,35.0,16.86,0.0,270.2,47.63,2.0,3.519,-1.0,2.46,4.8,4903
2015-12-24 03:15:00,0.0,0.0,0.0,0.0,0.0,0.0,0.0,289735.0,16.0,0.0,75.59999999999998,59.5,60.0,-0.1,9461.0,1373.0,1378.0,298566.0,-0.0759999999999999,-0.052,0.0599999999999999,-0.925,0.031,0.0819999999999999,1.0,0.625,272.0,274.0,275.0,275.0,0.818,274.0,0.7909999999999999,274.0,0.8359999999999999,273.0,0.003,13.7,2.0,3.0,0.0,19.31,0.0,-1.383,0.0,-0.003,-0.0069999999999999,-0.004,-0.009,0.0,-0.003,-0.004,0.036,0.544,-0.0069999999999999,-0.467,0.2789999999999999,0.0,17.09,17.07,17.18,42.2,16.98,16.98,17.49,0.001,0.0,0.0,-0.001,0.0,0.0,0.0,0.0,0.0,0.0,0.0,0.0,0.0,6.432,7.0,0.0,0.0,0.0,0.0,0.0,0.0,59.98,6000.0,-1.4,-0.2,2.0,0.0,0.2,0.2,-0.0379999999999999,17.98,17.56,17.36,17.56,17.75,17.39,17.1,17.21,17.43,17.47,17.03,17.68,18.75,18.83,26.0,27.0,35.0,16.87,0.0,251.5,44.25,2.0,3.519,-1.0,4.573,7.9,4903
2015-12-24 03:16:00,0.0,0.0,0.0,0.0,0.0,0.0,0.0,289735.0,16.0,0.0,75.59999999999998,59.5,60.0,-0.1,9461.0,1373.0,1378.0,298566.0,-0.0749999999999999,-0.052,0.065,-0.925,0.031,0.0819999999999999,1.0,0.6129999999999999,272.0,274.0,275.0,275.0,0.818,274.0,0.7909999999999999,274.0,0.8359999999999999,273.0,0.003,13.7,2.0,3.0,0.0,19.31,0.0,-1.083,0.0,-0.002,-0.0069999999999999,-0.004,-0.009,-0.001,-0.002,-0.003,0.034,0.542,-0.0069999999999999,-0.4729999999999999,0.2789999999999999,0.0,17.09,17.08,17.18,46.03,16.98,16.98,17.54,0.001,-0.001,0.0,0.0,0.0,0.0,0.0,0.0,0.0,0.0,0.0,0.0,0.0,6.242000000000001,7.0,0.0,0.0,0.0,0.0,0.0,0.0,59.97,6000.0,-1.267,-0.2,2.0,0.0,0.2,0.2,-0.0379999999999999,17.98,17.59,17.38,17.57,17.77,17.39,17.11,17.21,17.43,17.44,17.04,17.69,18.76,18.79,26.0,27.0,35.0,16.89,0.0,209.1,51.37,2.0,3.521,-1.0,2.7230000000000003,5.2,4903
2015-12-24 03:17:00,0.0,0.0,0.0,0.0,0.0,0.0,0.0,289735.0,16.0,0.0,75.59999999999998,59.5,60.0,-0.1,9461.0,1373.0,1378.0,298566.0,-0.0749999999999999,-0.052,0.063,-0.925,0.031,0.0819999999999999,1.0,0.6179999999999999,272.0,273.9,274.9,275.0,0.818,274.0,0.7909999999999999,274.0,0.8359999999999999,273.0,0.003,13.7,2.0,3.0,0.0,19.31,0.0,-1.117,0.0,-0.003,-0.0069999999999999,-0.004,-0.009,-0.001,-0.003,-0.004,0.0289999999999999,0.537,-0.0069999999999999,-0.476,0.2789999999999999,0.0,17.09,17.06,17.18,19.1,16.98,16.95,17.48,0.001,0.0,0.001,-0.001,0.0,0.0,0.0,0.0,0.0,0.0,0.0,0.0,0.0,6.211,6.95,0.0,0.0,0.0,0.0,0.0,0.0,59.96,6000.0,-1.267,-0.2,2.0,0.0,0.2,0.2,-0.0379999999999999,17.94,17.54,17.33,17.53,17.73,17.36,17.07,17.19,17.42,17.43,17.01,17.65,18.7,18.72,26.0,27.0,35.0,16.85,0.0,244.6,35.68,2.0,3.519,-1.0,3.295,6.5,4903
2015-12-24 03:18:00,0.0,0.0,0.0,0.0,0.0,0.0,0.0,289735.0,16.0,0.0,75.59999999999998,59.5,60.0,-0.1019999999999999,9461.0,1373.0,1378.0,298566.0,-0.0749999999999999,-0.062,0.0599999999999999,-0.925,0.031,0.081,1.0,0.625,272.0,273.8,274.8,275.0,0.818,274.0,0.7909999999999999,274.0,0.8359999999999999,273.0,0.003,13.7,2.0,3.0,0.0,19.31,0.0,-1.067,0.0,-0.003,-0.0069999999999999,-0.005,-0.01,-0.003,-0.004,-0.005,0.0289999999999999,0.536,-0.0069999999999999,-0.4789999999999999,0.2789999999999999,0.0,17.09,16.98,17.18,31.59,16.98,16.9,17.48,0.001,0.0,0.001,-0.001,0.0,0.0,0.0,0.0,0.0,0.0,0.0,0.0,0.0,6.159,6.867000000000001,0.0,0.0,0.0,0.0,0.0,0.0,59.96,6000.0,-1.267,-0.2,2.0,0.0,0.2,0.2,-0.0379999999999999,17.94,17.54,17.33,17.51,17.72,17.33,17.04,17.17,17.38,17.41,16.99,17.64,18.72,18.74,26.0,27.0,35.0,16.84,0.0,278.2,56.42,2.0,3.519,-1.0,3.2230000000000003,5.6,4903
2015-12-24 03:19:00,0.0,0.0,0.0,0.0,0.0,0.0,0.0,289735.0,16.0,0.0,75.59999999999998,59.5,60.0,-0.1,9461.0,1373.0,1378.0,298566.0,-0.0749999999999999,-0.063,0.068,-0.925,0.031,0.0819999999999999,1.0,0.6149999999999999,272.0,273.9,274.9,275.0,0.818,274.0,0.7909999999999999,274.0,0.8359999999999999,273.0,0.003,13.48,2.0,1.0,0.0,19.31,0.0,-1.233,0.0,-0.004,-0.0069999999999999,-0.005,-0.01,-0.003,-0.004,-0.005,0.2819999999999999,0.7359999999999999,-0.0069999999999999,-0.2129999999999999,0.2789999999999999,0.001,17.06,16.98,17.18,30.32,16.98,16.89,17.48,0.001,-0.001,0.0,0.0,0.0,0.0,0.0,0.0,0.0,0.0,0.0,0.0,0.0,6.18,6.867000000000001,0.0,0.0,0.0,0.0,0.0,0.0,59.96,6000.0,-1.4169999999999998,-0.2,2.0,0.0,0.2,0.2,-0.0379999999999999,17.92,17.53,17.31,17.5,17.69,17.32,17.04,17.15,17.35,17.39,16.97,17.62,18.7,18.72,26.0,27.0,35.0,16.81,0.0,220.1,36.79,2.0,3.519,-1.0,2.422,4.8,4903
2015-12-24 03:20:00,0.0,0.0,0.0,0.0,0.0,0.0,0.0,289735.0,16.0,0.0,75.59999999999998,59.5,60.0,-0.1,9461.0,1373.0,1378.0,298566.0,-0.0759999999999999,-0.0599999999999999,0.083,-0.925,0.031,0.0819999999999999,1.0,0.6129999999999999,272.0,274.0,275.0,275.0,0.818,274.0,0.7909999999999999,274.0,0.8359999999999999,273.0,0.003,13.7,2.0,3.0,0.0,19.31,0.0,-1.35,0.0,-0.004,-0.0069999999999999,-0.005,-0.01,-0.003,-0.004,-0.005,0.027,0.534,-0.0069999999999999,-0.481,0.2789999999999999,0.0,17.07,16.98,17.16,39.78,16.97,16.89,17.48,0.001,-0.001,0.0,0.0,0.0,0.0,0.0,0.0,0.0,0.0,0.0,0.0,0.0,6.211,6.933,0.0,0.0,0.0,0.0,0.0,0.0,59.96,6000.0,-1.483,-0.2,2.0,0.0,0.2,0.2,-0.0379999999999999,17.88,17.5,17.28,17.48,17.69,17.31,17.02,17.12,17.34,17.36,16.95,17.59,18.69,18.74,26.0,27.0,35.0,16.82,0.0,245.8,41.74,2.0,3.521,-1.0,2.322,6.2,4903
2015-12-24 03:21:00,0.0,0.0,0.0,0.0,0.0,0.0,0.0,289735.0,16.0,0.0,75.59999999999998,59.5,60.0,-0.1,9461.0,1373.0,1378.0,298566.0,-0.0759999999999999,-0.062,0.0579999999999999,-0.925,0.031,0.0819999999999999,1.0,0.622,272.0,273.8,274.8,275.0,0.818,274.0,0.7909999999999999,274.0,0.8359999999999999,273.0,0.003,13.7,2.0,3.0,0.0,19.31,0.0,-1.15,0.0,-0.004,-0.0069999999999999,-0.006,-0.01,-0.003,-0.003,-0.004,0.027,0.535,-0.0069999999999999,-0.4779999999999999,0.2789999999999999,0.0,17.07,16.98,17.1,26.85,16.9,16.89,17.48,0.001,0.0,0.001,0.0,0.0,0.0,0.0,0.0,0.0,0.0,0.0,0.0,0.0,6.2410000000000005,7.0,0.0,0.0,0.0,0.0,0.0,0.0,59.94,6000.0,-1.35,-0.2,2.0,0.0,0.2,0.2,-0.0379999999999999,17.87,17.49,17.29,17.48,17.66,17.32,17.02,17.12,17.37,17.39,16.94,17.6,18.69,18.7,26.0,27.0,35.0,16.79,0.0,249.7,39.8,2.0,3.519,-1.0,3.028,6.1,4903
2015-12-24 03:22:00,0.0,0.0,0.0,0.0,0.0,0.0,0.0,289735.0,16.0,0.0,75.59999999999998,59.5,60.0,-0.1,9461.0,1373.0,1378.0,298566.0,-0.0759999999999999,-0.048,0.0579999999999999,-0.925,0.031,0.0819999999999999,1.0,0.622,272.0,273.7,274.7,275.0,0.818,274.0,0.7909999999999999,274.0,0.8359999999999999,273.0,0.003,13.7,2.0,3.0,0.0,19.31,0.0,-1.233,0.0,-0.004,-0.0069999999999999,-0.006,-0.01,-0.003,-0.003,-0.004,0.031,0.5379999999999999,-0.0069999999999999,-0.477,0.2789999999999999,0.0,16.99,16.98,17.08,111.7,16.89,16.82,17.48,0.0,0.0,0.001,0.0,0.0,0.0,0.0,0.0,0.0,0.0,0.0,0.0,0.0,6.407,7.0,0.0,0.0,0.0,0.0,0.0,0.0,59.94,6000.0,-1.25,-0.2,2.0,0.0,0.2,0.2,-0.0379999999999999,17.87,17.5,17.28,17.48,17.67,17.32,17.02,17.12,17.36,17.39,16.94,17.59,18.67,18.7,26.0,27.0,35.0,16.77,0.0,232.9,24.84,2.0,3.519,-1.0,2.942,5.8,4903
2015-12-24 03:23:00,0.0,0.0,0.0,0.0,0.0,0.0,0.0,289735.0,16.0,0.0,75.59999999999998,59.5,60.0,-0.1,9461.0,1373.0,1378.0,298566.0,-0.0759999999999999,-0.057,0.067,-0.925,0.031,0.0819999999999999,1.0,0.6179999999999999,272.0,273.9,274.9,275.0,0.818,274.0,0.7909999999999999,274.0,0.8359999999999999,273.0,0.003,13.7,2.0,3.0,0.0,19.31,0.0,-1.033,0.0,-0.003,-0.0069999999999999,-0.005,-0.01,-0.003,-0.004,-0.005,0.0299999999999999,0.537,-0.0069999999999999,-0.4779999999999999,0.2789999999999999,0.0,16.99,16.96,17.08,36.94,16.89,16.79,17.48,0.001,-0.001,0.001,0.0,0.0,0.0,0.0,0.0,0.0,0.0,0.0,0.0,0.0,6.5120000000000005,7.0,0.0,0.0,0.0,0.0,0.0,0.0,59.95,6000.0,-1.217,-0.2,2.0,0.0,0.2,0.2,-0.0379999999999999,17.79,17.45,17.23,17.45,17.63,17.31,16.98,17.11,17.34,17.39,16.92,17.53,18.72,18.73,26.0,27.0,35.0,16.77,0.0,225.1,21.12,2.0,3.518,-1.0,3.912,6.3,4903
2015-12-24 03:24:00,0.0,0.0,0.0,0.0,0.0,0.0,0.0,289735.0,16.0,0.0,75.59999999999998,59.5,60.0,-0.1019999999999999,9461.0,1373.0,1378.0,298566.0,-0.0749999999999999,-0.048,0.047,-0.925,0.031,0.0819999999999999,1.0,0.627,272.0,274.0,275.0,275.0,0.818,274.0,0.7909999999999999,274.0,0.8359999999999999,273.0,0.002,13.56,2.0,1.0,0.0,19.31,0.0,-1.183,0.0,-0.003,-0.0069999999999999,-0.006,-0.009,-0.003,-0.004,-0.006,0.26,0.7249999999999999,-0.0069999999999999,-0.216,0.278,0.001,16.99,17.0,17.08,34.85,16.89,16.79,17.48,0.001,0.0,0.0,0.0,0.0,0.0,0.0,0.0,0.0,0.0,0.0,0.0,0.0,6.768,7.0,0.0,0.0,0.0,0.0,0.0,0.0,59.97,6000.0,-1.217,-0.2,2.0,0.0,0.2,0.2,-0.0379999999999999,17.81,17.43,17.21,17.44,17.65,17.29,16.98,17.11,17.32,17.41,16.93,17.52,18.73,18.72,26.0,27.0,35.0,16.77,0.0,233.9,56.63,2.0,3.518,-1.0,2.467,4.9,4903
2015-12-24 03:25:00,0.0,0.0,0.0,0.0,0.0,0.0,0.0,289735.0,16.0,0.0,75.59999999999998,59.5,60.0,-0.103,9461.0,1373.0,1378.0,298566.0,-0.0749999999999999,-0.0599999999999999,0.048,-0.925,0.031,0.0819999999999999,1.0,0.638,272.0,274.0,275.0,275.0,0.818,274.0,0.7909999999999999,274.0,0.8359999999999999,273.0,0.004,13.7,2.0,3.0,0.0,19.31,0.0,-1.217,0.0,-0.004,-0.0069999999999999,-0.006,-0.01,-0.003,-0.004,-0.005,0.0289999999999999,0.536,-0.0069999999999999,-0.4789999999999999,0.2789999999999999,0.0,16.98,16.92,17.08,35.33,16.89,16.79,17.41,0.001,-0.001,0.001,0.0,0.0,0.0,0.0,0.0,0.0,0.0,0.0,0.0,0.0,7.093,7.367000000000002,0.0,0.0,0.0,0.0,0.0,0.0,59.98,6000.0,-1.3,-0.2,2.0,0.0,0.2,0.2,-0.0379999999999999,17.81,17.43,17.21,17.44,17.62,17.28,16.98,17.11,17.32,17.4,16.93,17.52,18.69,18.67,26.0,27.0,35.0,16.76,0.0,219.2,33.53,2.0,3.519,-1.0,2.173,5.0,4903
2015-12-24 03:26:00,0.0,0.0,0.0,0.0,0.0,0.0,0.0,289735.0,16.0,0.0,75.59999999999998,59.5,60.0,-0.1,9461.0,1373.0,1378.0,298566.0,-0.0749999999999999,-0.062,0.0819999999999999,-0.925,0.031,0.0819999999999999,1.0,0.623,272.0,274.0,275.0,275.0,0.818,274.0,0.7909999999999999,274.0,0.8359999999999999,273.0,0.003,13.7,2.0,3.0,0.0,19.31,0.0,-1.6669999999999998,0.0,-0.005,-0.0069999999999999,-0.005,-0.01,-0.003,-0.005,-0.005,0.033,0.541,-0.0069999999999999,-0.4699999999999999,0.2789999999999999,0.0,16.99,16.89,17.07,19.96,16.89,16.79,17.38,0.001,-0.001,0.0,-0.001,0.0,0.0,0.0,0.0,0.0,0.0,0.0,0.0,0.0,7.261,7.332999999999998,0.0,0.0,0.0,0.0,0.0,0.0,59.97,6000.0,-1.65,-0.2,2.0,0.0,0.2,0.2,-0.0379999999999999,17.77,17.4,17.18,17.41,17.57,17.25,16.96,17.08,17.27,17.36,16.9,17.49,18.67,18.67,26.0,27.0,35.0,16.74,0.0,246.1,30.03,2.0,3.519,-1.0,2.218,5.0,4903
2015-12-24 03:27:00,0.0,0.0,0.0,0.0,0.0,0.0,0.0,289735.0,16.0,0.0,75.59999999999998,59.5,60.0,-0.1019999999999999,9461.0,1373.0,1378.0,298566.0,-0.0749999999999999,-0.0579999999999999,0.0579999999999999,-0.925,0.031,0.0819999999999999,1.0,0.6149999999999999,272.0,274.0,275.0,275.0,0.818,274.0,0.7909999999999999,274.0,0.8359999999999999,273.0,0.003,13.7,2.0,3.0,0.0,19.31,0.0,-1.533,0.0,-0.006,-0.0069999999999999,-0.005,-0.01,-0.003,-0.004,-0.005,0.032,0.54,-0.0069999999999999,-0.471,0.2789999999999999,0.0,16.94,16.89,17.05,25.27,16.89,16.79,17.41,0.001,-0.001,0.001,0.0,0.0,0.0,0.0,0.0,0.0,0.0,0.0,0.0,0.0,7.197,7.467,0.0,0.0,0.0,0.0,0.0,0.0,59.96,6000.0,-1.433,-0.2,2.0,0.0,0.2,0.2,-0.0379999999999999,17.81,17.4,17.19,17.41,17.63,17.27,16.96,17.08,17.31,17.36,16.91,17.5,18.68,18.65,26.0,27.0,35.0,16.71,0.0,277.1,45.46,2.0,3.519,-1.0,2.752,4.7,4903
2015-12-24 03:28:00,0.0,0.0,0.0,0.0,0.0,0.0,0.0,289735.0,16.0,0.0,75.59999999999998,59.5,60.0,-0.1019999999999999,9461.0,1373.0,1378.0,298566.0,-0.0749999999999999,-0.047,0.05,-0.925,0.031,0.0819999999999999,1.0,0.622,272.0,274.0,275.0,275.0,0.818,274.0,0.7909999999999999,274.0,0.8359999999999999,273.0,0.003,13.7,2.0,3.0,0.0,19.31,0.0,-1.217,0.0,-0.0069999999999999,-0.0069999999999999,-0.005,-0.01,-0.003,-0.004,-0.005,0.032,0.539,-0.0069999999999999,-0.476,0.2789999999999999,0.0,16.88,16.89,16.98,183.6,16.85,16.79,17.46,0.001,-0.001,0.001,0.0,0.0,0.0,0.0,0.0,0.0,0.0,0.0,0.0,0.0,7.021,7.017,0.0,0.0,0.0,0.0,0.0,0.0,59.96,6000.0,-1.317,-0.2,2.0,0.0,0.2,0.2,-0.0379999999999999,17.84,17.45,17.23,17.43,17.6,17.29,16.98,17.1,17.34,17.39,16.92,17.54,18.68,18.67,26.0,27.0,35.0,16.68,0.0,234.1,61.39,2.0,3.519,-1.0,2.918,6.4,4903
2015-12-24 03:29:00,0.0,0.0,0.0,0.0,0.0,0.0,0.0,289735.0,16.0,0.0,75.59999999999998,59.5,60.0,-0.1,9461.0,1373.0,1378.0,298566.0,-0.0749999999999999,-0.05,0.07,-0.925,0.031,0.0819999999999999,1.0,0.6099999999999999,272.0,274.0,275.0,275.0,0.818,274.0,0.7909999999999999,274.0,0.8359999999999999,273.0,0.003,13.7,2.0,3.0,0.0,19.31,0.0,-1.117,0.0,-0.006,-0.0069999999999999,-0.004,-0.009,-0.003,-0.003,-0.004,0.3449999999999999,0.8059999999999999,-0.0069999999999999,-0.1459999999999999,0.278,0.0,16.99,16.95,17.07,74.90999999999998,16.92,16.8,17.48,0.001,0.0,0.0,0.0,0.0,0.0,0.0,0.0,0.0,0.0,0.0,0.0,0.0,7.015,7.0,0.0,0.0,0.0,0.0,0.0,0.0,59.95,6000.0,-1.367,-0.2,2.0,0.0,0.2,0.2,-0.0379999999999999,17.87,17.46,17.23,17.44,17.67,17.34,16.98,17.09,17.33,17.38,16.91,17.54,18.72,18.81,26.0,27.0,35.0,16.75,0.0,214.7,49.11,2.0,3.518,-1.0,4.868,7.8,4903
2015-12-24 03:30:00,0.0,0.0,0.0,0.0,0.0,0.0,0.0,289735.0,16.0,0.0,75.59999999999998,59.5,60.0,-0.1019999999999999,9461.0,1373.0,1378.0,298566.0,-0.0759999999999999,-0.0449999999999999,0.0449999999999999,-0.925,0.031,0.0819999999999999,1.0,0.6169999999999999,272.0,274.0,275.0,275.0,0.818,274.0,0.7909999999999999,274.0,0.8359999999999999,273.0,0.002,13.49,2.0,3.0,0.0,19.31,0.0,-1.133,0.0,-0.004,-0.0069999999999999,-0.004,-0.008,-0.003,-0.003,-0.004,0.05,0.5489999999999999,-0.0069999999999999,-0.4529999999999999,0.278,0.001,16.99,16.98,17.15,43.55,16.98,16.89,17.48,0.001,-0.001,0.001,-0.001,0.0,0.0,0.0,0.0,0.0,0.0,0.0,0.0,0.0,7.02,7.0,0.0,0.0,0.0,0.0,0.0,0.0,59.95,6000.0,-1.3330000000000002,-0.2,2.0,0.0,0.2,0.2,-0.0379999999999999,17.9,17.49,17.26,17.47,17.66,17.33,17.01,17.11,17.35,17.4,16.94,17.56,18.73,18.78,26.0,27.0,35.0,16.79,0.0,248.4,60.35,2.0,3.518,-1.0,1.3030000000000002,2.9,4903
2015-12-24 03:31:00,0.0,0.0,0.0,0.0,0.0,0.0,0.0,289735.0,16.0,0.0,75.59999999999998,59.5,60.0,-0.1,9461.0,1373.0,1378.0,298566.0,-0.0759999999999999,-0.0529999999999999,0.048,-0.925,0.031,0.0819999999999999,1.0,0.623,272.0,273.8,274.8,275.0,0.818,274.0,0.7909999999999999,274.0,0.8359999999999999,273.0,0.003,13.7,2.0,3.0,0.0,19.31,0.0,-1.067,0.0,-0.004,-0.004,-0.003,-0.008,-0.003,-0.003,-0.004,0.0429999999999999,0.55,-0.0069999999999999,-0.461,0.2789999999999999,0.0,17.02,17.03,17.16,37.28,16.98,16.89,17.48,0.001,0.0,0.001,0.0,0.0,0.0,0.0,0.0,0.0,0.0,0.0,0.0,0.0,7.065,7.332999999999998,0.0,0.0,0.0,0.0,0.0,0.0,59.96,6000.0,-1.3,-0.2,2.0,0.0,0.2,0.2,-0.0379999999999999,17.85,17.47,17.24,17.45,17.63,17.33,17.0,17.11,17.32,17.38,16.93,17.55,18.72,18.79,26.0,27.0,35.0,16.8,0.0,198.7,36.94,2.0,3.519,-1.0,3.093,6.4,4903
2015-12-24 03:32:00,0.0,0.0,0.0,0.0,0.0,0.0,0.0,289735.0,16.0,0.0,75.59999999999998,59.5,60.0,-0.1019999999999999,9461.0,1373.0,1378.0,298566.0,-0.0749999999999999,-0.052,0.07,-0.925,0.031,0.0819999999999999,1.0,0.6119999999999999,272.0,273.9,274.9,275.0,0.818,274.0,0.7909999999999999,274.0,0.8359999999999999,273.0,0.003,13.7,2.0,3.0,0.0,19.31,0.0,-1.033,0.0,-0.003,-0.003,-0.004,-0.008,-0.003,-0.003,-0.004,0.044,0.552,-0.0069999999999999,-0.4629999999999999,0.2789999999999999,0.0,17.09,17.08,17.18,39.02,16.98,16.89,17.48,0.001,0.0,0.001,0.0,0.0,0.0,0.0,0.0,0.0,0.0,0.0,0.0,0.0,7.312999999999999,8.0,0.0,0.0,0.0,0.0,0.0,0.0,59.96,6000.0,-1.2,-0.2,2.0,0.0,0.2,0.2,-0.0379999999999999,17.84,17.46,17.23,17.45,17.63,17.31,16.99,17.11,17.32,17.39,16.93,17.54,18.69,18.74,26.0,27.0,35.0,16.82,0.0,235.7,22.15,2.0,3.521,-1.0,3.167,5.2,4903
2015-12-24 03:33:00,0.0,0.0,0.0,0.0,0.0,0.0,0.0,289735.0,16.0,0.0,75.59999999999998,59.5,60.0,-0.103,9461.0,1373.0,1378.0,298566.0,-0.0749999999999999,-0.047,0.0749999999999999,-0.925,0.031,0.0819999999999999,1.0,0.6099999999999999,272.0,274.0,275.0,275.0,0.818,274.0,0.7909999999999999,274.0,0.8359999999999999,273.0,0.003,13.7,2.0,3.0,0.0,19.31,0.0,-1.1,0.0,-0.003,-0.004,-0.003,-0.008,-0.003,-0.003,-0.004,0.0449999999999999,0.5529999999999999,-0.0069999999999999,-0.461,0.2789999999999999,0.0,17.09,17.08,17.18,32.88,16.98,16.92,17.48,0.001,-0.001,0.001,-0.001,0.0,0.0,0.0,0.0,0.0,0.0,0.0,0.0,0.0,7.508999999999999,8.0,0.0,0.0,0.0,0.0,0.0,0.0,59.97,6000.0,-1.3,-0.2,2.0,0.0,0.2,0.2,-0.0379999999999999,17.9,17.48,17.25,17.47,17.66,17.34,17.01,17.12,17.34,17.4,16.94,17.57,18.69,18.69,26.0,27.0,35.0,16.82,0.0,255.5,43.74,2.0,3.518,-1.0,2.293,5.1,4903
2015-12-24 03:34:00,0.0,0.0,0.0,0.0,0.0,0.0,0.0,289735.0,16.0,0.0,75.59999999999998,59.5,60.0,-0.1,9461.0,1373.0,1378.0,298566.0,-0.0749999999999999,-0.048,0.048,-0.925,0.031,0.0819999999999999,1.0,0.6169999999999999,272.0,273.9,274.9,275.0,0.818,274.0,0.7909999999999999,274.0,0.8359999999999999,273.0,0.003,13.7,2.0,3.0,0.0,19.31,0.0,-1.033,0.0,-0.003,-0.0069999999999999,-0.003,-0.0069999999999999,-0.003,-0.003,-0.003,0.0459999999999999,0.5529999999999999,-0.0069999999999999,-0.4579999999999999,0.2789999999999999,0.0,17.09,17.08,17.18,40.26,17.0,16.97,17.48,0.001,0.0,0.0,-0.001,0.0,0.0,0.0,0.0,0.0,0.0,0.0,0.0,0.0,7.386,8.0,0.0,0.0,0.0,0.0,0.0,0.0,59.97,6000.0,-1.267,-0.2,2.0,0.0,0.2,0.2,-0.0379999999999999,17.9,17.5,17.28,17.5,17.67,17.36,17.03,17.15,17.34,17.41,16.97,17.59,18.67,18.68,26.0,27.0,35.0,16.84,0.0,162.2,36.04,2.0,3.519,-1.0,1.853,4.0,4903
2015-12-24 03:35:00,0.0,0.0,0.0,0.0,0.0,0.0,0.0,289735.0,16.0,0.0,75.59999999999998,59.5,60.0,-0.1,9461.0,1373.0,1378.0,298566.0,-0.0749999999999999,-0.063,0.068,-0.925,0.031,0.0819999999999999,1.0,0.6119999999999999,272.0,273.8,274.8,275.0,0.818,274.0,0.7909999999999999,274.0,0.8359999999999999,273.0,0.003,13.63,2.0,1.0,0.0,19.31,0.0,-1.1,0.0,-0.004,-0.006,-0.002,-0.0069999999999999,-0.003,-0.002,-0.003,0.4079999999999999,0.884,-0.0069999999999999,-0.085,0.278,0.001,17.09,17.13,17.18,35.56,17.07,16.98,17.48,0.001,-0.001,0.0,0.0,0.0,0.0,0.0,0.0,0.0,0.0,0.0,0.0,0.0,7.3439999999999985,8.0,0.0,0.0,0.0,0.0,0.0,0.0,59.95,6000.0,-1.283,-0.2,2.0,0.0,0.2,0.2,-0.0379999999999999,17.9,17.5,17.28,17.51,17.71,17.36,17.05,17.15,17.33,17.41,16.98,17.6,18.66,18.68,26.0,27.0,35.0,16.86,0.0,234.2,41.55,2.0,3.521,-1.0,1.862,4.3,4903
2015-12-24 03:36:00,0.0,0.0,0.0,0.0,0.0,0.0,0.0,289735.0,16.0,0.0,75.59999999999998,59.5,60.0,-0.1,9461.0,1373.0,1378.0,298566.0,-0.0749999999999999,-0.0529999999999999,0.0749999999999999,-0.925,0.031,0.0819999999999999,1.0,0.6179999999999999,272.0,273.7,274.7,275.0,0.818,274.0,0.7909999999999999,274.0,0.8359999999999999,273.0,0.003,13.7,2.0,3.0,0.0,19.31,0.0,-1.633,0.0,-0.003,-0.003,-0.002,-0.008,-0.002,-0.002,-0.002,0.044,0.551,-0.0069999999999999,-0.462,0.2789999999999999,0.0,17.09,17.18,17.24,63.3,17.08,16.98,17.48,0.001,-0.001,0.0,0.0,0.0,0.0,0.0,0.0,0.0,0.0,0.0,0.0,0.0,7.672999999999998,8.0,0.0,0.0,0.0,0.0,0.0,0.0,59.95,6000.0,-1.517,-0.2,2.0,0.0,0.2,0.2,-0.0379999999999999,17.92,17.52,17.31,17.54,17.7,17.38,17.08,17.19,17.38,17.45,17.01,17.62,18.63,18.67,26.0,27.0,35.0,16.89,0.0,283.3,32.44,2.0,3.521,-1.0,2.327,4.3,4903
2015-12-24 03:37:00,0.0,0.0,0.0,0.0,0.0,0.0,0.0,289735.0,16.0,0.0,75.59999999999998,59.5,60.0,-0.1019999999999999,9461.0,1373.0,1378.0,298566.0,-0.0759999999999999,-0.0449999999999999,0.063,-0.925,0.031,0.0819999999999999,1.0,0.622,272.0,273.7,274.7,275.0,0.818,274.0,0.7909999999999999,274.0,0.8359999999999999,273.0,0.003,13.7,2.0,3.0,0.0,19.31,0.0,-1.533,0.0,-0.003,-0.003,-0.002,-0.0069999999999999,0.0,-0.001,-0.002,0.042,0.5489999999999999,-0.006,-0.466,0.2789999999999999,0.0,17.11,17.18,17.26,26.49,17.08,16.98,17.54,0.001,-0.001,0.0,-0.001,0.0,0.0,0.0,0.0,0.0,0.0,0.0,0.0,0.0,8.05,8.47,0.0,0.0,0.0,0.0,0.0,0.0,59.96,6000.0,-1.5,-0.2,2.0,0.0,0.2,0.2,-0.0379999999999999,17.97,17.57,17.35,17.57,17.74,17.42,17.11,17.24,17.46,17.5,17.07,17.67,18.64,18.69,26.0,27.0,35.0,16.91,0.0,239.7,19.14,2.0,3.519,-1.0,4.158,7.3,4903
2015-12-24 03:38:00,0.0,0.0,0.0,0.0,0.0,0.0,0.0,289735.0,16.0,0.0,75.59999999999998,59.5,60.0,-0.1,9461.0,1373.0,1378.0,298566.0,-0.0749999999999999,-0.047,0.065,-0.925,0.031,0.0819999999999999,1.0,0.6179999999999999,272.0,273.8,274.8,275.0,0.818,274.0,0.7909999999999999,274.0,0.8359999999999999,273.0,0.003,13.7,2.0,3.0,0.0,19.31,0.0,-1.683,0.0,-0.002,-0.003,-0.001,-0.006,0.0,0.0,-0.001,0.039,0.547,-0.004,-0.467,0.2789999999999999,0.0,17.18,17.18,17.28,41.86,17.1,17.02,17.59,0.001,-0.001,0.0,0.0,0.0,0.0,0.0,0.0,0.0,0.0,0.0,0.0,0.0,8.34,8.88,0.0,0.0,0.0,0.0,0.0,0.0,59.96,6000.0,-1.617,-0.2,2.0,0.0,0.2,0.2,-0.0379999999999999,18.02,17.63,17.41,17.61,17.77,17.46,17.15,17.29,17.5,17.55,17.11,17.73,18.66,18.71,26.0,27.0,35.0,16.97,0.0,272.7,46.24,2.0,3.519,-1.0,2.845,6.9,4903
2015-12-24 03:39:00,0.0,0.0,0.0,0.0,0.0,0.0,0.0,289735.0,16.0,0.0,75.59999999999998,59.5,60.0,-0.1,9461.0,1373.0,1378.0,298566.0,-0.0759999999999999,-0.055,0.07,-0.925,0.031,0.0819999999999999,1.0,0.6049999999999999,272.0,273.9,274.9,275.0,0.818,274.0,0.7909999999999999,274.0,0.8359999999999999,273.0,0.003,13.7,2.0,3.0,0.0,19.31,0.0,-1.283,0.0,-0.001,-0.003,0.0,-0.005,0.0,0.0,0.0,0.037,0.545,-0.003,-0.471,0.278,0.0,17.25,17.21,17.34,10.09,17.16,17.08,17.67,0.001,0.0,0.0,0.0,0.0,0.0,0.0,0.0,0.0,0.0,0.0,0.0,0.0,8.199999999999998,9.0,0.0,0.0,0.0,0.0,0.0,0.0,59.96,6000.0,-1.45,-0.2,2.0,0.0,0.2,0.2,-0.0379999999999999,18.1,17.69,17.46,17.65,17.79,17.48,17.19,17.34,17.56,17.59,17.16,17.78,18.69,18.76,26.0,27.0,35.0,17.0,0.0,237.0,27.02,2.0,3.519,-1.0,2.072,3.1,4903
2015-12-24 03:40:00,0.0,0.0,0.0,0.0,0.0,0.0,0.0,289735.0,16.0,0.0,75.59999999999998,59.5,60.0,-0.1019999999999999,9461.0,1373.0,1378.0,298566.0,-0.0749999999999999,-0.052,0.062,-0.925,0.031,0.0819999999999999,1.0,0.6149999999999999,272.0,273.8,274.8,275.0,0.818,274.0,0.7909999999999999,274.0,0.8359999999999999,273.0,0.0,13.61,2.0,3.0,0.0,19.31,0.0,-1.267,0.0,0.0,-0.001,0.0,-0.004,0.0,0.0,0.0,0.291,0.759,-0.003,-0.1989999999999999,0.278,0.0,17.26,17.26,17.37,20.57,17.18,17.13,17.67,0.001,-0.001,0.001,0.0,0.0,0.0,0.0,0.0,0.0,0.0,0.0,0.0,0.0,7.991,8.42,0.0,0.0,0.0,0.0,0.0,0.0,59.96,6000.0,-1.217,-0.2,2.0,0.0,0.2,0.2,-0.0379999999999999,18.08,17.71,17.49,17.67,17.83,17.49,17.21,17.37,17.59,17.61,17.19,17.81,18.7,18.73,26.0,27.0,35.0,17.01,0.0,230.1,57.08,2.0,3.519,-1.0,1.5,3.5,4903
2015-12-24 03:41:00,0.0,0.0,0.0,0.0,0.0,0.0,0.0,289735.0,16.0,0.0,75.59999999999998,59.5,60.0,-0.1,9461.0,1373.0,1378.0,298566.0,-0.0749999999999999,-0.0529999999999999,0.055,-0.925,0.031,0.0819999999999999,1.0,0.6129999999999999,272.0,273.7,274.7,275.0,0.818,274.0,0.7909999999999999,274.0,0.8359999999999999,273.0,0.006,13.61,2.0,3.0,0.0,19.31,0.0,-1.6669999999999998,0.0,-0.001,0.0,0.0,-0.005,0.0,0.0,0.0,0.049,0.557,-0.003,-0.4579999999999999,0.2789999999999999,0.0,17.28,17.28,17.37,52.05,17.18,17.18,17.67,0.0,-0.001,0.0,-0.001,0.0,0.0,0.0,0.0,0.0,0.0,0.0,0.0,0.0,7.797999999999998,8.0,0.0,0.0,0.0,0.0,0.0,0.0,59.94,6000.0,-1.6,-0.2,2.0,0.0,0.2,0.2,-0.0379999999999999,18.05,17.69,17.49,17.67,17.79,17.49,17.21,17.38,17.57,17.6,17.2,17.81,18.68,18.74,26.0,27.0,35.0,17.03,0.0,221.2,57.8,2.0,3.519,-1.0,2.207,3.6,4903
2015-12-24 03:42:00,0.0,0.0,0.0,0.0,0.0,0.0,0.0,289735.0,16.0,0.0,75.59999999999998,59.5,60.0,-0.1,9461.0,1373.0,1378.0,298566.0,-0.0749999999999999,-0.065,0.072,-0.925,0.031,0.0819999999999999,1.0,0.623,272.0,273.9,274.9,275.0,0.818,274.0,0.7909999999999999,274.0,0.8359999999999999,273.0,0.003,13.7,2.0,3.0,0.0,19.31,0.0,-1.567,0.0,-0.002,-0.001,-0.001,-0.005,0.0,0.0,-0.001,0.0449999999999999,0.5529999999999999,-0.003,-0.46,0.2789999999999999,0.0,17.28,17.28,17.37,48.52,17.18,17.18,17.67,0.001,0.0,0.001,0.0,0.0,0.0,0.0,0.0,0.0,0.0,0.0,0.0,0.0,7.745,8.0,0.0,0.0,0.0,0.0,0.0,0.0,59.95,6000.0,-1.55,-0.2,2.0,0.0,0.2,0.2,-0.0379999999999999,18.05,17.68,17.48,17.66,17.8,17.47,17.2,17.38,17.56,17.6,17.19,17.8,18.68,18.72,26.0,27.0,35.0,17.04,0.0,234.7,47.34,2.0,3.519,-1.0,2.34,4.9,4903
2015-12-24 03:43:00,0.0,0.0,0.0,0.0,0.0,0.0,0.0,289735.0,16.0,0.0,75.59999999999998,59.5,60.0,-0.1019999999999999,9461.0,1373.0,1378.0,298566.0,-0.0749999999999999,-0.062,0.072,-0.925,0.031,0.0819999999999999,1.0,0.625,272.0,273.9,274.9,275.0,0.818,274.0,0.7909999999999999,274.0,0.8359999999999999,273.0,0.003,13.7,2.0,3.0,0.0,19.31,0.0,-1.367,0.0,-0.002,-0.003,-0.001,-0.005,0.0,-0.001,-0.001,0.0429999999999999,0.551,-0.003,-0.4639999999999999,0.2789999999999999,0.0,17.28,17.28,17.37,137.8,17.18,17.18,17.67,0.001,0.0,0.001,-0.001,0.0,0.0,0.0,0.0,0.0,0.0,0.0,0.0,0.0,7.689,8.019999999999998,0.0,0.0,0.0,0.0,0.0,0.0,59.96,6000.0,-1.383,-0.2,2.0,0.0,0.2,0.2,-0.0379999999999999,18.06,17.68,17.48,17.67,17.8,17.48,17.21,17.38,17.57,17.59,17.19,17.8,18.7,18.71,26.0,27.0,35.0,17.03,0.0,297.1,61.29,2.0,3.519,-1.0,2.657,5.1,4903
2015-12-24 03:44:00,0.0,0.0,0.0,0.0,0.0,0.0,0.0,289735.0,16.0,0.0,75.59999999999998,59.5,60.0,-0.1,9461.0,1373.0,1378.0,298566.0,-0.0749999999999999,-0.065,0.0449999999999999,-0.925,0.031,0.0819999999999999,1.0,0.633,272.0,274.0,275.0,275.0,0.818,274.0,0.7909999999999999,274.0,0.8359999999999999,273.0,0.003,13.7,2.0,3.0,0.0,19.31,0.0,-1.2,0.0,-0.003,-0.003,-0.001,-0.005,-0.001,-0.001,-0.001,0.0409999999999999,0.5479999999999999,-0.003,-0.467,0.2789999999999999,0.0,17.28,17.26,17.37,22.98,17.18,17.18,17.64,0.001,-0.001,0.001,0.0,0.0,0.0,0.0,0.0,0.0,0.0,0.0,0.0,0.0,7.8439999999999985,8.199999999999998,0.0,0.0,0.0,0.0,0.0,0.0,59.97,6000.0,-1.4169999999999998,-0.2,2.0,0.0,0.2,0.2,-0.0379999999999999,18.02,17.67,17.48,17.66,17.79,17.48,17.19,17.37,17.54,17.57,17.18,17.79,18.7,18.71,26.0,27.0,35.0,17.02,0.0,225.6,40.39,2.0,3.519,-1.0,2.13,4.9,4903
2015-12-24 03:45:00,0.0,0.0,0.0,0.0,0.0,0.0,0.0,289735.0,16.0,0.0,75.59999999999998,59.5,60.0,-0.1019999999999999,9461.0,1373.0,1378.0,298566.0,-0.0749999999999999,-0.063,0.067,-0.925,0.031,0.0819999999999999,1.0,0.6179999999999999,272.0,274.0,275.0,275.0,0.818,274.0,0.7909999999999999,274.0,0.8359999999999999,273.0,0.003,13.7,2.0,3.0,0.0,19.31,0.0,-1.25,0.0,-0.003,-0.003,-0.002,-0.006,-0.003,-0.002,-0.002,0.034,0.541,-0.003,-0.4739999999999999,0.2789999999999999,0.0,17.25,17.28,17.37,21.42,17.18,17.16,17.57,0.001,0.0,0.001,0.0,0.0,0.0,0.0,0.0,0.0,0.0,0.0,0.0,0.0,8.73,9.08,0.0,0.0,0.0,0.0,0.0,0.0,59.97,6000.0,-1.367,-0.2,2.0,0.0,0.2,0.2,-0.0379999999999999,18.0,17.64,17.44,17.64,17.76,17.44,17.18,17.34,17.51,17.55,17.15,17.76,18.69,18.71,26.0,27.0,35.0,17.02,0.0,254.1,34.46,2.0,3.518,-1.0,2.068,3.9,4903
2015-12-24 03:46:00,0.0,0.0,0.0,0.0,0.0,0.0,0.0,289735.0,16.0,0.0,75.59999999999998,59.5,60.0,-0.1019999999999999,9461.0,1373.0,1378.0,298566.0,-0.0749999999999999,-0.07,0.0729999999999999,-0.925,0.031,0.0819999999999999,1.0,0.6149999999999999,272.0,274.0,275.0,275.0,0.818,274.0,0.7909999999999999,274.0,0.8359999999999999,273.0,0.003,13.57,2.0,1.0,0.0,19.31,0.0,-1.1,0.0,-0.003,-0.003,-0.002,-0.006,-0.003,-0.002,-0.002,0.203,0.669,-0.005,-0.2789999999999999,0.278,0.001,17.28,17.28,17.37,17.28,17.18,17.15,17.57,0.0,-0.001,0.001,0.0,0.0,0.0,0.0,0.0,0.0,0.0,0.0,0.0,0.0,9.87,10.37,0.0,0.0,0.0,0.0,0.0,0.0,59.96,6000.0,-1.25,-0.2,2.0,0.0,0.2,0.2,-0.0379999999999999,18.01,17.64,17.44,17.64,17.83,17.43,17.18,17.35,17.55,17.56,17.16,17.76,18.72,18.74,26.0,27.0,35.0,17.0,0.0,220.1,38.8,2.0,3.519,-1.0,2.633,6.4,4903
2015-12-24 03:47:00,0.0,0.0,0.0,0.0,0.0,0.0,0.0,289735.0,16.0,0.0,75.59999999999998,59.5,60.0,-0.1019999999999999,9461.0,1373.0,1378.0,298566.0,-0.0759999999999999,-0.062,0.0579999999999999,-0.925,0.031,0.0819999999999999,1.0,0.6099999999999999,272.0,274.0,275.0,275.0,0.818,274.0,0.7909999999999999,274.0,0.8359999999999999,273.0,0.003,13.7,2.0,3.0,0.0,19.31,0.0,-1.25,0.0,-0.003,-0.003,-0.002,-0.006,-0.003,-0.002,-0.002,0.036,0.544,-0.0069999999999999,-0.465,0.2789999999999999,0.0,17.23,17.28,17.37,24.92,17.18,17.13,17.57,0.001,-0.001,0.001,0.0,0.0,0.0,0.0,0.0,0.0,0.0,0.0,0.0,0.0,9.95,10.52,0.0,0.0,0.0,0.0,0.0,0.0,59.97,6000.0,-1.5,-0.2,2.0,0.0,0.2,0.2,-0.0379999999999999,17.99,17.64,17.42,17.64,17.82,17.44,17.18,17.32,17.53,17.53,17.14,17.74,18.73,18.79,26.0,27.0,35.0,17.0,0.0,209.0,58.0,2.0,3.521,-1.0,3.055,7.2,4903
2015-12-24 03:48:00,0.0,0.0,0.0,0.0,0.0,0.0,0.0,289735.0,16.0,0.0,75.59999999999998,59.5,60.0,-0.1,9461.0,1373.0,1378.0,298566.0,-0.0759999999999999,-0.0529999999999999,0.065,-0.925,0.031,0.0819999999999999,1.0,0.632,272.0,274.0,275.0,275.0,0.818,274.0,0.7909999999999999,274.0,0.8359999999999999,273.0,0.003,13.7,2.0,3.0,0.0,19.32,0.0,-1.433,0.0,-0.004,-0.005,-0.002,-0.0069999999999999,-0.003,-0.002,-0.003,0.039,0.547,-0.0069999999999999,-0.467,0.2789999999999999,0.0,17.2,17.24,17.32,34.39,17.15,17.09,17.52,0.001,-0.001,0.001,-0.001,0.0,0.0,0.0,0.0,0.0,0.0,0.0,0.0,0.0,8.929999999999998,9.07,0.0,0.0,0.0,0.0,0.0,0.0,59.98,6000.0,-1.483,-0.2,2.0,0.0,0.2,0.2,-0.0379999999999999,17.91,17.59,17.36,17.6,17.75,17.4,17.13,17.27,17.44,17.47,17.09,17.68,18.71,18.74,26.0,27.0,35.0,16.97,0.0,226.8,29.0,2.0,3.519,-1.0,1.813,4.8,4903
2015-12-24 03:49:00,0.0,0.0,0.0,0.0,0.0,0.0,0.0,289735.0,16.0,0.0,75.59999999999998,59.5,60.0,-0.1019999999999999,9461.0,1373.0,1378.0,298566.0,-0.0759999999999999,-0.047,0.07,-0.925,0.031,0.0819999999999999,1.0,0.637,272.0,274.0,275.0,275.0,0.818,274.0,0.7909999999999999,274.0,0.8359999999999999,273.0,0.003,13.7,2.0,3.0,0.0,19.32,0.0,-1.517,0.0,-0.006,-0.0069999999999999,-0.004,-0.008,-0.003,-0.003,-0.004,0.0379999999999999,0.545,-0.0069999999999999,-0.466,0.2789999999999999,0.0,17.09,17.18,17.21,27.59,17.05,16.98,17.48,0.001,-0.001,0.0,0.0,0.0,0.0,0.0,0.0,0.0,0.0,0.0,0.0,0.0,7.804999999999999,7.933,0.0,0.0,0.0,0.0,0.0,0.0,59.98,6000.0,-1.5,-0.2,2.0,0.0,0.2,0.2,-0.0379999999999999,17.87,17.5,17.29,17.54,17.7,17.34,17.07,17.21,17.35,17.42,17.01,17.6,18.71,18.71,26.0,27.0,35.0,16.91,0.0,224.8,86.59999999999998,2.0,3.519,-1.0,1.263,4.8,4903
2015-12-24 03:50:00,0.0,0.0,0.0,0.0,0.0,0.0,-1.0,289734.0,16.0,0.0,75.59999999999998,59.5,60.0,-0.1,9461.0,1373.0,1378.0,298566.0,-0.0759999999999999,-0.0529999999999999,0.055,-0.925,0.031,0.0819999999999999,1.0,0.6179999999999999,272.0,274.0,275.0,275.0,0.818,274.0,0.7909999999999999,274.0,0.8359999999999999,273.0,0.003,13.7,2.0,3.0,0.0,19.32,0.0,-1.267,0.0,-0.008,-0.0069999999999999,-0.005,-0.009,-0.006,-0.004,-0.006,0.036,0.544,-0.0069999999999999,-0.467,0.2789999999999999,0.0,17.07,17.1,17.18,41.16,16.98,16.97,17.38,0.0,0.0,0.001,0.0,0.0,0.0,0.0,0.0,0.0,0.0,0.0,0.0,0.0,6.768,7.0,0.0,0.0,0.0,0.0,0.0,0.0,59.97,6000.0,-1.567,-0.2,2.0,0.0,0.2,0.2,-0.0379999999999999,17.8,17.43,17.23,17.48,17.66,17.31,17.02,17.13,17.29,17.34,16.94,17.54,18.7,18.72,26.0,27.0,35.0,16.85,0.0,226.9,24.17,2.0,3.521,-1.0,2.577,4.5,4903
2015-12-24 03:51:00,0.0,0.0,0.0,0.0,0.0,0.0,-1.0,289734.0,16.0,0.0,75.59999999999998,59.5,60.0,-0.1019999999999999,9461.0,1373.0,1378.0,298566.0,-0.0759999999999999,-0.047,0.042,-0.925,0.031,0.0819999999999999,1.0,0.627,272.0,273.9,274.9,275.0,0.818,274.0,0.7909999999999999,274.0,0.8359999999999999,273.0,0.002,13.59,2.0,1.0,0.0,19.33,0.0,-1.433,0.0,-0.009,-0.01,-0.0069999999999999,-0.011,-0.0069999999999999,-0.006,-0.0069999999999999,0.206,0.675,-0.0069999999999999,-0.283,0.278,0.001,16.99,17.02,17.18,36.98,16.95,16.89,17.3,0.001,-0.001,0.001,0.0,0.0,0.0,0.0,0.0,0.0,0.0,0.0,0.0,0.0,6.462999999999999,7.0,0.0,0.0,0.0,0.0,0.0,0.0,59.95,6000.0,-1.517,-0.2,2.0,0.0,0.2,0.2,-0.0379999999999999,17.72,17.37,17.16,17.43,17.62,17.26,16.97,17.05,17.21,17.27,16.86,17.46,18.69,18.73,26.0,27.0,35.0,16.79,0.0,216.0,34.19,2.0,3.521,-1.0,2.082,5.2,4903
2015-12-24 03:52:00,0.0,0.0,0.0,0.0,0.0,0.0,-1.0,289734.0,16.0,0.0,75.59999999999998,59.5,60.0,-0.1019999999999999,9461.0,1373.0,1378.0,298566.0,-0.0759999999999999,-0.048,0.0729999999999999,-0.925,0.031,0.0819999999999999,1.0,0.6179999999999999,272.0,274.0,275.0,275.0,0.818,274.0,0.7909999999999999,274.0,0.8359999999999999,273.0,0.004,13.7,2.0,3.0,0.0,19.33,0.0,-1.383,0.0,-0.009,-0.01,-0.008,-0.011,-0.0069999999999999,-0.005,-0.006,0.036,0.544,-0.009,-0.467,0.2789999999999999,0.0,16.97,16.98,17.08,41.64,16.89,16.85,17.28,0.001,0.0,0.001,-0.001,0.0,0.0,0.0,0.0,0.0,0.0,0.0,0.0,0.0,6.275,7.0,0.0,0.0,0.0,0.0,0.0,0.0,59.95,6000.0,-1.5830000000000002,-0.2,2.0,0.0,0.2,0.2,-0.0379999999999999,17.77,17.35,17.13,17.4,17.61,17.24,16.93,17.01,17.2,17.26,16.82,17.43,18.72,18.74,26.0,27.0,35.0,16.75,0.0,272.9,45.11,2.0,3.519,-1.0,2.363,5.0,4903
2015-12-24 03:53:00,0.0,0.0,0.0,0.0,0.0,0.0,-1.0,289734.0,16.0,0.0,75.59999999999998,59.5,60.0,-0.1,9461.0,1373.0,1378.0,298566.0,-0.0759999999999999,-0.0599999999999999,0.0579999999999999,-0.925,0.031,0.0819999999999999,1.0,0.6179999999999999,272.0,274.0,275.0,275.0,0.818,274.0,0.7909999999999999,274.0,0.8359999999999999,273.0,0.003,13.7,2.0,3.0,0.0,19.33,0.0,-1.167,0.0,-0.008,-0.01,-0.0069999999999999,-0.011,-0.0069999999999999,-0.004,-0.006,0.037,0.545,-0.01,-0.471,0.2789999999999999,0.0,16.96,16.98,17.08,30.99,16.89,16.79,17.28,0.001,0.0,0.001,0.0,0.0,0.0,0.0,0.0,0.0,0.0,0.0,0.0,0.0,6.344,7.0,0.0,0.0,0.0,0.0,0.0,0.0,59.95,6000.0,-1.5,-0.2,2.0,0.0,0.2,0.2,-0.0379999999999999,17.79,17.37,17.14,17.4,17.6,17.25,16.94,17.0,17.21,17.26,16.81,17.45,18.73,18.82,26.0,27.0,35.0,16.76,0.0,214.4,43.51,2.0,3.521,-1.0,2.323,5.5,4903
2015-12-24 03:54:00,0.0,0.0,0.0,0.0,0.0,0.0,-1.0,289734.0,16.0,0.0,75.59999999999998,59.5,60.0,-0.1,9461.0,1373.0,1378.0,298566.0,-0.0749999999999999,-0.0579999999999999,0.065,-0.925,0.031,0.0819999999999999,1.0,0.6179999999999999,272.0,273.8,274.8,275.0,0.818,274.0,0.7909999999999999,274.0,0.8359999999999999,273.0,0.003,13.7,2.0,3.0,0.0,19.33,0.0,-1.383,0.0,-0.0069999999999999,-0.008,-0.006,-0.01,-0.004,-0.003,-0.004,0.0299999999999999,0.5379999999999999,-0.0069999999999999,-0.4779999999999999,0.2789999999999999,0.0,16.99,16.98,17.08,21.01,16.89,16.87,17.28,0.001,0.0,0.001,-0.001,0.0,0.0,0.0,0.0,0.0,0.0,0.0,0.0,0.0,6.492000000000001,7.0,0.0,0.0,0.0,0.0,0.0,0.0,59.95,6000.0,-1.433,-0.2,2.0,0.0,0.2,0.2,-0.0379999999999999,17.84,17.41,17.18,17.43,17.68,17.3,16.98,17.01,17.27,17.28,16.82,17.48,18.75,18.85,26.0,27.0,35.0,16.79,0.0,218.0,52.26,2.0,3.519,-1.0,3.708,6.3,4903
2015-12-24 03:55:00,0.0,0.0,0.0,0.0,0.0,0.0,-1.0,289734.0,16.0,0.0,75.59999999999998,59.5,60.0,-0.105,9461.0,1373.0,1378.0,298566.0,-0.0749999999999999,-0.055,0.072,-0.926,0.031,0.0819999999999999,1.0,0.6129999999999999,272.0,273.6,274.6,275.0,0.818,274.0,0.7909999999999999,274.0,0.8359999999999999,273.0,0.003,13.7,2.0,3.0,0.0,19.32,0.0,-1.467,0.0,-0.006,-0.0069999999999999,-0.006,-0.009,-0.003,-0.002,-0.003,0.0289999999999999,0.537,-0.0069999999999999,-0.476,0.2789999999999999,0.0,17.04,17.03,17.16,59.95,16.98,16.89,17.31,0.001,-0.001,0.0,0.0,0.0,0.0,0.0,0.0,0.0,0.0,0.0,0.0,0.0,6.782,7.0,0.0,0.0,0.0,0.0,0.0,0.0,59.96,6000.0,-1.617,-0.2,2.0,0.0,0.2,0.2,-0.0379999999999999,17.89,17.44,17.21,17.46,17.69,17.31,17.0,17.04,17.32,17.32,16.85,17.52,18.81,18.89,26.0,27.0,35.0,16.83,0.0,225.3,34.89,2.0,3.518,-1.0,2.018,4.6,4903
2015-12-24 03:56:00,0.0,0.0,0.0,0.0,0.0,0.0,-1.0,289734.0,16.0,0.0,75.59999999999998,59.5,60.0,-0.1019999999999999,9461.0,1373.0,1378.0,298566.0,-0.0749999999999999,-0.0579999999999999,0.065,-0.926,0.031,0.081,1.0,0.6179999999999999,272.0,273.8,274.8,275.0,0.818,274.0,0.7909999999999999,274.0,0.8359999999999999,273.0,0.003,13.7,2.0,3.0,0.0,19.32,0.0,-1.383,0.0,-0.004,-0.005,-0.003,-0.0069999999999999,-0.003,-0.001,-0.002,0.435,0.8859999999999999,-0.0069999999999999,-0.3449999999999999,0.2789999999999999,0.0,17.07,17.13,17.18,36.81,17.02,16.98,17.38,0.001,0.0,0.001,0.0,0.0,0.0,0.0,0.0,0.0,0.0,0.0,0.0,0.0,7.207999999999998,7.532999999999999,0.0,0.0,0.0,0.0,0.0,0.0,59.96,6000.0,-1.5,-0.2,2.0,0.0,0.2,0.2,-0.0379999999999999,17.97,17.51,17.27,17.52,17.74,17.37,17.06,17.1,17.39,17.39,16.91,17.58,18.82,18.91,26.0,27.0,35.0,16.89,0.0,258.5,43.23,2.0,3.519,-1.0,4.708,11.5,4903
2015-12-24 03:57:00,0.0,0.0,0.0,0.0,0.0,0.0,-1.0,289734.0,16.0,0.0,75.59999999999998,59.5,60.0,-0.1,9461.0,1373.0,1378.0,298566.0,-0.0749999999999999,-0.057,0.047,-0.926,0.031,0.081,1.0,0.6179999999999999,272.0,273.8,274.8,275.0,0.818,274.0,0.7909999999999999,274.0,0.8359999999999999,273.0,0.002,13.49,2.0,3.0,0.0,19.32,0.0,-1.5830000000000002,0.0,-0.003,-0.003,-0.002,-0.005,0.0,0.0,0.0,0.039,0.568,-0.0069999999999999,-0.4729999999999999,0.2789999999999999,0.001,17.12,17.18,17.26,43.08,17.12,16.98,17.48,0.001,0.0,0.0,0.0,0.0,0.0,0.0,0.0,0.0,0.0,0.0,0.0,0.0,7.796,8.019999999999998,0.0,0.0,0.0,0.0,0.0,0.0,59.96,6000.0,-1.5830000000000002,-0.2,2.0,0.0,0.2,0.2,-0.0379999999999999,18.07,17.62,17.37,17.61,17.86,17.44,17.16,17.19,17.51,17.51,17.01,17.69,18.87,18.89,26.0,26.98,35.0,16.95,0.0,241.0,61.21,2.0,3.519,-1.0,2.123,5.9,4903
2015-12-24 03:58:00,0.0,0.0,0.0,0.0,0.0,0.0,-1.0,289734.0,16.0,0.0,75.59999999999998,59.5,60.0,-0.1019999999999999,9461.0,1373.0,1378.0,298566.0,-0.0749999999999999,-0.048,0.072,-0.926,0.031,0.081,1.0,0.6169999999999999,272.0,273.7,274.7,275.0,0.818,274.0,0.7909999999999999,274.0,0.8359999999999999,273.0,0.003,13.7,2.0,3.0,0.0,19.32,0.0,-1.5830000000000002,0.0,-0.002,-0.003,0.0,-0.004,0.0,0.001,0.0,0.0279999999999999,0.536,-0.005,-0.4779999999999999,0.2789999999999999,0.0,17.25,17.21,17.32,25.16,17.18,17.08,17.53,0.001,0.0,0.0,0.0,0.0,0.0,0.0,0.0,0.0,0.0,0.0,0.0,0.0,8.24,8.779999999999998,0.0,0.0,0.0,0.0,0.0,0.0,59.95,6000.0,-1.55,-0.2,2.0,0.0,0.2,0.2,-0.0379999999999999,18.11,17.68,17.44,17.66,17.85,17.49,17.21,17.25,17.55,17.56,17.08,17.76,18.83,18.89,26.0,26.97,35.0,17.01,0.0,278.3,54.03,2.0,3.518,-1.0,1.942,3.9,4903
2015-12-24 03:59:00,0.0,0.0,0.0,0.0,0.0,0.0,-1.0,289734.0,16.0,0.0,75.59999999999998,59.5,60.0,-0.1,9461.0,1373.0,1378.0,298566.0,-0.0749999999999999,-0.042,0.065,-0.926,0.031,0.081,1.0,0.6179999999999999,272.0,273.5,274.5,275.0,0.818,274.0,0.7909999999999999,274.0,0.8359999999999999,273.0,0.003,13.7,2.0,3.0,0.0,19.31,0.0,-1.5,0.0,-0.002,-0.002,0.001,-0.003,0.0,0.001,0.001,0.0299999999999999,0.537,-0.003,-0.476,0.2789999999999999,0.0,17.28,17.28,17.37,37.61,17.18,17.18,17.57,0.001,0.0,0.0,0.0,0.0,0.0,0.0,0.0,0.0,0.0,0.0,0.0,0.0,8.47,9.0,0.0,0.0,0.0,0.0,0.0,0.0,59.96,6000.0,-1.483,-0.2,2.0,0.0,0.2,0.2,-0.0379999999999999,18.15,17.73,17.49,17.7,17.88,17.53,17.25,17.31,17.58,17.61,17.13,17.81,18.8,18.85,26.0,26.97,35.0,17.05,0.0,233.9,59.8,2.0,3.519,-1.0,1.868,3.3,4903
2015-12-24 04:00:00,0.0,0.0,0.0,0.0,0.0,0.0,-1.0,289734.0,16.0,0.0,75.59999999999998,59.5,60.0,-0.1,9461.0,1373.0,1378.0,298566.0,-0.0749999999999999,-0.052,0.05,-0.925,0.031,0.0819999999999999,1.0,0.625,272.0,273.6,274.6,275.0,0.818,274.0,0.7909999999999999,274.0,0.8359999999999999,273.0,0.003,13.7,2.0,3.0,0.0,19.31,0.0,-1.383,0.0,-0.002,-0.001,0.002,-0.003,0.0,0.001,0.0,0.037,0.545,-0.003,-0.4679999999999999,0.2789999999999999,0.0,17.28,17.28,17.37,20.74,17.2,17.18,17.62,0.001,0.0,0.001,0.0,0.0,0.0,0.0,0.0,0.0,0.0,0.0,0.0,0.0,8.49,9.0,0.0,0.0,0.0,0.0,0.0,0.0,59.96,6000.0,-1.617,-0.2,2.0,0.0,0.2,0.2,-0.0379999999999999,18.18,17.77,17.53,17.73,17.9,17.54,17.28,17.35,17.62,17.64,17.17,17.85,18.81,18.84,26.0,27.0,35.0,17.06,0.0,261.3,33.15,2.0,3.519,-1.0,2.613,6.2,4903
2015-12-24 04:01:00,0.0,0.0,0.0,0.0,0.0,0.0,-1.0,289734.0,16.0,0.0,75.59999999999998,59.5,60.0,-0.1019999999999999,9461.0,1373.0,1378.0,298566.0,-0.0749999999999999,-0.052,0.055,-0.925,0.031,0.0819999999999999,1.0,0.6169999999999999,272.0,273.3,274.3,275.0,0.818,274.0,0.7909999999999999,274.0,0.8359999999999999,273.0,0.003,13.7,2.0,3.0,0.0,19.31,0.0,-1.483,0.0,-0.002,-0.003,0.002,-0.002,0.0,0.002,0.001,0.036,0.5429999999999999,-0.003,-0.4679999999999999,0.2789999999999999,0.0,17.3,17.34,17.37,28.54,17.24,17.18,17.72,0.001,-0.001,0.001,0.0,0.0,0.0,0.0,0.0,0.0,0.0,0.0,0.0,0.0,8.349999999999998,9.0,0.0,0.0,0.0,0.0,0.0,0.0,59.95,6000.0,-1.5830000000000002,-0.2,2.0,0.0,0.2,0.2,-0.0379999999999999,18.27,17.85,17.6,17.78,17.97,17.59,17.32,17.43,17.72,17.72,17.25,17.92,18.87,18.9,26.0,26.87,35.0,17.1,0.0,281.7,53.06,2.0,3.519,-1.0,4.175,7.0,4903
2015-12-24 04:02:00,0.0,0.0,0.0,0.0,0.0,0.0,-1.0,289734.0,16.0,0.0,75.59999999999998,59.5,60.0,-0.1,9461.0,1373.0,1378.0,298566.0,-0.0749999999999999,-0.052,0.0749999999999999,-0.925,0.031,0.0819999999999999,1.0,0.6099999999999999,272.0,273.1,274.1,275.0,0.818,274.0,0.7909999999999999,274.0,0.8359999999999999,273.0,0.003,13.56,2.0,1.0,0.0,19.31,0.0,-1.7,0.0,-0.001,0.0,0.003,-0.001,0.0,0.003,0.002,0.184,0.654,-0.003,-0.2899999999999999,0.278,0.001,17.36,17.37,17.47,29.3,17.34,17.28,17.77,0.001,0.0,0.001,0.0,0.0,0.0,0.0,0.0,0.0,0.0,0.0,0.0,0.0,8.109999999999998,8.38,0.0,0.0,0.0,0.0,0.0,0.0,59.95,6000.0,-1.567,-0.2,2.0,0.0,0.2,0.2,-0.0379999999999999,18.32,17.94,17.67,17.83,18.02,17.66,17.37,17.5,17.77,17.78,17.32,18.01,18.89,18.93,26.0,26.53,35.0,17.18,0.0,245.7,34.83,2.0,3.519,-1.0,4.248,7.3,4903
2015-12-24 04:03:00,0.0,0.0,0.0,0.0,0.0,0.0,-1.0,289734.0,16.0,0.0,75.59999999999998,59.5,60.0,-0.1019999999999999,9461.0,1373.0,1378.0,298566.0,-0.0749999999999999,-0.067,0.055,-0.925,0.031,0.081,1.0,0.6149999999999999,271.8,273.0,274.0,275.0,0.818,274.0,0.7909999999999999,273.6,0.8359999999999999,273.0,0.003,13.7,2.0,3.0,0.0,19.31,0.0,-1.483,0.0,-0.001,0.0,0.004,-0.001,0.0,0.002,0.001,0.0379999999999999,0.546,-0.003,-0.467,0.2789999999999999,0.0,17.44,17.41,17.54,78.65,17.37,17.33,17.82,0.001,-0.001,0.001,-0.001,0.0,0.0,0.0,0.0,0.0,0.0,0.0,0.0,0.0,8.099999999999998,8.199999999999998,0.0,0.0,0.0,0.0,0.0,0.0,59.95,6000.0,-1.5830000000000002,-0.2,2.0,0.0,0.2,0.2,-0.0379999999999999,18.27,17.92,17.68,17.85,18.01,17.65,17.39,17.54,17.77,17.8,17.36,18.01,18.85,18.87,26.0,26.78,35.0,17.23,0.0,212.8,40.2,2.0,3.519,-1.0,2.667,6.5,4903
2015-12-24 04:04:00,0.0,0.0,0.0,0.0,0.0,0.0,-1.0,289734.0,16.0,0.0,75.59999999999998,59.5,60.0,-0.1019999999999999,9461.0,1373.0,1378.0,298566.0,-0.0749999999999999,-0.057,0.0599999999999999,-0.925,0.031,0.081,1.0,0.6049999999999999,271.8,273.0,274.0,275.0,0.818,274.0,0.7909999999999999,273.6,0.8359999999999999,273.0,0.003,13.7,2.0,3.0,0.0,19.32,0.0,-1.433,0.0,0.0,0.0,0.003,-0.001,0.0,0.001,0.001,0.04,0.5479999999999999,-0.003,-0.467,0.2789999999999999,0.0,17.48,17.47,17.57,47.37,17.37,17.37,17.82,0.001,-0.001,0.001,0.0,0.0,0.0,0.0,0.0,0.0,0.0,0.0,0.0,0.0,7.942,8.08,0.0,0.0,0.0,0.0,0.0,0.0,59.95,6000.0,-1.433,-0.2,2.0,0.0,0.2,0.2,-0.0379999999999999,18.27,17.92,17.68,17.86,18.02,17.66,17.39,17.55,17.8,17.81,17.37,18.01,18.85,18.86,26.0,26.83,35.0,17.25,0.0,258.0,23.53,2.0,3.519,-1.0,3.708,7.9,4903
2015-12-24 04:05:00,0.0,0.0,0.0,0.0,0.0,0.0,-1.0,289734.0,16.0,0.0,75.59999999999998,59.5,60.0,-0.1,9461.0,1373.0,1378.0,298566.0,-0.0749999999999999,-0.047,0.068,-0.925,0.031,0.081,1.0,0.6019999999999999,271.7,273.0,274.0,275.0,0.818,273.8,0.7909999999999999,273.4,0.8359999999999999,273.0,0.003,13.7,2.0,3.0,0.0,19.32,0.0,-1.433,0.0,0.0,0.0,0.003,-0.001,0.0,0.001,0.002,0.04,0.547,-0.003,-0.466,0.2789999999999999,0.0,17.48,17.47,17.6,45.44,17.44,17.37,17.87,0.001,0.0,0.001,0.0,0.0,0.0,0.0,0.0,0.0,0.0,0.0,0.0,0.0,7.831,8.0,0.0,0.0,0.0,0.0,0.0,0.0,59.94,6000.0,-1.617,-0.2,2.0,0.0,0.2,0.2,-0.0379999999999999,18.31,17.96,17.72,17.88,18.06,17.68,17.42,17.6,17.84,17.86,17.41,18.05,18.88,18.91,26.0,26.8,34.98,17.3,0.0,222.7,23.12,2.0,3.519,-1.0,4.138,7.0,4903
2015-12-24 04:06:00,0.0,0.0,0.0,0.0,0.0,0.0,-1.0,289734.0,16.0,0.0,75.59999999999998,59.5,60.0,-0.1,9461.0,1373.0,1378.0,298566.0,-0.0749999999999999,-0.047,0.057,-0.925,0.031,0.081,1.0,0.6079999999999999,271.7,273.0,274.0,275.0,0.818,273.8,0.7909999999999999,273.0,0.8359999999999999,273.0,0.003,13.7,2.0,3.0,0.0,19.33,0.0,-1.3330000000000002,0.0,0.001,0.0,0.003,-0.001,0.0,0.001,0.001,0.0379999999999999,0.545,-0.003,-0.4679999999999999,0.2789999999999999,0.0,17.48,17.47,17.64,34.69,17.47,17.37,17.87,0.001,0.0,0.001,0.0,0.0,0.0,0.0,0.0,0.0,0.0,0.0,0.0,0.0,7.8279999999999985,8.0,0.0,0.0,0.0,0.0,0.0,0.0,59.95,6000.0,-1.383,-0.2,2.0,0.0,0.2,0.2,-0.0379999999999999,18.32,18.0,17.75,17.91,18.08,17.7,17.45,17.64,17.87,17.88,17.45,18.08,18.86,18.91,26.0,26.82,35.0,17.33,0.0,214.9,54.37,2.0,3.519,-1.0,3.068,6.4,4903
2015-12-24 04:07:00,0.0,0.0,0.0,0.0,0.0,0.0,-1.0,289734.0,16.0,0.0,75.59999999999998,59.5,60.0,-0.103,9461.0,1373.0,1378.0,298566.0,-0.0749999999999999,-0.04,0.057,-0.925,0.031,0.081,1.0,0.6049999999999999,271.6,273.0,274.0,275.0,0.818,273.9,0.7909999999999999,273.0,0.8359999999999999,273.0,-0.001,13.53,2.0,1.0,0.0,19.33,0.0,-1.3330000000000002,0.0,0.0,0.0,0.003,-0.001,0.0,0.001,0.001,0.217,0.672,-0.003,-0.28,0.278,0.001,17.57,17.57,17.66,39.97,17.47,17.47,17.9,0.001,-0.001,0.0,0.0,0.0,0.0,0.0,0.0,0.0,0.0,0.0,0.0,0.0,7.715,8.0,0.0,0.0,0.0,0.0,0.0,0.0,59.95,6000.0,-1.517,-0.2,2.0,0.0,0.2,0.2,-0.0379999999999999,18.34,18.01,17.76,17.93,18.1,17.71,17.47,17.66,17.87,17.91,17.47,18.09,18.88,18.94,26.0,26.77,34.98,17.36,0.0,245.3,62.71,2.0,3.519,-1.0,3.05,6.4,4903
2015-12-24 04:08:00,0.0,0.0,0.0,0.0,0.0,0.0,-1.0,289734.0,16.0,0.0,75.59999999999998,59.5,60.0,-0.1019999999999999,9461.0,1373.0,1378.0,298566.0,-0.0749999999999999,-0.057,0.0749999999999999,-0.925,0.031,0.081,1.0,0.6149999999999999,271.6,273.0,274.0,275.0,0.818,273.1,0.7909999999999999,273.0,0.8359999999999999,273.0,0.0069999999999999,13.53,2.0,3.0,0.0,19.34,0.0,-1.317,0.0,0.001,0.0,0.003,-0.001,0.0,0.002,0.002,0.0299999999999999,0.537,-0.003,-0.4779999999999999,0.2789999999999999,0.001,17.57,17.57,17.75,35.5,17.54,17.47,17.96,0.001,-0.001,0.001,0.0,0.0,0.0,0.0,0.0,0.0,0.0,0.0,0.0,0.0,7.558,8.0,0.0,0.0,0.0,0.0,0.0,0.0,59.95,6000.0,-1.567,-0.2,2.0,0.0,0.2,0.2,-0.0379999999999999,18.4,18.07,17.81,17.98,18.17,17.75,17.51,17.69,17.9,17.94,17.51,18.15,18.94,19.01,26.0,26.23,34.88,17.41,0.0,249.1,50.08,2.0,3.521,-1.0,3.312,8.599999999999998,4903
2015-12-24 04:09:00,0.0,0.0,0.0,0.0,0.0,0.0,-1.0,289734.0,16.0,0.0,75.59999999999998,59.5,60.0,-0.1,9461.0,1373.0,1378.0,298566.0,-0.0749999999999999,-0.037,0.062,-0.926,0.031,0.081,1.0,0.6129999999999999,271.3,273.0,274.0,275.0,0.818,273.0,0.7909999999999999,273.0,0.8359999999999999,273.0,0.003,13.7,2.0,3.0,0.0,19.34,0.0,-1.5,0.0,0.0,0.0,0.003,-0.001,0.0,0.002,0.003,0.0289999999999999,0.537,-0.003,-0.4779999999999999,0.2789999999999999,0.0,17.59,17.6,17.76,34.19,17.57,17.54,17.96,0.002,-0.001,0.0,0.0,0.0,0.0,0.0,0.0,0.0,0.0,0.0,0.0,0.0,7.341,7.917,0.0,0.0,0.0,0.0,0.0,0.0,59.95,6000.0,-1.6,-0.2,2.0,0.0,0.2,0.2,-0.0379999999999999,18.4,18.09,17.84,18.0,18.15,17.75,17.53,17.73,17.91,17.96,17.54,18.17,18.95,19.0,26.0,26.07,34.9,17.42,0.0,229.4,25.87,2.0,3.519,-1.0,3.032,6.2,4903
2015-12-24 04:10:00,0.0,0.0,0.0,0.0,0.0,0.0,-1.0,289734.0,16.0,0.0,75.59999999999998,59.5,60.0,-0.1,9461.0,1373.0,1378.0,298566.0,-0.0749999999999999,-0.052,0.05,-0.926,0.031,0.081,1.0,0.6119999999999999,271.5,273.0,274.0,275.0,0.818,273.1,0.7909999999999999,273.0,0.8359999999999999,273.0,0.003,13.7,2.0,3.0,0.0,19.34,0.0,-1.5,0.0,0.0,0.0,0.003,0.0,0.0,0.002,0.002,0.0289999999999999,0.536,-0.003,-0.477,0.2789999999999999,0.0,17.64,17.64,17.76,51.66,17.57,17.57,17.96,0.001,0.0,0.0,0.0,0.0,0.0,0.0,0.0,0.0,0.0,0.0,0.0,0.0,7.172000000000001,7.167000000000001,0.0,0.0,0.0,0.0,0.0,0.0,59.95,6000.0,-1.533,-0.2,2.0,0.0,0.2,0.2,-0.0379999999999999,18.36,18.07,17.83,18.0,18.14,17.76,17.53,17.74,17.92,17.97,17.56,18.16,18.93,18.97,26.0,26.03,34.72,17.44,0.0,197.2,30.2,2.0,3.519,-1.0,3.44,6.2,4903
2015-12-24 04:11:00,0.0,0.0,0.0,0.0,0.0,0.0,-1.0,289734.0,16.0,0.0,75.59999999999998,59.5,60.0,-0.1019999999999999,9461.0,1373.0,1378.0,298566.0,-0.0749999999999999,-0.047,0.072,-0.926,0.031,0.081,1.0,0.6079999999999999,271.3,273.0,274.0,275.0,0.818,273.0,0.7909999999999999,273.0,0.8359999999999999,273.0,0.003,13.7,2.0,3.0,0.0,19.34,0.0,-1.283,0.0,0.0,0.0,0.003,-0.001,0.0,0.001,0.001,0.026,0.5329999999999999,-0.003,-0.4799999999999999,0.2789999999999999,0.0,17.67,17.63,17.76,18.25,17.57,17.57,17.96,0.001,0.0,0.0,0.0,0.0,0.0,0.0,0.0,0.0,0.0,0.0,0.0,0.0,7.002999999999999,7.0,0.0,0.0,0.0,0.0,0.0,0.0,59.95,6000.0,-1.4169999999999998,-0.2,2.0,0.0,0.2,0.2,-0.0379999999999999,18.33,18.05,17.81,17.99,18.14,17.73,17.52,17.75,17.91,17.96,17.55,18.13,18.88,18.94,26.0,26.12,34.85,17.46,0.0,240.9,47.77,2.0,3.519,-1.0,2.858,5.4,4903
2015-12-24 04:12:00,0.0,0.0,0.0,0.0,0.0,0.0,-1.0,289734.0,16.0,0.0,75.59999999999998,59.5,60.0,-0.1,9461.0,1373.0,1378.0,298566.0,-0.0749999999999999,-0.0429999999999999,0.0749999999999999,-0.925,0.031,0.081,1.0,0.6149999999999999,271.0,273.0,274.0,274.6,0.818,273.0,0.7909999999999999,273.0,0.8359999999999999,272.8,0.003,13.7,2.0,3.0,0.0,19.34,0.0,-1.2,0.0,-0.001,-0.003,0.002,-0.002,0.0,0.001,0.0,0.023,0.53,-0.003,-0.476,0.2789999999999999,0.0,17.67,17.59,17.76,63.16,17.57,17.55,17.96,0.0,0.0,0.001,0.0,0.0,0.0,0.0,0.0,0.0,0.0,0.0,0.0,0.0,6.739,7.0,0.0,0.0,0.0,0.0,0.0,0.0,59.95,6000.0,-1.367,-0.2,2.0,0.0,0.2,0.2,-0.0379999999999999,18.36,18.05,17.81,17.99,18.14,17.72,17.52,17.76,17.95,17.97,17.56,18.14,18.9,18.92,26.0,26.12,34.93,17.45,0.0,251.2,38.66,2.0,3.519,-1.0,3.015,5.5,4903
2015-12-24 04:13:00,0.0,0.0,0.0,0.0,0.0,0.0,-1.0,289734.0,16.0,0.0,75.59999999999998,59.5,60.0,-0.1019999999999999,9461.0,1373.0,1378.0,298566.0,-0.0749999999999999,-0.0449999999999999,0.0379999999999999,-0.926,0.031,0.081,1.0,0.6119999999999999,271.0,273.0,274.0,274.7,0.818,273.0,0.7909999999999999,273.0,0.8359999999999999,272.9,0.003,13.52,2.0,1.0,0.0,19.34,0.0,-1.133,0.0,-0.002,-0.003,0.002,-0.002,0.0,0.001,0.001,0.264,0.7309999999999999,-0.003,-0.2119999999999999,0.278,0.001,17.64,17.58,17.76,53.31,17.57,17.57,17.96,0.001,-0.001,0.001,0.0,0.0,0.0,0.0,0.0,0.0,0.0,0.0,0.0,0.0,6.424,7.0,0.0,0.0,0.0,0.0,0.0,0.0,59.96,6000.0,-1.4169999999999998,-0.2,2.0,0.0,0.2,0.2,-0.0379999999999999,18.37,18.07,17.83,18.0,18.15,17.74,17.53,17.77,17.94,17.98,17.57,18.16,18.91,18.93,26.0,26.03,34.8,17.43,0.0,277.7,26.44,2.0,3.519,-1.0,3.29,5.2,4903
2015-12-24 04:14:00,0.0,0.0,0.0,0.0,0.0,0.0,-1.0,289734.0,16.0,0.0,75.59999999999998,59.5,60.0,-0.1,9461.0,1373.0,1378.0,298566.0,-0.0749999999999999,-0.042,0.055,-0.925,0.031,0.081,1.0,0.6119999999999999,271.0,273.0,274.0,274.7,0.818,273.0,0.7909999999999999,273.0,0.8359999999999999,273.0,0.003,13.7,2.0,3.0,0.0,19.34,0.0,-1.3330000000000002,0.0,-0.002,-0.003,0.001,-0.002,0.0,0.001,0.001,0.019,0.527,-0.004,-0.487,0.2789999999999999,0.0,17.57,17.57,17.76,30.53,17.5,17.47,17.96,0.001,0.0,0.0,0.0,0.0,0.0,0.0,0.0,0.0,0.0,0.0,0.0,0.0,6.189,6.95,0.0,0.0,0.0,0.0,0.0,0.0,59.96,6000.0,-1.483,-0.2,2.0,0.0,0.2,0.2,-0.0379999999999999,18.39,18.08,17.85,18.0,18.14,17.74,17.53,17.78,17.94,17.98,17.58,18.17,18.89,18.93,26.0,26.02,34.37,17.41,0.0,279.7,41.77,2.0,3.519,-1.0,2.987,6.4,4903
2015-12-24 04:15:00,0.0,0.0,0.0,0.0,0.0,0.0,-1.0,289734.0,16.0,0.0,75.59999999999998,59.5,60.0,-0.1,9461.0,1373.0,1378.0,298566.0,-0.0749999999999999,-0.0449999999999999,0.067,-0.925,0.031,0.081,1.0,0.622,271.0,273.0,274.0,274.7,0.818,273.0,0.7909999999999999,273.0,0.8359999999999999,272.8,0.003,13.7,2.0,3.0,0.0,19.34,0.0,-1.133,0.0,-0.002,-0.003,0.001,-0.002,0.0,0.001,0.001,0.02,0.528,-0.006,-0.4829999999999999,0.2789999999999999,0.0,17.57,17.58,17.76,37.12,17.49,17.47,17.96,0.001,-0.001,0.0,0.0,0.0,0.0,0.0,0.0,0.0,0.0,0.0,0.0,0.0,6.017,6.4670000000000005,0.0,0.0,0.0,0.0,0.0,0.0,59.97,6000.0,-1.4169999999999998,-0.2,2.0,0.0,0.2,0.2,-0.0379999999999999,18.4,18.09,17.86,18.0,18.14,17.74,17.53,17.77,17.93,17.97,17.57,18.19,18.91,18.93,26.0,26.03,34.58,17.4,0.0,263.3,63.4,2.0,3.519,-1.0,1.972,5.6,4903
2015-12-24 04:16:00,0.0,0.0,0.0,0.0,0.0,0.0,-1.0,289734.0,16.0,0.0,75.59999999999998,59.5,60.0,-0.1,9461.0,1373.0,1378.0,298566.0,-0.0749999999999999,-0.0599999999999999,0.037,-0.925,0.031,0.081,1.0,0.625,271.0,273.0,274.0,274.4,0.818,273.0,0.7909999999999999,273.0,0.8359999999999999,272.2,0.003,13.7,2.0,3.0,0.0,19.34,0.0,-1.117,0.0,-0.003,-0.005,0.0,-0.002,0.0,0.0,-0.001,0.026,0.534,-0.0069999999999999,-0.4799999999999999,0.2789999999999999,0.0,17.54,17.54,17.66,10.13,17.47,17.47,17.92,0.001,0.0,0.0,0.0,0.0,0.0,0.0,0.0,0.0,0.0,0.0,0.0,0.0,5.939,6.082999999999999,0.0,0.0,0.0,0.0,0.0,0.0,59.96,6000.0,-1.35,-0.2,2.0,0.0,0.2,0.2,-0.0379999999999999,18.36,18.06,17.84,17.96,18.08,17.71,17.49,17.74,17.88,17.93,17.54,18.16,18.85,18.83,26.0,26.0,34.33,17.36,0.0,290.0,47.66,2.0,3.519,-1.0,2.942,6.6,4903
2015-12-24 04:17:00,0.0,0.0,0.0,0.0,0.0,0.0,-1.0,289734.0,16.0,0.0,75.59999999999998,59.5,60.0,-0.105,9461.0,1373.0,1378.0,298566.0,-0.0749999999999999,-0.052,0.0529999999999999,-0.925,0.031,0.081,1.0,0.627,271.0,273.0,274.0,274.4,0.818,273.0,0.7909999999999999,273.0,0.8359999999999999,272.4,0.003,13.7,2.0,3.0,0.0,19.34,0.0,-1.2,0.0,-0.004,-0.0069999999999999,0.0,-0.003,0.0,-0.001,-0.001,0.023,0.53,-0.0069999999999999,-0.4829999999999999,0.2789999999999999,0.0,17.47,17.47,17.66,35.88,17.47,17.47,17.95,0.001,0.0,0.0,0.0,0.0,0.0,0.0,0.0,0.0,0.0,0.0,0.0,0.0,5.938,6.0,0.0,0.0,0.0,0.0,0.0,0.0,59.96,6000.0,-1.45,-0.2,2.0,0.0,0.2,0.2,-0.0379999999999999,18.35,18.04,17.8,17.95,18.1,17.69,17.48,17.72,17.89,17.92,17.52,18.13,18.89,18.88,26.0,26.0,34.22,17.34,0.0,281.3,42.0,2.0,3.519,-1.0,3.622,7.9,4903
2015-12-24 04:18:00,0.0,0.0,0.0,0.0,0.0,0.0,-1.0,289734.0,16.0,0.0,75.59999999999998,59.5,60.0,-0.1,9461.0,1373.0,1378.0,298566.0,-0.0749999999999999,-0.048,0.0769999999999999,-0.926,0.031,0.081,1.0,0.622,271.0,273.0,274.0,274.3,0.818,273.0,0.7909999999999999,273.0,0.8359999999999999,272.2,0.002,13.62,2.0,1.0,0.0,19.34,0.0,-1.067,0.0,-0.004,-0.0069999999999999,0.0,-0.003,0.0,0.0,-0.001,0.2739999999999999,0.7390000000000001,-0.0069999999999999,-0.2019999999999999,0.278,0.001,17.48,17.47,17.66,28.18,17.47,17.47,17.95,0.001,-0.001,0.0,0.0,0.0,0.0,0.0,0.0,0.0,0.0,0.0,0.0,0.0,6.138,6.832999999999999,0.0,0.0,0.0,0.0,0.0,0.0,59.96,6000.0,-1.267,-0.2,2.0,0.0,0.2,0.2,-0.0379999999999999,18.37,18.05,17.81,17.95,18.11,17.69,17.49,17.74,17.9,17.93,17.54,18.14,18.9,18.89,26.0,26.02,34.27,17.33,0.0,193.6,49.84,2.0,3.519,-1.0,2.753,5.3,4903
2015-12-24 04:19:00,0.0,0.0,0.0,0.0,0.0,0.0,-1.0,289734.0,16.0,0.0,75.59999999999998,59.5,60.0,-0.1,9461.0,1373.0,1378.0,298566.0,-0.0749999999999999,-0.042,0.0529999999999999,-0.926,0.031,0.081,1.0,0.62,271.0,273.0,274.0,274.4,0.818,273.0,0.7909999999999999,273.0,0.8359999999999999,272.3,0.004,13.7,2.0,3.0,0.0,19.34,0.0,-1.233,0.0,-0.003,-0.005,0.0,-0.003,0.0,-0.001,0.0,0.017,0.524,-0.0069999999999999,-0.4909999999999999,0.2789999999999999,0.0,17.53,17.55,17.66,-4.619,17.47,17.47,17.88,0.001,-0.001,0.001,-0.001,0.0,0.0,0.0,0.0,0.0,0.0,0.0,0.0,0.0,6.617000000000001,7.0,0.0,0.0,0.0,0.0,0.0,0.0,59.97,6000.0,-1.35,-0.2,2.0,0.0,0.2,0.2,-0.0379999999999999,18.34,18.05,17.8,17.96,18.11,17.67,17.49,17.73,17.9,17.9,17.52,18.13,18.9,18.97,26.0,26.0,34.07,17.36,0.0,218.2,21.19,2.0,3.519,-1.0,3.978,6.2,4903
2015-12-24 04:20:00,0.0,0.0,0.0,0.0,0.0,0.0,-1.0,289734.0,16.0,0.0,75.59999999999998,59.5,60.0,-0.103,9461.0,1373.0,1378.0,298566.0,-0.0749999999999999,-0.0379999999999999,0.057,-0.926,0.031,0.081,1.0,0.6179999999999999,271.0,273.0,274.0,274.5,0.818,273.0,0.7909999999999999,273.0,0.8359999999999999,272.4,0.003,13.7,2.0,3.0,0.0,19.35,0.0,-1.067,0.0,-0.003,-0.003,0.0,-0.003,-0.001,0.0,0.0,0.0139999999999999,0.522,-0.0069999999999999,-0.4929999999999999,0.2789999999999999,0.0,17.57,17.55,17.73,72.53,17.47,17.47,17.88,0.001,-0.001,0.0,0.0,0.0,0.0,0.0,0.0,0.0,0.0,0.0,0.0,0.0,7.174,7.517,0.0,0.0,0.0,0.0,0.0,0.0,59.96,6000.0,-1.267,-0.2,2.0,0.0,0.2,0.2,-0.0379999999999999,18.37,18.05,17.8,17.96,18.12,17.7,17.49,17.73,17.88,17.9,17.52,18.11,18.92,18.98,26.0,26.0,34.05,17.37,0.0,264.8,30.56,2.0,3.519,-1.0,3.192,5.9,4903
2015-12-24 04:21:00,0.0,0.0,0.0,0.0,0.0,0.0,-1.0,289734.0,16.0,0.0,75.59999999999998,59.5,60.0,-0.1,9461.0,1373.0,1378.0,298566.0,-0.0749999999999999,-0.0529999999999999,0.0749999999999999,-0.926,0.031,0.081,1.0,0.623,271.0,273.0,274.0,274.3,0.818,273.0,0.7909999999999999,273.0,0.8359999999999999,272.1,0.003,13.7,2.0,3.0,0.0,19.36,0.0,-1.283,0.0,-0.002,-0.003,0.001,-0.003,0.0,0.0,0.001,0.0139999999999999,0.521,-0.006,-0.492,0.2789999999999999,0.0,17.57,17.57,17.75,35.81,17.49,17.47,17.96,0.001,-0.001,0.001,0.0,0.0,0.0,0.0,0.0,0.0,0.0,0.0,0.0,0.0,7.6629999999999985,8.0,0.0,0.0,0.0,0.0,0.0,0.0,59.95,6000.0,-1.45,-0.2,2.0,0.0,0.2,0.2,-0.0379999999999999,18.4,18.08,17.82,17.99,18.17,17.73,17.53,17.76,17.93,17.95,17.56,18.14,18.94,19.05,26.0,26.0,34.0,17.39,0.0,240.1,40.71,2.0,3.519,-1.0,2.767,6.3,4903
2015-12-24 04:22:00,0.0,0.0,0.0,0.0,0.0,0.0,-1.0,289734.0,16.0,0.0,75.59999999999998,59.5,60.0,-0.1,9461.0,1373.0,1378.0,298566.0,-0.0749999999999999,-0.0529999999999999,0.065,-0.926,0.031,0.081,1.0,0.62,271.0,273.0,274.0,274.3,0.818,273.0,0.7909999999999999,273.0,0.8359999999999999,272.1,0.003,13.7,2.0,3.0,0.0,19.36,0.0,-1.083,0.0,-0.002,-0.003,0.002,-0.002,0.0,0.001,0.002,0.016,0.523,-0.004,-0.4899999999999999,0.2789999999999999,0.0,17.57,17.57,17.76,30.4,17.57,17.57,18.05,0.001,0.0,0.0,-0.001,0.0,0.0,0.0,0.0,0.0,0.0,0.0,0.0,0.0,7.912,8.17,0.0,0.0,0.0,0.0,0.0,0.0,59.96,6000.0,-1.317,-0.2,2.0,0.0,0.2,0.2,-0.0379999999999999,18.42,18.12,17.87,18.03,18.22,17.76,17.56,17.81,17.97,18.0,17.6,18.19,18.95,19.04,26.0,26.0,34.0,17.42,0.0,199.0,44.73,2.0,3.519,-1.0,2.373,5.8,4903
2015-12-24 04:23:00,0.0,0.0,0.0,0.0,0.0,0.0,-1.0,289734.0,16.0,0.0,75.59999999999998,59.5,60.0,-0.1,9461.0,1373.0,1378.0,298566.0,-0.0749999999999999,-0.052,0.057,-0.926,0.031,0.081,1.0,0.6079999999999999,271.0,273.0,274.0,274.1,0.818,273.0,0.7909999999999999,273.0,0.8359999999999999,272.0,0.002,13.7,2.0,1.0,0.0,19.36,0.0,-1.217,0.0,-0.001,-0.001,0.002,-0.001,0.0,0.002,0.002,0.16,0.632,-0.003,-0.326,0.2789999999999999,0.0,17.66,17.6,17.76,52.14,17.57,17.57,18.06,0.001,0.0,0.001,-0.001,0.0,0.0,0.0,0.0,0.0,0.0,0.0,0.0,0.0,8.099999999999998,8.4,0.0,0.0,0.0,0.0,0.0,0.0,59.95,6000.0,-1.517,-0.2,2.0,0.0,0.2,0.2,-0.0379999999999999,18.46,18.14,17.9,18.05,18.22,17.78,17.59,17.83,17.99,18.02,17.62,18.22,18.96,19.04,26.0,26.0,34.0,17.45,0.0,236.3,37.77,2.0,3.519,-1.0,2.437,4.4,4903
2015-12-24 04:24:00,0.0,0.0,0.0,0.0,0.0,0.0,-1.0,289734.0,16.0,0.0,75.59999999999998,59.5,60.0,-0.1019999999999999,9461.0,1373.0,1378.0,298566.0,-0.0749999999999999,-0.0529999999999999,0.0529999999999999,-0.926,0.031,0.081,1.0,0.6079999999999999,271.0,273.0,274.0,274.2,0.818,273.0,0.7909999999999999,273.0,0.8359999999999999,272.0,0.004,13.49,2.0,1.0,0.0,19.36,0.0,-1.367,0.0,-0.001,-0.002,0.002,-0.001,0.0,0.002,0.002,0.025,0.528,-0.003,-0.4679999999999999,0.2789999999999999,0.001,17.67,17.58,17.76,31.32,17.57,17.57,18.06,0.001,0.0,0.0,0.0,0.0,0.0,0.0,0.0,0.0,0.0,0.0,0.0,0.0,8.099999999999998,8.37,0.0,0.0,0.0,0.0,0.0,0.0,59.96,6000.0,-1.533,-0.2,2.0,0.0,0.2,0.2,-0.0379999999999999,18.47,18.16,17.93,18.07,18.23,17.8,17.6,17.83,17.99,18.03,17.63,18.25,18.95,19.05,26.0,26.0,34.0,17.46,0.0,245.0,45.97,2.0,3.519,-1.0,2.928,4.8,4903
2015-12-24 04:25:00,0.0,0.0,0.0,0.0,0.0,0.0,-1.0,289734.0,16.0,0.0,75.59999999999998,59.5,60.0,-0.1,9461.0,1373.0,1378.0,298566.0,-0.0749999999999999,-0.047,0.063,-0.926,0.031,0.081,1.0,0.6029999999999999,271.0,273.0,274.0,274.0,0.818,273.0,0.7909999999999999,273.0,0.8359999999999999,272.0,0.003,13.7,2.0,3.0,0.0,19.36,0.0,-1.133,0.0,-0.002,-0.003,0.002,-0.001,0.0,0.002,0.002,0.023,0.531,-0.003,-0.4779999999999999,0.2789999999999999,0.0,17.67,17.63,17.76,36.42,17.57,17.57,18.06,0.001,-0.001,0.001,-0.001,0.0,0.0,0.0,0.0,0.0,0.0,0.0,0.0,0.0,8.23,8.9,0.0,0.0,0.0,0.0,0.0,0.0,59.95,6000.0,-1.467,-0.2,2.0,0.0,0.2,0.2,-0.0379999999999999,18.48,18.18,17.94,18.08,18.21,17.82,17.61,17.84,18.0,18.05,17.64,18.26,18.95,19.0,26.0,26.0,34.0,17.47,0.0,237.5,29.11,2.0,3.519,-1.0,2.177,4.1,4903
2015-12-24 04:26:00,0.0,0.0,0.0,0.0,0.0,0.0,-1.0,289734.0,16.0,0.0,75.59999999999998,59.5,60.0,-0.1,9461.0,1373.0,1378.0,298566.0,-0.0749999999999999,-0.037,0.0579999999999999,-0.926,0.031,0.081,1.0,0.6019999999999999,271.0,273.0,274.0,274.0,0.818,273.0,0.7909999999999999,273.0,0.8359999999999999,272.0,0.003,13.7,2.0,3.0,0.0,19.36,0.0,-1.217,0.0,-0.002,-0.003,0.002,-0.001,-0.001,0.001,0.001,0.0279999999999999,0.535,-0.003,-0.4779999999999999,0.2789999999999999,0.0,17.67,17.58,17.76,38.39,17.57,17.57,18.06,0.001,-0.001,0.0,0.0,0.0,0.0,0.0,0.0,0.0,0.0,0.0,0.0,0.0,8.49,9.0,0.0,0.0,0.0,0.0,0.0,0.0,59.96,6000.0,-1.45,-0.2,2.0,0.0,0.2,0.2,-0.0379999999999999,18.45,18.18,17.94,18.06,18.24,17.8,17.55,17.84,18.0,18.05,17.63,18.26,18.97,19.01,26.0,26.0,34.0,17.47,0.0,217.2,44.48,2.0,3.519,-1.0,2.35,6.2,4903
2015-12-24 04:27:00,0.0,0.0,0.0,0.0,0.0,0.0,-1.0,289734.0,16.0,0.0,75.59999999999998,59.5,60.0,-0.1,9461.0,1373.0,1378.0,298566.0,-0.0749999999999999,-0.048,0.0599999999999999,-0.926,0.031,0.081,1.0,0.5999999999999999,271.0,273.0,274.0,274.0,0.818,273.0,0.7909999999999999,273.0,0.8359999999999999,272.0,0.003,13.7,2.0,3.0,0.0,19.37,0.0,-1.167,0.0,-0.004,-0.003,0.0,-0.002,-0.003,-0.002,-0.001,0.0289999999999999,0.536,-0.006,-0.477,0.2789999999999999,0.0,17.57,17.54,17.7,33.58,17.45,17.44,18.03,0.001,0.0,0.0,0.0,0.0,0.0,0.0,0.0,0.0,0.0,0.0,0.0,0.0,8.56,9.0,0.0,0.0,0.0,0.0,0.0,0.0,59.96,6000.0,-1.45,-0.2,2.0,0.0,0.2,0.2,-0.0379999999999999,18.35,18.09,17.85,17.85,18.09,17.67,17.32,17.78,17.94,18.0,17.56,18.14,18.99,19.04,26.0,26.0,34.0,17.42,0.0,247.0,58.22,2.0,3.521,-1.0,3.248,6.8,4903
2015-12-24 04:28:00,0.0,0.0,0.0,0.0,0.0,0.0,-1.0,289734.0,16.0,0.0,75.59999999999998,59.5,60.0,-0.1,9461.0,1373.0,1378.0,298566.0,-0.0749999999999999,-0.05,0.065,-0.926,0.031,0.081,1.0,0.5979999999999999,271.0,273.0,274.0,274.0,0.818,273.0,0.7909999999999999,273.0,0.8359999999999999,272.0,0.003,13.7,2.0,3.0,0.0,19.39,0.0,-1.133,0.0,-0.006,-0.006,-0.001,-0.004,-0.0069999999999999,-0.005,-0.003,0.0279999999999999,0.536,-0.009,-0.4749999999999999,0.2789999999999999,0.0,17.46,17.41,17.58,171.2,17.36,17.36,17.9,0.001,-0.001,0.0,0.0,0.0,0.0,0.0,0.0,0.0,0.0,0.0,0.0,0.0,8.8,9.0,0.0,0.0,0.0,0.0,0.0,0.0,59.95,6000.0,-1.4169999999999998,-0.2,2.0,0.0,0.2,0.2,-0.0379999999999999,18.19,17.96,17.72,17.65,17.91,17.52,17.16,17.7,17.82,17.89,17.45,18.0,18.97,19.03,26.0,26.0,34.0,17.31,0.0,248.7,62.46,2.0,3.519,-1.0,2.11,4.8,4903
2015-12-24 04:29:00,0.0,0.0,0.0,0.0,0.0,0.0,-1.0,289734.0,16.0,0.0,75.59999999999998,59.5,60.0,-0.1,9461.0,1373.0,1378.0,298566.0,-0.0749999999999999,-0.0379999999999999,0.047,-0.926,0.031,0.081,1.0,0.5969999999999999,271.0,273.0,274.0,274.0,0.818,273.0,0.7909999999999999,273.0,0.8359999999999999,272.0,0.004,13.56,2.0,1.0,0.0,19.39,0.0,-1.15,0.0,-0.009,-0.0069999999999999,-0.003,-0.0069999999999999,-0.0069999999999999,-0.008,-0.004,0.37,0.842,-0.011,-0.114,0.278,0.001,17.39,17.34,17.47,36.26,17.28,17.23,17.8,0.001,0.0,0.0,0.0,0.0,0.0,0.0,0.0,0.0,0.0,0.0,0.0,0.0,9.35,9.85,0.0,0.0,0.0,0.0,0.0,0.0,59.95,6000.0,-1.367,-0.2,2.0,0.0,0.2,0.2,-0.0379999999999999,18.11,17.84,17.62,17.54,17.82,17.43,17.05,17.61,17.72,17.78,17.36,17.9,18.94,18.98,26.0,26.0,34.0,17.24,0.0,181.5,39.08,2.0,3.519,-1.0,2.64,6.5,4903
2015-12-24 04:30:00,0.0,0.0,0.0,0.0,0.0,0.0,-1.0,289734.0,16.0,0.0,75.59999999999998,59.5,60.0,-0.1,9461.0,1373.0,1378.0,298566.0,-0.0749999999999999,-0.0529999999999999,0.05,-0.926,0.031,0.081,1.0,0.5979999999999999,271.0,273.0,274.0,274.0,0.818,273.0,0.7909999999999999,273.0,0.8359999999999999,272.0,0.004,13.7,2.0,3.0,0.0,19.39,0.0,-1.083,0.0,-0.01,-0.009,-0.005,-0.009,-0.0069999999999999,-0.009,-0.005,0.023,0.53,-0.0139999999999999,-0.4829999999999999,0.2789999999999999,0.0,17.36,17.28,17.37,71.55,17.18,17.18,17.72,0.001,-0.001,0.0,0.0,0.0,0.0,0.0,0.0,0.0,0.0,0.0,0.0,0.0,9.15,9.35,0.0,0.0,0.0,0.0,0.0,0.0,59.95,6000.0,-1.317,-0.2,2.0,0.0,0.2,0.2,-0.0379999999999999,18.06,17.77,17.56,17.48,17.77,17.4,16.99,17.55,17.67,17.72,17.3,17.83,18.92,18.98,26.0,26.0,34.0,17.17,0.0,234.0,42.27,2.0,3.521,-1.0,2.695,8.3,4903
2015-12-24 04:31:00,0.0,0.0,0.0,0.0,0.0,0.0,-1.0,289734.0,16.0,0.0,75.59999999999998,59.5,60.0,-0.1019999999999999,9461.0,1373.0,1378.0,298566.0,-0.0749999999999999,-0.0429999999999999,0.07,-0.926,0.031,0.081,1.0,0.6079999999999999,271.0,273.0,274.0,274.0,0.818,273.0,0.7909999999999999,273.0,0.8359999999999999,272.0,0.003,13.7,2.0,3.0,0.0,19.39,0.0,-1.2,0.0,-0.011,-0.01,-0.006,-0.01,-0.008,-0.01,-0.0069999999999999,0.023,0.531,-0.0139999999999999,-0.476,0.2789999999999999,0.0,17.3,17.18,17.37,121.6,17.15,17.13,17.65,0.001,-0.001,0.001,0.0,0.0,0.0,0.0,0.0,0.0,0.0,0.0,0.0,0.0,8.99,9.0,0.0,0.0,0.0,0.0,0.0,0.0,59.95,6000.0,-1.45,-0.2,2.0,0.0,0.2,0.2,-0.0379999999999999,18.02,17.72,17.5,17.44,17.75,17.36,16.94,17.49,17.62,17.66,17.24,17.76,18.94,19.01,26.0,26.0,34.0,17.15,0.0,213.5,25.88,2.0,3.519,-1.0,3.2,5.3,4903
2015-12-24 04:32:00,0.0,0.0,0.0,0.0,0.0,0.0,-1.0,289734.0,16.0,0.0,75.59999999999998,59.5,60.0,-0.1,9461.0,1373.0,1378.0,298566.0,-0.0749999999999999,-0.057,0.052,-0.926,0.031,0.081,1.0,0.6069999999999999,271.0,273.0,274.0,274.0,0.818,273.0,0.7909999999999999,273.0,0.8359999999999999,272.0,0.003,13.7,2.0,3.0,0.0,19.39,0.0,-1.033,0.0,-0.013,-0.012,-0.008,-0.011,-0.01,-0.012,-0.009,0.019,0.526,-0.016,-0.4829999999999999,0.2789999999999999,0.0,17.27,17.16,17.34,30.78,17.11,17.06,17.59,0.001,0.0,0.001,0.0,0.0,0.0,0.0,0.0,0.0,0.0,0.0,0.0,0.0,9.01,9.0,0.0,0.0,0.0,0.0,0.0,0.0,59.96,6000.0,-1.4169999999999998,-0.2,2.0,0.0,0.2,0.2,-0.0379999999999999,17.91,17.65,17.41,17.38,17.67,17.3,16.88,17.43,17.55,17.58,17.19,17.68,18.93,19.0,26.0,26.0,34.0,17.09,0.0,207.4,27.59,2.0,3.519,-1.0,2.888,5.5,4903
2015-12-24 04:33:00,0.0,0.0,0.0,0.0,0.0,0.0,-1.0,289734.0,16.0,0.0,75.59999999999998,59.5,60.0,-0.1019999999999999,9461.0,1373.0,1378.0,298566.0,-0.0749999999999999,-0.05,0.0429999999999999,-0.926,0.031,0.081,1.0,0.6149999999999999,271.0,273.0,274.0,274.0,0.818,273.0,0.7909999999999999,273.0,0.8359999999999999,272.0,0.003,13.7,2.0,3.0,0.0,19.39,0.0,-1.367,0.0,-0.0149999999999999,-0.0139999999999999,-0.01,-0.013,-0.01,-0.0139999999999999,-0.012,0.017,0.524,-0.017,-0.4849999999999999,0.2789999999999999,0.0,17.14,17.08,17.28,111.9,17.08,16.98,17.52,0.001,0.0,0.0,0.0,0.0,0.0,0.0,0.0,0.0,0.0,0.0,0.0,0.0,8.939999999999998,9.0,0.0,0.0,0.0,0.0,0.0,0.0,59.95,6000.0,-1.433,-0.2,2.0,0.0,0.2,0.2,-0.0379999999999999,17.85,17.58,17.31,17.3,17.6,17.26,16.82,17.38,17.52,17.54,17.13,17.59,18.98,19.05,26.0,26.0,34.0,17.0,0.0,235.7,26.12,2.0,3.519,-1.0,4.155,7.9,4903
2015-12-24 04:34:00,0.0,0.0,0.0,0.0,0.0,0.0,-1.0,289734.0,16.0,0.0,75.59999999999998,59.5,60.0,-0.103,9461.0,1373.0,1378.0,298566.0,-0.0749999999999999,-0.055,0.067,-0.926,0.031,0.081,1.0,0.6119999999999999,271.0,273.0,274.0,274.0,0.818,273.0,0.7909999999999999,273.0,0.8359999999999999,272.0,0.003,13.7,2.0,1.0,0.0,19.39,0.0,-1.167,0.0,-0.016,-0.016,-0.012,-0.0139999999999999,-0.0139999999999999,-0.016,-0.0139999999999999,0.129,0.882,-0.02,-0.3489999999999999,0.278,0.001,17.12,17.0,17.21,32.08,17.01,16.98,17.48,0.001,-0.001,0.0,0.0,0.0,0.0,0.0,0.0,0.0,0.0,0.0,0.0,0.0,9.07,9.170000000000002,0.0,0.0,0.0,0.0,0.0,0.0,59.97,6000.0,-1.267,-0.2,2.0,0.0,0.2,0.2,-0.0379999999999999,17.75,17.48,17.21,17.24,17.55,17.19,16.75,17.31,17.48,17.46,17.08,17.5,19.0,18.99,26.0,26.0,34.0,16.95,0.0,231.1,29.57,2.0,3.519,-1.0,3.3680000000000003,7.5,4903
2015-12-24 04:35:00,0.0,0.0,0.0,0.0,0.0,0.0,-1.0,289734.0,16.0,0.0,75.59999999999998,59.5,60.0,-0.103,9461.0,1373.0,1378.0,298566.0,-0.0749999999999999,-0.0379999999999999,0.0579999999999999,-0.926,0.031,0.081,1.0,0.6149999999999999,271.0,273.0,274.0,274.0,0.818,273.0,0.7909999999999999,273.0,0.8359999999999999,272.0,0.004,13.47,2.0,1.0,0.0,19.39,0.0,-1.5,0.0,-0.02,-0.019,-0.0149999999999999,-0.0149999999999999,-0.0139999999999999,-0.019,-0.0149999999999999,0.017,0.539,-0.022,-0.4889999999999999,0.278,0.001,17.05,16.98,17.18,37.64,16.98,16.92,17.43,0.001,-0.001,0.0,0.0,0.0,0.0,0.0,0.0,0.0,0.0,0.0,0.0,0.0,9.36,9.8,0.0,0.0,0.0,0.0,0.0,0.0,59.96,6000.0,-1.567,-0.2,2.0,0.0,0.2,0.2,-0.0379999999999999,17.62,17.39,17.13,17.16,17.48,17.11,16.68,17.24,17.41,17.4,17.02,17.41,18.94,18.94,26.0,26.0,34.0,16.88,0.0,232.6,30.85,2.0,3.519,-1.0,3.032,5.4,4903
2015-12-24 04:36:00,0.0,0.0,0.0,0.0,0.0,0.0,-1.0,289734.0,16.0,0.0,75.59999999999998,59.5,60.0,-0.103,9461.0,1373.0,1378.0,298566.0,-0.0749999999999999,-0.0449999999999999,0.0429999999999999,-0.926,0.031,0.081,1.0,0.6079999999999999,271.0,273.0,274.0,274.0,0.818,273.0,0.7909999999999999,273.0,0.8359999999999999,272.0,0.003,13.7,2.0,3.0,0.0,19.39,0.0,-1.6,0.0,-0.024,-0.023,-0.019,-0.016,-0.016,-0.022,-0.0149999999999999,0.021,0.528,-0.024,-0.4829999999999999,0.2789999999999999,0.0,17.05,16.98,17.18,-8.81,16.98,16.89,17.37,0.0,0.0,0.0,0.0,0.0,0.0,0.0,0.0,0.0,0.0,0.0,0.0,0.0,9.5,10.0,0.0,0.0,0.0,0.0,0.0,0.0,59.96,6000.0,-1.7,-0.2,2.0,0.0,0.2,0.2,-0.0379999999999999,17.51,17.31,17.05,17.11,17.38,17.04,16.63,17.18,17.32,17.31,16.98,17.34,18.88,18.86,26.0,26.0,34.0,16.83,0.0,213.3,34.49,2.0,3.519,-1.0,2.533,4.6,4903
2015-12-24 04:37:00,0.0,0.0,0.0,0.0,0.0,0.0,-1.0,289734.0,16.0,0.0,75.59999999999998,59.5,60.0,-0.1019999999999999,9461.0,1373.0,1378.0,298566.0,-0.0749999999999999,-0.05,0.055,-0.926,0.031,0.081,1.0,0.6129999999999999,271.0,273.0,274.0,274.0,0.818,273.0,0.7909999999999999,273.0,0.8359999999999999,272.0,0.003,13.7,2.0,3.0,0.0,19.39,0.0,-1.4169999999999998,0.0,-0.027,-0.026,-0.021,-0.0149999999999999,-0.0149999999999999,-0.024,-0.016,0.024,0.531,-0.026,-0.4799999999999999,0.2789999999999999,0.0,16.97,16.95,17.1,50.26,16.97,16.87,17.33,0.0,-0.001,0.0,0.0,0.0,0.0,0.0,0.0,0.0,0.0,0.0,0.0,0.0,9.48,10.0,0.0,0.0,0.0,0.0,0.0,0.0,59.98,6000.0,-1.35,-0.2,2.0,0.0,0.2,0.2,-0.0379999999999999,17.46,17.28,17.0,17.08,17.4,17.03,16.6,17.14,17.29,17.26,16.94,17.3,18.81,18.79,26.0,26.0,34.0,16.78,0.0,253.5,27.23,2.0,3.519,-1.0,2.1180000000000003,4.4,4903
2015-12-24 04:38:00,0.0,0.0,0.0,0.0,0.0,0.0,-1.0,289734.0,16.0,0.0,75.59999999999998,59.5,60.0,-0.1019999999999999,9461.0,1373.0,1378.0,298566.0,-0.0749999999999999,-0.04,0.0599999999999999,-0.925,0.031,0.081,1.0,0.623,271.0,273.0,274.0,274.0,0.818,273.0,0.7909999999999999,273.0,0.8359999999999999,272.0,0.003,13.7,2.0,3.0,0.0,19.39,0.0,-1.25,0.0,-0.0279999999999999,-0.027,-0.022,-0.016,-0.0139999999999999,-0.024,-0.016,0.024,0.532,-0.026,-0.477,0.2789999999999999,0.0,16.95,16.89,17.08,53.29,16.9,16.79,17.28,0.001,0.0,0.0,0.0,0.0,0.0,0.0,0.0,0.0,0.0,0.0,0.0,0.0,9.56,10.0,0.0,0.0,0.0,0.0,0.0,0.0,59.97,6000.0,-1.3330000000000002,-0.2,2.0,0.0,0.2,0.2,-0.0379999999999999,17.51,17.25,16.97,17.05,17.41,17.07,16.58,17.11,17.29,17.26,16.91,17.26,18.8,18.82,26.0,26.0,34.0,16.78,0.0,256.7,29.22,2.0,3.521,-1.0,3.775,6.8,4903
2015-12-24 04:39:00,0.0,0.0,0.0,0.0,0.0,0.0,-1.0,289734.0,16.0,0.0,75.59999999999998,59.5,60.0,-0.1019999999999999,9461.0,1373.0,1378.0,298566.0,-0.0749999999999999,-0.0529999999999999,0.0599999999999999,-0.926,0.031,0.081,1.0,0.6169999999999999,271.0,273.0,274.0,274.0,0.818,273.0,0.7909999999999999,273.0,0.8359999999999999,272.0,0.003,13.7,2.0,3.0,0.0,19.39,0.0,-1.067,0.0,-0.0279999999999999,-0.027,-0.021,-0.0149999999999999,-0.013,-0.022,-0.0139999999999999,0.024,0.532,-0.024,-0.4829999999999999,0.278,0.0,16.97,16.89,17.08,31.39,16.89,16.79,17.28,0.001,-0.001,0.001,-0.001,0.0,0.0,0.0,0.0,0.0,0.0,0.0,0.0,0.0,9.54,10.0,0.0,0.0,0.0,0.0,0.0,0.0,59.97,6000.0,-1.233,-0.2,2.0,0.0,0.2,0.2,-0.0379999999999999,17.47,17.2,16.92,17.03,17.36,17.03,16.56,17.09,17.26,17.24,16.9,17.22,18.86,18.88,26.0,26.0,34.0,16.76,0.0,245.7,54.95,2.0,3.519,-1.0,1.923,4.8,4903
2015-12-24 04:40:00,0.0,0.0,0.0,0.0,0.0,0.0,-1.0,289734.0,16.0,0.0,75.59999999999998,59.5,60.0,-0.1019999999999999,9461.0,1373.0,1378.0,298566.0,-0.0749999999999999,-0.047,0.067,-0.926,0.031,0.081,1.0,0.6049999999999999,271.0,273.0,274.0,274.0,0.818,273.0,0.7909999999999999,273.0,0.8359999999999999,272.0,0.003,13.59,2.0,1.0,0.0,19.39,0.0,-1.183,0.0,-0.027,-0.027,-0.02,-0.016,-0.01,-0.021,-0.012,0.163,0.6409999999999999,-0.024,-0.318,0.278,0.001,16.94,16.89,16.98,158.4,16.89,16.79,17.28,0.001,-0.001,0.0,0.0,0.0,0.0,0.0,0.0,0.0,0.0,0.0,0.0,0.0,9.88,10.05,0.0,0.0,0.0,0.0,0.0,0.0,59.96,6000.0,-1.45,-0.2,2.0,0.0,0.2,0.2,-0.0379999999999999,17.46,17.17,16.89,17.01,17.39,17.01,16.55,17.07,17.24,17.22,16.88,17.2,18.84,18.89,26.0,26.0,34.0,16.72,0.0,276.7,37.15,2.0,3.519,-1.0,2.77,5.3,4903
2015-12-24 04:41:00,0.0,0.0,0.0,0.0,0.0,0.0,-1.0,289734.0,16.0,0.0,75.59999999999998,59.5,60.0,-0.1,9461.0,1373.0,1378.0,298566.0,-0.0749999999999999,-0.0379999999999999,0.072,-0.926,0.031,0.081,1.0,0.5999999999999999,271.0,273.0,274.0,274.0,0.818,273.0,0.7909999999999999,273.0,0.8359999999999999,272.0,0.003,13.7,2.0,3.0,0.0,19.39,0.0,-1.067,0.0,-0.027,-0.026,-0.02,-0.017,-0.01,-0.019,-0.01,0.0299999999999999,0.537,-0.023,-0.476,0.2789999999999999,0.0,16.88,16.89,16.98,31.66,16.89,16.79,17.25,0.001,0.0,0.0,0.0,0.0,0.0,0.0,0.0,0.0,0.0,0.0,0.0,0.0,9.91,10.08,0.0,0.0,0.0,0.0,0.0,0.0,59.96,6000.0,-1.35,-0.2,2.0,0.0,0.2,0.2,-0.0379999999999999,17.48,17.16,16.88,17.01,17.39,17.02,16.54,17.05,17.25,17.23,16.88,17.18,18.86,18.91,26.0,26.0,34.0,16.71,0.0,229.5,38.71,2.0,3.519,-1.0,3.265,7.9,4903
2015-12-24 04:42:00,0.0,0.0,0.0,0.0,0.0,0.0,-1.0,289734.0,16.0,0.0,75.59999999999998,59.5,60.0,-0.1,9461.0,1373.0,1378.0,298566.0,-0.0749999999999999,-0.0429999999999999,0.052,-0.926,0.031,0.081,1.0,0.5969999999999999,271.0,273.0,274.0,274.0,0.818,273.0,0.7909999999999999,273.0,0.8359999999999999,272.0,0.003,13.7,2.0,3.0,0.0,19.39,0.0,-1.5830000000000002,0.0,-0.027,-0.024,-0.02,-0.017,-0.008,-0.017,-0.009,0.0289999999999999,0.537,-0.021,-0.476,0.2789999999999999,0.0,16.89,16.89,17.0,35.69,16.89,16.79,17.27,0.0,0.0,0.001,0.0,0.0,0.0,0.0,0.0,0.0,0.0,0.0,0.0,0.0,9.66,10.0,0.0,0.0,0.0,0.0,0.0,0.0,59.95,6000.0,-1.533,-0.2,2.0,0.0,0.2,0.2,-0.0379999999999999,17.54,17.15,16.87,17.02,17.53,17.02,16.57,17.05,17.27,17.26,16.87,17.18,18.88,18.98,26.0,26.0,34.0,16.73,0.0,240.5,48.53,2.0,3.519,-1.0,3.083,6.1,4903
2015-12-24 04:43:00,0.0,0.0,0.0,0.0,0.0,0.0,-1.0,289734.0,16.0,0.0,75.59999999999998,59.5,60.0,-0.1,9461.0,1373.0,1378.0,298566.0,-0.0749999999999999,-0.042,0.063,-0.926,0.031,0.081,1.0,0.6019999999999999,271.0,273.0,274.0,274.0,0.818,273.0,0.7909999999999999,273.0,0.8359999999999999,272.0,0.003,13.7,2.0,3.0,0.0,19.39,0.0,-1.283,0.0,-0.025,-0.024,-0.019,-0.019,-0.0069999999999999,-0.0139999999999999,-0.0069999999999999,0.0279999999999999,0.535,-0.02,-0.4779999999999999,0.2789999999999999,0.0,16.94,16.89,16.98,32.27,16.89,16.79,17.28,0.001,-0.001,0.0,0.0,0.0,0.0,0.0,0.0,0.0,0.0,0.0,0.0,0.0,9.02,9.1,0.0,0.0,0.0,0.0,0.0,0.0,59.96,6000.0,-1.367,-0.2,2.0,0.0,0.2,0.2,-0.0379999999999999,17.74,17.18,16.88,17.02,17.47,17.03,16.56,17.05,17.31,17.28,16.87,17.18,18.95,19.05,26.0,26.0,34.0,16.72,0.0,246.7,63.3,2.0,3.519,-1.0,3.618,7.8,4903
2015-12-24 04:44:00,0.0,0.0,0.0,0.0,0.0,0.0,-1.0,289734.0,16.0,0.0,75.59999999999998,59.5,60.0,-0.1,9461.0,1373.0,1378.0,298566.0,-0.0749999999999999,-0.0449999999999999,0.07,-0.926,0.031,0.081,1.0,0.5969999999999999,271.0,273.0,274.0,274.0,0.818,273.0,0.7909999999999999,273.0,0.8359999999999999,272.0,0.003,13.7,2.0,3.0,0.0,19.39,0.0,-1.017,0.0,-0.024,-0.024,-0.018,-0.019,-0.0069999999999999,-0.013,-0.006,0.023,0.531,-0.02,-0.482,0.2789999999999999,0.0,16.88,16.89,16.98,88.59999999999998,16.89,16.79,17.28,0.001,0.0,0.001,0.0,0.0,0.0,0.0,0.0,0.0,0.0,0.0,0.0,0.0,8.63,9.0,0.0,0.0,0.0,0.0,0.0,0.0,59.96,6000.0,-1.25,-0.2,2.0,0.0,0.2,0.2,-0.0379999999999999,17.84,17.16,16.86,17.03,17.51,17.0,16.57,17.04,17.31,17.28,16.87,17.17,18.95,18.98,26.0,26.0,34.0,16.72,0.0,222.8,41.03,2.0,3.519,-1.0,3.2430000000000003,7.9,4903
2015-12-24 04:45:00,0.0,0.0,0.0,0.0,0.0,0.0,-1.0,289734.0,16.0,0.0,75.59999999999998,59.5,60.0,-0.1,9461.0,1373.0,1378.0,298566.0,-0.0749999999999999,-0.0449999999999999,0.0599999999999999,-0.926,0.031,0.081,1.0,0.592,271.0,272.9,273.9,274.0,0.818,273.0,0.7909999999999999,273.0,0.8359999999999999,272.0,0.004,13.5,2.0,3.0,0.0,19.39,0.0,-1.133,0.0,-0.024,-0.024,-0.019,-0.02,-0.0069999999999999,-0.012,-0.0069999999999999,0.2019999999999999,0.6709999999999999,-0.02,-0.281,0.278,0.001,16.86,16.85,16.98,35.8,16.85,16.77,17.28,0.001,-0.001,0.0,0.0,0.0,0.0,0.0,0.0,0.0,0.0,0.0,0.0,0.0,8.4,9.0,0.0,0.0,0.0,0.0,0.0,0.0,59.95,6000.0,-1.317,-0.2,2.0,0.0,0.2,0.2,-0.0379999999999999,17.88,17.13,16.84,17.01,17.42,16.99,16.54,17.01,17.26,17.24,16.83,17.15,18.87,18.9,26.0,26.0,34.0,16.69,0.0,238.1,51.78,2.0,3.521,-1.0,3.265,7.599999999999999,4903
2015-12-24 04:46:00,0.0,0.0,0.0,0.0,0.0,0.0,-1.0,289734.0,16.0,0.0,75.59999999999998,59.5,60.0,-0.1,9461.0,1373.0,1378.0,298566.0,-0.0749999999999999,-0.0379999999999999,0.0529999999999999,-0.926,0.031,0.081,1.0,0.5899999999999999,271.1,273.0,274.0,274.8,0.818,273.0,0.7909999999999999,273.0,0.8359999999999999,272.9,0.002,13.5,2.0,3.0,0.0,19.39,0.0,-1.733,0.0,-0.022,-0.023,-0.018,-0.02,-0.0069999999999999,-0.011,-0.006,0.017,0.525,-0.018,-0.4879999999999999,0.2789999999999999,0.0,16.86,16.87,16.98,26.51,16.86,16.77,17.24,0.001,0.0,0.001,0.0,0.0,0.0,0.0,0.0,0.0,0.0,0.0,0.0,0.0,8.34,8.949999999999998,0.0,0.0,0.0,0.0,0.0,0.0,59.96,6000.0,-1.6,-0.2,2.0,0.0,0.2,0.2,-0.0379999999999999,17.95,17.15,16.84,17.01,17.5,17.03,16.55,17.01,17.28,17.24,16.83,17.15,18.89,18.98,26.0,26.0,34.0,16.68,0.0,195.1,35.92,2.0,3.521,-1.0,4.282,7.4,4903
2015-12-24 04:47:00,0.0,0.0,0.0,0.0,0.0,0.0,-1.0,289734.0,16.0,0.0,75.59999999999998,59.5,60.0,-0.1,9461.0,1373.0,1378.0,298566.0,-0.0749999999999999,-0.047,0.067,-0.925,0.031,0.081,1.0,0.6029999999999999,271.1,273.0,274.0,275.0,0.818,273.0,0.7909999999999999,273.0,0.8359999999999999,273.0,0.003,13.7,2.0,3.0,0.0,19.39,0.0,-1.617,0.0,-0.021,-0.02,-0.018,-0.02,-0.006,-0.01,-0.006,0.0149999999999999,0.522,-0.017,-0.4909999999999999,0.2789999999999999,0.0,16.88,16.85,16.98,52.75,16.89,16.79,17.22,0.0,-0.001,0.001,0.0,0.0,0.0,0.0,0.0,0.0,0.0,0.0,0.0,0.0,8.099999999999998,8.5,0.0,0.0,0.0,0.0,0.0,0.0,59.96,6000.0,-1.533,-0.2,2.0,0.0,0.2,0.2,-0.0379999999999999,18.03,17.16,16.83,17.01,17.46,17.02,16.54,16.99,17.25,17.23,16.81,17.14,18.94,19.05,26.0,26.0,34.0,16.69,0.0,248.2,30.75,2.0,3.519,-1.0,3.687,5.9,4903
2015-12-24 04:48:00,0.0,0.0,0.0,0.0,0.0,0.0,-1.0,289734.0,16.0,0.0,75.59999999999998,59.5,60.0,-0.1,9461.0,1373.0,1378.0,298566.0,-0.0749999999999999,-0.047,0.0529999999999999,-0.925,0.031,0.081,1.0,0.6169999999999999,271.1,273.0,274.0,275.0,0.818,273.0,0.7909999999999999,273.0,0.8359999999999999,273.0,0.003,13.7,2.0,3.0,0.0,19.39,0.0,-1.3,0.0,-0.02,-0.02,-0.017,-0.02,-0.006,-0.01,-0.006,0.016,0.524,-0.017,-0.4889999999999999,0.2789999999999999,0.0,16.9,16.89,16.98,62.4,16.89,16.79,17.25,0.001,0.0,0.001,0.0,0.0,0.0,0.0,0.0,0.0,0.0,0.0,0.0,0.0,7.922,8.22,0.0,0.0,0.0,0.0,0.0,0.0,59.97,6000.0,-1.317,-0.2,2.0,0.0,0.2,0.2,-0.0379999999999999,17.99,17.14,16.82,17.01,17.45,17.02,16.54,17.0,17.26,17.28,16.83,17.13,18.95,18.99,26.0,26.0,34.0,16.7,0.0,252.7,57.91,2.0,3.519,-1.0,3.083,7.3,4903
2015-12-24 04:49:00,0.0,0.0,0.0,0.0,0.0,0.0,-1.0,289734.0,16.0,0.0,75.59999999999998,59.5,60.0,-0.1,9461.0,1373.0,1378.0,298566.0,-0.0749999999999999,-0.048,0.052,-0.925,0.031,0.081,1.0,0.6149999999999999,271.0,273.0,274.0,275.0,0.818,273.0,0.7909999999999999,273.0,0.8359999999999999,273.0,0.003,13.7,2.0,3.0,0.0,19.39,0.0,-1.117,0.0,-0.021,-0.02,-0.017,-0.018,-0.0069999999999999,-0.012,-0.008,0.017,0.525,-0.018,-0.4879999999999999,0.2789999999999999,0.0,16.94,16.89,16.98,,16.89,16.79,17.28,0.0,-0.001,0.0,0.0,0.0,0.0,0.0,0.0,0.0,0.0,0.0,0.0,0.0,7.745,8.0,0.0,0.0,0.0,0.0,0.0,0.0,59.96,6000.0,-1.283,-0.2,2.0,0.0,0.2,0.2,-0.0379999999999999,17.86,17.14,16.82,17.01,17.43,17.03,16.55,17.01,17.32,17.29,16.85,17.14,18.98,18.97,26.0,26.0,34.0,16.71,0.0,282.3,56.32,2.0,3.519,-1.0,2.837,6.3,4903
2015-12-24 04:50:00,0.0,0.0,0.0,0.0,0.0,0.0,-1.0,289734.0,16.0,0.0,75.59999999999998,59.5,60.0,-0.1,9461.0,1373.0,1378.0,298566.0,-0.0749999999999999,-0.05,0.0599999999999999,-0.925,0.031,0.081,1.0,0.6169999999999999,271.0,273.0,274.0,274.9,0.818,273.0,0.7909999999999999,273.0,0.8359999999999999,273.0,0.003,13.7,2.0,3.0,0.0,19.39,0.0,-1.233,0.0,-0.023,-0.024,-0.016,-0.017,-0.01,-0.0139999999999999,-0.01,0.019,0.526,-0.02,-0.487,0.2789999999999999,0.0,16.84,16.89,16.98,45.31,16.89,16.76,17.25,0.001,-0.001,0.0,0.0,0.0,0.0,0.0,0.0,0.0,0.0,0.0,0.0,0.0,7.559999999999999,8.0,0.0,0.0,0.0,0.0,0.0,0.0,59.96,6000.0,-1.3330000000000002,-0.2,2.0,0.0,0.2,0.2,-0.0379999999999999,17.71,17.13,16.82,16.99,17.35,17.01,16.53,17.0,17.25,17.26,16.83,17.14,18.9,18.87,26.0,26.0,34.0,16.67,0.0,291.3,53.99,2.0,3.519,-1.0,2.898,4.9,4903
2015-12-24 04:51:00,0.0,0.0,0.0,0.0,0.0,0.0,-1.0,289734.0,16.0,0.0,75.59999999999998,59.5,60.0,-0.1019999999999999,9461.0,1373.0,1378.0,298566.0,-0.0749999999999999,-0.048,0.063,-0.926,0.031,0.081,1.0,0.6079999999999999,271.0,273.0,274.0,274.9,0.818,273.0,0.7909999999999999,273.0,0.8359999999999999,273.0,0.003,13.52,2.0,1.0,0.0,19.39,0.0,-1.033,0.0,-0.024,-0.024,-0.016,-0.017,-0.01,-0.018,-0.013,0.2289999999999999,0.709,-0.02,-0.241,0.278,0.001,16.86,16.85,16.98,34.0,16.89,16.77,17.24,0.001,0.0,0.0,0.0,0.0,0.0,0.0,0.0,0.0,0.0,0.0,0.0,0.0,7.559999999999999,8.0,0.0,0.0,0.0,0.0,0.0,0.0,59.97,6000.0,-1.267,-0.2,2.0,0.0,0.2,0.2,-0.0379999999999999,17.61,17.11,16.81,16.99,17.36,17.0,16.53,17.0,17.24,17.24,16.84,17.13,18.87,18.87,26.0,26.0,34.0,16.66,0.0,285.9,56.01,2.0,3.519,-1.0,2.322,4.6,4903
2015-12-24 04:52:00,0.0,0.0,0.0,0.0,0.0,0.0,-1.0,289734.0,16.0,0.0,75.59999999999998,59.5,60.0,-0.1,9461.0,1373.0,1378.0,298566.0,-0.0749999999999999,-0.0429999999999999,0.055,-0.925,0.031,0.081,1.0,0.6129999999999999,271.0,273.0,274.0,274.4,0.818,273.0,0.7909999999999999,273.0,0.8359999999999999,272.4,0.003,13.7,2.0,3.0,0.0,19.39,0.0,-1.217,0.0,-0.025,-0.024,-0.016,-0.016,-0.01,-0.018,-0.0139999999999999,0.02,0.527,-0.02,-0.4859999999999999,0.2789999999999999,0.0,16.89,16.84,16.98,,16.89,16.77,17.22,0.0,-0.001,0.0,-0.001,0.0,0.0,0.0,0.0,0.0,0.0,0.0,0.0,0.0,7.571,8.0,0.0,0.0,0.0,0.0,0.0,0.0,59.95,6000.0,-1.317,-0.2,2.0,0.0,0.2,0.2,-0.0379999999999999,17.59,17.12,16.81,17.01,17.45,17.0,16.54,17.0,17.26,17.26,16.82,17.14,18.9,18.97,26.0,26.0,34.0,16.67,0.0,215.5,36.28,2.0,3.519,-1.0,3.57,6.4,4903
2015-12-24 04:53:00,0.0,0.0,0.0,0.0,0.0,0.0,-1.0,289734.0,16.0,0.0,75.59999999999998,59.5,60.0,-0.1019999999999999,9461.0,1373.0,1378.0,298566.0,-0.0749999999999999,-0.04,0.067,-0.926,0.031,0.081,1.0,0.6019999999999999,271.0,273.0,274.0,274.2,0.818,273.0,0.7909999999999999,273.0,0.8359999999999999,272.0,0.003,13.7,2.0,3.0,0.0,19.39,0.0,-1.25,0.0,-0.025,-0.024,-0.016,-0.017,-0.013,-0.018,-0.0139999999999999,0.027,0.535,-0.02,-0.4779999999999999,0.2789999999999999,0.0,16.86,16.84,16.98,35.24,16.89,16.77,17.22,0.001,0.0,0.0,0.0,0.0,0.0,0.0,0.0,0.0,0.0,0.0,0.0,0.0,7.561,8.0,0.0,0.0,0.0,0.0,0.0,0.0,59.96,6000.0,-1.317,-0.2,2.0,0.0,0.2,0.2,-0.0379999999999999,17.48,17.1,16.81,16.99,17.35,17.01,16.52,16.98,17.23,17.23,16.81,17.12,18.88,18.95,26.0,26.0,34.0,16.66,0.0,202.9,22.06,2.0,3.519,-1.0,2.943,5.6,4903
2015-12-24 04:54:00,0.0,0.0,0.0,0.0,0.0,0.0,-1.0,289734.0,16.0,0.0,75.59999999999998,59.5,60.0,-0.1,9461.0,1373.0,1378.0,298566.0,-0.0749999999999999,-0.0379999999999999,0.068,-0.926,0.031,0.081,1.0,0.6019999999999999,271.0,273.0,274.0,274.4,0.818,273.0,0.7909999999999999,273.0,0.8359999999999999,272.2,0.003,13.7,2.0,3.0,0.0,19.39,0.0,-1.367,0.0,-0.026,-0.024,-0.017,-0.017,-0.0139999999999999,-0.018,-0.0139999999999999,0.027,0.534,-0.02,-0.4789999999999999,0.2789999999999999,0.0,16.82,16.79,16.98,4.659,16.84,16.69,17.18,0.001,-0.001,0.0,-0.001,0.0,0.0,0.0,0.0,0.0,0.0,0.0,0.0,0.0,7.606,8.0,0.0,0.0,0.0,0.0,0.0,0.0,59.96,6000.0,-1.35,-0.2,2.0,0.0,0.2,0.2,-0.0379999999999999,17.44,17.1,16.79,16.97,17.32,16.99,16.5,16.96,17.18,17.18,16.78,17.1,18.85,18.86,26.0,26.0,34.0,16.61,0.0,222.1,31.12,2.0,3.519,-1.0,2.8280000000000003,6.0,4903
2015-12-24 04:55:00,0.0,0.0,0.0,0.0,0.0,0.0,-1.0,289734.0,16.0,0.0,75.59999999999998,59.5,60.0,-0.1,9461.0,1373.0,1378.0,298566.0,-0.0749999999999999,-0.04,0.04,-0.926,0.031,0.081,1.0,0.622,271.0,273.0,274.0,274.4,0.818,273.0,0.7909999999999999,273.0,0.8359999999999999,272.1,0.003,13.7,2.0,3.0,0.0,19.39,0.0,-1.5830000000000002,0.0,-0.027,-0.024,-0.018,-0.018,-0.013,-0.019,-0.0149999999999999,0.027,0.534,-0.02,-0.477,0.2789999999999999,0.0,16.84,16.79,16.98,18.8,16.79,16.69,17.18,0.0,0.0,0.0,0.0,0.0,0.0,0.0,0.0,0.0,0.0,0.0,0.0,0.0,7.92,8.07,0.0,0.0,0.0,0.0,0.0,0.0,59.96,6000.0,-1.483,-0.2,2.0,0.0,0.2,0.2,-0.0379999999999999,17.46,17.09,16.77,16.96,17.34,16.98,16.49,16.95,17.22,17.19,16.78,17.09,18.83,18.82,26.0,26.0,34.0,16.61,0.0,228.1,49.27,2.0,3.519,-1.0,1.672,4.6,4903
2015-12-24 04:56:00,0.0,0.0,0.0,0.0,0.0,0.0,-1.0,289734.0,16.0,0.0,75.59999999999998,59.5,60.0,-0.1,9461.0,1373.0,1378.0,298566.0,-0.0749999999999999,-0.047,0.062,-0.925,0.031,0.081,1.0,0.6079999999999999,271.0,273.0,274.0,274.1,0.818,273.0,0.7909999999999999,273.0,0.8359999999999999,272.0,0.002,13.59,2.0,1.0,0.0,19.37,0.0,-1.617,0.0,-0.027,-0.024,-0.017,-0.019,-0.013,-0.019,-0.0149999999999999,0.166,0.64,-0.02,-0.32,0.278,0.001,16.82,16.79,16.98,23.19,16.79,16.69,17.18,0.0,0.0,0.001,0.0,0.0,0.0,0.0,0.0,0.0,0.0,0.0,0.0,0.0,8.099999999999998,8.23,0.0,0.0,0.0,0.0,0.0,0.0,59.95,6000.0,-1.533,-0.2,2.0,0.0,0.2,0.2,-0.0379999999999999,17.47,17.09,16.77,16.97,17.41,16.96,16.51,16.96,17.2,17.19,16.79,17.1,18.84,18.88,26.0,26.0,34.0,16.62,0.0,220.1,43.16,2.0,3.519,-1.0,2.45,4.2,4903
2015-12-24 04:57:00,0.0,0.0,0.0,0.0,0.0,0.0,-1.0,289734.0,16.0,0.0,75.59999999999998,59.5,60.0,-0.1019999999999999,9461.0,1373.0,1378.0,298566.0,-0.0749999999999999,-0.0529999999999999,0.0729999999999999,-0.926,0.031,0.081,1.0,0.627,271.0,273.0,274.0,274.2,0.818,273.0,0.7909999999999999,273.0,0.8359999999999999,272.0,0.004,13.7,2.0,3.0,0.0,19.36,0.0,-1.517,0.0,-0.027,-0.024,-0.018,-0.019,-0.0139999999999999,-0.02,-0.016,0.021,0.529,-0.02,-0.482,0.2789999999999999,0.0,16.86,16.79,16.98,292.0,16.79,16.69,17.18,0.001,0.0,0.001,0.0,0.0,0.0,0.0,0.0,0.0,0.0,0.0,0.0,0.0,7.893,8.07,0.0,0.0,0.0,0.0,0.0,0.0,59.97,6000.0,-1.633,-0.2,2.0,0.0,0.2,0.2,-0.0379999999999999,17.47,17.09,16.77,16.97,17.34,16.96,16.5,16.94,17.2,17.18,16.78,17.09,18.86,18.9,26.0,26.0,34.0,16.62,0.0,260.8,49.45,2.0,3.519,-1.0,2.595,6.2,4903
2015-12-24 04:58:00,0.0,0.0,0.0,0.0,0.0,0.0,-1.0,289734.0,16.0,0.0,75.59999999999998,59.5,60.0,-0.1,9461.0,1373.0,1378.0,298566.0,-0.0749999999999999,-0.047,0.052,-0.925,0.031,0.081,1.0,0.6179999999999999,271.0,273.0,274.0,274.0,0.818,273.0,0.7909999999999999,273.0,0.8359999999999999,272.0,0.003,13.7,2.0,3.0,0.0,19.36,0.0,-1.767,0.0,-0.027,-0.024,-0.017,-0.019,-0.013,-0.021,-0.0149999999999999,0.019,0.527,-0.02,-0.4839999999999999,0.2789999999999999,0.0,16.86,16.79,16.94,363.9,16.79,16.69,17.18,0.001,0.0,0.001,0.0,0.0,0.0,0.0,0.0,0.0,0.0,0.0,0.0,0.0,7.769999999999999,8.0,0.0,0.0,0.0,0.0,0.0,0.0,59.96,6000.0,-1.6,-0.2,2.0,0.0,0.2,0.2,-0.0379999999999999,17.51,17.1,16.78,16.96,17.39,17.0,16.51,16.95,17.25,17.2,16.78,17.1,18.9,18.93,26.0,26.0,34.0,16.61,0.0,239.2,43.53,2.0,3.519,-1.0,3.985,7.2,4903
2015-12-24 04:59:00,0.0,0.0,0.0,0.0,0.0,0.0,-1.0,289734.0,16.0,0.0,75.59999999999998,59.5,60.0,-0.1,9461.0,1373.0,1378.0,298566.0,-0.0749999999999999,-0.04,0.05,-0.926,0.031,0.081,1.0,0.5969999999999999,271.0,273.0,274.0,274.0,0.818,273.0,0.7909999999999999,273.0,0.8359999999999999,272.0,0.003,13.7,2.0,3.0,0.0,19.36,0.0,-1.4,0.0,-0.027,-0.024,-0.017,-0.02,-0.013,-0.021,-0.0149999999999999,0.017,0.525,-0.02,-0.4879999999999999,0.2789999999999999,0.0,16.82,16.79,16.94,88.5,16.79,16.69,17.18,0.001,0.0,0.001,0.0,0.0,0.0,0.0,0.0,0.0,0.0,0.0,0.0,0.0,7.92,8.25,0.0,0.0,0.0,0.0,0.0,0.0,59.96,6000.0,-1.5,-0.2,2.0,0.0,0.2,0.2,-0.0379999999999999,17.51,17.08,16.77,16.96,17.36,17.0,16.51,16.95,17.21,17.22,16.78,17.09,18.9,18.93,26.0,26.0,34.0,16.61,0.0,246.3,46.34,2.0,3.519,-1.0,2.943,6.6,4903
2015-12-24 05:00:00,0.0,0.0,0.0,0.0,0.0,0.0,-1.0,289734.0,16.0,0.0,75.59999999999998,59.5,60.0,-0.1019999999999999,9461.0,1373.0,1378.0,298566.0,-0.0749999999999999,-0.037,0.067,-0.925,0.031,0.081,1.0,0.6049999999999999,271.0,273.0,274.0,274.0,0.818,273.0,0.7909999999999999,273.0,0.8359999999999999,272.0,0.003,13.7,2.0,3.0,0.0,19.36,0.0,-1.6,0.0,-0.026,-0.024,-0.017,-0.02,-0.011,-0.021,-0.0139999999999999,0.019,0.526,-0.02,-0.4889999999999999,0.2789999999999999,0.0,16.81,16.79,16.95,-42.43,16.79,16.69,17.2,0.0,-0.001,0.0,0.0,0.0,0.0,0.0,0.0,0.0,0.0,0.0,0.0,0.0,8.099999999999998,8.32,0.0,0.0,0.0,0.0,0.0,0.0,59.97,6000.0,-1.517,-0.2,2.0,0.0,0.2,0.2,-0.0379999999999999,17.54,17.07,16.77,16.97,17.38,16.98,16.51,16.95,17.21,17.21,16.78,17.09,18.93,18.95,26.0,26.0,34.0,16.61,0.0,270.3,56.9,2.0,3.519,-1.0,3.077,5.5,4903
2015-12-24 05:01:00,0.0,0.0,0.0,0.0,0.0,0.0,-1.0,289734.0,16.0,0.0,75.59999999999998,59.5,60.0,-0.1,9461.0,1373.0,1378.0,298566.0,-0.0749999999999999,-0.0379999999999999,0.055,-0.926,0.031,0.081,1.0,0.6069999999999999,271.0,273.0,274.0,274.0,0.818,273.0,0.7909999999999999,273.0,0.8359999999999999,272.0,0.003,13.7,2.0,3.0,0.0,19.36,0.0,-1.717,0.0,-0.026,-0.024,-0.017,-0.019,-0.011,-0.021,-0.0139999999999999,0.206,0.665,-0.02,-0.281,0.278,0.0,16.86,16.79,16.95,504.5,16.79,16.69,17.18,0.001,0.0,0.0,0.0,0.0,0.0,0.0,0.0,0.0,0.0,0.0,0.0,0.0,8.15,8.699999999999998,0.0,0.0,0.0,0.0,0.0,0.0,59.95,6000.0,-1.55,-0.2,2.0,0.0,0.2,0.2,-0.0379999999999999,17.51,17.06,16.77,16.96,17.32,16.98,16.5,16.94,17.16,17.19,16.77,17.08,18.88,18.95,26.0,26.0,34.0,16.62,0.0,224.9,51.52,2.0,3.519,-1.0,3.233,6.5,4903
2015-12-24 05:02:00,0.0,0.0,0.0,0.0,0.0,0.0,-1.0,289734.0,16.0,0.0,75.59999999999998,59.5,60.0,-0.1,9461.0,1373.0,1378.0,298566.0,-0.0749999999999999,-0.037,0.055,-0.926,0.031,0.081,1.0,0.6029999999999999,271.0,273.0,274.0,274.0,0.818,273.0,0.7909999999999999,273.0,0.8359999999999999,272.0,0.003,13.49,2.0,3.0,0.0,19.36,0.0,-1.65,0.0,-0.027,-0.024,-0.017,-0.018,-0.01,-0.02,-0.0139999999999999,0.0289999999999999,0.528,-0.02,-0.4829999999999999,0.278,0.001,16.86,16.79,16.98,25.06,16.79,16.69,17.18,0.0,-0.001,0.0,0.0,0.0,0.0,0.0,0.0,0.0,0.0,0.0,0.0,0.0,8.519999999999998,9.0,0.0,0.0,0.0,0.0,0.0,0.0,59.95,6000.0,-1.6669999999999998,-0.2,2.0,0.0,0.2,0.2,-0.0379999999999999,17.55,17.06,16.76,16.97,17.39,16.97,16.51,16.95,17.23,17.22,16.79,17.08,18.9,18.95,26.0,26.0,34.0,16.61,0.0,265.4,63.67,2.0,3.519,-1.0,2.053,3.8,4903
2015-12-24 05:03:00,0.0,0.0,0.0,0.0,0.0,0.0,-1.0,289734.0,16.0,0.0,75.59999999999998,59.5,60.0,-0.1,9461.0,1373.0,1378.0,298566.0,-0.0749999999999999,-0.033,0.063,-0.926,0.031,0.081,1.0,0.6019999999999999,271.0,272.9,273.9,274.0,0.818,273.0,0.7909999999999999,273.0,0.8359999999999999,272.0,0.003,13.7,2.0,3.0,0.0,19.36,0.0,-1.317,0.0,-0.026,-0.024,-0.017,-0.018,-0.01,-0.02,-0.0139999999999999,0.021,0.529,-0.02,-0.4839999999999999,0.2789999999999999,0.0,16.83,16.79,16.97,136.6,16.79,16.69,17.18,0.001,-0.001,0.001,-0.001,0.0,0.0,0.0,0.0,0.0,0.0,0.0,0.0,0.0,8.91,9.0,0.0,0.0,0.0,0.0,0.0,0.0,59.95,6000.0,-1.483,-0.2,2.0,0.0,0.2,0.2,-0.0409999999999999,17.54,17.05,16.75,16.96,17.29,16.96,16.5,16.95,17.2,17.19,16.77,17.07,18.86,18.87,26.0,26.0,34.0,16.58,0.0,266.9,49.94,2.0,3.519,-1.0,2.0,7.4,4903
2015-12-24 05:04:00,0.0,0.0,0.0,0.0,0.0,0.0,-1.0,289734.0,16.0,0.0,75.59999999999998,59.5,60.0,-0.1,9461.0,1373.0,1378.0,298566.0,-0.0749999999999999,-0.055,0.065,-0.926,0.031,0.081,1.0,0.6019999999999999,271.0,272.8,273.8,274.0,0.818,273.0,0.7909999999999999,273.0,0.8359999999999999,272.0,0.003,13.7,2.0,3.0,0.0,19.36,0.0,-1.75,0.0,-0.025,-0.024,-0.017,-0.018,-0.01,-0.02,-0.0139999999999999,0.018,0.526,-0.02,-0.487,0.278,0.0,16.86,16.79,16.9,252.2,16.79,16.69,17.17,0.0,-0.001,0.0,0.0,0.0,0.0,0.0,0.0,0.0,0.0,0.0,0.0,0.0,9.39,9.72,0.0,0.0,0.0,0.0,0.0,0.0,59.97,6000.0,-1.683,-0.2,2.0,0.0,0.2,0.2,-0.0289999999999999,17.51,17.05,16.75,16.96,17.31,16.99,16.51,16.95,17.17,17.19,16.77,17.07,18.9,18.92,26.0,26.0,34.0,16.61,0.0,212.0,25.07,2.0,3.519,-1.0,3.338,5.8,4903
2015-12-24 05:05:00,0.0,0.0,0.0,0.0,0.0,0.0,-1.0,289734.0,16.0,0.0,75.59999999999998,59.5,60.0,-0.1019999999999999,9461.0,1373.0,1378.0,298566.0,-0.0749999999999999,-0.048,0.05,-0.926,0.0299999999999999,0.081,1.0,0.592,271.0,272.3,273.3,274.0,0.818,273.0,0.7909999999999999,273.0,0.8359999999999999,272.0,0.003,13.7,2.0,3.0,0.0,19.35,0.0,-1.6,0.0,-0.025,-0.024,-0.017,-0.018,-0.01,-0.019,-0.0139999999999999,0.016,0.524,-0.02,-0.487,0.2789999999999999,0.0,16.87,16.79,16.97,24.97,16.85,16.69,17.18,0.001,-0.001,0.001,0.0,0.0,0.0,0.0,0.0,0.0,0.0,0.0,0.0,0.0,9.81,10.05,0.0,0.0,0.0,0.0,0.0,0.0,59.98,6000.0,-1.55,-0.2,2.0,0.0,0.2,0.2,-0.039,17.59,17.09,16.78,16.98,17.34,17.01,16.52,16.96,17.18,17.22,16.79,17.1,18.91,18.95,26.0,26.0,34.0,16.64,0.0,245.0,40.29,2.0,3.519,-1.0,3.225,6.5,4903
2015-12-24 05:06:00,0.0,0.0,0.0,0.0,0.0,0.0,-1.0,289734.0,16.0,0.0,75.59999999999998,59.5,60.0,-0.1019999999999999,9461.0,1373.0,1378.0,298566.0,-0.0749999999999999,-0.047,0.063,-0.926,0.031,0.081,1.0,0.6029999999999999,271.1,273.0,274.0,274.6,0.818,273.0,0.7909999999999999,273.0,0.8359999999999999,272.9,0.003,13.7,2.0,3.0,0.0,19.34,0.0,-1.35,0.0,-0.025,-0.024,-0.016,-0.018,-0.01,-0.018,-0.0139999999999999,0.0139999999999999,0.521,-0.02,-0.4859999999999999,0.2789999999999999,0.0,16.88,16.82,16.98,32.38,16.87,16.71,17.18,0.001,-0.001,0.0,0.0,0.0,0.0,0.0,0.0,0.0,0.0,0.0,0.0,0.0,8.91,9.23,0.0,0.0,0.0,0.0,0.0,0.0,59.97,6000.0,-1.4,-0.2,2.0,0.0,0.2,0.2,-0.0379999999999999,17.6,17.11,16.81,17.01,17.45,17.03,16.55,16.99,17.27,17.26,16.82,17.11,18.97,19.0,26.0,26.0,34.0,16.66,0.0,239.7,25.27,2.0,3.519,-1.0,3.848,7.599999999999999,4903
2015-12-24 05:07:00,0.0,0.0,0.0,0.0,0.0,0.0,-1.0,289734.0,16.0,0.0,75.59999999999998,59.5,60.0,-0.1,9461.0,1373.0,1378.0,298566.0,-0.0749999999999999,-0.062,0.07,-0.925,0.031,0.081,1.0,0.6029999999999999,271.1,273.0,274.0,274.3,0.818,273.0,0.7909999999999999,273.0,0.8359999999999999,272.7,0.003,13.57,2.0,1.0,0.0,19.34,0.0,-1.6,0.0,-0.026,-0.024,-0.017,-0.019,-0.012,-0.02,-0.0149999999999999,0.233,0.7129999999999999,-0.02,-0.2369999999999999,0.278,0.001,16.88,16.82,16.98,25.44,16.85,16.74,17.18,0.001,-0.001,0.0,-0.001,0.0,0.0,0.0,0.0,0.0,0.0,0.0,0.0,0.0,8.39,8.949999999999998,0.0,0.0,0.0,0.0,0.0,0.0,59.96,6000.0,-1.6669999999999998,-0.2,2.0,0.0,0.2,0.2,-0.0379999999999999,17.56,17.11,16.79,17.0,17.38,17.01,16.54,16.99,17.25,17.25,16.81,17.11,18.95,18.96,26.0,26.0,34.0,16.65,0.0,267.1,73.75,2.0,3.519,-1.0,1.977,3.4,4903
2015-12-24 05:08:00,0.0,0.0,0.0,0.0,0.0,0.0,-1.0,289734.0,16.0,0.0,75.59999999999998,59.5,60.0,-0.1,9461.0,1373.0,1378.0,298566.0,-0.0749999999999999,-0.037,0.0579999999999999,-0.926,0.031,0.081,1.0,0.6069999999999999,271.0,273.0,274.0,274.0,0.818,273.0,0.7909999999999999,273.0,0.8359999999999999,272.1,0.003,13.7,2.0,3.0,0.0,19.34,0.0,-1.65,0.0,-0.027,-0.024,-0.018,-0.018,-0.0139999999999999,-0.021,-0.016,0.02,0.528,-0.022,-0.4859999999999999,0.2789999999999999,0.0,16.84,16.79,16.95,33.9,16.79,16.69,17.18,0.001,-0.001,0.0,-0.001,0.0,0.0,0.0,0.0,0.0,0.0,0.0,0.0,0.0,7.909,8.07,0.0,0.0,0.0,0.0,0.0,0.0,59.95,6000.0,-1.55,-0.2,2.0,0.0,0.2,0.2,-0.0379999999999999,17.49,17.08,16.77,16.97,17.3,16.97,16.51,16.96,17.17,17.2,16.79,17.09,18.88,18.88,26.0,26.0,34.0,16.62,0.0,240.3,56.15,2.0,3.519,-1.0,1.575,3.0,4903
2015-12-24 05:09:00,0.0,0.0,0.0,0.0,0.0,0.0,-1.0,289734.0,16.0,0.0,75.59999999999998,59.5,60.0,-0.1019999999999999,9461.0,1373.0,1378.0,298566.0,-0.0749999999999999,-0.05,0.0579999999999999,-0.926,0.031,0.081,1.0,0.6019999999999999,271.0,273.0,274.0,274.1,0.818,273.0,0.7909999999999999,273.0,0.8359999999999999,272.1,0.003,13.7,2.0,3.0,0.0,19.34,0.0,-1.733,0.0,-0.027,-0.027,-0.019,-0.019,-0.0139999999999999,-0.022,-0.017,0.017,0.524,-0.024,-0.4909999999999999,0.278,0.0,16.89,16.79,16.89,13.77,16.79,16.69,17.1,0.001,-0.001,0.0,0.0,0.0,0.0,0.0,0.0,0.0,0.0,0.0,0.0,0.0,8.06,8.179999999999998,0.0,0.0,0.0,0.0,0.0,0.0,59.96,6000.0,-1.6669999999999998,-0.2,2.0,0.0,0.2,0.2,-0.0379999999999999,17.45,17.04,16.75,16.96,17.34,16.95,16.49,16.94,17.14,17.15,16.77,17.07,18.86,18.89,26.0,26.0,34.0,16.61,0.0,251.7,35.0,2.0,3.519,-1.0,2.6180000000000003,4.8,4903
2015-12-24 05:10:00,0.0,0.0,0.0,0.0,0.0,0.0,-1.0,289734.0,16.0,0.0,75.59999999999998,59.5,60.0,-0.1,9461.0,1373.0,1378.0,298566.0,-0.0749999999999999,-0.037,0.078,-0.925,0.031,0.081,1.0,0.6119999999999999,271.0,273.0,274.0,274.0,0.818,273.0,0.7909999999999999,273.0,0.8359999999999999,272.0,0.003,13.7,2.0,3.0,0.0,19.34,0.0,-1.6,0.0,-0.027,-0.027,-0.02,-0.02,-0.0139999999999999,-0.022,-0.018,0.0139999999999999,0.522,-0.024,-0.4909999999999999,0.2789999999999999,0.0,16.83,16.79,16.89,33.25,16.79,16.63,17.09,0.001,0.0,0.001,0.0,0.0,0.0,0.0,0.0,0.0,0.0,0.0,0.0,0.0,8.48,9.0,0.0,0.0,0.0,0.0,0.0,0.0,59.96,6000.0,-1.55,-0.2,2.0,0.0,0.2,0.2,-0.0379999999999999,17.45,17.04,16.74,16.95,17.3,16.96,16.49,16.93,17.13,17.15,16.76,17.06,18.83,18.83,26.0,26.0,34.0,16.59,0.0,216.8,41.56,2.0,3.519,-1.0,1.87,4.0,4903
2015-12-24 05:11:00,0.0,0.0,0.0,0.0,0.0,0.0,-1.0,289734.0,16.0,0.0,75.59999999999998,59.5,60.0,-0.1,9461.0,1373.0,1378.0,298566.0,-0.0749999999999999,-0.047,0.047,-0.925,0.031,0.081,1.0,0.6049999999999999,271.0,273.0,274.0,274.0,0.818,273.0,0.7909999999999999,273.0,0.8359999999999999,272.0,0.003,13.7,2.0,3.0,0.0,19.34,0.0,-1.567,0.0,-0.0279999999999999,-0.027,-0.02,-0.02,-0.0139999999999999,-0.022,-0.019,0.0139999999999999,0.522,-0.024,-0.4909999999999999,0.2789999999999999,0.0,16.81,16.79,16.89,35.42,16.79,16.69,17.09,0.0,-0.001,0.0,0.0,0.0,0.0,0.0,0.0,0.0,0.0,0.0,0.0,0.0,8.98,9.0,0.0,0.0,0.0,0.0,0.0,0.0,59.97,6000.0,-1.633,-0.2,2.0,0.0,0.2,0.2,-0.0379999999999999,17.45,17.03,16.74,16.95,17.3,16.98,16.49,16.92,17.16,17.17,16.76,17.07,18.81,18.87,26.0,26.0,34.0,16.61,0.0,228.5,52.65,2.0,3.521,-1.0,2.425,3.8,4903
2015-12-24 05:12:00,0.0,0.0,0.0,0.0,0.0,0.0,-1.0,289734.0,16.0,0.0,75.59999999999998,59.5,60.0,-0.1,9461.0,1373.0,1378.0,298566.0,-0.0749999999999999,-0.048,0.067,-0.925,0.031,0.081,1.0,0.6069999999999999,271.2,273.0,274.0,274.8,0.818,273.0,0.7909999999999999,273.2,0.8359999999999999,273.0,-0.0069999999999999,13.58,2.0,1.0,0.0,19.34,0.0,-1.4,0.0,-0.027,-0.027,-0.02,-0.021,-0.0139999999999999,-0.022,-0.019,0.2869999999999999,0.7179999999999999,-0.024,-0.2019999999999999,0.278,0.001,16.86,16.79,16.9,32.53,16.79,16.69,17.09,0.0,-0.001,0.001,0.0,0.0,0.0,0.0,0.0,0.0,0.0,0.0,0.0,0.0,9.01,9.23,0.0,0.0,0.0,0.0,0.0,0.0,59.97,6000.0,-1.6,-0.2,2.0,0.0,0.2,0.2,-0.0379999999999999,17.48,17.07,16.76,16.96,17.32,17.01,16.5,16.94,17.16,17.17,16.76,17.09,18.83,18.87,26.0,26.0,34.0,16.63,0.0,232.9,14.0,2.0,3.519,-1.0,3.207,6.1,4903
2015-12-24 05:13:00,0.0,0.0,0.0,0.0,0.0,0.0,-1.0,289734.0,16.0,0.0,75.59999999999998,59.5,60.0,-0.1019999999999999,9461.0,1373.0,1378.0,298566.0,-0.0749999999999999,-0.052,0.0729999999999999,-0.925,0.031,0.081,1.0,0.6129999999999999,271.3,273.0,274.0,274.8,0.818,273.1,0.7909999999999999,273.3,0.8359999999999999,273.0,0.013,13.58,2.0,3.0,0.0,19.34,0.0,-1.55,0.0,-0.027,-0.027,-0.02,-0.021,-0.0139999999999999,-0.021,-0.019,0.013,0.521,-0.024,-0.4899999999999999,0.2789999999999999,0.0,16.89,16.79,16.94,23.01,16.79,16.69,17.09,0.001,0.0,0.0,0.0,0.0,0.0,0.0,0.0,0.0,0.0,0.0,0.0,0.0,8.599999999999998,9.0,0.0,0.0,0.0,0.0,0.0,0.0,59.97,6000.0,-1.6,-0.2,2.0,0.0,0.2,0.2,-0.0379999999999999,17.52,17.08,16.77,16.96,17.33,16.98,16.5,16.94,17.18,17.18,16.77,17.09,18.87,18.89,26.0,26.0,34.0,16.63,0.0,256.6,19.9,2.0,3.519,-1.0,3.312,4.7,4903
2015-12-24 05:14:00,0.0,0.0,0.0,0.0,0.0,0.0,-1.0,289734.0,16.0,0.0,75.59999999999998,59.5,60.0,-0.1,9461.0,1373.0,1378.0,298566.0,-0.0749999999999999,-0.052,0.068,-0.926,0.031,0.081,1.0,0.6119999999999999,271.1,273.0,274.0,274.6,0.818,273.0,0.7909999999999999,273.0,0.8359999999999999,272.9,0.003,13.7,2.0,3.0,0.0,19.34,0.0,-1.5830000000000002,0.0,-0.027,-0.027,-0.019,-0.021,-0.0139999999999999,-0.02,-0.018,0.012,0.519,-0.024,-0.492,0.2789999999999999,0.0,16.88,16.79,16.92,26.51,16.79,16.69,17.18,0.0,-0.001,0.001,0.0,0.0,0.0,0.0,0.0,0.0,0.0,0.0,0.0,0.0,8.38,9.0,0.0,0.0,0.0,0.0,0.0,0.0,59.96,6000.0,-1.567,-0.2,2.0,0.0,0.2,0.2,-0.0379999999999999,17.53,17.09,16.78,16.97,17.37,16.99,16.52,16.96,17.21,17.21,16.79,17.1,18.93,18.98,26.0,26.0,34.0,16.63,0.0,283.6,47.96,2.0,3.519,-1.0,2.003,3.7,4903
2015-12-24 05:15:00,0.0,0.0,0.0,0.0,0.0,0.0,-1.0,289734.0,16.0,0.0,75.59999999999998,59.5,60.0,-0.1019999999999999,9461.0,1373.0,1378.0,298566.0,-0.0749999999999999,-0.048,0.047,-0.926,0.031,0.081,1.0,0.6099999999999999,271.0,273.0,274.0,274.5,0.818,273.0,0.7909999999999999,273.0,0.8359999999999999,273.0,0.003,13.7,2.0,3.0,0.0,19.34,0.0,-1.633,0.0,-0.0279999999999999,-0.027,-0.019,-0.02,-0.0139999999999999,-0.021,-0.018,0.01,0.518,-0.024,-0.497,0.2789999999999999,0.0,16.88,16.79,16.9,21.85,16.79,16.68,17.18,0.0,-0.001,0.001,-0.001,0.0,0.0,0.0,0.0,0.0,0.0,0.0,0.0,0.0,8.62,9.0,0.0,0.0,0.0,0.0,0.0,0.0,59.95,6000.0,-1.533,-0.2,2.0,0.0,0.2,0.2,-0.0379999999999999,17.52,17.08,16.76,16.98,17.41,16.98,16.52,16.95,17.19,17.18,16.79,17.09,18.92,18.94,26.0,26.0,34.0,16.63,0.0,236.4,22.41,2.0,3.519,-1.0,1.918,3.4,4903
2015-12-24 05:16:00,0.0,0.0,0.0,0.0,0.0,0.0,-1.0,289734.0,16.0,0.0,75.59999999999998,59.5,60.0,-0.1,9461.0,1373.0,1378.0,298566.0,-0.0749999999999999,-0.047,0.0599999999999999,-0.926,0.031,0.081,1.0,0.62,271.0,273.0,274.0,274.6,0.818,273.0,0.7909999999999999,273.0,0.8359999999999999,273.0,0.003,13.7,2.0,3.0,0.0,19.33,0.0,-1.567,0.0,-0.0279999999999999,-0.027,-0.019,-0.02,-0.013,-0.021,-0.017,0.013,0.521,-0.024,-0.495,0.2789999999999999,0.0,16.79,16.79,16.89,35.07,16.79,16.66,17.17,0.001,-0.001,0.0,0.0,0.0,0.0,0.0,0.0,0.0,0.0,0.0,0.0,0.0,8.72,9.0,0.0,0.0,0.0,0.0,0.0,0.0,59.95,6000.0,-1.517,-0.2,2.0,0.0,0.2,0.2,-0.0379999999999999,17.49,17.06,16.75,16.96,17.3,16.96,16.5,16.95,17.16,17.17,16.78,17.09,18.87,18.92,26.0,26.0,34.0,16.61,0.0,258.6,48.78,2.0,3.519,-1.0,1.778,4.1,4903
2015-12-24 05:17:00,0.0,0.0,0.0,0.0,0.0,0.0,-1.0,289734.0,16.0,0.0,75.59999999999998,59.5,60.0,-0.1,9461.0,1373.0,1378.0,298566.0,-0.0749999999999999,-0.052,0.067,-0.925,0.031,0.081,1.0,0.6149999999999999,271.0,273.0,274.0,274.7,0.818,273.0,0.7909999999999999,273.0,0.8359999999999999,273.0,0.003,13.7,2.0,3.0,0.0,19.33,0.0,-1.617,0.0,-0.027,-0.027,-0.019,-0.02,-0.013,-0.021,-0.018,0.012,0.52,-0.024,-0.496,0.2789999999999999,0.0,16.81,16.79,16.9,192.7,16.79,16.69,17.17,0.001,0.0,0.0,-0.001,0.0,0.0,0.0,0.0,0.0,0.0,0.0,0.0,0.0,8.64,9.0,0.0,0.0,0.0,0.0,0.0,0.0,59.96,6000.0,-1.567,-0.2,2.0,0.0,0.2,0.2,-0.0379999999999999,17.46,17.05,16.75,16.97,17.38,16.96,16.51,16.95,17.19,17.17,16.78,17.09,18.86,18.91,26.0,26.0,34.0,16.61,0.0,230.2,33.56,2.0,3.519,-1.0,1.962,3.3,4903
2015-12-24 05:18:00,0.0,0.0,0.0,0.0,0.0,0.0,-1.0,289734.0,16.0,0.0,75.59999999999998,59.5,60.0,-0.1,9461.0,1373.0,1378.0,298566.0,-0.0749999999999999,-0.05,0.048,-0.925,0.031,0.081,1.0,0.6169999999999999,271.0,273.0,274.0,274.4,0.818,273.0,0.7909999999999999,273.0,0.8359999999999999,272.8,0.003,13.5,2.0,3.0,0.0,19.32,0.0,-1.5830000000000002,0.0,-0.0279999999999999,-0.027,-0.019,-0.021,-0.0139999999999999,-0.022,-0.018,0.307,0.77,-0.024,-0.163,0.278,0.001,16.8,16.79,16.89,19.03,16.79,16.64,17.09,0.001,0.0,0.0,0.0,0.0,0.0,0.0,0.0,0.0,0.0,0.0,0.0,0.0,8.83,9.0,0.0,0.0,0.0,0.0,0.0,0.0,59.95,6000.0,-1.517,-0.2,2.0,0.0,0.2,0.2,-0.0379999999999999,17.4,17.04,16.75,16.96,17.26,16.97,16.5,16.93,17.14,17.14,16.76,17.07,18.84,18.88,26.0,26.0,34.0,16.6,0.0,198.8,28.28,2.0,3.519,-1.0,2.302,4.3,4903
2015-12-24 05:19:00,0.0,0.0,0.0,0.0,0.0,0.0,-1.0,289734.0,16.0,0.0,75.59999999999998,59.5,60.0,-0.105,9461.0,1373.0,1378.0,298566.0,-0.0749999999999999,-0.042,0.0599999999999999,-0.925,0.031,0.081,1.0,0.6169999999999999,271.0,273.0,274.0,274.1,0.818,273.0,0.7909999999999999,273.0,0.8359999999999999,272.2,0.003,13.7,2.0,3.0,0.0,19.31,0.0,-1.767,0.0,-0.0279999999999999,-0.027,-0.019,-0.021,-0.0139999999999999,-0.022,-0.018,0.019,0.526,-0.024,-0.487,0.278,0.0,16.76,16.79,16.89,160.9,16.79,16.67,17.09,0.0,-0.001,0.001,0.0,0.0,0.0,0.0,0.0,0.0,0.0,0.0,0.0,0.0,8.98,9.0,0.0,0.0,0.0,0.0,0.0,0.0,59.95,6000.0,-1.567,-0.2,2.0,0.0,0.2,0.2,-0.0379999999999999,17.43,17.05,16.74,16.96,17.28,16.97,16.5,16.93,17.15,17.14,16.76,17.06,18.84,18.9,26.0,26.0,34.0,16.61,0.0,274.9,33.39,2.0,3.519,-1.0,2.478,3.6,4903
2015-12-24 05:20:00,0.0,0.0,0.0,0.0,0.0,0.0,-1.0,289734.0,16.0,0.0,75.59999999999998,59.5,60.0,-0.1019999999999999,9461.0,1373.0,1378.0,298566.0,-0.0749999999999999,-0.0449999999999999,0.0599999999999999,-0.925,0.031,0.081,1.0,0.6129999999999999,271.0,273.0,274.0,274.4,0.818,273.0,0.7909999999999999,273.0,0.8359999999999999,272.8,0.003,13.7,2.0,3.0,0.0,19.31,0.0,-1.6669999999999998,0.0,-0.027,-0.027,-0.019,-0.021,-0.013,-0.021,-0.018,0.017,0.524,-0.024,-0.4889999999999999,0.2789999999999999,0.0,16.8,16.79,16.89,171.2,16.79,16.61,17.09,0.0,-0.001,0.0,0.0,0.0,0.0,0.0,0.0,0.0,0.0,0.0,0.0,0.0,9.4,9.82,0.0,0.0,0.0,0.0,0.0,0.0,59.97,6000.0,-1.55,-0.2,2.0,0.0,0.2,0.2,-0.0379999999999999,17.43,17.05,16.74,16.96,17.31,16.95,16.51,16.94,17.15,17.13,16.76,17.07,18.85,18.9,26.0,26.0,34.0,16.59,0.0,268.5,42.89,2.0,3.521,-1.0,1.7619999999999998,3.1,4903
2015-12-24 05:21:00,0.0,0.0,0.0,0.0,0.0,0.0,-1.0,289734.0,16.0,0.0,75.59999999999998,59.5,60.0,-0.1,9461.0,1373.0,1378.0,298566.0,-0.0749999999999999,-0.05,0.047,-0.925,0.031,0.081,1.0,0.6079999999999999,271.0,273.0,274.0,274.2,0.818,273.0,0.7909999999999999,273.0,0.8359999999999999,272.5,0.003,13.7,2.0,3.0,0.0,19.31,0.0,-1.6,0.0,-0.0279999999999999,-0.027,-0.019,-0.021,-0.012,-0.021,-0.018,0.0149999999999999,0.523,-0.024,-0.4899999999999999,0.2789999999999999,0.0,16.85,16.79,16.9,133.7,16.79,16.69,17.09,0.0,0.0,0.0,0.0,0.0,0.0,0.0,0.0,0.0,0.0,0.0,0.0,0.0,9.45,10.0,0.0,0.0,0.0,0.0,0.0,0.0,59.96,6000.0,-1.567,-0.2,2.0,0.0,0.2,0.2,-0.0379999999999999,17.39,17.04,16.74,16.96,17.25,16.97,16.5,16.93,17.16,17.13,16.76,17.06,18.87,18.95,26.0,26.0,34.0,16.61,0.0,197.4,40.19,2.0,3.519,-1.0,3.585,6.3,4903
2015-12-24 05:22:00,0.0,0.0,0.0,0.0,0.0,0.0,-1.0,289734.0,16.0,0.0,75.59999999999998,59.5,60.0,-0.1,9461.0,1373.0,1378.0,298566.0,-0.0749999999999999,-0.0599999999999999,0.052,-0.925,0.031,0.081,1.0,0.6069999999999999,271.0,273.0,274.0,274.2,0.818,273.0,0.7909999999999999,273.0,0.8359999999999999,272.4,0.003,13.7,2.0,3.0,0.0,19.31,0.0,-1.433,0.0,-0.027,-0.027,-0.019,-0.02,-0.01,-0.021,-0.017,0.017,0.525,-0.024,-0.4859999999999999,0.2789999999999999,0.0,16.88,16.79,16.98,66.37,16.8,16.69,17.12,0.001,0.0,0.001,-0.001,0.0,0.0,0.0,0.0,0.0,0.0,0.0,0.0,0.0,9.41,9.8,0.0,0.0,0.0,0.0,0.0,0.0,59.95,6000.0,-1.5,-0.2,2.0,0.0,0.2,0.2,-0.0379999999999999,17.44,17.08,16.76,16.97,17.29,17.01,16.51,16.94,17.19,17.17,16.77,17.09,19.0,19.06,26.0,26.0,34.0,16.65,0.0,226.9,36.57,2.0,3.519,-1.0,3.177,5.9,4903
2015-12-24 05:23:00,0.0,0.0,0.0,0.0,0.0,0.0,-1.0,289734.0,16.0,0.0,75.59999999999998,59.5,60.0,-0.1,9461.0,1373.0,1378.0,298566.0,-0.0749999999999999,-0.033,0.068,-0.926,0.031,0.081,1.0,0.6129999999999999,271.0,273.0,274.0,274.2,0.818,273.0,0.7909999999999999,273.0,0.8359999999999999,272.1,-0.001,13.52,2.0,1.0,0.0,19.31,0.0,-1.7,0.0,-0.026,-0.027,-0.019,-0.021,-0.01,-0.02,-0.016,0.386,0.8349999999999999,-0.024,-0.111,0.278,0.001,16.87,16.79,16.98,3.371,16.85,16.69,17.09,0.001,-0.001,0.0,0.0,0.0,0.0,0.0,0.0,0.0,0.0,0.0,0.0,0.0,9.3,9.670000000000002,0.0,0.0,0.0,0.0,0.0,0.0,59.97,6000.0,-1.567,-0.2,2.0,0.0,0.2,0.2,-0.0379999999999999,17.39,17.08,16.76,16.97,17.26,17.0,16.52,16.95,17.17,17.15,16.77,17.09,19.0,19.06,26.0,26.0,34.0,16.65,0.0,173.3,21.53,2.0,3.519,-1.0,3.307,6.8,4903
2015-12-24 05:24:00,0.0,0.0,0.0,0.0,0.0,0.0,-1.0,289734.0,16.0,0.0,75.59999999999998,59.5,60.0,-0.1,9461.0,1373.0,1378.0,298566.0,-0.0749999999999999,-0.0449999999999999,0.065,-0.926,0.031,0.081,1.0,0.628,271.0,273.0,274.0,274.1,0.818,273.0,0.7909999999999999,273.0,0.8359999999999999,272.1,0.003,13.7,2.0,3.0,0.0,19.31,0.0,-1.3330000000000002,0.0,-0.026,-0.027,-0.018,-0.021,-0.01,-0.02,-0.016,0.019,0.527,-0.024,-0.4889999999999999,0.2789999999999999,0.0,16.89,16.79,16.97,31.23,16.87,16.69,17.09,0.001,-0.001,0.001,-0.001,0.0,0.0,0.0,0.0,0.0,0.0,0.0,0.0,0.0,9.38,9.97,0.0,0.0,0.0,0.0,0.0,0.0,59.97,6000.0,-1.367,-0.2,2.0,0.0,0.2,0.2,-0.0379999999999999,17.44,17.09,16.76,16.99,17.37,16.98,16.53,16.95,17.19,17.16,16.78,17.09,18.97,19.01,26.0,26.0,34.0,16.65,0.0,202.0,58.51,2.0,3.519,-1.0,1.732,3.4,4903
2015-12-24 05:25:00,0.0,0.0,0.0,0.0,0.0,0.0,-1.0,289734.0,16.0,0.0,75.59999999999998,59.5,60.0,-0.1019999999999999,9461.0,1373.0,1378.0,298566.0,-0.0749999999999999,-0.0429999999999999,0.048,-0.926,0.031,0.081,1.0,0.622,271.0,273.0,274.0,274.2,0.818,273.0,0.7909999999999999,273.0,0.8359999999999999,272.1,0.003,13.7,2.0,3.0,0.0,19.3,0.0,-1.483,0.0,-0.027,-0.027,-0.019,-0.02,-0.01,-0.02,-0.016,0.02,0.528,-0.024,-0.4849999999999999,0.2789999999999999,0.0,16.89,16.84,16.98,24.33,16.87,16.71,17.15,0.001,0.0,0.001,-0.001,0.0,0.0,0.0,0.0,0.0,0.0,0.0,0.0,0.0,9.89,10.28,0.0,0.0,0.0,0.0,0.0,0.0,59.97,6000.0,-1.533,-0.2,2.0,0.0,0.2,0.2,-0.0379999999999999,17.46,17.09,16.77,17.0,17.39,16.98,16.55,16.97,17.24,17.2,16.8,17.11,18.98,19.02,26.0,26.0,34.0,16.65,0.0,302.4,86.09999999999998,2.0,3.519,-1.0,1.828,3.3,4903
2015-12-24 05:26:00,0.0,0.0,0.0,0.0,0.0,0.0,-1.0,289734.0,16.0,0.0,75.59999999999998,59.5,60.0,-0.1,9461.0,1373.0,1378.0,298566.0,-0.0749999999999999,-0.048,0.062,-0.926,0.031,0.081,1.0,0.63,271.0,273.0,274.0,274.1,0.818,273.0,0.7909999999999999,273.0,0.8359999999999999,272.1,0.003,13.7,2.0,3.0,0.0,19.3,0.0,-1.483,0.0,-0.026,-0.027,-0.018,-0.019,-0.01,-0.02,-0.017,0.021,0.528,-0.023,-0.487,0.2789999999999999,0.0,16.89,16.89,16.98,44.69,16.89,16.77,17.18,0.0,0.0,0.0,0.0,0.0,0.0,0.0,0.0,0.0,0.0,0.0,0.0,0.0,10.81,11.07,0.0,0.0,0.0,0.0,0.0,0.0,59.97,6000.0,-1.567,-0.2,2.0,0.0,0.2,0.2,-0.0379999999999999,17.5,17.11,16.8,17.03,17.47,17.02,16.58,17.0,17.27,17.24,16.83,17.13,19.01,19.06,26.0,26.0,34.0,16.66,0.0,246.6,48.22,2.0,3.521,-1.0,2.4730000000000003,7.3,4903
2015-12-24 05:27:00,0.0,0.0,0.0,0.0,0.0,0.0,-1.0,289734.0,16.0,0.0,75.59999999999998,59.5,60.0,-0.1,9461.0,1373.0,1378.0,298566.0,-0.0749999999999999,-0.035,0.055,-0.925,0.031,0.081,1.0,0.652,271.0,273.0,274.0,274.1,0.818,273.0,0.7909999999999999,273.0,0.8359999999999999,272.0,0.003,13.7,2.0,3.0,0.0,19.3,0.0,-1.55,0.0,-0.026,-0.027,-0.016,-0.019,-0.01,-0.02,-0.0149999999999999,0.021,0.529,-0.021,-0.4799999999999999,0.2789999999999999,0.0,16.91,16.89,16.98,29.48,16.89,16.79,17.28,0.002,-0.001,0.0,0.0,0.0,0.0,0.0,0.0,0.0,0.0,0.0,0.0,0.0,11.1,11.08,0.0,0.0,0.0,0.0,0.0,0.0,59.98,6000.0,-1.517,-0.2,2.0,0.0,0.2,0.2,-0.0379999999999999,17.57,17.17,16.84,17.05,17.42,17.05,16.6,17.03,17.27,17.28,16.86,17.17,19.11,19.09,26.0,26.0,34.0,16.69,0.0,261.9,57.95,2.0,3.518,-1.0,2.187,5.2,4903
2015-12-24 05:28:00,0.0,0.0,0.0,0.0,0.0,0.0,-1.0,289734.0,16.0,0.0,75.59999999999998,59.5,60.0,-0.1,9461.0,1373.0,1378.0,298566.0,-0.0749999999999999,-0.033,0.048,-0.925,0.031,0.081,1.0,0.635,271.0,273.0,274.0,274.0,0.818,273.0,0.7909999999999999,273.0,0.8359999999999999,272.0,0.003,13.7,2.0,1.0,0.0,19.29,0.0,-1.2,0.0,-0.026,-0.027,-0.017,-0.017,-0.012,-0.02,-0.016,0.434,0.9,-0.021,-0.3479999999999999,0.2789999999999999,0.001,16.98,16.89,17.0,30.26,16.95,16.79,17.27,0.001,-0.001,0.001,0.0,0.0,0.0,0.0,0.0,0.0,0.0,0.0,0.0,0.0,11.27,11.83,0.0,0.0,0.0,0.0,0.0,0.0,59.98,6000.0,-1.45,-0.2,2.0,0.0,0.2,0.2,-0.0379999999999999,17.56,17.19,16.86,17.06,17.38,17.11,16.61,17.07,17.29,17.34,16.88,17.2,19.06,19.09,26.0,26.0,34.0,16.73,0.0,245.5,31.67,2.0,3.521,-1.0,2.965,6.5,4903
2015-12-24 05:29:00,0.0,0.0,0.0,0.0,0.0,0.0,-1.0,289734.0,16.0,0.0,75.59999999999998,59.5,60.0,-0.103,9461.0,1373.0,1378.0,298566.0,-0.0749999999999999,-0.047,0.07,-0.925,0.031,0.081,1.0,0.638,271.0,273.0,274.0,274.0,0.818,273.0,0.7909999999999999,273.0,0.8359999999999999,272.1,0.002,13.33,2.0,1.0,0.0,19.28,0.0,-1.183,0.0,-0.027,-0.027,-0.017,-0.017,-0.0139999999999999,-0.021,-0.016,0.022,0.542,-0.023,-0.4729999999999999,0.28,0.001,16.97,16.95,17.08,55.97,16.98,16.81,17.28,0.001,-0.001,0.001,0.0,0.0,0.0,0.0,0.0,0.0,0.0,0.0,0.0,0.0,11.21,11.67,0.0,0.0,0.0,0.0,0.0,0.0,59.96,6000.0,-1.317,-0.2,2.0,0.0,0.2,0.2,-0.0379999999999999,17.54,17.2,16.89,17.08,17.4,17.1,16.63,17.09,17.3,17.34,16.92,17.22,19.05,19.12,26.0,26.0,34.0,16.74,0.0,287.0,38.5,2.0,3.519,-1.0,2.6830000000000003,4.9,4903
2015-12-24 05:30:00,0.0,0.0,0.0,0.0,0.0,0.0,-1.0,289734.0,16.0,0.0,75.59999999999998,59.5,60.0,-0.1019999999999999,9461.0,1373.0,1378.0,298566.0,-0.0749999999999999,-0.042,0.063,-0.926,0.031,0.081,1.0,0.643,271.0,273.0,274.0,274.0,0.818,273.0,0.7909999999999999,273.0,0.8359999999999999,272.0,0.004,13.7,2.0,3.0,0.0,19.28,0.0,-1.2,0.0,-0.027,-0.027,-0.018,-0.018,-0.0139999999999999,-0.022,-0.016,0.0279999999999999,0.535,-0.024,-0.4799999999999999,0.2789999999999999,0.001,16.99,16.98,17.08,27.27,16.98,16.87,17.28,0.001,-0.001,0.001,-0.001,0.0,0.0,0.0,0.0,0.0,0.0,0.0,0.0,0.0,10.58,11.0,0.0,0.0,0.0,0.0,0.0,0.0,59.97,6000.0,-1.533,-0.2,2.0,0.0,0.2,0.2,-0.0379999999999999,17.5,17.22,16.89,17.09,17.38,17.08,16.63,17.09,17.29,17.33,16.92,17.22,18.99,19.01,26.0,26.0,34.0,16.75,0.0,273.0,56.71,2.0,3.519,-1.0,1.862,3.8,4903
2015-12-24 05:31:00,0.0,0.0,0.0,0.0,0.0,0.0,-1.0,289734.0,16.0,0.0,75.59999999999998,59.5,60.0,-0.1,9461.0,1373.0,1378.0,298566.0,-0.0749999999999999,-0.0379999999999999,0.0529999999999999,-0.926,0.031,0.081,1.0,0.633,271.0,273.0,274.0,274.0,0.818,273.0,0.7909999999999999,273.0,0.8359999999999999,272.0,0.003,13.7,2.0,3.0,0.0,19.28,0.0,-1.567,0.0,-0.027,-0.027,-0.019,-0.017,-0.0139999999999999,-0.023,-0.016,0.027,0.535,-0.024,-0.4739999999999999,0.2789999999999999,0.0,16.99,16.98,17.08,40.11,16.98,16.87,17.28,0.001,0.0,0.0,0.0,0.0,0.0,0.0,0.0,0.0,0.0,0.0,0.0,0.0,10.63,11.0,0.0,0.0,0.0,0.0,0.0,0.0,59.96,6000.0,-1.55,-0.2,2.0,0.0,0.2,0.2,-0.0379999999999999,17.48,17.22,16.9,17.1,17.44,17.08,16.64,17.11,17.3,17.35,16.93,17.23,18.98,18.97,26.0,26.0,34.0,16.75,0.0,289.8,84.29999999999998,2.0,3.518,-1.0,1.062,2.6,4903
2015-12-24 05:32:00,0.0,0.0,0.0,0.0,0.0,0.0,-1.0,289734.0,16.0,0.0,75.59999999999998,59.5,60.0,-0.1019999999999999,9461.0,1373.0,1378.0,298566.0,-0.0749999999999999,-0.037,0.052,-0.926,0.031,0.081,1.0,0.637,271.0,273.0,274.0,274.0,0.818,273.0,0.7909999999999999,273.0,0.8359999999999999,272.0,0.003,13.7,2.0,3.0,0.0,19.28,0.0,-1.467,0.0,-0.0279999999999999,-0.027,-0.019,-0.017,-0.0139999999999999,-0.024,-0.016,0.027,0.535,-0.024,-0.481,0.2789999999999999,0.0,16.99,16.98,17.08,-15.11,16.98,16.85,17.28,0.001,-0.001,0.0,0.0,0.0,0.0,0.0,0.0,0.0,0.0,0.0,0.0,0.0,11.48,11.77,0.0,0.0,0.0,0.0,0.0,0.0,59.96,6000.0,-1.567,-0.2,2.0,0.0,0.2,0.2,-0.0379999999999999,17.46,17.23,16.91,17.1,17.41,17.08,16.65,17.11,17.27,17.36,16.95,17.24,18.94,18.99,26.0,26.0,34.0,16.79,0.0,253.6,19.77,2.0,3.519,-1.0,2.673,4.6,4903
2015-12-24 05:33:00,0.0,0.0,0.0,0.0,0.0,0.0,-1.0,289734.0,16.0,0.0,75.59999999999998,59.5,60.0,-0.1,9461.0,1373.0,1378.0,298566.0,-0.0749999999999999,-0.048,0.078,-0.926,0.031,0.081,1.0,0.625,271.0,273.0,274.0,274.0,0.818,273.0,0.7909999999999999,273.0,0.8359999999999999,272.0,0.003,13.7,2.0,3.0,0.0,19.28,0.0,-1.6669999999999998,0.0,-0.0279999999999999,-0.027,-0.019,-0.016,-0.012,-0.025,-0.0149999999999999,0.027,0.534,-0.024,-0.481,0.2789999999999999,0.0,16.99,16.98,17.08,6.182,16.98,16.82,17.31,0.001,-0.001,0.0,0.0,0.0,0.0,0.0,0.0,0.0,0.0,0.0,0.0,0.0,12.19,12.83,0.0,0.0,0.0,0.0,0.0,0.0,59.96,6000.0,-1.533,-0.2,2.0,0.0,0.2,0.2,-0.0379999999999999,17.44,17.23,16.92,17.12,17.43,17.08,16.66,17.13,17.27,17.36,16.96,17.25,18.94,18.89,26.0,26.0,34.0,16.79,0.0,230.8,66.52,2.0,3.519,-1.0,1.273,2.7,4903
2015-12-24 05:34:00,0.0,0.0,0.0,0.0,0.0,0.0,-1.0,289734.0,16.0,0.0,75.59999999999998,59.5,60.0,-0.1,9461.0,1373.0,1378.0,298566.0,-0.0749999999999999,-0.05,0.055,-0.926,0.031,0.081,1.0,0.6149999999999999,271.0,273.0,274.0,274.0,0.818,273.0,0.7909999999999999,273.0,0.8359999999999999,272.0,0.006,13.49,2.0,3.0,0.0,19.28,0.0,-1.55,0.0,-0.0279999999999999,-0.027,-0.019,-0.0149999999999999,-0.01,-0.025,-0.0139999999999999,0.1789999999999999,0.6509999999999999,-0.024,-0.3029999999999999,0.278,0.001,16.99,16.98,17.08,140.9,16.98,16.89,17.35,0.001,-0.001,0.001,0.0,0.0,0.0,0.0,0.0,0.0,0.0,0.0,0.0,0.0,11.69,12.17,0.0,0.0,0.0,0.0,0.0,0.0,59.96,6000.0,-1.517,-0.2,2.0,0.0,0.2,0.2,-0.0379999999999999,17.48,17.25,16.94,17.13,17.46,17.1,16.67,17.14,17.29,17.37,16.98,17.26,18.89,18.89,26.0,26.0,34.0,16.79,0.0,283.8,19.1,2.0,3.519,-1.0,3.087,5.5,4903
2015-12-24 05:35:00,0.0,0.0,0.0,0.0,0.0,0.0,-1.0,289734.0,16.0,0.0,75.59999999999998,59.5,60.0,-0.1,9461.0,1373.0,1378.0,298566.0,-0.0749999999999999,-0.0449999999999999,0.0599999999999999,-0.926,0.031,0.081,1.0,0.6149999999999999,271.0,272.9,273.9,274.0,0.818,273.0,0.7909999999999999,273.0,0.8359999999999999,272.0,-0.002,13.49,2.0,3.0,0.0,19.28,0.0,-1.517,0.0,-0.027,-0.027,-0.017,-0.0139999999999999,-0.01,-0.024,-0.013,0.026,0.534,-0.024,-0.481,0.2789999999999999,0.001,17.04,16.98,17.08,47.5,16.98,16.89,17.33,0.001,0.0,0.0,-0.001,0.0,0.0,0.0,0.0,0.0,0.0,0.0,0.0,0.0,11.6,11.98,0.0,0.0,0.0,0.0,0.0,0.0,59.95,6000.0,-1.6,-0.2,2.0,0.0,0.2,0.2,-0.0379999999999999,17.5,17.27,16.93,17.12,17.44,17.12,16.66,17.15,17.27,17.37,16.98,17.27,18.9,19.01,26.0,26.0,34.0,16.81,0.0,274.9,44.36,2.0,3.519,-1.0,2.237,5.1,4903
2015-12-24 05:36:00,0.0,0.0,0.0,0.0,0.0,0.0,-1.0,289734.0,16.0,0.0,75.59999999999998,59.5,60.0,-0.1,9461.0,1373.0,1378.0,298566.0,-0.0749999999999999,-0.042,0.067,-0.925,0.031,0.081,1.0,0.6119999999999999,271.0,272.8,273.8,274.0,0.818,273.0,0.7909999999999999,273.0,0.8359999999999999,272.0,0.003,13.7,2.0,3.0,0.0,19.28,0.0,-1.65,0.0,-0.026,-0.027,-0.016,-0.013,-0.01,-0.023,-0.012,0.0279999999999999,0.536,-0.024,-0.4789999999999999,0.2789999999999999,0.0,17.07,16.98,17.11,18.2,16.98,16.89,17.36,0.001,-0.001,0.0,-0.001,0.0,0.0,0.0,0.0,0.0,0.0,0.0,0.0,0.0,11.54,11.8,0.0,0.0,0.0,0.0,0.0,0.0,59.96,6000.0,-1.5830000000000002,-0.2,2.0,0.0,0.2,0.2,-0.0379999999999999,17.52,17.27,16.94,17.14,17.47,17.1,16.68,17.16,17.3,17.39,16.99,17.27,18.86,18.89,26.0,26.0,34.0,16.81,0.0,259.2,59.49,2.0,3.519,-1.0,2.103,4.9,4903
2015-12-24 05:37:00,0.0,0.0,0.0,0.0,0.0,0.0,-1.0,289734.0,16.0,0.0,75.59999999999998,59.5,60.0,-0.1,9461.0,1373.0,1378.0,298566.0,-0.0749999999999999,-0.0429999999999999,0.047,-0.925,0.031,0.081,1.0,0.6149999999999999,271.0,272.9,273.9,274.0,0.818,273.0,0.7909999999999999,273.0,0.8359999999999999,272.0,0.003,13.7,2.0,3.0,0.0,19.28,0.0,-1.717,0.0,-0.027,-0.027,-0.016,-0.013,-0.01,-0.021,-0.011,0.031,0.539,-0.023,-0.476,0.2789999999999999,0.0,17.09,16.98,17.18,62.86,16.98,16.89,17.33,0.001,-0.001,0.0,-0.001,0.0,0.0,0.0,0.0,0.0,0.0,0.0,0.0,0.0,11.81,12.05,0.0,0.0,0.0,0.0,0.0,0.0,59.96,6000.0,-1.5830000000000002,-0.2,2.0,0.0,0.2,0.2,-0.0379999999999999,17.43,17.26,16.95,17.14,17.41,17.09,16.68,17.16,17.29,17.39,16.99,17.28,18.87,18.91,26.0,26.0,34.0,16.82,0.0,216.5,16.43,2.0,3.519,-1.0,2.435,3.8,4903
2015-12-24 05:38:00,0.0,0.0,0.0,0.0,0.0,0.0,-1.0,289734.0,16.0,0.0,75.59999999999998,59.5,60.0,-0.1019999999999999,9461.0,1373.0,1378.0,298566.0,-0.0749999999999999,-0.048,0.042,-0.926,0.031,0.081,1.0,0.625,271.0,272.8,273.8,274.0,0.818,273.0,0.7909999999999999,273.0,0.8359999999999999,272.0,0.003,13.7,2.0,3.0,0.0,19.28,0.0,-1.4,0.0,-0.027,-0.027,-0.016,-0.013,-0.01,-0.021,-0.011,0.035,0.5429999999999999,-0.022,-0.4729999999999999,0.2789999999999999,0.0,17.09,16.98,17.18,252.1,16.98,16.89,17.35,0.0,-0.001,0.0,0.0,0.0,0.0,0.0,0.0,0.0,0.0,0.0,0.0,0.0,12.15,12.62,0.0,0.0,0.0,0.0,0.0,0.0,59.97,6000.0,-1.383,-0.2,2.0,0.0,0.2,0.2,-0.0379999999999999,17.33,17.25,16.95,17.14,17.33,17.07,16.68,17.16,17.25,17.35,16.99,17.28,18.84,18.87,26.0,26.0,34.0,16.8,0.0,238.7,32.99,2.0,3.517,-1.0,1.945,3.1,4903
2015-12-24 05:39:00,0.0,0.0,0.0,0.0,0.0,0.0,-1.0,289734.0,16.0,0.0,75.59999999999998,59.5,60.0,-0.1,9461.0,1373.0,1378.0,298566.0,-0.0749999999999999,-0.0529999999999999,0.0579999999999999,-0.926,0.031,0.081,1.0,0.6119999999999999,271.0,272.8,273.8,274.0,0.818,273.0,0.7909999999999999,273.0,0.8359999999999999,272.0,0.003,13.7,2.0,3.0,0.0,19.28,0.0,-1.267,0.0,-0.026,-0.027,-0.016,-0.012,-0.008,-0.021,-0.011,0.037,0.544,-0.021,-0.471,0.2789999999999999,0.0,17.09,16.98,17.18,,16.98,16.89,17.35,0.0,0.0,0.001,0.0,0.0,0.0,0.0,0.0,0.0,0.0,0.0,0.0,0.0,11.02,11.38,0.0,0.0,0.0,0.0,0.0,0.0,59.96,6000.0,-1.433,-0.2,2.0,0.0,0.2,0.2,-0.0379999999999999,17.35,17.25,16.95,17.14,17.4,17.08,16.68,17.16,17.25,17.35,17.0,17.28,18.84,18.83,26.0,26.0,34.0,16.8,0.0,299.7,30.16,2.0,3.519,-1.0,2.37,3.1,4903
2015-12-24 05:40:00,0.0,0.0,0.0,0.0,0.0,0.0,-1.0,289734.0,16.0,0.0,75.59999999999998,59.5,60.0,-0.1019999999999999,9461.0,1373.0,1378.0,298566.0,-0.0749999999999999,-0.0429999999999999,0.063,-0.926,0.031,0.081,1.0,0.62,271.0,272.8,273.8,274.0,0.818,273.0,0.7909999999999999,273.0,0.8359999999999999,272.0,0.005,13.56,2.0,1.0,0.0,19.28,0.0,-1.317,0.0,-0.026,-0.027,-0.0149999999999999,-0.011,-0.0069999999999999,-0.021,-0.011,0.2389999999999999,0.692,-0.02,-0.241,0.278,0.001,17.09,16.98,17.15,103.3,16.98,16.89,17.35,0.001,-0.001,0.001,-0.001,0.0,0.0,0.0,0.0,0.0,0.0,0.0,0.0,0.0,11.39,11.65,0.0,0.0,0.0,0.0,0.0,0.0,59.97,6000.0,-1.433,-0.2,2.0,0.0,0.2,0.2,-0.0379999999999999,17.36,17.24,16.94,17.13,17.38,17.07,16.67,17.16,17.26,17.34,17.0,17.27,18.82,18.8,26.0,26.0,34.0,16.8,0.0,270.0,28.9,2.0,3.519,-1.0,2.3,5.4,4903
2015-12-24 05:41:00,0.0,0.0,0.0,0.0,0.0,0.0,-1.0,289734.0,16.0,0.0,75.59999999999998,59.5,60.0,-0.1,9461.0,1373.0,1378.0,298566.0,-0.0749999999999999,-0.0599999999999999,0.05,-0.926,0.031,0.081,1.0,0.5999999999999999,271.0,273.0,274.0,274.0,0.818,273.0,0.7909999999999999,273.0,0.8359999999999999,272.0,0.003,13.7,2.0,3.0,0.0,19.28,0.0,-1.6,0.0,-0.026,-0.027,-0.016,-0.011,-0.0069999999999999,-0.021,-0.011,0.036,0.5429999999999999,-0.02,-0.466,0.2789999999999999,0.0,17.02,16.98,17.16,44.58,16.98,16.89,17.33,0.001,-0.001,0.001,-0.001,0.0,0.0,0.0,0.0,0.0,0.0,0.0,0.0,0.0,11.35,11.52,0.0,0.0,0.0,0.0,0.0,0.0,59.96,6000.0,-1.567,-0.2,2.0,0.0,0.2,0.2,-0.0379999999999999,17.38,17.23,16.95,17.13,17.38,17.09,16.67,17.17,17.25,17.34,17.0,17.28,18.79,18.81,26.0,26.0,34.0,16.8,0.0,268.1,29.0,2.0,3.519,-1.0,2.385,3.8,4903
2015-12-24 05:42:00,0.0,0.0,0.0,0.0,0.0,0.0,-1.0,289734.0,16.0,0.0,75.59999999999998,59.5,60.0,-0.1019999999999999,9461.0,1373.0,1378.0,298566.0,-0.0749999999999999,-0.04,0.062,-0.926,0.031,0.081,1.0,0.6049999999999999,271.0,273.0,274.0,274.0,0.818,273.0,0.7909999999999999,273.0,0.8359999999999999,272.0,0.003,13.7,2.0,3.0,0.0,19.28,0.0,-1.55,0.0,-0.025,-0.027,-0.016,-0.01,-0.0069999999999999,-0.02,-0.01,0.04,0.5479999999999999,-0.02,-0.4679999999999999,0.2789999999999999,0.0,16.99,16.98,17.11,59.61,16.98,16.89,17.33,0.0,-0.001,0.0,0.0,0.0,0.0,0.0,0.0,0.0,0.0,0.0,0.0,0.0,11.9,12.23,0.0,0.0,0.0,0.0,0.0,0.0,59.97,6000.0,-1.483,-0.2,2.0,0.0,0.2,0.2,-0.0379999999999999,17.43,17.24,16.95,17.14,17.4,17.09,16.68,17.17,17.26,17.35,17.01,17.28,18.79,18.77,26.0,26.0,34.0,16.79,0.0,267.9,79.53,2.0,3.519,-1.0,1.058,3.1,4903
2015-12-24 05:43:00,0.0,0.0,0.0,0.0,0.0,0.0,-1.0,289734.0,16.0,0.0,75.59999999999998,59.5,60.0,-0.1019999999999999,9461.0,1373.0,1378.0,298566.0,-0.0749999999999999,-0.0379999999999999,0.07,-0.926,0.031,0.081,1.0,0.5999999999999999,271.0,273.0,274.0,274.0,0.818,273.0,0.7909999999999999,273.0,0.8359999999999999,272.0,0.003,13.7,2.0,3.0,0.0,19.28,0.0,-1.4169999999999998,0.0,-0.024,-0.025,-0.016,-0.011,-0.0069999999999999,-0.02,-0.011,0.044,0.552,-0.02,-0.462,0.2789999999999999,0.0,17.01,16.98,17.13,31.62,16.98,16.89,17.3,0.0,-0.001,0.0,-0.001,0.0,0.0,0.0,0.0,0.0,0.0,0.0,0.0,0.0,13.08,13.37,0.0,0.0,0.0,0.0,0.0,0.0,59.98,6000.0,-1.433,-0.2,2.0,0.0,0.2,0.2,-0.0379999999999999,17.44,17.24,16.96,17.15,17.37,17.09,16.69,17.18,17.27,17.34,17.01,17.28,18.75,18.71,26.0,26.0,34.0,16.81,0.0,204.7,37.92,2.0,3.518,-1.0,2.297,4.1,4903
2015-12-24 05:44:00,0.0,0.0,0.0,0.0,0.0,0.0,-1.0,289734.0,16.0,0.0,75.59999999999998,59.5,60.0,-0.1,9461.0,1373.0,1378.0,298566.0,-0.0749999999999999,-0.05,0.048,-0.925,0.031,0.081,1.0,0.6169999999999999,271.0,272.9,273.9,274.0,0.818,273.0,0.7909999999999999,273.0,0.8359999999999999,272.0,0.003,13.7,2.0,3.0,0.0,19.28,0.0,-1.483,0.0,-0.023,-0.024,-0.0149999999999999,-0.011,-0.0069999999999999,-0.019,-0.01,0.0449999999999999,0.5529999999999999,-0.02,-0.46,0.2789999999999999,0.0,17.09,16.98,17.18,18.66,16.98,16.89,17.37,0.001,-0.001,0.0,0.0,0.0,0.0,0.0,0.0,0.0,0.0,0.0,0.0,0.0,13.85,14.0,0.0,0.0,0.0,0.0,0.0,0.0,59.96,6000.0,-1.5830000000000002,-0.2,2.0,0.0,0.2,0.2,-0.0379999999999999,17.44,17.25,16.97,17.15,17.38,17.09,16.69,17.18,17.29,17.36,17.02,17.3,18.75,18.81,26.0,26.0,34.0,16.82,0.0,273.9,35.16,2.0,3.519,-1.0,2.455,4.1,4903
2015-12-24 05:45:00,0.0,0.0,0.0,0.0,0.0,0.0,-1.0,289734.0,16.0,0.0,75.59999999999998,59.5,60.0,-0.1,9461.0,1373.0,1378.0,298566.0,-0.0749999999999999,-0.0379999999999999,0.063,-0.926,0.031,0.081,1.0,0.6099999999999999,271.0,273.0,274.0,274.0,0.818,273.0,0.7909999999999999,273.0,0.8359999999999999,272.0,0.002,13.58,2.0,1.0,0.0,19.28,0.0,-1.55,0.0,-0.022,-0.024,-0.0149999999999999,-0.011,-0.0069999999999999,-0.018,-0.01,0.251,0.7229999999999999,-0.018,-0.2439999999999999,0.278,0.001,17.09,16.98,17.18,31.84,16.98,16.89,17.38,0.001,-0.001,0.0,-0.001,0.0,0.0,0.0,0.0,0.0,0.0,0.0,0.0,0.0,13.49,13.72,0.0,0.0,0.0,0.0,0.0,0.0,59.96,6000.0,-1.55,-0.2,2.0,0.0,0.2,0.2,-0.0379999999999999,17.49,17.28,16.98,17.16,17.41,17.12,16.7,17.21,17.33,17.38,17.04,17.3,18.78,18.92,26.0,26.0,34.0,16.84,0.0,269.4,25.71,2.0,3.519,-1.0,2.37,4.3,4903
2015-12-24 05:46:00,0.0,0.0,0.0,0.0,0.0,0.0,-1.0,289734.0,16.0,0.0,75.59999999999998,59.5,60.0,-0.1,9461.0,1373.0,1378.0,298566.0,-0.0749999999999999,-0.05,0.0729999999999999,-0.926,0.031,0.081,1.0,0.6099999999999999,271.0,272.8,273.8,274.0,0.818,273.0,0.7909999999999999,273.0,0.8359999999999999,272.0,0.004,13.7,2.0,3.0,0.0,19.27,0.0,-1.6669999999999998,0.0,-0.022,-0.024,-0.0139999999999999,-0.011,-0.0069999999999999,-0.018,-0.01,0.037,0.544,-0.017,-0.471,0.2789999999999999,0.0,17.09,17.0,17.18,32.03,17.0,16.9,17.38,0.001,0.0,0.0,0.0,0.0,0.0,0.0,0.0,0.0,0.0,0.0,0.0,0.0,12.25,12.72,0.0,0.0,0.0,0.0,0.0,0.0,59.96,6000.0,-1.5,-0.2,2.0,0.0,0.2,0.2,-0.0379999999999999,17.5,17.27,16.99,17.17,17.42,17.12,16.71,17.21,17.35,17.38,17.04,17.31,18.78,18.86,26.0,26.0,34.0,16.84,0.0,291.4,44.8,2.0,3.521,-1.0,2.247,4.1,4903
2015-12-24 05:47:00,0.0,0.0,0.0,0.0,0.0,0.0,-1.0,289734.0,16.0,0.0,75.59999999999998,59.5,60.0,-0.1,9461.0,1373.0,1378.0,298566.0,-0.0749999999999999,-0.05,0.0429999999999999,-0.926,0.031,0.081,1.0,0.632,271.0,273.0,274.0,274.0,0.818,273.0,0.7909999999999999,273.0,0.8359999999999999,272.0,0.003,13.7,2.0,3.0,0.0,19.26,0.0,-1.4169999999999998,0.0,-0.021,-0.024,-0.0139999999999999,-0.011,-0.0069999999999999,-0.018,-0.01,0.039,0.547,-0.017,-0.4689999999999999,0.2789999999999999,0.0,17.09,17.0,17.18,55.25,17.08,16.93,17.37,0.001,-0.001,0.0,-0.001,0.0,0.0,0.0,0.0,0.0,0.0,0.0,0.0,0.0,11.95,12.3,0.0,0.0,0.0,0.0,0.0,0.0,59.97,6000.0,-1.467,-0.2,2.0,0.0,0.2,0.2,-0.0379999999999999,17.49,17.26,16.99,17.18,17.42,17.13,16.72,17.21,17.36,17.4,17.05,17.31,18.78,18.83,26.0,26.0,34.0,16.85,0.0,247.9,66.11,2.0,3.519,-1.0,1.123,2.7,4903
2015-12-24 05:48:00,0.0,0.0,0.0,0.0,0.0,0.0,-1.0,289734.0,16.0,0.0,75.59999999999998,59.5,60.0,-0.1019999999999999,9461.0,1373.0,1378.0,298566.0,-0.0749999999999999,-0.04,0.062,-0.926,0.031,0.081,1.0,0.635,271.0,273.0,274.0,274.0,0.818,273.0,0.7909999999999999,273.0,0.8359999999999999,272.0,0.003,13.7,2.0,3.0,0.0,19.26,0.0,-1.0,0.0,-0.021,-0.024,-0.0139999999999999,-0.013,-0.0069999999999999,-0.017,-0.011,0.034,0.542,-0.017,-0.4739999999999999,0.2789999999999999,0.0,17.09,16.98,17.18,9.090000000000002,17.02,16.94,17.38,0.0,-0.001,0.0,-0.001,0.0,0.0,0.0,0.0,0.0,0.0,0.0,0.0,0.0,11.78,12.38,0.0,0.0,0.0,0.0,0.0,0.0,59.98,6000.0,-1.233,-0.2,2.0,0.0,0.2,0.2,-0.0379999999999999,17.52,17.27,16.98,17.18,17.43,17.12,16.72,17.22,17.35,17.4,17.05,17.31,18.8,18.9,26.0,26.0,34.0,16.85,0.0,267.9,27.63,2.0,3.521,-1.0,2.947,5.1,4903
2015-12-24 05:49:00,0.0,0.0,0.0,0.0,0.0,0.0,-1.0,289734.0,16.0,0.0,75.59999999999998,59.5,60.0,-0.1019999999999999,9461.0,1373.0,1378.0,298566.0,-0.0749999999999999,-0.055,0.078,-0.926,0.0299999999999999,0.081,1.0,0.6049999999999999,271.0,272.8,273.8,274.0,0.818,273.0,0.7909999999999999,273.0,0.8359999999999999,272.0,0.003,13.7,2.0,3.0,0.0,19.26,0.0,-1.067,0.0,-0.021,-0.024,-0.0149999999999999,-0.013,-0.0069999999999999,-0.017,-0.011,0.031,0.539,-0.017,-0.477,0.2789999999999999,0.0,17.09,17.0,17.18,48.62,17.0,16.89,17.38,0.0,0.0,0.001,-0.001,0.0,0.0,0.0,0.0,0.0,0.0,0.0,0.0,0.0,10.01,10.4,0.0,0.0,0.0,0.0,0.0,0.0,59.96,6000.0,-1.3330000000000002,-0.2,2.0,0.0,0.2,0.2,-0.0379999999999999,17.58,17.27,16.98,17.17,17.47,17.13,16.71,17.22,17.37,17.42,17.05,17.3,18.85,18.91,26.0,26.0,34.0,16.84,0.0,242.2,47.09,2.0,3.521,-1.0,2.25,5.4,4903
2015-12-24 05:50:00,0.0,0.0,0.0,0.0,0.0,0.0,-1.0,289734.0,16.0,0.0,75.59999999999998,59.5,60.0,-0.1,9461.0,1373.0,1378.0,298566.0,-0.0749999999999999,-0.052,0.0579999999999999,-0.927,0.0299999999999999,0.081,1.0,0.6149999999999999,270.4,272.1,273.2,273.8,0.818,272.4,0.7909999999999999,272.5,0.8359999999999999,271.6,0.003,13.7,2.0,3.0,0.0,19.26,0.0,-1.05,0.0,-0.022,-0.024,-0.0139999999999999,-0.0149999999999999,-0.0069999999999999,-0.017,-0.011,0.195,0.6559999999999999,-0.017,-0.283,0.278,0.0,17.09,17.0,17.18,3.776,16.98,16.89,17.38,0.0,-0.001,0.001,0.0,0.0,0.0,0.0,0.0,0.0,0.0,0.0,0.0,0.0,9.22,9.6,0.0,0.0,0.0,0.0,0.0,0.0,59.96,6000.0,-1.283,-0.2,2.0,0.0,0.2,0.2,-0.0379999999999999,17.72,17.27,16.97,17.17,17.54,17.14,16.71,17.21,17.4,17.44,17.04,17.29,18.93,18.97,26.0,26.0,34.0,16.83,0.0,307.1,42.7,2.0,3.519,-1.0,3.043,6.1,4903
2015-12-24 05:51:00,0.0,0.0,0.0,0.0,0.0,0.0,-1.0,289734.0,16.0,0.0,75.59999999999998,59.5,60.0,-0.103,9461.0,1373.0,1378.0,298566.0,-0.0749999999999999,-0.057,0.05,-0.927,0.0299999999999999,0.081,1.0,0.6099999999999999,270.5,272.0,273.0,273.6,0.818,272.0,0.7909999999999999,272.0,0.8359999999999999,271.7,0.002,13.49,2.0,3.0,0.0,19.26,0.0,-1.067,0.0,-0.022,-0.024,-0.0139999999999999,-0.0139999999999999,-0.0069999999999999,-0.016,-0.01,0.037,0.545,-0.017,-0.467,0.278,0.001,17.07,16.98,17.18,128.5,16.98,16.89,17.37,0.001,-0.001,0.001,0.0,0.0,0.0,0.0,0.0,0.0,0.0,0.0,0.0,0.0,8.67,9.0,0.0,0.0,0.0,0.0,0.0,0.0,59.97,6000.0,-1.233,-0.2,2.0,0.0,0.2,0.2,-0.0379999999999999,17.78,17.24,16.96,17.15,17.5,17.11,16.7,17.18,17.36,17.41,17.01,17.27,18.95,18.98,26.0,26.0,34.0,16.83,0.0,231.5,30.23,2.0,3.519,-1.0,2.263,4.6,4903
2015-12-24 05:52:00,0.0,0.0,0.0,0.0,0.0,0.0,-1.0,289734.0,16.0,0.0,75.59999999999998,59.5,60.0,-0.1,9461.0,1373.0,1378.0,298566.0,-0.0749999999999999,-0.037,0.07,-0.927,0.0299999999999999,0.081,1.0,0.6019999999999999,270.3,272.0,273.0,273.6,0.818,272.1,0.7909999999999999,272.1,0.8359999999999999,271.4,0.003,13.7,2.0,3.0,0.0,19.26,0.0,-1.533,0.0,-0.022,-0.024,-0.0149999999999999,-0.0149999999999999,-0.0069999999999999,-0.016,-0.01,0.04,0.5479999999999999,-0.017,-0.4679999999999999,0.2789999999999999,0.0,16.99,16.98,17.08,34.23,16.98,16.89,17.3,0.001,-0.001,0.0,0.0,0.0,0.0,0.0,0.0,0.0,0.0,0.0,0.0,0.0,7.997,8.429999999999998,0.0,0.0,0.0,0.0,0.0,0.0,59.96,6000.0,-1.467,-0.2,2.0,0.0,0.2,0.2,-0.0379999999999999,17.82,17.23,16.93,17.13,17.48,17.1,16.68,17.15,17.3,17.39,16.98,17.25,18.92,18.92,26.0,26.0,34.0,16.8,0.0,173.9,47.98,2.0,3.519,-1.0,2.938,5.8,4903
2015-12-24 05:53:00,0.0,0.0,0.0,0.0,0.0,0.0,-1.0,289734.0,16.0,0.0,75.59999999999998,59.5,60.0,-0.1,9461.0,1373.0,1378.0,298566.0,-0.0749999999999999,-0.04,0.062,-0.927,0.0299999999999999,0.081,1.0,0.5969999999999999,270.2,272.0,273.0,273.3,0.818,272.0,0.7909999999999999,272.0,0.8359999999999999,271.1,0.003,13.7,2.0,3.0,0.0,19.26,0.0,-1.483,0.0,-0.022,-0.024,-0.0149999999999999,-0.0139999999999999,-0.0069999999999999,-0.017,-0.01,0.042,0.5489999999999999,-0.017,-0.466,0.2789999999999999,0.0,16.99,16.98,17.08,28.97,16.98,16.85,17.28,0.0,0.0,0.001,0.0,0.0,0.0,0.0,0.0,0.0,0.0,0.0,0.0,0.0,7.1770000000000005,7.382999999999998,0.0,0.0,0.0,0.0,0.0,0.0,59.97,6000.0,-1.517,-0.2,2.0,0.0,0.2,0.2,-0.0379999999999999,17.81,17.21,16.92,17.11,17.45,17.1,16.65,17.13,17.28,17.35,16.95,17.24,18.91,18.9,26.0,26.0,34.0,16.78,0.0,223.0,50.03,2.0,3.519,-1.0,2.833,5.4,4903
2015-12-24 05:54:00,0.0,0.0,0.0,0.0,0.0,0.0,-1.0,289734.0,16.0,0.0,75.59999999999998,59.5,60.0,-0.1,9461.0,1373.0,1378.0,298566.0,-0.0749999999999999,-0.048,0.057,-0.926,0.031,0.081,1.0,0.5999999999999999,270.0,272.0,273.0,273.1,0.818,272.0,0.7909999999999999,272.0,0.8359999999999999,271.0,0.003,13.7,2.0,3.0,0.0,19.26,0.0,-1.05,0.0,-0.022,-0.024,-0.0149999999999999,-0.0139999999999999,-0.006,-0.016,-0.01,0.039,0.547,-0.017,-0.4689999999999999,0.2789999999999999,0.0,16.99,16.98,17.08,18.63,16.98,16.82,17.28,0.001,-0.001,0.0,0.0,0.0,0.0,0.0,0.0,0.0,0.0,0.0,0.0,0.0,6.317,6.85,0.0,0.0,0.0,0.0,0.0,0.0,59.95,6000.0,-1.3,-0.2,2.0,0.0,0.2,0.2,-0.0379999999999999,17.83,17.2,16.9,17.1,17.45,17.07,16.65,17.1,17.31,17.32,16.93,17.22,18.88,18.91,26.0,26.0,34.0,16.76,0.0,226.2,30.1,2.0,3.519,-1.0,3.345,5.6,4903
2015-12-24 05:55:00,0.0,0.0,0.0,0.0,0.0,0.0,-1.0,289734.0,16.0,0.0,75.59999999999998,59.5,60.0,-0.1,9461.0,1373.0,1378.0,298566.0,-0.0749999999999999,-0.0429999999999999,0.065,-0.926,0.0299999999999999,0.081,1.0,0.6079999999999999,270.0,272.0,273.0,273.2,0.818,272.0,0.7909999999999999,272.0,0.8359999999999999,271.1,0.003,13.7,2.0,3.0,0.0,19.26,0.0,-1.117,0.0,-0.022,-0.024,-0.0149999999999999,-0.0139999999999999,-0.004,-0.016,-0.01,0.039,0.547,-0.017,-0.46,0.278,0.0,16.96,16.9,17.03,36.29,16.92,16.79,17.28,0.001,-0.001,0.0,0.0,0.0,0.0,0.0,0.0,0.0,0.0,0.0,0.0,0.0,5.625,6.0,0.0,0.0,0.0,0.0,0.0,0.0,59.95,6000.0,-1.4,-0.2,2.0,0.0,0.2,0.2,-0.0379999999999999,17.88,17.2,16.89,17.09,17.42,17.09,16.65,17.08,17.31,17.3,16.91,17.21,18.85,18.88,26.0,26.0,34.0,16.73,0.0,269.0,33.93,2.0,3.519,-1.0,2.692,6.0,4903
2015-12-24 05:56:00,0.0,0.0,0.0,0.0,0.0,0.0,-1.0,289734.0,16.0,0.0,75.59999999999998,59.5,60.0,-0.1019999999999999,9461.0,1373.0,1378.0,298566.0,-0.0749999999999999,-0.047,0.065,-0.926,0.0299999999999999,0.081,1.0,0.5999999999999999,270.0,272.0,273.0,273.2,0.818,272.0,0.7909999999999999,272.0,0.8359999999999999,271.0,0.003,13.56,2.0,1.0,0.0,19.26,0.0,-1.033,0.0,-0.022,-0.024,-0.0149999999999999,-0.0139999999999999,-0.004,-0.0149999999999999,-0.01,0.216,0.68,-0.017,-0.268,0.278,0.001,16.94,16.89,16.98,38.87,16.89,16.79,17.28,0.001,-0.001,0.0,0.0,0.0,0.0,0.0,0.0,0.0,0.0,0.0,0.0,0.0,5.162000000000001,5.483,0.0,0.0,0.0,0.0,0.0,0.0,59.95,6000.0,-1.25,-0.2,2.0,0.0,0.2,0.2,-0.0379999999999999,17.9,17.18,16.87,17.08,17.38,17.07,16.63,17.06,17.27,17.29,16.89,17.19,18.82,18.88,26.0,26.0,34.0,16.7,0.0,210.5,28.82,2.0,3.519,-1.0,2.7880000000000003,4.4,4903
2015-12-24 05:57:00,0.0,0.0,0.0,0.0,0.0,0.0,-1.0,289734.0,16.0,0.0,75.59999999999998,59.5,60.0,-0.1,9461.0,1373.0,1378.0,298566.0,-0.0749999999999999,-0.048,0.0429999999999999,-0.926,0.0299999999999999,0.081,1.0,0.6069999999999999,270.0,272.0,273.0,273.0,0.818,272.0,0.7909999999999999,272.0,0.8359999999999999,271.0,0.003,13.7,2.0,3.0,0.0,19.26,0.0,-1.033,0.0,-0.023,-0.024,-0.0149999999999999,-0.0149999999999999,-0.005,-0.0149999999999999,-0.01,0.0379999999999999,0.546,-0.017,-0.4689999999999999,0.2789999999999999,0.0,16.89,16.87,16.98,342.2,16.87,16.76,17.2,0.001,-0.001,0.001,0.0,0.0,0.0,0.0,0.0,0.0,0.0,0.0,0.0,0.0,5.131,5.1,0.0,0.0,0.0,0.0,0.0,0.0,59.96,6000.0,-1.3330000000000002,-0.2,2.0,0.0,0.2,0.2,-0.0379999999999999,17.86,17.14,16.83,17.06,17.37,17.05,16.6,17.02,17.19,17.24,16.85,17.16,18.81,18.84,26.0,26.0,34.0,16.66,0.0,197.7,28.45,2.0,3.519,-1.0,2.023,3.2,4903
2015-12-24 05:58:00,0.0,0.0,0.0,0.0,0.0,0.0,-1.0,289734.0,16.0,0.0,75.59999999999998,59.5,60.0,-0.1,9461.0,1373.0,1378.0,298566.0,-0.0749999999999999,-0.048,0.07,-0.926,0.031,0.081,1.0,0.5999999999999999,270.0,272.0,273.0,273.0,0.818,272.0,0.7909999999999999,272.0,0.8359999999999999,271.0,0.003,13.7,2.0,3.0,0.0,19.26,0.0,-1.267,0.0,-0.023,-0.026,-0.016,-0.0149999999999999,-0.005,-0.0149999999999999,-0.01,0.037,0.544,-0.017,-0.471,0.2789999999999999,0.0,16.89,16.79,16.98,30.73,16.81,16.69,17.18,0.0,-0.001,0.0,0.0,0.0,0.0,0.0,0.0,0.0,0.0,0.0,0.0,0.0,5.216,5.667000000000001,0.0,0.0,0.0,0.0,0.0,0.0,59.98,6000.0,-1.367,-0.2,2.0,0.0,0.2,0.2,-0.0379999999999999,17.83,17.1,16.81,17.04,17.39,17.03,16.6,17.0,17.19,17.24,16.83,17.13,18.79,18.82,26.0,26.0,34.0,16.63,0.0,233.3,43.07,2.0,3.519,-1.0,2.343,4.3,4903
2015-12-24 05:59:00,0.0,0.0,0.0,0.0,0.0,0.0,-1.0,289734.0,16.0,0.0,75.59999999999998,59.5,60.0,-0.1019999999999999,9461.0,1373.0,1378.0,298566.0,-0.0749999999999999,-0.048,0.067,-0.926,0.031,0.081,1.0,0.5979999999999999,270.0,271.9,272.9,273.0,0.818,272.0,0.7909999999999999,272.0,0.8359999999999999,271.0,0.003,13.7,2.0,3.0,0.0,19.25,0.0,-1.35,0.0,-0.023,-0.025,-0.016,-0.0149999999999999,-0.005,-0.0149999999999999,-0.01,0.035,0.5429999999999999,-0.017,-0.4699999999999999,0.2789999999999999,0.0,16.89,16.79,16.95,78.90999999999998,16.79,16.69,17.18,0.001,-0.001,0.0,-0.001,0.0,0.0,0.0,0.0,0.0,0.0,0.0,0.0,0.0,5.573,6.0,0.0,0.0,0.0,0.0,0.0,0.0,59.97,6000.0,-1.383,-0.2,2.0,0.0,0.2,0.2,-0.0379999999999999,17.81,17.09,16.8,17.03,17.34,17.02,16.58,16.97,17.19,17.22,16.81,17.12,18.79,18.82,25.98,26.0,34.0,16.62,0.0,220.1,35.68,2.0,3.519,-1.0,3.242,4.7,4903
2015-12-24 06:00:00,0.0,0.0,0.0,0.0,0.0,0.0,-1.0,289734.0,16.0,0.0,75.59999999999998,59.5,60.0,-0.1,9461.0,1373.0,1378.0,298566.0,-0.0749999999999999,-0.047,0.057,-0.926,0.0299999999999999,0.081,1.0,0.5929999999999999,270.0,271.8,272.8,273.0,0.818,272.0,0.7909999999999999,272.0,0.8359999999999999,271.0,0.003,13.7,2.0,3.0,0.0,19.24,0.0,-1.2,0.0,-0.022,-0.024,-0.0149999999999999,-0.0149999999999999,-0.004,-0.0149999999999999,-0.011,0.033,0.541,-0.017,-0.472,0.278,0.0,16.88,16.79,16.98,55.92,16.79,16.69,17.18,0.001,-0.001,0.001,-0.001,0.0,0.0,0.0,0.0,0.0,0.0,0.0,0.0,0.0,6.195,6.667000000000001,0.0,0.0,0.0,0.0,0.0,0.0,59.97,6000.0,-1.45,-0.2,2.0,0.0,0.2,0.2,-0.0379999999999999,17.82,17.1,16.8,17.03,17.35,17.04,16.58,16.96,17.19,17.21,16.8,17.12,18.82,18.88,26.0,26.0,34.0,16.63,0.0,280.7,32.47,2.0,3.519,-1.0,4.02,6.5,4903
2015-12-24 06:01:00,0.0,0.0,0.0,0.0,0.0,0.0,-1.0,289734.0,16.0,0.0,75.59999999999998,59.5,60.0,-0.1,9461.0,1373.0,1378.0,298566.0,-0.0749999999999999,-0.048,0.042,-0.927,0.0299999999999999,0.081,1.0,0.5849999999999999,270.0,271.5,272.5,273.0,0.818,272.0,0.7909999999999999,272.0,0.8359999999999999,271.0,-0.001,13.6,2.0,3.0,0.0,19.23,0.0,-1.1,0.0,-0.021,-0.024,-0.0139999999999999,-0.0139999999999999,-0.003,-0.0139999999999999,-0.01,0.283,0.748,-0.016,-0.2,0.278,0.0,16.89,16.81,16.98,42.94,16.85,16.69,17.18,0.0,0.0,0.001,-0.001,0.0,0.0,0.0,0.0,0.0,0.0,0.0,0.0,0.0,6.7170000000000005,7.0,0.0,0.0,0.0,0.0,0.0,0.0,59.96,6000.0,-1.35,-0.2,2.0,0.0,0.2,0.2,-0.0379999999999999,17.92,17.15,16.84,17.05,17.4,17.07,16.6,16.98,17.26,17.25,16.83,17.16,18.91,18.95,26.0,26.0,34.0,16.66,0.0,265.8,50.54,2.0,3.519,-1.0,3.797,5.9,4903
2015-12-24 06:02:00,0.0,0.0,0.0,0.0,0.0,0.0,-1.0,289734.0,16.0,0.0,75.59999999999998,59.5,60.0,-0.1,9461.0,1373.0,1378.0,298566.0,-0.0749999999999999,-0.052,0.0729999999999999,-0.927,0.0299999999999999,0.081,1.0,0.592,269.7,271.0,272.0,273.0,0.818,272.0,0.7909999999999999,271.9,0.8359999999999999,271.0,0.006,13.6,2.0,3.0,0.0,19.23,0.0,-1.1,0.0,-0.021,-0.024,-0.013,-0.013,-0.003,-0.012,-0.009,0.037,0.5489999999999999,-0.0139999999999999,-0.462,0.2789999999999999,0.0,16.89,16.82,16.98,47.5,16.89,16.75,17.28,0.001,-0.001,0.001,0.0,0.0,0.0,0.0,0.0,0.0,0.0,0.0,0.0,0.0,6.586,7.0,0.0,0.0,0.0,0.0,0.0,0.0,59.94,6000.0,-1.35,-0.2,2.0,0.0,0.2,0.2,-0.0379999999999999,17.97,17.17,16.85,17.07,17.39,17.12,16.62,17.03,17.31,17.27,16.86,17.18,18.93,18.99,26.0,26.0,34.0,16.66,0.0,227.6,64.42,2.0,3.519,-1.0,1.952,4.1,4903
2015-12-24 06:03:00,0.0,0.0,0.0,0.0,0.0,0.0,-1.0,289734.0,16.0,0.0,75.59999999999998,59.5,60.0,-0.1,9461.0,1373.0,1378.0,298566.0,-0.0749999999999999,-0.042,0.055,-0.927,0.0299999999999999,0.08,1.0,0.592,269.4,271.0,272.0,272.4,0.818,271.8,0.7909999999999999,271.5,0.8359999999999999,271.0,0.003,13.7,2.0,3.0,0.0,19.23,0.0,-1.133,0.0,-0.02,-0.024,-0.012,-0.013,-0.003,-0.012,-0.009,0.04,0.547,-0.0139999999999999,-0.4679999999999999,0.2789999999999999,0.0,16.98,16.89,16.98,43.03,16.89,16.77,17.28,0.001,0.0,0.0,0.0,0.0,0.0,0.0,0.0,0.0,0.0,0.0,0.0,0.0,6.431,7.0,0.0,0.0,0.0,0.0,0.0,0.0,59.95,6000.0,-1.433,-0.2,2.0,0.0,0.2,0.2,-0.0379999999999999,17.98,17.17,16.86,17.09,17.52,17.2,16.64,17.04,17.35,17.28,16.88,17.17,18.95,19.01,26.0,26.0,34.0,16.68,0.0,240.5,20.76,2.0,3.519,-1.0,3.467,6.1,4903
2015-12-24 06:04:00,0.0,0.0,0.0,0.0,0.0,0.0,-1.0,289734.0,16.0,0.0,75.59999999999998,59.5,60.0,-0.1,9461.0,1373.0,1378.0,298566.0,-0.0749999999999999,-0.048,0.048,-0.927,0.0299999999999999,0.081,1.0,0.5849999999999999,269.3,271.0,272.0,272.3,0.818,271.8,0.7909999999999999,271.3,0.8359999999999999,271.0,0.003,13.7,2.0,3.0,0.0,19.23,0.0,-1.167,0.0,-0.02,-0.024,-0.011,-0.012,-0.003,-0.011,-0.008,0.0409999999999999,0.5489999999999999,-0.0139999999999999,-0.467,0.2789999999999999,0.0,16.97,16.87,16.98,31.85,16.89,16.79,17.28,0.0,-0.001,0.001,-0.001,0.0,0.0,0.0,0.0,0.0,0.0,0.0,0.0,0.0,6.212999999999999,7.0,0.0,0.0,0.0,0.0,0.0,0.0,59.94,6000.0,-1.317,-0.2,2.0,0.0,0.2,0.2,-0.0379999999999999,18.04,17.19,16.87,17.1,17.51,17.29,16.65,17.05,17.4,17.33,16.9,17.19,18.97,19.01,26.0,26.0,34.0,16.71,0.0,245.4,46.15,2.0,3.519,-1.0,3.443,6.6,4903
2015-12-24 06:05:00,0.0,0.0,0.0,0.0,0.0,0.0,-1.0,289734.0,16.0,0.0,75.59999999999998,59.5,60.0,-0.1019999999999999,9461.0,1373.0,1378.0,298566.0,-0.074,-0.032,0.0729999999999999,-0.926,0.0299999999999999,0.08,1.0,0.5899999999999999,269.1,271.0,272.0,272.0,0.818,271.1,0.7909999999999999,271.0,0.8359999999999999,270.2,0.003,13.7,2.0,3.0,0.0,19.23,0.0,-1.183,0.0,-0.02,-0.021,-0.011,-0.012,-0.003,-0.009,-0.0069999999999999,0.0409999999999999,0.5489999999999999,-0.0139999999999999,-0.46,0.2789999999999999,0.0,16.98,16.89,16.98,24.39,16.89,16.79,17.28,0.0,-0.001,0.001,0.0,0.0,0.0,0.0,0.0,0.0,0.0,0.0,0.0,0.0,6.207999999999999,6.9670000000000005,0.0,0.0,0.0,0.0,0.0,0.0,59.94,6000.0,-1.383,-0.2,2.0,0.0,0.2,0.2,-0.0379999999999999,18.09,17.21,16.9,17.11,17.52,17.37,16.66,17.07,17.41,17.35,16.91,17.2,19.0,19.04,26.0,26.0,34.0,16.72,0.0,263.2,31.52,2.0,3.519,-1.0,2.705,5.8,4903
2015-12-24 06:06:00,0.0,0.0,0.0,0.0,0.0,0.0,-1.0,289734.0,16.0,0.0,75.59999999999998,59.5,60.0,-0.1,9461.0,1373.0,1378.0,298566.0,-0.0749999999999999,-0.048,0.0599999999999999,-0.926,0.0299999999999999,0.081,1.0,0.5949999999999999,269.3,271.0,272.0,272.3,0.818,271.3,0.7909999999999999,271.3,0.8359999999999999,270.3,0.003,13.7,2.0,3.0,0.0,19.23,0.0,-1.183,0.0,-0.019,-0.02,-0.01,-0.012,-0.003,-0.01,-0.0069999999999999,0.034,0.541,-0.0139999999999999,-0.4739999999999999,0.2789999999999999,0.0,16.96,16.89,16.98,38.21,16.89,16.79,17.28,0.001,0.0,0.0,0.0,0.0,0.0,0.0,0.0,0.0,0.0,0.0,0.0,0.0,6.127999999999999,6.733,0.0,0.0,0.0,0.0,0.0,0.0,59.95,6000.0,-1.4169999999999998,-0.2,2.0,0.0,0.2,0.2,-0.0379999999999999,18.08,17.2,16.89,17.11,17.51,17.41,16.66,17.07,17.42,17.35,16.91,17.19,19.01,19.05,26.0,26.0,34.0,16.74,0.0,192.6,29.32,2.0,3.521,-1.0,3.085,5.4,4903
2015-12-24 06:07:00,0.0,0.0,0.0,0.0,0.0,0.0,-1.0,289734.0,16.0,0.0,75.59999999999998,59.5,60.0,-0.1,9461.0,1373.0,1378.0,298566.0,-0.0749999999999999,-0.04,0.048,-0.926,0.0299999999999999,0.081,1.0,0.5849999999999999,269.9,271.1,272.1,273.0,0.818,272.0,0.7909999999999999,272.0,0.8359999999999999,271.0,0.003,13.56,2.0,1.0,0.0,19.23,0.0,-1.05,0.0,-0.019,-0.02,-0.011,-0.012,-0.003,-0.009,-0.0069999999999999,0.1769999999999999,0.894,-0.0139999999999999,-0.32,0.278,0.001,16.97,16.89,17.03,42.62,16.9,16.79,17.28,0.0,0.0,0.0,-0.001,0.0,0.0,0.0,0.0,0.0,0.0,0.0,0.0,0.0,6.473,7.0,0.0,0.0,0.0,0.0,0.0,0.0,59.96,6000.0,-1.2,-0.2,2.0,0.0,0.2,0.2,-0.0379999999999999,18.09,17.21,16.89,17.12,17.51,17.43,16.67,17.05,17.43,17.32,16.89,17.19,19.01,19.04,26.0,26.0,34.0,16.75,0.0,238.8,30.08,2.0,3.519,-1.0,3.857,8.4,4903
2015-12-24 06:08:00,0.0,0.0,0.0,0.0,0.0,0.0,-1.0,289734.0,16.0,0.0,75.59999999999998,59.5,60.0,-0.103,9461.0,1373.0,1378.0,298566.0,-0.0749999999999999,-0.037,0.065,-0.926,0.0299999999999999,0.081,1.0,0.5999999999999999,269.8,271.1,272.1,273.0,0.818,272.0,0.7909999999999999,272.0,0.8359999999999999,271.0,0.003,13.7,2.0,3.0,0.0,19.23,0.0,-1.133,0.0,-0.018,-0.02,-0.011,-0.011,-0.003,-0.008,-0.0069999999999999,0.037,0.545,-0.0139999999999999,-0.4679999999999999,0.2789999999999999,0.0,16.99,16.96,17.08,-10.59,16.98,16.79,17.28,0.0,0.0,0.0,0.0,0.0,0.0,0.0,0.0,0.0,0.0,0.0,0.0,0.0,7.274,7.732999999999999,0.0,0.0,0.0,0.0,0.0,0.0,59.95,6000.0,-1.35,-0.2,2.0,0.0,0.2,0.2,-0.0379999999999999,18.14,17.23,16.91,17.13,17.54,17.49,16.74,17.07,17.51,17.36,16.9,17.25,19.06,19.1,26.0,26.0,34.0,16.77,0.0,271.1,27.8,2.0,3.519,-1.0,4.04,6.4,4903
2015-12-24 06:09:00,0.0,0.0,0.0,0.0,0.0,0.0,-1.0,289734.0,16.0,0.0,75.59999999999998,59.5,60.0,-0.1,9461.0,1373.0,1378.0,298566.0,-0.0749999999999999,-0.037,0.0749999999999999,-0.926,0.0299999999999999,0.081,1.0,0.577,269.9,271.3,272.3,273.0,0.818,272.0,0.7909999999999999,272.0,0.8359999999999999,271.0,0.003,13.7,2.0,3.0,0.0,19.23,0.0,-1.067,0.0,-0.018,-0.02,-0.01,-0.011,-0.003,-0.008,-0.0069999999999999,0.04,0.547,-0.0139999999999999,-0.4679999999999999,0.2789999999999999,0.0,16.97,16.99,17.08,216.5,16.98,16.81,17.28,0.0,-0.001,0.0,-0.001,0.0,0.0,0.0,0.0,0.0,0.0,0.0,0.0,0.0,8.13,8.55,0.0,0.0,0.0,0.0,0.0,0.0,59.96,6000.0,-1.433,-0.2,2.0,0.0,0.2,0.2,-0.0379999999999999,18.11,17.23,16.89,17.13,17.45,17.5,16.86,17.09,17.52,17.37,16.93,17.39,19.02,19.06,26.0,26.0,34.0,16.75,0.0,251.8,63.73,2.0,3.521,-1.0,1.443,2.7,4903
2015-12-24 06:10:00,0.0,0.0,0.0,0.0,0.0,0.0,-1.0,289734.0,16.0,0.0,75.59999999999998,59.5,60.0,-0.1019999999999999,9461.0,1373.0,1378.0,298566.0,-0.0749999999999999,-0.048,0.047,-0.926,0.0299999999999999,0.081,1.0,0.5799999999999998,269.9,271.1,272.1,272.9,0.818,272.0,0.7909999999999999,272.0,0.8359999999999999,271.0,0.003,13.7,2.0,3.0,0.0,19.23,0.0,-1.183,0.0,-0.018,-0.02,-0.009,-0.01,-0.003,-0.008,-0.0069999999999999,0.034,0.542,-0.0139999999999999,-0.4729999999999999,0.2789999999999999,0.0,16.99,16.96,17.08,29.53,16.98,16.82,17.28,0.001,-0.001,0.001,-0.001,0.0,0.0,0.0,0.0,0.0,0.0,0.0,0.0,0.0,8.779999999999998,9.12,0.0,0.0,0.0,0.0,0.0,0.0,59.95,6000.0,-1.317,-0.2,2.0,0.0,0.2,0.2,-0.0379999999999999,18.11,17.23,16.94,17.13,17.45,17.52,16.96,17.1,17.6,17.36,16.94,17.5,18.97,19.0,26.0,26.0,34.0,16.77,0.0,260.5,39.43,2.0,3.519,-1.0,2.385,6.3,4903
2015-12-24 06:11:00,0.0,0.0,0.0,0.0,0.0,0.0,-1.0,289734.0,16.0,0.0,75.59999999999998,59.5,60.0,-0.1019999999999999,9461.0,1373.0,1378.0,298566.0,-0.0749999999999999,-0.0449999999999999,0.062,-0.926,0.0299999999999999,0.081,1.0,0.57,269.6,271.0,272.0,272.4,0.818,272.0,0.7909999999999999,271.7,0.8359999999999999,271.0,0.003,13.7,2.0,3.0,0.0,19.23,0.0,-1.167,0.0,-0.017,-0.02,-0.009,-0.01,-0.003,-0.008,-0.0069999999999999,0.033,0.54,-0.013,-0.4749999999999999,0.2789999999999999,0.0,16.99,16.98,17.08,-1.183,16.98,16.89,17.28,0.0,-0.001,0.001,-0.001,0.0,0.0,0.0,0.0,0.0,0.0,0.0,0.0,0.0,7.2429999999999986,7.65,0.0,0.0,0.0,0.0,0.0,0.0,59.95,6000.0,-1.367,-0.2,2.0,0.0,0.2,0.2,-0.0409999999999999,18.13,17.23,17.07,17.16,17.49,17.56,17.07,17.12,17.66,17.37,16.95,17.61,18.99,19.0,25.97,26.0,34.0,16.79,0.0,290.0,29.47,2.0,3.518,-1.0,3.59,5.8,4903
2015-12-24 06:12:00,0.0,0.0,0.0,0.0,0.0,0.0,-1.0,289734.0,16.0,0.0,75.59999999999998,59.5,60.0,-0.1,9461.0,1373.0,1378.0,298566.0,-0.0749999999999999,-0.0529999999999999,0.0729999999999999,-0.926,0.0299999999999999,0.081,1.0,0.577,269.2,271.0,272.0,272.1,0.818,271.8,0.7909999999999999,271.2,0.8359999999999999,270.8,0.002,13.58,2.0,1.0,0.0,19.23,0.0,-1.35,0.0,-0.017,-0.02,-0.009,-0.009,-0.003,-0.008,-0.0069999999999999,0.198,0.674,-0.013,-0.275,0.278,0.001,16.99,17.0,17.08,20.83,16.98,16.87,17.33,0.0,-0.001,0.0,0.0,0.0,0.0,0.0,0.0,0.0,0.0,0.0,0.0,0.0,7.842,8.12,0.0,0.0,0.0,0.0,0.0,0.0,59.96,6000.0,-1.4169999999999998,-0.2,2.0,0.0,0.2,0.2,-0.0379999999999999,18.16,17.23,17.21,17.22,17.45,17.59,17.14,17.12,17.69,17.37,16.96,17.72,18.99,19.01,25.85,26.0,34.0,16.81,0.0,206.7,26.79,2.0,3.518,-1.0,2.523,4.2,4903
2015-12-24 06:13:00,0.0,0.0,0.0,0.0,0.0,0.0,-1.0,289734.0,16.0,0.0,75.59999999999998,59.5,60.0,-0.1,9461.0,1373.0,1378.0,298566.0,-0.0749999999999999,-0.0429999999999999,0.0579999999999999,-0.926,0.0299999999999999,0.081,1.0,0.5749999999999998,269.2,271.0,272.0,272.2,0.818,271.7,0.7909999999999999,271.3,0.8359999999999999,271.0,0.004,13.7,2.0,3.0,0.0,19.23,0.0,-1.6,0.0,-0.017,-0.02,-0.009,-0.009,-0.003,-0.0069999999999999,-0.0069999999999999,0.042,0.5489999999999999,-0.012,-0.46,0.2789999999999999,0.0,16.99,16.98,17.08,34.07,16.98,16.87,17.33,0.001,0.0,0.0,-0.001,0.0,0.0,0.0,0.0,0.0,0.0,0.0,0.0,0.0,8.179999999999998,8.4,0.0,0.0,0.0,0.0,0.0,0.0,59.96,6000.0,-1.567,-0.2,2.0,0.0,0.2,0.2,-0.0379999999999999,18.13,17.25,17.3,17.35,17.5,17.59,17.22,17.12,17.71,17.36,16.95,17.78,18.97,18.99,25.45,26.0,34.0,16.8,0.0,274.3,56.85,2.0,3.519,-1.0,2.548,4.4,4903
2015-12-24 06:14:00,0.0,0.0,0.0,0.0,0.0,0.0,-1.0,289734.0,16.0,0.0,75.59999999999998,59.5,60.0,-0.1,9461.0,1373.0,1378.0,298566.0,-0.0749999999999999,-0.042,0.048,-0.926,0.0299999999999999,0.081,1.0,0.5829999999999999,269.0,271.0,272.0,272.0,0.818,271.0,0.7909999999999999,271.0,0.8359999999999999,270.1,0.003,13.7,2.0,3.0,0.0,19.23,0.0,-1.55,0.0,-0.017,-0.02,-0.008,-0.009,-0.003,-0.008,-0.0069999999999999,0.0429999999999999,0.55,-0.01,-0.465,0.2789999999999999,0.0,17.01,16.98,17.11,26.5,16.98,16.89,17.38,0.001,-0.001,0.0,0.0,0.0,0.0,0.0,0.0,0.0,0.0,0.0,0.0,0.0,10.13,10.6,0.0,0.0,0.0,0.0,0.0,0.0,59.95,6000.0,-1.55,-0.2,2.0,0.0,0.2,0.2,-0.0379999999999999,18.14,17.32,17.39,17.47,17.47,17.61,17.29,17.13,17.75,17.38,16.96,17.85,18.96,18.98,25.5,26.0,34.0,16.82,0.0,238.1,62.92,2.0,3.519,-1.0,2.458,5.8,4903
2015-12-24 06:15:00,0.0,0.0,0.0,0.0,0.0,0.0,-1.0,289734.0,16.0,0.0,75.59999999999998,59.5,60.0,-0.1019999999999999,9461.0,1373.0,1378.0,298566.0,-0.0749999999999999,-0.0599999999999999,0.062,-0.926,0.0299999999999999,0.081,1.0,0.5799999999999998,269.1,271.0,272.0,272.0,0.818,271.3,0.7909999999999999,271.1,0.8359999999999999,270.4,0.003,13.7,2.0,3.0,0.0,19.23,0.0,-1.15,0.0,-0.016,-0.02,-0.009,-0.008,-0.003,-0.008,-0.0069999999999999,0.04,0.5479999999999999,-0.01,-0.4629999999999999,0.2789999999999999,0.0,17.09,16.98,17.15,36.15,17.02,16.89,17.38,0.001,-0.001,0.0,0.0,0.0,0.0,0.0,0.0,0.0,0.0,0.0,0.0,0.0,8.029999999999998,8.32,0.0,0.0,0.0,0.0,0.0,0.0,59.96,6000.0,-1.45,-0.2,2.0,0.0,0.2,0.2,-0.0379999999999999,18.14,17.37,17.44,17.56,17.48,17.62,17.33,17.15,17.74,17.4,16.98,17.88,18.92,18.98,25.88,26.0,34.0,16.86,0.0,239.1,31.59,2.0,3.521,-1.0,2.245,4.0,4903
2015-12-24 06:16:00,0.0,0.0,0.0,0.0,0.0,0.0,-1.0,289734.0,16.0,0.0,75.59999999999998,59.5,60.0,-0.1,9461.0,1373.0,1378.0,298566.0,-0.0749999999999999,-0.055,0.0449999999999999,-0.926,0.0299999999999999,0.081,1.0,0.582,269.8,271.5,272.5,272.8,0.818,271.8,0.7909999999999999,271.8,0.8359999999999999,270.9,0.003,13.7,2.0,3.0,0.0,19.23,0.0,-1.383,0.0,-0.016,-0.02,-0.009,-0.009,-0.003,-0.008,-0.0069999999999999,0.042,0.55,-0.01,-0.466,0.2789999999999999,0.0,17.09,17.0,17.16,251.2,16.98,16.89,17.38,0.0,0.0,0.0,0.0,0.0,0.0,0.0,0.0,0.0,0.0,0.0,0.0,0.0,9.11,9.43,0.0,0.0,0.0,0.0,0.0,0.0,59.95,6000.0,-1.5,-0.2,2.0,0.0,0.2,0.2,-0.0379999999999999,18.14,17.45,17.49,17.62,17.47,17.62,17.37,17.15,17.75,17.39,16.98,17.92,18.93,18.98,25.45,26.0,34.0,16.85,0.0,251.2,67.16,2.0,3.519,-1.0,2.917,6.5,4903
2015-12-24 06:17:00,0.0,0.0,0.0,0.0,0.0,0.0,-1.0,289734.0,16.0,0.0,75.59999999999998,59.5,60.0,-0.1019999999999999,9461.0,1373.0,1378.0,298566.0,-0.0749999999999999,-0.055,0.055,-0.926,0.0299999999999999,0.081,1.0,0.577,270.0,271.3,272.3,273.0,0.818,272.0,0.7909999999999999,272.0,0.8359999999999999,271.0,0.003,13.7,2.0,3.0,0.0,19.23,0.0,-1.65,0.0,-0.0149999999999999,-0.019,-0.008,-0.009,-0.003,-0.008,-0.0069999999999999,0.2369999999999999,0.699,-0.01,-0.249,0.2789999999999999,0.0,17.09,16.98,17.18,-1.335,16.98,16.9,17.38,0.001,-0.001,0.0,0.0,0.0,0.0,0.0,0.0,0.0,0.0,0.0,0.0,0.0,9.9,10.1,0.0,0.0,0.0,0.0,0.0,0.0,59.95,6000.0,-1.5830000000000002,-0.2,2.0,0.0,0.2,0.2,-0.0379999999999999,18.15,17.53,17.56,17.7,17.51,17.64,17.41,17.16,17.79,17.39,17.0,17.97,18.93,18.96,25.25,26.0,34.0,16.85,0.0,208.0,37.1,2.0,3.519,-1.0,1.947,4.8,4903
2015-12-24 06:18:00,0.0,0.0,0.0,0.0,0.0,0.0,-1.0,289734.0,16.0,0.0,75.59999999999998,59.5,60.0,-0.1,9461.0,1373.0,1378.0,298566.0,-0.0749999999999999,-0.0379999999999999,0.0769999999999999,-0.926,0.0299999999999999,0.081,1.0,0.5579999999999999,270.0,271.1,272.1,272.9,0.818,272.0,0.7909999999999999,272.0,0.8359999999999999,271.0,0.002,13.49,2.0,3.0,0.0,19.23,0.0,-1.5830000000000002,0.0,-0.0149999999999999,-0.017,-0.008,-0.008,-0.003,-0.0069999999999999,-0.0069999999999999,0.052,0.552,-0.01,-0.462,0.278,0.001,17.09,16.98,17.18,5.132,16.98,16.95,17.38,0.0,0.0,0.0,0.0,0.0,0.0,0.0,0.0,0.0,0.0,0.0,0.0,0.0,8.4,8.82,0.0,0.0,0.0,0.0,0.0,0.0,59.97,6000.0,-1.55,-0.2,2.0,0.0,0.2,0.2,-0.0379999999999999,18.17,17.62,17.6,17.77,17.5,17.67,17.46,17.17,17.82,17.4,17.01,18.0,18.89,18.94,25.3,26.0,34.0,16.88,0.0,200.8,31.68,2.0,3.519,-1.0,2.592,5.5,4903
2015-12-24 06:19:00,0.0,0.0,0.0,0.0,0.0,0.0,-1.0,289734.0,16.0,0.0,75.59999999999998,59.5,60.0,-0.1,9461.0,1373.0,1378.0,298566.0,-0.0749999999999999,-0.0449999999999999,0.0529999999999999,-0.926,0.0299999999999999,0.081,1.0,0.567,270.0,271.2,272.2,273.0,0.818,272.0,0.7909999999999999,272.0,0.8359999999999999,271.0,0.003,13.7,2.0,3.0,0.0,19.23,0.0,-1.767,0.0,-0.0149999999999999,-0.018,-0.008,-0.009,-0.003,-0.008,-0.0069999999999999,0.0409999999999999,0.5479999999999999,-0.01,-0.465,0.2789999999999999,0.0,17.09,17.0,17.18,8.58,17.0,16.92,17.36,0.001,-0.001,0.0,-0.001,0.0,0.0,0.0,0.0,0.0,0.0,0.0,0.0,0.0,7.599,7.982999999999999,0.0,0.0,0.0,0.0,0.0,0.0,59.96,6000.0,-1.6,-0.2,2.0,0.0,0.2,0.2,-0.0379999999999999,18.16,17.66,17.62,17.82,17.54,17.67,17.48,17.16,17.83,17.41,17.0,18.01,18.87,18.92,25.2,26.0,34.0,16.87,0.0,218.9,20.09,2.0,3.517,-1.0,2.985,5.3,4903
2015-12-24 06:20:00,0.0,0.0,0.0,0.0,0.0,0.0,-1.0,289734.0,16.0,0.0,75.59999999999998,59.5,60.0,-0.1,9461.0,1373.0,1378.0,298566.0,-0.0749999999999999,-0.05,0.0429999999999999,-0.926,0.0299999999999999,0.081,1.0,0.563,270.0,271.2,272.2,272.9,0.818,272.0,0.7909999999999999,272.0,0.8359999999999999,271.0,0.003,13.7,2.0,3.0,0.0,19.23,0.0,-1.65,0.0,-0.0139999999999999,-0.019,-0.008,-0.009,-0.003,-0.0069999999999999,-0.0069999999999999,0.0409999999999999,0.5489999999999999,-0.01,-0.4639999999999999,0.2789999999999999,0.0,17.09,17.0,17.18,96.0,16.98,16.89,17.37,0.001,0.0,0.0,0.0,0.0,0.0,0.0,0.0,0.0,0.0,0.0,0.0,0.0,9.53,9.85,0.0,0.0,0.0,0.0,0.0,0.0,59.97,6000.0,-1.5830000000000002,-0.2,2.0,0.0,0.2,0.2,-0.0379999999999999,18.17,17.73,17.65,17.85,17.53,17.67,17.49,17.15,17.84,17.39,16.98,18.04,18.88,18.93,25.18,26.0,34.0,16.87,0.0,224.2,43.03,2.0,3.519,-1.0,3.165,6.1,4903
2015-12-24 06:21:00,0.0,0.0,0.0,0.0,0.0,0.0,-1.0,289734.0,16.0,0.0,75.59999999999998,59.5,60.0,-0.1019999999999999,9461.0,1373.0,1378.0,298566.0,-0.0749999999999999,-0.037,0.0599999999999999,-0.926,0.0299999999999999,0.081,1.0,0.56,270.0,271.2,272.2,272.9,0.818,272.0,0.7909999999999999,272.0,0.8359999999999999,271.0,0.003,13.7,2.0,3.0,0.0,19.23,0.0,-1.533,0.0,-0.0149999999999999,-0.017,-0.008,-0.008,-0.003,-0.0069999999999999,-0.0069999999999999,0.042,0.55,-0.01,-0.465,0.2789999999999999,0.0,17.09,17.07,17.18,324.4,17.08,16.98,17.38,0.001,-0.001,0.0,-0.001,0.0,0.0,0.0,0.0,0.0,0.0,0.0,0.0,0.0,11.41,11.67,0.0,0.0,0.0,0.0,0.0,0.0,59.97,6000.0,-1.55,-0.2,2.0,0.0,0.2,0.2,-0.0379999999999999,18.19,17.8,17.7,17.91,17.53,17.69,17.53,17.19,17.86,17.43,17.01,18.08,18.89,18.91,25.2,26.0,34.0,16.94,0.0,232.9,44.03,2.0,3.521,-1.0,2.075,3.7,4903
2015-12-24 06:22:00,0.0,0.0,0.0,0.0,0.0,0.0,-1.0,289734.0,16.0,0.0,75.59999999999998,59.5,60.0,-0.1,9461.0,1373.0,1378.0,298566.0,-0.0749999999999999,-0.042,0.052,-0.926,0.0299999999999999,0.081,1.0,0.562,270.0,271.1,272.1,272.9,0.818,272.0,0.7909999999999999,272.0,0.8359999999999999,271.0,0.003,13.7,2.0,3.0,0.0,19.23,0.0,-1.617,0.0,-0.0139999999999999,-0.017,-0.008,-0.008,0.0,-0.0069999999999999,-0.006,0.044,0.552,-0.008,-0.4639999999999999,0.2789999999999999,0.0,17.15,17.08,17.2,19.81,17.11,16.98,17.38,0.0,-0.001,0.0,0.0,0.0,0.0,0.0,0.0,0.0,0.0,0.0,0.0,0.0,12.43,13.0,0.0,0.0,0.0,0.0,0.0,0.0,59.97,6000.0,-1.65,-0.2,2.0,0.0,0.2,0.2,-0.0379999999999999,18.23,17.88,17.76,17.95,17.6,17.71,17.57,17.22,17.9,17.45,17.05,18.13,18.91,18.97,25.1,26.0,34.0,16.99,0.0,219.1,70.31,2.0,3.519,-1.0,2.847,6.6,4903
2015-12-24 06:23:00,0.0,0.0,0.0,0.0,0.0,0.0,-1.0,289734.0,16.0,0.0,75.59999999999998,59.5,60.0,-0.1,9461.0,1373.0,1378.0,298566.0,-0.0749999999999999,-0.04,0.05,-0.926,0.0299999999999999,0.081,1.0,0.555,270.0,271.1,272.1,273.0,0.818,272.0,0.7909999999999999,272.0,0.8359999999999999,271.0,0.003,13.56,2.0,1.0,0.0,19.23,0.0,-1.533,0.0,-0.0139999999999999,-0.016,-0.0069999999999999,-0.008,0.0,-0.006,-0.005,0.281,0.7379999999999999,-0.0069999999999999,-0.206,0.278,0.001,17.18,17.1,17.23,28.12,17.16,16.98,17.45,0.0,0.0,0.0,-0.001,0.0,0.0,0.0,0.0,0.0,0.0,0.0,0.0,0.0,13.54,13.75,0.0,0.0,0.0,0.0,0.0,0.0,59.96,6000.0,-1.533,-0.2,2.0,0.0,0.2,0.2,-0.0379999999999999,18.26,17.95,17.82,18.01,17.66,17.73,17.6,17.25,17.95,17.47,17.08,18.18,18.88,18.93,25.23,26.0,34.0,17.03,0.0,289.6,44.76,2.0,3.519,-1.0,1.547,3.0,4903
2015-12-24 06:24:00,0.0,0.0,0.0,0.0,0.0,0.0,-1.0,289734.0,16.0,0.0,75.59999999999998,59.5,60.0,-0.1019999999999999,9461.0,1373.0,1378.0,298566.0,-0.0749999999999999,-0.052,0.055,-0.926,0.0299999999999999,0.081,1.0,0.573,269.7,271.0,272.0,272.7,0.818,272.0,0.7909999999999999,271.7,0.8359999999999999,271.0,0.003,13.7,2.0,3.0,0.0,19.23,0.0,-1.2,0.0,-0.013,-0.016,-0.006,-0.0069999999999999,0.0,-0.005,-0.005,0.035,0.5429999999999999,-0.0069999999999999,-0.4699999999999999,0.2789999999999999,0.0,17.18,17.15,17.21,33.57,17.18,16.98,17.48,0.0,-0.001,0.001,-0.001,0.0,0.0,0.0,0.0,0.0,0.0,0.0,0.0,0.0,14.2,14.4,0.0,0.0,0.0,0.0,0.0,0.0,59.95,6000.0,-1.367,-0.2,2.0,0.0,0.2,0.2,-0.0379999999999999,18.27,17.99,17.86,18.05,17.72,17.76,17.64,17.28,17.97,17.51,17.11,18.22,18.87,18.93,25.58,26.0,34.0,17.1,0.0,222.5,31.62,2.0,3.519,-1.0,2.1180000000000003,5.7,4903
2015-12-24 06:25:00,0.0,0.0,0.0,0.0,0.0,0.0,-1.0,289734.0,16.0,0.0,75.59999999999998,59.5,60.0,-0.1,9461.0,1373.0,1378.0,298566.0,-0.0749999999999999,-0.047,0.065,-0.927,0.0299999999999999,0.08,1.0,0.568,269.6,271.0,272.0,272.4,0.818,272.0,0.7909999999999999,271.7,0.8359999999999999,271.0,0.003,13.7,2.0,3.0,0.0,19.23,0.0,-1.1,0.0,-0.013,-0.0139999999999999,-0.005,-0.006,0.0,-0.005,-0.005,0.0379999999999999,0.546,-0.0069999999999999,-0.4689999999999999,0.2789999999999999,0.0,17.18,17.16,17.28,9.43,17.18,17.07,17.48,0.001,0.0,0.0,0.0,0.0,0.0,0.0,0.0,0.0,0.0,0.0,0.0,0.0,13.41,13.82,0.0,0.0,0.0,0.0,0.0,0.0,59.95,6000.0,-1.35,-0.2,2.0,0.0,0.2,0.2,-0.0379999999999999,18.32,18.06,17.89,18.09,17.84,17.79,17.67,17.3,18.03,17.53,17.13,18.26,18.88,18.93,25.57,26.0,34.0,17.19,0.0,232.0,54.72,2.0,3.519,-1.0,3.467,7.9,4903
2015-12-24 06:26:00,0.0,0.0,0.0,0.0,0.0,0.0,-1.0,289734.0,16.0,0.0,75.59999999999998,59.5,60.0,-0.1,9461.0,1373.0,1378.0,298566.0,-0.0749999999999999,-0.0449999999999999,0.052,-0.927,0.0299999999999999,0.081,1.0,0.565,269.7,271.0,272.0,272.3,0.818,272.0,0.7909999999999999,271.7,0.8359999999999999,271.0,0.003,13.7,2.0,3.0,0.0,19.23,0.0,-1.3330000000000002,0.0,-0.012,-0.0139999999999999,-0.004,-0.006,0.0,-0.004,-0.004,0.04,0.547,-0.0069999999999999,-0.466,0.2789999999999999,0.0,17.28,17.23,17.28,42.85,17.18,17.08,17.48,0.0,0.0,0.0,0.0,0.0,0.0,0.0,0.0,0.0,0.0,0.0,0.0,0.0,14.22,14.45,0.0,0.0,0.0,0.0,0.0,0.0,59.96,6000.0,-1.4169999999999998,-0.2,2.0,0.0,0.2,0.2,-0.0379999999999999,18.35,18.11,17.95,18.14,17.9,17.84,17.71,17.32,18.06,17.53,17.15,18.3,18.87,18.9,25.3,26.0,34.0,17.28,0.0,249.4,43.63,2.0,3.519,-1.0,2.062,5.2,4903
2015-12-24 06:27:00,0.0,0.0,0.0,0.0,0.0,0.0,-1.0,289734.0,16.0,0.0,75.59999999999998,59.5,60.0,-0.103,9461.0,1373.0,1378.0,298566.0,-0.0749999999999999,-0.0429999999999999,0.057,-0.926,0.0299999999999999,0.081,1.0,0.56,269.6,271.0,272.0,272.5,0.818,272.0,0.7909999999999999,271.7,0.8359999999999999,271.0,0.003,13.7,2.0,3.0,0.0,19.23,0.0,-1.467,0.0,-0.012,-0.0139999999999999,-0.004,-0.005,0.0,-0.004,-0.004,0.0409999999999999,0.5489999999999999,-0.0069999999999999,-0.462,0.2789999999999999,0.0,17.25,17.26,17.28,119.6,17.18,17.08,17.58,0.001,0.0,0.001,0.0,0.0,0.0,0.0,0.0,0.0,0.0,0.0,0.0,0.0,13.55,13.77,0.0,0.0,0.0,0.0,0.0,0.0,59.96,6000.0,-1.533,-0.2,2.0,0.0,0.2,0.2,-0.0379999999999999,18.36,18.14,17.97,18.17,17.98,17.85,17.74,17.34,18.09,17.55,17.17,18.33,18.88,18.93,25.22,26.0,34.0,17.35,0.0,282.4,78.26999999999998,2.0,3.519,-1.0,1.848,4.5,4903
2015-12-24 06:28:00,0.0,0.0,0.0,0.0,0.0,0.0,-1.0,289734.0,16.0,0.0,75.59999999999998,59.5,60.0,-0.1019999999999999,9461.0,1373.0,1378.0,298566.0,-0.0749999999999999,-0.047,0.0729999999999999,-0.926,0.0299999999999999,0.081,1.0,0.5799999999999998,269.5,271.0,272.0,272.4,0.818,271.9,0.7909999999999999,271.4,0.8359999999999999,270.9,-0.0069999999999999,13.59,2.0,1.0,0.0,19.23,0.0,-1.533,0.0,-0.011,-0.0139999999999999,-0.004,-0.005,0.0,-0.003,-0.004,0.307,0.779,-0.0069999999999999,-0.1639999999999999,0.278,0.001,17.28,17.31,17.28,37.78,17.18,17.08,17.69,0.001,-0.001,0.001,-0.001,0.0,0.0,0.0,0.0,0.0,0.0,0.0,0.0,0.0,14.52,14.78,0.0,0.0,0.0,0.0,0.0,0.0,59.95,6000.0,-1.533,-0.2,2.0,0.0,0.2,0.2,-0.0379999999999999,18.38,18.17,18.01,18.2,18.01,17.85,17.75,17.34,18.1,17.56,17.18,18.36,18.88,18.89,25.1,26.0,34.0,17.41,0.0,272.5,77.62,2.0,3.519,-1.0,1.228,4.0,4903
2015-12-24 06:29:00,0.0,0.0,0.0,0.0,0.0,0.0,-1.0,289734.0,16.0,0.0,75.59999999999998,59.5,60.0,-0.1019999999999999,9461.0,1373.0,1378.0,298566.0,-0.0749999999999999,-0.0379999999999999,0.055,-0.926,0.0299999999999999,0.081,1.0,0.5849999999999999,269.4,271.0,272.0,272.6,0.818,272.0,0.7909999999999999,271.4,0.8359999999999999,271.0,0.013,13.59,2.0,3.0,0.0,19.23,0.0,-1.6669999999999998,0.0,-0.011,-0.0139999999999999,-0.004,-0.005,0.0,-0.004,-0.003,0.0409999999999999,0.5479999999999999,-0.0069999999999999,-0.461,0.2789999999999999,0.0,17.27,17.43,17.36,34.46,17.18,17.11,17.79,0.0,-0.001,0.001,0.0,0.0,0.0,0.0,0.0,0.0,0.0,0.0,0.0,0.0,14.91,15.0,0.0,0.0,0.0,0.0,0.0,0.0,59.95,6000.0,-1.6669999999999998,-0.2,2.0,0.0,0.2,0.2,-0.0379999999999999,18.37,18.18,18.02,18.21,18.08,17.87,17.77,17.36,18.13,17.58,17.2,18.37,18.88,18.9,25.08,26.0,34.0,17.48,0.0,209.3,35.3,2.0,3.519,-1.0,3.787,7.0,4903
2015-12-24 06:30:00,0.0,0.0,0.0,0.0,0.0,0.0,-1.0,289734.0,16.0,0.0,75.59999999999998,59.5,60.0,-0.1,9461.0,1373.0,1378.0,298566.0,-0.0749999999999999,-0.048,0.0599999999999999,-0.926,0.0299999999999999,0.081,1.0,0.5779999999999998,269.5,271.0,272.0,272.5,0.818,272.0,0.7909999999999999,271.2,0.8359999999999999,271.0,0.003,13.7,2.0,3.0,0.0,19.23,0.0,-1.3330000000000002,0.0,-0.011,-0.0139999999999999,-0.004,-0.005,0.0,-0.004,-0.003,0.04,0.547,-0.0069999999999999,-0.4679999999999999,0.2789999999999999,0.0,17.28,17.54,17.37,28.05,17.18,17.18,17.87,0.0,-0.001,0.001,-0.001,0.0,0.0,0.0,0.0,0.0,0.0,0.0,0.0,0.0,14.98,15.0,0.0,0.0,0.0,0.0,0.0,0.0,59.95,6000.0,-1.567,-0.2,2.0,0.0,0.2,0.2,-0.0379999999999999,18.4,18.21,18.04,18.24,18.14,17.9,17.79,17.38,18.16,17.6,17.21,18.39,18.86,18.9,25.08,26.0,34.0,17.55,0.0,218.4,40.42,2.0,3.519,-1.0,1.862,3.8,4903
2015-12-24 06:31:00,0.0,0.0,0.0,0.0,0.0,0.0,-1.0,289734.0,16.0,0.0,75.59999999999998,59.5,60.0,-0.1019999999999999,9461.0,1373.0,1378.0,298566.0,-0.0749999999999999,-0.0529999999999999,0.0749999999999999,-0.911,0.0299999999999999,0.081,1.0,0.572,269.8,271.0,272.0,272.7,0.818,272.0,0.7909999999999999,271.7,0.8359999999999999,271.0,0.003,13.7,2.0,3.0,0.0,19.23,0.0,-1.467,0.0,-0.011,-0.0139999999999999,-0.003,-0.005,0.0,-0.004,-0.003,0.042,0.5489999999999999,-0.0069999999999999,-0.46,0.2789999999999999,0.0,17.28,17.66,17.39,58.82,17.22,17.17,17.96,0.001,-0.001,0.0,0.0,0.0,0.0,0.0,0.0,0.0,0.0,0.0,0.0,0.0,15.39,15.67,0.0,0.0,0.0,0.0,0.0,0.0,59.95,6000.0,-1.55,-0.2,2.0,0.0,0.2,0.2,-0.0379999999999999,18.38,18.23,18.05,18.25,18.13,17.9,17.8,17.38,18.17,17.6,17.22,18.41,18.87,18.91,25.12,26.0,34.0,17.6,0.0,198.0,39.86,2.0,3.519,-1.0,1.943,3.2,4903
2015-12-24 06:32:00,0.0,0.0,0.0,0.0,0.0,0.0,-1.0,289734.0,16.0,0.0,75.59999999999998,59.5,60.0,-0.1,9461.0,1373.0,1378.0,298566.0,-0.0749999999999999,-0.0529999999999999,0.0579999999999999,-0.926,0.0299999999999999,0.08,1.0,0.55,269.5,271.0,272.0,272.3,0.818,272.0,0.7909999999999999,271.1,0.8359999999999999,271.0,0.003,13.7,2.0,3.0,0.0,19.23,0.0,-1.55,0.0,-0.01,-0.0139999999999999,-0.003,-0.004,0.0,-0.004,-0.003,0.039,0.547,-0.0069999999999999,-0.466,0.2789999999999999,0.0,17.28,17.6,17.47,-14.62,17.23,17.18,17.96,0.0,-0.001,0.0,0.0,0.0,0.0,0.0,0.0,0.0,0.0,0.0,0.0,0.0,15.39,15.83,0.0,0.0,0.0,0.0,0.0,0.0,59.95,6000.0,-1.55,-0.2,2.0,0.0,0.2,0.2,-0.0379999999999999,18.36,18.22,18.05,18.26,18.15,17.89,17.81,17.39,18.16,17.6,17.23,18.39,18.87,18.88,25.08,26.0,34.0,17.63,0.0,222.3,30.82,2.0,3.519,-1.0,1.4469999999999998,4.4,4903
2015-12-24 06:33:00,0.0,0.0,0.0,0.0,0.0,0.0,-1.0,289734.0,16.0,0.0,75.59999999999998,59.5,60.0,-0.1,9461.0,1373.0,1378.0,298566.0,-0.0749999999999999,-0.04,0.0529999999999999,-0.926,0.0299999999999999,0.081,1.0,0.555,269.3,271.0,272.0,272.0,0.818,271.8,0.7909999999999999,271.0,0.8359999999999999,270.7,0.003,13.7,2.0,3.0,0.0,19.23,0.0,-1.433,0.0,-0.01,-0.0139999999999999,-0.004,-0.004,0.0,-0.004,-0.004,0.039,0.547,-0.0069999999999999,-0.465,0.2789999999999999,0.0,17.28,17.62,17.57,93.9,17.21,17.18,18.06,0.001,-0.001,0.0,0.0,0.0,0.0,0.0,0.0,0.0,0.0,0.0,0.0,0.0,14.49,14.52,0.0,0.0,0.0,0.0,0.0,0.0,59.95,6000.0,-1.533,-0.2,2.0,0.0,0.2,0.2,-0.0379999999999999,18.35,18.21,18.05,18.26,18.16,17.89,17.81,17.41,18.17,17.6,17.24,18.4,18.85,18.86,25.02,26.0,34.0,17.65,0.0,231.1,33.39,2.0,3.519,-1.0,1.327,2.1,4903
2015-12-24 06:34:00,0.0,0.0,0.0,0.0,0.0,0.0,-1.0,289734.0,16.0,0.0,75.59999999999998,59.5,60.0,-0.103,9461.0,1373.0,1378.0,298566.0,-0.0749999999999999,-0.04,0.072,-0.926,0.0299999999999999,0.081,1.0,0.5799999999999998,269.4,271.0,272.0,272.3,0.818,271.9,0.7909999999999999,271.2,0.8359999999999999,271.0,0.003,13.5,2.0,3.0,0.0,19.23,0.0,-1.533,0.0,-0.01,-0.013,-0.004,-0.004,0.0,-0.004,-0.004,0.379,0.815,-0.006,-0.126,0.278,0.001,17.33,17.75,17.6,76.19,17.23,17.18,18.06,0.001,-0.001,0.001,0.0,0.0,0.0,0.0,0.0,0.0,0.0,0.0,0.0,0.0,15.16,15.58,0.0,0.0,0.0,0.0,0.0,0.0,59.95,6000.0,-1.533,-0.2,2.0,0.0,0.2,0.2,-0.0379999999999999,18.36,18.21,18.06,18.26,18.17,17.88,17.8,17.41,18.15,17.6,17.24,18.4,18.84,18.91,25.03,26.0,34.0,17.68,0.0,183.8,24.72,2.0,3.519,-1.0,2.668,5.0,4903
2015-12-24 06:35:00,0.0,0.0,0.0,0.0,0.0,0.0,-1.0,289734.0,16.0,0.0,75.59999999999998,59.5,60.0,-0.1019999999999999,9461.0,1373.0,1378.0,298566.0,-0.0749999999999999,-0.04,0.057,-0.926,0.0299999999999999,0.081,1.0,0.5829999999999999,269.4,271.0,272.0,272.4,0.818,271.9,0.7909999999999999,271.5,0.8359999999999999,270.9,0.003,13.7,2.0,3.0,0.0,19.24,0.0,-1.0,0.0,-0.01,-0.012,-0.004,-0.004,0.0,-0.004,-0.004,0.039,0.546,-0.006,-0.4689999999999999,0.2789999999999999,0.0,17.43,17.73,17.7,97.5,17.28,17.18,18.06,0.001,-0.001,0.001,-0.001,0.0,0.0,0.0,0.0,0.0,0.0,0.0,0.0,0.0,14.4,14.7,0.0,0.0,0.0,0.0,0.0,0.0,59.97,6000.0,-1.2,-0.2,2.0,0.0,0.2,0.2,-0.0379999999999999,18.33,18.22,18.06,18.26,18.17,17.89,17.81,17.41,18.14,17.59,17.24,18.4,18.83,18.88,25.02,26.0,34.0,17.71,0.0,213.6,34.82,2.0,3.519,-1.0,1.993,4.3,4903
2015-12-24 06:36:00,0.0,0.0,0.0,0.0,0.0,0.0,-1.0,289734.0,16.0,0.0,75.59999999999998,59.5,60.0,-0.105,9461.0,1373.0,1378.0,298566.0,-0.0749999999999999,-0.0449999999999999,0.048,-0.926,0.031,0.081,1.0,0.567,269.9,271.8,272.8,272.9,0.818,272.0,0.7909999999999999,271.9,0.8359999999999999,271.0,0.003,13.7,2.0,3.0,0.0,19.26,0.0,-1.033,0.0,-0.009,-0.01,-0.004,-0.004,0.0,-0.004,-0.004,0.0379999999999999,0.546,-0.005,-0.4689999999999999,0.2789999999999999,0.0,17.53,17.81,17.76,47.36,17.28,17.28,18.09,0.001,-0.001,0.001,0.0,0.0,0.0,0.0,0.0,0.0,0.0,0.0,0.0,0.0,13.49,14.0,0.0,0.0,0.0,0.0,0.0,0.0,59.96,6000.0,-1.233,-0.2,2.0,0.0,0.2,0.2,-0.0379999999999999,18.35,18.22,18.06,18.26,18.22,17.9,17.81,17.43,18.16,17.63,17.26,18.4,18.85,18.93,25.0,26.0,34.0,17.74,0.0,280.5,39.86,2.0,3.519,-1.0,2.293,4.4,4903
2015-12-24 06:37:00,0.0,0.0,0.0,0.0,0.0,0.0,-1.0,289734.0,16.0,0.0,75.59999999999998,59.5,60.0,-0.1,9461.0,1373.0,1378.0,298566.0,-0.0749999999999999,-0.0449999999999999,0.068,-0.927,0.0299999999999999,0.081,1.0,0.568,270.0,271.9,272.9,273.0,0.818,272.0,0.7909999999999999,272.0,0.8359999999999999,271.0,0.003,13.7,2.0,3.0,0.0,19.26,0.0,-1.283,0.0,-0.009,-0.01,-0.003,-0.004,0.0,-0.003,-0.003,0.04,0.5479999999999999,-0.004,-0.467,0.2789999999999999,0.0,17.61,17.82,17.85,44.82,17.28,17.34,18.13,0.001,0.0,0.001,-0.001,0.0,0.0,0.0,0.0,0.0,0.0,0.0,0.0,0.0,14.24,14.43,0.0,0.0,0.0,0.0,0.0,0.0,59.95,6000.0,-1.45,-0.2,2.0,0.0,0.2,0.2,-0.0379999999999999,18.39,18.25,18.09,18.29,18.22,17.93,17.83,17.44,18.18,17.66,17.27,18.44,18.88,18.91,25.0,26.0,34.0,17.76,0.0,253.5,19.31,2.0,3.519,-1.0,2.208,4.4,4903
2015-12-24 06:38:00,0.0,0.0,0.0,0.0,0.0,0.0,-1.0,289734.0,16.0,0.0,75.59999999999998,59.5,60.0,-0.103,9461.0,1373.0,1378.0,298566.0,-0.0749999999999999,-0.05,0.072,-0.927,0.0299999999999999,0.081,1.0,0.5879999999999999,270.0,271.8,272.8,273.0,0.818,272.0,0.7909999999999999,272.0,0.8359999999999999,271.0,0.003,13.7,2.0,3.0,0.0,19.26,0.0,-1.45,0.0,-0.009,-0.01,-0.002,-0.004,0.0,-0.003,-0.003,0.0459999999999999,0.5539999999999999,-0.004,-0.4589999999999999,0.2789999999999999,0.0,17.67,17.85,17.88,69.96,17.31,17.39,18.16,0.001,0.0,0.0,0.0,0.0,0.0,0.0,0.0,0.0,0.0,0.0,0.0,0.0,13.63,13.8,0.0,0.0,0.0,0.0,0.0,0.0,59.95,6000.0,-1.55,-0.2,2.0,0.0,0.2,0.2,-0.0379999999999999,18.38,18.27,18.11,18.29,18.24,17.94,17.84,17.44,18.18,17.66,17.28,18.45,18.86,18.88,25.07,26.0,34.0,17.78,0.0,213.9,49.98,2.0,3.521,-1.0,1.71,3.8,4903
2015-12-24 06:39:00,0.0,0.0,0.0,0.0,0.0,0.0,-1.0,289734.0,16.0,0.0,75.59999999999998,59.5,60.0,-0.103,9461.0,1373.0,1378.0,298566.0,-0.0749999999999999,-0.037,0.052,-0.927,0.0299999999999999,0.081,1.0,0.5849999999999999,270.0,271.6,272.6,273.0,0.818,272.0,0.7909999999999999,272.0,0.8359999999999999,271.0,0.002,13.56,2.0,1.0,0.0,19.26,0.0,-1.067,0.0,-0.009,-0.01,-0.002,-0.004,0.0,-0.003,-0.003,0.4199999999999999,0.9,-0.003,-0.05,0.278,0.001,17.75,17.88,17.96,56.86,17.37,17.49,18.22,0.001,0.0,0.0,-0.001,0.0,0.0,0.0,0.0,0.0,0.0,0.0,0.0,0.0,12.59,12.88,0.0,0.0,0.0,0.0,0.0,0.0,59.94,6000.0,-1.217,-0.2,2.0,0.0,0.2,0.2,-0.0379999999999999,18.4,18.28,18.12,18.3,18.27,17.95,17.84,17.45,18.2,17.67,17.29,18.46,18.85,18.86,25.02,26.0,34.0,17.8,0.0,230.5,48.99,2.0,3.519,-1.0,1.493,3.1,4903
2015-12-24 06:40:00,0.0,0.0,0.0,0.0,0.0,0.0,-1.0,289734.0,16.0,0.0,75.59999999999998,59.5,60.0,-0.1,9461.0,1373.0,1378.0,298566.0,-0.0749999999999999,-0.05,0.052,-0.927,0.0299999999999999,0.081,1.0,0.5879999999999999,270.0,271.8,272.8,273.0,0.818,272.0,0.7909999999999999,272.0,0.8359999999999999,271.0,0.003,13.7,2.0,3.0,0.0,19.26,0.0,-1.433,0.0,-0.009,-0.01,-0.002,-0.003,0.0,-0.003,-0.002,0.048,0.556,-0.003,-0.4529999999999999,0.2789999999999999,0.0,17.77,17.92,17.96,70.39,17.37,17.57,18.24,0.0,-0.001,0.0,0.0,0.0,0.0,0.0,0.0,0.0,0.0,0.0,0.0,0.0,10.47,11.07,0.0,0.0,0.0,0.0,0.0,0.0,59.95,6000.0,-1.45,-0.2,2.0,0.0,0.2,0.2,-0.0379999999999999,18.39,18.28,18.12,18.29,18.25,17.95,17.83,17.45,18.18,17.67,17.28,18.46,18.83,18.83,25.0,26.0,34.0,17.8,0.0,282.9,61.92,2.0,3.521,-1.0,1.625,4.1,4903
2015-12-24 06:41:00,0.0,0.0,0.0,0.0,0.0,0.0,-1.0,289734.0,16.0,0.0,75.59999999999998,59.5,60.0,-0.1,9461.0,1373.0,1378.0,298566.0,-0.0749999999999999,-0.0279999999999999,0.067,-0.927,0.0299999999999999,0.081,1.0,0.582,270.0,271.8,272.8,273.0,0.818,272.0,0.7909999999999999,272.0,0.8359999999999999,271.0,0.003,13.7,2.0,3.0,0.0,19.26,0.0,-1.45,0.0,-0.009,-0.01,-0.003,-0.004,0.0,-0.003,-0.002,0.044,0.552,-0.004,-0.457,0.2789999999999999,0.0,17.8,17.89,17.97,88.0,17.39,17.6,18.26,0.001,-0.001,0.001,-0.001,0.0,0.0,0.0,0.0,0.0,0.0,0.0,0.0,0.0,10.49,10.98,0.0,0.0,0.0,0.0,0.0,0.0,59.97,6000.0,-1.467,-0.2,2.0,0.0,0.2,0.2,-0.0379999999999999,18.41,18.29,18.12,18.29,18.29,17.95,17.83,17.44,18.19,17.67,17.27,18.46,18.86,18.91,25.0,26.0,34.0,17.8,0.0,206.0,42.36,2.0,3.521,-1.0,3.077,5.8,4903
2015-12-24 06:42:00,0.0,0.0,0.0,0.0,0.0,0.0,-1.0,289734.0,16.0,0.0,75.59999999999998,59.5,60.0,-0.1,9461.0,1373.0,1378.0,298566.0,-0.0749999999999999,-0.047,0.047,-0.928,0.0299999999999999,0.081,1.0,0.5849999999999999,270.0,271.9,272.9,273.0,0.818,272.0,0.7909999999999999,272.0,0.8359999999999999,271.0,0.003,13.7,2.0,3.0,0.0,19.26,0.0,-1.2,0.0,-0.009,-0.01,-0.002,-0.004,0.0,-0.003,-0.002,0.044,0.552,-0.004,-0.461,0.2789999999999999,0.0,17.87,17.93,18.03,77.01,17.47,17.65,18.26,0.001,-0.001,0.0,0.0,0.0,0.0,0.0,0.0,0.0,0.0,0.0,0.0,0.0,11.42,11.77,0.0,0.0,0.0,0.0,0.0,0.0,59.98,6000.0,-1.25,-0.2,2.0,0.0,0.2,0.2,-0.0379999999999999,18.4,18.3,18.13,18.3,18.3,17.96,17.83,17.45,18.24,17.66,17.28,18.46,18.89,18.93,25.0,26.0,34.0,17.81,0.0,222.8,48.03,2.0,3.519,-1.0,1.72,2.9,4903
2015-12-24 06:43:00,0.0,0.0,0.0,0.0,0.0,0.0,-1.0,289734.0,16.0,0.0,75.59999999999998,59.5,60.0,-0.1,9461.0,1373.0,1378.0,298566.0,-0.0749999999999999,-0.042,0.042,-0.927,0.0299999999999999,0.081,1.0,0.6019999999999999,270.0,271.9,272.9,273.0,0.818,272.0,0.7909999999999999,272.0,0.8359999999999999,271.0,0.003,13.7,2.0,3.0,0.0,19.28,0.0,-1.383,0.0,-0.008,-0.01,-0.003,-0.004,0.0,-0.003,-0.002,0.0449999999999999,0.5529999999999999,-0.004,-0.4579999999999999,0.2789999999999999,0.0,17.87,17.88,18.05,60.13,17.5,17.66,18.26,0.001,-0.001,0.0,-0.001,0.0,0.0,0.0,0.0,0.0,0.0,0.0,0.0,0.0,12.62,13.0,0.0,0.0,0.0,0.0,0.0,0.0,59.96,6000.0,-1.533,-0.2,2.0,0.0,0.2,0.2,-0.0379999999999999,18.41,18.3,18.12,18.3,18.29,17.97,17.83,17.46,18.21,17.65,17.28,18.46,18.87,18.92,25.0,26.0,34.0,17.82,0.0,203.5,32.45,2.0,3.521,-1.0,2.853,5.3,4903
2015-12-24 06:44:00,0.0,0.0,0.0,0.0,0.0,0.0,-1.0,289734.0,16.0,0.0,75.59999999999998,59.5,60.0,-0.103,9461.0,1373.0,1378.0,298566.0,-0.0749999999999999,-0.047,0.0769999999999999,-0.927,0.0299999999999999,0.081,1.0,0.6069999999999999,270.0,271.6,272.6,273.0,0.818,272.0,0.7909999999999999,272.0,0.8359999999999999,271.0,0.002,13.7,2.0,1.0,0.0,19.28,0.0,-1.4169999999999998,0.0,-0.008,-0.01,-0.002,-0.004,0.0,-0.003,-0.002,0.1639999999999999,0.6459999999999999,-0.003,-0.32,0.2789999999999999,0.001,17.87,17.91,18.05,30.43,17.57,17.76,18.26,0.0,-0.001,0.0,0.0,0.0,0.0,0.0,0.0,0.0,0.0,0.0,0.0,0.0,14.25,14.52,0.0,0.0,0.0,0.0,0.0,0.0,59.95,6000.0,-1.4,-0.2,2.0,0.0,0.2,0.2,-0.0379999999999999,18.42,18.32,18.14,18.31,18.33,17.99,17.85,17.48,18.24,17.67,17.3,18.48,18.88,18.94,25.0,26.0,34.0,17.83,0.0,225.5,26.21,2.0,3.519,-1.0,2.855,5.7,4903
2015-12-24 06:45:00,0.0,0.0,0.0,0.0,0.0,0.0,-1.0,289734.0,16.0,0.0,75.59999999999998,59.5,60.0,-0.1,9461.0,1373.0,1378.0,298566.0,-0.0749999999999999,-0.05,0.065,-0.927,0.0299999999999999,0.081,1.0,0.5899999999999999,270.0,271.7,272.7,273.0,0.818,272.0,0.7909999999999999,272.0,0.8359999999999999,271.0,-0.008,13.3,2.0,1.0,0.0,19.28,0.0,-1.383,0.0,-0.0069999999999999,-0.01,-0.001,-0.003,0.0,-0.002,-0.001,0.04,0.547,-0.003,-0.4639999999999999,0.28,0.001,17.95,18.02,18.1,28.25,17.63,17.76,18.28,0.001,-0.001,0.001,0.0,0.0,0.0,0.0,0.0,0.0,0.0,0.0,0.0,0.0,15.21,15.63,0.0,0.0,0.0,0.0,0.0,0.0,59.96,6000.0,-1.483,-0.2,2.0,0.0,0.2,0.2,-0.0379999999999999,18.45,18.34,18.15,18.34,18.32,18.03,17.88,17.52,18.26,17.7,17.32,18.5,18.91,18.96,25.0,26.0,34.0,17.86,0.0,206.3,19.5,2.0,3.521,-1.0,3.412,6.3,4903
2015-12-24 06:46:00,0.0,0.0,0.0,0.0,0.0,0.0,-1.0,289734.0,16.0,0.0,75.59999999999998,59.5,60.0,-0.1,9461.0,1373.0,1378.0,298566.0,-0.0749999999999999,-0.0379999999999999,0.0599999999999999,-0.927,0.0299999999999999,0.081,1.0,0.5979999999999999,270.0,271.7,272.7,273.0,0.818,272.0,0.7909999999999999,272.0,0.8359999999999999,271.0,0.005,13.7,2.0,3.0,0.0,19.28,0.0,-1.3,0.0,-0.0069999999999999,-0.01,-0.002,-0.003,0.0,-0.002,-0.001,0.0379999999999999,0.546,-0.003,-0.465,0.2789999999999999,0.001,17.96,18.03,18.15,71.05,17.68,17.83,18.32,0.001,0.0,0.001,0.0,0.0,0.0,0.0,0.0,0.0,0.0,0.0,0.0,0.0,14.68,15.0,0.0,0.0,0.0,0.0,0.0,0.0,59.97,6000.0,-1.4169999999999998,-0.2,2.0,0.0,0.2,0.2,-0.0379999999999999,18.41,18.33,18.15,18.34,18.31,18.04,17.88,17.54,18.25,17.68,17.33,18.49,18.88,18.93,25.0,26.0,34.0,17.88,0.0,213.8,22.72,2.0,3.519,-1.0,1.717,2.8,4903
2015-12-24 06:47:00,0.0,0.0,0.0,0.0,0.0,0.0,-1.0,289734.0,16.0,0.0,75.59999999999998,59.5,60.0,-0.1,9461.0,1373.0,1378.0,298566.0,-0.0749999999999999,-0.042,0.063,-0.926,0.0299999999999999,0.081,1.0,0.6129999999999999,269.9,271.4,272.4,273.0,0.818,272.0,0.7909999999999999,272.0,0.8359999999999999,271.0,0.003,13.7,2.0,3.0,0.0,19.28,0.0,-1.283,0.0,-0.0069999999999999,-0.01,-0.002,-0.003,0.0,-0.002,-0.002,0.036,0.5429999999999999,-0.003,-0.472,0.2789999999999999,0.0,17.96,18.01,18.15,36.46,17.76,17.86,18.27,0.001,-0.001,0.0,-0.001,0.0,0.0,0.0,0.0,0.0,0.0,0.0,0.0,0.0,14.75,15.0,0.0,0.0,0.0,0.0,0.0,0.0,59.96,6000.0,-1.4,-0.2,2.0,0.0,0.2,0.2,-0.0379999999999999,18.4,18.33,18.14,18.34,18.3,18.02,17.88,17.56,18.26,17.7,17.34,18.48,18.87,18.89,25.0,26.0,34.0,17.89,0.0,215.9,53.65,2.0,3.519,-1.0,1.482,3.3,4903
2015-12-24 06:48:00,0.0,0.0,0.0,0.0,0.0,0.0,-1.0,289734.0,16.0,0.0,75.59999999999998,59.5,60.0,-0.1,9461.0,1373.0,1378.0,298566.0,-0.0749999999999999,-0.04,0.07,-0.926,0.0299999999999999,0.081,1.0,0.6129999999999999,270.0,271.8,272.8,273.0,0.818,272.0,0.7909999999999999,272.0,0.8359999999999999,271.0,0.003,13.7,2.0,3.0,0.0,19.28,0.0,-1.633,0.0,-0.0069999999999999,-0.01,-0.002,-0.003,0.0,-0.002,-0.002,0.034,0.542,-0.003,-0.4729999999999999,0.2789999999999999,0.0,17.98,18.04,18.15,95.7,17.76,17.86,18.34,0.001,0.0,0.0,0.0,0.0,0.0,0.0,0.0,0.0,0.0,0.0,0.0,0.0,15.0,15.28,0.0,0.0,0.0,0.0,0.0,0.0,59.97,6000.0,-1.633,-0.2,2.0,0.0,0.2,0.2,-0.0379999999999999,18.42,18.33,18.15,18.35,18.32,18.04,17.89,17.59,18.28,17.71,17.36,18.49,18.86,18.91,25.0,26.0,34.0,17.89,0.0,248.9,67.25,2.0,3.519,-1.0,1.857,3.7,4903
2015-12-24 06:49:00,0.0,0.0,0.0,0.0,0.0,0.0,-1.0,289734.0,16.0,0.0,75.59999999999998,59.5,60.0,-0.1019999999999999,9461.0,1373.0,1378.0,298566.0,-0.0749999999999999,-0.0449999999999999,0.052,-0.927,0.0299999999999999,0.081,1.0,0.6079999999999999,269.9,271.4,272.4,273.0,0.818,272.0,0.7909999999999999,272.0,0.8359999999999999,271.0,0.003,13.7,2.0,3.0,0.0,19.28,0.0,-1.683,0.0,-0.0069999999999999,-0.01,-0.001,-0.003,0.0,-0.001,-0.001,0.033,0.541,-0.003,-0.4699999999999999,0.2789999999999999,0.0,18.03,17.98,18.15,54.84,17.78,17.9,18.35,0.001,-0.001,0.0,0.0,0.0,0.0,0.0,0.0,0.0,0.0,0.0,0.0,0.0,15.59,15.75,0.0,0.0,0.0,0.0,0.0,0.0,59.96,6000.0,-1.517,-0.2,2.0,0.0,0.2,0.2,-0.0379999999999999,18.45,18.35,18.17,18.37,18.35,18.04,17.9,17.62,18.32,17.74,17.37,18.51,18.9,18.93,25.0,26.0,34.0,17.9,0.0,291.0,40.55,2.0,3.521,-1.0,2.552,4.3,4903
2015-12-24 06:50:00,0.0,0.0,0.0,0.0,0.0,0.0,-1.0,289734.0,16.0,0.0,75.59999999999998,59.5,60.0,-0.1019999999999999,9461.0,1373.0,1378.0,298566.0,-0.0749999999999999,-0.047,0.057,-0.927,0.0299999999999999,0.081,1.0,0.6129999999999999,269.6,271.2,272.2,273.0,0.818,272.0,0.7909999999999999,272.0,0.8359999999999999,271.0,0.012,13.49,2.0,3.0,0.0,19.28,0.0,-1.6669999999999998,0.0,-0.0069999999999999,-0.01,-0.001,-0.002,0.0,-0.001,-0.001,0.203,0.654,-0.003,-0.283,0.278,0.001,18.06,17.97,18.15,30.78,17.86,17.96,18.35,0.001,-0.001,0.001,-0.001,0.0,0.0,0.0,0.0,0.0,0.0,0.0,0.0,0.0,17.66,17.85,0.0,0.0,0.0,0.0,0.0,0.0,59.94,6000.0,-1.5830000000000002,-0.2,2.0,0.0,0.2,0.2,-0.0379999999999999,18.49,18.38,18.21,18.38,18.36,18.07,17.92,17.69,18.32,17.75,17.38,18.54,18.94,18.96,25.0,26.0,34.0,17.91,0.0,232.7,25.33,2.0,3.519,-1.0,2.197,4.2,4903
2015-12-24 06:51:00,0.0,0.0,0.0,0.0,0.0,0.0,-1.0,289734.0,16.0,0.0,75.59999999999998,59.5,60.0,-0.1,9461.0,1373.0,1378.0,298566.0,-0.0749999999999999,-0.052,0.07,-0.928,0.0299999999999999,0.081,1.0,0.6119999999999999,269.5,271.1,272.2,272.8,0.818,271.9,0.7909999999999999,271.9,0.8359999999999999,271.0,-0.006,13.49,2.0,3.0,0.0,19.29,0.0,-1.567,0.0,-0.006,-0.01,-0.001,-0.002,0.0,-0.001,-0.001,0.034,0.542,-0.003,-0.471,0.2789999999999999,0.001,18.06,17.96,18.18,41.82,17.89,17.96,18.35,0.001,-0.001,0.001,0.0,0.0,0.0,0.0,0.0,0.0,0.0,0.0,0.0,0.0,18.6,18.67,0.0,0.0,0.0,0.0,0.0,0.0,59.95,6000.0,-1.65,-0.2,2.0,0.0,0.2,0.2,-0.0379999999999999,18.49,18.4,18.22,18.4,18.39,18.08,17.93,17.74,18.34,17.77,17.4,18.56,18.92,18.95,25.0,26.0,34.0,17.93,0.0,219.8,59.32,2.0,3.519,-1.0,2.242,4.3,4903
2015-12-24 06:52:00,0.0,0.0,0.0,0.0,0.0,0.0,-1.0,289734.0,16.0,0.0,75.59999999999998,59.5,60.0,-0.1,9461.0,1373.0,1378.0,298566.0,-0.0749999999999999,-0.052,0.0429999999999999,-0.928,0.0299999999999999,0.081,1.0,0.6119999999999999,269.3,271.0,272.0,272.8,0.818,272.0,0.7909999999999999,272.0,0.8359999999999999,271.0,0.003,13.7,2.0,3.0,0.0,19.3,0.0,-1.4169999999999998,0.0,-0.006,-0.0069999999999999,-0.001,-0.002,0.001,-0.001,0.0,0.035,0.5429999999999999,-0.003,-0.4679999999999999,0.2789999999999999,0.0,18.08,18.09,18.25,219.2,17.96,17.97,18.39,0.0,-0.001,0.0,-0.001,0.0,0.0,0.0,0.0,0.0,0.0,0.0,0.0,0.0,19.37,19.65,0.0,0.0,0.0,0.0,0.0,0.0,59.97,6000.0,-1.5830000000000002,-0.2,2.0,0.0,0.2,0.2,-0.0379999999999999,18.52,18.44,18.24,18.42,18.43,18.1,17.95,17.8,18.36,17.78,17.41,18.58,18.98,19.1,25.0,26.0,34.0,17.96,0.0,186.4,25.43,2.0,3.519,-1.0,3.667,6.4,4903
2015-12-24 06:53:00,0.0,0.0,0.0,0.0,0.0,0.0,-1.0,289734.0,16.0,0.0,75.59999999999998,59.5,60.0,-0.1,9461.0,1373.0,1378.0,298566.0,-0.0749999999999999,-0.047,0.057,-0.927,0.0299999999999999,0.081,1.0,0.5999999999999999,269.1,271.0,272.0,272.2,0.818,271.3,0.7909999999999999,271.4,0.8359999999999999,271.0,0.003,13.7,2.0,3.0,0.0,19.31,0.0,-1.5,0.0,-0.004,-0.0069999999999999,0.0,-0.001,0.001,0.0,0.0,0.034,0.541,-0.003,-0.4699999999999999,0.2789999999999999,0.0,18.16,18.1,18.25,481.0,18.02,18.05,18.45,0.0,0.0,0.0,0.0,0.0,0.0,0.0,0.0,0.0,0.0,0.0,0.0,0.0,19.83,20.0,0.0,0.0,0.0,0.0,0.0,0.0,59.95,6000.0,-1.533,-0.2,2.0,0.0,0.2,0.2,-0.0379999999999999,18.53,18.45,18.26,18.44,18.44,18.12,17.98,17.87,18.38,17.81,17.45,18.6,19.01,19.06,25.0,26.0,34.0,17.99,0.0,212.1,50.77,2.0,3.519,-1.0,2.422,5.0,4903
2015-12-24 06:54:00,0.0,0.0,0.0,0.0,0.0,0.0,-1.0,289734.0,16.0,0.0,75.59999999999998,59.5,60.0,-0.1019999999999999,9461.0,1373.0,1378.0,298566.0,-0.0749999999999999,-0.047,0.0729999999999999,-0.927,0.0299999999999999,0.081,1.0,0.6029999999999999,269.0,271.0,272.0,272.0,0.818,271.1,0.7909999999999999,271.1,0.8359999999999999,270.8,0.003,13.7,2.0,3.0,0.0,19.31,0.0,-1.4,0.0,-0.004,-0.0069999999999999,0.0,-0.001,0.003,0.0,0.0,0.033,0.54,-0.003,-0.467,0.2789999999999999,0.0,18.16,18.21,18.3,83.5,18.05,18.05,18.45,0.001,-0.001,0.001,0.0,0.0,0.0,0.0,0.0,0.0,0.0,0.0,0.0,0.0,20.88,21.15,0.0,0.0,0.0,0.0,0.0,0.0,59.95,6000.0,-1.483,-0.2,2.0,0.0,0.2,0.2,-0.0379999999999999,18.55,18.47,18.27,18.45,18.45,18.13,18.0,17.92,18.39,17.82,17.47,18.61,19.0,19.02,25.0,26.0,34.0,18.0,0.0,209.7,28.21,2.0,3.519,-1.0,1.838,3.1,4903
2015-12-24 06:55:00,0.0,0.0,0.0,0.0,0.0,0.0,-1.0,289734.0,16.0,0.0,75.59999999999998,59.5,60.0,-0.1019999999999999,9461.0,1373.0,1378.0,298566.0,-0.0749999999999999,-0.052,0.0579999999999999,-0.927,0.0299999999999999,0.081,1.0,0.5999999999999999,269.0,271.0,272.0,272.0,0.818,271.0,0.7909999999999999,271.1,0.8359999999999999,270.3,0.003,13.7,2.0,3.0,0.0,19.31,0.0,-1.517,0.0,-0.004,-0.0069999999999999,0.001,-0.001,0.002,0.0,0.0,0.033,0.54,-0.003,-0.471,0.2789999999999999,0.0,18.16,18.22,18.35,93.1,18.05,18.05,18.45,0.0,-0.001,0.0,-0.001,0.0,0.0,0.0,0.0,0.0,0.0,0.0,0.0,0.0,21.48,21.85,0.0,0.0,0.0,0.0,0.0,0.0,59.96,6000.0,-1.683,-0.2,2.0,0.0,0.2,0.2,-0.0379999999999999,18.55,18.47,18.28,18.46,18.45,18.14,18.0,17.95,18.38,17.82,17.48,18.61,18.99,19.02,25.0,26.0,34.0,18.01,0.0,249.1,66.44,2.0,3.519,-1.0,1.575,3.5,4903
2015-12-24 06:56:00,0.0,0.0,0.0,0.0,0.0,0.0,-1.0,289734.0,16.0,0.0,75.59999999999998,59.5,60.0,-0.1,9461.0,1373.0,1378.0,298566.0,-0.0749999999999999,-0.052,0.0449999999999999,-0.927,0.0299999999999999,0.081,1.0,0.5969999999999999,269.0,271.0,272.0,272.1,0.818,271.1,0.7909999999999999,271.0,0.8359999999999999,270.7,0.003,13.63,2.0,1.0,0.0,19.31,0.0,-1.017,0.0,-0.004,-0.0069999999999999,0.001,-0.001,0.003,0.0,0.0,0.2319999999999999,0.687,-0.003,-0.248,0.278,0.001,18.16,18.19,18.35,160.0,18.05,18.07,18.45,0.0,0.0,0.001,-0.001,0.0,0.0,0.0,0.0,0.0,0.0,0.0,0.0,0.0,21.77,22.0,0.0,0.0,0.0,0.0,0.0,0.0,59.98,6000.0,-1.35,-0.2,2.0,0.0,0.2,0.2,-0.0379999999999999,18.55,18.48,18.29,18.47,18.47,18.15,18.01,18.0,18.4,17.86,17.51,18.62,18.98,19.0,25.0,26.0,34.0,18.03,0.0,290.8,34.17,2.0,3.518,-1.0,2.41,4.4,4903
2015-12-24 06:57:00,0.0,0.0,0.0,0.0,0.0,0.0,-1.0,289734.0,16.0,0.0,75.59999999999998,59.5,60.0,-0.1019999999999999,9461.0,1373.0,1378.0,298566.0,-0.0749999999999999,-0.0449999999999999,0.0599999999999999,-0.927,0.0299999999999999,0.081,1.0,0.5879999999999999,269.0,271.0,272.0,272.0,0.818,271.2,0.7909999999999999,271.0,0.8359999999999999,270.5,0.003,13.7,2.0,3.0,0.0,19.33,0.0,-1.0,0.0,-0.005,-0.0069999999999999,0.001,-0.001,0.002,0.0,0.0,0.0299999999999999,0.5379999999999999,-0.003,-0.4749999999999999,0.2789999999999999,0.0,18.16,18.19,18.35,32.05,18.05,18.14,18.45,0.001,-0.001,0.001,0.0,0.0,0.0,0.0,0.0,0.0,0.0,0.0,0.0,0.0,22.62,22.97,0.0,0.0,0.0,0.0,0.0,0.0,59.97,6000.0,-1.25,-0.2,2.0,0.0,0.2,0.2,-0.0379999999999999,18.56,18.48,18.3,18.48,18.46,18.16,18.02,18.04,18.41,17.85,17.53,18.63,18.97,18.99,25.0,26.0,34.0,18.03,0.0,305.8,65.95,2.0,3.519,-1.0,1.4,2.8,4903
2015-12-24 06:58:00,0.0,0.0,0.0,0.0,0.0,0.0,-1.0,289734.0,16.0,0.0,75.59999999999998,59.5,60.0,-0.1019999999999999,9461.0,1373.0,1378.0,298566.0,-0.0749999999999999,-0.0449999999999999,0.057,-0.928,0.0299999999999999,0.081,1.0,0.5969999999999999,269.0,271.0,272.0,272.0,0.818,271.1,0.7909999999999999,271.0,0.8359999999999999,270.8,0.003,13.7,2.0,3.0,0.0,19.34,0.0,-1.0,0.0,-0.005,-0.0069999999999999,0.0,-0.001,0.002,0.0,0.0,0.0299999999999999,0.537,-0.003,-0.476,0.2789999999999999,0.0,18.16,18.19,18.35,117.5,18.09,18.1,18.45,0.001,0.0,0.0,0.0,0.0,0.0,0.0,0.0,0.0,0.0,0.0,0.0,0.0,23.49,23.98,0.0,0.0,0.0,0.0,0.0,0.0,59.96,6000.0,-1.433,-0.2,2.0,0.0,0.2,0.2,-0.0379999999999999,18.59,18.5,18.31,18.49,18.47,18.17,18.03,18.09,18.42,17.86,17.56,18.65,18.97,19.0,25.0,26.0,34.0,18.03,0.0,295.3,62.73,2.0,3.519,-1.0,1.75,3.9,4903
2015-12-24 06:59:00,0.0,0.0,0.0,0.0,0.0,0.0,-1.0,289734.0,16.0,0.0,75.59999999999998,59.5,60.0,-0.1,9461.0,1373.0,1378.0,298566.0,-0.0749999999999999,-0.04,0.048,-0.927,0.0299999999999999,0.081,1.0,0.587,269.0,271.0,272.0,272.0,0.818,271.0,0.7909999999999999,271.0,0.8359999999999999,270.2,0.003,13.7,2.0,3.0,0.0,19.34,0.0,-1.0,0.0,-0.005,-0.0069999999999999,0.001,-0.001,0.0,0.0,0.0,0.033,0.541,-0.003,-0.4699999999999999,0.2789999999999999,0.0,18.16,18.19,18.35,155.0,18.12,18.13,18.45,0.001,-0.001,0.001,0.0,0.0,0.0,0.0,0.0,0.0,0.0,0.0,0.0,0.0,26.25,26.65,0.0,0.0,0.0,0.0,0.0,0.0,59.97,6000.0,-1.45,-0.2,2.0,0.0,0.2,0.2,-0.0379999999999999,18.59,18.51,18.33,18.49,18.47,18.17,18.03,18.13,18.44,17.86,17.61,18.66,18.99,19.0,25.0,26.0,34.0,18.04,0.0,248.3,25.62,2.0,3.519,-1.0,2.518,5.1,4903
2015-12-24 07:00:00,0.0,0.0,0.0,0.0,0.0,0.0,-1.0,289734.0,16.0,0.0,75.59999999999998,59.5,60.0,-0.1,9461.0,1373.0,1378.0,298566.0,-0.0749999999999999,-0.0379999999999999,0.07,-0.927,0.0299999999999999,0.081,1.0,0.5999999999999999,269.0,271.0,272.0,272.0,0.818,271.0,0.7909999999999999,271.0,0.8359999999999999,270.0,0.003,13.7,2.0,3.0,0.0,19.34,0.0,-1.0,0.0,-0.005,-0.0069999999999999,0.0,-0.001,0.0,0.0,0.0,0.036,0.544,-0.003,-0.4679999999999999,0.2789999999999999,0.0,18.21,18.17,18.35,16.36,18.15,18.15,18.45,0.001,-0.001,0.001,0.0,0.0,0.0,0.0,0.0,0.0,0.0,0.0,0.0,0.0,27.92,28.23,0.0,0.0,0.0,0.0,0.0,0.0,59.96,6000.0,-1.283,-0.2,2.0,0.0,0.2,0.2,-0.0379999999999999,18.57,18.51,18.33,18.49,18.46,18.18,18.03,18.16,18.44,17.88,17.64,18.66,18.98,18.99,25.0,26.0,34.0,18.04,0.0,261.5,48.16,2.0,3.518,-1.0,2.12,4.0,4903
2015-12-24 07:01:00,0.0,0.0,0.0,0.0,0.0,0.0,-1.0,289734.0,16.0,0.0,75.59999999999998,59.5,60.0,-0.103,9461.0,1373.0,1378.0,298566.0,-0.0749999999999999,-0.05,0.0599999999999999,-0.928,0.0299999999999999,0.081,1.0,0.6069999999999999,269.0,271.0,272.0,272.0,0.818,271.0,0.7909999999999999,271.0,0.8359999999999999,270.0,0.001,13.53,2.0,1.0,0.0,19.34,0.0,-1.033,0.0,-0.005,-0.0069999999999999,0.0,-0.001,0.001,0.0,-0.001,0.2899999999999999,0.7419999999999999,-0.003,-0.19,0.278,0.001,18.24,18.15,18.35,18.39,18.15,18.15,18.53,0.001,-0.001,0.0,0.0,0.0,0.0,0.0,0.0,0.0,0.0,0.0,0.0,0.0,31.0,31.23,0.0,0.0,0.0,0.0,0.0,0.0,59.96,6000.0,-1.317,-0.2,2.0,0.0,0.2,0.2,-0.0379999999999999,18.6,18.52,18.34,18.51,18.49,18.2,18.04,18.19,18.44,17.9,17.68,18.67,18.99,18.99,25.0,26.0,34.0,18.05,0.0,232.7,23.44,2.0,3.519,-1.0,2.275,4.2,4903
2015-12-24 07:02:00,0.0,0.0,0.0,0.0,0.0,0.0,-1.0,289734.0,16.0,0.0,75.59999999999998,59.5,60.0,-0.1,9461.0,1373.0,1378.0,298566.0,-0.0749999999999999,-0.05,0.047,-0.928,0.0299999999999999,0.081,1.0,0.6019999999999999,269.0,271.0,272.0,272.0,0.818,271.0,0.7909999999999999,271.0,0.8359999999999999,270.0,0.005,13.7,2.0,3.0,0.0,19.34,0.0,-1.067,0.0,-0.004,-0.0069999999999999,0.0,-0.001,0.0,0.0,0.0,0.034,0.542,-0.003,-0.4689999999999999,0.2789999999999999,0.0,18.19,18.17,18.35,48.05,18.14,18.15,18.5,0.001,-0.001,0.0,0.0,0.0,0.0,0.0,0.0,0.0,0.0,0.0,0.0,0.0,32.44,32.6,0.0,0.0,0.0,0.0,0.0,0.0,59.94,6000.0,-1.35,-0.2,2.0,0.0,0.2,0.2,-0.0379999999999999,18.59,18.52,18.35,18.51,18.47,18.21,18.04,18.22,18.44,17.89,17.72,18.68,18.98,18.98,25.0,26.0,34.0,18.05,0.0,199.7,71.08,2.0,3.519,-1.0,1.263,4.1,4903
2015-12-24 07:03:00,0.0,0.0,0.0,0.0,0.0,0.0,-1.0,289734.0,16.0,0.0,75.59999999999998,59.5,60.0,-0.1,9461.0,1373.0,1378.0,298566.0,-0.0749999999999999,-0.0429999999999999,0.055,-0.927,0.0299999999999999,0.08,1.0,0.5969999999999999,269.0,271.0,272.0,272.0,0.818,271.0,0.7909999999999999,271.0,0.8359999999999999,270.0,0.003,13.7,2.0,3.0,0.0,19.36,0.0,-1.15,0.0,-0.005,-0.0069999999999999,0.0,-0.001,0.0,0.0,0.0,0.033,0.541,-0.003,-0.4729999999999999,0.2789999999999999,0.0,18.26,18.15,18.35,5.194,18.15,18.15,18.48,0.001,0.0,0.0,0.0,0.0,0.0,0.0,0.0,0.0,0.0,0.0,0.0,0.0,34.51,34.67,0.0,0.0,0.0,0.0,0.0,0.0,59.96,6000.0,-1.483,-0.2,2.0,0.0,0.2,0.2,-0.0379999999999999,18.58,18.53,18.34,18.51,18.47,18.2,18.04,18.25,18.44,17.89,17.75,18.67,18.97,19.0,25.0,26.0,34.0,18.05,0.0,217.4,30.6,2.0,3.521,-1.0,2.997,6.0,4903
2015-12-24 07:04:00,0.0,0.0,0.0,0.0,0.0,0.0,-1.0,289734.0,16.0,0.0,75.59999999999998,59.5,60.0,-0.1,9461.0,1373.0,1378.0,298566.0,-0.0749999999999999,-0.035,0.08,-0.927,0.0299999999999999,0.08,1.0,0.5849999999999999,269.0,271.0,272.0,272.0,0.818,271.0,0.7909999999999999,271.0,0.8359999999999999,270.0,0.003,13.7,2.0,3.0,0.0,19.36,0.0,-1.117,0.0,-0.004,-0.0069999999999999,0.0,-0.001,0.0,0.0,0.0,0.036,0.544,-0.003,-0.4689999999999999,0.2789999999999999,0.0,18.26,18.19,18.35,56.7,18.15,18.15,18.48,0.001,-0.001,0.0,0.0,0.0,0.0,0.0,0.0,0.0,0.0,0.0,0.0,0.0,37.23,37.47,0.0,0.0,0.0,0.0,0.0,0.0,59.95,6000.0,-1.4,-0.2,2.0,0.0,0.2,0.2,-0.0379999999999999,18.61,18.53,18.35,18.51,18.48,18.23,18.05,18.27,18.46,17.9,17.8,18.69,19.01,19.06,25.0,26.0,34.0,18.07,0.0,239.8,39.57,2.0,3.521,-1.0,1.987,4.3,4903
2015-12-24 07:05:00,0.0,0.0,0.0,0.0,0.0,0.0,-1.0,289734.0,16.0,0.0,75.59999999999998,59.5,60.0,-0.1,9461.0,1373.0,1378.0,298566.0,-0.0749999999999999,-0.047,0.055,-0.927,0.0299999999999999,0.08,1.0,0.577,269.0,270.9,271.9,272.0,0.818,271.0,0.7909999999999999,271.0,0.8359999999999999,270.0,0.003,13.7,2.0,3.0,0.0,19.36,0.0,-1.05,0.0,-0.004,-0.0069999999999999,0.001,-0.001,0.002,0.0,0.0,0.0409999999999999,0.5489999999999999,-0.003,-0.4639999999999999,0.2789999999999999,0.0,18.26,18.17,18.36,27.06,18.15,18.15,18.53,0.0,-0.001,0.0,0.0,0.0,0.0,0.0,0.0,0.0,0.0,0.0,0.0,0.0,42.46,42.75,0.0,0.0,0.0,0.0,0.0,0.0,59.96,6000.0,-1.317,-0.2,2.0,0.0,0.2,0.2,-0.0379999999999999,18.64,18.56,18.37,18.54,18.5,18.25,18.07,18.3,18.49,17.94,17.85,18.71,19.03,19.09,25.0,26.0,34.0,18.08,0.0,281.6,48.58,2.0,3.519,-1.0,3.377,6.1,4903
2015-12-24 07:06:00,0.0,0.0,0.0,0.0,0.0,0.0,-1.0,289734.0,16.0,0.0,75.59999999999998,59.5,60.0,-0.1,9461.0,1373.0,1378.0,298566.0,-0.0749999999999999,-0.0379999999999999,0.052,-0.927,0.0299999999999999,0.081,1.0,0.5829999999999999,269.8,271.6,272.6,272.8,0.818,271.8,0.7909999999999999,271.8,0.8359999999999999,270.8,0.004,13.7,2.0,3.0,0.0,19.38,0.0,-1.0,0.0,-0.003,-0.0069999999999999,0.001,0.0,0.003,0.001,0.001,0.3529999999999999,0.809,-0.003,-0.13,0.2789999999999999,0.0,18.26,18.15,18.43,86.79999999999998,18.15,18.15,18.55,0.001,0.0,0.0,0.0,0.0,0.0,0.0,0.0,0.0,0.0,0.0,0.0,0.0,45.05,45.18,0.0,0.0,0.0,0.0,0.0,0.0,59.96,6000.0,-1.267,-0.2,2.0,0.0,0.2,0.2,-0.0379999999999999,18.65,18.58,18.4,18.55,18.51,18.27,18.08,18.34,18.51,17.97,17.92,18.73,19.05,19.05,25.0,26.0,34.0,18.09,0.0,277.6,40.13,2.0,3.519,-1.0,1.788,3.0,4903
2015-12-24 07:07:00,0.0,0.0,0.0,0.0,0.0,0.0,-1.0,289734.0,16.0,0.0,75.59999999999998,59.5,60.0,-0.1,9461.0,1373.0,1378.0,298566.0,-0.0749999999999999,-0.047,0.0729999999999999,-0.926,0.031,0.081,1.0,0.6019999999999999,270.0,272.0,273.0,273.0,0.818,272.0,0.7909999999999999,272.0,0.8359999999999999,271.0,0.002,13.49,2.0,3.0,0.0,19.39,0.0,-1.0,0.0,-0.004,-0.0069999999999999,0.001,0.0,0.001,0.0,0.001,0.0449999999999999,0.567,-0.003,-0.444,0.2789999999999999,0.001,18.26,18.15,18.41,42.17,18.15,18.15,18.55,0.0,-0.001,0.001,0.0,0.0,0.0,0.0,0.0,0.0,0.0,0.0,0.0,0.0,48.01,48.15,0.0,0.0,0.0,0.0,0.0,0.0,59.96,6000.0,-1.45,-0.2,2.0,0.0,0.2,0.2,-0.0379999999999999,18.65,18.58,18.4,18.54,18.49,18.26,18.08,18.36,18.5,17.97,17.96,18.73,19.04,19.05,25.0,26.0,34.0,18.08,0.0,297.4,31.16,2.0,3.519,-1.0,1.41,3.0,4903
2015-12-24 07:08:00,0.0,0.0,0.0,0.0,0.0,0.0,-1.0,289734.0,16.0,0.0,75.59999999999998,59.5,60.0,-0.1,9461.0,1373.0,1378.0,298566.0,-0.0749999999999999,-0.042,0.067,-0.926,0.0299999999999999,0.081,1.0,0.6029999999999999,270.0,272.0,273.0,273.0,0.818,272.0,0.7909999999999999,272.0,0.8359999999999999,271.0,0.003,13.7,2.0,3.0,0.0,19.39,0.0,-1.0,0.0,-0.003,-0.0069999999999999,0.001,-0.001,0.001,0.0,0.001,0.054,0.562,-0.003,-0.4429999999999999,0.2789999999999999,0.0,18.26,18.15,18.35,249.4,18.15,18.15,18.53,0.001,-0.001,0.0,-0.001,0.0,0.0,0.0,0.0,0.0,0.0,0.0,0.0,0.0,52.97,53.13,0.0,0.0,0.0,0.0,0.0,0.0,59.94,6000.0,-1.517,-0.2,2.0,0.0,0.2,0.2,-0.0379999999999999,18.65,18.58,18.41,18.55,18.52,18.27,18.09,18.37,18.5,18.0,18.01,18.74,19.05,19.07,25.0,26.0,34.0,18.08,0.0,264.0,45.9,2.0,3.519,-1.0,1.615,2.9,4903
2015-12-24 07:09:00,0.0,0.0,0.0,0.0,0.0,0.0,-1.0,289734.0,16.0,0.0,75.59999999999998,59.5,60.0,-0.1019999999999999,9461.0,1373.0,1378.0,298566.0,-0.0749999999999999,-0.042,0.062,-0.927,0.0299999999999999,0.081,1.0,0.6079999999999999,270.0,272.0,273.0,273.0,0.818,272.0,0.7909999999999999,272.0,0.8359999999999999,271.0,0.003,13.7,2.0,3.0,0.0,19.39,0.0,-1.0,0.0,-0.004,-0.0069999999999999,0.001,0.0,0.001,0.0,0.0,0.0529999999999999,0.561,-0.003,-0.45,0.2789999999999999,0.0,18.26,18.15,18.36,54.7,18.15,18.15,18.55,0.001,-0.001,0.001,0.0,0.0,0.0,0.0,0.0,0.0,0.0,0.0,0.0,0.0,55.33,55.62,0.0,0.0,0.0,0.0,0.0,0.0,59.95,6000.0,-1.367,-0.2,2.0,0.0,0.2,0.2,-0.0379999999999999,18.66,18.59,18.41,18.56,18.52,18.27,18.09,18.39,18.52,18.02,18.04,18.74,19.05,19.07,25.0,26.0,34.0,18.09,0.0,255.1,40.46,2.0,3.519,-1.0,2.392,3.6,4903
2015-12-24 07:10:00,0.0,0.0,0.0,0.0,0.0,0.0,-1.0,289734.0,16.0,0.0,75.59999999999998,59.5,60.0,-0.1,9461.0,1373.0,1378.0,298566.0,-0.0749999999999999,-0.055,0.065,-0.927,0.0299999999999999,0.081,1.0,0.6019999999999999,270.0,272.0,273.0,273.0,0.818,272.0,0.7909999999999999,272.0,0.8359999999999999,271.0,0.003,13.7,2.0,3.0,0.0,19.4,0.0,-1.0,0.0,-0.003,-0.0069999999999999,0.001,0.0,0.001,0.0,0.001,0.048,0.555,-0.003,-0.4539999999999999,0.2789999999999999,0.0,18.26,18.15,18.35,151.2,18.15,18.15,18.55,0.001,0.0,0.001,0.0,0.0,0.0,0.0,0.0,0.0,0.0,0.0,0.0,0.0,60.06,60.2,0.0,0.0,0.0,0.0,0.0,0.0,59.95,6000.0,-1.4,-0.2,2.0,0.0,0.2,0.2,-0.0379999999999999,18.69,18.61,18.43,18.57,18.55,18.28,18.11,18.41,18.55,18.07,18.08,18.75,19.06,19.13,25.0,26.0,34.0,18.1,0.0,228.6,24.31,2.0,3.519,-1.0,3.467,7.2,4903
2015-12-24 07:11:00,0.0,0.0,0.0,0.0,0.0,0.0,-1.0,289734.0,16.0,0.0,75.59999999999998,59.5,60.0,-0.1019999999999999,9461.0,1373.0,1378.0,298566.0,-0.0749999999999999,-0.04,0.05,-0.927,0.0299999999999999,0.081,1.0,0.625,270.0,272.0,273.0,273.0,0.818,272.0,0.7909999999999999,272.0,0.8359999999999999,271.0,0.003,13.7,2.0,3.0,0.0,19.41,0.0,-1.0,0.0,-0.002,-0.004,0.001,0.0,0.002,0.001,0.002,0.042,0.55,-0.002,-0.461,0.2789999999999999,0.0,18.26,18.15,18.44,83.59999999999998,18.24,18.24,18.55,0.001,0.0,0.0,0.0,0.0,0.0,0.0,0.0,0.0,0.0,0.0,0.0,0.0,68.83,68.97,0.0,0.0,0.0,0.0,0.0,0.0,59.98,6000.0,-1.4,-0.2,2.0,0.0,0.2,0.2,-0.0379999999999999,18.71,18.63,18.43,18.59,18.57,18.31,18.12,18.43,18.57,18.11,18.12,18.77,19.14,19.2,25.0,26.0,34.0,18.13,0.0,220.1,16.61,2.0,3.519,-1.0,3.89,6.9,4903
2015-12-24 07:12:00,0.0,0.0,0.0,0.0,0.0,0.0,-1.0,289734.0,16.0,0.0,75.59999999999998,59.5,60.0,-0.1,9461.0,1373.0,1378.0,298566.0,-0.0749999999999999,-0.0449999999999999,0.042,-0.927,0.0299999999999999,0.081,1.0,0.628,270.0,272.0,273.0,273.0,0.818,272.0,0.7909999999999999,272.0,0.8359999999999999,271.0,0.003,13.63,2.0,1.0,0.0,19.42,0.0,-1.0,0.0,-0.002,-0.003,0.001,0.0,0.003,0.001,0.001,0.4189999999999999,0.8609999999999999,0.0,-0.074,0.278,0.001,18.34,18.23,18.44,442.6,18.25,18.25,18.55,0.0,-0.001,0.0,-0.001,0.0,0.0,0.0,0.0,0.0,0.0,0.0,0.0,0.0,80.4,80.29999999999998,0.0,0.0,0.0,0.0,0.0,0.0,59.96,6000.0,-1.45,-0.2,2.0,0.0,0.2,0.2,-0.0379999999999999,18.7,18.63,18.44,18.59,18.57,18.31,18.13,18.45,18.57,18.16,18.16,18.77,19.14,19.19,25.0,26.0,34.0,18.16,0.0,211.9,45.03,2.0,3.519,-1.0,2.978,5.1,4903
2015-12-24 07:13:00,0.0,0.0,0.0,0.0,0.0,0.0,-1.0,289734.0,16.0,0.0,75.59999999999998,59.5,60.0,-0.1019999999999999,9461.0,1373.0,1378.0,298566.0,-0.0749999999999999,-0.0529999999999999,0.07,-0.926,0.031,0.081,1.0,0.6129999999999999,270.1,272.0,273.0,273.2,0.818,272.0,0.7909999999999999,272.0,0.8359999999999999,271.2,0.003,13.7,2.0,3.0,0.0,19.42,0.0,-1.0,0.0,-0.002,-0.003,0.002,0.0,0.003,0.001,0.001,0.033,0.541,0.0,-0.466,0.2789999999999999,0.0,18.35,18.25,18.44,127.2,18.25,18.25,18.55,0.001,-0.001,0.001,0.0,0.0,0.0,0.0,0.0,0.0,0.0,0.0,0.0,0.0,85.2,85.09999999999998,0.0,0.0,0.0,0.0,0.0,0.0,59.95,6000.0,-1.4169999999999998,-0.2,2.0,0.0,0.2,0.2,-0.0379999999999999,18.71,18.64,18.45,18.6,18.58,18.32,18.13,18.46,18.57,18.2,18.18,18.78,19.13,19.15,25.0,26.0,34.0,18.17,0.0,256.6,48.43,2.0,3.521,-1.0,1.457,3.0,4903
2015-12-24 07:14:00,0.0,0.0,0.0,0.0,0.0,0.0,-1.0,289734.0,16.0,0.0,75.59999999999998,59.5,60.0,-0.103,9461.0,1373.0,1378.0,298566.0,-0.0749999999999999,-0.0449999999999999,0.0579999999999999,-0.927,0.0299999999999999,0.081,1.0,0.625,270.0,272.0,273.0,273.0,0.818,272.0,0.7909999999999999,272.0,0.8359999999999999,271.0,0.003,13.7,2.0,3.0,0.0,19.44,0.0,-1.0,0.0,-0.002,-0.003,0.002,0.001,0.003,0.001,0.001,0.032,0.539,0.0,-0.472,0.2789999999999999,0.0,18.35,18.25,18.44,93.6,18.25,18.25,18.56,0.001,-0.001,0.0,0.0,0.0,0.0,0.0,0.0,0.0,0.0,0.0,0.0,0.0,99.3,99.0,0.0,0.0,0.0,0.0,0.0,0.0,59.94,6000.0,-1.55,-0.2,2.0,0.0,0.2,0.2,-0.0379999999999999,18.74,18.65,18.45,18.61,18.57,18.34,18.13,18.47,18.57,18.24,18.2,18.79,19.12,19.15,25.0,26.0,34.0,18.17,0.0,244.3,30.62,2.0,3.521,-1.0,1.5719999999999998,3.2,4903
2015-12-24 07:15:00,0.0,0.0,0.0,0.0,0.0,0.0,-1.0,289734.0,16.0,0.0,75.59999999999998,59.5,60.0,-0.1019999999999999,9461.0,1373.0,1378.0,298566.0,-0.0749999999999999,-0.0529999999999999,0.0429999999999999,-0.927,0.0299999999999999,0.081,1.0,0.6169999999999999,270.0,272.0,273.0,273.0,0.818,272.0,0.7909999999999999,272.0,0.8359999999999999,271.0,0.003,13.7,2.0,3.0,0.0,19.44,0.0,-1.0,0.0,-0.002,-0.003,0.002,0.001,0.003,0.001,0.002,0.026,0.534,0.0,-0.482,0.2789999999999999,0.0,18.3,18.21,18.44,104.2,18.25,18.25,18.55,0.001,-0.001,0.001,0.0,0.0,0.0,0.0,0.0,0.0,0.0,0.0,0.0,0.0,133.0,132.8,0.0,0.0,0.0,0.0,0.0,0.0,59.94,6000.0,-1.483,-0.2,2.0,0.0,0.2,0.2,-0.0279999999999999,18.75,18.66,18.46,18.61,18.54,18.33,18.12,18.47,18.57,18.26,18.22,18.8,19.13,19.16,25.0,26.0,34.0,18.16,0.0,277.4,30.04,2.0,3.519,-1.0,1.355,3.2,4903
2015-12-24 07:16:00,0.0,0.0,0.0,0.0,0.0,0.0,-1.0,289734.0,16.0,0.0,75.59999999999998,59.5,60.0,-0.1,9461.0,1373.0,1378.0,298566.0,-0.0749999999999999,-0.0449999999999999,0.055,-0.927,0.0299999999999999,0.081,1.0,0.6179999999999999,270.0,272.0,273.0,273.0,0.818,272.0,0.7909999999999999,272.0,0.8359999999999999,271.0,0.003,13.7,2.0,3.0,0.0,19.44,0.0,-1.0,0.0,-0.003,-0.004,0.002,0.001,0.001,0.0,0.0,0.026,0.5329999999999999,0.0,-0.471,0.2789999999999999,0.0,18.24,18.15,18.43,122.0,18.22,18.23,18.55,0.0,0.0,0.0,0.0,0.0,0.0,0.0,0.0,0.0,0.0,0.0,0.0,0.0,156.4,156.2,0.0,0.0,0.0,0.0,0.0,0.0,59.94,6000.0,-1.3,-0.2,2.0,0.0,0.2,0.2,0.022,18.7,18.6,18.4,18.54,18.49,18.28,18.05,18.46,18.51,18.27,18.21,18.7,19.12,19.15,25.0,26.0,34.0,18.12,0.0,272.9,17.09,2.0,3.519,-1.0,2.51,4.2,4903
2015-12-24 07:17:00,0.0,0.0,0.0,0.0,0.0,0.0,-1.0,289734.0,16.0,0.0,75.59999999999998,59.5,60.0,-0.1,9461.0,1373.0,1378.0,298566.0,-0.0749999999999999,-0.0599999999999999,0.072,-0.927,0.0299999999999999,0.081,1.0,0.628,270.0,272.0,273.0,273.0,0.818,272.0,0.7909999999999999,272.0,0.8359999999999999,271.0,0.003,13.5,2.0,3.0,0.0,19.45,0.0,-1.0,0.0,-0.0069999999999999,-0.0069999999999999,0.0,-0.001,-0.001,-0.004,-0.002,0.2119999999999999,0.66,-0.003,-0.2789999999999999,0.278,0.001,18.17,18.1,18.33,208.0,18.13,18.13,18.45,0.001,-0.001,0.001,0.0,0.0,0.0,0.0,0.0,0.0,0.0,0.0,0.0,0.0,158.7,158.5,0.0,0.0,0.0,0.0,0.0,0.0,59.94,6000.0,-1.467,-0.2,2.0,0.0,0.2,0.2,0.003,18.48,18.45,18.26,18.37,18.37,18.15,17.88,18.36,18.35,18.24,18.13,18.56,19.1,19.13,25.0,26.0,34.0,18.01,0.0,197.9,52.2,2.0,3.518,-1.0,1.5730000000000002,3.4,4903
2015-12-24 07:18:00,0.0,0.0,0.0,0.0,0.0,0.0,-1.0,289734.0,16.0,0.0,75.59999999999998,59.5,60.0,-0.1,9461.0,1373.0,1378.0,298566.0,-0.0749999999999999,-0.055,0.0429999999999999,-0.927,0.0299999999999999,0.081,1.0,0.632,270.0,272.0,273.0,273.0,0.818,272.0,0.7909999999999999,272.0,0.8359999999999999,271.0,0.003,13.5,2.0,3.0,0.0,19.47,0.0,-1.0,0.0,-0.011,-0.011,-0.003,-0.003,-0.003,-0.009,-0.006,0.026,0.5329999999999999,-0.006,-0.4589999999999999,0.28,0.0,18.08,18.04,18.22,42.7,18.05,18.02,18.34,0.001,0.0,0.0,0.0,0.0,0.0,0.0,0.0,0.0,0.0,0.0,0.0,0.0,158.9,158.8,0.0,0.0,0.0,0.0,0.0,0.0,59.95,6000.0,-1.3,-0.2,2.0,0.0,0.2,0.2,0.019,18.36,18.34,18.12,18.23,18.32,18.03,17.74,18.27,18.25,18.2,18.05,18.44,19.09,19.08,25.0,26.0,34.0,17.91,0.0,216.7,38.9,2.0,3.518,-1.0,2.478,4.9,4903
2015-12-24 07:19:00,0.0,0.0,0.0,0.0,0.0,0.0,-1.0,289734.0,16.0,0.0,75.59999999999998,59.5,60.0,-0.1,9461.0,1373.0,1378.0,298566.0,-0.0749999999999999,-0.042,0.047,-0.927,0.0299999999999999,0.081,1.0,0.62,269.9,271.8,272.9,273.0,0.818,272.0,0.7909999999999999,272.0,0.8359999999999999,271.0,0.003,13.7,2.0,3.0,0.0,19.47,0.0,-1.0,0.0,-0.0139999999999999,-0.0139999999999999,-0.006,-0.006,-0.006,-0.012,-0.0069999999999999,0.022,0.53,-0.008,-0.477,0.2789999999999999,0.0,18.01,17.96,18.15,49.36,17.97,17.96,18.26,0.001,-0.001,0.001,0.0,0.0,0.0,0.0,0.0,0.0,0.0,0.0,0.0,0.0,160.5,160.2,0.0,0.0,0.0,0.0,0.0,0.0,59.95,6000.0,-1.533,-0.2,2.0,0.0,0.2,0.2,0.022,18.29,18.25,18.03,18.14,18.23,17.94,17.65,18.21,18.21,18.17,18.0,18.35,19.08,19.06,25.0,26.0,34.0,17.85,0.0,247.8,50.39,2.0,3.519,-1.0,1.872,5.8,4903
2015-12-24 07:20:00,0.0,0.0,0.0,0.0,0.0,0.0,-1.0,289734.0,16.0,0.0,75.59999999999998,59.5,60.0,-0.1,9461.0,1373.0,1378.0,298566.0,-0.0749999999999999,-0.0429999999999999,0.07,-0.927,0.0299999999999999,0.081,1.0,0.622,270.0,272.0,273.0,273.0,0.818,272.0,0.7909999999999999,272.0,0.8359999999999999,271.0,0.003,13.7,2.0,3.0,0.0,19.47,0.0,-1.0,0.0,-0.017,-0.017,-0.008,-0.006,-0.006,-0.013,-0.0069999999999999,0.021,0.529,-0.01,-0.381,0.2789999999999999,0.0,17.91,17.94,18.13,-1.206,17.96,17.87,18.26,0.001,-0.001,0.001,0.0,0.0,0.0,0.0,0.0,0.0,0.0,0.0,0.0,0.0,177.1,176.8,0.0,0.0,0.0,0.0,0.0,0.0,59.96,6000.0,-1.617,-0.2,2.0,0.0,0.2,0.2,0.0379999999999999,18.24,18.19,17.97,18.07,18.22,17.91,17.6,18.15,18.2,18.19,17.96,18.29,19.11,19.12,25.0,26.0,34.0,17.79,0.0,241.5,49.67,2.0,3.519,-1.0,3.162,6.1,4903
2015-12-24 07:21:00,0.0,0.0,0.0,0.0,0.0,0.0,-1.0,289734.0,16.0,0.0,75.59999999999998,59.5,60.0,-0.1,9461.0,1373.0,1378.0,298566.0,-0.0749999999999999,-0.047,0.052,-0.927,0.0299999999999999,0.081,1.0,0.6179999999999999,270.0,271.9,272.9,273.0,0.818,272.0,0.7909999999999999,272.0,0.8359999999999999,271.0,0.003,13.7,2.0,3.0,0.0,19.49,0.0,-0.933,0.0,-0.017,-0.017,-0.008,-0.005,-0.003,-0.013,-0.006,0.022,0.529,-0.013,-0.385,0.2789999999999999,0.0,17.9,17.87,18.05,50.4,17.96,17.86,18.22,0.001,-0.001,0.0,0.0,0.0,0.0,0.0,0.0,0.0,0.0,0.0,0.0,0.0,177.5,177.4,0.0,0.0,0.0,0.0,0.0,0.0,59.96,6000.0,-1.367,-0.2,2.0,0.0,0.2,0.2,0.0379999999999999,18.13,18.14,17.92,18.04,18.21,17.89,17.57,18.12,18.16,18.17,17.94,18.24,19.1,19.11,25.0,26.0,34.0,17.76,0.0,226.9,28.82,2.0,3.519,-1.0,2.862,5.1,4903
2015-12-24 07:22:00,0.0,0.0,0.0,0.0,0.0,0.0,-1.0,289734.0,16.0,0.0,75.59999999999998,59.5,60.0,-0.1,9461.0,1373.0,1378.0,298566.0,-0.0749999999999999,-0.0529999999999999,0.052,-0.927,0.0299999999999999,0.081,1.0,0.623,269.9,271.6,272.6,273.0,0.818,272.0,0.7909999999999999,272.0,0.8359999999999999,271.0,0.003,13.7,2.0,3.0,0.0,19.49,0.0,-0.983,0.0,-0.017,-0.017,-0.008,-0.004,-0.003,-0.013,-0.006,0.018,0.526,-0.0139999999999999,-0.456,0.2789999999999999,0.0,17.93,17.86,18.05,154.5,17.94,17.83,18.16,0.001,0.0,0.001,-0.001,0.0,0.0,0.0,0.0,0.0,0.0,0.0,0.0,0.0,171.4,171.0,0.0,0.0,0.0,0.0,0.0,0.0,59.96,6000.0,-1.383,-0.2,2.0,0.0,0.2,0.2,0.0379999999999999,18.11,18.12,17.89,18.02,18.2,17.88,17.55,18.1,18.17,18.17,17.93,18.21,19.1,19.09,25.0,26.0,34.0,17.73,0.0,254.8,45.11,2.0,3.517,-1.0,2.877,6.3,4903
2015-12-24 07:23:00,0.0,0.0,0.0,0.0,0.0,0.0,-1.0,289734.0,16.0,0.0,75.59999999999998,59.5,60.0,-0.1,9461.0,1373.0,1378.0,298566.0,-0.0749999999999999,-0.047,0.068,-0.927,0.0299999999999999,0.081,1.0,0.6049999999999999,269.7,271.2,272.2,272.8,0.818,272.0,0.7909999999999999,272.0,0.8359999999999999,271.0,0.003,13.56,2.0,1.0,0.0,19.49,0.0,-0.967,0.0,-0.0149999999999999,-0.017,-0.0069999999999999,-0.003,-0.003,-0.012,-0.003,0.181,0.6459999999999999,-0.0139999999999999,-0.157,0.2789999999999999,0.001,17.85,17.86,18.04,4.2,17.86,17.76,18.16,0.001,-0.001,0.001,0.0,0.0,0.0,0.0,0.0,0.0,0.0,0.0,0.0,0.0,188.2,187.8,0.0,0.0,0.0,0.0,0.0,0.0,59.96,6000.0,-1.5,-0.2,2.0,0.0,0.2,0.2,0.0379999999999999,18.09,18.1,17.87,18.01,18.14,17.86,17.54,18.09,18.11,18.16,17.91,18.19,19.04,19.04,25.0,26.0,34.0,17.71,0.0,219.0,41.0,2.0,3.517,-1.0,2.208,5.3,4903
2015-12-24 07:24:00,0.0,0.0,0.0,0.0,0.0,0.0,-1.0,289734.0,16.0,0.0,75.59999999999998,59.5,60.0,-0.1019999999999999,9461.0,1373.0,1378.0,298566.0,-0.0749999999999999,-0.042,0.0529999999999999,-0.927,0.0299999999999999,0.081,1.0,0.6019999999999999,269.4,271.1,272.1,272.3,0.818,271.8,0.7909999999999999,271.9,0.8359999999999999,270.9,0.003,13.7,2.0,3.0,0.0,19.49,0.0,-0.7829999999999999,0.0,-0.0139999999999999,-0.017,-0.0069999999999999,-0.002,-0.003,-0.011,-0.002,0.0139999999999999,0.521,-0.012,-0.2419999999999999,0.2789999999999999,0.0,17.87,17.86,18.02,33.85,17.86,17.76,18.16,0.001,0.0,0.0,0.0,0.0,0.0,0.0,0.0,0.0,0.0,0.0,0.0,0.0,200.3,200.0,0.0,0.0,0.0,0.0,0.0,0.0,59.96,6000.0,-1.367,-0.2,2.0,0.0,0.2,0.2,0.039,18.08,18.09,17.86,18.0,18.17,17.86,17.53,18.08,18.09,18.14,17.9,18.18,18.98,18.98,25.0,26.0,34.0,17.69,0.0,196.7,29.99,2.0,3.521,-1.0,3.583,5.8,4903
2015-12-24 07:25:00,0.0,0.0,0.0,0.0,0.0,0.0,-1.0,289734.0,16.0,0.0,75.59999999999998,59.5,60.0,-0.1,9461.0,1373.0,1378.0,298566.0,-0.0749999999999999,-0.037,0.048,-0.927,0.0299999999999999,0.081,1.0,0.6099999999999999,269.1,271.0,272.0,272.3,0.818,271.6,0.7909999999999999,271.8,0.8359999999999999,270.9,0.003,13.7,2.0,3.0,0.0,19.51,0.0,-0.767,0.0,-0.013,-0.016,-0.006,-0.002,-0.003,-0.01,-0.002,0.011,0.519,-0.01,-0.236,0.2789999999999999,0.0,17.85,17.86,18.01,44.29,17.86,17.76,18.11,0.0,-0.001,0.001,0.0,0.0,0.0,0.0,0.0,0.0,0.0,0.0,0.0,0.0,210.2,209.7,0.0,0.0,0.0,0.0,0.0,0.0,59.96,6000.0,-1.367,-0.2,2.0,0.0,0.2,0.2,0.0409999999999999,18.07,18.07,17.85,17.98,18.14,17.87,17.52,18.06,18.07,18.13,17.89,18.17,18.93,18.91,25.0,26.0,34.0,17.68,0.0,211.7,39.01,2.0,3.518,-1.0,2.997,6.0,4903
2015-12-24 07:26:00,0.0,0.0,0.0,0.0,0.0,0.0,-1.0,289734.0,16.0,0.0,75.59999999999998,59.5,60.0,-0.103,9461.0,1373.0,1378.0,298566.0,-0.0749999999999999,-0.052,0.068,-0.928,0.0299999999999999,0.081,1.0,0.6079999999999999,269.0,271.0,272.0,272.0,0.818,271.1,0.7909999999999999,271.3,0.8359999999999999,270.4,0.003,13.7,2.0,3.0,0.0,19.51,0.0,-0.917,0.0,-0.011,-0.0139999999999999,-0.006,-0.001,0.0,-0.009,-0.001,0.012,0.52,-0.01,-0.193,0.2789999999999999,0.0,17.81,17.86,17.96,92.7,17.86,17.76,18.14,0.0,0.0,0.001,-0.001,0.0,0.0,0.0,0.0,0.0,0.0,0.0,0.0,0.0,221.3,220.8,0.0,0.0,0.0,0.0,0.0,0.0,59.96,6000.0,-1.65,-0.2,2.0,0.0,0.2,0.2,0.095,18.05,18.05,17.85,17.99,18.16,17.87,17.53,18.06,18.07,18.11,17.89,18.17,18.91,18.88,25.0,26.0,34.0,17.67,0.0,207.0,30.6,2.0,3.519,-1.0,4.1530000000000005,6.7,4903
2015-12-24 07:27:00,0.0,0.0,0.0,0.0,0.0,0.0,-1.0,289734.0,16.0,0.0,75.59999999999998,59.5,60.0,-0.1019999999999999,9461.0,1373.0,1378.0,298566.0,-0.0749999999999999,-0.0429999999999999,0.065,-0.928,0.0299999999999999,0.081,1.0,0.63,269.0,271.0,272.0,272.0,0.818,271.0,0.7909999999999999,271.2,0.8359999999999999,270.3,0.003,13.7,2.0,3.0,0.0,19.52,0.0,-0.95,0.0,-0.009,-0.011,-0.004,0.0,0.0,-0.0069999999999999,0.0,0.0139999999999999,0.522,-0.01,-0.124,0.2789999999999999,0.0,17.8,17.81,17.96,41.83,17.86,17.76,18.09,0.0,0.0,0.0,0.0,0.0,0.0,0.0,0.0,0.0,0.0,0.0,0.0,0.0,226.0,225.5,0.0,0.0,0.0,0.0,0.0,0.0,59.96,6000.0,-1.6,-0.2,2.0,0.0,0.2,0.2,0.111,18.04,18.05,17.84,17.98,18.1,17.87,17.52,18.05,18.07,18.11,17.89,18.16,18.91,18.9,25.0,26.0,34.0,17.66,0.0,243.7,28.9,2.0,3.521,-1.0,2.272,3.2,4903
2015-12-24 07:28:00,0.0,0.0,0.0,0.0,0.0,0.0,-1.0,289734.0,16.0,0.0,75.59999999999998,59.5,60.0,-0.103,9461.0,1373.0,1378.0,298566.0,-0.0749999999999999,-0.04,0.052,-0.928,0.0299999999999999,0.081,1.0,0.6119999999999999,269.0,271.0,272.0,272.1,0.818,271.0,0.7909999999999999,271.1,0.8359999999999999,270.4,-0.002,13.46,2.0,1.0,0.0,19.52,0.0,-0.7329999999999999,0.0,-0.008,-0.01,-0.003,0.001,0.0,-0.006,0.001,0.1969999999999999,0.6779999999999999,-0.01,0.155,0.2789999999999999,0.001,17.82,17.81,17.96,64.85,17.86,17.76,18.1,0.001,0.0,0.0,0.0,0.0,0.0,0.0,0.0,0.0,0.0,0.0,0.0,0.0,235.4,234.8,0.0,0.0,0.0,0.0,0.0,0.0,59.97,6000.0,-1.567,-0.2,2.0,0.0,0.2,0.2,0.114,18.05,18.04,17.83,17.98,18.09,17.86,17.52,18.05,18.06,18.12,17.89,18.15,18.88,18.91,25.0,26.0,34.0,17.64,0.0,317.1,55.06,2.0,3.519,-1.0,1.852,4.3,4903
2015-12-24 07:29:00,0.0,0.0,0.0,0.0,0.0,0.0,-1.0,289734.0,16.0,0.0,75.59999999999998,59.5,60.0,-0.1019999999999999,9461.0,1373.0,1378.0,298566.0,-0.0749999999999999,-0.0379999999999999,0.0579999999999999,-0.927,0.0299999999999999,0.081,1.0,0.6129999999999999,269.0,271.0,272.0,272.0,0.818,271.1,0.7909999999999999,271.2,0.8359999999999999,270.6,0.008,13.7,2.0,3.0,0.0,19.52,0.0,-0.567,0.0,-0.0069999999999999,-0.01,-0.002,0.001,0.0,-0.005,0.002,0.01,0.56,-0.0069999999999999,0.008,0.2789999999999999,0.001,17.82,17.86,17.96,5.947,17.86,17.76,18.11,0.001,-0.001,0.001,0.0,0.0,0.0,0.0,0.0,0.0,0.0,0.0,0.0,0.0,240.1,239.5,0.0,0.0,0.0,0.0,0.0,0.0,59.97,6000.0,-1.4169999999999998,-0.2,2.0,0.0,0.2,0.2,0.13,18.05,18.04,17.83,17.98,18.08,17.89,17.52,18.05,18.05,18.12,17.89,18.15,18.86,18.87,25.0,26.0,34.0,17.65,0.0,200.1,58.28,2.0,3.521,-1.0,2.383,4.8,4903
2015-12-24 07:30:00,0.0,0.0,0.0,0.0,0.0,0.0,-1.0,289734.0,16.0,0.0,75.59999999999998,59.5,60.0,-0.1,9461.0,1373.0,1378.0,298566.0,-0.0749999999999999,-0.0449999999999999,0.0749999999999999,-0.927,0.0299999999999999,0.081,1.0,0.5849999999999999,269.0,271.0,272.0,272.0,0.818,271.2,0.7909999999999999,271.2,0.8359999999999999,270.4,0.003,13.7,2.0,3.0,0.0,19.53,0.0,-0.467,0.0,-0.005,-0.009,-0.001,0.002,0.003,-0.004,0.002,0.0509999999999999,0.745,-0.0069999999999999,0.009,0.2789999999999999,0.0,17.8,17.82,17.96,37.78,17.86,17.76,18.11,0.0,-0.001,0.001,0.0,0.0,0.0,0.0,0.0,0.0,0.0,0.0,0.0,0.0,250.7,250.1,0.0,0.0,0.0,0.0,0.0,0.0,59.96,6000.0,-1.467,-0.2,2.0,0.0,0.2,0.2,0.262,18.05,18.03,17.84,17.98,18.09,17.88,17.53,18.05,18.05,18.12,17.88,18.15,18.83,18.78,25.0,26.0,34.0,17.65,0.0,194.9,29.97,2.0,3.519,-1.0,2.015,4.1,4903
2015-12-24 07:31:00,0.0,0.0,0.0,0.0,0.0,0.0,-1.0,289734.0,16.0,0.0,75.59999999999998,59.5,60.0,-0.1,9461.0,1373.0,1378.0,298566.0,-0.0749999999999999,-0.05,0.0529999999999999,-0.927,0.0299999999999999,0.081,1.0,0.5969999999999999,269.0,271.0,272.0,272.0,0.818,271.0,0.7909999999999999,271.0,0.8359999999999999,270.0,0.003,13.7,2.0,3.0,0.0,19.54,0.0,-0.3829999999999999,0.0,-0.004,-0.0069999999999999,-0.001,0.003,0.003,-0.002,0.003,0.259,0.7979999999999999,-0.0069999999999999,0.0069999999999999,0.2789999999999999,0.0,17.8,17.82,17.96,48.79,17.86,17.76,18.08,0.001,-0.001,0.001,0.0,0.0,0.0,0.0,0.0,0.0,0.0,0.0,0.0,0.0,260.9,260.3,0.0,0.0,0.0,0.0,0.0,0.0,59.95,6000.0,-1.6669999999999998,-0.2,2.0,0.0,0.2,0.2,0.2849999999999999,18.06,18.02,17.84,17.98,18.04,17.88,17.53,18.05,18.05,18.11,17.88,18.15,18.79,18.72,25.0,26.0,34.0,17.64,0.0,194.8,25.33,2.0,3.519,-1.0,1.743,4.3,4903
2015-12-24 07:32:00,0.0,0.0,0.0,0.0,0.0,0.0,-1.0,289734.0,16.0,0.0,75.59999999999998,59.5,60.0,-0.103,9461.0,1373.0,1378.0,298566.0,-0.0749999999999999,-0.035,0.0429999999999999,-0.927,0.0299999999999999,0.081,1.0,0.5929999999999999,269.0,271.0,272.0,272.0,0.818,271.0,0.7909999999999999,271.0,0.8359999999999999,270.0,0.003,13.7,2.0,3.0,0.0,19.55,0.0,-0.217,0.0,-0.004,-0.005,0.0,0.004,0.003,-0.002,0.004,0.4249999999999999,0.967,-0.005,0.006,0.2789999999999999,0.0,17.78,17.81,17.96,69.8,17.86,17.76,18.06,0.001,0.0,0.0,0.0,0.0,0.0,0.0,0.0,0.0,0.0,0.0,0.0,0.0,269.9,269.2,0.0,0.0,0.0,0.0,0.0,0.0,59.95,6000.0,-1.65,-0.2,2.0,0.0,0.2,0.2,0.362,18.06,18.02,17.84,17.99,18.05,17.89,17.53,18.04,18.05,18.11,17.87,18.16,18.77,18.74,25.0,26.0,34.0,17.64,0.0,247.3,37.93,2.0,3.519,-1.0,2.535,4.9,4903
2015-12-24 07:33:00,0.0,0.0,0.0,0.0,0.0,0.0,-1.0,289734.0,16.0,0.0,75.59999999999998,59.5,60.0,-0.1019999999999999,9461.0,1373.0,1378.0,298566.0,-0.0749999999999999,-0.0379999999999999,0.068,-0.927,0.0299999999999999,0.081,1.0,0.5829999999999999,269.0,271.0,272.0,272.0,0.818,271.0,0.7909999999999999,271.0,0.8359999999999999,270.0,0.003,13.7,2.0,3.0,0.0,19.55,-0.003,-0.05,0.0,-0.002,-0.003,0.002,0.006,0.005,-0.001,0.005,0.674,1.156,-0.003,0.321,0.2789999999999999,0.0,17.78,17.85,17.96,282.7,17.86,17.76,18.11,0.001,-0.001,0.001,0.0,0.0,0.0,0.0,0.0,0.0,0.0,0.0,0.0,0.0,282.8,282.1,0.0,0.0,0.0,0.0,0.0,0.0,59.97,6000.0,-1.5830000000000002,-0.2,2.0,0.0,0.2,0.2,0.451,18.07,18.03,17.84,17.99,18.05,17.88,17.53,18.05,18.05,18.12,17.89,18.15,18.8,18.73,25.0,26.0,34.0,17.63,0.0,254.7,42.78,2.0,3.519,-1.0,2.075,3.8,4903
2015-12-24 07:34:00,0.0,0.0,0.0,0.0,0.0,0.0,-1.0,289734.0,16.0,0.0,75.59999999999998,59.5,60.0,-0.1,9461.0,1373.0,1378.0,298566.0,-0.0749999999999999,-0.042,0.0579999999999999,-0.927,0.0299999999999999,0.081,1.0,0.5999999999999999,269.0,271.0,272.0,272.0,0.818,271.0,0.7909999999999999,271.0,0.8359999999999999,270.0,0.002,13.4,2.0,1.0,0.0,19.55,-0.032,-0.1,0.0,0.001,-0.003,0.004,0.0069999999999999,0.0069999999999999,0.003,0.0069999999999999,0.574,1.178,-0.001,0.54,0.28,0.001,17.78,17.78,17.96,32.08,17.86,17.76,18.13,0.001,0.0,0.0,0.0,0.0,0.0,0.0,0.0,0.0,0.0,0.0,0.0,0.0,294.4,293.7,0.0,0.0,0.0,0.0,0.0,0.0,59.96,6000.0,-1.467,-0.2,2.0,0.0,0.2,0.2,0.6729999999999999,18.08,18.03,17.84,17.99,18.04,17.89,17.53,18.06,18.06,18.13,17.89,18.16,18.78,18.69,25.0,26.0,34.0,17.63,0.0,287.5,51.52,2.0,3.519,-1.0,1.913,3.7,4903
2015-12-24 07:35:00,0.0,0.0,0.0,0.0,0.0,0.0,-1.0,289734.0,16.0,0.0,75.59999999999998,59.5,60.0,-0.105,9461.0,1373.0,1378.0,298566.0,-0.0749999999999999,-0.04,0.04,-0.927,0.0299999999999999,0.081,1.0,0.5979999999999999,269.0,271.0,272.0,272.0,0.818,271.0,0.7909999999999999,271.0,0.8359999999999999,270.0,0.004,13.7,2.0,3.0,0.0,19.55,-0.0429999999999999,-0.017,0.0,0.003,0.0,0.006,0.009,0.009,0.004,0.009,0.7419999999999999,1.425,0.0,0.512,0.2789999999999999,0.0,17.81,17.84,17.96,84.29999999999998,17.86,17.76,18.14,0.001,-0.001,0.0,0.0,0.0,0.0,0.0,0.0,0.0,0.0,0.0,0.0,0.0,301.8,301.1,0.0,0.0,0.0,0.0,0.0,0.0,59.95,6000.0,-1.483,-0.2,2.0,0.0,0.2,0.2,0.79,18.08,18.02,17.84,17.99,18.04,17.88,17.53,18.06,18.06,18.13,17.9,18.15,18.79,18.72,25.0,26.0,34.0,17.63,0.0,241.6,62.25,2.0,3.519,-1.0,2.455,4.7,4903
2015-12-24 07:36:00,0.0,0.0,0.0,0.0,0.0,0.0,-1.0,289734.0,16.0,0.0,75.59999999999998,59.5,60.0,-0.1,9461.0,1373.0,1378.0,298566.0,-0.0749999999999999,-0.0449999999999999,0.063,-0.927,0.0299999999999999,0.081,1.0,0.6119999999999999,270.7,272.3,273.3,273.7,0.818,272.7,0.7909999999999999,272.7,0.8359999999999999,271.7,0.003,13.7,2.0,3.0,0.0,19.55,-0.0379999999999999,-0.017,0.0,0.004,0.003,0.008,0.011,0.012,0.0069999999999999,0.012,1.022,1.536,0.004,0.895,0.2789999999999999,0.0,17.82,17.86,17.96,75.56999999999998,17.86,17.76,18.13,0.001,-0.001,0.001,-0.001,0.0,0.0,0.0,0.0,0.0,0.0,0.0,0.0,0.0,311.4,310.7,0.0,0.0,0.0,0.0,0.0,0.0,59.95,6000.0,-1.517,-0.2,2.0,0.0,0.2,0.2,1.068,18.09,18.02,17.84,17.99,18.05,17.87,17.54,18.06,18.06,18.13,17.9,18.16,18.77,18.74,25.0,26.0,34.0,17.64,0.0,218.8,31.35,2.0,3.519,-1.0,3.137,4.9,4903
2015-12-24 07:37:00,0.0,0.0,0.0,0.0,0.0,0.0,-1.0,289734.0,16.0,0.0,75.59999999999998,59.5,60.0,-0.1,9461.0,1373.0,1378.0,298566.0,-0.0749999999999999,-0.042,0.068,-0.926,0.031,0.081,1.0,0.6049999999999999,270.8,272.1,273.1,274.0,0.818,272.8,0.7909999999999999,272.6,0.8359999999999999,272.0,0.003,13.7,2.0,3.0,0.0,19.55,-0.0279999999999999,0.0,0.0,0.009,0.0069999999999999,0.011,0.0139999999999999,0.0149999999999999,0.009,0.0139999999999999,1.379,1.899,0.008,1.212,0.2789999999999999,0.0,17.81,17.86,17.96,88.59999999999998,17.86,17.76,18.16,0.001,0.0,0.0,-0.001,0.0,0.0,0.0,0.0,0.0,0.0,0.0,0.0,0.0,319.2,318.5,0.0,0.0,0.0,0.0,0.0,0.0,59.95,6000.0,-1.6669999999999998,-0.2,2.0,0.0,0.2,0.2,1.376,18.1,18.02,17.84,18.0,18.07,17.89,17.54,18.07,18.07,18.14,17.91,18.16,18.77,18.75,25.0,26.0,34.0,17.64,0.0,219.2,46.68,2.0,3.521,-1.0,2.49,5.0,4903
2015-12-24 07:38:00,0.0,0.0,0.0,0.0,0.0,0.0,-1.0,289734.0,16.0,0.0,75.59999999999998,59.5,60.0,-0.1019999999999999,9461.0,1373.0,1378.0,298566.0,-0.0749999999999999,-0.04,0.05,-0.926,0.031,0.081,1.0,0.6019999999999999,271.0,272.5,273.5,274.0,0.818,273.0,0.7909999999999999,272.9,0.8359999999999999,272.0,0.003,13.7,2.0,3.0,0.0,19.55,-0.047,0.0,0.0,0.01,0.008,0.012,0.0139999999999999,0.0149999999999999,0.009,0.0139999999999999,1.405,1.978,0.008,1.132,0.2789999999999999,0.0,17.78,17.86,17.96,21.15,17.86,17.76,18.16,0.0,0.0,0.0,0.0,0.0,0.0,0.0,0.0,0.0,0.0,0.0,0.0,0.0,319.0,318.3,0.0,0.0,0.0,0.0,0.0,0.0,59.96,6000.0,-1.517,-0.2,2.0,0.0,0.2,0.2,1.352,18.09,18.02,17.85,18.0,18.06,17.88,17.55,18.07,18.07,18.13,17.9,18.17,18.76,18.77,25.0,26.0,34.0,17.65,0.0,221.0,53.39,2.0,3.519,-1.0,1.7819999999999998,3.9,4903
2015-12-24 07:39:00,0.0,0.0,0.0,0.0,0.0,0.0,-1.0,289734.0,16.0,0.0,75.59999999999998,59.5,60.0,-0.1,9461.0,1373.0,1378.0,298566.0,-0.0749999999999999,-0.042,0.067,-0.926,0.031,0.081,1.0,0.5899999999999999,270.9,272.2,273.2,273.9,0.818,272.9,0.7909999999999999,272.7,0.8359999999999999,272.0,0.019,13.57,2.0,1.0,0.0,19.55,-0.0379999999999999,0.0,0.0,0.01,0.009,0.011,0.0139999999999999,0.0149999999999999,0.009,0.0139999999999999,1.686,2.185,0.0069999999999999,1.409,0.278,0.001,17.76,17.86,17.96,72.59999999999998,17.86,17.76,18.11,0.0,-0.001,0.001,0.0,0.0,0.0,0.0,0.0,0.0,0.0,0.0,0.0,0.0,319.6,318.8,0.0,0.0,0.0,0.0,0.0,0.0,59.97,6000.0,-1.517,-0.2,2.0,0.0,0.2,0.2,1.425,18.09,18.03,17.86,18.0,18.06,17.89,17.55,18.08,18.07,18.13,17.91,18.17,18.74,18.72,25.0,26.0,34.0,17.65,0.0,217.2,24.35,2.0,3.519,-1.0,2.52,4.0,4903
2015-12-24 07:40:00,0.0,0.0,0.0,0.0,0.0,0.0,-1.0,289734.0,16.0,0.0,75.59999999999998,59.5,60.0,-0.1019999999999999,9461.0,1373.0,1378.0,298566.0,-0.0749999999999999,-0.05,0.057,-0.926,0.031,0.081,1.0,0.5799999999999998,270.9,272.2,273.2,274.0,0.818,273.0,0.7909999999999999,272.6,0.8359999999999999,272.0,-0.013,13.57,2.0,1.0,0.0,19.56,-0.0449999999999999,0.0,0.0,0.01,0.01,0.012,0.0139999999999999,0.016,0.01,0.0149999999999999,1.524,2.027,0.009,1.399,0.28,0.001,17.78,17.86,17.96,-0.121,17.86,17.76,18.14,0.0,0.0,0.001,-0.001,0.0,0.0,0.0,0.0,0.0,0.0,0.0,0.0,0.0,322.4,321.5,0.0,0.0,0.0,0.0,0.0,0.0,59.96,6000.0,-1.533,-0.2,2.0,0.0,0.2,0.2,1.567,18.1,18.03,17.86,18.02,18.07,17.89,17.56,18.08,18.08,18.13,17.91,18.17,18.75,18.72,25.0,26.0,34.0,17.66,0.0,211.3,37.05,2.0,3.517,-1.0,3.168,5.2,4903
2015-12-24 07:41:00,0.0,0.0,0.0,0.0,0.0,0.0,-1.0,289734.0,16.0,0.0,75.59999999999998,59.5,60.0,-0.1019999999999999,9461.0,1373.0,1378.0,298566.0,-0.0749999999999999,-0.042,0.0379999999999999,-0.926,0.031,0.081,1.0,0.6019999999999999,270.8,272.3,273.3,274.0,0.818,272.9,0.7909999999999999,272.6,0.8359999999999999,272.0,0.003,13.7,2.0,3.0,0.0,19.57,-0.048,0.0,0.0,0.0149999999999999,0.013,0.0149999999999999,0.018,0.019,0.013,0.018,1.912,2.475,0.013,1.804,0.2789999999999999,0.0,17.78,17.86,17.96,66.04,17.86,17.76,18.1,0.0,-0.001,0.0,-0.001,0.0,0.0,0.0,0.0,0.0,0.0,0.0,0.0,0.0,329.3,328.5,0.0,0.0,0.0,0.0,0.0,0.0,59.95,6000.0,-1.6,-0.2,2.0,0.0,0.2,0.2,2.019,18.1,18.04,17.87,18.02,18.08,17.9,17.57,18.09,18.08,18.14,17.92,18.18,18.77,18.77,25.0,26.0,34.0,17.67,0.0,253.1,36.24,2.0,3.519,-1.0,1.7819999999999998,3.5,4903
2015-12-24 07:42:00,0.0,0.0,0.0,0.0,0.0,0.0,-1.0,289734.0,16.0,0.0,75.59999999999998,59.5,60.0,-0.1019999999999999,9461.0,1373.0,1378.0,298566.0,-0.0749999999999999,-0.0449999999999999,0.062,-0.926,0.031,0.081,1.0,0.6019999999999999,271.0,272.5,273.5,274.0,0.818,273.0,0.7909999999999999,272.9,0.8359999999999999,272.0,0.003,13.7,2.0,3.0,0.0,19.57,-0.08,0.0,0.0,0.017,0.016,0.017,0.02,0.02,0.0139999999999999,0.019,2.036,2.543,0.0139999999999999,2.036,0.2789999999999999,0.0,17.8,17.86,18.04,35.06,17.87,17.76,18.14,0.0,-0.001,0.001,0.0,0.0,0.0,0.0,0.0,0.0,0.0,0.0,0.0,0.0,331.6,330.8,0.0,0.0,0.0,0.0,0.0,0.0,59.96,6000.0,-1.383,-0.2,2.0,0.0,0.2,0.2,2.219,18.11,18.05,17.87,18.03,18.1,17.9,17.57,18.1,18.09,18.15,17.92,18.18,18.77,18.75,25.0,26.0,34.0,17.68,0.0,220.5,52.44,2.0,3.519,-1.0,1.4680000000000002,3.6,4903
2015-12-24 07:43:00,0.0,0.0,0.0,0.0,0.0,0.0,-1.0,289734.0,16.0,0.0,75.59999999999998,59.5,60.0,-0.1,9461.0,1373.0,1378.0,298566.0,-0.0749999999999999,-0.0449999999999999,0.0819999999999999,-0.926,0.031,0.081,1.0,0.6029999999999999,271.0,272.4,273.5,274.0,0.818,273.0,0.7909999999999999,273.0,0.8359999999999999,272.0,0.003,13.7,2.0,3.0,0.0,19.57,-0.0749999999999999,0.0,0.0,0.02,0.019,0.021,0.024,0.026,0.017,0.023,2.612,3.139,0.02,2.504,0.2789999999999999,0.0,17.79,17.86,18.04,62.09,17.88,17.76,18.16,0.001,-0.001,0.001,0.0,0.0,0.0,0.0,0.0,0.0,0.0,0.0,0.0,0.0,337.1,336.2,0.0,0.0,0.0,0.0,0.0,0.0,59.97,6000.0,-1.5,-0.2,2.0,0.0,0.2,0.2,2.758,18.11,18.05,17.87,18.03,18.1,17.9,17.57,18.11,18.1,18.16,17.94,18.19,18.74,18.71,25.0,26.0,34.0,17.68,0.0,268.3,35.8,2.0,3.519,-1.0,2.013,3.1,4903
2015-12-24 07:44:00,0.0,0.0,0.0,0.0,0.0,0.0,-1.0,289734.0,16.0,0.0,75.59999999999998,59.5,60.0,-0.103,9461.0,1373.0,1378.0,298566.0,-0.0749999999999999,-0.0379999999999999,0.047,-0.927,0.031,0.081,1.0,0.6099999999999999,271.0,272.6,273.6,274.0,0.818,273.0,0.7909999999999999,273.0,0.8359999999999999,272.0,0.003,13.7,2.0,3.0,0.0,19.57,-0.078,0.0,0.0,0.0289999999999999,0.0279999999999999,0.0289999999999999,0.032,0.035,0.024,0.031,3.694,4.189,0.0299999999999999,3.618,0.2789999999999999,0.0,17.76,17.86,18.05,54.65,17.96,17.76,18.14,0.0,-0.001,0.0,-0.001,0.0,0.0,0.0,0.0,0.0,0.0,0.0,0.0,0.0,345.3,344.4,0.0,0.0,0.0,0.0,0.0,0.0,59.96,6000.0,-1.533,-0.2,2.0,0.0,0.2,0.2,3.779,18.13,18.07,17.88,18.04,18.13,17.91,17.58,18.11,18.1,18.17,17.95,18.2,18.74,18.71,25.0,26.0,34.0,17.68,0.0,300.4,35.67,2.0,3.521,-1.0,2.515,3.5,4903
2015-12-24 07:45:00,0.0,0.0,0.1669999999999999,0.0,0.083,0.0,-1.0,289734.0,16.0,0.0,75.59999999999998,59.5,60.0,-0.165,9461.0,1373.0,1378.0,298566.0,-0.1409999999999999,0.017,0.178,-0.7299999999999999,-0.037,0.2,1.0,0.6119999999999999,271.0,272.7,273.7,274.0,0.818,273.0,0.7909999999999999,272.9,0.8359999999999999,272.0,0.003,13.46,2.0,1.0,0.0,19.57,-0.138,64.18,0.0,0.025,0.025,0.025,0.0279999999999999,0.031,0.021,0.0279999999999999,3.386,3.845,0.026,3.2910000000000004,0.2789999999999999,0.001,17.8,17.86,18.04,20.86,17.96,17.76,18.12,0.008,0.006,0.008,0.005,0.0,0.0,0.0,0.0,0.002,0.002,0.002,0.001,0.0,341.5,341.6,0.0,0.0,0.0,0.0,0.0,0.0,59.95,6000.0,-1.517,-0.22,2.5333330000000003,0.307,0.445,0.375,3.422,18.13,18.07,17.87,18.05,18.15,17.91,17.59,18.13,18.11,18.18,17.96,18.2,18.75,18.71,25.0,26.0,34.0,17.69,0.0,262.2,32.83,2.0,3.521,-1.0,1.928,3.5,4903
2015-12-24 07:46:00,0.0,0.0,1.0,0.0,0.0,1.0,-1.0,289734.0,16.0,0.0,75.59999999999998,59.5,60.0,-0.2979999999999999,9461.0,1373.0,1378.0,298566.0,-0.22,-0.1669999999999999,0.7299999999999999,-0.6809999999999999,0.2349999999999999,0.322,1.0,0.5999999999999999,271.0,272.6,273.6,274.0,0.818,273.0,0.7909999999999999,273.0,0.8359999999999999,272.0,0.003,13.7,2.0,3.0,0.0,19.57,-0.083,284.0,0.0,0.033,0.033,0.032,0.036,0.04,0.0279999999999999,0.035,4.255,4.775,0.035,4.208,0.2789999999999999,0.0,17.79,17.86,18.05,60.35,17.96,17.76,18.16,0.228,0.2269999999999999,0.228,0.17,0.0,0.0,0.0,0.0,0.065,0.065,0.065,0.049,0.0,284.7,284.0,0.0,0.0,0.0,0.0,0.0,0.0,59.95,6000.0,-0.4,-0.2999999999999999,7.0,1.255,1.1,1.2,4.393,18.13,18.07,17.88,18.05,18.12,17.92,17.59,18.14,18.12,18.19,17.97,18.21,18.74,18.69,25.0,26.0,34.0,17.7,0.0,250.6,23.91,2.0,3.519,-1.0,1.818,3.5,4903
2015-12-24 07:47:00,0.0,0.0,1.0,0.083,0.2,0.7329999999999999,-1.0,289734.0,16.0,0.0,75.59999999999998,59.5,60.0,-0.2999999999999999,9461.0,1373.0,1378.0,298566.0,-0.257,-0.11,0.7299999999999999,-0.757,0.218,0.34,1.0,0.5979999999999999,271.0,272.8,273.8,274.0,0.818,273.0,0.7909999999999999,273.0,0.8359999999999999,272.0,0.003,13.7,2.0,3.0,0.0,19.57,-0.12,284.0,0.0,0.0279999999999999,0.0279999999999999,0.0279999999999999,0.032,0.035,0.024,0.031,3.672,4.1610000000000005,0.0289999999999999,3.551,0.2789999999999999,0.0,17.84,17.86,18.05,52.8,17.96,17.83,18.16,0.191,0.19,0.19,0.1419999999999999,0.0,0.0,0.0,0.0,0.054,0.054,0.054,0.04,0.0,284.6,284.0,0.0,0.0,0.0,0.0,0.0,0.0,59.95,6000.0,-0.7329999999999999,-0.2999999999999999,7.0,1.298,1.1,1.168,3.774,18.14,18.08,17.89,18.06,18.14,17.93,17.6,18.14,18.12,18.19,17.97,18.21,18.72,18.71,25.63,26.0,34.0,17.7,0.0,265.7,25.34,2.0,3.521,-1.0,2.357,4.6,4903
2015-12-24 07:48:00,0.0,0.0,1.0,0.267,0.4829999999999999,0.717,-1.0,289734.0,16.0,0.0,75.59999999999998,59.5,60.0,-0.2999999999999999,9461.0,1373.0,1378.0,298566.0,-0.2789999999999999,-0.135,0.748,-0.7909999999999999,0.216,0.3539999999999999,1.0,0.5969999999999999,271.0,273.0,274.0,274.0,0.818,273.0,0.7909999999999999,273.0,0.8359999999999999,272.0,0.003,13.7,2.0,3.0,0.0,19.57,-0.158,284.0,0.0,0.024,0.024,0.025,0.0279999999999999,0.032,0.021,0.027,3.306,3.822,0.026,3.2,0.2789999999999999,0.0,17.89,17.86,18.05,34.62,17.96,17.84,18.14,0.173,0.171,0.1719999999999999,0.128,0.0,0.0,0.0,0.0,0.049,0.049,0.049,0.036,0.0,284.6,284.0,0.0,0.0,0.0,0.0,0.0,0.0,59.95,6000.0,-0.967,-0.2999999999999999,7.0,1.3,1.1,1.177,3.482,18.15,18.09,17.89,18.06,18.15,17.94,17.6,18.15,18.13,18.19,17.99,18.22,18.76,18.76,26.0,26.0,34.0,17.71,0.0,260.9,37.53,2.0,3.519,-1.0,3.0,6.0,4903
2015-12-24 07:49:00,0.0,0.0,1.0,0.017,0.017,1.0,-1.0,289734.0,16.0,0.0,75.59999999999998,59.5,60.0,-0.2999999999999999,9461.0,1373.0,1378.0,298566.0,-0.259,-0.185,0.7429999999999999,-0.7099999999999999,0.256,0.3639999999999999,1.0,0.6019999999999999,271.0,273.0,274.0,274.0,0.818,273.0,0.7909999999999999,273.0,0.8359999999999999,272.0,0.003,13.7,2.0,3.0,0.0,19.57,-0.157,284.0,0.0,0.027,0.027,0.0279999999999999,0.031,0.034,0.024,0.0289999999999999,3.648,4.151,0.0299999999999999,3.591,0.2789999999999999,0.0,17.86,17.88,18.05,48.52,17.96,17.86,18.16,0.1939999999999999,0.192,0.1939999999999999,0.144,0.0,0.0,0.0,0.0,0.055,0.055,0.055,0.0409999999999999,0.0,284.7,284.0,0.0,0.0,0.0,0.0,0.0,0.0,59.96,6000.0,-0.8499999999999999,-0.2999999999999999,7.0,1.3,1.1,1.2,3.863,18.15,18.09,17.89,18.06,18.16,17.94,17.61,18.16,18.14,18.21,18.0,18.21,18.76,18.73,26.0,26.0,34.0,17.71,0.0,257.6,46.05,2.0,3.521,-1.0,1.4469999999999998,2.4,4903
2015-12-24 07:50:00,0.0,0.0,1.0,0.1669999999999999,0.1669999999999999,1.0,-1.0,289734.0,16.0,0.0,75.59999999999998,59.5,60.0,-0.2899999999999999,9461.0,1373.0,1378.0,298566.0,-0.2019999999999999,-0.1469999999999999,0.755,-0.659,0.23,0.3059999999999999,1.0,0.5979999999999999,271.0,273.0,274.0,274.0,0.818,273.0,0.7909999999999999,273.0,0.8359999999999999,272.0,-0.002,13.53,2.0,1.0,0.0,19.58,-0.08,284.1,0.0,0.035,0.035,0.034,0.0379999999999999,0.042,0.0299999999999999,0.035,4.726,5.166,0.0379999999999999,4.681,0.278,0.001,17.86,17.94,18.05,35.08,17.96,17.86,18.24,0.246,0.245,0.246,0.184,0.0,0.0,0.0,0.0,0.07,0.07,0.07,0.052,0.0,285.0,284.0,0.0,0.0,0.0,0.0,0.0,0.0,59.95,6000.0,-0.5,-0.2999999999999999,7.0,1.227,1.1,1.2,4.761,18.17,18.1,17.89,18.06,18.14,17.94,17.6,18.16,18.13,18.21,18.0,18.22,18.77,18.71,26.0,26.0,34.0,17.72,0.0,213.7,96.1,2.0,3.521,-1.0,0.912,2.4,4903
2015-12-24 07:51:00,0.0,0.0,1.0,0.1669999999999999,0.1669999999999999,1.0,-1.0,289734.0,16.0,0.0,75.59999999999998,59.5,60.0,-0.258,9461.0,1373.0,1378.0,298566.0,-0.185,-0.127,0.7369999999999999,-0.6629999999999999,0.2089999999999999,0.28,1.0,0.5999999999999999,271.0,273.0,274.0,274.0,0.818,273.0,0.7909999999999999,273.0,0.8359999999999999,272.0,0.0069999999999999,13.53,2.0,3.0,0.0,19.59,-0.027,284.6,0.0,0.037,0.0379999999999999,0.035,0.04,0.0449999999999999,0.032,0.0379999999999999,4.772,5.309,0.0409999999999999,4.73,0.2789999999999999,0.001,17.88,17.96,18.05,28.83,17.96,17.86,18.22,0.26,0.258,0.259,0.1939999999999999,0.0,0.0,0.0,0.0,0.074,0.074,0.074,0.055,0.0,285.0,284.0,0.0,0.0,0.0,0.0,0.0,0.0,59.95,6000.0,-0.067,-0.2999999999999999,7.0,1.2,1.1,1.2,5.009,18.18,18.09,17.9,18.07,18.15,17.94,17.61,18.17,18.14,18.22,18.0,18.22,18.74,18.71,26.0,26.0,34.0,17.73,0.0,201.8,52.1,2.0,3.521,-1.0,2.147,4.4,4903
2015-12-24 07:52:00,0.0,0.0,1.0,0.0,0.0,1.0,-1.0,289734.0,16.0,0.0,75.59999999999998,59.5,60.0,-0.192,9461.0,1373.0,1378.0,298566.0,-0.128,-0.1969999999999999,0.78,-0.44,0.26,0.291,1.0,0.5949999999999999,271.0,273.0,274.0,274.0,0.818,273.0,0.7909999999999999,273.0,0.8359999999999999,272.0,0.003,13.7,2.0,3.0,0.0,19.6,0.0,285.0,0.0,0.0449999999999999,0.0459999999999999,0.042,0.047,0.052,0.0379999999999999,0.0449999999999999,5.672999999999999,6.167999999999999,0.049,5.772,0.2789999999999999,0.0,17.86,17.96,18.05,185.5,17.96,17.86,18.24,0.316,0.315,0.316,0.236,0.0,0.0,0.0,0.0,0.0899999999999999,0.0899999999999999,0.0899999999999999,0.067,0.0,285.3,284.2,0.0,0.0,0.0,0.0,0.0,0.0,59.96,6000.0,0.0,-0.2999999999999999,7.0,1.2,1.1,1.258,5.99,18.21,18.11,17.92,18.08,18.17,17.96,17.63,18.18,18.15,18.21,18.01,18.25,18.74,18.76,26.42,26.0,34.0,17.74,0.0,189.3,21.77,2.0,3.519,-1.0,3.088,6.2,4903
2015-12-24 07:53:00,0.0,0.0,0.8329999999999999,0.0,0.0,1.0,-1.0,289734.0,16.0,0.0,75.59999999999998,59.5,60.0,-0.1769999999999999,9461.0,1373.0,1378.0,298566.0,-0.127,-0.218,0.755,-0.4149999999999999,0.27,0.2999999999999999,1.0,0.5969999999999999,271.0,273.0,274.0,274.0,0.818,273.0,0.7909999999999999,273.0,0.8359999999999999,272.0,0.003,13.7,2.0,3.0,0.0,19.6,0.008,284.9,0.0,0.0449999999999999,0.047,0.0429999999999999,0.047,0.0509999999999999,0.0379999999999999,0.0449999999999999,5.776,6.207000000000001,0.049,5.791,0.2789999999999999,0.0,17.88,17.96,18.05,41.92,17.96,17.86,18.26,0.318,0.317,0.318,0.2369999999999999,0.0,0.0,0.0,0.0,0.0909999999999999,0.0899999999999999,0.0909999999999999,0.068,0.0,285.2,284.2,0.0,0.0,0.0,0.0,0.0,0.0,59.96,6000.0,0.0,-0.2999999999999999,7.0,1.185,1.1,1.262,6.017,18.22,18.12,17.94,18.1,18.15,17.97,17.64,18.2,18.17,18.23,18.03,18.26,18.71,18.7,27.0,26.0,34.0,17.74,0.0,235.1,33.62,2.0,3.519,-1.0,2.208,4.1,4903
2015-12-24 07:54:00,0.0,0.0,0.0,0.0,0.0,0.9,-1.0,289734.0,16.0,0.0,75.59999999999998,59.5,60.0,-0.068,9461.0,1373.0,1378.0,298566.0,-0.027,-0.1369999999999999,0.657,-0.113,0.2239999999999999,0.2269999999999999,1.0,0.6099999999999999,270.9,272.8,273.8,274.0,0.818,273.0,0.7909999999999999,273.0,0.8359999999999999,272.0,0.003,13.7,2.0,3.0,0.0,19.6,0.105,295.7,0.0,0.0579999999999999,0.059,0.054,0.057,0.062,0.048,0.055,7.286,7.781,0.062,7.466,0.2789999999999999,0.0,17.86,17.96,18.05,27.82,17.96,17.86,18.21,0.4039999999999999,0.4029999999999999,0.4039999999999999,0.3019999999999999,0.0,0.0,0.0,0.0,0.119,0.119,0.119,0.089,0.0,296.0,294.9,0.0,0.0,0.0,0.0,0.0,0.0,59.95,6000.0,0.0,-0.2999999999999999,7.0,0.983,1.062,1.13,7.663999999999999,18.23,18.13,17.94,18.11,18.15,17.98,17.65,18.2,18.17,18.23,18.03,18.27,18.68,18.69,27.0,26.0,34.0,17.75,0.0,204.3,42.92,2.0,3.519,-1.0,2.26,5.0,4903
2015-12-24 07:55:00,0.0,0.0,0.0,0.0,0.05,1.0,-1.0,289734.0,16.0,0.0,75.59999999999998,59.5,60.0,0.0,9461.0,1373.0,1378.0,298566.0,0.0449999999999999,-0.113,0.633,0.228,0.193,0.1989999999999999,1.0,0.6079999999999999,270.8,272.5,273.6,273.9,0.818,272.9,0.7909999999999999,272.9,0.8359999999999999,272.0,0.003,13.7,2.0,3.0,0.0,19.6,0.192,298.0,0.0,0.064,0.067,0.059,0.066,0.072,0.055,0.064,8.47,8.939999999999998,0.0729999999999999,8.62,0.2789999999999999,0.0,17.99,17.96,18.09,75.20999999999998,17.99,17.86,18.24,0.4639999999999999,0.4629999999999999,0.4639999999999999,0.347,0.0,0.0,0.0,0.0,0.138,0.138,0.138,0.103,0.0,298.2,297.2,0.0,0.0,0.0,0.0,0.0,0.0,59.95,6000.0,0.133,-0.2999999999999999,7.0,0.902,1.1,1.142,8.699999999999998,18.25,18.15,17.96,18.11,18.2,17.98,17.66,18.22,18.19,18.25,18.06,18.28,18.71,18.73,27.0,26.0,34.0,17.76,0.0,202.6,63.9,2.0,3.521,-1.0,1.935,4.5,4903
2015-12-24 07:56:00,0.0,0.0,0.0,0.0,0.0,0.017,-1.0,289734.0,16.0,0.0,75.59999999999998,59.5,60.0,-0.098,9461.0,1373.0,1378.0,298566.0,-0.0749999999999999,-0.035,0.0819999999999999,-0.9,0.036,0.085,1.0,0.6119999999999999,271.0,272.8,273.8,274.0,0.818,273.0,0.7909999999999999,273.0,0.8359999999999999,272.0,0.002,13.52,2.0,1.0,0.0,19.6,-0.253,167.9,0.0,0.05,0.052,0.047,0.0529999999999999,0.057,0.0429999999999999,0.0509999999999999,6.522,6.981,0.055,6.632000000000001,0.2789999999999999,0.001,17.96,17.96,18.15,52.12,18.02,17.86,18.24,0.0,-0.001,0.0,-0.001,0.0,0.0,0.0,0.0,0.0,0.0,0.0,0.0,0.0,356.7,355.6,0.0,0.0,0.0,0.0,0.0,0.0,59.95,6000.0,-1.433,-0.2019999999999999,2.083333,0.023,0.22,0.222,6.555,18.27,18.16,17.97,18.13,18.23,17.98,17.67,18.23,18.19,18.26,18.06,18.3,18.73,18.73,27.0,26.0,34.0,17.78,0.0,304.1,48.54,2.0,3.519,-1.0,2.587,4.8,4903
2015-12-24 07:57:00,0.0,0.0,0.0,0.0,0.0,0.0,-1.0,289734.0,16.0,0.0,75.59999999999998,59.5,60.0,-0.1019999999999999,9461.0,1373.0,1378.0,298566.0,-0.0759999999999999,-0.0379999999999999,0.042,-0.918,0.033,0.0819999999999999,1.0,0.6149999999999999,270.9,272.5,273.5,274.0,0.818,272.9,0.7909999999999999,273.0,0.8359999999999999,272.0,0.003,13.7,2.0,3.0,0.0,19.6,-0.122,39.23,0.0,0.042,0.044,0.0409999999999999,0.0459999999999999,0.049,0.036,0.0429999999999999,5.398,5.795,0.0459999999999999,5.388999999999999,0.2789999999999999,0.0,18.0,17.96,18.15,58.26,18.05,17.93,18.22,0.0,-0.001,0.0,-0.001,0.0,0.0,0.0,0.0,0.0,0.0,0.0,0.0,0.0,354.0,352.9,0.0,0.0,0.0,0.0,0.0,0.0,59.94,6000.0,-1.617,-0.2,2.0,0.0,0.2,0.2,5.605,18.28,18.17,17.97,18.13,18.24,17.98,17.67,18.24,18.2,18.27,18.08,18.29,18.75,18.75,27.0,26.0,34.0,17.79,0.0,284.9,57.74,2.0,3.519,-1.0,1.872,4.5,4903
2015-12-24 07:58:00,0.0,0.0,0.0,0.0,0.0,0.0,-1.0,289734.0,16.0,0.0,75.59999999999998,59.5,60.0,-0.1019999999999999,9461.0,1373.0,1378.0,298566.0,-0.0759999999999999,-0.048,0.047,-0.92,0.032,0.0819999999999999,1.0,0.6069999999999999,271.0,272.7,273.7,274.0,0.818,273.0,0.7909999999999999,273.0,0.8359999999999999,272.0,0.003,13.7,2.0,3.0,0.0,19.6,-0.1,8.929999999999998,0.0,0.05,0.052,0.048,0.0529999999999999,0.0559999999999999,0.042,0.0509999999999999,6.303,6.821000000000001,0.054,6.374,0.2789999999999999,0.0,17.97,17.96,18.15,177.8,18.05,17.96,18.2,-0.001,-0.001,0.0,-0.001,0.0,0.0,0.0,0.0,0.0,0.0,0.0,0.0,0.0,357.7,356.7,0.0,0.0,0.0,0.0,0.0,0.0,59.97,6000.0,-1.65,-0.2,2.0,0.0,0.2,0.2,6.5360000000000005,18.27,18.17,17.97,18.13,18.22,18.0,17.67,18.24,18.2,18.28,18.08,18.29,18.77,18.77,27.0,26.0,34.0,17.8,0.0,219.1,43.25,2.0,3.521,-1.0,1.628,3.3,4903
2015-12-24 07:59:00,0.0,0.0,0.0,0.0,0.0,0.0,-1.0,289734.0,16.0,0.0,75.59999999999998,59.5,60.0,-0.1019999999999999,9461.0,1373.0,1378.0,298566.0,-0.0759999999999999,-0.042,0.08,-0.92,0.032,0.0819999999999999,1.0,0.6079999999999999,270.9,272.5,273.6,274.0,0.818,273.0,0.7909999999999999,273.0,0.8359999999999999,272.0,0.003,13.7,2.0,3.0,0.0,19.6,-0.1,1.833,0.0,0.0449999999999999,0.047,0.0429999999999999,0.049,0.0529999999999999,0.039,0.047,5.837999999999999,6.359,0.05,5.855,0.2789999999999999,0.0,17.99,17.97,18.15,46.07,18.05,17.96,18.22,0.0,-0.001,0.0,0.0,0.0,0.0,0.0,0.0,0.0,0.0,0.0,0.0,0.0,355.9,355.0,0.0,0.0,0.0,0.0,0.0,0.0,59.97,6000.0,-1.533,-0.2,2.0,0.0,0.2,0.2,6.011,18.27,18.18,17.97,18.13,18.24,18.0,17.68,18.25,18.21,18.28,18.09,18.3,18.76,18.78,27.0,26.0,34.0,17.82,0.0,244.8,65.22,2.0,3.519,-1.0,2.075,3.8,4903
2015-12-24 08:00:00,0.0,0.0,0.0,0.0,0.0,0.0,-1.0,289734.0,16.0,0.0,75.59999999999998,59.5,60.0,-0.1019999999999999,9461.0,1373.0,1378.0,298566.0,-0.0759999999999999,-0.02,0.0429999999999999,-0.92,0.032,0.0819999999999999,1.0,0.623,270.9,272.6,273.6,274.0,0.818,272.9,0.7909999999999999,273.0,0.8359999999999999,272.0,0.003,13.7,2.0,3.0,0.0,19.6,-0.1,0.183,0.0,0.05,0.052,0.048,0.052,0.0559999999999999,0.044,0.05,6.379,6.933,0.054,6.538,0.2789999999999999,0.0,17.97,18.01,18.15,19.62,18.05,17.96,18.27,0.0,-0.001,0.0,-0.001,0.0,0.0,0.0,0.0,0.0,0.0,0.0,0.0,0.0,358.1,357.1,0.0,0.0,0.0,0.0,0.0,0.0,59.96,6000.0,-1.45,-0.2,2.0,0.0,0.2,0.2,6.681,18.28,18.19,17.98,18.15,18.26,18.01,17.68,18.25,18.21,18.28,18.09,18.3,18.8,18.8,27.0,26.0,34.0,17.82,0.0,205.0,50.11,2.0,3.519,-1.0,2.292,4.9,4903
2015-12-24 08:01:00,0.0,0.0,0.0,0.0,0.0,0.0,-1.0,289734.0,16.0,0.0,75.59999999999998,59.5,60.0,-0.1,9461.0,1373.0,1378.0,298566.0,-0.0749999999999999,-0.042,0.055,-0.92,0.032,0.0819999999999999,1.0,0.6149999999999999,270.5,272.1,273.1,273.9,0.818,272.6,0.7909999999999999,272.8,0.8359999999999999,272.0,0.002,13.57,2.0,1.0,0.0,19.6,-0.1,0.0,0.0,0.054,0.0559999999999999,0.052,0.055,0.0579999999999999,0.0459999999999999,0.054,6.874,7.451,0.0579999999999999,7.089,0.2789999999999999,0.001,17.98,18.05,18.15,26.02,18.05,17.96,18.24,0.0,-0.001,0.0,-0.001,0.0,0.0,0.0,0.0,0.0,0.0,0.0,0.0,0.0,359.6,358.7,0.0,0.0,0.0,0.0,0.0,0.0,59.94,6000.0,-1.5,-0.2,2.0,0.0,0.2,0.2,7.062,18.3,18.2,17.99,18.15,18.24,18.03,17.69,18.26,18.23,18.29,18.1,18.32,18.78,18.78,27.0,26.0,34.0,17.83,0.0,186.2,29.59,2.0,3.519,-1.0,2.777,5.0,4903
2015-12-24 08:02:00,0.0,0.0,0.0,0.0,0.0,0.0,-1.0,289734.0,16.0,0.0,75.59999999999998,59.5,60.0,-0.1,9461.0,1373.0,1378.0,298566.0,-0.0759999999999999,-0.0529999999999999,0.0599999999999999,-0.921,0.032,0.0819999999999999,1.0,0.6029999999999999,270.3,272.0,273.0,273.5,0.818,272.1,0.7909999999999999,272.2,0.8359999999999999,271.7,0.004,13.7,2.0,3.0,0.0,19.6,-0.098,0.0,0.0,0.0449999999999999,0.047,0.0429999999999999,0.049,0.052,0.0379999999999999,0.0459999999999999,5.686,6.243,0.049,5.856,0.28,0.0,17.97,18.03,18.15,12.69,18.05,17.96,18.24,0.0,-0.001,0.0,-0.001,0.0,0.0,0.0,0.0,0.0,0.0,0.0,0.0,0.0,355.6,354.6,0.0,0.0,0.0,0.0,0.0,0.0,59.94,6000.0,-1.6669999999999998,-0.2,2.0,0.0,0.2,0.2,5.91,18.28,18.2,18.0,18.16,18.27,18.04,17.7,18.27,18.23,18.28,18.09,18.32,18.77,18.78,27.0,26.0,34.0,17.83,0.0,228.8,68.25,2.0,3.521,-1.0,2.393,5.1,4903
2015-12-24 08:03:00,0.0,0.0,0.0,0.0,0.0,0.0,-1.0,289734.0,16.0,0.0,75.59999999999998,59.5,60.0,-0.103,9461.0,1373.0,1378.0,298566.0,-0.0749999999999999,-0.04,0.065,-0.922,0.032,0.0819999999999999,1.0,0.6129999999999999,270.2,272.0,273.0,273.4,0.818,272.1,0.7909999999999999,272.3,0.8359999999999999,271.6,0.003,13.7,2.0,3.0,0.0,19.6,-0.1,0.0,0.0,0.0459999999999999,0.048,0.0449999999999999,0.049,0.052,0.039,0.0459999999999999,5.863,6.407,0.05,5.954,0.2789999999999999,0.0,17.97,18.02,18.15,28.82,18.05,17.96,18.28,0.0,-0.001,0.0,-0.001,0.0,0.0,0.0,0.0,0.0,0.0,0.0,0.0,0.0,356.2,355.2,0.0,0.0,0.0,0.0,0.0,0.0,59.95,6000.0,-1.6,-0.2,2.0,0.0,0.2,0.2,6.046,18.28,18.21,18.0,18.16,18.3,18.04,17.71,18.27,18.23,18.29,18.1,18.32,18.8,18.81,27.0,26.0,34.0,17.83,0.0,229.9,36.67,2.0,3.519,-1.0,2.763,5.4,4903
2015-12-24 08:04:00,0.0,0.0,0.0,0.0,0.0,0.0,-1.0,289734.0,16.0,0.0,75.59999999999998,59.5,60.0,-0.1,9461.0,1373.0,1378.0,298566.0,-0.0759999999999999,-0.0529999999999999,0.0429999999999999,-0.922,0.032,0.0819999999999999,1.0,0.623,270.4,272.1,273.3,273.8,0.818,272.4,0.7909999999999999,272.8,0.8359999999999999,272.0,0.003,13.7,2.0,3.0,0.0,19.6,-0.1,0.0,0.0,0.035,0.036,0.035,0.04,0.042,0.0299999999999999,0.0379999999999999,4.531000000000001,5.078,0.0379999999999999,4.556,0.2789999999999999,0.0,17.96,18.05,18.15,25.33,18.05,17.96,18.3,0.0,-0.001,0.0,-0.001,0.0,0.0,0.0,0.0,0.0,0.0,0.0,0.0,0.0,349.8,349.0,0.0,0.0,0.0,0.0,0.0,0.0,59.96,6000.0,-1.6,-0.2,2.0,0.0,0.2,0.2,4.594,18.28,18.22,17.99,18.17,18.3,18.03,17.71,18.27,18.23,18.28,18.1,18.32,18.84,18.87,27.0,26.0,34.0,17.84,0.0,233.0,26.2,2.0,3.519,-1.0,2.292,3.7,4903
2015-12-24 08:05:00,0.0,0.0,0.0,0.0,0.0,0.0,-1.0,289734.0,16.0,0.0,75.59999999999998,59.5,60.0,-0.1019999999999999,9461.0,1373.0,1378.0,298566.0,-0.0759999999999999,-0.052,0.068,-0.921,0.032,0.0819999999999999,1.0,0.6169999999999999,270.1,272.0,273.1,273.4,0.818,272.0,0.7909999999999999,272.4,0.8359999999999999,271.6,0.003,13.7,2.0,3.0,0.0,19.6,-0.093,0.0,0.0,0.025,0.025,0.027,0.0299999999999999,0.032,0.023,0.027,3.426,3.976,0.027,3.327,0.2789999999999999,0.0,17.99,18.04,18.15,32.68,18.05,17.96,18.32,0.0,-0.001,0.0,-0.001,0.0,0.0,0.0,0.0,0.0,0.0,0.0,0.0,0.0,343.2,342.3,0.0,0.0,0.0,0.0,0.0,0.0,59.96,6000.0,-1.5,-0.2,2.0,0.0,0.2,0.2,3.518,18.28,18.21,17.99,18.17,18.29,18.04,17.7,18.27,18.24,18.29,18.1,18.32,18.82,18.84,27.0,26.0,34.0,17.83,0.0,209.6,32.58,2.0,3.519,-1.0,2.662,4.6,4903
2015-12-24 08:06:00,0.0,0.0,0.933,0.033,0.1499999999999999,0.767,-1.0,289734.0,16.0,0.0,75.59999999999998,59.5,60.0,-0.3049999999999999,9461.0,1373.0,1378.0,298566.0,-0.3019999999999999,-0.155,0.753,-0.528,0.188,0.471,1.0,0.62,270.1,272.0,273.1,273.3,0.818,272.1,0.7909999999999999,272.4,0.8359999999999999,271.6,0.003,13.7,2.0,3.0,0.0,19.6,-0.228,278.9,0.0,0.024,0.025,0.026,0.0289999999999999,0.031,0.021,0.026,3.437,3.902,0.026,3.43,0.2789999999999999,0.001,17.98,18.04,18.15,26.88,18.05,17.96,18.27,0.1369999999999999,0.135,0.136,0.1009999999999999,0.0,0.0,0.0,0.0,0.039,0.039,0.039,0.0289999999999999,0.0,297.8,296.2,0.0,0.0,0.0,0.0,0.0,0.0,59.97,6000.0,-1.133,-0.288,6.383333,1.38,1.137,1.208,3.41,18.27,18.21,17.98,18.16,18.3,18.02,17.7,18.26,18.22,18.28,18.09,18.31,18.79,18.79,27.0,26.0,34.0,17.82,0.0,206.3,43.82,2.0,3.519,-1.0,1.97,4.2,4903
2015-12-24 08:07:00,0.0,0.0,1.0,0.0,0.0,1.0,-1.0,289734.0,16.0,0.0,75.59999999999998,59.5,60.0,-0.2999999999999999,9461.0,1373.0,1378.0,298566.0,-0.238,-0.22,0.748,-0.654,0.275,0.3639999999999999,1.0,0.6169999999999999,270.2,272.0,273.0,273.3,0.818,272.0,0.7909999999999999,272.4,0.8359999999999999,271.5,0.003,13.5,2.0,3.0,0.0,19.61,-0.123,284.0,0.0,0.0279999999999999,0.0289999999999999,0.0299999999999999,0.033,0.036,0.026,0.0299999999999999,3.925,4.46,0.032,3.929,0.2789999999999999,0.001,17.99,18.04,18.15,25.11,18.05,17.96,18.24,0.214,0.2129999999999999,0.2129999999999999,0.159,0.0,0.0,0.0,0.0,0.0609999999999999,0.0599999999999999,0.0609999999999999,0.0449999999999999,0.0,284.2,283.4,0.0,0.0,0.0,0.0,0.0,0.0,59.96,6000.0,-0.5999999999999999,-0.2999999999999999,7.0,1.31,1.1,1.218,4.102,18.27,18.21,17.98,18.15,18.32,18.02,17.7,18.26,18.23,18.28,18.09,18.31,18.78,18.79,27.0,26.0,34.0,17.82,0.0,215.9,28.8,2.0,3.519,-1.0,3.088,5.1,4903
2015-12-24 08:08:00,0.0,0.0,1.0,0.0,0.0,1.0,-1.0,289734.0,16.0,0.0,75.59999999999998,59.5,60.0,-0.2849999999999999,9461.0,1373.0,1378.0,298566.0,-0.198,-0.263,0.78,-0.529,0.318,0.375,1.0,0.622,270.0,272.0,273.0,273.0,0.818,272.0,0.7909999999999999,272.0,0.8359999999999999,271.0,0.003,13.7,2.0,3.0,0.0,19.62,-0.063,283.9,0.0,0.032,0.035,0.035,0.037,0.0409999999999999,0.0289999999999999,0.034,4.638,5.164,0.0379999999999999,4.735,0.2789999999999999,0.0,17.96,18.04,18.15,50.41,18.05,17.96,18.25,0.252,0.251,0.253,0.188,0.0,0.0,0.0,0.0,0.072,0.0709999999999999,0.072,0.0529999999999999,0.0,284.1,283.4,0.0,0.0,0.0,0.0,0.0,0.0,59.97,6000.0,-0.367,-0.2999999999999999,7.0,1.297,1.098,1.2819999999999998,4.747,18.27,18.21,17.98,18.15,18.3,18.03,17.69,18.26,18.23,18.28,18.09,18.31,18.78,18.79,27.0,26.0,34.0,17.82,0.0,230.1,33.27,2.0,3.519,-1.0,2.232,4.6,4903
2015-12-24 08:09:00,0.0,0.0,1.0,0.0,0.0,1.0,-1.0,289734.0,16.0,0.0,75.59999999999998,59.5,60.0,-0.182,9461.0,1373.0,1378.0,298566.0,-0.125,-0.2269999999999999,0.7369999999999999,-0.412,0.2769999999999999,0.3049999999999999,1.0,0.6099999999999999,270.0,272.0,273.0,273.0,0.818,272.0,0.7909999999999999,272.0,0.8359999999999999,271.0,0.003,13.7,2.0,3.0,0.0,19.62,0.005,284.0,0.0,0.042,0.0449999999999999,0.042,0.047,0.05,0.036,0.044,5.775,6.317,0.048,5.917000000000001,0.2789999999999999,0.0,17.96,18.03,18.15,45.75,18.05,17.96,18.18,0.317,0.317,0.317,0.2369999999999999,0.0,0.0,0.0,0.0,0.0899999999999999,0.0899999999999999,0.0899999999999999,0.067,0.0,284.6,284.0,0.0,0.0,0.0,0.0,0.0,0.0,59.96,6000.0,0.0,-0.2999999999999999,7.0,1.2,1.085,1.25,5.79,18.26,18.22,17.98,18.15,18.29,18.03,17.69,18.26,18.23,18.28,18.09,18.31,18.77,18.77,27.0,26.0,34.0,17.82,0.0,203.5,72.0,2.0,3.519,-1.0,2.31,5.2,4903
2015-12-24 08:10:00,0.0,0.0,1.0,0.183,0.183,1.0,-1.0,289734.0,16.0,0.0,75.59999999999998,59.5,60.0,-0.2969999999999999,9461.0,1373.0,1378.0,298566.0,-0.22,-0.153,0.758,-0.674,0.2399999999999999,0.326,1.0,0.6179999999999999,270.0,272.0,273.0,273.0,0.818,272.0,0.7909999999999999,272.0,0.8359999999999999,271.0,0.003,13.7,2.0,3.0,0.0,19.62,-0.0969999999999999,283.9,0.0,0.0299999999999999,0.032,0.031,0.036,0.0379999999999999,0.025,0.033,4.225,4.756,0.035,4.242,0.2789999999999999,0.0,17.96,18.02,18.15,86.2,18.05,17.96,18.26,0.2269999999999999,0.226,0.2269999999999999,0.1689999999999999,0.0,0.0,0.0,0.0,0.064,0.064,0.064,0.048,0.0,284.1,283.3,0.0,0.0,0.0,0.0,0.0,0.0,59.95,6000.0,-0.5829999999999999,-0.2999999999999999,7.0,1.285,1.1,1.2,4.3180000000000005,18.27,18.23,17.99,18.16,18.34,18.04,17.71,18.26,18.24,18.29,18.09,18.32,18.83,18.84,27.0,26.0,34.0,17.82,0.0,256.4,55.57,2.0,3.519,-1.0,2.27,4.0,4903
2015-12-24 08:11:00,0.0,0.0,1.0,0.05,0.05,1.0,-1.0,289734.0,16.0,0.0,75.59999999999998,59.5,60.0,-0.2999999999999999,9461.0,1373.0,1378.0,298566.0,-0.2289999999999999,-0.1499999999999999,0.7329999999999999,-0.6679999999999999,0.255,0.3429999999999999,1.0,0.6129999999999999,270.0,272.0,273.0,273.0,0.818,272.0,0.7909999999999999,272.0,0.8359999999999999,271.0,0.003,13.7,2.0,3.0,0.0,19.62,-0.093,283.8,0.0,0.0279999999999999,0.0299999999999999,0.0299999999999999,0.034,0.035,0.025,0.032,4.127,4.648,0.032,4.134,0.2789999999999999,0.0,17.96,18.05,18.15,98.1,18.05,17.96,18.32,0.2189999999999999,0.218,0.22,0.1639999999999999,0.0,0.0,0.0,0.0,0.062,0.062,0.062,0.047,0.0,284.0,283.2,0.0,0.0,0.0,0.0,0.0,0.0,59.96,6000.0,-0.65,-0.2999999999999999,7.0,1.3,1.1,1.2,4.246,18.27,18.24,18.0,18.17,18.32,18.04,17.72,18.28,18.26,18.32,18.11,18.33,18.87,18.87,27.93,26.0,34.0,17.83,0.0,227.2,50.04,2.0,3.519,-1.0,2.143,4.9,4903
2015-12-24 08:12:00,0.0,0.0,1.0,0.0,0.0,1.0,-1.0,289734.0,16.0,0.0,75.59999999999998,59.5,60.0,-0.2849999999999999,9461.0,1373.0,1378.0,298566.0,-0.1989999999999999,-0.195,0.7369999999999999,-0.5999999999999999,0.265,0.331,1.0,0.628,270.0,272.0,273.0,273.0,0.818,272.0,0.7909999999999999,272.0,0.8359999999999999,271.0,0.003,13.52,2.0,1.0,0.0,19.63,-0.065,283.8,0.0,0.032,0.034,0.033,0.0379999999999999,0.0379999999999999,0.0279999999999999,0.034,4.719,5.312,0.036,4.827,0.2789999999999999,0.001,17.96,18.05,18.15,33.74,18.07,17.96,18.32,0.249,0.248,0.249,0.186,0.0,0.0,0.0,0.0,0.0709999999999999,0.07,0.0709999999999999,0.0529999999999999,0.0,284.1,283.1,0.0,0.0,0.0,0.0,0.0,0.0,59.96,6000.0,-0.367,-0.2999999999999999,7.0,1.253,1.1,1.2,4.714,18.29,18.25,18.01,18.18,18.36,18.05,17.73,18.29,18.26,18.32,18.12,18.34,18.85,18.87,28.0,26.0,34.0,17.84,0.0,185.8,39.68,2.0,3.519,-1.0,2.585,4.6,4903
2015-12-24 08:13:00,0.0,0.0,1.0,0.1169999999999999,0.1169999999999999,1.0,-1.0,289734.0,16.0,0.0,75.59999999999998,59.5,60.0,-0.238,9461.0,1373.0,1378.0,298566.0,-0.1739999999999999,-0.123,0.7199999999999999,-0.635,0.2129999999999999,0.276,1.0,0.63,270.0,272.0,273.0,273.0,0.818,272.0,0.7909999999999999,272.0,0.8359999999999999,271.0,0.003,13.7,2.0,3.0,0.0,19.63,-0.035,284.0,0.0,0.035,0.037,0.036,0.0409999999999999,0.0409999999999999,0.0299999999999999,0.0379999999999999,4.992,5.557,0.039,5.07,0.2789999999999999,0.0,17.96,18.05,18.15,42.38,18.05,17.96,18.34,0.2689999999999999,0.268,0.2689999999999999,0.201,0.0,0.0,0.0,0.0,0.0759999999999999,0.0759999999999999,0.0759999999999999,0.057,0.0,284.3,283.7,0.0,0.0,0.0,0.0,0.0,0.0,59.95,6000.0,-0.017,-0.2999999999999999,7.0,1.208,1.1,1.192,5.049,18.28,18.25,18.01,18.19,18.35,18.06,17.73,18.29,18.27,18.33,18.12,18.34,18.86,18.88,28.0,26.0,34.0,17.85,0.0,218.9,47.31,2.0,3.521,-1.0,2.052,4.3,4903
2015-12-24 08:14:00,0.0,0.0,1.0,0.183,0.183,1.0,-1.0,289734.0,16.0,0.0,75.59999999999998,59.5,60.0,-0.2069999999999999,9461.0,1373.0,1378.0,298566.0,-0.152,-0.132,0.7349999999999999,-0.5849999999999999,0.211,0.261,1.0,0.627,270.0,272.0,273.0,273.0,0.818,272.0,0.7909999999999999,272.0,0.8359999999999999,271.0,0.003,13.7,2.0,3.0,0.0,19.63,-0.01,284.0,0.0,0.0379999999999999,0.039,0.0379999999999999,0.0429999999999999,0.0429999999999999,0.033,0.0409999999999999,5.32,5.819,0.042,5.405,0.2789999999999999,0.0,17.97,18.05,18.15,40.64,18.05,17.96,18.34,0.2899999999999999,0.288,0.2899999999999999,0.216,0.0,0.0,0.0,0.0,0.0819999999999999,0.0819999999999999,0.0819999999999999,0.0609999999999999,0.0,284.2,283.4,0.0,0.0,0.0,0.0,0.0,0.0,59.95,6000.0,0.0,-0.2999999999999999,7.0,1.2,1.1,1.187,5.393,18.28,18.25,18.02,18.2,18.38,18.06,17.74,18.3,18.27,18.33,18.13,18.34,18.83,18.85,28.0,26.0,34.0,17.85,0.0,214.4,28.67,2.0,3.521,-1.0,2.768,4.9,4903
2015-12-24 08:15:00,0.0,0.0,1.0,0.233,0.233,1.0,-1.0,289734.0,16.0,0.0,75.59999999999998,59.5,60.0,-0.2019999999999999,9461.0,1373.0,1378.0,298566.0,-0.155,-0.1169999999999999,0.7269999999999999,-0.6089999999999999,0.2019999999999999,0.255,1.0,0.63,270.0,272.0,273.0,273.0,0.818,272.0,0.7909999999999999,272.0,0.8359999999999999,271.0,0.003,13.7,2.0,3.0,0.0,19.63,-0.003,284.0,0.0,0.037,0.037,0.0379999999999999,0.042,0.044,0.033,0.0409999999999999,5.246,5.7170000000000005,0.0429999999999999,5.426,0.2789999999999999,0.0,17.96,18.05,18.15,41.39,18.12,17.96,18.34,0.286,0.2849999999999999,0.2849999999999999,0.2129999999999999,0.0,0.0,0.0,0.0,0.081,0.081,0.081,0.0609999999999999,0.0,284.2,283.2,0.0,0.0,0.0,0.0,0.0,0.0,59.95,6000.0,0.0,-0.2999999999999999,7.0,1.2,1.1,1.2,5.339,18.3,18.26,18.02,18.2,18.38,18.06,17.75,18.3,18.27,18.33,18.13,18.34,18.84,18.89,28.0,26.0,34.0,17.86,0.0,227.2,70.61,2.0,3.519,-1.0,2.647,6.0,4903
2015-12-24 08:16:00,0.0,0.0,0.25,0.017,0.017,0.25,-1.0,289734.0,16.0,0.0,75.59999999999998,59.5,60.0,-0.128,9461.0,1373.0,1378.0,298566.0,-0.096,-0.0819999999999999,0.22,-0.839,0.078,0.128,1.0,0.62,270.0,272.0,273.0,273.0,0.818,272.0,0.7909999999999999,272.0,0.8359999999999999,271.0,0.003,13.7,2.0,3.0,0.0,19.63,-0.2,205.5,0.0,0.037,0.039,0.0379999999999999,0.042,0.044,0.034,0.0409999999999999,5.267,5.751,0.0429999999999999,5.47,0.2789999999999999,0.0,18.02,18.05,18.15,33.66,18.14,17.96,18.3,0.066,0.064,0.065,0.049,0.0,0.0,0.0,0.0,0.019,0.018,0.019,0.0139999999999999,0.0,336.3,335.4,0.0,0.0,0.0,0.0,0.0,0.0,59.95,6000.0,-1.233,-0.225,3.25,0.2929999999999999,0.4199999999999999,0.4429999999999999,5.398,18.31,18.27,18.03,18.21,18.39,18.08,17.76,18.3,18.28,18.34,18.13,18.36,18.86,18.92,28.0,26.0,34.0,17.87,0.0,209.7,76.83,2.0,3.519,-1.0,1.938,5.0,4903
2015-12-24 08:17:00,0.0,0.0,0.0,0.0,0.0,0.0,-1.0,289734.0,16.0,0.0,75.59999999999998,59.5,60.0,-0.1,9461.0,1373.0,1378.0,298566.0,-0.0749999999999999,-0.047,0.042,-0.92,0.032,0.0819999999999999,1.0,0.6119999999999999,270.0,271.9,273.0,273.0,0.818,272.0,0.7909999999999999,272.0,0.8359999999999999,271.0,-0.009,13.62,2.0,1.0,0.0,19.63,-0.1419999999999999,52.25,0.0,0.037,0.039,0.037,0.042,0.0429999999999999,0.034,0.0409999999999999,5.396,5.876,0.042,5.506,0.2789999999999999,0.001,18.04,18.05,18.19,37.52,18.15,17.96,18.3,0.0,-0.001,0.0,-0.001,0.0,0.0,0.0,0.0,0.0,0.0,0.0,0.0,0.0,352.8,352.0,0.0,0.0,0.0,0.0,0.0,0.0,59.94,6000.0,-1.6669999999999998,-0.2,2.0,0.0,0.2,0.2,5.236000000000001,18.31,18.28,18.04,18.22,18.37,18.08,17.76,18.31,18.29,18.35,18.15,18.36,18.86,18.89,28.0,26.0,34.0,17.87,0.0,237.1,50.58,2.0,3.519,-1.0,2.08,5.9,4903
2015-12-24 08:18:00,0.0,0.0,0.0,0.0,0.0,0.0,-1.0,289734.0,16.0,0.0,75.59999999999998,59.5,60.0,-0.1,9461.0,1373.0,1378.0,298566.0,-0.0749999999999999,-0.0529999999999999,0.07,-0.921,0.032,0.0819999999999999,1.0,0.6179999999999999,269.8,271.7,272.8,273.0,0.818,272.0,0.7909999999999999,272.0,0.8359999999999999,271.0,0.0149999999999999,13.62,2.0,3.0,0.0,19.63,-0.1,11.98,0.0,0.037,0.0379999999999999,0.037,0.042,0.044,0.034,0.0409999999999999,5.216,5.707000000000001,0.042,5.415,0.28,0.0,18.04,18.05,18.23,42.58,18.15,17.99,18.32,0.001,-0.001,0.0,-0.001,0.0,0.0,0.0,0.0,0.0,0.0,0.0,0.0,0.0,353.4,352.3,0.0,0.0,0.0,0.0,0.0,0.0,59.95,6000.0,-1.55,-0.2,2.0,0.0,0.2,0.2,5.417000000000001,18.32,18.29,18.05,18.22,18.37,18.09,17.76,18.32,18.29,18.35,18.15,18.38,18.86,18.87,28.0,26.0,34.0,17.88,0.0,235.0,85.2,2.0,3.519,-1.0,1.555,4.0,4903
2015-12-24 08:19:00,0.0,0.0,0.0,0.0,0.0,0.0,-1.0,289734.0,16.0,0.0,75.59999999999998,59.5,60.0,-0.1,9461.0,1373.0,1378.0,298566.0,-0.0749999999999999,-0.042,0.065,-0.921,0.032,0.0819999999999999,1.0,0.632,269.9,271.8,273.0,273.0,0.818,272.0,0.7909999999999999,272.0,0.8359999999999999,271.0,0.003,13.7,2.0,3.0,0.0,19.63,-0.1,2.55,0.0,0.0409999999999999,0.0429999999999999,0.0409999999999999,0.0459999999999999,0.047,0.037,0.0449999999999999,5.631,6.191,0.0459999999999999,5.779,0.2789999999999999,0.0,18.04,18.09,18.25,30.97,18.15,18.02,18.29,0.0,-0.002,0.0,-0.001,0.0,0.0,0.0,0.0,0.0,-0.001,0.0,0.0,0.0,355.0,354.1,0.0,0.0,0.0,0.0,0.0,0.0,59.95,6000.0,-1.483,-0.2,2.0,0.0,0.2,0.2,5.791,18.33,18.3,18.05,18.23,18.4,18.09,17.78,18.33,18.3,18.36,18.15,18.39,18.86,18.87,28.0,26.0,34.0,17.89,0.0,228.9,35.49,2.0,3.521,-1.0,3.052,5.7,4903
2015-12-24 08:20:00,0.0,0.0,0.0,0.0,0.0,0.0,-1.0,289734.0,16.0,0.0,75.59999999999998,59.5,60.0,-0.1019999999999999,9461.0,1373.0,1378.0,298566.0,-0.0749999999999999,-0.052,0.048,-0.922,0.032,0.0819999999999999,1.0,0.627,269.8,271.8,273.0,273.0,0.818,272.0,0.7909999999999999,272.0,0.8359999999999999,271.0,0.003,13.7,2.0,3.0,0.0,19.63,-0.1,0.3829999999999999,0.0,0.037,0.0379999999999999,0.036,0.0409999999999999,0.042,0.033,0.04,5.064,5.582000000000001,0.0409999999999999,5.22,0.2789999999999999,0.0,18.06,18.09,18.25,40.26,18.15,18.04,18.34,0.0,-0.001,0.0,-0.001,0.0,0.0,0.0,0.0,0.0,0.0,0.0,0.0,0.0,352.5,351.7,0.0,0.0,0.0,0.0,0.0,0.0,59.96,6000.0,-1.533,-0.2,2.0,0.0,0.2,0.2,5.228,18.33,18.3,18.06,18.23,18.37,18.1,17.78,18.33,18.31,18.37,18.16,18.39,18.86,18.88,28.0,26.0,34.0,17.9,0.0,255.9,38.97,2.0,3.519,-1.0,2.505,5.8,4903
2015-12-24 08:21:00,0.0,0.0,0.0,0.0,0.0,0.0,-1.0,289734.0,16.0,0.0,75.59999999999998,59.5,60.0,-0.1,9461.0,1373.0,1378.0,298566.0,-0.0749999999999999,-0.0529999999999999,0.0579999999999999,-0.922,0.032,0.0819999999999999,1.0,0.6149999999999999,269.7,271.6,272.9,273.0,0.818,272.0,0.7909999999999999,272.0,0.8359999999999999,271.0,0.003,13.7,2.0,3.0,0.0,19.64,-0.1,0.0,0.0,0.042,0.044,0.0409999999999999,0.0459999999999999,0.048,0.0379999999999999,0.0459999999999999,5.671,6.259,0.048,5.92,0.2789999999999999,0.0,18.05,18.12,18.25,28.95,18.15,18.03,18.33,0.0,-0.001,0.0,-0.001,0.0,0.0,0.0,0.0,0.0,0.0,0.0,0.0,0.0,355.3,354.4,0.0,0.0,0.0,0.0,0.0,0.0,59.95,6000.0,-1.633,-0.2,2.0,0.0,0.2,0.2,5.924,18.35,18.31,18.07,18.24,18.36,18.12,17.78,18.34,18.31,18.38,18.17,18.4,18.89,18.9,28.0,26.0,34.0,17.91,0.0,299.5,46.14,2.0,3.521,-1.0,1.877,3.0,4903
2015-12-24 08:22:00,0.0,0.0,0.0,0.0,0.0,0.0,-1.0,289734.0,16.0,0.0,75.59999999999998,59.5,60.0,-0.1,9461.0,1373.0,1378.0,298566.0,-0.0749999999999999,-0.047,0.0729999999999999,-0.922,0.032,0.0819999999999999,1.0,0.635,270.0,272.0,273.0,273.0,0.818,272.0,0.7909999999999999,272.0,0.8359999999999999,271.0,0.003,13.7,2.0,3.0,0.0,19.65,-0.095,0.0,0.0,0.034,0.035,0.034,0.0379999999999999,0.04,0.0299999999999999,0.0379999999999999,4.774,5.284,0.0379999999999999,4.833,0.2789999999999999,0.0,18.05,18.15,18.25,35.64,18.15,18.05,18.39,0.0,-0.001,0.0,-0.001,0.0,0.0,0.0,0.0,0.0,0.0,0.0,0.0,0.0,350.6,349.7,0.0,0.0,0.0,0.0,0.0,0.0,59.96,6000.0,-1.5830000000000002,-0.2,2.0,0.0,0.2,0.2,4.843,18.35,18.32,18.08,18.24,18.36,18.11,17.78,18.35,18.32,18.39,18.18,18.4,18.9,18.96,28.0,26.0,34.0,17.92,0.0,282.2,28.81,2.0,3.521,-1.0,2.795,5.5,4903
2015-12-24 08:23:00,0.0,0.0,0.0,0.0,0.0,0.0,-1.0,289734.0,16.0,0.0,75.59999999999998,59.5,60.0,-0.1,9461.0,1373.0,1378.0,298566.0,-0.0749999999999999,-0.042,0.04,-0.923,0.031,0.081,1.0,0.625,269.5,271.3,272.6,272.8,0.818,271.9,0.7909999999999999,272.0,0.8359999999999999,271.0,0.003,13.49,2.0,1.0,0.0,19.65,-0.0819999999999999,0.0,0.0,0.033,0.036,0.034,0.037,0.039,0.0289999999999999,0.036,4.63,5.25,0.037,4.672,0.28,0.001,18.05,18.15,18.25,37.02,18.15,18.05,18.41,0.0,-0.001,0.0,-0.001,0.0,0.0,0.0,0.0,0.0,0.0,0.0,0.0,0.0,350.2,349.3,0.0,0.0,0.0,0.0,0.0,0.0,59.96,6000.0,-1.5830000000000002,-0.2,2.0,0.0,0.2,0.2,4.775,18.36,18.33,18.09,18.25,18.38,18.13,17.79,18.35,18.32,18.39,18.18,18.41,18.91,18.96,28.0,26.0,34.0,17.92,0.0,249.7,44.12,2.0,3.519,-1.0,1.84,3.8,4903
2015-12-24 08:24:00,0.0,0.0,0.0,0.0,0.0,0.0,-1.0,289734.0,16.0,0.0,75.59999999999998,59.5,60.0,-0.1019999999999999,9461.0,1373.0,1378.0,298566.0,-0.0749999999999999,-0.037,0.063,-0.923,0.031,0.081,1.0,0.623,269.4,271.3,272.6,272.6,0.818,271.8,0.7909999999999999,272.0,0.8359999999999999,270.9,0.003,13.7,2.0,3.0,0.0,19.65,-0.0899999999999999,0.0,0.0,0.0429999999999999,0.044,0.042,0.0459999999999999,0.048,0.036,0.0449999999999999,5.755,6.269,0.047,5.895,0.2789999999999999,0.0,18.05,18.15,18.25,52.46,18.15,18.05,18.41,0.0,-0.001,0.0,-0.001,0.0,0.0,0.0,0.0,0.0,0.0,0.0,0.0,0.0,355.4,354.4,0.0,0.0,0.0,0.0,0.0,0.0,59.95,6000.0,-1.5830000000000002,-0.2,2.0,0.0,0.2,0.2,6.007999999999999,18.37,18.33,18.09,18.26,18.37,18.14,17.8,18.37,18.33,18.41,18.19,18.42,18.92,18.94,28.0,26.0,34.0,17.93,0.0,258.2,45.35,2.0,3.521,-1.0,1.5519999999999998,3.2,4903
2015-12-24 08:25:00,0.0,0.0,0.0,0.0,0.0,0.0,-1.0,289734.0,16.0,0.0,75.59999999999998,59.5,60.0,-0.1,9461.0,1373.0,1378.0,298566.0,-0.0749999999999999,-0.04,0.0599999999999999,-0.923,0.031,0.0819999999999999,1.0,0.64,269.9,271.9,273.0,272.9,0.818,272.0,0.7909999999999999,272.0,0.8359999999999999,271.0,0.003,13.7,2.0,3.0,0.0,19.65,-0.093,0.0,0.0,0.049,0.0509999999999999,0.047,0.052,0.055,0.042,0.052,6.599,7.081,0.054,6.635,0.2789999999999999,0.0,18.05,18.15,18.25,22.53,18.15,18.05,18.38,0.0,-0.001,-0.001,-0.001,0.0,0.0,0.0,0.0,0.0,0.0,0.0,0.0,0.0,358.2,357.2,0.0,0.0,0.0,0.0,0.0,0.0,59.97,6000.0,-1.683,-0.2,2.0,0.0,0.2,0.2,6.746,18.39,18.34,18.11,18.27,18.39,18.16,17.82,18.38,18.35,18.41,18.21,18.43,18.91,18.93,28.0,26.0,34.0,17.95,0.0,232.7,29.3,2.0,3.519,-1.0,2.847,4.2,4903
2015-12-24 08:26:00,0.0,0.0,0.133,0.0,0.05,0.5329999999999999,-1.0,289734.0,16.0,0.0,75.59999999999998,59.5,60.0,-0.158,9461.0,1373.0,1378.0,298566.0,-0.134,-0.153,0.4899999999999999,-0.38,0.126,0.324,1.0,0.63,270.0,272.0,273.0,273.0,0.818,272.0,0.7909999999999999,272.0,0.8359999999999999,271.0,0.003,13.7,2.0,3.0,0.0,19.65,-0.042,219.2,0.0,0.052,0.057,0.0509999999999999,0.054,0.057,0.0449999999999999,0.054,7.055,7.559999999999999,0.057,7.158,0.2789999999999999,0.0,18.05,18.15,18.25,42.5,18.15,18.05,18.38,0.2129999999999999,0.211,0.2129999999999999,0.159,0.0,0.0,0.0,0.0,0.063,0.063,0.063,0.047,0.0,325.5,324.9,0.0,0.0,0.0,0.0,0.0,0.0,59.97,6000.0,-0.767,-0.273,5.15,0.8549999999999999,0.8579999999999999,0.898,7.264999999999999,18.4,18.35,18.12,18.29,18.39,18.17,17.83,18.39,18.37,18.43,18.22,18.44,18.91,18.93,28.0,26.0,34.0,17.95,0.0,261.9,35.34,2.0,3.521,-1.0,2.057,4.0,4903
2015-12-24 08:27:00,0.0,0.0,0.0,0.0,0.0,0.817,-1.0,289734.0,16.0,0.0,75.59999999999998,59.5,60.0,-0.0819999999999999,9461.0,1373.0,1378.0,298566.0,-0.0459999999999999,-0.135,0.67,-0.211,0.2189999999999999,0.226,1.0,0.632,270.0,272.0,273.0,273.0,0.818,272.0,0.7909999999999999,272.0,0.8359999999999999,271.0,0.003,13.7,2.0,3.0,0.0,19.65,0.0819999999999999,292.3,0.0,0.0529999999999999,0.055,0.0509999999999999,0.0559999999999999,0.057,0.0449999999999999,0.055,7.0920000000000005,7.591,0.0579999999999999,7.172000000000001,0.2789999999999999,0.0,18.1,18.15,18.3,31.36,18.18,18.05,18.42,0.385,0.3829999999999999,0.385,0.2869999999999999,0.0,0.0,0.0,0.0,0.113,0.1119999999999999,0.113,0.084,0.0,292.5,291.7,0.0,0.0,0.0,0.0,0.0,0.0,59.95,6000.0,0.0,-0.2999999999999999,7.0,0.998,1.043,1.137,7.207,18.41,18.36,18.12,18.29,18.41,18.17,17.84,18.41,18.38,18.44,18.24,18.45,18.91,18.93,28.0,26.0,34.0,17.95,0.0,286.0,21.51,2.0,3.519,-1.0,3.187,6.5,4903
2015-12-24 08:28:00,0.0,0.0,0.5829999999999999,0.3499999999999999,0.467,1.0,-1.0,289734.0,16.0,0.0,75.59999999999998,59.5,60.0,-0.158,9461.0,1373.0,1378.0,298566.0,-0.111,-0.0819999999999999,0.7129999999999999,-0.544,0.168,0.203,1.0,0.63,269.8,271.7,273.0,273.0,0.818,272.0,0.7909999999999999,272.0,0.8359999999999999,271.0,-0.005,13.5,2.0,1.0,0.0,19.65,0.023,284.0,0.0,0.044,0.047,0.0429999999999999,0.05,0.05,0.037,0.049,6.319,6.759,0.05,6.395,0.2789999999999999,0.001,18.15,18.15,18.35,38.21,18.23,18.08,18.42,0.325,0.324,0.324,0.2419999999999999,0.0,0.0,0.0,0.0,0.0919999999999999,0.0919999999999999,0.0919999999999999,0.069,0.0,284.2,283.6,0.0,0.0,0.0,0.0,0.0,0.0,59.94,6000.0,0.0,-0.2999999999999999,7.0,1.115,1.1,1.167,6.091,18.42,18.37,18.12,18.3,18.44,18.18,17.84,18.41,18.38,18.45,18.24,18.45,18.92,18.96,28.0,26.0,34.0,17.97,0.0,228.3,33.97,2.0,3.521,-1.0,2.497,5.2,4903
2015-12-24 08:29:00,0.0,0.0,0.1669999999999999,0.1,0.2,0.8669999999999999,-1.0,289734.0,16.0,0.0,75.59999999999998,59.5,60.0,-0.093,9461.0,1373.0,1378.0,298566.0,-0.0559999999999999,-0.095,0.693,-0.2889999999999999,0.181,0.195,1.0,0.637,269.5,271.2,272.7,272.4,0.818,271.9,0.7909999999999999,272.0,0.8359999999999999,271.0,0.011,13.5,2.0,1.0,0.0,19.65,0.07,288.4,0.0,0.0509999999999999,0.0529999999999999,0.049,0.0529999999999999,0.055,0.0449999999999999,0.0529999999999999,6.831,7.322999999999999,0.0559999999999999,6.981,0.28,0.001,18.15,18.15,18.35,9.99,18.25,18.09,18.4,0.376,0.376,0.376,0.281,0.0,0.0,0.0,0.0,0.109,0.109,0.109,0.081,0.0,288.8,287.9,0.0,0.0,0.0,0.0,0.0,0.0,59.94,6000.0,0.0,-0.2999999999999999,7.0,1.028,1.073,1.142,7.0920000000000005,18.43,18.38,18.13,18.3,18.45,18.17,17.84,18.42,18.39,18.46,18.25,18.46,18.94,18.98,28.0,26.0,34.0,17.98,0.0,234.9,32.66,2.0,3.519,-1.0,2.9330000000000003,5.7,4903
2015-12-24 08:30:00,0.0,0.0,0.0,0.0,0.2999999999999999,0.983,-1.0,289734.0,16.0,0.0,75.59999999999998,59.5,60.0,0.022,9461.0,1373.0,1378.0,298566.0,0.0759999999999999,-0.105,0.6579999999999999,0.3539999999999999,0.182,0.203,1.0,0.635,269.8,271.6,273.0,272.8,0.818,272.0,0.7909999999999999,272.0,0.8359999999999999,271.0,0.003,13.7,2.0,3.0,0.0,19.65,0.195,298.2,0.0,0.065,0.068,0.0609999999999999,0.068,0.072,0.057,0.067,8.949999999999998,9.38,0.074,9.28,0.2789999999999999,0.0,18.15,18.15,18.35,37.64,18.25,18.15,18.37,0.4929999999999999,0.492,0.492,0.3689999999999999,0.0,0.0,0.0,0.0,0.1469999999999999,0.1469999999999999,0.1469999999999999,0.11,0.0,298.4,297.5,0.0,0.0,0.0,0.0,0.0,0.0,59.94,6000.0,0.417,-0.2999999999999999,7.0,0.895,1.1,1.133,9.23,18.46,18.39,18.15,18.31,18.46,18.18,17.86,18.44,18.41,18.47,18.26,18.47,18.95,19.0,28.0,26.0,34.0,17.98,0.0,232.6,50.12,2.0,3.519,-1.0,2.462,4.8,4903
2015-12-24 08:31:00,0.0,0.0,0.0,0.0,0.4829999999999999,1.0,-1.0,289734.0,16.0,0.0,75.59999999999998,59.5,60.0,0.037,9461.0,1373.0,1378.0,298566.0,0.131,-0.125,0.6779999999999999,0.546,0.2,0.2399999999999999,1.0,0.627,269.4,271.1,272.9,272.3,0.818,272.0,0.7909999999999999,272.0,0.8359999999999999,271.0,0.003,13.7,2.0,3.0,0.0,19.65,0.218,298.5,0.0,0.072,0.078,0.068,0.0769999999999999,0.079,0.0599999999999999,0.0759999999999999,9.78,10.23,0.083,10.17,0.2789999999999999,0.0,18.15,18.15,18.35,30.52,18.25,18.15,18.47,0.54,0.5379999999999999,0.539,0.4039999999999999,0.0,0.0,0.0,0.0,0.161,0.161,0.161,0.121,0.0,298.8,298.0,0.0,0.0,0.0,0.0,0.0,0.0,59.95,6000.0,0.95,-0.2999999999999999,7.0,0.9,1.1,1.2,10.03,18.47,18.41,18.17,18.33,18.47,18.19,17.88,18.45,18.41,18.48,18.28,18.5,18.97,18.97,28.0,26.0,34.0,18.0,0.0,231.9,28.89,2.0,3.519,-1.0,2.915,5.3,4903
2015-12-24 08:32:00,0.0,0.0,0.0,0.0,0.317,1.0,-1.0,289734.0,16.0,0.0,75.59999999999998,59.5,60.0,0.012,9461.0,1373.0,1378.0,298566.0,0.0909999999999999,-0.127,0.665,0.4,0.2049999999999999,0.2239999999999999,1.0,0.625,269.3,271.0,272.4,272.2,0.818,271.7,0.7909999999999999,272.0,0.8359999999999999,270.8,0.003,13.7,2.0,3.0,0.0,19.65,0.2,298.0,0.0,0.067,0.072,0.063,0.072,0.0749999999999999,0.057,0.072,9.27,9.71,0.078,9.46,0.2789999999999999,0.0,18.17,18.2,18.35,20.87,18.25,18.15,18.46,0.503,0.502,0.503,0.376,0.0,0.0,0.0,0.0,0.1499999999999999,0.1499999999999999,0.1499999999999999,0.1119999999999999,0.0,298.3,297.6,0.0,0.0,0.0,0.0,0.0,0.0,59.95,6000.0,0.6169999999999999,-0.2999999999999999,7.0,0.9,1.1,1.19,9.39,18.49,18.43,18.18,18.34,18.48,18.2,17.89,18.47,18.42,18.5,18.3,18.51,18.96,18.96,28.63,26.0,34.0,18.01,0.0,246.2,26.24,2.0,3.519,-1.0,2.027,3.4,4903
2015-12-24 08:33:00,0.0,0.0,0.0,0.0,0.45,1.0,-1.0,289734.0,16.0,0.0,75.59999999999998,59.5,60.0,0.0379999999999999,9461.0,1373.0,1378.0,298566.0,0.115,-0.14,0.665,0.466,0.2039999999999999,0.2369999999999999,1.0,0.63,269.7,271.5,272.9,272.6,0.818,272.0,0.7909999999999999,272.0,0.8359999999999999,271.0,0.003,13.7,2.0,3.0,0.0,19.65,0.218,298.3,0.0,0.07,0.0749999999999999,0.065,0.0729999999999999,0.0759999999999999,0.059,0.072,9.54,9.98,0.081,9.91,0.2789999999999999,0.0,18.15,18.22,18.35,29.0,18.25,18.15,18.49,0.528,0.527,0.527,0.395,0.0,0.0,0.0,0.0,0.158,0.157,0.158,0.118,0.0,298.7,297.7,0.0,0.0,0.0,0.0,0.0,0.0,59.95,6000.0,0.5829999999999999,-0.2999999999999999,7.0,0.888,1.105,1.19,9.840000000000002,18.49,18.43,18.19,18.35,18.48,18.19,17.89,18.48,18.44,18.51,18.31,18.51,18.93,18.94,29.0,26.0,34.0,18.02,0.0,205.0,41.95,2.0,3.521,-1.0,2.678,5.8,4903
2015-12-24 08:34:00,0.0,0.0,0.0,0.0,0.517,1.0,-1.0,289734.0,16.0,0.0,75.59999999999998,59.5,60.0,0.0449999999999999,9461.0,1373.0,1378.0,298566.0,0.139,-0.1419999999999999,0.6829999999999999,0.535,0.2129999999999999,0.257,1.0,0.632,269.3,271.0,272.7,272.2,0.818,271.9,0.7909999999999999,272.0,0.8359999999999999,271.0,0.003,13.49,2.0,3.0,0.0,19.66,0.223,298.4,0.0,0.074,0.079,0.069,0.078,0.081,0.0609999999999999,0.0769999999999999,10.05,10.69,0.085,10.2,0.2789999999999999,0.001,18.17,18.25,18.35,18.57,18.26,18.15,18.48,0.547,0.545,0.545,0.4089999999999999,0.0,0.0,0.0,0.0,0.163,0.163,0.163,0.122,0.0,298.8,298.0,0.0,0.0,0.0,0.0,0.0,0.0,59.95,6000.0,0.8499999999999999,-0.3019999999999999,7.0,0.88,1.105,1.2,10.11,18.51,18.44,18.19,18.35,18.51,18.19,17.9,18.49,18.44,18.51,18.32,18.52,18.95,18.98,29.0,26.0,34.0,18.03,0.0,257.8,30.65,2.0,3.519,-1.0,2.398,3.8,4903
2015-12-24 08:35:00,0.0,0.0,0.0,0.0,0.517,1.0,-1.0,289734.0,16.0,0.0,75.59999999999998,59.5,60.0,0.05,9461.0,1373.0,1378.0,298566.0,0.132,-0.11,0.6679999999999999,0.574,0.187,0.2289999999999999,1.0,0.625,269.3,271.1,272.6,272.2,0.818,271.9,0.7909999999999999,272.0,0.8359999999999999,270.9,0.003,13.7,2.0,3.0,0.0,19.67,0.208,298.3,0.0,0.0729999999999999,0.078,0.069,0.0769999999999999,0.079,0.0599999999999999,0.0749999999999999,9.82,10.25,0.084,10.12,0.2789999999999999,0.0,18.17,18.25,18.35,55.18,18.31,18.15,18.5,0.54,0.54,0.541,0.405,0.0,0.0,0.0,0.0,0.161,0.161,0.161,0.121,0.0,298.7,297.9,0.0,0.0,0.0,0.0,0.0,0.0,59.95,6000.0,0.967,-0.2999999999999999,7.0,0.882,1.1,1.2,9.96,18.52,18.44,18.19,18.36,18.52,18.2,17.9,18.49,18.44,18.52,18.32,18.52,18.93,18.97,29.0,26.0,34.25,18.04,0.0,207.7,51.07,2.0,3.519,-1.0,3.07,5.6,4903
2015-12-24 08:36:00,0.0,0.0,0.0,0.0,0.267,0.983,-1.0,289734.0,16.0,0.0,75.59999999999998,59.5,60.0,0.0,9461.0,1373.0,1378.0,298566.0,0.054,-0.088,0.645,0.2929999999999999,0.173,0.182,1.0,0.627,269.9,271.9,273.0,272.9,0.818,272.0,0.7909999999999999,272.1,0.8359999999999999,271.0,0.003,13.7,2.0,3.0,0.0,19.68,0.165,298.0,0.0,0.064,0.069,0.0599999999999999,0.069,0.07,0.054,0.066,8.609999999999998,9.05,0.0729999999999999,8.849999999999998,0.2789999999999999,0.0,18.15,18.25,18.35,32.14,18.33,18.15,18.51,0.4699999999999999,0.4689999999999999,0.4699999999999999,0.352,0.0,0.0,0.0,0.0,0.14,0.14,0.14,0.105,0.0,298.3,297.2,0.0,0.0,0.0,0.0,0.0,0.0,59.94,6000.0,0.133,-0.2999999999999999,7.0,0.9,1.1,1.12,8.769999999999998,18.53,18.45,18.2,18.35,18.5,18.2,17.9,18.49,18.44,18.55,18.33,18.53,18.95,18.97,29.0,26.0,34.42,18.04,0.0,230.0,37.44,2.0,3.519,-1.0,2.498,4.1,4903
2015-12-24 08:37:00,0.0,0.0,0.0,0.0,0.25,0.917,-1.0,289734.0,16.0,0.0,75.59999999999998,59.5,60.0,0.0,9461.0,1373.0,1378.0,298566.0,0.048,-0.093,0.64,0.254,0.1749999999999999,0.184,1.0,0.622,270.0,272.0,273.0,273.0,0.818,272.0,0.7909999999999999,272.0,0.8359999999999999,271.0,0.003,13.7,2.0,3.0,0.0,19.68,0.173,298.0,0.0,0.063,0.067,0.059,0.067,0.069,0.054,0.065,8.51,8.949999999999998,0.072,8.84,0.2789999999999999,0.0,18.15,18.25,18.35,35.09,18.35,18.15,18.44,0.467,0.467,0.467,0.3499999999999999,0.0,0.0,0.0,0.0,0.139,0.139,0.139,0.104,0.0,298.3,297.4,0.0,0.0,0.0,0.0,0.0,0.0,59.94,6000.0,0.25,-0.2999999999999999,7.0,0.9,1.1,1.13,8.75,18.53,18.44,18.19,18.35,18.5,18.21,17.9,18.49,18.45,18.54,18.33,18.52,18.94,18.95,29.0,26.0,34.82,18.04,0.0,284.6,34.78,2.0,3.519,-1.0,2.21,5.5,4903
2015-12-24 08:38:00,0.0,0.0,0.0,0.0,0.6169999999999999,1.0,-1.0,289734.0,16.0,0.0,75.59999999999998,59.5,60.0,0.002,9461.0,1373.0,1378.0,298566.0,0.084,-0.0599999999999999,0.643,0.495,0.1469999999999999,0.17,1.0,0.625,270.0,272.0,273.0,273.0,0.818,272.0,0.7909999999999999,272.0,0.8359999999999999,271.0,0.003,13.7,2.0,3.0,0.0,19.68,0.2,298.0,0.0,0.068,0.0729999999999999,0.064,0.072,0.0729999999999999,0.055,0.069,9.090000000000002,9.55,0.078,9.25,0.2789999999999999,0.0,18.15,18.25,18.39,35.97,18.35,18.15,18.43,0.496,0.495,0.496,0.372,0.0,0.0,0.0,0.0,0.148,0.148,0.148,0.111,0.0,298.3,297.4,0.0,0.0,0.0,0.0,0.0,0.0,59.94,6000.0,0.4829999999999999,-0.2999999999999999,7.0,0.898,1.1,1.128,9.21,18.54,18.44,18.2,18.36,18.53,18.21,17.9,18.5,18.46,18.55,18.33,18.53,18.97,18.99,29.0,26.0,35.0,18.06,0.0,264.1,71.03,2.0,3.519,-1.0,3.05,6.6,4903
2015-12-24 08:39:00,0.0,0.0,0.0,0.0,0.4,0.967,-1.0,289734.0,16.0,0.0,75.59999999999998,59.5,60.0,0.002,9461.0,1373.0,1378.0,298566.0,0.0919999999999999,-0.105,0.662,0.4289999999999999,0.195,0.215,1.0,0.622,270.0,272.0,273.0,273.0,0.818,272.0,0.7909999999999999,272.0,0.8359999999999999,271.0,-0.01,13.56,2.0,1.0,0.0,19.68,0.198,298.1,0.0,0.068,0.0729999999999999,0.063,0.0709999999999999,0.0729999999999999,0.0559999999999999,0.069,9.19,9.63,0.078,9.58,0.2789999999999999,0.001,18.17,18.25,18.44,19.06,18.35,18.15,18.49,0.507,0.506,0.507,0.379,0.0,0.0,0.0,0.0,0.151,0.151,0.151,0.113,0.0,298.4,297.5,0.0,0.0,0.0,0.0,0.0,0.0,59.95,6000.0,0.517,-0.2999999999999999,7.0,0.9,1.1,1.163,9.43,18.57,18.46,18.21,18.36,18.54,18.22,17.91,18.5,18.46,18.56,18.33,18.54,19.0,18.99,29.52,26.0,35.0,18.05,0.0,297.5,37.43,2.0,3.519,-1.0,2.813,6.0,4903
2015-12-24 08:40:00,0.0,0.0,0.0,0.0,0.983,1.0,-1.0,289734.0,16.0,0.0,75.59999999999998,59.5,60.0,0.168,9461.0,1373.0,1378.0,298566.0,0.245,-0.183,0.773,0.6999999999999998,0.2419999999999999,0.3479999999999999,1.0,0.627,270.0,272.0,273.0,273.0,0.818,272.0,0.7909999999999999,272.0,0.8359999999999999,271.0,0.016,13.67,2.0,3.0,0.0,19.68,0.347,313.2,0.0,0.089,0.095,0.083,0.0919999999999999,0.096,0.0749999999999999,0.0899999999999999,11.91,12.31,0.103,12.34,0.28,0.0,18.25,18.25,18.41,47.84,18.35,18.15,18.46,0.629,0.626,0.627,0.4699999999999999,0.0,0.0,0.0,0.0,0.1969999999999999,0.196,0.196,0.1469999999999999,0.0,313.5,312.6,0.0,0.0,0.0,0.0,0.0,0.0,59.96,6000.0,1.0,-0.38,7.0,0.8649999999999999,1.158,1.33,12.12,18.59,18.47,18.22,18.37,18.57,18.23,17.92,18.52,18.47,18.58,18.34,18.55,19.0,19.0,30.0,26.0,35.0,18.06,0.0,186.8,35.68,2.0,3.519,-1.0,3.0,5.9,4903
2015-12-24 08:41:00,0.0,0.0,0.0,0.0,0.983,1.0,-1.0,289734.0,16.0,0.0,75.59999999999998,59.5,60.0,0.192,9461.0,1373.0,1378.0,298566.0,0.268,-0.157,0.752,0.772,0.218,0.346,1.0,0.633,270.0,272.0,273.0,273.0,0.818,272.0,0.7909999999999999,272.0,0.8359999999999999,271.0,0.003,13.7,2.0,3.0,0.0,19.68,0.362,315.7,0.0,0.0919999999999999,0.1,0.085,0.096,0.099,0.0759999999999999,0.093,12.21,12.63,0.106,12.66,0.28,0.0,18.25,18.25,18.43,30.58,18.35,18.15,18.46,0.644,0.643,0.644,0.482,0.0,0.0,0.0,0.0,0.203,0.203,0.203,0.152,0.0,315.9,315.1,0.0,0.0,0.0,0.0,0.0,0.0,59.95,6000.0,1.0,-0.4029999999999999,7.0,0.8379999999999999,1.183,1.298,12.42,18.6,18.49,18.24,18.39,18.54,18.24,17.94,18.54,18.49,18.59,18.37,18.57,18.99,19.0,30.0,26.0,35.0,18.08,0.0,235.4,29.58,2.0,3.519,-1.0,2.902,5.4,4903
2015-12-24 08:42:00,0.0,0.0,0.0,0.0,0.983,1.0,-1.0,289734.0,16.0,0.0,75.59999999999998,59.5,60.0,0.1969999999999999,9461.0,1373.0,1378.0,298566.0,0.276,-0.13,0.748,0.8079999999999999,0.1989999999999999,0.341,1.0,0.638,270.0,272.0,273.0,273.0,0.818,272.0,0.7909999999999999,272.0,0.8359999999999999,271.0,0.003,13.7,2.0,3.0,0.0,19.69,0.3679999999999999,314.0,0.0,0.0919999999999999,0.099,0.085,0.095,0.098,0.0769999999999999,0.093,12.18,12.62,0.107,12.71,0.2789999999999999,0.0,18.25,18.31,18.44,23.11,18.35,18.2,18.53,0.648,0.648,0.648,0.4849999999999999,0.0,0.0,0.0,0.0,0.2039999999999999,0.2039999999999999,0.2039999999999999,0.152,0.0,314.6,313.4,0.0,0.0,0.0,0.0,0.0,0.0,59.95,6000.0,1.0,-0.4,7.0,0.8029999999999999,1.195,1.308,12.64,18.61,18.5,18.25,18.41,18.58,18.25,17.96,18.56,18.52,18.61,18.39,18.58,18.99,18.99,30.0,26.0,35.0,18.1,0.0,267.6,45.03,2.0,3.519,-1.0,1.548,3.7,4903
2015-12-24 08:43:00,0.0,0.0,0.0,0.0,0.983,1.0,-1.0,289734.0,16.0,0.0,75.59999999999998,59.5,60.0,0.308,9461.0,1373.0,1378.0,298566.0,0.405,-0.163,0.8029999999999999,0.8690000000000001,0.211,0.4589999999999999,1.0,0.633,270.0,272.0,273.0,273.0,0.818,272.0,0.7909999999999999,272.0,0.8359999999999999,271.0,0.003,13.7,2.0,3.0,0.0,19.7,0.51,312.2,0.0,0.108,0.1159999999999999,0.1,0.111,0.1159999999999999,0.0919999999999999,0.108,14.42,14.82,0.126,14.91,0.28,0.0,18.25,18.35,18.44,71.18,18.35,18.25,18.53,0.772,0.7709999999999999,0.7709999999999999,0.577,0.0,0.0,0.0,0.0,0.2389999999999999,0.2389999999999999,0.2389999999999999,0.1789999999999999,0.0,311.9,311.7,0.0,0.0,0.0,0.0,0.0,0.0,59.95,6000.0,1.467,-0.3599999999999999,7.0,0.8529999999999999,1.29,1.42,14.82,18.66,18.52,18.28,18.42,18.61,18.26,17.97,18.57,18.53,18.63,18.4,18.6,19.01,19.02,30.0,26.0,35.0,18.12,0.0,239.4,44.34,2.0,3.519,-1.0,2.445,4.7,4903
2015-12-24 08:44:00,0.0,0.0,0.0,0.0,1.0,1.0,-1.0,289734.0,16.0,0.0,75.59999999999998,59.5,60.0,0.362,9461.0,1373.0,1378.0,298567.0,0.452,-0.0899999999999999,0.802,0.946,0.155,0.4779999999999999,1.0,0.647,269.8,271.8,273.0,273.0,0.818,272.0,0.7909999999999999,272.0,0.8359999999999999,271.0,0.003,13.7,2.0,3.0,0.0,19.7,0.5329999999999999,301.3,0.0,0.111,0.121,0.1019999999999999,0.115,0.118,0.0919999999999999,0.1119999999999999,14.64,15.01,0.129,15.32,0.28,0.0,18.3,18.35,18.46,21.73,18.43,18.25,18.56,0.82,0.819,0.82,0.6139999999999999,0.0,0.0,0.0,0.0,0.247,0.247,0.247,0.185,0.0,301.7,300.9,0.0,0.0,0.0,0.0,0.0,0.0,59.94,6000.0,1.733,-0.3229999999999999,7.0,0.8,1.3030000000000002,1.4380000000000002,15.06,18.69,18.54,18.29,18.43,18.59,18.28,17.99,18.6,18.55,18.66,18.43,18.62,19.05,19.06,30.0,26.0,35.0,18.14,0.0,251.5,53.91,2.0,3.519,-1.0,1.945,3.5,4903
2015-12-24 08:45:00,0.0,0.0,0.0,0.0,1.0,1.0,-1.0,289734.0,16.0,0.0,75.59999999999998,59.5,60.0,0.4679999999999999,9461.0,1373.0,1378.0,298567.0,0.546,-0.085,0.8429999999999999,0.955,0.165,0.573,1.0,0.642,270.0,272.0,273.0,273.0,0.818,272.0,0.7909999999999999,272.1,0.8359999999999999,271.1,0.002,13.4,2.0,1.0,0.0,19.7,0.642,321.0,0.0,0.123,0.133,0.113,0.126,0.131,0.103,0.12,16.19,16.56,0.143,16.86,0.281,0.001,18.35,18.35,18.53,33.73,18.44,18.27,18.59,0.8640000000000001,0.8640000000000001,0.8649999999999999,0.647,0.0,0.0,0.0,0.0,0.278,0.2769999999999999,0.278,0.208,0.0,321.3,320.4,0.0,0.0,0.0,0.0,0.0,0.0,59.94,6000.0,1.95,-0.4229999999999999,7.0,0.8549999999999999,1.415,1.535,16.77,18.7,18.56,18.31,18.46,18.6,18.31,18.01,18.63,18.57,18.68,18.46,18.64,19.04,19.07,30.0,26.0,35.0,18.16,0.0,246.7,37.05,2.0,3.518,-1.0,2.575,4.7,4903
2015-12-24 08:46:00,0.0,0.0,0.0,0.0,1.0,1.0,-1.0,289734.0,16.0,0.0,75.59999999999998,59.5,60.0,0.6029999999999999,9461.0,1373.0,1378.0,298567.0,0.6999999999999998,-0.27,0.977,0.917,0.2899999999999999,0.76,1.0,0.632,270.0,272.0,273.0,273.0,0.818,272.0,0.7909999999999999,272.0,0.8359999999999999,271.0,0.004,13.7,2.0,3.0,0.0,19.7,0.817,325.0,0.0,0.1409999999999999,0.153,0.129,0.1419999999999999,0.1489999999999999,0.118,0.1369999999999999,18.35,18.63,0.165,19.24,0.28,0.0,18.35,18.36,18.54,30.27,18.44,18.35,18.61,0.99,0.989,0.99,0.7409999999999999,0.0,0.0,0.0,0.0,0.321,0.321,0.321,0.241,0.0,325.0,324.4,0.0,0.0,0.0,0.0,0.0,0.0,59.97,6000.0,2.25,-0.433,7.0,0.998,1.517,1.743,19.3,18.72,18.59,18.34,18.48,18.61,18.33,18.03,18.65,18.59,18.71,18.49,18.67,19.05,19.07,30.65,26.0,35.0,18.19,0.0,230.7,58.77,2.0,3.519,-1.0,1.765,3.1,4903
2015-12-24 08:47:00,0.0,0.0,0.9,0.9,1.7,1.9,-1.0,289734.0,16.0,0.0,75.59999999999998,59.5,60.0,1.037,9461.0,1373.0,1378.0,298567.0,1.14,-0.203,1.338,0.981,0.22,1.162,1.0,0.647,270.0,272.0,273.0,273.0,0.818,272.0,0.7909999999999999,272.1,0.8359999999999999,271.0,0.003,13.7,2.0,3.0,0.0,19.7,1.257,307.9,0.0,0.193,0.2089999999999999,0.176,0.192,0.203,0.161,0.188,24.81,25.0,0.226,25.98,0.28,0.0,18.41,18.44,18.56,35.92,18.54,18.35,18.59,1.408,1.406,1.408,1.055,0.0,0.0,0.0,0.0,0.434,0.433,0.434,0.325,0.0,308.2,307.3,0.0,0.0,0.0,0.0,0.0,0.0,59.96,6000.0,3.833,-0.33,7.0,1.262,1.98,2.218,25.79,18.75,18.63,18.39,18.54,18.65,18.38,18.09,18.71,18.64,18.76,18.55,18.72,19.05,19.05,31.0,26.0,35.0,18.24,0.0,250.2,39.59,2.0,3.519,-1.0,1.682,3.0,4903
2015-12-24 08:48:00,0.0,0.0,0.4,0.5,1.133,1.45,-1.0,289734.0,16.0,0.0,75.59999999999998,59.5,60.0,0.915,9461.0,1373.0,1378.0,298567.0,1.032,-0.1719999999999999,1.192,0.983,0.193,1.05,1.0,0.6579999999999999,270.0,272.0,273.0,273.0,0.818,272.0,0.7909999999999999,272.0,0.8359999999999999,271.0,0.003,13.7,2.0,3.0,0.0,19.7,1.152,316.4,0.0,0.182,0.196,0.166,0.183,0.191,0.1469999999999999,0.178,23.12,23.36,0.211,23.89,0.28,0.0,18.46,18.46,18.64,94.9,18.59,18.44,18.69,1.276,1.273,1.276,0.955,0.0,0.0,0.0,0.0,0.4039999999999999,0.4039999999999999,0.4039999999999999,0.3029999999999999,0.0,316.9,315.9,0.0,0.0,0.0,0.0,0.0,0.0,59.95,6000.0,3.25,-0.387,7.0,1.113,1.822,2.04,23.9,18.78,18.68,18.44,18.59,18.71,18.4,18.14,18.78,18.69,18.82,18.61,18.77,19.05,19.06,31.0,26.0,35.0,18.29,0.0,246.4,48.38,2.0,3.519,-1.0,2.653,5.1,4903
2015-12-24 08:49:00,0.0,0.0,0.8,0.8,1.0,1.75,-1.0,289734.0,16.0,0.0,75.59999999999998,59.5,60.0,0.927,9461.0,1373.0,1378.0,298567.0,1.047,-0.2119999999999999,1.185,0.976,0.2349999999999999,1.073,1.0,0.657,269.9,271.9,273.0,273.0,0.818,272.0,0.7909999999999999,272.0,0.8359999999999999,271.0,0.003,13.7,2.0,3.0,0.0,19.7,1.135,345.9,0.0,0.191,0.206,0.1739999999999999,0.19,0.201,0.158,0.185,24.33,24.51,0.223,25.3,0.28,0.0,18.54,18.54,18.67,26.9,18.64,18.44,18.7,1.204,1.202,1.203,0.902,0.0,0.0,0.0,0.0,0.417,0.416,0.417,0.312,0.0,346.3,345.1,0.0,0.0,0.0,0.0,0.0,0.0,59.96,6000.0,3.0,-0.402,7.0,1.197,1.868,2.062,25.33,18.82,18.71,18.48,18.61,18.74,18.43,18.16,18.82,18.71,18.85,18.65,18.8,19.07,19.1,31.0,26.0,35.0,18.3,0.0,224.3,28.39,2.0,3.519,-1.0,2.443,6.3,4903
2015-12-24 08:50:00,0.0,0.0,0.983,1.0,1.0,2.0,-1.0,289734.0,16.0,0.0,75.59999999999998,59.5,60.0,0.977,9461.0,1373.0,1378.0,298567.0,1.091,-0.222,1.215,0.977,0.2369999999999999,1.116,1.0,0.662,270.0,272.0,273.0,273.0,0.818,272.0,0.7909999999999999,272.0,0.8359999999999999,271.0,0.019,13.56,2.0,1.0,0.0,19.7,1.185,350.3,0.0,0.201,0.217,0.183,0.2,0.2119999999999999,0.168,0.198,25.5,25.67,0.2369999999999999,26.75,0.28,0.001,18.54,18.54,18.7,34.55,18.64,18.46,18.75,1.221,1.222,1.223,0.917,0.0,0.0,0.0,0.0,0.4279999999999999,0.4279999999999999,0.4289999999999999,0.321,0.0,350.5,349.5,0.0,0.0,0.0,0.0,0.0,0.0,59.96,6000.0,3.0,-0.4,7.0,1.235,1.897,2.0980000000000003,26.55,18.85,18.76,18.51,18.64,18.77,18.44,18.19,18.86,18.74,18.89,18.69,18.84,19.13,19.17,31.0,26.05,35.0,18.38,0.0,219.1,29.6,2.0,3.519,-1.0,2.887,6.1,4903
2015-12-24 08:51:00,0.0,0.0,0.95,1.0,1.0,1.983,-1.0,289734.0,16.0,0.0,75.59999999999998,59.5,60.0,1.05,9461.0,1373.0,1378.0,298567.0,1.142,-0.132,1.243,0.99,0.163,1.154,1.0,0.662,269.6,271.5,273.0,272.9,0.818,272.0,0.7909999999999999,272.0,0.8359999999999999,271.0,-0.013,13.56,2.0,1.0,0.0,19.71,1.243,354.2,0.0,0.2119999999999999,0.2289999999999999,0.1939999999999999,0.2119999999999999,0.225,0.178,0.2099999999999999,27.02,27.2,0.248,27.95,0.281,0.001,18.54,18.54,18.74,30.24,18.66,18.54,18.75,1.245,1.244,1.246,0.936,0.0,0.0,0.0,0.0,0.441,0.441,0.442,0.332,0.0,354.4,353.3,0.0,0.0,0.0,0.0,0.0,0.0,59.95,6000.0,3.0,-0.4,7.0,1.225,1.94,2.0980000000000003,27.94,18.88,18.79,18.54,18.68,18.79,18.47,18.22,18.91,18.79,18.93,18.74,18.87,19.14,19.18,31.0,26.45,35.0,18.41,0.0,245.8,34.47,2.0,3.519,-1.0,1.22,2.4,4903
2015-12-24 08:52:00,0.0,0.0,1.0,1.0,1.783,2.0,-1.0,289734.0,16.0,0.0,75.59999999999998,59.5,60.0,1.272,9461.0,1373.0,1378.0,298567.0,1.3730000000000002,-0.122,1.467,0.994,0.143,1.38,1.0,0.6579999999999999,269.7,271.7,273.0,273.0,0.818,272.0,0.7909999999999999,272.0,0.8359999999999999,271.0,0.003,13.7,2.0,3.0,0.0,19.72,1.48,335.8,0.0,0.226,0.2419999999999999,0.2039999999999999,0.223,0.2369999999999999,0.187,0.2189999999999999,28.41,28.63,0.263,29.6,0.28,0.0,18.64,18.64,18.75,20.63,18.74,18.54,18.82,1.495,1.494,1.494,1.121,0.0,0.0,0.0,0.0,0.5,0.5,0.5,0.375,0.0,335.8,335.1,0.0,0.0,0.0,0.0,0.0,0.0,59.95,6000.0,4.2330000000000005,-0.4029999999999999,7.0,1.423,2.2030000000000003,2.377,29.56,18.92,18.82,18.57,18.71,18.81,18.51,18.25,18.96,18.81,18.97,18.79,18.9,19.16,19.18,31.3,26.95,35.0,18.45,0.0,256.8,27.86,2.0,3.517,-1.0,2.015,4.2,4903
2015-12-24 08:53:00,0.0,0.0,1.0,1.0,1.717,2.0,-1.0,289734.0,16.0,0.0,75.59999999999998,59.5,60.0,1.177,9461.0,1373.0,1378.0,298567.0,1.295,-0.23,1.418,0.983,0.2369999999999999,1.317,1.0,0.655,269.9,271.9,273.0,273.0,0.818,272.0,0.7909999999999999,272.0,0.8359999999999999,271.0,0.003,13.7,2.0,3.0,0.0,19.72,1.388,323.7,0.0,0.2129999999999999,0.231,0.192,0.2129999999999999,0.223,0.1749999999999999,0.2089999999999999,26.77,27.01,0.25,28.1,0.28,0.0,18.67,18.64,18.83,30.85,18.74,18.61,18.83,1.473,1.472,1.471,1.103,0.0,0.0,0.0,0.0,0.476,0.476,0.476,0.357,0.0,324.1,323.1,0.0,0.0,0.0,0.0,0.0,0.0,59.97,6000.0,4.05,-0.4199999999999999,7.0,1.3730000000000002,2.0980000000000003,2.34,27.98,18.96,18.85,18.61,18.74,18.85,18.53,18.28,18.99,18.85,19.0,18.82,18.94,19.2,19.22,31.82,27.0,35.0,18.47,0.0,261.7,35.35,2.0,3.519,-1.0,2.382,3.9,4903
2015-12-24 08:54:00,0.0,0.0,1.0,1.0,1.7,2.0,-1.0,289734.0,16.0,0.0,75.59999999999998,59.5,60.0,1.352,9461.0,1373.0,1378.0,298567.0,1.467,-0.2049999999999999,1.57,0.988,0.201,1.483,1.0,0.662,269.3,271.3,273.0,272.8,0.818,272.0,0.7909999999999999,272.0,0.8359999999999999,271.0,0.003,13.7,2.0,3.0,0.0,19.73,1.575,325.5,0.0,0.2289999999999999,0.246,0.208,0.225,0.2419999999999999,0.195,0.223,29.34,29.52,0.2689999999999999,30.63,0.28,0.0,18.74,18.7,18.83,25.92,18.79,18.64,18.86,1.6230000000000002,1.622,1.622,1.215,0.0,0.0,0.0,0.0,0.525,0.525,0.525,0.3929999999999999,0.0,325.5,324.8,0.0,0.0,0.0,0.0,0.0,0.0,59.96,6000.0,4.667,-0.422,7.0,1.558,2.282,2.535,30.94,18.99,18.87,18.63,18.76,18.87,18.54,18.3,19.01,18.87,19.03,18.84,18.96,19.23,19.19,32.0,27.0,35.0,18.5,0.0,289.9,46.32,2.0,3.519,-1.0,1.802,4.4,4903
2015-12-24 08:55:00,0.0,0.0,1.433,1.6669999999999998,2.4330000000000003,2.667,-1.0,289734.0,16.0,0.0,75.59999999999998,59.5,60.0,1.927,9461.0,1373.0,1378.0,298567.0,2.063,-0.203,2.097,0.997,0.1689999999999999,2.07,1.0,0.6629999999999999,269.4,271.4,273.0,272.9,0.818,272.0,0.7909999999999999,272.0,0.8359999999999999,271.0,0.003,13.7,2.0,3.0,0.0,19.73,2.193,328.5,0.0,0.3009999999999999,0.3229999999999999,0.272,0.2929999999999999,0.315,0.252,0.2919999999999999,37.96,38.04,0.3529999999999999,39.74,0.281,0.0,18.77,18.74,18.9,28.34,18.9,18.67,18.94,2.079,2.079,2.076,1.5590000000000002,0.0,0.0,0.0,0.0,0.682,0.6829999999999999,0.6809999999999999,0.512,0.0,328.6,327.8,0.0,0.0,0.0,0.0,0.0,0.0,59.96,6000.0,6.35,-0.397,7.0,2.17,2.97,3.217,39.66,19.07,18.93,18.68,18.8,18.94,18.55,18.34,19.06,18.93,19.08,18.88,19.01,19.26,19.23,32.0,27.0,35.0,18.56,0.0,229.4,50.66,2.0,3.519,-1.0,3.025,6.8,4903
2015-12-24 08:56:00,0.0,0.0,1.317,1.4,2.25,2.4,-1.0,289734.0,16.0,0.0,75.59999999999998,59.5,60.0,1.612,9461.0,1373.0,1378.0,298567.0,1.729,-0.2119999999999999,1.827,0.993,0.178,1.74,1.0,0.655,269.4,271.3,272.9,272.7,0.818,271.9,0.7909999999999999,272.0,0.8359999999999999,271.0,0.004,13.46,2.0,1.0,0.0,19.73,1.83,307.6,0.0,0.27,0.2929999999999999,0.246,0.273,0.2869999999999999,0.222,0.273,34.09,34.17,0.316,35.13,0.28,0.001,18.83,18.74,18.93,46.76,18.93,18.74,18.99,1.9,1.9,1.9,1.4240000000000002,0.0,0.0,0.0,0.0,0.5839999999999999,0.5839999999999999,0.5839999999999999,0.4379999999999999,0.0,307.9,307.0,0.0,0.0,0.0,0.0,0.0,0.0,59.96,6000.0,5.85,-0.347,7.0,1.84,2.603,2.865,34.72,19.15,18.97,18.72,18.84,18.97,18.59,18.38,19.11,18.98,19.14,18.94,19.04,19.3,19.32,32.0,27.0,35.0,18.6,0.0,247.5,60.15,2.0,3.519,-1.0,3.28,5.8,4903
2015-12-24 08:57:00,0.0,0.0,1.0,1.183,2.0,2.1830000000000003,-1.0,289734.0,16.0,0.0,75.59999999999998,59.5,60.0,1.517,9461.0,1373.0,1378.0,298567.0,1.652,-0.262,1.745,0.989,0.238,1.67,1.0,0.667,269.2,271.2,273.0,272.8,0.818,272.0,0.7909999999999999,272.0,0.8359999999999999,271.0,0.003,13.7,2.0,3.0,0.0,19.73,1.758,324.3,0.0,0.246,0.266,0.223,0.2439999999999999,0.262,0.2129999999999999,0.246,31.75,31.93,0.2919999999999999,33.22,0.28,0.0,18.8,18.8,18.93,29.64,18.93,18.74,18.98,1.76,1.76,1.76,1.319,0.0,0.0,0.0,0.0,0.573,0.573,0.573,0.4299999999999999,0.0,324.9,323.6,0.0,0.0,0.0,0.0,0.0,0.0,59.97,6000.0,5.332999999999999,-0.402,7.0,1.747,2.517,2.783,33.29,19.19,18.97,18.72,18.85,18.98,18.6,18.38,19.11,18.97,19.14,18.93,19.04,19.33,19.35,32.0,27.0,35.0,18.59,0.0,238.1,27.54,2.0,3.519,-1.0,3.677,6.7,4903
2015-12-24 08:58:00,0.0,0.0,1.0,1.117,2.0,2.117,-1.0,289734.0,16.0,0.0,75.59999999999998,59.5,60.0,1.73,9461.0,1373.0,1378.0,298567.0,1.869,-0.12,1.912,0.998,0.125,1.873,1.0,0.665,269.1,271.1,273.0,272.7,0.818,271.8,0.7909999999999999,272.0,0.8359999999999999,271.0,0.003,13.7,2.0,3.0,0.0,19.75,1.982,339.3,0.0,0.273,0.2929999999999999,0.246,0.271,0.288,0.231,0.27,34.53,34.71,0.322,36.2,0.281,0.0,18.8,18.83,18.93,23.15,18.93,18.74,18.95,1.86,1.859,1.86,1.395,0.0,0.0,0.0,0.0,0.631,0.631,0.631,0.4729999999999999,0.0,339.5,338.6,0.0,0.0,0.0,0.0,0.0,0.0,59.95,6000.0,5.65,-0.422,7.0,1.918,2.7430000000000003,2.967,36.08,19.25,19.0,18.74,18.87,18.99,18.62,18.4,19.14,19.01,19.17,18.97,19.07,19.36,19.41,32.0,27.0,35.0,18.6,0.0,218.0,51.05,2.0,3.517,-1.0,2.882,6.0,4903
2015-12-24 08:59:00,0.0,0.0,1.0,1.0,2.0,2.0,-1.0,289734.0,16.0,0.0,75.59999999999998,59.5,60.0,1.505,9461.0,1373.0,1378.0,298567.0,1.635,-0.115,1.7180000000000002,0.997,0.129,1.64,1.0,0.665,269.0,271.0,272.6,272.1,0.818,271.2,0.7909999999999999,272.0,0.8359999999999999,270.7,0.003,13.7,2.0,3.0,0.0,19.76,1.732,335.7,0.0,0.25,0.2689999999999999,0.2239999999999999,0.248,0.26,0.2069999999999999,0.246,31.21,31.53,0.291,32.77,0.281,0.0,18.83,18.83,18.93,24.42,18.93,18.74,18.98,1.69,1.6880000000000002,1.6880000000000002,1.265,0.0,0.0,0.0,0.0,0.567,0.567,0.567,0.4249999999999999,0.0,335.8,334.9,0.0,0.0,0.0,0.0,0.0,0.0,59.95,6000.0,5.0,-0.4299999999999999,7.0,1.645,2.472,2.687,32.68,19.32,19.03,18.76,18.89,19.01,18.64,18.42,19.16,19.06,19.19,18.98,19.09,19.38,19.45,32.75,27.0,35.0,18.65,0.0,250.3,26.43,2.0,3.519,-1.0,2.3,4.6,4903
2015-12-24 09:00:00,0.0,0.0,1.0,1.0,1.6,2.0,-1.0,289734.0,16.0,0.0,75.59999999999998,59.5,60.0,1.192,9461.0,1373.0,1378.0,298567.0,1.304,-0.143,1.405,0.989,0.1889999999999999,1.319,1.0,0.662,269.0,271.0,272.6,272.1,0.818,271.0,0.7909999999999999,272.0,0.8359999999999999,270.9,0.003,13.7,2.0,3.0,0.0,19.76,1.425,334.3,0.0,0.2119999999999999,0.228,0.192,0.214,0.2239999999999999,0.176,0.2119999999999999,27.01,27.26,0.246,27.93,0.28,0.0,18.83,18.83,18.93,18.61,18.93,18.74,18.98,1.432,1.429,1.433,1.073,0.0,0.0,0.0,0.0,0.4779999999999999,0.4779999999999999,0.4789999999999999,0.3589999999999999,0.0,334.5,333.6,0.0,0.0,0.0,0.0,0.0,0.0,59.96,6000.0,3.983,-0.46,7.0,1.37,2.065,2.317,27.91,19.34,19.02,18.76,18.89,19.02,18.65,18.43,19.16,19.07,19.18,18.98,19.09,19.42,19.47,33.0,27.0,35.0,18.66,0.0,270.1,29.42,2.0,3.519,-1.0,3.152,4.8,4903
2015-12-24 09:01:00,0.0,0.0,0.933,1.0,1.6669999999999998,2.0,-1.0,289734.0,16.0,0.0,75.59999999999998,59.5,60.0,1.072,9461.0,1373.0,1378.0,298567.0,1.213,-0.188,1.3430000000000002,0.987,0.193,1.229,1.0,0.655,269.0,271.0,272.5,272.1,0.818,271.0,0.7909999999999999,272.0,0.8359999999999999,270.9,-0.002,13.53,2.0,1.0,0.0,19.76,1.337,322.1,0.0,0.1989999999999999,0.214,0.181,0.2019999999999999,0.2119999999999999,0.1689999999999999,0.2,25.57,25.85,0.2319999999999999,26.51,0.2789999999999999,0.001,18.83,18.83,18.97,25.71,18.93,18.77,18.93,1.406,1.404,1.4069999999999998,1.053,0.0,0.0,0.0,0.0,0.4529999999999999,0.4529999999999999,0.4539999999999999,0.3389999999999999,0.0,322.3,321.5,0.0,0.0,0.0,0.0,0.0,0.0,59.96,6000.0,3.867,-0.407,7.0,1.242,1.977,2.222,26.49,19.35,18.99,18.73,18.87,19.02,18.63,18.41,19.13,19.04,19.17,18.96,19.06,19.46,19.49,33.0,27.0,35.0,18.66,0.0,275.8,38.26,2.0,3.521,-1.0,2.897,4.8,4903
2015-12-24 09:02:00,0.0,0.0,0.0,0.0,1.0,1.0,-1.0,289734.0,16.0,0.0,75.59999999999998,59.5,60.0,0.7399999999999999,9461.0,1373.0,1378.0,298567.0,0.8429999999999999,-0.138,1.06,0.975,0.192,0.8640000000000001,1.0,0.645,269.0,271.0,272.3,272.0,0.818,271.0,0.7909999999999999,271.9,0.8359999999999999,270.7,0.0069999999999999,13.53,2.0,3.0,0.0,19.76,0.94,321.9,0.0,0.156,0.1669999999999999,0.1419999999999999,0.159,0.166,0.132,0.156,20.17,20.48,0.181,20.94,0.281,0.001,18.83,18.8,18.93,77.7,18.93,18.74,18.95,1.103,1.102,1.102,0.8259999999999998,0.0,0.0,0.0,0.0,0.3549999999999999,0.3549999999999999,0.3549999999999999,0.266,0.0,322.2,321.3,0.0,0.0,0.0,0.0,0.0,0.0,59.95,6000.0,2.883,-0.4,7.0,1.025,1.6230000000000002,1.83,21.19,19.35,18.96,18.7,18.86,19.0,18.65,18.4,19.1,19.0,19.14,18.93,19.02,19.48,19.49,33.0,27.0,35.0,18.65,0.0,225.1,66.54,2.0,3.519,-1.0,1.43,2.9,4903
2015-12-24 09:03:00,0.0,0.0,0.1169999999999999,0.133,1.0,1.1,-1.0,289734.0,16.0,0.0,75.59999999999998,59.5,60.0,0.8399999999999999,9461.0,1373.0,1378.0,298567.0,0.949,-0.132,1.098,0.982,0.184,0.967,1.0,0.653,269.0,271.0,272.1,272.0,0.818,271.0,0.7909999999999999,271.8,0.8359999999999999,270.5,0.003,13.7,2.0,3.0,0.0,19.76,1.05,326.8,0.0,0.166,0.1769999999999999,0.1499999999999999,0.166,0.176,0.143,0.1639999999999999,21.57,21.88,0.195,22.68,0.28,0.0,18.82,18.78,18.93,21.19,18.93,18.74,18.95,1.179,1.178,1.179,0.883,0.0,0.0,0.0,0.0,0.386,0.385,0.386,0.2889999999999999,0.0,327.1,325.9,0.0,0.0,0.0,0.0,0.0,0.0,59.95,6000.0,3.0,-0.4149999999999999,7.0,1.09,1.72,1.912,22.92,19.35,18.95,18.69,18.84,18.98,18.66,18.39,19.09,18.99,19.13,18.92,19.01,19.47,19.48,33.0,27.0,35.0,18.63,0.0,279.3,25.65,2.0,3.518,-1.0,3.0,5.3,4903
2015-12-24 09:04:00,0.0,0.0,1.0,1.0,1.233,2.0,-1.0,289734.0,16.0,0.0,75.59999999999998,59.5,60.0,1.02,9461.0,1373.0,1378.0,298567.0,1.144,-0.135,1.267,0.989,0.166,1.157,1.0,0.672,269.2,271.2,272.7,272.6,0.818,271.8,0.7909999999999999,272.0,0.8359999999999999,271.0,0.003,13.7,2.0,3.0,0.0,19.78,1.258,340.3,0.0,0.192,0.2039999999999999,0.173,0.191,0.2039999999999999,0.166,0.1889999999999999,24.84,25.14,0.225,26.04,0.28,0.0,18.83,18.82,18.93,25.22,18.93,18.74,18.95,1.2919999999999998,1.291,1.293,0.969,0.0,0.0,0.0,0.0,0.44,0.439,0.44,0.33,0.0,340.4,339.4,0.0,0.0,0.0,0.0,0.0,0.0,59.95,6000.0,3.3,-0.4529999999999999,7.0,1.248,1.935,2.117,26.13,19.36,18.94,18.67,18.83,18.98,18.69,18.37,19.09,19.0,19.14,18.92,18.99,19.48,19.49,33.0,27.0,35.0,18.62,0.0,279.4,28.59,2.0,3.519,-1.0,2.803,4.6,4903
2015-12-24 09:05:00,0.0,0.0,0.417,0.417,1.25,1.4,-1.0,289734.0,16.0,0.0,75.59999999999998,59.5,60.0,0.947,9461.0,1373.0,1378.0,298567.0,1.071,-0.055,1.187,0.994,0.1169999999999999,1.077,1.0,0.65,269.5,271.5,273.0,272.9,0.818,272.0,0.7909999999999999,272.0,0.8359999999999999,271.0,0.003,13.7,2.0,3.0,0.0,19.78,1.18,343.6,0.0,0.1889999999999999,0.201,0.17,0.1889999999999999,0.1989999999999999,0.159,0.185,24.25,24.51,0.22,25.37,0.28,0.0,18.83,18.83,18.91,46.72,18.93,18.74,18.93,1.22,1.219,1.221,0.914,0.0,0.0,0.0,0.0,0.4189999999999999,0.4189999999999999,0.4199999999999999,0.314,0.0,343.8,342.8,0.0,0.0,0.0,0.0,0.0,0.0,59.94,6000.0,3.133,-0.4249999999999999,7.0,1.142,1.885,2.013,25.52,19.38,18.94,18.68,18.83,18.97,18.77,18.37,19.09,19.01,19.14,18.92,18.99,19.45,19.43,33.0,27.0,35.0,18.64,0.0,255.0,48.49,2.0,3.518,-1.0,1.758,3.5,4903
2015-12-24 09:06:00,0.0,0.0,0.883,0.883,1.8,1.883,-1.0,289734.0,16.0,0.0,75.59999999999998,59.5,60.0,1.435,9461.0,1373.0,1378.0,298567.0,1.5619999999999998,-0.093,1.612,0.997,0.119,1.567,1.0,0.653,269.9,271.9,273.0,273.0,0.818,272.0,0.7909999999999999,272.0,0.8359999999999999,271.0,0.003,13.7,2.0,3.0,0.0,19.78,1.675,348.8,0.0,0.2419999999999999,0.259,0.217,0.2369999999999999,0.256,0.2099999999999999,0.2369999999999999,31.26,31.51,0.286,33.05,0.28,0.0,18.83,18.83,18.98,31.5,18.91,18.75,18.93,1.586,1.584,1.585,1.188,0.0,0.0,0.0,0.0,0.5529999999999999,0.552,0.552,0.4139999999999999,0.0,349.0,348.0,0.0,0.0,0.0,0.0,0.0,0.0,59.94,6000.0,4.4830000000000005,-0.433,7.0,1.592,2.387,2.567,32.93,19.4,18.97,18.7,18.85,18.99,18.84,18.39,19.13,19.05,19.17,18.96,19.02,19.44,19.43,33.0,27.0,35.0,18.65,0.0,261.2,28.84,2.0,3.519,-1.0,1.985,4.3,4903
2015-12-24 09:07:00,0.0,0.0,0.9,1.0,1.4169999999999998,2.0,-1.0,289734.0,16.0,0.0,75.59999999999998,59.5,60.0,1.133,9461.0,1373.0,1378.0,298567.0,1.247,-0.165,1.352,0.986,0.1989999999999999,1.264,1.0,0.643,269.7,271.7,273.0,272.9,0.818,272.0,0.7909999999999999,272.0,0.8359999999999999,271.0,0.003,13.49,2.0,3.0,0.0,19.79,1.37,353.1,0.0,0.22,0.2339999999999999,0.198,0.22,0.231,0.182,0.215,28.04,28.32,0.254,29.14,0.28,0.001,18.83,18.83,19.01,26.11,18.91,18.83,18.97,1.329,1.33,1.332,0.995,0.0,0.0,0.0,0.0,0.4689999999999999,0.4699999999999999,0.471,0.351,0.0,353.3,352.2,0.0,0.0,0.0,0.0,0.0,0.0,59.96,6000.0,3.483,-0.4,7.0,1.3430000000000002,2.048,2.24,29.27,19.43,18.99,18.72,18.89,19.03,18.9,18.47,19.16,19.09,19.21,18.99,19.09,19.44,19.45,33.2,27.0,35.0,18.69,0.0,265.7,21.88,2.0,3.519,-1.0,2.742,4.9,4903
2015-12-24 09:08:00,0.0,0.0,1.083,1.283,2.133,2.283,-1.0,289734.0,16.0,0.0,75.59999999999998,59.5,60.0,1.6980000000000002,9461.0,1373.0,1378.0,298567.0,1.829,-0.1449999999999999,1.868,0.997,0.139,1.835,1.0,0.635,269.4,271.4,273.0,272.8,0.818,272.0,0.7909999999999999,272.0,0.8359999999999999,271.0,0.003,13.7,2.0,3.0,0.0,19.81,1.942,336.9,0.0,0.2689999999999999,0.2849999999999999,0.2419999999999999,0.263,0.2819999999999999,0.228,0.262,34.39,34.65,0.312,35.98,0.281,0.0,18.92,18.88,19.03,35.04,18.91,18.83,19.01,1.856,1.854,1.859,1.391,0.0,0.0,0.0,0.0,0.623,0.622,0.624,0.467,0.0,336.9,336.3,0.0,0.0,0.0,0.0,0.0,0.0,59.95,6000.0,5.632999999999999,-0.4129999999999999,7.0,1.885,2.685,2.9130000000000003,36.06,19.46,19.0,18.71,18.91,19.05,18.96,18.59,19.18,19.13,19.23,19.01,19.21,19.46,19.46,33.67,27.0,35.0,18.7,0.0,274.3,35.3,2.0,3.519,-1.0,2.157,5.7,4903
2015-12-24 09:09:00,0.0,0.0,1.183,1.367,2.2,2.367,0.0,289735.0,16.0,0.0,75.59999999999998,59.5,60.0,1.785,9461.0,1373.0,1378.0,298567.0,1.886,-0.157,1.968,0.997,0.133,1.891,1.0,0.662,269.6,271.5,273.0,272.9,0.818,272.0,0.7909999999999999,272.0,0.8359999999999999,271.0,0.003,13.7,2.0,3.0,0.0,19.81,2.025,307.1,0.0,0.281,0.3019999999999999,0.252,0.2789999999999999,0.2989999999999999,0.241,0.2819999999999999,35.98,36.16,0.332,37.75,0.281,0.0,18.93,18.93,19.12,26.35,19.05,18.9,19.03,2.046,2.045,2.046,1.533,0.0,0.0,0.0,0.0,0.629,0.629,0.629,0.472,0.0,307.5,306.5,0.0,0.0,0.0,0.0,0.0,0.0,59.95,6000.0,6.382999999999999,-0.332,7.0,1.972,2.778,3.015,37.41,19.51,19.03,18.79,19.0,19.09,19.04,18.74,19.22,19.23,19.27,19.06,19.37,19.49,19.53,34.0,27.0,35.0,18.76,0.0,280.3,28.14,2.0,3.518,-1.0,2.572,5.4,4903
2015-12-24 09:10:00,0.0,0.0,1.567,1.85,2.567,2.85,0.0,289735.0,16.0,0.0,75.59999999999998,59.5,60.0,1.927,9461.0,1373.0,1378.0,298567.0,2.066,-0.1369999999999999,2.112,0.998,0.124,2.07,1.0,0.638,269.4,271.4,273.0,272.9,0.818,272.0,0.7909999999999999,272.0,0.8359999999999999,271.0,0.003,13.7,2.0,3.0,0.0,19.81,2.185,325.3,0.0,0.2949999999999999,0.315,0.265,0.2899999999999999,0.31,0.25,0.291,37.43,37.67,0.3449999999999999,39.16,0.281,0.0,19.0,18.93,19.11,-8.71,19.12,18.93,19.03,2.088,2.088,2.089,1.565,0.0,0.0,0.0,0.0,0.68,0.68,0.68,0.51,0.0,325.7,324.7,0.0,0.0,0.0,0.0,0.0,0.0,59.95,6000.0,6.533,-0.4,7.0,2.162,2.978,3.2230000000000003,39.01,19.56,19.07,18.96,19.15,19.12,19.1,18.87,19.24,19.32,19.29,19.07,19.52,19.54,19.55,34.0,27.0,35.0,18.78,0.0,288.5,15.74,2.0,3.519,-1.0,3.815,5.8,4903
2015-12-24 09:11:00,0.0,0.0,1.0,1.0,2.0,2.0,0.0,289735.0,16.0,0.0,75.59999999999998,59.5,60.0,1.6880000000000002,9461.0,1373.0,1378.0,298567.0,1.81,-0.253,1.868,0.992,0.225,1.824,1.0,0.64,269.3,271.2,272.8,272.8,0.818,271.9,0.7909999999999999,272.0,0.8359999999999999,271.0,0.003,13.7,2.0,3.0,0.0,19.82,1.945,335.5,0.0,0.265,0.2819999999999999,0.238,0.263,0.28,0.226,0.264,33.75,33.98,0.31,35.18,0.281,0.0,19.03,18.95,19.11,35.38,19.14,18.93,19.12,1.83,1.83,1.83,1.372,0.0,0.0,0.0,0.0,0.6139999999999999,0.6139999999999999,0.6139999999999999,0.46,0.0,335.7,334.7,0.0,0.0,0.0,0.0,0.0,0.0,59.97,6000.0,5.65,-0.405,7.0,1.9,2.678,2.93,35.29,19.64,19.15,19.15,19.3,19.12,19.19,18.99,19.26,19.4,19.32,19.1,19.65,19.56,19.55,34.0,27.0,35.0,18.83,0.0,254.4,22.29,2.0,3.519,-1.0,2.202,3.5,4903
2015-12-24 09:12:00,0.0,0.0,1.0,1.0,2.0,2.0,0.0,289735.0,16.0,0.0,75.59999999999998,59.5,60.0,1.525,9461.0,1373.0,1378.0,298567.0,1.648,-0.162,1.715,0.995,0.1669999999999999,1.6569999999999998,1.0,0.653,269.2,271.2,272.7,272.4,0.818,271.7,0.7909999999999999,272.0,0.8359999999999999,271.0,0.002,13.61,2.0,1.0,0.0,19.83,1.7380000000000002,328.2,0.0,0.25,0.267,0.2239999999999999,0.246,0.262,0.211,0.2419999999999999,31.61,31.75,0.2929999999999999,33.34,0.28,0.001,19.03,19.03,19.15,26.91,19.12,18.93,19.12,1.746,1.744,1.744,1.308,0.0,0.0,0.0,0.0,0.572,0.571,0.571,0.4279999999999999,0.0,328.3,327.5,0.0,0.0,0.0,0.0,0.0,0.0,59.95,6000.0,5.267,-0.4129999999999999,7.0,1.703,2.502,2.722,33.63,19.65,19.25,19.29,19.42,19.13,19.22,19.08,19.28,19.44,19.33,19.12,19.75,19.54,19.51,34.0,27.0,35.0,18.87,0.0,292.9,32.97,2.0,3.519,-1.0,2.248,5.4,4903
2015-12-24 09:13:00,0.0,0.0,1.5,1.55,2.517,2.55,0.0,289735.0,16.0,0.0,75.59999999999998,59.5,60.0,1.962,9461.0,1373.0,1378.0,298567.0,2.089,-0.098,2.15,0.999,0.0859999999999999,2.091,1.0,0.648,269.3,271.3,272.9,272.8,0.818,271.9,0.7909999999999999,272.0,0.8359999999999999,271.0,0.004,13.7,2.0,3.0,0.0,19.84,2.198,312.9,0.0,0.3019999999999999,0.32,0.2689999999999999,0.2899999999999999,0.313,0.256,0.2839999999999999,37.87,38.1,0.3529999999999999,40.28,0.281,0.0,19.11,19.03,19.21,27.5,19.22,18.96,19.12,2.1830000000000003,2.182,2.1830000000000003,1.636,0.0,0.0,0.0,0.0,0.6859999999999999,0.6859999999999999,0.6859999999999999,0.514,0.0,313.4,312.3,0.0,0.0,0.0,0.0,0.0,0.0,59.94,6000.0,6.767,-0.3549999999999999,7.0,2.19,3.015,3.227,40.64,19.68,19.36,19.41,19.51,19.15,19.24,19.16,19.31,19.5,19.36,19.14,19.85,19.54,19.56,34.0,27.0,35.0,18.88,0.0,260.5,33.35,2.0,3.518,-1.0,3.193,5.3,4903
2015-12-24 09:14:00,0.0,0.0,1.5,1.7,2.617,2.7,0.0,289735.0,16.0,0.0,75.59999999999998,59.5,60.0,1.982,9461.0,1373.0,1378.0,298567.0,2.119,-0.065,2.165,1.0,0.0599999999999999,2.12,1.0,0.642,269.0,271.0,272.7,272.1,0.818,271.4,0.7909999999999999,272.0,0.8359999999999999,270.9,0.003,13.7,2.0,3.0,0.0,19.84,2.242,329.9,0.0,0.3049999999999999,0.325,0.271,0.2989999999999999,0.315,0.25,0.2949999999999999,37.72,37.92,0.3539999999999999,39.79,0.281,0.0,19.12,19.03,19.22,9.93,19.31,19.03,19.12,2.0980000000000003,2.097,2.097,1.5719999999999998,0.0,0.0,0.0,0.0,0.693,0.693,0.693,0.519,0.0,330.2,329.4,0.0,0.0,0.0,0.0,0.0,0.0,59.94,6000.0,6.582999999999999,-0.4,7.0,2.2230000000000003,3.067,3.273,39.73,19.75,19.5,19.55,19.64,19.19,19.31,19.27,19.35,19.6,19.4,19.19,19.96,19.55,19.57,34.0,27.0,35.0,18.9,0.0,261.3,23.61,2.0,3.518,-1.0,2.88,5.8,4903
2015-12-24 09:15:00,0.0,0.0,1.533,1.8,2.667,2.8,0.0,289735.0,16.0,0.0,75.59999999999998,59.5,60.0,1.973,9461.0,1373.0,1378.0,298567.0,2.105,-0.052,2.13,1.0,0.054,2.106,1.0,0.635,269.0,271.0,272.6,272.1,0.818,271.2,0.7909999999999999,272.0,0.8359999999999999,270.9,0.003,13.7,2.0,3.0,0.0,19.84,2.217,337.3,0.0,0.3019999999999999,0.319,0.27,0.291,0.316,0.258,0.2889999999999999,38.06,38.26,0.3539999999999999,40.21,0.281,0.0,19.12,19.05,19.22,46.58,19.32,19.01,19.14,2.055,2.059,2.06,1.541,0.0,0.0,0.0,0.0,0.694,0.696,0.696,0.521,0.0,337.7,336.5,0.0,0.0,0.0,0.0,0.0,0.0,59.94,6000.0,6.367000000000001,-0.402,7.0,2.197,3.042,3.258,40.77,19.78,19.61,19.64,19.73,19.24,19.34,19.34,19.36,19.64,19.4,19.19,20.04,19.6,19.65,34.0,27.0,35.0,18.92,0.0,265.5,23.61,2.0,3.519,-1.0,4.075,8.699999999999998,4903
2015-12-24 09:16:00,0.0,0.0,2.117,2.567,3.35,3.567,0.0,289735.0,16.0,0.0,75.59999999999998,59.5,60.0,2.643,9461.0,1373.0,1378.0,298567.0,2.789,-0.065,2.767,0.8669999999999999,0.0279999999999999,2.789,1.0,0.667,269.0,271.0,272.7,272.1,0.818,271.2,0.7909999999999999,272.0,0.8359999999999999,271.0,0.003,13.7,2.0,3.0,0.0,19.86,2.907,342.2,0.0,0.379,0.405,0.3379999999999999,0.3689999999999999,0.3939999999999999,0.32,0.3659999999999999,47.05,47.18,0.446,50.13,0.281,0.0,19.18,19.12,19.27,39.48,19.29,19.08,19.22,2.563,2.559,2.5610000000000004,1.921,0.0,0.0,0.0,0.0,0.8759999999999998,0.875,0.8759999999999998,0.657,0.0,342.3,341.4,0.0,0.0,0.0,0.0,0.0,0.0,59.94,6000.0,8.08,-0.4029999999999999,7.0,2.978,3.812,4.042,49.65,19.85,19.77,19.77,19.86,19.28,19.43,19.45,19.41,19.76,19.46,19.24,20.17,19.65,19.68,34.52,27.0,35.0,18.96,0.0,238.9,27.1,2.0,3.519,-1.0,1.993,4.7,4903
2015-12-24 09:17:00,0.0,0.0,1.3,1.6,2.35,2.6,0.0,289735.0,16.0,0.0,75.59999999999998,59.5,60.0,1.872,9461.0,1373.0,1378.0,298567.0,2.014,-0.0969999999999999,2.052,0.999,0.0919999999999999,2.016,1.0,0.6579999999999999,269.0,271.0,272.3,272.1,0.818,271.1,0.7909999999999999,272.0,0.8359999999999999,270.6,0.003,13.7,2.0,3.0,0.0,19.86,2.122,337.9,0.0,0.291,0.31,0.259,0.2869999999999999,0.3049999999999999,0.246,0.288,36.55,36.71,0.341,38.45,0.281,0.001,19.22,19.12,19.28,28.88,19.32,19.09,19.22,1.975,1.975,1.975,1.48,0.0,0.0,0.0,0.0,0.6679999999999999,0.667,0.6679999999999999,0.5,0.0,338.1,336.9,0.0,0.0,0.0,0.0,0.0,0.0,59.94,6000.0,6.1,-0.4,7.0,2.102,2.928,3.147,38.44,19.92,19.9,19.88,19.96,19.35,19.5,19.54,19.48,19.86,19.5,19.31,20.27,19.66,19.66,35.0,27.0,35.0,19.01,0.0,239.4,27.58,2.0,3.519,-1.0,1.862,3.1,4903
2015-12-24 09:18:00,0.0,0.0,1.9,2.0,2.967,3.0,0.0,289735.0,16.0,0.0,75.59999999999998,59.5,60.0,2.055,9461.0,1373.0,1378.0,298567.0,2.195,-0.12,2.225,0.999,0.1019999999999999,2.197,1.0,0.652,269.0,271.0,272.3,272.0,0.818,271.0,0.7909999999999999,272.0,0.8359999999999999,270.5,0.003,13.5,2.0,3.0,0.0,19.86,2.3,331.8,0.0,0.307,0.3279999999999999,0.275,0.3009999999999999,0.325,0.267,0.3039999999999999,39.0,39.24,0.3629999999999999,41.1,0.281,0.001,19.22,19.12,19.32,86.29999999999998,19.3,19.12,19.29,2.157,2.156,2.155,1.616,0.0,0.0,0.0,0.0,0.7159999999999999,0.7159999999999999,0.7159999999999999,0.537,0.0,332.1,331.0,0.0,0.0,0.0,0.0,0.0,0.0,59.95,6000.0,6.8,-0.4,7.0,2.3080000000000003,3.123,3.383,40.96,19.96,19.97,19.97,20.04,19.42,19.55,19.62,19.53,19.92,19.55,19.36,20.35,19.64,19.66,35.0,27.0,35.0,19.03,0.0,258.6,22.38,2.0,3.517,-1.0,1.75,3.1,4903
2015-12-24 09:19:00,0.0,0.0,1.0,1.083,2.0,2.083,0.0,289735.0,16.0,0.0,75.59999999999998,59.5,60.0,1.69,9461.0,1373.0,1378.0,298567.0,1.817,-0.1019999999999999,1.89,0.998,0.107,1.82,1.0,0.6579999999999999,269.0,271.0,272.2,272.0,0.818,271.1,0.7909999999999999,271.8,0.8359999999999999,270.5,0.003,13.7,2.0,3.0,0.0,19.87,1.928,325.1,0.0,0.268,0.2849999999999999,0.2389999999999999,0.263,0.281,0.228,0.263,33.82,34.01,0.314,35.63,0.281,0.0,19.24,19.12,19.3,,19.29,19.06,19.32,1.888,1.887,1.888,1.414,0.0,0.0,0.0,0.0,0.6139999999999999,0.6139999999999999,0.6139999999999999,0.46,0.0,325.3,324.1,0.0,0.0,0.0,0.0,0.0,0.0,59.94,6000.0,5.783,-0.4,7.0,1.887,2.715,2.952,35.7,19.96,20.01,20.02,20.09,19.51,19.55,19.65,19.53,19.95,19.55,19.36,20.4,19.66,19.67,35.0,27.0,35.0,19.04,0.0,275.4,28.88,2.0,3.519,-1.0,2.0980000000000003,5.0,4903
2015-12-24 09:20:00,0.0,0.0,1.0,1.0,2.0,2.0,0.0,289735.0,16.0,0.0,75.59999999999998,59.5,60.0,1.7,9461.0,1373.0,1378.0,298567.0,1.825,-0.098,1.912,0.998,0.104,1.828,1.0,0.6779999999999999,269.0,271.0,272.4,272.0,0.818,271.0,0.7909999999999999,272.0,0.8359999999999999,270.6,0.003,13.7,2.0,3.0,0.0,19.89,1.96,323.0,0.0,0.2689999999999999,0.2849999999999999,0.2419999999999999,0.266,0.2839999999999999,0.23,0.267,34.31,34.55,0.314,35.72,0.281,0.0,19.29,19.19,19.28,-4.371,19.32,19.09,19.3,1.904,1.903,1.904,1.4269999999999998,0.0,0.0,0.0,0.0,0.6149999999999999,0.6149999999999999,0.6149999999999999,0.461,0.0,323.2,322.1,0.0,0.0,0.0,0.0,0.0,0.0,59.94,6000.0,6.0,-0.4,7.0,1.917,2.7230000000000003,2.938,35.82,19.98,20.05,20.05,20.13,19.56,19.57,19.68,19.48,19.97,19.52,19.32,20.42,19.67,19.68,35.0,27.0,35.0,19.07,0.0,254.0,46.68,2.0,3.519,-1.0,1.6030000000000002,3.2,4903
2015-12-24 09:21:00,0.0,0.0,1.167,1.433,2.167,2.4330000000000003,0.0,289735.0,16.0,0.0,75.59999999999998,59.5,60.0,1.758,9461.0,1373.0,1378.0,298567.0,1.87,-0.125,1.938,0.998,0.115,1.874,1.0,0.667,269.0,271.0,272.1,272.0,0.818,271.0,0.7909999999999999,272.0,0.8359999999999999,270.0,0.003,13.7,2.0,3.0,0.0,19.89,1.987,324.7,0.0,0.272,0.288,0.245,0.266,0.2869999999999999,0.233,0.267,34.68,34.89,0.32,36.42,0.281,0.0,19.22,19.12,19.27,,19.3,19.11,19.32,1.94,1.938,1.939,1.453,0.0,0.0,0.0,0.0,0.63,0.63,0.63,0.472,0.0,324.9,323.7,0.0,0.0,0.0,0.0,0.0,0.0,59.95,6000.0,5.9,-0.4,7.0,1.958,2.76,3.012,36.7,20.0,20.1,20.09,20.16,19.62,19.57,19.71,19.49,20.0,19.53,19.32,20.46,19.71,19.76,35.0,27.0,35.0,19.13,0.0,255.8,30.2,2.0,3.521,-1.0,2.978,5.8,4903
2015-12-24 09:22:00,0.0,0.0,2.0,2.217,3.0,3.217,0.0,289735.0,16.0,0.0,75.59999999999998,59.5,60.0,2.382,9461.0,1373.0,1378.0,298568.0,2.5340000000000003,-0.133,2.545,0.999,0.096,2.536,1.0,0.667,269.0,271.0,272.2,272.0,0.818,271.0,0.7909999999999999,272.0,0.8359999999999999,270.2,0.003,13.7,2.0,3.0,0.0,19.9,2.645,331.7,0.0,0.347,0.367,0.308,0.332,0.3599999999999999,0.296,0.3329999999999999,43.56,43.76,0.407,46.39,0.281,0.0,19.22,19.14,19.28,92.8,19.35,19.14,19.32,2.439,2.439,2.438,1.828,0.0,0.0,0.0,0.0,0.81,0.81,0.81,0.6069999999999999,0.0,332.1,331.0,0.0,0.0,0.0,0.0,0.0,0.0,59.95,6000.0,7.65,-0.4,7.0,2.692,3.5,3.767,46.4,20.03,20.16,20.15,20.2,19.7,19.6,19.73,19.51,20.05,19.56,19.34,20.52,19.79,19.83,35.0,27.0,35.0,19.28,0.0,238.8,22.28,2.0,3.519,-1.0,2.955,5.4,4903
2015-12-24 09:23:00,0.0,0.0,1.467,1.5830000000000002,2.533,2.583,0.0,289735.0,16.0,0.0,75.59999999999998,59.5,60.0,2.013,9461.0,1373.0,1378.0,298568.0,2.149,-0.063,2.168,0.999,0.064,2.15,1.0,0.645,269.0,271.0,272.1,272.0,0.818,271.0,0.7909999999999999,271.6,0.8359999999999999,270.0,0.003,13.56,2.0,1.0,0.0,19.92,2.262,339.3,0.0,0.307,0.327,0.275,0.3049999999999999,0.324,0.259,0.31,39.12,39.25,0.3579999999999999,40.67,0.281,0.001,19.29,19.22,19.23,502.0,19.3,19.13,19.38,2.0580000000000003,2.056,2.056,1.541,0.0,0.0,0.0,0.0,0.699,0.698,0.698,0.523,0.0,339.5,338.4,0.0,0.0,0.0,0.0,0.0,0.0,59.94,6000.0,6.4,-0.4,7.0,2.242,3.088,3.303,40.02,20.07,20.24,20.22,20.28,19.78,19.66,19.81,19.53,20.1,19.59,19.37,20.59,19.78,19.82,35.0,27.0,35.0,19.4,0.0,253.9,21.11,2.0,3.519,-1.0,3.26,4.9,4903
2015-12-24 09:24:00,0.0,0.0,1.0,1.0,2.0,2.0,0.0,289735.0,16.0,0.0,75.59999999999998,59.5,60.0,1.628,9461.0,1373.0,1378.0,298568.0,1.739,-0.035,1.788,0.999,0.065,1.741,1.0,0.643,269.0,271.0,272.0,272.0,0.818,271.0,0.7909999999999999,271.5,0.8359999999999999,270.0,0.003,13.7,2.0,3.0,0.0,19.92,1.858,338.4,0.0,0.26,0.2739999999999999,0.2319999999999999,0.255,0.275,0.2239999999999999,0.259,33.14,33.45,0.3039999999999999,34.66,0.281,0.0,19.22,19.32,19.25,732.6,19.24,19.05,19.45,1.755,1.754,1.755,1.315,0.0,0.0,0.0,0.0,0.5939999999999999,0.5939999999999999,0.5939999999999999,0.445,0.0,338.5,337.4,0.0,0.0,0.0,0.0,0.0,0.0,59.93,6000.0,5.2,-0.4149999999999999,7.0,1.765,2.597,2.787,34.71,20.07,20.26,20.24,20.3,19.81,19.66,19.82,19.56,20.14,19.56,19.38,20.6,19.76,19.78,35.0,27.0,35.0,19.48,0.0,254.9,17.11,2.0,3.519,-1.0,2.377,4.3,4903
2015-12-24 09:25:00,0.0,0.0,1.0,1.0,2.0,2.0,0.0,289735.0,16.0,0.0,75.59999999999998,59.5,60.0,1.213,9461.0,1373.0,1378.0,298568.0,1.336,-0.033,1.415,0.998,0.084,1.339,1.0,0.6579999999999999,269.0,271.0,272.0,272.0,0.818,271.0,0.7909999999999999,271.5,0.8359999999999999,270.0,0.003,13.7,2.0,3.0,0.0,19.92,1.4380000000000002,338.9,0.0,0.218,0.2289999999999999,0.193,0.2129999999999999,0.228,0.185,0.214,27.56,27.84,0.254,29.06,0.281,0.0,19.22,19.37,19.28,223.2,19.17,19.02,19.51,1.442,1.4409999999999998,1.4409999999999998,1.08,0.0,0.0,0.0,0.0,0.4889999999999999,0.4879999999999999,0.4879999999999999,0.3659999999999999,0.0,339.0,338.0,0.0,0.0,0.0,0.0,0.0,0.0,59.94,6000.0,4.033,-0.4729999999999999,7.0,1.34,2.132,2.287,29.23,20.06,20.25,20.24,20.29,19.82,19.64,19.81,19.57,20.12,19.54,19.36,20.61,19.77,19.82,35.08,27.0,35.0,19.54,0.0,273.5,25.69,2.0,3.519,-1.0,2.248,4.3,4903
2015-12-24 09:26:00,0.0,0.0,1.0,1.0,2.0,2.0,0.0,289735.0,16.0,0.0,75.59999999999998,59.5,60.0,1.422,9461.0,1373.0,1378.0,298568.0,1.537,-0.088,1.6230000000000002,0.997,0.115,1.541,1.0,0.6629999999999999,269.5,271.4,272.9,272.7,0.818,271.8,0.7909999999999999,271.9,0.8359999999999999,270.9,0.003,13.7,2.0,3.0,0.0,19.94,1.66,324.4,0.0,0.2389999999999999,0.251,0.2129999999999999,0.2319999999999999,0.249,0.2019999999999999,0.231,30.23,30.56,0.276,31.71,0.281,0.0,19.27,19.45,19.38,-6.104,19.16,19.06,19.61,1.666,1.666,1.666,1.249,0.0,0.0,0.0,0.0,0.541,0.54,0.541,0.405,0.0,324.5,323.7,0.0,0.0,0.0,0.0,0.0,0.0,59.94,6000.0,4.9,-0.4029999999999999,7.0,1.5619999999999998,2.387,2.592,31.77,20.05,20.24,20.24,20.28,19.82,19.62,19.8,19.59,20.09,19.53,19.32,20.6,19.78,19.85,35.93,27.0,35.0,19.6,0.0,282.7,27.76,2.0,3.519,-1.0,1.897,3.0,4903
2015-12-24 09:27:00,0.0,0.0,0.517,0.6829999999999999,1.433,1.683,0.0,289735.0,16.0,0.0,75.59999999999998,59.5,60.0,1.025,9461.0,1373.0,1378.0,298568.0,1.138,-0.115,1.288,0.992,0.1469999999999999,1.147,1.0,0.657,269.6,271.5,273.0,272.9,0.818,272.0,0.7909999999999999,272.0,0.8359999999999999,271.0,0.003,13.7,2.0,3.0,0.0,19.94,1.24,311.9,0.0,0.195,0.2049999999999999,0.173,0.1939999999999999,0.206,0.1639999999999999,0.196,24.94,25.28,0.226,25.92,0.28,0.0,19.32,19.51,19.49,-2.354,19.15,19.02,19.65,1.375,1.374,1.375,1.03,0.0,0.0,0.0,0.0,0.4289999999999999,0.4289999999999999,0.4299999999999999,0.322,0.0,312.1,311.0,0.0,0.0,0.0,0.0,0.0,0.0,59.94,6000.0,3.683,-0.4,7.0,1.2,1.96,2.17,25.79,20.05,20.24,20.24,20.28,19.84,19.62,19.8,19.64,20.09,19.52,19.31,20.6,19.79,19.92,36.0,27.0,35.05,19.64,0.0,288.4,20.05,2.0,3.519,-1.0,2.588,4.4,4903
2015-12-24 09:28:00,0.0,0.0,0.3499999999999999,0.55,1.0,1.433,0.0,289735.0,16.0,0.0,75.59999999999998,59.5,60.0,0.8519999999999999,9461.0,1373.0,1378.0,298568.0,0.983,-0.143,1.17,0.984,0.178,0.999,1.0,0.6829999999999999,269.9,271.9,273.0,273.0,0.818,272.0,0.7909999999999999,272.1,0.8359999999999999,271.0,0.001,13.46,2.0,1.0,0.0,19.95,1.088,303.3,0.0,0.178,0.185,0.158,0.1739999999999999,0.185,0.1499999999999999,0.171,22.56,23.38,0.206,23.79,0.2789999999999999,0.001,19.38,19.55,19.49,-0.8569999999999999,19.15,19.02,19.71,1.2819999999999998,1.281,1.281,0.96,0.0,0.0,0.0,0.0,0.389,0.389,0.389,0.2919999999999999,0.0,303.7,302.9,0.0,0.0,0.0,0.0,0.0,0.0,59.95,6000.0,3.083,-0.31,7.0,1.135,1.827,2.055,23.9,20.04,20.22,20.22,20.26,19.84,19.6,19.77,19.69,20.06,19.48,19.26,20.57,19.8,19.89,36.0,27.0,35.37,19.65,0.0,244.2,33.01,2.0,3.519,-1.0,2.7030000000000003,4.4,4903
2015-12-24 09:29:00,0.0,0.0,0.0,0.0,1.0,1.0,0.0,289735.0,16.0,0.0,75.59999999999998,59.5,60.0,0.8,9461.0,1373.0,1378.0,298568.0,0.903,-0.107,1.11,0.986,0.152,0.915,1.0,0.667,270.0,272.0,273.0,273.0,0.818,272.0,0.7909999999999999,272.0,0.8359999999999999,271.0,0.005,13.46,2.0,3.0,0.0,19.97,0.997,302.5,0.0,0.168,0.176,0.1489999999999999,0.165,0.1749999999999999,0.143,0.163,21.33,21.69,0.196,22.61,0.281,0.001,19.45,19.61,19.57,191.7,19.17,19.04,19.71,1.214,1.212,1.213,0.909,0.0,0.0,0.0,0.0,0.3679999999999999,0.367,0.367,0.275,0.0,302.9,302.0,0.0,0.0,0.0,0.0,0.0,0.0,59.95,6000.0,3.0,-0.3019999999999999,7.0,1.048,1.758,1.958,22.66,20.01,20.2,20.2,20.23,19.84,19.58,19.74,19.74,20.03,19.44,19.23,20.55,19.83,19.89,36.0,27.0,35.7,19.68,0.0,250.6,40.11,2.0,3.519,-1.0,1.652,2.9,4903
2015-12-24 09:30:00,0.0,0.0,0.367,0.3829999999999999,1.267,1.383,0.0,289735.0,16.0,0.0,75.59999999999998,59.5,60.0,0.892,9461.0,1373.0,1378.0,298568.0,0.987,-0.107,1.2,0.988,0.1489999999999999,0.998,1.0,0.685,270.0,272.0,273.1,273.0,0.818,272.0,0.7909999999999999,272.4,0.8359999999999999,271.0,0.003,13.7,2.0,3.0,0.0,19.97,1.102,302.2,0.0,0.1769999999999999,0.184,0.157,0.1719999999999999,0.187,0.153,0.173,22.86,23.28,0.206,24.07,0.28,0.0,19.51,19.61,19.62,40.61,19.23,19.02,19.73,1.298,1.297,1.2990000000000002,0.973,0.0,0.0,0.0,0.0,0.3929999999999999,0.392,0.3929999999999999,0.2939999999999999,0.0,302.6,301.8,0.0,0.0,0.0,0.0,0.0,0.0,59.95,6000.0,3.317,-0.3019999999999999,7.0,1.125,1.837,2.042,24.22,19.99,20.18,20.17,20.21,19.83,19.56,19.72,19.78,20.01,19.41,19.2,20.52,19.83,19.9,36.0,27.0,36.0,19.68,0.0,274.8,18.54,2.0,3.519,-1.0,2.615,4.1,4903
2015-12-24 09:31:00,0.0,0.0,1.0,1.0,2.0,2.0,0.0,289735.0,16.0,0.0,75.59999999999998,59.5,60.0,1.233,9461.0,1373.0,1378.0,298568.0,1.3530000000000002,-0.1119999999999999,1.45,0.994,0.139,1.361,1.0,0.67,270.0,272.0,273.0,273.0,0.818,272.0,0.7909999999999999,272.1,0.8359999999999999,271.0,0.003,13.7,2.0,3.0,0.0,19.97,1.422,316.0,0.0,0.218,0.2289999999999999,0.1939999999999999,0.2119999999999999,0.2289999999999999,0.186,0.214,27.92,28.23,0.255,29.5,0.281,0.0,19.61,19.66,19.7,1.509,19.25,19.14,19.81,1.551,1.55,1.55,1.162,0.0,0.0,0.0,0.0,0.4909999999999999,0.4899999999999999,0.4899999999999999,0.367,0.0,316.5,315.3,0.0,0.0,0.0,0.0,0.0,0.0,59.95,6000.0,4.5,-0.372,7.0,1.3969999999999998,2.185,2.405,29.18,19.99,20.18,20.17,20.21,19.83,19.57,19.72,19.85,20.0,19.41,19.22,20.52,19.84,19.9,36.0,27.0,36.0,19.71,0.0,257.3,31.66,2.0,3.518,-1.0,1.398,2.8,4903
2015-12-24 09:32:00,0.0,0.0,1.0,1.0,1.75,2.0,0.0,289735.0,16.0,0.0,75.59999999999998,59.5,60.0,1.117,9461.0,1373.0,1378.0,298568.0,1.229,-0.05,1.338,0.997,0.094,1.233,1.0,0.677,270.0,272.0,273.0,273.0,0.818,272.0,0.7909999999999999,272.0,0.8359999999999999,271.0,0.003,13.7,2.0,3.0,0.0,19.99,1.3230000000000002,331.2,0.0,0.2019999999999999,0.2119999999999999,0.1799999999999999,0.1989999999999999,0.215,0.1749999999999999,0.201,26.07,26.42,0.238,27.44,0.28,0.0,19.66,19.71,19.77,29.22,19.33,19.23,19.84,1.385,1.383,1.384,1.037,0.0,0.0,0.0,0.0,0.4589999999999999,0.4579999999999999,0.4589999999999999,0.3439999999999999,0.0,331.5,330.6,0.0,0.0,0.0,0.0,0.0,0.0,59.94,6000.0,3.767,-0.4179999999999999,7.0,1.225,1.997,2.16,27.16,20.0,20.19,20.18,20.22,19.86,19.59,19.73,19.93,20.0,19.42,19.27,20.53,19.84,19.89,36.0,27.0,36.0,19.73,0.0,262.1,25.16,2.0,3.519,-1.0,2.512,4.2,4903
2015-12-24 09:33:00,0.0,0.0,0.5329999999999999,0.5829999999999999,1.067,1.55,0.0,289735.0,16.0,0.0,75.59999999999998,59.5,60.0,0.965,9461.0,1373.0,1378.0,298568.0,1.071,-0.1,1.178,0.99,0.1489999999999999,1.082,1.0,0.665,270.0,272.0,273.0,273.0,0.818,272.0,0.7909999999999999,272.0,0.8359999999999999,271.0,0.003,13.7,2.0,3.0,0.0,20.0,1.153,327.6,0.0,0.186,0.193,0.166,0.183,0.1969999999999999,0.159,0.184,23.93,24.28,0.216,24.92,0.28,0.0,19.71,19.71,19.83,-47.92,19.31,19.3,19.9,1.272,1.271,1.271,0.952,0.0,0.0,0.0,0.0,0.417,0.417,0.417,0.312,0.0,327.8,326.7,0.0,0.0,0.0,0.0,0.0,0.0,59.95,6000.0,3.067,-0.4029999999999999,7.0,1.148,1.852,2.037,24.87,20.01,20.18,20.18,20.22,19.87,19.59,19.73,19.99,20.01,19.43,19.33,20.53,19.84,19.95,36.0,27.0,36.0,19.76,0.0,273.7,25.72,2.0,3.519,-1.0,2.345,3.7,4903
2015-12-24 09:34:00,0.0,0.0,0.4,0.6169999999999999,1.167,1.617,0.0,289735.0,16.0,0.0,75.59999999999998,59.5,60.0,0.93,9461.0,1373.0,1378.0,298568.0,1.037,-0.118,1.182,0.987,0.165,1.051,1.0,0.6779999999999999,269.9,271.9,273.0,273.0,0.818,272.0,0.7909999999999999,272.0,0.8359999999999999,271.0,0.003,13.46,2.0,1.0,0.0,20.01,1.132,312.0,0.0,0.183,0.1889999999999999,0.1639999999999999,0.178,0.193,0.157,0.178,23.58,23.9,0.2119999999999999,24.49,0.28,0.001,19.71,19.71,19.8,223.1,19.38,19.36,19.9,1.3019999999999998,1.301,1.3019999999999998,0.975,0.0,0.0,0.0,0.0,0.406,0.406,0.406,0.3049999999999999,0.0,312.4,311.4,0.0,0.0,0.0,0.0,0.0,0.0,59.95,6000.0,3.25,-0.37,7.0,1.105,1.845,2.068,24.59,20.01,20.17,20.17,20.2,19.88,19.59,19.71,20.03,20.01,19.41,19.37,20.51,19.84,19.94,36.0,27.0,36.0,19.76,0.0,269.1,32.33,2.0,3.519,-1.0,2.463,4.0,4903
2015-12-24 09:35:00,0.0,0.0,1.0,1.0,1.783,2.0,0.0,289735.0,16.0,0.0,75.59999999999998,59.5,60.0,1.092,9461.0,1373.0,1378.0,298568.0,1.183,-0.105,1.36,0.993,0.136,1.19,1.0,0.6779999999999999,269.4,271.3,273.0,273.0,0.818,272.0,0.7909999999999999,272.0,0.8359999999999999,271.0,0.003,13.7,2.0,3.0,0.0,20.02,1.285,308.8,0.0,0.201,0.2099999999999999,0.1769999999999999,0.193,0.2069999999999999,0.1669999999999999,0.191,25.23,25.63,0.2339999999999999,26.95,0.28,0.0,19.77,19.71,19.88,53.82,19.46,19.41,19.9,1.4369999999999998,1.4369999999999998,1.4369999999999998,1.077,0.0,0.0,0.0,0.0,0.444,0.444,0.444,0.3329999999999999,0.0,309.1,308.0,0.0,0.0,0.0,0.0,0.0,0.0,59.94,6000.0,4.017,-0.342,7.0,1.288,2.04,2.24,27.0,20.01,20.17,20.17,20.2,19.89,19.59,19.71,20.07,20.01,19.41,19.44,20.51,19.87,19.94,36.0,27.0,36.0,19.77,0.0,266.7,29.82,2.0,3.519,-1.0,2.198,4.1,4903
2015-12-24 09:36:00,0.0,0.0,1.0,1.0,2.0,2.0,0.0,289735.0,16.0,0.0,75.59999999999998,59.5,60.0,1.342,9461.0,1373.0,1378.0,298568.0,1.452,-0.152,1.545,0.993,0.17,1.462,1.0,0.682,269.5,271.5,273.0,273.0,0.818,272.0,0.7909999999999999,272.0,0.8359999999999999,271.0,0.003,13.7,2.0,3.0,0.0,20.02,1.5319999999999998,323.5,0.0,0.2289999999999999,0.2389999999999999,0.2039999999999999,0.221,0.2389999999999999,0.1939999999999999,0.221,29.14,29.48,0.266,30.51,0.281,0.0,19.82,19.79,19.93,299.3,19.59,19.49,19.92,1.602,1.601,1.6030000000000002,1.2009999999999998,0.0,0.0,0.0,0.0,0.519,0.519,0.519,0.389,0.0,323.9,322.7,0.0,0.0,0.0,0.0,0.0,0.0,59.95,6000.0,4.85,-0.4,7.0,1.517,2.26,2.52,30.55,20.04,20.19,20.19,20.21,19.91,19.62,19.72,20.14,20.03,19.44,19.53,20.53,19.87,19.91,36.0,27.0,36.0,19.8,0.0,249.0,26.87,2.0,3.516,-1.0,1.585,3.6,4903
2015-12-24 09:37:00,0.0,0.0,1.0,1.0,2.0,2.0,0.0,289735.0,16.0,0.0,75.59999999999998,59.5,60.0,1.5630000000000002,9461.0,1373.0,1378.0,298568.0,1.689,-0.225,1.725,0.991,0.2189999999999999,1.703,1.0,0.6729999999999999,269.9,271.9,273.0,273.0,0.818,272.0,0.7909999999999999,272.0,0.8359999999999999,271.0,0.003,13.7,2.0,3.0,0.0,20.03,1.773,339.8,0.0,0.26,0.273,0.233,0.252,0.272,0.22,0.254,33.24,33.53,0.3019999999999999,34.63,0.281,0.0,19.89,19.81,19.96,12.77,19.66,19.59,20.0,1.719,1.7180000000000002,1.719,1.288,0.0,0.0,0.0,0.0,0.5839999999999999,0.5839999999999999,0.5849999999999999,0.4379999999999999,0.0,340.1,339.0,0.0,0.0,0.0,0.0,0.0,0.0,59.97,6000.0,5.0,-0.427,7.0,1.732,2.4930000000000003,2.77,34.42,20.06,20.23,20.22,20.25,19.94,19.66,19.76,20.22,20.1,19.5,19.65,20.56,19.88,19.9,36.0,27.02,36.0,19.83,0.0,241.3,22.29,2.0,3.519,-1.0,3.093,4.8,4903
2015-12-24 09:38:00,0.0,0.0,1.0,1.0,2.0,2.0,0.0,289735.0,16.0,0.0,75.59999999999998,59.5,60.0,1.508,9461.0,1373.0,1378.0,298568.0,1.636,-0.258,1.6769999999999998,0.989,0.247,1.655,1.0,0.67,269.3,271.3,273.0,272.9,0.818,271.9,0.7909999999999999,272.0,0.8359999999999999,271.0,0.003,13.7,2.0,3.0,0.0,20.05,1.725,342.4,0.0,0.254,0.268,0.226,0.247,0.267,0.218,0.251,32.36,32.65,0.2999999999999999,34.24,0.281,0.0,19.9,19.87,20.01,165.1,19.75,19.67,20.02,1.661,1.659,1.659,1.244,0.0,0.0,0.0,0.0,0.569,0.568,0.568,0.4259999999999999,0.0,342.7,341.6,0.0,0.0,0.0,0.0,0.0,0.0,59.97,6000.0,4.817,-0.433,7.0,1.6969999999999998,2.422,2.705,33.8,20.09,20.26,20.26,20.29,19.98,19.7,19.8,20.29,20.13,19.58,19.76,20.6,19.89,19.9,36.0,27.02,36.0,19.86,0.0,250.8,31.73,2.0,3.519,-1.0,2.417,4.5,4903
2015-12-24 09:39:00,0.0,0.0,1.0,1.0,1.35,2.0,0.0,289735.0,16.0,0.0,75.59999999999998,59.5,60.0,1.105,9461.0,1373.0,1378.0,298568.0,1.231,-0.275,1.352,0.976,0.2739999999999999,1.261,1.0,0.67,269.6,271.6,273.0,273.0,0.818,272.0,0.7909999999999999,272.0,0.8359999999999999,271.0,-0.002,13.53,2.0,1.0,0.0,20.05,1.3430000000000002,347.5,0.0,0.216,0.2269999999999999,0.192,0.2099999999999999,0.2289999999999999,0.187,0.214,27.74,28.08,0.256,29.25,0.28,0.001,19.98,19.9,20.01,,19.81,19.7,20.08,1.34,1.339,1.341,1.005,0.0,0.0,0.0,0.0,0.466,0.465,0.466,0.3489999999999999,0.0,347.7,346.6,0.0,0.0,0.0,0.0,0.0,0.0,59.97,6000.0,3.4330000000000003,-0.412,7.0,1.372,2.007,2.275,29.22,20.11,20.29,20.27,20.3,19.98,19.72,19.82,20.34,20.15,19.64,19.85,20.62,19.86,19.86,36.0,27.02,36.0,19.87,0.0,236.4,26.15,2.0,3.521,-1.0,3.11,5.0,4903
2015-12-24 09:40:00,0.0,0.0,1.0,1.0,2.0,2.0,0.0,289735.0,16.0,0.0,75.59999999999998,59.5,60.0,1.227,9461.0,1373.0,1378.0,298568.0,1.349,-0.182,1.4,0.989,0.1969999999999999,1.364,1.0,0.6629999999999999,269.3,271.2,273.0,272.6,0.818,271.9,0.7909999999999999,272.0,0.8359999999999999,271.0,0.008,13.53,2.0,3.0,0.0,20.07,1.418,334.6,0.0,0.217,0.228,0.1939999999999999,0.2099999999999999,0.23,0.187,0.214,27.9,28.23,0.258,29.52,0.281,0.001,19.99,19.9,20.03,-17.17,19.8,19.75,20.1,1.473,1.472,1.473,1.103,0.0,0.0,0.0,0.0,0.4929999999999999,0.4929999999999999,0.4929999999999999,0.3689999999999999,0.0,335.0,333.9,0.0,0.0,0.0,0.0,0.0,0.0,59.96,6000.0,4.0,-0.4429999999999999,7.0,1.4,2.1,2.3680000000000003,29.55,20.1,20.28,20.29,20.32,19.99,19.73,19.82,20.38,20.15,19.69,19.93,20.63,19.85,19.87,36.0,27.18,36.0,19.9,0.0,253.2,34.37,2.0,3.521,-1.0,1.783,3.7,4903
2015-12-24 09:41:00,0.0,0.0,1.0,1.0,2.0,2.0,0.0,289735.0,16.0,0.0,75.59999999999998,59.5,60.0,1.218,9461.0,1373.0,1378.0,298568.0,1.3530000000000002,-0.128,1.415,0.994,0.1489999999999999,1.361,1.0,0.677,269.0,271.0,273.0,272.1,0.818,271.4,0.7909999999999999,272.0,0.8359999999999999,271.0,0.003,13.7,2.0,3.0,0.0,20.08,1.425,338.9,0.0,0.221,0.231,0.198,0.214,0.2339999999999999,0.191,0.216,28.38,28.75,0.262,29.88,0.281,0.0,20.0,19.9,20.09,-21.12,19.8,19.8,20.1,1.457,1.456,1.455,1.091,0.0,0.0,0.0,0.0,0.4939999999999999,0.4939999999999999,0.4939999999999999,0.37,0.0,339.3,338.1,0.0,0.0,0.0,0.0,0.0,0.0,59.95,6000.0,4.017,-0.4299999999999999,7.0,1.38,2.1180000000000003,2.337,29.93,20.09,20.28,20.29,20.31,19.97,19.72,19.82,20.4,20.13,19.75,19.98,20.63,19.83,19.9,36.0,27.33,36.0,19.89,0.0,268.5,30.45,2.0,3.519,-1.0,2.567,5.5,4903
2015-12-24 09:42:00,0.0,0.0,1.0,1.0,1.3330000000000002,2.0,0.0,289735.0,16.0,0.0,75.59999999999998,59.5,60.0,1.083,9461.0,1373.0,1378.0,298568.0,1.2009999999999998,-0.23,1.318,0.98,0.2389999999999999,1.225,1.0,0.682,269.0,271.0,273.0,272.3,0.818,271.5,0.7909999999999999,272.0,0.8359999999999999,271.0,0.003,13.7,2.0,3.0,0.0,20.08,1.295,347.7,0.0,0.2129999999999999,0.2239999999999999,0.191,0.2089999999999999,0.225,0.183,0.211,27.33,27.69,0.252,28.63,0.281,0.0,20.0,19.9,20.09,34.51,19.8,19.81,20.1,1.3090000000000002,1.3090000000000002,1.3090000000000002,0.98,0.0,0.0,0.0,0.0,0.456,0.456,0.456,0.341,0.0,348.1,346.9,0.0,0.0,0.0,0.0,0.0,0.0,59.97,6000.0,3.4,-0.4,7.0,1.348,1.988,2.202,28.62,20.08,20.28,20.28,20.3,19.99,19.72,19.81,20.43,20.14,19.8,20.04,20.63,19.85,19.9,36.0,27.42,36.0,19.91,0.0,244.4,23.02,2.0,3.519,-1.0,3.095,6.4,4903
2015-12-24 09:43:00,0.0,0.0,1.0,1.0,1.0,2.0,0.0,289735.0,16.0,0.0,75.59999999999998,59.5,60.0,1.042,9461.0,1373.0,1378.0,298568.0,1.137,-0.2099999999999999,1.273,0.979,0.236,1.162,1.0,0.682,269.0,271.0,272.8,272.1,0.818,271.2,0.7909999999999999,272.0,0.8359999999999999,270.7,0.003,13.7,2.0,3.0,0.0,20.1,1.237,347.5,0.0,0.2039999999999999,0.214,0.182,0.198,0.216,0.1749999999999999,0.198,26.04,26.45,0.2419999999999999,27.69,0.281,0.0,20.0,19.9,20.09,21.33,19.85,19.8,20.1,1.267,1.267,1.267,0.948,0.0,0.0,0.0,0.0,0.44,0.441,0.44,0.33,0.0,347.6,346.6,0.0,0.0,0.0,0.0,0.0,0.0,59.96,6000.0,3.0,-0.4,7.0,1.3,1.908,2.16,27.91,20.08,20.27,20.27,20.3,19.99,19.73,19.81,20.44,20.13,19.84,20.08,20.61,19.87,19.89,36.0,27.65,36.0,19.92,0.0,272.6,21.21,2.0,3.521,-1.0,3.035,6.1,4903
2015-12-24 09:44:00,0.0,0.0,1.183,1.233,2.067,2.233,0.0,289735.0,16.0,0.0,75.59999999999998,59.5,60.0,1.48,9461.0,1373.0,1378.0,298568.0,1.608,-0.152,1.672,0.993,0.154,1.617,1.0,0.6729999999999999,269.0,271.0,272.8,272.1,0.818,271.1,0.7909999999999999,272.0,0.8359999999999999,270.7,0.003,13.7,2.0,3.0,0.0,20.11,1.713,349.2,0.0,0.256,0.268,0.2269999999999999,0.241,0.268,0.2239999999999999,0.246,32.53,32.85,0.307,35.06,0.281,0.0,20.07,19.9,20.11,117.3,19.88,19.86,20.1,1.636,1.639,1.636,1.228,0.0,0.0,0.0,0.0,0.571,0.572,0.57,0.4279999999999999,0.0,349.4,348.3,0.0,0.0,0.0,0.0,0.0,0.0,59.95,6000.0,4.667,-0.4,7.0,1.692,2.418,2.655,35.43,20.09,20.28,20.27,20.3,19.99,19.74,19.81,20.46,20.14,19.9,20.13,20.61,19.89,19.94,36.0,27.98,36.0,19.9,0.0,257.8,28.18,2.0,3.518,-1.0,4.503,6.7,4903
2015-12-24 09:45:00,0.0,0.0,2.0,2.0,3.0,3.0,0.0,289735.0,16.0,0.0,75.59999999999998,59.5,60.0,2.283,9461.0,1373.0,1378.0,298568.0,2.424,-0.218,2.442,0.998,0.163,2.43,1.0,0.69,269.0,271.0,272.9,272.2,0.818,271.4,0.7909999999999999,272.0,0.8359999999999999,270.9,0.003,13.49,2.0,3.0,0.0,20.13,2.532,309.9,0.0,0.3499999999999999,0.371,0.316,0.3379999999999999,0.37,0.3029999999999999,0.342,44.48,44.7,0.4139999999999999,46.71,0.281,0.001,20.12,20.0,20.19,387.9,20.01,19.93,20.18,2.495,2.4930000000000003,2.495,1.87,0.0,0.0,0.0,0.0,0.773,0.773,0.773,0.5789999999999998,0.0,310.1,309.3,0.0,0.0,0.0,0.0,0.0,0.0,59.96,6000.0,7.867000000000002,-0.3429999999999999,7.0,2.59,3.362,3.648,46.56,20.14,20.34,20.33,20.36,20.06,19.82,19.87,20.54,20.2,20.01,20.23,20.67,19.89,19.93,36.0,28.0,36.0,19.97,0.0,242.5,21.04,2.0,3.518,-1.0,3.138,5.7,4903
2015-12-24 09:46:00,0.0,0.0,2.0,2.0,3.0,3.0,0.0,289735.0,16.0,0.0,75.59999999999998,59.5,60.0,2.212,9461.0,1373.0,1378.0,298568.0,2.351,-0.2999999999999999,2.3480000000000003,0.993,0.2839999999999999,2.369,1.0,0.69,269.0,271.0,272.6,272.0,0.818,271.2,0.7909999999999999,272.0,0.8359999999999999,270.4,0.003,13.7,2.0,3.0,0.0,20.13,2.4730000000000003,341.0,0.0,0.341,0.3609999999999999,0.3029999999999999,0.3279999999999999,0.3539999999999999,0.286,0.3289999999999999,42.3,42.55,0.4,44.82,0.281,0.0,20.21,20.07,20.25,238.0,20.17,19.99,20.28,2.23,2.229,2.23,1.671,0.0,0.0,0.0,0.0,0.76,0.76,0.76,0.57,0.0,341.4,340.3,0.0,0.0,0.0,0.0,0.0,0.0,59.99,6000.0,6.983,-0.4079999999999999,7.0,2.535,3.28,3.61,44.78,20.19,20.4,20.41,20.44,20.1,19.89,19.95,20.63,20.27,20.12,20.34,20.75,19.89,19.91,36.0,27.98,36.0,20.04,0.0,247.8,24.79,2.0,3.519,-1.0,2.925,6.6,4903
2015-12-24 09:47:00,0.0,0.0,2.0,2.0,3.0,3.0,0.0,289735.0,16.0,0.0,75.59999999999998,59.5,60.0,2.087,9461.0,1373.0,1378.0,298568.0,2.2430000000000003,-0.255,2.283,0.995,0.2129999999999999,2.253,1.0,0.68,269.0,271.0,272.8,272.0,0.818,271.1,0.7909999999999999,272.0,0.8359999999999999,270.6,0.003,13.7,2.0,3.0,0.0,20.14,2.345,327.5,0.0,0.324,0.3439999999999999,0.2889999999999999,0.312,0.3389999999999999,0.275,0.316,40.47,40.67,0.382,42.65,0.281,0.0,20.29,20.1,20.29,-88.0,20.24,20.08,20.29,2.225,2.225,2.226,1.6669999999999998,0.0,0.0,0.0,0.0,0.7299999999999999,0.7299999999999999,0.7299999999999999,0.547,0.0,327.9,327.0,0.0,0.0,0.0,0.0,0.0,0.0,59.97,6000.0,7.0,-0.4,7.0,2.392,3.16,3.463,42.86,20.23,20.45,20.46,20.48,20.14,19.93,19.98,20.7,20.34,20.2,20.42,20.8,19.88,19.91,36.0,28.0,36.0,20.08,0.0,238.3,24.65,2.0,3.521,-1.0,2.438,4.7,4903
2015-12-24 09:48:00,0.0,0.0,2.0,2.033,3.0,3.033,1.0,289736.0,16.0,0.0,75.59999999999998,59.5,60.0,2.358,9461.0,1373.0,1378.0,298568.0,2.498,-0.182,2.495,0.998,0.144,2.503,1.0,0.687,269.0,271.0,272.3,272.0,0.818,271.0,0.7909999999999999,272.0,0.8359999999999999,270.1,0.003,13.7,2.0,3.0,0.0,20.15,2.5980000000000003,334.8,0.0,0.3529999999999999,0.372,0.315,0.3379999999999999,0.3679999999999999,0.3009999999999999,0.34,44.08,44.27,0.4149999999999999,46.4,0.281,0.0,20.29,20.15,20.37,365.3,20.3,20.12,20.32,2.392,2.391,2.392,1.79,0.0,0.0,0.0,0.0,0.8,0.8,0.8009999999999999,0.5989999999999999,0.0,335.3,334.2,0.0,0.0,0.0,0.0,0.0,0.0,59.96,6000.0,7.5,-0.402,7.0,2.662,3.458,3.745,46.81,20.24,20.49,20.5,20.52,20.16,19.95,20.02,20.77,20.36,20.27,20.5,20.84,19.89,19.91,36.62,28.0,36.0,20.12,0.0,244.4,19.96,2.0,3.519,-1.0,3.048,6.1,4903
2015-12-24 09:49:00,0.0,0.0,2.567,2.883,3.617,3.883,1.0,289736.0,16.0,0.3059999999999999,75.59999999999998,59.5,60.0,2.9730000000000003,9461.0,1373.0,1378.0,298568.0,3.144,-0.218,3.107,0.999,0.1419999999999999,3.147,1.0,0.6729999999999999,269.0,271.0,272.5,272.0,0.818,271.0,0.7909999999999999,272.0,0.8359999999999999,270.4,0.003,13.7,2.0,3.0,0.0,20.17,3.26,342.5,0.0,0.4229999999999999,0.4479999999999999,0.3779999999999999,0.4039999999999999,0.4429999999999999,0.3649999999999999,0.412,52.97,53.06,0.502,56.24,0.2819999999999999,0.0,20.39,20.21,20.42,32.61,20.42,20.19,20.41,2.8480000000000003,2.844,2.845,2.132,0.0,0.0,0.0,0.0,0.977,0.976,0.976,0.7309999999999999,0.0,342.9,341.7,0.0,0.0,0.0,0.0,0.0,0.0,59.96,6000.0,9.2,-0.4129999999999999,7.0,3.41,4.205,4.5,56.37,20.3,20.56,20.57,20.57,20.22,20.01,20.07,20.85,20.45,20.36,20.59,20.91,19.88,19.9,37.0,28.0,36.0,20.2,0.0,225.4,34.55,2.0,3.519,-1.0,3.06,5.2,4903
2015-12-24 09:50:00,0.0,0.0,2.817,3.0,3.85,4.0,1.0,289736.0,16.0,0.258,75.59999999999998,59.5,60.0,3.02,9461.0,1373.0,1378.0,298568.0,3.1830000000000003,-0.2349999999999999,3.128,0.999,0.143,3.1860000000000004,1.0,0.67,269.0,271.0,272.3,272.0,0.818,271.0,0.7909999999999999,272.0,0.8359999999999999,270.0,0.002,13.62,2.0,1.0,0.0,20.18,3.303,333.2,0.0,0.4309999999999999,0.46,0.39,0.4199999999999999,0.456,0.37,0.4299999999999999,54.09,54.22,0.509,56.39,0.2819999999999999,0.001,20.51,20.31,20.51,68.84,20.62,20.3,20.49,2.924,2.922,2.922,2.191,0.0,0.0,0.0,0.0,0.973,0.973,0.973,0.729,0.0,333.3,332.3,0.0,0.0,0.0,0.0,0.0,0.0,59.96,6000.0,9.65,-0.407,7.0,3.455,4.243,4.538,56.09,20.38,20.67,20.68,20.68,20.32,20.12,20.18,20.98,20.56,20.48,20.72,21.02,19.86,19.9,37.0,28.0,36.0,20.28,0.0,255.4,36.08,2.0,3.519,-1.0,2.003,3.4,4903
2015-12-24 09:51:00,0.0,0.0,2.0,2.15,3.0,3.15,1.0,289736.0,16.0,0.0,75.59999999999998,59.5,60.0,2.423,9461.0,1373.0,1378.0,298568.0,2.602,-0.1969999999999999,2.607,0.999,0.1369999999999999,2.6060000000000003,1.0,0.667,269.0,271.0,272.1,272.0,0.818,271.0,0.7909999999999999,271.9,0.8359999999999999,270.0,0.004,13.7,2.0,3.0,0.0,20.18,2.728,347.7,0.0,0.3679999999999999,0.392,0.3289999999999999,0.356,0.385,0.312,0.362,45.85,46.04,0.434,48.33,0.2819999999999999,0.0,20.59,20.38,20.58,36.83,20.68,20.37,20.49,2.37,2.373,2.374,1.776,0.0,0.0,0.0,0.0,0.824,0.8249999999999998,0.8259999999999998,0.6179999999999999,0.0,347.8,346.8,0.0,0.0,0.0,0.0,0.0,0.0,59.96,6000.0,7.517,-0.4299999999999999,7.0,2.7880000000000003,3.592,3.86,48.29,20.4,20.7,20.74,20.73,20.35,20.16,20.23,21.04,20.58,20.56,20.79,21.07,19.87,19.9,37.0,28.0,36.0,20.36,0.0,265.6,47.88,2.0,3.519,-1.0,2.18,3.6,4903
2015-12-24 09:52:00,0.0,0.0,2.0,2.0,3.0,3.0,1.0,289736.0,16.0,0.0,75.59999999999998,59.5,60.0,2.382,9461.0,1373.0,1378.0,298568.0,2.55,-0.1469999999999999,2.577,0.999,0.105,2.552,1.0,0.665,269.0,271.0,272.2,272.0,0.818,271.0,0.7909999999999999,272.0,0.8359999999999999,270.1,0.003,13.7,2.0,3.0,0.0,20.21,2.632,346.5,0.0,0.3629999999999999,0.3829999999999999,0.326,0.3489999999999999,0.376,0.3019999999999999,0.346,44.93,45.05,0.422,47.18,0.281,0.0,20.59,20.39,20.59,65.42,20.6,20.38,20.55,2.349,2.346,2.346,1.757,0.0,0.0,0.0,0.0,0.814,0.813,0.813,0.6089999999999999,0.0,346.7,345.5,0.0,0.0,0.0,0.0,0.0,0.0,59.95,6000.0,7.167000000000001,-0.4149999999999999,7.0,2.7,3.51,3.798,47.35,20.42,20.72,20.75,20.75,20.36,20.17,20.25,21.08,20.6,20.59,20.84,21.09,19.89,19.93,37.0,28.0,36.0,20.37,0.0,249.7,29.18,2.0,3.519,-1.0,3.197,6.1,4903
2015-12-24 09:53:00,0.0,0.0,1.567,1.883,2.633,2.883,1.0,289736.0,16.0,0.0,75.59999999999998,59.5,60.0,2.032,9461.0,1373.0,1378.0,298568.0,2.17,-0.138,2.198,0.998,0.12,2.173,1.0,0.6729999999999999,269.0,271.0,272.3,272.0,0.818,271.0,0.7909999999999999,271.9,0.8359999999999999,270.3,0.003,13.7,2.0,3.0,0.0,20.21,2.263,343.3,0.0,0.32,0.341,0.283,0.309,0.3289999999999999,0.266,0.311,39.23,39.45,0.376,41.83,0.281,0.0,20.6,20.39,20.59,-5.735,20.58,20.38,20.59,2.062,2.059,2.061,1.545,0.0,0.0,0.0,0.0,0.709,0.7079999999999999,0.709,0.531,0.0,343.6,342.4,0.0,0.0,0.0,0.0,0.0,0.0,59.95,6000.0,6.367000000000001,-0.407,7.0,2.285,3.09,3.3480000000000003,41.66,20.43,20.73,20.77,20.76,20.38,20.19,20.27,21.13,20.62,20.63,20.89,21.11,19.89,19.96,37.0,28.0,36.0,20.38,0.0,245.4,27.84,2.0,3.519,-1.0,3.305,6.3,4903
2015-12-24 09:54:00,0.0,0.0,1.5,1.933,2.483,2.9330000000000003,1.0,289736.0,16.0,0.0,75.59999999999998,59.5,60.0,1.922,9461.0,1373.0,1378.0,298568.0,2.039,-0.122,2.073,0.998,0.11,2.042,1.0,0.675,269.0,271.0,272.0,272.0,0.818,271.0,0.7909999999999999,271.8,0.8359999999999999,270.0,0.003,13.7,2.0,3.0,0.0,20.23,2.157,332.0,0.0,0.2999999999999999,0.317,0.266,0.2869999999999999,0.31,0.253,0.288,37.18,37.45,0.3529999999999999,39.49,0.281,0.0,20.62,20.39,20.58,67.52,20.59,20.4,20.59,2.033,2.033,2.0340000000000003,1.523,0.0,0.0,0.0,0.0,0.675,0.675,0.675,0.506,0.0,332.1,331.1,0.0,0.0,0.0,0.0,0.0,0.0,59.95,6000.0,6.15,-0.4,7.0,2.137,2.94,3.208,39.62,20.42,20.73,20.78,20.76,20.36,20.18,20.26,21.13,20.6,20.62,20.89,21.12,19.91,19.97,37.0,28.0,36.0,20.38,0.0,263.9,21.58,2.0,3.519,-1.0,3.205,5.8,4903
2015-12-24 09:55:00,0.0,0.0,1.0,1.317,2.0,2.317,1.0,289736.0,16.0,0.0,75.59999999999998,59.5,60.0,1.7180000000000002,9461.0,1373.0,1378.0,298568.0,1.857,-0.262,1.922,0.993,0.226,1.871,1.0,0.6829999999999999,269.0,271.0,272.2,272.0,0.818,271.0,0.7909999999999999,272.0,0.8359999999999999,270.0,0.002,13.7,2.0,3.0,0.0,20.24,1.98,332.1,0.0,0.281,0.296,0.25,0.27,0.288,0.2319999999999999,0.268,34.66,34.87,0.3279999999999999,36.65,0.281,0.0,20.63,20.38,20.61,130.5,20.58,20.4,20.59,1.883,1.882,1.884,1.411,0.0,0.0,0.0,0.0,0.626,0.625,0.626,0.4689999999999999,0.0,332.2,331.1,0.0,0.0,0.0,0.0,0.0,0.0,59.97,6000.0,5.832999999999999,-0.4,7.0,1.972,2.733,3.008,36.81,20.4,20.72,20.78,20.75,20.35,20.17,20.24,21.12,20.58,20.63,20.88,21.12,19.89,19.94,37.0,28.0,36.0,20.39,0.0,272.9,21.76,2.0,3.519,-1.0,2.25,4.3,4903
2015-12-24 09:56:00,0.0,0.0,1.0,1.0,2.0,2.0,1.0,289736.0,16.0,0.0,75.59999999999998,59.5,60.0,1.7,9461.0,1373.0,1378.0,298568.0,1.82,-0.157,1.912,0.996,0.159,1.827,1.0,0.6629999999999999,269.0,271.0,272.1,272.0,0.818,271.0,0.7909999999999999,272.0,0.8359999999999999,270.0,0.003,13.66,2.0,3.0,0.0,20.26,1.957,331.8,0.0,0.275,0.2889999999999999,0.245,0.265,0.2839999999999999,0.231,0.265,34.22,34.52,0.322,36.07,0.2819999999999999,0.0,20.59,20.37,20.59,37.97,20.5,20.42,20.49,1.856,1.854,1.855,1.392,0.0,0.0,0.0,0.0,0.6159999999999999,0.6149999999999999,0.6159999999999999,0.462,0.0,332.0,330.9,0.0,0.0,0.0,0.0,0.0,0.0,59.95,6000.0,5.8,-0.4,7.0,1.895,2.69,2.95,36.24,20.38,20.69,20.74,20.72,20.3,20.11,20.21,21.1,20.53,20.63,20.86,21.08,19.89,19.95,37.0,28.0,36.0,20.37,0.0,271.8,20.49,2.0,3.519,-1.0,4.077,6.3,4903
2015-12-24 09:57:00,0.0,0.0,1.0,1.033,2.0,2.033,1.0,289736.0,16.0,0.0,75.59999999999998,59.5,60.0,1.683,9461.0,1373.0,1378.0,298569.0,1.793,-0.148,1.855,0.997,0.139,1.7990000000000002,1.0,0.667,269.0,271.0,272.1,272.0,0.818,271.0,0.7909999999999999,271.7,0.8359999999999999,270.1,0.003,13.7,2.0,3.0,0.0,20.26,1.918,331.7,0.0,0.271,0.2839999999999999,0.241,0.259,0.28,0.2269999999999999,0.261,33.79,34.14,0.318,35.72,0.281,0.0,20.59,20.35,20.58,78.09,20.5,20.42,20.49,1.84,1.839,1.839,1.378,0.0,0.0,0.0,0.0,0.6109999999999999,0.6099999999999999,0.6099999999999999,0.457,0.0,331.9,330.9,0.0,0.0,0.0,0.0,0.0,0.0,59.95,6000.0,5.582999999999999,-0.4,7.0,1.863,2.67,2.9130000000000003,35.92,20.35,20.67,20.72,20.68,20.25,20.08,20.17,21.08,20.5,20.62,20.85,21.05,19.86,19.93,37.0,28.0,36.0,20.36,0.0,258.6,28.88,2.0,3.519,-1.0,2.395,3.8,4903
2015-12-24 09:58:00,0.0,0.0,1.7,2.0,2.583,3.0,1.0,289736.0,16.0,0.0,75.59999999999998,59.5,60.0,1.948,9461.0,1373.0,1378.0,298569.0,2.072,-0.193,2.108,0.997,0.157,2.0780000000000003,1.0,0.6779999999999999,269.0,271.0,272.0,272.0,0.818,271.0,0.7909999999999999,271.5,0.8359999999999999,270.0,0.003,13.7,2.0,3.0,0.0,20.29,2.198,326.7,0.0,0.3049999999999999,0.321,0.272,0.2919999999999999,0.315,0.254,0.2919999999999999,37.98,38.23,0.356,39.93,0.281,0.0,20.59,20.38,20.6,435.9,20.48,20.41,20.49,2.089,2.089,2.091,1.5659999999999998,0.0,0.0,0.0,0.0,0.6829999999999999,0.6829999999999999,0.684,0.512,0.0,326.9,325.9,0.0,0.0,0.0,0.0,0.0,0.0,59.96,6000.0,6.55,-0.4,7.0,2.198,2.985,3.258,39.97,20.38,20.7,20.74,20.69,20.3,20.11,20.18,21.11,20.52,20.64,20.87,21.08,19.86,19.92,37.0,28.0,36.0,20.34,0.0,226.9,26.19,2.0,3.519,-1.0,3.615,7.7,4903
2015-12-24 09:59:00,0.0,0.0,1.0,1.233,2.0,2.233,1.0,289736.0,16.0,0.0,75.59999999999998,59.5,60.0,1.713,9461.0,1373.0,1378.0,298569.0,1.844,-0.2119999999999999,1.935,0.995,0.188,1.853,1.0,0.677,269.0,271.0,272.0,272.0,0.818,271.0,0.7909999999999999,271.3,0.8359999999999999,270.0,0.003,13.7,2.0,3.0,0.0,20.29,1.975,323.0,0.0,0.28,0.296,0.248,0.2689999999999999,0.288,0.231,0.27,34.73,35.05,0.327,36.64,0.281,0.0,20.59,20.36,20.58,86.09999999999998,20.53,20.4,20.49,1.92,1.92,1.92,1.439,0.0,0.0,0.0,0.0,0.621,0.621,0.621,0.465,0.0,323.4,322.5,0.0,0.0,0.0,0.0,0.0,0.0,59.96,6000.0,6.0,-0.4,7.0,1.943,2.722,3.02,36.7,20.4,20.71,20.75,20.7,20.28,20.11,20.19,21.12,20.56,20.65,20.88,21.09,19.88,19.93,37.0,28.0,36.0,20.31,0.0,231.9,56.92,2.0,3.519,-1.0,2.32,4.0,4903
2015-12-24 10:00:00,0.0,0.0,1.0,1.0,2.0,2.0,1.0,289736.0,16.0,0.0,75.59999999999998,59.5,60.0,1.56,9461.0,1373.0,1378.0,298569.0,1.689,-0.1769999999999999,1.783,0.995,0.1769999999999999,1.6980000000000002,1.0,0.68,269.0,271.0,272.0,272.0,0.818,271.0,0.7909999999999999,271.0,0.8359999999999999,270.0,0.003,13.7,2.0,3.0,0.0,20.31,1.807,322.5,0.0,0.262,0.276,0.2339999999999999,0.253,0.271,0.217,0.253,32.68,32.97,0.3049999999999999,34.13,0.281,0.0,20.5,20.34,20.55,160.3,20.48,20.42,20.49,1.79,1.791,1.7919999999999998,1.341,0.0,0.0,0.0,0.0,0.5779999999999998,0.5779999999999998,0.5779999999999998,0.433,0.0,322.7,321.8,0.0,0.0,0.0,0.0,0.0,0.0,59.96,6000.0,5.367000000000001,-0.4,7.0,1.773,2.5580000000000003,2.827,34.25,20.38,20.68,20.73,20.66,20.22,20.05,20.15,21.11,20.53,20.65,20.87,21.08,19.88,19.91,37.0,28.0,36.0,20.29,0.0,231.6,19.53,2.0,3.519,-1.0,3.928,6.1,4903
2015-12-24 10:01:00,0.0,0.0,1.0,1.0,2.0,2.0,1.0,289736.0,16.0,0.0,75.59999999999998,59.5,60.0,1.497,9461.0,1373.0,1378.0,298569.0,1.612,-0.132,1.713,0.996,0.131,1.618,1.0,0.66,269.0,271.0,272.0,272.0,0.818,271.0,0.7909999999999999,271.0,0.8359999999999999,270.0,0.003,13.7,2.0,1.0,0.0,20.32,1.717,318.1,0.0,0.254,0.266,0.225,0.2419999999999999,0.261,0.211,0.2429999999999999,31.93,32.25,0.2949999999999999,33.57,0.281,0.001,20.49,20.34,20.55,72.09999999999998,20.5,20.4,20.49,1.759,1.758,1.759,1.318,0.0,0.0,0.0,0.0,0.56,0.5589999999999999,0.5589999999999999,0.4189999999999999,0.0,318.3,317.3,0.0,0.0,0.0,0.0,0.0,0.0,59.95,6000.0,5.3,-0.4,7.0,1.675,2.502,2.717,33.51,20.34,20.63,20.71,20.62,20.2,20.01,20.1,21.07,20.49,20.64,20.83,21.05,19.87,19.92,37.0,28.0,36.0,20.29,0.0,288.3,41.14,2.0,3.519,-1.0,2.26,4.0,4903
2015-12-24 10:02:00,0.0,0.0,1.0,1.0,2.0,2.0,1.0,289736.0,16.0,0.0,75.59999999999998,59.5,60.0,1.65,9461.0,1373.0,1378.0,298569.0,1.747,-0.085,1.842,0.998,0.095,1.75,1.0,0.648,269.0,271.0,272.0,272.0,0.818,271.0,0.7909999999999999,271.0,0.8359999999999999,270.0,-0.008,13.31,2.0,1.0,0.0,20.34,1.87,311.7,0.0,0.271,0.2849999999999999,0.2429999999999999,0.26,0.281,0.2269999999999999,0.262,33.98,34.23,0.317,35.74,0.2849999999999999,0.001,20.49,20.22,20.5,61.48,20.58,20.38,20.49,1.904,1.903,1.903,1.426,0.0,0.0,0.0,0.0,0.5939999999999999,0.5939999999999999,0.5939999999999999,0.445,0.0,312.0,311.0,0.0,0.0,0.0,0.0,0.0,0.0,59.94,6000.0,6.0,-0.395,7.0,1.822,2.637,2.875,35.86,20.31,20.61,20.67,20.6,20.21,20.02,20.08,21.04,20.46,20.63,20.82,21.01,19.87,19.91,37.0,28.0,36.0,20.29,0.0,257.2,23.33,2.0,3.521,-1.0,3.172,6.5,4903
2015-12-24 10:03:00,0.0,0.0,1.017,1.4169999999999998,2.067,2.417,1.0,289736.0,16.0,0.0,75.59999999999998,59.5,60.0,1.757,9461.0,1373.0,1378.0,298569.0,1.902,-0.0769999999999999,1.99,0.999,0.0819999999999999,1.904,1.0,0.672,269.0,271.0,272.0,272.0,0.818,271.0,0.7909999999999999,271.0,0.8359999999999999,270.0,0.013,13.66,2.0,3.0,0.0,20.34,2.023,313.0,0.0,0.288,0.3049999999999999,0.258,0.2769999999999999,0.2999999999999999,0.2439999999999999,0.2789999999999999,36.17,36.43,0.34,38.09,0.2819999999999999,0.001,20.49,20.19,20.48,91.6,20.58,20.37,20.49,2.028,2.026,2.027,1.52,0.0,0.0,0.0,0.0,0.635,0.635,0.635,0.476,0.0,313.4,312.3,0.0,0.0,0.0,0.0,0.0,0.0,59.94,6000.0,6.05,-0.3979999999999999,7.0,1.98,2.82,3.04,38.27,20.31,20.6,20.66,20.58,20.19,19.98,20.06,21.03,20.45,20.62,20.79,21.0,19.87,19.91,37.0,28.0,36.0,20.25,0.0,261.7,51.42,2.0,3.519,-1.0,3.262,9.1,4903
2015-12-24 10:04:00,0.0,0.0,2.0,2.0,3.0,3.0,1.0,289736.0,16.0,0.0,75.59999999999998,59.5,60.0,2.1180000000000003,9461.0,1373.0,1378.0,298569.0,2.25,-0.057,2.29,1.0,0.0509999999999999,2.25,1.0,0.675,269.0,271.0,272.0,272.0,0.818,271.0,0.7909999999999999,271.0,0.8359999999999999,270.0,0.003,13.66,2.0,3.0,0.0,20.37,2.373,326.7,0.0,0.324,0.3429999999999999,0.2889999999999999,0.311,0.336,0.2739999999999999,0.313,40.43,40.65,0.382,42.74,0.2819999999999999,0.0,20.49,20.2,20.48,43.92,20.65,20.37,20.49,2.236,2.234,2.236,1.675,0.0,0.0,0.0,0.0,0.7309999999999999,0.7309999999999999,0.7309999999999999,0.5479999999999999,0.0,327.0,325.9,0.0,0.0,0.0,0.0,0.0,0.0,59.94,6000.0,6.95,-0.4,7.0,2.372,3.193,3.448,42.93,20.33,20.62,20.67,20.59,20.19,20.01,20.07,21.04,20.47,20.64,20.82,21.01,19.88,19.91,37.4,28.0,36.0,20.25,0.0,263.4,29.14,2.0,3.521,-1.0,2.692,4.7,4903
2015-12-24 10:05:00,0.0,0.0,2.0,2.0,3.0,3.0,1.0,289736.0,16.0,0.0,75.59999999999998,59.5,60.0,2.298,9461.0,1373.0,1378.0,298569.0,2.442,-0.105,2.4530000000000003,0.999,0.081,2.443,1.0,0.682,269.0,271.0,272.0,272.0,0.818,271.0,0.7909999999999999,271.0,0.8359999999999999,270.0,0.003,13.66,2.0,3.0,0.0,20.37,2.557,338.3,0.0,0.347,0.3689999999999999,0.31,0.335,0.3609999999999999,0.2919999999999999,0.3379999999999999,43.08,43.26,0.4079999999999999,45.34,0.2819999999999999,0.0,20.52,20.25,20.56,67.25,20.66,20.38,20.49,2.3080000000000003,2.307,2.309,1.73,0.0,0.0,0.0,0.0,0.7809999999999999,0.7809999999999999,0.7809999999999999,0.5859999999999999,0.0,338.5,337.5,0.0,0.0,0.0,0.0,0.0,0.0,59.95,6000.0,7.267,-0.4,7.0,2.59,3.41,3.673,45.29,20.36,20.66,20.72,20.63,20.26,20.07,20.12,21.1,20.5,20.7,20.87,21.05,19.9,19.94,37.53,28.0,36.0,20.28,0.0,256.0,25.24,2.0,3.519,-1.0,2.775,4.4,4903
2015-12-24 10:06:00,0.0,0.0,1.633,2.0,3.0,3.0,1.0,289736.0,16.0,0.0,75.59999999999998,59.5,60.0,1.997,9461.0,1373.0,1378.0,298569.0,2.105,-0.0769999999999999,2.128,0.999,0.078,2.107,1.0,0.665,269.2,271.2,272.7,272.2,0.818,271.5,0.7909999999999999,271.9,0.8359999999999999,270.6,0.003,13.66,2.0,3.0,0.0,20.39,2.252,340.6,0.0,0.31,0.3279999999999999,0.276,0.2979999999999999,0.321,0.26,0.3009999999999999,38.47,38.68,0.3639999999999999,40.5,0.2819999999999999,0.0,20.57,20.29,20.58,12.45,20.58,20.38,20.51,2.037,2.036,2.036,1.527,0.0,0.0,0.0,0.0,0.694,0.694,0.694,0.52,0.0,340.8,339.7,0.0,0.0,0.0,0.0,0.0,0.0,59.94,6000.0,6.0,-0.4,7.0,2.2030000000000003,3.013,3.273,40.84,20.36,20.67,20.74,20.65,20.28,20.09,20.14,21.12,20.52,20.74,20.89,21.07,19.91,19.96,38.0,28.0,36.0,20.31,0.0,243.8,46.61,2.0,3.519,-1.0,1.967,3.6,4903
2015-12-24 10:07:00,0.0,0.0,2.0,2.35,3.0,3.35,1.0,289736.0,16.0,0.0,75.59999999999998,59.5,60.0,2.427,9461.0,1373.0,1378.0,298569.0,2.575,-0.118,2.592,0.999,0.08,2.577,1.0,0.667,269.9,271.9,273.0,273.0,0.818,272.0,0.7909999999999999,272.0,0.8359999999999999,271.0,0.003,13.66,2.0,3.0,0.0,20.4,2.697,334.2,0.0,0.3599999999999999,0.381,0.32,0.341,0.371,0.3049999999999999,0.3449999999999999,44.56,44.71,0.4259999999999999,47.57,0.2819999999999999,0.0,20.59,20.29,20.58,125.7,20.63,20.38,20.54,2.458,2.456,2.458,1.841,0.0,0.0,0.0,0.0,0.823,0.822,0.823,0.6159999999999999,0.0,334.6,333.4,0.0,0.0,0.0,0.0,0.0,0.0,59.95,6000.0,7.717,-0.4,7.0,2.722,3.553,3.818,47.9,20.37,20.68,20.76,20.68,20.29,20.1,20.16,21.14,20.54,20.77,20.92,21.09,19.91,19.97,38.0,28.0,36.0,20.32,0.0,267.1,26.87,2.0,3.519,-1.0,4.077,6.7,4903
2015-12-24 10:08:00,0.0,0.0,2.0,2.15,3.0,3.15,1.0,289736.0,16.0,0.0,75.59999999999998,59.5,60.0,2.377,9461.0,1373.0,1378.0,298569.0,2.529,-0.078,2.528,1.0,0.055,2.53,1.0,0.687,269.8,271.8,273.0,273.0,0.818,272.0,0.7909999999999999,272.0,0.8359999999999999,271.0,0.005,13.5,2.0,1.0,0.0,20.41,2.642,342.5,0.0,0.3609999999999999,0.3829999999999999,0.3229999999999999,0.3489999999999999,0.374,0.3019999999999999,0.351,44.53,44.64,0.4229999999999999,46.72,0.2819999999999999,0.001,20.64,20.3,20.63,-96.5,20.66,20.45,20.59,2.346,2.345,2.347,1.758,0.0,0.0,0.0,0.0,0.8029999999999999,0.8029999999999999,0.804,0.6019999999999999,0.0,342.7,341.7,0.0,0.0,0.0,0.0,0.0,0.0,59.94,6000.0,7.433,-0.405,7.0,2.677,3.508,3.76,46.79,20.39,20.69,20.78,20.7,20.33,20.13,20.19,21.16,20.57,20.8,20.94,21.1,19.91,19.98,38.0,28.0,36.0,20.38,0.0,263.7,35.71,2.0,3.521,-1.0,2.827,4.6,4903
2015-12-24 10:09:00,0.0,0.0,1.833,2.0,3.0,3.0,1.0,289736.0,16.0,0.0,75.59999999999998,59.5,60.0,2.072,9461.0,1373.0,1378.0,298569.0,2.202,-0.0529999999999999,2.2230000000000003,1.0,0.05,2.2030000000000003,1.0,0.695,269.3,271.3,273.0,272.6,0.818,271.9,0.7909999999999999,272.0,0.8359999999999999,271.0,0.003,13.7,2.0,3.0,0.0,20.42,2.322,339.9,0.0,0.324,0.342,0.2919999999999999,0.314,0.335,0.2689999999999999,0.313,40.03,40.28,0.376,41.66,0.281,0.0,20.68,20.38,20.66,304.8,20.6,20.5,20.59,2.112,2.11,2.113,1.5830000000000002,0.0,0.0,0.0,0.0,0.7179999999999999,0.7179999999999999,0.7179999999999999,0.5379999999999999,0.0,340.1,339.1,0.0,0.0,0.0,0.0,0.0,0.0,59.94,6000.0,6.582999999999999,-0.402,7.0,2.31,3.138,3.378,41.98,20.42,20.73,20.8,20.72,20.36,20.16,20.21,21.19,20.59,20.82,20.97,21.12,19.9,19.96,38.0,28.0,36.0,20.42,0.0,242.8,17.69,2.0,3.521,-1.0,3.11,4.8,4903
2015-12-24 10:10:00,0.0,0.0,1.183,1.867,2.383,2.867,1.0,289736.0,16.0,0.0,75.59999999999998,59.5,60.0,1.89,9461.0,1373.0,1378.0,298569.0,2.017,-0.085,2.0380000000000003,0.999,0.083,2.019,1.0,0.677,269.2,271.2,273.0,272.5,0.818,271.8,0.7909999999999999,272.0,0.8359999999999999,271.0,0.003,13.7,2.0,3.0,0.0,20.45,2.125,341.9,0.0,0.3029999999999999,0.32,0.27,0.291,0.31,0.249,0.2889999999999999,37.22,37.4,0.3549999999999999,39.37,0.281,0.0,20.68,20.38,20.68,33.27,20.58,20.48,20.59,1.964,1.962,1.964,1.472,0.0,0.0,0.0,0.0,0.672,0.6709999999999999,0.672,0.504,0.0,342.1,341.0,0.0,0.0,0.0,0.0,0.0,0.0,59.94,6000.0,6.0,-0.4029999999999999,7.0,2.1,2.935,3.165,39.74,20.45,20.75,20.82,20.75,20.38,20.19,20.24,21.2,20.62,20.82,20.98,21.14,19.9,19.92,38.0,28.0,36.0,20.42,0.0,232.3,20.17,2.0,3.519,-1.0,3.17,4.5,4903
2015-12-24 10:11:00,0.0,0.0,1.067,1.917,2.1830000000000003,2.917,1.0,289736.0,16.0,0.0,75.59999999999998,59.5,60.0,1.86,9461.0,1373.0,1378.0,298569.0,1.991,-0.127,2.028,0.998,0.125,1.995,1.0,0.695,269.0,271.0,273.0,272.1,0.818,271.4,0.7909999999999999,272.0,0.8359999999999999,271.0,0.003,13.7,2.0,3.0,0.0,20.45,2.102,342.1,0.0,0.3009999999999999,0.318,0.268,0.288,0.308,0.248,0.286,36.96,37.19,0.352,39.03,0.281,0.0,20.68,20.38,20.68,-68.4,20.58,20.48,20.59,1.94,1.938,1.941,1.453,0.0,0.0,0.0,0.0,0.664,0.6629999999999999,0.664,0.497,0.0,342.3,341.2,0.0,0.0,0.0,0.0,0.0,0.0,59.95,6000.0,6.0,-0.4079999999999999,7.0,2.083,2.89,3.135,39.44,20.45,20.73,20.83,20.76,20.35,20.19,20.25,21.2,20.61,20.82,20.97,21.15,19.9,19.95,38.0,28.0,36.0,20.41,0.0,269.3,35.63,2.0,3.519,-1.0,3.267,5.5,4903
2015-12-24 10:12:00,0.0,0.0,1.883,2.0,2.95,3.0,1.0,289736.0,16.0,0.0,75.59999999999998,59.5,60.0,2.047,9461.0,1373.0,1378.0,298569.0,2.204,-0.048,2.225,1.0,0.05,2.204,1.0,0.695,269.0,271.0,272.9,272.0,0.818,271.1,0.7909999999999999,272.0,0.8359999999999999,270.7,0.003,13.7,2.0,3.0,0.0,20.47,2.3,348.4,0.0,0.33,0.347,0.296,0.316,0.3389999999999999,0.273,0.315,40.69,40.89,0.382,42.51,0.281,0.0,20.75,20.38,20.68,338.6,20.56,20.48,20.59,2.071,2.067,2.071,1.5519999999999998,0.0,0.0,0.0,0.0,0.7219999999999999,0.7209999999999999,0.7219999999999999,0.541,0.0,348.7,347.5,0.0,0.0,0.0,0.0,0.0,0.0,59.94,6000.0,6.267,-0.4279999999999999,7.0,2.313,3.133,3.375,42.9,20.43,20.73,20.83,20.76,20.36,20.2,20.25,21.2,20.59,20.83,20.97,21.15,19.89,19.97,38.0,28.0,36.0,20.44,0.0,284.0,56.03,2.0,3.521,-1.0,1.938,4.7,4903
2015-12-24 10:13:00,0.0,0.0,1.45,2.0,2.55,3.0,1.0,289736.0,16.0,0.0,75.59999999999998,59.5,60.0,1.953,9461.0,1373.0,1378.0,298569.0,2.067,-0.155,2.07,0.998,0.136,2.071,1.0,0.697,269.0,271.0,273.0,272.2,0.818,271.4,0.7909999999999999,272.0,0.8359999999999999,271.0,0.002,13.58,2.0,1.0,0.0,20.48,2.193,343.5,0.0,0.311,0.3289999999999999,0.278,0.2999999999999999,0.319,0.256,0.2969999999999999,38.25,38.44,0.3629999999999999,40.24,0.281,0.001,20.74,20.38,20.68,-0.651,20.53,20.48,20.59,1.991,1.991,1.993,1.492,0.0,0.0,0.0,0.0,0.684,0.684,0.685,0.513,0.0,343.8,342.6,0.0,0.0,0.0,0.0,0.0,0.0,59.95,6000.0,6.0,-0.4029999999999999,7.0,2.168,2.965,3.235,40.5,20.45,20.76,20.86,20.78,20.39,20.22,20.27,21.24,20.63,20.86,21.01,21.17,19.9,19.93,38.0,28.0,36.28,20.47,0.0,217.9,39.38,2.0,3.519,-1.0,1.713,4.4,4903
2015-12-24 10:14:00,0.0,0.0,1.133,1.4,2.2,2.4,1.0,289736.0,16.0,0.0,75.59999999999998,59.5,60.0,1.8,9461.0,1373.0,1378.0,298569.0,1.936,-0.133,1.978,0.997,0.1409999999999999,1.941,1.0,0.693,269.0,271.0,272.9,272.1,0.818,271.4,0.7909999999999999,272.0,0.8359999999999999,271.0,0.004,13.7,2.0,3.0,0.0,20.49,2.0580000000000003,342.8,0.0,0.2949999999999999,0.311,0.261,0.281,0.2989999999999999,0.2399999999999999,0.278,36.01,36.25,0.3439999999999999,38.37,0.281,0.0,20.68,20.4,20.68,-3.216,20.48,20.48,20.59,1.896,1.893,1.896,1.423,0.0,0.0,0.0,0.0,0.65,0.649,0.65,0.4879999999999999,0.0,343.1,341.9,0.0,0.0,0.0,0.0,0.0,0.0,59.95,6000.0,5.683,-0.412,7.0,2.005,2.802,3.0580000000000003,38.77,20.45,20.76,20.85,20.78,20.38,20.21,20.27,21.23,20.61,20.85,21.0,21.17,19.91,19.95,38.0,28.0,36.52,20.43,0.0,239.3,21.33,2.0,3.519,-1.0,4.415,7.8,4903
2015-12-24 10:15:00,0.0,0.0,2.0,2.0,3.0,3.0,1.0,289736.0,16.0,0.0,75.59999999999998,59.5,60.0,2.232,9461.0,1373.0,1378.0,298569.0,2.358,-0.2269999999999999,2.358,0.997,0.182,2.365,1.0,0.675,269.0,271.0,272.9,272.1,0.818,271.6,0.7909999999999999,272.0,0.8359999999999999,271.0,0.003,13.7,2.0,3.0,0.0,20.5,2.503,343.2,0.0,0.3429999999999999,0.3629999999999999,0.307,0.3289999999999999,0.352,0.283,0.326,42.4,42.58,0.397,44.37,0.281,0.0,20.68,20.4,20.68,88.59999999999998,20.48,20.48,20.6,2.22,2.219,2.22,1.664,0.0,0.0,0.0,0.0,0.762,0.762,0.762,0.571,0.0,343.5,342.5,0.0,0.0,0.0,0.0,0.0,0.0,59.96,6000.0,6.9670000000000005,-0.4,7.0,2.525,3.29,3.568,44.56,20.44,20.76,20.84,20.77,20.34,20.18,20.25,21.22,20.6,20.84,20.99,21.16,19.91,19.95,38.0,28.0,36.98,20.39,0.0,258.1,28.11,2.0,3.521,-1.0,4.245,8.699999999999998,4903
2015-12-24 10:16:00,0.0,0.0,1.533,1.95,2.65,2.95,1.0,289736.0,16.0,0.0,75.59999999999998,59.5,60.0,1.963,9461.0,1373.0,1378.0,298569.0,2.109,-0.138,2.125,0.998,0.123,2.113,1.0,0.667,269.0,271.0,272.9,272.1,0.818,271.6,0.7909999999999999,272.0,0.8359999999999999,270.9,0.003,13.7,2.0,3.0,0.0,20.51,2.227,349.5,0.0,0.322,0.341,0.2869999999999999,0.311,0.3289999999999999,0.262,0.309,39.54,39.78,0.373,41.55,0.281,0.0,20.68,20.42,20.68,284.5,20.48,20.48,20.6,1.99,1.991,1.991,1.493,0.0,0.0,0.0,0.0,0.696,0.696,0.696,0.522,0.0,349.6,348.6,0.0,0.0,0.0,0.0,0.0,0.0,59.95,6000.0,6.1,-0.412,7.0,2.202,3.023,3.255,41.74,20.45,20.76,20.85,20.76,20.36,20.18,20.24,21.21,20.6,20.84,21.0,21.17,19.91,19.96,38.0,28.0,37.0,20.43,0.0,249.3,37.46,2.0,3.519,-1.0,3.192,7.3,4903
2015-12-24 10:17:00,0.0,0.0,2.0,2.0,3.0,3.0,2.0,289737.0,16.0,0.0,75.59999999999998,59.5,60.0,2.337,9461.0,1373.0,1378.0,298569.0,2.481,-0.115,2.4730000000000003,0.999,0.088,2.482,1.0,0.6679999999999999,269.3,271.1,273.0,272.5,0.818,272.0,0.7909999999999999,272.0,0.8359999999999999,271.0,0.003,13.7,2.0,3.0,0.0,20.53,2.612,342.3,0.0,0.356,0.379,0.32,0.3439999999999999,0.3679999999999999,0.296,0.346,44.38,44.55,0.4129999999999999,46.16,0.281,0.0,20.68,20.41,20.68,46.59,20.48,20.48,20.65,2.319,2.319,2.319,1.735,0.0,0.0,0.0,0.0,0.794,0.794,0.794,0.5939999999999999,0.0,342.2,341.5,0.0,0.0,0.0,0.0,0.0,0.0,59.95,6000.0,7.417,-0.4129999999999999,7.0,2.635,3.45,3.703,46.08,20.49,20.8,20.88,20.77,20.38,20.2,20.27,21.23,20.62,20.84,21.01,21.21,19.91,19.95,38.0,28.0,37.0,20.42,0.0,216.9,35.73,2.0,3.521,-1.0,2.89,4.7,4903
2015-12-24 10:18:00,0.0,0.0,1.0,1.1,2.017,2.1,2.0,289737.0,16.0,0.0,75.59999999999998,59.5,60.0,1.578,9461.0,1373.0,1378.0,298569.0,1.706,-0.1419999999999999,1.7719999999999998,0.997,0.1369999999999999,1.711,1.0,0.66,269.4,271.3,273.0,272.7,0.818,271.9,0.7909999999999999,272.0,0.8359999999999999,271.0,0.003,13.7,2.0,3.0,0.0,20.55,1.823,333.6,0.0,0.267,0.283,0.2339999999999999,0.257,0.268,0.2119999999999999,0.255,32.36,32.68,0.31,34.56,0.281,0.001,20.66,20.4,20.68,-13.7,20.48,20.48,20.58,1.755,1.755,1.755,1.315,1.0,1.0,1.0,0.0,0.5859999999999999,0.5859999999999999,0.5859999999999999,0.439,0.0,333.9,332.8,0.0,0.0,0.0,0.0,0.0,0.0,59.95,6000.0,5.317,-0.4,7.0,1.743,2.5580000000000003,2.787,34.81,20.45,20.76,20.86,20.76,20.38,20.19,20.25,21.21,20.6,20.83,21.0,21.19,19.92,19.94,38.0,28.0,37.0,20.42,0.0,261.0,26.58,2.0,3.519,-1.0,2.713,4.0,4903
2015-12-24 10:19:00,0.0,0.0,1.0,1.183,2.0,2.1830000000000003,2.0,289737.0,16.0,0.0,75.59999999999998,59.5,60.0,1.735,9461.0,1373.0,1378.0,298569.0,1.886,-0.1369999999999999,1.947,0.997,0.138,1.891,1.0,0.6579999999999999,269.6,271.4,273.0,272.8,0.818,272.0,0.7909999999999999,272.0,0.8359999999999999,271.0,0.001,13.37,2.0,1.0,0.0,20.56,2.0,338.1,0.0,0.2819999999999999,0.2989999999999999,0.252,0.272,0.291,0.238,0.275,35.36,35.6,0.3339999999999999,37.48,0.2819999999999999,0.001,20.65,20.44,20.68,45.24,20.48,20.48,20.59,1.879,1.877,1.875,1.406,1.0,1.0,1.0,0.0,0.636,0.635,0.634,0.476,0.0,338.2,337.3,0.0,0.0,0.0,0.0,0.0,0.0,59.95,6000.0,5.933,-0.4,7.0,1.962,2.765,3.007,37.59,20.43,20.74,20.83,20.75,20.37,20.18,20.24,21.2,20.59,20.82,20.98,21.15,19.91,19.93,38.0,28.0,37.0,20.4,0.0,239.1,32.62,2.0,3.521,-1.0,2.572,4.5,4903
2015-12-24 10:20:00,0.0,0.0,1.5,1.717,2.45,2.717,2.0,289737.0,16.0,0.0,75.59999999999998,59.5,60.0,1.908,9461.0,1373.0,1378.0,298569.0,2.044,-0.153,2.085,0.998,0.138,2.049,1.0,0.6579999999999999,269.5,271.3,273.0,272.7,0.818,272.0,0.7909999999999999,272.0,0.8359999999999999,271.0,0.003,13.66,2.0,3.0,0.0,20.56,2.16,335.4,0.0,0.2979999999999999,0.316,0.267,0.2849999999999999,0.307,0.25,0.2849999999999999,37.32,37.54,0.351,39.65,0.2819999999999999,0.0,20.63,20.38,20.68,-1.244,20.48,20.48,20.59,2.03,2.027,2.026,1.52,1.0,1.0,1.0,0.0,0.6809999999999999,0.68,0.679,0.51,0.0,335.5,334.7,0.0,0.0,0.0,0.0,0.0,0.0,59.95,6000.0,6.25,-0.4,7.0,2.138,2.955,3.2030000000000003,39.92,20.41,20.72,20.82,20.73,20.33,20.16,20.22,21.18,20.54,20.81,20.96,21.14,19.91,19.93,38.0,28.0,37.0,20.39,0.0,284.7,60.09,2.0,3.519,-1.0,2.02,3.1,4903
2015-12-24 10:21:00,0.0,0.0,1.783,2.0,3.0,3.0,2.0,289737.0,16.0,0.0,75.59999999999998,59.5,60.0,2.04,9461.0,1373.0,1378.0,298569.0,2.171,-0.0749999999999999,2.208,0.999,0.0709999999999999,2.172,1.0,0.657,269.3,271.1,273.0,272.4,0.818,272.0,0.7909999999999999,272.0,0.8359999999999999,271.0,0.003,13.66,2.0,3.0,0.0,20.58,2.295,327.1,0.0,0.314,0.332,0.28,0.3019999999999999,0.3229999999999999,0.261,0.3019999999999999,39.13,39.36,0.3679999999999999,41.5,0.2819999999999999,0.0,20.68,20.38,20.68,-75.26,20.53,20.48,20.59,2.167,2.166,2.167,1.624,1.0,1.0,1.0,0.0,0.7099999999999999,0.709,0.7099999999999999,0.532,0.0,327.4,326.4,0.0,0.0,0.0,0.0,0.0,0.0,59.94,6000.0,6.783,-0.4,7.0,2.265,3.105,3.338,41.71,20.39,20.71,20.8,20.72,20.33,20.14,20.21,21.17,20.54,20.82,20.95,21.12,19.91,19.95,38.0,28.0,37.0,20.4,0.0,273.2,32.44,2.0,3.519,-1.0,2.588,4.4,4903
2015-12-24 10:22:00,0.0,0.0,2.0,2.0,3.0,3.0,2.0,289737.0,16.0,0.0,75.59999999999998,59.5,60.0,2.487,9461.0,1373.0,1378.0,298569.0,2.628,-0.063,2.612,1.0,0.0409999999999999,2.628,1.0,0.67,269.3,271.1,273.0,272.2,0.818,271.9,0.7909999999999999,272.0,0.8359999999999999,271.0,0.003,13.66,2.0,3.0,0.0,20.59,2.732,332.1,0.0,0.3679999999999999,0.389,0.331,0.3549999999999999,0.381,0.308,0.3549999999999999,46.34,46.42,0.4299999999999999,48.57,0.2819999999999999,0.0,20.65,20.42,20.68,40.9,20.63,20.51,20.59,2.508,2.507,2.508,1.88,1.0,1.0,1.0,0.0,0.832,0.832,0.832,0.624,0.0,332.4,331.3,0.0,0.0,0.0,0.0,0.0,0.0,59.94,6000.0,7.917,-0.39,7.0,2.787,3.62,3.872,48.71,20.4,20.73,20.8,20.73,20.35,20.16,20.22,21.19,20.56,20.83,20.98,21.13,19.91,19.95,38.0,28.0,37.0,20.42,0.0,260.7,22.57,2.0,3.519,-1.0,3.193,5.8,4903
2015-12-24 10:23:00,0.0,0.0,2.417,2.9,3.55,3.9,2.0,289737.0,16.0,0.0,75.59999999999998,59.5,60.0,2.805,9461.0,1373.0,1378.0,298569.0,2.955,-0.0919999999999999,2.927,1.0,0.052,2.9560000000000004,1.0,0.677,269.1,271.0,273.0,272.3,0.818,271.7,0.7909999999999999,272.0,0.8359999999999999,271.0,0.003,13.66,2.0,3.0,0.0,20.61,3.068,322.8,0.0,0.4099999999999999,0.434,0.3649999999999999,0.391,0.417,0.3379999999999999,0.386,50.69,50.78,0.477,53.94,0.2819999999999999,0.0,20.66,20.49,20.73,73.73999999999998,20.73,20.56,20.65,2.845,2.844,2.844,2.132,1.0,1.0,1.0,0.0,0.917,0.917,0.917,0.687,0.0,322.8,322.2,0.0,0.0,0.0,0.0,0.0,0.0,59.94,6000.0,9.48,-0.3779999999999999,7.0,3.162,3.983,4.255,53.97,20.44,20.79,20.85,20.77,20.38,20.2,20.26,21.25,20.64,20.89,21.04,21.18,19.9,19.93,38.0,28.0,37.0,20.45,0.0,243.5,24.36,2.0,3.521,-1.0,2.32,4.0,4903
2015-12-24 10:24:00,0.0,0.0,2.567,3.0,3.8,4.0,2.0,289737.0,16.0,0.0,75.59999999999998,59.5,60.0,2.857,9461.0,1373.0,1378.0,298569.0,2.988,-0.1669999999999999,2.952,0.999,0.107,2.99,1.0,0.662,269.3,271.1,273.0,272.8,0.818,272.0,0.7909999999999999,272.0,0.8359999999999999,271.0,-0.0069999999999999,13.45,2.0,1.0,0.0,20.61,3.13,322.9,0.0,0.4139999999999999,0.442,0.3659999999999999,0.395,0.421,0.342,0.396,51.15,51.26,0.4849999999999999,54.69,0.2819999999999999,0.001,20.71,20.48,20.77,35.85,20.93,20.6,20.66,2.861,2.857,2.86,2.144,1.0,1.0,1.0,0.0,0.924,0.923,0.924,0.693,0.0,323.4,322.3,0.0,0.0,0.0,0.0,0.0,0.0,59.96,6000.0,9.65,-0.385,7.0,3.213,4.015,4.29,54.45,20.48,20.84,20.91,20.82,20.42,20.22,20.3,21.32,20.7,20.95,21.11,21.23,19.91,19.94,38.83,28.0,37.0,20.51,0.0,246.1,20.91,2.0,3.521,-1.0,2.33,4.8,4903
2015-12-24 10:25:00,0.0,0.0,2.0,2.283,3.017,3.283,2.0,289737.0,16.0,0.0,75.59999999999998,59.5,60.0,2.505,9461.0,1373.0,1378.0,298570.0,2.67,-0.1499999999999999,2.68,0.999,0.096,2.672,1.0,0.685,269.2,271.1,273.0,272.8,0.818,272.0,0.7909999999999999,272.0,0.8359999999999999,271.0,0.0139999999999999,13.52,2.0,3.0,0.0,20.62,2.79,336.9,0.0,0.372,0.397,0.33,0.3599999999999999,0.38,0.3039999999999999,0.3579999999999999,46.03,46.09,0.433,48.63,0.283,0.001,20.79,20.51,20.77,58.02,20.97,20.68,20.73,2.498,2.497,2.497,1.872,1.0,1.0,1.0,0.0,0.842,0.842,0.842,0.631,0.0,337.0,336.0,0.0,0.0,0.0,0.0,0.0,0.0,59.95,6000.0,8.099999999999998,-0.4,7.0,2.857,3.657,3.913,48.57,20.51,20.87,20.94,20.85,20.46,20.27,20.33,21.37,20.75,21.01,21.17,21.26,19.94,19.97,39.0,28.0,37.0,20.49,0.0,232.8,66.29,2.0,3.521,-1.0,1.96,4.3,4903
2015-12-24 10:26:00,0.0,0.0,2.0,2.0,3.0,3.0,2.0,289737.0,16.0,0.0,75.59999999999998,59.5,60.0,2.512,9461.0,1373.0,1378.0,298570.0,2.665,-0.1769999999999999,2.66,0.999,0.13,2.668,1.0,0.677,269.1,271.0,273.0,272.5,0.818,271.9,0.7909999999999999,272.0,0.8359999999999999,271.0,0.003,13.7,2.0,3.0,0.0,20.64,2.802,348.0,0.0,0.379,0.4029999999999999,0.335,0.3599999999999999,0.382,0.3059999999999999,0.356,46.45,46.52,0.439,49.52,0.2819999999999999,0.0,20.79,20.48,20.77,-15.79,20.93,20.64,20.74,2.428,2.421,2.425,1.821,1.0,1.0,1.0,0.0,0.8449999999999999,0.8429999999999999,0.844,0.634,0.0,348.2,347.1,0.0,0.0,0.0,0.0,0.0,0.0,59.96,6000.0,7.732999999999999,-0.4099999999999999,7.0,2.853,3.653,3.918,49.52,20.51,20.87,20.94,20.84,20.42,20.23,20.33,21.39,20.77,21.03,21.18,21.26,19.96,20.0,39.0,28.0,37.0,20.49,0.0,265.3,20.65,2.0,3.521,-1.0,3.71,5.4,4903
2015-12-24 10:27:00,0.0,0.0,1.85,2.0,2.95,3.0,2.0,289737.0,16.0,0.0,75.59999999999998,59.5,60.0,2.12,9461.0,1373.0,1378.0,298570.0,2.272,-0.19,2.29,0.997,0.161,2.277,1.0,0.687,269.1,271.1,273.0,272.7,0.818,271.7,0.7909999999999999,272.0,0.8359999999999999,271.0,0.003,13.7,2.0,3.0,0.0,20.65,2.408,355.8,0.0,0.3479999999999999,0.37,0.309,0.337,0.3549999999999999,0.2839999999999999,0.337,43.16,43.28,0.4029999999999999,45.37,0.2819999999999999,0.0,20.79,20.48,20.79,236.5,20.87,20.64,20.76,2.077,2.075,2.0780000000000003,1.5630000000000002,1.0,1.0,1.0,0.0,0.7390000000000001,0.7379999999999999,0.7390000000000001,0.556,0.0,355.8,354.8,0.0,0.0,0.0,0.0,0.0,0.0,59.96,6000.0,6.417000000000001,-0.4,7.0,2.397,3.197,3.452,45.27,20.51,20.87,20.93,20.84,20.43,20.24,20.32,21.4,20.76,21.01,21.17,21.25,19.99,20.02,39.0,28.0,37.0,20.54,0.0,272.2,29.62,2.0,3.521,-1.0,3.148,7.5,4903
2015-12-24 10:28:00,0.0,0.0,2.0,2.0,3.0,3.0,2.0,289737.0,16.0,0.0,75.59999999999998,59.5,60.0,2.102,9461.0,1373.0,1378.0,298570.0,2.261,-0.188,2.283,0.998,0.155,2.267,1.0,0.6829999999999999,269.0,271.0,272.9,272.4,0.818,271.4,0.7909999999999999,272.0,0.8359999999999999,271.0,0.003,13.7,2.0,3.0,0.0,20.66,2.38,356.7,0.0,0.3449999999999999,0.3649999999999999,0.307,0.331,0.352,0.2839999999999999,0.3289999999999999,42.94,43.06,0.401,45.42,0.281,0.0,20.79,20.55,20.86,159.2,20.8,20.68,20.72,2.084,2.077,2.066,1.556,1.0,1.0,1.0,0.0,0.7429999999999999,0.7409999999999999,0.7369999999999999,0.555,0.0,356.7,355.7,0.0,0.0,0.0,0.0,0.0,0.0,59.96,6000.0,6.3,-0.402,7.0,2.38,3.178,3.438,45.53,20.49,20.85,20.92,20.83,20.43,20.23,20.31,21.38,20.75,21.01,21.16,21.23,19.99,20.03,39.0,28.0,37.0,20.56,0.0,261.1,26.32,2.0,3.521,-1.0,2.293,5.3,4903
2015-12-24 10:29:00,0.0,0.0,2.0,2.0,3.0,3.0,2.0,289737.0,16.0,0.0,75.59999999999998,59.5,60.0,2.333,9461.0,1373.0,1378.0,298570.0,2.477,-0.14,2.468,0.999,0.119,2.48,1.0,0.692,269.1,271.1,273.0,272.7,0.818,271.7,0.7909999999999999,272.0,0.8359999999999999,271.0,0.003,13.7,2.0,3.0,0.0,20.67,2.6,356.3,0.0,0.3689999999999999,0.39,0.3289999999999999,0.352,0.373,0.2979999999999999,0.3479999999999999,45.4,45.48,0.4259999999999999,48.25,0.2819999999999999,0.0,20.79,20.58,20.87,46.19,20.77,20.68,20.73,2.232,2.231,2.24,1.675,1.0,1.0,1.0,0.0,0.7959999999999999,0.795,0.799,0.5969999999999999,0.0,356.4,355.3,0.0,0.0,0.0,0.0,0.0,0.0,59.95,6000.0,7.05,-0.405,7.0,2.64,3.4330000000000003,3.7,48.39,20.49,20.85,20.92,20.83,20.43,20.23,20.31,21.38,20.75,21.03,21.15,21.24,19.99,20.02,39.0,28.0,37.0,20.59,0.0,261.7,23.09,2.0,3.519,-1.0,2.545,4.6,4903
2015-12-24 10:30:00,0.0,0.0,2.0,2.317,3.0,3.317,2.0,289737.0,16.0,0.0,75.59999999999998,59.5,60.0,2.595,9461.0,1373.0,1378.0,298570.0,2.757,-0.162,2.735,0.999,0.121,2.76,1.0,0.69,269.0,271.0,272.9,272.5,0.818,271.6,0.7909999999999999,272.0,0.8359999999999999,271.0,0.0,13.47,2.0,1.0,0.0,20.69,2.867,351.2,0.0,0.3939999999999999,0.417,0.347,0.374,0.392,0.312,0.3659999999999999,47.75,47.74,0.452,51.18,0.283,0.001,20.89,20.58,20.87,60.08,20.77,20.73,20.71,2.477,2.476,2.475,1.856,1.0,1.0,1.0,0.0,0.87,0.87,0.8690000000000001,0.652,0.0,351.3,350.2,0.0,0.0,0.0,0.0,0.0,0.0,59.96,6000.0,7.917,-0.417,7.0,2.977,3.747,4.025,51.09,20.52,20.89,20.95,20.85,20.46,20.26,20.33,21.4,20.79,21.05,21.19,21.27,20.0,20.03,39.0,28.0,37.0,20.6,0.0,246.1,22.08,2.0,3.519,-1.0,2.963,6.4,4903
2015-12-24 10:31:00,0.0,0.0,2.5,2.9,3.517,3.9,2.0,289737.0,16.0,0.0,75.59999999999998,59.5,60.0,2.807,9461.0,1373.0,1378.0,298570.0,2.974,-0.168,2.955,0.999,0.115,2.9760000000000004,1.0,0.7029999999999998,269.0,271.0,272.9,272.8,0.818,271.7,0.7909999999999999,272.0,0.8359999999999999,271.0,0.005,13.66,2.0,3.0,0.0,20.69,3.08,331.8,0.0,0.4099999999999999,0.436,0.3629999999999999,0.392,0.4149999999999999,0.336,0.39,50.62,50.67,0.4739999999999999,53.74,0.283,0.0,20.89,20.58,20.87,-14.54,20.81,20.77,20.74,2.785,2.784,2.782,2.084,1.0,1.0,1.0,0.0,0.924,0.924,0.923,0.692,0.0,332.0,331.1,0.0,0.0,0.0,0.0,0.0,0.0,59.96,6000.0,9.08,-0.4,7.0,3.2230000000000003,3.998,4.262,53.47,20.53,20.89,20.98,20.87,20.47,20.27,20.35,21.42,20.79,21.04,21.2,21.3,20.02,20.07,39.0,28.0,37.0,20.62,0.0,276.7,23.95,2.0,3.518,-1.0,3.428,5.2,4903
2015-12-24 10:32:00,0.0,0.0,2.0,2.0,3.0,3.0,2.0,289737.0,16.0,0.0,75.59999999999998,59.5,60.0,2.59,9461.0,1373.0,1378.0,298570.0,2.728,-0.158,2.697,0.999,0.109,2.7310000000000003,1.0,0.698,269.3,271.3,273.0,273.0,0.818,271.9,0.7909999999999999,272.0,0.8359999999999999,271.0,0.003,13.66,2.0,3.0,0.0,20.71,2.847,317.5,0.0,0.389,0.4149999999999999,0.3439999999999999,0.373,0.3929999999999999,0.315,0.372,47.89,47.96,0.449,50.87,0.2819999999999999,0.0,20.89,20.6,20.9,40.86,20.97,20.77,20.74,2.688,2.687,2.688,2.015,1.0,1.0,1.0,0.0,0.854,0.854,0.854,0.64,0.0,317.8,316.8,0.0,0.0,0.0,0.0,0.0,0.0,59.95,6000.0,8.599999999999998,-0.4,7.0,2.927,3.705,3.983,50.51,20.55,20.91,20.99,20.89,20.51,20.3,20.37,21.42,20.81,21.08,21.2,21.3,20.04,20.09,39.0,28.0,37.0,20.65,0.0,248.2,27.85,2.0,3.519,-1.0,2.647,4.2,4903
2015-12-24 10:33:00,0.0,0.0,1.617,1.733,2.567,2.733,2.0,289737.0,16.0,0.0,75.59999999999998,59.5,60.0,2.023,9461.0,1373.0,1378.0,298570.0,2.1630000000000003,-0.2119999999999999,2.198,0.996,0.171,2.17,1.0,0.712,269.0,271.0,272.9,272.7,0.818,271.1,0.7909999999999999,272.0,0.8359999999999999,271.0,0.003,13.66,2.0,3.0,0.0,20.72,2.275,324.6,0.0,0.322,0.342,0.286,0.313,0.324,0.252,0.3059999999999999,39.16,39.31,0.3679999999999999,41.31,0.2819999999999999,0.0,20.97,20.66,20.97,,21.06,20.77,20.78,2.1630000000000003,2.162,2.164,1.622,1.0,1.0,1.0,0.0,0.7029999999999998,0.7029999999999998,0.7029999999999998,0.527,0.0,324.9,323.8,0.0,0.0,0.0,0.0,0.0,0.0,59.96,6000.0,6.8,-0.4,7.0,2.318,3.067,3.335,41.23,20.55,20.91,21.0,20.89,20.51,20.31,20.38,21.43,20.81,21.08,21.21,21.31,20.06,20.09,39.0,28.0,37.0,20.67,0.0,278.3,30.13,2.0,3.519,-1.0,1.827,3.1,4903
2015-12-24 10:34:00,0.0,0.0,1.733,1.85,2.617,2.85,2.0,289737.0,16.0,0.0,75.59999999999998,59.5,60.0,1.923,9461.0,1373.0,1378.0,298570.0,2.043,-0.14,2.087,0.998,0.131,2.048,1.0,0.698,269.1,271.0,273.0,272.7,0.818,271.4,0.7909999999999999,272.0,0.8359999999999999,271.0,0.003,13.66,2.0,3.0,0.0,20.72,2.162,319.4,0.0,0.3039999999999999,0.321,0.2689999999999999,0.291,0.308,0.249,0.288,37.59,37.76,0.351,39.81,0.2819999999999999,0.0,20.99,20.66,20.97,173.6,21.12,20.77,20.69,2.113,2.112,2.113,1.584,1.0,1.0,1.0,0.0,0.6759999999999999,0.675,0.6759999999999999,0.506,0.0,319.9,318.7,0.0,0.0,0.0,0.0,0.0,0.0,59.95,6000.0,6.6,-0.4,7.0,2.173,2.947,3.188,40.24,20.53,20.88,20.97,20.87,20.5,20.28,20.36,21.39,20.76,21.06,21.17,21.29,20.04,20.11,39.0,28.0,37.0,20.67,0.0,265.7,39.46,2.0,3.519,-1.0,1.95,4.2,4903
2015-12-24 10:35:00,0.0,0.0,1.517,2.0,2.5,3.0,2.0,289737.0,16.0,0.0,75.59999999999998,59.5,60.0,1.965,9461.0,1373.0,1378.0,298570.0,2.097,-0.152,2.12,0.998,0.129,2.101,1.0,0.68,269.0,271.0,272.6,272.1,0.818,271.1,0.7909999999999999,272.0,0.8359999999999999,270.9,0.003,13.66,2.0,3.0,0.0,20.74,2.182,325.3,0.0,0.309,0.326,0.2739999999999999,0.296,0.312,0.253,0.2929999999999999,38.33,38.44,0.357,40.72,0.2819999999999999,0.0,20.93,20.6,20.97,54.01,21.15,20.77,20.71,2.121,2.1180000000000003,2.12,1.589,1.0,1.0,1.0,0.0,0.691,0.69,0.69,0.518,0.0,325.6,324.5,0.0,0.0,0.0,0.0,0.0,0.0,59.95,6000.0,6.4,-0.4,7.0,2.225,3.007,3.265,40.73,20.52,20.86,20.94,20.84,20.44,20.25,20.33,21.37,20.72,21.05,21.15,21.26,20.06,20.13,39.0,28.0,37.0,20.65,0.0,253.6,28.23,2.0,3.519,-1.0,2.7430000000000003,6.2,4903
2015-12-24 10:36:00,0.0,0.0,2.0,2.0,3.0,3.0,2.0,289737.0,16.0,0.0,75.59999999999998,59.5,60.0,2.267,9461.0,1373.0,1378.0,298570.0,2.405,-0.188,2.398,0.998,0.1459999999999999,2.4090000000000003,1.0,0.68,269.0,271.0,272.7,272.2,0.818,271.0,0.7909999999999999,272.0,0.8359999999999999,270.9,-0.003,13.38,2.0,1.0,0.0,20.75,2.488,327.1,0.0,0.3439999999999999,0.3649999999999999,0.3059999999999999,0.3289999999999999,0.3479999999999999,0.281,0.324,42.36,42.43,0.3989999999999999,45.07,0.2839999999999999,0.001,20.87,20.66,20.97,86.29999999999998,21.16,20.77,20.68,2.361,2.358,2.361,1.769,1.0,1.0,1.0,0.0,0.773,0.772,0.773,0.5789999999999998,0.0,327.6,326.5,0.0,0.0,0.0,0.0,0.0,0.0,59.96,6000.0,7.349999999999999,-0.4,7.0,2.573,3.337,3.62,45.45,20.53,20.87,20.94,20.84,20.45,20.24,20.33,21.37,20.72,21.03,21.16,21.26,20.08,20.14,39.0,28.0,37.0,20.65,0.0,264.7,37.32,2.0,3.519,-1.0,2.142,3.8,4903
2015-12-24 10:37:00,0.0,0.0,2.0,2.067,3.0,3.067,2.0,289737.0,16.0,0.0,75.59999999999998,59.5,60.0,2.52,9461.0,1373.0,1378.0,298570.0,2.6660000000000004,-0.127,2.637,0.999,0.096,2.668,1.0,0.69,269.0,271.0,272.7,272.2,0.818,271.0,0.7909999999999999,272.0,0.8359999999999999,271.0,0.004,13.66,2.0,3.0,0.0,20.77,2.777,337.2,0.0,0.375,0.397,0.332,0.356,0.376,0.3019999999999999,0.347,45.44,45.51,0.432,48.58,0.2819999999999999,0.0,20.93,20.66,20.97,52.99,21.16,20.77,20.71,2.5,2.499,2.5,1.874,1.0,1.0,1.0,0.0,0.8429999999999999,0.8429999999999999,0.844,0.632,0.0,337.4,336.4,0.0,0.0,0.0,0.0,0.0,0.0,59.95,6000.0,7.982999999999999,-0.4,7.0,2.872,3.638,3.905,48.99,20.58,20.91,20.99,20.87,20.49,20.28,20.35,21.41,20.78,21.06,21.2,21.3,20.08,20.16,39.0,28.0,37.0,20.69,0.0,270.3,28.16,2.0,3.519,-1.0,2.995,6.4,4903
2015-12-24 10:38:00,0.0,0.0,2.583,3.0,3.5,4.0,2.0,289737.0,16.0,0.0,75.59999999999998,59.5,60.0,2.827,9461.0,1373.0,1378.0,298570.0,2.964,-0.1669999999999999,2.935,0.999,0.108,2.967,1.0,0.698,269.0,271.0,273.0,272.5,0.818,271.3,0.7909999999999999,272.0,0.8359999999999999,271.0,0.003,13.66,2.0,3.0,0.0,20.77,3.102,326.6,0.0,0.4149999999999999,0.44,0.3689999999999999,0.396,0.421,0.341,0.3939999999999999,50.84,50.87,0.4779999999999999,53.66,0.283,0.0,20.97,20.68,21.0,-89.59999999999998,21.19,20.82,20.79,2.815,2.815,2.817,2.11,1.0,1.0,1.0,0.0,0.919,0.919,0.919,0.689,0.0,326.7,325.9,0.0,0.0,0.0,0.0,0.0,0.0,59.96,6000.0,9.33,-0.3929999999999999,7.0,3.21,3.987,4.27,53.97,20.62,20.95,21.03,20.9,20.52,20.31,20.39,21.45,20.81,21.1,21.24,21.36,20.1,20.16,39.0,28.0,37.0,20.71,0.0,262.3,25.28,2.0,3.519,-1.0,3.103,5.2,4903
2015-12-24 10:39:00,0.0,0.0,2.283,2.9330000000000003,3.1,3.933,2.0,289737.0,16.0,0.0,75.59999999999998,59.5,60.0,2.7430000000000003,9461.0,1373.0,1378.0,298570.0,2.908,-0.26,2.883,0.998,0.1789999999999999,2.914,1.0,0.6999999999999998,269.0,271.0,272.9,272.6,0.818,271.2,0.7909999999999999,272.0,0.8359999999999999,271.0,0.003,13.66,2.0,3.0,0.0,20.79,3.035,335.8,0.0,0.407,0.433,0.3629999999999999,0.389,0.4129999999999999,0.33,0.385,49.66,49.68,0.4689999999999999,52.46,0.283,0.0,21.0,20.77,21.03,-179.7,21.26,20.87,20.79,2.698,2.697,2.697,2.021,1.0,1.0,1.0,0.0,0.906,0.906,0.906,0.679,0.0,336.1,335.1,0.0,0.0,0.0,0.0,0.0,0.0,59.97,6000.0,8.63,-0.4029999999999999,7.0,3.162,3.9,4.207,52.95,20.66,21.0,21.07,20.95,20.55,20.37,20.44,21.51,20.89,21.16,21.3,21.4,20.12,20.17,39.0,28.02,37.0,20.74,0.0,261.3,27.52,2.0,3.519,-1.0,2.388,5.4,4903
2015-12-24 10:40:00,0.0,0.0,2.0,2.95,3.0,3.95,2.0,289737.0,16.0,0.0,75.59999999999998,59.5,60.0,2.68,9461.0,1373.0,1378.0,298570.0,2.86,-0.23,2.843,0.998,0.168,2.865,1.0,0.702,269.0,271.0,272.9,272.4,0.818,271.1,0.7909999999999999,272.0,0.8359999999999999,271.0,0.003,13.66,2.0,3.0,0.0,20.8,2.987,341.0,0.0,0.3989999999999999,0.4249999999999999,0.3539999999999999,0.382,0.401,0.3229999999999999,0.374,48.25,48.26,0.462,51.51,0.283,0.0,21.06,20.77,21.06,161.6,21.26,20.89,20.79,2.627,2.625,2.623,1.968,1.0,1.0,1.0,0.0,0.8959999999999999,0.895,0.895,0.6709999999999999,0.0,341.2,340.3,0.0,0.0,0.0,0.0,0.0,0.0,59.97,6000.0,8.25,-0.4,7.0,3.092,3.867,4.16,52.12,20.68,21.02,21.12,20.99,20.59,20.39,20.47,21.54,20.91,21.21,21.33,21.43,20.13,20.18,39.33,28.57,37.0,20.79,0.0,267.0,62.6,2.0,3.519,-1.0,1.818,4.4,4903
2015-12-24 10:41:00,0.0,0.0,2.783,3.167,3.767,4.167,2.0,289737.0,16.0,0.551,75.59999999999998,59.5,60.0,3.197,9461.0,1373.0,1378.0,298570.0,3.366,-0.152,3.318,1.0,0.089,3.3680000000000003,1.0,0.695,269.0,271.0,272.6,272.2,0.818,271.0,0.7909999999999999,272.0,0.8359999999999999,271.0,0.022,13.61,2.0,1.0,0.0,20.81,3.4930000000000003,341.0,0.0,0.457,0.4859999999999999,0.405,0.4309999999999999,0.4639999999999999,0.38,0.4309999999999999,56.02,56.12,0.5329999999999999,59.62,0.2819999999999999,0.001,21.1,20.81,21.15,58.85,21.21,20.97,20.84,3.036,3.035,3.032,2.274,1.0,1.0,1.0,0.0,1.034,1.033,1.032,0.774,0.0,341.2,340.2,0.0,0.0,0.0,0.0,0.0,0.0,59.95,6000.0,9.9,-0.407,7.0,3.687,4.457,4.73,60.52,20.73,21.07,21.17,21.04,20.62,20.43,20.51,21.61,20.98,21.26,21.4,21.48,20.16,20.21,39.23,28.75,37.0,20.84,0.0,268.2,35.76,2.0,3.519,-1.0,2.937,6.8,4903
2015-12-24 10:42:00,0.0,0.0,3.05,3.967,4.0,4.967,3.0,289738.0,16.0,0.974,75.59999999999998,59.5,60.0,3.628,9461.0,1373.0,1378.0,298570.0,3.813,-0.185,3.758,1.0,0.0899999999999999,3.814,1.0,0.687,269.0,271.0,272.7,272.3,0.818,271.3,0.7909999999999999,272.0,0.8359999999999999,271.0,-0.017,13.47,2.0,1.0,0.0,20.83,3.955,343.2,0.0,0.504,0.5379999999999999,0.45,0.4829999999999999,0.515,0.416,0.482,61.49,61.37,0.587,65.08,0.2839999999999999,0.001,21.16,20.89,21.19,402.8,21.32,21.03,20.92,3.344,3.341,3.343,2.505,1.0,1.0,1.0,1.0,1.147,1.146,1.147,0.8599999999999999,0.0,343.2,342.4,0.0,0.0,0.0,0.0,0.0,0.0,59.96,6000.0,11.0,-0.4,7.0,4.215,4.9830000000000005,5.267,65.84,20.79,21.14,21.25,21.1,20.69,20.5,20.59,21.7,21.08,21.35,21.48,21.56,20.18,20.24,39.97,29.0,37.0,20.91,0.0,254.4,46.49,2.0,3.518,-1.0,1.588,5.0,4903
2015-12-24 10:43:00,0.0,0.0,4.567,4.633,5.517,5.632999999999999,3.0,289738.0,16.0,0.985,75.59999999999998,59.5,60.0,4.527,9461.0,1373.0,1378.0,298570.0,4.71,-0.157,4.58,0.8669999999999999,0.0279999999999999,4.71,1.0,0.6999999999999998,269.0,271.0,272.9,272.4,0.818,271.3,0.7909999999999999,272.0,0.8359999999999999,271.0,0.003,13.66,2.0,3.0,0.0,20.83,4.8580000000000005,339.5,0.0,0.6089999999999999,0.647,0.55,0.582,0.635,0.521,0.592,75.92,75.69,0.7079999999999999,79.03,0.2839999999999999,0.0,21.29,20.99,21.29,39.47,21.41,21.12,21.02,4.11,4.103,4.105,3.079,1.0,1.0,1.0,1.0,1.39,1.388,1.388,1.041,0.0,339.3,338.7,0.0,0.0,0.0,0.0,0.0,0.0,59.95,6000.0,14.07,-0.412,7.0,5.282,6.057,6.343,80.2,20.92,21.3,21.38,21.24,20.82,20.63,20.72,21.84,21.22,21.48,21.62,21.7,20.2,20.25,40.0,28.68,37.0,20.99,0.0,242.3,23.87,2.0,3.521,-1.0,3.095,5.8,4903
2015-12-24 10:44:00,0.0,0.0,4.133,4.2,5.117,5.2,3.0,289738.0,16.0,0.982,75.59999999999998,59.5,60.0,4.117,9461.0,1373.0,1378.0,298570.0,4.296,-0.1169999999999999,4.195,0.3329999999999999,0.0279999999999999,4.296,1.0,0.7029999999999998,269.0,271.0,273.0,272.7,0.818,271.5,0.7909999999999999,272.0,0.8359999999999999,271.0,0.003,13.66,2.0,3.0,0.0,20.84,4.427,331.7,0.0,0.574,0.6129999999999999,0.513,0.552,0.5839999999999999,0.4639999999999999,0.5479999999999999,69.19,69.0,0.6609999999999999,72.78,0.2839999999999999,0.0,21.37,21.06,21.36,12.22,21.7,21.23,21.15,3.824,3.821,3.824,2.866,1.0,1.0,1.0,1.0,1.268,1.267,1.268,0.95,0.0,331.9,330.8,0.0,0.0,0.0,0.0,0.0,0.0,59.95,6000.0,13.0,-0.4,7.0,4.775,5.545,5.845,73.45999999999998,21.03,21.42,21.5,21.36,20.88,20.71,20.83,21.98,21.36,21.59,21.77,21.83,20.24,20.29,40.0,29.0,37.0,21.08,0.0,218.6,25.21,2.0,3.521,-1.0,3.533,7.4,4903
2015-12-24 10:45:00,0.0,0.0,4.0,4.0,5.0,5.0,3.0,289738.0,16.0,0.982,75.59999999999998,59.5,60.0,4.1530000000000005,9461.0,1373.0,1378.0,298571.0,4.337,-0.178,4.223,1.0,0.0609999999999999,4.338,1.0,0.7049999999999998,269.1,271.1,273.0,272.9,0.818,271.8,0.7909999999999999,272.0,0.8359999999999999,271.0,0.003,13.66,2.0,3.0,0.0,20.85,4.473,335.7,0.0,0.572,0.6109999999999999,0.51,0.547,0.5829999999999999,0.4679999999999999,0.547,69.27,69.05,0.6609999999999999,73.15999999999998,0.2839999999999999,0.0,21.42,21.15,21.44,-13.03,21.81,21.26,21.18,3.824,3.824,3.826,2.866,1.0,1.0,1.0,1.0,1.284,1.284,1.285,0.963,0.0,335.8,334.8,0.0,0.0,0.0,0.0,0.0,0.0,59.96,6000.0,13.0,-0.4,7.0,4.82,5.603,5.902,74.01,21.13,21.51,21.59,21.42,20.96,20.78,20.89,22.06,21.45,21.64,21.86,21.93,20.3,20.34,40.0,29.0,37.0,21.13,0.0,238.5,29.95,2.0,3.519,-1.0,4.453,7.7,4903
2015-12-24 10:46:00,0.0,0.0,4.0,4.5,5.0,5.5,3.0,289738.0,16.0,0.983,75.59999999999998,59.5,60.0,4.343,9461.0,1373.0,1378.0,298571.0,4.54,-0.1669999999999999,4.42,1.0,0.0509999999999999,4.54,1.0,0.698,269.6,271.6,273.0,273.0,0.818,272.0,0.7909999999999999,272.0,0.8359999999999999,271.0,0.003,13.66,2.0,3.0,0.0,20.88,4.672,332.5,0.0,0.5959999999999999,0.637,0.5329999999999999,0.57,0.6119999999999999,0.497,0.574,72.73,72.51,0.692,76.62,0.2839999999999999,0.0,21.5,21.18,21.5,11.13,21.99,21.36,21.23,4.025,4.025,4.029,3.02,1.0,1.0,1.0,1.0,1.338,1.338,1.34,1.004,0.0,332.6,331.6,0.0,0.0,0.0,0.0,0.0,0.0,59.96,6000.0,13.75,-0.4,7.0,5.053,5.84,6.127000000000001,77.62999999999998,21.16,21.56,21.68,21.52,21.04,20.88,21.0,22.15,21.51,21.71,21.95,22.01,20.32,20.35,40.03,29.0,37.0,21.22,0.0,211.4,57.25,2.0,3.519,-1.0,1.385,2.9,4903
2015-12-24 10:47:00,0.0,0.0,4.0,4.1,4.85,5.1,3.0,289738.0,16.0,0.981,75.59999999999998,59.5,60.0,4.08,9461.0,1373.0,1378.0,298571.0,4.247,-0.185,4.155,1.0,0.066,4.248,1.0,0.697,269.8,271.8,273.0,273.0,0.818,272.0,0.7909999999999999,272.0,0.8359999999999999,271.0,-0.008,13.47,2.0,1.0,0.0,20.88,4.38,324.5,0.0,0.576,0.6139999999999999,0.519,0.5579999999999999,0.5939999999999999,0.4739999999999999,0.5579999999999999,70.2,69.94,0.662,72.7,0.2839999999999999,0.001,21.62,21.28,21.6,647.4,22.27,21.44,21.34,3.863,3.862,3.864,2.895,1.0,1.0,1.0,1.0,1.254,1.254,1.254,0.94,0.0,324.7,323.5,0.0,0.0,0.0,0.0,0.0,0.0,59.96,6000.0,13.1,-0.4,7.0,4.715,5.502000000000001,5.78,73.62,21.22,21.65,21.78,21.61,21.14,20.97,21.1,22.25,21.62,21.83,22.04,22.09,20.33,20.37,40.98,29.0,37.0,21.33,0.0,247.2,29.19,2.0,3.519,-1.0,1.673,3.0,4903
2015-12-24 10:48:00,0.0,0.0,3.95,4.0,4.867,5.0,3.0,289738.0,16.0,0.98,75.59999999999998,59.5,60.0,3.968,9461.0,1373.0,1378.0,298571.0,4.132,-0.132,4.032,1.0,0.034,4.132,1.0,0.7029999999999998,269.8,271.8,273.0,273.0,0.818,272.0,0.7909999999999999,272.0,0.8359999999999999,271.0,0.012,13.6,2.0,3.0,0.0,20.89,4.273,321.8,0.0,0.562,0.5969999999999999,0.498,0.534,0.565,0.452,0.521,66.9,66.72,0.649,71.58,0.2839999999999999,0.0,21.69,21.36,21.67,-167.5,22.45,21.54,21.37,3.816,3.814,3.816,2.86,1.0,1.0,1.0,1.0,1.228,1.228,1.228,0.921,0.0,321.9,321.1,0.0,0.0,0.0,0.0,0.0,0.0,59.95,6000.0,12.77,-0.4,7.0,4.567,5.358,5.645,72.97,21.26,21.7,21.83,21.66,21.15,20.99,21.15,22.32,21.67,21.88,22.12,22.16,20.34,20.38,41.0,29.0,37.0,21.36,0.0,279.6,35.62,2.0,3.519,-1.0,3.122,5.2,4903
2015-12-24 10:49:00,0.0,0.0,4.0,4.117,5.017,5.117,3.0,289738.0,16.0,0.981,75.59999999999998,59.5,60.0,4.127,9461.0,1373.0,1378.0,298571.0,4.291,-0.1449999999999999,4.208,1.0,0.042,4.291,1.0,0.693,269.9,271.9,273.0,273.0,0.818,272.0,0.7909999999999999,272.0,0.8359999999999999,271.0,0.003,13.66,2.0,3.0,0.0,20.91,4.438,322.6,0.0,0.577,0.6149999999999999,0.512,0.551,0.5899999999999999,0.482,0.5539999999999999,69.91,69.66,0.672,74.15,0.283,0.0,21.75,21.36,21.75,112.9,22.61,21.55,21.39,3.936,3.935,3.934,2.95,1.0,1.0,1.0,1.0,1.271,1.271,1.27,0.953,0.0,322.8,321.7,0.0,0.0,0.0,0.0,0.0,0.0,59.95,6000.0,13.35,-0.4,7.0,4.757,5.5520000000000005,5.852,75.51,21.23,21.7,21.85,21.68,21.14,20.97,21.14,22.35,21.66,21.93,22.13,22.18,20.33,20.37,41.0,29.0,37.0,21.42,0.0,279.8,23.67,2.0,3.521,-1.0,2.997,5.9,4903
2015-12-24 10:50:00,0.0,0.0,5.0,5.0,6.0,6.0,3.0,289738.0,16.0,0.985,75.59999999999998,59.5,60.0,4.852,9461.0,1373.0,1378.0,298571.0,5.046,-0.223,4.925,1.0,0.0709999999999999,5.047,1.0,0.687,269.9,271.9,273.0,273.0,0.818,272.0,0.7909999999999999,272.0,0.8359999999999999,271.0,0.003,13.66,2.0,3.0,0.0,20.92,5.2170000000000005,351.8,0.0,0.652,0.697,0.5849999999999999,0.626,0.6779999999999999,0.556,0.637,79.93,79.62,0.7659999999999999,84.4,0.2839999999999999,0.0,21.86,21.46,21.81,-15.48,22.72,21.67,21.47,4.194,4.195,4.194,3.144,1.0,1.0,1.0,1.0,1.476,1.476,1.475,1.106,0.0,351.9,350.9,0.0,0.0,0.0,0.0,0.0,0.0,59.96,6000.0,14.55,-0.407,7.0,5.67,6.45,6.745,85.7,21.32,21.81,21.94,21.77,21.26,21.08,21.23,22.44,21.74,22.03,22.22,22.26,20.34,20.39,41.0,29.0,37.0,21.54,0.0,251.9,35.88,2.0,3.521,-1.0,1.378,3.0,4903
2015-12-24 10:51:00,0.0,0.0,4.85,5.017,5.683,6.017,3.0,289738.0,16.0,0.986,75.59999999999998,59.5,60.0,4.743,9461.0,1373.0,1378.0,298571.0,4.9430000000000005,-0.208,4.803,1.0,0.063,4.944,1.0,0.6629999999999999,269.8,271.8,273.0,273.0,0.818,272.0,0.7909999999999999,272.0,0.8359999999999999,271.0,0.003,13.66,2.0,3.0,0.0,20.93,5.113,363.2,0.0,0.659,0.704,0.592,0.631,0.687,0.561,0.6409999999999999,80.59999999999998,80.2,0.775,85.0,0.2839999999999999,0.0,22.01,21.57,21.91,186.9,22.67,21.78,21.58,3.997,3.997,3.994,2.9930000000000003,1.0,1.0,1.0,1.0,1.452,1.452,1.4509999999999998,1.087,0.0,363.3,362.3,0.0,0.0,0.0,0.0,0.0,0.0,59.96,6000.0,13.53,-0.4,7.0,5.553,6.347,6.613,86.59999999999998,21.43,21.96,22.09,21.91,21.39,21.22,21.38,22.59,21.92,22.15,22.37,22.4,20.36,20.38,41.0,29.0,37.0,21.66,0.0,264.1,26.08,2.0,3.518,-1.0,1.515,2.9,4903
2015-12-24 10:52:00,0.0,0.0,5.917000000000001,6.0,6.9,7.0,3.0,289738.0,16.0,0.993,75.59999999999998,59.5,60.0,5.77,9461.0,1373.0,1378.0,298571.0,5.971,-0.267,5.792999999999999,1.0,0.0559999999999999,5.971,1.0,0.672,270.0,272.0,273.0,273.0,0.818,272.0,0.7909999999999999,272.0,0.8359999999999999,271.0,0.003,13.66,2.0,3.0,0.0,20.93,6.118,351.1,0.0,0.757,0.81,0.68,0.7249999999999999,0.7829999999999999,0.637,0.729,91.7,91.3,0.885,96.9,0.2839999999999999,0.0,22.17,21.71,22.06,79.59999999999998,22.67,21.91,21.7,4.909,4.909,4.907,3.68,1.0,1.0,1.0,1.0,1.722,1.722,1.722,1.291,0.0,351.0,350.2,0.0,0.0,0.0,0.0,0.0,0.0,59.97,6000.0,17.12,-0.417,7.0,6.772,7.562,7.872,98.2,21.51,22.08,22.22,22.03,21.45,21.3,21.5,22.74,22.01,22.28,22.52,22.54,20.39,20.39,41.57,29.0,37.0,21.82,0.0,301.7,46.3,2.0,3.518,-1.0,1.418,3.0,4903
2015-12-24 10:53:00,0.0,0.0,5.683,5.783,6.667000000000001,6.783,3.0,289738.0,16.0,0.991,75.59999999999998,59.5,60.0,5.567,9461.0,1373.0,1378.0,298571.0,5.767,-0.215,5.6,0.367,0.0149999999999999,5.767,1.0,0.692,269.8,271.8,273.0,273.0,0.818,272.0,0.7909999999999999,272.0,0.8359999999999999,271.0,0.004,13.45,2.0,1.0,0.0,20.98,5.917000000000001,343.8,0.0,0.7409999999999999,0.794,0.664,0.714,0.7609999999999999,0.6029999999999999,0.7079999999999999,88.59999999999998,88.09999999999998,0.8640000000000001,93.9,0.2849999999999999,0.001,22.33,21.84,22.2,344.2,22.8,22.06,21.76,4.831,4.83,4.831,3.622,1.0,1.0,1.0,1.0,1.662,1.661,1.661,1.246,0.0,343.8,342.9,0.0,0.0,0.0,0.0,0.0,0.0,59.96,6000.0,16.83,-0.4079999999999999,7.0,6.532,7.317999999999999,7.62,94.9,21.63,22.21,22.36,22.17,21.6,21.44,21.64,22.88,22.15,22.44,22.67,22.67,20.38,20.4,42.0,29.0,37.0,21.95,0.0,193.1,60.13,2.0,3.521,-1.0,1.717,5.2,4903
2015-12-24 10:54:00,0.0,0.0,5.0,5.0,6.0,6.0,3.0,289738.0,16.0,0.99,75.59999999999998,59.5,60.0,4.96,9461.0,1373.0,1378.0,298571.0,5.131,-0.1499999999999999,4.992,0.5,0.0149999999999999,5.131,1.0,0.685,269.8,271.8,273.0,273.0,0.818,272.0,0.7909999999999999,272.0,0.8359999999999999,271.0,0.003,13.7,2.0,3.0,0.0,21.0,5.28,342.9,0.0,0.665,0.714,0.5849999999999999,0.633,0.675,0.5489999999999999,0.63,78.76,78.51,0.782,85.0,0.283,0.0,22.4,21.92,22.28,,22.98,22.14,21.86,4.3660000000000005,4.3660000000000005,4.3660000000000005,3.273,1.0,1.0,1.0,1.0,1.4980000000000002,1.4980000000000002,1.4980000000000002,1.123,0.0,343.1,341.9,0.0,0.0,0.0,0.0,0.0,0.0,59.95,6000.0,15.0,-0.4,7.0,5.777,6.573,6.863,86.4,21.76,22.31,22.45,22.25,21.7,21.51,21.73,23.0,22.25,22.53,22.78,22.78,20.42,20.39,42.0,29.0,37.0,21.94,0.0,236.6,58.17,2.0,3.519,-1.0,2.518,4.5,4903
2015-12-24 10:55:00,0.0,0.0,5.7,5.882999999999999,6.683,6.882999999999999,4.0,289739.0,16.0,0.99,75.59999999999998,59.5,60.0,5.497999999999999,9461.0,1373.0,1378.0,298571.0,5.718,-0.275,5.55,1.0,0.08,5.719,1.0,0.682,270.0,272.0,273.0,273.0,0.818,272.0,0.7909999999999999,272.0,0.8359999999999999,271.0,0.003,13.7,2.0,3.0,0.0,21.01,5.867000000000001,343.4,0.0,0.7390000000000001,0.789,0.6579999999999999,0.6999999999999998,0.748,0.6039999999999999,0.684,87.2,87.0,0.8549999999999999,92.8,0.2839999999999999,0.0,22.41,21.94,22.32,99.3,23.02,22.14,21.94,4.816,4.814,4.814,3.609,1.0,1.0,1.0,1.0,1.655,1.654,1.654,1.24,0.0,343.7,342.5,0.0,0.0,0.0,0.0,0.0,0.0,59.97,6000.0,16.7,-0.405,7.0,6.472,7.252999999999998,7.57,94.5,21.78,22.38,22.57,22.36,21.73,21.6,21.83,23.09,22.29,22.58,22.87,22.89,20.39,20.45,42.0,29.0,37.0,22.02,0.0,273.2,26.98,2.0,3.519,-1.0,2.568,4.7,4903
2015-12-24 10:56:00,0.0,0.0,5.617000000000001,6.082999999999999,6.533,7.082999999999999,4.0,289739.0,16.0,0.991,75.59999999999998,59.5,60.0,5.572,9461.0,1373.0,1378.0,298571.0,5.799,-0.195,5.632999999999999,0.5329999999999999,0.011,5.799,1.0,0.692,269.7,271.7,273.0,273.0,0.818,272.0,0.7909999999999999,272.0,0.8359999999999999,271.0,0.003,13.7,2.0,3.0,0.0,21.02,5.957000000000001,348.2,0.0,0.7509999999999998,0.8029999999999999,0.6609999999999999,0.709,0.7509999999999998,0.6029999999999999,0.694,87.4,87.2,0.8690000000000001,94.1,0.2839999999999999,0.0,22.5,22.01,22.4,93.5,23.09,22.23,22.05,4.813,4.8180000000000005,4.814,3.608,1.0,1.0,1.0,1.0,1.6769999999999998,1.6780000000000002,1.6769999999999998,1.257,0.0,348.3,347.2,0.0,0.0,0.0,0.0,0.0,0.0,59.96,6000.0,16.63,-0.435,7.0,6.59,7.352,7.638,95.8,21.81,22.46,22.62,22.4,21.7,21.61,21.87,23.18,22.35,22.66,22.95,22.96,20.4,20.44,42.73,29.0,37.0,22.08,0.0,247.7,54.68,2.0,3.519,-1.0,1.962,5.1,4903
2015-12-24 10:57:00,0.0,0.0,6.75,6.983,7.55,7.982999999999999,4.0,289739.0,16.0,0.992,75.59999999999998,59.5,60.0,6.292000000000001,9461.0,1373.0,1378.0,298572.0,6.519,-0.182,6.345,-0.8,-0.019,6.519,1.0,0.698,269.5,271.5,273.0,273.0,0.818,272.0,0.7909999999999999,272.0,0.8359999999999999,271.0,0.003,13.7,2.0,3.0,0.0,21.04,6.692,351.2,0.0,0.832,0.892,0.7379999999999999,0.79,0.8449999999999999,0.682,0.78,97.8,97.5,0.969,104.5,0.2839999999999999,0.0,22.6,22.09,22.49,23.95,23.09,22.32,22.06,5.313,5.316,5.316,3.984,1.0,1.0,1.0,1.0,1.866,1.867,1.867,1.399,0.0,351.3,350.3,0.0,0.0,0.0,0.0,0.0,0.0,59.96,6000.0,18.77,-0.452,7.0,7.46,8.23,8.519999999999998,106.0,21.85,22.54,22.7,22.47,21.78,21.65,21.94,23.29,22.41,22.74,23.04,23.05,20.42,20.48,43.0,29.0,37.0,22.19,0.0,287.8,21.66,2.0,3.519,-1.0,2.938,4.3,4903
2015-12-24 10:58:00,0.0,0.0,7.0,7.0,8.0,8.0,4.0,289739.0,16.0,0.994,75.59999999999998,59.5,60.0,6.437,9461.0,1373.0,1378.0,298572.0,6.657,-0.162,6.47,-0.967,-0.048,6.658,1.0,0.6999999999999998,269.7,271.7,273.0,273.0,0.818,272.0,0.7909999999999999,272.0,0.8359999999999999,271.0,0.023,13.68,2.0,1.0,0.0,21.05,6.82,341.7,0.0,0.8609999999999999,0.92,0.762,0.815,0.8629999999999999,0.687,0.7929999999999999,100.0,99.7,0.992,107.0,0.2839999999999999,0.001,22.72,22.19,22.59,47.65,23.24,22.45,22.17,5.562,5.563,5.567,4.17,1.0,1.0,1.0,1.0,1.902,1.902,1.903,1.426,0.0,342.0,340.8,0.0,0.0,0.0,0.0,0.0,0.0,59.96,6000.0,19.47,-0.405,7.0,7.625,8.42,8.679999999999998,108.5,21.89,22.61,22.78,22.55,21.89,21.73,22.03,23.38,22.49,22.86,23.14,23.13,20.45,20.54,43.0,29.0,37.0,22.33,0.0,286.1,35.01,2.0,3.519,-1.0,2.2230000000000003,4.2,4903
2015-12-24 10:59:00,0.0,0.0,7.332999999999998,7.4,8.25,8.4,4.0,289739.0,16.0,0.995,75.59999999999998,59.5,60.0,6.822,9461.0,1373.0,1378.0,298572.0,7.064,-0.2429999999999999,6.86,0.033,-0.0139999999999999,7.064,1.0,0.6999999999999998,269.3,271.3,273.0,273.0,0.818,272.0,0.7909999999999999,272.0,0.8359999999999999,271.0,-0.019,13.58,2.0,1.0,0.0,21.07,7.24,347.8,0.0,0.899,0.965,0.799,0.8599999999999999,0.916,0.7369999999999999,0.849,105.6,105.2,1.046,112.4,0.2849999999999999,0.001,22.9,22.33,22.74,0.0369999999999999,23.57,22.58,22.32,5.78,5.78,5.781000000000001,4.334,1.0,1.0,1.0,1.0,2.012,2.012,2.012,1.509,0.0,348.1,346.8,0.0,0.0,0.0,0.0,0.0,0.0,59.97,6000.0,20.47,-0.433,7.0,8.13,8.9,9.170000000000002,114.0,21.98,22.72,22.91,22.67,21.98,21.83,22.13,23.51,22.59,22.98,23.27,23.24,20.47,20.53,43.53,29.0,37.02,22.46,0.0,268.6,22.12,2.0,3.519,-1.0,1.695,2.9,4903
2015-12-24 11:00:00,0.0,0.0,8.269999999999998,8.279999999999998,9.2,9.28,4.0,289739.0,16.0,0.996,75.59999999999998,59.5,60.0,7.565,9461.0,1373.0,1378.0,298572.0,7.804999999999999,-0.155,7.595,-1.0,-0.105,7.806,1.0,0.693,269.5,271.5,272.9,272.9,0.818,271.7,0.7909999999999999,272.0,0.8359999999999999,271.0,0.003,13.66,2.0,3.0,0.0,21.08,7.987,347.8,0.0,0.987,1.056,0.883,0.941,1.015,0.8109999999999999,0.938,116.6,116.1,1.147,123.0,0.286,0.0,23.15,22.48,22.9,273.2,23.68,22.75,22.33,6.368,6.37,6.365,4.771,1.0,1.0,1.0,1.0,2.211,2.212,2.211,1.6569999999999998,0.0,347.7,346.9,0.0,0.0,0.0,0.0,0.0,0.0,59.95,6000.0,22.7,-0.462,7.0,9.03,9.81,10.07,125.3,22.09,22.89,23.08,22.82,22.08,21.97,22.28,23.66,22.69,23.11,23.42,23.42,20.47,20.56,44.0,29.0,37.47,22.61,0.0,297.2,13.21,2.0,3.519,-1.0,2.987,5.0,4903
2015-12-24 11:01:00,0.0,0.0,9.52,9.62,10.37,10.62,4.0,289739.0,16.0,0.998,75.59999999999998,59.5,60.0,8.59,9461.0,1373.0,1378.0,298572.0,8.849999999999998,-0.222,8.599999999999998,-1.0,-0.1019999999999999,8.849999999999998,1.0,0.693,270.0,272.0,273.0,273.0,0.818,272.0,0.7909999999999999,272.0,0.8359999999999999,271.0,0.003,13.66,2.0,3.0,0.0,21.1,9.04,337.5,0.0,1.127,1.211,1.006,1.077,1.156,0.927,1.067,131.7,131.1,1.315,140.0,0.286,0.0,23.34,22.66,23.06,26.63,24.27,22.93,22.46,7.337,7.335,7.337,5.5,1.0,1.0,1.0,1.0,2.478,2.477,2.478,1.857,0.0,337.8,336.7,0.0,0.0,0.0,0.0,0.0,0.0,59.96,6000.0,26.37,-0.407,7.0,10.29,11.07,11.34,141.4,22.2,23.05,23.24,22.99,22.23,22.13,22.44,23.83,22.84,23.32,23.6,23.57,20.49,20.58,44.22,29.0,37.52,22.82,0.0,284.4,17.94,2.0,3.519,-1.0,2.935,5.2,4903
2015-12-24 11:02:00,0.0,0.0,9.1,9.2,9.55,10.2,4.0,289739.0,16.0,0.997,75.59999999999998,59.5,60.0,8.179999999999998,9461.0,1373.0,1378.0,298572.0,8.429999999999998,-0.128,8.199999999999998,-1.0,-0.1489999999999999,8.429999999999998,1.0,0.7029999999999998,269.9,271.9,273.0,273.0,0.818,272.0,0.7909999999999999,272.0,0.8359999999999999,271.0,0.003,13.66,2.0,3.0,0.0,21.12,8.59,343.2,0.0,1.0759999999999998,1.154,0.951,1.02,1.089,0.8659999999999999,1.005,124.0,123.6,1.249,132.8,0.286,0.0,23.52,22.77,23.27,52.95,24.77,23.11,22.59,6.909,6.906000000000001,6.909,5.179,1.0,1.0,1.0,1.0,2.373,2.372,2.373,1.779,0.0,343.4,342.3,0.0,0.0,0.0,0.0,0.0,0.0,59.95,6000.0,24.73,-0.4099999999999999,7.0,9.79,10.55,10.82,135.0,22.29,23.15,23.38,23.1,22.32,22.22,22.56,23.97,22.93,23.45,23.73,23.71,20.48,20.57,45.0,29.0,37.43,22.97,0.0,281.1,26.53,2.0,3.519,-1.0,2.522,5.4,4903
2015-12-24 11:03:00,0.0,0.0,10.93,10.98,11.82,11.98,5.0,289740.0,16.0,0.998,75.59999999999998,59.5,60.0,9.78,9461.0,1373.0,1378.0,298572.0,10.06,-0.198,9.78,-1.0,-0.184,10.06,1.0,0.7229999999999999,269.7,271.7,273.0,273.0,0.818,272.0,0.7909999999999999,272.0,0.8359999999999999,271.0,0.003,13.66,2.0,3.0,0.0,21.13,10.27,349.2,0.0,1.253,1.3430000000000002,1.117,1.19,1.293,1.052,1.1909999999999998,146.5,145.9,1.472,156.2,0.2869999999999999,0.0,23.77,22.97,23.42,-130.0,25.16,23.29,22.77,8.06,8.05,8.05,6.04,1.0,1.0,1.0,1.0,2.8160000000000003,2.815,2.813,2.111,0.0,349.4,348.3,0.0,0.0,0.0,0.0,0.0,0.0,59.96,6000.0,28.98,-0.4279999999999999,7.0,11.8,12.55,12.82,158.9,22.41,23.35,23.55,23.26,22.46,22.36,22.71,24.17,23.05,23.62,23.91,23.89,20.54,20.59,45.22,29.0,37.25,23.15,0.0,258.6,23.54,2.0,3.519,-1.0,1.887,3.3,4903
2015-12-24 11:04:00,0.0,0.0,14.12,14.2,14.98,15.2,5.0,289740.0,16.0,0.998,75.59999999999998,59.5,60.0,12.38,9461.0,1373.0,1378.0,298573.0,12.72,-0.11,12.39,-1.0,-0.3499999999999999,12.73,1.0,0.7099999999999999,269.9,271.9,273.0,273.0,0.818,272.0,0.7909999999999999,272.0,0.8359999999999999,271.0,0.003,13.45,2.0,3.0,0.0,21.15,12.95,357.0,0.0,1.531,1.645,1.384,1.475,1.6230000000000002,1.34,1.506,182.9,182.2,1.822,192.8,0.288,0.001,24.06,23.23,23.72,,25.55,23.6,23.07,9.85,9.85,9.85,7.385,1.0,1.0,1.0,1.0,3.52,3.519,3.519,2.639,0.0,357.3,356.0,0.0,0.0,0.0,0.0,0.0,0.0,59.95,6000.0,35.83,-0.445,7.0,15.06,15.8,16.08,195.7,22.7,23.68,23.89,23.6,22.74,22.67,23.05,24.55,23.46,24.01,24.3,24.22,20.54,20.67,46.0,29.0,37.28,23.48,0.0,297.0,18.85,2.0,3.521,-1.0,3.305,5.5,4903
2015-12-24 11:05:00,0.0,0.0,13.38,13.47,14.13,14.47,5.0,289740.0,16.0,0.999,75.59999999999998,59.5,60.0,11.81,9461.0,1373.0,1378.0,298573.0,12.12,-0.08,11.81,-1.0,-0.347,12.13,1.0,0.7079999999999999,269.7,271.7,273.0,273.0,0.818,272.0,0.7909999999999999,272.0,0.8359999999999999,271.0,0.003,13.66,2.0,3.0,0.0,21.17,12.36,359.4,0.0,1.491,1.606,1.3430000000000002,1.446,1.568,1.273,1.465,174.9,174.2,1.761,184.3,0.288,0.0,24.41,23.52,24.02,-44.0,25.58,23.89,23.32,9.3,9.3,9.3,6.971,2.0,2.0,2.0,1.0,3.343,3.344,3.344,2.507,0.0,359.6,358.4,0.0,0.0,0.0,0.0,0.0,0.0,59.94,6000.0,33.93,-0.4099999999999999,7.0,14.34,15.07,15.34,186.0,22.94,24.0,24.21,23.91,23.0,22.89,23.34,24.94,23.78,24.37,24.69,24.55,20.57,20.65,46.92,29.0,37.97,23.77,0.0,251.6,30.02,2.0,3.519,-1.0,3.272,4.9,4903
2015-12-24 11:06:00,0.0,0.0,12.93,13.07,13.77,14.07,5.0,289740.0,16.0,0.999,75.59999999999998,59.5,60.0,11.52,9461.0,1373.0,1378.0,298573.0,11.84,-0.105,11.53,-1.0,-0.315,11.84,1.0,0.7099999999999999,269.7,271.7,273.0,273.0,0.818,272.0,0.7909999999999999,272.0,0.8359999999999999,271.0,0.003,13.66,2.0,3.0,0.0,21.18,12.07,357.2,0.0,1.463,1.57,1.3019999999999998,1.3969999999999998,1.517,1.235,1.41,169.7,169.1,1.725,181.1,0.288,0.0,24.56,23.71,24.22,-29.07,25.45,24.07,23.52,9.2,9.2,9.2,6.894,2.0,2.0,2.0,1.0,3.286,3.286,3.2880000000000003,2.464,0.0,357.4,356.2,0.0,0.0,0.0,0.0,0.0,0.0,59.95,6000.0,33.3,-0.427,7.0,13.98,14.73,14.99,184.0,23.09,24.21,24.44,24.13,23.23,23.11,23.55,25.25,24.07,24.65,24.99,24.78,20.64,20.68,47.77,29.0,38.0,23.94,0.0,243.8,46.41,2.0,3.519,-1.0,1.78,3.5,4903
2015-12-24 11:07:00,0.0,0.0,17.1,17.37,17.85,18.37,5.0,289740.0,16.0,0.999,75.59999999999998,59.5,60.0,14.85,9461.0,1373.0,1378.0,298573.0,15.25,-0.1499999999999999,14.85,-1.0,-0.4299999999999999,15.25,1.0,0.7049999999999998,269.9,271.9,273.0,273.0,0.818,272.0,0.7909999999999999,272.0,0.8359999999999999,271.0,0.003,13.66,2.0,3.0,0.0,21.2,15.56,359.9,0.0,1.787,1.922,1.6,1.707,1.901,1.582,1.758,214.5,213.7,2.165,229.9,0.2899999999999999,0.0,24.95,24.02,24.51,,25.8,24.45,23.8,11.65,11.65,11.65,8.74,2.0,2.0,2.0,1.0,4.1930000000000005,4.192,4.192,3.145,0.0,359.9,359.0,0.0,0.0,0.0,0.0,0.0,0.0,59.95,6000.0,42.72,-0.433,7.0,18.16,18.9,19.17,235.4,23.32,24.51,24.75,24.44,23.47,23.36,23.86,25.59,24.34,24.95,25.33,25.11,20.62,20.75,48.58,29.0,38.0,24.23,0.0,284.9,15.23,2.0,3.519,-1.0,3.507,5.2,4903
2015-12-24 11:08:00,0.0,0.0,18.15,18.67,19.05,19.67,6.0,289741.0,16.0,0.999,75.59999999999998,59.5,60.0,15.87,9461.0,1373.0,1378.0,298573.0,16.28,-0.193,15.86,-1.0,-0.447,16.28,1.0,0.707,270.0,272.0,273.0,273.0,0.818,272.0,0.7909999999999999,272.0,0.8359999999999999,271.0,0.003,13.66,2.0,3.0,0.0,21.23,16.62,359.9,0.0,1.908,2.047,1.724,1.838,2.055,1.734,1.909,228.2,227.4,2.327,244.1,0.291,0.0,25.58,24.46,25.01,-82.79999999999998,26.18,24.87,24.22,12.37,12.37,12.37,9.28,2.0,2.0,2.0,1.0,4.456,4.454,4.455,3.341,0.0,360.1,359.0,0.0,0.0,0.0,0.0,0.0,0.0,59.96,6000.0,45.68,-0.4129999999999999,7.0,19.41,20.16,20.43,249.7,23.72,24.97,25.2,24.92,23.87,23.82,24.36,26.08,24.75,25.44,25.84,25.57,20.64,20.83,50.3,29.0,38.0,24.71,0.0,269.6,21.29,2.0,3.519,-1.0,2.667,4.4,4903
2015-12-24 11:09:00,0.0,0.0,20.32,20.58,21.1,21.58,6.0,289741.0,16.0,0.999,75.59999999999998,59.5,60.0,17.49,9461.0,1373.0,1378.0,298574.0,17.92,-0.133,17.48,-0.999,-0.565,17.93,1.0,0.7099999999999999,270.0,272.0,273.0,273.0,0.818,272.0,0.7909999999999999,272.0,0.8359999999999999,271.0,-0.006,13.47,2.0,1.0,0.0,21.24,18.26,358.1,0.0,2.042,2.19,1.891,1.997,2.292,1.961,2.117,253.3,252.4,2.5380000000000003,266.1,0.291,0.001,26.19,24.92,25.5,186.5,26.93,25.37,24.67,13.66,13.66,13.67,10.24,2.0,2.0,2.0,1.0,4.895,4.893,4.897,3.67,0.0,358.3,357.1,0.0,0.0,0.0,0.0,0.0,0.0,59.95,6000.0,50.4,-0.472,7.0,21.42,22.18,22.45,273.8,24.11,25.54,25.74,25.4,24.28,24.22,24.81,26.62,25.29,25.92,26.35,26.11,20.7,20.88,51.08,29.0,38.0,25.19,0.0,259.7,27.63,2.0,3.519,-1.0,1.885,3.5,4903
2015-12-24 11:10:00,0.0,0.0,24.4,24.57,25.07,25.57,6.0,289741.0,16.0,0.999,75.59999999999998,59.5,60.0,20.76,9461.0,1373.0,1378.0,298574.0,21.27,-0.23,20.76,-1.0,-0.626,21.28,1.0,0.7079999999999999,270.0,272.0,273.2,273.0,0.818,272.0,0.7909999999999999,272.2,0.8359999999999999,271.0,0.012,13.47,2.0,3.0,0.0,21.27,21.71,359.4,0.0,2.355,2.5380000000000003,2.082,2.255,2.532,2.117,2.323,280.7,279.7,3.0380000000000003,319.9,0.2939999999999999,0.001,26.67,25.36,25.92,-88.59999999999998,27.68,25.86,25.07,16.09,16.09,16.1,12.06,2.0,2.0,2.0,1.0,5.792000000000001,5.795,5.797999999999999,4.344,0.0,359.7,358.5,0.0,0.0,0.0,0.0,0.0,0.0,59.96,6000.0,59.78,-0.4749999999999999,7.0,25.54,26.28,26.58,329.8,24.43,26.03,26.21,25.86,24.65,24.58,25.25,27.15,25.69,26.47,26.86,26.58,20.72,20.89,52.08,29.0,38.0,25.77,0.0,276.4,21.92,2.0,3.519,-1.0,2.573,3.8,4903
2015-12-24 11:11:00,0.0,0.0,19.55,20.02,20.23,21.02,7.0,289742.0,16.0,0.999,75.59999999999998,59.5,60.0,16.89,9461.0,1373.0,1378.0,298574.0,17.32,-0.168,16.89,-1.0,-0.509,17.33,1.0,0.6999999999999998,270.0,272.0,273.1,273.0,0.818,272.0,0.7909999999999999,272.2,0.8359999999999999,271.0,0.003,13.66,2.0,3.0,0.0,21.29,17.68,359.0,0.0,2.028,2.177,1.841,1.968,2.207,1.865,2.042,243.7,242.9,2.4930000000000003,260.5,0.2919999999999999,0.0,27.51,25.86,26.49,-68.28,28.13,26.36,25.5,13.18,13.17,13.16,9.87,2.0,2.0,2.0,1.0,4.732,4.73,4.726,3.545,0.0,359.2,358.0,0.0,0.0,0.0,0.0,0.0,0.0,59.95,6000.0,48.67,-0.442,7.0,20.69,21.45,21.73,266.7,24.78,26.43,26.65,26.36,25.15,25.03,25.75,27.62,26.07,26.9,27.32,27.03,20.73,20.98,53.07,29.0,38.0,26.39,0.0,280.6,12.4,2.0,3.518,-1.0,2.218,3.0,4903
2015-12-24 11:12:00,0.0,0.0,22.15,22.38,23.02,23.38,7.0,289742.0,16.0,0.999,75.59999999999998,59.5,60.0,19.0,9461.0,1373.0,1378.0,298575.0,19.37,-0.14,18.99,-1.0,-0.5989999999999999,19.38,1.0,0.712,269.8,271.8,273.0,273.0,0.818,272.0,0.7909999999999999,272.0,0.8359999999999999,271.0,0.003,13.66,2.0,3.0,0.0,21.31,19.86,359.9,0.0,2.201,2.341,2.042,2.14,2.463,2.126,2.244,271.6,271.0,2.739,286.8,0.2919999999999999,0.0,27.97,26.17,26.79,-57.75,28.25,26.72,25.78,14.72,14.71,14.71,11.03,2.0,2.0,2.0,1.0,5.303,5.299,5.299,3.974,0.0,360.1,358.9,0.0,0.0,0.0,0.0,0.0,0.0,59.95,6000.0,54.67,-0.45,7.0,23.22,23.95,24.24,299.2,25.04,26.77,27.02,26.65,25.31,25.25,26.03,27.91,26.24,27.21,27.61,27.41,20.76,20.95,54.0,29.0,38.0,26.75,0.0,274.6,16.11,2.0,3.519,-1.0,2.263,3.5,4903
2015-12-24 11:13:00,0.0,0.0,26.73,26.98,27.5,27.98,7.0,289742.0,16.0,0.999,75.59999999999998,59.5,60.0,22.76,9461.0,1373.0,1378.0,298575.0,23.3,-0.123,22.75,-0.999,-0.7979999999999999,23.32,1.0,0.7029999999999998,270.0,272.0,273.0,273.0,0.818,272.0,0.7909999999999999,272.0,0.8359999999999999,271.0,0.003,13.66,2.0,3.0,0.0,21.34,23.8,361.3,0.0,2.545,2.724,2.365,2.4930000000000003,2.91,2.517,2.65,317.1,316.5,3.315,347.3,0.2949999999999999,0.0,28.65,26.71,27.34,-3.756,28.71,27.26,26.3,17.46,17.46,17.46,13.09,2.0,2.0,2.0,2.0,6.309,6.31,6.311,4.731,0.0,361.5,360.3,0.0,0.0,0.0,0.0,0.0,0.0,59.95,6000.0,65.3,-0.4699999999999999,7.0,28.04,28.78,29.08,359.8,25.47,27.33,27.61,27.23,25.87,25.8,26.58,28.55,26.88,27.76,28.25,27.99,20.84,21.03,55.1,29.0,38.0,27.34,0.0,249.9,40.04,2.0,3.519,-1.0,1.385,2.7,4903
2015-12-24 11:14:00,0.0,0.0,22.27,22.38,23.05,23.38,8.0,289743.0,16.0,0.999,75.59999999999998,59.5,60.0,19.05,9461.0,1373.0,1378.0,298575.0,19.51,-0.1719999999999999,19.05,-1.0,-0.592,19.52,1.0,0.7099999999999999,269.9,271.9,273.0,273.0,0.818,272.0,0.7909999999999999,272.0,0.8359999999999999,271.0,0.003,13.66,2.0,3.0,0.0,21.36,19.9,356.4,0.0,2.241,2.396,2.051,2.1790000000000003,2.4730000000000003,2.0980000000000003,2.263,272.8,272.3,2.798,293.3,0.2929999999999999,0.0,29.1,27.08,27.78,254.2,29.57,27.69,26.68,14.91,14.9,14.91,11.18,2.0,2.0,2.0,2.0,5.319,5.318,5.321000000000001,3.99,0.0,356.7,355.5,0.0,0.0,0.0,0.0,0.0,0.0,59.96,6000.0,55.32,-0.482,7.0,23.39,24.13,24.43,304.1,25.7,27.65,27.98,27.6,26.16,26.03,26.95,28.96,27.2,28.09,28.66,28.36,20.95,21.13,56.2,29.45,38.0,27.68,0.0,267.9,20.29,2.0,3.519,-1.0,2.13,4.0,4903
2015-12-24 11:15:00,0.0,0.0,22.35,22.52,23.08,23.52,8.0,289743.0,16.0,0.999,75.59999999999998,59.5,60.0,19.12,9461.0,1373.0,1378.0,298576.0,19.56,-0.103,19.11,-0.999,-0.639,19.57,1.0,0.7099999999999999,269.9,271.9,273.0,273.0,0.818,272.0,0.7909999999999999,272.0,0.8359999999999999,271.0,0.002,13.47,2.0,1.0,0.0,21.39,20.02,360.1,0.0,2.232,2.37,2.08,2.206,2.525,2.157,2.326,276.5,276.0,2.774,289.9,0.2939999999999999,0.001,29.4,27.34,28.05,-53.34,29.87,28.0,26.99,14.76,14.75,14.76,11.07,2.0,2.0,2.0,2.0,5.317,5.314,5.317,3.987,0.0,360.2,359.1,0.0,0.0,0.0,0.0,0.0,0.0,59.95,6000.0,55.02,-0.452,7.0,23.45,24.18,24.49,302.5,25.84,27.89,28.25,27.88,26.38,26.16,27.21,29.26,27.38,28.35,28.96,28.65,20.96,21.08,57.18,30.0,38.0,28.02,0.0,248.8,15.74,2.0,3.519,-1.0,2.587,4.0,4903
2015-12-24 11:16:00,0.0,0.0,21.62,21.78,22.37,22.78,8.0,289743.0,16.0,0.999,75.59999999999998,59.5,60.0,18.55,9462.0,1373.0,1378.0,298576.0,19.0,-0.165,18.54,-1.0,-0.574,19.01,1.0,0.7219999999999999,269.4,271.4,273.0,273.0,0.818,272.0,0.7909999999999999,272.0,0.8359999999999999,271.0,0.004,13.66,2.0,3.0,0.0,21.43,19.44,361.0,0.0,2.1790000000000003,2.339,1.966,2.091,2.367,1.994,2.17,261.8,261.3,2.749,290.0,0.2919999999999999,0.0,29.54,27.49,28.18,62.79,29.66,28.13,27.15,14.38,14.39,14.39,10.78,2.0,2.0,2.0,2.0,5.194,5.199,5.198,3.894,0.0,361.3,360.1,0.0,0.0,0.0,0.0,0.0,0.0,59.96,6000.0,53.27,-0.4299999999999999,7.0,22.78,23.49,23.8,299.8,25.93,28.04,28.45,28.12,26.62,26.43,27.45,29.54,27.66,28.53,29.21,28.83,20.99,21.05,58.03,30.0,38.0,28.13,0.0,288.6,49.12,2.0,3.519,-1.0,1.375,4.0,4903
2015-12-24 11:17:00,0.0,0.0,29.72,29.88,30.35,30.88,9.0,289744.0,16.0,0.999,75.59999999999998,59.5,60.0,25.15,9462.0,1373.0,1378.0,298577.0,25.78,-0.135,25.13,-0.999,-0.893,25.8,1.0,0.7179999999999999,269.8,271.8,273.0,273.0,0.818,272.0,0.7909999999999999,272.0,0.8359999999999999,271.0,0.003,13.66,2.0,3.0,0.0,21.46,26.29,358.2,0.0,2.757,2.9130000000000003,2.6,2.677,3.21,2.826,2.911,352.0,351.5,3.587,379.8,0.296,0.0,29.99,27.83,28.55,185.7,30.2,28.53,27.42,19.57,19.57,19.57,14.68,3.0,3.0,3.0,2.0,7.023,7.02,7.023,5.266,0.0,358.9,357.3,0.0,0.0,0.0,0.0,0.0,0.0,59.95,6000.0,72.78,-0.492,7.0,31.11,31.81,32.13,405.0,26.33,28.51,28.81,28.38,26.43,26.59,27.68,29.99,27.95,28.87,29.64,29.25,21.04,21.1,59.18,30.0,38.0,28.55,0.0,223.0,25.84,2.0,3.519,-1.0,2.512,4.7,4903
2015-12-24 11:18:00,0.0,0.0,27.55,27.68,28.22,28.68,9.0,289744.0,16.0,0.999,75.59999999999998,59.5,60.0,23.38,9462.0,1373.0,1378.0,298577.0,23.89,-0.165,23.36,-0.999,-0.777,23.9,1.0,0.7249999999999999,269.8,271.8,273.2,273.0,0.818,272.0,0.7909999999999999,272.1,0.8359999999999999,271.0,0.003,13.66,2.0,3.0,0.0,21.49,24.47,359.4,0.0,2.4330000000000003,2.7710000000000004,2.458,2.589,3.037,2.6660000000000004,2.792,330.4,329.8,3.366,347.0,0.296,0.0,30.49,28.38,29.06,46.87,30.9,29.06,28.12,17.93,17.91,17.9,13.43,3.0,3.0,3.0,2.0,6.45,6.444,6.438,4.831,0.0,359.8,358.4,0.0,0.0,0.0,0.0,0.0,0.0,59.96,6000.0,67.43,-0.4849999999999999,7.0,28.79,29.47,29.78,367.8,26.96,29.21,29.49,29.11,27.52,27.26,28.42,30.71,28.74,29.46,30.39,29.93,21.14,21.19,59.97,30.0,38.0,29.1,0.0,237.4,31.65,2.0,3.521,-1.0,2.573,3.8,4903
2015-12-24 11:19:00,0.0,0.0,20.73,20.92,21.47,21.92,9.0,289744.0,16.0,0.999,75.59999999999998,59.5,60.0,17.81,9462.0,1373.0,1378.0,298577.0,18.25,-0.223,17.8,-1.0,-0.492,18.26,1.0,0.712,269.5,271.5,273.0,273.0,0.818,272.0,0.7909999999999999,272.0,0.8359999999999999,271.0,0.003,13.66,2.0,3.0,0.0,21.52,18.65,357.4,0.0,2.097,1.984,1.92,2.039,2.323,1.977,2.156,256.3,255.9,2.245,249.4,0.2919999999999999,0.0,30.76,28.54,29.27,288.0,30.7,29.22,28.17,13.91,13.91,13.91,10.43,3.0,3.0,3.0,2.0,4.973,4.973,4.974,3.729,0.0,357.5,356.5,0.0,0.0,0.0,0.0,0.0,0.0,59.97,6000.0,51.67,-0.477,7.0,21.85,22.55,22.86,286.9,27.15,29.41,29.79,29.39,27.63,27.55,28.73,30.98,28.86,29.54,30.64,30.21,21.12,21.3,57.6,30.0,38.0,29.31,0.0,271.5,30.18,2.0,3.521,-1.0,2.937,4.8,4903
2015-12-24 11:20:00,0.0,0.0,19.38,19.52,20.13,20.52,10.0,289745.0,16.0,0.999,75.59999999999998,59.5,60.0,16.64,9462.0,1373.0,1378.0,298578.0,17.06,-0.218,16.64,-1.0,-0.45,17.07,1.0,0.7129999999999999,269.1,271.1,273.0,272.9,0.818,271.5,0.7909999999999999,272.0,0.8359999999999999,271.0,0.002,13.66,2.0,1.0,0.0,21.56,17.39,351.0,0.0,1.968,2.099,1.806,1.914,2.063,1.844,2.013,212.7,231.9,2.446,258.2,0.291,0.001,30.68,28.47,29.23,76.64,30.74,29.27,28.07,13.27,13.26,13.27,9.95,3.0,3.0,3.0,2.0,4.663,4.66,4.6610000000000005,3.4960000000000004,0.0,351.3,350.1,0.0,0.0,0.0,0.0,0.0,0.0,59.96,6000.0,49.03,-0.5,7.0,20.41,21.12,21.44,268.2,26.83,29.2,29.68,29.28,27.41,27.36,28.58,30.95,28.62,29.5,30.56,30.09,21.1,21.31,58.87,30.0,38.0,29.33,0.0,281.6,14.49,2.0,3.519,-1.0,2.472,3.8,4903
2015-12-24 11:21:00,0.0,0.0,18.02,18.1,18.7,19.1,10.0,289745.0,16.0,0.999,75.59999999999998,59.5,60.0,15.52,9462.0,1373.0,1378.0,298578.0,15.91,-0.1969999999999999,15.51,-1.0,-0.4139999999999999,15.92,1.0,0.7219999999999999,269.1,271.1,273.0,273.0,0.818,271.7,0.7909999999999999,272.0,0.8359999999999999,271.0,0.003,13.5,2.0,1.0,0.0,21.6,16.2,348.2,0.0,1.865,2.003,1.699,1.81,1.918,1.6869999999999998,1.736,221.6,223.3,2.311,243.8,0.2899999999999999,0.001,30.55,28.46,29.17,49.47,31.23,29.21,27.99,12.52,12.52,12.51,9.38,3.0,3.0,3.0,2.0,4.362,4.362,4.362,3.27,0.0,348.5,347.3,0.0,0.0,0.0,0.0,0.0,0.0,59.96,6000.0,46.0,-0.4929999999999999,7.0,19.0,19.71,20.02,250.4,26.72,29.15,29.58,29.13,27.26,27.18,28.42,30.83,28.22,29.38,30.46,30.01,21.13,21.29,60.0,30.0,38.0,29.17,0.0,216.9,18.39,2.0,3.519,-1.0,2.238,3.6,4903
2015-12-24 11:22:00,0.0,0.0,19.37,19.52,20.12,20.52,10.0,289745.0,16.0,0.999,75.59999999999998,59.5,60.0,16.64,9462.0,1373.0,1378.0,298578.0,17.06,-0.138,16.63,-1.0,-0.518,17.07,1.0,0.7229999999999999,269.4,271.4,273.0,273.0,0.818,271.9,0.7909999999999999,272.0,0.8359999999999999,271.0,0.003,13.66,2.0,3.0,0.0,21.64,17.42,356.6,0.0,1.939,2.081,1.65,1.873,2.153,1.784,1.997,239.1,239.6,2.446,260.2,0.291,0.0,30.37,28.41,29.17,138.0,31.16,29.17,28.07,13.15,13.16,13.15,9.86,3.0,3.0,3.0,2.0,4.692,4.694,4.69,3.515,0.0,356.8,355.6,0.0,0.0,0.0,0.0,0.0,0.0,59.95,6000.0,48.33,-0.472,7.0,20.4,21.11,21.41,270.2,26.72,29.21,29.59,29.07,27.39,27.11,28.33,30.85,28.38,29.42,30.48,30.04,21.21,21.29,59.38,30.0,38.0,29.19,0.0,246.1,25.16,2.0,3.521,-1.0,1.81,3.2,4903
2015-12-24 11:23:00,0.0,0.0,21.07,21.27,21.65,22.27,10.0,289745.0,16.0,0.999,75.59999999999998,59.5,60.0,18.01,9462.0,1373.0,1378.0,298578.0,18.45,-0.133,18.0,-1.0,-0.5809999999999998,18.46,1.0,0.7129999999999999,269.2,271.2,273.0,273.0,0.818,271.9,0.7909999999999999,272.0,0.8359999999999999,271.0,0.003,13.66,2.0,3.0,0.0,21.68,18.85,357.8,0.0,2.088,2.244,1.883,1.804,2.285,1.923,2.125,251.8,252.2,2.6710000000000003,281.5,0.2919999999999999,0.0,30.33,28.45,29.31,-65.1,30.85,29.25,28.2,14.02,14.02,14.02,10.51,3.0,3.0,3.0,2.0,5.019,5.019,5.019,3.763,0.0,358.1,356.8,0.0,0.0,0.0,0.0,0.0,0.0,59.95,6000.0,52.12,-0.4799999999999999,7.0,22.12,22.84,23.14,288.6,26.87,29.42,29.79,29.21,27.36,27.22,28.47,31.03,28.49,29.48,30.69,30.24,21.28,21.25,57.93,30.0,38.0,28.95,0.0,262.6,25.78,2.0,3.519,-1.0,2.965,5.1,4903
2015-12-24 11:24:00,0.0,0.0,17.88,18.02,18.48,19.02,11.0,289746.0,16.0,0.999,75.59999999999998,59.5,60.0,15.4,9462.0,1373.0,1378.0,298579.0,15.79,-0.115,15.39,-1.0,-0.477,15.8,1.0,0.712,269.0,271.0,273.0,272.9,0.818,271.5,0.7909999999999999,272.0,0.8359999999999999,271.0,0.003,13.66,2.0,3.0,0.0,21.72,16.14,358.1,0.0,1.869,2.014,1.699,1.819,2.039,1.716,1.898,225.7,225.9,2.315,243.2,0.291,0.0,30.21,28.36,29.27,71.83,30.39,29.24,28.23,12.06,12.05,12.06,9.04,3.0,3.0,3.0,2.0,4.32,4.3180000000000005,4.322,3.24,0.0,358.2,357.1,0.0,0.0,0.0,0.0,0.0,0.0,59.95,6000.0,44.65,-0.432,7.0,18.86,19.59,19.89,247.5,26.93,29.43,29.85,29.17,27.37,27.11,28.42,31.08,28.41,29.51,30.71,30.3,21.23,21.27,59.28,30.0,38.0,28.91,0.0,260.0,26.41,2.0,3.519,-1.0,3.275,5.2,4903
2015-12-24 11:25:00,0.0,0.0,15.07,15.2,15.88,16.2,11.0,289746.0,16.0,0.999,75.59999999999998,59.5,60.0,13.16,9462.0,1373.0,1378.0,298579.0,13.51,-0.0919999999999999,13.16,-1.0,-0.3989999999999999,13.52,1.0,0.7029999999999998,269.1,271.1,273.0,272.9,0.818,271.8,0.7909999999999999,272.0,0.8359999999999999,271.0,0.003,13.66,2.0,3.0,0.0,21.77,13.83,358.6,0.0,1.6569999999999998,1.787,1.49,1.607,1.766,1.463,1.65,196.1,196.3,2.013,211.6,0.2899999999999999,0.0,29.87,28.15,29.04,-49.66,29.84,29.03,28.07,10.35,10.35,10.35,7.758999999999999,3.0,3.0,3.0,2.0,3.712,3.712,3.714,2.784,0.0,358.8,357.6,0.0,0.0,0.0,0.0,0.0,0.0,59.94,6000.0,38.17,-0.417,7.0,16.05,16.77,17.08,214.6,26.81,29.37,29.83,29.08,27.27,27.01,28.32,31.03,28.45,29.46,30.66,30.24,21.25,21.29,60.0,30.0,38.0,28.73,0.0,226.1,47.86,2.0,3.519,-1.0,0.91,2.6,4903
2015-12-24 11:26:00,0.0,0.0,12.7,12.82,13.38,13.82,11.0,289746.0,16.0,0.999,75.59999999999998,59.5,60.0,11.23,9462.0,1373.0,1378.0,298579.0,11.54,-0.158,11.24,-1.0,-0.2689999999999999,11.54,1.0,0.7199999999999999,269.0,271.0,273.0,272.8,0.818,271.1,0.7909999999999999,272.0,0.8359999999999999,271.0,0.0,13.47,2.0,1.0,0.0,21.81,11.84,358.6,0.0,1.4509999999999998,1.557,1.297,1.388,1.521,1.247,1.411,169.9,170.1,1.737,183.5,0.2889999999999999,0.001,29.53,28.03,28.93,188.9,29.45,28.93,27.82,8.929999999999998,8.929999999999998,8.929999999999998,6.693,3.0,3.0,3.0,2.0,3.204,3.2030000000000003,3.204,2.402,0.0,358.8,357.6,0.0,0.0,0.0,0.0,0.0,0.0,59.95,6000.0,32.48,-0.4129999999999999,7.0,13.64,14.34,14.66,187.0,26.66,29.05,29.56,28.81,27.05,26.79,28.05,30.83,28.32,29.14,30.42,29.98,21.3,21.36,59.55,30.15,38.0,28.53,0.0,232.7,23.32,2.0,3.519,-1.0,1.983,3.0,4903
2015-12-24 11:27:00,0.0,0.0,13.2,13.62,14.08,14.62,11.0,289746.0,16.0,0.999,75.59999999999998,59.5,60.0,11.83,9462.0,1373.0,1378.0,298579.0,12.15,-0.1369999999999999,11.82,-1.0,-0.311,12.15,1.0,0.7199999999999999,269.0,271.0,273.0,272.7,0.818,271.1,0.7909999999999999,272.0,0.8359999999999999,271.0,0.006,13.66,2.0,3.0,0.0,21.85,12.45,358.5,0.0,1.504,1.619,1.355,1.4469999999999998,1.5930000000000002,1.3219999999999998,1.479,178.1,178.3,1.811,191.6,0.2889999999999999,0.0,29.32,27.81,28.71,129.6,29.02,28.7,27.53,9.38,9.39,9.39,7.029,3.0,3.0,3.0,2.0,3.363,3.367,3.3680000000000003,2.521,0.0,358.7,357.7,0.0,0.0,0.0,0.0,0.0,0.0,59.95,6000.0,34.25,-0.4229999999999999,7.0,14.39,15.1,15.41,194.0,26.26,28.63,29.3,28.57,26.68,26.39,27.81,30.57,28.02,28.79,30.15,29.72,21.26,21.34,57.5,31.0,38.0,28.33,0.0,290.5,20.16,2.0,3.519,-1.0,3.717,5.9,4903
2015-12-24 11:28:00,0.0,0.0,14.13,14.18,14.58,15.18,11.0,289746.0,16.0,0.998,75.59999999999998,59.5,60.0,12.23,9462.0,1373.0,1378.0,298579.0,12.57,-0.127,12.23,-1.0,-0.3379999999999999,12.58,1.0,0.717,269.1,271.1,273.0,273.0,0.818,271.6,0.7909999999999999,272.0,0.8359999999999999,271.0,0.003,13.66,2.0,3.0,0.0,21.89,12.84,353.6,0.0,1.534,1.651,1.375,1.473,1.621,1.337,1.503,181.4,181.6,1.854,196.5,0.2889999999999999,0.0,29.01,27.58,28.44,59.58,28.64,28.46,27.21,9.840000000000002,9.840000000000002,9.840000000000002,7.38,3.0,3.0,3.0,2.0,3.477,3.4760000000000004,3.475,2.607,0.0,353.5,352.6,0.0,0.0,0.0,0.0,0.0,0.0,59.95,6000.0,35.92,-0.437,7.0,14.89,15.62,15.93,199.6,26.06,28.34,29.0,28.3,26.53,26.24,27.56,30.28,27.72,28.54,29.9,29.4,21.24,21.27,58.43,31.0,38.22,28.09,0.0,241.0,23.52,2.0,3.519,-1.0,2.728,4.8,4903
2015-12-24 11:29:00,0.0,0.0,17.55,17.73,18.37,18.73,12.0,289747.0,16.0,0.999,75.59999999999998,59.5,60.0,15.2,9462.0,1373.0,1378.0,298580.0,15.59,-0.155,15.2,-1.0,-0.437,15.6,1.0,0.6999999999999998,269.2,271.2,273.0,273.0,0.818,271.9,0.7909999999999999,272.0,0.8359999999999999,271.0,0.003,13.66,2.0,3.0,0.0,21.94,15.91,354.4,0.0,1.803,1.927,1.629,1.736,1.967,1.645,1.812,219.4,219.7,2.235,237.0,0.291,0.0,28.95,27.5,28.38,-102.3,28.67,28.39,27.17,12.07,12.06,12.07,9.05,3.0,3.0,3.0,2.0,4.28,4.279,4.281000000000001,3.21,0.0,354.7,353.4,0.0,0.0,0.0,0.0,0.0,0.0,59.95,6000.0,44.32,-0.4929999999999999,7.0,18.59,19.34,19.64,244.2,26.04,28.4,29.02,28.25,26.44,26.18,27.49,30.28,27.71,28.49,29.92,29.42,21.27,21.28,59.0,31.0,38.93,28.04,0.0,242.8,24.53,2.0,3.519,-1.0,3.403,7.7,4903
2015-12-24 11:30:00,0.0,0.0,15.25,15.32,15.9,16.32,12.0,289747.0,16.0,0.999,75.59999999999998,59.5,60.0,13.2,9462.0,1373.0,1378.0,298580.0,13.56,-0.1799999999999999,13.21,-1.0,-0.3379999999999999,13.56,1.0,0.6829999999999999,269.4,271.4,273.0,273.0,0.818,272.0,0.7909999999999999,272.0,0.8359999999999999,271.0,0.003,13.66,2.0,3.0,0.0,21.98,13.83,354.3,0.0,1.632,1.751,1.483,1.58,1.761,1.469,1.638,195.6,195.6,1.979,208.1,0.2899999999999999,0.0,28.73,27.38,28.24,-7.986,28.44,28.21,27.04,10.55,10.54,10.53,7.907999999999999,4.0,4.0,4.0,3.0,3.74,3.736,3.731,2.803,0.0,354.5,353.4,0.0,0.0,0.0,0.0,0.0,0.0,59.96,6000.0,38.67,-0.477,7.0,16.1,16.85,17.13,211.8,25.94,28.27,28.95,28.17,26.31,26.04,27.41,30.17,27.6,28.29,29.81,29.33,21.25,21.23,59.88,31.0,39.0,27.74,0.0,226.6,19.12,2.0,3.519,-1.0,3.23,6.1,4903
2015-12-24 11:31:00,0.0,0.0,14.0,14.1,14.82,15.1,12.0,289747.0,16.0,0.998,75.59999999999998,59.5,60.0,12.27,9462.0,1373.0,1378.0,298580.0,12.6,-0.143,12.28,-1.0,-0.3059999999999999,12.6,1.0,0.698,269.1,271.1,273.0,273.0,0.818,271.9,0.7909999999999999,272.0,0.8359999999999999,271.0,0.004,13.66,2.0,3.0,0.0,22.02,12.86,352.9,0.0,1.531,1.651,1.388,1.493,1.648,1.37,1.546,182.5,182.6,1.859,194.8,0.2889999999999999,0.0,28.41,27.24,27.93,172.3,28.11,27.94,26.89,9.840000000000002,9.840000000000002,9.840000000000002,7.372999999999998,4.0,4.0,4.0,3.0,3.472,3.4730000000000003,3.474,2.602,0.0,352.9,351.9,0.0,0.0,0.0,0.0,0.0,0.0,59.95,6000.0,36.05,-0.487,7.0,14.91,15.67,15.95,196.3,25.87,28.1,28.74,28.0,26.19,25.94,27.23,30.08,27.62,28.27,29.7,29.13,21.26,21.24,60.0,31.0,39.0,27.68,0.0,254.5,34.02,2.0,3.519,-1.0,2.748,4.3,4903
2015-12-24 11:32:00,0.0,0.0,11.7,11.82,12.43,12.82,12.0,289747.0,16.0,0.998,75.59999999999998,59.5,60.0,10.34,9462.0,1373.0,1378.0,298580.0,10.62,-0.217,10.34,-1.0,-0.186,10.63,1.0,0.6999999999999998,269.0,271.0,273.0,272.8,0.818,271.4,0.7909999999999999,272.0,0.8359999999999999,271.0,0.001,13.47,2.0,1.0,0.0,22.06,10.87,353.0,0.0,1.325,1.429,1.192,1.283,1.4069999999999998,1.165,1.324,156.8,157.0,1.591,167.2,0.288,0.001,28.46,27.14,27.89,100.2,27.9,27.83,26.8,8.359999999999998,8.359999999999998,8.359999999999998,6.267,4.0,4.0,4.0,3.0,2.952,2.951,2.95,2.212,0.0,353.0,352.0,0.0,0.0,0.0,0.0,0.0,0.0,59.96,6000.0,30.4,-0.477,7.0,12.51,13.24,13.53,168.5,25.79,28.01,28.62,27.84,26.19,25.82,27.08,29.99,27.63,28.21,29.6,28.98,21.27,21.32,59.5,31.0,39.0,27.66,0.0,254.7,19.66,2.0,3.521,-1.0,1.68,2.9,4903
2015-12-24 11:33:00,0.0,0.0,10.28,10.37,11.18,11.37,12.0,289747.0,16.0,0.998,75.59999999999998,59.5,60.0,9.21,9462.0,1373.0,1378.0,298581.0,9.49,-0.138,9.22,-1.0,-0.1889999999999999,9.49,1.0,0.697,269.0,271.0,272.7,272.3,0.818,271.2,0.7909999999999999,272.0,0.8359999999999999,271.0,0.003,13.66,2.0,3.0,0.0,22.1,9.69,352.0,0.0,1.2,1.289,1.078,1.152,1.258,1.029,1.171,141.2,141.4,1.421,150.5,0.2869999999999999,0.0,28.33,27.04,27.78,-89.4,27.62,27.73,26.62,7.557,7.558,7.558,5.664,4.0,4.0,4.0,3.0,2.66,2.661,2.661,1.994,0.0,352.1,351.1,0.0,0.0,0.0,0.0,0.0,0.0,59.95,6000.0,27.12,-0.467,7.0,11.11,11.87,12.15,152.8,25.76,27.91,28.49,27.68,26.03,25.64,26.93,29.81,27.44,27.97,29.43,28.83,21.34,21.37,57.48,31.0,39.0,27.5,0.0,246.7,14.19,2.0,3.521,-1.0,2.34,3.5,4903
2015-12-24 11:34:00,0.0,0.0,12.67,12.77,13.48,13.77,13.0,289748.0,16.0,0.998,75.59999999999998,59.5,60.0,11.16,9462.0,1373.0,1378.0,298581.0,11.47,-0.162,11.17,-1.0,-0.262,11.48,1.0,0.687,269.0,271.0,272.9,272.4,0.818,271.2,0.7909999999999999,272.0,0.8359999999999999,271.0,0.003,13.66,2.0,3.0,0.0,22.14,11.69,348.0,0.0,1.403,1.505,1.267,1.345,1.487,1.227,1.379,167.2,167.3,1.679,178.2,0.288,0.0,28.29,26.99,27.71,,27.66,27.64,26.52,9.15,9.14,9.14,6.854,4.0,4.0,4.0,3.0,3.185,3.184,3.184,2.387,0.0,348.2,347.2,0.0,0.0,0.0,0.0,0.0,0.0,59.95,6000.0,33.05,-0.462,7.0,13.54,14.3,14.58,180.7,25.91,27.93,28.52,27.57,25.95,25.58,26.81,29.75,27.46,27.84,29.35,28.87,21.33,21.36,58.0,31.0,39.0,27.43,0.0,248.5,26.11,2.0,3.519,-1.0,2.905,4.8,4903
2015-12-24 11:35:00,0.0,0.0,11.67,12.0,12.43,13.0,13.0,289748.0,16.0,0.998,75.59999999999998,59.5,60.0,10.38,9462.0,1373.0,1378.0,298581.0,10.69,-0.198,10.38,-1.0,-0.2019999999999999,10.69,1.0,0.693,269.0,271.0,272.8,272.7,0.818,271.2,0.7909999999999999,272.0,0.8359999999999999,271.0,0.003,13.66,2.0,3.0,0.0,22.18,10.9,352.4,0.0,1.336,1.433,1.209,1.293,1.418,1.171,1.3330000000000002,158.1,158.2,1.585,166.6,0.288,0.0,28.1,26.81,27.44,80.29999999999998,27.52,27.49,26.46,8.439999999999998,8.42,8.429999999999998,6.32,4.0,4.0,4.0,3.0,2.974,2.97,2.971,2.228,0.0,352.6,351.4,0.0,0.0,0.0,0.0,0.0,0.0,59.96,6000.0,30.52,-0.4799999999999999,7.0,12.58,13.35,13.6,168.3,25.71,27.76,28.38,27.43,25.69,25.45,26.69,29.62,27.14,27.78,29.18,28.72,21.3,21.32,58.98,31.0,39.0,27.21,0.0,259.8,21.09,2.0,3.519,-1.0,2.357,4.1,4903
2015-12-24 11:36:00,0.0,0.0,11.0,11.1,11.82,12.1,13.0,289748.0,16.0,0.998,75.59999999999998,59.5,60.0,9.76,9462.0,1373.0,1378.0,298581.0,10.05,-0.118,9.77,-1.0,-0.222,10.06,1.0,0.707,269.0,271.0,272.8,272.7,0.818,271.3,0.7909999999999999,272.0,0.8359999999999999,271.0,0.003,13.66,2.0,3.0,0.0,22.22,10.27,354.4,0.0,1.262,1.359,1.136,1.225,1.341,1.102,1.27,150.3,150.4,1.504,158.9,0.288,0.0,27.95,26.66,27.29,24.27,27.36,27.29,26.34,7.894,7.892,7.893,5.917999999999999,4.0,4.0,4.0,3.0,2.799,2.798,2.799,2.0980000000000003,0.0,354.6,353.4,0.0,0.0,0.0,0.0,0.0,0.0,59.95,6000.0,28.6,-0.4529999999999999,7.0,11.81,12.57,12.82,159.6,25.79,27.71,28.24,27.32,25.78,25.41,26.58,29.5,27.12,27.77,29.09,28.63,21.29,21.32,59.0,31.0,39.0,27.05,0.0,225.4,23.56,2.0,3.518,-1.0,2.452,3.8,4903
2015-12-24 11:37:00,0.0,0.0,8.0,8.08,8.83,9.08,13.0,289748.0,16.0,0.997,75.59999999999998,59.5,60.0,7.392,9462.0,1373.0,1378.0,298581.0,7.627999999999998,-0.1799999999999999,7.407999999999999,-0.567,-0.066,7.627999999999998,1.0,0.7079999999999999,269.0,271.0,273.0,272.9,0.818,271.4,0.7909999999999999,272.0,0.8359999999999999,271.0,0.003,13.57,2.0,3.0,0.0,22.26,7.82,354.4,0.0,1.007,1.083,0.903,0.976,1.048,0.844,0.99,118.0,118.3,1.176,124.4,0.2869999999999999,0.0,27.64,26.49,27.11,297.7,26.99,27.14,26.17,6.077000000000001,6.082000000000001,6.082000000000001,4.555,4.0,4.0,4.0,3.0,2.155,2.157,2.156,1.615,0.0,354.5,353.4,0.0,0.0,0.0,0.0,0.0,0.0,59.96,6000.0,21.73,-0.457,7.0,8.84,9.590000000000002,9.85,125.2,25.62,27.51,28.15,27.09,25.48,25.14,26.33,29.3,26.69,27.51,28.87,28.51,21.31,21.3,59.0,31.0,39.0,26.77,0.0,245.9,29.35,2.0,3.519,-1.0,3.42,5.6,4903
2015-12-24 11:38:00,0.0,0.0,7.0,7.0,8.0,8.0,13.0,289748.0,16.0,0.995,75.59999999999998,59.5,60.0,6.575,9462.0,1373.0,1378.0,298581.0,6.813,-0.223,6.605,-0.1669999999999999,-0.01,6.813,1.0,0.7079999999999999,269.0,271.0,272.9,272.7,0.818,271.1,0.7909999999999999,272.0,0.8359999999999999,271.0,0.003,13.66,2.0,3.0,0.0,22.29,6.997000000000001,354.4,0.0,0.913,0.976,0.812,0.871,0.931,0.7509999999999998,0.873,106.0,106.2,1.055,112.5,0.286,0.0,27.12,26.11,26.79,172.3,26.56,26.77,25.8,5.492000000000001,5.49,5.495,4.1160000000000005,4.0,4.0,4.0,3.0,1.947,1.946,1.948,1.459,0.0,354.5,353.3,0.0,0.0,0.0,0.0,0.0,0.0,59.96,6000.0,19.47,-0.447,7.0,7.847,8.59,8.87,113.7,25.11,26.97,27.68,26.68,25.15,24.74,25.94,28.8,26.32,27.03,28.41,28.05,21.27,21.27,59.0,31.0,39.0,26.28,0.0,265.6,29.88,2.0,3.519,-1.0,4.002,7.0,4903
2015-12-24 11:39:00,0.0,0.0,7.382999999999998,7.433,8.32,8.429999999999998,13.0,289748.0,16.0,0.996,75.59999999999998,59.5,60.0,6.87,9462.0,1373.0,1378.0,298581.0,7.113,-0.2019999999999999,6.885,-1.0,-0.0379999999999999,7.113,1.0,0.7029999999999998,269.0,271.0,273.0,272.9,0.818,271.6,0.7909999999999999,272.0,0.8359999999999999,271.0,0.003,13.66,2.0,3.0,0.0,22.33,7.292999999999998,355.0,0.0,0.937,1.001,0.837,0.893,0.963,0.775,0.899,110.0,110.2,1.087,116.5,0.286,0.0,26.83,25.78,26.45,119.8,26.15,26.44,25.45,5.711,5.715,5.72,4.282,4.0,4.0,4.0,3.0,2.028,2.03,2.032,1.521,0.0,355.2,354.0,0.0,0.0,0.0,0.0,0.0,0.0,59.96,6000.0,20.17,-0.437,7.0,8.199999999999998,8.949999999999998,9.24,117.7,24.77,26.54,27.27,26.33,24.85,24.45,25.6,28.3,25.78,26.69,27.96,27.62,21.19,21.29,59.0,31.0,39.0,26.16,0.0,277.5,19.45,2.0,3.519,-1.0,3.553,6.6,4903
2015-12-24 11:40:00,0.0,0.0,8.0,8.0,9.0,9.0,13.0,289748.0,16.0,0.996,75.59999999999998,59.5,60.0,7.492000000000002,9462.0,1373.0,1378.0,298582.0,7.752,-0.157,7.514999999999999,-1.0,-0.08,7.752,1.0,0.7049999999999998,269.0,271.0,273.0,272.9,0.818,271.5,0.7909999999999999,272.0,0.8359999999999999,271.0,0.003,13.66,2.0,3.0,0.0,22.37,7.968,355.9,0.0,1.008,1.082,0.898,0.96,1.034,0.8349999999999999,0.962,117.9,118.1,1.177,126.0,0.286,0.0,26.73,25.58,26.3,31.83,25.91,26.28,25.28,6.182,6.174,6.171,4.63,4.0,4.0,4.0,3.0,2.201,2.199,2.198,1.649,0.0,356.1,354.9,0.0,0.0,0.0,0.0,0.0,0.0,59.96,6000.0,22.0,-0.437,7.0,8.98,9.74,10.01,126.6,24.65,26.36,27.03,26.16,24.78,24.39,25.43,28.03,25.64,26.55,27.69,27.38,21.19,21.27,59.0,31.0,39.0,25.98,0.0,258.9,32.71,2.0,3.519,-1.0,2.698,4.8,4903
2015-12-24 11:41:00,0.0,0.0,7.65,7.867000000000002,8.57,8.87,14.0,289749.0,16.0,0.996,75.59999999999998,59.5,60.0,7.228,9462.0,1373.0,1378.0,298582.0,7.471,-0.1119999999999999,7.25,-1.0,-0.122,7.472,1.0,0.7029999999999998,269.0,271.0,272.8,272.3,0.818,271.1,0.7909999999999999,272.0,0.8359999999999999,271.0,0.003,13.66,2.0,3.0,0.0,22.4,7.672999999999998,358.6,0.0,0.981,1.056,0.872,0.941,1.012,0.815,0.954,115.4,115.5,1.149,122.9,0.286,0.0,26.42,25.39,26.04,-14.66,25.7,26.04,25.11,5.908,5.903,5.906000000000001,4.428,4.0,4.0,4.0,3.0,2.12,2.1180000000000003,2.119,1.589,0.0,358.8,357.7,0.0,0.0,0.0,0.0,0.0,0.0,59.95,6000.0,20.98,-0.412,7.0,8.64,9.4,9.69,123.3,24.61,26.27,26.91,26.02,24.6,24.23,25.3,27.92,25.62,26.42,27.6,27.28,21.19,21.19,59.0,31.45,39.0,25.75,0.0,252.0,26.29,2.0,3.519,-1.0,2.835,4.6,4903
2015-12-24 11:42:00,0.0,0.0,8.429999999999998,8.55,9.22,9.55,14.0,289749.0,16.0,0.996,75.59999999999998,59.5,60.0,7.69,9462.0,1373.0,1378.0,298582.0,7.947,-0.127,7.722,-1.0,-0.118,7.947,1.0,0.7249999999999999,269.0,271.0,273.0,272.6,0.818,271.2,0.7909999999999999,272.0,0.8359999999999999,271.0,0.017,13.6,2.0,1.0,0.0,22.44,8.13,353.5,0.0,1.01,1.082,0.901,0.959,1.044,0.8469999999999999,0.973,120.4,120.5,1.183,127.9,0.286,0.001,26.13,25.26,25.89,-54.31,25.54,25.84,25.03,6.382000000000001,6.381,6.375,4.781000000000001,4.0,4.0,4.0,3.0,2.255,2.255,2.253,1.689,0.0,353.6,352.7,0.0,0.0,0.0,0.0,0.0,0.0,59.95,6000.0,22.67,-0.445,7.0,9.21,9.97,10.27,129.5,24.49,26.13,26.77,25.85,24.4,24.1,25.12,27.72,25.41,26.23,27.42,27.13,21.19,21.2,59.0,31.35,39.0,25.6,0.0,279.4,41.26,2.0,3.519,-1.0,2.647,4.6,4903
2015-12-24 11:43:00,0.0,0.0,9.0,9.0,9.98,10.0,14.0,289749.0,16.0,0.997,75.59999999999998,59.5,60.0,8.15,9462.0,1373.0,1378.0,298582.0,8.4,-0.143,8.16,-1.0,-0.1369999999999999,8.4,1.0,0.712,269.0,271.0,272.7,272.5,0.818,271.0,0.7909999999999999,272.0,0.8359999999999999,271.0,-0.013,13.47,2.0,1.0,0.0,22.47,8.58,345.7,0.0,1.047,1.125,0.935,1.004,1.084,0.8809999999999998,1.017,124.9,124.9,1.233,133.4,0.288,0.001,26.09,25.21,25.84,10.49,25.6,25.78,24.82,6.837000000000001,6.837000000000001,6.836,5.125,4.0,4.0,4.0,3.0,2.366,2.366,2.365,1.773,0.0,346.0,345.0,0.0,0.0,0.0,0.0,0.0,0.0,59.95,6000.0,24.68,-0.4249999999999999,7.0,9.77,10.54,10.79,134.0,24.27,25.89,26.54,25.67,24.33,23.96,24.95,27.46,25.18,26.07,27.18,26.88,21.23,21.24,59.0,31.9,39.0,25.56,0.0,262.6,21.79,2.0,3.519,-1.0,2.322,4.5,4903
2015-12-24 11:44:00,0.0,0.0,7.282999999999999,7.4,8.07,8.4,14.0,289749.0,16.0,0.995,75.59999999999998,59.5,60.0,6.792999999999999,9462.0,1373.0,1378.0,298582.0,7.019,-0.182,6.827000000000001,-0.9,-0.0379999999999999,7.019,1.0,0.707,269.0,271.0,272.7,272.4,0.818,271.0,0.7909999999999999,272.0,0.8359999999999999,271.0,0.003,13.66,2.0,3.0,0.0,22.5,7.2,347.0,0.0,0.897,0.966,0.8009999999999999,0.8690000000000001,0.93,0.7429999999999999,0.885,106.8,106.9,1.053,113.6,0.286,0.0,25.98,25.05,25.66,15.29,25.57,25.63,24.73,5.7410000000000005,5.745,5.742000000000001,4.301,4.0,4.0,4.0,3.0,1.993,1.994,1.993,1.493,0.0,347.1,346.1,0.0,0.0,0.0,0.0,0.0,0.0,59.96,6000.0,20.38,-0.4429999999999999,7.0,8.09,8.84,9.12,113.9,24.18,25.71,26.36,25.48,24.13,23.82,24.79,27.27,24.99,25.83,27.0,26.69,21.23,21.19,59.0,32.0,39.0,25.36,0.0,262.3,27.47,2.0,3.519,-1.0,3.5,6.3,4903
2015-12-24 11:45:00,0.0,0.0,6.267,6.517,7.0,7.517,14.0,289749.0,16.0,0.994,75.59999999999998,59.5,60.0,6.007999999999999,9462.0,1373.0,1378.0,298582.0,6.227,-0.1719999999999999,6.04,-0.5,-0.018,6.227,1.0,0.707,269.0,271.0,272.9,272.3,0.818,271.1,0.7909999999999999,272.0,0.8359999999999999,271.0,0.003,13.66,2.0,3.0,0.0,22.52,6.388,344.6,0.0,0.8009999999999999,0.8569999999999999,0.7129999999999999,0.764,0.8249999999999998,0.6659999999999999,0.768,95.6,95.8,0.935,101.9,0.2849999999999999,0.0,25.67,24.84,25.44,-21.19,25.32,25.39,24.53,5.19,5.195,5.189,3.889,4.0,4.0,4.0,3.0,1.79,1.791,1.789,1.341,0.0,344.8,343.6,0.0,0.0,0.0,0.0,0.0,0.0,59.96,6000.0,18.23,-0.407,7.0,7.117000000000001,7.872,8.17,103.1,24.05,25.5,26.09,25.23,24.0,23.64,24.55,27.01,24.89,25.62,26.74,26.42,21.21,21.17,59.0,32.0,39.0,25.1,0.0,240.6,19.99,2.0,3.519,-1.0,3.688,6.9,4903
2015-12-24 11:46:00,0.0,0.0,6.267,6.317,6.917000000000001,7.317,14.0,289749.0,16.0,0.994,75.59999999999998,59.5,60.0,5.835,9462.0,1373.0,1378.0,298582.0,6.061,-0.218,5.87,0.933,0.026,6.061,1.0,0.712,269.0,271.0,272.8,272.6,0.818,271.1,0.7909999999999999,272.0,0.8359999999999999,271.0,0.003,13.66,2.0,3.0,0.0,22.56,6.2170000000000005,346.9,0.0,0.7809999999999999,0.8309999999999998,0.689,0.7369999999999999,0.79,0.632,0.7309999999999999,92.3,92.5,0.904,99.3,0.2849999999999999,0.0,25.33,24.58,25.15,-55.02,25.03,25.15,24.32,5.046,5.041,5.042,3.782,4.0,4.0,4.0,3.0,1.7519999999999998,1.75,1.75,1.3130000000000002,0.0,347.1,345.9,0.0,0.0,0.0,0.0,0.0,0.0,59.96,6000.0,17.5,-0.427,7.0,6.933,7.6629999999999985,7.9529999999999985,100.9,23.93,25.28,25.86,25.0,23.79,23.44,24.33,26.74,24.68,25.4,26.48,26.19,21.16,21.17,59.0,32.0,39.48,24.8,0.0,247.6,20.62,2.0,3.521,-1.0,3.718,5.6,4903
2015-12-24 11:47:00,0.0,0.0,7.832999999999998,8.0,8.48,9.0,14.0,289749.0,16.0,0.997,75.59999999999998,59.5,60.0,7.09,9462.0,1373.0,1378.0,298582.0,7.33,-0.168,7.103,-1.0,-0.067,7.33,1.0,0.7199999999999999,269.0,271.0,273.0,272.7,0.818,271.0,0.7909999999999999,272.0,0.8359999999999999,271.0,0.003,13.66,2.0,3.0,0.0,22.58,7.507,350.8,0.0,0.921,0.986,0.817,0.872,0.941,0.768,0.882,110.1,110.2,1.074,118.0,0.286,0.0,25.25,24.47,25.01,-1.586,24.86,24.95,24.24,5.932,5.935,5.937,4.446000000000001,4.0,4.0,4.0,3.0,2.082,2.083,2.084,1.56,0.0,350.9,349.9,0.0,0.0,0.0,0.0,0.0,0.0,59.96,6000.0,20.97,-0.4849999999999999,7.0,8.48,9.21,9.49,118.6,23.83,25.2,25.74,24.89,23.72,23.4,24.22,26.57,24.61,25.32,26.31,26.08,21.18,21.15,59.0,32.0,39.23,24.74,0.0,233.2,41.97,2.0,3.518,-1.0,1.518,2.3,4903
2015-12-24 11:48:00,0.0,0.0,6.45,6.683,7.332999999999998,7.683,14.0,289749.0,16.0,0.995,75.59999999999998,59.5,60.0,6.242000000000001,9462.0,1373.0,1378.0,298582.0,6.461,-0.217,6.275,0.267,0.012,6.461,1.0,0.7299999999999999,269.0,271.0,272.8,272.5,0.818,271.0,0.7909999999999999,272.0,0.8359999999999999,271.0,-0.001,13.47,2.0,3.0,0.0,22.61,6.632999999999999,350.7,0.0,0.824,0.884,0.7299999999999999,0.7879999999999999,0.8469999999999999,0.675,0.8009999999999999,98.9,99.1,0.965,105.9,0.2849999999999999,0.001,25.23,24.42,24.95,77.28,24.82,24.92,24.17,5.278,5.274,5.27,3.954,4.0,4.0,4.0,3.0,1.852,1.85,1.849,1.388,0.0,350.9,349.7,0.0,0.0,0.0,0.0,0.0,0.0,59.96,6000.0,18.65,-0.4779999999999999,7.0,7.422999999999998,8.14,8.449999999999998,106.3,23.7,25.07,25.62,24.77,23.63,23.32,24.1,26.44,24.51,25.26,26.18,25.94,21.17,21.23,59.0,32.0,39.52,24.75,0.0,277.2,13.96,2.0,3.519,-1.0,2.943,4.5,4903
2015-12-24 11:49:00,0.0,0.0,6.882999999999999,6.9670000000000005,7.683,7.967,14.0,289749.0,16.0,0.994,75.59999999999998,59.5,60.0,6.372999999999999,9462.0,1373.0,1378.0,298583.0,6.61,-0.257,6.408,1.0,0.0299999999999999,6.61,1.0,0.7399999999999999,269.0,271.0,273.0,272.6,0.818,271.0,0.7909999999999999,272.0,0.8359999999999999,271.0,0.0069999999999999,13.66,2.0,3.0,0.0,22.63,6.783,353.1,0.0,0.837,0.899,0.7419999999999999,0.795,0.8529999999999999,0.696,0.792,100.4,100.6,0.981,108.5,0.286,0.0,25.21,24.3,24.92,128.4,24.69,24.81,24.01,5.361000000000001,5.36,5.361000000000001,4.017,4.0,4.0,4.0,3.0,1.893,1.893,1.893,1.419,0.0,353.2,352.1,0.0,0.0,0.0,0.0,0.0,0.0,59.97,6000.0,18.92,-0.4749999999999999,7.0,7.607,8.32,8.63,109.0,23.65,24.94,25.41,24.6,23.53,23.2,23.95,26.22,24.24,25.09,25.95,25.74,21.14,21.2,59.0,32.0,39.5,24.65,0.0,268.2,31.05,2.0,3.519,-1.0,3.005,5.3,4903
2015-12-24 11:50:00,0.0,0.0,5.433,5.632999999999999,6.332999999999999,6.632999999999999,15.0,289750.0,16.0,0.992,75.59999999999998,59.5,60.0,5.3870000000000005,9462.0,1373.0,1378.0,298583.0,5.597,-0.127,5.428,-0.8,-0.026,5.597,1.0,0.7219999999999999,269.0,271.0,272.7,272.2,0.818,271.0,0.7909999999999999,272.0,0.8359999999999999,271.0,0.003,13.66,2.0,3.0,0.0,22.66,5.775,357.4,0.0,0.7359999999999999,0.789,0.649,0.7009999999999998,0.75,0.6079999999999999,0.7079999999999999,88.4,88.59999999999998,0.8599999999999999,95.3,0.2849999999999999,0.0,25.06,24.24,24.77,-150.7,24.51,24.73,24.0,4.543,4.542,4.543,3.404,4.0,4.0,4.0,3.0,1.624,1.6230000000000002,1.624,1.217,0.0,357.5,356.4,0.0,0.0,0.0,0.0,0.0,0.0,59.95,6000.0,15.75,-0.432,7.0,6.38,7.098,7.393,95.8,23.71,24.92,25.35,24.52,23.52,23.18,23.87,26.15,24.3,25.05,25.91,25.68,21.17,21.16,58.5,32.0,40.0,24.51,0.0,255.6,38.93,2.0,3.519,-1.0,1.977,3.7,4903
2015-12-24 11:51:00,0.0,0.0,6.517,6.632999999999999,7.017,7.632999999999998,15.0,289750.0,16.0,0.994,75.59999999999998,59.5,60.0,6.067,9462.0,1373.0,1378.0,298583.0,6.309,-0.123,6.098,-0.8669999999999999,-0.0609999999999999,6.309,1.0,0.7149999999999999,269.0,271.0,272.8,272.2,0.818,271.0,0.7909999999999999,272.0,0.8359999999999999,271.0,0.003,13.66,2.0,3.0,0.0,22.68,6.492000000000001,360.9,0.0,0.817,0.873,0.7279999999999999,0.775,0.8349999999999999,0.68,0.773,99.2,99.4,0.951,106.2,0.286,0.0,25.0,24.17,24.73,-116.2,24.47,24.58,23.88,5.0280000000000005,5.038,5.039,3.771,4.0,4.0,4.0,3.0,1.815,1.819,1.819,1.361,0.0,361.0,359.9,0.0,0.0,0.0,0.0,0.0,0.0,59.95,6000.0,17.55,-0.412,7.0,7.227,7.974999999999999,8.269999999999998,106.9,23.62,24.86,25.29,24.44,23.44,23.11,23.8,26.06,24.17,24.94,25.81,25.61,21.16,21.19,58.0,32.0,40.0,24.43,0.0,273.3,26.58,2.0,3.519,-1.0,2.408,5.0,4903
2015-12-24 11:52:00,0.0,0.0,6.4,6.55,7.232999999999999,7.55,15.0,289750.0,16.0,0.992,75.59999999999998,59.5,60.0,6.1,9462.0,1373.0,1378.0,298583.0,6.331,-0.1499999999999999,6.132000000000001,-0.8669999999999999,-0.054,6.331,1.0,0.7249999999999999,269.0,271.0,272.8,272.5,0.818,271.0,0.7909999999999999,272.0,0.8359999999999999,271.0,0.003,13.66,2.0,3.0,0.0,22.7,6.522,363.9,0.0,0.829,0.885,0.7379999999999999,0.789,0.849,0.6829999999999999,0.794,101.1,101.3,0.964,107.9,0.286,0.0,24.99,24.14,24.64,180.9,24.3,24.51,23.78,5.004,5.01,5.012,3.754,4.0,4.0,4.0,3.0,1.822,1.824,1.825,1.367,0.0,364.0,362.9,0.0,0.0,0.0,0.0,0.0,0.0,59.95,6000.0,17.58,-0.4,7.0,7.267,7.99,8.279999999999998,108.3,23.7,24.85,25.24,24.42,23.47,23.15,23.79,25.98,24.19,24.89,25.75,25.57,21.15,21.19,58.0,32.0,40.0,24.39,0.0,221.2,27.78,2.0,3.519,-1.0,2.528,4.6,4903
2015-12-24 11:53:00,0.0,0.0,5.917000000000001,5.983,6.783,6.983,15.0,289750.0,16.0,0.992,75.59999999999998,59.5,60.0,5.662000000000001,9462.0,1373.0,1378.0,298583.0,5.885,-0.1969999999999999,5.703,0.2,0.013,5.886,1.0,0.712,269.0,271.0,272.8,272.7,0.818,271.1,0.7909999999999999,272.0,0.8359999999999999,270.9,0.005,13.66,2.0,3.0,0.0,22.73,6.08,369.2,0.0,0.815,0.875,0.7259999999999999,0.7829999999999999,0.832,0.667,0.785,98.9,99.0,0.947,105.7,0.286,0.0,24.89,24.1,24.54,-96.4,24.25,24.51,23.78,4.595,4.594,4.587,3.44,4.0,4.0,4.0,3.0,1.696,1.696,1.693,1.27,0.0,369.3,368.2,0.0,0.0,0.0,0.0,0.0,0.0,59.96,6000.0,16.22,-0.4,7.0,6.732,7.4529999999999985,7.737999999999999,105.2,23.72,24.91,25.3,24.46,23.5,23.2,23.83,26.02,24.31,24.96,25.79,25.63,21.18,21.17,58.0,32.0,40.0,24.28,0.0,221.5,30.33,2.0,3.519,-1.0,1.802,2.7,4903
2015-12-24 11:54:00,0.0,0.0,3.967,4.117,4.817,5.117,15.0,289750.0,16.0,0.98,75.59999999999998,59.5,60.0,4.077,9462.0,1373.0,1378.0,298583.0,4.27,-0.258,4.155,0.999,0.138,4.273,1.0,0.7269999999999999,269.0,271.0,273.0,272.6,0.818,271.2,0.7909999999999999,272.0,0.8359999999999999,271.0,-0.001,13.44,2.0,1.0,0.0,22.74,4.4430000000000005,368.9,0.0,0.644,0.691,0.574,0.622,0.659,0.525,0.626,78.43,78.68,0.746,83.09999999999998,0.286,0.001,24.76,24.04,24.49,67.5,24.15,24.41,23.78,3.454,3.449,3.446,2.584,4.0,4.0,4.0,3.0,1.274,1.272,1.271,0.953,0.0,368.9,367.9,0.0,0.0,0.0,0.0,0.0,0.0,59.97,6000.0,11.67,-0.4,7.0,4.79,5.5,5.817,83.2,23.64,24.82,25.23,24.38,23.46,23.13,23.77,25.93,24.2,24.84,25.69,25.56,21.18,21.16,58.0,32.0,40.0,24.21,0.0,285.8,22.86,2.0,3.519,-1.0,1.868,3.2,4903
2015-12-24 11:55:00,0.0,0.0,2.483,2.833,3.333,3.833,15.0,289750.0,16.0,0.08,75.59999999999998,59.5,60.0,2.807,9462.0,1373.0,1378.0,298583.0,2.989,-0.288,2.95,0.997,0.211,2.9960000000000004,1.0,0.7269999999999999,269.0,271.0,272.9,272.4,0.818,271.0,0.7909999999999999,272.0,0.8359999999999999,271.0,0.003,13.62,2.0,3.0,0.0,22.77,3.128,370.0,0.0,0.513,0.547,0.447,0.4829999999999999,0.513,0.412,0.4859999999999999,61.39,61.75,0.5959999999999999,66.76,0.2849999999999999,0.0,24.59,23.88,24.29,144.5,24.0,24.19,23.62,2.528,2.529,2.527,1.895,4.0,4.0,4.0,3.0,0.936,0.936,0.935,0.7009999999999998,0.0,370.1,369.0,0.0,0.0,0.0,0.0,0.0,0.0,59.97,6000.0,8.13,-0.4,7.0,3.273,3.985,4.3180000000000005,67.72,23.44,24.58,25.04,24.18,23.29,22.94,23.57,25.71,23.94,24.7,25.47,25.34,21.16,21.15,58.0,32.0,40.0,24.05,0.0,261.6,35.15,2.0,3.519,-1.0,2.503,6.0,4903
2015-12-24 11:56:00,0.0,0.0,3.0,3.0,4.0,4.0,15.0,289750.0,16.0,0.2239999999999999,75.59999999999998,59.5,60.0,3.142,9462.0,1373.0,1378.0,298583.0,3.306,-0.222,3.22,0.999,0.138,3.309,1.0,0.7149999999999999,269.0,271.0,272.9,272.3,0.818,271.0,0.7909999999999999,272.0,0.8359999999999999,271.0,0.004,13.66,2.0,3.0,0.0,22.78,3.472,371.0,0.0,0.544,0.5809999999999998,0.481,0.515,0.5539999999999999,0.456,0.523,66.53,66.86,0.637,71.75,0.2839999999999999,0.0,24.42,23.75,24.15,-91.6,23.82,24.05,23.43,2.766,2.7460000000000004,2.75,2.07,4.0,4.0,4.0,3.0,1.026,1.019,1.02,0.768,0.0,370.9,370.0,0.0,0.0,0.0,0.0,0.0,0.0,59.96,6000.0,8.98,-0.4,7.0,3.637,4.363,4.668,72.34999999999998,23.24,24.35,24.79,23.98,23.09,22.75,23.37,25.42,23.72,24.44,25.2,25.1,21.14,21.16,57.53,32.0,40.0,23.9,0.0,281.1,24.44,2.0,3.519,-1.0,2.403,4.1,4903
2015-12-24 11:57:00,0.0,0.0,3.0,3.0,4.0,4.0,15.0,289750.0,16.0,0.4189999999999999,75.59999999999998,59.5,60.0,3.17,9462.0,1373.0,1378.0,298583.0,3.333,-0.187,3.245,0.999,0.105,3.335,1.0,0.7099999999999999,269.0,271.0,272.6,272.0,0.818,271.0,0.7909999999999999,272.0,0.8359999999999999,270.9,0.003,13.66,2.0,3.0,0.0,22.8,3.478,366.8,0.0,0.519,0.552,0.4589999999999999,0.4909999999999999,0.532,0.437,0.501,63.81,64.19,0.6049999999999999,68.33,0.2839999999999999,0.0,24.2,23.65,24.0,-102.3,23.64,23.89,23.33,2.797,2.7960000000000003,2.801,2.094,4.0,4.0,4.0,3.0,1.026,1.026,1.028,0.768,0.0,366.9,365.8,0.0,0.0,0.0,0.0,0.0,0.0,59.96,6000.0,9.03,-0.4,7.0,3.663,4.398,4.692,69.11,23.17,24.16,24.57,23.77,22.9,22.58,23.17,25.2,23.51,24.21,24.98,24.89,21.11,21.14,57.0,32.0,40.0,23.72,0.0,242.1,23.02,2.0,3.521,-1.0,4.74,9.2,4903
2015-12-24 11:58:00,0.0,0.0,3.0,3.033,4.0,4.033,15.0,289750.0,16.0,0.973,75.59999999999998,59.5,60.0,3.41,9462.0,1373.0,1378.0,298583.0,3.597,-0.2,3.4930000000000003,0.999,0.105,3.599,1.0,0.707,269.0,271.0,272.5,272.1,0.818,271.0,0.7909999999999999,272.0,0.8359999999999999,270.7,0.003,13.66,2.0,3.0,0.0,22.82,3.747,371.8,0.0,0.573,0.6099999999999999,0.51,0.545,0.5879999999999999,0.4829999999999999,0.5529999999999999,70.82,71.14,0.6679999999999999,75.54,0.2839999999999999,0.0,23.93,23.44,23.77,-101.1,23.47,23.69,23.2,2.96,2.949,2.951,2.224,4.0,4.0,4.0,3.0,1.101,1.096,1.097,0.827,0.0,371.9,370.7,0.0,0.0,0.0,0.0,0.0,0.0,59.96,6000.0,9.82,-0.4,7.0,3.977,4.717,5.01,75.97,23.13,24.04,24.45,23.66,22.82,22.47,23.06,25.0,23.32,24.03,24.78,24.79,21.11,21.11,57.0,32.0,40.0,23.49,0.0,263.5,36.32,2.0,3.519,-1.0,4.243,6.7,4903
2015-12-24 11:59:00,0.0,0.0,3.0,3.0,4.0,4.0,15.0,289750.0,16.0,0.974,75.59999999999998,59.5,60.0,3.395,9462.0,1373.0,1378.0,298583.0,3.577,-0.088,3.49,1.0,0.027,3.577,1.0,0.7079999999999999,269.0,271.0,272.2,272.0,0.818,271.0,0.7909999999999999,272.0,0.8359999999999999,270.4,0.003,13.66,2.0,3.0,0.0,22.84,3.737,372.2,0.0,0.5789999999999998,0.6159999999999999,0.515,0.551,0.5889999999999999,0.4739999999999999,0.5529999999999999,70.72,71.0,0.6709999999999999,75.36,0.2839999999999999,0.0,23.78,23.35,23.7,-49.04,23.3,23.58,23.08,2.924,2.934,2.9360000000000004,2.195,4.0,4.0,4.0,3.0,1.088,1.092,1.093,0.817,0.0,372.2,371.2,0.0,0.0,0.0,0.0,0.0,0.0,59.94,6000.0,9.83,-0.4,7.0,3.95,4.695,4.973,75.64,23.05,23.93,24.32,23.56,22.76,22.44,22.97,24.87,23.28,23.94,24.67,24.65,21.11,21.14,57.0,32.0,40.0,23.43,0.0,273.5,33.66,2.0,3.519,-1.0,2.735,5.2,4903
2015-12-24 12:00:00,0.0,0.0,3.15,3.333,4.017,4.333,15.0,289750.0,16.0,0.974,75.59999999999998,59.5,60.0,3.462,9462.0,1373.0,1378.0,298583.0,3.653,-0.2049999999999999,3.5780000000000003,1.0,0.105,3.654,1.0,0.707,269.0,271.0,272.3,272.0,0.818,271.0,0.7909999999999999,272.0,0.8359999999999999,270.5,0.003,13.66,2.0,3.0,0.0,22.84,3.81,371.8,0.0,0.5839999999999999,0.622,0.514,0.551,0.5849999999999999,0.472,0.547,70.43,70.74,0.675,76.03,0.2839999999999999,0.0,23.78,23.21,23.61,-158.3,23.31,23.51,23.02,3.006,3.0010000000000003,3.0010000000000003,2.249,5.0,5.0,5.0,3.0,1.118,1.116,1.116,0.8359999999999999,0.0,371.8,370.7,0.0,0.0,0.0,0.0,0.0,0.0,59.96,6000.0,10.05,-0.4,7.0,4.043,4.7780000000000005,5.075,76.45999999999998,23.0,23.86,24.23,23.47,22.73,22.4,22.89,24.78,23.24,23.89,24.6,24.57,21.1,21.13,56.12,32.0,40.0,23.39,0.0,271.2,24.05,2.0,3.521,-1.0,2.577,4.3,4903
2015-12-24 12:01:00,0.0,0.0,4.35,4.617,5.3,5.617000000000001,15.0,289750.0,16.0,0.986,75.59999999999998,59.5,60.0,4.473,9462.0,1373.0,1378.0,298583.0,4.67,-0.1799999999999999,4.532,1.0,0.048,4.67,1.0,0.69,269.0,271.0,272.7,272.1,0.818,271.0,0.7909999999999999,272.0,0.8359999999999999,270.8,0.001,13.43,2.0,1.0,0.0,22.87,4.82,357.7,0.0,0.624,0.6659999999999999,0.55,0.5899999999999999,0.632,0.512,0.5929999999999999,76.0,76.26,0.724,81.5,0.286,0.001,23.73,23.21,23.58,-92.5,23.29,23.44,23.0,3.874,3.866,3.862,2.902,5.0,5.0,5.0,3.0,1.385,1.383,1.381,1.038,0.0,357.8,356.8,0.0,0.0,0.0,0.0,0.0,0.0,59.96,6000.0,13.03,-0.4479999999999999,7.0,5.235,5.997000000000001,6.29,81.9,22.99,23.84,24.18,23.45,22.73,22.4,22.89,24.74,23.23,23.87,24.55,24.52,21.11,21.12,56.0,32.0,40.0,23.29,0.0,256.8,30.89,2.0,3.521,-1.0,2.4330000000000003,4.2,4903
2015-12-24 12:02:00,0.0,0.0,4.867,5.0,5.767,6.0,15.0,289750.0,16.0,0.988,75.59999999999998,59.5,60.0,4.7330000000000005,9462.0,1373.0,1378.0,298584.0,4.929,-0.103,4.795,-0.633,-0.018,4.929,1.0,0.7049999999999998,269.0,271.0,272.4,272.0,0.818,271.0,0.7909999999999999,271.9,0.8359999999999999,270.2,0.003,13.62,2.0,3.0,0.0,22.87,5.082,345.1,0.0,0.634,0.677,0.562,0.6039999999999999,0.644,0.517,0.6029999999999999,77.08,77.34999999999998,0.7349999999999999,82.5,0.2849999999999999,0.0,23.69,23.14,23.51,19.22,23.24,23.38,23.0,4.182,4.178,4.179,3.135,5.0,5.0,5.0,3.0,1.444,1.443,1.443,1.082,0.0,345.3,344.3,0.0,0.0,0.0,0.0,0.0,0.0,59.95,6000.0,14.5,-0.4229999999999999,7.0,5.542000000000001,6.317,6.603,82.7,22.99,23.83,24.17,23.45,22.7,22.41,22.88,24.7,23.25,23.89,24.5,24.49,21.11,21.14,56.0,32.0,40.0,23.25,0.0,249.2,39.08,2.0,3.519,-1.0,2.587,5.7,4903
2015-12-24 12:03:00,0.0,0.0,4.8,5.25,5.8,6.25,15.0,289750.0,16.0,0.988,75.59999999999998,59.5,60.0,4.873,9462.0,1373.0,1378.0,298584.0,5.084,-0.048,4.937,-0.8,-0.072,5.084,1.0,0.693,269.0,271.0,272.3,272.0,0.818,271.0,0.7909999999999999,272.0,0.8359999999999999,270.1,0.003,13.63,2.0,3.0,0.0,22.89,5.227,345.6,0.0,0.644,0.6859999999999999,0.565,0.6039999999999999,0.652,0.537,0.6079999999999999,78.4,78.64,0.755,85.09999999999998,0.2849999999999999,0.0,23.62,23.13,23.48,25.11,23.21,23.32,22.94,4.31,4.308,4.307,3.229,5.0,5.0,5.0,3.0,1.49,1.49,1.489,1.117,0.0,345.9,344.8,0.0,0.0,0.0,0.0,0.0,0.0,59.94,6000.0,14.78,-0.4279999999999999,7.0,5.712999999999999,6.52,6.797999999999999,86.0,22.96,23.81,24.14,23.4,22.69,22.37,22.84,24.64,23.27,23.83,24.45,24.46,21.11,21.11,56.0,32.0,40.0,23.2,0.0,274.4,31.29,2.0,3.519,-1.0,2.82,5.1,4903
2015-12-24 12:04:00,0.0,0.0,6.0,6.0,7.0,7.0,16.0,289751.0,16.0,0.993,75.59999999999998,59.5,60.0,5.823,9462.0,1373.0,1378.0,298584.0,6.025,-0.078,5.837999999999999,-1.0,-0.0899999999999999,6.026,1.0,0.692,269.0,271.0,272.6,272.0,0.818,271.0,0.7909999999999999,272.0,0.8359999999999999,270.5,0.003,13.62,2.0,3.0,0.0,22.9,6.172000000000001,345.7,0.0,0.7440000000000001,0.795,0.6629999999999999,0.7079999999999999,0.768,0.634,0.7159999999999999,92.0,92.2,0.8740000000000001,98.4,0.286,0.0,23.69,23.11,23.47,52.07,23.31,23.34,23.0,5.017,5.016,5.013999999999999,3.759,5.0,5.0,5.0,3.0,1.736,1.736,1.735,1.301,0.0,346.1,344.8,0.0,0.0,0.0,0.0,0.0,0.0,59.94,6000.0,17.52,-0.4279999999999999,7.0,6.847,7.638,7.928,98.6,23.05,23.88,24.19,23.46,22.8,22.45,22.9,24.69,23.34,23.92,24.51,24.5,21.12,21.14,56.0,32.0,40.0,23.25,0.0,258.8,29.26,2.0,3.519,-1.0,2.192,4.2,4903
2015-12-24 12:05:00,0.0,0.0,6.0,6.0,7.0,7.0,16.0,289751.0,16.0,0.993,75.59999999999998,59.5,60.0,5.728,9462.0,1373.0,1378.0,298584.0,5.937,-0.182,5.757999999999999,0.3329999999999999,-0.003,5.937,1.0,0.68,269.0,271.0,272.7,272.0,0.818,271.0,0.7909999999999999,272.0,0.8359999999999999,270.7,0.003,13.62,2.0,3.0,0.0,22.91,6.098,356.0,0.0,0.747,0.799,0.6659999999999999,0.712,0.77,0.627,0.7209999999999999,92.0,92.2,0.875,98.2,0.286,0.0,23.77,23.23,23.5,-97.6,23.38,23.4,23.02,4.814,4.805,4.81,3.612,5.0,5.0,5.0,3.0,1.715,1.711,1.713,1.286,0.0,356.2,355.0,0.0,0.0,0.0,0.0,0.0,0.0,59.96,6000.0,16.72,-0.455,7.0,6.757000000000001,7.535,7.832999999999998,98.5,23.14,23.94,24.27,23.55,22.88,22.53,23.0,24.74,23.39,23.98,24.56,24.57,21.14,21.18,56.0,32.0,40.0,23.3,0.0,284.9,32.64,2.0,3.519,-1.0,2.478,4.4,4903
2015-12-24 12:06:00,0.0,0.0,5.683,6.0,6.3,7.0,16.0,289751.0,16.0,0.99,75.59999999999998,59.5,60.0,5.412000000000001,9462.0,1373.0,1378.0,298584.0,5.641,-0.25,5.477,1.0,0.068,5.641,1.0,0.695,269.0,271.0,272.6,272.0,0.818,271.1,0.7909999999999999,272.0,0.8359999999999999,270.4,-0.009,13.42,2.0,1.0,0.0,22.92,5.818,359.0,0.0,0.7249999999999999,0.775,0.645,0.689,0.7419999999999999,0.6039999999999999,0.695,88.7,88.79999999999998,0.8469999999999999,95.1,0.286,0.001,23.78,23.21,23.58,-103.1,23.38,23.4,23.0,4.552,4.553,4.556,3.4130000000000003,5.0,5.0,5.0,3.0,1.635,1.636,1.636,1.226,0.0,359.2,358.0,0.0,0.0,0.0,0.0,0.0,0.0,59.97,6000.0,15.98,-0.4279999999999999,7.0,6.405,7.167000000000001,7.492000000000002,95.5,23.07,23.89,24.21,23.54,22.84,22.53,23.0,24.68,23.33,23.95,24.49,24.52,21.12,21.22,56.0,32.0,40.0,23.31,0.0,288.9,17.85,2.0,3.519,-1.0,3.152,5.1,4903
2015-12-24 12:07:00,0.0,0.0,5.0,5.7170000000000005,6.0,6.7170000000000005,16.0,289751.0,16.0,0.988,75.59999999999998,59.5,60.0,5.24,9462.0,1373.0,1378.0,298584.0,5.445,-0.272,5.292999999999999,1.0,0.088,5.446000000000001,1.0,0.702,269.0,271.0,273.0,272.0,0.818,271.1,0.7909999999999999,272.0,0.8359999999999999,270.8,0.017,13.48,2.0,3.0,0.0,22.93,5.61,357.9,0.0,0.7029999999999998,0.752,0.622,0.667,0.7149999999999999,0.582,0.67,85.4,85.59999999999998,0.821,92.1,0.286,0.001,23.78,23.2,23.51,-74.40999999999998,23.33,23.38,23.0,4.429,4.425,4.427,3.318,5.0,5.0,5.0,3.0,1.585,1.584,1.585,1.188,0.0,358.0,356.9,0.0,0.0,0.0,0.0,0.0,0.0,59.97,6000.0,15.2,-0.4299999999999999,7.0,6.158,6.92,7.242000000000002,92.5,23.13,23.88,24.18,23.53,22.85,22.53,22.99,24.66,23.34,23.96,24.47,24.51,21.12,21.14,56.0,32.0,40.05,23.25,0.0,248.8,25.8,2.0,3.519,-1.0,3.318,5.1,4903
2015-12-24 12:08:00,0.0,0.0,5.567,6.0,6.25,7.0,16.0,289751.0,16.0,0.991,75.59999999999998,59.5,60.0,5.39,9462.0,1373.0,1378.0,298584.0,5.613,-0.252,5.425,1.0,0.0599999999999999,5.614,1.0,0.698,269.0,271.0,272.9,272.0,0.818,271.1,0.7909999999999999,272.0,0.8359999999999999,270.6,0.003,13.66,2.0,3.0,0.0,22.95,5.773,360.0,0.0,0.7219999999999999,0.773,0.64,0.685,0.7379999999999999,0.6059999999999999,0.69,88.2,88.4,0.8479999999999999,95.2,0.2849999999999999,0.0,23.78,23.19,23.55,-174.9,23.35,23.38,23.0,4.533,4.533,4.531000000000001,3.395,5.0,5.0,5.0,3.0,1.632,1.632,1.631,1.222,0.0,360.0,358.9,0.0,0.0,0.0,0.0,0.0,0.0,59.97,6000.0,15.82,-0.427,7.0,6.365,7.122000000000001,7.45,95.7,23.11,23.92,24.2,23.53,22.87,22.54,22.98,24.68,23.38,23.94,24.49,24.52,21.11,21.15,56.0,32.0,40.85,23.27,0.0,263.7,25.77,2.0,3.519,-1.0,2.562,4.1,4903
2015-12-24 12:09:00,0.0,0.0,6.0,6.0,7.0,7.0,16.0,289751.0,16.0,0.992,75.59999999999998,59.5,60.0,5.792999999999999,9462.0,1373.0,1378.0,298584.0,6.0120000000000005,-0.2349999999999999,5.832000000000001,0.767,0.032,6.0120000000000005,1.0,0.698,269.0,271.0,273.0,272.3,0.818,271.3,0.7909999999999999,272.0,0.8359999999999999,271.0,0.003,13.66,2.0,3.0,0.0,22.95,6.18,359.6,0.0,0.767,0.822,0.6829999999999999,0.729,0.7829999999999999,0.638,0.7299999999999999,93.4,93.6,0.898,100.5,0.2849999999999999,0.0,23.78,23.18,23.58,,23.34,23.38,23.04,4.8260000000000005,4.823,4.8180000000000005,3.617,5.0,5.0,5.0,3.0,1.736,1.735,1.733,1.301,0.0,359.7,358.6,0.0,0.0,0.0,0.0,0.0,0.0,59.97,6000.0,16.83,-0.4249999999999999,7.0,6.858,7.607999999999999,7.925,100.9,23.18,23.97,24.23,23.57,22.94,22.59,23.02,24.7,23.43,23.93,24.53,24.56,21.1,21.12,56.0,32.0,41.0,23.26,0.0,223.3,25.76,2.0,3.519,-1.0,2.57,4.2,4903
2015-12-24 12:10:00,0.0,0.0,5.433,5.65,6.367000000000001,6.65,16.0,289751.0,16.0,0.99,75.59999999999998,59.5,60.0,5.357,9462.0,1373.0,1378.0,298584.0,5.582000000000001,-0.1449999999999999,5.408,-0.2999999999999999,-0.012,5.582000000000001,1.0,0.695,269.0,271.0,272.7,272.0,0.818,271.0,0.7909999999999999,272.0,0.8359999999999999,270.7,0.003,13.66,2.0,3.0,0.0,22.95,5.752999999999999,362.2,0.0,0.7329999999999999,0.7859999999999999,0.6509999999999999,0.6999999999999998,0.75,0.6079999999999999,0.7049999999999998,89.2,89.4,0.8569999999999999,95.6,0.2849999999999999,0.0,23.78,23.27,23.58,32.32,23.38,23.45,23.1,4.47,4.473,4.469,3.354,5.0,5.0,5.0,3.0,1.62,1.621,1.619,1.215,0.0,362.4,361.2,0.0,0.0,0.0,0.0,0.0,0.0,59.95,6000.0,15.55,-0.4029999999999999,7.0,6.332999999999999,7.095,7.402999999999999,95.8,23.26,24.05,24.31,23.64,23.01,22.66,23.09,24.78,23.54,24.03,24.61,24.64,21.11,21.14,56.0,32.23,41.0,23.31,0.0,243.3,29.46,2.0,3.519,-1.0,2.693,4.4,4903
2015-12-24 12:11:00,0.0,0.0,5.0,5.0,6.0,6.0,16.0,289751.0,16.0,0.987,75.59999999999998,59.5,60.0,4.972,9462.0,1373.0,1378.0,298584.0,5.171,-0.123,5.013,-0.3329999999999999,-0.006,5.171,1.0,0.7079999999999999,269.0,271.0,272.4,272.0,0.818,271.0,0.7909999999999999,272.0,0.8359999999999999,270.2,0.003,13.66,2.0,3.0,0.0,22.96,5.323,363.0,0.0,0.695,0.7440000000000001,0.6149999999999999,0.6579999999999999,0.7049999999999998,0.57,0.6579999999999999,83.9,84.09999999999998,0.8109999999999999,90.3,0.2849999999999999,0.0,23.78,23.21,23.58,-180.3,23.35,23.38,23.1,4.17,4.1610000000000005,4.166,3.125,5.0,5.0,5.0,3.0,1.514,1.511,1.513,1.135,0.0,363.1,362.0,0.0,0.0,0.0,0.0,0.0,0.0,59.95,6000.0,14.43,-0.4,7.0,5.858,6.595,6.897,90.9,23.35,24.09,24.37,23.66,23.02,22.66,23.11,24.8,23.58,24.03,24.63,24.7,21.13,21.12,56.0,32.53,41.0,23.26,0.0,242.7,47.14,2.0,3.519,-1.0,2.773,5.2,4903
2015-12-24 12:12:00,0.0,0.0,5.0,5.2,6.0,6.2,16.0,289751.0,16.0,0.988,75.59999999999998,59.5,60.0,5.013,9462.0,1373.0,1378.0,298584.0,5.232,-0.218,5.073,1.0,0.0579999999999999,5.232,1.0,0.717,269.0,271.0,272.8,272.0,0.818,271.0,0.7909999999999999,272.0,0.8359999999999999,270.8,0.0,13.44,2.0,1.0,0.0,22.98,5.398,362.8,0.0,0.702,0.75,0.6179999999999999,0.662,0.704,0.571,0.652,84.2,84.29999999999998,0.815,91.4,0.2849999999999999,0.001,23.83,23.24,23.58,-80.79999999999998,23.35,23.44,23.12,4.223,4.227,4.22,3.158,5.0,5.0,5.0,3.0,1.5319999999999998,1.534,1.531,1.146,0.0,362.8,361.8,0.0,0.0,0.0,0.0,0.0,0.0,59.96,6000.0,14.53,-0.4029999999999999,7.0,5.925,6.643,6.985,91.8,23.36,24.14,24.43,23.71,23.09,22.75,23.16,24.82,23.62,24.07,24.64,24.76,21.17,21.18,56.0,32.92,41.0,23.36,0.0,274.6,22.21,2.0,3.519,-1.0,1.5930000000000002,2.7,4903
2015-12-24 12:13:00,0.0,0.0,5.0,5.882999999999999,6.0,6.882999999999999,16.0,289751.0,16.0,0.99,75.59999999999998,59.5,60.0,5.29,9462.0,1373.0,1378.0,298585.0,5.522,-0.153,5.343,0.267,0.001,5.522,1.0,0.7029999999999998,269.0,271.0,272.3,272.0,0.818,271.0,0.7909999999999999,272.0,0.8359999999999999,270.1,0.004,13.62,2.0,3.0,0.0,22.98,5.685,362.6,0.0,0.7319999999999999,0.784,0.6509999999999999,0.697,0.7490000000000001,0.6109999999999999,0.7029999999999998,89.09999999999998,89.29999999999998,0.8499999999999999,94.9,0.286,0.0,23.95,23.29,23.68,-50.1,23.4,23.53,23.2,4.428,4.433,4.422,3.315,5.0,5.0,5.0,4.0,1.606,1.607,1.6030000000000002,1.202,0.0,362.6,361.5,0.0,0.0,0.0,0.0,0.0,0.0,59.95,6000.0,15.37,-0.407,7.0,6.2620000000000005,7.013,7.348,95.2,23.42,24.21,24.49,23.77,23.18,22.81,23.23,24.87,23.67,24.13,24.7,24.81,21.16,21.2,55.88,32.93,41.0,23.42,0.0,267.7,33.97,2.0,3.521,-1.0,2.192,3.7,4903
2015-12-24 12:14:00,0.0,0.0,5.0,5.0,6.0,6.0,16.0,289751.0,16.0,0.987,75.59999999999998,59.5,60.0,4.81,9462.0,1373.0,1378.0,298585.0,5.011,-0.1769999999999999,4.852,1.0,0.0299999999999999,5.011,1.0,0.712,269.0,271.0,272.4,272.0,0.818,271.0,0.7909999999999999,272.0,0.8359999999999999,270.1,0.003,13.62,2.0,3.0,0.0,22.99,5.162000000000001,363.2,0.0,0.685,0.7319999999999999,0.6089999999999999,0.652,0.693,0.5529999999999999,0.644,82.29999999999998,82.5,0.792,88.09999999999998,0.2849999999999999,0.0,23.86,23.29,23.68,-20.51,23.38,23.53,23.2,4.058,4.046,4.0360000000000005,3.0380000000000003,5.0,5.0,5.0,4.0,1.474,1.47,1.466,1.103,0.0,363.2,362.1,0.0,0.0,0.0,0.0,0.0,0.0,59.96,6000.0,13.87,-0.4079999999999999,7.0,5.653,6.385,6.72,88.59999999999998,23.5,24.25,24.54,23.8,23.15,22.83,23.26,24.9,23.68,24.16,24.72,24.87,21.15,21.15,55.0,33.0,41.0,23.35,0.0,204.7,23.74,2.0,3.519,-1.0,2.872,5.3,4903
2015-12-24 12:15:00,0.0,0.0,4.617,4.867,5.6,5.867000000000001,17.0,289752.0,16.0,0.985,75.59999999999998,59.5,60.0,4.592,9462.0,1373.0,1378.0,298585.0,4.785,-0.127,4.643,0.367,0.01,4.785,1.0,0.7049999999999998,269.0,271.0,272.2,272.0,0.818,271.0,0.7909999999999999,272.0,0.8359999999999999,270.0,0.003,13.62,2.0,3.0,0.0,23.01,4.928,362.7,0.0,0.66,0.7049999999999998,0.5789999999999998,0.622,0.6559999999999999,0.524,0.6129999999999999,77.95,78.2,0.763,84.9,0.2849999999999999,0.0,23.88,23.29,23.68,-2.95,23.38,23.48,23.22,3.887,3.884,3.884,2.9130000000000003,5.0,5.0,5.0,4.0,1.41,1.409,1.409,1.057,0.0,362.8,361.5,0.0,0.0,0.0,0.0,0.0,0.0,59.95,6000.0,13.07,-0.4079999999999999,7.0,5.375,6.132999999999999,6.428,85.5,23.59,24.29,24.6,23.85,23.24,22.9,23.33,24.96,23.7,24.2,24.77,24.93,21.18,21.16,55.0,33.0,41.0,23.38,0.0,241.0,39.2,2.0,3.519,-1.0,1.375,2.8,4903
2015-12-24 12:16:00,0.0,0.0,4.0,4.583,5.0,5.582999999999999,17.0,289752.0,16.0,0.985,75.59999999999998,59.5,60.0,4.45,9462.0,1373.0,1378.0,298585.0,4.649,-0.14,4.505,0.8669999999999999,0.021,4.649,1.0,0.687,269.2,271.1,272.8,272.3,0.818,271.8,0.7909999999999999,272.0,0.8359999999999999,270.8,0.003,13.62,2.0,3.0,0.0,23.01,4.803,361.3,0.0,0.6409999999999999,0.687,0.562,0.6069999999999999,0.6409999999999999,0.511,0.5999999999999999,76.37999999999998,76.64,0.7419999999999999,82.5,0.2849999999999999,0.0,23.88,23.32,23.68,-140.4,23.38,23.48,23.27,3.8,3.803,3.807,2.8510000000000004,5.0,5.0,5.0,4.0,1.3730000000000002,1.375,1.376,1.031,0.0,361.5,360.3,0.0,0.0,0.0,0.0,0.0,0.0,59.95,6000.0,12.82,-0.417,7.0,5.198,5.993,6.3020000000000005,83.09999999999998,23.63,24.36,24.67,23.89,23.3,22.95,23.37,25.01,23.77,24.2,24.8,25.0,21.19,21.18,55.0,33.0,41.0,23.37,0.0,265.2,29.49,2.0,3.519,-1.0,1.665,2.6,4903
2015-12-24 12:17:00,0.0,0.0,4.0,4.35,5.0,5.35,17.0,289752.0,16.0,0.987,75.59999999999998,59.5,60.0,4.41,9462.0,1373.0,1378.0,298585.0,4.59,-0.0529999999999999,4.442,-1.0,-0.047,4.59,1.0,0.707,269.0,271.0,273.0,272.4,0.818,271.9,0.7909999999999999,272.0,0.8359999999999999,270.9,0.003,13.62,2.0,3.0,0.0,23.01,4.743,361.8,0.0,0.638,0.682,0.562,0.6039999999999999,0.637,0.501,0.5889999999999999,75.87,76.08,0.7340000000000001,81.59999999999998,0.2849999999999999,0.0,23.9,23.31,23.68,-27.53,23.38,23.48,23.3,3.752,3.754,3.756,2.8110000000000004,5.0,5.0,5.0,4.0,1.358,1.359,1.359,1.017,0.0,361.9,360.8,0.0,0.0,0.0,0.0,0.0,0.0,59.94,6000.0,12.9,-0.417,7.0,5.1080000000000005,5.902,6.197,82.29999999999998,23.69,24.39,24.7,23.92,23.31,22.98,23.39,25.04,23.83,24.21,24.83,25.04,21.22,21.22,55.0,33.0,41.0,23.4,0.0,264.4,33.81,2.0,3.519,-1.0,1.42,2.9,4903
2015-12-24 12:18:00,0.0,0.0,5.05,5.417000000000001,6.067,6.417000000000001,17.0,289752.0,16.0,0.99,75.59999999999998,59.5,60.0,5.08,9462.0,1373.0,1378.0,298585.0,5.288,-0.093,5.125,-1.0,-0.042,5.288,1.0,0.697,269.6,271.6,273.0,273.0,0.818,272.0,0.7909999999999999,272.0,0.8359999999999999,271.0,0.002,13.42,2.0,1.0,0.0,23.02,5.442,362.4,0.0,0.7109999999999999,0.758,0.626,0.6679999999999999,0.7079999999999999,0.569,0.652,84.79999999999998,85.0,0.818,91.6,0.286,0.001,23.91,23.34,23.69,-173.9,23.38,23.58,23.3,4.273,4.267,4.259,3.201,5.0,5.0,5.0,4.0,1.55,1.548,1.545,1.161,0.0,362.6,361.5,0.0,0.0,0.0,0.0,0.0,0.0,59.94,6000.0,14.62,-0.4249999999999999,7.0,5.957000000000001,6.74,7.038,92.4,23.62,24.41,24.71,23.9,23.25,22.9,23.36,25.07,23.85,24.25,24.86,25.05,21.23,21.21,55.0,33.0,41.0,23.46,0.0,278.8,20.78,2.0,3.519,-1.0,1.53,2.3,4903
2015-12-24 12:19:00,0.0,0.0,5.85,6.0,6.85,7.0,17.0,289752.0,16.0,0.992,75.59999999999998,59.5,60.0,5.632999999999999,9462.0,1373.0,1378.0,298585.0,5.865,-0.067,5.683,-1.0,-0.088,5.8660000000000005,1.0,0.692,269.8,271.8,273.0,273.0,0.818,272.0,0.7909999999999999,272.0,0.8359999999999999,271.0,0.003,13.62,2.0,3.0,0.0,23.03,6.04,366.9,0.0,0.79,0.8459999999999999,0.7049999999999998,0.754,0.805,0.638,0.7490000000000001,96.0,96.1,0.914,102.2,0.286,0.0,24.01,23.4,23.77,3.05,23.48,23.63,23.38,4.626,4.629,4.631,3.467,5.0,5.0,5.0,4.0,1.6980000000000002,1.699,1.7,1.273,0.0,367.1,365.9,0.0,0.0,0.0,0.0,0.0,0.0,59.94,6000.0,16.13,-0.4029999999999999,7.0,6.65,7.442,7.735,102.3,23.62,24.43,24.74,23.9,23.26,22.91,23.37,25.14,23.99,24.32,24.93,25.08,21.24,21.19,55.0,33.0,41.0,23.51,0.0,255.0,27.16,2.0,3.519,-1.0,1.403,2.2,4903
2015-12-24 12:20:00,0.0,0.0,6.0,6.0,7.0,7.0,17.0,289752.0,16.0,0.994,75.59999999999998,59.5,60.0,5.818,9462.0,1373.0,1378.0,298585.0,6.026,-0.08,5.855,-1.0,-0.0859999999999999,6.026,1.0,0.698,269.9,271.9,273.0,273.0,0.818,272.0,0.7909999999999999,272.0,0.8359999999999999,271.0,0.003,13.62,2.0,3.0,0.0,23.04,6.202000000000001,365.7,0.0,0.7959999999999999,0.8529999999999999,0.7099999999999999,0.762,0.818,0.655,0.77,97.5,97.6,0.928,103.9,0.286,0.0,24.11,23.48,23.87,-69.72,23.58,23.69,23.41,4.762,4.766,4.76,3.569,5.0,5.0,5.0,4.0,1.743,1.744,1.742,1.306,0.0,365.9,364.8,0.0,0.0,0.0,0.0,0.0,0.0,59.94,6000.0,16.78,-0.402,7.0,6.843,7.627999999999998,7.929999999999999,103.9,23.73,24.54,24.82,23.97,23.36,23.01,23.44,25.23,24.07,24.37,25.02,25.17,21.21,21.19,55.0,33.0,41.0,23.58,0.0,236.3,14.73,2.0,3.519,-1.0,2.237,3.9,4903
2015-12-24 12:21:00,0.0,0.0,6.0,6.0,7.0,7.0,17.0,289752.0,16.0,0.993,75.59999999999998,59.5,60.0,5.872999999999999,9462.0,1373.0,1378.0,298585.0,6.069,-0.122,5.895,-0.967,-0.0509999999999999,6.07,1.0,0.702,269.7,271.7,273.0,273.0,0.818,272.0,0.7909999999999999,272.0,0.8359999999999999,271.0,0.003,13.62,2.0,3.0,0.0,23.04,6.242000000000001,366.8,0.0,0.8,0.8590000000000001,0.7149999999999999,0.7659999999999999,0.8299999999999998,0.6829999999999999,0.7879999999999999,99.1,99.3,0.941,105.6,0.286,0.0,24.16,23.56,23.89,-128.5,23.63,23.77,23.49,4.776,4.765,4.758,3.573,5.0,5.0,5.0,4.0,1.753,1.749,1.746,1.311,0.0,367.0,365.7,0.0,0.0,0.0,0.0,0.0,0.0,59.95,6000.0,16.87,-0.402,7.0,6.912000000000001,7.682,7.987999999999999,105.6,23.74,24.61,24.89,24.04,23.42,23.04,23.51,25.29,24.14,24.41,25.08,25.25,21.21,21.17,55.0,33.0,41.0,23.62,0.0,264.3,57.79,2.0,3.521,-1.0,1.775,3.3,4903
2015-12-24 12:22:00,0.0,0.0,5.517,5.817,6.5,6.817,17.0,289752.0,16.0,0.991,75.59999999999998,59.5,60.0,5.462999999999999,9462.0,1373.0,1378.0,298585.0,5.684,-0.158,5.51,-0.233,-0.0139999999999999,5.684,1.0,0.7049999999999998,269.6,271.6,273.0,273.0,0.818,272.0,0.7909999999999999,272.0,0.8359999999999999,271.0,0.003,13.62,2.0,3.0,0.0,23.05,5.882000000000001,368.0,0.0,0.764,0.821,0.685,0.7340000000000001,0.797,0.6629999999999999,0.759,95.2,95.3,0.903,101.5,0.286,0.0,24.17,23.6,23.92,-56.03,23.61,23.77,23.49,4.468,4.487,4.4830000000000005,3.347,5.0,5.0,5.0,4.0,1.645,1.652,1.65,1.232,0.0,368.2,367.0,0.0,0.0,0.0,0.0,0.0,0.0,59.95,6000.0,15.62,-0.4,7.0,6.44,7.205,7.53,101.3,23.73,24.62,24.93,24.11,23.44,23.09,23.58,25.34,24.12,24.46,25.14,25.27,21.21,21.23,55.0,33.0,41.0,23.66,0.0,275.7,28.9,2.0,3.521,-1.0,2.255,3.8,4903
2015-12-24 12:23:00,0.0,0.0,4.883,5.0,5.882999999999999,6.0,17.0,289752.0,16.0,0.99,75.59999999999998,59.5,60.0,4.928,9462.0,1373.0,1378.0,298585.0,5.135,-0.138,4.98,-0.2,-0.004,5.135,1.0,0.698,269.9,271.9,273.0,273.0,0.818,272.0,0.7909999999999999,272.0,0.8359999999999999,271.0,-0.01,13.42,2.0,1.0,0.0,23.06,5.32,367.5,0.0,0.7059999999999998,0.758,0.634,0.68,0.7369999999999999,0.6119999999999999,0.699,88.09999999999998,88.29999999999998,0.832,93.4,0.286,0.001,24.27,23.58,23.95,4.189,23.59,23.77,23.49,4.094,4.084,4.088,3.065,5.0,5.0,5.0,4.0,1.505,1.501,1.503,1.126,0.0,367.5,366.5,0.0,0.0,0.0,0.0,0.0,0.0,59.95,6000.0,14.23,-0.4,7.0,5.77,6.55,6.858,93.3,23.67,24.58,24.91,24.1,23.46,23.07,23.57,25.32,24.12,24.46,25.12,25.25,21.2,21.27,55.0,33.0,41.0,23.68,0.0,260.4,38.38,2.0,3.519,-1.0,2.087,3.7,4903
2015-12-24 12:24:00,0.0,0.0,4.0,4.05,5.0,5.05,17.0,289752.0,16.0,0.983,75.59999999999998,59.5,60.0,4.17,9462.0,1373.0,1378.0,298586.0,4.3660000000000005,-0.118,4.238,1.0,0.026,4.3660000000000005,1.0,0.688,269.7,271.7,273.0,273.0,0.818,272.0,0.7909999999999999,272.0,0.8359999999999999,271.0,0.0149999999999999,13.48,2.0,3.0,0.0,23.07,4.505,365.1,0.0,0.6149999999999999,0.66,0.551,0.5929999999999999,0.639,0.529,0.6109999999999999,76.56999999999998,76.84,0.7229999999999999,81.29999999999998,0.286,0.0,24.17,23.58,23.89,-89.7,23.58,23.77,23.41,3.557,3.552,3.549,2.6660000000000004,5.0,5.0,5.0,4.0,1.2990000000000002,1.297,1.296,0.974,0.0,365.2,364.1,0.0,0.0,0.0,0.0,0.0,0.0,59.95,6000.0,12.12,-0.402,7.0,4.842,5.6370000000000005,5.938,81.4,23.58,24.49,24.81,24.01,23.31,22.97,23.47,25.24,23.99,24.38,25.02,25.14,21.18,21.22,55.0,33.0,41.0,23.64,0.0,267.5,36.21,2.0,3.519,-1.0,1.733,3.4,4903
2015-12-24 12:25:00,0.0,0.0,4.0,4.0,5.0,5.0,17.0,289752.0,16.0,0.978,75.59999999999998,59.5,60.0,3.848,9462.0,1373.0,1378.0,298586.0,4.042,-0.12,3.932,1.0,0.034,4.042,1.0,0.698,269.6,271.6,273.0,273.0,0.818,272.0,0.7909999999999999,272.0,0.8359999999999999,271.0,0.003,13.62,2.0,3.0,0.0,23.07,4.17,363.7,0.0,0.577,0.6149999999999999,0.519,0.5539999999999999,0.5969999999999999,0.492,0.564,71.77,72.06,0.67,75.5,0.2849999999999999,0.0,24.14,23.52,23.87,-35.71,23.55,23.71,23.38,3.334,3.329,3.335,2.497,5.0,5.0,5.0,4.0,1.213,1.211,1.213,0.908,0.0,363.7,362.7,0.0,0.0,0.0,0.0,0.0,0.0,59.95,6000.0,11.15,-0.4079999999999999,7.0,4.46,5.255,5.5520000000000005,75.95,23.46,24.37,24.69,23.93,23.29,22.89,23.39,25.15,23.97,24.31,24.92,25.02,21.21,21.21,55.0,33.0,41.0,23.62,0.0,252.1,29.18,2.0,3.519,-1.0,1.753,3.0,4903
2015-12-24 12:26:00,0.0,0.0,3.717,3.95,4.65,4.95,17.0,289752.0,16.0,0.978,75.59999999999998,59.5,60.0,3.757,9462.0,1373.0,1378.0,298586.0,3.942,-0.12,3.835,1.0,0.0429999999999999,3.942,1.0,0.688,269.8,271.8,273.0,273.0,0.818,272.0,0.7909999999999999,272.0,0.8359999999999999,271.0,0.003,13.62,2.0,3.0,0.0,23.07,4.073,363.5,0.0,0.568,0.6089999999999999,0.506,0.5429999999999999,0.5809999999999998,0.471,0.5489999999999999,69.73,70.02,0.66,74.33,0.2849999999999999,0.0,24.11,23.45,23.82,-44.8,23.48,23.68,23.36,3.264,3.262,3.266,2.446,5.0,5.0,5.0,4.0,1.187,1.186,1.187,0.89,0.0,363.6,362.5,0.0,0.0,0.0,0.0,0.0,0.0,59.95,6000.0,10.93,-0.405,7.0,4.343,5.132999999999999,5.433,74.42,23.47,24.34,24.64,23.88,23.29,22.89,23.34,25.1,23.96,24.23,24.87,24.97,21.24,21.23,55.0,33.0,41.0,23.59,0.0,245.2,28.69,2.0,3.519,-1.0,1.6980000000000002,2.9,4903
2015-12-24 12:27:00,0.0,0.0,2.883,3.0,3.933,4.0,17.0,289752.0,16.0,0.4849999999999999,75.59999999999998,59.5,60.0,3.173,9462.0,1373.0,1378.0,298586.0,3.342,-0.105,3.277,1.0,0.062,3.343,1.0,0.702,270.0,272.0,273.0,273.0,0.818,272.0,0.7909999999999999,272.1,0.8359999999999999,271.0,0.003,13.62,2.0,3.0,0.0,23.08,3.488,363.1,0.0,0.51,0.5479999999999999,0.449,0.4879999999999999,0.516,0.412,0.4929999999999999,61.78,62.08,0.5909999999999999,66.0,0.2849999999999999,0.0,23.98,23.4,23.77,-81.4,23.4,23.63,23.3,2.827,2.822,2.827,2.117,5.0,5.0,5.0,4.0,1.027,1.025,1.027,0.769,0.0,363.2,362.1,0.0,0.0,0.0,0.0,0.0,0.0,59.95,6000.0,9.22,-0.407,7.0,3.638,4.433,4.73,66.1,23.44,24.3,24.6,23.83,23.22,22.82,23.29,25.06,23.91,24.18,24.83,24.93,21.23,21.22,55.0,33.0,41.0,23.52,0.0,262.8,35.96,2.0,3.519,-1.0,1.567,3.1,4903
2015-12-24 12:28:00,0.0,0.0,2.6,3.0,3.733,4.0,18.0,289753.0,16.0,0.0,75.59999999999998,59.5,60.0,2.867,9462.0,1373.0,1378.0,298586.0,3.031,-0.12,2.977,1.0,0.0709999999999999,3.032,1.0,0.712,270.0,272.0,273.1,273.0,0.818,272.0,0.7909999999999999,272.2,0.8359999999999999,271.0,0.003,13.62,2.0,3.0,0.0,23.1,3.182,361.8,0.0,0.472,0.506,0.411,0.4429999999999999,0.471,0.381,0.444,56.51,56.82,0.545,60.93,0.2839999999999999,0.0,23.91,23.31,23.68,-241.3,23.32,23.55,23.21,2.619,2.623,2.62,1.961,5.0,5.0,5.0,4.0,0.948,0.949,0.948,0.709,0.0,361.8,360.8,0.0,0.0,0.0,0.0,0.0,0.0,59.95,6000.0,8.25,-0.417,7.0,3.282,4.052,4.343,61.82,23.29,24.18,24.49,23.7,23.09,22.7,23.16,24.95,23.77,24.07,24.72,24.82,21.21,21.23,54.33,33.0,41.0,23.45,0.0,265.7,31.76,2.0,3.519,-1.0,1.732,3.4,4903
2015-12-24 12:29:00,0.0,0.0,3.317,3.467,4.25,4.467,18.0,289753.0,16.0,0.926,75.59999999999998,59.5,60.0,3.527,9462.0,1373.0,1378.0,298586.0,3.729,-0.22,3.637,0.999,0.122,3.731,1.0,0.7029999999999998,270.0,272.0,273.2,273.0,0.818,272.0,0.7909999999999999,272.5,0.8359999999999999,271.0,0.002,13.43,2.0,1.0,0.0,23.1,3.875,363.2,0.0,0.551,0.5889999999999999,0.4829999999999999,0.514,0.551,0.444,0.511,66.05,66.33,0.636,71.2,0.2849999999999999,0.001,23.83,23.29,23.61,-27.65,23.29,23.46,23.13,3.125,3.12,3.127,2.346,5.0,5.0,5.0,4.0,1.135,1.133,1.136,0.8519999999999999,0.0,363.2,362.2,0.0,0.0,0.0,0.0,0.0,0.0,59.96,6000.0,10.42,-0.407,7.0,4.098,4.852,5.167999999999999,72.25,23.24,24.06,24.36,23.6,23.01,22.61,23.07,24.8,23.65,23.9,24.59,24.69,21.2,21.22,54.0,33.0,41.0,23.36,0.0,246.8,16.49,2.0,3.519,-1.0,2.963,5.7,4903
2015-12-24 12:30:00,0.0,0.0,4.367,4.417,5.367000000000001,5.417000000000001,18.0,289753.0,16.0,0.986,75.59999999999998,59.5,60.0,4.485,9462.0,1373.0,1378.0,298586.0,4.681,-0.078,4.552,-0.133,-0.023,4.682,1.0,0.7219999999999999,270.0,272.0,273.2,273.0,0.818,272.0,0.7909999999999999,272.5,0.8359999999999999,271.0,0.004,13.62,2.0,3.0,0.0,23.1,4.847,365.8,0.0,0.669,0.717,0.5849999999999999,0.624,0.664,0.53,0.6079999999999999,79.28,79.51,0.769,85.59999999999998,0.2849999999999999,0.0,23.78,23.22,23.6,-199.8,23.26,23.44,23.15,3.809,3.801,3.801,2.85,5.0,5.0,5.0,4.0,1.393,1.391,1.39,1.043,0.0,365.9,364.7,0.0,0.0,0.0,0.0,0.0,0.0,59.94,6000.0,12.8,-0.405,7.0,5.23,5.988,6.297999999999999,86.4,23.27,24.09,24.38,23.62,23.07,22.66,23.08,24.79,23.66,23.91,24.59,24.7,21.21,21.2,54.0,33.0,41.0,23.37,0.0,267.4,30.74,2.0,3.519,-1.0,2.153,3.4,4903
2015-12-24 12:31:00,0.0,0.0,5.667000000000001,6.033,6.632999999999999,7.033,18.0,289753.0,16.0,0.992,75.59999999999998,59.5,60.0,5.692,9462.0,1373.0,1378.0,298586.0,5.894,-0.032,5.725,-1.0,-0.1159999999999999,5.895,1.0,0.712,270.0,272.0,273.1,273.0,0.818,272.0,0.7909999999999999,272.3,0.8359999999999999,271.0,0.003,13.62,2.0,3.0,0.0,23.12,6.06,359.0,0.0,0.785,0.844,0.687,0.7379999999999999,0.774,0.6079999999999999,0.7049999999999998,92.1,92.2,0.897,99.3,0.286,0.0,23.87,23.29,23.68,118.8,23.29,23.5,23.2,4.768,4.769,4.766,3.572,5.0,5.0,5.0,4.0,1.711,1.711,1.71,1.2819999999999998,0.0,359.2,358.0,0.0,0.0,0.0,0.0,0.0,0.0,59.94,6000.0,16.43,-0.45,7.0,6.682,7.462999999999998,7.764999999999999,99.6,23.36,24.19,24.45,23.69,23.15,22.73,23.16,24.86,23.76,24.0,24.65,24.78,21.19,21.2,54.0,33.0,41.0,23.42,0.0,245.2,26.51,2.0,3.519,-1.0,2.478,3.6,4903
2015-12-24 12:32:00,0.0,0.0,7.017,7.4,7.917,8.4,18.0,289753.0,16.0,0.995,75.59999999999998,59.5,60.0,6.702000000000001,9462.0,1373.0,1378.0,298586.0,6.926,0.0,6.735,-0.999,-0.2369999999999999,6.93,1.0,0.7099999999999999,270.0,272.0,273.2,273.0,0.818,272.0,0.7909999999999999,272.4,0.8359999999999999,271.0,0.003,13.62,2.0,3.0,0.0,23.12,7.098,349.8,0.0,0.8909999999999999,0.96,0.778,0.837,0.873,0.6809999999999999,0.809,103.5,103.5,1.015,111.8,0.286,0.0,23.9,23.34,23.69,-22.42,23.44,23.58,23.31,5.66,5.6610000000000005,5.662000000000001,4.242,5.0,5.0,5.0,4.0,1.981,1.981,1.982,1.485,0.0,350.1,349.0,0.0,0.0,0.0,0.0,0.0,0.0,59.92,6000.0,19.92,-0.465,7.0,7.937,8.73,9.02,111.8,23.48,24.31,24.58,23.82,23.27,22.85,23.29,24.98,23.83,24.14,24.77,24.9,21.18,21.19,54.0,33.0,41.0,23.49,0.0,257.6,33.94,2.0,3.519,-1.0,1.747,3.0,4903
2015-12-24 12:33:00,0.0,0.0,8.0,8.0,8.82,9.0,18.0,289753.0,16.0,0.996,75.59999999999998,59.5,60.0,7.2429999999999986,9462.0,1373.0,1378.0,298586.0,7.482,0.0,7.267,-0.999,-0.259,7.486,1.0,0.7079999999999999,270.0,272.0,273.1,273.0,0.818,272.0,0.7909999999999999,272.4,0.8359999999999999,271.0,0.003,13.62,2.0,3.0,0.0,23.12,7.655,349.1,0.0,0.959,1.032,0.8349999999999999,0.898,0.937,0.7209999999999999,0.8619999999999999,110.5,110.5,1.088,119.4,0.286,0.0,24.09,23.49,23.84,116.1,23.63,23.71,23.39,6.082999999999999,6.08,6.08,4.559,5.0,5.0,5.0,4.0,2.125,2.124,2.124,1.5930000000000002,0.0,349.4,348.1,0.0,0.0,0.0,0.0,0.0,0.0,59.92,6000.0,21.63,-0.447,7.0,8.609999999999998,9.4,9.7,119.7,23.49,24.36,24.64,23.91,23.32,22.93,23.38,25.1,23.98,24.27,24.91,24.97,21.22,21.21,54.0,33.0,41.0,23.64,0.0,280.7,48.3,2.0,3.521,-1.0,1.145,2.5,4903
2015-12-24 12:34:00,0.0,0.0,8.849999999999998,9.0,9.68,10.0,18.0,289753.0,16.0,0.998,75.59999999999998,59.5,60.0,8.12,9462.0,1373.0,1378.0,298586.0,8.37,0.0,8.13,-0.999,-0.2849999999999999,8.37,1.0,0.7229999999999999,269.9,271.9,273.2,273.0,0.818,272.0,0.7909999999999999,272.4,0.8359999999999999,271.0,0.024,13.62,2.0,1.0,0.0,23.12,8.55,350.9,0.0,1.064,1.144,0.924,0.994,1.036,0.799,0.944,121.9,121.8,1.209,132.5,0.2869999999999999,0.001,24.34,23.63,24.0,-49.28,23.9,23.88,23.52,6.733,6.731,6.734,5.046,5.0,5.0,5.0,4.0,2.363,2.363,2.363,1.771,0.0,351.0,349.9,0.0,0.0,0.0,0.0,0.0,0.0,59.92,6000.0,24.03,-0.4679999999999999,7.0,9.71,10.47,10.78,132.4,23.6,24.5,24.76,24.01,23.41,23.03,23.47,25.26,24.13,24.44,25.07,25.08,21.22,21.23,54.15,33.0,41.0,23.78,0.0,257.3,22.12,2.0,3.519,-1.0,1.858,3.1,4903
2015-12-24 12:35:00,0.0,0.0,9.3,10.0,10.0,11.0,18.0,289753.0,16.0,0.998,75.59999999999998,59.5,60.0,8.609999999999998,9462.0,1373.0,1378.0,298587.0,8.88,0.0,8.62,-0.999,-0.3059999999999999,8.89,1.0,0.7229999999999999,270.0,272.0,273.3,273.0,0.818,272.0,0.7909999999999999,272.6,0.8359999999999999,271.0,-0.017,13.43,2.0,1.0,0.0,23.12,9.07,343.8,0.0,1.127,1.216,0.98,1.0590000000000002,1.095,0.8399999999999999,1.002,128.5,128.3,1.279,139.7,0.288,0.001,24.5,23.76,24.13,-18.67,24.31,24.02,23.65,7.242000000000002,7.242000000000002,7.241,5.429,5.0,5.0,5.0,4.0,2.492,2.492,2.491,1.868,0.0,344.1,342.9,0.0,0.0,0.0,0.0,0.0,0.0,59.92,6000.0,26.0,-0.4,7.0,10.34,11.1,11.4,139.1,23.8,24.7,24.92,24.14,23.53,23.17,23.6,25.48,24.38,24.68,25.29,25.25,21.22,21.25,55.0,33.0,41.0,23.91,0.0,254.8,13.79,2.0,3.519,-1.0,2.25,3.3,4903
2015-12-24 12:36:00,0.0,0.0,8.679999999999998,8.779999999999998,9.53,9.78,18.0,289753.0,16.0,0.998,75.59999999999998,59.5,60.0,7.985,9462.0,1373.0,1378.0,298587.0,8.24,0.0,7.99,-1.0,-0.258,8.24,1.0,0.7229999999999999,270.0,272.0,273.5,273.0,0.818,272.0,0.7909999999999999,272.7,0.8359999999999999,271.0,0.003,13.66,2.0,3.0,0.0,23.14,8.41,341.9,0.0,1.062,1.148,0.917,0.999,1.021,0.775,0.947,119.4,119.3,1.202,130.6,0.286,0.0,24.66,23.92,24.28,-78.17,24.83,24.15,23.8,6.763,6.763999999999999,6.763999999999999,5.07,5.0,5.0,5.0,4.0,2.314,2.314,2.314,1.734,0.0,342.2,341.0,0.0,0.0,0.0,0.0,0.0,0.0,59.93,6000.0,24.2,-0.4,7.0,9.54,10.31,10.62,130.0,23.95,24.86,25.08,24.29,23.73,23.31,23.75,25.67,24.52,24.83,25.48,25.42,21.24,21.23,55.0,33.0,41.0,24.05,0.0,244.5,28.76,2.0,3.519,-1.0,2.082,3.3,4903
2015-12-24 12:37:00,0.0,0.0,7.65,7.933,8.42,8.929999999999998,19.0,289754.0,16.0,0.996,75.59999999999998,59.5,60.0,7.072,9462.0,1373.0,1378.0,298587.0,7.306,-0.065,7.095,-1.0,-0.1499999999999999,7.308,1.0,0.7329999999999999,270.0,272.0,273.4,273.0,0.818,272.0,0.7909999999999999,272.8,0.8359999999999999,271.0,0.003,13.66,2.0,3.0,0.0,23.15,7.477,343.2,0.0,0.953,1.027,0.821,0.893,0.924,0.7159999999999999,0.8659999999999999,108.0,108.0,1.0759999999999998,117.0,0.286,0.0,24.79,23.97,24.33,162.8,25.06,24.2,23.93,6.034,6.033,6.033,4.524,5.0,5.0,5.0,4.0,2.072,2.072,2.072,1.554,0.0,343.4,342.2,0.0,0.0,0.0,0.0,0.0,0.0,59.94,6000.0,21.43,-0.4,7.0,8.4,9.170000000000002,9.49,117.0,24.08,25.0,25.18,24.39,23.83,23.39,23.84,25.81,24.71,24.96,25.63,25.52,21.25,21.26,55.0,33.0,41.12,24.13,0.0,255.9,18.7,2.0,3.519,-1.0,2.175,4.5,4903
2015-12-24 12:38:00,0.0,0.0,7.0,7.0,8.0,8.0,19.0,289754.0,16.0,0.995,75.59999999999998,59.5,60.0,6.66,9462.0,1373.0,1378.0,298587.0,6.884,-0.143,6.683,-1.0,-0.057,6.884,1.0,0.7299999999999999,270.0,272.0,273.3,273.0,0.818,272.0,0.7909999999999999,272.7,0.8359999999999999,271.0,0.003,13.66,2.0,3.0,0.0,23.15,7.05,343.7,0.0,0.894,0.963,0.782,0.8499999999999999,0.885,0.682,0.8259999999999998,103.4,103.5,1.016,110.6,0.286,0.0,24.89,24.03,24.39,-33.0,25.17,24.26,23.98,5.703,5.699,5.699,4.275,6.0,6.0,6.0,4.0,1.962,1.96,1.961,1.471,0.0,344.0,342.7,0.0,0.0,0.0,0.0,0.0,0.0,59.95,6000.0,20.23,-0.4,7.0,7.894999999999999,8.64,8.98,110.8,24.09,25.06,25.27,24.45,23.88,23.45,23.91,25.92,24.74,25.01,25.73,25.61,21.27,21.3,55.0,33.0,41.62,24.23,0.0,266.6,31.82,2.0,3.519,-1.0,1.27,2.8,4903
2015-12-24 12:39:00,0.0,0.0,6.867000000000001,7.0,7.382999999999998,8.0,19.0,289754.0,16.0,0.994,75.59999999999998,59.5,60.0,6.273,9462.0,1373.0,1378.0,298587.0,6.506,-0.103,6.303,-1.0,-0.088,6.506,1.0,0.7329999999999999,270.0,272.0,273.5,273.0,0.818,272.0,0.7909999999999999,272.9,0.8359999999999999,271.0,0.003,13.66,2.0,3.0,0.0,23.15,6.658,344.0,0.0,0.8409999999999999,0.904,0.7349999999999999,0.795,0.8359999999999999,0.6559999999999999,0.7859999999999999,97.5,97.6,0.967,105.5,0.2849999999999999,0.0,24.92,24.07,24.46,-137.4,25.22,24.32,23.98,5.408,5.408,5.408,4.054,6.0,6.0,6.0,4.0,1.862,1.862,1.862,1.396,0.0,344.4,343.0,0.0,0.0,0.0,0.0,0.0,0.0,59.95,6000.0,19.13,-0.4,7.0,7.428,8.199999999999998,8.5,106.0,24.06,25.07,25.26,24.48,23.83,23.44,23.94,25.94,24.79,25.06,25.75,25.61,21.3,21.28,55.0,33.0,41.68,24.17,0.0,263.0,26.47,2.0,3.519,-1.0,2.103,4.0,4903
2015-12-24 12:40:00,0.0,0.0,7.183,7.382999999999998,7.917,8.38,19.0,289754.0,16.0,0.995,75.59999999999998,59.5,60.0,6.7,9462.0,1373.0,1378.0,298587.0,6.925,-0.2,6.725,-0.933,-0.0289999999999999,6.925,1.0,0.7129999999999999,270.0,272.0,273.6,273.0,0.818,272.0,0.7909999999999999,273.0,0.8359999999999999,271.0,-0.012,13.44,2.0,1.0,0.0,23.16,7.1,344.8,0.0,0.877,0.941,0.775,0.8309999999999998,0.899,0.7359999999999999,0.844,104.6,104.7,1.024,111.8,0.2849999999999999,0.001,24.86,24.07,24.46,-38.9,25.14,24.34,23.98,5.736000000000001,5.738,5.734,4.299,6.0,6.0,6.0,4.0,1.98,1.98,1.979,1.484,0.0,345.1,343.8,0.0,0.0,0.0,0.0,0.0,0.0,59.96,6000.0,20.2,-0.407,7.0,7.928,8.699999999999998,9.01,112.5,24.06,25.09,25.25,24.48,23.83,23.43,23.93,25.96,24.69,25.03,25.75,25.61,21.28,21.26,55.0,33.0,41.37,24.2,0.0,265.6,24.7,2.0,3.521,-1.0,1.953,3.2,4903
2015-12-24 12:41:00,0.0,0.0,8.0,8.0,8.599999999999998,9.0,19.0,289754.0,16.0,0.997,75.59999999999998,59.5,60.0,7.13,9462.0,1373.0,1378.0,298587.0,7.382,-0.222,7.147,-0.767,-0.04,7.382999999999998,1.0,0.712,270.0,272.0,273.7,273.0,0.818,272.0,0.7909999999999999,273.0,0.8359999999999999,271.0,0.016,13.45,2.0,3.0,0.0,23.18,7.558,344.4,0.0,0.93,1.001,0.8299999999999998,0.889,0.958,0.78,0.897,111.0,111.0,1.088,118.2,0.2869999999999999,0.001,24.92,24.15,24.51,-26.97,25.2,24.39,24.08,6.082999999999999,6.08,6.082999999999999,4.561,6.0,6.0,6.0,4.0,2.096,2.095,2.096,1.5719999999999998,0.0,344.6,343.4,0.0,0.0,0.0,0.0,0.0,0.0,59.96,6000.0,21.73,-0.405,7.0,8.48,9.26,9.57,118.7,24.09,25.16,25.36,24.58,23.93,23.5,24.03,26.05,24.79,25.14,25.85,25.71,21.28,21.28,55.0,33.0,41.75,24.29,0.0,245.0,53.72,2.0,3.519,-1.0,1.663,3.3,4903
2015-12-24 12:42:00,0.0,0.0,8.17,8.33,9.0,9.33,19.0,289754.0,16.0,0.995,75.59999999999998,59.5,60.0,7.55,9462.0,1373.0,1378.0,298587.0,7.8039999999999985,-0.2999999999999999,7.577,1.0,0.0609999999999999,7.8039999999999985,1.0,0.698,270.0,272.0,273.8,273.0,0.818,272.0,0.7909999999999999,273.0,0.8359999999999999,271.0,0.003,13.62,2.0,3.0,0.0,23.18,7.973,350.5,0.0,0.982,1.056,0.8759999999999998,0.935,1.008,0.8249999999999998,0.938,116.4,116.4,1.15,124.6,0.2869999999999999,0.0,25.0,24.27,24.59,-24.38,25.27,24.47,24.08,6.315,6.311,6.31,4.7330000000000005,6.0,6.0,6.0,4.0,2.215,2.214,2.213,1.66,0.0,350.7,349.5,0.0,0.0,0.0,0.0,0.0,0.0,59.99,6000.0,22.38,-0.4729999999999999,7.0,9.0,9.76,10.09,125.2,24.18,25.26,25.45,24.68,24.09,23.63,24.13,26.15,24.94,25.22,25.95,25.81,21.29,21.27,55.0,33.0,41.8,24.4,0.0,272.6,20.8,2.0,3.521,-1.0,1.75,3.0,4903
2015-12-24 12:43:00,0.0,0.0,9.0,9.0,9.32,10.0,19.0,289754.0,16.0,0.996,75.59999999999998,59.5,60.0,7.9929999999999986,9462.0,1373.0,1378.0,298588.0,8.26,-0.3229999999999999,8.01,1.0,0.084,8.269999999999998,1.0,0.688,270.0,272.0,273.9,273.0,0.818,272.0,0.7909999999999999,273.0,0.8359999999999999,271.0,0.003,13.63,2.0,3.0,0.0,23.18,8.439999999999998,347.9,0.0,1.039,1.12,0.928,0.994,1.071,0.872,1.005,123.2,123.2,1.213,130.9,0.2869999999999999,0.0,25.21,24.37,24.73,32.15,25.38,24.62,24.19,6.697,6.694,6.692,5.018,6.0,6.0,6.0,4.0,2.331,2.33,2.329,1.747,0.0,348.1,346.8,0.0,0.0,0.0,0.0,0.0,0.0,59.99,6000.0,24.0,-0.44,7.0,9.56,10.33,10.66,131.0,24.35,25.41,25.6,24.83,24.2,23.77,24.28,26.3,25.06,25.38,26.09,25.95,21.28,21.31,55.62,33.0,42.0,24.56,0.0,252.4,29.99,2.0,3.519,-1.0,1.605,2.4,4903
2015-12-24 12:44:00,0.0,0.0,9.0,9.0,10.0,10.0,19.0,289754.0,16.0,0.997,75.59999999999998,59.5,60.0,8.22,9462.0,1373.0,1378.0,298588.0,8.5,-0.3019999999999999,8.24,1.0,0.049,8.5,1.0,0.69,270.0,272.0,273.5,273.0,0.818,272.0,0.7909999999999999,272.7,0.8359999999999999,271.0,0.003,13.62,2.0,3.0,0.0,23.18,8.689999999999998,350.3,0.0,1.071,1.153,0.952,1.023,1.095,0.8859999999999999,1.026,125.8,125.8,1.248,134.3,0.2869999999999999,0.0,25.34,24.51,24.85,-161.1,25.37,24.7,24.3,6.832000000000001,6.832000000000001,6.835,5.121,6.0,6.0,6.0,4.0,2.395,2.395,2.396,1.795,0.0,350.6,349.4,0.0,0.0,0.0,0.0,0.0,0.0,59.99,6000.0,24.55,-0.487,7.0,9.840000000000002,10.63,10.95,134.5,24.35,25.49,25.72,24.91,24.25,23.83,24.35,26.4,25.15,25.48,26.2,26.06,21.28,21.3,56.0,33.0,42.0,24.66,0.0,256.6,23.33,2.0,3.518,-1.0,1.77,3.0,4903
2015-12-24 12:45:00,0.0,0.0,9.0,9.18,10.0,10.18,19.0,289754.0,16.0,0.998,75.59999999999998,59.5,60.0,8.38,9462.0,1373.0,1378.0,298588.0,8.65,-0.2969999999999999,8.4,-0.033,-0.006,8.65,1.0,0.6829999999999999,270.0,272.0,273.1,273.0,0.818,272.0,0.7909999999999999,272.1,0.8359999999999999,271.0,0.003,13.62,2.0,3.0,0.0,23.21,8.82,352.5,0.0,1.099,1.183,0.978,1.051,1.125,0.911,1.053,128.7,128.7,1.275,136.8,0.2869999999999999,0.0,25.46,24.6,24.96,-83.9,25.41,24.81,24.4,6.897,6.898,6.897,5.171,6.0,6.0,6.0,4.0,2.434,2.434,2.434,1.825,0.0,352.9,351.6,0.0,0.0,0.0,0.0,0.0,0.0,59.98,6000.0,24.7,-0.495,7.0,10.04,10.81,11.13,136.8,24.48,25.63,25.84,25.01,24.34,23.91,24.45,26.52,25.19,25.57,26.31,26.19,21.32,21.29,56.0,33.0,42.0,24.83,0.0,226.9,44.15,2.0,3.519,-1.0,1.217,1.9,4903
2015-12-24 12:46:00,0.0,0.0,9.0,9.28,10.0,10.28,20.0,289755.0,16.0,0.997,75.59999999999998,59.5,60.0,8.42,9462.0,1373.0,1378.0,298588.0,8.679999999999998,-0.27,8.439999999999998,-1.0,-0.052,8.679999999999998,1.0,0.667,270.0,272.0,273.1,273.0,0.818,272.0,0.7909999999999999,272.2,0.8359999999999999,271.0,0.0,13.44,2.0,1.0,0.0,23.21,8.859999999999998,347.1,0.0,1.103,1.185,0.986,1.054,1.138,0.919,1.067,130.3,130.1,1.281,137.7,0.288,0.001,25.52,24.65,25.07,4.724,25.41,24.91,24.48,7.044,7.042999999999999,7.045,5.279,6.0,6.0,6.0,4.0,2.445,2.444,2.445,1.832,0.0,347.3,346.2,0.0,0.0,0.0,0.0,0.0,0.0,59.97,6000.0,25.17,-0.4529999999999999,7.0,10.06,10.86,11.16,138.2,24.51,25.73,25.94,25.12,24.42,23.99,24.55,26.63,25.27,25.68,26.42,26.31,21.31,21.33,56.0,33.0,42.0,24.84,0.0,286.6,25.35,2.0,3.519,-1.0,2.04,3.9,4903
2015-12-24 12:47:00,0.0,0.0,9.65,10.0,10.32,11.0,20.0,289755.0,16.0,0.998,75.59999999999998,59.5,60.0,8.72,9462.0,1373.0,1378.0,298588.0,8.97,-0.252,8.74,-1.0,-0.081,8.97,1.0,0.687,270.0,272.0,273.3,273.0,0.818,272.0,0.7909999999999999,272.6,0.8359999999999999,271.0,0.006,13.63,2.0,3.0,0.0,23.22,9.13,332.9,0.0,1.148,1.233,1.026,1.094,1.185,0.965,1.105,135.4,135.3,1.339,143.6,0.288,0.0,25.56,24.77,25.16,70.89,25.99,25.01,24.56,7.547,7.546,7.546,5.657,6.0,6.0,6.0,4.0,2.515,2.515,2.515,1.885,0.0,333.2,332.1,0.0,0.0,0.0,0.0,0.0,0.0,59.97,6000.0,27.0,-0.4,7.0,10.42,11.22,11.53,144.3,24.58,25.8,26.0,25.17,24.43,23.98,24.59,26.7,25.31,25.78,26.49,26.39,21.3,21.3,56.0,33.0,42.0,24.85,0.0,216.7,28.73,2.0,3.519,-1.0,1.745,3.4,4903
2015-12-24 12:48:00,0.0,0.0,9.12,9.9,10.0,10.9,20.0,289755.0,16.0,0.997,75.59999999999998,59.5,60.0,8.58,9462.0,1373.0,1378.0,298588.0,8.84,-0.267,8.59,-1.0,-0.055,8.84,1.0,0.7029999999999998,270.0,272.0,273.4,273.0,0.818,272.0,0.7909999999999999,272.6,0.8359999999999999,271.0,0.003,13.62,2.0,3.0,0.0,23.23,9.0,338.7,0.0,1.117,1.2009999999999998,0.989,1.063,1.139,0.921,1.064,130.4,130.3,1.3090000000000002,140.6,0.2869999999999999,0.0,25.67,24.85,25.27,-25.54,26.49,25.12,24.63,7.317999999999999,7.316,7.316,5.485,6.0,6.0,6.0,4.0,2.481,2.48,2.481,1.86,0.0,339.1,337.8,0.0,0.0,0.0,0.0,0.0,0.0,59.97,6000.0,26.18,-0.4,7.0,10.26,11.04,11.37,141.3,24.75,25.97,26.16,25.33,24.69,24.18,24.75,26.86,25.47,25.99,26.63,26.51,21.31,21.34,56.0,33.0,42.0,25.01,0.0,255.0,54.29,2.0,3.519,-1.0,0.94,2.2,4903
2015-12-24 12:49:00,0.0,0.0,10.0,10.0,10.95,11.0,20.0,289755.0,16.0,0.998,75.59999999999998,59.5,60.0,9.05,9462.0,1373.0,1378.0,298588.0,9.31,-0.2419999999999999,9.06,-1.0,-0.106,9.31,1.0,0.7049999999999998,270.0,272.0,273.5,273.0,0.818,272.0,0.7909999999999999,272.9,0.8359999999999999,271.0,0.003,13.62,2.0,3.0,0.0,23.24,9.51,341.9,0.0,1.161,1.249,1.029,1.101,1.1909999999999998,0.98,1.109,136.5,136.4,1.369,147.4,0.288,0.0,25.8,24.96,25.37,-103.7,26.8,25.22,24.74,7.632999999999998,7.631,7.632,5.723,6.0,6.0,6.0,4.0,2.611,2.61,2.61,1.957,0.0,342.1,341.0,0.0,0.0,0.0,0.0,0.0,0.0,59.97,6000.0,27.47,-0.4099999999999999,7.0,10.83,11.62,11.93,148.3,24.98,26.11,26.31,25.52,24.86,24.36,24.93,27.03,25.66,26.05,26.82,26.68,21.36,21.35,56.92,33.0,42.0,25.07,0.0,235.7,30.68,2.0,3.519,-1.0,1.758,3.3,4903
2015-12-24 12:50:00,0.0,0.0,10.0,10.0,11.0,11.0,20.0,289755.0,16.0,0.997,75.59999999999998,59.5,60.0,9.14,9462.0,1373.0,1378.0,298589.0,9.4,-0.267,9.16,-1.0,-0.0869999999999999,9.4,1.0,0.7129999999999999,269.9,271.9,273.3,273.0,0.818,272.0,0.7909999999999999,272.6,0.8359999999999999,271.0,0.003,13.62,2.0,3.0,0.0,23.24,9.58,334.8,0.0,1.185,1.276,1.052,1.132,1.218,0.996,1.136,139.5,139.4,1.394,149.8,0.288,0.0,25.95,24.99,25.43,24.35,27.24,25.29,24.89,7.837,7.835,7.835,5.875,6.0,6.0,6.0,4.0,2.6260000000000003,2.625,2.625,1.969,0.0,335.1,334.1,0.0,0.0,0.0,0.0,0.0,0.0,59.97,6000.0,28.47,-0.4,7.0,10.94,11.73,12.04,150.3,25.2,26.27,26.46,25.68,24.89,24.48,25.09,27.2,25.69,26.22,26.98,26.86,21.34,21.33,57.0,33.0,42.0,25.14,0.0,242.7,41.45,2.0,3.519,-1.0,1.3730000000000002,2.5,4903
2015-12-24 12:51:00,0.0,0.0,10.0,10.0,11.0,11.0,20.0,289755.0,16.0,0.998,75.59999999999998,59.5,60.0,9.170000000000002,9462.0,1373.0,1378.0,298589.0,9.420000000000002,-0.223,9.170000000000002,-1.0,-0.119,9.43,1.0,0.7029999999999998,270.0,272.0,273.2,273.0,0.818,272.0,0.7909999999999999,272.4,0.8359999999999999,271.0,0.004,13.63,2.0,3.0,0.0,23.26,9.6,342.4,0.0,1.172,1.26,1.045,1.122,1.212,0.985,1.134,138.8,138.8,1.379,148.3,0.288,0.0,26.09,25.11,25.53,-47.6,27.57,25.38,24.97,7.699,7.699,7.701,5.77,6.0,6.0,6.0,4.0,2.637,2.638,2.638,1.977,0.0,342.6,341.5,0.0,0.0,0.0,0.0,0.0,0.0,59.96,6000.0,27.53,-0.4029999999999999,7.0,10.96,11.75,12.07,149.3,25.2,26.39,26.62,25.78,25.07,24.6,25.18,27.33,25.84,26.35,27.12,26.99,21.36,21.43,57.0,33.0,42.0,25.31,0.0,233.0,29.08,2.0,3.519,-1.0,2.145,3.9,4903
2015-12-24 12:52:00,0.0,0.0,10.17,10.35,11.0,11.35,21.0,289756.0,16.0,0.998,75.59999999999998,59.5,60.0,9.28,9462.0,1373.0,1378.0,298589.0,9.55,-0.248,9.29,-1.0,-0.105,9.55,1.0,0.7219999999999999,269.9,271.9,273.1,273.0,0.818,272.0,0.7909999999999999,272.4,0.8359999999999999,271.0,-0.009,13.34,2.0,1.0,0.0,23.27,9.74,329.2,0.0,1.207,1.297,1.082,1.157,1.256,1.025,1.171,143.9,143.7,1.426,153.5,0.291,0.001,26.15,25.2,25.63,113.2,28.02,25.51,25.07,8.099999999999998,8.099999999999998,8.099999999999998,6.074,6.0,6.0,6.0,4.0,2.669,2.669,2.67,2.001,0.0,329.5,328.3,0.0,0.0,0.0,0.0,0.0,0.0,59.97,6000.0,29.38,-0.4,7.0,11.16,11.91,12.23,154.8,25.44,26.6,26.81,25.97,25.34,24.8,25.38,27.47,25.98,26.51,27.27,27.18,21.39,21.36,57.0,33.0,42.0,25.45,0.0,247.5,23.83,2.0,3.519,-1.0,1.535,3.7,4903
2015-12-24 12:53:00,0.0,0.0,9.87,10.17,10.67,11.17,21.0,289756.0,16.0,0.997,75.59999999999998,59.5,60.0,8.98,9462.0,1373.0,1378.0,298589.0,9.25,-0.273,9.0,-1.0,-0.078,9.25,1.0,0.7149999999999999,270.0,272.0,273.2,273.0,0.818,272.0,0.7909999999999999,272.5,0.8359999999999999,271.0,0.0149999999999999,13.56,2.0,3.0,0.0,23.28,9.43,328.9,0.0,1.172,1.264,1.05,1.127,1.225,1.003,1.149,139.9,139.8,1.39,149.1,0.288,0.001,26.38,25.38,25.8,82.29999999999998,28.68,25.66,25.25,7.835,7.832999999999998,7.832999999999998,5.872000000000001,6.0,6.0,6.0,4.0,2.579,2.5780000000000003,2.5780000000000003,1.933,0.0,329.1,327.9,0.0,0.0,0.0,0.0,0.0,0.0,59.97,6000.0,28.33,-0.4,7.0,10.78,11.54,11.86,149.8,25.48,26.76,26.99,26.16,25.53,24.96,25.58,27.64,26.17,26.72,27.44,27.35,21.43,21.42,57.0,33.0,42.0,25.65,0.0,260.4,24.69,2.0,3.519,-1.0,1.178,2.0,4903
2015-12-24 12:54:00,0.0,0.0,8.279999999999998,8.349999999999998,9.15,9.35,21.0,289756.0,16.0,0.996,75.59999999999998,59.5,60.0,7.592,9462.0,1373.0,1378.0,298589.0,7.837,-0.288,7.617000000000002,0.5329999999999999,0.016,7.837,1.0,0.7129999999999999,270.0,272.0,273.1,273.0,0.818,272.0,0.7909999999999999,272.2,0.8359999999999999,271.0,0.004,13.66,2.0,3.0,0.0,23.29,8.01,327.0,0.0,1.009,1.088,0.892,0.962,1.033,0.842,0.969,118.4,118.4,1.196,128.7,0.2869999999999999,0.0,26.48,25.45,25.89,-13.19,29.06,25.72,25.32,6.7410000000000005,6.7410000000000005,6.742000000000001,5.054,6.0,6.0,6.0,4.0,2.206,2.206,2.206,1.654,0.0,327.2,326.1,0.0,0.0,0.0,0.0,0.0,0.0,59.98,6000.0,24.15,-0.4,7.0,9.05,9.81,10.14,129.8,25.38,26.78,27.05,26.21,25.51,25.0,25.62,27.72,26.18,26.8,27.52,27.39,21.41,21.4,57.18,33.0,42.0,25.69,0.0,260.5,34.67,2.0,3.519,-1.0,1.148,2.4,4903
2015-12-24 12:55:00,0.0,0.0,7.782999999999999,7.95,8.519999999999998,8.949999999999998,21.0,289756.0,16.0,0.996,75.59999999999998,59.5,60.0,7.085,9462.0,1373.0,1378.0,298589.0,7.328999999999998,-0.2999999999999999,7.108,1.0,0.044,7.328999999999998,1.0,0.7099999999999999,269.9,271.9,273.1,273.0,0.818,272.0,0.7909999999999999,272.3,0.8359999999999999,271.0,0.003,13.66,2.0,3.0,0.0,23.29,7.502,328.2,0.0,0.947,1.02,0.8349999999999999,0.9,0.965,0.79,0.901,111.1,111.1,1.118,120.6,0.286,0.0,26.4,25.43,25.87,-190.6,29.14,25.72,25.23,6.316,6.316,6.316,4.735,6.0,6.0,6.0,5.0,2.075,2.075,2.075,1.556,0.0,328.6,327.2,0.0,0.0,0.0,0.0,0.0,0.0,59.98,6000.0,22.47,-0.4,7.0,8.439999999999998,9.2,9.52,121.8,25.45,26.78,27.0,26.2,25.48,24.96,25.61,27.71,26.19,26.73,27.49,27.35,21.43,21.39,57.65,33.0,42.0,25.7,0.0,232.4,20.77,2.0,3.519,-1.0,2.272,3.3,4903
2015-12-24 12:56:00,0.0,0.0,6.65,7.0,7.467,8.0,21.0,289756.0,16.0,0.993,75.59999999999998,59.5,60.0,6.343,9462.0,1373.0,1378.0,298589.0,6.556,-0.2999999999999999,6.38,1.0,0.093,6.557,1.0,0.702,270.0,272.0,273.1,273.0,0.818,272.0,0.7909999999999999,272.3,0.8359999999999999,271.0,0.003,13.66,2.0,3.0,0.0,23.31,6.72,329.1,0.0,0.8609999999999999,0.928,0.758,0.821,0.871,0.6999999999999998,0.822,100.5,100.6,1.006,108.5,0.286,0.0,26.32,25.4,25.83,-129.6,29.04,25.67,25.21,5.68,5.679,5.68,4.258,6.0,6.0,6.0,5.0,1.871,1.871,1.871,1.403,0.0,329.5,328.1,0.0,0.0,0.0,0.0,0.0,0.0,59.98,6000.0,20.2,-0.4,7.0,7.492000000000002,8.26,8.58,109.5,25.38,26.74,26.98,26.13,25.4,24.88,25.52,27.68,26.15,26.62,27.45,27.32,21.4,21.34,57.62,33.0,42.0,25.66,0.0,257.0,22.25,2.0,3.519,-1.0,1.528,2.2,4903
2015-12-24 12:57:00,0.0,0.0,6.983,7.1,7.75,8.099999999999998,21.0,289756.0,16.0,0.994,75.59999999999998,59.5,60.0,6.51,9462.0,1373.0,1378.0,298590.0,6.739,-0.2929999999999999,6.54,1.0,0.052,6.739,1.0,0.7229999999999999,269.9,271.9,273.3,273.0,0.818,272.0,0.7909999999999999,272.5,0.8359999999999999,271.0,0.003,13.66,2.0,3.0,0.0,23.32,6.8870000000000005,328.3,0.0,0.883,0.948,0.78,0.8329999999999999,0.892,0.729,0.8329999999999999,103.4,103.5,1.026,111.2,0.286,0.0,26.28,25.37,25.79,-30.84,28.89,25.63,25.15,5.855,5.852,5.853,4.388999999999999,6.0,6.0,6.0,5.0,1.924,1.924,1.924,1.443,0.0,328.7,327.4,0.0,0.0,0.0,0.0,0.0,0.0,59.98,6000.0,20.68,-0.4,7.0,7.718,8.47,8.8,112.5,25.29,26.73,26.94,26.06,25.42,24.79,25.45,27.63,26.12,26.54,27.4,27.29,21.41,21.41,57.0,33.0,42.0,25.58,0.0,242.6,20.53,2.0,3.521,-1.0,1.743,2.5,4903
2015-12-24 12:58:00,0.0,0.0,7.0,7.467,8.0,8.47,21.0,289756.0,16.0,0.994,75.59999999999998,59.5,60.0,6.723,9462.0,1373.0,1378.0,298590.0,6.961,-0.2999999999999999,6.757000000000001,1.0,0.064,6.961,1.0,0.712,270.0,272.0,273.2,273.0,0.818,272.0,0.7909999999999999,272.3,0.8359999999999999,271.0,-0.003,13.34,2.0,1.0,0.0,23.34,7.127999999999999,328.3,0.0,0.914,0.983,0.814,0.871,0.93,0.7490000000000001,0.8679999999999999,107.4,107.4,1.0590000000000002,114.3,0.2869999999999999,0.001,26.12,25.27,25.72,-14.34,28.81,25.63,25.15,6.021,6.019,6.021,4.513999999999999,6.0,6.0,6.0,5.0,1.979,1.978,1.978,1.483,0.0,328.6,327.3,0.0,0.0,0.0,0.0,0.0,0.0,59.98,6000.0,21.47,-0.4,7.0,7.985,8.74,9.06,115.0,25.21,26.7,26.93,26.05,25.36,24.77,25.45,27.61,26.11,26.54,27.36,27.27,21.42,21.36,57.0,33.0,42.0,25.44,0.0,250.5,22.41,2.0,3.519,-1.0,2.43,3.9,4903
2015-12-24 12:59:00,0.0,0.0,6.433,6.7170000000000005,7.25,7.717,21.0,289756.0,16.0,0.993,75.59999999999998,59.5,60.0,6.157,9462.0,1373.0,1378.0,298590.0,6.376,-0.2999999999999999,6.197,1.0,0.1,6.377000000000001,1.0,0.712,269.9,271.9,273.0,273.0,0.818,272.0,0.7909999999999999,272.1,0.8359999999999999,271.0,0.005,13.62,2.0,3.0,0.0,23.35,6.542000000000001,327.8,0.0,0.844,0.91,0.745,0.8059999999999999,0.8509999999999999,0.6759999999999999,0.7979999999999999,98.5,98.6,0.979,105.8,0.286,0.001,25.94,25.16,25.57,-11.31,28.53,25.48,25.06,5.561,5.56,5.56,4.167,6.0,6.0,6.0,5.0,1.824,1.823,1.824,1.367,0.0,328.0,326.8,0.0,0.0,0.0,0.0,0.0,0.0,59.98,6000.0,19.62,-0.4,7.0,7.267,8.04,8.37,106.3,25.26,26.64,26.9,26.01,25.31,24.73,25.41,27.56,26.04,26.43,27.3,27.22,21.35,21.26,57.0,33.0,42.0,25.31,0.0,218.2,23.37,2.0,,-1.0,2.952,22.3,4903
2015-12-24 13:00:00,0.0,0.0,6.0,6.0,7.0,7.0,21.0,289756.0,16.0,0.992,75.59999999999998,59.5,60.0,5.9,9462.0,1373.0,1378.0,298590.0,6.138999999999999,-0.2999999999999999,5.947,1.0,0.122,6.14,1.0,0.712,269.8,271.8,273.0,273.0,0.818,272.0,0.7909999999999999,272.0,0.8359999999999999,271.0,0.003,13.62,2.0,3.0,0.0,23.36,6.263,327.8,0.0,0.8079999999999999,0.872,0.714,0.772,0.821,0.657,0.775,95.3,95.5,0.944,102.4,0.286,0.0,25.78,25.01,25.44,-192.2,28.2,25.37,24.97,5.371,5.372000000000001,5.372000000000001,4.027,6.0,6.0,6.0,5.0,1.7619999999999998,1.7619999999999998,1.7619999999999998,1.321,0.0,328.0,326.8,0.0,0.0,0.0,0.0,0.0,0.0,59.98,6000.0,19.0,-0.4,7.0,7.0,7.74,8.099999999999998,103.1,25.2,26.54,26.81,25.92,25.16,24.63,25.31,27.48,25.94,26.38,27.21,27.13,21.34,21.28,57.0,33.0,42.0,25.17,0.0,232.4,26.94,2.0,3.519,-1.0,2.01,3.5,4903
2015-12-24 13:01:00,0.0,0.0,6.0,6.117000000000001,7.0,7.117000000000001,22.0,289757.0,16.0,0.991,75.59999999999998,59.5,60.0,5.952000000000001,9462.0,1373.0,1378.0,298590.0,6.193,-0.203,6.0120000000000005,-0.133,-0.011,6.193,1.0,0.698,269.9,271.9,273.0,273.0,0.818,272.0,0.7909999999999999,272.0,0.8359999999999999,271.0,0.003,13.62,2.0,3.0,0.0,23.38,6.327000000000001,327.0,0.0,0.814,0.878,0.7209999999999999,0.775,0.8249999999999998,0.659,0.768,95.7,95.8,0.952,103.2,0.286,0.0,25.73,24.89,25.35,-56.96,28.01,25.25,24.94,5.431,5.429,5.429,4.071000000000001,6.0,6.0,6.0,5.0,1.776,1.776,1.776,1.331,0.0,327.1,326.0,0.0,0.0,0.0,0.0,0.0,0.0,59.96,6000.0,19.0,-0.4,7.0,7.023,7.8279999999999985,8.13,104.2,25.13,26.47,26.77,25.85,25.15,24.6,25.26,27.41,25.77,26.22,27.15,27.09,21.36,21.31,57.0,33.0,42.0,25.1,0.0,253.4,22.76,2.0,3.518,-1.0,2.237,3.7,4903
2015-12-24 13:02:00,0.0,0.0,7.217,7.482999999999999,8.13,8.48,22.0,289757.0,16.0,0.994,75.59999999999998,59.5,60.0,6.8020000000000005,9462.0,1373.0,1378.0,298590.0,7.037000000000001,-0.188,6.832999999999999,-0.5,-0.05,7.037000000000001,1.0,0.69,269.6,271.6,273.0,273.0,0.818,272.0,0.7909999999999999,272.0,0.8359999999999999,271.0,0.003,13.62,2.0,3.0,0.0,23.39,7.19,331.3,0.0,0.902,0.97,0.794,0.8499999999999999,0.918,0.753,0.8609999999999999,106.8,106.9,1.06,115.3,0.286,0.0,25.68,24.85,25.35,-7.158,28.01,25.24,24.86,6.042999999999999,6.042999999999999,6.041,4.5280000000000005,6.0,6.0,6.0,5.0,2.005,2.005,2.005,1.503,0.0,331.6,330.3,0.0,0.0,0.0,0.0,0.0,0.0,59.96,6000.0,21.4,-0.402,7.0,8.06,8.87,9.16,116.6,25.07,26.41,26.72,25.77,24.99,24.47,25.16,27.32,25.74,26.08,27.08,27.06,21.32,21.33,57.0,33.0,42.0,25.11,0.0,272.4,17.73,2.0,3.521,-1.0,1.99,3.5,4903
2015-12-24 13:03:00,0.0,0.0,9.45,9.65,10.33,10.65,22.0,289757.0,16.0,0.997,75.59999999999998,59.5,60.0,8.63,9462.0,1373.0,1378.0,298590.0,8.9,-0.192,8.64,-1.0,-0.108,8.9,1.0,0.69,269.7,271.6,273.0,273.0,0.818,272.0,0.7909999999999999,272.0,0.8359999999999999,271.0,0.004,13.62,2.0,3.0,0.0,23.41,9.11,349.5,0.0,1.101,1.183,0.989,1.05,1.148,0.944,1.068,133.0,132.9,1.2919999999999998,140.3,0.2869999999999999,0.0,25.75,24.91,25.46,0.4839999999999999,27.91,25.32,24.83,7.169,7.164,7.164,5.374,6.0,6.0,6.0,5.0,2.507,2.505,2.505,1.879,0.0,349.6,348.6,0.0,0.0,0.0,0.0,0.0,0.0,59.96,6000.0,25.75,-0.46,7.0,10.36,11.14,11.43,141.3,25.2,26.51,26.81,25.83,25.14,24.57,25.24,27.38,25.83,26.17,27.14,27.15,21.34,21.29,57.0,33.02,42.0,25.15,0.0,238.1,13.83,2.0,3.519,-1.0,2.082,3.2,4903
2015-12-24 13:04:00,0.0,0.0,11.27,11.52,11.97,12.52,22.0,289757.0,16.0,0.998,75.59999999999998,59.5,60.0,10.04,9462.0,1373.0,1378.0,298590.0,10.34,-0.28,10.04,-1.0,-0.124,10.34,1.0,0.697,269.9,271.9,273.0,273.0,0.818,272.0,0.7909999999999999,272.0,0.8359999999999999,271.0,0.0,13.35,2.0,1.0,0.0,23.41,10.55,349.8,0.0,1.267,1.3630000000000002,1.141,1.213,1.318,1.071,1.226,152.0,151.8,1.483,160.5,0.2899999999999999,0.001,25.96,25.07,25.58,21.26,27.7,25.45,24.97,8.24,8.24,8.24,6.178,7.0,7.0,7.0,5.0,2.883,2.884,2.883,2.162,0.0,349.9,348.8,0.0,0.0,0.0,0.0,0.0,0.0,59.97,6000.0,29.82,-0.4779999999999999,7.0,12.1,12.89,13.19,161.3,25.35,26.68,27.02,26.0,25.29,24.73,25.39,27.55,26.05,26.38,27.3,27.35,21.37,21.32,57.05,33.3,42.0,25.33,0.0,261.5,33.66,2.0,3.519,-1.0,1.247,2.5,4903
2015-12-24 13:05:00,0.0,0.0,12.0,12.0,13.0,13.0,22.0,289757.0,16.0,0.998,75.59999999999998,59.5,60.0,10.67,9462.0,1373.0,1378.0,298591.0,10.99,-0.258,10.68,-1.0,-0.171,10.99,1.0,0.702,269.9,271.9,273.0,273.0,0.818,272.0,0.7909999999999999,272.0,0.8359999999999999,271.0,0.005,13.62,2.0,3.0,0.0,23.43,11.23,350.7,0.0,1.345,1.449,1.209,1.294,1.403,1.137,1.319,161.4,161.2,1.577,170.2,0.2889999999999999,0.0,26.26,25.29,25.79,-75.61,27.67,25.64,25.14,8.71,8.71,8.71,6.535,7.0,7.0,7.0,5.0,3.0580000000000003,3.0580000000000003,3.0580000000000003,2.293,0.0,351.0,349.8,0.0,0.0,0.0,0.0,0.0,0.0,59.97,6000.0,31.48,-0.477,7.0,12.91,13.69,13.99,170.7,25.44,26.85,27.22,26.16,25.38,24.85,25.55,27.72,26.19,26.58,27.48,27.53,21.43,21.42,58.0,33.78,42.0,25.57,0.0,279.1,41.12,2.0,3.519,-1.0,1.073,3.0,4903
2015-12-24 13:06:00,0.0,0.0,12.0,12.2,13.0,13.2,22.0,289757.0,16.0,0.998,75.59999999999998,59.5,60.0,10.85,9462.0,1373.0,1378.0,298591.0,11.17,-0.273,10.85,-1.0,-0.156,11.17,1.0,0.672,270.0,272.0,273.0,273.0,0.818,272.0,0.7909999999999999,272.0,0.8359999999999999,271.0,0.003,13.62,2.0,3.0,0.0,23.44,11.4,348.4,0.0,1.3630000000000002,1.467,1.226,1.3119999999999998,1.4280000000000002,1.153,1.336,164.3,164.0,1.598,172.6,0.2889999999999999,0.0,26.51,25.48,25.98,48.23,27.77,25.85,25.26,8.89,8.89,8.89,6.667000000000001,7.0,7.0,7.0,5.0,3.102,3.1,3.1010000000000004,2.325,0.0,348.8,347.6,0.0,0.0,0.0,0.0,0.0,0.0,59.97,6000.0,32.27,-0.477,7.0,13.11,13.91,14.2,173.3,25.4,26.92,27.28,26.24,25.43,24.84,25.63,27.78,26.23,26.63,27.54,27.6,21.4,21.46,58.0,33.37,42.0,25.75,0.0,257.9,32.29,2.0,3.519,-1.0,2.208,3.2,4903
2015-12-24 13:07:00,0.0,0.0,13.0,13.0,13.47,14.0,23.0,289758.0,16.0,0.998,75.59999999999998,59.5,60.0,11.23,9462.0,1373.0,1378.0,298591.0,11.55,-0.2919999999999999,11.23,-1.0,-0.1639999999999999,11.55,1.0,0.687,270.0,272.0,273.0,273.0,0.818,272.0,0.7909999999999999,272.0,0.8359999999999999,271.0,0.003,13.62,2.0,3.0,0.0,23.46,11.8,349.4,0.0,1.403,1.513,1.264,1.354,1.473,1.195,1.372,169.3,169.1,1.654,178.7,0.2889999999999999,0.0,26.74,25.66,26.15,21.33,27.98,25.98,25.35,9.16,9.16,9.16,6.868,7.0,7.0,7.0,5.0,3.2030000000000003,3.2030000000000003,3.204,2.401,0.0,349.7,348.5,0.0,0.0,0.0,0.0,0.0,0.0,59.97,6000.0,33.42,-0.4529999999999999,7.0,13.59,14.38,14.68,179.3,25.5,27.02,27.39,26.37,25.59,25.02,25.76,27.96,26.38,26.88,27.72,27.71,21.45,21.45,58.0,33.22,42.0,25.93,0.0,248.7,27.86,2.0,3.518,-1.0,1.287,2.7,4903
2015-12-24 13:08:00,0.0,0.0,13.0,13.0,14.0,14.0,23.0,289758.0,16.0,0.998,75.59999999999998,59.5,60.0,11.44,9462.0,1373.0,1378.0,298591.0,11.77,-0.258,11.44,-1.0,-0.196,11.77,1.0,0.682,269.9,271.9,273.0,273.0,0.818,272.0,0.7909999999999999,272.0,0.8359999999999999,271.0,0.003,13.62,2.0,3.0,0.0,23.47,11.98,349.8,0.0,1.422,1.535,1.2819999999999998,1.38,1.4980000000000002,1.22,1.409,172.1,171.8,1.681,181.6,0.2889999999999999,0.0,26.89,25.81,26.26,-68.36,27.92,26.14,25.57,9.32,9.32,9.32,6.985,7.0,7.0,7.0,5.0,3.262,3.26,3.262,2.445,0.0,350.0,348.8,0.0,0.0,0.0,0.0,0.0,0.0,59.97,6000.0,33.93,-0.4729999999999999,7.0,13.85,14.66,14.94,182.3,25.74,27.23,27.55,26.55,25.73,25.2,25.95,28.18,26.54,27.1,27.92,27.89,21.43,21.44,59.0,33.63,42.0,26.06,0.0,220.8,27.48,2.0,3.518,-1.0,1.85,3.5,4903
2015-12-24 13:09:00,0.0,0.0,13.0,13.4,14.0,14.4,23.0,289758.0,16.0,0.999,75.59999999999998,59.5,60.0,11.68,9462.0,1373.0,1378.0,298591.0,11.99,-0.1749999999999999,11.67,-1.0,-0.273,11.99,1.0,0.68,270.0,272.0,273.0,273.0,0.818,272.0,0.7909999999999999,272.0,0.8359999999999999,271.0,0.003,13.62,2.0,1.0,0.0,23.48,12.21,341.1,0.0,1.452,1.564,1.3159999999999998,1.409,1.546,1.263,1.452,177.5,177.2,1.719,185.8,0.2889999999999999,0.001,27.07,25.9,26.39,43.45,28.21,26.24,25.69,9.72,9.72,9.72,7.285,7.0,7.0,7.0,5.0,3.319,3.318,3.317,2.487,0.0,341.4,340.2,0.0,0.0,0.0,0.0,0.0,0.0,59.96,6000.0,35.25,-0.4,7.0,14.11,14.94,15.21,187.2,25.92,27.44,27.74,26.76,25.94,25.42,26.15,28.4,26.77,27.24,28.15,28.09,21.42,21.4,59.0,34.0,42.0,26.13,0.0,255.6,31.89,2.0,3.519,-1.0,2.447,3.9,4903
2015-12-24 13:10:00,0.0,0.0,13.0,13.95,14.0,14.95,23.0,289758.0,16.0,0.999,75.59999999999998,59.5,60.0,11.84,9462.0,1373.0,1378.0,298592.0,12.13,-0.157,11.84,-1.0,-0.296,12.13,1.0,0.66,269.8,271.7,273.0,272.9,0.818,272.0,0.7909999999999999,272.0,0.8359999999999999,271.0,0.003,13.43,2.0,1.0,0.0,23.5,12.33,335.0,0.0,1.482,1.595,1.347,1.432,1.579,1.293,1.465,181.2,180.9,1.757,189.8,0.2899999999999999,0.001,27.26,25.95,26.46,-42.75,28.96,26.33,25.83,10.0,10.0,10.0,7.495,7.0,7.0,7.0,5.0,3.354,3.354,3.354,2.514,0.0,335.5,334.3,0.0,0.0,0.0,0.0,0.0,0.0,59.95,6000.0,36.38,-0.4,7.0,14.29,15.12,15.39,191.5,26.24,27.59,27.98,26.98,26.15,25.59,26.37,28.57,26.94,27.34,28.34,28.31,21.35,21.43,59.13,34.0,42.0,26.27,0.0,287.6,12.17,2.0,3.519,-1.0,1.737,3.3,4903
2015-12-24 13:11:00,0.0,0.0,13.0,13.9,14.0,14.9,23.0,289758.0,16.0,0.998,75.59999999999998,59.5,60.0,11.8,9462.0,1373.0,1378.0,298592.0,12.1,-0.1419999999999999,11.81,-1.0,-0.3029999999999999,12.11,1.0,0.672,269.6,271.3,273.0,272.6,0.818,272.0,0.7909999999999999,272.0,0.8359999999999999,271.0,0.003,13.62,2.0,3.0,0.0,23.51,12.3,331.0,0.0,1.494,1.608,1.355,1.442,1.5830000000000002,1.3,1.47,181.4,181.0,1.77,190.8,0.2899999999999999,0.0,27.46,26.15,26.62,-39.59,29.91,26.49,26.01,10.09,10.09,10.09,7.561,7.0,7.0,7.0,5.0,3.342,3.341,3.341,2.505,0.0,331.3,330.3,0.0,0.0,0.0,0.0,0.0,0.0,59.95,6000.0,36.85,-0.4,7.0,14.24,15.1,15.38,192.6,26.49,27.92,28.22,27.22,26.58,25.91,26.62,28.8,27.31,27.62,28.55,28.57,21.42,21.53,60.0,34.0,42.0,26.48,0.0,255.1,21.0,2.0,3.519,-1.0,1.038,1.8,4903
2015-12-24 13:12:00,0.0,0.0,13.0,13.38,14.0,14.38,23.0,289758.0,16.0,0.999,75.59999999999998,59.5,60.0,11.65,9462.0,1373.0,1378.0,298592.0,11.96,-0.2319999999999999,11.64,-1.0,-0.231,11.96,1.0,0.677,269.8,271.5,273.0,272.7,0.818,272.0,0.7909999999999999,272.0,0.8359999999999999,271.0,0.003,13.62,2.0,3.0,0.0,23.52,12.17,341.7,0.0,1.456,1.569,1.3159999999999998,1.406,1.531,1.254,1.429,175.5,175.2,1.721,185.4,0.2899999999999999,0.0,27.7,26.36,26.85,-38.0,30.77,26.72,26.17,9.670000000000002,9.66,9.670000000000002,7.246,7.0,7.0,7.0,5.0,3.307,3.306,3.306,2.479,0.0,342.1,340.8,0.0,0.0,0.0,0.0,0.0,0.0,59.96,6000.0,35.23,-0.4,7.0,14.06,14.91,15.19,186.8,26.48,28.04,28.39,27.4,26.59,25.99,26.8,28.99,27.43,27.85,28.76,28.74,21.48,21.58,60.0,34.0,42.0,26.69,0.0,279.7,17.22,2.0,3.519,-1.0,1.812,4.0,4903
2015-12-24 13:13:00,0.0,0.0,12.73,13.0,13.38,14.0,24.0,289759.0,16.0,0.998,75.59999999999998,59.5,60.0,11.18,9462.0,1373.0,1378.0,298592.0,11.49,-0.26,11.19,-1.0,-0.176,11.49,1.0,0.6729999999999999,269.8,271.6,273.0,272.7,0.818,272.0,0.7909999999999999,272.0,0.8359999999999999,271.0,0.003,13.62,2.0,3.0,0.0,23.52,11.71,339.8,0.0,1.408,1.516,1.268,1.357,1.475,1.199,1.376,169.0,168.7,1.664,179.2,0.2889999999999999,0.0,27.76,26.4,26.89,-23.99,30.92,26.79,26.18,9.36,9.36,9.36,7.016,7.0,7.0,7.0,5.0,3.1830000000000003,3.1830000000000003,3.184,2.387,0.0,340.2,338.9,0.0,0.0,0.0,0.0,0.0,0.0,59.97,6000.0,34.05,-0.4,7.0,13.49,14.33,14.63,180.7,26.33,28.04,28.36,27.38,26.48,25.92,26.77,29.03,27.41,27.86,28.8,28.74,21.43,21.5,60.03,34.0,42.0,26.64,0.0,261.6,20.04,2.0,3.519,-1.0,2.217,4.0,4903
2015-12-24 13:14:00,0.0,0.0,12.0,12.33,13.0,13.33,24.0,289759.0,16.0,0.998,75.59999999999998,59.5,60.0,10.93,9462.0,1373.0,1378.0,298592.0,11.23,-0.2919999999999999,10.94,-1.0,-0.148,11.23,1.0,0.677,269.7,271.6,273.0,272.8,0.818,272.0,0.7909999999999999,272.0,0.8359999999999999,271.0,0.003,13.62,2.0,3.0,0.0,23.55,11.43,338.0,0.0,1.381,1.483,1.24,1.327,1.443,1.172,1.345,165.4,165.1,1.631,175.8,0.2889999999999999,0.0,27.71,26.39,26.89,-95.8,31.03,26.79,26.16,9.21,9.21,9.21,6.903,7.0,7.0,7.0,5.0,3.115,3.115,3.115,2.335,0.0,338.3,337.0,0.0,0.0,0.0,0.0,0.0,0.0,59.98,6000.0,33.47,-0.4,7.0,13.17,14.01,14.29,177.6,26.32,28.0,28.37,27.4,26.53,25.93,26.78,29.09,27.45,27.88,28.85,28.74,21.48,21.44,58.4,34.0,42.0,26.64,0.0,258.8,18.11,2.0,3.518,-1.0,1.915,2.8,4903
2015-12-24 13:15:00,0.0,0.0,12.93,13.17,13.65,14.17,24.0,289759.0,16.0,0.998,75.59999999999998,59.5,60.0,11.41,9462.0,1373.0,1378.0,298593.0,11.73,-0.2769999999999999,11.42,-1.0,-0.1799999999999999,11.73,1.0,0.6829999999999999,269.5,271.5,273.0,272.8,0.818,272.0,0.7909999999999999,272.0,0.8359999999999999,271.0,0.0,13.53,2.0,3.0,0.0,23.56,11.96,337.3,0.0,1.431,1.535,1.291,1.376,1.509,1.236,1.404,172.9,172.6,1.6969999999999998,183.0,0.2889999999999999,0.0,27.86,26.39,26.91,-153.0,31.27,26.79,26.13,9.62,9.63,9.62,7.212999999999998,7.0,7.0,7.0,5.0,3.249,3.25,3.249,2.435,0.0,337.6,336.4,0.0,0.0,0.0,0.0,0.0,0.0,59.97,6000.0,35.05,-0.4,7.0,13.79,14.62,14.91,185.4,26.37,27.98,28.33,27.43,26.56,25.86,26.8,29.14,27.45,27.96,28.89,28.72,21.49,21.46,58.07,34.0,42.0,26.75,0.0,261.1,50.16,2.0,3.519,-1.0,2.142,3.7,4903
2015-12-24 13:16:00,0.0,0.0,13.97,14.0,14.72,15.0,24.0,289759.0,16.0,0.998,75.59999999999998,59.5,60.0,12.09,9462.0,1373.0,1378.0,298593.0,12.42,-0.222,12.11,-1.0,-0.258,12.42,1.0,0.698,269.8,271.8,273.0,273.0,0.818,272.0,0.7909999999999999,272.0,0.8359999999999999,271.0,0.006,13.6,2.0,3.0,0.0,23.58,12.66,345.3,0.0,1.484,1.595,1.345,1.436,1.582,1.305,1.481,181.1,180.7,1.773,191.1,0.2899999999999999,0.0,27.9,26.4,26.99,-166.7,31.28,26.85,26.1,9.94,9.93,9.94,7.45,7.0,7.0,7.0,5.0,3.435,3.4330000000000003,3.434,2.575,0.0,345.6,344.4,0.0,0.0,0.0,0.0,0.0,0.0,59.96,6000.0,36.0,-0.4279999999999999,7.0,14.66,15.46,15.76,193.3,26.23,28.01,28.37,27.48,26.53,25.89,26.84,29.13,27.37,27.93,28.9,28.74,21.48,21.49,59.0,34.0,42.0,26.76,0.0,252.7,25.71,2.0,3.519,-1.0,2.315,3.5,4903
2015-12-24 13:17:00,0.0,0.0,14.0,14.0,14.7,15.0,24.0,289759.0,16.0,0.998,75.59999999999998,59.5,60.0,12.07,9462.0,1373.0,1378.0,298593.0,12.4,-0.1669999999999999,12.08,-1.0,-0.276,12.4,1.0,0.698,270.0,272.0,273.0,273.0,0.818,272.0,0.7909999999999999,272.0,0.8359999999999999,271.0,0.003,13.62,2.0,3.0,0.0,23.59,12.62,346.3,0.0,1.4780000000000002,1.591,1.342,1.436,1.585,1.311,1.49,181.5,181.1,1.768,190.8,0.2899999999999999,0.0,27.91,26.44,26.99,56.92,31.07,26.87,26.23,9.88,9.89,9.88,7.409,7.0,7.0,7.0,5.0,3.426,3.427,3.425,2.568,0.0,346.6,345.4,0.0,0.0,0.0,0.0,0.0,0.0,59.96,6000.0,35.95,-0.445,7.0,14.62,15.43,15.73,192.7,26.32,28.09,28.44,27.52,26.58,25.98,26.88,29.24,27.56,28.04,29.01,28.8,21.53,21.42,59.17,34.0,42.07,26.83,0.0,227.8,18.25,2.0,3.519,-1.0,1.6130000000000002,2.7,4903
2015-12-24 13:18:00,0.0,0.0,13.25,13.78,14.0,14.78,25.0,289760.0,16.0,0.999,75.59999999999998,59.5,60.0,11.84,9462.0,1373.0,1378.0,298593.0,12.18,-0.16,11.84,-1.0,-0.288,12.18,1.0,0.7049999999999998,269.9,271.9,273.0,273.0,0.818,272.0,0.7909999999999999,272.0,0.8359999999999999,271.0,0.003,13.62,2.0,3.0,0.0,23.61,12.42,350.1,0.0,1.4480000000000002,1.5590000000000002,1.317,1.41,1.561,1.297,1.475,178.9,178.6,1.733,187.3,0.2899999999999999,0.0,27.92,26.5,27.02,28.18,30.73,26.86,26.27,9.61,9.61,9.61,7.206,7.0,7.0,7.0,5.0,3.366,3.366,3.364,2.524,0.0,350.2,349.0,0.0,0.0,0.0,0.0,0.0,0.0,59.95,6000.0,35.02,-0.492,7.0,14.34,15.15,15.45,189.0,26.3,28.11,28.51,27.58,26.63,26.01,26.94,29.32,27.58,28.13,29.08,28.85,21.54,21.53,60.0,34.0,42.62,26.87,0.0,267.9,27.8,2.0,3.519,-1.0,1.653,3.0,4903
2015-12-24 13:19:00,0.0,0.0,12.85,13.0,13.57,14.0,25.0,289760.0,16.0,0.998,75.59999999999998,59.5,60.0,11.27,9462.0,1373.0,1378.0,298593.0,11.6,-0.218,11.28,-1.0,-0.214,11.6,1.0,0.692,270.0,272.0,273.0,273.0,0.818,272.0,0.7909999999999999,272.0,0.8359999999999999,271.0,0.003,13.62,2.0,3.0,0.0,23.63,11.83,351.6,0.0,1.384,1.49,1.261,1.349,1.496,1.247,1.415,171.6,171.3,1.656,179.2,0.2889999999999999,0.0,27.94,26.45,27.01,52.52,30.07,26.89,26.26,9.14,9.13,9.13,6.849,7.0,7.0,7.0,5.0,3.215,3.214,3.213,2.4090000000000003,0.0,351.8,350.6,0.0,0.0,0.0,0.0,0.0,0.0,59.96,6000.0,33.28,-0.498,7.0,13.63,14.43,14.74,181.1,26.21,28.12,28.52,27.62,26.62,26.02,26.98,29.32,27.45,28.15,29.04,28.85,21.52,21.51,60.0,34.0,42.62,26.81,0.0,277.3,21.26,2.0,3.519,-1.0,2.09,3.5,4903
2015-12-24 13:20:00,0.0,0.0,12.0,12.02,13.0,13.02,25.0,289760.0,16.0,0.998,75.59999999999998,59.5,60.0,10.68,9462.0,1373.0,1378.0,298594.0,10.97,-0.125,10.68,-1.0,-0.259,10.97,1.0,0.69,269.9,271.9,273.0,273.0,0.818,272.0,0.7909999999999999,272.0,0.8359999999999999,271.0,0.005,13.62,2.0,3.0,0.0,23.64,11.2,348.3,0.0,1.311,1.412,1.193,1.277,1.416,1.186,1.34,162.8,162.6,1.57,170.3,0.2889999999999999,0.0,27.81,26.4,26.97,-21.64,29.57,26.83,26.2,8.74,8.74,8.74,6.5520000000000005,7.0,7.0,7.0,5.0,3.048,3.047,3.047,2.2840000000000003,0.0,348.6,347.5,0.0,0.0,0.0,0.0,0.0,0.0,59.95,6000.0,31.65,-0.4879999999999999,7.0,12.87,13.67,13.96,172.1,26.12,28.01,28.4,27.55,26.53,25.94,26.92,29.24,27.34,28.1,28.96,28.74,21.49,21.5,59.6,34.0,42.32,26.8,0.0,248.5,28.21,2.0,3.519,-1.0,1.853,3.0,4903
2015-12-24 13:21:00,0.0,0.0,11.42,11.88,12.12,12.88,25.0,289760.0,16.0,0.998,75.59999999999998,59.5,60.0,10.23,9462.0,1373.0,1378.0,298594.0,10.52,-0.1419999999999999,10.24,-1.0,-0.228,10.53,1.0,0.687,269.9,271.9,273.0,273.0,0.818,272.0,0.7909999999999999,272.0,0.8359999999999999,271.0,0.0,13.43,2.0,1.0,0.0,23.65,10.74,347.0,0.0,1.261,1.359,1.153,1.232,1.369,1.149,1.29,157.5,157.3,1.508,163.8,0.2889999999999999,0.001,27.84,26.4,26.99,-95.0,29.33,26.79,26.11,8.429999999999998,8.429999999999998,8.429999999999998,6.319,7.0,7.0,7.0,5.0,2.926,2.927,2.928,2.194,0.0,347.3,346.0,0.0,0.0,0.0,0.0,0.0,0.0,59.95,6000.0,30.48,-0.445,7.0,12.32,13.14,13.42,165.7,26.12,28.0,28.32,27.55,26.67,25.94,26.91,29.19,27.34,28.05,28.91,28.68,21.49,21.57,57.53,34.0,42.48,26.89,0.0,261.6,17.73,2.0,3.521,-1.0,2.095,2.8,4903
2015-12-24 13:22:00,0.0,0.0,11.0,11.0,12.0,12.0,25.0,289760.0,16.0,0.998,75.59999999999998,59.5,60.0,9.840000000000002,9462.0,1373.0,1378.0,298594.0,10.13,-0.127,9.86,-1.0,-0.2239999999999999,10.14,1.0,0.693,269.8,271.8,273.0,273.0,0.818,272.0,0.7909999999999999,272.0,0.8359999999999999,271.0,0.003,13.63,2.0,3.0,0.0,23.67,10.34,345.5,0.0,1.221,1.314,1.118,1.193,1.3259999999999998,1.107,1.246,152.8,152.6,1.455,158.3,0.2889999999999999,0.0,27.94,26.4,26.98,-59.25,29.18,26.79,26.08,8.16,8.16,8.17,6.121,7.0,7.0,7.0,5.0,2.823,2.823,2.824,2.117,0.0,345.8,344.5,0.0,0.0,0.0,0.0,0.0,0.0,59.95,6000.0,29.58,-0.4129999999999999,7.0,11.85,12.66,12.94,160.3,26.17,28.0,28.37,27.59,26.7,25.98,26.96,29.16,27.29,27.93,28.9,28.72,21.52,21.52,58.33,34.0,42.83,26.86,0.0,266.9,19.49,2.0,3.519,-1.0,1.778,3.3,4903
2015-12-24 13:23:00,0.0,0.0,10.18,10.38,11.0,11.38,26.0,289761.0,16.0,0.998,75.59999999999998,59.5,60.0,9.21,9462.0,1373.0,1378.0,298594.0,9.49,-0.133,9.22,-1.0,-0.191,9.49,1.0,0.685,269.8,271.8,273.0,273.0,0.818,272.0,0.7909999999999999,272.0,0.8359999999999999,271.0,0.003,13.62,2.0,3.0,0.0,23.69,9.670000000000002,345.4,0.0,1.151,1.238,1.058,1.127,1.249,1.031,1.165,144.0,143.9,1.367,148.7,0.288,0.0,27.81,26.29,26.87,-199.0,29.05,26.73,25.95,7.672,7.667999999999998,7.672,5.752000000000001,8.0,8.0,8.0,6.0,2.653,2.652,2.653,1.989,0.0,345.8,344.4,0.0,0.0,0.0,0.0,0.0,0.0,59.95,6000.0,27.63,-0.422,7.0,11.06,11.88,12.15,150.9,25.93,27.8,28.25,27.46,26.47,25.81,26.82,29.0,27.01,27.77,28.74,28.59,21.52,21.49,59.0,34.0,43.0,26.68,0.0,268.9,40.21,2.0,3.519,-1.0,1.38,2.1,4903
2015-12-24 13:24:00,0.0,0.0,10.0,10.15,11.0,11.15,26.0,289761.0,16.0,0.997,75.59999999999998,59.5,60.0,9.1,9462.0,1373.0,1378.0,298594.0,9.39,-0.088,9.11,-1.0,-0.23,9.39,1.0,0.6779999999999999,269.5,271.5,273.0,273.0,0.818,272.0,0.7909999999999999,272.0,0.8359999999999999,271.0,0.003,13.62,2.0,3.0,0.0,23.7,9.590000000000002,346.6,0.0,1.135,1.216,1.038,1.098,1.216,1.0,1.118,140.6,140.5,1.348,147.1,0.288,0.0,27.51,26.22,26.79,-147.3,28.86,26.7,25.82,7.577,7.578999999999998,7.5779999999999985,5.679,8.0,8.0,8.0,6.0,2.629,2.629,2.629,1.97,0.0,346.9,345.6,0.0,0.0,0.0,0.0,0.0,0.0,59.94,6000.0,27.18,-0.457,7.0,10.94,11.76,12.02,150.0,25.78,27.63,28.1,27.3,26.4,25.65,26.66,28.78,26.84,27.56,28.51,28.43,21.54,21.54,59.0,34.0,43.0,26.7,0.0,263.1,24.21,2.0,3.519,-1.0,1.362,2.4,4903
2015-12-24 13:25:00,0.0,0.0,10.53,11.0,11.0,12.0,26.0,289761.0,16.0,0.998,75.59999999999998,59.5,60.0,9.47,9462.0,1373.0,1378.0,298594.0,9.75,-0.14,9.47,-1.0,-0.2019999999999999,9.75,1.0,0.6829999999999999,270.0,272.0,273.0,273.0,0.818,272.0,0.7909999999999999,272.0,0.8359999999999999,271.0,0.003,13.62,2.0,3.0,0.0,23.72,9.94,348.1,0.0,1.176,1.261,1.07,1.132,1.244,1.02,1.138,143.7,143.6,1.4,152.6,0.288,0.0,27.48,26.25,26.79,-36.18,28.76,26.7,25.84,7.822,7.817,7.819,5.865,8.0,8.0,8.0,6.0,2.725,2.7230000000000003,2.724,2.043,0.0,348.4,347.1,0.0,0.0,0.0,0.0,0.0,0.0,59.95,6000.0,28.03,-0.4779999999999999,7.0,11.35,12.2,12.45,155.3,25.8,27.68,28.08,27.25,26.48,25.67,26.61,28.75,26.74,27.59,28.5,28.41,21.54,21.53,59.0,34.0,43.0,26.67,0.0,240.6,36.6,2.0,3.519,-1.0,1.173,1.8,4903
2015-12-24 13:26:00,0.0,0.0,10.17,10.83,11.0,11.83,26.0,289761.0,16.0,0.997,75.59999999999998,59.5,60.0,9.4,9462.0,1373.0,1378.0,298594.0,9.68,-0.1769999999999999,9.420000000000002,-1.0,-0.156,9.68,1.0,0.6679999999999999,270.0,272.0,273.0,273.0,0.818,272.0,0.7909999999999999,272.0,0.8359999999999999,271.0,-0.008,13.44,2.0,1.0,0.0,23.74,9.89,350.9,0.0,1.173,1.26,1.058,1.127,1.226,0.996,1.132,142.1,141.9,1.396,152.0,0.288,0.001,27.51,26.25,26.79,-48.22,28.53,26.68,25.87,7.701,7.707999999999998,7.707,5.774,8.0,8.0,8.0,6.0,2.705,2.707,2.707,2.028,0.0,351.2,349.9,0.0,0.0,0.0,0.0,0.0,0.0,59.96,6000.0,27.67,-0.5,7.0,11.28,12.11,12.38,154.5,25.81,27.7,28.11,27.27,26.48,25.68,26.63,28.76,26.82,27.62,28.54,28.42,21.55,21.57,59.62,34.0,43.0,26.67,0.0,279.4,24.4,2.0,3.519,-1.0,0.91,1.5,4903
2015-12-24 13:27:00,0.0,0.0,10.0,10.0,10.95,11.0,26.0,289761.0,16.0,0.998,75.59999999999998,59.5,60.0,9.01,9462.0,1373.0,1378.0,298595.0,9.28,-0.178,9.01,-1.0,-0.1489999999999999,9.28,1.0,0.6629999999999999,270.0,272.0,273.0,273.0,0.818,272.0,0.7909999999999999,272.0,0.8359999999999999,271.0,0.0139999999999999,13.44,2.0,3.0,0.0,23.75,9.5,352.8,0.0,1.132,1.218,1.014,1.087,1.177,0.944,1.093,136.0,135.9,1.348,146.7,0.2889999999999999,0.001,27.49,26.27,26.83,60.28,28.29,26.7,25.82,7.364,7.36,7.369,5.523,8.0,8.0,8.0,6.0,2.599,2.5980000000000003,2.6010000000000004,1.95,0.0,353.0,351.9,0.0,0.0,0.0,0.0,0.0,0.0,59.96,6000.0,26.43,-0.5,7.0,10.78,11.62,11.88,149.1,25.79,27.6,28.01,27.19,26.35,25.62,26.55,28.7,26.76,27.57,28.48,28.32,21.53,21.6,60.0,34.0,43.0,26.69,0.0,271.0,34.84,2.0,3.519,-1.0,1.348,2.3,4903
2015-12-24 13:28:00,0.0,0.0,9.1,9.48,10.0,10.48,26.0,289761.0,16.0,0.997,75.59999999999998,59.5,60.0,8.47,9462.0,1373.0,1378.0,298595.0,8.72,-0.1799999999999999,8.48,-1.0,-0.126,8.73,1.0,0.697,269.8,271.8,273.0,273.0,0.818,272.0,0.7909999999999999,272.0,0.8359999999999999,271.0,0.003,13.62,2.0,3.0,0.0,23.76,8.929999999999998,353.0,0.0,1.067,1.15,0.948,1.027,1.108,0.8859999999999999,1.04,128.0,128.0,1.277,139.0,0.288,0.0,27.38,26.24,26.84,-144.7,27.94,26.7,25.82,6.939,6.941,6.948,5.206,8.0,8.0,8.0,6.0,2.451,2.451,2.454,1.839,0.0,353.2,352.0,0.0,0.0,0.0,0.0,0.0,0.0,59.96,6000.0,24.93,-0.5,7.0,10.12,10.93,11.22,141.3,25.89,27.66,28.01,27.14,26.35,25.61,26.49,28.7,26.74,27.55,28.49,28.32,21.56,21.59,60.0,34.0,43.0,26.61,0.0,268.7,47.78,2.0,3.519,-1.0,0.948,1.9,4903
2015-12-24 13:29:00,0.0,0.0,8.87,9.0,9.47,10.0,26.0,289761.0,16.0,0.997,75.59999999999998,59.5,60.0,7.955,9462.0,1373.0,1378.0,298595.0,8.22,-0.1969999999999999,7.973,-1.0,-0.083,8.22,1.0,0.687,270.0,272.0,273.2,273.0,0.818,272.0,0.7909999999999999,272.4,0.8359999999999999,271.0,0.003,13.62,2.0,3.0,0.0,23.78,8.42,354.0,0.0,1.005,1.085,0.894,0.972,1.055,0.844,0.997,121.7,121.7,1.213,131.9,0.2869999999999999,0.0,27.44,26.21,26.81,-116.2,27.67,26.66,25.81,6.54,6.54,6.547000000000001,4.904,8.0,8.0,8.0,6.0,2.317,2.317,2.319,1.737,0.0,354.2,353.0,0.0,0.0,0.0,0.0,0.0,0.0,59.96,6000.0,23.5,-0.5,7.0,9.48,10.3,10.59,134.4,25.83,27.65,28.01,27.05,26.12,25.47,26.39,28.68,26.8,27.56,28.47,28.33,21.61,21.62,60.0,34.0,43.0,26.55,0.0,260.7,17.13,2.0,3.519,-1.0,1.147,1.7,4903
2015-12-24 13:30:00,0.0,0.0,8.0,8.22,9.0,9.22,27.0,289762.0,16.0,0.996,75.59999999999998,59.5,60.0,7.603,9462.0,1373.0,1378.0,298595.0,7.852,-0.217,7.622,-1.0,-0.0459999999999999,7.852,1.0,0.7129999999999999,270.0,272.0,273.5,273.0,0.818,272.0,0.7909999999999999,272.9,0.8359999999999999,271.0,0.003,13.62,2.0,3.0,0.0,23.8,8.029999999999998,354.0,0.0,0.955,1.03,0.8519999999999999,0.931,1.021,0.827,0.977,117.7,117.7,1.165,126.7,0.2869999999999999,0.0,27.25,26.19,26.79,-51.27,27.36,26.61,25.72,6.272,6.269,6.271,4.7010000000000005,8.0,8.0,8.0,6.0,2.2230000000000003,2.222,2.222,1.666,0.0,354.4,353.0,0.0,0.0,0.0,0.0,0.0,0.0,59.97,6000.0,22.17,-0.5,7.0,9.04,9.840000000000002,10.15,129.4,25.77,27.59,27.93,26.94,26.15,25.36,26.27,28.6,26.76,27.44,28.4,28.25,21.63,21.51,60.0,34.0,43.0,26.42,0.0,249.1,14.11,2.0,3.519,-1.0,1.61,2.2,4903
2015-12-24 13:31:00,0.0,0.0,8.0,8.0,9.0,9.0,27.0,289762.0,16.0,0.997,75.59999999999998,59.5,60.0,7.317,9462.0,1373.0,1378.0,298595.0,7.559,-0.19,7.337,-0.5999999999999999,-0.05,7.559999999999999,1.0,0.695,270.0,272.0,273.5,273.0,0.818,272.0,0.7909999999999999,272.9,0.8359999999999999,271.0,0.003,13.62,2.0,3.0,0.0,23.81,7.722,350.4,0.0,0.912,0.981,0.818,0.883,0.993,0.817,0.942,114.2,114.3,1.12,121.9,0.2869999999999999,0.0,27.09,26.03,26.68,-8.07,27.07,26.48,25.66,6.114,6.111000000000001,6.115,4.586,8.0,8.0,8.0,6.0,2.144,2.143,2.145,1.608,0.0,350.7,349.4,0.0,0.0,0.0,0.0,0.0,0.0,59.96,6000.0,21.7,-0.5,7.0,8.679999999999998,9.49,9.79,125.3,25.7,27.55,27.85,26.87,26.2,25.34,26.2,28.49,26.63,27.38,28.3,28.17,21.54,21.47,60.0,34.0,43.0,26.24,0.0,280.3,16.13,2.0,3.519,-1.0,2.017,3.3,4903
2015-12-24 13:32:00,0.0,0.0,7.967,8.0,8.5,9.0,27.0,289762.0,16.0,0.995,75.59999999999998,59.5,60.0,7.102,9462.0,1373.0,1378.0,298595.0,7.351,-0.215,7.122999999999999,-0.8669999999999999,-0.027,7.351,1.0,0.698,270.0,272.0,273.6,273.0,0.818,272.0,0.7909999999999999,272.9,0.8359999999999999,271.0,0.0,13.35,2.0,1.0,0.0,23.83,7.513,349.8,0.0,0.888,0.952,0.795,0.8519999999999999,0.96,0.81,0.895,110.4,110.5,1.093,118.9,0.2869999999999999,0.001,26.99,25.9,26.55,-182.1,26.84,26.37,25.5,5.97,5.969,5.968,4.474,8.0,8.0,8.0,6.0,2.09,2.089,2.089,1.5659999999999998,0.0,350.1,348.8,0.0,0.0,0.0,0.0,0.0,0.0,59.96,6000.0,21.0,-0.4929999999999999,7.0,8.42,9.24,9.54,122.7,25.68,27.47,27.77,26.79,26.08,25.25,26.13,28.37,26.46,27.21,28.16,28.09,21.45,21.43,60.0,34.0,43.0,26.12,0.0,267.1,22.21,2.0,3.519,-1.0,2.497,3.7,4903
2015-12-24 13:33:00,0.0,0.0,7.033,8.0,8.0,9.0,27.0,289762.0,16.0,0.995,75.59999999999998,59.5,60.0,6.96,9462.0,1373.0,1378.0,298595.0,7.199,-0.225,7.002000000000001,-0.033,-0.019,7.199,1.0,0.698,270.0,272.0,273.5,273.0,0.818,272.0,0.7909999999999999,272.9,0.8359999999999999,271.0,0.006,13.62,2.0,3.0,0.0,23.84,7.382,349.0,0.0,0.8759999999999998,0.939,0.78,0.839,0.937,0.7879999999999999,0.87,107.8,107.9,1.072,116.6,0.2869999999999999,0.0,26.79,25.79,26.4,68.47,26.55,26.21,25.37,5.87,5.867000000000001,5.868,4.4,8.0,8.0,8.0,6.0,2.05,2.049,2.049,1.537,0.0,349.2,348.0,0.0,0.0,0.0,0.0,0.0,0.0,59.97,6000.0,21.0,-0.4929999999999999,7.0,8.23,9.04,9.340000000000002,119.9,25.42,27.3,27.64,26.65,25.85,25.04,25.99,28.21,26.35,27.1,28.01,27.94,21.43,21.41,60.0,34.0,43.0,25.98,0.0,263.1,16.36,2.0,3.521,-1.0,2.178,3.7,4903
2015-12-24 13:34:00,0.0,0.0,7.0,8.0,8.0,9.0,27.0,289762.0,16.0,0.994,75.59999999999998,59.5,60.0,6.937,9462.0,1373.0,1378.0,298596.0,7.181,-0.2349999999999999,6.985,-0.233,-0.008,7.181,1.0,0.698,270.0,272.0,273.8,273.0,0.818,272.0,0.7909999999999999,273.0,0.8359999999999999,271.0,0.003,13.62,2.0,3.0,0.0,23.87,7.382,349.0,0.0,0.88,0.944,0.7829999999999999,0.8459999999999999,0.934,0.778,0.87,107.5,107.6,1.069,116.2,0.2869999999999999,0.0,26.6,25.66,26.26,17.21,26.35,26.08,25.25,5.858,5.856,5.855,4.388999999999999,8.0,8.0,8.0,6.0,2.046,2.045,2.045,1.533,0.0,349.2,348.0,0.0,0.0,0.0,0.0,0.0,0.0,59.97,6000.0,21.0,-0.497,7.0,8.199999999999998,9.0,9.3,119.2,25.32,27.1,27.45,26.49,25.73,24.93,25.83,28.0,26.19,26.89,27.82,27.74,21.44,21.33,60.0,34.0,43.0,25.79,0.0,251.0,10.24,2.0,3.521,-1.0,2.2,3.5,4903
2015-12-24 13:35:00,0.0,0.0,7.0,7.517,8.0,8.519999999999998,27.0,289762.0,16.0,0.994,75.59999999999998,59.5,60.0,6.812,9462.0,1373.0,1378.0,298596.0,7.05,-0.248,6.845,0.967,0.004,7.05,1.0,0.7079999999999999,270.0,272.0,273.9,273.0,0.818,272.0,0.7909999999999999,273.0,0.8359999999999999,271.0,0.003,13.62,2.0,3.0,0.0,23.87,7.217,348.2,0.0,0.8690000000000001,0.934,0.772,0.8359999999999999,0.916,0.759,0.8640000000000001,105.5,105.6,1.052,114.2,0.2869999999999999,0.0,26.42,25.57,26.11,-53.34,26.18,25.95,25.22,5.765,5.763999999999999,5.763999999999999,4.32,8.0,8.0,8.0,6.0,2.009,2.009,2.009,1.506,0.0,348.6,347.3,0.0,0.0,0.0,0.0,0.0,0.0,59.97,6000.0,20.38,-0.4829999999999999,7.0,8.06,8.87,9.18,116.9,25.19,26.95,27.29,26.37,25.63,24.83,25.71,27.91,26.07,26.77,27.72,27.6,21.42,21.33,60.0,34.0,43.0,25.71,0.0,251.5,26.1,2.0,3.519,-1.0,2.252,3.8,4903
2015-12-24 13:36:00,0.0,0.0,7.0,7.0,8.0,8.0,27.0,289762.0,16.0,0.993,75.59999999999998,59.5,60.0,6.578,9462.0,1373.0,1378.0,298596.0,6.832999999999999,-0.2349999999999999,6.632999999999999,0.467,0.003,6.832999999999999,1.0,0.7029999999999998,270.0,272.0,273.7,273.0,0.818,272.0,0.7909999999999999,273.0,0.8359999999999999,271.0,0.003,13.62,2.0,3.0,0.0,23.89,7.005,348.1,0.0,0.842,0.904,0.7429999999999999,0.809,0.888,0.7379999999999999,0.8459999999999999,102.3,102.5,1.021,111.0,0.2869999999999999,0.0,26.4,25.44,26.01,-186.3,26.03,25.84,25.14,5.599,5.601,5.603,4.199,8.0,8.0,8.0,6.0,1.951,1.952,1.953,1.464,0.0,348.5,347.2,0.0,0.0,0.0,0.0,0.0,0.0,59.97,6000.0,20.0,-0.482,7.0,7.804999999999999,8.62,8.91,114.1,25.12,26.83,27.16,26.25,25.57,24.73,25.6,27.77,25.97,26.65,27.58,27.47,21.4,21.39,60.0,34.0,43.0,25.65,0.0,260.8,19.56,2.0,3.519,-1.0,1.703,2.3,4903
2015-12-24 13:37:00,0.0,0.0,7.033,7.317,8.0,8.32,27.0,289762.0,16.0,0.996,75.59999999999998,59.5,60.0,6.792000000000001,9462.0,1373.0,1378.0,298596.0,7.019,-0.218,6.807,-0.5999999999999999,-0.019,7.019,1.0,0.697,270.0,272.0,273.9,273.0,0.818,272.0,0.7909999999999999,273.0,0.8359999999999999,271.0,0.005,13.62,2.0,3.0,0.0,23.9,7.2,348.7,0.0,0.854,0.912,0.758,0.82,0.916,0.7709999999999999,0.872,105.7,105.8,1.042,113.5,0.2869999999999999,0.0,26.34,25.38,25.93,-49.5,25.9,25.77,25.07,5.742000000000001,5.74,5.742000000000001,4.303,8.0,8.0,8.0,6.0,2.003,2.003,2.003,1.501,0.0,348.9,347.8,0.0,0.0,0.0,0.0,0.0,0.0,59.96,6000.0,20.32,-0.492,7.0,8.01,8.84,9.12,117.3,25.06,26.77,27.09,26.21,25.59,24.74,25.56,27.67,25.92,26.57,27.49,27.39,21.41,21.41,60.0,34.0,43.0,25.58,0.0,248.7,26.67,2.0,3.519,-1.0,1.213,2.4,4903
2015-12-24 13:38:00,0.0,0.0,8.0,8.0,8.88,9.0,27.0,289762.0,16.0,0.996,75.59999999999998,59.5,60.0,7.348,9462.0,1373.0,1378.0,298596.0,7.596,-0.247,7.367000000000002,-0.967,-0.019,7.596,1.0,0.712,270.0,272.0,273.9,273.0,0.818,272.0,0.7909999999999999,273.0,0.8359999999999999,271.0,0.0,13.43,2.0,1.0,0.0,23.93,7.768,351.6,0.0,0.909,0.972,0.82,0.8740000000000001,0.995,0.8499999999999999,0.935,114.6,114.7,1.119,122.0,0.2869999999999999,0.001,26.27,25.37,25.92,-34.03,25.89,25.72,25.04,6.127999999999999,6.131,6.131,4.594,8.0,8.0,8.0,6.0,2.157,2.158,2.158,1.617,0.0,351.9,350.8,0.0,0.0,0.0,0.0,0.0,0.0,59.97,6000.0,21.62,-0.5,7.0,8.73,9.53,9.83,126.2,25.11,26.79,27.09,26.23,25.56,24.77,25.59,27.69,25.97,26.64,27.49,27.4,21.47,21.43,60.0,34.0,43.0,25.53,0.0,255.8,38.79,2.0,3.519,-1.0,0.7029999999999998,1.4,4903
2015-12-24 13:39:00,0.0,0.0,8.62,8.87,9.05,9.87,28.0,289763.0,16.0,0.997,75.59999999999998,59.5,60.0,7.822,9462.0,1373.0,1378.0,298596.0,8.09,-0.222,7.842,-1.0,-0.059,8.09,1.0,0.7179999999999999,270.0,272.0,273.6,273.0,0.818,272.0,0.7909999999999999,272.9,0.8359999999999999,271.0,0.003,13.62,2.0,3.0,0.0,23.93,8.3,358.4,0.0,0.972,1.039,0.8809999999999998,0.934,1.067,0.923,0.996,122.8,122.8,1.199,130.6,0.2869999999999999,0.0,26.24,25.43,25.94,-18.95,25.82,25.8,25.14,6.382000000000001,6.385,6.377999999999999,4.78,8.0,8.0,8.0,6.0,2.289,2.291,2.2880000000000003,1.715,0.0,358.7,357.6,0.0,0.0,0.0,0.0,0.0,0.0,59.96,6000.0,22.72,-0.482,7.0,9.340000000000002,10.13,10.42,134.9,25.25,26.87,27.18,26.29,25.61,24.84,25.64,27.73,26.03,26.68,27.55,27.48,21.49,21.46,60.0,34.0,43.0,25.57,0.0,250.3,29.75,2.0,3.519,-1.0,0.985,1.9,4903
2015-12-24 13:40:00,0.0,0.0,9.0,9.0,10.0,10.0,28.0,289763.0,16.0,0.998,75.59999999999998,59.5,60.0,8.199999999999998,9462.0,1373.0,1378.0,298596.0,8.48,-0.222,8.21,-1.0,-0.081,8.48,1.0,0.707,270.0,272.0,273.6,273.0,0.818,272.0,0.7909999999999999,272.8,0.8359999999999999,271.0,0.003,13.62,2.0,3.0,0.0,23.94,8.689999999999998,360.6,0.0,1.023,1.095,0.93,0.982,1.12,0.969,1.038,128.7,128.6,1.259,136.9,0.288,0.0,26.31,25.43,26.01,31.17,25.81,25.79,25.14,6.63,6.627000000000001,6.626,4.975,8.0,8.0,8.0,6.0,2.392,2.39,2.39,1.795,0.0,360.7,359.5,0.0,0.0,0.0,0.0,0.0,0.0,59.96,6000.0,23.9,-0.4679999999999999,7.0,9.81,10.61,10.9,141.2,25.44,27.0,27.31,26.39,25.77,24.94,25.75,27.79,26.03,26.73,27.62,27.63,21.52,21.44,60.0,34.0,43.0,25.57,0.0,284.3,28.37,2.0,3.519,-1.0,1.6769999999999998,3.7,4903
2015-12-24 13:41:00,0.0,0.0,9.13,9.32,10.02,10.32,28.0,289763.0,16.0,0.998,75.59999999999998,59.5,60.0,8.5,9462.0,1373.0,1378.0,298596.0,8.769999999999998,-0.193,8.51,-1.0,-0.123,8.769999999999998,1.0,0.707,270.0,272.0,273.6,273.0,0.818,272.0,0.7909999999999999,272.9,0.8359999999999999,271.0,0.003,13.62,2.0,3.0,0.0,23.96,8.98,363.4,0.0,1.074,1.15,0.977,1.029,1.168,0.999,1.069,134.2,134.1,1.3119999999999998,142.2,0.288,0.0,26.39,25.43,26.01,-153.0,25.76,25.82,25.24,6.779,6.809,6.8,5.084,8.0,8.0,8.0,6.0,2.466,2.477,2.474,1.85,0.0,363.8,362.4,0.0,0.0,0.0,0.0,0.0,0.0,59.96,6000.0,24.33,-0.4529999999999999,7.0,10.17,10.98,11.25,146.5,25.51,27.1,27.41,26.49,25.85,25.02,25.86,27.83,26.11,26.83,27.66,27.73,21.47,21.4,60.0,34.0,43.0,25.58,0.0,254.6,13.97,2.0,3.519,-1.0,2.053,3.5,4903
2015-12-24 13:42:00,0.0,0.0,10.37,10.5,11.13,11.5,28.0,289763.0,16.0,0.998,75.59999999999998,59.5,60.0,9.31,9462.0,1373.0,1378.0,298597.0,9.61,-0.2069999999999999,9.31,-1.0,-0.132,9.61,1.0,0.7099999999999999,270.0,272.0,273.9,273.2,0.818,272.0,0.7909999999999999,273.0,0.8359999999999999,271.1,0.003,13.62,2.0,3.0,0.0,23.97,9.83,359.8,0.0,1.166,1.247,1.06,1.113,1.254,1.057,1.138,143.7,143.6,1.411,152.5,0.288,0.0,26.46,25.53,26.08,-144.6,25.79,25.9,25.3,7.497999999999998,7.492000000000002,7.492000000000002,5.619,8.0,8.0,8.0,6.0,2.698,2.696,2.695,2.022,0.0,360.1,358.8,0.0,0.0,0.0,0.0,0.0,0.0,59.96,6000.0,26.93,-0.4629999999999999,7.0,11.18,11.99,12.27,157.0,25.56,27.18,27.49,26.55,25.92,25.08,25.92,27.93,26.18,26.91,27.75,27.82,21.45,21.46,60.0,34.0,43.0,25.72,0.0,263.1,28.22,2.0,3.519,-1.0,1.75,2.8,4903
2015-12-24 13:43:00,0.0,0.0,11.52,11.75,12.27,12.75,28.0,289763.0,16.0,0.998,75.59999999999998,59.5,60.0,10.26,9462.0,1373.0,1378.0,298597.0,10.57,-0.23,10.26,-1.0,-0.173,10.57,1.0,0.7229999999999999,270.0,272.0,273.7,273.2,0.818,272.0,0.7909999999999999,273.0,0.8359999999999999,271.1,-0.008,13.44,2.0,1.0,0.0,23.99,10.78,352.3,0.0,1.263,1.352,1.143,1.205,1.3430000000000002,1.127,1.226,153.6,153.4,1.5219999999999998,164.0,0.288,0.001,26.63,25.66,26.23,-124.5,25.92,25.98,25.44,8.349999999999998,8.359999999999998,8.359999999999998,6.263,8.0,8.0,8.0,6.0,2.944,2.945,2.945,2.207,0.0,352.4,351.3,0.0,0.0,0.0,0.0,0.0,0.0,59.96,6000.0,30.23,-0.498,7.0,12.38,13.16,13.44,168.2,25.62,27.31,27.6,26.7,26.15,25.24,26.07,28.07,26.34,27.06,27.87,27.93,21.49,21.48,60.0,34.0,43.0,25.83,0.0,264.8,37.3,2.0,3.519,-1.0,0.898,1.6,4903
2015-12-24 13:44:00,0.0,0.0,12.0,12.05,13.0,13.05,28.0,289763.0,16.0,0.998,75.59999999999998,59.5,60.0,10.79,9462.0,1373.0,1378.0,298597.0,11.1,-0.267,10.8,-1.0,-0.148,11.1,1.0,0.717,270.0,272.0,273.6,273.1,0.818,272.0,0.7909999999999999,273.0,0.8359999999999999,271.0,0.0149999999999999,13.44,2.0,3.0,0.0,23.99,11.31,350.2,0.0,1.328,1.4240000000000002,1.194,1.265,1.405,1.1740000000000002,1.2919999999999998,160.3,160.1,1.6,171.8,0.2899999999999999,0.001,26.78,25.81,26.34,-30.21,26.3,26.13,25.59,8.8,8.81,8.8,6.599,8.0,8.0,8.0,6.0,3.0860000000000003,3.087,3.0860000000000003,2.313,0.0,350.5,349.3,0.0,0.0,0.0,0.0,0.0,0.0,59.97,6000.0,31.68,-0.4929999999999999,7.0,13.03,13.8,14.09,175.7,25.8,27.5,27.77,26.89,26.31,25.45,26.26,28.24,26.56,27.22,28.05,28.09,21.56,21.55,59.15,34.0,43.0,25.98,0.0,270.0,27.8,2.0,3.519,-1.0,0.8529999999999999,1.7,4903
2015-12-24 13:45:00,0.0,0.0,12.5,12.93,13.0,13.93,29.0,289764.0,16.0,0.998,75.59999999999998,59.5,60.0,11.04,9462.0,1373.0,1378.0,298597.0,11.37,-0.27,11.04,-1.0,-0.162,11.38,1.0,0.707,270.0,272.0,273.7,273.1,0.818,272.0,0.7909999999999999,273.0,0.8359999999999999,271.0,0.003,13.62,2.0,3.0,0.0,24.0,11.6,353.9,0.0,1.3630000000000002,1.463,1.221,1.3019999999999998,1.443,1.202,1.335,164.3,164.0,1.645,176.4,0.2889999999999999,0.0,27.04,25.94,26.49,-76.83,26.72,26.26,25.69,8.91,8.91,8.91,6.679,8.0,8.0,8.0,6.0,3.155,3.157,3.155,2.365,0.0,354.2,352.9,0.0,0.0,0.0,0.0,0.0,0.0,59.97,6000.0,32.3,-0.495,7.0,13.37,14.14,14.44,180.1,26.06,27.68,27.95,27.07,26.42,25.63,26.43,28.43,26.75,27.44,28.25,28.27,21.54,21.63,57.82,34.0,43.0,26.21,0.0,281.7,19.88,2.0,3.519,-1.0,1.3119999999999998,2.3,4903
2015-12-24 13:46:00,0.0,0.0,13.0,13.0,13.62,14.0,29.0,289764.0,16.0,0.998,75.59999999999998,59.5,60.0,11.32,9462.0,1373.0,1378.0,298597.0,11.64,-0.11,11.32,-1.0,-0.3009999999999999,11.65,1.0,0.7279999999999999,270.0,272.0,273.6,273.0,0.818,272.0,0.7909999999999999,273.0,0.8359999999999999,271.0,0.003,13.62,2.0,3.0,0.0,24.01,11.91,363.8,0.0,1.404,1.507,1.262,1.346,1.501,1.25,1.39,170.5,170.1,1.709,183.1,0.2899999999999999,0.0,27.3,26.1,26.65,-48.68,26.86,26.42,25.89,8.87,8.87,8.88,6.653,8.0,8.0,8.0,6.0,3.2310000000000003,3.2310000000000003,3.232,2.422,0.0,364.1,362.7,0.0,0.0,0.0,0.0,0.0,0.0,59.95,6000.0,32.22,-0.46,7.0,13.7,14.49,14.77,187.6,26.18,27.84,28.13,27.25,26.61,25.78,26.63,28.6,26.93,27.63,28.42,28.46,21.56,21.67,58.78,34.0,43.0,26.43,0.0,253.5,23.51,2.0,3.519,-1.0,0.68,1.2,4903
2015-12-24 13:47:00,0.0,0.0,12.35,12.97,13.0,13.97,29.0,289764.0,16.0,0.999,75.59999999999998,59.5,60.0,11.04,9462.0,1373.0,1378.0,298598.0,11.37,-0.1119999999999999,11.04,-1.0,-0.283,11.38,1.0,0.7029999999999998,270.0,272.0,273.4,273.0,0.818,272.0,0.7909999999999999,272.8,0.8359999999999999,271.0,0.003,13.62,2.0,3.0,0.0,24.02,11.64,364.5,0.0,1.384,1.4880000000000002,1.242,1.328,1.479,1.228,1.368,167.7,167.5,1.685,180.2,0.2889999999999999,0.0,27.43,26.26,26.83,-27.75,26.96,26.55,26.05,8.67,8.66,8.66,6.497999999999999,9.0,8.0,9.0,6.0,3.162,3.159,3.159,2.37,0.0,364.8,363.4,0.0,0.0,0.0,0.0,0.0,0.0,59.95,6000.0,31.4,-0.44,7.0,13.37,14.16,14.42,184.2,26.43,28.08,28.33,27.45,26.86,26.05,26.84,28.81,27.19,27.82,28.62,28.65,21.64,21.58,59.1,34.0,43.0,26.5,0.0,272.4,25.6,2.0,3.519,-1.0,0.5529999999999999,0.9,4903
2015-12-24 13:48:00,0.0,0.0,12.95,13.0,13.53,14.0,29.0,289764.0,16.0,0.999,75.59999999999998,59.5,60.0,11.29,9462.0,1373.0,1378.0,298598.0,11.61,-0.133,11.29,-1.0,-0.2819999999999999,11.62,1.0,0.7229999999999999,270.0,272.0,273.5,273.0,0.818,272.0,0.7909999999999999,272.9,0.8359999999999999,271.0,0.003,13.62,2.0,3.0,0.0,24.04,11.9,363.4,0.0,1.3969999999999998,1.5019999999999998,1.253,1.342,1.497,1.245,1.383,169.6,169.3,1.712,183.0,0.2889999999999999,0.0,27.55,26.44,26.99,55.37,26.99,26.75,26.16,8.859999999999998,8.859999999999998,8.87,6.645,9.0,9.0,9.0,6.0,3.221,3.224,3.225,2.417,0.0,363.7,362.5,0.0,0.0,0.0,0.0,0.0,0.0,59.95,6000.0,32.23,-0.4629999999999999,7.0,13.66,14.45,14.73,187.6,26.69,28.27,28.52,27.66,27.09,26.25,27.05,28.95,27.31,27.95,28.77,28.85,21.63,21.62,60.0,34.47,43.0,26.65,0.0,240.7,36.48,2.0,3.519,-1.0,1.4369999999999998,2.4,4903
2015-12-24 13:49:00,0.0,0.0,12.87,12.88,13.22,13.88,29.0,289764.0,16.0,0.999,75.59999999999998,59.5,60.0,11.21,9462.0,1373.0,1378.0,298598.0,11.51,-0.168,11.2,-1.0,-0.256,11.51,1.0,0.7099999999999999,270.0,272.0,273.6,273.1,0.818,272.0,0.7909999999999999,272.9,0.8359999999999999,271.0,0.001,13.43,2.0,1.0,0.0,24.04,11.86,368.9,0.0,1.414,1.5219999999999998,1.269,1.362,1.525,1.268,1.409,172.0,171.8,1.742,185.7,0.2899999999999999,0.001,27.72,26.52,27.09,65.5,26.89,26.81,26.27,8.67,8.66,8.64,6.492000000000001,9.0,9.0,9.0,6.0,3.2030000000000003,3.198,3.1910000000000003,2.397,0.0,369.3,367.8,0.0,0.0,0.0,0.0,0.0,0.0,59.95,6000.0,31.72,-0.417,7.0,13.54,14.31,14.59,190.5,26.92,28.48,28.73,27.88,27.3,26.43,27.27,29.12,27.52,28.09,28.93,29.07,21.65,21.53,60.0,34.73,43.0,26.71,0.0,262.5,32.14,2.0,3.519,-1.0,1.807,2.8,4903
2015-12-24 13:50:00,0.0,0.0,12.0,12.0,13.0,13.0,29.0,289764.0,16.0,0.998,75.59999999999998,59.5,60.0,10.71,9462.0,1373.0,1378.0,298598.0,11.05,-0.215,10.71,-1.0,-0.201,11.06,1.0,0.7049999999999998,270.0,272.0,273.5,273.0,0.818,272.0,0.7909999999999999,272.8,0.8359999999999999,271.0,0.0069999999999999,13.63,2.0,3.0,0.0,24.06,11.35,371.6,0.0,1.394,1.4980000000000002,1.251,1.341,1.501,1.246,1.3869999999999998,169.4,169.0,1.714,182.5,0.2899999999999999,0.0,27.87,26.6,27.17,-36.77,26.99,26.91,26.31,8.29,8.29,8.279999999999998,6.21,9.0,9.0,9.0,6.0,3.08,3.0810000000000004,3.0780000000000003,2.309,0.0,371.8,370.3,0.0,0.0,0.0,0.0,0.0,0.0,59.96,6000.0,30.0,-0.402,7.0,12.98,13.75,14.04,187.3,26.99,28.59,28.85,28.03,27.24,26.54,27.42,29.22,27.56,28.1,29.05,29.21,21.64,21.59,59.57,34.42,43.0,26.88,0.0,273.2,25.72,2.0,3.519,-1.0,1.183,2.0,4903
2015-12-24 13:51:00,0.0,0.0,12.0,12.0,13.0,13.0,30.0,289765.0,16.0,0.998,75.59999999999998,59.5,60.0,10.56,9462.0,1373.0,1378.0,298598.0,10.88,-0.238,10.58,-1.0,-0.173,10.89,1.0,0.7199999999999999,270.0,272.0,273.3,273.0,0.818,272.0,0.7909999999999999,272.6,0.8359999999999999,271.0,0.003,13.62,2.0,3.0,0.0,24.07,11.18,372.8,0.0,1.381,1.484,1.243,1.332,1.492,1.24,1.3769999999999998,168.2,167.8,1.707,181.7,0.2899999999999999,0.0,27.96,26.68,27.25,99.1,26.96,27.04,26.4,8.13,8.12,8.12,6.087999999999999,9.0,9.0,9.0,6.0,3.03,3.03,3.029,2.271,0.0,373.0,371.7,0.0,0.0,0.0,0.0,0.0,0.0,59.97,6000.0,29.67,-0.402,7.0,12.8,13.54,13.83,186.7,27.08,28.72,28.99,28.14,27.48,26.7,27.53,29.32,27.65,28.16,29.15,29.35,21.65,21.59,57.72,34.02,43.0,26.97,0.0,249.3,17.69,2.0,3.519,-1.0,1.485,2.8,4903
2015-12-24 13:52:00,0.0,0.0,12.0,12.0,12.88,13.0,30.0,289765.0,16.0,0.998,75.59999999999998,59.5,60.0,10.46,9462.0,1373.0,1378.0,298598.0,10.79,-0.2369999999999999,10.47,-1.0,-0.152,10.8,1.0,0.7099999999999999,270.0,272.0,273.8,273.1,0.818,272.0,0.7909999999999999,273.0,0.8359999999999999,271.2,0.003,13.62,2.0,3.0,0.0,24.08,11.11,373.0,0.0,1.368,1.47,1.231,1.319,1.4780000000000002,1.23,1.3630000000000002,166.6,166.3,1.6969999999999998,180.8,0.2889999999999999,0.0,28.03,26.72,27.33,-151.7,26.91,27.09,26.46,8.06,8.06,8.06,6.042000000000001,9.0,9.0,9.0,6.0,3.006,3.005,3.008,2.254,0.0,373.0,372.0,0.0,0.0,0.0,0.0,0.0,0.0,59.97,6000.0,29.35,-0.4079999999999999,7.0,12.67,13.42,13.7,186.0,27.08,28.8,29.11,28.27,27.57,26.79,27.66,29.42,27.77,28.31,29.26,29.47,21.67,21.58,58.7,34.0,43.0,27.02,0.0,251.0,26.83,2.0,3.521,-1.0,1.643,2.3,4903
2015-12-24 13:53:00,0.0,0.0,12.0,12.0,12.9,13.0,30.0,289765.0,16.0,0.999,75.59999999999998,59.5,60.0,10.46,9462.0,1373.0,1378.0,298599.0,10.8,-0.218,10.46,-1.0,-0.188,10.8,1.0,0.7229999999999999,270.0,272.0,273.9,273.3,0.818,272.0,0.7909999999999999,273.0,0.8359999999999999,271.4,0.003,13.63,2.0,3.0,0.0,24.1,11.13,373.0,0.0,1.368,1.469,1.232,1.318,1.481,1.237,1.365,167.0,166.7,1.6980000000000002,181.1,0.2899999999999999,0.0,28.04,26.79,27.38,-134.7,26.89,27.14,26.59,8.08,8.07,8.06,6.047000000000001,9.0,9.0,9.0,6.0,3.013,3.012,3.007,2.256,0.0,373.1,372.0,0.0,0.0,0.0,0.0,0.0,0.0,59.96,6000.0,29.43,-0.405,7.0,12.67,13.45,13.7,186.5,27.15,28.85,29.16,28.29,27.52,26.77,27.66,29.54,27.85,28.43,29.37,29.52,21.71,21.55,59.0,34.0,43.0,27.11,0.0,262.9,22.99,2.0,3.519,-1.0,1.445,2.5,4903
2015-12-24 13:54:00,0.0,0.0,12.0,12.0,12.98,13.0,30.0,289765.0,16.0,0.998,75.59999999999998,59.5,60.0,10.66,9462.0,1373.0,1378.0,298599.0,11.0,-0.228,10.66,-1.0,-0.185,11.0,1.0,0.7269999999999999,270.0,272.0,274.0,273.1,0.818,272.0,0.7909999999999999,273.0,0.8359999999999999,271.1,0.004,13.62,2.0,3.0,0.0,24.1,11.31,372.3,0.0,1.376,1.479,1.241,1.329,1.497,1.256,1.381,168.5,168.1,1.7180000000000002,183.1,0.2889999999999999,0.0,28.14,26.83,27.43,-85.9,26.91,27.18,26.68,8.23,8.22,8.22,6.165,9.0,9.0,9.0,7.0,3.062,3.059,3.0610000000000004,2.295,0.0,372.3,371.1,0.0,0.0,0.0,0.0,0.0,0.0,59.96,6000.0,29.97,-0.4029999999999999,7.0,12.91,13.66,13.97,188.3,27.25,28.92,29.23,28.38,27.63,26.88,27.75,29.64,27.99,28.49,29.47,29.6,21.69,21.56,59.88,34.6,43.0,27.15,0.0,245.8,25.71,2.0,3.519,-1.0,1.912,2.6,4903
2015-12-24 13:55:00,0.0,0.0,12.0,12.0,12.93,13.0,30.0,289765.0,16.0,0.998,75.59999999999998,59.5,60.0,10.67,9462.0,1373.0,1378.0,298599.0,11.0,-0.26,10.68,-1.0,-0.159,11.0,1.0,0.7249999999999999,270.0,272.0,274.0,273.2,0.818,272.0,0.7909999999999999,273.0,0.8359999999999999,271.4,0.0,13.42,2.0,1.0,0.0,24.12,11.32,372.6,0.0,1.379,1.4780000000000002,1.243,1.328,1.501,1.26,1.381,169.1,168.8,1.719,183.5,0.291,0.001,28.24,26.92,27.51,-241.2,26.92,27.23,26.79,8.22,8.22,8.24,6.167000000000001,9.0,9.0,9.0,7.0,3.062,3.062,3.07,2.298,0.0,372.6,371.4,0.0,0.0,0.0,0.0,0.0,0.0,59.97,6000.0,29.9,-0.405,7.0,12.92,13.67,13.97,189.5,27.37,29.04,29.34,28.53,27.85,27.08,27.9,29.76,28.11,28.61,29.6,29.7,21.73,21.62,60.0,35.0,43.0,27.24,0.0,251.2,14.36,2.0,3.519,-1.0,1.212,1.8,4903
2015-12-24 13:56:00,0.0,0.0,12.4,12.6,13.17,13.6,31.0,289766.0,16.0,0.999,75.59999999999998,59.5,60.0,11.04,9462.0,1373.0,1378.0,298599.0,11.36,-0.2069999999999999,11.04,-1.0,-0.2069999999999999,11.36,1.0,0.7149999999999999,270.0,272.0,274.0,273.4,0.818,272.0,0.7909999999999999,273.0,0.8359999999999999,271.6,0.005,13.62,2.0,3.0,0.0,24.13,11.7,372.5,0.0,1.411,1.515,1.275,1.362,1.538,1.298,1.414,173.3,173.0,1.771,188.9,0.2899999999999999,0.0,28.42,27.05,27.62,-119.0,27.01,27.4,26.94,8.46,8.47,8.46,6.339,9.0,9.0,9.0,7.0,3.151,3.155,3.153,2.362,0.0,372.6,371.4,0.0,0.0,0.0,0.0,0.0,0.0,59.96,6000.0,31.0,-0.412,7.0,13.35,14.11,14.4,194.5,27.61,29.2,29.49,28.71,27.94,27.26,28.08,29.91,28.19,28.78,29.74,29.86,21.8,21.64,60.12,35.0,43.0,27.42,0.0,259.2,22.85,2.0,3.519,-1.0,1.032,1.4,4903
2015-12-24 13:57:00,0.0,0.0,11.0,11.03,12.0,12.03,31.0,289766.0,16.0,0.998,75.59999999999998,59.5,60.0,9.83,9462.0,1373.0,1378.0,298599.0,10.13,-0.163,9.840000000000002,-1.0,-0.186,10.13,1.0,0.717,270.0,272.0,274.0,273.2,0.818,272.0,0.7909999999999999,273.0,0.8359999999999999,271.1,0.003,13.63,2.0,3.0,0.0,24.16,10.42,374.9,0.0,1.338,1.435,1.209,1.288,1.446,1.217,1.3330000000000002,164.0,163.7,1.642,175.5,0.2889999999999999,0.0,28.48,27.09,27.77,-82.29999999999998,27.09,27.44,27.03,7.513,7.559999999999999,7.553,5.636,9.0,9.0,9.0,7.0,2.817,2.835,2.833,2.113,0.0,375.0,373.9,0.0,0.0,0.0,0.0,0.0,0.0,59.95,6000.0,27.22,-0.4129999999999999,7.0,11.85,12.61,12.91,180.1,27.63,29.28,29.59,28.87,28.17,27.44,28.26,30.01,28.33,28.84,29.84,29.95,21.82,21.63,57.9,35.0,43.05,27.4,0.0,257.1,22.94,2.0,3.519,-1.0,1.087,1.9,4903
2015-12-24 13:58:00,0.0,0.0,10.32,10.6,11.28,11.6,31.0,289766.0,16.0,0.998,75.59999999999998,59.5,60.0,9.45,9462.0,1373.0,1378.0,298600.0,9.72,-0.1719999999999999,9.45,-1.0,-0.161,9.72,1.0,0.717,270.0,272.0,274.0,273.2,0.818,272.0,0.7909999999999999,273.0,0.8359999999999999,271.1,0.003,13.62,2.0,3.0,0.0,24.16,10.02,375.9,0.0,1.317,1.415,1.182,1.261,1.4069999999999998,1.1740000000000002,1.298,160.0,159.7,1.611,172.3,0.2889999999999999,0.0,28.37,27.15,27.77,-25.19,27.09,27.49,27.02,7.242000000000002,7.236,7.22,5.425,9.0,9.0,9.0,7.0,2.7230000000000003,2.721,2.715,2.04,0.0,376.1,374.9,0.0,0.0,0.0,0.0,0.0,0.0,59.96,6000.0,26.1,-0.4079999999999999,7.0,11.33,12.11,12.4,176.0,27.82,29.32,29.63,28.98,28.27,27.62,28.38,30.05,28.31,28.82,29.87,30.02,21.79,21.63,58.05,35.0,43.4,27.4,0.0,238.3,14.8,2.0,3.519,-1.0,1.358,2.2,4903
2015-12-24 13:59:00,0.0,0.0,9.57,9.78,10.33,10.78,31.0,289766.0,16.0,0.997,75.59999999999998,59.5,60.0,8.689999999999998,9462.0,1373.0,1378.0,298600.0,8.98,-0.127,8.71,-1.0,-0.1669999999999999,8.98,1.0,0.707,270.0,272.0,274.0,273.1,0.818,272.0,0.7909999999999999,273.0,0.8359999999999999,271.0,0.003,13.62,2.0,3.0,0.0,24.18,9.25,377.1,0.0,1.268,1.364,1.135,1.213,1.341,1.114,1.243,153.3,153.1,1.5319999999999998,164.2,0.2889999999999999,0.0,28.34,27.15,27.77,25.07,27.09,27.48,27.04,6.681,6.671,6.687,5.017,9.0,9.0,9.0,7.0,2.52,2.516,2.523,1.893,0.0,377.2,376.1,0.0,0.0,0.0,0.0,0.0,0.0,59.95,6000.0,24.2,-0.4029999999999999,7.0,10.43,11.2,11.49,166.9,27.77,29.32,29.68,29.03,28.21,27.6,28.43,30.04,28.21,28.85,29.86,30.05,21.82,21.67,59.0,35.0,43.47,27.41,0.0,250.1,36.09,2.0,3.519,-1.0,1.113,1.9,4903
2015-12-24 14:00:00,0.0,0.0,8.88,9.0,9.58,10.0,31.0,289766.0,16.0,0.997,75.59999999999998,59.5,60.0,8.01,9462.0,1373.0,1378.0,298600.0,8.279999999999998,-0.12,8.029999999999998,-1.0,-0.1419999999999999,8.279999999999998,1.0,0.7079999999999999,270.0,272.0,273.8,273.0,0.818,272.0,0.7909999999999999,273.0,0.8359999999999999,271.0,0.003,13.62,2.0,3.0,0.0,24.19,8.54,377.9,0.0,1.217,1.3090000000000002,1.086,1.162,1.278,1.054,1.185,146.7,146.5,1.4509999999999998,155.9,0.2889999999999999,0.001,28.26,27.1,27.75,-96.1,27.04,27.48,27.05,6.19,6.211,6.193,4.638,9.0,9.0,9.0,7.0,2.34,2.3480000000000003,2.342,1.754,0.0,378.1,376.8,0.0,0.0,0.0,0.0,0.0,0.0,59.95,6000.0,22.17,-0.4,7.0,9.57,10.36,10.66,158.1,27.93,29.3,29.7,29.01,28.05,27.55,28.4,30.02,28.17,28.81,29.82,30.06,21.81,21.65,59.0,35.0,43.85,27.32,0.0,233.7,21.9,2.0,3.519,-1.0,1.42,2.2,4903
2015-12-24 14:01:00,0.0,0.0,8.07,8.38,9.0,9.38,31.0,289766.0,16.0,0.996,75.59999999999998,59.5,60.0,7.553,9462.0,1373.0,1378.0,298600.0,7.819,-0.0379999999999999,7.58,-1.0,-0.1789999999999999,7.821,1.0,0.698,270.0,272.0,273.7,273.0,0.818,272.0,0.7909999999999999,272.9,0.8359999999999999,271.0,0.003,13.42,2.0,3.0,0.0,24.21,8.09,376.2,0.0,1.152,1.238,1.028,1.101,1.2009999999999998,0.979,1.112,138.1,138.0,1.3630000000000002,146.5,0.2889999999999999,0.001,28.14,27.01,27.67,-141.0,26.89,27.41,26.99,5.892,5.884,5.888999999999999,4.417,9.0,9.0,9.0,7.0,2.218,2.215,2.217,1.663,0.0,376.4,375.2,0.0,0.0,0.0,0.0,0.0,0.0,59.94,6000.0,21.17,-0.402,7.0,9.01,9.81,10.09,148.4,27.83,29.26,29.71,28.98,27.95,27.58,28.38,30.01,28.22,28.8,29.83,30.04,21.8,21.64,59.0,35.0,44.0,27.36,0.0,248.0,31.3,2.0,3.519,-1.0,1.187,2.2,4903
2015-12-24 14:02:00,0.0,0.0,6.9,7.25,7.832999999999998,8.25,31.0,289766.0,16.0,0.994,75.59999999999998,59.5,60.0,6.608,9462.0,1373.0,1378.0,298600.0,6.841,-0.062,6.635,-1.0,-0.127,6.8420000000000005,1.0,0.6999999999999998,270.0,272.0,273.7,273.0,0.818,272.0,0.7909999999999999,273.0,0.8359999999999999,271.0,0.004,13.62,2.0,3.0,0.0,24.22,7.09,376.6,0.0,1.055,1.136,0.938,1.01,1.087,0.8740000000000001,1.011,125.6,125.5,1.243,133.8,0.288,0.0,28.01,26.99,27.56,-151.7,26.83,27.35,26.96,5.197,5.2010000000000005,5.194,3.894,9.0,9.0,9.0,7.0,1.958,1.959,1.957,1.467,0.0,376.8,375.6,0.0,0.0,0.0,0.0,0.0,0.0,59.94,6000.0,18.52,-0.4099999999999999,7.0,7.815,8.62,8.91,135.0,27.82,29.21,29.65,28.93,28.1,27.53,28.33,29.95,28.07,28.68,29.77,29.99,21.8,21.61,59.0,35.0,44.0,27.2,0.0,244.2,11.18,2.0,3.519,-1.0,1.6780000000000002,2.2,4903
2015-12-24 14:03:00,0.0,0.0,5.832999999999999,6.0,6.8,7.0,31.0,289766.0,16.0,0.993,75.59999999999998,59.5,60.0,5.6370000000000005,9462.0,1373.0,1378.0,298600.0,5.856,-0.0819999999999999,5.67,-1.0,-0.0709999999999999,5.856,1.0,0.707,270.0,272.0,273.5,273.0,0.818,272.0,0.7909999999999999,272.8,0.8359999999999999,271.0,0.003,13.62,2.0,3.0,0.0,24.22,6.077000000000001,377.4,0.0,0.951,1.024,0.8449999999999999,0.912,0.981,0.784,0.919,114.1,114.1,1.118,121.0,0.2869999999999999,0.0,27.83,26.84,27.41,-142.3,26.68,27.15,26.81,4.495,4.495,4.496,3.369,9.0,9.0,9.0,7.0,1.6969999999999998,1.6969999999999998,1.6969999999999998,1.272,0.0,377.4,376.4,0.0,0.0,0.0,0.0,0.0,0.0,59.94,6000.0,15.7,-0.4079999999999999,7.0,6.627999999999999,7.422,7.717,121.9,27.67,29.08,29.55,28.83,27.97,27.41,28.23,29.81,27.9,28.53,29.62,29.87,21.74,21.6,59.0,35.0,44.0,27.09,0.0,237.6,17.62,2.0,3.519,-1.0,2.027,2.7,4903
2015-12-24 14:04:00,0.0,0.0,4.767,5.033,5.767,6.033,32.0,289767.0,16.0,0.987,75.59999999999998,59.5,60.0,4.85,9462.0,1373.0,1378.0,298600.0,5.059,-0.108,4.908,-0.1,-0.008,5.059,1.0,0.7219999999999999,270.0,272.0,274.0,273.1,0.818,272.0,0.7909999999999999,273.0,0.8359999999999999,271.0,0.003,13.62,2.0,3.0,0.0,24.25,5.263,376.8,0.0,0.8479999999999999,0.911,0.753,0.813,0.88,0.704,0.8299999999999998,103.0,103.1,0.997,108.5,0.2869999999999999,0.0,27.65,26.65,27.21,33.3,26.45,27.0,26.66,3.943,3.946,3.934,2.947,9.0,9.0,9.0,7.0,1.486,1.487,1.482,1.111,0.0,376.8,375.8,0.0,0.0,0.0,0.0,0.0,0.0,59.95,6000.0,13.57,-0.4079999999999999,7.0,5.672999999999999,6.448,6.752000000000001,109.7,27.48,28.92,29.37,28.69,27.84,27.31,28.1,29.64,27.72,28.25,29.45,29.71,21.72,21.58,59.0,35.0,44.0,26.99,0.0,242.1,16.68,2.0,3.519,-1.0,1.628,2.2,4903
2015-12-24 14:05:00,0.0,0.0,4.0,4.033,5.0,5.033,32.0,289767.0,16.0,0.983,75.59999999999998,59.5,60.0,4.147,9462.0,1373.0,1378.0,298600.0,4.351,-0.188,4.225,1.0,0.0749999999999999,4.352,1.0,0.717,270.0,272.0,274.0,273.1,0.818,272.0,0.7909999999999999,273.0,0.8359999999999999,271.0,0.003,13.62,2.0,3.0,0.0,24.26,4.533,375.5,0.0,0.7509999999999998,0.807,0.667,0.7179999999999999,0.782,0.627,0.7340000000000001,92.0,92.1,0.887,96.9,0.2869999999999999,0.0,27.49,26.48,27.0,-93.4,26.28,26.84,26.52,3.448,3.47,3.449,2.574,9.0,9.0,9.0,7.0,1.295,1.3030000000000002,1.296,0.967,0.0,375.6,374.5,0.0,0.0,0.0,0.0,0.0,0.0,59.96,6000.0,11.77,-0.422,7.0,4.82,5.595,5.91,98.1,27.28,28.72,29.2,28.54,27.64,27.15,27.95,29.43,27.57,28.05,29.25,29.54,21.72,21.6,59.0,35.0,44.0,26.77,0.0,251.1,25.44,2.0,3.519,-1.0,1.415,2.3,4903
2015-12-24 14:06:00,0.0,0.0,3.267,3.5,4.133,4.5,32.0,289767.0,16.0,0.939,75.59999999999998,59.5,60.0,3.483,9462.0,1373.0,1378.0,298600.0,3.679,-0.2099999999999999,3.607,0.999,0.119,3.681,1.0,0.7299999999999999,270.0,272.0,274.0,273.0,0.818,272.0,0.7909999999999999,273.0,0.8359999999999999,271.0,-0.005,13.41,2.0,1.0,0.0,24.28,3.867,374.6,0.0,0.662,0.7109999999999999,0.587,0.633,0.682,0.546,0.632,80.79999999999998,81.0,0.782,85.79999999999998,0.286,0.001,27.18,26.34,26.88,-102.0,26.02,26.66,26.37,2.972,2.99,2.991,2.234,9.0,9.0,9.0,7.0,1.113,1.12,1.12,0.837,0.0,374.7,373.6,0.0,0.0,0.0,0.0,0.0,0.0,59.96,6000.0,10.05,-0.422,7.0,4.042,4.783,5.117,87.0,27.18,28.46,29.02,28.37,27.47,26.98,27.78,29.24,27.31,27.86,29.05,29.36,21.72,21.6,59.0,35.0,44.0,26.57,0.0,245.8,25.27,2.0,3.519,-1.0,1.652,2.4,4903
2015-12-24 14:07:00,0.0,0.0,2.95,3.0,3.867,4.0,32.0,289767.0,16.0,0.0,75.59999999999998,59.5,60.0,2.9530000000000003,9462.0,1373.0,1378.0,298600.0,3.119,-0.2349999999999999,3.067,0.999,0.165,3.124,1.0,0.7199999999999999,270.0,272.0,274.0,273.1,0.818,272.0,0.7909999999999999,273.0,0.8359999999999999,271.3,0.012,13.62,2.0,3.0,0.0,24.28,3.29,375.8,0.0,0.6099999999999999,0.652,0.54,0.5809999999999998,0.623,0.502,0.5799999999999998,74.54,74.86,0.7179999999999999,79.29999999999998,0.286,0.001,26.97,26.13,26.67,62.77,25.88,26.42,26.19,2.587,2.582,2.595,1.937,9.0,9.0,9.0,7.0,0.972,0.971,0.975,0.7279999999999999,0.0,375.9,374.8,0.0,0.0,0.0,0.0,0.0,0.0,59.96,6000.0,8.33,-0.422,7.0,3.383,4.145,4.463,80.7,26.77,28.19,28.77,28.15,27.25,26.71,27.56,28.99,27.09,27.62,28.81,29.12,21.71,21.6,59.0,35.0,44.0,26.46,0.0,280.1,30.52,2.0,3.519,-1.0,0.748,1.5,4903
2015-12-24 14:08:00,0.0,0.0,2.717,3.0,3.7,4.0,32.0,289767.0,16.0,0.0,75.59999999999998,59.5,60.0,2.8680000000000003,9462.0,1373.0,1378.0,298600.0,3.026,-0.2069999999999999,2.955,0.999,0.132,3.029,1.0,0.7149999999999999,270.0,272.0,273.8,273.0,0.818,272.0,0.7909999999999999,273.0,0.8359999999999999,271.1,0.003,13.62,2.0,3.0,0.0,24.3,3.193,376.5,0.0,0.6019999999999999,0.6409999999999999,0.5379999999999999,0.574,0.623,0.5,0.567,74.69,74.90999999999998,0.7059999999999998,78.43,0.286,0.0,26.83,25.98,26.46,3.424,25.66,26.25,26.0,2.5380000000000003,2.52,2.513,1.889,9.0,9.0,9.0,7.0,0.956,0.949,0.946,0.7109999999999999,0.0,376.5,375.5,0.0,0.0,0.0,0.0,0.0,0.0,59.96,6000.0,8.0,-0.4199999999999999,7.0,3.253,4.048,4.347,79.68,26.52,27.95,28.5,27.91,27.09,26.43,27.33,28.73,26.83,27.33,28.55,28.85,21.66,21.6,58.33,35.0,44.0,26.32,0.0,298.9,17.59,2.0,3.519,-1.0,1.56,3.1,4903
2015-12-24 14:09:00,0.0,0.0,2.65,3.0,3.6,4.0,32.0,289767.0,16.0,0.0,75.59999999999998,59.5,60.0,2.863,9462.0,1373.0,1378.0,298601.0,3.023,-0.218,2.9530000000000003,0.965,0.148,3.027,1.0,0.712,270.0,272.0,274.0,273.2,0.818,272.0,0.7909999999999999,273.0,0.8359999999999999,271.4,0.003,13.62,2.0,3.0,0.0,24.31,3.177,376.1,0.0,0.5929999999999999,0.633,0.537,0.573,0.62,0.4899999999999999,0.561,74.56999999999998,74.86,0.695,77.36,0.286,0.0,26.66,25.85,26.31,97.0,25.54,26.1,25.85,2.53,2.528,2.516,1.893,9.0,9.0,9.0,7.0,0.952,0.951,0.946,0.712,0.0,376.2,375.0,0.0,0.0,0.0,0.0,0.0,0.0,59.96,6000.0,8.0,-0.4229999999999999,7.0,3.26,4.04,4.345,78.42,26.26,27.75,28.28,27.66,26.78,26.16,27.06,28.5,26.59,27.16,28.32,28.63,21.63,21.59,58.0,35.0,44.0,26.16,0.0,267.8,27.68,2.0,3.519,-1.0,0.758,1.3,4903
2015-12-24 14:10:00,0.0,0.0,2.017,2.5,3.067,3.5,32.0,289767.0,16.0,0.0,75.59999999999998,59.5,60.0,2.637,9462.0,1373.0,1378.0,298601.0,2.835,-0.148,2.798,0.999,0.1119999999999999,2.837,1.0,0.7229999999999999,270.0,272.0,273.9,273.0,0.818,272.0,0.7909999999999999,273.0,0.8359999999999999,271.0,0.003,13.62,2.0,3.0,0.0,24.33,2.96,376.3,0.0,0.571,0.6099999999999999,0.515,0.5489999999999999,0.5929999999999999,0.4699999999999999,0.546,71.68,71.94,0.6709999999999999,75.01999999999998,0.286,0.0,26.52,25.67,26.17,-89.4,25.4,25.94,25.67,2.388,2.379,2.387,1.7919999999999998,9.0,9.0,9.0,7.0,0.899,0.8959999999999999,0.899,0.675,0.0,376.5,375.2,0.0,0.0,0.0,0.0,0.0,0.0,59.95,6000.0,7.55,-0.4199999999999999,7.0,3.032,3.828,4.12,75.94,26.11,27.56,28.07,27.42,26.69,25.91,26.81,28.28,26.44,26.97,28.1,28.41,21.66,21.57,58.0,35.0,44.0,26.0,0.0,250.3,10.09,2.0,3.519,-1.0,1.098,1.8,4903
2015-12-24 14:11:00,0.0,0.0,2.233,2.7,3.317,3.7,32.0,289767.0,16.0,0.0,75.59999999999998,59.5,60.0,2.732,9462.0,1373.0,1378.0,298601.0,2.918,-0.138,2.88,0.999,0.0919999999999999,2.92,1.0,0.7199999999999999,270.0,272.0,273.8,273.0,0.818,272.0,0.7909999999999999,273.0,0.8359999999999999,271.0,0.003,13.62,2.0,3.0,0.0,24.33,3.042,376.0,0.0,0.573,0.6109999999999999,0.513,0.544,0.5899999999999999,0.4729999999999999,0.545,71.55,71.83,0.674,75.70999999999998,0.286,0.0,26.34,25.58,26.05,-161.4,25.29,25.81,25.56,2.446,2.449,2.446,1.831,9.0,9.0,9.0,7.0,0.92,0.922,0.92,0.689,0.0,376.3,375.0,0.0,0.0,0.0,0.0,0.0,0.0,59.95,6000.0,7.732999999999999,-0.4199999999999999,7.0,3.14,3.932,4.21,76.81,26.06,27.42,27.91,27.19,26.35,25.64,26.58,28.09,26.29,26.79,27.91,28.26,21.68,21.61,57.7,35.0,44.0,25.83,0.0,262.9,20.75,2.0,3.519,-1.0,0.915,1.4,4903
2015-12-24 14:12:00,0.0,0.0,3.233,3.483,4.133,4.4830000000000005,32.0,289767.0,16.0,0.894,75.59999999999998,59.5,60.0,3.5380000000000003,9462.0,1373.0,1378.0,298601.0,3.73,-0.165,3.622,1.0,0.0909999999999999,3.731,1.0,0.7149999999999999,270.0,272.0,273.8,273.3,0.818,272.0,0.7909999999999999,273.0,0.8359999999999999,271.4,-0.001,13.35,2.0,1.0,0.0,24.34,3.902,372.7,0.0,0.624,0.6659999999999999,0.5579999999999999,0.5889999999999999,0.636,0.512,0.5749999999999998,76.95,77.2,0.7340000000000001,82.29999999999998,0.2869999999999999,0.001,26.13,25.46,25.95,9.52,25.14,25.71,25.44,3.0580000000000003,3.0380000000000003,3.051,2.2880000000000003,9.0,9.0,9.0,7.0,1.14,1.133,1.137,0.8529999999999999,0.0,372.9,371.6,0.0,0.0,0.0,0.0,0.0,0.0,59.96,6000.0,10.15,-0.435,7.0,4.09,4.865,5.163,83.29999999999998,25.71,27.25,27.74,26.98,26.17,25.4,26.35,27.92,26.13,26.64,27.73,28.08,21.67,21.6,57.0,35.0,44.0,25.67,0.0,266.6,19.57,2.0,3.519,-1.0,1.31,2.2,4903
2015-12-24 14:13:00,0.0,0.0,3.0,3.217,4.0,4.217,32.0,289767.0,16.0,0.974,75.59999999999998,59.5,60.0,3.512,9462.0,1373.0,1378.0,298601.0,3.716,-0.11,3.615,1.0,0.049,3.717,1.0,0.7129999999999999,270.1,272.1,274.0,273.8,0.818,272.5,0.7909999999999999,273.0,0.8359999999999999,272.0,0.0069999999999999,13.62,2.0,3.0,0.0,24.36,3.878,376.0,0.0,0.6509999999999999,0.695,0.5799999999999998,0.6169999999999999,0.664,0.5329999999999999,0.6139999999999999,80.09999999999998,80.29999999999998,0.767,85.9,0.286,0.0,26.01,25.43,25.89,-86.79999999999998,25.13,25.62,25.28,2.997,2.994,3.0010000000000003,2.256,9.0,9.0,9.0,7.0,1.128,1.126,1.129,0.849,0.0,376.2,374.9,0.0,0.0,0.0,0.0,0.0,0.0,59.95,6000.0,9.98,-0.4149999999999999,7.0,4.067,4.837,5.135,86.79999999999998,25.53,27.01,27.52,26.75,25.95,25.17,26.13,27.72,25.99,26.44,27.55,27.85,21.61,21.57,57.0,35.0,44.0,25.6,0.0,276.4,22.24,2.0,3.519,-1.0,1.328,2.1,4903
2015-12-24 14:14:00,0.0,0.0,3.0,3.0,4.0,4.0,32.0,289767.0,16.0,0.517,75.59999999999998,59.5,60.0,3.167,9462.0,1373.0,1378.0,298601.0,3.343,-0.123,3.273,1.0,0.085,3.344,1.0,0.7269999999999999,270.2,272.1,274.0,273.9,0.818,272.7,0.7909999999999999,273.0,0.8359999999999999,272.0,0.004,13.62,2.0,3.0,0.0,24.36,3.517,379.6,0.0,0.645,0.69,0.574,0.6149999999999999,0.6679999999999999,0.545,0.637,80.59999999999998,80.79999999999998,0.768,86.0,0.286,0.0,25.98,25.33,25.79,-179.8,25.03,25.53,25.24,2.7110000000000003,2.717,2.715,2.036,9.0,9.0,9.0,7.0,1.029,1.031,1.031,0.773,0.0,379.6,378.5,0.0,0.0,0.0,0.0,0.0,0.0,59.95,6000.0,8.92,-0.407,7.0,3.627,4.408,4.72,86.79999999999998,25.35,26.85,27.36,26.65,25.93,25.13,26.03,27.57,25.87,26.35,27.39,27.69,21.63,21.54,57.0,35.0,44.0,25.52,0.0,253.6,18.3,2.0,3.519,-1.0,1.045,1.6,4903
2015-12-24 14:15:00,0.0,0.0,2.367,2.633,3.333,3.633,32.0,289767.0,16.0,0.0,75.59999999999998,59.5,60.0,2.7230000000000003,9462.0,1373.0,1378.0,298601.0,2.897,-0.223,2.855,0.998,0.161,2.902,1.0,0.7379999999999999,270.2,272.2,274.0,274.0,0.818,272.5,0.7909999999999999,273.0,0.8359999999999999,272.0,0.003,13.62,2.0,3.0,0.0,24.38,3.062,380.5,0.0,0.6049999999999999,0.648,0.537,0.577,0.634,0.528,0.6069999999999999,76.65,76.86,0.7259999999999999,81.59999999999998,0.286,0.0,25.83,25.24,25.73,2.601,24.98,25.52,25.14,2.399,2.398,2.388,1.7990000000000002,9.0,9.0,9.0,7.0,0.913,0.912,0.908,0.685,0.0,380.5,379.5,0.0,0.0,0.0,0.0,0.0,0.0,59.96,6000.0,7.567,-0.4079999999999999,7.0,3.12,3.885,4.188,82.09999999999998,25.27,26.77,27.27,26.58,25.91,25.07,25.97,27.48,25.83,26.29,27.3,27.59,21.64,21.55,57.0,35.0,44.0,25.49,0.0,266.2,17.14,2.0,3.519,-1.0,1.035,1.8,4903
2015-12-24 14:16:00,0.0,0.0,2.0,2.0,3.0,3.0,32.0,289767.0,16.0,0.0,75.59999999999998,59.5,60.0,2.4,9462.0,1373.0,1378.0,298601.0,2.579,-0.1449999999999999,2.555,0.999,0.1169999999999999,2.582,1.0,0.748,270.1,272.1,274.0,274.0,0.818,272.4,0.7909999999999999,273.0,0.8359999999999999,272.0,0.003,13.62,2.0,3.0,0.0,24.39,2.74,380.9,0.0,0.57,0.6099999999999999,0.506,0.5429999999999999,0.6009999999999999,0.513,0.577,72.98999999999998,73.23999999999998,0.687,77.59999999999998,0.286,0.0,25.77,25.18,25.7,-33.94,24.77,25.42,25.11,2.182,2.1790000000000003,2.188,1.628,9.0,9.0,9.0,7.0,0.8309999999999998,0.8299999999999998,0.8329999999999999,0.62,0.0,380.8,379.9,0.0,0.0,0.0,0.0,0.0,0.0,59.95,6000.0,7.0,-0.402,7.0,2.725,3.528,3.785,78.22,25.32,26.68,27.16,26.49,25.8,24.99,25.87,27.37,25.72,26.17,27.2,27.49,21.67,21.54,56.65,35.0,44.0,25.38,0.0,278.5,49.49,2.0,3.519,-1.0,0.587,1.7,4903
2015-12-24 14:17:00,0.0,0.0,1.967,2.0,2.75,3.0,32.0,289767.0,16.0,0.0,75.59999999999998,59.5,60.0,2.168,9462.0,1373.0,1378.0,298601.0,2.317,-0.2119999999999999,2.287,0.997,0.1769999999999999,2.324,1.0,0.758,270.3,272.3,274.0,274.0,0.818,272.7,0.7909999999999999,273.0,0.8359999999999999,272.0,0.003,13.62,2.0,3.0,0.0,24.39,2.478,381.8,0.0,0.5539999999999999,0.592,0.4929999999999999,0.527,0.5859999999999999,0.51,0.564,71.34,71.58,0.667,75.58,0.286,0.0,25.66,25.08,25.6,-50.49,24.66,25.34,25.01,2.003,1.978,1.984,1.493,9.0,9.0,9.0,7.0,0.765,0.755,0.758,0.57,0.0,381.8,380.6,0.0,0.0,0.0,0.0,0.0,0.0,59.96,6000.0,6.25,-0.4,7.0,2.415,3.167,3.462,76.11,25.22,26.6,27.08,26.42,25.8,24.94,25.79,27.26,25.64,26.05,27.11,27.39,21.67,21.54,56.0,35.0,44.0,25.29,0.0,251.9,36.0,2.0,3.519,-1.0,0.92,1.7,4903
2015-12-24 14:18:00,0.0,0.0,1.05,1.383,2.0,2.383,32.0,289767.0,16.0,0.0,75.59999999999998,59.5,60.0,1.663,9462.0,1373.0,1378.0,298601.0,1.806,-0.1719999999999999,1.81,0.994,0.1789999999999999,1.815,1.0,0.748,270.0,272.0,274.0,273.9,0.818,272.1,0.7909999999999999,273.0,0.8359999999999999,272.0,0.002,13.34,2.0,1.0,0.0,24.39,1.967,383.3,0.0,0.519,0.556,0.462,0.497,0.55,0.4789999999999999,0.53,67.12,67.39,0.626,71.1,0.286,0.001,25.51,25.0,25.5,48.24,24.61,25.21,24.91,1.616,1.625,1.607,1.214,9.0,9.0,9.0,7.0,0.6189999999999999,0.623,0.6159999999999999,0.465,0.0,383.3,382.1,0.0,0.0,0.0,0.0,0.0,0.0,59.96,6000.0,4.817,-0.4,7.0,1.898,2.592,2.8480000000000003,71.39,25.14,26.52,26.99,26.36,25.74,24.88,25.72,27.14,25.51,25.97,26.99,27.3,21.64,21.53,56.0,35.0,44.0,25.14,0.0,264.2,26.39,2.0,3.519,-1.0,0.77,1.6,4903
2015-12-24 14:19:00,0.0,0.0,1.0,1.0,1.383,2.0,32.0,289767.0,16.0,0.0,75.59999999999998,59.5,60.0,1.137,9462.0,1373.0,1378.0,298601.0,1.268,-0.23,1.332,0.982,0.2429999999999999,1.291,1.0,0.748,270.0,272.0,274.0,273.8,0.818,272.0,0.7909999999999999,273.0,0.8359999999999999,272.0,0.004,13.62,2.0,3.0,0.0,24.41,1.415,383.5,0.0,0.461,0.4929999999999999,0.411,0.442,0.4889999999999999,0.4239999999999999,0.471,60.33,60.61,0.5579999999999999,63.74,0.2849999999999999,0.0,25.38,24.82,25.36,419.2,24.53,25.08,24.81,1.258,1.252,1.256,0.945,9.0,9.0,9.0,7.0,0.482,0.4799999999999999,0.482,0.362,0.0,383.4,382.3,0.0,0.0,0.0,0.0,0.0,0.0,59.96,6000.0,3.283,-0.4,7.0,1.325,1.983,2.247,63.96,24.99,26.34,26.84,26.17,25.44,24.7,25.51,26.95,25.29,25.83,26.82,27.15,21.59,21.55,56.0,35.0,44.0,24.99,0.0,265.3,41.45,2.0,3.519,-1.0,1.3219999999999998,2.0,4903
2015-12-24 14:20:00,0.0,0.0,0.283,0.5829999999999999,1.0,1.567,32.0,289767.0,16.0,0.0,75.59999999999998,59.5,60.0,0.902,9462.0,1373.0,1378.0,298601.0,1.042,-0.1419999999999999,1.128,0.983,0.193,1.06,1.0,0.763,270.0,272.0,274.0,273.5,0.818,272.0,0.7909999999999999,273.0,0.8359999999999999,271.8,0.003,13.62,2.0,3.0,0.0,24.42,1.165,382.8,0.0,0.4189999999999999,0.4479999999999999,0.374,0.4,0.444,0.3829999999999999,0.4239999999999999,55.28,55.57,0.507,58.51,0.2849999999999999,0.0,25.1,24.53,25.13,-18.82,24.28,24.88,24.57,1.112,1.096,1.104,0.834,10.0,10.0,10.0,7.0,0.4259999999999999,0.4189999999999999,0.4229999999999999,0.319,0.0,382.8,381.4,0.0,0.0,0.0,0.0,0.0,0.0,59.95,6000.0,2.9,-0.4,7.0,1.088,1.737,2.007,58.9,24.52,25.91,26.47,25.67,25.08,24.35,25.01,26.54,24.92,25.47,26.35,26.63,21.55,21.49,55.32,35.0,44.0,24.67,0.0,260.4,18.07,2.0,3.519,-1.0,1.358,2.1,4903
2015-12-24 14:21:00,0.0,0.0,0.0,0.0,1.0,1.0,32.0,289767.0,16.0,0.0,75.59999999999998,59.5,60.0,0.693,9462.0,1373.0,1378.0,298601.0,0.8079999999999999,-0.1,0.997,0.98,0.1639999999999999,0.824,1.0,0.758,270.0,272.0,274.0,273.0,0.818,272.0,0.7909999999999999,273.0,0.8359999999999999,271.2,0.003,13.62,2.0,3.0,0.0,24.42,0.937,383.0,0.0,0.386,0.412,0.3449999999999999,0.3679999999999999,0.4079999999999999,0.3489999999999999,0.386,51.2,51.51,0.467,54.26,0.2839999999999999,0.0,24.65,24.13,24.8,-14.79,23.79,24.39,24.26,0.936,0.945,0.94,0.7059999999999998,10.0,10.0,10.0,7.0,0.3579999999999999,0.362,0.3599999999999999,0.27,0.0,382.8,381.5,0.0,0.0,0.0,0.0,0.0,0.0,59.95,6000.0,2.0,-0.397,7.0,0.91,1.528,1.7519999999999998,54.44,23.99,25.33,25.81,24.94,24.53,23.75,24.26,25.89,24.39,24.92,25.72,25.98,21.54,21.44,55.0,35.0,44.0,24.22,0.0,279.6,19.33,2.0,3.519,-1.0,1.218,3.2,4903
2015-12-24 14:22:00,0.0,0.0,0.0,0.0,1.0,1.0,32.0,289767.0,16.0,0.0,75.59999999999998,59.5,60.0,0.505,9462.0,1373.0,1378.0,298601.0,0.644,-0.122,0.878,0.957,0.192,0.672,1.0,0.772,270.0,272.0,274.0,273.2,0.818,272.0,0.7909999999999999,273.0,0.8359999999999999,271.6,0.003,13.62,2.0,3.0,0.0,24.42,0.77,382.4,0.0,0.3529999999999999,0.376,0.316,0.3379999999999999,0.373,0.315,0.3479999999999999,47.23,47.6,0.4259999999999999,50.03,0.2839999999999999,0.0,24.14,23.63,24.35,-141.6,23.41,23.96,23.85,0.837,0.8379999999999999,0.8379999999999999,0.623,10.0,10.0,10.0,7.0,0.32,0.32,0.321,0.238,0.0,382.4,381.4,0.0,0.0,0.0,0.0,0.0,0.0,59.95,6000.0,1.867,-0.4,7.0,0.875,1.385,1.615,49.93,23.5,24.66,25.02,24.31,24.01,23.18,23.65,25.19,23.76,24.38,25.06,25.26,21.48,21.42,55.0,35.0,44.0,23.74,0.0,268.6,21.03,2.0,3.519,-1.0,1.632,2.6,4903
2015-12-24 14:23:00,0.0,0.0,0.0,0.0,1.0,1.0,32.0,289767.0,16.0,0.0,75.59999999999998,59.5,60.0,0.512,9462.0,1373.0,1378.0,298601.0,0.669,-0.1499999999999999,0.887,0.958,0.198,0.698,1.0,0.75,270.0,272.0,274.0,273.0,0.818,272.0,0.7909999999999999,273.0,0.8359999999999999,271.1,0.002,13.34,2.0,1.0,0.0,24.42,0.8029999999999999,380.9,0.0,0.3279999999999999,0.3489999999999999,0.2919999999999999,0.312,0.341,0.28,0.312,43.75,44.09,0.395,46.81,0.283,0.001,23.69,23.26,23.89,-37.86,23.08,23.52,23.48,0.844,0.8449999999999999,0.8579999999999999,0.635,10.0,10.0,10.0,7.0,0.322,0.322,0.327,0.2419999999999999,0.0,380.9,379.9,0.0,0.0,0.0,0.0,0.0,0.0,59.95,6000.0,2.0,-0.4,7.0,0.8579999999999999,1.398,1.618,46.78,23.15,24.22,24.52,23.86,23.65,22.8,23.22,24.68,23.35,23.94,24.56,24.75,21.5,21.44,55.0,35.0,44.0,23.31,0.0,243.3,9.3,2.0,3.519,-1.0,1.675,2.6,4903
2015-12-24 14:24:00,0.0,0.0,0.0,0.0,1.0,1.0,32.0,289767.0,16.0,0.0,75.59999999999998,59.5,60.0,0.518,9462.0,1373.0,1378.0,298601.0,0.675,-0.228,0.915,0.929,0.268,0.7269999999999999,1.0,0.7429999999999999,270.0,272.0,274.0,273.6,0.818,272.0,0.7909999999999999,273.0,0.8359999999999999,271.8,0.004,13.34,2.0,1.0,0.0,24.43,0.807,380.0,0.0,0.313,0.336,0.278,0.2969999999999999,0.322,0.259,0.2919999999999999,41.53,41.89,0.379,45.2,0.2849999999999999,0.001,23.4,22.97,23.5,-148.5,22.79,23.18,23.15,0.8599999999999999,0.8590000000000001,0.8690000000000001,0.645,10.0,10.0,10.0,7.0,0.327,0.327,0.33,0.245,0.0,380.1,379.0,0.0,0.0,0.0,0.0,0.0,0.0,59.96,6000.0,2.0,-0.4,7.0,0.9,1.3969999999999998,1.6869999999999998,44.99,23.0,23.94,24.23,23.57,23.42,22.54,22.95,24.3,23.09,23.53,24.18,24.45,21.46,21.42,54.2,35.0,44.0,22.97,0.0,228.0,7.217,2.0,3.518,-1.0,1.227,2.0,4903
2015-12-24 14:25:00,0.0,0.0,0.0,0.0,1.0,1.0,32.0,289767.0,16.0,0.0,75.59999999999998,59.5,60.0,0.527,9462.0,1373.0,1378.0,298601.0,0.679,-0.2019999999999999,0.9,0.941,0.2429999999999999,0.7219999999999999,1.0,0.7269999999999999,270.0,272.0,274.0,273.6,0.818,272.2,0.7909999999999999,273.0,0.8359999999999999,272.0,0.004,13.62,2.0,3.0,0.0,24.44,0.8,378.9,0.0,0.2949999999999999,0.317,0.262,0.2819999999999999,0.3049999999999999,0.2419999999999999,0.28,39.79,40.17,0.3609999999999999,43.1,0.2839999999999999,0.0,23.19,22.74,23.23,13.09,22.55,22.94,22.93,0.8569999999999999,0.8509999999999999,0.8649999999999999,0.648,10.0,10.0,10.0,7.0,0.325,0.322,0.3279999999999999,0.246,0.0,378.9,377.8,0.0,0.0,0.0,0.0,0.0,0.0,59.96,6000.0,2.0,-0.4,7.0,0.9,1.403,1.668,42.95,22.86,23.74,24.02,23.4,23.25,22.41,22.79,23.97,22.87,23.21,23.88,24.25,21.48,21.41,54.0,35.0,44.0,22.8,0.0,263.0,25.26,2.0,3.521,-1.0,0.795,1.1,4903
2015-12-24 14:26:00,0.0,0.0,0.0,0.0,1.0,1.0,32.0,289767.0,16.0,0.0,75.59999999999998,59.5,60.0,0.6629999999999999,9462.0,1373.0,1378.0,298601.0,0.79,-0.2319999999999999,0.983,0.954,0.249,0.829,1.0,0.7319999999999999,270.0,272.0,274.0,273.6,0.818,272.1,0.7909999999999999,273.0,0.8359999999999999,272.0,0.003,13.62,2.0,3.0,0.0,24.44,0.918,377.5,0.0,0.288,0.31,0.257,0.275,0.3039999999999999,0.2389999999999999,0.2789999999999999,39.81,40.19,0.3549999999999999,42.61,0.2839999999999999,0.0,23.01,22.58,23.05,-9.82,22.42,22.76,22.77,0.949,0.942,0.954,0.717,10.0,10.0,10.0,7.0,0.3579999999999999,0.356,0.3599999999999999,0.271,0.0,377.6,376.5,0.0,0.0,0.0,0.0,0.0,0.0,59.96,6000.0,2.0,-0.4,7.0,0.945,1.5319999999999998,1.78,42.52,22.71,23.56,23.8,23.19,23.07,22.23,22.59,23.77,22.71,23.07,23.68,24.04,21.47,21.43,54.0,35.0,44.0,22.64,0.0,282.6,27.28,2.0,3.519,-1.0,0.5779999999999998,1.2,4903
2015-12-24 14:27:00,0.0,0.0,0.033,0.083,1.0,1.083,32.0,289767.0,32.0,0.0,75.59999999999998,59.5,60.0,0.792,9462.0,1373.0,1378.0,298601.0,0.912,-0.228,1.093,0.963,0.252,0.947,1.0,0.7199999999999999,270.1,272.0,274.0,273.8,0.818,272.5,0.7909999999999999,273.0,0.8359999999999999,272.0,0.003,13.62,2.0,3.0,0.0,24.43,1.063,378.3,0.0,0.3049999999999999,0.326,0.272,0.2869999999999999,0.321,0.25,0.286,41.87,42.24,0.374,44.83,0.2839999999999999,0.0,22.79,22.44,22.92,10.84,22.32,22.64,22.62,1.029,1.029,1.032,0.77,10.0,10.0,10.0,7.0,0.389,0.389,0.391,0.291,0.0,378.4,377.3,0.0,0.0,0.0,0.0,0.0,0.0,59.97,6000.0,2.333,-0.4,7.0,1.005,1.625,1.905,44.86,22.62,23.42,23.61,23.02,22.96,22.07,22.42,23.62,22.61,23.02,23.55,23.85,21.47,21.41,54.0,35.0,44.0,22.43,0.0,242.9,11.17,2.0,3.519,-1.0,0.995,1.5,4903
2015-12-24 14:28:00,0.0,0.0,0.083,0.217,1.0,1.217,0.0,289767.0,32.0,0.0,75.59999999999998,59.5,60.0,0.837,9462.0,1373.0,1378.0,298601.0,0.96,-0.1769999999999999,1.103,0.973,0.225,0.987,1.0,0.7269999999999999,270.1,272.1,274.0,273.8,0.818,272.3,0.7909999999999999,273.0,0.8359999999999999,272.0,0.003,13.62,2.0,3.0,0.0,24.42,1.085,381.6,0.0,0.341,0.3639999999999999,0.3039999999999999,0.321,0.3529999999999999,0.275,0.314,45.75,46.14,0.4149999999999999,49.48,0.2839999999999999,0.0,22.69,22.34,22.76,-1.171,22.19,22.47,22.49,1.058,1.052,1.0590000000000002,0.7959999999999999,10.0,10.0,10.0,7.0,0.4039999999999999,0.401,0.4039999999999999,0.3039999999999999,0.0,381.7,380.5,0.0,0.0,0.0,0.0,0.0,0.0,59.96,6000.0,2.517,-0.4,7.0,1.023,1.663,1.92,49.35,22.47,23.24,23.41,22.83,22.79,21.92,22.23,23.49,22.5,22.93,23.41,23.64,21.48,21.4,53.6,35.0,44.0,22.32,0.0,258.5,54.67,2.0,3.521,-1.0,0.677,1.1,4903
2015-12-24 14:29:00,0.0,0.0,0.8669999999999999,0.917,1.75,1.917,0.0,289767.0,32.0,0.0,75.59999999999998,59.5,60.0,1.232,9462.0,1373.0,1378.0,298601.0,1.361,-0.05,1.4,0.996,0.1019999999999999,1.366,1.0,0.7329999999999999,270.0,272.0,274.0,273.5,0.818,272.2,0.7909999999999999,273.0,0.8359999999999999,271.8,-0.034,13.35,2.0,1.0,0.0,24.42,1.513,381.3,0.0,0.377,0.4029999999999999,0.336,0.3549999999999999,0.387,0.296,0.3479999999999999,49.85,50.16,0.456,53.93,0.2849999999999999,0.001,22.52,22.21,22.63,-8.55,22.05,22.35,22.37,1.341,1.344,1.348,1.006,10.0,10.0,10.0,7.0,0.511,0.513,0.514,0.3829999999999999,0.0,381.3,380.2,0.0,0.0,0.0,0.0,0.0,0.0,59.94,6000.0,3.583,-0.4,7.0,1.347,2.122,2.3280000000000003,53.54,22.38,23.12,23.26,22.64,22.64,21.79,22.05,23.39,22.42,22.89,23.31,23.49,21.46,21.41,53.0,35.0,44.0,22.21,0.0,328.2,32.56,2.0,3.519,-1.0,0.682,1.5,4903
2015-12-24 14:30:00,0.0,0.0,1.0,1.0,2.0,2.0,0.0,289767.0,32.0,0.0,75.59999999999998,59.5,60.0,1.463,9462.0,1373.0,1378.0,298601.0,1.624,-0.127,1.663,0.995,0.1499999999999999,1.632,1.0,0.7269999999999999,270.0,272.0,274.0,273.6,0.818,272.2,0.7909999999999999,273.0,0.8359999999999999,272.0,0.034,13.41,2.0,3.0,0.0,24.42,1.7519999999999998,379.8,0.0,0.3879999999999999,0.4179999999999999,0.3449999999999999,0.3689999999999999,0.401,0.3019999999999999,0.3659999999999999,51.09,51.47,0.4689999999999999,55.13,0.2849999999999999,0.001,22.44,22.14,22.55,-36.53,22.01,22.23,22.31,1.5219999999999998,1.516,1.526,1.138,10.0,10.0,10.0,7.0,0.5779999999999998,0.576,0.5799999999999998,0.432,0.0,379.8,378.7,0.0,0.0,0.0,0.0,0.0,0.0,59.95,6000.0,4.25,-0.4,7.0,1.7,2.425,2.628,54.74,22.23,22.93,23.04,22.46,22.48,21.64,21.88,23.25,22.32,22.81,23.17,23.26,21.46,21.36,53.0,35.0,44.0,22.12,0.0,275.8,40.21,2.0,3.519,-1.0,0.7399999999999999,1.4,4903
2015-12-24 14:31:00,0.0,0.0,1.0,1.0,1.75,2.0,0.0,289767.0,32.0,0.0,75.59999999999998,59.5,60.0,1.2819999999999998,9462.0,1373.0,1378.0,298601.0,1.411,-0.255,1.467,0.983,0.25,1.4340000000000002,1.0,0.7319999999999999,270.0,272.0,274.0,273.5,0.818,272.0,0.7909999999999999,273.0,0.8359999999999999,271.9,0.004,13.62,2.0,3.0,0.0,24.42,1.557,380.8,0.0,0.376,0.4039999999999999,0.332,0.3599999999999999,0.3939999999999999,0.2979999999999999,0.3689999999999999,49.92,50.27,0.4579999999999999,53.55,0.2839999999999999,0.0,22.38,22.11,22.47,-126.9,22.0,22.21,22.18,1.36,1.364,1.366,1.021,10.0,10.0,10.0,7.0,0.518,0.519,0.52,0.389,0.0,380.8,379.7,0.0,0.0,0.0,0.0,0.0,0.0,59.97,6000.0,3.717,-0.4,7.0,1.492,2.175,2.423,53.23,22.16,22.82,22.92,22.41,22.43,21.63,21.84,23.08,22.2,22.7,23.0,23.15,21.44,21.34,53.0,35.0,44.0,22.05,0.0,256.0,35.74,2.0,3.519,-1.0,0.56,1.2,4903
2015-12-24 14:32:00,0.0,0.0,0.25,0.283,1.0,1.283,0.0,289767.0,32.0,0.0,75.59999999999998,59.5,60.0,0.82,9462.0,1373.0,1378.0,298601.0,0.956,-0.2349999999999999,1.088,0.964,0.263,0.991,1.0,0.75,270.0,272.0,274.0,273.6,0.818,272.1,0.7909999999999999,273.0,0.8359999999999999,271.9,0.003,13.62,2.0,3.0,0.0,24.4,1.07,382.7,0.0,0.346,0.373,0.3059999999999999,0.3339999999999999,0.372,0.286,0.351,47.1,47.47,0.427,50.07,0.2839999999999999,0.0,22.36,22.05,22.4,-70.03,21.92,22.13,22.08,1.053,1.039,1.05,0.785,10.0,10.0,10.0,7.0,0.4029999999999999,0.3979999999999999,0.402,0.2999999999999999,0.0,382.7,381.2,0.0,0.0,0.0,0.0,0.0,0.0,59.97,6000.0,2.5,-0.4,7.0,1.05,1.662,1.947,49.99,22.14,22.74,22.87,22.42,22.44,21.65,21.85,23.01,22.16,22.65,22.94,23.11,21.43,21.35,53.0,35.0,44.0,22.01,0.0,264.2,22.33,2.0,3.519,-1.0,0.672,1.1,4903
2015-12-24 14:33:00,0.0,0.0,0.0,0.0,1.0,1.0,0.0,289767.0,32.0,0.0,75.59999999999998,59.5,60.0,0.54,9462.0,1373.0,1378.0,298601.0,0.698,-0.2099999999999999,0.902,0.941,0.25,0.7409999999999999,1.0,0.7429999999999999,270.0,272.0,274.0,273.4,0.818,272.0,0.7909999999999999,273.0,0.8359999999999999,271.5,0.003,13.62,2.0,3.0,0.0,24.39,0.8079999999999999,382.4,0.0,0.314,0.3379999999999999,0.278,0.2999999999999999,0.342,0.2689999999999999,0.319,43.53,43.91,0.3929999999999999,46.25,0.2839999999999999,0.0,22.19,22.01,22.4,131.7,21.92,22.11,22.1,0.8619999999999999,0.875,0.88,0.65,10.0,10.0,10.0,7.0,0.33,0.335,0.336,0.248,0.0,382.4,381.1,0.0,0.0,0.0,0.0,0.0,0.0,59.96,6000.0,2.0,-0.4,7.0,0.9,1.4169999999999998,1.673,46.69,22.14,22.65,22.8,22.37,22.39,21.62,21.8,22.91,22.09,22.54,22.84,23.03,21.43,21.32,53.0,35.0,44.0,21.94,0.0,277.1,15.45,2.0,3.518,-1.0,0.7219999999999999,1.1,4903
2015-12-24 14:34:00,0.0,0.0,0.0,0.0,1.0,1.0,0.0,289767.0,32.0,0.0,75.59999999999998,59.5,60.0,0.507,9462.0,1373.0,1378.0,298601.0,0.6509999999999999,-0.173,0.877,0.937,0.238,0.694,1.0,0.7399999999999999,270.0,272.0,274.0,273.7,0.818,272.0,0.7909999999999999,273.0,0.8359999999999999,272.0,0.003,13.62,2.0,3.0,0.0,24.39,0.777,380.7,0.0,0.288,0.309,0.254,0.273,0.314,0.252,0.2899999999999999,40.21,40.58,0.3639999999999999,43.08,0.2839999999999999,0.0,22.15,21.99,22.34,53.3,21.87,22.05,22.0,0.8449999999999999,0.834,0.8519999999999999,0.637,10.0,10.0,10.0,7.0,0.322,0.318,0.324,0.2419999999999999,0.0,380.6,379.6,0.0,0.0,0.0,0.0,0.0,0.0,59.96,6000.0,1.9,-0.4,7.0,0.9,1.38,1.6230000000000002,43.87,22.0,22.53,22.66,22.25,22.28,21.52,21.69,22.81,22.01,22.42,22.75,22.9,21.38,21.32,52.18,35.0,44.0,21.88,0.0,253.9,19.72,2.0,3.519,-1.0,1.058,1.6,4903
2015-12-24 14:35:00,0.0,0.0,0.0,0.0,1.0,1.0,0.0,289767.0,32.0,0.0,75.59999999999998,59.5,60.0,0.56,9462.0,1373.0,1378.0,298601.0,0.7109999999999999,-0.2369999999999999,0.912,0.933,0.272,0.762,1.0,0.7369999999999999,270.0,272.0,274.0,273.7,0.818,272.0,0.7909999999999999,273.0,0.8359999999999999,272.0,-0.005,13.34,2.0,1.0,0.0,24.38,0.81,379.9,0.0,0.2869999999999999,0.3049999999999999,0.251,0.266,0.308,0.25,0.2769999999999999,39.54,39.9,0.362,42.8,0.2839999999999999,0.001,22.07,21.9,22.22,18.96,21.8,21.95,21.98,0.884,0.883,0.885,0.665,10.0,10.0,10.0,7.0,0.336,0.335,0.336,0.253,0.0,379.9,378.8,0.0,0.0,0.0,0.0,0.0,0.0,59.97,6000.0,2.0,-0.4,7.0,0.9,1.408,1.695,44.1,21.94,22.48,22.6,22.17,22.22,21.44,21.61,22.74,21.97,22.32,22.66,22.84,21.36,21.34,52.0,35.0,44.0,21.81,0.0,273.6,14.59,2.0,3.519,-1.0,1.187,1.7,4903
2015-12-24 14:36:00,0.0,0.0,0.0,0.033,1.0,1.033,0.0,289767.0,32.0,0.0,75.59999999999998,59.5,60.0,0.752,9462.0,1373.0,1378.0,298601.0,0.875,-0.265,1.067,0.95,0.2839999999999999,0.921,1.0,0.7299999999999999,270.1,272.1,274.0,273.9,0.818,272.6,0.7909999999999999,273.0,0.8359999999999999,272.0,0.008,13.62,2.0,3.0,0.0,24.36,1.018,381.8,0.0,0.326,0.3449999999999999,0.2839999999999999,0.2969999999999999,0.3389999999999999,0.276,0.2999999999999999,43.22,43.58,0.4029999999999999,47.27,0.2839999999999999,0.001,22.1,21.85,22.18,-107.9,21.72,21.9,21.92,0.992,1.0,0.997,0.745,10.0,10.0,10.0,7.0,0.379,0.382,0.381,0.2839999999999999,0.0,381.8,380.6,0.0,0.0,0.0,0.0,0.0,0.0,59.97,6000.0,2.217,-0.4,7.0,0.998,1.577,1.872,48.79,21.91,22.42,22.57,22.15,22.17,21.42,21.6,22.69,21.99,22.28,22.6,22.8,21.35,21.36,52.0,35.0,44.0,21.81,0.0,264.2,16.59,2.0,3.519,-1.0,1.0,1.7,4903
2015-12-24 14:37:00,0.0,0.0,0.2999999999999999,0.417,1.0,1.4169999999999998,0.0,289767.0,32.0,0.0,75.59999999999998,59.5,60.0,0.8579999999999999,9462.0,1373.0,1378.0,298601.0,1.012,-0.225,1.125,0.97,0.254,1.044,1.0,0.7329999999999999,270.2,272.2,274.0,274.0,0.818,272.6,0.7909999999999999,273.0,0.8359999999999999,272.0,0.004,13.62,2.0,3.0,0.0,24.36,1.125,382.2,0.0,0.352,0.373,0.3039999999999999,0.32,0.3579999999999999,0.2839999999999999,0.316,45.05,45.38,0.4289999999999999,49.55,0.2839999999999999,0.0,22.06,21.82,22.11,8.17,21.72,21.82,21.91,1.091,1.091,1.096,0.818,10.0,10.0,10.0,7.0,0.417,0.417,0.4189999999999999,0.313,0.0,382.3,380.9,0.0,0.0,0.0,0.0,0.0,0.0,59.97,6000.0,2.717,-0.4,7.0,1.08,1.717,1.983,50.9,21.93,22.43,22.55,22.09,22.13,21.36,21.55,22.59,21.97,22.16,22.51,22.8,21.34,21.35,52.0,35.0,44.0,21.79,0.0,272.6,28.01,2.0,3.519,-1.0,0.992,1.6,4903
2015-12-24 14:38:00,0.0,0.0,0.0,0.0,1.0,1.0,0.0,289767.0,32.0,0.0,75.59999999999998,59.5,60.0,0.6099999999999999,9462.0,1373.0,1378.0,298601.0,0.7490000000000001,-0.208,0.967,0.946,0.254,0.7909999999999999,1.0,0.7399999999999999,270.0,272.0,274.0,273.9,0.818,272.0,0.7909999999999999,273.0,0.8359999999999999,272.0,0.003,13.62,2.0,3.0,0.0,24.34,0.8479999999999999,382.6,0.0,0.3379999999999999,0.3579999999999999,0.2889999999999999,0.3059999999999999,0.3339999999999999,0.259,0.2949999999999999,41.94,42.26,0.405,46.44,0.2839999999999999,0.0,22.02,21.75,22.09,26.62,21.67,21.82,21.92,0.906,0.901,0.91,0.682,10.0,10.0,10.0,7.0,0.347,0.3449999999999999,0.3479999999999999,0.261,0.0,382.6,381.2,0.0,0.0,0.0,0.0,0.0,0.0,59.96,6000.0,2.0,-0.4,7.0,0.908,1.452,1.725,47.77,21.95,22.44,22.58,22.09,22.12,21.37,21.55,22.58,21.98,22.15,22.5,22.83,21.32,21.33,52.0,35.0,44.0,21.76,0.0,270.2,26.92,2.0,3.519,-1.0,1.3119999999999998,2.2,4903
2015-12-24 14:39:00,0.0,0.0,0.0,0.0,1.0,1.0,1.0,289768.0,32.0,0.0,75.59999999999998,59.5,60.0,0.563,9462.0,1373.0,1378.0,298601.0,0.7179999999999999,-0.23,0.927,0.937,0.266,0.767,1.0,0.757,270.0,272.0,274.0,273.8,0.818,272.1,0.7909999999999999,273.0,0.8359999999999999,272.0,0.003,13.62,2.0,3.0,0.0,24.33,0.823,381.1,0.0,0.3279999999999999,0.3449999999999999,0.276,0.2919999999999999,0.318,0.241,0.275,39.67,40.09,0.386,44.12,0.2839999999999999,0.0,21.96,21.69,22.03,43.69,21.62,21.72,21.92,0.894,0.8909999999999999,0.895,0.6679999999999999,10.0,10.0,10.0,7.0,0.341,0.34,0.341,0.255,0.0,381.3,380.1,0.0,0.0,0.0,0.0,0.0,0.0,59.97,6000.0,2.0,-0.4,7.0,0.915,1.422,1.71,45.34,21.92,22.38,22.54,22.06,22.08,21.34,21.52,22.58,21.98,22.17,22.5,22.77,21.31,21.31,52.0,35.0,44.0,21.69,0.0,287.6,23.32,2.0,3.519,-1.0,0.818,1.5,4903
2015-12-24 14:40:00,0.0,0.0,0.0,0.0,1.0,1.0,1.0,289768.0,32.0,0.0,75.59999999999998,59.5,60.0,0.5479999999999999,9462.0,1373.0,1378.0,298601.0,0.707,-0.273,0.94,0.92,0.3009999999999999,0.769,1.0,0.7379999999999999,270.1,272.1,274.0,273.7,0.818,272.1,0.7909999999999999,273.0,0.8359999999999999,272.0,0.003,13.62,2.0,3.0,0.0,24.33,0.81,381.0,0.0,0.332,0.352,0.2769999999999999,0.2969999999999999,0.317,0.2369999999999999,0.2739999999999999,39.48,39.98,0.389,44.09,0.2839999999999999,0.0,21.94,21.62,22.01,-198.7,21.53,21.66,21.92,0.8909999999999999,0.882,0.885,0.6679999999999999,10.0,10.0,10.0,7.0,0.34,0.336,0.337,0.255,0.0,381.4,380.0,0.0,0.0,0.0,0.0,0.0,0.0,59.97,6000.0,2.0,-0.4,7.0,0.945,1.405,1.722,45.01,21.94,22.33,22.53,22.04,22.03,21.31,21.5,22.56,21.97,22.17,22.5,22.75,21.31,21.34,51.9,35.0,44.0,21.72,0.0,270.6,47.96,2.0,3.519,-1.0,0.7269999999999999,1.4,4903
2015-12-24 14:41:00,0.0,0.0,0.0,0.0,1.0,1.0,1.0,289768.0,32.0,0.0,75.59999999999998,59.5,60.0,0.525,9462.0,1373.0,1378.0,298601.0,0.685,-0.2769999999999999,0.918,0.919,0.2929999999999999,0.745,1.0,0.75,270.0,272.0,274.0,273.6,0.818,272.2,0.7909999999999999,273.0,0.8359999999999999,272.0,0.002,13.39,2.0,1.0,0.0,24.31,0.802,380.9,0.0,0.33,0.3539999999999999,0.273,0.3009999999999999,0.314,0.2269999999999999,0.28,39.15,39.83,0.386,43.54,0.2839999999999999,0.001,21.92,21.62,22.01,-102.5,21.53,21.62,21.91,0.87,0.8759999999999998,0.873,0.6559999999999999,10.0,10.0,10.0,7.0,0.332,0.3339999999999999,0.3329999999999999,0.25,0.0,381.1,379.9,0.0,0.0,0.0,0.0,0.0,0.0,59.97,6000.0,2.0,-0.4,7.0,0.902,1.398,1.693,43.86,21.9,22.31,22.54,22.03,22.01,21.31,21.49,22.54,21.93,22.17,22.5,22.74,21.33,21.35,51.0,34.63,44.0,21.72,0.0,324.7,29.6,2.0,3.519,-1.0,0.8569999999999999,1.4,4903
2015-12-24 14:42:00,0.0,0.0,0.0,0.0,1.0,1.0,1.0,289768.0,32.0,0.0,75.59999999999998,59.5,60.0,0.532,9462.0,1373.0,1378.0,298601.0,0.692,-0.278,0.927,0.912,0.309,0.758,1.0,0.7249999999999999,270.0,272.0,274.0,273.6,0.818,272.1,0.7909999999999999,273.0,0.8359999999999999,271.9,0.005,13.62,2.0,3.0,0.0,24.3,0.812,379.1,0.0,0.316,0.3379999999999999,0.261,0.291,0.3019999999999999,0.2099999999999999,0.276,37.65,37.96,0.3659999999999999,41.27,0.2839999999999999,0.0,21.92,21.62,22.01,17.08,21.53,21.62,21.83,0.8759999999999998,0.8740000000000001,0.88,0.659,10.0,10.0,10.0,7.0,0.332,0.331,0.3339999999999999,0.25,0.0,379.1,378.0,0.0,0.0,0.0,0.0,0.0,0.0,59.97,6000.0,2.0,-0.4,7.0,0.908,1.402,1.705,41.28,21.88,22.25,22.53,22.02,21.98,21.31,21.48,22.44,21.85,22.09,22.43,22.71,21.33,21.36,51.0,34.33,44.0,21.71,0.0,273.3,22.23,2.0,3.519,-1.0,0.647,1.1,4903
2015-12-24 14:43:00,0.0,0.0,0.0,0.0,1.0,1.0,1.0,289768.0,32.0,0.0,75.59999999999998,59.5,60.0,0.535,9462.0,1373.0,1378.0,298601.0,0.6809999999999999,-0.1769999999999999,0.907,0.952,0.218,0.7149999999999999,1.0,0.7349999999999999,270.0,272.0,274.0,273.6,0.818,272.1,0.7909999999999999,273.0,0.8359999999999999,271.9,0.003,13.62,2.0,3.0,0.0,24.28,0.7979999999999999,378.0,0.0,0.3059999999999999,0.3279999999999999,0.255,0.2819999999999999,0.2939999999999999,0.1989999999999999,0.265,36.6,36.97,0.3529999999999999,39.67,0.283,0.0,21.92,21.62,21.98,41.38,21.53,21.62,21.83,0.879,0.87,0.8619999999999999,0.655,10.0,10.0,10.0,7.0,0.332,0.3289999999999999,0.326,0.247,0.0,378.0,376.9,0.0,0.0,0.0,0.0,0.0,0.0,59.95,6000.0,1.983,-0.4,7.0,0.87,1.415,1.648,39.9,21.84,22.17,22.51,22.01,21.95,21.31,21.48,22.37,21.83,22.01,22.4,22.67,21.31,21.37,51.0,34.38,44.0,21.7,0.0,289.0,9.2,2.0,3.519,-1.0,0.9,1.4,4903
2015-12-24 14:44:00,0.0,0.0,0.0,0.0,1.0,1.0,1.0,289768.0,32.0,0.0,75.59999999999998,59.5,60.0,0.5379999999999999,9462.0,1373.0,1378.0,298601.0,0.699,-0.1799999999999999,0.905,0.955,0.217,0.7329999999999999,1.0,0.7329999999999999,270.0,272.0,274.0,273.6,0.818,272.0,0.7909999999999999,273.0,0.8359999999999999,272.0,0.003,13.62,2.0,3.0,0.0,24.28,0.797,377.0,0.0,0.3029999999999999,0.324,0.252,0.2769999999999999,0.2869999999999999,0.1989999999999999,0.26,35.76,36.05,0.3479999999999999,38.97,0.283,0.0,21.92,21.62,21.93,-60.26,21.53,21.62,21.83,0.882,0.877,0.877,0.6609999999999999,10.0,10.0,10.0,7.0,0.3329999999999999,0.331,0.331,0.249,0.0,377.1,376.0,0.0,0.0,0.0,0.0,0.0,0.0,59.96,6000.0,1.983,-0.4,7.0,0.883,1.423,1.6769999999999998,39.24,21.82,22.11,22.51,22.02,21.92,21.34,21.48,22.35,21.83,21.94,22.4,22.64,21.3,21.37,51.0,34.05,44.0,21.69,0.0,282.3,17.14,2.0,3.519,-1.0,0.7219999999999999,1.1,4903
2015-12-24 14:45:00,0.0,0.0,0.0,0.0,1.0,1.0,1.0,289768.0,32.0,0.0,75.59999999999998,59.5,60.0,0.542,9462.0,1373.0,1378.0,298601.0,0.692,-0.1119999999999999,0.893,0.969,0.176,0.714,1.0,0.7299999999999999,270.0,272.0,274.0,273.4,0.818,272.0,0.7909999999999999,273.0,0.8359999999999999,271.9,0.003,13.62,2.0,3.0,0.0,24.26,0.8,377.1,0.0,0.3029999999999999,0.324,0.254,0.28,0.2939999999999999,0.2069999999999999,0.27,36.25,36.63,0.3479999999999999,38.97,0.2839999999999999,0.0,21.86,21.62,21.92,-93.3,21.53,21.62,21.74,0.8740000000000001,0.877,0.877,0.653,10.0,10.0,10.0,7.0,0.3289999999999999,0.331,0.331,0.246,0.0,377.1,376.0,0.0,0.0,0.0,0.0,0.0,0.0,59.95,6000.0,2.0,-0.4,7.0,0.8329999999999999,1.423,1.633,39.1,21.82,22.07,22.52,22.02,21.89,21.35,21.49,22.36,21.81,21.89,22.42,22.63,21.29,21.36,51.0,34.0,44.0,21.67,0.0,263.8,40.9,2.0,3.519,-1.0,0.697,1.3,4903
2015-12-24 14:46:00,0.0,0.0,0.0,0.0,1.0,1.0,1.0,289768.0,32.0,0.0,75.59999999999998,59.5,60.0,0.503,9462.0,1373.0,1378.0,298601.0,0.654,-0.163,0.872,0.954,0.2019999999999999,0.685,1.0,0.7229999999999999,270.0,272.0,274.0,273.7,0.818,272.1,0.7909999999999999,273.0,0.8359999999999999,271.9,0.019,13.49,2.0,1.0,0.0,24.25,0.7829999999999999,377.4,0.0,0.3029999999999999,0.324,0.255,0.281,0.2999999999999999,0.2089999999999999,0.2739999999999999,36.72,36.97,0.3479999999999999,38.86,0.283,0.001,21.89,21.62,21.92,-0.125,21.49,21.62,21.75,0.8549999999999999,0.8529999999999999,0.8509999999999999,0.64,10.0,10.0,10.0,7.0,0.3229999999999999,0.322,0.321,0.2419999999999999,0.0,377.5,376.4,0.0,0.0,0.0,0.0,0.0,0.0,59.95,6000.0,1.967,-0.4,7.0,0.827,1.395,1.633,39.06,21.86,22.06,22.56,22.05,21.87,21.37,21.51,22.42,21.8,21.85,22.48,22.67,21.31,21.3,51.0,34.0,44.0,21.67,0.0,260.0,15.62,2.0,3.519,-1.0,0.672,1.2,4903
2015-12-24 14:47:00,0.0,0.0,0.0,0.0,1.0,1.0,1.0,289768.0,32.0,0.0,75.59999999999998,59.5,60.0,0.5379999999999999,9462.0,1373.0,1378.0,298601.0,0.684,-0.258,0.913,0.921,0.2889999999999999,0.7429999999999999,1.0,0.7299999999999999,270.1,272.1,274.0,273.7,0.818,272.4,0.7909999999999999,273.0,0.8359999999999999,271.9,-0.013,13.37,2.0,1.0,0.0,24.22,0.7929999999999999,376.4,0.0,0.2989999999999999,0.318,0.253,0.275,0.296,0.2069999999999999,0.2689999999999999,36.36,36.69,0.3439999999999999,38.38,0.2849999999999999,0.001,21.85,21.62,21.92,-155.5,21.44,21.62,21.73,0.87,0.8679999999999999,0.87,0.652,10.0,10.0,10.0,7.0,0.3279999999999999,0.327,0.3279999999999999,0.246,0.0,376.6,375.4,0.0,0.0,0.0,0.0,0.0,0.0,59.97,6000.0,2.0,-0.4,7.0,0.888,1.3969999999999998,1.683,38.86,21.9,22.06,22.61,22.08,21.89,21.39,21.54,22.51,21.83,21.85,22.55,22.72,21.31,21.3,51.0,34.0,44.0,21.64,0.0,262.3,12.36,2.0,3.521,-1.0,0.812,1.2,4903
2015-12-24 14:48:00,0.0,0.0,0.0,0.05,1.0,1.05,1.0,289768.0,32.0,0.0,75.59999999999998,59.5,60.0,0.802,9462.0,1373.0,1378.0,298601.0,0.934,-0.218,1.078,0.965,0.246,0.967,1.0,0.7199999999999999,270.1,272.1,274.0,273.7,0.818,272.4,0.7909999999999999,273.0,0.8359999999999999,272.0,0.004,13.62,2.0,3.0,0.0,24.22,1.047,376.0,0.0,0.317,0.3379999999999999,0.2689999999999999,0.2899999999999999,0.316,0.2269999999999999,0.2869999999999999,38.88,39.2,0.3659999999999999,40.95,0.2839999999999999,0.0,21.92,21.62,21.92,-2.811,21.48,21.62,21.81,1.05,1.043,1.052,0.785,10.0,10.0,10.0,7.0,0.395,0.392,0.396,0.2949999999999999,0.0,376.1,374.8,0.0,0.0,0.0,0.0,0.0,0.0,59.96,6000.0,2.567,-0.4,7.0,1.013,1.65,1.922,41.74,21.94,22.08,22.67,22.12,21.9,21.42,21.57,22.62,21.87,21.86,22.64,22.78,21.34,21.28,51.0,34.0,44.0,21.7,0.0,285.6,18.31,2.0,3.521,-1.0,0.525,1.0,4903
2015-12-24 14:49:00,0.0,0.0,0.1669999999999999,0.25,1.0,1.25,1.0,289768.0,32.0,0.0,75.59999999999998,59.5,60.0,0.8549999999999999,9462.0,1373.0,1378.0,298601.0,0.994,-0.1719999999999999,1.115,0.977,0.218,1.018,1.0,0.7219999999999999,270.1,272.1,274.0,273.4,0.818,272.4,0.7909999999999999,273.0,0.8359999999999999,271.8,0.003,13.62,2.0,3.0,0.0,24.21,1.132,380.4,0.0,0.362,0.385,0.309,0.332,0.3629999999999999,0.27,0.3339999999999999,44.3,44.59,0.4179999999999999,46.75,0.2839999999999999,0.0,21.94,21.71,22.0,-186.1,21.53,21.64,21.83,1.088,1.0759999999999998,1.086,0.814,10.0,10.0,10.0,7.0,0.4139999999999999,0.4099999999999999,0.4129999999999999,0.31,0.0,380.5,379.3,0.0,0.0,0.0,0.0,0.0,0.0,59.96,6000.0,2.767,-0.4,7.0,1.042,1.705,1.968,47.66,22.01,22.12,22.76,22.18,21.94,21.48,21.66,22.76,21.94,21.92,22.75,22.88,21.36,21.29,50.3,34.0,44.0,21.72,0.0,272.4,37.24,2.0,3.521,-1.0,0.268,0.5,4903
2015-12-24 14:50:00,0.0,0.0,1.3330000000000002,1.433,2.133,2.4330000000000003,1.0,289768.0,32.0,0.0,75.59999999999998,59.5,60.0,1.598,9462.0,1373.0,1378.0,298601.0,1.755,-0.152,1.773,0.993,0.154,1.764,1.0,0.7299999999999999,270.1,272.1,274.0,273.8,0.818,272.5,0.7909999999999999,273.0,0.8359999999999999,272.0,0.003,13.62,2.0,3.0,0.0,24.19,1.897,374.3,0.0,0.3929999999999999,0.4189999999999999,0.337,0.362,0.397,0.3019999999999999,0.3689999999999999,48.11,48.41,0.456,50.82,0.2839999999999999,0.0,22.02,21.77,22.01,-46.66,21.58,21.72,21.88,1.656,1.646,1.645,1.241,10.0,10.0,10.0,7.0,0.6179999999999999,0.6139999999999999,0.6139999999999999,0.4629999999999999,0.0,374.1,373.1,0.0,0.0,0.0,0.0,0.0,0.0,59.95,6000.0,4.767,-0.407,7.0,1.798,2.577,2.805,51.78,22.12,22.22,22.87,22.27,21.98,21.57,21.78,22.9,22.04,22.03,22.88,23.01,21.39,21.28,50.0,34.0,44.0,21.79,0.0,289.1,21.63,2.0,3.521,-1.0,0.183,0.2999999999999999,4903
2015-12-24 14:51:00,0.0,0.0,2.0,2.0,3.0,3.0,1.0,289768.0,32.0,0.0,75.59999999999998,59.5,60.0,2.292,9462.0,1373.0,1378.0,298601.0,2.446,-0.1369999999999999,2.428,0.999,0.111,2.449,1.0,0.7399999999999999,270.1,272.1,274.0,274.0,0.818,272.7,0.7909999999999999,273.0,0.8359999999999999,272.0,0.003,13.62,2.0,3.0,0.0,24.18,2.588,364.9,0.0,0.4089999999999999,0.437,0.352,0.377,0.417,0.322,0.389,50.25,50.54,0.476,52.81,0.2839999999999999,0.0,22.07,21.85,22.1,-41.46,21.62,21.76,21.94,2.166,2.1630000000000003,2.171,1.6230000000000002,10.0,10.0,10.0,7.0,0.7909999999999999,0.79,0.7929999999999999,0.5929999999999999,0.0,365.2,363.8,0.0,0.0,0.0,0.0,0.0,0.0,59.95,6000.0,6.95,-0.467,7.0,2.562,3.395,3.652,53.92,22.24,22.34,22.98,22.37,22.07,21.67,21.92,23.05,22.18,22.15,23.02,23.16,21.4,21.31,50.0,34.0,44.0,21.84,0.0,247.4,53.68,2.0,3.521,-1.0,0.173,0.2999999999999999,4903
2015-12-24 14:52:00,0.0,0.0,2.0,2.0,3.0,3.0,1.0,289768.0,32.0,0.0,75.59999999999998,59.5,60.0,2.29,9462.0,1373.0,1378.0,298602.0,2.434,-0.1669999999999999,2.403,0.998,0.135,2.438,1.0,0.7299999999999999,270.4,272.4,274.0,274.0,0.818,273.0,0.7909999999999999,273.0,0.8359999999999999,272.0,-0.023,13.35,2.0,1.0,0.0,24.16,2.58,365.6,0.0,0.4139999999999999,0.4429999999999999,0.3579999999999999,0.381,0.4229999999999999,0.3289999999999999,0.3929999999999999,50.64,50.92,0.482,53.24,0.2849999999999999,0.001,22.12,21.89,22.14,-56.07,21.66,21.8,22.02,2.146,2.149,2.158,1.6130000000000002,10.0,10.0,10.0,7.0,0.785,0.7859999999999999,0.79,0.5899999999999999,0.0,365.9,364.6,0.0,0.0,0.0,0.0,0.0,0.0,59.95,6000.0,6.9,-0.4629999999999999,7.0,2.552,3.382,3.633,54.36,22.36,22.47,23.1,22.48,22.16,21.75,22.06,23.2,22.31,22.25,23.14,23.32,21.41,21.34,50.0,34.0,44.0,21.89,0.0,296.7,19.89,2.0,3.519,-1.0,0.3029999999999999,0.5,4903
2015-12-24 14:53:00,0.0,0.0,2.0,2.0,3.0,3.0,1.0,289768.0,32.0,0.0,75.59999999999998,59.5,60.0,2.228,9462.0,1373.0,1378.0,298602.0,2.39,-0.2129999999999999,2.373,0.998,0.1639999999999999,2.396,1.0,0.7219999999999999,270.7,272.7,274.0,274.0,0.818,273.0,0.7909999999999999,273.0,0.8359999999999999,272.0,0.0289999999999999,13.61,2.0,3.0,0.0,24.16,2.515,366.2,0.0,0.4149999999999999,0.445,0.357,0.379,0.4189999999999999,0.3279999999999999,0.387,50.19,50.4,0.4839999999999999,53.32,0.2839999999999999,0.001,22.23,22.03,22.21,70.76,21.75,21.84,22.07,2.117,2.113,2.122,1.589,10.0,10.0,10.0,7.0,0.7759999999999999,0.774,0.777,0.582,0.0,366.4,365.1,0.0,0.0,0.0,0.0,0.0,0.0,59.96,6000.0,6.683,-0.452,7.0,2.488,3.327,3.595,54.33,22.45,22.61,23.21,22.59,22.23,21.82,22.17,23.32,22.44,22.35,23.25,23.45,21.43,21.35,50.0,34.0,44.0,21.97,0.0,282.2,20.33,2.0,3.519,-1.0,0.2969999999999999,0.5,4903
2015-12-24 14:54:00,0.0,0.0,2.3,2.567,3.3,3.567,1.0,289768.0,32.0,0.0,75.59999999999998,59.5,60.0,2.642,9462.0,1373.0,1378.0,298602.0,2.835,-0.2129999999999999,2.805,0.999,0.1489999999999999,2.839,1.0,0.7199999999999999,270.6,272.5,274.0,273.9,0.818,273.0,0.7909999999999999,273.0,0.8359999999999999,272.0,0.004,13.62,2.0,3.0,0.0,24.14,2.948,357.9,0.0,0.435,0.467,0.371,0.395,0.435,0.3429999999999999,0.3989999999999999,51.93,52.2,0.506,55.69,0.2839999999999999,0.0,22.31,22.07,22.29,18.82,21.82,21.92,22.12,2.513,2.504,2.509,1.886,10.0,10.0,10.0,7.0,0.899,0.895,0.897,0.674,0.0,358.0,356.9,0.0,0.0,0.0,0.0,0.0,0.0,59.96,6000.0,8.05,-0.492,7.0,3.017,3.83,4.135,56.72,22.58,22.73,23.31,22.69,22.3,21.9,22.28,23.44,22.56,22.47,23.36,23.57,21.44,21.36,50.0,34.0,44.0,22.03,0.0,279.3,58.46,2.0,3.519,-0.983,0.178,0.4,4903
2015-12-24 14:55:00,0.0,0.0,2.9330000000000003,3.0,4.0,4.0,1.0,289768.0,32.0,0.0,75.59999999999998,59.5,60.0,2.9,9462.0,1373.0,1378.0,298602.0,3.087,-0.2099999999999999,3.052,0.999,0.133,3.09,1.0,0.712,270.6,272.6,274.0,274.0,0.818,273.0,0.7909999999999999,273.0,0.8359999999999999,272.0,0.003,13.62,2.0,3.0,0.0,24.13,3.202,355.5,0.0,0.456,0.4899999999999999,0.3879999999999999,0.4149999999999999,0.4539999999999999,0.356,0.416,54.0,54.19,0.53,58.06,0.2839999999999999,0.0,22.41,22.22,22.32,-89.29999999999998,21.84,21.92,22.12,2.695,2.7,2.702,2.021,10.0,10.0,10.0,7.0,0.959,0.961,0.961,0.719,0.0,355.7,354.5,0.0,0.0,0.0,0.0,0.0,0.0,59.96,6000.0,8.849999999999998,-0.5,7.0,3.295,4.112,4.423,59.01,22.72,22.87,23.42,22.8,22.38,21.97,22.38,23.55,22.68,22.58,23.46,23.69,21.44,21.34,50.0,34.0,44.0,22.1,0.0,258.9,16.69,2.0,3.519,-1.0,0.68,1.1,4903
2015-12-24 14:56:00,0.0,0.0,2.6830000000000003,3.0,3.8,4.0,1.0,289768.0,32.0,0.0,75.59999999999998,59.5,60.0,2.872,9462.0,1373.0,1378.0,298602.0,3.026,-0.217,2.968,0.999,0.138,3.03,1.0,0.7149999999999999,270.6,272.6,274.0,274.0,0.818,273.0,0.7909999999999999,273.0,0.8359999999999999,272.0,0.003,13.62,2.0,3.0,0.0,24.1,3.165,357.2,0.0,0.457,0.4909999999999999,0.389,0.416,0.4539999999999999,0.3529999999999999,0.4139999999999999,53.83,54.06,0.53,57.82,0.2839999999999999,0.0,22.43,22.28,22.4,44.42,21.9,22.0,22.17,2.649,2.637,2.644,1.986,10.0,10.0,10.0,7.0,0.947,0.942,0.945,0.7099999999999999,0.0,357.5,356.1,0.0,0.0,0.0,0.0,0.0,0.0,59.96,6000.0,8.3,-0.498,7.0,3.23,4.04,4.338,58.68,22.83,22.98,23.51,22.92,22.48,22.07,22.48,23.64,22.75,22.68,23.54,23.79,21.43,21.35,50.0,34.0,44.0,22.15,0.0,234.6,20.56,2.0,3.519,-1.0,0.712,0.9,4903
2015-12-24 14:57:00,0.0,0.0,2.833,3.0,3.95,4.0,1.0,289768.0,32.0,0.0,75.59999999999998,59.5,60.0,2.893,9462.0,1373.0,1378.0,298602.0,3.062,-0.2019999999999999,3.018,0.999,0.122,3.064,1.0,0.7219999999999999,270.2,272.2,274.0,273.8,0.818,272.8,0.7909999999999999,273.0,0.8359999999999999,272.0,0.003,13.62,2.0,3.0,0.0,24.1,3.197,354.0,0.0,0.456,0.4889999999999999,0.389,0.416,0.451,0.3449999999999999,0.405,53.26,53.49,0.524,57.21,0.2839999999999999,0.0,22.51,22.32,22.4,122.6,21.92,22.01,22.22,2.69,2.688,2.6830000000000003,2.016,10.0,10.0,10.0,7.0,0.953,0.952,0.951,0.714,0.0,354.3,353.0,0.0,0.0,0.0,0.0,0.0,0.0,59.96,6000.0,8.75,-0.498,7.0,3.272,4.075,4.378,58.17,22.91,23.09,23.58,23.03,22.56,22.17,22.59,23.73,22.86,22.8,23.61,23.87,21.43,21.35,50.0,34.0,44.0,22.18,0.0,285.7,9.7,2.0,3.519,-1.0,0.7099999999999999,0.9,4903
2015-12-24 14:58:00,0.0,0.0,2.917,3.0,3.95,4.0,1.0,289768.0,32.0,0.0,75.59999999999998,59.5,60.0,2.897,9462.0,1373.0,1378.0,298602.0,3.065,-0.1719999999999999,3.003,0.999,0.126,3.068,1.0,0.7369999999999999,270.3,272.3,274.0,274.0,0.818,272.8,0.7909999999999999,273.0,0.8359999999999999,272.0,0.002,13.34,2.0,1.0,0.0,24.1,3.198,355.3,0.0,0.461,0.492,0.3929999999999999,0.4199999999999999,0.452,0.3449999999999999,0.4039999999999999,53.35,53.53,0.529,57.54,0.2849999999999999,0.001,22.51,22.41,22.47,-57.58,22.01,22.03,22.25,2.688,2.688,2.677,2.012,10.0,10.0,10.0,7.0,0.955,0.955,0.951,0.7149999999999999,0.0,355.3,354.2,0.0,0.0,0.0,0.0,0.0,0.0,59.96,6000.0,8.699999999999998,-0.498,7.0,3.277,4.078,4.392,58.64,23.0,23.18,23.66,23.13,22.66,22.26,22.68,23.81,22.96,22.93,23.69,23.95,21.41,21.4,50.0,34.0,44.0,22.21,0.0,280.8,17.13,2.0,3.519,-1.0,0.498,0.9,4903
2015-12-24 14:59:00,0.0,0.0,2.767,3.0,3.8,4.0,1.0,289768.0,32.0,0.0,75.59999999999998,59.5,60.0,2.873,9462.0,1373.0,1378.0,298602.0,3.047,-0.113,2.997,1.0,0.063,3.048,1.0,0.7219999999999999,270.3,272.2,274.0,273.8,0.818,272.7,0.7909999999999999,273.0,0.8359999999999999,272.0,0.005,13.62,2.0,3.0,0.0,24.08,3.167,362.1,0.0,0.481,0.513,0.411,0.44,0.4739999999999999,0.3639999999999999,0.4249999999999999,55.58,55.83,0.5529999999999999,59.96,0.2839999999999999,0.0,22.63,22.48,22.57,-68.89,22.08,22.11,22.31,2.6260000000000003,2.623,2.62,1.971,10.0,10.0,10.0,7.0,0.952,0.95,0.949,0.714,0.0,362.4,361.2,0.0,0.0,0.0,0.0,0.0,0.0,59.95,6000.0,8.38,-0.4729999999999999,7.0,3.26,4.072,4.37,61.0,23.08,23.29,23.74,23.23,22.75,22.35,22.76,23.91,23.07,23.06,23.79,24.03,21.4,21.4,50.0,34.0,44.0,22.26,0.0,302.4,13.5,2.0,3.519,-1.0,0.437,0.5,4903
2015-12-24 15:00:00,0.0,0.0,3.0,3.0,4.0,4.0,1.0,289768.0,32.0,0.746,75.59999999999998,59.5,60.0,3.332,9462.0,1373.0,1378.0,298602.0,3.503,-0.0599999999999999,3.42,0.267,0.008,3.503,1.0,0.7319999999999999,270.4,272.4,274.0,274.0,0.818,272.9,0.7909999999999999,273.0,0.8359999999999999,272.0,0.004,13.62,2.0,3.0,0.0,24.07,3.638,353.9,0.0,0.509,0.5429999999999999,0.4379999999999999,0.4679999999999999,0.507,0.392,0.4589999999999999,59.29,59.54,0.587,63.42,0.2849999999999999,0.0,22.7,22.54,22.62,45.79,22.19,22.21,22.4,3.031,3.029,3.03,2.272,10.0,10.0,10.0,7.0,1.072,1.071,1.072,0.804,0.0,353.9,353.0,0.0,0.0,0.0,0.0,0.0,0.0,59.94,6000.0,10.07,-0.4849999999999999,7.0,3.785,4.612,4.88,64.36,23.16,23.42,23.82,23.33,22.84,22.44,22.85,24.02,23.18,23.2,23.89,24.12,21.41,21.42,50.0,34.0,44.0,22.35,0.0,359.1,30.02,2.0,3.519,-1.0,0.27,0.5,4903
2015-12-24 15:01:00,0.0,0.0,3.0,3.033,4.0,4.033,1.0,289768.0,32.0,0.973,75.59999999999998,59.5,60.0,3.505,9462.0,1373.0,1378.0,298602.0,3.705,-0.108,3.613,0.967,0.033,3.705,1.0,0.7269999999999999,270.5,272.5,274.0,274.0,0.818,272.9,0.7909999999999999,273.0,0.8359999999999999,272.0,0.003,13.62,2.0,3.0,0.0,24.07,3.82,353.0,0.0,0.529,0.565,0.4579999999999999,0.4889999999999999,0.5329999999999999,0.4129999999999999,0.4839999999999999,61.98,62.22,0.6099999999999999,65.82,0.2849999999999999,0.0,22.82,22.62,22.69,-85.79999999999998,22.29,22.27,22.48,3.179,3.18,3.178,2.383,10.0,10.0,10.0,7.0,1.123,1.123,1.122,0.8409999999999999,0.0,353.2,352.0,0.0,0.0,0.0,0.0,0.0,0.0,59.95,6000.0,10.8,-0.495,7.0,4.023,4.842,5.143,66.65,23.25,23.54,23.91,23.42,22.92,22.55,22.93,24.13,23.29,23.36,23.99,24.21,21.48,21.43,50.0,34.0,44.0,22.41,0.0,348.9,27.4,2.0,3.519,-1.0,0.268,0.6999999999999998,4903
2015-12-24 15:02:00,0.0,0.0,3.0,3.25,4.0,4.25,1.0,289768.0,32.0,0.973,75.59999999999998,59.5,60.0,3.503,9462.0,1373.0,1378.0,298602.0,3.707,-0.233,3.607,0.999,0.139,3.709,1.0,0.7369999999999999,270.7,272.7,274.0,274.0,0.818,273.0,0.7909999999999999,273.0,0.8359999999999999,272.0,0.003,13.62,2.0,3.0,0.0,24.05,3.825,354.9,0.0,0.535,0.569,0.4639999999999999,0.496,0.542,0.4199999999999999,0.495,62.78,63.06,0.6159999999999999,66.3,0.2849999999999999,0.0,22.9,22.7,22.78,,22.39,22.34,22.51,3.165,3.1660000000000004,3.165,2.371,10.0,10.0,10.0,7.0,1.124,1.124,1.124,0.842,0.0,355.1,353.8,0.0,0.0,0.0,0.0,0.0,0.0,59.97,6000.0,10.7,-0.497,7.0,4.048,4.827,5.163,67.14,23.38,23.66,24.0,23.52,23.05,22.65,23.03,24.23,23.4,23.46,24.08,24.3,21.46,21.43,50.0,34.0,44.0,22.48,0.0,281.4,13.36,2.0,3.521,-1.0,0.7229999999999999,1.0,4903
2015-12-24 15:03:00,0.0,0.0,3.0,3.1,4.0,4.1,1.0,289768.0,32.0,0.971,75.59999999999998,59.5,60.0,3.497,9462.0,1373.0,1378.0,298602.0,3.68,-0.245,3.587,0.999,0.138,3.683,1.0,0.7319999999999999,270.5,272.5,274.0,274.0,0.818,273.0,0.7909999999999999,273.0,0.8359999999999999,272.0,0.002,13.62,2.0,1.0,0.0,24.04,3.8,344.7,0.0,0.521,0.555,0.452,0.4829999999999999,0.529,0.4089999999999999,0.4829999999999999,61.45,61.68,0.5989999999999999,64.62,0.2849999999999999,0.001,22.93,22.77,22.79,89.9,22.42,22.39,22.56,3.233,3.233,3.233,2.424,10.0,10.0,10.0,7.0,1.114,1.114,1.114,0.8349999999999999,0.0,344.7,343.8,0.0,0.0,0.0,0.0,0.0,0.0,59.97,6000.0,10.95,-0.4579999999999999,7.0,4.0,4.797,5.117,65.43,23.42,23.71,24.05,23.61,23.14,22.76,23.12,24.3,23.45,23.55,24.15,24.36,21.45,21.4,50.0,34.0,44.0,22.52,0.0,260.2,24.57,2.0,3.521,-1.0,0.477,0.6999999999999998,4903
2015-12-24 15:04:00,0.0,0.0,3.0,3.0,4.0,4.0,1.0,289768.0,32.0,0.969,75.59999999999998,59.5,60.0,3.35,9462.0,1373.0,1378.0,298602.0,3.518,-0.187,3.483,1.0,0.103,3.52,1.0,0.7199999999999999,270.9,272.9,274.0,274.0,0.818,273.0,0.7909999999999999,273.0,0.8359999999999999,272.0,0.004,13.33,2.0,1.0,0.0,24.04,3.645,321.3,0.0,0.502,0.536,0.436,0.466,0.509,0.392,0.4629999999999999,59.37,59.64,0.577,62.46,0.2849999999999999,0.001,23.0,22.8,22.87,-76.86,22.67,22.4,22.61,3.313,3.313,3.314,2.484,10.0,10.0,10.0,7.0,1.065,1.065,1.065,0.799,0.0,321.5,320.4,0.0,0.0,0.0,0.0,0.0,0.0,59.96,6000.0,11.0,-0.367,7.0,3.8,4.617,4.92,63.31,23.47,23.77,24.11,23.68,23.21,22.85,23.18,24.36,23.52,23.62,24.21,24.41,21.47,21.41,50.0,34.0,44.0,22.54,0.0,272.4,13.36,2.0,3.519,-1.0,0.5579999999999999,0.9,4903
2015-12-24 15:05:00,0.0,0.0,3.0,3.0,4.0,4.0,1.0,289768.0,32.0,0.972,75.59999999999998,59.5,60.0,3.272,9462.0,1373.0,1378.0,298602.0,3.445,-0.1499999999999999,3.398,1.0,0.0769999999999999,3.446,1.0,0.717,270.9,272.9,274.0,274.0,0.818,273.0,0.7909999999999999,273.0,0.8359999999999999,272.0,0.004,13.62,2.0,3.0,0.0,24.04,3.53,316.2,0.0,0.497,0.5329999999999999,0.4309999999999999,0.46,0.501,0.386,0.452,58.49,58.7,0.572,61.95,0.2839999999999999,0.0,23.06,22.87,22.89,-46.01,22.89,22.4,22.67,3.303,3.301,3.301,2.476,10.0,10.0,10.0,7.0,1.045,1.044,1.044,0.7829999999999999,0.0,316.4,315.4,0.0,0.0,0.0,0.0,0.0,0.0,59.95,6000.0,11.0,-0.327,7.0,3.7,4.52,4.817,62.77,23.53,23.82,24.14,23.74,23.25,22.92,23.23,24.41,23.56,23.65,24.25,24.44,21.46,21.38,50.0,34.0,44.0,22.58,0.0,263.6,18.56,2.0,3.519,-1.0,0.452,0.6999999999999998,4903
2015-12-24 15:06:00,0.0,0.0,3.0,3.0,4.0,4.0,1.0,289768.0,32.0,0.933,75.59999999999998,59.5,60.0,3.202,9462.0,1373.0,1378.0,298602.0,3.363,-0.187,3.315,0.999,0.115,3.365,1.0,0.7299999999999999,270.5,272.5,274.0,274.0,0.818,273.0,0.7909999999999999,273.0,0.8359999999999999,272.0,0.003,13.62,2.0,3.0,0.0,24.03,3.492,313.1,0.0,0.4939999999999999,0.529,0.4239999999999999,0.455,0.4899999999999999,0.377,0.4429999999999999,57.33,57.61,0.566,61.26,0.2839999999999999,0.0,23.09,22.9,22.95,-41.62,23.16,22.5,22.7,3.263,3.261,3.261,2.446,10.0,10.0,10.0,7.0,1.023,1.022,1.022,0.767,0.0,313.5,312.4,0.0,0.0,0.0,0.0,0.0,0.0,59.96,6000.0,10.97,-0.31,7.0,3.612,4.415,4.728,61.78,23.54,23.84,24.16,23.78,23.3,22.98,23.28,24.44,23.61,23.69,24.27,24.47,21.47,21.4,50.0,34.0,44.0,22.59,0.0,274.9,28.25,2.0,3.519,-1.0,0.455,0.8,4903
2015-12-24 15:07:00,0.0,0.0,3.0,3.0,4.0,4.0,1.0,289768.0,32.0,0.128,75.59999999999998,59.5,60.0,3.087,9462.0,1373.0,1378.0,298602.0,3.245,-0.208,3.202,0.999,0.125,3.247,1.0,0.7279999999999999,270.7,272.7,274.0,274.0,0.818,273.0,0.7909999999999999,273.0,0.8359999999999999,272.0,0.003,13.62,2.0,3.0,0.0,24.01,3.353,317.3,0.0,0.476,0.51,0.407,0.439,0.4689999999999999,0.3529999999999999,0.4229999999999999,55.0,55.27,0.5429999999999999,58.9,0.2839999999999999,0.0,23.09,22.9,22.99,-119.2,23.27,22.5,22.7,3.122,3.124,3.123,2.34,10.0,10.0,10.0,7.0,0.992,0.992,0.992,0.7440000000000001,0.0,317.7,316.6,0.0,0.0,0.0,0.0,0.0,0.0,59.96,6000.0,10.3,-0.335,7.0,3.478,4.282,4.59,59.27,23.56,23.87,24.17,23.81,23.33,23.01,23.3,24.45,23.58,23.7,24.27,24.48,21.5,21.39,50.0,34.0,44.0,22.59,0.0,320.9,26.78,2.0,3.521,-1.0,0.23,0.6999999999999998,4903
2015-12-24 15:08:00,0.0,0.0,3.0,3.0,4.0,4.0,2.0,289769.0,32.0,0.0,75.59999999999998,59.5,60.0,2.958,9462.0,1373.0,1378.0,298602.0,3.138,-0.2069999999999999,3.103,0.999,0.119,3.14,1.0,0.7229999999999999,270.6,272.6,274.0,274.0,0.818,273.0,0.7909999999999999,273.0,0.8359999999999999,272.0,0.003,13.62,2.0,3.0,0.0,24.01,3.21,317.4,0.0,0.462,0.495,0.3939999999999999,0.4259999999999999,0.4529999999999999,0.3339999999999999,0.407,53.61,53.85,0.525,57.14,0.2839999999999999,0.0,23.09,22.9,22.99,-0.57,23.41,22.5,22.67,3.034,3.032,3.035,2.274,10.0,10.0,10.0,7.0,0.964,0.963,0.964,0.7229999999999999,0.0,317.8,316.7,0.0,0.0,0.0,0.0,0.0,0.0,59.96,6000.0,10.0,-0.347,7.0,3.345,4.185,4.485,57.58,23.56,23.87,24.16,23.82,23.36,23.03,23.31,24.43,23.58,23.71,24.26,24.46,21.5,21.38,50.0,34.0,44.0,22.59,0.0,321.2,16.84,2.0,3.521,-1.0,0.4229999999999999,0.9,4903
2015-12-24 15:09:00,0.0,0.0,3.0,3.0,4.0,4.0,2.0,289769.0,32.0,0.0,75.59999999999998,59.5,60.0,2.985,9462.0,1373.0,1378.0,298602.0,3.147,-0.093,3.137,1.0,0.0459999999999999,3.148,1.0,0.7229999999999999,270.6,272.6,274.0,274.0,0.818,273.0,0.7909999999999999,273.0,0.8359999999999999,272.0,-0.031,13.34,2.0,1.0,0.0,24.01,3.242,318.1,0.0,0.461,0.4929999999999999,0.3929999999999999,0.4249999999999999,0.4539999999999999,0.332,0.405,53.99,54.19,0.522,57.2,0.2849999999999999,0.001,23.09,22.9,22.99,40.61,23.52,22.5,22.7,3.036,3.035,3.036,2.275,10.0,10.0,10.0,7.0,0.967,0.967,0.967,0.7249999999999999,0.0,318.5,317.4,0.0,0.0,0.0,0.0,0.0,0.0,59.94,6000.0,10.0,-0.3479999999999999,7.0,3.363,4.182,4.45,57.66,23.59,23.86,24.14,23.82,23.38,23.05,23.31,24.42,23.57,23.67,24.24,24.46,21.51,21.41,50.0,34.0,44.0,22.57,0.0,318.0,17.92,2.0,3.521,-1.0,0.3779999999999999,0.8,4903
2015-12-24 15:10:00,0.0,0.0,3.0,3.0,4.0,4.0,2.0,289769.0,32.0,0.08,75.59999999999998,59.5,60.0,3.1180000000000003,9462.0,1373.0,1378.0,298603.0,3.256,-0.252,3.207,0.999,0.158,3.26,1.0,0.7149999999999999,270.7,272.7,274.0,274.0,0.818,273.0,0.7909999999999999,273.0,0.8359999999999999,272.0,0.035,13.36,2.0,1.0,0.0,24.01,3.39,317.2,0.0,0.4729999999999999,0.506,0.407,0.4379999999999999,0.4679999999999999,0.3439999999999999,0.4179999999999999,55.63,55.89,0.536,58.87,0.2849999999999999,0.001,23.08,22.9,23.0,-16.13,23.63,22.5,22.64,3.14,3.138,3.137,2.353,10.0,10.0,10.0,7.0,0.997,0.997,0.996,0.747,0.0,317.6,316.4,0.0,0.0,0.0,0.0,0.0,0.0,59.97,6000.0,10.42,-0.332,7.0,3.498,4.303,4.605,59.47,23.59,23.88,24.15,23.84,23.35,23.01,23.32,24.42,23.58,23.67,24.25,24.46,21.48,21.4,50.0,34.0,44.0,22.57,0.0,283.6,18.61,2.0,3.519,-1.0,0.4899999999999999,0.8,4903
2015-12-24 15:11:00,0.0,0.0,3.0,3.017,4.0,4.017,2.0,289769.0,32.0,0.971,75.59999999999998,59.5,60.0,3.382,9462.0,1373.0,1378.0,298603.0,3.5460000000000003,-0.1669999999999999,3.485,1.0,0.0869999999999999,3.547,1.0,0.717,270.5,272.5,274.0,274.0,0.818,272.9,0.7909999999999999,273.0,0.8359999999999999,272.0,0.004,13.62,2.0,3.0,0.0,23.99,3.665,318.4,0.0,0.504,0.539,0.436,0.467,0.501,0.376,0.45,59.68,59.94,0.573,63.19,0.2849999999999999,0.0,23.09,22.9,22.97,-14.3,23.71,22.52,22.67,3.365,3.365,3.365,2.522,10.0,10.0,10.0,7.0,1.073,1.073,1.073,0.804,0.0,318.8,317.7,0.0,0.0,0.0,0.0,0.0,0.0,59.96,6000.0,11.2,-0.3379999999999999,7.0,3.832,4.647,4.938,63.74,23.62,23.9,24.17,23.86,23.41,23.08,23.35,24.43,23.61,23.69,24.26,24.48,21.49,21.43,50.0,34.0,44.0,22.6,0.0,274.0,8.96,2.0,3.519,-1.0,0.38,0.5999999999999999,4903
2015-12-24 15:12:00,0.0,0.0,3.367,4.0,4.017,5.0,2.0,289769.0,32.0,0.975,75.59999999999998,59.5,60.0,3.66,9462.0,1373.0,1378.0,298603.0,3.841,-0.155,3.772,1.0,0.059,3.842,1.0,0.7129999999999999,270.4,272.4,274.0,274.0,0.818,272.8,0.7909999999999999,273.0,0.8359999999999999,272.0,0.003,13.62,2.0,3.0,0.0,23.99,3.978,327.8,0.0,0.529,0.567,0.4589999999999999,0.492,0.53,0.402,0.4779999999999999,63.04,63.25,0.6049999999999999,66.75,0.2849999999999999,0.0,23.14,22.9,22.99,,23.81,22.5,22.7,3.514,3.514,3.515,2.634,10.0,10.0,10.0,7.0,1.153,1.153,1.154,0.8649999999999999,0.0,328.2,327.0,0.0,0.0,0.0,0.0,0.0,0.0,59.95,6000.0,11.97,-0.3879999999999999,7.0,4.172,4.997,5.282,67.14,23.62,23.92,24.2,23.89,23.43,23.12,23.38,24.46,23.64,23.71,24.28,24.5,21.5,21.46,50.0,34.0,44.0,22.63,0.0,315.9,20.94,2.0,3.519,-1.0,0.262,0.5,4903
2015-12-24 15:13:00,0.0,0.0,3.25,3.783,4.067,4.783,2.0,289769.0,32.0,0.975,75.59999999999998,59.5,60.0,3.643,9462.0,1373.0,1378.0,298603.0,3.811,-0.133,3.737,1.0,0.054,3.811,1.0,0.7299999999999999,270.1,272.1,274.0,274.0,0.818,272.7,0.7909999999999999,273.0,0.8359999999999999,272.0,0.003,13.62,2.0,3.0,0.0,23.99,3.945,326.3,0.0,0.525,0.563,0.457,0.4899999999999999,0.526,0.4,0.4779999999999999,62.81,63.03,0.6009999999999999,66.54,0.2849999999999999,0.0,23.19,22.9,23.0,-28.87,23.88,22.58,22.67,3.504,3.502,3.503,2.627,10.0,10.0,10.0,7.0,1.143,1.143,1.143,0.8569999999999999,0.0,326.3,325.4,0.0,0.0,0.0,0.0,0.0,0.0,59.95,6000.0,11.97,-0.3879999999999999,7.0,4.14,4.963,5.24,66.74,23.62,23.97,24.23,23.91,23.47,23.16,23.4,24.47,23.63,23.75,24.3,24.53,21.53,21.48,50.0,34.0,44.0,22.65,0.0,346.9,21.14,2.0,3.517,-1.0,0.503,0.6999999999999998,4903
2015-12-24 15:14:00,0.0,0.0,3.0,3.0,4.0,4.0,2.0,289769.0,32.0,0.8609999999999999,75.59999999999998,59.5,60.0,3.355,9462.0,1373.0,1378.0,298603.0,3.518,-0.072,3.432,0.633,0.016,3.518,1.0,0.7269999999999999,270.1,272.1,274.0,273.9,0.818,272.3,0.7909999999999999,273.0,0.8359999999999999,272.0,0.003,13.62,2.0,3.0,0.0,23.99,3.635,333.9,0.0,0.4879999999999999,0.524,0.422,0.455,0.4849999999999999,0.3639999999999999,0.442,58.18,58.44,0.557,61.82,0.2839999999999999,0.0,23.19,22.9,23.02,-23.19,23.94,22.57,22.69,3.1910000000000003,3.19,3.1910000000000003,2.392,10.0,10.0,10.0,7.0,1.067,1.0659999999999998,1.067,0.8,0.0,334.3,333.2,0.0,0.0,0.0,0.0,0.0,0.0,59.94,6000.0,10.65,-0.397,7.0,3.803,4.622,4.908,61.93,23.65,23.98,24.23,23.92,23.46,23.17,23.41,24.48,23.63,23.77,24.3,24.54,21.51,21.46,50.0,34.0,44.0,22.64,0.0,306.8,18.01,2.0,3.519,-1.0,0.7399999999999999,1.1,4903
2015-12-24 15:15:00,0.0,0.0,2.633,2.967,3.7,3.967,2.0,289769.0,32.0,0.0,75.59999999999998,59.5,60.0,2.882,9462.0,1373.0,1378.0,298603.0,3.043,-0.125,3.007,1.0,0.079,3.044,1.0,0.7269999999999999,270.0,272.0,274.0,273.9,0.818,272.1,0.7909999999999999,273.0,0.8359999999999999,272.0,-0.0279999999999999,13.35,2.0,1.0,0.0,23.99,3.153,333.7,0.0,0.432,0.465,0.3689999999999999,0.402,0.4249999999999999,0.314,0.391,51.64,51.88,0.492,55.26,0.2849999999999999,0.001,23.19,22.9,23.02,30.2,23.75,22.57,22.65,2.818,2.8160000000000003,2.817,2.111,10.0,10.0,10.0,7.0,0.941,0.941,0.941,0.7049999999999998,0.0,334.0,332.8,0.0,0.0,0.0,0.0,0.0,0.0,59.95,6000.0,9.23,-0.4,7.0,3.253,4.053,4.343,54.99,23.62,23.97,24.22,23.91,23.46,23.17,23.4,24.45,23.59,23.74,24.27,24.52,21.48,21.44,50.0,34.0,44.0,22.63,0.0,296.4,18.12,2.0,3.519,-1.0,0.818,1.1,4903
2015-12-24 15:16:00,0.0,0.0,2.0,2.017,3.0,3.017,2.0,289769.0,32.0,0.0,75.59999999999998,59.5,60.0,2.422,9462.0,1373.0,1378.0,298603.0,2.567,-0.125,2.557,0.999,0.096,2.569,1.0,0.7269999999999999,270.1,272.1,274.0,273.7,0.818,272.2,0.7909999999999999,273.0,0.8359999999999999,272.0,0.034,13.41,2.0,3.0,0.0,23.99,2.685,331.9,0.0,0.375,0.4039999999999999,0.318,0.3499999999999999,0.3679999999999999,0.27,0.3429999999999999,44.88,45.17,0.427,47.92,0.286,0.001,23.19,22.9,22.99,62.57,23.64,22.53,22.61,2.452,2.451,2.4530000000000003,1.839,10.0,10.0,10.0,7.0,0.815,0.814,0.815,0.6109999999999999,0.0,332.2,330.9,0.0,0.0,0.0,0.0,0.0,0.0,59.95,6000.0,7.7,-0.4,7.0,2.702,3.515,3.795,47.98,23.57,23.94,24.18,23.9,23.47,23.15,23.39,24.4,23.55,23.71,24.21,24.48,21.47,21.44,50.0,34.0,44.0,22.61,0.0,295.1,19.86,2.0,3.521,-1.0,0.4929999999999999,0.9,4903
2015-12-24 15:17:00,0.0,0.0,1.5830000000000002,1.967,2.6830000000000003,2.967,2.0,289769.0,32.0,0.0,75.59999999999998,59.5,60.0,1.98,9462.0,1373.0,1378.0,298603.0,2.1180000000000003,-0.0749999999999999,2.147,0.999,0.072,2.12,1.0,0.7129999999999999,270.0,272.0,274.0,273.7,0.818,272.2,0.7909999999999999,273.0,0.8359999999999999,272.0,0.004,13.62,2.0,3.0,0.0,23.98,2.227,330.2,0.0,0.3229999999999999,0.3479999999999999,0.273,0.3019999999999999,0.318,0.225,0.2939999999999999,39.11,39.45,0.3649999999999999,41.15,0.2839999999999999,0.0,23.09,22.82,22.93,76.75,23.48,22.5,22.52,2.104,2.103,2.104,1.577,10.0,10.0,10.0,7.0,0.695,0.695,0.695,0.521,0.0,330.4,329.2,0.0,0.0,0.0,0.0,0.0,0.0,59.94,6000.0,6.4670000000000005,-0.3979999999999999,7.0,2.19,3.022,3.283,41.28,23.54,23.86,24.12,23.85,23.42,23.13,23.35,24.34,23.49,23.64,24.15,24.42,21.46,21.45,50.0,34.0,44.0,22.56,0.0,311.5,29.64,2.0,3.514,-1.0,0.7419999999999999,1.1,4903
2015-12-24 15:18:00,0.0,0.0,1.0,1.0,2.0,2.0,2.0,289769.0,32.0,0.0,75.59999999999998,59.5,60.0,1.588,9462.0,1373.0,1378.0,298603.0,1.717,-0.1749999999999999,1.788,0.995,0.1739999999999999,1.726,1.0,0.7229999999999999,270.1,272.1,274.0,273.8,0.818,272.6,0.7909999999999999,273.0,0.8359999999999999,271.9,0.004,13.62,2.0,3.0,0.0,23.98,1.832,330.6,0.0,0.2769999999999999,0.2989999999999999,0.233,0.258,0.268,0.183,0.25,33.31,33.7,0.311,35.27,0.283,0.0,23.08,22.75,22.89,46.74,23.32,22.42,22.48,1.7819999999999998,1.779,1.779,1.334,10.0,10.0,10.0,7.0,0.5899999999999999,0.5889999999999999,0.5889999999999999,0.441,0.0,331.0,329.7,0.0,0.0,0.0,0.0,0.0,0.0,59.96,6000.0,5.332999999999999,-0.3979999999999999,7.0,1.768,2.568,2.832,35.42,23.43,23.74,24.02,23.78,23.34,23.09,23.28,24.22,23.36,23.5,24.03,24.32,21.43,21.43,50.0,34.0,44.0,22.51,0.0,297.5,10.86,2.0,3.519,-1.0,1.18,1.8,4903
2015-12-24 15:19:00,0.0,0.0,1.0,1.0,1.983,2.0,2.0,289769.0,32.0,0.0,75.59999999999998,59.5,60.0,1.265,9462.0,1373.0,1378.0,298603.0,1.391,-0.1769999999999999,1.472,0.99,0.186,1.404,1.0,0.7229999999999999,270.1,272.1,274.0,273.8,0.818,272.4,0.7909999999999999,273.0,0.8359999999999999,272.0,0.003,13.62,2.0,3.0,0.0,23.97,1.485,332.1,0.0,0.241,0.26,0.1989999999999999,0.2189999999999999,0.228,0.153,0.2099999999999999,28.71,29.1,0.2689999999999999,30.64,0.283,0.0,22.98,22.7,22.79,3.176,23.12,22.37,22.38,1.513,1.5119999999999998,1.513,1.133,10.0,10.0,10.0,7.0,0.503,0.502,0.503,0.377,0.0,332.4,331.1,0.0,0.0,0.0,0.0,0.0,0.0,59.95,6000.0,4.333,-0.4,7.0,1.382,2.16,2.422,30.92,23.31,23.61,23.89,23.69,23.25,23.0,23.19,24.11,23.22,23.4,23.91,24.2,21.39,21.43,50.0,34.0,44.0,22.43,0.0,302.2,13.55,2.0,3.521,-1.0,0.945,1.4,4903
2015-12-24 15:20:00,0.0,0.0,0.9,0.983,1.017,1.933,2.0,289769.0,32.0,0.0,75.59999999999998,59.5,60.0,0.985,9462.0,1373.0,1378.0,298603.0,1.106,-0.1799999999999999,1.242,0.982,0.214,1.127,1.0,0.7149999999999999,270.1,272.1,274.0,274.0,0.818,272.4,0.7909999999999999,273.0,0.8359999999999999,272.0,0.003,13.62,2.0,3.0,0.0,23.96,1.195,334.0,0.0,0.2089999999999999,0.226,0.1689999999999999,0.187,0.1939999999999999,0.127,0.178,24.73,25.15,0.233,26.74,0.283,0.0,22.9,22.57,22.72,1.771,22.87,22.26,22.3,1.281,1.28,1.28,0.96,10.0,10.0,10.0,7.0,0.4279999999999999,0.4279999999999999,0.4279999999999999,0.321,0.0,334.1,333.0,0.0,0.0,0.0,0.0,0.0,0.0,59.96,6000.0,3.217,-0.4,7.0,1.198,1.853,2.102,27.08,23.2,23.48,23.76,23.58,23.15,22.91,23.08,23.98,23.06,23.28,23.79,24.07,21.38,21.38,49.88,34.0,44.0,22.34,0.0,296.2,17.64,2.0,3.519,-1.0,0.7099999999999999,1.3,4903
2015-12-24 15:21:00,0.0,0.0,0.0,0.0,1.0,1.0,2.0,289769.0,32.0,0.0,75.59999999999998,59.5,60.0,0.802,9462.0,1373.0,1378.0,298603.0,0.947,-0.107,1.1,0.985,0.166,0.962,1.0,0.7419999999999999,270.0,272.0,274.0,274.0,0.818,272.2,0.7909999999999999,273.0,0.8359999999999999,272.0,-0.0279999999999999,13.35,2.0,1.0,0.0,23.96,1.067,336.9,0.0,0.191,0.2069999999999999,0.154,0.1719999999999999,0.1789999999999999,0.12,0.166,22.85,23.31,0.214,24.79,0.283,0.001,22.8,22.49,22.65,74.42,22.72,22.19,22.22,1.149,1.148,1.148,0.8599999999999999,10.0,10.0,10.0,7.0,0.387,0.387,0.387,0.2899999999999999,0.0,337.2,336.0,0.0,0.0,0.0,0.0,0.0,0.0,59.95,6000.0,3.0,-0.4,7.0,1.1,1.7280000000000002,1.917,25.08,23.11,23.36,23.65,23.48,23.04,22.83,22.99,23.86,22.94,23.16,23.66,23.96,21.37,21.36,49.0,34.0,44.0,22.24,0.0,300.8,42.37,2.0,3.519,-1.0,0.5879999999999999,1.3,4903
2015-12-24 15:22:00,0.0,0.0,0.1499999999999999,0.1499999999999999,1.0,1.0,2.0,289769.0,32.0,0.0,75.59999999999998,59.5,60.0,0.8,9462.0,1373.0,1378.0,298603.0,0.943,-0.1419999999999999,1.1,0.978,0.198,0.963,1.0,0.7319999999999999,270.2,272.2,274.0,274.0,0.818,272.6,0.7909999999999999,273.0,0.8359999999999999,272.0,0.033,13.35,2.0,1.0,0.0,23.96,1.058,336.3,0.0,0.19,0.2019999999999999,0.153,0.1689999999999999,0.176,0.123,0.162,22.66,23.11,0.2129999999999999,24.62,0.2849999999999999,0.001,22.7,22.39,22.53,37.64,22.58,22.11,22.12,1.148,1.146,1.149,0.8609999999999999,10.0,10.0,10.0,7.0,0.386,0.385,0.387,0.2899999999999999,0.0,336.5,335.3,0.0,0.0,0.0,0.0,0.0,0.0,59.95,6000.0,3.0,-0.4,7.0,1.1,1.703,1.917,24.9,23.04,23.25,23.56,23.4,22.98,22.75,22.91,23.75,22.85,23.06,23.56,23.87,21.37,21.37,49.0,34.0,44.0,22.18,0.0,272.5,35.62,2.0,3.518,-1.0,0.432,1.1,4903
2015-12-24 15:23:00,0.0,0.0,0.0,0.083,1.0,1.083,2.0,289769.0,32.0,0.0,75.59999999999998,59.5,60.0,0.815,9462.0,1373.0,1378.0,298603.0,0.962,-0.158,1.1,0.976,0.2119999999999999,0.985,1.0,0.7399999999999999,270.6,272.6,274.0,274.0,0.818,273.0,0.7909999999999999,273.0,0.8359999999999999,272.0,0.004,13.62,2.0,3.0,0.0,23.96,1.08,328.8,0.0,0.186,0.2,0.1489999999999999,0.1639999999999999,0.1719999999999999,0.119,0.159,22.22,22.66,0.2089999999999999,24.15,0.283,0.0,22.65,22.31,22.45,36.38,22.4,22.07,22.1,1.186,1.1840000000000002,1.185,0.889,10.0,10.0,10.0,8.0,0.39,0.39,0.39,0.2919999999999999,0.0,329.1,327.8,0.0,0.0,0.0,0.0,0.0,0.0,59.96,6000.0,3.0,-0.4,7.0,1.1,1.707,1.965,24.55,22.99,23.18,23.48,23.31,22.86,22.65,22.82,23.66,22.79,22.96,23.46,23.78,21.41,21.38,48.2,34.0,44.0,22.09,0.0,249.2,75.65999999999998,2.0,3.519,-1.0,0.223,0.5999999999999999,4903
2015-12-24 15:24:00,0.0,0.0,0.0,0.0,1.0,1.0,2.0,289769.0,32.0,0.0,75.59999999999998,59.5,60.0,0.7249999999999999,9462.0,1373.0,1378.0,298603.0,0.824,-0.198,1.073,0.962,0.233,0.8559999999999999,1.0,0.7279999999999999,270.1,272.1,274.0,274.0,0.818,272.3,0.7909999999999999,273.0,0.8359999999999999,272.0,0.004,13.62,2.0,3.0,0.0,23.96,0.92,330.9,0.0,0.17,0.183,0.1369999999999999,0.152,0.16,0.109,0.1469999999999999,20.86,21.32,0.192,22.32,0.283,0.0,22.56,22.25,22.42,46.92,22.34,22.01,22.01,1.068,1.067,1.067,0.799,10.0,10.0,10.0,8.0,0.3539999999999999,0.3529999999999999,0.3539999999999999,0.265,0.0,331.3,329.9,0.0,0.0,0.0,0.0,0.0,0.0,59.96,6000.0,2.567,-0.4,7.0,1.053,1.617,1.842,22.7,22.92,23.1,23.4,23.23,22.76,22.55,22.74,23.57,22.71,22.87,23.37,23.7,21.43,21.37,48.0,34.0,44.0,22.03,0.0,271.8,19.36,2.0,3.519,-1.0,0.357,0.6999999999999998,4903
2015-12-24 15:25:00,0.0,0.0,0.0,0.0,1.0,1.0,2.0,289769.0,32.0,0.0,75.59999999999998,59.5,60.0,0.5879999999999999,9462.0,1373.0,1378.0,298603.0,0.7219999999999999,-0.157,0.977,0.958,0.217,0.753,1.0,0.7349999999999999,270.0,272.0,274.0,273.8,0.818,272.1,0.7909999999999999,273.0,0.8359999999999999,272.0,0.003,13.62,2.0,3.0,0.0,23.95,0.802,331.0,0.0,0.158,0.1689999999999999,0.129,0.1409999999999999,0.1469999999999999,0.098,0.13,19.35,19.83,0.1769999999999999,20.72,0.283,0.0,22.49,22.18,22.34,30.18,22.18,21.93,21.94,0.988,0.985,0.985,0.7379999999999999,10.0,10.0,10.0,8.0,0.327,0.327,0.326,0.2439999999999999,0.0,331.4,330.0,0.0,0.0,0.0,0.0,0.0,0.0,59.96,6000.0,2.0,-0.4,7.0,0.988,1.525,1.742,21.09,22.85,23.03,23.31,23.14,22.71,22.5,22.65,23.48,22.62,22.79,23.28,23.62,21.42,21.34,48.0,34.0,44.0,21.97,0.0,262.4,24.09,2.0,3.518,-1.0,0.5779999999999998,0.9,4903
2015-12-24 15:26:00,0.0,0.0,0.0,0.0,1.0,1.0,2.0,289769.0,32.0,0.0,75.59999999999998,59.5,60.0,0.513,9462.0,1373.0,1378.0,298603.0,0.654,-0.165,0.922,0.945,0.2269999999999999,0.692,1.0,0.7319999999999999,270.1,272.1,274.0,273.9,0.818,272.6,0.7909999999999999,273.0,0.8359999999999999,272.0,0.003,13.62,2.0,3.0,0.0,23.95,0.778,330.1,0.0,0.1499999999999999,0.159,0.121,0.131,0.134,0.0869999999999999,0.115,17.92,18.43,0.1669999999999999,19.66,0.283,0.0,22.39,22.12,22.27,24.99,22.08,21.9,21.89,0.935,0.933,0.932,0.699,10.0,10.0,10.0,8.0,0.309,0.308,0.308,0.231,0.0,330.4,329.1,0.0,0.0,0.0,0.0,0.0,0.0,59.96,6000.0,2.0,-0.4,7.0,0.955,1.493,1.692,20.09,22.76,22.95,23.22,23.06,22.66,22.44,22.57,23.39,22.52,22.72,23.19,23.53,21.41,21.32,48.0,34.0,44.0,21.9,0.0,239.8,18.88,2.0,3.517,-1.0,0.6049999999999999,0.9,4903
2015-12-24 15:27:00,0.0,0.0,0.0,0.0,1.0,1.0,2.0,289769.0,32.0,0.0,75.59999999999998,59.5,60.0,0.5,9462.0,1373.0,1378.0,298603.0,0.592,-0.19,0.8569999999999999,0.933,0.2289999999999999,0.634,1.0,0.7269999999999999,270.4,272.4,274.0,274.0,0.818,272.9,0.7909999999999999,273.0,0.8359999999999999,272.0,-0.0279999999999999,13.33,2.0,1.0,0.0,23.93,0.695,332.3,0.0,0.143,0.151,0.113,0.125,0.125,0.0819999999999999,0.111,17.04,17.59,0.159,18.99,0.283,0.001,22.3,22.05,22.21,30.25,22.0,21.82,21.84,0.882,0.88,0.8809999999999998,0.6609999999999999,10.0,10.0,10.0,8.0,0.2929999999999999,0.2929999999999999,0.2929999999999999,0.22,0.0,332.7,331.4,0.0,0.0,0.0,0.0,0.0,0.0,59.96,6000.0,2.0,-0.4,7.0,0.898,1.412,1.605,19.43,22.66,22.87,23.15,22.99,22.61,22.38,22.5,23.31,22.48,22.66,23.12,23.45,21.36,21.27,48.0,34.0,44.0,21.83,0.0,205.5,9.38,2.0,3.519,-1.0,0.562,0.6999999999999998,4903
2015-12-24 15:28:00,0.0,0.0,0.0,0.0,1.0,1.0,2.0,289769.0,32.0,0.0,75.59999999999998,59.5,60.0,0.53,9462.0,1373.0,1378.0,298603.0,0.66,-0.157,0.925,0.955,0.203,0.69,1.0,0.7269999999999999,270.2,272.2,274.0,273.9,0.818,272.6,0.7909999999999999,273.0,0.8359999999999999,272.0,0.034,13.35,2.0,1.0,0.0,23.93,0.775,330.8,0.0,0.1469999999999999,0.156,0.1159999999999999,0.128,0.133,0.094,0.119,17.86,18.36,0.166,19.85,0.2839999999999999,0.001,22.22,22.0,22.11,29.83,21.92,21.79,21.78,0.939,0.939,0.94,0.704,10.0,10.0,10.0,8.0,0.311,0.311,0.311,0.233,0.0,331.2,329.9,0.0,0.0,0.0,0.0,0.0,0.0,59.95,6000.0,2.0,-0.4,7.0,0.918,1.483,1.682,20.29,22.61,22.8,23.07,22.92,22.54,22.31,22.44,23.23,22.41,22.59,23.03,23.37,21.29,21.21,47.47,34.0,44.0,21.76,0.0,212.2,21.59,2.0,3.519,-1.0,0.4379999999999999,0.6999999999999998,4903
2015-12-24 15:29:00,0.0,0.0,0.0,0.0,1.0,1.0,2.0,289769.0,32.0,0.0,75.59999999999998,59.5,60.0,0.517,9462.0,1373.0,1378.0,298603.0,0.665,-0.08,0.922,0.973,0.156,0.6829999999999999,1.0,0.7249999999999999,270.4,272.3,274.0,273.8,0.818,272.8,0.7909999999999999,273.0,0.8359999999999999,272.0,0.004,13.62,2.0,3.0,0.0,23.93,0.773,326.9,0.0,0.1449999999999999,0.154,0.115,0.127,0.135,0.095,0.124,18.06,18.56,0.1639999999999999,19.7,0.2819999999999999,0.0,22.13,21.92,22.05,43.21,21.83,21.72,21.73,0.949,0.947,0.947,0.7099999999999999,10.0,10.0,10.0,8.0,0.31,0.31,0.31,0.2319999999999999,0.0,327.2,325.9,0.0,0.0,0.0,0.0,0.0,0.0,59.94,6000.0,2.0,-0.395,7.0,0.9,1.5,1.67,20.03,22.56,22.75,23.01,22.86,22.48,22.26,22.38,23.16,22.35,22.52,22.97,23.32,21.3,21.2,47.0,34.0,44.0,21.71,0.0,215.5,16.12,2.0,3.519,-1.0,0.27,0.5,4903
2015-12-24 15:30:00,0.0,0.0,0.0,0.0,1.0,1.0,2.0,289769.0,32.0,0.0,75.59999999999998,59.5,60.0,0.5,9462.0,1373.0,1378.0,298603.0,0.626,-0.1369999999999999,0.92,0.953,0.198,0.657,1.0,0.7229999999999999,270.1,272.1,274.0,273.6,0.818,272.5,0.7909999999999999,273.0,0.8359999999999999,272.0,0.004,13.62,2.0,3.0,0.0,23.93,0.7379999999999999,323.7,0.0,0.138,0.1489999999999999,0.1119999999999999,0.123,0.13,0.089,0.1159999999999999,17.53,18.04,0.158,18.86,0.2819999999999999,0.0,22.12,21.89,22.01,35.56,21.74,21.64,21.73,0.926,0.925,0.926,0.693,10.0,10.0,10.0,8.0,0.2999999999999999,0.2999999999999999,0.2999999999999999,0.225,0.0,324.1,322.7,0.0,0.0,0.0,0.0,0.0,0.0,59.95,6000.0,2.0,-0.385,7.0,0.923,1.5,1.642,19.24,22.5,22.7,22.94,22.8,22.42,22.2,22.31,23.09,22.3,22.46,22.9,23.26,21.3,21.21,47.0,34.0,44.0,21.66,0.0,257.7,16.84,2.0,3.519,-1.0,0.288,0.4,4903
2015-12-24 15:31:00,0.0,0.0,0.0,0.0,1.0,1.0,2.0,289769.0,32.0,0.0,75.59999999999998,59.5,60.0,0.563,9462.0,1373.0,1378.0,298603.0,0.695,-0.128,0.962,0.967,0.182,0.719,1.0,0.7249999999999999,270.3,272.3,274.0,273.8,0.818,272.6,0.7909999999999999,273.0,0.8359999999999999,271.9,0.003,13.62,2.0,3.0,0.0,23.93,0.8,321.4,0.0,0.1469999999999999,0.159,0.121,0.132,0.136,0.089,0.118,18.09,18.61,0.166,19.8,0.2819999999999999,0.0,22.04,21.83,22.0,35.57,21.71,21.62,21.67,0.987,0.986,0.987,0.7399999999999999,10.0,10.0,10.0,8.0,0.318,0.317,0.317,0.238,0.0,321.7,320.5,0.0,0.0,0.0,0.0,0.0,0.0,59.95,6000.0,2.0,-0.3829999999999999,7.0,0.955,1.5,1.7,20.02,22.48,22.67,22.89,22.74,22.37,22.12,22.24,23.03,22.23,22.43,22.83,23.21,21.33,21.23,47.0,34.0,44.0,21.61,0.0,330.1,66.29,2.0,3.517,-1.0,0.1449999999999999,0.2999999999999999,4903
2015-12-24 15:32:00,0.0,0.0,0.0,0.0,1.0,1.0,2.0,289769.0,32.0,0.0,75.59999999999998,59.5,60.0,0.465,9462.0,1373.0,1378.0,298603.0,0.563,-0.143,0.8619999999999999,0.939,0.1989999999999999,0.5979999999999999,1.0,0.7149999999999999,270.5,272.4,274.0,273.8,0.818,272.7,0.7909999999999999,273.0,0.8359999999999999,272.0,0.003,13.63,2.0,3.0,0.0,23.91,0.64,311.7,0.0,0.13,0.14,0.104,0.119,0.118,0.0729999999999999,0.11,15.94,16.46,0.1469999999999999,17.56,0.2819999999999999,0.0,21.92,21.79,21.92,-3.048,21.62,21.55,21.63,0.8959999999999999,0.895,0.8959999999999999,0.6709999999999999,10.0,10.0,10.0,8.0,0.28,0.2789999999999999,0.28,0.2099999999999999,0.0,312.1,310.9,0.0,0.0,0.0,0.0,0.0,0.0,59.95,6000.0,1.983,-0.3279999999999999,7.0,0.9,1.395,1.575,17.7,22.43,22.59,22.8,22.67,22.3,22.05,22.16,22.94,22.19,22.38,22.74,23.14,21.37,21.26,47.0,34.0,44.0,21.54,0.0,104.1,34.74,2.0,3.519,-1.0,0.22,0.2999999999999999,4903
2015-12-24 15:33:00,0.0,0.0,0.0,0.0,1.0,1.0,2.0,289769.0,32.0,0.0,75.59999999999998,59.5,60.0,0.263,9462.0,1373.0,1378.0,298603.0,0.39,-0.255,0.8,0.8,0.2899999999999999,0.4879999999999999,1.0,0.7179999999999999,270.6,272.6,274.0,274.0,0.818,273.0,0.7909999999999999,273.0,0.8359999999999999,272.0,-0.027,13.33,2.0,1.0,0.0,23.9,0.487,308.8,0.0,0.103,0.1119999999999999,0.081,0.093,0.0969999999999999,0.062,0.0919999999999999,14.03,14.52,0.12,15.21,0.283,0.001,21.78,21.7,21.79,-12.5,21.52,21.46,21.57,0.758,0.757,0.758,0.568,10.0,10.0,10.0,8.0,0.2339999999999999,0.2339999999999999,0.2339999999999999,0.176,0.0,309.2,308.0,0.0,0.0,0.0,0.0,0.0,0.0,59.97,6000.0,1.233,-0.322,7.0,0.91,1.25,1.4980000000000002,14.89,22.31,22.43,22.65,22.53,22.15,21.91,21.99,22.79,22.04,22.25,22.6,22.98,21.35,21.26,46.88,34.0,44.0,21.4,0.0,218.8,8.099999999999998,2.0,3.519,-1.0,0.643,0.8,4903
2015-12-24 15:34:00,0.0,0.0,0.0,0.0,1.0,1.0,2.0,289769.0,32.0,0.0,75.59999999999998,59.5,60.0,0.315,9462.0,1373.0,1378.0,298603.0,0.432,-0.1799999999999999,0.8,0.875,0.23,0.492,1.0,0.7129999999999999,270.5,272.5,274.0,274.0,0.818,273.0,0.7909999999999999,273.0,0.8359999999999999,272.0,0.033,13.57,2.0,3.0,0.0,23.9,0.507,306.0,0.0,0.098,0.109,0.081,0.0899999999999999,0.1,0.066,0.089,14.43,14.99,0.121,15.45,0.2819999999999999,0.001,21.53,21.45,21.54,38.73,21.31,21.25,21.39,0.8,0.7979999999999999,0.799,0.5979999999999999,10.0,10.0,10.0,8.0,0.245,0.2439999999999999,0.245,0.183,0.0,306.3,305.0,0.0,0.0,0.0,0.0,0.0,0.0,59.96,6000.0,1.617,-0.2999999999999999,7.0,0.9,1.2819999999999998,1.4780000000000002,15.41,22.08,22.19,22.42,22.29,21.92,21.72,21.76,22.53,21.83,21.99,22.35,22.73,21.32,21.2,46.0,34.0,44.0,21.16,0.0,218.1,12.58,2.0,3.519,-1.0,0.7429999999999999,1.0,4903
2015-12-24 15:35:00,0.0,0.0,0.0,0.0,1.0,1.0,2.0,289769.0,32.0,0.0,75.59999999999998,59.5,60.0,0.487,9462.0,1373.0,1378.0,298603.0,0.5899999999999999,-0.122,0.875,0.95,0.192,0.62,1.0,0.717,270.5,272.5,274.0,274.0,0.818,272.8,0.7909999999999999,273.0,0.8359999999999999,272.0,0.004,13.62,2.0,3.0,0.0,23.9,0.667,306.7,0.0,0.1119999999999999,0.124,0.095,0.106,0.118,0.0749999999999999,0.1,16.91,17.43,0.139,17.98,0.2819999999999999,0.0,21.29,21.28,21.33,45.44,21.12,21.07,21.24,0.933,0.932,0.933,0.699,10.0,10.0,10.0,8.0,0.2869999999999999,0.286,0.286,0.215,0.0,307.1,305.9,0.0,0.0,0.0,0.0,0.0,0.0,59.95,6000.0,2.0,-0.3019999999999999,7.0,0.9,1.4,1.58,17.66,21.86,22.01,22.23,22.09,21.75,21.54,21.55,22.32,21.65,21.77,22.14,22.52,21.3,21.14,46.0,34.0,44.0,20.94,0.0,154.7,20.12,2.0,3.519,-1.0,0.577,0.6999999999999998,4903
2015-12-24 15:36:00,0.0,0.0,0.0,0.0,1.0,1.0,2.0,289769.0,32.0,0.0,75.59999999999998,59.5,60.0,0.502,9462.0,1373.0,1378.0,298603.0,0.634,-0.107,0.903,0.966,0.171,0.657,1.0,0.7149999999999999,270.3,272.3,274.0,273.8,0.818,272.7,0.7909999999999999,273.0,0.8359999999999999,272.0,0.004,13.62,2.0,3.0,0.0,23.88,0.7269999999999999,303.1,0.0,0.114,0.126,0.0969999999999999,0.11,0.122,0.0709999999999999,0.105,17.52,18.02,0.143,18.7,0.2819999999999999,0.0,21.18,21.13,21.2,36.71,21.01,20.91,21.11,0.978,0.976,0.978,0.7329999999999999,10.0,10.0,10.0,8.0,0.2969999999999999,0.296,0.2969999999999999,0.222,0.0,303.6,302.5,0.0,0.0,0.0,0.0,0.0,0.0,59.95,6000.0,2.0,-0.2999999999999999,7.0,0.9,1.4480000000000002,1.625,18.24,21.74,21.84,22.07,21.92,21.61,21.38,21.4,22.13,21.52,21.58,21.97,22.36,21.3,21.0,46.0,34.0,44.0,20.82,0.0,126.1,11.6,2.0,3.519,-1.0,0.6029999999999999,0.8,4903
2015-12-24 15:37:00,0.0,0.0,0.0,0.0,1.0,1.0,2.0,289769.0,32.0,0.0,75.59999999999998,59.5,60.0,0.455,9462.0,1373.0,1378.0,298603.0,0.5379999999999999,-0.198,0.8549999999999999,0.91,0.2389999999999999,0.5899999999999999,1.0,0.7269999999999999,270.5,272.5,274.0,274.0,0.818,273.0,0.7909999999999999,273.0,0.8359999999999999,272.0,0.003,13.62,2.0,3.0,0.0,23.87,0.5949999999999999,307.0,0.0,0.1,0.111,0.084,0.0969999999999999,0.111,0.062,0.0969999999999999,16.26,16.75,0.127,17.22,0.283,0.0,21.02,20.98,21.07,28.45,20.91,20.8,21.0,0.8859999999999999,0.885,0.885,0.6629999999999999,10.0,10.0,10.0,8.0,0.272,0.272,0.272,0.2039999999999999,0.0,307.5,306.5,0.0,0.0,0.0,0.0,0.0,0.0,59.96,6000.0,2.0,-0.2999999999999999,7.0,0.903,1.352,1.57,16.86,21.61,21.68,21.92,21.8,21.51,21.28,21.28,21.97,21.4,21.41,21.81,22.23,21.29,20.86,46.0,34.0,44.0,20.71,0.0,132.4,14.84,2.0,3.521,-1.0,0.31,0.5,4903
2015-12-24 15:38:00,0.0,0.0,0.0,0.0,1.0,1.0,2.0,289769.0,32.0,0.0,75.59999999999998,59.5,60.0,0.325,9462.0,1373.0,1378.0,298603.0,0.442,-0.203,0.8,0.87,0.25,0.508,1.0,0.7279999999999999,270.5,272.5,274.0,274.0,0.818,273.0,0.7909999999999999,273.0,0.8359999999999999,272.0,0.003,13.62,2.0,3.0,0.0,23.87,0.502,306.9,0.0,0.088,0.095,0.0709999999999999,0.081,0.099,0.055,0.08,14.89,15.35,0.111,15.67,0.2819999999999999,0.0,20.92,20.95,20.98,32.63,20.8,20.7,20.95,0.8059999999999999,0.804,0.8059999999999999,0.6039999999999999,10.0,10.0,10.0,8.0,0.248,0.247,0.248,0.185,0.0,307.2,306.2,0.0,0.0,0.0,0.0,0.0,0.0,59.96,6000.0,1.683,-0.2999999999999999,7.0,0.9,1.3,1.5,15.52,21.5,21.57,21.8,21.7,21.4,21.19,21.2,21.86,21.28,21.29,21.69,22.1,21.27,20.78,46.0,34.0,44.0,20.62,0.0,204.0,25.71,2.0,3.519,-1.0,0.273,0.4,4903
2015-12-24 15:39:00,0.0,0.0,0.0,0.0,1.0,1.0,2.0,289769.0,32.0,0.0,75.59999999999998,59.5,60.0,0.4799999999999999,9462.0,1373.0,1378.0,298603.0,0.5959999999999999,-0.165,0.895,0.936,0.2129999999999999,0.635,1.0,0.7269999999999999,270.4,272.4,274.0,274.0,0.818,272.8,0.7909999999999999,273.0,0.8359999999999999,272.0,0.003,13.53,2.0,3.0,0.0,23.87,0.68,304.6,0.0,0.105,0.1119999999999999,0.088,0.094,0.113,0.068,0.0869999999999999,17.08,17.48,0.131,18.21,0.2819999999999999,0.0,20.85,20.85,20.88,32.03,20.73,20.65,20.85,0.946,0.944,0.945,0.7079999999999999,10.0,10.0,10.0,8.0,0.288,0.288,0.288,0.216,0.0,305.0,304.0,0.0,0.0,0.0,0.0,0.0,0.0,59.95,6000.0,2.033,-0.2999999999999999,7.0,0.9,1.402,1.61,17.9,21.4,21.47,21.69,21.6,21.33,21.09,21.1,21.74,21.19,21.19,21.59,21.99,21.24,20.75,45.82,34.0,44.0,20.55,0.0,157.2,21.76,2.0,3.519,-1.0,0.317,0.4,4903
2015-12-24 15:40:00,0.0,0.0,0.417,0.4829999999999999,1.117,1.4169999999999998,2.0,289769.0,32.0,0.0,75.59999999999998,59.5,60.0,0.815,9462.0,1373.0,1378.0,298603.0,0.921,-0.1669999999999999,1.15,0.977,0.19,0.942,1.0,0.7199999999999999,270.7,272.7,274.0,274.0,0.818,273.0,0.7909999999999999,273.0,0.8359999999999999,272.0,0.003,13.62,2.0,3.0,0.0,23.84,0.988,302.0,0.0,0.1449999999999999,0.153,0.124,0.131,0.155,0.1009999999999999,0.12,21.65,22.01,0.178,23.28,0.283,0.0,20.84,20.79,20.85,45.37,20.73,20.57,20.82,1.239,1.238,1.239,0.929,10.0,10.0,10.0,8.0,0.375,0.375,0.375,0.281,0.0,302.5,301.4,0.0,0.0,0.0,0.0,0.0,0.0,59.95,6000.0,3.167,-0.2929999999999999,7.0,1.088,1.763,2.005,22.91,21.36,21.39,21.62,21.5,21.23,20.98,21.0,21.67,21.16,21.15,21.54,21.92,21.22,20.69,45.27,34.0,44.0,20.51,0.0,123.6,5.655,2.0,3.519,-1.0,0.712,1.1,4903
2015-12-24 15:41:00,0.0,0.0,1.0,1.0,2.0,2.0,2.0,289769.0,32.0,0.0,75.59999999999998,59.5,60.0,1.288,9462.0,1373.0,1378.0,298603.0,1.421,-0.107,1.523,0.996,0.127,1.4269999999999998,1.0,0.717,270.3,272.3,274.0,273.9,0.818,272.8,0.7909999999999999,273.0,0.8359999999999999,272.0,0.003,13.62,2.0,3.0,0.0,23.84,1.52,322.5,0.0,0.2019999999999999,0.214,0.176,0.186,0.215,0.151,0.1769999999999999,28.47,28.86,0.247,30.77,0.283,0.0,20.76,20.72,20.76,40.43,20.67,20.5,20.77,1.58,1.58,1.58,1.1840000000000002,10.0,10.0,10.0,8.0,0.511,0.511,0.511,0.3829999999999999,0.0,322.9,321.6,0.0,0.0,0.0,0.0,0.0,0.0,59.95,6000.0,4.583,-0.3629999999999999,7.0,1.45,2.253,2.488,29.69,21.25,21.28,21.51,21.4,21.03,20.87,20.89,21.53,21.11,21.02,21.4,21.8,21.16,20.55,45.0,34.0,44.0,20.44,0.0,112.9,4.806,2.0,3.519,-1.0,1.183,1.5,4903
2015-12-24 15:42:00,0.0,0.0,1.0,1.0,2.0,2.0,2.0,289769.0,32.0,0.0,75.59999999999998,59.5,60.0,1.453,9462.0,1373.0,1378.0,298603.0,1.615,-0.192,1.7,0.994,0.181,1.625,1.0,0.7179999999999999,270.5,272.5,274.0,273.9,0.818,272.9,0.7909999999999999,273.0,0.8359999999999999,272.0,0.003,13.62,2.0,3.0,0.0,23.83,1.7,328.8,0.0,0.228,0.2419999999999999,0.1989999999999999,0.215,0.2429999999999999,0.176,0.211,31.28,31.76,0.2769999999999999,33.53,0.283,0.0,20.66,20.63,20.67,25.35,20.55,20.44,20.71,1.71,1.7080000000000002,1.7080000000000002,1.281,10.0,10.0,10.0,8.0,0.563,0.562,0.562,0.421,0.0,329.1,327.9,0.0,0.0,0.0,0.0,0.0,0.0,59.96,6000.0,5.0,-0.387,7.0,1.642,2.485,2.718,32.17,21.1,21.14,21.36,21.26,20.92,20.74,20.76,21.4,21.02,20.92,21.27,21.68,21.01,20.44,45.0,34.0,44.0,20.38,0.0,86.7,29.84,2.0,3.519,-1.0,0.832,1.3,4903
2015-12-24 15:43:00,0.0,0.0,1.0,1.0,2.0,2.0,2.0,289769.0,32.0,0.0,75.59999999999998,59.5,60.0,1.413,9462.0,1373.0,1378.0,298603.0,1.565,-0.185,1.668,0.993,0.181,1.5759999999999998,1.0,0.7319999999999999,270.4,272.4,274.0,274.0,0.818,272.9,0.7909999999999999,273.0,0.8359999999999999,272.0,0.003,13.62,2.0,3.0,0.0,23.81,1.6769999999999998,327.0,0.0,0.2239999999999999,0.236,0.196,0.214,0.241,0.173,0.2129999999999999,30.9,31.22,0.272,32.67,0.283,0.0,20.66,20.56,20.65,36.14,20.46,20.36,20.66,1.6769999999999998,1.6780000000000002,1.68,1.256,10.0,10.0,10.0,8.0,0.5489999999999999,0.5489999999999999,0.55,0.411,0.0,327.4,326.2,0.0,0.0,0.0,0.0,0.0,0.0,59.96,6000.0,5.0,-0.3679999999999999,7.0,1.595,2.402,2.68,31.39,20.99,21.08,21.27,21.19,20.84,20.67,20.69,21.33,20.98,20.87,21.2,21.59,20.88,20.45,45.0,34.0,44.0,20.36,0.0,72.53,23.09,2.0,3.521,-1.0,0.557,1.1,4903
2015-12-24 15:44:00,0.0,0.0,1.0,1.0,2.0,2.0,2.0,289769.0,32.0,0.0,75.59999999999998,59.5,60.0,1.385,9462.0,1373.0,1378.0,298603.0,1.474,-0.157,1.5730000000000002,0.993,0.1719999999999999,1.484,1.0,0.7349999999999999,270.3,272.3,274.0,274.0,0.818,272.7,0.7909999999999999,273.0,0.8359999999999999,272.0,-0.0139999999999999,13.34,2.0,1.0,0.0,23.81,1.56,324.5,0.0,0.2129999999999999,0.225,0.186,0.203,0.231,0.17,0.2049999999999999,29.71,30.05,0.26,31.23,0.2819999999999999,0.001,20.66,20.56,20.55,31.41,20.48,20.36,20.65,1.615,1.612,1.6130000000000002,1.21,10.0,10.0,10.0,8.0,0.524,0.524,0.524,0.3929999999999999,0.0,324.8,323.6,0.0,0.0,0.0,0.0,0.0,0.0,59.95,6000.0,5.0,-0.37,7.0,1.5,2.302,2.587,30.12,20.99,21.08,21.26,21.15,20.85,20.65,20.66,21.32,20.95,20.88,21.19,21.58,20.81,20.42,45.0,34.0,44.0,20.33,0.0,336.4,25.49,2.0,3.519,-1.0,0.517,0.6999999999999998,4903
2015-12-24 15:45:00,0.0,0.0,1.0,1.0,2.0,2.0,2.0,289769.0,32.0,0.0,75.59999999999998,59.5,60.0,1.33,9462.0,1373.0,1378.0,298603.0,1.435,-0.13,1.5419999999999998,0.994,0.1489999999999999,1.443,1.0,0.7279999999999999,270.5,272.5,274.0,274.0,0.818,273.0,0.7909999999999999,273.0,0.8359999999999999,272.0,0.024,13.34,2.0,1.0,0.0,23.79,1.505,320.6,0.0,0.2069999999999999,0.221,0.182,0.198,0.2269999999999999,0.17,0.196,29.13,29.49,0.256,30.74,0.283,0.001,20.66,20.56,20.55,29.91,20.57,20.36,20.66,1.601,1.599,1.598,1.198,10.0,10.0,10.0,8.0,0.514,0.513,0.513,0.384,0.0,321.0,319.9,0.0,0.0,0.0,0.0,0.0,0.0,59.95,6000.0,4.883,-0.37,7.0,1.485,2.277,2.503,29.73,20.92,21.09,21.27,21.13,20.81,20.62,20.64,21.3,20.94,20.92,21.17,21.57,20.76,20.31,45.0,34.0,44.0,20.32,0.0,300.5,5.533,2.0,3.521,-1.0,0.5999999999999999,0.9,4903
2015-12-24 15:46:00,0.0,0.0,1.0,1.0,2.0,2.0,2.0,289769.0,32.0,0.0,75.59999999999998,59.5,60.0,1.18,9462.0,1373.0,1378.0,298603.0,1.331,-0.187,1.457,0.989,0.1969999999999999,1.346,1.0,0.7399999999999999,270.6,272.6,274.0,274.0,0.818,272.9,0.7909999999999999,273.0,0.8359999999999999,272.0,0.004,13.62,2.0,3.0,0.0,23.78,1.41,314.4,0.0,0.198,0.211,0.171,0.1889999999999999,0.215,0.161,0.186,27.59,27.92,0.246,29.42,0.283,0.0,20.63,20.56,20.57,39.49,20.55,20.36,20.61,1.539,1.539,1.538,1.153,10.0,10.0,10.0,8.0,0.4839999999999999,0.4849999999999999,0.4839999999999999,0.3629999999999999,0.0,314.8,313.8,0.0,0.0,0.0,0.0,0.0,0.0,59.96,6000.0,4.283,-0.33,7.0,1.4069999999999998,2.157,2.448,28.37,20.97,21.12,21.29,21.12,20.82,20.64,20.64,21.28,20.9,20.93,21.16,21.59,20.69,20.42,45.0,34.0,44.0,20.32,0.0,354.1,20.45,2.0,3.519,-1.0,0.5479999999999999,0.8,4903
2015-12-24 15:47:00,0.0,0.0,0.717,0.9,1.467,1.9,2.0,289769.0,32.0,0.0,75.59999999999998,59.5,60.0,1.003,9462.0,1373.0,1378.0,298603.0,1.103,-0.16,1.29,0.986,0.185,1.118,1.0,0.745,270.4,272.4,274.0,274.0,0.818,272.9,0.7909999999999999,273.0,0.8359999999999999,272.0,0.003,13.62,2.0,3.0,0.0,23.75,1.188,311.0,0.0,0.1719999999999999,0.184,0.1469999999999999,0.1639999999999999,0.187,0.134,0.159,24.4,24.71,0.215,25.95,0.283,0.0,20.56,20.56,20.55,31.25,20.55,20.34,20.56,1.358,1.357,1.357,1.017,10.0,10.0,10.0,8.0,0.4229999999999999,0.422,0.4229999999999999,0.317,0.0,311.5,310.2,0.0,0.0,0.0,0.0,0.0,0.0,59.95,6000.0,3.567,-0.317,7.0,1.18,1.925,2.1830000000000003,25.04,20.96,21.11,21.28,21.09,20.76,20.6,20.61,21.28,20.92,20.96,21.17,21.57,20.67,20.47,45.0,34.0,44.0,20.29,0.0,38.38,9.56,2.0,3.521,-1.0,0.7379999999999999,1.2,4903
2015-12-24 15:48:00,0.0,0.0,0.0,0.0,1.0,1.0,2.0,289769.0,32.0,0.0,75.59999999999998,59.5,60.0,0.657,9462.0,1373.0,1378.0,298603.0,0.774,-0.133,1.018,0.969,0.193,0.7979999999999999,1.0,0.7429999999999999,270.4,272.4,274.0,274.0,0.818,272.8,0.7909999999999999,273.0,0.8359999999999999,272.0,0.003,13.62,2.0,3.0,0.0,23.75,0.8619999999999999,316.6,0.0,0.134,0.144,0.113,0.128,0.1449999999999999,0.094,0.118,19.54,19.91,0.1669999999999999,20.73,0.2819999999999999,0.0,20.53,20.5,20.52,26.25,20.54,20.24,20.56,1.0590000000000002,1.0590000000000002,1.06,0.794,10.0,10.0,10.0,8.0,0.336,0.336,0.336,0.252,0.0,316.9,315.9,0.0,0.0,0.0,0.0,0.0,0.0,59.95,6000.0,2.4330000000000003,-0.3549999999999999,7.0,0.962,1.557,1.78,20.1,20.88,20.97,21.2,21.0,20.63,20.5,20.53,21.23,20.86,20.87,21.1,21.5,20.61,20.5,45.0,34.0,44.0,20.23,0.0,50.8,17.77,2.0,3.521,-1.0,1.345,1.8,4903
2015-12-24 15:49:00,0.0,0.0,0.0,0.0,1.0,1.0,2.0,289769.0,32.0,0.0,75.59999999999998,59.5,60.0,0.4779999999999999,9462.0,1373.0,1378.0,298603.0,0.566,-0.135,0.8529999999999999,0.948,0.188,0.5969999999999999,1.0,0.7369999999999999,270.1,272.1,274.0,273.8,0.818,272.5,0.7909999999999999,273.0,0.8359999999999999,272.0,0.003,13.62,2.0,3.0,0.0,23.73,0.625,308.1,0.0,0.107,0.1169999999999999,0.0909999999999999,0.103,0.119,0.072,0.093,16.56,16.93,0.136,17.38,0.2819999999999999,0.0,20.41,20.38,20.39,31.38,20.39,20.1,20.5,0.906,0.905,0.906,0.679,10.0,10.0,10.0,8.0,0.2789999999999999,0.2789999999999999,0.2789999999999999,0.2089999999999999,0.0,308.4,307.1,0.0,0.0,0.0,0.0,0.0,0.0,59.95,6000.0,2.0,-0.3029999999999999,7.0,0.9,1.4,1.555,16.99,20.65,20.77,21.0,20.77,20.48,20.29,20.3,21.09,20.78,20.69,20.96,21.3,20.6,20.56,45.0,34.0,44.0,20.12,0.0,82.09999999999998,21.42,2.0,3.519,-1.0,1.085,1.7,4903
2015-12-24 15:50:00,0.0,0.0,0.0,0.0,1.0,1.0,2.0,289769.0,32.0,0.0,75.59999999999998,59.5,60.0,0.44,9462.0,1373.0,1379.0,298603.0,0.523,-0.143,0.81,0.928,0.2099999999999999,0.564,1.0,0.7299999999999999,270.4,272.4,274.0,273.9,0.818,272.6,0.7909999999999999,273.0,0.8359999999999999,272.0,-0.0279999999999999,13.33,2.0,1.0,0.0,23.72,0.57,308.0,0.0,0.099,0.108,0.085,0.0969999999999999,0.1169999999999999,0.072,0.0859999999999999,16.16,16.53,0.126,16.72,0.283,0.001,20.27,20.24,20.26,34.47,20.25,20.0,20.36,0.871,0.87,0.871,0.652,10.0,10.0,10.0,8.0,0.2689999999999999,0.268,0.268,0.201,0.0,308.3,307.0,0.0,0.0,0.0,0.0,0.0,0.0,59.95,6000.0,2.0,-0.3029999999999999,7.0,0.9,1.367,1.5319999999999998,16.35,20.59,20.68,20.84,20.61,20.34,20.13,20.15,20.93,20.65,20.55,20.78,21.17,20.65,20.89,45.0,34.0,44.0,19.98,0.0,5.804,20.53,2.0,3.519,-1.0,0.887,1.5,4903
2015-12-24 15:51:00,0.0,0.0,0.0,0.0,1.0,1.0,2.0,289769.0,32.0,0.0,75.59999999999998,59.5,60.0,0.3929999999999999,9462.0,1373.0,1379.0,298603.0,0.487,-0.123,0.805,0.926,0.1889999999999999,0.525,1.0,0.7279999999999999,270.1,272.0,274.0,273.5,0.818,272.1,0.7909999999999999,273.0,0.8359999999999999,271.7,0.034,13.43,2.0,3.0,0.0,23.7,0.53,307.9,0.0,0.0919999999999999,0.099,0.0819999999999999,0.0909999999999999,0.115,0.069,0.08,15.63,16.08,0.118,16.07,0.283,0.001,20.14,20.16,20.1,33.41,20.14,19.84,20.27,0.837,0.8359999999999999,0.837,0.627,10.0,10.0,10.0,8.0,0.258,0.258,0.258,0.193,0.0,308.2,307.0,0.0,0.0,0.0,0.0,0.0,0.0,59.95,6000.0,1.9,-0.3019999999999999,7.0,0.883,1.348,1.5,15.75,20.5,20.6,20.76,20.54,20.28,20.05,20.08,20.84,20.55,20.5,20.7,21.1,20.67,20.85,45.0,34.0,44.0,19.85,0.0,41.58,10.31,2.0,3.519,-1.0,0.765,1.2,4903
2015-12-24 15:52:00,0.0,0.0,0.0,0.0,1.0,1.0,2.0,289769.0,32.0,0.0,75.59999999999998,59.5,60.0,0.2399999999999999,9462.0,1373.0,1379.0,298603.0,0.3589999999999999,-0.122,0.7929999999999999,0.8759999999999998,0.1989999999999999,0.411,1.0,0.745,270.1,272.1,274.0,273.7,0.818,272.4,0.7909999999999999,273.0,0.8359999999999999,272.0,0.004,13.62,2.0,3.0,0.0,23.7,0.457,309.3,0.0,0.074,0.08,0.066,0.0729999999999999,0.098,0.0559999999999999,0.067,13.69,14.16,0.099,14.08,0.2819999999999999,0.0,20.03,20.03,19.97,34.82,20.02,19.71,20.27,0.724,0.7229999999999999,0.724,0.542,10.0,10.0,10.0,8.0,0.2239999999999999,0.2239999999999999,0.2239999999999999,0.168,0.0,309.7,308.5,0.0,0.0,0.0,0.0,0.0,0.0,59.95,6000.0,1.05,-0.317,7.0,0.8599999999999999,1.258,1.382,13.83,20.49,20.53,20.69,20.52,20.26,20.03,20.05,20.79,20.52,20.46,20.66,21.02,20.64,20.77,44.22,34.0,43.88,19.74,0.0,47.25,54.34,2.0,3.519,-1.0,0.3679999999999999,0.6999999999999998,4903
2015-12-24 15:53:00,0.0,0.0,0.0,0.0,0.7329999999999999,1.0,2.0,289769.0,32.0,0.0,75.59999999999998,59.5,60.0,0.178,9462.0,1373.0,1379.0,298603.0,0.25,-0.222,0.755,0.679,0.267,0.3679999999999999,1.0,0.75,270.0,272.0,274.0,273.5,0.818,272.1,0.7909999999999999,273.0,0.8359999999999999,272.0,0.004,13.62,2.0,3.0,0.0,23.67,0.34,300.5,0.0,0.0599999999999999,0.063,0.054,0.057,0.083,0.048,0.0559999999999999,12.05,12.54,0.0819999999999999,12.32,0.2819999999999999,0.0,19.98,19.96,19.94,36.45,19.94,19.65,20.17,0.645,0.644,0.6459999999999999,0.4829999999999999,10.0,10.0,10.0,8.0,0.1939999999999999,0.1939999999999999,0.1939999999999999,0.1449999999999999,0.0,300.9,299.8,0.0,0.0,0.0,0.0,0.0,0.0,59.96,6000.0,1.0,-0.2999999999999999,7.0,0.898,1.15,1.3,12.17,20.47,20.44,20.63,20.48,20.21,20.02,20.03,20.73,20.48,20.36,20.59,20.97,20.63,20.75,44.0,34.0,43.57,19.69,0.0,236.6,34.02,2.0,3.519,-1.0,0.4,0.5999999999999999,4903
2015-12-24 15:54:00,0.0,0.0,0.0,0.0,0.55,1.0,2.0,289769.0,32.0,0.0,75.59999999999998,59.5,60.0,0.1419999999999999,9462.0,1373.0,1379.0,298603.0,0.2189999999999999,-0.2419999999999999,0.75,0.6109999999999999,0.283,0.3579999999999999,1.0,0.7379999999999999,270.0,272.0,274.0,273.8,0.818,272.1,0.7909999999999999,273.0,0.8359999999999999,272.0,0.003,13.62,2.0,3.0,0.0,23.65,0.2979999999999999,299.2,0.0,0.057,0.0579999999999999,0.052,0.054,0.078,0.0459999999999999,0.0509999999999999,11.58,12.03,0.078,11.7,0.2819999999999999,0.0,19.93,19.93,19.87,27.71,19.93,19.58,20.17,0.622,0.62,0.621,0.465,10.0,10.0,10.0,8.0,0.186,0.186,0.186,0.139,0.0,299.8,298.7,0.0,0.0,0.0,0.0,0.0,0.0,59.97,6000.0,1.0,-0.2999999999999999,7.0,0.9,1.103,1.3,11.77,20.39,20.39,20.58,20.47,20.17,20.0,20.01,20.69,20.42,20.34,20.56,20.91,20.65,20.75,44.0,34.0,43.27,19.65,0.0,89.4,27.81,2.0,3.519,-1.0,0.3549999999999999,0.5,4903
2015-12-24 15:55:00,0.0,0.0,0.0,0.0,0.967,1.0,2.0,289769.0,32.0,0.0,75.59999999999998,59.5,60.0,0.2,9462.0,1373.0,1379.0,298603.0,0.271,-0.252,0.762,0.6809999999999999,0.2919999999999999,0.3989999999999999,1.0,0.7429999999999999,270.0,272.0,274.0,273.9,0.818,272.1,0.7909999999999999,273.0,0.8359999999999999,272.0,0.003,13.62,2.0,3.0,0.0,23.64,0.357,303.4,0.0,0.0609999999999999,0.066,0.0559999999999999,0.0579999999999999,0.084,0.048,0.054,12.31,12.8,0.0859999999999999,12.6,0.2819999999999999,0.0,19.91,19.95,19.89,49.88,19.93,19.62,20.17,0.662,0.6609999999999999,0.662,0.496,10.0,10.0,10.0,8.0,0.201,0.201,0.201,0.151,0.0,303.7,302.7,0.0,0.0,0.0,0.0,0.0,0.0,59.97,6000.0,1.0,-0.307,7.0,0.91,1.2,1.35,12.59,20.33,20.33,20.52,20.43,20.14,19.97,19.98,20.67,20.39,20.31,20.53,20.85,20.6,20.73,44.0,34.0,43.0,19.62,0.0,79.65999999999998,52.81,2.0,3.519,-1.0,0.325,0.5999999999999999,4903
2015-12-24 15:56:00,0.0,0.0,0.0,0.0,0.917,1.0,2.0,289769.0,32.0,0.0,75.59999999999998,59.5,60.0,0.2,9462.0,1373.0,1379.0,298603.0,0.317,-0.2399999999999999,0.7929999999999999,0.745,0.2839999999999999,0.4259999999999999,1.0,0.7349999999999999,270.0,272.0,274.0,273.9,0.818,272.0,0.7909999999999999,273.0,0.8359999999999999,272.0,-0.023,13.32,2.0,1.0,0.0,23.61,0.402,314.0,0.0,0.068,0.0749999999999999,0.0609999999999999,0.064,0.0909999999999999,0.052,0.059,13.25,13.72,0.096,13.7,0.283,0.001,19.88,19.91,19.89,2.6,19.84,19.61,20.08,0.69,0.689,0.69,0.516,10.0,10.0,10.0,8.0,0.217,0.217,0.217,0.163,0.0,315.1,313.3,0.0,0.0,0.0,0.0,0.0,0.0,59.97,6000.0,1.0,-0.3479999999999999,7.0,0.892,1.192,1.393,13.54,20.29,20.27,20.45,20.4,20.09,19.95,19.96,20.61,20.34,20.21,20.46,20.79,20.58,20.63,44.0,34.0,43.0,19.58,0.0,136.1,26.21,2.0,3.517,-1.0,0.312,0.5,4903
2015-12-24 15:57:00,0.0,0.0,0.0,0.0,1.0,1.0,2.0,289769.0,32.0,0.0,75.59999999999998,59.5,60.0,0.2819999999999999,9462.0,1373.0,1379.0,298603.0,0.3929999999999999,-0.2319999999999999,0.797,0.813,0.281,0.4839999999999999,1.0,0.7269999999999999,270.0,272.0,274.0,273.9,0.818,272.2,0.7909999999999999,273.0,0.8359999999999999,272.0,0.0289999999999999,13.47,2.0,3.0,0.0,23.6,0.492,309.1,0.0,0.0749999999999999,0.0819999999999999,0.067,0.0709999999999999,0.1009999999999999,0.0559999999999999,0.067,14.24,14.69,0.106,14.54,0.2819999999999999,0.001,19.88,19.88,19.9,98.2,19.85,19.6,20.04,0.762,0.7609999999999999,0.763,0.571,10.0,10.0,10.0,8.0,0.236,0.2349999999999999,0.236,0.1769999999999999,0.0,309.5,308.5,0.0,0.0,0.0,0.0,0.0,0.0,59.97,6000.0,1.233,-0.32,7.0,0.922,1.27,1.4469999999999998,14.56,20.24,20.2,20.39,20.33,20.02,19.89,19.88,20.55,20.28,20.13,20.4,20.73,20.61,20.42,44.0,34.0,43.0,19.55,0.0,147.4,22.92,2.0,3.517,-1.0,0.655,1.0,4903
2015-12-24 15:58:00,0.0,0.0,0.0,0.0,1.0,1.0,2.0,289769.0,32.0,0.0,75.59999999999998,59.5,60.0,0.3499999999999999,9462.0,1373.0,1379.0,298603.0,0.449,-0.203,0.8,0.878,0.2419999999999999,0.511,1.0,0.745,270.1,272.1,274.0,274.0,0.818,272.4,0.7909999999999999,273.0,0.8359999999999999,272.0,0.004,13.62,2.0,3.0,0.0,23.58,0.505,306.6,0.0,0.081,0.088,0.0709999999999999,0.074,0.106,0.062,0.0709999999999999,14.74,15.2,0.113,15.3,0.2819999999999999,0.0,19.83,19.88,19.87,214.4,19.88,19.57,20.03,0.8109999999999999,0.81,0.81,0.6069999999999999,10.0,10.0,10.0,8.0,0.249,0.249,0.249,0.186,0.0,307.1,306.1,0.0,0.0,0.0,0.0,0.0,0.0,59.96,6000.0,1.767,-0.312,7.0,0.9,1.3,1.5,15.34,20.21,20.13,20.33,20.29,19.98,19.83,19.84,20.47,20.23,20.06,20.32,20.67,20.54,20.34,44.0,34.0,43.0,19.51,0.0,115.4,24.2,2.0,3.519,-1.0,0.79,1.3,4903
2015-12-24 15:59:00,0.0,0.0,0.0,0.0,1.0,1.0,2.0,289769.0,32.0,0.0,75.59999999999998,59.5,60.0,0.4079999999999999,9462.0,1373.0,1379.0,298603.0,0.503,-0.19,0.813,0.908,0.2319999999999999,0.5539999999999999,1.0,0.7269999999999999,270.1,272.1,274.0,274.0,0.818,272.4,0.7909999999999999,273.0,0.8359999999999999,272.0,0.004,13.62,2.0,3.0,0.0,23.56,0.55,310.8,0.0,0.0869999999999999,0.094,0.0749999999999999,0.078,0.1119999999999999,0.068,0.0759999999999999,15.37,15.84,0.122,16.19,0.2819999999999999,0.0,19.78,19.78,19.8,38.15,19.8,19.56,19.98,0.8509999999999999,0.849,0.849,0.637,10.0,10.0,10.0,8.0,0.265,0.264,0.264,0.198,0.0,311.2,310.0,0.0,0.0,0.0,0.0,0.0,0.0,59.96,6000.0,1.967,-0.325,7.0,0.9,1.3,1.5219999999999998,16.16,20.17,20.08,20.28,20.28,19.98,19.83,19.82,20.37,20.18,19.98,20.22,20.62,20.49,20.31,44.0,34.0,43.0,19.49,0.0,126.9,15.46,2.0,3.519,-1.0,0.752,1.1,4903
2015-12-24 16:00:00,0.0,0.0,0.0,0.0,1.0,1.0,2.0,289769.0,32.0,0.0,75.59999999999998,59.5,60.0,0.402,9462.0,1373.0,1379.0,298603.0,0.497,-0.22,0.8299999999999998,0.887,0.26,0.561,1.0,0.7319999999999999,270.2,272.2,274.0,273.9,0.818,272.5,0.7909999999999999,273.0,0.8359999999999999,272.0,0.003,13.63,2.0,3.0,0.0,23.53,0.5429999999999999,307.6,0.0,0.0869999999999999,0.095,0.0749999999999999,0.078,0.111,0.068,0.0759999999999999,15.24,15.73,0.121,16.2,0.2819999999999999,0.0,19.78,19.78,19.78,49.78,19.72,19.49,19.92,0.8509999999999999,0.8499999999999999,0.8509999999999999,0.637,10.0,10.0,10.0,8.0,0.262,0.262,0.262,0.196,0.0,307.8,306.8,0.0,0.0,0.0,0.0,0.0,0.0,59.96,6000.0,1.983,-0.308,7.0,0.9,1.3,1.548,16.02,20.16,20.06,20.23,20.25,19.96,19.81,19.78,20.31,20.11,19.83,20.15,20.57,20.49,20.33,44.0,34.0,43.0,19.46,0.0,71.32,45.56,2.0,3.521,-1.0,0.5799999999999998,1.7,4903
2015-12-24 16:01:00,0.0,0.0,0.0,0.0,1.0,1.0,2.0,289769.0,32.0,0.0,75.59999999999998,59.5,60.0,0.253,9462.0,1373.0,1379.0,298603.0,0.367,-0.162,0.797,0.839,0.231,0.436,1.0,0.7349999999999999,270.1,272.1,274.0,274.0,0.818,272.5,0.7909999999999999,273.0,0.8359999999999999,272.0,0.003,13.62,2.0,3.0,0.0,23.52,0.46,306.1,0.0,0.072,0.078,0.0599999999999999,0.065,0.095,0.055,0.063,13.36,13.86,0.1019999999999999,14.13,0.2819999999999999,0.0,19.7,19.72,19.64,27.06,19.65,19.39,19.88,0.7390000000000001,0.7379999999999999,0.7390000000000001,0.5529999999999999,10.0,10.0,10.0,8.0,0.226,0.226,0.226,0.1689999999999999,0.0,306.4,305.6,0.0,0.0,0.0,0.0,0.0,0.0,59.96,6000.0,1.167,-0.31,7.0,0.9,1.253,1.4069999999999998,13.96,20.12,20.07,20.23,20.22,19.94,19.78,19.73,20.26,20.06,19.85,20.1,20.57,20.57,20.5,44.0,34.0,43.0,19.39,0.0,40.84,62.01,2.0,3.518,-1.0,0.633,1.4,4903
2015-12-24 16:02:00,0.0,0.0,0.0,0.0,0.6169999999999999,1.0,2.0,289769.0,32.0,0.0,75.59999999999998,59.5,60.0,0.132,9462.0,1373.0,1379.0,298603.0,0.2099999999999999,-0.2129999999999999,0.745,0.6039999999999999,0.273,0.3499999999999999,1.0,0.7379999999999999,270.1,272.1,274.0,273.9,0.818,272.4,0.7909999999999999,273.0,0.8359999999999999,272.0,0.001,13.37,2.0,1.0,0.0,23.5,0.2869999999999999,300.3,0.0,0.0529999999999999,0.0579999999999999,0.0459999999999999,0.0509999999999999,0.0769999999999999,0.04,0.05,11.34,11.82,0.0759999999999999,11.61,0.2819999999999999,0.001,19.52,19.59,19.59,278.0,19.52,19.3,19.83,0.6099999999999999,0.6089999999999999,0.6099999999999999,0.457,10.0,10.0,10.0,8.0,0.184,0.183,0.183,0.1369999999999999,0.0,300.7,299.6,0.0,0.0,0.0,0.0,0.0,0.0,59.96,6000.0,1.0,-0.2999999999999999,7.0,0.922,1.14,1.3,11.45,20.09,20.05,20.22,20.21,19.92,19.78,19.73,20.21,20.03,19.79,20.05,20.56,20.67,20.75,43.3,34.0,43.0,19.24,0.0,187.0,29.82,2.0,3.518,-1.0,0.432,0.5999999999999999,4903
2015-12-24 16:03:00,0.0,0.0,0.0,0.0,0.0,1.0,2.0,289769.0,32.0,0.0,75.59999999999998,59.5,60.0,0.0,9462.0,1373.0,1379.0,298603.0,0.085,-0.2999999999999999,0.7349999999999999,0.236,0.3439999999999999,0.356,1.0,0.7149999999999999,270.4,272.4,274.0,274.0,0.818,272.8,0.7909999999999999,273.0,0.8359999999999999,272.0,0.006,13.62,2.0,3.0,0.0,23.48,0.2,298.1,0.0,0.0379999999999999,0.0409999999999999,0.033,0.037,0.062,0.024,0.036,9.55,10.06,0.057,9.49,0.2819999999999999,0.0,19.4,19.52,19.52,-11.43,19.41,19.27,19.75,0.504,0.503,0.503,0.377,10.0,10.0,10.0,8.0,0.1499999999999999,0.1499999999999999,0.1499999999999999,0.113,0.0,298.5,297.3,0.0,0.0,0.0,0.0,0.0,0.0,59.98,6000.0,0.467,-0.2999999999999999,7.0,1.0,1.1,1.293,9.51,20.04,19.99,20.15,20.19,19.9,19.77,19.7,20.08,19.9,19.6,19.91,20.49,20.72,20.79,43.0,34.0,43.0,19.15,0.0,213.1,81.29999999999998,2.0,3.519,-1.0,0.3649999999999999,0.5999999999999999,4903
2015-12-24 16:04:00,0.0,0.0,0.0,0.0,0.0,0.967,2.0,289769.0,32.0,0.0,75.59999999999998,59.5,60.0,-0.042,9462.0,1373.0,1379.0,298603.0,-0.009,-0.257,0.698,-0.036,0.3039999999999999,0.3049999999999999,1.0,0.747,271.0,273.0,274.0,274.0,0.818,273.0,0.7909999999999999,273.0,0.8359999999999999,272.0,0.004,13.62,2.0,3.0,0.0,23.46,0.115,297.9,0.0,0.027,0.0279999999999999,0.021,0.024,0.052,0.012,0.023,7.967,8.449999999999998,0.044,7.952,0.2819999999999999,0.0,19.4,19.44,19.44,51.61,19.4,19.18,19.59,0.4189999999999999,0.4179999999999999,0.4189999999999999,0.313,10.0,10.0,10.0,8.0,0.125,0.125,0.125,0.093,0.0,298.2,297.0,0.0,0.0,0.0,0.0,0.0,0.0,59.97,6000.0,0.0,-0.2999999999999999,7.0,1.005,1.067,1.212,8.06,19.93,19.88,20.03,20.14,19.87,19.74,19.67,19.92,19.76,19.4,19.73,20.36,20.74,20.79,43.0,34.0,43.0,19.13,0.0,235.6,25.95,2.0,3.519,-1.0,0.805,1.5,4903
2015-12-24 16:05:00,0.0,0.0,0.75,0.083,0.083,1.0,2.0,289769.0,32.0,0.0,75.59999999999998,59.5,60.0,-0.1369999999999999,9462.0,1373.0,1379.0,298603.0,-0.0859999999999999,-0.185,0.7279999999999999,-0.325,0.255,0.27,1.0,0.7349999999999999,271.0,273.0,274.0,274.0,0.818,273.0,0.7909999999999999,273.3,0.8359999999999999,272.0,0.003,13.62,2.0,3.0,0.0,23.44,0.0279999999999999,286.1,0.0,0.0149999999999999,0.0149999999999999,0.008,0.012,0.0379999999999999,0.001,0.01,6.385,6.897,0.031,6.525,0.2819999999999999,0.0,19.33,19.36,19.36,125.9,19.28,19.04,19.47,0.352,0.351,0.352,0.263,10.0,10.0,10.0,8.0,0.1009999999999999,0.1009999999999999,0.1009999999999999,0.0749999999999999,0.0,286.5,285.3,0.0,0.0,0.0,0.0,0.0,0.0,59.96,6000.0,0.0,-0.257,7.0,1.165,1.1,1.2,6.712999999999999,19.8,19.72,19.88,20.02,19.78,19.63,19.55,19.76,19.59,19.26,19.57,20.2,20.9,20.95,43.0,34.0,43.0,19.02,0.0,216.4,18.35,2.0,3.517,-1.0,0.797,1.2,4903
2015-12-24 16:06:00,0.0,0.0,1.0,0.3329999999999999,0.3329999999999999,1.0,2.0,289769.0,32.0,0.0,75.59999999999998,59.5,60.0,-0.2099999999999999,9462.0,1373.0,1379.0,298603.0,-0.153,-0.14,0.75,-0.5589999999999999,0.2269999999999999,0.2739999999999999,1.0,0.747,270.9,272.9,274.0,274.0,0.818,273.0,0.7909999999999999,273.1,0.8359999999999999,272.0,0.003,13.62,2.0,3.0,0.0,23.41,0.0,284.7,0.0,0.005,0.004,-0.002,0.002,0.0289999999999999,-0.005,0.001,5.313,5.77,0.02,5.417000000000001,0.2819999999999999,0.0,19.2,19.23,19.23,32.84,19.14,18.94,19.4,0.2889999999999999,0.2869999999999999,0.288,0.215,10.0,10.0,10.0,8.0,0.0819999999999999,0.0819999999999999,0.0819999999999999,0.0609999999999999,0.0,285.1,284.0,0.0,0.0,0.0,0.0,0.0,0.0,59.95,6000.0,0.0,-0.252,7.0,1.225,1.1,1.2,5.615,19.67,19.56,19.74,19.92,19.69,19.55,19.45,19.66,19.49,19.2,19.48,20.07,20.87,20.8,43.0,34.0,43.0,18.91,0.0,203.0,17.77,2.0,3.519,-1.0,1.02,1.3,4903
2015-12-24 16:07:00,0.0,0.0,1.0,0.283,0.283,1.0,2.0,289769.0,32.0,0.0,75.59999999999998,59.5,60.0,-0.2929999999999999,9462.0,1373.0,1379.0,298603.0,-0.2039999999999999,-0.182,0.765,-0.625,0.256,0.3279999999999999,1.0,0.7429999999999999,271.0,273.0,274.0,274.0,0.818,273.0,0.7909999999999999,273.2,0.8359999999999999,272.0,0.006,13.62,2.0,3.0,0.0,23.4,-0.037,284.5,0.0,-0.003,-0.003,-0.0069999999999999,-0.004,0.023,-0.008,-0.006,4.939,5.413,0.0139999999999999,4.916,0.281,0.0,19.2,19.17,19.2,84.59999999999998,19.04,18.88,19.31,0.2429999999999999,0.2419999999999999,0.2419999999999999,0.181,10.0,10.0,10.0,8.0,0.069,0.069,0.069,0.052,0.0,284.9,284.0,0.0,0.0,0.0,0.0,0.0,0.0,59.96,6000.0,-0.1499999999999999,-0.25,7.0,1.287,1.1,1.2,4.847,19.58,19.47,19.66,19.85,19.61,19.49,19.38,19.55,19.39,19.1,19.38,19.98,20.73,20.55,43.0,34.0,43.0,18.85,0.0,148.6,26.42,2.0,3.519,-1.0,0.677,1.1,4903
2015-12-24 16:08:00,0.0,0.0,1.0,0.417,0.417,1.0,2.0,289769.0,32.0,0.0,75.59999999999998,59.5,60.0,-0.2999999999999999,9462.0,1373.0,1379.0,298603.0,-0.2339999999999999,-0.223,0.8,-0.621,0.2949999999999999,0.377,1.0,0.7329999999999999,270.9,272.9,274.0,274.0,0.818,273.0,0.7909999999999999,273.2,0.8359999999999999,272.0,0.0,13.34,2.0,1.0,0.0,23.37,-0.0869999999999999,284.1,0.0,-0.004,-0.0069999999999999,-0.01,-0.008,0.02,-0.011,-0.01,4.1610000000000005,4.638999999999999,0.01,4.038,0.2819999999999999,0.001,19.14,19.1,19.1,15.49,19.01,18.83,19.3,0.216,0.215,0.216,0.161,10.0,10.0,10.0,8.0,0.062,0.0609999999999999,0.062,0.0459999999999999,0.0,284.7,284.0,0.0,0.0,0.0,0.0,0.0,0.0,59.96,6000.0,-0.5829999999999999,-0.257,7.0,1.32,1.1,1.2,4.374,19.52,19.42,19.6,19.82,19.57,19.44,19.36,19.46,19.3,19.03,19.32,19.93,20.71,20.61,43.0,34.0,43.0,18.81,0.0,131.3,22.74,2.0,3.517,-1.0,0.487,0.9,4903
2015-12-24 16:09:00,0.0,0.0,1.0,0.283,0.283,1.0,2.0,289769.0,32.0,0.0,75.59999999999998,59.5,60.0,-0.2999999999999999,9462.0,1373.0,1379.0,298603.0,-0.2369999999999999,-0.1969999999999999,0.797,-0.657,0.272,0.3599999999999999,1.0,0.7429999999999999,271.0,273.0,274.1,274.0,0.818,273.0,0.7909999999999999,273.6,0.8359999999999999,272.0,0.005,13.62,2.0,3.0,0.0,23.35,-0.098,284.3,0.0,-0.004,-0.0069999999999999,-0.009,-0.008,0.02,-0.011,-0.012,4.013,4.527,0.01,3.962,0.281,0.0,19.09,19.1,19.05,42.58,19.01,18.81,19.3,0.214,0.2119999999999999,0.2129999999999999,0.159,10.0,10.0,10.0,8.0,0.0609999999999999,0.0599999999999999,0.0609999999999999,0.0449999999999999,0.0,284.8,284.0,0.0,0.0,0.0,0.0,0.0,0.0,59.96,6000.0,-0.517,-0.245,7.0,1.3019999999999998,1.128,1.2,4.314,19.49,19.41,19.6,19.77,19.54,19.38,19.3,19.42,19.25,19.0,19.28,19.93,20.71,20.74,43.0,34.0,43.0,18.77,0.0,68.48,93.1,2.0,3.519,-0.983,0.115,0.2999999999999999,4903
2015-12-24 16:10:00,0.0,0.0,1.0,0.3329999999999999,0.3329999999999999,1.0,2.0,289769.0,32.0,0.0,75.59999999999998,59.5,60.0,-0.2999999999999999,9462.0,1373.0,1379.0,298603.0,-0.222,-0.1669999999999999,0.7829999999999999,-0.6459999999999999,0.263,0.3439999999999999,1.0,0.7349999999999999,270.9,272.9,274.0,274.0,0.818,273.0,0.7909999999999999,273.1,0.8359999999999999,272.0,0.004,13.62,2.0,3.0,0.0,23.33,-0.072,284.1,0.0,-0.003,-0.004,-0.005,-0.0069999999999999,0.022,-0.009,-0.011,4.427,4.905,0.012,4.3580000000000005,0.281,0.0,19.01,19.1,19.06,65.45,19.01,18.81,19.28,0.2269999999999999,0.225,0.226,0.1689999999999999,10.0,10.0,10.0,8.0,0.065,0.064,0.064,0.048,0.0,284.8,284.0,0.0,0.0,0.0,0.0,0.0,0.0,59.96,6000.0,-0.3329999999999999,-0.252,7.0,1.3,1.105,1.2,4.55,19.48,19.42,19.61,19.74,19.48,19.35,19.27,19.4,19.24,19.0,19.26,19.93,20.72,20.86,42.97,34.0,43.0,18.76,0.0,324.2,53.27,2.0,3.519,-1.0,0.1769999999999999,0.4,4903
2015-12-24 16:11:00,0.0,0.0,1.0,0.5329999999999999,0.5329999999999999,1.0,2.0,289769.0,32.0,0.0,75.59999999999998,59.5,60.0,-0.2999999999999999,9462.0,1373.0,1379.0,298603.0,-0.2189999999999999,-0.183,0.7829999999999999,-0.65,0.256,0.337,1.0,0.747,271.0,273.0,274.0,274.0,0.818,273.0,0.7909999999999999,273.1,0.8359999999999999,272.0,0.003,13.62,2.0,3.0,0.0,23.3,-0.067,284.0,0.0,-0.003,-0.003,-0.003,-0.006,0.024,-0.008,-0.009,4.466,4.973,0.013,4.4510000000000005,0.281,0.0,19.01,19.1,19.04,97.2,19.01,18.81,19.23,0.23,0.228,0.2289999999999999,0.171,10.0,10.0,10.0,8.0,0.065,0.065,0.065,0.049,0.0,284.8,284.0,0.0,0.0,0.0,0.0,0.0,0.0,59.96,6000.0,-0.3829999999999999,-0.255,7.0,1.3,1.112,1.2,4.584,19.46,19.41,19.62,19.73,19.43,19.36,19.27,19.39,19.22,19.03,19.27,19.92,20.73,20.93,42.33,34.0,43.0,18.73,0.0,53.63,55.81,2.0,3.519,-1.0,0.127,0.2,4903
2015-12-24 16:12:00,0.0,0.0,1.0,0.883,0.883,1.0,2.0,289769.0,32.0,0.0,75.59999999999998,59.5,60.0,-0.2999999999999999,9462.0,1373.0,1379.0,298603.0,-0.226,-0.2,0.8,-0.635,0.2739999999999999,0.3549999999999999,1.0,0.745,271.0,273.0,274.0,274.0,0.818,273.0,0.7909999999999999,273.0,0.8359999999999999,272.0,0.003,13.62,2.0,3.0,0.0,23.29,-0.0729999999999999,284.0,0.0,-0.003,-0.003,-0.003,-0.006,0.024,-0.009,-0.009,4.4510000000000005,4.895,0.013,4.182,0.281,0.0,19.01,19.12,19.04,4.099,19.01,18.81,19.2,0.223,0.222,0.223,0.166,10.0,10.0,10.0,8.0,0.064,0.063,0.063,0.047,0.0,284.7,284.0,0.0,0.0,0.0,0.0,0.0,0.0,59.96,6000.0,-0.467,-0.2429999999999999,7.0,1.3,1.1,1.2,4.426,19.46,19.42,19.61,19.71,19.43,19.35,19.26,19.39,19.24,19.05,19.29,19.92,20.73,20.84,42.0,34.0,43.0,18.73,0.0,198.6,83.09999999999998,2.0,3.519,-0.967,0.098,0.2,4903
2015-12-24 16:13:00,0.0,0.0,0.283,0.1169999999999999,0.1169999999999999,0.283,2.0,289769.0,32.0,0.0,75.59999999999998,59.5,60.0,-0.163,9462.0,1373.0,1379.0,298603.0,-0.1169999999999999,-0.0869999999999999,0.2869999999999999,-0.8399999999999999,0.098,0.157,1.0,0.748,270.9,272.9,274.0,274.0,0.818,273.0,0.7909999999999999,273.0,0.8359999999999999,272.0,-0.005,13.34,2.0,1.0,0.0,23.27,-0.2019999999999999,210.8,0.0,-0.003,-0.003,-0.003,-0.005,0.024,-0.009,-0.008,4.614,5.074,0.013,4.356,0.281,0.001,19.01,19.2,19.1,-23.09,19.01,18.81,19.27,0.0599999999999999,0.059,0.059,0.044,10.0,10.0,10.0,8.0,0.017,0.017,0.017,0.012,0.0,328.2,327.3,0.0,1.0,0.0,32.0,0.0,0.0,59.95,6000.0,-0.883,-0.203,3.333333,0.3649999999999999,0.452,0.4799999999999999,4.387,19.45,19.41,19.61,19.72,19.42,19.39,19.27,19.41,19.23,19.08,19.31,19.91,20.72,20.8,42.0,34.0,43.0,18.74,0.0,75.17,45.53,2.0,3.519,-1.0,0.135,0.2999999999999999,4903
2015-12-24 16:14:00,0.0,0.0,0.0,0.0,0.0,0.0,2.0,289769.0,32.0,0.0,75.59999999999998,59.5,60.0,-0.123,9462.0,1373.0,1379.0,298603.0,-0.0759999999999999,-0.0299999999999999,0.0869999999999999,-0.918,0.033,0.0819999999999999,1.0,0.7379999999999999,270.8,272.8,274.0,274.0,0.818,273.0,0.7909999999999999,273.0,0.8359999999999999,272.0,0.012,13.34,2.0,1.0,0.0,23.24,-0.143,53.9,0.0,-0.003,-0.003,-0.003,-0.005,0.024,-0.01,-0.0069999999999999,4.227,4.711,0.013,4.007,0.283,0.001,19.01,19.2,19.1,143.9,19.05,18.81,19.28,0.001,-0.001,0.0,-0.001,10.0,10.0,10.0,8.0,0.0,0.0,0.0,0.0,0.0,344.5,343.5,0.0,0.0,0.0,0.0,0.0,0.0,59.95,6000.0,-1.483,-0.178,2.0,0.0,0.2,0.2,4.227,19.44,19.41,19.61,19.72,19.41,19.38,19.27,19.44,19.24,19.12,19.34,19.9,20.71,20.73,42.0,34.0,43.0,18.74,0.0,74.29999999999998,19.46,2.0,3.519,-1.0,0.275,0.4,4903
2015-12-24 16:15:00,0.0,0.0,0.0,0.0,0.0,0.0,2.0,289769.0,32.0,0.0,75.59999999999998,59.5,60.0,-0.113,9462.0,1373.0,1379.0,298603.0,-0.0749999999999999,-0.0599999999999999,0.085,-0.918,0.033,0.0819999999999999,1.0,0.7219999999999999,271.0,273.0,274.0,274.0,0.818,273.0,0.7909999999999999,273.0,0.8359999999999999,272.0,0.004,13.62,2.0,3.0,0.0,23.23,-0.1,12.22,0.0,-0.005,-0.004,-0.005,-0.008,0.02,-0.012,-0.01,3.754,4.272,0.009,3.576,0.281,0.0,19.01,19.18,19.1,273.8,19.02,18.81,19.3,0.001,-0.001,0.0,-0.001,10.0,10.0,10.0,8.0,0.0,0.0,0.0,0.0,0.0,341.7,340.8,0.0,0.0,0.0,0.0,0.0,0.0,59.94,6000.0,-1.383,-0.182,2.0,0.0,0.2,0.2,3.769,19.43,19.42,19.6,19.66,19.38,19.3,19.21,19.46,19.27,19.16,19.35,19.91,20.72,20.64,41.95,34.0,43.0,18.75,0.0,64.24,12.75,2.0,3.519,-1.0,0.477,0.8,4903
2015-12-24 16:16:00,0.0,0.0,0.0,0.0,0.0,0.0,2.0,289769.0,32.0,0.0,75.59999999999998,59.5,60.0,-0.1169999999999999,9462.0,1373.0,1379.0,298603.0,-0.0749999999999999,-0.052,0.078,-0.918,0.032,0.0819999999999999,1.0,0.7179999999999999,270.9,272.9,274.0,274.0,0.818,273.0,0.7909999999999999,273.2,0.8359999999999999,272.0,0.004,13.62,2.0,3.0,0.0,23.2,-0.1,2.483,0.0,-0.011,-0.01,-0.009,-0.013,0.013,-0.017,-0.017,3.0380000000000003,3.573,0.003,2.8080000000000003,0.281,0.0,19.01,19.1,19.05,272.0,19.01,18.81,19.23,0.0,0.0,0.0,-0.001,10.0,10.0,10.0,8.0,0.0,0.0,0.0,0.0,0.0,336.1,335.2,0.0,0.0,0.0,0.0,0.0,0.0,59.96,6000.0,-1.4,-0.183,2.0,0.0,0.2,0.2,3.033,19.37,19.35,19.52,19.55,19.32,19.19,19.1,19.45,19.26,19.17,19.33,19.83,20.61,20.59,41.15,34.0,43.0,18.76,0.0,32.49,26.13,2.0,3.519,-1.0,0.4379999999999999,0.8,4903
2015-12-24 16:17:00,0.0,0.0,0.0,0.0,0.0,0.0,2.0,289769.0,32.0,0.0,75.59999999999998,59.5,60.0,-0.113,9462.0,1373.0,1379.0,298603.0,-0.0749999999999999,-0.055,0.0919999999999999,-0.919,0.032,0.0819999999999999,1.0,0.7149999999999999,271.0,273.0,274.0,274.0,0.818,273.0,0.7909999999999999,273.1,0.8359999999999999,272.0,0.003,13.62,2.0,3.0,0.0,23.18,-0.1,0.317,0.0,-0.017,-0.017,-0.016,-0.019,0.0069999999999999,-0.022,-0.024,2.262,2.797,-0.004,2.07,0.281,0.0,19.01,19.04,19.01,29.84,18.91,18.7,19.2,0.001,-0.001,0.0,-0.001,10.0,10.0,10.0,8.0,0.0,0.0,0.0,0.0,0.0,328.8,327.9,0.0,0.0,0.0,0.0,0.0,0.0,59.96,6000.0,-1.3,-0.1969999999999999,2.0,0.0,0.2,0.2,2.323,19.32,19.3,19.44,19.47,19.25,19.13,19.01,19.41,19.2,19.15,19.28,19.76,20.51,20.4,41.0,34.0,43.0,18.74,0.0,31.99,19.59,2.0,3.519,-1.0,0.318,0.5999999999999999,4903
2015-12-24 16:18:00,0.0,0.0,0.0,0.0,0.0,0.0,2.0,289769.0,32.0,0.0,75.59999999999998,59.5,60.0,-0.1119999999999999,9462.0,1373.0,1379.0,298603.0,-0.0749999999999999,-0.048,0.085,-0.919,0.032,0.0819999999999999,1.0,0.7379999999999999,271.0,273.0,274.0,274.0,0.818,273.0,0.7909999999999999,273.3,0.8359999999999999,272.0,0.003,13.62,2.0,3.0,0.0,23.15,-0.0869999999999999,0.0,0.0,-0.018,-0.02,-0.018,-0.021,0.003,-0.024,-0.0279999999999999,1.937,2.444,-0.0069999999999999,1.823,0.281,0.0,18.91,19.01,18.91,-16.91,18.91,18.62,19.2,0.0,-0.001,0.001,0.0,10.0,10.0,10.0,8.0,0.0,0.0,0.0,0.0,0.0,324.8,323.9,0.0,0.0,0.0,0.0,0.0,0.0,59.96,6000.0,-1.4,-0.192,2.0,0.0,0.2,0.2,1.998,19.26,19.27,19.39,19.42,19.19,19.07,18.96,19.38,19.17,19.14,19.26,19.71,20.46,20.28,41.0,34.0,43.0,18.71,0.0,283.6,41.34,2.0,3.519,-1.0,0.153,0.2999999999999999,4903
2015-12-24 16:19:00,0.0,0.0,0.0,0.0,0.0,0.0,2.0,289769.0,32.0,0.0,75.59999999999998,59.5,60.0,-0.105,9462.0,1373.0,1379.0,298603.0,-0.0749999999999999,-0.055,0.0729999999999999,-0.919,0.032,0.0819999999999999,1.0,0.745,270.9,272.9,274.0,274.0,0.818,273.0,0.7909999999999999,273.1,0.8359999999999999,272.0,-0.0279999999999999,13.35,2.0,1.0,0.0,23.13,-0.055,0.0,0.0,-0.018,-0.02,-0.017,-0.02,0.003,-0.024,-0.027,2.06,2.535,-0.0069999999999999,1.948,0.2819999999999999,0.001,18.91,19.01,18.91,36.8,18.91,18.62,19.2,0.0,0.0,0.0,0.0,10.0,10.0,10.0,8.0,0.0,0.0,0.0,0.0,0.0,325.3,324.4,0.0,0.0,0.0,0.0,0.0,0.0,59.95,6000.0,-1.45,-0.1969999999999999,2.0,0.0,0.2,0.2,2.048,19.23,19.23,19.36,19.39,19.15,19.05,18.93,19.36,19.15,19.14,19.25,19.67,20.38,20.24,40.42,34.0,43.0,18.69,0.0,232.9,30.76,2.0,3.521,-1.0,0.2019999999999999,0.4,4903
2015-12-24 16:20:00,0.0,0.0,0.0,0.0,0.0,0.0,2.0,289769.0,32.0,0.0,75.59999999999998,59.5,60.0,-0.108,9462.0,1373.0,1379.0,298603.0,-0.0749999999999999,-0.047,0.078,-0.92,0.032,0.0819999999999999,1.0,0.745,271.0,273.0,274.0,274.0,0.818,273.0,0.7909999999999999,273.3,0.8359999999999999,272.0,0.034,13.41,2.0,3.0,0.0,23.12,-0.04,0.0,0.0,-0.017,-0.02,-0.017,-0.018,0.005,-0.023,-0.026,1.937,2.478,-0.0069999999999999,1.937,0.283,0.001,18.89,19.01,18.91,32.51,18.84,18.62,19.2,0.001,0.0,0.001,-0.001,10.0,10.0,10.0,8.0,0.0,0.0,0.0,0.0,0.0,327.0,325.9,0.0,0.0,0.0,0.0,0.0,0.0,59.95,6000.0,-1.5,-0.193,2.0,0.0,0.2,0.2,2.195,19.2,19.2,19.34,19.37,19.12,19.06,18.91,19.36,19.16,19.13,19.25,19.65,20.38,20.14,40.0,34.0,43.0,18.69,0.0,85.29999999999998,30.41,2.0,3.521,-1.0,0.225,0.4,4903
2015-12-24 16:21:00,0.0,0.0,0.0,0.0,0.0,0.0,2.0,289769.0,32.0,0.0,75.59999999999998,59.5,60.0,-0.107,9462.0,1373.0,1379.0,298603.0,-0.0749999999999999,-0.048,0.085,-0.92,0.032,0.0819999999999999,1.0,0.745,270.9,272.9,274.0,274.0,0.818,273.0,0.7909999999999999,273.1,0.8359999999999999,272.0,0.005,13.62,2.0,3.0,0.0,23.09,-0.042,0.0,0.0,-0.017,-0.019,-0.016,-0.017,0.006,-0.022,-0.025,1.939,2.457,-0.0069999999999999,1.934,0.281,0.0,18.92,19.01,18.91,11.29,18.89,18.62,19.24,0.001,-0.001,0.0,0.0,10.0,10.0,10.0,8.0,0.0,0.0,0.0,0.0,0.0,326.4,325.4,0.0,0.0,0.0,0.0,0.0,0.0,59.95,6000.0,-1.483,-0.195,2.0,0.0,0.2,0.2,2.124,19.17,19.21,19.32,19.36,19.11,19.05,18.9,19.34,19.16,19.13,19.24,19.64,20.36,20.1,40.0,34.0,43.0,18.68,0.0,57.5,6.042999999999999,2.0,3.519,-1.0,0.587,0.8,4903
2015-12-24 16:22:00,0.0,0.0,0.0,0.0,0.0,0.0,2.0,289769.0,32.0,0.0,75.59999999999998,59.5,60.0,-0.1019999999999999,9462.0,1373.0,1379.0,298603.0,-0.0749999999999999,-0.037,0.078,-0.92,0.032,0.0819999999999999,1.0,0.7399999999999999,270.9,272.9,274.0,274.0,0.818,273.0,0.7909999999999999,273.4,0.8359999999999999,272.0,0.004,13.62,2.0,3.0,0.0,23.07,-0.037,0.0,0.0,-0.017,-0.02,-0.017,-0.018,0.003,-0.022,-0.026,1.835,2.406,-0.0069999999999999,1.554,0.281,0.0,18.91,19.01,18.89,39.42,18.83,18.62,19.2,0.0,0.0,0.0,0.0,10.0,10.0,10.0,8.0,0.0,0.0,0.0,0.0,0.0,322.4,321.6,0.0,0.0,0.0,0.0,0.0,0.0,59.95,6000.0,-1.5,-0.192,2.0,0.0,0.2,0.2,1.834,19.18,19.2,19.3,19.35,19.09,19.06,18.89,19.33,19.16,19.14,19.22,19.62,20.32,20.1,40.0,34.0,43.0,18.71,0.0,51.8,2.6060000000000003,2.0,3.519,-1.0,0.692,0.8,4903
2015-12-24 16:23:00,0.0,0.0,0.667,0.0,0.5829999999999999,0.0,2.0,289769.0,32.0,0.0,75.59999999999998,59.5,60.0,-0.337,9462.0,1373.0,1379.0,298603.0,-0.3059999999999999,-0.062,0.5429999999999999,-0.698,0.0709999999999999,0.391,1.0,0.75,270.6,272.6,274.0,274.0,0.818,273.0,0.7909999999999999,273.0,0.8359999999999999,272.0,0.004,13.62,2.0,3.0,0.0,23.05,-0.2319999999999999,200.9,0.0,-0.021,-0.024,-0.018,-0.021,0.0,-0.023,-0.027,1.405,1.942,-0.01,1.1909999999999998,0.281,0.0,18.89,19.01,18.81,3.122,18.81,18.57,19.12,0.023,0.021,0.023,0.016,10.0,10.0,10.0,8.0,0.0069999999999999,0.006,0.0069999999999999,0.005,0.0,300.1,299.5,0.0,0.0,0.0,0.0,0.0,0.0,59.95,6000.0,-1.4,-0.23,5.016667,1.028,0.938,0.797,1.413,19.15,19.18,19.28,19.33,19.06,19.04,18.88,19.32,19.15,19.14,19.21,19.6,20.33,20.12,39.35,34.0,43.0,18.68,0.0,17.82,31.91,2.0,3.519,-1.0,0.2849999999999999,0.5,4903
2015-12-24 16:24:00,0.0,0.0,1.0,0.0,1.0,0.0,2.0,289769.0,32.0,0.0,75.59999999999998,59.5,60.0,-0.4929999999999999,9462.0,1373.0,1379.0,298603.0,-0.432,-0.127,0.8,-0.8859999999999999,0.226,0.4879999999999999,1.0,0.75,270.6,272.6,274.0,274.0,0.818,273.0,0.7909999999999999,273.0,0.8359999999999999,272.0,0.003,13.62,2.0,3.0,0.0,23.03,-0.335,283.0,0.0,-0.024,-0.024,-0.02,-0.025,-0.001,-0.025,-0.0289999999999999,0.99,1.493,-0.013,0.757,0.281,0.0,18.88,19.01,18.81,179.2,18.81,18.54,19.12,0.026,0.025,0.026,0.019,10.0,10.0,10.0,8.0,0.0069999999999999,0.0069999999999999,0.0069999999999999,0.005,0.0,283.7,282.9,0.0,0.0,0.0,0.0,0.0,0.0,59.95,6000.0,-1.383,-0.217,7.0,1.48,1.223,1.1,1.024,19.12,19.15,19.25,19.32,19.04,19.0,18.85,19.29,19.13,19.14,19.18,19.57,20.31,20.15,39.25,34.0,43.0,18.67,0.0,300.3,10.31,2.0,3.519,-1.0,0.542,0.6999999999999998,4903
2015-12-24 16:25:00,0.0,0.0,1.0,0.0,1.0,0.0,2.0,289769.0,32.0,0.0,75.59999999999998,59.5,60.0,-0.5,9462.0,1373.0,1379.0,298603.0,-0.445,-0.155,0.8,-0.8759999999999998,0.245,0.509,1.0,0.7349999999999999,271.0,273.0,274.0,274.0,0.818,273.0,0.7909999999999999,273.0,0.8359999999999999,272.0,-0.021,13.4,2.0,1.0,0.0,23.01,-0.347,283.1,0.0,-0.024,-0.027,-0.023,-0.025,-0.003,-0.026,-0.0299999999999999,1.082,1.5830000000000002,-0.013,0.623,0.281,0.001,18.81,19.01,18.81,42.68,18.81,18.54,19.04,0.0149999999999999,0.0139999999999999,0.0149999999999999,0.01,10.0,10.0,10.0,8.0,0.004,0.004,0.004,0.003,0.0,283.7,282.8,0.0,0.0,0.0,0.0,0.0,0.0,59.95,6000.0,-1.533,-0.215,7.0,1.5,1.22,1.132,0.813,19.11,19.11,19.21,19.28,19.02,18.99,18.82,19.24,19.07,19.09,19.12,19.53,20.25,20.23,39.35,34.0,43.0,18.64,0.0,268.3,4.615,2.0,3.521,-1.0,0.935,1.2,4903
2015-12-24 16:26:00,0.0,0.0,1.0,0.0,1.0,0.0,2.0,289769.0,32.0,0.0,75.59999999999998,59.5,60.0,-0.5,9462.0,1373.0,1379.0,298603.0,-0.446,-0.0869999999999999,0.8,-0.917,0.193,0.4859999999999999,1.0,0.7419999999999999,270.4,272.4,274.0,274.0,0.818,272.8,0.7909999999999999,273.0,0.8359999999999999,272.0,0.0279999999999999,13.4,2.0,3.0,0.0,22.98,-0.3499999999999999,283.0,0.0,-0.025,-0.026,-0.023,-0.025,-0.003,-0.026,-0.0289999999999999,0.7179999999999999,1.433,-0.013,0.4289999999999999,0.2819999999999999,0.001,18.81,19.01,18.81,59.9,18.81,18.52,18.94,0.012,0.01,0.011,0.008,10.0,10.0,10.0,8.0,0.003,0.003,0.003,0.002,0.0,283.5,282.3,0.0,0.0,0.0,0.0,0.0,0.0,59.94,6000.0,-1.55,-0.225,7.0,1.472,1.298,1.1,0.768,19.06,19.04,19.14,19.25,19.0,18.97,18.78,19.15,19.0,19.0,19.03,19.44,20.18,20.08,39.02,34.0,43.0,18.62,0.0,262.4,6.3420000000000005,2.0,3.519,-1.0,0.957,1.1,4903
2015-12-24 16:27:00,0.0,0.0,1.0,0.1669999999999999,1.0,0.1669999999999999,2.0,289769.0,32.0,0.0,75.59999999999998,59.5,60.0,-0.5,9462.0,1373.0,1379.0,298603.0,-0.452,-0.247,0.8,-0.829,0.3049999999999999,0.546,1.0,0.745,270.5,272.5,274.0,274.0,0.818,272.9,0.7909999999999999,273.0,0.8359999999999999,272.0,0.004,13.62,2.0,3.0,0.0,22.96,-0.3529999999999999,283.0,0.0,-0.027,-0.024,-0.023,-0.025,-0.003,-0.027,-0.0289999999999999,0.692,1.381,-0.013,0.4299999999999999,0.281,0.0,18.71,19.01,18.81,30.8,18.81,18.5,18.93,0.011,0.01,0.011,0.0069999999999999,10.0,10.0,10.0,8.0,0.003,0.003,0.003,0.002,0.0,283.5,282.4,0.0,0.0,0.0,0.0,0.0,0.0,59.96,6000.0,-1.55,-0.223,7.0,1.528,1.223,1.178,0.7399999999999999,19.01,18.96,19.06,19.2,18.97,18.95,18.74,19.1,18.96,18.96,18.97,19.36,20.1,20.0,39.02,34.0,43.0,18.6,0.0,273.0,8.48,2.0,3.519,-1.0,0.7229999999999999,1.0,4903
2015-12-24 16:28:00,0.0,0.0,1.0,0.083,1.0,0.083,2.0,289769.0,32.0,0.0,75.59999999999998,59.5,60.0,-0.5,9462.0,1373.0,1379.0,298603.0,-0.449,-0.2099999999999999,0.8,-0.8349999999999999,0.296,0.539,1.0,0.7419999999999999,270.5,272.5,274.0,274.0,0.818,273.0,0.7909999999999999,273.0,0.8359999999999999,272.0,0.004,13.62,2.0,3.0,0.0,22.94,-0.347,283.0,0.0,-0.027,-0.024,-0.023,-0.025,-0.003,-0.027,-0.0289999999999999,0.7329999999999999,1.426,-0.013,0.4259999999999999,0.281,0.0,18.71,19.01,18.71,85.9,18.81,18.47,18.91,0.013,0.012,0.013,0.009,10.0,10.0,10.0,8.0,0.004,0.003,0.004,0.003,0.0,283.6,282.5,0.0,0.0,0.0,0.0,0.0,0.0,59.96,6000.0,-1.533,-0.225,7.0,1.5,1.2,1.175,0.769,18.95,18.9,18.99,19.16,18.94,18.92,18.7,19.04,18.91,18.92,18.91,19.29,20.0,19.99,39.13,34.0,43.0,18.57,0.0,286.4,8.08,2.0,3.519,-1.0,0.647,0.9,4903
2015-12-24 16:29:00,0.0,0.0,1.0,0.317,1.0,0.317,2.0,289769.0,32.0,0.0,75.59999999999998,59.5,60.0,-0.5,9462.0,1373.0,1379.0,298603.0,-0.444,-0.263,0.8,-0.8,0.332,0.555,1.0,0.753,270.2,272.2,274.0,274.0,0.818,272.6,0.7909999999999999,273.0,0.8359999999999999,272.0,0.003,13.62,2.0,3.0,0.0,22.92,-0.335,283.0,0.0,-0.025,-0.024,-0.023,-0.024,-0.003,-0.026,-0.0279999999999999,0.932,1.442,-0.013,0.526,0.281,0.0,18.63,18.97,18.71,65.31,18.79,18.49,18.89,0.02,0.019,0.02,0.0139999999999999,10.0,10.0,10.0,8.0,0.006,0.005,0.006,0.004,0.0,283.5,282.5,0.0,0.0,0.0,0.0,0.0,0.0,59.97,6000.0,-1.4,-0.2119999999999999,7.0,1.535,1.205,1.2,0.8909999999999999,18.89,18.84,18.93,19.12,18.91,18.9,18.67,19.0,18.88,18.9,18.87,19.22,19.92,19.88,39.5,34.0,43.0,18.55,0.0,294.7,12.86,2.0,3.519,-1.0,0.53,0.9,4903
2015-12-24 16:30:00,0.0,0.0,1.0,0.1169999999999999,1.0,0.1169999999999999,2.0,289769.0,32.0,0.0,75.59999999999998,59.5,60.0,-0.498,9462.0,1373.0,1379.0,298603.0,-0.436,-0.2429999999999999,0.8,-0.819,0.3049999999999999,0.532,1.0,0.762,270.2,272.2,274.0,274.0,0.818,272.6,0.7909999999999999,273.0,0.8359999999999999,272.0,0.003,13.62,2.0,3.0,0.0,22.9,-0.3329999999999999,283.0,0.0,-0.024,-0.022,-0.022,-0.023,-0.001,-0.024,-0.0279999999999999,0.935,1.442,-0.012,0.7319999999999999,0.281,0.0,18.63,18.91,18.71,152.9,18.78,18.49,18.86,0.026,0.025,0.026,0.019,10.0,10.0,10.0,8.0,0.0069999999999999,0.0069999999999999,0.0069999999999999,0.005,0.0,283.6,282.7,0.0,0.0,0.0,0.0,0.0,0.0,59.96,6000.0,-1.483,-0.233,7.0,1.5,1.2,1.2,1.034,18.89,18.83,18.91,19.1,18.88,18.87,18.65,18.97,18.85,18.88,18.83,19.2,19.94,19.87,39.83,34.0,43.0,18.53,0.0,33.54,41.49,2.0,3.521,-1.0,0.37,0.8,4903
2015-12-24 16:31:00,0.0,0.0,1.0,0.317,1.0,0.317,2.0,289769.0,32.0,0.0,75.59999999999998,59.5,60.0,-0.497,9462.0,1373.0,1379.0,298603.0,-0.435,-0.247,0.8,-0.804,0.322,0.541,1.0,0.7429999999999999,270.1,272.1,274.0,274.0,0.818,272.2,0.7909999999999999,273.0,0.8359999999999999,272.0,0.001,13.35,2.0,1.0,0.0,22.88,-0.342,283.0,0.0,-0.024,-0.02,-0.021,-0.023,0.0,-0.023,-0.0279999999999999,1.126,1.845,-0.01,0.893,0.281,0.001,18.63,18.86,18.71,65.05,18.71,18.46,18.9,0.0279999999999999,0.026,0.0279999999999999,0.02,10.0,10.0,10.0,8.0,0.008,0.008,0.008,0.006,0.0,283.5,282.3,0.0,0.0,0.0,0.0,0.0,0.0,59.97,6000.0,-1.533,-0.228,7.0,1.513,1.202,1.2,1.045,18.88,18.8,18.87,19.04,18.85,18.83,18.6,18.95,18.84,18.88,18.81,19.17,19.92,19.86,39.97,34.0,43.0,18.53,0.0,81.9,10.37,2.0,3.519,-1.0,0.8529999999999999,1.2,4903
2015-12-24 16:32:00,0.0,0.0,1.0,0.083,1.0,0.083,2.0,289769.0,32.0,0.0,75.59999999999998,59.5,60.0,-0.498,9462.0,1373.0,1379.0,298603.0,-0.439,-0.2319999999999999,0.8,-0.824,0.3019999999999999,0.5329999999999999,1.0,0.753,270.0,272.0,274.0,274.0,0.818,272.1,0.7909999999999999,273.0,0.8359999999999999,272.0,0.006,13.62,2.0,3.0,0.0,22.86,-0.335,283.0,0.0,-0.024,-0.022,-0.021,-0.023,-0.003,-0.023,-0.0289999999999999,0.94,1.4480000000000002,-0.012,0.65,0.281,0.0,18.62,18.79,18.66,-1.563,18.68,18.42,18.85,0.023,0.021,0.023,0.016,10.0,10.0,10.0,8.0,0.006,0.006,0.006,0.005,0.0,283.4,282.1,0.0,0.0,0.0,0.0,0.0,0.0,59.96,6000.0,-1.4169999999999998,-0.218,7.0,1.5,1.203,1.2,0.937,18.83,18.74,18.81,18.96,18.75,18.77,18.52,18.91,18.81,18.84,18.77,19.11,19.95,20.04,39.78,34.0,43.0,18.49,0.0,100.8,17.27,2.0,3.519,-1.0,0.8579999999999999,1.2,4903
2015-12-24 16:33:00,0.0,0.0,0.517,0.0,0.517,0.0,2.0,289769.0,32.0,0.0,75.59999999999998,59.5,60.0,-0.31,9462.0,1373.0,1379.0,298603.0,-0.267,-0.133,0.4629999999999999,-0.875,0.166,0.315,1.0,0.75,270.0,272.0,274.0,273.8,0.818,272.0,0.7909999999999999,273.0,0.8359999999999999,271.9,0.004,13.62,2.0,3.0,0.0,22.84,-0.317,246.0,0.0,-0.025,-0.024,-0.023,-0.024,-0.006,-0.025,-0.0299999999999999,0.943,1.45,-0.013,0.442,0.281,0.0,18.6,18.7,18.62,242.7,18.62,18.41,18.78,0.009,0.008,0.009,0.006,10.0,10.0,10.0,8.0,0.003,0.002,0.003,0.002,0.0,289.7,288.5,0.0,0.0,0.0,0.0,0.0,0.0,59.96,6000.0,-1.483,-0.2119999999999999,4.5833330000000005,0.795,0.7299999999999999,0.7269999999999999,0.815,18.77,18.68,18.75,18.89,18.67,18.71,18.44,18.85,18.75,18.79,18.71,19.06,19.92,20.07,39.43,34.0,43.0,18.44,0.0,133.3,19.4,2.0,3.521,-1.0,0.8449999999999999,1.1,4903
2015-12-24 16:34:00,0.0,0.0,0.0,0.0,0.0,0.0,2.0,289769.0,32.0,0.0,75.59999999999998,59.5,60.0,-0.1019999999999999,9462.0,1373.0,1379.0,298603.0,-0.0759999999999999,-0.048,0.095,-0.919,0.033,0.0819999999999999,1.0,0.7379999999999999,270.0,272.0,274.0,273.6,0.818,272.0,0.7909999999999999,273.0,0.8359999999999999,271.8,0.003,13.62,2.0,3.0,0.0,22.82,-0.157,74.37,0.0,-0.026,-0.024,-0.025,-0.025,-0.0069999999999999,-0.026,-0.031,0.946,1.453,-0.013,0.4379999999999999,0.281,0.0,18.5,18.65,18.62,60.81,18.57,18.34,18.78,0.001,-0.001,0.0,0.0,10.0,10.0,10.0,8.0,0.0,0.0,0.0,0.0,0.0,296.4,295.8,0.0,0.0,0.0,0.0,0.0,0.0,59.95,6000.0,-1.317,-0.2,2.0,0.0,0.2,0.2,0.8009999999999999,18.74,18.66,18.73,18.83,18.61,18.63,18.38,18.82,18.71,18.75,18.67,19.05,19.84,19.8,39.17,34.0,43.0,18.38,0.0,184.2,15.99,2.0,3.519,-1.0,0.697,1.0,4903
2015-12-24 16:35:00,0.0,0.0,0.0,0.0,0.0,0.0,2.0,289769.0,32.0,0.0,75.59999999999998,59.5,60.0,-0.1,9462.0,1373.0,1379.0,298603.0,-0.0759999999999999,-0.047,0.0819999999999999,-0.919,0.032,0.0819999999999999,1.0,0.753,270.0,272.0,274.0,273.5,0.818,272.0,0.7909999999999999,273.0,0.8359999999999999,271.5,0.003,13.62,2.0,3.0,0.0,22.8,-0.1,16.88,0.0,-0.027,-0.025,-0.025,-0.025,-0.0069999999999999,-0.027,-0.031,0.909,1.452,-0.0139999999999999,0.437,0.281,0.0,18.46,18.63,18.53,73.26,18.51,18.29,18.75,0.001,-0.001,0.001,0.0,10.0,10.0,10.0,8.0,0.0,0.0,0.0,0.0,0.0,295.2,294.3,0.0,0.0,0.0,0.0,0.0,0.0,59.95,6000.0,-1.2,-0.2,2.0,0.0,0.2,0.2,0.7879999999999999,18.72,18.63,18.71,18.79,18.56,18.58,18.35,18.79,18.69,18.72,18.64,19.03,19.74,19.65,39.0,34.0,43.0,18.33,0.0,232.8,38.95,2.0,3.519,-1.0,0.288,0.4,4903
2015-12-24 16:36:00,0.0,0.0,0.0,0.0,0.0,0.0,2.0,289769.0,32.0,0.0,75.59999999999998,59.5,60.0,-0.1019999999999999,9462.0,1373.0,1379.0,298603.0,-0.0749999999999999,-0.05,0.0819999999999999,-0.92,0.032,0.0819999999999999,1.0,0.747,270.0,272.0,274.0,273.2,0.818,272.0,0.7909999999999999,273.0,0.8359999999999999,271.3,0.006,13.62,2.0,3.0,0.0,22.78,-0.1,3.417,0.0,-0.0289999999999999,-0.027,-0.026,-0.025,-0.0069999999999999,-0.0279999999999999,-0.0299999999999999,0.8640000000000001,1.47,-0.0139999999999999,0.5909999999999999,0.281,0.0,18.44,18.62,18.52,385.4,18.44,18.23,18.68,0.001,0.0,0.0,0.0,10.0,10.0,10.0,8.0,0.0,0.0,0.0,0.0,0.0,291.5,290.8,0.0,0.0,0.0,0.0,0.0,0.0,59.96,6000.0,-1.4169999999999998,-0.2,2.0,0.0,0.2,0.2,0.724,18.71,18.63,18.7,18.77,18.56,18.58,18.32,18.78,18.68,18.71,18.64,19.03,19.68,19.65,39.0,34.0,42.73,18.29,0.0,285.1,30.54,2.0,3.517,-1.0,0.3979999999999999,0.9,4903
2015-12-24 16:37:00,0.0,0.0,0.0,0.0,0.0,0.0,2.0,289769.0,32.0,0.0,75.59999999999998,59.5,60.0,-0.103,9462.0,1373.0,1379.0,298603.0,-0.0759999999999999,-0.052,0.0919999999999999,-0.92,0.032,0.0819999999999999,1.0,0.7379999999999999,270.0,272.0,274.0,273.0,0.818,272.0,0.7909999999999999,273.0,0.8359999999999999,271.0,0.0,13.34,2.0,1.0,0.0,22.76,-0.1,0.367,0.0,-0.0299999999999999,-0.027,-0.026,-0.025,-0.0069999999999999,-0.0289999999999999,-0.0299999999999999,0.498,1.217,-0.0139999999999999,0.441,0.281,0.001,18.45,18.62,18.49,15.55,18.42,18.23,18.72,0.001,0.0,0.001,0.0,10.0,10.0,10.0,8.0,0.0,0.0,0.0,0.0,0.0,286.0,285.3,0.0,0.0,0.0,0.0,0.0,0.0,59.96,6000.0,-1.4169999999999998,-0.2,2.0,0.0,0.2,0.2,0.628,18.68,18.62,18.67,18.73,18.55,18.59,18.27,18.77,18.7,18.7,18.64,18.99,19.65,19.75,39.0,34.0,42.28,18.26,0.0,284.4,30.29,2.0,3.518,-1.0,0.5779999999999998,1.1,4903
2015-12-24 16:38:00,0.0,0.0,0.0,0.0,0.0,0.0,2.0,289769.0,32.0,0.0,75.59999999999998,59.5,60.0,-0.103,9462.0,1373.0,1379.0,298603.0,-0.0759999999999999,-0.048,0.07,-0.92,0.032,0.0819999999999999,1.0,0.745,270.0,272.0,274.0,273.1,0.818,272.0,0.7909999999999999,273.0,0.8359999999999999,271.0,0.005,13.62,2.0,3.0,0.0,22.73,-0.047,0.0,0.0,-0.0299999999999999,-0.026,-0.026,-0.024,-0.0069999999999999,-0.0289999999999999,-0.0289999999999999,0.444,1.004,-0.0139999999999999,0.319,0.281,0.0,18.43,18.62,18.42,39.87,18.42,18.23,18.7,0.001,0.0,0.0,0.0,10.0,10.0,10.0,8.0,0.0,0.0,0.0,0.0,0.0,277.1,276.4,0.0,0.0,0.0,0.0,0.0,0.0,59.95,6000.0,-1.4,-0.2,2.0,0.0,0.2,0.2,0.4699999999999999,18.67,18.6,18.62,18.68,18.54,18.56,18.23,18.75,18.65,18.69,18.61,18.94,19.71,19.94,39.0,34.0,42.37,18.25,0.0,287.7,19.18,2.0,3.521,-1.0,0.7149999999999999,1.3,4903
2015-12-24 16:39:00,0.0,0.0,0.0,0.0,0.0,0.0,2.0,289769.0,32.0,0.0,75.59999999999998,59.5,60.0,-0.1019999999999999,9462.0,1373.0,1379.0,298603.0,-0.0749999999999999,-0.05,0.0819999999999999,-0.921,0.032,0.0819999999999999,1.0,0.745,270.0,272.0,274.0,273.0,0.818,272.0,0.7909999999999999,273.0,0.8359999999999999,271.0,0.004,13.62,2.0,3.0,0.0,22.72,-0.005,-0.317,0.0,-0.0299999999999999,-0.024,-0.026,-0.024,-0.0069999999999999,-0.0289999999999999,-0.0289999999999999,0.445,0.953,-0.0139999999999999,-0.009,0.281,0.0,18.46,18.62,18.42,-5.001,18.42,18.23,18.71,0.001,0.0,0.0,0.0,10.0,10.0,10.0,8.0,0.0,0.0,0.0,0.0,0.0,265.2,264.6,0.0,0.0,0.0,0.0,0.0,0.0,59.97,6000.0,-1.45,-0.2,2.0,0.0,0.2,0.2,0.375,18.64,18.57,18.59,18.66,18.51,18.57,18.2,18.72,18.62,18.67,18.58,18.9,19.73,19.96,38.08,34.0,42.0,18.27,0.0,297.3,6.872999999999999,2.0,3.517,-1.0,1.173,1.6,4903
2015-12-24 16:40:00,0.0,0.0,0.0,0.0,0.0,0.0,2.0,289769.0,32.0,0.0,75.59999999999998,59.5,60.0,-0.1019999999999999,9462.0,1373.0,1379.0,298603.0,-0.0749999999999999,-0.0299999999999999,0.0899999999999999,-0.921,0.032,0.0819999999999999,1.0,0.7329999999999999,270.0,272.0,273.9,273.0,0.818,272.0,0.7909999999999999,273.0,0.8359999999999999,271.0,0.003,13.62,2.0,3.0,0.0,22.69,0.0,-0.5329999999999999,0.0,-0.0299999999999999,-0.024,-0.026,-0.024,-0.0069999999999999,-0.0289999999999999,-0.0289999999999999,0.444,0.954,-0.0139999999999999,-0.0609999999999999,0.281,0.0,18.47,18.62,18.42,-6.884,18.42,18.21,18.72,0.001,-0.001,0.001,0.0,10.0,10.0,10.0,8.0,0.0,0.0,0.0,0.0,0.0,255.2,254.5,0.0,0.0,0.0,0.0,0.0,0.0,59.97,6000.0,-1.383,-0.2,2.0,0.0,0.2,0.2,0.3329999999999999,18.65,18.55,18.57,18.65,18.51,18.53,18.19,18.69,18.6,18.65,18.55,18.86,19.73,19.89,38.0,34.0,42.0,18.25,0.0,292.5,5.67,2.0,3.519,-1.0,1.415,1.7,4903
2015-12-24 16:41:00,0.0,0.0,0.0,0.0,0.0,0.0,2.0,289769.0,32.0,0.0,75.59999999999998,59.5,60.0,-0.1,9462.0,1373.0,1379.0,298603.0,-0.0749999999999999,-0.05,0.0769999999999999,-0.921,0.032,0.0819999999999999,1.0,0.7369999999999999,270.0,272.0,273.8,273.0,0.818,272.0,0.7909999999999999,273.0,0.8359999999999999,271.0,0.003,13.62,2.0,3.0,0.0,22.67,0.0,-0.467,0.0,-0.0289999999999999,-0.024,-0.026,-0.023,-0.0069999999999999,-0.0279999999999999,-0.0279999999999999,0.442,0.956,-0.0139999999999999,-0.059,0.281,0.0,18.44,18.62,18.42,516.2,18.42,18.21,18.72,0.001,-0.001,0.001,0.0,10.0,10.0,10.0,8.0,0.0,0.0,0.0,0.0,0.0,251.6,251.1,0.0,0.0,0.0,0.0,0.0,0.0,59.96,6000.0,-1.367,-0.2,2.0,0.0,0.2,0.2,0.2869999999999999,18.62,18.52,18.54,18.64,18.51,18.56,18.19,18.67,18.59,18.64,18.53,18.83,19.69,19.86,38.0,34.0,42.0,18.25,0.0,290.0,11.38,2.0,3.519,-1.0,1.143,1.4,4903
2015-12-24 16:42:00,0.0,0.0,0.0,0.0,0.0,0.0,2.0,289769.0,32.0,0.0,75.59999999999998,59.5,60.0,-0.1019999999999999,9462.0,1373.0,1379.0,298603.0,-0.0749999999999999,-0.0429999999999999,0.0729999999999999,-0.921,0.032,0.0819999999999999,1.0,0.7179999999999999,270.0,272.0,273.7,273.0,0.818,272.0,0.7909999999999999,273.0,0.8359999999999999,271.0,-0.01,13.34,2.0,1.0,0.0,22.66,0.0,-0.4829999999999999,0.0,-0.0279999999999999,-0.024,-0.025,-0.023,-0.0069999999999999,-0.027,-0.027,0.576,1.071,-0.013,0.12,0.28,0.001,18.43,18.62,18.42,0.229,18.42,18.23,18.72,0.001,0.0,0.001,0.0,10.0,10.0,10.0,8.0,0.0,0.0,0.0,0.0,0.0,252.0,251.4,0.0,0.0,0.0,0.0,0.0,0.0,59.95,6000.0,-1.4169999999999998,-0.2,2.0,0.0,0.2,0.2,0.2999999999999999,18.6,18.52,18.52,18.65,18.52,18.58,18.19,18.65,18.6,18.65,18.52,18.81,19.71,19.85,38.0,34.0,42.0,18.24,0.0,303.8,54.98,2.0,3.519,-1.0,0.568,1.2,4903
2015-12-24 16:43:00,0.0,0.0,0.0,0.0,0.0,0.0,2.0,289769.0,32.0,0.0,75.59999999999998,59.5,60.0,-0.1,9462.0,1373.0,1379.0,298603.0,-0.0749999999999999,-0.042,0.083,-0.922,0.032,0.0819999999999999,1.0,0.7299999999999999,269.8,271.8,273.4,273.0,0.818,272.0,0.7909999999999999,272.5,0.8359999999999999,271.0,0.016,13.34,2.0,1.0,0.0,22.63,0.0,-0.6999999999999998,0.0,-0.026,-0.021,-0.024,-0.023,-0.005,-0.025,-0.026,0.436,0.956,-0.013,-0.057,0.2819999999999999,0.001,18.43,18.62,18.42,49.21,18.42,18.23,18.72,0.0,0.0,0.001,0.0,10.0,10.0,10.0,8.0,0.0,0.0,0.0,0.0,0.0,252.3,251.8,0.0,0.0,0.0,0.0,0.0,0.0,59.96,6000.0,-1.533,-0.2,2.0,0.0,0.2,0.2,0.2899999999999999,18.61,18.52,18.51,18.65,18.55,18.57,18.2,18.66,18.62,18.68,18.51,18.81,19.73,19.78,38.0,34.0,42.0,18.25,0.0,73.64,34.79,2.0,3.519,-1.0,0.4529999999999999,0.8,4903
2015-12-24 16:44:00,0.0,0.0,0.0,0.0,0.0,0.0,2.0,289769.0,32.0,0.0,75.59999999999998,59.5,60.0,-0.1019999999999999,9462.0,1373.0,1379.0,298603.0,-0.0749999999999999,-0.042,0.078,-0.922,0.032,0.0819999999999999,1.0,0.7219999999999999,269.6,271.6,273.1,273.0,0.818,272.0,0.7909999999999999,272.1,0.8359999999999999,271.0,0.004,13.62,2.0,3.0,0.0,22.61,-0.002,-0.5329999999999999,0.0,-0.025,-0.02,-0.021,-0.022,-0.003,-0.024,-0.025,0.411,0.959,-0.013,-0.0559999999999999,0.281,0.0,18.46,18.6,18.42,30.59,18.42,18.23,18.72,0.001,0.0,0.0,0.0,10.0,10.0,10.0,8.0,0.0,0.0,0.0,0.0,0.0,251.2,250.5,0.0,0.0,0.0,0.0,0.0,0.0,59.95,6000.0,-1.4,-0.2,2.0,0.0,0.2,0.2,0.268,18.62,18.53,18.51,18.66,18.55,18.56,18.21,18.67,18.64,18.72,18.53,18.8,19.75,19.75,37.67,34.0,42.0,18.25,0.0,290.9,35.9,2.0,3.519,-1.0,0.963,2.0,4903
2015-12-24 16:45:00,0.0,0.0,0.0,0.0,0.0,0.0,2.0,289769.0,32.0,0.0,75.59999999999998,59.5,60.0,-0.105,9462.0,1373.0,1379.0,298603.0,-0.0749999999999999,-0.042,0.0749999999999999,-0.922,0.032,0.081,1.0,0.7129999999999999,269.5,271.5,273.0,272.9,0.818,272.0,0.7909999999999999,272.0,0.8359999999999999,271.0,0.004,13.62,2.0,3.0,0.0,22.59,-0.002,-0.4829999999999999,0.0,-0.024,-0.02,-0.021,-0.022,-0.003,-0.022,-0.025,0.317,0.953,-0.013,-0.055,0.281,0.0,18.46,18.52,18.44,-69.88,18.42,18.23,18.72,0.001,-0.001,0.001,0.0,10.0,10.0,10.0,8.0,0.0,0.0,0.0,0.0,0.0,248.8,248.3,0.0,0.0,0.0,0.0,0.0,0.0,59.95,6000.0,-1.267,-0.2,2.0,0.0,0.2,0.2,0.267,18.6,18.52,18.49,18.63,18.53,18.57,18.19,18.67,18.64,18.71,18.52,18.79,19.8,19.9,37.12,34.0,42.0,18.24,0.0,103.7,60.97,2.0,3.519,-1.0,0.7369999999999999,1.4,4903
2015-12-24 16:46:00,0.0,0.0,0.0,0.0,0.0,0.0,2.0,289769.0,32.0,0.0,75.59999999999998,59.5,60.0,-0.1,9462.0,1373.0,1379.0,298603.0,-0.0749999999999999,-0.04,0.0819999999999999,-0.922,0.031,0.081,1.0,0.7299999999999999,269.2,271.2,273.0,272.7,0.818,271.8,0.7909999999999999,272.0,0.8359999999999999,271.0,0.003,13.62,2.0,3.0,0.0,22.56,-0.002,-0.817,0.0,-0.024,-0.02,-0.021,-0.021,-0.004,-0.023,-0.025,0.222,0.8349999999999999,-0.013,-0.055,0.281,0.0,18.43,18.55,18.42,-13.97,18.42,18.23,18.72,0.001,-0.001,0.0,0.0,10.0,10.0,10.0,8.0,0.0,0.0,0.0,0.0,0.0,243.6,243.1,0.0,0.0,0.0,0.0,0.0,0.0,59.95,6000.0,-1.517,-0.2,2.0,0.0,0.2,0.2,0.267,18.56,18.49,18.46,18.62,18.51,18.56,18.18,18.64,18.58,18.68,18.49,18.75,19.8,19.87,37.0,34.0,42.0,18.21,0.0,106.1,17.83,2.0,3.519,-1.0,1.067,1.6,4903
2015-12-24 16:47:00,0.0,0.0,0.0,0.0,0.0,0.0,2.0,289769.0,32.0,0.0,75.59999999999998,59.5,60.0,-0.105,9462.0,1373.0,1379.0,298603.0,-0.0749999999999999,-0.0429999999999999,0.083,-0.922,0.032,0.081,1.0,0.7199999999999999,269.0,271.0,273.0,272.1,0.818,271.1,0.7909999999999999,272.0,0.8359999999999999,270.8,0.003,13.62,2.0,3.0,0.0,22.55,-0.002,-0.7329999999999999,0.0,-0.025,-0.02,-0.021,-0.02,-0.004,-0.023,-0.024,0.1789999999999999,0.724,-0.013,-0.054,0.281,0.0,18.43,18.52,18.42,-3.419,18.42,18.23,18.72,0.001,-0.001,0.0,0.0,10.0,10.0,10.0,8.0,0.0,0.0,0.0,0.0,0.0,235.1,234.6,0.0,0.0,0.0,0.0,0.0,0.0,59.95,6000.0,-1.35,-0.2,2.0,0.0,0.2,0.2,0.173,18.51,18.46,18.42,18.58,18.41,18.52,18.14,18.6,18.55,18.65,18.46,18.72,19.7,19.76,37.0,34.0,42.0,18.18,0.0,106.8,10.33,2.0,3.517,-1.0,0.872,1.3,4903
2015-12-24 16:48:00,0.0,0.0,0.0,0.0,0.0,0.0,2.0,289769.0,32.0,0.0,75.59999999999998,59.5,60.0,-0.1,9462.0,1373.0,1379.0,298603.0,-0.0749999999999999,-0.0429999999999999,0.072,-0.922,0.032,0.081,1.0,0.7149999999999999,269.0,271.0,273.0,272.2,0.818,271.3,0.7909999999999999,272.0,0.8359999999999999,270.9,-0.001,13.33,2.0,1.0,0.0,22.52,0.0,-0.75,0.0,-0.025,-0.021,-0.02,-0.018,-0.006,-0.023,-0.023,0.236,0.8599999999999999,-0.013,0.1769999999999999,0.281,0.001,18.43,18.54,18.42,18.81,18.42,18.23,18.72,0.001,-0.001,0.001,-0.001,10.0,10.0,10.0,8.0,0.0,0.0,0.0,0.0,0.0,218.7,218.4,0.0,0.0,0.0,0.0,0.0,0.0,59.94,6000.0,-1.183,-0.2,2.0,0.0,0.2,0.2,0.109,18.51,18.45,18.43,18.57,18.38,18.48,18.13,18.6,18.55,18.66,18.46,18.71,19.68,19.57,37.0,34.0,42.0,18.18,0.0,156.4,20.43,2.0,3.517,-1.0,0.565,1.1,4903
2015-12-24 16:49:00,0.0,0.0,0.0,0.0,0.0,0.0,2.0,289769.0,32.0,0.0,75.59999999999998,59.5,60.0,-0.1,9462.0,1373.0,1379.0,298603.0,-0.0749999999999999,-0.0429999999999999,0.085,-0.922,0.031,0.081,1.0,0.717,269.0,271.0,273.0,272.0,0.818,271.0,0.7909999999999999,272.0,0.8359999999999999,270.5,0.008,13.62,2.0,3.0,0.0,22.5,0.0,-0.883,0.0,-0.025,-0.024,-0.019,-0.017,-0.0069999999999999,-0.024,-0.023,-0.0529999999999999,0.507,-0.013,-0.074,0.281,0.001,18.43,18.55,18.42,37.68,18.42,18.23,18.72,0.001,0.0,0.001,0.0,10.0,10.0,10.0,8.0,0.0,0.0,0.0,0.0,0.0,198.1,197.8,0.0,0.0,0.0,0.0,0.0,0.0,59.97,6000.0,-1.217,-0.2,2.0,0.0,0.2,0.2,0.039,18.49,18.44,18.44,18.56,18.38,18.47,18.12,18.61,18.54,18.66,18.47,18.73,19.61,19.41,37.0,34.0,42.0,18.19,0.0,254.1,22.49,2.0,3.519,-1.0,0.5529999999999999,1.0,4903
2015-12-24 16:50:00,0.0,0.0,0.0,0.0,0.0,0.0,2.0,289769.0,32.0,0.0,75.59999999999998,59.5,60.0,-0.1019999999999999,9462.0,1373.0,1379.0,298603.0,-0.0749999999999999,-0.0529999999999999,0.088,-0.923,0.031,0.081,1.0,0.7349999999999999,269.0,271.0,273.0,272.3,0.818,271.1,0.7909999999999999,272.0,0.8359999999999999,270.6,0.004,13.62,2.0,3.0,0.0,22.48,0.0,-1.0,0.0,-0.025,-0.024,-0.019,-0.016,-0.0069999999999999,-0.023,-0.023,-0.0529999999999999,0.455,-0.013,-0.148,0.28,0.0,18.43,18.63,18.42,-9.19,18.42,18.23,18.72,0.001,0.0,0.001,0.0,10.0,10.0,10.0,8.0,0.0,0.0,0.0,0.0,0.0,187.0,186.7,0.0,0.0,0.0,0.0,0.0,0.0,59.98,6000.0,-1.483,-0.2,2.0,0.0,0.2,0.2,0.0379999999999999,18.46,18.44,18.44,18.56,18.38,18.48,18.12,18.63,18.55,18.66,18.48,18.73,19.52,19.43,37.0,34.0,42.0,18.19,0.0,270.3,11.57,2.0,3.519,-1.0,1.007,1.6,4903
2015-12-24 16:51:00,0.0,0.0,0.0,0.0,0.0,0.0,2.0,289769.0,32.0,0.0,75.59999999999998,59.5,60.0,-0.1019999999999999,9462.0,1373.0,1379.0,298603.0,-0.0749999999999999,-0.0429999999999999,0.065,-0.923,0.031,0.081,1.0,0.7269999999999999,269.0,271.0,273.0,272.0,0.818,271.0,0.7909999999999999,272.0,0.8359999999999999,270.2,0.003,13.62,2.0,3.0,0.0,22.46,0.0,-1.0,0.0,-0.024,-0.022,-0.018,-0.0149999999999999,-0.005,-0.023,-0.022,-0.0529999999999999,0.455,-0.013,-0.1119999999999999,0.281,0.0,18.43,18.67,18.42,54.74,18.44,18.23,18.72,0.001,-0.001,0.0,0.0,10.0,10.0,10.0,8.0,0.0,0.0,0.0,0.0,0.0,190.6,190.1,0.0,0.0,0.0,0.0,0.0,0.0,59.96,6000.0,-1.45,-0.2,2.0,0.0,0.2,0.2,0.0379999999999999,18.45,18.43,18.44,18.56,18.37,18.49,18.11,18.63,18.54,18.66,18.49,18.74,19.44,19.44,36.88,34.0,42.0,18.17,0.0,277.4,15.35,2.0,3.517,-1.0,1.252,1.7,4903
2015-12-24 16:52:00,0.0,0.0,0.0,0.0,0.0,0.0,2.0,289769.0,32.0,0.0,75.59999999999998,59.5,60.0,-0.1019999999999999,9462.0,1373.0,1379.0,298603.0,-0.0749999999999999,-0.048,0.0749999999999999,-0.923,0.031,0.081,1.0,0.7049999999999998,269.0,271.0,273.0,272.1,0.818,271.0,0.7909999999999999,272.0,0.8359999999999999,270.6,0.005,13.62,2.0,3.0,0.0,22.45,0.0,-1.0,0.0,-0.024,-0.02,-0.017,-0.0139999999999999,-0.003,-0.022,-0.021,-0.052,0.5,-0.013,-0.065,0.28,0.0,18.43,18.6,18.42,-21.33,18.42,18.23,18.72,0.001,0.0,0.0,0.0,10.0,10.0,10.0,8.0,0.0,0.0,0.0,0.0,0.0,202.6,202.1,0.0,0.0,0.0,0.0,0.0,0.0,59.96,6000.0,-1.467,-0.2,2.0,0.0,0.2,0.2,0.0559999999999999,18.43,18.4,18.42,18.55,18.35,18.5,18.11,18.62,18.53,18.63,18.47,18.72,19.35,19.38,36.05,34.0,42.0,18.17,0.0,283.3,19.34,2.0,3.519,-1.0,0.5969999999999999,1.1,4903
2015-12-24 16:53:00,0.0,0.0,0.0,0.0,0.0,0.0,2.0,289769.0,32.0,0.0,75.59999999999998,59.5,60.0,-0.1,9462.0,1373.0,1379.0,298603.0,-0.0749999999999999,-0.0579999999999999,0.08,-0.923,0.031,0.081,1.0,0.712,269.0,271.0,273.0,272.3,0.818,271.1,0.7909999999999999,272.0,0.8359999999999999,270.8,0.004,13.66,2.0,3.0,0.0,22.42,0.0,-0.75,0.0,-0.023,-0.02,-0.016,-0.013,-0.003,-0.02,-0.02,-0.05,0.622,-0.012,-0.052,0.28,0.0,18.43,18.59,18.42,74.79,18.44,18.23,18.69,0.0,-0.001,0.0,0.0,10.0,10.0,10.0,8.0,0.0,0.0,0.0,0.0,0.0,216.3,215.7,0.0,0.0,0.0,0.0,0.0,0.0,59.97,6000.0,-1.267,-0.2,2.0,0.0,0.2,0.2,0.1119999999999999,18.4,18.37,18.4,18.53,18.32,18.47,18.09,18.6,18.52,18.62,18.46,18.69,19.32,19.34,36.0,33.98,42.0,18.18,0.0,300.4,35.12,2.0,3.519,-1.0,0.817,1.7,4903
2015-12-24 16:54:00,0.0,0.0,0.0,0.0,0.0,0.0,2.0,289769.0,32.0,0.0,75.59999999999998,59.5,60.0,-0.1,9462.0,1373.0,1379.0,298603.0,-0.0749999999999999,-0.0449999999999999,0.0749999999999999,-0.922,0.031,0.081,1.0,0.712,269.0,271.0,272.9,272.1,0.818,271.1,0.7909999999999999,272.0,0.8359999999999999,270.5,0.003,13.66,2.0,3.0,0.0,22.4,0.0,-0.8669999999999999,0.0,-0.022,-0.019,-0.017,-0.012,-0.003,-0.021,-0.019,0.121,0.7219999999999999,-0.01,-0.052,0.28,0.0,18.35,18.56,18.42,-69.22,18.37,18.13,18.62,0.001,-0.001,0.001,0.0,10.0,10.0,10.0,8.0,0.0,0.0,0.0,0.0,0.0,233.1,232.4,0.0,0.0,0.0,0.0,0.0,0.0,59.96,6000.0,-1.467,-0.2,2.0,0.0,0.2,0.2,0.1499999999999999,18.35,18.3,18.32,18.46,18.22,18.41,18.01,18.55,18.47,18.56,18.41,18.62,19.29,19.25,36.0,33.33,42.0,18.13,0.0,49.55,98.9,2.0,3.519,-1.0,0.482,1.1,4903
2015-12-24 16:55:00,0.0,0.0,0.0,0.0,0.0,0.0,2.0,289769.0,32.0,0.0,75.59999999999998,59.5,60.0,-0.1019999999999999,9462.0,1373.0,1379.0,298603.0,-0.0749999999999999,-0.0429999999999999,0.07,-0.922,0.031,0.081,1.0,0.7219999999999999,269.0,271.0,272.8,272.1,0.818,271.0,0.7909999999999999,272.0,0.8359999999999999,270.3,0.003,13.66,2.0,3.0,0.0,22.38,0.0,-0.6169999999999999,0.0,-0.022,-0.019,-0.017,-0.012,-0.003,-0.02,-0.018,0.331,0.934,-0.01,-0.052,0.28,0.0,18.33,18.47,18.39,168.6,18.31,18.13,18.53,0.001,0.0,0.001,-0.001,10.0,10.0,10.0,8.0,0.0,0.0,0.0,0.0,0.0,248.0,247.3,0.0,0.0,0.0,0.0,0.0,0.0,59.96,6000.0,-1.35,-0.2,2.0,0.0,0.2,0.2,0.267,18.26,18.22,18.25,18.38,18.17,18.31,17.93,18.48,18.39,18.47,18.35,18.55,19.27,19.22,36.0,33.27,42.0,18.09,0.0,353.3,87.0,2.0,3.519,-1.0,0.4699999999999999,1.3,4903
2015-12-24 16:56:00,0.0,0.0,0.0,0.0,0.0,0.0,2.0,289769.0,32.0,0.0,75.59999999999998,59.5,60.0,-0.1019999999999999,9462.0,1373.0,1379.0,298603.0,-0.0749999999999999,-0.047,0.088,-0.922,0.032,0.0819999999999999,1.0,0.7179999999999999,269.9,271.9,273.6,272.9,0.818,271.9,0.7909999999999999,272.8,0.8359999999999999,270.9,0.003,13.66,2.0,3.0,0.0,22.36,-0.002,-0.4829999999999999,0.0,-0.022,-0.02,-0.016,-0.01,-0.003,-0.021,-0.017,0.437,0.963,-0.01,-0.052,0.28,0.0,18.33,18.43,18.26,65.25,18.23,18.07,18.53,0.001,0.0,0.0,0.0,10.0,10.0,10.0,8.0,0.0,0.0,0.0,0.0,0.0,252.9,252.3,0.0,0.0,0.0,0.0,0.0,0.0,59.96,6000.0,-1.3,-0.2,2.0,0.0,0.2,0.2,0.268,18.24,18.16,18.2,18.34,18.1,18.28,17.89,18.44,18.35,18.43,18.3,18.5,19.29,19.34,36.0,33.53,42.0,18.08,0.0,107.1,30.01,2.0,3.519,-1.0,0.933,1.4,4903
2015-12-24 16:57:00,0.0,0.0,0.0,0.0,0.0,0.0,2.0,289769.0,32.0,0.0,75.59999999999998,59.5,60.0,-0.1,9462.0,1373.0,1379.0,298603.0,-0.0749999999999999,-0.04,0.0819999999999999,-0.922,0.032,0.0819999999999999,1.0,0.712,270.0,272.0,273.6,273.0,0.818,272.0,0.7909999999999999,272.9,0.8359999999999999,271.0,-0.009,13.37,2.0,1.0,0.0,22.34,-0.002,-0.767,0.0,-0.023,-0.02,-0.016,-0.009,-0.003,-0.022,-0.017,0.4859999999999999,1.031,-0.01,0.2399999999999999,0.2789999999999999,0.001,18.33,18.36,18.23,106.3,18.17,18.06,18.51,0.0,0.0,0.001,0.0,10.0,10.0,10.0,8.0,0.0,0.0,0.0,0.0,0.0,240.1,239.6,0.0,0.0,0.0,0.0,0.0,0.0,59.96,6000.0,-1.45,-0.2,2.0,0.0,0.2,0.2,0.206,18.23,18.14,18.18,18.32,18.11,18.25,17.88,18.43,18.33,18.42,18.29,18.49,19.25,19.3,36.0,33.88,42.0,18.04,0.0,129.2,15.41,2.0,3.519,-1.0,1.063,1.4,4903
2015-12-24 16:58:00,0.0,0.0,0.0,0.0,0.0,0.0,2.0,289769.0,32.0,0.0,75.59999999999998,59.5,60.0,-0.1019999999999999,9462.0,1373.0,1379.0,298603.0,-0.0749999999999999,-0.04,0.0749999999999999,-0.922,0.032,0.081,1.0,0.7249999999999999,270.0,272.0,273.6,273.0,0.818,272.0,0.7909999999999999,272.8,0.8359999999999999,271.0,0.016,13.37,2.0,1.0,0.0,22.32,0.0,-0.95,0.0,-0.021,-0.02,-0.0149999999999999,-0.009,-0.003,-0.022,-0.017,-0.0149999999999999,0.712,-0.01,-0.0429999999999999,0.281,0.001,18.24,18.33,18.23,7.599,18.15,18.05,18.48,0.001,0.0,0.0,0.0,10.0,10.0,10.0,8.0,0.0,0.0,0.0,0.0,0.0,223.9,223.4,0.0,0.0,0.0,0.0,0.0,0.0,59.95,6000.0,-1.467,-0.2,2.0,0.0,0.2,0.2,0.114,18.24,18.15,18.18,18.33,18.13,18.25,17.89,18.42,18.33,18.44,18.28,18.48,19.18,19.1,36.0,33.72,42.0,18.0,0.0,165.8,11.91,2.0,3.519,-1.0,1.078,1.3,4903
2015-12-24 16:59:00,0.0,0.0,0.0,0.0,0.0,0.0,2.0,289769.0,32.0,0.0,75.59999999999998,59.5,60.0,-0.1019999999999999,9462.0,1373.0,1379.0,298603.0,-0.0749999999999999,-0.042,0.0919999999999999,-0.922,0.032,0.0819999999999999,1.0,0.7129999999999999,269.9,271.9,273.2,273.0,0.818,272.0,0.7909999999999999,272.1,0.8359999999999999,271.0,0.004,13.66,2.0,3.0,0.0,22.3,0.0,-0.8329999999999999,0.0,-0.022,-0.02,-0.0149999999999999,-0.009,-0.001,-0.021,-0.017,-0.049,0.621,-0.01,-0.0509999999999999,0.28,0.0,18.24,18.43,18.23,54.25,18.16,18.07,18.51,0.001,0.0,0.0,0.0,10.0,10.0,10.0,8.0,0.0,0.0,0.0,0.0,0.0,215.0,214.6,0.0,0.0,0.0,0.0,0.0,0.0,59.95,6000.0,-1.383,-0.2,2.0,0.0,0.2,0.2,0.1119999999999999,18.23,18.15,18.18,18.33,18.12,18.25,17.9,18.42,18.34,18.44,18.29,18.5,19.07,18.98,36.0,33.52,42.0,18.0,0.0,207.8,14.75,2.0,3.519,-1.0,0.7229999999999999,1.0,4903
2015-12-24 17:00:00,0.0,0.0,0.0,0.0,0.0,0.0,2.0,289769.0,32.0,0.0,75.59999999999998,59.5,60.0,-0.1,9462.0,1373.0,1379.0,298603.0,-0.0749999999999999,-0.047,0.0869999999999999,-0.922,0.032,0.0819999999999999,1.0,0.7269999999999999,270.0,272.0,273.7,273.2,0.818,272.0,0.7909999999999999,272.7,0.8359999999999999,271.3,0.003,13.66,2.0,3.0,0.0,22.28,0.0,-1.0,0.0,-0.021,-0.02,-0.0139999999999999,-0.009,0.0,-0.02,-0.016,-0.0509999999999999,0.532,-0.01,-0.0509999999999999,0.28,0.0,18.14,18.43,18.25,46.78,18.13,17.94,18.43,0.001,0.0,0.001,0.0,10.0,10.0,10.0,8.0,0.0,0.0,0.0,0.0,0.0,210.9,210.5,0.0,0.0,0.0,0.0,0.0,0.0,59.96,6000.0,-1.4169999999999998,-0.2,2.0,0.0,0.2,0.2,0.111,18.22,18.15,18.19,18.34,18.13,18.25,17.9,18.42,18.34,18.43,18.29,18.5,18.98,18.86,35.5,33.0,42.0,17.98,0.0,241.6,23.05,2.0,3.519,-1.0,0.6149999999999999,1.0,4903
2015-12-24 17:01:00,0.0,0.0,0.0,0.0,0.0,0.0,2.0,289769.0,32.0,0.0,75.59999999999998,59.5,60.0,-0.1,9462.0,1373.0,1379.0,298603.0,-0.0749999999999999,-0.033,0.067,-0.922,0.032,0.0819999999999999,1.0,0.7199999999999999,270.1,272.1,274.0,273.9,0.818,272.0,0.7909999999999999,273.0,0.8359999999999999,271.9,0.003,13.66,2.0,3.0,0.0,22.26,0.0,-1.0,0.0,-0.021,-0.02,-0.0139999999999999,-0.008,0.0,-0.019,-0.0149999999999999,-0.0459999999999999,0.5539999999999999,-0.01,-0.0459999999999999,0.28,0.0,18.14,18.43,18.26,203.4,18.15,17.94,18.46,0.001,0.0,0.001,0.0,10.0,10.0,10.0,8.0,0.0,0.0,0.0,0.0,0.0,213.3,212.7,0.0,0.0,0.0,0.0,0.0,0.0,59.96,6000.0,-1.517,-0.2,2.0,0.0,0.2,0.2,0.111,18.21,18.17,18.2,18.34,18.13,18.27,17.9,18.43,18.34,18.44,18.29,18.5,18.97,18.86,35.0,33.0,42.0,17.99,0.0,299.2,31.54,2.0,3.518,-1.0,0.75,1.2,4903
2015-12-24 17:02:00,0.0,0.0,0.0,0.0,0.0,0.0,2.0,289769.0,32.0,0.0,75.59999999999998,59.5,60.0,-0.1019999999999999,9462.0,1373.0,1379.0,298603.0,-0.0749999999999999,-0.042,0.0769999999999999,-0.922,0.032,0.0819999999999999,1.0,0.7219999999999999,270.6,272.6,274.0,274.0,0.818,272.9,0.7909999999999999,273.0,0.8359999999999999,272.0,0.003,13.66,2.0,3.0,0.0,22.23,0.0,-1.0,0.0,-0.02,-0.017,-0.0139999999999999,-0.008,0.0,-0.019,-0.016,-0.0409999999999999,0.5379999999999999,-0.008,-0.0409999999999999,0.28,0.0,18.14,18.43,18.24,-6.901,18.15,17.94,18.46,0.001,-0.001,0.001,0.0,10.0,10.0,10.0,8.0,0.0,0.0,0.0,0.0,0.0,212.7,212.1,0.0,0.0,0.0,0.0,0.0,0.0,59.97,6000.0,-1.467,-0.2,2.0,0.0,0.2,0.2,0.111,18.2,18.19,18.21,18.35,18.11,18.33,17.9,18.43,18.34,18.44,18.3,18.52,18.96,18.97,35.0,33.0,41.8,17.97,0.0,331.1,9.5,2.0,3.519,-1.0,0.688,1.0,4903
2015-12-24 17:03:00,0.0,0.0,0.0,0.0,0.0,0.0,2.0,289769.0,32.0,0.0,75.59999999999998,59.5,60.0,-0.1,9462.0,1373.0,1379.0,298603.0,-0.0749999999999999,-0.05,0.08,-0.922,0.032,0.0819999999999999,1.0,0.7219999999999999,270.5,272.5,274.0,274.0,0.818,272.6,0.7909999999999999,273.0,0.8359999999999999,272.0,0.003,13.58,2.0,1.0,0.0,22.22,0.0,-0.817,0.0,-0.019,-0.017,-0.0139999999999999,-0.009,0.0,-0.018,-0.0149999999999999,0.3329999999999999,0.8259999999999998,-0.0069999999999999,0.2849999999999999,0.2789999999999999,0.001,18.14,18.45,18.21,64.9,18.17,17.95,18.48,0.001,0.0,0.001,0.0,10.0,10.0,10.0,8.0,0.0,0.0,0.0,0.0,0.0,206.8,206.4,0.0,0.0,0.0,0.0,0.0,0.0,59.98,6000.0,-1.25,-0.2,2.0,0.0,0.2,0.2,0.0859999999999999,18.21,18.18,18.23,18.35,18.11,18.34,17.9,18.43,18.33,18.43,18.3,18.54,18.99,18.97,35.0,33.0,41.57,17.96,0.0,4.429,16.94,2.0,3.519,-1.0,0.53,0.8,4903
2015-12-24 17:04:00,0.0,0.0,0.0,0.0,0.0,0.0,2.0,289769.0,32.0,0.0,75.59999999999998,59.5,60.0,-0.1,9462.0,1373.0,1379.0,298603.0,-0.0749999999999999,-0.037,0.0749999999999999,-0.922,0.032,0.0819999999999999,1.0,0.712,270.6,272.6,274.0,274.0,0.818,272.8,0.7909999999999999,273.0,0.8359999999999999,272.0,0.004,13.66,2.0,3.0,0.0,22.19,0.0,-0.9,0.0,-0.019,-0.017,-0.0139999999999999,-0.008,0.0,-0.019,-0.016,-0.044,0.472,-0.0069999999999999,-0.0559999999999999,0.28,0.0,18.14,18.43,18.21,24.02,18.15,17.94,18.49,0.001,0.0,0.0,0.0,10.0,10.0,10.0,8.0,0.0,0.0,0.0,0.0,0.0,202.0,201.6,0.0,0.0,0.0,0.0,0.0,0.0,59.99,6000.0,-1.367,-0.2,2.0,0.0,0.2,0.2,0.052,18.23,18.17,18.23,18.36,18.1,18.34,17.92,18.44,18.32,18.42,18.29,18.54,19.0,19.03,35.0,33.0,41.75,17.96,0.0,48.79,5.7,2.0,3.519,-1.0,1.067,1.5,4903
2015-12-24 17:05:00,0.0,0.0,0.0,0.0,0.0,0.0,2.0,289769.0,32.0,0.0,75.59999999999998,59.5,60.0,-0.1019999999999999,9462.0,1373.0,1379.0,298603.0,-0.0749999999999999,-0.042,0.0769999999999999,-0.922,0.032,0.0819999999999999,1.0,0.7179999999999999,270.3,272.3,274.0,273.8,0.818,272.5,0.7909999999999999,273.0,0.8359999999999999,271.8,0.003,13.66,2.0,3.0,0.0,22.17,0.0,-0.967,0.0,-0.018,-0.017,-0.0139999999999999,-0.009,0.0,-0.018,-0.016,-0.0449999999999999,0.4629999999999999,-0.0069999999999999,-0.1169999999999999,0.28,0.0,18.14,18.33,18.17,118.4,18.19,17.97,18.53,0.001,-0.001,0.001,0.0,10.0,10.0,10.0,8.0,0.0,0.0,0.0,0.0,0.0,197.2,196.9,0.0,0.0,0.0,0.0,0.0,0.0,59.98,6000.0,-1.233,-0.2,2.0,0.0,0.2,0.2,0.0379999999999999,18.23,18.17,18.21,18.35,18.07,18.3,17.9,18.43,18.31,18.42,18.29,18.53,18.86,18.93,35.0,33.0,41.28,17.95,0.0,49.96,6.054,2.0,3.519,-1.0,1.232,1.6,4903
2015-12-24 17:06:00,0.0,0.0,0.0,0.0,0.0,0.0,2.0,289769.0,32.0,0.0,75.59999999999998,59.5,60.0,-0.1,9462.0,1373.0,1379.0,298603.0,-0.0749999999999999,-0.0429999999999999,0.088,-0.922,0.032,0.0819999999999999,1.0,0.7179999999999999,270.4,272.4,274.0,273.9,0.818,272.5,0.7909999999999999,273.0,0.8359999999999999,271.9,0.003,13.66,2.0,3.0,0.0,22.16,0.0,-0.983,0.0,-0.018,-0.017,-0.0139999999999999,-0.008,0.0,-0.018,-0.0149999999999999,-0.0459999999999999,0.462,-0.0069999999999999,-0.166,0.28,0.0,18.06,18.3,18.2,61.1,18.2,17.85,18.46,0.0,0.0,0.001,-0.001,10.0,10.0,10.0,8.0,0.0,0.0,0.0,0.0,0.0,188.3,188.0,0.0,0.0,0.0,0.0,0.0,0.0,59.97,6000.0,-1.083,-0.2,2.0,0.0,0.2,0.2,0.0379999999999999,18.23,18.16,18.19,18.31,18.05,18.25,17.87,18.42,18.3,18.39,18.27,18.51,18.77,18.93,35.0,33.0,41.0,17.93,0.0,56.97,7.5,2.0,3.521,-1.0,1.508,1.9,4903
2015-12-24 17:07:00,0.0,0.0,0.0,0.0,0.0,0.0,2.0,289769.0,32.0,0.0,75.59999999999998,59.5,60.0,-0.1,9462.0,1373.0,1379.0,298603.0,-0.0749999999999999,-0.05,0.0729999999999999,-0.922,0.032,0.0819999999999999,1.0,0.712,270.1,272.0,274.0,273.5,0.818,272.0,0.7909999999999999,273.0,0.8359999999999999,271.3,0.003,13.66,2.0,3.0,0.0,22.13,0.0,-1.0,0.0,-0.018,-0.017,-0.0139999999999999,-0.008,0.0,-0.018,-0.016,-0.0459999999999999,0.461,-0.0069999999999999,-0.2319999999999999,0.28,0.0,18.04,18.26,18.08,38.22,18.11,17.89,18.43,0.001,0.0,0.001,0.0,10.0,10.0,10.0,8.0,0.0,0.0,0.0,0.0,0.0,178.0,177.9,0.0,0.0,0.0,0.0,0.0,0.0,59.96,6000.0,-1.117,-0.2,2.0,0.0,0.2,0.2,0.0379999999999999,18.2,18.12,18.17,18.3,18.02,18.23,17.86,18.39,18.27,18.35,18.23,18.48,18.65,18.72,35.0,33.0,41.0,17.9,0.0,45.55,10.48,2.0,3.519,-1.0,1.16,1.6,4903
2015-12-24 17:08:00,0.0,0.0,0.0,0.0,0.0,0.0,2.0,289769.0,32.0,0.0,75.59999999999998,59.5,60.0,-0.1,9462.0,1373.0,1379.0,298603.0,-0.0749999999999999,-0.0429999999999999,0.0749999999999999,-0.922,0.031,0.0819999999999999,1.0,0.7199999999999999,270.1,272.1,274.0,273.5,0.818,272.0,0.7909999999999999,273.0,0.8359999999999999,271.4,0.0069999999999999,13.39,2.0,1.0,0.0,22.11,0.0,-1.0,0.0,-0.018,-0.017,-0.0139999999999999,-0.009,0.0,-0.018,-0.016,0.072,0.763,-0.0069999999999999,-0.14,0.2789999999999999,0.001,17.94,18.24,18.09,111.8,18.09,17.89,18.38,0.001,-0.001,0.0,0.0,10.0,10.0,10.0,8.0,0.0,0.0,0.0,0.0,0.0,167.7,167.5,0.0,0.0,0.0,0.0,0.0,0.0,59.96,6000.0,-1.3330000000000002,-0.2,2.0,0.0,0.2,0.2,0.0409999999999999,18.18,18.1,18.15,18.29,18.04,18.21,17.85,18.36,18.23,18.34,18.2,18.46,18.61,18.61,35.0,33.0,41.0,17.88,0.0,353.8,61.01,2.0,3.519,-1.0,0.68,1.2,4903
2015-12-24 17:09:00,0.0,0.0,0.0,0.0,0.0,0.0,2.0,289769.0,32.0,0.0,75.59999999999998,59.5,60.0,-0.1,9462.0,1373.0,1379.0,298603.0,-0.0749999999999999,-0.047,0.0819999999999999,-0.923,0.031,0.081,1.0,0.7199999999999999,270.0,272.0,273.9,273.0,0.818,272.0,0.7909999999999999,273.0,0.8359999999999999,271.0,-0.001,13.39,2.0,1.0,0.0,22.09,0.0,-1.0,0.0,-0.019,-0.017,-0.0149999999999999,-0.008,0.0,-0.018,-0.017,-0.048,0.462,-0.0069999999999999,-0.2969999999999999,0.2819999999999999,0.001,17.94,18.24,18.12,91.6,18.04,17.83,18.35,0.0,-0.001,0.001,0.0,10.0,10.0,10.0,8.0,0.0,0.0,0.0,0.0,0.0,155.1,155.0,0.0,0.0,0.0,0.0,0.0,0.0,59.95,6000.0,-1.117,-0.2,2.0,0.0,0.2,0.2,0.036,18.1,18.04,18.09,18.26,18.02,18.21,17.83,18.33,18.19,18.3,18.17,18.42,18.68,18.83,35.0,33.0,41.0,17.85,0.0,285.8,18.1,2.0,3.519,-1.0,1.193,1.9,4903
2015-12-24 17:10:00,0.0,0.0,0.0,0.0,0.0,0.0,2.0,289769.0,32.0,0.0,75.59999999999998,59.5,60.0,-0.105,9462.0,1373.0,1379.0,298603.0,-0.0749999999999999,-0.0529999999999999,0.07,-0.923,0.031,0.081,1.0,0.7129999999999999,270.0,272.0,274.0,273.1,0.818,272.0,0.7909999999999999,273.0,0.8359999999999999,271.0,0.005,13.66,2.0,3.0,0.0,22.07,0.0,-1.0,0.0,-0.019,-0.016,-0.0149999999999999,-0.009,0.0,-0.018,-0.016,-0.048,0.46,-0.0069999999999999,-0.3019999999999999,0.2789999999999999,0.0,17.94,18.22,18.09,32.15,18.04,17.85,18.33,0.001,-0.001,0.001,0.0,10.0,10.0,10.0,8.0,0.0,0.0,0.0,0.0,0.0,141.8,141.7,0.0,0.0,0.0,0.0,0.0,0.0,59.95,6000.0,-1.2,-0.2,2.0,0.0,0.2,0.2,0.011,18.04,18.0,18.06,18.24,18.0,18.18,17.8,18.29,18.15,18.24,18.14,18.36,18.88,19.05,35.0,33.0,41.0,17.84,0.0,299.2,21.34,2.0,3.519,-1.0,1.182,1.9,4903
2015-12-24 17:11:00,0.0,0.0,0.0,0.0,0.0,0.0,2.0,289769.0,32.0,0.0,75.59999999999998,59.5,60.0,-0.1019999999999999,9462.0,1373.0,1379.0,298603.0,-0.0749999999999999,-0.047,0.07,-0.923,0.031,0.0819999999999999,1.0,0.712,270.0,272.0,274.0,273.3,0.818,272.0,0.7909999999999999,273.0,0.8359999999999999,271.1,0.004,13.66,2.0,3.0,0.0,22.06,0.0,-1.0,0.0,-0.019,-0.0139999999999999,-0.016,-0.009,0.0,-0.018,-0.017,-0.048,0.4589999999999999,-0.0069999999999999,-0.3019999999999999,0.28,0.0,17.94,18.2,18.01,158.0,18.04,17.83,18.35,0.001,0.0,0.001,0.0,10.0,10.0,10.0,8.0,0.0,0.0,0.0,0.0,0.0,129.5,129.4,0.0,0.0,0.0,0.0,0.0,0.0,59.95,6000.0,-1.25,-0.2,2.0,0.0,0.2,0.2,-0.02,18.01,17.97,18.02,18.22,17.98,18.16,17.77,18.27,18.14,18.23,18.11,18.34,18.97,19.08,35.0,33.0,41.0,17.83,0.0,296.1,11.76,2.0,3.519,-1.0,1.298,2.0,4903
2015-12-24 17:12:00,0.0,0.0,0.0,0.0,0.0,0.0,2.0,289769.0,32.0,0.0,75.59999999999998,59.5,60.0,-0.1,9462.0,1373.0,1379.0,298603.0,-0.0749999999999999,-0.05,0.0869999999999999,-0.923,0.031,0.0819999999999999,1.0,0.7269999999999999,270.0,272.0,274.0,273.3,0.818,272.0,0.7909999999999999,273.0,0.8359999999999999,271.2,0.004,13.66,2.0,3.0,0.0,22.03,0.0,-1.0,0.0,-0.018,-0.0139999999999999,-0.0149999999999999,-0.009,0.0,-0.018,-0.016,-0.049,0.4589999999999999,-0.0069999999999999,-0.3019999999999999,0.28,0.0,17.94,18.18,18.04,373.7,18.04,17.85,18.27,0.001,0.0,0.0,0.0,10.0,10.0,10.0,8.0,0.0,0.0,0.0,0.0,0.0,118.0,117.9,0.0,0.0,0.0,0.0,0.0,0.0,59.96,6000.0,-1.2,-0.2,2.0,0.0,0.2,0.2,-0.037,17.99,17.96,18.01,18.21,17.99,18.15,17.76,18.25,18.12,18.21,18.1,18.32,18.98,19.05,34.25,33.0,41.0,17.82,0.0,300.7,20.99,2.0,3.521,-1.0,0.842,1.4,4903
2015-12-24 17:13:00,0.0,0.0,0.0,0.0,0.0,0.0,2.0,289769.0,32.0,0.0,75.59999999999998,59.5,60.0,-0.1,9462.0,1373.0,1379.0,298603.0,-0.0749999999999999,-0.037,0.08,-0.923,0.031,0.081,1.0,0.7279999999999999,270.0,272.0,274.0,273.1,0.818,272.0,0.7909999999999999,273.0,0.8359999999999999,271.0,0.003,13.66,2.0,3.0,0.0,22.01,0.0,-1.0,0.0,-0.018,-0.0139999999999999,-0.0149999999999999,-0.009,0.0,-0.017,-0.016,-0.049,0.4589999999999999,-0.0069999999999999,-0.3029999999999999,0.28,0.0,17.94,18.2,18.04,52.88,18.04,17.85,18.28,0.001,0.0,0.001,0.0,10.0,10.0,10.0,8.0,0.0,0.0,0.0,0.0,0.0,108.8,108.8,0.0,0.0,0.0,0.0,0.0,0.0,59.96,6000.0,-1.217,-0.2,2.0,0.0,0.2,0.2,-0.0379999999999999,18.01,17.95,18.0,18.2,17.97,18.16,17.75,18.23,18.08,18.18,18.08,18.31,18.97,19.02,34.0,33.0,41.0,17.82,0.0,304.7,29.24,2.0,3.519,-1.0,0.685,1.2,4903
2015-12-24 17:14:00,0.0,0.0,0.0,0.0,0.0,0.0,2.0,289769.0,32.0,0.0,75.59999999999998,59.5,60.0,-0.1,9462.0,1373.0,1379.0,298603.0,-0.0749999999999999,-0.0429999999999999,0.067,-0.923,0.031,0.0819999999999999,1.0,0.7249999999999999,270.0,272.0,274.0,273.3,0.818,272.0,0.7909999999999999,273.0,0.8359999999999999,271.2,-0.017,13.4,2.0,1.0,0.0,21.99,0.0,-1.0,0.0,-0.017,-0.0139999999999999,-0.0139999999999999,-0.009,0.0,-0.017,-0.016,0.1009999999999999,0.573,-0.0069999999999999,-0.153,0.2789999999999999,0.001,17.96,18.14,18.04,401.7,18.04,17.85,18.25,0.001,0.0,0.0,0.0,10.0,10.0,10.0,8.0,0.0,0.0,0.0,0.0,0.0,100.5,100.5,0.0,0.0,0.0,0.0,0.0,0.0,59.95,6000.0,-1.083,-0.2,2.0,0.0,0.2,0.2,-0.0379999999999999,18.03,17.97,18.0,18.19,17.95,18.14,17.75,18.22,18.09,18.17,18.06,18.32,19.03,19.17,34.0,33.0,41.0,17.81,0.0,51.85,39.92,2.0,3.519,-1.0,0.387,0.8,4903
2015-12-24 17:15:00,0.0,0.0,0.0,0.0,0.0,0.0,2.0,289769.0,32.0,0.0,75.59999999999998,59.5,60.0,-0.1,9462.0,1373.0,1379.0,298603.0,-0.0749999999999999,-0.0379999999999999,0.0819999999999999,-0.923,0.031,0.0819999999999999,1.0,0.717,270.0,272.0,274.0,273.1,0.818,272.0,0.7909999999999999,273.0,0.8359999999999999,271.0,0.024,13.4,2.0,3.0,0.0,21.97,0.0,-1.0,0.0,-0.016,-0.0139999999999999,-0.0139999999999999,-0.008,0.0,-0.016,-0.0149999999999999,-0.049,0.4579999999999999,-0.0069999999999999,-0.3029999999999999,0.28,0.001,17.94,18.2,18.04,,18.04,17.85,18.27,0.001,0.0,0.001,0.0,10.0,10.0,10.0,8.0,0.0,0.0,0.0,0.0,0.0,90.7,90.8,0.0,0.0,0.0,0.0,0.0,0.0,59.95,6000.0,-1.117,-0.2,2.0,0.0,0.2,0.2,-0.0379999999999999,18.04,17.96,18.0,18.21,17.95,18.15,17.76,18.21,18.07,18.18,18.06,18.32,19.03,19.18,34.0,33.0,41.0,17.8,0.0,83.2,57.23,2.0,3.519,-1.0,0.7129999999999999,1.3,4903
2015-12-24 17:16:00,0.0,0.0,0.0,0.0,0.0,0.0,2.0,289769.0,32.0,0.0,75.59999999999998,59.5,60.0,-0.1,9462.0,1373.0,1379.0,298603.0,-0.0749999999999999,-0.0529999999999999,0.0869999999999999,-0.922,0.031,0.0819999999999999,1.0,0.712,270.1,272.0,274.0,273.6,0.818,272.0,0.7909999999999999,273.0,0.8359999999999999,271.5,0.004,13.66,2.0,3.0,0.0,21.95,0.0,-1.0,0.0,-0.017,-0.0139999999999999,-0.0139999999999999,-0.008,0.0,-0.016,-0.0139999999999999,-0.05,0.4579999999999999,-0.0069999999999999,-0.3009999999999999,0.28,0.0,17.96,18.14,18.04,35.01,18.02,17.85,18.25,0.001,-0.001,0.001,-0.001,10.0,10.0,10.0,8.0,0.0,0.0,0.0,0.0,0.0,80.09999999999998,80.09999999999998,0.0,0.0,0.0,0.0,0.0,0.0,59.95,6000.0,-1.3330000000000002,-0.2,2.0,0.0,0.2,0.2,-0.0379999999999999,18.05,17.96,18.0,18.21,17.95,18.15,17.76,18.2,18.06,18.18,18.04,18.32,19.03,19.32,34.0,33.0,41.0,17.81,0.0,46.64,78.28,2.0,3.519,-1.0,0.28,0.5,4903
2015-12-24 17:17:00,0.0,0.0,0.0,0.0,0.0,0.0,2.0,289769.0,32.0,0.0,75.59999999999998,59.5,60.0,-0.1,9462.0,1373.0,1379.0,298603.0,-0.0749999999999999,-0.0429999999999999,0.0599999999999999,-0.922,0.031,0.0819999999999999,1.0,0.7129999999999999,270.0,272.0,274.0,273.2,0.818,272.0,0.7909999999999999,273.0,0.8359999999999999,271.1,0.003,13.66,2.0,3.0,0.0,21.93,0.0,-1.0,0.0,-0.017,-0.0139999999999999,-0.013,-0.008,0.0,-0.016,-0.0149999999999999,-0.05,0.4579999999999999,-0.0069999999999999,-0.3039999999999999,0.28,0.0,17.89,18.19,18.04,61.22,18.0,17.85,18.25,0.001,-0.001,0.0,0.0,10.0,10.0,10.0,8.0,0.0,0.0,0.0,0.0,0.0,71.78,71.82,0.0,0.0,0.0,0.0,0.0,0.0,59.95,6000.0,-1.167,-0.2,2.0,0.0,0.2,0.2,-0.0379999999999999,18.06,17.96,17.99,18.2,17.94,18.15,17.76,18.19,18.06,18.18,18.04,18.31,19.1,19.63,34.0,33.0,41.0,17.79,0.0,106.0,29.02,2.0,3.521,-1.0,0.563,1.0,4903
2015-12-24 17:18:00,0.0,0.0,0.0,0.0,0.0,0.0,2.0,289769.0,32.0,0.0,75.59999999999998,59.5,60.0,-0.1019999999999999,9462.0,1373.0,1379.0,298603.0,-0.0749999999999999,-0.048,0.08,-0.922,0.032,0.0819999999999999,1.0,0.7099999999999999,270.3,272.3,274.0,273.8,0.818,272.2,0.7909999999999999,273.0,0.8359999999999999,271.8,0.003,13.66,2.0,3.0,0.0,21.91,0.0,-1.0,0.0,-0.017,-0.0139999999999999,-0.013,-0.008,0.0,-0.016,-0.0139999999999999,-0.05,0.4579999999999999,-0.0069999999999999,-0.3039999999999999,0.28,0.0,17.93,18.22,18.04,153.6,17.98,17.85,18.25,0.001,0.0,0.0,-0.001,10.0,10.0,10.0,8.0,0.0,0.0,0.0,0.0,0.0,65.56,65.63,0.0,0.0,0.0,0.0,0.0,0.0,59.96,6000.0,-1.117,-0.2,2.0,0.0,0.2,0.2,-0.0379999999999999,18.06,17.97,17.99,18.22,17.96,18.19,17.77,18.19,18.08,18.19,18.04,18.31,19.07,19.43,34.0,33.0,41.0,17.79,0.0,139.2,76.06999999999998,2.0,3.519,-1.0,0.2769999999999999,0.5999999999999999,4903
2015-12-24 17:19:00,0.0,0.0,0.0,0.0,0.0,0.0,2.0,289769.0,32.0,0.0,75.59999999999998,59.5,60.0,-0.1019999999999999,9462.0,1373.0,1379.0,298603.0,-0.0749999999999999,-0.048,0.078,-0.922,0.032,0.0819999999999999,1.0,0.7029999999999998,271.0,273.0,274.0,274.0,0.818,273.0,0.7909999999999999,273.3,0.8359999999999999,272.0,0.003,13.66,2.0,3.0,0.0,21.89,0.0,-1.0,0.0,-0.017,-0.0139999999999999,-0.012,-0.008,0.0,-0.0149999999999999,-0.0149999999999999,-0.05,0.457,-0.0069999999999999,-0.3039999999999999,0.28,0.0,17.97,18.2,18.04,74.14,17.96,17.85,18.27,0.001,-0.001,0.0,0.0,10.0,10.0,10.0,8.0,0.0,0.0,0.0,0.0,0.0,59.62,59.7,0.0,0.0,0.0,0.0,0.0,0.0,59.96,6000.0,-1.217,-0.2,2.0,0.0,0.2,0.2,-0.0379999999999999,18.06,17.98,18.0,18.24,17.97,18.19,17.79,18.2,18.09,18.22,18.05,18.32,19.01,19.2,34.0,33.0,41.0,17.79,0.0,195.1,38.46,2.0,3.519,-1.0,0.7029999999999998,1.3,4903
2015-12-24 17:20:00,0.0,0.0,0.0,0.0,0.0,0.0,2.0,289769.0,32.0,0.0,75.59999999999998,59.5,60.0,-0.1,9462.0,1373.0,1379.0,298603.0,-0.0749999999999999,-0.035,0.068,-0.922,0.032,0.0819999999999999,1.0,0.712,271.0,273.0,274.3,274.0,0.818,273.0,0.7909999999999999,274.0,0.8359999999999999,272.0,0.0,13.43,2.0,1.0,0.0,21.87,0.0,-1.1,0.0,-0.017,-0.0139999999999999,-0.012,-0.008,0.0,-0.0149999999999999,-0.0139999999999999,0.127,0.5909999999999999,-0.0069999999999999,-0.13,0.28,0.001,17.96,18.24,18.04,62.36,17.96,17.85,18.24,0.001,-0.001,0.0,0.0,10.0,10.0,10.0,8.0,0.0,0.0,0.0,0.0,0.0,54.18,54.25,0.0,0.0,0.0,0.0,0.0,0.0,59.96,6000.0,-1.317,-0.2,2.0,0.0,0.2,0.2,-0.037,18.06,17.98,17.99,18.25,17.98,18.2,17.8,18.2,18.09,18.22,18.03,18.32,18.89,19.06,34.0,33.0,41.0,17.79,0.0,213.0,17.02,2.0,3.521,-1.0,1.018,1.4,4903
2015-12-24 17:21:00,0.0,0.0,0.0,0.0,0.0,0.0,2.0,289769.0,32.0,0.0,75.59999999999998,59.5,60.0,-0.1019999999999999,9462.0,1373.0,1379.0,298603.0,-0.0759999999999999,-0.057,0.068,-0.923,0.032,0.0819999999999999,1.0,0.7049999999999998,271.0,273.0,274.5,274.0,0.818,273.0,0.7909999999999999,274.0,0.8359999999999999,272.0,0.005,13.66,2.0,3.0,0.0,21.85,0.0,-1.25,0.0,-0.017,-0.013,-0.012,-0.008,0.0,-0.0139999999999999,-0.0139999999999999,-0.05,0.457,-0.0069999999999999,-0.3039999999999999,0.2789999999999999,0.0,17.94,18.24,18.04,57.98,17.94,17.85,18.25,0.0,-0.001,0.001,0.0,10.0,10.0,10.0,8.0,0.0,0.0,0.0,0.0,0.0,49.88,49.85,0.0,0.0,0.0,0.0,0.0,0.0,59.96,6000.0,-1.483,-0.2,2.0,0.0,0.2,0.2,-0.0379999999999999,18.05,17.98,17.99,18.25,17.97,18.22,17.8,18.19,18.08,18.23,18.04,18.31,18.85,18.99,34.0,33.0,41.0,17.8,0.0,199.7,70.87,2.0,3.519,-1.0,0.532,1.3,4903
2015-12-24 17:22:00,0.0,0.0,0.0,0.0,0.0,0.0,2.0,289769.0,32.0,0.0,75.59999999999998,59.5,60.0,-0.1019999999999999,9462.0,1373.0,1379.0,298603.0,-0.0749999999999999,-0.05,0.0769999999999999,-0.922,0.032,0.0819999999999999,1.0,0.717,271.0,273.0,274.6,274.0,0.818,273.0,0.7909999999999999,274.0,0.8359999999999999,272.0,0.004,13.66,2.0,3.0,0.0,21.84,0.0,-1.1,0.0,-0.0149999999999999,-0.012,-0.012,-0.0069999999999999,0.0,-0.0139999999999999,-0.013,-0.05,0.457,-0.0069999999999999,-0.3019999999999999,0.28,0.0,17.96,18.24,18.04,38.32,17.94,17.85,18.24,0.001,-0.001,0.001,-0.001,10.0,10.0,10.0,8.0,0.0,0.0,0.0,0.0,0.0,46.25,46.38,0.0,0.0,0.0,0.0,0.0,0.0,59.96,6000.0,-1.217,-0.2,2.0,0.0,0.2,0.2,-0.0379999999999999,18.06,17.98,17.99,18.25,17.97,18.21,17.81,18.2,18.09,18.22,18.04,18.32,18.84,18.99,34.0,33.0,41.0,17.79,0.0,21.21,94.8,2.0,3.519,-1.0,0.452,0.6999999999999998,4903
2015-12-24 17:23:00,0.0,0.0,0.0,0.0,0.0,0.0,2.0,289769.0,32.0,0.0,75.59999999999998,59.5,60.0,-0.1,9462.0,1373.0,1379.0,298603.0,-0.0749999999999999,-0.057,0.063,-0.922,0.032,0.0819999999999999,1.0,0.7179999999999999,271.0,273.0,274.4,274.0,0.818,273.0,0.7909999999999999,274.0,0.8359999999999999,272.0,0.004,13.66,2.0,3.0,0.0,21.81,0.0,-1.083,0.0,-0.0149999999999999,-0.012,-0.011,-0.0069999999999999,0.0,-0.0139999999999999,-0.013,-0.05,0.457,-0.0069999999999999,-0.3039999999999999,0.28,0.0,18.0,18.24,18.04,33.22,17.94,17.85,18.25,0.001,0.0,0.001,0.0,10.0,10.0,10.0,8.0,0.0,0.0,0.0,0.0,0.0,43.62,43.72,0.0,0.0,0.0,0.0,0.0,0.0,59.95,6000.0,-1.2,-0.2,2.0,0.0,0.2,0.2,-0.0379999999999999,18.07,17.99,18.01,18.26,17.98,18.24,17.81,18.21,18.1,18.21,18.05,18.33,18.89,18.95,34.0,33.0,41.0,17.79,0.0,205.3,19.51,2.0,3.519,-1.0,0.7379999999999999,1.1,4903
2015-12-24 17:24:00,0.0,0.0,0.0,0.0,0.0,0.0,2.0,289769.0,32.0,0.0,75.59999999999998,59.5,60.0,-0.1,9462.0,1373.0,1379.0,298603.0,-0.0749999999999999,-0.0429999999999999,0.0579999999999999,-0.922,0.032,0.0819999999999999,1.0,0.7099999999999999,271.0,273.0,274.7,274.0,0.818,273.0,0.7909999999999999,274.0,0.8359999999999999,272.0,0.003,13.66,2.0,3.0,0.0,21.79,0.0,-1.05,0.0,-0.016,-0.013,-0.011,-0.0069999999999999,0.0,-0.0139999999999999,-0.013,-0.05,0.457,-0.0069999999999999,-0.3039999999999999,0.28,0.0,17.98,18.24,18.04,57.16,17.94,17.85,18.27,0.001,0.0,0.0,0.0,10.0,10.0,10.0,8.0,0.0,0.0,0.0,0.0,0.0,42.01,42.2,0.0,0.0,0.0,0.0,0.0,0.0,59.94,6000.0,-1.3,-0.2,2.0,0.0,0.2,0.2,-0.0379999999999999,18.08,17.99,18.01,18.27,17.99,18.25,17.81,18.2,18.1,18.21,18.05,18.33,18.87,18.85,34.0,33.0,41.0,17.79,0.0,229.3,10.94,2.0,3.519,-1.0,0.55,0.9,4903
2015-12-24 17:25:00,0.0,0.0,0.0,0.0,0.0,0.0,2.0,289769.0,32.0,0.0,75.59999999999998,59.5,60.0,-0.103,9462.0,1373.0,1379.0,298603.0,-0.0749999999999999,-0.048,0.0819999999999999,-0.922,0.032,0.0819999999999999,1.0,0.707,271.0,273.0,274.7,274.0,0.818,273.0,0.7909999999999999,274.0,0.8359999999999999,272.0,0.004,13.66,2.0,3.0,0.0,21.78,0.0,-1.0,0.0,-0.016,-0.0139999999999999,-0.01,-0.0069999999999999,0.0,-0.0139999999999999,-0.013,0.1739999999999999,0.639,-0.0069999999999999,-0.0759999999999999,0.2789999999999999,0.001,17.96,18.24,18.12,80.79999999999998,17.94,17.85,18.25,0.001,0.0,0.001,0.0,10.0,10.0,10.0,8.0,0.0,0.0,0.0,0.0,0.0,41.08,41.17,0.0,0.0,0.0,0.0,0.0,0.0,59.94,6000.0,-1.233,-0.2,2.0,0.0,0.2,0.2,-0.0379999999999999,18.08,17.98,17.99,18.26,17.98,18.23,17.82,18.19,18.09,18.2,18.04,18.32,18.85,18.82,34.0,33.0,41.0,17.79,0.0,128.6,78.56,2.0,3.519,-1.0,0.188,0.5,4903
2015-12-24 17:26:00,0.0,0.0,0.0,0.0,0.0,0.0,2.0,289769.0,32.0,0.0,75.59999999999998,59.5,60.0,-0.1019999999999999,9462.0,1373.0,1379.0,298603.0,-0.0749999999999999,-0.0529999999999999,0.07,-0.922,0.032,0.0819999999999999,1.0,0.7049999999999998,271.0,273.0,274.4,274.0,0.818,273.0,0.7909999999999999,274.0,0.8359999999999999,272.0,0.004,13.45,2.0,3.0,0.0,21.76,0.0,-1.0,0.0,-0.016,-0.0139999999999999,-0.011,-0.0069999999999999,0.0,-0.0139999999999999,-0.012,-0.042,0.457,-0.0069999999999999,-0.2999999999999999,0.2789999999999999,0.001,17.99,18.24,18.14,22.05,17.94,17.85,18.24,0.001,0.0,0.0,-0.001,10.0,10.0,10.0,8.0,0.0,0.0,0.0,0.0,0.0,40.05,40.32,0.0,0.0,0.0,0.0,0.0,0.0,59.94,6000.0,-1.133,-0.2,2.0,0.0,0.2,0.2,-0.0379999999999999,18.07,17.98,17.99,18.24,17.96,18.23,17.79,18.18,18.08,18.2,18.02,18.32,18.85,18.81,34.0,33.0,41.0,17.78,0.0,90.5,76.86,2.0,3.519,-1.0,0.4279999999999999,1.5,4903
2015-12-24 17:27:00,0.0,0.0,0.0,0.0,0.0,0.0,2.0,289769.0,32.0,0.0,75.59999999999998,59.5,60.0,-0.1019999999999999,9462.0,1373.0,1379.0,298603.0,-0.0749999999999999,-0.055,0.0729999999999999,-0.923,0.032,0.0819999999999999,1.0,0.6999999999999998,271.0,273.0,274.2,274.0,0.818,273.0,0.7909999999999999,273.9,0.8359999999999999,272.0,0.004,13.66,2.0,3.0,0.0,21.73,0.0,-1.617,0.0,-0.0149999999999999,-0.0139999999999999,-0.011,-0.0069999999999999,0.0,-0.013,-0.012,-0.05,0.457,-0.0069999999999999,-0.3039999999999999,0.28,0.0,17.98,18.24,18.12,39.41,17.94,17.85,18.26,0.0,-0.001,0.001,0.0,10.0,10.0,10.0,8.0,0.0,0.0,0.0,0.0,0.0,38.93,39.03,0.0,0.0,0.0,0.0,0.0,0.0,59.95,6000.0,-1.4169999999999998,-0.2,2.0,0.0,0.2,0.2,-0.0379999999999999,18.07,17.98,17.98,18.21,17.99,18.25,17.77,18.17,18.07,18.2,18.01,18.31,18.82,18.8,33.37,33.0,41.0,17.79,0.0,121.4,47.67,2.0,3.514,-1.0,0.4129999999999999,1.0,4903
2015-12-24 17:28:00,0.0,0.0,0.0,0.0,0.0,0.0,2.0,289769.0,32.0,0.0,75.59999999999998,59.5,60.0,-0.1,9462.0,1373.0,1379.0,298603.0,-0.0749999999999999,-0.048,0.078,-0.923,0.031,0.0819999999999999,1.0,0.7029999999999998,271.0,273.0,274.4,274.0,0.818,273.0,0.7909999999999999,274.0,0.8359999999999999,272.0,0.003,13.66,2.0,3.0,0.0,21.7,0.0,-1.2,0.0,-0.0149999999999999,-0.013,-0.01,-0.0069999999999999,0.0,-0.012,-0.011,-0.0449999999999999,0.462,-0.0069999999999999,-0.2989999999999999,0.2789999999999999,0.0,17.96,18.24,18.06,110.2,17.94,17.85,18.27,0.0,-0.001,0.0,-0.001,10.0,10.0,10.0,8.0,0.0,0.0,0.0,0.0,0.0,37.49,37.6,0.0,0.0,0.0,0.0,0.0,0.0,59.97,6000.0,-1.233,-0.2,2.0,0.0,0.2,0.2,-0.0379999999999999,18.06,17.99,17.97,18.19,18.01,18.28,17.76,18.17,18.07,18.21,18.01,18.3,18.8,18.78,33.78,33.0,41.0,17.78,0.0,105.4,47.84,2.0,3.519,-1.0,0.417,1.3,4903
2015-12-24 17:29:00,0.0,0.0,0.0,0.0,0.0,0.0,2.0,289769.0,32.0,0.0,75.59999999999998,59.5,60.0,-0.1,9462.0,1373.0,1379.0,298603.0,-0.0749999999999999,-0.055,0.07,-0.923,0.031,0.0819999999999999,1.0,0.7029999999999998,271.0,273.0,274.5,274.0,0.818,273.0,0.7909999999999999,273.9,0.8359999999999999,272.0,0.003,13.66,2.0,3.0,0.0,21.68,0.0,-1.0,0.0,-0.0139999999999999,-0.012,-0.009,-0.006,0.0,-0.012,-0.01,-0.0429999999999999,0.4639999999999999,-0.0069999999999999,-0.2969999999999999,0.2789999999999999,0.0,17.94,18.29,18.04,40.83,17.94,17.85,18.32,0.001,-0.001,0.001,-0.001,10.0,10.0,10.0,8.0,0.0,0.0,0.0,0.0,0.0,35.98,36.2,0.0,0.0,0.0,0.0,0.0,0.0,59.97,6000.0,-1.15,-0.2,2.0,0.0,0.2,0.2,-0.0379999999999999,18.06,18.0,17.95,18.18,18.01,18.28,17.75,18.18,18.1,18.22,18.02,18.28,18.81,18.78,33.2,33.0,41.0,17.78,0.0,49.88,25.64,2.0,3.516,-1.0,0.5949999999999999,1.3,4903
2015-12-24 17:30:00,0.0,0.0,0.0,0.0,0.0,0.0,2.0,289769.0,32.0,0.0,75.59999999999998,59.5,60.0,-0.1,9462.0,1373.0,1379.0,298603.0,-0.0749999999999999,-0.05,0.067,-0.923,0.031,0.0819999999999999,1.0,0.697,271.0,273.0,274.7,274.0,0.818,273.0,0.7909999999999999,274.0,0.8359999999999999,272.0,0.003,13.66,2.0,3.0,0.0,21.66,0.0,-1.067,0.0,-0.0139999999999999,-0.01,-0.009,-0.005,0.0,-0.012,-0.01,-0.042,0.466,-0.0069999999999999,-0.296,0.2789999999999999,0.0,17.94,18.25,18.04,65.24,17.94,17.85,18.31,0.001,-0.001,0.0,0.0,10.0,10.0,10.0,8.0,0.0,0.0,0.0,0.0,0.0,34.5,34.63,0.0,0.0,0.0,0.0,0.0,0.0,59.96,6000.0,-1.167,-0.2,2.0,0.0,0.2,0.2,-0.0379999999999999,18.05,18.0,17.94,18.16,18.02,18.27,17.73,18.18,18.1,18.22,18.02,18.26,18.81,18.72,33.0,33.0,41.0,17.79,0.0,95.6,72.20999999999998,2.0,3.519,-1.0,0.525,1.2,4903
2015-12-24 17:31:00,0.0,0.0,0.0,0.0,0.0,0.0,2.0,289769.0,32.0,0.0,75.59999999999998,59.5,60.0,-0.1019999999999999,9462.0,1373.0,1379.0,298603.0,-0.0749999999999999,-0.0529999999999999,0.0819999999999999,-0.923,0.031,0.0819999999999999,1.0,0.693,271.0,273.0,274.7,274.0,0.818,273.0,0.7909999999999999,274.0,0.8359999999999999,272.0,-0.018,13.36,2.0,1.0,0.0,21.64,0.0,-1.233,0.0,-0.0139999999999999,-0.01,-0.008,-0.004,0.0,-0.012,-0.01,0.2399999999999999,0.693,-0.0069999999999999,-0.009,0.281,0.001,17.96,18.25,18.04,25.25,17.94,17.85,18.34,0.0,-0.001,0.001,0.0,10.0,10.0,10.0,8.0,0.0,0.0,0.0,0.0,0.0,32.6,32.63,0.0,0.0,0.0,0.0,0.0,0.0,59.96,6000.0,-1.2,-0.2,2.0,0.0,0.2,0.2,-0.0379999999999999,18.03,18.0,17.93,18.15,17.98,18.24,17.72,18.18,18.1,18.23,18.02,18.25,18.82,18.67,33.0,33.0,41.0,17.79,0.0,120.7,89.2,2.0,3.521,-1.0,0.325,0.5999999999999999,4903
2015-12-24 17:32:00,0.0,0.0,0.0,0.0,0.0,0.0,2.0,289769.0,32.0,0.0,75.59999999999998,59.5,60.0,-0.1,9462.0,1373.0,1379.0,298603.0,-0.0749999999999999,-0.0449999999999999,0.0819999999999999,-0.923,0.031,0.0819999999999999,1.0,0.7029999999999998,271.0,273.0,274.5,274.0,0.818,273.0,0.7909999999999999,274.0,0.8359999999999999,272.0,0.024,13.5,2.0,3.0,0.0,21.62,0.0,-1.183,0.0,-0.013,-0.01,-0.008,-0.004,0.0,-0.012,-0.01,-0.0409999999999999,0.467,-0.0069999999999999,-0.2949999999999999,0.28,0.001,17.99,18.24,18.04,57.04,17.94,17.85,18.34,0.001,-0.001,0.001,0.0,10.0,10.0,10.0,8.0,0.0,0.0,0.0,0.0,0.0,30.49,30.57,0.0,0.0,0.0,0.0,0.0,0.0,59.96,6000.0,-1.25,-0.2,2.0,0.0,0.2,0.2,-0.0379999999999999,18.01,17.99,17.91,18.12,17.95,18.19,17.69,18.18,18.1,18.23,18.02,18.24,18.8,18.63,33.0,33.0,41.0,17.78,0.0,148.6,27.27,2.0,3.519,-1.0,0.367,0.9,4903
2015-12-24 17:33:00,0.0,0.0,0.0,0.0,0.0,0.0,2.0,289769.0,32.0,0.0,75.59999999999998,59.5,60.0,-0.1,9462.0,1373.0,1379.0,298603.0,-0.0749999999999999,-0.0449999999999999,0.07,-0.923,0.031,0.0819999999999999,1.0,0.702,271.0,273.0,274.5,274.0,0.818,273.0,0.7909999999999999,274.0,0.8359999999999999,272.0,0.004,13.66,2.0,3.0,0.0,21.61,0.0,-1.167,0.0,-0.013,-0.01,-0.008,-0.004,0.0,-0.011,-0.01,-0.039,0.4679999999999999,-0.0069999999999999,-0.2929999999999999,0.28,0.0,17.97,18.25,18.12,49.07,17.94,17.85,18.34,0.001,-0.001,0.001,0.0,10.0,10.0,10.0,8.0,0.0,0.0,0.0,0.0,0.0,28.29,28.52,0.0,0.0,0.0,0.0,0.0,0.0,59.95,6000.0,-1.267,-0.2,2.0,0.0,0.2,0.2,-0.0379999999999999,18.0,17.98,17.9,18.11,17.95,18.16,17.67,18.18,18.1,18.23,18.02,18.22,18.79,18.6,33.0,33.0,40.93,17.79,0.0,118.5,10.7,2.0,3.521,-1.0,0.842,1.3,4903
2015-12-24 17:34:00,0.0,0.0,0.0,0.0,0.0,0.0,2.0,289769.0,32.0,0.0,75.59999999999998,59.5,60.0,-0.1,9462.0,1373.0,1379.0,298603.0,-0.0749999999999999,-0.048,0.0769999999999999,-0.923,0.031,0.0819999999999999,1.0,0.702,271.0,273.0,274.6,274.0,0.818,273.0,0.7909999999999999,274.0,0.8359999999999999,272.0,0.004,13.66,2.0,3.0,0.0,21.59,0.0,-1.033,0.0,-0.012,-0.01,-0.008,-0.004,0.0,-0.011,-0.01,-0.037,0.471,-0.0069999999999999,-0.291,0.2789999999999999,0.0,18.03,18.24,18.14,30.27,17.94,17.91,18.34,0.0,-0.001,0.001,-0.001,10.0,10.0,10.0,8.0,0.0,0.0,0.0,0.0,0.0,26.32,26.53,0.0,0.0,0.0,0.0,0.0,0.0,59.96,6000.0,-1.1,-0.2,2.0,0.0,0.2,0.2,-0.0379999999999999,18.02,18.0,17.92,18.12,17.96,18.15,17.67,18.18,18.11,18.24,18.03,18.24,18.77,18.65,33.0,33.0,40.83,17.8,0.0,144.4,15.52,2.0,3.519,-1.0,0.77,1.0,4903
2015-12-24 17:35:00,0.0,0.0,0.0,0.0,0.0,0.0,2.0,289769.0,32.0,0.0,75.59999999999998,59.5,60.0,-0.1,9462.0,1373.0,1379.0,298603.0,-0.0749999999999999,-0.0429999999999999,0.083,-0.923,0.031,0.0819999999999999,1.0,0.702,271.0,273.0,274.7,274.0,0.818,273.0,0.7909999999999999,274.0,0.8359999999999999,272.0,0.003,13.66,2.0,3.0,0.0,21.58,0.0,-1.1,0.0,-0.012,-0.01,-0.009,-0.004,0.0,-0.011,-0.011,-0.035,0.472,-0.0069999999999999,-0.2889999999999999,0.2789999999999999,0.0,18.01,18.24,18.14,27.78,17.94,17.94,18.34,0.001,0.0,0.001,0.0,10.0,10.0,10.0,8.0,0.0,0.0,0.0,0.0,0.0,24.52,24.72,0.0,0.0,0.0,0.0,0.0,0.0,59.95,6000.0,-1.3,-0.2,2.0,0.0,0.2,0.2,-0.0379999999999999,18.04,18.01,17.94,18.13,17.97,18.15,17.68,18.19,18.12,18.25,18.03,18.26,18.74,18.57,33.0,33.0,40.05,17.8,0.0,135.2,19.96,2.0,3.519,-1.0,0.6119999999999999,0.9,4903
2015-12-24 17:36:00,0.0,0.0,0.0,0.0,0.0,0.0,2.0,289769.0,32.0,0.0,75.59999999999998,59.5,60.0,-0.103,9462.0,1373.0,1379.0,298603.0,-0.0749999999999999,-0.04,0.068,-0.923,0.031,0.0819999999999999,1.0,0.688,271.0,273.0,275.0,274.0,0.818,273.0,0.7909999999999999,274.0,0.8359999999999999,272.0,0.003,13.66,2.0,3.0,0.0,21.56,0.0,-1.05,0.0,-0.012,-0.01,-0.009,-0.004,0.0,-0.011,-0.011,-0.035,0.472,-0.0069999999999999,-0.2889999999999999,0.2789999999999999,0.0,18.03,18.24,18.14,85.09999999999998,17.96,17.94,18.34,0.0,-0.001,0.0,0.0,10.0,10.0,10.0,8.0,0.0,0.0,0.0,0.0,0.0,22.76,23.05,0.0,0.0,0.0,0.0,0.0,0.0,59.96,6000.0,-1.183,-0.2,2.0,0.0,0.2,0.2,-0.0379999999999999,18.05,18.02,17.95,18.13,17.97,18.14,17.69,18.2,18.13,18.25,18.04,18.27,18.73,18.54,33.0,33.0,40.0,17.8,0.0,72.05,30.42,2.0,3.519,-1.0,0.45,0.6999999999999998,4903
2015-12-24 17:37:00,0.0,0.0,0.0,0.0,0.0,0.0,2.0,289769.0,32.0,0.0,75.59999999999998,59.5,60.0,-0.1,9462.0,1373.0,1379.0,298603.0,-0.0749999999999999,-0.048,0.068,-0.923,0.031,0.0819999999999999,1.0,0.687,271.0,273.0,274.7,274.0,0.818,273.0,0.7909999999999999,274.0,0.8359999999999999,272.0,-0.009,13.37,2.0,1.0,0.0,21.54,0.0,-1.1,0.0,-0.011,-0.01,-0.009,-0.005,0.0,-0.011,-0.011,0.2769999999999999,0.7490000000000001,-0.0069999999999999,0.002,0.281,0.001,18.03,18.29,18.14,58.86,17.98,17.94,18.34,0.0,-0.001,0.0,0.0,10.0,10.0,10.0,8.0,0.0,0.0,0.0,0.0,0.0,21.18,21.5,0.0,0.0,0.0,0.0,0.0,0.0,59.95,6000.0,-1.15,-0.2,2.0,0.0,0.2,0.2,-0.0379999999999999,18.06,18.02,17.96,18.13,17.95,18.18,17.69,18.21,18.14,18.27,18.05,18.28,18.73,18.58,33.0,33.0,40.0,17.8,0.0,74.45999999999998,15.2,2.0,3.519,-1.0,0.5879999999999999,0.9,4903
2015-12-24 17:38:00,0.0,0.0,0.0,0.0,0.0,0.0,2.0,289769.0,32.0,0.0,75.59999999999998,59.5,60.0,-0.103,9462.0,1373.0,1379.0,298603.0,-0.0749999999999999,-0.052,0.072,-0.923,0.031,0.0819999999999999,1.0,0.6999999999999998,271.0,273.0,274.6,274.0,0.818,273.0,0.7909999999999999,274.0,0.8359999999999999,272.0,0.016,13.64,2.0,3.0,0.0,21.53,0.0,-1.267,0.0,-0.011,-0.01,-0.008,-0.005,0.0,-0.01,-0.011,-0.036,0.472,-0.0069999999999999,-0.2919999999999999,0.28,0.0,18.03,18.29,18.14,-1.369,17.96,17.93,18.34,0.001,-0.001,0.0,0.0,10.0,10.0,10.0,8.0,0.0,0.0,0.0,0.0,0.0,19.63,19.68,0.0,0.0,0.0,0.0,0.0,0.0,59.95,6000.0,-1.3,-0.2,2.0,0.0,0.2,0.2,-0.0379999999999999,18.03,18.0,17.94,18.1,17.94,18.19,17.66,18.21,18.13,18.27,18.05,18.26,18.68,18.56,33.0,33.0,40.0,17.81,0.0,83.9,22.87,2.0,3.517,-1.0,0.675,1.1,4903
2015-12-24 17:39:00,0.0,0.0,0.0,0.0,0.0,0.0,2.0,289769.0,32.0,0.0,75.59999999999998,59.5,60.0,-0.1,9462.0,1373.0,1379.0,298603.0,-0.0749999999999999,-0.0449999999999999,0.072,-0.923,0.031,0.0819999999999999,1.0,0.693,271.0,273.0,274.6,274.0,0.818,273.0,0.7909999999999999,274.0,0.8359999999999999,272.0,0.004,13.66,2.0,3.0,0.0,21.51,0.0,-1.267,0.0,-0.011,-0.01,-0.008,-0.005,0.0,-0.01,-0.01,-0.035,0.4729999999999999,-0.0069999999999999,-0.288,0.2789999999999999,0.0,18.12,18.25,18.14,121.4,17.94,17.91,18.34,0.001,-0.001,0.001,0.0,10.0,10.0,10.0,8.0,0.0,0.0,0.0,0.0,0.0,18.08,18.28,0.0,0.0,0.0,0.0,0.0,0.0,59.96,6000.0,-1.2,-0.2,2.0,0.0,0.2,0.2,-0.0379999999999999,17.97,17.96,17.9,18.06,17.89,18.17,17.62,18.19,18.1,18.22,18.03,18.22,18.66,18.54,33.0,33.0,40.0,17.82,0.0,31.57,36.14,2.0,3.519,-1.0,1.433,2.9,4903
2015-12-24 17:40:00,0.0,0.0,0.0,0.0,0.0,0.0,2.0,289769.0,32.0,0.0,75.59999999999998,59.5,60.0,-0.1,9462.0,1373.0,1379.0,298603.0,-0.0749999999999999,-0.0529999999999999,0.0579999999999999,-0.923,0.031,0.0819999999999999,1.0,0.695,271.0,273.0,274.6,274.0,0.818,273.0,0.7909999999999999,274.0,0.8359999999999999,272.0,0.004,13.66,2.0,3.0,0.0,21.49,0.0,-1.3330000000000002,0.0,-0.01,-0.009,-0.008,-0.004,0.0,-0.011,-0.011,-0.033,0.4739999999999999,-0.0069999999999999,-0.2869999999999999,0.2789999999999999,0.0,18.05,18.29,18.12,48.85,17.94,17.86,18.29,0.001,-0.001,0.001,-0.001,10.0,10.0,10.0,8.0,0.0,0.0,0.0,0.0,0.0,16.61,16.83,0.0,0.0,0.0,0.0,0.0,0.0,59.96,6000.0,-1.15,-0.2,2.0,0.0,0.2,0.2,-0.0379999999999999,17.92,17.92,17.86,18.01,17.86,18.12,17.57,18.14,18.04,18.17,17.97,18.17,18.98,18.55,33.0,33.0,40.0,17.82,0.0,52.79,16.16,2.0,3.516,-1.0,1.493,2.9,4903
2015-12-24 17:41:00,0.0,0.0,0.0,0.0,0.0,0.0,2.0,289769.0,32.0,0.0,75.59999999999998,59.5,60.0,-0.1,9462.0,1373.0,1379.0,298603.0,-0.0749999999999999,-0.0449999999999999,0.083,-0.923,0.031,0.0819999999999999,1.0,0.702,271.0,273.0,274.5,274.0,0.818,273.0,0.7909999999999999,274.0,0.8359999999999999,272.0,0.003,13.66,2.0,3.0,0.0,21.48,0.0,-1.283,0.0,-0.01,-0.0069999999999999,-0.009,-0.006,0.0,-0.012,-0.012,-0.027,0.4799999999999999,-0.0069999999999999,-0.281,0.2789999999999999,0.0,18.05,18.19,18.02,83.09999999999998,17.93,17.85,18.24,0.001,0.0,0.001,0.0,10.0,10.0,10.0,8.0,0.0,0.0,0.0,0.0,0.0,15.29,15.45,0.0,0.0,0.0,0.0,0.0,0.0,59.96,6000.0,-1.283,-0.2,2.0,0.0,0.2,0.2,-0.0379999999999999,17.89,17.9,17.82,17.97,17.84,18.09,17.54,18.09,18.0,18.13,17.93,18.14,19.12,18.65,33.0,33.0,40.0,17.79,0.0,36.15,15.27,2.0,3.519,-1.0,1.6969999999999998,2.2,4903
2015-12-24 17:42:00,0.0,0.0,0.0,0.0,0.0,0.0,2.0,289769.0,32.0,0.0,75.59999999999998,59.5,60.0,-0.1,9462.0,1373.0,1379.0,298603.0,-0.0749999999999999,-0.0579999999999999,0.0729999999999999,-0.923,0.031,0.0819999999999999,1.0,0.677,271.0,273.0,275.0,274.0,0.818,273.0,0.7909999999999999,274.0,0.8359999999999999,272.0,0.003,13.66,2.0,3.0,0.0,21.47,0.0,-1.15,0.0,-0.01,-0.0069999999999999,-0.01,-0.0069999999999999,0.0,-0.013,-0.013,-0.027,0.481,-0.0069999999999999,-0.28,0.28,0.0,18.03,18.14,17.94,34.08,17.85,17.75,18.21,0.0,0.0,0.0,0.0,10.0,10.0,10.0,8.0,0.0,0.0,0.0,0.0,0.0,14.1,14.28,0.0,0.0,0.0,0.0,0.0,0.0,59.96,6000.0,-1.217,-0.2,2.0,0.0,0.2,0.2,-0.0379999999999999,17.85,17.86,17.78,17.92,17.78,18.03,17.48,18.04,17.96,18.08,17.88,18.09,19.31,18.94,33.0,33.0,40.0,17.75,0.0,46.71,18.09,2.0,3.519,-1.0,1.5519999999999998,2.0,4903
2015-12-24 17:43:00,0.0,0.0,0.0,0.0,0.0,0.0,2.0,289769.0,32.0,0.0,75.59999999999998,59.5,60.0,-0.1,9462.0,1373.0,1379.0,298603.0,-0.0749999999999999,-0.042,0.065,-0.923,0.031,0.0819999999999999,1.0,0.695,271.0,273.0,274.5,274.0,0.818,273.0,0.7909999999999999,273.6,0.8359999999999999,272.0,-0.008,13.38,2.0,1.0,0.0,21.45,0.0,-1.433,0.0,-0.011,-0.0069999999999999,-0.01,-0.008,0.0,-0.0139999999999999,-0.0139999999999999,0.3649999999999999,0.8619999999999999,-0.0069999999999999,0.02,0.2819999999999999,0.001,17.95,18.06,17.91,27.71,17.83,17.67,18.14,0.0,0.0,0.001,-0.001,10.0,10.0,10.0,8.0,0.0,0.0,0.0,0.0,0.0,12.88,13.18,0.0,0.0,0.0,0.0,0.0,0.0,59.97,6000.0,-1.35,-0.2,2.0,0.0,0.2,0.2,-0.0379999999999999,17.82,17.81,17.72,17.87,17.76,17.97,17.43,17.99,17.91,18.04,17.83,18.05,19.37,19.04,33.0,32.57,40.0,17.7,0.0,50.85,13.95,2.0,3.521,-1.0,1.347,2.0,4903
2015-12-24 17:44:00,0.0,0.0,0.0,0.0,0.0,0.0,2.0,289769.0,32.0,0.0,75.59999999999998,59.5,60.0,-0.1019999999999999,9462.0,1373.0,1379.0,298603.0,-0.0749999999999999,-0.057,0.072,-0.924,0.031,0.081,1.0,0.7049999999999998,271.0,273.0,274.0,274.0,0.818,273.0,0.7909999999999999,273.0,0.8359999999999999,272.0,0.018,13.49,2.0,3.0,0.0,21.46,0.0,-1.2,0.0,-0.013,-0.009,-0.011,-0.009,0.0,-0.0149999999999999,-0.0149999999999999,-0.02,0.492,-0.0069999999999999,-0.2839999999999999,0.28,0.001,17.87,18.03,17.8,5.839,17.75,17.59,18.09,0.001,-0.001,0.001,0.0,10.0,10.0,10.0,8.0,0.0,0.0,0.0,0.0,0.0,11.85,12.15,0.0,0.0,0.0,0.0,0.0,0.0,59.96,6000.0,-1.117,-0.2,2.0,0.0,0.2,0.2,-0.0379999999999999,17.78,17.74,17.67,17.81,17.72,17.87,17.37,17.92,17.86,17.98,17.76,17.98,19.35,19.12,33.0,32.07,40.0,17.65,0.0,39.14,11.3,2.0,3.519,-1.0,1.683,2.2,4903
2015-12-24 17:45:00,0.0,0.0,0.0,0.0,0.0,0.0,2.0,289769.0,32.0,0.0,75.59999999999998,59.5,60.0,-0.103,9462.0,1373.0,1379.0,298603.0,-0.0749999999999999,-0.048,0.0749999999999999,-0.923,0.031,0.0819999999999999,1.0,0.7199999999999999,271.0,273.0,274.0,274.0,0.818,273.0,0.7909999999999999,273.0,0.8359999999999999,272.0,0.004,13.66,2.0,3.0,0.0,21.45,0.0,-1.283,0.0,-0.0139999999999999,-0.01,-0.012,-0.011,0.0,-0.016,-0.017,-0.026,0.482,-0.0069999999999999,-0.2819999999999999,0.28,0.0,17.77,17.94,17.75,45.86,17.7,17.52,18.05,0.001,0.0,0.001,0.0,10.0,10.0,10.0,8.0,0.0,0.0,0.0,0.0,0.0,11.2,11.4,0.0,0.0,0.0,0.0,0.0,0.0,59.96,6000.0,-1.25,-0.2,2.0,0.0,0.2,0.2,-0.0379999999999999,17.72,17.68,17.6,17.75,17.69,17.82,17.31,17.85,17.8,17.91,17.69,17.91,19.31,19.14,33.0,32.0,40.0,17.59,0.0,52.93,14.32,2.0,3.519,-1.0,1.423,2.0,4903
2015-12-24 17:46:00,0.0,0.0,0.0,0.0,0.0,0.0,2.0,289769.0,32.0,0.0,75.59999999999998,59.5,60.0,-0.1,9462.0,1373.0,1379.0,298603.0,-0.0749999999999999,-0.047,0.072,-0.923,0.031,0.0819999999999999,1.0,0.7219999999999999,270.6,272.6,274.0,273.9,0.818,272.7,0.7909999999999999,273.0,0.8359999999999999,271.9,0.004,13.66,2.0,3.0,0.0,21.44,0.0,-1.2,0.0,-0.0149999999999999,-0.011,-0.0139999999999999,-0.012,0.0,-0.017,-0.018,-0.026,0.482,-0.0069999999999999,-0.28,0.2789999999999999,0.0,17.72,17.86,17.7,-17.3,17.63,17.46,17.98,0.001,-0.001,0.001,-0.001,10.0,10.0,10.0,8.0,0.0,0.0,0.0,0.0,0.0,10.74,11.0,0.0,0.0,0.0,0.0,0.0,0.0,59.96,6000.0,-1.25,-0.2,2.0,0.0,0.2,0.2,-0.0379999999999999,17.67,17.63,17.53,17.69,17.63,17.76,17.25,17.78,17.74,17.85,17.62,17.84,19.27,19.1,33.0,32.0,40.0,17.54,0.0,43.96,23.86,2.0,3.519,-1.0,1.398,2.0,4903
2015-12-24 17:47:00,0.0,0.0,0.0,0.0,0.0,0.0,2.0,289769.0,32.0,0.0,75.59999999999998,59.5,60.0,-0.1,9462.0,1373.0,1379.0,298603.0,-0.0749999999999999,-0.0449999999999999,0.0599999999999999,-0.923,0.031,0.081,1.0,0.7079999999999999,270.9,272.9,274.0,274.0,0.818,273.0,0.7909999999999999,273.0,0.8359999999999999,272.0,0.004,13.66,2.0,3.0,0.0,21.42,0.0,-1.35,0.0,-0.016,-0.0139999999999999,-0.0149999999999999,-0.013,0.0,-0.017,-0.019,-0.026,0.482,-0.0069999999999999,-0.2839999999999999,0.28,0.0,17.66,17.85,17.65,13.84,17.55,17.39,17.95,0.0,-0.001,0.001,0.0,10.0,10.0,10.0,8.0,0.0,0.0,0.0,0.0,0.0,10.46,11.0,0.0,0.0,0.0,0.0,0.0,0.0,59.95,6000.0,-1.2,-0.2,2.0,0.0,0.2,0.2,-0.0379999999999999,17.63,17.58,17.47,17.65,17.61,17.74,17.2,17.72,17.69,17.8,17.57,17.79,19.29,19.17,33.0,32.0,40.0,17.48,0.0,38.03,12.36,2.0,3.521,-1.0,1.732,2.6,4903
2015-12-24 17:48:00,0.0,0.0,0.0,0.0,0.0,0.0,2.0,289769.0,32.0,0.0,75.59999999999998,59.5,60.0,-0.1019999999999999,9462.0,1373.0,1379.0,298603.0,-0.0749999999999999,-0.042,0.08,-0.923,0.031,0.081,1.0,0.6999999999999998,271.0,273.0,274.0,274.0,0.818,273.0,0.7909999999999999,273.1,0.8359999999999999,272.0,0.003,13.66,2.0,3.0,0.0,21.38,0.0,-1.3330000000000002,0.0,-0.016,-0.0139999999999999,-0.0149999999999999,-0.013,0.0,-0.018,-0.02,-0.023,0.4839999999999999,-0.0069999999999999,-0.283,0.28,0.0,17.66,17.82,17.55,32.28,17.55,17.36,17.85,0.001,-0.001,0.0,0.0,10.0,10.0,10.0,8.0,0.0,0.0,0.0,0.0,0.0,10.26,10.92,0.0,0.0,0.0,0.0,0.0,0.0,59.94,6000.0,-1.35,-0.2,2.0,0.0,0.2,0.2,-0.0379999999999999,17.6,17.53,17.43,17.61,17.59,17.68,17.16,17.66,17.65,17.76,17.51,17.74,19.25,19.14,33.0,32.0,40.0,17.43,0.0,59.74,11.53,2.0,3.517,-1.0,1.19,1.6,4903
2015-12-24 17:49:00,0.0,0.0,0.0,0.0,0.0,0.0,2.0,289769.0,32.0,0.0,75.59999999999998,59.5,60.0,-0.1,9462.0,1373.0,1379.0,298603.0,-0.0749999999999999,-0.05,0.0729999999999999,-0.924,0.031,0.081,1.0,0.7149999999999999,270.9,272.9,274.0,274.0,0.818,273.0,0.7909999999999999,273.0,0.8359999999999999,272.0,0.004,13.55,2.0,1.0,0.0,21.4,0.0,-1.3330000000000002,0.0,-0.017,-0.0139999999999999,-0.016,-0.013,0.0,-0.018,-0.02,0.1169999999999999,0.5929999999999999,-0.01,-0.133,0.2789999999999999,0.001,17.61,17.77,17.55,80.29999999999998,17.47,17.34,17.85,0.001,-0.001,0.0,0.0,10.0,10.0,10.0,8.0,0.0,0.0,0.0,0.0,0.0,10.19,10.5,0.0,0.0,0.0,0.0,0.0,0.0,59.95,6000.0,-1.3,-0.2,2.0,0.0,0.2,0.2,-0.0379999999999999,17.59,17.51,17.4,17.59,17.58,17.68,17.15,17.62,17.61,17.72,17.47,17.71,19.16,19.1,32.68,32.0,40.0,17.4,0.0,50.37,15.66,2.0,3.519,-1.0,1.4880000000000002,2.2,4903
2015-12-24 17:50:00,0.0,0.0,0.0,0.0,0.0,0.0,2.0,289769.0,32.0,0.0,75.59999999999998,59.5,60.0,-0.1,9462.0,1373.0,1379.0,298603.0,-0.0759999999999999,-0.063,0.072,-0.923,0.032,0.0819999999999999,1.0,0.757,271.9,273.9,275.8,274.9,0.818,273.9,0.7909999999999999,274.8,0.8359999999999999,273.2,0.004,13.66,2.0,3.0,0.0,21.37,0.0,-1.383,0.0,-0.016,-0.0139999999999999,-0.016,-0.0139999999999999,0.0,-0.018,-0.019,-0.017,0.4909999999999999,-0.01,-0.275,0.2789999999999999,0.0,17.56,17.75,17.55,16.18,17.46,17.26,17.85,0.001,-0.001,0.0,-0.001,10.0,10.0,10.0,8.0,0.0,0.0,0.0,0.0,0.0,10.09,10.42,0.0,0.0,0.0,0.0,0.0,0.0,59.96,6000.0,-1.283,-0.2,2.0,0.0,0.2,0.2,-0.0379999999999999,17.58,17.5,17.37,17.58,17.58,17.69,17.13,17.59,17.6,17.7,17.44,17.69,19.13,19.04,32.05,32.0,40.0,17.38,0.0,54.25,20.56,2.0,3.521,-1.0,1.15,1.8,4903
2015-12-24 17:51:00,0.0,0.0,0.0,0.0,0.0,0.0,2.0,289769.0,32.0,0.0,75.59999999999998,59.5,60.0,-0.1,9462.0,1373.0,1379.0,298603.0,-0.0759999999999999,-0.065,0.0899999999999999,-0.923,0.032,0.0819999999999999,1.0,0.763,272.0,274.0,276.0,275.0,0.818,274.0,0.7909999999999999,275.0,0.8359999999999999,273.0,0.004,13.66,2.0,3.0,0.0,21.35,0.0,-1.367,0.0,-0.017,-0.0139999999999999,-0.0149999999999999,-0.0139999999999999,0.0,-0.017,-0.019,-0.0149999999999999,0.4929999999999999,-0.01,-0.273,0.2789999999999999,0.0,17.56,17.71,17.55,83.0,17.46,17.26,17.85,0.0,0.0,0.001,0.0,10.0,10.0,10.0,8.0,0.0,0.0,0.0,0.0,0.0,10.05,10.23,0.0,0.0,0.0,0.0,0.0,0.0,59.96,6000.0,-1.283,-0.2,2.0,0.0,0.2,0.2,-0.0379999999999999,17.57,17.49,17.36,17.57,17.6,17.73,17.14,17.58,17.59,17.7,17.43,17.67,19.08,19.0,32.0,32.0,40.0,17.35,0.0,47.17,13.7,2.0,3.518,-1.0,1.113,1.8,4903
2015-12-24 17:52:00,0.0,0.0,0.0,0.0,0.0,0.0,2.0,289769.0,32.0,0.0,75.59999999999998,59.5,60.0,-0.1,9462.0,1373.0,1379.0,298603.0,-0.0759999999999999,-0.057,0.0749999999999999,-0.923,0.032,0.0819999999999999,1.0,0.76,272.0,274.0,276.0,275.0,0.818,274.0,0.7909999999999999,275.0,0.8359999999999999,273.0,0.003,13.66,2.0,3.0,0.0,21.32,0.0,-1.3,0.0,-0.016,-0.0139999999999999,-0.0149999999999999,-0.013,0.0,-0.017,-0.017,-0.0139999999999999,0.4939999999999999,-0.01,-0.272,0.2789999999999999,0.0,17.54,17.69,17.55,52.13,17.42,17.26,17.83,0.001,-0.001,0.001,0.0,10.0,10.0,10.0,8.0,0.0,0.0,0.0,0.0,0.0,10.21,10.62,0.0,0.0,0.0,0.0,0.0,0.0,59.96,6000.0,-1.267,-0.2,2.0,0.0,0.2,0.2,-0.0379999999999999,17.56,17.48,17.35,17.57,17.6,17.77,17.14,17.56,17.59,17.7,17.42,17.66,19.06,18.96,32.0,32.0,40.0,17.32,0.0,51.48,25.53,2.0,3.519,-1.0,0.88,1.6,4903
2015-12-24 17:53:00,0.0,0.0,0.0,0.0,0.0,0.0,2.0,289769.0,32.0,0.0,75.59999999999998,59.5,60.0,-0.1019999999999999,9462.0,1373.0,1379.0,298603.0,-0.0759999999999999,-0.0529999999999999,0.0769999999999999,-0.923,0.032,0.0819999999999999,1.0,0.768,272.0,274.0,276.0,275.0,0.818,274.0,0.7909999999999999,275.0,0.8359999999999999,273.0,0.003,13.66,2.0,3.0,0.0,21.33,0.0,-1.3,0.0,-0.016,-0.0139999999999999,-0.0139999999999999,-0.013,0.0,-0.016,-0.016,-0.016,0.492,-0.01,-0.272,0.2789999999999999,0.0,17.53,17.7,17.57,-47.32,17.43,17.26,17.81,0.0,-0.001,0.001,-0.001,10.0,10.0,10.0,8.0,0.0,0.0,0.0,0.0,0.0,10.11,10.47,0.0,0.0,0.0,0.0,0.0,0.0,59.97,6000.0,-1.183,-0.2,2.0,0.0,0.2,0.2,-0.0379999999999999,17.58,17.48,17.34,17.57,17.6,17.8,17.15,17.56,17.6,17.7,17.42,17.65,19.03,18.94,32.0,32.0,40.0,17.33,0.0,57.24,17.73,2.0,3.521,-1.0,1.207,1.9,4903
2015-12-24 17:54:00,0.0,0.0,0.0,0.0,0.0,0.0,2.0,289769.0,32.0,0.0,75.59999999999998,59.5,60.0,-0.1,9462.0,1373.0,1379.0,298603.0,-0.0759999999999999,-0.0579999999999999,0.08,-0.922,0.032,0.0819999999999999,1.0,0.768,272.0,274.0,276.0,275.0,0.818,274.0,0.7909999999999999,275.0,0.8359999999999999,273.0,0.009,13.44,2.0,3.0,0.0,21.31,0.0,-1.55,0.0,-0.016,-0.0139999999999999,-0.0139999999999999,-0.011,0.0,-0.016,-0.017,0.1689999999999999,0.634,-0.01,-0.0969999999999999,0.278,0.001,17.55,17.72,17.55,92.2,17.4,17.28,17.81,0.0,0.0,0.0,0.0,10.0,10.0,10.0,8.0,0.0,0.0,0.0,0.0,0.0,9.94,10.12,0.0,0.0,0.0,0.0,0.0,0.0,59.96,6000.0,-1.3330000000000002,-0.2,2.0,0.0,0.2,0.2,-0.0379999999999999,17.59,17.49,17.35,17.57,17.59,17.79,17.15,17.55,17.6,17.7,17.42,17.65,19.02,18.94,32.0,32.0,40.0,17.31,0.0,53.12,11.89,2.0,3.519,-1.0,1.3630000000000002,2.2,4903
2015-12-24 17:55:00,0.0,0.0,0.0,0.0,0.0,0.0,2.0,289769.0,32.0,0.0,75.59999999999998,59.5,60.0,-0.1,9462.0,1373.0,1379.0,298603.0,-0.0759999999999999,-0.063,0.0749999999999999,-0.922,0.032,0.0819999999999999,1.0,0.768,272.0,274.0,276.0,275.0,0.818,274.0,0.7909999999999999,275.0,0.8359999999999999,273.0,-0.002,13.44,2.0,3.0,0.0,21.29,0.0,-1.35,0.0,-0.016,-0.0139999999999999,-0.0139999999999999,-0.011,0.0,-0.016,-0.016,-0.017,0.4909999999999999,-0.01,-0.273,0.28,0.001,17.48,17.71,17.51,23.76,17.39,17.28,17.76,0.001,-0.001,0.001,0.0,10.0,10.0,10.0,8.0,0.0,0.0,0.0,0.0,0.0,9.61,10.0,0.0,0.0,0.0,0.0,0.0,0.0,59.96,6000.0,-1.2,-0.2,2.0,0.0,0.2,0.2,-0.0379999999999999,17.57,17.47,17.33,17.55,17.57,17.79,17.13,17.54,17.58,17.68,17.4,17.64,19.1,18.97,32.0,32.0,40.0,17.3,0.0,34.57,6.034,2.0,3.519,-1.0,1.722,2.1,4903
2015-12-24 17:56:00,0.0,0.0,0.0,0.0,0.0,0.0,2.0,289769.0,32.0,0.0,75.59999999999998,59.5,60.0,-0.1,9462.0,1373.0,1379.0,298603.0,-0.0759999999999999,-0.062,0.0579999999999999,-0.923,0.032,0.0819999999999999,1.0,0.767,272.0,274.0,276.0,275.0,0.818,274.0,0.7909999999999999,275.0,0.8359999999999999,273.0,0.004,13.66,2.0,3.0,0.0,21.29,0.0,-1.217,0.0,-0.016,-0.0139999999999999,-0.0139999999999999,-0.012,0.0,-0.016,-0.016,-0.0139999999999999,0.4929999999999999,-0.01,-0.2739999999999999,0.2789999999999999,0.0,17.46,17.76,17.46,131.0,17.4,17.27,17.76,0.001,-0.001,0.0,-0.001,10.0,10.0,10.0,8.0,0.0,0.0,0.0,0.0,0.0,9.12,9.33,0.0,0.0,0.0,0.0,0.0,0.0,59.96,6000.0,-1.117,-0.2,2.0,0.0,0.2,0.2,-0.0379999999999999,17.54,17.43,17.3,17.54,17.54,17.76,17.12,17.51,17.55,17.65,17.37,17.61,19.09,18.99,32.0,32.0,40.0,17.29,0.0,52.71,13.1,2.0,3.521,-1.0,1.3,1.8,4903
2015-12-24 17:57:00,0.0,0.0,0.0,0.0,0.0,0.0,2.0,289769.0,32.0,0.0,75.59999999999998,59.5,60.0,-0.1019999999999999,9462.0,1373.0,1379.0,298603.0,-0.0759999999999999,-0.057,0.078,-0.922,0.032,0.0819999999999999,1.0,0.753,272.0,274.0,276.0,275.0,0.818,274.0,0.7909999999999999,275.0,0.8359999999999999,273.0,0.003,13.66,2.0,3.0,0.0,21.27,0.0,-1.167,0.0,-0.016,-0.0139999999999999,-0.0139999999999999,-0.012,0.0,-0.016,-0.016,-0.012,0.496,-0.01,-0.272,0.2789999999999999,0.0,17.46,17.72,17.46,123.9,17.34,17.2,17.74,0.001,-0.001,0.0,-0.001,10.0,10.0,10.0,8.0,0.0,0.0,0.0,0.0,0.0,8.41,8.88,0.0,0.0,0.0,0.0,0.0,0.0,59.95,6000.0,-1.067,-0.2,2.0,0.0,0.2,0.2,-0.0379999999999999,17.52,17.4,17.27,17.51,17.55,17.73,17.08,17.48,17.52,17.62,17.34,17.57,19.06,18.95,32.0,32.0,40.0,17.25,0.0,51.63,25.51,2.0,3.519,-1.0,0.767,1.4,4903
2015-12-24 17:58:00,0.0,0.0,0.0,0.0,0.0,0.0,2.0,289769.0,32.0,0.0,75.59999999999998,59.5,60.0,-0.1,9462.0,1373.0,1379.0,298603.0,-0.0759999999999999,-0.065,0.0819999999999999,-0.923,0.032,0.0819999999999999,1.0,0.752,272.0,274.0,276.0,275.0,0.818,274.0,0.7909999999999999,275.0,0.8359999999999999,273.0,0.003,13.66,2.0,3.0,0.0,21.26,0.0,-1.633,0.0,-0.018,-0.0139999999999999,-0.0149999999999999,-0.013,0.0,-0.017,-0.018,-0.012,0.496,-0.01,-0.27,0.2789999999999999,0.0,17.45,17.66,17.39,-9.08,17.3,17.17,17.66,0.001,0.0,0.001,0.0,10.0,10.0,10.0,8.0,0.0,0.0,0.0,0.0,0.0,7.665,7.9,0.0,0.0,0.0,0.0,0.0,0.0,59.96,6000.0,-1.35,-0.2,2.0,0.0,0.2,0.2,-0.0379999999999999,17.47,17.35,17.21,17.45,17.55,17.67,17.03,17.44,17.48,17.57,17.3,17.52,19.06,18.92,32.0,32.0,40.0,17.21,0.0,50.59,13.95,2.0,3.519,-1.0,1.52,2.4,4903
2015-12-24 17:59:00,0.0,0.0,0.0,0.0,0.0,0.0,2.0,289769.0,32.0,0.0,75.59999999999998,59.5,60.0,-0.1,9462.0,1373.0,1379.0,298603.0,-0.0759999999999999,-0.055,0.068,-0.923,0.032,0.0819999999999999,1.0,0.747,272.0,274.0,276.0,275.0,0.818,274.1,0.7909999999999999,275.0,0.8359999999999999,273.3,0.003,13.66,2.0,3.0,0.0,21.24,0.0,-1.517,0.0,-0.019,-0.016,-0.016,-0.0139999999999999,0.0,-0.018,-0.018,-0.0139999999999999,0.4929999999999999,-0.012,-0.2739999999999999,0.2789999999999999,0.0,17.37,17.64,17.31,50.87,17.23,17.14,17.61,0.001,-0.001,0.001,0.0,10.0,10.0,10.0,8.0,0.0,0.0,0.0,0.0,0.0,7.079,7.017,0.0,0.0,0.0,0.0,0.0,0.0,59.97,6000.0,-1.3,-0.2,2.0,0.0,0.2,0.2,-0.0379999999999999,17.4,17.27,17.14,17.39,17.54,17.62,16.96,17.35,17.41,17.49,17.22,17.44,19.12,18.88,32.0,32.0,40.0,17.17,0.0,43.47,9.96,2.0,3.519,-1.0,1.7619999999999998,2.6,4903
2015-12-24 18:00:00,0.0,0.0,0.0,0.0,0.0,0.0,2.0,289769.0,32.0,0.0,75.59999999999998,59.5,60.0,-0.107,9462.0,1373.0,1379.0,298603.0,-0.0759999999999999,-0.047,0.08,-0.923,0.032,0.0819999999999999,1.0,0.755,272.0,274.0,276.0,275.0,0.818,274.0,0.7909999999999999,275.0,0.8359999999999999,273.4,0.004,13.5,2.0,1.0,0.0,21.23,0.0,-1.3,0.0,-0.021,-0.017,-0.016,-0.0149999999999999,-0.001,-0.018,-0.02,0.191,0.652,-0.0139999999999999,-0.0769999999999999,0.2789999999999999,0.001,17.27,17.53,17.29,63.12,17.18,17.02,17.54,0.0,-0.001,0.001,-0.001,10.0,10.0,10.0,8.0,0.0,0.0,0.0,0.0,0.0,6.715,7.0,0.0,0.0,0.0,0.0,0.0,0.0,59.96,6000.0,-1.233,-0.2,2.0,0.0,0.2,0.2,-0.0379999999999999,17.35,17.21,17.07,17.32,17.47,17.57,16.89,17.27,17.33,17.41,17.13,17.37,19.16,18.89,32.0,32.0,40.0,17.09,0.0,55.34,13.49,2.0,3.519,-1.0,1.398,2.2,4903
2015-12-24 18:01:00,0.0,0.0,0.0,0.0,0.0,0.0,2.0,289769.0,32.0,0.0,75.59999999999998,59.5,60.0,-0.1,9462.0,1373.0,1379.0,298603.0,-0.0759999999999999,-0.057,0.0899999999999999,-0.922,0.032,0.0819999999999999,1.0,0.758,272.4,274.6,276.4,275.8,0.818,275.0,0.7909999999999999,275.8,0.8359999999999999,274.0,0.004,13.66,2.0,3.0,0.0,21.21,0.0,-1.433,0.0,-0.022,-0.019,-0.017,-0.016,-0.003,-0.019,-0.021,-0.012,0.495,-0.0139999999999999,-0.27,0.2789999999999999,0.0,17.22,17.48,17.17,55.96,17.1,16.97,17.46,0.001,0.0,0.001,0.0,10.0,10.0,10.0,8.0,0.0,0.0,0.0,0.0,0.0,6.495,7.0,0.0,0.0,0.0,0.0,0.0,0.0,59.97,6000.0,-1.25,-0.2,2.0,0.0,0.2,0.2,-0.0379999999999999,17.3,17.13,17.0,17.24,17.43,17.5,16.82,17.2,17.28,17.35,17.06,17.29,19.14,18.88,32.0,32.0,40.0,17.01,0.0,90.2,41.64,2.0,3.519,-1.0,0.7319999999999999,1.4,4903
2015-12-24 18:02:00,0.0,0.0,0.0,0.0,0.0,0.0,2.0,289769.0,32.0,0.0,75.59999999999998,59.5,60.0,-0.1,9462.0,1373.0,1379.0,298603.0,-0.0759999999999999,-0.0299999999999999,0.08,-0.922,0.032,0.0819999999999999,1.0,0.747,272.8,274.9,276.8,276.0,0.818,275.0,0.7909999999999999,276.0,0.8359999999999999,274.0,0.003,13.66,2.0,3.0,0.0,21.2,0.0,-1.7,0.0,-0.022,-0.02,-0.018,-0.018,-0.003,-0.019,-0.022,-0.0139999999999999,0.4929999999999999,-0.0139999999999999,-0.272,0.2789999999999999,0.0,17.14,17.39,17.17,238.7,16.99,16.89,17.46,0.001,0.0,0.0,0.0,10.0,10.0,10.0,8.0,0.0,0.0,0.0,0.0,0.0,6.644,7.0,0.0,0.0,0.0,0.0,0.0,0.0,59.97,6000.0,-1.45,-0.2,2.0,0.0,0.2,0.2,-0.0379999999999999,17.27,17.1,16.94,17.18,17.42,17.47,16.77,17.12,17.21,17.29,17.0,17.24,19.03,18.88,32.0,32.0,40.0,16.95,0.0,53.41,47.31,2.0,3.519,-1.0,0.92,2.6,4903
2015-12-24 18:03:00,0.0,0.0,0.0,0.0,0.0,0.0,2.0,289769.0,32.0,0.0,75.59999999999998,59.5,60.0,-0.1,9462.0,1373.0,1379.0,298603.0,-0.0759999999999999,-0.0429999999999999,0.0899999999999999,-0.922,0.032,0.0819999999999999,1.0,0.753,273.0,275.0,277.0,276.0,0.818,275.0,0.7909999999999999,276.0,0.8359999999999999,274.0,0.003,13.66,2.0,3.0,0.0,21.18,0.0,-1.7,0.0,-0.023,-0.02,-0.018,-0.018,-0.003,-0.02,-0.022,-0.012,0.496,-0.0139999999999999,-0.2819999999999999,0.28,0.0,17.09,17.35,17.08,94.7,16.95,16.81,17.37,0.001,-0.001,0.0,0.0,10.0,10.0,10.0,8.0,0.0,0.0,0.0,0.0,0.0,6.747999999999999,7.0,0.0,0.0,0.0,0.0,0.0,0.0,59.97,6000.0,-1.383,-0.2,2.0,0.0,0.2,0.2,-0.0379999999999999,17.24,17.05,16.9,17.15,17.35,17.45,16.73,17.07,17.18,17.25,16.94,17.19,19.0,18.8,32.0,32.0,40.0,16.9,0.0,61.77,26.34,2.0,3.519,-1.0,1.012,1.7,4903
2015-12-24 18:04:00,0.0,0.0,0.0,0.0,0.0,0.0,2.0,289769.0,32.0,0.0,75.59999999999998,59.5,60.0,-0.1,9462.0,1373.0,1379.0,298603.0,-0.0759999999999999,-0.0379999999999999,0.093,-0.922,0.032,0.083,1.0,0.763,273.0,275.0,277.0,276.0,0.818,275.0,0.7909999999999999,276.0,0.8359999999999999,274.0,0.003,13.66,2.0,3.0,0.0,21.18,0.0,-1.6669999999999998,0.0,-0.023,-0.02,-0.018,-0.018,-0.003,-0.02,-0.022,-0.01,0.497,-0.0139999999999999,-0.2789999999999999,0.28,0.0,17.07,17.35,17.05,99.8,16.98,16.8,17.37,0.0,-0.001,0.001,0.0,10.0,10.0,10.0,8.0,0.0,0.0,0.0,0.0,0.0,6.812,7.0,0.0,0.0,0.0,0.0,0.0,0.0,59.98,6000.0,-1.3330000000000002,-0.2,2.0,0.0,0.2,0.2,-0.0379999999999999,17.21,17.02,16.86,17.12,17.32,17.44,16.71,17.04,17.15,17.22,16.92,17.15,18.98,18.77,32.0,32.0,40.0,16.86,0.0,53.45,30.41,2.0,3.518,-1.0,0.97,1.5,4903
2015-12-24 18:05:00,0.0,0.0,0.0,0.0,0.0,0.0,2.0,289769.0,32.0,0.0,75.59999999999998,59.5,60.0,-0.1,9462.0,1373.0,1379.0,298603.0,-0.0759999999999999,-0.057,0.088,-0.922,0.032,0.0819999999999999,1.0,0.76,273.1,275.0,277.0,276.1,0.818,275.0,0.7909999999999999,276.0,0.8359999999999999,274.1,-0.017,13.4,2.0,1.0,0.0,21.15,0.0,-1.85,0.0,-0.023,-0.02,-0.018,-0.018,-0.003,-0.019,-0.022,0.245,0.702,-0.0139999999999999,-0.026,0.2789999999999999,0.001,17.06,17.28,17.0,61.83,16.89,16.78,17.37,0.0,0.0,0.0,0.0,10.0,10.0,10.0,8.0,0.0,0.0,0.0,0.0,0.0,6.985,7.0,0.0,0.0,0.0,0.0,0.0,0.0,59.97,6000.0,-1.517,-0.2,2.0,0.0,0.2,0.2,-0.0379999999999999,17.19,16.99,16.83,17.09,17.28,17.39,16.67,17.01,17.13,17.2,16.89,17.12,18.97,18.81,32.0,32.0,40.0,16.83,0.0,88.5,49.1,2.0,3.519,-1.0,0.6019999999999999,1.1,4903
2015-12-24 18:06:00,0.0,0.0,0.0,0.0,0.0,0.0,2.0,289769.0,32.0,0.0,75.59999999999998,59.5,60.0,-0.1019999999999999,9462.0,1373.0,1379.0,298603.0,-0.0759999999999999,-0.04,0.0899999999999999,-0.922,0.032,0.083,1.0,0.763,273.0,275.0,277.0,276.8,0.818,275.2,0.7909999999999999,276.0,0.8359999999999999,274.7,0.022,13.4,2.0,3.0,0.0,21.14,0.0,-1.617,0.0,-0.022,-0.02,-0.018,-0.018,-0.003,-0.019,-0.022,-0.0069999999999999,0.5,-0.0139999999999999,-0.272,0.28,0.001,17.01,17.27,17.0,278.8,16.91,16.73,17.37,0.001,-0.001,0.0,0.0,10.0,10.0,10.0,8.0,0.0,0.0,0.0,0.0,0.0,7.056,7.017,0.0,0.0,0.0,0.0,0.0,0.0,59.99,6000.0,-1.4,-0.2,2.0,0.0,0.2,0.2,-0.0379999999999999,17.17,16.97,16.81,17.08,17.28,17.38,16.67,16.98,17.1,17.18,16.86,17.1,18.91,18.77,32.0,32.0,40.0,16.81,0.0,74.75,54.99,2.0,3.518,-1.0,0.698,1.2,4903
2015-12-24 18:07:00,0.0,0.0,0.0,0.0,0.0,0.0,2.0,289769.0,32.0,0.0,75.59999999999998,59.5,60.0,-0.1,9462.0,1373.0,1379.0,298603.0,-0.0759999999999999,-0.035,0.093,-0.922,0.032,0.0819999999999999,1.0,0.765,273.0,275.0,277.0,276.4,0.818,275.0,0.7909999999999999,276.0,0.8359999999999999,274.5,0.004,13.66,2.0,3.0,0.0,21.12,0.0,-1.233,0.0,-0.022,-0.02,-0.018,-0.018,-0.003,-0.019,-0.022,-0.0069999999999999,0.501,-0.0139999999999999,-0.2689999999999999,0.2789999999999999,0.0,16.98,17.27,16.97,-1.082,16.89,16.71,17.46,0.0,0.0,0.0,0.0,10.0,10.0,10.0,8.0,0.0,0.0,0.0,0.0,0.0,7.276,7.567,0.0,0.0,0.0,0.0,0.0,0.0,59.99,6000.0,-1.167,-0.2,2.0,0.0,0.2,0.2,-0.0379999999999999,17.16,16.96,16.79,17.07,17.27,17.37,16.65,16.96,17.08,17.16,16.84,17.09,18.88,18.76,32.0,32.0,40.0,16.79,0.0,90.3,68.16,2.0,3.517,-1.0,0.502,1.0,4903
2015-12-24 18:08:00,0.0,0.0,0.0,0.0,0.0,0.0,2.0,289769.0,32.0,0.0,75.59999999999998,59.5,60.0,-0.1,9462.0,1373.0,1379.0,298603.0,-0.0759999999999999,-0.042,0.0899999999999999,-0.923,0.032,0.0819999999999999,1.0,0.778,273.0,275.0,277.0,276.2,0.818,275.0,0.7909999999999999,276.0,0.8359999999999999,274.2,0.004,13.66,2.0,3.0,0.0,21.11,0.0,-1.25,0.0,-0.022,-0.02,-0.017,-0.017,-0.003,-0.019,-0.022,-0.006,0.502,-0.0139999999999999,-0.2789999999999999,0.2789999999999999,0.0,16.98,17.27,16.97,105.1,16.82,16.72,17.46,0.0,-0.001,0.001,-0.001,10.0,10.0,10.0,8.0,0.0,0.0,0.0,0.0,0.0,7.421,8.0,0.0,0.0,0.0,0.0,0.0,0.0,59.99,6000.0,-1.233,-0.2,2.0,0.0,0.2,0.2,-0.0379999999999999,17.14,16.94,16.78,17.05,17.27,17.34,16.64,16.94,17.06,17.14,16.82,17.07,18.86,18.72,32.0,32.0,40.0,16.8,0.0,166.8,48.06,2.0,3.517,-1.0,0.352,0.6999999999999998,4903
2015-12-24 18:09:00,0.0,0.0,0.0,0.0,0.0,0.0,2.0,289769.0,32.0,0.0,75.59999999999998,59.5,60.0,-0.1019999999999999,9462.0,1373.0,1379.0,298603.0,-0.0759999999999999,-0.027,0.088,-0.923,0.032,0.0819999999999999,1.0,0.775,272.7,275.0,277.0,276.0,0.818,275.0,0.7909999999999999,276.0,0.8359999999999999,274.0,0.003,13.66,2.0,3.0,0.0,21.1,0.0,-1.3,0.0,-0.021,-0.02,-0.017,-0.017,-0.003,-0.018,-0.021,-0.005,0.503,-0.0139999999999999,-0.275,0.2789999999999999,0.0,16.98,17.27,17.01,81.09999999999998,16.8,16.7,17.46,0.0,-0.001,0.0,0.0,10.0,10.0,10.0,8.0,0.0,0.0,0.0,0.0,0.0,7.557,8.0,0.0,0.0,0.0,0.0,0.0,0.0,59.98,6000.0,-1.283,-0.2,2.0,0.0,0.2,0.2,-0.0379999999999999,17.15,16.93,16.77,17.05,17.24,17.39,16.64,16.94,17.05,17.15,16.83,17.07,18.82,18.73,32.0,32.0,39.83,16.77,0.0,14.16,58.9,2.0,3.519,-1.0,0.5929999999999999,1.6,4903
2015-12-24 18:10:00,0.0,0.0,0.0,0.0,0.0,0.0,2.0,289769.0,32.0,0.0,75.59999999999998,59.5,60.0,-0.103,9462.0,1373.0,1379.0,298603.0,-0.0759999999999999,-0.0429999999999999,0.0969999999999999,-0.922,0.032,0.0819999999999999,1.0,0.7829999999999999,272.9,275.0,277.0,276.0,0.818,275.0,0.7909999999999999,276.0,0.8359999999999999,274.0,0.003,13.66,2.0,3.0,0.0,21.07,0.0,-1.217,0.0,-0.021,-0.02,-0.017,-0.017,-0.003,-0.017,-0.021,-0.004,0.503,-0.0139999999999999,-0.273,0.2789999999999999,0.0,16.98,17.27,16.97,44.72,16.81,16.71,17.51,0.001,-0.001,0.001,0.0,10.0,10.0,10.0,8.0,0.0,0.0,0.0,0.0,0.0,7.697,8.0,0.0,0.0,0.0,0.0,0.0,0.0,59.96,6000.0,-1.15,-0.2,2.0,0.0,0.2,0.2,-0.0379999999999999,17.14,16.93,16.77,17.05,17.24,17.36,16.64,16.95,17.07,17.15,16.82,17.06,18.81,18.72,32.0,32.0,39.25,16.78,0.0,70.4,19.83,2.0,3.519,-1.0,0.975,1.7,4903
2015-12-24 18:11:00,0.0,0.0,0.0,0.0,0.0,0.0,2.0,289769.0,32.0,0.0,75.59999999999998,59.5,60.0,-0.1019999999999999,9462.0,1373.0,1379.0,298603.0,-0.0759999999999999,-0.04,0.083,-0.922,0.032,0.0819999999999999,1.0,0.772,272.8,275.0,276.9,276.0,0.818,275.0,0.7909999999999999,276.0,0.8359999999999999,274.0,0.005,13.45,2.0,1.0,0.0,21.07,0.0,-1.7,0.0,-0.021,-0.02,-0.016,-0.016,-0.001,-0.017,-0.02,0.3029999999999999,0.779,-0.0139999999999999,0.0299999999999999,0.2789999999999999,0.001,16.98,17.27,16.99,368.0,16.8,16.67,17.56,0.001,0.0,0.0,0.0,10.0,10.0,10.0,8.0,0.0,0.0,0.0,0.0,0.0,7.798999999999999,8.0,0.0,0.0,0.0,0.0,0.0,0.0,59.95,6000.0,-1.317,-0.2,2.0,0.0,0.2,0.2,-0.0379999999999999,17.15,16.93,16.77,17.04,17.23,17.36,16.63,16.95,17.06,17.17,16.82,17.07,18.86,18.68,32.0,32.0,39.73,16.79,0.0,45.18,18.0,2.0,3.519,-1.0,0.978,2.0,4903
2015-12-24 18:12:00,0.0,0.0,0.0,0.0,0.0,0.0,2.0,289769.0,32.0,0.0,75.59999999999998,59.5,60.0,-0.1019999999999999,9462.0,1373.0,1379.0,298603.0,-0.0759999999999999,-0.0379999999999999,0.083,-0.923,0.032,0.0819999999999999,1.0,0.77,272.8,274.8,276.8,276.0,0.818,275.0,0.7909999999999999,275.8,0.8359999999999999,274.0,0.004,13.66,2.0,3.0,0.0,21.05,0.0,-1.85,0.0,-0.02,-0.018,-0.016,-0.016,0.0,-0.016,-0.02,-0.003,0.505,-0.0139999999999999,-0.2819999999999999,0.2789999999999999,0.0,16.98,17.27,16.97,-22.43,16.8,16.71,17.56,0.001,-0.001,0.0,0.0,10.0,10.0,10.0,8.0,0.0,0.0,0.0,0.0,0.0,7.782,8.0,0.0,0.0,0.0,0.0,0.0,0.0,59.96,6000.0,-1.483,-0.2,2.0,0.0,0.2,0.2,-0.0379999999999999,17.15,16.93,16.77,17.04,17.24,17.39,16.63,16.94,17.06,17.16,16.82,17.07,18.9,18.71,32.0,32.0,39.75,16.79,0.0,114.1,74.83,2.0,3.519,-1.0,0.8469999999999999,2.5,4903
2015-12-24 18:13:00,0.0,0.0,0.0,0.0,0.0,0.0,2.0,289769.0,32.0,0.0,75.59999999999998,59.5,60.0,-0.103,9462.0,1373.0,1379.0,298603.0,-0.0759999999999999,-0.0449999999999999,0.088,-0.923,0.032,0.0819999999999999,1.0,0.758,272.9,275.0,276.9,276.0,0.818,275.0,0.7909999999999999,276.0,0.8359999999999999,274.0,0.003,13.66,2.0,3.0,0.0,21.03,0.0,-1.75,0.0,-0.02,-0.017,-0.0149999999999999,-0.016,0.0,-0.016,-0.02,-0.003,0.505,-0.0139999999999999,-0.2819999999999999,0.2789999999999999,0.0,16.98,17.27,16.89,-11.67,16.79,16.68,17.64,0.001,-0.001,0.001,-0.001,10.0,10.0,10.0,8.0,0.0,0.0,0.0,0.0,0.0,7.506,7.867000000000002,0.0,0.0,0.0,0.0,0.0,0.0,59.96,6000.0,-1.4169999999999998,-0.2,2.0,0.0,0.2,0.2,-0.0379999999999999,17.15,16.92,16.76,17.04,17.23,17.37,16.62,16.93,17.04,17.15,16.8,17.05,18.95,18.75,32.0,32.0,39.12,16.82,0.0,72.79,14.98,2.0,3.521,-1.0,1.413,2.4,4903
2015-12-24 18:14:00,0.0,0.0,0.0,0.0,0.0,0.0,2.0,289769.0,32.0,0.0,75.59999999999998,59.5,60.0,-0.1,9462.0,1373.0,1379.0,298603.0,-0.0759999999999999,-0.037,0.0819999999999999,-0.923,0.032,0.0819999999999999,1.0,0.763,272.8,275.0,276.9,276.0,0.818,275.0,0.7909999999999999,276.0,0.8359999999999999,274.0,0.003,13.66,2.0,3.0,0.0,21.02,0.0,-1.733,0.0,-0.019,-0.017,-0.016,-0.016,0.0,-0.016,-0.02,-0.002,0.505,-0.0139999999999999,-0.2789999999999999,0.2789999999999999,0.0,16.9,17.24,16.93,29.54,16.8,16.68,17.66,0.0,-0.001,0.0,0.0,10.0,10.0,10.0,8.0,0.0,0.0,0.0,0.0,0.0,7.102,7.167000000000001,0.0,0.0,0.0,0.0,0.0,0.0,59.97,6000.0,-1.483,-0.2,2.0,0.0,0.2,0.2,-0.0379999999999999,17.15,16.9,16.74,17.02,17.2,17.38,16.61,16.92,17.01,17.14,16.79,17.04,18.97,18.81,32.0,32.0,39.0,16.82,0.0,53.36,35.58,2.0,3.519,-1.0,0.7269999999999999,1.7,4903
2015-12-24 18:15:00,0.0,0.0,0.0,0.0,0.0,0.0,2.0,289769.0,32.0,0.0,75.59999999999998,59.5,60.0,-0.105,9462.0,1373.0,1379.0,298603.0,-0.0759999999999999,-0.05,0.078,-0.923,0.032,0.0819999999999999,1.0,0.765,272.6,274.8,276.7,276.0,0.818,275.0,0.7909999999999999,275.8,0.8359999999999999,274.0,0.003,13.66,2.0,3.0,0.0,21.01,0.0,-1.7,0.0,-0.019,-0.017,-0.016,-0.017,0.0,-0.016,-0.021,-0.002,0.506,-0.0139999999999999,-0.2769999999999999,0.2789999999999999,0.0,16.88,17.17,16.93,-63.85,16.82,16.58,17.66,0.0,-0.001,0.001,-0.001,10.0,10.0,10.0,8.0,0.0,0.0,0.0,0.0,0.0,6.672999999999999,7.0,0.0,0.0,0.0,0.0,0.0,0.0,59.97,6000.0,-1.4,-0.2,2.0,0.0,0.2,0.2,-0.0379999999999999,17.13,16.87,16.71,16.99,17.17,17.4,16.58,16.88,16.99,17.11,16.76,17.01,18.92,18.77,32.0,32.0,39.18,16.81,0.0,71.92,54.94,2.0,3.519,-1.0,0.5329999999999999,1.1,4903
2015-12-24 18:16:00,0.0,0.0,0.0,0.0,0.0,0.0,2.0,289769.0,32.0,0.0,75.59999999999998,59.5,60.0,-0.1019999999999999,9462.0,1373.0,1379.0,298603.0,-0.0759999999999999,-0.0449999999999999,0.0899999999999999,-0.923,0.032,0.0819999999999999,1.0,0.772,272.4,275.0,276.8,276.0,0.818,275.0,0.7909999999999999,276.0,0.8359999999999999,274.0,-0.004,13.46,2.0,1.0,0.0,20.99,0.0,-1.767,0.0,-0.02,-0.019,-0.016,-0.017,-0.002,-0.017,-0.021,0.223,0.677,-0.0139999999999999,-0.057,0.2789999999999999,0.0,16.88,17.15,16.86,95.9,16.71,16.6,17.59,0.001,0.0,0.0,0.0,10.0,10.0,10.0,8.0,0.0,0.0,0.0,0.0,0.0,6.343,6.9670000000000005,0.0,0.0,0.0,0.0,0.0,0.0,59.97,6000.0,-1.483,-0.2,2.0,0.0,0.2,0.2,-0.0379999999999999,17.12,16.83,16.67,16.96,17.16,17.42,16.55,16.85,16.95,17.07,16.73,16.97,18.88,18.73,31.48,32.0,39.87,16.78,0.0,63.79,37.72,2.0,3.519,-1.0,0.5529999999999999,1.1,4903
2015-12-24 18:17:00,0.0,0.0,0.0,0.0,0.0,0.0,2.0,289769.0,32.0,0.0,75.59999999999998,59.5,60.0,-0.1,9462.0,1373.0,1379.0,298603.0,-0.0759999999999999,-0.035,0.0899999999999999,-0.924,0.031,0.0819999999999999,1.0,0.755,272.8,275.0,276.9,276.0,0.818,275.0,0.7909999999999999,276.0,0.8359999999999999,274.0,0.011,13.46,2.0,3.0,0.0,20.94,0.0,-1.75,0.0,-0.022,-0.02,-0.017,-0.017,-0.003,-0.017,-0.021,0.011,0.515,-0.0139999999999999,-0.272,0.281,0.0,16.85,17.1,16.83,108.1,16.69,16.52,17.56,0.001,-0.001,0.001,0.0,10.0,10.0,10.0,8.0,0.0,0.0,0.0,0.0,0.0,6.132000000000001,6.332999999999999,0.0,0.0,0.0,0.0,0.0,0.0,59.97,6000.0,-1.517,-0.2,2.0,0.0,0.2,0.2,-0.0379999999999999,17.08,16.78,16.62,16.91,17.11,17.4,16.5,16.79,16.9,17.01,16.67,16.92,18.84,18.72,31.3,32.0,39.57,16.73,0.0,58.23,41.75,2.0,3.518,-1.0,0.7099999999999999,1.6,4903
2015-12-24 18:18:00,0.0,0.0,0.0,0.0,0.0,0.0,2.0,289769.0,32.0,0.0,75.59999999999998,59.5,60.0,-0.1,9462.0,1373.0,1379.0,298603.0,-0.0759999999999999,-0.042,0.078,-0.924,0.031,0.0819999999999999,1.0,0.78,272.5,275.0,276.9,276.0,0.818,275.0,0.7909999999999999,276.0,0.8359999999999999,274.0,0.004,13.66,2.0,3.0,0.0,20.93,0.0,-1.8,0.0,-0.022,-0.02,-0.018,-0.018,-0.003,-0.018,-0.023,-0.001,0.506,-0.0139999999999999,-0.3019999999999999,0.2789999999999999,0.0,16.78,17.07,16.75,71.56,16.62,16.49,17.53,0.001,0.0,0.0,0.0,10.0,10.0,10.0,8.0,0.0,0.0,0.0,0.0,0.0,5.945,6.067,0.0,0.0,0.0,0.0,0.0,0.0,59.96,6000.0,-1.45,-0.2,2.0,0.0,0.2,0.2,-0.0379999999999999,17.08,16.73,16.57,16.86,17.13,17.35,16.44,16.73,16.85,16.95,16.61,16.87,18.87,18.76,31.67,32.0,39.12,16.69,0.0,33.32,13.16,2.0,3.519,-1.0,1.22,2.1,4903
2015-12-24 18:19:00,0.0,0.0,0.0,0.0,0.0,0.0,2.0,289769.0,32.0,0.0,75.59999999999998,59.5,60.0,-0.1019999999999999,9462.0,1373.0,1379.0,298603.0,-0.0759999999999999,-0.037,0.0869999999999999,-0.923,0.032,0.0819999999999999,1.0,0.792,272.3,274.8,276.8,276.0,0.818,275.0,0.7909999999999999,276.0,0.8359999999999999,274.0,0.003,13.66,2.0,3.0,0.0,20.91,0.0,-1.367,0.0,-0.023,-0.02,-0.018,-0.018,-0.003,-0.019,-0.023,-0.001,0.507,-0.016,-0.2949999999999999,0.2789999999999999,0.0,16.7,17.01,16.64,19.11,16.55,16.41,17.46,0.0,-0.001,0.0,0.0,10.0,10.0,10.0,8.0,0.0,0.0,0.0,0.0,0.0,5.938,6.0,0.0,0.0,0.0,0.0,0.0,0.0,59.96,6000.0,-1.217,-0.2,2.0,0.0,0.2,0.2,-0.0379999999999999,17.04,16.68,16.51,16.81,17.13,17.33,16.38,16.67,16.79,16.88,16.54,16.81,18.92,18.75,31.58,32.0,39.0,16.65,0.0,67.15,31.4,2.0,3.521,-1.0,0.92,2.0,4903
2015-12-24 18:20:00,0.0,0.0,0.0,0.0,0.0,0.0,2.0,289769.0,32.0,0.0,75.59999999999998,59.5,60.0,-0.1019999999999999,9462.0,1373.0,1379.0,298603.0,-0.0759999999999999,-0.025,0.0899999999999999,-0.923,0.032,0.0819999999999999,1.0,0.807,272.2,274.9,276.9,276.0,0.818,275.0,0.7909999999999999,276.0,0.8359999999999999,274.0,0.003,13.66,2.0,3.0,0.0,20.9,0.0,-1.95,0.0,-0.024,-0.023,-0.019,-0.019,-0.004,-0.02,-0.024,-0.001,0.507,-0.017,-0.2929999999999999,0.2789999999999999,0.0,16.65,16.89,16.64,21.3,16.48,16.31,17.4,0.001,-0.001,0.0,-0.001,10.0,10.0,10.0,8.0,0.0,0.0,0.0,0.0,0.0,5.938,6.0,0.0,0.0,0.0,0.0,0.0,0.0,59.95,6000.0,-1.483,-0.2,2.0,0.0,0.2,0.2,-0.0379999999999999,16.98,16.61,16.45,16.75,17.04,17.29,16.33,16.59,16.72,16.8,16.47,16.74,18.92,18.77,31.0,32.0,39.0,16.56,0.0,82.59999999999998,30.15,2.0,3.519,-1.0,0.7319999999999999,1.1,4903
2015-12-24 18:21:00,0.0,0.0,0.0,0.0,0.0,0.0,2.0,289769.0,32.0,0.0,75.59999999999998,59.5,60.0,-0.1,9462.0,1373.0,1379.0,298603.0,-0.0759999999999999,-0.055,0.08,-0.923,0.032,0.0819999999999999,1.0,0.8,272.8,275.0,277.0,276.0,0.818,275.0,0.7909999999999999,276.0,0.8359999999999999,274.0,0.003,13.66,2.0,3.0,0.0,20.88,0.0,-1.85,0.0,-0.025,-0.024,-0.02,-0.02,-0.004,-0.02,-0.024,-0.001,0.507,-0.017,-0.278,0.2789999999999999,0.0,16.59,16.88,16.5,-26.36,16.42,16.29,17.37,0.001,-0.001,0.001,0.0,10.0,10.0,10.0,8.0,0.0,0.0,0.0,0.0,0.0,5.882000000000001,6.0,0.0,0.0,0.0,0.0,0.0,0.0,59.96,6000.0,-1.483,-0.2,2.0,0.0,0.2,0.2,-0.0379999999999999,16.97,16.56,16.38,16.7,16.99,17.27,16.28,16.51,16.67,16.74,16.39,16.68,18.93,18.78,31.0,32.0,39.0,16.52,0.0,22.7,20.51,2.0,3.519,-1.0,1.355,2.1,4903
2015-12-24 18:22:00,0.0,0.0,0.0,0.0,0.0,0.0,2.0,289769.0,32.0,0.0,75.59999999999998,59.5,60.0,-0.1,9462.0,1373.0,1379.0,298603.0,-0.0759999999999999,-0.0429999999999999,0.0769999999999999,-0.923,0.032,0.0819999999999999,1.0,0.772,272.6,275.0,276.9,276.0,0.818,275.0,0.7909999999999999,276.0,0.8359999999999999,274.0,0.003,13.54,2.0,1.0,0.0,20.87,0.0,-1.833,0.0,-0.025,-0.024,-0.019,-0.02,-0.006,-0.021,-0.025,0.107,0.7709999999999999,-0.017,-0.1969999999999999,0.2789999999999999,0.001,16.49,16.8,16.39,-1.211,16.31,16.24,17.29,0.001,-0.001,0.001,0.0,10.0,10.0,10.0,8.0,0.0,0.0,0.0,0.0,0.0,5.759,6.0,0.0,0.0,0.0,0.0,0.0,0.0,59.97,6000.0,-1.5,-0.2,2.0,0.0,0.2,0.2,-0.0379999999999999,16.91,16.5,16.32,16.64,16.91,17.2,16.21,16.46,16.61,16.7,16.33,16.62,19.0,18.77,31.0,32.0,39.0,16.46,0.0,37.69,15.64,2.0,3.519,-1.0,0.8299999999999998,1.8,4903
2015-12-24 18:23:00,0.0,0.0,0.0,0.0,0.0,0.0,2.0,289769.0,32.0,0.0,75.59999999999998,59.5,60.0,-0.1,9462.0,1373.0,1379.0,298603.0,-0.0759999999999999,-0.04,0.0919999999999999,-0.923,0.032,0.0819999999999999,1.0,0.773,272.8,275.0,277.0,276.0,0.818,275.0,0.7909999999999999,276.0,0.8359999999999999,274.0,0.004,13.66,2.0,3.0,0.0,20.85,0.0,-1.2,0.0,-0.026,-0.027,-0.021,-0.021,-0.0069999999999999,-0.022,-0.026,-0.001,0.507,-0.02,-0.3029999999999999,0.2789999999999999,0.0,16.49,16.78,16.4,106.5,16.29,16.13,17.24,0.001,0.0,0.001,0.0,10.0,10.0,10.0,8.0,0.0,0.0,0.0,0.0,0.0,5.815,6.0,0.0,0.0,0.0,0.0,0.0,0.0,59.96,6000.0,-1.117,-0.2,2.0,0.0,0.2,0.2,-0.0379999999999999,16.84,16.45,16.27,16.58,16.88,17.17,16.15,16.38,16.53,16.63,16.26,16.56,19.06,18.87,31.0,32.0,39.0,16.41,0.0,60.63,16.95,2.0,3.519,-1.0,0.8649999999999999,1.4,4903
2015-12-24 18:24:00,0.0,0.0,0.0,0.0,0.0,0.0,2.0,289769.0,32.0,0.0,75.59999999999998,59.5,60.0,-0.103,9462.0,1373.0,1379.0,298603.0,-0.0759999999999999,-0.048,0.0969999999999999,-0.923,0.032,0.0819999999999999,1.0,0.762,272.7,275.0,276.9,276.0,0.818,275.0,0.7909999999999999,276.0,0.8359999999999999,274.0,0.003,13.66,2.0,3.0,0.0,20.83,0.0,-1.5830000000000002,0.0,-0.026,-0.027,-0.022,-0.023,-0.0069999999999999,-0.021,-0.027,0.0,0.507,-0.02,-0.2989999999999999,0.2789999999999999,0.0,16.39,16.7,16.34,119.9,16.26,16.12,17.17,0.001,0.0,0.0,-0.001,10.0,10.0,10.0,8.0,0.0,0.0,0.0,0.0,0.0,5.667999999999999,6.0,0.0,0.0,0.0,0.0,0.0,0.0,59.96,6000.0,-1.3,-0.2,2.0,0.0,0.2,0.2,-0.0379999999999999,16.8,16.4,16.21,16.54,16.86,17.13,16.11,16.31,16.47,16.56,16.19,16.5,19.06,18.93,31.0,32.0,39.0,16.38,0.0,37.23,19.07,2.0,3.521,-1.0,0.7399999999999999,1.3,4903
2015-12-24 18:25:00,0.0,0.0,0.0,0.0,0.0,0.0,2.0,289769.0,32.0,0.0,75.59999999999998,59.5,60.0,-0.1,9462.0,1373.0,1379.0,298603.0,-0.0759999999999999,-0.0429999999999999,0.078,-0.923,0.032,0.0819999999999999,1.0,0.755,273.0,275.0,277.0,276.0,0.818,275.0,0.7909999999999999,276.0,0.8359999999999999,274.0,0.003,13.66,2.0,3.0,0.0,20.82,0.0,-1.783,0.0,-0.026,-0.027,-0.021,-0.023,-0.0069999999999999,-0.022,-0.027,0.0,0.507,-0.02,-0.309,0.2789999999999999,0.0,16.33,16.69,16.32,84.79999999999998,16.16,16.1,17.11,0.001,0.0,0.001,-0.001,10.0,10.0,10.0,8.0,0.0,0.0,0.0,0.0,0.0,5.727,6.0,0.0,0.0,0.0,0.0,0.0,0.0,59.95,6000.0,-1.4169999999999998,-0.2,2.0,0.0,0.2,0.2,-0.0379999999999999,16.79,16.35,16.16,16.5,16.84,17.13,16.07,16.26,16.43,16.5,16.15,16.45,19.08,18.92,31.0,32.0,39.0,16.32,0.0,38.96,12.17,2.0,3.521,-1.0,1.18,1.9,4903
2015-12-24 18:26:00,0.0,0.0,0.0,0.0,0.0,0.0,2.0,289769.0,32.0,0.0,75.59999999999998,59.5,60.0,-0.1019999999999999,9462.0,1373.0,1379.0,298603.0,-0.0759999999999999,-0.0579999999999999,0.0819999999999999,-0.923,0.032,0.0819999999999999,1.0,0.7429999999999999,273.0,275.0,276.9,276.0,0.818,275.0,0.7909999999999999,276.0,0.8359999999999999,274.0,0.003,13.66,2.0,3.0,0.0,20.8,0.0,-1.683,0.0,-0.027,-0.027,-0.021,-0.022,-0.0069999999999999,-0.022,-0.026,0.0,0.507,-0.02,-0.3009999999999999,0.2789999999999999,0.0,16.28,16.61,16.3,-25.92,16.09,16.02,17.07,0.001,0.0,0.0,0.0,10.0,10.0,10.0,8.0,0.0,0.0,0.0,0.0,0.0,6.3870000000000005,6.867000000000001,0.0,0.0,0.0,0.0,0.0,0.0,59.94,6000.0,-1.3330000000000002,-0.2,2.0,0.0,0.2,0.2,-0.0379999999999999,16.76,16.31,16.13,16.47,16.85,17.1,16.04,16.22,16.4,16.46,16.1,16.41,19.09,18.85,31.0,32.0,39.0,16.27,0.0,46.1,23.8,2.0,3.519,-1.0,1.18,1.9,4903
2015-12-24 18:27:00,0.0,0.0,0.0,0.0,0.0,0.0,2.0,289769.0,32.0,0.0,75.59999999999998,59.5,60.0,-0.1019999999999999,9462.0,1373.0,1379.0,298603.0,-0.0759999999999999,-0.035,0.093,-0.923,0.032,0.0819999999999999,1.0,0.758,273.0,275.0,277.0,276.0,0.818,275.0,0.7909999999999999,276.0,0.8359999999999999,274.0,-0.004,13.46,2.0,1.0,0.0,20.78,0.0,-1.65,0.0,-0.0279999999999999,-0.027,-0.021,-0.022,-0.0069999999999999,-0.021,-0.026,0.218,0.685,-0.02,-0.106,0.2789999999999999,0.001,16.22,16.59,16.2,-59.03,16.08,15.95,17.04,0.0,0.0,0.001,0.0,10.0,10.0,10.0,8.0,0.0,0.0,0.0,0.0,0.0,6.9,7.0,0.0,0.0,0.0,0.0,0.0,0.0,59.96,6000.0,-1.483,-0.2,2.0,0.0,0.2,0.2,-0.0379999999999999,16.73,16.27,16.09,16.43,16.76,17.1,16.01,16.17,16.36,16.43,16.05,16.37,19.12,18.87,31.0,32.0,39.0,16.21,0.0,44.12,12.26,2.0,3.519,-1.0,1.133,1.6,4903
2015-12-24 18:28:00,0.0,0.0,0.0,0.0,0.0,0.0,2.0,289769.0,32.0,0.0,75.59999999999998,59.5,60.0,-0.103,9462.0,1373.0,1379.0,298603.0,-0.0759999999999999,-0.037,0.088,-0.923,0.032,0.0819999999999999,1.0,0.767,273.0,275.0,277.0,276.0,0.818,275.0,0.7909999999999999,276.0,0.8359999999999999,274.0,0.01,13.46,2.0,3.0,0.0,20.77,0.0,-1.7,0.0,-0.0279999999999999,-0.027,-0.021,-0.022,-0.0069999999999999,-0.021,-0.026,-0.004,0.507,-0.02,-0.318,0.28,0.001,16.15,16.52,16.2,-1.568,16.05,15.97,17.06,0.001,-0.001,0.001,0.0,10.0,10.0,10.0,8.0,0.0,0.0,0.0,0.0,0.0,6.553,7.0,0.0,0.0,0.0,0.0,0.0,0.0,59.97,6000.0,-1.3330000000000002,-0.2,2.0,0.0,0.2,0.2,-0.0379999999999999,16.69,16.23,16.05,16.4,16.7,17.07,15.97,16.13,16.33,16.39,16.01,16.33,19.18,18.92,31.0,32.0,39.0,16.15,0.0,43.44,10.18,2.0,3.519,-1.0,1.02,1.6,4903
2015-12-24 18:29:00,0.0,0.0,0.0,0.0,0.0,0.0,2.0,289769.0,32.0,0.0,75.59999999999998,59.5,60.0,-0.1,9462.0,1373.0,1379.0,298603.0,-0.0759999999999999,-0.0449999999999999,0.0919999999999999,-0.923,0.032,0.0819999999999999,1.0,0.755,273.0,275.0,277.0,276.0,0.818,275.0,0.7909999999999999,276.0,0.8359999999999999,274.0,0.004,13.66,2.0,3.0,0.0,20.75,0.0,-1.85,0.0,-0.0279999999999999,-0.027,-0.022,-0.022,-0.0069999999999999,-0.021,-0.026,0.0,0.507,-0.02,-0.32,0.2789999999999999,0.0,16.12,16.49,16.13,39.29,16.02,15.91,16.98,0.001,0.0,0.0,0.0,10.0,10.0,10.0,8.0,0.0,0.0,0.0,0.0,0.0,6.63,7.0,0.0,0.0,0.0,0.0,0.0,0.0,59.97,6000.0,-1.45,-0.2,2.0,0.0,0.2,0.2,-0.0379999999999999,16.68,16.19,16.0,16.37,16.71,17.06,15.94,16.08,16.3,16.33,15.97,16.29,19.15,18.86,31.0,32.0,39.0,16.09,0.0,41.57,13.39,2.0,3.519,-1.0,0.91,1.5,4903
2015-12-24 18:30:00,0.0,0.0,0.0,0.0,0.0,0.0,2.0,289769.0,32.0,0.0,75.59999999999998,59.5,60.0,-0.1,9462.0,1373.0,1379.0,298603.0,-0.0759999999999999,-0.035,0.0899999999999999,-0.923,0.032,0.0819999999999999,1.0,0.7329999999999999,273.0,275.0,277.0,276.0,0.818,275.0,0.7909999999999999,276.0,0.8359999999999999,274.0,0.003,13.66,2.0,3.0,0.0,20.73,0.0,-1.6669999999999998,0.0,-0.0289999999999999,-0.027,-0.022,-0.022,-0.0069999999999999,-0.021,-0.025,0.0,0.507,-0.02,-0.32,0.2789999999999999,0.0,16.1,16.49,16.08,219.0,16.01,15.89,16.93,0.001,-0.001,0.0,0.0,10.0,10.0,10.0,8.0,0.0,0.0,0.0,0.0,0.0,6.834,7.0,0.0,0.0,0.0,0.0,0.0,0.0,59.96,6000.0,-1.367,-0.2,2.0,0.0,0.2,0.2,-0.0379999999999999,16.65,16.16,15.97,16.34,16.71,17.03,15.92,16.03,16.26,16.28,15.93,16.26,19.11,18.77,31.0,32.0,39.0,16.02,0.0,104.4,28.43,2.0,3.519,-1.0,0.4429999999999999,0.8,4903
2015-12-24 18:31:00,0.0,0.0,0.0,0.0,0.0,0.0,2.0,289769.0,32.0,0.0,75.59999999999998,59.5,60.0,-0.1,9462.0,1373.0,1379.0,298603.0,-0.0759999999999999,-0.042,0.093,-0.923,0.032,0.0819999999999999,1.0,0.765,273.0,275.0,277.0,276.0,0.818,275.0,0.7909999999999999,276.0,0.8359999999999999,274.0,0.003,13.66,2.0,3.0,0.0,20.72,0.0,-1.217,0.0,-0.0289999999999999,-0.027,-0.023,-0.023,-0.0069999999999999,-0.021,-0.025,0.0,0.507,-0.02,-0.317,0.2789999999999999,0.0,16.07,16.47,16.02,,15.91,15.81,16.88,0.001,0.0,0.0,0.0,10.0,10.0,10.0,8.0,0.0,0.0,0.0,0.0,0.0,7.1610000000000005,7.5,0.0,0.0,0.0,0.0,0.0,0.0,59.98,6000.0,-1.167,-0.2,2.0,0.0,0.2,0.2,-0.0379999999999999,16.58,16.1,15.93,16.3,16.61,17.0,15.89,15.98,16.18,16.25,15.88,16.21,19.07,18.72,31.0,32.0,39.0,15.99,0.0,81.5,21.98,2.0,3.518,-1.0,0.6029999999999999,0.9,4903
2015-12-24 18:32:00,0.0,0.0,0.0,0.0,0.0,0.0,2.0,289769.0,32.0,0.0,75.59999999999998,59.5,60.0,-0.1,9462.0,1373.0,1379.0,298603.0,-0.0759999999999999,-0.048,0.0819999999999999,-0.923,0.032,0.0819999999999999,1.0,0.752,273.0,275.0,277.0,276.0,0.818,275.0,0.7909999999999999,276.0,0.8359999999999999,274.0,0.003,13.66,2.0,3.0,0.0,20.7,0.0,-1.167,0.0,-0.0299999999999999,-0.027,-0.023,-0.024,-0.0069999999999999,-0.021,-0.026,0.0,0.507,-0.02,-0.336,0.2789999999999999,0.0,16.01,16.44,15.97,14.56,15.91,15.75,16.83,0.001,-0.001,0.0,0.0,10.0,10.0,10.0,8.0,0.0,0.0,0.0,0.0,0.0,6.519,7.05,0.0,0.0,0.0,0.0,0.0,0.0,59.97,6000.0,-1.1,-0.2,2.0,0.0,0.2,0.2,-0.0379999999999999,16.52,16.05,15.89,16.28,16.58,16.97,15.85,15.92,16.1,16.22,15.83,16.16,19.02,18.66,31.0,31.97,39.0,15.95,0.0,150.2,44.09,2.0,3.519,-1.0,0.268,0.5999999999999999,4903
2015-12-24 18:33:00,0.0,0.0,0.0,0.0,0.0,0.0,2.0,289769.0,32.0,0.0,75.59999999999998,59.5,60.0,-0.1,9462.0,1373.0,1379.0,298603.0,-0.0759999999999999,-0.033,0.098,-0.923,0.032,0.0819999999999999,1.0,0.748,273.0,275.0,277.0,276.1,0.818,275.0,0.7909999999999999,276.0,0.8359999999999999,274.0,0.002,13.47,2.0,1.0,0.0,20.68,0.0,-1.467,0.0,-0.0299999999999999,-0.027,-0.024,-0.026,-0.0069999999999999,-0.022,-0.0279999999999999,0.156,0.622,-0.02,-0.186,0.28,0.001,15.99,16.41,15.92,-48.83,15.81,15.71,16.8,0.001,0.0,0.0,0.0,10.0,10.0,10.0,8.0,0.0,0.0,0.0,0.0,0.0,6.819,7.232999999999999,0.0,0.0,0.0,0.0,0.0,0.0,59.96,6000.0,-1.2,-0.2,2.0,0.0,0.2,0.2,-0.0379999999999999,16.44,16.0,15.84,16.24,16.47,16.89,15.81,15.87,16.06,16.21,15.78,16.12,18.93,18.61,31.0,31.65,39.0,15.89,0.0,155.7,36.31,2.0,3.521,-1.0,0.315,0.5,4903
2015-12-24 18:34:00,0.0,0.0,0.0,0.0,0.0,0.0,2.0,289769.0,32.0,0.0,75.59999999999998,59.5,60.0,-0.1,9462.0,1373.0,1379.0,298603.0,-0.0759999999999999,-0.042,0.0899999999999999,-0.923,0.032,0.0819999999999999,1.0,0.767,273.0,275.0,277.0,276.2,0.818,275.0,0.7909999999999999,276.0,0.8359999999999999,274.2,0.005,13.66,2.0,3.0,0.0,20.66,0.0,-1.233,0.0,-0.0299999999999999,-0.027,-0.025,-0.0279999999999999,-0.0069999999999999,-0.023,-0.0299999999999999,0.0,0.508,-0.02,-0.3449999999999999,0.2789999999999999,0.0,15.97,16.39,15.91,-105.4,15.81,15.71,16.74,0.001,-0.001,0.001,0.0,10.0,10.0,10.0,8.0,0.0,0.0,0.0,0.0,0.0,6.732,7.0,0.0,0.0,0.0,0.0,0.0,0.0,59.97,6000.0,-1.167,-0.2,2.0,0.0,0.2,0.2,-0.0379999999999999,16.36,15.96,15.79,16.18,16.41,16.8,15.76,15.83,16.0,16.19,15.75,16.07,18.87,18.54,31.0,31.57,39.0,15.85,0.0,104.8,34.96,2.0,3.518,-1.0,0.38,0.5999999999999999,4903
2015-12-24 18:35:00,0.0,0.0,0.0,0.0,0.0,0.0,2.0,289769.0,32.0,0.0,75.59999999999998,59.5,60.0,-0.103,9462.0,1373.0,1379.0,298603.0,-0.0759999999999999,-0.027,0.085,-0.923,0.032,0.0819999999999999,1.0,0.747,273.0,275.0,277.0,276.4,0.818,275.0,0.7909999999999999,276.0,0.8359999999999999,274.4,0.003,13.66,2.0,3.0,0.0,20.65,0.0,-1.317,0.0,-0.0299999999999999,-0.027,-0.026,-0.0279999999999999,-0.009,-0.026,-0.032,0.0,0.508,-0.02,-0.351,0.2789999999999999,0.0,15.91,16.38,15.91,-41.1,15.76,15.71,16.69,0.001,-0.001,0.001,0.0,10.0,10.0,10.0,8.0,0.0,0.0,0.0,0.0,0.0,6.533,7.0,0.0,0.0,0.0,0.0,0.0,0.0,59.96,6000.0,-1.267,-0.2,2.0,0.0,0.2,0.2,-0.0379999999999999,16.28,15.93,15.74,16.13,16.36,16.71,15.69,15.77,15.93,16.15,15.7,16.02,18.78,18.54,31.0,31.12,39.0,15.79,0.0,74.45999999999998,19.44,2.0,3.518,-1.0,0.3449999999999999,0.6999999999999998,4903
2015-12-24 18:36:00,0.0,0.0,0.0,0.0,0.0,0.0,2.0,289769.0,32.0,0.0,75.59999999999998,59.5,60.0,-0.1,9462.0,1373.0,1379.0,298603.0,-0.0759999999999999,-0.0279999999999999,0.098,-0.923,0.032,0.0819999999999999,1.0,0.753,273.0,275.0,277.0,276.2,0.818,275.0,0.7909999999999999,276.0,0.8359999999999999,274.3,0.003,13.66,2.0,3.0,0.0,20.63,0.0,-1.233,0.0,-0.0299999999999999,-0.027,-0.026,-0.0289999999999999,-0.01,-0.0279999999999999,-0.035,0.0,0.508,-0.02,-0.372,0.2789999999999999,0.0,15.91,16.36,15.86,-4.003,15.71,15.62,16.61,0.001,-0.001,0.0,0.0,10.0,10.0,10.0,8.0,0.0,0.0,0.0,0.0,0.0,6.409,7.0,0.0,0.0,0.0,0.0,0.0,0.0,59.96,6000.0,-1.283,-0.2,2.0,0.0,0.2,0.2,-0.034,16.21,15.88,15.69,16.07,16.26,16.62,15.63,15.72,15.9,16.13,15.65,15.96,18.72,18.54,31.0,31.05,39.0,15.8,0.0,115.3,49.25,2.0,3.519,-1.0,0.247,0.4,4903
2015-12-24 18:37:00,0.0,0.0,0.0,0.0,0.0,0.0,2.0,289769.0,32.0,0.0,75.59999999999998,59.5,60.0,-0.103,9462.0,1373.0,1379.0,298603.0,-0.0759999999999999,-0.033,0.095,-0.923,0.032,0.0819999999999999,1.0,0.772,273.0,275.0,277.0,276.5,0.818,275.0,0.7909999999999999,276.0,0.8359999999999999,274.5,0.003,13.66,2.0,3.0,0.0,20.61,0.0,-1.25,0.0,-0.0299999999999999,-0.027,-0.027,-0.0299999999999999,-0.012,-0.0289999999999999,-0.036,0.0,0.508,-0.02,-0.351,0.2789999999999999,0.0,15.81,16.3,15.81,48.62,15.71,15.53,16.51,0.0,0.0,0.001,0.0,10.0,10.0,10.0,8.0,0.0,0.0,0.0,0.0,0.0,6.329,7.0,0.0,0.0,0.0,0.0,0.0,0.0,59.95,6000.0,-1.183,-0.2,2.0,0.0,0.2,0.2,-0.0379999999999999,16.12,15.81,15.62,16.02,16.16,16.53,15.57,15.67,15.9,16.09,15.61,15.9,18.64,18.52,31.0,31.32,39.0,15.79,0.0,188.1,29.29,2.0,3.519,-1.0,0.217,0.4,4903
2015-12-24 18:38:00,0.0,0.0,0.0,0.0,0.0,0.0,2.0,289769.0,32.0,0.0,75.59999999999998,59.5,60.0,-0.1,9462.0,1373.0,1379.0,298603.0,-0.0759999999999999,-0.032,0.093,-0.923,0.032,0.0819999999999999,1.0,0.758,273.0,275.0,277.0,276.7,0.818,275.0,0.7909999999999999,276.0,0.8359999999999999,274.8,0.004,13.66,2.0,3.0,0.0,20.6,0.0,-1.217,0.0,-0.0289999999999999,-0.027,-0.0279999999999999,-0.0299999999999999,-0.0139999999999999,-0.0299999999999999,-0.037,0.203,0.679,-0.02,-0.152,0.2789999999999999,0.0,15.81,16.35,15.8,84.4,15.7,15.52,16.49,0.001,0.0,0.0,0.0,10.0,10.0,10.0,8.0,0.0,0.0,0.0,0.0,0.0,6.706,7.0,0.0,0.0,0.0,0.0,0.0,0.0,59.96,6000.0,-1.117,-0.2,2.0,0.0,0.2,0.2,-0.0379999999999999,16.06,15.74,15.56,15.96,16.1,16.45,15.51,15.63,15.86,16.09,15.58,15.83,18.57,18.49,31.0,31.47,39.0,15.77,0.0,206.2,7.552,2.0,3.519,-1.0,0.4429999999999999,0.5,4903
2015-12-24 18:39:00,0.0,0.0,0.0,0.0,0.0,0.0,2.0,289769.0,32.0,0.0,75.59999999999998,59.5,60.0,-0.1,9462.0,1373.0,1379.0,298603.0,-0.0759999999999999,-0.037,0.093,-0.923,0.032,0.0819999999999999,1.0,0.773,273.0,275.0,277.0,276.0,0.818,275.0,0.7909999999999999,276.0,0.8359999999999999,274.0,0.001,13.39,2.0,1.0,0.0,20.58,0.0,-1.283,0.0,-0.0289999999999999,-0.027,-0.0279999999999999,-0.0299999999999999,-0.0139999999999999,-0.0289999999999999,-0.037,-0.004,0.508,-0.02,-0.381,0.281,0.001,15.81,16.3,15.81,255.8,15.7,15.52,16.51,0.0,-0.001,0.0,-0.001,10.0,10.0,10.0,8.0,0.0,0.0,0.0,0.0,0.0,6.817,7.0,0.0,0.0,0.0,0.0,0.0,0.0,59.95,6000.0,-1.183,-0.2,2.0,0.0,0.2,0.2,-0.0379999999999999,16.0,15.67,15.51,15.91,16.04,16.38,15.47,15.61,15.88,16.08,15.55,15.78,18.52,18.4,31.0,31.93,39.0,15.76,0.0,190.5,8.34,2.0,3.519,-1.0,0.4099999999999999,0.5,4903
2015-12-24 18:40:00,0.0,0.0,0.0,0.0,0.0,0.0,2.0,289769.0,32.0,0.0,75.59999999999998,59.5,60.0,-0.103,9462.0,1373.0,1379.0,298603.0,-0.0759999999999999,-0.0279999999999999,0.0869999999999999,-0.924,0.032,0.0819999999999999,1.0,0.763,273.0,275.0,277.0,276.0,0.818,275.0,0.7909999999999999,276.0,0.8359999999999999,274.0,0.005,13.66,2.0,3.0,0.0,20.56,0.0,-1.567,0.0,-0.0289999999999999,-0.0279999999999999,-0.027,-0.0289999999999999,-0.0139999999999999,-0.0289999999999999,-0.036,0.0,0.508,-0.02,-0.3939999999999999,0.2789999999999999,0.0,15.81,16.35,15.81,43.54,15.71,15.52,16.49,0.001,-0.001,0.0,0.0,10.0,10.0,10.0,8.0,0.0,0.0,0.0,0.0,0.0,7.186,7.167000000000001,0.0,0.0,0.0,0.0,0.0,0.0,59.96,6000.0,-1.4,-0.2,2.0,0.0,0.2,0.2,-0.0379999999999999,15.95,15.61,15.45,15.88,16.01,16.34,15.43,15.59,15.82,16.06,15.52,15.73,18.47,18.33,31.0,31.35,39.0,15.74,0.0,185.3,17.71,2.0,3.521,-1.0,0.327,0.5,4903
2015-12-24 18:41:00,0.0,0.0,0.0,0.0,0.0,0.0,2.0,289769.0,32.0,0.0,75.59999999999998,59.5,60.0,-0.1,9462.0,1373.0,1379.0,298603.0,-0.0759999999999999,-0.047,0.0899999999999999,-0.923,0.032,0.0819999999999999,1.0,0.76,273.0,275.0,277.0,276.0,0.818,275.0,0.7909999999999999,276.0,0.8359999999999999,274.0,0.004,13.66,2.0,3.0,0.0,20.54,0.0,-1.65,0.0,-0.0279999999999999,-0.0299999999999999,-0.027,-0.0289999999999999,-0.0139999999999999,-0.0279999999999999,-0.035,0.0,0.508,-0.02,-0.387,0.2789999999999999,0.0,15.81,16.36,15.81,25.23,15.71,15.52,16.51,0.0,-0.001,0.0,0.0,10.0,10.0,10.0,8.0,0.0,0.0,0.0,0.0,0.0,7.215,7.367000000000002,0.0,0.0,0.0,0.0,0.0,0.0,59.96,6000.0,-1.367,-0.2,2.0,0.0,0.2,0.2,-0.0379999999999999,15.9,15.57,15.41,15.85,15.96,16.33,15.41,15.57,15.77,16.04,15.5,15.69,18.44,18.28,31.0,31.17,39.0,15.73,0.0,125.3,10.28,2.0,3.519,-1.0,0.4079999999999999,0.5999999999999999,4903
2015-12-24 18:42:00,0.0,0.0,0.0,0.0,0.0,0.0,2.0,289769.0,32.0,0.0,75.59999999999998,59.5,60.0,-0.1,9462.0,1373.0,1379.0,298603.0,-0.0759999999999999,-0.027,0.093,-0.923,0.032,0.0819999999999999,1.0,0.772,273.0,275.0,277.0,276.2,0.818,275.0,0.7909999999999999,276.0,0.8359999999999999,274.2,0.003,13.66,2.0,3.0,0.0,20.52,0.0,-1.35,0.0,-0.0279999999999999,-0.0289999999999999,-0.026,-0.0279999999999999,-0.0139999999999999,-0.026,-0.034,0.0,0.508,-0.02,-0.385,0.2789999999999999,0.0,15.81,16.34,15.79,-51.95,15.62,15.52,16.41,0.0,-0.001,0.0,0.0,10.0,10.0,10.0,8.0,0.0,0.0,0.0,0.0,0.0,7.707999999999998,7.982999999999999,0.0,0.0,0.0,0.0,0.0,0.0,59.97,6000.0,-1.217,-0.2,2.0,0.0,0.2,0.2,-0.0379999999999999,15.91,15.55,15.39,15.82,15.96,16.29,15.37,15.55,15.74,16.03,15.49,15.67,18.44,18.28,31.0,31.0,39.0,15.72,0.0,113.5,8.29,2.0,3.519,-1.0,0.622,0.6999999999999998,4903
2015-12-24 18:43:00,0.0,0.0,0.0,0.0,0.0,0.0,2.0,289769.0,32.0,0.0,75.59999999999998,59.5,60.0,-0.1,9462.0,1373.0,1379.0,298603.0,-0.0759999999999999,-0.023,0.0919999999999999,-0.923,0.032,0.0819999999999999,1.0,0.752,273.0,275.0,277.0,276.1,0.818,275.0,0.7909999999999999,276.0,0.8359999999999999,274.1,0.003,13.66,2.0,3.0,0.0,20.5,0.0,-1.3330000000000002,0.0,-0.027,-0.027,-0.025,-0.026,-0.0139999999999999,-0.025,-0.032,0.0,0.508,-0.02,-0.3979999999999999,0.2789999999999999,0.0,15.81,16.3,15.71,30.25,15.65,15.52,16.39,0.001,-0.001,0.0,0.0,10.0,10.0,10.0,8.0,0.0,0.0,0.0,0.0,0.0,7.622,7.933,0.0,0.0,0.0,0.0,0.0,0.0,59.96,6000.0,-1.2,-0.2,2.0,0.0,0.2,0.2,-0.0379999999999999,15.9,15.54,15.38,15.79,15.95,16.31,15.36,15.52,15.72,16.0,15.46,15.66,18.42,18.26,31.0,31.0,39.0,15.69,0.0,108.1,9.74,2.0,3.519,-1.0,0.435,0.5999999999999999,4903
2015-12-24 18:44:00,0.0,0.0,0.0,0.0,0.0,0.0,2.0,289769.0,32.0,0.0,75.59999999999998,59.5,60.0,-0.1,9462.0,1373.0,1379.0,298603.0,-0.0759999999999999,-0.0279999999999999,0.0869999999999999,-0.923,0.032,0.0819999999999999,1.0,0.758,273.0,275.0,277.0,276.6,0.818,275.0,0.7909999999999999,276.0,0.8359999999999999,274.5,0.016,13.47,2.0,1.0,0.0,20.48,0.0,-1.233,0.0,-0.027,-0.027,-0.024,-0.025,-0.011,-0.024,-0.031,0.264,0.719,-0.02,-0.1159999999999999,0.278,0.001,15.78,16.3,15.71,-14.81,15.62,15.52,16.36,0.001,0.0,0.001,0.0,10.0,10.0,10.0,8.0,0.0,0.0,0.0,0.0,0.0,8.25,8.62,0.0,0.0,0.0,0.0,0.0,0.0,59.96,6000.0,-1.067,-0.2,2.0,0.0,0.2,0.2,-0.0379999999999999,15.89,15.51,15.35,15.8,16.05,16.3,15.37,15.47,15.67,15.95,15.41,15.63,18.42,18.17,31.0,31.0,39.0,15.69,0.0,87.9,64.65,2.0,3.518,-1.0,0.148,0.2999999999999999,4903
2015-12-24 18:45:00,0.0,0.0,0.0,0.0,0.0,0.0,2.0,289769.0,32.0,0.0,75.59999999999998,59.5,60.0,-0.1019999999999999,9462.0,1373.0,1379.0,298603.0,-0.0759999999999999,-0.0279999999999999,0.0919999999999999,-0.923,0.032,0.0819999999999999,1.0,0.752,273.0,275.0,277.0,276.6,0.818,275.0,0.7909999999999999,276.0,0.8359999999999999,274.6,-0.011,13.38,2.0,1.0,0.0,20.47,0.0,-1.167,0.0,-0.0279999999999999,-0.0289999999999999,-0.024,-0.025,-0.01,-0.022,-0.0299999999999999,0.0,0.508,-0.02,-0.372,0.283,0.001,15.71,16.28,15.7,-10.58,15.6,15.45,16.31,0.0,0.0,0.001,-0.001,10.0,10.0,10.0,8.0,0.0,0.0,0.0,0.0,0.0,7.727,8.15,0.0,0.0,0.0,0.0,0.0,0.0,59.96,6000.0,-1.183,-0.2,2.0,0.0,0.2,0.2,-0.0379999999999999,15.9,15.48,15.33,15.82,16.11,16.31,15.4,15.42,15.65,15.88,15.35,15.62,18.39,18.12,31.0,31.0,39.0,15.69,0.0,309.4,38.58,2.0,3.521,-0.983,0.1019999999999999,0.2,4903
2015-12-24 18:46:00,0.0,0.0,0.0,0.0,0.0,0.0,2.0,289769.0,32.0,0.0,75.59999999999998,59.5,60.0,-0.1,9462.0,1373.0,1379.0,298603.0,-0.0759999999999999,-0.0299999999999999,0.095,-0.923,0.032,0.0819999999999999,1.0,0.753,273.0,275.0,277.0,276.4,0.818,275.0,0.7909999999999999,276.0,0.8359999999999999,274.3,0.006,13.7,2.0,3.0,0.0,20.45,0.0,-1.3330000000000002,0.0,-0.0299999999999999,-0.0299999999999999,-0.024,-0.025,-0.008,-0.02,-0.0279999999999999,0.0,0.508,-0.02,-0.4099999999999999,0.278,0.0,15.71,16.2,15.63,83.0,15.5,15.39,16.3,0.0,-0.001,0.0,0.0,10.0,10.0,10.0,8.0,0.0,0.0,0.0,0.0,0.0,7.234,7.433,0.0,0.0,0.0,0.0,0.0,0.0,59.96,6000.0,-1.3,-0.2,2.0,0.0,0.2,0.2,-0.0379999999999999,15.92,15.49,15.33,15.85,16.22,16.34,15.44,15.39,15.72,15.85,15.33,15.62,18.37,18.05,31.0,31.0,39.0,15.64,0.0,31.28,19.86,2.0,3.521,-1.0,0.2429999999999999,0.4,4903
2015-12-24 18:47:00,0.0,0.0,0.0,0.0,0.0,0.0,2.0,289769.0,32.0,0.0,75.59999999999998,59.5,60.0,-0.1,9462.0,1373.0,1379.0,298603.0,-0.0759999999999999,-0.0299999999999999,0.0969999999999999,-0.922,0.032,0.083,1.0,0.7419999999999999,273.1,275.1,277.0,277.0,0.818,275.0,0.7909999999999999,276.0,0.8359999999999999,275.0,0.004,13.7,2.0,3.0,0.0,20.43,0.0,-1.3,0.0,-0.0289999999999999,-0.033,-0.023,-0.024,-0.0069999999999999,-0.018,-0.026,0.0,0.508,-0.02,-0.432,0.278,0.0,15.71,16.2,15.6,139.2,15.5,15.32,16.3,0.001,-0.001,0.0,-0.001,10.0,10.0,10.0,8.0,0.0,0.0,0.0,0.0,0.0,8.56,8.73,0.0,0.0,0.0,0.0,0.0,0.0,59.96,6000.0,-1.15,-0.2,2.0,0.0,0.2,0.2,-0.0379999999999999,15.99,15.56,15.36,15.9,16.26,16.41,15.5,15.43,15.78,15.84,15.37,15.66,18.38,18.0,31.0,31.0,39.0,15.61,0.0,26.96,15.72,2.0,3.521,-1.0,0.3379999999999999,0.5,4903
2015-12-24 18:48:00,0.0,0.0,0.0,0.0,0.0,0.0,2.0,289769.0,32.0,0.0,75.59999999999998,59.5,60.0,-0.1,9462.0,1373.0,1379.0,298603.0,-0.0759999999999999,-0.037,0.0869999999999999,-0.922,0.032,0.083,1.0,0.752,273.0,275.0,277.0,276.9,0.818,275.0,0.7909999999999999,276.0,0.8359999999999999,275.0,0.004,13.7,2.0,3.0,0.0,20.4,0.0,-1.233,0.0,-0.0299999999999999,-0.034,-0.022,-0.024,-0.0069999999999999,-0.017,-0.025,0.0,0.508,-0.02,-0.427,0.278,0.0,15.67,16.2,15.57,64.73,15.44,15.32,16.3,0.001,-0.001,0.001,0.0,10.0,10.0,10.0,8.0,0.0,0.0,0.0,0.0,0.0,8.13,8.5,0.0,0.0,0.0,0.0,0.0,0.0,59.97,6000.0,-1.15,-0.2,2.0,0.0,0.2,0.2,-0.0379999999999999,16.07,15.61,15.4,15.93,16.3,16.48,15.53,15.46,15.77,15.84,15.38,15.7,18.4,17.96,31.0,31.0,39.0,15.59,0.0,19.04,13.49,2.0,3.519,-1.0,0.7379999999999999,1.2,4903
2015-12-24 18:49:00,0.0,0.0,0.0,0.0,0.0,0.0,2.0,289769.0,32.0,0.0,75.59999999999998,59.5,60.0,-0.1,9462.0,1373.0,1379.0,298603.0,-0.0759999999999999,-0.027,0.1,-0.922,0.032,0.083,1.0,0.76,273.3,275.3,277.0,277.0,0.818,275.3,0.7909999999999999,276.0,0.8359999999999999,275.0,0.003,13.7,2.0,3.0,0.0,20.4,0.0,-1.7,0.0,-0.0299999999999999,-0.034,-0.021,-0.023,-0.0069999999999999,-0.016,-0.024,0.0,0.508,-0.02,-0.4249999999999999,0.2789999999999999,0.0,15.62,16.13,15.52,139.6,15.42,15.32,16.3,0.001,-0.001,0.0,0.0,10.0,10.0,10.0,8.0,0.0,0.0,0.0,0.0,0.0,7.681,8.0,0.0,0.0,0.0,0.0,0.0,0.0,59.97,6000.0,-1.383,-0.2,2.0,0.0,0.2,0.2,-0.0379999999999999,16.09,15.64,15.43,15.95,16.32,16.51,15.55,15.48,15.8,15.83,15.38,15.73,18.42,17.92,31.0,31.0,39.0,15.55,0.0,86.4,52.13,2.0,3.519,-1.0,0.273,0.5,4903
2015-12-24 18:50:00,0.0,0.0,0.0,0.0,0.0,0.0,2.0,289769.0,32.0,0.0,75.59999999999998,59.5,60.0,-0.1019999999999999,9462.0,1373.0,1379.0,298603.0,-0.0759999999999999,-0.0379999999999999,0.095,-0.922,0.032,0.083,1.0,0.75,273.1,275.1,277.0,276.9,0.818,275.0,0.7909999999999999,276.0,0.8359999999999999,275.0,0.005,13.7,2.0,3.0,0.0,20.37,0.0,-1.317,0.0,-0.0289999999999999,-0.034,-0.021,-0.023,-0.0069999999999999,-0.016,-0.023,0.33,0.789,-0.02,-0.0969999999999999,0.278,0.0,15.64,16.15,15.52,-0.763,15.42,15.32,16.3,0.001,0.0,0.0,0.0,10.0,10.0,10.0,8.0,0.0,0.0,0.0,0.0,0.0,7.599999999999999,8.0,0.0,0.0,0.0,0.0,0.0,0.0,59.97,6000.0,-1.183,-0.2,2.0,0.0,0.2,0.2,-0.0379999999999999,16.1,15.65,15.44,15.96,16.39,16.53,15.56,15.49,15.81,15.81,15.39,15.74,18.4,17.9,31.0,31.0,39.0,15.56,0.0,33.11,27.81,2.0,3.517,-1.0,0.625,1.2,4903
2015-12-24 18:51:00,0.0,0.0,0.0,0.0,0.0,0.0,2.0,289769.0,32.0,0.0,75.59999999999998,59.5,60.0,-0.1019999999999999,9462.0,1373.0,1379.0,298603.0,-0.0759999999999999,-0.0299999999999999,0.0899999999999999,-0.922,0.032,0.083,1.0,0.747,273.3,275.3,277.0,277.0,0.818,275.4,0.7909999999999999,276.0,0.8359999999999999,275.0,-0.008,13.38,2.0,1.0,0.0,20.35,0.0,-1.3,0.0,-0.0289999999999999,-0.033,-0.019,-0.022,-0.004,-0.016,-0.023,-0.013,0.508,-0.02,-0.44,0.2819999999999999,0.001,15.62,16.13,15.52,327.7,15.32,15.23,16.3,0.0,-0.001,0.0,0.0,10.0,10.0,10.0,8.0,0.0,0.0,0.0,0.0,0.0,7.4129999999999985,7.982999999999999,0.0,0.0,0.0,0.0,0.0,0.0,59.97,6000.0,-1.167,-0.2,2.0,0.0,0.2,0.2,-0.0379999999999999,16.13,15.69,15.47,15.99,16.43,16.59,15.6,15.53,15.86,15.83,15.42,15.77,18.42,17.9,31.0,31.0,39.0,15.54,0.0,78.98,38.42,2.0,3.517,-1.0,0.69,1.2,4903
2015-12-24 18:52:00,0.0,0.0,0.0,0.0,0.0,0.0,2.0,289769.0,32.0,0.0,75.59999999999998,59.5,60.0,-0.1,9462.0,1373.0,1379.0,298603.0,-0.0759999999999999,-0.032,0.1,-0.923,0.032,0.083,1.0,0.755,273.7,275.7,277.0,277.0,0.818,275.9,0.7909999999999999,276.0,0.8359999999999999,275.0,0.013,13.59,2.0,3.0,0.0,20.34,0.0,-1.35,0.0,-0.0289999999999999,-0.0299999999999999,-0.018,-0.021,-0.004,-0.0149999999999999,-0.023,-0.004,0.508,-0.02,-0.446,0.2789999999999999,0.001,15.57,16.1,15.52,-46.68,15.32,15.23,16.31,0.001,0.0,0.0,-0.001,10.0,10.0,10.0,8.0,0.0,0.0,0.0,0.0,0.0,7.712,8.0,0.0,0.0,0.0,0.0,0.0,0.0,59.97,6000.0,-1.117,-0.2,2.0,0.0,0.2,0.2,-0.0379999999999999,16.16,15.71,15.49,16.0,16.34,16.59,15.61,15.53,15.88,15.83,15.43,15.79,18.41,17.84,31.0,31.0,39.0,15.51,0.0,26.35,28.82,2.0,3.519,-1.0,0.4199999999999999,0.9,4903
2015-12-24 18:53:00,0.0,0.0,0.0,0.0,0.0,0.0,2.0,289769.0,32.0,0.0,75.59999999999998,59.5,60.0,-0.1019999999999999,9462.0,1373.0,1379.0,298603.0,-0.0759999999999999,-0.037,0.0969999999999999,-0.923,0.032,0.0819999999999999,1.0,0.755,273.3,275.3,277.0,277.0,0.818,275.5,0.7909999999999999,276.0,0.8359999999999999,275.0,0.004,13.7,2.0,3.0,0.0,20.31,0.0,-1.217,0.0,-0.0279999999999999,-0.0299999999999999,-0.018,-0.02,-0.003,-0.0149999999999999,-0.023,0.0,0.508,-0.02,-0.4289999999999999,0.278,0.0,15.53,16.1,15.52,18.38,15.32,15.21,16.31,0.001,0.0,0.0,0.0,10.0,10.0,10.0,8.0,0.0,0.0,0.0,0.0,0.0,7.806,8.0,0.0,0.0,0.0,0.0,0.0,0.0,59.97,6000.0,-1.133,-0.2,2.0,0.0,0.2,0.2,-0.0379999999999999,16.17,15.73,15.5,16.01,16.38,16.61,15.62,15.56,15.93,15.85,15.45,15.81,18.41,17.78,31.0,31.0,39.0,15.48,0.0,14.54,19.74,2.0,3.521,-1.0,0.27,0.6999999999999998,4903
2015-12-24 18:54:00,0.0,0.0,0.0,0.0,0.0,0.0,2.0,289769.0,32.0,0.0,75.59999999999998,59.5,60.0,-0.1,9462.0,1373.0,1379.0,298603.0,-0.0759999999999999,-0.023,0.095,-0.923,0.032,0.0819999999999999,1.0,0.767,273.1,275.1,277.0,276.8,0.818,275.1,0.7909999999999999,276.0,0.8359999999999999,274.8,0.004,13.7,2.0,3.0,0.0,20.29,0.0,-1.233,0.0,-0.0279999999999999,-0.0299999999999999,-0.017,-0.02,-0.003,-0.0149999999999999,-0.023,0.0,0.508,-0.02,-0.436,0.2789999999999999,0.0,15.53,16.1,15.44,140.1,15.29,15.16,16.31,0.001,-0.001,0.0,0.0,10.0,10.0,10.0,8.0,0.0,0.0,0.0,0.0,0.0,8.109999999999998,8.57,0.0,0.0,0.0,0.0,0.0,0.0,59.97,6000.0,-1.183,-0.2,2.0,0.0,0.2,0.2,-0.0379999999999999,16.2,15.74,15.52,16.03,16.42,16.63,15.64,15.57,15.96,15.87,15.47,15.82,18.41,17.77,31.0,31.0,39.0,15.47,0.0,34.75,35.44,2.0,3.518,-1.0,0.272,0.5,4903
2015-12-24 18:55:00,0.0,0.0,0.0,0.0,0.0,0.0,2.0,289769.0,32.0,0.0,75.59999999999998,59.5,60.0,-0.1019999999999999,9462.0,1373.0,1379.0,298603.0,-0.0759999999999999,-0.0299999999999999,0.1,-0.923,0.032,0.0819999999999999,1.0,0.757,273.6,275.6,277.0,277.0,0.818,275.7,0.7909999999999999,276.2,0.8359999999999999,275.0,0.003,13.7,2.0,3.0,0.0,20.28,0.0,-1.317,0.0,-0.0279999999999999,-0.0299999999999999,-0.017,-0.019,-0.003,-0.0149999999999999,-0.022,0.0,0.508,-0.02,-0.465,0.278,0.0,15.53,16.1,15.42,66.58,15.23,15.14,16.43,0.001,-0.001,0.0,-0.001,10.0,10.0,10.0,8.0,0.0,0.0,0.0,0.0,0.0,9.03,9.33,0.0,0.0,0.0,0.0,0.0,0.0,59.96,6000.0,-1.25,-0.2,2.0,0.0,0.2,0.2,-0.0379999999999999,16.23,15.76,15.54,16.04,16.37,16.64,15.65,15.61,16.03,15.88,15.49,15.84,18.41,17.8,31.0,31.0,39.0,15.44,0.0,30.92,34.76,2.0,3.518,-1.0,0.273,0.5,4903
2015-12-24 18:56:00,0.0,0.0,0.0,0.0,0.0,0.0,2.0,289769.0,32.0,0.0,75.59999999999998,59.5,60.0,-0.103,9462.0,1373.0,1379.0,298603.0,-0.0759999999999999,-0.033,0.095,-0.923,0.032,0.0819999999999999,1.0,0.758,273.2,275.2,277.0,276.9,0.818,275.1,0.7909999999999999,276.0,0.8359999999999999,275.0,0.003,13.7,2.0,3.0,0.0,20.26,0.0,-1.35,0.0,-0.027,-0.0299999999999999,-0.017,-0.018,-0.003,-0.0149999999999999,-0.022,0.0,0.508,-0.02,-0.4629999999999999,0.278,0.0,15.52,16.1,15.44,120.7,15.24,15.18,16.45,0.0,-0.001,0.001,0.0,10.0,10.0,10.0,8.0,0.0,0.0,0.0,0.0,0.0,10.32,10.65,0.0,0.0,0.0,0.0,0.0,0.0,59.97,6000.0,-1.317,-0.2,2.0,0.0,0.2,0.2,-0.0379999999999999,16.27,15.8,15.56,16.06,16.47,16.65,15.67,15.64,16.04,15.9,15.51,15.86,18.4,17.8,31.0,31.0,39.0,15.49,0.0,356.4,25.56,2.0,3.519,-1.0,0.3599999999999999,0.6999999999999998,4903
2015-12-24 18:57:00,0.0,0.0,0.0,0.0,0.0,0.0,2.0,289769.0,32.0,0.0,75.59999999999998,59.5,60.0,-0.1,9462.0,1373.0,1379.0,298603.0,-0.0759999999999999,-0.037,0.095,-0.923,0.032,0.0819999999999999,1.0,0.75,273.6,275.6,277.0,277.0,0.818,275.8,0.7909999999999999,276.2,0.8359999999999999,275.0,-0.003,13.49,2.0,1.0,0.0,20.24,0.0,-1.133,0.0,-0.024,-0.027,-0.016,-0.017,-0.003,-0.013,-0.021,0.201,0.694,-0.017,-0.2349999999999999,0.2789999999999999,0.001,15.54,16.12,15.5,-28.16,15.32,15.23,16.55,0.0,0.0,0.001,-0.001,10.0,10.0,10.0,8.0,0.0,0.0,0.0,0.0,0.0,11.72,12.18,0.0,0.0,0.0,0.0,0.0,0.0,59.96,6000.0,-1.067,-0.2,2.0,0.0,0.2,0.2,-0.0379999999999999,16.33,15.87,15.64,16.14,16.53,16.7,15.75,15.7,16.09,15.96,15.56,15.94,18.37,17.81,31.0,31.0,39.0,15.57,0.0,359.6,34.05,2.0,3.519,-1.0,0.3049999999999999,0.5999999999999999,4903
2015-12-24 18:58:00,0.0,0.0,0.0,0.0,0.0,0.0,2.0,289769.0,32.0,0.0,75.59999999999998,59.5,60.0,-0.1,9462.0,1373.0,1379.0,298603.0,-0.0759999999999999,-0.0299999999999999,0.0899999999999999,-0.923,0.032,0.0819999999999999,1.0,0.762,273.6,275.6,277.0,277.0,0.818,275.8,0.7909999999999999,276.1,0.8359999999999999,275.0,0.004,13.66,2.0,3.0,0.0,20.22,0.0,-1.35,0.0,-0.022,-0.025,-0.013,-0.0139999999999999,-0.001,-0.011,-0.018,0.0,0.508,-0.0149999999999999,-0.4679999999999999,0.2789999999999999,0.0,15.62,16.2,15.58,381.2,15.42,15.31,16.64,0.001,-0.001,0.001,0.0,10.0,10.0,10.0,8.0,0.0,0.0,0.0,0.0,0.0,12.62,12.98,0.0,0.0,0.0,0.0,0.0,0.0,59.96,6000.0,-1.267,-0.2,2.0,0.0,0.2,0.2,-0.0379999999999999,16.43,16.0,15.76,16.26,16.67,16.83,15.88,15.83,16.25,16.1,15.7,16.07,18.34,17.81,31.0,31.0,39.0,15.6,0.0,10.56,31.52,2.0,3.519,-1.0,0.382,1.1,4903
2015-12-24 18:59:00,0.0,0.0,0.0,0.0,0.0,0.0,2.0,289769.0,32.0,0.0,75.59999999999998,59.5,60.0,-0.1,9462.0,1373.0,1379.0,298603.0,-0.0759999999999999,-0.018,0.0969999999999999,-0.923,0.032,0.083,1.0,0.758,273.9,275.9,277.0,277.0,0.818,276.0,0.7909999999999999,276.6,0.8359999999999999,275.0,0.003,13.66,2.0,3.0,0.0,20.2,0.0,-1.167,0.0,-0.018,-0.021,-0.01,-0.011,0.0,-0.009,-0.0149999999999999,0.0,0.508,-0.013,-0.4589999999999999,0.2789999999999999,0.0,15.77,16.3,15.68,96.8,15.54,15.45,16.81,0.0,-0.001,0.0,-0.001,10.0,10.0,10.0,8.0,0.0,0.0,0.0,0.0,0.0,13.18,13.53,0.0,0.0,0.0,0.0,0.0,0.0,59.97,6000.0,-1.233,-0.2,2.0,0.0,0.2,0.2,-0.0379999999999999,16.53,16.14,15.9,16.4,16.78,16.94,16.01,15.98,16.4,16.26,15.85,16.21,18.35,17.8,31.0,31.0,39.0,15.68,0.0,46.88,31.09,2.0,3.519,-1.0,0.68,1.4,4903
2015-12-24 19:00:00,0.0,0.0,0.0,0.0,0.0,0.0,2.0,289769.0,32.0,0.0,75.59999999999998,59.5,60.0,-0.1,9462.0,1373.0,1379.0,298603.0,-0.0759999999999999,-0.032,0.0919999999999999,-0.923,0.032,0.0819999999999999,1.0,0.753,273.9,275.9,277.0,277.0,0.818,276.0,0.7909999999999999,276.5,0.8359999999999999,275.0,0.003,13.66,2.0,3.0,0.0,20.18,0.0,-1.45,0.0,-0.0149999999999999,-0.017,-0.008,-0.008,0.0,-0.006,-0.012,0.0,0.508,-0.01,-0.461,0.2789999999999999,0.0,15.88,16.38,15.83,392.8,15.7,15.57,16.94,0.001,-0.001,0.0,-0.001,10.0,10.0,10.0,8.0,0.0,0.0,0.0,0.0,0.0,13.65,14.0,0.0,0.0,0.0,0.0,0.0,0.0,59.98,6000.0,-1.4169999999999998,-0.2,2.0,0.0,0.2,0.2,-0.0379999999999999,16.64,16.26,16.03,16.51,16.84,17.06,16.12,16.13,16.52,16.39,15.99,16.34,18.38,17.89,31.0,31.0,39.0,15.8,0.0,60.92,58.94,2.0,3.518,-1.0,0.982,2.0,4903
2015-12-24 19:01:00,0.0,0.0,0.0,0.0,0.0,0.0,2.0,289769.0,32.0,0.0,75.59999999999998,59.5,60.0,-0.1019999999999999,9462.0,1373.0,1379.0,298603.0,-0.0759999999999999,-0.027,0.1,-0.923,0.032,0.0819999999999999,1.0,0.7399999999999999,274.0,276.0,277.1,277.0,0.818,276.0,0.7909999999999999,276.7,0.8359999999999999,275.0,0.003,13.66,2.0,3.0,0.0,20.17,0.0,-1.567,0.0,-0.011,-0.0139999999999999,-0.005,-0.0069999999999999,0.003,-0.004,-0.01,0.0,0.508,-0.0069999999999999,-0.472,0.2789999999999999,0.0,15.99,16.51,15.97,55.59,15.83,15.75,17.02,0.001,-0.001,0.001,0.0,10.0,10.0,10.0,8.0,0.0,0.0,0.0,0.0,0.0,14.0,14.0,0.0,0.0,0.0,0.0,0.0,0.0,59.97,6000.0,-1.317,-0.2,2.0,0.0,0.2,0.2,-0.033,16.75,16.38,16.15,16.61,16.91,17.14,16.21,16.27,16.64,16.53,16.13,16.46,18.43,17.96,31.0,31.0,39.0,15.9,0.0,37.3,74.9,2.0,3.519,-1.0,0.4279999999999999,0.6999999999999998,4903
2015-12-24 19:02:00,0.0,0.0,0.0,0.0,0.0,0.0,2.0,289769.0,32.0,0.0,75.59999999999998,59.5,60.0,-0.1019999999999999,9462.0,1373.0,1379.0,298603.0,-0.0759999999999999,-0.035,0.1,-0.923,0.032,0.083,1.0,0.748,274.0,276.0,277.1,277.0,0.818,276.0,0.7909999999999999,277.0,0.8359999999999999,275.0,0.006,13.5,2.0,3.0,0.0,20.15,0.0,-1.467,0.0,-0.009,-0.009,-0.004,-0.005,0.003,-0.003,-0.009,0.258,0.719,-0.006,-0.218,0.278,0.001,16.15,16.64,16.12,37.36,15.99,15.88,17.13,0.001,-0.001,0.0,-0.001,10.0,10.0,10.0,8.0,0.0,0.0,0.0,0.0,0.0,14.33,14.3,0.0,0.0,0.0,0.0,0.0,0.0,59.98,6000.0,-1.367,-0.2,2.0,0.0,0.2,0.2,-0.0379999999999999,16.83,16.48,16.24,16.69,17.0,17.23,16.3,16.39,16.73,16.64,16.25,16.56,18.44,17.97,30.93,31.0,39.0,16.04,0.0,58.69,26.85,2.0,3.519,-1.0,0.5379999999999999,0.8,4903
2015-12-24 19:03:00,0.0,0.0,0.0,0.0,0.0,0.0,2.0,289769.0,32.0,0.0,75.59999999999998,59.5,60.0,-0.1,9462.0,1373.0,1379.0,298603.0,-0.0759999999999999,-0.022,0.1,-0.922,0.032,0.083,1.0,0.752,274.0,276.0,277.7,277.0,0.818,276.0,0.7909999999999999,277.0,0.8359999999999999,275.0,0.003,13.5,2.0,3.0,0.0,20.13,0.0,-1.217,0.0,-0.0069999999999999,-0.0069999999999999,-0.003,-0.004,0.004,-0.003,-0.008,0.0,0.508,-0.003,-0.4679999999999999,0.2789999999999999,0.0,16.27,16.72,16.23,29.98,16.09,16.01,17.18,0.001,0.0,0.0,0.0,10.0,10.0,10.0,8.0,0.0,0.0,0.0,0.0,0.0,14.67,15.0,0.0,0.0,0.0,0.0,0.0,0.0,59.97,6000.0,-1.25,-0.2,2.0,0.0,0.2,0.2,-0.0379999999999999,16.92,16.56,16.34,16.77,17.05,17.29,16.37,16.49,16.79,16.73,16.34,16.66,18.45,17.98,30.72,31.0,39.0,16.15,0.0,19.02,17.09,2.0,3.518,-1.0,0.75,1.6,4903
2015-12-24 19:04:00,0.0,0.0,0.0,0.0,0.0,0.0,2.0,289769.0,32.0,0.0,75.59999999999998,59.5,60.0,-0.1019999999999999,9462.0,1373.0,1379.0,298603.0,-0.0759999999999999,-0.027,0.1019999999999999,-0.923,0.032,0.083,1.0,0.753,274.0,276.0,277.3,277.0,0.818,276.0,0.7909999999999999,276.9,0.8359999999999999,275.0,0.003,13.7,2.0,3.0,0.0,20.12,0.0,-1.717,0.0,-0.005,-0.005,-0.002,-0.003,0.006,-0.002,-0.0069999999999999,0.0,0.508,-0.002,-0.4699999999999999,0.2789999999999999,0.0,16.37,16.82,16.33,160.9,16.22,16.1,17.26,0.001,-0.001,0.0,0.0,10.0,10.0,10.0,8.0,0.0,0.0,0.0,0.0,0.0,14.98,15.03,0.0,0.0,0.0,0.0,0.0,0.0,59.97,6000.0,-1.5,-0.2,2.0,0.0,0.2,0.2,-0.0379999999999999,17.02,16.65,16.44,16.84,17.07,17.36,16.43,16.6,16.86,16.83,16.44,16.75,18.48,18.05,30.07,31.0,39.0,16.26,0.0,25.51,21.26,2.0,3.521,-1.0,0.697,1.4,4903
2015-12-24 19:05:00,0.0,0.0,0.0,0.0,0.0,0.0,2.0,289769.0,32.0,0.0,75.59999999999998,59.5,60.0,-0.1019999999999999,9462.0,1373.0,1379.0,298603.0,-0.0759999999999999,-0.027,0.1019999999999999,-0.922,0.032,0.083,1.0,0.7419999999999999,274.0,276.0,277.5,277.0,0.818,276.0,0.7909999999999999,277.0,0.8359999999999999,275.0,0.003,13.7,2.0,3.0,0.0,20.1,0.0,-1.467,0.0,-0.003,-0.002,-0.002,-0.002,0.0069999999999999,-0.002,-0.006,0.0,0.508,0.0,-0.4779999999999999,0.278,0.0,16.46,16.88,16.44,54.67,16.3,16.22,17.36,0.0,-0.001,0.0,0.0,10.0,10.0,10.0,8.0,0.0,0.0,0.0,0.0,0.0,15.3,15.65,0.0,0.0,0.0,0.0,0.0,0.0,59.95,6000.0,-1.233,-0.2,2.0,0.0,0.2,0.2,-0.0379999999999999,17.1,16.73,16.52,16.9,17.17,17.45,16.5,16.69,16.93,16.92,16.54,16.84,18.51,18.1,30.02,31.0,39.0,16.36,0.0,32.48,27.69,2.0,3.519,-1.0,0.767,1.1,4903
2015-12-24 19:06:00,0.0,0.0,0.0,0.0,0.0,0.0,2.0,289769.0,32.0,0.0,75.59999999999998,59.5,60.0,-0.1,9462.0,1373.0,1379.0,298603.0,-0.0759999999999999,-0.032,0.0969999999999999,-0.923,0.032,0.0819999999999999,1.0,0.7379999999999999,273.4,275.4,277.1,276.9,0.818,275.6,0.7909999999999999,276.2,0.8359999999999999,275.0,0.003,13.7,2.0,3.0,0.0,20.08,0.0,-1.283,0.0,-0.002,0.0,-0.002,-0.001,0.0069999999999999,-0.001,-0.005,0.0,0.508,0.0,-0.455,0.278,0.0,16.59,17.03,16.51,42.42,16.43,16.28,17.39,0.0,-0.001,0.0,0.0,10.0,10.0,10.0,8.0,0.0,0.0,0.0,0.0,0.0,15.52,16.0,0.0,0.0,0.0,0.0,0.0,0.0,59.96,6000.0,-1.2,-0.2,2.0,0.0,0.2,0.2,-0.0379999999999999,17.2,16.82,16.61,16.96,17.25,17.49,16.55,16.77,16.98,16.99,16.61,16.92,18.5,18.2,30.0,31.0,38.97,16.46,0.0,16.16,63.83,2.0,3.519,-1.0,0.465,1.0,4903
2015-12-24 19:07:00,0.0,0.0,0.0,0.0,0.0,0.0,2.0,289769.0,32.0,0.0,75.59999999999998,59.5,60.0,-0.1,9462.0,1373.0,1379.0,298603.0,-0.0759999999999999,-0.0279999999999999,0.095,-0.923,0.032,0.0819999999999999,1.0,0.7399999999999999,273.3,275.3,277.0,277.0,0.818,275.4,0.7909999999999999,276.0,0.8359999999999999,275.0,0.003,13.7,2.0,3.0,0.0,20.08,0.0,-1.267,0.0,-0.001,0.0,-0.001,0.0,0.0069999999999999,-0.001,-0.004,0.0,0.508,0.0,-0.457,0.278,0.0,16.66,17.09,16.64,26.08,16.49,16.36,17.47,0.0,-0.001,0.001,0.0,10.0,10.0,10.0,8.0,0.0,0.0,0.0,0.0,0.0,15.47,16.0,0.0,0.0,0.0,0.0,0.0,0.0,59.96,6000.0,-1.283,-0.2,2.0,0.0,0.2,0.2,-0.0379999999999999,17.27,16.88,16.68,17.02,17.3,17.57,16.61,16.85,17.04,17.07,16.69,16.99,18.52,18.26,30.0,31.0,38.95,16.55,0.0,76.86,43.19,2.0,3.521,-1.0,0.842,1.6,4903
2015-12-24 19:08:00,0.0,0.0,0.0,0.0,0.0,0.0,2.0,289769.0,32.0,0.0,75.59999999999998,59.5,60.0,-0.1,9462.0,1373.0,1379.0,298603.0,-0.0759999999999999,-0.02,0.093,-0.923,0.032,0.0819999999999999,1.0,0.752,273.1,275.1,277.0,277.0,0.818,275.3,0.7909999999999999,276.0,0.8359999999999999,275.0,0.004,13.56,2.0,1.0,0.0,20.05,0.0,-1.217,0.0,0.0,0.001,-0.001,0.0,0.0069999999999999,0.0,-0.004,0.2919999999999999,0.759,0.0,-0.1799999999999999,0.278,0.001,16.77,17.18,16.72,50.35,16.63,16.49,17.52,0.001,-0.001,0.001,-0.001,10.0,10.0,10.0,8.0,0.0,0.0,0.0,0.0,0.0,15.06,15.33,0.0,0.0,0.0,0.0,0.0,0.0,59.97,6000.0,-1.133,-0.2,2.0,0.0,0.2,0.2,-0.0379999999999999,17.33,16.94,16.74,17.07,17.31,17.6,16.64,16.91,17.07,17.13,16.75,17.05,18.56,18.31,30.0,31.0,38.73,16.62,0.0,90.2,41.15,2.0,3.521,-1.0,0.707,1.5,4903
2015-12-24 19:09:00,0.0,0.0,0.0,0.0,0.0,0.0,2.0,289769.0,32.0,0.0,75.59999999999998,59.5,60.0,-0.1,9462.0,1373.0,1379.0,298603.0,-0.0759999999999999,-0.0299999999999999,0.1,-0.923,0.032,0.0819999999999999,1.0,0.755,273.3,275.3,277.0,277.0,0.818,275.4,0.7909999999999999,276.0,0.8359999999999999,275.0,0.004,13.7,2.0,3.0,0.0,20.05,0.0,-1.233,0.0,0.0,0.003,-0.001,0.001,0.0069999999999999,0.0,-0.004,0.0,0.508,0.001,-0.4699999999999999,0.2789999999999999,0.0,16.79,17.28,16.8,54.64,16.7,16.54,17.57,0.001,-0.001,0.0,0.0,10.0,10.0,10.0,8.0,0.0,0.0,0.0,0.0,0.0,14.89,15.0,0.0,0.0,0.0,0.0,0.0,0.0,59.96,6000.0,-1.2,-0.2,2.0,0.0,0.2,0.2,-0.0379999999999999,17.37,16.98,16.78,17.1,17.29,17.62,16.66,16.96,17.1,17.17,16.8,17.1,18.56,18.3,30.0,31.0,38.32,16.68,0.0,55.92,41.75,2.0,3.521,-1.0,0.3279999999999999,0.8,4903
2015-12-24 19:10:00,0.0,0.0,0.0,0.0,0.0,0.0,2.0,289769.0,32.0,0.0,75.59999999999998,59.5,60.0,-0.1,9462.0,1373.0,1379.0,298603.0,-0.0759999999999999,-0.0299999999999999,0.095,-0.923,0.032,0.083,1.0,0.758,273.3,275.3,277.0,277.0,0.818,275.4,0.7909999999999999,276.0,0.8359999999999999,275.0,0.003,13.7,2.0,3.0,0.0,20.03,0.0,-1.55,0.0,0.0,0.003,-0.001,0.0,0.0069999999999999,0.0,-0.004,0.0,0.508,0.001,-0.487,0.278,0.0,16.89,17.29,16.85,-4.141,16.69,16.61,17.57,0.0,-0.001,0.0,0.0,10.0,10.0,10.0,8.0,0.0,0.0,0.0,0.0,0.0,15.11,15.1,0.0,0.0,0.0,0.0,0.0,0.0,59.96,6000.0,-1.3330000000000002,-0.2,2.0,0.0,0.2,0.2,-0.0379999999999999,17.38,16.99,16.8,17.12,17.33,17.66,16.68,16.99,17.11,17.2,16.83,17.11,18.58,18.34,30.0,31.0,38.03,16.71,0.0,91.9,32.14,2.0,3.517,-1.0,0.7299999999999999,1.2,4903
2015-12-24 19:11:00,0.0,0.0,0.0,0.0,0.0,0.0,2.0,289769.0,32.0,0.0,75.59999999999998,59.5,60.0,-0.1019999999999999,9462.0,1373.0,1379.0,298603.0,-0.0759999999999999,-0.0279999999999999,0.093,-0.923,0.032,0.083,1.0,0.757,273.3,275.3,277.0,277.0,0.818,275.3,0.7909999999999999,276.1,0.8359999999999999,275.0,0.003,13.7,2.0,3.0,0.0,20.02,0.0,-1.6669999999999998,0.0,0.001,0.003,-0.001,0.0,0.0069999999999999,0.0,-0.004,0.0,0.508,0.001,-0.482,0.278,0.0,16.89,17.34,16.88,43.02,16.82,16.67,17.62,0.001,-0.001,0.0,0.0,10.0,10.0,10.0,8.0,0.0,0.0,0.0,0.0,0.0,15.08,15.08,0.0,0.0,0.0,0.0,0.0,0.0,59.96,6000.0,-1.4,-0.2,2.0,0.0,0.2,0.2,-0.0379999999999999,17.42,17.02,16.84,17.14,17.34,17.7,16.7,17.02,17.14,17.23,16.86,17.15,18.6,18.43,30.0,31.0,38.0,16.76,0.0,52.42,23.91,2.0,3.521,-1.0,0.542,0.9,4903
2015-12-24 19:12:00,0.0,0.0,0.0,0.0,0.0,0.0,2.0,289769.0,32.0,0.0,75.59999999999998,59.5,60.0,-0.1,9462.0,1373.0,1379.0,298603.0,-0.0759999999999999,-0.0299999999999999,0.1,-0.923,0.032,0.083,1.0,0.758,273.3,275.3,277.0,277.0,0.818,275.5,0.7909999999999999,276.0,0.8359999999999999,275.0,0.003,13.7,2.0,3.0,0.0,20.01,0.0,-1.6,0.0,0.001,0.003,-0.001,0.0,0.0069999999999999,0.0,-0.004,0.0,0.508,0.001,-0.4739999999999999,0.2789999999999999,0.0,16.95,17.45,16.91,67.25,16.8,16.7,17.63,0.001,0.0,0.0,0.0,10.0,10.0,10.0,8.0,0.0,0.0,0.0,0.0,0.0,14.57,14.83,0.0,0.0,0.0,0.0,0.0,0.0,59.97,6000.0,-1.467,-0.2,2.0,0.0,0.2,0.2,-0.0379999999999999,17.44,17.04,16.86,17.16,17.36,17.72,16.72,17.06,17.18,17.27,16.9,17.17,18.59,18.53,30.0,31.0,38.0,16.79,0.0,25.58,63.85,2.0,3.521,-1.0,0.4899999999999999,1.3,4903
2015-12-24 19:13:00,0.0,0.0,0.0,0.0,0.0,0.0,2.0,289769.0,32.0,0.0,75.59999999999998,59.5,60.0,-0.1,9462.0,1373.0,1379.0,298603.0,-0.0759999999999999,-0.037,0.093,-0.923,0.032,0.083,1.0,0.765,273.0,275.0,277.0,276.9,0.818,275.0,0.7909999999999999,276.0,0.8359999999999999,274.9,-0.004,13.43,2.0,3.0,0.0,20.0,0.0,-1.3330000000000002,0.0,0.002,0.003,-0.002,-0.001,0.0069999999999999,-0.001,-0.004,0.3679999999999999,0.8329999999999999,0.0,-0.108,0.278,0.001,16.98,17.47,16.98,95.7,16.9,16.75,17.65,0.001,-0.001,0.001,-0.001,10.0,10.0,10.0,8.0,0.0,0.0,0.0,0.0,0.0,13.77,14.0,0.0,0.0,0.0,0.0,0.0,0.0,59.96,6000.0,-1.217,-0.2,2.0,0.0,0.2,0.2,-0.034,17.44,17.05,16.87,17.17,17.35,17.71,16.73,17.07,17.17,17.28,16.91,17.19,18.56,18.58,30.0,31.0,38.0,16.84,0.0,52.26,18.2,2.0,3.521,-1.0,0.893,1.3,4903
2015-12-24 19:14:00,0.0,0.0,0.0,0.0,0.0,0.0,2.0,289769.0,32.0,0.0,75.59999999999998,59.5,60.0,-0.1,9462.0,1373.0,1379.0,298603.0,-0.0759999999999999,-0.0449999999999999,0.08,-0.923,0.032,0.0819999999999999,1.0,0.758,272.9,275.0,276.9,276.0,0.818,275.0,0.7909999999999999,276.0,0.8359999999999999,274.0,0.012,13.7,2.0,3.0,0.0,19.98,0.0,-1.183,0.0,0.001,0.002,-0.002,-0.001,0.0069999999999999,-0.001,-0.004,0.0,0.508,0.0,-0.4909999999999999,0.2789999999999999,0.001,16.98,17.47,16.98,-106.3,16.9,16.8,17.63,0.0,-0.001,0.0,0.0,10.0,10.0,10.0,8.0,0.0,0.0,0.0,0.0,0.0,13.5,13.95,0.0,0.0,0.0,0.0,0.0,0.0,59.97,6000.0,-1.133,-0.2,2.0,0.0,0.2,0.2,-0.0379999999999999,17.45,17.04,16.87,17.16,17.34,17.72,16.72,17.07,17.16,17.27,16.91,17.18,18.58,18.5,30.0,31.0,38.0,16.89,0.0,73.09999999999998,20.71,2.0,3.519,-1.0,1.255,1.7,4903
2015-12-24 19:15:00,0.0,0.0,0.0,0.0,0.0,0.0,2.0,289769.0,32.0,0.0,75.59999999999998,59.5,60.0,-0.1019999999999999,9462.0,1373.0,1379.0,298603.0,-0.0759999999999999,-0.037,0.0969999999999999,-0.924,0.032,0.0819999999999999,1.0,0.747,273.0,275.0,277.0,276.0,0.818,275.0,0.7909999999999999,276.0,0.8359999999999999,274.0,0.003,13.7,2.0,3.0,0.0,19.97,0.0,-1.133,0.0,0.0,0.0,-0.003,-0.002,0.004,-0.002,-0.004,0.0,0.508,0.0,-0.4799999999999999,0.2789999999999999,0.0,16.98,17.47,16.99,197.5,16.91,16.81,17.65,0.001,-0.001,0.001,0.0,10.0,10.0,10.0,8.0,0.0,0.0,0.0,0.0,0.0,13.83,14.0,0.0,0.0,0.0,0.0,0.0,0.0,59.97,6000.0,-1.167,-0.2,2.0,0.0,0.2,0.2,-0.0379999999999999,17.45,17.04,16.87,17.14,17.3,17.71,16.71,17.06,17.15,17.26,16.9,17.18,18.6,18.59,30.0,31.0,38.0,16.93,0.0,82.2,28.93,2.0,3.519,-1.0,0.427,1.1,4903
2015-12-24 19:16:00,0.0,0.0,0.0,0.0,0.0,0.0,2.0,289769.0,32.0,0.0,75.59999999999998,59.5,60.0,-0.1,9462.0,1373.0,1379.0,298603.0,-0.0759999999999999,-0.033,0.0869999999999999,-0.924,0.032,0.0819999999999999,1.0,0.758,273.0,275.0,277.0,276.0,0.818,275.0,0.7909999999999999,276.0,0.8359999999999999,274.0,0.003,13.7,2.0,3.0,0.0,19.97,0.0,-1.217,0.0,0.0,0.0,-0.003,-0.002,0.003,-0.002,-0.004,0.0,0.508,0.0,-0.4889999999999999,0.278,0.0,17.02,17.5,17.0,49.57,16.9,16.77,17.66,0.0,0.0,0.001,0.0,10.0,10.0,10.0,8.0,0.0,0.0,0.0,0.0,0.0,14.9,15.2,0.0,0.0,0.0,0.0,0.0,0.0,59.97,6000.0,-1.283,-0.2,2.0,0.0,0.2,0.2,-0.0379999999999999,17.47,17.05,16.88,17.17,17.38,17.71,16.73,17.07,17.17,17.28,16.92,17.19,18.6,18.63,30.0,31.0,38.0,16.98,0.0,17.21,62.44,2.0,3.518,-1.0,0.27,0.5,4903
2015-12-24 19:17:00,0.0,0.0,0.0,0.0,0.0,0.0,2.0,289769.0,32.0,0.0,75.59999999999998,59.5,60.0,-0.1019999999999999,9462.0,1373.0,1379.0,298603.0,-0.0759999999999999,-0.0279999999999999,0.088,-0.923,0.032,0.0819999999999999,1.0,0.77,273.0,275.0,277.0,276.0,0.818,275.0,0.7909999999999999,276.0,0.8359999999999999,274.0,0.003,13.7,2.0,3.0,0.0,19.97,0.0,-1.2,0.0,0.0,0.0,-0.003,-0.002,0.004,-0.001,-0.003,0.0,0.508,0.0,-0.495,0.278,0.0,17.08,17.57,17.11,399.9,16.9,16.8,17.66,0.001,0.0,0.0,0.0,10.0,10.0,10.0,8.0,0.0,0.0,0.0,0.0,0.0,15.73,16.0,0.0,0.0,0.0,0.0,0.0,0.0,59.95,6000.0,-1.25,-0.2,2.0,0.0,0.2,0.2,-0.0379999999999999,17.52,17.1,16.92,17.2,17.37,17.74,16.77,17.11,17.22,17.32,16.95,17.24,18.59,18.56,30.0,31.0,38.0,17.03,0.0,311.3,67.7,2.0,3.519,-1.0,0.203,0.4,4903
2015-12-24 19:18:00,0.0,0.0,0.0,0.0,0.0,0.0,2.0,289769.0,32.0,0.0,75.59999999999998,59.5,60.0,-0.1019999999999999,9462.0,1373.0,1379.0,298603.0,-0.0759999999999999,-0.037,0.0899999999999999,-0.923,0.032,0.0819999999999999,1.0,0.765,273.0,275.0,277.0,276.0,0.818,275.0,0.7909999999999999,276.0,0.8359999999999999,274.0,0.003,13.7,2.0,3.0,0.0,19.95,0.0,-1.317,0.0,0.0,0.0,-0.002,-0.002,0.0069999999999999,0.0,-0.003,0.0,0.508,0.0,-0.4889999999999999,0.2789999999999999,0.0,17.13,17.57,17.11,89.09999999999998,16.9,16.9,17.7,0.001,-0.001,0.0,-0.001,10.0,10.0,10.0,8.0,0.0,0.0,0.0,0.0,0.0,15.93,16.0,0.0,0.0,0.0,0.0,0.0,0.0,59.96,6000.0,-1.183,-0.2,2.0,0.0,0.2,0.2,-0.0379999999999999,17.55,17.13,16.96,17.24,17.41,17.76,16.8,17.15,17.24,17.36,17.0,17.27,18.6,18.51,30.0,31.0,38.0,17.07,0.0,89.79999999999998,31.96,2.0,3.519,-1.0,0.5749999999999998,1.1,4903
2015-12-24 19:19:00,0.0,0.0,0.0,0.0,0.0,0.0,2.0,289769.0,32.0,0.0,75.59999999999998,59.5,60.0,-0.1,9462.0,1373.0,1379.0,298603.0,-0.0759999999999999,-0.023,0.0899999999999999,-0.923,0.032,0.0819999999999999,1.0,0.763,273.0,275.0,277.0,276.0,0.818,275.0,0.7909999999999999,276.0,0.8359999999999999,274.0,0.004,13.6,2.0,3.0,0.0,19.94,0.0,-1.4,0.0,0.001,0.0,-0.001,-0.001,0.0069999999999999,0.0,-0.002,0.2239999999999999,0.694,0.0,-0.2389999999999999,0.278,0.0,17.18,17.57,17.09,53.47,16.99,16.91,17.76,0.0,0.0,0.0,0.0,10.0,10.0,10.0,8.0,0.0,0.0,0.0,0.0,0.0,15.93,16.0,0.0,0.0,0.0,0.0,0.0,0.0,59.95,6000.0,-1.2,-0.2,2.0,0.0,0.2,0.2,-0.0379999999999999,17.58,17.16,16.99,17.27,17.45,17.79,16.83,17.18,17.26,17.4,17.03,17.3,18.63,18.5,30.0,31.0,38.0,17.11,0.0,111.4,27.39,2.0,3.518,-1.0,0.452,0.8,4903
2015-12-24 19:20:00,0.0,0.0,0.0,0.0,0.0,0.0,2.0,289769.0,32.0,0.0,75.59999999999998,59.5,60.0,-0.1,9462.0,1373.0,1379.0,298603.0,-0.0759999999999999,-0.035,0.0899999999999999,-0.923,0.032,0.0819999999999999,1.0,0.757,273.0,275.0,277.0,276.9,0.818,275.0,0.7909999999999999,276.0,0.8359999999999999,274.9,0.003,13.7,2.0,3.0,0.0,19.94,0.0,-1.1,0.0,0.001,0.0,0.0,0.001,0.0069999999999999,0.001,-0.001,0.0,0.508,0.0,-0.4799999999999999,0.2789999999999999,0.0,17.18,17.62,17.14,39.13,17.05,16.93,17.76,0.001,0.0,0.001,-0.001,10.0,10.0,10.0,8.0,0.0,0.0,0.0,0.0,0.0,16.03,16.0,0.0,0.0,0.0,0.0,0.0,0.0,59.96,6000.0,-1.117,-0.2,2.0,0.0,0.2,0.2,-0.0379999999999999,17.6,17.19,17.02,17.32,17.44,17.81,16.88,17.23,17.3,17.44,17.08,17.34,18.63,18.51,30.0,31.0,38.0,17.15,0.0,106.3,29.0,2.0,3.518,-1.0,0.697,1.1,4903
2015-12-24 19:21:00,0.0,0.0,0.0,0.0,0.0,0.0,2.0,289769.0,32.0,0.0,75.59999999999998,59.5,60.0,-0.1,9462.0,1373.0,1379.0,298603.0,-0.0759999999999999,-0.04,0.095,-0.923,0.032,0.0819999999999999,1.0,0.7419999999999999,273.0,275.0,277.0,276.8,0.818,275.0,0.7909999999999999,276.0,0.8359999999999999,274.7,0.003,13.7,2.0,3.0,0.0,19.93,0.0,-1.083,0.0,0.001,0.003,0.001,0.002,0.0069999999999999,0.002,-0.001,0.0,0.508,0.0,-0.472,0.2789999999999999,0.0,17.24,17.66,17.17,,17.08,16.99,17.81,0.001,0.0,0.0,0.0,10.0,10.0,10.0,8.0,0.0,0.0,0.0,0.0,0.0,16.49,16.82,0.0,0.0,0.0,0.0,0.0,0.0,59.96,6000.0,-1.183,-0.2,2.0,0.0,0.2,0.2,-0.0379999999999999,17.62,17.21,17.05,17.34,17.44,17.82,16.9,17.26,17.32,17.47,17.1,17.37,18.65,18.56,30.0,31.0,38.0,17.2,0.0,62.43,56.72,2.0,3.519,-1.0,0.3499999999999999,0.9,4903
2015-12-24 19:22:00,0.0,0.0,0.0,0.0,0.0,0.0,2.0,289769.0,32.0,0.0,75.59999999999998,59.5,60.0,-0.1019999999999999,9462.0,1373.0,1379.0,298603.0,-0.0759999999999999,-0.0299999999999999,0.098,-0.923,0.032,0.0819999999999999,1.0,0.75,273.0,275.0,277.0,276.6,0.818,275.0,0.7909999999999999,276.0,0.8359999999999999,274.9,0.003,13.7,2.0,3.0,0.0,19.92,0.0,-1.25,0.0,0.002,0.003,0.001,0.002,0.0069999999999999,0.002,-0.001,0.0,0.508,0.0,-0.4839999999999999,0.278,0.0,17.29,17.66,17.25,114.0,17.07,17.06,17.86,0.001,-0.001,0.0,0.0,10.0,10.0,10.0,8.0,0.0,0.0,0.0,0.0,0.0,16.98,17.1,0.0,0.0,0.0,0.0,0.0,0.0,59.97,6000.0,-1.217,-0.2,2.0,0.0,0.2,0.2,-0.0379999999999999,17.64,17.25,17.08,17.37,17.49,17.84,16.94,17.29,17.35,17.5,17.14,17.4,18.65,18.64,30.0,31.0,38.0,17.25,0.0,57.53,58.09,2.0,3.519,-1.0,0.195,0.4,4903
2015-12-24 19:23:00,0.0,0.0,0.0,0.0,0.0,0.0,2.0,289769.0,32.0,0.0,75.59999999999998,59.5,60.0,-0.1,9462.0,1373.0,1379.0,298603.0,-0.0759999999999999,-0.037,0.0899999999999999,-0.924,0.032,0.0819999999999999,1.0,0.7369999999999999,273.2,275.2,277.0,276.9,0.818,275.1,0.7909999999999999,276.0,0.8359999999999999,275.0,0.003,13.7,2.0,3.0,0.0,19.92,0.0,-1.733,0.0,0.002,0.003,0.002,0.003,0.0069999999999999,0.003,0.0,0.0,0.508,0.002,-0.4779999999999999,0.2789999999999999,0.0,17.36,17.75,17.3,158.4,17.07,17.07,17.89,0.001,-0.001,0.001,0.0,10.0,10.0,10.0,8.0,0.0,0.0,0.0,0.0,0.0,17.56,17.87,0.0,0.0,0.0,0.0,0.0,0.0,59.96,6000.0,-1.45,-0.2,2.0,0.0,0.2,0.2,-0.0379999999999999,17.68,17.28,17.12,17.41,17.53,17.87,16.97,17.33,17.37,17.54,17.17,17.43,18.66,18.64,30.0,31.0,38.0,17.29,0.0,103.1,18.89,2.0,3.521,-1.0,0.4729999999999999,0.8,4903
2015-12-24 19:24:00,0.0,0.0,0.0,0.0,0.0,0.0,2.0,289769.0,32.0,0.0,75.59999999999998,59.5,60.0,-0.1,9462.0,1373.0,1379.0,298603.0,-0.0759999999999999,-0.035,0.0899999999999999,-0.923,0.032,0.0819999999999999,1.0,0.7369999999999999,273.0,275.0,277.0,276.8,0.818,275.0,0.7909999999999999,276.0,0.8359999999999999,274.9,0.003,13.58,2.0,1.0,0.0,19.92,0.0,-1.0,0.0,0.002,0.004,0.002,0.003,0.0069999999999999,0.003,0.0,0.152,0.6149999999999999,0.003,-0.322,0.278,0.001,17.37,17.76,17.27,43.6,17.15,17.09,17.96,0.0,0.0,0.0,0.0,10.0,10.0,10.0,8.0,0.0,0.0,0.0,0.0,0.0,17.97,18.0,0.0,0.0,0.0,0.0,0.0,0.0,59.96,6000.0,-1.05,-0.2,2.0,0.0,0.2,0.2,-0.0379999999999999,17.71,17.31,17.14,17.43,17.52,17.89,17.0,17.37,17.4,17.58,17.21,17.46,18.68,18.63,30.0,31.0,38.0,17.32,0.0,104.3,22.59,2.0,3.519,-1.0,0.672,1.2,4903
2015-12-24 19:25:00,0.0,0.0,0.0,0.0,0.0,0.0,2.0,289769.0,32.0,0.0,75.59999999999998,59.5,60.0,-0.1019999999999999,9462.0,1373.0,1379.0,298603.0,-0.0759999999999999,-0.0279999999999999,0.0969999999999999,-0.923,0.032,0.0819999999999999,1.0,0.752,273.0,275.0,277.0,276.8,0.818,275.0,0.7909999999999999,276.0,0.8359999999999999,274.8,0.005,13.7,2.0,3.0,0.0,19.9,0.0,-1.05,0.0,0.002,0.005,0.002,0.003,0.0069999999999999,0.003,0.0,0.0,0.508,0.003,-0.4889999999999999,0.278,0.0,17.42,17.76,17.32,115.2,17.17,17.11,17.96,0.001,0.0,0.0,0.0,10.0,10.0,10.0,8.0,0.0,0.0,0.0,0.0,0.0,17.91,18.0,0.0,0.0,0.0,0.0,0.0,0.0,59.97,6000.0,-1.133,-0.2,2.0,0.0,0.2,0.2,-0.0379999999999999,17.73,17.34,17.17,17.45,17.57,17.91,17.03,17.39,17.42,17.6,17.24,17.5,18.71,18.63,30.0,31.0,38.0,17.36,0.0,98.1,20.47,2.0,3.519,-1.0,0.692,1.0,4903
2015-12-24 19:26:00,0.0,0.0,0.0,0.0,0.0,0.0,2.0,289769.0,32.0,0.0,75.59999999999998,59.5,60.0,-0.1019999999999999,9462.0,1373.0,1379.0,298603.0,-0.0759999999999999,-0.032,0.088,-0.923,0.032,0.0819999999999999,1.0,0.752,273.5,275.5,277.0,277.0,0.818,275.5,0.7909999999999999,276.0,0.8359999999999999,275.0,0.003,13.7,2.0,3.0,0.0,19.89,0.0,-1.133,0.0,0.002,0.004,0.002,0.003,0.0069999999999999,0.003,0.0,0.0,0.508,0.003,-0.487,0.2789999999999999,0.0,17.47,17.76,17.37,45.45,17.22,17.19,17.96,0.001,-0.001,0.0,-0.001,10.0,10.0,10.0,8.0,0.0,0.0,0.0,0.0,0.0,17.77,18.0,0.0,0.0,0.0,0.0,0.0,0.0,59.96,6000.0,-1.15,-0.2,2.0,0.0,0.2,0.2,-0.0379999999999999,17.76,17.36,17.21,17.48,17.65,17.94,17.05,17.42,17.45,17.62,17.27,17.53,18.75,18.59,30.0,31.0,38.0,17.38,0.0,54.12,27.99,2.0,3.519,-1.0,0.545,0.8,4903
2015-12-24 19:27:00,0.0,0.0,0.0,0.0,0.0,0.0,2.0,289769.0,32.0,0.0,75.59999999999998,59.5,60.0,-0.1,9462.0,1373.0,1379.0,298603.0,-0.0759999999999999,-0.025,0.093,-0.923,0.032,0.0819999999999999,1.0,0.7429999999999999,273.2,275.2,277.0,276.9,0.818,275.1,0.7909999999999999,276.0,0.8359999999999999,275.0,0.003,13.7,2.0,3.0,0.0,19.89,0.0,-1.4,0.0,0.002,0.003,0.003,0.003,0.0069999999999999,0.004,0.001,0.0,0.508,0.003,-0.4839999999999999,0.2789999999999999,0.0,17.47,17.84,17.4,31.28,17.28,17.17,18.02,0.0,-0.001,0.0,-0.001,10.0,10.0,10.0,8.0,0.0,0.0,0.0,0.0,0.0,17.47,17.97,0.0,0.0,0.0,0.0,0.0,0.0,59.96,6000.0,-1.283,-0.2,2.0,0.0,0.2,0.2,-0.0379999999999999,17.8,17.39,17.23,17.5,17.69,17.96,17.07,17.44,17.47,17.64,17.29,17.55,18.79,18.55,30.0,31.0,38.0,17.4,0.0,1.61,61.52,2.0,3.519,-0.983,0.39,0.6999999999999998,4903
2015-12-24 19:28:00,0.0,0.0,0.0,0.0,0.0,0.0,2.0,289769.0,32.0,0.0,75.59999999999998,59.5,60.0,-0.1,9462.0,1373.0,1379.0,298603.0,-0.0759999999999999,-0.0279999999999999,0.0969999999999999,-0.923,0.032,0.0819999999999999,1.0,0.75,273.4,275.4,277.0,276.9,0.818,275.7,0.7909999999999999,276.0,0.8359999999999999,275.0,0.003,13.7,2.0,3.0,0.0,19.89,0.0,-1.25,0.0,0.002,0.003,0.003,0.004,0.0069999999999999,0.004,0.001,0.0,0.508,0.001,-0.4779999999999999,0.2789999999999999,0.0,17.47,17.86,17.39,25.41,17.27,17.17,18.05,0.001,-0.001,0.0,0.0,10.0,10.0,10.0,8.0,0.0,0.0,0.0,0.0,0.0,17.18,17.37,0.0,0.0,0.0,0.0,0.0,0.0,59.96,6000.0,-1.233,-0.2,2.0,0.0,0.2,0.2,-0.0379999999999999,17.85,17.42,17.26,17.52,17.72,17.98,17.08,17.48,17.51,17.67,17.33,17.58,18.8,18.58,30.0,31.0,38.0,17.43,0.0,40.89,29.39,2.0,3.519,-1.0,0.507,0.9,4903
2015-12-24 19:29:00,0.0,0.0,0.0,0.0,0.0,0.0,2.0,289769.0,32.0,0.0,75.59999999999998,59.5,60.0,-0.1,9462.0,1373.0,1379.0,298603.0,-0.0759999999999999,-0.0279999999999999,0.0919999999999999,-0.923,0.032,0.0819999999999999,1.0,0.755,273.3,275.3,277.0,276.8,0.818,275.6,0.7909999999999999,276.0,0.8359999999999999,274.9,0.004,13.7,2.0,3.0,0.0,19.89,0.0,-1.1,0.0,0.002,0.003,0.003,0.004,0.0069999999999999,0.004,0.001,0.19,0.6509999999999999,0.0,-0.2899999999999999,0.2789999999999999,0.0,17.55,17.86,17.45,41.54,17.27,17.22,18.05,0.001,-0.001,0.001,0.0,10.0,10.0,10.0,8.0,0.0,0.0,0.0,0.0,0.0,16.9,17.07,0.0,0.0,0.0,0.0,0.0,0.0,59.97,6000.0,-1.2,-0.2,2.0,0.0,0.2,0.2,-0.0379999999999999,17.9,17.45,17.28,17.53,17.75,18.01,17.11,17.52,17.54,17.7,17.36,17.61,18.81,18.63,30.0,31.0,38.0,17.45,0.0,92.4,60.75,2.0,3.519,-1.0,0.3029999999999999,0.6999999999999998,4903
2015-12-24 19:30:00,0.0,0.0,0.0,0.0,0.0,0.0,2.0,289769.0,32.0,0.0,75.59999999999998,59.5,60.0,-0.1,9462.0,1373.0,1379.0,298603.0,-0.0759999999999999,-0.0279999999999999,0.088,-0.924,0.032,0.0819999999999999,1.0,0.748,273.5,275.5,277.0,277.0,0.818,275.7,0.7909999999999999,276.0,0.8359999999999999,275.0,0.003,13.49,2.0,3.0,0.0,19.86,0.0,-1.183,0.0,0.002,0.003,0.003,0.004,0.0069999999999999,0.004,0.001,0.006,0.503,0.0,-0.487,0.278,0.001,17.57,17.86,17.46,50.77,17.27,17.27,18.09,0.001,-0.001,0.0,0.0,10.0,10.0,10.0,8.0,0.0,0.0,0.0,0.0,0.0,16.21,16.47,0.0,0.0,0.0,0.0,0.0,0.0,59.96,6000.0,-1.167,-0.2,2.0,0.0,0.2,0.2,-0.0379999999999999,17.93,17.47,17.31,17.55,17.79,18.03,17.13,17.54,17.56,17.72,17.38,17.63,18.83,18.62,30.0,31.0,38.0,17.48,0.0,53.04,39.21,2.0,3.519,-1.0,0.2919999999999999,0.8,4903
2015-12-24 19:31:00,0.0,0.0,0.0,0.0,0.0,0.0,2.0,289769.0,32.0,0.0,75.59999999999998,59.5,60.0,-0.1,9462.0,1373.0,1379.0,298603.0,-0.0759999999999999,-0.027,0.093,-0.923,0.032,0.0819999999999999,1.0,0.753,273.7,275.7,277.0,277.0,0.818,275.7,0.7909999999999999,276.2,0.8359999999999999,275.0,0.003,13.7,2.0,3.0,0.0,19.86,0.0,-1.367,0.0,0.002,0.003,0.003,0.004,0.0069999999999999,0.003,0.001,0.0,0.508,0.0,-0.4889999999999999,0.2789999999999999,0.0,17.57,17.86,17.46,40.09,17.27,17.28,18.15,0.001,-0.001,0.0,0.0,10.0,10.0,10.0,8.0,0.0,0.0,0.0,0.0,0.0,14.72,14.97,0.0,0.0,0.0,0.0,0.0,0.0,59.96,6000.0,-1.217,-0.2,2.0,0.0,0.2,0.2,-0.0379999999999999,17.97,17.5,17.33,17.57,17.8,18.06,17.15,17.55,17.57,17.73,17.4,17.66,18.85,18.63,30.0,31.0,38.0,17.49,0.0,85.2,18.92,2.0,3.519,-1.0,0.5829999999999999,1.0,4903
2015-12-24 19:32:00,0.0,0.0,0.0,0.0,0.0,0.0,2.0,289769.0,32.0,0.0,75.59999999999998,59.5,60.0,-0.1019999999999999,9462.0,1373.0,1379.0,298603.0,-0.0759999999999999,-0.0299999999999999,0.093,-0.923,0.032,0.0819999999999999,1.0,0.7399999999999999,274.0,276.0,277.0,277.0,0.818,276.0,0.7909999999999999,276.3,0.8359999999999999,275.0,0.003,13.7,2.0,3.0,0.0,19.86,0.0,-1.6669999999999998,0.0,0.002,0.003,0.003,0.003,0.0069999999999999,0.004,0.001,0.0,0.508,0.0,-0.4929999999999999,0.278,0.0,17.57,17.86,17.46,83.59999999999998,17.27,17.27,18.15,0.001,0.0,0.0,-0.001,10.0,10.0,10.0,8.0,0.0,0.0,0.0,0.0,0.0,13.34,13.5,0.0,0.0,0.0,0.0,0.0,0.0,59.96,6000.0,-1.433,-0.2,2.0,0.0,0.2,0.2,-0.0379999999999999,18.01,17.52,17.35,17.6,17.84,18.07,17.19,17.57,17.62,17.75,17.42,17.68,18.89,18.67,30.0,31.0,38.0,17.5,0.0,82.2,19.71,2.0,3.519,-1.0,0.67,1.1,4903
2015-12-24 19:33:00,0.0,0.0,0.0,0.0,0.0,0.0,2.0,289769.0,32.0,0.0,75.59999999999998,59.5,60.0,-0.1,9462.0,1373.0,1379.0,298603.0,-0.0759999999999999,-0.0379999999999999,0.0969999999999999,-0.923,0.032,0.0819999999999999,1.0,0.75,273.7,275.7,277.0,277.0,0.818,276.0,0.7909999999999999,276.2,0.8359999999999999,275.0,0.003,13.7,2.0,3.0,0.0,19.86,0.0,-1.25,0.0,0.001,0.003,0.003,0.003,0.0069999999999999,0.003,0.001,0.0,0.508,0.0,-0.4699999999999999,0.2789999999999999,0.0,17.57,17.86,17.48,50.15,17.27,17.27,18.15,0.001,-0.001,0.0,0.0,10.0,10.0,10.0,8.0,0.0,0.0,0.0,0.0,0.0,12.8,13.0,0.0,0.0,0.0,0.0,0.0,0.0,59.96,6000.0,-1.133,-0.2,2.0,0.0,0.2,0.2,-0.0379999999999999,17.99,17.52,17.35,17.6,17.83,18.06,17.2,17.57,17.6,17.75,17.41,17.67,18.91,18.67,30.0,31.0,38.0,17.47,0.0,82.0,71.98,2.0,3.519,-1.0,0.552,1.2,4903
2015-12-24 19:34:00,0.0,0.0,0.0,0.0,0.0,0.0,2.0,289769.0,32.0,0.0,75.59999999999998,59.5,60.0,-0.1,9462.0,1373.0,1379.0,298603.0,-0.0759999999999999,-0.0279999999999999,0.098,-0.923,0.032,0.0819999999999999,1.0,0.745,274.0,276.0,277.1,277.0,0.818,276.0,0.7909999999999999,276.8,0.8359999999999999,275.0,0.003,13.7,2.0,3.0,0.0,19.86,0.0,-1.517,0.0,0.001,0.002,0.002,0.002,0.0069999999999999,0.003,0.0,0.0,0.508,0.0,-0.472,0.2789999999999999,0.0,17.57,17.86,17.46,21.45,17.27,17.27,18.15,0.001,-0.001,0.0,0.0,10.0,10.0,10.0,8.0,0.0,0.0,0.0,0.0,0.0,13.15,13.38,0.0,0.0,0.0,0.0,0.0,0.0,59.97,6000.0,-1.383,-0.2,2.0,0.0,0.2,0.2,-0.0379999999999999,18.02,17.53,17.35,17.6,17.88,18.04,17.21,17.56,17.61,17.73,17.4,17.67,18.93,18.67,30.0,31.0,38.0,17.46,0.0,358.5,29.14,2.0,3.518,-1.0,0.4149999999999999,0.6999999999999998,4903
2015-12-24 19:35:00,0.0,0.0,0.0,0.0,0.0,0.0,2.0,289769.0,32.0,0.0,75.59999999999998,59.5,60.0,-0.1,9462.0,1373.0,1379.0,298603.0,-0.0759999999999999,-0.037,0.1,-0.923,0.032,0.0819999999999999,1.0,0.7399999999999999,274.0,276.0,277.1,277.0,0.818,276.0,0.7909999999999999,276.8,0.8359999999999999,275.0,0.004,13.63,2.0,1.0,0.0,19.86,0.0,-1.25,0.0,0.0,0.0,0.002,0.002,0.0069999999999999,0.003,0.0,0.201,0.6829999999999999,0.0,-0.267,0.278,0.001,17.57,17.86,17.46,19.43,17.27,17.22,18.12,0.0,-0.001,0.0,-0.001,10.0,10.0,10.0,8.0,0.0,0.0,0.0,0.0,0.0,13.76,14.0,0.0,0.0,0.0,0.0,0.0,0.0,59.97,6000.0,-1.267,-0.2,2.0,0.0,0.2,0.2,-0.0379999999999999,18.04,17.55,17.37,17.61,17.89,18.05,17.24,17.57,17.64,17.75,17.41,17.7,18.93,18.68,30.0,31.0,38.0,17.46,0.0,37.49,55.65,2.0,3.518,-1.0,0.2969999999999999,0.5999999999999999,4903
2015-12-24 19:36:00,0.0,0.0,0.0,0.0,0.0,0.0,2.0,289769.0,32.0,0.0,75.59999999999998,59.5,60.0,-0.103,9462.0,1373.0,1379.0,298603.0,-0.0759999999999999,-0.023,0.1,-0.923,0.032,0.0819999999999999,1.0,0.745,274.0,276.0,277.3,277.0,0.818,276.0,0.7909999999999999,277.0,0.8359999999999999,275.0,0.004,13.7,2.0,3.0,0.0,19.86,0.0,-1.233,0.0,-0.001,0.0,0.002,0.002,0.006,0.002,0.0,0.0,0.508,0.0,-0.4889999999999999,0.2789999999999999,0.0,17.57,17.86,17.46,82.5,17.27,17.27,18.15,0.001,-0.001,0.001,0.0,10.0,10.0,10.0,8.0,0.0,0.0,0.0,0.0,0.0,14.6,14.68,0.0,0.0,0.0,0.0,0.0,0.0,59.96,6000.0,-1.233,-0.2,2.0,0.0,0.2,0.2,-0.0379999999999999,18.08,17.59,17.39,17.64,17.89,18.06,17.27,17.59,17.68,17.77,17.43,17.72,18.91,18.74,30.0,31.0,38.0,17.47,0.0,107.6,53.86,2.0,3.519,-1.0,0.312,1.0,4903
2015-12-24 19:37:00,0.0,0.0,0.0,0.0,0.0,0.0,2.0,289769.0,32.0,0.0,75.59999999999998,59.5,60.0,-0.1019999999999999,9462.0,1373.0,1379.0,298603.0,-0.0759999999999999,-0.027,0.098,-0.923,0.032,0.0819999999999999,1.0,0.7269999999999999,274.0,276.0,277.2,277.0,0.818,276.0,0.7909999999999999,276.6,0.8359999999999999,275.0,0.003,13.7,2.0,3.0,0.0,19.86,0.0,-1.25,0.0,0.0,0.0,0.003,0.001,0.006,0.003,0.0,0.0,0.508,0.0,-0.4839999999999999,0.278,0.0,17.57,17.86,17.46,124.4,17.27,17.27,18.15,0.0,-0.001,0.0,-0.001,10.0,10.0,10.0,8.0,0.0,0.0,0.0,0.0,0.0,15.39,15.95,0.0,0.0,0.0,0.0,0.0,0.0,59.96,6000.0,-1.283,-0.2,2.0,0.0,0.2,0.2,-0.0379999999999999,18.12,17.63,17.43,17.68,17.89,18.06,17.32,17.63,17.73,17.82,17.47,17.76,18.94,18.8,30.0,31.0,38.0,17.49,0.0,357.7,92.4,2.0,3.519,-1.0,0.3379999999999999,0.8,4903
2015-12-24 19:38:00,0.0,0.0,0.0,0.0,0.0,0.0,2.0,289769.0,32.0,0.0,75.59999999999998,59.5,60.0,-0.1019999999999999,9462.0,1373.0,1379.0,298603.0,-0.0759999999999999,-0.017,0.1,-0.923,0.032,0.0819999999999999,1.0,0.7349999999999999,274.0,276.0,277.0,277.0,0.818,276.0,0.7909999999999999,276.3,0.8359999999999999,275.0,0.003,13.7,2.0,3.0,0.0,19.86,0.0,-1.267,0.0,0.001,0.0,0.003,0.002,0.0069999999999999,0.003,0.001,0.0,0.508,0.0,-0.4839999999999999,0.2789999999999999,0.0,17.65,17.86,17.48,86.2,17.27,17.27,18.15,0.001,0.0,0.0,0.0,10.0,10.0,10.0,8.0,0.0,0.0,0.0,0.0,0.0,15.66,16.0,0.0,0.0,0.0,0.0,0.0,0.0,59.96,6000.0,-1.25,-0.2,2.0,0.0,0.2,0.2,-0.0379999999999999,18.15,17.67,17.47,17.73,17.98,18.11,17.38,17.67,17.78,17.87,17.53,17.8,18.95,18.81,30.0,31.0,38.0,17.52,0.0,350.5,33.86,2.0,3.521,-1.0,0.395,0.5999999999999999,4903
2015-12-24 19:39:00,0.0,0.0,0.0,0.0,0.0,0.0,2.0,289769.0,32.0,0.0,75.59999999999998,59.5,60.0,-0.1,9462.0,1373.0,1379.0,298603.0,-0.0759999999999999,-0.032,0.0969999999999999,-0.923,0.032,0.0819999999999999,1.0,0.7379999999999999,274.0,276.0,277.0,277.0,0.818,276.0,0.7909999999999999,276.5,0.8359999999999999,275.0,0.003,13.7,2.0,3.0,0.0,19.86,0.0,-1.4,0.0,0.002,0.001,0.003,0.003,0.0069999999999999,0.004,0.002,0.0,0.508,0.0,-0.4909999999999999,0.2789999999999999,0.0,17.66,17.86,17.53,83.4,17.3,17.27,18.15,0.001,0.0,0.0,-0.001,10.0,10.0,10.0,8.0,0.0,0.0,0.0,0.0,0.0,15.8,16.0,0.0,0.0,0.0,0.0,0.0,0.0,59.96,6000.0,-1.267,-0.2,2.0,0.0,0.2,0.2,-0.034,18.18,17.71,17.51,17.78,18.05,18.14,17.43,17.72,17.81,17.91,17.57,17.84,18.98,18.84,30.0,31.0,38.0,17.54,0.0,5.801,22.23,2.0,3.519,-1.0,0.903,2.1,4903
2015-12-24 19:40:00,0.0,0.0,0.0,0.0,0.0,0.0,2.0,289769.0,32.0,0.0,75.59999999999998,59.5,60.0,-0.1,9462.0,1373.0,1379.0,298603.0,-0.0759999999999999,-0.032,0.0969999999999999,-0.924,0.031,0.0819999999999999,1.0,0.745,274.0,276.0,277.0,277.0,0.818,276.0,0.7909999999999999,276.7,0.8359999999999999,275.0,0.001,13.46,2.0,1.0,0.0,19.84,0.0,-1.15,0.0,0.003,0.003,0.004,0.004,0.0069999999999999,0.004,0.003,0.2429999999999999,0.7059999999999998,0.0,-0.22,0.2769999999999999,0.001,17.68,17.96,17.56,242.8,17.39,17.37,18.25,0.001,-0.001,0.001,-0.001,10.0,10.0,10.0,8.0,0.0,0.0,0.0,0.0,0.0,15.56,15.97,0.0,0.0,0.0,0.0,0.0,0.0,59.96,6000.0,-1.183,-0.2,2.0,0.0,0.2,0.2,-0.0379999999999999,18.21,17.75,17.55,17.81,18.03,18.16,17.47,17.76,17.86,17.94,17.61,17.88,19.0,18.85,30.0,31.0,38.0,17.57,0.0,61.26,41.5,2.0,3.521,-1.0,0.7399999999999999,1.4,4903
2015-12-24 19:41:00,0.0,0.0,0.0,0.0,0.0,0.0,2.0,289769.0,32.0,0.0,75.59999999999998,59.5,60.0,-0.1019999999999999,9462.0,1373.0,1379.0,298603.0,-0.0759999999999999,-0.033,0.1,-0.924,0.031,0.0819999999999999,1.0,0.7379999999999999,274.0,276.0,277.0,277.0,0.818,276.0,0.7909999999999999,276.3,0.8359999999999999,275.0,0.006,13.46,2.0,3.0,0.0,19.84,0.0,-1.167,0.0,0.004,0.003,0.004,0.003,0.0069999999999999,0.004,0.002,0.0,0.508,0.0,-0.4839999999999999,0.2789999999999999,0.001,17.75,17.96,17.56,90.7,17.38,17.39,18.25,0.001,-0.001,0.0,0.0,10.0,10.0,10.0,8.0,0.0,0.0,0.0,0.0,0.0,15.08,15.12,0.0,0.0,0.0,0.0,0.0,0.0,59.96,6000.0,-1.233,-0.2,2.0,0.0,0.2,0.2,-0.0379999999999999,18.24,17.79,17.59,17.85,18.07,18.18,17.5,17.8,17.9,17.99,17.64,17.92,19.0,18.83,30.0,31.0,38.0,17.6,0.0,34.25,35.7,2.0,3.518,-1.0,0.5329999999999999,1.4,4903
2015-12-24 19:42:00,0.0,0.0,0.0,0.0,0.0,0.0,2.0,289769.0,32.0,0.0,75.59999999999998,59.5,60.0,-0.1,9462.0,1373.0,1379.0,298603.0,-0.0759999999999999,-0.035,0.093,-0.923,0.032,0.0819999999999999,1.0,0.7279999999999999,273.5,275.5,277.0,277.0,0.818,275.5,0.7909999999999999,276.0,0.8359999999999999,275.0,0.003,13.7,2.0,3.0,0.0,19.84,0.0,-1.117,0.0,0.004,0.003,0.004,0.004,0.0069999999999999,0.004,0.002,0.0,0.508,0.0,-0.499,0.2789999999999999,0.0,17.76,17.96,17.65,102.7,17.42,17.37,18.28,0.001,-0.001,0.0,-0.001,10.0,10.0,10.0,8.0,0.0,0.0,0.0,0.0,0.0,15.35,15.68,0.0,0.0,0.0,0.0,0.0,0.0,59.96,6000.0,-1.15,-0.2,2.0,0.0,0.2,0.2,-0.0379999999999999,18.28,17.83,17.63,17.87,18.11,18.2,17.54,17.83,17.94,18.01,17.67,17.95,19.01,18.82,30.0,31.0,38.0,17.61,0.0,21.53,42.56,2.0,3.521,-1.0,0.655,1.2,4903
2015-12-24 19:43:00,0.0,0.0,0.0,0.0,0.0,0.0,2.0,289769.0,32.0,0.0,75.59999999999998,59.5,60.0,-0.1,9462.0,1373.0,1379.0,298603.0,-0.0759999999999999,-0.025,0.0899999999999999,-0.923,0.032,0.0819999999999999,1.0,0.7279999999999999,273.0,275.0,277.0,276.9,0.818,275.0,0.7909999999999999,276.0,0.8359999999999999,274.8,0.003,13.7,2.0,3.0,0.0,19.84,0.0,-1.25,0.0,0.003,0.003,0.005,0.004,0.0069999999999999,0.004,0.003,0.0,0.508,0.0,-0.4839999999999999,0.2789999999999999,0.0,17.76,17.96,17.66,214.9,17.5,17.46,18.35,0.001,0.0,0.0,0.0,10.0,10.0,10.0,8.0,0.0,0.0,0.0,0.0,0.0,16.45,16.57,0.0,0.0,0.0,0.0,0.0,0.0,59.95,6000.0,-1.3,-0.2,2.0,0.0,0.2,0.2,-0.0379999999999999,18.33,17.88,17.67,17.93,18.17,18.24,17.6,17.88,18.02,18.07,17.73,18.0,19.01,18.77,30.0,31.0,38.0,17.63,0.0,289.4,84.0,2.0,3.521,-1.0,0.7349999999999999,1.5,4903
2015-12-24 19:44:00,0.0,0.0,0.0,0.0,0.0,0.0,2.0,289769.0,32.0,0.0,75.59999999999998,59.5,60.0,-0.105,9462.0,1374.0,1379.0,298603.0,-0.0759999999999999,-0.027,0.098,-0.923,0.032,0.0819999999999999,1.0,0.7399999999999999,273.1,275.1,277.0,276.9,0.818,275.2,0.7909999999999999,276.0,0.8359999999999999,274.9,0.003,13.7,2.0,3.0,0.0,19.84,0.0,-1.283,0.0,0.003,0.003,0.005,0.004,0.0069999999999999,0.004,0.004,0.0,0.508,0.0,-0.495,0.2789999999999999,0.0,17.76,17.96,17.68,136.4,17.46,17.46,18.35,0.001,0.0,0.001,0.0,10.0,10.0,10.0,8.0,0.0,0.0,0.0,0.0,0.0,17.5,17.9,0.0,0.0,0.0,0.0,0.0,0.0,59.96,6000.0,-1.3,-0.2,2.0,0.0,0.2,0.2,-0.0379999999999999,18.34,17.91,17.71,17.97,18.16,18.26,17.65,17.91,18.02,18.1,17.76,18.04,18.97,18.75,30.0,31.0,38.0,17.64,0.0,171.6,74.89,2.0,3.521,-1.0,0.6829999999999999,1.5,4903
2015-12-24 19:45:00,0.0,0.0,0.0,0.0,0.0,0.0,2.0,289769.0,32.0,0.0,75.59999999999998,59.5,60.0,-0.1,9462.0,1374.0,1379.0,298603.0,-0.0759999999999999,-0.037,0.0969999999999999,-0.923,0.032,0.0819999999999999,1.0,0.7379999999999999,273.4,275.3,277.0,277.0,0.818,275.4,0.7909999999999999,276.0,0.8359999999999999,275.0,0.003,13.7,2.0,3.0,0.0,19.84,0.0,-1.117,0.0,0.003,0.003,0.005,0.004,0.0069999999999999,0.004,0.004,0.0,0.508,0.0,-0.4889999999999999,0.2789999999999999,0.0,17.76,17.96,17.66,104.9,17.48,17.48,18.35,0.001,0.0,0.0,0.0,10.0,10.0,10.0,8.0,0.0,0.0,0.0,0.0,0.0,17.98,18.0,0.0,0.0,0.0,0.0,0.0,0.0,59.96,6000.0,-1.167,-0.2,2.0,0.0,0.2,0.2,-0.0379999999999999,18.39,17.95,17.75,18.0,18.2,18.28,17.68,17.96,18.09,18.15,17.8,18.08,18.99,18.81,30.0,31.0,38.0,17.65,0.0,67.68,81.7,2.0,3.521,-1.0,0.215,0.4,4903
2015-12-24 19:46:00,0.0,0.0,0.0,0.0,0.0,0.0,2.0,289769.0,32.0,0.0,75.59999999999998,59.5,60.0,-0.105,9462.0,1374.0,1379.0,298603.0,-0.0759999999999999,-0.0449999999999999,0.095,-0.923,0.032,0.0819999999999999,1.0,0.7329999999999999,273.5,275.5,277.0,277.0,0.818,275.4,0.7909999999999999,276.0,0.8359999999999999,275.0,0.001,13.3,2.0,1.0,0.0,19.84,0.0,-1.233,0.0,0.004,0.003,0.005,0.004,0.0069999999999999,0.005,0.003,0.313,0.799,0.0,-0.1419999999999999,0.2789999999999999,0.001,17.76,18.01,17.74,-13.34,17.54,17.55,18.43,0.001,-0.001,0.0,0.0,10.0,10.0,10.0,8.0,0.0,0.0,0.0,0.0,0.0,17.99,18.0,0.0,0.0,0.0,0.0,0.0,0.0,59.96,6000.0,-1.283,-0.2,2.0,0.0,0.2,0.2,-0.0379999999999999,18.42,17.99,17.78,18.03,18.2,18.31,17.72,18.01,18.14,18.19,17.86,18.11,18.99,18.88,30.0,31.0,38.0,17.68,0.0,294.8,30.35,2.0,3.519,-1.0,0.382,0.6999999999999998,4903
2015-12-24 19:47:00,0.0,0.0,0.0,0.0,0.0,0.0,2.0,289769.0,32.0,0.0,75.59999999999998,59.5,60.0,-0.1,9462.0,1374.0,1379.0,298603.0,-0.0759999999999999,-0.023,0.0969999999999999,-0.923,0.032,0.0819999999999999,1.0,0.7429999999999999,273.7,275.7,277.0,277.0,0.818,275.8,0.7909999999999999,276.0,0.8359999999999999,275.0,0.006,13.7,2.0,3.0,0.0,19.84,0.0,-1.1,0.0,0.004,0.003,0.005,0.004,0.0069999999999999,0.004,0.003,0.0,0.508,0.0,-0.487,0.2789999999999999,0.001,17.85,18.02,17.76,12.88,17.6,17.58,18.42,0.001,-0.001,0.001,0.0,10.0,10.0,10.0,8.0,0.0,0.0,0.0,0.0,0.0,17.51,18.0,0.0,0.0,0.0,0.0,0.0,0.0,59.96,6000.0,-1.133,-0.2,2.0,0.0,0.2,0.2,-0.0379999999999999,18.46,18.02,17.82,18.06,18.21,18.33,17.74,18.04,18.17,18.22,17.89,18.14,19.01,18.96,30.0,31.0,38.0,17.71,0.0,215.6,70.3,2.0,3.519,-1.0,0.6629999999999999,1.2,4903
2015-12-24 19:48:00,0.0,0.0,0.0,0.0,0.0,0.0,2.0,289769.0,32.0,0.0,75.59999999999998,59.5,60.0,-0.1,9462.0,1374.0,1379.0,298603.0,-0.0759999999999999,-0.0379999999999999,0.098,-0.923,0.032,0.0819999999999999,1.0,0.7419999999999999,273.4,275.4,277.0,277.0,0.818,275.6,0.7909999999999999,276.0,0.8359999999999999,275.0,0.004,13.7,2.0,3.0,0.0,19.84,0.0,-1.45,0.0,0.005,0.003,0.004,0.004,0.0069999999999999,0.004,0.003,0.0,0.508,0.0,-0.4929999999999999,0.2789999999999999,0.0,17.86,18.05,17.79,-10.7,17.56,17.58,18.44,0.001,-0.001,0.0,0.0,10.0,10.0,10.0,8.0,0.0,0.0,0.0,0.0,0.0,17.31,17.87,0.0,0.0,0.0,0.0,0.0,0.0,59.97,6000.0,-1.317,-0.2,2.0,0.0,0.2,0.2,-0.0379999999999999,18.49,18.05,17.84,18.07,18.25,18.33,17.77,18.05,18.19,18.24,17.91,18.17,19.03,18.94,30.0,30.83,38.0,17.75,0.0,47.24,61.17,2.0,3.519,-1.0,0.568,1.1,4903
2015-12-24 19:49:00,0.0,0.0,0.0,0.0,0.0,0.0,2.0,289769.0,32.0,0.0,75.59999999999998,59.5,60.0,-0.1019999999999999,9462.0,1374.0,1379.0,298603.0,-0.0759999999999999,-0.037,0.095,-0.923,0.032,0.0819999999999999,1.0,0.748,273.8,275.8,277.0,277.0,0.818,275.9,0.7909999999999999,276.4,0.8359999999999999,275.0,0.003,13.7,2.0,3.0,0.0,19.84,0.0,-1.717,0.0,0.005,0.003,0.005,0.005,0.0069999999999999,0.003,0.003,0.0,0.508,0.0,-0.4909999999999999,0.2789999999999999,0.0,17.87,18.05,17.85,171.1,17.69,17.64,18.44,0.001,-0.001,0.001,0.0,10.0,10.0,10.0,8.0,0.0,0.0,0.0,0.0,0.0,17.76,17.97,0.0,0.0,0.0,0.0,0.0,0.0,59.97,6000.0,-1.6,-0.2,2.0,0.0,0.2,0.2,-0.0379999999999999,18.53,18.1,17.88,18.12,18.34,18.38,17.82,18.09,18.22,18.28,17.93,18.21,19.06,18.99,30.0,30.25,38.0,17.77,0.0,48.33,78.15,2.0,3.518,-1.0,0.837,1.6,4903
2015-12-24 19:50:00,0.0,0.0,0.0,0.0,0.0,0.0,2.0,289769.0,32.0,0.0,75.59999999999998,59.5,60.0,-0.103,9462.0,1374.0,1379.0,298603.0,-0.0759999999999999,-0.0299999999999999,0.098,-0.923,0.032,0.083,1.0,0.748,273.9,275.9,277.0,277.0,0.818,276.0,0.7909999999999999,276.3,0.8359999999999999,275.0,0.003,13.7,2.0,3.0,0.0,19.84,0.0,-1.533,0.0,0.005,0.003,0.005,0.004,0.006,0.004,0.003,0.0,0.508,0.0,-0.4929999999999999,0.2789999999999999,0.0,17.96,18.12,17.89,132.9,17.7,17.69,18.51,0.0,-0.001,0.0,0.0,10.0,10.0,10.0,8.0,0.0,0.0,0.0,0.0,0.0,18.44,18.45,0.0,0.0,0.0,0.0,0.0,0.0,59.96,6000.0,-1.517,-0.2,2.0,0.0,0.2,0.2,-0.0379999999999999,18.56,18.12,17.91,18.15,18.37,18.4,17.86,18.12,18.24,18.31,17.97,18.24,19.07,19.0,30.0,30.07,38.0,17.8,0.0,180.4,72.59999999999998,2.0,3.519,-1.0,0.55,1.5,4903
2015-12-24 19:51:00,0.0,0.0,0.0,0.0,0.0,0.0,2.0,289769.0,32.0,0.0,75.59999999999998,59.5,60.0,-0.1019999999999999,9462.0,1374.0,1379.0,298603.0,-0.0759999999999999,-0.032,0.098,-0.923,0.032,0.083,1.0,0.7319999999999999,274.0,276.0,277.0,277.0,0.818,276.0,0.7909999999999999,276.8,0.8359999999999999,275.0,0.006,13.7,2.0,3.0,0.0,19.84,0.0,-1.8,0.0,0.005,0.005,0.005,0.004,0.004,0.003,0.002,0.3929999999999999,0.8519999999999999,0.001,-0.1689999999999999,0.2789999999999999,0.0,17.96,18.15,17.9,260.4,17.73,17.69,18.54,0.001,0.0,0.001,0.0,10.0,10.0,10.0,8.0,0.0,0.0,0.0,0.0,0.0,18.57,18.73,0.0,0.0,0.0,0.0,0.0,0.0,59.96,6000.0,-1.567,-0.2,2.0,0.0,0.2,0.2,-0.0379999999999999,18.58,18.16,17.94,18.17,18.32,18.41,17.89,18.16,18.28,18.35,18.01,18.27,19.09,19.08,30.0,30.02,38.0,17.83,0.0,305.1,29.91,2.0,3.519,-1.0,0.787,1.5,4903
2015-12-24 19:52:00,0.0,0.0,0.0,0.0,0.0,0.0,2.0,289769.0,32.0,0.0,75.59999999999998,59.5,60.0,-0.1019999999999999,9462.0,1374.0,1379.0,298603.0,-0.0759999999999999,-0.032,0.098,-0.924,0.032,0.0819999999999999,1.0,0.7279999999999999,273.9,275.9,277.0,277.0,0.818,276.0,0.7909999999999999,276.1,0.8359999999999999,275.0,0.006,13.62,2.0,1.0,0.0,19.84,0.0,-1.4,0.0,0.004,0.006,0.005,0.004,0.003,0.003,0.002,0.0,0.537,0.001,-0.482,0.278,0.001,17.96,18.15,18.02,,17.79,17.74,18.54,0.001,-0.001,0.0,-0.001,10.0,10.0,10.0,8.0,0.0,0.0,0.0,0.0,0.0,17.94,18.0,0.0,0.0,0.0,0.0,0.0,0.0,59.96,6000.0,-1.5,-0.2,2.0,0.0,0.2,0.2,-0.0379999999999999,18.61,18.17,17.96,18.19,18.34,18.42,17.91,18.19,18.32,18.38,18.04,18.29,19.12,19.09,30.0,30.0,38.0,17.86,0.0,315.5,76.44,2.0,3.521,-1.0,0.8029999999999999,1.6,4903
2015-12-24 19:53:00,0.0,0.0,0.0,0.0,0.0,0.0,2.0,289769.0,32.0,0.0,75.59999999999998,59.5,60.0,-0.1,9462.0,1374.0,1379.0,298603.0,-0.0759999999999999,-0.023,0.095,-0.923,0.032,0.083,1.0,0.748,274.0,276.0,277.0,277.0,0.818,276.0,0.7909999999999999,276.8,0.8359999999999999,275.0,0.003,13.7,2.0,3.0,0.0,19.84,0.0,-1.467,0.0,0.004,0.005,0.004,0.004,0.003,0.003,0.002,0.0,0.508,0.001,-0.4779999999999999,0.2789999999999999,0.0,17.97,18.15,18.0,-46.48,17.82,17.79,18.54,0.001,-0.001,0.0,0.0,10.0,10.0,10.0,8.0,0.0,0.0,0.0,0.0,0.0,17.6,18.0,0.0,0.0,0.0,0.0,0.0,0.0,59.96,6000.0,-1.4169999999999998,-0.2,2.0,0.0,0.2,0.2,-0.0379999999999999,18.61,18.19,17.97,18.2,18.35,18.44,17.93,18.21,18.34,18.4,18.06,18.3,19.13,19.07,30.0,30.0,38.0,17.88,0.0,217.6,98.2,2.0,3.519,-1.0,0.4429999999999999,0.8,4903
2015-12-24 19:54:00,0.0,0.0,0.0,0.0,0.0,0.0,2.0,289769.0,32.0,0.0,75.59999999999998,59.5,60.0,-0.1019999999999999,9462.0,1374.0,1379.0,298603.0,-0.0759999999999999,-0.018,0.1,-0.923,0.032,0.083,1.0,0.752,274.0,276.0,277.0,277.0,0.818,276.0,0.7909999999999999,277.0,0.8359999999999999,275.0,0.003,13.7,2.0,3.0,0.0,19.84,0.0,-1.55,0.0,0.004,0.004,0.004,0.004,0.003,0.002,0.001,0.0,0.508,0.0,-0.482,0.2789999999999999,0.0,18.0,18.15,18.01,42.96,17.81,17.77,18.54,0.001,-0.001,0.001,0.0,10.0,10.0,10.0,8.0,0.0,0.0,0.0,0.0,0.0,18.01,18.0,0.0,0.0,0.0,0.0,0.0,0.0,59.96,6000.0,-1.533,-0.2,2.0,0.0,0.2,0.2,-0.0379999999999999,18.62,18.2,17.97,18.21,18.37,18.43,17.94,18.21,18.34,18.4,18.07,18.31,19.12,19.04,30.0,30.0,38.0,17.89,0.0,24.37,44.79,2.0,3.519,-1.0,0.487,1.1,4903
2015-12-24 19:55:00,0.0,0.0,0.0,0.0,0.0,0.0,2.0,289769.0,32.0,0.0,75.59999999999998,59.5,60.0,-0.103,9462.0,1374.0,1379.0,298603.0,-0.0759999999999999,-0.0279999999999999,0.1,-0.923,0.032,0.083,1.0,0.7419999999999999,274.0,276.0,277.2,277.0,0.818,276.0,0.7909999999999999,277.0,0.8359999999999999,275.0,0.003,13.7,2.0,3.0,0.0,19.84,0.0,-1.6669999999999998,0.0,0.004,0.004,0.004,0.003,0.003,0.002,0.001,0.0,0.508,0.0,-0.4929999999999999,0.2789999999999999,0.0,18.05,18.15,18.04,298.7,17.86,17.86,18.54,0.001,0.0,0.001,0.0,10.0,10.0,10.0,8.0,0.0,0.0,0.0,0.0,0.0,18.36,18.02,0.0,0.0,0.0,0.0,0.0,0.0,59.97,6000.0,-1.533,-0.2,2.0,0.0,0.2,0.2,-0.0379999999999999,18.63,18.22,18.01,18.23,18.42,18.45,17.97,18.23,18.35,18.42,18.09,18.33,19.15,19.14,30.0,30.0,38.0,17.91,0.0,213.7,54.0,2.0,3.521,-1.0,0.925,1.8,4903
2015-12-24 19:56:00,0.0,0.0,0.0,0.0,0.0,0.0,2.0,289769.0,32.0,0.0,75.59999999999998,59.5,60.0,-0.1019999999999999,9462.0,1374.0,1379.0,298603.0,-0.0759999999999999,-0.023,0.0969999999999999,-0.923,0.032,0.083,1.0,0.7429999999999999,274.0,276.0,277.4,277.0,0.818,276.0,0.7909999999999999,277.0,0.8359999999999999,275.0,0.003,13.7,2.0,3.0,0.0,19.84,0.0,-1.783,0.0,0.004,0.006,0.004,0.003,0.003,0.001,0.001,0.0,0.508,0.0,-0.4679999999999999,0.2789999999999999,0.0,18.05,18.15,18.07,,17.9,17.89,18.58,0.0,-0.001,0.0,0.0,10.0,10.0,10.0,8.0,0.0,0.0,0.0,0.0,0.0,17.96,18.0,0.0,0.0,0.0,0.0,0.0,0.0,59.97,6000.0,-1.567,-0.2,2.0,0.0,0.2,0.2,-0.0379999999999999,18.64,18.25,18.02,18.25,18.42,18.47,17.99,18.26,18.37,18.44,18.11,18.35,19.14,19.15,30.0,30.0,38.0,17.95,0.0,5.334,42.18,2.0,3.518,-1.0,0.88,1.9,4903
2015-12-24 19:57:00,0.0,0.0,0.0,0.0,0.0,0.0,2.0,289769.0,32.0,0.0,75.59999999999998,59.5,60.0,-0.1019999999999999,9462.0,1374.0,1379.0,298603.0,-0.0759999999999999,-0.027,0.1019999999999999,-0.923,0.032,0.083,1.0,0.748,274.0,276.0,277.6,277.0,0.818,276.0,0.7909999999999999,277.0,0.8359999999999999,275.0,0.003,13.5,2.0,3.0,0.0,19.84,0.0,-1.733,0.0,0.004,0.005,0.004,0.003,0.003,0.001,0.001,0.129,0.6089999999999999,0.0,-0.332,0.278,0.001,18.05,18.17,18.07,-15.75,17.89,17.89,18.64,0.0,-0.001,0.0,0.0,10.0,10.0,10.0,8.0,0.0,0.0,0.0,0.0,0.0,17.31,17.32,0.0,0.0,0.0,0.0,0.0,0.0,59.96,6000.0,-1.517,-0.2,2.0,0.0,0.2,0.2,-0.0379999999999999,18.65,18.26,18.04,18.25,18.4,18.47,18.0,18.27,18.37,18.45,18.12,18.37,19.14,19.13,30.0,30.0,38.0,17.97,0.0,347.9,29.73,2.0,3.518,-1.0,0.957,1.9,4903
2015-12-24 19:58:00,0.0,0.0,0.0,0.0,0.0,0.0,2.0,289769.0,32.0,0.0,75.59999999999998,59.5,60.0,-0.1019999999999999,9462.0,1374.0,1379.0,298603.0,-0.0759999999999999,-0.018,0.1,-0.923,0.032,0.083,1.0,0.75,274.0,276.0,277.8,277.0,0.818,276.0,0.7909999999999999,277.0,0.8359999999999999,275.0,0.004,13.7,2.0,3.0,0.0,19.84,0.0,-1.617,0.0,0.004,0.004,0.003,0.003,0.003,0.001,0.001,0.0,0.508,0.0,-0.482,0.2789999999999999,0.0,18.15,18.25,18.08,-98.9,17.89,17.87,18.64,0.0,0.0,0.0,-0.001,10.0,10.0,10.0,8.0,0.0,0.0,0.0,0.0,0.0,17.24,17.18,0.0,0.0,0.0,0.0,0.0,0.0,59.96,6000.0,-1.45,-0.2,2.0,0.0,0.2,0.2,-0.0379999999999999,18.65,18.27,18.04,18.26,18.41,18.48,18.01,18.27,18.39,18.46,18.13,18.37,19.14,19.1,30.0,30.0,38.0,17.98,0.0,310.8,36.94,2.0,3.521,-1.0,0.967,1.8,4903
2015-12-24 19:59:00,0.0,0.0,0.0,0.0,0.0,0.0,2.0,289769.0,32.0,0.0,75.59999999999998,59.5,60.0,-0.1019999999999999,9462.0,1374.0,1379.0,298603.0,-0.0759999999999999,-0.017,0.1,-0.923,0.032,0.083,1.0,0.7349999999999999,274.0,276.0,277.6,277.0,0.818,276.0,0.7909999999999999,277.0,0.8359999999999999,275.0,0.003,13.7,2.0,3.0,0.0,19.84,0.0,-1.55,0.0,0.003,0.003,0.003,0.003,0.003,0.0,0.0,0.0,0.508,0.0,-0.4799999999999999,0.2789999999999999,0.0,18.15,18.25,18.08,32.39,17.89,17.92,18.64,0.001,-0.001,0.0,0.0,10.0,10.0,10.0,8.0,0.0,0.0,0.0,0.0,0.0,17.47,17.8,0.0,0.0,0.0,0.0,0.0,0.0,59.96,6000.0,-1.517,-0.2,2.0,0.0,0.2,0.2,-0.0379999999999999,18.65,18.27,18.04,18.27,18.42,18.48,18.02,18.28,18.39,18.46,18.13,18.38,19.13,19.09,30.0,30.0,38.0,17.98,0.0,347.9,26.88,2.0,3.519,-1.0,0.885,2.0,4903
2015-12-24 20:00:00,0.0,0.0,0.0,0.0,0.0,0.0,2.0,289769.0,32.0,0.0,75.59999999999998,59.5,60.0,-0.1019999999999999,9462.0,1374.0,1379.0,298603.0,-0.0759999999999999,-0.022,0.1,-0.923,0.032,0.083,1.0,0.7319999999999999,274.0,276.0,277.6,277.0,0.818,276.0,0.7909999999999999,277.0,0.8359999999999999,275.0,0.003,13.7,2.0,3.0,0.0,19.84,0.0,-1.533,0.0,0.003,0.003,0.003,0.002,0.003,0.0,0.0,0.0,0.508,0.0,-0.4799999999999999,0.2789999999999999,0.0,18.15,18.25,18.08,43.52,17.88,17.85,18.64,0.001,-0.001,0.0,0.0,10.0,10.0,10.0,8.0,0.0,0.0,0.0,0.0,0.0,18.1,18.1,0.0,0.0,0.0,0.0,0.0,0.0,59.95,6000.0,-1.45,-0.2,2.0,0.0,0.2,0.2,-0.0379999999999999,18.66,18.29,18.06,18.28,18.42,18.48,18.04,18.28,18.4,18.46,18.14,18.39,19.13,19.06,30.0,30.0,38.0,17.98,0.0,345.6,56.88,2.0,3.519,-1.0,0.6149999999999999,1.2,4903
2015-12-24 20:01:00,0.0,0.0,0.0,0.0,0.0,0.0,2.0,289769.0,32.0,0.0,75.59999999999998,59.5,60.0,-0.105,9462.0,1374.0,1379.0,298603.0,-0.0759999999999999,-0.0279999999999999,0.1,-0.923,0.032,0.083,1.0,0.7399999999999999,274.0,276.0,277.8,277.0,0.818,276.0,0.7909999999999999,277.0,0.8359999999999999,275.0,0.003,13.7,2.0,3.0,0.0,19.85,0.0,-1.533,0.0,0.002,0.003,0.003,0.002,0.003,0.0,0.0,0.0,0.508,0.0,-0.4909999999999999,0.2789999999999999,0.0,18.13,18.25,18.1,22.11,17.9,17.94,18.64,0.001,0.0,0.0,0.0,10.0,10.0,10.0,8.0,0.0,0.0,0.0,0.0,0.0,18.94,19.03,0.0,0.0,0.0,0.0,0.0,0.0,59.97,6000.0,-1.55,-0.2,2.0,0.0,0.2,0.2,-0.0379999999999999,18.67,18.3,18.07,18.3,18.46,18.5,18.06,18.29,18.42,18.48,18.15,18.4,19.11,18.99,30.0,30.0,38.0,17.98,0.0,140.4,73.68,2.0,3.521,-1.0,0.623,1.4,4903
2015-12-24 20:02:00,0.0,0.0,0.0,0.0,0.0,0.0,2.0,289769.0,32.0,0.0,75.59999999999998,59.5,60.0,-0.1019999999999999,9462.0,1374.0,1379.0,298603.0,-0.0759999999999999,-0.022,0.1019999999999999,-0.922,0.032,0.083,1.0,0.7129999999999999,274.0,276.0,277.9,277.0,0.818,276.0,0.7909999999999999,277.0,0.8359999999999999,275.0,0.016,13.51,2.0,1.0,0.0,19.86,0.0,-1.4,0.0,0.002,0.003,0.003,0.002,0.003,0.0,0.0,0.296,0.755,0.0,-0.163,0.278,0.001,18.15,18.25,18.15,-20.44,17.94,17.97,18.64,0.001,-0.001,0.001,0.0,10.0,10.0,10.0,8.0,0.0,0.0,0.0,0.0,0.0,19.11,19.2,0.0,0.0,0.0,0.0,0.0,0.0,59.95,6000.0,-1.4,-0.2,2.0,0.0,0.2,0.2,-0.0379999999999999,18.69,18.32,18.08,18.31,18.44,18.51,18.08,18.32,18.44,18.5,18.18,18.42,19.13,19.07,30.0,30.0,38.0,17.98,0.0,256.1,53.12,2.0,3.521,-1.0,0.77,1.5,4903
2015-12-24 20:03:00,0.0,0.0,0.0,0.0,0.0,0.0,2.0,289769.0,32.0,0.0,75.59999999999998,59.5,60.0,-0.1019999999999999,9462.0,1374.0,1379.0,298603.0,-0.0759999999999999,-0.025,0.1,-0.923,0.032,0.0819999999999999,1.0,0.7249999999999999,274.0,276.0,278.0,277.0,0.818,276.0,0.7909999999999999,277.0,0.8359999999999999,275.0,-0.01,13.41,2.0,1.0,0.0,19.86,0.0,-1.017,0.0,0.002,0.003,0.003,0.002,0.003,0.0,0.0,-0.004,0.512,0.0,-0.457,0.281,0.001,18.15,18.25,18.18,-0.534,17.95,17.95,18.64,0.001,-0.001,0.0,0.0,10.0,10.0,10.0,8.0,0.0,0.0,0.0,0.0,0.0,18.54,18.82,0.0,0.0,0.0,0.0,0.0,0.0,59.96,6000.0,-1.2,-0.2,2.0,0.0,0.2,0.2,-0.0379999999999999,18.69,18.33,18.09,18.32,18.45,18.51,18.09,18.33,18.44,18.51,18.19,18.42,19.13,19.07,30.0,30.0,38.0,18.0,0.0,288.5,51.49,2.0,3.519,-1.0,0.465,1.3,4903
2015-12-24 20:04:00,0.0,0.0,0.0,0.0,0.0,0.0,2.0,289769.0,32.0,0.0,75.59999999999998,59.5,60.0,-0.1,9462.0,1374.0,1379.0,298603.0,-0.0759999999999999,-0.037,0.103,-0.923,0.032,0.0819999999999999,1.0,0.7049999999999998,274.0,276.0,278.0,277.0,0.818,276.0,0.7909999999999999,277.0,0.8359999999999999,275.0,0.004,13.7,2.0,3.0,0.0,19.86,0.0,-1.117,0.0,0.002,0.003,0.002,0.002,0.003,0.0,0.0,0.0,0.508,0.0,-0.4889999999999999,0.2789999999999999,0.0,18.15,18.25,18.16,40.48,17.97,17.99,18.64,0.0,0.0,0.001,-0.001,10.0,10.0,10.0,8.0,0.0,0.0,0.0,0.0,0.0,17.62,17.98,0.0,0.0,0.0,0.0,0.0,0.0,59.96,6000.0,-1.117,-0.2,2.0,0.0,0.2,0.2,-0.0379999999999999,18.68,18.33,18.09,18.32,18.42,18.51,18.09,18.33,18.44,18.52,18.19,18.43,19.13,19.06,30.0,30.0,38.0,18.0,0.0,323.4,56.31,2.0,3.521,-1.0,0.332,0.6999999999999998,4903
2015-12-24 20:05:00,0.0,0.0,0.0,0.0,0.0,0.0,2.0,289769.0,32.0,0.0,75.59999999999998,59.5,60.0,-0.103,9462.0,1374.0,1379.0,298603.0,-0.0759999999999999,-0.022,0.1,-0.923,0.032,0.0819999999999999,1.0,0.7199999999999999,274.0,276.0,277.9,277.0,0.818,276.0,0.7909999999999999,277.0,0.8359999999999999,275.0,0.003,13.7,2.0,3.0,0.0,19.86,0.0,-1.183,0.0,0.001,0.003,0.002,0.001,0.003,0.0,-0.001,0.0,0.508,0.0,-0.487,0.2789999999999999,0.0,18.15,18.25,18.18,42.98,17.99,17.97,18.64,0.0,-0.001,0.001,0.0,10.0,10.0,10.0,8.0,0.0,0.0,0.0,0.0,0.0,16.74,17.02,0.0,0.0,0.0,0.0,0.0,0.0,59.96,6000.0,-1.133,-0.2,2.0,0.0,0.2,0.2,-0.0379999999999999,18.68,18.34,18.1,18.32,18.45,18.51,18.09,18.34,18.45,18.53,18.2,18.43,19.14,19.04,30.0,30.0,38.0,18.0,0.0,287.3,89.79999999999998,2.0,3.521,-1.0,0.54,1.2,4903
2015-12-24 20:06:00,0.0,0.0,0.0,0.0,0.0,0.0,2.0,289769.0,32.0,0.0,75.59999999999998,59.5,60.0,-0.1,9462.0,1374.0,1379.0,298603.0,-0.0759999999999999,-0.04,0.0899999999999999,-0.923,0.032,0.0819999999999999,1.0,0.7029999999999998,273.8,275.8,277.1,277.0,0.818,275.8,0.7909999999999999,276.2,0.8359999999999999,275.0,0.003,13.7,2.0,3.0,0.0,19.86,0.0,-1.033,0.0,0.001,0.003,0.002,0.001,0.003,0.0,-0.001,0.0,0.508,0.0,-0.4839999999999999,0.2789999999999999,0.0,18.15,18.25,18.16,43.08,17.95,17.95,18.64,0.0,-0.001,0.0,0.0,10.0,10.0,10.0,8.0,0.0,0.0,0.0,0.0,0.0,16.3,16.75,0.0,0.0,0.0,0.0,0.0,0.0,59.95,6000.0,-1.117,-0.2,2.0,0.0,0.2,0.2,-0.0379999999999999,18.69,18.35,18.12,18.33,18.49,18.54,18.11,18.35,18.45,18.53,18.2,18.45,19.14,19.03,30.0,30.0,38.0,18.0,0.0,303.1,76.56999999999998,2.0,3.519,-1.0,0.8249999999999998,1.7,4903
2015-12-24 20:07:00,0.0,0.0,0.0,0.0,0.0,0.0,2.0,289769.0,32.0,0.0,75.59999999999998,59.5,60.0,-0.1,9462.0,1374.0,1379.0,298603.0,-0.0759999999999999,-0.035,0.0969999999999999,-0.923,0.032,0.0819999999999999,1.0,0.7099999999999999,273.6,275.6,277.0,277.0,0.818,275.9,0.7909999999999999,276.0,0.8359999999999999,275.0,0.003,13.7,2.0,3.0,0.0,19.86,0.0,-1.35,0.0,0.001,0.003,0.002,0.001,0.003,0.0,-0.001,0.0,0.508,0.0,-0.4909999999999999,0.2789999999999999,0.0,18.15,18.25,18.18,5.4,17.98,17.97,18.64,0.001,-0.001,0.0,-0.001,10.0,10.0,10.0,8.0,0.0,0.0,0.0,0.0,0.0,16.51,16.75,0.0,0.0,0.0,0.0,0.0,0.0,59.96,6000.0,-1.267,-0.2,2.0,0.0,0.2,0.2,-0.0379999999999999,18.71,18.36,18.13,18.35,18.53,18.55,18.14,18.36,18.48,18.54,18.22,18.46,19.14,19.05,30.0,30.0,38.0,18.01,0.0,71.11,46.71,2.0,3.519,-1.0,0.52,1.0,4903
2015-12-24 20:08:00,0.0,0.0,0.0,0.0,0.0,0.0,2.0,289769.0,32.0,0.0,75.59999999999998,59.5,60.0,-0.103,9462.0,1374.0,1379.0,298603.0,-0.0759999999999999,-0.0279999999999999,0.0919999999999999,-0.923,0.032,0.0819999999999999,1.0,0.7179999999999999,273.7,275.7,277.0,277.0,0.818,275.9,0.7909999999999999,276.0,0.8359999999999999,275.0,0.001,13.5,2.0,3.0,0.0,19.86,0.0,-1.133,0.0,0.0,0.002,0.002,0.001,0.002,0.0,0.0,0.165,0.634,0.0,-0.271,0.2789999999999999,0.001,18.15,18.25,18.14,-12.09,17.98,17.99,18.64,0.001,0.0,0.001,0.0,10.0,10.0,10.0,8.0,0.0,0.0,0.0,0.0,0.0,17.08,17.4,0.0,0.0,0.0,0.0,0.0,0.0,59.96,6000.0,-1.167,-0.2,2.0,0.0,0.2,0.2,-0.0379999999999999,18.71,18.37,18.14,18.36,18.52,18.55,18.15,18.36,18.48,18.54,18.22,18.47,19.11,19.06,30.0,30.0,38.0,18.01,0.0,265.2,65.16,2.0,3.519,-1.0,0.4079999999999999,0.9,4903
2015-12-24 20:09:00,0.0,0.0,0.0,0.0,0.0,0.0,2.0,289769.0,32.0,0.0,75.59999999999998,59.5,60.0,-0.103,9462.0,1374.0,1379.0,298603.0,-0.0759999999999999,-0.032,0.088,-0.924,0.032,0.0819999999999999,1.0,0.7219999999999999,273.7,275.7,277.0,277.0,0.818,276.0,0.7909999999999999,276.0,0.8359999999999999,275.0,0.006,13.7,2.0,3.0,0.0,19.86,0.0,-1.167,0.0,0.001,0.001,0.002,0.002,0.001,0.0,-0.001,0.0,0.508,0.0,-0.476,0.2789999999999999,0.0,18.15,18.25,18.16,29.28,17.95,17.95,18.64,0.001,-0.001,0.0,0.0,10.0,10.0,10.0,8.0,0.0,0.0,0.0,0.0,0.0,17.71,18.0,0.0,0.0,0.0,0.0,0.0,0.0,59.97,6000.0,-1.367,-0.2,2.0,0.0,0.2,0.2,-0.0379999999999999,18.71,18.38,18.14,18.36,18.5,18.55,18.15,18.37,18.48,18.55,18.23,18.47,19.11,19.06,30.0,30.0,38.0,18.02,0.0,21.48,96.0,2.0,3.519,-1.0,0.628,1.0,4903
2015-12-24 20:10:00,0.0,0.0,0.0,0.0,0.0,0.0,2.0,289769.0,32.0,0.0,75.59999999999998,59.5,60.0,-0.1019999999999999,9462.0,1374.0,1379.0,298603.0,-0.0759999999999999,-0.033,0.1,-0.923,0.032,0.0819999999999999,1.0,0.697,273.8,275.8,277.0,277.0,0.818,275.8,0.7909999999999999,276.0,0.8359999999999999,275.0,0.003,13.7,2.0,3.0,0.0,19.86,0.0,-1.183,0.0,0.0,0.0,0.002,0.001,0.001,-0.001,-0.001,0.0,0.508,0.0,-0.4699999999999999,0.2789999999999999,0.0,18.15,18.25,18.14,53.18,17.98,17.97,18.64,0.001,0.0,0.0,0.0,10.0,10.0,10.0,8.0,0.0,0.0,0.0,0.0,0.0,17.42,17.78,0.0,0.0,0.0,0.0,0.0,0.0,59.96,6000.0,-1.4169999999999998,-0.2,2.0,0.0,0.2,0.2,-0.0379999999999999,18.72,18.39,18.15,18.37,18.5,18.55,18.16,18.38,18.48,18.56,18.24,18.48,19.11,19.07,30.0,30.0,38.0,18.03,0.0,353.2,83.59999999999998,2.0,3.519,-1.0,0.7979999999999999,2.1,4903
2015-12-24 20:11:00,0.0,0.0,0.0,0.0,0.0,0.0,2.0,289769.0,32.0,0.0,75.59999999999998,59.5,60.0,-0.1,9462.0,1374.0,1379.0,298603.0,-0.0759999999999999,-0.037,0.093,-0.923,0.032,0.0819999999999999,1.0,0.702,273.9,275.9,277.0,277.0,0.818,276.0,0.7909999999999999,276.0,0.8359999999999999,275.0,0.003,13.7,2.0,3.0,0.0,19.86,0.0,-1.283,0.0,0.0,0.002,0.002,0.001,0.001,-0.001,-0.001,0.0,0.508,0.0,-0.4739999999999999,0.2789999999999999,0.0,18.15,18.28,18.26,33.32,17.98,17.98,18.64,0.001,-0.001,0.0,0.0,10.0,10.0,10.0,8.0,0.0,0.0,0.0,0.0,0.0,16.74,17.0,0.0,0.0,0.0,0.0,0.0,0.0,59.95,6000.0,-1.4,-0.2,2.0,0.0,0.2,0.2,-0.0379999999999999,18.73,18.4,18.16,18.37,18.48,18.56,18.16,18.41,18.51,18.57,18.27,18.48,19.13,19.1,30.0,30.0,38.0,18.04,0.0,250.6,46.23,2.0,3.519,-1.0,0.457,0.9,4903
2015-12-24 20:12:00,0.0,0.0,0.0,0.0,0.0,0.0,2.0,289769.0,32.0,0.0,75.59999999999998,59.5,60.0,-0.1019999999999999,9462.0,1374.0,1379.0,298603.0,-0.0759999999999999,-0.027,0.0919999999999999,-0.923,0.032,0.0819999999999999,1.0,0.692,274.0,276.0,277.0,277.0,0.818,276.0,0.7909999999999999,276.0,0.8359999999999999,275.0,0.003,13.7,2.0,3.0,0.0,19.88,0.0,-1.217,0.0,0.0,0.0,0.002,0.002,0.0,-0.001,-0.001,0.0,0.508,0.0,-0.476,0.2789999999999999,0.0,18.15,18.32,18.25,43.03,18.02,18.07,18.64,0.0,-0.001,0.0,0.0,10.0,10.0,10.0,8.0,0.0,0.0,0.0,0.0,0.0,16.21,16.22,0.0,0.0,0.0,0.0,0.0,0.0,59.96,6000.0,-1.217,-0.2,2.0,0.0,0.2,0.2,-0.0379999999999999,18.72,18.39,18.16,18.39,18.47,18.56,18.17,18.41,18.52,18.58,18.26,18.48,19.11,19.12,30.0,30.0,38.0,18.06,0.0,314.6,22.44,2.0,3.519,-1.0,0.903,1.8,4903
2015-12-24 20:13:00,0.0,0.0,0.0,0.0,0.0,0.0,2.0,289769.0,32.0,0.0,75.59999999999998,59.5,60.0,-0.103,9462.0,1374.0,1379.0,298603.0,-0.0759999999999999,-0.0279999999999999,0.093,-0.923,0.032,0.0819999999999999,1.0,0.7079999999999999,274.0,276.0,277.0,277.0,0.818,276.0,0.7909999999999999,276.0,0.8359999999999999,275.0,0.005,13.7,2.0,3.0,0.0,19.89,0.0,-1.167,0.0,0.0,0.0,0.002,0.001,0.0,-0.001,-0.001,0.1119999999999999,0.582,0.0,-0.3389999999999999,0.2789999999999999,0.0,18.15,18.33,18.24,54.5,18.06,18.05,18.64,0.001,-0.001,0.0,-0.001,10.0,10.0,10.0,8.0,0.0,0.0,0.0,0.0,0.0,15.97,16.0,0.0,0.0,0.0,0.0,0.0,0.0,59.96,6000.0,-1.217,-0.2,2.0,0.0,0.2,0.2,-0.0379999999999999,18.73,18.4,18.16,18.4,18.49,18.57,18.18,18.41,18.53,18.59,18.27,18.49,19.12,19.11,30.0,30.0,38.0,18.06,0.0,294.5,29.42,2.0,3.519,-1.0,1.06,1.9,4903
2015-12-24 20:14:00,0.0,0.0,0.0,0.0,0.0,0.0,2.0,289769.0,32.0,0.0,75.59999999999998,59.5,60.0,-0.1,9462.0,1374.0,1379.0,298603.0,-0.0759999999999999,-0.02,0.093,-0.923,0.032,0.0819999999999999,1.0,0.7099999999999999,274.0,276.0,277.0,277.0,0.818,276.0,0.7909999999999999,276.0,0.8359999999999999,275.0,0.002,13.57,2.0,1.0,0.0,19.89,0.0,-1.117,0.0,0.0,0.0,0.001,0.001,0.0,-0.001,-0.001,-0.002,0.508,0.0,-0.4699999999999999,0.2789999999999999,0.001,18.15,18.35,18.26,41.96,18.03,18.07,18.64,0.001,0.0,0.001,0.0,10.0,10.0,10.0,8.0,0.0,0.0,0.0,0.0,0.0,16.13,16.1,0.0,0.0,0.0,0.0,0.0,0.0,59.96,6000.0,-1.317,-0.2,2.0,0.0,0.2,0.2,-0.0379999999999999,18.75,18.41,18.17,18.4,18.52,18.57,18.19,18.42,18.55,18.59,18.27,18.5,19.12,19.1,30.0,30.0,38.0,18.06,0.0,343.1,27.55,2.0,3.519,-1.0,1.213,2.1,4903
2015-12-24 20:15:00,0.0,0.0,0.0,0.0,0.0,0.0,2.0,289769.0,32.0,0.0,75.59999999999998,59.5,60.0,-0.105,9462.0,1374.0,1379.0,298603.0,-0.0759999999999999,-0.04,0.0869999999999999,-0.924,0.032,0.0819999999999999,1.0,0.707,273.9,275.9,277.0,277.0,0.818,276.0,0.7909999999999999,276.0,0.8359999999999999,275.0,0.003,13.7,2.0,3.0,0.0,19.89,0.0,-1.467,0.0,0.0,0.0,0.001,0.0,0.0,-0.001,-0.001,0.0,0.508,0.0,-0.482,0.2789999999999999,0.0,18.15,18.35,18.24,22.23,18.04,18.07,18.67,0.001,0.0,0.001,-0.001,10.0,10.0,10.0,8.0,0.0,0.0,0.0,0.0,0.0,16.2,16.25,0.0,0.0,0.0,0.0,0.0,0.0,59.96,6000.0,-1.317,-0.2,2.0,0.0,0.2,0.2,-0.0379999999999999,18.75,18.41,18.18,18.4,18.51,18.57,18.19,18.43,18.55,18.6,18.28,18.5,19.12,19.12,29.92,30.0,38.0,18.07,0.0,275.1,63.63,2.0,3.519,-1.0,0.8329999999999999,2.0,4903
2015-12-24 20:16:00,0.0,0.0,0.0,0.0,0.0,0.0,2.0,289769.0,32.0,0.0,75.59999999999998,59.5,60.0,-0.1019999999999999,9462.0,1374.0,1379.0,298603.0,-0.0759999999999999,-0.0299999999999999,0.098,-0.924,0.031,0.0819999999999999,1.0,0.702,274.0,276.0,277.0,277.0,0.818,276.0,0.7909999999999999,276.0,0.8359999999999999,275.0,0.003,13.7,2.0,3.0,0.0,19.89,0.0,-1.65,0.0,0.0,0.0,0.001,0.0,0.0,-0.001,-0.001,0.0,0.508,0.0,-0.482,0.2789999999999999,0.0,18.15,18.35,18.26,25.94,18.01,18.05,18.69,0.001,-0.001,0.0,0.0,10.0,10.0,10.0,8.0,0.0,0.0,0.0,0.0,0.0,16.38,16.4,0.0,0.0,0.0,0.0,0.0,0.0,59.97,6000.0,-1.433,-0.2,2.0,0.0,0.2,0.2,-0.0379999999999999,18.75,18.41,18.18,18.41,18.51,18.58,18.19,18.42,18.53,18.6,18.28,18.51,19.12,19.09,29.72,30.0,38.0,18.07,0.0,148.1,69.02,2.0,3.519,-1.0,0.632,1.3,4903
2015-12-24 20:17:00,0.0,0.0,0.0,0.0,0.0,0.0,2.0,289769.0,32.0,0.0,75.59999999999998,59.5,60.0,-0.1,9462.0,1374.0,1379.0,298603.0,-0.0759999999999999,-0.032,0.1,-0.923,0.032,0.0819999999999999,1.0,0.717,274.0,276.0,277.0,277.0,0.818,276.0,0.7909999999999999,276.0,0.8359999999999999,275.0,0.003,13.7,2.0,3.0,0.0,19.89,0.0,-1.433,0.0,0.0,0.0,0.001,0.001,0.0,-0.001,-0.001,0.0,0.508,0.0,-0.4739999999999999,0.2789999999999999,0.0,18.15,18.35,18.24,179.9,18.07,18.05,18.64,0.001,-0.001,0.0,0.0,10.0,10.0,10.0,8.0,0.0,0.0,0.0,0.0,0.0,16.65,16.93,0.0,0.0,0.0,0.0,0.0,0.0,59.97,6000.0,-1.35,-0.2,2.0,0.0,0.2,0.2,-0.0379999999999999,18.73,18.41,18.18,18.42,18.48,18.57,18.19,18.41,18.51,18.58,18.27,18.5,19.11,19.07,29.57,30.0,38.0,18.07,0.0,147.6,44.54,2.0,3.513,-1.0,0.748,1.4,4903
2015-12-24 20:18:00,0.0,0.0,0.0,0.0,0.0,0.0,2.0,289769.0,32.0,0.0,75.59999999999998,59.5,60.0,-0.1,9462.0,1374.0,1379.0,298603.0,-0.0759999999999999,-0.0279999999999999,0.0919999999999999,-0.924,0.032,0.0819999999999999,1.0,0.7269999999999999,274.0,276.0,277.0,277.0,0.818,276.0,0.7909999999999999,276.1,0.8359999999999999,275.0,0.003,13.7,2.0,3.0,0.0,19.9,0.0,-1.65,0.0,-0.001,0.0,0.001,0.0,0.0,-0.001,-0.001,0.0,0.508,0.0,-0.4629999999999999,0.2789999999999999,0.0,18.15,18.35,18.24,54.07,18.03,18.05,18.64,0.001,-0.001,0.0,-0.001,10.0,10.0,10.0,8.0,0.0,0.0,0.0,0.0,0.0,16.13,16.03,0.0,0.0,0.0,0.0,0.0,0.0,59.97,6000.0,-1.6,-0.2,2.0,0.0,0.2,0.2,-0.0379999999999999,18.74,18.42,18.19,18.43,18.51,18.57,18.2,18.4,18.49,18.57,18.26,18.51,19.12,19.08,29.25,30.0,38.0,18.07,0.0,240.8,28.05,2.0,3.519,-1.0,0.665,1.1,4903
2015-12-24 20:19:00,0.0,0.0,0.0,0.0,0.0,0.0,2.0,289769.0,32.0,0.0,75.59999999999998,59.5,60.0,-0.103,9462.0,1374.0,1379.0,298603.0,-0.0759999999999999,-0.023,0.093,-0.923,0.032,0.0819999999999999,1.0,0.7229999999999999,274.0,276.0,277.0,277.0,0.818,276.0,0.7909999999999999,276.4,0.8359999999999999,275.0,0.003,13.46,2.0,1.0,0.0,19.92,0.0,-1.567,0.0,-0.001,0.0,0.0,0.0,0.0,-0.001,-0.002,0.271,0.7490000000000001,0.0,-0.161,0.278,0.001,18.15,18.35,18.24,29.77,18.01,18.05,18.64,0.001,-0.001,0.0,0.0,10.0,10.0,10.0,8.0,0.0,0.0,0.0,0.0,0.0,15.55,15.95,0.0,0.0,0.0,0.0,0.0,0.0,59.96,6000.0,-1.45,-0.2,2.0,0.0,0.2,0.2,-0.0379999999999999,18.73,18.41,18.18,18.42,18.48,18.57,18.19,18.4,18.51,18.58,18.26,18.5,19.12,19.09,29.15,30.0,38.0,18.08,0.0,256.2,38.56,2.0,3.519,-1.0,0.7049999999999998,1.2,4903
2015-12-24 20:20:00,0.0,0.0,0.0,0.0,0.0,0.0,2.0,289769.0,32.0,0.0,75.59999999999998,59.5,60.0,-0.103,9462.0,1374.0,1379.0,298603.0,-0.0759999999999999,-0.037,0.1,-0.923,0.032,0.0819999999999999,1.0,0.7179999999999999,274.0,276.0,277.0,277.0,0.818,276.0,0.7909999999999999,276.8,0.8359999999999999,275.0,0.004,13.7,2.0,3.0,0.0,19.92,0.0,-1.2,0.0,-0.001,0.0,0.0,0.0,0.0,-0.002,-0.002,0.0,0.508,0.0,-0.465,0.2789999999999999,0.001,18.15,18.35,18.28,56.95,17.98,18.05,18.64,0.001,0.0,0.001,-0.001,10.0,10.0,10.0,8.0,0.0,0.0,0.0,0.0,0.0,15.38,15.85,0.0,0.0,0.0,0.0,0.0,0.0,59.97,6000.0,-1.217,-0.2,2.0,0.0,0.2,0.2,-0.0379999999999999,18.71,18.4,18.17,18.41,18.46,18.55,18.18,18.4,18.5,18.57,18.26,18.5,19.11,19.09,29.32,30.0,38.0,18.08,0.0,206.1,41.04,2.0,3.519,-1.0,0.352,0.9,4903
2015-12-24 20:21:00,0.0,0.0,0.0,0.0,0.0,0.0,2.0,289769.0,32.0,0.0,75.59999999999998,59.5,60.0,-0.1,9462.0,1374.0,1379.0,298603.0,-0.0759999999999999,-0.025,0.095,-0.924,0.032,0.0819999999999999,1.0,0.702,274.0,276.0,277.0,277.0,0.818,276.0,0.7909999999999999,276.3,0.8359999999999999,275.0,0.003,13.7,2.0,3.0,0.0,19.92,0.0,-1.15,0.0,-0.001,0.0,0.0,-0.001,0.0,-0.002,-0.002,0.0,0.508,0.0,-0.4679999999999999,0.2789999999999999,0.0,18.15,18.35,18.24,51.66,17.95,18.05,18.64,0.001,-0.001,0.001,-0.001,10.0,10.0,10.0,8.0,0.0,0.0,0.0,0.0,0.0,15.88,16.0,0.0,0.0,0.0,0.0,0.0,0.0,59.96,6000.0,-1.183,-0.2,2.0,0.0,0.2,0.2,-0.0379999999999999,18.69,18.38,18.15,18.41,18.45,18.54,18.17,18.39,18.49,18.55,18.24,18.48,19.1,19.02,29.02,30.0,38.0,18.07,0.0,312.2,48.42,2.0,3.519,-1.0,0.33,0.5999999999999999,4903
2015-12-24 20:22:00,0.0,0.0,0.0,0.0,0.0,0.0,2.0,289769.0,32.0,0.0,75.59999999999998,59.5,60.0,-0.1,9462.0,1374.0,1379.0,298603.0,-0.0759999999999999,-0.025,0.093,-0.923,0.032,0.0819999999999999,1.0,0.7079999999999999,274.0,276.0,277.0,277.0,0.818,276.0,0.7909999999999999,276.1,0.8359999999999999,275.0,0.003,13.7,2.0,3.0,0.0,19.92,0.0,-1.067,0.0,-0.002,0.0,-0.001,-0.001,0.0,-0.002,-0.002,0.0,0.508,-0.002,-0.461,0.2789999999999999,0.0,18.15,18.28,18.14,506.9,17.95,17.98,18.62,0.0,-0.001,0.0,0.0,10.0,10.0,10.0,8.0,0.0,0.0,0.0,0.0,0.0,16.46,16.68,0.0,0.0,0.0,0.0,0.0,0.0,59.95,6000.0,-1.167,-0.2,2.0,0.0,0.2,0.2,-0.0379999999999999,18.68,18.37,18.15,18.41,18.48,18.53,18.16,18.37,18.49,18.54,18.23,18.48,19.11,19.05,29.0,30.0,38.0,18.06,0.0,267.6,26.78,2.0,3.519,-1.0,0.67,1.2,4903
2015-12-24 20:23:00,0.0,0.0,0.0,0.0,0.0,0.0,2.0,289769.0,32.0,0.0,75.59999999999998,59.5,60.0,-0.103,9462.0,1374.0,1379.0,298603.0,-0.0759999999999999,-0.035,0.095,-0.924,0.031,0.0819999999999999,1.0,0.695,274.0,276.0,277.0,277.0,0.818,276.0,0.7909999999999999,276.0,0.8359999999999999,275.0,0.003,13.7,2.0,3.0,0.0,19.92,0.0,-1.467,0.0,-0.002,0.0,-0.001,-0.002,0.0,-0.002,-0.002,0.0,0.508,-0.003,-0.465,0.2789999999999999,0.0,18.15,18.25,18.16,34.09,17.97,17.95,18.57,0.0,-0.001,0.001,-0.001,10.0,10.0,10.0,8.0,0.0,0.0,0.0,0.0,0.0,17.08,17.2,0.0,0.0,0.0,0.0,0.0,0.0,59.97,6000.0,-1.433,-0.2,2.0,0.0,0.2,0.2,-0.0379999999999999,18.68,18.37,18.15,18.41,18.46,18.54,18.17,18.38,18.51,18.54,18.24,18.48,19.1,19.06,29.0,30.0,38.0,18.06,0.0,292.4,48.55,2.0,3.521,-1.0,0.3679999999999999,1.1,4903
2015-12-24 20:24:00,0.0,0.0,0.0,0.0,0.0,0.0,2.0,289769.0,32.0,0.0,75.59999999999998,59.5,60.0,-0.1019999999999999,9462.0,1374.0,1379.0,298603.0,-0.0759999999999999,-0.033,0.0969999999999999,-0.924,0.032,0.0819999999999999,1.0,0.6999999999999998,274.0,276.0,277.0,277.0,0.818,276.0,0.7909999999999999,276.0,0.8359999999999999,275.0,0.003,13.7,2.0,3.0,0.0,19.92,0.0,-1.3,0.0,-0.002,0.0,-0.001,-0.002,0.0,-0.002,-0.003,0.321,0.774,-0.003,-0.131,0.2789999999999999,0.001,18.15,18.26,18.16,4.952,17.97,17.98,18.62,0.0,-0.001,0.001,0.0,10.0,10.0,10.0,8.0,0.0,0.0,0.0,0.0,0.0,17.18,17.57,0.0,0.0,0.0,0.0,0.0,0.0,59.97,6000.0,-1.217,-0.2,2.0,0.0,0.2,0.2,-0.0379999999999999,18.69,18.38,18.15,18.42,18.48,18.55,18.18,18.4,18.53,18.56,18.26,18.48,19.1,19.02,29.0,30.0,38.0,18.07,0.0,268.4,52.74,2.0,3.521,-1.0,0.472,1.3,4903
2015-12-24 20:25:00,0.0,0.0,0.0,0.0,0.0,0.0,2.0,289769.0,32.0,0.0,75.59999999999998,59.5,60.0,-0.1,9462.0,1374.0,1379.0,298603.0,-0.0759999999999999,-0.0299999999999999,0.098,-0.923,0.032,0.0819999999999999,1.0,0.712,274.0,276.0,277.0,277.0,0.818,276.0,0.7909999999999999,276.1,0.8359999999999999,275.0,0.004,13.43,2.0,3.0,0.0,19.92,0.0,-1.317,0.0,-0.002,0.0,0.0,-0.001,0.0,-0.001,-0.002,0.025,0.524,-0.003,-0.446,0.278,0.001,18.15,18.28,18.23,89.7,18.0,18.05,18.59,0.001,-0.001,0.0,0.0,10.0,10.0,10.0,8.0,0.0,0.0,0.0,0.0,0.0,16.73,17.0,0.0,0.0,0.0,0.0,0.0,0.0,59.96,6000.0,-1.267,-0.2,2.0,0.0,0.2,0.2,-0.0379999999999999,18.71,18.4,18.18,18.44,18.48,18.56,18.19,18.4,18.51,18.56,18.25,18.5,19.08,19.05,29.0,30.0,38.0,18.08,0.0,315.3,75.78,2.0,3.519,-1.0,0.4849999999999999,1.4,4903
2015-12-24 20:26:00,0.0,0.0,0.0,0.0,0.0,0.0,2.0,289769.0,32.0,0.0,75.59999999999998,59.5,60.0,-0.1019999999999999,9462.0,1374.0,1379.0,298603.0,-0.0759999999999999,-0.023,0.0969999999999999,-0.923,0.032,0.0819999999999999,1.0,0.7049999999999998,274.0,276.0,277.0,277.0,0.818,276.0,0.7909999999999999,276.6,0.8359999999999999,275.0,0.003,13.7,2.0,3.0,0.0,19.93,0.0,-1.15,0.0,-0.002,0.0,0.0,-0.001,0.0,-0.002,-0.002,0.0,0.508,-0.002,-0.4779999999999999,0.2789999999999999,0.001,18.15,18.35,18.24,25.6,18.05,18.0,18.62,0.0,-0.001,0.001,0.0,10.0,10.0,10.0,8.0,0.0,0.0,0.0,0.0,0.0,16.44,16.93,0.0,0.0,0.0,0.0,0.0,0.0,59.97,6000.0,-1.283,-0.2,2.0,0.0,0.2,0.2,-0.0379999999999999,18.72,18.42,18.19,18.45,18.5,18.57,18.19,18.4,18.51,18.56,18.26,18.51,19.09,19.05,29.0,30.0,38.0,18.08,0.0,172.6,68.38,2.0,3.519,-1.0,0.2119999999999999,0.4,4903
2015-12-24 20:27:00,0.0,0.0,0.0,0.0,0.0,0.0,2.0,289769.0,32.0,0.0,75.59999999999998,59.5,60.0,-0.1019999999999999,9462.0,1374.0,1379.0,298603.0,-0.0759999999999999,-0.0279999999999999,0.098,-0.923,0.032,0.0819999999999999,1.0,0.702,274.0,276.0,277.0,277.0,0.818,276.0,0.7909999999999999,276.7,0.8359999999999999,275.0,0.003,13.7,2.0,3.0,0.0,19.94,0.0,-1.117,0.0,-0.002,0.0,0.0,-0.001,0.0,-0.002,-0.002,0.0,0.508,-0.002,-0.4739999999999999,0.2789999999999999,0.0,18.15,18.3,18.24,73.0,17.95,18.03,18.61,0.0,0.0,0.0,0.0,10.0,10.0,10.0,8.0,0.0,0.0,0.0,0.0,0.0,16.17,16.28,0.0,0.0,0.0,0.0,0.0,0.0,59.96,6000.0,-1.067,-0.2,2.0,0.0,0.2,0.2,-0.0379999999999999,18.71,18.41,18.18,18.46,18.51,18.57,18.2,18.41,18.52,18.56,18.27,18.51,19.09,19.0,29.0,30.0,38.0,18.08,0.0,339.8,43.8,2.0,3.519,-1.0,0.3779999999999999,0.6999999999999998,4903
2015-12-24 20:28:00,0.0,0.0,0.0,0.0,0.0,0.0,2.0,289769.0,32.0,0.0,75.59999999999998,59.5,60.0,-0.103,9462.0,1374.0,1379.0,298603.0,-0.0759999999999999,-0.023,0.098,-0.924,0.032,0.0819999999999999,1.0,0.7129999999999999,274.0,276.0,277.0,277.0,0.818,276.0,0.7909999999999999,276.4,0.8359999999999999,275.0,0.003,13.7,2.0,3.0,0.0,19.94,0.0,-1.283,0.0,-0.002,-0.002,0.0,-0.001,0.0,-0.002,-0.002,0.0,0.508,-0.003,-0.472,0.2789999999999999,0.0,18.15,18.33,18.23,82.7,17.95,18.05,18.64,0.0,-0.001,0.001,0.0,10.0,10.0,10.0,8.0,0.0,0.0,0.0,0.0,0.0,15.84,16.0,0.0,0.0,0.0,0.0,0.0,0.0,59.96,6000.0,-1.3,-0.2,2.0,0.0,0.2,0.2,-0.0379999999999999,18.7,18.41,18.18,18.45,18.49,18.56,18.19,18.41,18.53,18.57,18.27,18.51,19.09,18.97,29.0,30.0,38.0,18.08,0.0,323.2,67.33,2.0,3.521,-1.0,0.452,0.9,4903
2015-12-24 20:29:00,0.0,0.0,0.0,0.0,0.0,0.0,2.0,289769.0,32.0,0.0,75.59999999999998,59.5,60.0,-0.103,9462.0,1374.0,1379.0,298603.0,-0.0759999999999999,-0.0279999999999999,0.098,-0.923,0.032,0.0819999999999999,1.0,0.717,274.0,276.0,277.0,277.0,0.818,276.0,0.7909999999999999,276.2,0.8359999999999999,275.0,0.003,13.7,2.0,3.0,0.0,19.94,0.0,-1.15,0.0,-0.002,-0.003,0.0,-0.001,0.0,-0.002,-0.002,0.0,0.508,-0.003,-0.4679999999999999,0.2789999999999999,0.0,18.15,18.31,18.22,123.2,17.95,18.05,18.59,0.0,-0.001,0.001,-0.001,10.0,10.0,10.0,8.0,0.0,0.0,0.0,0.0,0.0,15.49,16.0,0.0,0.0,0.0,0.0,0.0,0.0,59.95,6000.0,-1.217,-0.2,2.0,0.0,0.2,0.2,-0.0379999999999999,18.71,18.41,18.18,18.46,18.51,18.56,18.19,18.41,18.52,18.57,18.27,18.5,19.09,18.96,29.0,30.0,38.0,18.07,0.0,30.35,31.49,2.0,3.519,-1.0,0.8579999999999999,1.5,4903
2015-12-24 20:30:00,0.0,0.0,0.0,0.0,0.0,0.0,2.0,289769.0,32.0,0.0,75.59999999999998,59.5,60.0,-0.1,9462.0,1374.0,1379.0,298603.0,-0.0759999999999999,-0.025,0.1,-0.923,0.032,0.0819999999999999,1.0,0.7199999999999999,274.0,276.0,277.0,277.0,0.818,276.0,0.7909999999999999,276.2,0.8359999999999999,275.0,-0.001,13.49,2.0,1.0,0.0,19.94,0.0,-1.633,0.0,-0.003,-0.003,0.0,-0.001,0.0,-0.002,-0.002,0.252,0.747,-0.003,-0.203,0.28,0.0,18.15,18.26,18.22,188.5,17.97,18.0,18.54,0.001,-0.001,0.0,0.0,10.0,10.0,10.0,8.0,0.0,0.0,0.0,0.0,0.0,15.4,15.85,0.0,0.0,0.0,0.0,0.0,0.0,59.95,6000.0,-1.5,-0.2,2.0,0.0,0.2,0.2,-0.0379999999999999,18.71,18.4,18.18,18.45,18.52,18.56,18.19,18.41,18.51,18.56,18.26,18.51,19.1,18.97,29.0,30.0,38.0,18.06,0.0,77.94,69.76,2.0,3.519,-1.0,0.3379999999999999,0.8,4903
2015-12-24 20:31:00,0.0,0.0,0.0,0.0,0.0,0.0,2.0,289769.0,32.0,0.0,75.59999999999998,59.5,60.0,-0.105,9462.0,1374.0,1379.0,298603.0,-0.0759999999999999,-0.023,0.095,-0.923,0.032,0.0819999999999999,1.0,0.707,274.0,276.0,277.0,277.0,0.818,276.0,0.7909999999999999,276.0,0.8359999999999999,275.0,0.0069999999999999,13.69,2.0,3.0,0.0,19.94,0.0,-1.567,0.0,-0.003,-0.003,0.0,-0.001,0.0,-0.002,-0.002,0.0,0.508,-0.003,-0.4679999999999999,0.2789999999999999,0.0,18.15,18.31,18.21,86.79999999999998,17.95,18.05,18.54,0.001,0.0,0.001,0.0,10.0,10.0,10.0,8.0,0.0,0.0,0.0,0.0,0.0,15.85,16.0,0.0,0.0,0.0,0.0,0.0,0.0,59.95,6000.0,-1.5,-0.2,2.0,0.0,0.2,0.2,-0.0379999999999999,18.69,18.4,18.18,18.46,18.5,18.56,18.2,18.4,18.51,18.55,18.26,18.51,19.11,18.97,29.0,30.0,38.0,18.05,0.0,328.4,80.79999999999998,2.0,3.519,-1.0,0.375,0.6999999999999998,4903
2015-12-24 20:32:00,0.0,0.0,0.0,0.0,0.0,0.0,2.0,289769.0,32.0,0.0,75.59999999999998,59.5,60.0,-0.103,9462.0,1374.0,1379.0,298603.0,-0.0759999999999999,-0.027,0.093,-0.923,0.032,0.0819999999999999,1.0,0.707,274.0,276.0,277.0,277.0,0.818,276.0,0.7909999999999999,276.3,0.8359999999999999,275.0,0.003,13.7,2.0,3.0,0.0,19.94,0.0,-1.55,0.0,-0.004,-0.003,0.0,-0.001,0.0,-0.002,-0.002,0.0,0.508,-0.003,-0.4699999999999999,0.2789999999999999,0.0,18.15,18.35,18.26,214.4,18.0,18.03,18.54,0.001,0.0,0.0,0.0,10.0,10.0,10.0,8.0,0.0,0.0,0.0,0.0,0.0,16.3,16.32,0.0,0.0,0.0,0.0,0.0,0.0,59.96,6000.0,-1.467,-0.2,2.0,0.0,0.2,0.2,-0.0379999999999999,18.69,18.4,18.18,18.47,18.55,18.56,18.2,18.4,18.51,18.56,18.26,18.5,19.1,18.95,29.0,30.0,38.0,18.05,0.0,354.2,28.46,2.0,3.521,-1.0,0.4179999999999999,0.8,4903
2015-12-24 20:33:00,0.0,0.0,0.0,0.0,0.0,0.0,2.0,289769.0,32.0,0.0,75.59999999999998,59.5,60.0,-0.1,9462.0,1374.0,1379.0,298603.0,-0.0759999999999999,-0.027,0.1,-0.923,0.032,0.0819999999999999,1.0,0.697,274.0,276.0,277.0,277.0,0.818,276.0,0.7909999999999999,276.0,0.8359999999999999,275.0,0.003,13.7,2.0,3.0,0.0,19.96,0.0,-1.283,0.0,-0.004,-0.003,0.0,-0.001,0.0,-0.002,-0.002,0.0,0.508,-0.003,-0.4529999999999999,0.2789999999999999,0.0,18.15,18.35,18.24,123.8,17.99,18.05,18.54,0.001,-0.001,0.001,-0.001,10.0,10.0,10.0,8.0,0.0,0.0,0.0,0.0,0.0,16.43,16.63,0.0,0.0,0.0,0.0,0.0,0.0,59.96,6000.0,-1.317,-0.2,2.0,0.0,0.2,0.2,-0.0379999999999999,18.7,18.41,18.18,18.47,18.56,18.58,18.21,18.41,18.53,18.56,18.27,18.51,19.08,18.95,29.0,30.0,38.0,18.05,0.0,69.11,23.71,2.0,3.519,-1.0,0.437,1.0,4903
2015-12-24 20:34:00,0.0,0.0,0.0,0.0,0.0,0.0,2.0,289769.0,32.0,0.0,75.59999999999998,59.5,60.0,-0.1,9462.0,1374.0,1379.0,298603.0,-0.0759999999999999,-0.023,0.093,-0.924,0.031,0.0819999999999999,1.0,0.698,274.0,276.0,277.0,277.0,0.818,276.0,0.7909999999999999,276.0,0.8359999999999999,275.0,0.003,13.7,2.0,3.0,0.0,19.97,0.0,-1.233,0.0,-0.003,-0.002,0.0,-0.001,0.0,-0.002,-0.002,0.0,0.508,-0.002,-0.4699999999999999,0.2789999999999999,0.0,18.15,18.35,18.24,41.55,18.0,18.05,18.54,0.0,-0.001,0.001,-0.001,10.0,10.0,10.0,8.0,0.0,0.0,0.0,0.0,0.0,16.25,16.45,0.0,0.0,0.0,0.0,0.0,0.0,59.95,6000.0,-1.267,-0.2,2.0,0.0,0.2,0.2,-0.0379999999999999,18.71,18.42,18.2,18.49,18.56,18.59,18.21,18.42,18.51,18.57,18.27,18.53,19.1,18.97,29.0,30.0,38.0,18.05,0.0,167.9,49.67,2.0,3.519,-1.0,0.7129999999999999,1.5,4903
2015-12-24 20:35:00,0.0,0.0,0.0,0.0,0.0,0.0,2.0,289769.0,32.0,0.0,75.59999999999998,59.5,60.0,-0.1,9462.0,1374.0,1379.0,298603.0,-0.0759999999999999,-0.018,0.095,-0.923,0.032,0.0819999999999999,1.0,0.702,274.0,276.0,277.0,277.0,0.818,276.0,0.7909999999999999,276.0,0.8359999999999999,275.0,0.005,13.7,2.0,3.0,0.0,19.97,0.0,-1.083,0.0,-0.003,0.0,0.0,-0.001,0.0,-0.002,-0.001,0.12,0.6089999999999999,-0.001,-0.3279999999999999,0.2789999999999999,0.0,18.15,18.35,18.24,81.5,18.05,18.09,18.54,0.0,-0.001,0.001,-0.001,10.0,10.0,10.0,8.0,0.0,0.0,0.0,0.0,0.0,16.34,16.75,0.0,0.0,0.0,0.0,0.0,0.0,59.95,6000.0,-1.167,-0.2,2.0,0.0,0.2,0.2,-0.0379999999999999,18.7,18.42,18.19,18.5,18.55,18.6,18.23,18.41,18.52,18.57,18.26,18.52,19.11,18.97,29.0,30.0,38.0,18.06,0.0,153.2,36.42,2.0,3.519,-1.0,0.568,1.4,4903
2015-12-24 20:36:00,0.0,0.0,0.0,0.0,0.0,0.0,2.0,289769.0,32.0,0.0,75.59999999999998,59.5,60.0,-0.1019999999999999,9462.0,1374.0,1379.0,298603.0,-0.0759999999999999,-0.02,0.095,-0.923,0.032,0.0819999999999999,1.0,0.685,274.0,276.0,277.0,277.0,0.818,276.0,0.7909999999999999,276.0,0.8359999999999999,275.0,0.002,13.56,2.0,1.0,0.0,19.97,0.0,-1.1,0.0,-0.003,0.0,0.0,-0.001,0.0,-0.002,-0.002,-0.002,0.508,0.0,-0.4529999999999999,0.278,0.001,18.15,18.35,18.24,35.73,18.05,18.05,18.54,0.001,-0.001,0.0,-0.001,10.0,10.0,10.0,8.0,0.0,0.0,0.0,0.0,0.0,16.67,17.0,0.0,0.0,0.0,0.0,0.0,0.0,59.95,6000.0,-1.167,-0.2,2.0,0.0,0.2,0.2,-0.0379999999999999,18.69,18.41,18.2,18.51,18.55,18.59,18.23,18.41,18.51,18.57,18.26,18.52,19.1,19.0,29.0,30.0,38.0,18.06,0.0,93.6,25.54,2.0,3.518,-1.0,0.507,0.9,4903
2015-12-24 20:37:00,0.0,0.0,0.0,0.0,0.0,0.0,2.0,289769.0,32.0,0.0,75.59999999999998,59.5,60.0,-0.1019999999999999,9462.0,1374.0,1379.0,298603.0,-0.0759999999999999,-0.025,0.0969999999999999,-0.923,0.032,0.0819999999999999,1.0,0.6999999999999998,274.0,276.0,277.0,277.0,0.818,276.0,0.7909999999999999,276.0,0.8359999999999999,275.0,0.003,13.7,2.0,3.0,0.0,19.97,0.0,-1.483,0.0,-0.003,0.0,0.0,-0.001,0.0,-0.002,-0.001,0.0,0.508,0.0,-0.457,0.2789999999999999,0.0,18.15,18.35,18.24,94.8,18.05,18.05,18.54,0.001,0.0,0.0,-0.001,10.0,10.0,10.0,8.0,0.0,0.0,0.0,0.0,0.0,17.15,17.23,0.0,0.0,0.0,0.0,0.0,0.0,59.96,6000.0,-1.383,-0.2,2.0,0.0,0.2,0.2,-0.0379999999999999,18.69,18.41,18.2,18.51,18.55,18.59,18.23,18.42,18.53,18.58,18.27,18.52,19.1,18.97,29.0,30.0,38.0,18.06,0.0,4.876,66.53,2.0,3.519,-1.0,0.2399999999999999,0.8,4903
2015-12-24 20:38:00,0.0,0.0,0.0,0.0,0.0,0.0,2.0,289769.0,32.0,0.0,75.59999999999998,59.5,60.0,-0.1,9462.0,1374.0,1379.0,298603.0,-0.0759999999999999,-0.035,0.0969999999999999,-0.923,0.032,0.0819999999999999,1.0,0.7049999999999998,274.0,276.0,277.0,277.0,0.818,276.0,0.7909999999999999,276.0,0.8359999999999999,275.0,0.003,13.7,2.0,3.0,0.0,19.97,0.0,-1.05,0.0,-0.003,0.0,0.0,-0.001,0.0,-0.001,-0.001,0.0,0.508,0.0,-0.465,0.2789999999999999,0.0,18.15,18.35,18.26,29.92,18.03,18.06,18.54,0.001,-0.001,0.001,0.0,10.0,10.0,10.0,8.0,0.0,0.0,0.0,0.0,0.0,17.72,18.0,0.0,0.0,0.0,0.0,0.0,0.0,59.96,6000.0,-1.183,-0.2,2.0,0.0,0.2,0.2,-0.0379999999999999,18.69,18.41,18.2,18.51,18.53,18.6,18.22,18.42,18.52,18.58,18.28,18.52,19.1,18.95,29.0,30.0,38.0,18.07,0.0,249.6,57.22,2.0,3.519,-1.0,0.1749999999999999,0.2999999999999999,4903
2015-12-24 20:39:00,0.0,0.0,0.0,0.0,0.0,0.0,2.0,289769.0,32.0,0.0,75.59999999999998,59.5,60.0,-0.1,9462.0,1374.0,1379.0,298603.0,-0.0759999999999999,-0.023,0.098,-0.923,0.032,0.0819999999999999,1.0,0.7029999999999998,274.0,276.0,277.0,277.0,0.818,276.0,0.7909999999999999,276.0,0.8359999999999999,275.0,0.003,13.7,2.0,3.0,0.0,19.97,0.0,-1.433,0.0,-0.002,0.0,0.0,-0.001,0.0,-0.001,-0.002,0.0,0.508,0.0,-0.4699999999999999,0.2789999999999999,0.0,18.15,18.35,18.24,116.1,18.03,18.05,18.54,0.0,-0.001,0.001,-0.001,10.0,10.0,10.0,8.0,0.0,0.0,0.0,0.0,0.0,17.96,18.0,0.0,0.0,0.0,0.0,0.0,0.0,59.95,6000.0,-1.4169999999999998,-0.2,2.0,0.0,0.2,0.2,-0.0379999999999999,18.69,18.42,18.21,18.52,18.55,18.59,18.23,18.42,18.52,18.57,18.28,18.53,19.09,18.94,29.0,30.0,38.0,18.07,0.0,186.8,52.82,2.0,3.519,-1.0,0.1969999999999999,0.5,4903
2015-12-24 20:40:00,0.0,0.0,0.0,0.0,0.0,0.0,2.0,289769.0,32.0,0.0,75.59999999999998,59.5,60.0,-0.103,9462.0,1374.0,1379.0,298603.0,-0.0759999999999999,-0.023,0.1,-0.923,0.032,0.0819999999999999,1.0,0.698,274.0,276.0,277.0,277.0,0.818,276.0,0.7909999999999999,276.4,0.8359999999999999,275.0,0.003,13.7,2.0,3.0,0.0,19.97,0.0,-1.567,0.0,-0.002,0.0,0.0,-0.001,0.0,-0.002,-0.001,0.0,0.508,0.0,-0.4589999999999999,0.2789999999999999,0.0,18.15,18.35,18.26,5.002,18.05,18.07,18.54,0.0,0.0,0.0,0.0,10.0,10.0,10.0,8.0,0.0,0.0,0.0,0.0,0.0,18.05,18.0,0.0,0.0,0.0,0.0,0.0,0.0,59.96,6000.0,-1.4169999999999998,-0.2,2.0,0.0,0.2,0.2,-0.0379999999999999,18.69,18.43,18.21,18.54,18.55,18.61,18.24,18.44,18.54,18.59,18.3,18.54,19.09,18.93,29.0,30.0,37.98,18.07,0.0,178.5,45.11,2.0,3.519,-1.0,0.2119999999999999,0.4,4903
2015-12-24 20:41:00,0.0,0.0,0.0,0.0,0.0,0.0,2.0,289769.0,32.0,0.0,75.59999999999998,59.5,60.0,-0.105,9462.0,1374.0,1379.0,298603.0,-0.0759999999999999,-0.025,0.093,-0.923,0.032,0.0819999999999999,1.0,0.6999999999999998,274.0,276.0,277.0,277.0,0.818,276.0,0.7909999999999999,276.9,0.8359999999999999,275.0,0.003,13.46,2.0,1.0,0.0,19.97,0.0,-1.3,0.0,-0.002,0.0,0.0,-0.001,0.0,-0.001,-0.002,0.171,0.63,0.0,-0.281,0.2789999999999999,0.001,18.15,18.35,18.24,255.8,18.05,18.05,18.56,0.001,-0.001,0.001,0.0,10.0,10.0,10.0,8.0,0.0,0.0,0.0,0.0,0.0,18.04,18.0,0.0,0.0,0.0,0.0,0.0,0.0,59.96,6000.0,-1.35,-0.2,2.0,0.0,0.2,0.2,-0.0379999999999999,18.7,18.44,18.22,18.55,18.58,18.62,18.25,18.45,18.56,18.6,18.31,18.55,19.06,18.92,29.0,30.0,37.85,18.07,0.0,222.9,46.63,2.0,3.519,-1.0,0.2869999999999999,0.4,4903
2015-12-24 20:42:00,0.0,0.0,0.0,0.0,0.0,0.0,2.0,289769.0,32.0,0.0,75.59999999999998,59.5,60.0,-0.1019999999999999,9462.0,1374.0,1379.0,298603.0,-0.0759999999999999,-0.027,0.1,-0.923,0.032,0.0819999999999999,1.0,0.695,274.0,276.0,277.0,277.0,0.818,276.0,0.7909999999999999,277.0,0.8359999999999999,275.0,0.004,13.7,2.0,3.0,0.0,19.97,0.0,-1.1,0.0,-0.002,0.0,0.0,-0.001,0.0,-0.001,-0.001,0.0,0.508,0.0,-0.4629999999999999,0.2789999999999999,0.0,18.15,18.35,18.24,184.0,18.06,18.05,18.64,0.001,0.0,0.0,0.0,10.0,10.0,10.0,8.0,0.0,0.0,0.0,0.0,0.0,18.09,18.0,0.0,0.0,0.0,0.0,0.0,0.0,59.96,6000.0,-1.233,-0.2,2.0,0.0,0.2,0.2,-0.0379999999999999,18.72,18.45,18.24,18.56,18.56,18.62,18.26,18.46,18.56,18.61,18.31,18.56,19.07,18.92,29.0,30.0,37.95,18.08,0.0,59.37,47.85,2.0,3.521,-1.0,0.1749999999999999,0.2999999999999999,4903
2015-12-24 20:43:00,0.0,0.0,0.0,0.0,0.0,0.0,2.0,289769.0,32.0,0.0,75.59999999999998,59.5,60.0,-0.1019999999999999,9462.0,1374.0,1379.0,298603.0,-0.0759999999999999,-0.0149999999999999,0.1,-0.923,0.032,0.0819999999999999,1.0,0.7079999999999999,274.0,276.0,277.0,277.0,0.818,276.0,0.7909999999999999,276.9,0.8359999999999999,275.0,0.003,13.7,2.0,3.0,0.0,19.99,0.0,-1.033,0.0,-0.002,0.0,0.0,-0.001,0.0,-0.001,-0.001,0.0,0.508,0.0,-0.4739999999999999,0.2789999999999999,0.0,18.15,18.35,18.26,47.12,18.03,18.09,18.64,0.001,-0.001,0.001,0.0,10.0,10.0,10.0,8.0,0.0,0.0,0.0,0.0,0.0,18.09,18.0,0.0,0.0,0.0,0.0,0.0,0.0,59.96,6000.0,-1.1,-0.2,2.0,0.0,0.2,0.2,-0.0379999999999999,18.72,18.45,18.24,18.58,18.57,18.64,18.27,18.46,18.55,18.6,18.31,18.57,19.08,18.95,29.0,30.0,38.0,18.09,0.0,2.832,89.9,2.0,3.519,-1.0,0.3049999999999999,0.6999999999999998,4903
2015-12-24 20:44:00,0.0,0.0,0.0,0.0,0.0,0.0,2.0,289769.0,32.0,0.0,75.59999999999998,59.5,60.0,-0.1,9462.0,1374.0,1379.0,298603.0,-0.0759999999999999,-0.017,0.0969999999999999,-0.923,0.032,0.0819999999999999,1.0,0.6999999999999998,274.0,276.0,277.0,277.0,0.818,276.0,0.7909999999999999,276.4,0.8359999999999999,275.0,0.003,13.7,2.0,3.0,0.0,20.0,0.0,-1.183,0.0,-0.002,0.0,0.001,-0.001,0.0,0.0,-0.001,0.0,0.508,0.0,-0.4629999999999999,0.2789999999999999,0.0,18.15,18.35,18.24,20.63,18.05,18.06,18.64,0.001,0.0,0.001,-0.001,10.0,10.0,10.0,8.0,0.0,0.0,0.0,0.0,0.0,18.03,18.0,0.0,0.0,0.0,0.0,0.0,0.0,59.97,6000.0,-1.2,-0.2,2.0,0.0,0.2,0.2,-0.0379999999999999,18.73,18.45,18.24,18.59,18.6,18.64,18.28,18.48,18.59,18.63,18.33,18.57,19.1,18.95,29.0,30.0,37.72,18.09,0.0,56.1,48.28,2.0,3.519,-1.0,0.387,0.8,4903
2015-12-24 20:45:00,0.0,0.0,0.0,0.0,0.0,0.0,2.0,289769.0,32.0,0.0,75.59999999999998,59.5,60.0,-0.1019999999999999,9462.0,1374.0,1379.0,298603.0,-0.0759999999999999,-0.017,0.098,-0.923,0.032,0.0819999999999999,1.0,0.693,274.0,276.0,277.0,277.0,0.818,276.0,0.7909999999999999,276.5,0.8359999999999999,275.0,0.003,13.7,2.0,3.0,0.0,20.0,0.0,-1.383,0.0,-0.001,0.0,0.001,0.001,0.0,0.0,-0.001,0.0,0.508,0.0,-0.442,0.2789999999999999,0.0,18.15,18.35,18.3,-41.91,18.05,18.05,18.64,0.0,0.0,0.0,0.0,10.0,10.0,10.0,8.0,0.0,0.0,0.0,0.0,0.0,17.97,18.0,0.0,0.0,0.0,0.0,0.0,0.0,59.97,6000.0,-1.4,-0.2,2.0,0.0,0.2,0.2,-0.0379999999999999,18.74,18.47,18.25,18.61,18.61,18.65,18.29,18.49,18.58,18.64,18.35,18.58,19.1,18.94,29.0,30.0,37.4,18.1,0.0,100.5,40.66,2.0,3.519,-1.0,0.698,1.1,4903
2015-12-24 20:46:00,0.0,0.0,0.0,0.0,0.0,0.0,2.0,289769.0,32.0,0.0,75.59999999999998,59.5,60.0,-0.103,9462.0,1374.0,1379.0,298603.0,-0.0759999999999999,-0.0149999999999999,0.1,-0.923,0.032,0.0819999999999999,1.0,0.697,274.0,276.0,277.0,277.0,0.818,276.0,0.7909999999999999,276.1,0.8359999999999999,275.0,0.003,13.7,2.0,1.0,0.0,20.0,0.0,-1.317,0.0,-0.001,0.0,0.001,0.0,0.0,0.0,0.0,0.19,0.647,0.0,-0.258,0.2789999999999999,0.001,18.15,18.43,18.26,72.95,18.09,18.07,18.64,0.001,0.0,0.001,0.0,10.0,10.0,10.0,8.0,0.0,0.0,0.0,0.0,0.0,18.09,18.0,0.0,0.0,0.0,0.0,0.0,0.0,59.95,6000.0,-1.3,-0.2,2.0,0.0,0.2,0.2,-0.0379999999999999,18.77,18.49,18.27,18.62,18.62,18.66,18.31,18.5,18.6,18.65,18.35,18.6,19.11,18.97,29.0,30.0,37.2,18.12,0.0,339.8,52.35,2.0,3.519,-1.0,0.3579999999999999,0.9,4903
2015-12-24 20:47:00,0.0,0.0,0.0,0.0,0.0,0.0,2.0,289769.0,32.0,0.0,75.59999999999998,59.5,60.0,-0.1,9462.0,1374.0,1379.0,298603.0,-0.0759999999999999,-0.0279999999999999,0.0969999999999999,-0.923,0.032,0.0819999999999999,1.0,0.698,274.0,276.0,277.0,277.0,0.818,276.0,0.7909999999999999,276.7,0.8359999999999999,275.0,0.005,13.53,2.0,1.0,0.0,20.0,0.0,-1.083,0.0,-0.001,0.0,0.002,0.001,0.0,0.0,0.0,0.008,0.508,0.0,-0.434,0.278,0.001,18.15,18.44,18.32,19.75,18.05,18.05,18.66,0.001,0.0,0.0,0.0,10.0,10.0,10.0,8.0,0.0,0.0,0.0,0.0,0.0,18.09,18.02,0.0,0.0,0.0,0.0,0.0,0.0,59.95,6000.0,-1.133,-0.2,2.0,0.0,0.2,0.2,-0.0379999999999999,18.78,18.49,18.28,18.65,18.65,18.68,18.33,18.52,18.62,18.67,18.37,18.61,19.14,19.0,29.0,30.0,37.13,18.13,0.0,12.1,69.47,2.0,3.519,-1.0,0.222,0.5999999999999999,4903
2015-12-24 20:48:00,0.0,0.0,0.0,0.0,0.0,0.0,2.0,289769.0,32.0,0.0,75.59999999999998,59.5,60.0,-0.1,9462.0,1374.0,1379.0,298603.0,-0.0759999999999999,-0.032,0.1019999999999999,-0.923,0.032,0.0819999999999999,1.0,0.702,274.0,276.0,277.1,277.0,0.818,276.0,0.7909999999999999,277.0,0.8359999999999999,275.0,0.003,13.7,2.0,3.0,0.0,20.0,0.0,-1.433,0.0,-0.001,0.0,0.001,0.001,0.001,0.0,0.0,0.0,0.508,0.0,-0.4629999999999999,0.2789999999999999,0.0,18.18,18.43,18.32,57.72,18.07,18.13,18.74,0.001,-0.001,0.0,0.0,10.0,10.0,10.0,8.0,0.0,0.0,0.0,0.0,0.0,18.09,18.0,0.0,0.0,0.0,0.0,0.0,0.0,59.96,6000.0,-1.283,-0.2,2.0,0.0,0.2,0.2,-0.0379999999999999,18.79,18.5,18.28,18.66,18.65,18.69,18.33,18.53,18.64,18.68,18.38,18.61,19.14,19.05,29.0,30.0,37.32,18.15,0.0,354.4,40.96,2.0,3.519,-1.0,0.342,0.8,4903
2015-12-24 20:49:00,0.0,0.0,0.0,0.0,0.0,0.0,2.0,289769.0,32.0,0.0,75.59999999999998,59.5,60.0,-0.1019999999999999,9462.0,1374.0,1379.0,298603.0,-0.0759999999999999,-0.025,0.1019999999999999,-0.923,0.032,0.0819999999999999,1.0,0.697,274.0,276.0,277.1,277.0,0.818,276.0,0.7909999999999999,277.0,0.8359999999999999,275.0,0.003,13.7,2.0,3.0,0.0,20.01,0.0,-1.533,0.0,-0.001,0.0,0.002,0.001,0.002,0.0,0.0,0.0,0.508,0.0,-0.4479999999999999,0.2789999999999999,0.0,18.22,18.44,18.35,140.5,18.1,18.18,18.74,0.0,0.0,0.0,-0.001,10.0,10.0,10.0,8.0,0.0,0.0,0.0,0.0,0.0,18.13,18.0,0.0,0.0,0.0,0.0,0.0,0.0,59.96,6000.0,-1.433,-0.2,2.0,0.0,0.2,0.2,-0.0379999999999999,18.8,18.51,18.3,18.68,18.65,18.69,18.34,18.53,18.65,18.68,18.38,18.62,19.14,19.04,29.0,30.0,37.63,18.15,0.0,272.4,89.2,2.0,3.519,-1.0,0.2419999999999999,0.5999999999999999,4903
2015-12-24 20:50:00,0.0,0.0,0.0,0.0,0.0,0.0,2.0,289769.0,32.0,0.0,75.59999999999998,59.5,60.0,-0.1,9462.0,1374.0,1379.0,298603.0,-0.0759999999999999,-0.027,0.095,-0.923,0.032,0.0819999999999999,1.0,0.685,274.0,276.0,277.0,277.0,0.818,276.0,0.7909999999999999,276.6,0.8359999999999999,275.0,0.003,13.7,2.0,3.0,0.0,20.02,0.0,-1.683,0.0,0.0,0.0,0.002,0.001,0.001,0.0,0.0,0.0,0.508,0.0,-0.457,0.2789999999999999,0.0,18.2,18.43,18.33,40.88,18.1,18.18,18.7,0.001,-0.001,0.0,-0.001,10.0,10.0,10.0,8.0,0.0,0.0,0.0,0.0,0.0,18.15,18.0,0.0,0.0,0.0,0.0,0.0,0.0,59.97,6000.0,-1.5830000000000002,-0.2,2.0,0.0,0.2,0.2,-0.0379999999999999,18.8,18.51,18.29,18.68,18.61,18.69,18.34,18.53,18.63,18.68,18.38,18.62,19.15,19.05,29.0,30.0,37.92,18.17,0.0,211.2,58.99,2.0,3.519,-1.0,0.2819999999999999,0.6999999999999998,4903
2015-12-24 20:51:00,0.0,0.0,0.0,0.0,0.0,0.0,2.0,289769.0,32.0,0.0,75.59999999999998,59.5,60.0,-0.1019999999999999,9462.0,1374.0,1379.0,298603.0,-0.0759999999999999,-0.027,0.1,-0.923,0.032,0.0819999999999999,1.0,0.7049999999999998,274.0,276.0,277.0,277.0,0.818,276.0,0.7909999999999999,276.6,0.8359999999999999,275.0,0.003,13.7,2.0,3.0,0.0,20.02,0.0,-1.633,0.0,0.0,0.0,0.002,0.001,0.0,0.0,0.0,0.0,0.508,0.0,-0.461,0.2789999999999999,0.0,18.25,18.44,18.33,1.849,18.06,18.16,18.74,0.0,0.0,0.001,-0.001,10.0,10.0,10.0,8.0,0.0,0.0,0.0,0.0,0.0,17.47,17.72,0.0,0.0,0.0,0.0,0.0,0.0,59.95,6000.0,-1.483,-0.2,2.0,0.0,0.2,0.2,-0.037,18.8,18.51,18.29,18.7,18.65,18.7,18.35,18.54,18.65,18.68,18.39,18.61,19.13,19.1,29.0,30.0,37.8,18.18,0.0,232.1,53.42,2.0,3.518,-1.0,0.44,0.8,4903
2015-12-24 20:52:00,0.0,0.0,0.0,0.0,0.0,0.0,2.0,289769.0,32.0,0.0,75.59999999999998,59.5,60.0,-0.1019999999999999,9462.0,1374.0,1379.0,298603.0,-0.0759999999999999,-0.025,0.1,-0.923,0.032,0.0819999999999999,1.0,0.7049999999999998,274.0,276.0,277.1,277.0,0.818,276.0,0.7909999999999999,277.0,0.8359999999999999,275.0,0.002,13.52,2.0,1.0,0.0,20.02,0.0,-1.85,0.0,0.0,0.0,0.002,0.001,0.0,0.0,0.0,0.233,0.698,0.0,-0.171,0.278,0.001,18.23,18.39,18.34,27.13,18.13,18.16,18.74,0.001,-0.001,0.0,-0.001,10.0,10.0,10.0,8.0,0.0,0.0,0.0,0.0,0.0,16.51,16.52,0.0,0.0,0.0,0.0,0.0,0.0,59.95,6000.0,-1.6,-0.2,2.0,0.0,0.2,0.2,-0.031,18.8,18.51,18.29,18.69,18.64,18.69,18.34,18.54,18.64,18.68,18.39,18.61,19.14,19.1,29.0,30.0,37.85,18.18,0.0,19.37,82.79999999999998,2.0,3.519,-1.0,0.4129999999999999,0.6999999999999998,4903
2015-12-24 20:53:00,0.0,0.0,0.0,0.0,0.0,0.0,2.0,289769.0,32.0,0.0,75.59999999999998,59.5,60.0,-0.105,9462.0,1374.0,1379.0,298603.0,-0.0759999999999999,-0.033,0.1,-0.923,0.032,0.0819999999999999,1.0,0.7029999999999998,274.0,276.0,277.1,277.0,0.818,276.0,0.7909999999999999,277.0,0.8359999999999999,275.0,0.003,13.7,2.0,3.0,0.0,20.02,0.0,-1.8,0.0,0.0,0.0,0.001,0.0,0.0,-0.001,0.0,0.0,0.508,0.0,-0.4629999999999999,0.2789999999999999,0.0,18.17,18.43,18.34,51.66,18.05,18.15,18.72,0.001,-0.001,0.001,0.0,10.0,10.0,10.0,8.0,0.0,0.0,0.0,0.0,0.0,15.54,15.8,0.0,0.0,0.0,0.0,0.0,0.0,59.94,6000.0,-1.5830000000000002,-0.2,2.0,0.0,0.2,0.2,-0.0409999999999999,18.8,18.5,18.29,18.69,18.61,18.68,18.33,18.52,18.62,18.67,18.37,18.61,19.15,19.12,29.0,30.0,37.5,18.17,0.0,173.3,75.26,2.0,3.519,-1.0,0.397,0.8,4903
2015-12-24 20:54:00,0.0,0.0,0.0,0.0,0.0,0.0,2.0,289769.0,32.0,0.0,75.59999999999998,59.5,60.0,-0.1,9462.0,1374.0,1379.0,298603.0,-0.0759999999999999,-0.02,0.1,-0.923,0.032,0.0819999999999999,1.0,0.7029999999999998,274.0,276.0,277.1,277.0,0.818,276.0,0.7909999999999999,277.0,0.8359999999999999,275.0,0.003,13.7,2.0,3.0,0.0,20.02,0.0,-1.6669999999999998,0.0,-0.001,0.0,0.0,-0.001,0.0,-0.001,-0.001,0.0,0.508,0.0,-0.4589999999999999,0.2789999999999999,0.0,18.15,18.43,18.3,66.53,18.06,18.05,18.7,0.0,0.0,0.001,0.0,10.0,10.0,10.0,8.0,0.0,0.0,0.0,0.0,0.0,14.75,14.98,0.0,0.0,0.0,0.0,0.0,0.0,59.96,6000.0,-1.4169999999999998,-0.2,2.0,0.0,0.2,0.2,-0.0379999999999999,18.78,18.48,18.27,18.67,18.6,18.67,18.32,18.5,18.6,18.65,18.35,18.6,19.16,19.13,29.0,30.0,37.28,18.15,0.0,335.6,58.3,2.0,3.519,-1.0,0.432,0.6999999999999998,4903
2015-12-24 20:55:00,0.0,0.0,0.0,0.0,0.0,0.0,2.0,289769.0,32.0,0.0,75.59999999999998,59.5,60.0,-0.1019999999999999,9462.0,1374.0,1379.0,298603.0,-0.0759999999999999,-0.018,0.1,-0.923,0.032,0.0819999999999999,1.0,0.692,274.0,276.0,277.0,277.0,0.818,276.0,0.7909999999999999,277.0,0.8359999999999999,275.0,0.003,13.7,2.0,3.0,0.0,20.02,0.0,-1.45,0.0,-0.002,0.0,-0.001,-0.001,0.0,-0.002,-0.002,0.0,0.508,0.0,-0.4529999999999999,0.2789999999999999,0.0,18.15,18.35,18.24,-28.93,18.1,18.1,18.64,0.0,-0.001,0.0,0.0,10.0,10.0,10.0,8.0,0.0,0.0,0.0,0.0,0.0,14.3,14.15,0.0,0.0,0.0,0.0,0.0,0.0,59.95,6000.0,-1.483,-0.2,2.0,0.0,0.2,0.2,-0.0379999999999999,18.76,18.45,18.24,18.65,18.58,18.65,18.3,18.47,18.57,18.63,18.33,18.57,19.16,19.13,29.0,30.0,37.37,18.13,0.0,51.83,34.28,2.0,3.519,-1.0,0.4779999999999999,0.9,4903
2015-12-24 20:56:00,0.0,0.0,0.0,0.0,0.0,0.0,2.0,289769.0,32.0,0.0,75.59999999999998,59.5,60.0,-0.1019999999999999,9462.0,1374.0,1379.0,298603.0,-0.0759999999999999,-0.017,0.1019999999999999,-0.923,0.032,0.0819999999999999,1.0,0.68,274.0,276.0,277.0,277.0,0.818,276.0,0.7909999999999999,276.9,0.8359999999999999,275.0,0.003,13.7,2.0,3.0,0.0,20.02,0.0,-1.283,0.0,-0.002,-0.002,-0.002,-0.002,0.0,-0.003,-0.002,0.0,0.508,-0.001,-0.461,0.2789999999999999,0.0,18.15,18.33,18.26,-28.84,18.05,18.07,18.62,0.001,0.0,0.0,-0.001,10.0,10.0,10.0,8.0,0.0,0.0,0.0,0.0,0.0,14.0,14.07,0.0,0.0,0.0,0.0,0.0,0.0,59.96,6000.0,-1.3330000000000002,-0.2,2.0,0.0,0.2,0.2,-0.0379999999999999,18.72,18.42,18.22,18.62,18.53,18.6,18.26,18.43,18.55,18.58,18.29,18.55,19.17,19.12,29.0,30.0,37.45,18.09,0.0,28.45,26.56,2.0,3.519,-1.0,0.6629999999999999,1.0,4903
2015-12-24 20:57:00,0.0,0.0,0.0,0.0,0.0,0.0,2.0,289769.0,32.0,0.0,75.59999999999998,59.5,60.0,-0.1019999999999999,9462.0,1374.0,1379.0,298603.0,-0.0759999999999999,-0.02,0.1,-0.924,0.032,0.0819999999999999,1.0,0.695,274.0,276.0,277.0,277.0,0.818,276.0,0.7909999999999999,276.9,0.8359999999999999,275.0,-0.0149999999999999,13.61,2.0,1.0,0.0,20.02,0.0,-1.25,0.0,-0.003,-0.003,-0.002,-0.003,0.0,-0.004,-0.004,0.374,0.821,-0.003,-0.0509999999999999,0.278,0.001,18.14,18.35,18.21,418.1,18.01,18.04,18.54,0.0,-0.001,0.001,-0.001,10.0,10.0,10.0,8.0,0.0,0.0,0.0,0.0,0.0,13.78,14.0,0.0,0.0,0.0,0.0,0.0,0.0,59.95,6000.0,-1.4,-0.2,2.0,0.0,0.2,0.2,-0.0379999999999999,18.68,18.38,18.17,18.59,18.53,18.57,18.22,18.39,18.51,18.54,18.23,18.51,19.19,19.11,29.0,30.0,37.13,18.04,0.0,50.0,14.5,2.0,3.519,-1.0,0.6029999999999999,0.8,4903
2015-12-24 20:58:00,0.0,0.0,0.0,0.0,0.0,0.0,2.0,289769.0,32.0,0.0,75.59999999999998,59.5,60.0,-0.103,9462.0,1374.0,1379.0,298603.0,-0.0759999999999999,-0.02,0.103,-0.923,0.032,0.0819999999999999,1.0,0.6999999999999998,274.0,276.0,277.3,277.0,0.818,276.0,0.7909999999999999,277.0,0.8359999999999999,275.0,0.016,13.61,2.0,3.0,0.0,20.03,0.0,-1.283,0.0,-0.004,-0.003,-0.004,-0.004,0.0,-0.004,-0.004,0.0,0.508,-0.003,-0.465,0.2789999999999999,0.0,18.05,18.28,18.16,35.24,17.97,17.95,18.54,0.0,0.0,0.0,0.0,10.0,10.0,10.0,8.0,0.0,0.0,0.0,0.0,0.0,13.77,14.0,0.0,0.0,0.0,0.0,0.0,0.0,59.95,6000.0,-1.317,-0.2,2.0,0.0,0.2,0.2,-0.0379999999999999,18.64,18.34,18.14,18.56,18.49,18.54,18.19,18.35,18.46,18.49,18.19,18.48,19.18,19.1,29.0,30.0,37.03,18.0,0.0,110.7,23.74,2.0,3.521,-1.0,0.502,0.8,4903
2015-12-24 20:59:00,0.0,0.0,0.0,0.0,0.0,0.0,2.0,289769.0,32.0,0.0,75.59999999999998,59.5,60.0,-0.1019999999999999,9462.0,1374.0,1379.0,298603.0,-0.0759999999999999,-0.023,0.1,-0.924,0.032,0.0819999999999999,1.0,0.698,274.0,276.0,277.0,277.0,0.818,276.0,0.7909999999999999,276.4,0.8359999999999999,275.0,0.003,13.7,2.0,3.0,0.0,20.04,0.0,-1.217,0.0,-0.005,-0.004,-0.004,-0.005,0.0,-0.005,-0.005,0.0,0.508,-0.003,-0.4589999999999999,0.2789999999999999,0.0,18.03,18.25,18.18,113.1,17.95,17.98,18.49,0.001,-0.001,0.0,0.0,10.0,10.0,10.0,8.0,0.0,0.0,0.0,0.0,0.0,14.01,14.0,0.0,0.0,0.0,0.0,0.0,0.0,59.95,6000.0,-1.317,-0.2,2.0,0.0,0.2,0.2,-0.0379999999999999,18.6,18.31,18.11,18.52,18.43,18.49,18.14,18.3,18.42,18.46,18.15,18.46,19.19,19.08,29.0,30.0,37.0,17.97,0.0,107.1,19.64,2.0,3.521,-1.0,0.322,0.5,4903
2015-12-24 21:00:00,0.0,0.0,0.0,0.0,0.0,0.0,2.0,289769.0,32.0,0.0,75.59999999999998,59.5,60.0,-0.1,9462.0,1374.0,1379.0,298603.0,-0.0759999999999999,-0.023,0.095,-0.923,0.032,0.0819999999999999,1.0,0.693,274.0,276.0,277.0,277.0,0.818,276.0,0.7909999999999999,276.0,0.8359999999999999,275.0,0.003,13.7,2.0,3.0,0.0,20.04,0.0,-1.183,0.0,-0.006,-0.0069999999999999,-0.005,-0.005,-0.001,-0.005,-0.006,0.0,0.508,-0.003,-0.457,0.2789999999999999,0.0,18.0,18.21,18.13,30.07,17.87,17.87,18.44,0.001,-0.001,0.0,0.0,10.0,10.0,10.0,8.0,0.0,0.0,0.0,0.0,0.0,14.04,14.0,0.0,0.0,0.0,0.0,0.0,0.0,59.95,6000.0,-1.3330000000000002,-0.2,2.0,0.0,0.2,0.2,-0.0379999999999999,18.56,18.28,18.08,18.48,18.42,18.45,18.1,18.26,18.38,18.42,18.11,18.43,19.19,19.06,29.0,30.0,37.0,17.94,0.0,121.8,23.94,2.0,3.519,-1.0,0.247,0.4,4903
2015-12-24 21:01:00,0.0,0.0,0.0,0.0,0.0,0.0,2.0,289769.0,32.0,0.0,75.59999999999998,59.5,60.0,-0.1,9462.0,1374.0,1379.0,298603.0,-0.0759999999999999,-0.018,0.1,-0.924,0.032,0.083,1.0,0.7049999999999998,274.0,276.0,277.0,277.0,0.818,276.0,0.7909999999999999,276.6,0.8359999999999999,275.0,0.003,13.7,2.0,3.0,0.0,20.05,0.0,-1.3,0.0,-0.0069999999999999,-0.0069999999999999,-0.006,-0.006,-0.003,-0.006,-0.0069999999999999,0.0,0.508,-0.005,-0.4479999999999999,0.2789999999999999,0.0,17.96,18.18,18.05,41.79,17.87,17.87,18.44,0.001,0.0,0.0,0.0,10.0,10.0,10.0,8.0,0.0,0.0,0.0,0.0,0.0,14.01,14.0,0.0,0.0,0.0,0.0,0.0,0.0,59.96,6000.0,-1.35,-0.2,2.0,0.0,0.2,0.2,-0.0379999999999999,18.52,18.25,18.06,18.47,18.41,18.44,18.08,18.23,18.35,18.39,18.08,18.41,19.18,19.04,29.0,30.0,37.0,17.91,0.0,51.52,24.76,2.0,3.519,-1.0,0.195,0.2999999999999999,4903
2015-12-24 21:02:00,0.0,0.0,0.0,0.0,0.0,0.0,2.0,289769.0,32.0,0.0,75.59999999999998,59.5,60.0,-0.103,9462.0,1374.0,1379.0,298603.0,-0.0759999999999999,-0.032,0.1,-0.923,0.032,0.0819999999999999,1.0,0.702,274.0,276.0,277.0,277.0,0.818,276.0,0.7909999999999999,276.9,0.8359999999999999,275.0,0.003,13.7,2.0,3.0,0.0,20.05,0.0,-1.267,0.0,-0.0069999999999999,-0.0069999999999999,-0.006,-0.006,-0.003,-0.0069999999999999,-0.0069999999999999,0.0,0.508,-0.0069999999999999,-0.44,0.2789999999999999,0.0,17.96,18.13,18.05,33.1,17.85,17.9,18.35,0.001,0.0,0.001,-0.001,10.0,10.0,10.0,8.0,0.0,0.0,0.0,0.0,0.0,13.79,14.0,0.0,0.0,0.0,0.0,0.0,0.0,59.94,6000.0,-1.25,-0.2,2.0,0.0,0.2,0.2,-0.0379999999999999,18.49,18.22,18.04,18.44,18.38,18.41,18.05,18.19,18.35,18.35,18.04,18.39,19.19,19.04,29.0,30.0,37.0,17.86,0.0,15.65,18.87,2.0,3.519,-1.0,0.225,0.2999999999999999,4903
2015-12-24 21:03:00,0.0,0.0,0.0,0.0,0.0,0.0,2.0,289769.0,32.0,0.0,75.59999999999998,59.5,60.0,-0.103,9462.0,1374.0,1379.0,298603.0,-0.0759999999999999,-0.017,0.103,-0.923,0.032,0.083,1.0,0.7229999999999999,274.0,276.0,277.4,277.0,0.818,276.0,0.7909999999999999,277.0,0.8359999999999999,275.0,0.003,13.48,2.0,3.0,0.0,20.05,0.0,-1.15,0.0,-0.0069999999999999,-0.0069999999999999,-0.0069999999999999,-0.0069999999999999,-0.003,-0.0069999999999999,-0.008,0.123,0.5959999999999999,-0.0069999999999999,-0.288,0.2789999999999999,0.001,17.91,18.13,18.03,25.13,17.77,17.84,18.35,0.001,0.0,0.0,0.0,10.0,10.0,10.0,8.0,0.0,0.0,0.0,0.0,0.0,13.91,14.0,0.0,0.0,0.0,0.0,0.0,0.0,59.94,6000.0,-1.217,-0.2,2.0,0.0,0.2,0.2,-0.0379999999999999,18.45,18.19,18.01,18.41,18.38,18.37,18.02,18.17,18.32,18.32,18.02,18.36,19.18,19.04,29.0,30.0,37.0,17.83,0.0,51.01,12.93,2.0,3.519,-1.0,0.3479999999999999,0.5999999999999999,4903
2015-12-24 21:04:00,0.0,0.0,0.0,0.0,0.0,0.0,2.0,289769.0,32.0,0.0,75.59999999999998,59.5,60.0,-0.1019999999999999,9462.0,1374.0,1379.0,298603.0,-0.0759999999999999,-0.012,0.107,-0.923,0.032,0.083,1.0,0.7129999999999999,274.0,276.0,277.9,277.1,0.818,276.0,0.7909999999999999,277.0,0.8359999999999999,275.1,0.003,13.7,2.0,3.0,0.0,20.05,0.0,-1.1,0.0,-0.008,-0.0069999999999999,-0.006,-0.0069999999999999,-0.003,-0.0069999999999999,-0.0069999999999999,0.0,0.508,-0.0069999999999999,-0.4589999999999999,0.2789999999999999,0.0,17.86,18.09,18.0,48.6,17.81,17.76,18.35,0.001,0.0,0.0,0.0,10.0,10.0,10.0,8.0,0.0,0.0,0.0,0.0,0.0,14.09,14.0,0.0,0.0,0.0,0.0,0.0,0.0,59.94,6000.0,-1.133,-0.2,2.0,0.0,0.2,0.2,-0.0379999999999999,18.43,18.17,17.98,18.4,18.36,18.37,18.01,18.15,18.3,18.29,18.0,18.33,19.19,19.04,29.0,30.0,37.0,17.8,0.0,40.75,19.44,2.0,3.519,-1.0,0.55,0.9,4903
2015-12-24 21:05:00,0.0,0.0,0.0,0.0,0.0,0.0,2.0,289769.0,32.0,0.0,75.59999999999998,59.5,60.0,-0.105,9462.0,1374.0,1379.0,298603.0,-0.0759999999999999,-0.022,0.1019999999999999,-0.923,0.032,0.083,1.0,0.7129999999999999,274.0,276.0,278.0,277.4,0.818,276.0,0.7909999999999999,277.0,0.8359999999999999,275.7,0.003,13.7,2.0,3.0,0.0,20.05,0.0,-1.167,0.0,-0.008,-0.0069999999999999,-0.006,-0.0069999999999999,-0.003,-0.0069999999999999,-0.0069999999999999,0.0,0.508,-0.0069999999999999,-0.446,0.2789999999999999,0.0,17.86,18.09,17.95,57.79,17.76,17.76,18.35,0.001,-0.001,0.0,0.0,10.0,10.0,10.0,8.0,0.0,0.0,0.0,0.0,0.0,14.43,14.5,0.0,0.0,0.0,0.0,0.0,0.0,59.94,6000.0,-1.3330000000000002,-0.2,2.0,0.0,0.2,0.2,-0.0379999999999999,18.4,18.16,17.98,18.37,18.32,18.34,17.98,18.13,18.27,18.28,17.98,18.33,19.19,19.07,29.0,30.0,37.0,17.77,0.0,80.09999999999998,40.78,2.0,3.519,-1.0,0.315,0.5999999999999999,4903
2015-12-24 21:06:00,0.0,0.0,0.0,0.0,0.0,0.0,2.0,289769.0,32.0,0.0,75.59999999999998,59.5,60.0,-0.1019999999999999,9462.0,1374.0,1379.0,298603.0,-0.0759999999999999,-0.02,0.1,-0.923,0.032,0.083,1.0,0.7379999999999999,273.9,275.9,277.2,277.0,0.818,276.0,0.7909999999999999,276.2,0.8359999999999999,275.0,0.003,13.7,2.0,3.0,0.0,20.05,0.0,-1.35,0.0,-0.008,-0.0069999999999999,-0.006,-0.008,-0.003,-0.0069999999999999,-0.0069999999999999,0.0,0.508,-0.0069999999999999,-0.442,0.2789999999999999,0.0,17.86,18.04,17.95,75.56,17.76,17.81,18.26,0.001,-0.001,0.0,0.0,10.0,10.0,10.0,8.0,0.0,0.0,0.0,0.0,0.0,14.33,14.52,0.0,0.0,0.0,0.0,0.0,0.0,59.94,6000.0,-1.3330000000000002,-0.2,2.0,0.0,0.2,0.2,-0.0379999999999999,18.37,18.13,17.96,18.35,18.34,18.32,17.95,18.1,18.23,18.25,17.95,18.3,19.16,19.05,29.0,30.0,37.0,17.77,0.0,129.0,10.48,2.0,3.519,-1.0,0.653,0.9,4903
2015-12-24 21:07:00,0.0,0.0,0.0,0.0,0.0,0.0,2.0,289769.0,32.0,0.0,75.59999999999998,59.5,60.0,-0.1019999999999999,9462.0,1374.0,1379.0,298603.0,-0.0759999999999999,-0.023,0.098,-0.923,0.032,0.083,1.0,0.7219999999999999,274.0,276.0,277.0,277.0,0.818,276.0,0.7909999999999999,276.0,0.8359999999999999,275.0,0.003,13.7,2.0,3.0,0.0,20.05,0.0,-1.45,0.0,-0.0069999999999999,-0.0069999999999999,-0.0069999999999999,-0.009,-0.003,-0.006,-0.008,0.0,0.508,-0.0069999999999999,-0.451,0.2789999999999999,0.0,17.86,18.05,17.93,36.64,17.71,17.76,18.25,0.0,-0.001,0.0,-0.001,10.0,10.0,10.0,8.0,0.0,0.0,0.0,0.0,0.0,14.33,14.4,0.0,0.0,0.0,0.0,0.0,0.0,59.96,6000.0,-1.2,-0.2,2.0,0.0,0.2,0.2,-0.0379999999999999,18.33,18.11,17.93,18.34,18.3,18.31,17.94,18.07,18.21,18.22,17.93,18.28,19.14,18.99,29.0,30.0,37.0,17.75,0.0,119.4,7.078,2.0,3.519,-1.0,0.6029999999999999,0.8,4903
2015-12-24 21:08:00,0.0,0.0,0.0,0.0,0.0,0.0,2.0,289769.0,32.0,0.0,75.59999999999998,59.5,60.0,-0.1019999999999999,9462.0,1374.0,1379.0,298603.0,-0.0759999999999999,-0.027,0.1,-0.923,0.032,0.083,1.0,0.745,274.0,276.0,277.0,277.0,0.818,276.0,0.7909999999999999,276.0,0.8359999999999999,275.0,0.009,13.47,2.0,3.0,0.0,20.05,0.0,-1.133,0.0,-0.008,-0.0069999999999999,-0.0069999999999999,-0.009,-0.003,-0.006,-0.009,0.12,0.6029999999999999,-0.0069999999999999,-0.311,0.278,0.001,17.86,18.04,17.94,8.67,17.69,17.71,18.22,0.001,0.0,0.001,0.0,10.0,10.0,10.0,8.0,0.0,0.0,0.0,0.0,0.0,14.28,14.18,0.0,0.0,0.0,0.0,0.0,0.0,59.97,6000.0,-1.167,-0.2,2.0,0.0,0.2,0.2,-0.0379999999999999,18.31,18.08,17.91,18.32,18.26,18.29,17.91,18.04,18.19,18.19,17.89,18.25,19.14,18.97,29.0,30.0,37.0,17.72,0.0,113.0,7.723,2.0,3.514,-1.0,0.342,0.5999999999999999,4903
2015-12-24 21:09:00,0.0,0.0,0.0,0.0,0.0,0.0,2.0,289769.0,32.0,0.0,75.59999999999998,59.5,60.0,-0.1,9462.0,1374.0,1379.0,298603.0,-0.0759999999999999,-0.023,0.1,-0.923,0.032,0.083,1.0,0.7319999999999999,274.0,276.0,277.0,277.0,0.818,276.0,0.7909999999999999,276.2,0.8359999999999999,275.0,-0.002,13.47,2.0,3.0,0.0,20.05,0.0,-1.217,0.0,-0.008,-0.0069999999999999,-0.008,-0.01,-0.003,-0.006,-0.009,0.0,0.508,-0.0069999999999999,-0.4699999999999999,0.2789999999999999,0.001,17.79,17.99,17.91,40.02,17.66,17.66,18.17,0.001,0.0,0.001,-0.001,10.0,10.0,10.0,8.0,0.0,0.0,0.0,0.0,0.0,14.07,14.0,0.0,0.0,0.0,0.0,0.0,0.0,59.97,6000.0,-1.283,-0.2,2.0,0.0,0.2,0.2,-0.0379999999999999,18.3,18.07,17.9,18.3,18.28,18.27,17.9,18.0,18.14,18.16,17.85,18.24,19.14,18.93,29.0,30.0,37.0,17.69,0.0,103.4,12.72,2.0,3.519,-1.0,0.2349999999999999,0.4,4903
2015-12-24 21:10:00,0.0,0.0,0.0,0.0,0.0,0.0,2.0,289769.0,32.0,0.0,75.59999999999998,59.5,60.0,-0.1,9462.0,1374.0,1379.0,298603.0,-0.0759999999999999,-0.022,0.095,-0.924,0.032,0.083,1.0,0.7279999999999999,274.0,276.0,277.0,277.0,0.818,276.0,0.7909999999999999,276.7,0.8359999999999999,275.0,0.003,13.7,2.0,3.0,0.0,20.07,0.0,-1.233,0.0,-0.008,-0.0069999999999999,-0.008,-0.009,-0.003,-0.006,-0.009,0.0,0.508,-0.0069999999999999,-0.457,0.2789999999999999,0.0,17.76,17.99,17.85,-10.52,17.67,17.66,18.15,0.001,-0.001,0.0,-0.001,10.0,10.0,10.0,8.0,0.0,0.0,0.0,0.0,0.0,14.02,14.0,0.0,0.0,0.0,0.0,0.0,0.0,59.96,6000.0,-1.25,-0.2,2.0,0.0,0.2,0.2,-0.0379999999999999,18.28,18.07,17.89,18.29,18.26,18.25,17.88,17.98,18.14,18.16,17.84,18.23,19.13,18.91,29.0,30.0,37.0,17.66,0.0,103.5,14.23,2.0,3.519,-1.0,0.527,0.6999999999999998,4903
2015-12-24 21:11:00,0.0,0.0,0.0,0.0,0.0,0.0,2.0,289769.0,32.0,0.0,75.59999999999998,59.5,60.0,-0.103,9462.0,1374.0,1379.0,298603.0,-0.0759999999999999,-0.02,0.1,-0.924,0.031,0.0819999999999999,1.0,0.7249999999999999,274.0,276.0,277.1,277.0,0.818,276.0,0.7909999999999999,276.7,0.8359999999999999,275.0,0.003,13.7,2.0,3.0,0.0,20.07,0.0,-1.133,0.0,-0.01,-0.0069999999999999,-0.008,-0.009,-0.003,-0.006,-0.009,0.0,0.508,-0.0069999999999999,-0.457,0.2789999999999999,0.0,17.76,17.95,17.85,62.0,17.66,17.69,18.15,0.001,-0.001,0.001,-0.001,10.0,10.0,10.0,8.0,0.0,0.0,0.0,0.0,0.0,13.98,14.03,0.0,0.0,0.0,0.0,0.0,0.0,59.95,6000.0,-1.233,-0.2,2.0,0.0,0.2,0.2,-0.0379999999999999,18.26,18.05,17.88,18.27,18.28,18.24,17.86,17.98,18.13,18.15,17.84,18.22,19.12,18.89,29.0,30.0,37.0,17.63,0.0,123.2,18.02,2.0,3.521,-1.0,0.522,0.9,4903
2015-12-24 21:12:00,0.0,0.0,0.0,0.0,0.0,0.0,2.0,289769.0,32.0,0.0,75.59999999999998,59.5,60.0,-0.103,9462.0,1374.0,1379.0,298603.0,-0.0759999999999999,-0.022,0.098,-0.924,0.031,0.0819999999999999,1.0,0.717,274.0,276.0,277.0,277.0,0.818,276.0,0.7909999999999999,276.4,0.8359999999999999,275.0,0.003,13.7,2.0,3.0,0.0,20.08,0.0,-1.267,0.0,-0.009,-0.01,-0.008,-0.009,-0.003,-0.006,-0.009,0.0,0.508,-0.0069999999999999,-0.472,0.2789999999999999,0.0,17.76,17.9,17.82,,17.58,17.66,18.15,0.001,-0.001,0.0,0.0,10.0,10.0,10.0,8.0,0.0,0.0,0.0,0.0,0.0,13.77,14.0,0.0,0.0,0.0,0.0,0.0,0.0,59.95,6000.0,-1.3330000000000002,-0.2,2.0,0.0,0.2,0.2,-0.0379999999999999,18.27,18.06,17.87,18.26,18.29,18.23,17.85,17.96,18.12,18.14,17.83,18.21,19.12,18.84,29.0,30.0,37.0,17.61,0.0,129.3,9.86,2.0,3.519,-1.0,0.317,0.4,4903
2015-12-24 21:13:00,0.0,0.0,0.0,0.0,0.0,0.0,2.0,289769.0,32.0,0.0,75.59999999999998,59.5,60.0,-0.1019999999999999,9462.0,1374.0,1379.0,298603.0,-0.0759999999999999,-0.02,0.098,-0.924,0.032,0.083,1.0,0.7229999999999999,274.0,276.0,277.0,277.0,0.818,276.0,0.7909999999999999,276.4,0.8359999999999999,275.0,0.003,13.7,2.0,3.0,0.0,20.08,0.0,-1.217,0.0,-0.01,-0.01,-0.008,-0.008,-0.003,-0.006,-0.008,0.0,0.508,-0.0069999999999999,-0.451,0.2789999999999999,0.0,17.75,17.92,17.76,31.82,17.58,17.56,18.15,0.001,-0.001,0.0,0.0,10.0,10.0,10.0,8.0,0.0,0.0,0.0,0.0,0.0,13.77,14.0,0.0,0.0,0.0,0.0,0.0,0.0,59.95,6000.0,-1.3,-0.2,2.0,0.0,0.2,0.2,-0.0379999999999999,18.26,18.04,17.87,18.24,18.27,18.22,17.83,17.96,18.11,18.14,17.82,18.2,19.1,18.82,29.0,30.0,37.0,17.59,0.0,95.6,31.47,2.0,3.519,-1.0,0.178,0.5999999999999999,4903
2015-12-24 21:14:00,0.0,0.0,0.0,0.0,0.0,0.0,2.0,289769.0,32.0,0.0,75.59999999999998,59.5,60.0,-0.1,9462.0,1374.0,1379.0,298603.0,-0.0759999999999999,-0.0279999999999999,0.1019999999999999,-0.923,0.032,0.0819999999999999,1.0,0.712,274.0,276.0,277.0,277.0,0.818,276.0,0.7909999999999999,276.3,0.8359999999999999,275.0,0.004,13.61,2.0,1.0,0.0,20.08,0.0,-1.383,0.0,-0.01,-0.01,-0.008,-0.009,-0.003,-0.0069999999999999,-0.008,0.161,0.626,-0.0069999999999999,-0.2769999999999999,0.278,0.001,17.68,17.92,17.77,43.29,17.56,17.58,18.1,0.001,0.0,0.0,0.0,10.0,10.0,10.0,8.0,0.0,0.0,0.0,0.0,0.0,13.96,14.0,0.0,0.0,0.0,0.0,0.0,0.0,59.95,6000.0,-1.367,-0.2,2.0,0.0,0.2,0.2,-0.0379999999999999,18.25,18.05,17.87,18.24,18.28,18.22,17.82,17.94,18.09,18.13,17.81,18.21,19.09,18.81,29.0,30.0,37.0,17.57,0.0,99.9,16.59,2.0,3.519,-1.0,0.4179999999999999,0.6999999999999998,4903
2015-12-24 21:15:00,0.0,0.0,0.0,0.0,0.0,0.0,2.0,289769.0,32.0,0.0,75.59999999999998,59.5,60.0,-0.1019999999999999,9462.0,1374.0,1379.0,298603.0,-0.0759999999999999,-0.023,0.098,-0.923,0.032,0.083,1.0,0.712,274.0,276.0,277.0,277.0,0.818,276.0,0.7909999999999999,276.0,0.8359999999999999,275.0,0.003,13.7,2.0,3.0,0.0,20.08,0.0,-1.25,0.0,-0.011,-0.01,-0.008,-0.009,-0.003,-0.0069999999999999,-0.008,0.0,0.508,-0.0069999999999999,-0.4629999999999999,0.2789999999999999,0.0,17.66,17.89,17.76,59.68,17.58,17.56,18.05,0.0,-0.001,0.0,-0.001,10.0,10.0,10.0,8.0,0.0,0.0,0.0,0.0,0.0,14.52,14.73,0.0,0.0,0.0,0.0,0.0,0.0,59.94,6000.0,-1.4169999999999998,-0.2,2.0,0.0,0.2,0.2,-0.034,18.25,18.05,17.87,18.24,18.3,18.22,17.83,17.93,18.09,18.13,17.79,18.21,19.08,18.8,29.0,30.0,37.0,17.57,0.0,82.2,25.5,2.0,3.519,-1.0,0.312,0.4,4903
2015-12-24 21:16:00,0.0,0.0,0.0,0.0,0.0,0.0,2.0,289769.0,32.0,0.0,75.59999999999998,59.5,60.0,-0.1,9462.0,1374.0,1379.0,298603.0,-0.0759999999999999,-0.023,0.0969999999999999,-0.923,0.032,0.0819999999999999,1.0,0.7099999999999999,274.0,276.0,277.0,277.0,0.818,276.0,0.7909999999999999,276.0,0.8359999999999999,275.0,0.003,13.7,2.0,3.0,0.0,20.08,0.0,-1.083,0.0,-0.01,-0.01,-0.0069999999999999,-0.009,-0.003,-0.006,-0.0069999999999999,0.0,0.508,-0.0069999999999999,-0.472,0.2789999999999999,0.0,17.66,17.83,17.77,30.41,17.55,17.56,18.08,0.001,0.0,0.001,0.0,10.0,10.0,10.0,8.0,0.0,0.0,0.0,0.0,0.0,15.4,15.75,0.0,0.0,0.0,0.0,0.0,0.0,59.94,6000.0,-1.133,-0.2,2.0,0.0,0.2,0.2,-0.0449999999999999,18.26,18.06,17.88,18.24,18.31,18.22,17.83,17.93,18.09,18.13,17.81,18.21,19.07,18.8,29.0,30.0,37.0,17.57,0.0,251.9,69.83,2.0,3.519,-1.0,0.193,0.2999999999999999,4903
2015-12-24 21:17:00,0.0,0.0,0.0,0.0,0.0,0.0,2.0,289769.0,32.0,0.0,75.59999999999998,59.5,60.0,-0.1,9462.0,1374.0,1379.0,298603.0,-0.0759999999999999,-0.02,0.0969999999999999,-0.923,0.032,0.083,1.0,0.7199999999999999,274.0,276.0,277.0,277.0,0.818,276.0,0.7909999999999999,276.1,0.8359999999999999,275.0,0.003,13.7,2.0,3.0,0.0,20.08,0.0,-1.65,0.0,-0.01,-0.01,-0.006,-0.008,-0.003,-0.005,-0.006,0.0,0.508,-0.0069999999999999,-0.4679999999999999,0.2789999999999999,0.0,17.68,17.9,17.76,490.2,17.58,17.56,18.12,0.001,0.0,0.001,-0.001,10.0,10.0,10.0,8.0,0.0,0.0,0.0,0.0,0.0,16.48,16.55,0.0,0.0,0.0,0.0,0.0,0.0,59.95,6000.0,-1.533,-0.2,2.0,0.0,0.2,0.2,-0.0379999999999999,18.29,18.07,17.89,18.26,18.32,18.24,17.84,17.97,18.16,18.16,17.84,18.23,19.06,18.81,29.0,30.0,37.0,17.59,0.0,6.896,86.2,2.0,3.519,-1.0,0.152,0.2999999999999999,4903
2015-12-24 21:18:00,0.0,0.0,0.0,0.0,0.0,0.0,2.0,289769.0,32.0,0.0,75.59999999999998,59.5,60.0,-0.1019999999999999,9462.0,1374.0,1379.0,298603.0,-0.0759999999999999,-0.0279999999999999,0.0969999999999999,-0.923,0.032,0.083,1.0,0.7269999999999999,274.0,276.0,277.1,277.0,0.818,276.0,0.7909999999999999,276.6,0.8359999999999999,275.0,0.003,13.7,2.0,3.0,0.0,20.08,0.0,-1.067,0.0,-0.009,-0.009,-0.005,-0.0069999999999999,0.0,-0.004,-0.005,0.0,0.508,-0.0069999999999999,-0.457,0.2789999999999999,0.0,17.76,17.94,17.76,21.35,17.56,17.6,18.15,0.0,0.0,0.001,0.0,10.0,10.0,10.0,8.0,0.0,0.0,0.0,0.0,0.0,17.37,17.78,0.0,0.0,0.0,0.0,0.0,0.0,59.95,6000.0,-1.15,-0.2,2.0,0.0,0.2,0.2,-0.0379999999999999,18.32,18.11,17.92,18.3,18.34,18.29,17.89,18.02,18.23,18.2,17.89,18.26,19.05,18.83,29.0,30.0,37.0,17.61,0.0,319.6,23.66,2.0,3.519,-1.0,0.372,1.0,4903
2015-12-24 21:19:00,0.0,0.0,0.0,0.0,0.0,0.0,2.0,289769.0,32.0,0.0,75.59999999999998,59.5,60.0,-0.1,9462.0,1374.0,1379.0,298603.0,-0.0759999999999999,-0.018,0.1,-0.923,0.032,0.083,1.0,0.7229999999999999,274.0,276.0,277.1,277.0,0.818,276.0,0.7909999999999999,276.9,0.8359999999999999,275.0,0.0,13.49,2.0,3.0,0.0,20.08,0.0,-1.033,0.0,-0.008,-0.0069999999999999,-0.003,-0.005,0.0,-0.003,-0.003,0.313,0.797,-0.0069999999999999,-0.127,0.278,0.001,17.76,17.89,17.82,32.76,17.66,17.6,18.22,0.001,-0.001,0.0,0.0,10.0,10.0,10.0,8.0,0.0,0.0,0.0,0.0,0.0,17.78,18.0,0.0,0.0,0.0,0.0,0.0,0.0,59.96,6000.0,-1.183,-0.2,2.0,0.0,0.2,0.2,-0.0379999999999999,18.36,18.16,17.97,18.34,18.39,18.33,17.93,18.07,18.29,18.26,17.94,18.3,19.06,18.88,29.0,30.0,37.0,17.65,0.0,297.9,29.6,2.0,3.521,-1.0,0.517,0.9,4903
2015-12-24 21:20:00,0.0,0.0,0.0,0.0,0.0,0.0,2.0,289769.0,32.0,0.0,75.59999999999998,59.5,60.0,-0.1,9462.0,1374.0,1379.0,298603.0,-0.0759999999999999,-0.02,0.1,-0.923,0.032,0.083,1.0,0.7179999999999999,274.0,276.0,277.0,277.0,0.818,276.0,0.7909999999999999,276.8,0.8359999999999999,275.0,0.008,13.7,2.0,3.0,0.0,20.08,0.0,-1.4169999999999998,0.0,-0.005,-0.0069999999999999,-0.002,-0.003,0.0,-0.003,-0.002,0.0,0.508,-0.004,-0.461,0.2789999999999999,0.0,17.76,17.89,17.85,119.4,17.71,17.71,18.25,0.0,-0.001,0.0,0.0,10.0,10.0,10.0,8.0,0.0,0.0,0.0,0.0,0.0,17.91,18.0,0.0,0.0,0.0,0.0,0.0,0.0,59.96,6000.0,-1.283,-0.2,2.0,0.0,0.2,0.2,-0.0379999999999999,18.39,18.21,18.01,18.37,18.36,18.36,17.95,18.12,18.33,18.3,17.99,18.34,19.07,18.89,29.0,30.0,37.0,17.69,0.0,261.1,70.0,2.0,3.521,-1.0,0.267,0.5,4903
2015-12-24 21:21:00,0.0,0.0,0.0,0.0,0.0,0.0,2.0,289769.0,32.0,0.0,75.59999999999998,59.5,60.0,-0.1,9462.0,1374.0,1379.0,298603.0,-0.0759999999999999,-0.0299999999999999,0.1,-0.923,0.032,0.083,1.0,0.7269999999999999,274.0,276.0,277.0,277.0,0.818,276.0,0.7909999999999999,276.1,0.8359999999999999,275.0,0.003,13.7,2.0,3.0,0.0,20.08,0.0,-1.383,0.0,-0.004,-0.005,-0.001,-0.002,0.0,-0.002,-0.001,0.0,0.508,-0.003,-0.4589999999999999,0.2789999999999999,0.0,17.86,17.99,17.87,84.29999999999998,17.72,17.66,18.31,0.001,0.0,0.001,-0.001,10.0,10.0,10.0,8.0,0.0,0.0,0.0,0.0,0.0,18.2,18.12,0.0,0.0,0.0,0.0,0.0,0.0,59.96,6000.0,-1.45,-0.2,2.0,0.0,0.2,0.2,-0.0379999999999999,18.43,18.24,18.04,18.4,18.42,18.39,17.99,18.16,18.38,18.34,18.03,18.37,19.09,18.88,29.0,30.0,37.0,17.73,0.0,343.3,36.12,2.0,3.519,-1.0,0.3929999999999999,0.6999999999999998,4903
2015-12-24 21:22:00,0.0,0.0,0.0,0.0,0.0,0.0,2.0,289769.0,32.0,0.0,75.59999999999998,59.5,60.0,-0.1,9462.0,1374.0,1379.0,298603.0,-0.0759999999999999,-0.0279999999999999,0.1,-0.924,0.032,0.0819999999999999,1.0,0.712,274.0,276.0,277.0,277.0,0.818,276.0,0.7909999999999999,276.0,0.8359999999999999,275.0,0.003,13.7,2.0,3.0,0.0,20.08,0.0,-1.433,0.0,-0.002,-0.003,0.0,-0.001,0.0,-0.001,0.0,0.0,0.508,-0.002,-0.4629999999999999,0.2789999999999999,0.0,17.88,18.0,17.94,44.57,17.82,17.68,18.35,0.001,-0.001,0.0,0.0,10.0,10.0,10.0,8.0,0.0,0.0,0.0,0.0,0.0,18.22,18.08,0.0,0.0,0.0,0.0,0.0,0.0,59.95,6000.0,-1.367,-0.2,2.0,0.0,0.2,0.2,-0.0379999999999999,18.47,18.28,18.08,18.45,18.48,18.44,18.04,18.23,18.44,18.4,18.09,18.41,19.11,18.93,29.0,30.0,37.0,17.77,0.0,0.569,64.94,2.0,3.519,-1.0,0.3829999999999999,0.5999999999999999,4903
2015-12-24 21:23:00,0.0,0.0,0.0,0.0,0.0,0.0,2.0,289769.0,32.0,0.0,75.59999999999998,59.5,60.0,-0.1,9462.0,1374.0,1379.0,298603.0,-0.0759999999999999,-0.033,0.0899999999999999,-0.923,0.032,0.083,1.0,0.7219999999999999,274.0,276.0,277.0,277.0,0.818,276.0,0.7909999999999999,276.0,0.8359999999999999,275.0,0.003,13.7,2.0,3.0,0.0,20.08,0.0,-1.3,0.0,-0.001,-0.001,0.0,0.0,0.001,0.0,0.0,0.0,0.508,0.0,-0.4479999999999999,0.2789999999999999,0.0,17.96,18.04,17.95,48.19,17.82,17.76,18.41,0.001,-0.001,0.0,-0.001,10.0,10.0,10.0,8.0,0.0,0.0,0.0,0.0,0.0,18.12,18.0,0.0,0.0,0.0,0.0,0.0,0.0,59.96,6000.0,-1.4,-0.2,2.0,0.0,0.2,0.2,-0.0379999999999999,18.52,18.33,18.12,18.5,18.49,18.48,18.08,18.28,18.48,18.45,18.15,18.45,19.1,18.98,29.0,30.0,37.0,17.81,0.0,242.7,27.37,2.0,3.521,-1.0,0.2999999999999999,0.5999999999999999,4903
2015-12-24 21:24:00,0.0,0.0,0.0,0.0,0.0,0.0,2.0,289769.0,32.0,0.0,75.59999999999998,59.5,60.0,-0.1019999999999999,9462.0,1374.0,1379.0,298603.0,-0.0759999999999999,-0.022,0.1,-0.923,0.032,0.0819999999999999,1.0,0.7249999999999999,274.0,276.0,277.0,277.0,0.818,276.0,0.7909999999999999,276.0,0.8359999999999999,275.0,0.005,13.7,2.0,3.0,0.0,20.08,0.0,-1.4,0.0,-0.001,0.0,0.002,0.001,0.003,0.0,0.001,0.336,0.884,0.0,-0.313,0.2789999999999999,0.0,17.96,18.05,18.0,174.1,17.88,17.76,18.44,0.0,0.0,0.001,0.0,10.0,10.0,10.0,8.0,0.0,0.0,0.0,0.0,0.0,17.99,18.0,0.0,0.0,0.0,0.0,0.0,0.0,59.95,6000.0,-1.35,-0.2,2.0,0.0,0.2,0.2,-0.0379999999999999,18.55,18.36,18.15,18.52,18.51,18.51,18.11,18.33,18.5,18.49,18.18,18.48,19.1,19.0,29.0,30.0,37.0,17.85,0.0,257.3,17.88,2.0,3.519,-1.0,0.4779999999999999,0.9,4903
2015-12-24 21:25:00,0.0,0.0,0.0,0.0,0.0,0.0,2.0,289769.0,32.0,0.0,75.59999999999998,59.5,60.0,-0.1,9462.0,1374.0,1379.0,298603.0,-0.0759999999999999,-0.033,0.0969999999999999,-0.923,0.032,0.0819999999999999,1.0,0.7249999999999999,274.0,276.0,277.0,277.0,0.818,276.0,0.7909999999999999,276.0,0.8359999999999999,275.0,0.002,13.57,2.0,1.0,0.0,20.08,0.0,-1.567,0.0,0.0,0.0,0.002,0.001,0.003,0.001,0.001,0.0,0.508,0.0,-0.421,0.2789999999999999,0.001,17.99,18.1,18.05,52.34,17.87,17.85,18.44,0.001,-0.001,0.0,-0.001,10.0,10.0,10.0,8.0,0.0,0.0,0.0,0.0,0.0,17.82,18.0,0.0,0.0,0.0,0.0,0.0,0.0,59.96,6000.0,-1.533,-0.2,2.0,0.0,0.2,0.2,-0.0379999999999999,18.58,18.37,18.17,18.54,18.51,18.53,18.14,18.35,18.5,18.51,18.2,18.51,19.13,19.0,29.0,30.0,37.0,17.88,0.0,259.3,23.87,2.0,3.521,-1.0,0.3929999999999999,0.6999999999999998,4903
2015-12-24 21:26:00,0.0,0.0,0.0,0.0,0.0,0.0,2.0,289769.0,32.0,0.0,75.59999999999998,59.5,60.0,-0.1,9462.0,1374.0,1379.0,298603.0,-0.0759999999999999,-0.0279999999999999,0.0969999999999999,-0.924,0.032,0.0819999999999999,1.0,0.7179999999999999,274.0,276.0,277.0,277.0,0.818,276.0,0.7909999999999999,276.0,0.8359999999999999,275.0,0.003,13.7,2.0,3.0,0.0,20.08,0.0,-1.4169999999999998,0.0,0.001,0.0,0.001,0.001,0.003,0.0,0.002,0.0,0.508,0.0,-0.455,0.2789999999999999,0.0,18.02,18.14,18.05,-11.78,17.96,17.85,18.51,0.001,0.0,0.0,0.0,10.0,10.0,10.0,8.0,0.0,0.0,0.0,0.0,0.0,17.62,18.0,0.0,0.0,0.0,0.0,0.0,0.0,59.96,6000.0,-1.467,-0.2,2.0,0.0,0.2,0.2,-0.0379999999999999,18.6,18.39,18.19,18.56,18.51,18.55,18.15,18.38,18.54,18.53,18.23,18.52,19.13,19.0,29.0,30.0,37.0,17.9,0.0,267.6,28.44,2.0,3.521,-1.0,0.2369999999999999,0.4,4903
2015-12-24 21:27:00,0.0,0.0,0.0,0.0,0.0,0.0,2.0,289769.0,32.0,0.0,75.59999999999998,59.5,60.0,-0.1019999999999999,9462.0,1374.0,1379.0,298603.0,-0.0759999999999999,-0.023,0.095,-0.923,0.032,0.0819999999999999,1.0,0.7079999999999999,274.0,276.0,277.0,277.0,0.818,276.0,0.7909999999999999,276.0,0.8359999999999999,275.0,0.003,13.7,2.0,3.0,0.0,20.08,0.0,-1.267,0.0,0.001,0.0,0.001,0.001,0.003,0.0,0.001,0.0,0.508,0.0,-0.457,0.2789999999999999,0.0,18.05,18.1,18.05,739.7999999999998,17.95,17.85,18.54,0.001,-0.001,0.0,-0.001,10.0,10.0,10.0,8.0,0.0,0.0,0.0,0.0,0.0,17.22,17.68,0.0,0.0,0.0,0.0,0.0,0.0,59.96,6000.0,-1.317,-0.2,2.0,0.0,0.2,0.2,-0.0379999999999999,18.63,18.41,18.2,18.59,18.56,18.57,18.19,18.4,18.56,18.55,18.25,18.54,19.14,19.01,29.0,30.0,37.0,17.92,0.0,272.5,54.82,2.0,3.517,-1.0,0.555,1.1,4903
2015-12-24 21:28:00,0.0,0.0,0.0,0.0,0.0,0.0,2.0,289769.0,32.0,0.0,75.59999999999998,59.5,60.0,-0.1019999999999999,9462.0,1374.0,1379.0,298603.0,-0.0759999999999999,-0.018,0.098,-0.924,0.032,0.0819999999999999,1.0,0.7029999999999998,274.0,276.0,277.0,277.0,0.818,276.0,0.7909999999999999,276.0,0.8359999999999999,275.0,0.003,13.7,2.0,3.0,0.0,20.08,0.0,-1.15,0.0,0.002,0.0,0.002,0.001,0.003,0.001,0.002,0.0,0.508,0.0,-0.451,0.2789999999999999,0.0,18.05,18.14,18.1,39.53,17.97,17.9,18.54,0.001,-0.001,0.0,-0.001,10.0,10.0,10.0,8.0,0.0,0.0,0.0,0.0,0.0,17.01,17.12,0.0,0.0,0.0,0.0,0.0,0.0,59.96,6000.0,-1.167,-0.2,2.0,0.0,0.2,0.2,-0.0379999999999999,18.66,18.43,18.22,18.61,18.58,18.6,18.21,18.42,18.57,18.56,18.27,18.57,19.15,19.03,29.0,30.0,37.0,17.94,0.0,294.0,68.49,2.0,3.519,-1.0,0.523,1.1,4903
2015-12-24 21:29:00,0.0,0.0,0.0,0.0,0.0,0.0,2.0,289769.0,32.0,0.0,75.59999999999998,59.5,60.0,-0.1,9462.0,1374.0,1379.0,298603.0,-0.0759999999999999,-0.023,0.1,-0.924,0.032,0.0819999999999999,1.0,0.7099999999999999,274.0,276.0,277.0,277.0,0.818,276.0,0.7909999999999999,276.0,0.8359999999999999,275.0,0.003,13.7,2.0,3.0,0.0,20.08,0.0,-1.2,0.0,0.001,0.0,0.002,0.002,0.003,0.001,0.001,0.0,0.508,0.0,-0.4379999999999999,0.2789999999999999,0.0,18.05,18.13,18.16,14.56,18.01,17.95,18.54,0.001,-0.001,0.001,-0.001,10.0,10.0,10.0,8.0,0.0,0.0,0.0,0.0,0.0,17.1,17.37,0.0,0.0,0.0,0.0,0.0,0.0,59.96,6000.0,-1.267,-0.2,2.0,0.0,0.2,0.2,-0.0379999999999999,18.69,18.44,18.24,18.63,18.56,18.61,18.23,18.45,18.58,18.59,18.3,18.59,19.17,19.0,29.0,30.0,37.0,17.96,0.0,296.3,39.22,2.0,3.519,-1.0,0.477,0.8,4903
2015-12-24 21:30:00,0.0,0.0,0.0,0.0,0.0,0.0,2.0,289769.0,32.0,0.0,75.59999999999998,59.5,60.0,-0.105,9462.0,1374.0,1379.0,298603.0,-0.0759999999999999,-0.035,0.0969999999999999,-0.923,0.032,0.0819999999999999,1.0,0.7149999999999999,274.0,276.0,277.0,277.0,0.818,276.0,0.7909999999999999,276.0,0.8359999999999999,275.0,0.004,13.58,2.0,1.0,0.0,20.08,0.0,-1.1,0.0,0.001,0.0,0.003,0.001,0.003,0.001,0.001,0.1749999999999999,0.649,0.0,-0.262,0.278,0.001,18.1,18.23,18.16,65.25,18.06,17.97,18.62,0.0,-0.001,0.001,0.0,10.0,10.0,10.0,8.0,0.0,0.0,0.0,0.0,0.0,17.41,17.98,0.0,0.0,0.0,0.0,0.0,0.0,59.96,6000.0,-1.167,-0.2,2.0,0.0,0.2,0.2,-0.0379999999999999,18.71,18.46,18.26,18.64,18.57,18.63,18.25,18.47,18.61,18.62,18.33,18.61,19.18,18.94,29.0,30.0,37.0,17.96,0.0,349.0,43.7,2.0,3.519,-1.0,0.2019999999999999,0.5,4903
2015-12-24 21:31:00,0.0,0.0,0.0,0.0,0.0,0.0,2.0,289769.0,32.0,0.0,75.59999999999998,59.5,60.0,-0.1,9462.0,1374.0,1379.0,298603.0,-0.0759999999999999,-0.02,0.1,-0.923,0.032,0.0819999999999999,1.0,0.698,274.0,276.0,277.0,277.0,0.818,276.0,0.7909999999999999,276.6,0.8359999999999999,275.0,0.003,13.7,2.0,3.0,0.0,20.08,0.0,-1.067,0.0,0.001,0.0,0.003,0.001,0.003,0.001,0.001,0.0,0.508,0.0,-0.436,0.2789999999999999,0.0,18.08,18.2,18.16,61.97,18.07,17.97,18.64,0.001,-0.001,0.0,0.0,10.0,10.0,10.0,8.0,0.0,0.0,0.0,0.0,0.0,17.55,18.0,0.0,0.0,0.0,0.0,0.0,0.0,59.96,6000.0,-1.25,-0.2,2.0,0.0,0.2,0.2,-0.0379999999999999,18.72,18.47,18.26,18.66,18.57,18.64,18.26,18.49,18.62,18.63,18.34,18.62,19.19,18.87,29.0,30.0,37.0,17.96,0.0,307.3,47.01,2.0,3.521,-1.0,0.183,0.4,4903
2015-12-24 21:32:00,0.0,0.0,0.0,0.0,0.0,0.0,2.0,289769.0,32.0,0.0,75.59999999999998,59.5,60.0,-0.1,9462.0,1374.0,1379.0,298603.0,-0.0759999999999999,-0.022,0.1,-0.924,0.032,0.0819999999999999,1.0,0.693,274.0,276.0,277.0,277.0,0.818,276.0,0.7909999999999999,276.4,0.8359999999999999,275.0,0.003,13.7,2.0,3.0,0.0,20.08,0.0,-1.083,0.0,0.0,0.0,0.002,0.001,0.003,0.001,0.001,0.0,0.508,0.0,-0.442,0.2789999999999999,0.0,18.05,18.21,18.16,74.47,18.07,17.98,18.64,0.001,-0.001,0.0,-0.001,10.0,10.0,10.0,8.0,0.0,0.0,0.0,0.0,0.0,17.44,18.0,0.0,0.0,0.0,0.0,0.0,0.0,59.97,6000.0,-1.183,-0.2,2.0,0.0,0.2,0.2,-0.0379999999999999,18.73,18.48,18.27,18.67,18.56,18.64,18.27,18.51,18.63,18.64,18.36,18.63,19.13,18.83,29.0,30.0,37.0,17.96,0.0,273.8,28.32,2.0,3.519,-1.0,0.37,0.6999999999999998,4903
2015-12-24 21:33:00,0.0,0.0,0.0,0.0,0.0,0.0,2.0,289769.0,32.0,0.0,75.59999999999998,59.5,60.0,-0.1,9462.0,1374.0,1379.0,298603.0,-0.0759999999999999,-0.018,0.098,-0.924,0.032,0.0819999999999999,1.0,0.692,274.0,276.0,277.0,277.0,0.818,276.0,0.7909999999999999,276.3,0.8359999999999999,275.0,0.003,13.7,2.0,3.0,0.0,20.08,0.0,-1.3330000000000002,0.0,-0.001,0.0,0.002,0.001,0.003,0.0,0.0,0.0,0.508,0.0,-0.4379999999999999,0.2789999999999999,0.0,18.05,18.2,18.14,-1.673,18.05,17.95,18.64,0.001,-0.001,0.001,0.0,10.0,10.0,10.0,8.0,0.0,0.0,0.0,0.0,0.0,17.71,18.0,0.0,0.0,0.0,0.0,0.0,0.0,59.96,6000.0,-1.4,-0.2,2.0,0.0,0.2,0.2,-0.0379999999999999,18.75,18.48,18.27,18.68,18.6,18.65,18.28,18.52,18.64,18.65,18.37,18.64,19.1,18.79,29.0,30.0,37.0,17.95,0.0,263.1,33.56,2.0,3.519,-1.0,0.422,1.2,4903
2015-12-24 21:34:00,0.0,0.0,0.0,0.0,0.0,0.0,2.0,289769.0,32.0,0.0,75.59999999999998,59.5,60.0,-0.1019999999999999,9462.0,1374.0,1379.0,298603.0,-0.0759999999999999,-0.025,0.1,-0.923,0.032,0.0819999999999999,1.0,0.693,274.0,276.0,277.1,277.0,0.818,276.0,0.7909999999999999,276.8,0.8359999999999999,275.0,0.003,13.7,2.0,3.0,0.0,20.08,0.0,-1.4169999999999998,0.0,-0.001,-0.002,0.001,0.001,0.002,0.0,0.0,0.0,0.508,0.0,-0.4379999999999999,0.2789999999999999,0.0,18.05,18.23,18.16,41.65,18.07,17.98,18.64,0.001,0.0,0.0,0.0,10.0,10.0,10.0,8.0,0.0,0.0,0.0,0.0,0.0,17.31,17.6,0.0,0.0,0.0,0.0,0.0,0.0,59.96,6000.0,-1.4,-0.2,2.0,0.0,0.2,0.2,-0.0379999999999999,18.75,18.48,18.27,18.69,18.58,18.66,18.29,18.52,18.64,18.65,18.38,18.65,19.11,18.8,29.0,30.0,37.0,17.95,0.0,326.7,31.57,2.0,3.519,-1.0,0.5899999999999999,1.4,4903
2015-12-24 21:35:00,0.0,0.0,0.0,0.0,0.0,0.0,2.0,289769.0,32.0,0.0,75.59999999999998,59.5,60.0,-0.1,9462.0,1374.0,1379.0,298603.0,-0.0759999999999999,-0.025,0.1,-0.923,0.032,0.0819999999999999,1.0,0.6729999999999999,274.0,276.0,277.0,277.0,0.818,276.0,0.7909999999999999,276.6,0.8359999999999999,275.0,0.009,13.49,2.0,3.0,0.0,20.08,0.0,-1.1,0.0,-0.001,-0.003,0.002,0.001,0.001,0.0,0.0,0.148,0.626,0.0,-0.286,0.278,0.001,18.05,18.25,18.16,44.36,18.07,17.95,18.64,0.0,0.0,0.0,0.0,10.0,10.0,10.0,8.0,0.0,0.0,0.0,0.0,0.0,17.46,17.87,0.0,0.0,0.0,0.0,0.0,0.0,59.96,6000.0,-1.3330000000000002,-0.2,2.0,0.0,0.2,0.2,-0.0379999999999999,18.77,18.48,18.28,18.7,18.59,18.67,18.3,18.52,18.63,18.65,18.37,18.66,19.1,18.86,29.0,30.0,37.0,17.95,0.0,352.5,68.58,2.0,3.519,-1.0,0.7279999999999999,1.9,4903
2015-12-24 21:36:00,0.0,0.0,0.0,0.0,0.0,0.0,2.0,289769.0,32.0,0.0,75.59999999999998,59.5,60.0,-0.1019999999999999,9462.0,1374.0,1379.0,298603.0,-0.0759999999999999,-0.0279999999999999,0.1019999999999999,-0.923,0.032,0.0819999999999999,1.0,0.68,274.0,276.0,277.0,277.0,0.818,276.0,0.7909999999999999,276.0,0.8359999999999999,275.0,-0.002,13.49,2.0,3.0,0.0,20.08,0.0,-1.433,0.0,-0.001,-0.003,0.001,0.0,0.0,-0.001,-0.001,0.0,0.508,0.0,-0.446,0.2789999999999999,0.001,18.05,18.2,18.16,29.91,18.08,17.95,18.74,0.0,-0.001,0.0,0.0,10.0,10.0,10.0,8.0,0.0,0.0,0.0,0.0,0.0,17.59,18.0,0.0,0.0,0.0,0.0,0.0,0.0,59.96,6000.0,-1.35,-0.2,2.0,0.0,0.2,0.2,-0.0379999999999999,18.77,18.48,18.27,18.71,18.6,18.67,18.31,18.51,18.63,18.64,18.37,18.67,19.09,18.89,29.0,30.0,37.0,17.96,0.0,317.1,56.7,2.0,3.519,-1.0,0.4749999999999999,1.3,4903
2015-12-24 21:37:00,0.0,0.0,0.0,0.0,0.0,0.0,2.0,289769.0,32.0,0.0,75.59999999999998,59.5,60.0,-0.1019999999999999,9462.0,1374.0,1379.0,298603.0,-0.0759999999999999,-0.0279999999999999,0.1,-0.923,0.032,0.0819999999999999,1.0,0.665,274.0,276.0,277.0,277.0,0.818,276.0,0.7909999999999999,276.1,0.8359999999999999,275.0,0.003,13.7,2.0,3.0,0.0,20.08,0.0,-1.3330000000000002,0.0,-0.002,-0.003,0.001,0.0,0.0,-0.001,-0.001,0.0,0.508,0.0,-0.436,0.2789999999999999,0.0,18.05,18.23,18.16,55.21,18.05,17.95,18.74,0.001,-0.001,0.0,0.0,10.0,10.0,10.0,8.0,0.0,0.0,0.0,0.0,0.0,17.04,17.33,0.0,0.0,0.0,0.0,0.0,0.0,59.96,6000.0,-1.267,-0.2,2.0,0.0,0.2,0.2,-0.0379999999999999,18.78,18.47,18.27,18.71,18.59,18.68,18.31,18.51,18.64,18.64,18.36,18.67,19.1,18.9,29.0,30.0,37.0,17.97,0.0,315.3,23.65,2.0,3.519,-1.0,0.897,1.5,4903
2015-12-24 21:38:00,0.0,0.0,0.0,0.0,0.0,0.0,2.0,289769.0,32.0,0.0,75.59999999999998,59.5,60.0,-0.1019999999999999,9462.0,1374.0,1379.0,298603.0,-0.0759999999999999,-0.013,0.1019999999999999,-0.923,0.032,0.0819999999999999,1.0,0.667,274.0,276.0,277.0,277.0,0.818,276.0,0.7909999999999999,276.7,0.8359999999999999,275.0,0.003,13.7,2.0,3.0,0.0,20.08,0.0,-1.267,0.0,-0.002,-0.003,0.001,-0.001,0.0,-0.001,-0.001,0.0,0.508,-0.002,-0.4529999999999999,0.2789999999999999,0.0,18.05,18.2,18.26,-13.88,18.08,17.97,18.72,0.001,-0.001,0.0,0.0,10.0,10.0,10.0,8.0,0.0,0.0,0.0,0.0,0.0,15.74,16.13,0.0,0.0,0.0,0.0,0.0,0.0,59.96,6000.0,-1.217,-0.2,2.0,0.0,0.2,0.2,-0.0379999999999999,18.79,18.48,18.27,18.71,18.59,18.67,18.31,18.5,18.63,18.63,18.36,18.68,19.07,18.83,29.0,30.0,37.0,17.96,0.0,248.4,49.21,2.0,3.519,-1.0,0.5,1.1,4903
2015-12-24 21:39:00,0.0,0.0,0.0,0.0,0.0,0.0,2.0,289769.0,32.0,0.0,75.59999999999998,59.5,60.0,-0.1019999999999999,9462.0,1374.0,1379.0,298603.0,-0.0759999999999999,-0.0149999999999999,0.1019999999999999,-0.923,0.032,0.083,1.0,0.68,274.0,276.0,277.0,277.0,0.818,276.0,0.7909999999999999,277.0,0.8359999999999999,275.0,0.003,13.7,2.0,3.0,0.0,20.08,0.0,-1.283,0.0,-0.002,-0.003,0.0,-0.001,0.0,-0.002,-0.002,0.0,0.508,-0.003,-0.421,0.2789999999999999,0.0,18.05,18.22,18.16,66.55,18.09,17.95,18.74,0.0,-0.001,0.0,0.0,10.0,10.0,10.0,8.0,0.0,0.0,0.0,0.0,0.0,15.65,16.0,0.0,0.0,0.0,0.0,0.0,0.0,59.96,6000.0,-1.35,-0.2,2.0,0.0,0.2,0.2,-0.0379999999999999,18.77,18.46,18.25,18.7,18.57,18.66,18.29,18.49,18.62,18.62,18.34,18.67,19.08,18.84,29.0,29.98,37.0,17.95,0.0,45.27,93.3,2.0,3.519,-1.0,0.26,0.5999999999999999,4903
2015-12-24 21:40:00,0.0,0.0,0.0,0.0,0.0,0.0,2.0,289769.0,32.0,0.0,75.59999999999998,59.5,60.0,-0.1019999999999999,9462.0,1374.0,1379.0,298603.0,-0.0759999999999999,-0.022,0.103,-0.923,0.032,0.0819999999999999,1.0,0.698,274.0,276.0,277.1,277.0,0.818,276.0,0.7909999999999999,277.0,0.8359999999999999,275.0,0.003,13.7,2.0,3.0,0.0,20.08,0.0,-1.167,0.0,-0.003,-0.006,-0.001,-0.001,0.0,-0.002,-0.002,0.0,0.508,-0.003,-0.444,0.2789999999999999,0.0,18.04,18.2,18.14,35.4,18.08,17.95,18.7,0.0,0.0,0.0,-0.001,10.0,10.0,10.0,8.0,0.0,0.0,0.0,0.0,0.0,15.34,15.65,0.0,0.0,0.0,0.0,0.0,0.0,59.95,6000.0,-1.367,-0.2,2.0,0.0,0.2,0.2,-0.0379999999999999,18.75,18.43,18.23,18.68,18.55,18.63,18.27,18.47,18.6,18.6,18.32,18.65,19.08,18.88,29.0,30.0,37.0,17.93,0.0,58.77,28.43,2.0,3.519,-1.0,0.265,0.5,4903
2015-12-24 21:41:00,0.0,0.0,0.0,0.0,0.0,0.0,2.0,289769.0,32.0,0.0,75.59999999999998,59.5,60.0,-0.103,9462.0,1374.0,1379.0,298603.0,-0.0759999999999999,-0.025,0.105,-0.923,0.032,0.083,1.0,0.7049999999999998,274.0,276.0,277.3,277.0,0.818,276.0,0.7909999999999999,277.0,0.8359999999999999,275.0,0.004,13.57,2.0,1.0,0.0,20.08,0.0,-1.233,0.0,-0.004,-0.0069999999999999,-0.002,-0.003,0.0,-0.003,-0.003,0.186,0.6509999999999999,-0.003,-0.216,0.278,0.001,17.96,18.15,18.11,-47.06,18.0,17.95,18.62,0.001,0.0,0.0,0.0,10.0,10.0,10.0,8.0,0.0,0.0,0.0,0.0,0.0,14.98,15.27,0.0,0.0,0.0,0.0,0.0,0.0,59.96,6000.0,-1.383,-0.2,2.0,0.0,0.2,0.2,-0.0379999999999999,18.71,18.39,18.19,18.64,18.53,18.6,18.23,18.42,18.54,18.55,18.27,18.61,19.08,18.8,29.0,30.0,37.0,17.88,0.0,148.0,50.16,2.0,3.519,-1.0,0.402,0.5999999999999999,4903
2015-12-24 21:42:00,0.0,0.0,0.0,0.0,0.0,0.0,2.0,289769.0,32.0,0.0,75.59999999999998,59.5,60.0,-0.103,9462.0,1374.0,1379.0,298603.0,-0.0759999999999999,-0.012,0.1019999999999999,-0.923,0.032,0.083,1.0,0.7029999999999998,274.0,276.0,277.6,277.0,0.818,276.0,0.7909999999999999,277.0,0.8359999999999999,275.0,0.003,13.7,2.0,3.0,0.0,20.08,0.0,-1.283,0.0,-0.0069999999999999,-0.0069999999999999,-0.004,-0.004,0.0,-0.004,-0.004,0.0,0.508,-0.006,-0.4229999999999999,0.2789999999999999,0.0,17.87,18.12,18.05,23.05,17.89,17.87,18.54,0.0,0.0,0.001,0.0,10.0,10.0,10.0,8.0,0.0,0.0,0.0,0.0,0.0,14.66,14.97,0.0,0.0,0.0,0.0,0.0,0.0,59.95,6000.0,-1.233,-0.2,2.0,0.0,0.2,0.2,-0.0379999999999999,18.65,18.32,18.13,18.58,18.46,18.54,18.16,18.35,18.48,18.47,18.21,18.55,19.04,18.83,29.0,29.9,37.0,17.81,0.0,345.5,31.97,2.0,3.521,-1.0,0.4479999999999999,1.0,4903
2015-12-24 21:43:00,0.0,0.0,0.0,0.0,0.0,0.0,2.0,289769.0,32.0,0.0,75.59999999999998,59.5,60.0,-0.1019999999999999,9462.0,1374.0,1379.0,298603.0,-0.0759999999999999,-0.023,0.103,-0.923,0.032,0.083,1.0,0.707,274.0,276.0,277.4,277.0,0.818,276.0,0.7909999999999999,276.8,0.8359999999999999,275.0,0.003,13.7,2.0,3.0,0.0,20.09,0.0,-1.1,0.0,-0.008,-0.01,-0.005,-0.006,-0.002,-0.006,-0.0069999999999999,0.0,0.508,-0.0069999999999999,-0.4679999999999999,0.2789999999999999,0.0,17.86,18.0,18.0,45.72,17.87,17.76,18.54,0.001,-0.001,0.001,0.0,10.0,10.0,10.0,8.0,0.0,0.0,0.0,0.0,0.0,16.3,16.37,0.0,0.0,0.0,0.0,0.0,0.0,59.96,6000.0,-1.217,-0.2,2.0,0.0,0.2,0.2,-0.0379999999999999,18.6,18.29,18.1,18.54,18.44,18.5,18.12,18.29,18.44,18.41,18.14,18.51,19.04,18.75,29.0,29.63,37.0,17.76,0.0,32.87,74.45999999999998,2.0,3.518,-1.0,0.2019999999999999,0.5,4903
2015-12-24 21:44:00,0.0,0.0,0.0,0.0,0.0,0.0,2.0,289769.0,32.0,0.0,75.59999999999998,59.5,60.0,-0.1019999999999999,9462.0,1374.0,1379.0,298603.0,-0.0759999999999999,-0.022,0.098,-0.924,0.032,0.0819999999999999,1.0,0.7029999999999998,274.0,276.0,277.0,277.0,0.818,276.0,0.7909999999999999,276.0,0.8359999999999999,275.0,0.003,13.7,2.0,3.0,0.0,20.1,0.0,-1.1,0.0,-0.009,-0.01,-0.006,-0.0069999999999999,-0.003,-0.0069999999999999,-0.0069999999999999,0.0,0.508,-0.0069999999999999,-0.4379999999999999,0.2789999999999999,0.0,17.76,18.04,17.95,232.1,17.81,17.72,18.48,0.0,-0.001,0.0,-0.001,10.0,10.0,10.0,8.0,0.0,0.0,0.0,0.0,0.0,16.71,16.87,0.0,0.0,0.0,0.0,0.0,0.0,59.94,6000.0,-1.3,-0.2,2.0,0.0,0.2,0.2,-0.0379999999999999,18.57,18.26,18.07,18.5,18.41,18.47,18.09,18.26,18.42,18.38,18.12,18.48,19.01,18.67,29.0,29.68,37.0,17.71,0.0,255.6,34.57,2.0,3.519,-1.0,0.2949999999999999,0.5,4903
2015-12-24 21:45:00,0.0,0.0,0.0,0.0,0.0,0.0,2.0,289769.0,32.0,0.0,75.59999999999998,59.5,60.0,-0.1,9462.0,1374.0,1379.0,298603.0,-0.0759999999999999,-0.0279999999999999,0.0969999999999999,-0.924,0.032,0.083,1.0,0.6829999999999999,274.0,276.0,277.0,277.0,0.818,276.0,0.7909999999999999,276.0,0.8359999999999999,275.0,0.003,13.7,2.0,3.0,0.0,20.1,0.0,-1.367,0.0,-0.011,-0.011,-0.0069999999999999,-0.008,-0.003,-0.008,-0.008,0.0,0.508,-0.0069999999999999,-0.4629999999999999,0.2789999999999999,0.0,17.76,17.87,17.87,31.31,17.71,17.67,18.43,0.001,-0.001,0.0,0.0,10.0,10.0,10.0,8.0,0.0,0.0,0.0,0.0,0.0,16.77,16.95,0.0,0.0,0.0,0.0,0.0,0.0,59.96,6000.0,-1.35,-0.2,2.0,0.0,0.2,0.2,-0.0379999999999999,18.53,18.22,18.03,18.45,18.37,18.42,18.03,18.21,18.37,18.34,18.06,18.43,18.98,18.67,29.0,29.3,37.0,17.65,0.0,296.1,26.34,2.0,3.519,-1.0,0.5,0.9,4903
2015-12-24 21:46:00,0.0,0.0,0.0,0.0,0.0,0.0,2.0,289769.0,32.0,0.0,75.59999999999998,59.5,60.0,-0.103,9462.0,1374.0,1379.0,298603.0,-0.0759999999999999,-0.02,0.0899999999999999,-0.923,0.032,0.0819999999999999,1.0,0.68,274.0,276.0,277.0,277.0,0.818,276.0,0.7909999999999999,276.0,0.8359999999999999,275.0,-0.0299999999999999,13.33,2.0,1.0,0.0,20.1,0.0,-1.4,0.0,-0.012,-0.0139999999999999,-0.008,-0.009,-0.003,-0.009,-0.009,0.161,0.626,-0.008,-0.256,0.2789999999999999,0.001,17.66,17.84,17.84,-107.2,17.63,17.59,18.35,0.001,-0.001,0.0,0.0,10.0,10.0,10.0,8.0,0.0,0.0,0.0,0.0,0.0,16.46,16.75,0.0,0.0,0.0,0.0,0.0,0.0,59.94,6000.0,-1.4169999999999998,-0.2,2.0,0.0,0.2,0.2,-0.0379999999999999,18.46,18.16,17.97,18.38,18.33,18.36,17.96,18.12,18.3,18.26,17.98,18.37,18.95,18.65,29.0,29.17,37.0,17.58,0.0,290.7,30.33,2.0,3.519,-1.0,0.387,0.6999999999999998,4903
2015-12-24 21:47:00,0.0,0.0,0.0,0.0,0.0,0.0,2.0,289769.0,32.0,0.0,75.59999999999998,59.5,60.0,-0.1,9462.0,1374.0,1379.0,298603.0,-0.0759999999999999,-0.0299999999999999,0.1,-0.923,0.032,0.083,1.0,0.693,274.0,276.0,277.0,277.0,0.818,276.0,0.7909999999999999,276.0,0.8359999999999999,275.0,0.037,13.52,2.0,3.0,0.0,20.1,0.0,-1.317,0.0,-0.013,-0.0139999999999999,-0.009,-0.011,-0.005,-0.01,-0.01,0.0,0.508,-0.01,-0.442,0.2789999999999999,0.001,17.58,17.76,17.72,336.7,17.56,17.53,18.3,0.0,-0.001,0.001,0.0,10.0,10.0,10.0,8.0,0.0,0.0,0.0,0.0,0.0,15.46,15.7,0.0,0.0,0.0,0.0,0.0,0.0,59.94,6000.0,-1.3,-0.2,2.0,0.0,0.2,0.2,-0.0379999999999999,18.41,18.12,17.93,18.32,18.29,18.3,17.9,18.06,18.27,18.2,17.91,18.31,18.96,18.65,29.0,29.02,37.0,17.5,0.0,308.1,59.69,2.0,3.519,-1.0,0.502,1.5,4903
2015-12-24 21:48:00,0.0,0.0,0.0,0.0,0.0,0.0,2.0,289769.0,32.0,0.0,75.59999999999998,59.5,60.0,-0.1019999999999999,9462.0,1374.0,1379.0,298603.0,-0.0759999999999999,-0.017,0.095,-0.923,0.032,0.0819999999999999,1.0,0.6779999999999999,274.0,276.0,277.0,277.0,0.818,276.0,0.7909999999999999,276.0,0.8359999999999999,275.0,0.004,13.7,2.0,3.0,0.0,20.1,0.0,-1.233,0.0,-0.0139999999999999,-0.0139999999999999,-0.009,-0.01,-0.006,-0.009,-0.01,0.0,0.508,-0.01,-0.457,0.2789999999999999,0.0,17.57,17.67,17.66,191.9,17.49,17.46,18.25,0.001,0.0,0.0,0.0,10.0,10.0,10.0,8.0,0.0,0.0,0.0,0.0,0.0,16.2,16.37,0.0,0.0,0.0,0.0,0.0,0.0,59.96,6000.0,-1.433,-0.2,2.0,0.0,0.2,0.2,-0.0379999999999999,18.39,18.11,17.9,18.29,18.29,18.27,17.87,18.04,18.26,18.19,17.89,18.29,18.97,18.68,29.0,29.0,37.0,17.48,0.0,28.72,41.09,2.0,3.519,-1.0,0.677,1.6,4903
2015-12-24 21:49:00,0.0,0.0,0.0,0.0,0.0,0.0,2.0,289769.0,32.0,0.0,75.59999999999998,59.5,60.0,-0.1,9462.0,1374.0,1379.0,298603.0,-0.0759999999999999,-0.025,0.098,-0.923,0.032,0.0819999999999999,1.0,0.657,274.0,276.0,277.0,277.0,0.818,276.0,0.7909999999999999,276.0,0.8359999999999999,275.0,0.003,13.7,2.0,3.0,0.0,20.1,0.0,-1.117,0.0,-0.013,-0.0139999999999999,-0.009,-0.011,-0.006,-0.009,-0.01,0.0,0.508,-0.01,-0.457,0.2789999999999999,0.0,17.57,17.74,17.66,96.1,17.55,17.46,18.25,0.001,-0.001,0.0,0.0,10.0,10.0,10.0,8.0,0.0,0.0,0.0,0.0,0.0,15.31,15.67,0.0,0.0,0.0,0.0,0.0,0.0,59.95,6000.0,-1.267,-0.2,2.0,0.0,0.2,0.2,-0.0379999999999999,18.37,18.11,17.91,18.28,18.3,18.26,17.86,18.04,18.27,18.19,17.89,18.28,18.97,18.74,29.0,29.0,37.0,17.48,0.0,264.4,85.79999999999998,2.0,3.519,-1.0,0.5899999999999999,1.0,4903
2015-12-24 21:50:00,0.0,0.0,0.0,0.0,0.0,0.0,2.0,289769.0,32.0,0.0,75.59999999999998,59.5,60.0,-0.1019999999999999,9462.0,1374.0,1379.0,298603.0,-0.0759999999999999,-0.017,0.1019999999999999,-0.924,0.032,0.0819999999999999,1.0,0.653,274.0,276.0,277.0,277.0,0.818,276.0,0.7909999999999999,276.0,0.8359999999999999,275.0,0.003,13.7,2.0,3.0,0.0,20.1,0.0,-1.083,0.0,-0.012,-0.013,-0.008,-0.01,-0.004,-0.008,-0.009,0.0,0.508,-0.008,-0.44,0.2789999999999999,0.0,17.57,17.71,17.66,426.9,17.55,17.46,18.25,0.001,-0.001,0.001,0.0,10.0,10.0,10.0,8.0,0.0,0.0,0.0,0.0,0.0,15.45,15.72,0.0,0.0,0.0,0.0,0.0,0.0,59.96,6000.0,-1.25,-0.2,2.0,0.0,0.2,0.2,-0.0379999999999999,18.38,18.12,17.92,18.28,18.29,18.27,17.86,18.05,18.29,18.2,17.9,18.28,18.96,18.77,29.0,29.0,37.0,17.49,0.0,79.4,60.07,2.0,3.521,-1.0,0.4529999999999999,0.8,4903
2015-12-24 21:51:00,0.0,0.0,0.0,0.0,0.0,0.0,2.0,289769.0,32.0,0.0,75.59999999999998,59.5,60.0,-0.103,9462.0,1374.0,1379.0,298603.0,-0.0759999999999999,-0.008,0.098,-0.924,0.032,0.0819999999999999,1.0,0.653,274.0,276.0,277.0,277.0,0.818,276.0,0.7909999999999999,276.0,0.8359999999999999,275.0,0.003,13.7,2.0,3.0,0.0,20.1,0.0,-1.2,0.0,-0.011,-0.01,-0.008,-0.009,-0.003,-0.0069999999999999,-0.008,0.0,0.508,-0.0069999999999999,-0.4479999999999999,0.2789999999999999,0.0,17.57,17.78,17.66,124.3,17.56,17.46,18.25,0.001,0.0,0.0,0.0,10.0,10.0,10.0,8.0,0.0,0.0,0.0,0.0,0.0,16.64,16.98,0.0,0.0,0.0,0.0,0.0,0.0,59.96,6000.0,-1.3330000000000002,-0.2,2.0,0.0,0.2,0.2,-0.0379999999999999,18.38,18.14,17.93,18.28,18.28,18.28,17.86,18.07,18.31,18.21,17.92,18.29,18.98,18.76,29.0,29.0,37.0,17.49,0.0,24.03,79.87,2.0,3.517,-1.0,0.528,1.0,4903
2015-12-24 21:52:00,0.0,0.0,0.0,0.0,0.0,0.0,2.0,289769.0,32.0,0.0,75.59999999999998,59.5,60.0,-0.103,9462.0,1374.0,1379.0,298603.0,-0.0759999999999999,-0.018,0.1,-0.923,0.032,0.0819999999999999,1.0,0.648,274.0,276.0,277.0,277.0,0.818,276.0,0.7909999999999999,276.0,0.8359999999999999,275.0,0.004,13.52,2.0,1.0,0.0,20.1,0.0,-1.35,0.0,-0.01,-0.01,-0.0069999999999999,-0.009,-0.003,-0.0069999999999999,-0.008,0.148,0.6129999999999999,-0.0069999999999999,-0.307,0.278,0.001,17.57,17.82,17.66,97.0,17.56,17.46,18.25,0.001,-0.001,0.001,0.0,10.0,10.0,10.0,8.0,0.0,0.0,0.0,0.0,0.0,16.68,16.93,0.0,0.0,0.0,0.0,0.0,0.0,59.96,6000.0,-1.317,-0.2,2.0,0.0,0.2,0.2,-0.0379999999999999,18.37,18.12,17.92,18.27,18.27,18.27,17.84,18.06,18.29,18.21,17.92,18.28,19.0,18.77,29.0,29.0,37.0,17.49,0.0,331.9,40.72,2.0,3.519,-1.0,0.387,0.6999999999999998,4903
2015-12-24 21:53:00,0.0,0.0,0.0,0.0,0.0,0.0,2.0,289769.0,32.0,0.0,75.59999999999998,59.5,60.0,-0.1019999999999999,9462.0,1374.0,1379.0,298603.0,-0.0759999999999999,-0.022,0.098,-0.924,0.031,0.0819999999999999,1.0,0.642,274.0,276.0,277.0,277.0,0.818,276.0,0.7909999999999999,276.0,0.8359999999999999,275.0,0.003,13.7,2.0,3.0,0.0,20.1,0.0,-1.433,0.0,-0.011,-0.01,-0.008,-0.009,-0.003,-0.008,-0.009,0.0,0.508,-0.0069999999999999,-0.451,0.2789999999999999,0.0,17.57,17.72,17.69,-1.737,17.58,17.46,18.25,0.001,0.0,0.0,-0.001,10.0,10.0,10.0,8.0,0.0,0.0,0.0,0.0,0.0,16.09,16.23,0.0,0.0,0.0,0.0,0.0,0.0,59.95,6000.0,-1.45,-0.2,2.0,0.0,0.2,0.2,-0.0379999999999999,18.33,18.09,17.89,18.23,18.25,18.24,17.81,18.02,18.24,18.16,17.87,18.25,18.97,18.77,29.0,29.0,37.0,17.47,0.0,281.0,24.97,2.0,3.517,-1.0,0.465,0.6999999999999998,4903
2015-12-24 21:54:00,0.0,0.0,0.0,0.0,0.0,0.0,2.0,289769.0,32.0,0.0,75.59999999999998,59.5,60.0,-0.1,9462.0,1374.0,1379.0,298603.0,-0.0759999999999999,-0.018,0.1,-0.925,0.031,0.0819999999999999,1.0,0.648,274.0,276.0,277.0,277.0,0.818,276.0,0.7909999999999999,276.0,0.8359999999999999,275.0,0.003,13.7,2.0,3.0,0.0,20.1,0.0,-1.217,0.0,-0.011,-0.01,-0.008,-0.009,-0.004,-0.009,-0.01,0.0,0.508,-0.0069999999999999,-0.442,0.2789999999999999,0.0,17.54,17.69,17.66,-91.7,17.51,17.45,18.15,0.001,0.0,0.0,0.0,10.0,10.0,10.0,8.0,0.0,0.0,0.0,0.0,0.0,15.32,15.55,0.0,0.0,0.0,0.0,0.0,0.0,59.95,6000.0,-1.283,-0.2,2.0,0.0,0.2,0.2,-0.0379999999999999,18.27,18.03,17.84,18.19,18.23,18.19,17.76,17.97,18.19,18.1,17.82,18.19,18.94,18.73,29.0,29.0,37.0,17.42,0.0,151.8,69.98,2.0,3.517,-1.0,0.2269999999999999,0.4,4903
2015-12-24 21:55:00,0.0,0.0,0.0,0.0,0.0,0.0,2.0,289769.0,32.0,0.0,75.59999999999998,59.5,60.0,-0.1,9462.0,1374.0,1379.0,298603.0,-0.0759999999999999,-0.023,0.098,-0.924,0.031,0.0819999999999999,1.0,0.662,274.0,276.0,277.0,277.0,0.818,276.0,0.7909999999999999,276.0,0.8359999999999999,275.0,0.003,13.7,2.0,3.0,0.0,20.1,0.0,-1.083,0.0,-0.013,-0.013,-0.009,-0.011,-0.0069999999999999,-0.01,-0.01,0.0,0.508,-0.0069999999999999,-0.4529999999999999,0.2789999999999999,0.0,17.47,17.66,17.56,30.37,17.45,17.37,18.15,0.001,-0.001,0.001,0.0,10.0,10.0,10.0,8.0,0.0,0.0,0.0,0.0,0.0,15.57,15.83,0.0,0.0,0.0,0.0,0.0,0.0,59.95,6000.0,-1.383,-0.2,2.0,0.0,0.2,0.2,-0.0379999999999999,18.24,17.98,17.79,18.15,18.23,18.16,17.73,17.92,18.15,18.05,17.77,18.15,18.91,18.71,29.0,29.0,37.0,17.37,0.0,68.33,26.43,2.0,3.519,-1.0,0.2849999999999999,0.5,4903
2015-12-24 21:56:00,0.0,0.0,0.0,0.0,0.0,0.0,2.0,289769.0,32.0,0.0,75.59999999999998,59.5,60.0,-0.103,9462.0,1374.0,1379.0,298603.0,-0.0759999999999999,-0.025,0.1,-0.923,0.032,0.0819999999999999,1.0,0.645,274.0,276.0,277.0,277.0,0.818,276.0,0.7909999999999999,276.0,0.8359999999999999,275.0,0.003,13.7,2.0,3.0,0.0,20.1,0.0,-1.067,0.0,-0.013,-0.0139999999999999,-0.01,-0.012,-0.0069999999999999,-0.01,-0.011,0.0,0.508,-0.0069999999999999,-0.427,0.2789999999999999,0.0,17.47,17.6,17.56,67.91,17.39,17.3,18.15,0.0,0.0,0.001,0.0,10.0,10.0,10.0,8.0,0.0,0.0,0.0,0.0,0.0,15.04,15.3,0.0,0.0,0.0,0.0,0.0,0.0,59.96,6000.0,-1.133,-0.2,2.0,0.0,0.2,0.2,-0.0379999999999999,18.25,17.99,17.78,18.14,18.21,18.17,17.72,17.9,18.15,18.05,17.75,18.14,18.93,18.76,29.0,29.0,37.0,17.34,0.0,165.4,89.0,2.0,3.521,-1.0,0.37,0.5999999999999999,4903
2015-12-24 21:57:00,0.0,0.0,0.0,0.0,0.0,0.0,2.0,289769.0,32.0,0.0,75.59999999999998,59.5,60.0,-0.103,9462.0,1374.0,1379.0,298603.0,-0.0759999999999999,-0.023,0.095,-0.923,0.032,0.0819999999999999,1.0,0.653,274.0,276.0,277.0,277.0,0.818,276.0,0.7909999999999999,276.0,0.8359999999999999,275.0,-0.009,13.62,2.0,1.0,0.0,20.1,0.0,-1.067,0.0,-0.012,-0.0139999999999999,-0.01,-0.012,-0.0069999999999999,-0.009,-0.01,0.1749999999999999,0.645,-0.0069999999999999,-0.2789999999999999,0.278,0.001,17.47,17.56,17.56,-6.584,17.39,17.37,18.07,0.001,-0.001,0.001,0.0,10.0,10.0,10.0,8.0,0.0,0.0,0.0,0.0,0.0,16.35,16.67,0.0,0.0,0.0,0.0,0.0,0.0,59.95,6000.0,-1.15,-0.2,2.0,0.0,0.2,0.2,-0.0379999999999999,18.26,18.0,17.78,18.13,18.18,18.16,17.7,17.88,18.13,18.05,17.73,18.14,18.94,18.82,29.0,29.0,37.0,17.32,0.0,210.4,72.06,2.0,3.514,-1.0,0.422,0.8,4903
2015-12-24 21:58:00,0.0,0.0,0.0,0.0,0.0,0.0,2.0,289769.0,32.0,0.0,75.59999999999998,59.5,60.0,-0.1,9462.0,1374.0,1379.0,298603.0,-0.0759999999999999,-0.018,0.1019999999999999,-0.923,0.032,0.0819999999999999,1.0,0.655,274.0,276.0,277.0,277.0,0.818,276.0,0.7909999999999999,276.7,0.8359999999999999,275.0,0.0149999999999999,13.62,2.0,3.0,0.0,20.1,0.0,-1.067,0.0,-0.012,-0.011,-0.01,-0.011,-0.005,-0.008,-0.009,0.0,0.508,-0.0069999999999999,-0.451,0.2789999999999999,0.0,17.52,17.56,17.59,56.38,17.4,17.37,18.05,0.001,-0.001,0.0,0.0,10.0,10.0,10.0,8.0,0.0,0.0,0.0,0.0,0.0,19.9,20.05,0.0,0.0,0.0,0.0,0.0,0.0,59.96,6000.0,-1.283,-0.2,2.0,0.0,0.2,0.2,-0.0379999999999999,18.27,18.02,17.8,18.16,18.22,18.19,17.74,17.88,18.11,18.07,17.73,18.16,18.93,18.9,29.0,29.0,37.0,17.38,0.0,279.7,51.53,2.0,3.514,-1.0,0.4799999999999999,1.1,4903
2015-12-24 21:59:00,0.0,0.0,0.0,0.0,0.0,0.0,2.0,289769.0,32.0,0.0,75.59999999999998,59.5,60.0,-0.103,9462.0,1374.0,1379.0,298603.0,-0.0759999999999999,-0.022,0.1019999999999999,-0.923,0.032,0.0819999999999999,1.0,0.652,274.0,276.0,277.0,277.0,0.818,276.0,0.7909999999999999,276.3,0.8359999999999999,275.0,0.003,13.7,2.0,3.0,0.0,20.1,0.0,-1.15,0.0,-0.01,-0.01,-0.009,-0.01,-0.003,-0.0069999999999999,-0.008,0.0,0.508,-0.0069999999999999,-0.4379999999999999,0.2789999999999999,0.0,17.59,17.63,17.68,-93.2,17.48,17.37,18.12,0.0,-0.001,0.001,0.0,10.0,10.0,10.0,8.0,0.0,0.0,0.0,0.0,0.0,17.26,17.57,0.0,0.0,0.0,0.0,0.0,0.0,59.96,6000.0,-1.317,-0.2,2.0,0.0,0.2,0.2,-0.0379999999999999,18.3,18.06,17.83,18.17,18.22,18.21,17.75,17.9,18.16,18.12,17.77,18.18,18.94,18.93,29.0,29.0,37.0,17.46,0.0,290.5,64.91,2.0,3.516,-1.0,0.55,1.0,4903
2015-12-24 22:00:00,0.0,0.0,0.0,0.0,0.0,0.0,2.0,289769.0,32.0,0.0,75.59999999999998,59.5,60.0,-0.103,9462.0,1374.0,1379.0,298603.0,-0.0759999999999999,-0.035,0.1019999999999999,-0.924,0.032,0.0819999999999999,1.0,0.6629999999999999,274.0,276.0,277.0,277.0,0.818,276.0,0.7909999999999999,276.7,0.8359999999999999,275.0,0.003,13.7,2.0,3.0,0.0,20.1,0.0,-1.217,0.0,-0.008,-0.008,-0.008,-0.01,-0.003,-0.006,-0.008,0.0,0.508,-0.0069999999999999,-0.4529999999999999,0.2789999999999999,0.0,17.6,17.68,17.66,210.5,17.5,17.4,18.15,0.001,-0.001,0.001,-0.001,10.0,10.0,10.0,8.0,0.0,0.0,0.0,0.0,0.0,17.58,18.0,0.0,0.0,0.0,0.0,0.0,0.0,59.96,6000.0,-1.317,-0.2,2.0,0.0,0.2,0.2,-0.0379999999999999,18.32,18.08,17.85,18.19,18.23,18.22,17.76,17.96,18.21,18.16,17.82,18.2,18.95,18.92,29.0,29.0,37.0,17.5,0.0,243.3,16.59,2.0,3.517,-1.0,0.782,1.3,4903
2015-12-24 22:01:00,0.0,0.0,0.0,0.0,0.0,0.0,2.0,289769.0,32.0,0.0,75.59999999999998,59.5,60.0,-0.105,9462.0,1374.0,1379.0,298603.0,-0.0759999999999999,-0.012,0.1019999999999999,-0.924,0.032,0.0819999999999999,1.0,0.675,274.0,276.0,277.2,277.0,0.818,276.0,0.7909999999999999,277.0,0.8359999999999999,275.0,0.003,13.7,2.0,3.0,0.0,20.09,0.0,-1.183,0.0,-0.0069999999999999,-0.0069999999999999,-0.0069999999999999,-0.008,-0.003,-0.006,-0.0069999999999999,0.0,0.508,-0.0069999999999999,-0.4629999999999999,0.2789999999999999,0.0,17.7,17.7,17.71,-57.29,17.58,17.46,18.15,0.001,0.0,0.001,-0.001,10.0,10.0,10.0,8.0,0.0,0.0,0.0,0.0,0.0,17.63,17.9,0.0,0.0,0.0,0.0,0.0,0.0,59.95,6000.0,-1.217,-0.2,2.0,0.0,0.2,0.2,-0.0379999999999999,18.36,18.12,17.89,18.22,18.25,18.25,17.79,18.01,18.26,18.22,17.87,18.24,18.96,18.95,29.0,29.0,37.0,17.56,0.0,252.3,31.4,2.0,3.517,-1.0,0.755,1.7,4903
2015-12-24 22:02:00,0.0,0.0,0.0,0.0,0.0,0.0,2.0,289769.0,32.0,0.0,75.59999999999998,59.5,60.0,-0.103,9462.0,1374.0,1379.0,298603.0,-0.0759999999999999,-0.023,0.107,-0.923,0.032,0.083,1.0,0.6729999999999999,274.0,276.0,277.5,277.3,0.818,276.0,0.7909999999999999,277.0,0.8359999999999999,275.2,0.003,13.7,2.0,3.0,0.0,20.08,0.0,-1.45,0.0,-0.005,-0.0069999999999999,-0.005,-0.006,0.0,-0.004,-0.005,0.0,0.508,-0.005,-0.4479999999999999,0.2789999999999999,0.0,17.76,17.72,17.77,84.09999999999998,17.63,17.52,18.23,0.001,0.0,0.001,0.0,10.0,10.0,10.0,8.0,0.0,0.0,0.0,0.0,0.0,17.52,17.57,0.0,0.0,0.0,0.0,0.0,0.0,59.95,6000.0,-1.483,-0.2,2.0,0.0,0.2,0.2,-0.0379999999999999,18.38,18.16,17.93,18.25,18.29,18.28,17.82,18.08,18.33,18.27,17.94,18.27,19.01,18.94,29.0,29.0,37.0,17.6,0.0,316.4,27.77,2.0,3.517,-1.0,0.7329999999999999,1.5,4903
2015-12-24 22:03:00,0.0,0.0,0.0,0.0,0.0,0.0,2.0,289769.0,32.0,0.0,75.59999999999998,59.5,60.0,-0.1019999999999999,9462.0,1374.0,1379.0,298603.0,-0.0759999999999999,-0.022,0.107,-0.923,0.032,0.083,1.0,0.657,274.0,276.0,277.8,277.5,0.818,276.0,0.7909999999999999,277.0,0.8359999999999999,275.8,0.003,13.5,2.0,3.0,0.0,20.08,0.0,-1.8,0.0,-0.004,-0.005,-0.004,-0.005,0.0,-0.003,-0.003,0.2089999999999999,0.677,-0.003,-0.231,0.2789999999999999,0.001,17.76,17.77,17.87,-6.57,17.66,17.56,18.28,0.001,0.0,0.0,-0.001,10.0,10.0,10.0,8.0,0.0,0.0,0.0,0.0,0.0,18.28,18.37,0.0,0.0,0.0,0.0,0.0,0.0,59.95,6000.0,-1.567,-0.2,2.0,0.0,0.2,0.2,-0.0379999999999999,18.41,18.2,17.98,18.29,18.34,18.31,17.86,18.14,18.36,18.32,18.0,18.32,19.02,18.98,29.0,29.0,37.0,17.63,0.0,291.0,32.49,2.0,3.516,-1.0,0.8329999999999999,1.5,4903
2015-12-24 22:04:00,0.0,0.0,0.0,0.0,0.0,0.0,2.0,289769.0,32.0,0.0,75.59999999999998,59.5,60.0,-0.105,9462.0,1374.0,1379.0,298603.0,-0.0759999999999999,-0.025,0.11,-0.923,0.032,0.083,1.0,0.637,274.0,276.0,277.8,277.8,0.818,276.1,0.7909999999999999,277.0,0.8359999999999999,276.0,0.003,13.7,2.0,3.0,0.0,20.08,0.0,-1.3,0.0,-0.003,-0.003,-0.003,-0.003,0.0,-0.003,-0.003,0.0,0.508,-0.003,-0.44,0.2789999999999999,0.0,17.76,17.86,17.85,10.82,17.71,17.66,18.35,0.0,0.0,0.0,0.0,10.0,10.0,10.0,8.0,0.0,0.0,0.0,0.0,0.0,17.35,17.77,0.0,0.0,0.0,0.0,0.0,0.0,59.96,6000.0,-1.283,-0.2,2.0,0.0,0.2,0.2,-0.0379999999999999,18.45,18.24,18.01,18.32,18.36,18.34,17.89,18.19,18.41,18.37,18.05,18.36,19.04,18.93,29.0,29.0,37.0,17.66,0.0,285.3,78.23999999999998,2.0,3.516,-1.0,0.535,1.3,4903
2015-12-24 22:05:00,0.0,0.0,0.0,0.0,0.0,0.0,2.0,289769.0,32.0,0.0,75.59999999999998,59.5,60.0,-0.105,9462.0,1374.0,1379.0,298603.0,-0.0759999999999999,-0.018,0.118,-0.923,0.032,0.083,1.0,0.6629999999999999,274.0,276.0,277.9,277.9,0.818,276.0,0.7909999999999999,277.0,0.8359999999999999,276.0,0.003,13.7,2.0,3.0,0.0,20.08,0.0,-1.267,0.0,-0.003,-0.003,-0.002,-0.002,0.0,-0.002,-0.002,0.0,0.508,-0.003,-0.451,0.2789999999999999,0.0,17.83,17.87,17.89,-78.70999999999998,17.77,17.66,18.35,0.001,-0.001,0.0,-0.001,10.0,10.0,10.0,8.0,0.0,0.0,0.0,0.0,0.0,17.3,17.75,0.0,0.0,0.0,0.0,0.0,0.0,59.94,6000.0,-1.3,-0.2,2.0,0.0,0.2,0.2,-0.0379999999999999,18.49,18.28,18.06,18.34,18.37,18.36,17.92,18.23,18.43,18.4,18.09,18.4,19.04,18.93,29.0,29.0,37.0,17.7,0.0,301.3,36.65,2.0,3.516,-1.0,0.5999999999999999,1.3,4903
2015-12-24 22:06:00,0.0,0.0,0.0,0.0,0.0,0.0,2.0,289769.0,32.0,0.0,75.59999999999998,59.5,60.0,-0.103,9462.0,1374.0,1379.0,298603.0,-0.0759999999999999,-0.0279999999999999,0.103,-0.923,0.032,0.083,1.0,0.622,274.3,276.3,278.0,278.0,0.818,276.8,0.7909999999999999,277.0,0.8359999999999999,276.0,0.003,13.7,2.0,3.0,0.0,20.08,0.0,-1.35,0.0,-0.002,-0.003,-0.001,-0.002,0.0,-0.002,-0.002,0.0,0.508,-0.001,-0.44,0.2789999999999999,0.0,17.86,17.94,17.93,95.2,17.76,17.68,18.38,0.001,0.0,0.0,0.0,10.0,10.0,10.0,8.0,0.0,0.0,0.0,0.0,0.0,17.91,18.18,0.0,0.0,0.0,0.0,0.0,0.0,59.95,6000.0,-1.3330000000000002,-0.2,2.0,0.0,0.2,0.2,-0.0379999999999999,18.5,18.3,18.08,18.37,18.42,18.38,17.94,18.27,18.45,18.43,18.11,18.42,19.05,18.95,29.0,29.0,37.0,17.72,0.0,311.0,36.39,2.0,3.517,-1.0,0.5329999999999999,1.3,4903
2015-12-24 22:07:00,0.0,0.0,0.0,0.0,0.0,0.0,2.0,289769.0,32.0,0.0,75.59999999999998,59.5,60.0,-0.1019999999999999,9462.0,1374.0,1379.0,298603.0,-0.0759999999999999,-0.022,0.107,-0.923,0.032,0.083,1.0,0.6169999999999999,274.5,276.5,278.0,278.0,0.818,276.9,0.7909999999999999,277.0,0.8359999999999999,276.0,0.003,13.7,2.0,3.0,0.0,20.08,0.0,-1.167,0.0,-0.002,-0.002,-0.001,-0.002,0.0,-0.002,-0.002,0.0,0.508,0.0,-0.4589999999999999,0.2789999999999999,0.0,17.86,17.99,17.94,112.4,17.88,17.66,18.41,0.001,0.0,0.0,0.0,10.0,10.0,10.0,8.0,0.0,0.0,0.0,0.0,0.0,18.98,19.2,0.0,0.0,0.0,0.0,0.0,0.0,59.95,6000.0,-1.25,-0.2,2.0,0.0,0.2,0.2,-0.0379999999999999,18.52,18.31,18.1,18.39,18.41,18.4,17.97,18.29,18.46,18.45,18.14,18.43,19.05,18.94,29.0,29.0,37.0,17.74,0.0,97.0,85.59999999999998,2.0,3.517,-1.0,0.373,0.5999999999999999,4903
2015-12-24 22:08:00,0.0,0.0,0.0,0.0,0.0,0.0,2.0,289769.0,32.0,0.0,75.59999999999998,59.5,60.0,-0.11,9462.0,1374.0,1379.0,298603.0,-0.0759999999999999,-0.0149999999999999,0.103,-0.923,0.032,0.083,1.0,0.6099999999999999,274.5,276.5,278.0,278.0,0.818,276.9,0.7909999999999999,277.0,0.8359999999999999,276.0,0.003,13.56,2.0,1.0,0.0,20.08,0.0,-1.3330000000000002,0.0,-0.002,0.0,-0.001,-0.001,0.0,-0.002,-0.002,0.131,0.6169999999999999,0.0,-0.309,0.278,0.001,17.88,17.92,17.97,-42.24,17.87,17.72,18.43,0.0,-0.001,0.001,0.0,10.0,10.0,10.0,8.0,0.0,0.0,0.0,0.0,0.0,18.18,18.25,0.0,0.0,0.0,0.0,0.0,0.0,59.95,6000.0,-1.317,-0.2,2.0,0.0,0.2,0.2,-0.0379999999999999,18.53,18.32,18.11,18.41,18.43,18.42,17.99,18.3,18.45,18.46,18.15,18.45,19.05,18.95,29.0,29.0,37.0,17.77,0.0,229.1,28.9,2.0,3.517,-1.0,0.452,1.0,4903
2015-12-24 22:09:00,0.0,0.0,0.0,0.0,0.0,0.0,2.0,289769.0,32.0,0.0,75.59999999999998,59.5,60.0,-0.103,9462.0,1374.0,1379.0,298603.0,-0.0759999999999999,-0.025,0.105,-0.923,0.032,0.083,1.0,0.6099999999999999,274.4,276.4,278.0,278.0,0.818,277.0,0.7909999999999999,277.0,0.8359999999999999,276.0,0.004,13.7,2.0,3.0,0.0,20.08,0.0,-1.7,0.0,-0.002,0.0,-0.002,-0.002,0.0,-0.002,-0.002,0.0,0.508,0.0,-0.455,0.2789999999999999,0.0,17.92,18.04,17.97,389.4,17.9,17.76,18.44,0.001,-0.001,0.001,0.0,10.0,10.0,10.0,8.0,0.0,0.0,0.0,0.0,0.0,18.31,18.53,0.0,0.0,0.0,0.0,0.0,0.0,59.95,6000.0,-1.55,-0.2,2.0,0.0,0.2,0.2,-0.0379999999999999,18.54,18.33,18.12,18.42,18.44,18.44,18.0,18.31,18.47,18.46,18.16,18.45,19.04,18.96,29.0,29.0,37.0,17.79,0.0,278.9,72.12,2.0,3.518,-1.0,0.362,0.8,4903
2015-12-24 22:10:00,0.0,0.0,0.0,0.0,0.0,0.0,2.0,289769.0,32.0,0.0,75.59999999999998,59.5,60.0,-0.1019999999999999,9462.0,1374.0,1379.0,298603.0,-0.0759999999999999,-0.02,0.108,-0.923,0.032,0.083,1.0,0.5999999999999999,274.7,276.7,278.0,278.0,0.818,277.0,0.7909999999999999,277.0,0.8359999999999999,276.0,0.003,13.7,2.0,3.0,0.0,20.08,0.0,-1.517,0.0,-0.001,0.0,-0.001,-0.002,0.0,-0.002,-0.002,0.0,0.508,0.0,-0.4379999999999999,0.2789999999999999,0.0,17.96,18.02,18.09,62.86,17.88,17.77,18.44,0.0,-0.001,0.001,0.0,10.0,10.0,10.0,8.0,0.0,0.0,0.0,0.0,0.0,17.33,17.63,0.0,0.0,0.0,0.0,0.0,0.0,59.96,6000.0,-1.383,-0.2,2.0,0.0,0.2,0.2,-0.0379999999999999,18.55,18.33,18.12,18.44,18.45,18.45,18.02,18.33,18.46,18.47,18.17,18.45,19.03,18.96,29.0,29.0,37.0,17.8,0.0,223.2,32.53,2.0,3.517,-1.0,0.375,0.5999999999999999,4903
2015-12-24 22:11:00,0.0,0.0,0.0,0.0,0.0,0.0,2.0,289769.0,32.0,0.0,75.59999999999998,59.5,60.0,-0.105,9462.0,1374.0,1379.0,298603.0,-0.0759999999999999,-0.023,0.11,-0.923,0.032,0.083,1.0,0.62,274.4,276.4,278.0,278.0,0.818,277.0,0.7909999999999999,277.0,0.8359999999999999,276.0,0.003,13.7,2.0,3.0,0.0,20.08,0.0,-1.05,0.0,-0.001,0.0,-0.002,-0.002,0.0,-0.002,-0.002,0.0,0.508,0.0,-0.4629999999999999,0.2789999999999999,0.0,17.96,17.98,18.05,,17.94,17.79,18.44,0.001,0.0,0.001,-0.001,10.0,10.0,10.0,8.0,0.0,0.0,0.0,0.0,0.0,18.68,18.92,0.0,0.0,0.0,0.0,0.0,0.0,59.95,6000.0,-1.3330000000000002,-0.2,2.0,0.0,0.2,0.2,-0.0379999999999999,18.55,18.33,18.13,18.46,18.43,18.46,18.04,18.33,18.47,18.49,18.18,18.46,19.03,18.97,29.0,29.0,37.0,17.81,0.0,301.4,24.65,2.0,3.517,-1.0,0.5429999999999999,0.9,4903
2015-12-24 22:12:00,0.0,0.0,0.0,0.0,0.0,0.0,2.0,289769.0,32.0,0.0,75.59999999999998,59.5,60.0,-0.1,9462.0,1374.0,1379.0,298603.0,-0.0759999999999999,-0.027,0.11,-0.923,0.032,0.083,1.0,0.5969999999999999,274.7,276.7,278.0,278.0,0.818,277.0,0.7909999999999999,277.0,0.8359999999999999,276.0,0.003,13.7,2.0,3.0,0.0,20.08,0.0,-1.4169999999999998,0.0,-0.002,0.0,-0.001,-0.002,0.0,-0.003,-0.003,0.0,0.508,0.0,-0.442,0.2789999999999999,0.0,17.96,18.0,18.05,280.2,17.95,17.85,18.44,0.001,-0.001,0.0,0.0,10.0,10.0,10.0,8.0,0.0,0.0,0.0,0.0,0.0,17.61,18.0,0.0,0.0,0.0,0.0,0.0,0.0,59.96,6000.0,-1.533,-0.2,2.0,0.0,0.2,0.2,-0.0379999999999999,18.56,18.33,18.13,18.47,18.42,18.46,18.05,18.34,18.48,18.49,18.19,18.46,19.01,18.95,29.0,29.0,37.0,17.82,0.0,328.6,43.22,2.0,3.517,-1.0,0.4079999999999999,1.0,4903
2015-12-24 22:13:00,0.0,0.0,0.0,0.0,0.0,0.0,2.0,289769.0,32.0,0.0,75.59999999999998,59.5,60.0,-0.103,9462.0,1374.0,1379.0,298603.0,-0.0759999999999999,-0.022,0.113,-0.923,0.032,0.083,1.0,0.5929999999999999,274.8,276.8,278.0,278.0,0.818,277.0,0.7909999999999999,277.0,0.8359999999999999,276.0,0.002,13.7,2.0,1.0,0.0,20.08,0.0,-1.25,0.0,-0.001,0.0,-0.001,-0.002,0.0,-0.003,-0.002,0.1669999999999999,0.628,0.0,-0.256,0.2789999999999999,0.001,17.96,18.08,18.08,112.7,17.98,17.85,18.44,0.001,-0.001,0.0,0.0,10.0,10.0,10.0,8.0,0.0,0.0,0.0,0.0,0.0,17.55,18.0,0.0,0.0,0.0,0.0,0.0,0.0,59.95,6000.0,-1.3330000000000002,-0.2,2.0,0.0,0.2,0.2,-0.0379999999999999,18.57,18.34,18.14,18.48,18.43,18.47,18.06,18.35,18.48,18.49,18.2,18.47,19.02,18.94,29.0,29.0,37.0,17.82,0.0,354.1,63.59,2.0,3.517,-1.0,0.203,0.5,4903
2015-12-24 22:14:00,0.0,0.0,0.0,0.0,0.0,0.0,2.0,289769.0,32.0,0.0,75.59999999999998,59.5,60.0,-0.107,9462.0,1374.0,1379.0,298603.0,-0.0759999999999999,-0.0149999999999999,0.11,-0.923,0.032,0.083,1.0,0.592,274.9,276.9,278.0,278.0,0.818,277.0,0.7909999999999999,277.0,0.8359999999999999,276.0,0.004,13.53,2.0,1.0,0.0,20.08,0.0,-1.183,0.0,-0.002,0.0,-0.001,-0.002,0.0,-0.003,-0.003,0.0,0.508,0.0,-0.417,0.2789999999999999,0.001,17.96,18.12,18.05,46.79,17.97,17.89,18.44,0.001,-0.001,0.001,0.0,10.0,10.0,10.0,8.0,0.0,0.0,0.0,0.0,0.0,17.55,17.82,0.0,0.0,0.0,0.0,0.0,0.0,59.96,6000.0,-1.25,-0.2,2.0,0.0,0.2,0.2,-0.0379999999999999,18.58,18.34,18.14,18.48,18.42,18.47,18.06,18.35,18.48,18.5,18.2,18.47,19.02,18.93,29.0,29.0,37.0,17.82,0.0,295.1,25.44,2.0,3.516,-1.0,0.695,1.4,4903
2015-12-24 22:15:00,0.0,0.0,0.0,0.0,0.0,0.0,2.0,289769.0,32.0,0.0,75.59999999999998,59.5,60.0,-0.105,9462.0,1374.0,1379.0,298603.0,-0.0759999999999999,-0.0299999999999999,0.103,-0.923,0.032,0.083,1.0,0.587,275.0,277.0,278.0,278.0,0.818,277.0,0.7909999999999999,277.0,0.8359999999999999,276.0,0.003,13.7,2.0,3.0,0.0,20.08,0.0,-1.717,0.0,-0.002,0.0,-0.002,-0.003,0.0,-0.002,-0.003,0.0,0.508,0.0,-0.436,0.2789999999999999,0.0,17.96,18.05,18.05,14.23,17.97,17.87,18.44,0.001,-0.001,0.0,0.0,10.0,10.0,10.0,8.0,0.0,0.0,0.0,0.0,0.0,18.17,18.4,0.0,0.0,0.0,0.0,0.0,0.0,59.95,6000.0,-1.5830000000000002,-0.2,2.0,0.0,0.2,0.2,-0.0379999999999999,18.58,18.35,18.14,18.48,18.42,18.47,18.06,18.35,18.48,18.49,18.2,18.47,19.03,18.93,29.0,29.0,37.0,17.82,0.0,315.9,87.4,2.0,3.516,-1.0,0.367,1.0,4903
2015-12-24 22:16:00,0.0,0.0,0.0,0.0,0.0,0.0,2.0,289769.0,32.0,0.0,75.59999999999998,59.5,60.0,-0.105,9462.0,1374.0,1379.0,298603.0,-0.0759999999999999,-0.023,0.1019999999999999,-0.923,0.032,0.083,1.0,0.667,274.2,276.2,277.3,277.3,0.818,276.2,0.7909999999999999,276.3,0.8359999999999999,275.3,0.003,13.7,2.0,3.0,0.0,20.08,0.0,-1.65,0.0,-0.002,0.0,-0.002,-0.003,0.0,-0.003,-0.003,0.0,0.508,0.0,-0.4479999999999999,0.2789999999999999,0.0,17.96,18.08,18.07,168.8,17.95,17.87,18.44,0.001,0.0,0.0,0.0,10.0,10.0,10.0,8.0,0.0,0.0,0.0,0.0,0.0,17.85,17.98,0.0,0.0,0.0,0.0,0.0,0.0,59.96,6000.0,-1.533,-0.2,2.0,0.0,0.2,0.2,-0.0379999999999999,18.58,18.33,18.14,18.48,18.42,18.46,18.06,18.34,18.47,18.48,18.19,18.46,19.04,18.96,29.0,29.0,37.0,17.82,0.0,243.0,49.02,2.0,3.517,-1.0,0.4179999999999999,0.9,4903
2015-12-24 22:17:00,0.0,0.0,0.0,0.0,0.0,0.0,2.0,289769.0,32.0,0.0,75.59999999999998,59.5,60.0,-0.103,9462.0,1374.0,1379.0,298603.0,-0.0759999999999999,-0.023,0.1,-0.924,0.032,0.0819999999999999,1.0,0.692,274.0,276.0,277.0,277.0,0.818,276.0,0.7909999999999999,276.0,0.8359999999999999,275.0,0.003,13.7,2.0,3.0,0.0,20.08,0.0,-1.65,0.0,-0.002,0.0,-0.002,-0.002,0.0,-0.003,-0.003,0.0,0.508,0.0,-0.444,0.2789999999999999,0.0,17.96,18.08,18.08,60.16,17.93,17.85,18.44,0.001,-0.001,0.0,0.0,10.0,10.0,10.0,8.0,0.0,0.0,0.0,0.0,0.0,17.53,17.68,0.0,0.0,0.0,0.0,0.0,0.0,59.95,6000.0,-1.533,-0.2,2.0,0.0,0.2,0.2,-0.0379999999999999,18.57,18.34,18.13,18.49,18.41,18.47,18.07,18.33,18.47,18.48,18.18,18.47,19.02,18.95,29.0,29.0,37.0,17.82,0.0,266.6,41.41,2.0,3.517,-1.0,0.397,0.5999999999999999,4903
2015-12-24 22:18:00,0.0,0.0,0.0,0.0,0.0,0.0,2.0,289769.0,32.0,0.0,75.59999999999998,59.5,60.0,-0.1019999999999999,9462.0,1374.0,1379.0,298603.0,-0.0759999999999999,-0.012,0.098,-0.924,0.032,0.083,1.0,0.695,274.0,276.0,277.0,277.0,0.818,276.0,0.7909999999999999,276.0,0.8359999999999999,275.0,0.003,13.7,2.0,3.0,0.0,20.08,0.0,-1.45,0.0,-0.002,-0.001,-0.002,-0.003,0.0,-0.003,-0.003,0.0,0.508,0.0,-0.451,0.2789999999999999,0.0,17.96,18.04,18.08,112.5,17.97,17.89,18.44,0.001,-0.001,0.001,0.0,10.0,10.0,10.0,8.0,0.0,0.0,0.0,0.0,0.0,17.65,17.83,0.0,0.0,0.0,0.0,0.0,0.0,59.96,6000.0,-1.383,-0.2,2.0,0.0,0.2,0.2,-0.0379999999999999,18.57,18.33,18.13,18.49,18.41,18.48,18.07,18.33,18.45,18.48,18.17,18.47,19.02,18.92,29.0,29.0,37.0,17.82,0.0,357.4,57.85,2.0,3.517,-1.0,0.2129999999999999,0.5,4903
2015-12-24 22:19:00,0.0,0.0,0.0,0.0,0.0,0.0,2.0,289769.0,32.0,0.0,75.59999999999998,59.5,60.0,-0.103,9462.0,1374.0,1379.0,298603.0,-0.0759999999999999,-0.017,0.1,-0.924,0.032,0.083,1.0,0.682,274.0,276.0,277.0,277.0,0.818,276.0,0.7909999999999999,276.0,0.8359999999999999,275.0,0.003,13.52,2.0,1.0,0.0,20.08,0.0,-1.467,0.0,-0.002,-0.001,-0.002,-0.003,0.0,-0.003,-0.003,0.203,0.677,0.0,-0.22,0.278,0.001,17.96,18.05,18.08,,17.92,17.82,18.44,0.001,0.0,0.0,0.0,10.0,10.0,10.0,8.0,0.0,0.0,0.0,0.0,0.0,16.37,16.37,0.0,0.0,0.0,0.0,0.0,0.0,59.97,6000.0,-1.467,-0.2,2.0,0.0,0.2,0.2,-0.0379999999999999,18.57,18.32,18.12,18.49,18.43,18.47,18.06,18.31,18.45,18.46,18.16,18.47,19.03,18.91,29.0,29.0,37.0,17.81,0.0,273.6,100.2,2.0,3.517,-1.0,0.2099999999999999,0.4,4903
2015-12-24 22:20:00,0.0,0.0,0.0,0.0,0.0,0.0,2.0,289769.0,32.0,0.0,75.59999999999998,59.5,60.0,-0.1019999999999999,9462.0,1374.0,1379.0,298603.0,-0.0759999999999999,-0.025,0.1,-0.924,0.032,0.083,1.0,0.69,274.0,276.0,277.0,277.0,0.818,276.0,0.7909999999999999,276.0,0.8359999999999999,275.0,0.003,13.7,2.0,3.0,0.0,20.08,0.0,-1.317,0.0,-0.003,-0.002,-0.002,-0.003,0.0,-0.002,-0.003,0.0,0.508,0.0,-0.4739999999999999,0.2789999999999999,0.0,17.96,18.03,18.05,130.3,17.97,17.85,18.44,0.001,0.0,0.001,0.0,10.0,10.0,10.0,8.0,0.0,0.0,0.0,0.0,0.0,16.93,17.22,0.0,0.0,0.0,0.0,0.0,0.0,59.96,6000.0,-1.4169999999999998,-0.2,2.0,0.0,0.2,0.2,-0.0379999999999999,18.57,18.32,18.12,18.49,18.41,18.47,18.06,18.32,18.46,18.47,18.17,18.48,19.03,18.94,29.0,29.0,37.0,17.81,0.0,30.07,49.48,2.0,3.517,-1.0,0.252,0.5999999999999999,4903
2015-12-24 22:21:00,0.0,0.0,0.0,0.0,0.0,0.0,2.0,289769.0,32.0,0.0,75.59999999999998,59.5,60.0,-0.1,9462.0,1374.0,1379.0,298603.0,-0.0759999999999999,-0.023,0.1,-0.924,0.032,0.083,1.0,0.697,274.0,276.0,277.0,277.0,0.818,276.0,0.7909999999999999,276.0,0.8359999999999999,275.0,0.003,13.7,2.0,3.0,0.0,20.08,0.0,-1.2,0.0,-0.003,-0.003,-0.002,-0.003,0.0,-0.003,-0.004,0.0,0.508,0.0,-0.457,0.2789999999999999,0.0,17.96,18.0,18.06,33.74,17.95,17.87,18.44,0.001,0.0,0.001,0.0,10.0,10.0,10.0,8.0,0.0,0.0,0.0,0.0,0.0,16.46,16.6,0.0,0.0,0.0,0.0,0.0,0.0,59.96,6000.0,-1.217,-0.2,2.0,0.0,0.2,0.2,-0.0379999999999999,18.57,18.32,18.11,18.48,18.41,18.46,18.06,18.31,18.45,18.46,18.16,18.48,19.03,18.93,29.0,29.0,37.0,17.81,0.0,305.2,31.35,2.0,3.517,-1.0,0.417,0.8,4903
2015-12-24 22:22:00,0.0,0.0,0.0,0.0,0.0,0.0,2.0,289769.0,32.0,0.0,75.59999999999998,59.5,60.0,-0.1,9462.0,1374.0,1379.0,298603.0,-0.0759999999999999,-0.0149999999999999,0.098,-0.924,0.032,0.083,1.0,0.717,274.0,276.0,277.0,277.0,0.818,276.0,0.7909999999999999,276.0,0.8359999999999999,275.0,0.003,13.7,2.0,3.0,0.0,20.08,0.0,-1.5830000000000002,0.0,-0.003,-0.003,-0.002,-0.003,0.0,-0.003,-0.004,0.0,0.508,0.0,-0.446,0.2789999999999999,0.0,17.96,18.07,18.1,32.37,17.92,17.87,18.44,0.001,-0.001,0.001,0.0,10.0,10.0,10.0,8.0,0.0,0.0,0.0,0.0,0.0,16.9,16.97,0.0,0.0,0.0,0.0,0.0,0.0,59.96,6000.0,-1.5,-0.2,2.0,0.0,0.2,0.2,-0.0379999999999999,18.59,18.33,18.12,18.49,18.42,18.46,18.06,18.32,18.47,18.47,18.17,18.49,19.02,18.96,29.0,29.0,37.0,17.82,0.0,289.7,44.76,2.0,3.517,-1.0,0.753,1.2,4903
2015-12-24 22:23:00,0.0,0.0,0.0,0.0,0.0,0.0,2.0,289769.0,32.0,0.0,75.59999999999998,59.5,60.0,-0.103,9462.0,1374.0,1379.0,298603.0,-0.0759999999999999,-0.023,0.098,-0.923,0.032,0.083,1.0,0.7049999999999998,274.0,276.0,277.0,277.0,0.818,276.0,0.7909999999999999,276.0,0.8359999999999999,275.0,0.003,13.7,2.0,3.0,0.0,20.08,0.0,-1.433,0.0,-0.003,-0.001,-0.003,-0.003,0.0,-0.003,-0.003,0.0,0.508,0.0,-0.457,0.2789999999999999,0.0,17.96,18.1,18.05,110.2,18.0,17.85,18.44,0.001,-0.001,0.0,-0.001,10.0,10.0,10.0,8.0,0.0,0.0,0.0,0.0,0.0,16.13,16.33,0.0,0.0,0.0,0.0,0.0,0.0,59.95,6000.0,-1.383,-0.2,2.0,0.0,0.2,0.2,-0.0379999999999999,18.59,18.33,18.12,18.48,18.41,18.46,18.05,18.32,18.47,18.48,18.17,18.49,19.04,18.99,29.0,29.0,37.0,17.82,0.0,301.3,35.9,2.0,3.516,-1.0,0.5429999999999999,1.1,4903
2015-12-24 22:24:00,0.0,0.0,0.0,0.0,0.0,0.0,2.0,289769.0,32.0,0.0,75.59999999999998,59.5,60.0,-0.107,9462.0,1374.0,1379.0,298603.0,-0.0759999999999999,-0.0279999999999999,0.095,-0.923,0.032,0.083,1.0,0.717,274.0,276.0,277.0,277.0,0.818,276.0,0.7909999999999999,276.1,0.8359999999999999,275.0,-0.006,13.44,2.0,1.0,0.0,20.08,0.0,-1.383,0.0,-0.003,0.0,-0.003,-0.003,0.0,-0.003,-0.003,0.125,0.6069999999999999,0.0,-0.33,0.278,0.001,17.96,18.08,18.08,251.9,17.97,17.87,18.44,0.0,0.0,0.001,0.0,10.0,10.0,10.0,8.0,0.0,0.0,0.0,0.0,0.0,14.88,15.2,0.0,0.0,0.0,0.0,0.0,0.0,59.96,6000.0,-1.3330000000000002,-0.2,2.0,0.0,0.2,0.2,-0.0379999999999999,18.59,18.33,18.12,18.49,18.41,18.46,18.06,18.32,18.46,18.47,18.17,18.5,19.04,18.99,29.0,29.0,37.0,17.83,0.0,275.2,78.23999999999998,2.0,3.517,-1.0,0.2129999999999999,0.5,4903
2015-12-24 22:25:00,0.0,0.0,0.0,0.0,0.0,0.0,2.0,289769.0,32.0,0.0,75.59999999999998,59.5,60.0,-0.103,9462.0,1374.0,1379.0,298603.0,-0.0759999999999999,-0.033,0.1,-0.924,0.032,0.083,1.0,0.7079999999999999,274.0,276.0,277.0,277.0,0.818,276.0,0.7909999999999999,276.1,0.8359999999999999,275.0,0.0149999999999999,13.44,2.0,3.0,0.0,20.08,0.0,-1.233,0.0,-0.003,0.0,-0.003,-0.004,0.0,-0.003,-0.003,0.0,0.508,0.0,-0.4529999999999999,0.28,0.001,17.96,18.04,18.08,146.2,17.88,17.85,18.44,0.001,-0.001,0.001,0.0,10.0,10.0,10.0,8.0,0.0,0.0,0.0,0.0,0.0,14.08,14.02,0.0,0.0,0.0,0.0,0.0,0.0,59.96,6000.0,-1.283,-0.2,2.0,0.0,0.2,0.2,-0.0379999999999999,18.59,18.32,18.11,18.48,18.44,18.45,18.05,18.31,18.46,18.46,18.16,18.49,19.05,18.99,28.93,29.0,37.0,17.81,0.0,23.78,42.03,2.0,3.517,-1.0,0.763,1.2,4903
2015-12-24 22:26:00,0.0,0.0,0.0,0.0,0.0,0.0,2.0,289769.0,32.0,0.0,75.59999999999998,59.5,60.0,-0.103,9462.0,1374.0,1379.0,298603.0,-0.0759999999999999,-0.025,0.098,-0.923,0.032,0.083,1.0,0.707,274.0,276.0,277.0,277.0,0.818,276.0,0.7909999999999999,276.2,0.8359999999999999,275.0,0.003,13.7,2.0,3.0,0.0,20.08,0.0,-1.233,0.0,-0.004,0.0,-0.002,-0.004,0.0,-0.002,-0.003,0.0,0.508,0.0,-0.455,0.2789999999999999,0.0,17.96,18.02,18.06,442.2,17.92,17.79,18.44,0.001,-0.001,0.0,0.0,10.0,10.0,10.0,8.0,0.0,0.0,0.0,0.0,0.0,14.86,15.2,0.0,0.0,0.0,0.0,0.0,0.0,59.96,6000.0,-1.283,-0.2,2.0,0.0,0.2,0.2,-0.0379999999999999,18.6,18.33,18.12,18.5,18.48,18.47,18.07,18.31,18.46,18.46,18.17,18.5,19.07,19.0,28.85,29.0,37.0,17.8,0.0,68.86,49.13,2.0,3.517,-1.0,0.812,1.3,4903
2015-12-24 22:27:00,0.0,0.0,0.0,0.0,0.0,0.0,2.0,289769.0,32.0,0.0,75.59999999999998,59.5,60.0,-0.1019999999999999,9462.0,1374.0,1379.0,298603.0,-0.0759999999999999,-0.025,0.1,-0.923,0.032,0.083,1.0,0.698,274.0,276.0,277.0,277.0,0.818,276.0,0.7909999999999999,276.0,0.8359999999999999,275.0,0.003,13.7,2.0,3.0,0.0,20.08,0.0,-1.067,0.0,-0.003,0.0,-0.002,-0.003,0.0,-0.001,-0.002,0.0,0.508,0.0,-0.4379999999999999,0.2789999999999999,0.0,17.99,18.1,18.07,-4.435,17.97,17.85,18.44,0.001,-0.001,0.001,0.0,10.0,10.0,10.0,8.0,0.0,0.0,0.0,0.0,0.0,15.41,16.0,0.0,0.0,0.0,0.0,0.0,0.0,59.96,6000.0,-1.167,-0.2,2.0,0.0,0.2,0.2,-0.0379999999999999,18.63,18.38,18.16,18.53,18.56,18.51,18.11,18.33,18.48,18.49,18.18,18.53,19.14,19.14,28.97,29.0,37.0,17.84,0.0,184.1,26.29,2.0,3.518,-1.0,1.332,2.2,4903
2015-12-24 22:28:00,0.0,0.0,0.0,0.0,0.0,0.0,2.0,289769.0,32.0,0.0,75.59999999999998,59.5,60.0,-0.1019999999999999,9462.0,1374.0,1379.0,298603.0,-0.0759999999999999,-0.0149999999999999,0.1,-0.924,0.032,0.083,1.0,0.688,274.0,276.0,277.0,277.0,0.818,276.0,0.7909999999999999,276.0,0.8359999999999999,275.0,0.003,13.7,2.0,3.0,0.0,20.08,0.0,-1.183,0.0,-0.002,0.0,-0.002,-0.003,0.0,-0.001,-0.001,0.0,0.508,0.0,-0.457,0.2789999999999999,0.0,18.05,18.12,18.13,22.4,18.05,17.93,18.44,0.001,0.0,0.001,-0.001,10.0,10.0,10.0,8.0,0.0,0.0,0.0,0.0,0.0,15.7,16.03,0.0,0.0,0.0,0.0,0.0,0.0,59.97,6000.0,-1.25,-0.2,2.0,0.0,0.2,0.2,-0.0379999999999999,18.66,18.4,18.19,18.55,18.51,18.54,18.13,18.35,18.52,18.52,18.2,18.56,19.15,19.15,28.93,29.0,37.0,17.88,0.0,218.4,33.21,2.0,3.521,-1.0,0.893,1.5,4903
2015-12-24 22:29:00,0.0,0.0,0.0,0.0,0.0,0.0,2.0,289769.0,32.0,0.0,75.59999999999998,59.5,60.0,-0.105,9462.0,1374.0,1379.0,298603.0,-0.0759999999999999,-0.027,0.098,-0.924,0.032,0.083,1.0,0.707,274.0,276.0,277.0,277.0,0.818,276.0,0.7909999999999999,276.0,0.8359999999999999,275.0,0.003,13.7,2.0,3.0,0.0,20.08,0.0,-1.05,0.0,0.0,0.0,-0.001,-0.002,0.0,0.0,-0.001,0.0,0.508,0.0,-0.4189999999999999,0.2789999999999999,0.0,18.05,18.07,18.18,484.7,18.1,17.93,18.54,0.001,-0.001,0.001,-0.001,10.0,10.0,10.0,8.0,0.0,0.0,0.0,0.0,0.0,17.03,17.3,0.0,0.0,0.0,0.0,0.0,0.0,59.96,6000.0,-1.233,-0.2,2.0,0.0,0.2,0.2,-0.0379999999999999,18.7,18.43,18.21,18.58,18.53,18.56,18.16,18.38,18.54,18.55,18.23,18.59,19.16,19.13,28.93,29.0,37.0,17.91,0.0,263.3,78.68,2.0,3.519,-1.0,0.535,1.4,4903
2015-12-24 22:30:00,0.0,0.0,0.0,0.0,0.0,0.0,2.0,289769.0,32.0,0.0,75.59999999999998,59.5,60.0,-0.103,9462.0,1374.0,1379.0,298603.0,-0.0759999999999999,-0.0149999999999999,0.1019999999999999,-0.924,0.032,0.083,1.0,0.6999999999999998,274.0,276.0,277.0,277.0,0.818,276.0,0.7909999999999999,276.0,0.8359999999999999,275.0,0.003,13.48,2.0,1.0,0.0,20.08,0.0,-1.233,0.0,-0.001,0.0,0.0,-0.002,0.0,0.0,0.0,0.2049999999999999,0.685,0.0,-0.2069999999999999,0.2789999999999999,0.001,18.1,18.18,18.18,83.0,18.05,17.97,18.54,0.001,-0.001,0.001,0.0,10.0,10.0,10.0,8.0,0.0,0.0,0.0,0.0,0.0,18.2,18.22,0.0,0.0,0.0,0.0,0.0,0.0,59.96,6000.0,-1.25,-0.2,2.0,0.0,0.2,0.2,-0.0379999999999999,18.72,18.45,18.23,18.6,18.53,18.58,18.18,18.4,18.55,18.56,18.25,18.61,19.15,19.12,28.8,29.0,37.0,17.93,0.0,232.3,45.12,2.0,3.519,-1.0,0.7299999999999999,1.6,4903
2015-12-24 22:31:00,0.0,0.0,0.0,0.0,0.0,0.0,2.0,289769.0,32.0,0.0,75.59999999999998,59.5,60.0,-0.105,9462.0,1374.0,1379.0,298603.0,-0.0759999999999999,-0.012,0.1,-0.924,0.032,0.083,1.0,0.7179999999999999,274.0,276.0,277.0,277.1,0.818,276.0,0.7909999999999999,276.6,0.8359999999999999,275.0,0.004,13.7,2.0,3.0,0.0,20.08,0.0,-1.7,0.0,-0.001,0.0,0.0,-0.002,0.0,-0.001,0.0,0.0,0.508,0.0,-0.4099999999999999,0.2789999999999999,0.0,18.1,18.19,18.18,268.2,18.07,17.97,18.54,0.001,-0.001,0.0,0.0,10.0,10.0,10.0,8.0,0.0,0.0,0.0,0.0,0.0,17.7,17.97,0.0,0.0,0.0,0.0,0.0,0.0,59.97,6000.0,-1.567,-0.2,2.0,0.0,0.2,0.2,-0.0379999999999999,18.72,18.44,18.22,18.59,18.51,18.58,18.17,18.4,18.56,18.56,18.25,18.61,19.14,19.13,28.08,29.0,37.0,17.93,0.0,235.0,9.85,2.0,3.521,-1.0,1.5630000000000002,2.3,4903
2015-12-24 22:32:00,0.0,0.0,0.0,0.0,0.0,0.0,2.0,289769.0,32.0,0.0,75.59999999999998,59.5,60.0,-0.103,9462.0,1374.0,1379.0,298603.0,-0.0759999999999999,-0.027,0.1,-0.924,0.032,0.083,1.0,0.7079999999999999,274.0,276.0,277.1,277.1,0.818,276.0,0.7909999999999999,277.0,0.8359999999999999,275.1,0.003,13.7,2.0,3.0,0.0,20.08,0.0,-1.433,0.0,-0.001,0.0,0.0,-0.002,0.0,-0.001,-0.001,0.0,0.508,0.0,-0.436,0.2789999999999999,0.0,18.05,18.08,18.14,81.2,18.08,17.97,18.54,0.0,-0.001,0.001,0.0,10.0,10.0,10.0,8.0,0.0,0.0,0.0,0.0,0.0,19.34,19.58,0.0,0.0,0.0,0.0,0.0,0.0,59.97,6000.0,-1.4,-0.2,2.0,0.0,0.2,0.2,-0.0379999999999999,18.71,18.41,18.21,18.58,18.49,18.56,18.16,18.39,18.53,18.55,18.24,18.6,19.14,19.13,28.4,29.0,37.0,17.92,0.0,212.6,21.29,2.0,3.519,-1.0,1.0,1.6,4903
2015-12-24 22:33:00,0.0,0.0,0.0,0.0,0.0,0.0,2.0,289769.0,32.0,0.0,75.59999999999998,59.5,60.0,-0.1019999999999999,9462.0,1374.0,1379.0,298603.0,-0.0769999999999999,-0.023,0.103,-0.924,0.032,0.083,1.0,0.7099999999999999,274.0,276.0,277.5,277.4,0.818,276.0,0.7909999999999999,277.0,0.8359999999999999,275.7,0.003,13.7,2.0,3.0,0.0,20.08,0.0,-1.45,0.0,-0.001,0.0,-0.001,-0.003,0.0,-0.003,-0.002,0.0,0.508,0.0,-0.44,0.2789999999999999,0.0,18.05,18.13,18.14,292.4,18.08,17.92,18.54,0.001,0.0,0.0,0.0,10.0,10.0,10.0,8.0,0.0,0.0,0.0,0.0,0.0,21.04,21.32,0.0,0.0,0.0,0.0,0.0,0.0,59.97,6000.0,-1.483,-0.2,2.0,0.0,0.2,0.2,-0.0379999999999999,18.67,18.38,18.18,18.56,18.49,18.54,18.13,18.36,18.49,18.52,18.2,18.57,19.15,19.14,28.15,29.0,37.0,17.89,0.0,225.0,19.67,2.0,3.519,-1.0,1.028,1.6,4903
2015-12-24 22:34:00,0.0,0.0,0.0,0.0,0.0,0.0,2.0,289769.0,32.0,0.0,75.59999999999998,59.5,60.0,-0.1,9462.0,1374.0,1379.0,298603.0,-0.0769999999999999,-0.025,0.105,-0.924,0.032,0.083,1.0,0.7129999999999999,274.0,276.0,277.8,277.5,0.818,276.0,0.7909999999999999,277.0,0.8359999999999999,275.6,0.003,13.7,2.0,3.0,0.0,20.08,0.0,-1.233,0.0,-0.002,0.0,-0.002,-0.003,0.0,-0.003,-0.003,0.0,0.508,0.0,-0.4529999999999999,0.2789999999999999,0.0,18.04,18.15,18.09,317.6,18.05,17.89,18.49,0.001,0.0,0.001,0.0,10.0,10.0,10.0,8.0,0.0,0.0,0.0,0.0,0.0,19.23,19.47,0.0,0.0,0.0,0.0,0.0,0.0,59.97,6000.0,-1.367,-0.2,2.0,0.0,0.2,0.2,-0.0379999999999999,18.64,18.35,18.15,18.53,18.44,18.51,18.11,18.32,18.46,18.49,18.17,18.55,19.14,19.11,28.18,29.0,37.0,17.87,0.0,235.6,25.73,2.0,3.519,-1.0,0.972,1.6,4903
2015-12-24 22:35:00,0.0,0.0,0.0,0.0,0.0,0.0,2.0,289769.0,32.0,0.0,75.59999999999998,59.5,60.0,-0.1,9462.0,1374.0,1379.0,298603.0,-0.0769999999999999,-0.022,0.1019999999999999,-0.924,0.032,0.083,1.0,0.697,274.0,276.0,278.0,277.8,0.818,276.0,0.7909999999999999,277.0,0.8359999999999999,276.0,0.025,13.7,2.0,1.0,0.0,20.08,0.0,-1.2,0.0,-0.003,0.0,-0.003,-0.004,0.0,-0.004,-0.004,0.332,0.804,0.0,-0.0909999999999999,0.278,0.001,18.04,18.1,18.05,38.17,17.97,17.85,18.44,0.001,-0.001,0.0,0.0,10.0,10.0,10.0,8.0,0.0,0.0,0.0,0.0,0.0,19.14,19.38,0.0,0.0,0.0,0.0,0.0,0.0,59.97,6000.0,-1.283,-0.2,2.0,0.0,0.2,0.2,-0.0379999999999999,18.62,18.33,18.13,18.52,18.44,18.5,18.08,18.3,18.44,18.47,18.15,18.53,19.13,19.1,28.1,29.0,37.0,17.85,0.0,218.1,28.87,2.0,3.519,-1.0,0.8679999999999999,1.4,4903
2015-12-24 22:36:00,0.0,0.0,0.0,0.0,0.0,0.0,2.0,289769.0,32.0,0.0,75.59999999999998,59.5,60.0,-0.1,9462.0,1374.0,1379.0,298603.0,-0.0759999999999999,-0.033,0.0969999999999999,-0.926,0.031,0.0819999999999999,1.0,0.712,274.0,276.0,277.1,277.0,0.818,276.0,0.7909999999999999,276.1,0.8359999999999999,275.0,-0.018,13.61,2.0,1.0,0.0,20.08,0.0,-1.383,0.0,-0.003,0.0,-0.003,-0.005,0.0,-0.005,-0.005,0.017,0.508,0.0,-0.3979999999999999,0.2789999999999999,0.001,17.99,18.1,18.05,176.1,17.97,17.87,18.44,0.001,0.0,0.001,-0.001,10.0,10.0,10.0,8.0,0.0,0.0,0.0,0.0,0.0,17.95,18.17,0.0,0.0,0.0,0.0,0.0,0.0,59.96,6000.0,-1.3330000000000002,-0.2,2.0,0.0,0.2,0.2,-0.0379999999999999,18.6,18.31,18.11,18.51,18.44,18.49,18.08,18.28,18.41,18.45,18.12,18.51,19.13,19.1,28.03,29.0,37.0,17.84,0.0,229.1,18.29,2.0,3.518,-1.0,0.8679999999999999,1.3,4903
2015-12-24 22:37:00,0.0,0.0,0.0,0.0,0.0,0.0,2.0,289769.0,32.0,0.0,75.59999999999998,59.5,60.0,-0.1019999999999999,9462.0,1374.0,1379.0,298603.0,-0.0759999999999999,-0.022,0.093,-0.925,0.031,0.0819999999999999,1.0,0.7199999999999999,274.0,276.0,277.0,277.0,0.818,276.0,0.7909999999999999,276.0,0.8359999999999999,275.0,0.003,13.7,2.0,3.0,0.0,20.08,0.0,-1.033,0.0,-0.004,-0.003,-0.004,-0.006,-0.001,-0.005,-0.005,0.0,0.508,-0.002,-0.436,0.2789999999999999,0.0,17.96,18.05,18.05,227.1,17.97,17.85,18.41,0.001,0.0,0.001,0.0,10.0,10.0,10.0,8.0,0.0,0.0,0.0,0.0,0.0,17.77,18.08,0.0,0.0,0.0,0.0,0.0,0.0,59.97,6000.0,-1.283,-0.2,2.0,0.0,0.2,0.2,-0.0379999999999999,18.58,18.28,18.08,18.49,18.42,18.47,18.05,18.24,18.37,18.4,18.08,18.49,19.13,19.09,28.0,29.0,37.0,17.81,0.0,243.1,37.6,2.0,3.519,-1.0,0.6069999999999999,1.1,4903
2015-12-24 22:38:00,0.0,0.0,0.0,0.0,0.0,0.0,2.0,289769.0,32.0,0.0,75.59999999999998,59.5,60.0,-0.1,9462.0,1374.0,1379.0,298603.0,-0.0759999999999999,-0.018,0.0899999999999999,-0.925,0.031,0.0819999999999999,1.0,0.7249999999999999,274.0,276.0,277.0,277.0,0.818,276.0,0.7909999999999999,276.0,0.8359999999999999,275.0,0.003,13.7,2.0,3.0,0.0,20.08,0.0,-1.083,0.0,-0.005,-0.003,-0.006,-0.0069999999999999,-0.003,-0.006,-0.005,0.0,0.508,-0.003,-0.446,0.2789999999999999,0.0,17.96,18.01,18.05,188.0,17.92,17.79,18.35,0.001,-0.001,0.0,0.0,10.0,10.0,10.0,8.0,0.0,0.0,0.0,0.0,0.0,17.63,18.0,0.0,0.0,0.0,0.0,0.0,0.0,59.98,6000.0,-1.2,-0.2,2.0,0.0,0.2,0.2,-0.0379999999999999,18.56,18.25,18.06,18.46,18.41,18.44,18.03,18.19,18.36,18.37,18.05,18.46,19.11,19.09,28.0,29.0,37.0,17.79,0.0,274.6,28.5,2.0,3.519,-1.0,0.822,1.4,4903
2015-12-24 22:39:00,0.0,0.0,0.0,0.0,0.0,0.0,2.0,289769.0,32.0,0.0,75.59999999999998,59.5,60.0,-0.1,9462.0,1374.0,1379.0,298603.0,-0.0759999999999999,-0.022,0.098,-0.925,0.031,0.083,1.0,0.7129999999999999,274.0,276.0,277.0,277.0,0.818,276.0,0.7909999999999999,276.0,0.8359999999999999,275.0,0.003,13.7,2.0,3.0,0.0,20.08,0.0,-1.2,0.0,-0.0069999999999999,-0.006,-0.006,-0.0069999999999999,-0.003,-0.006,-0.006,0.0,0.508,-0.003,-0.446,0.2789999999999999,0.0,17.86,18.02,17.95,41.31,17.85,17.76,18.35,0.0,-0.001,0.001,0.0,10.0,10.0,10.0,8.0,0.0,0.0,0.0,0.0,0.0,17.67,18.0,0.0,0.0,0.0,0.0,0.0,0.0,59.96,6000.0,-1.4,-0.2,2.0,0.0,0.2,0.2,-0.0379999999999999,18.54,18.25,18.05,18.43,18.38,18.42,18.0,18.17,18.35,18.36,18.02,18.43,19.11,19.1,28.0,29.0,37.0,17.75,0.0,218.6,43.15,2.0,3.519,-1.0,0.787,1.4,4903
2015-12-24 22:40:00,0.0,0.0,0.0,0.0,0.0,0.0,2.0,289769.0,32.0,0.0,75.59999999999998,59.5,60.0,-0.105,9462.0,1374.0,1379.0,298603.0,-0.0759999999999999,-0.0299999999999999,0.098,-0.924,0.032,0.083,1.0,0.7049999999999998,274.0,276.0,277.0,277.0,0.818,276.0,0.7909999999999999,276.0,0.8359999999999999,275.0,0.003,13.7,2.0,3.0,0.0,20.08,0.0,-1.55,0.0,-0.008,-0.0069999999999999,-0.0069999999999999,-0.008,-0.003,-0.008,-0.008,0.0,0.508,-0.005,-0.4479999999999999,0.2789999999999999,0.0,17.83,17.89,17.95,19.8,17.84,17.66,18.31,0.001,-0.001,0.0,0.0,10.0,10.0,10.0,8.0,0.0,0.0,0.0,0.0,0.0,16.82,16.95,0.0,0.0,0.0,0.0,0.0,0.0,59.97,6000.0,-1.467,-0.2,2.0,0.0,0.2,0.2,-0.0379999999999999,18.48,18.19,18.0,18.37,18.31,18.36,17.94,18.12,18.29,18.29,17.97,18.38,19.11,19.1,28.0,29.0,37.0,17.7,0.0,228.0,48.41,2.0,3.519,-1.0,0.522,1.3,4903
2015-12-24 22:41:00,0.0,0.0,0.0,0.0,0.0,0.0,2.0,289769.0,32.0,0.0,75.59999999999998,59.5,60.0,-0.108,9462.0,1374.0,1379.0,298603.0,-0.0759999999999999,-0.027,0.0969999999999999,-0.924,0.032,0.083,1.0,0.7099999999999999,274.0,276.0,277.0,277.0,0.818,276.0,0.7909999999999999,276.0,0.8359999999999999,275.0,0.003,13.6,2.0,3.0,0.0,20.08,0.0,-1.6,0.0,-0.009,-0.0069999999999999,-0.008,-0.01,-0.003,-0.009,-0.008,0.216,0.687,-0.0069999999999999,-0.218,0.2789999999999999,0.0,17.76,17.9,17.85,1.019,17.76,17.66,18.25,0.001,0.0,0.0,0.0,10.0,10.0,10.0,8.0,0.0,0.0,0.0,0.0,0.0,16.86,16.95,0.0,0.0,0.0,0.0,0.0,0.0,59.98,6000.0,-1.567,-0.2,2.0,0.0,0.2,0.2,-0.0379999999999999,18.44,18.15,17.96,18.32,18.28,18.31,17.88,18.05,18.22,18.25,17.9,18.34,19.08,19.07,28.0,29.0,37.0,17.65,0.0,268.0,42.98,2.0,3.516,-1.0,0.7149999999999999,1.4,4903
2015-12-24 22:42:00,0.0,0.0,0.0,0.0,0.0,0.0,2.0,289769.0,32.0,0.0,75.59999999999998,59.5,60.0,-0.1019999999999999,9462.0,1374.0,1379.0,298603.0,-0.0759999999999999,-0.023,0.098,-0.924,0.032,0.083,1.0,0.7079999999999999,274.0,276.0,277.0,277.0,0.818,276.0,0.7909999999999999,276.0,0.8359999999999999,275.0,0.003,13.7,2.0,3.0,0.0,20.08,0.0,-1.617,0.0,-0.01,-0.009,-0.009,-0.01,-0.003,-0.009,-0.008,0.0,0.508,-0.0069999999999999,-0.455,0.2789999999999999,0.0,17.76,17.82,17.85,161.0,17.77,17.64,18.25,0.001,0.0,0.001,0.0,10.0,10.0,10.0,8.0,0.0,0.0,0.0,0.0,0.0,17.38,17.55,0.0,0.0,0.0,0.0,0.0,0.0,59.97,6000.0,-1.55,-0.2,2.0,0.0,0.2,0.2,-0.0379999999999999,18.4,18.13,17.94,18.3,18.29,18.29,17.86,18.02,18.21,18.24,17.88,18.3,19.06,19.07,28.0,29.0,37.0,17.62,0.0,239.9,25.11,2.0,3.517,-1.0,1.042,1.7,4903
2015-12-24 22:43:00,0.0,0.0,0.0,0.0,0.0,0.0,2.0,289769.0,32.0,0.0,75.59999999999998,59.5,60.0,-0.1019999999999999,9462.0,1374.0,1379.0,298603.0,-0.0759999999999999,-0.02,0.1,-0.924,0.032,0.083,1.0,0.692,274.0,276.0,277.0,277.0,0.818,276.0,0.7909999999999999,276.0,0.8359999999999999,275.0,0.003,13.7,2.0,3.0,0.0,20.08,0.0,-1.65,0.0,-0.009,-0.01,-0.009,-0.01,-0.004,-0.009,-0.009,0.0,0.508,-0.0069999999999999,-0.427,0.2789999999999999,0.0,17.76,17.81,17.85,15.98,17.71,17.58,18.25,0.001,-0.001,0.0,0.0,10.0,10.0,10.0,8.0,0.0,0.0,0.0,0.0,0.0,18.03,17.93,0.0,0.0,0.0,0.0,0.0,0.0,59.97,6000.0,-1.567,-0.2,2.0,0.0,0.2,0.2,-0.0379999999999999,18.38,18.12,17.93,18.28,18.25,18.27,17.84,18.01,18.2,18.23,17.86,18.29,19.04,19.06,28.0,29.0,37.0,17.6,0.0,232.6,20.77,2.0,3.518,-1.0,0.873,1.4,4903
2015-12-24 22:44:00,0.0,0.0,0.0,0.0,0.0,0.0,2.0,289769.0,32.0,0.0,75.59999999999998,59.5,60.0,-0.1019999999999999,9462.0,1374.0,1379.0,298603.0,-0.0759999999999999,-0.02,0.0869999999999999,-0.924,0.032,0.083,1.0,0.6999999999999998,274.0,276.0,277.0,277.0,0.818,276.0,0.7909999999999999,276.0,0.8359999999999999,275.0,0.003,13.7,2.0,3.0,0.0,20.08,0.0,-1.6669999999999998,0.0,-0.008,-0.01,-0.009,-0.01,-0.003,-0.008,-0.008,0.0,0.508,-0.0069999999999999,-0.457,0.2789999999999999,0.0,17.76,17.77,17.87,43.19,17.72,17.56,18.25,0.001,-0.001,0.0,0.0,10.0,10.0,10.0,8.0,0.0,0.0,0.0,0.0,0.0,18.16,18.22,0.0,0.0,0.0,0.0,0.0,0.0,59.94,6000.0,-1.617,-0.2,2.0,0.0,0.2,0.2,-0.0379999999999999,18.39,18.12,17.92,18.27,18.26,18.27,17.84,18.02,18.2,18.24,17.88,18.28,19.03,19.06,28.0,29.0,37.0,17.62,0.0,227.6,24.17,2.0,3.518,-1.0,0.517,1.2,4903
2015-12-24 22:45:00,0.0,0.0,0.0,0.0,0.0,0.0,2.0,289769.0,32.0,0.0,75.59999999999998,59.5,60.0,-0.1019999999999999,9462.0,1374.0,1379.0,298603.0,-0.0759999999999999,-0.023,0.1,-0.924,0.032,0.083,1.0,0.688,274.0,276.0,277.0,277.0,0.818,276.0,0.7909999999999999,276.0,0.8359999999999999,275.0,0.003,13.7,2.0,3.0,0.0,20.08,0.0,-1.45,0.0,-0.008,-0.0069999999999999,-0.008,-0.009,-0.003,-0.008,-0.0069999999999999,0.0,0.508,-0.0069999999999999,-0.451,0.2789999999999999,0.0,17.76,17.8,17.87,720.4,17.76,17.67,18.25,0.001,0.0,0.001,0.0,10.0,10.0,10.0,8.0,0.0,0.0,0.0,0.0,0.0,18.15,18.13,0.0,0.0,0.0,0.0,0.0,0.0,59.95,6000.0,-1.5,-0.2,2.0,0.0,0.2,0.2,-0.0379999999999999,18.41,18.16,17.96,18.3,18.29,18.3,17.86,18.04,18.22,18.26,17.91,18.31,19.03,19.04,28.0,29.0,37.0,17.66,0.0,229.9,37.02,2.0,3.519,-1.0,0.442,0.6999999999999998,4903
2015-12-24 22:46:00,0.0,0.0,0.0,0.0,0.0,0.0,2.0,289769.0,32.0,0.0,75.59999999999998,59.5,60.0,-0.1019999999999999,9462.0,1374.0,1379.0,298603.0,-0.0759999999999999,-0.0299999999999999,0.1,-0.924,0.032,0.083,1.0,0.692,274.0,276.0,277.0,277.0,0.818,276.0,0.7909999999999999,276.0,0.8359999999999999,275.0,-0.0139999999999999,13.41,2.0,1.0,0.0,20.08,0.0,-1.267,0.0,-0.006,-0.0069999999999999,-0.0069999999999999,-0.0069999999999999,-0.003,-0.006,-0.006,0.1459999999999999,0.6129999999999999,-0.006,-0.2999999999999999,0.278,0.001,17.81,17.87,17.95,38.93,17.8,17.66,18.3,0.001,0.0,0.0,0.0,10.0,10.0,10.0,8.0,0.0,0.0,0.0,0.0,0.0,19.3,19.68,0.0,0.0,0.0,0.0,0.0,0.0,59.96,6000.0,-1.483,-0.2,2.0,0.0,0.2,0.2,-0.0379999999999999,18.43,18.2,18.0,18.33,18.3,18.32,17.89,18.09,18.29,18.31,17.96,18.34,19.04,19.02,28.0,29.0,37.0,17.69,0.0,258.5,25.78,2.0,3.519,-1.0,0.938,1.4,4903
2015-12-24 22:47:00,0.0,0.0,0.0,0.0,0.0,0.0,2.0,289769.0,32.0,0.0,75.59999999999998,59.5,60.0,-0.1019999999999999,9462.0,1374.0,1379.0,298603.0,-0.0759999999999999,-0.0279999999999999,0.095,-0.924,0.032,0.083,1.0,0.688,274.0,276.0,277.0,277.0,0.818,276.0,0.7909999999999999,276.0,0.8359999999999999,275.0,0.02,13.41,2.0,1.0,0.0,20.08,0.0,-1.35,0.0,-0.005,-0.006,-0.005,-0.006,0.0,-0.006,-0.005,0.0,0.508,-0.003,-0.442,0.281,0.001,17.86,17.85,17.95,0.5859999999999999,17.85,17.75,18.35,0.001,-0.001,0.0,0.0,10.0,10.0,10.0,8.0,0.0,0.0,0.0,0.0,0.0,19.42,19.57,0.0,0.0,0.0,0.0,0.0,0.0,59.96,6000.0,-1.467,-0.2,2.0,0.0,0.2,0.2,-0.0379999999999999,18.46,18.24,18.03,18.35,18.32,18.35,17.91,18.15,18.33,18.36,18.01,18.37,19.03,19.05,28.0,29.0,37.0,17.74,0.0,232.1,8.38,2.0,3.521,-1.0,0.917,1.3,4903
2015-12-24 22:48:00,0.0,0.0,0.0,0.0,0.0,0.0,2.0,289769.0,32.0,0.0,75.59999999999998,59.5,60.0,-0.1019999999999999,9462.0,1374.0,1379.0,298603.0,-0.0759999999999999,-0.027,0.098,-0.924,0.031,0.083,1.0,0.6999999999999998,274.0,276.0,277.0,277.0,0.818,276.0,0.7909999999999999,276.0,0.8359999999999999,275.0,0.004,13.7,2.0,3.0,0.0,20.08,0.0,-1.133,0.0,-0.004,-0.004,-0.004,-0.005,0.0,-0.004,-0.004,0.0,0.508,-0.003,-0.4479999999999999,0.2789999999999999,0.0,17.86,17.96,17.98,-0.2829999999999999,17.87,17.76,18.35,0.001,-0.001,0.001,0.0,10.0,10.0,10.0,8.0,0.0,0.0,0.0,0.0,0.0,19.53,19.93,0.0,0.0,0.0,0.0,0.0,0.0,59.95,6000.0,-1.317,-0.2,2.0,0.0,0.2,0.2,-0.0379999999999999,18.48,18.25,18.05,18.37,18.33,18.37,17.94,18.18,18.36,18.39,18.04,18.39,19.05,19.05,28.0,29.0,37.0,17.76,0.0,223.5,30.22,2.0,3.517,-1.0,0.887,1.5,4903
2015-12-24 22:49:00,0.0,0.0,0.0,0.0,0.0,0.0,2.0,289769.0,32.0,0.0,75.59999999999998,59.5,60.0,-0.1019999999999999,9462.0,1374.0,1379.0,298603.0,-0.0759999999999999,-0.0279999999999999,0.098,-0.924,0.032,0.083,1.0,0.692,274.0,276.0,277.0,277.0,0.818,276.0,0.7909999999999999,276.3,0.8359999999999999,275.0,0.003,13.7,2.0,3.0,0.0,20.08,0.0,-1.217,0.0,-0.003,-0.003,-0.003,-0.004,0.0,-0.003,-0.003,0.0,0.508,-0.003,-0.444,0.2789999999999999,0.0,17.96,17.99,18.05,64.77,17.91,17.77,18.35,0.001,0.0,0.001,0.0,10.0,10.0,10.0,8.0,0.0,0.0,0.0,0.0,0.0,18.9,19.15,0.0,0.0,0.0,0.0,0.0,0.0,59.96,6000.0,-1.4,-0.2,2.0,0.0,0.2,0.2,-0.0379999999999999,18.52,18.29,18.08,18.4,18.37,18.4,17.97,18.23,18.4,18.42,18.08,18.43,19.04,19.05,28.0,29.0,37.0,17.8,0.0,219.9,21.94,2.0,3.519,-1.0,1.2,1.8,4903
2015-12-24 22:50:00,0.0,0.0,0.0,0.0,0.0,0.0,2.0,289769.0,32.0,0.0,75.59999999999998,59.5,60.0,-0.105,9462.0,1374.0,1379.0,298603.0,-0.0759999999999999,-0.0149999999999999,0.1019999999999999,-0.924,0.032,0.0819999999999999,1.0,0.648,274.0,276.0,277.0,277.0,0.818,276.0,0.7909999999999999,276.1,0.8359999999999999,275.0,0.003,13.7,2.0,3.0,0.0,20.08,0.0,-1.317,0.0,-0.002,-0.002,-0.002,-0.003,0.0,-0.002,-0.003,0.0,0.508,0.0,-0.4229999999999999,0.2789999999999999,0.0,17.96,17.97,18.05,11.03,17.95,17.87,18.4,0.001,0.0,0.001,0.0,10.0,10.0,10.0,8.0,0.0,0.0,0.0,0.0,0.0,17.48,17.62,0.0,0.0,0.0,0.0,0.0,0.0,59.98,6000.0,-1.4169999999999998,-0.2,2.0,0.0,0.2,0.2,-0.0379999999999999,18.54,18.32,18.11,18.43,18.4,18.43,18.01,18.25,18.41,18.45,18.11,18.47,19.04,19.04,28.0,29.0,37.0,17.83,0.0,229.5,14.71,2.0,3.519,-1.0,0.815,1.2,4903
2015-12-24 22:51:00,0.0,0.0,0.0,0.0,0.0,0.0,2.0,289769.0,32.0,0.0,75.59999999999998,59.5,60.0,-0.105,9462.0,1374.0,1379.0,298603.0,-0.0759999999999999,-0.017,0.098,-0.924,0.032,0.0819999999999999,1.0,0.652,274.0,276.0,277.0,277.0,0.818,276.0,0.7909999999999999,276.0,0.8359999999999999,275.0,0.003,13.7,2.0,3.0,0.0,20.08,0.0,-1.183,0.0,-0.002,0.0,-0.002,-0.002,0.0,-0.002,-0.002,0.0,0.508,0.0,-0.442,0.2789999999999999,0.0,18.03,18.12,18.07,187.5,18.05,17.87,18.41,0.001,0.0,0.0,-0.001,10.0,10.0,10.0,8.0,0.0,0.0,0.0,0.0,0.0,17.29,17.87,0.0,0.0,0.0,0.0,0.0,0.0,59.99,6000.0,-1.317,-0.2,2.0,0.0,0.2,0.2,-0.0379999999999999,18.59,18.36,18.15,18.48,18.42,18.47,18.05,18.29,18.44,18.48,18.14,18.51,19.04,19.03,28.0,29.0,37.0,17.87,0.0,240.8,29.41,2.0,3.519,-1.0,0.6029999999999999,1.3,4903
2015-12-24 22:52:00,0.0,0.0,0.0,0.0,0.0,0.0,2.0,289769.0,32.0,0.0,75.59999999999998,59.5,60.0,-0.1019999999999999,9462.0,1374.0,1379.0,298603.0,-0.0759999999999999,-0.02,0.1,-0.924,0.031,0.0819999999999999,1.0,0.653,274.0,276.0,277.0,277.0,0.818,276.0,0.7909999999999999,276.0,0.8359999999999999,275.0,0.002,13.41,2.0,1.0,0.0,20.08,0.0,-1.1,0.0,-0.001,0.0,-0.001,-0.002,0.0,-0.002,-0.002,0.184,0.6509999999999999,0.0,-0.256,0.2789999999999999,0.001,18.05,18.12,18.16,107.6,18.08,17.93,18.44,0.001,0.0,0.001,0.0,10.0,10.0,10.0,8.0,0.0,0.0,0.0,0.0,0.0,17.1,17.57,0.0,0.0,0.0,0.0,0.0,0.0,59.99,6000.0,-1.3,-0.2,2.0,0.0,0.2,0.2,-0.0379999999999999,18.61,18.38,18.16,18.5,18.43,18.49,18.07,18.32,18.46,18.51,18.18,18.54,19.02,19.0,28.0,29.0,37.0,17.9,0.0,278.2,25.09,2.0,3.519,-1.0,1.127,1.5,4903
2015-12-24 22:53:00,0.0,0.0,0.0,0.0,0.0,0.0,2.0,289769.0,32.0,0.0,75.59999999999998,59.5,60.0,-0.1,9462.0,1374.0,1379.0,298603.0,-0.0759999999999999,-0.022,0.1019999999999999,-0.924,0.031,0.0819999999999999,1.0,0.652,274.0,276.0,277.0,277.0,0.818,276.0,0.7909999999999999,276.0,0.8359999999999999,275.0,0.005,13.7,2.0,3.0,0.0,20.08,0.0,-1.1,0.0,-0.001,0.0,-0.001,-0.002,0.0,-0.002,-0.001,0.0,0.508,0.0,-0.432,0.2789999999999999,0.0,18.05,18.08,18.16,109.6,18.06,17.94,18.46,0.001,0.0,0.0,-0.001,10.0,10.0,10.0,8.0,0.0,0.0,0.0,0.0,0.0,17.25,17.57,0.0,0.0,0.0,0.0,0.0,0.0,59.98,6000.0,-1.35,-0.2,2.0,0.0,0.2,0.2,-0.0379999999999999,18.63,18.39,18.18,18.53,18.46,18.52,18.1,18.35,18.49,18.53,18.2,18.57,19.02,19.0,28.0,29.0,37.0,17.92,0.0,272.5,32.19,2.0,3.519,-1.0,0.8079999999999999,1.4,4903
2015-12-24 22:54:00,0.0,0.0,0.0,0.0,0.0,0.0,2.0,289769.0,32.0,0.0,75.59999999999998,59.5,60.0,-0.105,9462.0,1374.0,1379.0,298603.0,-0.0759999999999999,-0.023,0.1019999999999999,-0.924,0.031,0.0819999999999999,1.0,0.638,274.0,276.0,277.0,277.0,0.818,276.0,0.7909999999999999,276.3,0.8359999999999999,275.0,0.003,13.7,2.0,3.0,0.0,20.08,0.0,-1.217,0.0,-0.001,0.0,-0.001,-0.002,0.0,-0.002,-0.001,0.0,0.508,0.0,-0.417,0.2789999999999999,0.0,18.05,18.15,18.16,52.15,18.05,17.95,18.54,0.001,0.0,0.0,0.0,10.0,10.0,10.0,8.0,0.0,0.0,0.0,0.0,0.0,17.48,18.0,0.0,0.0,0.0,0.0,0.0,0.0,59.98,6000.0,-1.317,-0.2,2.0,0.0,0.2,0.2,-0.0379999999999999,18.64,18.41,18.19,18.54,18.45,18.53,18.11,18.38,18.5,18.54,18.22,18.59,19.01,18.99,28.0,29.0,37.0,17.93,0.0,230.9,27.43,2.0,3.521,-1.0,0.542,1.0,4903
2015-12-24 22:55:00,0.0,0.0,0.0,0.0,0.0,0.0,2.0,289769.0,32.0,0.0,75.59999999999998,59.5,60.0,-0.1,9462.0,1374.0,1379.0,298603.0,-0.0759999999999999,-0.018,0.1019999999999999,-0.924,0.031,0.083,1.0,0.65,274.0,276.0,277.0,277.0,0.818,276.0,0.7909999999999999,276.0,0.8359999999999999,275.0,0.003,13.7,2.0,3.0,0.0,20.08,0.0,-1.067,0.0,-0.001,0.0,0.0,-0.001,0.0,-0.002,-0.002,0.0,0.508,0.0,-0.4479999999999999,0.2789999999999999,0.0,18.09,18.12,18.21,110.0,18.08,17.99,18.54,0.0,-0.001,0.0,0.0,10.0,10.0,10.0,8.0,0.0,0.0,0.0,0.0,0.0,17.62,18.0,0.0,0.0,0.0,0.0,0.0,0.0,59.98,6000.0,-1.25,-0.2,2.0,0.0,0.2,0.2,-0.0379999999999999,18.66,18.41,18.2,18.56,18.46,18.54,18.13,18.39,18.51,18.55,18.24,18.61,19.0,18.98,28.0,29.0,37.0,17.94,0.0,252.0,59.14,2.0,3.519,-1.0,0.568,0.9,4903
2015-12-24 22:56:00,0.0,0.0,0.0,0.0,0.0,0.0,2.0,289769.0,32.0,0.0,75.59999999999998,59.5,60.0,-0.1019999999999999,9462.0,1374.0,1379.0,298603.0,-0.0759999999999999,-0.022,0.0919999999999999,-0.925,0.031,0.0819999999999999,1.0,0.67,273.1,275.1,277.0,276.8,0.818,275.2,0.7909999999999999,276.1,0.8359999999999999,274.3,0.003,13.7,2.0,3.0,0.0,20.08,0.0,-1.367,0.0,-0.001,0.0,0.0,-0.001,0.0,-0.002,-0.002,0.0,0.508,0.0,-0.432,0.2789999999999999,0.0,18.12,18.2,18.26,13.81,18.2,18.02,18.54,0.001,0.0,0.0,0.0,10.0,10.0,10.0,8.0,0.0,0.0,0.0,0.0,0.0,17.82,18.0,0.0,0.0,0.0,0.0,0.0,0.0,59.98,6000.0,-1.4169999999999998,-0.2,2.0,0.0,0.2,0.2,-0.0379999999999999,18.66,18.41,18.21,18.58,18.46,18.55,18.15,18.41,18.51,18.56,18.26,18.62,19.01,18.98,28.0,29.0,37.0,17.96,0.0,220.7,23.94,2.0,3.519,-1.0,0.837,1.2,4903
2015-12-24 22:57:00,0.0,0.0,0.0,0.0,0.0,0.0,2.0,289769.0,32.0,0.0,75.59999999999998,59.5,60.0,-0.1,9462.0,1374.0,1379.0,298603.0,-0.0759999999999999,-0.032,0.08,-0.925,0.031,0.0819999999999999,1.0,0.67,273.0,275.0,276.8,276.8,0.818,275.0,0.7909999999999999,276.0,0.8359999999999999,274.3,0.004,13.7,2.0,3.0,0.0,20.08,0.0,-1.483,0.0,-0.001,0.0,-0.001,-0.002,0.0,-0.002,-0.002,0.211,0.685,0.0,-0.2239999999999999,0.2789999999999999,0.0,18.15,18.23,18.26,22.55,18.16,18.05,18.54,0.001,-0.001,0.0,-0.001,10.0,10.0,10.0,8.0,0.0,0.0,0.0,0.0,0.0,18.4,18.38,0.0,0.0,0.0,0.0,0.0,0.0,59.96,6000.0,-1.433,-0.2,2.0,0.0,0.2,0.2,-0.0379999999999999,18.67,18.42,18.21,18.59,18.46,18.56,18.16,18.43,18.53,18.58,18.28,18.64,19.01,18.99,28.0,29.0,37.0,17.98,0.0,222.9,16.0,2.0,3.517,-1.0,0.902,1.5,4903
2015-12-24 22:58:00,0.0,0.0,0.0,0.0,0.0,0.0,2.0,289769.0,32.0,0.0,75.59999999999998,59.5,60.0,-0.1,9462.0,1374.0,1379.0,298603.0,-0.0759999999999999,-0.033,0.093,-0.925,0.031,0.0819999999999999,1.0,0.675,273.1,275.1,276.7,276.7,0.818,275.0,0.7909999999999999,276.0,0.8359999999999999,274.2,0.003,13.43,2.0,1.0,0.0,20.08,0.0,-1.317,0.0,-0.001,0.0,-0.001,-0.001,0.0,-0.002,-0.002,-0.002,0.508,0.0,-0.4149999999999999,0.2789999999999999,0.001,18.15,18.25,18.24,38.45,18.14,18.06,18.54,0.0,0.0,0.0,0.0,10.0,10.0,10.0,8.0,0.0,0.0,0.0,0.0,0.0,18.27,18.35,0.0,0.0,0.0,0.0,0.0,0.0,59.96,6000.0,-1.317,-0.2,2.0,0.0,0.2,0.2,-0.0379999999999999,18.68,18.42,18.23,18.61,18.49,18.57,18.17,18.44,18.54,18.59,18.3,18.66,19.0,18.98,28.0,29.0,37.0,17.99,0.0,216.7,33.24,2.0,3.519,-1.0,0.6129999999999999,1.1,4903
2015-12-24 22:59:00,0.0,0.0,0.0,0.0,0.0,0.0,2.0,289769.0,32.0,0.0,75.59999999999998,59.5,60.0,-0.1,9462.0,1374.0,1379.0,298603.0,-0.0759999999999999,-0.033,0.093,-0.925,0.031,0.0819999999999999,1.0,0.655,273.0,275.0,276.6,276.6,0.818,275.0,0.7909999999999999,276.0,0.8359999999999999,274.0,0.003,13.7,2.0,3.0,0.0,20.08,0.0,-1.083,0.0,-0.001,0.0,-0.001,-0.002,0.0,-0.002,-0.002,0.0,0.508,0.0,-0.451,0.2789999999999999,0.0,18.15,18.2,18.24,46.42,18.18,18.08,18.54,0.001,0.0,0.001,0.0,10.0,10.0,10.0,8.0,0.0,0.0,0.0,0.0,0.0,18.4,18.57,0.0,0.0,0.0,0.0,0.0,0.0,59.96,6000.0,-1.267,-0.2,2.0,0.0,0.2,0.2,-0.0379999999999999,18.68,18.43,18.23,18.62,18.5,18.58,18.19,18.45,18.54,18.6,18.31,18.67,19.0,18.97,28.0,29.0,37.0,18.0,0.0,247.1,66.48,2.0,3.518,-1.0,0.63,1.1,4903
2015-12-24 23:00:00,0.0,0.0,0.0,0.0,0.0,0.0,2.0,289769.0,32.0,0.0,75.59999999999998,59.5,60.0,-0.1,9462.0,1374.0,1379.0,298603.0,-0.0759999999999999,-0.025,0.078,-0.925,0.031,0.0819999999999999,1.0,0.6629999999999999,273.2,275.2,276.8,276.9,0.818,275.0,0.7909999999999999,276.0,0.8359999999999999,274.6,0.003,13.7,2.0,3.0,0.0,20.08,0.0,-1.167,0.0,-0.001,0.0,0.0,-0.001,0.0,-0.002,-0.001,0.0,0.508,0.0,-0.427,0.2789999999999999,0.0,18.15,18.18,18.26,35.18,18.18,18.1,18.54,0.001,-0.001,0.0,0.0,10.0,10.0,10.0,8.0,0.0,0.0,0.0,0.0,0.0,18.53,18.83,0.0,0.0,0.0,0.0,0.0,0.0,59.97,6000.0,-1.4169999999999998,-0.2,2.0,0.0,0.2,0.2,-0.0379999999999999,18.69,18.43,18.25,18.64,18.52,18.6,18.2,18.46,18.55,18.6,18.32,18.68,18.99,18.98,28.0,29.0,37.0,18.0,0.0,221.6,58.57,2.0,3.519,-1.0,0.89,2.4,4903
2015-12-24 23:01:00,0.0,0.0,0.0,0.0,0.0,0.0,2.0,289769.0,32.0,0.0,75.59999999999998,59.5,60.0,-0.1019999999999999,9462.0,1374.0,1379.0,298603.0,-0.0759999999999999,-0.037,0.0899999999999999,-0.925,0.031,0.0819999999999999,1.0,0.643,273.4,275.3,276.9,277.0,0.818,275.0,0.7909999999999999,276.0,0.8359999999999999,274.8,0.003,13.7,2.0,3.0,0.0,20.09,0.0,-1.2,0.0,-0.001,0.0,0.0,-0.002,0.0,-0.002,-0.001,0.0,0.508,0.0,-0.444,0.2789999999999999,0.0,18.15,18.23,18.26,40.79,18.16,18.05,18.56,0.001,0.0,0.0,0.0,10.0,10.0,10.0,8.0,0.0,0.0,0.0,0.0,0.0,17.9,18.0,0.0,0.0,0.0,0.0,0.0,0.0,59.95,6000.0,-1.267,-0.2,2.0,0.0,0.2,0.2,-0.0379999999999999,18.7,18.44,18.25,18.65,18.52,18.61,18.22,18.47,18.55,18.61,18.32,18.7,18.97,18.99,28.0,29.0,37.0,18.0,0.0,216.9,19.81,2.0,3.521,-1.0,0.998,1.8,4903
2015-12-24 23:02:00,0.0,0.0,0.0,0.0,0.0,0.0,2.0,289769.0,32.0,0.0,75.59999999999998,59.5,60.0,-0.1019999999999999,9462.0,1374.0,1379.0,298603.0,-0.0759999999999999,-0.018,0.0899999999999999,-0.924,0.031,0.0819999999999999,1.0,0.635,273.2,275.1,276.7,276.7,0.818,275.0,0.7909999999999999,276.0,0.8359999999999999,274.2,0.003,13.7,2.0,3.0,0.0,20.09,0.0,-1.133,0.0,-0.001,0.0,0.0,-0.001,0.0,-0.002,-0.002,0.0,0.508,0.0,-0.4079999999999999,0.2789999999999999,0.0,18.15,18.27,18.26,33.54,18.17,18.06,18.56,0.0,-0.001,0.001,0.0,10.0,10.0,10.0,8.0,0.0,0.0,0.0,0.0,0.0,17.76,18.12,0.0,0.0,0.0,0.0,0.0,0.0,59.95,6000.0,-1.3,-0.2,2.0,0.0,0.2,0.2,-0.0379999999999999,18.71,18.44,18.26,18.66,18.5,18.61,18.22,18.47,18.55,18.6,18.32,18.71,18.99,19.0,28.0,29.0,37.0,18.02,0.0,234.3,14.58,2.0,3.519,-1.0,0.567,0.6999999999999998,4903
2015-12-24 23:03:00,0.0,0.0,0.0,0.0,0.0,0.0,2.0,289769.0,32.0,0.0,75.59999999999998,59.5,60.0,-0.1,9462.0,1374.0,1379.0,298603.0,-0.0759999999999999,-0.02,0.0869999999999999,-0.924,0.031,0.0819999999999999,1.0,0.653,273.7,275.6,277.0,277.0,0.818,275.1,0.7909999999999999,276.0,0.8359999999999999,275.0,0.0139999999999999,13.46,2.0,1.0,0.0,20.1,0.0,-1.233,0.0,-0.001,0.0,0.0,-0.002,0.0,-0.001,-0.001,0.2789999999999999,0.7299999999999999,0.0,-0.165,0.2789999999999999,0.001,18.15,18.31,18.26,36.22,18.19,18.08,18.64,0.0,-0.001,0.0,0.0,10.0,10.0,10.0,8.0,0.0,0.0,0.0,0.0,0.0,18.79,18.98,0.0,0.0,0.0,0.0,0.0,0.0,59.93,6000.0,-1.3330000000000002,-0.2,2.0,0.0,0.2,0.2,-0.0379999999999999,18.71,18.43,18.26,18.67,18.5,18.62,18.23,18.47,18.55,18.6,18.32,18.72,18.99,18.99,28.0,29.0,37.0,18.03,0.0,237.6,46.9,2.0,3.519,-1.0,0.412,0.6999999999999998,4903
2015-12-24 23:04:00,0.0,0.0,0.0,0.0,0.0,0.0,2.0,289769.0,32.0,0.0,75.59999999999998,59.5,60.0,-0.1,9462.0,1374.0,1379.0,298603.0,-0.0759999999999999,-0.0299999999999999,0.0899999999999999,-0.925,0.031,0.0819999999999999,1.0,0.662,273.7,275.7,277.0,277.0,0.818,275.5,0.7909999999999999,276.0,0.8359999999999999,275.0,0.005,13.7,2.0,3.0,0.0,20.1,0.0,-1.15,0.0,-0.001,0.0,0.0,-0.001,0.0,-0.002,-0.002,0.0,0.508,0.0,-0.4229999999999999,0.2789999999999999,0.0,18.15,18.32,18.28,73.86,18.16,18.07,18.64,0.0,-0.001,0.0,0.0,10.0,10.0,10.0,8.0,0.0,0.0,0.0,0.0,0.0,18.86,19.0,0.0,0.0,0.0,0.0,0.0,0.0,59.94,6000.0,-1.467,-0.2,2.0,0.0,0.2,0.2,-0.0379999999999999,18.73,18.45,18.28,18.68,18.5,18.63,18.24,18.48,18.55,18.6,18.33,18.74,18.99,18.97,28.0,29.0,37.0,18.03,0.0,280.1,42.56,2.0,3.521,-1.0,0.395,0.6999999999999998,4903
2015-12-24 23:05:00,0.0,0.0,0.0,0.0,0.0,0.0,2.0,289769.0,32.0,0.0,75.59999999999998,59.5,60.0,-0.1,9462.0,1374.0,1379.0,298603.0,-0.0759999999999999,-0.022,0.0919999999999999,-0.925,0.031,0.0819999999999999,1.0,0.66,273.9,275.9,277.0,277.0,0.818,276.0,0.7909999999999999,276.0,0.8359999999999999,275.0,0.003,13.7,2.0,3.0,0.0,20.1,0.0,-1.25,0.0,-0.002,0.0,-0.001,-0.001,0.0,-0.002,-0.002,0.0,0.508,0.0,-0.436,0.2789999999999999,0.0,18.15,18.29,18.26,44.22,18.21,18.08,18.64,0.0,-0.001,0.001,-0.001,10.0,10.0,10.0,8.0,0.0,0.0,0.0,0.0,0.0,18.61,18.83,0.0,0.0,0.0,0.0,0.0,0.0,59.95,6000.0,-1.35,-0.2,2.0,0.0,0.2,0.2,-0.0379999999999999,18.72,18.44,18.27,18.68,18.49,18.62,18.24,18.47,18.54,18.6,18.32,18.73,19.0,18.95,28.0,29.0,37.0,18.02,0.0,320.8,16.97,2.0,3.521,-1.0,0.7319999999999999,1.2,4903
2015-12-24 23:06:00,0.0,0.0,0.0,0.0,0.0,0.0,2.0,289769.0,32.0,0.0,75.59999999999998,59.5,60.0,-0.1,9462.0,1374.0,1379.0,298603.0,-0.0759999999999999,-0.023,0.088,-0.924,0.031,0.0819999999999999,1.0,0.643,274.0,276.0,277.0,277.0,0.818,276.0,0.7909999999999999,276.0,0.8359999999999999,275.0,0.003,13.7,2.0,3.0,0.0,20.1,0.0,-1.15,0.0,-0.002,0.0,-0.001,-0.002,0.0,-0.002,-0.002,0.0,0.508,0.0,-0.4289999999999999,0.2789999999999999,0.0,18.15,18.16,18.26,34.21,18.16,18.05,18.64,0.001,0.0,0.001,0.0,10.0,10.0,10.0,8.0,0.0,0.0,0.0,0.0,0.0,19.14,19.38,0.0,0.0,0.0,0.0,0.0,0.0,59.95,6000.0,-1.317,-0.2,2.0,0.0,0.2,0.2,-0.0379999999999999,18.7,18.42,18.26,18.67,18.48,18.61,18.23,18.46,18.53,18.58,18.31,18.73,19.0,18.99,28.0,29.0,37.0,18.0,0.0,340.6,27.35,2.0,3.518,-1.0,0.592,1.1,4903
2015-12-24 23:07:00,0.0,0.0,0.0,0.0,0.0,0.0,2.0,289769.0,32.0,0.0,75.59999999999998,59.5,60.0,-0.1,9462.0,1374.0,1379.0,298603.0,-0.0759999999999999,-0.023,0.0899999999999999,-0.925,0.031,0.0819999999999999,1.0,0.657,274.0,276.0,277.0,277.0,0.818,276.0,0.7909999999999999,276.0,0.8359999999999999,275.0,0.003,13.7,2.0,3.0,0.0,20.1,0.0,-1.217,0.0,-0.002,0.0,-0.001,-0.002,0.0,-0.003,-0.002,0.0,0.508,0.0,-0.4149999999999999,0.2789999999999999,0.0,18.15,18.19,18.26,99.1,18.14,18.08,18.62,0.0,0.0,0.0,0.0,10.0,10.0,10.0,8.0,0.0,0.0,0.0,0.0,0.0,19.34,19.7,0.0,0.0,0.0,0.0,0.0,0.0,59.96,6000.0,-1.3,-0.2,2.0,0.0,0.2,0.2,-0.0379999999999999,18.7,18.42,18.27,18.67,18.49,18.6,18.22,18.45,18.54,18.57,18.3,18.73,19.01,18.98,28.0,29.0,37.0,18.0,0.0,233.4,83.5,2.0,3.521,-1.0,0.2,0.4,4903
2015-12-24 23:08:00,0.0,0.0,0.0,0.0,0.0,0.0,2.0,289769.0,32.0,0.0,75.59999999999998,59.5,60.0,-0.1,9462.0,1374.0,1379.0,298603.0,-0.0759999999999999,-0.023,0.095,-0.925,0.031,0.0819999999999999,1.0,0.652,274.0,276.0,277.0,277.0,0.818,276.0,0.7909999999999999,276.0,0.8359999999999999,275.0,0.006,13.7,2.0,3.0,0.0,20.1,0.0,-1.283,0.0,-0.003,0.0,-0.002,-0.002,0.0,-0.002,-0.002,0.3039999999999999,0.753,0.0,-0.14,0.2789999999999999,0.0,18.15,18.21,18.24,16.9,18.18,18.05,18.62,0.001,0.0,0.0,0.0,10.0,10.0,10.0,8.0,0.0,0.0,0.0,0.0,0.0,18.68,18.98,0.0,0.0,0.0,0.0,0.0,0.0,59.97,6000.0,-1.25,-0.2,2.0,0.0,0.2,0.2,-0.0379999999999999,18.7,18.42,18.28,18.66,18.48,18.6,18.22,18.46,18.54,18.58,18.3,18.72,19.01,18.96,28.0,29.0,37.0,18.0,0.0,154.8,63.44,2.0,3.521,-1.0,0.4029999999999999,0.9,4903
2015-12-24 23:09:00,0.0,0.0,0.0,0.0,0.0,0.0,2.0,289769.0,32.0,0.0,75.59999999999998,59.5,60.0,-0.1,9462.0,1374.0,1379.0,298603.0,-0.0759999999999999,-0.025,0.0969999999999999,-0.925,0.031,0.0819999999999999,1.0,0.66,274.0,276.0,277.0,277.0,0.818,276.0,0.7909999999999999,276.0,0.8359999999999999,275.0,0.002,13.52,2.0,1.0,0.0,20.1,0.0,-1.067,0.0,-0.003,0.0,-0.001,-0.003,0.0,-0.002,-0.002,0.004,0.508,0.0,-0.434,0.2789999999999999,0.001,18.15,18.2,18.24,23.82,18.16,18.08,18.64,0.001,-0.001,0.001,0.0,10.0,10.0,10.0,8.0,0.0,0.0,0.0,0.0,0.0,19.13,19.47,0.0,0.0,0.0,0.0,0.0,0.0,59.96,6000.0,-1.3,-0.2,2.0,0.0,0.2,0.2,-0.0379999999999999,18.7,18.41,18.29,18.67,18.47,18.6,18.22,18.47,18.56,18.6,18.32,18.73,19.02,18.96,28.0,29.0,37.0,18.0,0.0,191.2,14.26,2.0,3.519,-1.0,0.4279999999999999,0.5999999999999999,4903
2015-12-24 23:10:00,0.0,0.0,0.0,0.0,0.0,0.0,2.0,289769.0,32.0,0.0,75.59999999999998,59.5,60.0,-0.1,9462.0,1374.0,1379.0,298603.0,-0.0759999999999999,-0.022,0.0899999999999999,-0.925,0.031,0.0819999999999999,1.0,0.65,274.0,276.0,277.0,277.0,0.818,276.0,0.7909999999999999,276.0,0.8359999999999999,275.0,0.003,13.7,2.0,3.0,0.0,20.1,0.0,-1.083,0.0,-0.003,0.0,-0.001,-0.002,0.0,-0.002,-0.002,0.0,0.508,0.0,-0.421,0.2789999999999999,0.0,18.15,18.21,18.26,21.73,18.16,18.05,18.64,0.001,0.0,0.001,-0.001,10.0,10.0,10.0,8.0,0.0,0.0,0.0,0.0,0.0,18.77,19.13,0.0,0.0,0.0,0.0,0.0,0.0,59.96,6000.0,-1.283,-0.2,2.0,0.0,0.2,0.2,-0.0379999999999999,18.7,18.42,18.31,18.67,18.48,18.61,18.23,18.48,18.56,18.6,18.33,18.74,19.0,18.95,28.0,29.0,37.0,18.0,0.0,286.1,77.33,2.0,3.521,-1.0,0.32,1.1,4903
2015-12-24 23:11:00,0.0,0.0,0.0,0.0,0.0,0.0,2.0,289769.0,32.0,0.0,75.59999999999998,59.5,60.0,-0.1,9462.0,1374.0,1379.0,298603.0,-0.0759999999999999,-0.017,0.088,-0.925,0.031,0.0819999999999999,1.0,0.67,273.9,275.9,277.0,277.0,0.818,275.9,0.7909999999999999,276.0,0.8359999999999999,275.0,0.003,13.7,2.0,3.0,0.0,20.1,0.0,-1.45,0.0,-0.003,0.0,-0.001,-0.002,0.0,-0.002,-0.002,0.0,0.508,0.0,-0.4229999999999999,0.2789999999999999,0.0,18.15,18.26,18.24,71.4,18.16,18.05,18.64,0.001,0.0,0.001,0.0,10.0,10.0,10.0,8.0,0.0,0.0,0.0,0.0,0.0,18.28,18.47,0.0,0.0,0.0,0.0,0.0,0.0,59.94,6000.0,-1.4169999999999998,-0.2,2.0,0.0,0.2,0.2,-0.0379999999999999,18.69,18.41,18.31,18.67,18.47,18.61,18.23,18.47,18.56,18.59,18.32,18.74,19.01,18.96,28.0,29.0,37.0,18.0,0.0,282.1,46.25,2.0,3.519,-1.0,0.332,0.5999999999999999,4903
2015-12-24 23:12:00,0.0,0.0,0.0,0.0,0.0,0.0,2.0,289769.0,32.0,0.0,75.59999999999998,59.5,60.0,-0.1,9462.0,1374.0,1379.0,298603.0,-0.0759999999999999,-0.018,0.095,-0.925,0.031,0.0819999999999999,1.0,0.6629999999999999,274.0,276.0,277.0,277.0,0.818,276.0,0.7909999999999999,276.0,0.8359999999999999,275.0,0.003,13.7,2.0,3.0,0.0,20.1,0.0,-1.133,0.0,-0.002,0.0,-0.001,-0.002,0.0,-0.003,-0.002,0.0,0.508,0.0,-0.4039999999999999,0.2789999999999999,0.0,18.15,18.21,18.26,45.02,18.16,18.06,18.64,0.0,-0.001,0.001,0.0,10.0,10.0,10.0,8.0,0.0,0.0,0.0,0.0,0.0,16.86,17.08,0.0,0.0,0.0,0.0,0.0,0.0,59.96,6000.0,-1.217,-0.2,2.0,0.0,0.2,0.2,-0.0379999999999999,18.69,18.41,18.32,18.67,18.47,18.6,18.22,18.46,18.54,18.58,18.31,18.73,19.01,18.99,28.0,29.0,37.0,18.0,0.0,238.3,13.99,2.0,3.516,-1.0,0.888,1.8,4903
2015-12-24 23:13:00,0.0,0.0,0.0,0.0,0.0,0.0,2.0,289769.0,32.0,0.0,75.59999999999998,59.5,60.0,-0.1019999999999999,9462.0,1374.0,1379.0,298603.0,-0.0759999999999999,-0.025,0.0899999999999999,-0.925,0.031,0.0819999999999999,1.0,0.633,274.0,276.0,277.0,277.0,0.818,276.0,0.7909999999999999,276.0,0.8359999999999999,275.0,0.003,13.7,2.0,3.0,0.0,20.1,0.0,-1.517,0.0,-0.002,0.0,-0.001,-0.003,0.0,-0.002,-0.001,0.0,0.508,0.0,-0.434,0.2789999999999999,0.0,18.15,18.23,18.24,65.74,18.18,18.06,18.64,0.001,0.0,0.0,0.0,10.0,10.0,10.0,8.0,0.0,0.0,0.0,0.0,0.0,17.38,17.73,0.0,0.0,0.0,0.0,0.0,0.0,59.97,6000.0,-1.45,-0.2,2.0,0.0,0.2,0.2,-0.0379999999999999,18.72,18.43,18.34,18.68,18.5,18.61,18.24,18.46,18.55,18.59,18.32,18.75,19.02,18.99,28.0,29.0,37.0,18.0,0.0,255.1,16.77,2.0,3.519,-1.0,1.3230000000000002,2.0,4903
2015-12-24 23:14:00,0.0,0.0,0.0,0.0,0.0,0.0,2.0,289769.0,32.0,0.0,75.59999999999998,59.5,60.0,-0.1019999999999999,9462.0,1374.0,1379.0,298603.0,-0.0759999999999999,-0.025,0.088,-0.925,0.031,0.0819999999999999,1.0,0.647,274.0,276.0,277.0,277.0,0.818,276.0,0.7909999999999999,276.0,0.8359999999999999,275.0,-0.059,13.28,2.0,1.0,0.0,20.1,0.0,-1.8,0.0,-0.002,0.0,-0.001,-0.002,0.0,-0.002,-0.001,0.357,0.8329999999999999,0.0,-0.1989999999999999,0.28,0.001,18.15,18.29,18.24,23.28,18.14,18.05,18.64,0.001,0.0,0.001,0.0,10.0,10.0,10.0,8.0,0.0,0.0,0.0,0.0,0.0,17.58,18.0,0.0,0.0,0.0,0.0,0.0,0.0,59.96,6000.0,-1.617,-0.2,2.0,0.0,0.2,0.2,-0.0409999999999999,18.71,18.43,18.35,18.69,18.5,18.63,18.25,18.47,18.56,18.6,18.33,18.76,19.02,19.0,28.0,29.0,37.0,18.01,0.0,260.2,12.42,2.0,3.519,-1.0,0.898,1.2,4903
2015-12-24 23:15:00,0.0,0.0,0.0,0.0,0.0,0.0,2.0,289769.0,32.0,0.0,75.59999999999998,59.5,60.0,-0.1019999999999999,9462.0,1374.0,1379.0,298603.0,-0.0759999999999999,-0.023,0.0969999999999999,-0.925,0.031,0.0819999999999999,1.0,0.648,274.0,276.0,277.0,277.0,0.818,276.0,0.7909999999999999,276.0,0.8359999999999999,275.0,0.065,13.68,2.0,3.0,0.0,20.11,0.0,-1.5,0.0,-0.002,0.0,-0.001,-0.002,0.0,-0.001,-0.001,0.0,0.508,0.0,-0.446,0.2789999999999999,0.001,18.15,18.24,18.24,54.03,18.2,18.05,18.64,0.001,0.0,0.001,-0.001,10.0,10.0,10.0,8.0,0.0,0.0,0.0,0.0,0.0,17.07,17.15,0.0,0.0,0.0,0.0,0.0,0.0,59.97,6000.0,-1.567,-0.2,2.0,0.0,0.2,0.2,-0.036,18.72,18.43,18.36,18.69,18.49,18.62,18.24,18.48,18.58,18.6,18.33,18.75,19.04,19.01,28.0,29.0,37.0,18.0,0.0,280.8,25.06,2.0,3.519,-1.0,0.7219999999999999,1.3,4903
2015-12-24 23:16:00,0.0,0.0,0.0,0.0,0.0,0.0,2.0,289769.0,32.0,0.0,75.59999999999998,59.5,60.0,-0.1019999999999999,9462.0,1374.0,1379.0,298603.0,-0.0759999999999999,-0.023,0.088,-0.925,0.031,0.0819999999999999,1.0,0.648,274.0,276.0,277.0,277.0,0.818,276.0,0.7909999999999999,276.0,0.8359999999999999,275.0,0.004,13.7,2.0,3.0,0.0,20.12,0.0,-1.617,0.0,-0.002,0.0,-0.001,-0.002,0.0,-0.002,-0.001,0.0,0.508,0.0,-0.432,0.2789999999999999,0.001,18.15,18.25,18.26,51.65,18.16,18.07,18.64,0.001,0.0,0.001,0.0,10.0,10.0,10.0,8.0,0.0,0.0,0.0,0.0,0.0,17.58,18.0,0.0,0.0,0.0,0.0,0.0,0.0,59.96,6000.0,-1.533,-0.2,2.0,0.0,0.2,0.2,-0.0379999999999999,18.7,18.42,18.35,18.68,18.48,18.61,18.23,18.47,18.56,18.59,18.32,18.75,19.03,19.02,28.0,29.0,37.0,18.0,0.0,283.9,10.92,2.0,3.519,-1.0,1.055,1.4,4903
2015-12-24 23:17:00,0.0,0.0,0.0,0.0,0.0,0.0,2.0,289769.0,32.0,0.0,75.59999999999998,59.5,60.0,-0.1,9462.0,1374.0,1379.0,298603.0,-0.0759999999999999,-0.025,0.095,-0.925,0.031,0.0819999999999999,1.0,0.6679999999999999,274.0,276.0,277.0,277.0,0.818,276.0,0.7909999999999999,276.0,0.8359999999999999,275.0,0.003,13.7,2.0,3.0,0.0,20.13,0.0,-1.6,0.0,-0.002,0.0,-0.001,-0.002,0.0,-0.002,-0.002,0.0,0.508,0.0,-0.427,0.2789999999999999,0.0,18.15,18.23,18.24,45.79,18.14,18.05,18.64,0.001,-0.001,0.001,0.0,10.0,10.0,10.0,8.0,0.0,0.0,0.0,0.0,0.0,18.31,18.27,0.0,0.0,0.0,0.0,0.0,0.0,59.96,6000.0,-1.467,-0.2,2.0,0.0,0.2,0.2,-0.0289999999999999,18.7,18.43,18.36,18.68,18.48,18.62,18.23,18.47,18.57,18.59,18.31,18.75,19.03,19.02,28.0,29.0,37.0,18.0,0.0,304.9,19.13,2.0,3.517,-1.0,1.125,1.9,4903
2015-12-24 23:18:00,0.0,0.0,0.0,0.0,0.0,0.0,2.0,289769.0,32.0,0.0,75.59999999999998,59.5,60.0,-0.103,9462.0,1374.0,1379.0,298603.0,-0.0759999999999999,-0.0279999999999999,0.1,-0.925,0.031,0.0819999999999999,1.0,0.655,274.0,276.0,277.0,277.0,0.818,276.0,0.7909999999999999,276.0,0.8359999999999999,275.0,0.003,13.7,2.0,3.0,0.0,20.13,0.0,-1.0,0.0,-0.002,0.0,-0.001,-0.002,0.0,-0.002,-0.002,0.0,0.508,0.0,-0.421,0.2789999999999999,0.0,18.15,18.18,18.26,52.71,18.14,18.05,18.64,0.0,-0.001,0.0,0.0,10.0,10.0,10.0,8.0,0.0,0.0,0.0,0.0,0.0,17.96,18.4,0.0,0.0,0.0,0.0,0.0,0.0,59.96,6000.0,-1.217,-0.2,2.0,0.0,0.2,0.2,-0.037,18.72,18.44,18.38,18.69,18.5,18.62,18.23,18.47,18.56,18.59,18.32,18.76,19.05,19.06,28.0,29.0,37.0,18.0,0.0,282.5,25.35,2.0,3.519,-1.0,1.057,2.0,4903
2015-12-24 23:19:00,0.0,0.0,0.0,0.0,0.0,0.0,2.0,289769.0,32.0,0.0,75.59999999999998,59.5,60.0,-0.103,9462.0,1374.0,1379.0,298603.0,-0.0759999999999999,-0.025,0.0919999999999999,-0.924,0.031,0.0819999999999999,1.0,0.6729999999999999,274.0,276.0,277.0,277.0,0.818,276.0,0.7909999999999999,276.0,0.8359999999999999,275.0,0.003,13.7,2.0,3.0,0.0,20.12,0.0,-1.367,0.0,-0.002,0.0,-0.001,-0.002,0.0,-0.002,-0.002,0.0,0.508,0.0,-0.406,0.2789999999999999,0.0,18.15,18.2,18.26,56.99,18.16,18.05,18.64,0.001,-0.001,0.0,-0.001,10.0,10.0,10.0,8.0,0.0,0.0,0.0,0.0,0.0,17.59,18.0,0.0,0.0,0.0,0.0,0.0,0.0,59.96,6000.0,-1.45,-0.2,2.0,0.0,0.2,0.2,-0.0379999999999999,18.71,18.44,18.38,18.69,18.49,18.62,18.23,18.47,18.56,18.6,18.32,18.76,19.06,19.04,28.0,29.0,37.0,17.99,0.0,281.0,26.41,2.0,3.516,-1.0,0.875,1.5,4903
2015-12-24 23:20:00,0.0,0.0,0.0,0.0,0.0,0.0,2.0,289769.0,32.0,0.0,75.59999999999998,59.5,60.0,-0.1019999999999999,9462.0,1374.0,1379.0,298603.0,-0.0759999999999999,-0.018,0.093,-0.924,0.031,0.0819999999999999,1.0,0.653,274.0,276.0,277.0,277.0,0.818,276.0,0.7909999999999999,276.0,0.8359999999999999,275.0,-0.008,13.41,2.0,1.0,0.0,20.13,0.0,-1.35,0.0,-0.003,0.0,-0.001,-0.002,0.0,-0.002,-0.001,0.1419999999999999,0.6069999999999999,0.0,-0.288,0.28,0.001,18.15,18.18,18.26,39.48,18.16,18.05,18.64,0.001,-0.001,0.001,0.0,10.0,10.0,10.0,8.0,0.0,0.0,0.0,0.0,0.0,18.3,18.42,0.0,0.0,0.0,0.0,0.0,0.0,59.97,6000.0,-1.5,-0.2,2.0,0.0,0.2,0.2,-0.0379999999999999,18.71,18.44,18.37,18.68,18.5,18.61,18.22,18.47,18.57,18.61,18.32,18.75,19.06,19.06,28.0,29.0,37.0,17.99,0.0,269.1,30.95,2.0,3.519,-1.0,1.045,1.9,4903
2015-12-24 23:21:00,0.0,0.0,0.0,0.0,0.0,0.0,2.0,289769.0,32.0,0.0,75.59999999999998,59.5,60.0,-0.1,9462.0,1374.0,1379.0,298603.0,-0.0759999999999999,-0.023,0.1,-0.924,0.032,0.083,1.0,0.665,274.0,276.0,277.0,277.0,0.818,276.0,0.7909999999999999,276.0,0.8359999999999999,275.0,0.0139999999999999,13.66,2.0,3.0,0.0,20.13,0.0,-1.167,0.0,-0.002,0.0,-0.001,-0.002,0.0,-0.002,-0.001,0.0,0.508,0.0,-0.436,0.2789999999999999,0.0,18.15,18.2,18.28,83.59999999999998,18.18,18.08,18.64,0.001,0.0,0.0,-0.001,10.0,10.0,10.0,8.0,0.0,0.0,0.0,0.0,0.0,17.76,18.15,0.0,0.0,0.0,0.0,0.0,0.0,59.97,6000.0,-1.35,-0.2,2.0,0.0,0.2,0.2,-0.0379999999999999,18.73,18.45,18.38,18.68,18.51,18.61,18.22,18.48,18.58,18.62,18.34,18.75,19.11,19.09,28.0,29.0,37.0,18.0,0.0,302.3,15.38,2.0,3.519,-1.0,1.035,1.5,4903
2015-12-24 23:22:00,0.0,0.0,0.0,0.0,0.0,0.0,2.0,289769.0,32.0,0.0,75.59999999999998,59.5,60.0,-0.1,9462.0,1374.0,1379.0,298603.0,-0.0759999999999999,-0.02,0.098,-0.924,0.032,0.083,1.0,0.67,274.0,276.0,277.0,277.0,0.818,276.0,0.7909999999999999,276.0,0.8359999999999999,275.0,0.003,13.7,2.0,3.0,0.0,20.13,0.0,-1.367,0.0,-0.002,0.0,-0.001,-0.002,0.0,-0.001,-0.001,0.0,0.508,0.0,-0.44,0.2789999999999999,0.0,18.15,18.23,18.26,39.19,18.14,18.05,18.64,0.001,0.0,0.001,-0.001,10.0,10.0,10.0,8.0,0.0,0.0,0.0,0.0,0.0,18.7,18.95,0.0,0.0,0.0,0.0,0.0,0.0,59.94,6000.0,-1.4,-0.2,2.0,0.0,0.2,0.2,-0.0379999999999999,18.74,18.47,18.4,18.69,18.53,18.63,18.24,18.5,18.62,18.64,18.36,18.77,19.11,19.07,28.0,29.0,37.0,18.0,0.0,258.6,33.52,2.0,3.519,-1.0,0.577,1.2,4903
2015-12-24 23:23:00,0.0,0.0,0.0,0.0,0.0,0.0,2.0,289769.0,32.0,0.0,75.59999999999998,59.5,60.0,-0.1019999999999999,9462.0,1374.0,1379.0,298603.0,-0.0759999999999999,-0.018,0.0969999999999999,-0.924,0.032,0.083,1.0,0.65,274.0,276.0,277.0,277.0,0.818,276.0,0.7909999999999999,276.0,0.8359999999999999,275.0,0.003,13.7,2.0,3.0,0.0,20.13,0.0,-1.567,0.0,-0.002,0.0,0.0,-0.001,0.0,0.0,0.0,0.0,0.508,0.0,-0.442,0.2789999999999999,0.0,18.15,18.26,18.24,50.01,18.16,18.07,18.65,0.001,-0.001,0.001,0.0,10.0,10.0,10.0,8.0,0.0,0.0,0.0,0.0,0.0,19.33,19.55,0.0,0.0,0.0,0.0,0.0,0.0,59.94,6000.0,-1.517,-0.2,2.0,0.0,0.2,0.2,-0.0379999999999999,18.76,18.5,18.42,18.71,18.56,18.64,18.26,18.52,18.63,18.66,18.37,18.78,19.1,19.06,28.0,29.0,37.0,18.0,0.0,270.8,27.3,2.0,3.519,-1.0,0.698,1.5,4903
2015-12-24 23:24:00,0.0,0.0,0.0,0.0,0.0,0.0,2.0,289769.0,32.0,0.0,75.59999999999998,59.5,60.0,-0.1019999999999999,9462.0,1374.0,1379.0,298603.0,-0.0759999999999999,-0.025,0.0919999999999999,-0.924,0.031,0.0819999999999999,1.0,0.645,274.0,276.0,277.0,277.0,0.818,276.0,0.7909999999999999,276.0,0.8359999999999999,275.0,0.003,13.7,2.0,3.0,0.0,20.13,0.0,-1.617,0.0,-0.002,0.0,0.0,-0.001,0.0,0.0,0.0,0.0,0.508,0.0,-0.421,0.2789999999999999,0.0,18.15,18.33,18.24,117.1,18.22,18.05,18.7,0.001,0.0,0.001,0.0,10.0,10.0,10.0,8.0,0.0,0.0,0.0,0.0,0.0,18.87,19.13,0.0,0.0,0.0,0.0,0.0,0.0,59.96,6000.0,-1.633,-0.2,2.0,0.0,0.2,0.2,-0.0379999999999999,18.78,18.51,18.43,18.72,18.55,18.65,18.27,18.53,18.62,18.66,18.38,18.8,19.09,19.05,28.0,29.0,37.0,18.01,0.0,280.1,42.82,2.0,3.521,-1.0,0.382,0.8,4903
2015-12-24 23:25:00,0.0,0.0,0.0,0.0,0.0,0.0,2.0,289769.0,32.0,0.0,75.59999999999998,59.5,60.0,-0.1019999999999999,9462.0,1374.0,1379.0,298603.0,-0.0759999999999999,-0.0299999999999999,0.093,-0.924,0.031,0.0819999999999999,1.0,0.643,274.0,276.0,277.0,277.0,0.818,276.0,0.7909999999999999,276.0,0.8359999999999999,275.0,0.003,13.7,2.0,3.0,0.0,20.13,0.0,-1.5830000000000002,0.0,-0.002,0.0,0.001,0.0,0.0,0.0,0.0,0.0,0.508,0.0,-0.417,0.2789999999999999,0.0,18.15,18.28,18.33,40.7,18.26,18.05,18.74,0.001,0.0,0.001,0.0,10.0,10.0,10.0,8.0,0.0,0.0,0.0,0.0,0.0,18.66,18.78,0.0,0.0,0.0,0.0,0.0,0.0,59.97,6000.0,-1.5,-0.2,2.0,0.0,0.2,0.2,-0.0379999999999999,18.79,18.52,18.45,18.74,18.56,18.67,18.28,18.54,18.63,18.68,18.39,18.81,19.12,19.07,28.0,29.0,37.0,18.03,0.0,241.2,44.03,2.0,3.521,-1.0,0.887,1.5,4903
2015-12-24 23:26:00,0.0,0.0,0.0,0.0,0.0,0.0,2.0,289769.0,32.0,0.0,75.59999999999998,59.5,60.0,-0.1,9462.0,1374.0,1379.0,298603.0,-0.0759999999999999,-0.047,0.083,-0.925,0.031,0.0819999999999999,1.0,0.632,273.7,275.5,276.8,277.0,0.818,275.3,0.7909999999999999,276.0,0.8359999999999999,274.9,0.003,13.41,2.0,1.0,0.0,20.13,0.0,-1.55,0.0,-0.001,0.0,0.0,0.0,0.0,0.0,0.0,0.19,0.649,0.0,-0.222,0.2789999999999999,0.001,18.15,18.26,18.29,32.31,18.24,18.05,18.72,0.001,-0.001,0.001,-0.001,10.0,10.0,10.0,8.0,0.0,0.0,0.0,0.0,0.0,19.63,19.97,0.0,0.0,0.0,0.0,0.0,0.0,59.98,6000.0,-1.4169999999999998,-0.2,2.0,0.0,0.2,0.2,-0.0379999999999999,18.79,18.53,18.47,18.74,18.56,18.67,18.29,18.56,18.66,18.69,18.41,18.82,19.14,19.11,28.0,29.0,37.0,18.05,0.0,231.3,30.01,2.0,3.517,-1.0,0.442,0.8,4903
2015-12-24 23:27:00,0.0,0.0,0.0,0.0,0.0,0.0,2.0,289769.0,32.0,0.0,75.59999999999998,59.5,60.0,-0.1019999999999999,9462.0,1374.0,1379.0,298603.0,-0.0759999999999999,-0.0299999999999999,0.085,-0.925,0.031,0.0819999999999999,1.0,0.63,273.6,275.3,276.6,277.0,0.818,275.0,0.7909999999999999,276.0,0.8359999999999999,274.9,0.003,13.7,2.0,3.0,0.0,20.13,0.0,-1.4169999999999998,0.0,-0.001,0.0,0.0,0.0,0.0,0.0,0.0,0.0,0.508,0.0,-0.427,0.2789999999999999,0.0,18.23,18.27,18.35,38.52,18.24,18.14,18.74,0.001,0.0,0.001,0.0,10.0,10.0,10.0,8.0,0.0,0.0,0.0,0.0,0.0,19.78,19.92,0.0,0.0,0.0,0.0,0.0,0.0,59.97,6000.0,-1.55,-0.2,2.0,0.0,0.2,0.2,-0.0379999999999999,18.79,18.54,18.47,18.75,18.58,18.67,18.29,18.57,18.66,18.71,18.42,18.83,19.12,19.1,28.0,29.0,37.0,18.07,0.0,238.6,15.05,2.0,3.517,-1.0,0.77,1.1,4903
2015-12-24 23:28:00,0.0,0.0,0.0,0.0,0.0,0.0,2.0,289769.0,32.0,0.0,75.59999999999998,59.5,60.0,-0.1,9462.0,1374.0,1379.0,298603.0,-0.0759999999999999,-0.033,0.095,-0.925,0.031,0.0819999999999999,1.0,0.637,273.4,275.1,276.7,277.0,0.818,275.0,0.7909999999999999,276.0,0.8359999999999999,275.0,0.003,13.7,2.0,3.0,0.0,20.13,0.0,-1.217,0.0,-0.001,0.0,0.001,0.0,0.0,0.0,0.0,0.0,0.508,0.0,-0.4229999999999999,0.2789999999999999,0.0,18.25,18.28,18.34,39.49,18.26,18.14,18.74,0.001,-0.001,0.001,0.0,10.0,10.0,10.0,8.0,0.0,0.0,0.0,0.0,0.0,19.29,19.55,0.0,0.0,0.0,0.0,0.0,0.0,59.96,6000.0,-1.283,-0.2,2.0,0.0,0.2,0.2,-0.0379999999999999,18.79,18.54,18.47,18.75,18.57,18.67,18.29,18.58,18.67,18.71,18.43,18.83,19.14,19.14,28.0,29.0,37.0,18.09,0.0,291.3,25.7,2.0,3.519,-1.0,0.702,1.2,4903
2015-12-24 23:29:00,0.0,0.0,0.0,0.0,0.0,0.0,2.0,289769.0,32.0,0.0,75.59999999999998,59.5,60.0,-0.1,9462.0,1374.0,1379.0,298603.0,-0.0759999999999999,-0.0279999999999999,0.0819999999999999,-0.925,0.031,0.0819999999999999,1.0,0.638,273.4,275.3,276.9,277.0,0.818,275.2,0.7909999999999999,276.0,0.8359999999999999,275.0,0.003,13.7,2.0,3.0,0.0,20.13,0.0,-1.15,0.0,0.0,0.0,0.001,0.0,0.0,-0.001,0.0,0.0,0.508,0.0,-0.4039999999999999,0.2789999999999999,0.0,18.25,18.28,18.34,35.32,18.24,18.16,18.74,0.001,0.0,0.001,0.0,10.0,10.0,10.0,8.0,0.0,0.0,0.0,0.0,0.0,19.16,19.55,0.0,0.0,0.0,0.0,0.0,0.0,59.97,6000.0,-1.35,-0.2,2.0,0.0,0.2,0.2,-0.0379999999999999,18.78,18.54,18.48,18.75,18.57,18.68,18.3,18.58,18.67,18.71,18.43,18.83,19.15,19.15,28.0,29.0,37.0,18.1,0.0,255.7,30.8,2.0,3.521,-1.0,0.7369999999999999,1.4,4903
2015-12-24 23:30:00,0.0,0.0,0.0,0.0,0.0,0.0,2.0,289769.0,32.0,0.0,75.59999999999998,59.5,60.0,-0.1,9462.0,1374.0,1379.0,298603.0,-0.0759999999999999,-0.035,0.085,-0.925,0.031,0.0819999999999999,1.0,0.632,273.6,275.5,276.9,277.0,0.818,275.4,0.7909999999999999,276.0,0.8359999999999999,275.0,0.003,13.7,2.0,3.0,0.0,20.13,0.0,-1.183,0.0,-0.001,0.0,0.001,0.0,0.0,-0.001,0.0,0.0,0.508,0.0,-0.4099999999999999,0.2789999999999999,0.0,18.25,18.28,18.39,31.79,18.28,18.14,18.74,0.0,-0.001,0.001,0.0,10.0,10.0,10.0,8.0,0.0,0.0,0.0,0.0,0.0,18.52,18.72,0.0,0.0,0.0,0.0,0.0,0.0,59.95,6000.0,-1.4,-0.2,2.0,0.0,0.2,0.2,-0.0379999999999999,18.8,18.56,18.49,18.76,18.59,18.69,18.31,18.58,18.67,18.72,18.43,18.85,19.14,19.15,28.0,29.0,37.0,18.12,0.0,260.8,23.08,2.0,3.519,-1.0,1.092,1.9,4903
2015-12-24 23:31:00,0.0,0.0,0.0,0.0,0.0,0.0,2.0,289769.0,32.0,0.0,75.59999999999998,59.5,60.0,-0.1,9462.0,1374.0,1379.0,298603.0,-0.0759999999999999,-0.025,0.0969999999999999,-0.924,0.031,0.0819999999999999,1.0,0.652,273.7,275.7,277.0,277.0,0.818,275.8,0.7909999999999999,276.0,0.8359999999999999,275.0,-0.001,13.49,2.0,3.0,0.0,20.13,0.0,-1.033,0.0,0.0,0.0,0.0,0.0,0.0,0.0,-0.001,0.1989999999999999,0.6559999999999999,0.0,-0.222,0.2789999999999999,0.001,18.25,18.33,18.37,60.76,18.28,18.16,18.74,0.001,-0.001,0.0,0.0,10.0,10.0,10.0,8.0,0.0,0.0,0.0,0.0,0.0,19.09,19.4,0.0,0.0,0.0,0.0,0.0,0.0,59.95,6000.0,-1.3,-0.2,2.0,0.0,0.2,0.2,-0.0379999999999999,18.81,18.56,18.5,18.76,18.58,18.69,18.31,18.59,18.68,18.72,18.44,18.85,19.14,19.14,28.0,29.0,37.0,18.13,0.0,300.2,23.51,2.0,3.521,-1.0,0.51,0.8,4903
2015-12-24 23:32:00,0.0,0.0,0.0,0.0,0.0,0.0,2.0,289769.0,32.0,0.0,75.59999999999998,59.5,60.0,-0.1,9462.0,1374.0,1379.0,298603.0,-0.0759999999999999,-0.017,0.0899999999999999,-0.925,0.031,0.0819999999999999,1.0,0.637,274.0,276.0,277.0,277.0,0.818,275.8,0.7909999999999999,276.0,0.8359999999999999,275.0,0.008,13.7,2.0,3.0,0.0,20.13,0.0,-1.183,0.0,0.0,0.0,0.0,0.0,0.0,-0.001,0.0,0.0,0.508,0.0,-0.4249999999999999,0.2789999999999999,0.0,18.25,18.36,18.34,41.25,18.32,18.14,18.74,0.001,-0.001,0.001,0.0,10.0,10.0,10.0,8.0,0.0,0.0,0.0,0.0,0.0,19.69,19.85,0.0,0.0,0.0,0.0,0.0,0.0,59.97,6000.0,-1.4169999999999998,-0.2,2.0,0.0,0.2,0.2,-0.0379999999999999,18.8,18.56,18.49,18.76,18.57,18.68,18.3,18.59,18.69,18.72,18.44,18.84,19.13,19.13,28.0,29.0,37.0,18.13,0.0,268.7,18.69,2.0,3.521,-1.0,0.53,0.8,4903
2015-12-24 23:33:00,0.0,0.0,0.0,0.0,0.0,0.0,2.0,289769.0,32.0,0.0,75.59999999999998,59.5,60.0,-0.1019999999999999,9462.0,1374.0,1379.0,298603.0,-0.0759999999999999,-0.0279999999999999,0.085,-0.925,0.031,0.0819999999999999,1.0,0.632,274.0,276.0,277.0,277.0,0.818,276.0,0.7909999999999999,276.0,0.8359999999999999,275.0,0.003,13.7,2.0,3.0,0.0,20.13,0.0,-1.067,0.0,-0.001,0.0,0.001,-0.001,0.0,-0.001,-0.001,0.0,0.508,0.0,-0.4039999999999999,0.2789999999999999,0.0,18.25,18.35,18.37,51.96,18.34,18.16,18.74,0.001,-0.001,0.0,0.0,10.0,10.0,10.0,8.0,0.0,0.0,0.0,0.0,0.0,18.64,19.0,0.0,0.0,0.0,0.0,0.0,0.0,59.98,6000.0,-1.267,-0.2,2.0,0.0,0.2,0.2,-0.0379999999999999,18.8,18.56,18.49,18.76,18.58,18.67,18.3,18.6,18.68,18.72,18.45,18.84,19.12,19.13,28.0,29.0,37.0,18.13,0.0,285.5,34.58,2.0,3.518,-1.0,0.3029999999999999,0.5,4903
2015-12-24 23:34:00,0.0,0.0,0.0,0.0,0.0,0.0,2.0,289769.0,32.0,0.0,75.59999999999998,59.5,60.0,-0.1019999999999999,9462.0,1374.0,1379.0,298603.0,-0.0759999999999999,-0.023,0.098,-0.925,0.031,0.0819999999999999,1.0,0.638,274.0,276.0,277.0,277.0,0.818,276.0,0.7909999999999999,276.0,0.8359999999999999,275.0,0.003,13.7,2.0,3.0,0.0,20.14,0.0,-1.133,0.0,0.0,0.0,0.0,0.0,0.0,-0.001,0.0,0.0,0.508,0.0,-0.4289999999999999,0.2789999999999999,0.0,18.3,18.39,18.39,119.1,18.29,18.16,18.74,0.0,-0.001,0.001,0.0,10.0,10.0,10.0,8.0,0.0,0.0,0.0,0.0,0.0,18.67,18.9,0.0,0.0,0.0,0.0,0.0,0.0,59.97,6000.0,-1.4,-0.2,2.0,0.0,0.2,0.2,-0.0379999999999999,18.8,18.56,18.49,18.76,18.58,18.68,18.3,18.6,18.68,18.73,18.45,18.85,19.11,19.11,28.0,29.0,37.0,18.14,0.0,288.6,18.47,2.0,3.521,-1.0,0.943,1.9,4903
2015-12-24 23:35:00,0.0,0.0,0.0,0.0,0.0,0.0,2.0,289769.0,32.0,0.0,75.59999999999998,59.5,60.0,-0.1,9462.0,1374.0,1379.0,298603.0,-0.0759999999999999,-0.0149999999999999,0.1,-0.925,0.031,0.0819999999999999,1.0,0.642,274.0,276.0,277.0,277.0,0.818,276.0,0.7909999999999999,276.0,0.8359999999999999,275.0,0.003,13.7,2.0,3.0,0.0,20.15,0.0,-1.233,0.0,-0.001,0.0,0.0,-0.001,0.0,-0.001,-0.001,0.0,0.508,0.0,-0.4229999999999999,0.2789999999999999,0.0,18.26,18.37,18.35,130.1,18.3,18.16,18.74,0.001,-0.001,0.001,0.0,10.0,10.0,10.0,8.0,0.0,0.0,0.0,0.0,0.0,20.71,21.0,0.0,0.0,0.0,0.0,0.0,0.0,59.97,6000.0,-1.35,-0.2,2.0,0.0,0.2,0.2,-0.0379999999999999,18.79,18.54,18.49,18.76,18.58,18.68,18.3,18.59,18.67,18.71,18.44,18.84,19.08,19.12,28.0,29.0,37.0,18.13,0.0,258.5,25.67,2.0,3.519,-1.0,1.545,2.7,4903
2015-12-24 23:36:00,0.0,0.0,0.0,0.0,0.0,0.0,2.0,289769.0,32.0,0.0,75.59999999999998,59.5,60.0,-0.103,9462.0,1374.0,1379.0,298603.0,-0.0759999999999999,-0.018,0.0919999999999999,-0.925,0.031,0.0819999999999999,1.0,0.655,274.0,276.0,277.0,277.0,0.818,276.0,0.7909999999999999,276.0,0.8359999999999999,275.0,0.005,13.7,2.0,3.0,0.0,20.14,0.0,-1.233,0.0,-0.001,0.0,-0.001,-0.002,0.0,-0.002,-0.001,0.214,0.677,0.0,-0.178,0.2789999999999999,0.0,18.25,18.37,18.35,60.02,18.26,18.14,18.74,0.001,0.0,0.001,0.0,10.0,10.0,10.0,8.0,0.0,0.0,0.0,0.0,0.0,17.71,18.0,0.0,0.0,0.0,0.0,0.0,0.0,59.98,6000.0,-1.317,-0.2,2.0,0.0,0.2,0.2,-0.0379999999999999,18.79,18.53,18.48,18.75,18.57,18.67,18.29,18.57,18.66,18.7,18.42,18.83,19.07,19.13,28.0,29.0,37.0,18.12,0.0,279.5,22.66,2.0,3.517,-1.0,0.903,1.4,4903
2015-12-24 23:37:00,0.0,0.0,0.0,0.0,0.0,0.0,2.0,289769.0,32.0,0.0,75.59999999999998,59.5,60.0,-0.103,9462.0,1374.0,1379.0,298603.0,-0.0759999999999999,-0.022,0.1,-0.925,0.031,0.0819999999999999,1.0,0.65,274.0,276.0,277.0,277.0,0.818,276.0,0.7909999999999999,276.0,0.8359999999999999,275.0,0.001,13.56,2.0,1.0,0.0,20.15,0.0,-1.133,0.0,-0.001,0.0,-0.001,-0.001,0.0,-0.001,-0.001,-0.009,0.508,0.0,-0.436,0.2789999999999999,0.001,18.25,18.36,18.34,73.45999999999998,18.26,18.14,18.74,0.001,-0.001,0.0,-0.001,10.0,10.0,10.0,8.0,0.0,0.0,0.0,0.0,0.0,18.48,18.65,0.0,0.0,0.0,0.0,0.0,0.0,59.98,6000.0,-1.3330000000000002,-0.2,2.0,0.0,0.2,0.2,-0.0379999999999999,18.79,18.53,18.49,18.74,18.57,18.67,18.29,18.57,18.66,18.7,18.42,18.83,19.07,19.19,28.0,29.0,37.0,18.13,0.0,296.0,14.7,2.0,3.519,-1.0,1.283,2.5,4903
2015-12-24 23:38:00,0.0,0.0,0.0,0.0,0.0,0.0,2.0,289769.0,32.0,0.0,75.59999999999998,59.5,60.0,-0.1019999999999999,9462.0,1374.0,1379.0,298603.0,-0.0759999999999999,-0.023,0.098,-0.925,0.031,0.083,1.0,0.6779999999999999,274.0,276.0,277.0,277.0,0.818,276.0,0.7909999999999999,276.0,0.8359999999999999,275.0,0.003,13.7,2.0,3.0,0.0,20.15,0.0,-1.067,0.0,-0.001,0.0,0.0,-0.002,0.0,-0.001,-0.001,0.0,0.508,0.0,-0.421,0.2789999999999999,0.0,18.28,18.38,18.34,73.12,18.34,18.14,18.74,0.0,-0.001,0.001,0.0,10.0,10.0,10.0,8.0,0.0,0.0,0.0,0.0,0.0,19.49,19.75,0.0,0.0,0.0,0.0,0.0,0.0,59.97,6000.0,-1.233,-0.2,2.0,0.0,0.2,0.2,-0.0379999999999999,18.8,18.54,18.49,18.76,18.59,18.68,18.3,18.58,18.67,18.7,18.43,18.84,19.07,19.21,28.0,29.0,37.0,18.15,0.0,292.9,29.64,2.0,3.519,-1.0,1.007,2.2,4903
2015-12-24 23:39:00,0.0,0.0,0.0,0.0,0.0,0.0,2.0,289769.0,32.0,0.0,75.59999999999998,59.5,60.0,-0.103,9462.0,1374.0,1379.0,298603.0,-0.0759999999999999,-0.017,0.095,-0.924,0.032,0.083,1.0,0.672,274.0,276.0,277.0,277.0,0.818,276.0,0.7909999999999999,276.0,0.8359999999999999,275.0,0.003,13.7,2.0,3.0,0.0,20.15,0.0,-1.033,0.0,-0.001,0.0,0.0,-0.002,0.0,-0.001,-0.001,0.0,0.508,0.0,-0.4249999999999999,0.2789999999999999,0.0,18.28,18.39,18.34,13.09,18.34,18.16,18.74,0.001,0.0,0.0,0.0,10.0,10.0,10.0,8.0,0.0,0.0,0.0,0.0,0.0,18.63,19.0,0.0,0.0,0.0,0.0,0.0,0.0,59.96,6000.0,-1.283,-0.2,2.0,0.0,0.2,0.2,-0.0379999999999999,18.81,18.55,18.5,18.76,18.58,18.68,18.3,18.57,18.66,18.69,18.41,18.85,19.06,19.2,28.0,29.0,37.0,18.15,0.0,274.3,26.22,2.0,3.519,-1.0,0.642,1.0,4903
2015-12-24 23:40:00,0.0,0.0,0.0,0.0,0.0,0.0,2.0,289769.0,32.0,0.0,75.59999999999998,59.5,60.0,-0.1,9462.0,1374.0,1379.0,298603.0,-0.0759999999999999,-0.02,0.1,-0.924,0.032,0.083,1.0,0.698,274.0,276.0,277.0,277.0,0.818,276.0,0.7909999999999999,276.0,0.8359999999999999,275.0,0.003,13.7,2.0,3.0,0.0,20.15,0.0,-1.35,0.0,-0.001,0.0,-0.001,-0.002,0.0,-0.001,-0.001,0.0,0.508,0.0,-0.4079999999999999,0.2789999999999999,0.0,18.3,18.37,18.38,68.77,18.26,18.14,18.74,0.001,0.0,0.001,0.0,10.0,10.0,10.0,8.0,0.0,0.0,0.0,0.0,0.0,18.77,19.02,0.0,0.0,0.0,0.0,0.0,0.0,59.95,6000.0,-1.283,-0.2,2.0,0.0,0.2,0.2,-0.0379999999999999,18.81,18.55,18.5,18.76,18.58,18.68,18.3,18.57,18.67,18.7,18.43,18.85,19.07,19.18,28.0,29.0,37.0,18.16,0.0,262.0,35.15,2.0,3.521,-1.0,0.928,1.6,4903
2015-12-24 23:41:00,0.0,0.0,0.0,0.0,0.0,0.0,2.0,289769.0,32.0,0.0,75.59999999999998,59.5,60.0,-0.1,9462.0,1374.0,1379.0,298603.0,-0.0759999999999999,-0.018,0.1,-0.924,0.032,0.083,1.0,0.6779999999999999,274.0,276.0,277.0,277.0,0.818,276.0,0.7909999999999999,276.0,0.8359999999999999,275.0,0.003,13.7,2.0,3.0,0.0,20.15,0.0,-1.167,0.0,-0.001,0.0,0.0,-0.001,0.0,-0.001,-0.001,0.0,0.508,0.0,-0.4249999999999999,0.2789999999999999,0.0,18.35,18.41,18.41,25.18,18.29,18.16,18.74,0.001,-0.001,0.001,0.0,10.0,10.0,10.0,8.0,0.0,0.0,0.0,0.0,0.0,19.14,19.48,0.0,0.0,0.0,0.0,0.0,0.0,59.95,6000.0,-1.3330000000000002,-0.2,2.0,0.0,0.2,0.2,-0.0379999999999999,18.81,18.55,18.5,18.76,18.58,18.68,18.3,18.58,18.68,18.72,18.44,18.85,19.1,19.21,28.0,29.0,37.0,18.18,0.0,262.5,23.73,2.0,3.519,-1.0,1.078,1.9,4903
2015-12-24 23:42:00,0.0,0.0,0.0,0.0,0.0,0.0,2.0,289769.0,32.0,0.0,75.59999999999998,59.5,60.0,-0.1019999999999999,9462.0,1374.0,1379.0,298603.0,-0.0759999999999999,-0.0279999999999999,0.095,-0.924,0.031,0.0819999999999999,1.0,0.65,274.0,276.0,277.0,277.0,0.818,276.0,0.7909999999999999,276.0,0.8359999999999999,275.0,0.003,13.59,2.0,1.0,0.0,20.15,0.0,-1.1,0.0,-0.001,0.0,-0.001,-0.002,0.0,-0.001,-0.001,0.2979999999999999,0.753,0.0,-0.083,0.2789999999999999,0.001,18.35,18.39,18.46,22.43,18.32,18.16,18.74,0.001,0.0,0.001,0.0,10.0,10.0,10.0,8.0,0.0,0.0,0.0,0.0,0.0,20.98,21.22,0.0,0.0,0.0,0.0,0.0,0.0,59.95,6000.0,-1.317,-0.2,2.0,0.0,0.2,0.2,-0.0379999999999999,18.81,18.54,18.5,18.75,18.59,18.68,18.3,18.59,18.68,18.72,18.44,18.84,19.1,19.24,28.0,29.0,37.0,18.2,0.0,284.9,29.27,2.0,3.521,-1.0,0.7219999999999999,1.4,4903
2015-12-24 23:43:00,0.0,0.0,0.0,0.0,0.0,0.0,2.0,289769.0,32.0,0.0,75.59999999999998,59.5,60.0,-0.105,9462.0,1374.0,1379.0,298603.0,-0.0759999999999999,-0.017,0.1,-0.924,0.031,0.083,1.0,0.65,274.0,276.0,277.0,277.0,0.818,276.0,0.7909999999999999,276.0,0.8359999999999999,275.0,0.003,13.7,2.0,3.0,0.0,20.15,0.0,-1.117,0.0,-0.001,0.0,0.0,-0.002,0.0,-0.001,-0.001,0.0,0.508,0.0,-0.421,0.2789999999999999,0.0,18.3,18.36,18.37,16.35,18.31,18.14,18.74,0.001,0.0,0.001,0.0,10.0,10.0,10.0,8.0,0.0,0.0,0.0,0.0,0.0,17.42,17.67,0.0,0.0,0.0,0.0,0.0,0.0,59.97,6000.0,-1.283,-0.2,2.0,0.0,0.2,0.2,-0.0379999999999999,18.81,18.54,18.49,18.74,18.59,18.67,18.29,18.57,18.68,18.7,18.43,18.83,19.12,19.24,28.0,29.0,37.0,18.19,0.0,278.0,16.75,2.0,3.519,-1.0,0.8,1.6,4903
2015-12-24 23:44:00,0.0,0.0,0.0,0.0,0.0,0.0,2.0,289769.0,32.0,0.0,75.59999999999998,59.5,60.0,-0.103,9462.0,1374.0,1379.0,298603.0,-0.0759999999999999,-0.022,0.1,-0.924,0.031,0.083,1.0,0.665,274.0,276.0,277.0,277.0,0.818,276.0,0.7909999999999999,276.0,0.8359999999999999,275.0,0.003,13.7,2.0,3.0,0.0,20.15,0.0,-1.017,0.0,-0.002,0.0,-0.001,-0.002,0.0,-0.002,-0.001,0.0,0.508,0.0,-0.4189999999999999,0.2789999999999999,0.0,18.25,18.36,18.34,24.35,18.24,18.16,18.74,0.001,0.0,0.001,0.0,10.0,10.0,10.0,8.0,0.0,0.0,0.0,0.0,0.0,18.86,19.18,0.0,0.0,0.0,0.0,0.0,0.0,59.97,6000.0,-1.233,-0.2,2.0,0.0,0.2,0.2,-0.0379999999999999,18.8,18.53,18.48,18.73,18.58,18.66,18.28,18.57,18.67,18.7,18.42,18.82,19.11,19.21,28.0,29.0,37.0,18.19,0.0,264.3,11.96,2.0,3.521,-1.0,0.895,1.4,4903
2015-12-24 23:45:00,0.0,0.0,0.0,0.0,0.0,0.0,2.0,289769.0,32.0,0.0,75.59999999999998,59.5,60.0,-0.1019999999999999,9462.0,1374.0,1379.0,298603.0,-0.0759999999999999,-0.0149999999999999,0.098,-0.924,0.032,0.083,1.0,0.6629999999999999,274.0,276.0,277.0,277.0,0.818,276.0,0.7909999999999999,276.0,0.8359999999999999,275.0,0.003,13.7,2.0,3.0,0.0,20.16,0.0,-1.117,0.0,-0.002,0.0,-0.001,-0.002,0.0,-0.002,-0.002,0.0,0.508,0.0,-0.396,0.2789999999999999,0.0,18.25,18.36,18.36,55.47,18.24,18.14,18.74,0.001,-0.001,0.0,0.0,10.0,10.0,10.0,8.0,0.0,0.0,0.0,0.0,0.0,18.3,18.68,0.0,0.0,0.0,0.0,0.0,0.0,59.96,6000.0,-1.35,-0.2,2.0,0.0,0.2,0.2,-0.0379999999999999,18.82,18.55,18.49,18.74,18.59,18.67,18.28,18.58,18.67,18.71,18.43,18.83,19.1,19.21,28.0,29.0,37.0,18.19,0.0,268.5,27.25,2.0,3.519,-1.0,1.3230000000000002,2.3,4903
2015-12-24 23:46:00,0.0,0.0,0.0,0.0,0.0,0.0,2.0,289769.0,32.0,0.0,75.59999999999998,59.5,60.0,-0.1019999999999999,9462.0,1374.0,1379.0,298603.0,-0.0759999999999999,-0.02,0.095,-0.925,0.031,0.083,1.0,0.67,274.0,276.0,277.0,277.0,0.818,276.0,0.7909999999999999,276.0,0.8359999999999999,275.0,0.003,13.7,2.0,3.0,0.0,20.16,0.0,-1.05,0.0,-0.002,0.0,-0.001,-0.003,0.0,-0.001,-0.002,0.0,0.508,0.0,-0.4,0.2789999999999999,0.0,18.25,18.34,18.34,26.05,18.26,18.16,18.72,0.001,0.0,0.0,0.0,10.0,10.0,10.0,8.0,0.0,0.0,0.0,0.0,0.0,19.45,19.67,0.0,0.0,0.0,0.0,0.0,0.0,59.96,6000.0,-1.267,-0.2,2.0,0.0,0.2,0.2,-0.0379999999999999,18.82,18.54,18.49,18.73,18.6,18.66,18.28,18.57,18.67,18.7,18.42,18.83,19.1,19.26,28.0,29.0,37.0,18.19,0.0,277.3,21.47,2.0,3.519,-1.0,1.332,2.4,4903
2015-12-24 23:47:00,0.0,0.0,0.0,0.0,0.0,0.0,2.0,289769.0,32.0,0.0,75.59999999999998,59.5,60.0,-0.1019999999999999,9462.0,1374.0,1379.0,298603.0,-0.0759999999999999,-0.02,0.098,-0.924,0.032,0.083,1.0,0.677,274.0,276.0,277.0,277.0,0.818,276.0,0.7909999999999999,276.0,0.8359999999999999,275.0,0.011,13.49,2.0,3.0,0.0,20.18,0.0,-1.1,0.0,-0.002,0.0,-0.002,-0.003,0.0,-0.001,-0.001,0.1939999999999999,0.6559999999999999,0.0,-0.214,0.278,0.001,18.25,18.32,18.34,21.13,18.24,18.14,18.74,0.001,-0.001,0.0,-0.001,10.0,10.0,10.0,8.0,0.0,0.0,0.0,0.0,0.0,19.6,19.92,0.0,0.0,0.0,0.0,0.0,0.0,59.96,6000.0,-1.4169999999999998,-0.2,2.0,0.0,0.2,0.2,-0.0379999999999999,18.83,18.55,18.49,18.73,18.6,18.67,18.27,18.57,18.67,18.7,18.42,18.83,19.12,19.25,28.0,29.0,37.0,18.19,0.0,252.9,19.31,2.0,3.521,-1.0,1.178,1.8,4903
2015-12-24 23:48:00,0.0,0.0,0.0,0.0,0.0,0.0,2.0,289769.0,32.0,0.0,75.59999999999998,59.5,60.0,-0.103,9462.0,1374.0,1379.0,298603.0,-0.0759999999999999,-0.023,0.1,-0.924,0.032,0.083,1.0,0.67,274.0,276.0,277.0,277.0,0.818,276.0,0.7909999999999999,276.0,0.8359999999999999,275.0,-0.005,13.49,2.0,3.0,0.0,20.18,0.0,-1.167,0.0,-0.003,0.0,-0.001,-0.003,0.0,-0.001,-0.002,0.0,0.508,0.0,-0.406,0.2789999999999999,0.001,18.25,18.33,18.34,64.99,18.24,18.14,18.74,0.001,-0.001,0.0,-0.001,10.0,10.0,10.0,8.0,0.0,0.0,0.0,0.0,0.0,17.87,18.08,0.0,0.0,0.0,0.0,0.0,0.0,59.97,6000.0,-1.3,-0.2,2.0,0.0,0.2,0.2,-0.0379999999999999,18.84,18.55,18.49,18.72,18.59,18.66,18.27,18.57,18.68,18.71,18.42,18.83,19.15,19.24,28.0,29.0,37.0,18.18,0.0,281.3,25.29,2.0,3.521,-1.0,1.02,1.7,4903
2015-12-24 23:49:00,0.0,0.0,0.0,0.0,0.0,0.0,2.0,289769.0,32.0,0.0,75.59999999999998,59.5,60.0,-0.1,9462.0,1374.0,1379.0,298603.0,-0.0759999999999999,-0.017,0.098,-0.924,0.032,0.083,1.0,0.675,274.0,276.0,277.0,277.0,0.818,276.0,0.7909999999999999,276.0,0.8359999999999999,275.0,0.003,13.7,2.0,3.0,0.0,20.18,0.0,-1.267,0.0,-0.003,-0.001,-0.001,-0.002,0.0,-0.001,-0.002,0.0,0.508,0.0,-0.421,0.2789999999999999,0.0,18.25,18.37,18.34,83.7,18.26,18.14,18.74,0.001,-0.001,0.001,0.0,10.0,10.0,10.0,8.0,0.0,0.0,0.0,0.0,0.0,18.54,18.75,0.0,0.0,0.0,0.0,0.0,0.0,59.95,6000.0,-1.45,-0.2,2.0,0.0,0.2,0.2,-0.0379999999999999,18.84,18.57,18.5,18.73,18.61,18.68,18.28,18.58,18.69,18.72,18.43,18.84,19.16,19.26,28.0,29.0,37.0,18.19,0.0,288.5,30.43,2.0,3.521,-1.0,1.073,1.9,4903
2015-12-24 23:50:00,0.0,0.0,0.0,0.0,0.0,0.0,2.0,289769.0,32.0,0.0,75.59999999999998,59.5,60.0,-0.1019999999999999,9462.0,1374.0,1379.0,298603.0,-0.0759999999999999,-0.018,0.1,-0.924,0.032,0.083,1.0,0.66,274.0,276.0,277.0,277.0,0.818,276.0,0.7909999999999999,276.0,0.8359999999999999,275.0,0.003,13.7,2.0,3.0,0.0,20.18,0.0,-1.217,0.0,-0.003,-0.003,-0.001,-0.002,0.0,-0.002,-0.002,0.0,0.508,-0.001,-0.4249999999999999,0.2789999999999999,0.0,18.25,18.32,18.35,28.48,18.26,18.18,18.74,0.001,-0.001,0.001,-0.001,10.0,10.0,10.0,8.0,0.0,0.0,0.0,0.0,0.0,17.24,17.52,0.0,0.0,0.0,0.0,0.0,0.0,59.97,6000.0,-1.433,-0.2,2.0,0.0,0.2,0.2,-0.0379999999999999,18.83,18.56,18.5,18.73,18.59,18.67,18.27,18.57,18.68,18.71,18.42,18.83,19.14,19.23,28.0,29.0,37.0,18.19,0.0,295.9,17.25,2.0,3.521,-1.0,1.043,1.8,4903
2015-12-24 23:51:00,0.0,0.0,0.0,0.0,0.0,0.0,2.0,289769.0,32.0,0.0,75.59999999999998,59.5,60.0,-0.1,9462.0,1374.0,1379.0,298603.0,-0.0759999999999999,-0.018,0.1,-0.924,0.032,0.083,1.0,0.653,274.0,276.0,277.0,277.0,0.818,276.0,0.7909999999999999,276.0,0.8359999999999999,275.0,0.003,13.7,2.0,3.0,0.0,20.18,0.0,-1.167,0.0,-0.003,-0.003,-0.001,-0.001,0.0,-0.002,-0.002,0.0,0.508,0.0,-0.432,0.2789999999999999,0.0,18.25,18.37,18.34,26.93,18.24,18.14,18.74,0.001,0.0,0.001,0.0,10.0,10.0,10.0,8.0,0.0,0.0,0.0,0.0,0.0,17.87,18.02,0.0,0.0,0.0,0.0,0.0,0.0,59.97,6000.0,-1.3330000000000002,-0.2,2.0,0.0,0.2,0.2,-0.0379999999999999,18.83,18.56,18.5,18.74,18.61,18.68,18.29,18.58,18.68,18.71,18.43,18.84,19.12,19.23,28.0,29.0,37.0,18.2,0.0,288.2,19.74,2.0,3.519,-1.0,1.222,2.1,4903
2015-12-24 23:52:00,0.0,0.0,0.0,0.0,0.0,0.0,2.0,289769.0,32.0,0.0,75.59999999999998,59.5,60.0,-0.103,9462.0,1374.0,1379.0,298603.0,-0.0759999999999999,-0.023,0.1019999999999999,-0.925,0.031,0.083,1.0,0.667,274.0,276.0,277.0,277.0,0.818,276.0,0.7909999999999999,276.0,0.8359999999999999,275.0,0.003,13.7,2.0,3.0,0.0,20.18,0.0,-1.1,0.0,-0.003,-0.002,-0.001,-0.002,0.0,-0.002,-0.002,0.0,0.508,0.0,-0.4149999999999999,0.2789999999999999,0.0,18.25,18.32,18.34,122.1,18.26,18.14,18.74,0.001,-0.001,0.0,0.0,10.0,10.0,10.0,8.0,0.0,0.0,0.0,0.0,0.0,17.32,17.63,0.0,0.0,0.0,0.0,0.0,0.0,59.97,6000.0,-1.35,-0.2,2.0,0.0,0.2,0.2,-0.0379999999999999,18.82,18.56,18.5,18.74,18.59,18.68,18.28,18.58,18.67,18.71,18.42,18.83,19.11,19.21,28.0,29.0,37.0,18.2,0.0,275.9,22.52,2.0,3.519,-1.0,1.102,1.8,4903
2015-12-24 23:53:00,0.0,0.0,0.0,0.0,0.0,0.0,2.0,289769.0,32.0,0.0,75.59999999999998,59.5,60.0,-0.1019999999999999,9462.0,1374.0,1379.0,298603.0,-0.0759999999999999,-0.013,0.103,-0.925,0.031,0.083,1.0,0.687,274.0,276.0,277.0,277.0,0.818,276.0,0.7909999999999999,276.0,0.8359999999999999,275.0,0.003,13.61,2.0,1.0,0.0,20.18,0.0,-1.15,0.0,-0.003,-0.002,-0.001,-0.002,0.0,-0.002,-0.002,0.203,0.685,0.0,-0.161,0.2789999999999999,0.001,18.26,18.34,18.34,61.7,18.26,18.16,18.74,0.001,-0.001,0.001,0.0,10.0,10.0,10.0,8.0,0.0,0.0,0.0,0.0,0.0,18.57,18.8,0.0,0.0,0.0,0.0,0.0,0.0,59.96,6000.0,-1.383,-0.2,2.0,0.0,0.2,0.2,-0.0379999999999999,18.84,18.56,18.51,18.74,18.59,18.67,18.28,18.57,18.68,18.71,18.42,18.84,19.1,19.23,28.0,29.0,37.0,18.21,0.0,262.9,13.84,2.0,3.521,-1.0,1.053,1.8,4903
2015-12-24 23:54:00,0.0,0.0,0.0,0.0,0.0,0.0,2.0,289769.0,32.0,0.0,75.59999999999998,59.5,60.0,-0.1,9462.0,1374.0,1379.0,298603.0,-0.0759999999999999,-0.02,0.1,-0.925,0.031,0.083,1.0,0.672,274.0,276.0,277.0,277.0,0.818,276.0,0.7909999999999999,276.0,0.8359999999999999,275.0,0.003,13.7,2.0,3.0,0.0,20.18,0.0,-1.1,0.0,-0.003,-0.001,-0.001,-0.003,0.0,-0.002,-0.002,0.0,0.508,0.0,-0.396,0.2789999999999999,0.0,18.27,18.35,18.34,45.9,18.24,18.14,18.74,0.001,0.0,0.001,-0.001,10.0,10.0,10.0,8.0,0.0,0.0,0.0,0.0,0.0,20.55,20.75,0.0,0.0,0.0,0.0,0.0,0.0,59.95,6000.0,-1.25,-0.2,2.0,0.0,0.2,0.2,-0.0379999999999999,18.82,18.56,18.5,18.73,18.58,18.67,18.27,18.58,18.69,18.71,18.43,18.84,19.1,19.2,28.0,29.0,37.0,18.21,0.0,277.1,23.02,2.0,3.519,-1.0,1.022,1.5,4903
2015-12-24 23:55:00,0.0,0.0,0.0,0.0,0.0,0.0,2.0,289769.0,32.0,0.0,75.59999999999998,59.5,60.0,-0.1,9462.0,1374.0,1379.0,298603.0,-0.0759999999999999,-0.025,0.098,-0.925,0.031,0.0819999999999999,1.0,0.6829999999999999,274.0,276.0,277.0,277.0,0.818,276.0,0.7909999999999999,276.0,0.8359999999999999,275.0,0.003,13.7,2.0,3.0,0.0,20.18,0.0,-1.017,0.0,-0.003,-0.003,-0.002,-0.003,0.0,-0.003,-0.003,0.0,0.508,-0.002,-0.387,0.2789999999999999,0.0,18.25,18.38,18.34,11.52,18.26,18.14,18.72,0.001,0.0,0.001,0.0,10.0,10.0,10.0,8.0,0.0,0.0,0.0,0.0,0.0,17.46,17.78,0.0,0.0,0.0,0.0,0.0,0.0,59.96,6000.0,-1.35,-0.2,2.0,0.0,0.2,0.2,-0.0379999999999999,18.8,18.53,18.48,18.7,18.56,18.64,18.24,18.55,18.65,18.69,18.4,18.81,19.08,19.18,28.0,29.0,37.0,18.18,0.0,282.2,23.15,2.0,3.519,-1.0,1.072,1.9,4903
2015-12-24 23:56:00,0.0,0.0,0.0,0.0,0.0,0.0,2.0,289769.0,32.0,0.0,75.59999999999998,59.5,60.0,-0.103,9462.0,1374.0,1379.0,298603.0,-0.0759999999999999,-0.018,0.103,-0.926,0.031,0.083,1.0,0.6729999999999999,274.0,276.0,277.0,277.2,0.818,276.0,0.7909999999999999,276.8,0.8359999999999999,275.2,0.003,13.7,2.0,3.0,0.0,20.18,0.0,-1.233,0.0,-0.004,-0.003,-0.002,-0.003,0.0,-0.002,-0.003,0.0,0.508,-0.003,-0.421,0.2789999999999999,0.0,18.23,18.32,18.34,43.83,18.26,18.14,18.67,0.0,-0.001,0.001,0.0,10.0,10.0,10.0,8.0,0.0,0.0,0.0,0.0,0.0,18.08,18.25,0.0,0.0,0.0,0.0,0.0,0.0,59.97,6000.0,-1.467,-0.2,2.0,0.0,0.2,0.2,-0.0379999999999999,18.79,18.53,18.46,18.68,18.57,18.63,18.23,18.54,18.65,18.68,18.39,18.79,19.09,19.21,28.0,29.0,37.0,18.17,0.0,289.9,15.12,2.0,3.519,-1.0,1.905,3.7,4903
2015-12-24 23:57:00,0.0,0.0,0.0,0.0,0.0,0.0,2.0,289769.0,32.0,0.0,75.59999999999998,59.5,60.0,-0.107,9462.0,1374.0,1379.0,298603.0,-0.0769999999999999,-0.025,0.107,-0.925,0.031,0.083,1.0,0.682,274.0,276.0,277.0,277.4,0.818,276.0,0.7909999999999999,277.0,0.8359999999999999,275.6,0.003,13.7,2.0,3.0,0.0,20.18,0.0,-1.3330000000000002,0.0,-0.004,-0.003,-0.002,-0.003,0.0,-0.003,-0.003,0.0,0.508,-0.003,-0.4249999999999999,0.2789999999999999,0.0,18.25,18.34,18.34,51.83,18.24,18.14,18.74,0.001,0.0,0.001,0.0,10.0,10.0,10.0,8.0,0.0,0.0,0.0,0.0,0.0,18.78,18.73,0.0,0.0,0.0,0.0,0.0,0.0,59.95,6000.0,-1.367,-0.2,2.0,0.0,0.2,0.2,-0.0379999999999999,18.8,18.54,18.47,18.69,18.58,18.64,18.24,18.55,18.65,18.69,18.4,18.8,19.13,19.24,28.0,29.0,37.0,18.19,0.0,277.0,31.99,2.0,3.519,-1.0,1.218,2.4,4903
2015-12-24 23:58:00,0.0,0.0,0.0,0.0,0.0,0.0,2.0,289769.0,32.0,0.0,75.59999999999998,59.5,60.0,-0.103,9462.0,1374.0,1379.0,298603.0,-0.0769999999999999,-0.018,0.1019999999999999,-0.924,0.032,0.083,1.0,0.68,274.0,276.0,277.4,277.9,0.818,276.0,0.7909999999999999,277.0,0.8359999999999999,276.0,-0.005,13.49,2.0,1.0,0.0,20.18,0.0,-1.45,0.0,-0.004,-0.003,-0.002,-0.003,0.0,-0.003,-0.002,0.1159999999999999,0.5959999999999999,-0.003,-0.2689999999999999,0.2789999999999999,0.0,18.25,18.36,18.34,47.09,18.26,18.14,18.7,0.001,0.0,0.001,-0.001,10.0,10.0,10.0,8.0,0.0,0.0,0.0,0.0,0.0,18.86,18.97,0.0,0.0,0.0,0.0,0.0,0.0,59.95,6000.0,-1.483,-0.2,2.0,0.0,0.2,0.2,-0.0379999999999999,18.8,18.55,18.46,18.69,18.59,18.64,18.24,18.54,18.65,18.69,18.39,18.79,19.13,19.21,28.0,29.0,37.0,18.19,0.0,264.6,20.26,2.0,3.519,-1.0,0.892,1.3,4903
2015-12-24 23:59:00,0.0,0.0,0.0,0.0,0.0,0.0,2.0,289769.0,32.0,0.0,75.59999999999998,59.5,60.0,-0.103,9462.0,1374.0,1379.0,298603.0,-0.0769999999999999,-0.025,0.105,-0.924,0.032,0.083,1.0,0.665,274.0,276.0,277.7,278.0,0.818,276.0,0.7909999999999999,277.0,0.8359999999999999,276.0,0.011,13.57,2.0,3.0,0.0,20.18,0.0,-1.283,0.0,-0.004,-0.003,-0.002,-0.003,0.0,-0.003,-0.002,0.0,0.508,-0.003,-0.4039999999999999,0.2789999999999999,0.0,18.25,18.36,18.34,32.7,18.24,18.14,18.74,0.001,0.0,0.0,0.0,10.0,10.0,10.0,8.0,0.0,0.0,0.0,0.0,0.0,18.94,19.2,0.0,0.0,0.0,0.0,0.0,0.0,59.96,6000.0,-1.383,-0.2,2.0,0.0,0.2,0.2,-0.0379999999999999,18.8,18.56,18.47,18.7,18.61,18.66,18.25,18.55,18.66,18.71,18.4,18.81,19.13,19.21,28.0,29.0,37.0,18.19,0.0,265.0,21.1,2.0,3.521,-1.0,0.765,2.1,4903
