measured_on,ac_current__319,ac_power__315,ac_voltage__318,ambient_temp__320,das_battery_voltage__326,das_temp__325,dc_pos_current__317,dc_pos_voltage__316,dc_power__314,inverter_temp__324,module_temp_1__321,module_temp_2__322,module_temp_3__323,poa_irradiance__313,power_factor__327,system_id
2021-08-19 00:00:00,0.1826035,2.945396,120.7889,22.18344,13.14276,24.04272,0.0248432999999999,1.891737,0.04742298,23.29534,21.54532,21.59296,21.65854,-2.819904,0.1323448999999999,4
2021-08-19 00:01:00,0.1825556,2.927624,120.742,22.11745,13.14278,24.04272,0.0262108199999999,1.903134,0.0484982899999999,23.28363,21.50796,21.55216,21.62604,-2.879903,0.1327222,4
2021-08-19 00:02:00,0.1830093,2.934508,120.8316,22.10228,13.1428,24.03048,0.0264387399999999,2.091168,0.05548005,23.26514,21.49415,21.52799,21.60257,-2.819906,0.1324366999999999,4
2021-08-19 00:03:00,0.1832445,2.959959,120.9262,22.1899,13.14281,24.01335,0.02438746,1.789173,0.0425762599999999,23.23835,21.50112,21.53772,21.62196,-2.879905,0.1327825,4
2021-08-19 00:04:00,0.183099,2.937978,120.9058,22.24669,13.14283,23.98624,0.02415954,1.914529,0.0452411799999999,23.21052,21.49046,21.53881,21.62373,-2.879909,0.1322947999999999,4
2021-08-19 00:05:00,0.1827728999999999,2.956326,120.9038,22.31507,13.14303,23.98379,0.02552706,1.880342,0.05000997,23.20878,21.49847,21.55164,21.6407,-2.879909,0.1331102999999999,4
2021-08-19 00:06:00,0.1824006,2.956903,120.811,22.37939,13.1433,23.95931,0.02415954,1.97151,0.0477346599999999,23.19049,21.51954,21.58238,21.65487,-2.459922,0.1335075,4
2021-08-19 00:07:00,0.1825364999999999,2.968802,120.8753,22.44172,13.14372,23.94952,0.0248432999999999,1.94302,0.0480931,23.18207,21.56357,21.6257,21.70647,-2.639914,0.1336541,4
2021-08-19 00:08:00,0.1825392,2.946941,120.8982,22.42101,13.14369,23.9275,0.01960114,1.846153,0.03732436,23.15726,21.55939,21.62774,21.71679,-2.459918,0.1328474,4
2021-08-19 00:09:00,0.1825257999999999,2.95328,120.8255,22.40852,13.1432,23.9275,0.02552706,1.851851,0.04592688,23.15794,21.57735,21.65191,21.73198,-2.339929,0.1333023999999999,4
2021-08-19 00:10:00,0.1824046,2.953553,120.7829,22.39865,13.14409,23.91281,0.02438746,2.05698,0.0497138599999999,23.14874,21.57778,21.63922,21.7262,-2.219936,0.133388,4
2021-08-19 00:11:00,0.1822274,2.934444,120.7236,22.36441,13.14544,23.89813,0.02552706,1.891737,0.04760998,23.1278,21.58431,21.65819,21.72446,-2.15994,0.1327020999999999,4
2021-08-19 00:12:00,0.1825170999999999,2.959386,120.7552,22.29713,13.14405,23.87121,0.01868946,1.789173,0.03288284,23.09531,21.57447,21.64145,21.71531,-2.15994,0.1335948999999999,4
2021-08-19 00:13:00,0.1829214,2.946038,120.8487,22.31272,13.14753,23.86876,0.02074074,1.789173,0.0378698099999999,23.09286,21.57617,21.64107,21.72253,-2.159939,0.1326083999999999,4
2021-08-19 00:14:00,0.1829549,2.969972,120.8396,22.3014,13.14858,23.84918,0.0202849,1.937322,0.03952174,23.07188,21.58964,21.65454,21.7146,-2.219937,0.1335377,4
2021-08-19 00:15:00,0.1824888,2.956002,120.8455,22.35357,13.14837,23.85407,0.0148148099999999,1.920228,0.0246387599999999,23.07063,21.65475,21.72172,21.77901,-2.159935,0.1334047999999999,4
2021-08-19 00:16:00,0.1821241,2.934454,120.7697,22.42975,13.14799,23.83939,0.02119658,1.931623,0.03802565,23.06213,21.68836,21.76429,21.84917,-2.159934,0.132877,4
2021-08-19 00:17:00,0.1822706,2.931773,120.8472,22.45609,13.14775,23.83939,0.02188034,1.97151,0.04510092,23.06418,21.69592,21.7684,21.8726,-2.159941,0.1323942999999999,4
2021-08-19 00:18:00,0.1823665999999999,2.943428,120.8842,22.46159,13.14871,23.83035,0.0200569799999999,1.817663,0.03682566,23.06339,21.70133,21.77036,21.85938,-2.159943,0.1328506,4
2021-08-19 00:19:00,0.1821239,2.936954,120.867,22.45663,13.14941,23.81227,0.02096866,2.102564,0.0444775499999999,23.05079,21.64382,21.71838,21.81155,-2.159937,0.1326487,4
2021-08-19 00:20:00,0.1823799,2.949198,120.8875,22.44249,13.14939,23.7878,0.02279202,1.965812,0.0460515599999999,23.03522,21.61371,21.67447,21.75729,-2.159936,0.1329903,4
2021-08-19 00:21:00,0.1823056,2.953569,120.847,22.4025,13.1492,23.75353,0.0191453,2.0,0.03872694,23.00568,21.58608,21.64476,21.72277,-2.159928,0.1334253,4
2021-08-19 00:22:00,0.1825622,2.959696,120.9039,22.36739,13.1492,23.74619,0.01618234,2.045583,0.03409841,22.99833,21.57387,21.64015,21.72092,-2.159928,0.1333035999999999,4
2021-08-19 00:23:00,0.1828758,2.98943,120.9692,22.31588,13.14905,23.73151,0.0237037,1.85755,0.04348015,22.98775,21.54944,21.60744,21.67855,-2.159926,0.1344556,4
2021-08-19 00:24:00,0.182892,2.962524,120.9907,22.28197,13.14904,23.72191,0.01891738,1.800569,0.03506464,22.97677,21.55501,21.6068,21.67515,-2.159926,0.1331666,4
2021-08-19 00:25:00,0.1828134999999999,2.953842,121.0192,22.19606,13.14893,23.69705,0.02233618,1.937322,0.04463339,22.94503,21.51015,21.57643,21.64616,-2.159928,0.1328611,4
2021-08-19 00:26:00,0.1823229,2.942741,120.9155,22.17246,13.14892,23.69705,0.01960114,1.903134,0.0375892899999999,22.93401,21.53087,21.59232,21.66619,-2.219931,0.132794,4
2021-08-19 00:27:00,0.1824202,2.949631,120.9642,22.228,13.14884,23.69705,0.02507122,1.920228,0.04701778,22.9354,21.55299,21.60753,21.68554,-2.159956,0.1329075999999999,4
2021-08-19 00:28:00,0.1825749999999999,2.938555,121.0561,22.23366,13.14882,23.67503,0.02507122,1.834757,0.0460671399999999,22.91334,21.51843,21.58885,21.67929,-2.159957,0.1321568999999999,4
2021-08-19 00:29:00,0.1824984,2.953491,121.0319,22.22243,13.14922,23.66524,0.0237037,1.977208,0.0458645499999999,22.90627,21.49407,21.55414,21.64459,-2.15996,0.1332494999999999,4
2021-08-19 00:30:00,0.1825112,2.972475,121.0571,22.1923,13.14889,23.64076,0.01891738,1.925926,0.0351113899999999,22.88657,21.43836,21.50051,21.60271,-2.219969,0.1340199,4
2021-08-19 00:31:00,0.1824322999999999,2.959018,120.9878,22.18492,13.14914,23.63832,0.0191453,2.14245,0.04290353,22.88615,21.4213,21.47931,21.58635,-2.519985,0.1331547999999999,4
2021-08-19 00:32:00,0.1825746,2.951924,121.0295,22.12091,13.15062,23.62363,0.02689458,1.863248,0.0523008599999999,22.86938,21.37616,21.43142,21.54329,-2.159995,0.133021,4
2021-08-19 00:33:00,0.1827631999999999,2.9647,121.0744,22.06175,13.15037,23.60894,0.0237037,2.05698,0.04885673,22.84985,21.33517,21.39733,21.50577,-2.400013,0.1333851,4
2021-08-19 00:34:00,0.1827873999999999,2.958389,121.0438,21.99817,13.15074,23.58636,0.0200569799999999,2.159544,0.0425918399999999,22.82656,21.29113,21.34225,21.45552,-2.340006,0.1330341999999999,4
2021-08-19 00:35:00,0.1828535,2.981147,121.0898,21.97426,13.15017,23.58183,0.02347578,2.17094,0.0487164699999999,22.81655,21.28942,21.35229,21.43862,-2.399997,0.1337227,4
2021-08-19 00:36:00,0.1825184,2.94675,121.0283,21.96452,13.15077,23.58183,0.02233618,2.034188,0.04583338,22.80553,21.29908,21.3654,21.44275,-2.400007,0.1329372,4
2021-08-19 00:37:00,0.1824804999999999,2.979165,121.0942,21.98172,13.14999,23.56715,0.0262108199999999,2.136752,0.05477876,22.79081,21.27602,21.33958,21.41901,-2.580015,0.1346226,4
2021-08-19 00:38:00,0.1826883,2.951021,121.1616,21.9659,13.15196,23.55002,0.02096866,2.074074,0.0433243099999999,22.76951,21.25465,21.31268,21.39764,-2.40001,0.1331729,4
2021-08-19 00:39:00,0.1826963,2.958948,121.1472,21.93472,13.15205,23.52309,0.0266666599999999,2.08547,0.05616576,22.7391,21.22413,21.27387,21.36921,-2.280007,0.1331371,4
2021-08-19 00:40:00,0.1827685,2.956249,121.1698,21.93185,13.15096,23.52309,0.0191453,1.94302,0.03733994,22.73837,21.21433,21.26477,21.36495,-2.28,0.1321287999999999,4
2021-08-19 00:41:00,0.1825481999999999,2.978766,121.1146,21.90688,13.15225,23.49824,0.02780627,1.806267,0.04909049,22.71346,21.17756,21.2204,21.3351,-2.399996,0.1333901,4
2021-08-19 00:42:00,0.1828883,2.95239,121.1585,21.90115,13.15332,23.49598,0.0230199399999999,1.880342,0.04360482,22.7112,21.16426,21.20779,21.32594,-2.400011,0.1326925999999999,4
2021-08-19 00:43:00,0.1824765999999999,2.91227,120.484,21.86859,13.15386,23.46906,0.0237037,2.205128,0.0506800899999999,22.6863,21.11993,21.16002,21.27403,-2.22002,0.132239,4
2021-08-19 00:44:00,0.1825442999999999,2.907789,120.3887,21.87385,13.15446,23.46661,0.02188034,1.800569,0.03905422,22.68252,21.12037,21.15492,21.26409,-2.220013,0.1316392999999999,4
2021-08-19 00:45:00,0.1826782,2.925159,120.4336,21.8947,13.15496,23.46661,0.02575498,2.091168,0.0550904499999999,22.68184,21.10173,21.15149,21.25099,-2.220011,0.1322666999999999,4
2021-08-19 00:46:00,0.1823265,2.949384,120.3911,21.87891,13.15555,23.44948,0.0191453,2.005697,0.0381035799999999,22.66468,21.10733,21.1481,21.24069,-2.280008,0.1338098,4
2021-08-19 00:47:00,0.1820636999999999,2.932465,120.4071,21.87913,13.15512,23.43724,0.02051282,2.034188,0.04097108,22.65243,21.06739,21.10264,21.20491,-2.160007,0.1334006,4
2021-08-19 00:48:00,0.1821027,2.933096,120.4237,21.87739,13.15568,23.42651,0.0266666599999999,1.920228,0.05119437,22.64305,21.03586,21.07388,21.17823,-2.220007,0.1330822999999999,4
2021-08-19 00:49:00,0.1817678,2.918976,120.3144,21.84429,13.15569,23.41013,0.01686609,2.039886,0.03534516,22.62733,21.01871,21.06226,21.15279,-2.400007,0.1328458999999999,4
2021-08-19 00:50:00,0.1818946999999999,2.930981,120.3551,21.82852,13.15535,23.40768,0.0191453,1.897436,0.0353763299999999,22.62276,21.00779,21.04996,21.14534,-2.400032,0.133163,4
2021-08-19 00:51:00,0.1817019,2.929335,120.2883,21.79457,13.15489,23.38076,0.02188034,2.0,0.04450871,22.5958,20.96899,21.02153,21.10309,-2.340031,0.133418,4
2021-08-19 00:52:00,0.181961,2.92752,120.3143,21.76975,13.15551,23.36363,0.01868946,1.914529,0.03540749,22.57726,20.95525,21.00019,21.08521,-2.400085,0.1330264999999999,4
2021-08-19 00:53:00,0.1822609,2.935407,120.4027,21.75401,13.15552,23.35139,0.0262108199999999,1.737891,0.04405677,22.55399,20.94712,21.00105,21.09298,-2.460088,0.1330445,4
2021-08-19 00:54:00,0.182403,2.92264,120.3973,21.76174,13.15564,23.35139,0.0157264899999999,2.091168,0.03176077,22.55403,20.95485,21.00047,21.09724,-2.460099,0.1324227,4
2021-08-19 00:55:00,0.1824326,2.923681,120.3993,21.77833,13.15566,23.33332,0.0230199399999999,1.715099,0.03760488,22.54075,20.92562,20.96503,21.05558,-2.520095,0.1328302,4
2021-08-19 00:56:00,0.1821272999999999,2.927494,120.3577,21.76438,13.15575,23.32428,0.02529914,1.982906,0.0504463299999999,22.53583,20.88263,20.93518,21.03334,-2.460069,0.1334142,4
2021-08-19 00:57:00,0.1819231,2.946912,120.3849,21.75131,13.15577,23.30225,0.01891738,1.823361,0.03380231,22.51583,20.86602,20.9082,21.0119,-2.580079,0.1331234,4
2021-08-19 00:58:00,0.1820682999999999,2.929456,120.4938,21.74463,13.15584,23.29491,0.02735042,1.908831,0.05064892,22.50985,20.85656,20.90289,20.99069,-2.640097,0.1334373,4
2021-08-19 00:59:00,0.1819151,2.936941,120.4768,21.76085,13.1554,23.28757,0.02552706,1.777777,0.04522559,22.50247,20.85396,20.90513,20.96528,-2.520108,0.1325335,4
2021-08-19 01:00:00,0.1822587,2.948155,120.5149,21.76785,13.1559,23.26554,0.02051282,1.94302,0.0396308299999999,22.48037,20.83586,20.88426,20.96723,-2.460133,0.1328674,4
2021-08-19 01:01:00,0.1818031,2.924857,120.3758,21.77319,13.15592,23.25424,0.02279202,1.817664,0.0431373,22.4725,20.80513,20.85354,20.9296,-2.460145,0.1336247999999999,4
2021-08-19 01:02:00,0.181947,2.913845,120.4203,21.75871,13.15596,23.23843,0.01390313,1.948718,0.0297504,22.46011,20.7913,20.83003,20.90541,-2.520172,0.1343584999999999,4
2021-08-19 01:03:00,0.1823278,2.93581,120.4952,21.75388,13.15735,23.23843,0.01868946,1.94302,0.0356100899999999,22.46289,20.79414,20.82734,20.91239,-2.400148,0.1332890999999999,4
2021-08-19 01:04:00,0.182323,2.94219,120.5127,21.76259,13.15646,23.23598,0.02279202,1.829059,0.04009837,22.46391,20.77654,20.82288,20.89618,-2.460131,0.1323178,4
2021-08-19 01:05:00,0.1825720999999999,2.949723,120.5242,21.71578,13.15694,23.2115,0.02575498,2.068376,0.05342293,22.43524,20.8017,20.84458,20.90681,-2.40013,0.1320463,4
2021-08-19 01:06:00,0.1823032,2.931381,120.4496,21.73901,13.15787,23.20905,0.02210826,1.914529,0.0422801599999999,22.42658,20.83794,20.88704,20.96033,-2.280126,0.1322525,4
2021-08-19 01:07:00,0.1819698999999999,2.944723,120.4659,21.69078,13.15789,23.17969,0.0202849,2.005697,0.03785423,22.3944,20.80634,20.84645,20.91837,-2.160121,0.1330258,4
2021-08-19 01:08:00,0.1820689,2.934572,120.4917,21.69147,13.15836,23.17969,0.0216524199999999,1.726495,0.03634255,22.39509,20.78489,20.84437,20.91006,-2.160123,0.1334384,4
2021-08-19 01:09:00,0.1821614,2.922542,120.4792,21.69867,13.15991,23.17517,0.0246153799999999,2.068376,0.05002555,22.39052,20.75118,20.81412,20.88535,-2.160125,0.1325608,4
2021-08-19 01:10:00,0.1823369,2.924161,120.5462,21.69195,13.15839,23.15257,0.0271225,1.897436,0.05153723,22.36925,20.72356,20.77683,20.85429,-2.160126,0.1343319,4
2021-08-19 01:11:00,0.1822700999999999,2.938849,120.5191,21.67898,13.15846,23.14034,0.02415954,2.005697,0.0476255699999999,22.36181,20.72856,20.77836,20.86689,-2.220152,0.1340596,4
2021-08-19 01:12:00,0.1820097,2.946358,120.5289,21.64928,13.15987,23.1232,0.02233618,1.88604,0.0425451,22.34258,20.71757,20.77498,20.86765,-2.280167,0.1338598,4
2021-08-19 01:13:00,0.1824778,2.945091,120.6151,21.69938,13.16085,23.1232,0.0173219299999999,1.908831,0.0334750399999999,22.34539,20.74814,20.79517,20.89683,-2.160178,0.1334314,4
2021-08-19 01:14:00,0.1827612999999999,2.937185,120.6006,21.69923,13.16042,23.12094,0.01754986,1.965812,0.0314490899999999,22.34451,20.73552,20.795,20.90427,-2.160184,0.1328824,4
2021-08-19 01:15:00,0.1828158,2.939059,120.5993,21.66428,13.16093,23.10965,0.02074074,2.005697,0.04020746,22.33389,20.75601,20.79612,20.92682,-2.160172,0.1332646,4
2021-08-19 01:16:00,0.1826989,2.940642,120.578,21.64374,13.16094,23.09609,0.0230199399999999,2.148148,0.0473294699999999,22.31412,20.77213,20.81363,20.92772,-2.16017,0.1335459,4
2021-08-19 01:17:00,0.1825082,2.949612,120.6341,21.64739,13.16145,23.07896,0.02051282,2.136752,0.04324639,22.29764,20.78602,20.83858,20.93608,-2.160169,0.133441,4
2021-08-19 01:18:00,0.1825268999999999,2.960785,120.713,21.66291,13.16146,23.06672,0.02393162,1.863247,0.0442126099999999,22.28124,20.81176,20.86155,20.9625,-2.160169,0.1331473,4
2021-08-19 01:19:00,0.1823685999999999,2.930985,120.648,21.66108,13.16104,23.0622,0.02575498,1.806267,0.0477346599999999,22.27667,20.80365,20.86105,20.96477,-2.160189,0.1333996,4
2021-08-19 01:20:00,0.1824071999999999,2.950586,120.6424,21.62924,13.1615,23.04639,0.0266666599999999,1.954415,0.05250346,22.25807,20.82303,20.89011,20.96617,-2.160189,0.1330312999999999,4
2021-08-19 01:21:00,0.1822472,2.94003,120.6094,21.60992,13.16154,23.03961,0.02233618,2.062678,0.04527235,22.24853,20.80445,20.86808,20.95659,-2.160206,0.1331634999999999,4
2021-08-19 01:22:00,0.182279,2.961201,120.6426,21.58895,13.16154,23.02493,0.02552706,1.85755,0.04834245,22.23107,20.79734,20.84368,20.92874,-2.160203,0.1332644,4
2021-08-19 01:23:00,0.1825353999999999,2.950289,120.7352,21.59311,13.16156,23.01024,0.0225641,1.880342,0.04033213,22.21711,20.81735,20.84985,20.93835,-2.160163,0.1334172,4
2021-08-19 01:24:00,0.182836,2.94246,120.7615,21.59727,13.16157,23.01024,0.02689458,2.022792,0.0546385,22.21642,20.81319,20.86091,20.96116,-2.160163,0.1324949,4
2021-08-19 01:25:00,0.182974,2.962787,120.7255,21.60175,13.16159,23.0078,0.02210826,1.85755,0.04156329,22.22016,20.80517,20.85703,20.95453,-2.160166,0.1333435,4
2021-08-19 01:26:00,0.1829547,2.943487,120.6994,21.55807,13.16159,22.98088,0.02096866,2.039886,0.0433398899999999,22.19044,20.79265,20.83898,20.93786,-2.160167,0.1329712999999999,4
2021-08-19 01:27:00,0.1828454999999999,2.95269,120.7273,21.54172,13.1616,22.97636,0.01641025,1.937322,0.03186986,22.17626,20.83029,20.88008,20.98725,-2.160169,0.1326623,4
2021-08-19 01:28:00,0.1826739,2.941894,120.7532,21.49607,13.16161,22.95376,0.02393162,1.925926,0.0442126099999999,22.15153,20.80338,20.85871,20.97695,-2.160177,0.1329820999999999,4
2021-08-19 01:29:00,0.1826859999999999,2.942359,120.7114,21.48973,13.16208,22.95376,0.0180056999999999,2.136752,0.0370126799999999,22.15218,20.79288,20.85167,20.9713,-2.160192,0.1323207,4
2021-08-19 01:30:00,0.1827505,2.97072,120.757,21.4876,13.16254,22.94887,0.02347578,1.800569,0.0433866499999999,22.14658,20.79626,20.85435,20.9726,-2.160189,0.1327429,4
2021-08-19 01:31:00,0.1824628,2.967798,120.6993,21.4839,13.16255,22.92439,0.0200569799999999,2.039886,0.0366854,22.12482,20.7599,20.81247,20.93349,-2.160182,0.132025,4
2021-08-19 01:32:00,0.1826385,2.95453,120.761,21.4999,13.16347,22.91535,0.02096866,2.08547,0.0434489799999999,22.12269,20.73429,20.78133,20.90235,-2.160179,0.1332503999999999,4
2021-08-19 01:33:00,0.1827305999999999,2.952338,120.8027,21.49782,13.16347,22.89728,0.02119658,1.925926,0.039662,22.10806,20.7501,20.78953,20.89049,-2.160175,0.1322208,4
2021-08-19 01:34:00,0.1829245999999999,2.940105,120.7877,21.50407,13.16393,22.89728,0.0264387399999999,1.811965,0.0471736199999999,22.10048,20.83656,20.87113,20.9624,-2.160186,0.1331495,4
2021-08-19 01:35:00,0.1832207999999999,2.938517,120.8116,21.44879,13.16531,22.89483,0.02233618,1.914529,0.04185939,22.09319,20.81058,20.87006,20.96686,-2.160198,0.1323417,4
2021-08-19 01:36:00,0.1831021999999999,2.94811,120.7535,21.40791,13.16394,22.8728,0.0173219299999999,2.182336,0.0364360599999999,22.07043,20.71028,20.79951,20.90808,-2.160196,0.1329285,4
2021-08-19 01:37:00,0.1828669,2.95646,120.7338,21.37726,13.16532,22.86791,0.02233618,1.772079,0.0395529199999999,22.06483,20.56767,20.69428,20.78559,-2.220201,0.1330746999999999,4
2021-08-19 01:38:00,0.1826522999999999,2.963997,120.7855,21.33872,13.1667,22.84758,0.02096866,1.874643,0.04026979,22.04099,20.39903,20.53261,20.6108,-2.160208,0.1338212,4
2021-08-19 01:39:00,0.182418,2.958601,120.7434,21.29782,13.1667,22.8408,0.0200569799999999,1.948718,0.03808799,22.03004,20.2253,20.38109,20.46761,-2.880286,0.1341054,4
2021-08-19 01:40:00,0.1825699,2.969977,120.7299,21.28027,13.16716,22.82122,0.0232478599999999,1.811965,0.04229575,22.01112,20.0027,20.17517,20.22503,-3.600374,0.133114,4
2021-08-19 01:41:00,0.1824918,2.939756,120.7036,21.27445,13.16716,22.80917,0.0225641,2.022792,0.0472203799999999,22.00043,19.8527,19.89843,19.97672,-4.200446,0.1339907999999999,4
2021-08-19 01:42:00,0.1824929,2.95889,120.7367,21.12806,13.16716,22.78658,0.02074074,1.937322,0.0430282099999999,21.95785,19.53069,19.50364,19.6236,-4.500497,0.1336004,4
2021-08-19 01:43:00,0.1826768,2.974736,120.807,21.04025,13.16671,22.78432,0.01777778,2.079772,0.0385711099999999,21.93697,19.22812,19.11918,19.30861,-4.920551,0.1336865,4
2021-08-19 01:44:00,0.1828469,2.941288,120.7814,21.00889,13.16716,22.77942,0.0225641,1.777777,0.0401607,21.92447,19.07607,18.86017,19.16629,-5.040532,0.1333829,4
2021-08-19 01:45:00,0.1831758,2.960264,120.7858,20.96327,13.16716,22.75269,0.02735042,1.840455,0.04994763,21.87215,18.99707,18.7478,19.16294,-5.040525,0.1329431,4
2021-08-19 01:46:00,0.1830894999999999,2.9595,120.7736,20.90021,13.16717,22.7301,0.0141310499999999,1.88604,0.0251686199999999,21.82329,19.02912,18.87083,19.17486,-4.740469,0.1329805,4
2021-08-19 01:47:00,0.183176,2.940252,120.782,20.88644,13.16717,22.72539,0.01868946,1.794871,0.0330075099999999,21.8027,19.13194,19.06809,19.18608,-4.140408,0.1324394999999999,4
2021-08-19 01:48:00,0.1829171,2.967263,120.7926,20.90712,13.16717,22.69621,0.0216524199999999,1.988604,0.04226458,21.75614,19.30283,19.27161,19.30839,-3.720362,0.1335029,4
2021-08-19 01:49:00,0.1824967,2.960226,120.6983,20.88288,13.16717,22.67136,0.01663817,1.760683,0.0283634,21.72848,19.3791,19.34303,19.34719,-3.480339,0.1331216,4
2021-08-19 01:50:00,0.1825513,2.94767,120.7212,20.88916,13.16717,22.67136,0.01891738,1.868945,0.0347373699999999,21.7278,19.44571,19.40965,19.41589,-3.000326,0.1330407,4
2021-08-19 01:51:00,0.1823972,2.943808,120.6971,20.8799,13.16763,22.65102,0.02849002,1.982906,0.0557917399999999,21.70951,19.48702,19.43986,19.44818,-2.880315,0.1326524,4
2021-08-19 01:52:00,0.182423,2.927698,120.7293,20.86542,13.16717,22.62466,0.0216524199999999,1.874643,0.0407217299999999,21.68938,19.5266,19.49193,19.5162,-2.880329,0.1322958999999999,4
2021-08-19 01:53:00,0.1827603999999999,2.962773,120.8223,20.83904,13.16717,22.60809,0.02279202,1.925926,0.04461781,21.66794,19.61392,19.58619,19.60906,-2.820325,0.1328073999999999,4
2021-08-19 01:54:00,0.1827226999999999,2.943514,120.7543,20.81024,13.16809,22.58776,0.0198290599999999,1.800569,0.0356256699999999,21.63858,19.66412,19.64402,19.6967,-2.460293,0.1332579,4
2021-08-19 01:55:00,0.1828381,2.963301,120.7136,20.79231,13.16901,22.56573,0.02119658,2.034188,0.04335548,21.61375,19.74455,19.73554,19.79169,-2.760322,0.1336845,4
2021-08-19 01:56:00,0.18282,2.951349,120.7001,20.82881,13.16763,22.55839,0.01937322,1.965812,0.0398646,21.60571,19.73441,19.75243,19.81827,-2.160236,0.1327265,4
2021-08-19 01:57:00,0.1830236,2.951998,120.6806,20.8646,13.17084,22.55387,0.01709401,1.925926,0.0330542699999999,21.60737,19.73395,19.74782,19.83168,-2.280253,0.1329404999999999,4
2021-08-19 01:58:00,0.1830492,2.951915,120.7467,20.85679,13.1713,22.52884,0.0262108199999999,1.920228,0.0507268499999999,21.5843,19.75438,19.78002,19.82854,-2.340268,0.1325174,4
2021-08-19 01:59:00,0.1825587999999999,2.975962,120.6985,20.81585,13.17084,22.50191,0.01777778,2.039886,0.03604645,21.55733,19.76334,19.79384,19.83681,-2.16025,0.1336884,4
2021-08-19 02:00:00,0.1823018,2.950449,120.6185,20.79513,13.17176,22.49513,0.01230769,1.920228,0.02373487,21.54501,19.7704,19.80782,19.86604,-2.160256,0.1338724,4
2021-08-19 02:01:00,0.182174,2.942041,120.5639,20.74327,13.17221,22.47254,0.02074074,1.908831,0.03905422,21.51896,19.76095,19.81015,19.85381,-2.400275,0.133384,4
2021-08-19 02:02:00,0.1822089,2.945434,120.525,20.717,13.17176,22.44769,0.0259829,1.903134,0.0474541399999999,21.48304,19.78456,19.82753,19.85941,-2.520274,0.1330474,4
2021-08-19 02:03:00,0.1824335,2.958877,120.5721,20.73021,13.17267,22.44769,0.02279202,1.982906,0.0454125999999999,21.47681,19.77622,19.8483,19.858,-2.580288,0.1334195,4
2021-08-19 02:04:00,0.1824799,2.940456,120.587,20.69937,13.17176,22.42322,0.02096866,1.874643,0.03762046,21.44814,19.78347,19.84723,19.83961,-2.46028,0.132606,4
2021-08-19 02:05:00,0.1825365999999999,2.94719,120.5514,20.68343,13.17267,22.40251,0.0202849,1.846153,0.03743345,21.41839,19.80696,19.86863,19.86794,-2.460273,0.1329071,4
2021-08-19 02:06:00,0.1827664,2.94883,120.5749,20.67815,13.17267,22.38895,0.01754986,1.846153,0.03129324,21.40203,19.78705,19.85566,19.86328,-2.160234,0.1332121,4
2021-08-19 02:07:00,0.1827614999999999,2.938813,120.5579,20.62721,13.17313,22.37088,0.0248432999999999,1.908831,0.0489034799999999,21.37628,19.77084,19.85401,19.85124,-2.400269,0.1327238,4
2021-08-19 02:08:00,0.1828671,2.926034,120.5223,20.60141,13.17267,22.34452,0.0180056999999999,1.817663,0.0333659499999999,21.35053,19.70893,19.78934,19.79489,-2.280259,0.132138,4
2021-08-19 02:09:00,0.1821931,2.931052,120.4273,20.5916,13.17634,22.33473,0.0180056999999999,1.800569,0.03377115,21.33935,19.70674,19.76982,19.77467,-2.340272,0.133059,4
2021-08-19 02:10:00,0.1819195,2.933909,120.4131,20.59593,13.17634,22.31891,0.01891738,1.789173,0.0339425699999999,21.32419,19.65271,19.71649,19.74006,-2.520297,0.1336776,4
2021-08-19 02:11:00,0.1818000999999999,2.935983,120.3753,20.54734,13.17772,22.29538,0.0198290599999999,1.783475,0.03448802,21.30551,19.61813,19.67013,19.68538,-2.520317,0.1339811999999999,4
2021-08-19 02:12:00,0.1818307,2.940032,120.4025,20.51207,13.17726,22.27825,0.0198290599999999,1.863247,0.0362490499999999,21.28974,19.58222,19.63353,19.65779,-2.820361,0.1339022,4
2021-08-19 02:13:00,0.1822950999999999,2.9644,120.5185,20.47944,13.17772,22.26243,0.01686609,1.960114,0.0334750499999999,21.27456,19.57735,19.6245,19.655,-2.880385,0.1342564,4
2021-08-19 02:14:00,0.1822743,2.9521,120.5416,20.42871,13.17817,22.23758,0.01868946,1.698005,0.03310102,21.24344,19.57315,19.61614,19.65358,-2.700364,0.1337309999999999,4
2021-08-19 02:15:00,0.1822756,2.953216,120.4952,20.43115,13.17817,22.22402,0.0182336199999999,1.85755,0.0328516699999999,21.2278,19.58036,19.6178,19.66286,-2.76035,0.1337511,4
2021-08-19 02:16:00,0.1824763,2.940065,120.5343,20.413,13.17817,22.21913,0.01868946,2.210826,0.03952175,21.21944,19.63507,19.66765,19.69954,-2.580325,0.1328342,4
2021-08-19 02:17:00,0.1824573999999999,2.963905,120.5314,20.35814,13.17817,22.19239,0.0202849,1.732193,0.03489321,21.1891,19.64333,19.69047,19.71266,-2.460323,0.1340957999999999,4
2021-08-19 02:18:00,0.1827108,2.962323,120.5634,20.34156,13.17817,22.16754,0.0202849,1.97151,0.0399269299999999,21.15798,19.6454,19.70016,19.71195,-2.460323,0.1333788999999999,4
2021-08-19 02:19:00,0.1822671999999999,2.943508,120.502,20.35933,13.17817,22.15399,0.02188034,1.920228,0.0428100299999999,21.14855,19.63595,19.70389,19.70042,-2.280323,0.1333187999999999,4
2021-08-19 02:20:00,0.1820447,2.939843,120.4499,20.37116,13.17817,22.13591,0.0173219299999999,1.783475,0.03135558,21.13322,19.62891,19.68992,19.67675,-2.160307,0.1323439999999999,4
2021-08-19 02:21:00,0.1821193,2.949823,120.4924,20.32146,13.17817,22.11332,0.0191453,1.908831,0.03621788,21.11066,19.61054,19.67502,19.66254,-2.16032,0.1333178999999999,4
2021-08-19 02:22:00,0.1820336999999999,2.949099,120.4707,20.29984,13.17817,22.11332,0.0289458699999999,1.903134,0.0535943499999999,21.11135,19.60568,19.6757,19.65352,-2.160323,0.1333411999999999,4
2021-08-19 02:23:00,0.1822564,2.938541,120.5617,20.2777,13.17817,22.09129,0.02119658,1.692307,0.0362490499999999,21.08925,19.59459,19.65907,19.64105,-2.160342,0.1328146,4
2021-08-19 02:24:00,0.1822085,2.951109,120.5825,20.25882,13.17817,22.0704,0.0164102599999999,1.754985,0.02714782,21.06486,19.63044,19.68937,19.6658,-2.160345,0.1334825,4
2021-08-19 02:25:00,0.1820691999999999,2.94897,120.5583,20.24451,13.17817,22.05684,0.01754986,2.068376,0.0360152799999999,21.04505,19.64454,19.7,19.67505,-2.160355,0.1337798,4
2021-08-19 02:26:00,0.1825843,2.929254,120.5664,20.20489,13.17817,22.04103,0.01891738,2.02849,0.0363737199999999,21.02157,19.64038,19.69168,19.67643,-2.160361,0.1328433,4
2021-08-19 02:27:00,0.1826551999999999,2.932971,120.5677,20.17806,13.17817,22.01994,0.02279202,1.920228,0.0442593699999999,20.99901,19.62392,19.67731,19.66345,-2.160375,0.1335724,4
2021-08-19 02:28:00,0.1830537,2.952502,120.6584,20.16748,13.17863,22.00036,0.02529914,1.937322,0.0493086699999999,20.97525,19.62645,19.67914,19.66042,-2.160383,0.1327819,4
2021-08-19 02:29:00,0.1823411,2.948936,120.5921,20.18631,13.17817,22.00036,0.0200569799999999,2.0,0.04044122,20.97663,19.63062,19.68469,19.67221,-2.160399,0.1331708,4
2021-08-19 02:30:00,0.1821511,2.929946,120.4953,20.18182,13.18001,21.97777,0.02415954,1.94302,0.04475806,20.95265,19.61703,19.66348,19.66209,-2.160403,0.1334829999999999,4
2021-08-19 02:31:00,0.1822416,2.930495,120.5158,20.16203,13.17955,21.96421,0.01754986,1.863247,0.0331321899999999,20.93704,19.62639,19.67838,19.6659,-2.160409,0.1330413,4
2021-08-19 02:32:00,0.1819938,2.955086,120.4714,20.12645,13.18092,21.94614,0.01960114,1.937322,0.03872695,20.90993,19.63177,19.67753,19.66228,-2.160411,0.1331464,4
2021-08-19 02:33:00,0.1821451,2.954501,120.5117,20.10828,13.18322,21.92806,0.02757834,1.817663,0.04955802,20.89249,19.62607,19.66142,19.65172,-2.160412,0.1343825999999999,4
2021-08-19 02:34:00,0.1819232,2.957372,120.5103,20.12076,13.1823,21.91413,0.02415954,1.789173,0.0438385899999999,20.88267,19.5843,19.62799,19.61759,-2.160419,0.1338044999999999,4
2021-08-19 02:35:00,0.1821590999999999,2.957284,120.4685,20.10734,13.18322,21.88965,0.0246153799999999,1.737891,0.04139186,20.85744,19.5798,19.61031,19.59298,-2.160423,0.13324,4
2021-08-19 02:36:00,0.1825293,2.934862,120.4495,20.12747,13.18367,21.88965,0.0202849,2.136752,0.04415028,20.85531,19.57692,19.62129,19.59772,-2.160434,0.133228,4
2021-08-19 02:37:00,0.1825508,2.957291,120.4192,20.07199,13.18367,21.8761,0.0225641,1.777777,0.04086199,20.83756,19.57573,19.60832,19.59098,-2.16044,0.1321460999999999,4
2021-08-19 02:38:00,0.1829167999999999,2.948555,120.5013,20.03295,13.18367,21.85802,0.01686609,1.988604,0.03241531,20.81253,19.55967,19.59711,19.58463,-2.160453,0.1327856,4
2021-08-19 02:39:00,0.1822852,2.928298,120.4665,20.01742,13.18367,21.83769,0.02507122,1.834757,0.0459113,20.79077,19.53924,19.57183,19.57252,-2.16046,0.1325021,4
2021-08-19 02:40:00,0.1819352999999999,2.935181,120.4713,20.00881,13.18367,21.83317,0.01367521,1.920228,0.02749068,20.7787,19.5286,19.55773,19.55495,-2.160475,0.1340687,4
2021-08-19 02:41:00,0.1821095,2.933933,120.448,19.99768,13.18367,21.8151,0.0216524199999999,1.937322,0.0432308,20.76407,19.48274,19.50909,19.51325,-2.16048,0.1329181,4
2021-08-19 02:42:00,0.1822819,2.938663,120.4119,19.97706,13.18413,21.79251,0.02233618,1.94302,0.04584897,20.7331,19.46208,19.49051,19.49329,-2.160496,0.1331884999999999,4
2021-08-19 02:43:00,0.182588,2.942636,120.4006,19.94689,13.18642,21.78121,0.01754986,1.903134,0.03483088,20.71625,19.42228,19.43893,19.45211,-2.1605,0.1327330999999999,4
2021-08-19 02:44:00,0.1824911999999999,2.913703,120.365,19.91684,13.18642,21.77631,0.02393162,1.760683,0.04475806,20.7044,19.41316,19.41871,19.42565,-2.160517,0.1341079,4
2021-08-19 02:45:00,0.182538,2.917025,120.3685,19.90971,13.18734,21.75184,0.02051282,1.800569,0.038275,20.66811,19.40036,19.39967,19.39134,-2.160519,0.1324026,4
2021-08-19 02:46:00,0.1824759,2.935786,120.3755,19.84155,13.18551,21.72925,0.02507122,1.977208,0.04792167,20.63432,19.3421,19.3532,19.33655,-2.160537,0.1329708,4
2021-08-19 02:47:00,0.1826451,2.919328,120.3349,19.82672,13.18734,21.71795,0.01686609,1.903134,0.0317919399999999,20.60847,19.33352,19.34393,19.32311,-2.160537,0.1315866,4
2021-08-19 02:48:00,0.1831616,2.926777,120.4153,19.8072,13.18826,21.69988,0.02096866,1.652421,0.0352048999999999,20.58067,19.31399,19.3244,19.31399,-2.160553,0.1326807999999999,4
2021-08-19 02:49:00,0.1827877,2.933631,120.3909,19.79814,13.1878,21.6818,0.0191453,1.800569,0.0357815199999999,20.54872,19.27989,19.30626,19.29863,-2.160554,0.1322377999999999,4
2021-08-19 02:50:00,0.1824607,2.921678,120.2794,19.81483,13.18871,21.6705,0.0232478599999999,1.920228,0.04424378,20.52985,19.29366,19.31101,19.32488,-2.160567,0.1337268,4
2021-08-19 02:51:00,0.1822737,2.919627,120.3018,19.78936,13.18917,21.66599,0.01891738,1.914529,0.0367944899999999,20.52117,19.28565,19.30161,19.3252,-2.160569,0.1337565,4
2021-08-19 02:52:00,0.1822725,2.932227,120.2946,19.72987,13.18917,21.63662,0.0173219299999999,1.897436,0.03299193,20.48758,19.21518,19.24224,19.26931,-2.160581,0.1321200999999999,4
2021-08-19 02:53:00,0.1824878,2.940339,120.3843,19.66549,13.18917,21.61628,0.0246153799999999,1.737891,0.04209315,20.44988,19.2336,19.23291,19.2565,-2.160583,0.1336217,4
2021-08-19 02:54:00,0.1825411,2.933713,120.3907,19.6333,13.18917,21.6016,0.01777778,2.034188,0.0412983599999999,20.42477,19.17858,19.19662,19.21397,-2.160592,0.1338361999999999,4
2021-08-19 02:55:00,0.1824252,2.933952,120.3409,19.59843,13.18917,21.5711,0.02233618,1.954416,0.0427321099999999,20.38447,19.16035,19.16729,19.18534,-2.160595,0.1322358999999999,4
2021-08-19 02:56:00,0.1826256,2.931463,120.4254,19.57022,13.18917,21.5598,0.0237037,1.635327,0.04064381,20.35923,19.14677,19.15926,19.17314,-2.160602,0.1323824,4
2021-08-19 02:57:00,0.1829273999999999,2.944068,120.43,19.53968,13.18917,21.54399,0.02210826,1.783475,0.03925681,20.33299,19.11838,19.14892,19.15586,-2.160605,0.1323991999999999,4
2021-08-19 02:58:00,0.1831137999999999,2.94794,120.5135,19.50844,13.18917,21.51914,0.0173219299999999,1.937322,0.0336153,20.30114,19.10658,19.13573,19.14198,-2.160611,0.1321387,4
2021-08-19 02:59:00,0.1830219999999999,2.960691,120.5118,19.49822,13.18917,21.50332,0.02438796,1.732222,0.04176744,20.27703,19.09148,19.12897,19.13313,-2.160614,0.1334253,4
2021-08-19 03:00:00,0.1824120999999999,2.944544,120.379,19.48996,13.18917,21.47621,0.0243883,2.000068,0.04991988,20.25199,19.07199,19.09698,19.10461,-2.160618,0.1330984,4
2021-08-19 03:01:00,0.1824120999999999,2.942248,120.3428,19.45034,13.18963,21.45136,0.0166386799999999,1.886098,0.03176271,20.22222,19.06158,19.08171,19.09004,-2.160621,0.1327516,4
2021-08-19 03:02:00,0.1822227999999999,2.936158,120.2706,19.45715,13.18963,21.4491,0.01732241,1.777826,0.0310144299999999,20.21718,19.07943,19.09332,19.1065,-2.160624,0.1333568,4
2021-08-19 03:03:00,0.1824489,2.930997,120.3538,19.42537,13.19055,21.41747,0.01686651,1.93167,0.0329623799999999,20.18131,19.0504,19.07956,19.07331,-2.160627,0.1338429999999999,4
2021-08-19 03:04:00,0.1822672999999999,2.94488,120.3588,19.40075,13.19192,21.39713,0.01458721,1.806307,0.0263386,20.16645,19.01259,19.04453,19.03134,-2.16063,0.1331136,4
2021-08-19 03:05:00,0.1820209,2.940449,120.2763,19.39285,13.19284,21.37756,0.02051364,1.686679,0.03447514,20.14398,18.99139,19.01708,19.0025,-2.160632,0.1343133,4
2021-08-19 03:06:00,0.1821676999999999,2.944182,120.2546,19.36395,13.1933,21.34743,0.0129921299999999,1.937422,0.0244386899999999,20.11859,18.9416,18.97632,18.95896,-2.160634,0.1335335,4
2021-08-19 03:07:00,0.1824994,2.945484,120.2428,19.35631,13.19421,21.3384,0.0232488999999999,1.914614,0.0443412399999999,20.10955,18.9395,18.96589,18.94506,-2.160637,0.1333836999999999,4
2021-08-19 03:08:00,0.1830893,2.948302,120.3405,19.32142,13.19467,21.32033,0.01982988,1.794946,0.0373118699999999,20.09144,18.89497,18.93872,18.91094,-2.160638,0.132824,4
2021-08-19 03:09:00,0.1831217,2.914958,120.3525,19.29276,13.19421,21.29095,0.0221090299999999,1.846219,0.0412233399999999,20.05931,18.86006,18.88644,18.86771,-2.16064,0.1318985,4
2021-08-19 03:10:00,0.1825098,2.937576,120.24,19.2902,13.19467,21.27514,0.0246162,1.834818,0.0463351499999999,20.03863,18.89282,18.89144,18.86713,-2.160641,0.1332523999999999,4
2021-08-19 03:11:00,0.1820163999999999,2.927158,120.223,19.30731,13.19467,21.25255,0.02028603,1.812069,0.0372662699999999,20.01043,18.88677,18.90274,18.86594,-2.160643,0.1325771,4
2021-08-19 03:12:00,0.1816779,2.941202,120.2076,19.27938,13.19467,21.23447,0.0239330799999999,1.834869,0.0438750899999999,19.99092,18.86166,18.87694,18.85819,-2.160644,0.1334073,4
2021-08-19 03:13:00,0.1819676,2.927197,120.2801,19.28089,13.19513,21.22769,0.01641108,1.737977,0.0269790599999999,19.97368,18.8756,18.89365,18.87629,-2.160646,0.1335436,4
2021-08-19 03:14:00,0.1821588,2.941576,120.3305,19.30448,13.19513,21.19833,0.0189182999999999,1.82345,0.0350836399999999,19.94493,18.84886,18.89052,18.88636,-2.160646,0.1334964999999999,4
2021-08-19 03:15:00,0.1820643,2.917729,120.253,19.28675,13.19513,21.17799,0.02484427,1.954492,0.0498891799999999,19.92655,18.79772,18.83871,18.8519,-2.160648,0.1333207999999999,4
2021-08-19 03:16:00,0.1821143,2.949519,120.2925,19.26582,13.19834,21.15992,0.02530024,1.732265,0.04452814,19.91397,18.77192,18.82263,18.8268,-2.160648,0.1333839,4
2021-08-19 03:17:00,0.1822525,2.931843,120.2713,19.22517,13.19697,21.13055,0.0207420999999999,1.812084,0.0378591799999999,19.88522,18.70213,18.74867,18.75839,-2.160649,0.1329751999999999,4
2021-08-19 03:18:00,0.1825185,2.944357,120.3855,19.21733,13.1988,21.11925,0.01709509,1.772191,0.03397801,19.88153,18.64286,18.68107,18.704,-2.160649,0.1329234,4
2021-08-19 03:19:00,0.1826977999999999,2.92925,120.4052,19.1389,13.19926,21.06955,0.01983009,1.874742,0.0357540999999999,19.83177,18.5694,18.60206,18.62916,-2.460741,0.1333531,4
2021-08-19 03:20:00,0.1823415999999999,2.927135,120.3282,19.08793,13.19926,21.04244,0.0175509499999999,1.794983,0.0309542499999999,19.8032,18.50809,18.54215,18.57411,-2.400723,0.132356,4
2021-08-19 03:21:00,0.182018,2.924631,120.3256,19.0591,13.19972,21.0221,0.0202871399999999,1.909042,0.03973311,19.7821,18.44105,18.46955,18.50569,-2.22067,0.1342165999999999,4
2021-08-19 03:22:00,0.1818284,2.941246,120.2588,19.03414,13.19926,20.99725,0.01458855,1.715293,0.0260004999999999,19.7558,18.38825,18.41328,18.44178,-2.700814,0.1343176,4
2021-08-19 03:23:00,0.1820948,2.924438,120.3457,19.02645,13.20017,20.98822,0.01481663,1.960354,0.02706095,19.74742,18.37427,18.38748,18.40973,-2.88087,0.133192,4
2021-08-19 03:24:00,0.1820532,2.962292,120.3844,19.00826,13.20017,20.9611,0.0241628,1.550067,0.0389399299999999,19.71535,18.37128,18.36989,18.38866,-2.88087,0.1336954999999999,4
2021-08-19 03:25:00,0.181924,2.950011,120.3301,19.00419,13.20017,20.93625,0.0186925699999999,1.806568,0.0323325699999999,19.68553,18.38442,18.38581,18.38442,-2.700816,0.1337661,4
2021-08-19 03:26:00,0.1821502999999999,2.9488,120.3832,19.01294,13.20017,20.9227,0.01504524,1.789472,0.0264709399999999,19.66777,18.40763,18.39859,18.39303,-2.820853,0.1340196999999999,4
2021-08-19 03:27:00,0.1824157999999999,2.931072,120.3567,19.00005,13.20017,20.89107,0.0207442099999999,1.840764,0.0404079999999999,19.63398,18.33968,18.36332,18.34455,-2.580781,0.132828,4
2021-08-19 03:28:00,0.1827429,2.950441,120.4559,18.9762,13.20017,20.87977,0.02074465,1.857892,0.03712017,19.62478,18.31661,18.32982,18.29436,-2.340708,0.1331575999999999,4
2021-08-19 03:29:00,0.1826955,2.94512,120.4678,18.98226,13.20017,20.85718,0.01869324,1.875023,0.03590514,19.59594,18.35588,18.34336,18.28983,-2.340708,0.1328293,4
2021-08-19 03:30:00,0.1822583999999999,2.930765,120.3554,18.94769,13.20155,20.82555,0.02142877,1.732538,0.03855526,19.56352,18.3178,18.33935,18.2587,-2.280691,0.1337656999999999,4
2021-08-19 03:31:00,0.1819615,2.927721,120.3453,18.9393,13.20109,20.80747,0.0223405599999999,1.629949,0.03618532,19.54677,18.27456,18.2989,18.21754,-2.160655,0.1339298999999999,4
2021-08-19 03:32:00,0.1816701,2.915585,120.2173,18.90004,13.20338,20.7781,0.01390615,1.937733,0.02748706,19.52981,18.18663,18.22627,18.15186,-2.340709,0.1332489,4
2021-08-19 03:33:00,0.1817967,2.942539,120.2697,18.89726,13.20522,20.76907,0.01892164,1.857968,0.0360003399999999,19.52214,18.13234,18.16433,18.11286,-2.6408,0.1333901,4
2021-08-19 03:34:00,0.1818516,2.935361,120.2841,18.86788,13.20567,20.73292,0.0202893,1.795263,0.03671693,19.48723,18.05692,18.08057,18.04022,-2.760837,0.1340702,4
2021-08-19 03:35:00,0.1814716,2.929706,120.2578,18.8462,13.20522,20.71485,0.0175536199999999,1.954835,0.03659201,19.47186,18.04286,18.07138,18.01781,-3.00091,0.1339867999999999,4
2021-08-19 03:36:00,0.1817299,2.929613,120.2896,18.82075,13.20613,20.68321,0.02165745,1.772492,0.03980508,19.44709,18.0076,18.03404,17.99508,-3.060928,0.1335788,4
2021-08-19 03:37:00,0.1817822,2.932231,120.2237,18.81223,13.20613,20.66288,0.02142964,1.687014,0.0355960099999999,19.43226,17.98021,18.02752,17.99343,-3.00091,0.1338249,4
2021-08-19 03:38:00,0.1823915,2.936925,120.2821,18.81043,13.20659,20.64424,0.0189217,1.749688,0.0324613299999999,19.41436,17.95193,18.01246,17.99785,-3.060928,0.1333631999999999,4
2021-08-19 03:39:00,0.1824417999999999,2.924994,120.2606,18.78786,13.20796,20.61544,0.01436222,1.77818,0.02402626,19.38551,17.94389,17.99607,17.98702,-3.120946,0.1323786999999999,4
2021-08-19 03:40:00,0.1819253,2.914933,120.1647,18.76113,13.20796,20.5951,0.0191499899999999,1.704122,0.0320413599999999,19.37343,17.90671,17.94566,17.96725,-3.060928,0.1332984,4
2021-08-19 03:41:00,0.1816593,2.937007,120.1931,18.74476,13.21026,20.56347,0.01709828,1.972002,0.03271215,19.34936,17.89299,17.95353,17.9577,-3.00091,0.1335988999999999,4
2021-08-19 03:42:00,0.1816296,2.916307,120.1428,18.746,13.21072,20.55218,0.0269017299999999,1.749754,0.04718312,19.33803,17.90251,17.94843,17.95887,-3.120946,0.1336484,4
2021-08-19 03:43:00,0.1818184999999999,2.922246,120.2205,18.72824,13.21072,20.52055,0.0198343799999999,1.846649,0.0366271199999999,19.31534,17.89575,17.92428,17.92498,-2.880874,0.133748,4
2021-08-19 03:44:00,0.1819236999999999,2.928879,120.2432,18.73498,13.21117,20.50022,0.0216585499999999,1.692786,0.03368111,19.3025,17.8967,17.92801,17.93428,-2.940892,0.1331903,4
2021-08-19 03:45:00,0.1816320999999999,2.925073,120.1635,18.71512,13.21117,20.46859,0.0127671,1.989163,0.02356105,19.27219,17.86003,17.88996,17.89622,-2.820855,0.1344209,4
2021-08-19 03:46:00,0.1813966999999999,2.942666,120.2443,18.7003,13.21117,20.44825,0.0159585699999999,1.624354,0.0250725899999999,19.26429,17.80617,17.84375,17.84166,-3.180964,0.133275,4
2021-08-19 03:47:00,0.1815259999999999,2.942089,120.1825,18.67317,13.21117,20.43376,0.01823842,1.72695,0.0324168199999999,19.25255,17.77144,17.81181,17.82643,-3.00091,0.1318389,4
2021-08-19 03:48:00,0.1820706,2.927188,120.2316,18.63672,13.21117,20.40081,0.0191506,1.726974,0.0350372899999999,19.22652,17.69251,17.72523,17.75586,-3.240983,0.133159,4
2021-08-19 03:49:00,0.1824403,2.918689,120.2889,18.595,13.21072,20.37596,0.01322307,1.709879,0.02248512,19.20856,17.60278,17.64873,17.66266,-3.541074,0.1328285999999999,4
2021-08-19 03:50:00,0.1823457,2.947099,120.2947,18.55713,13.21117,20.34659,0.01322321,1.772593,0.02625916,19.1812,17.53843,17.59135,17.6206,-3.601092,0.1338457999999999,4
2021-08-19 03:51:00,0.1822303,2.938064,120.3738,18.55576,13.21117,20.33755,0.0159590899999999,1.56741,0.02568234,19.17283,17.56486,17.60037,17.64145,-3.601092,0.1339431,4
2021-08-19 03:52:00,0.1815255,2.951158,120.2866,18.51197,13.21117,20.30366,0.0191510499999999,1.692816,0.03502334,19.13888,17.53011,17.57607,17.62063,-3.601092,0.1343159999999999,4
2021-08-19 03:53:00,0.1816772,2.933085,120.3286,18.4821,13.21117,20.2837,0.02371088,1.93791,0.04595475,19.12023,17.49395,17.54479,17.56777,-3.601092,0.1336325999999999,4
2021-08-19 03:54:00,0.1820546,2.947149,120.3828,18.48853,13.21117,20.25396,0.02143112,1.972118,0.04183847,19.09105,17.49942,17.5426,17.55305,-3.541074,0.1326506,4
2021-08-19 03:55:00,0.1819009,2.933059,120.2961,18.49558,13.21117,20.23588,0.02485104,1.738433,0.04113696,19.08404,17.45827,17.50424,17.53836,-3.601092,0.1324896999999999,4
2021-08-19 03:56:00,0.1821068999999999,2.929081,120.3587,18.45247,13.21117,20.21103,0.02485114,1.801138,0.0439910099999999,19.06192,17.3706,17.45837,17.46673,-3.601092,0.1338562,4
2021-08-19 03:57:00,0.1819776999999999,2.926521,120.3248,18.40225,13.21182,20.17488,0.01732745,1.835341,0.03577309,19.02642,17.2828,17.36361,17.34202,-3.601092,0.1331466,4
2021-08-19 03:58:00,0.1821610999999999,2.923182,120.418,18.38896,13.21345,20.15041,0.02234334,1.926544,0.04310261,19.00541,17.20185,17.28895,17.26944,-3.601092,0.1335296,4
2021-08-19 03:59:00,0.1826104,2.937524,120.4832,18.37937,13.21433,20.1297,0.01481959,1.823951,0.02632326,18.98603,17.18241,17.26045,17.25348,-3.601092,0.1322161,4
2021-08-19 04:00:00,0.1827395,2.954771,120.4664,18.37173,13.21657,20.11162,0.01641559,2.00065,0.03334087,18.9707,17.17816,17.24993,17.25063,-3.601092,0.1326005,4
2021-08-19 04:01:00,0.1826471,2.936328,120.5346,18.3293,13.21699,20.07773,0.0177835899999999,1.71566,0.02930203,18.93741,17.16495,17.22487,17.23045,-3.601092,0.1330924,4
2021-08-19 04:02:00,0.1821580999999999,2.961237,120.4583,18.31364,13.21558,20.05307,0.0214315399999999,1.812561,0.03987521,18.91268,17.13454,17.20911,17.21886,-3.601092,0.1342179,4
2021-08-19 04:03:00,0.1822255,2.955966,120.4371,18.2979,13.21692,20.02352,0.01390773,1.732766,0.0249045599999999,18.88302,17.07472,17.15627,17.14581,-3.601092,0.1337777,4
2021-08-19 04:04:00,0.1819494999999999,2.938375,120.3823,18.29966,13.2169,20.00996,0.01413573,1.772667,0.0234075099999999,18.87774,17.07079,17.14258,17.14188,-3.601092,0.1346551,4
2021-08-19 04:05:00,0.1816643,2.935471,120.2777,18.29087,13.21747,19.97607,0.02051965,1.801169,0.03706853,18.84934,17.09738,17.15663,17.17056,-3.601092,0.1342499,4
2021-08-19 04:06:00,0.1821396,2.939625,120.3286,18.26158,13.21775,19.94896,0.0175557099999999,1.829669,0.03309191,18.82287,17.052,17.13425,17.17467,-3.601092,0.1338978999999999,4
2021-08-19 04:07:00,0.1819977,2.936151,120.2476,18.26348,13.22009,19.92147,0.01892371,2.012069,0.0384098,18.79747,17.02314,17.12281,17.15417,-3.601092,0.1324722999999999,4
2021-08-19 04:08:00,0.1824618,2.929552,120.218,18.23086,13.2198,19.91055,0.01413579,2.097569,0.02886586,18.78724,17.00034,17.09583,17.13137,-3.601092,0.1329259,4
2021-08-19 04:09:00,0.1828167,2.938959,120.2412,18.19545,13.22226,19.87666,0.0225716899999999,1.994973,0.0437745199999999,18.75743,16.9258,17.02898,17.10704,-3.601092,0.1323389,4
2021-08-19 04:10:00,0.1827332999999999,2.931206,120.2255,18.16446,13.22266,19.85275,0.02029173,1.858175,0.0376613999999999,18.74459,16.84736,16.93731,17.00702,-3.601092,0.1322526,4
2021-08-19 04:11:00,0.1825291,2.945108,120.1956,18.12146,13.22286,19.82244,0.01550381,1.664379,0.0243591,18.71421,16.80573,16.89638,16.95355,-3.601092,0.1339907999999999,4
2021-08-19 04:12:00,0.1819099,2.910871,120.1154,18.13622,13.2233,19.80437,0.0189237699999999,1.704279,0.0337939599999999,18.69818,16.80498,16.91515,16.94095,-3.601092,0.1326062,4
2021-08-19 04:13:00,0.1819456,2.932889,120.1529,18.09878,13.22351,19.77274,0.0173278,1.972177,0.03237489,18.66919,16.77227,16.87339,16.89501,-3.601092,0.1335007,4
2021-08-19 04:14:00,0.1820276999999999,2.912869,120.1711,18.06622,13.22397,19.74657,0.0166438099999999,1.74418,0.02911557,18.64227,16.71596,16.80593,16.83243,-3.601092,0.1325968999999999,4
2021-08-19 04:15:00,0.1818854,2.926778,120.1462,18.06695,13.2245,19.72078,0.0198357899999999,1.664382,0.03114294,18.62476,16.66978,16.74721,16.76674,-3.601092,0.1333183,4
2021-08-19 04:16:00,0.1818797,2.918499,120.1798,18.05459,13.22454,19.70496,0.02006379,1.704282,0.03307671,18.61379,16.62251,16.67483,16.71738,-3.601092,0.1328757999999999,4
2021-08-19 04:17:00,0.1818452999999999,2.951484,120.1361,18.00951,13.22493,19.67804,0.0166438299999999,1.647283,0.02916243,18.58688,16.5768,16.63191,16.67307,-3.601092,0.1345174,4
2021-08-19 04:18:00,0.1820865999999999,2.921488,120.1681,17.95217,13.22499,19.653,0.0230277699999999,1.841081,0.04319783,18.56178,16.57113,16.6395,16.65066,-3.601092,0.1327935,4
2021-08-19 04:19:00,0.1823968,2.930718,120.2484,17.93359,13.22527,19.62193,0.0191518099999999,1.778383,0.03373176,18.53203,16.50776,16.57892,16.59497,-3.601092,0.13285,4
2021-08-19 04:20:00,0.1826241999999999,2.912718,120.1948,17.90701,13.2258,19.60103,0.02165979,1.886682,0.0418878999999999,18.51178,16.45182,16.52439,16.53555,-3.601092,0.1319922,4
2021-08-19 04:21:00,0.1825544,2.920174,120.2191,17.86363,13.22692,19.58296,0.01664384,1.966482,0.03443356,18.49434,16.40846,16.48383,16.48801,-3.601092,0.1323916,4
2021-08-19 04:22:00,0.1819953,2.913812,120.1083,17.82819,13.22745,19.54907,0.01459187,1.727084,0.0266984899999999,18.46939,16.3352,16.41058,16.42314,-3.601092,0.1323421999999999,4
2021-08-19 04:23:00,0.1817434,2.929176,120.0694,17.8002,13.22806,19.52403,0.01823984,1.932282,0.03644532,18.44913,16.24285,16.3022,16.31965,-3.601092,0.1332047,4
2021-08-19 04:24:00,0.1819380999999999,2.940713,120.0756,17.78981,13.23087,19.49485,0.01983582,2.20588,0.04524086,18.42264,16.19529,16.22532,16.26581,-3.781147,0.1334221999999999,4
2021-08-19 04:25:00,0.1821812999999999,2.924301,120.04,17.79704,13.23098,19.47903,0.0186958399999999,1.829684,0.03482347,18.41721,16.18422,16.23869,16.27709,-3.66111,0.1336063,4
2021-08-19 04:26:00,0.1821806,2.909153,120.0424,17.78107,13.23104,19.4491,0.01801184,1.846784,0.03338875,18.39074,16.23731,16.27851,16.28479,-3.601092,0.1318388,4
2021-08-19 04:27:00,0.1817507999999999,2.896114,119.9804,17.75711,13.23112,19.42933,0.01709985,1.966483,0.0324530599999999,18.37097,16.19241,16.27061,16.26432,-3.601092,0.1331524,4
2021-08-19 04:28:00,0.1818264,2.922777,119.9963,17.7052,13.23118,19.39507,0.01664386,1.852484,0.03128344,18.33801,16.1558,16.23191,16.2354,-3.601092,0.1330374,4
2021-08-19 04:29:00,0.1824602999999999,2.908324,120.0902,17.67795,13.23169,19.38189,0.0118559,1.795485,0.0218796999999999,18.32827,16.14181,16.19349,16.2277,-3.601092,0.1315350999999999,4
2021-08-19 04:30:00,0.1826056,2.897701,120.1328,17.68282,13.23175,19.35252,0.0139078799999999,1.880984,0.02565368,18.30371,16.14438,16.18558,16.254,-3.601092,0.1311937,4
2021-08-19 04:31:00,0.1827346,2.925458,120.0621,17.67127,13.23224,19.32635,0.0207478299999999,2.069083,0.04336953,18.28026,16.15505,16.17949,16.26188,-3.601092,0.1327054,4
2021-08-19 04:32:00,0.1826657999999999,2.946876,120.1351,17.65109,13.23366,19.30281,0.0205198299999999,2.040583,0.04279252,18.2608,16.14798,16.17731,16.27087,-3.601092,0.1335345,4
2021-08-19 04:33:00,0.1820913999999999,2.919261,120.0515,17.67006,13.23369,19.28474,0.01983584,1.972184,0.03710037,18.25032,16.12414,16.14997,16.26868,-3.601092,0.1328707,4
2021-08-19 04:34:00,0.1820092,2.920672,120.0504,17.6822,13.23373,19.2661,0.01664386,2.017783,0.0359307499999999,18.24,16.07957,16.08166,16.21155,-3.601092,0.132962,4
2021-08-19 04:35:00,0.181729,2.927267,120.006,17.68991,13.23604,19.23956,0.0139078899999999,2.291381,0.0310339399999999,18.22035,16.10873,16.08987,16.21697,-3.601092,0.1335243999999999,4
2021-08-19 04:36:00,0.1818550999999999,2.915778,119.9962,17.73029,13.23653,19.22035,0.0127679,2.148883,0.02899101,18.2116,16.16084,16.1769,16.29,-3.601092,0.1328187,4
2021-08-19 04:37:00,0.1818476,2.916661,120.0234,17.71127,13.23654,19.19437,0.0109439099999999,2.359781,0.02448407,18.19462,16.20456,16.2646,16.34977,-3.601092,0.1329035,4
2021-08-19 04:38:00,0.1822371999999999,2.917337,120.0341,17.72359,13.23749,19.18081,0.01436388,2.165982,0.03182929,18.1873,16.28935,16.37242,16.38079,-3.541074,0.1325351999999999,4
2021-08-19 04:39:00,0.1822749999999999,2.92721,120.1103,17.70864,13.2375,19.15822,0.01459188,2.50798,0.03809847,18.17092,16.25895,16.37692,16.37971,-3.421037,0.1330446,4
2021-08-19 04:40:00,0.1821412,2.905551,120.0599,17.71834,13.23752,19.13299,0.0134518899999999,2.610579,0.0318916699999999,18.15744,16.33684,16.4192,16.42967,-3.240983,0.1321507,4
2021-08-19 04:41:00,0.1822185,2.929695,120.0365,17.73438,13.23753,19.11755,0.0193798399999999,2.867077,0.0561885999999999,18.1524,16.36319,16.45392,16.50277,-2.700819,0.1330988999999999,4
2021-08-19 04:42:00,0.1822098,2.929823,119.9829,17.715,13.23709,19.09553,0.01413589,3.203374,0.04439883,18.13792,16.37577,16.44975,16.51745,-2.760837,0.1332451,4
2021-08-19 04:43:00,0.1818885,2.913161,120.0262,17.72784,13.23755,19.07689,0.0125399,3.397173,0.0442428699999999,18.13316,16.401,16.48614,16.5622,-2.400728,0.1327326,4
2021-08-19 04:44:00,0.1817602,2.933283,120.0394,17.71208,13.23757,19.07237,0.01846785,3.357273,0.06082031,18.13001,16.44528,16.53112,16.59392,-2.640801,0.1337909999999999,4
2021-08-19 04:45:00,0.1818019999999999,2.910003,120.0094,17.68176,13.23757,19.04771,0.01664387,3.562471,0.05913605,18.10601,16.43587,16.51404,16.55451,-2.760837,0.1327291999999999,4
2021-08-19 04:46:00,0.1814863999999999,2.930712,119.9311,17.67092,13.23758,19.02493,0.01960784,3.653671,0.0708478599999999,18.09159,16.35729,16.44733,16.48711,-2.820855,0.1338821,4
2021-08-19 04:47:00,0.1815112,2.913774,119.7884,17.67727,13.23758,19.01589,0.02120383,3.73347,0.0791911599999999,18.09018,16.27351,16.36774,16.42009,-2.940892,0.1334283,4
2021-08-19 04:48:00,0.181407,2.900917,119.7801,17.65146,13.23759,18.99367,0.0155038799999999,4.001368,0.05990021,18.0693,16.21413,16.28604,16.33421,-3.180964,0.1327008,4
2021-08-19 04:49:00,0.1814272,2.90921,119.8244,17.61038,13.2376,18.97297,0.0264477899999999,4.132467,0.1105838,18.05203,16.16048,16.21494,16.27499,-3.301013,0.1330786999999999,4
2021-08-19 04:50:00,0.1816222,2.90618,119.7577,17.58816,13.2376,18.96619,0.0127679,4.537163,0.0562042,18.05428,16.11245,16.15086,16.24722,-3.421083,0.1327232,4
2021-08-19 04:51:00,0.1820636999999999,2.896404,119.8288,17.55793,13.23761,18.94585,0.02120383,4.765162,0.1001664,18.03598,16.07239,16.10661,16.20786,-3.301042,0.1328889,4
2021-08-19 04:52:00,0.1819492,2.923703,119.781,17.52662,13.23761,18.92307,0.0120839,4.94186,0.05927641,18.01312,15.98789,16.01513,16.14295,-3.481092,0.1325650999999999,4
2021-08-19 04:53:00,0.1820635999999999,2.924647,119.7508,17.49672,13.23761,18.91422,0.0200638399999999,5.551755,0.1077143,18.00426,15.93428,15.95874,16.08936,-3.421071,0.1325953,4
2021-08-19 04:54:00,0.1817998,2.899039,119.8183,17.45179,13.23808,18.89389,0.01367989,6.264249,0.08697303,17.98458,15.8789,15.90265,16.03609,-3.601122,0.1331571,4
2021-08-19 04:55:00,0.1811899999999999,2.93031,119.7149,17.34556,13.23808,18.87111,0.0214318299999999,7.045143,0.1485107,17.95901,15.81137,15.8519,15.98254,-3.541101,0.1338525,4
2021-08-19 04:56:00,0.1814155,2.91178,119.7517,17.27693,13.23854,18.86904,0.02097583,7.979936,0.1688465,17.9528,15.75349,15.79262,15.93376,-3.601116,0.1339318999999999,4
2021-08-19 04:57:00,0.1815631,2.905586,119.7186,17.12574,13.24038,18.84418,0.01687187,9.148426,0.1528616999999999,17.91884,15.68372,15.72006,15.8717,-3.601138,0.1334666999999999,4
2021-08-19 04:58:00,0.1814273999999999,2.912287,119.6879,17.03884,13.24129,18.82121,0.0139078899999999,9.843821,0.1380933,17.89165,15.64799,15.68155,15.83459,-3.60116,0.1338873999999999,4
2021-08-19 04:59:00,0.1817252,2.921093,119.7468,16.99889,13.2413,18.81707,0.0214318299999999,9.889421,0.2118418,17.88123,15.60676,15.64591,15.82203,-3.60118,0.1332391,4
2021-08-19 05:00:00,0.1816226,2.910384,119.7595,16.98711,13.24221,18.78996,0.01869585,9.957820000000002,0.1843011,17.85407,15.5515,15.57807,15.77588,-3.601194,0.1332282999999999,4
2021-08-19 05:01:00,0.1818051,2.919042,119.7494,17.03926,13.24267,18.76511,0.01732786,10.21432,0.1771429999999999,17.8319,15.57107,15.56198,15.78776,-3.601213,0.1331759,4
2021-08-19 05:02:00,0.1818229,2.902627,119.6483,17.15643,13.24222,18.76097,0.0200638399999999,10.51642,0.2130269999999999,17.8333,15.61716,15.63044,15.83384,-3.2411,0.132782,4
2021-08-19 05:03:00,0.1818415999999999,2.905199,119.6809,17.19582,13.24268,18.738,0.01846785,10.56772,0.1933149999999999,17.81795,15.58637,15.59336,15.80795,-2.640903,0.1327977999999999,4
2021-08-19 05:04:00,0.1817378,2.893242,119.6765,17.20666,13.24314,18.71315,0.01436388,10.45942,0.1505537,17.80001,15.56136,15.57745,15.81161,-2.340804,0.1326359,4
2021-08-19 05:05:00,0.1815596999999999,2.898533,119.6955,17.21887,13.24314,18.69658,0.0227998199999999,10.18582,0.2329574,17.78763,15.54765,15.56023,15.80558,-2.160726,0.1322298,4
2021-08-19 05:06:00,0.1814996,2.8957,119.6432,17.22466,13.24314,18.67926,0.01960784,10.40242,0.2064927,17.77516,15.52536,15.52326,15.76233,-2.160721,0.1335367,4
2021-08-19 05:07:00,0.1812322,2.898947,119.6251,17.22477,13.24314,18.66119,0.01527588,11.41131,0.1724178,17.76681,15.50157,15.50157,15.73296,-2.160732,0.1334588999999999,4
2021-08-19 05:08:00,0.1812091999999999,2.900236,119.5726,17.24446,13.24314,18.65705,0.02165983,13.76539,0.2948537,17.76405,15.49321,15.49321,15.71761,-2.160734,0.13325,4
2021-08-19 05:09:00,0.1813279999999999,2.904073,119.5976,17.27416,13.24268,18.63633,0.0207478299999999,17.49316,0.3628789,17.75372,15.57789,15.5758,15.78549,-1.320439,0.1328168,4
2021-08-19 05:10:00,0.1814107,2.898946,119.5811,17.32201,13.24314,18.60923,0.02371181,23.13041,0.5544784999999999,17.73562,15.73516,15.73307,15.91266,-0.7202384,0.1327194999999999,4
2021-08-19 05:11:00,0.1815495,2.899302,119.5989,17.39416,13.2436,18.60923,0.02872777,29.69106,0.8359049,17.74949,15.79511,15.81048,15.99564,0.3001014,0.1332576,4
2021-08-19 05:12:00,0.181793,2.904925,119.6089,17.38952,13.2436,18.58851,0.03077975,40.35567,1.250029,17.73709,15.80992,15.83298,16.00905,0.7202435,0.1329784,4
2021-08-19 05:13:00,0.1814238,2.907342,119.6508,17.36452,13.2436,18.56987,0.02713178,44.82444,1.214394,17.72677,15.87223,15.8869,16.06435,1.140374,0.1333231,4
2021-08-19 05:14:00,0.1814368,2.887938,119.7095,17.37238,13.24543,18.55952,0.02667578,46.11833,1.228898,17.72476,15.89399,15.92613,16.0868,1.980649,0.1326306999999999,4
2021-08-19 05:15:00,0.1809281,2.897358,119.6499,17.34441,13.24498,18.55952,0.03123575,46.78522,1.459843,17.73316,15.88994,15.93885,16.08903,2.10067,0.1339443999999999,4
2021-08-19 05:16:00,0.1802034,2.894739,119.6256,17.35325,13.24498,18.54596,0.03351573,46.62563,1.561928,17.73072,15.93989,15.95177,16.11801,2.160692,0.1345339,4
2021-08-19 05:17:00,0.1793866,2.876362,119.6299,17.39085,13.24452,18.53241,0.03351573,46.00433,1.542216,17.73037,16.05201,16.059,16.19099,2.160704,0.1349537,4
2021-08-19 05:18:00,0.1793548,2.901482,119.5725,17.41824,13.24452,18.52826,0.03055176,44.62494,1.365353,17.74153,16.14631,16.17843,16.31737,2.160707,0.1337527,4
2021-08-19 05:19:00,0.1793820999999999,2.900942,119.5968,17.42481,13.24406,18.50756,0.03123575,43.99224,1.374555,17.73331,16.2295,16.28466,16.38728,2.160717,0.1349173999999999,4
2021-08-19 05:20:00,0.1795581,2.897049,119.6247,17.44793,13.24452,18.50756,0.0300957599999999,43.89534,1.321111,17.7507,16.33908,16.39981,16.50381,2.220741,0.1353611,4
2021-08-19 05:21:00,0.1799424,2.899346,119.5443,17.45981,13.24406,18.50756,0.03305973,44.20884,1.462713,17.76321,16.44721,16.51491,16.60911,2.58087,0.1340234999999999,4
2021-08-19 05:22:00,0.1809906,2.915673,119.5425,17.47524,13.24543,18.50756,0.0253077999999999,45.50273,1.15136,17.77226,16.53725,16.58819,16.69563,3.361136,0.1330107,4
2021-08-19 05:23:00,0.1807089,2.881164,119.4377,17.50118,13.24589,18.50756,0.03123575,48.13041,1.505115,17.78131,16.62239,16.66844,16.77307,3.661244,0.1331175,4
2021-08-19 05:24:00,0.1807842,2.899749,119.5317,17.54662,13.2436,18.5053,0.02849977,52.54788,1.498846,17.78952,16.66973,16.72344,16.82388,4.981699,0.1339189,4
2021-08-19 05:25:00,0.180335,2.901254,119.5269,17.55685,13.24452,18.50078,0.0328317399999999,55.02166,1.804476,17.79338,16.72107,16.77059,16.8731,5.101748,0.1330670999999999,4
2021-08-19 05:26:00,0.1798912,2.896115,119.4209,17.56353,13.24314,18.49626,0.03830369,55.44345,2.121755,17.7965,16.75209,16.78836,16.90551,5.882023,0.1341769999999999,4
2021-08-19 05:27:00,0.180338,2.88455,119.4743,17.57021,13.24452,18.49174,0.0339717299999999,57.47264,1.952846,17.8038,16.76917,16.82287,16.94629,6.482239,0.1339119,4
2021-08-19 05:28:00,0.1806870999999999,2.906369,119.5612,17.58854,13.2436,18.50304,0.04081167,63.71979,2.59277,17.82695,16.82863,16.86908,17.00155,6.482249,0.1333597,4
2021-08-19 05:29:00,0.2774908999999999,2.620065,119.5643,17.59657,13.24406,18.50756,0.0378476999999999,174.0253,6.465089,17.84122,16.89174,16.9294,17.0737,6.482256,0.1138492,4
2021-08-19 05:30:00,0.2950381,1.520725,119.5259,17.579,13.24452,18.50756,0.03305973,195.4628,6.167912,17.85023,16.97464,17.01298,17.14751,7.682686999999999,0.06961032,4
2021-08-19 05:31:00,0.4586457999999999,1.439857,119.5774,17.59089,13.24406,18.50756,0.0387596899999999,200.627,7.463291,17.86483,17.04432,17.09032,17.22066,8.643029,0.04811896,4
2021-08-19 05:32:00,0.5598925,-0.5259591,119.5237,17.58038,13.2436,18.50756,0.0455996399999999,155.3522,7.086798,17.87667,17.0973,17.14957,17.28686,10.26361,-0.007934955,4
2021-08-19 05:33:00,0.5480821,-0.1455346999999999,119.5963,17.57618,13.24314,18.50756,0.0526675799999999,155.6714,8.19864,17.88989,17.1433,17.19697,17.33284,11.46404,-0.0023150139999999,4
2021-08-19 05:34:00,0.5433329,0.4898362,119.6089,17.58655,13.24314,18.51998,0.0622435,155.7341,9.695163,17.91418,17.17741,17.23804,17.37668,12.9645,0.007448912,4
2021-08-19 05:35:00,0.545526,0.7625402,119.5385,17.60391,13.24314,18.53241,0.0631554899999999,155.5632,9.824133,17.93775,17.17803,17.24144,17.38008,13.02449,0.01146511,4
2021-08-19 05:36:00,0.5505421,0.7750411,119.4935,17.592,13.24314,18.53241,0.0674874599999999,155.6201,10.50183,17.94263,17.14667,17.20312,17.3376,12.96437,0.01166302,4
2021-08-19 05:37:00,0.5373657,1.158692,119.4564,17.5776,13.24314,18.53692,0.06361149,155.8652,9.915457,17.96037,17.11566,17.16933,17.28988,13.56455,0.0180998599999999,4
2021-08-19 05:38:00,0.5258414999999999,1.486324,119.4385,17.58624,13.24268,18.55952,0.07090744,155.7569,11.04537,17.98927,17.07492,17.12859,17.24984,14.82487,0.0237487499999999,4
2021-08-19 05:39:00,0.516642,2.308025,119.4997,17.53578,13.24314,18.55952,0.0770633899999999,155.888,12.01223,17.99901,17.02822,17.0798,17.19967,16.50541,0.03746162,4
2021-08-19 05:40:00,0.511105,3.544918,119.5386,17.53013,13.24314,18.55952,0.08344733,155.9165,13.01158,18.0129,16.99818,17.03652,17.16547,18.42618,0.0580396099999999,4
2021-08-19 05:41:00,0.5115013,3.996773,119.4808,17.52452,13.24314,18.55952,0.08230735,155.4662,12.79436,18.02821,16.94659,16.99539,17.11459,18.72628,0.0653902799999999,4
2021-08-19 05:42:00,0.5112809999999999,3.972453,119.4885,17.53082,13.24314,18.55952,0.0829913399999999,155.66,12.92026,18.04281,16.90683,16.95424,17.0623,18.7264,0.0648995599999999,4
2021-08-19 05:43:00,0.5183073999999999,4.438271,119.4362,17.49087,13.24268,18.55952,0.0943912499999999,155.7,14.6973,18.05742,16.87128,16.92358,17.00933,19.50665,0.0722401899999999,4
2021-08-19 05:44:00,0.5294908999999999,4.820327,119.5241,17.46005,13.24314,18.56159,0.0893752899999999,155.7227,13.91689,18.07273,16.83019,16.8818,16.96825,20.16668,0.0761749699999999,4
2021-08-19 05:45:00,0.5315111,5.038035,119.4849,17.48038,13.24314,18.56159,0.08413133,155.7626,13.10445,18.08943,16.79044,16.82252,16.91039,20.1667,0.0793486199999999,4
2021-08-19 05:46:00,0.5268049999999999,5.246503,119.4399,17.52302,13.24268,18.56987,0.09667122,155.5802,15.0388,18.11859,16.75622,16.78341,16.87756,20.28683,0.08381668,4
2021-08-19 05:47:00,0.5182065,5.257179,119.433,17.58802,13.24314,18.58437,0.1000912,155.6087,15.57357,18.15883,16.72404,16.75404,16.85934,21.6073,0.08547295,4
2021-08-19 05:48:00,0.5155336,5.322546,119.3963,17.60135,13.24314,18.58437,0.09074327,155.7171,14.13049,18.18457,16.68363,16.70595,16.81614,21.60738,0.0865473199999999,4
2021-08-19 05:49:00,0.5148188999999999,5.56646,119.4384,17.59293,13.24223,18.58437,0.09598723,155.7626,14.95058,18.2096,16.62569,16.65151,16.77846,22.32765,0.0908449699999999,4
2021-08-19 05:50:00,0.4984373999999999,6.300688,119.444,17.57187,13.24314,18.58437,0.1032832,155.6714,16.07864,18.23115,16.58237,16.60819,16.74631,24.00829,0.1061005,4
2021-08-19 05:51:00,0.5029519,7.351994999999999,119.3478,17.53262,13.24314,18.58437,0.1089831,155.6487,16.96341,18.2541,16.54959,16.5775,16.7247,25.86897,0.1224303999999999,4
2021-08-19 05:52:00,0.51121,7.885149,119.3519,17.50457,13.24314,18.58644,0.1121751,155.6543,17.4611,18.27495,16.57192,16.58378,16.73168,26.52926,0.1294856,4
2021-08-19 05:53:00,0.5097445,7.921611,119.3842,17.47003,13.24268,18.60301,0.1110351,155.6543,17.28396,18.31379,16.58024,16.60606,16.74487,27.12933,0.1308801,4
2021-08-19 05:54:00,0.5058664,7.955638,119.4659,17.46578,13.24268,18.60923,0.1126311,155.6373,17.52992,18.34226,16.5956,16.61863,16.76301,27.36921,0.1322211,4
2021-08-19 05:55:00,0.4923654,7.955814,119.44,17.47629,13.24314,18.60923,0.120383,155.6828,18.74221,18.3659,16.58374,16.61165,16.75952,28.98959,0.1354027999999999,4
2021-08-19 05:56:00,0.4900745,7.870860999999999,119.3677,17.484,13.24314,18.60923,0.1162791,155.6315,18.09836,18.39509,16.59001,16.61234,16.78532,28.98943,0.134977,4
2021-08-19 05:57:00,0.4932583999999999,7.822619,119.3609,17.47486,13.24314,18.60923,0.1155951,155.7513,18.00266,18.42289,16.58788,16.60253,16.79714,28.0292,0.1338990999999999,4
2021-08-19 05:58:00,0.4961742,7.873571,119.2786,17.47554,13.24268,18.60923,0.119243,155.66,18.5608,18.44652,16.58087,16.60459,16.79641,27.36904,0.1330119999999999,4
2021-08-19 05:59:00,0.4959277,7.931485999999999,119.2833,17.42362,13.24268,18.60923,0.1155951,155.5061,17.97516,18.46181,16.57451,16.59893,16.79286,27.60921,0.1346127,4
2021-08-19 06:00:00,0.4959954999999999,7.93777,119.2608,17.41496,13.24223,18.616,0.1119470999999999,155.66,17.42617,18.48735,16.575,16.59244,16.79126,27.72929,0.1342810999999999,4
2021-08-19 06:01:00,0.4933991999999999,7.984459,119.1847,17.42732,13.24268,18.63181,0.1174191,155.66,18.27709,18.52402,16.56788,16.59579,16.80227,28.3896,0.1365856,4
2021-08-19 06:02:00,0.5020674,11.03568,119.1613,17.41784,13.24177,18.63633,0.124715,172.9537,21.54689,18.54869,16.5822,16.60034,16.80263,30.97051,0.1822496,4
2021-08-19 06:03:00,0.5374364999999999,16.38279,119.158,17.43122,13.24223,18.63633,0.1379389,207.8716,28.697,18.57441,16.61232,16.62627,16.80762,35.29209,0.2535722999999999,4
2021-08-19 06:04:00,0.5475653999999999,17.92499,119.1963,17.44596,13.24268,18.63633,0.121295,242.7097,29.34862,18.60846,16.63676,16.64513,16.82578,37.51288,0.2752478999999999,4
2021-08-19 06:05:00,0.542046,15.4798,119.0989,17.41434,13.24314,18.64048,0.1048792,256.6347,26.87958,18.63901,16.66879,16.68553,16.84246,36.55266,0.2394366,4
2021-08-19 06:06:00,0.5391027,16.86273,119.1149,17.37133,13.24314,18.65912,0.122435,223.9569,27.40981,18.68752,16.6882,16.7161,16.84931,34.63201,0.2628053,4
2021-08-19 06:07:00,0.5452808,15.80288,119.0814,17.35728,13.24177,18.66119,0.122891,214.894,26.40932,18.70835,16.71329,16.74049,16.85417,33.55132,0.2438617999999999,4
2021-08-19 06:08:00,0.5250424,15.13324,118.9927,17.34185,13.24268,18.66119,0.123119,214.5007,26.409,18.71738,16.74467,16.77257,16.88345,32.05079,0.2422972999999999,4
2021-08-19 06:09:00,0.5348117,16.21084,119.08,17.33966,13.24177,18.66119,0.1299589999999999,214.9225,27.93329,18.73198,16.77804,16.8164,16.91263,33.37141,0.2537836,4
2021-08-19 06:10:00,0.5425552,17.62815,119.0978,17.32003,13.24177,18.66119,0.1322388999999999,214.7743,28.40176,18.74448,16.84499,16.88543,16.97887,35.35209,0.2718114999999999,4
2021-08-19 06:11:00,0.5412295,20.17175,119.0325,17.33053,13.24085,18.66119,0.1552668,214.8199,33.35256,18.74795,16.95305,16.99558,17.07435,38.59337,0.3135955999999999,4
2021-08-19 06:12:00,0.5267933999999999,24.5634,119.0811,17.3814,13.24177,18.68604,0.1691747,214.609,36.30509,18.78252,17.1209,17.16551,17.23938,45.97589,0.3910588999999999,4
2021-08-19 06:13:00,0.5288544,21.75273,119.0577,17.41318,13.24223,18.6883,0.1589146999999999,214.4437,34.0766,18.80075,17.2445,17.29676,17.36852,42.31425,0.3449348999999999,4
2021-08-19 06:14:00,0.5234899,23.25042,119.1611,17.44745,13.24085,18.69451,0.1630186999999999,214.5976,34.98212,18.82641,17.37196,17.42838,17.49872,44.05487,0.3733475,4
2021-08-19 06:15:00,0.5360222,19.83999,119.2515,17.46825,13.24085,18.71107,0.1450068999999999,214.6318,31.12258,18.85061,17.49233,17.54735,17.61698,39.37349,0.3094247,4
2021-08-19 06:16:00,0.5433858,18.42537,119.1661,17.48855,13.24039,18.71315,0.1338349,214.4152,28.69628,18.87074,17.58145,17.63646,17.71095,37.09275,0.2851797999999999,4
2021-08-19 06:17:00,0.5228787999999999,13.75896,119.1245,17.52311,13.24085,18.73574,0.1151390999999999,214.4266,24.69113,18.90305,17.67302,17.72592,17.79901,31.51094,0.2216065999999999,4
2021-08-19 06:18:00,0.5128466,10.70567,119.0331,17.53805,13.24039,18.74647,0.1014592,214.7059,21.78324,18.9124,17.70811,17.76659,17.83619,27.48958,0.1750652,4
2021-08-19 06:19:00,0.5129803,10.96775,119.1331,17.56579,13.23856,18.76511,0.1069311,214.8085,22.96926,18.93451,17.7344,17.788,17.85343,27.96982,0.1793269999999999,4
2021-08-19 06:20:00,0.513182,12.12209,119.1473,17.57211,13.23856,18.76511,0.1082991,214.5862,23.23917,18.93728,17.71632,17.76644,17.8263,29.77048,0.1983924,4
2021-08-19 06:21:00,0.5125965,13.97123,119.0049,17.54405,13.23764,18.77415,0.1174191,214.7344,25.21418,18.93729,17.70451,17.74767,17.80544,32.53153,0.228752,4
2021-08-19 06:22:00,0.5298764,17.97562,118.9661,17.54676,13.23764,18.79429,0.1397629,214.723,30.00858,18.9602,17.72125,17.75884,17.81661,38.0533,0.2841925,4
2021-08-19 06:23:00,0.5279494999999998,25.58274,118.921,17.58085,13.23764,18.81707,0.1739626,214.4209,37.3037,19.0031,17.77961,17.81371,17.868,49.39696,0.4079485999999999,4
2021-08-19 06:24:00,0.5242327,28.16102,119.0341,17.58997,13.2381,18.81707,0.1956224,214.8655,42.03054,19.03712,17.84434,17.87844,17.93063,55.09905,0.451573,4
2021-08-19 06:25:00,0.5255682,26.34339,119.0437,17.61431,13.23764,18.83157,0.1819425,214.5349,39.03246,19.08701,17.88879,17.92845,17.97785,51.49793,0.4212848,4
2021-08-19 06:26:00,0.5267578,21.45525,118.9725,17.64495,13.23764,18.85096,0.1532148,214.6888,32.89119,19.13347,17.91447,17.95065,18.00214,43.81535,0.3436913999999999,4
2021-08-19 06:27:00,0.5327893,17.4755,118.9707,17.67287,13.2381,18.86904,0.1340629,214.3582,28.73533,19.17652,17.89639,17.93188,17.98128,36.85298,0.2759097999999999,4
2021-08-19 06:28:00,0.5326866999999998,17.6176,118.8179,17.67633,13.23764,18.86904,0.1345189,214.6603,28.87375,19.18556,17.86503,17.90261,17.94924,37.09314,0.2787139,4
2021-08-19 06:29:00,0.5299131999999999,16.9501,118.869,17.69432,13.23764,18.8856,0.1329229,214.5064,28.51395,19.20836,17.85517,17.8851,17.92963,36.01279,0.2698083,4
2021-08-19 06:30:00,0.5266829,15.82757,118.8858,17.66634,13.23764,18.89615,0.1258549999999999,214.7344,27.02426,19.22098,17.82327,17.85181,17.89913,34.93242,0.2536434,4
2021-08-19 06:31:00,0.5185887999999998,14.86402,118.924,17.67707,13.23764,18.91874,0.1133151,214.552,24.31281,19.2512,17.80415,17.8299,17.88141,33.732,0.2420583,4
2021-08-19 06:32:00,0.5139734999999999,14.66651,119.0511,17.7102,13.23764,18.92307,0.119927,214.666,25.74463,19.26523,17.76958,17.7828,17.83291,33.19149,0.2385818,4
2021-08-19 06:33:00,0.5338437,18.53952,119.0667,17.74076,13.23764,18.94585,0.1427268999999999,214.8484,30.66493,19.30464,17.76179,17.77154,17.81747,38.53323,0.2896329999999999,4
2021-08-19 06:34:00,0.5286250999999998,22.22141,119.1476,17.70127,13.23764,18.96167,0.1589146999999999,214.7401,34.12758,19.32807,17.77208,17.78113,17.82985,44.1753,0.3539017999999999,4
2021-08-19 06:35:00,0.5296999,26.62772,119.1746,17.7182,13.23764,18.97297,0.1821705999999999,214.8142,39.13564,19.35602,17.81472,17.8189,17.8697,51.43785,0.4201462999999999,4
2021-08-19 06:36:00,0.5286716999999999,28.74344,119.1015,17.69087,13.23764,18.97297,0.2047423999999999,219.1347,44.8444,19.38238,17.84743,17.84882,17.90728,55.3987,0.4545774,4
2021-08-19 06:37:00,0.5571704,29.63246,119.1492,17.68431,13.23764,18.99367,0.1792065999999999,249.8347,44.60647,19.42458,17.91899,17.91411,17.96839,56.1189,0.4459459,4
2021-08-19 06:38:00,0.5491441,20.0153,119.0225,17.75307,13.23764,19.02041,0.123347,269.5793,33.15242,19.49156,17.98467,17.97911,18.03129,51.97779,0.3054529,4
2021-08-19 06:39:00,0.5544364,24.52994,119.0873,17.77301,13.23764,19.02493,0.1566346999999999,237.9959,37.29904,19.53769,17.98155,17.98016,18.03164,48.07645,0.3718197999999999,4
2021-08-19 06:40:00,0.5519243,23.04418,119.099,17.81337,13.23764,19.04771,0.1611947,223.6833,36.05639,19.58541,17.9856,17.9849,18.02804,45.73524,0.3504544,4
2021-08-19 06:41:00,0.5423284999999999,24.12641,119.0681,17.83476,13.23764,19.07463,0.1655267,223.6491,37.01878,19.63864,17.9945,17.9938,18.03416,46.99569,0.3739428,4
2021-08-19 06:42:00,0.5442979,31.06488,119.1099,17.84272,13.23764,19.07689,0.2056543,223.5237,45.97046,19.6686,18.01075,18.00657,18.04414,57.01937,0.4747718,4
2021-08-19 06:43:00,0.5675820999999999,38.62044,119.0433,17.88519,13.23627,19.0976,0.2448701,223.6434,54.76059,19.73643,18.11776,18.1108,18.13723,69.92366,0.56794,4
2021-08-19 06:44:00,0.5761066999999999,40.28527,119.0938,17.92027,13.23672,19.11304,0.250798,223.1703,55.97054,19.81702,18.22154,18.21181,18.23545,73.34433,0.5868965,4
2021-08-19 06:45:00,0.5794225,41.39889,119.1291,17.96546,13.23627,19.13506,0.25741,223.2615,57.46892,19.90347,18.31592,18.31105,18.33539,75.14506,0.5978641999999998,4
2021-08-19 06:46:00,0.6076502,48.88691,119.1498,18.02994,13.23443,19.16726,0.3032376,223.404,67.74249,20.00976,18.45661,18.46356,18.47677,87.20954,0.6671751999999999,4
2021-08-19 06:47:00,0.6472191,57.15616,119.2221,18.0442,13.23397,19.18081,0.3449613,222.2868,76.66205999999998,20.11061,18.62168,18.63974,18.64391,99.51392000000001,0.7325049999999999,4
2021-08-19 06:48:00,0.7242676999999998,70.76418,119.2581,18.13704,13.2326,19.21621,0.3907888999999999,231.3098,90.42386,20.25473,18.87244,18.89258,18.9023,115.8399,0.8054871999999998,4
2021-08-19 06:49:00,0.800779,80.42700999999998,119.3369,18.20174,13.23214,19.23956,0.4322846,238.6172,103.141,20.39989,19.11383,19.14299,19.17145,127.1834,0.8356884,4
2021-08-19 06:50:00,0.8122355,81.82931,119.2696,18.25063,13.23214,19.27646,0.4211126,242.0372,101.9133,20.55785,19.35964,19.41098,19.43457,126.8226,0.8423893,4
2021-08-19 06:51:00,0.8191684999999999,82.89465,119.1941,18.28601,13.23168,19.30055,0.4359325,236.5766,103.1199,20.6974,19.58142,19.63135,19.65839,131.3237,0.8474373,4
2021-08-19 06:52:00,0.7887992999999999,78.13527999999998,119.2148,18.30373,13.23122,19.33915,0.4129047,238.8452,98.62744,20.83406,19.73369,19.78499,19.83629,125.8014,0.8340583,4
2021-08-19 06:53:00,0.7532292999999999,73.38635999999998,119.1634,18.26398,13.22801,19.38189,0.3917009,236.132,92.48779,20.95828,19.82492,19.88176,19.94066,122.9801,0.8201353999999998,4
2021-08-19 06:54:00,0.7637148,72.86400999999998,119.1725,18.24849,13.22664,19.44044,0.4001368,235.8014,94.32656,21.08993,19.94371,19.98321,20.04418,124.9604,0.806006,4
2021-08-19 06:55:00,0.9941303,106.1901,119.3045,18.3965,13.22664,19.48129,0.5332877,238.2353,127.0052,21.34559,20.37309,20.42086,20.43886,206.5263,0.887907,4
2021-08-19 06:56:00,0.6244260999999999,50.81739,119.0718,18.38471,13.22664,19.52817,0.2852257,238.3265,67.9743,21.52702,20.15882,20.27448,20.29664,95.79055,0.6888883,4
2021-08-19 06:57:00,0.5939873,47.12021,119.1243,18.34043,13.22618,19.57618,0.2710897999999999,238.3322,64.60915,21.57698,20.04469,20.11398,20.17286,84.56753999999998,0.6654033999999999,4
2021-08-19 06:58:00,0.5932793,46.75137,118.963,18.27831,13.22664,19.62175,0.2674419,238.3436,63.74437,21.58924,19.86916,19.9454,20.03618,83.78756,0.6623048,4
2021-08-19 06:59:00,0.5966439,48.11193,119.0324,18.12455,13.22526,19.66316,0.2738258,238.241,65.23703,21.50755,19.71023,19.75252,19.87799,85.10768,0.6708383,4
2021-08-19 07:00:00,0.8878042999999999,90.4735,119.1663,18.04288,13.2248,19.70948,0.4724122,240.2816,113.6139,21.46941,19.83833,19.82724,19.93675,153.2296,0.8529594999999999,4
2021-08-19 07:01:00,1.136255,124.5797,119.2697,18.08727,13.22435,19.74036,0.6078430999999999,240.6407,146.2767,21.63957,20.28001,20.26893,20.30633,225.6723,0.9134078,4
2021-08-19 07:02:00,0.8224378,82.45337999999998,119.1913,18.15179,13.22205,19.77951,0.4302326,236.7362,101.8094,21.8691,20.37868,20.41191,20.41329,143.0257,0.842917,4
2021-08-19 07:03:00,1.182778,129.3871,119.3307,18.23038,13.22159,19.82922,0.6523027999999998,233.3219,152.228,22.08003,20.76254,20.77499,20.77845,222.9105,0.9146437,4
2021-08-19 07:04:00,1.284626,141.934,119.4791,18.4227,13.22068,19.87026,0.7241222,229.8735,166.4168,22.35952,21.18519,21.23633,21.23909,240.2559,0.9216647,4
2021-08-19 07:05:00,1.60287,180.3284,119.674,18.6597,13.22022,19.92317,0.8958047999999998,231.6062,207.5001,22.70578,21.85403,21.89544,21.94857,297.6333,0.9387259,4
2021-08-19 07:06:00,1.868886,213.9355,119.7687,18.72186,13.21793,19.96703,1.033744,232.7633,240.5366,23.09928,22.43512,22.53232,22.62812,351.5302,0.9472723,4
2021-08-19 07:07:00,1.771358,201.6501,119.7746,18.63685,13.21609,20.03368,0.9689922,234.5588,227.2125,23.46031,22.9323,23.05351,23.17882,329.4425,0.9434559,4
2021-08-19 07:08:00,1.410474,157.1872,119.551,18.63964,13.21563,20.10899,0.7813497,232.484,181.4478,23.61489,22.92452,23.07741,23.19789,240.975,0.9297078,4
2021-08-19 07:09:00,1.594564,179.8688,119.6685,18.68404,13.21563,20.18392,0.9037848,226.0032,204.2401,23.82196,23.38794,23.47946,23.65349,295.2314,0.9388462,4
2021-08-19 07:10:00,1.84115,208.4696,119.7405,18.83201,13.21563,20.26243,1.067487,222.8283,237.8061,24.12525,23.89706,24.00016,24.18909,335.8639,0.9446563,4
2021-08-19 07:11:00,1.986652,225.6068,119.7511,19.01349,13.21472,20.34433,1.125855,224.4471,252.7222,24.49261,24.48367,24.57772,24.85767,371.6345,0.9484468,4
2021-08-19 07:12:00,2.177489,248.7218,119.8144,18.88287,13.21196,20.4315,1.188555,234.6329,278.8571,24.76982,24.80342,24.93787,25.1909,397.4424,0.9529457,4
2021-08-19 07:13:00,1.664274,189.0098,119.5256,18.75918,13.20967,20.52281,0.9051528,234.8609,212.525,25.12366,25.13326,25.2361,25.39167,311.3756,0.938994,4
2021-08-19 07:14:00,1.286064,141.3505,119.2834,18.70986,13.20784,20.61299,0.6919745,239.0048,165.3895,25.34255,25.00593,25.01348,25.25687,214.0257,0.9245696,4
2021-08-19 07:15:00,1.583253,179.0324,119.6066,18.7485,13.20463,20.70581,0.8404011999999998,244.4368,205.396,25.43723,24.80988,24.84693,25.14252,268.2221,0.9388795,4
2021-08-19 07:16:00,1.201467,130.3791,119.9471,18.75197,13.20463,20.79844,0.6135431,249.1792,152.8225,25.45166,24.67885,24.5457,24.84558,195.9,0.903026,4
2021-08-19 07:17:00,1.089864,115.6071,119.8679,18.83529,13.20417,20.88429,0.5551755999999999,249.7378,138.6383,25.4177,24.41345,24.31662,24.53154,169.7919,0.8843123,4
2021-08-19 07:18:00,1.103805,118.9327,119.7916,18.71684,13.20188,20.9724,0.5540355999999999,257.0451,142.4033,25.27678,24.03313,23.9871,24.26537,173.0929,0.8914454,4
2021-08-19 07:19:00,1.326946,145.328,119.9326,18.61799,13.2005,21.04244,0.6728227,253.7905,170.7602,25.10969,23.77487,23.71712,24.03127,210.0041,0.9090652,4
2021-08-19 07:20:00,1.155885,124.5887,119.9185,18.5269,13.1994,21.12151,0.5841313,255.8766,149.4594,24.97741,23.51985,23.47927,23.86163,182.3356,0.8967409,4
2021-08-19 07:21:00,1.139107,121.8984,119.8204,18.48413,13.19868,21.19155,0.5770634,254.0356,146.5809,24.84646,23.44087,23.33904,23.76274,177.294,0.8929810999999999,4
2021-08-19 07:22:00,1.158868,126.1176,119.8691,18.53342,13.19782,21.25029,0.5804833999999999,261.3201,151.6894,24.80391,23.38581,23.26126,23.67265,182.6356,0.9006155999999998,4
2021-08-19 07:23:00,1.439493,158.9187,119.8973,18.65543,13.19605,21.30903,0.7170543,260.6019,186.6442,24.79772,23.54883,23.37066,23.80396,218.5865,0.9172063,4
2021-08-19 07:24:00,1.346589,149.0561,120.0213,18.8199,13.19705,21.36137,0.6657547,260.1744,173.1473,24.90252,23.75018,23.68211,24.02031,221.7675,0.9179249,4
2021-08-19 07:25:00,1.359801,149.0821,120.0759,18.63228,13.19311,21.41747,0.6703145999999999,258.2079,173.028,24.8238,23.5853,23.52271,23.82734,219.9069,0.9109648,4
2021-08-19 07:26:00,1.313878,143.3263,119.9436,18.70028,13.19186,21.46717,0.6445509,263.5032,169.9121,24.83014,23.5964,23.56888,23.73669,204.9023,0.9077713,4
2021-08-19 07:27:00,1.159166,124.9385,120.0247,18.78409,13.19123,21.52139,0.5640675,260.8869,147.2414,24.92868,23.69031,23.66143,23.82097,200.641,0.8715536999999999,4
2021-08-19 07:28:00,0.8534743999999999,83.53239999999998,119.7291,18.83863,13.19141,21.56658,0.4133502,257.3863,106.3955,24.8624,23.23512,23.22273,23.44571,131.1398,0.82155,4
2021-08-19 07:29:00,0.8490541999999999,83.39017,119.8296,18.82866,13.19082,21.62061,0.4240621,249.7122,105.9037,24.65533,22.79248,22.78559,23.04803,129.9995,0.8184152,4
2021-08-19 07:30:00,0.7743773,72.86741999999998,119.67,18.68569,13.19057,21.66599,0.3857511,243.7618,94.02505,24.38927,22.34419,22.28488,22.56067,119.1362,0.7852328,4
2021-08-19 07:31:00,0.7503467,72.36455999999998,119.5396,18.48713,13.19049,21.6931,0.3773137999999999,244.3306,92.18911000000001,24.1724,22.07607,21.91322,22.21542,115.6551,0.8084284999999999,4
2021-08-19 07:32:00,0.7567374,72.745,119.5307,18.45002,13.19027,21.72925,0.3732033,248.5495,92.74795,24.02701,21.87413,21.67737,21.99352,116.6154,0.8008425,4
2021-08-19 07:33:00,0.7579038,70.85317,119.5578,18.5386,13.19023,21.76653,0.3654506,248.7025,90.90125,23.88887,21.59863,21.4446,21.79543,114.6948,0.7825089,4
2021-08-19 07:34:00,0.7363300999999999,67.62717,119.5605,18.51976,13.19003,21.78121,0.3517661999999999,250.4311,88.09766,23.75709,21.39573,21.24578,21.57534,111.0937,0.7694035,4
2021-08-19 07:35:00,0.72643,66.32256,119.5782,18.47972,13.19002,21.79703,0.3503978999999999,245.5122,86.02939999999998,23.64632,21.21877,21.06392,21.44128,109.4732,0.7631349,4
2021-08-19 07:36:00,0.7187099,65.72518,119.5517,18.50188,13.18985,21.82413,0.3478853,241.7757,84.10743999999998,23.60537,21.07235,20.92644,21.30185,109.0531,0.7664216999999999,4
2021-08-19 07:37:00,0.6983186999999998,65.24597,119.5697,18.437,13.18985,21.83543,0.3535843,240.1113,84.90102,23.48317,20.93498,20.78765,21.08228,108.2728,0.7801601999999999,4
2021-08-19 07:38:00,0.7130503999999999,68.01645,119.5392,18.35127,13.19017,21.83995,0.3845845,232.8708,89.54577999999998,23.38515,20.71607,20.6095,20.88349,113.5544,0.7929937999999999,4
2021-08-19 07:39:00,0.7628498999999999,75.26968999999998,119.5919,18.35376,13.1897,21.86254,0.3993998,235.7757,94.14875,23.29066,20.70829,20.5595,20.74842,123.2774,0.8224042,4
2021-08-19 07:40:00,0.83065,84.13333,119.5554,18.46946,13.19052,21.86254,0.4458890999999999,236.4112,105.4371,23.2885,20.81076,20.65717,20.80246,133.9006,0.8471826,4
2021-08-19 07:41:00,0.8224816,83.72235,119.5059,18.56774,13.19005,21.86706,0.4481709999999999,230.9928,103.5237,23.36252,20.87269,20.77724,20.85402,138.8821,0.8471883,4
2021-08-19 07:42:00,0.8863121999999999,91.2676,119.5518,18.50791,13.19135,21.87158,0.4826069,233.2619,112.6427,23.37047,20.88619,20.78244,20.88827,143.6236,0.8533903999999999,4
2021-08-19 07:43:00,2.309735,266.3297,120.1583,18.59884,13.19179,21.88965,1.263393,235.2163,297.2775,23.58867,21.76375,21.68019,21.75408,383.5763,0.9445116,4
2021-08-19 07:44:00,2.613827,303.5401,120.5015,18.69255,13.19358,21.88965,1.37167,244.2653,335.0302,24.04653,22.90922,22.90508,22.9898,446.2954,0.9578158,4
2021-08-19 07:45:00,2.628796,304.5309,120.6393,18.85538,13.19218,21.88965,1.359585,249.5194,339.1992,24.59122,23.83206,23.95444,24.01217,444.0747,0.9536305,4
2021-08-19 07:46:00,1.978988,220.8116,120.2519,19.05373,13.19215,21.88965,1.008059,251.382,252.9937,25.08396,24.37575,24.45952,24.64625,318.4566,0.9410436,4
2021-08-19 07:47:00,2.06968,232.7814,120.5477,19.26751,13.1903,21.88965,1.069379,247.0673,264.0813,25.55277,24.89124,25.0778,25.16419,348.7658,0.9387903,4
2021-08-19 07:48:00,2.041445,227.4325,120.4372,19.38574,13.18935,21.91902,1.048404,249.466,261.4111,25.94624,25.1296,25.32636,25.40791,331.0605,0.9368038,4
2021-08-19 07:49:00,2.024534,228.877,120.5323,19.39754,13.18934,21.93484,1.033345,249.2789,257.4125,26.27104,25.46251,25.65228,25.87756,349.306,0.9167885,4
2021-08-19 07:50:00,2.640965,305.8463,120.4036,19.25101,13.18932,21.95292,1.365221,247.348,337.5283,26.4789,25.52888,25.72479,26.04995,412.2652,0.946224,4
2021-08-19 07:51:00,2.837821,328.252,120.6045,19.19742,13.1893,21.98228,1.449592,251.6384,364.729,26.75477,26.03536,26.24404,26.72946,461.9003,0.9542773,4
2021-08-19 07:52:00,2.889607,335.0255,120.6468,18.96964,13.18929,22.00036,1.43389,259.0463,371.4091,26.99198,26.37276,26.61482,27.18521,468.6823,0.9558342,4
2021-08-19 07:53:00,2.91101,338.0214,120.6449,19.03864,13.18836,22.02935,1.420893,264.7619,376.1263,27.44798,27.15993,27.18451,27.77199,475.5807,0.9566894,4
2021-08-19 07:54:00,2.968546,344.9955,120.8744,19.29142,13.18697,22.0591,1.486772,256.5491,381.403,27.93366,27.60426,27.74274,28.31112,481.6398,0.9560414,4
2021-08-19 07:55:00,2.985043,347.8716,121.1551,19.34535,13.18559,22.09619,1.486313,259.7914,386.109,28.33509,28.27238,28.27988,28.94767,485.7819,0.9567457,4
2021-08-19 07:56:00,3.000312,348.9552,121.137,19.7613,13.18421,22.12462,1.466479,264.4301,387.6842,28.88133,28.91672,28.98474,29.63323,492.1442,0.9571286,4
2021-08-19 07:57:00,3.039553,355.4545,121.1876,19.79154,13.18282,22.16302,1.507014,261.3227,393.6819,29.34077,29.28501,29.30067,30.13876,498.9269,0.9572983,4
2021-08-19 07:58:00,3.09139,360.1073,121.1189,19.54953,13.17915,22.21179,1.545981,257.4736,398.0193,29.63274,29.63883,29.48259,30.45874,502.9485,0.9572275,4
2021-08-19 07:59:00,3.108842,362.0602,121.1361,19.36078,13.17868,22.24888,1.576261,254.276,400.7914,29.88474,29.68912,29.53902,30.59365,505.4099,0.9571092,4
2021-08-19 08:00:00,3.131962,365.4488,121.228,18.94169,13.17822,22.29538,1.564856,257.2267,402.4961,29.89375,29.46585,29.24906,30.42841,508.471,0.957568,4
2021-08-19 08:01:00,3.150834,366.9691,121.0889,18.95969,13.17821,22.33962,1.574627,256.8626,404.4571,30.13004,29.62219,29.38645,30.54378,509.0706,0.9572616,4
2021-08-19 08:02:00,3.16507,368.8116,121.1414,19.16393,13.17821,22.38217,1.600834,254.4626,407.3192,30.55984,30.43641,30.00697,31.18988,511.4712,0.9576325,4
2021-08-19 08:03:00,3.188694,371.9555,121.1238,19.47832,13.17729,22.43301,1.59374,257.1707,409.8255,30.95351,30.49528,30.38954,31.50459,514.4673,0.9581496,4
2021-08-19 08:04:00,3.203498,373.0267,121.0423,19.62646,13.17316,22.4748,1.627472,253.0503,411.8213,31.25124,30.61981,30.55275,31.85201,516.3875,0.9577437,4
2021-08-19 08:05:00,3.22613,376.5814,121.1493,19.60533,13.1727,22.52827,1.61947,256.3971,415.2205,31.40801,30.52731,30.53819,31.83151,519.5093,0.9583512,4
2021-08-19 08:06:00,3.2608,380.2231,121.082,19.64515,13.1727,22.57063,1.64363,254.3227,418.0055,31.5687,30.4917,30.50256,31.68844,524.0107,0.9581294,4
2021-08-19 08:07:00,3.277472,381.8239,121.0954,19.45152,13.17178,22.6224,1.679397,250.3083,420.3409,31.69462,30.76363,30.71077,31.99282,527.0726,0.9579122,4
2021-08-19 08:08:00,3.272704,381.295,121.1091,19.46713,13.1704,22.6691,1.701048,247.4303,420.8811,31.86203,31.06953,30.82972,31.87825,528.8132,0.957201,4
2021-08-19 08:09:00,3.301596,384.6019,121.1292,19.59592,13.16811,22.7205,1.717673,247.3884,424.9079,32.09627,31.40102,31.20543,32.15235,532.355,0.9573585,4
2021-08-19 08:10:00,3.33088,388.9004,121.1977,19.55292,13.16719,22.77208,1.714935,250.5962,429.7464,32.09819,31.00883,31.04821,32.07587,535.2349,0.9577296,4
2021-08-19 08:11:00,3.342197,389.6618,121.1953,19.17257,13.16719,22.80484,1.712417,250.5604,429.052,31.96869,30.64536,30.71247,31.84633,535.2297,0.9579823,4
2021-08-19 08:12:00,3.365469,392.6936,121.0998,19.19362,13.16719,22.85209,1.71515,252.486,433.0236,31.97725,30.62409,30.5753,31.76833,536.7894,0.9582167,4
2021-08-19 08:13:00,3.398325,396.3246,121.0331,19.24045,13.16719,22.89239,1.711495,255.0775,436.5488,32.16897,31.06358,30.7059,31.79852,540.5683,0.9589283,4
2021-08-19 08:14:00,3.434297,400.949,121.0175,19.47384,13.16719,22.93907,1.728359,255.3392,441.2318,32.40954,31.35953,31.11446,32.18391,546.0895,0.9590122,4
2021-08-19 08:15:00,3.469703,405.043,121.051,19.69495,13.16718,22.96958,1.756388,253.5321,445.2984,32.60399,31.60509,31.33441,32.32574,551.4305,0.9590273,4
2021-08-19 08:16:00,3.516408,410.5788,121.0387,19.67345,13.16718,23.01269,1.779178,253.9989,451.8927,32.7772,31.97202,31.5101,32.38762,557.8511,0.9594591,4
2021-08-19 08:17:00,3.544363,413.9288,121.0889,19.37696,13.16627,23.0462,1.794444,253.9014,455.6029,32.84312,31.86566,31.68579,32.61158,562.0499,0.9593217,4
2021-08-19 08:18:00,3.554302,414.6795,121.062,19.2499,13.16672,23.08837,1.76823,258.357,456.8029,33.18349,32.81784,32.43836,33.39245,563.9681,0.9598904,4
2021-08-19 08:19:00,3.54907,414.6305,121.08,19.472,13.16397,23.12565,1.758199,259.952,456.9859,33.69468,33.29442,33.08677,33.89807,565.5855,0.9599555,4
2021-08-19 08:20:00,3.578124,418.0231,121.1184,19.751,13.1626,23.16839,1.781901,258.6354,460.8459,33.9249,32.73715,32.94906,33.88518,568.4042,0.9599302,4
2021-08-19 08:21:00,3.611823,421.9135,121.1,19.51037,13.16168,23.23014,1.855062,249.7974,463.3524,33.79594,32.4999,32.69099,33.77033,571.9432,0.9595678,4
2021-08-19 08:22:00,3.58382,419.1923,121.075,19.54269,13.16168,23.28512,1.84298,249.8883,460.3954,33.82356,32.25061,32.5134,33.65447,574.7564,0.95824,4
2021-08-19 08:23:00,3.594685,419.8478,121.0457,19.74512,13.16122,23.33784,1.832493,252.3895,462.4256,33.70755,32.35516,32.35386,33.39085,558.4273,0.9618179,4
2021-08-19 08:24:00,3.729783,436.287,121.112,19.66004,13.16076,23.37832,1.894942,253.506,480.3687,33.73233,32.73648,32.58527,33.83066,588.1312,0.9606077,4
2021-08-19 08:25:00,3.774473,441.5031,121.0776,19.32447,13.16076,23.42369,1.920924,252.8506,485.7008,33.68547,32.60224,32.41736,33.77234,594.5512,0.9607717,4
2021-08-19 08:26:00,3.791748,443.0357,121.0563,19.5091,13.15847,23.46416,1.872375,259.6424,486.1012,33.89952,33.00443,32.85405,34.23806,599.1036,0.9610338,4
2021-08-19 08:27:00,3.816956,446.4004,121.0195,19.81618,13.15618,23.50502,1.906107,257.3916,490.5661,34.02297,33.39178,33.1275,34.49528,601.1997,0.9611444,4
2021-08-19 08:28:00,3.736131,435.3159,120.9424,19.80445,13.15709,23.54022,1.846846,259.1977,478.7589,33.91463,32.90835,32.87264,34.31369,605.0858,0.9606543,4
2021-08-19 08:29:00,3.607989,421.5956,120.8747,19.51259,13.15618,23.59539,1.861888,249.9555,465.1926,33.82775,32.73831,32.70394,34.20536,609.0415,0.9598591,4
2021-08-19 08:30:00,3.73666,441.1642,120.9208,19.47794,13.15618,23.62608,2.006787,239.5097,480.5876,33.92638,33.38478,32.96943,34.67102,613.8939,0.9642509,4
2021-08-19 08:31:00,3.884034,456.5461,121.0291,19.53636,13.15618,23.67503,2.050535,244.1805,500.6595,34.20578,33.69007,33.49608,35.173,618.2128,0.9652913,4
2021-08-19 08:32:00,3.968787,463.9512,120.9229,19.74032,13.15618,23.71739,2.015448,252.0108,507.9013,34.24649,33.20388,33.26863,34.92548,621.4377,0.961553,4
2021-08-19 08:33:00,3.994049,466.8977,120.914,19.63265,13.15618,23.75109,1.990378,257.5093,512.5297,34.2855,33.6857,33.51191,35.08196,626.3569,0.9619231,4
2021-08-19 08:34:00,4.019281,469.7155,120.8836,19.5828,13.15618,23.7927,2.014091,255.6759,514.9109,34.60885,34.50858,34.22069,35.63641,629.4116,0.9618528,4
2021-08-19 08:35:00,4.02565,470.5437,120.9577,19.85193,13.15526,23.83261,2.055801,250.7131,515.3945,35.02751,35.33438,35.06243,36.29206,630.6717,0.9618606,4
2021-08-19 08:36:00,4.036642,471.6226,120.8819,19.81914,13.1548,23.87121,2.089084,248.2126,518.4777,35.3186,35.2716,34.98819,36.43504,632.8272,0.9617986,4
2021-08-19 08:37:00,4.066607,475.6063,120.8762,19.89183,13.15343,23.91281,2.079057,250.3609,520.4903,35.60132,35.81393,35.51005,36.87568,636.9066,0.9618894,4
2021-08-19 08:38:00,4.092517,478.4232,120.9323,19.9237,13.15343,23.95931,2.124646,247.1536,525.0817,35.90263,36.41254,35.94084,37.52103,642.6557,0.9619741,4
2021-08-19 08:39:00,4.134492,483.9034,120.9693,19.93592,13.15251,23.99979,2.117809,250.373,530.2003,36.11235,36.41779,35.96352,37.60244,647.3356,0.9623323,4
2021-08-19 08:40:00,4.177715,489.9159,121.1229,19.82935,13.15159,24.05251,2.144936,250.271,536.7878,35.93302,36.11663,35.72714,37.45638,653.7532,0.9623737,4
2021-08-19 08:41:00,4.240612,497.7137,121.1719,19.66624,13.15114,24.09412,2.170008,251.9178,546.6035,36.14515,36.53426,36.07946,37.76002,663.0518,0.9627784,4
2021-08-19 08:42:00,4.290216,504.0309,121.3115,19.90683,13.15068,24.14307,2.208757,249.8498,551.833,36.36629,36.33336,36.21222,37.90498,671.6857,0.9629875,4
2021-08-19 08:43:00,4.323898,507.6386,121.3424,19.96132,13.15068,24.18957,2.224029,249.2631,554.3317,36.20487,35.8449,35.7121,37.33113,676.3028,0.9629803,4
2021-08-19 08:44:00,4.320207,506.5541,121.3424,19.97178,13.15022,24.23607,2.246595,246.5169,553.806,35.96251,35.5366,35.39035,36.64714,676.1163,0.96259,4
2021-08-19 08:45:00,4.306818,505.6187,121.3791,19.84412,13.14793,24.27825,2.217651,249.178,552.564,35.65228,35.10925,34.9669,36.24823,673.7737,0.9625605,4
2021-08-19 08:46:00,4.290411,503.1597,121.3659,19.6198,13.14839,24.30969,2.218564,247.862,549.8692,35.40583,34.7085,34.59706,36.19511,671.3686,0.9625652,4
2021-08-19 08:47:00,4.290052,503.0865,121.2479,19.46829,13.14701,24.34885,2.167511,254.5572,551.6849,35.28649,35.08165,34.57573,36.26419,669.626,0.9629838,4
2021-08-19 08:48:00,4.294202,503.7144,121.2557,19.63128,13.14563,24.38556,2.204891,250.1186,551.456,35.04447,34.55853,34.25938,35.98972,669.8026,0.9627548,4
2021-08-19 08:49:00,4.329282,508.5813,121.3131,19.34444,13.14496,24.42227,2.19965,253.1729,556.8452,34.54435,34.21816,33.79686,35.62348,674.3596,0.9630687,4
2021-08-19 08:50:00,4.35469,511.9618,121.4136,19.15467,13.14473,24.44186,2.172529,257.9137,560.3008,34.50311,34.81357,33.94406,36.02417,680.3566,0.9632851,4
2021-08-19 08:51:00,4.395929,516.9757,121.4511,19.49933,13.1457,24.47612,2.225863,254.3525,566.1439,34.81686,35.48087,34.83294,36.85107,685.0955,0.9634092,4
2021-08-19 08:52:00,4.317891,507.8919,121.4229,19.55461,13.14528,24.51283,2.14951,258.666,555.9753,35.02404,35.748,35.22671,37.13286,682.3345,0.9629517,4
2021-08-19 08:53:00,3.757569,439.2496,121.2058,19.66604,13.14487,24.53975,1.883529,257.3157,484.3479,35.45359,36.42151,35.93244,37.69565,593.5905,0.9581053,4
2021-08-19 08:54:00,4.165713,488.6083,121.2062,19.94713,13.14489,24.57157,2.103472,255.1049,536.5793,35.73111,36.82631,36.45823,38.0654,652.9301,0.9624044,4
2021-08-19 08:55:00,4.478544,526.3741,121.4024,20.02431,13.14463,24.60584,2.250252,256.1192,576.2624,35.78458,36.71894,36.49685,38.17591,700.6289,0.9636101,4
2021-08-19 08:56:00,4.488026,527.465,121.4529,19.832,13.1445,24.64745,2.265524,254.9854,577.6109,35.86273,36.6128,36.60965,38.25568,701.468,0.9634497,4
2021-08-19 08:57:00,4.521112,531.7689,121.434,20.06274,13.14461,24.67192,2.312248,251.5438,581.6281,36.01858,36.87559,36.68092,38.30322,704.585,0.9634633,4
2021-08-19 08:58:00,4.544982,533.998,121.3454,20.0173,13.14464,24.71108,2.337775,249.749,583.8467,36.06674,36.99508,36.55029,38.27637,708.124,0.9634726,4
2021-08-19 08:59:00,4.553695,534.8121,121.3756,19.90024,13.14436,24.7574,2.35259,248.9513,585.6588,36.31221,37.63852,37.23027,38.78275,710.0425,0.9632058,4
2021-08-19 09:00:00,4.558218,535.8951,121.4635,20.06374,13.1443,24.78188,2.363986,247.2305,584.4274,36.37628,37.49797,37.24807,38.41851,712.1422,0.9632998,4
2021-08-19 09:01:00,4.585933,539.0139,121.3907,20.26704,13.14406,24.82103,2.377359,247.7185,588.9015,36.4896,37.46801,37.26962,38.33197,715.9216,0.9632626,4
2021-08-19 09:02:00,4.595224,539.5594,121.394,20.32912,13.14403,24.85285,2.367325,249.1479,589.7613,36.73352,38.21683,37.9292,38.81562,717.1215,0.9631589,4
2021-08-19 09:03:00,4.609345,541.7962,121.3554,20.59506,13.14336,24.89446,2.360731,251.3206,593.2672,37.08288,39.02242,38.80391,39.25083,720.2989,0.9636036,4
2021-08-19 09:04:00,4.638376,544.533,121.2301,20.2307,13.14382,24.92628,2.382385,249.9817,595.4655,37.07309,38.48655,38.65351,39.1498,724.3189,0.9636351,4
2021-08-19 09:05:00,4.646408,545.4749,121.2703,20.19579,13.14091,24.96544,2.448948,244.1484,597.877,36.89498,37.866,38.11702,38.58328,727.0774,0.9634483,4
2021-08-19 09:06:00,4.695236,552.228,121.3113,20.11077,13.13953,25.00893,2.433679,248.0174,603.5688,36.65015,37.98899,37.82945,38.65268,732.6572,0.9637664,4
2021-08-19 09:07:00,4.728412,555.1714,121.2195,19.86055,13.13857,25.03133,2.439842,248.9756,607.4379,36.65432,38.48669,38.2226,39.21159,736.1346,0.9639108,4
2021-08-19 09:08:00,4.741489,556.0582,121.1258,19.94933,13.13757,25.07294,2.466966,246.4857,608.0431,36.7177,39.03689,38.52712,39.73771,738.4745,0.963891,4
2021-08-19 09:09:00,4.74737,557.1104,121.1421,20.3361,13.13717,25.117,2.483383,245.2899,609.1279,36.78551,38.5787,38.47138,39.69143,740.5139,0.963807,4
2021-08-19 09:10:00,4.762931,559.1533,121.2299,20.28827,13.13707,25.14486,2.490678,245.7687,612.1191,36.7331,38.91231,38.75383,40.10874,742.9140999999998,0.9637773,4
2021-08-19 09:11:00,4.771791,560.4129,121.2543,20.2229,13.13632,25.18778,2.50094,245.1425,613.0656,36.59233,38.87069,38.8942,40.18029,745.3144,0.963967,4
2021-08-19 09:12:00,4.789318,563.1263,121.3667,20.05894,13.13545,25.23673,2.425501,253.2565,614.1995,36.19715,38.87269,38.65557,40.10917,748.1321,0.9642565,4
2021-08-19 09:13:00,4.809385,565.3371,121.2794,20.51349,13.13508,25.26611,2.435989,254.0033,618.7261,36.24985,39.89437,39.42203,40.77728,752.3275999999998,0.9643851,4
2021-08-19 09:14:00,4.838356,569.0001,121.3416,20.73931,13.1342,25.31731,2.474053,251.24,621.5425,36.47804,40.71209,40.50827,41.35887,757.0656,0.9644268,4
2021-08-19 09:15:00,4.845313,570.03,121.4293,20.53241,13.13198,25.36137,2.459469,254.0608,624.7462,36.2163,39.45296,39.67802,40.62708,760.5416,0.9645217,4
2021-08-19 09:16:00,4.899982,576.655,121.2985,20.55529,13.13156,25.39488,2.521237,250.5453,631.6407,35.90889,38.85944,38.89412,40.24804,764.5594,0.9647357,4
2021-08-19 09:17:00,4.916218,578.3369,121.4156,20.59683,13.13161,25.44195,2.583005,244.557,631.6785,35.76076,39.49913,39.10709,40.48961,767.9163999999998,0.9643016,4
2021-08-19 09:18:00,4.942916,582.1271,121.4328,20.56722,13.13187,25.48845,2.562494,248.1069,635.7497,35.52924,38.64251,38.83789,40.3002,771.3356999999999,0.9645295,4
2021-08-19 09:19:00,4.971434,585.0733,121.4313,20.41292,13.13212,25.5246,2.602609,245.8564,639.8407,35.14924,38.74681,38.75035,40.38165,775.4749,0.9645638,4
2021-08-19 09:20:00,4.950436,583.2343,121.4292,20.60077,13.13185,25.56508,2.647055,241.2241,638.5109,35.30375,40.17785,39.94197,41.43546,777.9353,0.9651435,4
2021-08-19 09:21:00,5.003656,589.5036,121.282,20.85299,13.13165,25.60801,2.60603,246.586,642.5526,35.29284,39.78682,39.85207,41.37565,782.3155,0.9668355,4
2021-08-19 09:22:00,5.03553,591.4734,121.1389,20.5904,13.13139,25.64265,2.568425,251.4978,645.9357,35.03519,39.14895,39.38343,40.95832,784.8334999999998,0.9651005,4
2021-08-19 09:23:00,5.057127,594.1965,121.1855,20.32152,13.13126,25.68614,2.638169,246.1987,649.4246,34.82218,39.50058,39.34021,40.95112,787.7725,0.9650181,4
2021-08-19 09:24:00,5.079347,597.3309,121.2046,20.61761,13.1306,25.73019,2.619936,249.6005,653.9109,34.82026,39.46536,39.56987,40.76266,790.8905999999998,0.9653323,4
2021-08-19 09:25:00,5.100591,599.8126,121.2506,20.52825,13.1305,25.7637,2.645464,247.6974,655.1637,34.78592,39.69147,39.59705,40.83424,794.4294,0.9653277,4
2021-08-19 09:26:00,5.121077,602.8714,121.319,20.29037,13.1294,25.80155,2.668029,247.3442,659.8832,34.81092,40.34518,40.06417,41.58376,798.6873,0.9653164,4
2021-08-19 09:27:00,5.141626,604.8469,121.2713,20.48198,13.12888,25.84485,2.645921,249.5722,660.3062,35.08296,41.6664,41.34576,42.71723,802.3465,0.9654471,4
2021-08-19 09:28:00,5.174015,609.1292,121.3248,20.64096,13.12689,25.87817,2.685352,248.0737,666.1131,35.04128,40.4167,40.70108,42.35561,807.8669,0.9655406,4
2021-08-19 09:29:00,5.20156,612.8293,121.3743,20.47004,13.1264,25.92543,2.709967,247.1449,669.718,34.71016,40.47149,40.12807,42.13209,811.2268,0.965688,4
2021-08-19 09:30:00,5.240615,617.4341,121.3192,20.24047,13.12534,25.97401,2.715438,248.9057,675.8443,34.31023,40.03041,39.53693,41.80717,816.0869,0.9658021,4
2021-08-19 09:31:00,5.264904,620.0977,121.3914,20.35555,13.12487,26.00921,2.751678,246.1137,677.1662,34.15922,40.66165,39.6597,42.34161,820.2265999999998,0.9657291,4
2021-08-19 09:32:00,5.280125,621.437,121.2466,20.53494,13.1252,26.04988,2.706778,250.524,678.0565,34.10561,40.13435,39.69567,42.07839,822.5635,0.9658955,4
2021-08-19 09:33:00,5.297748,623.7857,121.3324,20.76344,13.12474,26.09337,2.768537,246.1016,681.3167,34.12213,41.14246,,42.85521,825.5034,0.9657557,4
2021-08-19 09:34:00,5.321333,626.8508,121.311,21.17393,13.12418,26.12481,2.745431,249.2335,684.2417,34.15022,41.28284,40.48863,43.12252,830.0605,0.9659013,4
2021-08-19 09:35:00,5.362421,631.9678,121.3462,21.48129,13.12421,26.18054,2.796259,247.0173,690.7165,34.14099,40.81723,40.55114,43.05849,836.9,0.9661038,4
2021-08-19 09:36:00,5.395421,635.3959,121.3719,21.54146,13.12455,26.22591,2.818383,247.0016,696.1296,34.1964,41.25332,40.8714,43.41122,842.3576,0.9659317,4
2021-08-19 09:37:00,5.393725,633.889,121.0984,21.47336,13.1236,26.28446,2.818369,245.935,693.1233,34.14099,41.48431,41.06149,43.64453,841.2178,0.9660903,4
2021-08-19 09:38:00,5.418666,637.938,121.2394,21.44781,13.12256,26.33962,2.790953,249.644,696.7251,34.30093,42.24055,41.46986,44.17471,847.3386,0.9661623,4
2021-08-19 09:39:00,5.459887,643.0095,121.2295,21.70465,13.1207,26.39027,2.857054,245.776,702.1586,34.42675,42.03015,41.80714,44.42448,853.4589999999998,0.9660792,4
2021-08-19 09:40:00,5.513397,649.066,121.1731,21.82108,13.11923,26.45127,2.881237,245.59,707.5536,34.43639,41.71535,41.56297,44.39186,862.2811,0.9662145,4
2021-08-19 09:41:00,5.548596,653.3953,121.312,21.06247,13.1192,26.50549,2.925689,243.9783,713.7784,34.27814,41.70319,41.29455,44.13496,867.9212,0.965951,4
2021-08-19 09:42:00,5.548679,656.8336,121.9006,20.79685,13.11913,26.57271,2.908613,246.5153,717.0066,34.24454,42.09105,41.6641,44.47412,871.0417999999999,0.9657142,4
2021-08-19 09:43:00,5.581303,661.2449,121.9859,21.03826,13.11911,26.61864,2.930501,245.9121,720.64,34.42617,42.43657,41.95478,44.53212,877.5214999999998,0.9655669,4
2021-08-19 09:44:00,5.612492,665.6289,122.1385,21.1711,13.11906,26.68378,2.914788,249.6281,727.6087,34.66287,42.96053,42.65667,44.59857,885.1414,0.9659398,4
2021-08-19 09:45:00,5.659996,672.2064,122.1863,21.24711,13.11903,26.73537,2.956505,248.6716,735.0413,35.01226,44.30967,43.94127,45.72427,896.6055,0.966083,4
2021-08-19 09:46:00,5.722461,680.2836,122.1589,21.48989,13.11899,26.80541,3.089615,240.6725,743.5309999999998,35.37146,45.23762,44.96725,46.42651,909.3317,0.9668859,4
2021-08-19 09:47:00,5.798605,690.7141,122.1187,21.40874,13.11805,26.86471,3.113956,241.9794,753.457,35.42237,44.22869,44.68612,46.2414,923.0711,0.9690017,4
2021-08-19 09:48:00,5.891111,699.7549,121.9113,21.08405,13.11665,26.93757,3.12257,244.5797,763.6422,35.09935,43.75619,43.98568,45.72908,934.1107,0.9684518,4
2021-08-19 09:49:00,5.97331,707.6089,121.8565,21.20736,13.11617,26.9982,3.174426,243.6257,773.3520999999998,34.75931,43.2254,43.29469,45.30231,942.4478,0.9667283,4
2021-08-19 09:50:00,6.01795,713.4927,121.9645,20.79684,13.11386,27.06748,3.186884,244.6795,779.7495,34.5775,43.41703,43.84015,45.31635,948.5657000000001,0.9668107,4
2021-08-19 09:51:00,6.023113,715.2676,122.214,20.77883,13.11338,27.13036,3.199466,244.176,781.1201,34.6035,43.89691,44.03238,45.89302,951.6211,0.9668663,4
2021-08-19 09:52:00,6.026405,717.4595,122.1263,21.08944,13.11337,27.20153,3.230256,242.1154,782.0552,34.55882,43.63367,43.46743,45.93112,954.1987,0.9694224,4
2021-08-19 09:53:00,6.116123,728.5204999999999,122.0954,21.20235,13.11335,27.26479,3.264029,243.543,794.863,34.49729,44.13693,43.81588,46.38668,967.8746000000002,0.9694915,4
2021-08-19 09:54:00,6.192849,736.202,122.1226,21.1529,13.11289,27.33332,3.231909,248.9169,804.4326999999998,34.60507,45.76817,45.09631,47.60563,985.032,0.9681334,4
2021-08-19 09:55:00,6.268576,745.5499999999998,122.2346,21.12391,13.11241,27.40449,3.293521,246.7464,812.5546,34.82311,46.11742,45.81501,48.1904,998.5983000000001,0.9672595,4
2021-08-19 09:56:00,6.079844,725.2990999999998,122.1978,21.39038,13.11012,27.4862,3.268196,241.5596,789.4672,35.03711,46.7328,46.59904,48.63899,975.5615,0.9684001,4
2021-08-19 09:57:00,4.249801,498.6543,121.2785,21.47305,13.10827,27.56527,2.283913,239.8258,547.966,35.06015,46.28804,45.9946,47.94685,668.4926,0.9673874,4
2021-08-19 09:58:00,6.339815,755.9276999999998,121.9307,21.43882,13.10781,27.66807,3.34656,245.8816,823.1649999999998,34.99222,47.19271,46.81536,48.80151,1009.578,0.9690152,4
2021-08-19 09:59:00,6.712142,796.6577,122.1365,21.50934,13.1078,27.77613,3.590721,242.4255,870.4083,34.92011,48.13488,47.86032,49.97928,1073.357,0.9683259,4
2021-08-19 10:00:00,6.362997,757.0252,122.0517,21.77015,13.10734,27.86763,3.468565,238.4766,827.1343,34.93573,47.33088,47.50122,49.45465,1032.139,0.9709258,4
2021-08-19 10:01:00,5.641006,667.4001,121.6822,21.79795,13.10687,27.96892,3.059295,237.4913,727.8012,34.82922,47.86093,47.50241,48.87611,904.4549,0.9685349,4
2021-08-19 10:02:00,6.914002,823.2138,122.2708,21.88724,13.10321,28.06532,3.690514,243.1592,897.3049999999998,35.03506,49.8118,49.62404,50.45579,1117.204,0.9702849,4
2021-08-19 10:03:00,6.004533,712.7955,122.0003,22.08031,13.10274,28.1668,3.204576,242.9238,778.267,35.13239,48.89509,48.9793,50.3536,977.698,0.9657016,4
2021-08-19 10:04:00,5.618639,665.8379,121.605,21.89684,13.10228,28.27486,2.956868,245.8737,726.0076,34.85402,47.49001,47.59897,49.06042,920.1,0.965053,4
2021-08-19 10:05:00,5.172268,611.7082,121.4659,22.29325,13.10182,28.38538,2.626164,254.7949,669.1502,34.679,46.95581,46.90404,48.97469,851.5014,0.9680619,4
2021-08-19 10:06:00,3.235132,375.5473,120.3872,22.42358,13.09906,28.48874,1.653624,250.5785,414.4532,34.47388,45.57434,45.06716,47.37592,499.7523,0.9537447,4
2021-08-19 10:07:00,4.739004,556.306,121.0758,21.92831,13.09677,28.60471,2.513544,244.1825,613.678,34.05519,44.28839,43.62708,46.08521,709.8382,0.9599219,4
2021-08-19 10:08:00,5.585173,662.9221,121.5746,21.90152,13.09723,28.70016,2.895658,249.2171,721.7831999999999,33.9181,44.49834,43.85997,46.34249,830.1212,0.9648146,4
2021-08-19 10:09:00,5.980982,698.998,121.5868,21.85272,13.09677,28.80127,3.134187,247.2772,775.2227,34.07124,45.051,44.2822,46.58947,948.2308,0.963475,4
2021-08-19 10:10:00,3.054006,354.1772,120.5993,22.01733,13.09676,28.8939,1.558998,250.2439,390.2254,34.15493,44.37064,43.82824,45.89989,515.4473,0.9514176,4
2021-08-19 10:11:00,2.54251,290.0615,119.9959,22.40121,13.09676,28.99632,1.304697,249.991,325.9622,34.04793,43.13919,42.3586,44.39976,382.6205,0.9492745,4
2021-08-19 10:12:00,4.14071,487.1943,120.5949,21.90709,13.0963,29.08669,2.157093,246.0308,531.1597,33.65875,42.22547,41.10405,43.69104,633.9781,0.9631317,4
2021-08-19 10:13:00,2.327404,264.1209,119.849,21.82166,13.0963,29.18308,1.195769,247.459,295.908,33.3049,40.74289,39.43036,42.21405,352.2592,0.9472065,4
2021-08-19 10:14:00,2.270324,257.9109,119.4769,21.40559,13.09264,29.26912,1.165687,249.3776,290.6537,32.85742,39.23054,37.77643,40.77525,337.5595,0.9454204,4
2021-08-19 10:15:00,3.177377,373.1526,120.1003,21.42988,13.09126,29.33841,1.667181,244.2784,407.3678,32.503,38.90791,37.2812,40.23108,476.0705,0.9623111,4
2021-08-19 10:16:00,1.93234,219.2852,119.7562,21.37184,13.09126,29.40788,1.005956,245.6959,247.1172,32.26823,37.82445,36.13577,39.20314,290.8235,0.9476011,4
2021-08-19 10:17:00,1.665197,185.3718,119.4769,21.1554,13.09126,29.4604,0.858762,245.8089,211.1042,31.97124,36.28327,34.89164,37.5989,243.9709,0.9394807,4
2021-08-19 10:18:00,1.507488,167.5128,119.6798,21.25015,13.09126,29.50842,0.7942782,244.2587,193.9957,31.69388,35.47274,34.01076,36.83074,220.1534,0.9331811,4
2021-08-19 10:19:00,1.392515,154.1879,119.6598,21.27463,13.09126,29.55981,0.7411878,243.9905,180.8512,31.28914,34.28024,33.00891,35.81122,202.9354,0.9279458,4
2021-08-19 10:20:00,1.327299,146.884,119.6884,21.23951,13.09126,29.5824,0.7197679999999999,240.5777,173.152,30.91638,33.60704,32.3399,35.01526,193.6348,0.9242553,4
2021-08-19 10:21:00,1.29703,143.547,119.7564,21.58834,13.09126,29.58523,0.6969823,242.6963,169.1161,30.78579,33.37346,32.14757,34.49744,189.0745,0.922962,4
2021-08-19 10:22:00,1.242018,136.4188,119.8024,21.64709,13.09126,29.61629,0.6568796,245.2362,161.0827,30.71311,32.87628,31.70059,33.85475,180.0141,0.9186323,4
2021-08-19 10:23:00,1.151705,124.9787,119.9319,21.69593,13.09217,29.62194,0.6115376999999999,243.6353,149.0026,30.58254,32.00567,31.05601,33.15639,166.2164,0.9089227,4
2021-08-19 10:24:00,1.084544,116.6986,119.8045,21.70624,13.09309,29.64453,0.5846504999999999,241.2709,141.0502,30.42539,31.26029,30.42532,32.40944,156.0766,0.8993756,4
2021-08-19 10:25:00,1.066145,112.7775,119.8472,21.23643,13.09355,29.63888,0.5602707999999998,247.8953,138.8907,30.01486,30.26853,29.57297,31.30824,151.2171,0.8804893,4
2021-08-19 10:26:00,1.04902,109.7339,119.8336,21.11819,13.0963,29.61629,0.5459155,246.6588,134.6358,29.75274,29.9,29.18625,30.509,147.7365,0.8728004,4
2021-08-19 10:27:00,1.026506,106.8934,119.6975,21.26815,13.09676,29.58805,0.5313333,245.2518,130.3162,29.61587,29.31355,28.67857,29.81269,143.9573,0.8689799999999999,4
2021-08-19 10:28:00,0.9956758,105.5437,119.7949,21.25178,13.09676,29.57393,0.5336108,241.4748,128.8466,29.43401,28.9372,28.17982,29.20978,141.4361,0.884376,4
2021-08-19 10:29:00,1.018507,108.3759,119.882,20.93441,13.09676,29.5327,0.5374841,247.5582,133.0663,29.16174,28.52789,27.8537,28.67349,143.4153,0.8836021,4
2021-08-19 10:30:00,1.066098,113.4203,119.9629,20.85344,13.09676,29.48865,0.5479642,254.3077,139.3532,28.95582,28.22497,27.63555,28.25288,149.2913,0.8808203,4
2021-08-19 10:31:00,1.117299,119.4627,119.9947,20.90903,13.09676,29.44346,0.5816849,248.7312,144.6409,28.78613,28.15379,27.63384,27.91263,155.5293,0.8829765,4
2021-08-19 10:32:00,1.174659,126.0297,119.9467,20.96831,13.09676,29.39149,0.6229238999999999,246.2133,153.3757,28.77016,27.96956,27.49034,27.86531,163.0845,0.8867770999999999,4
2021-08-19 10:33:00,1.218716,133.3806,120.0029,21.09416,13.09721,29.32711,0.6694039,239.9134,160.5711,28.68393,27.72233,27.32818,27.78711,172.9809,0.9030753,4
2021-08-19 10:34:00,1.272647,142.3127,120.0105,21.07726,13.09813,29.27703,0.6912763,243.308,168.2056,28.45759,27.44449,27.08904,27.63134,182.6353,0.9224,4
2021-08-19 10:35:00,1.371868,154.9268,120.1553,21.06,13.09996,29.21358,0.7582621,239.9701,182.0289,28.23473,26.39165,26.72066,27.47491,196.3701,0.9256632,4
2021-08-19 10:36:00,1.56326,178.543,120.2879,20.87783,13.10179,29.15559,0.8569176,242.5674,207.8008,27.94094,24.82675,24.82236,26.06132,218.6199,0.9349769,4
2021-08-19 10:37:00,1.782543,201.6831,120.3069,20.66628,13.10225,29.07012,0.9453206,245.7685,232.2714,27.53487,23.72099,23.26991,24.68154,241.051,0.9338241,4
2021-08-19 10:38:00,1.91626,220.4978,120.3872,20.48423,13.10546,28.96036,1.040558,242.1685,251.9799,27.01467,22.90151,22.39937,23.79291,264.92,0.9458877,4
2021-08-19 10:39:00,2.047804,236.4086,120.4086,20.36102,13.10775,28.82311,1.096835,244.5096,268.1813,26.47378,22.63567,22.01187,23.4038,282.8523,0.9489717,4
2021-08-19 10:40:00,2.169261,251.2609,120.4495,20.29204,13.11142,28.67569,1.17134,242.738,284.3133,25.896,22.39784,21.83236,23.24002,302.2229,0.9509323,4
2021-08-19 10:41:00,2.753285,322.3486,120.7074,20.27285,13.116,28.52394,1.498066,237.9988,356.9331,25.37708,22.49295,21.95449,23.44636,381.212,0.9560981,4
2021-08-19 10:42:00,3.529867,415.2868,121.2211,20.30363,13.11875,28.36373,1.92003,237.3722,455.8419,25.04385,23.22881,22.81168,24.44504,518.738,0.9636987,4
2021-08-19 10:43:00,2.875716,334.8497,121.0543,20.36241,13.11875,28.20746,1.53452,241.8493,371.0524,25.04023,23.65231,23.21562,24.9134,407.3608,0.9588918,4
2021-08-19 10:44:00,3.077138,359.9874,120.8324,20.60102,13.12287,28.05741,1.647302,241.7695,398.2384,25.11211,24.2945,23.80482,25.3765,435.3689,0.9548042,4
2021-08-19 10:45:00,2.883642,334.1367,120.4916,20.78208,13.12791,27.91282,1.486217,250.3876,372.1167,25.27845,24.72804,24.31431,25.86175,400.823,0.9553624,4
2021-08-19 10:46:00,2.884034,333.1188,120.566,20.86733,13.12974,27.78423,1.444294,257.0577,371.2215,25.4355,24.97851,24.54716,26.19573,398.7242,0.9548368,4
2021-08-19 10:47:00,2.767696,317.179,120.4512,20.79733,13.13066,27.63907,1.380498,255.6792,352.985,25.52661,25.09026,24.77353,26.27098,383.9114,0.9532704,4
2021-08-19 10:48:00,2.60259,297.931,120.3279,20.74501,13.13387,27.52573,1.308728,253.2128,331.3762,25.66268,25.54903,25.30318,26.25987,364.1799,0.950998,4
2021-08-19 10:49:00,2.594231,298.7665,120.2298,20.60907,13.13478,27.42294,1.31374,254.7165,334.5978,25.70042,26.10607,25.80988,26.25656,365.7469,0.9511968,4
2021-08-19 10:50:00,3.255805,375.3779,120.5074,20.63193,13.13524,27.32278,1.658921,251.8856,418.4159,25.8271,27.08038,26.72667,27.10969,456.9784,0.9564006,4
2021-08-19 10:51:00,4.99071,599.0903,121.2545,20.61052,13.13524,27.23843,2.513786,258.9886,650.341,25.96763,28.24402,28.10775,28.38707,679.327,0.9633412,4
2021-08-19 10:52:00,7.14578,847.0096999999998,122.4255,20.79455,13.13524,27.15145,3.646619,254.0273,926.4941,26.33451,30.65762,30.87626,30.73069,1074.895,0.9688497,4
2021-08-19 10:53:00,4.804209,559.5287,121.5152,21.08867,13.13478,27.08292,2.449306,250.9799,614.8713,26.84188,31.22467,31.43909,31.59061,728.8261999999999,0.9594584,4
2021-08-19 10:54:00,3.187405,369.3173,120.5042,21.09163,13.13524,27.0191,1.591479,256.6588,408.436,27.05864,30.2998,30.34932,30.56279,459.0964,0.9576189,4
2021-08-19 10:55:00,5.830364,695.7747,121.555,21.07706,13.13524,26.9613,2.965369,255.6791,758.4987999999998,27.14347,30.98646,30.87277,31.23683,845.0859,0.967546,4
2021-08-19 10:56:00,2.666665,305.4514,120.4286,20.99104,13.13341,26.90858,1.326727,256.8354,340.7187,27.35208,31.11787,31.11245,31.70569,412.8565,0.9519544,4
2021-08-19 10:57:00,4.588069,538.5948,121.0099,20.94773,13.13249,26.85699,2.236046,264.7928,591.967,27.38649,31.23396,31.07638,32.0,672.9978,0.9649569,4
2021-08-19 10:58:00,2.398753,276.0504,120.2609,20.89724,13.13112,26.82913,1.182958,262.7706,310.6844,27.49915,30.8653,30.66888,31.74815,360.1317,0.9485543,4
2021-08-19 10:59:00,3.281772,383.1546,120.4807,20.90828,13.12974,26.78696,1.645022,258.379,425.2001,27.46528,30.65255,30.24182,31.36949,465.8258,0.9598622,4
2021-08-19 11:00:00,5.865579,704.2984,121.7423,20.71898,13.12974,26.75533,3.005241,253.4234,761.6942,27.45074,31.68063,31.27615,32.32986,850.6749,0.9680045,4
2021-08-19 11:01:00,6.507776,774.5442,122.2475,20.76398,13.12974,26.71786,3.331056,253.2753,843.6924,27.64788,33.39496,34.52049,34.37337,985.0059,0.9683605,4
2021-08-19 11:02:00,6.319595,744.0498,122.0787,20.93109,13.12974,26.70487,3.25245,250.4899,814.6531,27.9845,35.38461,35.01202,36.16561,947.6964,0.9688358,4
2021-08-19 11:03:00,7.200632,858.1359,122.3765,21.12581,13.12974,26.68379,3.823651,245.0958,937.1066,28.31817,37.2581,37.01411,38.2,1098.567,0.9694068,4
2021-08-19 11:04:00,5.003536,587.6298,121.5261,21.23369,13.12974,26.66534,2.66644,242.8401,646.5624,28.66657,38.4878,38.12974,39.39612,799.4842,0.9672512,4
2021-08-19 11:05:00,3.671957,425.3641,120.8721,21.25101,13.12928,26.66534,1.950103,243.085,473.9438,28.9128,38.68655,38.32129,39.5154,574.5512,0.9607347,4
2021-08-19 11:06:00,3.561498,415.5522,120.6206,21.18413,13.127,26.68379,1.823423,248.9121,453.7542,29.05829,38.64462,38.15667,39.35714,515.3452,0.9563388,4
2021-08-19 11:07:00,3.104358,362.156,120.4929,21.39913,13.12562,26.69433,1.604238,247.9837,397.8977,29.21152,38.39289,38.30569,39.40406,490.7524,0.9560736,4
2021-08-19 11:08:00,3.029056,350.903,120.3301,21.18114,13.12425,26.71541,1.607675,242.7745,390.3694,29.1483,37.18777,36.95842,38.09724,448.5216,0.9592965,4
2021-08-19 11:09:00,5.133185,602.9217,121.2851,20.8462,13.12379,26.73255,2.759494,240.7977,664.8989,28.93096,37.60843,37.18836,38.62722,778.4492,0.9608324,4
2021-08-19 11:10:00,2.923098,338.2941,120.348,20.67932,13.12241,26.77114,1.539351,243.7306,375.1284,28.84357,37.08638,36.73191,37.65894,438.4447,0.9604232,4
2021-08-19 11:11:00,2.925162,341.5868,120.4425,20.6313,13.12058,26.7896,1.58651,237.5379,376.8401,28.77419,36.92908,36.48754,37.10962,448.1043,0.9605487,4
2021-08-19 11:12:00,2.646372,304.1014,120.2811,20.74058,13.11875,26.82649,1.423415,235.7681,335.5965,28.70067,36.26422,35.936,36.35929,403.5343,0.9562662,4
2021-08-19 11:13:00,2.599171,299.9973,120.1083,21.19598,13.11875,26.83967,1.395888,238.9883,333.6013,28.80485,36.13008,35.74614,36.22586,392.3174,0.9563962,4
2021-08-19 11:14:00,2.689245,311.2057,119.9764,21.40022,13.11875,26.87187,1.439194,240.967,346.8526,28.88046,35.84212,35.46067,35.81403,403.0603,0.957329,4
2021-08-19 11:15:00,3.047351,351.5169,120.1321,21.29445,13.11875,26.90067,1.582078,247.2467,391.067,28.84322,35.27778,35.03483,35.05894,442.9579,0.9576309,4
2021-08-19 11:16:00,3.178828,367.1959,120.3063,21.29782,13.11875,26.93494,1.655463,243.3577,402.9025,28.86035,35.43695,35.12563,35.07327,475.3566,0.9559304,4
2021-08-19 11:17:00,2.920874,336.5909,120.2227,21.18403,13.11875,26.9613,1.52422,243.866,371.6772,28.84309,35.19452,34.94816,34.72383,438.9463,0.9543972,4
2021-08-19 11:18:00,2.817987,324.6992,120.1775,21.24147,13.11875,26.97711,1.449683,249.1201,361.1158,28.85419,35.22595,35.00443,34.72976,419.8125,0.9541943,4
2021-08-19 11:19:00,4.779692,561.3827,121.0379,21.27427,13.11829,27.01929,2.487365,247.2155,615.1705,28.89626,36.03391,35.73233,35.41648,722.3464,0.9662514,4
2021-08-19 11:20:00,4.174748,489.8155,121.0008,21.18931,13.11783,27.04941,2.219591,242.7174,537.6894,29.03234,37.14573,36.97327,36.44534,645.0787,0.9622838,4
2021-08-19 11:21:00,6.400959,762.9859,121.8379,21.47671,13.11737,27.08819,3.392604,243.3428,827.0103,29.32784,38.64306,38.51425,38.02402,945.0316,0.9705847,4
2021-08-19 11:22:00,7.420377,883.9167999999999,122.3818,21.65578,13.11508,27.133,3.958329,243.2543,962.8569,29.63308,40.2523,40.44494,40.3187,1166.646,0.9694777,4
2021-08-19 11:23:00,7.256522999999999,864.3537,122.4079,21.57651,13.11325,27.18571,3.86581,243.8518,942.5547,29.89725,41.30614,41.77581,41.98565,1143.552,0.9692943,4
2021-08-19 11:24:00,6.898599,819.7276,122.1395,21.69619,13.11233,27.24634,3.568193,250.7191,894.7614999999998,30.08712,42.65144,42.96006,43.28759,1102.995,0.9692909,4
2021-08-19 11:25:00,7.105133,845.3979,122.1913,21.93968,13.11004,27.3175,3.726544,247.8192,923.4844,30.36535,44.05639,44.18951,44.97555,1127.111,0.9690571,4
2021-08-19 11:26:00,7.155019,852.8356999999999,122.1864,22.32684,13.10775,27.39921,3.83805,242.527,930.7763000000001,30.61671,45.07368,45.21582,46.17551,1137.974,0.9701579,4
2021-08-19 11:27:00,7.08972,843.2188999999998,122.1639,22.65446,13.10775,27.49147,3.792714,241.9408,917.5965000000001,30.83773,45.89357,45.87191,47.46432,1129.036,0.970886,4
2021-08-19 11:28:00,6.984809,830.1597,122.0512,22.56489,13.10592,27.58372,3.71382,243.3271,903.6529,30.96282,46.0719,46.26494,47.81116,1112.729,0.970675,4
2021-08-19 11:29:00,6.9199,823.0887,122.0227,22.37107,13.10271,27.7076,3.715868,241.185,896.1719,31.11428,46.48306,46.56976,48.26536,1103.19,0.9708241,4
2021-08-19 11:30:00,6.871255,816.5164,122.0016,22.50014,13.10225,27.82979,3.706941,239.7413,888.678,31.2424,46.96201,47.11936,48.86014,1095.922,0.970725,4
2021-08-19 11:31:00,6.76339,802.5983999999999,121.9225,22.11863,13.09905,27.93409,3.624908,240.9086,873.2568,31.27081,47.46803,47.39215,48.84616,1075.704,0.9704944,4
2021-08-19 11:32:00,6.732855,801.9609,122.0517,22.40821,13.09676,28.04423,3.651311,239.5282,874.5284,31.47665,48.51059,48.54981,49.43144,1074.016,0.9704527,4
2021-08-19 11:33:00,6.857508,820.116,122.4029,22.4962,13.09676,28.15588,3.749282,238.5197,894.2045,31.56386,48.13556,48.37088,48.95925,1100.228,0.9706118,4
2021-08-19 11:34:00,7.118753,852.3266999999998,122.495,22.22399,13.09676,28.27223,3.92812,236.9176,930.4912,31.48539,47.82067,48.07518,48.33138,1142.325,0.9709342,4
2021-08-19 11:35:00,3.52086,422.4579,120.851,21.93548,13.09676,28.37728,1.885677,240.5628,453.6437,31.34896,46.27383,46.61351,46.60515,599.1771,0.9690861,4
2021-08-19 11:36:00,5.143013,608.1912,121.6577,22.05836,13.09584,28.49438,2.752402,241.6782,665.9539,31.11417,45.28697,45.04242,45.36201,809.9792,0.9642439,4
2021-08-19 11:37:00,4.122949,486.4061,121.1608,22.16175,13.09676,28.59662,2.176855,243.6487,530.7027,31.15029,45.87515,45.45869,45.37588,676.8618,0.9589446,4
2021-08-19 11:38:00,2.628124,302.3525,120.2212,22.26561,13.09538,28.68925,1.367536,245.596,335.846,31.16746,44.30276,44.01963,44.28003,401.089,0.9558901,4
2021-08-19 11:39:00,3.470775,401.2931,120.512,21.71429,13.09355,28.78771,1.766264,252.5734,446.1775,30.86193,43.32469,42.74937,42.49949,506.004,0.9566345,4
2021-08-19 11:40:00,5.503559,650.5159,121.5748,21.93069,13.09126,28.87225,2.771745,255.888,709.8994,30.77405,42.979,42.66596,42.40029,844.3850999999999,0.9636977,4
2021-08-19 11:41:00,4.252989,502.8365,121.06,22.08876,13.09217,28.94643,2.1299,256.7933,546.6975,30.77337,42.32647,41.94733,41.84149,627.3449,0.9580649,4
2021-08-19 11:42:00,3.38723,388.5014,120.7083,21.83222,13.09126,29.0238,1.704965,255.9271,435.9741,30.61397,41.22705,40.86382,41.25458,545.697,0.9569063,4
2021-08-19 11:43:00,5.077873,603.2868,121.0321,21.80844,13.09126,29.08386,2.611329,250.8629,653.9178,30.40547,40.41082,39.78831,40.70694,715.8124,0.9616864,4
2021-08-19 11:44:00,8.030967,959.1717000000002,122.5127,21.86041,13.09126,29.15559,4.248391,246.3171,1046.163,30.37194,42.86836,42.07751,43.403,1270.136,0.96957,4
2021-08-19 11:45:00,7.340563,874.9038,122.2724,21.78661,13.09126,29.21358,4.02168,237.3284,954.2988,30.60599,44.70419,43.90106,45.54985,1171.388,0.9692838,4
2021-08-19 11:46:00,3.776942,440.6547,120.5444,21.79424,13.0908,29.28814,2.038977,237.9092,484.7901,30.89912,44.65405,43.82383,45.73514,619.0413,0.9705667,4
2021-08-19 11:47:00,3.24462,378.4415,120.2164,21.99139,13.08988,29.37192,1.704728,244.1348,416.417,30.87707,43.6862,42.79373,44.90778,486.7714,0.9633127,4
2021-08-19 11:48:00,7.300423,871.1156999999998,122.2136,22.13194,13.08805,29.44628,3.838029,247.1991,948.3501,30.80564,45.20997,44.33867,46.15491,1092.667,0.968325,4
2021-08-19 11:49:00,7.576313,900.7484,122.3859,22.60605,13.08667,29.53552,4.018705,244.4762,982.4605,31.15936,48.09787,47.39439,48.95223,1201.946,0.9691011,4
2021-08-19 11:50:00,7.395355,878.0368999999998,122.2498,22.93334,13.08576,29.61629,3.958781,242.3571,959.4329,31.51659,48.60824,48.63527,50.04726,1174.828,0.9690226,4
2021-08-19 11:51:00,7.244204,863.1771999999999,122.2757,22.42549,13.08576,29.71514,3.895437,241.736,941.6089,31.62637,49.20076,48.74289,50.39717,1153.58,0.9709485,4
2021-08-19 11:52:00,7.232134,861.7975,122.1824,22.37977,13.0853,29.80927,3.940094,238.8937,941.2336,31.68021,49.53875,49.03542,50.74338,1152.076,0.9708936,4
2021-08-19 11:53:00,7.151512,853.2526,122.1215,22.56984,13.08576,29.90491,3.901814,238.1074,929.0292,31.75316,50.0762,49.52899,51.40227,1141.323,0.970808,4
2021-08-19 11:54:00,7.181833,854.678,122.0976,22.25495,13.08209,30.00941,3.898395,239.446,933.4308,31.84644,51.08115,50.30045,51.94734,1145.099,0.970856,4
2021-08-19 11:55:00,7.149443,851.1156999999998,122.0623,22.52887,13.08118,30.11389,3.927329,236.1877,927.5804,32.19238,52.64522,52.1429,53.14326,1145.143,0.9707678,4
2021-08-19 11:56:00,7.048695,838.1404,122.0424,22.91903,13.08026,30.23326,3.885634,235.2763,914.1494,32.49149,52.84929,52.73787,53.4914,1128.766,0.9706472,4
2021-08-19 11:57:00,7.073334,842.4478,122.0207,22.96853,13.0798,30.36184,3.851,238.6938,919.1897,32.6298,53.0471,53.7182,53.14175,1133.608,0.9706395,4
2021-08-19 11:58:00,7.071941,840.2238,121.9011,23.06173,13.07889,30.46728,3.858974,237.5717,916.7222,32.76981,54.28765,54.78401,54.05829,1132.589,0.9707049,4
2021-08-19 11:59:00,7.061997,840.2673999999998,121.9983,23.37524,13.07705,30.5761,3.86239,237.3608,916.7498,33.08979,55.74643,56.07417,55.66202,1136.352,0.9706178,4
2021-08-19 12:00:00,7.036875,837.1532999999998,122.0403,23.608,13.07522,30.68266,3.912515,233.3166,912.7707,33.39117,56.18647,56.55895,56.82693,1139.53,0.9707955,4
2021-08-19 12:01:00,7.163969,853.3047,121.9885,24.34321,13.07476,30.7975,3.969702,234.9342,932.4739,33.69907,56.7079,57.26561,57.03267,1147.194,0.9709792,4
2021-08-19 12:02:00,6.397058,755.8166999999999,121.7579,24.68271,13.07476,30.91649,3.565737,232.2058,828.5159,34.02057,57.4138,57.88604,57.71532,1076.179,0.9684398,4
2021-08-19 12:03:00,3.113818,363.0143,120.1603,24.97567,13.0743,31.03811,1.695832,235.2703,398.7899,34.30884,56.21508,56.63902,56.43264,495.2908,0.9593882,4
2021-08-19 12:04:00,2.338754,266.6864,119.4837,25.18503,13.07476,31.16651,1.289361,233.6526,301.0865,34.30594,53.5219,53.84385,53.98159,348.1661,0.9533243,4
2021-08-19 12:05:00,5.499058,643.8246,120.9117,24.8609,13.0711,31.28927,3.116886,227.3698,709.246,34.21404,52.09535,52.27571,52.58943,821.7383,0.9692488,4
2021-08-19 12:06:00,3.507272,410.6043,120.2978,23.74212,13.07095,31.40092,2.001597,224.5616,449.687,34.04934,51.13572,50.82293,51.55076,557.3005,0.9658121,4
2021-08-19 12:07:00,3.618455,423.4115,120.2591,23.58507,13.06882,31.50955,2.028026,229.1982,464.7933,34.00952,49.22137,49.30376,50.10408,565.3339,0.9613048,4
2021-08-19 12:08:00,2.05038,231.5415,119.3316,23.30324,13.06885,31.60406,1.123947,233.6126,262.5388,33.6748,45.82367,45.66034,46.7126,305.2172,0.9474449,4
2021-08-19 12:09:00,2.09629,238.9799,119.3522,22.78943,13.06891,31.68313,1.132149,240.3738,272.2004,33.2814,44.54314,43.56382,45.03104,307.2549,0.9490857,4
2021-08-19 12:10:00,3.809289,441.549,120.1565,22.57134,13.06875,31.743,2.053088,238.6422,489.2029,32.79902,42.15599,41.56144,43.13662,547.5159,0.963811,4
2021-08-19 12:11:00,3.723618,440.7958,120.5286,22.6934,13.06854,31.80249,2.025064,235.9536,478.4859,32.52848,41.61135,40.6242,42.10986,561.6079,0.96674,4
2021-08-19 12:12:00,3.661813,424.5009,120.2953,22.61411,13.06839,31.8281,1.995672,234.7574,469.0129,32.35089,41.03023,39.87778,41.4419,535.3373,0.9645711,4
2021-08-19 12:13:00,6.133657,724.0453999999999,121.2705,22.75224,13.06824,31.83714,3.387561,233.7891,791.5752999999999,32.22286,41.74493,41.05729,42.23634,954.8604,0.9668844,4
2021-08-19 12:14:00,6.867415,816.4299,121.3389,23.00419,13.0681,31.87027,3.701072,240.2598,890.5574,32.35994,43.04412,42.38118,43.26585,1002.538,0.9676294,4
2021-08-19 12:15:00,7.495849,890.1305999999998,121.8521,23.13918,13.068,31.89136,4.045798,241.2851,975.2258,32.44108,43.47452,43.46819,44.49576,1165.487,0.9733469,4
2021-08-19 12:16:00,7.250973,857.7700999999998,121.8247,23.57404,13.06788,31.90341,3.863296,243.7515,941.8467,32.55369,44.91043,44.82684,45.59895,1147.732,0.9704285,4
2021-08-19 12:17:00,4.87974,570.9247,121.08,23.89704,13.06781,31.93955,2.57029,244.8622,629.4827,32.80772,44.28164,44.24866,45.49042,774.2097,0.9645946,4
2021-08-19 12:18:00,4.437842,520.4996,120.7944,23.6905,13.06771,31.96968,2.406471,238.2092,573.1931,32.68466,42.9542,42.69201,44.01599,664.6949,0.9666985,4
2021-08-19 12:19:00,4.079939,475.3624,120.6217,23.69942,13.0672,31.9757,2.265893,231.2088,523.6138,32.54695,41.85492,41.61806,43.04452,610.9574,0.9639766,4
2021-08-19 12:20:00,3.542389,413.6966,120.3382,23.27694,13.0662,32.00884,1.969242,230.6221,454.2295,32.30599,40.63411,40.33933,41.67358,543.897,0.9619961,4
2021-08-19 12:21:00,4.718019,558.5837,120.6698,23.02454,13.06616,32.03143,2.6252,231.5847,607.7906,32.07669,39.91227,39.40108,40.8154,661.3206,0.9692338,4
2021-08-19 12:22:00,7.491663,889.4957,122.1031,23.04643,13.06608,32.04273,4.208021,232.4847,977.1556,31.986,42.37931,41.6182,43.18329,1235.797,0.9714274,4
2021-08-19 12:23:00,3.500852,409.5169,120.2125,23.20226,13.06698,32.04273,1.912281,234.803,448.6005,31.99005,41.72577,41.04526,42.45558,532.9168,0.9638365,4
2021-08-19 12:24:00,3.492044,405.3386,120.2178,23.77669,13.06508,32.05177,1.951242,228.1215,445.1393,32.00179,41.33937,40.67099,42.09159,540.0494,0.9619719,4
2021-08-19 12:25:00,4.495494,529.0879,120.4664,23.75238,13.06416,32.07888,2.487583,231.5448,577.7914,31.87215,40.17015,39.7604,41.33874,651.1773,0.9674843,4
2021-08-19 12:26:00,4.68678,546.5648,120.9061,23.2327,13.06272,32.07888,2.586011,232.405,600.5099,31.72549,40.86936,40.12122,41.38981,769.1987,0.9610679,4
2021-08-19 12:27:00,3.121871,360.6936,119.9091,23.41955,13.06318,32.10599,1.684439,237.7763,400.5716,31.87766,40.48516,39.93056,40.80372,459.6841,0.9600902,4
2021-08-19 12:28:00,2.953253,339.3377,119.835,23.53833,13.06176,32.11502,1.598086,235.3954,376.289,31.84007,39.6307,39.13708,39.84412,443.3109,0.9609842,4
2021-08-19 12:29:00,2.945751,347.1199,119.7735,23.12224,13.06221,32.11502,1.597403,236.5859,377.9195,31.60687,38.58045,38.03321,38.79251,445.8291,0.9570809,4
2021-08-19 12:30:00,1.953027,221.4949,119.2986,22.41371,13.06217,32.11201,1.028708,244.2983,251.291,31.05256,36.47837,36.15449,36.43983,288.8779,0.9459243,4
2021-08-19 12:31:00,2.430769,275.4332,119.5476,22.42092,13.064,32.07285,1.282069,243.1933,311.5794,30.51629,35.21453,34.81783,34.92522,342.3103,0.9484889,4
2021-08-19 12:32:00,2.658687,306.0006,119.7913,22.39132,13.06443,32.03708,1.389611,246.3831,342.4165,30.08451,34.14723,33.81155,33.77987,381.6444,0.9545174,4
2021-08-19 12:33:00,2.576795,293.4886,119.8497,22.38025,13.06717,31.98474,1.30098,252.3867,328.2917,29.76805,33.60987,33.19705,33.04679,368.4505,0.9505525,4
2021-08-19 12:34:00,3.101178,357.2262,120.0528,22.26384,13.06715,31.93654,1.562543,256.1632,399.8252,29.4257,33.08431,32.80387,32.60827,440.1715,0.9570554,4
2021-08-19 12:35:00,2.426735,275.5364,119.8354,22.40796,13.06806,31.86726,1.215767,254.8645,309.8168,29.2181,32.83715,32.53231,32.19479,347.8793,0.9468786,4
2021-08-19 12:36:00,2.180692,245.7586,119.7241,22.18422,13.06988,31.81096,1.091593,253.8506,277.0924,28.96698,31.9136,31.69328,31.24425,307.46,0.9426343,4
2021-08-19 12:37:00,1.705832,189.3801,119.4265,22.10181,13.07171,31.73697,0.8487128999999999,254.7335,216.1464,28.70693,31.21076,30.9509,30.40897,240.0552,0.9275102,4
2021-08-19 12:38:00,1.342083,143.9678,119.1185,21.99619,13.07216,31.65997,0.6700844999999999,255.3316,171.0876,28.42261,30.21785,30.01579,29.53669,186.0236,0.9052677,4
2021-08-19 12:39:00,1.082354,112.7623,119.042,22.0682,13.07261,31.55943,0.5379359,254.7392,137.0624,28.19832,29.34607,29.18985,28.67049,148.662,0.8825517,4
2021-08-19 12:40:00,0.9816173,100.2842,119.1635,21.74602,13.07306,31.44459,0.4966963999999999,250.9627,124.6566,27.83694,28.44287,28.21351,27.75514,131.8096,0.8608193,4
2021-08-19 12:41:00,0.9255324,93.09492,119.3164,21.51722,13.07443,31.34236,0.4643428,249.1172,115.6724,27.44623,27.58868,27.39096,27.04851,122.8147,0.8443488999999998,4
2021-08-19 12:42:00,0.9000959,89.66812,119.3072,21.38461,13.07626,31.23636,0.4600137999999999,243.7344,112.109,27.14835,27.20565,26.99208,26.52978,118.0175,0.8351709,4
2021-08-19 12:43:00,0.8805462,90.55082,119.1888,21.51506,13.079,31.11078,0.4730008,240.0832,113.555,26.9801,26.84357,26.63188,26.19865,118.737,0.859497,4
2021-08-19 12:44:00,0.9287758,97.92581,119.2407,21.51425,13.0822,30.99481,0.4994305,246.2578,122.9851,26.77576,26.49436,26.31669,25.92081,126.0531,0.8739784,4
2021-08-19 12:45:00,1.016924,106.6111,119.2397,21.58783,13.08357,30.86716,0.5279108,246.5141,130.0669,26.61057,26.30444,26.14926,25.80317,136.7277,0.8688495,4
2021-08-19 12:46:00,1.093091,118.0924,119.3365,21.39903,13.08403,30.7429,0.5894281999999998,241.8205,142.5368,26.43179,26.1529,25.99219,25.71305,150.8804,0.8948184999999999,4
2021-08-19 12:47:00,1.131639,123.3631,119.3752,21.31789,13.08739,30.61074,0.6174528999999999,240.2541,148.3385,26.28824,25.96139,25.89298,25.6439,159.0366,0.9092974,4
2021-08-19 12:48:00,1.175923,127.9952,119.372,21.31043,13.08862,30.47857,0.6195034,247.8811,153.5665,26.08788,25.90594,25.84643,25.58022,163.4745,0.906332,4
2021-08-19 12:49:00,1.285828,140.2847,119.4013,21.42448,13.09235,30.3449,0.6691730999999999,248.9235,166.4682,26.04708,26.0204,25.94176,25.66466,177.5081,0.9011418,4
2021-08-19 12:50:00,1.384639,153.507,119.5094,21.30127,13.0942,30.21349,0.7609934999999999,235.9707,179.4831,25.93714,25.91934,25.90635,25.69563,198.1377,0.9196225,4
2021-08-19 12:51:00,1.458773,164.0205,119.7122,21.18733,13.09389,30.07153,0.8108910999999999,235.7713,191.2031,25.86031,26.00734,25.99846,25.77547,211.9917,0.9289351,4
2021-08-19 12:52:00,1.554289,175.5657,119.8253,21.34436,13.09383,29.94445,0.8341309999999998,242.0313,201.87,25.90315,26.21701,26.21428,26.02831,222.0668,0.9341595,4
2021-08-19 12:53:00,1.673118,188.3163,119.9286,21.22124,13.09396,29.81755,0.8726363999999999,249.3621,217.6308,25.89004,26.33035,26.35838,26.18613,234.2421,0.9305031,4
2021-08-19 12:54:00,1.791735,202.1628,119.9876,21.16421,13.09672,29.69254,0.926635,249.7608,231.3366,25.85635,26.49759,26.52766,26.32746,249.5345,0.9309019,4
2021-08-19 12:55:00,1.941559,221.4334,120.0421,21.18076,13.09819,29.56602,1.009797,250.5868,252.9952,25.82225,26.60023,26.66786,26.46975,270.046,0.9371276,4
2021-08-19 12:56:00,2.09604,239.4988,120.112,21.3039,13.10002,29.44647,1.086352,250.5982,272.2612,25.87009,26.94842,26.98051,26.77502,291.6353,0.9415343,4
2021-08-19 12:57:00,2.119172,239.9428,120.109,21.17721,13.10047,29.33276,1.076327,251.4412,270.6223,25.93345,27.0833,27.09969,26.91677,292.0569,0.9417784,4
2021-08-19 12:58:00,1.979077,221.7269,120.0976,21.26468,13.1005,29.21904,0.9968104,252.9108,252.0473,25.95306,27.2434,27.25773,27.03052,270.2277,0.9375914,4
2021-08-19 12:59:00,1.822032,203.3322,120.2577,21.37588,13.10174,29.1089,0.9097747,256.2657,233.1363,26.0189,27.26053,27.31783,26.9924,247.7999,0.9311721,4
2021-08-19 13:00:00,1.684938,187.2344,120.2467,21.24081,13.10316,29.00743,0.8348145,258.6467,215.8993,25.96329,27.11432,27.13139,26.91438,229.0892,0.9281096,4
2021-08-19 13:01:00,1.573742,174.8219,120.4921,21.06931,13.10569,28.90218,0.7755754999999999,261.8194,203.0469,25.88,26.85033,26.90494,26.69262,215.4767,0.9229471,4
2021-08-19 13:02:00,1.549766,173.3934,120.5657,20.98062,13.10529,28.80127,0.7732970999999998,262.201,202.6996,25.77364,26.76331,26.7879,26.51473,213.378,0.922128,4
2021-08-19 13:03:00,1.561211,173.6759,120.2248,21.05871,13.10638,28.69207,0.7789930999999999,257.086,200.2405,25.78344,26.79156,26.73967,26.53478,211.8794,0.9236086,4
2021-08-19 13:04:00,1.529369,169.2079,119.9707,20.93846,13.1069,28.59925,0.7721578,255.4683,197.2598,25.74677,26.69832,26.63344,26.41074,207.022,0.9211258,4
2021-08-19 13:05:00,1.474957,162.089,119.9804,20.82031,13.10702,28.49985,0.7420826999999999,256.4081,190.2765,25.68425,26.42145,26.3989,26.16718,199.5261,0.9162465,4
2021-08-19 13:06:00,1.402086,152.6253,120.0178,20.98308,13.10707,28.40176,0.7015267,257.1201,180.3413,25.77519,26.74243,26.65912,26.25257,189.3915,0.9094138,4
2021-08-19 13:07:00,1.30078,140.2536,119.9328,21.03747,13.10716,28.30442,0.6459331999999999,258.4416,166.9288,25.86828,26.70285,26.67007,26.28335,175.839,0.9024871,4
2021-08-19 13:08:00,1.220661,130.4989,119.749,21.13965,13.10721,28.20746,0.6126682,254.3804,155.8708,25.96591,26.6657,26.64113,26.27424,164.204,0.8946291,4
2021-08-19 13:09:00,1.1364,120.1616,119.817,20.98689,13.10774,28.11822,0.5700617,254.762,145.1814,25.92287,26.40071,26.32213,26.10066,152.6288,0.8871921999999999,4
2021-08-19 13:10:00,1.053283,110.109,119.7524,20.91984,13.11099,28.03369,0.5367967,252.7228,135.6716,25.8564,26.26324,26.10191,25.98703,140.8152,0.8766057,4
2021-08-19 13:11:00,0.9778416,100.0622,119.7642,20.96893,13.11104,27.95254,0.4841651,253.1842,122.5927,25.87679,26.1264,26.00401,25.99101,129.4214,0.8582693,4
2021-08-19 13:12:00,0.9187353,91.97699,119.8177,20.83476,13.112,27.83544,0.4641149,249.7495,115.918,25.83032,25.90898,25.74274,25.75164,119.8271,0.8371275999999999,4
2021-08-19 13:13:00,0.8743587,85.53292999999998,119.7867,20.88003,13.11203,27.74978,0.4367738999999999,248.0292,108.3289,25.85922,25.82364,25.70186,25.7128,112.3913,0.8184434999999999,4
2021-08-19 13:14:00,0.8445346999999999,81.79966,119.784,20.9018,13.11298,27.66807,0.4210527,245.1641,103.2305,25.90774,25.73737,25.61556,25.67784,107.9561,0.8093645,4
2021-08-19 13:15:00,0.8247153,78.96443999999998,119.736,20.73499,13.11255,27.59163,0.4087492999999999,244.5603,99.95575,25.89938,25.60581,25.48396,25.49834,104.7189,0.7995539,4
2021-08-19 13:16:00,0.8054797999999999,75.78881,119.8231,20.65479,13.11304,27.51255,0.4046481,243.2104,98.40671,25.86312,25.57432,25.45999,25.43192,101.3029,0.7864961,4
2021-08-19 13:17:00,0.7541581,70.58547,119.7975,20.63355,13.11305,27.43875,0.3864207,242.2648,93.59963,25.81232,25.35436,25.29341,25.23244,95.48627,0.7811048,4
2021-08-19 13:18:00,0.6967452,63.63594,119.6752,20.62791,13.11354,27.35177,0.3511051,239.8269,84.21577999999998,25.76074,25.17055,25.14108,24.98691,87.27110999999998,0.7668266,4
2021-08-19 13:19:00,0.6675415,58.73264,119.7769,20.44042,13.11309,27.27797,0.3294600999999999,237.5713,78.27843,25.69013,25.00873,24.95253,24.79899,81.33369999999998,0.7355686,4
2021-08-19 13:20:00,0.6614227,58.78574,119.6985,20.6298,13.11403,27.19362,0.3447255,227.6544,78.46093,25.68007,24.8924,24.89994,24.73609,82.05455,0.7413064,4
2021-08-19 13:21:00,0.6859515,62.20864,119.8469,20.84009,13.11725,27.10928,0.3841422999999999,215.8921,82.87896999999998,25.59682,24.79256,24.78433,24.64033,89.13258,0.7515568999999999,4
2021-08-19 13:22:00,0.7356784,69.75701,120.0111,20.79079,13.11819,27.02908,0.4413307,203.6284,89.75803,25.51771,24.60698,24.67078,24.56722,102.9886,0.7803499,4
2021-08-19 13:23:00,0.8734081,91.07905,120.0133,20.38887,13.11773,26.94021,0.5454546999999998,207.4448,113.2986,25.25118,24.43604,24.48682,24.43536,128.9007,0.8443422999999999,4
2021-08-19 13:24:00,1.194494,131.3805,120.2499,20.25209,13.11866,26.85191,0.7240830999999999,215.5845,156.0218,25.02877,24.41909,24.45958,24.48085,174.4891,0.9043376,4
2021-08-19 13:25:00,1.653108,187.4235,120.5728,20.08511,13.11866,26.76625,0.9847348,219.0648,215.8364,24.8139,24.56217,24.59167,24.69868,242.8091,0.9347309,4
2021-08-19 13:26:00,2.380998,273.2276,121.0622,20.43908,13.11914,26.67061,1.405104,218.404,307.3341,24.72131,25.29218,25.3189,25.57361,355.9445,0.9517401,4
2021-08-19 13:27:00,4.089873,476.7176,121.8537,20.59107,13.11914,26.58551,2.439736,217.2933,529.2411,24.76346,26.88334,26.88402,27.40241,623.1741,0.9655053,4
2021-08-19 13:28:00,5.845648,694.4614,122.6786,21.12964,13.12007,26.5053,3.426522,221.6565,759.7214,25.12656,29.74526,29.77168,30.68337,918.5515,0.9661899,4
2021-08-19 13:29:00,5.160219,615.4553,122.6868,21.62769,13.12236,26.44864,3.100024,216.7977,672.1841,25.63336,32.15305,32.32179,33.54273,887.1808,0.9659776,4
2021-08-19 13:30:00,4.778923,572.813,122.237,21.93207,13.12145,26.39799,2.86603,215.1687,619.1188,26.0137,32.89329,33.03554,34.30383,750.1852,0.9640519,4
2021-08-19 13:31:00,6.722178,805.8084,123.3347,21.89892,13.11962,26.36448,4.077923,215.2997,877.9827,26.36441,35.31298,35.41235,36.63011,1126.778,0.9697721,4
2021-08-19 13:32:00,5.316586,633.5018,122.5222,22.2075,13.11871,26.34979,3.206882,215.4535,691.4785,26.9235,37.11584,37.2082,38.65296,889.9552999999999,0.9644509,4
2021-08-19 13:33:00,6.974981,837.4487,123.3067,22.54416,13.11871,26.34735,4.18688,218.3439,914.2458,27.31962,38.53312,38.49579,40.39312,1156.716,0.9683302,4
2021-08-19 13:34:00,6.877308,822.7857,123.2433,22.94227,13.11826,26.38218,4.029758,223.9767,902.7368,27.8753,40.67236,40.73934,42.3803,1131.526,0.9718438,4
2021-08-19 13:35:00,3.693151,434.8862,121.5819,22.9343,13.11505,26.42585,2.093736,227.0263,475.8631,28.22674,39.99436,40.29524,41.45076,592.7289,0.9628395,4
2021-08-19 13:36:00,5.306596,629.0971,122.309,22.66942,13.11231,26.48007,2.963728,232.0831,687.2016,28.3291,39.84787,40.18815,41.14314,811.866,0.9659347,4
2021-08-19 13:37:00,6.273186,751.4202,122.757,23.09108,13.11048,26.54635,3.572994,228.1113,814.8289999999998,28.47672,40.57621,40.85512,41.61823,994.8320000000001,0.9745724,4
2021-08-19 13:38:00,2.30637,270.5323,120.8534,23.01034,13.10773,26.61111,1.326564,225.8257,299.4883,28.71804,39.40517,39.77955,40.42797,434.9122,0.9326794,4
2021-08-19 13:39:00,0.9999511,105.5974,119.9467,21.98111,13.10682,26.69169,0.5710079,224.4442,128.1903,28.26884,35.5665,35.9996,36.44426,155.0705,0.8845218999999999,4
2021-08-19 13:40:00,0.9853502,105.0688,119.8841,21.02458,13.10407,26.7557,0.5589384,229.1181,128.0637,27.55877,33.02126,33.11834,33.14647,147.5737,0.8846115,4
2021-08-19 13:41:00,1.016104,108.7918,119.9337,20.62868,13.10269,26.79487,0.5591616,237.6721,132.8864,26.96412,31.0202,30.91587,30.94629,146.9141,0.8877663,4
2021-08-19 13:42:00,1.021647,109.2135,120.0223,20.56723,13.10224,26.83176,0.5536895,240.667,133.2611,26.58309,29.71745,29.54704,29.32085,144.5747,0.8885996,4
2021-08-19 13:43:00,0.9983695,105.757,119.9552,20.39306,13.10361,26.83967,0.535229,239.298,128.0656,26.21438,28.67984,28.43009,28.09919,139.9556,0.8833385999999999,4
2021-08-19 13:44:00,0.9587494,100.6433,119.9225,20.61986,13.10361,26.83967,0.5021883,245.7111,123.3778,26.02629,28.16464,27.84378,27.47768,132.3369,0.8755456999999999,4
2021-08-19 13:45:00,0.9216483,92.29598,119.9413,20.89663,13.10407,26.82913,0.4648170999999999,248.3239,115.3903,25.92473,27.63354,27.33006,26.86456,122.979,0.8366837,4
2021-08-19 13:46:00,0.8631552999999998,83.44625,119.9997,20.9539,13.10682,26.80805,0.4326889999999999,247.7081,107.1806,25.83313,27.22372,26.91111,26.39326,112.7809,0.8087708999999998,4
2021-08-19 13:47:00,0.8021879,74.76301999999998,120.0068,20.97825,13.10728,26.78432,0.3882555999999999,245.5705,95.34136,25.77246,26.68172,26.4631,25.93322,102.584,0.7797895999999999,4
2021-08-19 13:48:00,0.7442208999999999,66.60194,119.8915,20.61059,13.10774,26.77641,0.3543055,247.205,87.56809,25.51742,25.81996,25.61053,25.22219,92.92597,0.7501915999999998,4
2021-08-19 13:49:00,0.6909648999999999,59.04282,119.8653,20.45844,13.1082,26.73763,0.3217397,250.2826,80.51806,25.32235,25.2723,25.12019,24.63888,84.16832999999998,0.7167037,4
2021-08-19 13:50:00,0.6498602,52.17441,119.7927,20.29034,13.10957,26.71541,0.2864243,255.4064,73.13668,25.07874,24.57472,24.41553,24.04547,76.48959,0.6727235,4
2021-08-19 13:51:00,0.6157643999999999,46.42242,119.9075,20.30706,13.11278,26.66797,0.2508734,255.9091,64.19997,24.88374,24.14404,23.98127,23.61775,69.77125,0.6308675,4
2021-08-19 13:52:00,0.5896322,41.07727,119.9465,20.34564,13.11324,26.62354,0.2321884999999999,256.2049,59.48647,24.71776,23.77581,23.60604,23.26081,63.65208,0.5831638999999998,4
2021-08-19 13:53:00,0.5677335,36.53499,119.8772,20.28992,13.11553,26.57798,0.2130451999999999,256.3378,54.61337,24.54149,23.41001,23.23872,22.95173,57.95218,0.5388608999999999,4
2021-08-19 13:54:00,0.5574580999999998,32.7674,119.9627,20.30718,13.11736,26.52074,0.1936773,256.3546,49.65126,24.41675,23.24371,23.06892,22.77631,52.5529,0.4908320999999999,4
2021-08-19 13:55:00,0.5497862,29.20657,119.9087,20.24446,13.11874,26.4669,0.181599,256.1696,46.5167,24.30231,23.05123,22.90117,22.60365,48.05333,0.4427264,4
2021-08-19 13:56:00,0.5567575999999999,26.36006,119.98,20.21849,13.11874,26.4027,0.1579019999999999,256.2546,40.4622,24.21038,22.92191,22.778,22.52519,44.15384,0.3947716,4
2021-08-19 13:57:00,0.5559157999999998,24.24679,120.0082,20.05381,13.11874,26.33944,0.1501538,256.3152,38.48876,24.06867,22.64559,22.54915,22.33484,41.21402,0.3634966,4
2021-08-19 13:58:00,0.5530943999999999,23.81757,119.962,19.8999,13.11965,26.2694,0.1483308,256.3434,38.0207,23.89182,22.45789,22.34004,22.13529,40.19427,0.3588856,4
2021-08-19 13:59:00,0.5588115,26.83761,120.0235,19.72917,13.12332,26.20068,0.1597223,256.2393,40.92627,23.73891,22.19078,22.07079,21.87421,43.19443,0.3990101999999999,4
2021-08-19 14:00:00,0.5600319999999999,34.35654,120.0564,19.57386,13.12469,26.1218,0.2066609,256.2468,52.95154,23.58124,21.9374,21.72903,21.67037,50.99347,0.5069175,4
2021-08-19 14:01:00,0.6116367,47.83055,120.1778,19.62354,13.12744,26.04216,0.2686417999999999,256.1553,68.81332,23.42756,21.68657,21.39799,21.37934,65.45177,0.6391582,4
2021-08-19 14:02:00,0.7425783,69.62923,120.3714,19.65057,13.12973,25.95612,0.3741420999999999,248.5126,92.84116,23.32996,21.44977,21.08364,21.03664,86.8692,0.7590017,4
2021-08-19 14:03:00,0.9064692,94.6918,120.4832,19.5441,13.12973,25.86518,0.4821534,243.5205,117.5313,23.15441,21.08133,20.67687,20.5046,113.4462,0.8538240999999999,4
2021-08-19 14:04:00,1.103691,119.3424,120.6114,19.5413,13.13111,25.76596,0.5748972,251.264,144.5354,23.05808,20.8816,20.54754,20.34686,140.0832,0.8813111,4
2021-08-19 14:05:00,1.235644,134.8922,120.7348,19.57444,13.13523,25.65809,0.6409839,249.7285,160.015,22.95443,20.80377,20.49042,20.28764,157.7216,0.8942906,4
2021-08-19 14:06:00,1.27005,138.2596,120.9331,19.63558,13.13844,25.54738,0.6594457,249.5993,164.595,22.89761,20.72049,20.46177,20.2126,162.8214,0.8960827999999998,4
2021-08-19 14:07:00,1.258525,136.7677,121.0201,19.72465,13.14027,25.43178,0.6366636,257.0182,163.6275,22.83587,20.606,20.43373,20.15409,161.082,0.8969454,4
2021-08-19 14:08:00,1.210834,130.4647,120.9417,19.75581,13.14073,25.29924,0.6033983,256.7918,154.941,22.77077,20.479,20.37035,20.12184,155.8033,0.8929576999999999,4
2021-08-19 14:09:00,1.079134,113.1291,120.861,19.82452,13.14073,25.15484,0.5236471,259.3112,135.7879,22.74268,20.32756,20.2265,20.02362,138.2258,0.8760986,4
2021-08-19 14:10:00,0.942847,94.33515000000001,120.7289,19.91536,13.14394,25.02813,0.4561996999999999,258.3214,117.8462,22.76686,20.22932,20.1317,19.91145,117.5887,0.8361287,4
2021-08-19 14:11:00,0.8552701999999999,82.96401,120.75,19.97459,13.14623,24.90669,0.4117662999999999,256.7672,105.7426,22.82253,20.21258,20.08171,19.82542,104.2104,0.8066444,4
2021-08-19 14:12:00,0.8116533999999999,77.00087,120.8081,19.88146,13.14715,24.78922,0.3860184999999999,254.5524,98.24439,22.83736,20.16572,20.05423,19.75494,97.43139,0.7875885,4
2021-08-19 14:13:00,0.7523695999999999,69.34734,120.8334,19.72367,13.15035,24.67456,0.3522941,260.4607,91.70998,22.77109,19.95147,19.84824,19.5412,89.93219999999998,0.7679031,4
2021-08-19 14:14:00,0.6813573,58.29197,120.7876,19.60601,13.15173,24.56912,0.3042214999999999,262.4682,79.83909,22.70519,19.72165,19.61698,19.3313,78.59339,0.7132895999999999,4
2021-08-19 14:15:00,0.6363060999999999,50.44502,120.7902,19.51467,13.15127,24.46144,0.274372,258.8417,71.02123,22.63704,19.49155,19.38337,19.12322,68.33435,0.6585297,4
2021-08-19 14:16:00,0.6085835,45.41905,120.8475,19.499,13.15218,24.35374,0.2497671999999999,259.105,64.71371,22.56971,19.40458,19.2943,19.06327,62.27563,0.6186352,4
2021-08-19 14:17:00,0.5937672,42.60858,120.943,19.45174,13.15493,24.25227,0.2347277999999999,258.8956,60.77242,22.52025,19.27854,19.18281,18.97394,58.97612,0.5939712,4
2021-08-19 14:18:00,0.5935257999999999,41.69229,120.8667,19.35551,13.1576,24.14796,0.2424812,258.8897,62.77664,22.43005,19.14125,19.03856,18.85462,57.59639,0.5806744999999999,4
2021-08-19 14:19:00,0.601326,44.31768,120.8238,19.28876,13.15767,24.05006,0.2468123,259.1073,63.95035,22.36764,19.06663,18.9542,18.78064,59.69629,0.6073838,4
2021-08-19 14:20:00,0.6446505,52.01557,120.8159,19.2382,13.15942,23.94953,0.2807742999999999,259.1065,72.75383999999998,22.28329,18.9692,18.86855,18.66996,66.83621,0.6609135,4
2021-08-19 14:21:00,0.6908832999999999,60.53217,120.927,19.11003,13.16308,23.84748,0.3092623999999999,266.0465,82.28487,22.18642,18.89804,18.83764,18.62029,77.69562999999998,0.7170208,4
2021-08-19 14:22:00,0.8056731999999999,78.5826,121.0391,18.97371,13.1639,23.74187,0.4008854,257.6184,103.1855,22.101,18.80555,18.74791,18.54301,93.47503,0.7884018,4
2021-08-19 14:23:00,0.9499153,98.60584,121.0768,18.88159,13.1639,23.64095,0.4836155999999999,253.0207,122.313,22.09907,18.77167,18.74528,18.58484,114.1139,0.8409695999999999,4
2021-08-19 14:24:00,1.105146,117.8289,121.1826,18.79544,13.16411,23.53345,0.5761521,246.2093,141.754,22.13539,18.76311,18.73394,18.63948,137.4533,0.8718831999999999,4
2021-08-19 14:25:00,1.210402,131.4759,121.2081,18.72825,13.16409,23.43574,0.6340419999999999,246.449,156.2775,22.21465,19.08865,19.03313,18.97067,152.8126,0.8842625,4
2021-08-19 14:26:00,1.387761,155.7632,121.365,18.61844,13.16613,23.33294,0.714272,252.8498,180.6542,22.28404,19.31404,19.25647,19.17599,177.7717,0.9065659,4
2021-08-19 14:27:00,1.594044,180.9842,121.5438,18.58732,13.16715,23.24257,0.8197957999999999,255.9155,209.6932,22.36031,19.46289,19.37066,19.35678,206.5704,0.9204802,4
2021-08-19 14:28:00,1.719028,195.2199,121.5879,18.52615,13.17,23.14938,0.8797426,253.8547,223.328,22.42135,19.893,19.76481,19.85281,226.3096,0.9249123,4
2021-08-19 14:29:00,1.804327,204.427,121.2733,18.54566,13.16968,23.06484,0.9239592,253.1201,233.8591,22.48901,20.4747,20.29476,20.40273,238.4902,0.9270971,4
2021-08-19 14:30:00,1.877982,214.1751,121.2042,18.50617,13.17054,22.97937,0.9624813,253.6627,244.1542,22.56812,20.91375,20.77062,20.81627,251.2133,0.931936,4
2021-08-19 14:31:00,1.985072,227.8446,121.4017,18.50622,13.17114,22.89916,1.001456,257.5035,257.8573,22.66078,21.29967,21.14698,21.10621,266.0941,0.9362279,4
2021-08-19 14:32:00,2.115409,244.8395,121.5693,18.56615,13.17188,22.8216,1.08784,253.9432,276.168,22.78639,21.81425,21.66584,21.48426,287.5762,0.9405153,4
2021-08-19 14:33:00,2.322346,271.6203,121.7023,18.6472,13.17291,22.7557,1.19086,257.3852,306.515,22.95464,22.30215,22.20907,21.90005,317.9986,0.9455162,4
2021-08-19 14:34:00,2.522174,294.9445,121.8885,18.64104,13.17222,22.6851,1.295704,253.6025,328.5845,23.1147,22.72909,22.57822,22.3742,348.5442,0.9490874,4
2021-08-19 14:35:00,2.616966,305.7207,121.932,18.61277,13.1728,22.62711,1.331945,255.4832,340.2895,23.26113,22.98927,22.82265,22.9445,363.1876,0.9513769,4
2021-08-19 14:36:00,2.629061,306.0802,121.9147,18.6696,13.17341,22.56818,1.340608,253.5578,339.9152,23.42102,23.39279,23.08868,23.52621,367.0922,0.9515529,4
2021-08-19 14:37:00,2.633766,307.7071,121.9966,18.82118,13.17261,22.53072,1.345624,254.7148,342.7417,23.61745,23.78517,23.52669,24.1122,371.7751,0.9520593,4
2021-08-19 14:38:00,2.701482,316.7185,122.0007,18.95017,13.1718,22.49513,1.350412,262.3105,354.2038,23.80468,24.006,23.73593,24.54017,383.1784,0.9527609,4
2021-08-19 14:39:00,3.493499,428.9294,122.2386,19.06355,13.1719,22.46351,1.772063,260.5559,462.1066,23.99785,24.93038,24.68416,25.05663,469.8225,0.9573829,4
2021-08-19 14:40:00,7.165199,865.7983,123.913,19.27662,13.17152,22.44769,3.618658,260.7555,943.5507,24.33784,28.24111,27.92911,28.28919,1059.951,0.9698631,4
2021-08-19 14:41:00,6.172011,735.2347,123.1915,19.4907,13.1684,22.44769,3.054791,262.3684,802.0019999999998,24.90129,30.90931,30.83334,31.41139,950.0336,0.9667451,4
2021-08-19 14:42:00,4.307331,502.1998,122.4219,19.57018,13.16707,22.45673,2.093661,265.7417,555.9355,25.34084,31.80289,31.92261,32.55072,653.0202,0.9580563,4
2021-08-19 14:43:00,4.178773,477.9873,122.2229,19.644,13.16669,22.49062,2.021641,265.7534,536.9757,25.6143,32.73244,32.67583,33.54893,613.9631,0.9518766,4
2021-08-19 14:44:00,3.124266,378.7463,121.7087,19.74127,13.16673,22.5166,1.535946,266.1922,409.0927,25.80306,32.73849,32.88218,33.90843,472.7747,0.9585111,4
2021-08-19 14:45:00,3.31089,381.2321,121.8326,19.86052,13.16679,22.56084,1.590192,265.8848,422.7777,25.92962,32.86273,33.11357,34.29064,546.5235,0.9492581,4
2021-08-19 14:46:00,1.710255,191.5443,120.9274,19.76665,13.16452,22.59435,0.8410218,260.9048,219.4384,25.92043,31.64401,31.66363,33.02497,266.1822,0.9285552,4
2021-08-19 14:47:00,1.612185,179.9212,120.8429,19.76055,13.16138,22.63897,0.8166351,254.962,208.201,25.87447,31.00323,30.81155,32.29417,246.8624,0.923893,4
2021-08-19 14:48:00,1.564544,174.1482,120.7736,19.84053,13.16139,22.67136,0.7872335999999999,254.2953,200.181,25.81563,30.11187,29.9966,31.51757,238.942,0.921865,4
2021-08-19 14:49:00,1.505236,166.7528,120.7431,19.79788,13.16144,22.706,0.7617070999999999,251.4351,191.5147,25.73031,29.38242,29.22412,30.80378,229.2206,0.9174013,4
2021-08-19 14:50:00,1.46937,162.3891,120.7079,19.7756,13.16053,22.74139,0.7550974,249.3269,188.2631,25.6087,28.69257,28.46999,30.06234,223.28,0.9144701,4
2021-08-19 14:51:00,1.420121,156.0637,120.75,19.66982,13.15782,22.77942,0.7284313,247.5436,180.2895,25.46804,28.03011,27.78406,29.36113,215.721,0.9097212,4
2021-08-19 14:52:00,1.388048,152.8435,120.8547,19.70708,13.15599,22.80258,0.7019927,253.5265,177.9529,25.39379,27.56695,27.27563,28.80673,210.6205,0.908896,4
2021-08-19 14:53:00,1.357958,149.1148,120.7955,19.73437,13.15786,22.84287,0.6750983999999999,258.8314,174.7281,25.32421,27.09841,26.82731,28.37481,207.2015,0.9084302,4
2021-08-19 14:54:00,1.330027,145.7473,120.7694,19.66483,13.15603,22.88259,0.6591441,257.2645,169.5602,25.23829,26.83457,26.45325,28.01828,202.1009,0.905174,4
2021-08-19 14:55:00,1.351439,149.2526,120.81,19.56419,13.15652,22.90858,0.6798849999999999,258.3586,175.6586,25.12006,26.37753,25.98226,27.55006,205.2797,0.9069772,4
2021-08-19 14:56:00,1.423098,158.8763,120.8376,19.41232,13.15606,22.95113,0.7104263,261.6577,185.866,24.9883,25.94111,25.5913,27.09212,216.3809,0.9138231,4
2021-08-19 14:57:00,1.507447,169.5605,120.899,19.28085,13.15608,22.98841,0.7343581,266.7689,195.8638,24.82246,25.70099,25.27494,26.75831,230.9032,0.9200773,4
2021-08-19 14:58:00,1.778007,200.715,121.0271,19.21416,13.15609,23.01024,0.8754406999999998,264.1649,231.2232,24.66381,25.58645,25.19253,26.60645,266.5462,0.9323945,4
2021-08-19 14:59:00,2.288445,267.1289,121.3146,19.30288,13.1561,23.04639,1.141651,262.9228,300.741,24.59693,25.79565,25.30939,26.84458,327.8099,0.9420285,4
2021-08-19 15:00:00,3.26247,386.7105,121.864,19.26118,13.15611,23.07651,1.571737,269.9656,425.3223,24.52337,26.25791,25.70984,27.34135,464.5009,0.950373,4
2021-08-19 15:01:00,5.02389,605.7729,122.791,19.26936,13.15612,23.11191,2.418004,271.7491,657.3481,24.59993,28.00738,27.4203,29.21001,742.1427999999999,0.9723392,4
2021-08-19 15:02:00,5.350026,640.2291,122.9622,19.32415,13.15612,23.13299,2.585069,270.1081,698.2587,24.82333,29.68278,29.14323,31.27388,817.3314,0.9665765,4
2021-08-19 15:03:00,5.198385,617.2881,122.7617,19.40616,13.15613,23.17762,2.549058,264.0055,672.9792,25.08995,31.00564,30.42285,32.6802,773.4118999999998,0.9661626,4
2021-08-19 15:04:00,5.014038,594.5222,122.6429,19.37691,13.15613,23.23993,2.471566,261.8916,647.2768,25.28219,31.58858,31.079,33.40331,742.6953999999998,0.9654638,4
2021-08-19 15:05:00,4.897313,580.2762,122.5385,19.48108,13.15476,23.30715,2.476808,256.1423,634.3887,25.47717,32.32143,31.70918,34.22482,720.2618,0.9650639,4
2021-08-19 15:06:00,4.806539,568.9642,122.4438,19.36682,13.15385,23.36626,2.485925,249.8062,620.9955,25.50658,32.22888,31.60775,34.4192,705.7403,0.964593,4
2021-08-19 15:07:00,4.717984,558.3174,122.3693,19.33637,13.1511,23.42821,2.44376,249.1851,608.938,25.48333,32.31878,31.58818,34.7742,691.7589,0.9641549,4
2021-08-19 15:08:00,4.664823,552.0626,122.3111,19.35962,13.15065,23.48864,2.436694,247.5726,603.2294,25.4798,32.32808,31.46762,34.8802,684.9747,0.9636889,4
2021-08-19 15:09:00,4.641987,549.1771,122.2865,19.47243,13.15065,23.54512,2.408204,248.7977,599.1255,25.52028,32.52255,31.61783,35.02861,680.1118,0.9637333,4
2021-08-19 15:10:00,4.609219,544.8345,122.2866,19.58139,13.15065,23.60217,2.385412,249.641,595.4846,25.58678,32.79834,31.90421,35.39168,674.2327,0.9637576,4
2021-08-19 15:11:00,4.511252,532.7209,122.2968,19.57354,13.14882,23.65055,2.367635,245.2706,580.7103,25.54324,32.59292,31.9736,35.20896,663.1923,0.963005,4
2021-08-19 15:12:00,4.481287,531.3882,122.2972,19.86897,13.14791,23.70346,2.328205,249.4643,580.7932,25.62332,33.42848,32.58075,35.82278,658.3873,0.963543,4
2021-08-19 15:13:00,4.532223,536.7685,122.3552,20.02015,13.14562,23.74619,2.295384,254.5925,584.3764,25.7282,33.59904,32.93107,36.08164,664.1457,0.9638376,4
2021-08-19 15:14:00,4.518404,534.588,122.2702,19.72803,13.14562,23.807,2.299487,254.4786,585.1494,25.6839,33.30434,,35.98402,661.6151,0.963759,4
2021-08-19 15:15:00,4.500412,532.3443,122.2462,19.88299,13.14562,23.85407,2.279658,255.3846,582.1673,25.7287,33.87626,33.11105,36.32454,659.4514,0.963645,4
2021-08-19 15:16:00,4.485312,530.6449,122.2613,20.03042,13.14516,23.91526,2.305641,251.7094,580.3062,25.80403,34.32655,33.50471,36.86012,657.4606,0.9635933,4
2021-08-19 15:17:00,4.469728,528.7901,122.2491,19.87301,13.14516,23.96666,2.296524,252.0683,578.8166,25.8436,34.29078,33.50793,36.75558,655.7184,0.9635673,4
2021-08-19 15:18:00,4.462578,527.8198,122.2056,19.63804,13.14517,24.02352,2.258233,255.5156,576.9901,25.88313,34.47614,33.56372,37.05247,654.512,0.9637159,4
2021-08-19 15:19:00,4.453524,526.7283,122.1939,19.11718,13.14471,24.08433,2.246837,255.6524,574.3572,25.79725,34.23649,33.38689,36.78057,653.2513,0.9637074,4
2021-08-19 15:20:00,4.442765,524.8314,122.1348,19.39613,13.14472,24.14796,2.275327,251.7378,572.7622,25.83684,34.42004,33.64883,37.12123,650.0123,0.9632307,4
2021-08-19 15:21:00,4.429577,523.4232,122.1403,19.48402,13.14472,24.20181,2.262336,253.7435,573.9625,25.81041,34.83368,33.72316,37.44703,649.1722,0.9634788,4
2021-08-19 15:22:00,4.397972,519.9797,122.1523,19.65592,13.14437,24.26902,2.211282,257.0655,568.3962,25.89038,35.06992,34.11205,37.706,647.3647,0.9636679,4
2021-08-19 15:23:00,4.418791,522.4572,122.0939,19.68468,13.14347,24.32927,2.244786,255.037,572.4764,25.91619,35.17097,34.15612,37.83786,648.2641,0.963537,4
2021-08-19 15:24:00,4.169796,492.4713,122.0022,19.60875,13.14087,24.39535,2.110541,254.2792,536.7497,25.88202,35.41864,34.17302,37.9191,615.1964,0.9622569,4
2021-08-19 15:25:00,3.9981,469.6789,121.7216,19.89238,13.13944,24.45654,1.999316,259.0598,518.2018,25.89785,35.37176,34.13881,37.93789,584.7745,0.9621983,4
2021-08-19 15:26:00,4.373518,517.7885,121.9839,19.66516,13.13826,24.52996,2.204444,256.7065,565.8371,25.88141,35.48713,34.1926,37.90782,643.4501,0.9637945,4
2021-08-19 15:27:00,4.281591,504.8937,121.9515,19.72499,13.1382,24.60094,2.211738,249.2934,551.2769,25.96793,36.05873,34.75965,38.46453,626.2892,0.9629726,4
2021-08-19 15:28:00,4.383802,517.1155,121.9209,20.01777,13.13525,24.67192,2.304045,245.1054,564.6912,25.96276,36.4207,35.29376,38.84138,644.2277,0.9629679,4
2021-08-19 15:29:00,4.293961,505.1805,121.7827,20.26238,13.13381,24.7493,2.234986,246.0911,550.0324,26.04817,36.93554,35.71524,39.39897,630.7264,0.96257,4
2021-08-19 15:30:00,3.041386,355.181,121.1949,20.19135,13.13276,24.82348,1.592706,242.9743,387.0327,26.00795,35.85761,35.0444,38.5286,461.7629,0.9536276,4
2021-08-19 15:31:00,2.643071,307.3056,120.7649,19.79127,13.13271,24.91404,1.406268,240.1538,337.6399,25.90326,34.88478,33.89889,37.37939,393.062,0.9548849,4
2021-08-19 15:32:00,1.940966,223.156,120.5407,19.81541,13.1326,24.99104,1.06302,237.4073,252.2571,25.83433,34.01554,32.95712,36.45773,291.8408,0.9468936,4
2021-08-19 15:33:00,1.480689,165.467,120.2582,20.13675,13.1319,25.06804,0.7933902,239.0199,189.5983,25.77359,33.22863,32.11649,35.52983,223.3201,0.9310207,4
2021-08-19 15:34:00,1.090207,117.6506,120.0196,20.17599,13.13203,25.13978,0.579829,238.5812,138.3428,25.57271,31.78687,30.73312,34.03952,164.9396,0.900982,4
2021-08-19 15:35:00,1.013265,108.5572,119.9213,19.97064,13.13202,25.20492,0.5470085,240.1481,131.3558,25.42959,30.75618,29.55347,32.78848,150.7805,0.8910379,4
2021-08-19 15:36:00,1.03189,111.3343,120.0002,19.94211,13.13155,25.25876,0.5618233,239.0541,134.3004,25.31968,29.69982,28.66946,31.68043,152.7014,0.8933231999999999,4
2021-08-19 15:37:00,1.056583,114.6919,120.17,19.82375,13.13175,25.30451,0.5620511999999999,240.8717,135.3802,25.15368,28.88429,27.75529,30.71311,155.6411,0.8995166,4
2021-08-19 15:38:00,1.052458,113.8889,120.1236,19.8215,13.13156,25.35403,0.5661538,242.7578,137.4411,25.03458,28.32172,27.08081,30.01155,154.1409,0.8976726,4
2021-08-19 15:39:00,1.047288,112.8884,120.1392,19.81512,13.13132,25.37907,0.5631907999999999,241.2478,135.8637,24.9266,27.70694,26.52727,29.26105,153.1204,0.8961143,4
2021-08-19 15:40:00,1.022522,109.5786,120.1217,19.79298,13.13165,25.40768,0.5531623,236.7977,130.9841,24.82217,27.1952,26.07514,28.62037,150.5402,0.8915686,4
2021-08-19 15:41:00,0.9941077,105.858,120.0952,19.76548,13.13192,25.43216,0.5401708,237.4814,128.2745,24.74859,26.68276,25.60742,28.10538,145.9196,0.8863174999999999,4
2021-08-19 15:42:00,0.9637599,102.2572,120.1793,19.64102,13.13365,25.46153,0.5068945,242.923,123.1263,24.71831,26.43734,25.34431,27.68204,140.2794,0.8830236999999999,4
2021-08-19 15:43:00,0.923315,96.78358,120.1894,19.76998,13.13577,25.48845,0.4945867999999999,238.8831,118.142,24.72272,26.17215,25.18213,27.3758,134.5788,0.8733136999999999,4
2021-08-19 15:44:00,0.898787,93.75391,120.1197,19.82983,13.13571,25.4909,0.4717948,244.3019,115.2514,24.68471,25.85233,25.01253,27.04173,129.5986,0.8668006999999999,4
2021-08-19 15:45:00,0.9008312,90.91879,120.1182,19.88206,13.13601,25.4909,0.451282,250.7806,113.1746,24.66068,25.72297,24.91447,26.78909,125.8184,0.8385008,4
2021-08-19 15:46:00,0.8862703,88.47414999999998,120.0975,19.97684,13.13598,25.50672,0.4382905999999999,251.4985,110.192,24.71836,25.6758,24.94539,26.61289,122.9984,0.8313182,4
2021-08-19 15:47:00,0.8649984,85.80419,120.1212,20.04736,13.13768,25.52253,0.4202848,256.1481,107.6426,24.80076,25.61217,24.94066,26.55142,120.2984,0.8242915,4
2021-08-19 15:48:00,0.8570436999999999,84.30293,120.1467,20.061,13.13721,25.52498,0.417094,250.866,104.6323,24.8663,25.46053,24.8615,26.34401,117.3585,0.8188828,4
2021-08-19 15:49:00,0.8389552999999998,82.0451,120.078,20.02053,13.13801,25.54456,0.4113958999999999,249.0427,102.4474,24.94279,25.35406,24.78367,26.17487,114.4182,0.8139444,4
2021-08-19 15:50:00,0.8221946,79.34498999999998,120.0335,19.98752,13.13663,25.5519,0.4132193,244.3532,100.9676,24.96317,25.16061,24.57764,25.90236,111.4183,0.80452,4
2021-08-19 15:51:00,0.8034331,76.79456,120.0806,19.9248,13.13973,25.5519,0.3949857,248.735,98.24528,24.93025,25.01939,24.48841,25.66482,108.118,0.7956758999999999,4
2021-08-19 15:52:00,0.7846051,73.99786,120.187,19.94437,13.14017,25.5519,0.3854131,247.0313,95.20502,24.92683,24.92751,24.4445,25.42649,104.638,0.7848005,4
2021-08-19 15:53:00,0.7631219999999999,71.0256,120.1789,20.02045,13.1414,25.54945,0.3653561,251.1566,91.72751,24.95391,24.7509,24.31993,25.19794,101.4577,0.7761873999999999,4
2021-08-19 15:54:00,0.7365818,67.56838,120.1301,20.01763,13.14007,25.52253,0.3437037,255.7435,87.88863999999998,24.93038,24.48652,24.15147,24.88785,97.97775,0.764121,4
2021-08-19 15:55:00,0.7128269999999999,63.85699,120.0437,19.97211,13.14125,25.51199,0.3311681,255.4871,84.61266,24.9205,24.42447,24.03716,24.6077,93.59782000000001,0.7474154,4
2021-08-19 15:56:00,0.6912529,59.80677,119.9812,20.00936,13.14166,25.4909,0.3225070999999999,247.8176,79.92291,24.92613,24.28318,23.96448,24.39372,87.83798,0.7225749,4
2021-08-19 15:57:00,0.6557867,52.904,120.0121,20.07629,13.14151,25.4909,0.2949286999999999,249.1282,73.45229999999998,24.94533,24.20146,23.90951,24.24129,80.27825,0.6757342,4
2021-08-19 15:58:00,0.6188017,46.1389,119.907,20.11709,13.141,25.47621,0.2559544,251.1738,64.28874,24.96078,24.00672,23.76345,24.02665,72.11840999999998,0.6260533,4
2021-08-19 15:59:00,0.5875768999999998,40.28712,119.8538,20.0606,13.14136,25.44195,0.2290598,251.3162,57.5699,24.93194,23.83416,23.57703,23.79635,64.79852,0.5751331,4
2021-08-19 16:00:00,0.5678528,35.90068,119.7833,20.08641,13.14132,25.41503,0.2160682999999999,250.9686,54.22705,24.93037,23.72604,23.48536,23.61397,59.21848,0.5299817,4
2021-08-19 16:01:00,0.5568022,33.61943,119.8552,20.06106,13.14077,25.38434,0.1987463999999999,250.9287,49.8705,24.9072,23.6045,23.36584,23.436,55.43823,0.5053387999999999,4
2021-08-19 16:02:00,0.5543151,32.39939,120.0188,20.11098,13.14119,25.36871,0.1921366999999999,251.1168,48.2493,24.90049,23.42658,23.2484,23.29381,53.27814,0.4881229,4
2021-08-19 16:03:00,0.553652,31.96271,120.0164,20.21013,13.14113,25.3369,0.1919087999999999,251.2079,48.20916,24.90158,23.34519,23.15804,23.18006,52.43796,0.4808842999999999,4
2021-08-19 16:04:00,0.5533729,32.05415,120.0034,20.27397,13.14109,25.30978,0.1884899999999999,251.0484,47.32047,24.93273,23.29043,23.11632,23.13628,52.55791,0.4827466999999999,4
2021-08-19 16:05:00,0.5585448,32.54024,120.0644,20.24824,13.14105,25.26366,0.1864387,250.9515,46.78541,24.91194,23.11883,22.96463,23.05344,52.73785,0.483765,4
2021-08-19 16:06:00,0.5617762,33.06468,120.1145,20.25632,13.14102,25.24408,0.1935042999999999,251.3105,48.6297,24.85394,23.00899,22.821,22.95804,53.51786,0.4906061999999999,4
2021-08-19 16:07:00,0.5589097,33.50437,120.3495,20.20567,13.14099,25.20981,0.202849,251.4586,51.00928,24.73664,22.78586,22.65911,22.81204,54.29786,0.4984338999999999,4
2021-08-19 16:08:00,0.5570857999999999,33.54364,120.4042,20.11996,13.14125,25.18044,0.199886,251.1282,50.19682,24.55076,22.62392,22.48748,22.67905,54.59784,0.4997601999999999,4
2021-08-19 16:09:00,0.5550277,33.24421,120.369,20.06624,13.14138,25.13432,0.1932763,251.168,48.5455,24.34941,22.44515,22.29556,22.54785,54.11784,0.4983537,4
2021-08-19 16:10:00,0.5545836,32.96642,120.3752,20.09996,13.1413,25.10966,0.1894017,251.0769,47.55644,24.20523,22.34388,22.18252,22.46314,53.51782,0.4934766999999999,4
2021-08-19 16:11:00,0.5540924,32.70304,120.3197,20.11474,13.14171,25.0656,0.191453,251.3276,48.11816,24.07729,22.2127,22.08028,22.37129,53.15782,0.4901319,4
2021-08-19 16:12:00,0.5545837,32.95965,120.466,20.06953,13.14438,25.00046,0.1962393,251.1054,49.27554,23.96126,22.13637,22.02463,22.32324,53.27774,0.4926973,4
2021-08-19 16:13:00,0.5572298,34.18597,120.5108,20.129,13.14481,24.96054,0.1980627,251.3333,49.78202,23.96319,22.19903,22.05075,22.35209,54.41767,0.5089677999999999,4
2021-08-19 16:14:00,0.5665925,36.68039,120.445,20.15969,13.14658,24.91159,0.2153846,251.1965,54.10111,23.98078,22.10494,21.93939,22.24907,57.23764,0.5364383,4
2021-08-19 16:15:00,0.5825597999999998,41.00735,120.5461,20.17031,13.14656,24.87243,0.2324786,251.1566,58.38808,24.01368,21.87927,21.7378,22.02347,61.25749,0.5806368,4
2021-08-19 16:16:00,0.6188995,47.72139,120.5378,20.08835,13.14691,24.84306,0.2659829,251.3105,66.84516,24.00898,21.66196,21.55495,21.73306,67.31748,0.6337321999999999,4
2021-08-19 16:17:00,0.6549844999999999,55.56459,120.5869,20.04557,13.1474,24.79656,0.3031339,248.1025,75.17868,24.02973,21.56889,21.47705,21.64484,75.17721,0.6964769,4
2021-08-19 16:18:00,0.6956999999999999,63.93608,120.6146,20.13158,13.14817,24.75495,0.3550997,240.8604,85.52232999999998,24.08694,21.61937,21.54756,21.67115,83.99696,0.7558405999999999,4
2021-08-19 16:19:00,0.7870211,79.48811999999998,120.5374,20.18113,13.14817,24.71635,0.4287178999999999,234.7578,100.6187,24.14652,21.74138,21.65026,21.79383,102.4763,0.8230133,4
2021-08-19 16:20:00,1.023165,107.3815,120.6414,20.19628,13.14806,24.67682,0.5563531999999999,237.5555,132.3002,24.2086,21.93141,21.82928,22.03007,130.1352,0.8709301999999999,4
2021-08-19 16:21:00,1.74887,200.2899,121.0081,20.19765,13.14809,24.645,0.9768659,233.8005,227.8124,24.27907,22.48076,22.41459,22.67024,238.2512,0.9319522,4
2021-08-19 16:22:00,1.809463,205.2019,121.3059,20.28032,13.14704,24.62786,1.049345,223.4643,234.4964,24.34709,23.12903,23.08154,23.4861,271.9696,0.9388685,4
2021-08-19 16:23:00,2.177775,249.9891,121.4743,20.47535,13.14793,24.62786,1.284786,220.0911,282.3958,24.45623,23.6662,23.57681,24.00433,329.9875,0.9488044,4
2021-08-19 16:24:00,2.180653,249.8212,121.4532,20.58464,13.14734,24.62786,1.318518,213.7322,281.817,24.57976,24.11221,24.02771,24.46376,324.8282,0.9525051,4
2021-08-19 16:25:00,2.469399,287.3415,121.5619,20.65022,13.14639,24.63766,1.483988,215.3105,319.7377,24.70276,24.59432,24.54423,24.97157,372.3468,0.9554038,4
2021-08-19 16:26:00,2.541594,296.4467,121.5395,20.71231,13.14492,24.67437,1.520228,215.6866,327.8298,24.83481,25.04325,25.03913,25.44891,385.4873,0.9548199,4
2021-08-19 16:27:00,2.625703,306.667,121.567,20.79085,13.14274,24.73443,1.548034,218.9002,338.877,24.9744,25.41643,25.4726,25.95936,395.5071,0.9565973,4
2021-08-19 16:28:00,2.648876,310.5493,121.5272,20.76507,13.14159,24.81124,1.527521,224.7122,343.6014,25.09369,25.60413,25.67809,26.17219,389.6275,0.9569237,4
2021-08-19 16:29:00,2.965679,349.5542,121.5317,20.75359,13.14168,24.91649,1.650142,233.6011,385.4886,25.24684,25.90086,25.94261,26.50068,427.9665,0.9602646,4
2021-08-19 16:30:00,3.129651,368.1599,121.639,20.62298,13.14186,25.01608,1.658119,245.339,406.8011,25.33678,26.00367,25.96536,26.73934,434.9868,0.9601243,4
2021-08-19 16:31:00,3.215705,377.1349,121.6611,20.48089,13.14104,25.1249,1.663362,249.7834,415.4867,25.44072,26.37209,26.20525,26.98974,442.2466,0.957417,4
2021-08-19 16:32:00,3.254518,381.4234,121.8462,20.43133,13.1375,25.24182,1.667008,251.6296,419.4612,25.56234,26.52694,26.28768,27.20988,446.3864,0.9573686,4
2021-08-19 16:33:00,3.211866,375.1194,121.8396,20.38519,13.13645,25.36438,1.641937,251.1225,412.3288,25.68825,26.78239,26.54599,27.42473,442.127,0.95696,4
2021-08-19 16:34:00,3.106055,363.3614,121.7478,20.33933,13.1354,25.4941,1.593162,251.1738,400.1346,25.80351,27.00392,26.70068,27.61391,430.6679,0.9562196,4
2021-08-19 16:35:00,2.990341,348.5491,121.6561,20.18383,13.13206,25.63323,1.497664,257.168,385.1367,25.87208,26.85928,26.59695,27.69655,414.5292,0.9558921,4
2021-08-19 16:36:00,2.875637,333.1841,121.5769,20.10451,13.1306,25.77877,1.42131,259.4301,368.7273,25.97238,26.94641,26.68209,27.6956,400.3102,0.9548037,4
2021-08-19 16:37:00,2.707257,312.554,121.4791,20.0296,13.13078,25.92825,1.330598,260.4672,346.5525,26.04794,26.70222,26.17102,27.5057,380.0307,0.9526072,4
2021-08-19 16:38:00,2.54844,293.2262,121.4586,19.89659,13.13087,26.08075,1.245356,261.9544,326.2055,26.11148,26.2674,25.56456,27.04228,361.5512,0.9498579,4
2021-08-19 16:39:00,2.413942,277.0651,121.308,19.85314,13.1298,26.24154,1.189971,261.0712,310.6708,26.11016,26.14161,25.55299,26.66325,347.3313,0.9479404,4
2021-08-19 16:40:00,2.22023,255.2268,121.2291,19.84755,13.12835,26.40044,1.095157,262.2165,287.0838,26.09332,26.62044,26.02625,26.93059,332.8715,0.9439638,4
2021-08-19 16:41:00,2.12446,242.7,121.0651,19.89904,13.12593,26.552,1.034074,266.0626,275.0891,26.11505,26.8819,26.33456,27.18913,312.4747,0.9430622,4
2021-08-19 16:42:00,1.972152,224.5862,121.0573,19.89892,13.12542,26.70167,0.9898574,259.2763,256.5128,26.09389,26.96865,26.50756,27.30176,293.9957,0.9362066,4
2021-08-19 16:43:00,1.798432,203.7683,120.9316,19.7823,13.12521,26.83629,0.8836465,261.7834,231.4418,25.99542,26.49802,26.21225,26.97758,270.3556,0.9271893,4
2021-08-19 16:44:00,1.837031,209.0868,120.9602,19.76816,13.12526,26.96393,0.9059828,260.5982,236.1635,25.92763,26.39954,26.05488,26.90925,280.4354,0.9327882,4
2021-08-19 16:45:00,0.7620413,70.94764,120.3968,19.80434,13.12416,27.07539,0.3380057,261.7435,88.37734,25.88397,26.0201,25.56218,26.46527,118.0781,0.7477352,4
2021-08-19 16:46:00,0.6032937,44.51614,120.196,19.90595,13.12414,27.16726,0.2404558,262.3703,63.089,25.76185,25.48037,24.95064,25.81863,79.61870999999998,0.6174195,4
2021-08-19 16:47:00,0.6160227999999999,48.40634,120.3006,19.73767,13.12489,27.23843,0.2643873999999999,262.7464,69.47309,25.55033,24.74763,24.31525,25.16594,81.17939,0.6460383,4
2021-08-19 16:48:00,1.436039,160.0932,120.7073,19.66691,13.12489,27.27796,0.6942449,264.3874,183.7776,25.37971,24.67487,24.26714,25.1371,210.3584,0.903929,4
2021-08-19 16:49:00,0.6311339999999999,51.0337,120.2981,19.63717,13.12568,27.30432,0.2580056,263.9828,68.1105,25.28628,24.48452,24.10204,25.0155,90.59864,0.6710932,4
2021-08-19 16:50:00,0.5967535,44.04177,120.256,19.70257,13.12842,27.3096,0.2395441,263.7378,63.17581,25.19085,24.12181,23.72874,24.59006,78.11880999999998,0.6163473,4
2021-08-19 16:51:00,0.5747402,38.82184,120.1881,19.69874,13.12924,27.29642,0.2160682999999999,263.9544,57.03245,25.03652,23.82909,23.41586,24.26257,71.39872,0.5651621,4
2021-08-19 16:52:00,0.557408,33.71988,120.2793,19.70383,13.13015,27.27533,0.1866655999999999,263.7192,49.22821,24.93786,23.52598,23.15034,23.96798,64.07882,0.5046424999999999,4
2021-08-19 16:53:00,0.556707,31.47276,120.3224,19.68777,13.13008,27.22789,0.1830137,263.8599,48.28988,24.82916,23.27318,22.89185,23.72435,60.77873,0.4693030999999999,4
2021-08-19 16:54:00,0.5590815,31.57726,120.3617,19.75491,13.13006,27.19099,0.177772,263.6723,46.87024,24.78521,23.1644,22.75129,23.55653,60.1787,0.4687591999999999,4
2021-08-19 16:55:00,0.5540572,32.2323,120.3584,19.75528,13.1323,27.133,0.1887128,264.0953,49.84026,24.68507,22.91107,22.56046,23.31304,60.77855,0.4835278,4
2021-08-19 16:56:00,0.5494826,33.04456,120.3507,19.74355,13.13503,27.07765,0.1820995,263.8391,48.04673,24.57929,22.71669,22.39212,23.14085,61.79825,0.5002765,4
2021-08-19 16:57:00,0.5494276999999999,33.43043,120.4374,19.75823,13.13545,27.01138,0.1905241,263.8907,50.28055,24.50432,22.63789,22.31256,23.03323,62.33768,0.5055121,4
2021-08-19 16:58:00,0.5536417,34.18233,120.4434,19.81951,13.1359,26.95075,0.1898391,263.7863,50.07497,24.45849,22.60914,22.28379,22.97351,63.23752,0.5118414,4
2021-08-19 16:59:00,0.5632799,35.79593,120.4259,19.83009,13.14091,26.87996,0.2044227,263.8921,53.94603,24.44572,22.54052,22.23375,22.89117,64.91721,0.5268863999999999,4
2021-08-19 17:00:00,0.5748142,38.19569,120.4562,19.8778,13.14089,26.81332,0.2023675,263.5337,53.3302,24.43994,22.5513,22.23907,22.85858,67.97686,0.5509465,4
2021-08-19 17:01:00,0.5818936,41.19459,120.4328,19.90954,13.14087,26.74045,0.2322151,263.9367,61.29121,24.45056,22.54899,22.24225,22.82592,72.05636,0.5864896,4
2021-08-19 17:02:00,0.5963551999999999,45.17851,120.7169,19.92446,13.14086,26.67061,0.2436131,263.8781,64.28342,24.4703,22.52469,22.25173,22.8099,77.09604,0.6254638,4
2021-08-19 17:03:00,0.6107466999999999,48.33737,120.7502,19.92478,13.14085,26.59323,0.2570625,263.8536,67.82633,24.47287,22.55208,22.29981,22.81386,80.99576999999998,0.6532141999999999,4
2021-08-19 17:04:00,0.6151695,49.33253,120.7379,19.91151,13.14083,26.52583,0.2520424,263.8697,66.50669,24.46556,22.55644,22.32969,22.82098,82.4958,0.6638100999999998,4
2021-08-19 17:05:00,0.6124357999999999,48.70668,120.7542,19.83901,13.14082,26.44882,0.2597858,263.9674,68.5752,24.4452,22.55391,22.31819,22.80674,81.89588999999998,0.6585425,4
2021-08-19 17:06:00,0.6095751999999999,47.86683,120.7707,19.82627,13.14127,26.37257,0.2515761,263.9214,66.39653,24.44199,22.57954,22.35622,22.83374,81.35613999999998,0.6499374,4
2021-08-19 17:07:00,0.6038409,46.58782,120.8753,19.81239,13.14218,26.30536,0.2520289,263.7531,66.47374,24.44791,22.58888,22.37384,22.82587,80.1563,0.6387850999999999,4
2021-08-19 17:08:00,0.5976989,44.77321,120.9056,19.8146,13.14355,26.22629,0.239959,263.744,63.28647,24.44612,22.58502,22.34723,22.8165,78.53632,0.6201647999999998,4
2021-08-19 17:09:00,0.5991442,44.91993,120.8607,19.84115,13.144,26.15267,0.2381381999999999,264.0372,62.87899,24.43883,22.58873,22.36473,22.80918,79.19627,0.620078,4
2021-08-19 17:10:00,0.5876284,42.01827,120.8958,19.87003,13.14353,26.08301,0.2335868,264.0443,61.67859,24.46445,22.57944,22.35683,22.77854,75.71635,0.5917755999999998,4
2021-08-19 17:11:00,0.5825249,40.67235,120.8743,19.87898,13.14582,26.01185,0.2301697,263.8064,60.71835,24.46446,22.51057,22.3093,22.71175,74.51638,0.5781387,4
2021-08-19 17:12:00,0.5744959,38.46941,120.9432,19.88945,13.14581,25.94576,0.2158111,263.7305,56.9167,24.42492,22.4495,22.25786,22.65691,71.39666,0.5540431999999998,4
2021-08-19 17:13:00,0.5744438,37.87616,120.9426,19.92305,13.14627,25.8729,0.2087463,263.9808,55.10509,24.40744,22.40644,22.20099,22.61869,70.55673,0.5449387,4
2021-08-19 17:14:00,0.5730684,37.21285,120.9248,19.95407,13.14626,25.8119,0.2073840999999999,263.9476,54.73781,24.40941,22.37948,22.14436,22.56142,69.95789,0.5374678,4
2021-08-19 17:15:00,0.5703386999999999,36.14989,120.9568,19.99429,13.14626,25.74074,0.1975851,263.5779,52.08026,24.41218,22.33882,22.123,22.53663,68.63803,0.5249696,4
2021-08-19 17:16:00,0.5587457,33.33593,120.9019,20.04234,13.14626,25.67842,0.1902966,263.6406,50.17033,24.45531,22.28269,22.05992,22.48605,65.21805,0.4942704,4
2021-08-19 17:17:00,0.5620781,29.68098,120.9558,20.07683,13.14671,25.61535,0.1697858999999999,263.943,44.81458,24.46278,22.21918,22.01225,22.36397,60.41819,0.4359524,4
2021-08-19 17:18:00,0.5586077,25.00942,120.99,20.08926,13.14671,25.56,0.1479098,265.9756,39.28386,24.45949,22.12969,21.92825,22.25727,55.85822,0.3709235,4
2021-08-19 17:19:00,0.5515951,22.97594,120.9132,20.12291,13.14671,25.49881,0.1460859999999999,261.1489,37.911,24.4881,22.0488,21.83767,22.16054,52.31832,0.3430602999999999,4
2021-08-19 17:20:00,0.5425894,27.48733,120.9711,20.20282,13.14625,25.4444,0.1791291,227.7344,40.73411,24.52286,21.97561,21.78033,22.05908,49.97827,0.4198409,4
2021-08-19 17:21:00,0.5377049,27.25163,120.9496,20.23864,13.14625,25.38679,0.1891572,219.7472,41.56594,24.54201,21.89964,21.70985,21.9776,49.49829,0.4198142,4
2021-08-19 17:22:00,0.5346265,28.87366,121.0019,20.2704,13.14625,25.3369,0.1985041999999999,219.7562,43.62155,24.56476,21.85625,21.67404,21.9218,51.83825,0.446498,4
2021-08-19 17:23:00,0.5981735,44.95934,121.0533,20.28659,13.1467,25.27156,0.2880717999999999,220.1729,63.45563,24.57138,21.87946,21.71176,21.93535,75.65752,0.6025502,4
2021-08-19 17:24:00,0.6110746999999999,49.02961,121.1165,20.30239,13.1467,25.19757,0.2880745,223.3261,64.35126,24.58443,22.03606,21.88635,22.09883,88.43725999999998,0.6388793999999999,4
2021-08-19 17:25:00,0.5917037,44.06322,121.1268,20.34522,13.14624,25.13733,0.2689312999999999,224.0449,60.25336,24.63252,22.06227,21.92636,22.13745,74.57769,0.6174,4
2021-08-19 17:26:00,0.5783610999999999,41.82847,121.0823,20.39904,13.14624,25.09497,0.2536634999999999,224.5879,56.96868,24.68752,22.12296,21.99396,22.20227,69.71785,0.5958596999999999,4
2021-08-19 17:27:00,0.5892258,44.31781,121.1823,20.41276,13.14776,25.05336,0.2657436,224.8395,59.75927,24.73233,22.21765,22.10386,22.30867,75.77769,0.6146759,4
2021-08-19 17:28:00,0.5596978999999999,38.6014,121.1706,20.43903,13.14668,24.99311,0.2466006,224.7324,55.41762,24.75094,22.20327,22.10395,22.31291,64.61811,0.5690157,4
2021-08-19 17:29:00,0.5721834,40.72952,120.4317,20.43847,13.14683,24.97033,0.2538946999999999,224.5281,57.00684,24.80979,22.25079,22.14321,22.37351,66.71811,0.5900666,4
2021-08-19 17:30:00,0.5861920999999999,43.79706,120.3949,20.41003,13.14704,24.93851,0.2705332999999999,224.6771,60.78018,24.83078,22.32025,22.22993,22.45466,71.15807,0.618588,4
2021-08-19 17:31:00,0.5961444,46.09044,120.4466,20.41937,13.14696,24.88222,0.2830694,224.6721,63.59859,24.83346,22.36567,22.28295,22.51386,75.17811,0.6406134,4
2021-08-19 17:32:00,0.5988181,46.56044,120.5215,20.49324,13.14734,24.83327,0.2864888999999999,224.6329,64.3518,24.85789,22.44192,22.36127,22.59077,76.85821,0.6438002999999999,4
2021-08-19 17:33:00,0.5825865,41.91997,120.4904,20.55162,13.14726,24.79656,0.2652936,224.7645,59.62465,24.87879,22.48499,22.41331,22.629,70.55853,0.6011100999999999,4
2021-08-19 17:34:00,0.5698973,39.48947,120.4304,20.53751,13.14721,24.75495,0.2427304,224.7707,54.55711,24.88451,22.48592,22.41493,22.6196,66.35873,0.5768752,4
2021-08-19 17:35:00,0.5825396999999999,44.67807,120.5817,20.49665,13.14698,24.72916,0.2787418999999999,224.5547,62.5999,24.87793,22.53776,22.45024,22.65559,75.41822999999998,0.6253381,4
2021-08-19 17:36:00,0.6422742999999999,56.38298,120.6265,20.45857,13.14801,24.69151,0.3313909999999999,223.8029,74.1639,24.88007,22.70178,22.61772,22.78857,101.5174,0.7224205999999999,4
2021-08-19 17:37:00,0.6367332,54.67785,120.6727,20.49202,13.14743,24.65969,0.3238705,222.4758,72.05244,24.9093,22.82899,22.75736,22.91163,101.5172,0.7133376,4
2021-08-19 17:38:00,0.5984076,46.18961,120.764,20.54201,13.14738,24.645,0.2885436,222.2366,64.12739,24.9536,22.83975,22.74607,22.93616,83.63764999999998,0.6386973,4
2021-08-19 17:39:00,0.6009525,46.48504,120.7021,20.50767,13.14727,24.63276,0.2910512,222.0889,64.64153,24.98659,22.85239,22.75115,22.95499,84.71741,0.6445517,4
2021-08-19 17:40:00,0.5699325,38.91016,120.6417,20.45477,13.14632,24.62786,0.2470631,222.2201,54.89851,24.99404,22.77175,22.67808,22.90122,65.87793,0.5669583999999999,4
2021-08-19 17:41:00,0.5691155,38.98522,120.5902,20.37258,13.14623,24.62786,0.2470634999999999,222.0153,54.85295,24.98512,22.68909,22.59678,22.83442,65.45776,0.5683032,4
2021-08-19 17:42:00,0.5663789999999999,38.37019,120.6703,20.30362,13.14667,24.62786,0.2472916,222.0781,54.91917,24.98032,22.63329,22.5513,22.80618,64.85775,0.5619817,4
2021-08-19 17:43:00,0.5568305,36.92945,120.7017,20.25539,13.14654,24.61807,0.2477476999999999,222.0556,55.01524,24.94243,22.56557,22.48426,22.74745,63.77797,0.5514921,4
2021-08-19 17:44:00,0.5472955,35.32199,120.6772,20.18826,13.14703,24.5985,0.2320213,222.0727,51.52411,24.89201,22.46873,22.38189,22.66511,63.23801,0.5370281999999998,4
2021-08-19 17:45:00,0.5406986,32.4623,120.726,20.14503,13.14731,24.57892,0.2176627999999999,222.0844,48.338,24.86356,22.37578,22.26478,22.55912,57.8382,0.4985926,4
2021-08-19 17:46:00,0.5390757999999999,32.05227,120.6907,20.08637,13.14731,24.56912,0.2213094999999999,221.9419,49.11575,24.83457,22.31493,22.14253,22.4852,56.57824,0.4934864999999999,4
2021-08-19 17:47:00,0.5404400999999999,32.48603,120.7555,20.11178,13.1471,24.56178,0.2153837999999999,222.2042,47.85931,24.79979,22.2807,22.10002,22.45786,57.05832,0.497252,4
2021-08-19 17:48:00,0.5397806,32.44632,120.8215,20.18498,13.14712,24.53486,0.2206259,222.0447,48.99051,24.7763,22.25643,22.06677,22.40603,57.53831,0.4988495,4
2021-08-19 17:49:00,0.5395541,31.99058,120.6843,20.20027,13.14737,24.51039,0.2115093,221.948,46.94472,24.76555,22.18232,21.99748,22.35745,56.15848,0.49169,4
2021-08-19 17:50:00,0.5389414,32.18094,120.7313,20.28109,13.14733,24.51039,0.2174352,222.0563,48.28205,24.76486,22.17267,22.00921,22.31816,56.21851,0.4948795,4
2021-08-19 17:51:00,0.5408992,32.74541,120.7511,20.29551,13.14714,24.4908,0.2235891999999999,222.159,49.67174,24.74803,22.10889,21.94264,22.25301,57.41866,0.5016125,4
2021-08-19 17:52:00,0.5419939999999999,32.80539,120.8185,20.30285,13.14721,24.46633,0.2194866,222.2843,48.7891,24.72906,22.04772,21.89526,22.16428,57.59872,0.5012857,4
2021-08-19 17:53:00,0.5392504999999999,31.55737,120.8196,20.34851,13.1474,24.44675,0.2117375,221.726,46.94643,24.73282,21.988,21.8576,22.08113,55.73894,0.4858029999999999,4
2021-08-19 17:54:00,0.534448,29.54377,120.7902,20.34151,13.14747,24.42472,0.2028485999999999,221.8172,44.99214,24.72178,21.89819,21.75947,21.98926,52.79901,0.4569863,4
2021-08-19 17:55:00,0.5452133,27.22157,120.3779,20.28002,13.14807,24.3978,0.1873500999999999,221.7034,41.54272,24.70792,21.78059,21.63218,21.88066,48.6591,0.4139745,4
2021-08-19 17:56:00,0.5292073999999999,24.37537,120.2909,20.25279,13.14767,24.3929,0.1766378999999999,222.2276,39.25426,24.68999,21.67145,21.52369,21.7605,44.8792,0.3844928,4
2021-08-19 17:57:00,0.5410047,22.05604,120.2853,20.15463,13.1487,24.37088,0.1577205999999999,222.1934,35.04406,24.65151,21.50224,21.36134,21.58649,41.2793,0.3384742,4
2021-08-19 17:58:00,0.5484926,19.84786,120.3766,20.05886,13.14875,24.33661,0.1517947,221.9997,33.69783,24.57128,21.33665,21.19916,21.41677,38.09933,0.3009838,4
2021-08-19 17:59:00,0.5402464999999999,18.64358,120.3371,19.99784,13.14929,24.31948,0.139487,222.2106,30.99768,24.49994,21.19171,21.05833,21.27531,36.23935,0.287351,4
2021-08-19 18:00:00,0.5376359,17.89519,120.3278,20.01231,13.1498,24.28277,0.1381195,221.9086,30.65041,24.43029,21.07109,20.93146,21.13399,34.85933,0.2768347999999999,4
2021-08-19 18:01:00,0.5318903,16.57904,120.2818,20.01245,13.15123,24.26639,0.1299144,222.2163,28.86897,24.38303,20.96746,20.83056,21.03313,33.17931,0.2591776,4
2021-08-19 18:02:00,0.5306783,15.05994,120.4449,19.99118,13.15266,24.22873,0.1244444,222.0568,27.63422,24.2987,20.83828,20.7138,20.9019,31.13941,0.2353976,4
2021-08-19 18:03:00,0.5313988,14.97354,120.5314,19.94267,13.15269,24.19447,0.1226209999999999,222.1537,27.23917,24.19576,20.70972,20.59558,20.78372,30.59946,0.2335006,4
2021-08-19 18:04:00,0.5320008,16.97569,120.5822,19.95186,13.15365,24.1602,0.1367520999999999,222.1081,30.37448,24.13128,20.63358,20.51734,20.69377,32.81942,0.2636614999999999,4
2021-08-19 18:05:00,0.5458876999999999,20.34278,120.6246,20.00678,13.15368,24.12349,0.1504273,222.0797,33.40714,24.11929,20.57924,20.4699,20.63666,36.77935,0.307269,4
2021-08-19 18:06:00,0.5385146,23.71436,120.6063,20.00113,13.15371,24.08678,0.1636467,222.1253,36.34992,24.09769,20.54435,20.44816,20.60247,41.21922,0.3673608999999999,4
2021-08-19 18:07:00,0.5312221999999999,26.39758,120.568,19.95708,13.15419,24.04517,0.1777777,225.527,40.12223,24.06707,20.55019,20.45815,20.59655,44.75912,0.4106452999999999,4
2021-08-19 18:08:00,0.5576687,24.76616,120.6306,19.89327,13.15468,24.0045,0.1481481,255.5042,37.63973,24.04564,20.57172,20.49007,20.62222,45.89909,0.3669260999999999,4
2021-08-19 18:09:00,0.5475398,20.57559,120.6131,19.88967,13.15607,23.96421,0.1344729,262.1025,35.07791,24.02459,20.61213,20.53257,20.66125,43.79912,0.3102054,4
2021-08-19 18:10:00,0.5520756,23.86789,120.6141,19.88493,13.15655,23.92505,0.1666097,228.9914,38.16128,23.993,20.61897,20.54909,20.67155,41.09924,0.3581983,4
2021-08-19 18:11:00,0.5473689999999999,21.24527,120.5839,19.86628,13.15839,23.881,0.1499715,220.6381,33.08667,23.94757,20.61196,20.54692,20.66384,38.27931,0.3212309999999999,4
2021-08-19 18:12:00,0.5473795999999999,19.0136,120.5833,19.92577,13.15888,23.84466,0.1394872,221.0826,30.83817,23.94148,20.60851,20.55039,20.65832,35.21945,0.2882758,4
2021-08-19 18:13:00,0.5366648,17.24766,120.6335,19.9875,13.15934,23.80493,0.1321937,220.7635,29.18608,23.91825,20.57889,20.52907,20.63631,32.6395,0.266782,4
2021-08-19 18:14:00,0.5294763999999998,16.3341,120.6209,19.96628,13.15936,23.76822,0.1328775,221.0199,29.36868,23.88018,20.53619,20.49052,20.59294,31.6195,0.2557345999999999,4
2021-08-19 18:15:00,0.5247340999999999,15.83904,120.6698,19.92905,13.15936,23.72228,0.1267235999999999,220.6381,27.96053,23.82669,20.49065,20.44566,20.54462,30.59951,0.2503036,4
2021-08-19 18:16:00,0.5236013,15.12455,120.5674,19.88897,13.15938,23.69216,0.1294587,220.5812,28.55656,23.79795,20.45483,20.4133,20.50812,29.57994,0.2392351,4
2021-08-19 18:17:00,0.5282504,14.22233,120.6132,19.84465,13.15942,23.653,0.1148718,220.7407,25.35672,23.74092,20.40854,20.37116,20.4556,28.61994,0.2228919,4
2021-08-19 18:18:00,0.5284684,12.792,120.688,19.7982,13.1603,23.61422,0.1150997,220.5983,25.39227,23.69457,20.34552,20.3116,20.38982,26.9399,0.200549,4
2021-08-19 18:19:00,0.5192841,10.86513,120.671,19.74388,13.16074,23.57694,0.1007407,220.5242,22.2218,23.65662,20.2706,20.23598,20.30798,24.53996,0.1737769,4
2021-08-19 18:20:00,0.5199949,9.468294,120.6673,19.71163,13.16343,23.53533,0.09230768,220.5583,20.35551,23.61914,20.18226,20.14833,20.21896,22.20022,0.1509283999999999,4
2021-08-19 18:21:00,0.5220415,8.627574,120.6292,19.69457,13.16479,23.49071,0.0916239199999999,220.5356,20.20774,23.5649,20.0951,20.06532,20.12834,20.9402,0.1368021,4
2021-08-19 18:22:00,0.5278397999999999,7.799429,120.6715,19.70057,13.16474,23.45927,0.0847863199999999,220.6495,18.70724,23.52727,20.01776,19.99282,20.05377,19.74017,0.1224537,4
2021-08-19 18:23:00,0.5290633999999999,6.79855,120.7294,19.69579,13.16518,23.41239,0.0756695,220.0114,16.64734,23.4921,19.9282,19.90395,19.96838,18.12021,0.1064933,4
2021-08-19 18:24:00,0.5266496,5.654697,120.702,19.57948,13.16515,23.36363,0.0781766299999999,212.2279,16.59695,23.40895,19.82418,19.80408,19.86091,16.5003,0.0890705599999999,4
2021-08-19 18:25:00,0.5270536,4.323082,120.692,19.511,13.16528,23.32616,0.0731623799999999,202.0,14.77228,23.36048,19.72682,19.71296,19.76425,14.70024,0.0680362999999999,4
2021-08-19 18:26:00,0.5275058999999999,3.129723,120.665,19.45522,13.16555,23.27778,0.07270654,192.0455,13.95738,23.31141,19.61497,19.59903,19.64478,12.84016,0.04917595,4
2021-08-19 18:27:00,0.5280573,2.086743,120.7188,19.49185,13.16569,23.23579,0.06153845,183.3618,11.29535,23.25773,19.52284,19.5062,19.5485,11.46012,0.03273012,4
2021-08-19 18:28:00,0.5300713999999999,1.159923,120.7447,19.54508,13.16588,23.18948,0.0603988499999999,176.0,10.63218,23.22105,19.41941,19.39929,19.452,10.56009,0.01813975,4
2021-08-19 18:29:00,0.5323103,0.3707167,120.7238,19.5918,13.16601,23.13544,0.0533333299999999,169.8233,9.062106,23.17253,19.31638,19.2921,19.35661,9.300084,0.005785102,4
2021-08-19 18:30:00,0.5361639,-0.1621916999999999,120.723,19.62362,13.16659,23.09779,0.05857549,164.4729,9.633348,23.14589,19.22222,19.20765,19.27009,8.28008,-0.002493841,4
2021-08-19 18:31:00,0.5387535,-0.5986398,120.7087,19.64996,13.16717,23.0415,0.0537891699999999,160.2564,8.625247,23.07583,19.13981,19.11691,19.18422,7.440064999999999,-0.0092047799999999,4
2021-08-19 18:32:00,0.5416233999999999,-0.9272656,120.6922,19.65118,13.17047,23.00045,0.0528774899999999,156.8148,8.291556,23.00175,19.06443,19.04014,19.11926,6.780056,-0.01420151,4
2021-08-19 18:33:00,0.4099433,0.3776604,120.7701,19.63231,13.1715,22.95338,0.04467236,191.8689,8.081464999999998,22.95881,18.98635,18.94886,19.03979,6.480096,0.02983183,4
2021-08-19 18:34:00,0.400766,0.8687863,120.6737,19.60908,13.17155,22.89709,0.03783475,188.3134,7.087763,22.89632,18.90525,18.86567,18.96773,5.940108,0.0428230699999999,4
2021-08-19 18:35:00,0.4590318999999999,0.80813,120.7015,19.6276,13.1721,22.84965,0.0439886,191.7663,8.018971,22.83028,18.85743,18.81785,18.922,5.280118,0.03574407,4
2021-08-19 18:36:00,0.2845632,1.618254,120.6921,19.66777,13.17306,22.79806,0.04102563,207.3219,8.340413,22.75734,18.8075,18.78042,18.8936,5.040125,0.07347509,4
2021-08-19 18:37:00,0.3862151999999999,1.107616,120.766,19.59992,13.17635,22.75551,0.04376068,188.2735,8.258704,22.6645,18.74948,18.81191,18.846,4.380121,0.04600718,4
2021-08-19 18:38:00,0.4031374999999999,0.9844001,120.8406,19.37736,13.17592,22.70148,0.03806267,194.3931,7.237917999999999,22.54706,18.66586,18.65335,18.77559,4.320124,0.04768705,4
2021-08-19 18:39:00,0.4049329999999999,0.7559782,120.8186,19.25788,13.17782,22.65291,0.04102563,188.5925,7.69728,22.4523,18.60362,18.59807,18.71268,4.200171,0.0450074,4
2021-08-19 18:40:00,0.3561892999999999,1.440457,120.8215,19.18651,13.17783,22.59661,0.03897436,187.7435,7.252162,22.35875,18.54268,18.54963,18.65452,3.600155,0.06202785,4
2021-08-19 18:41:00,0.3213349999999999,1.178563,120.8213,19.08161,13.1779,22.54935,0.04102563,191.2706,7.897165,22.26045,18.48458,18.49917,18.60478,3.600166,0.06025114,4
2021-08-19 18:42:00,0.3676537999999999,1.482515,120.8416,18.99887,13.17928,22.49287,0.0382905899999999,183.037,6.911131,22.14462,18.45751,18.45959,18.57354,3.600167,0.06548824,4
2021-08-19 18:43:00,0.3440686,1.358133,120.5757,18.89048,13.18254,22.44035,0.02917379,195.3618,5.598717,22.0534,18.39798,18.40424,18.52655,3.060203,0.0681316,4
2021-08-19 18:44:00,0.2994267999999999,1.310088,120.1003,18.76548,13.18346,22.38217,0.03396011,171.527,5.850029,21.97655,18.33447,18.34837,18.46235,2.220147,0.0672036,4
2021-08-19 18:45:00,0.2569151,1.735991,120.1002,18.74133,13.18396,22.3304,0.03145299,182.2849,5.687204,21.8861,18.30875,18.3692,18.42274,1.260103,0.0953236999999999,4
2021-08-19 18:46:00,0.1838784,2.456906,120.0798,18.67904,13.18534,22.2741,0.0280341799999999,149.2991,4.18756,21.78973,18.24647,18.25551,18.35561,0.8400695,0.1115928,4
2021-08-19 18:47:00,0.1818821999999999,2.599539,120.0546,18.53942,13.18812,22.22139,0.0328205099999999,141.9487,4.633192,21.66795,18.20812,18.21438,18.30406,0.7200676999999999,0.118512,4
2021-08-19 18:48:00,0.1818315,2.636287,120.1394,18.53323,13.18858,22.16528,0.03122507,77.69799,2.426037,21.55931,18.16128,18.16684,18.26487,0.6600624,0.1196074,4
2021-08-19 18:49:00,0.1815211999999999,2.653945,120.1189,18.58235,13.18906,22.11069,0.03099715,36.06837,1.11758,21.48598,18.12703,18.11172,18.23897,0.0,0.1203311,4
2021-08-19 18:50:00,0.1813656999999999,2.652752,120.1395,18.6398,13.18907,22.05458,0.03168091,33.54985,1.061508,21.44086,18.07879,18.07601,18.19561,-0.1200136,0.1201900999999999,4
2021-08-19 18:51:00,0.1814358,2.652465,120.1406,18.639,13.18909,21.99829,0.02575498,31.35612,0.8118165,21.39278,18.02686,18.02756,18.14717,-0.6600745,0.1206871,4
2021-08-19 18:52:00,0.1815902,2.668715,120.1656,18.6072,13.18909,21.94388,0.0350997099999999,29.50997,1.031804,21.32861,17.96774,17.98235,18.09989,-0.7200834,0.1219268,4
2021-08-19 18:53:00,0.1817852,2.687125,120.2433,18.60176,13.1891,21.89003,0.0264387399999999,27.21367,0.7178276999999998,21.25255,17.90838,17.92995,18.06003,-0.7800949,0.1220255,4
2021-08-19 18:54:00,0.1816266,2.690075,120.2086,18.62182,13.1914,21.83769,0.02917379,24.849,0.7243574999999999,21.18633,17.85914,17.86749,18.04001,-1.260156,0.1226964,4
2021-08-19 18:55:00,0.181483,2.694717,120.2422,18.74155,13.1937,21.78573,0.01960114,23.4017,0.4615286,21.1267,17.83672,17.84437,18.02247,-1.440184,0.1226774999999999,4
2021-08-19 18:56:00,0.1812319,2.681006,120.2256,18.88034,13.19462,21.72699,0.0282620999999999,21.54985,0.6135688,21.0762,17.81661,17.84793,18.02115,-1.860242,0.1225535,4
2021-08-19 18:57:00,0.1813606,2.694163,120.2255,19.04009,13.19463,21.67728,0.02735042,19.19088,0.5282293,21.04788,17.77848,17.82371,18.03449,-2.160285,0.1232126,4
2021-08-19 18:58:00,0.1813501999999999,2.701415,120.2436,19.04735,13.19509,21.62758,0.0200569799999999,16.64957,0.3382569,21.03889,17.72204,17.74779,18.01426,-2.160293,0.1227261,4
2021-08-19 18:59:00,0.1810275,2.691596,120.0341,19.02267,13.19464,21.5711,0.03076923,13.84615,0.4216795999999999,21.02312,17.64416,17.68175,17.96704,-2.700375,0.1234311,4
2021-08-19 19:00:00,0.1790659,2.63784,118.728,19.04972,13.19693,21.52366,0.02051282,12.10826,0.2475719,21.00673,17.57961,17.6172,17.94079,-2.880419,0.1237671999999999,4
2021-08-19 19:01:00,0.1789746999999999,2.652715,118.7214,19.05058,13.19648,21.47169,0.0248432999999999,10.8376,0.2703405999999999,20.97891,17.52235,17.56064,17.86757,-3.180477,0.1240456999999999,4
2021-08-19 19:02:00,0.1792069,2.690151,118.9198,19.01728,13.19832,21.43102,0.02051282,10.51852,0.2150942999999999,20.96722,17.47629,17.52364,17.79372,-3.600572,0.1254683,4
2021-08-19 19:03:00,0.1789602999999999,2.662746,118.7895,18.99059,13.19923,21.38019,0.0184615399999999,10.23362,0.1889126999999999,20.93776,17.473,17.50434,17.73825,-3.600588,0.1246731,4
2021-08-19 19:04:00,0.1788462,2.680845,118.7506,18.93268,13.1997,21.33162,0.02210826,10.37037,0.2279356999999999,20.88776,17.43865,17.44909,17.72132,-3.600622,0.1255502,4
2021-08-19 19:05:00,0.178907,2.687465,118.7129,18.79082,13.1997,21.2774,0.0200569799999999,10.39886,0.2099982,20.83764,17.40906,17.39931,17.66808,-3.600639,0.1257487999999999,4
2021-08-19 19:06:00,0.17907,2.679959,118.7287,18.75131,13.20016,21.23447,0.0214244999999999,10.35897,0.221967,20.78917,17.3932,17.4141,17.63203,-3.600677,0.1253544,4
2021-08-19 19:07:00,0.1790052,2.686054,118.7358,18.70647,13.20016,21.18703,0.02438746,9.903132,0.2387512,20.74238,17.35588,17.38513,17.57731,-3.660701,0.1252491,4
2021-08-19 19:08:00,0.1789694,2.693782,118.7779,18.66693,13.20062,21.13732,0.0225641,9.766379,0.219115,20.68985,17.3433,17.37464,17.54386,-3.60073,0.1264574,4
2021-08-19 19:09:00,0.1788105999999999,2.675987,118.7245,18.5056,13.20154,21.07632,0.0237037,9.806266,0.2317694999999999,20.6191,17.26021,17.30688,17.4608,-3.600738,0.1253469,4
2021-08-19 19:10:00,0.178896,2.705068,118.7449,18.33445,13.20337,21.01533,0.02666754,9.880651,0.2635319999999999,20.53729,17.20849,17.2468,17.39726,-3.60078,0.1263269999999999,4
2021-08-19 19:11:00,0.1787035999999999,2.705536,118.6585,18.22218,13.20475,20.97466,0.02165316,9.333652,0.2046824999999999,20.48551,17.14729,17.19537,17.3354,-3.720809,0.1265487999999999,4
2021-08-19 19:12:00,0.1787113999999999,2.688123,118.6693,18.08594,13.20567,20.92496,0.0223367899999999,8.142673,0.1831721,20.43088,17.03983,17.09767,17.23286,-3.600825,0.1261817,4
2021-08-19 19:13:00,0.1789258,2.697584,118.7527,18.03419,13.20613,20.87977,0.02302061,6.974564,0.1622261999999999,20.38634,16.97546,17.03262,17.16782,-3.720852,0.1262561,4
2021-08-19 19:14:00,0.1788907999999999,2.698786,118.812,18.123,13.20796,20.83233,0.0207419,6.216873,0.1281016,20.34577,16.96041,17.00642,17.13187,-4.080977,0.126732,4
2021-08-19 19:15:00,0.1788536,2.704205,118.7639,18.17157,13.20842,20.78036,0.01618332,5.840837,0.0940158999999999,20.31454,16.88578,16.92831,17.05308,-4.201008,0.1266547,4
2021-08-19 19:16:00,0.1786301999999999,2.726436,118.7302,18.2028,13.21025,20.73744,0.0168680099999999,5.043306,0.08375335,20.28753,16.85533,16.88809,17.0052,-4.081014,0.1275433,4
2021-08-19 19:17:00,0.1786966,2.714534,118.7024,18.20672,13.2098,20.68773,0.01777984,4.889452,0.08609197,20.2447,16.79964,16.85054,16.96417,-4.201049,0.1273215,4
2021-08-19 19:18:00,0.1787357,2.714823,118.7337,18.22942,13.21117,20.65046,0.0250743499999999,4.359519,0.1097875,20.22331,16.75017,16.81014,16.91611,-4.261094,0.1273678,4
2021-08-19 19:19:00,0.1786648,2.715479,118.7534,18.24987,13.21117,20.60188,0.01869184,4.125881,0.0774269,20.20239,16.67537,16.7235,16.87341,-3.60093,0.1269993,4
2021-08-19 19:20:00,0.1787013,2.707103,118.7043,18.2912,13.21117,20.5567,0.0132211399999999,3.977741,0.05209666,20.19248,16.63672,16.68833,16.85639,-3.841013,0.1265668,4
2021-08-19 19:21:00,0.1786083,2.711155,118.7416,18.29841,13.21117,20.51377,0.0166404599999999,3.858077,0.0633830799999999,20.1696,16.64428,16.67009,16.82073,-3.841021,0.1275602999999999,4
2021-08-19 19:22:00,0.1784980999999999,2.722151,118.7216,18.30261,13.21117,20.46859,0.02211139,3.806806,0.08441281,20.13961,16.64461,16.66763,16.79387,-3.721004,0.1282083,4
2021-08-19 19:23:00,0.1787123999999999,2.741853,118.8061,18.32012,13.21117,20.43376,0.0123094799999999,3.749827,0.0455505699999999,20.09852,16.65207,16.69253,16.80551,-3.600978,0.1281404999999999,4
2021-08-19 19:24:00,0.1790609,2.717907,118.8758,18.26696,13.21117,20.38499,0.01914812,3.430705,0.06495889,20.05665,16.62736,16.66712,16.7829,-3.60099,0.1270494,4
2021-08-19 19:25:00,0.1789444,2.728095,118.8157,18.22721,13.21117,20.34885,0.01116976,3.538991,0.03764729,20.03296,16.5757,16.61756,16.7717,-3.600997,0.1274171,4
2021-08-19 19:26:00,0.1788359999999999,2.72929,118.8096,18.21531,13.21163,20.31044,0.02051594,3.476312,0.0739855499999999,20.01324,16.57758,16.61176,16.77566,-3.601007,0.1278494,4
2021-08-19 19:27:00,0.1787879,2.734748,118.7404,18.17715,13.21117,20.27109,0.0134495699999999,3.482076,0.04617628,19.99326,16.56227,16.5825,16.77571,-3.601013,0.1282376,4
2021-08-19 19:28:00,0.1790226,2.735802,118.8449,18.12391,13.21347,20.23136,0.0257598799999999,3.550533,0.09089097,19.97568,16.53333,16.55705,16.75376,-3.60102,0.1280781,4
2021-08-19 19:29:00,0.1789423,2.731165,118.8927,18.06153,13.21392,20.19296,0.0141339199999999,3.197245,0.0424688,19.95319,16.54834,16.56927,16.77504,-3.601027,0.1278246,4
2021-08-19 19:30:00,0.1787058,2.742414,118.8496,18.03718,13.21576,20.1506,0.0159579299999999,3.174489,0.0491121699999999,19.92328,16.57193,16.59914,16.80978,-3.601032,0.128479,4
2021-08-19 19:31:00,0.1789149999999999,2.725464,118.886,18.04148,13.21651,20.12292,0.0184659299999999,3.071953,0.0577205199999999,19.90597,16.61991,16.64154,16.83613,-3.601039,0.1271814,4
2021-08-19 19:32:00,0.1788319999999999,2.736123,118.86,18.03437,13.21712,20.08451,0.01687023,3.220161,0.05407279,19.88348,16.60696,16.65021,16.85317,-3.300955,0.1280908,4
2021-08-19 19:33:00,0.1790692999999999,2.751193,118.9343,17.99865,13.21706,20.04893,0.0189223199999999,3.20881,0.0631493199999999,19.86868,16.65415,16.68415,16.89198,-3.120908,0.1286231999999999,4
2021-08-19 19:34:00,0.1791282999999999,2.750124,118.9149,17.96579,13.21795,20.019,0.01915036,3.311416,0.0632433099999999,19.85953,16.67494,16.7133,16.91973,-2.88084,0.1284629999999999,4
2021-08-19 19:35:00,0.1791314,2.741148,118.8922,17.95676,13.21777,19.98059,0.0120831099999999,3.30006,0.0431767399999999,19.84399,16.71672,16.7488,16.93637,-2.520739,0.128659,4
2021-08-19 19:36:00,0.1791215999999999,2.741038,118.9197,17.95518,13.21741,19.94689,0.01641485,3.129081,0.05119187,19.83315,16.73584,16.76932,16.96943,-2.220652,0.1281992999999999,4
2021-08-19 19:37:00,0.1788728,2.735626,118.8818,17.93877,13.22049,19.91733,0.01595906,3.288703,0.0521442,19.82854,16.74509,16.77577,16.971,-2.160637,0.1284984,4
2021-08-19 19:38:00,0.1792904999999999,2.754853,118.9936,17.93655,13.21772,19.897,0.0221147299999999,3.197516,0.0701547299999999,19.83384,16.77971,16.79853,16.98818,-2.160638,0.1277604,4
2021-08-19 19:39:00,0.179381,2.750584,119.0699,17.90604,13.22031,19.86104,0.020291,3.351438,0.0664446399999999,19.81867,16.78394,16.81323,16.98963,-2.16064,0.1282117999999999,4
2021-08-19 19:40:00,0.1791359999999999,2.76841,119.0583,17.879,13.22218,19.82922,0.0191510899999999,3.072153,0.0590533899999999,19.79517,16.80562,16.8377,17.01478,-2.160641,0.1292203,4
2021-08-19 19:41:00,0.1791581999999999,2.758765,119.0602,17.89502,13.22106,19.81115,0.01345147,2.935383,0.03946831,19.79373,16.84578,16.86461,17.04309,-2.160644,0.127554,4
2021-08-19 19:42:00,0.1791648,2.766121,119.0465,17.87674,13.2229,19.78177,0.01892324,3.140577,0.0602393999999999,19.77406,16.85877,16.89712,17.06653,-2.160644,0.129287,4
2021-08-19 19:43:00,0.1791946,2.77966,119.1082,17.85951,13.22401,19.75692,0.01983534,2.963901,0.0596008899999999,19.75961,16.87772,16.92234,17.09174,-2.160645,0.1293532,4
2021-08-19 19:44:00,0.1791542999999999,2.759708,119.107,17.81566,13.22406,19.73207,0.01595948,3.0665,0.05147641,19.74031,16.91063,16.96083,17.12046,-2.160645,0.1288437,4
2021-08-19 19:45:00,0.1792478,2.770357,119.0608,17.80188,13.22454,19.70496,0.0177835,3.066513,0.05765221,19.72428,16.91979,16.97835,17.14493,-2.160647,0.1292151,4
2021-08-19 19:46:00,0.1794013999999999,2.772073,119.0781,17.81452,13.22415,19.69592,0.0157315599999999,2.998117,0.04721965,19.7305,16.92813,16.98529,17.16232,-2.160647,0.1285567,4
2021-08-19 19:47:00,0.1790905,2.770474,119.0496,17.8504,13.22496,19.66957,0.02006352,3.026627,0.06164485,19.72425,16.94483,16.99572,17.18042,-2.160648,0.1290245999999999,4
2021-08-19 19:48:00,0.1790192999999999,2.769414,119.0924,17.88979,13.22504,19.653,0.02097552,2.935432,0.06404656,19.71392,16.97906,17.01391,17.1979,-2.160649,0.1289518,4
2021-08-19 19:49:00,0.17906,2.775476,119.1111,17.844,13.2253,19.63041,0.02074757,2.88414,0.05977391,19.68371,16.99188,17.03789,17.20933,-2.16065,0.1295762,4
2021-08-19 19:50:00,0.178936,2.760481,119.0688,17.82288,13.22538,19.60103,0.01595968,2.96394,0.04798451,19.64255,17.00968,17.05709,17.23062,-2.100632,0.1289375,4
2021-08-19 19:51:00,0.179009,2.764498,119.1043,17.8368,13.22556,19.60103,0.0200636299999999,2.787249,0.0567176699999999,19.63631,17.06044,17.10644,17.2709,-2.160651,0.1292923,4
2021-08-19 19:52:00,0.1788134999999999,2.758964,119.0729,17.82674,13.22564,19.57844,0.01618771,2.730252,0.04597302,19.60471,17.08304,17.13392,17.2935,-2.100633,0.1291827,4
2021-08-19 19:53:00,0.179175,2.785808,119.1463,17.86031,13.22578,19.54907,0.01687173,2.639057,0.04372753,19.57465,17.09813,17.16365,17.31903,-1.920579,0.1293617,4
2021-08-19 19:54:00,0.1793893,2.775305,119.1713,17.90444,13.22585,19.53646,0.0193797,2.61626,0.05241384,19.56342,17.14341,17.20822,17.36149,-1.800543,0.1294192999999999,4
2021-08-19 19:55:00,0.1791766999999999,2.764044,119.1284,17.96351,13.22595,19.52196,0.01664376,2.77586,0.0437432599999999,19.55725,17.19654,17.25368,17.40414,-1.680507,0.1290649,4
2021-08-19 19:56:00,0.1793441,2.781144,119.2038,18.01803,13.22602,19.50163,0.01960773,2.724562,0.0547376399999999,19.54523,17.20815,17.25971,17.43038,-1.500453,0.1294065,4
2021-08-19 19:57:00,0.1793566,2.797193,119.1477,18.06374,13.22609,19.49485,0.0148197999999999,2.661865,0.03894019,19.5544,17.21945,17.2738,17.46048,-1.500453,0.1300881999999999,4
2021-08-19 19:58:00,0.1792782,2.746764,119.1846,18.06672,13.22615,19.48807,0.01732778,2.485169,0.04032816,19.56011,17.2593,17.30877,17.49613,-1.200363,0.1287783,4
2021-08-19 19:59:00,0.1793096,2.783215,119.1426,18.06593,13.2262,19.46774,0.01527581,2.644768,0.0429949199999999,19.54395,17.28833,17.3364,17.51958,-1.380417,0.1298313,4
2021-08-19 20:00:00,0.1790605,2.782653,119.1166,18.11917,13.22596,19.45946,0.0170997999999999,2.707468,0.04926409,19.54746,17.33773,17.37884,17.55365,-1.020308,0.1304280999999999,4
2021-08-19 20:01:00,0.1790842,2.772724,119.0873,18.19773,13.22584,19.44289,0.01550382,2.530771,0.0387532,19.53437,17.3733,17.41509,17.58781,-1.080327,0.1294310999999999,4
2021-08-19 20:02:00,0.1791152,2.773097,119.1125,18.27053,13.22595,19.44289,0.02120377,2.445273,0.0511199599999999,19.54407,17.3963,17.45132,17.62055,-0.8402541,0.1298357,4
2021-08-19 20:03:00,0.1793857,2.808271,119.2165,18.29906,13.226,19.44063,0.01117188,2.684671,0.03147044,19.55152,17.43722,17.47134,17.66354,-0.7202178999999999,0.1295804999999999,4
2021-08-19 20:04:00,0.1794534,2.79285,119.2378,18.26124,13.2261,19.42029,0.0207477899999999,2.621973,0.053662,19.52841,17.43433,17.47473,17.6676,-0.7202178999999999,0.1296983999999999,4
2021-08-19 20:05:00,0.1793007,2.785686,119.1788,18.21264,13.22613,19.41578,0.0177838199999999,2.502275,0.0454123099999999,19.52043,17.4535,17.48345,17.66727,-0.7202178999999999,0.1304433999999999,4
2021-08-19 20:06:00,0.1793749,2.788413,119.1856,18.18055,13.22621,19.40542,0.01801183,2.462376,0.0454903099999999,19.50314,17.46188,17.49183,17.6666,-0.7202178999999999,0.1297693,4
2021-08-19 20:07:00,0.1792697,2.804706,119.1642,18.12681,13.22623,19.39093,0.0214317899999999,2.764473,0.06007155,19.47478,17.45917,17.49886,17.66945,-0.7202178999999999,0.1302611999999999,4
2021-08-19 20:08:00,0.1795617999999999,2.798067,119.2742,18.05471,13.22631,19.39093,0.02462377,2.536476,0.0630034399999999,19.45189,17.47727,17.5114,17.6792,-0.720218,0.1300134,4
2021-08-19 20:09:00,0.1796795999999999,2.785301,119.3505,18.05051,13.22631,19.39093,0.02097581,2.616276,0.0556582399999999,19.44911,17.48702,17.51766,17.68686,-0.720218,0.1301393999999999,4
2021-08-19 20:10:00,0.1793593,2.787131,119.2654,18.06863,13.22638,19.39093,0.01299588,2.684675,0.0363361599999999,19.44703,17.50363,17.53218,17.68467,-0.7202180999999999,0.1293139,4
2021-08-19 20:11:00,0.1793988,2.788526,119.2505,18.13481,13.22638,19.38641,0.01801184,2.553577,0.04811033,19.44182,17.56594,17.58056,17.72608,-0.7202180999999999,0.1302189,4
2021-08-19 20:12:00,0.1793534,2.805594,119.1815,18.20786,13.22643,19.37059,0.0186958399999999,2.639077,0.04935794,19.42184,17.59394,17.60857,17.75129,-0.7202182,0.1309577,4
2021-08-19 20:13:00,0.1794559,2.788971,119.2736,18.20457,13.22643,19.36381,0.0075239349999999,2.582077,0.02301811,19.39634,17.61223,17.63729,17.76817,-0.7202182,0.1305418999999999,4
2021-08-19 20:14:00,0.1794329,2.784141,119.2837,18.18015,13.22647,19.36381,0.0113998999999999,2.536478,0.02958359,19.38385,17.60747,17.63462,17.77871,-0.7202182,0.1297549,4
2021-08-19 20:15:00,0.1793036,2.808331,119.2794,18.15775,13.22694,19.36381,0.01960783,2.553578,0.04971665,19.3783,17.61373,17.64157,17.78427,-0.7202182,0.1303265999999999,4
2021-08-19 20:16:00,0.1794048,2.807457,119.339,18.14497,13.22696,19.36155,0.01481988,2.599178,0.03928365,19.36771,17.60029,17.62327,17.76667,-0.7202182,0.1300669,4
2021-08-19 20:17:00,0.1792109,2.789446,119.2965,18.07698,13.22697,19.34122,0.01504787,2.34838,0.03681965,19.33281,17.54715,17.5764,17.71494,-0.8402545,0.1297401,4
2021-08-19 20:18:00,0.1794393,2.811882,119.3806,18.04232,13.22653,19.3367,0.01253989,2.41678,0.0295368199999999,19.29846,17.53632,17.56209,17.6902,-1.140345,0.1305003,4
2021-08-19 20:19:00,0.1792417,2.802366,119.3285,18.0577,13.22746,19.3367,0.01481988,2.479479,0.03686644,19.2707,17.51679,17.54604,17.66441,-1.20037,0.1298298,4
2021-08-19 20:20:00,0.1793389,2.811171,119.3436,18.07306,13.2293,19.3367,0.01915184,2.564979,0.05013774,19.24155,17.49234,17.51602,17.63022,-1.560494,0.1306282,4
2021-08-19 20:21:00,0.1790405999999999,2.812071,119.2852,18.16057,13.22885,19.3367,0.01527587,2.507979,0.037615,19.21934,17.47076,17.49095,17.60586,-1.800568,0.1306043,4
2021-08-19 20:22:00,0.179073,2.803159,119.2937,18.14399,13.23116,19.31806,0.01960784,2.302781,0.04681602,19.17571,17.40886,17.42976,17.55025,-2.100659,0.1304163999999999,4
2021-08-19 20:23:00,0.1792607,2.797681,119.3393,18.09009,13.2307,19.32013,0.0155038699999999,2.354081,0.0375526299999999,19.15349,17.34622,17.36921,17.49458,-2.160676,0.1314654,4
2021-08-19 20:24:00,0.1793739,2.813091,119.3721,18.00201,13.23117,19.31185,0.01595987,2.46238,0.04009461,19.11397,17.27665,17.29198,17.42364,-2.160673,0.1300789,4
2021-08-19 20:25:00,0.1794786999999999,2.819169,119.3227,18.02429,13.23164,19.30055,0.01481988,2.194482,0.0341997299999999,19.0756,17.23324,17.25206,17.37746,-2.160671,0.1303245,4
2021-08-19 20:26:00,0.179587,2.827266,119.333,18.01349,13.2321,19.287,0.01755586,2.183082,0.0396579599999999,19.04121,17.17642,17.19036,17.31647,-2.16067,0.130777,4
2021-08-19 20:27:00,0.1795481999999999,2.818425,119.2944,18.07284,13.2321,19.28474,0.009575923,2.228682,0.02212924,19.0216,17.14209,17.17205,17.28703,-2.160668,0.1303694,4
2021-08-19 20:28:00,0.1796118999999999,2.831549,119.3758,18.08334,13.23211,19.28474,0.0157318699999999,2.268582,0.03683527,19.00771,17.1149,17.15951,17.26821,-2.160666,0.1306403999999999,4
2021-08-19 20:29:00,0.1798044,2.829503,119.4431,18.06744,13.23257,19.26403,0.01709986,2.268582,0.0391121399999999,18.98698,17.04871,17.07102,17.20832,-2.160665,0.1299317,4
2021-08-19 20:30:00,0.1795407,2.814486,119.373,18.06256,13.23211,19.25989,0.01732786,2.183082,0.0383479799999999,18.97797,17.00478,17.03266,17.17276,-2.160664,0.1311442999999999,4
2021-08-19 20:31:00,0.1796384,2.830241,119.4668,18.00946,13.23258,19.23278,0.0157318699999999,2.359781,0.0353849399999999,18.93903,16.96705,16.98936,17.12669,-2.460755,0.1301129,4
2021-08-19 20:32:00,0.1795833,2.828619,119.4471,17.99125,13.23395,19.23278,0.01322389,2.188782,0.02917815,18.93,16.91893,16.9517,17.09531,-2.700828,0.1306223,4
2021-08-19 20:33:00,0.1795677,2.835826,119.5197,18.00628,13.23487,19.21207,0.01595987,2.046283,0.0320944099999999,18.9107,16.84461,16.86135,17.03356,-2.640808,0.1302669999999999,4
2021-08-19 20:34:00,0.1798852,2.821582,119.6312,18.02811,13.23671,19.19889,0.01732786,2.023484,0.03543172,18.9121,16.77004,16.7812,16.9597,-2.700826,0.1303926,4
2021-08-19 20:35:00,0.1798646,2.823542,119.5998,18.03939,13.23717,19.18081,0.0180118499999999,2.279982,0.0424182599999999,18.89956,16.69047,16.71628,16.89481,-2.940898,0.1308138,4
2021-08-19 20:36:00,0.1803415999999999,2.81896,119.6719,18.10084,13.23763,19.17855,0.01618787,1.926584,0.0278525799999999,18.9105,16.6861,16.69517,16.85907,-3.060934,0.1302406999999999,4
2021-08-19 20:37:00,0.1801846,2.827137,119.598,18.10756,13.23763,19.165,0.0120839,2.097583,0.02420336,18.90735,16.61877,16.63621,16.80501,-3.060933,0.1297746999999999,4
2021-08-19 20:38:00,0.1798828,2.840292,119.6121,18.09846,13.23763,19.14335,0.0182398499999999,2.069083,0.03931487,18.89402,16.57189,16.57957,16.74838,-3.180969,0.1303150999999999,4
2021-08-19 20:39:00,0.1800007999999999,2.843341,119.6511,18.05867,13.23717,19.12885,0.0157318699999999,2.228682,0.03533816,18.892,16.49228,16.50973,16.67719,-3.060932,0.1307117999999999,4
2021-08-19 20:40:00,0.1798701,2.803885,119.6266,17.9985,13.23763,19.11981,0.0155038799999999,2.399681,0.04099913,18.88643,16.45668,16.46575,16.63183,-3.060932,0.1308740999999999,4
2021-08-19 20:41:00,0.1799838,2.844543,119.6699,17.87674,13.23764,19.10174,0.0113999099999999,2.342681,0.02799294,18.87114,16.39666,16.39107,16.56624,-3.060931,0.1306725,4
2021-08-19 20:42:00,0.1798396999999999,2.833363,119.6433,17.79222,13.23764,19.0831,0.0157318699999999,2.257182,0.03618028,18.85457,16.33747,16.33537,16.51405,-2.640803,0.1315379999999999,4
2021-08-19 20:43:00,0.1797854,2.833057,119.6775,17.75527,13.23764,19.07689,0.01504788,2.120383,0.03097157,18.8574,16.30629,16.3021,16.47589,-2.640803,0.1308406,4
2021-08-19 20:44:00,0.1799605,2.847238,119.7121,17.75931,13.23764,19.07463,0.0168718599999999,2.074783,0.0360399299999999,18.85792,16.28237,16.27888,16.44919,-2.760839,0.1310511,4
2021-08-19 20:45:00,0.1800092,2.8371,119.6907,17.76449,13.23764,19.04978,0.0202918399999999,1.920884,0.04067163,18.84347,16.25105,16.23499,16.43045,-2.220675,0.13099,4
2021-08-19 20:46:00,0.1801097999999999,2.841536,119.7597,17.76197,13.23764,19.027,0.01436388,2.245782,0.0328741599999999,18.82693,16.2079,16.2058,16.41592,-2.460747,0.1309806,4
2021-08-19 20:47:00,0.1798853,2.812641,119.718,17.75569,13.23764,19.02493,0.009575923,2.262882,0.0233612399999999,18.83111,16.21698,16.19324,16.40685,-2.160656,0.1299663,4
2021-08-19 20:48:00,0.1797902999999999,2.8445,119.7774,17.69534,13.23764,19.00459,0.01367989,2.279982,0.03142383,18.81493,16.19578,16.15318,16.3738,-2.160656,0.1314255,4
2021-08-19 20:49:00,0.1799418,2.840206,119.8482,17.63051,13.23764,18.98332,0.01869585,2.017784,0.0373655,18.79156,16.17078,16.14285,16.34742,-2.160656,0.1308843,4
2021-08-19 20:50:00,0.1798164999999999,2.838204,119.7913,17.61103,13.23764,18.97297,0.01459188,2.165982,0.0315329899999999,18.78537,16.16039,16.13106,16.32726,-2.160665,0.1310591999999999,4
2021-08-19 20:51:00,0.1798848,2.849385,119.8025,17.60965,13.23764,18.97297,0.01983584,2.183082,0.0419036299999999,18.78815,16.18347,16.14646,16.34753,-2.160685,0.1313761,4
2021-08-19 20:52:00,0.1796044,2.814914,119.7198,17.58195,13.23764,18.94811,0.0139078899999999,2.365481,0.0334355699999999,18.7619,16.19835,16.12992,16.34077,-2.160682,0.1302020999999999,4
2021-08-19 20:53:00,0.1797507,2.850225,119.7891,17.58617,13.23764,18.9355,0.01527588,2.279982,0.0363674199999999,18.75207,16.16899,16.11941,16.3519,-2.160678,0.1317359999999999,4
2021-08-19 20:54:00,0.1797362,2.847523,119.7939,17.57304,13.2381,18.921,0.01709986,2.331281,0.0407807899999999,18.73757,16.14116,16.08669,16.31849,-2.160676,0.1315036,4
2021-08-19 20:55:00,0.1797851,2.851671,119.7687,17.54829,13.23764,18.89841,0.01367989,2.40538,0.0313926299999999,18.72261,16.08423,16.04721,16.256,-2.160674,0.1318362999999999,4
2021-08-19 20:56:00,0.1799077,2.847422,119.795,17.54097,13.23856,18.89182,0.0134518899999999,2.097583,0.0278057999999999,18.71671,16.05942,16.0259,16.2298,-2.160689,0.1313952999999999,4
2021-08-19 20:57:00,0.1797827999999999,2.832733,119.7645,17.5041,13.23856,18.86904,0.01459188,2.097583,0.02959921,18.69462,16.02323,15.99668,16.19362,-2.160699,0.1309411,4
2021-08-19 20:58:00,0.1796889,2.840615,119.796,17.50123,13.24085,18.86904,0.0113999099999999,2.120383,0.02507668,18.69669,16.014,15.99234,16.17952,-2.160713,0.1311813,4
2021-08-19 20:59:00,0.1799321999999999,2.862796,119.822,17.49704,13.23948,18.86,0.01618787,2.54218,0.0396891499999999,18.6939,15.98877,15.98457,16.15499,-2.280759,0.1320352999999999,4
2021-08-19 21:00:00,0.1803853,2.863077,119.8852,17.48454,13.23993,18.83985,0.0207478299999999,2.029184,0.04093675,18.67861,15.98455,15.99782,16.15706,-2.46083,0.1321199999999999,4
2021-08-19 21:01:00,0.1800819999999999,2.858854,119.9038,17.47849,13.24131,18.81914,0.01481988,2.137483,0.03332641,18.66762,15.99445,16.00493,16.18023,-2.400817,0.1311761999999999,4
2021-08-19 21:02:00,0.1798418,2.853304,119.8274,17.50455,13.24223,18.815,0.01459188,2.297081,0.0339814,18.66765,16.01002,16.03097,16.20346,-2.520869,0.1312811999999999,4
2021-08-19 21:03:00,0.1802131999999999,2.857094,119.9877,17.50204,13.24085,18.79429,0.01983584,2.154583,0.04109269,18.66292,16.01297,16.02904,16.22806,-2.220769,0.1310414,4
2021-08-19 21:04:00,0.1803715999999999,2.853431,120.0479,17.52527,13.24177,18.77415,0.0182398499999999,2.160283,0.03747467,18.65249,16.09534,16.0716,16.29155,-2.160757,0.1314119,4
2021-08-19 21:05:00,0.1802399,2.858496,119.9729,17.56877,13.24223,18.76511,0.01504788,2.257182,0.03253106,18.64832,16.13095,16.12815,16.3397,-2.160759,0.1317841999999999,4
2021-08-19 21:06:00,0.1803029999999999,2.850016,120.0644,17.56041,13.24268,18.76097,0.0127679,2.240082,0.0287103,18.64904,16.16378,16.14702,16.36974,-1.980678,0.1307703,4
2021-08-19 21:07:00,0.1805306999999999,2.86304,120.0416,17.55149,13.24314,18.74647,0.009575923,2.348381,0.0233612399999999,18.64427,16.18901,16.19041,16.37611,-1.860635,0.1316682,4
2021-08-19 21:08:00,0.1806613,2.866475,120.0944,17.58145,13.24314,18.738,0.01846785,2.279982,0.04174768,18.63787,16.20893,16.22499,16.41698,-1.980687,0.1305261,4
2021-08-19 21:09:00,0.1804648,2.860516,120.0896,17.59035,13.24314,18.71541,0.0139078899999999,2.348381,0.03237512,18.62847,16.21555,16.23092,16.4222,-2.040708,0.1316485,4
2021-08-19 21:10:00,0.1801803999999999,2.870503,120.0617,17.59439,13.24314,18.71315,0.01117191,2.325581,0.0252326299999999,18.62969,16.24123,16.25729,16.45344,-1.440484,0.1319197,4
2021-08-19 21:11:00,0.18046,2.861144,120.1095,17.59168,13.24268,18.70693,0.01915185,2.240082,0.0472527,18.62556,16.25107,16.27062,16.46398,-2.040685,0.1308067,4
2021-08-19 21:12:00,0.1804680999999999,2.890905,120.191,17.54782,13.24314,18.69037,0.0113999099999999,2.331281,0.0273223499999999,18.60621,16.266,16.27786,16.45865,-2.160708,0.1324582,4
2021-08-19 21:13:00,0.1807864,2.878174,120.3164,17.53033,13.24268,18.6883,0.01504788,2.336981,0.0343244899999999,18.59789,16.26183,16.28766,16.46634,-2.160711,0.1315265999999999,4
2021-08-19 21:14:00,0.1810134999999999,2.877442,120.4063,17.53438,13.24314,18.68604,0.01709986,2.086183,0.03839477,18.58868,16.2875,16.29588,16.47874,-2.160723,0.1313149999999999,4
2021-08-19 21:15:00,0.1808269999999999,2.876216,120.3513,17.5312,13.24314,18.66119,0.0109439099999999,2.240082,0.0284763799999999,18.5548,16.26602,16.29046,16.45728,-2.160726,0.1312135,4
2021-08-19 21:16:00,0.1807137,2.901641,120.3396,17.527,13.2436,18.66119,0.0129958999999999,2.017784,0.02711962,18.54993,16.24997,16.26882,16.46566,-2.160736,0.1322083,4
2021-08-19 21:17:00,0.1806427999999999,2.886981,120.3164,17.53468,13.24314,18.66119,0.0202918399999999,2.165982,0.04474191,18.54576,16.25549,16.28271,16.48652,-2.160739,0.1325060999999999,4
2021-08-19 21:18:00,0.1807317,2.872617,120.3397,17.5255,13.2436,18.66119,0.01162791,2.336981,0.02833603,18.5395,16.27698,16.29932,16.49616,-2.160747,0.1317541999999999,4
2021-08-19 21:19:00,0.1808038999999999,2.893046,120.3997,17.51498,13.24314,18.66119,0.02165983,2.171683,0.0464417599999999,18.53116,16.27699,16.30072,16.48779,-2.160748,0.1314162,4
2021-08-19 21:20:00,0.1808752999999999,2.86484,120.3919,17.45961,13.24314,18.66119,0.01732786,2.205882,0.03795811,18.52421,16.2728,16.30143,16.48152,-2.160751,0.1305168999999999,4
2021-08-19 21:21:00,0.1809323999999999,2.870168,120.4252,17.37642,13.24314,18.64462,0.01504788,2.268582,0.03359152,18.49374,16.266,16.28205,16.46145,-2.160739,0.1317334,4
2021-08-19 21:22:00,0.1809174,2.864301,120.3997,17.3955,13.2436,18.63633,0.0168718599999999,2.200182,0.0385039299999999,18.47781,16.25914,16.28427,16.45598,-2.160723,0.1316143999999999,4
2021-08-19 21:23:00,0.1810768,2.900518,120.4759,17.43125,13.24314,18.63633,0.02097583,2.034884,0.0419660099999999,18.47433,16.28635,16.29752,16.46294,-2.160724,0.1318884999999999,4
2021-08-19 21:24:00,0.1808205,2.879818,120.5058,17.46985,13.2436,18.6273,0.0120839,2.143183,0.02507668,18.46043,16.31076,16.31704,16.47269,-2.160726,0.1313698,4
2021-08-19 21:25:00,0.1805776,2.883157,120.4918,17.49239,13.24314,18.60923,0.0155038799999999,2.291382,0.0356188699999999,18.44235,16.32332,16.34147,16.4992,-2.160729,0.1317026,4
2021-08-19 21:26:00,0.1805084,2.883368,120.479,17.51062,13.2436,18.60923,0.01595987,2.285681,0.03904976,18.44235,16.34636,16.36032,16.51805,-2.100711,0.1316295,4
2021-08-19 21:27:00,0.1805476,2.87553,120.4518,17.52459,13.24314,18.60923,0.0129958999999999,2.55358,0.0355408899999999,18.4479,16.39793,16.39653,16.55077,-1.860633,0.1318088,4
2021-08-19 21:28:00,0.180567,2.895122,120.4873,17.55892,13.24406,18.60923,0.0139078899999999,2.302781,0.03382545,18.45694,16.4286,16.44884,16.58701,-1.800614,0.1314500999999999,4
2021-08-19 21:29:00,0.1809927,2.898345,120.572,17.482,13.24452,18.59473,0.0139078899999999,2.46808,0.03602434,18.4334,16.44125,16.46707,16.59896,-1.440492,0.1315566,4
2021-08-19 21:30:00,0.1807685,2.874451,120.5374,17.38959,13.24406,18.58437,0.01869585,2.331281,0.04290171,18.41052,16.48249,16.52506,16.64229,-1.320452,0.1317699,4
2021-08-19 21:31:00,0.181019,2.887646,120.621,17.29222,13.24314,18.58437,0.0155038799999999,2.314181,0.0361334999999999,18.39038,16.54269,16.59223,16.69896,-1.200401,0.1319128,4
2021-08-19 21:32:00,0.181173,2.899714,120.665,17.30838,13.24406,18.58437,0.01709986,2.148883,0.0351978,18.37231,16.62645,16.67598,16.77711,-1.140377,0.1323467,4
2021-08-19 21:33:00,0.1812225,2.886416,120.7305,17.3652,13.24452,18.5823,0.0139078899999999,2.40538,0.03416853,18.36745,16.67738,16.73597,16.84406,-0.9603212,0.1319732999999999,4
2021-08-19 21:34:00,0.1812164,2.900293,120.726,17.39066,13.2436,18.56573,0.01960784,2.40538,0.04680045,18.3488,16.71934,16.78002,16.8902,-0.8402815,0.1319136999999999,4
2021-08-19 21:35:00,0.181094,2.889433,120.6989,17.45522,13.2436,18.55952,0.0164158699999999,2.46238,0.0411082899999999,18.33285,16.78423,16.8449,16.9474,-0.7202441,0.1322647,4
2021-08-19 21:36:00,0.1813622,2.904478,120.7091,17.49518,13.24543,18.55952,0.01048792,2.319881,0.02512346,18.3259,16.83862,16.8979,17.00596,-0.7202444,0.1318412999999999,4
2021-08-19 21:37:00,0.181316,2.893481,120.7003,17.55048,13.24406,18.55952,0.0072959419999999,2.354081,0.0164058899999999,18.32588,16.88664,16.94451,17.05187,-0.7202473,0.1322948999999999,4
2021-08-19 21:38:00,0.1814013999999999,2.925003,120.8101,17.61566,13.2436,18.55952,0.01527588,2.268582,0.03388783,18.32657,16.90825,16.97031,17.08882,-0.7202473,0.1325416,4
2021-08-19 21:39:00,0.1814947,2.910007,120.8742,17.68925,13.24543,18.55952,0.01003192,2.302781,0.02150544,18.32866,16.9501,16.9989,17.13761,-0.7202498,0.13133,4
2021-08-19 21:40:00,0.181364,2.918699,120.887,17.73689,13.24452,18.55952,0.01367989,2.416781,0.0341685399999999,18.33562,16.96545,17.01425,17.16063,-0.72025,0.1313397,4
2021-08-19 21:41:00,0.1815663999999999,2.906111,120.9289,17.76777,13.24498,18.55952,0.01527588,2.291382,0.0352133999999999,18.33633,17.00807,17.04989,17.18301,-0.720252,0.1309342,4
2021-08-19 21:42:00,0.1814242,2.904283,120.8477,17.67736,13.24406,18.56159,0.0134518899999999,2.564979,0.0357124399999999,18.32449,17.02408,17.07288,17.19205,-0.7202521,0.1317675,4
2021-08-19 21:43:00,0.181614,2.909205,120.8933,17.61501,13.24543,18.55952,0.01504788,2.587779,0.03759943,18.30851,17.01013,17.06241,17.1802,-0.7202524999999999,0.1316456,4
2021-08-19 21:44:00,0.1815652,2.914942,120.9543,17.57153,13.24452,18.56159,0.0120839,2.616279,0.0324375,18.3078,16.9899,17.03381,17.16554,-0.7202528,0.1312808,4
2021-08-19 21:45:00,0.1815718,2.912608,120.9637,17.62097,13.2436,18.58437,0.0177838599999999,3.055176,0.05486304,18.32085,16.99599,17.02946,17.17024,-0.7202534,0.1316913,4
2021-08-19 21:46:00,0.1814879,2.908473,120.8948,17.6686,13.2436,18.58437,0.01527588,2.713178,0.04319801,18.31807,16.94227,16.97922,17.12282,-0.7802748,0.1323776,4
2021-08-19 21:47:00,0.1814791,2.917565,120.869,17.70569,13.24452,18.58437,0.01729491,2.901277,0.04672247,18.32014,16.89756,16.92197,17.07047,-0.900318,0.1315693,4
2021-08-19 21:48:00,0.1815088,2.91136,120.9154,17.68818,13.2436,18.58437,0.0113999099999999,2.684678,0.02984873,18.31806,16.82575,16.84388,16.99101,-1.140405,0.1321421999999999,4
2021-08-19 21:49:00,0.1816431,2.908558,121.018,17.67207,13.2436,18.58437,0.02165983,2.804377,0.06291003,18.31667,16.75882,16.77207,16.92619,-1.560564,0.1317559,4
2021-08-19 21:50:00,0.1815209,2.916462,120.9859,17.677,13.24314,18.58437,0.01709986,2.798677,0.0472527,18.3132,16.67169,16.67797,16.82932,-1.740633,0.1326782,4
2021-08-19 21:51:00,0.1816429,2.905636,120.9348,17.68397,13.24452,18.59058,0.01322389,2.701778,0.0363674199999999,18.309,16.59289,16.59149,16.74077,-2.160793,0.1313296999999999,4
2021-08-19 21:52:00,0.181622,2.88872,120.8987,17.68094,13.24406,18.60715,0.0193798399999999,2.792977,0.05476947,18.32349,16.50415,16.50764,16.64439,-2.160797,0.132157,4
2021-08-19 21:53:00,0.1813744999999999,2.906777,120.9224,17.62838,13.2436,18.60715,0.0125399,2.912677,0.0361646899999999,18.31445,16.42038,16.41898,16.55855,-2.1608,0.1322836,4
2021-08-19 21:54:00,0.1813886,2.91645,120.9538,17.57649,13.24314,18.60923,0.01709986,2.713178,0.04474191,18.30331,16.32752,16.33381,16.48526,-2.160803,0.1316013,4
2021-08-19 21:55:00,0.1811937999999999,2.914405,120.9334,17.53794,13.24314,18.60923,0.0098039219999999,2.861377,0.0287103,18.29149,16.22768,16.23606,16.38406,-2.160805,0.1320891999999999,4
2021-08-19 21:56:00,0.1812665,2.918178,121.0061,17.51626,13.2436,18.60301,0.01003192,2.718878,0.0290689899999999,18.27761,16.11452,16.1229,16.27373,-2.340874,0.1327030999999999,4
2021-08-19 21:57:00,0.1812698,2.904896,120.928,17.47715,13.24406,18.59058,0.0155038799999999,2.587779,0.04215315,18.25822,15.98464,15.99651,16.14738,-2.761032,0.1318699999999999,4
2021-08-19 21:58:00,0.1813864,2.904621,120.9501,17.44357,13.2436,18.58437,0.0168718599999999,2.821477,0.0460051,18.24227,15.86101,15.87848,16.02589,-3.241213,0.1320357,4
2021-08-19 21:59:00,0.1814359999999999,2.934947,121.0268,17.44568,13.24543,18.58437,0.01527588,2.747378,0.04067163,18.24157,15.77995,15.78554,15.94346,-3.601348,0.132783,4
2021-08-19 22:00:00,0.1812976,2.90933,121.019,17.47027,13.24406,18.58437,0.0139078899999999,2.599179,0.0365077799999999,18.23811,15.70114,15.70953,15.85139,-3.601348,0.1330407,4
2021-08-19 22:01:00,0.1808883,2.902349,120.7704,17.45517,13.24498,18.56159,0.01618787,2.50228,0.03862869,18.20489,15.63003,15.60906,15.7775,-3.601349,0.1313599,4
2021-08-19 22:02:00,0.180756,2.899432,120.6266,17.46571,13.24498,18.55952,0.01481988,2.319881,0.03211,18.2056,15.572,15.54753,15.69503,-3.601348,0.1323545,4
2021-08-19 22:03:00,0.1803933,2.877767,120.4125,17.48814,13.24498,18.55952,0.01709986,2.547879,0.0442584599999999,18.20351,15.50278,15.48949,15.62233,-3.601348,0.1316313,4
2021-08-19 22:04:00,0.1800854,2.886403,120.2697,17.50704,13.24589,18.55952,0.009575923,2.735978,0.0279149599999999,18.19655,15.48593,15.46775,15.56843,-3.601359,0.1315675,4
2021-08-19 22:05:00,0.180118,2.874028,120.244,17.45145,13.24727,18.53692,0.01071591,2.55358,0.0261527299999999,18.16698,15.40794,15.40724,15.47857,-3.60136,0.132635,4
2021-08-19 22:06:00,0.1803078999999999,2.890729,120.1753,17.42296,13.24773,18.53241,0.01162791,2.570679,0.02769663,18.15755,15.33941,15.36669,15.40866,-3.601356,0.1316928,4
2021-08-19 22:07:00,0.1804312999999999,2.881616,120.2401,17.36146,13.24773,18.51791,0.0129958999999999,2.564979,0.0327493999999999,18.13609,15.31783,15.31433,15.3577,-3.601356,0.1328437,4
2021-08-19 22:08:00,0.1804323999999999,2.879225,120.2586,17.302,13.24773,18.50756,0.0129958999999999,2.758778,0.0361646899999999,18.11878,15.25147,15.28715,15.30744,-3.601345,0.1321317999999999,4
2021-08-19 22:09:00,0.1805701999999999,2.881629,120.3606,17.23528,13.24864,18.49626,0.0134518899999999,2.661879,0.0350106599999999,18.09496,15.21565,15.26183,15.27022,-3.601344,0.1326531,4
2021-08-19 22:10:00,0.1804275999999999,2.901456,120.3689,17.19355,13.24864,18.48045,0.0168718599999999,2.55358,0.0424338599999999,18.0722,15.19921,15.26288,15.24049,-3.60133,0.1327325,4
2021-08-19 22:11:00,0.1802738,2.89724,120.3318,17.15446,13.24864,18.46595,0.0093479259999999,2.42818,0.0189946499999999,18.05142,15.17971,15.25038,15.2154,-3.601328,0.1319219,4
2021-08-19 22:12:00,0.1801986999999999,2.888161,120.3753,17.18474,13.24864,18.45559,0.01459188,2.696078,0.03904976,18.03827,15.17695,15.24202,15.22453,-3.60132,0.1332444999999999,4
2021-08-19 22:13:00,0.1801143,2.879483,120.3939,17.20649,13.24864,18.45559,0.01595987,2.616279,0.04142019,18.03757,15.18325,15.23292,15.23013,-3.601318,0.1325234999999999,4
2021-08-19 22:14:00,0.1803746,2.897078,120.416,17.21524,13.24864,18.43074,0.0180118499999999,2.701778,0.04803244,18.01409,15.10924,15.19112,15.19182,-3.601314,0.1331913,4
2021-08-19 22:15:00,0.1801836,2.881613,120.4104,17.23,13.24864,18.42171,0.01436388,2.747378,0.03914332,18.00922,15.07209,15.14067,15.17426,-3.601313,0.1324544,4
2021-08-19 22:16:00,0.1804504,2.893408,120.4536,17.26865,13.24956,18.40363,0.0086639309999999,2.741678,0.02574726,17.98972,15.06007,15.13915,15.15525,-3.601311,0.1323605999999999,4
2021-08-19 22:17:00,0.1802679,2.882963,120.4228,17.31847,13.25094,18.40156,0.01504788,2.41678,0.0351978,17.98556,15.09788,15.16087,15.18536,-3.601308,0.1321043,4
2021-08-19 22:18:00,0.180307,2.902855,120.4036,17.29144,13.24956,18.37878,0.01481988,2.661879,0.04000105,17.95859,15.07147,15.14705,15.17994,-3.601302,0.1324071,4
2021-08-19 22:19:00,0.1803635,2.893547,120.488,17.28191,13.25185,18.36014,0.0182398499999999,2.47378,0.04586475,17.9316,15.00381,15.1025,15.15009,-3.6013,0.132143,4
2021-08-19 22:20:00,0.1805449,2.900914,120.506,17.22101,13.25231,18.35393,0.0182398499999999,2.610579,0.0481883899999999,17.92052,14.97736,15.07815,15.12224,-3.601297,0.1318456,4
2021-08-19 22:21:00,0.1803088999999999,2.893885,120.4288,17.17601,13.25323,18.34263,0.0120839,2.684678,0.0341217499999999,17.90017,14.97227,15.07026,15.11925,-3.601293,0.1333629,4
2021-08-19 22:22:00,0.1803734999999999,2.895848,120.4501,17.16161,13.25415,18.32268,0.01869585,2.753078,0.05299164,17.87879,14.95635,15.05854,15.12153,-3.601288,0.1321109,4
2021-08-19 22:23:00,0.1802192,2.889584,120.3858,17.22573,13.25369,18.30197,0.01436388,2.639079,0.0353069599999999,17.85807,14.97051,15.0797,15.14688,-3.601286,0.1328108,4
2021-08-19 22:24:00,0.1804004999999999,2.903681,120.4462,17.24481,13.25415,18.29161,0.01595987,2.707478,0.04254302,17.8491,15.00628,15.09937,15.17705,-3.601284,0.1338998,4
2021-08-19 22:25:00,0.1802031,2.900097,120.3744,17.22672,13.25415,18.27711,0.0129958999999999,2.753078,0.0367417,17.82412,15.04405,15.13783,15.2274,-3.48124,0.1335042999999999,4
2021-08-19 22:26:00,0.1802149999999999,2.90528,120.3209,17.17725,13.25415,18.25226,0.01618787,2.775878,0.04360348,17.79367,15.05046,15.15964,15.2709,-3.421218,0.1325247,4
2021-08-19 22:27:00,0.1802786999999999,2.903306,120.3412,17.20585,13.25415,18.25,0.0134518899999999,2.593479,0.03816085,17.79211,15.0531,15.16717,15.31201,-3.121108,0.1326421999999999,4
2021-08-19 22:28:00,0.1802415,2.888771,120.3527,17.23694,13.25506,18.23343,0.0086639309999999,2.735978,0.0231429099999999,17.77761,15.06861,15.1617,15.32612,-3.181127,0.1323805999999999,4
2021-08-19 22:29:00,0.1802022,2.898758,120.4433,17.18744,13.25552,18.21686,0.02051984,2.599179,0.05232106,17.76037,15.0494,15.12428,15.30269,-2.820998,0.1323091,4
2021-08-19 22:30:00,0.1803487,2.896635,120.4611,17.19822,13.25598,18.2003,0.01048792,2.730278,0.0285075699999999,17.74728,15.03278,15.10206,15.26369,-2.820998,0.132117,4
2021-08-19 22:31:00,0.1804150999999999,2.900464,120.4929,17.17467,13.25644,18.18448,0.0118559,2.724578,0.0313302499999999,17.73076,15.06169,15.13097,15.29469,-2.520892,0.132273,4
2021-08-19 22:32:00,0.1804651999999999,2.903907,120.501,17.03497,13.25644,18.17319,0.0168718599999999,2.47378,0.03884702,17.7118,15.05033,15.10842,15.28194,-2.520892,0.1330174,4
2021-08-19 22:33:00,0.1803781999999999,2.909367,120.4896,16.96722,13.25735,18.15041,0.0139078899999999,2.616279,0.0373655,17.68412,15.03089,15.08758,15.28209,-2.820999,0.1326450999999999,4
2021-08-19 22:34:00,0.1806623,2.898928,120.5872,16.88447,13.25965,18.14626,0.0123119,2.753078,0.0333731999999999,17.67301,15.04282,15.1128,15.29961,-3.30117,0.1331774,4
2021-08-19 22:35:00,0.1806292999999999,2.911448,120.6285,16.87905,13.25919,18.12556,0.01709986,2.827177,0.0468784199999999,17.64667,15.07352,15.12951,15.33661,-3.121109,0.1328583,4
2021-08-19 22:36:00,0.1805499999999999,2.900507,120.5629,16.96763,13.25965,18.10541,0.01481988,2.781577,0.0386130999999999,17.62581,15.11624,15.16103,15.37162,-3.241152,0.1325868,4
2021-08-19 22:37:00,0.1807086,2.908368,120.5937,17.07227,13.25965,18.09637,0.01755586,2.775878,0.0490461199999999,17.61955,15.19676,15.25413,15.4374,-2.881027,0.1327924,4
2021-08-19 22:38:00,0.1807866999999999,2.918266,120.6235,17.04097,13.25965,18.07773,0.0125399,2.650479,0.0320788099999999,17.59673,15.17455,15.23053,15.42919,-2.58092,0.132907,4
2021-08-19 22:39:00,0.1806329999999999,2.930024,120.7229,16.99494,13.25965,18.06324,0.0120839,2.48518,0.02970838,17.57946,15.17205,15.23152,15.44276,-2.400858,0.1332103,4
2021-08-19 22:40:00,0.1808752,2.923522,120.8021,16.97553,13.25965,18.04667,0.0134518899999999,2.673279,0.0348858999999999,17.56009,15.15258,15.20226,15.43659,-2.700965,0.1326796,4
2021-08-19 22:41:00,0.1809455,2.903368,120.8011,16.9299,13.25965,18.04667,0.01709986,2.55358,0.04099913,17.55521,15.13085,15.18753,15.42816,-2.400856,0.1326697,4
2021-08-19 22:42:00,0.1809074,2.919609,120.8348,16.9546,13.25965,18.0286,0.0120839,2.781577,0.03423091,17.53991,15.14417,15.17846,15.4212,-2.58092,0.1334672,4
2021-08-19 22:43:00,0.1809375,2.924115,120.8207,17.03757,13.25965,18.01335,0.01048792,2.257182,0.02292458,17.52883,15.20306,15.24643,15.48144,-2.400856,0.1330155,4
2021-08-19 22:44:00,0.1807362,2.932065,120.856,17.01537,13.25965,17.99471,0.01732786,2.599179,0.04535012,17.50877,15.21924,15.26401,15.52209,-2.16077,0.1331165,4
2021-08-19 22:45:00,0.1808342,2.916277,120.8212,16.97743,13.25965,17.99471,0.0129958999999999,2.821477,0.03759943,17.50318,15.24011,15.29678,15.54785,-2.160771,0.1328361999999999,4
2021-08-19 22:46:00,0.1809457999999999,2.95226,120.8686,16.94053,13.25965,17.974,0.0123119,2.753078,0.0326870199999999,17.48105,15.24516,15.30953,15.5578,-2.160771,0.1340716,4
2021-08-19 22:47:00,0.1810276,2.923975,120.8517,16.90422,13.25965,17.96157,0.01709986,2.627679,0.04803244,17.46861,15.26345,15.31312,15.5607,-2.160772,0.1336016999999999,4
2021-08-19 22:48:00,0.1810064999999999,2.901896,120.8613,16.83711,13.25965,17.945,0.0113999099999999,2.810077,0.02889744,17.45135,15.27488,15.32315,15.5749,-2.160773,0.132824,4
2021-08-19 22:49:00,0.1812246,2.930769,120.9828,16.83996,13.25965,17.945,0.02097583,2.929776,0.0607735199999999,17.44928,15.29316,15.33163,15.59596,-2.160774,0.1323185,4
2021-08-19 22:50:00,0.1811471,2.912706,120.9745,16.85509,13.25965,17.94049,0.01459188,2.678978,0.0378801299999999,17.44545,15.35366,15.38653,15.62916,-2.160775,0.133084,4
2021-08-19 22:51:00,0.1813598999999999,2.941688,120.9901,16.9314,13.25965,17.9179,0.0202918399999999,2.593479,0.0540209099999999,17.42562,15.43865,15.46452,15.712,-2.160776,0.13283,4
2021-08-19 22:52:00,0.1812028,2.943195,121.0274,17.03675,13.25965,17.91168,0.01413589,2.52508,0.03733431,17.43055,15.54918,15.58414,15.81689,-2.160777,0.1330471,4
2021-08-19 22:53:00,0.1810725,2.913646,120.9861,17.03631,13.25965,17.89304,0.0123119,2.621979,0.03299892,17.41537,15.59128,15.63392,15.87782,-1.86067,0.1328321,4
2021-08-19 22:54:00,0.1813008999999999,2.938464,121.1142,17.09661,13.25965,17.89304,0.01732786,2.54218,0.04709675,17.41953,15.64848,15.69811,15.93222,-1.380498,0.1324745,4
2021-08-19 22:55:00,0.1815109,2.934892,121.2421,17.1457,13.25965,17.89304,0.01960784,2.559279,0.0494515899999999,17.43275,15.71553,15.73301,15.95033,-0.9603465,0.1324552,4
2021-08-19 22:56:00,0.1815776,2.952054,121.219,17.19645,13.25965,17.87647,0.01413589,2.47378,0.0341997299999999,17.42731,15.7499,15.77646,15.9763,-0.7802854999999999,0.1334436,4
2021-08-19 22:57:00,0.1815866999999999,2.954285,121.2467,17.25549,13.25965,17.86819,0.0177838599999999,2.331281,0.03972034,17.43504,15.80797,15.83103,16.01129,-0.7202652,0.1322508,4
2021-08-19 22:58:00,0.1815524,2.923627,121.2671,17.23097,13.25965,17.86819,0.01504788,2.616279,0.0391277299999999,17.44481,15.81019,15.84653,16.03166,-0.7202667999999999,0.1327407999999999,4
2021-08-19 22:59:00,0.1815558999999999,2.940913,121.3693,17.16224,13.25965,17.86819,0.01664387,2.47948,0.04112389,17.44343,15.76968,15.8165,15.99816,-1.200446,0.1334475,4
2021-08-19 23:00:00,0.1817921,2.94176,121.3933,17.06052,13.25965,17.86819,0.0168718599999999,2.291382,0.0382856,17.44203,15.73263,15.77247,15.95973,-1.380514,0.132941,4
2021-08-19 23:01:00,0.1816266,2.950264,121.3126,17.0355,13.25965,17.85162,0.0120839,2.45098,0.0273067599999999,17.42545,15.6328,15.68453,15.88021,-1.680626,0.1335629,4
2021-08-19 23:02:00,0.1815887999999999,2.947061,121.2361,17.01596,13.26011,17.84333,0.01846785,2.422481,0.04372824,17.41715,15.56924,15.60909,15.7999,-1.98074,0.1333723,4
2021-08-19 23:03:00,0.1805437,2.900215,120.5304,16.9893,13.25965,17.84333,0.01960784,2.50798,0.04511619,17.41646,15.54127,15.56294,15.76286,-2.160807,0.1340255999999999,4
2021-08-19 23:04:00,0.1804626,2.892497,120.5728,17.00609,13.25965,17.84333,0.01504788,2.48518,0.03750585,17.41712,15.48938,15.51945,15.70542,-2.160808,0.1331017999999999,4
2021-08-19 23:05:00,0.1801772,2.888743,120.5241,16.97661,13.25965,17.84333,0.0123119,2.547879,0.0314550099999999,17.41086,15.45161,15.48798,15.67955,-2.160808,0.132746,4
2021-08-19 23:06:00,0.1802777,2.897105,120.5109,16.93799,13.25965,17.84333,0.0177838599999999,2.399681,0.04029735,17.40388,15.43198,15.45506,15.64945,-2.160822,0.1333906,4
2021-08-19 23:07:00,0.1802209999999999,2.892299,120.5397,16.92519,13.25965,17.82075,0.0193798399999999,2.610579,0.0496699199999999,17.37849,15.36454,15.40302,15.6107,-2.160823,0.1328492,4
2021-08-19 23:08:00,0.1802841,2.909091,120.4906,16.91089,13.25965,17.81623,0.0134518899999999,2.621979,0.03608672,17.36981,15.36154,15.38742,15.57832,-2.160826,0.1328961999999999,4
2021-08-19 23:09:00,0.1803585,2.90341,120.5494,16.77337,13.25965,17.81209,0.01367989,2.758778,0.03759943,17.34895,15.3091,15.34058,15.52661,-2.160826,0.133297,4
2021-08-19 23:10:00,0.1803576,2.8959,120.5446,16.64448,13.26011,17.79138,0.01983584,2.576379,0.0496699199999999,17.31358,15.2218,15.25958,15.44355,-2.160827,0.1325544999999999,4
2021-08-19 23:11:00,0.1803539999999999,2.914127,120.4849,16.62762,13.26102,17.79138,0.01413589,2.696078,0.03825441,17.30104,15.16443,15.18612,15.39949,-2.460942,0.1326807,4
2021-08-19 23:12:00,0.1803866,2.897498,120.4693,16.65644,13.26148,17.78931,0.0182398499999999,2.564979,0.04533452,17.29688,15.13786,15.15186,15.37573,-2.160827,0.1326119,4
2021-08-19 23:13:00,0.180235,2.89212,120.3893,16.65672,13.26194,17.76859,0.01413589,2.48518,0.0339657999999999,17.26498,15.10997,15.13237,15.32827,-2.580986,0.1330032999999999,4
2021-08-19 23:14:00,0.1802798999999999,2.914157,120.4625,16.68207,13.26102,17.76031,0.0164158699999999,2.570679,0.0406872299999999,17.25597,15.09102,15.10432,15.31284,-2.641008,0.1331626999999999,4
2021-08-19 23:15:00,0.1804259,2.912626,120.4823,16.72375,13.26332,17.74374,0.0177838599999999,2.46808,0.0430264699999999,17.23381,15.11916,15.13035,15.32697,-2.881105,0.133774,4
2021-08-19 23:16:00,0.1801745999999999,2.90607,120.429,16.78346,13.26469,17.74167,0.01413589,2.747378,0.0412486499999999,17.23104,15.09607,15.12757,15.32418,-2.701046,0.1336918,4
2021-08-19 23:17:00,0.1803247,2.917108,120.4801,16.79051,13.26515,17.74167,0.01048792,2.587779,0.02825805,17.22618,15.07307,15.10596,15.32357,-2.70105,0.1336541,4
2021-08-19 23:18:00,0.1802854,2.926862,120.4641,16.71784,13.26423,17.72096,0.0082079349999999,2.570679,0.0187139399999999,17.19989,15.07123,15.09573,15.30843,-2.8211,0.1329954999999999,4
2021-08-19 23:19:00,0.1802833,2.899275,120.5329,16.75706,13.26286,17.71456,0.0180118499999999,2.599179,0.04488227,17.18791,15.09349,15.12429,15.33838,-2.460959,0.1335363,4
2021-08-19 23:20:00,0.1801338,2.907314,120.4893,16.75113,13.26515,17.68971,0.01869585,2.564979,0.0454280899999999,17.16303,15.08532,15.11821,15.3393,-2.460958,0.1339685999999999,4
2021-08-19 23:21:00,0.1800014,2.899719,120.4592,16.82765,13.26515,17.68971,0.0139078899999999,2.547879,0.0348858999999999,17.16652,15.09791,15.1364,15.37777,-2.220862,0.1337609999999999,4
2021-08-19 23:22:00,0.1801821999999999,2.903141,120.4396,16.87005,13.26515,17.67107,0.0134518899999999,2.559279,0.02927172,17.15204,15.10297,15.14426,15.38702,-2.160837,0.1324271999999999,4
2021-08-19 23:23:00,0.1801886,2.89005,120.4155,16.85537,13.26698,17.66486,0.01322389,2.45668,0.0328117799999999,17.14511,15.06374,15.08824,15.34223,-2.160835,0.1325593999999999,4
2021-08-19 23:24:00,0.1804504,2.903653,120.5203,16.83232,13.26653,17.65657,0.0193798399999999,2.650479,0.05136977,17.13402,15.06097,15.09177,15.31778,-2.160834,0.1341162999999999,4
2021-08-19 23:25:00,0.1804507999999999,2.928045,120.5534,16.78482,13.26607,17.64,0.01618787,2.616279,0.0439777599999999,17.11742,15.04778,15.07998,15.28851,-2.160841,0.1323095,4
2021-08-19 23:26:00,0.1803508,2.897271,120.474,16.72091,13.2679,17.64,0.0168718599999999,2.741678,0.04630141,17.11115,15.02887,15.06877,15.2843,-2.160844,0.1331200999999999,4
2021-08-19 23:27:00,0.1803057,2.922136,120.4558,16.67954,13.26744,17.64,0.01504788,2.376881,0.0355876799999999,17.10491,14.98425,15.02485,15.25087,-2.160844,0.1331763,4
2021-08-19 23:28:00,0.1801194,2.91585,120.4234,16.64046,13.26882,17.62551,0.01071591,2.593479,0.0261059499999999,17.08413,14.93471,14.98301,15.21535,-2.160845,0.1330783,4
2021-08-19 23:29:00,0.1802434,2.901209,120.5035,16.61113,13.27019,17.61515,0.01436388,2.587779,0.0368664599999999,17.06959,14.88653,14.92923,15.1427,-2.28089,0.1337721,4
2021-08-19 23:30:00,0.1802464,2.920229,120.5325,16.58194,13.26973,17.59934,0.0164158699999999,2.52508,0.0383012,17.04749,14.85873,14.90984,15.10232,-2.160843,0.1337813999999999,4
2021-08-19 23:31:00,0.180476,2.920508,120.5414,16.57273,13.27019,17.58804,0.01003192,2.633379,0.02194209,17.03339,14.81098,14.84109,15.0693,-2.52098,0.1337172,4
2021-08-19 23:32:00,0.1805503,2.916183,120.5907,16.56782,13.26928,17.58804,0.0207478299999999,2.54218,0.0508863199999999,17.0313,14.84459,14.874,15.08749,-2.280886,0.1333689999999999,4
2021-08-19 23:33:00,0.1804288,2.906486,120.5265,16.51741,13.27019,17.57147,0.01960784,2.42248,0.0446951199999999,17.0077,14.89425,14.89635,15.11685,-2.220859,0.1334456,4
2021-08-19 23:34:00,0.1806312999999999,2.92271,120.63,16.48242,13.27065,17.56319,0.0118559,2.650479,0.03223476,16.99314,14.90553,14.92443,15.14701,-2.160836,0.1335473,4
2021-08-19 23:35:00,0.1805783,2.926452,120.6909,16.45878,13.27019,17.54663,0.0098039219999999,2.46238,0.0231117199999999,16.97097,14.94976,14.96796,15.16254,-2.160846,0.1333894999999999,4
2021-08-19 23:36:00,0.1804463,2.908706,120.679,16.38725,13.27065,17.53834,0.01595987,2.51938,0.0407807899999999,16.95083,14.99187,15.02197,15.20812,-2.160847,0.1340677,4
2021-08-19 23:37:00,0.1805634,2.918086,120.6878,16.34304,13.27065,17.53834,0.0120839,2.753078,0.0330613,16.9397,14.97799,15.00669,15.21873,-2.160861,0.1342193999999999,4
2021-08-19 23:38:00,0.180474,2.922583,120.6644,16.30368,13.27019,17.53834,0.01436388,2.884177,0.04244946,16.93413,14.95279,14.96189,15.19774,-2.160864,0.1324376999999999,4
2021-08-19 23:39:00,0.1805551,2.920934,120.7061,16.23144,13.27019,17.52798,0.01527588,2.804377,0.04372824,16.91329,14.91717,14.90457,15.14604,-2.160878,0.1331592,4
2021-08-19 23:40:00,0.1805562,2.95129,120.7135,16.1445,13.27019,17.51348,0.01732786,2.49088,0.0423870699999999,16.8932,14.85498,14.84868,15.09858,-2.16088,0.1350127,4
2021-08-19 23:41:00,0.1805267,2.908757,120.6715,16.0641,13.27065,17.4845,0.01527588,2.718878,0.0390653499999999,16.85022,14.82723,14.80972,15.06034,-2.160886,0.1337214999999999,4
2021-08-19 23:42:00,0.1808152,2.91252,120.7337,16.00744,13.27065,17.46379,0.01322389,2.50228,0.0311587099999999,16.8225,14.81895,14.78674,15.03107,-2.160887,0.1333069,4
2021-08-19 23:43:00,0.1806144,2.912775,120.6865,15.96087,13.27065,17.45249,0.0157318699999999,2.388281,0.0362114799999999,16.80209,14.81866,14.79345,15.0336,-2.160887,0.1329627999999999,4
2021-08-19 23:44:00,0.1808477,2.945333,120.796,15.9457,13.27065,17.43667,0.0155038799999999,2.49658,0.03540054,16.78415,14.83847,14.82587,15.045,-2.160886,0.1331127,4
2021-08-19 23:45:00,0.1810497,2.938466,120.8795,15.9542,13.27065,17.43253,0.0139078899999999,2.183082,0.03036337,16.78001,14.87981,14.8476,15.06043,-2.160884,0.1334938,4
2021-08-19 23:46:00,0.180901,2.941208,120.8245,15.99814,13.27065,17.41389,0.01504788,2.678978,0.038925,16.76137,14.90738,14.88287,15.07818,-2.160882,0.1329946999999999,4
2021-08-19 23:47:00,0.1808023,2.926004,120.8322,16.10369,13.27065,17.41182,0.01481988,2.724578,0.03973593,16.76978,14.94178,14.91308,15.12236,-2.160879,0.1338283,4
2021-08-19 23:48:00,0.1805597999999999,2.939392,120.7956,16.1522,13.27065,17.41182,0.01755586,2.46238,0.0414357799999999,16.77466,14.93408,14.90398,15.09297,-2.16088,0.1333428,4
2021-08-19 23:49:00,0.1808351,2.923798,120.8401,16.16996,13.27065,17.39939,0.01413589,2.827177,0.0398451,16.76431,14.90339,14.86628,15.07279,-2.160882,0.133793,4
2021-08-19 23:50:00,0.1807312,2.938081,120.8098,16.22148,13.27065,17.38697,0.01413589,2.747378,0.0391121399999999,16.75466,14.89932,14.86501,15.06172,-2.160882,0.1331746,4
2021-08-19 23:51:00,0.1806416999999999,2.919142,120.7763,16.34169,13.27065,17.3849,0.01459188,2.690378,0.03734991,16.76305,14.91616,14.90216,15.09255,-2.160881,0.1340870999999999,4
2021-08-19 23:52:00,0.1807198,2.921582,120.8398,16.36661,13.27065,17.36212,0.0139078899999999,2.53648,0.0366949199999999,16.74232,14.88687,14.88617,15.07587,-2.160888,0.1336598,4
2021-08-19 23:53:00,0.1807144,2.938319,120.8567,16.38416,13.27065,17.36212,0.0207478299999999,2.758778,0.0542392299999999,16.74858,14.89662,14.90712,15.08843,-2.160891,0.1341208999999999,4
2021-08-19 23:54:00,0.1809976,2.946113,120.951,16.36519,13.27111,17.36212,0.01915185,2.564979,0.04834434,16.7465,14.82383,14.83714,15.05626,-2.160903,0.1339260999999999,4
2021-08-19 23:55:00,0.1810836,2.948535,120.9669,16.25275,13.27111,17.36212,0.0157318699999999,2.52508,0.04060925,16.7465,14.81194,14.79023,15.02757,-2.160908,0.1334866,4
2021-08-19 23:56:00,0.1810276,2.949685,120.9353,16.10833,13.27203,17.34141,0.0139078899999999,2.941176,0.0404844899999999,16.72371,14.76604,14.72054,14.9803,-2.160913,0.1335694,4
2021-08-19 23:57:00,0.1811201,2.943856,121.0118,16.05709,13.27111,17.33727,0.0101281099999999,2.701778,0.01922857,16.71817,14.74301,14.7087,14.96076,-2.160915,0.1326515,4
2021-08-19 23:58:00,0.180989,2.956949,120.9669,15.99968,13.27111,17.3207,0.01117191,2.701778,0.03154859,16.6932,14.68921,14.6633,14.89229,-2.160926,0.1339386999999999,4
2021-08-19 23:59:00,0.1810943,2.94418,121.0123,15.95129,13.27157,17.31241,0.01915185,2.53648,0.04920207,16.67793,14.67037,14.64376,14.85945,-2.160929,0.1335079999999999,4
