measured_on,ac_current_other_inv_14537,ac_current_other_inv_14537_2,ac_current_other_inv_14537_3,ac_energy_inv_14537,ac_other_meter_1863,ac_other_meter_1863_2,ac_other_meter_1863_3,ac_power_inv_14537,ac_power_meter_1863,ac_power_meter_1863_2,ac_power_meter_1863_3,ac_power_meter_1863_4,ac_power_meter_1863_5,ac_power_other_meter_1863,ac_power_other_meter_1863_2,ac_power_other_meter_1863_3,ac_power_other_meter_1863_4,ac_voltage_other_inv_14537,ac_voltage_other_inv_14537_2,ac_voltage_other_inv_14537_3,ac_voltage_other_meter_1863,ac_voltage_other_meter_1863_2,ac_voltage_other_meter_1863_3,ac_voltage_other_meter_1863_4,ac_voltage_other_meter_1863_5,ac_voltage_other_meter_1863_6,battery_a_avg__82575,battery_v_min__82574,chgsource_min__82578,chgstate_min__82577,ckbatt_max__82579,cr1000temp_c_avg__82491,dc_power_inv_14537,dc_voltage_other_inv_14537,dc_voltage_other_inv_14537_2,dooropen_min__82492,irradiance_ghi_o_2196,irradiance_poa_o_2195,irradiance_poa_o_2197,irradiance_poa_o_2198,irradiance_poa_o_2199,load_a_avg__82576,qloss_ah_max__82580,rtd_c_avg_10__82590,rtd_c_avg_1__82581,rtd_c_avg_2__82582,rtd_c_avg_3__82583,rtd_c_avg_4__82584,rtd_c_avg_5__82585,rtd_c_avg_6__82586,rtd_c_avg_7__82587,rtd_c_avg_8__82588,rtd_c_avg_9__82589,sewspoairrad_wm2_avg__82524,shuntcurrent_a_avg_1__82546,shuntcurrent_a_avg_2__82547,shuntcurrent_a_avg_3__82548,shuntcurrent_a_avg_4__82549,shuntcurrent_a_avg_5__82550,shuntcurrent_a_avg_6__82551,shuntcurrent_a_avg_7__82552,shuntetot_kwh_max_1__82560,shuntetot_kwh_max_2__82561,shuntetot_kwh_max_3__82562,shuntetot_kwh_max_4__82563,shuntetot_kwh_max_5__82564,shuntetot_kwh_max_6__82565,shuntetot_kwh_max_7__82566,shuntpdc_kw_avg_1__82553,shuntpdc_kw_avg_2__82554,shuntpdc_kw_avg_3__82555,shuntpdc_kw_avg_4__82556,shuntpdc_kw_avg_5__82557,shuntpdc_kw_avg_6__82558,shuntpdc_kw_avg_7__82559,system_other_inv_14537,system_other_inv_14537_10,system_other_inv_14537_11,system_other_inv_14537_2,system_other_inv_14537_3,system_other_inv_14537_4,system_other_inv_14537_5,system_other_inv_14537_6,system_other_inv_14537_7,system_other_inv_14537_8,system_other_inv_14537_9,system_other_meter_1863,system_other_meter_1863_2,system_other_meter_1863_3,temperature_ambient_o_2200,temperature_ambient_o_2201,temperature_inverter_inv_14537,temperature_module_o_2201,wind_direction_o_2201,wind_other_o_2201,wind_other_o_2201_2,wind_other_o_2201_3,wind_other_o_2201_4,wind_speed_o_2201,wind_speed_o_2201_2,system_id
2016-01-20 00:00:00,0.0,0.0,0.0,1067290.0,62.9,59.9,60.0,0.0,40789.0,507.0,93035.0,1024949.0,0.0,1.0,0.0,0.0,0.0,276.1,275.4,276.7,0.772,272.0,0.531,272.8,0.842,274.0,0.002,14.03,1.0,3.0,0.0,-6.466,0.0,20.76,13.83,0.0,-0.023,-0.017,-0.017,-0.407,-0.072,0.784,0.0,-4.811,-9.61,-9.95,-10.17,-9.62,-9.62,-9.82,-149.1,-9.81,-9.43,0.018,-0.002,-0.004,-0.003,-0.002,0.006,0.001,0.001,6472.0,9103.0,9059.0,9238.0,7861.0,7836.0,6348.0,0.0,0.0,0.0,0.0,0.0,0.0,0.0,0.0,12.06,0.0,60.14,0.0,0.0,0.0,0.0,16.0,0.0,0.0,0.0,0.0,0.0,-7.728,-7.875,0.0,-9.53,288.5,27.46,3.5,3.473,-1.0,2.637,4.9,4901
2016-01-20 00:01:00,0.0,0.0,0.0,1067290.0,62.9,59.9,60.0,0.0,40789.0,507.0,93035.0,1024949.0,0.0,1.0,0.0,0.0,0.0,276.1,275.5,276.9,0.772,272.0,0.531,273.0,0.842,274.0,0.002,14.03,1.0,3.0,0.0,-6.466,0.0,20.56,13.83,0.0,-0.023,-0.017,-0.017,-0.401,-0.064,0.6029999999999999,0.0,-4.793,-9.63,-9.96,-10.14,-9.62,-9.65,-9.82,-149.7,-9.81,-9.44,0.009,-0.002,-0.004,-0.003,-0.002,0.006,0.0,0.001,6472.0,9103.0,9059.0,9238.0,7861.0,7836.0,6348.0,0.0,0.0,0.0,0.0,0.0,0.0,0.0,0.0,12.04,0.0,60.15,0.0,0.0,0.0,0.0,16.0,0.0,0.0,0.0,0.0,0.0,-7.692999999999999,-7.915,0.0,-9.590000000000002,315.1,18.02,3.0,3.473,-1.0,3.74,5.5,4901
2016-01-20 00:02:00,0.0,0.0,0.0,1067290.0,62.9,59.9,60.0,0.0,40789.0,507.0,93035.0,1024949.0,0.0,1.0,0.0,0.0,0.0,276.0,275.7,277.0,0.772,272.0,0.531,273.0,0.842,274.0,0.002,14.03,1.0,3.0,0.0,-6.466,0.0,20.69,13.83,0.0,-0.023,-0.017,-0.017,-0.407,-0.089,0.7759999999999999,0.0,-4.779,-9.71,-10.06,-10.19,-9.66,-9.71,-9.82,-149.6,-9.81,-9.43,0.017,-0.003,-0.004,-0.002,-0.003,0.0069999999999999,0.0,0.001,6472.0,9103.0,9059.0,9238.0,7861.0,7836.0,6348.0,0.0,0.0,0.0,0.0,0.0,0.0,0.0,0.0,12.04,0.0,60.15,0.0,0.0,0.0,0.0,16.0,0.0,0.0,0.0,0.0,0.0,-7.724999999999999,-7.875,0.0,-9.6,281.6,23.6,3.5,3.473,-1.0,2.368,3.7,4901
2016-01-20 00:03:00,0.0,0.0,0.0,1067290.0,62.9,59.9,60.0,0.0,40789.0,507.0,93035.0,1024949.0,0.0,1.0,0.0,0.0,0.0,276.0,275.6,277.0,0.772,272.0,0.531,273.0,0.842,274.1,0.002,14.03,1.0,3.0,0.0,-6.469,0.0,20.63,13.79,0.0,-0.023,-0.017,-0.017,-0.405,-0.07,0.7979999999999999,0.0,-4.811,-9.61,-10.0,-10.19,-9.63,-9.68,-9.82,-149.5,-9.79,-9.51,0.017,-0.003,-0.004,-0.004,-0.002,0.0069999999999999,0.0,0.001,6472.0,9103.0,9059.0,9238.0,7861.0,7836.0,6348.0,0.0,0.0,0.0,0.0,0.0,0.0,0.0,0.0,12.03,0.0,60.14,0.0,0.0,0.0,0.0,16.0,0.0,0.0,0.0,0.0,0.0,-7.732999999999999,-7.816,0.0,-9.55,306.5,27.38,3.5,3.473,-1.0,1.947,4.0,4901
2016-01-20 00:04:00,0.0,0.0,0.0,1067290.0,62.9,59.9,60.0,0.0,40789.0,507.0,93035.0,1024949.0,0.0,1.0,0.0,0.0,0.0,275.9,275.5,276.9,0.772,272.0,0.531,272.8,0.842,274.0,0.002,14.03,1.0,3.0,0.0,-6.484,0.0,20.62,13.77,0.0,-0.026,-0.017,-0.017,-0.401,-0.081,0.774,0.0,-4.811,-9.68,-10.06,-10.19,-9.68,-9.71,-9.87,-149.5,-9.91,-9.55,0.02,-0.003,-0.004,-0.003,-0.002,0.006,0.0,0.001,6472.0,9103.0,9059.0,9238.0,7861.0,7836.0,6348.0,0.0,0.0,0.0,0.0,0.0,0.0,0.0,0.0,11.92,0.0,60.13,0.0,0.0,0.0,0.0,16.0,0.0,0.0,0.0,0.0,0.0,-7.668999999999999,-7.867000000000002,0.0,-9.61,291.9,25.26,3.5,3.473,-1.0,2.618,3.6,4901
2016-01-20 00:05:00,0.0,0.0,0.0,1067290.0,62.9,59.9,60.0,0.0,40789.0,507.0,93035.0,1024949.0,0.0,1.0,0.0,0.0,0.0,276.1,275.5,276.8,0.772,272.0,0.531,273.0,0.842,274.0,0.002,14.03,1.0,3.0,0.0,-6.489,0.0,20.64,13.78,0.0,-0.027,-0.017,-0.017,-0.407,-0.066,0.6029999999999999,0.0,-4.811,-9.71,-10.12,-10.27,-9.74,-9.79,-9.94,-149.7,-9.98,-9.62,0.02,-0.003,-0.004,-0.003,-0.002,0.006,0.0,0.002,6472.0,9103.0,9059.0,9238.0,7861.0,7836.0,6348.0,0.0,0.0,0.0,0.0,0.0,0.0,0.0,0.0,11.9,0.0,60.13,0.0,0.0,0.0,0.0,16.0,0.0,0.0,0.0,0.0,0.0,-7.737,-7.843,0.0,-9.69,287.2,29.47,3.0,3.473,-1.0,1.873,3.3,4901
2016-01-20 00:06:00,0.0,0.0,0.0,1067290.0,62.9,59.9,59.98,0.0,40789.0,507.0,93035.0,1024949.0,0.0,1.0,0.0,0.0,0.0,275.9,275.6,276.9,0.772,272.1,0.531,272.9,0.842,274.0,0.002,14.03,1.0,3.0,0.0,-6.489,0.0,20.6,13.77,0.0,-0.0279999999999999,-0.017,-0.017,-0.405,-0.059,0.627,0.0,-4.811,-9.71,-10.09,-10.3,-9.74,-9.79,-9.95,-149.7,-10.0,-9.71,0.025,-0.003,-0.005,-0.003,-0.002,0.0069999999999999,0.0,0.001,6472.0,9103.0,9059.0,9238.0,7861.0,7836.0,6348.0,0.0,0.0,0.0,0.0,0.0,0.0,0.0,0.0,11.9,0.0,60.13,0.0,0.0,0.0,0.0,16.0,0.0,0.0,0.0,0.0,0.0,-7.731,-7.842,0.0,-9.63,286.3,14.53,3.167,3.473,-1.0,2.89,4.6,4901
2016-01-20 00:07:00,0.0,0.0,0.0,1067290.0,62.9,59.9,60.0,0.0,40789.0,507.0,93035.0,1024949.0,0.0,1.0,0.0,0.0,0.0,276.1,275.6,276.9,0.772,272.1,0.531,273.0,0.842,274.0,0.002,14.03,1.0,3.0,0.0,-6.489,0.0,20.65,13.72,0.0,-0.027,-0.017,-0.017,-0.4029999999999999,-0.068,0.7829999999999999,0.0,-4.811,-9.69,-10.09,-10.29,-9.81,-9.81,-10.0,-149.3,-10.0,-9.7,0.023,-0.003,-0.004,-0.004,-0.002,0.006,0.0,0.001,6472.0,9103.0,9059.0,9238.0,7861.0,7836.0,6348.0,0.0,0.0,0.0,0.0,0.0,0.0,0.0,0.0,11.9,0.0,60.14,0.0,0.0,0.0,0.0,16.0,0.0,0.0,0.0,0.0,0.0,-7.712,-7.82,0.0,-9.63,274.6,36.49,3.5,3.473,-1.0,2.13,5.2,4901
2016-01-20 00:08:00,0.0,0.0,0.0,1067290.0,62.9,59.9,59.98,0.0,40789.0,507.0,93035.0,1024949.0,0.0,1.0,0.0,0.0,0.0,276.2,275.6,277.0,0.772,272.3,0.531,273.0,0.842,274.0,0.002,14.03,1.0,3.0,0.0,-6.49,0.0,20.6,13.72,0.0,-0.027,-0.017,-0.017,-0.405,-0.04,0.5939999999999999,0.0,-4.811,-9.68,-10.06,-10.29,-9.76,-9.81,-9.94,-149.1,-9.98,-9.71,0.018,-0.003,-0.004,-0.004,-0.002,0.0069999999999999,0.001,0.001,6472.0,9103.0,9059.0,9238.0,7861.0,7836.0,6348.0,0.0,0.0,0.0,0.0,0.0,0.0,0.0,0.0,11.9,0.0,60.13,0.0,0.0,0.0,0.0,16.0,0.0,0.0,0.0,0.0,0.0,-7.762,-7.837,0.0,-9.65,285.5,30.49,3.0,3.473,-1.0,2.21,4.2,4901
2016-01-20 00:09:00,0.0,0.0,0.0,1067290.0,62.9,59.9,59.99,0.0,40789.0,507.0,93035.0,1024949.0,0.0,1.0,0.0,0.0,0.0,275.8,275.6,277.0,0.772,272.0,0.531,273.0,0.842,274.0,0.002,14.03,1.0,3.0,0.0,-6.505,0.0,20.61,13.72,0.0,-0.0289999999999999,-0.017,-0.017,-0.407,-0.072,0.932,0.0,-4.811,-9.71,-10.11,-10.32,-9.75,-9.79,-9.98,-149.7,-10.0,-9.71,0.02,-0.003,-0.004,-0.003,-0.003,0.006,0.0,0.0,6472.0,9103.0,9059.0,9238.0,7861.0,7836.0,6348.0,0.0,0.0,0.0,0.0,0.0,0.0,0.0,0.0,11.83,0.0,60.13,0.0,0.0,0.0,0.0,16.0,0.0,0.0,0.0,0.0,0.0,-7.801,-7.856,0.0,-9.71,290.3,18.65,3.833,3.472,-1.0,2.207,3.9,4901
2016-01-20 00:10:00,0.0,0.0,0.0,1067290.0,62.9,59.9,60.0,0.0,40789.0,507.0,93035.0,1024949.0,0.0,1.0,0.0,0.0,0.0,276.2,275.4,276.9,0.772,272.0,0.531,272.9,0.842,274.0,0.002,14.03,2.0,3.0,0.0,-6.511,0.0,20.63,13.64,0.0,-0.0299999999999999,-0.017,-0.017,-0.3989999999999999,-0.0759999999999999,0.5939999999999999,0.0,-4.811,-9.71,-10.12,-10.35,-9.76,-9.81,-9.98,-149.3,-10.0,-9.71,0.025,-0.003,-0.004,-0.004,-0.002,0.006,0.001,0.001,6472.0,9103.0,9059.0,9238.0,7861.0,7836.0,6348.0,0.0,0.0,0.0,0.0,0.0,0.0,0.0,0.0,11.77,0.0,60.14,0.0,0.0,0.0,0.0,16.0,0.0,0.0,0.0,0.0,0.0,-7.7639999999999985,-7.877999999999998,0.0,-9.7,287.0,29.34,3.0,3.472,-1.0,2.698,4.1,4901
2016-01-20 00:11:00,0.0,0.0,0.0,1067290.0,62.9,59.9,60.0,0.0,40789.0,507.0,93035.0,1024949.0,0.0,1.0,0.0,0.0,0.0,276.1,275.6,277.0,0.772,272.0,0.531,273.0,0.842,274.0,0.002,14.03,1.0,3.0,0.0,-6.511,0.0,20.63,13.53,0.0,-0.0279999999999999,-0.017,-0.017,-0.407,-0.066,0.7929999999999999,0.0,-4.811,-9.66,-10.07,-10.32,-9.78,-9.78,-9.95,-128.8,-10.0,-9.7,0.018,-0.003,-0.004,-0.003,-0.002,0.006,0.0,0.001,6472.0,9103.0,9059.0,9238.0,7861.0,7836.0,6348.0,0.0,0.0,0.0,0.0,0.0,0.0,0.0,0.0,11.76,0.0,60.14,0.0,0.0,0.0,0.0,16.0,0.0,0.0,0.0,0.0,0.0,-7.771,-7.808,0.0,-9.590000000000002,274.4,16.9,3.5,3.473,-1.0,3.602,5.6,4901
2016-01-20 00:12:00,0.0,0.0,0.0,1067290.0,62.9,59.9,60.0,0.0,40789.0,507.0,93035.0,1024949.0,0.0,1.0,0.0,0.0,0.0,276.1,275.8,277.1,0.772,272.5,0.531,273.0,0.842,274.1,0.002,14.03,1.0,3.0,0.0,-6.511,0.0,20.62,13.63,0.0,-0.024,-0.017,-0.017,-0.407,-0.0529999999999999,0.775,0.0,-4.811,-9.61,-9.95,-10.21,-9.69,-9.71,-9.87,-149.0,-9.9,-9.590000000000002,0.019,-0.002,-0.004,-0.004,-0.001,0.006,0.0,0.0,6472.0,9103.0,9059.0,9238.0,7861.0,7836.0,6348.0,0.0,0.0,0.0,0.0,0.0,0.0,0.0,0.0,11.76,0.0,60.14,0.0,0.0,0.0,0.0,16.0,0.0,0.0,0.0,0.0,0.0,-7.681,-7.809999999999999,0.0,-9.51,287.6,12.06,3.5,3.473,-1.0,5.403,7.7,4901
2016-01-20 00:13:00,0.0,0.0,0.0,1067290.0,62.9,59.9,60.0,0.0,40789.0,507.0,93035.0,1024949.0,0.0,1.0,0.0,0.0,0.0,276.2,275.6,277.0,0.772,272.3,0.531,273.0,0.842,274.0,0.002,14.03,1.0,3.0,0.0,-6.511,0.0,20.63,13.52,0.0,-0.023,-0.016,-0.017,-0.4029999999999999,-0.062,0.6039999999999999,0.0,-4.811,-9.53,-9.9,-10.18,-9.62,-9.62,-9.82,-149.8,-9.840000000000002,-9.44,0.032,-0.003,-0.004,-0.003,-0.003,0.006,0.0,0.001,6472.0,9103.0,9059.0,9238.0,7861.0,7836.0,6348.0,0.0,0.0,0.0,0.0,0.0,0.0,0.0,0.0,11.73,0.0,60.15,0.0,0.0,0.0,0.0,16.0,0.0,0.0,0.0,0.0,0.0,-7.697999999999999,-7.796,0.0,-9.44,295.0,20.53,3.0,3.473,-1.0,3.62,5.9,4901
2016-01-20 00:14:00,0.0,0.0,0.0,1067290.0,62.9,59.9,60.0,0.0,40789.0,507.0,93035.0,1024949.0,0.0,1.0,0.0,0.0,0.0,276.3,275.6,277.0,0.772,272.3,0.531,273.0,0.842,274.0,0.002,14.03,1.0,3.0,0.0,-6.511,0.0,20.68,13.45,0.0,-0.023,-0.017,-0.017,-0.405,-0.068,0.784,0.0,-4.825,-9.55,-9.920000000000002,-10.19,-9.63,-9.66,-9.82,-149.8,-9.840000000000002,-9.48,0.023,-0.003,-0.005,-0.004,-0.002,0.006,0.0,0.0,6472.0,9103.0,9059.0,9238.0,7861.0,7836.0,6348.0,0.0,0.0,0.0,0.0,0.0,0.0,0.0,0.0,11.65,0.0,60.15,0.0,0.0,0.0,0.0,16.0,0.0,0.0,0.0,0.0,0.0,-7.691,-7.877,0.0,-9.52,294.1,18.32,3.833,3.473,-1.0,2.753,4.6,4901
2016-01-20 00:15:00,0.0,0.0,0.0,1067290.0,62.9,59.9,60.0,0.0,40789.0,507.0,93035.0,1024949.0,0.0,1.0,0.0,0.0,0.0,276.4,275.6,277.0,0.772,272.8,0.531,273.0,0.842,274.2,0.002,14.03,1.0,3.0,0.0,-6.511,0.0,20.48,13.46,0.0,-0.023,-0.017,-0.017,-0.405,-0.068,0.625,0.0,-4.825,-9.61,-10.0,-10.24,-9.71,-9.76,-9.9,-149.3,-9.920000000000002,-9.5,0.025,-0.003,-0.004,-0.004,-0.003,0.0069999999999999,0.0,0.0,6472.0,9103.0,9059.0,9238.0,7861.0,7836.0,6348.0,0.0,0.0,0.0,0.0,0.0,0.0,0.0,0.0,11.63,0.0,60.14,0.0,0.0,0.0,0.0,16.0,0.0,0.0,0.0,0.0,0.0,-7.764999999999999,-7.872,0.0,-9.54,292.8,33.3,3.167,3.473,-1.0,3.363,7.4,4901
2016-01-20 00:16:00,0.0,0.0,0.0,1067290.0,62.9,59.9,60.0,0.0,40789.0,507.0,93035.0,1024949.0,0.0,1.0,0.0,0.0,0.0,276.4,275.8,277.1,0.772,273.0,0.531,273.0,0.842,274.6,0.002,14.03,1.0,3.0,0.0,-6.5120000000000005,0.0,20.76,13.41,0.0,-0.023,-0.0149999999999999,-0.017,-0.405,-0.085,0.936,0.0,-4.828,-9.61,-9.98,-10.16,-9.65,-9.66,-9.82,-149.1,-9.82,-9.39,0.027,-0.003,-0.004,-0.003,-0.002,0.006,0.001,0.002,6472.0,9103.0,9059.0,9238.0,7861.0,7836.0,6348.0,0.0,0.0,0.0,0.0,0.0,0.0,0.0,0.0,11.6,0.0,60.14,0.0,0.0,0.0,0.0,16.0,0.0,0.0,0.0,0.0,0.0,-7.626,-7.877999999999998,0.0,-9.54,312.1,25.54,4.0,3.473,-1.0,4.72,8.3,4901
2016-01-20 00:17:00,0.0,0.0,0.0,1067290.0,62.9,59.9,60.0,0.0,40789.0,507.0,93035.0,1024949.0,0.0,1.0,0.0,0.0,0.0,276.5,275.9,277.2,0.772,272.8,0.531,273.0,0.842,274.8,0.002,14.03,1.0,3.0,0.0,-6.513,0.0,20.71,13.32,0.0,-0.023,-0.016,-0.017,-0.405,-0.068,0.6029999999999999,0.0,-4.825,-9.68,-10.0,-10.1,-9.62,-9.62,-9.8,-149.6,-9.79,-9.33,0.022,-0.002,-0.003,-0.004,-0.002,0.006,0.0,0.001,6472.0,9103.0,9059.0,9238.0,7861.0,7836.0,6348.0,0.0,0.0,0.0,0.0,0.0,0.0,0.0,0.0,11.53,0.0,60.14,0.0,0.0,0.0,0.0,16.0,0.0,0.0,0.0,0.0,0.0,-7.672,-7.872999999999998,0.0,-9.590000000000002,295.5,14.52,3.333,3.473,-1.0,2.48,4.3,4901
2016-01-20 00:18:00,0.0,0.0,0.0,1067290.0,62.9,59.9,60.0,0.0,40789.0,507.0,93035.0,1024949.0,0.0,1.0,0.0,0.0,0.0,276.1,275.8,277.2,0.772,272.6,0.531,273.0,0.842,274.8,0.002,14.03,1.0,3.0,0.0,-6.526,0.0,20.77,13.3,0.0,-0.023,-0.017,-0.017,-0.407,-0.062,0.824,0.0,-4.893,-9.61,-9.95,-10.1,-9.62,-9.63,-9.82,-149.7,-9.81,-9.44,0.024,-0.003,-0.004,-0.003,-0.002,0.006,0.0,0.001,6472.0,9103.0,9059.0,9238.0,7861.0,7836.0,6348.0,0.0,0.0,0.0,0.0,0.0,0.0,0.0,0.0,11.49,0.0,60.15,0.0,0.0,0.0,0.0,16.0,0.0,0.0,0.0,0.0,0.0,-7.7029999999999985,-7.817,0.0,-9.51,292.0,19.41,3.667,3.473,-1.0,2.453,5.2,4901
2016-01-20 00:19:00,0.0,0.0,0.0,1067290.0,62.9,59.9,60.0,0.0,40789.0,507.0,93035.0,1024949.0,0.0,1.0,0.0,0.0,0.0,276.0,275.6,277.1,0.772,272.0,0.531,272.9,0.842,274.0,0.002,14.03,1.0,3.0,0.0,-6.532,0.0,20.58,13.24,0.0,-0.023,-0.017,-0.017,-0.405,-0.081,0.7440000000000001,0.0,-4.907,-9.56,-9.89,-10.16,-9.62,-9.63,-9.82,-149.5,-9.81,-9.43,0.023,-0.003,-0.004,-0.003,-0.002,0.006,0.0,0.0,6472.0,9103.0,9059.0,9238.0,7861.0,7836.0,6348.0,0.0,0.0,0.0,0.0,0.0,0.0,0.0,0.0,11.49,0.0,60.14,0.0,0.0,0.0,0.0,16.0,0.0,0.0,0.0,0.0,0.0,-7.76,-7.8279999999999985,0.0,-9.45,280.1,16.1,3.333,3.472,-1.0,4.052,6.9,4901
2016-01-20 00:20:00,0.0,0.0,0.0,1067290.0,62.9,59.9,60.0,0.0,40789.0,507.0,93035.0,1024949.0,0.0,1.0,0.0,0.0,0.0,276.0,275.4,277.0,0.772,272.0,0.531,272.4,0.842,274.1,0.002,14.03,1.0,3.0,0.0,-6.532,0.0,20.7,13.22,0.0,-0.023,-0.017,-0.017,-0.405,-0.068,0.7759999999999999,0.0,-4.907,-9.52,-9.89,-10.03,-9.53,-9.55,-9.76,-124.2,-9.76,-9.38,0.019,-0.003,-0.004,-0.003,-0.002,0.0069999999999999,0.001,0.001,6472.0,9103.0,9059.0,9238.0,7861.0,7836.0,6348.0,0.0,0.0,0.0,0.0,0.0,0.0,0.0,0.0,11.43,0.0,60.14,0.0,0.0,0.0,0.0,16.0,0.0,0.0,0.0,0.0,0.0,-7.699,-7.841,0.0,-9.43,297.7,22.08,3.5,3.473,-1.0,3.662,6.3,4901
2016-01-20 00:21:00,0.0,0.0,0.0,1067290.0,62.9,59.9,60.0,0.0,40789.0,507.0,93035.0,1024949.0,0.0,1.0,0.0,0.0,0.0,276.1,275.4,276.9,0.772,272.0,0.531,272.1,0.842,274.0,0.002,14.03,1.0,3.0,0.0,-6.532,0.0,20.6,13.22,0.0,-0.023,-0.017,-0.017,-0.407,-0.0869999999999999,0.6029999999999999,0.0,-4.907,-9.56,-9.9,-10.06,-9.58,-9.62,-9.79,-124.1,-9.76,-9.43,0.024,-0.003,-0.004,-0.003,-0.002,0.006,0.0,0.0,6472.0,9103.0,9059.0,9238.0,7861.0,7836.0,6348.0,0.0,0.0,0.0,0.0,0.0,0.0,0.0,0.0,11.39,0.0,60.14,0.0,0.0,0.0,0.0,16.0,0.0,0.0,0.0,0.0,0.0,-7.684,-7.934,0.0,-9.53,319.5,14.6,3.0,3.472,-1.0,2.902,4.1,4901
2016-01-20 00:22:00,0.0,0.0,0.0,1067290.0,62.9,59.9,60.0,0.0,40789.0,507.0,93035.0,1024949.0,0.0,1.0,0.0,0.0,0.0,276.0,275.4,277.0,0.772,272.0,0.531,272.0,0.842,274.0,0.002,14.03,1.0,3.0,0.0,-6.532,0.0,20.51,13.24,0.0,-0.023,-0.017,-0.017,-0.4029999999999999,-0.085,0.823,0.0,-4.907,-9.68,-10.03,-10.16,-9.74,-9.76,-9.87,-128.4,-9.82,-9.43,0.017,-0.002,-0.003,-0.003,-0.003,0.006,0.001,0.0,6472.0,9103.0,9059.0,9238.0,7861.0,7836.0,6348.0,0.0,0.0,0.0,0.0,0.0,0.0,0.0,0.0,11.36,0.0,60.14,0.0,0.0,0.0,0.0,16.0,0.0,0.0,0.0,0.0,0.0,-7.7639999999999985,-8.01,0.0,-9.63,308.0,15.23,3.667,3.473,-1.0,3.102,4.4,4901
2016-01-20 00:23:00,0.0,0.0,0.0,1067290.0,62.9,59.9,60.0,0.0,40789.0,507.0,93035.0,1024949.0,0.0,1.0,0.0,0.0,0.0,275.9,275.6,277.2,0.772,272.1,0.531,272.9,0.842,274.2,0.002,14.03,1.0,3.0,0.0,-6.532,0.0,20.77,13.21,0.0,-0.023,-0.017,-0.017,-0.405,-0.064,0.5939999999999999,0.0,-4.907,-9.71,-10.07,-10.19,-9.78,-9.79,-9.9,-82.5,-9.87,-9.43,0.018,-0.003,-0.004,-0.003,-0.002,0.0069999999999999,0.001,0.001,6472.0,9103.0,9059.0,9238.0,7861.0,7836.0,6348.0,0.0,0.0,0.0,0.0,0.0,0.0,0.0,0.0,11.29,0.0,60.13,0.0,0.0,0.0,0.0,16.0,0.0,0.0,0.0,0.0,0.0,-7.737999999999999,-7.976,0.0,-9.62,306.1,12.49,3.0,3.472,-1.0,4.802,8.0,4901
2016-01-20 00:24:00,0.0,0.0,0.0,1067290.0,62.9,59.9,60.0,0.0,40789.0,507.0,93035.0,1024949.0,0.0,1.0,0.0,0.0,0.0,276.1,275.5,277.1,0.772,272.3,0.531,272.8,0.842,274.4,0.002,14.04,1.0,3.0,0.0,-6.532,0.0,20.75,13.15,0.0,-0.023,-0.016,-0.017,-0.407,-0.059,0.935,0.0,-4.907,-9.69,-9.98,-10.03,-9.63,-9.63,-9.82,-128.7,-9.75,-9.33,0.024,-0.002,-0.005,-0.004,-0.003,0.006,0.0,0.001,6472.0,9103.0,9059.0,9238.0,7861.0,7836.0,6348.0,0.0,0.0,0.0,0.0,0.0,0.0,0.0,0.0,11.23,0.0,60.15,0.0,0.0,0.0,0.0,16.0,0.0,0.0,0.0,0.0,0.0,-7.681,-7.923999999999999,0.0,-9.61,303.7,11.99,4.0,3.473,-1.0,3.755,6.3,4901
2016-01-20 00:25:00,0.0,0.0,0.0,1067290.0,62.9,59.9,60.0,0.0,40789.0,507.0,93035.0,1024949.0,0.0,1.0,0.0,0.0,0.0,276.0,275.5,277.0,0.772,272.1,0.531,272.7,0.842,274.0,0.002,14.03,1.0,3.0,0.0,-6.532,0.0,20.6,13.15,0.0,-0.023,-0.016,-0.017,-0.405,-0.074,0.633,0.0,-4.907,-9.71,-10.06,-10.03,-9.65,-9.68,-9.82,-107.6,-9.81,-9.33,0.024,-0.003,-0.004,-0.004,-0.003,0.0069999999999999,0.0,0.0,6472.0,9103.0,9059.0,9238.0,7861.0,7836.0,6348.0,0.0,0.0,0.0,0.0,0.0,0.0,0.0,0.0,11.22,0.0,60.15,0.0,0.0,0.0,0.0,16.0,0.0,0.0,0.0,0.0,0.0,-7.6629999999999985,-7.953999999999998,0.0,-9.66,318.2,16.0,3.167,3.473,-1.0,4.107,6.7,4901
2016-01-20 00:26:00,0.0,0.0,0.0,1067290.0,62.9,59.9,60.0,0.0,40789.0,507.0,93035.0,1024949.0,0.0,1.0,0.0,0.0,0.0,275.9,275.4,277.0,0.772,272.0,0.531,272.3,0.842,274.0,0.002,14.03,1.0,3.0,0.0,-6.542999999999999,0.0,20.53,13.13,0.0,-0.023,-0.017,-0.017,-0.405,-0.068,0.927,0.0,-4.907,-9.69,-10.04,-10.0,-9.62,-9.7,-9.82,-128.2,-9.75,-9.31,0.023,-0.003,-0.004,-0.004,-0.003,0.006,0.0,0.0,6472.0,9103.0,9059.0,9238.0,7861.0,7836.0,6348.0,0.0,0.0,0.0,0.0,0.0,0.0,0.0,0.0,11.22,0.0,60.15,0.0,0.0,0.0,0.0,16.0,0.0,0.0,0.0,0.0,0.0,-7.766,-7.971,0.0,-9.670000000000002,299.1,30.52,3.833,3.473,-1.0,3.742,7.0,4901
2016-01-20 00:27:00,0.0,0.0,0.0,1067290.0,62.9,59.9,60.0,0.0,40789.0,507.0,93035.0,1024949.0,0.0,1.0,0.0,0.0,0.0,276.1,275.5,276.9,0.772,272.0,0.531,272.7,0.842,274.0,0.002,14.03,1.0,3.0,0.0,-6.554,0.0,20.63,13.08,0.0,-0.021,-0.0149999999999999,-0.017,-0.407,-0.066,0.6029999999999999,0.0,-4.939,-9.64,-9.93,-9.98,-9.58,-9.58,-9.74,-123.8,-9.65,-9.27,0.0139999999999999,-0.002,-0.004,-0.004,-0.002,0.006,0.0,0.0,6472.0,9103.0,9059.0,9238.0,7861.0,7836.0,6348.0,0.0,0.0,0.0,0.0,0.0,0.0,0.0,0.0,11.22,0.0,60.15,0.0,0.0,0.0,0.0,16.0,0.0,0.0,0.0,0.0,0.0,-7.707999999999998,-7.827,0.0,-9.52,296.8,24.89,3.0,3.472,-1.0,4.592,6.4,4901
2016-01-20 00:28:00,0.0,0.0,0.0,1067290.0,62.9,59.9,60.0,0.0,40789.0,507.0,93035.0,1024949.0,0.0,1.0,0.0,0.0,0.0,275.9,275.5,276.9,0.772,272.0,0.531,272.9,0.842,274.0,0.002,14.03,1.0,3.0,0.0,-6.554,0.0,20.67,13.05,0.0,-0.02,-0.013,-0.016,-0.407,-0.066,0.632,0.0,-4.989,-9.58,-9.87,-9.9,-9.52,-9.52,-9.63,-149.3,-9.6,-9.22,0.019,-0.003,-0.004,-0.004,-0.003,0.006,-0.001,0.001,6472.0,9103.0,9059.0,9238.0,7861.0,7836.0,6348.0,0.0,0.0,0.0,0.0,0.0,0.0,0.0,0.0,11.15,0.0,60.14,0.0,0.0,0.0,0.0,16.0,0.0,0.0,0.0,0.0,0.0,-7.728,-7.856,0.0,-9.54,313.7,18.49,3.333,3.473,-1.0,4.173,6.5,4901
2016-01-20 00:29:00,0.0,0.0,0.0,1067290.0,62.9,59.9,60.0,0.0,40789.0,507.0,93035.0,1024949.0,0.0,1.0,0.0,0.0,0.0,276.3,275.5,276.9,0.772,272.7,0.531,272.7,0.842,274.0,0.002,14.04,1.0,3.0,0.0,-6.554,0.0,20.7,12.97,0.0,-0.018,-0.013,-0.0149999999999999,-0.407,-0.078,0.936,0.0,-5.003,-9.590000000000002,-9.89,-9.9,-9.52,-9.52,-9.63,-128.7,-9.62,-9.16,0.017,-0.003,-0.004,-0.004,-0.002,0.006,0.0,0.0,6472.0,9103.0,9059.0,9238.0,7861.0,7836.0,6348.0,0.0,0.0,0.0,0.0,0.0,0.0,0.0,0.0,11.09,0.0,60.17,0.0,0.0,0.0,0.0,16.0,0.0,0.0,0.0,0.0,0.0,-7.652999999999999,-7.837999999999998,0.0,-9.47,306.5,23.03,4.0,3.472,-1.0,3.012,4.8,4901
2016-01-20 00:30:00,0.0,0.0,0.0,1067290.0,62.9,59.9,60.0,0.0,40789.0,507.0,93035.0,1024949.0,0.0,1.0,0.0,0.0,0.0,276.1,275.5,276.9,0.772,272.7,0.531,272.3,0.842,274.0,0.002,14.03,1.0,3.0,0.0,-6.554,0.0,20.57,12.9,0.0,-0.021,-0.016,-0.017,-0.407,-0.066,0.631,0.0,-5.003,-9.55,-9.85,-9.95,-9.54,-9.55,-9.66,-149.2,-9.65,-9.3,0.018,-0.003,-0.004,-0.003,-0.003,0.006,0.0,0.001,6472.0,9103.0,9059.0,9238.0,7861.0,7836.0,6348.0,0.0,0.0,0.0,0.0,0.0,0.0,0.0,0.0,11.08,0.0,60.22,0.0,0.0,0.0,0.0,16.0,0.0,0.0,0.0,0.0,0.0,-7.695,-7.843,0.0,-9.48,288.5,24.11,3.167,3.472,-1.0,2.493,4.7,4901
2016-01-20 00:31:00,0.0,0.0,0.0,1067290.0,62.9,59.9,60.0,0.0,40789.0,507.0,93035.0,1024949.0,0.0,1.0,0.0,0.0,0.0,276.4,275.0,276.6,0.772,272.0,0.531,272.0,0.842,274.0,0.002,14.03,1.0,3.0,0.0,-6.554,0.0,20.61,12.9,0.0,-0.023,-0.017,-0.017,-0.405,-0.081,0.784,0.0,-5.003,-9.61,-9.920000000000002,-10.0,-9.62,-9.62,-9.79,-103.1,-9.71,-9.33,0.027,-0.003,-0.004,-0.004,-0.002,0.006,0.0,0.0,6472.0,9103.0,9059.0,9238.0,7861.0,7836.0,6348.0,0.0,0.0,0.0,0.0,0.0,0.0,0.0,0.0,11.02,0.0,60.22,0.0,0.0,0.0,0.0,16.0,0.0,0.0,0.0,0.0,0.0,-7.683,-7.893,0.0,-9.51,295.3,25.23,3.5,3.473,-1.0,3.373,5.7,4901
2016-01-20 00:32:00,0.0,0.0,0.0,1067290.0,62.9,59.9,60.0,0.0,40789.0,507.0,93035.0,1024949.0,0.0,1.0,0.0,0.0,0.0,276.1,275.2,276.9,0.772,272.0,0.531,272.0,0.842,274.0,-0.002,13.79,1.0,1.0,0.0,-6.554,0.0,20.54,12.85,0.0,-0.023,-0.017,-0.017,-0.3689999999999999,-0.07,0.5929999999999999,0.001,-5.003,-9.55,-9.88,-10.0,-9.58,-9.58,-9.73,-149.5,-9.68,-9.33,0.0149999999999999,-0.003,-0.004,-0.004,-0.003,0.0069999999999999,0.0,0.0,6472.0,9103.0,9059.0,9238.0,7861.0,7836.0,6348.0,0.0,0.0,0.0,0.0,0.0,0.0,0.0,0.0,10.95,0.0,60.21,0.0,0.0,0.0,0.0,16.0,0.0,0.0,0.0,0.0,0.0,-7.641,-7.845,0.0,-9.47,298.2,17.98,3.0,3.473,-1.0,3.338,5.6,4901
2016-01-20 00:33:00,0.0,0.0,0.0,1067290.0,62.9,59.9,60.0,0.0,40789.0,507.0,93035.0,1024949.0,0.0,1.0,0.0,0.0,0.0,276.3,275.3,276.9,0.772,272.7,0.531,272.5,0.842,274.0,0.006,13.79,1.0,3.0,0.0,-6.554,0.0,20.44,12.81,0.0,-0.023,-0.017,-0.017,-0.407,-0.0759999999999999,0.928,0.0,-5.003,-9.53,-9.87,-10.0,-9.52,-9.55,-9.71,-149.5,-9.69,-9.33,0.02,-0.002,-0.004,-0.003,-0.003,0.006,0.0,0.001,6472.0,9103.0,9059.0,9238.0,7861.0,7836.0,6348.0,0.0,0.0,0.0,0.0,0.0,0.0,0.0,0.0,10.95,0.0,60.14,0.0,0.0,0.0,0.0,16.0,0.0,0.0,0.0,0.0,0.0,-7.691,-7.825,0.0,-9.47,295.5,24.91,4.0,3.473,-1.0,3.015,4.7,4901
2016-01-20 00:34:00,0.0,0.0,0.0,1067290.0,62.9,59.9,60.0,0.0,40789.0,507.0,93035.0,1024949.0,0.0,1.0,0.0,0.0,0.0,276.0,275.5,277.0,0.772,272.0,0.531,272.6,0.842,274.0,0.002,14.03,1.0,3.0,0.0,-6.554,0.0,20.52,12.72,0.0,-0.023,-0.017,-0.017,-0.407,-0.078,0.6029999999999999,0.0,-5.003,-9.61,-9.93,-10.0,-9.54,-9.62,-9.73,-128.6,-9.71,-9.33,0.018,-0.003,-0.004,-0.004,-0.003,0.006,0.0,0.0,6472.0,9103.0,9059.0,9238.0,7861.0,7836.0,6348.0,0.0,0.0,0.0,0.0,0.0,0.0,0.0,0.0,10.95,0.0,60.18,0.0,0.0,0.0,0.0,16.0,0.0,0.0,0.0,0.0,0.0,-7.692999999999999,-7.893,0.0,-9.57,304.8,29.34,3.0,3.472,-1.0,3.393,5.9,4901
2016-01-20 00:35:00,0.0,0.0,0.0,1067290.0,62.9,59.9,60.0,0.0,40789.0,507.0,93035.0,1024949.0,0.0,1.0,0.0,0.0,0.0,276.1,275.4,276.9,0.772,272.0,0.531,272.4,0.842,274.0,0.002,14.03,1.0,3.0,0.0,-6.554,0.0,20.77,12.8,0.0,-0.023,-0.017,-0.017,-0.405,-0.072,0.82,0.0,-5.003,-9.61,-9.920000000000002,-10.0,-9.55,-9.55,-9.68,-149.3,-9.71,-9.33,0.024,-0.003,-0.004,-0.004,-0.003,0.006,0.0,0.001,6472.0,9103.0,9059.0,9238.0,7861.0,7836.0,6348.0,0.0,0.0,0.0,0.0,0.0,0.0,0.0,0.0,10.89,0.0,60.14,0.0,0.0,0.0,0.0,16.0,0.0,0.0,0.0,0.0,0.0,-7.729,-7.857,0.0,-9.51,280.6,22.62,3.667,3.473,-1.0,3.747,6.3,4901
2016-01-20 00:36:00,0.0,0.0,0.0,1067290.0,62.9,59.9,60.0,0.0,40789.0,507.0,93035.0,1024949.0,0.0,1.0,0.0,0.0,0.0,276.2,275.2,276.9,0.772,272.0,0.531,272.2,0.842,274.0,0.002,14.03,1.0,3.0,0.0,-6.554,0.0,20.59,12.69,0.0,-0.023,-0.017,-0.017,-0.405,-0.074,0.7490000000000001,0.0,-5.003,-9.590000000000002,-9.88,-10.0,-9.52,-9.57,-9.7,-149.8,-9.71,-9.33,0.025,-0.003,-0.004,-0.003,-0.003,0.006,-0.001,0.0,6472.0,9103.0,9059.0,9238.0,7861.0,7836.0,6348.0,0.0,0.0,0.0,0.0,0.0,0.0,0.0,0.0,10.82,0.0,60.14,0.0,0.0,0.0,0.0,16.0,0.0,0.0,0.0,0.0,0.0,-7.732,-7.843,0.0,-9.5,290.7,13.42,3.333,3.473,-1.0,2.763,4.5,4901
2016-01-20 00:37:00,0.0,0.0,0.0,1067290.0,62.9,59.9,60.0,0.0,40789.0,507.0,93035.0,1024949.0,0.0,1.0,0.0,0.0,0.0,276.1,275.5,277.1,0.772,272.0,0.531,272.7,0.842,274.0,0.002,14.03,1.0,3.0,0.0,-6.554,0.0,20.66,12.66,0.0,-0.023,-0.017,-0.017,-0.407,-0.083,0.775,0.0,-5.003,-9.53,-9.89,-10.0,-9.54,-9.62,-9.69,-149.6,-9.73,-9.41,0.017,-0.003,-0.005,-0.003,-0.003,0.006,-0.001,0.0,6472.0,9103.0,9059.0,9238.0,7861.0,7836.0,6348.0,0.0,0.0,0.0,0.0,0.0,0.0,0.0,0.0,10.82,0.0,60.14,0.0,0.0,0.0,0.0,16.0,0.0,0.0,0.0,0.0,0.0,-7.756,-7.857,0.0,-9.51,317.4,31.47,3.5,3.472,-1.0,1.49,2.8,4901
2016-01-20 00:38:00,0.0,0.0,0.0,1067290.0,62.9,59.9,60.0,0.0,40789.0,507.0,93035.0,1024949.0,0.0,1.0,0.0,0.0,0.0,276.1,275.4,277.0,0.772,272.1,0.531,272.2,0.842,274.0,0.002,14.01,1.0,3.0,0.0,-6.554,0.0,20.61,12.63,0.0,-0.024,-0.017,-0.017,-0.356,-0.057,0.636,0.0,-5.003,-9.61,-9.91,-10.1,-9.62,-9.65,-9.8,-128.7,-9.79,-9.52,0.018,-0.002,-0.004,-0.004,-0.002,0.006,0.0,0.0,6472.0,9103.0,9059.0,9238.0,7861.0,7836.0,6348.0,0.0,0.0,0.0,0.0,0.0,0.0,0.0,0.0,10.78,0.0,60.14,0.0,0.0,0.0,0.0,16.0,0.0,0.0,0.0,0.0,0.0,-7.786,-7.913999999999999,0.0,-9.58,296.2,30.11,3.167,3.472,-1.0,2.832,4.6,4901
2016-01-20 00:39:00,0.0,0.0,0.0,1067290.0,62.9,59.9,60.0,0.0,40789.0,507.0,93035.0,1024949.0,0.0,1.0,0.0,0.0,0.0,276.1,275.4,276.9,0.772,272.7,0.531,272.4,0.842,274.0,0.002,14.03,1.0,3.0,0.0,-6.554,0.0,20.66,12.66,0.0,-0.026,-0.017,-0.017,-0.407,-0.0759999999999999,0.7490000000000001,0.0,-5.003,-9.71,-10.06,-10.19,-9.66,-9.71,-9.82,-56.4,-9.81,-9.52,0.0149999999999999,-0.002,-0.004,-0.004,-0.003,0.005,-0.001,-0.001,6472.0,9103.0,9059.0,9238.0,7861.0,7836.0,6348.0,0.0,0.0,0.0,0.0,0.0,0.0,0.0,0.0,10.7,0.0,60.18,0.0,0.0,0.0,0.0,16.0,0.0,0.0,0.0,0.0,0.0,-7.757999999999998,-7.933,0.0,-9.7,278.7,22.31,3.5,3.473,-1.0,2.133,3.3,4901
2016-01-20 00:40:00,0.0,0.0,0.0,1067290.0,62.9,59.9,60.0,0.0,40789.0,507.0,93035.0,1024949.0,0.0,1.0,0.0,0.0,0.0,276.3,275.4,276.9,0.772,272.5,0.531,272.2,0.842,274.0,0.002,14.03,1.0,3.0,0.0,-6.555,0.0,20.8,12.6,0.0,-0.026,-0.017,-0.017,-0.4029999999999999,-0.068,0.774,0.0,-5.003,-9.68,-10.01,-10.16,-9.65,-9.66,-9.82,-149.9,-9.81,-9.52,0.025,-0.003,-0.004,-0.004,-0.003,0.006,0.0,0.0,6472.0,9103.0,9059.0,9238.0,7861.0,7836.0,6348.0,0.0,0.0,0.0,0.0,0.0,0.0,0.0,0.0,10.68,0.0,60.13,0.0,0.0,0.0,0.0,16.0,0.0,0.0,0.0,0.0,0.0,-7.757999999999998,-7.853,0.0,-9.57,278.2,20.14,3.5,3.473,-1.0,3.4,6.3,4901
2016-01-20 00:41:00,0.0,0.0,0.0,1067290.0,62.9,59.9,60.0,0.0,40789.0,507.0,93035.0,1024949.0,0.0,1.0,0.0,0.0,0.0,276.3,275.3,276.9,0.772,272.4,0.531,272.0,0.842,274.0,0.002,14.03,1.0,3.0,0.0,-6.565,0.0,20.64,12.59,0.0,-0.023,-0.017,-0.017,-0.407,-0.0759999999999999,0.637,0.0,-5.003,-9.61,-9.89,-10.11,-9.62,-9.62,-9.81,-150.0,-9.77,-9.47,0.019,-0.003,-0.004,-0.004,-0.002,0.006,0.001,0.0,6472.0,9103.0,9059.0,9238.0,7861.0,7836.0,6348.0,0.0,0.0,0.0,0.0,0.0,0.0,0.0,0.0,10.68,0.0,60.15,0.0,0.0,0.0,0.0,16.0,0.0,0.0,0.0,0.0,0.0,-7.7029999999999985,-7.777999999999999,0.0,-9.52,287.6,16.33,3.167,3.472,-1.0,4.56,7.0,4901
2016-01-20 00:42:00,0.0,0.0,0.0,1067290.0,62.9,59.9,60.0,0.0,40789.0,507.0,93035.0,1024949.0,0.0,1.0,0.0,0.0,0.0,276.4,275.4,276.9,0.772,272.7,0.531,272.3,0.842,274.0,0.002,14.03,1.0,3.0,0.0,-6.577000000000001,0.0,20.53,12.59,0.0,-0.023,-0.017,-0.017,-0.407,-0.0759999999999999,0.7509999999999998,0.0,-5.003,-9.590000000000002,-9.91,-10.06,-9.6,-9.62,-9.73,-149.3,-9.71,-9.43,0.024,-0.002,-0.004,-0.003,-0.002,0.006,-0.001,0.0,6472.0,9103.0,9059.0,9238.0,7861.0,7836.0,6348.0,0.0,0.0,0.0,0.0,0.0,0.0,0.0,0.0,10.65,0.0,60.15,0.0,0.0,0.0,0.0,16.0,0.0,0.0,0.0,0.0,0.0,-7.675,-7.817999999999999,0.0,-9.47,310.6,21.28,3.333,3.473,-1.0,3.558,6.7,4901
2016-01-20 00:43:00,0.0,0.0,0.0,1067290.0,62.9,59.9,60.0,0.0,40789.0,507.0,93035.0,1024949.0,0.0,1.0,0.0,0.0,0.0,276.1,275.4,277.0,0.772,272.8,0.531,272.1,0.842,274.0,0.002,14.03,1.0,3.0,0.0,-6.577000000000001,0.0,20.71,12.54,0.0,-0.023,-0.017,-0.017,-0.405,-0.074,0.775,0.0,-5.032,-9.61,-9.9,-10.13,-9.62,-9.66,-9.81,-103.5,-9.79,-9.43,0.023,-0.002,-0.004,-0.005,-0.003,0.006,0.0,0.001,6472.0,9103.0,9059.0,9238.0,7861.0,7836.0,6348.0,0.0,0.0,0.0,0.0,0.0,0.0,0.0,0.0,10.55,0.0,60.14,0.0,0.0,0.0,0.0,16.0,0.0,0.0,0.0,0.0,0.0,-7.767,-7.907,0.0,-9.54,288.5,22.5,3.5,3.472,-1.0,2.178,3.2,4901
2016-01-20 00:44:00,0.0,0.0,0.0,1067290.0,62.9,59.9,60.0,0.0,40789.0,507.0,93035.0,1024949.0,0.0,1.0,0.0,0.0,0.0,276.2,275.4,277.0,0.772,272.8,0.531,272.0,0.842,274.0,0.002,14.03,1.0,3.0,0.0,-6.577000000000001,0.0,20.5,12.53,0.0,-0.023,-0.017,-0.017,-0.407,-0.078,0.7929999999999999,0.0,-5.07,-9.61,-9.88,-10.16,-9.62,-9.71,-9.82,-102.9,-9.81,-9.52,0.0279999999999999,-0.003,-0.005,-0.004,-0.003,0.006,-0.001,0.001,6472.0,9103.0,9059.0,9238.0,7861.0,7836.0,6348.0,0.0,0.0,0.0,0.0,0.0,0.0,0.0,0.0,10.55,0.0,60.14,0.0,0.0,0.0,0.0,16.0,0.0,0.0,0.0,0.0,0.0,-7.772,-7.883999999999999,0.0,-9.51,293.5,21.68,3.5,3.473,-1.0,3.142,6.0,4901
2016-01-20 00:45:00,0.0,0.0,0.0,1067290.0,62.9,59.9,60.0,0.0,40789.0,507.0,93035.0,1024949.0,0.0,1.0,0.0,0.0,0.0,276.5,275.5,277.0,0.772,273.0,0.531,273.0,0.842,274.2,0.002,14.03,1.0,3.0,0.0,-6.577000000000001,0.0,20.43,12.48,0.0,-0.023,-0.017,-0.017,-0.4029999999999999,-0.081,0.775,0.0,-5.099,-9.58,-9.9,-10.18,-9.62,-9.69,-9.82,-149.1,-9.81,-9.46,0.017,-0.003,-0.004,-0.003,-0.002,0.005,0.0,0.0,6472.0,9103.0,9059.0,9238.0,7861.0,7836.0,6348.0,0.0,0.0,0.0,0.0,0.0,0.0,0.0,0.0,10.47,0.0,60.15,0.0,0.0,0.0,0.0,16.0,0.0,0.0,0.0,0.0,0.0,-7.723,-7.907,0.0,-9.46,293.7,15.03,3.5,3.473,-1.0,3.552,5.1,4901
2016-01-20 00:46:00,0.0,0.0,0.0,1067290.0,62.9,59.9,60.0,0.0,40789.0,507.0,93035.0,1024949.0,0.0,1.0,0.0,0.0,0.0,276.3,275.5,277.0,0.772,272.8,0.531,272.9,0.842,274.0,0.002,14.03,2.0,3.0,0.0,-6.577000000000001,0.0,20.72,12.43,0.0,-0.023,-0.017,-0.017,-0.407,-0.083,0.5949999999999999,0.0,-5.099,-9.52,-9.87,-10.13,-9.62,-9.63,-9.81,-128.4,-9.79,-9.43,0.019,-0.003,-0.005,-0.004,-0.003,0.006,-0.001,0.001,6472.0,9103.0,9059.0,9238.0,7861.0,7836.0,6348.0,0.0,0.0,0.0,0.0,0.0,0.0,0.0,0.0,10.41,0.0,60.14,0.0,0.0,0.0,0.0,16.0,0.0,0.0,0.0,0.0,0.0,-7.753999999999999,-7.853,0.0,-9.41,310.2,17.21,3.0,3.472,-1.0,4.267,6.7,4901
2016-01-20 00:47:00,0.0,0.0,0.0,1067290.0,62.9,59.9,60.0,0.0,40789.0,507.0,93035.0,1024949.0,0.0,1.0,0.0,0.0,0.0,276.1,275.7,277.2,0.772,272.8,0.531,273.0,0.842,274.0,0.002,14.03,1.0,3.0,0.0,-6.577000000000001,0.0,20.71,12.32,0.0,-0.023,-0.017,-0.017,-0.4029999999999999,-0.07,0.636,0.0,-5.099,-9.55,-9.82,-10.14,-9.68,-9.7,-9.840000000000002,-129.0,-9.81,-9.43,0.025,-0.003,-0.004,-0.004,-0.002,0.005,-0.001,0.0,6472.0,9103.0,9059.0,9238.0,7861.0,7836.0,6348.0,0.0,0.0,0.0,0.0,0.0,0.0,0.0,0.0,10.41,0.0,60.14,0.0,0.0,0.0,0.0,16.0,0.0,0.0,0.0,0.0,0.0,-7.696,-7.955,0.0,-9.5,308.1,13.55,3.5,3.473,-1.0,3.93,6.3,4901
2016-01-20 00:48:00,0.0,0.0,0.0,1067290.0,62.9,59.9,60.0,0.0,40789.0,507.0,93035.0,1024949.0,0.0,1.0,0.0,0.0,0.0,276.0,275.6,277.2,0.772,272.4,0.531,272.8,0.842,274.1,0.002,14.04,1.0,3.0,0.0,-6.577000000000001,0.0,20.54,12.35,0.0,-0.023,-0.017,-0.017,-0.407,-0.062,0.942,0.0,-5.099,-9.61,-9.87,-10.19,-9.71,-9.79,-9.82,-128.8,-9.840000000000002,-9.43,0.025,-0.002,-0.005,-0.004,-0.002,0.006,0.0,0.0,6472.0,9103.0,9059.0,9238.0,7861.0,7836.0,6348.0,0.0,0.0,0.0,0.0,0.0,0.0,0.0,0.0,10.39,0.0,60.15,0.0,0.0,0.0,0.0,16.0,0.0,0.0,0.0,0.0,0.0,-7.73,-7.953999999999998,0.0,-9.5,307.4,24.01,3.833,3.472,-1.0,3.478,5.6,4901
2016-01-20 00:49:00,0.0,0.0,0.0,1067290.0,62.9,59.9,60.0,0.0,40789.0,507.0,93035.0,1024949.0,0.0,1.0,0.0,0.0,0.0,276.1,275.6,277.2,0.772,272.5,0.531,273.0,0.842,274.4,0.002,14.03,1.0,3.0,0.0,-6.577000000000001,0.0,20.63,12.36,0.0,-0.022,-0.0149999999999999,-0.017,-0.407,-0.074,0.626,0.0,-5.099,-9.590000000000002,-9.91,-10.11,-9.69,-9.71,-9.82,-128.8,-9.79,-9.3,0.019,-0.003,-0.004,-0.005,-0.002,0.006,0.0,0.0,6472.0,9103.0,9059.0,9238.0,7861.0,7836.0,6348.0,0.0,0.0,0.0,0.0,0.0,0.0,0.0,0.0,10.3,0.0,60.23,0.0,0.0,0.0,0.0,16.0,0.0,0.0,0.0,0.0,0.0,-7.7189999999999985,-7.952,0.0,-9.51,306.1,13.91,3.167,3.473,-1.0,5.418,8.099999999999998,4901
2016-01-20 00:50:00,0.0,0.0,0.0,1067290.0,62.9,59.9,60.0,0.0,40789.0,507.0,93035.0,1024949.0,0.0,1.0,0.0,0.0,0.0,276.2,275.8,277.3,0.772,273.0,0.531,273.0,0.842,275.0,0.002,14.03,1.0,3.0,0.0,-6.577000000000001,0.0,20.63,12.35,0.0,-0.019,-0.013,-0.016,-0.401,-0.078,0.934,0.0,-5.099,-9.47,-9.81,-10.0,-9.58,-9.58,-9.76,-128.8,-9.74,-9.170000000000002,0.024,-0.003,-0.004,-0.004,-0.003,0.006,0.0,0.001,6472.0,9103.0,9059.0,9238.0,7861.0,7836.0,6348.0,0.0,0.0,0.0,0.0,0.0,0.0,0.0,0.0,10.28,0.0,60.17,0.0,0.0,0.0,0.0,16.0,0.0,0.0,0.0,0.0,0.0,-7.718,-7.852,0.0,-9.36,298.7,20.96,3.833,3.472,-1.0,4.19,7.5,4901
2016-01-20 00:51:00,0.0,0.0,0.0,1067290.0,62.9,59.9,60.0,0.0,40789.0,507.0,93035.0,1024949.0,0.0,1.0,0.0,0.0,0.0,276.5,275.9,277.4,0.772,273.0,0.531,273.0,0.842,275.0,0.002,14.03,1.0,3.0,0.0,-6.577000000000001,0.0,20.59,12.22,0.0,-0.017,-0.013,-0.0139999999999999,-0.407,-0.068,0.6039999999999999,0.0,-5.099,-9.39,-9.74,-10.0,-9.52,-9.55,-9.73,-124.1,-9.69,-9.16,0.02,-0.003,-0.004,-0.004,-0.002,0.005,0.0,0.0,6472.0,9103.0,9059.0,9238.0,7861.0,7836.0,6348.0,0.0,0.0,0.0,0.0,0.0,0.0,0.0,0.0,10.28,0.0,60.14,0.0,0.0,0.0,0.0,16.0,0.0,0.0,0.0,0.0,0.0,-7.722,-7.872999999999998,0.0,-9.38,313.7,12.87,3.0,3.472,-1.0,4.272,7.5,4901
2016-01-20 00:52:00,0.0,0.0,0.0,1067290.0,62.9,59.9,60.0,0.0,40789.0,507.0,93035.0,1024949.0,0.0,1.0,0.0,0.0,0.0,276.4,276.1,277.6,0.772,273.0,0.531,273.0,0.842,275.0,0.002,14.03,1.0,3.0,0.0,-6.577000000000001,0.0,20.66,12.17,0.0,-0.017,-0.013,-0.013,-0.405,-0.078,0.636,0.0,-5.099,-9.47,-9.79,-9.9,-9.52,-9.52,-9.64,-149.3,-9.63,-9.14,0.02,-0.003,-0.005,-0.003,-0.002,0.006,-0.001,0.0,6472.0,9103.0,9059.0,9238.0,7861.0,7836.0,6348.0,0.0,0.0,0.0,0.0,0.0,0.0,0.0,0.0,10.27,0.0,60.15,0.0,0.0,0.0,0.0,16.0,0.0,0.0,0.0,0.0,0.0,-7.716,-7.893,0.0,-9.39,299.4,21.15,3.167,3.472,-1.0,4.252,7.5,4901
2016-01-20 00:53:00,0.0,0.0,0.0,1067290.0,62.9,59.9,60.0,0.0,40789.0,507.0,93035.0,1024949.0,0.0,1.0,0.0,0.0,0.0,276.6,275.8,277.4,0.772,273.0,0.531,273.0,0.842,275.0,0.002,14.04,1.0,3.0,0.0,-6.58,0.0,20.46,12.12,0.0,-0.017,-0.013,-0.013,-0.407,-0.072,0.933,0.0,-5.117,-9.4,-9.66,-9.840000000000002,-9.44,-9.47,-9.58,-124.1,-9.53,-9.14,0.019,-0.002,-0.005,-0.005,-0.003,0.005,0.0,-0.001,6472.0,9103.0,9059.0,9238.0,7861.0,7836.0,6348.0,0.0,0.0,0.0,0.0,0.0,0.0,0.0,0.0,10.16,0.0,60.15,0.0,0.0,0.0,0.0,16.0,0.0,0.0,0.0,0.0,0.0,-7.713999999999999,-7.846,0.0,-9.33,301.3,16.28,4.0,3.473,-1.0,5.193,9.3,4901
2016-01-20 00:54:00,0.0,0.0,0.0,1067290.0,62.9,59.9,60.0,0.0,40789.0,507.0,93035.0,1024949.0,0.0,1.0,0.0,0.0,0.0,276.6,275.9,277.5,0.772,273.0,0.531,273.0,0.842,275.0,0.002,14.03,1.0,3.0,0.0,-6.58,0.0,20.63,12.07,0.0,-0.017,-0.013,-0.013,-0.407,-0.066,0.636,0.0,-5.163,-9.28,-9.66,-9.81,-9.41,-9.420000000000002,-9.52,-148.5,-9.5,-9.07,0.022,-0.003,-0.004,-0.004,-0.003,0.005,0.0,-0.001,6472.0,9103.0,9059.0,9238.0,7861.0,7836.0,6348.0,0.0,0.0,0.0,0.0,0.0,0.0,0.0,0.0,10.14,0.0,60.22,0.0,0.0,0.0,0.0,16.0,0.0,0.0,0.0,0.0,0.0,-7.713999999999999,-7.824,0.0,-9.29,306.8,26.48,3.167,3.472,-1.0,4.475,7.7,4901
2016-01-20 00:55:00,0.0,0.0,0.0,1067290.0,62.9,59.9,60.0,0.0,40789.0,507.0,93035.0,1024949.0,0.0,1.0,0.0,0.0,0.0,276.9,276.0,277.6,0.772,273.0,0.531,273.0,0.842,275.0,0.002,14.04,1.0,3.0,0.0,-6.579,0.0,20.58,12.06,0.0,-0.017,-0.013,-0.013,-0.407,-0.0759999999999999,0.933,0.0,-5.178,-9.39,-9.65,-9.79,-9.36,-9.420000000000002,-9.47,-123.2,-9.5,-9.090000000000002,0.02,-0.003,-0.004,-0.004,-0.002,0.005,-0.001,0.0,6472.0,9103.0,9059.0,9238.0,7861.0,7836.0,6348.0,0.0,0.0,0.0,0.0,0.0,0.0,0.0,0.0,10.13,0.0,60.22,0.0,0.0,0.0,0.0,16.0,0.0,0.0,0.0,0.0,0.0,-7.735,-7.865,0.0,-9.32,287.4,17.21,3.833,3.473,-1.0,4.487,7.1,4901
2016-01-20 00:56:00,0.0,0.0,0.0,1067290.0,62.9,59.9,60.0,0.0,40789.0,507.0,93035.0,1024949.0,0.0,1.0,0.0,0.0,0.0,276.7,276.0,277.6,0.772,273.0,0.531,273.0,0.842,275.0,0.002,14.03,1.0,3.0,0.0,-6.579,0.0,20.64,12.03,0.0,-0.017,-0.013,-0.013,-0.405,-0.0759999999999999,0.7759999999999999,0.0,-5.195,-9.39,-9.65,-9.79,-9.36,-9.41,-9.47,-123.4,-9.49,-9.04,0.02,-0.003,-0.005,-0.004,-0.003,0.006,-0.001,0.0,6472.0,9103.0,9059.0,9238.0,7861.0,7836.0,6348.0,0.0,0.0,0.0,0.0,0.0,0.0,0.0,0.0,10.03,0.0,60.22,0.0,0.0,0.0,0.0,16.0,0.0,0.0,0.0,0.0,0.0,-7.692,-7.889999999999999,0.0,-9.340000000000002,296.7,32.83,3.5,3.472,-1.0,4.468,7.7,4901
2016-01-20 00:57:00,0.0,0.0,0.0,1067290.0,62.9,59.9,60.0,0.0,40789.0,507.0,93035.0,1024949.0,0.0,1.0,0.0,0.0,0.0,276.5,276.0,277.7,0.772,273.0,0.531,273.0,0.842,275.0,0.002,14.03,1.0,3.0,0.0,-6.577000000000001,0.0,20.56,12.02,0.0,-0.017,-0.013,-0.013,-0.407,-0.074,0.6029999999999999,0.0,-5.163,-9.3,-9.65,-9.81,-9.340000000000002,-9.39,-9.44,-149.4,-9.47,-9.04,0.024,-0.004,-0.005,-0.004,-0.003,0.005,0.0,-0.001,6472.0,9103.0,9059.0,9238.0,7861.0,7836.0,6348.0,0.0,0.0,0.0,0.0,0.0,0.0,0.0,0.0,10.01,0.0,60.16,0.0,0.0,0.0,0.0,16.0,0.0,0.0,0.0,0.0,0.0,-7.712999999999998,-7.817,0.0,-9.26,293.3,21.49,3.333,3.473,-1.0,4.585,7.0,4901
2016-01-20 00:58:00,0.0,0.0,0.0,1067290.0,62.9,59.9,60.0,0.0,40789.0,507.0,93035.0,1024949.0,0.0,1.0,0.0,0.0,0.0,276.8,275.8,277.5,0.772,273.0,0.531,273.0,0.842,275.0,0.002,14.03,1.0,3.0,0.0,-6.577000000000001,0.0,20.58,12.01,0.0,-0.017,-0.013,-0.013,-0.405,-0.057,0.824,0.0,-5.195,-9.340000000000002,-9.6,-9.81,-9.36,-9.41,-9.49,-30.44,-9.5,-9.11,0.024,-0.003,-0.004,-0.004,-0.002,0.006,0.0,0.0,6472.0,9103.0,9059.0,9238.0,7861.0,7836.0,6348.0,0.0,0.0,0.0,0.0,0.0,0.0,0.0,0.0,9.97,0.0,60.23,0.0,0.0,0.0,0.0,16.0,0.0,0.0,0.0,0.0,0.0,-7.712999999999998,-7.852,0.0,-9.32,301.3,13.49,3.667,3.473,-1.0,3.162,4.8,4901
2016-01-20 00:59:00,0.0,0.0,0.0,1067290.0,62.9,59.9,60.0,0.0,40789.0,507.0,93035.0,1024949.0,0.0,1.0,0.0,0.0,0.0,277.0,275.8,277.6,0.772,273.0,0.531,273.0,0.842,275.0,0.002,14.03,1.0,3.0,0.0,-6.577000000000001,0.0,20.64,11.99,0.0,-0.02,-0.016,-0.0149999999999999,-0.405,-0.095,0.7440000000000001,0.0,-5.195,-9.44,-9.71,-9.82,-9.420000000000002,-9.52,-9.58,-35.26,-9.58,-9.2,0.02,-0.003,-0.004,-0.004,-0.004,0.006,-0.001,-0.001,6472.0,9103.0,9059.0,9238.0,7861.0,7836.0,6348.0,0.0,0.0,0.0,0.0,0.0,0.0,0.0,0.0,9.89,0.0,60.22,0.0,0.0,0.0,0.0,16.0,0.0,0.0,0.0,0.0,0.0,-7.753999999999999,-7.925,0.0,-9.44,322.4,15.18,3.5,3.472,-1.0,3.555,5.1,4901
2016-01-20 01:00:00,0.0,0.0,0.0,1067290.0,62.9,59.9,60.0,0.0,40789.0,507.0,93035.0,1024949.0,0.0,1.0,0.0,0.0,0.0,277.0,275.8,277.6,0.772,273.0,0.531,273.0,0.842,275.0,0.002,14.03,1.0,3.0,0.0,-6.577000000000001,0.0,20.52,12.01,0.0,-0.023,-0.0149999999999999,-0.017,-0.405,-0.068,0.775,0.0,-5.195,-9.6,-9.840000000000002,-9.9,-9.52,-9.52,-9.65,-30.41,-9.62,-9.23,0.019,-0.004,-0.005,-0.004,-0.003,0.006,0.0,-0.001,6472.0,9103.0,9059.0,9238.0,7861.0,7836.0,6348.0,0.0,0.0,0.0,0.0,0.0,0.0,0.0,0.0,9.87,0.0,60.19,0.0,0.0,0.0,0.0,16.0,0.0,0.0,0.0,0.0,0.0,-7.716,-7.981,0.0,-9.57,314.7,16.99,3.5,3.473,-1.0,4.745,7.0,4901
2016-01-20 01:01:00,0.0,0.0,0.0,1067290.0,62.9,59.9,60.0,0.0,40789.0,507.0,93035.0,1024949.0,0.0,1.0,0.0,0.0,0.0,277.1,275.7,277.4,0.772,273.0,0.531,273.0,0.842,275.0,0.002,14.03,1.0,3.0,0.0,-6.578,0.0,20.57,11.97,0.0,-0.021,-0.0139999999999999,-0.017,-0.407,-0.07,0.784,0.0,-5.195,-9.69,-9.82,-9.9,-9.52,-9.52,-9.66,-35.29,-9.6,-9.14,0.02,-0.003,-0.004,-0.004,-0.003,0.005,-0.001,-0.001,6472.0,9103.0,9059.0,9238.0,7861.0,7836.0,6348.0,0.0,0.0,0.0,0.0,0.0,0.0,0.0,0.0,9.87,0.0,60.13,0.0,0.0,0.0,0.0,16.0,0.0,0.0,0.0,0.0,0.0,-7.717,-7.965,0.0,-9.61,312.6,21.59,3.833,3.472,-1.0,3.34,5.9,4901
2016-01-20 01:02:00,0.0,0.0,0.0,1067290.0,62.9,59.9,60.0,0.0,40789.0,507.0,93035.0,1024949.0,0.0,1.0,0.0,0.0,0.0,276.8,275.7,277.4,0.772,273.0,0.531,273.0,0.842,275.0,0.002,14.03,1.0,3.0,0.0,-6.584,0.0,20.57,11.99,0.0,-0.023,-0.017,-0.017,-0.405,-0.068,0.6029999999999999,0.0,-5.195,-9.69,-9.9,-9.9,-9.52,-9.6,-9.73,-60.82,-9.590000000000002,-9.23,0.025,-0.003,-0.004,-0.005,-0.003,0.005,-0.001,0.0,6472.0,9103.0,9059.0,9238.0,7861.0,7836.0,6348.0,0.0,0.0,0.0,0.0,0.0,0.0,0.0,0.0,9.87,0.0,60.14,0.0,0.0,0.0,0.0,16.0,0.0,0.0,0.0,0.0,0.0,-7.774,-7.956,0.0,-9.65,302.4,26.74,3.333,3.473,-1.0,3.462,6.2,4901
2016-01-20 01:03:00,0.0,0.0,0.0,1067290.0,62.9,59.9,60.0,0.0,40789.0,507.0,93035.0,1024949.0,0.0,1.0,0.0,0.0,0.0,277.5,276.3,278.0,0.772,273.8,0.531,273.6,0.842,275.3,0.002,14.03,1.0,3.0,0.0,-6.596,0.0,20.6,11.96,0.0,-0.023,-0.017,-0.017,-0.407,-0.0759999999999999,0.817,0.0,-5.195,-9.71,-10.0,-9.98,-9.6,-9.62,-9.78,-9.64,-9.65,-9.33,0.023,-0.004,-0.004,-0.003,-0.003,0.005,0.0,0.001,6472.0,9103.0,9059.0,9238.0,7861.0,7836.0,6348.0,0.0,0.0,0.0,0.0,0.0,0.0,0.0,0.0,9.8,0.0,60.14,0.0,0.0,0.0,0.0,16.0,0.0,0.0,0.0,0.0,0.0,-7.78,-7.925,0.0,-9.68,281.4,29.12,3.667,3.473,-1.0,1.823,3.6,4901
2016-01-20 01:04:00,0.0,0.0,0.0,1067290.0,62.9,59.9,60.0,0.0,40789.0,507.0,93035.0,1024949.0,0.0,1.0,0.0,0.0,0.0,277.6,276.4,278.2,0.772,274.0,0.531,273.9,0.842,275.8,0.002,14.03,1.0,3.0,0.0,-6.599,0.0,20.64,11.97,0.0,-0.023,-0.017,-0.017,-0.407,-0.0909999999999999,0.7509999999999998,0.0,-5.195,-9.68,-9.96,-10.01,-9.62,-9.62,-9.82,-61.02,-9.76,-9.43,0.018,-0.003,-0.005,-0.004,-0.002,0.005,-0.001,0.0,6472.0,9103.0,9059.0,9238.0,7861.0,7836.0,6348.0,0.0,0.0,0.0,0.0,0.0,0.0,0.0,0.0,9.74,0.0,60.13,0.0,0.0,0.0,0.0,16.0,0.0,0.0,0.0,0.0,0.0,-7.833999999999999,-7.885,0.0,-9.590000000000002,288.4,43.06,3.333,3.473,-1.0,2.492,6.5,4901
2016-01-20 01:05:00,0.0,0.0,0.0,1067290.0,62.9,59.9,60.0,0.0,40789.0,507.0,93035.0,1024949.0,0.0,1.0,0.0,0.0,0.0,277.6,276.6,278.3,0.772,274.0,0.531,274.0,0.842,275.9,0.002,14.03,1.0,3.0,0.0,-6.599,0.0,20.6,11.93,0.0,-0.023,-0.017,-0.017,-0.405,-0.078,0.626,0.0,-5.195,-9.58,-9.88,-10.0,-9.55,-9.6,-9.71,-102.9,-9.68,-9.43,0.024,-0.003,-0.004,-0.004,-0.003,0.006,-0.001,0.0,6472.0,9103.0,9059.0,9238.0,7861.0,7836.0,6348.0,0.0,0.0,0.0,0.0,0.0,0.0,0.0,0.0,9.7,0.0,60.13,0.0,0.0,0.0,0.0,16.0,0.0,0.0,0.0,0.0,0.0,-7.746,-7.817,0.0,-9.47,284.9,22.84,3.167,3.473,-1.0,3.082,5.4,4901
2016-01-20 01:06:00,0.0,0.0,0.0,1067290.0,62.9,59.9,60.0,0.0,40789.0,507.0,93035.0,1024949.0,0.0,1.0,0.0,0.0,0.0,276.9,275.7,277.3,0.772,273.2,0.531,272.9,0.842,274.7,0.002,14.03,1.0,3.0,0.0,-6.599,0.0,20.62,11.9,0.0,-0.023,-0.017,-0.017,-0.407,-0.083,0.7829999999999999,0.0,-5.212999999999999,-9.48,-9.8,-10.0,-9.52,-9.52,-9.65,-77.11,-9.68,-9.43,0.023,-0.003,-0.005,-0.004,-0.002,0.006,-0.001,0.0,6472.0,9103.0,9059.0,9238.0,7861.0,7836.0,6348.0,0.0,0.0,0.0,0.0,0.0,0.0,0.0,0.0,9.6,0.0,60.13,0.0,0.0,0.0,0.0,16.0,0.0,0.0,0.0,0.0,0.0,-7.777999999999999,-7.825,0.0,-9.45,294.7,24.78,3.5,3.472,-1.0,2.275,4.2,4901
2016-01-20 01:07:00,0.0,0.0,0.0,1067290.0,62.9,59.9,60.0,0.0,40789.0,507.0,93035.0,1024949.0,0.0,1.0,0.0,0.0,0.0,276.5,275.3,276.9,0.772,273.0,0.531,272.8,0.842,274.0,0.002,14.03,1.0,3.0,0.0,-6.599,0.0,20.57,11.92,0.0,-0.023,-0.017,-0.017,-0.407,-0.059,0.752,0.0,-5.195,-9.53,-9.840000000000002,-10.05,-9.57,-9.62,-9.74,-149.7,-9.73,-9.48,0.02,-0.003,-0.005,-0.005,-0.002,0.005,-0.001,-0.001,6472.0,9103.0,9059.0,9238.0,7861.0,7836.0,6348.0,0.0,0.0,0.0,0.0,0.0,0.0,0.0,0.0,9.6,0.0,60.12,0.0,0.0,0.0,0.0,16.0,0.0,0.0,0.0,0.0,0.0,-7.752,-7.871,0.0,-9.52,305.3,19.47,3.333,3.472,-1.0,2.788,4.3,4901
2016-01-20 01:08:00,0.0,0.0,0.0,1067290.0,62.9,59.9,60.0,0.0,40789.0,507.0,93035.0,1024949.0,0.0,1.0,0.0,0.0,0.0,276.4,275.5,276.9,0.772,273.0,0.531,273.0,0.842,274.0,0.002,14.03,1.0,3.0,0.0,-6.599,0.0,20.63,11.84,0.0,-0.023,-0.017,-0.017,-0.407,-0.078,0.774,0.0,-5.195,-9.6,-9.920000000000002,-10.14,-9.66,-9.74,-9.82,-123.8,-9.78,-9.52,0.02,-0.003,-0.005,-0.004,-0.002,0.005,-0.001,0.0,6472.0,9103.0,9059.0,9238.0,7861.0,7836.0,6348.0,0.0,0.0,0.0,0.0,0.0,0.0,0.0,0.0,9.6,0.0,60.13,0.0,0.0,0.0,0.0,16.0,0.0,0.0,0.0,0.0,0.0,-7.76,-7.915,0.0,-9.6,289.2,12.61,3.5,3.473,-1.0,2.375,3.3,4901
2016-01-20 01:09:00,0.0,0.0,0.0,1067290.0,62.9,59.9,60.0,0.0,40789.0,507.0,93035.0,1024949.0,0.0,1.0,0.0,0.0,0.0,276.5,275.6,276.8,0.772,273.0,0.531,273.0,0.842,274.0,0.002,14.03,1.0,3.0,0.0,-6.599,0.0,20.57,11.8,0.0,-0.026,-0.017,-0.017,-0.407,-0.072,0.6029999999999999,0.0,-5.212999999999999,-9.69,-10.0,-10.19,-9.78,-9.81,-9.920000000000002,-129.2,-9.9,-9.590000000000002,0.02,-0.003,-0.006,-0.004,-0.003,0.005,-0.001,-0.001,6472.0,9103.0,9059.0,9238.0,7861.0,7836.0,6348.0,0.0,0.0,0.0,0.0,0.0,0.0,0.0,0.0,9.6,0.0,60.13,0.0,0.0,0.0,0.0,16.0,0.0,0.0,0.0,0.0,0.0,-7.767,-7.933,0.0,-9.64,293.4,38.77,3.333,3.473,-1.0,1.668,4.1,4901
2016-01-20 01:10:00,0.0,0.0,0.0,1067290.0,62.9,59.9,60.0,0.0,40789.0,507.0,93035.0,1024949.0,0.0,1.0,0.0,0.0,0.0,276.6,275.7,276.9,0.772,273.0,0.531,273.0,0.842,274.0,0.002,14.03,1.0,3.0,0.0,-6.599,0.0,20.63,11.75,0.0,-0.0279999999999999,-0.017,-0.017,-0.407,-0.072,0.7759999999999999,0.0,-5.245,-9.71,-10.05,-10.21,-9.81,-9.81,-9.920000000000002,-77.7,-9.9,-9.62,0.023,-0.003,-0.005,-0.004,-0.002,0.006,-0.001,0.0,6472.0,9103.0,9059.0,9238.0,7861.0,7836.0,6348.0,0.0,0.0,0.0,0.0,0.0,0.0,0.0,0.0,9.5,0.0,60.13,0.0,0.0,0.0,0.0,16.0,0.0,0.0,0.0,0.0,0.0,-7.779,-7.953999999999998,0.0,-9.66,299.6,18.66,3.5,3.472,-1.0,4.027,5.5,4901
2016-01-20 01:11:00,0.0,0.0,0.0,1067290.0,62.9,59.9,60.0,0.0,40789.0,507.0,93035.0,1024949.0,0.0,1.0,0.0,0.0,0.0,276.5,275.7,277.0,0.772,273.0,0.531,273.0,0.842,274.0,0.002,14.03,1.0,3.0,0.0,-6.599,0.0,20.61,11.67,0.0,-0.025,-0.017,-0.017,-0.405,-0.068,0.6029999999999999,0.0,-5.274,-9.74,-10.06,-10.19,-9.79,-9.81,-9.97,-129.0,-9.9,-9.49,0.022,-0.003,-0.004,-0.004,-0.003,0.006,-0.001,-0.001,6472.0,9103.0,9059.0,9238.0,7861.0,7836.0,6348.0,0.0,0.0,0.0,0.0,0.0,0.0,0.0,0.0,9.47,0.0,60.13,0.0,0.0,0.0,0.0,16.0,0.0,0.0,0.0,0.0,0.0,-7.711,-7.962999999999998,0.0,-9.74,335.6,14.71,3.333,3.472,-1.0,3.825,6.2,4901
2016-01-20 01:12:00,0.0,0.0,0.0,1067290.0,62.9,59.9,60.0,0.0,40789.0,507.0,93035.0,1024949.0,0.0,1.0,0.0,0.0,0.0,276.2,275.6,276.9,0.772,272.8,0.531,273.0,0.842,274.0,0.002,14.03,1.0,3.0,0.0,-6.599,0.0,20.58,11.68,0.0,-0.023,-0.017,-0.017,-0.4029999999999999,-0.083,0.966,0.0,-5.292000000000001,-9.83,-10.04,-10.19,-9.81,-9.82,-9.96,-60.91,-9.840000000000002,-9.46,0.025,-0.004,-0.005,-0.004,-0.003,0.006,-0.001,0.001,6472.0,9103.0,9059.0,9238.0,7861.0,7836.0,6348.0,0.0,0.0,0.0,0.0,0.0,0.0,0.0,0.0,9.46,0.0,60.13,0.0,0.0,0.0,0.0,16.0,0.0,0.0,0.0,0.0,0.0,-7.706,-8.01,0.0,-9.79,308.5,21.25,4.0,3.472,-1.0,2.89,6.0,4901
2016-01-20 01:13:00,0.0,0.0,0.0,1067290.0,62.9,59.9,60.0,0.0,40789.0,507.0,93035.0,1024949.0,0.0,1.0,0.0,0.0,0.0,276.5,275.7,277.1,0.772,273.0,0.531,273.0,0.842,274.1,0.002,14.03,2.0,3.0,0.0,-6.599,0.0,20.6,11.61,0.0,-0.023,-0.017,-0.017,-0.405,-0.055,0.5939999999999999,0.0,-5.292000000000001,-9.88,-10.17,-10.22,-9.82,-9.840000000000002,-10.0,-30.74,-9.920000000000002,-9.52,0.0149999999999999,-0.003,-0.005,-0.004,-0.003,0.005,0.0,0.001,6472.0,9103.0,9059.0,9238.0,7861.0,7836.0,6348.0,0.0,0.0,0.0,0.0,0.0,0.0,0.0,0.0,9.46,0.0,60.14,0.0,0.0,0.0,0.0,16.0,0.0,0.0,0.0,0.0,0.0,-7.758999999999999,-8.0,0.0,-9.8,319.7,20.49,3.0,3.472,-1.0,2.843,5.0,4901
2016-01-20 01:14:00,0.0,0.0,0.0,1067290.0,62.9,59.9,60.0,0.0,40789.0,507.0,93035.0,1024949.0,0.0,1.0,0.0,0.0,0.0,276.4,275.6,276.9,0.772,272.9,0.531,273.0,0.842,274.0,0.002,14.03,1.0,3.0,0.0,-6.6,0.0,20.61,11.58,0.0,-0.023,-0.017,-0.017,-0.405,-0.068,0.784,0.0,-5.292000000000001,-9.88,-10.2,-10.29,-9.87,-9.94,-10.03,-35.54,-10.0,-9.48,0.01,-0.003,-0.005,-0.004,-0.003,0.005,0.0,0.0,6472.0,9103.0,9059.0,9238.0,7861.0,7836.0,6348.0,0.0,0.0,0.0,0.0,0.0,0.0,0.0,0.0,9.35,0.0,60.14,0.0,0.0,0.0,0.0,16.0,0.0,0.0,0.0,0.0,0.0,-7.7639999999999985,-8.04,0.0,-9.86,307.7,22.27,3.833,3.473,-1.0,2.998,4.6,4901
2016-01-20 01:15:00,0.0,0.0,0.0,1067290.0,62.9,59.9,60.0,0.0,40789.0,507.0,93035.0,1024949.0,0.0,1.0,0.0,0.0,0.0,276.0,275.0,276.4,0.772,272.2,0.531,272.2,0.842,274.0,0.002,14.03,1.0,3.0,0.0,-6.605,0.0,20.62,11.51,0.0,-0.023,-0.017,-0.017,-0.407,-0.083,0.643,0.0,-5.292000000000001,-9.9,-10.27,-10.34,-9.9,-10.0,-10.11,-87.09999999999998,-10.0,-9.52,0.024,-0.003,-0.005,-0.004,-0.003,0.005,-0.001,0.0,6472.0,9103.0,9059.0,9238.0,7861.0,7836.0,6348.0,0.0,0.0,0.0,0.0,0.0,0.0,0.0,0.0,9.33,0.0,60.15,0.0,0.0,0.0,0.0,16.0,0.0,0.0,0.0,0.0,0.0,-7.774,-8.01,0.0,-9.85,294.7,19.15,3.5,3.473,-1.0,2.748,4.0,4901
2016-01-20 01:16:00,0.0,0.0,0.0,1067290.0,62.9,59.9,60.0,0.0,40789.0,507.0,93035.0,1024949.0,0.0,1.0,0.0,0.0,0.0,275.9,274.8,276.3,0.772,272.0,0.531,272.0,0.842,274.0,0.002,14.03,1.0,3.0,0.0,-6.62,0.0,20.63,11.51,0.0,-0.023,-0.017,-0.017,-0.407,-0.066,0.7829999999999999,0.0,-5.292000000000001,-9.920000000000002,-10.27,-10.38,-9.97,-10.0,-10.16,-9.99,-10.03,-9.55,0.025,-0.003,-0.005,-0.004,-0.003,0.006,-0.001,-0.001,6472.0,9103.0,9059.0,9238.0,7861.0,7836.0,6348.0,0.0,0.0,0.0,0.0,0.0,0.0,0.0,0.0,9.32,0.0,60.15,0.0,0.0,0.0,0.0,16.0,0.0,0.0,0.0,0.0,0.0,-7.817,-8.06,0.0,-9.9,309.5,25.94,3.5,3.472,-1.0,2.738,5.0,4901
2016-01-20 01:17:00,0.0,0.0,0.0,1067290.0,62.9,59.9,60.0,0.0,40789.0,507.0,93035.0,1024949.0,0.0,1.0,0.0,0.0,0.0,275.6,275.0,276.4,0.772,272.0,0.531,272.0,0.842,274.0,0.002,14.03,1.0,3.0,0.0,-6.62,0.0,20.63,11.46,0.0,-0.023,-0.017,-0.017,-0.407,-0.0759999999999999,0.7440000000000001,0.0,-5.292000000000001,-9.93,-10.22,-10.38,-9.97,-9.98,-10.14,-35.65,-10.02,-9.54,0.027,-0.004,-0.005,-0.004,-0.003,0.006,0.0,0.0,6472.0,9103.0,9059.0,9238.0,7861.0,7836.0,6348.0,0.0,0.0,0.0,0.0,0.0,0.0,0.0,0.0,9.25,0.0,60.15,0.0,0.0,0.0,0.0,16.0,0.0,0.0,0.0,0.0,0.0,-7.815,-8.0,0.0,-9.840000000000002,294.8,25.6,3.333,3.472,-1.0,3.132,5.7,4901
2016-01-20 01:18:00,0.0,0.0,0.0,1067290.0,62.9,59.9,60.0,0.0,40789.0,507.0,93035.0,1024949.0,0.0,1.0,0.0,0.0,0.0,276.1,274.8,276.3,0.772,272.0,0.531,272.0,0.842,274.0,0.002,14.03,1.0,3.0,0.0,-6.62,0.0,20.52,11.42,0.0,-0.023,-0.017,-0.017,-0.405,-0.0869999999999999,0.775,0.0,-5.292000000000001,-9.9,-10.25,-10.38,-9.9,-9.920000000000002,-10.11,-52.14,-10.0,-9.52,0.024,-0.003,-0.004,-0.004,-0.004,0.006,0.0,0.0,6472.0,9103.0,9059.0,9238.0,7861.0,7836.0,6348.0,0.0,0.0,0.0,0.0,0.0,0.0,0.0,0.0,9.19,0.0,60.15,0.0,0.0,0.0,0.0,16.0,0.0,0.0,0.0,0.0,0.0,-7.772,-7.987999999999999,0.0,-9.81,291.2,12.59,3.5,3.473,-1.0,3.335,5.6,4901
2016-01-20 01:19:00,0.0,0.0,0.0,1067290.0,62.9,59.9,60.0,0.0,40789.0,507.0,93035.0,1024949.0,0.0,1.0,0.0,0.0,0.0,275.9,274.9,276.2,0.772,272.0,0.531,272.0,0.842,274.0,0.002,14.03,1.0,3.0,0.0,-6.62,0.0,20.61,11.38,0.0,-0.023,-0.017,-0.017,-0.407,-0.0759999999999999,0.792,0.0,-5.292000000000001,-9.87,-10.22,-10.38,-9.9,-9.920000000000002,-10.11,-77.48999999999998,-10.0,-9.52,0.018,-0.004,-0.005,-0.004,-0.003,0.005,-0.001,0.0,6472.0,9103.0,9059.0,9238.0,7861.0,7836.0,6348.0,0.0,0.0,0.0,0.0,0.0,0.0,0.0,0.0,9.170000000000002,0.0,60.15,0.0,0.0,0.0,0.0,16.0,0.0,0.0,0.0,0.0,0.0,-7.861,-8.05,0.0,-9.82,302.6,16.24,3.5,3.472,-1.0,2.825,4.4,4901
2016-01-20 01:20:00,0.0,0.0,0.0,1067290.0,62.9,59.9,60.0,0.0,40789.0,507.0,93035.0,1024949.0,0.0,1.0,0.0,0.0,0.0,276.0,274.9,276.3,0.772,272.0,0.531,272.0,0.842,274.0,0.001,14.03,1.0,3.0,0.0,-6.62,0.0,20.54,11.37,0.0,-0.023,-0.017,-0.017,-0.4029999999999999,-0.066,0.633,0.0,-5.292000000000001,-9.920000000000002,-10.25,-10.38,-9.98,-10.0,-10.19,-102.9,-10.07,-9.52,0.024,-0.003,-0.005,-0.005,-0.002,0.005,0.0,0.001,6472.0,9103.0,9059.0,9238.0,7861.0,7836.0,6348.0,0.0,0.0,0.0,0.0,0.0,0.0,0.0,0.0,9.11,0.0,60.17,0.0,0.0,0.0,0.0,16.0,0.0,0.0,0.0,0.0,0.0,-7.864,-8.12,0.0,-9.9,308.1,15.83,3.167,3.472,-1.0,3.138,4.7,4901
2016-01-20 01:21:00,0.0,0.0,0.0,1067290.0,62.9,59.9,60.0,0.0,40789.0,507.0,93035.0,1024949.0,0.0,1.0,0.0,0.0,0.0,275.7,275.0,276.5,0.772,272.0,0.531,272.0,0.842,274.0,0.002,14.03,1.0,3.0,0.0,-6.635,0.0,20.52,11.37,0.0,-0.023,-0.017,-0.017,-0.407,-0.074,0.745,0.0,-5.292000000000001,-9.91,-10.27,-10.46,-10.0,-10.0,-10.21,-10.09,-10.11,-9.54,0.013,-0.003,-0.005,-0.005,-0.003,0.005,0.0,0.0,6472.0,9103.0,9059.0,9238.0,7861.0,7836.0,6348.0,0.0,0.0,0.0,0.0,0.0,0.0,0.0,0.0,9.06,0.0,60.16,0.0,0.0,0.0,0.0,16.0,0.0,0.0,0.0,0.0,0.0,-7.861,-8.13,0.0,-9.9,284.4,33.46,3.333,3.472,-1.0,3.04,5.5,4901
2016-01-20 01:22:00,0.0,0.0,0.0,1067290.0,62.9,59.9,60.0,0.0,40789.0,507.0,93035.0,1024949.0,0.0,1.0,0.0,0.0,0.0,275.7,274.9,276.4,0.772,272.0,0.531,272.0,0.842,274.0,0.002,14.03,1.0,3.0,0.0,-6.642,0.0,20.58,11.35,0.0,-0.023,-0.017,-0.017,-0.407,-0.072,0.775,0.0,-5.292000000000001,-9.87,-10.22,-10.43,-9.97,-9.97,-10.16,-35.78,-10.1,-9.55,0.019,-0.003,-0.004,-0.004,-0.003,0.006,0.0,-0.001,6472.0,9103.0,9059.0,9238.0,7861.0,7836.0,6348.0,0.0,0.0,0.0,0.0,0.0,0.0,0.0,0.0,9.06,0.0,60.23,0.0,0.0,0.0,0.0,16.0,0.0,0.0,0.0,0.0,0.0,-7.878999999999999,-8.029999999999998,0.0,-9.81,300.2,35.47,3.5,3.473,-1.0,2.088,5.1,4901
2016-01-20 01:23:00,0.0,0.0,0.0,1067290.0,62.9,59.9,60.0,0.0,40789.0,507.0,93035.0,1024949.0,0.0,1.0,0.0,0.0,0.0,275.6,275.0,276.4,0.772,272.0,0.531,272.0,0.842,274.0,0.002,14.03,1.0,3.0,0.0,-6.642,0.0,20.58,11.31,0.0,-0.023,-0.017,-0.017,-0.407,-0.074,0.6019999999999999,0.0,-5.324,-9.85,-10.2,-10.38,-10.0,-9.98,-10.14,-10.02,-10.1,-9.7,0.0149999999999999,-0.003,-0.005,-0.004,-0.003,0.006,-0.001,-0.001,6472.0,9103.0,9059.0,9238.0,7861.0,7836.0,6348.0,0.0,0.0,0.0,0.0,0.0,0.0,0.0,0.0,9.02,0.0,60.22,0.0,0.0,0.0,0.0,16.0,0.0,0.0,0.0,0.0,0.0,-7.968,-8.09,0.0,-9.88,311.4,14.66,3.333,3.472,-1.0,3.175,7.599999999999999,4901
2016-01-20 01:24:00,0.0,0.0,0.0,1067290.0,62.9,59.9,60.0,0.0,40789.0,507.0,93035.0,1024949.0,0.0,1.0,0.0,0.0,0.0,275.7,274.9,276.3,0.772,272.0,0.531,272.0,0.842,274.0,0.002,14.03,1.0,3.0,0.0,-6.642,0.0,20.66,11.2,0.0,-0.023,-0.017,-0.017,-0.407,-0.062,0.822,0.0,-5.37,-9.9,-10.13,-10.25,-9.840000000000002,-9.89,-10.05,-56.66,-9.94,-9.54,0.022,-0.004,-0.005,-0.004,-0.004,0.005,0.0,0.0,6472.0,9103.0,9059.0,9238.0,7861.0,7836.0,6348.0,0.0,0.0,0.0,0.0,0.0,0.0,0.0,0.0,8.939999999999998,0.0,60.23,0.0,0.0,0.0,0.0,16.0,0.0,0.0,0.0,0.0,0.0,-7.827,-8.05,0.0,-9.81,303.3,15.18,3.667,3.472,-1.0,3.93,6.6,4901
2016-01-20 01:25:00,0.0,0.0,0.0,1067290.0,62.9,59.9,60.0,0.0,40789.0,507.0,93035.0,1024949.0,0.0,1.0,0.0,0.0,0.0,275.8,274.8,276.2,0.772,272.0,0.531,272.0,0.842,274.0,0.002,14.03,1.0,3.0,0.0,-6.642,0.0,20.43,11.19,0.0,-0.023,-0.017,-0.017,-0.405,-0.064,0.746,0.0,-5.37,-9.76,-10.05,-10.21,-9.81,-9.79,-9.98,-72.98,-9.89,-9.52,0.019,-0.004,-0.005,-0.004,-0.003,0.005,-0.002,0.0,6472.0,9103.0,9059.0,9238.0,7861.0,7836.0,6348.0,0.0,0.0,0.0,0.0,0.0,0.0,0.0,0.0,8.91,0.0,60.17,0.0,0.0,0.0,0.0,16.0,0.0,0.0,0.0,0.0,0.0,-7.84,-8.01,0.0,-9.73,304.7,20.76,3.333,3.472,-1.0,3.683,6.3,4901
2016-01-20 01:26:00,0.0,0.0,0.0,1067290.0,62.9,59.9,60.0,0.0,40789.0,507.0,93035.0,1024949.0,0.0,1.0,0.0,0.0,0.0,275.8,274.8,276.1,0.772,272.0,0.531,272.0,0.842,273.9,0.002,14.03,1.0,3.0,0.0,-6.642,0.0,20.55,11.16,0.0,-0.023,-0.017,-0.017,-0.407,-0.1019999999999999,0.7759999999999999,0.0,-5.388,-9.74,-10.04,-10.21,-9.81,-9.81,-10.0,-31.0,-9.87,-9.47,0.022,-0.003,-0.005,-0.004,-0.003,0.006,-0.001,0.0,6472.0,9103.0,9059.0,9238.0,7861.0,7836.0,6348.0,0.0,0.0,0.0,0.0,0.0,0.0,0.0,0.0,8.83,0.0,60.15,0.0,0.0,0.0,0.0,16.0,0.0,0.0,0.0,0.0,0.0,-7.804999999999999,-8.01,0.0,-9.75,308.1,19.48,3.5,3.472,-1.0,3.347,5.4,4901
2016-01-20 01:27:00,0.0,0.0,0.0,1067290.0,62.9,59.9,60.0,0.0,40789.0,507.0,93035.0,1024949.0,0.0,1.0,0.0,0.0,0.0,276.1,275.5,276.8,0.772,272.7,0.531,272.7,0.842,274.0,0.002,14.03,1.0,3.0,0.0,-6.642,0.0,20.74,11.05,0.0,-0.023,-0.016,-0.017,-0.407,-0.083,0.6029999999999999,0.0,-5.388,-9.71,-10.04,-10.22,-9.81,-9.79,-9.98,-56.6,-9.89,-9.46,0.017,-0.003,-0.005,-0.004,-0.003,0.006,-0.001,-0.001,6472.0,9103.0,9059.0,9238.0,7861.0,7836.0,6348.0,0.0,0.0,0.0,0.0,0.0,0.0,0.0,0.0,8.79,0.0,60.13,0.0,0.0,0.0,0.0,16.0,0.0,0.0,0.0,0.0,0.0,-7.772999999999999,-7.985,0.0,-9.71,298.8,30.36,3.333,3.473,-1.0,4.068,6.8,4901
2016-01-20 01:28:00,0.0,0.0,0.0,1067290.0,62.9,59.9,60.0,0.0,40789.0,507.0,93035.0,1024949.0,0.0,1.0,0.0,0.0,0.0,276.5,275.9,277.2,0.772,273.0,0.531,273.0,0.842,274.3,0.002,14.03,1.0,3.0,0.0,-6.644,0.0,20.7,11.02,0.0,-0.022,-0.0149999999999999,-0.017,-0.407,-0.083,0.821,0.0,-5.388,-9.66,-10.03,-10.19,-9.71,-9.71,-9.920000000000002,-30.62,-9.76,-9.41,0.023,-0.004,-0.005,-0.005,-0.003,0.005,0.0,-0.001,6472.0,9103.0,9059.0,9238.0,7861.0,7836.0,6348.0,0.0,0.0,0.0,0.0,0.0,0.0,0.0,0.0,8.79,0.0,60.14,0.0,0.0,0.0,0.0,16.0,0.0,0.0,0.0,0.0,0.0,-7.757999999999998,-7.917999999999998,0.0,-9.64,311.7,21.57,3.667,3.473,-1.0,3.407,5.3,4901
2016-01-20 01:29:00,0.0,0.0,0.0,1067290.0,62.9,59.9,60.0,0.0,40789.0,507.0,93035.0,1024949.0,0.0,1.0,0.0,0.0,0.0,276.3,275.7,277.2,0.772,273.0,0.531,273.0,0.842,274.5,0.002,14.03,1.0,3.0,0.0,-6.658,0.0,20.54,11.03,0.0,-0.021,-0.016,-0.017,-0.386,-0.0529999999999999,0.748,0.0,-5.388,-9.65,-10.02,-10.19,-9.74,-9.74,-9.9,-82.4,-9.85,-9.43,0.018,-0.003,-0.005,-0.004,-0.003,0.005,0.0,0.0,6472.0,9103.0,9059.0,9238.0,7861.0,7836.0,6348.0,0.0,0.0,0.0,0.0,0.0,0.0,0.0,0.0,8.74,0.0,60.14,0.0,0.0,0.0,0.0,16.0,0.0,0.0,0.0,0.0,0.0,-7.772,-7.946,0.0,-9.62,278.5,18.58,3.333,3.472,-1.0,3.947,5.6,4901
2016-01-20 01:30:00,0.0,0.0,0.0,1067290.0,62.9,59.9,60.0,0.0,40789.0,507.0,93035.0,1024949.0,0.0,1.0,0.0,0.0,0.0,276.7,275.7,277.2,0.772,273.0,0.531,273.0,0.842,274.5,0.002,14.03,1.0,3.0,0.0,-6.665,0.0,20.62,10.94,0.0,-0.021,-0.016,-0.017,-0.407,-0.0759999999999999,0.777,0.0,-5.388,-9.55,-9.9,-10.11,-9.62,-9.62,-9.82,-35.27,-9.75,-9.41,0.02,-0.003,-0.004,-0.004,-0.003,0.005,-0.001,0.0,6472.0,9103.0,9059.0,9238.0,7861.0,7836.0,6348.0,0.0,0.0,0.0,0.0,0.0,0.0,0.0,0.0,8.65,0.0,60.14,0.0,0.0,0.0,0.0,16.0,0.0,0.0,0.0,0.0,0.0,-7.796,-7.941,0.0,-9.590000000000002,287.9,26.73,3.5,3.472,-1.0,2.375,4.2,4901
2016-01-20 01:31:00,0.0,0.0,0.0,1067290.0,62.9,59.9,60.0,0.0,40789.0,507.0,93035.0,1024949.0,0.0,1.0,0.0,0.0,0.0,276.6,275.6,277.0,0.772,273.0,0.531,273.0,0.842,274.0,0.002,14.03,1.0,3.0,0.0,-6.665,0.0,20.6,10.92,0.0,-0.023,-0.017,-0.017,-0.407,-0.081,0.6029999999999999,0.0,-5.388,-9.58,-9.920000000000002,-10.06,-9.62,-9.62,-9.78,-81.9,-9.76,-9.43,0.023,-0.003,-0.004,-0.004,-0.003,0.0069999999999999,-0.001,-0.001,6472.0,9103.0,9059.0,9238.0,7861.0,7836.0,6348.0,0.0,0.0,0.0,0.0,0.0,0.0,0.0,0.0,8.65,0.0,60.15,0.0,0.0,0.0,0.0,16.0,0.0,0.0,0.0,0.0,0.0,-7.776,-7.941,0.0,-9.56,285.3,39.45,3.333,3.472,-1.0,3.315,5.5,4901
2016-01-20 01:32:00,0.0,0.0,0.0,1067290.0,62.9,59.9,60.0,0.0,40789.0,507.0,93035.0,1024949.0,0.0,1.0,0.0,0.0,0.0,276.5,275.7,277.0,0.772,273.0,0.531,273.0,0.842,274.0,0.002,14.03,1.0,3.0,0.0,-6.665,0.0,20.67,10.87,0.0,-0.023,-0.017,-0.017,-0.407,-0.074,0.819,0.0,-5.388,-9.53,-9.86,-10.03,-9.58,-9.62,-9.78,-102.8,-9.71,-9.46,0.0149999999999999,-0.004,-0.005,-0.004,-0.003,0.005,0.0,0.0,6472.0,9103.0,9059.0,9238.0,7861.0,7836.0,6348.0,0.0,0.0,0.0,0.0,0.0,0.0,0.0,0.0,8.65,0.0,60.14,0.0,0.0,0.0,0.0,16.0,0.0,0.0,0.0,0.0,0.0,-7.797999999999998,-7.955,0.0,-9.56,308.1,33.8,3.667,3.473,-1.0,1.997,6.1,4901
2016-01-20 01:33:00,0.0,0.0,0.0,1067290.0,62.9,59.9,60.0,0.0,40789.0,507.0,93035.0,1024949.0,0.0,1.0,0.0,0.0,0.0,276.4,275.8,277.1,0.772,273.0,0.531,273.0,0.842,274.0,0.002,14.03,1.0,3.0,0.0,-6.665,0.0,20.43,10.86,0.0,-0.023,-0.017,-0.017,-0.407,-0.0759999999999999,0.748,0.0,-5.388,-9.58,-9.9,-10.1,-9.62,-9.62,-9.82,-148.7,-9.78,-9.44,0.018,-0.003,-0.005,-0.004,-0.003,0.005,-0.001,0.0,6472.0,9103.0,9059.0,9238.0,7861.0,7836.0,6348.0,0.0,0.0,0.0,0.0,0.0,0.0,0.0,0.0,8.519999999999998,0.0,60.14,0.0,0.0,0.0,0.0,16.0,0.0,0.0,0.0,0.0,0.0,-7.817,-8.0,0.0,-9.6,311.2,21.75,3.333,3.472,-1.0,3.695,5.4,4901
2016-01-20 01:34:00,0.0,0.0,0.0,1067290.0,62.9,59.9,60.0,0.0,40789.0,507.0,93035.0,1024949.0,0.0,1.0,0.0,0.0,0.0,276.6,275.8,277.1,0.772,273.0,0.531,273.0,0.842,274.7,0.002,14.03,1.0,3.0,0.0,-6.665,0.0,20.58,10.82,0.0,-0.023,-0.017,-0.017,-0.3599999999999999,-0.0869999999999999,0.775,0.0,-5.388,-9.65,-9.97,-10.18,-9.68,-9.71,-9.840000000000002,-149.7,-9.73,-9.43,0.027,-0.002,-0.005,-0.004,-0.003,0.006,-0.001,0.0,6472.0,9103.0,9059.0,9238.0,7861.0,7836.0,6348.0,0.0,0.0,0.0,0.0,0.0,0.0,0.0,0.0,8.519999999999998,0.0,60.14,0.0,0.0,0.0,0.0,16.0,0.0,0.0,0.0,0.0,0.0,-7.812999999999999,-8.04,0.0,-9.68,306.8,21.92,3.5,3.473,-1.0,2.755,5.7,4901
2016-01-20 01:35:00,0.0,0.0,0.0,1067290.0,62.9,59.9,60.0,0.0,40789.0,507.0,93035.0,1024949.0,0.0,1.0,0.0,0.0,0.0,276.7,275.8,277.1,0.772,273.0,0.531,273.0,0.842,274.4,0.002,13.84,1.0,1.0,0.0,-6.665,0.0,20.68,10.8,0.0,-0.023,-0.017,-0.017,-0.386,-0.059,0.634,0.001,-5.388,-9.73,-10.03,-10.23,-9.78,-9.81,-9.95,-107.9,-9.81,-9.55,0.023,-0.003,-0.005,-0.005,-0.003,0.005,-0.001,-0.001,6472.0,9103.0,9059.0,9238.0,7861.0,7836.0,6348.0,0.0,0.0,0.0,0.0,0.0,0.0,0.0,0.0,8.519999999999998,0.0,60.15,0.0,0.0,0.0,0.0,16.0,0.0,0.0,0.0,0.0,0.0,-7.861,-8.08,0.0,-9.76,301.1,22.47,3.167,3.473,-1.0,1.933,3.1,4901
2016-01-20 01:36:00,0.0,0.0,0.0,1067290.0,62.9,59.9,60.0,0.0,40789.0,507.0,93035.0,1024949.0,0.0,1.0,0.0,0.0,0.0,276.3,275.6,276.9,0.772,272.6,0.531,272.8,0.842,274.0,0.002,14.03,1.0,3.0,0.0,-6.665,0.0,20.69,10.79,0.0,-0.024,-0.017,-0.017,-0.407,-0.0759999999999999,0.7829999999999999,0.0,-5.388,-9.79,-10.1,-10.29,-9.81,-9.840000000000002,-10.01,-98.5,-9.97,-9.62,0.011,-0.004,-0.006,-0.005,-0.003,0.005,-0.002,-0.001,6472.0,9103.0,9059.0,9238.0,7861.0,7836.0,6348.0,0.0,0.0,0.0,0.0,0.0,0.0,0.0,0.0,8.47,0.0,60.17,0.0,0.0,0.0,0.0,16.0,0.0,0.0,0.0,0.0,0.0,-7.9,-8.12,0.0,-9.78,306.5,19.26,3.5,3.473,-1.0,2.19,3.7,4901
2016-01-20 01:37:00,0.0,0.0,0.0,1067290.0,62.9,59.9,60.0,0.0,40789.0,507.0,93035.0,1024949.0,0.0,1.0,0.0,0.0,0.0,276.3,275.7,277.1,0.772,272.8,0.531,272.9,0.842,274.0,0.002,14.03,1.0,3.0,0.0,-6.667000000000001,0.0,20.51,10.77,0.0,-0.027,-0.017,-0.017,-0.407,-0.068,0.7490000000000001,0.0,-5.388,-9.78,-10.11,-10.32,-9.86,-9.9,-10.01,-149.8,-9.97,-9.7,0.019,-0.003,-0.004,-0.004,-0.004,0.005,-0.001,-0.001,6472.0,9103.0,9059.0,9238.0,7861.0,7836.0,6348.0,0.0,0.0,0.0,0.0,0.0,0.0,0.0,0.0,8.38,0.0,60.14,0.0,0.0,0.0,0.0,16.0,0.0,0.0,0.0,0.0,0.0,-7.917,-8.09,0.0,-9.78,294.0,13.55,3.333,3.472,-1.0,3.645,7.9,4901
2016-01-20 01:38:00,0.0,0.0,0.0,1067290.0,62.9,59.9,60.0,0.0,40789.0,507.0,93035.0,1024949.0,0.0,1.0,0.0,0.0,0.0,276.4,275.6,277.1,0.772,273.0,0.531,273.0,0.842,274.0,0.002,14.03,1.0,3.0,0.0,-6.685,0.0,20.62,10.78,0.0,-0.025,-0.017,-0.017,-0.405,-0.0759999999999999,0.628,0.0,-5.388,-9.85,-10.11,-10.22,-9.81,-9.82,-10.01,-124.7,-9.89,-9.590000000000002,0.027,-0.003,-0.004,-0.005,-0.003,0.005,-0.001,0.0,6472.0,9103.0,9059.0,9238.0,7861.0,7836.0,6348.0,0.0,0.0,0.0,0.0,0.0,0.0,0.0,0.0,8.38,0.0,60.19,0.0,0.0,0.0,0.0,16.0,0.0,0.0,0.0,0.0,0.0,-7.877,-8.08,0.0,-9.81,317.9,17.92,3.167,3.472,-1.0,3.52,6.3,4901
2016-01-20 01:39:00,0.0,0.0,0.0,1067290.0,62.9,59.9,60.0,0.0,40789.0,507.0,93035.0,1024949.0,0.0,1.0,0.0,0.0,0.0,276.3,275.6,277.1,0.772,272.7,0.531,272.8,0.842,274.0,0.002,14.03,1.0,3.0,0.0,-6.687,0.0,20.48,10.74,0.0,-0.023,-0.017,-0.017,-0.407,-0.0869999999999999,0.931,0.0,-5.388,-9.840000000000002,-10.19,-10.24,-9.81,-9.82,-10.01,-108.1,-9.94,-9.52,0.02,-0.004,-0.006,-0.005,-0.003,0.004,0.0,0.0,6472.0,9103.0,9059.0,9238.0,7861.0,7836.0,6348.0,0.0,0.0,0.0,0.0,0.0,0.0,0.0,0.0,8.279999999999998,0.0,60.14,0.0,0.0,0.0,0.0,16.0,0.0,0.0,0.0,0.0,0.0,-7.909,-8.109999999999998,0.0,-9.83,293.0,16.3,4.0,3.473,-1.0,3.037,6.2,4901
2016-01-20 01:40:00,0.0,0.0,0.0,1067290.0,62.9,59.9,60.0,0.0,40789.0,507.0,93035.0,1024949.0,0.0,1.0,0.0,0.0,0.0,275.8,275.2,276.6,0.772,272.0,0.531,272.2,0.842,274.0,0.002,14.03,1.0,3.0,0.0,-6.688,0.0,20.71,10.73,0.0,-0.023,-0.017,-0.017,-0.407,-0.089,0.6029999999999999,0.0,-5.388,-9.85,-10.2,-10.29,-9.82,-9.82,-10.01,-128.9,-9.94,-9.57,0.025,-0.003,-0.005,-0.005,-0.003,0.005,-0.001,0.0,6472.0,9103.0,9059.0,9238.0,7861.0,7836.0,6348.0,0.0,0.0,0.0,0.0,0.0,0.0,0.0,0.0,8.25,0.0,60.14,0.0,0.0,0.0,0.0,16.0,0.0,0.0,0.0,0.0,0.0,-7.96,-8.06,0.0,-9.78,300.8,28.35,3.0,3.472,-1.0,2.553,5.1,4901
2016-01-20 01:41:00,0.0,0.0,0.0,1067290.0,62.9,59.9,60.0,0.0,40789.0,507.0,93035.0,1024949.0,0.0,1.0,0.0,0.0,0.0,275.6,275.1,276.5,0.772,272.0,0.531,272.0,0.842,274.0,0.002,14.03,1.0,3.0,0.0,-6.688,0.0,20.77,10.66,0.0,-0.023,-0.017,-0.017,-0.407,-0.068,0.784,0.0,-5.388,-9.69,-10.13,-10.29,-9.81,-9.81,-10.01,-124.3,-9.95,-9.64,0.0139999999999999,-0.003,-0.005,-0.004,-0.002,0.005,-0.001,-0.001,6472.0,9103.0,9059.0,9238.0,7861.0,7836.0,6348.0,0.0,0.0,0.0,0.0,0.0,0.0,0.0,0.0,8.25,0.0,60.13,0.0,0.0,0.0,0.0,16.0,0.0,0.0,0.0,0.0,0.0,-7.9129999999999985,-7.994,0.0,-9.69,297.6,22.28,3.5,3.473,-1.0,3.08,5.1,4901
2016-01-20 01:42:00,0.0,0.0,0.0,1067290.0,62.9,59.9,60.0,0.0,40789.0,507.0,93035.0,1024949.0,0.0,1.0,0.0,0.0,0.0,275.5,275.0,276.5,0.772,272.0,0.531,272.0,0.842,274.0,0.002,14.03,1.0,3.0,0.0,-6.688,0.0,20.78,10.64,0.0,-0.023,-0.017,-0.017,-0.407,-0.085,0.626,0.0,-5.405,-9.72,-10.1,-10.26,-9.81,-9.81,-10.01,-77.31999999999998,-9.94,-9.62,0.02,-0.003,-0.005,-0.005,-0.003,0.004,0.0,-0.001,6472.0,9103.0,9059.0,9238.0,7861.0,7836.0,6348.0,0.0,0.0,0.0,0.0,0.0,0.0,0.0,0.0,8.21,0.0,60.13,0.0,0.0,0.0,0.0,16.0,0.0,0.0,0.0,0.0,0.0,-7.88,-8.04,0.0,-9.72,301.9,12.85,3.167,3.473,-1.0,3.162,5.2,4901
2016-01-20 01:43:00,0.0,0.0,0.0,1067290.0,62.9,59.9,60.0,0.0,40789.0,507.0,93035.0,1024949.0,0.0,1.0,0.0,0.0,0.0,275.6,275.0,276.5,0.772,272.0,0.531,272.0,0.842,274.0,0.002,14.03,1.0,3.0,0.0,-6.688,0.0,20.63,10.65,0.0,-0.023,-0.017,-0.017,-0.407,-0.07,0.932,0.0,-5.405,-9.73,-10.1,-10.35,-9.87,-9.94,-10.05,-77.73999999999998,-9.99,-9.63,0.011,-0.004,-0.004,-0.005,-0.004,0.005,-0.001,0.0,6472.0,9103.0,9059.0,9238.0,7861.0,7836.0,6348.0,0.0,0.0,0.0,0.0,0.0,0.0,0.0,0.0,8.12,0.0,60.15,0.0,0.0,0.0,0.0,16.0,0.0,0.0,0.0,0.0,0.0,-7.878999999999999,-8.05,0.0,-9.73,284.3,25.5,4.0,3.472,-1.0,2.973,7.8,4901
2016-01-20 01:44:00,0.0,0.0,0.0,1067290.0,62.9,59.9,60.0,0.0,40789.0,507.0,93035.0,1024949.0,0.0,1.0,0.0,0.0,0.0,275.8,274.9,276.5,0.772,272.0,0.531,272.0,0.842,274.0,0.002,14.03,1.0,3.0,0.0,-6.688,0.0,20.55,10.6,0.0,-0.023,-0.017,-0.017,-0.407,-0.064,0.6039999999999999,0.0,-5.422999999999999,-9.66,-10.1,-10.33,-9.840000000000002,-9.89,-10.05,-77.83,-9.97,-9.55,0.0149999999999999,-0.003,-0.005,-0.004,-0.003,0.005,-0.001,0.0,6472.0,9103.0,9059.0,9238.0,7861.0,7836.0,6348.0,0.0,0.0,0.0,0.0,0.0,0.0,0.0,0.0,8.109999999999998,0.0,60.23,0.0,0.0,0.0,0.0,16.0,0.0,0.0,0.0,0.0,0.0,-7.831,-8.019999999999998,0.0,-9.69,277.0,11.1,3.0,3.472,-1.0,4.365,7.9,4901
2016-01-20 01:45:00,0.0,0.0,0.0,1067290.0,62.9,59.9,60.0,0.0,40789.0,507.0,93035.0,1024949.0,0.0,1.0,0.0,0.0,0.0,275.6,275.0,276.7,0.772,272.0,0.531,272.0,0.842,274.0,0.002,14.03,1.0,3.0,0.0,-6.688,0.0,20.58,10.46,0.0,-0.023,-0.017,-0.017,-0.407,-0.0759999999999999,0.772,0.0,-5.469,-9.66,-10.06,-10.3,-9.81,-9.840000000000002,-10.01,-108.2,-9.920000000000002,-9.62,0.02,-0.004,-0.005,-0.005,-0.003,0.005,-0.001,0.0,6472.0,9103.0,9059.0,9238.0,7861.0,7836.0,6348.0,0.0,0.0,0.0,0.0,0.0,0.0,0.0,0.0,8.029999999999998,0.0,60.23,0.0,0.0,0.0,0.0,16.0,0.0,0.0,0.0,0.0,0.0,-7.86,-8.029999999999998,0.0,-9.68,309.6,17.99,3.5,3.472,-1.0,1.943,3.1,4901
2016-01-20 01:46:00,0.0,0.0,0.0,1067290.0,62.9,59.9,60.0,0.0,40789.0,507.0,93035.0,1024949.0,0.0,1.0,0.0,0.0,0.0,275.6,275.1,276.7,0.772,272.0,0.531,272.0,0.842,274.0,0.002,14.03,1.0,3.0,0.0,-6.688,0.0,20.62,10.51,0.0,-0.023,-0.017,-0.017,-0.405,-0.089,0.775,0.0,-5.484,-9.73,-10.14,-10.42,-9.87,-9.95,-10.13,-77.76,-9.97,-9.71,0.017,-0.003,-0.005,-0.004,-0.003,0.006,-0.001,-0.001,6472.0,9103.0,9059.0,9238.0,7861.0,7836.0,6348.0,0.0,0.0,0.0,0.0,0.0,0.0,0.0,0.0,7.978,0.0,60.22,0.0,0.0,0.0,0.0,16.0,0.0,0.0,0.0,0.0,0.0,-7.956,-8.05,0.0,-9.76,299.7,26.32,3.5,3.473,-1.0,1.655,3.3,4901
2016-01-20 01:47:00,0.0,0.0,0.0,1067290.0,62.9,59.9,60.0,0.0,40789.0,507.0,93035.0,1024949.0,0.0,1.0,0.0,0.0,0.0,275.8,275.2,276.7,0.772,272.0,0.531,272.0,0.842,274.0,0.002,14.03,1.0,3.0,0.0,-6.696000000000001,0.0,20.61,10.44,0.0,-0.026,-0.017,-0.017,-0.407,-0.064,0.644,0.0,-5.484,-9.74,-10.19,-10.48,-9.97,-10.0,-10.16,-103.4,-10.08,-9.78,0.025,-0.003,-0.005,-0.005,-0.004,0.005,0.0,-0.001,6472.0,9103.0,9059.0,9238.0,7861.0,7836.0,6348.0,0.0,0.0,0.0,0.0,0.0,0.0,0.0,0.0,7.976,0.0,60.22,0.0,0.0,0.0,0.0,16.0,0.0,0.0,0.0,0.0,0.0,-7.987999999999999,-8.06,0.0,-9.76,297.7,49.88,3.167,3.472,-1.0,3.015,5.2,4901
2016-01-20 01:48:00,0.0,0.0,0.0,1067290.0,62.9,59.9,60.0,0.0,40789.0,507.0,93035.0,1024949.0,0.0,1.0,0.0,0.0,0.0,275.6,275.0,276.4,0.772,272.0,0.531,272.0,0.842,273.8,0.002,14.03,1.0,3.0,0.0,-6.707999999999999,0.0,20.59,10.34,0.0,-0.024,-0.017,-0.017,-0.407,-0.0869999999999999,0.7419999999999999,0.0,-5.484,-9.76,-10.19,-10.38,-9.9,-9.97,-10.09,-82.7,-10.03,-9.670000000000002,0.0139999999999999,-0.003,-0.005,-0.004,-0.003,0.005,-0.001,-0.001,6472.0,9103.0,9059.0,9238.0,7861.0,7836.0,6348.0,0.0,0.0,0.0,0.0,0.0,0.0,0.0,0.0,7.931,0.0,60.23,0.0,0.0,0.0,0.0,16.0,0.0,0.0,0.0,0.0,0.0,-7.883999999999999,-8.05,0.0,-9.78,304.6,21.57,3.333,3.472,-1.0,4.212,6.7,4901
2016-01-20 01:49:00,0.0,0.0,0.0,1067290.0,62.9,59.9,60.0,0.0,40789.0,507.0,93035.0,1024949.0,0.0,1.0,0.0,0.0,0.0,275.6,275.0,276.4,0.772,272.0,0.531,272.0,0.842,273.8,0.002,14.03,1.0,3.0,0.0,-6.707999999999999,0.0,20.66,10.34,0.0,-0.023,-0.017,-0.017,-0.407,-0.0869999999999999,0.7759999999999999,0.0,-5.484,-9.81,-10.18,-10.32,-9.840000000000002,-9.89,-10.01,-124.5,-9.91,-9.54,0.022,-0.004,-0.005,-0.005,-0.003,0.006,-0.001,0.0,6472.0,9103.0,9059.0,9238.0,7861.0,7836.0,6348.0,0.0,0.0,0.0,0.0,0.0,0.0,0.0,0.0,7.876,0.0,60.2,0.0,0.0,0.0,0.0,16.0,0.0,0.0,0.0,0.0,0.0,-7.826,-8.05,0.0,-9.79,291.7,19.62,3.5,3.472,-1.0,3.703,6.2,4901
2016-01-20 01:50:00,0.0,0.0,0.0,1067290.0,62.9,59.9,60.0,0.0,40789.0,507.0,93035.0,1024949.0,0.0,1.0,0.0,0.0,0.0,275.7,275.2,276.5,0.772,272.0,0.531,272.0,0.842,274.0,0.002,14.03,1.0,3.0,0.0,-6.707999999999999,0.0,20.65,10.27,0.0,-0.023,-0.017,-0.017,-0.407,-0.068,0.644,0.0,-5.484,-9.71,-10.08,-10.29,-9.81,-9.81,-10.01,-124.4,-9.91,-9.52,0.024,-0.003,-0.005,-0.004,-0.003,0.004,-0.001,-0.001,6472.0,9103.0,9059.0,9238.0,7861.0,7836.0,6348.0,0.0,0.0,0.0,0.0,0.0,0.0,0.0,0.0,7.843,0.0,60.18,0.0,0.0,0.0,0.0,16.0,0.0,0.0,0.0,0.0,0.0,-7.869,-8.019999999999998,0.0,-9.73,312.4,26.64,3.167,3.473,-1.0,2.352,4.4,4901
2016-01-20 01:51:00,0.0,0.0,0.0,1067290.0,62.9,59.9,60.0,0.0,40789.0,507.0,93035.0,1024949.0,0.0,1.0,0.0,0.0,0.0,275.8,275.1,276.4,0.772,272.0,0.531,272.0,0.842,274.0,0.002,14.03,1.0,3.0,0.0,-6.707999999999999,0.0,20.55,10.26,0.0,-0.023,-0.017,-0.017,-0.407,-0.057,0.924,0.0,-5.484,-9.81,-10.16,-10.38,-9.89,-9.920000000000002,-10.03,-128.9,-9.920000000000002,-9.590000000000002,0.017,-0.003,-0.005,-0.004,-0.003,0.004,-0.001,-0.001,6472.0,9103.0,9059.0,9238.0,7861.0,7836.0,6348.0,0.0,0.0,0.0,0.0,0.0,0.0,0.0,0.0,7.807,0.0,60.14,0.0,0.0,0.0,0.0,16.0,0.0,0.0,0.0,0.0,0.0,-7.922999999999998,-8.09,0.0,-9.79,298.5,33.08,4.0,3.472,-1.0,2.725,4.8,4901
2016-01-20 01:52:00,0.0,0.0,0.0,1067290.0,62.9,59.9,60.0,0.0,40789.0,507.0,93035.0,1024949.0,0.0,1.0,0.0,0.0,0.0,275.8,275.0,276.4,0.772,272.0,0.531,272.0,0.842,274.0,0.002,14.03,2.0,3.0,0.0,-6.707999999999999,0.0,20.41,10.2,0.0,-0.023,-0.017,-0.017,-0.407,-0.089,0.5939999999999999,0.0,-5.484,-9.83,-10.17,-10.37,-9.87,-9.9,-10.05,-124.6,-9.97,-9.62,0.022,-0.004,-0.004,-0.005,-0.003,0.005,-0.001,0.0,6472.0,9103.0,9059.0,9238.0,7861.0,7836.0,6348.0,0.0,0.0,0.0,0.0,0.0,0.0,0.0,0.0,7.772999999999999,0.0,60.14,0.0,0.0,0.0,0.0,16.0,0.0,0.0,0.0,0.0,0.0,-7.886,-8.05,0.0,-9.79,302.9,21.24,3.333,3.473,-1.0,3.32,4.7,4901
2016-01-20 01:53:00,0.0,0.0,0.0,1067290.0,62.9,59.9,60.0,0.0,40789.0,507.0,93035.0,1024949.0,0.0,1.0,0.0,0.0,0.0,276.0,274.9,276.2,0.772,272.0,0.531,272.0,0.842,273.7,0.002,14.03,1.0,3.0,0.0,-6.707999999999999,0.0,20.6,10.21,0.0,-0.023,-0.017,-0.017,-0.407,-0.07,0.792,0.0,-5.484,-9.82,-10.19,-10.38,-9.9,-9.920000000000002,-10.09,-129.0,-9.91,-9.6,0.019,-0.004,-0.005,-0.004,-0.003,0.005,0.0,-0.001,6472.0,9103.0,9059.0,9238.0,7861.0,7836.0,6348.0,0.0,0.0,0.0,0.0,0.0,0.0,0.0,0.0,7.713999999999999,0.0,60.15,0.0,0.0,0.0,0.0,16.0,0.0,0.0,0.0,0.0,0.0,-7.901,-8.04,0.0,-9.88,308.3,25.99,3.833,3.472,-1.0,1.75,3.5,4901
2016-01-20 01:54:00,0.0,0.0,0.0,1067290.0,62.9,59.9,60.0,0.0,40789.0,507.0,93035.0,1024949.0,0.0,1.0,0.0,0.0,0.0,275.5,275.0,276.3,0.772,272.0,0.531,272.0,0.842,273.6,0.002,14.03,1.0,3.0,0.0,-6.721,0.0,20.54,10.17,0.0,-0.023,-0.017,-0.017,-0.405,-0.089,0.775,0.0,-5.484,-9.86,-10.19,-10.38,-9.920000000000002,-10.0,-10.12,-129.2,-10.0,-9.7,0.018,-0.002,-0.005,-0.005,-0.003,0.005,-0.002,-0.001,6472.0,9103.0,9059.0,9238.0,7861.0,7836.0,6348.0,0.0,0.0,0.0,0.0,0.0,0.0,0.0,0.0,7.707999999999998,0.0,60.14,0.0,0.0,0.0,0.0,16.0,0.0,0.0,0.0,0.0,0.0,-7.912,-8.05,0.0,-9.87,275.2,21.31,3.5,3.472,-1.0,2.527,3.8,4901
2016-01-20 01:55:00,0.0,0.0,0.0,1067290.0,62.9,59.9,60.0,0.0,40789.0,507.0,93035.0,1024949.0,0.0,1.0,0.0,0.0,0.0,275.5,274.9,276.3,0.772,272.0,0.531,272.0,0.842,273.5,0.002,14.03,1.0,3.0,0.0,-6.731,0.0,20.75,10.12,0.0,-0.023,-0.017,-0.017,-0.407,-0.089,0.6019999999999999,0.0,-5.484,-9.76,-10.14,-10.37,-9.87,-9.89,-10.06,-98.6,-9.94,-9.65,0.018,-0.004,-0.005,-0.005,-0.004,0.005,-0.002,-0.001,6472.0,9103.0,9059.0,9238.0,7861.0,7836.0,6348.0,0.0,0.0,0.0,0.0,0.0,0.0,0.0,0.0,7.657,0.0,60.14,0.0,0.0,0.0,0.0,16.0,0.0,0.0,0.0,0.0,0.0,-7.922,-8.0,0.0,-9.73,273.0,27.22,3.0,3.472,-1.0,4.04,7.8,4901
2016-01-20 01:56:00,0.0,0.0,0.0,1067290.0,62.9,59.9,60.0,0.0,40789.0,507.0,93035.0,1024949.0,0.0,1.0,0.0,0.0,0.0,275.7,274.7,276.2,0.772,272.0,0.531,272.0,0.842,273.8,0.002,14.03,1.0,3.0,0.0,-6.731,0.0,20.5,10.15,0.0,-0.023,-0.017,-0.017,-0.407,-0.055,0.824,0.0,-5.484,-9.63,-10.06,-10.29,-9.81,-9.79,-9.98,-124.4,-9.87,-9.590000000000002,0.0149999999999999,-0.003,-0.006,-0.004,-0.003,0.006,-0.001,-0.001,6472.0,9103.0,9059.0,9238.0,7861.0,7836.0,6348.0,0.0,0.0,0.0,0.0,0.0,0.0,0.0,0.0,7.578999999999998,0.0,60.14,0.0,0.0,0.0,0.0,16.0,0.0,0.0,0.0,0.0,0.0,-7.886,-7.987,0.0,-9.69,303.3,34.26,3.667,3.472,-1.0,2.583,7.4,4901
2016-01-20 01:57:00,0.0,0.0,0.0,1067290.0,62.9,59.9,60.0,0.0,40789.0,507.0,93035.0,1024949.0,0.0,1.0,0.0,0.0,0.0,275.4,274.6,276.1,0.772,271.8,0.531,271.8,0.842,273.3,0.002,14.03,1.0,3.0,0.0,-6.731,0.0,20.42,10.07,0.0,-0.023,-0.017,-0.017,-0.407,-0.081,0.5939999999999999,0.0,-5.497999999999999,-9.62,-10.0,-10.24,-9.78,-9.78,-9.93,-149.8,-9.86,-9.55,0.019,-0.004,-0.005,-0.005,-0.002,0.005,-0.002,-0.001,6472.0,9103.0,9059.0,9238.0,7861.0,7836.0,6348.0,0.0,0.0,0.0,0.0,0.0,0.0,0.0,0.0,7.572,0.0,60.14,0.0,0.0,0.0,0.0,16.0,0.0,0.0,0.0,0.0,0.0,-7.849,-7.957,0.0,-9.63,276.5,24.08,3.0,3.472,-1.0,4.282,6.7,4901
2016-01-20 01:58:00,0.0,0.0,0.0,1067290.0,62.9,59.9,60.0,0.0,40789.0,507.0,93035.0,1024949.0,0.0,1.0,0.0,0.0,0.0,275.1,274.7,276.2,0.772,271.9,0.531,271.7,0.842,273.0,0.002,14.03,1.0,3.0,0.0,-6.731,0.0,20.72,10.1,0.0,-0.023,-0.016,-0.017,-0.407,-0.059,0.931,0.0,-5.513,-9.62,-10.0,-10.19,-9.71,-9.71,-9.85,-149.5,-9.83,-9.52,0.013,-0.004,-0.005,-0.004,-0.004,0.005,-0.001,-0.001,6472.0,9103.0,9059.0,9238.0,7861.0,7836.0,6348.0,0.0,0.0,0.0,0.0,0.0,0.0,0.0,0.0,7.492000000000002,0.0,60.14,0.0,0.0,0.0,0.0,16.0,0.0,0.0,0.0,0.0,0.0,-7.8,-7.946,0.0,-9.64,300.4,34.8,4.0,3.472,-1.0,3.295,4.9,4901
2016-01-20 01:59:00,0.0,0.0,0.0,1067290.0,62.9,59.9,60.0,0.0,40789.0,507.0,93035.0,1024949.0,0.0,1.0,0.0,0.0,0.0,275.4,274.5,276.0,0.772,271.6,0.531,271.6,0.842,273.0,0.002,14.03,1.0,3.0,0.0,-6.731,0.0,20.56,10.06,0.0,-0.023,-0.0139999999999999,-0.017,-0.407,-0.078,0.6029999999999999,0.0,-5.565,-9.62,-10.0,-10.19,-9.71,-9.78,-9.920000000000002,-149.9,-9.82,-9.52,0.018,-0.004,-0.006,-0.004,-0.003,0.005,0.0,0.0,6472.0,9103.0,9059.0,9238.0,7861.0,7836.0,6348.0,0.0,0.0,0.0,0.0,0.0,0.0,0.0,0.0,7.439,0.0,60.15,0.0,0.0,0.0,0.0,16.0,0.0,0.0,0.0,0.0,0.0,-7.795,-7.987999999999999,0.0,-9.69,304.1,17.13,3.0,3.473,-1.0,3.673,5.6,4901
2016-01-20 02:00:00,0.0,0.0,0.0,1067290.0,62.9,59.9,60.0,0.0,40789.0,507.0,93035.0,1024949.0,0.0,1.0,0.0,0.0,0.0,275.2,274.5,276.0,0.772,271.1,0.531,271.5,0.842,273.0,0.002,14.03,1.0,3.0,0.0,-6.731,0.0,20.58,9.95,0.0,-0.023,-0.0149999999999999,-0.017,-0.407,-0.0869999999999999,0.817,0.0,-5.562,-9.71,-10.11,-10.26,-9.79,-9.81,-9.98,-150.1,-9.86,-9.52,0.019,-0.004,-0.005,-0.005,-0.004,0.005,-0.002,-0.001,6472.0,9103.0,9059.0,9238.0,7861.0,7836.0,6348.0,0.0,0.0,0.0,0.0,0.0,0.0,0.0,0.0,7.437,0.0,60.14,0.0,0.0,0.0,0.0,16.0,0.0,0.0,0.0,0.0,0.0,-7.796,-8.04,0.0,-9.78,286.7,22.51,3.667,3.472,-1.0,2.943,5.5,4901
2016-01-20 02:01:00,0.0,0.0,0.0,1067290.0,62.9,59.9,60.0,0.0,40789.0,507.0,93035.0,1024949.0,0.0,1.0,0.0,0.0,0.0,275.3,274.5,276.0,0.772,271.5,0.531,271.5,0.842,273.0,0.002,14.03,1.0,3.0,0.0,-6.731,0.0,20.64,9.95,0.0,-0.023,-0.017,-0.017,-0.407,-0.059,0.7419999999999999,0.0,-5.565,-9.74,-10.14,-10.34,-9.81,-9.82,-10.01,-149.4,-9.91,-9.6,0.011,-0.004,-0.005,-0.005,-0.003,0.005,-0.001,-0.001,6472.0,9103.0,9059.0,9238.0,7861.0,7836.0,6348.0,0.0,0.0,0.0,0.0,0.0,0.0,0.0,0.0,7.423999999999999,0.0,60.15,0.0,0.0,0.0,0.0,16.0,0.0,0.0,0.0,0.0,0.0,-7.881,-8.019999999999998,0.0,-9.77,301.1,19.28,3.333,3.472,-1.0,1.523,2.8,4901
2016-01-20 02:02:00,0.0,0.0,0.0,1067290.0,62.9,59.9,60.0,0.0,40789.0,507.0,93035.0,1024949.0,0.0,1.0,0.0,0.0,0.0,275.5,274.6,276.0,0.772,271.5,0.531,271.9,0.842,273.0,0.002,14.03,1.0,3.0,0.0,-6.731,0.0,20.64,9.840000000000002,0.0,-0.023,-0.017,-0.017,-0.407,-0.066,0.7829999999999999,0.0,-5.551,-9.81,-10.19,-10.42,-9.89,-9.94,-10.08,-150.0,-10.02,-9.71,0.009,-0.003,-0.005,-0.005,-0.004,0.005,-0.002,-0.001,6472.0,9103.0,9059.0,9238.0,7861.0,7836.0,6348.0,0.0,0.0,0.0,0.0,0.0,0.0,0.0,0.0,7.312999999999999,0.0,60.14,0.0,0.0,0.0,0.0,16.0,0.0,0.0,0.0,0.0,0.0,-7.936,-8.109999999999998,0.0,-9.89,283.5,15.63,3.5,3.472,-1.0,2.562,3.7,4901
2016-01-20 02:03:00,0.0,0.0,0.0,1067290.0,62.9,59.9,60.0,0.0,40789.0,507.0,93035.0,1024949.0,0.0,1.0,0.0,0.0,0.0,275.3,274.4,275.9,0.772,271.0,0.531,271.3,0.842,273.0,0.002,14.03,1.0,3.0,0.0,-6.731,0.0,20.43,9.83,0.0,-0.026,-0.017,-0.017,-0.407,-0.07,0.592,0.0,-5.565,-9.920000000000002,-10.29,-10.51,-10.0,-10.03,-10.16,-150.0,-10.12,-9.81,0.027,-0.004,-0.006,-0.004,-0.004,0.006,-0.001,-0.001,6472.0,9103.0,9059.0,9238.0,7861.0,7836.0,6348.0,0.0,0.0,0.0,0.0,0.0,0.0,0.0,0.0,7.3,0.0,60.15,0.0,0.0,0.0,0.0,16.0,0.0,0.0,0.0,0.0,0.0,-7.942,-8.17,0.0,-9.95,292.8,17.8,3.0,3.473,-1.0,2.15,3.8,4901
2016-01-20 02:04:00,0.0,0.0,0.0,1067290.0,62.9,59.9,60.0,0.0,40789.0,507.0,93035.0,1024949.0,0.0,1.0,0.0,0.0,0.0,275.4,274.7,276.1,0.772,271.6,0.531,271.6,0.842,273.3,0.002,14.03,1.0,3.0,0.0,-6.738,0.0,20.61,9.76,0.0,-0.027,-0.017,-0.017,-0.405,-0.07,0.8259999999999998,0.0,-5.565,-9.82,-10.24,-10.53,-10.0,-10.03,-10.21,-150.2,-10.1,-9.81,0.022,-0.003,-0.005,-0.005,-0.003,0.006,-0.001,-0.002,6472.0,9103.0,9059.0,9238.0,7861.0,7836.0,6348.0,0.0,0.0,0.0,0.0,0.0,0.0,0.0,0.0,7.247,0.0,60.16,0.0,0.0,0.0,0.0,16.0,0.0,0.0,0.0,0.0,0.0,-7.909,-8.05,0.0,-9.88,282.8,25.8,3.667,3.473,-1.0,3.338,6.1,4901
2016-01-20 02:05:00,0.0,0.0,0.0,1067290.0,62.9,59.9,60.0,0.0,40789.0,507.0,93035.0,1024949.0,0.0,1.0,0.0,0.0,0.0,275.2,274.7,276.1,0.772,271.1,0.531,271.8,0.842,273.0,0.002,14.03,1.0,3.0,0.0,-6.752999999999999,0.0,20.68,9.72,0.0,-0.027,-0.017,-0.017,-0.405,-0.0869999999999999,0.5939999999999999,0.0,-5.58,-9.81,-10.19,-10.48,-10.0,-10.0,-10.14,-150.0,-10.1,-9.71,0.023,-0.005,-0.006,-0.005,-0.003,0.005,-0.001,-0.001,6472.0,9103.0,9059.0,9238.0,7861.0,7836.0,6348.0,0.0,0.0,0.0,0.0,0.0,0.0,0.0,0.0,7.167000000000001,0.0,60.14,0.0,0.0,0.0,0.0,16.0,0.0,0.0,0.0,0.0,0.0,-7.905,-8.09,0.0,-9.88,290.9,15.14,3.0,3.473,-1.0,3.033,4.6,4901
2016-01-20 02:06:00,0.0,0.0,0.0,1067290.0,62.9,59.9,60.0,0.0,40789.0,507.0,93035.0,1024949.0,0.0,1.0,0.0,0.0,0.0,275.4,274.3,275.8,0.772,271.0,0.531,271.4,0.842,273.0,0.002,14.03,1.0,3.0,0.0,-6.752999999999999,0.0,20.37,9.71,0.0,-0.026,-0.017,-0.017,-0.407,-0.074,0.923,0.0,-5.58,-9.86,-10.27,-10.54,-10.0,-10.05,-10.21,-149.9,-10.1,-9.75,0.023,-0.004,-0.004,-0.005,-0.003,0.005,-0.001,0.001,6472.0,9103.0,9059.0,9238.0,7861.0,7836.0,6348.0,0.0,0.0,0.0,0.0,0.0,0.0,0.0,0.0,7.167000000000001,0.0,60.14,0.0,0.0,0.0,0.0,16.0,0.0,0.0,0.0,0.0,0.0,-7.882,-8.14,0.0,-9.920000000000002,298.7,17.12,3.833,3.473,-1.0,3.057,5.2,4901
2016-01-20 02:07:00,0.0,0.0,0.0,1067290.0,62.9,59.9,60.0,0.0,40789.0,507.0,93035.0,1024949.0,0.0,1.0,0.0,0.0,0.0,275.4,274.5,276.0,0.772,271.5,0.531,271.7,0.842,273.0,0.002,14.03,1.0,3.0,0.0,-6.752999999999999,0.0,20.64,9.670000000000002,0.0,-0.023,-0.017,-0.017,-0.407,-0.085,0.6019999999999999,0.0,-5.58,-9.81,-10.29,-10.58,-10.06,-10.11,-10.26,-149.7,-10.1,-9.73,0.019,-0.004,-0.005,-0.005,-0.004,0.006,-0.001,0.0,6472.0,9103.0,9059.0,9238.0,7861.0,7836.0,6348.0,0.0,0.0,0.0,0.0,0.0,0.0,0.0,0.0,7.166,0.0,60.22,0.0,0.0,0.0,0.0,16.0,0.0,0.0,0.0,0.0,0.0,-7.897,-8.13,0.0,-9.91,291.6,19.42,3.0,3.473,-1.0,2.59,3.6,4901
2016-01-20 02:08:00,0.0,0.0,0.0,1067290.0,62.9,59.9,60.0,0.0,40789.0,507.0,93035.0,1024949.0,0.0,1.0,0.0,0.0,0.0,275.1,274.5,276.0,0.772,271.4,0.531,271.1,0.842,273.0,0.002,14.03,1.0,3.0,0.0,-6.752999999999999,0.0,20.58,9.66,0.0,-0.023,-0.017,-0.017,-0.407,-0.083,0.8259999999999998,0.0,-5.58,-9.82,-10.29,-10.58,-10.08,-10.1,-10.22,-149.8,-10.11,-9.71,0.0289999999999999,-0.003,-0.005,-0.005,-0.004,0.005,-0.001,0.0,6472.0,9103.0,9059.0,9238.0,7861.0,7836.0,6348.0,0.0,0.0,0.0,0.0,0.0,0.0,0.0,0.0,7.062,0.0,60.2,0.0,0.0,0.0,0.0,16.0,0.0,0.0,0.0,0.0,0.0,-7.96,-8.14,0.0,-9.89,290.6,16.89,3.667,3.472,-1.0,3.693,5.0,4901
2016-01-20 02:09:00,0.0,0.0,0.0,1067290.0,62.9,59.9,60.0,0.0,40789.0,507.0,93035.0,1024949.0,0.0,1.0,0.0,0.0,0.0,275.4,274.6,276.0,0.772,271.7,0.531,271.7,0.842,273.0,0.002,14.03,1.0,3.0,0.0,-6.752999999999999,0.0,20.73,9.590000000000002,0.0,-0.023,-0.017,-0.017,-0.407,-0.089,0.7340000000000001,0.0,-5.58,-9.81,-10.3,-10.58,-10.06,-10.13,-10.22,-150.0,-10.13,-9.71,0.018,-0.004,-0.005,-0.005,-0.004,0.005,-0.002,0.0,6472.0,9103.0,9059.0,9238.0,7861.0,7836.0,6348.0,0.0,0.0,0.0,0.0,0.0,0.0,0.0,0.0,7.027,0.0,60.15,0.0,0.0,0.0,0.0,16.0,0.0,0.0,0.0,0.0,0.0,-7.92,-8.12,0.0,-9.88,293.3,24.62,3.333,3.472,-1.0,3.363,5.5,4901
2016-01-20 02:10:00,0.0,0.0,0.0,1067290.0,62.9,59.9,60.0,0.0,40789.0,507.0,93035.0,1024949.0,0.0,1.0,0.0,0.0,0.0,275.1,274.5,276.0,0.772,271.3,0.531,271.2,0.842,273.0,0.002,14.03,1.0,3.0,0.0,-6.766,0.0,20.78,9.61,0.0,-0.023,-0.017,-0.017,-0.407,-0.081,0.6029999999999999,0.0,-5.58,-9.81,-10.21,-10.54,-10.0,-10.03,-10.21,-150.2,-10.1,-9.68,0.017,-0.004,-0.005,-0.005,-0.003,0.005,-0.002,0.0,6472.0,9103.0,9059.0,9238.0,7861.0,7836.0,6348.0,0.0,0.0,0.0,0.0,0.0,0.0,0.0,0.0,6.978,0.0,60.13,0.0,0.0,0.0,0.0,16.0,0.0,0.0,0.0,0.0,0.0,-7.882999999999998,-8.099999999999998,0.0,-9.83,294.1,19.38,3.333,3.472,-1.0,3.318,5.4,4901
2016-01-20 02:11:00,0.0,0.0,0.0,1067290.0,62.9,59.9,60.0,0.0,40789.0,507.0,93035.0,1024949.0,0.0,1.0,0.0,0.0,0.0,275.2,274.3,275.9,0.772,271.1,0.531,271.0,0.842,273.0,0.002,14.03,1.0,3.0,0.0,-6.775,0.0,20.75,9.58,0.0,-0.023,-0.017,-0.017,-0.407,-0.072,0.966,0.0,-5.58,-9.81,-10.19,-10.43,-9.95,-10.0,-10.16,-150.0,-10.05,-9.62,0.017,-0.004,-0.006,-0.004,-0.004,0.005,-0.001,0.0,6472.0,9103.0,9059.0,9238.0,7861.0,7836.0,6348.0,0.0,0.0,0.0,0.0,0.0,0.0,0.0,0.0,6.906000000000001,0.0,60.13,0.0,0.0,0.0,0.0,16.0,0.0,0.0,0.0,0.0,0.0,-7.867000000000002,-8.099999999999998,0.0,-9.85,292.5,17.03,4.0,3.473,-1.0,4.037,6.3,4901
2016-01-20 02:12:00,0.0,0.0,0.0,1067290.0,62.9,59.9,60.0,0.0,40789.0,507.0,93035.0,1024949.0,0.0,1.0,0.0,0.0,0.0,275.2,274.3,275.9,0.772,271.2,0.531,271.0,0.842,273.0,0.002,14.03,1.0,3.0,0.0,-6.776,0.0,20.57,9.58,0.0,-0.023,-0.017,-0.017,-0.407,-0.0509999999999999,0.6029999999999999,0.0,-5.58,-9.840000000000002,-10.29,-10.45,-9.97,-9.97,-10.16,-124.4,-10.05,-9.63,0.018,-0.004,-0.005,-0.004,-0.003,0.005,-0.001,0.0,6472.0,9103.0,9059.0,9238.0,7861.0,7836.0,6348.0,0.0,0.0,0.0,0.0,0.0,0.0,0.0,0.0,6.897,0.0,60.15,0.0,0.0,0.0,0.0,16.0,0.0,0.0,0.0,0.0,0.0,-7.906,-8.15,0.0,-9.94,288.1,11.19,3.0,3.473,-1.0,2.845,4.0,4901
2016-01-20 02:13:00,0.0,0.0,0.0,1067290.0,62.9,59.9,60.0,0.0,40789.0,507.0,93035.0,1024949.0,0.0,1.0,0.0,0.0,0.0,275.2,274.5,276.0,0.772,271.3,0.531,271.0,0.842,273.0,0.002,14.03,1.0,3.0,0.0,-6.776,0.0,20.82,9.58,0.0,-0.023,-0.017,-0.017,-0.407,-0.081,0.7759999999999999,0.0,-5.58,-9.9,-10.38,-10.53,-10.0,-10.0,-10.21,-149.6,-10.12,-9.71,0.018,-0.003,-0.005,-0.005,-0.002,0.005,-0.001,-0.001,6472.0,9103.0,9059.0,9238.0,7861.0,7836.0,6348.0,0.0,0.0,0.0,0.0,0.0,0.0,0.0,0.0,6.897,0.0,60.14,0.0,0.0,0.0,0.0,16.0,0.0,0.0,0.0,0.0,0.0,-7.953999999999998,-8.199999999999998,0.0,-9.96,275.3,15.56,3.5,3.473,-1.0,3.778,6.4,4901
2016-01-20 02:14:00,0.0,0.0,0.0,1067290.0,62.9,59.9,60.0,0.0,40789.0,507.0,93035.0,1024949.0,0.0,1.0,0.0,0.0,0.0,275.5,274.2,275.8,0.772,271.3,0.531,271.0,0.842,273.0,0.002,14.03,1.0,3.0,0.0,-6.776,0.0,20.63,9.55,0.0,-0.023,-0.017,-0.017,-0.407,-0.0869999999999999,0.792,0.0,-5.58,-9.87,-10.29,-10.58,-10.0,-10.0,-10.21,-150.0,-10.1,-9.7,0.02,-0.004,-0.005,-0.005,-0.004,0.005,-0.001,0.0,6472.0,9103.0,9059.0,9238.0,7861.0,7836.0,6348.0,0.0,0.0,0.0,0.0,0.0,0.0,0.0,0.0,6.897,0.0,60.15,0.0,0.0,0.0,0.0,16.0,0.0,0.0,0.0,0.0,0.0,-7.95,-8.15,0.0,-9.920000000000002,291.7,19.77,3.833,3.473,-1.0,3.072,4.3,4901
2016-01-20 02:15:00,0.0,0.0,0.0,1067290.0,62.9,59.9,60.0,0.0,40789.0,507.0,93035.0,1024949.0,0.0,1.0,0.0,0.0,0.0,275.4,274.2,275.8,0.772,271.0,0.531,271.0,0.842,273.0,0.002,14.03,1.0,3.0,0.0,-6.776,0.0,20.75,9.56,0.0,-0.023,-0.017,-0.017,-0.407,-0.085,0.634,0.0,-5.58,-9.9,-10.38,-10.58,-10.03,-10.1,-10.22,-150.6,-10.19,-9.71,0.027,-0.004,-0.006,-0.005,-0.004,0.005,0.0,-0.001,6472.0,9103.0,9059.0,9238.0,7861.0,7836.0,6348.0,0.0,0.0,0.0,0.0,0.0,0.0,0.0,0.0,6.877000000000001,0.0,60.14,0.0,0.0,0.0,0.0,16.0,0.0,0.0,0.0,0.0,0.0,-7.995,-8.179999999999998,0.0,-9.98,297.5,16.82,3.167,3.473,-1.0,1.94,2.9,4901
2016-01-20 02:16:00,0.0,0.0,0.0,1067290.0,62.9,59.9,60.0,0.0,40789.0,507.0,93035.0,1024949.0,0.0,1.0,0.0,0.0,0.0,274.8,274.3,275.9,0.772,271.0,0.531,271.0,0.842,273.0,0.002,14.03,1.0,3.0,0.0,-6.776,0.0,20.62,9.54,0.0,-0.023,-0.017,-0.017,-0.407,-0.0869999999999999,0.7440000000000001,0.0,-5.58,-10.0,-10.38,-10.59,-10.1,-10.17,-10.3,-144.3,-10.19,-9.71,0.017,-0.005,-0.005,-0.005,-0.003,0.005,-0.001,0.0,6472.0,9103.0,9059.0,9238.0,7861.0,7836.0,6348.0,0.0,0.0,0.0,0.0,0.0,0.0,0.0,0.0,6.773,0.0,60.15,0.0,0.0,0.0,0.0,16.0,0.0,0.0,0.0,0.0,0.0,-7.985,-8.199999999999998,0.0,-10.05,288.5,19.91,3.667,3.473,-1.0,3.035,4.2,4901
2016-01-20 02:17:00,0.0,0.0,0.0,1067290.0,62.9,59.9,60.0,0.0,40789.0,507.0,93035.0,1024949.0,0.0,1.0,0.0,0.0,0.0,275.0,274.0,275.7,0.772,271.0,0.531,271.0,0.842,273.0,0.002,14.03,1.0,3.0,0.0,-6.79,0.0,20.73,9.48,0.0,-0.025,-0.017,-0.017,-0.407,-0.072,0.775,0.0,-5.58,-10.0,-10.38,-10.61,-10.1,-10.19,-10.3,-145.3,-10.23,-9.83,0.019,-0.004,-0.005,-0.005,-0.003,0.004,-0.001,-0.001,6472.0,9103.0,9059.0,9238.0,7861.0,7836.0,6348.0,0.0,0.0,0.0,0.0,0.0,0.0,0.0,0.0,6.706,0.0,60.15,0.0,0.0,0.0,0.0,16.0,0.0,0.0,0.0,0.0,0.0,-8.01,-8.199999999999998,0.0,-10.05,305.5,22.98,3.5,3.472,-1.0,2.277,5.0,4901
2016-01-20 02:18:00,0.0,0.0,0.0,1067290.0,62.9,59.9,60.0,0.0,40789.0,507.0,93035.0,1024949.0,0.0,1.0,0.0,0.0,0.0,274.9,274.1,275.8,0.772,271.0,0.531,271.0,0.842,273.0,0.002,14.03,1.0,3.0,0.0,-6.796,0.0,20.57,9.47,0.0,-0.027,-0.017,-0.017,-0.407,-0.078,0.792,0.0,-5.58,-10.0,-10.38,-10.65,-10.16,-10.14,-10.3,-150.4,-10.23,-9.86,0.025,-0.004,-0.005,-0.005,-0.003,0.005,-0.001,-0.001,6472.0,9103.0,9059.0,9238.0,7861.0,7836.0,6348.0,0.0,0.0,0.0,0.0,0.0,0.0,0.0,0.0,6.638,0.0,60.22,0.0,0.0,0.0,0.0,16.0,0.0,0.0,0.0,0.0,0.0,-7.982,-8.15,0.0,-9.99,278.8,16.16,3.5,3.472,-1.0,2.38,4.3,4901
2016-01-20 02:19:00,0.0,0.0,0.0,1067290.0,62.9,59.9,60.0,0.0,40789.0,507.0,93035.0,1024949.0,0.0,1.0,0.0,0.0,0.0,275.1,274.0,275.7,0.772,271.0,0.531,271.0,0.842,273.0,0.002,14.03,1.0,3.0,0.0,-6.796,0.0,20.58,9.45,0.0,-0.027,-0.017,-0.017,-0.407,-0.068,0.632,0.0,-5.58,-9.82,-10.22,-10.54,-10.03,-10.05,-10.22,-124.0,-10.13,-9.840000000000002,0.024,-0.004,-0.006,-0.004,-0.003,0.005,-0.002,-0.001,6472.0,9103.0,9059.0,9238.0,7861.0,7836.0,6348.0,0.0,0.0,0.0,0.0,0.0,0.0,0.0,0.0,6.626,0.0,60.22,0.0,0.0,0.0,0.0,16.0,0.0,0.0,0.0,0.0,0.0,-8.019999999999998,-8.07,0.0,-9.86,306.8,24.57,3.167,3.473,-1.0,2.665,4.6,4901
2016-01-20 02:20:00,0.0,0.0,0.0,1067290.0,62.9,59.9,60.0,0.0,40789.0,507.0,93035.0,1024949.0,0.0,1.0,0.0,0.0,0.0,274.8,274.2,275.8,0.772,271.0,0.531,271.0,0.842,273.0,0.002,14.03,1.0,3.0,0.0,-6.796,0.0,20.58,9.41,0.0,-0.026,-0.017,-0.017,-0.407,-0.089,0.745,0.0,-5.58,-9.89,-10.29,-10.56,-9.99,-10.0,-10.21,-149.8,-10.1,-9.81,0.018,-0.004,-0.005,-0.005,-0.003,0.005,-0.001,0.0,6472.0,9103.0,9059.0,9238.0,7861.0,7836.0,6348.0,0.0,0.0,0.0,0.0,0.0,0.0,0.0,0.0,6.626,0.0,60.21,0.0,0.0,0.0,0.0,16.0,0.0,0.0,0.0,0.0,0.0,-7.997999999999998,-8.12,0.0,-9.93,271.4,16.99,3.5,3.473,-1.0,2.738,4.7,4901
2016-01-20 02:21:00,0.0,0.0,0.0,1067290.0,62.9,59.9,60.0,0.0,40789.0,507.0,93035.0,1024949.0,0.0,1.0,0.0,0.0,0.0,274.8,274.2,275.7,0.772,271.0,0.531,271.0,0.842,273.0,0.002,14.03,1.0,3.0,0.0,-6.797999999999999,0.0,20.62,9.36,0.0,-0.024,-0.017,-0.017,-0.407,-0.078,0.775,0.0,-5.58,-9.9,-10.29,-10.58,-10.0,-10.0,-10.21,-124.5,-10.1,-9.81,0.018,-0.003,-0.005,-0.005,-0.004,0.005,-0.001,-0.001,6472.0,9103.0,9059.0,9238.0,7861.0,7836.0,6348.0,0.0,0.0,0.0,0.0,0.0,0.0,0.0,0.0,6.59,0.0,60.21,0.0,0.0,0.0,0.0,16.0,0.0,0.0,0.0,0.0,0.0,-7.987999999999999,-8.109999999999998,0.0,-9.93,276.1,9.79,3.5,3.473,-1.0,3.188,4.4,4901
2016-01-20 02:22:00,0.0,0.0,0.0,1067290.0,62.9,59.9,60.0,0.0,40789.0,507.0,93035.0,1024949.0,0.0,1.0,0.0,0.0,0.0,275.2,274.1,275.7,0.772,271.0,0.531,271.0,0.842,273.0,0.002,14.03,1.0,3.0,0.0,-6.816,0.0,20.54,9.31,0.0,-0.024,-0.017,-0.017,-0.405,-0.0869999999999999,0.784,0.0,-5.58,-9.95,-10.38,-10.56,-10.0,-10.0,-10.21,-103.4,-10.13,-9.87,0.02,-0.003,-0.005,-0.004,-0.003,0.005,-0.002,0.0,6472.0,9103.0,9059.0,9238.0,7861.0,7836.0,6348.0,0.0,0.0,0.0,0.0,0.0,0.0,0.0,0.0,6.497999999999999,0.0,60.22,0.0,0.0,0.0,0.0,16.0,0.0,0.0,0.0,0.0,0.0,-7.971,-8.14,0.0,-9.99,300.3,24.57,3.5,3.473,-1.0,1.498,2.9,4901
2016-01-20 02:23:00,0.0,0.0,0.0,1067290.0,62.9,59.9,60.0,0.0,40789.0,507.0,93035.0,1024949.0,0.0,1.0,0.0,0.0,0.0,274.8,274.2,275.8,0.772,271.0,0.531,271.0,0.842,273.0,0.002,14.03,1.0,3.0,0.0,-6.819,0.0,20.64,9.3,0.0,-0.027,-0.017,-0.017,-0.407,-0.085,0.6019999999999999,0.0,-5.58,-9.98,-10.38,-10.59,-10.08,-10.11,-10.26,-149.9,-10.19,-9.95,0.0149999999999999,-0.003,-0.004,-0.004,-0.004,0.004,-0.001,0.0,6472.0,9103.0,9059.0,9238.0,7861.0,7836.0,6348.0,0.0,0.0,0.0,0.0,0.0,0.0,0.0,0.0,6.492000000000001,0.0,60.22,0.0,0.0,0.0,0.0,16.0,0.0,0.0,0.0,0.0,0.0,-7.997999999999998,-8.12,0.0,-10.02,287.7,18.0,3.0,3.473,-1.0,2.075,3.8,4901
2016-01-20 02:24:00,0.0,0.0,0.0,1067290.0,62.9,59.9,60.0,0.0,40789.0,507.0,93035.0,1024949.0,0.0,1.0,0.0,0.0,0.0,274.6,274.1,275.9,0.772,271.0,0.531,271.0,0.842,273.0,0.002,14.03,1.0,3.0,0.0,-6.819,0.0,20.58,9.24,0.0,-0.027,-0.017,-0.017,-0.407,-0.057,0.775,0.0,-5.58,-10.06,-10.48,-10.67,-10.1,-10.17,-10.3,-149.6,-10.23,-9.97,0.02,-0.004,-0.005,-0.004,-0.003,0.005,0.0,0.0,6472.0,9103.0,9059.0,9238.0,7861.0,7836.0,6348.0,0.0,0.0,0.0,0.0,0.0,0.0,0.0,0.0,6.422999999999999,0.0,60.23,0.0,0.0,0.0,0.0,16.0,0.0,0.0,0.0,0.0,0.0,-7.981,-8.189999999999998,0.0,-10.13,291.8,13.63,3.5,3.473,-1.0,2.437,3.9,4901
2016-01-20 02:25:00,0.0,0.0,0.0,1067290.0,62.9,59.9,60.0,0.0,40789.0,507.0,93035.0,1024949.0,0.0,1.0,0.0,0.0,0.0,274.7,274.1,275.8,0.772,271.0,0.531,271.0,0.842,273.0,0.002,14.03,1.0,3.0,0.0,-6.819,0.0,20.66,9.13,0.0,-0.0279999999999999,-0.017,-0.017,-0.405,-0.081,0.6029999999999999,0.0,-5.615,-10.1,-10.56,-10.72,-10.19,-10.19,-10.38,-56.76,-10.29,-10.0,0.0279999999999999,-0.004,-0.005,-0.005,-0.004,0.005,-0.002,0.001,6472.0,9103.0,9059.0,9238.0,7861.0,7836.0,6348.0,0.0,0.0,0.0,0.0,0.0,0.0,0.0,0.0,6.367000000000001,0.0,60.22,0.0,0.0,0.0,0.0,16.0,0.0,0.0,0.0,0.0,0.0,-7.953999999999998,-8.21,0.0,-10.16,286.0,26.13,3.333,3.472,-1.0,2.272,4.0,4901
2016-01-20 02:26:00,0.0,0.0,0.0,1067290.0,62.9,59.9,60.0,0.0,40789.0,507.0,93035.0,1024949.0,0.0,1.0,0.0,0.0,0.0,274.9,273.9,275.6,0.772,271.0,0.531,271.0,0.842,273.0,0.002,14.03,1.0,3.0,0.0,-6.819,0.0,20.59,9.2,0.0,-0.0279999999999999,-0.017,-0.017,-0.407,-0.078,0.82,0.0,-5.641,-10.14,-10.56,-10.75,-10.17,-10.19,-10.37,-150.1,-10.29,-10.0,0.024,-0.004,-0.006,-0.005,-0.003,0.005,-0.002,-0.001,6472.0,9103.0,9059.0,9238.0,7861.0,7836.0,6348.0,0.0,0.0,0.0,0.0,0.0,0.0,0.0,0.0,6.356,0.0,60.22,0.0,0.0,0.0,0.0,16.0,0.0,0.0,0.0,0.0,0.0,-8.01,-8.15,0.0,-10.15,281.8,31.2,3.667,3.473,-1.0,2.51,4.6,4901
2016-01-20 02:27:00,0.0,0.0,0.0,1067290.0,62.9,59.9,60.0,0.0,40789.0,507.0,93035.0,1024949.0,0.0,1.0,0.0,0.0,0.0,275.0,274.1,275.8,0.772,271.0,0.531,271.0,0.842,273.0,0.002,14.03,1.0,3.0,0.0,-6.821000000000001,0.0,20.62,9.07,0.0,-0.027,-0.017,-0.017,-0.407,-0.081,0.748,0.0,-5.662000000000001,-10.08,-10.51,-10.67,-10.16,-10.16,-10.35,-129.4,-10.27,-9.97,0.025,-0.003,-0.004,-0.005,-0.004,0.005,-0.001,-0.001,6472.0,9103.0,9059.0,9238.0,7861.0,7836.0,6348.0,0.0,0.0,0.0,0.0,0.0,0.0,0.0,0.0,6.344,0.0,60.22,0.0,0.0,0.0,0.0,16.0,0.0,0.0,0.0,0.0,0.0,-7.982,-8.15,0.0,-10.1,289.5,23.55,3.333,3.473,-1.0,3.57,5.7,4901
2016-01-20 02:28:00,0.0,0.0,0.0,1067290.0,62.9,59.9,60.0,0.0,40789.0,507.0,93035.0,1024949.0,0.0,1.0,0.0,0.0,0.0,275.2,274.1,275.8,0.772,271.0,0.531,271.0,0.842,273.0,-0.01,13.54,1.0,1.0,0.0,-6.84,0.0,20.51,9.1,0.0,-0.025,-0.017,-0.017,-0.341,-0.083,0.624,0.001,-5.676,-10.06,-10.48,-10.61,-10.08,-10.1,-10.28,-129.5,-10.19,-9.91,0.023,-0.004,-0.005,-0.005,-0.004,0.005,-0.001,-0.001,6472.0,9103.0,9059.0,9238.0,7861.0,7836.0,6348.0,0.0,0.0,0.0,0.0,0.0,0.0,0.0,0.0,6.223,0.0,60.15,0.0,0.0,0.0,0.0,16.0,0.0,0.0,0.0,0.0,0.0,-7.947,-8.15,0.0,-10.06,282.1,24.85,3.167,3.472,-1.0,3.247,6.5,4901
2016-01-20 02:29:00,0.0,0.0,0.0,1067290.0,62.9,59.9,60.0,0.0,40789.0,507.0,93035.0,1024949.0,0.0,1.0,0.0,0.0,0.0,275.0,274.3,275.8,0.772,271.0,0.531,271.0,0.842,273.0,0.013,13.68,1.0,1.0,0.0,-6.841,0.0,20.63,9.06,0.0,-0.023,-0.017,-0.017,-0.3989999999999999,-0.07,0.782,0.001,-5.676,-9.95,-10.37,-10.58,-10.0,-10.0,-10.19,-149.9,-10.11,-9.81,0.025,-0.003,-0.005,-0.005,-0.004,0.006,-0.002,-0.001,6472.0,9103.0,9059.0,9238.0,7861.0,7836.0,6348.0,0.0,0.0,0.0,0.0,0.0,0.0,0.0,0.0,6.22,0.0,60.22,0.0,0.0,0.0,0.0,16.0,0.0,0.0,0.0,0.0,0.0,-7.973,-8.099999999999998,0.0,-9.96,332.0,23.61,3.5,3.472,-1.0,2.818,4.2,4901
2016-01-20 02:30:00,0.0,0.0,0.0,1067290.0,62.9,59.9,60.0,0.0,40789.0,507.0,93035.0,1024949.0,0.0,1.0,0.0,0.0,0.0,275.0,274.1,275.7,0.772,271.0,0.531,271.0,0.842,273.0,0.002,14.03,1.0,3.0,0.0,-6.841,0.0,20.66,9.03,0.0,-0.023,-0.017,-0.017,-0.407,-0.0909999999999999,0.748,0.0,-5.676,-10.0,-10.38,-10.56,-10.02,-10.1,-10.21,-150.0,-10.16,-9.87,0.019,-0.004,-0.006,-0.005,-0.003,0.005,-0.002,-0.001,6472.0,9103.0,9059.0,9238.0,7861.0,7836.0,6348.0,0.0,0.0,0.0,0.0,0.0,0.0,0.0,0.0,6.192,0.0,60.23,0.0,0.0,0.0,0.0,16.0,0.0,0.0,0.0,0.0,0.0,-8.029999999999998,-8.15,0.0,-10.04,304.3,19.5,3.667,3.473,-1.0,1.778,2.5,4901
2016-01-20 02:31:00,0.0,0.0,0.0,1067290.0,62.9,59.9,60.0,0.0,40789.0,507.0,93035.0,1024949.0,0.0,1.0,0.0,0.0,0.0,275.1,274.1,275.6,0.772,271.0,0.531,271.0,0.842,273.0,0.002,14.03,1.0,3.0,0.0,-6.841,0.0,20.61,9.01,0.0,-0.025,-0.017,-0.017,-0.407,-0.081,0.774,0.0,-5.676,-10.0,-10.42,-10.62,-10.11,-10.16,-10.3,-149.9,-10.24,-9.920000000000002,0.018,-0.004,-0.006,-0.005,-0.004,0.004,-0.002,-0.001,6472.0,9103.0,9059.0,9238.0,7861.0,7836.0,6348.0,0.0,0.0,0.0,0.0,0.0,0.0,0.0,0.0,6.085,0.0,60.14,0.0,0.0,0.0,0.0,16.0,0.0,0.0,0.0,0.0,0.0,-8.06,-8.189999999999998,0.0,-10.06,308.0,12.66,3.833,3.473,-1.0,2.225,3.3,4901
2016-01-20 02:32:00,0.0,0.0,0.0,1067290.0,62.9,59.9,60.0,0.0,40789.0,507.0,93035.0,1024949.0,0.0,1.0,0.0,0.0,0.0,275.0,274.1,275.7,0.772,271.0,0.531,271.0,0.842,273.0,0.002,14.03,1.0,3.0,0.0,-6.85,0.0,20.65,8.96,0.0,-0.027,-0.017,-0.017,-0.407,-0.0869999999999999,0.7829999999999999,0.0,-5.676,-10.1,-10.48,-10.66,-10.18,-10.19,-10.37,-150.4,-10.29,-9.99,0.0279999999999999,-0.004,-0.005,-0.004,-0.004,0.004,-0.001,-0.001,6472.0,9103.0,9059.0,9238.0,7861.0,7836.0,6348.0,0.0,0.0,0.0,0.0,0.0,0.0,0.0,0.0,6.085,0.0,60.14,0.0,0.0,0.0,0.0,16.0,0.0,0.0,0.0,0.0,0.0,-8.05,-8.23,0.0,-10.1,296.9,22.98,3.5,3.472,-1.0,2.462,4.7,4901
2016-01-20 02:33:00,0.0,0.0,0.0,1067290.0,62.9,59.9,60.0,0.0,40789.0,507.0,93035.0,1024949.0,0.0,1.0,0.0,0.0,0.0,275.0,274.1,275.8,0.772,271.0,0.531,271.0,0.842,273.0,0.002,14.03,1.0,3.0,0.0,-6.863,0.0,20.46,8.929999999999998,0.0,-0.027,-0.017,-0.017,-0.405,-0.074,0.637,0.0,-5.676,-10.1,-10.48,-10.7,-10.19,-10.19,-10.4,-150.3,-10.29,-9.94,0.019,-0.004,-0.006,-0.004,-0.003,0.004,-0.001,0.001,6472.0,9103.0,9059.0,9238.0,7861.0,7836.0,6348.0,0.0,0.0,0.0,0.0,0.0,0.0,0.0,0.0,6.085,0.0,60.15,0.0,0.0,0.0,0.0,16.0,0.0,0.0,0.0,0.0,0.0,-7.997,-8.24,0.0,-10.1,298.5,17.5,3.167,3.473,-1.0,2.597,3.5,4901
2016-01-20 02:34:00,0.0,0.0,0.0,1067290.0,62.9,59.9,60.0,0.0,40789.0,507.0,93035.0,1024949.0,0.0,1.0,0.0,0.0,0.0,274.8,274.2,275.9,0.772,271.0,0.531,271.0,0.842,273.0,-0.006,13.47,1.0,1.0,0.0,-6.864,0.0,20.69,8.949999999999998,0.0,-0.027,-0.017,-0.017,-0.356,-0.089,0.5879999999999999,0.001,-5.676,-10.1,-10.48,-10.77,-10.19,-10.24,-10.4,-149.8,-10.35,-10.0,0.0149999999999999,-0.004,-0.004,-0.005,-0.003,0.005,-0.001,0.0,6472.0,9103.0,9059.0,9238.0,7861.0,7836.0,6348.0,0.0,0.0,0.0,0.0,0.0,0.0,0.0,0.0,6.082999999999999,0.0,60.18,0.0,0.0,0.0,0.0,16.0,0.0,0.0,0.0,0.0,0.0,-8.0,-8.24,0.0,-10.11,270.5,11.59,3.0,3.473,-1.0,3.09,4.2,4901
2016-01-20 02:35:00,0.0,0.0,0.0,1067290.0,62.9,59.9,60.0,0.0,40789.0,507.0,93035.0,1024949.0,0.0,1.0,0.0,0.0,0.0,274.9,274.2,275.8,0.772,271.0,0.531,271.0,0.842,273.0,0.009,14.03,1.0,3.0,0.0,-6.864,0.0,20.35,8.89,0.0,-0.025,-0.017,-0.017,-0.407,-0.059,0.932,0.0,-5.676,-10.03,-10.43,-10.74,-10.17,-10.22,-10.4,-150.3,-10.32,-9.920000000000002,0.025,-0.003,-0.005,-0.004,-0.003,0.005,-0.002,-0.001,6472.0,9103.0,9059.0,9238.0,7861.0,7836.0,6348.0,0.0,0.0,0.0,0.0,0.0,0.0,0.0,0.0,5.993,0.0,60.14,0.0,0.0,0.0,0.0,16.0,0.0,0.0,0.0,0.0,0.0,-8.06,-8.199999999999998,0.0,-10.03,292.6,20.4,4.0,3.472,-1.0,3.025,5.2,4901
2016-01-20 02:36:00,0.0,0.0,0.0,1067290.0,62.9,59.9,60.0,0.0,40789.0,507.0,93035.0,1024949.0,0.0,1.0,0.0,0.0,0.0,274.8,274.2,275.8,0.772,271.0,0.531,271.0,0.842,273.0,0.002,14.03,1.0,3.0,0.0,-6.864,0.0,20.57,8.83,0.0,-0.024,-0.017,-0.017,-0.407,-0.068,0.6029999999999999,0.0,-5.676,-9.920000000000002,-10.35,-10.59,-10.1,-10.11,-10.33,-149.8,-10.23,-9.96,0.013,-0.004,-0.005,-0.005,-0.003,0.005,-0.002,-0.001,6472.0,9103.0,9059.0,9238.0,7861.0,7836.0,6348.0,0.0,0.0,0.0,0.0,0.0,0.0,0.0,0.0,5.95,0.0,60.17,0.0,0.0,0.0,0.0,16.0,0.0,0.0,0.0,0.0,0.0,-8.09,-8.17,0.0,-9.920000000000002,311.8,18.4,3.333,3.473,-1.0,2.55,6.3,4901
2016-01-20 02:37:00,0.0,0.0,0.0,1067290.0,62.9,59.9,60.0,0.0,40789.0,507.0,93035.0,1024949.0,0.0,1.0,0.0,0.0,0.0,274.9,274.1,275.7,0.772,271.0,0.531,271.0,0.842,273.0,0.002,14.03,1.0,3.0,0.0,-6.864,0.0,20.58,8.82,0.0,-0.024,-0.017,-0.017,-0.407,-0.1,0.817,0.0,-5.676,-9.920000000000002,-10.35,-10.58,-10.01,-10.06,-10.29,-150.1,-10.13,-9.91,0.025,-0.004,-0.005,-0.005,-0.003,0.005,-0.001,-0.001,6472.0,9103.0,9059.0,9238.0,7861.0,7836.0,6348.0,0.0,0.0,0.0,0.0,0.0,0.0,0.0,0.0,5.942,0.0,60.14,0.0,0.0,0.0,0.0,16.0,0.0,0.0,0.0,0.0,0.0,-8.029999999999998,-8.189999999999998,0.0,-9.97,299.5,22.58,3.667,3.473,-1.0,3.175,6.1,4901
2016-01-20 02:38:00,0.0,0.0,0.0,1067290.0,62.9,59.9,60.0,0.0,40789.0,507.0,93035.0,1024949.0,0.0,1.0,0.0,0.0,0.0,274.9,274.2,275.8,0.772,271.0,0.531,271.0,0.842,273.0,0.002,14.03,1.0,3.0,0.0,-6.865,0.0,20.6,8.779999999999998,0.0,-0.023,-0.017,-0.017,-0.407,-0.0759999999999999,0.7509999999999998,0.0,-5.676,-9.9,-10.32,-10.56,-10.0,-10.06,-10.27,-149.2,-10.11,-9.91,0.02,-0.004,-0.006,-0.005,-0.004,0.004,-0.002,-0.001,6472.0,9103.0,9059.0,9238.0,7861.0,7836.0,6348.0,0.0,0.0,0.0,0.0,0.0,0.0,0.0,0.0,5.856,0.0,60.14,0.0,0.0,0.0,0.0,16.0,0.0,0.0,0.0,0.0,0.0,-8.029999999999998,-8.179999999999998,0.0,-9.95,282.8,15.39,3.333,3.473,-1.0,3.258,6.3,4901
2016-01-20 02:39:00,0.0,0.0,0.0,1067290.0,62.9,59.9,60.0,0.0,40789.0,507.0,93035.0,1024949.0,0.0,1.0,0.0,0.0,0.0,274.9,274.2,275.9,0.772,271.0,0.531,271.0,0.842,273.0,0.002,14.03,1.0,3.0,0.0,-6.8660000000000005,0.0,20.65,8.76,0.0,-0.023,-0.017,-0.017,-0.407,-0.081,0.638,0.0,-5.676,-9.840000000000002,-10.24,-10.51,-9.97,-10.0,-10.19,-122.8,-10.1,-9.79,0.018,-0.004,-0.006,-0.005,-0.005,0.005,-0.001,-0.001,6472.0,9103.0,9059.0,9238.0,7861.0,7836.0,6348.0,0.0,0.0,0.0,0.0,0.0,0.0,0.0,0.0,5.815,0.0,60.14,0.0,0.0,0.0,0.0,16.0,0.0,0.0,0.0,0.0,0.0,-8.04,-8.14,0.0,-9.87,293.4,22.02,3.167,3.473,-1.0,3.322,6.0,4901
2016-01-20 02:40:00,0.0,0.0,0.0,1067290.0,62.9,59.9,60.0,0.0,40789.0,507.0,93035.0,1024949.0,0.0,1.0,0.0,0.0,0.0,275.0,274.0,275.7,0.772,271.0,0.531,271.0,0.842,273.0,0.002,14.03,1.0,3.0,0.0,-6.875,0.0,20.56,8.72,0.0,-0.023,-0.017,-0.017,-0.407,-0.0759999999999999,0.922,0.0,-5.676,-9.87,-10.26,-10.48,-9.95,-9.98,-10.19,-150.1,-10.08,-9.75,0.013,-0.004,-0.005,-0.005,-0.005,0.004,-0.001,-0.001,6472.0,9103.0,9059.0,9238.0,7861.0,7836.0,6348.0,0.0,0.0,0.0,0.0,0.0,0.0,0.0,0.0,5.81,0.0,60.15,0.0,0.0,0.0,0.0,16.0,0.0,0.0,0.0,0.0,0.0,-8.01,-8.21,0.0,-9.94,315.7,19.16,3.833,3.473,-1.0,3.365,6.5,4901
2016-01-20 02:41:00,0.0,0.0,0.0,1067290.0,62.9,59.9,60.0,0.0,40789.0,507.0,93035.0,1024949.0,0.0,1.0,0.0,0.0,0.0,274.8,274.1,275.7,0.772,271.0,0.531,271.0,0.842,273.0,0.002,14.03,1.0,3.0,0.0,-6.882999999999999,0.0,20.58,8.63,0.0,-0.023,-0.017,-0.017,-0.407,-0.0759999999999999,0.6019999999999999,0.0,-5.676,-9.85,-10.24,-10.45,-10.0,-10.0,-10.21,-150.1,-10.1,-9.73,0.018,-0.003,-0.005,-0.005,-0.004,0.005,-0.001,0.0,6472.0,9103.0,9059.0,9238.0,7861.0,7836.0,6348.0,0.0,0.0,0.0,0.0,0.0,0.0,0.0,0.0,5.719,0.0,60.15,0.0,0.0,0.0,0.0,16.0,0.0,0.0,0.0,0.0,0.0,-8.05,-8.16,0.0,-9.87,288.3,16.7,3.0,3.473,-1.0,2.507,4.7,4901
2016-01-20 02:42:00,0.0,0.0,0.0,1067290.0,62.9,59.9,60.0,0.0,40789.0,507.0,93035.0,1024949.0,0.0,1.0,0.0,0.0,0.0,274.8,273.8,275.5,0.772,271.0,0.531,271.0,0.842,273.0,0.002,14.03,1.0,3.0,0.0,-6.884,0.0,20.59,8.529999999999998,0.0,-0.023,-0.017,-0.017,-0.407,-0.081,0.7759999999999999,0.0,-5.711,-9.840000000000002,-10.26,-10.48,-10.0,-10.0,-10.21,-129.1,-10.1,-9.75,0.025,-0.004,-0.006,-0.005,-0.004,0.004,-0.001,-0.001,6472.0,9103.0,9059.0,9238.0,7861.0,7836.0,6348.0,0.0,0.0,0.0,0.0,0.0,0.0,0.0,0.0,5.682,0.0,60.14,0.0,0.0,0.0,0.0,16.0,0.0,0.0,0.0,0.0,0.0,-8.01,-8.199999999999998,0.0,-9.87,298.2,18.42,3.5,3.473,-1.0,3.412,5.7,4901
2016-01-20 02:43:00,0.0,0.0,0.0,1067290.0,62.9,59.9,60.0,0.0,40789.0,507.0,93035.0,1024949.0,0.0,1.0,0.0,0.0,0.0,274.8,274.0,275.5,0.772,271.0,0.531,271.0,0.842,273.0,0.002,14.03,1.0,3.0,0.0,-6.884,0.0,20.57,8.54,0.0,-0.023,-0.017,-0.017,-0.407,-0.085,0.792,0.0,-5.737,-9.81,-10.19,-10.42,-9.94,-10.0,-10.11,-149.4,-10.02,-9.75,0.0139999999999999,-0.004,-0.005,-0.005,-0.003,0.005,-0.001,-0.002,6472.0,9103.0,9059.0,9238.0,7861.0,7836.0,6348.0,0.0,0.0,0.0,0.0,0.0,0.0,0.0,0.0,5.651,0.0,60.14,0.0,0.0,0.0,0.0,16.0,0.0,0.0,0.0,0.0,0.0,-8.06,-8.17,0.0,-9.8,308.0,21.25,3.5,3.472,-1.0,2.43,6.9,4901
2016-01-20 02:44:00,0.0,0.0,0.0,1067290.0,62.9,59.9,60.0,0.0,40789.0,507.0,93035.0,1024949.0,0.0,1.0,0.0,0.0,0.0,274.9,274.1,275.5,0.772,271.0,0.531,271.0,0.842,273.0,0.002,14.03,1.0,3.0,0.0,-6.884,0.0,20.52,8.55,0.0,-0.023,-0.017,-0.017,-0.407,-0.083,0.637,0.0,-5.743,-9.81,-10.19,-10.4,-9.95,-10.0,-10.11,-128.4,-10.02,-9.71,0.022,-0.005,-0.005,-0.004,-0.004,0.004,-0.002,0.0,6472.0,9103.0,9059.0,9238.0,7861.0,7836.0,6348.0,0.0,0.0,0.0,0.0,0.0,0.0,0.0,0.0,5.594,0.0,60.14,0.0,0.0,0.0,0.0,16.0,0.0,0.0,0.0,0.0,0.0,-7.991,-8.189999999999998,0.0,-9.86,279.1,25.5,3.167,3.472,-1.0,4.123,7.3,4901
2016-01-20 02:45:00,0.0,0.0,0.0,1067290.0,62.9,59.9,60.0,0.0,40789.0,507.0,93035.0,1024949.0,0.0,1.0,0.0,0.0,0.0,274.9,274.0,275.3,0.772,271.0,0.531,271.0,0.842,272.9,0.002,14.03,1.0,3.0,0.0,-6.884,0.0,20.47,8.5,0.0,-0.023,-0.017,-0.017,-0.407,-0.0869999999999999,0.923,0.0,-5.772,-9.76,-10.14,-10.37,-9.840000000000002,-9.87,-10.03,-149.9,-9.94,-9.71,0.019,-0.004,-0.005,-0.005,-0.004,0.005,-0.002,-0.001,6472.0,9103.0,9059.0,9238.0,7861.0,7836.0,6348.0,0.0,0.0,0.0,0.0,0.0,0.0,0.0,0.0,5.559,0.0,60.14,0.0,0.0,0.0,0.0,16.0,0.0,0.0,0.0,0.0,0.0,-8.01,-8.08,0.0,-9.75,308.8,29.78,4.0,3.473,-1.0,2.753,6.1,4901
2016-01-20 02:46:00,0.0,0.0,0.0,1067290.0,62.9,59.9,60.0,0.0,40789.0,507.0,93035.0,1024949.0,0.0,1.0,0.0,0.0,0.0,275.0,274.0,275.5,0.772,271.0,0.531,271.0,0.842,273.0,0.002,14.03,2.0,3.0,0.0,-6.884,0.0,20.54,8.449999999999998,0.0,-0.023,-0.017,-0.017,-0.407,-0.098,0.5859999999999999,0.0,-5.772,-9.78,-10.16,-10.38,-9.89,-9.89,-10.03,-86.9,-10.0,-9.7,0.013,-0.004,-0.005,-0.005,-0.003,0.004,-0.001,-0.001,6472.0,9103.0,9059.0,9238.0,7861.0,7836.0,6348.0,0.0,0.0,0.0,0.0,0.0,0.0,0.0,0.0,5.544,0.0,60.14,0.0,0.0,0.0,0.0,16.0,0.0,0.0,0.0,0.0,0.0,-7.981,-8.12,0.0,-9.78,282.3,18.12,3.0,3.473,-1.0,3.073,5.7,4901
2016-01-20 02:47:00,0.0,0.0,0.0,1067290.0,62.9,59.9,60.0,0.0,40789.0,507.0,93035.0,1024949.0,0.0,1.0,0.0,0.0,0.0,274.9,274.0,275.5,0.772,271.0,0.531,271.0,0.842,273.0,0.002,14.03,1.0,3.0,0.0,-6.884,0.0,20.48,8.429999999999998,0.0,-0.023,-0.017,-0.017,-0.407,-0.066,0.792,0.0,-5.772,-9.81,-10.16,-10.38,-9.89,-9.94,-10.03,-149.8,-10.0,-9.71,0.027,-0.004,-0.006,-0.006,-0.003,0.004,-0.002,0.0,6472.0,9103.0,9059.0,9238.0,7861.0,7836.0,6348.0,0.0,0.0,0.0,0.0,0.0,0.0,0.0,0.0,5.529,0.0,60.17,0.0,0.0,0.0,0.0,16.0,0.0,0.0,0.0,0.0,0.0,-7.997999999999998,-8.109999999999998,0.0,-9.8,297.8,25.88,3.833,3.473,-1.0,3.257,5.0,4901
2016-01-20 02:48:00,0.0,0.0,0.0,1067290.0,62.9,59.9,60.0,0.0,40789.0,507.0,93035.0,1024949.0,0.0,1.0,0.0,0.0,0.0,274.6,274.3,275.7,0.772,271.1,0.531,271.0,0.842,273.0,0.002,14.03,1.0,3.0,0.0,-6.884,0.0,20.54,8.38,0.0,-0.023,-0.017,-0.017,-0.407,-0.1,0.7759999999999999,0.0,-5.772,-9.81,-10.19,-10.38,-9.9,-9.920000000000002,-10.03,-149.9,-10.0,-9.7,0.018,-0.005,-0.006,-0.005,-0.005,0.005,-0.001,-0.001,6472.0,9103.0,9059.0,9238.0,7861.0,7836.0,6348.0,0.0,0.0,0.0,0.0,0.0,0.0,0.0,0.0,5.476,0.0,60.14,0.0,0.0,0.0,0.0,16.0,0.0,0.0,0.0,0.0,0.0,-7.994,-8.109999999999998,0.0,-9.8,295.5,33.33,3.5,3.47,-1.0,2.685,4.9,4901
2016-01-20 02:49:00,0.0,0.0,0.0,1067290.0,62.9,59.9,60.0,0.0,40789.0,507.0,93035.0,1024949.0,0.0,1.0,0.0,0.0,0.0,274.6,274.3,275.6,0.772,271.0,0.531,271.0,0.842,273.0,0.002,14.03,1.0,3.0,0.0,-6.884,0.0,20.65,8.41,0.0,-0.023,-0.017,-0.017,-0.407,-0.064,0.6019999999999999,0.0,-5.772,-9.81,-10.19,-10.38,-9.9,-9.89,-10.03,-149.6,-10.0,-9.71,0.022,-0.004,-0.005,-0.005,-0.004,0.004,-0.002,-0.001,6472.0,9103.0,9059.0,9238.0,7861.0,7836.0,6348.0,0.0,0.0,0.0,0.0,0.0,0.0,0.0,0.0,5.415,0.0,60.18,0.0,0.0,0.0,0.0,16.0,0.0,0.0,0.0,0.0,0.0,-8.019999999999998,-8.12,0.0,-9.79,312.6,16.37,3.333,3.472,-1.0,2.653,5.0,4901
2016-01-20 02:50:00,0.0,0.0,0.0,1067290.0,62.9,59.9,60.0,0.0,40789.0,507.0,93035.0,1024949.0,0.0,1.0,0.0,0.0,0.0,275.0,274.0,275.5,0.772,271.0,0.531,271.0,0.842,273.0,0.002,14.03,1.0,3.0,0.0,-6.884,0.0,20.58,8.38,0.0,-0.023,-0.017,-0.017,-0.407,-0.083,0.965,0.0,-5.772,-9.81,-10.19,-10.4,-9.920000000000002,-9.97,-10.11,-150.2,-10.0,-9.71,0.024,-0.004,-0.005,-0.004,-0.004,0.004,-0.002,-0.001,6472.0,9103.0,9059.0,9238.0,7861.0,7836.0,6348.0,0.0,0.0,0.0,0.0,0.0,0.0,0.0,0.0,5.409,0.0,60.14,0.0,0.0,0.0,0.0,16.0,0.0,0.0,0.0,0.0,0.0,-7.9689999999999985,-8.14,0.0,-9.83,292.4,16.82,4.0,3.473,-1.0,2.957,4.5,4901
2016-01-20 02:51:00,0.0,0.0,0.0,1067290.0,62.9,59.9,60.0,0.0,40789.0,507.0,93035.0,1024949.0,0.0,1.0,0.0,0.0,0.0,274.9,274.0,275.4,0.772,271.0,0.531,271.0,0.842,273.0,0.002,14.03,1.0,3.0,0.0,-6.884,0.0,20.58,8.359999999999998,0.0,-0.023,-0.017,-0.017,-0.407,-0.066,0.6029999999999999,0.0,-5.772,-9.79,-10.19,-10.42,-9.920000000000002,-9.920000000000002,-10.05,-115.3,-9.97,-9.71,0.023,-0.004,-0.006,-0.005,-0.004,0.005,-0.001,-0.001,6472.0,9103.0,9059.0,9238.0,7861.0,7836.0,6348.0,0.0,0.0,0.0,0.0,0.0,0.0,0.0,0.0,5.308,0.0,60.14,0.0,0.0,0.0,0.0,16.0,0.0,0.0,0.0,0.0,0.0,-8.019999999999998,-8.12,0.0,-9.77,283.9,23.1,3.0,3.473,-1.0,3.82,6.7,4901
2016-01-20 02:52:00,0.0,0.0,0.0,1067290.0,62.9,59.9,60.0,0.0,40789.0,507.0,93035.0,1024949.0,0.0,1.0,0.0,0.0,0.0,274.9,274.0,275.6,0.772,271.0,0.531,271.0,0.842,273.0,0.002,14.03,1.0,3.0,0.0,-6.885,0.0,20.49,8.37,0.0,-0.023,-0.017,-0.017,-0.407,-0.0869999999999999,0.634,0.0,-5.772,-9.76,-10.11,-10.3,-9.81,-9.81,-10.01,-124.4,-9.91,-9.670000000000002,0.022,-0.004,-0.005,-0.005,-0.004,0.005,-0.001,-0.001,6472.0,9103.0,9059.0,9238.0,7861.0,7836.0,6348.0,0.0,0.0,0.0,0.0,0.0,0.0,0.0,0.0,5.274,0.0,60.14,0.0,0.0,0.0,0.0,16.0,0.0,0.0,0.0,0.0,0.0,-7.991,-8.15,0.0,-9.77,309.7,14.92,3.167,3.472,-1.0,3.753,5.7,4901
2016-01-20 02:53:00,0.0,0.0,0.0,1067290.0,62.9,59.9,60.0,0.0,40789.0,507.0,93035.0,1024949.0,0.0,1.0,0.0,0.0,0.0,274.7,274.1,275.7,0.772,271.0,0.531,271.0,0.842,273.0,0.002,14.04,1.0,3.0,0.0,-6.888999999999999,0.0,20.66,8.359999999999998,0.0,-0.022,-0.017,-0.017,-0.407,-0.078,0.934,0.0,-5.772,-9.79,-10.16,-10.3,-9.81,-9.82,-10.01,-149.1,-9.91,-9.6,0.018,-0.004,-0.006,-0.005,-0.003,0.005,-0.002,-0.001,6472.0,9103.0,9059.0,9238.0,7861.0,7836.0,6348.0,0.0,0.0,0.0,0.0,0.0,0.0,0.0,0.0,5.274,0.0,60.19,0.0,0.0,0.0,0.0,16.0,0.0,0.0,0.0,0.0,0.0,-7.982,-8.14,0.0,-9.78,299.5,22.19,3.833,3.473,-1.0,3.6,5.8,4901
2016-01-20 02:54:00,0.0,0.0,0.0,1067290.0,62.9,59.9,60.0,0.0,40789.0,507.0,93035.0,1024949.0,0.0,1.0,0.0,0.0,0.0,274.7,273.9,275.7,0.772,271.0,0.531,271.0,0.842,273.0,0.002,14.03,1.0,3.0,0.0,-6.9,0.0,20.5,8.33,0.0,-0.021,-0.016,-0.017,-0.407,-0.093,0.634,0.0,-5.772,-9.81,-10.19,-10.38,-9.920000000000002,-9.920000000000002,-10.08,-150.0,-9.97,-9.6,0.018,-0.004,-0.005,-0.005,-0.003,0.005,-0.002,-0.001,6472.0,9103.0,9059.0,9238.0,7861.0,7836.0,6348.0,0.0,0.0,0.0,0.0,0.0,0.0,0.0,0.0,5.274,0.0,60.15,0.0,0.0,0.0,0.0,16.0,0.0,0.0,0.0,0.0,0.0,-7.94,-8.189999999999998,0.0,-9.82,298.1,17.03,3.167,3.472,-1.0,3.043,4.3,4901
2016-01-20 02:55:00,0.0,0.0,0.0,1067290.0,62.9,59.9,60.0,0.0,40789.0,507.0,93035.0,1024949.0,0.0,1.0,0.0,0.0,0.0,274.8,273.9,275.6,0.772,271.0,0.531,271.0,0.842,273.0,0.002,14.03,1.0,3.0,0.0,-6.906000000000001,0.0,20.37,8.31,0.0,-0.023,-0.017,-0.017,-0.407,-0.081,0.745,0.0,-5.772,-9.77,-10.19,-10.4,-9.95,-9.98,-10.11,-98.3,-10.0,-9.670000000000002,0.0139999999999999,-0.004,-0.006,-0.005,-0.003,0.004,-0.001,0.0,6472.0,9103.0,9059.0,9238.0,7861.0,7836.0,6348.0,0.0,0.0,0.0,0.0,0.0,0.0,0.0,0.0,5.274,0.0,60.16,0.0,0.0,0.0,0.0,16.0,0.0,0.0,0.0,0.0,0.0,-8.109999999999998,-8.199999999999998,0.0,-9.77,301.2,21.91,3.333,3.473,-1.0,2.55,4.2,4901
2016-01-20 02:56:00,0.0,0.0,0.0,1067290.0,62.9,59.9,60.0,0.0,40789.0,507.0,93035.0,1024949.0,0.0,1.0,0.0,0.0,0.0,274.9,273.9,275.7,0.772,271.0,0.531,271.0,0.842,273.0,0.002,14.03,1.0,3.0,0.0,-6.907,0.0,20.57,8.29,0.0,-0.023,-0.017,-0.017,-0.407,-0.1,0.768,0.0,-5.772,-9.78,-10.19,-10.38,-9.89,-9.95,-10.11,-150.0,-10.0,-9.71,0.02,-0.004,-0.006,-0.005,-0.003,0.004,-0.002,0.0,6472.0,9103.0,9059.0,9238.0,7861.0,7836.0,6348.0,0.0,0.0,0.0,0.0,0.0,0.0,0.0,0.0,5.265,0.0,60.23,0.0,0.0,0.0,0.0,16.0,0.0,0.0,0.0,0.0,0.0,-8.08,-8.22,0.0,-9.85,299.3,17.18,3.833,3.473,-1.0,3.395,4.3,4901
2016-01-20 02:57:00,0.0,0.0,0.0,1067290.0,62.9,59.9,60.0,0.0,40789.0,507.0,93035.0,1024949.0,0.0,1.0,0.0,0.0,0.0,274.8,274.1,275.7,0.772,271.0,0.531,271.0,0.842,273.0,0.002,14.03,1.0,3.0,0.0,-6.907,0.0,20.58,8.23,0.0,-0.023,-0.017,-0.017,-0.407,-0.0909999999999999,0.792,0.0,-5.772,-9.81,-10.19,-10.38,-9.9,-9.97,-10.09,-150.0,-10.0,-9.71,0.013,-0.004,-0.005,-0.005,-0.004,0.005,-0.002,-0.001,6472.0,9103.0,9059.0,9238.0,7861.0,7836.0,6348.0,0.0,0.0,0.0,0.0,0.0,0.0,0.0,0.0,5.151,0.0,60.22,0.0,0.0,0.0,0.0,16.0,0.0,0.0,0.0,0.0,0.0,-8.05,-8.199999999999998,0.0,-9.82,284.9,18.65,3.833,3.473,-1.0,3.153,5.4,4901
2016-01-20 02:58:00,0.0,0.0,0.0,1067290.0,62.9,59.9,60.0,0.0,40789.0,507.0,93035.0,1024949.0,0.0,1.0,0.0,0.0,0.0,275.0,274.1,275.6,0.772,271.0,0.531,271.0,0.842,273.0,0.002,14.03,1.0,3.0,0.0,-6.907,0.0,20.77,8.199999999999998,0.0,-0.023,-0.017,-0.017,-0.407,-0.1,0.638,0.0,-5.772,-9.78,-10.14,-10.33,-9.82,-9.82,-10.01,-149.6,-9.920000000000002,-9.71,0.019,-0.003,-0.006,-0.004,-0.005,0.004,-0.002,-0.001,6472.0,9103.0,9059.0,9238.0,7861.0,7836.0,6348.0,0.0,0.0,0.0,0.0,0.0,0.0,0.0,0.0,5.138999999999999,0.0,60.13,0.0,0.0,0.0,0.0,16.0,0.0,0.0,0.0,0.0,0.0,-8.019999999999998,-8.12,0.0,-9.76,305.3,24.49,3.167,3.473,-1.0,3.438,6.0,4901
2016-01-20 02:59:00,0.0,0.0,0.0,1067290.0,62.9,59.9,60.0,0.0,40789.0,507.0,93035.0,1024949.0,0.0,1.0,0.0,0.0,0.0,275.0,273.9,275.5,0.772,271.0,0.531,271.0,0.842,273.0,0.002,14.03,1.0,3.0,0.0,-6.907,0.0,20.6,8.269999999999998,0.0,-0.023,-0.017,-0.017,-0.407,-0.078,0.7409999999999999,0.0,-5.772,-9.79,-10.19,-10.38,-9.8,-9.8,-10.01,-107.8,-9.95,-9.68,0.019,-0.004,-0.006,-0.005,-0.005,0.005,-0.002,-0.001,6472.0,9103.0,9059.0,9238.0,7861.0,7836.0,6348.0,0.0,0.0,0.0,0.0,0.0,0.0,0.0,0.0,5.138999999999999,0.0,60.2,0.0,0.0,0.0,0.0,16.0,0.0,0.0,0.0,0.0,0.0,-8.06,-8.15,0.0,-9.76,295.3,17.18,3.667,3.472,-1.0,3.227,5.8,4901
2016-01-20 03:00:00,0.0,0.0,0.0,1067290.0,62.9,59.9,60.0,0.0,40789.0,507.0,93035.0,1024949.0,0.0,1.0,0.0,0.0,0.0,274.8,274.1,275.7,0.772,271.0,0.531,271.0,0.842,273.0,0.002,14.03,1.0,3.0,0.0,-6.907,0.0,20.62,8.13,0.0,-0.023,-0.016,-0.017,-0.407,-0.085,0.827,0.0,-5.772,-9.71,-10.1,-10.35,-9.81,-9.82,-10.01,-124.2,-9.91,-9.65,0.023,-0.004,-0.006,-0.005,-0.003,0.005,-0.002,-0.002,6472.0,9103.0,9059.0,9238.0,7861.0,7836.0,6348.0,0.0,0.0,0.0,0.0,0.0,0.0,0.0,0.0,5.024,0.0,60.22,0.0,0.0,0.0,0.0,16.0,0.0,0.0,0.0,0.0,0.0,-8.029999999999998,-8.14,0.0,-9.74,295.4,11.89,3.667,3.472,-1.0,3.878,5.8,4901
2016-01-20 03:01:00,0.0,0.0,0.0,1067290.0,62.9,59.9,60.0,0.0,40789.0,507.0,93035.0,1024949.0,0.0,1.0,0.0,0.0,0.0,274.8,273.9,275.6,0.772,271.0,0.531,271.0,0.842,273.0,0.002,14.03,1.0,3.0,0.0,-6.907,0.0,20.49,8.109999999999998,0.0,-0.023,-0.017,-0.017,-0.407,-0.095,0.784,0.0,-5.772,-9.79,-10.18,-10.38,-9.9,-9.89,-10.01,-150.2,-10.0,-9.63,0.022,-0.003,-0.005,-0.005,-0.003,0.004,-0.001,-0.002,6472.0,9103.0,9059.0,9238.0,7861.0,7836.0,6348.0,0.0,0.0,0.0,0.0,0.0,0.0,0.0,0.0,5.003,0.0,60.15,0.0,0.0,0.0,0.0,16.0,0.0,0.0,0.0,0.0,0.0,-8.019999999999998,-8.17,0.0,-9.78,288.2,15.95,3.5,3.473,-1.0,3.317,5.4,4901
2016-01-20 03:02:00,0.0,0.0,0.0,1067290.0,62.9,59.9,60.0,0.0,40789.0,507.0,93035.0,1024949.0,0.0,1.0,0.0,0.0,0.0,274.6,273.8,275.5,0.772,271.0,0.531,271.0,0.842,273.0,0.002,14.03,1.0,3.0,0.0,-6.907,0.0,20.46,8.09,0.0,-0.023,-0.017,-0.017,-0.407,-0.083,0.7340000000000001,0.0,-5.772,-9.81,-10.19,-10.4,-9.89,-9.97,-10.1,-150.0,-10.0,-9.71,0.023,-0.004,-0.005,-0.004,-0.003,0.005,-0.001,-0.002,6472.0,9103.0,9059.0,9238.0,7861.0,7836.0,6348.0,0.0,0.0,0.0,0.0,0.0,0.0,0.0,0.0,4.998,0.0,60.14,0.0,0.0,0.0,0.0,16.0,0.0,0.0,0.0,0.0,0.0,-8.04,-8.189999999999998,0.0,-9.83,292.5,34.57,3.333,3.473,-1.0,2.602,5.0,4901
2016-01-20 03:03:00,0.0,0.0,0.0,1067290.0,62.9,59.9,60.0,0.0,40789.0,507.0,93035.0,1024949.0,0.0,1.0,0.0,0.0,0.0,274.7,273.7,275.3,0.772,271.0,0.531,271.0,0.842,272.8,0.002,14.03,1.0,3.0,0.0,-6.907,0.0,20.5,8.06,0.0,-0.023,-0.017,-0.017,-0.407,-0.089,0.792,0.0,-5.772,-9.87,-10.22,-10.46,-9.98,-10.0,-10.11,-128.8,-10.0,-9.71,0.0139999999999999,-0.004,-0.006,-0.005,-0.003,0.004,-0.002,-0.001,6472.0,9103.0,9059.0,9238.0,7861.0,7836.0,6348.0,0.0,0.0,0.0,0.0,0.0,0.0,0.0,0.0,4.962,0.0,60.14,0.0,0.0,0.0,0.0,16.0,0.0,0.0,0.0,0.0,0.0,-8.01,-8.25,0.0,-9.920000000000002,284.8,14.3,3.833,3.473,-1.0,3.62,4.9,4901
2016-01-20 03:04:00,0.0,0.0,0.0,1067290.0,62.9,59.9,60.0,0.0,40789.0,507.0,93035.0,1024949.0,0.0,1.0,0.0,0.0,0.0,274.4,274.0,275.3,0.772,271.0,0.531,271.0,0.842,273.0,0.002,14.03,1.0,3.0,0.0,-6.907,0.0,20.64,8.029999999999998,0.0,-0.023,-0.017,-0.017,-0.407,-0.0759999999999999,0.636,0.0,-5.819,-9.87,-10.22,-10.47,-9.97,-9.98,-10.11,-149.5,-10.02,-9.71,0.022,-0.004,-0.006,-0.005,-0.004,0.005,-0.002,0.0,6472.0,9103.0,9059.0,9238.0,7861.0,7836.0,6348.0,0.0,0.0,0.0,0.0,0.0,0.0,0.0,0.0,4.87,0.0,60.15,0.0,0.0,0.0,0.0,16.0,0.0,0.0,0.0,0.0,0.0,-8.019999999999998,-8.179999999999998,0.0,-9.840000000000002,291.0,22.8,3.167,3.473,-1.0,3.245,5.2,4901
2016-01-20 03:05:00,0.0,0.0,0.0,1067290.0,62.9,59.9,60.0,0.0,40789.0,507.0,93035.0,1024949.0,0.0,1.0,0.0,0.0,0.0,274.6,273.9,275.4,0.772,271.0,0.531,271.0,0.842,273.0,0.002,14.04,1.0,3.0,0.0,-6.907,0.0,20.49,7.962999999999998,0.0,-0.023,-0.017,-0.017,-0.407,-0.085,0.932,0.0,-5.851,-9.81,-10.19,-10.38,-9.9,-9.89,-10.1,-124.2,-10.0,-9.7,0.025,-0.004,-0.006,-0.005,-0.004,0.004,-0.003,-0.001,6472.0,9103.0,9059.0,9238.0,7861.0,7836.0,6348.0,0.0,0.0,0.0,0.0,0.0,0.0,0.0,0.0,4.868,0.0,60.14,0.0,0.0,0.0,0.0,16.0,0.0,0.0,0.0,0.0,0.0,-8.05,-8.179999999999998,0.0,-9.85,316.0,14.52,3.833,3.473,-1.0,3.928,7.9,4901
2016-01-20 03:06:00,0.0,0.0,0.0,1067290.0,62.9,59.9,60.0,0.0,40789.0,507.0,93035.0,1024949.0,0.0,1.0,0.0,0.0,0.0,274.7,273.7,275.2,0.772,271.0,0.531,271.0,0.842,273.0,0.002,14.03,1.0,3.0,0.0,-6.907,0.0,20.63,7.982,0.0,-0.023,-0.017,-0.017,-0.407,-0.0909999999999999,0.636,0.0,-5.868,-9.87,-10.19,-10.38,-9.95,-9.98,-10.11,-150.4,-10.02,-9.68,0.024,-0.003,-0.006,-0.006,-0.003,0.005,-0.002,-0.002,6472.0,9103.0,9059.0,9238.0,7861.0,7836.0,6348.0,0.0,0.0,0.0,0.0,0.0,0.0,0.0,0.0,4.8660000000000005,0.0,60.14,0.0,0.0,0.0,0.0,16.0,0.0,0.0,0.0,0.0,0.0,-8.019999999999998,-8.199999999999998,0.0,-9.89,291.3,15.63,3.167,3.473,-1.0,3.212,4.4,4901
2016-01-20 03:07:00,0.0,0.0,0.0,1067290.0,62.9,59.9,60.0,0.0,40789.0,507.0,93035.0,1024949.0,0.0,1.0,0.0,0.0,0.0,274.6,273.8,275.3,0.772,271.0,0.531,271.0,0.842,273.0,0.002,14.03,1.0,3.0,0.0,-6.907,0.0,20.3,7.911,0.0,-0.023,-0.017,-0.017,-0.407,-0.074,0.7429999999999999,0.0,-5.868,-9.840000000000002,-10.19,-10.38,-9.9,-9.9,-10.09,-129.1,-10.03,-9.68,0.018,-0.004,-0.005,-0.005,-0.003,0.005,-0.001,-0.002,6472.0,9103.0,9059.0,9238.0,7861.0,7836.0,6348.0,0.0,0.0,0.0,0.0,0.0,0.0,0.0,0.0,4.795,0.0,60.13,0.0,0.0,0.0,0.0,16.0,0.0,0.0,0.0,0.0,0.0,-8.029999999999998,-8.199999999999998,0.0,-9.88,297.3,25.77,3.333,3.473,-1.0,3.143,5.9,4901
2016-01-20 03:08:00,0.0,0.0,0.0,1067290.0,62.9,59.9,60.0,0.0,40789.0,507.0,93035.0,1024949.0,0.0,1.0,0.0,0.0,0.0,274.9,273.8,275.3,0.772,271.0,0.531,271.0,0.842,273.0,0.002,14.03,1.0,3.0,0.0,-6.907,0.0,20.39,7.876,0.0,-0.023,-0.017,-0.017,-0.407,-0.093,0.7759999999999999,0.0,-5.868,-9.86,-10.19,-10.38,-9.9,-9.95,-10.11,-149.9,-10.07,-9.71,0.018,-0.004,-0.005,-0.005,-0.004,0.005,-0.002,-0.001,6472.0,9103.0,9059.0,9238.0,7861.0,7836.0,6348.0,0.0,0.0,0.0,0.0,0.0,0.0,0.0,0.0,4.7330000000000005,0.0,60.14,0.0,0.0,0.0,0.0,16.0,0.0,0.0,0.0,0.0,0.0,-8.05,-8.179999999999998,0.0,-9.86,304.6,14.73,3.5,3.473,-1.0,2.57,3.4,4901
2016-01-20 03:09:00,0.0,0.0,0.0,1067290.0,62.9,59.9,60.0,0.0,40789.0,507.0,93035.0,1024949.0,0.0,1.0,0.0,0.0,0.0,274.8,273.8,275.5,0.772,271.0,0.531,271.0,0.842,273.0,0.002,14.03,1.0,3.0,0.0,-6.907,0.0,20.62,7.852,0.0,-0.023,-0.017,-0.017,-0.407,-0.072,0.792,0.0,-5.868,-9.840000000000002,-10.21,-10.5,-10.0,-10.05,-10.21,-103.2,-10.12,-9.68,0.024,-0.004,-0.006,-0.005,-0.004,0.005,-0.002,-0.001,6472.0,9103.0,9059.0,9238.0,7861.0,7836.0,6348.0,0.0,0.0,0.0,0.0,0.0,0.0,0.0,0.0,4.7330000000000005,0.0,60.2,0.0,0.0,0.0,0.0,16.0,0.0,0.0,0.0,0.0,0.0,-8.029999999999998,-8.22,0.0,-9.920000000000002,308.7,26.39,3.833,3.473,-1.0,2.067,3.7,4901
2016-01-20 03:10:00,0.0,0.0,0.0,1067290.0,62.9,59.9,60.0,0.0,40789.0,507.0,93035.0,1024949.0,0.0,1.0,0.0,0.0,0.0,274.6,274.0,275.6,0.772,271.0,0.531,271.0,0.842,273.0,0.002,14.03,1.0,3.0,0.0,-6.907,0.0,20.59,7.804999999999999,0.0,-0.023,-0.017,-0.017,-0.407,-0.064,0.634,0.0,-5.868,-10.02,-10.37,-10.59,-10.13,-10.19,-10.33,-150.0,-10.21,-9.840000000000002,0.022,-0.005,-0.006,-0.005,-0.004,0.004,-0.001,0.0,6472.0,9103.0,9059.0,9238.0,7861.0,7836.0,6348.0,0.0,0.0,0.0,0.0,0.0,0.0,0.0,0.0,4.705,0.0,60.22,0.0,0.0,0.0,0.0,16.0,0.0,0.0,0.0,0.0,0.0,-8.07,-8.25,0.0,-10.08,313.4,20.6,3.167,3.473,-1.0,1.292,2.6,4901
2016-01-20 03:11:00,0.0,0.0,0.0,1067290.0,62.9,59.9,60.0,0.0,40789.0,507.0,93035.0,1024949.0,0.0,1.0,0.0,0.0,0.0,274.3,273.9,275.6,0.772,271.0,0.531,271.0,0.842,273.0,0.002,14.03,1.0,3.0,0.0,-6.907,0.0,20.64,7.782,0.0,-0.0279999999999999,-0.017,-0.017,-0.407,-0.072,0.7429999999999999,0.0,-5.868,-10.14,-10.46,-10.74,-10.22,-10.3,-10.45,-150.3,-10.32,-9.97,0.022,-0.004,-0.005,-0.005,-0.004,0.005,-0.002,-0.001,6472.0,9103.0,9059.0,9238.0,7861.0,7836.0,6348.0,0.0,0.0,0.0,0.0,0.0,0.0,0.0,0.0,4.674,0.0,60.22,0.0,0.0,0.0,0.0,16.0,0.0,0.0,0.0,0.0,0.0,-8.099999999999998,-8.29,0.0,-10.18,322.6,33.97,3.5,3.472,-1.0,1.325,3.5,4901
2016-01-20 03:12:00,0.0,0.0,0.0,1067290.0,62.9,59.9,60.0,0.0,40789.0,507.0,93035.0,1024949.0,0.0,1.0,0.0,0.0,0.0,274.5,273.7,275.2,0.772,271.0,0.531,271.0,0.842,272.9,0.001,14.03,1.0,3.0,0.0,-6.913,0.0,20.52,7.771,0.0,-0.0299999999999999,-0.017,-0.017,-0.407,-0.078,0.633,0.0,-5.868,-10.29,-10.61,-10.8,-10.38,-10.38,-10.59,-103.5,-10.45,-10.0,0.019,-0.004,-0.005,-0.006,-0.003,0.005,-0.002,-0.002,6472.0,9103.0,9059.0,9238.0,7861.0,7836.0,6348.0,0.0,0.0,0.0,0.0,0.0,0.0,0.0,0.0,4.606,0.0,60.16,0.0,0.0,0.0,0.0,16.0,0.0,0.0,0.0,0.0,0.0,-8.099999999999998,-8.37,0.0,-10.33,302.8,14.36,3.167,3.472,-1.0,2.73,4.6,4901
2016-01-20 03:13:00,0.0,0.0,0.0,1067290.0,62.9,59.9,60.0,0.0,40789.0,507.0,93035.0,1024949.0,0.0,1.0,0.0,0.0,0.0,274.6,273.7,275.4,0.772,271.0,0.531,271.0,0.842,273.0,0.002,14.03,1.0,3.0,0.0,-6.9270000000000005,0.0,20.32,7.769999999999999,0.0,-0.0289999999999999,-0.017,-0.017,-0.407,-0.057,0.7829999999999999,0.0,-5.917999999999999,-10.32,-10.64,-10.8,-10.38,-10.38,-10.59,-150.5,-10.43,-10.0,0.02,-0.003,-0.005,-0.005,-0.003,0.004,-0.001,-0.001,6472.0,9103.0,9059.0,9238.0,7861.0,7836.0,6348.0,0.0,0.0,0.0,0.0,0.0,0.0,0.0,0.0,4.597,0.0,60.13,0.0,0.0,0.0,0.0,16.0,0.0,0.0,0.0,0.0,0.0,-8.019999999999998,-8.33,0.0,-10.3,311.0,25.97,3.5,3.473,-1.0,3.007,5.8,4901
2016-01-20 03:14:00,0.0,0.0,0.0,1067290.0,62.9,59.9,60.0,0.0,40789.0,507.0,93035.0,1024949.0,0.0,1.0,0.0,0.0,0.0,274.8,273.7,275.4,0.772,271.0,0.531,271.0,0.842,273.0,0.002,14.03,1.0,3.0,0.0,-6.929,0.0,20.65,7.763,0.0,-0.027,-0.017,-0.017,-0.407,-0.089,0.5939999999999999,0.0,-5.936,-10.19,-10.54,-10.77,-10.29,-10.33,-10.54,-150.4,-10.31,-9.94,0.024,-0.004,-0.005,-0.005,-0.004,0.004,-0.001,-0.001,6472.0,9103.0,9059.0,9238.0,7861.0,7836.0,6348.0,0.0,0.0,0.0,0.0,0.0,0.0,0.0,0.0,4.559,0.0,60.17,0.0,0.0,0.0,0.0,16.0,0.0,0.0,0.0,0.0,0.0,-8.07,-8.22,0.0,-10.19,317.1,48.87,3.167,3.473,-1.0,1.637,3.8,4901
2016-01-20 03:15:00,0.0,0.0,0.0,1067290.0,62.9,59.9,60.0,0.0,40789.0,507.0,93035.0,1024949.0,0.0,1.0,0.0,0.0,0.0,274.9,273.8,275.5,0.772,271.0,0.531,271.0,0.842,273.0,0.002,14.03,1.0,3.0,0.0,-6.929,0.0,20.6,7.763,0.0,-0.027,-0.017,-0.017,-0.407,-0.104,0.926,0.0,-5.964,-10.13,-10.48,-10.69,-10.29,-10.27,-10.48,-150.5,-10.29,-9.99,0.022,-0.004,-0.006,-0.005,-0.004,0.004,-0.002,-0.002,6472.0,9103.0,9059.0,9238.0,7861.0,7836.0,6348.0,0.0,0.0,0.0,0.0,0.0,0.0,0.0,0.0,4.518,0.0,60.22,0.0,0.0,0.0,0.0,16.0,0.0,0.0,0.0,0.0,0.0,-8.07,-8.189999999999998,0.0,-10.13,294.6,24.53,4.0,3.473,-1.0,3.718,6.5,4901
2016-01-20 03:16:00,0.0,0.0,0.0,1067290.0,62.9,59.9,60.0,0.0,40789.0,507.0,93035.0,1024949.0,0.0,1.0,0.0,0.0,0.0,274.9,273.7,275.4,0.772,271.0,0.531,271.0,0.842,273.0,0.002,14.03,2.0,3.0,0.0,-6.929,0.0,20.49,7.751,0.0,-0.024,-0.017,-0.017,-0.407,-0.0869999999999999,0.5939999999999999,0.0,-5.964,-10.06,-10.43,-10.61,-10.17,-10.17,-10.35,-150.1,-10.23,-9.91,0.025,-0.004,-0.005,-0.006,-0.004,0.004,-0.001,-0.001,6472.0,9103.0,9059.0,9238.0,7861.0,7836.0,6348.0,0.0,0.0,0.0,0.0,0.0,0.0,0.0,0.0,4.494,0.0,60.16,0.0,0.0,0.0,0.0,16.0,0.0,0.0,0.0,0.0,0.0,-8.05,-8.179999999999998,0.0,-10.07,294.4,23.46,3.0,3.473,-1.0,2.52,4.8,4901
2016-01-20 03:17:00,0.0,0.0,0.0,1067290.0,62.9,59.9,60.0,0.0,40789.0,507.0,93035.0,1024949.0,0.0,1.0,0.0,0.0,0.0,274.5,273.8,275.4,0.772,271.0,0.531,271.0,0.842,273.0,0.002,14.03,1.0,3.0,0.0,-6.929,0.0,20.75,7.737,0.0,-0.023,-0.017,-0.017,-0.407,-0.07,0.792,0.0,-5.932,-10.0,-10.38,-10.58,-10.11,-10.14,-10.33,-149.9,-10.19,-9.9,0.017,-0.004,-0.006,-0.006,-0.004,0.005,-0.002,0.0,6472.0,9103.0,9059.0,9238.0,7861.0,7836.0,6348.0,0.0,0.0,0.0,0.0,0.0,0.0,0.0,0.0,4.464,0.0,60.13,0.0,0.0,0.0,0.0,16.0,0.0,0.0,0.0,0.0,0.0,-8.07,-8.179999999999998,0.0,-10.02,305.2,18.18,3.833,3.472,-1.0,1.945,2.9,4901
2016-01-20 03:18:00,0.0,0.0,0.0,1067290.0,62.9,59.9,60.0,0.0,40789.0,507.0,93035.0,1024949.0,0.0,1.0,0.0,0.0,0.0,274.4,273.7,275.3,0.772,271.0,0.531,271.0,0.842,272.8,0.002,14.03,1.0,3.0,0.0,-6.941,0.0,20.68,7.747,0.0,-0.023,-0.017,-0.017,-0.407,-0.093,0.821,0.0,-5.964,-10.06,-10.45,-10.66,-10.18,-10.19,-10.4,-150.1,-10.26,-10.0,0.022,-0.004,-0.006,-0.006,-0.003,0.004,-0.002,-0.001,6472.0,9103.0,9059.0,9238.0,7861.0,7836.0,6348.0,0.0,0.0,0.0,0.0,0.0,0.0,0.0,0.0,4.462,0.0,60.13,0.0,0.0,0.0,0.0,16.0,0.0,0.0,0.0,0.0,0.0,-8.04,-8.25,0.0,-10.11,288.4,14.99,3.667,3.473,-1.0,3.035,4.4,4901
2016-01-20 03:19:00,0.0,0.0,0.0,1067290.0,62.9,59.9,60.0,0.0,40789.0,507.0,93035.0,1024949.0,0.0,1.0,0.0,0.0,0.0,274.5,273.6,275.3,0.772,271.0,0.531,271.0,0.842,273.0,0.002,14.03,1.0,3.0,0.0,-6.9510000000000005,0.0,20.56,7.665,0.0,-0.023,-0.017,-0.017,-0.407,-0.0759999999999999,0.5939999999999999,0.0,-5.964,-10.1,-10.48,-10.7,-10.19,-10.21,-10.4,-150.3,-10.29,-9.94,0.018,-0.004,-0.006,-0.005,-0.004,0.004,-0.002,-0.001,6472.0,9103.0,9059.0,9238.0,7861.0,7836.0,6348.0,0.0,0.0,0.0,0.0,0.0,0.0,0.0,0.0,4.462,0.0,60.14,0.0,0.0,0.0,0.0,16.0,0.0,0.0,0.0,0.0,0.0,-8.09,-8.26,0.0,-10.13,291.0,11.06,3.0,3.473,-1.0,2.947,4.4,4901
2016-01-20 03:20:00,0.0,0.0,0.0,1067290.0,62.9,59.9,60.0,0.0,40789.0,507.0,93035.0,1024949.0,0.0,1.0,0.0,0.0,0.0,274.3,273.6,275.3,0.772,271.0,0.531,271.0,0.842,273.0,0.002,14.03,1.0,3.0,0.0,-6.952000000000001,0.0,20.75,7.644,0.0,-0.023,-0.017,-0.017,-0.407,-0.0759999999999999,0.784,0.0,-5.964,-10.1,-10.5,-10.74,-10.19,-10.24,-10.4,-148.5,-10.32,-9.87,0.025,-0.004,-0.006,-0.006,-0.004,0.005,-0.001,-0.001,6472.0,9103.0,9059.0,9238.0,7861.0,7836.0,6348.0,0.0,0.0,0.0,0.0,0.0,0.0,0.0,0.0,4.379,0.0,60.14,0.0,0.0,0.0,0.0,16.0,0.0,0.0,0.0,0.0,0.0,-8.06,-8.29,0.0,-10.12,303.7,15.69,3.5,3.472,-1.0,3.833,6.3,4901
2016-01-20 03:21:00,0.0,0.0,0.0,1067290.0,62.9,59.9,60.0,0.0,40789.0,507.0,93035.0,1024949.0,0.0,1.0,0.0,0.0,0.0,274.6,273.4,275.1,0.772,271.0,0.531,270.7,0.842,272.4,0.002,14.03,1.0,3.0,0.0,-6.952000000000001,0.0,20.55,7.558,0.0,-0.023,-0.017,-0.017,-0.407,-0.081,0.7390000000000001,0.0,-5.964,-10.06,-10.42,-10.56,-10.13,-10.16,-10.32,-150.3,-10.19,-9.81,0.02,-0.004,-0.005,-0.005,-0.004,0.004,-0.002,-0.001,6472.0,9103.0,9059.0,9238.0,7861.0,7836.0,6348.0,0.0,0.0,0.0,0.0,0.0,0.0,0.0,0.0,4.327,0.0,60.14,0.0,0.0,0.0,0.0,16.0,0.0,0.0,0.0,0.0,0.0,-8.07,-8.269999999999998,0.0,-10.1,315.7,19.42,3.333,3.473,-1.0,3.582,5.3,4901
2016-01-20 03:22:00,0.0,0.0,0.0,1067290.0,62.9,59.9,60.0,0.0,40789.0,507.0,93035.0,1024949.0,0.0,1.0,0.0,0.0,0.0,274.7,273.5,275.1,0.772,271.0,0.531,271.0,0.842,272.5,0.002,14.03,1.0,1.0,0.0,-6.952000000000001,0.0,20.64,7.508999999999999,0.0,-0.023,-0.017,-0.017,-0.3939999999999999,-0.085,0.794,0.0,-5.964,-10.13,-10.45,-10.56,-10.1,-10.11,-10.35,-149.8,-10.19,-9.81,0.018,-0.004,-0.0069999999999999,-0.006,-0.004,0.005,-0.001,-0.002,6472.0,9103.0,9059.0,9238.0,7861.0,7836.0,6348.0,0.0,0.0,0.0,0.0,0.0,0.0,0.0,0.0,4.224,0.0,60.14,0.0,0.0,0.0,0.0,16.0,0.0,0.0,0.0,0.0,0.0,-8.12,-8.32,0.0,-10.16,317.3,14.6,3.833,3.473,-1.0,2.35,3.5,4901
2016-01-20 03:23:00,0.0,0.0,0.0,1067290.0,62.9,59.9,60.0,0.0,40789.0,507.0,93035.0,1024949.0,0.0,1.0,0.0,0.0,0.0,274.7,273.4,275.0,0.772,271.0,0.531,270.9,0.842,272.1,0.001,14.03,1.0,3.0,0.0,-6.952000000000001,0.0,20.57,7.51,0.0,-0.023,-0.017,-0.017,-0.407,-0.072,0.63,0.0,-5.964,-10.17,-10.51,-10.62,-10.21,-10.18,-10.4,-150.0,-10.28,-9.88,0.011,-0.005,-0.005,-0.005,-0.003,0.005,-0.002,-0.001,6472.0,9103.0,9059.0,9238.0,7861.0,7836.0,6348.0,0.0,0.0,0.0,0.0,0.0,0.0,0.0,0.0,4.211,0.0,60.14,0.0,0.0,0.0,0.0,16.0,0.0,0.0,0.0,0.0,0.0,-8.109999999999998,-8.32,0.0,-10.2,299.2,9.15,3.167,3.473,-1.0,2.455,3.7,4901
2016-01-20 03:24:00,0.0,0.0,0.0,1067290.0,62.9,59.9,60.0,0.0,40789.0,507.0,93035.0,1024949.0,0.0,1.0,0.0,0.0,0.0,274.6,273.5,275.1,0.772,271.0,0.531,270.8,0.842,272.5,0.002,14.03,1.0,3.0,0.0,-6.952000000000001,0.0,20.73,7.519,0.0,-0.023,-0.017,-0.017,-0.407,-0.0759999999999999,0.928,0.0,-5.964,-10.19,-10.58,-10.74,-10.29,-10.26,-10.49,-150.3,-10.35,-9.920000000000002,0.0149999999999999,-0.004,-0.005,-0.005,-0.003,0.004,-0.002,-0.001,6472.0,9103.0,9059.0,9238.0,7861.0,7836.0,6348.0,0.0,0.0,0.0,0.0,0.0,0.0,0.0,0.0,4.209,0.0,60.14,0.0,0.0,0.0,0.0,16.0,0.0,0.0,0.0,0.0,0.0,-8.13,-8.29,0.0,-10.25,295.4,19.14,4.0,3.473,-1.0,1.727,3.0,4901
2016-01-20 03:25:00,0.0,0.0,0.0,1067290.0,62.9,59.9,60.0,0.0,40789.0,507.0,93035.0,1024949.0,0.0,1.0,0.0,0.0,0.0,274.4,273.6,275.1,0.772,271.0,0.531,271.0,0.842,272.6,0.002,14.03,2.0,3.0,0.0,-6.952000000000001,0.0,20.44,7.587999999999998,0.0,-0.026,-0.017,-0.017,-0.407,-0.07,0.5939999999999999,0.0,-5.964,-10.19,-10.58,-10.77,-10.26,-10.28,-10.51,-150.2,-10.42,-9.99,0.025,-0.003,-0.006,-0.006,-0.005,0.004,-0.001,-0.002,6472.0,9103.0,9059.0,9238.0,7861.0,7836.0,6348.0,0.0,0.0,0.0,0.0,0.0,0.0,0.0,0.0,4.3180000000000005,0.0,60.13,0.0,0.0,0.0,0.0,16.0,0.0,0.0,0.0,0.0,0.0,-8.15,-8.21,0.0,-10.19,259.5,33.26,3.0,3.473,-1.0,2.265,4.6,4901
2016-01-20 03:26:00,0.0,0.0,0.0,1067290.0,62.9,59.9,60.0,0.0,40789.0,507.0,93035.0,1024949.0,0.0,1.0,0.0,0.0,0.0,274.3,273.5,275.0,0.772,270.6,0.531,270.4,0.842,272.0,0.002,14.03,1.0,3.0,0.0,-6.957999999999999,0.0,20.63,7.522,0.0,-0.027,-0.017,-0.017,-0.407,-0.074,0.784,0.0,-5.964,-10.19,-10.58,-10.77,-10.19,-10.16,-10.4,-150.1,-10.32,-9.99,0.0139999999999999,-0.004,-0.006,-0.005,-0.004,0.004,-0.001,-0.002,6472.0,9103.0,9059.0,9238.0,7861.0,7836.0,6348.0,0.0,0.0,0.0,0.0,0.0,0.0,0.0,0.0,4.262,0.0,60.15,0.0,0.0,0.0,0.0,16.0,0.0,0.0,0.0,0.0,0.0,-8.109999999999998,-8.199999999999998,0.0,-10.17,275.7,14.23,3.5,3.472,-1.0,2.855,4.8,4901
2016-01-20 03:27:00,0.0,0.0,0.0,1067290.0,62.9,59.9,60.0,0.0,40789.0,507.0,93035.0,1024949.0,0.0,1.0,0.0,0.0,0.0,274.2,273.3,275.0,0.772,270.0,0.531,270.0,0.842,272.0,0.002,14.03,1.0,3.0,0.0,-6.9670000000000005,0.0,20.59,7.525,0.0,-0.027,-0.017,-0.017,-0.375,-0.078,0.785,0.0,-5.964,-10.16,-10.53,-10.74,-10.16,-10.16,-10.38,-134.8,-10.34,-10.0,0.02,-0.004,-0.005,-0.004,-0.003,0.005,-0.002,-0.001,6472.0,9103.0,9059.0,9238.0,7861.0,7836.0,6348.0,0.0,0.0,0.0,0.0,0.0,0.0,0.0,0.0,4.203,0.0,60.14,0.0,0.0,0.0,0.0,16.0,0.0,0.0,0.0,0.0,0.0,-8.109999999999998,-8.179999999999998,0.0,-10.11,263.1,19.63,3.5,3.472,-1.0,2.992,6.2,4901
2016-01-20 03:28:00,0.0,0.0,0.0,1067290.0,62.9,59.9,60.0,0.0,40789.0,507.0,93035.0,1024949.0,0.0,1.0,0.0,0.0,0.0,274.4,273.4,275.2,0.772,270.9,0.531,270.2,0.842,272.3,0.002,14.03,2.0,3.0,0.0,-6.972,0.0,20.6,7.532999999999999,0.0,-0.025,-0.017,-0.017,-0.407,-0.0869999999999999,0.5939999999999999,0.0,-5.964,-10.0,-10.4,-10.58,-10.01,-9.98,-10.29,-108.2,-10.19,-9.94,0.019,-0.004,-0.006,-0.005,-0.005,0.005,-0.001,-0.002,6472.0,9103.0,9059.0,9238.0,7861.0,7836.0,6348.0,0.0,0.0,0.0,0.0,0.0,0.0,0.0,0.0,4.202,0.0,60.14,0.0,0.0,0.0,0.0,16.0,0.0,0.0,0.0,0.0,0.0,-8.029999999999998,-8.13,0.0,-10.01,284.4,13.52,3.0,3.473,-1.0,2.773,4.8,4901
2016-01-20 03:29:00,0.0,0.0,0.0,1067290.0,62.9,59.9,60.0,0.0,40789.0,507.0,93035.0,1024949.0,0.0,1.0,0.0,0.0,0.0,274.1,273.6,275.4,0.772,271.0,0.531,270.1,0.842,272.7,0.002,14.03,1.0,3.0,0.0,-6.972,0.0,20.61,7.479,0.0,-0.024,-0.017,-0.017,-0.407,-0.106,0.7929999999999999,0.0,-5.964,-10.0,-10.42,-10.63,-10.08,-10.02,-10.32,-150.1,-10.24,-9.97,0.0149999999999999,-0.004,-0.005,-0.005,-0.004,0.004,-0.002,-0.001,6472.0,9103.0,9059.0,9238.0,7861.0,7836.0,6348.0,0.0,0.0,0.0,0.0,0.0,0.0,0.0,0.0,4.2,0.0,60.15,0.0,0.0,0.0,0.0,16.0,0.0,0.0,0.0,0.0,0.0,-8.07,-8.22,0.0,-10.06,296.6,18.77,3.833,3.473,-1.0,2.235,3.7,4901
2016-01-20 03:30:00,0.0,0.0,0.0,1067290.0,62.9,59.9,60.0,0.0,40789.0,507.0,93035.0,1024949.0,0.0,1.0,0.0,0.0,0.0,274.4,273.5,275.4,0.772,271.0,0.531,270.5,0.842,272.9,0.002,14.03,1.0,3.0,0.0,-6.972,0.0,20.67,7.506,0.0,-0.026,-0.017,-0.017,-0.407,-0.085,0.628,0.0,-5.964,-10.0,-10.46,-10.67,-10.11,-10.13,-10.4,-150.0,-10.29,-10.03,0.024,-0.003,-0.006,-0.005,-0.003,0.004,-0.001,-0.001,6472.0,9103.0,9059.0,9238.0,7861.0,7836.0,6348.0,0.0,0.0,0.0,0.0,0.0,0.0,0.0,0.0,4.192,0.0,60.14,0.0,0.0,0.0,0.0,16.0,0.0,0.0,0.0,0.0,0.0,-8.109999999999998,-8.25,0.0,-10.06,294.9,16.94,3.167,3.473,-1.0,2.198,3.3,4901
2016-01-20 03:31:00,0.0,0.0,0.0,1067290.0,62.9,59.9,60.0,0.0,40789.0,507.0,93035.0,1024949.0,0.0,1.0,0.0,0.0,0.0,274.4,273.4,275.1,0.772,271.0,0.531,270.5,0.842,272.0,0.002,14.03,1.0,3.0,0.0,-6.972,0.0,20.6,7.456,0.0,-0.027,-0.017,-0.017,-0.407,-0.064,0.75,0.0,-5.964,-10.05,-10.51,-10.75,-10.19,-10.17,-10.42,-129.0,-10.34,-10.07,0.027,-0.004,-0.006,-0.005,-0.004,0.004,-0.003,-0.002,6472.0,9103.0,9059.0,9238.0,7861.0,7836.0,6348.0,0.0,0.0,0.0,0.0,0.0,0.0,0.0,0.0,4.192,0.0,60.15,0.0,0.0,0.0,0.0,16.0,0.0,0.0,0.0,0.0,0.0,-8.12,-8.32,0.0,-10.13,311.3,15.56,3.5,3.473,-1.0,2.458,3.7,4901
2016-01-20 03:32:00,0.0,0.0,0.0,1067290.0,62.9,59.9,60.0,0.0,40789.0,507.0,93035.0,1024949.0,0.0,1.0,0.0,0.0,0.0,274.3,273.4,275.0,0.772,270.7,0.531,270.6,0.842,272.0,0.003,13.85,1.0,3.0,0.0,-6.972,0.0,20.51,7.427,0.0,-0.027,-0.017,-0.017,-0.392,-0.062,0.777,0.0,-5.964,-10.06,-10.49,-10.77,-10.21,-10.21,-10.41,-129.4,-10.31,-10.07,0.019,-0.004,-0.006,-0.005,-0.003,0.006,-0.002,-0.002,6472.0,9103.0,9059.0,9238.0,7861.0,7836.0,6348.0,0.0,0.0,0.0,0.0,0.0,0.0,0.0,0.0,4.183,0.0,60.14,0.0,0.0,0.0,0.0,16.0,0.0,0.0,0.0,0.0,0.0,-8.13,-8.26,0.0,-10.08,327.6,18.97,3.5,3.472,-1.0,1.732,3.0,4901
2016-01-20 03:33:00,0.0,0.0,0.0,1067290.0,62.9,59.9,60.0,0.0,40789.0,507.0,93035.0,1024949.0,0.0,1.0,0.0,0.0,0.0,274.4,273.2,274.8,0.772,270.1,0.531,270.0,0.842,272.0,0.002,14.07,1.0,3.0,0.0,-6.972,0.0,20.59,7.362,0.0,-0.027,-0.017,-0.017,-0.407,-0.07,0.6019999999999999,0.0,-5.964,-10.13,-10.54,-10.82,-10.32,-10.33,-10.54,-129.2,-10.44,-10.15,0.0139999999999999,-0.004,-0.005,-0.005,-0.004,0.004,-0.001,-0.001,6472.0,9103.0,9059.0,9238.0,7861.0,7836.0,6348.0,0.0,0.0,0.0,0.0,0.0,0.0,0.0,0.0,4.084,0.0,60.14,0.0,0.0,0.0,0.0,16.0,0.0,0.0,0.0,0.0,0.0,-8.15,-8.349999999999998,0.0,-10.18,309.9,13.57,3.333,3.473,-1.0,2.343,3.6,4901
2016-01-20 03:34:00,0.0,0.0,0.0,1067290.0,62.9,59.9,60.0,0.0,40789.0,507.0,93035.0,1024949.0,0.0,1.0,0.0,0.0,0.0,274.4,273.3,274.9,0.772,270.5,0.531,270.2,0.842,272.0,0.002,14.07,1.0,3.0,0.0,-6.972,0.0,20.69,7.331,0.0,-0.0299999999999999,-0.017,-0.017,-0.407,-0.089,0.966,0.0,-5.964,-10.21,-10.66,-10.93,-10.42,-10.43,-10.61,-103.6,-10.52,-10.13,0.009,-0.004,-0.006,-0.005,-0.004,0.004,-0.002,0.0,6472.0,9103.0,9059.0,9238.0,7861.0,7836.0,6348.0,0.0,0.0,0.0,0.0,0.0,0.0,0.0,0.0,4.057,0.0,60.14,0.0,0.0,0.0,0.0,16.0,0.0,0.0,0.0,0.0,0.0,-8.179999999999998,-8.42,0.0,-10.29,319.8,33.32,4.0,3.472,-1.0,1.58,3.0,4901
2016-01-20 03:35:00,0.0,0.0,0.0,1067290.0,62.9,59.9,60.0,0.0,40789.0,507.0,93035.0,1024949.0,0.0,1.0,0.0,0.0,0.0,274.0,273.4,275.1,0.772,270.4,0.531,270.0,0.842,272.0,0.002,14.07,2.0,3.0,0.0,-6.977,0.0,20.54,7.282999999999999,0.0,-0.0299999999999999,-0.017,-0.017,-0.407,-0.085,0.5939999999999999,0.0,-5.964,-10.22,-10.64,-10.94,-10.45,-10.43,-10.62,-114.4,-10.55,-10.14,0.018,-0.005,-0.006,-0.006,-0.004,0.005,-0.002,-0.001,6472.0,9103.0,9059.0,9238.0,7861.0,7836.0,6348.0,0.0,0.0,0.0,0.0,0.0,0.0,0.0,0.0,4.057,0.0,60.13,0.0,0.0,0.0,0.0,16.0,0.0,0.0,0.0,0.0,0.0,-8.199999999999998,-8.359999999999998,0.0,-10.22,306.6,18.87,3.0,3.472,-1.0,2.968,5.4,4901
2016-01-20 03:36:00,0.0,0.0,0.0,1067290.0,62.9,59.9,60.0,0.0,40789.0,507.0,93035.0,1024949.0,0.0,1.0,0.0,0.0,0.0,274.0,273.5,275.1,0.772,270.6,0.531,270.4,0.842,272.0,0.002,14.07,1.0,3.0,0.0,-6.994,0.0,20.58,7.3439999999999985,0.0,-0.026,-0.017,-0.017,-0.407,-0.081,0.6029999999999999,0.0,-5.964,-10.19,-10.58,-10.78,-10.35,-10.37,-10.59,-150.6,-10.48,-10.07,0.023,-0.004,-0.006,-0.005,-0.004,0.004,-0.001,-0.001,6472.0,9103.0,9059.0,9238.0,7861.0,7836.0,6348.0,0.0,0.0,0.0,0.0,0.0,0.0,0.0,0.0,4.057,0.0,60.21,0.0,0.0,0.0,0.0,16.0,0.0,0.0,0.0,0.0,0.0,-8.15,-8.359999999999998,0.0,-10.23,308.9,22.06,3.333,3.473,-1.0,3.395,4.9,4901
2016-01-20 03:37:00,0.0,0.0,0.0,1067290.0,62.9,59.9,60.0,0.0,40789.0,507.0,93035.0,1024949.0,0.0,1.0,0.0,0.0,0.0,274.4,273.3,274.9,0.772,270.4,0.531,270.1,0.842,272.0,0.002,14.07,1.0,3.0,0.0,-6.995,0.0,20.59,7.298999999999999,0.0,-0.023,-0.017,-0.017,-0.407,-0.0759999999999999,0.829,0.0,-5.964,-10.19,-10.58,-10.77,-10.29,-10.31,-10.51,-103.5,-10.39,-9.96,0.022,-0.004,-0.006,-0.004,-0.004,0.005,-0.002,-0.001,6472.0,9103.0,9059.0,9238.0,7861.0,7836.0,6348.0,0.0,0.0,0.0,0.0,0.0,0.0,0.0,0.0,4.009,0.0,60.21,0.0,0.0,0.0,0.0,16.0,0.0,0.0,0.0,0.0,0.0,-8.12,-8.33,0.0,-10.2,300.6,12.99,3.667,3.473,-1.0,2.69,4.5,4901
2016-01-20 03:38:00,0.0,0.0,0.0,1067290.0,62.9,59.9,60.0,0.0,40789.0,507.0,93035.0,1024949.0,0.0,1.0,0.0,0.0,0.0,274.3,273.5,275.1,0.772,271.0,0.531,270.5,0.842,272.0,0.002,14.07,1.0,3.0,0.0,-6.995,0.0,20.34,7.247999999999998,0.0,-0.023,-0.017,-0.017,-0.407,-0.078,0.7419999999999999,0.0,-5.964,-10.19,-10.58,-10.74,-10.32,-10.27,-10.53,-149.9,-10.4,-9.96,0.018,-0.004,-0.006,-0.005,-0.004,0.004,-0.002,-0.001,6472.0,9103.0,9059.0,9238.0,7861.0,7836.0,6348.0,0.0,0.0,0.0,0.0,0.0,0.0,0.0,0.0,3.924,0.0,60.12,0.0,0.0,0.0,0.0,16.0,0.0,0.0,0.0,0.0,0.0,-8.12,-8.359999999999998,0.0,-10.22,301.1,16.09,3.333,3.472,-1.0,2.222,3.8,4901
2016-01-20 03:39:00,0.0,0.0,0.0,1067290.0,62.9,59.9,60.0,0.0,40789.0,507.0,93035.0,1024949.0,0.0,1.0,0.0,0.0,0.0,274.2,273.4,275.0,0.772,270.6,0.531,270.0,0.842,272.0,0.002,14.07,1.0,3.0,0.0,-6.995,0.0,20.6,7.205,0.0,-0.023,-0.017,-0.017,-0.407,-0.083,0.637,0.0,-5.964,-10.19,-10.58,-10.82,-10.38,-10.38,-10.59,-124.5,-10.45,-10.05,0.0279999999999999,-0.004,-0.0069999999999999,-0.005,-0.004,0.004,-0.002,-0.001,6472.0,9103.0,9059.0,9238.0,7861.0,7836.0,6348.0,0.0,0.0,0.0,0.0,0.0,0.0,0.0,0.0,3.922,0.0,60.14,0.0,0.0,0.0,0.0,16.0,0.0,0.0,0.0,0.0,0.0,-8.16,-8.32,0.0,-10.21,296.0,15.79,3.167,3.472,-1.0,1.818,3.1,4901
2016-01-20 03:40:00,0.0,0.0,0.0,1067290.0,62.9,59.9,60.0,0.0,40789.0,507.0,93035.0,1024949.0,0.0,1.0,0.0,0.0,0.0,274.2,273.3,274.9,0.772,270.1,0.531,270.0,0.842,272.0,0.002,14.07,1.0,3.0,0.0,-6.995,0.0,20.54,7.241,0.0,-0.025,-0.017,-0.017,-0.407,-0.0759999999999999,0.924,0.0,-5.964,-10.19,-10.66,-10.86,-10.38,-10.43,-10.59,-129.1,-10.5,-10.09,0.011,-0.004,-0.006,-0.006,-0.004,0.005,-0.001,-0.002,6472.0,9103.0,9059.0,9238.0,7861.0,7836.0,6348.0,0.0,0.0,0.0,0.0,0.0,0.0,0.0,0.0,3.922,0.0,60.16,0.0,0.0,0.0,0.0,16.0,0.0,0.0,0.0,0.0,0.0,-8.16,-8.37,0.0,-10.25,293.9,15.52,3.833,3.473,-1.0,2.183,3.7,4901
2016-01-20 03:41:00,0.0,0.0,0.0,1067290.0,62.9,59.9,60.0,0.0,40789.0,507.0,93035.0,1024949.0,0.0,1.0,0.0,0.0,0.0,274.2,273.3,274.9,0.772,270.2,0.531,270.0,0.842,272.0,0.002,14.07,2.0,3.0,0.0,-6.995,0.0,20.73,7.21,0.0,-0.027,-0.017,-0.017,-0.407,-0.093,0.5949999999999999,0.0,-5.979,-10.24,-10.69,-10.96,-10.48,-10.46,-10.64,-150.3,-10.58,-10.03,0.017,-0.005,-0.0069999999999999,-0.005,-0.004,0.005,-0.001,-0.001,6472.0,9103.0,9059.0,9238.0,7861.0,7836.0,6348.0,0.0,0.0,0.0,0.0,0.0,0.0,0.0,0.0,3.922,0.0,60.2,0.0,0.0,0.0,0.0,16.0,0.0,0.0,0.0,0.0,0.0,-8.179999999999998,-8.37,0.0,-10.27,305.1,16.96,3.0,3.473,-1.0,2.837,4.0,4901
2016-01-20 03:42:00,0.0,0.0,0.0,1067290.0,62.9,59.9,60.0,0.0,40789.0,507.0,93035.0,1024949.0,0.0,1.0,0.0,0.0,0.0,274.1,273.2,274.8,0.772,270.0,0.531,270.0,0.842,272.0,0.002,14.07,1.0,3.0,0.0,-6.995,0.0,20.65,7.213999999999999,0.0,-0.027,-0.017,-0.017,-0.407,-0.072,0.785,0.0,-6.028,-10.37,-10.77,-10.94,-10.48,-10.48,-10.69,-103.8,-10.58,-10.07,0.018,-0.004,-0.006,-0.005,-0.004,0.005,-0.002,-0.001,6472.0,9103.0,9059.0,9238.0,7861.0,7836.0,6348.0,0.0,0.0,0.0,0.0,0.0,0.0,0.0,0.0,3.922,0.0,60.17,0.0,0.0,0.0,0.0,16.0,0.0,0.0,0.0,0.0,0.0,-8.179999999999998,-8.439999999999998,0.0,-10.38,289.5,34.44,3.833,3.472,-1.0,2.658,4.6,4901
2016-01-20 03:43:00,0.0,0.0,0.0,1067290.0,62.9,59.9,60.0,0.0,40789.0,507.0,93035.0,1024949.0,0.0,1.0,0.0,0.0,0.0,274.3,273.2,274.8,0.772,270.0,0.531,270.0,0.842,272.0,0.002,14.07,1.0,3.0,0.0,-7.001,0.0,20.48,7.223,0.0,-0.025,-0.017,-0.017,-0.407,-0.085,0.785,0.0,-6.028,-10.38,-10.77,-10.94,-10.48,-10.4,-10.69,-149.8,-10.56,-10.03,0.022,-0.004,-0.006,-0.005,-0.003,0.005,-0.003,-0.001,6472.0,9103.0,9059.0,9238.0,7861.0,7836.0,6348.0,0.0,0.0,0.0,0.0,0.0,0.0,0.0,0.0,3.922,0.0,60.13,0.0,0.0,0.0,0.0,16.0,0.0,0.0,0.0,0.0,0.0,-8.17,-8.42,0.0,-10.39,285.7,26.86,3.5,3.472,-1.0,2.627,4.0,4901
2016-01-20 03:44:00,0.0,0.0,0.0,1067290.0,62.9,59.9,60.0,0.0,40789.0,507.0,93035.0,1024949.0,0.0,1.0,0.0,0.0,0.0,274.4,273.1,274.7,0.772,270.0,0.531,270.0,0.842,272.0,0.002,14.07,2.0,3.0,0.0,-7.017,0.0,20.41,7.182,0.0,-0.024,-0.017,-0.017,-0.407,-0.0909999999999999,0.5949999999999999,0.0,-6.061,-10.37,-10.78,-10.94,-10.42,-10.4,-10.67,-150.3,-10.58,-10.08,0.02,-0.004,-0.006,-0.005,-0.004,0.004,-0.002,-0.002,6472.0,9103.0,9059.0,9238.0,7861.0,7836.0,6348.0,0.0,0.0,0.0,0.0,0.0,0.0,0.0,0.0,3.922,0.0,60.14,0.0,0.0,0.0,0.0,16.0,0.0,0.0,0.0,0.0,0.0,-8.15,-8.439999999999998,0.0,-10.39,288.2,13.62,3.0,3.473,-1.0,2.375,3.7,4901
2016-01-20 03:45:00,0.0,0.0,0.0,1067290.0,62.9,59.9,60.0,0.0,40789.0,507.0,93035.0,1024949.0,0.0,1.0,0.0,0.0,0.0,274.0,273.4,275.0,0.772,270.0,0.531,270.0,0.842,272.0,0.002,14.07,1.0,3.0,0.0,-7.017,0.0,20.7,7.184,0.0,-0.026,-0.017,-0.017,-0.407,-0.1,0.785,0.0,-6.061,-10.32,-10.77,-10.96,-10.38,-10.37,-10.59,-150.2,-10.48,-10.06,0.0279999999999999,-0.004,-0.005,-0.005,-0.004,0.004,-0.001,0.0,6472.0,9103.0,9059.0,9238.0,7861.0,7836.0,6348.0,0.0,0.0,0.0,0.0,0.0,0.0,0.0,0.0,3.922,0.0,60.14,0.0,0.0,0.0,0.0,16.0,0.0,0.0,0.0,0.0,0.0,-8.199999999999998,-8.4,0.0,-10.36,292.5,20.58,3.833,3.472,-1.0,2.537,3.4,4901
2016-01-20 03:46:00,0.0,0.0,0.0,1067290.0,62.9,59.9,60.0,0.0,40789.0,507.0,93035.0,1024949.0,0.0,1.0,0.0,0.0,0.0,274.2,273.3,275.0,0.772,270.1,0.531,270.6,0.842,272.0,0.002,14.07,1.0,3.0,0.0,-7.017,0.0,20.52,7.187,0.0,-0.027,-0.017,-0.017,-0.407,-0.07,0.6029999999999999,0.0,-6.061,-10.33,-10.77,-10.91,-10.4,-10.39,-10.66,-150.4,-10.5,-10.12,0.018,-0.004,-0.0069999999999999,-0.005,-0.004,0.005,-0.002,-0.002,6472.0,9103.0,9059.0,9238.0,7861.0,7836.0,6348.0,0.0,0.0,0.0,0.0,0.0,0.0,0.0,0.0,3.922,0.0,60.14,0.0,0.0,0.0,0.0,16.0,0.0,0.0,0.0,0.0,0.0,-8.14,-8.349999999999998,0.0,-10.34,325.0,31.64,3.0,3.472,-1.0,2.573,4.7,4901
2016-01-20 03:47:00,0.0,0.0,0.0,1067290.0,62.9,59.9,60.0,0.0,40789.0,507.0,93035.0,1024949.0,0.0,1.0,0.0,0.0,0.0,273.7,273.3,274.9,0.772,270.0,0.531,270.0,0.842,272.0,0.002,14.07,1.0,3.0,0.0,-7.022,0.0,20.62,7.16,0.0,-0.027,-0.017,-0.017,-0.407,-0.089,0.8249999999999998,0.0,-6.061,-10.38,-10.77,-10.94,-10.38,-10.4,-10.69,-150.3,-10.48,-10.03,0.018,-0.005,-0.005,-0.005,-0.004,0.004,-0.002,-0.002,6472.0,9103.0,9059.0,9238.0,7861.0,7836.0,6348.0,0.0,0.0,0.0,0.0,0.0,0.0,0.0,0.0,3.919,0.0,60.14,0.0,0.0,0.0,0.0,16.0,0.0,0.0,0.0,0.0,0.0,-8.15,-8.38,0.0,-10.36,302.5,10.29,3.667,3.473,-1.0,3.037,4.3,4901
2016-01-20 03:48:00,0.0,0.0,0.0,1067290.0,62.9,59.9,60.0,0.0,40789.0,507.0,93035.0,1024949.0,0.0,1.0,0.0,0.0,0.0,274.2,273.1,274.9,0.772,270.0,0.531,270.0,0.842,272.0,0.002,14.07,1.0,3.0,0.0,-7.039,0.0,20.49,7.179,0.0,-0.024,-0.017,-0.017,-0.407,-0.1,0.745,0.0,-6.061,-10.29,-10.75,-10.96,-10.43,-10.42,-10.69,-150.3,-10.48,-10.04,0.019,-0.004,-0.006,-0.005,-0.004,0.005,-0.002,0.0,6472.0,9103.0,9059.0,9238.0,7861.0,7836.0,6348.0,0.0,0.0,0.0,0.0,0.0,0.0,0.0,0.0,3.857,0.0,60.14,0.0,0.0,0.0,0.0,16.0,0.0,0.0,0.0,0.0,0.0,-8.189999999999998,-8.37,0.0,-10.32,297.9,19.38,3.333,3.473,-1.0,1.97,4.0,4901
2016-01-20 03:49:00,0.0,0.0,0.0,1067290.0,62.9,59.9,60.0,0.0,40789.0,507.0,93035.0,1024949.0,0.0,1.0,0.0,0.0,0.0,274.1,273.2,274.8,0.772,270.0,0.531,270.0,0.842,272.0,0.002,14.07,1.0,3.0,0.0,-7.04,0.0,20.77,7.169,0.0,-0.025,-0.017,-0.017,-0.407,-0.0869999999999999,0.634,0.0,-6.061,-10.22,-10.67,-10.9,-10.38,-10.4,-10.67,-150.1,-10.48,-10.06,0.023,-0.004,-0.006,-0.005,-0.004,0.004,-0.001,-0.002,6472.0,9103.0,9059.0,9238.0,7861.0,7836.0,6348.0,0.0,0.0,0.0,0.0,0.0,0.0,0.0,0.0,3.792,0.0,60.14,0.0,0.0,0.0,0.0,16.0,0.0,0.0,0.0,0.0,0.0,-8.24,-8.38,0.0,-10.24,304.0,11.6,3.167,3.472,-1.0,3.292,4.7,4901
2016-01-20 03:50:00,0.0,0.0,0.0,1067290.0,62.9,59.9,60.0,0.0,40789.0,507.0,93035.0,1024949.0,0.0,1.0,0.0,0.0,0.0,274.1,273.2,274.9,0.772,270.1,0.531,270.0,0.842,272.0,0.002,14.07,1.0,3.0,0.0,-7.04,0.0,20.54,7.182,0.0,-0.024,-0.017,-0.017,-0.407,-0.0759999999999999,0.785,0.0,-6.061,-10.19,-10.67,-10.9,-10.4,-10.39,-10.64,-150.2,-10.48,-10.04,0.019,-0.004,-0.006,-0.005,-0.003,0.005,-0.002,0.0,6472.0,9103.0,9059.0,9238.0,7861.0,7836.0,6348.0,0.0,0.0,0.0,0.0,0.0,0.0,0.0,0.0,3.786,0.0,60.14,0.0,0.0,0.0,0.0,16.0,0.0,0.0,0.0,0.0,0.0,-8.199999999999998,-8.42,0.0,-10.23,311.8,13.99,3.5,3.472,-1.0,2.35,4.1,4901
2016-01-20 03:51:00,0.0,0.0,0.0,1067290.0,62.9,59.9,60.0,0.0,40789.0,507.0,93035.0,1024949.0,0.0,1.0,0.0,0.0,0.0,274.3,273.3,274.9,0.772,270.6,0.531,270.0,0.842,272.0,0.002,14.07,1.0,3.0,0.0,-7.04,0.0,20.32,7.164,0.0,-0.023,-0.017,-0.017,-0.407,-0.07,0.5949999999999999,0.0,-6.061,-10.22,-10.67,-10.96,-10.49,-10.53,-10.69,-148.0,-10.55,-10.05,0.018,-0.004,-0.006,-0.005,-0.004,0.005,-0.002,-0.001,6472.0,9103.0,9059.0,9238.0,7861.0,7836.0,6348.0,0.0,0.0,0.0,0.0,0.0,0.0,0.0,0.0,3.786,0.0,60.14,0.0,0.0,0.0,0.0,16.0,0.0,0.0,0.0,0.0,0.0,-8.199999999999998,-8.48,0.0,-10.27,308.6,15.98,3.167,3.473,-1.0,2.902,5.3,4901
2016-01-20 03:52:00,0.0,0.0,0.0,1067290.0,62.9,59.9,60.0,0.0,40789.0,507.0,93035.0,1024949.0,0.0,1.0,0.0,0.0,0.0,274.4,273.3,274.9,0.772,270.9,0.531,270.0,0.842,272.0,0.002,14.07,1.0,3.0,0.0,-7.04,0.0,20.52,7.171,0.0,-0.023,-0.017,-0.017,-0.407,-0.083,0.746,0.0,-6.061,-10.29,-10.77,-10.89,-10.45,-10.43,-10.66,-149.7,-10.5,-10.07,0.017,-0.004,-0.0069999999999999,-0.006,-0.005,0.004,-0.002,-0.001,6472.0,9103.0,9059.0,9238.0,7861.0,7836.0,6348.0,0.0,0.0,0.0,0.0,0.0,0.0,0.0,0.0,3.786,0.0,60.17,0.0,0.0,0.0,0.0,16.0,0.0,0.0,0.0,0.0,0.0,-8.179999999999998,-8.51,0.0,-10.32,300.7,11.25,3.5,3.473,-1.0,3.15,5.4,4901
2016-01-20 03:53:00,0.0,0.0,0.0,1067290.0,62.9,59.9,60.0,0.0,40789.0,507.0,93035.0,1024949.0,0.0,1.0,0.0,0.0,0.0,274.0,273.2,274.8,0.772,270.3,0.531,270.0,0.842,272.0,0.002,14.07,1.0,3.0,0.0,-7.04,0.0,20.55,7.159,0.0,-0.023,-0.017,-0.017,-0.407,-0.083,0.967,0.0,-6.061,-10.29,-10.7,-10.93,-10.48,-10.4,-10.67,-149.8,-10.48,-10.02,0.025,-0.004,-0.006,-0.006,-0.004,0.005,-0.001,-0.001,6472.0,9103.0,9059.0,9238.0,7861.0,7836.0,6348.0,0.0,0.0,0.0,0.0,0.0,0.0,0.0,0.0,3.786,0.0,60.17,0.0,0.0,0.0,0.0,16.0,0.0,0.0,0.0,0.0,0.0,-8.189999999999998,-8.48,0.0,-10.27,294.0,14.98,4.0,3.472,-1.0,2.313,3.7,4901
2016-01-20 03:54:00,0.0,0.0,0.0,1067290.0,62.9,59.9,60.0,0.0,40789.0,507.0,93035.0,1024949.0,0.0,1.0,0.0,0.0,0.0,273.8,273.2,274.9,0.772,270.0,0.531,270.0,0.842,272.0,0.002,14.07,2.0,3.0,0.0,-7.042999999999999,0.0,20.58,7.157,0.0,-0.023,-0.017,-0.017,-0.407,-0.085,0.5939999999999999,0.0,-6.061,-10.22,-10.64,-10.94,-10.46,-10.4,-10.64,-150.3,-10.48,-10.04,0.02,-0.004,-0.006,-0.005,-0.004,0.004,-0.003,-0.001,6472.0,9103.0,9059.0,9238.0,7861.0,7836.0,6348.0,0.0,0.0,0.0,0.0,0.0,0.0,0.0,0.0,3.786,0.0,60.2,0.0,0.0,0.0,0.0,16.0,0.0,0.0,0.0,0.0,0.0,-8.269999999999998,-8.41,0.0,-10.18,300.5,16.81,3.0,3.473,-1.0,2.512,4.7,4901
2016-01-20 03:55:00,0.0,0.0,0.0,1067290.0,62.9,59.9,60.0,0.0,40789.0,507.0,93035.0,1024949.0,0.0,1.0,0.0,0.0,0.0,274.1,273.0,274.8,0.772,270.0,0.531,270.0,0.842,272.0,0.002,14.07,1.0,3.0,0.0,-7.062,0.0,20.39,7.162000000000001,0.0,-0.023,-0.017,-0.017,-0.407,-0.07,0.794,0.0,-6.061,-10.19,-10.58,-10.88,-10.38,-10.32,-10.59,-150.7,-10.48,-10.09,0.023,-0.005,-0.005,-0.005,-0.005,0.004,-0.002,-0.002,6472.0,9103.0,9059.0,9238.0,7861.0,7836.0,6348.0,0.0,0.0,0.0,0.0,0.0,0.0,0.0,0.0,3.786,0.0,60.16,0.0,0.0,0.0,0.0,16.0,0.0,0.0,0.0,0.0,0.0,-8.24,-8.429999999999998,0.0,-10.19,314.3,14.91,3.833,3.472,-1.0,2.738,4.8,4901
2016-01-20 03:56:00,0.0,0.0,0.0,1067290.0,62.9,59.9,60.0,0.0,40789.0,507.0,93035.0,1024949.0,0.0,1.0,0.0,0.0,0.0,273.9,273.2,274.9,0.772,270.0,0.531,270.0,0.842,272.0,0.002,14.07,1.0,3.0,0.0,-7.063,0.0,20.59,7.166,0.0,-0.023,-0.017,-0.017,-0.407,-0.093,0.632,0.0,-6.061,-10.19,-10.58,-10.86,-10.37,-10.35,-10.59,-107.8,-10.48,-10.01,0.019,-0.004,-0.006,-0.005,-0.005,0.003,-0.002,-0.002,6472.0,9103.0,9059.0,9238.0,7861.0,7836.0,6348.0,0.0,0.0,0.0,0.0,0.0,0.0,0.0,0.0,3.786,0.0,60.22,0.0,0.0,0.0,0.0,16.0,0.0,0.0,0.0,0.0,0.0,-8.29,-8.429999999999998,0.0,-10.2,306.6,17.85,3.167,3.472,-1.0,2.532,3.7,4901
2016-01-20 03:57:00,0.0,0.0,0.0,1067290.0,62.9,59.9,60.0,0.0,40789.0,507.0,93035.0,1024949.0,0.0,1.0,0.0,0.0,0.0,274.2,273.1,274.8,0.772,270.0,0.531,270.0,0.842,272.0,0.002,14.07,1.0,3.0,0.0,-7.063,0.0,20.57,7.154,0.0,-0.023,-0.017,-0.017,-0.407,-0.078,0.929,0.0,-6.061,-10.19,-10.59,-10.81,-10.38,-10.32,-10.59,-98.8,-10.48,-10.07,0.018,-0.004,-0.006,-0.005,-0.004,0.005,-0.003,-0.002,6472.0,9103.0,9059.0,9238.0,7861.0,7836.0,6348.0,0.0,0.0,0.0,0.0,0.0,0.0,0.0,0.0,3.786,0.0,60.22,0.0,0.0,0.0,0.0,16.0,0.0,0.0,0.0,0.0,0.0,-8.25,-8.41,0.0,-10.19,311.6,16.86,3.833,3.473,-1.0,2.73,5.0,4901
2016-01-20 03:58:00,0.0,0.0,0.0,1067290.0,62.9,59.9,60.0,0.0,40789.0,507.0,93035.0,1024949.0,0.0,1.0,0.0,0.0,0.0,274.0,273.1,274.9,0.772,270.0,0.531,270.0,0.842,272.0,0.002,14.07,2.0,3.0,0.0,-7.063,0.0,20.59,7.17,0.0,-0.023,-0.017,-0.017,-0.407,-0.11,0.5949999999999999,0.0,-6.061,-10.19,-10.64,-10.75,-10.37,-10.29,-10.54,-149.9,-10.45,-10.01,0.013,-0.004,-0.005,-0.006,-0.004,0.004,-0.002,-0.002,6472.0,9103.0,9059.0,9238.0,7861.0,7836.0,6348.0,0.0,0.0,0.0,0.0,0.0,0.0,0.0,0.0,3.786,0.0,60.22,0.0,0.0,0.0,0.0,16.0,0.0,0.0,0.0,0.0,0.0,-8.23,-8.429999999999998,0.0,-10.22,307.8,27.51,3.333,3.472,-1.0,2.8,5.4,4901
2016-01-20 03:59:00,0.0,0.0,0.0,1067290.0,62.9,59.9,60.0,0.0,40789.0,507.0,93035.0,1024949.0,0.0,1.0,0.0,0.0,0.0,273.8,273.0,274.9,0.772,270.0,0.531,270.0,0.842,272.0,0.002,14.07,1.0,3.0,0.0,-7.063,0.0,20.56,7.169,0.0,-0.023,-0.017,-0.017,-0.407,-0.074,0.794,0.0,-6.078,-10.19,-10.58,-10.74,-10.37,-10.27,-10.53,-149.9,-10.39,-9.89,0.0149999999999999,-0.005,-0.006,-0.005,-0.003,0.004,-0.002,-0.001,6472.0,9103.0,9059.0,9238.0,7861.0,7836.0,6348.0,0.0,0.0,0.0,0.0,0.0,0.0,0.0,0.0,3.786,0.0,60.22,0.0,0.0,0.0,0.0,16.0,0.0,0.0,0.0,0.0,0.0,-8.199999999999998,-8.4,0.0,-10.19,306.8,23.56,3.5,3.473,-1.0,3.627,5.8,4901
2016-01-20 04:00:00,0.0,0.0,0.0,1067290.0,62.9,59.9,60.0,0.0,40789.0,507.0,93035.0,1024949.0,0.0,1.0,0.0,0.0,0.0,273.8,273.0,274.7,0.772,270.0,0.531,270.0,0.842,272.0,0.002,14.07,1.0,3.0,0.0,-7.063,0.0,20.59,7.158,0.0,-0.023,-0.017,-0.017,-0.407,-0.085,0.777,0.0,-6.138999999999999,-10.19,-10.58,-10.64,-10.29,-10.18,-10.45,-149.5,-10.29,-9.81,0.019,-0.004,-0.006,-0.005,-0.004,0.005,-0.002,-0.002,6472.0,9103.0,9059.0,9238.0,7861.0,7836.0,6348.0,0.0,0.0,0.0,0.0,0.0,0.0,0.0,0.0,3.786,0.0,60.15,0.0,0.0,0.0,0.0,16.0,0.0,0.0,0.0,0.0,0.0,-8.17,-8.429999999999998,0.0,-10.24,319.7,23.26,3.5,3.472,-1.0,3.313,5.3,4901
2016-01-20 04:01:00,0.0,0.0,0.0,1067290.0,62.9,59.9,60.0,0.0,40789.0,507.0,93035.0,1024949.0,0.0,1.0,0.0,0.0,0.0,273.9,272.8,274.5,0.772,270.0,0.531,270.0,0.842,272.0,0.002,14.07,1.0,3.0,0.0,-7.063,0.0,20.55,7.149,0.0,-0.022,-0.0149999999999999,-0.017,-0.377,-0.093,0.6039999999999999,0.0,-6.157,-10.27,-10.66,-10.64,-10.32,-10.19,-10.48,-150.0,-10.29,-9.81,0.023,-0.004,-0.006,-0.005,-0.004,0.004,-0.003,-0.001,6472.0,9103.0,9059.0,9238.0,7861.0,7836.0,6348.0,0.0,0.0,0.0,0.0,0.0,0.0,0.0,0.0,3.784,0.0,60.14,0.0,0.0,0.0,0.0,16.0,0.0,0.0,0.0,0.0,0.0,-8.14,-8.47,0.0,-10.33,311.7,11.32,3.333,3.472,-1.0,4.112,6.3,4901
2016-01-20 04:02:00,0.0,0.0,0.0,1067290.0,62.9,59.9,60.0,0.0,40789.0,507.0,93035.0,1024949.0,0.0,1.0,0.0,0.0,0.0,273.7,272.8,274.4,0.772,270.0,0.531,270.0,0.842,272.0,0.001,14.03,1.0,3.0,0.0,-7.08,0.0,20.63,7.152,0.0,-0.02,-0.0149999999999999,-0.017,-0.407,-0.068,0.7859999999999999,0.0,-6.157,-10.22,-10.66,-10.66,-10.32,-10.19,-10.49,-149.4,-10.29,-9.77,0.017,-0.004,-0.006,-0.004,-0.004,0.004,-0.002,-0.002,6472.0,9103.0,9059.0,9238.0,7861.0,7836.0,6348.0,0.0,0.0,0.0,0.0,0.0,0.0,0.0,0.0,3.785,0.0,60.2,0.0,0.0,0.0,0.0,16.0,0.0,0.0,0.0,0.0,0.0,-8.179999999999998,-8.41,0.0,-10.25,305.5,18.66,3.667,3.472,-1.0,2.44,4.2,4901
2016-01-20 04:03:00,0.0,0.0,0.0,1067290.0,62.9,59.9,60.0,0.0,40789.0,507.0,93035.0,1024949.0,0.0,1.0,0.0,0.0,0.0,273.9,272.8,274.4,0.772,270.0,0.531,270.0,0.842,272.0,0.002,14.03,1.0,3.0,0.0,-7.105,0.0,20.57,7.153,0.0,-0.023,-0.016,-0.017,-0.407,-0.083,0.784,0.0,-6.157,-10.21,-10.67,-10.61,-10.34,-10.19,-10.48,-150.0,-10.29,-9.81,0.024,-0.004,-0.006,-0.005,-0.004,0.005,-0.002,-0.001,6472.0,9103.0,9059.0,9238.0,7861.0,7836.0,6348.0,0.0,0.0,0.0,0.0,0.0,0.0,0.0,0.0,3.786,0.0,60.22,0.0,0.0,0.0,0.0,16.0,0.0,0.0,0.0,0.0,0.0,-8.22,-8.429999999999998,0.0,-10.26,306.1,20.69,3.5,3.472,-1.0,4.068,7.5,4901
2016-01-20 04:04:00,0.0,0.0,0.0,1067290.0,62.9,59.9,60.0,0.0,40789.0,507.0,93035.0,1024949.0,0.0,1.0,0.0,0.0,0.0,273.9,272.9,274.5,0.772,270.0,0.531,270.0,0.842,272.0,0.002,14.03,1.0,3.0,0.0,-7.106,0.0,20.66,7.152,0.0,-0.021,-0.017,-0.017,-0.407,-0.1,0.775,0.0,-6.157,-10.19,-10.58,-10.61,-10.27,-10.19,-10.4,-129.0,-10.29,-9.83,0.017,-0.005,-0.005,-0.005,-0.004,0.005,-0.002,-0.001,6472.0,9103.0,9059.0,9238.0,7861.0,7836.0,6348.0,0.0,0.0,0.0,0.0,0.0,0.0,0.0,0.0,3.786,0.0,60.19,0.0,0.0,0.0,0.0,16.0,0.0,0.0,0.0,0.0,0.0,-8.199999999999998,-8.38,0.0,-10.25,315.8,21.35,3.5,3.473,-1.0,3.135,5.8,4901
2016-01-20 04:05:00,0.0,0.0,0.0,1067290.0,62.9,59.9,60.0,0.0,40789.0,507.0,93035.0,1024949.0,0.0,1.0,0.0,0.0,0.0,273.7,272.8,274.3,0.772,270.0,0.531,270.0,0.842,272.0,0.002,14.03,1.0,3.0,0.0,-7.106,0.0,20.63,7.158,0.0,-0.02,-0.0149999999999999,-0.017,-0.407,-0.098,0.784,0.0,-6.157,-10.19,-10.58,-10.57,-10.29,-10.11,-10.4,-150.1,-10.29,-9.72,0.022,-0.004,-0.006,-0.005,-0.004,0.004,-0.003,-0.002,6472.0,9103.0,9059.0,9238.0,7861.0,7836.0,6348.0,0.0,0.0,0.0,0.0,0.0,0.0,0.0,0.0,3.784,0.0,60.15,0.0,0.0,0.0,0.0,16.0,0.0,0.0,0.0,0.0,0.0,-8.199999999999998,-8.42,0.0,-10.28,307.1,20.05,3.5,3.472,-1.0,3.47,5.8,4901
2016-01-20 04:06:00,0.0,0.0,0.0,1067290.0,62.9,59.9,60.0,0.0,40789.0,507.0,93035.0,1024949.0,0.0,1.0,0.0,0.0,0.0,274.5,273.5,275.1,0.772,270.8,0.531,270.8,0.842,272.8,0.002,14.03,1.0,3.0,0.0,-7.106,0.0,20.59,7.153,0.0,-0.022,-0.017,-0.017,-0.407,-0.1,0.6029999999999999,0.0,-6.157,-10.26,-10.58,-10.56,-10.29,-10.18,-10.43,-129.2,-10.29,-9.78,0.018,-0.004,-0.006,-0.005,-0.004,0.004,-0.001,-0.001,6472.0,9103.0,9059.0,9238.0,7861.0,7836.0,6348.0,0.0,0.0,0.0,0.0,0.0,0.0,0.0,0.0,3.783,0.0,60.15,0.0,0.0,0.0,0.0,16.0,0.0,0.0,0.0,0.0,0.0,-8.24,-8.42,0.0,-10.31,308.9,15.04,3.333,3.473,-1.0,1.493,2.4,4901
2016-01-20 04:07:00,0.0,0.0,0.0,1067290.0,62.9,59.9,60.0,0.0,40789.0,507.0,93035.0,1024949.0,0.0,1.0,0.0,0.0,0.0,274.5,273.6,275.3,0.772,271.0,0.531,271.0,0.842,273.0,0.003,14.04,1.0,3.0,0.0,-7.106,0.0,20.55,7.167000000000001,0.0,-0.023,-0.017,-0.017,-0.382,-0.095,0.8299999999999998,0.0,-6.157,-10.34,-10.64,-10.69,-10.38,-10.29,-10.56,-149.6,-10.39,-9.91,0.0149999999999999,-0.004,-0.006,-0.005,-0.004,0.004,-0.002,-0.001,6472.0,9103.0,9059.0,9238.0,7861.0,7836.0,6348.0,0.0,0.0,0.0,0.0,0.0,0.0,0.0,0.0,3.783,0.0,60.15,0.0,0.0,0.0,0.0,16.0,0.0,0.0,0.0,0.0,0.0,-8.279999999999998,-8.449999999999998,0.0,-10.38,303.1,21.14,3.667,3.473,-1.0,1.918,4.3,4901
2016-01-20 04:08:00,0.0,0.0,0.0,1067290.0,62.9,59.9,60.0,0.0,40789.0,507.0,93035.0,1024949.0,0.0,1.0,0.0,0.0,0.0,274.6,273.5,275.3,0.772,271.0,0.531,270.7,0.842,273.0,0.002,14.07,1.0,3.0,0.0,-7.106,0.0,20.64,7.169,0.0,-0.024,-0.017,-0.017,-0.407,-0.0909999999999999,0.7390000000000001,0.0,-6.157,-10.38,-10.72,-10.74,-10.38,-10.32,-10.59,-150.5,-10.42,-9.99,0.018,-0.004,-0.0069999999999999,-0.006,-0.005,0.004,-0.002,-0.001,6472.0,9103.0,9059.0,9238.0,7861.0,7836.0,6348.0,0.0,0.0,0.0,0.0,0.0,0.0,0.0,0.0,3.785,0.0,60.15,0.0,0.0,0.0,0.0,16.0,0.0,0.0,0.0,0.0,0.0,-8.33,-8.519999999999998,0.0,-10.42,295.4,35.51,3.333,3.473,-1.0,1.343,2.2,4901
2016-01-20 04:09:00,0.0,0.0,0.0,1067290.0,62.9,59.9,60.0,0.0,40789.0,507.0,93035.0,1024949.0,0.0,1.0,0.0,0.0,0.0,274.4,273.4,275.2,0.772,271.0,0.531,270.1,0.842,272.8,0.002,14.07,1.0,3.0,0.0,-7.106,0.0,20.58,7.159,0.0,-0.0279999999999999,-0.017,-0.017,-0.407,-0.083,0.639,0.0,-6.157,-10.38,-10.77,-10.82,-10.45,-10.39,-10.61,-129.6,-10.48,-10.11,0.017,-0.004,-0.006,-0.005,-0.004,0.004,-0.003,-0.001,6472.0,9103.0,9059.0,9238.0,7861.0,7836.0,6348.0,0.0,0.0,0.0,0.0,0.0,0.0,0.0,0.0,3.786,0.0,60.15,0.0,0.0,0.0,0.0,16.0,0.0,0.0,0.0,0.0,0.0,-8.349999999999998,-8.519999999999998,0.0,-10.41,304.6,23.13,3.167,3.472,-1.0,1.997,4.7,4901
2016-01-20 04:10:00,0.0,0.0,0.0,1067290.0,62.9,59.9,60.0,0.0,40789.0,507.0,93035.0,1024949.0,0.0,1.0,0.0,0.0,0.0,274.3,273.4,275.2,0.772,271.0,0.531,270.0,0.842,272.1,0.002,14.07,1.0,3.0,0.0,-7.106,0.0,20.53,7.152,0.0,-0.0299999999999999,-0.017,-0.017,-0.407,-0.07,0.7390000000000001,0.0,-6.157,-10.38,-10.77,-10.9,-10.46,-10.45,-10.69,-150.0,-10.48,-10.1,0.025,-0.005,-0.006,-0.005,-0.004,0.004,-0.002,-0.002,6472.0,9103.0,9059.0,9238.0,7861.0,7836.0,6348.0,0.0,0.0,0.0,0.0,0.0,0.0,0.0,0.0,3.785,0.0,60.13,0.0,0.0,0.0,0.0,16.0,0.0,0.0,0.0,0.0,0.0,-8.29,-8.55,0.0,-10.45,309.0,14.46,3.5,3.473,-1.0,2.515,3.9,4901
2016-01-20 04:11:00,0.0,0.0,0.0,1067290.0,62.9,59.9,60.0,0.0,40789.0,507.0,93035.0,1024949.0,0.0,1.0,0.0,0.0,0.0,274.2,273.3,275.1,0.772,270.4,0.531,270.0,0.842,272.0,0.002,14.07,1.0,3.0,0.0,-7.106,0.0,20.57,7.151,0.0,-0.027,-0.017,-0.017,-0.407,-0.1,0.639,0.0,-6.157,-10.42,-10.77,-10.85,-10.48,-10.48,-10.69,-150.7,-10.48,-10.11,0.019,-0.004,-0.006,-0.005,-0.004,0.004,-0.002,-0.001,6472.0,9103.0,9059.0,9238.0,7861.0,7836.0,6348.0,0.0,0.0,0.0,0.0,0.0,0.0,0.0,0.0,3.786,0.0,60.22,0.0,0.0,0.0,0.0,16.0,0.0,0.0,0.0,0.0,0.0,-8.279999999999998,-8.529999999999998,0.0,-10.43,321.0,14.11,3.167,3.473,-1.0,2.443,4.2,4901
2016-01-20 04:12:00,0.0,0.0,0.0,1067290.0,62.9,59.9,60.0,0.0,40789.0,507.0,93035.0,1024949.0,0.0,1.0,0.0,0.0,0.0,274.5,273.3,275.0,0.772,270.5,0.531,270.0,0.842,272.0,0.002,14.07,1.0,3.0,0.0,-7.122999999999999,0.0,20.57,7.176,0.0,-0.027,-0.017,-0.017,-0.407,-0.093,0.784,0.0,-6.157,-10.4,-10.81,-10.91,-10.56,-10.48,-10.77,-125.1,-10.58,-10.12,0.023,-0.004,-0.006,-0.006,-0.004,0.004,-0.002,-0.001,6472.0,9103.0,9059.0,9238.0,7861.0,7836.0,6348.0,0.0,0.0,0.0,0.0,0.0,0.0,0.0,0.0,3.786,0.0,60.22,0.0,0.0,0.0,0.0,16.0,0.0,0.0,0.0,0.0,0.0,-8.29,-8.5,0.0,-10.41,298.0,20.86,3.667,3.472,-1.0,2.73,5.1,4901
2016-01-20 04:13:00,0.0,0.0,0.0,1067290.0,62.9,59.9,60.0,0.0,40789.0,507.0,93035.0,1024949.0,0.0,1.0,0.0,0.0,0.0,274.3,273.4,275.1,0.772,270.9,0.531,270.0,0.842,272.0,0.002,14.07,1.0,3.0,0.0,-7.127999999999999,0.0,20.68,7.163,0.0,-0.024,-0.017,-0.017,-0.407,-0.106,0.7409999999999999,0.0,-6.157,-10.3,-10.74,-10.85,-10.51,-10.43,-10.67,-150.5,-10.53,-10.01,0.0149999999999999,-0.004,-0.006,-0.006,-0.004,0.004,-0.002,-0.002,6472.0,9103.0,9059.0,9238.0,7861.0,7836.0,6348.0,0.0,0.0,0.0,0.0,0.0,0.0,0.0,0.0,3.786,0.0,60.17,0.0,0.0,0.0,0.0,16.0,0.0,0.0,0.0,0.0,0.0,-8.24,-8.39,0.0,-10.24,297.3,19.2,3.5,3.473,-1.0,3.672,5.7,4901
2016-01-20 04:14:00,0.0,0.0,0.0,1067290.0,62.9,59.9,60.0,0.0,40789.0,507.0,93035.0,1024949.0,0.0,1.0,0.0,0.0,0.0,274.1,273.5,275.2,0.772,271.0,0.531,270.0,0.842,272.0,0.002,14.07,1.0,3.0,0.0,-7.127999999999999,0.0,20.66,7.153,0.0,-0.023,-0.017,-0.017,-0.407,-0.0869999999999999,0.777,0.0,-6.157,-10.14,-10.58,-10.69,-10.38,-10.29,-10.56,-150.3,-10.42,-9.91,0.01,-0.004,-0.006,-0.005,-0.004,0.004,-0.002,-0.001,6472.0,9103.0,9059.0,9238.0,7861.0,7836.0,6348.0,0.0,0.0,0.0,0.0,0.0,0.0,0.0,0.0,3.786,0.0,60.15,0.0,0.0,0.0,0.0,16.0,0.0,0.0,0.0,0.0,0.0,-8.3,-8.3,0.0,-10.11,302.8,17.16,3.5,3.473,-1.0,2.34,4.0,4901
2016-01-20 04:15:00,0.0,0.0,0.0,1067290.0,62.9,59.9,60.0,0.0,40789.0,507.0,93035.0,1024949.0,0.0,1.0,0.0,0.0,0.0,274.2,273.4,275.1,0.772,271.0,0.531,270.0,0.842,272.0,0.002,14.07,1.0,3.0,0.0,-7.127999999999999,0.0,20.69,7.156000000000001,0.0,-0.023,-0.017,-0.017,-0.407,-0.104,0.785,0.0,-6.157,-10.11,-10.58,-10.69,-10.37,-10.29,-10.56,-150.0,-10.47,-9.99,0.0139999999999999,-0.004,-0.006,-0.005,-0.004,0.004,-0.002,-0.001,6472.0,9103.0,9059.0,9238.0,7861.0,7836.0,6348.0,0.0,0.0,0.0,0.0,0.0,0.0,0.0,0.0,3.784,0.0,60.14,0.0,0.0,0.0,0.0,16.0,0.0,0.0,0.0,0.0,0.0,-8.29,-8.4,0.0,-10.16,314.3,17.59,3.5,3.473,-1.0,1.925,2.5,4901
2016-01-20 04:16:00,0.0,0.0,0.0,1067290.0,62.9,59.9,60.0,0.0,40789.0,507.0,93035.0,1024949.0,0.0,1.0,0.0,0.0,0.0,274.9,274.0,275.7,0.772,271.0,0.531,270.9,0.842,272.9,0.002,14.07,1.0,3.0,0.0,-7.127999999999999,0.0,20.7,7.154,0.0,-0.023,-0.017,-0.017,-0.407,-0.085,0.645,0.0,-6.157,-10.19,-10.61,-10.83,-10.45,-10.35,-10.61,-125.0,-10.52,-10.04,0.023,-0.004,-0.005,-0.006,-0.004,0.004,-0.003,-0.001,6472.0,9103.0,9059.0,9238.0,7861.0,7836.0,6348.0,0.0,0.0,0.0,0.0,0.0,0.0,0.0,0.0,3.772,0.0,60.14,0.0,0.0,0.0,0.0,16.0,0.0,0.0,0.0,0.0,0.0,-8.32,-8.5,0.0,-10.26,321.7,11.31,3.167,3.472,-1.0,2.452,5.0,4901
2016-01-20 04:17:00,0.0,0.0,0.0,1067290.0,62.9,59.9,60.0,0.0,40789.0,507.0,93035.0,1024949.0,0.0,1.0,0.0,0.0,0.0,275.0,274.2,275.9,0.772,271.0,0.531,271.0,0.842,273.0,0.002,14.07,1.0,3.0,0.0,-7.127999999999999,0.0,20.73,7.155,0.0,-0.023,-0.017,-0.017,-0.407,-0.0759999999999999,0.7340000000000001,0.0,-6.174,-10.34,-10.75,-10.84,-10.53,-10.44,-10.69,-129.4,-10.58,-10.02,0.011,-0.005,-0.005,-0.005,-0.003,0.004,-0.002,-0.002,6472.0,9103.0,9059.0,9238.0,7861.0,7836.0,6348.0,0.0,0.0,0.0,0.0,0.0,0.0,0.0,0.0,3.756,0.0,60.15,0.0,0.0,0.0,0.0,16.0,0.0,0.0,0.0,0.0,0.0,-8.31,-8.57,0.0,-10.41,313.5,21.26,3.333,3.473,-1.0,2.167,3.9,4901
2016-01-20 04:18:00,0.0,0.0,0.0,1067290.0,62.9,59.9,60.0,0.0,40789.0,507.0,93035.0,1024949.0,0.0,1.0,0.0,0.0,0.0,275.1,274.1,275.8,0.772,271.0,0.531,271.0,0.842,273.0,0.002,14.07,1.0,3.0,0.0,-7.127999999999999,0.0,20.57,7.156000000000001,0.0,-0.023,-0.017,-0.017,-0.407,-0.085,0.785,0.0,-6.157,-10.38,-10.77,-10.85,-10.56,-10.42,-10.69,-150.3,-10.58,-10.02,0.018,-0.005,-0.006,-0.005,-0.005,0.003,-0.002,0.0,6472.0,9103.0,9059.0,9238.0,7861.0,7836.0,6348.0,0.0,0.0,0.0,0.0,0.0,0.0,0.0,0.0,3.766,0.0,60.22,0.0,0.0,0.0,0.0,16.0,0.0,0.0,0.0,0.0,0.0,-8.29,-8.54,0.0,-10.41,315.5,16.49,3.833,3.473,-1.0,3.015,4.6,4901
2016-01-20 04:19:00,0.0,0.0,0.0,1067290.0,62.9,59.9,60.0,0.0,40789.0,507.0,93035.0,1024949.0,0.0,1.0,0.0,0.0,0.0,275.1,274.1,275.8,0.772,271.0,0.531,271.0,0.842,273.0,0.002,14.07,2.0,3.0,0.0,-7.129,0.0,20.61,7.149,0.0,-0.023,-0.017,-0.017,-0.407,-0.0909999999999999,0.5949999999999999,0.0,-6.171,-10.43,-10.77,-10.85,-10.58,-10.48,-10.72,-150.3,-10.58,-10.01,0.022,-0.004,-0.006,-0.006,-0.004,0.005,-0.001,-0.001,6472.0,9103.0,9059.0,9238.0,7861.0,7836.0,6348.0,0.0,0.0,0.0,0.0,0.0,0.0,0.0,0.0,3.765,0.0,60.15,0.0,0.0,0.0,0.0,16.0,0.0,0.0,0.0,0.0,0.0,-8.269999999999998,-8.529999999999998,0.0,-10.45,317.5,15.22,3.0,3.472,-1.0,2.878,4.5,4901
2016-01-20 04:20:00,0.0,0.0,0.0,1067290.0,62.9,59.9,60.0,0.0,40789.0,507.0,93035.0,1024949.0,0.0,1.0,0.0,0.0,0.0,275.2,274.1,275.9,0.772,271.1,0.531,271.0,0.842,273.0,0.002,14.07,1.0,3.0,0.0,-7.145,0.0,20.48,7.158,0.0,-0.023,-0.017,-0.017,-0.407,-0.0909999999999999,0.7929999999999999,0.0,-6.238,-10.46,-10.77,-10.88,-10.54,-10.48,-10.78,-150.5,-10.58,-10.04,0.024,-0.004,-0.006,-0.006,-0.004,0.005,-0.001,-0.002,6472.0,9103.0,9059.0,9238.0,7861.0,7836.0,6348.0,0.0,0.0,0.0,0.0,0.0,0.0,0.0,0.0,3.769,0.0,60.16,0.0,0.0,0.0,0.0,16.0,0.0,0.0,0.0,0.0,0.0,-8.279999999999998,-8.5,0.0,-10.45,305.8,15.35,3.833,3.472,-1.0,2.712,4.9,4901
2016-01-20 04:21:00,0.0,0.0,0.0,1067290.0,62.9,59.9,60.0,0.0,40789.0,507.0,93035.0,1024949.0,0.0,1.0,0.0,0.0,0.0,275.2,274.2,275.9,0.772,271.1,0.531,271.0,0.842,273.0,0.002,14.07,1.0,3.0,0.0,-7.15,0.0,20.62,7.156000000000001,0.0,-0.023,-0.017,-0.017,-0.407,-0.098,0.7759999999999999,0.0,-6.221,-10.4,-10.77,-10.87,-10.58,-10.48,-10.78,-150.0,-10.59,-10.04,0.0149999999999999,-0.004,-0.0069999999999999,-0.005,-0.004,0.004,-0.002,-0.001,6472.0,9103.0,9059.0,9238.0,7861.0,7836.0,6348.0,0.0,0.0,0.0,0.0,0.0,0.0,0.0,0.0,3.732,0.0,60.22,0.0,0.0,0.0,0.0,16.0,0.0,0.0,0.0,0.0,0.0,-8.31,-8.48,0.0,-10.46,300.9,16.29,3.5,3.473,-1.0,1.902,2.6,4901
2016-01-20 04:22:00,0.0,0.0,0.0,1067290.0,62.9,59.9,60.0,0.0,40789.0,507.0,93035.0,1024949.0,0.0,1.0,0.0,0.0,0.0,275.1,274.1,275.9,0.772,271.0,0.531,271.0,0.842,273.0,0.002,14.07,1.0,3.0,0.0,-7.151,0.0,20.58,7.151,0.0,-0.025,-0.017,-0.017,-0.407,-0.1019999999999999,0.784,0.0,-6.252999999999999,-10.48,-10.85,-10.9,-10.59,-10.52,-10.78,-103.7,-10.68,-10.13,0.025,-0.004,-0.005,-0.005,-0.004,0.005,-0.002,-0.001,6472.0,9103.0,9059.0,9238.0,7861.0,7836.0,6348.0,0.0,0.0,0.0,0.0,0.0,0.0,0.0,0.0,3.671,0.0,60.23,0.0,0.0,0.0,0.0,16.0,0.0,0.0,0.0,0.0,0.0,-8.34,-8.5,0.0,-10.52,322.3,16.42,3.5,3.473,-1.0,1.723,2.8,4901
2016-01-20 04:23:00,0.0,0.0,0.0,1067290.0,62.9,59.9,60.0,0.0,40789.0,507.0,93035.0,1024949.0,0.0,1.0,0.0,0.0,0.0,275.0,274.0,275.8,0.772,271.0,0.531,271.0,0.842,273.0,0.002,14.07,1.0,3.0,0.0,-7.151,0.0,20.63,7.155,0.0,-0.027,-0.017,-0.017,-0.407,-0.085,0.6019999999999999,0.0,-6.252999999999999,-10.58,-10.94,-11.03,-10.7,-10.63,-10.89,-128.8,-10.69,-10.21,0.0139999999999999,-0.004,-0.006,-0.005,-0.004,0.004,-0.002,-0.002,6472.0,9103.0,9059.0,9238.0,7861.0,7836.0,6348.0,0.0,0.0,0.0,0.0,0.0,0.0,0.0,0.0,3.662,0.0,60.22,0.0,0.0,0.0,0.0,16.0,0.0,0.0,0.0,0.0,0.0,-8.39,-8.57,0.0,-10.56,305.3,14.54,3.0,3.473,-1.0,2.03,3.5,4901
2016-01-20 04:24:00,0.0,0.0,0.0,1067290.0,62.9,59.9,60.0,0.0,40789.0,507.0,93035.0,1024949.0,0.0,1.0,0.0,0.0,0.0,275.1,273.9,275.7,0.772,271.0,0.531,271.0,0.842,273.0,0.002,14.07,1.0,3.0,0.0,-7.151,0.0,20.54,7.155,0.0,-0.0289999999999999,-0.017,-0.017,-0.407,-0.095,0.7759999999999999,0.0,-6.252999999999999,-10.58,-10.96,-11.04,-10.74,-10.68,-10.93,-124.8,-10.75,-10.22,0.019,-0.004,-0.006,-0.005,-0.004,0.004,-0.001,-0.001,6472.0,9103.0,9059.0,9238.0,7861.0,7836.0,6348.0,0.0,0.0,0.0,0.0,0.0,0.0,0.0,0.0,3.658,0.0,60.22,0.0,0.0,0.0,0.0,16.0,0.0,0.0,0.0,0.0,0.0,-8.359999999999998,-8.599999999999998,0.0,-10.56,309.5,14.67,3.833,3.473,-1.0,3.323,4.9,4901
2016-01-20 04:25:00,0.0,0.0,0.0,1067290.0,62.9,59.9,60.0,0.0,40789.0,507.0,93035.0,1024949.0,0.0,1.0,0.0,0.0,0.0,275.0,273.9,275.5,0.772,271.0,0.531,271.0,0.842,273.0,0.002,14.07,1.0,3.0,0.0,-7.151,0.0,20.55,7.151,0.0,-0.026,-0.017,-0.017,-0.407,-0.078,0.794,0.0,-6.252999999999999,-10.58,-10.94,-10.93,-10.59,-10.58,-10.86,-150.2,-10.68,-10.16,0.024,-0.004,-0.006,-0.005,-0.004,0.004,-0.002,-0.002,6472.0,9103.0,9059.0,9238.0,7861.0,7836.0,6348.0,0.0,0.0,0.0,0.0,0.0,0.0,0.0,0.0,3.651,0.0,60.23,0.0,0.0,0.0,0.0,16.0,0.0,0.0,0.0,0.0,0.0,-8.269999999999998,-8.59,0.0,-10.58,315.3,13.69,3.5,3.473,-1.0,3.838,5.6,4901
2016-01-20 04:26:00,0.0,0.0,0.0,1067290.0,62.9,59.9,60.0,0.0,40789.0,507.0,93035.0,1024949.0,0.0,1.0,0.0,0.0,0.0,274.9,274.2,275.7,0.772,271.0,0.531,271.0,0.842,273.0,0.002,14.07,1.0,3.0,0.0,-7.151,0.0,20.67,7.1610000000000005,0.0,-0.023,-0.017,-0.017,-0.407,-0.104,0.6409999999999999,0.0,-6.252999999999999,-10.59,-10.94,-10.93,-10.61,-10.58,-10.85,-150.4,-10.64,-10.02,0.022,-0.005,-0.0069999999999999,-0.005,-0.005,0.004,-0.002,-0.001,6472.0,9103.0,9059.0,9238.0,7861.0,7836.0,6348.0,0.0,0.0,0.0,0.0,0.0,0.0,0.0,0.0,3.693,0.0,60.2,0.0,0.0,0.0,0.0,16.0,0.0,0.0,0.0,0.0,0.0,-8.279999999999998,-8.63,0.0,-10.65,309.1,18.69,3.167,3.472,-1.0,3.12,5.2,4901
2016-01-20 04:27:00,0.0,0.0,0.0,1067290.0,62.9,59.9,60.0,0.0,40789.0,507.0,93035.0,1024949.0,0.0,1.0,0.0,0.0,0.0,274.7,274.2,275.8,0.772,271.0,0.531,271.0,0.842,273.0,0.002,14.07,1.0,3.0,0.0,-7.163,0.0,20.56,7.149,0.0,-0.023,-0.017,-0.017,-0.407,-0.085,0.7399999999999999,0.0,-6.252999999999999,-10.69,-11.02,-10.96,-10.65,-10.58,-10.88,-103.8,-10.68,-10.02,0.017,-0.004,-0.006,-0.005,-0.004,0.004,-0.001,-0.001,6472.0,9103.0,9059.0,9238.0,7861.0,7836.0,6348.0,0.0,0.0,0.0,0.0,0.0,0.0,0.0,0.0,3.671,0.0,60.22,0.0,0.0,0.0,0.0,16.0,0.0,0.0,0.0,0.0,0.0,-8.29,-8.66,0.0,-10.72,312.3,15.87,3.333,3.472,-1.0,2.88,4.9,4901
2016-01-20 04:28:00,0.0,0.0,0.0,1067290.0,62.9,59.9,60.0,0.0,40789.0,507.0,93035.0,1024949.0,0.0,1.0,0.0,0.0,0.0,274.6,274.3,275.8,0.772,271.0,0.531,271.0,0.842,273.0,0.002,14.07,1.0,3.0,0.0,-7.171,0.0,20.6,7.149,0.0,-0.023,-0.017,-0.017,-0.407,-0.093,0.814,0.0,-6.252999999999999,-10.72,-10.99,-10.87,-10.65,-10.58,-10.86,-149.9,-10.66,-10.01,0.017,-0.004,-0.006,-0.006,-0.004,0.003,-0.002,-0.001,6472.0,9103.0,9059.0,9238.0,7861.0,7836.0,6348.0,0.0,0.0,0.0,0.0,0.0,0.0,0.0,0.0,3.666,0.0,60.2,0.0,0.0,0.0,0.0,16.0,0.0,0.0,0.0,0.0,0.0,-8.269999999999998,-8.66,0.0,-10.74,322.4,9.14,3.667,3.472,-1.0,3.495,5.7,4901
2016-01-20 04:29:00,0.0,0.0,0.0,1067290.0,62.9,59.9,60.0,0.0,40789.0,507.0,93035.0,1024949.0,0.0,1.0,0.0,0.0,0.0,275.0,274.1,275.6,0.772,271.0,0.531,271.0,0.842,273.0,0.002,14.07,1.0,3.0,0.0,-7.171,0.0,20.73,7.149,0.0,-0.023,-0.017,-0.017,-0.407,-0.0909999999999999,0.7349999999999999,0.0,-6.252999999999999,-10.72,-10.99,-10.87,-10.59,-10.56,-10.83,-149.9,-10.59,-10.01,0.024,-0.004,-0.006,-0.005,-0.004,0.005,-0.002,-0.001,6472.0,9103.0,9059.0,9238.0,7861.0,7836.0,6348.0,0.0,0.0,0.0,0.0,0.0,0.0,0.0,0.0,3.664,0.0,60.15,0.0,0.0,0.0,0.0,16.0,0.0,0.0,0.0,0.0,0.0,-8.269999999999998,-8.689999999999998,0.0,-10.71,302.3,15.47,3.333,3.472,-1.0,3.192,5.1,4901
2016-01-20 04:30:00,0.0,0.0,0.0,1067290.0,62.9,59.9,60.0,0.0,40789.0,507.0,93035.0,1024949.0,0.0,1.0,0.0,0.0,0.0,274.9,274.0,275.6,0.772,271.0,0.531,271.0,0.842,273.0,0.002,14.07,1.0,3.0,0.0,-7.171,0.0,20.54,7.156000000000001,0.0,-0.023,-0.016,-0.017,-0.407,-0.085,0.634,0.0,-6.252999999999999,-10.64,-10.94,-10.87,-10.54,-10.48,-10.78,-129.2,-10.58,-9.95,0.02,-0.004,-0.006,-0.004,-0.004,0.004,-0.002,-0.001,6472.0,9103.0,9059.0,9238.0,7861.0,7836.0,6348.0,0.0,0.0,0.0,0.0,0.0,0.0,0.0,0.0,3.651,0.0,60.2,0.0,0.0,0.0,0.0,16.0,0.0,0.0,0.0,0.0,0.0,-8.29,-8.62,0.0,-10.61,300.8,18.65,3.167,3.473,-1.0,2.647,5.1,4901
2016-01-20 04:31:00,0.0,0.0,0.0,1067290.0,62.9,59.9,60.0,0.0,40789.0,507.0,93035.0,1024949.0,0.0,1.0,0.0,0.0,0.0,274.8,274.1,275.6,0.772,271.0,0.531,271.0,0.842,273.0,0.002,14.07,1.0,3.0,0.0,-7.171,0.0,20.6,7.153,0.0,-0.023,-0.017,-0.017,-0.407,-0.093,0.928,0.0,-6.252999999999999,-10.58,-10.91,-10.85,-10.53,-10.48,-10.78,-129.1,-10.52,-10.02,0.023,-0.005,-0.006,-0.005,-0.004,0.004,-0.002,-0.002,6472.0,9103.0,9059.0,9238.0,7861.0,7836.0,6348.0,0.0,0.0,0.0,0.0,0.0,0.0,0.0,0.0,3.715,0.0,60.15,0.0,0.0,0.0,0.0,16.0,0.0,0.0,0.0,0.0,0.0,-8.37,-8.58,0.0,-10.56,305.1,13.11,3.833,3.473,-1.0,2.503,3.7,4901
2016-01-20 04:32:00,0.0,0.0,0.0,1067290.0,62.9,59.9,60.0,0.0,40789.0,507.0,93035.0,1024949.0,0.0,1.0,0.0,0.0,0.0,275.0,274.2,275.8,0.772,271.0,0.531,271.0,0.842,273.0,0.002,14.07,1.0,3.0,0.0,-7.186,0.0,20.49,7.152,0.0,-0.023,-0.017,-0.017,-0.407,-0.1019999999999999,0.6029999999999999,0.0,-6.252999999999999,-10.56,-10.93,-10.87,-10.53,-10.48,-10.78,-129.2,-10.6,-10.07,0.013,-0.004,-0.006,-0.005,-0.004,0.004,-0.002,-0.001,6472.0,9103.0,9059.0,9238.0,7861.0,7836.0,6348.0,0.0,0.0,0.0,0.0,0.0,0.0,0.0,0.0,3.758,0.0,60.14,0.0,0.0,0.0,0.0,16.0,0.0,0.0,0.0,0.0,0.0,-8.42,-8.62,0.0,-10.56,321.8,11.53,3.0,3.472,-1.0,2.037,3.4,4901
2016-01-20 04:33:00,0.0,0.0,0.0,1067290.0,62.9,59.9,60.0,0.0,40789.0,507.0,93035.0,1024949.0,0.0,1.0,0.0,0.0,0.0,274.9,274.3,276.0,0.772,271.0,0.531,271.0,0.842,273.0,0.002,14.07,1.0,3.0,0.0,-7.194,0.0,20.7,7.159,0.0,-0.023,-0.017,-0.017,-0.407,-0.0909999999999999,0.823,0.0,-6.252999999999999,-10.58,-10.96,-10.92,-10.56,-10.53,-10.82,-124.6,-10.66,-10.08,0.018,-0.004,-0.0069999999999999,-0.006,-0.004,0.004,-0.002,-0.002,6472.0,9103.0,9059.0,9238.0,7861.0,7836.0,6348.0,0.0,0.0,0.0,0.0,0.0,0.0,0.0,0.0,3.745,0.0,60.14,0.0,0.0,0.0,0.0,16.0,0.0,0.0,0.0,0.0,0.0,-8.349999999999998,-8.679999999999998,0.0,-10.6,305.6,12.01,3.667,3.473,-1.0,4.107,5.9,4901
2016-01-20 04:34:00,0.0,0.0,0.0,1067290.0,62.9,59.9,60.0,0.0,40789.0,507.0,93035.0,1024949.0,0.0,1.0,0.0,0.0,0.0,275.1,274.1,275.8,0.772,271.0,0.531,271.0,0.842,273.0,0.002,14.07,1.0,3.0,0.0,-7.194,0.0,20.75,7.157,0.0,-0.023,-0.017,-0.017,-0.407,-0.1,0.5949999999999999,0.0,-6.252999999999999,-10.58,-10.96,-10.87,-10.51,-10.48,-10.78,-150.0,-10.58,-10.01,0.024,-0.005,-0.006,-0.005,-0.004,0.004,-0.002,-0.002,6472.0,9103.0,9059.0,9238.0,7861.0,7836.0,6348.0,0.0,0.0,0.0,0.0,0.0,0.0,0.0,0.0,3.764,0.0,60.13,0.0,0.0,0.0,0.0,16.0,0.0,0.0,0.0,0.0,0.0,-8.3,-8.62,0.0,-10.57,300.2,12.3,3.0,3.472,-1.0,3.215,4.9,4901
2016-01-20 04:35:00,0.0,0.0,0.0,1067290.0,62.9,59.9,60.0,0.0,40789.0,507.0,93035.0,1024949.0,0.0,1.0,0.0,0.0,0.0,275.1,274.1,275.8,0.772,271.0,0.531,271.0,0.842,273.0,0.002,14.08,1.0,3.0,0.0,-7.194,0.0,20.65,7.156000000000001,0.0,-0.023,-0.017,-0.017,-0.407,-0.0869999999999999,0.938,0.0,-6.252999999999999,-10.58,-10.94,-10.92,-10.6,-10.5,-10.8,-149.9,-10.63,-10.03,0.017,-0.005,-0.006,-0.005,-0.004,0.004,-0.003,-0.001,6472.0,9103.0,9059.0,9238.0,7861.0,7836.0,6348.0,0.0,0.0,0.0,0.0,0.0,0.0,0.0,0.0,3.729,0.0,60.14,0.0,0.0,0.0,0.0,16.0,0.0,0.0,0.0,0.0,0.0,-8.32,-8.64,0.0,-10.58,313.1,14.32,4.0,3.472,-1.0,2.372,3.8,4901
2016-01-20 04:36:00,0.0,0.0,0.0,1067290.0,62.9,59.9,60.0,0.0,40789.0,507.0,93035.0,1024949.0,0.0,1.0,0.0,0.0,0.0,275.0,274.2,275.9,0.772,271.0,0.531,271.0,0.842,273.0,0.001,14.07,1.0,3.0,0.0,-7.194,0.0,20.69,7.157,0.0,-0.023,-0.017,-0.017,-0.407,-0.0909999999999999,0.632,0.0,-6.288,-10.58,-10.98,-11.04,-10.69,-10.61,-10.9,-124.4,-10.68,-10.02,0.022,-0.005,-0.006,-0.005,-0.004,0.004,-0.001,-0.001,6472.0,9103.0,9059.0,9238.0,7861.0,7836.0,6348.0,0.0,0.0,0.0,0.0,0.0,0.0,0.0,0.0,3.783,0.0,60.14,0.0,0.0,0.0,0.0,16.0,0.0,0.0,0.0,0.0,0.0,-8.38,-8.66,0.0,-10.6,302.3,27.99,3.167,3.472,-1.0,2.223,3.5,4901
2016-01-20 04:37:00,0.0,0.0,0.0,1067290.0,62.9,59.9,60.0,0.0,40789.0,507.0,93035.0,1024949.0,0.0,1.0,0.0,0.0,0.0,275.2,274.2,275.9,0.772,271.0,0.531,271.0,0.842,273.0,0.002,14.07,1.0,3.0,0.0,-7.194,0.0,20.65,7.157,0.0,-0.023,-0.017,-0.017,-0.407,-0.081,0.7390000000000001,0.0,-6.317,-10.58,-10.96,-11.06,-10.7,-10.63,-10.93,-149.8,-10.68,-10.13,0.017,-0.004,-0.006,-0.005,-0.004,0.004,-0.003,-0.002,6472.0,9103.0,9059.0,9238.0,7861.0,7836.0,6348.0,0.0,0.0,0.0,0.0,0.0,0.0,0.0,0.0,3.786,0.0,60.13,0.0,0.0,0.0,0.0,16.0,0.0,0.0,0.0,0.0,0.0,-8.359999999999998,-8.599999999999998,0.0,-10.57,292.8,12.87,3.333,3.473,-1.0,2.418,4.4,4901
2016-01-20 04:38:00,0.0,0.0,0.0,1067290.0,62.9,59.9,60.0,0.0,40789.0,507.0,93035.0,1024949.0,0.0,1.0,0.0,0.0,0.0,274.8,274.3,276.0,0.772,271.0,0.531,271.0,0.842,273.0,0.002,14.07,1.0,3.0,0.0,-7.196000000000001,0.0,20.73,7.166,0.0,-0.025,-0.017,-0.017,-0.407,-0.085,0.7929999999999999,0.0,-6.349,-10.58,-11.01,-11.06,-10.71,-10.68,-10.98,-129.3,-10.74,-10.17,0.027,-0.004,-0.006,-0.005,-0.004,0.003,-0.003,-0.001,6472.0,9103.0,9059.0,9238.0,7861.0,7836.0,6348.0,0.0,0.0,0.0,0.0,0.0,0.0,0.0,0.0,3.781,0.0,60.18,0.0,0.0,0.0,0.0,16.0,0.0,0.0,0.0,0.0,0.0,-8.41,-8.62,0.0,-10.64,291.0,24.93,3.833,3.472,-1.0,1.467,2.8,4901
2016-01-20 04:39:00,0.0,0.0,0.0,1067290.0,62.9,59.9,60.0,0.0,40789.0,507.0,93035.0,1024949.0,0.0,1.0,0.0,0.0,0.0,275.3,274.0,275.8,0.772,271.0,0.531,271.0,0.842,273.0,0.001,14.03,1.0,3.0,0.0,-7.212999999999998,0.0,20.55,7.175,0.0,-0.0279999999999999,-0.017,-0.017,-0.377,-0.104,0.631,0.0,-6.317,-10.58,-10.96,-11.14,-10.72,-10.68,-10.98,-140.3,-10.85,-10.28,0.013,-0.005,-0.006,-0.006,-0.004,0.005,-0.002,-0.002,6472.0,9103.0,9059.0,9238.0,7861.0,7836.0,6348.0,0.0,0.0,0.0,0.0,0.0,0.0,0.0,0.0,3.785,0.0,60.22,0.0,0.0,0.0,0.0,16.0,0.0,0.0,0.0,0.0,0.0,-8.449999999999998,-8.59,0.0,-10.61,294.3,39.72,3.167,3.472,-1.0,1.392,3.8,4901
2016-01-20 04:40:00,0.0,0.0,0.0,1067290.0,62.9,59.9,60.0,0.0,40789.0,507.0,93035.0,1024949.0,0.0,1.0,0.0,0.0,0.0,275.2,274.0,275.7,0.772,271.0,0.531,271.0,0.842,273.0,0.003,14.03,1.0,3.0,0.0,-7.216,0.0,20.56,7.157,0.0,-0.0299999999999999,-0.017,-0.017,-0.407,-0.104,0.748,0.0,-6.317,-10.56,-10.96,-11.07,-10.67,-10.66,-10.98,-124.9,-10.8,-10.31,0.023,-0.004,-0.005,-0.005,-0.005,0.004,-0.002,-0.001,6472.0,9103.0,9059.0,9238.0,7861.0,7836.0,6348.0,0.0,0.0,0.0,0.0,0.0,0.0,0.0,0.0,3.786,0.0,60.23,0.0,0.0,0.0,0.0,16.0,0.0,0.0,0.0,0.0,0.0,-8.41,-8.54,0.0,-10.53,293.8,39.4,3.5,3.473,-1.0,2.15,6.9,4901
2016-01-20 04:41:00,0.0,0.0,0.0,1067290.0,62.9,59.9,60.0,0.0,40789.0,507.0,93035.0,1024949.0,0.0,1.0,0.0,0.0,0.0,275.4,274.1,275.8,0.772,271.5,0.531,271.0,0.842,273.0,0.002,14.07,1.0,3.0,0.0,-7.216,0.0,20.52,7.163,0.0,-0.027,-0.017,-0.017,-0.407,-0.093,0.63,0.0,-6.349,-10.54,-10.93,-11.06,-10.63,-10.58,-10.93,-129.2,-10.69,-10.28,0.02,-0.005,-0.006,-0.006,-0.004,0.005,-0.001,-0.001,6472.0,9103.0,9059.0,9238.0,7861.0,7836.0,6348.0,0.0,0.0,0.0,0.0,0.0,0.0,0.0,0.0,3.786,0.0,60.22,0.0,0.0,0.0,0.0,16.0,0.0,0.0,0.0,0.0,0.0,-8.38,-8.55,0.0,-10.54,307.5,20.72,3.167,3.472,-1.0,2.317,3.8,4901
2016-01-20 04:42:00,0.0,0.0,0.0,1067290.0,62.9,59.9,60.0,0.0,40789.0,507.0,93035.0,1024949.0,0.0,1.0,0.0,0.0,0.0,275.5,274.5,276.2,0.772,272.0,0.531,271.5,0.842,273.5,0.002,14.07,1.0,3.0,0.0,-7.216,0.0,20.62,7.159,0.0,-0.027,-0.017,-0.017,-0.407,-0.0869999999999999,0.785,0.0,-6.331,-10.58,-10.96,-11.06,-10.59,-10.61,-10.93,-129.1,-10.72,-10.22,0.01,-0.004,-0.0069999999999999,-0.006,-0.006,0.005,-0.002,-0.001,6472.0,9103.0,9059.0,9238.0,7861.0,7836.0,6348.0,0.0,0.0,0.0,0.0,0.0,0.0,0.0,0.0,3.786,0.0,60.23,0.0,0.0,0.0,0.0,16.0,0.0,0.0,0.0,0.0,0.0,-8.33,-8.59,0.0,-10.58,313.6,14.57,3.5,3.472,-1.0,2.432,4.5,4901
2016-01-20 04:43:00,0.0,0.0,0.0,1067290.0,62.9,59.9,60.0,0.0,40789.0,507.0,93035.0,1024949.0,0.0,1.0,0.0,0.0,0.0,275.3,274.8,276.4,0.772,272.0,0.531,272.0,0.842,274.0,0.002,14.07,1.0,3.0,0.0,-7.217,0.0,20.68,7.153,0.0,-0.025,-0.017,-0.017,-0.407,-0.0909999999999999,0.7959999999999999,0.0,-6.349,-10.64,-11.04,-11.12,-10.74,-10.68,-10.98,-124.7,-10.84,-10.27,0.0139999999999999,-0.005,-0.006,-0.005,-0.004,0.004,-0.002,-0.001,6472.0,9103.0,9059.0,9238.0,7861.0,7836.0,6348.0,0.0,0.0,0.0,0.0,0.0,0.0,0.0,0.0,3.786,0.0,60.19,0.0,0.0,0.0,0.0,16.0,0.0,0.0,0.0,0.0,0.0,-8.349999999999998,-8.64,0.0,-10.67,302.8,19.32,3.5,3.473,-1.0,2.32,4.1,4901
2016-01-20 04:44:00,0.0,0.0,0.0,1067290.0,62.9,59.9,60.0,0.0,40789.0,507.0,93035.0,1024949.0,0.0,1.0,0.0,0.0,0.0,275.3,274.8,276.2,0.772,272.0,0.531,272.0,0.842,273.3,0.002,14.07,1.0,3.0,0.0,-7.232999999999999,0.0,20.77,7.167999999999999,0.0,-0.024,-0.017,-0.017,-0.407,-0.093,0.5939999999999999,0.0,-6.331,-10.7,-11.09,-11.08,-10.69,-10.68,-10.98,-103.6,-10.84,-10.23,0.017,-0.004,-0.006,-0.005,-0.004,0.004,-0.002,-0.003,6472.0,9103.0,9059.0,9238.0,7861.0,7836.0,6348.0,0.0,0.0,0.0,0.0,0.0,0.0,0.0,0.0,3.786,0.0,60.14,0.0,0.0,0.0,0.0,16.0,0.0,0.0,0.0,0.0,0.0,-8.37,-8.66,0.0,-10.75,310.5,26.15,3.0,3.473,-1.0,2.283,3.9,4901
2016-01-20 04:45:00,0.0,0.0,0.0,1067290.0,62.9,59.9,60.0,0.0,40789.0,507.0,93035.0,1024949.0,0.0,1.0,0.0,0.0,0.0,275.5,274.6,276.1,0.772,272.0,0.531,272.0,0.842,273.0,0.001,14.04,1.0,3.0,0.0,-7.239,0.0,20.41,7.151,0.0,-0.024,-0.017,-0.017,-0.3989999999999999,-0.098,0.922,0.0,-6.349,-10.77,-11.15,-11.11,-10.69,-10.69,-10.98,-103.5,-10.87,-10.26,0.02,-0.005,-0.006,-0.006,-0.003,0.004,-0.002,-0.002,6472.0,9103.0,9059.0,9238.0,7861.0,7836.0,6348.0,0.0,0.0,0.0,0.0,0.0,0.0,0.0,0.0,3.786,0.0,60.13,0.0,0.0,0.0,0.0,16.0,0.0,0.0,0.0,0.0,0.0,-8.359999999999998,-8.65,0.0,-10.78,323.2,17.75,4.0,3.473,-1.0,2.397,4.4,4901
2016-01-20 04:46:00,0.0,0.0,0.0,1067290.0,62.9,59.9,60.0,0.0,40789.0,507.0,93035.0,1024949.0,0.0,1.0,0.0,0.0,0.0,275.4,274.4,276.0,0.772,271.1,0.531,271.9,0.842,273.0,0.003,14.04,2.0,3.0,0.0,-7.239,0.0,20.43,7.157,0.0,-0.023,-0.017,-0.017,-0.407,-0.098,0.5939999999999999,0.0,-6.349,-10.77,-11.15,-11.16,-10.71,-10.71,-11.03,-150.7,-10.87,-10.23,0.011,-0.005,-0.006,-0.005,-0.005,0.004,-0.002,-0.001,6472.0,9103.0,9059.0,9238.0,7861.0,7836.0,6348.0,0.0,0.0,0.0,0.0,0.0,0.0,0.0,0.0,3.786,0.0,60.13,0.0,0.0,0.0,0.0,16.0,0.0,0.0,0.0,0.0,0.0,-8.37,-8.66,0.0,-10.82,304.0,14.39,3.0,3.472,-1.0,3.257,4.7,4901
2016-01-20 04:47:00,0.0,0.0,0.0,1067290.0,62.9,59.9,60.0,0.0,40789.0,507.0,93035.0,1024949.0,0.0,1.0,0.0,0.0,0.0,275.1,274.4,275.8,0.772,271.0,0.531,271.0,0.842,273.0,0.002,14.07,1.0,3.0,0.0,-7.239,0.0,20.67,7.1610000000000005,0.0,-0.023,-0.017,-0.017,-0.407,-0.095,0.7929999999999999,0.0,-6.349,-10.77,-11.15,-11.16,-10.71,-10.77,-11.01,-150.6,-10.87,-10.23,0.018,-0.004,-0.006,-0.006,-0.005,0.004,-0.001,-0.002,6472.0,9103.0,9059.0,9238.0,7861.0,7836.0,6348.0,0.0,0.0,0.0,0.0,0.0,0.0,0.0,0.0,3.786,0.0,60.15,0.0,0.0,0.0,0.0,16.0,0.0,0.0,0.0,0.0,0.0,-8.34,-8.71,0.0,-10.84,295.5,20.85,3.833,3.472,-1.0,2.313,3.5,4901
2016-01-20 04:48:00,0.0,0.0,0.0,1067290.0,62.9,59.9,60.0,0.0,40789.0,507.0,93035.0,1024949.0,0.0,1.0,0.0,0.0,0.0,274.8,274.2,275.6,0.772,271.0,0.531,271.0,0.842,273.0,0.002,14.07,1.0,3.0,0.0,-7.239,0.0,20.39,7.1610000000000005,0.0,-0.023,-0.017,-0.017,-0.407,-0.114,0.639,0.0,-6.349,-10.81,-11.18,-11.16,-10.77,-10.77,-11.07,-129.5,-10.87,-10.22,0.018,-0.004,-0.006,-0.006,-0.005,0.004,-0.002,-0.001,6472.0,9103.0,9059.0,9238.0,7861.0,7836.0,6348.0,0.0,0.0,0.0,0.0,0.0,0.0,0.0,0.0,3.786,0.0,60.14,0.0,0.0,0.0,0.0,16.0,0.0,0.0,0.0,0.0,0.0,-8.359999999999998,-8.74,0.0,-10.82,311.5,16.8,3.167,3.473,-1.0,2.112,2.8,4901
2016-01-20 04:49:00,0.0,0.0,0.0,1067290.0,62.9,59.9,60.0,0.0,40789.0,507.0,93035.0,1024949.0,0.0,1.0,0.0,0.0,0.0,274.8,274.1,275.6,0.772,271.0,0.531,271.0,0.842,273.0,0.002,14.07,1.0,3.0,0.0,-7.241,0.0,20.52,7.169,0.0,-0.023,-0.017,-0.017,-0.407,-0.0909999999999999,0.785,0.0,-6.349,-10.77,-11.15,-11.16,-10.78,-10.77,-11.07,-78.29,-10.87,-10.21,0.024,-0.005,-0.006,-0.006,-0.004,0.004,-0.002,-0.001,6472.0,9103.0,9059.0,9238.0,7861.0,7836.0,6348.0,0.0,0.0,0.0,0.0,0.0,0.0,0.0,0.0,3.786,0.0,60.16,0.0,0.0,0.0,0.0,16.0,0.0,0.0,0.0,0.0,0.0,-8.359999999999998,-8.66,0.0,-10.72,298.8,16.62,3.5,3.473,-1.0,2.89,5.0,4901
2016-01-20 04:50:00,0.0,0.0,0.0,1067290.0,62.9,59.9,60.0,0.0,40789.0,507.0,93035.0,1024949.0,0.0,1.0,0.0,0.0,0.0,275.2,273.8,275.3,0.772,271.0,0.531,271.0,0.842,273.0,0.002,14.07,1.0,3.0,0.0,-7.25,0.0,20.45,7.164,0.0,-0.023,-0.017,-0.017,-0.407,-0.1,0.7329999999999999,0.0,-6.349,-10.7,-11.15,-11.09,-10.68,-10.71,-10.99,-150.3,-10.82,-10.22,0.019,-0.005,-0.0069999999999999,-0.005,-0.004,0.004,-0.002,0.0,6472.0,9103.0,9059.0,9238.0,7861.0,7836.0,6348.0,0.0,0.0,0.0,0.0,0.0,0.0,0.0,0.0,3.8,0.0,60.17,0.0,0.0,0.0,0.0,16.0,0.0,0.0,0.0,0.0,0.0,-8.39,-8.67,0.0,-10.69,305.3,20.85,3.333,3.473,-1.0,2.71,5.5,4901
2016-01-20 04:51:00,0.0,0.0,0.0,1067290.0,62.9,59.9,60.0,0.0,40789.0,507.0,93035.0,1024949.0,0.0,1.0,0.0,0.0,0.0,274.5,273.8,275.5,0.772,271.0,0.531,271.0,0.842,273.0,0.002,14.07,1.0,3.0,0.0,-7.261,0.0,20.37,7.178,0.0,-0.023,-0.017,-0.017,-0.407,-0.11,0.785,0.0,-6.349,-10.72,-11.13,-11.06,-10.68,-10.68,-10.99,-82.59999999999998,-10.8,-10.15,0.022,-0.004,-0.006,-0.005,-0.005,0.004,-0.002,-0.001,6472.0,9103.0,9059.0,9238.0,7861.0,7836.0,6348.0,0.0,0.0,0.0,0.0,0.0,0.0,0.0,0.0,3.808,0.0,60.12,0.0,0.0,0.0,0.0,16.0,0.0,0.0,0.0,0.0,0.0,-8.4,-8.699999999999998,0.0,-10.71,314.6,17.9,3.833,3.472,-1.0,2.665,5.3,4901
2016-01-20 04:52:00,0.0,0.0,0.0,1067290.0,62.9,59.9,60.0,0.0,40789.0,507.0,93035.0,1024949.0,0.0,1.0,0.0,0.0,0.0,274.5,273.7,275.3,0.772,271.0,0.531,271.0,0.842,273.0,0.002,14.07,1.0,3.0,0.0,-7.261,0.0,20.66,7.169,0.0,-0.023,-0.017,-0.017,-0.407,-0.089,0.785,0.0,-6.349,-10.72,-11.1,-11.07,-10.69,-10.71,-11.01,-129.1,-10.8,-10.18,0.023,-0.004,-0.006,-0.005,-0.004,0.004,-0.002,-0.001,6472.0,9103.0,9059.0,9238.0,7861.0,7836.0,6348.0,0.0,0.0,0.0,0.0,0.0,0.0,0.0,0.0,3.79,0.0,60.15,0.0,0.0,0.0,0.0,16.0,0.0,0.0,0.0,0.0,0.0,-8.429999999999998,-8.65,0.0,-10.71,307.3,16.75,3.5,3.472,-1.0,2.422,4.0,4901
2016-01-20 04:53:00,0.0,0.0,0.0,1067290.0,62.9,59.9,60.0,0.0,40789.0,507.0,93035.0,1024949.0,0.0,1.0,0.0,0.0,0.0,274.7,273.7,275.4,0.772,271.0,0.531,271.0,0.842,273.0,0.002,14.07,1.0,3.0,0.0,-7.261,0.0,20.34,7.185,0.0,-0.023,-0.017,-0.017,-0.407,-0.085,0.6029999999999999,0.0,-6.335,-10.77,-11.12,-11.06,-10.68,-10.69,-10.99,-83.0,-10.85,-10.2,0.022,-0.004,-0.0069999999999999,-0.005,-0.004,0.004,-0.002,-0.001,6472.0,9103.0,9059.0,9238.0,7861.0,7836.0,6348.0,0.0,0.0,0.0,0.0,0.0,0.0,0.0,0.0,3.826,0.0,60.13,0.0,0.0,0.0,0.0,16.0,0.0,0.0,0.0,0.0,0.0,-8.37,-8.66,0.0,-10.74,311.3,17.75,3.0,3.472,-1.0,3.102,4.6,4901
2016-01-20 04:54:00,0.0,0.0,0.0,1067290.0,62.9,59.9,60.0,0.0,40789.0,507.0,93035.0,1024949.0,0.0,1.0,0.0,0.0,0.0,274.5,273.8,275.5,0.772,271.0,0.531,271.0,0.842,273.0,0.002,14.07,1.0,3.0,0.0,-7.261,0.0,20.62,7.181,0.0,-0.023,-0.017,-0.017,-0.407,-0.081,0.778,0.0,-6.349,-10.75,-11.15,-11.06,-10.68,-10.68,-10.98,-99.0,-10.74,-10.13,0.02,-0.004,-0.006,-0.005,-0.005,0.005,-0.002,-0.001,6472.0,9103.0,9059.0,9238.0,7861.0,7836.0,6348.0,0.0,0.0,0.0,0.0,0.0,0.0,0.0,0.0,3.906,0.0,60.17,0.0,0.0,0.0,0.0,16.0,0.0,0.0,0.0,0.0,0.0,-8.39,-8.64,0.0,-10.7,302.7,14.01,3.5,3.472,-1.0,2.795,4.3,4901
2016-01-20 04:55:00,0.0,0.0,0.0,1067290.0,62.9,59.9,60.0,0.0,40789.0,507.0,93035.0,1024949.0,0.0,1.0,0.0,0.0,0.0,274.3,273.7,275.4,0.772,271.0,0.531,271.0,0.842,273.0,0.002,14.07,1.0,3.0,0.0,-7.267,0.0,20.6,7.186,0.0,-0.023,-0.017,-0.017,-0.407,-0.093,0.7929999999999999,0.0,-6.349,-10.7,-11.13,-11.06,-10.69,-10.68,-10.98,-103.7,-10.77,-10.13,0.023,-0.004,-0.006,-0.005,-0.004,0.004,-0.001,-0.001,6472.0,9103.0,9059.0,9238.0,7861.0,7836.0,6348.0,0.0,0.0,0.0,0.0,0.0,0.0,0.0,0.0,3.918,0.0,60.14,0.0,0.0,0.0,0.0,16.0,0.0,0.0,0.0,0.0,0.0,-8.37,-8.59,0.0,-10.74,317.7,24.87,3.833,3.472,-1.0,2.048,3.4,4901
2016-01-20 04:56:00,0.0,0.0,0.0,1067290.0,62.9,59.9,60.0,0.0,40789.0,507.0,93035.0,1024949.0,0.0,1.0,0.0,0.0,0.0,274.4,273.8,275.5,0.772,271.0,0.531,271.0,0.842,273.0,0.002,14.07,1.0,3.0,0.0,-7.282,0.0,20.59,7.202000000000001,0.0,-0.023,-0.017,-0.017,-0.407,-0.1019999999999999,0.637,0.0,-6.349,-10.78,-11.17,-11.06,-10.68,-10.72,-10.99,-150.2,-10.79,-10.15,0.023,-0.005,-0.005,-0.004,-0.004,0.004,-0.002,-0.001,6472.0,9103.0,9059.0,9238.0,7861.0,7836.0,6348.0,0.0,0.0,0.0,0.0,0.0,0.0,0.0,0.0,3.92,0.0,60.2,0.0,0.0,0.0,0.0,16.0,0.0,0.0,0.0,0.0,0.0,-8.38,-8.62,0.0,-10.82,302.9,19.55,3.167,3.473,-1.0,1.86,2.9,4901
2016-01-20 04:57:00,0.0,0.0,0.0,1067290.0,62.9,59.9,60.0,0.0,40789.0,507.0,93035.0,1024949.0,0.0,1.0,0.0,0.0,0.0,274.3,273.8,275.4,0.772,271.0,0.531,271.0,0.842,273.0,0.002,14.07,1.0,3.0,0.0,-7.282,0.0,20.35,7.188,0.0,-0.024,-0.017,-0.017,-0.407,-0.1,0.7419999999999999,0.0,-6.349,-10.83,-11.26,-11.25,-10.82,-10.85,-11.14,-104.4,-10.92,-10.27,0.017,-0.004,-0.006,-0.006,-0.004,0.004,-0.002,0.0,6472.0,9103.0,9059.0,9238.0,7861.0,7836.0,6348.0,0.0,0.0,0.0,0.0,0.0,0.0,0.0,0.0,3.922,0.0,60.16,0.0,0.0,0.0,0.0,16.0,0.0,0.0,0.0,0.0,0.0,-8.349999999999998,-8.56,0.0,-10.85,301.6,30.49,3.5,3.472,-1.0,1.033,2.0,4901
2016-01-20 04:58:00,0.0,0.0,0.0,1067290.0,62.9,59.9,60.0,0.0,40789.0,507.0,93035.0,1024949.0,0.0,1.0,0.0,0.0,0.0,274.7,273.5,275.1,0.772,270.2,0.531,271.0,0.842,272.9,0.002,14.07,1.0,3.0,0.0,-7.282,0.0,20.48,7.176,0.0,-0.0279999999999999,-0.017,-0.017,-0.407,-0.1119999999999999,0.775,0.0,-6.349,-10.89,-11.34,-11.33,-10.88,-10.96,-11.23,-57.64,-10.96,-10.39,0.019,-0.005,-0.006,-0.005,-0.004,0.005,-0.003,-0.001,6472.0,9103.0,9059.0,9238.0,7861.0,7836.0,6348.0,0.0,0.0,0.0,0.0,0.0,0.0,0.0,0.0,3.922,0.0,60.12,0.0,0.0,0.0,0.0,16.0,0.0,0.0,0.0,0.0,0.0,-8.349999999999998,-8.599999999999998,0.0,-10.94,276.8,34.99,3.5,3.472,-1.0,0.935,1.9,4901
2016-01-20 04:59:00,0.0,0.0,0.0,1067290.0,62.9,59.9,60.0,0.0,40789.0,507.0,93035.0,1024949.0,0.0,1.0,0.0,0.0,0.0,274.2,273.6,275.2,0.772,270.0,0.531,271.0,0.842,272.5,0.002,14.07,1.0,3.0,0.0,-7.282,0.0,20.6,7.192,0.0,-0.0299999999999999,-0.017,-0.017,-0.407,-0.1019999999999999,0.643,0.0,-6.349,-10.98,-11.34,-11.38,-10.96,-11.03,-11.28,-129.8,-11.04,-10.47,0.0149999999999999,-0.004,-0.006,-0.005,-0.005,0.004,-0.002,-0.002,6472.0,9103.0,9059.0,9238.0,7861.0,7836.0,6348.0,0.0,0.0,0.0,0.0,0.0,0.0,0.0,0.0,3.922,0.0,60.13,0.0,0.0,0.0,0.0,16.0,0.0,0.0,0.0,0.0,0.0,-8.38,-8.609999999999998,0.0,-11.02,343.0,23.52,3.167,3.473,-1.0,1.265,2.0,4901
2016-01-20 05:00:00,0.0,0.0,0.0,1067290.0,62.9,59.9,60.0,0.0,40789.0,507.0,93035.0,1024949.0,0.0,1.0,0.0,0.0,0.0,274.1,273.5,275.1,0.772,270.0,0.531,270.8,0.842,272.0,0.002,14.07,1.0,3.0,0.0,-7.282,0.0,20.41,7.192,0.0,-0.0299999999999999,-0.017,-0.017,-0.407,-0.1019999999999999,0.7419999999999999,0.0,-6.349,-11.1,-11.37,-11.44,-11.06,-11.11,-11.36,-151.1,-11.06,-10.52,0.022,-0.004,-0.006,-0.006,-0.004,0.005,-0.002,-0.001,6472.0,9103.0,9059.0,9238.0,7861.0,7836.0,6348.0,0.0,0.0,0.0,0.0,0.0,0.0,0.0,0.0,3.922,0.0,60.14,0.0,0.0,0.0,0.0,16.0,0.0,0.0,0.0,0.0,0.0,-8.34,-8.66,0.0,-11.14,322.4,25.19,3.333,3.473,-1.0,1.378,2.3,4901
2016-01-20 05:01:00,0.0,0.0,0.0,1067290.0,62.9,59.9,60.0,0.0,40789.0,507.0,93035.0,1024949.0,0.0,1.0,0.0,0.0,0.0,274.0,273.3,274.8,0.772,270.0,0.531,270.0,0.842,272.0,0.002,14.07,1.0,3.0,0.0,-7.2879999999999985,0.0,20.6,7.192,0.0,-0.0299999999999999,-0.017,-0.017,-0.407,-0.1119999999999999,0.634,0.0,-6.349,-11.21,-11.5,-11.51,-11.12,-11.2,-11.46,-58.02,-11.14,-10.62,0.019,-0.004,-0.006,-0.005,-0.004,0.004,-0.001,-0.001,6472.0,9103.0,9059.0,9238.0,7861.0,7836.0,6348.0,0.0,0.0,0.0,0.0,0.0,0.0,0.0,0.0,3.922,0.0,60.16,0.0,0.0,0.0,0.0,16.0,0.0,0.0,0.0,0.0,0.0,-8.38,-8.73,0.0,-11.25,323.1,14.37,3.167,3.472,-1.0,1.32,2.1,4901
2016-01-20 05:02:00,0.0,0.0,0.0,1067290.0,62.9,59.9,60.0,0.0,40789.0,507.0,93035.0,1024949.0,0.0,1.0,0.0,0.0,0.0,273.9,273.1,274.7,0.772,270.0,0.531,270.0,0.842,272.0,0.002,14.07,1.0,3.0,0.0,-7.3039999999999985,0.0,20.55,7.22,0.0,-0.031,-0.017,-0.017,-0.407,-0.1019999999999999,0.5939999999999999,0.0,-6.349,-11.31,-11.57,-11.62,-11.24,-11.27,-11.55,-130.0,-11.22,-10.72,0.0139999999999999,-0.004,-0.006,-0.005,-0.004,0.004,-0.002,-0.001,6472.0,9103.0,9059.0,9238.0,7861.0,7836.0,6348.0,0.0,0.0,0.0,0.0,0.0,0.0,0.0,0.0,3.922,0.0,60.15,0.0,0.0,0.0,0.0,16.0,0.0,0.0,0.0,0.0,0.0,-8.429999999999998,-8.779999999999998,0.0,-11.34,328.9,11.99,3.0,3.473,-1.0,1.75,3.1,4901
2016-01-20 05:03:00,0.0,0.0,0.0,1067290.0,62.9,59.9,60.0,0.0,40789.0,507.0,93035.0,1024949.0,0.0,1.0,0.0,0.0,0.0,273.7,272.9,274.7,0.772,270.0,0.531,270.0,0.842,272.0,0.002,14.07,1.0,3.0,0.0,-7.3039999999999985,0.0,20.61,7.204,0.0,-0.0299999999999999,-0.017,-0.017,-0.407,-0.095,0.784,0.0,-6.349,-11.34,-11.68,-11.64,-11.27,-11.38,-11.63,-130.2,-11.25,-10.66,0.025,-0.004,-0.005,-0.005,-0.004,0.004,-0.002,-0.002,6472.0,9103.0,9059.0,9238.0,7861.0,7836.0,6348.0,0.0,0.0,0.0,0.0,0.0,0.0,0.0,0.0,3.922,0.0,60.15,0.0,0.0,0.0,0.0,16.0,0.0,0.0,0.0,0.0,0.0,-8.449999999999998,-8.81,0.0,-11.37,330.8,11.76,3.667,3.473,-1.0,1.758,2.8,4901
2016-01-20 05:04:00,0.0,0.0,0.0,1067290.0,62.9,59.9,60.0,0.0,40789.0,507.0,93035.0,1024949.0,0.0,1.0,0.0,0.0,0.0,273.9,273.1,274.9,0.772,270.0,0.531,270.0,0.842,272.0,0.002,14.07,1.0,3.0,0.0,-7.3039999999999985,0.0,20.54,7.224,0.0,-0.0299999999999999,-0.017,-0.017,-0.407,-0.095,0.5939999999999999,0.0,-6.349,-11.34,-11.68,-11.64,-11.25,-11.36,-11.65,-109.2,-11.25,-10.62,0.025,-0.005,-0.006,-0.005,-0.004,0.004,-0.002,-0.002,6472.0,9103.0,9059.0,9238.0,7861.0,7836.0,6348.0,0.0,0.0,0.0,0.0,0.0,0.0,0.0,0.0,3.922,0.0,60.14,0.0,0.0,0.0,0.0,16.0,0.0,0.0,0.0,0.0,0.0,-8.46,-8.87,0.0,-11.39,327.4,13.23,3.0,3.473,-1.0,2.165,3.3,4901
2016-01-20 05:05:00,0.0,0.0,0.0,1067290.0,62.9,59.9,60.0,0.0,40789.0,507.0,93035.0,1024949.0,0.0,1.0,0.0,0.0,0.0,274.1,273.4,275.2,0.772,270.0,0.531,270.1,0.842,272.1,0.002,14.07,1.0,3.0,0.0,-7.322,0.0,20.72,7.204,0.0,-0.0299999999999999,-0.017,-0.017,-0.407,-0.11,0.926,0.0,-6.399,-11.34,-11.68,-11.64,-11.25,-11.32,-11.63,-104.6,-11.25,-10.61,0.022,-0.003,-0.005,-0.005,-0.004,0.004,-0.002,-0.002,6472.0,9103.0,9059.0,9238.0,7861.0,7836.0,6348.0,0.0,0.0,0.0,0.0,0.0,0.0,0.0,0.0,3.922,0.0,60.15,0.0,0.0,0.0,0.0,16.0,0.0,0.0,0.0,0.0,0.0,-8.5,-8.9,0.0,-11.31,310.2,14.01,4.0,3.472,-1.0,1.717,2.2,4901
2016-01-20 05:06:00,0.0,0.0,0.0,1067290.0,62.9,59.9,60.0,0.0,40789.0,507.0,93035.0,1024949.0,0.0,1.0,0.0,0.0,0.0,274.9,274.1,275.8,0.772,270.9,0.531,270.9,0.842,273.0,0.002,14.07,2.0,3.0,0.0,-7.327,0.0,20.7,7.212,0.0,-0.0299999999999999,-0.017,-0.017,-0.407,-0.1169999999999999,0.5939999999999999,0.0,-6.399,-11.26,-11.61,-11.64,-11.27,-11.35,-11.65,-151.4,-11.28,-10.6,0.023,-0.004,-0.006,-0.006,-0.004,0.005,-0.002,-0.001,6472.0,9103.0,9059.0,9238.0,7861.0,7836.0,6348.0,0.0,0.0,0.0,0.0,0.0,0.0,0.0,0.0,3.922,0.0,60.14,0.0,0.0,0.0,0.0,16.0,0.0,0.0,0.0,0.0,0.0,-8.519999999999998,-8.84,0.0,-11.23,326.6,16.66,3.333,3.472,-1.0,1.845,2.5,4901
2016-01-20 05:07:00,0.0,0.0,0.0,1067290.0,62.9,59.9,60.0,0.0,40789.0,507.0,93035.0,1024949.0,0.0,1.0,0.0,0.0,0.0,274.7,274.2,276.0,0.772,271.0,0.531,271.0,0.842,273.0,0.001,14.07,1.0,3.0,0.0,-7.327,0.0,20.63,7.246,0.0,-0.0299999999999999,-0.017,-0.017,-0.407,-0.081,0.642,0.0,-6.4270000000000005,-11.18,-11.53,-11.64,-11.25,-11.35,-11.63,-109.5,-11.3,-10.58,0.023,-0.004,-0.0069999999999999,-0.005,-0.004,0.005,-0.002,-0.001,6472.0,9103.0,9059.0,9238.0,7861.0,7836.0,6348.0,0.0,0.0,0.0,0.0,0.0,0.0,0.0,0.0,3.922,0.0,60.17,0.0,0.0,0.0,0.0,16.0,0.0,0.0,0.0,0.0,0.0,-8.519999999999998,-8.84,0.0,-11.2,329.0,19.16,3.167,3.472,-1.0,1.948,2.8,4901
2016-01-20 05:08:00,0.0,0.0,0.0,1067290.0,62.9,59.9,60.0,0.0,40789.0,507.0,93035.0,1024949.0,0.0,1.0,0.0,0.0,0.0,275.0,274.0,275.8,0.772,271.0,0.531,271.0,0.842,273.0,0.002,14.07,1.0,3.0,0.0,-7.327,0.0,20.53,7.192,0.0,-0.0289999999999999,-0.017,-0.017,-0.407,-0.0909999999999999,0.784,0.0,-6.445,-11.23,-11.63,-11.64,-11.3,-11.3,-11.62,-150.8,-11.3,-10.56,0.022,-0.005,-0.0069999999999999,-0.006,-0.004,0.003,-0.002,-0.002,6472.0,9103.0,9059.0,9238.0,7861.0,7836.0,6348.0,0.0,0.0,0.0,0.0,0.0,0.0,0.0,0.0,3.922,0.0,60.2,0.0,0.0,0.0,0.0,16.0,0.0,0.0,0.0,0.0,0.0,-8.49,-8.87,0.0,-11.26,313.8,13.17,3.5,3.473,-1.0,3.047,4.1,4901
2016-01-20 05:09:00,0.0,0.0,0.0,1067290.0,62.9,59.9,60.0,0.0,40789.0,507.0,93035.0,1024949.0,0.0,1.0,0.0,0.0,0.0,275.0,273.9,275.8,0.772,271.0,0.531,271.0,0.842,273.0,0.002,14.07,1.0,3.0,0.0,-7.33,0.0,20.61,7.257,0.0,-0.025,-0.017,-0.017,-0.407,-0.1019999999999999,0.7329999999999999,0.0,-6.445,-11.21,-11.56,-11.55,-11.25,-11.25,-11.55,-130.0,-11.25,-10.53,0.018,-0.005,-0.0069999999999999,-0.005,-0.004,0.004,-0.002,-0.001,6472.0,9103.0,9059.0,9238.0,7861.0,7836.0,6348.0,0.0,0.0,0.0,0.0,0.0,0.0,0.0,0.0,3.922,0.0,60.22,0.0,0.0,0.0,0.0,16.0,0.0,0.0,0.0,0.0,0.0,-8.42,-8.9,0.0,-11.21,319.2,19.38,3.333,3.472,-1.0,2.433,3.2,4901
2016-01-20 05:10:00,0.0,0.0,0.0,1067290.0,62.9,59.9,60.0,0.0,40789.0,507.0,93035.0,1024949.0,0.0,1.0,0.0,0.0,0.0,274.7,274.1,275.9,0.772,271.0,0.531,271.0,0.842,273.0,0.002,14.07,1.0,3.0,0.0,-7.349,0.0,20.58,7.244,0.0,-0.023,-0.017,-0.017,-0.407,-0.081,0.785,0.0,-6.445,-11.23,-11.6,-11.54,-11.17,-11.25,-11.53,-130.0,-11.23,-10.47,0.022,-0.004,-0.006,-0.006,-0.004,0.004,-0.002,-0.001,6472.0,9103.0,9059.0,9238.0,7861.0,7836.0,6348.0,0.0,0.0,0.0,0.0,0.0,0.0,0.0,0.0,3.922,0.0,60.22,0.0,0.0,0.0,0.0,16.0,0.0,0.0,0.0,0.0,0.0,-8.41,-8.91,0.0,-11.29,336.9,21.42,3.5,3.473,-1.0,2.847,4.1,4901
2016-01-20 05:11:00,0.0,0.0,0.0,1067290.0,62.9,59.9,60.0,0.0,40789.0,507.0,93035.0,1024949.0,0.0,1.0,0.0,0.0,0.0,274.9,273.8,275.7,0.772,271.0,0.531,271.0,0.842,273.0,0.002,14.07,1.0,3.0,0.0,-7.349999999999999,0.0,20.58,7.257,0.0,-0.023,-0.017,-0.017,-0.407,-0.083,0.6019999999999999,0.0,-6.445,-11.23,-11.55,-11.54,-11.16,-11.19,-11.46,-125.4,-11.16,-10.43,0.023,-0.004,-0.006,-0.005,-0.004,0.004,-0.002,-0.001,6472.0,9103.0,9059.0,9238.0,7861.0,7836.0,6348.0,0.0,0.0,0.0,0.0,0.0,0.0,0.0,0.0,3.924,0.0,60.22,0.0,0.0,0.0,0.0,16.0,0.0,0.0,0.0,0.0,0.0,-8.529999999999998,-8.83,0.0,-11.22,293.6,48.53,3.0,3.473,-1.0,0.823,1.9,4901
2016-01-20 05:12:00,0.0,0.0,0.0,1067290.0,62.9,59.9,60.0,0.0,40789.0,507.0,93035.0,1024949.0,0.0,1.0,0.0,0.0,0.0,274.6,273.9,275.8,0.772,271.0,0.531,271.0,0.842,273.0,0.002,14.07,1.0,3.0,0.0,-7.349999999999999,0.0,20.6,7.269,0.0,-0.026,-0.017,-0.017,-0.407,-0.106,0.827,0.0,-6.445,-11.15,-11.57,-11.54,-11.12,-11.16,-11.46,-150.6,-11.09,-10.49,0.018,-0.004,-0.006,-0.006,-0.004,0.004,-0.002,-0.001,6472.0,9103.0,9059.0,9238.0,7861.0,7836.0,6348.0,0.0,0.0,0.0,0.0,0.0,0.0,0.0,0.0,3.922,0.0,60.22,0.0,0.0,0.0,0.0,16.0,0.0,0.0,0.0,0.0,0.0,-8.55,-8.79,0.0,-11.17,307.6,15.32,3.667,3.473,-1.0,1.975,2.9,4901
2016-01-20 05:13:00,0.0,0.0,0.0,1067290.0,62.9,59.9,60.0,0.0,40789.0,507.0,93035.0,1024949.0,0.0,1.0,0.0,0.0,0.0,275.0,273.7,275.5,0.772,271.0,0.531,271.0,0.842,273.0,0.002,14.07,1.0,3.0,0.0,-7.359,0.0,20.47,7.272999999999999,0.0,-0.0279999999999999,-0.017,-0.017,-0.407,-0.108,0.5949999999999999,0.0,-6.445,-11.09,-11.53,-11.54,-11.09,-11.16,-11.46,-125.1,-11.16,-10.54,0.022,-0.005,-0.0069999999999999,-0.005,-0.004,0.005,-0.002,-0.001,6472.0,9103.0,9059.0,9238.0,7861.0,7836.0,6348.0,0.0,0.0,0.0,0.0,0.0,0.0,0.0,0.0,3.942,0.0,60.18,0.0,0.0,0.0,0.0,16.0,0.0,0.0,0.0,0.0,0.0,-8.519999999999998,-8.74,0.0,-11.07,296.2,29.41,3.0,3.472,-1.0,1.045,1.7,4901
2016-01-20 05:14:00,0.0,0.0,0.0,1067290.0,62.9,59.9,60.0,0.0,40789.0,507.0,93035.0,1024949.0,0.0,1.0,0.0,0.0,0.0,274.7,273.7,275.6,0.772,271.0,0.531,271.0,0.842,273.0,0.002,14.07,1.0,3.0,0.0,-7.372,0.0,20.49,7.212,0.0,-0.0299999999999999,-0.017,-0.017,-0.407,-0.106,0.7829999999999999,0.0,-6.445,-11.05,-11.53,-11.59,-11.16,-11.24,-11.54,-78.67,-11.25,-10.71,0.0149999999999999,-0.004,-0.006,-0.005,-0.004,0.005,-0.002,0.0,6472.0,9103.0,9059.0,9238.0,7861.0,7836.0,6348.0,0.0,0.0,0.0,0.0,0.0,0.0,0.0,0.0,3.971,0.0,60.15,0.0,0.0,0.0,0.0,16.0,0.0,0.0,0.0,0.0,0.0,-8.529999999999998,-8.699999999999998,0.0,-11.03,275.6,24.26,3.5,3.47,-1.0,0.7069999999999999,1.6,4901
2016-01-20 05:15:00,0.0,0.0,0.0,1067290.0,62.9,59.9,60.0,0.0,40789.0,507.0,93035.0,1024949.0,0.0,1.0,0.0,0.0,0.0,274.9,273.6,275.5,0.772,271.0,0.531,271.0,0.842,273.0,0.002,14.07,1.0,3.0,0.0,-7.372,0.0,20.74,7.25,0.0,-0.0299999999999999,-0.017,-0.017,-0.407,-0.106,0.5929999999999999,0.0,-6.445,-10.97,-11.47,-11.59,-11.06,-11.11,-11.41,-57.79,-11.2,-10.69,0.02,-0.005,-0.006,-0.006,-0.004,0.004,-0.002,-0.001,6472.0,9103.0,9059.0,9238.0,7861.0,7836.0,6348.0,0.0,0.0,0.0,0.0,0.0,0.0,0.0,0.0,3.949,0.0,60.13,0.0,0.0,0.0,0.0,16.0,0.0,0.0,0.0,0.0,0.0,-8.609999999999998,-8.62,0.0,-10.93,283.3,28.14,3.0,3.47,-1.0,1.732,3.1,4901
2016-01-20 05:16:00,0.0,0.0,0.0,1067290.0,62.9,59.9,60.0,0.0,40789.0,507.0,93035.0,1024949.0,0.0,1.0,0.0,0.0,0.0,274.8,273.7,275.5,0.772,271.0,0.531,271.0,0.842,273.0,0.002,14.07,1.0,3.0,0.0,-7.372,0.0,20.61,7.26,0.0,-0.0299999999999999,-0.017,-0.017,-0.407,-0.1,0.7829999999999999,0.0,-6.445,-10.96,-11.37,-11.52,-11.06,-11.06,-11.36,-57.72,-11.2,-10.73,0.01,-0.005,-0.006,-0.005,-0.005,0.004,-0.002,-0.001,6472.0,9103.0,9059.0,9238.0,7861.0,7836.0,6348.0,0.0,0.0,0.0,0.0,0.0,0.0,0.0,0.0,3.941,0.0,60.19,0.0,0.0,0.0,0.0,16.0,0.0,0.0,0.0,0.0,0.0,-8.56,-8.67,0.0,-10.92,328.5,16.51,3.5,3.472,-1.0,1.958,4.5,4901
2016-01-20 05:17:00,0.0,0.0,0.0,1067290.0,62.9,59.9,60.0,0.0,40789.0,507.0,93035.0,1024949.0,0.0,1.0,0.0,0.0,0.0,274.6,273.5,275.4,0.772,271.0,0.531,270.8,0.842,273.0,0.003,14.07,1.0,3.0,0.0,-7.372,0.0,20.64,7.252999999999998,0.0,-0.0299999999999999,-0.017,-0.017,-0.3599999999999999,-0.083,0.7390000000000001,0.0,-6.445,-10.98,-11.42,-11.46,-11.0,-11.07,-11.36,-57.91,-11.19,-10.58,0.022,-0.004,-0.006,-0.006,-0.005,0.004,-0.001,-0.001,6472.0,9103.0,9059.0,9238.0,7861.0,7836.0,6348.0,0.0,0.0,0.0,0.0,0.0,0.0,0.0,0.0,3.968,0.0,60.22,0.0,0.0,0.0,0.0,16.0,0.0,0.0,0.0,0.0,0.0,-8.47,-8.71,0.0,-11.0,317.0,18.3,3.333,3.472,-1.0,3.052,4.9,4901
2016-01-20 05:18:00,0.0,0.0,0.0,1067290.0,62.9,59.9,60.0,0.0,40789.0,507.0,93035.0,1024949.0,0.0,1.0,0.0,0.0,0.0,274.6,273.4,275.2,0.772,271.0,0.531,270.7,0.842,272.9,0.001,13.81,1.0,1.0,0.0,-7.372,0.0,20.53,7.234,0.0,-0.027,-0.017,-0.017,-0.377,-0.098,0.5829999999999999,0.001,-6.431,-10.99,-11.42,-11.44,-11.01,-11.06,-11.36,-104.2,-11.16,-10.5,0.02,-0.005,-0.006,-0.005,-0.004,0.004,-0.002,-0.001,6472.0,9103.0,9059.0,9238.0,7861.0,7836.0,6348.0,0.0,0.0,0.0,0.0,0.0,0.0,0.0,0.0,4.031000000000001,0.0,60.21,0.0,0.0,0.0,0.0,16.0,0.0,0.0,0.0,0.0,0.0,-8.439999999999998,-8.779999999999998,0.0,-11.03,295.4,12.11,3.0,3.472,-1.0,2.735,4.2,4901
2016-01-20 05:19:00,0.0,0.0,0.0,1067290.0,62.9,59.9,60.0,0.0,40789.0,507.0,93035.0,1024949.0,0.0,1.0,0.0,0.0,0.0,274.3,273.5,275.2,0.772,270.9,0.531,270.7,0.842,272.8,0.002,14.07,1.0,3.0,0.0,-7.375,0.0,20.66,7.248999999999999,0.0,-0.024,-0.017,-0.017,-0.407,-0.108,0.7929999999999999,0.0,-6.445,-11.02,-11.44,-11.39,-10.98,-11.0,-11.34,-32.05,-11.09,-10.47,0.019,-0.004,-0.006,-0.005,-0.004,0.004,-0.002,-0.002,6472.0,9103.0,9059.0,9238.0,7861.0,7836.0,6348.0,0.0,0.0,0.0,0.0,0.0,0.0,0.0,0.0,4.043,0.0,60.17,0.0,0.0,0.0,0.0,16.0,0.0,0.0,0.0,0.0,0.0,-8.41,-8.8,0.0,-11.04,309.2,12.16,3.833,3.472,-1.0,2.262,3.0,4901
2016-01-20 05:20:00,0.0,0.0,0.0,1067290.0,62.9,59.9,60.0,0.0,40789.0,507.0,93035.0,1024949.0,0.0,1.0,0.0,0.0,0.0,274.4,273.2,275.0,0.772,270.0,0.531,270.1,0.842,272.1,0.002,14.07,1.0,3.0,0.0,-7.386,0.0,20.39,7.276,0.0,-0.023,-0.017,-0.017,-0.407,-0.095,0.777,0.0,-6.445,-11.04,-11.44,-11.43,-10.98,-11.01,-11.36,-78.44,-11.11,-10.49,0.0279999999999999,-0.004,-0.0069999999999999,-0.005,-0.004,0.004,-0.002,-0.001,6472.0,9103.0,9059.0,9238.0,7861.0,7836.0,6348.0,0.0,0.0,0.0,0.0,0.0,0.0,0.0,0.0,4.057,0.0,60.16,0.0,0.0,0.0,0.0,16.0,0.0,0.0,0.0,0.0,0.0,-8.47,-8.84,0.0,-11.02,288.2,29.09,3.5,3.472,-1.0,1.578,2.8,4901
2016-01-20 05:21:00,0.0,0.0,0.0,1067290.0,62.9,59.9,60.0,0.0,40789.0,507.0,93035.0,1024949.0,0.0,1.0,0.0,0.0,0.0,274.3,273.2,275.0,0.772,270.1,0.531,270.0,0.842,272.0,0.002,14.07,1.0,3.0,0.0,-7.394999999999999,0.0,20.6,7.287,0.0,-0.023,-0.017,-0.017,-0.407,-0.104,0.6019999999999999,0.0,-6.445,-10.96,-11.34,-11.44,-10.96,-10.96,-11.28,-57.62,-11.12,-10.5,0.024,-0.004,-0.006,-0.006,-0.004,0.004,-0.002,-0.001,6472.0,9103.0,9059.0,9238.0,7861.0,7836.0,6348.0,0.0,0.0,0.0,0.0,0.0,0.0,0.0,0.0,4.057,0.0,60.19,0.0,0.0,0.0,0.0,16.0,0.0,0.0,0.0,0.0,0.0,-8.429999999999998,-8.769999999999998,0.0,-10.95,287.1,15.98,3.0,3.473,-1.0,1.397,3.3,4901
2016-01-20 05:22:00,0.0,0.0,0.0,1067290.0,62.9,59.9,60.0,0.0,40789.0,507.0,93035.0,1024949.0,0.0,1.0,0.0,0.0,0.0,273.9,273.1,274.9,0.772,270.0,0.531,270.0,0.842,272.0,0.002,14.07,1.0,3.0,0.0,-7.394999999999999,0.0,20.4,7.215,0.0,-0.026,-0.017,-0.017,-0.407,-0.114,0.8299999999999998,0.0,-6.445,-10.93,-11.34,-11.44,-10.88,-10.87,-11.26,-78.34999999999998,-11.06,-10.58,0.025,-0.004,-0.006,-0.005,-0.004,0.003,-0.003,-0.001,6472.0,9103.0,9059.0,9238.0,7861.0,7836.0,6348.0,0.0,0.0,0.0,0.0,0.0,0.0,0.0,0.0,4.057,0.0,60.14,0.0,0.0,0.0,0.0,16.0,0.0,0.0,0.0,0.0,0.0,-8.519999999999998,-8.679999999999998,0.0,-10.85,301.0,14.52,3.667,3.472,-1.0,1.972,3.2,4901
2016-01-20 05:23:00,0.0,0.0,0.0,1067290.0,62.9,59.9,60.0,0.0,40789.0,507.0,93035.0,1024949.0,0.0,1.0,0.0,0.0,0.0,274.0,273.0,274.7,0.772,270.0,0.531,270.0,0.842,272.0,0.002,14.06,1.0,3.0,0.0,-7.394999999999999,0.0,20.55,7.355,0.0,-0.027,-0.017,-0.017,-0.382,-0.11,0.7299999999999999,0.0,-6.445,-10.86,-11.34,-11.44,-10.93,-10.9,-11.26,-53.06,-11.06,-10.6,0.027,-0.004,-0.006,-0.005,-0.004,0.004,-0.002,-0.001,6472.0,9103.0,9059.0,9238.0,7861.0,7836.0,6348.0,0.0,0.0,0.0,0.0,0.0,0.0,0.0,0.0,4.057,0.0,60.14,0.0,0.0,0.0,0.0,16.0,0.0,0.0,0.0,0.0,0.0,-8.51,-8.72,0.0,-10.82,309.9,10.56,3.333,3.473,-1.0,2.153,2.9,4901
2016-01-20 05:24:00,0.0,0.0,0.0,1067290.0,62.9,59.9,60.0,0.0,40789.0,507.0,93035.0,1024949.0,0.0,1.0,0.0,0.0,0.0,273.7,273.1,274.8,0.772,270.0,0.531,270.0,0.842,272.0,0.002,14.07,2.0,3.0,0.0,-7.394999999999999,0.0,20.67,7.404,0.0,-0.027,-0.017,-0.017,-0.407,-0.093,0.5939999999999999,0.0,-6.445,-10.86,-11.34,-11.44,-10.95,-10.95,-11.26,-78.9,-11.06,-10.62,0.0149999999999999,-0.004,-0.006,-0.005,-0.005,0.005,-0.002,-0.001,6472.0,9103.0,9059.0,9238.0,7861.0,7836.0,6348.0,0.0,0.0,0.0,0.0,0.0,0.0,0.0,0.0,4.057,0.0,60.13,0.0,0.0,0.0,0.0,16.0,0.0,0.0,0.0,0.0,0.0,-8.449999999999998,-8.74,0.0,-10.82,292.9,12.43,3.0,3.473,-1.0,1.957,2.7,4901
2016-01-20 05:25:00,0.0,0.0,0.0,1067290.0,62.9,59.9,60.0,0.0,40789.0,507.0,93035.0,1024949.0,0.0,1.0,0.0,0.0,0.0,274.0,273.1,274.7,0.772,270.0,0.531,270.0,0.842,272.0,0.002,14.07,1.0,3.0,0.0,-7.394999999999999,0.0,20.76,7.302,0.0,-0.027,-0.017,-0.017,-0.407,-0.089,0.7929999999999999,0.0,-6.445,-10.8,-11.33,-11.44,-10.96,-10.96,-11.26,-36.58,-11.12,-10.58,0.018,-0.004,-0.006,-0.006,-0.004,0.003,-0.002,0.0,6472.0,9103.0,9059.0,9238.0,7861.0,7836.0,6348.0,0.0,0.0,0.0,0.0,0.0,0.0,0.0,0.0,4.057,0.0,60.14,0.0,0.0,0.0,0.0,16.0,0.0,0.0,0.0,0.0,0.0,-8.48,-8.74,0.0,-10.81,293.6,12.26,3.833,3.472,-1.0,1.53,2.7,4901
2016-01-20 05:26:00,0.0,0.0,0.0,1067290.0,62.9,59.9,60.0,0.0,40789.0,507.0,93035.0,1024949.0,0.0,1.0,0.0,0.0,0.0,274.6,273.7,275.3,0.772,270.9,0.531,270.9,0.842,272.9,0.001,14.07,1.0,3.0,0.0,-7.394999999999999,0.0,20.57,7.347,0.0,-0.0289999999999999,-0.017,-0.017,-0.407,-0.108,0.639,0.0,-6.445,-10.75,-11.26,-11.44,-10.9,-10.91,-11.23,-36.71,-11.11,-10.6,0.022,-0.004,-0.006,-0.005,-0.003,0.004,-0.002,-0.002,6472.0,9103.0,9059.0,9238.0,7861.0,7836.0,6348.0,0.0,0.0,0.0,0.0,0.0,0.0,0.0,0.0,4.057,0.0,60.15,0.0,0.0,0.0,0.0,16.0,0.0,0.0,0.0,0.0,0.0,-8.58,-8.689999999999998,0.0,-10.7,289.2,9.090000000000002,3.167,3.473,-1.0,1.753,2.4,4901
2016-01-20 05:27:00,0.0,0.0,0.0,1067290.0,62.9,59.9,60.0,0.0,40789.0,507.0,93035.0,1024949.0,0.0,1.0,0.0,0.0,0.0,274.5,273.8,275.4,0.772,271.0,0.531,271.0,0.842,273.0,0.002,14.07,1.0,3.0,0.0,-7.406,0.0,20.47,7.366,0.0,-0.0299999999999999,-0.017,-0.017,-0.407,-0.0869999999999999,0.7399999999999999,0.0,-6.445,-10.67,-11.15,-11.33,-10.85,-10.87,-11.17,-83.2,-11.06,-10.6,0.01,-0.005,-0.006,-0.005,-0.003,0.005,-0.003,-0.001,6472.0,9103.0,9059.0,9238.0,7861.0,7836.0,6348.0,0.0,0.0,0.0,0.0,0.0,0.0,0.0,0.0,4.067,0.0,60.15,0.0,0.0,0.0,0.0,16.0,0.0,0.0,0.0,0.0,0.0,-8.55,-8.679999999999998,0.0,-10.68,292.2,27.79,3.5,3.473,-1.0,2.067,3.9,4901
2016-01-20 05:28:00,0.0,0.0,0.0,1067290.0,62.9,59.9,60.0,0.0,40789.0,507.0,93035.0,1024949.0,0.0,1.0,0.0,0.0,0.0,274.3,273.8,275.3,0.772,270.9,0.531,271.0,0.842,272.9,0.002,14.07,1.0,3.0,0.0,-7.413999999999999,0.0,20.76,7.361,0.0,-0.0279999999999999,-0.017,-0.017,-0.407,-0.11,0.7759999999999999,0.0,-6.445,-10.64,-11.15,-11.25,-10.71,-10.79,-11.09,-108.6,-11.0,-10.52,0.022,-0.004,-0.0069999999999999,-0.005,-0.005,0.004,-0.001,-0.001,6472.0,9103.0,9059.0,9238.0,7861.0,7836.0,6348.0,0.0,0.0,0.0,0.0,0.0,0.0,0.0,0.0,4.082,0.0,60.15,0.0,0.0,0.0,0.0,16.0,0.0,0.0,0.0,0.0,0.0,-8.49,-8.65,0.0,-10.66,299.3,31.9,3.5,3.472,-1.0,2.418,4.1,4901
2016-01-20 05:29:00,0.0,0.0,0.0,1067290.0,62.9,59.9,60.0,0.0,40789.0,507.0,93035.0,1024949.0,0.0,1.0,0.0,0.0,0.0,274.3,273.8,275.4,0.772,271.0,0.531,271.0,0.842,273.0,0.002,14.07,2.0,3.0,0.0,-7.413999999999999,0.0,20.76,7.347,0.0,-0.025,-0.017,-0.017,-0.407,-0.0909999999999999,0.5949999999999999,0.0,-6.431,-10.67,-11.15,-11.25,-10.68,-10.77,-11.04,-51.52,-10.96,-10.5,0.025,-0.005,-0.005,-0.006,-0.004,0.004,-0.002,-0.002,6472.0,9103.0,9059.0,9238.0,7861.0,7836.0,6348.0,0.0,0.0,0.0,0.0,0.0,0.0,0.0,0.0,4.074,0.0,60.14,0.0,0.0,0.0,0.0,16.0,0.0,0.0,0.0,0.0,0.0,-8.429999999999998,-8.679999999999998,0.0,-10.67,297.8,16.08,3.0,3.472,-1.0,1.865,2.6,4901
2016-01-20 05:30:00,0.0,0.0,0.0,1067290.0,62.9,59.9,60.0,0.0,40789.0,507.0,93035.0,1024949.0,0.0,1.0,0.0,0.0,0.0,274.3,273.7,275.5,0.772,271.0,0.531,271.0,0.842,273.0,0.002,14.07,1.0,3.0,0.0,-7.415,0.0,20.6,7.357999999999999,0.0,-0.024,-0.017,-0.017,-0.407,-0.108,0.792,0.0,-6.445,-10.64,-11.15,-11.25,-10.68,-10.75,-11.01,-36.26,-10.96,-10.55,0.019,-0.004,-0.006,-0.005,-0.005,0.004,-0.002,-0.001,6472.0,9103.0,9059.0,9238.0,7861.0,7836.0,6348.0,0.0,0.0,0.0,0.0,0.0,0.0,0.0,0.0,4.106,0.0,60.23,0.0,0.0,0.0,0.0,16.0,0.0,0.0,0.0,0.0,0.0,-8.48,-8.689999999999998,0.0,-10.65,292.7,27.43,3.833,3.472,-1.0,1.47,3.2,4901
2016-01-20 05:31:00,0.0,0.0,0.0,1067290.0,62.9,59.9,60.0,0.0,40789.0,507.0,93035.0,1024949.0,0.0,1.0,0.0,0.0,0.0,275.1,273.8,275.7,0.772,271.0,0.531,270.9,0.842,273.0,0.002,14.07,1.0,3.0,0.0,-7.415,0.0,20.52,7.386,0.0,-0.025,-0.017,-0.017,-0.407,-0.093,0.7759999999999999,0.0,-6.445,-10.67,-11.15,-11.25,-10.68,-10.77,-10.98,-31.71,-10.96,-10.49,0.018,-0.005,-0.006,-0.006,-0.004,0.004,-0.002,-0.001,6472.0,9103.0,9059.0,9238.0,7861.0,7836.0,6348.0,0.0,0.0,0.0,0.0,0.0,0.0,0.0,0.0,4.101,0.0,60.17,0.0,0.0,0.0,0.0,16.0,0.0,0.0,0.0,0.0,0.0,-8.49,-8.72,0.0,-10.7,277.0,10.3,3.5,3.472,-1.0,2.213,2.8,4901
2016-01-20 05:32:00,0.0,0.0,0.0,1067290.0,62.9,59.9,60.0,0.0,40789.0,507.0,93035.0,1024949.0,0.0,1.0,0.0,0.0,0.0,274.8,274.1,275.9,0.772,271.0,0.531,271.0,0.842,273.0,0.002,14.07,2.0,3.0,0.0,-7.415,0.0,20.67,7.342,0.0,-0.026,-0.017,-0.017,-0.407,-0.1119999999999999,0.6029999999999999,0.0,-6.445,-10.7,-11.15,-11.25,-10.68,-10.77,-11.04,-105.9,-11.06,-10.49,0.022,-0.004,-0.006,-0.006,-0.005,0.004,-0.001,-0.002,6472.0,9103.0,9059.0,9238.0,7861.0,7836.0,6348.0,0.0,0.0,0.0,0.0,0.0,0.0,0.0,0.0,4.112,0.0,60.14,0.0,0.0,0.0,0.0,16.0,0.0,0.0,0.0,0.0,0.0,-8.529999999999998,-8.75,0.0,-10.72,291.7,13.11,3.0,3.472,-1.0,2.255,3.3,4901
2016-01-20 05:33:00,0.0,0.0,0.0,1067290.0,62.9,59.9,60.0,0.0,40789.0,507.0,93035.0,1024949.0,0.0,1.0,0.0,0.0,0.0,274.8,273.8,275.6,0.772,271.0,0.531,271.0,0.842,273.0,0.002,14.07,1.0,3.0,0.0,-7.415,0.0,20.51,7.3889999999999985,0.0,-0.025,-0.017,-0.017,-0.407,-0.098,0.7929999999999999,0.0,-6.445,-10.7,-11.15,-11.25,-10.68,-10.77,-11.06,-57.55,-10.96,-10.5,0.023,-0.004,-0.0069999999999999,-0.005,-0.003,0.004,-0.001,-0.002,6472.0,9103.0,9059.0,9238.0,7861.0,7836.0,6348.0,0.0,0.0,0.0,0.0,0.0,0.0,0.0,0.0,4.064,0.0,60.14,0.0,0.0,0.0,0.0,16.0,0.0,0.0,0.0,0.0,0.0,-8.5,-8.74,0.0,-10.72,304.8,17.35,3.833,3.472,-1.0,2.092,3.5,4901
2016-01-20 05:34:00,0.0,0.0,0.0,1067290.0,62.9,59.9,60.0,0.0,40789.0,507.0,93035.0,1024949.0,0.0,1.0,0.0,0.0,0.0,274.8,273.8,275.6,0.772,271.0,0.531,271.0,0.842,273.0,0.002,14.07,1.0,3.0,0.0,-7.415,0.0,20.45,7.407,0.0,-0.024,-0.017,-0.017,-0.407,-0.098,0.7759999999999999,0.0,-6.431,-10.69,-11.15,-11.25,-10.77,-10.8,-11.07,-62.09,-10.97,-10.49,0.023,-0.004,-0.006,-0.005,-0.004,0.004,-0.002,-0.001,6472.0,9103.0,9059.0,9238.0,7861.0,7836.0,6348.0,0.0,0.0,0.0,0.0,0.0,0.0,0.0,0.0,4.137,0.0,60.14,0.0,0.0,0.0,0.0,16.0,0.0,0.0,0.0,0.0,0.0,-8.529999999999998,-8.73,0.0,-10.71,296.0,13.02,3.5,3.472,-1.0,1.67,2.4,4901
2016-01-20 05:35:00,0.0,0.0,0.0,1067290.0,62.9,59.9,60.0,0.0,40789.0,507.0,93035.0,1024949.0,0.0,1.0,0.0,0.0,0.0,274.6,273.8,275.6,0.772,271.0,0.531,271.0,0.842,273.0,0.002,14.07,1.0,3.0,0.0,-7.415,0.0,20.63,7.407999999999999,0.0,-0.026,-0.017,-0.017,-0.407,-0.1119999999999999,0.6019999999999999,0.0,-6.445,-10.67,-11.15,-11.25,-10.77,-10.85,-11.09,-36.22,-11.04,-10.57,0.02,-0.005,-0.006,-0.005,-0.005,0.004,-0.002,-0.002,6472.0,9103.0,9059.0,9238.0,7861.0,7836.0,6348.0,0.0,0.0,0.0,0.0,0.0,0.0,0.0,0.0,4.156000000000001,0.0,60.17,0.0,0.0,0.0,0.0,16.0,0.0,0.0,0.0,0.0,0.0,-8.57,-8.71,0.0,-10.69,285.1,14.24,3.0,3.472,-1.0,1.607,2.8,4901
2016-01-20 05:36:00,0.0,0.0,0.0,1067290.0,62.9,59.9,60.0,0.0,40789.0,507.0,93035.0,1024949.0,0.0,1.0,0.0,0.0,0.0,274.7,273.6,275.4,0.772,271.0,0.531,271.0,0.842,273.0,0.002,14.07,1.0,3.0,0.0,-7.415,0.0,20.52,7.364,0.0,-0.0279999999999999,-0.017,-0.017,-0.407,-0.1119999999999999,0.7759999999999999,0.0,-6.445,-10.72,-11.2,-11.32,-10.77,-10.84,-11.15,-51.89,-11.06,-10.61,0.018,-0.004,-0.006,-0.006,-0.004,0.004,-0.002,-0.003,6472.0,9103.0,9059.0,9238.0,7861.0,7836.0,6348.0,0.0,0.0,0.0,0.0,0.0,0.0,0.0,0.0,4.133,0.0,60.14,0.0,0.0,0.0,0.0,16.0,0.0,0.0,0.0,0.0,0.0,-8.599999999999998,-8.74,0.0,-10.75,262.3,12.54,3.5,3.472,-1.0,1.642,3.1,4901
2016-01-20 05:37:00,0.0,0.0,0.0,1067290.0,62.9,59.9,60.0,0.0,40789.0,507.0,93035.0,1024949.0,0.0,1.0,0.0,0.0,0.0,274.6,273.7,275.6,0.772,271.0,0.531,271.0,0.842,273.0,0.002,14.07,1.0,3.0,0.0,-7.415,0.0,20.63,7.415,0.0,-0.0289999999999999,-0.017,-0.017,-0.407,-0.121,0.6029999999999999,0.0,-6.445,-10.69,-11.25,-11.27,-10.74,-10.77,-11.07,-31.8,-11.01,-10.58,0.02,-0.005,-0.006,-0.005,-0.005,0.004,-0.002,0.0,6472.0,9103.0,9059.0,9238.0,7861.0,7836.0,6348.0,0.0,0.0,0.0,0.0,0.0,0.0,0.0,0.0,4.087,0.0,60.14,0.0,0.0,0.0,0.0,16.0,0.0,0.0,0.0,0.0,0.0,-8.529999999999998,-8.71,0.0,-10.73,285.6,10.91,3.0,3.472,-1.0,2.43,3.4,4901
2016-01-20 05:38:00,0.0,0.0,0.0,1067290.0,62.9,59.9,60.0,0.0,40789.0,507.0,93035.0,1024949.0,0.0,1.0,0.0,0.0,0.0,274.4,273.8,275.5,0.772,271.0,0.531,271.0,0.842,273.0,0.002,14.07,1.0,3.0,0.0,-7.415,0.0,20.57,7.412,0.0,-0.027,-0.017,-0.017,-0.407,-0.114,0.777,0.0,-6.445,-10.72,-11.2,-11.25,-10.77,-10.77,-11.07,-10.89,-11.03,-10.58,0.018,-0.005,-0.0069999999999999,-0.006,-0.004,0.004,-0.002,-0.002,6472.0,9103.0,9059.0,9238.0,7861.0,7836.0,6348.0,0.0,0.0,0.0,0.0,0.0,0.0,0.0,0.0,4.058,0.0,60.14,0.0,0.0,0.0,0.0,16.0,0.0,0.0,0.0,0.0,0.0,-8.56,-8.8,0.0,-10.76,303.2,16.96,3.5,3.472,-1.0,1.812,2.9,4901
2016-01-20 05:39:00,0.0,0.0,0.0,1067290.0,62.9,59.9,60.0,0.0,40789.0,507.0,93035.0,1024949.0,0.0,1.0,0.0,0.0,0.0,274.5,273.8,275.3,0.772,271.0,0.531,271.0,0.842,273.0,0.002,14.07,1.0,3.0,0.0,-7.415,0.0,20.64,7.388,0.0,-0.027,-0.017,-0.017,-0.407,-0.104,0.792,0.0,-6.428,-10.72,-11.21,-11.3,-10.77,-10.87,-11.1,-10.89,-11.06,-10.58,0.02,-0.005,-0.006,-0.006,-0.004,0.004,-0.002,-0.001,6472.0,9103.0,9059.0,9238.0,7861.0,7836.0,6348.0,0.0,0.0,0.0,0.0,0.0,0.0,0.0,0.0,4.057,0.0,60.14,0.0,0.0,0.0,0.0,16.0,0.0,0.0,0.0,0.0,0.0,-8.57,-8.779999999999998,0.0,-10.71,289.7,12.16,3.5,3.472,-1.0,1.927,2.7,4901
2016-01-20 05:40:00,0.0,0.0,0.0,1067290.0,62.9,59.9,60.0,0.0,40789.0,507.0,93035.0,1024949.0,0.0,1.0,0.0,0.0,0.0,274.5,274.0,275.7,0.772,271.0,0.531,271.0,0.842,273.0,0.002,14.07,1.0,3.0,0.0,-7.415,0.0,20.64,7.392,0.0,-0.027,-0.017,-0.017,-0.407,-0.1169999999999999,0.7759999999999999,0.0,-6.462999999999999,-10.67,-11.15,-11.25,-10.77,-10.8,-11.07,-10.82,-11.03,-10.58,0.031,-0.005,-0.006,-0.006,-0.004,0.004,-0.002,-0.002,6472.0,9103.0,9059.0,9238.0,7861.0,7836.0,6348.0,0.0,0.0,0.0,0.0,0.0,0.0,0.0,0.0,4.057,0.0,60.19,0.0,0.0,0.0,0.0,16.0,0.0,0.0,0.0,0.0,0.0,-8.58,-8.73,0.0,-10.69,293.0,15.5,3.5,3.472,-1.0,1.887,2.7,4901
2016-01-20 05:41:00,0.0,0.0,0.0,1067290.0,62.9,59.9,60.0,0.0,40789.0,507.0,93035.0,1024949.0,0.0,1.0,0.0,0.0,0.0,274.8,273.8,275.4,0.772,271.0,0.531,271.0,0.842,273.0,0.002,14.07,2.0,3.0,0.0,-7.428,0.0,20.61,7.343,0.0,-0.027,-0.017,-0.017,-0.407,-0.1,0.5939999999999999,0.0,-6.445,-10.69,-11.15,-11.25,-10.77,-10.84,-11.07,-10.89,-10.98,-10.6,0.022,-0.004,-0.006,-0.005,-0.004,0.004,-0.002,-0.001,6472.0,9103.0,9059.0,9238.0,7861.0,7836.0,6348.0,0.0,0.0,0.0,0.0,0.0,0.0,0.0,0.0,4.057,0.0,60.21,0.0,0.0,0.0,0.0,16.0,0.0,0.0,0.0,0.0,0.0,-8.519999999999998,-8.769999999999998,0.0,-10.73,312.5,9.43,3.0,3.473,-1.0,2.802,4.2,4901
2016-01-20 05:42:00,0.0,0.0,0.0,1067290.0,62.9,59.9,60.0,0.0,40789.0,507.0,93035.0,1024949.0,0.0,1.0,0.0,0.0,0.0,274.9,273.7,275.4,0.772,271.0,0.531,271.0,0.842,273.0,0.002,14.07,1.0,3.0,0.0,-7.437999999999999,0.0,20.56,7.335,0.0,-0.025,-0.017,-0.017,-0.407,-0.104,0.785,0.0,-6.523,-10.77,-11.25,-11.27,-10.79,-10.87,-11.12,-36.67,-10.98,-10.58,0.02,-0.005,-0.005,-0.005,-0.004,0.004,-0.003,-0.001,6472.0,9103.0,9059.0,9238.0,7861.0,7836.0,6348.0,0.0,0.0,0.0,0.0,0.0,0.0,0.0,0.0,4.057,0.0,60.22,0.0,0.0,0.0,0.0,16.0,0.0,0.0,0.0,0.0,0.0,-8.54,-8.82,0.0,-10.8,284.2,18.63,3.833,3.472,-1.0,2.207,3.7,4901
2016-01-20 05:43:00,0.0,0.0,0.0,1067290.0,62.9,59.9,60.0,0.0,40789.0,507.0,93035.0,1024949.0,0.0,1.0,0.0,0.0,0.0,274.4,273.7,275.3,0.772,270.7,0.531,270.7,0.842,272.5,0.002,14.07,1.0,3.0,0.0,-7.437999999999999,0.0,20.55,7.258999999999999,0.0,-0.024,-0.017,-0.017,-0.407,-0.104,0.6029999999999999,0.0,-6.527,-10.78,-11.26,-11.25,-10.79,-10.82,-11.12,-10.87,-11.06,-10.57,0.019,-0.004,-0.006,-0.005,-0.005,0.004,-0.001,-0.001,6472.0,9103.0,9059.0,9238.0,7861.0,7836.0,6348.0,0.0,0.0,0.0,0.0,0.0,0.0,0.0,0.0,4.057,0.0,60.15,0.0,0.0,0.0,0.0,16.0,0.0,0.0,0.0,0.0,0.0,-8.57,-8.79,0.0,-10.76,274.6,14.86,3.333,3.472,-1.0,2.183,3.2,4901
2016-01-20 05:44:00,0.0,0.0,0.0,1067290.0,62.9,59.9,60.0,0.0,40789.0,507.0,93035.0,1024949.0,0.0,1.0,0.0,0.0,0.0,274.4,273.4,275.2,0.772,270.7,0.531,270.0,0.842,272.3,0.001,14.07,1.0,3.0,0.0,-7.437999999999999,0.0,20.53,7.348,0.0,-0.023,-0.017,-0.017,-0.407,-0.104,0.824,0.0,-6.541,-10.74,-11.17,-11.25,-10.71,-10.77,-11.07,-10.8,-10.96,-10.52,0.017,-0.004,-0.006,-0.005,-0.005,0.003,-0.002,-0.001,6472.0,9103.0,9059.0,9238.0,7861.0,7836.0,6348.0,0.0,0.0,0.0,0.0,0.0,0.0,0.0,0.0,4.057,0.0,60.19,0.0,0.0,0.0,0.0,16.0,0.0,0.0,0.0,0.0,0.0,-8.519999999999998,-8.73,0.0,-10.73,291.4,14.03,3.667,3.472,-1.0,2.805,4.0,4901
2016-01-20 05:45:00,0.0,0.0,0.0,1067290.0,62.9,59.9,60.0,0.0,40789.0,507.0,93035.0,1024949.0,0.0,1.0,0.0,0.0,0.0,274.2,273.5,275.3,0.772,270.5,0.531,270.0,0.842,272.4,0.002,14.07,1.0,3.0,0.0,-7.437999999999999,0.0,20.63,7.308,0.0,-0.023,-0.017,-0.017,-0.407,-0.089,0.746,0.0,-6.524,-10.77,-11.25,-11.25,-10.77,-10.82,-11.07,-31.97,-11.03,-10.44,0.0149999999999999,-0.005,-0.006,-0.005,-0.004,0.003,-0.002,-0.002,6472.0,9103.0,9059.0,9238.0,7861.0,7836.0,6348.0,0.0,0.0,0.0,0.0,0.0,0.0,0.0,0.0,4.057,0.0,60.2,0.0,0.0,0.0,0.0,16.0,0.0,0.0,0.0,0.0,0.0,-8.55,-8.79,0.0,-10.75,277.3,14.38,3.333,3.472,-1.0,2.33,3.9,4901
2016-01-20 05:46:00,0.0,0.0,0.0,1067290.0,62.9,59.9,60.0,0.0,40789.0,507.0,93035.0,1024949.0,0.0,1.0,0.0,0.0,0.0,274.1,273.3,275.1,0.772,270.0,0.531,270.0,0.842,272.0,0.001,14.07,1.0,3.0,0.0,-7.437999999999999,0.0,20.61,7.253999999999999,0.0,-0.023,-0.017,-0.017,-0.407,-0.121,0.633,0.0,-6.527,-10.77,-11.25,-11.3,-10.77,-10.85,-11.07,-36.46,-11.04,-10.49,0.0289999999999999,-0.005,-0.0069999999999999,-0.006,-0.004,0.005,-0.002,-0.001,6472.0,9103.0,9059.0,9238.0,7861.0,7836.0,6348.0,0.0,0.0,0.0,0.0,0.0,0.0,0.0,0.0,4.057,0.0,60.21,0.0,0.0,0.0,0.0,16.0,0.0,0.0,0.0,0.0,0.0,-8.599999999999998,-8.82,0.0,-10.76,285.0,33.26,3.167,3.472,-1.0,1.93,3.2,4901
2016-01-20 05:47:00,0.0,0.0,0.0,1067290.0,62.9,59.9,60.0,0.0,40789.0,507.0,93035.0,1024949.0,0.0,1.0,0.0,0.0,0.0,274.2,272.9,274.8,0.772,270.0,0.531,270.0,0.842,272.0,0.002,14.07,1.0,3.0,0.0,-7.441,0.0,20.41,7.321,0.0,-0.024,-0.017,-0.017,-0.407,-0.104,0.928,0.0,-6.541,-10.77,-11.28,-11.32,-10.77,-10.87,-11.12,-10.89,-11.06,-10.52,0.025,-0.004,-0.0069999999999999,-0.006,-0.004,0.004,-0.002,-0.001,6472.0,9103.0,9059.0,9238.0,7861.0,7836.0,6348.0,0.0,0.0,0.0,0.0,0.0,0.0,0.0,0.0,4.057,0.0,60.15,0.0,0.0,0.0,0.0,16.0,0.0,0.0,0.0,0.0,0.0,-8.62,-8.87,0.0,-10.82,284.9,24.85,3.833,3.472,-1.0,1.45,2.9,4901
2016-01-20 05:48:00,0.0,0.0,0.0,1067290.0,62.9,59.9,60.0,0.0,40789.0,507.0,93035.0,1024949.0,0.0,1.0,0.0,0.0,0.0,274.1,273.0,274.8,0.772,270.0,0.531,270.0,0.842,272.0,0.002,14.07,2.0,3.0,0.0,-7.457999999999998,0.0,20.68,7.307,0.0,-0.027,-0.017,-0.017,-0.407,-0.11,0.5939999999999999,0.0,-6.541,-10.86,-11.34,-11.36,-10.79,-10.85,-11.17,-10.89,-11.05,-10.58,0.023,-0.004,-0.006,-0.005,-0.004,0.005,-0.002,-0.001,6472.0,9103.0,9059.0,9238.0,7861.0,7836.0,6348.0,0.0,0.0,0.0,0.0,0.0,0.0,0.0,0.0,4.057,0.0,60.14,0.0,0.0,0.0,0.0,16.0,0.0,0.0,0.0,0.0,0.0,-8.689999999999998,-8.859999999999998,0.0,-10.85,296.2,15.71,3.0,3.472,-1.0,1.218,1.9,4901
2016-01-20 05:49:00,0.0,0.0,0.0,1067290.0,62.9,59.9,60.0,0.0,40789.0,507.0,93035.0,1024949.0,0.0,1.0,0.0,0.0,0.0,273.9,272.9,274.7,0.772,270.0,0.531,270.0,0.842,272.0,0.002,14.07,1.0,3.0,0.0,-7.46,0.0,20.52,7.296,0.0,-0.0299999999999999,-0.017,-0.017,-0.407,-0.108,0.784,0.0,-6.541,-10.86,-11.29,-11.44,-10.87,-10.88,-11.19,-13.95,-11.06,-10.66,0.017,-0.004,-0.006,-0.006,-0.004,0.004,-0.002,-0.001,6472.0,9103.0,9059.0,9238.0,7861.0,7836.0,6348.0,0.0,0.0,0.0,0.0,0.0,0.0,0.0,0.0,4.049,0.0,60.14,0.0,0.0,0.0,0.0,16.0,0.0,0.0,0.0,0.0,0.0,-8.73,-8.89,0.0,-10.83,317.3,22.77,3.5,3.472,-1.0,1.095,2.2,4901
2016-01-20 05:50:00,0.0,0.0,0.0,1067290.0,62.9,59.9,60.0,0.0,40789.0,507.0,93035.0,1024949.0,0.0,1.0,0.0,0.0,0.0,273.7,272.8,274.6,0.772,270.0,0.531,270.0,0.842,272.0,0.002,14.07,2.0,3.0,0.0,-7.46,0.0,20.77,7.242000000000002,0.0,-0.0299999999999999,-0.017,-0.017,-0.407,-0.104,0.5939999999999999,0.0,-6.541,-10.89,-11.34,-11.49,-10.92,-11.0,-11.3,-62.51,-11.2,-10.78,0.0139999999999999,-0.004,-0.006,-0.005,-0.004,0.004,-0.002,-0.001,6472.0,9103.0,9059.0,9238.0,7861.0,7836.0,6348.0,0.0,0.0,0.0,0.0,0.0,0.0,0.0,0.0,4.03,0.0,60.14,0.0,0.0,0.0,0.0,16.0,0.0,0.0,0.0,0.0,0.0,-8.76,-8.939999999999998,0.0,-10.9,279.0,10.63,3.0,3.472,-1.0,1.66,3.2,4901
2016-01-20 05:51:00,0.0,0.0,0.0,1067290.0,62.9,59.9,60.0,0.0,40789.0,507.0,93035.0,1024949.0,0.0,1.0,0.0,0.0,0.0,273.7,272.6,274.5,0.772,270.0,0.531,270.0,0.842,272.0,0.002,14.07,1.0,3.0,0.0,-7.46,0.0,20.55,7.257,0.0,-0.0299999999999999,-0.017,-0.017,-0.407,-0.108,0.792,0.0,-6.541,-10.89,-11.34,-11.46,-10.95,-11.0,-11.28,-11.03,-11.16,-10.78,0.025,-0.005,-0.006,-0.006,-0.004,0.004,-0.002,-0.001,6472.0,9103.0,9059.0,9238.0,7861.0,7836.0,6348.0,0.0,0.0,0.0,0.0,0.0,0.0,0.0,0.0,4.024,0.0,60.15,0.0,0.0,0.0,0.0,16.0,0.0,0.0,0.0,0.0,0.0,-8.65,-8.89,0.0,-10.88,277.7,11.01,3.833,3.473,-1.0,2.755,4.0,4901
2016-01-20 05:52:00,0.0,0.0,0.0,1067290.0,62.9,59.9,60.0,0.0,40789.0,507.0,93035.0,1024949.0,0.0,1.0,0.0,0.0,0.0,273.2,272.4,274.3,0.772,269.6,0.531,269.2,0.842,272.0,0.001,14.07,1.0,3.0,0.0,-7.46,0.0,20.54,7.277999999999999,0.0,-0.0299999999999999,-0.017,-0.017,-0.407,-0.095,0.637,0.0,-6.541,-10.81,-11.33,-11.44,-10.87,-10.96,-11.26,-11.02,-11.14,-10.78,0.023,-0.005,-0.0069999999999999,-0.005,-0.004,0.004,-0.002,-0.001,6472.0,9103.0,9059.0,9238.0,7861.0,7836.0,6348.0,0.0,0.0,0.0,0.0,0.0,0.0,0.0,0.0,4.032,0.0,60.14,0.0,0.0,0.0,0.0,16.0,0.0,0.0,0.0,0.0,0.0,-8.64,-8.859999999999998,0.0,-10.82,293.4,14.39,3.167,3.472,-1.0,1.332,2.2,4901
2016-01-20 05:53:00,0.0,0.0,0.0,1067290.0,62.9,59.9,60.0,0.0,40789.0,507.0,93035.0,1024949.0,0.0,1.0,0.0,0.0,0.0,273.3,272.3,274.2,0.772,269.1,0.531,269.0,0.842,272.0,0.002,14.07,1.0,3.0,0.0,-7.462999999999998,0.0,20.56,7.256,0.0,-0.0299999999999999,-0.017,-0.017,-0.407,-0.11,0.5939999999999999,0.0,-6.541,-10.78,-11.34,-11.44,-10.88,-10.96,-11.25,-32.03,-11.14,-10.78,0.018,-0.005,-0.006,-0.006,-0.005,0.003,-0.003,-0.001,6472.0,9103.0,9059.0,9238.0,7861.0,7836.0,6348.0,0.0,0.0,0.0,0.0,0.0,0.0,0.0,0.0,3.99,0.0,60.14,0.0,0.0,0.0,0.0,16.0,0.0,0.0,0.0,0.0,0.0,-8.689999999999998,-8.87,0.0,-10.83,280.7,14.6,3.0,3.472,-1.0,2.292,3.2,4901
2016-01-20 05:54:00,0.0,0.0,0.0,1067290.0,62.9,59.9,60.0,0.0,40789.0,507.0,93035.0,1024949.0,0.0,1.0,0.0,0.0,0.0,273.3,271.9,273.8,0.772,268.8,0.531,269.0,0.842,271.7,0.002,14.08,1.0,3.0,0.0,-7.479,0.0,20.54,7.266,0.0,-0.0299999999999999,-0.017,-0.017,-0.407,-0.1019999999999999,0.932,0.0,-6.541,-10.86,-11.33,-11.46,-10.87,-10.96,-11.26,-32.08,-11.11,-10.78,0.019,-0.005,-0.0069999999999999,-0.006,-0.004,0.004,-0.002,-0.001,6472.0,9103.0,9059.0,9238.0,7861.0,7836.0,6348.0,0.0,0.0,0.0,0.0,0.0,0.0,0.0,0.0,4.009,0.0,60.14,0.0,0.0,0.0,0.0,16.0,0.0,0.0,0.0,0.0,0.0,-8.699999999999998,-8.87,0.0,-10.83,298.1,16.47,4.0,3.472,-1.0,1.223,2.0,4901
2016-01-20 05:55:00,0.0,0.0,0.0,1067290.0,62.9,59.9,60.0,0.0,40789.0,507.0,93035.0,1024949.0,0.0,1.0,0.0,0.0,0.0,271.1,270.4,272.2,0.772,267.1,0.531,267.2,0.842,269.8,0.001,14.07,1.0,3.0,0.0,-7.482999999999999,0.0,20.52,7.291,0.0,-0.0299999999999999,-0.017,-0.017,-0.407,-0.108,0.635,0.0,-6.51,-10.85,-11.31,-11.49,-10.91,-10.96,-11.28,-53.22,-11.16,-10.87,0.022,-0.004,-0.006,-0.006,-0.004,0.003,-0.002,-0.001,6472.0,9103.0,9059.0,9238.0,7861.0,7836.0,6348.0,0.0,0.0,0.0,0.0,0.0,0.0,0.0,0.0,3.967,0.0,60.14,0.0,0.0,0.0,0.0,16.0,0.0,0.0,0.0,0.0,0.0,-8.79,-8.89,0.0,-10.83,292.8,19.55,3.167,3.473,-1.0,1.337,2.6,4901
2016-01-20 05:56:00,0.0,0.0,0.0,1067290.0,62.9,59.9,60.0,0.0,40789.0,507.0,93035.0,1024949.0,0.0,1.0,0.0,0.0,0.0,273.8,272.8,274.7,0.772,269.9,0.531,269.9,0.842,272.0,0.002,14.07,1.0,3.0,0.0,-7.482999999999999,0.0,20.68,7.331,0.0,-0.0299999999999999,-0.017,-0.017,-0.407,-0.095,0.5939999999999999,0.0,-6.541,-10.86,-11.34,-11.51,-10.93,-11.01,-11.33,-11.08,-11.21,-10.92,0.018,-0.004,-0.0069999999999999,-0.005,-0.005,0.004,-0.003,-0.002,6472.0,9103.0,9059.0,9238.0,7861.0,7836.0,6348.0,0.0,0.0,0.0,0.0,0.0,0.0,0.0,0.0,3.929,0.0,60.17,0.0,0.0,0.0,0.0,16.0,0.0,0.0,0.0,0.0,0.0,-8.74,-8.929999999999998,0.0,-10.87,300.6,12.94,3.0,3.473,-1.0,2.163,3.3,4901
2016-01-20 05:57:00,0.0,0.0,0.0,1067290.0,62.9,59.9,60.0,0.0,40789.0,507.0,93035.0,1024949.0,0.0,1.0,0.0,0.0,0.0,274.4,273.9,275.8,0.772,271.0,0.531,271.0,0.842,273.0,0.002,14.08,1.0,3.0,0.0,-7.482999999999999,0.0,20.56,7.2189999999999985,0.0,-0.0299999999999999,-0.017,-0.017,-0.407,-0.1119999999999999,0.933,0.0,-6.541,-10.96,-11.34,-11.54,-10.98,-11.06,-11.36,-11.08,-11.22,-10.85,0.0149999999999999,-0.005,-0.0069999999999999,-0.006,-0.004,0.004,-0.002,-0.002,6472.0,9103.0,9059.0,9238.0,7861.0,7836.0,6348.0,0.0,0.0,0.0,0.0,0.0,0.0,0.0,0.0,3.925,0.0,60.2,0.0,0.0,0.0,0.0,16.0,0.0,0.0,0.0,0.0,0.0,-8.71,-8.96,0.0,-10.93,277.9,18.23,3.833,3.473,-1.0,2.168,2.9,4901
2016-01-20 05:58:00,0.0,0.0,0.0,1067290.0,62.9,59.9,60.0,0.0,40789.0,507.0,93035.0,1024949.0,0.0,1.0,0.0,0.0,0.0,274.9,274.0,276.0,0.772,271.0,0.531,271.0,0.842,273.0,0.001,14.07,1.0,3.0,0.0,-7.495,0.0,20.53,7.237,0.0,-0.0299999999999999,-0.017,-0.017,-0.407,-0.095,0.639,0.0,-6.541,-10.96,-11.34,-11.54,-10.96,-11.04,-11.34,-11.08,-11.24,-10.79,0.01,-0.005,-0.0069999999999999,-0.006,-0.004,0.003,-0.003,-0.001,6472.0,9103.0,9059.0,9238.0,7861.0,7836.0,6348.0,0.0,0.0,0.0,0.0,0.0,0.0,0.0,0.0,3.924,0.0,60.21,0.0,0.0,0.0,0.0,16.0,0.0,0.0,0.0,0.0,0.0,-8.72,-8.92,0.0,-10.91,299.1,15.82,3.167,3.473,-1.0,2.053,3.1,4901
2016-01-20 05:59:00,0.0,0.0,0.0,1067290.0,62.9,59.9,60.0,0.0,40789.0,507.0,93035.0,1024949.0,0.0,1.0,0.0,0.0,0.0,274.7,274.2,276.1,0.772,271.0,0.531,271.0,0.842,273.0,0.002,14.07,1.0,3.0,0.0,-7.505,0.0,20.58,7.241,0.0,-0.0299999999999999,-0.017,-0.017,-0.407,-0.1,0.5939999999999999,0.0,-6.541,-10.96,-11.36,-11.54,-10.96,-11.06,-11.35,-11.08,-11.22,-10.86,0.024,-0.004,-0.005,-0.005,-0.004,0.004,-0.002,-0.001,6472.0,9103.0,9059.0,9238.0,7861.0,7836.0,6348.0,0.0,0.0,0.0,0.0,0.0,0.0,0.0,0.0,3.924,0.0,60.23,0.0,0.0,0.0,0.0,16.0,0.0,0.0,0.0,0.0,0.0,-8.74,-8.929999999999998,0.0,-10.96,300.6,48.67,3.0,3.472,-1.0,1.01,2.2,4901
2016-01-20 06:00:00,0.0,0.0,0.0,1067290.0,62.9,59.9,60.0,0.0,40789.0,507.0,93035.0,1024949.0,0.0,1.0,0.0,0.0,0.0,275.1,273.9,275.9,0.772,271.0,0.531,271.0,0.842,273.0,0.002,14.07,1.0,3.0,0.0,-7.505,0.0,20.51,7.231,0.0,-0.0299999999999999,-0.017,-0.017,-0.407,-0.119,0.92,0.0,-6.524,-10.96,-11.44,-11.6,-11.03,-11.06,-11.36,-11.08,-11.21,-10.87,0.022,-0.005,-0.0069999999999999,-0.006,-0.004,0.004,-0.003,-0.002,6472.0,9103.0,9059.0,9238.0,7861.0,7836.0,6348.0,0.0,0.0,0.0,0.0,0.0,0.0,0.0,0.0,3.924,0.0,60.22,0.0,0.0,0.0,0.0,16.0,0.0,0.0,0.0,0.0,0.0,-8.74,-8.939999999999998,0.0,-10.97,290.9,27.37,4.0,3.473,-1.0,1.987,3.7,4901
2016-01-20 06:01:00,0.0,0.0,0.0,1067290.0,62.9,59.9,60.0,0.0,40789.0,507.0,93035.0,1024949.0,0.0,1.0,0.0,0.0,0.0,274.5,273.6,275.6,0.772,271.0,0.531,270.9,0.842,273.0,0.002,14.07,2.0,3.0,0.0,-7.505,0.0,20.46,7.232,0.0,-0.0299999999999999,-0.017,-0.017,-0.407,-0.1,0.5939999999999999,0.0,-6.541,-11.02,-11.49,-11.64,-11.09,-11.19,-11.42,-57.91,-11.32,-10.9,0.0139999999999999,-0.004,-0.006,-0.005,-0.005,0.004,-0.002,-0.001,6472.0,9103.0,9059.0,9238.0,7861.0,7836.0,6348.0,0.0,0.0,0.0,0.0,0.0,0.0,0.0,0.0,3.955,0.0,60.15,0.0,0.0,0.0,0.0,16.0,0.0,0.0,0.0,0.0,0.0,-8.71,-8.99,0.0,-11.01,299.6,50.22,3.0,3.473,-1.0,1.198,2.1,4901
2016-01-20 06:02:00,0.0,0.0,0.0,1067290.0,62.9,59.9,60.0,0.0,40789.0,507.0,93035.0,1024949.0,0.0,1.0,0.0,0.0,0.0,274.4,273.4,275.3,0.772,270.7,0.531,270.2,0.842,272.8,0.002,14.07,1.0,3.0,0.0,-7.505,0.0,20.66,7.263,0.0,-0.0299999999999999,-0.017,-0.017,-0.407,-0.106,0.784,0.0,-6.541,-10.97,-11.53,-11.64,-11.16,-11.24,-11.46,-37.0,-11.33,-10.97,0.0139999999999999,-0.004,-0.006,-0.006,-0.005,0.004,-0.002,0.0,6472.0,9103.0,9059.0,9238.0,7861.0,7836.0,6348.0,0.0,0.0,0.0,0.0,0.0,0.0,0.0,0.0,3.975,0.0,60.15,0.0,0.0,0.0,0.0,16.0,0.0,0.0,0.0,0.0,0.0,-8.779999999999998,-8.96,0.0,-11.0,290.7,22.63,3.5,3.473,-1.0,1.602,2.7,4901
2016-01-20 06:03:00,0.0,0.0,0.0,1067290.0,62.9,59.9,60.0,0.0,40789.0,507.0,93035.0,1024949.0,0.0,1.0,0.0,0.0,0.0,274.1,273.2,275.0,0.772,270.0,0.531,270.0,0.842,272.0,0.002,14.07,1.0,3.0,0.0,-7.516,0.0,20.6,7.266,0.0,-0.0299999999999999,-0.017,-0.017,-0.407,-0.104,0.647,0.0,-6.541,-10.98,-11.49,-11.64,-11.14,-11.22,-11.46,-36.94,-11.29,-10.97,0.023,-0.004,-0.005,-0.006,-0.004,0.004,-0.002,-0.001,6472.0,9103.0,9059.0,9238.0,7861.0,7836.0,6348.0,0.0,0.0,0.0,0.0,0.0,0.0,0.0,0.0,3.975,0.0,60.15,0.0,0.0,0.0,0.0,16.0,0.0,0.0,0.0,0.0,0.0,-8.73,-8.849999999999998,0.0,-11.03,306.6,20.11,3.167,3.473,-1.0,1.665,3.0,4901
2016-01-20 06:04:00,0.0,0.0,0.0,1067290.0,62.9,59.9,60.0,0.0,40789.0,507.0,93035.0,1024949.0,0.0,1.0,0.0,0.0,0.0,275.5,274.8,276.5,0.772,271.5,0.531,271.5,0.842,273.5,0.002,14.07,1.0,3.0,0.0,-7.526,0.0,20.58,7.297,0.0,-0.0299999999999999,-0.017,-0.017,-0.407,-0.095,0.5939999999999999,0.0,-6.541,-11.12,-11.53,-11.67,-11.17,-11.25,-11.55,-11.28,-11.36,-11.02,0.02,-0.005,-0.006,-0.005,-0.004,0.004,-0.002,-0.001,6472.0,9103.0,9059.0,9238.0,7861.0,7836.0,6348.0,0.0,0.0,0.0,0.0,0.0,0.0,0.0,0.0,3.959,0.0,60.14,0.0,0.0,0.0,0.0,16.0,0.0,0.0,0.0,0.0,0.0,-8.689999999999998,-8.939999999999998,0.0,-11.13,291.9,24.58,3.0,3.473,-1.0,1.043,1.7,4901
2016-01-20 06:05:00,0.0,0.0,0.0,1067290.0,62.9,59.9,60.0,0.0,40789.0,507.0,93035.0,1024949.0,0.0,1.0,0.0,0.0,0.0,278.3,277.8,279.5,0.772,275.0,0.531,275.0,0.842,277.0,0.002,14.07,1.0,3.0,0.0,-7.526,0.0,20.56,7.256,0.0,-0.0299999999999999,-0.017,-0.017,-0.407,-0.108,0.7829999999999999,0.0,-6.524,-11.15,-11.55,-11.67,-11.17,-11.25,-11.55,-11.28,-11.29,-11.08,0.023,-0.004,-0.0069999999999999,-0.005,-0.004,0.004,-0.003,-0.002,6472.0,9103.0,9059.0,9238.0,7861.0,7836.0,6348.0,0.0,0.0,0.0,0.0,0.0,0.0,0.0,0.0,3.94,0.0,60.14,0.0,0.0,0.0,0.0,16.0,0.0,0.0,0.0,0.0,0.0,-8.73,-8.91,0.0,-11.12,276.6,52.48,3.667,3.472,-1.0,0.795,1.5,4901
2016-01-20 06:06:00,0.0,0.0,0.0,1067290.0,62.9,59.9,60.0,0.0,40789.0,507.0,93035.0,1024949.0,0.0,1.0,0.0,0.0,0.0,277.6,276.7,278.5,0.772,273.9,0.531,274.0,0.842,276.0,0.002,14.07,1.0,3.0,0.0,-7.526,0.0,20.62,7.292999999999998,0.0,-0.0299999999999999,-0.017,-0.017,-0.407,-0.11,0.7390000000000001,0.0,-6.559,-11.15,-11.63,-11.73,-11.2,-11.25,-11.54,-57.79,-11.38,-11.16,0.018,-0.004,-0.0069999999999999,-0.006,-0.004,0.004,-0.002,0.0,6472.0,9103.0,9059.0,9238.0,7861.0,7836.0,6348.0,0.0,0.0,0.0,0.0,0.0,0.0,0.0,0.0,4.017,0.0,60.15,0.0,0.0,0.0,0.0,16.0,0.0,0.0,0.0,0.0,0.0,-8.73,-8.98,0.0,-11.21,289.7,7.487999999999999,3.333,3.473,-1.0,1.515,2.1,4901
2016-01-20 06:07:00,0.0,0.0,0.0,1067290.0,62.9,59.9,60.0,0.0,40789.0,507.0,93035.0,1024949.0,0.0,1.0,0.0,0.0,0.0,277.0,275.9,277.7,0.772,273.0,0.531,273.0,0.842,275.0,0.001,14.07,1.0,3.0,0.0,-7.535,0.0,20.59,7.291,0.0,-0.0299999999999999,-0.017,-0.017,-0.407,-0.121,0.637,0.0,-6.541,-11.3,-11.73,-11.81,-11.25,-11.33,-11.65,-58.0,-11.42,-11.16,0.0279999999999999,-0.004,-0.006,-0.005,-0.005,0.003,-0.002,-0.001,6472.0,9103.0,9059.0,9238.0,7861.0,7836.0,6348.0,0.0,0.0,0.0,0.0,0.0,0.0,0.0,0.0,3.985,0.0,60.14,0.0,0.0,0.0,0.0,16.0,0.0,0.0,0.0,0.0,0.0,-8.699999999999998,-9.06,0.0,-11.31,277.2,22.18,3.167,3.472,-1.0,0.975,1.8,4901
2016-01-20 06:08:00,0.0,0.0,0.0,1067290.0,62.9,59.9,60.0,0.0,40789.0,507.0,93035.0,1024949.0,0.0,1.0,0.0,0.0,0.0,276.8,276.2,277.9,0.772,273.0,0.531,273.0,0.842,275.0,0.002,14.07,1.0,3.0,0.0,-7.547999999999998,0.0,20.4,7.257,0.0,-0.0299999999999999,-0.017,-0.018,-0.407,-0.1119999999999999,0.5939999999999999,0.0,-6.527,-11.34,-11.73,-11.83,-11.27,-11.35,-11.65,-11.39,-11.43,-11.18,0.0149999999999999,-0.005,-0.006,-0.006,-0.005,0.003,-0.002,-0.001,6472.0,9103.0,9059.0,9238.0,7861.0,7836.0,6348.0,0.0,0.0,0.0,0.0,0.0,0.0,0.0,0.0,3.936,0.0,60.12,0.0,0.0,0.0,0.0,16.0,0.0,0.0,0.0,0.0,0.0,-8.75,-9.02,0.0,-11.29,298.1,31.15,3.0,3.472,-1.0,1.523,2.3,4901
2016-01-20 06:09:00,0.0,0.0,0.0,1067290.0,62.9,59.9,60.0,0.0,40789.0,507.0,93035.0,1024949.0,0.0,1.0,0.0,0.0,0.0,276.9,276.1,277.9,0.772,273.0,0.531,273.0,0.842,275.0,0.002,14.08,1.0,3.0,0.0,-7.547999999999998,0.0,20.62,7.244,0.0,-0.0299999999999999,-0.017,-0.017,-0.407,-0.1119999999999999,0.93,0.0,-6.608,-11.29,-11.73,-11.84,-11.25,-11.35,-11.67,-36.91,-11.43,-11.18,0.02,-0.005,-0.0069999999999999,-0.005,-0.004,0.004,-0.002,-0.001,6472.0,9103.0,9059.0,9238.0,7861.0,7836.0,6348.0,0.0,0.0,0.0,0.0,0.0,0.0,0.0,0.0,3.977,0.0,60.16,0.0,0.0,0.0,0.0,16.0,0.0,0.0,0.0,0.0,0.0,-8.72,-8.98,0.0,-11.26,300.5,11.66,4.0,3.472,-1.0,1.203,1.7,4901
2016-01-20 06:10:00,0.0,0.0,0.0,1067290.0,62.9,59.9,60.0,0.0,40789.0,507.0,93035.0,1024949.0,0.0,1.0,0.0,0.0,0.0,276.8,275.9,277.7,0.772,273.0,0.531,273.0,0.842,275.0,0.001,14.07,1.0,3.0,0.0,-7.547999999999998,0.0,20.59,7.272,0.0,-0.0299999999999999,-0.017,-0.017,-0.407,-0.1019999999999999,0.63,0.0,-6.6370000000000005,-11.25,-11.73,-11.96,-11.33,-11.43,-11.74,-11.47,-11.57,-11.16,0.023,-0.004,-0.006,-0.005,-0.005,0.004,-0.003,-0.001,6472.0,9103.0,9059.0,9238.0,7861.0,7836.0,6348.0,0.0,0.0,0.0,0.0,0.0,0.0,0.0,0.0,4.057,0.0,60.23,0.0,0.0,0.0,0.0,16.0,0.0,0.0,0.0,0.0,0.0,-8.699999999999998,-9.0,0.0,-11.26,305.2,11.43,3.167,3.473,-1.0,2.155,3.0,4901
2016-01-20 06:11:00,0.0,0.0,0.0,1067290.0,62.9,59.9,60.0,0.0,40789.0,507.0,93035.0,1024949.0,0.0,1.0,0.0,0.0,0.0,276.9,275.8,277.6,0.772,273.0,0.531,273.0,0.842,275.0,0.002,14.07,1.0,3.0,0.0,-7.553,0.0,20.58,7.308,0.0,-0.0299999999999999,-0.017,-0.017,-0.407,-0.104,0.5929999999999999,0.0,-6.622999999999999,-11.3,-11.73,-12.0,-11.44,-11.44,-11.81,-32.38,-11.6,-11.11,0.017,-0.005,-0.006,-0.004,-0.005,0.003,-0.002,-0.001,6472.0,9103.0,9059.0,9238.0,7861.0,7836.0,6348.0,0.0,0.0,0.0,0.0,0.0,0.0,0.0,0.0,4.057,0.0,60.22,0.0,0.0,0.0,0.0,16.0,0.0,0.0,0.0,0.0,0.0,-8.699999999999998,-9.05,0.0,-11.33,299.5,12.47,3.0,3.473,-1.0,1.913,2.6,4901
2016-01-20 06:12:00,0.0,0.0,0.0,1067290.0,62.9,59.9,60.0,0.0,40789.0,507.0,93035.0,1024949.0,0.0,1.0,0.0,0.0,0.0,276.8,275.9,277.6,0.772,273.0,0.531,273.0,0.842,275.0,0.002,14.07,1.0,3.0,0.0,-7.571,0.0,20.56,7.346,0.0,-0.0299999999999999,-0.017,-0.017,-0.407,-0.1169999999999999,0.7359999999999999,0.0,-6.606,-11.34,-11.82,-12.02,-11.44,-11.54,-11.84,-37.25,-11.59,-11.1,0.023,-0.004,-0.0069999999999999,-0.005,-0.004,0.004,-0.002,-0.001,6472.0,9103.0,9059.0,9238.0,7861.0,7836.0,6348.0,0.0,0.0,0.0,0.0,0.0,0.0,0.0,0.0,4.057,0.0,60.22,0.0,0.0,0.0,0.0,16.0,0.0,0.0,0.0,0.0,0.0,-8.76,-9.13,0.0,-11.38,292.4,9.45,3.5,3.473,-1.0,1.853,2.5,4901
2016-01-20 06:13:00,0.0,0.0,0.0,1067290.0,62.9,59.9,60.0,0.0,40789.0,507.0,93035.0,1024949.0,0.0,1.0,0.0,0.0,0.0,276.8,275.7,277.5,0.772,273.0,0.531,273.0,0.842,275.0,0.003,14.07,1.0,3.0,0.0,-7.571,0.0,20.59,7.306,0.0,-0.0299999999999999,-0.017,-0.017,-0.3879999999999999,-0.106,0.777,0.0,-6.622999999999999,-11.36,-11.85,-12.02,-11.44,-11.54,-11.84,-11.57,-11.64,-11.08,0.02,-0.004,-0.0069999999999999,-0.0069999999999999,-0.005,0.003,-0.002,-0.002,6472.0,9103.0,9059.0,9238.0,7861.0,7836.0,6348.0,0.0,0.0,0.0,0.0,0.0,0.0,0.0,0.0,4.059,0.0,60.21,0.0,0.0,0.0,0.0,16.0,0.0,0.0,0.0,0.0,0.0,-8.74,-9.15,0.0,-11.42,295.1,12.16,3.5,3.473,-1.0,1.802,2.5,4901
2016-01-20 06:14:00,0.0,0.0,0.0,1067290.0,62.9,59.9,60.0,0.0,40789.0,507.0,93035.0,1024949.0,0.0,1.0,0.0,0.0,0.0,277.0,276.1,277.9,0.772,273.0,0.531,273.0,0.842,275.2,-0.003,13.53,1.0,1.0,0.0,-7.582,0.0,20.59,7.343,0.0,-0.0299999999999999,-0.017,-0.017,-0.407,-0.1169999999999999,0.5939999999999999,0.001,-6.606,-11.44,-11.92,-12.03,-11.52,-11.54,-11.89,-11.61,-11.62,-11.06,0.023,-0.005,-0.006,-0.005,-0.004,0.004,-0.002,-0.001,6472.0,9103.0,9059.0,9238.0,7861.0,7836.0,6348.0,0.0,0.0,0.0,0.0,0.0,0.0,0.0,0.0,4.148,0.0,60.22,0.0,0.0,0.0,0.0,16.0,0.0,0.0,0.0,0.0,0.0,-8.71,-9.21,0.0,-11.47,307.8,23.71,3.0,3.473,-1.0,1.368,2.2,4901
2016-01-20 06:15:00,0.0,0.0,0.0,1067290.0,62.9,59.9,60.0,0.0,40789.0,507.0,93035.0,1024949.0,0.0,1.0,0.0,0.0,0.0,277.4,276.5,278.3,0.772,273.4,0.531,273.4,0.842,275.6,0.005,14.07,1.0,3.0,0.0,-7.593,0.0,20.58,7.385,0.0,-0.0299999999999999,-0.017,-0.017,-0.407,-0.1,0.8309999999999998,0.0,-6.606,-11.44,-11.92,-12.08,-11.54,-11.62,-11.92,-53.7,-11.67,-11.06,0.017,-0.004,-0.0069999999999999,-0.006,-0.005,0.004,-0.003,-0.001,6472.0,9103.0,9059.0,9238.0,7861.0,7836.0,6348.0,0.0,0.0,0.0,0.0,0.0,0.0,0.0,0.0,4.192,0.0,60.21,0.0,0.0,0.0,0.0,16.0,0.0,0.0,0.0,0.0,0.0,-8.73,-9.18,0.0,-11.46,304.9,10.7,3.667,3.473,-1.0,1.657,2.3,4901
2016-01-20 06:16:00,0.0,0.0,0.0,1067290.0,62.9,59.9,60.0,0.0,40789.0,507.0,93035.0,1024949.0,0.0,1.0,0.0,0.0,0.0,277.1,276.4,278.1,0.772,273.6,0.531,273.6,0.842,275.6,0.002,14.07,1.0,3.0,0.0,-7.5939999999999985,0.0,20.59,7.522999999999999,0.0,-0.0299999999999999,-0.017,-0.017,-0.407,-0.104,0.5939999999999999,0.0,-6.589,-11.41,-11.92,-12.12,-11.56,-11.59,-11.94,-32.49,-11.69,-11.06,0.025,-0.004,-0.006,-0.005,-0.004,0.004,-0.002,-0.001,6472.0,9103.0,9059.0,9238.0,7861.0,7836.0,6348.0,0.0,0.0,0.0,0.0,0.0,0.0,0.0,0.0,4.1930000000000005,0.0,60.21,0.0,0.0,0.0,0.0,16.0,0.0,0.0,0.0,0.0,0.0,-8.76,-9.11,0.0,-11.41,302.9,20.09,3.0,3.473,-1.0,1.702,3.0,4901
2016-01-20 06:17:00,0.0,0.0,0.0,1067290.0,62.9,59.9,60.0,0.0,40789.0,507.0,93035.0,1024949.0,0.0,1.0,0.0,0.0,0.0,276.5,275.5,277.3,0.772,273.0,0.531,272.9,0.842,275.0,0.002,14.07,1.0,3.0,0.0,-7.595,0.0,20.56,7.552,0.0,-0.0299999999999999,-0.017,-0.017,-0.407,-0.119,0.7299999999999999,0.0,-6.575,-11.36,-11.82,-12.12,-11.54,-11.64,-11.92,-37.42,-11.67,-11.06,0.018,-0.004,-0.006,-0.006,-0.004,0.004,-0.003,-0.001,6472.0,9103.0,9059.0,9238.0,7861.0,7836.0,6348.0,0.0,0.0,0.0,0.0,0.0,0.0,0.0,0.0,4.234,0.0,60.22,0.0,0.0,0.0,0.0,16.0,0.0,0.0,0.0,0.0,0.0,-8.81,-9.06,0.0,-11.35,292.0,11.5,3.333,3.472,-1.0,1.788,2.5,4901
2016-01-20 06:18:00,0.0,0.0,0.0,1067290.0,62.9,59.9,60.0,0.0,40789.0,507.0,93035.0,1024949.0,0.0,1.0,0.0,0.0,0.0,276.3,275.6,277.4,0.772,273.0,0.531,273.0,0.842,274.9,0.002,14.07,1.0,3.0,0.0,-7.612999999999999,0.0,20.62,7.642,0.0,-0.0299999999999999,-0.017,-0.017,-0.407,-0.1019999999999999,0.792,0.0,-6.561,-11.34,-11.82,-12.12,-11.54,-11.62,-11.94,-32.41,-11.67,-11.06,0.022,-0.004,-0.006,-0.005,-0.005,0.004,-0.002,-0.001,6472.0,9103.0,9059.0,9238.0,7861.0,7836.0,6348.0,0.0,0.0,0.0,0.0,0.0,0.0,0.0,0.0,4.323,0.0,60.23,0.0,0.0,0.0,0.0,16.0,0.0,0.0,0.0,0.0,0.0,-8.8,-9.090000000000002,0.0,-11.34,305.8,9.69,3.833,3.472,-1.0,2.227,2.9,4901
2016-01-20 06:19:00,0.0,0.0,0.0,1067290.0,62.9,59.9,60.0,0.0,40789.0,507.0,93035.0,1024949.0,0.0,1.0,0.0,0.0,0.0,276.5,275.5,277.3,0.772,273.0,0.531,272.9,0.842,274.9,0.002,14.07,1.0,3.0,0.0,-7.616,0.0,20.56,7.666,0.0,-0.0299999999999999,-0.017,-0.017,-0.377,-0.1169999999999999,0.64,0.0,-6.61,-11.34,-11.89,-12.12,-11.56,-11.6,-11.92,-32.76,-11.64,-10.97,0.022,-0.004,-0.0069999999999999,-0.005,-0.005,0.004,-0.002,-0.002,6472.0,9103.0,9059.0,9238.0,7861.0,7836.0,6348.0,0.0,0.0,0.0,0.0,0.0,0.0,0.0,0.0,4.405,0.0,60.19,0.0,0.0,0.0,0.0,16.0,0.0,0.0,0.0,0.0,0.0,-8.81,-9.12,0.0,-11.37,310.6,14.33,3.167,3.473,-1.0,1.42,2.2,4901
2016-01-20 06:20:00,0.0,0.0,0.0,1067290.0,62.9,59.9,60.0,0.0,40789.0,507.0,93035.0,1024949.0,0.0,1.0,0.0,0.0,0.0,276.4,275.6,277.4,0.772,273.0,0.531,272.9,0.842,275.0,0.002,14.07,1.0,3.0,0.0,-7.6179999999999986,0.0,20.55,7.722,0.0,-0.0299999999999999,-0.017,-0.017,-0.407,-0.1119999999999999,0.7399999999999999,0.0,-6.638,-11.34,-11.92,-12.12,-11.64,-11.64,-11.94,-37.37,-11.76,-11.05,0.023,-0.005,-0.006,-0.005,-0.004,0.004,-0.002,-0.001,6472.0,9103.0,9059.0,9238.0,7861.0,7836.0,6348.0,0.0,0.0,0.0,0.0,0.0,0.0,0.0,0.0,4.47,0.0,60.21,0.0,0.0,0.0,0.0,16.0,0.0,0.0,0.0,0.0,0.0,-8.83,-9.15,0.0,-11.38,301.5,7.505,3.5,3.472,-1.0,2.157,3.6,4901
2016-01-20 06:21:00,0.0,0.0,0.0,1067290.0,62.9,59.9,60.0,0.0,40789.0,507.0,93035.0,1024949.0,0.0,1.0,0.0,0.0,0.0,276.5,275.6,277.4,0.772,273.0,0.531,273.0,0.842,275.0,0.001,14.07,1.0,3.0,0.0,-7.638,0.0,20.61,7.761,0.0,-0.0279999999999999,-0.017,-0.017,-0.407,-0.11,0.64,0.0,-6.653,-11.34,-11.9,-12.05,-11.57,-11.54,-11.89,-11.64,-11.65,-10.98,0.024,-0.004,-0.006,-0.006,-0.004,0.004,-0.002,-0.001,6472.0,9103.0,9059.0,9238.0,7861.0,7836.0,6348.0,0.0,0.0,0.0,0.0,0.0,0.0,0.0,0.0,4.566,0.0,60.13,0.0,0.0,0.0,0.0,16.0,0.0,0.0,0.0,0.0,0.0,-8.72,-9.16,0.0,-11.39,308.9,18.28,3.167,3.472,-1.0,2.798,4.1,4901
2016-01-20 06:22:00,0.0,0.0,0.0,1067290.0,62.9,59.9,60.0,0.0,40789.0,507.0,93035.0,1024949.0,0.0,1.0,0.0,0.0,0.0,276.7,275.7,277.5,0.772,273.0,0.531,273.0,0.842,275.0,0.002,14.07,1.0,3.0,0.0,-7.6389999999999985,0.0,20.61,7.847,0.0,-0.027,-0.017,-0.017,-0.407,-0.098,0.785,0.0,-6.702000000000001,-11.34,-11.87,-12.0,-11.48,-11.44,-11.83,-37.12,-11.59,-10.94,0.024,-0.005,-0.005,-0.006,-0.004,0.004,-0.003,-0.002,6472.0,9103.0,9059.0,9238.0,7861.0,7836.0,6348.0,0.0,0.0,0.0,0.0,0.0,0.0,0.0,0.0,4.715,0.0,60.21,0.0,0.0,0.0,0.0,16.0,0.0,0.0,0.0,0.0,0.0,-8.73,-9.16,0.0,-11.39,301.3,11.99,3.667,3.473,-1.0,1.897,2.7,4901
2016-01-20 06:23:00,0.0,0.0,0.0,1067290.0,62.9,59.9,60.0,0.0,40789.0,507.0,93035.0,1024949.0,0.0,1.0,0.0,0.0,0.0,276.5,275.7,277.4,0.772,273.0,0.531,273.0,0.842,275.0,0.002,14.07,1.0,3.0,0.0,-7.6389999999999985,0.0,20.57,7.934,0.0,-0.025,-0.017,-0.017,-0.405,-0.119,0.784,0.0,-6.642,-11.34,-11.92,-11.99,-11.51,-11.46,-11.81,-11.57,-11.54,-10.89,0.019,-0.005,-0.006,-0.004,-0.005,0.004,-0.002,-0.001,6472.0,9103.0,9059.0,9238.0,7861.0,7836.0,6348.0,0.0,0.0,0.0,0.0,0.0,0.0,0.0,0.0,4.877,0.0,60.22,0.0,0.0,0.0,0.0,16.0,0.0,0.0,0.0,0.0,0.0,-8.74,-9.170000000000002,0.0,-11.39,306.2,13.76,3.5,3.472,-1.0,2.408,3.2,4901
2016-01-20 06:24:00,0.0,0.0,0.0,1067290.0,62.9,59.9,60.0,0.0,40789.0,507.0,93035.0,1024949.0,0.0,1.0,0.0,0.0,0.0,276.5,275.6,277.4,0.772,273.0,0.531,273.0,0.842,275.0,0.002,14.07,1.0,3.0,0.0,-7.643,0.0,20.55,8.199999999999998,0.0,-0.023,-0.017,-0.017,-0.402,-0.103,0.5939999999999999,0.0,-6.684,-11.34,-11.92,-11.99,-11.51,-11.44,-11.83,-37.17,-11.54,-10.87,0.017,-0.005,-0.0069999999999999,-0.005,-0.004,0.005,-0.002,-0.002,6472.0,9103.0,9059.0,9238.0,7861.0,7836.0,6348.0,0.0,0.0,0.0,0.0,0.0,0.0,0.0,0.0,5.077,0.0,60.22,0.0,0.0,0.0,0.0,16.0,0.0,0.0,0.0,0.0,0.0,-8.72,-9.18,0.0,-11.39,295.9,13.21,3.0,3.473,-1.0,1.735,3.0,4901
2016-01-20 06:25:00,0.0,0.0,0.0,1067290.0,62.9,59.9,60.0,0.0,40789.0,507.0,93035.0,1024949.0,0.0,1.0,0.0,0.0,0.0,278.4,277.4,279.2,0.772,274.9,0.531,274.1,0.842,276.4,0.002,14.07,1.0,3.0,0.0,-7.659,0.0,20.6,8.359999999999998,0.0,-0.025,-0.017,-0.017,-0.4029999999999999,-0.119,0.922,0.0,-6.654,-11.34,-11.84,-11.94,-11.44,-11.44,-11.76,-32.57,-11.58,-10.87,0.02,-0.005,-0.006,-0.006,-0.005,0.004,-0.003,-0.001,6472.0,9103.0,9059.0,9238.0,7861.0,7836.0,6348.0,0.0,0.0,0.0,0.0,0.0,0.0,0.0,0.0,5.313,0.0,60.21,0.0,0.0,0.0,0.0,16.0,0.0,0.0,0.0,0.0,0.0,-8.81,-9.06,0.0,-11.31,284.9,12.76,4.0,3.473,-1.0,1.545,2.1,4901
2016-01-20 06:26:00,0.0,0.0,0.0,1067290.0,62.9,59.9,60.0,0.0,40789.0,507.0,93035.0,1024949.0,0.0,1.0,0.0,0.0,0.0,276.0,275.1,277.0,0.772,272.3,0.531,272.0,0.842,274.3,0.002,14.07,1.0,3.0,0.0,-7.659,0.0,20.61,8.529999999999998,0.0,-0.027,-0.017,-0.017,-0.4029999999999999,-0.109,0.6019999999999999,0.0,-6.642,-11.28,-11.76,-11.92,-11.44,-11.43,-11.73,-32.27,-11.54,-10.97,0.019,-0.004,-0.006,-0.005,-0.005,0.004,-0.003,0.0,6472.0,9103.0,9059.0,9238.0,7861.0,7836.0,6348.0,0.0,0.0,0.0,0.0,0.0,0.0,0.0,0.0,5.578,0.0,60.22,0.0,0.0,0.0,0.0,16.0,0.0,0.0,0.0,0.0,0.0,-8.82,-9.01,0.0,-11.23,312.3,19.74,3.0,3.473,-1.0,1.655,3.1,4901
2016-01-20 06:27:00,0.0,0.0,0.0,1067290.0,62.9,59.9,60.0,0.0,40789.0,507.0,93035.0,1024949.0,0.0,1.0,0.0,0.0,0.0,275.2,274.3,276.2,0.772,271.2,0.531,271.2,0.842,273.5,0.001,14.07,1.0,3.0,0.0,-7.659,0.0,20.58,8.81,0.0,-0.0279999999999999,-0.017,-0.017,-0.402,-0.114,0.638,0.0,-6.64,-11.33,-11.79,-11.92,-11.44,-11.44,-11.74,-11.47,-11.54,-10.92,0.017,-0.004,-0.0069999999999999,-0.006,-0.005,0.003,-0.003,-0.002,6472.0,9103.0,9059.0,9238.0,7861.0,7836.0,6348.0,0.0,0.0,0.0,0.0,0.0,0.0,0.0,0.0,5.916,0.0,60.21,0.0,0.0,0.0,0.0,16.0,0.0,0.0,0.0,0.0,0.0,-8.73,-9.07,0.0,-11.32,308.6,24.12,3.333,3.473,-1.0,2.027,3.4,4901
2016-01-20 06:28:00,0.0,0.0,0.0,1067290.0,62.9,59.9,60.0,0.0,40789.0,507.0,93035.0,1024949.0,0.0,1.0,0.0,0.0,0.0,275.1,274.2,276.0,0.772,271.0,0.531,271.0,0.842,273.0,0.002,14.07,1.0,3.0,0.0,-7.672999999999998,0.0,20.59,9.1,0.0,-0.0279999999999999,-0.017,-0.017,-0.3989999999999999,-0.103,0.923,0.0,-6.64,-11.34,-11.82,-11.97,-11.44,-11.44,-11.82,-11.47,-11.56,-10.95,0.024,-0.005,-0.006,-0.005,-0.005,0.004,-0.003,-0.001,6472.0,9103.0,9059.0,9238.0,7861.0,7836.0,6348.0,0.0,0.0,0.0,0.0,0.0,0.0,0.0,0.0,6.275,0.0,60.22,0.0,0.0,0.0,0.0,16.0,0.0,0.0,0.0,0.0,0.0,-8.79,-9.07,0.0,-11.31,275.8,16.93,4.0,3.473,-1.0,1.577,2.3,4901
2016-01-20 06:29:00,0.0,0.0,0.0,1067290.0,62.9,59.9,60.0,0.0,40789.0,507.0,93035.0,1024949.0,0.0,1.0,0.0,0.0,0.0,275.1,274.0,275.8,0.772,271.0,0.531,271.0,0.842,273.0,0.002,14.07,2.0,3.0,0.0,-7.681,0.0,20.6,9.52,0.0,-0.0299999999999999,-0.017,-0.017,-0.401,-0.132,0.5939999999999999,0.0,-6.64,-11.26,-11.73,-11.92,-11.38,-11.36,-11.74,-75.61,-11.54,-10.97,0.025,-0.004,-0.006,-0.006,-0.005,0.004,-0.002,-0.002,6472.0,9103.0,9059.0,9238.0,7861.0,7836.0,6348.0,0.0,0.0,0.0,0.0,0.0,0.0,0.0,0.0,6.76,0.0,60.23,0.0,0.0,0.0,0.0,16.0,0.0,0.0,0.0,0.0,0.0,-8.8,-9.0,0.0,-11.24,284.2,10.48,3.0,3.472,-1.0,1.735,2.5,4901
2016-01-20 06:30:00,0.0,0.0,0.0,1067290.0,62.9,59.9,60.0,0.0,40789.0,507.0,93035.0,1024949.0,0.0,1.0,0.0,0.0,0.0,274.9,274.0,275.9,0.772,271.0,0.531,271.0,0.842,273.0,0.002,14.07,1.0,3.0,0.0,-7.682,0.0,20.63,9.87,0.0,-0.0299999999999999,-0.017,-0.017,-0.402,-0.115,0.792,0.0,-6.64,-11.23,-11.71,-11.92,-11.33,-11.35,-11.74,-36.86,-11.54,-10.97,0.025,-0.004,-0.006,-0.006,-0.005,0.004,-0.002,-0.001,6472.0,9103.0,9059.0,9238.0,7861.0,7836.0,6348.0,0.0,0.0,0.0,0.0,0.0,0.0,0.0,0.0,7.288999999999999,0.0,60.23,0.0,0.0,0.0,0.0,16.0,0.0,0.0,0.0,0.0,0.0,-8.74,-9.01,0.0,-11.22,278.0,13.17,3.833,3.472,-1.0,1.73,2.5,4901
2016-01-20 06:31:00,0.0,0.0,0.0,1067290.0,62.9,59.9,60.0,0.0,40789.0,507.0,93035.0,1024949.0,0.0,1.0,0.0,0.0,0.0,274.8,273.8,275.7,0.772,271.0,0.531,271.0,0.842,273.0,0.002,14.07,1.0,3.0,0.0,-7.682,0.0,20.38,10.46,0.0,-0.0299999999999999,-0.017,-0.017,-0.402,-0.125,0.636,0.0,-6.654,-11.17,-11.73,-11.92,-11.25,-11.28,-11.67,-11.37,-11.53,-10.98,0.023,-0.004,-0.006,-0.005,-0.004,0.004,-0.002,-0.001,6472.0,9103.0,9059.0,9238.0,7861.0,7836.0,6348.0,0.0,0.0,0.0,0.0,0.0,0.0,0.0,0.0,7.913999999999999,0.0,60.17,0.0,0.0,0.0,0.0,16.0,0.0,0.0,0.0,0.0,0.0,-8.76,-8.949999999999998,0.0,-11.17,279.1,11.16,3.167,3.472,-1.0,1.827,2.9,4901
2016-01-20 06:32:00,0.0,0.0,0.0,1067290.0,62.9,59.9,60.0,0.0,40789.0,507.0,93035.0,1024949.0,0.0,1.0,0.0,0.0,0.0,274.7,273.7,275.6,0.772,271.0,0.531,271.0,0.842,273.0,0.002,14.07,1.0,3.0,0.0,-7.682,0.0,20.62,11.0,0.0,-0.0299999999999999,-0.017,-0.017,-0.4029999999999999,-0.127,0.7419999999999999,0.0,-6.64,-11.15,-11.73,-11.88,-11.25,-11.25,-11.6,-32.24,-11.45,-10.97,0.019,-0.004,-0.006,-0.006,-0.004,0.004,-0.002,-0.002,6472.0,9103.0,9059.0,9238.0,7861.0,7836.0,6348.0,0.0,0.0,0.0,0.0,0.0,0.0,0.0,0.0,8.65,0.0,60.22,0.0,0.0,0.0,0.0,16.0,0.0,0.0,0.0,0.0,0.0,-8.779999999999998,-9.0,0.0,-11.21,293.9,13.24,3.5,3.472,-1.0,1.445,2.5,4901
2016-01-20 06:33:00,0.0,0.0,0.0,1067290.0,62.9,59.9,60.0,0.0,40789.0,507.0,93035.0,1024949.0,0.0,1.0,0.0,0.0,0.0,274.5,273.5,275.4,0.772,271.0,0.531,270.9,0.842,273.0,0.002,14.07,1.0,3.0,0.0,-7.687,0.0,20.59,11.75,0.0,-0.0299999999999999,-0.017,-0.017,-0.3989999999999999,-0.1169999999999999,0.635,0.0,-6.657,-11.22,-11.71,-11.91,-11.25,-11.32,-11.67,-11.4,-11.54,-11.1,0.022,-0.004,-0.0069999999999999,-0.005,-0.004,0.004,-0.002,-0.001,6472.0,9103.0,9059.0,9238.0,7861.0,7836.0,6348.0,0.0,0.0,0.0,0.0,0.0,0.0,0.0,0.0,9.54,0.0,60.21,0.0,0.0,0.0,0.0,16.0,0.0,0.0,0.0,0.0,0.0,-8.79,-9.04,0.0,-11.24,294.6,33.35,3.167,3.472,-1.0,0.8619999999999999,1.7,4901
2016-01-20 06:34:00,0.0,0.0,0.0,1067290.0,62.9,59.9,60.0,0.0,40789.0,507.0,93035.0,1024949.0,0.0,1.0,0.0,0.0,0.0,274.4,273.3,275.2,0.772,270.5,0.531,270.4,0.842,272.6,0.002,14.07,1.0,3.0,0.0,-7.699,0.0,20.58,12.59,0.0,-0.0299999999999999,-0.017,-0.017,-0.4,-0.109,0.7419999999999999,0.0,-6.657,-11.3,-11.79,-11.97,-11.33,-11.46,-11.7,-62.85,-11.54,-11.16,0.024,-0.005,-0.006,-0.005,-0.004,0.004,-0.002,-0.001,6472.0,9103.0,9059.0,9238.0,7861.0,7836.0,6348.0,0.0,0.0,0.0,0.0,0.0,0.0,0.0,0.0,10.61,0.0,60.23,0.0,0.0,0.0,0.0,16.0,0.0,0.0,0.0,0.0,0.0,-8.8,-9.090000000000002,0.0,-11.33,296.4,23.63,3.667,3.472,-1.0,1.428,2.7,4901
2016-01-20 06:35:00,0.0,0.0,0.0,1067290.0,62.9,59.9,60.0,0.0,40789.0,507.0,93035.0,1024949.0,0.0,1.0,0.0,0.0,0.0,274.1,273.1,275.0,0.772,270.0,0.531,270.0,0.842,272.1,0.002,14.07,1.0,3.0,0.0,-7.703999999999998,0.0,20.55,13.64,0.0,-0.0299999999999999,-0.017,-0.017,-0.401,-0.115,0.7759999999999999,0.0,-6.64,-11.34,-11.82,-12.05,-11.44,-11.46,-11.81,-53.23,-11.66,-11.16,0.025,-0.005,-0.0069999999999999,-0.005,-0.004,0.004,-0.003,-0.001,6472.0,9103.0,9059.0,9238.0,7861.0,7836.0,6348.0,0.0,0.0,0.0,0.0,0.0,0.0,0.0,0.0,11.81,0.0,60.15,0.0,0.0,0.0,0.0,16.0,0.0,0.0,0.0,0.0,0.0,-8.75,-9.07,0.0,-11.37,263.0,34.62,3.5,3.472,-1.0,0.8349999999999999,1.7,4901
2016-01-20 06:36:00,0.0,0.0,0.0,1067290.0,62.9,59.9,60.0,0.0,40789.0,507.0,93035.0,1024949.0,0.0,1.0,0.0,0.0,0.0,274.1,273.2,275.2,0.772,270.0,0.531,270.0,0.842,272.6,0.002,14.07,1.0,3.0,0.0,-7.703999999999998,0.0,20.66,14.96,0.0,-0.0299999999999999,-0.017,-0.017,-0.402,-0.1159999999999999,0.6009999999999999,0.0,-6.64,-11.34,-11.92,-12.12,-11.44,-11.47,-11.82,-11.57,-11.64,-11.26,0.025,-0.005,-0.006,-0.006,-0.004,0.003,-0.002,-0.001,6472.0,9103.0,9059.0,9238.0,7861.0,7836.0,6348.0,0.0,0.0,0.0,0.0,0.0,0.0,0.0,0.0,13.22,0.0,60.14,0.0,0.0,0.0,0.0,16.0,0.0,0.0,0.0,0.0,0.0,-8.8,-9.07,0.0,-11.41,264.1,17.56,3.0,3.472,-1.0,1.438,2.4,4901
2016-01-20 06:37:00,0.0,0.0,0.0,1067290.0,62.9,59.9,60.0,0.0,40789.0,507.0,93035.0,1024949.0,0.0,1.0,0.0,0.0,0.0,274.1,272.9,275.0,0.772,270.0,0.531,270.0,0.842,272.0,0.002,14.07,1.0,3.0,0.0,-7.706,0.0,20.57,16.47,0.0,-0.0299999999999999,-0.017,-0.017,-0.4029999999999999,-0.1019999999999999,0.7759999999999999,0.0,-6.64,-11.36,-11.9,-12.02,-11.38,-11.44,-11.71,-37.11,-11.64,-11.26,0.0289999999999999,-0.005,-0.0069999999999999,-0.006,-0.005,0.004,-0.002,-0.001,6472.0,9103.0,9059.0,9238.0,7861.0,7836.0,6348.0,0.0,0.0,0.0,0.0,0.0,0.0,0.0,0.0,14.88,0.0,60.13,0.0,0.0,0.0,0.0,16.0,0.0,0.0,0.0,0.0,0.0,-8.79,-9.07,0.0,-11.41,271.3,11.06,3.5,3.473,-1.0,1.472,2.1,4901
2016-01-20 06:38:00,0.0,0.0,0.0,1067290.0,62.9,59.9,60.0,0.0,40789.0,507.0,93035.0,1024949.0,0.0,1.0,0.0,0.0,0.0,273.7,273.1,275.2,0.772,270.0,0.531,270.0,0.842,272.0,0.002,14.07,1.0,3.0,0.0,-7.724999999999999,0.0,20.71,18.32,0.0,-0.0299999999999999,-0.017,-0.017,-0.387,-0.1009999999999999,0.6019999999999999,0.0,-6.657,-11.34,-11.85,-12.02,-11.35,-11.39,-11.73,-57.66,-11.65,-11.27,0.023,-0.004,-0.0069999999999999,-0.006,-0.004,0.004,-0.002,-0.001,6472.0,9103.0,9059.0,9238.0,7861.0,7836.0,6348.0,0.0,0.0,0.0,0.0,0.0,0.0,0.0,0.0,16.8,0.0,60.15,0.0,0.0,0.0,0.0,16.0,0.0,0.0,0.0,0.0,0.0,-8.83,-8.98,0.0,-11.4,273.9,8.07,3.0,3.473,-1.0,1.907,2.6,4901
2016-01-20 06:39:00,0.0,0.0,0.0,1067290.0,62.9,59.9,60.0,0.0,40789.0,507.0,93035.0,1024949.0,0.0,1.0,0.0,0.0,0.0,274.0,272.8,275.0,0.772,270.0,0.531,270.0,0.842,272.0,0.002,14.07,1.0,3.0,0.0,-7.727,0.0,20.49,20.53,0.0,-0.0299999999999999,-0.017,-0.017,-0.3989999999999999,-0.126,0.8309999999999998,0.0,-6.64,-11.34,-11.87,-12.02,-11.35,-11.35,-11.73,-32.5,-11.56,-11.26,0.022,-0.005,-0.0069999999999999,-0.005,-0.004,0.004,-0.002,-0.001,6472.0,9103.0,9059.0,9238.0,7861.0,7836.0,6348.0,0.0,0.0,0.0,0.0,0.0,0.0,0.0,0.0,19.06,0.0,60.2,0.0,0.0,0.0,0.0,16.0,0.0,0.0,0.0,0.0,0.0,-8.79,-9.04,0.0,-11.39,292.6,14.22,3.667,3.472,-1.0,1.957,2.6,4901
2016-01-20 06:40:00,0.0,0.0,0.0,1067290.0,62.9,59.9,60.0,0.0,40789.0,507.0,93035.0,1024949.0,0.0,1.0,0.0,0.0,0.0,274.0,272.7,274.8,0.772,270.0,0.531,270.0,0.842,272.0,0.002,14.07,1.0,3.0,0.0,-7.727,0.0,20.77,22.95,0.0,-0.0299999999999999,-0.017,-0.017,-0.4,-0.1119999999999999,0.5939999999999999,0.0,-6.64,-11.34,-11.86,-12.02,-11.35,-11.4,-11.73,-11.47,-11.54,-11.16,0.032,-0.005,-0.006,-0.005,-0.004,0.004,-0.002,-0.001,6472.0,9103.0,9059.0,9238.0,7861.0,7836.0,6348.0,0.0,0.0,0.0,0.0,0.0,0.0,0.0,0.0,21.68,0.0,60.13,0.0,0.0,0.0,0.0,16.0,0.0,0.0,0.0,0.0,0.0,-8.76,-9.14,0.0,-11.39,274.2,14.28,3.0,3.472,-1.0,2.297,3.4,4901
2016-01-20 06:41:00,0.0,0.0,0.0,1067290.0,62.9,59.9,60.0,0.0,40789.0,507.0,93035.0,1024949.0,0.0,1.0,0.0,0.0,0.0,273.9,272.8,274.9,0.772,270.0,0.531,270.0,0.842,272.0,0.002,14.07,1.0,3.0,0.0,-7.727,0.0,20.57,26.07,0.0,-0.0299999999999999,-0.017,-0.017,-0.401,-0.1169999999999999,0.7399999999999999,0.0,-6.64,-11.34,-11.85,-12.02,-11.35,-11.43,-11.73,-11.47,-11.63,-11.13,0.023,-0.004,-0.0069999999999999,-0.006,-0.004,0.004,-0.003,-0.001,6472.0,9103.0,9059.0,9238.0,7861.0,7836.0,6348.0,0.0,0.0,0.0,0.0,0.0,0.0,0.0,0.0,24.71,0.0,60.2,0.0,0.0,0.0,0.0,16.0,0.0,0.0,0.0,0.0,0.0,-8.71,-9.12,0.0,-11.41,269.5,8.92,3.333,3.473,-1.0,1.972,2.5,4901
2016-01-20 06:42:00,0.0,0.0,0.0,1067290.0,62.9,59.9,60.0,0.0,40789.0,507.0,93035.0,1024949.0,0.0,1.0,0.0,0.0,0.0,274.0,272.5,274.7,0.772,270.0,0.531,270.0,0.842,272.0,0.001,14.07,1.0,3.0,0.0,-7.737,0.0,20.42,29.52,0.0,-0.0299999999999999,-0.017,-0.017,-0.3989999999999999,-0.113,0.639,0.0,-6.64,-11.46,-11.94,-12.05,-11.43,-11.44,-11.71,-11.47,-11.69,-11.16,0.0279999999999999,-0.005,-0.008,-0.006,-0.004,0.004,-0.002,-0.001,6472.0,9103.0,9059.0,9238.0,7861.0,7836.0,6348.0,0.0,0.0,0.0,0.0,0.0,0.0,0.0,0.0,28.27,0.0,60.14,0.0,0.0,0.0,0.0,16.0,0.0,0.0,0.0,0.0,0.0,-8.81,-9.13,0.0,-11.53,274.4,7.991,3.167,3.473,-1.0,1.447,1.8,4901
2016-01-20 06:43:00,0.0,0.0,0.0,1067290.0,62.9,59.9,60.0,0.0,40789.0,507.0,93035.0,1024949.0,0.0,1.0,0.0,0.0,0.0,273.7,272.5,274.6,0.772,270.0,0.531,269.5,0.842,272.0,0.002,14.07,1.0,3.0,0.0,-7.748999999999999,0.0,20.65,33.71,0.0,-0.0299999999999999,-0.017,-0.017,-0.396,-0.106,0.922,0.0,-6.654,-11.53,-12.01,-12.12,-11.44,-11.51,-11.83,-32.64,-11.75,-11.17,0.0279999999999999,-0.005,-0.006,-0.005,-0.005,0.004,-0.002,-0.001,6472.0,9103.0,9059.0,9238.0,7861.0,7836.0,6348.0,0.0,0.0,0.0,0.0,0.0,0.0,0.0,0.0,32.45,0.0,60.2,0.0,0.0,0.0,0.0,16.0,0.0,0.0,0.0,0.0,0.0,-8.84,-9.19,0.0,-11.59,278.9,8.66,4.0,3.472,-1.0,1.835,2.3,4901
2016-01-20 06:44:00,0.0,0.0,0.0,1067290.0,62.9,59.9,60.0,0.0,40789.0,507.0,93035.0,1024949.0,0.0,1.0,0.0,0.0,0.0,273.5,272.4,274.6,0.772,270.0,0.531,269.2,0.842,272.0,0.002,14.07,2.0,3.0,0.0,-7.748999999999999,0.0,20.65,38.44,0.0,-0.0299999999999999,-0.017,-0.017,-0.3939999999999999,-0.1169999999999999,0.5939999999999999,0.0,-6.689,-11.53,-12.01,-12.12,-11.44,-11.52,-11.81,-11.55,-11.77,-11.22,0.0289999999999999,-0.005,-0.0069999999999999,-0.006,-0.004,0.004,-0.003,-0.001,6472.0,9103.0,9059.0,9238.0,7861.0,7836.0,6348.0,0.0,0.0,0.0,0.0,0.0,0.0,0.0,0.0,37.34,0.0,60.14,0.0,0.0,0.0,0.0,16.0,0.0,0.0,0.0,0.0,0.0,-8.82,-9.18,0.0,-11.55,285.4,9.5,3.0,3.472,-1.0,1.46,2.0,4901
2016-01-20 06:45:00,0.0,0.0,0.0,1067290.0,62.9,59.9,60.0,0.0,40789.0,507.0,93035.0,1024949.0,0.0,1.0,0.0,0.0,0.0,273.4,272.3,274.5,0.772,269.9,0.531,269.1,0.842,271.9,0.002,14.07,1.0,3.0,0.0,-7.757,0.0,20.56,44.19,0.0,-0.0299999999999999,-0.017,-0.017,-0.397,-0.1019999999999999,0.784,0.0,-6.7010000000000005,-11.53,-12.01,-12.12,-11.44,-11.44,-11.79,-11.48,-11.67,-11.3,0.033,-0.004,-0.0069999999999999,-0.006,-0.005,0.004,-0.002,-0.001,6472.0,9103.0,9059.0,9238.0,7861.0,7836.0,6348.0,0.0,0.0,0.0,0.0,0.0,0.0,0.0,0.0,43.1,0.0,60.13,0.0,0.0,0.0,0.0,16.0,0.0,0.0,0.0,0.0,0.0,-8.859999999999998,-9.16,0.0,-11.56,276.0,8.67,3.833,3.472,-1.0,1.833,2.4,4901
2016-01-20 06:46:00,0.0,0.0,0.0,1067290.0,62.9,59.9,60.0,0.0,40789.0,507.0,93035.0,1024949.0,0.0,1.0,0.0,0.0,0.0,274.2,273.3,275.4,0.772,270.7,0.531,270.4,0.842,272.7,0.002,14.07,1.0,3.0,0.0,-7.772,0.0,20.52,51.0,0.0,-0.0299999999999999,-0.017,-0.017,-0.395,-0.121,0.6019999999999999,0.0,-6.736000000000001,-11.53,-12.0,-12.07,-11.43,-11.44,-11.73,-37.24,-11.66,-11.26,0.034,-0.005,-0.006,-0.006,-0.005,0.004,-0.002,0.0,6472.0,9103.0,9059.0,9238.0,7861.0,7836.0,6348.0,0.0,0.0,0.0,0.0,0.0,0.0,0.0,0.0,49.91,0.0,60.14,0.0,0.0,0.0,0.0,16.0,0.0,0.0,0.0,0.0,0.0,-8.849999999999998,-9.14,0.0,-11.52,287.1,11.13,3.0,3.473,-1.0,1.903,2.6,4901
2016-01-20 06:47:00,0.0,0.0,0.0,1067290.0,62.9,59.9,60.0,0.0,40789.0,507.0,93035.0,1024949.0,0.0,1.0,0.0,0.0,0.0,274.6,273.5,275.6,0.772,271.0,0.531,270.6,0.842,273.0,0.002,14.07,1.0,3.0,0.0,-7.772,0.0,20.61,59.02,0.0,-0.0299999999999999,-0.017,-0.017,-0.3929999999999999,-0.115,0.7759999999999999,0.0,-6.736000000000001,-11.52,-12.01,-12.12,-11.44,-11.46,-11.76,-11.48,-11.67,-11.26,0.0379999999999999,-0.005,-0.006,-0.006,-0.004,0.004,-0.002,-0.001,6472.0,9103.0,9059.0,9238.0,7861.0,7836.0,6348.0,0.0,0.0,0.0,0.0,0.0,0.0,0.0,0.0,57.83,0.0,60.15,0.0,0.0,0.0,0.0,16.0,0.0,0.0,0.0,0.0,0.0,-8.87,-9.14,0.0,-11.55,296.9,26.9,3.5,3.472,-1.0,1.162,2.4,4901
2016-01-20 06:48:00,0.0,0.0,0.0,1067290.0,62.9,59.9,60.0,0.0,40789.0,507.0,93035.0,1024949.0,0.0,1.0,0.0,0.0,0.0,274.8,273.4,275.6,0.772,271.0,0.531,270.3,0.842,273.0,0.002,14.07,1.0,3.0,0.0,-7.772,0.0,20.61,68.34,0.0,-0.0299999999999999,-0.017,-0.017,-0.391,-0.1119999999999999,0.784,0.0,-6.736000000000001,-11.53,-12.0,-12.12,-11.44,-11.49,-11.78,-58.16,-11.75,-11.26,0.037,-0.005,-0.006,-0.006,-0.004,0.004,-0.003,-0.002,6472.0,9103.0,9059.0,9238.0,7861.0,7836.0,6348.0,0.0,0.0,0.0,0.0,0.0,0.0,0.0,0.0,67.05,0.0,60.15,0.0,0.0,0.0,0.0,16.0,0.0,0.0,0.0,0.0,0.0,-8.87,-9.15,0.0,-11.56,271.6,7.015,3.5,3.473,-1.0,1.957,2.6,4901
2016-01-20 06:49:00,0.0,0.0,0.0,1067290.0,62.9,59.9,60.0,0.0,40789.0,507.0,93035.0,1024949.0,0.0,1.0,0.0,0.0,0.0,274.3,273.5,275.6,0.772,271.0,0.531,270.3,0.842,273.0,0.002,14.07,2.0,3.0,0.0,-7.775,0.0,20.57,79.04,0.0,-0.0299999999999999,-0.017,-0.017,-0.3939999999999999,-0.11,0.5939999999999999,0.0,-6.736000000000001,-11.53,-12.08,-12.15,-11.44,-11.54,-11.78,-11.55,-11.75,-11.26,0.0379999999999999,-0.004,-0.006,-0.006,-0.004,0.004,-0.002,-0.001,6472.0,9103.0,9059.0,9238.0,7861.0,7836.0,6348.0,0.0,0.0,0.0,0.0,0.0,0.0,0.0,0.0,77.79,0.0,60.14,0.0,0.0,0.0,0.0,16.0,0.0,0.0,0.0,0.0,0.0,-8.849999999999998,-9.24,0.0,-11.62,279.3,9.88,3.0,3.473,-1.0,2.333,3.0,4901
2016-01-20 06:50:00,0.0,0.0,0.0,1067290.0,62.9,59.9,60.0,0.0,40789.0,507.0,93035.0,1024949.0,0.0,1.0,0.0,0.0,0.0,274.5,273.5,275.6,0.772,271.0,0.531,270.5,0.842,273.0,0.002,14.07,1.0,3.0,0.0,-7.793999999999999,0.0,20.55,91.5,0.0,-0.0299999999999999,-0.017,-0.017,-0.396,-0.1119999999999999,0.785,0.0,-6.736000000000001,-11.6,-12.11,-12.21,-11.44,-11.6,-11.87,-11.57,-11.8,-11.19,0.0379999999999999,-0.005,-0.0069999999999999,-0.006,-0.004,0.004,-0.003,-0.002,6472.0,9103.0,9059.0,9238.0,7861.0,7836.0,6348.0,0.0,-0.001,-0.001,0.0,0.0,0.0,0.0,0.0,90.1,0.0,60.14,0.0,0.0,0.0,0.0,16.0,0.0,0.0,0.0,0.0,0.0,-8.859999999999998,-9.29,0.0,-11.64,280.0,8.429999999999998,3.5,3.473,-1.0,2.39,3.0,4901
2016-01-20 06:51:00,0.0,0.0,0.0,1067290.0,62.9,59.9,60.0,0.0,40789.0,507.0,93035.0,1024949.0,0.0,1.0,0.0,0.0,0.0,274.7,273.5,275.6,0.772,271.0,0.531,270.8,0.842,273.0,0.002,14.07,1.0,3.0,0.0,-7.795,0.0,20.62,105.7,0.0,-0.0289999999999999,-0.017,-0.017,-0.3979999999999999,-0.12,0.645,0.0,-6.736000000000001,-11.63,-12.1,-12.21,-11.51,-11.6,-11.87,-11.57,-11.79,-11.16,0.037,-0.004,-0.0069999999999999,-0.006,-0.004,0.004,-0.002,0.0,6472.0,9103.0,9059.0,9238.0,7861.0,7836.0,6348.0,0.0,-0.001,-0.001,0.0,0.0,0.0,0.0,0.0,104.1,0.0,60.14,0.0,0.0,0.0,0.0,16.0,0.0,0.0,0.0,0.0,0.0,-8.84,-9.25,0.0,-11.65,279.8,7.767,3.5,3.473,-1.0,2.917,4.0,4901
2016-01-20 06:52:00,0.0,0.0,0.0,1067290.0,62.9,59.9,60.0,0.0,40789.0,507.0,93035.0,1024949.0,0.0,1.0,0.0,0.0,0.0,274.6,273.7,275.7,0.772,271.0,0.531,270.9,0.842,273.0,0.002,14.07,1.0,3.0,0.0,-7.803,0.0,20.47,121.1,0.0,-0.027,-0.017,-0.017,-0.3989999999999999,-0.119,0.7429999999999999,0.0,-6.736000000000001,-11.6,-12.11,-12.21,-11.51,-11.62,-11.88,-11.57,-11.8,-11.08,0.0379999999999999,-0.004,-0.006,-0.006,-0.004,0.003,-0.002,-0.001,6472.0,9103.0,9059.0,9238.0,7861.0,7836.0,6348.0,0.0,-0.001,-0.001,0.0,0.0,0.0,0.0,0.0,119.5,0.0,60.13,0.0,0.0,0.0,0.0,16.0,0.0,0.0,0.0,0.0,0.0,-8.84,-9.29,0.0,-11.65,278.8,9.8,3.5,3.473,-1.0,2.32,3.3,4901
2016-01-20 06:53:00,0.0,0.0,0.0,1067290.0,62.9,59.9,60.0,0.0,40789.0,507.0,93035.0,1024949.0,0.0,1.0,0.0,0.0,0.0,274.9,273.8,275.7,0.772,271.0,0.531,271.0,0.842,273.0,0.002,14.07,1.0,3.0,0.0,-7.815,0.0,20.51,138.3,0.0,-0.027,-0.017,-0.017,-0.395,-0.109,0.8259999999999998,0.0,-6.736000000000001,-11.63,-12.11,-12.16,-11.44,-11.56,-11.83,-84.2,-11.78,-11.14,0.0379999999999999,-0.005,-0.0069999999999999,-0.006,-0.003,0.003,-0.002,-0.002,6472.0,9103.0,9059.0,9238.0,7861.0,7836.0,6348.0,-0.001,-0.001,-0.001,0.0,0.0,0.0,0.0,0.0,136.2,0.0,60.13,0.0,0.0,0.0,0.0,16.0,0.0,0.0,0.0,0.0,0.0,-8.87,-9.29,0.0,-11.67,276.8,10.53,3.667,3.472,-1.0,2.548,3.2,4901
2016-01-20 06:54:00,0.0,0.0,0.0,1067290.0,62.9,59.9,60.0,0.0,40789.0,507.0,93035.0,1024949.0,0.0,1.0,0.0,0.0,0.0,274.8,273.7,275.6,0.772,271.0,0.531,271.0,0.842,273.0,0.002,14.07,1.0,3.0,0.0,-7.815,0.0,20.38,156.3,0.0,-0.027,-0.017,-0.017,-0.397,-0.126,0.7440000000000001,0.0,-6.736000000000001,-11.55,-12.08,-12.12,-11.44,-11.49,-11.75,-11.5,-11.76,-11.11,0.0379999999999999,-0.003,-0.0069999999999999,-0.006,-0.003,0.004,-0.002,-0.001,6472.0,9103.0,9059.0,9238.0,7861.0,7836.0,6348.0,0.0,-0.001,-0.001,-0.001,0.001,0.0,0.0,0.0,154.1,0.0,60.14,0.0,0.0,0.0,0.0,16.0,0.0,0.0,0.0,0.0,0.0,-8.89,-9.26,0.0,-11.58,279.9,8.31,3.333,3.473,-1.0,1.775,2.7,4901
2016-01-20 06:55:00,0.0,0.0,0.0,1067290.0,62.9,59.9,60.0,0.0,40789.0,507.0,93035.0,1024949.0,0.0,1.0,0.0,0.0,0.0,275.0,273.8,275.8,0.772,271.0,0.531,271.0,0.842,273.0,0.001,14.07,1.0,3.0,0.0,-7.816,0.0,20.41,175.2,0.0,-0.027,-0.017,-0.017,-0.3979999999999999,-0.125,0.635,0.0,-6.736000000000001,-11.53,-12.01,-12.07,-11.38,-11.43,-11.67,-32.6,-11.67,-11.13,0.0379999999999999,-0.004,-0.0069999999999999,-0.006,-0.003,0.003,-0.002,-0.002,6472.0,9103.0,9059.0,9238.0,7861.0,7836.0,6348.0,-0.001,-0.001,-0.001,-0.001,0.001,0.0,0.0,0.0,172.8,0.0,60.14,0.0,0.0,0.0,0.0,16.0,0.0,0.0,0.0,0.0,0.0,-8.9,-9.21,0.0,-11.53,281.2,11.72,3.167,3.472,-1.0,2.325,3.6,4901
2016-01-20 06:56:00,0.0,0.0,0.0,1067290.0,62.9,59.9,60.0,0.0,40789.0,507.0,93035.0,1024949.0,0.0,1.0,0.0,0.0,0.0,275.1,273.7,275.7,0.772,271.0,0.531,271.0,0.842,273.0,0.002,14.07,1.0,3.0,0.0,-7.835,0.0,20.49,194.4,0.0,-0.027,-0.017,-0.017,-0.4,-0.122,0.926,0.0,-6.736000000000001,-11.49,-12.01,-12.02,-11.38,-11.41,-11.65,-78.89,-11.64,-11.03,0.0379999999999999,-0.004,-0.0069999999999999,-0.006,-0.003,0.003,-0.002,-0.001,6472.0,9103.0,9059.0,9238.0,7861.0,7836.0,6348.0,-0.001,-0.001,-0.001,-0.001,0.001,0.0,0.0,0.0,191.9,0.0,60.15,0.0,0.0,0.0,0.0,16.0,0.0,0.0,0.0,0.0,0.0,-8.87,-9.27,0.0,-11.53,284.7,8.689999999999998,3.833,3.473,-1.0,2.605,3.6,4901
2016-01-20 06:57:00,0.0,0.0,0.0,1067290.0,62.9,59.9,60.0,0.0,40789.0,507.0,93035.0,1024949.0,0.0,1.0,0.0,0.0,0.0,274.8,273.7,275.9,0.772,271.0,0.531,271.0,0.842,273.0,0.002,14.07,1.0,3.0,0.0,-7.837999999999998,0.0,20.55,213.7,0.0,-0.024,-0.017,-0.017,-0.391,-0.12,0.6029999999999999,0.0,-6.736000000000001,-11.5,-12.0,-12.02,-11.35,-11.41,-11.65,-36.84,-11.56,-11.0,0.0379999999999999,-0.003,-0.0069999999999999,-0.006,-0.003,0.003,-0.002,-0.001,6472.0,9103.0,9059.0,9238.0,7861.0,7836.0,6348.0,-0.001,-0.001,-0.001,-0.001,0.001,-0.001,0.0,0.0,210.8,0.0,60.15,0.0,0.0,0.0,0.0,16.0,0.0,0.0,0.0,0.0,0.0,-8.82,-9.25,0.0,-11.49,285.5,13.98,3.0,3.473,-1.0,1.493,2.5,4901
2016-01-20 06:58:00,0.0,0.0,0.0,1067290.0,62.9,59.9,60.0,0.0,40789.0,507.0,93035.0,1024949.0,0.0,1.0,0.0,0.0,0.0,275.3,273.7,275.9,0.772,271.0,0.531,271.0,0.842,273.0,0.002,14.07,1.0,3.0,0.0,-7.837999999999998,0.0,20.75,232.0,0.0,-0.026,-0.017,-0.017,-0.39,-0.1159999999999999,0.7759999999999999,0.0,-6.736000000000001,-11.41,-11.92,-12.0,-11.35,-11.43,-11.67,-11.44,-11.54,-11.1,0.074,-0.002,-0.0069999999999999,-0.006,-0.003,0.003,-0.001,-0.001,6472.0,9103.0,9059.0,9238.0,7861.0,7836.0,6348.0,-0.001,-0.002,-0.001,-0.001,0.001,0.0,0.0,0.0,229.0,0.0,60.14,0.0,0.0,0.0,0.0,16.0,0.0,0.0,0.0,0.0,0.0,-8.88,-9.19,0.0,-11.42,294.7,9.75,3.5,3.472,-1.0,1.49,2.5,4901
2016-01-20 06:59:00,0.0,0.0,0.0,1067290.0,62.9,59.9,60.0,0.0,40789.0,507.0,93035.0,1024949.0,0.0,1.0,0.0,0.0,0.0,275.1,273.7,275.9,0.772,271.0,0.531,271.0,0.842,273.0,0.002,14.07,1.0,3.0,0.0,-7.852,0.0,20.61,249.2,0.0,-0.027,-0.017,-0.017,-0.389,-0.109,0.642,0.0,-6.789,-11.39,-11.92,-12.0,-11.35,-11.4,-11.68,-11.44,-11.56,-11.16,0.186,-0.004,-0.008,-0.0069999999999999,-0.002,0.002,-0.002,-0.002,6472.0,9103.0,9059.0,9238.0,7861.0,7836.0,6348.0,-0.001,-0.002,-0.002,-0.001,0.001,0.0,-0.001,0.0,245.9,0.0,60.14,0.0,0.0,0.0,0.0,16.0,0.0,0.0,0.0,0.0,0.0,-8.9,-9.21,0.0,-11.41,278.9,20.09,3.167,3.473,-1.0,1.41,2.4,4901
2016-01-20 07:00:00,0.0,0.0,0.0,1067290.0,62.9,59.9,60.0,0.0,40789.0,507.0,93035.0,1024949.0,0.0,1.0,0.0,0.0,0.0,275.3,273.8,276.0,0.772,271.0,0.531,271.0,0.842,273.0,0.002,14.07,1.0,3.0,0.0,-7.86,0.0,20.75,264.6,0.0,-0.0299999999999999,-0.017,-0.017,-0.3879999999999999,-0.118,0.745,0.0,-6.814,-11.44,-11.92,-11.97,-11.35,-11.3,-11.64,-104.5,-11.53,-11.21,0.191,-0.001,-0.0069999999999999,-0.0069999999999999,-0.003,0.003,-0.001,-0.001,6472.0,9103.0,9059.0,9238.0,7861.0,7836.0,6348.0,0.0,-0.002,-0.002,-0.001,0.001,0.0,0.0,0.0,261.2,0.0,60.14,0.0,0.0,0.0,0.0,16.0,0.0,0.0,0.0,0.0,0.0,-9.0,-9.2,0.0,-11.41,271.8,16.97,3.333,3.473,-1.0,1.267,2.0,4901
2016-01-20 07:01:00,0.0,0.0,0.0,1067290.0,62.9,59.9,60.0,0.0,40789.0,507.0,93035.0,1024949.0,0.0,1.0,0.0,0.0,0.0,275.1,273.8,275.9,0.772,271.0,0.531,271.0,0.842,273.0,0.002,14.07,1.0,3.0,0.0,-7.86,0.0,20.73,278.2,0.0,-0.0299999999999999,-0.017,-0.017,-0.386,-0.107,0.784,0.0,-6.832000000000001,-11.49,-11.97,-12.0,-11.35,-11.32,-11.65,-11.44,-11.59,-11.26,0.2069999999999999,-0.001,-0.008,-0.0069999999999999,-0.002,0.002,-0.002,-0.003,6472.0,9103.0,9059.0,9238.0,7861.0,7836.0,6348.0,0.0,-0.002,-0.002,-0.001,0.001,-0.001,-0.001,0.0,274.9,0.0,60.14,0.0,0.0,0.0,0.0,16.0,0.0,0.0,0.0,0.0,0.0,-8.97,-9.26,0.0,-11.48,280.7,10.58,3.5,3.472,-1.0,1.792,2.4,4901
2016-01-20 07:02:00,0.0,0.0,0.0,1067290.0,62.9,59.9,60.0,0.0,40789.0,507.0,93035.0,1024949.0,0.0,1.0,0.0,0.0,0.0,275.0,273.7,275.7,0.772,271.0,0.531,271.0,0.842,273.0,0.001,14.07,1.0,3.0,0.0,-7.86,0.0,20.57,290.8,0.0,-0.0299999999999999,-0.017,-0.017,-0.386,-0.108,0.632,0.0,-6.832000000000001,-11.47,-12.01,-12.02,-11.35,-11.35,-11.65,-62.46,-11.56,-11.26,0.267,0.0,-0.008,-0.0069999999999999,-0.002,0.002,-0.001,-0.002,6472.0,9103.0,9059.0,9238.0,7861.0,7836.0,6348.0,0.0,-0.002,-0.002,0.0,0.001,0.0,-0.001,0.0,287.2,0.0,60.14,0.0,0.0,0.0,0.0,16.0,0.0,0.0,0.0,0.0,0.0,-9.0,-9.170000000000002,0.0,-11.46,274.4,16.38,3.167,3.473,-1.0,1.423,2.1,4901
2016-01-20 07:03:00,0.0,0.0,0.0,1067290.0,62.9,59.9,60.0,0.0,40789.0,507.0,93035.0,1024949.0,0.0,1.0,0.0,0.0,0.0,275.0,274.0,275.9,0.772,271.0,0.531,271.0,0.842,273.0,0.002,14.07,1.0,3.0,0.0,-7.861,0.0,20.58,302.2,0.0,-0.0299999999999999,-0.017,-0.017,-0.38,-0.109,0.746,0.0,-6.832000000000001,-11.44,-11.9,-12.0,-11.35,-11.33,-11.65,-11.44,-11.54,-11.26,0.291,0.0,-0.008,-0.008,-0.002,0.002,-0.002,-0.003,6472.0,9103.0,9059.0,9238.0,7861.0,7836.0,6348.0,0.0,-0.003,-0.003,0.0,0.001,-0.001,-0.001,0.0,298.5,0.0,60.15,0.0,0.0,0.0,0.0,16.0,0.0,0.0,0.0,0.0,0.0,-9.03,-9.14,0.0,-11.42,286.5,15.58,3.333,3.472,-1.0,2.085,2.9,4901
2016-01-20 07:04:00,0.0,0.0,0.0,1067290.0,62.9,59.9,60.0,0.0,40789.0,507.0,93035.0,1024949.0,0.0,1.0,0.0,0.0,0.0,275.3,274.0,276.1,0.772,271.0,0.531,271.0,0.842,273.0,0.001,14.07,1.0,3.0,0.0,-7.872,0.0,20.56,312.4,0.0,-0.0279999999999999,-0.017,-0.017,-0.2429999999999999,-0.118,0.632,0.0,-6.832000000000001,-11.47,-12.0,-11.97,-11.35,-11.27,-11.65,-37.1,-11.56,-11.26,0.3429999999999999,0.002,-0.009,-0.008,-0.002,0.001,-0.001,-0.004,6472.0,9103.0,9059.0,9238.0,7861.0,7836.0,6348.0,0.001,-0.003,-0.003,-0.001,0.0,0.0,-0.001,0.0,308.8,0.0,60.14,0.0,0.0,0.0,0.467,16.0,0.0,0.0,0.0,0.0,0.0,-8.859999999999998,-9.18,0.0,-11.5,287.5,17.21,3.167,3.473,-1.0,1.643,2.6,4901
2016-01-20 07:05:00,0.0,0.0,0.0,1067290.0,62.9,59.9,60.0,0.0,40789.0,507.0,93035.0,1024949.0,0.0,1.0,0.0,0.0,0.0,275.1,274.2,276.2,0.772,271.0,0.531,271.0,0.842,273.2,0.002,14.07,1.0,3.0,0.0,-7.882999999999998,0.0,20.55,321.9,0.0,-0.027,-0.017,-0.017,-0.139,-0.126,0.929,0.0,-6.832000000000001,-11.44,-11.93,-11.96,-11.35,-11.27,-11.64,-11.39,-11.56,-11.24,0.4089999999999999,0.003,-0.008,-0.009,-0.001,0.0,-0.001,-0.005,6472.0,9103.0,9059.0,9238.0,7861.0,7836.0,6348.0,0.001,-0.002,-0.003,0.0,0.0,0.0,-0.001,0.0,318.3,0.0,60.19,0.0,0.0,0.0,1.0,16.0,0.0,0.0,0.0,0.0,0.0,-8.939999999999998,-9.170000000000002,0.0,-11.46,285.1,19.68,3.833,3.473,-1.0,1.49,2.4,4901
2016-01-20 07:06:00,0.0,0.0,0.0,1067290.0,62.9,59.9,60.0,0.0,40789.0,507.0,93035.0,1024949.0,0.0,1.0,0.0,0.0,0.0,275.4,274.0,276.1,0.772,271.1,0.531,271.0,0.842,273.3,0.002,14.07,2.0,3.0,0.0,-7.882999999999998,0.0,20.51,330.8,0.0,-0.026,-0.017,-0.017,-0.1369999999999999,-0.11,0.5939999999999999,0.0,-6.832000000000001,-11.49,-11.98,-12.0,-11.35,-11.37,-11.65,-57.87,-11.56,-11.32,0.516,0.003,-0.01,-0.01,0.001,0.0,-0.001,-0.004,6472.0,9103.0,9059.0,9238.0,7861.0,7836.0,6348.0,0.001,-0.003,-0.003,0.0,0.0,0.0,-0.001,0.0,327.0,0.0,60.19,0.0,0.0,0.0,1.0,16.0,0.0,0.0,0.0,0.0,0.0,-8.97,-9.18,0.0,-11.46,295.2,17.17,3.0,3.473,-1.0,1.092,1.8,4901
2016-01-20 07:07:00,0.0,0.0,0.0,1067290.0,62.9,59.9,60.0,0.0,40789.0,507.0,93035.0,1024949.0,0.0,1.0,0.0,0.0,0.0,275.0,274.2,276.2,0.772,271.1,0.531,271.0,0.842,273.2,0.002,14.07,1.0,3.0,0.0,-7.882999999999998,0.0,20.51,339.2,0.0,-0.025,-0.017,-0.017,-0.104,-0.119,0.784,0.0,-6.832000000000001,-11.41,-11.92,-11.95,-11.35,-11.36,-11.64,-37.05,-11.54,-11.35,0.632,0.005,-0.01,-0.01,0.002,-0.001,0.0,-0.005,6472.0,9103.0,9059.0,9238.0,7861.0,7836.0,6348.0,0.002,-0.003,-0.003,0.001,0.0,0.0,-0.002,0.0,335.4,0.0,60.14,0.0,0.0,0.0,1.0,16.0,0.0,0.0,0.0,0.0,0.0,-8.99,-9.15,0.0,-11.4,287.8,13.49,3.5,3.473,-1.0,1.587,2.2,4901
2016-01-20 07:08:00,0.0,0.0,0.0,1067290.0,62.9,59.9,60.0,0.0,40789.0,507.0,93035.0,1024949.0,0.0,1.0,0.0,0.0,0.0,275.1,274.2,276.2,0.772,271.5,0.531,271.0,0.842,273.3,0.002,14.07,1.0,3.0,0.0,-7.882999999999998,0.0,20.48,348.0,0.0,-0.023,-0.0149999999999999,-0.0149999999999999,0.1019999999999999,-0.106,0.6009999999999999,0.0,-6.832000000000001,-11.33,-11.85,-11.86,-11.28,-11.24,-11.59,-11.31,-11.53,-11.33,0.765,0.0069999999999999,-0.01,-0.012,0.002,-0.001,0.001,-0.0069999999999999,6472.0,9103.0,9059.0,9238.0,7861.0,7836.0,6348.0,0.002,-0.003,-0.004,0.001,0.0,0.0,-0.002,0.0,344.2,0.0,60.14,0.0,0.0,0.0,1.0,16.0,0.0,0.0,0.0,0.0,0.0,-8.96,-9.12,0.0,-11.3,297.3,14.56,3.0,3.473,-1.0,1.523,2.5,4901
2016-01-20 07:09:00,0.0,0.0,0.0,1067290.0,62.9,59.9,60.0,0.0,40789.0,507.0,93035.0,1024949.0,0.0,1.0,0.0,0.0,0.0,275.5,274.2,276.2,0.772,271.7,0.531,271.0,0.842,273.9,0.002,14.07,1.0,3.0,0.0,-7.889999999999999,0.0,21.62,357.5,0.0,-0.023,-0.013,-0.013,0.1469999999999999,-0.095,0.7759999999999999,0.0,-6.832000000000001,-11.33,-11.79,-11.78,-11.25,-11.22,-11.56,-11.32,-11.5,-11.32,1.035,0.01,-0.01,-0.0139999999999999,0.005,-0.003,0.001,-0.009,6472.0,9103.0,9059.0,9238.0,7861.0,7836.0,6348.0,0.003,-0.004,-0.005,0.002,-0.001,0.0,-0.003,0.0,353.7,0.0,60.14,0.0,0.0,0.0,1.0,16.0,0.0,0.0,0.0,0.0,0.0,-8.92,-9.16,0.0,-11.3,292.1,14.48,3.5,3.473,-1.0,1.647,2.9,4901
2016-01-20 07:10:00,0.0,0.0,0.0,1067290.0,62.9,59.9,60.0,0.0,40789.0,507.0,93035.0,1024949.0,0.0,1.0,0.0,0.0,0.0,275.6,274.5,276.6,0.772,272.1,0.531,271.5,0.842,274.1,0.002,14.07,1.0,3.0,0.0,-7.905,0.0,20.62,366.8,0.0,-0.018,-0.013,-0.01,0.407,-0.1159999999999999,0.6019999999999999,0.0,-6.832000000000001,-11.34,-11.79,-11.83,-11.32,-11.29,-11.56,-37.08,-11.53,-11.27,1.348,0.013,-0.012,-0.016,0.0069999999999999,-0.004,0.002,-0.012,6472.0,9103.0,9059.0,9238.0,7861.0,7836.0,6348.0,0.005,-0.004,-0.006,0.002,-0.001,0.001,-0.004,0.0,363.0,0.0,60.14,0.0,0.0,0.0,1.0,16.0,0.0,0.0,0.0,0.0,0.0,-8.88,-9.21,0.0,-11.31,281.1,10.03,3.0,3.473,-1.0,2.172,3.0,4901
2016-01-20 07:11:00,0.0,0.0,0.0,1067290.0,62.9,59.9,60.0,0.0,40789.0,507.0,93035.0,1024949.0,0.0,1.0,0.0,0.0,0.0,275.7,274.8,276.9,0.772,272.0,0.531,272.0,0.842,274.2,0.002,14.07,1.0,3.0,0.0,-7.905,0.0,20.61,374.4,0.0,-0.017,-0.0069999999999999,-0.006,0.667,-0.107,0.8329999999999999,0.0,-6.832000000000001,-11.29,-11.79,-11.79,-11.23,-11.19,-11.49,-32.12,-11.45,-11.19,1.734,0.016,-0.012,-0.017,0.009,-0.005,0.004,-0.0139999999999999,6472.0,9103.0,9059.0,9238.0,7861.0,7836.0,6348.0,0.006,-0.004,-0.006,0.003,-0.002,0.001,-0.005,0.0,370.6,0.0,60.14,0.0,0.0,0.0,1.0,16.0,0.0,0.0,0.0,0.0,0.0,-8.9,-9.15,0.0,-11.25,290.7,18.43,3.667,3.473,-1.0,2.16,3.4,4901
2016-01-20 07:12:00,0.0,0.0,0.0,1067290.0,62.9,59.9,60.0,0.0,40789.0,507.0,93035.0,1024949.0,0.0,1.0,0.0,0.0,0.0,276.0,275.1,277.2,0.772,272.1,0.531,272.0,0.842,275.0,0.002,14.07,1.0,3.0,0.0,-7.905,0.0,20.59,380.0,0.0,-0.013,-0.0069999999999999,-0.002,0.958,-0.123,0.5939999999999999,0.0,-6.832000000000001,-11.25,-11.73,-11.78,-11.25,-11.18,-11.46,-104.7,-11.43,-11.16,2.092,0.017,-0.0139999999999999,-0.019,0.011,-0.005,0.004,-0.0149999999999999,6472.0,9103.0,9059.0,9238.0,7861.0,7836.0,6348.0,0.0069999999999999,-0.005,-0.0069999999999999,0.004,-0.002,0.002,-0.006,0.0,376.2,0.0,60.14,0.0,0.0,0.0,1.0,16.0,0.0,0.0,0.0,0.0,0.0,-8.91,-9.13,0.0,-11.19,279.3,14.36,3.0,3.473,-1.0,1.902,2.9,4901
2016-01-20 07:13:00,0.0,0.0,0.0,1067290.0,62.9,59.9,60.0,0.0,40789.0,507.0,93035.0,1024949.0,0.0,1.0,0.0,0.0,0.0,276.1,275.0,277.2,0.772,272.1,0.531,272.0,0.842,275.0,0.002,14.07,1.0,3.0,0.0,-7.905,0.0,20.63,384.0,0.0,-0.011,-0.002,0.0,1.158,-0.042,0.779,0.0,-6.832000000000001,-11.17,-11.73,-11.78,-11.25,-11.19,-11.46,-39.06,-11.4,-11.16,2.41,0.02,-0.0139999999999999,-0.021,0.013,-0.006,0.005,-0.017,6472.0,9103.0,9059.0,9238.0,7861.0,7836.0,6348.0,0.008,-0.005,-0.008,0.005,-0.002,0.002,-0.006,0.0,380.3,0.0,60.18,0.0,0.0,0.0,1.0,16.0,0.0,0.0,0.0,0.0,0.0,-8.92,-9.18,0.0,-11.18,295.9,25.31,3.5,3.473,-1.0,1.455,2.7,4901
2016-01-20 07:14:00,0.0,0.0,0.0,1067290.0,62.9,59.9,60.0,0.0,40789.0,507.0,93035.0,1024949.0,-0.133,0.6809999999999999,-2.727,2.7430000000000003,0.0,276.1,275.2,277.2,0.772,272.2,0.531,272.0,0.842,275.0,0.002,14.07,1.0,3.0,0.0,-7.905,0.0,169.3,387.2,0.0,-0.0069999999999999,0.0,0.003,1.444,0.2039999999999999,0.7359999999999999,0.0,-6.832000000000001,-11.15,-11.73,-11.8,-11.25,-11.16,-11.46,-32.04,-11.42,-11.18,2.741,0.024,-0.01,-0.018,0.021,-0.002,0.009,-0.013,6472.0,9103.0,9059.0,9238.0,7861.0,7836.0,6348.0,0.009,-0.004,-0.0069999999999999,0.008,-0.001,0.003,-0.005,0.0,383.2,0.0,60.21,0.0,0.0,0.0,2.217,16.0,0.0,0.0,3.477,3.605,3.462,-8.96,-9.14,0.0,-11.16,288.4,13.37,3.333,3.473,-1.0,1.623,2.9,4901
2016-01-20 07:15:00,0.171,0.372,0.4139999999999999,1067290.0,62.9,59.9,60.0,0.1739999999999999,40789.0,507.0,93035.0,1024949.0,-0.4299999999999999,0.0509999999999999,-8.55,8.56,0.0,276.0,275.4,277.3,0.772,272.1,0.531,272.0,0.842,274.9,0.002,14.07,1.0,3.0,0.0,-7.905,0.0,372.3,371.9,0.0,-0.0069999999999999,0.0,0.0069999999999999,1.703,0.4849999999999999,0.784,0.0,-6.832000000000001,-11.15,-11.67,-11.83,-11.25,-11.26,-11.52,-79.06,-11.48,-11.21,3.048,0.106,0.107,0.096,0.126,0.094,0.107,0.0599999999999999,6472.0,9103.0,9059.0,9238.0,7861.0,7836.0,6348.0,0.0379999999999999,0.0379999999999999,0.034,0.0449999999999999,0.033,0.0379999999999999,0.021,0.0,366.9,0.0,60.22,0.0,-3.945,0.0,4.617,16.0,0.0,0.0,9.920000000000002,11.53,11.54,-8.9,-9.16,0.0,-11.15,295.3,13.33,3.5,3.473,-1.0,1.52,2.4,4901
2016-01-20 07:16:00,0.652,0.27,0.471,1067290.0,62.9,59.9,60.0,0.3429999999999999,40789.0,507.0,93035.0,1024949.0,-0.4089999999999999,0.049,-8.49,8.5,0.0,276.1,275.3,277.3,0.772,272.1,0.531,272.0,0.842,275.0,0.002,14.07,1.0,3.0,0.0,-7.905,0.0,371.9,372.4,0.0,-0.006,0.001,0.0069999999999999,1.967,0.7419999999999999,0.5999999999999999,0.0,-6.832000000000001,-11.12,-11.61,-11.83,-11.27,-11.29,-11.56,-57.79,-11.53,-11.19,3.305,0.121,0.129,0.1169999999999999,0.1449999999999999,0.113,0.126,0.0749999999999999,6472.0,9103.0,9059.0,9238.0,7861.0,7836.0,6348.0,0.0429999999999999,0.0459999999999999,0.042,0.052,0.04,0.0449999999999999,0.026,0.0,368.1,0.0,60.15,0.0,-4.132,0.0,4.65,16.0,0.0,0.0,9.74,11.48,11.52,-9.01,-9.12,0.0,-11.09,283.1,7.4,3.0,3.473,-1.0,1.528,2.0,4901
2016-01-20 07:17:00,0.7159999999999999,0.352,0.4139999999999999,1067290.0,62.9,59.9,60.0,0.3689999999999999,40790.0,507.0,93035.0,1024949.0,-0.376,0.0449999999999999,-8.49,8.5,0.0,276.3,275.2,277.3,0.772,272.3,0.531,272.0,0.842,275.0,0.002,14.07,1.0,3.0,0.0,-7.905,0.0,373.1,374.2,0.0,-0.002,0.005,0.008,2.176,1.04,0.7759999999999999,0.0,-6.832000000000001,-11.13,-11.66,-11.83,-11.25,-11.26,-11.56,-32.15,-11.46,-11.21,3.539,0.135,0.1419999999999999,0.133,0.16,0.126,0.139,0.0859999999999999,6472.0,9103.0,9059.0,9238.0,7861.0,7836.0,6348.0,0.049,0.0509999999999999,0.047,0.057,0.0449999999999999,0.05,0.031,0.0,370.1,0.0,60.13,0.0,-4.098,0.0,4.65,16.0,0.0,0.0,9.71,11.48,11.52,-9.03,-9.21,0.0,-11.15,299.3,16.33,3.5,3.473,-1.0,1.69,2.3,4901
2016-01-20 07:18:00,0.4529999999999999,0.693,0.3689999999999999,1067290.0,62.9,59.9,60.0,0.3779999999999999,40790.0,507.0,93035.0,1024949.0,-0.337,0.04,-8.49,8.49,0.0,276.7,275.4,277.3,0.772,272.9,0.531,272.8,0.842,275.0,0.002,14.07,1.0,3.0,0.0,-7.905,0.0,376.2,376.0,0.0,0.0,0.0069999999999999,0.012,2.449,1.304,0.6019999999999999,0.0,-6.832000000000001,-11.18,-11.68,-11.83,-11.25,-11.26,-11.56,-32.19,-11.45,-11.16,3.834,0.153,0.16,0.1409999999999999,0.192,0.148,0.155,0.0909999999999999,6472.0,9103.0,9059.0,9238.0,7861.0,7836.0,6348.0,0.0559999999999999,0.0579999999999999,0.05,0.07,0.0529999999999999,0.0559999999999999,0.033,0.0,372.2,0.0,60.14,0.0,-4.004,0.0,4.65,16.0,0.0,0.0,9.71,11.49,11.49,-9.01,-9.25,0.0,-11.2,281.8,8.679999999999998,3.333,3.473,-1.0,1.842,2.7,4901
2016-01-20 07:19:00,0.0859999999999999,0.148,0.085,1067290.0,62.9,59.9,60.0,0.0429999999999999,40790.0,507.0,93035.0,1024949.0,-0.3039999999999999,0.036,-8.599999999999998,8.599999999999998,0.0,276.1,275.6,277.5,0.772,272.6,0.531,272.5,0.842,275.0,0.001,14.07,1.0,3.0,0.0,-7.905,0.0,380.6,381.3,0.0,0.002,0.008,0.013,2.67,1.581,0.823,0.0,-6.832000000000001,-11.15,-11.73,-11.87,-11.3,-11.29,-11.56,-38.92,-11.51,-11.16,4.065,0.134,0.138,0.128,0.1689999999999999,0.119,0.1369999999999999,0.084,6472.0,9103.0,9059.0,9238.0,7861.0,7836.0,6348.0,0.049,0.05,0.0459999999999999,0.062,0.0429999999999999,0.05,0.0299999999999999,0.0,377.6,0.0,60.13,0.0,-3.168,0.0,4.533,16.0,0.0,0.0,9.98,11.5,11.49,-8.939999999999998,-9.14,0.0,-11.17,290.9,15.1,3.667,3.473,-1.0,1.813,2.7,4901
2016-01-20 07:20:00,0.12,0.12,0.1889999999999999,1067290.0,62.9,59.9,60.0,0.0749999999999999,40790.0,507.0,93035.0,1024949.0,-0.3019999999999999,0.035,-8.63,8.63,0.0,276.3,275.6,277.4,0.772,272.9,0.531,272.8,0.842,275.0,0.002,14.07,1.0,3.0,0.0,-7.905,0.0,382.2,382.3,0.0,0.005,0.008,0.013,2.684,1.66,0.5939999999999999,0.0,-6.832000000000001,-11.2,-11.73,-11.86,-11.27,-11.27,-11.56,-31.96,-11.48,-11.16,4.016,0.133,0.14,0.128,0.16,0.124,0.139,0.083,6472.0,9103.0,9059.0,9238.0,7861.0,7836.0,6348.0,0.049,0.0509999999999999,0.0459999999999999,0.059,0.0449999999999999,0.0509999999999999,0.0299999999999999,0.0,378.9,0.0,60.13,0.0,-3.055,0.0,4.517,16.0,0.0,0.0,10.05,11.51,11.48,-8.96,-9.23,0.0,-11.23,273.9,10.19,3.167,3.467,-1.0,2.247,3.5,4901
2016-01-20 07:21:00,0.171,0.148,0.119,1067290.0,62.9,59.9,60.0,0.0769999999999999,40790.0,507.0,93035.0,1024949.0,-0.31,0.036,-8.62,8.62,0.0,276.2,275.5,277.3,0.772,272.8,0.531,272.6,0.842,274.9,0.002,14.08,1.0,3.0,0.0,-7.905,0.0,382.2,381.9,0.0,0.006,0.0069999999999999,0.013,2.709,1.656,0.936,0.0,-6.832000000000001,-11.31,-11.7,-11.86,-11.25,-11.27,-11.56,-32.26,-11.48,-11.11,3.862,0.13,0.138,0.127,0.1689999999999999,0.121,0.135,0.085,6472.0,9103.0,9059.0,9238.0,7861.0,7836.0,6348.0,0.048,0.05,0.0459999999999999,0.062,0.044,0.049,0.031,0.0,378.3,0.0,60.14,0.0,-3.1630000000000003,0.0,4.533,16.0,0.0,0.0,10.12,11.54,11.51,-8.98,-9.28,0.0,-11.28,277.9,17.56,4.0,3.467,-1.0,1.817,2.5,4901
2016-01-20 07:22:00,0.0,0.0,0.0,1067290.0,62.9,59.9,60.0,0.0,40790.0,507.0,93035.0,1024949.0,-0.3029999999999999,0.036,-8.48,8.49,0.0,276.0,275.5,277.3,0.772,272.0,0.531,272.2,0.842,274.7,0.001,14.07,1.0,3.0,0.0,-7.905,0.0,379.1,379.0,0.0,0.0069999999999999,0.012,0.013,2.919,1.685,0.631,0.0,-6.832000000000001,-11.27,-11.73,-11.78,-11.23,-11.19,-11.49,-57.66,-11.42,-11.06,3.887,0.156,0.173,0.163,0.196,0.152,0.165,0.109,6472.0,9103.0,9059.0,9238.0,7861.0,7836.0,6348.0,0.057,0.063,0.059,0.072,0.055,0.0599999999999999,0.039,0.0,375.5,0.0,60.14,0.0,-3.621,0.0,4.633,16.0,0.0,0.0,9.8,11.51,11.48,-8.99,-9.23,0.0,-11.23,275.1,15.27,3.167,3.473,-1.0,2.015,3.0,4901
2016-01-20 07:23:00,0.0,0.0,0.0,1067290.0,62.9,59.9,60.0,0.0,40790.0,507.0,93035.0,1024949.0,-0.2769999999999999,0.033,-8.47,8.47,0.0,276.1,275.6,277.5,0.772,272.6,0.531,272.8,0.842,275.0,0.002,14.07,1.0,3.0,0.0,-7.907,0.0,379.3,379.8,0.0,0.0069999999999999,0.013,0.017,3.128,1.939,0.7359999999999999,0.0,-6.832000000000001,-11.21,-11.65,-11.77,-11.17,-11.16,-11.44,-31.93,-11.38,-11.06,4.114,0.1669999999999999,0.186,0.182,0.217,0.16,0.178,0.12,6472.0,9103.0,9059.0,9238.0,7861.0,7836.0,6348.0,0.0609999999999999,0.067,0.066,0.079,0.0579999999999999,0.065,0.044,0.0,376.1,0.0,60.14,0.0,-3.5410000000000004,0.0,4.65,16.0,0.0,0.0,9.73,11.52,11.46,-8.97,-9.14,0.0,-11.17,287.5,16.51,3.333,3.473,-1.0,1.64,2.5,4901
2016-01-20 07:24:00,0.0,0.0,0.0,1067290.0,62.9,59.9,60.0,0.0,40791.0,507.0,93035.0,1024949.0,-0.236,0.0279999999999999,-8.429999999999998,8.429999999999998,0.0,275.3,274.9,276.9,0.772,272.1,0.531,272.1,0.842,274.1,0.002,14.07,1.0,3.0,0.0,-7.907999999999999,0.0,381.3,380.7,0.0,0.012,0.013,0.017,3.302,2.235,0.643,0.0,-6.832000000000001,-11.15,-11.62,-11.69,-11.14,-11.17,-11.45,-104.3,-11.35,-11.08,4.377,0.185,0.2019999999999999,0.19,0.2349999999999999,0.1769999999999999,0.192,0.124,6472.0,9103.0,9059.0,9238.0,7861.0,7836.0,6348.0,0.068,0.074,0.069,0.0869999999999999,0.065,0.0709999999999999,0.0449999999999999,0.0,377.5,0.0,60.13,0.0,-3.069,0.0,4.65,16.0,0.0,0.0,9.670000000000002,11.5,11.44,-8.98,-9.18,0.0,-11.17,304.3,23.36,3.167,3.473,-1.0,1.027,2.3,4901
2016-01-20 07:25:00,0.171,0.0,0.0,1067290.0,62.9,59.9,60.0,0.0,40791.0,507.0,93035.0,1024949.0,-0.188,0.022,-8.42,8.429999999999998,0.0,275.3,274.8,276.9,0.772,272.0,0.531,272.0,0.842,274.0,0.002,14.07,1.0,3.0,0.0,-7.907999999999999,0.0,382.5,382.7,0.0,0.013,0.016,0.019,3.589,2.55,0.7829999999999999,0.0,-6.832000000000001,-11.21,-11.65,-11.81,-11.25,-11.21,-11.46,-49.85,-11.42,-11.16,4.726,0.201,0.225,0.208,0.2439999999999999,0.191,0.2129999999999999,0.134,6472.0,9103.0,9059.0,9238.0,7861.0,7836.0,6348.0,0.074,0.0819999999999999,0.0759999999999999,0.0899999999999999,0.07,0.078,0.049,0.0,379.3,0.0,60.15,0.0,-2.604,0.0,4.633,16.0,0.0,0.0,9.73,11.5,11.44,-9.0,-9.23,0.0,-11.22,305.1,36.82,3.5,3.472,-1.0,0.892,2.0,4901
2016-01-20 07:26:00,0.0,0.0,0.0,1067290.0,62.9,59.9,60.0,0.0,40791.0,507.0,93035.0,1024949.0,-0.16,0.018,-8.56,8.56,0.0,275.5,274.6,276.8,0.772,272.0,0.531,271.9,0.842,274.0,0.002,14.07,1.0,3.0,0.0,-7.907999999999999,0.0,388.6,389.3,0.0,0.016,0.017,0.023,3.992,3.019,0.7349999999999999,0.0,-6.832000000000001,-11.25,-11.68,-11.83,-11.25,-11.26,-11.52,-11.26,-11.46,-11.19,5.145,0.185,0.188,0.185,0.2369999999999999,0.163,0.186,0.118,6472.0,9103.0,9059.0,9238.0,7861.0,7836.0,6348.0,0.069,0.069,0.068,0.088,0.0599999999999999,0.069,0.0429999999999999,0.0,385.1,0.0,60.15,0.0,-1.749,0.0,4.5,16.0,0.0,0.0,10.03,11.51,11.44,-9.05,-9.26,0.0,-11.28,286.9,24.43,3.333,3.465,-1.0,1.047,2.0,4901
2016-01-20 07:27:00,0.0,0.0,0.0,1067290.0,62.9,59.9,60.0,0.0,40791.0,507.0,93035.0,1024949.0,-0.099,0.01,-8.55,8.56,0.0,275.6,274.9,277.0,0.772,272.0,0.531,272.0,0.842,274.0,0.002,14.07,1.0,3.0,0.0,-7.907999999999999,0.0,391.9,391.3,0.0,0.019,0.021,0.0289999999999999,4.543,3.674,0.642,0.0,-6.832000000000001,-11.25,-11.7,-11.88,-11.3,-11.35,-11.56,-104.6,-11.53,-11.29,5.837000000000001,0.208,0.217,0.2049999999999999,0.255,0.185,0.215,0.134,6472.0,9103.0,9059.0,9238.0,7861.0,7836.0,6348.0,0.078,0.08,0.0759999999999999,0.095,0.068,0.08,0.05,0.0,387.8,0.0,60.14,0.0,-1.543,0.0,4.517,16.0,0.0,0.0,9.98,11.52,11.4,-9.090000000000002,-9.21,0.0,-11.26,312.9,34.23,3.167,3.465,-1.0,0.77,1.4,4901
2016-01-20 07:28:00,0.5989999999999999,0.0,0.0,1067290.0,62.9,59.9,60.0,0.0,40791.0,507.0,93035.0,1024949.0,0.011,-0.003,-8.47,8.47,0.0,275.8,274.9,277.0,0.772,272.0,0.531,272.0,0.842,274.0,0.002,14.07,1.0,3.0,0.0,-7.907999999999999,0.0,392.8,392.5,0.0,0.026,0.0279999999999999,0.037,5.34,4.562,0.5939999999999999,0.0,-6.832000000000001,-11.33,-11.71,-11.95,-11.36,-11.37,-11.62,-104.6,-11.56,-11.35,6.809,0.2689999999999999,0.2889999999999999,0.267,0.33,0.257,0.281,0.1739999999999999,6472.0,9103.0,9059.0,9238.0,7861.0,7836.0,6348.0,0.1009999999999999,0.108,0.099,0.124,0.096,0.105,0.065,0.0,388.9,0.0,60.14,0.0,-1.6269999999999998,0.0,4.583,16.0,0.0,0.0,9.85,11.52,11.37,-9.08,-9.26,0.0,-11.33,284.6,20.43,3.0,3.465,-1.0,0.922,1.4,4901
2016-01-20 07:29:00,2.482,0.0,0.0,1067290.0,62.9,59.9,60.0,0.0,40791.0,507.0,93035.0,1024949.0,0.193,-0.026,-8.349999999999998,8.359999999999998,0.0,275.9,274.8,276.9,0.772,272.0,0.531,272.0,0.842,274.0,0.002,14.07,1.0,3.0,0.0,-7.907999999999999,0.0,393.1,393.7,0.0,0.035,0.036,0.047,6.243,5.561,0.782,0.0,-6.832000000000001,-11.34,-11.73,-11.99,-11.44,-11.4,-11.65,-104.7,-11.54,-11.35,7.911,0.3429999999999999,0.386,0.373,0.441,0.34,0.3649999999999999,0.2419999999999999,6472.0,9103.0,9059.0,9238.0,7861.0,7836.0,6348.0,0.13,0.1459999999999999,0.14,0.1669999999999999,0.128,0.138,0.0909999999999999,0.0,389.8,0.0,60.14,0.0,-1.692,0.0,4.65,16.0,0.0,0.0,9.65,11.45,11.31,-9.05,-9.25,0.0,-11.35,283.2,22.35,3.5,3.472,-1.0,0.7069999999999999,1.3,4901
2016-01-20 07:30:00,3.252,0.511,0.0,1067290.0,62.9,59.9,60.0,0.009,40791.0,507.0,93035.0,1024949.0,0.372,-0.049,-8.31,8.34,0.0,275.8,274.9,277.0,0.772,272.0,0.531,272.0,0.842,274.0,0.002,14.07,1.0,3.0,0.0,-7.906,0.0,395.7,396.1,0.0,0.0459999999999999,0.0449999999999999,0.0579999999999999,7.232999999999999,6.684,0.5939999999999999,0.0,-6.832000000000001,-11.34,-11.73,-12.0,-11.41,-11.37,-11.67,-109.2,-11.54,-11.38,9.15,0.402,0.467,0.442,0.513,0.3979999999999999,0.437,0.2889999999999999,6472.0,9103.0,9059.0,9238.0,7861.0,7836.0,6348.0,0.153,0.1769999999999999,0.1669999999999999,0.196,0.151,0.1669999999999999,0.109,0.0,392.0,0.0,60.12,0.0,-1.65,0.0,4.65,16.0,0.0,0.0,9.63,11.47,11.27,-9.08,-9.25,0.0,-11.38,322.3,14.18,3.0,3.473,-1.0,0.497,0.8,4901
2016-01-20 07:31:00,3.1660000000000004,3.149,0.0,1067290.0,62.9,59.9,60.0,0.0529999999999999,40792.0,507.0,93035.0,1024949.0,0.5539999999999999,-0.072,-8.269999999999998,8.31,0.0,275.7,274.7,276.8,0.772,272.0,0.531,272.0,0.842,274.0,0.002,14.07,1.0,3.0,0.0,-7.909,0.0,398.1,398.4,0.0,0.0559999999999999,0.054,0.068,8.23,7.814,0.7279999999999999,0.0,-6.832000000000001,-11.34,-11.73,-11.97,-11.44,-11.45,-11.72,-84.09999999999998,-11.56,-11.45,10.43,0.4639999999999999,0.541,0.512,0.5969999999999999,0.4679999999999999,0.505,0.336,6472.0,9103.0,9059.0,9238.0,7861.0,7836.0,6348.0,0.178,0.206,0.195,0.2289999999999999,0.1789999999999999,0.1939999999999999,0.128,0.0,394.3,0.0,60.13,0.0,-1.338,0.0,4.65,16.0,0.0,0.0,9.65,11.46,11.21,-9.04,-9.26,0.0,-11.38,273.2,52.13,3.333,3.465,-1.0,0.532,1.2,4901
2016-01-20 07:32:00,2.91,2.894,1.439,1067290.0,62.9,59.9,60.0,0.456,40792.0,507.0,93035.0,1024949.0,0.624,-0.081,-8.33,8.39,0.0,276.0,274.5,276.6,0.772,272.0,0.531,271.9,0.842,274.0,0.002,14.07,1.0,3.0,0.0,-7.907,0.0,403.3,403.5,0.0,0.068,0.064,0.08,9.32,9.07,0.6009999999999999,0.0,-6.785,-11.34,-11.68,-11.99,-11.44,-11.41,-11.7,-79.15999999999998,-11.54,-11.45,11.8,0.465,0.52,0.4929999999999999,0.5989999999999999,0.461,0.497,0.327,6472.0,9103.0,9059.0,9238.0,7861.0,7836.0,6348.0,0.1799999999999999,0.1989999999999999,0.188,0.2319999999999999,0.1769999999999999,0.192,0.125,0.0,399.6,0.0,60.15,0.0,-0.2419999999999999,0.0,4.567,16.0,0.0,0.0,9.85,11.49,11.22,-9.08,-9.2,0.0,-11.36,267.8,10.73,3.0,3.465,-1.0,1.278,1.8,4901
2016-01-20 07:33:00,2.653,2.639,2.54,1067290.0,62.9,59.9,60.0,0.764,40792.0,507.0,93035.0,1024949.0,0.697,-0.0909999999999999,-8.4,8.48,0.0,276.0,275.0,276.9,0.772,272.0,0.531,272.0,0.842,274.0,0.002,14.07,1.0,3.0,0.0,-7.907,0.0529999999999999,407.4,407.4,0.0,0.083,0.0769999999999999,0.095,10.65,10.54,0.64,0.0,-6.736000000000001,-11.33,-11.67,-11.96,-11.4,-11.35,-11.65,-37.07,-11.57,-11.45,13.45,0.487,0.536,0.514,0.635,0.466,0.52,0.342,6472.0,9103.0,9059.0,9238.0,7861.0,7836.0,6348.0,0.19,0.206,0.1969999999999999,0.247,0.1799999999999999,0.201,0.131,0.0,403.6,0.0,60.15,0.0,0.38,0.0,4.517,16.0,0.0,0.0,10.01,11.5,11.2,-9.02,-9.2,0.0,-11.35,277.7,23.1,3.167,3.465,-1.0,0.948,1.5,4901
2016-01-20 07:34:00,2.653,2.639,2.624,1067290.0,62.9,59.9,60.0,0.787,40792.0,507.0,93035.0,1024949.0,0.8609999999999999,-0.1119999999999999,-8.359999999999998,8.49,0.0,275.9,274.9,276.7,0.772,272.0,0.531,272.0,0.842,274.0,0.002,14.07,1.0,3.0,0.0,-7.907999999999999,0.186,408.9,409.3,0.0,0.1009999999999999,0.0909999999999999,0.111,12.02,12.13,0.5929999999999999,0.0,-6.736000000000001,-11.28,-11.65,-11.96,-11.32,-11.29,-11.6,-104.6,-11.53,-11.37,15.22,0.546,0.5899999999999999,0.5589999999999999,0.7079999999999999,0.519,0.577,0.375,6472.0,9103.0,9059.0,9238.0,7861.0,7836.0,6348.0,0.2129999999999999,0.228,0.215,0.2769999999999999,0.201,0.225,0.1449999999999999,0.0,405.7,0.0,60.13,0.0,0.627,0.0,4.517,16.0,0.0,0.0,10.06,11.55,11.16,-9.03,-9.19,0.0,-11.28,275.3,12.65,3.0,3.468,-1.0,1.208,1.6,4901
2016-01-20 07:35:00,3.252,3.234,3.217,1067290.0,62.9,59.9,60.0,0.968,40792.0,507.0,93035.0,1024949.0,1.2819999999999998,-0.1639999999999999,-8.17,8.37,0.0,275.8,275.2,276.9,0.772,272.0,0.531,272.0,0.842,274.0,0.002,14.07,1.0,3.0,0.0,-7.907999999999999,0.263,407.3,408.0,0.0,0.1159999999999999,0.103,0.126,13.25,13.61,0.5949999999999999,0.0,-6.654,-11.17,-11.57,-11.86,-11.25,-11.24,-11.51,-36.79,-11.42,-11.35,16.87,0.7199999999999999,0.819,0.7979999999999999,0.945,0.714,0.774,0.52,6472.0,9103.0,9059.0,9238.0,7861.0,7836.0,6348.0,0.283,0.319,0.311,0.371,0.2789999999999999,0.3029999999999999,0.203,0.0,404.0,0.0,60.13,0.0,0.937,0.0,4.633,16.0,0.0,0.0,9.840000000000002,11.59,11.09,-9.08,-9.15,0.0,-11.2,283.5,26.93,3.167,3.472,-1.0,1.273,2.4,4901
2016-01-20 07:36:00,3.287,3.234,3.217,1067290.0,62.9,59.9,60.0,0.982,40792.0,507.0,93035.0,1024949.0,1.508,-0.191,-8.13,8.39,0.0,276.3,275.3,277.1,0.772,272.1,0.531,272.0,0.842,274.3,0.002,14.07,1.0,3.0,0.0,-7.905,0.3659999999999999,409.3,408.8,0.0,0.13,0.115,0.14,14.32,14.89,0.7390000000000001,0.0,-6.64,-11.15,-11.52,-11.76,-11.2,-11.18,-11.46,-57.76,-11.35,-11.21,18.33,0.797,0.92,0.8669999999999999,1.014,0.7859999999999999,0.87,0.56,6472.0,9103.0,9059.0,9238.0,7861.0,7836.0,6348.0,0.314,0.3599999999999999,0.3389999999999999,0.3989999999999999,0.308,0.342,0.2189999999999999,0.0,405.0,0.0,60.12,0.0,1.64,0.0,4.633,16.0,0.0,0.0,9.83,11.64,11.05,-8.98,-9.18,0.0,-11.19,303.4,24.23,3.5,3.473,-1.0,1.25,1.9,4901
2016-01-20 07:37:00,3.823,3.5660000000000003,3.302,1067290.0,62.9,59.9,60.0,1.2,40792.0,507.0,93035.0,1024949.0,1.744,-0.22,-8.06,8.39,0.0,276.2,275.1,277.0,0.772,272.2,0.531,272.0,0.842,274.1,0.001,14.07,1.0,3.0,0.0,-7.905,0.652,409.7,409.2,0.0,0.144,0.126,0.153,15.27,16.07,0.639,0.0,-6.64,-11.07,-11.49,-11.74,-11.11,-11.14,-11.41,-78.65,-11.32,-11.16,19.68,0.88,1.013,0.968,1.118,0.8609999999999999,0.957,0.62,6472.0,9103.0,9059.0,9238.0,7861.0,7836.0,6348.0,0.347,0.397,0.379,0.441,0.3379999999999999,0.377,0.2429999999999999,0.0,405.4,0.0,60.13,0.0,2.524,0.0,4.65,16.0,0.0,0.0,9.81,11.69,11.05,-8.96,-9.170000000000002,0.0,-11.11,284.2,25.55,3.167,3.473,-1.0,1.175,2.3,4901
2016-01-20 07:38:00,4.274,4.409,3.44,1067290.0,62.9,59.9,60.0,1.599,40792.0,507.0,93035.0,1024949.0,1.903,-0.238,-8.04,8.429999999999998,0.0,276.7,275.3,277.1,0.772,272.9,0.531,272.1,0.842,274.7,0.002,14.07,1.0,3.0,0.0,-7.905,1.003,409.3,410.0,0.0,0.155,0.134,0.1639999999999999,16.04,17.07,0.7319999999999999,0.0,-6.608,-10.97,-11.33,-11.54,-11.01,-11.0,-11.28,-52.95,-11.17,-11.0,20.77,0.947,1.07,1.017,1.1909999999999998,0.925,1.018,0.648,6472.0,9103.0,9059.0,9238.0,7861.0,7836.0,6348.0,0.374,0.4199999999999999,0.3989999999999999,0.4699999999999999,0.3639999999999999,0.401,0.254,0.0,405.9,0.0,60.23,0.0,3.03,0.0,4.65,16.0,0.0,0.0,9.86,11.7,11.07,-8.949999999999998,-9.16,0.0,-11.03,286.4,9.95,3.333,3.472,-1.0,1.653,2.2,4901
2016-01-20 07:39:00,3.814,3.743,3.264,1067290.0,62.9,59.9,60.0,1.557,40793.0,507.0,93035.0,1024949.0,1.635,-0.2039999999999999,-8.21,8.57,0.0,276.1,275.5,277.3,0.772,272.8,0.531,272.2,0.842,274.5,0.002,14.07,1.0,3.0,0.0,-7.905,1.234,415.0,415.1,0.0,0.1669999999999999,0.1419999999999999,0.1739999999999999,16.75,17.95,0.647,0.0,-6.544,-10.95,-11.33,-11.51,-10.95,-10.97,-11.19,-62.17,-11.06,-10.97,21.71,0.8359999999999999,0.898,0.8409999999999999,1.037,0.787,0.882,0.535,6472.0,9103.0,9059.0,9238.0,7861.0,7836.0,6348.0,0.332,0.3529999999999999,0.33,0.412,0.31,0.3489999999999999,0.2099999999999999,0.0,411.0,0.0,60.13,0.0,2.615,0.0,4.533,16.0,0.0,0.0,10.17,11.72,11.14,-8.92,-9.21,0.0,-10.99,289.2,16.05,3.167,3.473,-1.0,1.012,1.7,4901
2016-01-20 07:40:00,3.729,3.729,3.457,1067290.0,62.9,59.9,60.0,1.63,40793.0,507.0,93035.0,1024949.0,1.642,-0.2039999999999999,-8.25,8.64,0.0,276.5,275.7,277.5,0.772,273.0,0.531,272.9,0.842,275.0,0.002,14.07,1.0,3.0,0.0,-7.905,1.044,415.5,416.2,0.0,0.178,0.151,0.184,17.61,18.92,0.5939999999999999,0.0,-6.511,-10.88,-11.23,-11.43,-10.86,-10.9,-11.14,-27.63,-11.01,-10.89,22.72,0.8449999999999999,0.893,0.8479999999999999,1.051,0.79,0.8859999999999999,0.5379999999999999,6472.0,9103.0,9059.0,9238.0,7861.0,7836.0,6348.0,0.337,0.352,0.3329999999999999,0.4179999999999999,0.312,0.352,0.211,0.0,412.5,0.0,60.15,0.0,2.677,0.0,4.517,16.0,0.0,0.0,10.26,11.77,11.18,-8.91,-9.170000000000002,0.0,-10.91,293.9,26.14,3.0,3.472,-1.0,1.172,1.7,4901
2016-01-20 07:41:00,3.969,3.969,3.869,1067290.0,62.9,59.9,60.0,1.787,40793.0,507.0,93035.0,1024949.0,1.853,-0.228,-8.17,8.63,0.0,276.9,275.4,277.2,0.772,273.0,0.531,272.9,0.842,275.0,0.002,14.07,1.0,3.0,0.0,-7.893,1.07,416.3,416.2,0.0,0.1889999999999999,0.16,0.195,18.65,20.08,0.7319999999999999,0.0,-6.447,-10.75,-11.15,-11.37,-10.82,-10.81,-11.08,-31.91,-10.97,-10.78,23.96,0.927,1.006,0.954,1.1740000000000002,0.8759999999999998,0.983,0.6019999999999999,6472.0,9103.0,9059.0,9238.0,7861.0,7836.0,6348.0,0.37,0.397,0.376,0.4679999999999999,0.347,0.391,0.2369999999999999,0.0,412.4,0.0,60.14,0.0,3.073,0.0,4.55,16.0,0.0,0.0,10.26,11.83,11.2,-8.92,-9.12,0.0,-10.84,271.1,32.9,3.333,3.472,-1.0,0.873,1.4,4901
2016-01-20 07:42:00,4.691,4.691,4.655,1067291.0,62.9,59.9,60.0,2.135,40793.0,507.0,93035.0,1024949.0,2.476,-0.2999999999999999,-7.9289999999999985,8.58,0.0,276.3,275.6,277.4,0.772,272.9,0.531,272.5,0.842,274.9,0.002,14.07,1.0,3.0,0.0,-7.882999999999998,1.24,413.8,414.2,0.0,0.203,0.1719999999999999,0.208,19.89,21.44,0.7829999999999999,0.0,-6.447,-10.7,-11.02,-11.27,-10.71,-10.76,-10.95,-10.76,-10.89,-10.73,25.43,1.131,1.281,1.235,1.4380000000000002,1.104,1.218,0.78,6472.0,9103.0,9059.0,9238.0,7861.0,7836.0,6348.0,0.452,0.508,0.4899999999999999,0.574,0.439,0.4859999999999999,0.309,0.0,410.2,0.0,60.15,0.0,4.228,0.0,4.65,16.0,0.0,0.0,10.09,11.93,11.12,-8.929999999999998,-9.090000000000002,0.0,-10.77,281.1,21.1,3.5,3.473,-1.0,1.33,2.0,4901
2016-01-20 07:43:00,4.941,4.9910000000000005,4.708,1067291.0,62.9,59.9,60.0,2.3040000000000003,40793.0,507.0,93035.0,1024949.0,2.752,-0.3279999999999999,-7.872,8.67,0.0,276.5,275.5,277.4,0.772,273.0,0.531,272.7,0.842,274.9,0.002,14.07,2.0,3.0,0.0,-7.882999999999998,1.696,414.2,414.7,0.0,0.2189999999999999,0.185,0.223,21.3,22.97,0.5939999999999999,0.0,-6.351,-10.64,-10.93,-11.17,-10.68,-10.65,-10.88,-10.65,-10.79,-10.63,27.1,1.222,1.399,1.338,1.555,1.205,1.324,0.8469999999999999,6472.0,9103.0,9059.0,9238.0,7861.0,7836.0,6348.0,0.4889999999999999,0.556,0.531,0.621,0.4799999999999999,0.528,0.336,0.0,410.7,0.0,60.15,0.0,5.305,0.0,4.65,16.0,0.0,0.0,10.21,12.03,11.19,-8.91,-9.1,0.0,-10.69,280.5,15.45,3.0,3.473,-1.0,1.277,1.8,4901
2016-01-20 07:44:00,5.634,5.7010000000000005,5.486000000000001,1067291.0,62.9,59.9,60.0,2.92,40793.0,507.0,93035.0,1024949.0,3.053,-0.356,-7.819,8.79,0.0,276.5,275.6,277.5,0.772,273.0,0.531,272.8,0.842,275.0,0.002,14.07,1.0,3.0,0.0,-7.866,2.13,414.9,415.2,0.0,0.2369999999999999,0.2,0.2389999999999999,22.84,24.64,0.6019999999999999,0.0,-6.334,-10.53,-10.84,-11.13,-10.55,-10.57,-10.8,-31.68,-10.73,-10.55,28.93,1.314,1.521,1.461,1.6769999999999998,1.298,1.432,0.93,6472.0,9103.0,9059.0,9238.0,7861.0,7836.0,6348.0,0.526,0.6049999999999999,0.5799999999999998,0.6709999999999999,0.517,0.572,0.37,0.0,411.3,0.0,60.14,0.0,5.875,0.0,4.65,16.0,0.0,0.0,10.35,12.18,11.28,-8.87,-9.06,0.0,-10.57,285.3,6.994,3.333,3.472,-1.0,1.417,1.8,4901
2016-01-20 07:45:00,5.773,5.825,5.697,1067291.0,62.9,59.9,60.0,3.052,40793.0,507.0,93035.0,1024949.0,3.36,-0.3829999999999999,-7.753999999999999,8.91,0.0,276.6,275.4,277.5,0.772,273.0,0.531,272.3,0.842,275.0,0.002,14.07,1.0,3.0,0.0,-7.86,2.4090000000000003,415.6,415.9,0.0,0.256,0.215,0.257,24.47,26.49,0.7759999999999999,0.0,-6.255,-10.4,-10.74,-11.04,-10.47,-10.49,-10.69,-10.45,-10.62,-10.42,30.93,1.4169999999999998,1.641,1.587,1.809,1.404,1.54,1.014,6472.0,9103.0,9059.0,9238.0,7861.0,7836.0,6348.0,0.569,0.654,0.632,0.7249999999999999,0.56,0.6159999999999999,0.4039999999999999,0.0,412.3,0.0,60.19,0.0,6.533,0.0,4.65,16.0,0.0,0.0,10.49,12.38,11.36,-8.87,-9.06,0.0,-10.49,289.4,3.94,3.5,3.465,-1.0,1.375,1.7,4901
2016-01-20 07:46:00,10.06,10.24,10.07,1067291.0,62.9,59.9,60.0,5.725,40794.0,507.0,93035.0,1024949.0,6.16,-0.677,-6.696000000000001,9.1,0.0,276.0,274.7,276.8,0.772,272.1,0.531,271.8,0.842,274.1,0.002,14.07,2.0,3.0,0.0,-7.857,2.6660000000000004,389.9,390.2,0.0,0.2739999999999999,0.231,0.275,26.13,28.35,0.5949999999999999,0.0,-6.255,-10.33,-10.67,-10.98,-10.37,-10.42,-10.58,-10.4,-10.55,-10.36,33.0,2.4090000000000003,3.036,2.95,3.092,2.56,2.7,1.896,6472.0,9103.0,9059.0,9238.0,7861.0,7836.0,6348.0,0.93,1.172,1.139,1.193,0.988,1.042,0.7319999999999999,0.0,386.1,0.0,60.19,0.0,12.99,0.0,5.0,16.0,0.0,0.0,10.32,13.31,11.54,-8.88,-9.08,0.0,-10.41,285.1,12.39,3.0,3.472,-1.0,1.528,2.4,4901
2016-01-20 07:47:00,10.31,10.96,10.22,1067291.0,62.9,59.9,60.0,6.034,40794.0,507.0,93035.0,1024949.0,6.683,-0.714,-6.555,9.36,0.0,275.9,274.6,276.7,0.772,272.0,0.531,271.9,0.842,274.0,0.002,14.07,1.0,3.0,0.0,-7.837999999999998,5.07,382.5,382.4,0.0,0.2929999999999999,0.246,0.2929999999999999,27.67,30.17,0.645,0.0,-6.159,-10.22,-10.54,-10.84,-10.26,-10.34,-10.47,-10.27,-10.41,-10.21,34.97,2.623,3.312,3.232,3.372,2.797,2.938,2.081,6472.0,9103.0,9059.0,9238.0,7862.0,7836.0,6348.0,0.993,1.254,1.224,1.277,1.0590000000000002,1.112,0.7879999999999999,0.0,378.7,0.0,60.17,0.0,14.46,0.0,5.0,16.0,0.0,0.0,10.6,13.74,11.76,-8.849999999999998,-9.05,0.0,-10.31,296.9,13.28,3.5,3.472,-1.0,1.755,2.8,4901
2016-01-20 07:48:00,11.12,11.44,11.29,1067291.0,62.9,59.9,60.0,6.7,40794.0,507.0,93035.0,1024949.0,7.075,-0.7379999999999999,-6.46,9.58,0.0,275.8,274.7,276.7,0.772,272.0,0.531,272.0,0.842,274.0,0.002,14.07,1.0,3.0,0.0,-7.83,5.53,379.8,380.0,0.0,0.309,0.258,0.309,29.01,31.75,0.7349999999999999,0.0,-6.095,-10.14,-10.4,-10.8,-10.15,-10.21,-10.34,-61.28,-10.34,-10.12,36.71,2.7710000000000004,3.498,3.422,3.555,2.9560000000000004,3.103,2.205,6472.0,9103.0,9059.0,9238.0,7862.0,7836.0,6348.0,1.043,1.3159999999999998,1.287,1.337,1.112,1.167,0.8299999999999998,0.0,376.2,0.0,60.15,0.0,16.42,0.0,5.0,16.0,0.0,0.0,10.82,14.12,12.0,-8.83,-9.0,0.0,-10.19,296.3,15.68,3.333,3.473,-1.0,1.273,1.8,4901
2016-01-20 07:49:00,11.46,12.01,11.32,1067291.0,62.9,59.9,60.0,6.973,40794.0,507.0,93035.0,1024950.0,7.4129999999999985,-0.758,-6.386,9.79,0.0,276.0,274.7,276.7,0.772,272.0,0.531,271.9,0.842,274.0,0.001,14.07,1.0,3.0,0.0,-7.815,6.235,379.4,379.3,0.0,0.324,0.27,0.322,30.19,33.12,0.644,0.0,-6.063,-10.0,-10.35,-10.64,-10.06,-10.15,-10.27,-10.11,-10.21,-10.02,38.25,2.894,3.658,3.571,3.709,3.084,3.242,2.301,6472.0,9103.0,9059.0,9238.0,7862.0,7836.0,6348.0,1.087,1.374,1.341,1.393,1.158,1.218,0.8640000000000001,0.0,375.6,0.0,60.17,0.0,16.91,0.0,5.0,16.0,0.0,0.0,11.04,14.45,12.19,-8.81,-9.01,0.0,-10.13,318.6,15.43,3.167,3.473,-1.0,1.58,2.1,4901
2016-01-20 07:50:00,11.5,12.52,11.51,1067292.0,62.9,59.9,60.0,7.178,40794.0,507.0,93035.0,1024950.0,7.742000000000002,-0.775,-6.322,10.0,0.0,276.0,274.7,276.8,0.772,272.0,0.531,272.0,0.842,274.0,0.002,14.07,1.0,3.0,0.0,-7.807,6.413,379.6,380.4,0.0,0.337,0.28,0.335,31.33,34.45,0.7349999999999999,0.0,-6.031000000000001,-9.97,-10.2,-10.59,-10.03,-10.07,-10.16,-31.05,-10.15,-9.88,39.72,3.008,3.801,3.708,3.845,3.204,3.37,2.389,6472.0,9103.0,9059.0,9238.0,7862.0,7836.0,6348.0,1.132,1.43,1.395,1.4469999999999998,1.206,1.268,0.899,0.0,376.3,0.0,60.2,0.0,17.32,0.0,5.0,16.0,0.0,0.0,11.31,14.77,12.37,-8.82,-8.99,0.0,-10.05,294.3,21.52,3.333,3.473,-1.0,1.003,1.8,4901
2016-01-20 07:51:00,12.3,12.6,12.42,1067292.0,62.9,59.9,60.0,7.67,40794.0,507.0,93035.0,1024950.0,8.05,-0.789,-6.263,10.2,0.0,275.9,274.7,276.9,0.772,272.0,0.531,272.0,0.842,274.0,0.002,14.07,2.0,3.0,0.0,-7.793999999999999,6.582000000000001,380.9,380.5,0.0,0.3499999999999999,0.2899999999999999,0.346,32.41,35.63,0.5949999999999999,0.0,-5.9670000000000005,-9.840000000000002,-10.12,-10.43,-9.89,-9.99,-10.06,-35.54,-10.02,-9.81,41.05,3.11,3.924,3.833,3.977,3.314,3.479,2.467,6472.0,9103.0,9059.0,9238.0,7862.0,7836.0,6348.0,1.173,1.48,1.445,1.5,1.25,1.3119999999999998,0.93,0.0,377.1,0.0,60.2,0.0,18.74,0.0,5.0,16.0,0.0,0.0,11.57,15.1,12.56,-8.83,-8.939999999999998,0.0,-9.96,279.5,11.96,3.333,3.473,-1.0,1.488,2.0,4901
2016-01-20 07:52:00,12.55,13.42,12.43,1067292.0,62.9,59.9,60.0,7.976,40794.0,507.0,93035.0,1024950.0,8.33,-0.802,-6.212000000000001,10.39,0.0,276.0,274.8,277.0,0.772,272.1,0.531,272.0,0.842,274.0,0.002,14.07,1.0,3.0,0.0,-7.772,7.15,381.9,381.3,0.0,0.3609999999999999,0.2999999999999999,0.357,33.45,36.7,0.644,0.0,-5.885,-9.78,-10.01,-10.4,-9.78,-9.87,-9.94,-35.43,-9.920000000000002,-9.7,42.17,3.197,4.038,3.943,4.1,3.403,3.575,2.541,6472.0,9103.0,9059.0,9238.0,7862.0,7836.0,6348.0,1.209,1.527,1.491,1.55,1.287,1.352,0.961,0.0,378.1,0.0,60.15,0.0,19.99,0.0,5.0,16.0,0.0,0.0,11.82,15.39,12.74,-8.8,-8.929999999999998,0.0,-9.86,303.6,13.22,3.167,3.472,-1.0,1.988,2.7,4901
2016-01-20 07:53:00,12.61,13.52,12.45,1067292.0,62.9,59.9,60.0,8.029999999999998,40794.0,507.0,93035.0,1024950.0,8.59,-0.812,-6.176,10.58,0.0,276.1,274.9,277.1,0.772,272.0,0.531,272.0,0.842,274.0,0.002,14.07,1.0,3.0,0.0,-7.764999999999999,7.633999999999999,381.4,382.0,0.0,0.373,0.309,0.367,34.43,37.72,0.785,0.0,-5.87,-9.68,-9.94,-10.26,-9.7,-9.82,-9.840000000000002,-9.74,-9.81,-9.62,43.16,3.275,4.156000000000001,4.044,4.194,3.504,3.675,2.613,6472.0,9103.0,9059.0,9238.0,7862.0,7836.0,6348.0,1.24,1.574,1.531,1.588,1.3259999999999998,1.391,0.989,0.0,378.6,0.0,60.15,0.0,20.59,0.0,5.0,16.0,0.0,0.0,12.07,15.62,12.9,-8.73,-8.9,0.0,-9.79,300.2,31.16,3.5,3.473,-1.0,1.255,2.1,4901
2016-01-20 07:54:00,13.11,13.61,13.18,1067292.0,62.9,59.9,60.0,8.4,40794.0,507.0,93035.0,1024950.0,8.84,-0.821,-6.14,10.77,0.0,276.2,274.8,276.9,0.772,272.0,0.531,272.0,0.842,274.0,0.002,14.07,1.0,3.0,0.0,-7.746,7.855,383.0,383.2,0.0,0.384,0.318,0.377,35.41,38.75,0.5949999999999999,0.0,-5.789,-9.57,-9.81,-10.16,-9.57,-9.7,-9.73,-9.590000000000002,-9.69,-9.49,44.16,3.35,4.259,4.152,4.31,3.5860000000000003,3.763,2.69,6472.0,9103.0,9059.0,9238.0,7862.0,7836.0,6348.0,1.27,1.615,1.575,1.635,1.36,1.4269999999999998,1.02,0.0,379.3,0.0,60.17,0.0,20.81,0.0,5.0,16.0,0.0,0.0,12.32,15.84,13.11,-8.72,-8.859999999999998,0.0,-9.670000000000002,299.6,15.27,3.0,3.473,-1.0,1.217,2.3,4901
2016-01-20 07:55:00,13.57,14.41,13.41,1067292.0,62.9,59.9,60.0,8.8,40794.0,507.0,93035.0,1024950.0,9.090000000000002,-0.8299999999999998,-6.1,10.95,0.0,275.6,274.8,276.9,0.772,272.0,0.531,272.0,0.842,274.0,0.002,14.07,1.0,3.0,0.0,-7.727,7.9689999999999985,383.0,382.9,0.0,0.3939999999999999,0.327,0.386,36.32,39.71,0.7369999999999999,0.0,-5.725,-9.49,-9.66,-10.1,-9.47,-9.64,-9.58,-30.17,-9.62,-9.4,45.13,3.434,4.357,4.249,4.415,3.684,3.844,2.762,6472.0,9103.0,9059.0,9238.0,7862.0,7836.0,6348.0,1.304,1.654,1.6130000000000002,1.676,1.399,1.459,1.0490000000000002,0.0,379.7,0.0,60.16,0.0,21.12,0.0,5.0,16.0,0.0,0.0,12.6,16.08,13.29,-8.689999999999998,-8.82,0.0,-9.56,306.7,18.85,3.333,3.473,-1.0,1.778,2.8,4901
2016-01-20 07:56:00,13.57,14.46,13.41,1067293.0,62.9,59.9,60.0,8.82,40795.0,507.0,93035.0,1024951.0,9.28,-0.837,-6.08,11.1,0.0,276.0,274.9,277.0,0.772,272.0,0.531,272.0,0.842,274.0,0.002,14.07,1.0,3.0,0.0,-7.71,8.09,384.4,383.5,0.0,0.4029999999999999,0.3329999999999999,0.3929999999999999,37.01,40.41,0.643,0.0,-5.678,-9.36,-9.55,-9.95,-9.38,-9.52,-9.47,-34.92,-9.46,-9.33,45.87,3.494,4.437,4.33,4.493,3.738,3.911,2.822,6472.0,9103.0,9059.0,9238.0,7862.0,7836.0,6348.0,1.329,1.6880000000000002,1.6469999999999998,1.709,1.422,1.4880000000000002,1.073,0.0,380.3,0.0,60.14,0.0,21.65,0.0,5.0,16.0,0.0,0.0,12.77,16.26,13.43,-8.67,-8.769999999999998,0.0,-9.44,296.1,20.07,3.167,3.473,-1.0,1.625,2.2,4901
2016-01-20 07:57:00,13.59,14.46,13.41,1067293.0,62.9,59.9,60.0,8.84,40795.0,507.0,93035.0,1024951.0,9.38,-0.8399999999999999,-6.073,11.18,0.0,276.0,275.1,277.2,0.772,272.1,0.531,272.0,0.842,274.0,0.002,14.07,1.0,3.0,0.0,-7.689,8.32,384.5,384.8,0.0,0.4079999999999999,0.337,0.397,37.39,40.78,0.5949999999999999,0.0,-5.627999999999999,-9.25,-9.44,-9.86,-9.28,-9.41,-9.36,-55.86,-9.37,-9.24,46.2,3.525,4.462,4.35,4.523,3.766,3.932,2.843,6472.0,9103.0,9059.0,9238.0,7862.0,7836.0,6348.0,1.3430000000000002,1.7,1.658,1.724,1.435,1.4980000000000002,1.083,0.0,381.1,0.0,60.17,0.0,22.27,0.0,5.0,16.0,0.0,0.0,12.88,16.38,13.52,-8.66,-8.769999999999998,0.0,-9.35,287.7,21.8,3.0,3.472,-1.0,1.557,2.5,4901
2016-01-20 07:58:00,13.59,14.46,13.41,1067293.0,62.9,59.9,60.0,8.84,40795.0,507.0,93035.0,1024951.0,9.41,-0.8399999999999999,-6.07,11.2,0.0,276.2,275.1,277.1,0.772,272.0,0.531,272.0,0.842,274.3,0.002,14.07,1.0,3.0,0.0,-7.672999999999998,8.56,385.3,385.6,0.0,0.4099999999999999,0.337,0.397,37.5,40.81,0.797,0.0,-5.564,-9.170000000000002,-9.36,-9.73,-9.15,-9.35,-9.28,-34.62,-9.32,-9.11,46.25,3.531,4.462,4.3580000000000005,4.523,3.764,3.93,2.854,6472.0,9103.0,9059.0,9238.0,7862.0,7836.0,6348.0,1.349,1.704,1.664,1.727,1.4369999999999998,1.501,1.09,0.0,381.9,0.0,60.22,0.0,22.39,0.0,5.0,16.0,0.0,0.0,12.91,16.39,13.52,-8.67,-8.75,0.0,-9.26,308.8,11.34,3.667,3.472,-1.0,1.812,2.3,4901
2016-01-20 07:59:00,13.71,14.51,13.52,1067293.0,62.9,59.9,60.0,8.91,40795.0,507.0,93035.0,1024951.0,9.420000000000002,-0.8409999999999999,-6.061,11.2,0.0,275.9,275.2,277.1,0.772,272.1,0.531,272.0,0.842,274.0,0.002,14.07,1.0,3.0,0.0,-7.651,8.63,386.0,386.2,0.0,0.4099999999999999,0.337,0.397,37.62,40.81,0.5949999999999999,0.0,-5.486000000000001,-9.07,-9.23,-9.68,-9.090000000000002,-9.33,-9.15,-34.66,-9.19,-9.05,46.27,3.542,4.467,4.3580000000000005,4.517,3.764,3.925,2.859,6472.0,9103.0,9059.0,9238.0,7862.0,7836.0,6348.0,1.355,1.709,1.6669999999999998,1.7280000000000002,1.44,1.5019999999999998,1.094,0.0,382.6,0.0,60.22,0.0,22.53,0.0,5.0,16.0,0.0,0.0,12.93,16.38,13.56,-8.65,-8.72,0.0,-9.19,287.9,20.74,3.0,3.472,-1.0,1.462,2.0,4901
2016-01-20 08:00:00,13.6,14.46,13.56,1067293.0,62.9,59.9,60.0,8.88,40795.0,507.0,93035.0,1024951.0,9.48,-0.8429999999999999,-6.053,11.25,0.0,276.1,275.1,277.0,0.772,272.1,0.531,272.0,0.842,274.0,0.002,14.07,1.0,3.0,0.0,-7.635,8.699999999999998,386.6,386.1,0.0,0.411,0.342,0.3979999999999999,37.9,40.89,0.7279999999999999,0.0,-5.502999999999999,-9.04,-9.13,-9.62,-8.99,-9.22,-9.1,-9.090000000000002,-9.12,-9.0,46.28,3.557,4.507,4.388999999999999,4.541,3.78,3.949,2.886,6472.0,9103.0,9059.0,9238.0,7862.0,7836.0,6348.0,1.361,1.724,1.679,1.737,1.446,1.511,1.104,0.0,382.6,0.0,60.2,0.0,23.01,0.0,5.0,16.0,0.0,0.0,12.99,16.42,13.61,-8.63,-8.71,0.0,-9.13,285.9,25.94,3.667,3.472,-1.0,1.668,2.5,4901
2016-01-20 08:01:00,13.83,14.67,14.19,1067294.0,62.9,59.9,60.0,9.19,40795.0,507.0,93035.0,1024951.0,9.64,-0.8469999999999999,-6.0360000000000005,11.37,0.0,276.4,275.2,277.2,0.772,272.8,0.531,272.0,0.842,274.3,0.002,14.07,1.0,3.0,0.0,-7.609,8.949999999999998,385.5,385.4,0.0,0.4179999999999999,0.347,0.4029999999999999,38.62,41.41,0.785,0.0,-5.404,-8.97,-9.07,-9.52,-8.929999999999998,-9.15,-9.07,-9.01,-9.06,-8.92,46.61,3.6010000000000004,4.585,4.47,4.615,3.847,4.002,2.951,6472.0,9103.0,9059.0,9238.0,7862.0,7836.0,6348.0,1.375,1.75,1.706,1.761,1.4680000000000002,1.528,1.126,0.0,381.7,0.0,60.14,0.0,23.84,0.0,5.0,16.0,0.0,0.0,13.11,16.56,13.76,-8.62,-8.699999999999998,0.0,-9.08,283.7,28.88,3.5,3.472,-1.0,1.163,2.0,4901
2016-01-20 08:02:00,14.41,15.32,14.35,1067294.0,62.9,59.9,60.0,9.58,40795.0,507.0,93035.0,1024952.0,9.89,-0.8549999999999999,-6.002000000000001,11.57,0.0,276.4,275.2,277.3,0.772,273.0,0.531,272.0,0.842,274.9,0.002,14.07,2.0,3.0,0.0,-7.593,9.22,384.1,384.8,0.0,0.427,0.356,0.412,39.65,42.31,0.5949999999999999,0.0,-5.339,-8.91,-9.04,-9.44,-8.859999999999998,-9.14,-8.96,-55.55,-8.949999999999998,-8.849999999999998,47.39,3.686,4.7010000000000005,4.589,4.736000000000001,3.954,4.09,3.04,6472.0,9103.0,9059.0,9238.0,7862.0,7836.0,6348.0,1.404,1.79,1.7480000000000002,1.804,1.506,1.558,1.158,0.0,380.9,0.0,60.15,0.0,24.53,0.0,5.0,16.0,0.0,0.0,13.37,16.84,13.99,-8.62,-8.699999999999998,0.0,-9.03,276.5,11.18,3.0,3.472,-1.0,1.923,2.8,4901
2016-01-20 08:03:00,14.49,15.42,14.53,1067294.0,62.9,59.9,60.0,9.69,40795.0,507.0,93035.0,1024952.0,10.23,-0.8640000000000001,-5.956,11.84,0.0,276.4,275.4,277.4,0.772,273.0,0.531,272.0,0.842,275.0,0.002,14.07,1.0,3.0,0.0,-7.567,9.49,384.1,383.7,0.0,0.441,0.367,0.4229999999999999,40.92,43.53,0.652,0.0,-5.3420000000000005,-8.849999999999998,-8.939999999999998,-9.39,-8.769999999999998,-9.04,-8.89,-55.23,-8.87,-8.82,48.6,3.811,4.867,4.747,4.878,4.072,4.213,3.158,6472.0,9103.0,9060.0,9239.0,7862.0,7836.0,6348.0,1.45,1.852,1.807,1.856,1.55,1.604,1.202,0.0,380.6,0.0,60.17,0.0,24.89,0.0,5.0,16.0,0.0,0.0,13.71,17.17,14.28,-8.62,-8.689999999999998,0.0,-8.98,287.0,22.64,3.167,3.473,-1.0,1.063,2.1,4901
2016-01-20 08:04:00,15.07,16.18,15.24,1067294.0,62.9,59.9,60.0,10.25,40795.0,507.0,93035.0,1024952.0,10.62,-0.875,-5.885,12.14,0.0,276.1,275.3,277.3,0.772,272.4,0.531,272.0,0.842,274.5,0.002,14.07,1.0,3.0,0.0,-7.547999999999998,9.840000000000002,384.9,385.0,0.0,0.455,0.3779999999999999,0.437,42.23,44.95,0.5949999999999999,0.0,-5.278,-8.8,-8.849999999999998,-9.33,-8.74,-8.96,-8.769999999999998,-34.41,-8.79,-8.74,50.16,3.968,5.0360000000000005,4.896,5.016,4.197,4.337,3.26,6472.0,9103.0,9060.0,9239.0,7862.0,7836.0,6348.0,1.513,1.92,1.866,1.912,1.6,1.653,1.243,0.0,381.2,0.0,60.22,0.0,25.95,0.0,5.0,16.0,0.0,0.0,14.12,17.56,14.6,-8.62,-8.67,0.0,-8.92,284.1,24.01,3.0,3.473,-1.0,1.775,2.5,4901
2016-01-20 08:05:00,15.67,16.68,15.77,1067294.0,62.9,59.9,60.0,10.71,40795.0,507.0,93035.0,1024952.0,11.05,-0.885,-5.824,12.49,0.0,276.1,275.4,277.4,0.772,272.7,0.531,272.0,0.842,275.0,0.002,14.07,1.0,3.0,0.0,-7.525,10.59,386.1,386.0,0.0,0.471,0.391,0.4529999999999999,43.54,46.77,0.785,0.0,-5.132999999999999,-8.73,-8.769999999999998,-9.25,-8.66,-8.929999999999998,-8.75,-8.769999999999998,-8.689999999999998,-8.679999999999998,52.08,4.179,5.232,5.071000000000001,5.171,4.324,4.469,3.3680000000000003,6472.0,9103.0,9060.0,9239.0,7862.0,7836.0,6348.0,1.597,2.0,1.939,1.977,1.653,1.7080000000000002,1.288,0.0,382.3,0.0,60.22,0.0,27.8,0.0,5.0,16.0,0.0,0.0,14.57,18.02,14.99,-8.62,-8.65,0.0,-8.859999999999998,278.1,8.83,3.5,3.472,-1.0,2.192,3.6,4901
2016-01-20 08:06:00,16.2,17.21,16.19,1067295.0,62.9,59.9,60.0,11.09,40796.0,507.0,93035.0,1024952.0,11.47,-0.895,-5.727,12.82,0.0,275.7,274.7,276.8,0.772,272.1,0.531,272.1,0.842,274.1,0.002,14.07,1.0,3.0,0.0,-7.505,10.95,385.8,386.3,0.0,0.487,0.4029999999999999,0.4689999999999999,44.81,48.35,0.5959999999999999,0.0,-5.15,-8.65,-8.699999999999998,-9.14,-8.56,-8.859999999999998,-8.65,-8.689999999999998,-8.67,-8.609999999999998,53.65,4.355,5.41,5.24,5.33,4.431,4.591,3.47,6472.0,9103.0,9060.0,9239.0,7862.0,7836.0,6348.0,1.668,2.073,2.007,2.042,1.6980000000000002,1.759,1.329,0.0,383.1,0.0,60.18,0.0,28.56,0.0,5.0,16.0,0.0,0.0,15.03,18.47,15.38,-8.609999999999998,-8.65,0.0,-8.8,272.5,10.42,3.0,3.473,-1.0,1.995,2.9,4901
2016-01-20 08:07:00,16.72,17.75,16.83,1067295.0,62.9,59.9,60.0,11.56,40796.0,507.0,93035.0,1024952.0,11.83,-0.902,-5.658,13.12,0.0,275.6,274.5,276.6,0.772,272.0,0.531,271.7,0.842,274.0,0.001,14.07,1.0,3.0,0.0,-7.481,11.18,387.2,387.6,0.0,0.502,0.4149999999999999,0.4829999999999999,46.03,49.63,0.7399999999999999,0.0,-5.131,-8.609999999999998,-8.62,-9.07,-8.529999999999998,-8.79,-8.609999999999998,-8.599999999999998,-8.519999999999998,-8.529999999999998,55.13,4.473,5.575,5.382999999999999,5.468,4.55,4.721,3.56,6472.0,9103.0,9060.0,9239.0,7862.0,7836.0,6348.0,1.717,2.14,2.066,2.099,1.746,1.812,1.366,0.0,383.8,0.0,60.15,0.0,28.95,0.0,5.0,16.0,0.0,0.0,15.4,18.87,15.74,-8.62,-8.62,0.0,-8.74,276.9,16.99,3.833,3.473,-1.0,1.817,2.9,4901
2016-01-20 08:08:00,16.94,18.19,16.96,1067295.0,62.9,59.9,60.0,11.79,40796.0,507.0,93035.0,1024953.0,12.14,-0.908,-5.609,13.38,0.0,275.4,274.8,276.8,0.772,272.0,0.531,272.0,0.842,274.0,0.002,14.07,1.0,3.0,0.0,-7.46,11.32,387.9,387.8,0.0,0.516,0.4249999999999999,0.497,47.08,50.94,0.643,0.0,-5.05,-8.51,-8.54,-8.99,-8.449999999999998,-8.74,-8.54,-34.31,-8.47,-8.47,56.85,4.559,5.7170000000000005,5.532,5.601,4.648,4.838,3.653,6472.0,9103.0,9060.0,9239.0,7862.0,7837.0,6348.0,1.7519999999999998,2.197,2.125,2.152,1.786,1.859,1.403,0.0,384.2,0.0,60.14,0.0,30.08,0.0,5.0,16.0,0.0,0.0,15.7,19.2,16.04,-8.609999999999998,-8.609999999999998,0.0,-8.679999999999998,270.9,7.516,3.167,3.472,-1.0,2.45,3.4,4901
2016-01-20 08:09:00,17.16,18.47,17.52,1067295.0,62.9,59.9,60.0,12.09,40796.0,507.0,93035.0,1024953.0,12.41,-0.912,-5.566,13.6,0.0,275.9,274.5,276.7,0.772,272.0,0.531,272.0,0.842,274.0,0.002,14.07,1.0,3.0,0.0,-7.433,12.04,388.0,388.1,0.0,0.528,0.434,0.51,48.03,52.17,0.7859999999999999,0.0,-5.003,-8.46,-8.46,-8.929999999999998,-8.37,-8.66,-8.46,-41.39,-8.42,-8.439999999999998,58.29,4.633,5.8260000000000005,5.648,5.745,4.746,4.929,3.724,6472.0,9103.0,9060.0,9239.0,7862.0,7837.0,6348.0,1.781,2.24,2.172,2.209,1.825,1.895,1.432,0.0,384.5,0.0,60.14,0.0,31.62,0.0,5.0,16.0,0.0,0.0,15.95,19.52,16.32,-8.599999999999998,-8.58,0.0,-8.609999999999998,269.2,12.92,3.5,3.472,-1.0,1.75,3.2,4901
2016-01-20 08:10:00,17.61,18.91,17.61,1067296.0,62.9,59.9,60.0,12.36,40796.0,507.0,93035.0,1024953.0,12.66,-0.916,-5.527,13.81,0.0,275.7,274.7,276.8,0.772,272.0,0.531,271.9,0.842,274.0,0.002,14.07,1.0,3.0,0.0,-7.4129999999999985,12.43,388.9,388.9,0.0,0.54,0.4429999999999999,0.52,49.05,53.24,0.5959999999999999,0.0,-4.939,-8.4,-8.4,-8.859999999999998,-8.29,-8.56,-8.39,-8.39,-8.29,-8.359999999999998,59.16,4.658,5.921,5.738,5.853,4.836,5.022,3.8,6472.0,9104.0,9060.0,9239.0,7862.0,7837.0,6348.0,1.793,2.279,2.209,2.253,1.862,1.933,1.463,0.0,385.0,0.0,60.14,0.0,32.22,0.0,5.0,16.0,0.0,0.0,16.19,19.76,16.58,-8.599999999999998,-8.59,0.0,-8.56,275.3,16.09,3.0,3.473,-1.0,2.427,3.7,4901
2016-01-20 08:11:00,17.83,19.2,18.2,1067296.0,62.9,59.9,60.0,12.66,40796.0,507.0,93035.0,1024953.0,12.96,-0.921,-5.472,14.07,0.0,275.4,274.6,276.6,0.772,272.0,0.531,271.5,0.842,274.0,0.002,14.07,1.0,3.0,0.0,-7.388,12.7,388.7,388.5,0.0,0.552,0.4539999999999999,0.53,50.35,54.51,0.7329999999999999,0.0,-4.843,-8.37,-8.3,-8.769999999999998,-8.189999999999998,-8.54,-8.33,-33.87,-8.23,-8.279999999999998,60.02,4.705,6.061,5.881,5.994,4.965,5.1610000000000005,3.916,6472.0,9104.0,9060.0,9239.0,7862.0,7837.0,6348.0,1.809,2.33,2.261,2.3040000000000003,1.908,1.984,1.505,0.0,384.4,0.0,60.14,0.0,32.7,0.0,5.0,16.0,0.0,0.0,16.53,20.1,16.87,-8.58,-8.57,0.0,-8.5,281.0,8.519999999999998,3.333,3.472,-1.0,2.475,3.2,4901
2016-01-20 08:12:00,18.4,19.88,18.56,1067296.0,62.9,59.9,60.0,13.1,40796.0,507.0,93035.0,1024954.0,13.35,-0.927,-5.408,14.4,0.0,275.6,274.6,276.6,0.772,272.0,0.531,271.8,0.842,274.0,0.002,14.07,1.0,3.0,0.0,-7.3679999999999986,13.25,388.4,387.4,0.0,0.566,0.4679999999999999,0.541,51.98,55.81,0.795,0.0,-4.797,-8.269999999999998,-8.25,-8.72,-8.13,-8.449999999999998,-8.269999999999998,-33.8,-8.13,-8.24,61.33,4.797,6.2170000000000005,6.056,6.192,5.144,5.313,4.049,6472.0,9104.0,9060.0,9239.0,7862.0,7837.0,6348.0,1.843,2.388,2.327,2.379,1.976,2.041,1.555,0.0,384.2,0.0,60.17,0.0,34.18,0.0,5.0,16.0,0.0,0.0,16.95,20.55,17.27,-8.59,-8.529999999999998,0.0,-8.429999999999998,274.0,7.189,3.833,3.472,-1.0,2.587,3.7,4901
2016-01-20 08:13:00,18.92,20.46,19.12,1067296.0,62.9,59.9,60.0,13.57,40796.0,507.0,93035.0,1024954.0,13.82,-0.933,-5.324,14.81,0.0,275.5,274.4,276.6,0.772,272.0,0.531,271.4,0.842,274.0,0.002,14.07,1.0,3.0,0.0,-7.341,13.8,386.9,388.1,0.0,0.5829999999999999,0.4829999999999999,0.556,53.85,57.45,0.643,0.0,-4.747,-8.21,-8.17,-8.64,-8.08,-8.37,-8.189999999999998,-75.47,-8.12,-8.179999999999998,63.1,4.909,6.405,6.268,6.404,5.3260000000000005,5.494,4.208,6472.0,9104.0,9060.0,9239.0,7862.0,7837.0,6348.0,1.885,2.46,2.407,2.459,2.045,2.11,1.616,0.0,384.0,0.0,60.16,0.0,36.08,0.0,5.0,16.0,0.0,0.0,17.45,21.11,17.72,-8.62,-8.529999999999998,0.0,-8.37,262.9,9.37,3.167,3.472,-1.0,2.288,3.5,4901
2016-01-20 08:14:00,19.43,20.95,19.67,1067297.0,62.9,59.9,60.0,14.01,40796.0,507.0,93035.0,1024954.0,14.21,-0.938,-5.252000000000001,15.15,0.0,275.5,274.5,276.7,0.772,272.0,0.531,271.4,0.842,274.0,0.002,14.07,1.0,3.0,0.0,-7.32,14.02,386.9,387.9,0.0,0.5959999999999999,0.497,0.563,55.68,58.57,0.7409999999999999,0.0,-4.636,-8.12,-8.08,-8.56,-7.985,-8.349999999999998,-8.07,-49.23,-8.01,-8.08,63.95,4.959,6.563,6.43,6.563,5.507999999999999,5.66,4.357,6472.0,9104.0,9060.0,9239.0,7862.0,7837.0,6349.0,1.905,2.521,2.47,2.521,2.116,2.174,1.673,0.0,384.1,0.0,60.19,0.0,36.43,0.0,5.0,16.0,0.0,0.0,17.85,21.56,18.09,-8.609999999999998,-8.55,0.0,-8.31,285.9,8.62,3.333,3.472,-1.0,2.462,3.2,4901
2016-01-20 08:15:00,19.91,21.5,20.17,1067297.0,62.9,59.9,60.0,14.44,40796.0,507.0,93035.0,1024954.0,14.62,-0.942,-5.183,15.51,0.0,275.8,274.5,276.6,0.772,272.0,0.531,271.6,0.842,274.0,0.002,14.07,1.0,3.0,0.0,-7.292999999999998,14.12,387.8,388.2,0.0,0.6119999999999999,0.511,0.574,57.55,59.96,0.779,0.0,-4.618,-8.08,-7.997,-8.49,-7.968,-8.269999999999998,-8.04,-28.94,-7.906,-8.08,64.95,5.0360000000000005,6.71,6.596,6.757999999999999,5.704,5.806,4.504,6472.0,9104.0,9060.0,9239.0,7862.0,7837.0,6349.0,1.935,2.577,2.5340000000000003,2.596,2.191,2.23,1.73,0.0,384.1,0.0,60.15,0.0,36.44,0.0,5.0,16.0,0.0,0.0,18.29,22.01,18.49,-8.599999999999998,-8.529999999999998,0.0,-8.25,275.8,8.89,3.5,3.473,-1.0,2.64,3.5,4901
2016-01-20 08:16:00,20.5,22.08,20.73,1067297.0,62.9,59.9,60.0,14.93,40796.0,507.0,93035.0,1024954.0,15.13,-0.948,-5.083,15.96,0.0,275.8,274.5,276.5,0.772,272.0,0.531,271.5,0.842,274.0,0.002,14.07,2.0,3.0,0.0,-7.272,14.25,386.7,387.4,0.0,0.632,0.529,0.5899999999999999,59.6,61.9,0.5969999999999999,0.0,-4.537,-8.01,-7.917999999999998,-8.4,-7.8889999999999985,-8.22,-7.962,-8.0,-7.922,-8.01,66.78,5.164,6.947,6.834,6.969,5.897,6.016,4.682,6472.0,9104.0,9060.0,9239.0,7862.0,7837.0,6349.0,1.982,2.6660000000000004,2.623,2.675,2.263,2.309,1.797,0.0,383.8,0.0,60.14,0.0,36.87,0.0,5.0,16.0,0.0,0.0,18.86,22.59,19.02,-8.57,-8.5,0.0,-8.179999999999998,274.5,12.96,3.0,3.473,-1.0,2.095,3.0,4901
2016-01-20 08:17:00,21.25,22.94,21.58,1067297.0,62.9,59.9,60.0,15.6,40797.0,507.0,93035.0,1024955.0,15.79,-0.954,-4.966,16.55,0.0,275.7,274.5,276.6,0.772,272.0,0.531,271.3,0.842,274.0,0.002,14.07,1.0,3.0,0.0,-7.245,15.31,388.7,387.7,0.0,0.657,0.55,0.6139999999999999,62.09,64.45,0.794,0.0,-4.458,-7.901,-7.837,-8.34,-7.792999999999998,-8.179999999999998,-7.897999999999999,-7.922,-7.777,-7.907,69.4,5.372999999999999,7.207,7.13,7.276,6.157,6.2410000000000005,4.888,6472.0,9104.0,9060.0,9239.0,7862.0,7837.0,6349.0,2.063,2.767,2.737,2.794,2.364,2.396,1.877,0.0,383.9,0.0,60.14,0.0,39.46,0.0,5.0,16.0,0.0,0.0,19.59,23.35,19.68,-8.54,-8.429999999999998,0.0,-8.07,282.4,52.71,3.833,3.473,-1.0,1.313,2.5,4901
2016-01-20 08:18:00,22.19,23.84,22.48,1067298.0,62.9,59.9,60.0,16.37,40797.0,507.0,93035.0,1024955.0,16.53,-0.96,-4.838,17.23,0.0,275.7,274.6,276.6,0.772,272.0,0.531,271.6,0.842,274.0,0.002,14.07,1.0,3.0,0.0,-7.224,15.78,386.6,387.8,0.0,0.684,0.574,0.638,64.91,67.21,0.64,0.0,-4.426,-7.822,-7.708999999999999,-8.22,-7.729,-8.099999999999998,-7.82,-33.51,-7.712999999999998,-7.892,72.06999999999998,5.573,7.542999999999998,7.437,7.567999999999999,6.417000000000001,6.531000000000001,5.112,6472.0,9104.0,9060.0,9239.0,7862.0,7837.0,6349.0,2.14,2.897,2.8560000000000003,2.906,2.464,2.508,1.963,0.0,384.1,0.0,60.14,0.0,40.91,0.0,5.0,16.0,0.0,0.0,20.46,24.18,20.44,-8.56,-8.41,0.0,-7.981,296.6,12.47,3.167,3.472,-1.0,2.31,3.2,4901
2016-01-20 08:19:00,23.19,24.82,23.5,1067298.0,62.9,59.9,60.0,17.22,40797.0,507.0,93035.0,1024955.0,17.33,-0.965,-4.704,17.96,0.0,275.4,274.9,276.9,0.772,272.0,0.531,272.0,0.842,274.0,0.002,14.07,1.0,3.0,0.0,-7.194,16.9,388.0,387.8,0.0,0.7149999999999999,0.5999999999999999,0.6659999999999999,67.8,70.28,0.7349999999999999,0.0,-4.38,-7.694,-7.566,-8.15,-7.615,-8.0,-7.706,-59.08,-7.605,-7.777999999999999,75.23,5.839,7.872999999999998,7.769999999999999,7.931,6.733,6.82,5.337999999999999,6473.0,9104.0,9060.0,9239.0,7862.0,7837.0,6349.0,2.244,3.025,2.986,3.048,2.587,2.6210000000000004,2.051,0.0,384.3,0.0,60.15,0.0,43.7,0.0,5.0,16.0,0.0,0.0,21.37,25.06,21.26,-8.55,-8.4,0.0,-7.897999999999999,278.9,25.04,3.333,3.472,-1.0,1.835,2.6,4901
2016-01-20 08:20:00,24.02,25.79,24.39,1067298.0,62.9,59.9,60.0,17.97,40797.0,507.0,93035.0,1024956.0,18.07,-0.969,-4.577,18.64,0.0,275.8,274.9,276.9,0.772,272.0,0.531,272.0,0.842,274.0,0.002,14.07,1.0,3.0,0.0,-7.167999999999999,17.08,388.1,388.3,0.0,0.7440000000000001,0.623,0.692,70.49,73.11,0.6049999999999999,0.0,-4.266,-7.63,-7.47,-8.029999999999998,-7.551,-7.9529999999999985,-7.623999999999999,-54.05,-7.569,-7.7,78.09999999999998,6.059,8.189999999999998,8.08,8.24,6.993,7.1,5.55,6473.0,9104.0,9060.0,9240.0,7863.0,7837.0,6349.0,2.331,3.152,3.107,3.17,2.6910000000000003,2.732,2.135,0.0,384.8,0.0,60.15,0.0,44.99,0.0,5.0,16.0,0.0,0.0,22.19,25.92,22.08,-8.51,-8.439999999999998,0.0,-7.822,271.0,39.17,3.0,3.473,-1.0,1.287,3.0,4901
2016-01-20 08:21:00,24.91,26.69,25.25,1067299.0,62.9,59.9,60.0,18.71,40797.0,507.0,93035.0,1024956.0,18.77,-0.973,-4.4510000000000005,19.29,0.0,275.7,274.6,276.6,0.772,272.0,0.531,271.7,0.842,274.0,0.001,14.07,1.0,3.0,0.0,-7.144,18.21,388.4,388.8,0.0,0.77,0.645,0.717,72.92,75.87,0.64,0.0,-4.234,-7.516,-7.373999999999999,-7.9529999999999985,-7.441,-7.857,-7.5139999999999985,-53.96,-7.455,-7.65,81.0,6.292999999999999,8.48,8.349999999999998,8.54,7.263,7.351,5.73,6473.0,9104.0,9061.0,9240.0,7863.0,7837.0,6349.0,2.424,3.265,3.217,3.29,2.798,2.832,2.207,0.0,385.2,0.0,60.15,0.0,47.59,0.0,5.0,16.0,0.0,0.0,22.99,26.71,22.84,-8.519999999999998,-8.41,0.0,-7.737,283.7,13.07,3.167,3.473,-1.0,2.507,3.8,4901
2016-01-20 08:22:00,25.63,27.42,26.06,1067299.0,62.9,59.9,60.0,19.34,40797.0,507.0,93035.0,1024956.0,19.39,-0.976,-4.347,19.87,0.0,275.5,274.8,276.8,0.772,272.0,0.531,271.8,0.842,274.0,0.002,14.07,1.0,3.0,0.0,-7.102,18.84,390.4,389.8,0.0,0.794,0.664,0.7399999999999999,75.06,78.29999999999998,0.787,0.0,-4.184,-7.47,-7.292,-7.857,-7.409,-7.792999999999998,-7.463999999999999,-7.472,-7.391,-7.567999999999999,83.59999999999998,6.471,8.75,8.62,8.79,7.451,7.592,5.908,6473.0,9104.0,9061.0,9240.0,7863.0,7837.0,6349.0,2.498,3.378,3.3280000000000003,3.392,2.877,2.931,2.281,0.0,386.1,0.0,60.14,0.0,48.41,0.0,5.0,16.0,0.0,0.0,23.7,27.45,23.52,-8.58,-8.39,0.0,-7.678,276.0,9.11,3.5,3.47,-1.0,3.263,4.4,4901
2016-01-20 08:23:00,26.3,28.15,26.76,1067299.0,62.9,59.9,60.0,19.94,40797.0,507.0,93035.0,1024957.0,19.97,-0.978,-4.252,20.42,0.0,276.0,274.8,276.9,0.772,272.0,0.531,271.9,0.842,274.0,0.002,14.07,1.0,3.0,0.0,-7.067,19.74,392.3,390.4,0.0,0.818,0.682,0.764,76.95999999999998,80.7,0.5969999999999999,0.0,-4.088,-7.373999999999999,-7.164,-7.792999999999998,-7.295,-7.711,-7.353,-49.31,-7.281,-7.522,86.29999999999998,6.658,8.97,8.83,9.02,7.637,7.79,6.04,6473.0,9104.0,9061.0,9240.0,7863.0,7837.0,6349.0,2.577,3.472,3.42,3.49,2.9560000000000004,3.016,2.338,0.0,387.1,0.0,60.13,0.0,50.53,0.0,5.0,16.0,0.0,0.0,24.34,28.12,24.15,-8.56,-8.4,0.0,-7.591,274.1,19.45,3.0,3.47,-1.0,2.297,3.5,4901
2016-01-20 08:24:00,26.91,28.83,27.37,1067300.0,62.9,59.9,60.0,20.46,40797.0,507.0,93035.0,1024957.0,20.5,-0.98,-4.165,20.92,0.0,275.9,274.8,276.8,0.772,272.0,0.531,271.8,0.842,274.0,0.002,14.07,1.0,3.0,0.0,-7.037000000000001,20.32,391.7,391.8,0.0,0.8399999999999999,0.698,0.7859999999999999,78.70999999999998,83.0,0.927,0.0,-4.042,-7.309999999999999,-7.1,-7.697,-7.199,-7.615,-7.271,-58.52,-7.184,-7.411,88.9,6.8420000000000005,9.16,9.02,9.25,7.82,7.961,6.146,6473.0,9104.0,9061.0,9240.0,7863.0,7837.0,6349.0,2.655,3.555,3.5010000000000003,3.591,3.035,3.09,2.385,0.0,388.1,0.0,60.14,0.0,51.9,0.0,5.0,16.0,0.0,0.0,24.95,28.77,24.75,-8.519999999999998,-8.38,0.0,-7.524,292.4,22.51,4.0,3.473,-1.0,1.808,2.6,4901
2016-01-20 08:25:00,27.53,29.54,28.05,1067300.0,62.9,59.9,60.0,21.02,40797.0,507.0,93035.0,1024957.0,20.98,-0.982,-4.082,21.38,0.0,276.1,274.7,276.8,0.772,272.0,0.531,271.8,0.842,274.0,0.002,14.07,2.0,3.0,0.0,-7.006,20.57,393.0,392.9,0.0,0.8579999999999999,0.7129999999999999,0.804,80.29999999999998,84.9,0.5969999999999999,0.0,-3.963,-7.196000000000001,-6.972,-7.569,-7.071000000000001,-7.537,-7.127999999999999,-7.215,-7.056,-7.328999999999998,91.0,6.974,9.340000000000002,9.16,9.420000000000002,7.947999999999999,8.13,6.237,6473.0,9104.0,9061.0,9240.0,7863.0,7837.0,6349.0,2.714,3.635,3.5660000000000003,3.665,3.094,3.164,2.428,0.0,389.2,0.0,60.13,0.0,52.36,0.0,5.0,16.0,0.0,0.0,25.5,29.33,25.3,-8.51,-8.38,0.0,-7.441,271.9,10.16,3.0,3.473,-1.0,1.888,2.7,4901
2016-01-20 08:26:00,28.01,30.06,28.6,1067301.0,62.9,59.9,60.0,21.45,40797.0,507.0,93035.0,1024958.0,21.45,-0.983,-4.003,21.82,0.0,275.9,274.7,276.8,0.772,272.0,0.531,271.7,0.842,274.0,0.002,14.07,1.0,3.0,0.0,-6.98,21.23,393.5,393.2,0.0,0.8759999999999998,0.7279999999999999,0.822,81.9,86.79999999999998,0.6049999999999999,0.0,-3.881,-7.118,-6.893,-7.473,-6.989,-7.422999999999998,-7.047000000000001,-53.18,-7.024,-7.25,93.1,7.113,9.53,9.4,9.62,8.109999999999998,8.3,6.384,6473.0,9104.0,9061.0,9240.0,7863.0,7837.0,6349.0,2.7710000000000004,3.712,3.662,3.746,3.157,3.233,2.487,0.0,389.6,0.0,60.13,0.0,54.05,0.0,5.0,16.0,0.0,0.0,26.0,29.87,25.84,-8.46,-8.359999999999998,0.0,-7.381,278.1,16.48,3.0,3.473,-1.0,2.212,3.3,4901
2016-01-20 08:27:00,28.54,30.56,29.12,1067301.0,62.9,59.9,60.0,21.91,40797.0,507.0,93035.0,1024958.0,21.88,-0.984,-3.934,22.23,0.0,276.1,274.8,276.9,0.772,272.0,0.531,272.0,0.842,274.0,0.002,14.07,1.0,3.0,0.0,-6.95,21.88,394.5,392.7,0.0,0.892,0.7419999999999999,0.8359999999999999,83.5,88.29999999999998,0.779,0.0,-3.849,-7.118,-6.829,-7.409,-6.928,-7.409,-6.95,-10.6,-6.91,-7.14,94.6,7.251,9.74,9.590000000000002,9.79,8.269999999999998,8.48,6.506,6473.0,9105.0,9061.0,9240.0,7863.0,7837.0,6349.0,2.825,3.794,3.737,3.815,3.224,3.305,2.535,0.0,389.6,0.0,60.13,0.0,55.65,0.0,5.0,16.0,0.0,0.0,26.5,30.35,26.3,-8.429999999999998,-8.349999999999998,0.0,-7.347,285.8,37.26,3.5,3.472,-1.0,1.748,3.0,4901
2016-01-20 08:28:00,29.17,31.3,29.79,1067301.0,62.9,59.9,60.0,22.48,40797.0,507.0,93035.0,1024958.0,22.42,-0.986,-3.842,22.75,0.0,276.2,274.9,277.0,0.772,272.0,0.531,272.0,0.842,274.0,0.002,14.07,2.0,3.0,0.0,-6.919,22.13,393.7,392.3,0.0,0.914,0.759,0.8579999999999999,85.29999999999998,90.7,0.5969999999999999,0.0,-3.735,-7.004,-6.747999999999999,-7.341,-6.864,-7.327,-6.904,-74.45999999999998,-6.832000000000001,-7.041,97.3,7.451,9.96,9.8,10.03,8.47,8.679999999999998,6.6370000000000005,6473.0,9105.0,9061.0,9240.0,7863.0,7837.0,6349.0,2.9,3.879,3.815,3.903,3.298,3.38,2.584,0.0,389.3,0.0,60.13,0.0,56.23,0.0,5.0,16.0,0.0,0.0,27.14,30.98,26.88,-8.38,-8.3,0.0,-7.262,278.0,13.14,3.0,3.473,-1.0,2.548,3.4,4901
2016-01-20 08:29:00,29.96,32.0,30.54,1067302.0,62.9,59.9,60.0,23.12,40797.0,507.0,93035.0,1024959.0,23.03,-0.987,-3.737,23.34,0.0,276.3,275.2,277.2,0.772,272.0,0.531,272.0,0.842,274.0,0.002,14.07,1.0,3.0,0.0,-6.891,23.01,394.5,394.1,0.0,0.941,0.778,0.8859999999999999,87.29999999999998,93.4,0.7959999999999999,0.0,-3.657,-6.925,-6.6370000000000005,-7.247999999999998,-6.831,-7.263,-6.822,-68.73,-6.75,-7.0120000000000005,100.5,7.699,10.22,10.01,10.32,8.71,8.91,6.742000000000001,6473.0,9105.0,9061.0,9240.0,7863.0,7837.0,6349.0,3.002,3.985,3.903,4.024,3.397,3.4730000000000003,2.629,0.0,390.0,0.0,60.16,0.0,58.36,0.0,5.0,16.0,0.0,0.0,27.89,31.67,27.56,-8.38,-8.269999999999998,0.0,-7.212,281.5,13.37,3.833,3.473,-1.0,2.85,3.8,4901
2016-01-20 08:30:00,30.74,32.77,31.31,1067302.0,62.9,59.9,60.0,23.76,40797.0,507.0,93035.0,1024959.0,23.67,-0.988,-3.627,23.95,0.0,276.2,275.2,277.2,0.772,272.0,0.531,272.0,0.842,274.0,0.002,14.07,1.0,3.0,0.0,-6.862,23.49,392.6,392.9,0.0,0.967,0.7979999999999999,0.914,89.29999999999998,96.2,0.638,0.0,-3.625,-6.925,-6.57,-7.216,-6.797999999999999,-7.216,-6.757999999999999,-99.7,-6.669,-6.931,103.8,7.916,10.48,10.3,10.58,8.91,9.15,6.9110000000000005,6473.0,9105.0,9061.0,9240.0,7863.0,7837.0,6349.0,3.0860000000000003,4.084,4.013999999999999,4.125,3.472,3.565,2.694,0.0,389.8,0.0,60.13,0.0,59.87,0.0,5.0,16.0,0.0,0.0,28.65,32.42,28.27,-8.349999999999998,-8.31,0.0,-7.198,271.0,12.72,3.167,3.47,-1.0,3.108,4.5,4901
2016-01-20 08:31:00,31.64,33.66,32.24,1067303.0,62.9,59.9,60.0,24.54,40798.0,507.0,93035.0,1024960.0,24.41,-0.99,-3.4960000000000004,24.66,0.0,276.2,275.3,277.2,0.772,272.1,0.531,272.0,0.842,274.0,0.002,14.07,1.0,3.0,0.0,-6.829,24.51,395.0,393.5,0.0,0.999,0.821,0.948,91.6,99.5,0.5979999999999999,0.0,-3.529,-6.876,-6.541,-7.184,-6.752000000000001,-7.199,-6.743,-125.7,-6.64,-6.933,107.9,8.21,10.79,10.55,10.91,9.16,9.420000000000002,7.034,6473.0,9105.0,9061.0,9240.0,7863.0,7838.0,6349.0,3.207,4.214,4.121,4.262,3.579,3.681,2.747,0.0,390.5,0.0,60.12,0.0,62.1,0.0,5.0,16.0,0.0,0.0,29.51,33.27,29.1,-8.4,-8.31,0.0,-7.149,285.1,15.85,3.0,3.473,-1.0,2.857,4.4,4901
2016-01-20 08:32:00,32.52,34.48,33.09,1067303.0,62.9,59.9,60.0,25.25,40798.0,507.0,93035.0,1024960.0,25.09,-0.991,-3.38,25.31,0.0,276.3,275.3,277.2,0.772,272.0,0.531,272.0,0.842,274.0,0.002,14.07,1.0,3.0,0.0,-6.801,25.0,392.9,395.5,0.0,1.026,0.8409999999999999,0.975,93.8,102.3,0.93,0.0,-3.464,-6.78,-6.477,-7.1370000000000005,-6.733,-7.12,-6.662000000000001,-48.4,-6.558,-6.88,110.9,8.41,11.03,10.86,11.19,9.37,9.65,7.228,6473.0,9105.0,9061.0,9240.0,7863.0,7838.0,6349.0,3.2910000000000004,4.315,4.25,4.377,3.667,3.777,2.8280000000000003,0.0,391.3,0.0,60.14,0.0,63.68,0.0,5.0,16.0,0.0,0.0,30.34,34.07,29.86,-8.439999999999998,-8.279999999999998,0.0,-7.095,287.0,16.73,4.0,3.472,-1.0,3.318,5.1,4901
2016-01-20 08:33:00,33.29,35.35,33.84,1067304.0,62.9,59.9,60.0,25.89,40798.0,507.0,93035.0,1024960.0,25.71,-0.992,-3.259,25.91,0.0,275.7,275.2,277.1,0.772,272.0,0.531,272.0,0.842,274.0,0.002,14.07,2.0,3.0,0.0,-6.769,25.89,396.8,395.1,0.0,1.05,0.8599999999999999,0.999,95.9,104.8,0.5999999999999999,0.0,-3.4,-6.716,-6.363,-7.119,-6.687,-7.056,-6.565,-99.2,-6.511,-6.8660000000000005,113.6,8.64,11.32,11.04,11.45,9.63,9.91,7.341,6473.0,9105.0,9061.0,9240.0,7863.0,7838.0,6349.0,3.382,4.431,4.32,4.479,3.769,3.879,2.873,0.0,391.3,0.0,60.13,0.0,65.34,0.0,5.0,16.0,0.0,0.0,31.08,34.86,30.61,-8.49,-8.24,0.0,-7.025,286.8,18.19,3.0,3.473,-1.0,3.573,5.3,4901
2016-01-20 08:34:00,33.87,35.9,34.47,1067304.0,62.9,59.9,60.0,26.4,40798.0,507.0,93035.0,1024961.0,26.21,-0.993,-3.181,26.4,0.0,276.0,275.3,277.1,0.772,272.0,0.531,272.0,0.842,274.0,0.002,14.07,1.0,3.0,0.0,-6.738,26.54,395.5,395.1,0.0,1.069,0.875,1.017,97.6,106.8,0.7959999999999999,0.0,-3.319,-6.62,-6.252999999999999,-7.069,-6.573,-7.072,-6.487,-83.5,-6.447,-6.847,115.6,8.76,11.47,11.26,11.65,9.76,10.07,7.484,6473.0,9105.0,9061.0,9240.0,7863.0,7838.0,6349.0,3.4360000000000004,4.503,4.418,4.571000000000001,3.83,3.951,2.937,0.0,392.4,0.0,60.15,0.0,67.18,0.0,5.0,16.0,0.0,0.0,31.66,35.41,31.18,-8.48,-8.189999999999998,0.0,-6.926,287.4,7.169,3.5,3.473,-1.0,3.362,4.2,4901
2016-01-20 08:35:00,34.47,36.46,35.05,1067305.0,62.9,59.9,60.0,26.88,40798.0,507.0,93035.0,1024961.0,26.67,-0.993,-3.093,26.85,0.0,276.0,275.2,277.0,0.772,272.0,0.531,272.0,0.842,274.0,0.001,14.06,1.0,3.0,0.0,-6.703,26.8,396.0,396.3,0.0,1.088,0.889,1.039,99.0,109.0,0.648,0.0,-3.254,-6.541,-6.157,-7.04,-6.524,-6.956,-6.391,-80.7,-6.3660000000000005,-6.797000000000001,118.1,8.96,11.67,11.42,11.86,9.94,10.25,7.556,6473.0,9105.0,9061.0,9240.0,7863.0,7838.0,6349.0,3.518,4.58,4.486000000000001,4.658,3.904,4.023,2.967,0.0,392.7,0.0,60.14,0.0,67.7,0.0,5.0,16.0,0.0,0.0,32.25,35.98,31.71,-8.46,-8.21,0.0,-6.881,281.6,10.12,3.167,3.473,-1.0,2.437,3.0,4901
2016-01-20 08:36:00,34.99,36.99,35.53,1067305.0,62.9,59.9,60.0,27.32,40798.0,507.0,93035.0,1024962.0,27.07,-0.994,-3.037,27.24,0.0,276.2,275.4,277.2,0.772,272.0,0.531,272.0,0.842,274.0,0.001,14.03,1.0,3.0,0.0,-6.676,27.18,396.4,396.1,0.0,1.107,0.902,1.063,100.1,111.3,0.7369999999999999,0.0,-3.208,-6.523,-6.125,-6.957000000000001,-6.477,-6.94,-6.341,-6.462000000000001,-6.255,-6.622000000000001,121.0,9.12,11.82,11.57,12.02,10.04,10.4,7.595,6473.0,9105.0,9061.0,9240.0,7863.0,7838.0,6349.0,3.587,4.649,4.551,4.728,3.95,4.091,2.987,0.0,393.3,0.0,60.19,0.0,68.62,0.0,5.0,16.0,0.0,0.0,32.7,36.45,32.15,-8.37,-8.179999999999998,0.0,-6.839,294.7,12.88,3.333,3.472,-1.0,2.123,3.2,4901
2016-01-20 08:37:00,35.14,37.2,35.64,1067305.0,62.9,59.9,60.0,27.45,40798.0,507.0,93035.0,1024962.0,27.21,-0.994,-3.011,27.38,0.0,276.3,275.2,277.1,0.772,272.0,0.531,272.0,0.842,274.0,0.002,14.03,1.0,3.0,0.0,-6.64,27.37,398.1,398.6,0.0,1.112,0.905,1.071,100.4,112.0,0.647,0.0,-3.094,-6.413,-6.011,-6.893,-6.381,-6.876,-6.277,-96.5,-6.191,-6.59,122.0,9.15,11.83,11.55,12.05,10.06,10.43,7.5539999999999985,6473.0,9105.0,9061.0,9241.0,7864.0,7838.0,6349.0,3.613,4.671,4.558,4.755,3.97,4.118,2.982,0.0,394.8,0.0,60.2,0.0,68.78,0.0,5.0,16.0,0.0,0.0,32.85,36.63,32.29,-8.279999999999998,-8.13,0.0,-6.747999999999999,269.3,14.4,3.167,3.472,-1.0,2.87,3.7,4901
2016-01-20 08:38:00,35.25,37.3,35.83,1067306.0,62.9,59.9,60.0,27.56,40798.0,507.0,93035.0,1024963.0,27.29,-0.994,-2.988,27.46,0.0,275.9,275.2,277.2,0.772,272.0,0.531,272.0,0.842,274.0,0.002,14.03,1.0,3.0,0.0,-6.607,27.65,398.5,398.7,0.0,1.118,0.911,1.072,100.8,112.2,0.7299999999999999,0.0,-3.062,-6.413,-5.964,-6.829,-6.349,-6.829,-6.216,-78.73999999999998,-6.127000000000001,-6.494,122.3,9.19,11.86,11.58,12.09,10.11,10.47,7.565,6473.0,9105.0,9062.0,9241.0,7864.0,7838.0,6349.0,3.629,4.684,4.572,4.774,3.991,4.133,2.987,0.0,394.9,0.0,60.16,0.0,69.43,0.0,5.0,16.0,0.0,0.0,32.96,36.76,32.4,-8.21,-8.16,0.0,-6.737,310.2,26.96,3.333,3.473,-1.0,1.285,2.7,4901
2016-01-20 08:39:00,35.21,37.28,35.75,1067306.0,62.9,59.9,60.0,27.51,40798.0,507.0,93035.0,1024963.0,27.25,-0.994,-2.994,27.42,0.0,276.0,275.2,277.2,0.772,272.0,0.531,272.0,0.842,274.0,0.002,14.03,1.0,3.0,0.0,-6.573,27.56,397.2,398.2,0.0,1.114,0.911,1.065,100.9,111.7,0.653,0.0,-2.983,-6.349,-5.9,-6.747999999999999,-6.285,-6.747999999999999,-6.134,-119.5,-6.031000000000001,-6.319,121.3,9.13,11.86,11.57,12.05,10.1,10.46,7.597,6474.0,9105.0,9062.0,9241.0,7864.0,7838.0,6350.0,3.603,4.679,4.567,4.754,3.987,4.126,2.998,0.0,394.7,0.0,60.13,0.0,69.38,0.0,5.0,16.0,0.0,0.0,32.92,36.72,32.34,-8.16,-8.15,0.0,-6.667999999999999,290.9,34.87,3.167,3.473,-1.0,1.577,3.0,4901
2016-01-20 08:40:00,35.03,37.19,35.65,1067307.0,62.9,59.9,60.0,27.42,40798.0,507.0,93035.0,1024964.0,27.2,-0.994,-3.01,27.36,0.0,276.1,275.3,277.2,0.772,272.1,0.531,272.0,0.842,274.0,0.002,14.03,1.0,3.0,0.0,-6.542000000000001,27.59,398.0,398.5,0.0,1.108,0.909,1.055,101.2,110.9,0.7369999999999999,0.0,-2.887,-6.317,-5.836,-6.733,-6.203,-6.733,-6.07,-31.95,-5.949,-6.287000000000001,120.0,9.05,11.82,11.6,12.0,10.08,10.41,7.665,6474.0,9105.0,9062.0,9241.0,7864.0,7838.0,6350.0,3.571,4.665,4.581,4.735,3.977,4.111000000000001,3.026,0.0,394.7,0.0,60.18,0.0,69.34,0.0,5.0,16.0,0.0,0.0,32.81,36.63,32.31,-8.199999999999998,-8.15,0.0,-6.609,285.6,16.49,3.667,3.473,-1.0,2.735,3.8,4901
2016-01-20 08:41:00,35.13,37.21,35.71,1067307.0,62.9,59.9,60.0,27.46,40798.0,507.0,93035.0,1024964.0,27.22,-0.994,-2.995,27.39,0.0,276.1,275.2,277.1,0.772,272.0,0.531,272.0,0.842,274.0,0.001,14.03,1.0,3.0,0.0,-6.506,27.56,396.4,398.3,0.0,1.108,0.911,1.051,101.7,110.6,0.645,0.0,-2.855,-6.157,-5.723,-6.669,-6.125,-6.669,-5.988,-52.64,-5.853,-6.255,119.2,9.01,11.84,11.64,12.01,10.1,10.42,7.727,6474.0,9105.0,9062.0,9241.0,7864.0,7838.0,6350.0,3.555,4.67,4.592,4.737,3.982,4.109,3.047,0.0,394.4,0.0,60.13,0.0,69.52,0.0,5.0,16.0,0.0,0.0,32.85,36.68,32.37,-8.189999999999998,-8.01,0.0,-6.46,284.3,20.17,3.167,3.473,-1.0,2.585,3.7,4901
2016-01-20 08:42:00,35.43,37.5,36.02,1067308.0,62.9,59.9,60.0,27.6,40798.0,507.0,93035.0,1024964.0,27.37,-0.994,-2.918,27.52,0.0,275.1,274.1,276.0,0.772,270.9,0.531,270.7,0.842,272.9,0.002,14.03,1.0,3.0,0.0,-6.473,27.98,397.1,396.2,0.0,1.113,0.916,1.052,102.5,110.8,0.7309999999999999,0.0,-2.7910000000000004,-6.042999999999999,-5.594,-6.541,-5.996,-6.541,-5.892,-6.106,-5.757000000000001,-6.255,119.1,9.06,11.91,11.74,12.11,10.2,10.46,7.819,6474.0,9105.0,9062.0,9241.0,7864.0,7838.0,6350.0,3.567,4.687,4.622,4.766,4.013999999999999,4.118,3.0780000000000003,0.0,393.6,0.0,60.13,0.0,70.47,0.0,5.0,16.0,0.0,0.0,33.15,36.97,32.64,-8.26,-7.945,0.0,-6.363,282.7,12.98,3.333,3.473,-1.0,2.382,3.2,4901
2016-01-20 08:43:00,35.79,37.88,36.37,1067308.0,62.9,59.9,60.0,27.81,40798.0,507.0,93035.0,1024965.0,27.59,-0.995,-2.843,27.74,0.0,274.1,273.3,275.2,0.772,270.1,0.531,270.0,0.842,272.1,0.002,14.03,2.0,3.0,0.0,-6.436,28.18,395.3,396.4,0.0,1.118,0.925,1.055,103.6,111.4,0.5969999999999999,0.0,-2.695,-5.982,-5.58,-6.4910000000000005,-5.964,-6.477,-5.813,-52.59,-5.678,-6.172999999999999,119.2,9.11,12.06,11.81,12.2,10.31,10.56,7.902999999999999,6474.0,9105.0,9062.0,9241.0,7864.0,7838.0,6350.0,3.582,4.742,4.642,4.794,4.055,4.1530000000000005,3.107,0.0,393.2,0.0,60.13,0.0,71.3,0.0,5.0,16.0,0.0,0.0,33.52,37.31,32.99,-8.26,-7.917999999999998,0.0,-6.328,280.3,16.56,3.0,3.473,-1.0,1.75,2.7,4901
2016-01-20 08:44:00,36.02,38.12,36.6,1067309.0,62.9,59.9,60.0,28.04,40798.0,507.0,93035.0,1024965.0,27.81,-0.995,-2.81,27.95,0.0,274.5,273.4,275.4,0.772,270.6,0.531,270.0,0.842,272.9,0.002,14.03,1.0,3.0,0.0,-6.403,28.4,397.2,397.3,0.0,1.125,0.934,1.053,104.9,111.5,0.652,0.0,-2.695,-5.964,-5.484,-6.445,-5.904,-6.445,-5.781000000000001,-27.7,-5.646,-6.063,118.8,9.11,12.13,11.94,12.28,10.39,10.6,8.05,6474.0,9106.0,9062.0,9241.0,7864.0,7838.0,6350.0,3.584,4.772,4.696000000000001,4.831,4.085,4.169,3.1660000000000004,0.0,393.3,0.0,60.13,0.0,71.5,0.0,5.0,16.0,0.0,0.0,33.77,37.54,33.18,-8.22,-7.922999999999998,0.0,-6.297000000000001,275.6,8.31,3.5,3.473,-1.0,2.705,3.8,4901
2016-01-20 08:45:00,36.71,38.77,37.21,1067309.0,62.9,59.9,60.0,28.56,40798.0,507.0,93035.0,1024966.0,28.32,-0.995,-2.714,28.45,0.0,274.2,273.4,275.4,0.772,270.0,0.531,270.0,0.842,272.5,0.002,14.03,1.0,3.0,0.0,-6.368,28.84,396.3,395.7,0.0,1.145,0.951,1.07,106.9,113.3,0.7879999999999999,0.0,-2.599,-5.964,-5.484,-6.445,-5.95,-6.4910000000000005,-5.781000000000001,-26.93,-5.66,-6.109,120.5,9.26,12.34,12.21,12.53,10.59,10.77,8.26,6474.0,9106.0,9062.0,9241.0,7864.0,7838.0,6350.0,3.631,4.84,4.791,4.916,4.154,4.226,3.239,0.0,392.3,0.0,60.14,0.0,72.81,0.0,5.0,16.0,0.0,0.0,34.43,38.21,33.79,-8.26,-7.98,0.0,-6.307,273.9,12.41,3.667,3.473,-1.0,2.857,4.9,4901
2016-01-20 08:46:00,37.34,39.39,37.86,1067310.0,62.9,59.9,60.0,29.21,40798.0,507.0,93035.0,1024966.0,28.95,-0.996,-2.656,29.07,0.0,275.4,274.4,276.5,0.772,271.7,0.531,271.3,0.842,273.8,0.002,14.03,1.0,3.0,0.0,-6.33,29.64,394.9,395.4,0.0,1.17,0.973,1.093,109.3,115.6,0.5969999999999999,0.0,-2.517,-5.977,-5.402,-6.363,-5.9,-6.445,-5.749,-31.53,-5.567,-6.063,122.7,9.47,12.67,12.49,12.79,10.84,11.04,8.449999999999998,6474.0,9106.0,9062.0,9241.0,7864.0,7838.0,6350.0,3.709,4.966,4.893,5.013,4.246,4.3260000000000005,3.312,0.0,391.8,0.0,60.22,0.0,75.12,0.0,5.0,16.0,0.0,0.0,35.0,38.84,34.38,-8.199999999999998,-7.953999999999998,0.0,-6.239,275.3,21.44,3.0,3.472,-1.0,1.997,4.5,4901
2016-01-20 08:47:00,38.27,40.38,38.83,1067310.0,62.9,59.9,60.0,30.06,40798.0,507.0,93035.0,1024967.0,29.74,-0.996,-2.528,29.85,0.0,275.6,274.8,276.8,0.772,272.0,0.531,271.9,0.842,274.0,0.002,14.03,1.0,3.0,0.0,-6.297999999999999,30.39,394.9,395.0,0.0,1.202,0.999,1.121,112.2,118.6,0.7859999999999999,0.0,-2.485,-6.058,-5.388,-6.349,-5.95,-6.477,-5.781000000000001,-52.43,-5.613,-6.063,125.9,9.7,13.01,12.84,13.12,11.1,11.34,8.699999999999998,6474.0,9106.0,9062.0,9241.0,7864.0,7839.0,6350.0,3.798,5.094,5.029,5.138,4.348,4.439,3.406,0.0,391.6,0.0,60.16,0.0,76.98,0.0,5.0,16.0,0.0,0.0,35.92,39.75,35.28,-8.199999999999998,-8.05,0.0,-6.285,280.5,13.12,3.5,3.473,-1.0,2.86,4.4,4901
2016-01-20 08:48:00,39.56,41.66,40.1,1067311.0,62.9,59.9,60.0,31.14,40798.0,507.0,93035.0,1024967.0,30.77,-0.997,-2.3480000000000003,30.86,0.0,275.6,274.8,276.9,0.772,272.0,0.531,272.0,0.842,274.0,0.002,14.03,1.0,3.0,0.0,-6.26,31.35,394.0,394.7,0.0,1.242,1.033,1.159,115.8,122.6,0.5969999999999999,0.0,-2.374,-5.913,-5.369,-6.299,-5.819,-6.395,-5.635,-30.36,-5.517,-6.013,130.1,10.06,13.44,13.29,13.61,11.53,11.71,8.99,6474.0,9106.0,9062.0,9241.0,7864.0,7839.0,6350.0,3.941,5.261,5.205,5.328,4.513999999999999,4.585,3.52,0.0,391.6,0.0,60.14,0.0,79.67,0.0,5.0,16.0,0.0,0.0,37.12,40.99,36.5,-8.14,-7.9,0.0,-6.158,283.7,22.15,3.0,3.473,-1.0,1.963,4.0,4901
2016-01-20 08:49:00,41.2,43.38,41.81,1067312.0,62.9,59.9,60.0,32.56,40798.0,507.0,93035.0,1024968.0,32.18,-0.998,-2.107,32.25,0.0,276.1,274.8,276.7,0.772,272.0,0.531,271.9,0.842,274.0,0.002,14.03,1.0,3.0,0.0,-6.227,33.02,394.6,393.8,0.0,1.298,1.078,1.214,120.7,128.3,0.747,0.0,-2.31,-5.834,-5.224,-6.192,-5.772,-6.299,-5.587999999999999,-31.48,-5.562,-5.935,136.3,10.53,14.09,13.88,14.2,12.04,12.29,9.36,6474.0,9106.0,9062.0,9241.0,7864.0,7839.0,6350.0,4.118,5.511,5.429,5.554,4.708,4.808,3.662,0.0,391.1,0.0,60.19,0.0,83.79999999999998,0.0,5.0,16.0,0.0,0.0,38.78,42.7,38.18,-8.099999999999998,-7.872999999999998,0.0,-6.085,278.3,25.65,3.5,3.473,-1.0,1.983,3.4,4901
2016-01-20 08:50:00,43.29,45.47,43.85,1067312.0,62.9,59.9,60.0,34.3,40798.0,507.0,93035.0,1024968.0,33.85,-0.999,-1.815,33.89,0.0,275.7,274.9,277.0,0.772,272.0,0.531,271.8,0.842,274.0,0.001,14.03,1.0,3.0,0.0,-6.193,34.73,394.2,394.3,0.0,1.365,1.131,1.279,126.4,135.2,0.643,0.0,-2.246,-5.674,-5.194,-6.107,-5.626,-6.189,-5.474,-98.9,-5.42,-5.806,143.7,11.1,14.82,14.56,14.92,12.66,12.95,9.79,6474.0,9106.0,9062.0,9241.0,7864.0,7839.0,6350.0,4.338,5.791,5.692,5.832999999999999,4.95,5.06,3.825,0.0,390.8,0.0,60.22,0.0,88.2,0.0,5.0,16.0,0.0,0.0,40.78,44.78,40.13,-8.08,-7.841,0.0,-5.99,276.5,31.39,3.167,3.473,-1.0,2.338,4.0,4901
2016-01-20 08:51:00,45.26,47.52,45.88,1067313.0,62.9,59.9,60.0,36.0,40798.0,507.0,93035.0,1024969.0,35.47,-0.999,-1.531,35.5,0.0,276.1,274.9,277.0,0.772,272.0,0.531,271.9,0.842,274.0,0.002,14.03,1.0,3.0,0.0,-6.156000000000001,36.47,394.6,395.0,0.0,1.4269999999999998,1.18,1.34,131.8,141.6,0.7340000000000001,0.0,-2.164,-5.674,-5.035,-5.996,-5.58,-6.157,-5.396,-52.04,-5.337999999999999,-5.774,150.4,11.62,15.46,15.21,15.61,13.24,13.54,10.2,6474.0,9106.0,9063.0,9242.0,7864.0,7839.0,6350.0,4.55,6.0520000000000005,5.953,6.11,5.183,5.299,3.993,0.0,391.5,0.0,60.22,0.0,92.5,0.0,5.0,16.0,0.0,0.0,42.7,46.78,42.05,-8.109999999999998,-7.896,0.0,-5.98,273.4,7.194,3.333,3.473,-1.0,3.053,4.0,4901
2016-01-20 08:52:00,46.93,49.16,47.53,1067313.0,62.9,59.9,60.0,37.37,40798.0,507.0,93035.0,1024970.0,36.79,-0.999,-1.2990000000000002,36.81,0.0,275.8,274.8,277.0,0.772,272.0,0.531,271.8,0.842,274.0,0.002,14.03,1.0,3.0,0.0,-6.122000000000001,37.91,396.3,396.6,0.0,1.4780000000000002,1.219,1.389,136.1,146.9,0.6059999999999999,0.0,-2.1180000000000003,-5.5920000000000005,-5.03,-5.964,-5.497999999999999,-6.075,-5.314,-63.2,-5.26,-5.678,155.8,12.02,15.94,15.67,16.11,13.66,13.99,10.5,6474.0,9106.0,9063.0,9242.0,7865.0,7839.0,6350.0,4.726,6.268,6.165,6.335,5.372999999999999,5.502999999999999,4.13,0.0,393.3,0.0,60.23,0.0,95.7,0.0,5.0,16.0,0.0,0.0,44.33,48.4,43.65,-8.12,-7.922,0.0,-5.877999999999999,272.7,12.15,3.0,3.473,-1.0,3.147,4.7,4901
2016-01-20 08:53:00,48.32,50.5,48.89,1067314.0,62.9,59.9,60.0,38.51,40798.0,507.0,93035.0,1024970.0,37.89,-1.0,-1.103,37.91,0.0,276.1,274.7,276.9,0.772,272.0,0.531,271.6,0.842,274.0,0.002,14.03,1.0,3.0,0.0,-6.084,39.17,397.2,397.0,0.0,1.524,1.252,1.439,139.4,151.8,0.78,0.0,-2.053,-5.464,-4.905,-5.9,-5.434,-5.996,-5.203,-51.8,-5.178,-5.664,161.4,12.38,16.33,16.04,16.54,14.02,14.4,10.68,6474.0,9106.0,9063.0,9242.0,7865.0,7839.0,6350.0,4.886,6.443,6.329,6.527,5.533,5.681,4.212,0.0,394.5,0.0,60.18,0.0,98.7,0.0,5.0,16.0,0.0,0.0,45.65,49.74,44.97,-8.15,-7.876,0.0,-5.785,294.0,32.15,3.667,3.472,-1.0,2.297,4.0,4901
2016-01-20 08:54:00,48.97,51.15,49.54,1067315.0,62.9,59.9,60.0,39.09,40798.0,507.0,93035.0,1024971.0,38.38,-1.0,-1.042,38.4,0.0,275.8,275.1,277.1,0.772,272.0,0.531,272.0,0.842,274.0,0.002,14.03,1.0,3.0,0.0,-6.046,39.61,399.8,399.2,0.0,1.546,1.267,1.465,140.7,154.3,0.65,0.0,-1.989,-5.304,-4.756,-5.705,-5.224,-5.832999999999999,-5.011,-76.98999999999998,-4.968,-5.518,164.0,12.54,16.44,16.12,16.69,14.14,14.54,10.68,6475.0,9106.0,9063.0,9242.0,7865.0,7839.0,6350.0,4.975,6.525,6.396,6.622000000000001,5.611000000000001,5.77,4.238,0.0,396.8,0.0,60.15,0.0,99.1,0.0,5.0,16.0,0.0,0.0,46.29,50.26,45.5,-8.019999999999998,-7.699,0.0,-5.567,317.6,13.19,3.167,3.472,-1.0,1.917,3.0,4901
2016-01-20 08:55:00,48.91,51.03,49.48,1067315.0,62.9,59.9,60.0,39.05,40799.0,507.0,93035.0,1024972.0,38.35,-1.0,-1.047,38.36,0.0,276.1,275.2,277.2,0.772,272.0,0.531,272.0,0.842,274.0,0.002,14.03,1.0,3.0,0.0,-6.007000000000001,39.69,401.0,400.9,0.0,1.548,1.269,1.47,140.4,154.7,0.5979999999999999,0.0,-2.006,-5.001,-4.485,-5.547999999999999,-4.971,-5.598,-4.7860000000000005,-145.2,-4.779,-5.276,164.3,12.53,16.38,16.04,16.66,14.11,14.51,10.59,6475.0,9107.0,9063.0,9242.0,7865.0,7839.0,6350.0,4.982,6.51,6.377000000000001,6.621,5.607,5.768,4.211,0.0,397.5,0.0,60.22,0.0,99.0,0.0,5.0,16.0,0.0,0.0,46.21,50.2,45.45,-7.889999999999999,-7.505,0.0,-5.288,300.7,21.87,3.0,3.472,-1.0,2.048,2.9,4901
2016-01-20 08:56:00,48.21,50.34,48.79,1067316.0,62.9,59.9,60.0,38.48,40799.0,507.0,93035.0,1024972.0,37.8,-1.0,-1.145,37.81,0.0,276.1,275.4,277.3,0.772,272.0,0.531,272.0,0.842,274.0,0.002,14.03,1.0,3.0,0.0,-5.9670000000000005,39.26,401.7,400.7,0.0,1.528,1.252,1.45,138.7,152.6,0.787,0.0,-1.924,-4.855,-4.311,-5.388,-4.796,-5.42,-4.625,-145.3,-4.537,-5.183,161.9,12.33,16.16,15.78,16.4,13.89,14.31,10.43,6475.0,9107.0,9063.0,9242.0,7865.0,7839.0,6351.0,4.91,6.431,6.282,6.529,5.527,5.697,4.15,0.0,398.1,0.0,60.19,0.0,97.7,0.0,5.0,16.0,0.0,0.0,45.52,49.48,44.79,-7.926,-7.482,0.0,-5.186,276.2,14.47,3.667,3.472,-1.0,2.392,2.9,4901
2016-01-20 08:57:00,47.54,49.68,48.11,1067317.0,62.9,59.9,60.0,37.89,40799.0,507.0,93035.0,1024973.0,37.25,-0.999,-1.243,37.27,0.0,275.9,275.3,277.3,0.772,272.0,0.531,272.0,0.842,274.0,0.002,14.03,1.0,3.0,0.0,-5.922999999999999,38.66,400.2,399.6,0.0,1.506,1.236,1.4280000000000002,137.0,150.4,0.5969999999999999,0.0,-1.86,-4.71,-4.168,-5.306,-4.683,-5.324,-4.497,-98.1,-4.458,-5.118,159.6,12.22,15.97,15.66,16.25,13.77,14.12,10.35,6475.0,9107.0,9063.0,9242.0,7865.0,7839.0,6351.0,4.843,6.33,6.207999999999999,6.442,5.457000000000001,5.597,4.101,0.0,396.4,0.0,60.14,0.0,96.6,0.0,5.0,16.0,0.0,0.0,44.89,48.82,44.18,-7.925,-7.371,0.0,-5.041,293.5,26.41,3.0,3.473,-1.0,1.888,3.2,4901
2016-01-20 08:58:00,48.09,50.3,48.72,1067317.0,62.9,59.9,60.0,38.4,40799.0,507.0,93035.0,1024973.0,37.73,-1.0,-1.148,37.75,0.0,276.3,275.2,277.1,0.772,272.0,0.531,272.0,0.842,274.0,0.002,14.03,1.0,3.0,0.0,-5.879,39.1,397.1,397.8,0.0,1.531,1.251,1.462,138.1,153.3,0.7359999999999999,0.0,-1.828,-4.582,-4.022,-5.195,-4.554,-5.195,-4.401,-124.0,-4.362,-5.118,163.7,12.49,16.28,15.9,16.51,14.0,14.45,10.35,6475.0,9107.0,9063.0,9242.0,7865.0,7839.0,6351.0,4.928,6.425,6.277,6.516,5.526,5.702000000000001,4.088,0.0,394.8,0.0,60.15,0.0,98.5,0.0,5.0,16.0,0.0,0.0,45.45,49.44,44.75,-7.982999999999999,-7.324,0.0,-4.878,301.0,15.64,3.333,3.473,-1.0,2.758,3.6,4901
2016-01-20 08:59:00,48.14,50.31,48.75,1067318.0,62.9,59.9,60.0,38.44,40799.0,507.0,93035.0,1024974.0,37.78,-1.0,-1.151,37.8,0.0,276.5,275.3,277.3,0.772,272.0,0.531,272.0,0.842,274.0,0.002,14.03,2.0,3.0,0.0,-5.828,39.36,400.9,400.3,0.0,1.534,1.255,1.465,138.4,153.5,0.5929999999999999,0.0,-1.764,-4.407,-3.83,-5.149,-4.423,-5.082,-4.2860000000000005,-118.8,-4.248,-5.1,163.8,12.46,16.15,15.85,16.51,13.96,14.34,10.31,6475.0,9107.0,9063.0,9243.0,7865.0,7840.0,6351.0,4.9430000000000005,6.41,6.291,6.5520000000000005,5.541,5.692,4.092,0.0,396.9,0.0,60.13,0.0,98.2,0.0,5.0,16.0,0.0,0.0,45.48,49.46,44.79,-8.019999999999998,-7.284,0.0,-4.726,296.2,16.82,3.0,3.473,-1.0,1.547,2.4,4901
2016-01-20 09:00:00,47.58,49.84,48.27,1067319.0,62.9,59.9,60.0,38.03,40799.0,507.0,93035.0,1024975.0,37.4,-0.999,-1.224,37.42,0.0,276.3,275.6,277.5,0.772,272.2,0.531,272.0,0.842,274.2,0.002,14.03,1.0,3.0,0.0,-5.765,38.99,399.2,400.3,0.0,1.513,1.244,1.436,137.8,151.0,0.787,0.0,-1.682,-4.328,-3.734,-5.018,-4.312,-5.003,-4.239,-123.4,-4.074,-4.876,160.4,12.25,16.09,15.77,16.31,13.8,14.21,10.38,6475.0,9107.0,9064.0,9243.0,7865.0,7840.0,6351.0,4.852,6.371,6.246,6.459,5.466,5.63,4.111000000000001,0.0,396.1,0.0,60.14,0.0,97.7,0.0,5.0,16.0,0.0,0.0,45.0,48.97,44.3,-7.946,-7.248999999999999,0.0,-4.682,306.1,13.4,3.5,3.473,-1.0,1.74,2.4,4901
2016-01-20 09:01:00,47.79,50.02,48.44,1067319.0,62.9,59.9,60.0,38.19,40799.0,507.0,93035.0,1024975.0,37.54,-0.999,-1.197,37.56,0.0,276.6,275.5,277.4,0.772,272.7,0.531,272.0,0.842,274.3,0.002,14.03,2.0,3.0,0.0,-5.718,39.25,398.9,399.1,0.0,1.515,1.247,1.4340000000000002,138.7,151.1,0.5969999999999999,0.0,-1.636,-4.263999999999999,-3.737,-5.003,-4.266,-4.985,-4.157,-97.4,-4.074,-4.857,160.2,12.25,16.18,15.88,16.37,13.84,14.26,10.5,6475.0,9107.0,9064.0,9243.0,7865.0,7840.0,6351.0,4.846,6.397,6.28,6.475,5.474,5.64,4.154,0.0,395.5,0.0,60.14,0.0,98.4,0.0,5.0,16.0,0.0,0.0,45.15,49.15,44.48,-7.894,-7.269,0.0,-4.665,286.3,18.08,3.0,3.473,-1.0,1.872,3.6,4901
2016-01-20 09:02:00,48.46,50.7,49.14,1067320.0,62.9,59.9,60.0,38.78,40799.0,507.0,93035.0,1024976.0,38.12,-1.0,-1.087,38.14,0.0,276.4,275.5,277.5,0.772,272.7,0.531,272.0,0.842,274.5,0.002,14.03,2.0,3.0,0.0,-5.669,39.71,398.1,397.1,0.0,1.538,1.266,1.456,140.6,153.7,0.5979999999999999,0.0,-1.5719999999999998,-4.282,-3.67,-4.907,-4.234,-4.953,-4.142,-144.3,-4.042,-4.811,163.0,12.54,16.45,16.16,16.72,14.15,14.51,10.65,6475.0,9107.0,9064.0,9243.0,7865.0,7840.0,6351.0,4.941,6.484,6.3660000000000005,6.591,5.5760000000000005,5.718,4.196000000000001,0.0,394.1,0.0,60.15,0.0,99.8,0.0,5.0,16.0,0.0,0.0,45.83,49.87,45.18,-7.865,-7.372,0.0,-4.698,272.4,15.96,3.0,3.473,-1.0,2.44,3.5,4901
2016-01-20 09:03:00,49.08,51.29,49.77,1067321.0,62.9,59.9,60.0,39.32,40799.0,507.0,93035.0,1024977.0,38.63,-1.0,-1.001,38.64,0.0,276.7,275.7,277.6,0.772,273.0,0.531,272.3,0.842,275.0,0.002,14.03,2.0,3.0,0.0,-5.619,40.36,398.5,398.7,0.0,1.558,1.281,1.4780000000000002,142.1,155.9,0.5979999999999999,0.0,-1.475,-4.296,-3.623,-4.907,-4.234,-4.985,-4.142,-144.0,-4.042,-4.811,165.5,12.69,16.62,16.28,16.86,14.29,14.69,10.7,6475.0,9108.0,9064.0,9243.0,7866.0,7840.0,6351.0,5.015,6.57,6.437,6.667000000000001,5.649,5.806,4.229,0.0,395.4,0.0,60.15,0.0,101.3,0.0,5.0,16.0,0.0,0.0,46.38,50.44,45.78,-7.82,-7.335,0.0,-4.6530000000000005,300.5,21.56,3.333,3.472,-1.0,2.762,3.8,4901
2016-01-20 09:04:00,49.1,51.39,49.79,1067321.0,62.9,59.9,60.0,39.37,40799.0,507.0,93035.0,1024977.0,38.65,-1.0,-1.003,38.66,0.0,276.9,275.7,277.7,0.772,273.0,0.531,272.6,0.842,275.0,0.002,14.03,1.0,3.0,0.0,-5.572,40.41,399.1,399.6,0.0,1.5619999999999998,1.281,1.482,142.1,156.2,0.789,0.0,-1.443,-4.186,-3.559,-4.888999999999999,-4.234,-4.907,-4.107,-144.1,-4.009,-4.811,165.7,12.68,16.6,16.2,16.84,14.27,14.68,10.64,6475.0,9108.0,9064.0,9243.0,7866.0,7840.0,6351.0,5.0280000000000005,6.578,6.422000000000001,6.676,5.657,5.818,4.219,0.0,396.4,0.0,60.15,0.0,101.3,0.0,5.0,16.0,0.0,0.0,46.42,50.47,45.8,-7.86,-7.308,0.0,-4.626,297.3,19.37,3.5,3.473,-1.0,2.78,4.7,4901
2016-01-20 09:05:00,48.33,50.58,49.05,1067322.0,62.9,59.9,60.0,38.71,40799.0,507.0,93035.0,1024978.0,38.01,-1.0,-1.117,38.03,0.0,276.8,275.7,277.6,0.772,273.0,0.531,272.5,0.842,274.9,0.002,14.03,2.0,3.0,0.0,-5.524,39.74,400.2,400.7,0.0,1.537,1.261,1.456,140.0,153.5,0.5979999999999999,0.0,-1.347,-4.232,-3.559,-4.811,-4.187,-4.875,-4.046,-118.4,-3.945,-4.875,162.7,12.42,16.31,15.92,16.51,13.99,14.42,10.49,6476.0,9108.0,9064.0,9243.0,7866.0,7840.0,6351.0,4.936,6.478,6.322,6.56,5.559,5.727,4.168,0.0,397.3,0.0,60.14,0.0,99.3,0.0,5.0,16.0,0.0,0.0,45.67,49.66,45.06,-7.881,-7.407999999999999,0.0,-4.663,270.2,13.18,3.0,3.473,-1.0,2.973,4.5,4901
2016-01-20 09:06:00,46.87,49.07,47.61,1067323.0,62.9,59.9,60.0,37.43,40799.0,507.0,93035.0,1024978.0,36.8,-0.999,-1.31,36.82,0.0,276.2,275.5,277.4,0.772,272.2,0.531,272.1,0.842,274.1,0.002,14.03,1.0,3.0,0.0,-5.479,38.57,401.3,401.2,0.0,1.4880000000000002,1.223,1.406,136.1,148.3,0.6059999999999999,0.0,-1.265,-4.328,-3.559,-4.843,-4.269,-4.957,-4.128,-144.3,-4.009,-4.907,156.8,11.97,15.72,15.45,15.99,13.52,13.88,10.26,6476.0,9108.0,9064.0,9243.0,7866.0,7840.0,6351.0,4.762,6.254,6.147,6.364,5.38,5.523,4.084,0.0,397.9,0.0,60.15,0.0,96.1,0.0,5.0,16.0,0.0,0.0,44.23,48.22,43.67,-7.852,-7.45,0.0,-4.748,302.6,9.94,3.0,3.472,-1.0,2.557,3.8,4901
2016-01-20 09:07:00,45.45,47.7,46.19,1067323.0,62.9,59.9,60.0,36.24,40799.0,507.0,93035.0,1024979.0,35.63,-0.999,-1.509,35.66,0.0,276.2,275.4,277.2,0.772,272.3,0.531,272.0,0.842,274.0,0.002,14.03,1.0,3.0,0.0,-5.433,37.37,401.0,401.0,0.0,1.442,1.188,1.36,132.3,143.5,0.78,0.0,-1.169,-4.41,-3.655,-4.893,-4.382,-5.003,-4.142,-123.1,-4.042,-4.907,151.5,11.57,15.24,14.98,15.48,13.1,13.44,9.99,6476.0,9108.0,9064.0,9243.0,7866.0,7840.0,6351.0,4.602,6.06,5.957000000000001,6.158,5.209,5.346,3.974,0.0,397.8,0.0,60.14,0.0,93.1,0.0,5.0,16.0,0.0,0.0,42.82,46.81,42.3,-7.831,-7.5139999999999985,0.0,-4.83,284.9,15.57,3.5,3.473,-1.0,1.817,2.5,4901
2016-01-20 09:08:00,43.82,46.12,44.58,1067324.0,62.9,59.9,60.0,34.9,40799.0,507.0,93035.0,1024980.0,34.36,-0.999,-1.737,34.41,0.0,276.3,275.4,277.3,0.772,272.6,0.531,272.0,0.842,274.3,0.002,14.03,2.0,3.0,0.0,-5.39,36.1,400.3,400.9,0.0,1.391,1.15,1.308,128.2,138.0,0.5969999999999999,0.0,-1.0590000000000002,-4.552,-3.766,-4.956,-4.471,-5.134,-4.239,-97.7,-4.088,-4.893,145.5,11.16,14.73,14.51,14.97,12.67,12.95,9.74,6476.0,9108.0,9064.0,9244.0,7866.0,7840.0,6351.0,4.434,5.852,5.765,5.949,5.034,5.147,3.868,0.0,397.3,0.0,60.14,0.0,90.1,0.0,5.0,16.0,0.0,0.0,41.3,45.27,40.78,-7.747,-7.556,0.0,-4.985,306.4,16.52,3.0,3.473,-1.0,2.158,4.0,4901
2016-01-20 09:09:00,42.84,45.06,43.54,1067325.0,62.9,59.9,60.0,34.04,40799.0,507.0,93035.0,1024980.0,33.56,-0.998,-1.879,33.62,0.0,276.6,275.3,277.3,0.772,272.9,0.531,272.0,0.842,274.3,0.002,14.03,1.0,3.0,0.0,-5.35,35.13,399.2,399.6,0.0,1.36,1.126,1.276,125.6,134.7,0.652,0.0,-0.994,-4.555,-3.752,-5.034,-4.442,-5.131,-4.239,-123.1,-4.042,-5.006,141.9,10.9,14.45,14.21,14.64,12.42,12.68,9.54,6476.0,9108.0,9065.0,9244.0,7866.0,7840.0,6351.0,4.321000000000001,5.725,5.631,5.803,4.924,5.026,3.783,0.0,396.3,0.0,60.14,0.0,88.0,0.0,5.0,16.0,0.0,0.0,40.29,44.3,39.82,-7.764999999999999,-7.361,0.0,-4.908,310.0,18.15,3.167,3.473,-1.0,3.227,5.1,4901
2016-01-20 09:10:00,42.08,44.4,42.86,1067325.0,62.9,59.9,60.0,33.46,40799.0,507.0,93035.0,1024981.0,33.0,-0.998,-1.975,33.06,0.0,276.8,275.3,277.3,0.772,273.0,0.531,272.0,0.842,274.3,0.002,14.03,1.0,3.0,0.0,-5.309,34.78,399.3,398.6,0.0,1.337,1.111,1.25,124.0,132.0,0.7409999999999999,0.0,-0.8659999999999999,-4.584,-3.752,-5.083,-4.471,-5.179,-4.239,-123.1,-4.042,-5.035,138.9,10.7,14.29,14.03,14.41,12.24,12.51,9.45,6476.0,9108.0,9065.0,9244.0,7866.0,7841.0,6351.0,4.23,5.647,5.544,5.696000000000001,4.836,4.9430000000000005,3.735,0.0,395.2,0.0,60.15,0.0,87.09999999999998,0.0,5.0,16.0,0.0,0.0,39.61,43.59,39.14,-7.731,-7.277999999999999,0.0,-4.924,304.4,28.92,3.333,3.473,-1.0,1.53,2.7,4901
2016-01-20 09:11:00,42.22,44.46,42.94,1067326.0,62.9,59.9,60.0,33.53,40799.0,507.0,93035.0,1024981.0,33.05,-0.998,-1.959,33.11,0.0,276.1,275.6,277.4,0.772,272.8,0.531,272.0,0.842,274.3,0.001,14.03,1.0,3.0,0.0,-5.272,34.68,396.8,396.4,0.0,1.339,1.115,1.248,124.6,131.9,0.642,0.0,-0.834,-4.6610000000000005,-3.833,-5.097,-4.521,-5.257999999999999,-4.317,-102.8,-4.091,-5.003,138.6,10.75,14.39,14.13,14.52,12.33,12.55,9.53,6476.0,9108.0,9065.0,9244.0,7866.0,7841.0,6351.0,4.232,5.666,5.56,5.7170000000000005,4.855,4.942,3.751,0.0,393.6,0.0,60.14,0.0,87.4,0.0,5.0,16.0,0.0,0.0,39.72,43.64,39.22,-7.671,-7.377,0.0,-4.987,307.7,21.51,3.167,3.472,-1.0,2.342,3.5,4901
2016-01-20 09:12:00,42.71,45.0,43.49,1067326.0,62.9,59.9,60.0,33.98,40799.0,507.0,93035.0,1024982.0,33.51,-0.998,-1.865,33.56,0.0,276.5,275.4,277.2,0.772,272.6,0.531,272.0,0.842,274.2,0.002,14.03,1.0,3.0,0.0,-5.234,35.24,395.9,396.0,0.0,1.354,1.13,1.261,126.5,133.4,0.5969999999999999,0.0,-0.7059999999999998,-4.615,-3.766,-5.097,-4.506,-5.193,-4.271,-143.2,-4.077,-5.003,139.9,10.86,14.59,14.37,14.72,12.5,12.71,9.72,6476.0,9109.0,9065.0,9244.0,7866.0,7841.0,6351.0,4.266,5.731,5.646,5.782,4.909,4.993,3.819,0.0,392.8,0.0,60.16,0.0,89.0,0.0,5.0,16.0,0.0,0.0,40.25,44.23,39.77,-7.726,-7.252999999999998,0.0,-4.892,296.1,34.34,3.0,3.472,-1.0,2.367,4.3,4901
2016-01-20 09:13:00,43.29,45.59,44.06,1067327.0,62.9,59.9,60.0,34.48,40799.0,507.0,93035.0,1024982.0,34.0,-0.999,-1.783,34.05,0.0,276.6,275.5,277.4,0.772,273.0,0.531,272.0,0.842,274.3,0.002,14.03,1.0,3.0,0.0,-5.196000000000001,35.92,396.4,396.1,0.0,1.37,1.145,1.269,128.7,134.7,0.7349999999999999,0.0,-0.674,-4.516,-3.766,-5.097,-4.521,-5.193,-4.335,-120.8,-4.091,-5.053,140.8,10.95,14.8,14.61,14.92,12.66,12.86,9.95,6476.0,9109.0,9065.0,9244.0,7866.0,7841.0,6352.0,4.302,5.814,5.7410000000000005,5.862,4.975,5.051,3.908,0.0,392.9,0.0,60.15,0.0,90.7,0.0,5.0,16.0,0.0,0.0,40.8,44.8,40.34,-7.784,-7.188,0.0,-4.831,305.9,12.68,3.333,3.472,-1.0,2.905,4.5,4901
2016-01-20 09:14:00,44.19,46.5,44.98,1067328.0,62.9,59.9,60.0,35.21,40799.0,507.0,93035.0,1024983.0,34.68,-0.999,-1.6569999999999998,34.72,0.0,276.3,275.4,277.2,0.772,272.6,0.531,272.0,0.842,274.1,0.002,14.03,1.0,3.0,0.0,-5.162000000000001,36.57,396.0,395.5,0.0,1.391,1.166,1.286,131.5,136.8,0.649,0.0,-0.592,-4.437,-3.768,-5.065,-4.503,-5.193,-4.271,-100.1,-4.12,-5.082,142.8,11.15,15.11,14.92,15.21,12.94,13.1,10.21,6476.0,9109.0,9065.0,9244.0,7866.0,7841.0,6352.0,4.375,5.9270000000000005,5.853,5.9670000000000005,5.078,5.141,4.005,0.0,392.4,0.0,60.14,0.0,92.4,0.0,5.0,16.0,0.0,0.0,41.64,45.65,41.17,-7.732999999999999,-7.264999999999999,0.0,-4.81,295.7,23.04,3.167,3.472,-1.0,1.848,3.4,4901
2016-01-20 09:15:00,45.69,47.99,46.5,1067328.0,62.9,59.9,60.0,36.47,40799.0,507.0,93035.0,1024984.0,35.9,-0.999,-1.439,35.93,0.0,276.5,275.3,277.0,0.772,272.5,0.531,272.0,0.842,274.0,0.002,14.03,1.0,3.0,0.0,-5.125,38.09,394.6,394.7,0.0,1.4380000000000002,1.204,1.33,135.8,141.8,0.5969999999999999,0.0,-0.496,-4.423,-3.704,-4.937,-4.407,-5.097,-4.207,-97.7,-4.042,-4.953,148.1,11.6,15.69,15.49,15.8,13.43,13.61,10.57,6476.0,9109.0,9065.0,9244.0,7867.0,7841.0,6352.0,4.538,6.138,6.063,6.184,5.257000000000001,5.325,4.135,0.0,391.3,0.0,60.14,0.0,96.6,0.0,5.0,16.0,0.0,0.0,43.1,47.11,42.65,-7.5779999999999985,-7.193,0.0,-4.758,294.5,18.72,3.0,3.472,-1.0,1.378,2.3,4901
2016-01-20 09:16:00,47.25,49.61,48.09,1067329.0,62.9,59.9,60.0,37.8,40799.0,507.0,93035.0,1024984.0,37.17,-0.999,-1.244,37.19,0.0,276.4,275.3,277.1,0.772,272.7,0.531,272.0,0.842,274.0,0.002,14.03,1.0,3.0,0.0,-5.089,39.75,395.6,395.1,0.0,1.485,1.243,1.375,140.1,146.7,0.7340000000000001,0.0,-0.3989999999999999,-4.341,-3.626,-4.809,-4.279,-4.966,-4.093,-143.2,-3.942,-4.743,153.3,11.96,16.13,15.94,16.31,13.86,14.03,10.85,6476.0,9109.0,9065.0,9245.0,7867.0,7841.0,6352.0,4.697,6.332999999999999,6.259,6.402,5.441,5.509,4.261,0.0,392.6,0.0,60.16,0.0,100.6,0.0,5.0,16.0,0.0,0.0,44.62,48.67,44.15,-7.487,-7.15,0.0,-4.699,314.0,25.42,3.333,3.473,-1.0,0.915,1.8,4901
2016-01-20 09:17:00,47.86,50.13,48.59,1067329.0,62.9,59.9,60.0,38.24,40799.0,507.0,93035.0,1024985.0,37.64,-1.0,-1.161,37.66,0.0,275.9,275.3,277.1,0.772,272.0,0.531,272.0,0.842,274.0,0.002,14.03,2.0,3.0,0.0,-5.056,40.44,397.4,397.7,0.0,1.4980000000000002,1.255,1.382,142.1,147.9,0.5969999999999999,0.0,-0.257,-4.263,-3.5580000000000003,-4.681,-4.151,-4.855,-3.95,-118.8,-3.832,-4.586,154.0,12.01,16.27,16.09,16.4,13.94,14.13,11.03,6476.0,9109.0,9066.0,9245.0,7867.0,7841.0,6352.0,4.734,6.414,6.3420000000000005,6.464,5.497000000000001,5.571000000000001,4.349,0.0,394.3,0.0,60.23,0.0,101.8,0.0,5.0,16.0,0.0,0.0,45.24,49.28,44.7,-7.392,-7.195,0.0,-4.636,301.7,55.03,3.0,3.472,-1.0,0.895,1.8,4901
2016-01-20 09:18:00,48.24,50.49,48.93,1067330.0,62.9,59.9,60.0,38.54,40799.0,507.0,93035.0,1024985.0,37.92,-1.0,-1.131,37.94,0.0,276.0,275.1,277.1,0.772,272.0,0.531,272.0,0.842,274.0,0.002,14.03,2.0,3.0,0.0,-5.016,40.63,397.2,399.1,0.0,1.505,1.261,1.384,143.3,148.5,0.5969999999999999,0.0,-0.096,-4.28,-3.54,-4.617,-4.136,-4.809,-3.95,-76.51999999999998,-3.753,-4.426,154.3,12.04,16.38,16.19,16.45,14.01,14.22,11.15,6476.0,9109.0,9066.0,9245.0,7867.0,7841.0,6352.0,4.753,6.466,6.391,6.493,5.531000000000001,5.612,4.4030000000000005,0.0,394.8,0.0,60.15,0.0,102.3,0.0,5.0,16.0,0.0,0.0,45.61,49.6,45.0,-7.372,-7.196000000000001,0.0,-4.654,308.1,19.28,3.0,3.473,-1.0,2.207,4.8,4901
2016-01-20 09:19:00,48.25,50.46,48.96,1067331.0,62.9,59.9,60.0,38.55,40799.0,507.0,93035.0,1024986.0,37.96,-1.0,-1.137,37.98,0.0,275.9,275.3,277.2,0.772,272.2,0.531,272.0,0.842,274.1,0.002,14.03,2.0,3.0,0.0,-4.985,40.56,398.2,398.7,0.0,1.505,1.26,1.38,143.6,148.4,0.5969999999999999,0.0,0.0819999999999999,-4.199,-3.43,-4.535,-4.058,-4.713,-3.868,-50.75,-3.721,-4.49,153.8,11.99,16.32,16.2,16.46,13.99,14.14,11.22,6477.0,9109.0,9066.0,9245.0,7867.0,7841.0,6352.0,4.7410000000000005,6.453,6.407,6.509,5.532,5.593,4.436,0.0,395.4,0.0,60.19,0.0,101.9,0.0,5.0,16.0,0.0,0.0,45.65,49.64,45.03,-7.513,-7.134,0.0,-4.543,301.0,15.57,3.333,3.473,-1.0,2.697,4.0,4901
2016-01-20 09:20:00,48.3,50.52,48.98,1067331.0,62.9,59.9,60.0,38.57,40799.0,507.0,93035.0,1024987.0,37.96,-1.0,-1.134,37.98,0.0,276.1,275.1,277.0,0.772,272.0,0.531,272.0,0.842,274.0,0.002,14.03,1.0,3.0,0.0,-4.95,40.39,397.2,398.3,0.0,1.504,1.258,1.378,143.7,148.3,0.6059999999999999,0.0,0.221,-3.989,-3.284,-4.503,-3.944,-4.713,-3.757,-97.2,-3.688,-4.522,153.6,11.98,16.33,16.23,16.46,13.99,14.15,11.26,6477.0,9110.0,9066.0,9245.0,7867.0,7841.0,6352.0,4.731,6.453,6.41,6.502999999999999,5.528,5.587999999999999,4.447,0.0,395.0,0.0,60.15,0.0,101.7,0.0,5.0,16.0,0.0,0.0,45.7,49.66,45.03,-7.606,-6.987,0.0,-4.365,288.7,23.77,3.333,3.473,-1.0,2.165,3.4,4901
2016-01-20 09:21:00,48.16,50.43,48.87,1067332.0,62.9,59.9,60.0,38.45,40799.0,507.0,93035.0,1024987.0,37.89,-1.0,-1.14,37.91,0.0,275.9,275.0,276.9,0.772,272.0,0.531,272.0,0.842,274.0,0.001,14.03,1.0,3.0,0.0,-4.913,40.23,397.8,398.1,0.0,1.499,1.257,1.372,143.5,147.9,0.64,0.0,0.37,-4.024,-3.27,-4.503,-3.944,-4.713,-3.757,-90.1,-3.671,-4.522,153.2,11.96,16.31,16.17,16.44,14.0,14.13,11.22,6477.0,9110.0,9066.0,9245.0,7867.0,7842.0,6352.0,4.728,6.447,6.391,6.497000000000001,5.532,5.584,4.433,0.0,395.2,0.0,60.2,0.0,101.1,0.0,5.0,16.0,0.0,0.0,45.6,49.62,44.99,-7.565,-7.176,0.0,-4.458,280.6,22.88,3.167,3.472,-1.0,2.74,4.5,4901
2016-01-20 09:22:00,47.95,50.21,48.64,1067333.0,62.9,59.9,60.0,38.29,40799.0,507.0,93035.0,1024988.0,37.68,-1.0,-1.173,37.7,0.0,276.0,275.1,277.0,0.772,272.0,0.531,272.0,0.842,274.0,0.002,14.03,1.0,3.0,0.0,-4.881,39.87,398.4,398.8,0.0,1.492,1.251,1.365,142.8,147.1,0.5979999999999999,0.0,0.499,-4.038,-3.27,-4.521,-4.075,-4.777,-3.839,-76.76,-3.749,-4.522,152.4,11.86,16.15,16.08,16.34,13.89,13.99,11.16,6477.0,9110.0,9066.0,9245.0,7867.0,7842.0,6352.0,4.694,6.39,6.362,6.466,5.495,5.5360000000000005,4.415,0.0,395.7,0.0,60.15,0.0,100.1,0.0,5.0,16.0,0.0,0.0,45.36,49.34,44.75,-7.603,-7.203,0.0,-4.46,279.1,17.62,3.0,3.472,-1.0,2.442,3.7,4901
2016-01-20 09:23:00,47.8,50.08,48.52,1067333.0,62.9,59.9,60.0,38.18,40799.0,507.0,93035.0,1024989.0,37.6,-0.999,-1.1840000000000002,37.62,0.0,276.1,275.1,277.0,0.772,272.0,0.531,272.0,0.842,274.0,0.002,14.03,1.0,3.0,0.0,-4.847,39.81,398.7,397.9,0.0,1.49,1.25,1.364,142.4,146.9,0.787,0.0,0.638,-4.038,-3.27,-4.521,-4.086,-4.759,-3.899,-97.6,-3.769,-4.54,152.4,11.86,16.2,16.08,16.33,13.88,14.03,11.13,6477.0,9110.0,9066.0,9245.0,7867.0,7842.0,6352.0,4.686,6.398,6.352,6.4510000000000005,5.485,5.544,4.398,0.0,395.1,0.0,60.11,0.0,99.9,0.0,5.0,16.0,0.0,0.0,45.24,49.23,44.66,-7.621,-7.226,0.0,-4.404,304.7,10.5,3.667,3.473,-1.0,3.0,3.9,4901
2016-01-20 09:24:00,47.62,49.97,48.37,1067334.0,62.9,59.9,60.0,38.05,40799.0,507.0,93035.0,1024989.0,37.49,-0.999,-1.2,37.51,0.0,276.1,275.1,277.0,0.772,272.1,0.531,272.0,0.842,274.0,0.002,14.03,1.0,3.0,0.0,-4.819,39.67,398.1,398.6,0.0,1.485,1.247,1.359,142.2,146.3,0.5979999999999999,0.0,0.755,-4.024,-3.255,-4.489,-4.04,-4.745,-3.881,-76.67,-3.766,-4.618,151.8,11.82,16.12,16.01,16.27,13.85,13.96,11.09,6477.0,9110.0,9066.0,9245.0,7867.0,7842.0,6352.0,4.671,6.371,6.328,6.429,5.473,5.515,4.384,0.0,395.2,0.0,60.15,0.0,99.6,0.0,5.0,16.0,0.0,0.0,45.06,49.08,44.52,-7.679999999999999,-7.15,0.0,-4.416,285.3,12.99,3.0,3.473,-1.0,2.992,4.4,4901
2016-01-20 09:25:00,47.65,49.94,48.38,1067335.0,62.9,59.9,60.0,38.08,40799.0,507.0,93035.0,1024990.0,37.49,-0.999,-1.197,37.51,0.0,276.0,275.2,277.2,0.772,272.3,0.531,272.0,0.842,274.0,0.002,14.03,1.0,3.0,0.0,-4.789,39.74,398.3,398.4,0.0,1.486,1.249,1.358,142.5,146.1,0.7379999999999999,0.0,0.8690000000000001,-4.006,-3.27,-4.439,-4.008,-4.745,-3.87,-71.74,-3.752,-4.604,151.5,11.84,16.21,16.02,16.31,13.9,14.0,11.12,6477.0,9110.0,9066.0,9246.0,7867.0,7842.0,6352.0,4.674,6.397,6.323,6.438,5.486000000000001,5.527,4.388,0.0,394.8,0.0,60.14,0.0,99.8,0.0,5.0,16.0,0.0,0.0,45.04,49.08,44.5,-7.612,-7.13,0.0,-4.387,303.5,17.8,3.333,3.473,-1.0,2.54,4.1,4901
2016-01-20 09:26:00,47.93,50.24,48.7,1067335.0,62.9,59.9,60.0,38.34,40799.0,507.0,93035.0,1024991.0,37.75,-1.0,-1.154,37.77,0.0,276.0,275.3,277.3,0.772,272.6,0.531,272.0,0.842,274.0,0.002,14.03,1.0,3.0,0.0,-4.755,40.03,396.1,397.8,0.0,1.495,1.26,1.3630000000000002,143.7,146.8,0.6059999999999999,0.0,0.98,-4.038,-3.27,-4.36,-3.958,-4.713,-3.792,-76.11,-3.687,-4.583,152.1,11.88,16.35,16.19,16.39,13.98,14.1,11.26,6477.0,9110.0,9067.0,9246.0,7868.0,7842.0,6352.0,4.683,6.442,6.379,6.459,5.509,5.559,4.436,0.0,394.1,0.0,60.14,0.0,101.1,0.0,5.0,16.0,0.0,0.0,45.36,49.37,44.82,-7.575,-7.216,0.0,-4.402,289.2,25.68,3.333,3.473,-1.0,1.623,2.8,4901
2016-01-20 09:27:00,48.42,50.79,49.29,1067336.0,62.9,59.9,60.0,38.81,40799.0,507.0,93035.0,1024991.0,38.23,-1.0,-1.078,38.25,0.0,276.3,275.4,277.4,0.772,272.9,0.531,272.0,0.842,274.6,0.002,14.03,1.0,3.0,0.0,-4.7330000000000005,40.7,396.5,397.0,0.0,1.513,1.275,1.378,145.5,148.5,0.779,0.0,1.108,-4.071000000000001,-3.302,-4.328,-4.011,-4.713,-3.835,-92.8,-3.687,-4.554,153.8,12.03,16.55,16.4,16.61,14.16,14.27,11.42,6477.0,9110.0,9067.0,9246.0,7868.0,7842.0,6353.0,4.738,6.519,6.462000000000001,6.542999999999999,5.579,5.622000000000001,4.5,0.0,393.9,0.0,60.16,0.0,102.7,0.0,5.0,16.0,0.0,0.0,45.89,49.92,45.38,-7.527,-7.202000000000001,0.0,-4.4910000000000005,286.2,27.34,3.833,3.472,-1.0,2.867,4.6,4901
2016-01-20 09:28:00,49.18,51.54,50.01,1067337.0,62.9,59.9,60.0,39.45,40799.0,507.0,93035.0,1024992.0,38.81,-1.0,-0.975,38.82,0.0,276.7,275.5,277.2,0.772,273.0,0.531,272.4,0.842,274.2,0.002,14.03,2.0,3.0,0.0,-4.703,41.34,396.2,395.7,0.0,1.536,1.295,1.401,147.6,150.8,0.5979999999999999,0.0,1.187,-4.071000000000001,-3.302,-4.328,-3.973,-4.681,-3.835,-25.14,-3.734,-4.49,156.3,12.23,16.8,16.64,16.89,14.4,14.5,11.58,6477.0,9110.0,9067.0,9246.0,7868.0,7842.0,6353.0,4.813,6.608,6.546,6.643,5.666,5.704,4.557,0.0,393.4,0.0,60.13,0.0,104.3,0.0,5.0,16.0,0.0,0.0,46.61,50.58,46.09,-7.465,-7.153,0.0,-4.482,297.6,25.21,3.0,3.472,-1.0,1.738,3.1,4901
2016-01-20 09:29:00,49.51,51.83,50.39,1067337.0,62.9,59.9,60.0,39.73,40799.0,507.0,93035.0,1024992.0,39.1,-1.0,-0.922,39.11,0.0,276.6,275.6,277.3,0.772,273.0,0.531,272.3,0.842,274.2,0.002,14.03,2.0,3.0,0.0,-4.679,41.78,398.1,398.0,0.0,1.548,1.304,1.411,148.6,151.8,0.5979999999999999,0.0,1.315,-4.167,-3.366,-4.263999999999999,-3.944,-4.617,-3.771,-92.7,-3.687,-4.444,157.4,12.29,16.85,16.68,16.96,14.46,14.55,11.62,6477.0,9111.0,9067.0,9246.0,7868.0,7842.0,6353.0,4.853,6.656000000000001,6.589,6.698,5.711,5.747000000000001,4.591,0.0,395.0,0.0,60.15,0.0,104.9,0.0,5.0,16.0,0.0,0.0,46.96,50.94,46.46,-7.468,-7.255,0.0,-4.513999999999999,273.5,15.52,3.0,3.472,-1.0,2.7,4.5,4901
2016-01-20 09:30:00,49.99,52.28,50.8,1067338.0,62.9,59.9,60.0,40.09,40799.0,507.0,93035.0,1024993.0,39.44,-1.0,-0.8609999999999999,39.45,0.0,276.3,275.5,277.3,0.772,273.0,0.531,272.1,0.842,274.2,0.001,14.03,1.0,3.0,0.0,-4.6530000000000005,42.4,399.3,398.0,0.0,1.561,1.315,1.426,149.7,153.3,0.6509999999999999,0.0,1.379,-4.199,-3.366,-4.328,-4.04,-4.713,-3.838,-4.131,-3.737,-4.426,158.9,12.43,16.98,16.86,17.14,14.61,14.66,11.73,6478.0,9111.0,9067.0,9246.0,7868.0,7842.0,6353.0,4.9030000000000005,6.697,6.652,6.761,5.763,5.784,4.628,0.0,394.4,0.0,60.14,0.0,106.2,0.0,5.0,16.0,0.0,0.0,47.38,51.38,46.84,-7.524,-7.312999999999999,0.0,-4.516,275.6,17.76,3.5,3.472,-1.0,2.622,3.8,4901
2016-01-20 09:31:00,50.82,53.08,51.64,1067339.0,62.9,59.9,60.0,40.8,40799.0,507.0,93035.0,1024994.0,40.11,-1.0,-0.7340000000000001,40.11,0.0,276.4,275.6,277.3,0.772,272.9,0.531,272.3,0.842,274.3,-0.004,13.52,1.0,1.0,0.0,-4.629,42.7,397.6,396.7,0.0,1.589,1.337,1.456,151.8,156.3,0.592,0.001,1.475,-4.135,-3.366,-4.293,-4.022,-4.713,-3.852,-46.29,-3.655,-4.426,162.3,12.66,17.31,17.17,17.44,14.83,14.97,11.91,6478.0,9111.0,9067.0,9246.0,7868.0,7842.0,6353.0,4.9910000000000005,6.825,6.769,6.877000000000001,5.848,5.902,4.694,0.0,394.3,0.0,60.17,0.0,107.4,0.0,5.0,16.0,0.0,0.0,48.17,52.2,47.63,-7.611,-7.257999999999998,0.0,-4.481,273.9,9.07,3.167,3.472,-1.0,2.497,3.5,4901
2016-01-20 09:32:00,51.32,53.58,52.09,1067340.0,62.9,59.9,60.0,41.21,40799.0,507.0,93035.0,1024994.0,40.47,-1.0,-0.6729999999999999,40.47,0.0,276.5,275.6,277.4,0.772,272.9,0.531,272.4,0.842,274.5,0.0069999999999999,14.03,1.0,3.0,0.0,-4.607,43.32,399.2,398.2,0.0,1.604,1.35,1.472,153.0,157.7,0.787,0.0,1.54,-4.053,-3.27,-4.183,-3.926,-4.617,-3.82,-55.19,-3.559,-4.312,164.0,12.74,17.41,17.29,17.53,14.93,15.07,11.99,6478.0,9111.0,9067.0,9246.0,7868.0,7842.0,6353.0,5.035,6.879,6.834,6.9270000000000005,5.899,5.955,4.736000000000001,0.0,395.2,0.0,60.13,0.0,108.5,0.0,5.0,16.0,0.0,0.0,48.61,52.65,48.06,-7.595,-7.121,0.0,-4.353,301.6,35.35,3.5,3.473,-1.0,1.662,3.2,4901
2016-01-20 09:33:00,51.55,53.84,52.32,1067340.0,62.9,59.9,60.0,41.4,40799.0,507.0,93035.0,1024995.0,40.69,-1.0,-0.628,40.7,0.0,276.5,275.5,277.3,0.772,272.8,0.531,272.0,0.842,274.1,0.002,14.03,1.0,3.0,0.0,-4.58,43.68,399.4,398.0,0.0,1.614,1.36,1.479,154.2,158.5,0.5969999999999999,0.0,1.604,-3.893,-3.124,-3.99,-3.699,-4.407,-3.592,-29.34,-3.367,-4.234,164.6,12.8,17.5,17.42,17.66,15.01,15.13,12.08,6478.0,9111.0,9067.0,9246.0,7868.0,7843.0,6353.0,5.053,6.91,6.877000000000001,6.973,5.9270000000000005,5.976,4.772,0.0,394.9,0.0,60.13,0.0,109.4,0.0,5.0,16.0,0.0,0.0,48.9,52.95,48.34,-7.534,-6.971,0.0,-4.181,307.1,11.94,3.0,3.472,-1.0,2.027,2.7,4901
2016-01-20 09:34:00,52.27,54.61,53.09,1067341.0,62.9,59.9,60.0,42.04,40799.0,507.0,93035.0,1024996.0,41.29,-1.0,-0.519,41.3,0.0,276.3,275.8,277.5,0.772,273.0,0.531,272.2,0.842,274.4,0.002,14.03,1.0,3.0,0.0,-4.558,43.89,395.5,397.1,0.0,1.638,1.382,1.501,156.6,160.8,0.5979999999999999,0.0,1.654,-3.636,-2.867,-3.862,-3.527,-4.232,-3.4210000000000003,-50.4,-3.192,-4.088,166.9,13.03,17.9,17.65,17.94,15.3,15.44,12.24,6478.0,9111.0,9068.0,9247.0,7868.0,7843.0,6353.0,5.132000000000001,7.051,6.954,7.067,6.028,6.082999999999999,4.824,0.0,394.0,0.0,60.14,0.0,111.0,0.0,5.0,16.0,0.0,0.0,49.58,53.68,49.08,-7.405,-6.777,0.0,-3.94,319.4,17.36,3.0,3.472,-1.0,1.887,3.1,4901
2016-01-20 09:35:00,53.2,55.58,54.05,1067342.0,62.9,59.9,60.0,42.85,40799.0,507.0,93035.0,1024997.0,42.09,-1.0,-0.379,42.1,0.0,276.4,275.7,277.5,0.772,273.0,0.531,272.2,0.842,274.6,0.002,14.03,1.0,3.0,0.0,-4.531000000000001,45.06,396.9,397.3,0.0,1.67,1.409,1.529,159.8,163.7,0.7349999999999999,0.0,1.732,-3.444,-2.675,-3.752,-3.381,-4.136,-3.257,-50.39,-3.175,-4.073,169.8,13.23,18.22,18.03,18.26,15.55,15.72,12.53,6478.0,9111.0,9068.0,9247.0,7868.0,7843.0,6353.0,5.211,7.175,7.1,7.192,6.126,6.19,4.935,0.0,393.9,0.0,60.14,0.0,113.5,0.0,5.0,16.0,0.0,0.0,50.54,54.68,50.02,-7.417,-6.651,0.0,-3.749,310.8,15.47,3.333,3.473,-1.0,2.172,2.8,4901
2016-01-20 09:36:00,54.47,56.88,55.38,1067342.0,62.9,59.9,60.0,43.86,40799.0,507.0,93035.0,1024997.0,43.1,-0.8669999999999999,-0.1719999999999999,43.1,0.0,276.0,275.1,276.9,0.772,272.1,0.531,272.1,0.842,274.1,0.002,14.03,2.0,3.0,0.0,-4.498,46.03,395.9,396.0,0.0,1.709,1.444,1.5630000000000002,163.7,167.4,0.5979999999999999,0.0,1.732,-3.234,-2.533,-3.734,-3.2710000000000004,-3.99,-3.161,-75.67,-3.029,-4.005,173.5,13.57,18.68,18.45,18.71,15.99,16.09,12.84,6478.0,9111.0,9068.0,9247.0,7868.0,7843.0,6353.0,5.339,7.349,7.26,7.361,6.292000000000001,6.33,5.053,0.0,393.4,0.0,60.14,0.0,116.3,0.0,5.0,16.0,0.0,0.0,51.82,56.0,51.34,-7.373999999999999,-6.575,0.0,-3.5460000000000003,313.8,14.27,3.0,3.472,-1.0,1.687,2.2,4901
2016-01-20 09:37:00,56.3,58.62,57.19,1067343.0,62.9,59.9,60.0,45.33,40799.0,507.0,93035.0,1024998.0,44.55,0.9,0.1119999999999999,44.55,0.0,276.0,275.0,276.7,0.772,272.0,0.531,272.0,0.842,274.0,0.002,14.03,1.0,3.0,0.0,-4.473,47.57,395.6,395.5,0.0,1.767,1.493,1.616,169.1,173.1,0.6059999999999999,0.0,1.75,-3.077,-2.404,-3.609,-3.175,-3.944,-3.082,-24.38,-2.982,-3.834,179.4,14.06,19.36,19.16,19.42,16.55,16.66,13.32,6478.0,9112.0,9068.0,9247.0,7869.0,7843.0,6353.0,5.518,7.599,7.521,7.62,6.494,6.54,5.228,0.0,392.5,0.0,60.14,0.0,120.3,0.0,5.0,16.0,0.0,0.0,53.63,57.82,53.17,-7.28,-6.613,0.0,-3.545,289.6,38.02,3.0,3.472,-1.0,1.67,2.7,4901
2016-01-20 09:38:00,58.93,61.23,59.83,1067344.0,62.9,59.9,60.0,47.55,40799.0,507.0,93035.0,1024999.0,46.69,1.0,0.4779999999999999,46.69,0.0,275.8,275.1,276.9,0.772,272.0,0.531,272.0,0.842,274.0,0.002,14.03,1.0,3.0,0.0,-4.436,49.76,395.3,394.5,0.0,1.854,1.5619999999999998,1.7,176.5,181.9,0.6409999999999999,0.0,1.828,-3.028,-2.34,-3.527,-3.131,-3.877,-2.968,-3.179,-2.901,-3.766,189.0,14.8,20.27,20.08,20.37,17.36,17.49,13.93,6478.0,9112.0,9068.0,9247.0,7869.0,7843.0,6354.0,5.795,7.939,7.864,7.979,6.8,6.851,5.455,0.0,391.7,0.0,60.14,0.0,126.0,0.0,5.0,16.0,0.0,0.0,56.21,60.44,55.75,-7.24,-6.73,0.0,-3.457,317.3,15.16,3.167,3.472,-1.0,2.11,4.4,4901
2016-01-20 09:39:00,60.58,62.78,61.44,1067345.0,62.9,59.9,60.0,48.94,40799.0,507.0,93035.0,1025000.0,48.11,1.0,0.685,48.12,0.0,276.3,275.3,277.0,0.772,272.0,0.531,272.0,0.842,274.0,0.002,14.03,1.0,3.0,0.0,-4.405,51.35,397.3,396.9,0.0,1.91,1.606,1.753,181.3,187.3,0.5979999999999999,0.0,1.828,-2.835,-2.177,-3.3960000000000004,-2.9610000000000003,-3.702,-2.793,-3.036,-2.758,-3.752,194.6,15.16,20.66,20.53,20.9,17.76,17.87,14.25,6478.0,9112.0,9068.0,9247.0,7869.0,7843.0,6354.0,5.975,8.15,8.099999999999998,8.24,7.002999999999999,7.046,5.617000000000001,0.0,394.2,0.0,60.14,0.0,129.2,0.0,5.0,16.0,0.0,0.0,57.9,62.12,57.44,-7.275,-6.571000000000001,0.0,-3.327,300.3,17.99,3.167,3.473,-1.0,2.568,3.7,4901
2016-01-20 09:40:00,61.47,63.71,62.3,1067346.0,62.9,59.9,60.0,49.68,40799.0,507.0,93035.0,1025000.0,48.77,1.0,0.777,48.78,0.0,276.1,275.3,277.0,0.772,272.0,0.531,272.0,0.842,274.0,0.002,14.03,1.0,3.0,0.0,-4.369,52.32,400.0,398.4,0.0,1.938,1.628,1.777,183.8,189.8,0.5979999999999999,0.0,1.893,-2.757,-2.066,-3.2060000000000004,-2.786,-3.542,-2.629,-54.29,-2.58,-3.655,196.9,15.25,20.92,20.84,21.09,17.87,18.09,14.47,6478.0,9112.0,9068.0,9247.0,7869.0,7843.0,6354.0,6.032,8.269999999999998,8.24,8.34,7.068,7.156000000000001,5.722,0.0,395.5,0.0,60.13,0.0,130.8,0.0,5.0,16.0,0.0,0.0,58.74,62.94,58.27,-7.236,-6.567,0.0,-3.19,306.2,27.84,3.0,3.473,-1.0,1.835,3.3,4901
2016-01-20 09:41:00,62.26,64.45,63.06,1067347.0,62.9,59.9,60.0,50.34,40799.0,507.0,93035.0,1025001.0,49.47,1.0,0.879,49.47,0.0,276.2,275.4,277.2,0.772,272.1,0.531,272.0,0.842,274.0,0.002,14.03,1.0,3.0,0.0,-4.335,53.17,399.5,398.7,0.0,1.967,1.651,1.804,186.1,192.5,0.5989999999999999,0.0,1.925,-2.71,-1.97,-3.175,-2.839,-3.559,-2.604,-95.9,-2.551,-3.591,199.9,15.55,21.34,21.07,21.4,18.19,18.44,14.62,6479.0,9112.0,9068.0,9247.0,7869.0,7843.0,6354.0,6.144,8.429999999999998,8.33,8.46,7.185,7.285,5.777,0.0,395.1,0.0,60.13,0.0,133.1,0.0,5.0,16.0,0.0,0.0,59.53,63.8,59.04,-7.262,-6.666,0.0,-3.259,275.7,17.56,3.0,3.473,-1.0,2.868,5.9,4901
2016-01-20 09:42:00,63.04,65.31,63.88,1067347.0,62.9,59.9,60.0,51.03,40799.0,507.0,93035.0,1025002.0,50.14,1.0,0.963,50.15,0.0,276.2,275.3,277.2,0.772,272.4,0.531,272.0,0.842,274.0,0.002,14.03,1.0,3.0,0.0,-4.299,53.96,399.5,398.6,0.0,1.996,1.672,1.834,188.1,195.4,0.7409999999999999,0.0,1.957,-2.839,-2.069,-3.192,-2.885,-3.687,-2.65,-49.62,-2.5980000000000003,-3.609,203.1,15.74,21.46,21.35,21.65,18.38,18.59,14.79,6479.0,9112.0,9068.0,9248.0,7869.0,7844.0,6354.0,6.232,8.5,8.449999999999998,8.57,7.275,7.36,5.853,0.0,395.9,0.0,60.14,0.0,135.1,0.0,5.0,16.0,0.0,0.0,60.37,64.62,59.85,-7.272,-6.949,0.0,-3.363,272.4,15.15,3.333,3.473,-1.0,2.67,4.3,4901
2016-01-20 09:43:00,63.01,65.23,63.85,1067348.0,62.9,59.9,60.0,50.98,40799.0,507.0,93035.0,1025003.0,50.1,1.0,0.931,50.11,0.0,276.1,275.4,277.1,0.772,272.1,0.531,272.0,0.842,274.0,0.002,14.03,1.0,3.0,0.0,-4.26,53.81,399.5,400.9,0.0,1.998,1.673,1.837,187.9,195.2,0.6459999999999999,0.0,2.085,-2.903,-2.116,-3.255,-2.935,-3.733,-2.647,-49.35,-2.5980000000000003,-3.559,202.9,15.73,21.32,21.12,21.59,18.36,18.49,14.63,6479.0,9112.0,9069.0,9248.0,7869.0,7844.0,6354.0,6.251,8.47,8.4,8.58,7.297999999999998,7.349,5.814,0.0,397.5,0.0,60.13,0.0,134.7,0.0,5.0,16.0,0.0,0.0,60.31,64.53,59.81,-7.269999999999999,-7.027,0.0,-3.432,263.9,18.45,3.167,3.473,-1.0,2.322,3.8,4901
2016-01-20 09:44:00,62.89,65.1,63.76,1067349.0,62.9,59.9,60.0,50.88,40799.0,507.0,93035.0,1025004.0,50.01,1.0,0.908,50.02,0.0,276.4,275.3,276.9,0.772,272.1,0.531,272.0,0.842,274.0,0.002,14.03,1.0,3.0,0.0,-4.227,53.85,400.1,399.8,0.0,1.997,1.672,1.836,187.4,195.0,0.5799999999999998,0.0,2.218,-2.948,-2.097,-3.254,-2.9810000000000003,-3.846,-2.697,-2.989,-2.548,-3.463,202.7,15.73,21.42,21.11,21.5,18.34,18.57,14.61,6479.0,9112.0,9069.0,9248.0,7869.0,7844.0,6354.0,6.242000000000001,8.5,8.38,8.529999999999998,7.279,7.369,5.796,0.0,396.9,0.0,60.13,0.0,134.6,0.0,5.0,16.0,0.0,0.0,60.23,64.41,59.72,-7.242000000000002,-6.946000000000001,0.0,-3.425,283.3,17.52,3.0,3.473,-1.0,2.185,4.3,4901
2016-01-20 09:45:00,63.1,65.27,63.93,1067350.0,62.9,59.9,60.0,51.06,40799.0,507.0,93035.0,1025005.0,50.26,1.0,0.922,50.27,0.0,276.2,275.5,277.2,0.772,272.9,0.531,272.2,0.842,274.0,0.001,13.99,1.0,3.0,0.0,-4.192,54.01,399.4,399.3,0.0,2.01,1.681,1.852,188.0,196.3,0.7340000000000001,0.0,2.31,-2.885,-1.956,-3.188,-2.917,-3.797,-2.6180000000000003,-70.7,-2.434,-3.381,204.5,15.84,21.52,21.25,21.66,18.44,18.68,14.67,6479.0,9112.0,9069.0,9248.0,7870.0,7844.0,6354.0,6.276,8.529999999999998,8.42,8.58,7.3039999999999985,7.401,5.811,0.0,396.1,0.0,60.19,0.0,135.2,0.0,5.0,16.0,0.0,0.0,60.5,64.66,59.96,-7.252999999999998,-6.888,0.0,-3.345,271.2,18.66,3.333,3.473,-1.0,2.22,3.3,4901
2016-01-20 09:46:00,63.91,66.07,64.8,1067351.0,62.9,59.9,60.0,51.75,40799.0,507.0,93035.0,1025005.0,50.96,1.0,1.046,50.97,0.0,276.1,275.6,277.0,0.772,272.5,0.531,272.6,0.842,274.0,0.003,14.0,2.0,3.0,0.0,-4.1610000000000005,54.69,398.6,399.2,0.0,2.042,1.706,1.889,190.1,199.5,0.5989999999999999,0.0,2.438,-2.757,-1.892,-3.06,-2.835,-3.668,-2.504,-2.7960000000000003,-2.259,-3.1710000000000003,208.5,16.11,21.77,21.5,21.97,18.69,18.94,14.81,6479.0,9113.0,9069.0,9248.0,7870.0,7844.0,6354.0,6.377999999999999,8.62,8.51,8.699999999999998,7.4,7.501,5.863,0.0,396.0,0.0,60.24,0.0,137.2,0.0,5.0,16.0,0.0,0.0,61.36,65.52,60.85,-7.082999999999999,-6.809,0.0,-3.272,291.5,32.28,3.0,3.473,-1.0,1.333,2.3,4901
2016-01-20 09:47:00,63.83,65.97,64.62,1067352.0,62.9,59.9,60.0,51.65,40799.0,507.0,93035.0,1025006.0,50.85,1.0,1.009,50.86,0.0,276.1,275.6,277.2,0.772,272.5,0.531,272.5,0.842,274.0,0.002,14.03,2.0,3.0,0.0,-4.13,54.51,400.6,400.7,0.0,2.04,1.707,1.887,189.9,199.0,0.5989999999999999,0.0,2.552,-2.789,-1.874,-2.9810000000000003,-2.789,-3.654,-2.504,-2.779,-2.263,-3.096,207.9,16.03,21.69,21.37,21.83,18.59,18.86,14.71,6479.0,9113.0,9069.0,9248.0,7870.0,7844.0,6354.0,6.372000000000001,8.62,8.5,8.679999999999998,7.389999999999999,7.5,5.848,0.0,397.6,0.0,60.21,0.0,136.1,0.0,5.0,16.0,0.0,0.0,61.23,65.4,60.65,-6.946000000000001,-6.836,0.0,-3.279,286.2,25.35,3.0,3.473,-1.0,2.29,3.5,4901
2016-01-20 09:48:00,63.88,66.04,64.66,1067353.0,62.9,59.9,60.0,51.69,40799.0,507.0,93035.0,1025007.0,50.9,1.0,1.007,50.91,0.0,276.0,275.5,277.1,0.772,272.3,0.531,272.2,0.842,274.0,0.002,14.03,2.0,3.0,0.0,-4.095,54.6,400.2,399.5,0.0,2.043,1.71,1.888,190.2,199.0,0.5989999999999999,0.0,2.648,-2.818,-1.86,-2.949,-2.757,-3.608,-2.455,-70.77,-2.227,-2.997,207.9,16.06,21.65,21.48,21.96,18.65,18.82,14.79,6479.0,9113.0,9069.0,9248.0,7870.0,7844.0,6354.0,6.369,8.59,8.519999999999998,8.71,7.397,7.468,5.865,0.0,396.7,0.0,60.12,0.0,136.4,0.0,5.0,16.0,0.0,0.0,61.35,65.43,60.73,-6.989,-6.814,0.0,-3.242,288.7,19.45,3.0,3.473,-1.0,2.443,3.6,4901
2016-01-20 09:49:00,64.1,66.25,64.9,1067354.0,62.9,59.9,60.0,51.85,40799.0,507.0,93035.0,1025008.0,51.01,1.0,1.036,51.02,0.0,275.9,275.3,276.9,0.772,272.0,0.531,272.0,0.842,274.0,0.002,14.03,2.0,3.0,0.0,-4.06,54.57,399.2,399.1,0.0,2.05,1.717,1.891,191.1,199.3,0.5989999999999999,0.0,2.745,-2.704,-1.714,-2.835,-2.597,-3.43,-2.294,-23.66,-2.134,-2.982,207.9,16.08,21.8,21.61,22.0,18.7,18.9,14.89,6479.0,9113.0,9069.0,9248.0,7870.0,7844.0,6355.0,6.372000000000001,8.64,8.56,8.72,7.41,7.49,5.9,0.0,396.3,0.0,60.14,0.0,136.7,0.0,5.0,16.0,0.0,0.0,61.53,65.6,60.93,-7.032,-6.622000000000001,0.0,-3.0780000000000003,300.4,22.32,3.333,3.47,-1.0,2.25,3.9,4901
2016-01-20 09:50:00,65.32,67.56,66.2,1067354.0,62.9,59.9,60.0,52.92,40799.0,507.0,93035.0,1025009.0,52.15,1.0,1.23,52.17,0.0,276.0,275.3,277.0,0.772,272.0,0.531,272.0,0.842,274.0,0.002,14.03,1.0,3.0,0.0,-4.016,55.77,397.2,396.5,0.0,2.096,1.754,1.937,195.2,204.0,0.6069999999999999,0.0,2.8560000000000003,-2.525,-1.539,-2.739,-2.419,-3.238,-2.151,-49.72,-1.971,-2.982,213.0,16.56,22.45,22.15,22.61,19.27,19.45,15.26,6480.0,9113.0,9069.0,9249.0,7870.0,7845.0,6355.0,6.525,8.84,8.72,8.91,7.59,7.6629999999999985,6.013,0.0,393.9,0.0,60.16,0.0,140.4,0.0,5.0,16.0,0.0,0.0,62.93,67.02,62.33,-7.167999999999999,-6.488,0.0,-2.942,302.0,13.68,3.333,3.47,-1.0,2.25,4.1,4901
2016-01-20 09:51:00,66.84,69.04,67.7,1067355.0,62.9,59.9,60.0,54.19,40799.0,507.0,93035.0,1025010.0,53.32,1.0,1.436,53.34,0.0,275.9,275.5,277.1,0.772,272.0,0.531,272.0,0.842,274.0,0.002,14.03,1.0,3.0,0.0,-3.972,56.87,396.7,397.4,0.0,2.143,1.793,1.983,199.3,208.7,0.644,0.0,2.888,-2.383,-1.492,-2.579,-2.194,-3.06,-1.959,-23.49,-1.778,-2.968,218.0,16.89,22.92,22.62,23.05,19.61,19.88,15.6,6480.0,9113.0,9070.0,9249.0,7870.0,7845.0,6355.0,6.659,9.04,8.92,9.090000000000002,7.734,7.841,6.152,0.0,394.4,0.0,60.15,0.0,143.4,0.0,5.0,16.0,0.0,0.0,64.31,68.48,63.76,-7.165,-6.493,0.0,-2.892,305.1,14.06,3.167,3.473,-1.0,2.527,3.4,4901
2016-01-20 09:52:00,67.72,69.93,68.57,1067356.0,62.9,59.9,60.0,54.96,40799.0,507.0,93035.0,1025011.0,54.07,1.0,1.554,54.09,0.0,276.2,275.6,277.3,0.772,272.2,0.531,272.1,0.842,274.0,0.002,14.03,1.0,3.0,0.0,-3.934,58.12,400.4,399.5,0.0,2.174,1.819,2.012,201.9,211.5,0.5989999999999999,0.0,2.984,-2.372,-1.411,-2.501,-2.134,-3.045,-1.912,-53.72,-1.7180000000000002,-2.918,220.8,17.06,23.07,22.92,23.33,19.81,20.03,15.8,6480.0,9113.0,9070.0,9249.0,7870.0,7845.0,6355.0,6.752000000000001,9.13,9.07,9.23,7.837999999999998,7.926,6.254,0.0,395.7,0.0,60.14,0.0,145.2,0.0,5.0,16.0,0.0,0.0,65.18,69.37,64.63,-7.107,-6.638,0.0,-2.934,280.9,45.06,3.0,3.473,-1.0,1.95,3.5,4901
2016-01-20 09:53:00,69.04,71.3,69.9,1067357.0,62.9,59.9,60.0,56.08,40799.0,507.0,93035.0,1025012.0,55.17,1.0,1.751,55.19,0.0,276.2,275.5,277.2,0.772,272.0,0.531,272.0,0.842,274.0,0.002,14.03,1.0,3.0,0.0,-3.895,59.28,398.7,398.2,0.0,2.219,1.853,2.057,205.6,216.1,0.5989999999999999,0.0,3.0660000000000003,-2.5,-1.539,-2.501,-2.162,-3.045,-1.909,-70.47,-1.732,-2.819,225.8,17.47,23.61,23.38,23.83,20.24,20.52,16.11,6480.0,9114.0,9070.0,9249.0,7870.0,7845.0,6355.0,6.899,9.32,9.23,9.41,7.995,8.099999999999998,6.362,0.0,394.9,0.0,60.14,0.0,148.7,0.0,5.0,16.0,0.0,0.0,66.56,70.76,65.97,-7.039,-6.697,0.0,-2.931,302.2,26.0,3.0,3.472,-1.0,1.445,2.2,4901
2016-01-20 09:54:00,69.65,71.75,70.43,1067358.0,62.9,59.9,60.0,56.49,40799.0,507.0,93035.0,1025012.0,55.54,0.999,1.814,55.57,0.0,275.7,275.5,277.2,0.772,272.0,0.531,272.0,0.842,274.0,0.002,14.03,1.0,3.0,0.0,-3.858,59.64,400.4,400.1,0.0,2.235,1.867,2.074,206.8,217.6,0.5989999999999999,0.0,3.13,-2.323,-1.375,-2.337,-1.953,-2.818,-1.681,-27.85,-1.5219999999999998,-2.58,227.6,17.58,23.62,23.3,23.91,20.36,20.56,16.05,6480.0,9114.0,9070.0,9249.0,7871.0,7845.0,6355.0,6.98,9.38,9.25,9.49,8.08,8.16,6.371,0.0,397.0,0.0,60.13,0.0,149.0,0.0,5.0,16.0,0.0,0.0,67.06,71.24,66.45,-6.964,-6.472,0.0,-2.744,311.9,17.07,3.0,3.472,-1.0,1.368,2.4,4901
2016-01-20 09:55:00,69.81,72.05,70.68,1067359.0,62.9,59.9,60.0,56.71,40799.0,507.0,93035.0,1025013.0,55.76,0.999,1.85,55.79,0.0,275.9,275.6,277.2,0.772,272.0,0.531,272.0,0.842,274.0,0.002,14.03,1.0,3.0,0.0,-3.819,59.74,398.6,398.5,0.0,2.248,1.875,2.088,207.5,219.0,0.7369999999999999,0.0,3.177,-2.084,-1.137,-2.113,-1.65,-2.515,-1.477,-35.72,-1.248,-2.373,229.0,17.7,23.84,23.53,24.06,20.45,20.74,16.19,6480.0,9114.0,9070.0,9249.0,7871.0,7845.0,6355.0,7.002999999999999,9.43,9.31,9.52,8.09,8.21,6.405,0.0,395.7,0.0,60.13,0.0,149.9,0.0,5.0,16.0,0.0,0.0,67.26,71.48,66.7,-6.907,-6.299,0.0,-2.503,294.3,14.04,3.5,3.473,-1.0,2.542,4.0,4901
2016-01-20 09:56:00,70.44,72.7,71.35,1067360.0,62.9,59.9,60.0,57.25,40799.0,507.0,93035.0,1025014.0,56.33,0.999,1.956,56.37,0.0,276.2,275.5,277.1,0.772,272.0,0.531,272.0,0.842,274.0,0.002,14.03,2.0,3.0,0.0,-3.779,60.48,399.5,399.1,0.0,2.276,1.894,2.121,209.0,221.9,0.5999999999999999,0.0,3.273,-1.924,-1.0759999999999998,-2.052,-1.539,-2.422,-1.349,-48.27,-1.3,-2.405,232.5,17.93,24.06,23.66,24.25,20.66,20.97,16.25,6480.0,9114.0,9070.0,9250.0,7871.0,7845.0,6355.0,7.104,9.53,9.37,9.61,8.189999999999998,8.31,6.439,0.0,396.2,0.0,60.15,0.0,151.4,0.0,5.0,16.0,0.0,0.0,67.97,72.2,67.43,-6.987,-6.278,0.0,-2.472,291.5,16.13,3.0,3.473,-1.0,2.25,4.0,4901
2016-01-20 09:57:00,71.54,73.78,72.43,1067361.0,62.9,59.9,60.0,58.21,40799.0,507.0,93035.0,1025015.0,57.25,0.999,2.108,57.29,0.0,276.5,275.7,277.2,0.772,272.5,0.531,272.6,0.842,274.0,0.002,14.03,2.0,3.0,0.0,-3.735,61.39,397.5,398.1,0.0,2.316,1.923,2.167,211.5,226.2,0.5999999999999999,0.0,3.2910000000000004,-2.019,-1.058,-2.081,-1.621,-2.486,-1.349,-22.84,-1.347,-2.388,238.0,18.33,24.49,24.13,24.72,21.02,21.4,16.52,6480.0,9114.0,9071.0,9250.0,7871.0,7846.0,6355.0,7.24,9.68,9.53,9.77,8.3,8.449999999999998,6.525,0.0,395.1,0.0,60.14,0.0,154.4,0.0,5.0,16.0,0.0,0.0,69.04,73.26999999999998,68.51,-6.944,-6.462000000000001,0.0,-2.552,289.5,20.27,3.333,3.472,-1.0,2.612,3.9,4901
2016-01-20 09:58:00,70.6,72.76,71.48,1067362.0,62.9,59.9,60.0,57.41,40799.0,507.0,93035.0,1025016.0,56.44,0.999,1.963,56.48,0.0,276.5,275.7,277.2,0.772,272.8,0.531,272.5,0.842,274.0,0.002,14.03,2.0,3.0,0.0,-3.692,60.68,401.5,401.6,0.0,2.292,1.903,2.145,208.9,223.2,0.5999999999999999,0.0,3.369,-2.083,-1.012,-2.116,-1.6030000000000002,-2.451,-1.349,-27.72,-1.347,-2.309,234.8,17.92,23.91,23.54,24.19,20.55,20.91,16.12,6481.0,9114.0,9071.0,9250.0,7871.0,7846.0,6356.0,7.146,9.53,9.39,9.65,8.189999999999998,8.34,6.426,0.0,398.7,0.0,60.19,0.0,151.1,0.0,5.0,16.0,0.0,0.0,68.03,72.28,67.53,-6.944,-6.409,0.0,-2.537,311.4,19.48,3.0,3.472,-1.0,2.408,3.7,4901
2016-01-20 09:59:00,70.51,72.89,71.5,1067363.0,62.9,59.9,60.0,57.4,40799.0,507.0,93035.0,1025017.0,56.47,0.999,1.998,56.5,0.0,276.5,275.5,277.2,0.772,272.4,0.531,272.3,0.842,274.0,0.002,14.03,1.0,3.0,0.0,-3.648,60.73,398.7,398.7,0.0,2.294,1.905,2.148,209.0,223.4,0.6079999999999999,0.0,3.434,-1.937,-0.816,-2.0340000000000003,-1.539,-2.323,-1.235,-1.621,-1.265,-2.359,235.3,18.09,24.13,23.78,24.41,20.74,21.07,16.26,6481.0,9115.0,9071.0,9250.0,7871.0,7846.0,6356.0,7.153,9.54,9.41,9.66,8.199999999999998,8.33,6.431,0.0,395.5,0.0,60.24,0.0,152.4,0.0,5.0,16.0,0.0,0.0,68.02,72.42,67.56,-6.968,-6.294,0.0,-2.311,301.3,24.95,3.0,3.473,-1.0,2.567,4.5,4901
2016-01-20 10:00:00,72.61,75.03,73.61,1067364.0,62.9,59.9,60.0,59.23,40799.0,507.0,93035.0,1025018.0,58.22,0.999,2.299,58.26,0.0,276.4,275.8,277.5,0.772,273.0,0.531,272.3,0.842,274.0,0.0,13.99,1.0,3.0,0.0,-3.603,62.46,395.3,396.0,0.0,2.367,1.962,2.227,214.7,231.2,0.6409999999999999,0.0,3.466,-1.809,-0.6409999999999999,-2.066,-1.507,-2.3080000000000003,-1.171,-1.589,-1.283,-2.388,244.7,18.85,25.12,24.69,25.35,21.52,21.96,16.83,6481.0,9115.0,9071.0,9250.0,7871.0,7846.0,6356.0,7.394999999999999,9.86,9.69,9.94,8.449999999999998,8.62,6.604,0.0,392.4,0.0,60.19,0.0,158.0,0.0,5.0,16.0,0.0,0.0,70.11,74.54999999999998,69.66,-6.992000000000001,-6.183,0.0,-2.221,303.3,12.41,3.167,3.472,-1.0,2.81,3.8,4901
2016-01-20 10:01:00,75.69,78.06,76.62999999999998,1067365.0,62.9,59.9,60.0,61.79,40799.0,507.0,93035.0,1025019.0,60.72,0.999,2.722,60.78,0.0,277.0,275.7,277.3,0.772,273.0,0.531,272.6,0.842,274.0,0.002,13.99,1.0,3.0,0.0,-3.556,65.35,395.1,394.9,0.0,2.474,2.045,2.34,222.8,242.2,0.5989999999999999,0.0,3.448,-1.5530000000000002,-0.46,-1.924,-1.297,-2.18,-1.01,-1.461,-1.137,-2.295,257.1,19.74,26.16,25.7,26.45,22.46,22.95,17.49,6481.0,9115.0,9071.0,9250.0,7872.0,7846.0,6356.0,7.737,10.25,10.07,10.37,8.8,9.0,6.856,0.0,392.0,0.0,60.14,0.0,165.4,0.0,5.0,16.0,0.0,0.0,73.17,77.64,72.69,-6.977,-5.97,0.0,-1.923,311.6,14.74,3.0,3.473,-1.0,2.743,3.9,4901
2016-01-20 10:02:00,76.29999999999998,78.58,77.15999999999998,1067366.0,62.9,59.9,60.0,62.23,40799.0,507.0,93035.0,1025020.0,61.12,0.999,2.793,61.19,0.0,276.5,275.7,277.4,0.772,273.0,0.531,272.1,0.842,274.0,0.002,13.99,1.0,3.0,0.0,-3.506,65.91,398.6,398.6,0.0,2.4930000000000003,2.0580000000000003,2.358,223.9,243.6,0.5979999999999999,0.0,3.471,-1.247,-0.236,-1.924,-1.154,-2.0980000000000003,-0.878,-22.71,-0.991,-2.248,258.6,19.73,26.09,25.62,26.43,22.43,22.92,17.44,6481.0,9115.0,9072.0,9251.0,7872.0,7846.0,6356.0,7.803,10.32,10.13,10.45,8.87,9.06,6.897,0.0,395.4,0.0,60.14,0.0,165.4,0.0,5.0,16.0,0.0,0.0,73.68,78.14,73.2,-6.976,-5.962999999999999,0.0,-1.722,318.8,18.07,3.0,3.473,-1.0,2.47,4.1,4901
2016-01-20 10:03:00,77.64,79.95999999999998,78.54,1067367.0,62.9,59.9,60.0,63.42,40799.0,507.0,93035.0,1025021.0,62.28,0.999,2.97,62.35,0.0,276.6,275.8,277.5,0.772,273.0,0.531,272.8,0.842,274.4,0.002,13.99,1.0,3.0,0.0,-3.451,67.25,398.0,398.3,0.0,2.541,2.095,2.408,227.6,248.5,0.5999999999999999,0.0,3.529,-1.119,-0.16,-1.973,-1.137,-2.102,-0.8349999999999999,-53.01,-0.962,-2.28,264.1,20.12,26.49,26.03,26.94,22.86,23.32,17.71,6481.0,9115.0,9072.0,9251.0,7872.0,7846.0,6356.0,7.957999999999998,10.48,10.3,10.65,9.04,9.22,7.005,0.0,395.6,0.0,60.14,0.0,169.0,0.0,5.0,16.0,0.0,0.0,75.09,79.51999999999998,74.54,-6.9910000000000005,-5.941,0.0,-1.6230000000000002,313.8,15.48,3.0,3.472,-1.0,3.353,4.8,4901
2016-01-20 10:04:00,74.75,76.92,75.59999999999998,1067368.0,62.9,59.9,60.0,60.91,40799.0,507.0,93035.0,1025022.0,59.85,0.999,2.529,59.9,0.0,276.5,275.8,277.4,0.772,273.0,0.531,273.0,0.842,274.1,0.002,13.99,1.0,3.0,0.0,-3.3960000000000004,64.96,403.5,403.0,0.0,2.448,2.023,2.31,220.0,238.3,0.5999999999999999,0.0,3.661,-0.962,-0.125,-1.97,-1.087,-2.0340000000000003,-0.785,-69.23,-0.912,-2.404,252.8,18.98,25.27,24.84,25.55,21.62,22.21,16.96,6481.0,9116.0,9072.0,9251.0,7872.0,7847.0,6356.0,7.587,10.1,9.93,10.21,8.64,8.88,6.778,0.0,399.7,0.0,60.13,0.0,161.0,0.0,5.0,16.0,0.0,0.0,72.18,76.45999999999998,71.64,-7.078,-5.87,0.0,-1.405,328.0,14.02,3.167,3.473,-1.0,2.597,3.6,4901
2016-01-20 10:05:00,72.76999999999998,74.98999999999998,73.65,1067369.0,62.9,59.9,60.0,59.24,40799.0,507.0,93035.0,1025023.0,58.27,0.999,2.245,58.31,0.0,276.4,275.7,277.3,0.772,273.0,0.531,272.5,0.842,274.0,0.002,13.99,1.0,3.0,0.0,-3.3360000000000003,63.17,401.7,401.5,0.0,2.385,1.977,2.242,215.2,231.4,0.729,0.0,3.786,-0.769,0.064,-1.778,-0.8479999999999999,-1.842,-0.5749999999999998,-1.107,-0.624,-2.387,245.0,18.54,24.66,24.27,24.96,21.23,21.61,16.61,6481.0,9116.0,9072.0,9251.0,7872.0,7847.0,6356.0,7.385,9.82,9.670000000000002,9.95,8.46,8.609999999999998,6.619,0.0,398.5,0.0,60.14,0.0,157.3,0.0,5.0,16.0,0.0,0.0,70.25,74.53,69.71,-6.981,-5.869,0.0,-1.2819999999999998,286.7,7.512,3.5,3.473,-1.0,2.628,3.6,4901
2016-01-20 10:06:00,71.47,73.73,72.31999999999998,1067370.0,62.9,59.9,60.0,58.14,40799.0,507.0,93035.0,1025024.0,57.28,0.999,2.07,57.32,0.0,276.3,275.6,277.3,0.772,273.0,0.531,272.3,0.842,274.1,0.002,13.99,2.0,3.0,0.0,-3.277,61.54,395.4,397.6,0.0,2.343,1.949,2.195,212.8,227.1,0.5989999999999999,0.0,3.807,-0.819,0.078,-1.571,-0.7409999999999999,-1.731,-0.446,-0.964,-0.449,-2.276,239.4,18.35,24.55,24.3,24.86,21.05,21.38,16.63,6481.0,9116.0,9072.0,9251.0,7872.0,7847.0,6356.0,7.231,9.68,9.58,9.8,8.29,8.429999999999998,6.553,0.0,394.2,0.0,60.14,0.0,155.7,0.0,5.0,16.0,0.0,0.0,69.03,73.34,68.49,-6.872999999999999,-6.005,0.0,-1.391,317.8,18.24,3.0,3.473,-1.0,1.723,2.7,4901
2016-01-20 10:07:00,75.15999999999998,77.54,76.03,1067371.0,62.9,59.9,60.0,61.27,40799.0,507.0,93035.0,1025025.0,60.31,0.999,2.602,60.37,0.0,276.3,275.5,277.3,0.772,273.0,0.531,272.1,0.842,274.0,0.002,13.99,1.0,3.0,0.0,-3.213,64.9,391.8,391.8,0.0,2.467,2.05,2.319,223.4,240.0,0.6059999999999999,0.0,3.917,-0.816,0.113,-1.521,-0.6729999999999999,-1.699,-0.435,-0.8499999999999999,-0.417,-2.13,253.9,19.66,26.25,25.8,26.46,22.49,22.89,17.63,6482.0,9116.0,9072.0,9252.0,7873.0,7847.0,6357.0,7.642,10.2,10.03,10.29,8.74,8.9,6.852,0.0,388.8,0.0,60.14,0.0,165.7,0.0,5.0,16.0,0.0,0.0,72.73999999999998,77.18,72.18,-6.71,-5.953,0.0,-1.383,308.4,18.1,3.0,3.473,-1.0,2.09,3.2,4901
2016-01-20 10:08:00,79.45999999999998,81.79999999999998,80.29999999999998,1067372.0,62.9,59.9,60.0,64.94,40799.0,507.0,93035.0,1025026.0,63.86,0.999,3.217,63.94,0.0,276.5,275.8,277.5,0.772,273.0,0.531,272.8,0.842,274.7,0.001,13.99,1.0,3.0,0.0,-3.151,68.76,389.8,389.6,0.0,2.6180000000000003,2.169,2.47,236.1,255.4,0.65,0.0,3.978,-0.5909999999999999,0.3529999999999999,-1.358,-0.4309999999999999,-1.492,-0.193,-0.64,-0.271,-1.924,270.4,20.98,27.94,27.42,28.16,23.94,24.39,18.73,6482.0,9116.0,9073.0,9252.0,7873.0,7847.0,6357.0,8.109999999999998,10.8,10.6,10.88,9.25,9.43,7.237,0.0,386.5,0.0,60.14,0.0,176.4,0.0,5.0,16.0,0.0,0.0,77.0,81.5,76.44,-6.757999999999999,-5.881,0.0,-1.133,292.6,17.59,3.167,3.47,-1.0,2.53,3.7,4901
2016-01-20 10:09:00,81.5,83.9,82.5,1067373.0,62.9,59.9,60.0,66.78,40799.0,507.0,93035.0,1025027.0,65.66,0.999,3.525,65.76,0.0,276.9,276.1,277.8,0.772,273.0,0.531,273.0,0.842,275.0,0.002,13.99,1.0,3.0,0.0,-3.089,70.41,392.9,393.6,0.0,2.676,2.217,2.523,241.5,261.1,0.5999999999999999,0.0,4.092,-0.495,0.449,-1.297,-0.4379999999999999,-1.425,-0.143,-0.5929999999999999,-0.192,-1.807,276.5,21.31,28.36,27.91,28.65,24.33,24.81,19.05,6482.0,9116.0,9073.0,9252.0,7873.0,7847.0,6357.0,8.33,11.08,10.9,11.2,9.51,9.69,7.442,0.0,390.8,0.0,60.14,0.0,179.2,0.0,5.0,16.0,0.0,0.0,79.12999999999998,83.7,78.58,-6.78,-5.849,0.0,-1.106,310.1,38.89,3.0,3.473,-1.0,1.478,2.7,4901
2016-01-20 10:10:00,83.0,85.29999999999998,83.9,1067375.0,62.9,59.9,60.0,67.98,40799.0,507.0,93035.0,1025028.0,66.77,0.998,3.726,66.87,0.0,277.0,276.1,277.7,0.772,273.0,0.531,273.0,0.842,275.0,0.002,13.99,1.0,3.0,0.0,-3.024,71.91,397.6,397.1,0.0,2.719,2.254,2.5580000000000003,245.6,264.8,0.5999999999999999,0.0,4.138,-0.495,0.481,-1.2009999999999998,-0.37,-1.375,-0.079,-26.24,-0.079,-1.5530000000000002,280.0,21.48,28.5,28.06,28.92,24.56,24.96,19.18,6482.0,9117.0,9073.0,9252.0,7873.0,7847.0,6357.0,8.47,11.24,11.07,11.41,9.69,9.85,7.566,0.0,394.5,0.0,60.14,0.0,180.9,0.0,5.0,16.0,0.0,0.0,80.5,85.0,79.95999999999998,-6.726,-5.99,0.0,-1.071,285.7,12.89,3.0,3.472,-1.0,2.353,3.5,4901
2016-01-20 10:11:00,82.0,84.29999999999998,83.0,1067376.0,62.9,59.9,60.0,67.16,40799.0,507.0,93036.0,1025029.0,65.96,0.999,3.584,66.05,0.0,276.8,276.3,277.7,0.772,273.0,0.531,273.0,0.842,275.0,0.002,13.99,1.0,3.0,0.0,-2.9610000000000003,70.94,400.5,400.8,0.0,2.688,2.232,2.518,243.9,261.1,0.5999999999999999,0.0,4.252,-0.3029999999999999,0.6759999999999999,-1.105,-0.253,-1.297,0.017,-52.24,0.067,-1.443,274.5,20.95,27.99,27.59,28.31,24.04,24.46,18.93,6482.0,9117.0,9073.0,9252.0,7873.0,7848.0,6357.0,8.33,11.13,10.96,11.25,9.56,9.72,7.522,0.0,397.5,0.0,60.15,0.0,177.1,0.0,5.0,16.0,0.0,0.0,79.51,84.0,78.98999999999998,-6.726,-5.857,0.0,-0.8309999999999998,321.5,19.88,3.0,3.473,-1.0,1.725,2.8,4901
2016-01-20 10:12:00,82.0,84.29999999999998,82.9,1067377.0,62.9,59.9,60.0,67.16,40799.0,507.0,93036.0,1025031.0,65.99,0.999,3.595,66.09,0.0,276.7,276.3,277.8,0.772,273.0,0.531,273.0,0.842,275.0,0.002,13.99,1.0,3.0,0.0,-2.894,71.14,398.2,396.9,0.0,2.687,2.236,2.512,244.8,261.1,0.5999999999999999,0.0,4.331,-0.0609999999999999,0.965,-0.752,0.0529999999999999,-0.959,0.4029999999999999,-73.37999999999998,0.3879999999999999,-1.265,273.5,21.09,28.15,27.83,28.57,24.24,24.53,19.11,6482.0,9117.0,9073.0,9252.0,7873.0,7848.0,6357.0,8.32,11.11,10.98,11.27,9.57,9.68,7.54,0.0,394.6,0.0,60.13,0.0,178.6,0.0,5.0,16.0,0.0,0.0,79.56,84.0,79.04,-6.648,-5.638999999999999,0.0,-0.506,331.1,24.64,3.0,3.472,-1.0,1.51,2.5,4901
2016-01-20 10:13:00,86.7,89.0,87.59999999999998,1067378.0,62.9,59.9,60.0,71.13,40799.0,507.0,93036.0,1025032.0,69.83,0.998,4.279,69.96,0.0,277.3,276.2,277.7,0.772,273.0,0.531,273.0,0.842,275.0,0.002,13.99,1.0,3.0,0.0,-2.827,74.83,389.7,390.4,0.0,2.853,2.366,2.679,258.9,278.6,0.5999999999999999,0.0,4.381,0.309,1.3030000000000002,-0.563,0.3529999999999999,-0.7199999999999999,0.7059999999999998,-94.1,0.709,-0.944,293.2,22.8,30.48,29.93,30.67,26.11,26.57,20.51,6482.0,9117.0,9073.0,9253.0,7873.0,7848.0,6357.0,8.83,11.8,11.59,11.88,10.11,10.29,7.942999999999999,0.0,387.4,0.0,60.16,0.0,192.0,0.0,5.0,16.0,0.0,0.0,84.2,88.9,83.7,-6.544,-5.377999999999999,0.0,-0.221,292.3,19.79,3.0,3.473,-1.0,1.778,3.3,4901
2016-01-20 10:14:00,87.5,89.79999999999998,88.29999999999998,1067379.0,62.9,59.9,60.0,71.76,40799.0,507.0,93036.0,1025033.0,70.44,0.998,4.392,70.57,0.0,276.9,276.3,277.9,0.772,273.0,0.531,273.0,0.842,275.0,0.002,13.99,1.0,3.0,0.0,-2.76,75.62999999999998,393.6,393.7,0.0,2.8710000000000004,2.379,2.694,260.5,280.2,0.5999999999999999,0.0,4.445,0.5969999999999999,1.51,-0.495,0.452,-0.6729999999999999,0.8029999999999999,-94.1,0.7379999999999999,-0.8659999999999999,294.8,22.85,30.45,29.94,30.75,26.14,26.58,20.49,6483.0,9117.0,9074.0,9253.0,7874.0,7848.0,6357.0,8.929999999999998,11.9,11.7,12.02,10.21,10.39,8.01,0.0,390.9,0.0,60.21,0.0,192.2,0.0,5.0,16.0,0.0,0.0,85.0,89.7,84.4,-6.529,-5.41,0.0,0.0299999999999999,322.1,19.14,3.0,3.473,-1.0,2.27,3.3,4901
2016-01-20 10:15:00,96.6,99.0,97.4,1067381.0,62.9,59.9,60.0,79.45,40799.0,507.0,93036.0,1025034.0,77.90999999999998,0.997,5.763999999999999,78.12999999999998,0.0,277.1,276.2,277.9,0.772,273.0,0.531,273.0,0.842,275.0,0.002,13.99,1.0,3.0,0.0,-2.688,83.5,386.4,386.2,0.0,3.205,2.636,3.037,287.5,315.1,0.6009999999999999,0.0,4.524,0.897,1.767,-0.449,0.562,-0.5909999999999999,0.999,-93.7,0.819,-0.834,333.7,25.98,34.28,33.62,34.63,29.45,30.05,22.91,6483.0,9118.0,9074.0,9253.0,7874.0,7848.0,6358.0,9.96,13.14,12.89,13.27,11.29,11.52,8.779999999999998,0.0,383.3,0.0,60.22,0.0,216.0,0.0,5.0,16.0,0.0,0.0,94.0,99.1,93.5,-6.66,-5.274,0.0,0.2989999999999999,295.6,16.1,3.0,3.473,-1.0,2.505,3.7,4901
2016-01-20 10:16:00,97.3,99.6,98.0,1067382.0,62.9,59.9,60.0,79.90999999999998,40799.0,507.0,93036.0,1025036.0,78.33,0.997,5.864,78.54,0.0,276.7,275.8,277.7,0.772,272.9,0.531,272.1,0.842,274.1,0.002,13.99,1.0,3.0,0.0,-2.5980000000000003,84.0,395.9,395.9,0.0,3.196,2.627,3.026,286.3,313.9,0.6009999999999999,0.0,4.524,1.236,2.152,-0.192,0.901,-0.321,1.366,-67.3,1.14,-0.574,332.4,25.41,33.55,32.88,33.97,28.83,29.54,22.43,6483.0,9118.0,9074.0,9253.0,7874.0,7849.0,6358.0,10.0,13.2,12.94,13.37,11.35,11.62,8.83,0.0,393.6,0.0,60.21,0.0,212.2,0.0,5.0,16.0,0.0,0.0,94.7,99.7,94.2,-6.746,-5.33,0.0,0.6409999999999999,302.6,11.1,3.0,3.473,-1.0,1.887,2.6,4901
2016-01-20 10:17:00,99.2,101.5,100.0,1067383.0,62.9,59.9,60.0,81.5,40799.0,507.0,93036.0,1025037.0,79.79999999999998,0.997,6.127000000000001,80.0,0.0,276.8,275.6,277.4,0.772,272.7,0.531,272.0,0.842,274.0,0.002,13.99,1.0,3.0,0.0,-2.517,85.59999999999998,396.1,396.8,0.0,3.265,2.679,3.097,291.5,320.9,0.6009999999999999,0.0,4.573,1.524,2.469,0.163,1.289,-0.0149999999999999,1.72,-71.7,1.561,-0.317,340.1,25.88,34.13,33.46,34.58,29.31,30.09,22.81,6483.0,9118.0,9074.0,9253.0,7874.0,7849.0,6358.0,10.2,13.45,13.18,13.62,11.55,11.85,8.99,0.0,394.1,0.0,60.14,0.0,216.1,0.0,5.0,16.0,0.0,0.0,96.6,101.6,96.0,-6.604,-5.432,0.0,0.941,292.8,9.94,3.0,3.473,-1.0,2.027,3.1,4901
2016-01-20 10:18:00,101.5,103.8,102.3,1067385.0,62.9,59.9,60.0,83.4,40799.0,507.0,93036.0,1025038.0,81.59999999999998,0.997,6.46,81.9,0.0,276.8,275.7,277.5,0.772,273.0,0.531,272.0,0.842,274.0,0.002,13.99,1.0,3.0,0.0,-2.434,88.0,395.7,395.0,0.0,3.35,2.742,3.185,297.6,329.3,0.6029999999999999,0.0,4.537,1.766,2.76,0.402,1.539,0.2099999999999999,2.023,-19.76,1.864,-0.018,349.9,26.65,34.91,34.29,35.49,30.19,30.86,23.36,6483.0,9118.0,9075.0,9254.0,7874.0,7849.0,6358.0,10.45,13.69,13.45,13.92,11.84,12.11,9.16,0.0,392.4,0.0,60.14,0.0,222.4,0.0,5.0,16.0,0.0,0.0,98.8,103.9,98.3,-6.539,-5.285,0.0,1.269,295.5,14.65,3.0,3.473,-1.0,2.493,3.8,4901
2016-01-20 10:19:00,92.0,94.2,92.8,1067386.0,62.9,59.9,60.0,75.37999999999998,40799.0,507.0,93036.0,1025039.0,73.81999999999998,0.998,5.007,73.98999999999998,0.0,276.5,275.9,277.6,0.772,273.0,0.531,272.1,0.842,274.0,0.002,13.99,1.0,3.0,0.0,-2.345,80.2,405.6,405.8,0.0,3.059,2.515,2.888,273.5,298.5,0.6009999999999999,0.0,4.618,2.119,3.131,0.63,1.781,0.452,2.251,-66.85,2.152,0.1459999999999999,315.5,23.38,30.76,30.25,31.48,26.64,27.12,20.74,6483.0,9118.0,9075.0,9254.0,7875.0,7849.0,6358.0,9.41,12.38,12.17,12.67,10.72,10.91,8.349999999999998,0.0,402.5,0.0,60.15,0.0,197.8,0.0,5.0,16.0,0.0,0.0,89.29999999999998,94.0,88.7,-6.328,-5.149,0.0,1.588,319.5,25.22,3.0,3.473,-1.0,1.16,2.0,4901
2016-01-20 10:20:00,89.9,92.3,90.8,1067387.0,62.9,59.9,60.0,73.75,40799.0,507.0,93036.0,1025041.0,72.34999999999998,0.998,4.724,72.5,0.0,276.9,275.4,277.2,0.772,273.0,0.531,272.3,0.842,274.0,0.002,13.99,1.0,3.0,0.0,-2.252,78.15,395.5,396.5,0.0,2.974,2.45,2.801,267.2,290.6,0.5999999999999999,0.0,4.718,2.3080000000000003,3.367,0.8329999999999999,1.942,0.6089999999999999,2.359,-91.8,2.395,0.3529999999999999,306.3,23.44,30.95,30.29,31.44,26.73,27.16,20.71,6484.0,9119.0,9075.0,9254.0,7875.0,7849.0,6358.0,9.23,12.19,11.93,12.39,10.53,10.7,8.16,0.0,393.9,0.0,60.15,0.0,197.6,0.0,5.0,16.0,0.0,0.0,87.4,92.2,86.9,-6.075,-5.047,0.0,1.707,288.2,38.46,3.0,3.47,-1.0,1.573,2.8,4901
2016-01-20 10:21:00,87.0,89.2,87.79999999999998,1067388.0,62.9,59.9,60.0,71.16,40799.0,507.0,93036.0,1025042.0,69.81,0.998,4.261,69.94,0.0,276.5,275.8,277.4,0.772,273.0,0.531,272.7,0.842,274.1,0.002,13.99,1.0,3.0,0.0,-2.157,75.92,399.8,400.0,0.0,2.877,2.369,2.702,258.8,280.1,0.5999999999999999,0.0,4.828,2.276,3.4160000000000004,0.816,1.906,0.574,2.323,-92.4,2.274,0.221,295.0,22.28,29.62,29.13,30.03,25.49,25.99,19.97,6484.0,9119.0,9075.0,9254.0,7875.0,7849.0,6358.0,8.83,11.75,11.55,11.91,10.11,10.3,7.92,0.0,396.6,0.0,60.23,0.0,190.0,0.0,5.0,16.0,0.0,0.0,84.29999999999998,88.9,83.79999999999998,-6.334,-5.113,0.0,1.672,291.7,9.2,3.0,3.47,-1.0,3.132,4.5,4901
2016-01-20 10:22:00,83.9,86.09999999999998,84.79999999999998,1067389.0,62.9,59.9,60.0,68.6,40799.0,507.0,93036.0,1025043.0,67.37,0.998,3.825,67.48,0.0,276.3,275.7,277.3,0.772,273.0,0.531,272.7,0.842,274.0,0.002,13.99,1.0,3.0,0.0,-2.059,73.18,398.3,398.1,0.0,2.767,2.2840000000000003,2.593,250.0,269.0,0.5999999999999999,0.0,4.939,1.92,3.157,0.6729999999999999,1.7280000000000002,0.3029999999999999,2.133,-112.8,2.084,-0.003,283.3,21.54,28.71,28.23,29.1,24.7,25.16,19.36,6484.0,9119.0,9075.0,9255.0,7875.0,7850.0,6359.0,8.519999999999998,11.35,11.16,11.51,9.77,9.95,7.655,0.0,395.5,0.0,60.2,0.0,183.8,0.0,5.0,16.0,0.0,0.0,81.4,85.9,80.79999999999998,-6.656000000000001,-5.554,0.0,1.254,314.5,17.61,3.0,3.473,-1.0,2.28,2.9,4901
2016-01-20 10:23:00,83.0,85.29999999999998,83.9,1067391.0,62.9,59.9,60.0,67.76,40799.0,507.0,93037.0,1025044.0,66.61,0.998,3.709,66.71,0.0,275.8,275.5,277.1,0.772,272.0,0.531,272.0,0.842,274.0,0.002,13.99,1.0,3.0,0.0,-1.966,72.09,395.6,396.5,0.0,2.734,2.261,2.5610000000000004,247.5,265.6,0.6009999999999999,0.0,5.035,1.763,3.092,0.694,1.827,0.352,2.1830000000000003,-70.82,2.245,-0.111,279.6,21.45,28.48,28.07,28.96,24.62,24.91,19.24,6484.0,9119.0,9075.0,9255.0,7875.0,7850.0,6359.0,8.449999999999998,11.22,11.05,11.41,9.7,9.81,7.578999999999998,0.0,393.9,0.0,60.15,0.0,182.3,0.0,5.0,16.0,0.0,0.0,80.59999999999998,85.0,79.98,-6.568,-5.56,0.0,1.157,325.4,16.29,3.0,3.472,-1.0,1.867,2.6,4901
2016-01-20 10:24:00,83.0,85.2,83.79999999999998,1067392.0,62.9,59.9,60.0,67.71,40799.0,507.0,93037.0,1025045.0,66.55,0.998,3.692,66.65,0.0,275.8,275.4,277.1,0.772,272.0,0.531,272.0,0.842,274.0,0.002,13.99,1.0,3.0,0.0,-1.879,72.45999999999998,397.9,397.1,0.0,2.736,2.265,2.562,247.6,265.5,0.5999999999999999,0.0,5.149,1.845,3.224,0.926,2.119,0.702,2.472,-75.78,2.405,-0.079,279.1,21.31,28.59,28.09,28.78,24.46,24.98,19.3,6484.0,9119.0,9076.0,9255.0,7875.0,7850.0,6359.0,8.39,11.26,11.06,11.33,9.63,9.83,7.598,0.0,393.8,0.0,60.14,0.0,182.1,0.0,5.0,16.0,0.0,0.0,80.5,85.0,79.87,-6.437,-5.307,0.0,1.315,328.2,13.65,3.0,3.473,-1.0,1.838,3.0,4901
2016-01-20 10:25:00,84.59999999999998,86.9,85.4,1067393.0,62.9,59.9,60.0,69.1,40799.0,507.0,93037.0,1025046.0,67.94,0.998,3.928,68.06,0.0,276.0,275.3,277.0,0.772,272.0,0.531,272.0,0.842,274.0,0.002,13.99,1.0,3.0,0.0,-1.794,73.34999999999998,391.9,392.1,0.0,2.794,2.312,2.62,252.8,271.7,0.5999999999999999,0.0,5.214,1.973,3.306,0.88,2.066,0.769,2.472,-92.5,2.405,-0.096,286.1,22.1,29.45,28.95,29.76,25.35,25.7,19.85,6484.0,9120.0,9076.0,9255.0,7876.0,7850.0,6359.0,8.609999999999998,11.47,11.28,11.6,9.87,10.01,7.735,0.0,389.6,0.0,60.21,0.0,187.2,0.0,5.0,16.0,0.0,0.0,82.2,86.79999999999998,81.59999999999998,-6.382000000000001,-5.035,0.0,1.487,324.0,15.19,3.0,3.473,-1.0,2.237,3.2,4901
2016-01-20 10:26:00,88.9,91.1,89.59999999999998,1067394.0,62.9,59.9,60.0,72.65999999999998,40799.0,507.0,93037.0,1025047.0,71.37,0.998,4.547,71.52,0.0,276.2,275.2,276.9,0.772,272.0,0.531,272.0,0.842,274.0,0.002,13.99,1.0,3.0,0.0,-1.713,77.01,391.4,391.6,0.0,2.935,2.422,2.763,264.2,285.9,0.5999999999999999,0.0,5.324,2.165,3.367,0.7659999999999999,1.906,0.787,2.44,-97.4,2.309,-0.271,302.6,23.28,30.9,30.4,31.3,26.64,27.06,20.83,6485.0,9120.0,9076.0,9255.0,7876.0,7850.0,6359.0,9.05,12.02,11.83,12.17,10.36,10.52,8.099999999999998,0.0,389.0,0.0,60.14,0.0,196.8,0.0,5.0,16.0,0.0,0.0,86.4,91.0,85.79999999999998,-6.499,-4.959,0.0,1.5519999999999998,328.3,8.279999999999998,3.0,3.473,-1.0,2.893,3.8,4901
2016-01-20 10:27:00,93.8,96.1,94.6,1067395.0,62.9,59.9,60.0,76.79999999999998,40799.0,507.0,93037.0,1025049.0,75.44,0.998,5.28,75.62,0.0,276.0,275.4,277.0,0.772,272.0,0.531,272.0,0.842,274.0,0.002,13.99,1.0,3.0,0.0,-1.635,81.2,389.7,390.0,0.0,3.105,2.5540000000000003,2.9330000000000003,278.2,303.3,0.6009999999999999,0.0,5.388999999999999,2.291,3.431,0.672,1.891,0.815,2.472,-113.5,2.134,-0.3059999999999999,322.7,24.83,32.84,32.28,33.25,28.26,28.81,22.04,6485.0,9120.0,9076.0,9255.0,7876.0,7851.0,6359.0,9.61,12.71,12.5,12.87,10.94,11.15,8.529999999999998,0.0,387.1,0.0,60.14,0.0,208.5,0.0,5.0,16.0,0.0,0.0,91.4,96.2,90.7,-6.582000000000001,-4.839,0.0,1.6769999999999998,324.5,12.19,3.0,3.473,-1.0,2.85,3.9,4901
2016-01-20 10:28:00,97.6,99.9,98.3,1067397.0,62.9,59.9,60.0,80.0,40799.0,507.0,93037.0,1025050.0,78.45999999999998,0.997,5.834,78.68,0.0,276.1,275.6,277.2,0.772,272.0,0.531,272.0,0.842,274.0,-0.006,13.84,1.0,1.0,0.0,-1.554,84.59999999999998,393.5,393.6,0.0,3.237,2.657,3.065,288.2,315.5,0.6019999999999999,0.001,5.453,2.489,3.673,0.883,2.151,0.947,2.668,-71.08,2.408,-0.2389999999999999,335.7,25.58,33.77,33.14,34.23,29.16,29.72,22.68,6485.0,9120.0,9076.0,9256.0,7876.0,7851.0,6359.0,10.0,13.2,12.95,13.38,11.39,11.61,8.859999999999998,0.0,390.8,0.0,60.14,0.0,214.9,0.0,5.0,16.0,0.0,0.0,95.0,99.9,94.4,-6.516,-4.729,0.0,1.935,304.9,17.4,3.0,3.472,-1.0,2.363,3.2,4901
2016-01-20 10:29:00,94.7,97.0,95.4,1067398.0,62.9,59.9,60.0,77.54,40799.0,507.0,93037.0,1025051.0,75.98999999999998,0.997,5.388999999999999,76.18,0.0,276.0,275.4,277.2,0.772,272.0,0.531,272.0,0.842,274.0,0.01,13.84,1.0,3.0,0.0,-1.475,82.09999999999998,397.7,397.6,0.0,3.134,2.5780000000000003,2.959,279.7,304.5,0.6009999999999999,0.0,5.535,2.579,3.909,1.139,2.404,1.154,2.922,-92.2,2.826,-0.032,323.8,24.43,32.29,31.8,32.8,27.91,28.44,21.81,6485.0,9120.0,9077.0,9256.0,7876.0,7851.0,6360.0,9.65,12.75,12.56,12.95,11.02,11.23,8.609999999999998,0.0,394.9,0.0,60.14,0.0,206.5,0.0,5.0,16.0,0.0,0.0,92.1,96.8,91.4,-6.443,-5.034,0.0,1.901,292.9,32.26,3.0,3.472,-1.0,1.665,2.7,4901
2016-01-20 10:30:00,90.0,92.2,90.7,1067399.0,62.9,59.9,60.0,73.62,40799.0,507.0,93037.0,1025053.0,72.22,0.998,4.694,72.37,0.0,276.1,275.4,277.2,0.772,272.0,0.531,272.0,0.842,274.0,0.002,13.99,1.0,3.0,0.0,-1.393,78.26999999999998,400.7,400.7,0.0,2.987,2.467,2.807,268.1,289.5,0.5999999999999999,0.0,5.599,2.322,3.784,1.25,2.372,1.218,2.972,-40.29,2.854,0.32,306.4,23.03,30.51,30.09,31.02,26.36,26.77,20.67,6485.0,9121.0,9077.0,9256.0,7876.0,7851.0,6360.0,9.16,12.14,11.97,12.34,10.48,10.65,8.22,0.0,397.8,0.0,60.15,0.0,195.4,0.0,5.0,16.0,0.0,0.0,87.4,92.0,86.7,-6.151,-5.317,0.0,1.714,322.4,45.22,3.0,3.472,-1.0,0.943,1.9,4901
2016-01-20 10:31:00,91.8,94.1,92.5,1067400.0,62.9,59.9,60.0,75.17,40799.0,507.0,93037.0,1025054.0,73.84999999999998,0.998,4.995,74.01999999999998,0.0,276.3,275.6,277.2,0.772,272.2,0.531,272.1,0.842,274.0,0.002,13.99,1.0,3.0,0.0,-1.3119999999999998,79.83,391.8,391.6,0.0,3.047,2.517,2.866,274.0,296.2,0.5999999999999999,0.0,5.695,2.144,3.752,1.396,2.518,1.267,3.068,-44.85,2.95,0.644,313.5,24.12,32.04,31.52,32.4,27.56,28.01,21.56,6485.0,9121.0,9077.0,9256.0,7877.0,7851.0,6360.0,9.38,12.45,12.25,12.59,10.71,10.89,8.38,0.0,388.7,0.0,60.15,0.0,203.8,0.0,5.0,16.0,0.0,0.0,89.29999999999998,94.1,88.7,-6.006,-5.292000000000001,0.0,1.58,306.6,26.73,3.0,3.473,-1.0,1.322,2.3,4901
2016-01-20 10:32:00,95.8,98.0,96.5,1067402.0,62.9,59.9,60.0,78.56,40799.0,507.0,93037.0,1025055.0,77.03,0.997,5.564,77.23,0.0,276.6,275.8,277.5,0.772,272.8,0.531,272.6,0.842,274.3,0.002,13.99,1.0,3.0,0.0,-1.231,83.2,392.8,393.0,0.0,3.177,2.619,2.995,284.7,309.2,0.5999999999999999,0.0,5.759,2.264,3.834,1.506,2.6460000000000004,1.346,3.2110000000000003,-23.48,3.145,0.883,327.8,25.13,33.25,32.69,33.68,28.66,29.17,22.35,6485.0,9121.0,9077.0,9257.0,7877.0,7851.0,6360.0,9.8,12.97,12.75,13.14,11.18,11.38,8.72,0.0,390.2,0.0,60.14,0.0,211.9,0.0,5.0,16.0,0.0,0.0,93.2,98.0,92.5,-5.962999999999999,-5.246,0.0,1.804,303.1,18.86,3.0,3.473,-1.0,1.852,3.0,4901
2016-01-20 10:33:00,96.0,98.2,96.7,1067403.0,62.9,59.9,60.0,78.76,40799.0,507.0,93037.0,1025056.0,77.23999999999998,0.997,5.597,77.45,0.0,276.1,276.2,277.8,0.772,273.0,0.531,273.0,0.842,274.4,0.002,13.99,1.0,3.0,0.0,-1.151,83.4,396.1,397.2,0.0,3.1860000000000004,2.624,3.003,285.3,309.7,0.6009999999999999,0.0,5.769,2.66,4.01,1.457,2.679,1.346,3.2430000000000003,-90.8,3.253,0.901,328.6,24.86,32.9,32.48,33.39,28.31,28.92,22.24,6486.0,9121.0,9078.0,9257.0,7877.0,7852.0,6360.0,9.81,12.98,12.81,13.17,11.17,11.41,8.769999999999998,0.0,394.5,0.0,60.15,0.0,210.6,0.0,5.0,16.0,0.0,0.0,93.4,98.2,92.8,-6.184,-4.875,0.0,2.0540000000000003,317.6,18.05,3.0,3.473,-1.0,1.885,3.1,4901
2016-01-20 10:34:00,96.2,98.4,96.8,1067404.0,62.9,59.9,60.0,78.93,40799.0,507.0,93037.0,1025058.0,77.36,0.997,5.613,77.56999999999998,0.0,276.4,276.1,277.8,0.772,273.0,0.531,273.0,0.842,275.0,0.002,13.99,1.0,3.0,0.0,-1.069,83.7,395.7,395.8,0.0,3.1910000000000003,2.63,3.007,286.0,310.2,0.5999999999999999,0.0,5.772,2.774,4.138,1.635,2.8710000000000004,1.46,3.389,-74.79999999999998,3.32,0.932,329.0,25.04,33.14,32.57,33.63,28.56,29.08,22.31,6486.0,9121.0,9078.0,9257.0,7877.0,7852.0,6360.0,9.840000000000002,13.02,12.8,13.22,11.23,11.43,8.769999999999998,0.0,393.1,0.0,60.14,0.0,211.5,0.0,5.0,16.0,0.0,0.0,93.5,98.3,92.9,-6.046,-4.868,0.0,2.207,299.2,12.1,3.0,3.472,-1.0,1.908,2.6,4901
2016-01-20 10:35:00,96.2,98.3,96.9,1067406.0,62.9,59.9,60.0,79.0,40799.0,507.0,93038.0,1025059.0,77.36,0.997,5.618,77.56,0.0,277.2,276.1,277.8,0.772,273.0,0.531,273.0,0.842,275.0,0.002,13.99,1.0,3.0,0.0,-0.969,83.5,394.5,396.6,0.0,3.197,2.634,3.011,286.4,310.4,0.5999999999999999,0.0,5.836,2.952,4.424,1.862,3.128,1.652,3.629,-112.7,3.609,1.086,329.0,24.92,32.95,32.6,33.57,28.48,28.93,22.35,6486.0,9122.0,9078.0,9257.0,7877.0,7852.0,6360.0,9.82,12.98,12.84,13.22,11.22,11.4,8.8,0.0,393.9,0.0,60.14,0.0,211.7,0.0,5.0,16.0,0.0,0.0,93.5,98.2,92.8,-6.179,-4.628,0.0,2.3680000000000003,292.7,24.08,3.0,3.472,-1.0,1.773,3.0,4901
2016-01-20 10:36:00,92.7,94.9,93.5,1067407.0,62.9,59.9,60.0,75.92,40799.0,507.0,93038.0,1025060.0,74.42,0.998,5.099,74.59999999999998,0.0,276.0,275.7,277.3,0.772,272.1,0.531,272.1,0.842,274.1,0.002,13.99,1.0,3.0,0.0,-0.875,81.2,399.9,400.0,0.0,3.083,2.544,2.895,276.9,298.5,0.5999999999999999,0.0,5.882000000000001,3.009,4.535,2.023,3.192,1.731,3.743,-22.7,3.801,0.976,315.8,23.83,31.41,30.99,32.14,27.28,27.54,21.3,6486.0,9122.0,9078.0,9258.0,7878.0,7852.0,6361.0,9.46,12.47,12.3,12.76,10.83,10.93,8.46,0.0,397.0,0.0,60.13,0.0,203.1,0.0,5.0,16.0,0.0,0.0,90.1,94.7,89.5,-6.199,-4.71,0.0,2.354,293.5,16.65,3.0,3.473,-1.0,2.137,3.2,4901
2016-01-20 10:37:00,92.7,94.8,93.4,1067408.0,62.9,59.9,60.0,75.86,40799.0,507.0,93038.0,1025061.0,74.44,0.998,5.092,74.61,0.0,275.9,275.8,277.4,0.772,272.0,0.531,272.0,0.842,274.0,0.002,13.99,1.0,3.0,0.0,-0.79,80.79999999999998,393.7,395.4,0.0,3.074,2.54,2.885,276.9,298.2,0.5999999999999999,0.0,5.996,2.7880000000000003,4.345,2.002,3.028,1.5530000000000002,3.593,2.7960000000000003,3.67,0.897,314.7,24.04,32.14,31.53,32.26,27.46,28.06,21.62,6486.0,9122.0,9078.0,9258.0,7878.0,7852.0,6361.0,9.43,12.61,12.37,12.66,10.77,11.01,8.48,0.0,392.4,0.0,60.15,0.0,205.1,0.0,5.0,16.0,0.0,0.0,90.1,94.8,89.5,-6.182,-5.2410000000000005,0.0,2.156,267.3,18.16,3.0,3.473,-1.0,2.392,3.6,4901
2016-01-20 10:38:00,91.3,93.3,91.9,1067410.0,62.9,59.9,60.0,74.62999999999998,40799.0,507.0,93038.0,1025063.0,73.17,0.998,4.86,73.34,0.0,276.2,275.6,277.2,0.772,272.0,0.531,272.0,0.842,274.0,0.001,13.95,1.0,3.0,0.0,-0.7049999999999998,79.98,398.5,398.8,0.0,3.023,2.499,2.832,272.2,292.2,0.6059999999999999,0.0,6.06,2.628,4.281000000000001,1.923,2.757,1.232,3.324,-18.29,3.524,0.8329999999999999,309.0,23.38,31.16,30.68,31.45,26.77,27.28,21.08,6486.0,9122.0,9079.0,9258.0,7878.0,7853.0,6361.0,9.25,12.33,12.14,12.45,10.59,10.8,8.34,0.0,395.8,0.0,60.13,0.0,200.7,0.0,5.0,16.0,0.0,0.0,88.59999999999998,93.1,87.9,-6.134,-5.474,0.0,1.919,285.0,21.18,3.0,3.473,-1.0,2.167,2.9,4901
2016-01-20 10:39:00,86.0,88.09999999999998,86.79999999999998,1067411.0,62.9,59.9,60.0,70.21,40799.0,507.0,93038.0,1025064.0,68.91,0.998,4.102,69.03,0.0,276.2,275.4,277.0,0.772,272.0,0.531,272.0,0.842,274.0,0.002,13.95,1.0,3.0,0.0,-0.625,75.31999999999998,399.3,400.0,0.0,2.854,2.367,2.662,258.4,275.2,0.5989999999999999,0.0,6.157,2.511,4.182,1.795,2.576,1.118,3.192,-23.34,3.449,0.8649999999999999,289.1,21.87,29.23,28.92,29.6,25.1,25.47,19.9,6487.0,9123.0,9079.0,9258.0,7878.0,7853.0,6361.0,8.679999999999998,11.6,11.48,11.75,9.96,10.11,7.901,0.0,397.0,0.0,60.13,0.0,188.6,0.0,5.0,16.0,0.0,0.0,83.4,87.79999999999998,82.7,-6.153,-5.176,0.0,1.886,270.1,18.89,3.0,3.473,-1.0,1.998,3.5,4901
2016-01-20 10:40:00,81.2,83.2,81.9,1067412.0,62.9,59.9,60.0,66.18,40799.0,507.0,93038.0,1025065.0,65.05,0.999,3.402,65.14,0.0,275.8,275.7,277.3,0.772,272.3,0.531,272.5,0.842,274.0,0.002,13.95,1.0,3.0,0.0,-0.5489999999999999,71.29,401.0,401.7,0.0,2.705,2.249,2.515,246.1,260.2,0.5989999999999999,0.0,6.252999999999999,2.431,4.167,1.581,2.176,0.7009999999999998,2.8710000000000004,-19.0,3.253,0.6409999999999999,271.2,20.56,27.6,27.33,27.96,23.64,23.89,18.85,6487.0,9123.0,9079.0,9258.0,7878.0,7853.0,6361.0,8.179999999999998,10.98,10.88,11.13,9.41,9.51,7.501,0.0,398.1,0.0,60.13,0.0,177.8,0.0,5.0,16.0,0.0,0.0,78.67,82.9,77.98999999999998,-6.311,-4.928,0.0,1.884,282.8,9.88,3.0,3.473,-1.0,2.712,3.6,4901
2016-01-20 10:41:00,86.4,88.59999999999998,87.29999999999998,1067413.0,62.9,59.9,60.0,70.66,40799.0,507.0,93038.0,1025066.0,69.44,0.998,4.183,69.57,0.0,276.0,275.8,277.2,0.772,272.1,0.531,272.3,0.842,274.0,0.002,13.95,1.0,3.0,0.0,-0.476,75.81,391.0,390.9,0.0,2.8680000000000003,2.381,2.68,260.1,277.2,0.5989999999999999,0.0,6.3,2.175,3.972,1.36,1.987,0.495,2.6460000000000004,-23.93,3.0780000000000003,0.6089999999999999,290.7,22.57,30.33,29.81,30.48,25.94,26.32,20.49,6487.0,9123.0,9079.0,9259.0,7878.0,7853.0,6361.0,8.76,11.77,11.57,11.83,10.06,10.21,7.947999999999999,0.0,388.0,0.0,60.14,0.0,193.9,0.0,5.0,16.0,0.0,0.0,84.0,88.5,83.4,-6.328,-5.318,0.0,1.547,267.1,12.52,3.0,3.473,-1.0,2.278,3.4,4901
2016-01-20 10:42:00,87.9,90.2,88.79999999999998,1067414.0,62.9,59.9,60.0,71.99,40799.0,507.0,93038.0,1025067.0,70.7,0.998,4.392,70.84,0.0,276.3,275.7,277.1,0.772,272.9,0.531,272.6,0.842,274.0,0.002,13.95,1.0,3.0,0.0,-0.4089999999999999,77.28,395.2,394.8,0.0,2.917,2.419,2.729,263.4,281.5,0.5999999999999999,0.0,6.367000000000001,2.064,3.797,1.31,1.713,0.125,2.389,1.746,2.897,0.577,296.2,22.74,30.45,29.96,30.7,26.11,26.52,20.6,6487.0,9123.0,9079.0,9259.0,7879.0,7853.0,6361.0,8.91,11.94,11.75,12.04,10.23,10.4,8.07,0.0,392.1,0.0,60.14,0.0,195.5,0.0,5.0,16.0,0.0,0.0,85.5,90.0,84.9,-6.215,-5.545,0.0,1.484,259.7,9.25,3.0,3.473,-1.0,3.182,4.6,4901
2016-01-20 10:43:00,85.79999999999998,88.0,86.7,1067415.0,62.9,59.9,60.0,70.18,40799.0,507.0,93038.0,1025068.0,68.96,0.998,4.066,69.08,0.0,276.5,275.6,277.1,0.772,273.0,0.531,273.0,0.842,274.0,0.002,13.95,1.0,3.0,0.0,-0.3449999999999999,75.19,397.5,397.4,0.0,2.843,2.36,2.656,257.3,274.1,0.5999999999999999,0.0,6.446000000000001,1.922,3.54,1.153,1.4240000000000002,-0.259,2.133,-19.8,2.614,0.498,288.2,22.06,29.54,29.09,29.83,25.31,25.7,20.01,6487.0,9123.0,9079.0,9259.0,7879.0,7853.0,6361.0,8.699999999999998,11.65,11.47,11.77,9.98,10.14,7.891,0.0,394.5,0.0,60.23,0.0,189.2,0.0,5.0,16.0,0.0,0.0,83.29999999999998,87.79999999999998,82.7,-6.266,-5.909,0.0,1.229,263.1,14.19,3.0,3.473,-1.0,1.927,3.4,4901
2016-01-20 10:44:00,89.0,91.2,89.79999999999998,1067417.0,62.9,59.9,60.0,72.84999999999998,40799.0,507.0,93038.0,1025070.0,71.59,0.998,4.533,71.73,0.0,276.2,275.7,277.3,0.772,272.9,0.531,272.8,0.842,274.0,0.002,13.95,1.0,3.0,0.0,-0.288,77.90999999999998,391.9,391.9,0.0,2.9560000000000004,2.4530000000000003,2.769,266.9,285.3,0.5999999999999999,0.0,6.462999999999999,1.904,3.478,1.235,1.378,-0.3059999999999999,2.086,1.46,2.693,0.626,300.4,23.2,31.05,30.51,31.32,26.66,27.01,20.97,6487.0,9123.0,9080.0,9259.0,7879.0,7854.0,6362.0,9.04,12.09,11.88,12.2,10.38,10.52,8.17,0.0,389.4,0.0,60.22,0.0,198.8,0.0,5.0,16.0,0.0,0.0,86.5,91.2,85.9,-6.085,-5.932,0.0,1.219,264.7,17.01,3.0,3.472,-1.0,2.138,4.2,4901
2016-01-20 10:45:00,90.9,93.1,91.7,1067418.0,62.9,59.9,60.0,74.40999999999998,40799.0,507.0,93038.0,1025071.0,73.15,0.998,4.823,73.31,0.0,276.2,275.8,277.3,0.772,272.9,0.531,273.0,0.842,274.0,0.002,13.95,1.0,3.0,0.0,-0.2369999999999999,79.53,394.4,394.4,0.0,3.015,2.5,2.826,272.1,291.1,0.5999999999999999,0.0,6.56,1.94,3.525,1.249,1.491,-0.192,2.15,1.527,2.76,0.495,306.9,23.57,31.59,31.05,31.84,27.0,27.48,21.33,6487.0,9124.0,9080.0,9259.0,7879.0,7854.0,6362.0,9.23,12.37,12.16,12.47,10.57,10.76,8.349999999999998,0.0,391.5,0.0,60.21,0.0,201.7,0.0,5.0,16.0,0.0,0.0,88.4,93.1,87.79999999999998,-6.178,-5.542000000000001,0.0,1.339,275.6,25.56,3.0,3.473,-1.0,2.23,3.1,4901
2016-01-20 10:46:00,93.2,95.4,94.0,1067419.0,62.9,59.9,60.0,76.37,40799.0,507.0,93038.0,1025072.0,75.0,0.998,5.169,75.18,0.0,276.3,275.8,277.3,0.772,272.6,0.531,272.6,0.842,274.0,0.002,13.95,1.0,3.0,0.0,-0.188,81.4,394.9,395.6,0.0,3.093,2.565,2.901,278.8,298.5,0.5999999999999999,0.0,6.591,2.114,3.624,1.395,1.634,0.032,2.264,-24.38,2.903,0.687,315.2,24.09,32.34,31.73,32.49,27.58,28.16,21.8,6488.0,9124.0,9080.0,9259.0,7879.0,7854.0,6362.0,9.47,12.7,12.46,12.76,10.83,11.06,8.57,0.0,392.9,0.0,60.16,0.0,206.1,0.0,5.0,16.0,0.0,0.0,90.7,95.4,90.1,-6.111000000000001,-5.481,0.0,1.456,264.2,18.52,3.0,3.473,-1.0,1.935,2.6,4901
2016-01-20 10:47:00,95.7,98.0,96.5,1067420.0,62.9,59.9,60.0,78.45,40799.0,507.0,93038.0,1025073.0,76.97,0.997,5.539,77.17,0.0,276.2,275.5,277.2,0.772,272.3,0.531,272.3,0.842,274.0,0.002,13.95,1.0,3.0,0.0,-0.14,83.9,394.8,393.5,0.0,3.174,2.631,2.978,286.1,306.7,0.5999999999999999,0.0,6.6370000000000005,2.263,3.767,1.5730000000000002,1.862,0.178,2.439,-19.31,3.131,0.9,324.4,24.93,33.21,32.76,33.64,28.54,28.93,22.48,6488.0,9124.0,9080.0,9260.0,7879.0,7854.0,6362.0,9.74,12.98,12.8,13.15,11.15,11.3,8.779999999999998,0.0,390.8,0.0,60.13,0.0,212.5,0.0,5.0,16.0,0.0,0.0,93.2,97.9,92.5,-5.914,-5.645,0.0,1.664,289.4,24.73,3.0,3.473,-1.0,1.477,2.9,4901
2016-01-20 10:48:00,96.1,98.3,96.8,1067422.0,62.9,59.9,60.0,78.79999999999998,40799.0,507.0,93039.0,1025075.0,77.31,0.997,5.598,77.51,0.0,276.2,275.8,277.5,0.772,272.4,0.531,272.5,0.842,274.0,0.002,13.95,1.0,3.0,0.0,-0.089,84.09999999999998,396.6,397.0,0.0,3.19,2.643,2.991,287.4,307.9,0.5999999999999999,0.0,6.683,2.402,3.909,1.6980000000000002,2.1,0.4479999999999999,2.632,-23.59,3.2880000000000003,0.961,325.7,24.8,33.18,32.57,33.41,28.38,28.94,22.37,6488.0,9124.0,9081.0,9260.0,7880.0,7854.0,6362.0,9.77,13.08,12.84,13.17,11.18,11.4,8.81,0.0,394.1,0.0,60.15,0.0,212.2,0.0,5.0,16.0,0.0,0.0,93.6,98.3,92.9,-5.886,-5.033,0.0,1.729,315.3,16.23,3.0,3.473,-1.0,2.128,2.8,4901
2016-01-20 10:49:00,97.8,100.0,98.5,1067423.0,62.9,59.9,60.0,80.29999999999998,40799.0,507.0,93039.0,1025076.0,78.76,0.997,5.857,78.97,0.0,276.4,275.9,277.5,0.772,272.7,0.531,272.8,0.842,274.2,0.002,13.95,1.0,3.0,0.0,-0.035,85.79999999999998,395.4,394.7,0.0,3.25,2.693,3.05,292.9,314.0,0.5999999999999999,0.0,6.732,2.709,4.251,1.876,2.424,0.9,2.942,-23.56,3.5010000000000003,1.143,332.5,25.4,34.0,33.34,34.23,29.08,29.64,22.9,6488.0,9125.0,9081.0,9260.0,7880.0,7855.0,6362.0,9.95,13.32,13.06,13.41,11.39,11.61,8.97,0.0,391.8,0.0,60.14,0.0,217.1,0.0,5.0,16.0,0.0,0.0,95.3,100.1,94.7,-5.931,-4.697,0.0,2.233,317.1,23.07,3.0,3.473,-1.0,1.093,1.9,4901
2016-01-20 10:50:00,96.2,98.3,96.9,1067424.0,62.9,59.9,60.0,78.69,40799.0,507.0,93039.0,1025077.0,77.09999999999998,0.997,5.585,77.29999999999998,0.0,275.6,275.4,276.9,0.772,272.0,0.531,272.0,0.842,274.0,0.002,13.95,1.0,3.0,0.0,0.021,84.0,397.5,397.2,0.0,3.19,2.645,2.989,287.8,307.7,0.5999999999999999,0.0,6.75,3.029,4.571000000000001,2.182,2.852,1.317,3.324,-65.38,3.865,1.393,325.1,24.63,32.86,32.38,33.25,28.24,28.64,22.31,6488.0,9125.0,9081.0,9260.0,7880.0,7855.0,6363.0,9.74,13.0,12.81,13.15,11.17,11.33,8.82,0.0,395.6,0.0,60.16,0.0,211.3,0.0,5.0,16.0,0.0,0.0,93.5,98.2,92.9,-5.757999999999999,-4.615,0.0,2.427,331.8,24.06,3.0,3.473,-1.0,1.67,2.4,4901
2016-01-20 10:51:00,92.4,94.5,93.1,1067426.0,62.9,59.9,60.0,75.48999999999998,40799.0,507.0,93039.0,1025078.0,74.01,0.998,5.019,74.18,0.0,275.7,275.2,276.8,0.772,272.0,0.531,272.0,0.842,274.0,0.002,13.95,1.0,3.0,0.0,0.0859999999999999,80.79999999999998,398.0,397.8,0.0,3.062,2.544,2.862,277.4,295.1,0.5989999999999999,0.0,6.828,3.414,4.825,2.278,3.062,1.6869999999999998,3.552,-23.01,3.911,1.364,311.5,23.57,31.47,31.09,31.94,27.1,27.38,21.46,6488.0,9125.0,9081.0,9261.0,7880.0,7855.0,6363.0,9.33,12.45,12.3,12.64,10.72,10.84,8.49,0.0,395.7,0.0,60.18,0.0,203.1,0.0,5.0,16.0,0.0,0.0,89.7,94.3,89.09999999999998,-5.8260000000000005,-4.363,0.0,2.783,341.9,10.17,3.0,3.473,-1.0,1.478,2.5,4901
2016-01-20 10:52:00,88.59999999999998,90.7,89.4,1067427.0,62.9,59.9,60.0,72.37999999999998,40799.0,507.0,93039.0,1025080.0,71.01,0.998,4.494,71.15,0.0,276.0,275.3,276.9,0.772,272.0,0.531,272.0,0.842,274.0,0.002,13.96,1.0,3.0,0.0,0.151,77.84,398.1,397.9,0.0,2.938,2.447,2.739,267.5,282.8,0.5989999999999999,0.0,6.846,3.592,5.0,2.421,3.319,1.894,3.691,-22.79,4.138999999999999,1.357,298.0,22.57,30.35,29.92,30.64,26.03,26.35,20.68,6489.0,9125.0,9081.0,9261.0,7880.0,7855.0,6363.0,8.92,12.0,11.83,12.11,10.29,10.41,8.179999999999998,0.0,395.3,0.0,60.22,0.0,195.6,0.0,5.0,16.0,0.0,0.0,86.0,90.6,85.4,-5.936,-4.253,0.0,3.027,330.3,13.37,3.0,3.472,-1.0,1.685,2.8,4901
2016-01-20 10:53:00,88.59999999999998,90.7,89.4,1067428.0,62.9,59.9,60.0,72.37,40799.0,507.0,93039.0,1025081.0,71.08,0.998,4.505,71.22,0.0,275.9,275.3,276.8,0.772,272.0,0.531,272.0,0.842,274.0,0.002,13.95,1.0,3.0,0.0,0.222,78.06,393.6,393.4,0.0,2.934,2.449,2.732,268.1,282.5,0.5989999999999999,0.0,6.91,3.784,5.049,2.532,3.497,2.133,3.836,-18.21,4.252,1.492,297.5,22.82,30.77,30.34,31.0,26.42,26.68,20.99,6489.0,9125.0,9082.0,9261.0,7881.0,7855.0,6363.0,8.91,12.02,11.85,12.11,10.32,10.42,8.199999999999998,0.0,390.6,0.0,60.22,0.0,198.3,0.0,5.0,16.0,0.0,0.0,86.0,90.7,85.5,-5.877999999999999,-4.13,0.0,3.259,351.1,14.62,3.0,3.473,-1.0,1.602,2.3,4901
2016-01-20 10:54:00,88.2,90.4,89.0,1067429.0,62.9,59.9,60.0,72.01,40799.0,507.0,93039.0,1025082.0,70.71,0.998,4.439,70.85,0.0,275.3,275.2,276.8,0.772,272.0,0.531,272.0,0.842,274.0,0.002,13.95,1.0,3.0,0.0,0.2939999999999999,77.90999999999998,394.2,392.8,0.0,2.9130000000000003,2.436,2.708,267.1,280.3,0.5989999999999999,0.0,6.974,4.005,5.271,2.678,3.718,2.357,3.979,-91.2,4.438,1.314,295.3,22.58,30.61,30.2,30.77,26.17,26.52,20.91,6489.0,9126.0,9082.0,9261.0,7881.0,7855.0,6363.0,8.83,11.97,11.81,12.03,10.23,10.37,8.179999999999998,0.0,391.1,0.0,60.16,0.0,197.7,0.0,5.0,16.0,0.0,0.0,85.7,90.3,85.09999999999998,-5.902,-4.02,0.0,3.469,323.2,45.77,3.0,3.473,-1.0,1.395,2.4,4901
2016-01-20 10:55:00,88.29999999999998,90.5,89.09999999999998,1067430.0,62.9,59.9,60.0,72.06999999999998,40799.0,507.0,93039.0,1025083.0,70.79,0.998,4.438,70.93,0.0,275.6,275.0,276.6,0.772,272.0,0.531,272.0,0.842,274.0,0.002,13.95,1.0,3.0,0.0,0.3639999999999999,77.84,393.1,393.5,0.0,2.91,2.438,2.7,267.7,279.9,0.5989999999999999,0.0,7.085,3.831,5.127999999999999,2.77,3.571,2.24,3.912,-43.92,4.324,1.506,294.7,22.64,30.67,30.32,30.86,26.29,26.55,21.02,6489.0,9126.0,9082.0,9261.0,7881.0,7856.0,6363.0,8.84,11.97,11.84,12.05,10.26,10.36,8.21,0.0,390.4,0.0,60.22,0.0,198.0,0.0,5.0,16.0,0.0,0.0,85.79999999999998,90.4,85.2,-5.732,-4.587,0.0,3.233,279.8,36.87,3.0,3.473,-1.0,1.565,2.7,4901
2016-01-20 10:56:00,91.1,93.4,91.9,1067432.0,62.9,59.9,60.0,74.47,40799.0,507.0,93039.0,1025084.0,73.15,0.998,4.856,73.31,0.0,275.7,275.1,276.7,0.772,272.0,0.531,272.0,0.842,274.0,0.002,13.95,1.0,3.0,0.0,0.435,80.29999999999998,390.2,389.9,0.0,3.008,2.517,2.793,276.9,289.9,0.5999999999999999,0.0,7.149,3.912,5.245,2.7060000000000004,3.46,2.015,3.869,-112.7,4.246,1.264,304.6,23.58,32.03,31.56,32.14,27.4,27.67,21.88,6489.0,9126.0,9082.0,9262.0,7881.0,7856.0,6363.0,9.13,12.4,12.22,12.45,10.61,10.71,8.47,0.0,387.2,0.0,60.22,0.0,205.7,0.0,5.0,16.0,0.0,0.0,88.59999999999998,93.3,88.09999999999998,-5.892,-4.717,0.0,3.458,303.9,12.49,3.0,3.473,-1.0,1.773,2.6,4901
2016-01-20 10:57:00,93.6,95.7,94.3,1067433.0,62.9,59.9,60.0,76.42,40799.0,507.0,93039.0,1025086.0,75.04,0.998,5.198,75.20999999999998,0.0,275.3,275.0,276.6,0.772,272.0,0.531,272.0,0.842,273.9,0.002,13.95,1.0,3.0,0.0,0.503,82.29999999999998,393.1,393.5,0.0,3.08,2.5780000000000003,2.861,283.0,296.6,0.5989999999999999,0.0,7.246,3.892,5.285,2.659,3.364,1.872,3.819,-117.3,4.199,1.331,312.3,23.96,32.46,32.06,32.69,27.83,28.13,22.24,6489.0,9126.0,9082.0,9262.0,7881.0,7856.0,6364.0,9.36,12.68,12.52,12.77,10.87,10.99,8.689999999999998,0.0,390.6,0.0,60.22,0.0,209.2,0.0,5.0,16.0,0.0,0.0,91.0,95.8,90.4,-5.968,-4.758,0.0,3.209,264.8,25.96,3.0,3.473,-1.0,1.513,2.6,4901
2016-01-20 10:58:00,95.1,97.2,95.8,1067434.0,62.9,59.9,60.0,77.65,40799.0,507.0,93039.0,1025087.0,76.28,0.997,5.429,76.47,0.0,275.3,274.8,276.5,0.772,271.9,0.531,272.0,0.842,273.7,0.002,13.95,1.0,3.0,0.0,0.569,83.5,391.7,392.0,0.0,3.136,2.624,2.914,288.1,302.2,0.5989999999999999,0.0,7.309999999999999,3.746,5.189,2.709,3.218,1.758,3.783,-90.8,4.231,1.57,317.3,24.49,33.16,32.69,33.39,28.43,28.68,22.67,6489.0,9126.0,9083.0,9262.0,7881.0,7856.0,6364.0,9.53,12.9,12.71,12.99,11.06,11.15,8.82,0.0,389.0,0.0,60.22,0.0,213.1,0.0,5.0,16.0,0.0,0.0,92.6,97.4,91.9,-5.907,-5.011,0.0,3.07,256.3,11.02,3.0,3.472,-1.0,2.205,3.2,4901
2016-01-20 10:59:00,97.2,99.4,97.8,1067436.0,62.9,59.9,60.0,79.37,40799.0,507.0,93039.0,1025088.0,77.9,0.997,5.723,78.11,0.0,275.2,274.6,276.4,0.772,271.2,0.531,271.5,0.842,273.2,0.002,13.95,1.0,3.0,0.0,0.652,85.09999999999998,394.0,395.2,0.0,3.204,2.679,2.978,293.8,308.6,0.5999999999999999,0.0,7.342,3.528,5.049,2.627,2.93,1.345,3.512,-138.4,4.0680000000000005,1.62,324.1,24.82,33.5,33.26,33.87,28.79,29.01,23.07,6490.0,9127.0,9083.0,9262.0,7882.0,7856.0,6364.0,9.72,13.12,13.02,13.26,11.27,11.36,9.03,0.0,391.6,0.0,60.13,0.0,216.0,0.0,5.0,16.0,0.0,0.0,94.7,99.4,94.0,-5.867000000000001,-5.473,0.0,2.884,266.6,34.89,3.0,3.473,-1.0,1.657,2.5,4901
2016-01-20 11:00:00,97.7,99.8,98.3,1067437.0,62.9,59.9,60.0,79.79,40799.0,507.0,93040.0,1025089.0,78.29,0.997,5.781000000000001,78.5,0.0,275.0,274.9,276.5,0.772,271.8,0.531,272.0,0.842,273.4,0.002,13.95,1.0,3.0,0.0,0.7129999999999999,85.59999999999998,392.4,392.0,0.0,3.222,2.696,2.9930000000000003,295.8,310.3,0.5999999999999999,0.0,7.437999999999999,3.638,5.21,2.79,2.93,1.345,3.626,-116.6,4.185,1.879,325.8,25.18,33.97,33.64,34.33,29.22,29.39,23.31,6490.0,9127.0,9083.0,9263.0,7882.0,7856.0,6364.0,9.79,13.21,13.08,13.35,11.36,11.43,9.06,0.0,389.0,0.0,60.12,0.0,218.3,0.0,5.0,16.0,0.0,0.0,95.1,99.9,94.4,-5.817,-5.239,0.0,3.087,254.7,19.07,3.0,3.474,-1.0,1.027,1.9,4901
2016-01-20 11:01:00,101.3,103.5,102.0,1067438.0,62.9,59.9,60.0,82.9,40799.0,507.0,93040.0,1025091.0,81.29999999999998,0.997,6.337999999999999,81.59999999999998,0.0,275.2,274.9,276.6,0.772,271.9,0.531,271.9,0.842,273.7,0.002,13.95,1.0,3.0,0.0,0.772,88.9,390.4,390.2,0.0,3.353,2.804,3.119,307.3,323.1,0.6009999999999999,0.0,7.502,3.88,5.466,2.997,3.222,1.555,3.836,-137.5,4.541,2.214,339.1,26.2,35.57,35.0,35.66,30.41,30.77,24.27,6490.0,9127.0,9083.0,9263.0,7882.0,7857.0,6364.0,10.15,13.78,13.56,13.82,11.78,11.92,9.4,0.0,387.4,0.0,60.15,0.0,227.6,0.0,5.0,16.0,0.0,0.0,98.8,103.7,98.2,-5.579,-4.941,0.0,3.375,271.7,26.39,3.0,3.472,-1.0,1.208,2.2,4901
2016-01-20 11:02:00,101.3,103.5,102.0,1067440.0,62.9,59.9,60.0,82.9,40799.0,507.0,93040.0,1025092.0,81.29999999999998,0.997,6.324,81.59999999999998,0.0,275.6,274.6,276.3,0.772,271.9,0.531,271.8,0.842,273.5,0.002,13.95,1.0,3.0,0.0,0.834,89.09999999999998,395.6,394.6,0.0,3.353,2.804,3.116,307.0,322.5,0.5999999999999999,0.0,7.519999999999999,3.795,5.449,3.189,3.382,1.811,4.044,-61.99,4.73,2.389,338.7,25.95,34.94,34.7,35.37,30.05,30.27,24.03,6490.0,9127.0,9084.0,9263.0,7882.0,7857.0,6364.0,10.16,13.68,13.59,13.85,11.77,11.85,9.41,0.0,391.7,0.0,60.14,0.0,225.1,0.0,5.0,16.0,0.0,0.0,98.8,103.7,98.2,-5.3420000000000005,-4.767,0.0,3.1,307.6,29.93,3.0,3.472,-1.0,1.175,2.0,4901
2016-01-20 11:03:00,102.8,105.1,103.5,1067441.0,62.9,59.9,60.0,84.2,40799.0,507.0,93040.0,1025094.0,82.59999999999998,0.997,6.568,82.9,0.0,275.5,274.6,276.4,0.772,272.0,0.531,271.6,0.842,273.1,0.002,13.95,1.0,3.0,0.0,0.894,90.0,390.6,390.8,0.0,3.406,2.846,3.168,311.6,327.7,0.5999999999999999,0.0,7.599,3.831,5.545,3.254,3.624,2.053,4.207,-115.9,4.812,2.596,345.6,26.64,35.85,35.37,36.28,30.88,31.11,24.46,6490.0,9128.0,9084.0,9263.0,7882.0,7857.0,6364.0,10.34,13.92,13.73,14.08,11.99,12.07,9.49,0.0,388.2,0.0,60.14,0.0,230.6,0.0,5.0,16.0,0.0,0.0,100.4,105.4,99.8,-5.422999999999999,-4.428,0.0,3.236,284.6,14.73,3.0,3.472,-1.0,1.788,2.3,4901
2016-01-20 11:04:00,105.0,107.2,105.6,1067442.0,62.9,59.9,60.0,86.0,40799.0,507.0,93040.0,1025095.0,84.29999999999998,0.997,6.872999999999999,84.59999999999998,0.0,275.1,275.0,276.7,0.772,272.0,0.531,271.8,0.842,273.7,0.002,13.95,1.0,3.0,0.0,0.96,92.1,394.7,395.4,0.0,3.484,2.909,3.244,318.1,335.0,0.5999999999999999,0.0,7.644,4.137,5.865,3.446,3.88,2.292,4.479,-65.0,5.083,2.695,353.0,26.94,36.44,35.9,36.65,31.08,31.58,24.82,6490.0,9128.0,9084.0,9263.0,7883.0,7857.0,6365.0,10.55,14.28,14.06,14.35,12.17,12.37,9.72,0.0,391.8,0.0,60.14,0.0,233.4,0.0,5.0,16.0,0.0,0.0,102.5,107.4,101.8,-5.578,-4.1080000000000005,0.0,3.63,293.0,68.57,3.0,3.473,-1.0,0.968,2.6,4901
2016-01-20 11:05:00,105.0,107.3,105.7,1067444.0,62.9,59.9,60.0,86.0,40799.0,507.0,93040.0,1025096.0,84.29999999999998,0.997,6.88,84.59999999999998,0.0,275.1,274.9,276.6,0.772,271.9,0.531,271.7,0.842,273.5,0.002,13.95,1.0,3.0,0.0,1.024,92.1,394.5,394.7,0.0,3.486,2.9130000000000003,3.247,318.2,335.0,0.5989999999999999,0.0,7.662,4.215,6.011,3.51,3.959,2.435,4.607,-111.1,5.193,2.998,353.2,26.96,36.46,35.93,36.62,31.09,31.6,24.83,6491.0,9128.0,9084.0,9264.0,7883.0,7857.0,6365.0,10.55,14.27,14.07,14.34,12.17,12.37,9.72,0.0,391.5,0.0,60.15,0.0,233.4,0.0,5.0,16.0,0.0,0.0,102.5,107.5,101.8,-5.473,-4.195,0.0,3.659,280.3,20.41,3.0,3.473,-1.0,1.278,2.2,4901
2016-01-20 11:06:00,107.4,109.6,108.0,1067445.0,62.9,59.9,60.0,88.2,40799.0,507.0,93040.0,1025098.0,86.5,0.997,7.245,86.79999999999998,0.0,276.2,275.6,277.5,0.772,272.7,0.531,272.3,0.842,274.4,0.002,13.95,1.0,3.0,0.0,1.093,94.2,389.9,389.9,0.0,3.579,2.988,3.339,326.1,344.0,0.5999999999999999,0.0,7.726,4.211,6.074,3.621,4.005,2.545,4.703,-74.01,5.192,2.9810000000000003,363.2,27.93,37.66,37.22,37.94,32.3,32.66,25.71,6491.0,9128.0,9084.0,9264.0,7883.0,7858.0,6365.0,10.82,14.59,14.42,14.7,12.51,12.65,9.96,0.0,387.5,0.0,60.15,0.0,241.7,0.0,5.0,16.0,0.0,0.0,104.8,109.9,104.1,-5.549,-4.589,0.0,3.5980000000000003,276.9,28.35,3.0,3.472,-1.0,1.875,3.1,4901
2016-01-20 11:07:00,108.0,110.1,108.6,1067447.0,62.9,59.9,60.0,88.79999999999998,40799.0,507.0,93040.0,1025099.0,87.0,0.996,7.337999999999998,87.29999999999998,0.0,276.6,275.8,277.6,0.772,272.9,0.531,273.0,0.842,274.8,0.002,13.95,1.0,3.0,0.0,1.165,95.0,393.1,393.1,0.0,3.6,3.004,3.359,328.0,346.0,0.5999999999999999,0.0,7.84,4.231,6.203,3.67,3.991,2.595,4.735,-90.0,5.178,2.898,366.0,27.99,37.74,37.26,37.97,32.23,32.73,25.69,6491.0,9129.0,9085.0,9264.0,7883.0,7858.0,6365.0,10.91,14.71,14.53,14.8,12.57,12.76,10.02,0.0,389.9,0.0,60.2,0.0,241.8,0.0,5.0,16.0,0.0,0.0,105.4,110.5,104.7,-5.801,-4.641,0.0,3.748,264.2,14.1,3.0,3.472,-1.0,1.67,2.4,4901
2016-01-20 11:08:00,107.6,109.8,108.2,1067448.0,62.9,59.9,60.0,88.4,40799.0,507.0,93040.0,1025101.0,86.59999999999998,0.996,7.269999999999999,86.9,0.0,276.4,275.7,277.4,0.772,272.7,0.531,272.2,0.842,274.1,0.002,13.95,1.0,3.0,0.0,1.236,95.0,394.2,393.3,0.0,3.59,2.998,3.3480000000000003,326.8,344.3,0.5999999999999999,0.0,7.817999999999999,4.474,6.442,3.863,4.183,2.7230000000000003,4.946000000000001,-60.18,5.53,3.076,364.3,27.71,37.51,37.08,37.72,32.0,32.56,25.64,6491.0,9129.0,9085.0,9264.0,7883.0,7858.0,6365.0,10.81,14.64,14.47,14.72,12.49,12.71,10.01,0.0,390.3,0.0,60.14,0.0,240.9,0.0,5.0,16.0,0.0,0.0,104.9,110.0,104.3,-5.537000000000001,-4.596,0.0,4.041,296.0,30.28,3.0,3.473,-1.0,1.582,2.7,4901
2016-01-20 11:09:00,106.1,108.3,106.8,1067450.0,62.9,59.9,60.0,87.2,40799.0,507.0,93041.0,1025102.0,85.4,0.997,7.045,85.7,0.0,276.6,275.7,277.4,0.772,273.0,0.531,272.9,0.842,274.0,0.002,13.95,1.0,3.0,0.0,1.315,93.0,391.8,393.5,0.0,3.5460000000000003,2.963,3.303,323.4,339.9,0.5999999999999999,0.0,7.902999999999999,4.837,6.696000000000001,4.134,4.426,2.9360000000000004,5.267,-116.5,5.8020000000000005,2.947,358.7,27.4,36.93,36.4,37.27,31.71,31.96,25.19,6491.0,9129.0,9085.0,9265.0,7884.0,7858.0,6365.0,10.71,14.43,14.22,14.56,12.39,12.49,9.840000000000002,0.0,390.8,0.0,60.14,0.0,237.5,0.0,5.0,16.0,0.0,0.0,103.4,108.4,102.8,-5.568,-4.397,0.0,4.4,301.1,23.33,3.0,3.473,-1.0,1.493,2.6,4901
2016-01-20 11:10:00,106.4,108.5,107.0,1067451.0,62.9,59.9,60.0,87.4,40799.0,507.0,93041.0,1025104.0,85.7,0.997,7.093,86.0,0.0,276.6,275.8,277.4,0.772,272.9,0.531,272.9,0.842,274.1,0.002,13.95,1.0,3.0,0.0,1.396,93.4,389.7,390.8,0.0,3.555,2.9730000000000003,3.31,324.6,340.6,0.5999999999999999,0.0,7.934999999999999,4.869,6.648,4.23,4.597,3.076,5.328,-42.86,5.83,3.029,360.0,27.59,37.28,36.71,37.55,31.99,32.25,25.4,6492.0,9129.0,9085.0,9265.0,7884.0,7859.0,6366.0,10.72,14.48,14.26,14.59,12.43,12.53,9.87,0.0,388.5,0.0,60.15,0.0,239.7,0.0,5.0,16.0,0.0,0.0,103.7,108.8,103.1,-5.494,-4.584,0.0,4.151,314.4,17.56,3.0,3.472,-1.0,1.383,2.4,4901
2016-01-20 11:11:00,105.7,107.8,106.3,1067453.0,62.9,59.9,60.0,86.79999999999998,40799.0,507.0,93041.0,1025105.0,85.0,0.997,6.97,85.29999999999998,0.0,276.3,275.8,277.6,0.772,273.0,0.531,272.9,0.842,274.1,0.002,13.95,1.0,3.0,0.0,1.475,93.0,393.2,394.4,0.0,3.529,2.954,3.282,322.6,337.7,0.5999999999999999,0.0,7.981,4.902,6.73,4.312,4.648,3.104,5.489,-85.0,5.819,3.125,357.0,27.22,36.7,36.19,37.08,31.53,31.72,25.05,6492.0,9129.0,9086.0,9265.0,7884.0,7859.0,6366.0,10.66,14.38,14.18,14.52,12.35,12.43,9.81,0.0,391.7,0.0,60.13,0.0,236.6,0.0,5.0,16.0,0.0,0.0,102.9,107.9,102.4,-5.404,-4.4830000000000005,0.0,4.14,308.1,36.3,3.0,3.473,-1.0,1.018,1.8,4901
2016-01-20 11:12:00,105.5,107.8,106.2,1067454.0,62.9,59.9,60.0,86.7,40799.0,507.0,93041.0,1025106.0,85.0,0.997,6.962999999999999,85.29999999999998,0.0,276.4,275.7,277.5,0.772,273.0,0.531,272.4,0.842,274.0,0.002,13.95,1.0,3.0,0.0,1.556,93.4,391.6,391.8,0.0,3.524,2.9530000000000003,3.275,322.8,337.3,0.5939999999999999,0.0,8.06,4.788,6.68,4.226,4.743,3.157,5.391,-90.0,5.8660000000000005,3.303,356.8,27.27,36.97,36.58,37.22,31.58,31.95,25.3,6492.0,9130.0,9086.0,9265.0,7884.0,7859.0,6366.0,10.61,14.38,14.23,14.48,12.29,12.43,9.840000000000002,0.0,389.0,0.0,60.18,0.0,238.6,0.0,5.0,16.0,0.0,0.0,102.9,108.0,102.4,-5.3660000000000005,-4.267,0.0,4.024,309.0,8.9,3.0,3.473,-1.0,1.547,2.2,4901
2016-01-20 11:13:00,105.1,107.3,105.8,1067456.0,62.9,59.9,60.0,86.4,40799.0,507.0,93041.0,1025108.0,84.59999999999998,0.997,6.886,84.9,0.0,276.2,275.9,277.6,0.772,273.0,0.531,272.9,0.842,274.0,0.002,13.95,1.0,3.0,0.0,1.636,92.9,390.9,390.8,0.0,3.509,2.943,3.257,321.8,335.5,0.5999999999999999,0.0,8.14,4.709,6.662000000000001,4.346,4.824,3.289,5.441,-115.7,6.0760000000000005,3.46,353.9,27.08,36.73,36.48,36.99,31.46,31.72,25.3,6492.0,9130.0,9086.0,9266.0,7884.0,7859.0,6366.0,10.54,14.29,14.2,14.39,12.24,12.34,9.85,0.0,389.2,0.0,60.13,0.0,237.7,0.0,5.0,16.0,0.0,0.0,102.5,107.4,101.9,-5.505,-4.291,0.0,3.925,314.4,25.61,3.0,3.472,-1.0,1.318,2.4,4901
2016-01-20 11:14:00,103.8,106.0,104.5,1067457.0,62.9,59.9,60.0,85.29999999999998,40799.0,507.0,93041.0,1025109.0,83.59999999999998,0.997,6.684,83.9,0.0,276.2,275.8,277.5,0.772,272.9,0.531,272.7,0.842,274.2,0.002,13.95,1.0,3.0,0.0,1.712,91.9,393.7,394.3,0.0,3.46,2.906,3.207,318.3,330.8,0.5979999999999999,0.0,8.17,4.659,6.697,4.424,5.013999999999999,3.332,5.516,-89.5,6.3,3.411,349.1,26.66,36.2,35.77,36.36,30.86,31.22,24.77,6492.0,9130.0,9086.0,9266.0,7885.0,7859.0,6366.0,10.43,14.16,14.0,14.23,12.07,12.21,9.69,0.0,391.3,0.0,60.14,0.0,233.4,0.0,5.0,16.0,0.0,0.0,101.2,106.1,100.6,-5.526,-4.333,0.0,3.851,259.8,49.58,3.0,3.472,-1.0,1.122,2.4,4901
2016-01-20 11:15:00,104.8,107.0,105.4,1067458.0,62.9,59.9,60.0,86.09999999999998,40799.0,507.0,93041.0,1025111.0,84.5,0.997,6.841,84.7,0.0,276.5,275.7,277.5,0.772,273.0,0.531,272.7,0.842,274.6,0.002,13.95,1.0,3.0,0.0,1.784,92.8,392.1,392.0,0.0,3.494,2.937,3.236,321.7,334.0,0.5999999999999999,0.0,8.24,4.562,6.605,4.468,4.824,3.2060000000000004,5.537000000000001,-89.59999999999998,6.183,3.492,351.9,26.94,36.7,36.35,36.88,31.3,31.64,25.2,6492.0,9130.0,9087.0,9266.0,7885.0,7860.0,6366.0,10.49,14.29,14.15,14.36,12.19,12.32,9.81,0.0,389.4,0.0,60.15,0.0,236.6,0.0,5.0,16.0,0.0,0.0,102.2,107.2,101.6,-5.307,-4.402,0.0,3.892,300.4,24.23,3.0,3.474,-1.0,1.252,2.1,4901
2016-01-20 11:16:00,105.6,107.8,106.3,1067460.0,62.9,59.9,60.0,86.79999999999998,40799.0,507.0,93041.0,1025112.0,85.2,0.997,6.9670000000000005,85.5,0.0,276.3,276.0,277.7,0.772,273.0,0.531,273.0,0.842,274.9,0.002,13.95,1.0,3.0,0.0,1.854,93.3,390.6,391.4,0.0,3.523,2.962,3.26,324.7,336.6,0.5999999999999999,0.0,8.269999999999998,4.658,6.712000000000001,4.422,4.817,3.185,5.566,-84.9,6.105,3.428,354.6,27.23,37.12,36.76,37.24,31.68,31.98,25.5,6493.0,9131.0,9087.0,9266.0,7885.0,7860.0,6367.0,10.59,14.43,14.29,14.48,12.32,12.43,9.91,0.0,388.8,0.0,60.15,0.0,238.9,0.0,5.0,16.0,0.0,0.0,103.1,108.1,102.5,-5.352,-4.149,0.0,4.008,292.1,12.7,3.0,3.473,-1.0,1.88,3.6,4901
2016-01-20 11:17:00,109.0,111.2,109.7,1067461.0,62.9,59.9,60.0,89.7,40799.0,507.0,93042.0,1025113.0,87.9,0.996,7.463999999999999,88.29999999999998,0.0,276.7,275.9,277.7,0.772,273.0,0.531,273.0,0.842,275.0,0.002,13.95,1.0,3.0,0.0,1.919,96.2,390.8,391.1,0.0,3.633,3.052,3.365,334.8,347.5,0.5999999999999999,0.0,8.3,4.579,6.619,4.336,4.663,3.092,5.455,-84.59999999999998,6.026,3.254,365.9,28.1,38.25,37.95,38.59,32.73,32.97,26.33,6493.0,9131.0,9087.0,9267.0,7885.0,7860.0,6367.0,10.91,14.86,14.74,14.99,12.71,12.8,10.23,0.0,388.4,0.0,60.13,0.0,246.2,0.0,5.0,16.0,0.0,0.0,106.4,111.5,105.8,-5.615,-4.394,0.0,3.917,288.3,6.641,3.0,3.473,-1.0,2.157,3.6,4901
2016-01-20 11:18:00,109.5,111.7,110.2,1067463.0,62.9,59.9,60.0,90.2,40799.0,507.0,93042.0,1025115.0,88.4,0.996,7.537,88.7,0.0,276.8,276.0,277.7,0.772,273.0,0.531,273.0,0.842,275.0,0.002,13.95,1.0,3.0,0.0,1.984,96.9,394.1,394.0,0.0,3.658,3.074,3.386,336.9,349.5,0.6009999999999999,0.0,8.37,4.789,6.811,4.531000000000001,4.841,3.252,5.648,-63.4,6.318,3.318,367.5,28.05,38.18,37.72,38.42,32.68,32.92,26.2,6493.0,9131.0,9087.0,9267.0,7885.0,7860.0,6367.0,10.98,14.94,14.76,15.03,12.79,12.88,10.25,0.0,391.3,0.0,60.14,0.0,245.9,0.0,5.0,16.0,0.0,0.0,106.9,112.0,106.4,-5.757000000000001,-4.429,0.0,4.087,264.5,24.74,3.0,3.473,-1.0,1.725,2.6,4901
2016-01-20 11:19:00,107.7,110.0,108.4,1067464.0,62.9,59.9,60.0,88.7,40799.0,507.0,93042.0,1025116.0,86.9,0.997,7.257,87.2,0.0,277.0,275.8,277.7,0.772,273.0,0.531,273.0,0.842,275.0,0.001,13.91,1.0,3.0,0.0,2.048,95.3,394.1,394.6,0.0,3.602,3.03,3.329,332.0,343.6,0.5999999999999999,0.0,8.359999999999998,4.789,6.763999999999999,4.613,4.873,3.2030000000000003,5.68,-37.96,6.396,3.656,361.0,27.43,37.65,37.12,37.58,31.96,32.44,25.8,6493.0,9131.0,9087.0,9267.0,7886.0,7860.0,6367.0,10.75,14.76,14.55,14.73,12.53,12.72,10.12,0.0,392.1,0.0,60.14,0.0,241.7,0.0,5.0,16.0,0.0,0.0,105.1,110.2,104.5,-5.555,-4.629,0.0,4.03,338.6,31.99,3.0,3.473,-1.0,1.168,2.0,4901
2016-01-20 11:20:00,107.9,110.3,108.8,1067466.0,62.9,59.9,60.0,89.0,40799.0,507.0,93042.0,1025118.0,87.29999999999998,0.997,7.322,87.59999999999998,0.0,277.1,276.0,277.8,0.772,273.0,0.531,273.0,0.842,275.0,0.002,13.91,1.0,3.0,0.0,2.112,95.4,390.3,391.3,0.0,3.615,3.045,3.342,333.7,345.2,0.5989999999999999,0.0,8.4,5.092,6.988,4.659,5.062,3.363,5.808,-58.33,6.572,3.795,362.4,27.8,38.09,37.65,38.15,32.45,32.77,26.18,6493.0,9132.0,9088.0,9267.0,7886.0,7861.0,6367.0,10.8,14.79,14.63,14.82,12.6,12.73,10.17,0.0,388.5,0.0,60.21,0.0,244.5,0.0,5.0,16.0,0.0,0.0,105.5,110.6,105.0,-5.39,-4.151,0.0,4.419,274.9,29.48,3.0,3.473,-1.0,1.643,3.3,4901
2016-01-20 11:21:00,109.4,111.6,110.1,1067467.0,62.9,59.9,60.0,90.1,40799.0,507.0,93042.0,1025119.0,88.29999999999998,0.996,7.524,88.59999999999998,0.0,276.8,276.2,277.9,0.772,273.0,0.531,273.0,0.842,275.0,0.002,13.91,1.0,3.0,0.0,2.174,97.0,394.2,392.6,0.0,3.659,3.08,3.384,337.4,349.1,0.5999999999999999,0.0,8.39,5.042,6.919,4.563,4.852,3.217,5.662000000000001,4.784,6.393,3.67,366.2,28.06,38.19,37.78,38.56,32.78,32.86,26.28,6493.0,9132.0,9088.0,9267.0,7886.0,7861.0,6368.0,10.96,14.92,14.76,15.06,12.8,12.83,10.27,0.0,390.6,0.0,60.15,0.0,246.0,0.0,5.0,16.0,0.0,0.0,106.7,111.9,106.2,-5.586,-4.09,0.0,4.416,256.3,8.949999999999998,3.0,3.473,-1.0,2.327,3.3,4901
2016-01-20 11:22:00,109.5,111.8,110.2,1067469.0,62.9,59.9,60.0,90.2,40799.0,507.0,93042.0,1025121.0,88.4,0.996,7.541,88.7,0.0,277.1,276.0,277.8,0.772,273.0,0.531,273.0,0.842,275.0,0.002,13.91,1.0,3.0,0.0,2.234,96.7,390.9,392.3,0.0,3.667,3.088,3.39,337.9,349.6,0.5999999999999999,0.0,8.46,5.11,6.955,4.563,4.642,2.815,5.516,4.67,6.122000000000001,3.813,367.1,28.14,38.56,38.15,38.64,32.82,33.16,26.54,6494.0,9132.0,9088.0,9268.0,7886.0,7861.0,6368.0,10.94,14.99,14.83,15.02,12.76,12.89,10.32,0.0,388.8,0.0,60.14,0.0,247.3,0.0,5.0,16.0,0.0,0.0,106.9,112.0,106.4,-5.482,-4.4430000000000005,0.0,4.426,256.0,9.920000000000002,3.0,3.473,-1.0,2.243,3.1,4901
2016-01-20 11:23:00,112.3,114.6,113.0,1067470.0,62.9,59.9,60.0,92.6,40799.0,507.0,93042.0,1025122.0,90.7,0.996,7.974999999999999,91.1,0.0,276.5,276.1,277.9,0.772,273.0,0.531,273.0,0.842,275.0,0.002,13.91,1.0,3.0,0.0,2.294,99.0,389.9,390.6,0.0,3.763,3.167,3.482,346.1,358.7,0.5999999999999999,0.0,8.48,5.238,7.051,4.599,4.371,2.512,5.39,4.609,6.044,3.731,377.1,28.96,39.64,39.11,39.73,33.79,34.11,27.2,6494.0,9132.0,9088.0,9268.0,7886.0,7861.0,6368.0,11.24,15.39,15.19,15.42,13.12,13.24,10.56,0.0,388.3,0.0,60.14,0.0,253.9,0.0,5.0,16.0,0.0,0.0,109.8,115.0,109.2,-5.559,-4.869,0.0,4.549,256.1,9.31,3.0,3.472,-1.0,1.813,2.6,4901
2016-01-20 11:24:00,113.1,115.3,113.8,1067472.0,62.9,59.9,60.0,93.2,40799.0,507.0,93042.0,1025124.0,91.3,0.996,8.08,91.7,0.0,277.0,275.9,277.6,0.772,273.0,0.531,273.0,0.842,274.8,0.002,13.91,1.0,3.0,0.0,2.354,99.7,391.7,392.5,0.0,3.791,3.19,3.51,348.1,360.9,0.5999999999999999,0.0,8.56,5.398,7.226,4.759,4.552,2.498,5.41,-16.39,6.221,3.745,380.3,29.07,39.66,39.13,39.92,33.97,34.2,27.23,6494.0,9133.0,9089.0,9268.0,7887.0,7861.0,6368.0,11.33,15.46,15.25,15.56,13.24,13.33,10.62,0.0,389.8,0.0,60.14,0.0,254.6,0.0,5.0,16.0,0.0,0.0,110.5,115.7,110.0,-5.404,-4.5680000000000005,0.0,4.71,312.9,21.89,3.0,3.473,-1.0,1.448,2.4,4901
2016-01-20 11:25:00,115.8,118.1,116.5,1067473.0,62.9,59.9,60.0,95.6,40799.0,507.0,93043.0,1025125.0,93.8,0.996,8.519999999999998,94.2,0.0,277.0,276.2,277.9,0.772,273.0,0.531,273.0,0.842,275.0,0.002,13.91,1.0,3.0,0.0,2.414,102.3,387.9,388.4,0.0,3.905,3.285,3.62,358.6,372.3,0.5999999999999999,0.0,8.57,5.7860000000000005,7.599,5.033,5.033,3.014,5.777,-20.68,6.603,3.784,391.4,30.19,41.36,40.77,41.35,35.18,35.53,28.34,6494.0,9133.0,9089.0,9268.0,7887.0,7862.0,6368.0,11.63,15.94,15.71,15.93,13.55,13.69,10.92,0.0,385.3,0.0,60.14,0.0,263.7,0.0,5.0,16.0,0.0,0.0,113.4,118.8,112.9,-5.361000000000001,-4.075,0.0,5.211,310.0,16.26,3.0,3.473,-1.0,1.692,2.8,4901
2016-01-20 11:26:00,122.2,124.5,122.9,1067475.0,62.9,59.9,60.0,100.7,40799.0,507.0,93043.0,1025127.0,98.8,0.995,9.46,99.3,0.0,276.2,275.7,277.3,0.772,272.2,0.531,272.1,0.842,274.1,0.002,13.91,1.0,3.0,0.0,2.474,107.0,387.1,388.6,0.0,4.121,3.463,3.829,377.5,393.0,0.6009999999999999,0.0,8.65,6.254,8.05,5.127999999999999,5.386,3.497,6.035,5.334,6.78,3.912,413.5,31.84,43.43,42.74,43.55,37.11,37.33,29.73,6494.0,9133.0,9089.0,9269.0,7887.0,7862.0,6368.0,12.3,16.77,16.51,16.82,14.33,14.42,11.48,0.0,386.3,0.0,60.14,0.0,276.9,0.0,5.0,16.0,0.0,0.0,119.9,125.4,119.5,-5.524,-3.662,0.0,5.662000000000001,318.3,12.58,3.0,3.473,-1.0,1.37,1.9,4901
2016-01-20 11:27:00,127.6,129.8,128.2,1067477.0,62.9,59.9,60.0,105.2,40799.0,507.0,93043.0,1025129.0,103.0,0.995,10.23,103.5,0.0,276.3,275.7,277.4,0.772,272.2,0.531,272.0,0.842,274.0,0.002,13.92,1.0,3.0,0.0,2.54,111.6,387.9,388.0,0.0,4.303,3.615,4.004,393.0,409.8,0.6009999999999999,0.0,8.65,6.6160000000000005,8.359999999999998,5.35,5.674,3.829,6.402,5.605,7.2010000000000005,4.268,433.1,33.17,44.98,44.57,45.56,38.76,38.82,31.03,6495.0,9133.0,9090.0,9269.0,7887.0,7862.0,6369.0,12.81,17.37,17.21,17.59,14.97,14.99,11.98,0.0,386.2,0.0,60.13,0.0,287.6,0.0,5.0,16.0,0.0,0.0,125.1,130.7,124.6,-5.507999999999999,-3.81,0.0,5.739,289.1,44.7,3.0,3.473,-1.0,1.333,2.3,4901
2016-01-20 11:28:00,129.8,132.0,130.4,1067479.0,62.9,59.9,60.0,107.1,40799.0,507.0,93043.0,1025130.0,104.9,0.995,10.57,105.5,0.0,276.0,276.0,277.6,0.772,272.6,0.531,272.0,0.842,274.0,0.002,13.92,1.0,3.0,0.0,2.625,113.5,387.6,388.9,0.0,4.384,3.684,4.081,400.1,417.5,0.6009999999999999,0.0,8.73,6.727,8.62,5.721,6.009,4.132,6.74,5.909,7.474,4.453,443.1,33.91,46.02,45.42,46.36,39.5,39.74,31.54,6495.0,9134.0,9090.0,9269.0,7888.0,7862.0,6369.0,13.08,17.75,17.52,17.89,15.24,15.33,12.17,0.0,385.9,0.0,60.15,0.0,292.8,0.0,5.0,16.0,0.0,0.0,127.3,133.0,126.9,-5.306,-4.143,0.0,5.957000000000001,281.1,48.98,3.0,3.473,-1.0,1.205,2.4,4901
2016-01-20 11:29:00,132.5,134.8,133.1,1067480.0,62.9,59.9,60.0,109.4,40799.0,507.0,93043.0,1025132.0,107.2,0.995,10.99,107.8,0.0,276.0,275.9,277.6,0.772,272.4,0.531,272.0,0.842,274.0,0.002,13.91,1.0,3.0,0.0,2.7110000000000003,115.8,387.6,388.9,0.0,4.49,3.771,4.181,409.2,427.2,0.6009999999999999,0.0,8.779999999999998,6.916,8.79,5.928,5.941,3.935,6.784,5.955,7.5779999999999985,4.695,452.4,34.63,47.08,46.41,47.37,40.3,40.59,32.24,6495.0,9134.0,9090.0,9270.0,7888.0,7863.0,6369.0,13.36,18.17,17.91,18.28,15.55,15.66,12.44,0.0,385.9,0.0,60.13,0.0,298.9,0.0,5.0,16.0,0.0,0.0,130.2,135.9,129.7,-5.119,-4.249,0.0,6.001,277.8,26.68,3.0,3.472,-1.0,1.725,3.2,4901
2016-01-20 11:30:00,135.5,137.8,136.1,1067482.0,62.9,59.9,60.0,111.9,40799.0,507.0,93043.0,1025134.0,109.7,0.995,11.46,110.3,0.0,276.3,275.9,277.6,0.772,272.7,0.531,272.0,0.842,274.0,0.002,13.92,1.0,3.0,0.0,2.795,118.5,388.2,388.8,0.0,4.598,3.859,4.283,418.6,437.1,0.6019999999999999,0.0,8.84,6.908,8.849999999999998,5.778,5.9110000000000005,3.91,6.819,6.057,7.434999999999999,4.634,463.4,35.4,48.04,47.36,48.38,41.24,41.46,32.91,6495.0,9134.0,9090.0,9270.0,7888.0,7863.0,6369.0,13.69,18.57,18.31,18.7,15.94,16.03,12.72,0.0,386.6,0.0,60.14,0.0,305.4,0.0,5.0,16.0,0.0,0.0,133.2,139.0,132.8,-5.157,-3.897,0.0,6.186,298.3,9.27,3.0,3.473,-1.0,2.392,3.8,4901
2016-01-20 11:31:00,137.9,140.2,138.5,1067484.0,62.9,59.9,60.0,114.0,40799.0,507.0,93044.0,1025136.0,111.6,0.994,11.81,112.2,0.0,276.3,276.0,277.8,0.772,272.9,0.531,272.0,0.842,274.0,0.002,13.91,1.0,3.0,0.0,2.885,120.6,388.3,389.0,0.0,4.689,3.936,4.37,426.6,445.4,0.6029999999999999,0.0,8.91,7.222,9.2,6.028,6.232,4.262,7.111000000000001,6.278,7.758999999999999,4.546,472.2,36.0,48.76,48.04,49.26,41.93,42.06,33.41,6496.0,9135.0,9091.0,9270.0,7888.0,7863.0,6369.0,13.93,18.87,18.59,19.07,16.23,16.28,12.93,0.0,387.1,0.0,60.13,0.0,310.7,0.0,5.0,16.0,0.0,0.0,135.5,141.4,135.1,-5.3660000000000005,-3.621,0.0,6.362,298.8,26.71,3.0,3.473,-1.0,1.83,2.9,4901
2016-01-20 11:32:00,138.9,141.1,139.5,1067486.0,62.9,59.9,60.0,114.8,40799.0,507.0,93044.0,1025138.0,112.4,0.994,11.93,113.0,0.0,276.4,276.1,277.9,0.772,273.0,0.531,272.0,0.842,274.0,0.002,13.91,1.0,3.0,0.0,2.978,122.4,392.6,392.4,0.0,4.731,3.974,4.408,429.9,448.5,0.6019999999999999,0.0,8.99,7.404,9.39,6.3420000000000005,6.57,4.647,7.447,-19.55,8.189999999999998,4.937,476.1,35.77,48.54,48.46,49.21,41.62,41.9,33.75,6496.0,9135.0,9091.0,9270.0,7889.0,7863.0,6370.0,13.93,18.9,18.87,19.16,16.21,16.31,13.14,0.0,389.4,0.0,60.15,0.0,311.8,0.0,5.0,16.0,0.0,0.0,136.5,142.3,136.0,-5.051,-3.808,0.0,6.609,279.4,30.48,3.0,3.473,-1.0,1.833,2.8,4901
2016-01-20 11:33:00,135.1,137.2,135.6,1067488.0,62.9,59.9,60.0,111.6,40799.0,507.0,93044.0,1025140.0,109.3,0.995,11.33,109.9,0.0,276.5,276.1,277.8,0.772,273.0,0.531,272.7,0.842,274.0,0.002,13.91,1.0,3.0,0.0,3.08,119.3,392.9,392.4,0.0,4.606,3.869,4.285,418.5,435.8,0.6019999999999999,0.0,9.04,7.593,9.58,6.406000000000001,6.695,4.868,7.654,6.742000000000001,8.33,5.044,462.3,34.8,47.46,46.73,47.75,40.56,40.95,32.57,6496.0,9135.0,9091.0,9271.0,7889.0,7864.0,6370.0,13.56,18.5,18.21,18.61,15.81,15.96,12.69,0.0,389.8,0.0,60.14,0.0,303.6,0.0,5.0,16.0,0.0,0.0,132.6,138.3,132.2,-5.211,-3.651,0.0,6.645,277.1,7.7189999999999985,3.0,3.472,-1.0,2.403,3.2,4901
2016-01-20 11:34:00,133.6,135.8,134.3,1067490.0,62.9,59.9,60.0,110.4,40799.0,507.0,93044.0,1025141.0,108.2,0.995,11.11,108.8,0.0,277.0,276.0,277.7,0.772,273.0,0.531,273.0,0.842,274.6,0.002,13.92,1.0,3.0,0.0,3.185,117.9,390.5,390.4,0.0,4.561,3.834,4.2410000000000005,415.3,431.7,0.6019999999999999,0.0,9.090000000000002,7.792,9.6,6.634,6.78,5.013999999999999,7.865,-14.53,8.609999999999998,5.207999999999999,457.4,34.75,47.39,46.67,47.64,40.59,40.8,32.53,6496.0,9135.0,9092.0,9271.0,7889.0,7864.0,6370.0,13.45,18.35,18.07,18.45,15.72,15.8,12.6,0.0,387.3,0.0,60.15,0.0,302.0,0.0,5.0,16.0,0.0,0.0,131.2,136.9,130.8,-5.462999999999999,-4.1160000000000005,0.0,7.069,293.8,20.75,3.0,3.473,-1.0,1.363,2.1,4901
2016-01-20 11:35:00,132.3,134.4,132.8,1067491.0,62.9,59.9,60.0,109.2,40799.0,507.0,93044.0,1025143.0,106.9,0.995,10.89,107.5,0.0,277.1,275.9,277.6,0.772,273.0,0.531,273.0,0.842,274.4,0.002,13.92,1.0,3.0,0.0,3.297,116.5,391.7,392.1,0.0,4.525,3.808,4.205,411.9,427.2,0.6029999999999999,0.0,9.1,8.38,10.13,6.9510000000000005,7.325,5.5120000000000005,8.31,-14.0,9.16,5.593,451.9,34.06,46.42,45.86,46.82,39.84,39.94,32.06,6496.0,9136.0,9092.0,9271.0,7890.0,7864.0,6370.0,13.27,18.08,17.86,18.24,15.52,15.56,12.49,0.0,389.5,0.0,60.21,0.0,297.6,0.0,5.0,16.0,0.0,0.0,129.7,135.4,129.2,-5.395,-3.4210000000000003,0.0,7.632,313.7,24.84,3.0,3.473,-1.0,1.938,3.0,4901
2016-01-20 11:36:00,129.8,131.8,130.3,1067493.0,62.9,59.9,60.0,107.2,40799.0,507.0,93045.0,1025145.0,105.1,0.995,10.55,105.6,0.0,276.7,276.2,277.9,0.772,273.0,0.531,273.0,0.842,274.9,0.002,13.92,1.0,3.0,0.0,3.414,114.6,391.3,390.9,0.0,4.433,3.734,4.115,404.5,418.6,0.6009999999999999,0.0,9.13,8.55,10.52,6.919,7.465,5.619,8.38,-40.32,9.08,5.499,444.0,33.48,45.76,45.22,45.99,39.17,39.39,31.59,6497.0,9136.0,9092.0,9272.0,7890.0,7865.0,6370.0,13.01,17.79,17.57,17.87,15.22,15.31,12.28,0.0,388.7,0.0,60.22,0.0,293.0,0.0,5.0,16.0,0.0,0.0,127.3,133.0,126.8,-5.235,-3.0780000000000003,0.0,7.639999999999999,284.9,13.45,3.0,3.473,-1.0,1.615,2.8,4901
2016-01-20 11:37:00,128.3,130.2,128.8,1067495.0,62.9,59.9,60.0,105.9,40799.0,507.0,93045.0,1025147.0,103.7,0.995,10.28,104.2,0.0,276.8,276.2,277.8,0.772,273.0,0.531,273.0,0.842,274.9,0.002,13.92,1.0,3.0,0.0,3.535,113.8,393.7,391.8,0.0,4.376,3.687,4.058,399.9,413.3,0.6009999999999999,0.0,9.16,8.49,10.59,6.905,7.3679999999999986,5.558,8.3,-44.58,8.84,5.541,437.8,33.05,45.25,44.43,45.42,38.67,38.94,31.06,6497.0,9136.0,9092.0,9272.0,7890.0,7865.0,6371.0,12.87,17.62,17.3,17.69,15.06,15.16,12.09,0.0,389.4,0.0,60.13,0.0,289.1,0.0,5.0,16.0,0.0,0.0,125.7,131.2,125.2,-5.216,-2.986,0.0,7.622,285.9,26.16,3.0,3.473,-1.0,1.462,2.8,4901
2016-01-20 11:38:00,127.9,129.9,128.5,1067497.0,62.9,59.9,60.0,105.6,40799.0,507.0,93045.0,1025148.0,103.5,0.995,10.24,104.0,0.0,276.8,276.0,277.7,0.772,273.0,0.531,273.0,0.842,274.7,0.002,13.92,1.0,3.0,0.0,3.657,113.1,390.7,390.2,0.0,4.375,3.691,4.054,400.1,412.8,0.6009999999999999,0.0,9.26,8.73,10.64,7.275,7.542999999999998,5.622000000000001,8.54,-65.81,9.19,5.783,436.2,32.99,45.19,44.6,45.38,38.71,38.81,31.25,6497.0,9137.0,9093.0,9272.0,7890.0,7865.0,6371.0,12.8,17.53,17.3,17.6,15.01,15.05,12.12,0.0,387.9,0.0,60.14,0.0,289.5,0.0,5.0,16.0,0.0,0.0,125.4,131.0,125.0,-4.8580000000000005,-3.55,0.0,8.08,229.4,29.37,3.0,3.473,-1.0,0.662,1.4,4901
2016-01-20 11:39:00,126.2,128.2,126.8,1067498.0,62.9,59.9,60.0,104.1,40799.0,507.0,93045.0,1025150.0,102.0,0.995,9.98,102.5,0.0,276.4,276.2,277.8,0.772,273.0,0.531,273.0,0.842,274.5,0.002,13.91,1.0,3.0,0.0,3.778,111.6,389.4,389.1,0.0,4.308,3.636,3.987,394.8,406.6,0.6009999999999999,0.0,9.32,9.19,11.01,7.788999999999999,7.967,5.957000000000001,8.96,-12.74,9.7,6.214,430.5,32.69,44.8,43.97,44.92,38.35,38.51,30.82,6497.0,9137.0,9093.0,9273.0,7891.0,7865.0,6371.0,12.63,17.31,16.99,17.36,14.82,14.88,11.91,0.0,386.5,0.0,60.16,0.0,286.5,0.0,5.0,16.0,0.0,0.0,123.7,129.2,123.2,-4.74,-3.508,0.0,8.58,239.5,18.08,3.0,3.473,-1.0,1.358,2.3,4901
2016-01-20 11:40:00,125.9,127.9,126.5,1067500.0,62.9,59.9,60.0,103.9,40799.0,507.0,93045.0,1025152.0,101.8,0.995,9.96,102.3,0.0,276.5,276.1,277.8,0.772,273.0,0.531,273.0,0.842,274.6,0.002,13.91,1.0,3.0,0.0,3.898,111.3,388.2,387.9,0.0,4.3,3.628,3.978,394.2,405.7,0.6019999999999999,0.0,9.39,9.24,11.07,7.864,7.974,5.822,8.9,8.17,9.77,6.15,428.8,32.58,44.73,44.09,44.85,38.24,38.36,30.91,6497.0,9137.0,9093.0,9273.0,7891.0,7866.0,6371.0,12.57,17.26,17.01,17.3,14.75,14.8,11.92,0.0,385.8,0.0,60.23,0.0,286.6,0.0,5.0,16.0,0.0,0.0,123.4,129.0,122.9,-4.909,-3.468,0.0,8.37,275.8,19.93,3.0,3.473,-1.0,2.345,3.0,4901
2016-01-20 11:41:00,122.1,124.2,122.7,1067502.0,62.9,59.9,60.0,100.7,40799.0,507.0,93045.0,1025153.0,98.7,0.995,9.39,99.2,0.0,276.9,276.0,277.6,0.772,273.0,0.531,273.0,0.842,274.9,0.002,13.92,1.0,3.0,0.0,4.024,108.5,390.6,389.9,0.0,4.169,3.518,3.852,382.5,393.0,0.6009999999999999,0.0,9.45,8.779999999999998,10.75,7.689,7.751,5.574,8.689999999999998,-61.06,9.47,5.783,415.1,31.48,43.24,42.65,43.37,36.89,37.06,29.87,6498.0,9137.0,9094.0,9273.0,7891.0,7866.0,6372.0,12.2,16.75,16.52,16.8,14.29,14.36,11.57,0.0,387.5,0.0,60.19,0.0,277.9,0.0,5.0,16.0,0.0,0.0,119.6,125.0,119.1,-5.102,-3.926,0.0,8.04,282.1,15.42,3.0,3.472,-1.0,1.517,2.6,4901
2016-01-20 11:42:00,125.0,127.2,125.7,1067504.0,62.9,59.9,60.0,103.2,40799.0,507.0,93046.0,1025155.0,101.2,0.995,9.83,101.6,0.0,276.5,276.1,277.8,0.772,273.0,0.531,273.0,0.842,274.4,0.002,13.92,1.0,3.0,0.0,4.144,110.3,384.2,385.8,0.0,4.272,3.609,3.951,392.5,403.3,0.5999999999999999,0.0,9.43,9.07,10.99,7.941,8.04,5.994,8.91,-17.89,9.61,6.267,426.5,32.63,44.94,44.4,44.95,38.38,38.55,31.11,6498.0,9138.0,9094.0,9273.0,7891.0,7866.0,6372.0,12.46,17.16,16.95,17.17,14.66,14.72,11.88,0.0,381.9,0.0,60.2,0.0,287.1,0.0,5.0,16.0,0.0,0.0,122.5,128.1,122.1,-5.193,-4.149,0.0,8.4,284.9,35.05,3.0,3.473,-1.0,0.627,1.1,4901
2016-01-20 11:43:00,130.2,132.3,130.8,1067505.0,62.9,59.9,60.0,107.5,40799.0,507.0,93046.0,1025157.0,105.4,0.995,10.6,105.9,0.0,276.6,276.0,277.7,0.772,273.0,0.531,273.0,0.842,274.6,0.002,13.91,1.0,3.0,0.0,4.245,114.5,383.0,383.5,0.0,4.446000000000001,3.759,4.117,409.0,420.5,0.5999999999999999,0.0,9.51,9.29,11.07,8.429999999999998,8.519999999999998,6.532,9.340000000000002,-43.75,10.02,6.8260000000000005,446.2,34.21,46.87,46.19,47.06,40.22,40.26,32.35,6498.0,9138.0,9094.0,9274.0,7892.0,7866.0,6372.0,13.03,17.86,17.6,17.93,15.33,15.34,12.33,0.0,381.0,0.0,60.15,0.0,298.9,0.0,5.0,16.0,0.0,0.0,127.7,133.4,127.3,-5.009,-3.974,0.0,8.3,249.9,22.89,3.0,3.473,-1.0,0.663,1.3,4901
2016-01-20 11:44:00,134.8,137.1,135.4,1067507.0,62.9,59.9,60.0,111.5,40799.0,507.0,93046.0,1025159.0,109.3,0.995,11.31,109.9,0.0,276.7,276.2,277.9,0.772,273.0,0.531,273.0,0.842,275.0,0.002,13.91,1.0,3.0,0.0,4.343,119.0,385.6,384.6,0.0,4.615,3.903,4.277,424.2,436.4,0.6009999999999999,0.0,9.61,9.090000000000002,10.66,8.73,8.689999999999998,6.724,9.66,-43.3,10.42,7.176,463.1,35.28,48.33,47.91,48.64,41.41,41.5,33.58,6498.0,9138.0,9094.0,9274.0,7892.0,7867.0,6372.0,13.49,18.48,18.32,18.6,15.83,15.87,12.84,0.0,382.4,0.0,60.12,0.0,308.7,0.0,5.0,16.0,0.0,0.0,132.6,138.3,132.1,-4.59,-4.055,0.0,7.815,245.3,11.88,3.0,3.472,-1.0,1.468,2.8,4901
2016-01-20 11:45:00,135.7,137.6,136.1,1067509.0,62.9,59.9,60.0,112.1,40799.0,507.0,93046.0,1025161.0,109.8,0.995,11.39,110.4,0.0,276.5,276.2,277.9,0.772,273.0,0.531,273.0,0.842,274.8,0.002,13.92,1.0,3.0,0.0,4.437,119.7,388.7,388.5,0.0,4.641,3.924,4.301,426.3,438.4,0.6009999999999999,0.0,9.670000000000002,9.04,10.58,8.84,8.599999999999998,6.436,9.61,-59.73,10.4,7.19,465.2,35.24,48.14,47.61,48.51,41.28,41.27,33.34,6499.0,9139.0,9095.0,9274.0,7892.0,7867.0,6372.0,13.6,18.57,18.37,18.72,15.93,15.92,12.86,0.0,385.9,0.0,60.13,0.0,308.0,0.0,5.0,16.0,0.0,0.0,133.3,138.9,132.7,-4.459,-4.214,0.0,7.582999999999998,247.2,6.306,3.0,3.473,-1.0,2.695,4.0,4901
2016-01-20 11:46:00,137.9,139.9,138.4,1067511.0,62.9,59.9,60.0,113.7,40799.0,507.0,93046.0,1025162.0,111.5,0.995,11.73,112.1,0.0,276.0,275.9,277.5,0.772,272.1,0.531,272.1,0.842,274.1,0.002,13.92,1.0,3.0,0.0,4.524,121.0,387.7,389.2,0.0,4.705,3.975,4.359,431.8,443.9,0.6019999999999999,0.0,9.74,8.79,10.38,8.99,8.519999999999998,6.08,9.56,-59.88,10.25,6.9510000000000005,472.9,35.73,48.91,48.22,49.07,41.84,42.0,33.74,6499.0,9139.0,9095.0,9275.0,7892.0,7867.0,6373.0,13.8,18.89,18.62,18.95,16.16,16.22,13.03,0.0,386.3,0.0,60.13,0.0,312.2,0.0,5.0,16.0,0.0,0.0,135.6,141.2,135.1,-4.656000000000001,-4.5280000000000005,0.0,7.094,247.3,11.09,3.0,3.473,-1.0,2.602,3.5,4901
2016-01-20 11:47:00,140.1,142.1,140.6,1067513.0,62.9,59.9,60.0,115.6,40799.0,507.0,93047.0,1025164.0,113.2,0.994,12.06,113.9,0.0,276.1,275.6,277.3,0.772,272.0,0.531,272.0,0.842,274.0,0.002,13.91,1.0,3.0,0.0,4.6,123.6,389.0,387.6,0.0,4.785,4.045,4.432,439.2,451.1,0.6029999999999999,0.0,9.8,8.859999999999998,10.6,8.89,8.49,6.04,9.47,-38.53,9.94,7.033,480.1,36.32,49.96,49.16,50.0,42.65,42.87,34.42,6499.0,9139.0,9095.0,9275.0,7893.0,7867.0,6373.0,13.98,19.23,18.92,19.24,16.41,16.5,13.25,0.0,384.9,0.0,60.14,0.0,317.8,0.0,5.0,16.0,0.0,0.0,137.7,143.5,137.3,-4.716,-4.45,0.0,7.6179999999999986,259.0,36.37,3.0,3.473,-1.0,1.453,2.2,4901
2016-01-20 11:48:00,142.0,144.2,142.5,1067515.0,62.9,59.9,60.0,117.2,40799.0,507.0,93047.0,1025166.0,114.8,0.994,12.35,115.4,0.0,276.0,275.6,277.3,0.772,272.0,0.531,272.0,0.842,274.0,0.002,13.92,1.0,3.0,0.0,4.671,125.3,388.7,387.5,0.0,4.859,4.106,4.499,446.0,457.8,0.6029999999999999,0.0,9.86,9.55,11.22,9.07,8.99,6.535,9.81,-11.82,10.24,6.905,487.2,36.74,50.64,49.78,50.66,43.21,43.47,34.97,6499.0,9140.0,9096.0,9275.0,7893.0,7868.0,6373.0,14.14,19.49,19.16,19.5,16.63,16.73,13.46,0.0,384.9,0.0,60.13,0.0,322.3,0.0,5.0,16.0,0.0,0.0,139.6,145.4,139.2,-4.802,-4.111000000000001,0.0,8.58,324.2,14.33,3.0,3.473,-1.0,1.488,2.8,4901
2016-01-20 11:49:00,140.4,142.6,141.0,1067517.0,62.9,59.9,60.0,115.9,40799.0,507.0,93047.0,1025168.0,113.6,0.994,12.13,114.3,0.0,276.2,275.7,277.4,0.772,272.0,0.531,272.0,0.842,274.0,0.002,13.91,1.0,3.0,0.0,4.743,123.6,385.9,386.5,0.0,4.822,4.079,4.462,442.9,453.9,0.6019999999999999,0.0,9.96,10.06,11.54,9.31,9.31,6.952000000000001,10.15,-84.79999999999998,10.53,7.3889999999999985,482.0,36.48,50.24,49.64,50.4,43.0,43.08,34.89,6500.0,9140.0,9096.0,9276.0,7893.0,7868.0,6373.0,13.99,19.26,19.03,19.32,16.49,16.52,13.38,0.0,383.4,0.0,60.22,0.0,320.3,0.0,5.0,16.0,0.0,0.0,138.1,144.0,137.6,-4.725,-3.499,0.0,8.949999999999998,315.5,15.22,3.0,3.473,-1.0,1.193,2.1,4901
2016-01-20 11:50:00,141.0,143.2,141.5,1067519.0,62.9,59.9,60.0,116.5,40799.0,507.0,93047.0,1025170.0,114.1,0.994,12.24,114.8,0.0,276.5,275.6,277.3,0.772,272.0,0.531,272.0,0.842,274.0,0.001,13.88,1.0,3.0,0.0,4.827,124.2,386.8,385.8,0.0,4.844,4.1,4.481,445.2,455.7,0.5999999999999999,0.0,10.01,9.920000000000002,11.52,9.61,9.73,7.322,10.51,-11.66,11.14,7.4289999999999985,484.6,36.57,50.25,49.75,50.58,43.08,43.09,34.94,6500.0,9140.0,9096.0,9276.0,7893.0,7868.0,6373.0,14.05,19.3,19.11,19.43,16.55,16.55,13.42,0.0,384.2,0.0,60.19,0.0,321.2,0.0,5.0,16.0,0.0,0.0,138.7,144.6,138.2,-4.51,-3.324,0.0,8.62,290.2,16.4,3.0,3.473,-1.0,1.923,2.7,4901
2016-01-20 11:51:00,138.6,140.5,139.0,1067520.0,62.9,59.9,60.0,114.3,40799.0,507.0,93047.0,1025172.0,111.9,0.994,11.82,112.5,0.0,275.9,275.7,277.4,0.772,272.0,0.531,272.0,0.842,274.0,0.002,13.88,1.0,3.0,0.0,4.917,122.3,390.1,390.6,0.0,4.76,4.0280000000000005,4.399,437.3,446.8,0.6009999999999999,0.0,10.09,9.99,11.71,9.69,9.9,7.543999999999999,10.67,-59.4,11.36,7.09,474.9,35.6,48.96,48.38,49.22,41.9,41.93,33.97,6500.0,9141.0,9097.0,9276.0,7894.0,7868.0,6374.0,13.78,18.96,18.73,19.06,16.23,16.23,13.16,0.0,387.2,0.0,60.18,0.0,313.5,0.0,5.0,16.0,0.0,0.0,136.1,141.8,135.6,-4.721,-2.923,0.0,8.59,297.9,8.8,3.0,3.472,-1.0,2.497,3.3,4901
2016-01-20 11:52:00,134.8,136.9,135.3,1067522.0,62.9,59.9,60.0,111.2,40799.0,507.0,93048.0,1025174.0,108.9,0.995,11.25,109.5,0.0,276.1,275.6,277.3,0.772,272.0,0.531,272.0,0.842,274.0,0.002,13.88,1.0,3.0,0.0,5.009,118.9,388.4,388.7,0.0,4.631,3.922,4.274,425.8,434.0,0.6009999999999999,0.0,10.17,9.86,11.82,9.45,9.69,7.349999999999999,10.49,-58.86,10.86,6.835,460.6,34.66,47.8,47.28,48.04,40.94,40.9,33.23,6500.0,9141.0,9097.0,9277.0,7894.0,7869.0,6374.0,13.38,18.45,18.25,18.54,15.8,15.79,12.83,0.0,386.0,0.0,60.14,0.0,306.2,0.0,5.0,16.0,0.0,0.0,132.4,138.0,131.9,-4.939,-2.694,0.0,8.66,300.5,10.88,3.0,3.473,-1.0,1.807,2.7,4901
2016-01-20 11:53:00,129.8,131.9,130.4,1067524.0,62.9,59.9,60.0,106.9,40799.0,507.0,93048.0,1025175.0,104.8,0.995,10.48,105.3,0.0,275.8,275.7,277.3,0.772,272.0,0.531,272.0,0.842,274.0,0.002,13.88,1.0,3.0,0.0,5.107,114.9,390.5,389.9,0.0,4.46,3.785,4.111000000000001,410.9,417.7,0.6009999999999999,0.0,10.2,10.12,12.16,9.46,9.72,7.572999999999999,10.54,-11.82,10.94,7.08,442.6,33.12,45.91,45.4,45.87,39.13,39.24,31.99,6500.0,9141.0,9097.0,9277.0,7894.0,7869.0,6374.0,12.83,17.79,17.59,17.77,15.16,15.21,12.4,0.0,387.5,0.0,60.14,0.0,294.4,0.0,5.0,16.0,0.0,0.0,127.4,132.8,126.8,-5.023,-2.466,0.0,9.19,296.0,40.85,3.0,3.473,-1.0,0.772,1.3,4901
2016-01-20 11:54:00,133.0,135.0,133.5,1067526.0,62.9,59.9,60.0,109.7,40799.0,507.0,93048.0,1025177.0,107.5,0.995,10.97,108.0,0.0,275.9,275.9,277.5,0.772,272.0,0.531,272.2,0.842,274.0,0.002,13.88,1.0,3.0,0.0,5.203,117.7,387.5,386.5,0.0,4.557,3.873,4.2010000000000005,421.1,427.5,0.6009999999999999,0.0,10.28,9.88,12.01,9.27,9.46,7.277999999999999,10.3,-59.61,10.99,7.272999999999999,452.8,34.37,47.59,47.13,47.59,40.61,40.62,33.11,6501.0,9141.0,9097.0,9277.0,7894.0,7869.0,6374.0,13.18,18.25,18.07,18.25,15.57,15.58,12.7,0.0,383.5,0.0,60.17,0.0,303.7,0.0,5.0,16.0,0.0,0.0,130.6,136.2,130.1,-4.843,-3.063,0.0,8.67,260.9,13.47,3.0,3.472,-1.0,2.177,3.0,4901
2016-01-20 11:55:00,134.2,136.3,134.7,1067528.0,62.9,59.9,60.0,110.7,40799.0,507.0,93048.0,1025179.0,108.6,0.995,11.22,109.2,0.0,276.3,275.7,277.4,0.772,272.0,0.531,272.1,0.842,274.0,0.002,13.87,1.0,3.0,0.0,5.3020000000000005,118.4,385.9,386.4,0.0,4.601,3.912,4.239,425.4,431.3,0.6009999999999999,0.0,10.33,9.57,11.66,9.13,8.87,6.6160000000000005,9.840000000000002,-38.66,10.73,7.091,456.5,34.68,48.11,47.59,48.13,41.05,41.02,33.46,6501.0,9142.0,9098.0,9277.0,7895.0,7869.0,6375.0,13.3,18.45,18.25,18.46,15.74,15.73,12.83,0.0,383.5,0.0,60.24,0.0,306.8,0.0,5.0,16.0,0.0,0.0,132.0,137.7,131.4,-4.756,-3.878,0.0,8.14,245.7,4.773,3.0,3.473,-1.0,2.875,3.5,4901
2016-01-20 11:56:00,137.1,139.3,137.7,1067530.0,62.9,59.9,60.0,113.2,40799.0,507.0,93048.0,1025181.0,111.0,0.995,11.66,111.6,0.0,276.5,275.7,277.4,0.772,272.0,0.531,272.2,0.842,274.0,0.002,13.88,1.0,3.0,0.0,5.388999999999999,121.2,387.0,387.0,0.0,4.698,3.996,4.3260000000000005,434.7,440.3,0.6019999999999999,0.0,10.38,9.32,11.32,9.24,8.57,6.2620000000000005,9.670000000000002,-8.17,10.31,6.902,466.7,35.42,49.14,48.57,49.13,41.94,41.94,34.17,6501.0,9142.0,9098.0,9278.0,7895.0,7870.0,6375.0,13.59,18.86,18.64,18.85,16.09,16.09,13.11,0.0,383.8,0.0,60.21,0.0,313.3,0.0,5.0,16.0,0.0,0.0,134.9,140.6,134.3,-4.845,-4.32,0.0,8.15,227.3,16.96,3.0,3.473,-1.0,1.677,2.9,4901
2016-01-20 11:57:00,142.5,144.6,142.9,1067531.0,62.9,59.9,60.0,117.7,40799.0,507.0,93048.0,1025183.0,115.3,0.994,12.43,116.0,0.0,276.4,275.8,277.6,0.772,272.1,0.531,272.0,0.842,274.0,0.002,13.87,1.0,3.0,0.0,5.471,126.1,386.1,384.5,0.0,4.89,4.168,4.506,453.3,458.8,0.6019999999999999,0.0,10.34,10.1,11.65,9.73,9.1,6.903,10.15,-15.65,10.67,7.5,486.4,37.06,51.56,50.78,51.33,43.99,43.95,35.75,6501.0,9142.0,9098.0,9278.0,7895.0,7870.0,6375.0,14.13,19.66,19.36,19.57,16.77,16.76,13.63,0.0,381.3,0.0,60.13,0.0,326.8,0.0,5.0,16.0,0.0,0.0,140.2,146.0,139.7,-4.542,-3.874,0.0,9.07,205.6,21.94,3.0,3.473,-1.0,1.108,2.3,4901
2016-01-20 11:58:00,147.0,149.0,147.3,1067533.0,62.9,59.9,60.0,121.4,40799.0,507.0,93049.0,1025185.0,118.9,0.994,13.11,119.7,0.0,276.4,275.8,277.6,0.772,272.1,0.531,272.0,0.842,274.0,0.002,13.88,1.0,3.0,0.0,5.558,130.1,386.6,384.7,0.0,5.051,4.306,4.651,468.3,473.4,0.6019999999999999,0.0,10.46,10.76,12.37,10.04,9.61,7.494,10.57,-63.89,11.14,8.06,502.1,38.0,53.1,52.39,52.65,45.16,45.27,36.96,6502.0,9143.0,9099.0,9278.0,7896.0,7870.0,6375.0,14.5,20.27,20.0,20.1,17.24,17.28,14.11,0.0,381.7,0.0,60.13,0.0,336.5,0.0,5.0,16.0,0.0,0.0,144.6,150.5,144.1,-4.477,-3.137,0.0,9.72,206.3,12.92,3.0,3.473,-1.0,1.222,2.0,4901
2016-01-20 11:59:00,148.5,150.7,148.9,1067535.0,62.9,59.9,60.0,122.8,40799.0,507.0,93049.0,1025187.0,120.4,0.994,13.36,121.1,0.0,276.7,275.9,277.7,0.772,272.6,0.531,272.2,0.842,274.2,0.002,13.88,1.0,3.0,0.0,5.662000000000001,130.8,383.8,384.7,0.0,5.113,4.363,4.705,474.8,479.1,0.6019999999999999,0.0,10.52,11.49,13.05,10.48,10.35,8.3,11.13,-32.18,11.58,9.01,509.3,38.48,53.51,53.08,53.59,45.85,45.7,37.49,6502.0,9143.0,9099.0,9279.0,7896.0,7871.0,6375.0,14.68,20.41,20.25,20.45,17.49,17.43,14.3,0.0,381.6,0.0,60.18,0.0,340.9,0.0,5.0,16.0,0.0,0.0,146.3,152.3,145.7,-4.416,-2.762,0.0,10.47,235.1,29.23,3.0,3.473,-1.0,0.6029999999999999,0.9,4901
2016-01-20 12:00:00,151.9,154.0,152.3,1067538.0,62.9,59.9,60.0,125.8,40799.0,507.0,93049.0,1025189.0,123.3,0.994,13.92,124.0,0.0,276.4,276.2,278.0,0.772,273.0,0.531,272.7,0.842,274.7,0.002,13.88,1.0,3.0,0.0,5.76,134.0,380.9,380.8,0.0,5.239,4.473,4.819,487.7,491.5,0.6019999999999999,0.0,10.47,12.27,13.36,11.12,10.94,9.05,11.7,11.27,11.99,9.32,523.5,39.63,55.23,54.89,55.31,47.2,47.13,38.76,6502.0,9143.0,9099.0,9279.0,7896.0,7871.0,6376.0,15.0,20.9,20.77,20.93,17.86,17.84,14.67,0.0,378.5,0.0,60.22,0.0,351.9,0.0,5.0,16.0,0.0,0.0,149.8,155.9,149.3,-4.448,-2.229,0.0,11.23,266.5,17.9,3.0,3.473,-1.0,1.257,2.1,4901
2016-01-20 12:01:00,151.7,153.7,152.0,1067540.0,62.9,59.9,60.0,125.5,40799.0,507.0,93049.0,1025191.0,122.9,0.994,13.85,123.7,0.0,276.6,276.2,278.0,0.772,273.0,0.531,272.7,0.842,274.9,0.002,13.88,1.0,3.0,0.0,5.871,134.0,384.2,384.8,0.0,5.236000000000001,4.469,4.809,487.6,490.7,0.6019999999999999,0.0,10.52,12.43,13.5,11.55,11.25,9.24,12.16,-82.9,12.56,9.45,521.4,39.34,54.47,54.21,54.93,46.8,46.37,38.32,6502.0,9144.0,9100.0,9279.0,7896.0,7871.0,6376.0,15.02,20.8,20.7,20.98,17.87,17.71,14.63,0.0,381.9,0.0,60.16,0.0,348.8,0.0,5.0,16.0,0.0,0.0,149.4,155.5,148.8,-4.41,-2.477,0.0,10.98,268.5,23.69,3.0,3.473,-1.0,0.937,1.7,4901
2016-01-20 12:02:00,152.0,154.1,152.4,1067542.0,62.9,59.9,60.0,125.8,40799.0,507.0,93050.0,1025193.0,123.2,0.994,13.88,123.9,0.0,276.3,276.2,277.9,0.772,272.5,0.531,272.2,0.842,274.2,0.002,13.88,1.0,3.0,0.0,5.988,134.0,382.5,383.6,0.0,5.247000000000001,4.481,4.813,489.3,491.8,0.6009999999999999,0.0,10.63,11.66,12.55,12.05,11.37,9.26,12.24,-9.65,12.64,9.93,522.0,39.37,54.91,54.36,54.84,46.85,46.82,38.46,6503.0,9144.0,9100.0,9280.0,7897.0,7871.0,6376.0,15.01,20.93,20.72,20.9,17.86,17.84,14.66,0.0,381.2,0.0,60.15,0.0,350.3,0.0,5.0,16.0,0.0,0.0,149.8,155.7,149.2,-4.037,-3.722,0.0,10.02,225.3,19.93,3.0,3.473,-1.0,0.758,1.2,4901
2016-01-20 12:03:00,154.0,156.1,154.3,1067544.0,62.9,59.9,60.0,127.4,40799.0,507.0,93050.0,1025195.0,124.8,0.994,14.22,125.6,0.0,276.7,275.8,277.7,0.772,272.1,0.531,272.0,0.842,274.0,0.002,13.88,1.0,3.0,0.0,6.106,135.9,380.4,380.8,0.0,5.32,4.545,4.877,497.4,499.4,0.6009999999999999,0.0,10.66,11.82,12.32,12.43,11.87,9.83,12.47,-13.24,12.63,10.54,530.0,40.25,56.18,55.64,56.08,47.89,47.87,39.33,6503.0,9144.0,9100.0,9280.0,7897.0,7872.0,6376.0,15.21,21.23,21.03,21.2,18.1,18.09,14.86,0.0,378.1,0.0,60.15,0.0,357.3,0.0,5.0,16.0,0.0,0.0,151.8,157.9,151.3,-3.525,-3.384,0.0,10.55,203.9,24.34,3.0,3.473,-1.0,0.8399999999999999,1.3,4901
2016-01-20 12:04:00,150.8,152.9,151.2,1067546.0,62.9,59.9,60.0,124.7,40799.0,507.0,93050.0,1025197.0,122.0,0.994,13.69,122.8,0.0,276.1,275.9,277.7,0.772,272.0,0.531,272.0,0.842,274.0,0.002,13.88,1.0,3.0,0.0,6.227,133.4,383.7,383.8,0.0,5.203,4.442,4.76,487.0,488.1,0.6009999999999999,0.0,10.74,12.1,12.39,12.85,12.38,10.18,12.87,13.09,13.01,11.15,516.5,39.0,54.3,53.95,54.39,46.38,46.28,38.18,6503.0,9145.0,9101.0,9280.0,7897.0,7872.0,6377.0,14.86,20.69,20.56,20.73,17.67,17.64,14.55,0.0,381.1,0.0,60.13,0.0,347.8,0.0,5.0,16.0,0.0,0.0,148.5,154.5,147.9,-3.1660000000000004,-3.269,0.0,10.68,218.3,26.02,3.0,3.473,-1.0,1.262,3.2,4901
2016-01-20 12:05:00,151.9,153.9,152.1,1067548.0,62.9,59.9,60.0,125.6,40799.0,507.0,93050.0,1025199.0,122.9,0.994,13.84,123.7,0.0,276.4,276.0,277.8,0.772,272.7,0.531,272.1,0.842,274.3,0.002,13.88,1.0,3.0,0.0,6.345,134.3,382.5,382.4,0.0,5.237,4.465,4.788,490.3,491.3,0.6019999999999999,0.0,10.81,12.09,12.57,12.91,12.14,9.64,12.7,-8.62,12.93,10.53,518.9,39.45,55.0,54.5,55.01,46.93,46.76,38.55,6503.0,9145.0,9101.0,9281.0,7898.0,7872.0,6377.0,14.98,20.88,20.69,20.88,17.82,17.75,14.63,0.0,379.7,0.0,60.15,0.0,351.2,0.0,5.0,16.0,0.0,0.0,149.4,155.5,148.9,-3.698,-2.907,0.0,10.88,279.1,8.3,3.0,3.473,-1.0,2.49,3.3,4901
2016-01-20 12:06:00,142.0,143.9,142.4,1067550.0,62.9,59.9,60.0,117.3,40799.0,507.0,93050.0,1025201.0,114.9,0.994,12.31,115.5,0.0,276.5,275.9,277.8,0.772,273.0,0.531,272.7,0.842,274.8,0.002,13.88,1.0,3.0,0.0,6.464,126.3,388.3,388.5,0.0,4.912,4.182,4.479,460.7,460.7,0.6019999999999999,0.0,10.8,11.59,12.55,12.54,11.78,9.43,12.49,12.29,12.77,9.63,481.8,36.38,50.63,50.0,50.68,43.02,42.73,35.35,6504.0,9145.0,9101.0,9281.0,7898.0,7873.0,6377.0,14.04,19.54,19.3,19.56,16.61,16.49,13.64,0.0,386.0,0.0,60.15,0.0,325.3,0.0,5.0,16.0,0.0,0.0,139.5,145.3,139.0,-4.534,-2.812,0.0,10.58,265.2,9.89,3.0,3.473,-1.0,2.342,3.0,4901
2016-01-20 12:07:00,141.1,142.9,141.5,1067552.0,62.9,59.9,60.0,116.5,40799.0,507.0,93051.0,1025203.0,114.2,0.994,12.18,114.9,0.0,276.4,276.1,277.7,0.772,273.0,0.531,272.9,0.842,274.3,0.002,13.88,1.0,3.0,0.0,6.578,125.0,385.1,385.3,0.0,4.854,4.134,4.424,456.2,455.9,0.6019999999999999,0.0,10.85,11.35,12.62,12.28,11.5,9.12,12.25,-9.8,12.7,9.35,477.6,36.42,50.76,50.16,50.75,43.25,42.97,35.44,6504.0,9146.0,9102.0,9282.0,7898.0,7873.0,6377.0,13.94,19.43,19.2,19.42,16.55,16.45,13.56,0.0,382.8,0.0,60.15,0.0,324.6,0.0,5.0,16.0,0.0,0.0,138.7,144.4,138.2,-4.821000000000001,-2.944,0.0,10.51,257.4,4.921,3.0,3.473,-1.0,1.808,2.2,4901
2016-01-20 12:08:00,144.2,146.4,144.8,1067554.0,62.9,59.9,60.0,119.3,40799.0,507.0,93051.0,1025205.0,116.9,0.994,12.71,117.6,0.0,276.9,275.9,277.6,0.772,273.0,0.531,272.9,0.842,274.1,0.002,13.88,2.0,3.0,0.0,6.686,127.7,379.2,378.2,0.0,4.947,4.218,4.51,465.9,465.5,0.7229999999999999,0.0,10.95,11.28,12.67,12.17,11.45,9.06,12.27,11.67,12.83,9.48,490.8,37.83,52.8,52.4,52.87,45.18,44.92,37.01,6504.0,9146.0,9102.0,9282.0,7898.0,7873.0,6378.0,14.23,19.86,19.71,19.88,16.99,16.89,13.92,0.0,376.1,0.0,60.14,0.0,336.7,0.0,5.0,16.0,0.0,0.0,142.0,147.9,141.6,-4.734,-3.263,0.0,10.69,258.9,15.36,3.0,,-1.0,1.652,2.8,4901
2016-01-20 12:09:00,146.8,148.8,147.2,1067556.0,62.9,59.9,60.0,121.5,40799.0,507.0,93051.0,1025207.0,119.0,0.994,13.07,119.7,0.0,276.8,276.1,277.9,0.772,273.0,0.531,273.0,0.842,274.7,0.002,13.88,2.0,3.0,0.0,6.789,129.3,380.6,382.8,0.0,5.032,4.29,4.586,474.3,473.9,0.674,0.0,10.95,11.67,13.13,12.39,11.59,9.25,12.53,11.89,13.02,9.43,499.1,38.13,53.47,52.65,53.28,45.46,45.44,37.21,6504.0,9147.0,9102.0,9282.0,7899.0,7873.0,6378.0,14.5,20.33,20.02,20.26,17.29,17.28,14.15,0.0,380.3,0.0,60.14,0.0,339.6,0.0,5.0,16.0,0.0,0.0,144.5,150.4,144.0,-4.58,-2.568,0.0,11.26,322.7,9.58,3.0,,-1.0,1.21,2.3,4901
2016-01-20 12:10:00,149.7,151.9,150.2,1067558.0,62.9,59.9,60.0,124.0,40799.0,507.0,93051.0,1025209.0,121.5,0.994,13.55,122.2,0.0,277.2,276.0,277.9,0.772,273.0,0.531,273.0,0.842,275.0,0.002,13.88,2.0,3.0,0.0,6.888,132.2,378.9,379.7,0.0,5.142,4.387,4.689,485.6,485.2,0.6009999999999999,0.0,11.04,12.49,13.6,12.32,11.82,9.73,12.72,11.94,12.96,9.95,510.8,39.12,55.04,54.38,54.63,46.62,46.74,38.45,6505.0,9147.0,9103.0,9283.0,7899.0,7874.0,6378.0,14.76,20.76,20.51,20.61,17.58,17.63,14.5,0.0,377.3,0.0,60.13,0.0,349.0,0.0,5.0,16.0,0.0,0.0,147.6,153.6,147.1,-4.405,-1.936,0.0,11.97,289.3,34.38,3.0,,-1.0,0.5999999999999999,0.9,4901
2016-01-20 12:11:00,151.7,153.7,152.1,1067560.0,62.9,59.9,60.0,125.6,40799.0,507.0,93052.0,1025211.0,122.9,0.994,13.81,123.7,0.0,276.8,276.3,278.1,0.772,273.0,0.531,273.0,0.842,275.0,0.002,13.88,2.0,3.0,0.0,6.985,135.2,384.3,383.1,0.0,5.207000000000001,4.444,4.747,491.4,491.0,0.5989999999999999,0.0,11.09,13.1,14.21,12.59,12.37,10.35,13.2,12.65,13.2,10.48,519.3,39.14,54.82,54.49,54.79,46.71,46.77,38.59,6505.0,9147.0,9103.0,9283.0,7899.0,7874.0,6378.0,14.89,20.85,20.73,20.84,17.77,17.79,14.68,0.0,380.5,0.0,60.13,0.0,351.9,0.0,5.0,16.0,0.0,0.0,149.3,155.3,148.8,-4.275,-1.8,0.0,12.58,193.7,26.38,3.0,,-1.0,0.568,1.1,4901
2016-01-20 12:12:00,144.4,146.3,144.7,1067562.0,62.9,59.9,60.0,119.3,40799.0,507.0,93052.0,1025213.0,116.8,0.994,12.66,117.5,0.0,276.7,276.1,277.8,0.772,273.0,0.531,272.9,0.842,274.7,0.003,13.88,2.0,3.0,0.0,7.084,129.1,387.8,387.4,0.0,4.95,4.226,4.507,468.3,467.6,0.4179999999999999,0.0,11.14,13.71,14.85,13.04,12.89,10.9,13.67,13.21,13.67,11.12,495.1,36.85,51.37,51.33,51.69,43.96,43.88,36.37,6505.0,9148.0,9104.0,9283.0,7900.0,7874.0,6378.0,14.17,19.75,19.73,19.87,16.9,16.87,13.98,0.0,384.5,0.0,60.13,0.0,332.9,0.0,5.0,16.0,0.0,0.0,142.0,147.7,141.4,-3.759,-2.021,0.0,13.13,228.1,38.63,2.333,,-1.0,0.3679999999999999,0.9,4901
2016-01-20 12:13:00,140.2,142.1,140.6,1067564.0,62.9,59.9,60.0,115.9,40799.0,507.0,93052.0,1025215.0,113.5,0.994,12.03,114.2,0.0,276.8,276.0,277.8,0.772,273.0,0.531,272.9,0.842,274.8,-0.017,13.47,2.0,1.0,0.0,7.182,124.7,383.3,383.2,0.0,4.788,4.089,4.357,454.3,453.6,0.435,0.001,11.2,14.24,15.04,13.44,13.21,11.39,13.79,13.73,13.88,11.5,480.1,36.21,50.57,50.28,50.6,43.26,43.24,35.62,6505.0,9148.0,9104.0,9284.0,7900.0,7875.0,6379.0,13.77,19.23,19.12,19.25,16.45,16.45,13.55,0.0,380.4,0.0,60.15,0.0,325.4,0.0,5.0,16.0,0.0,0.0,137.8,143.5,137.3,-3.338,-2.2030000000000003,0.0,13.72,178.5,16.06,2.667,,-1.0,0.8529999999999999,1.2,4901
2016-01-20 12:14:00,138.1,140.0,138.5,1067566.0,62.9,59.9,60.0,114.1,40799.0,507.0,93052.0,1025217.0,111.7,0.995,11.68,112.3,0.0,276.2,276.3,278.0,0.772,273.0,0.531,273.0,0.842,274.9,0.018,13.51,2.0,1.0,0.0,7.282999999999999,122.6,381.7,381.7,0.0,4.726,4.037,4.303,448.5,447.9,0.6069999999999999,0.001,11.27,14.45,15.34,13.66,13.57,11.85,14.05,14.13,13.94,12.1,471.0,35.72,49.86,49.57,50.07,42.75,42.53,35.19,6505.0,9148.0,9104.0,9284.0,7900.0,7875.0,6379.0,13.54,18.91,18.8,18.99,16.21,16.12,13.34,0.0,379.2,0.0,60.13,0.0,321.4,0.0,5.0,16.0,0.0,0.0,135.5,141.1,135.0,-2.98,-2.33,0.0,13.81,0.0,0.0,3.0,,-1.0,,,4901
2016-01-20 12:15:00,125.5,127.5,126.0,1067567.0,62.9,59.9,60.0,103.5,40799.0,507.0,93052.0,1025218.0,101.4,0.995,9.8,101.8,0.0,276.8,275.8,277.6,0.772,273.0,0.531,273.0,0.842,275.0,0.002,13.88,2.0,3.0,0.0,7.38,113.0,387.8,386.4,0.0,4.302,3.67,3.907,409.1,408.1,0.6029999999999999,0.0,11.33,14.73,15.66,13.82,13.79,12.17,14.15,-12.0,14.26,12.27,428.6,31.88,44.69,44.48,44.77,38.16,38.15,31.65,6506.0,9148.0,9104.0,9284.0,7900.0,7875.0,6379.0,12.23,17.14,17.07,17.18,14.64,14.64,12.14,0.0,383.7,0.0,60.14,0.0,291.5,0.0,5.0,16.0,0.0,0.0,122.9,128.2,122.3,-3.114,-2.638,0.0,14.16,173.7,15.97,3.667,,-1.0,0.8469999999999999,1.2,4901
2016-01-20 12:16:00,122.5,124.6,123.1,1067569.0,62.9,59.9,60.0,101.0,40799.0,507.0,93053.0,1025220.0,99.1,0.996,9.39,99.5,0.0,276.9,275.8,277.6,0.772,273.0,0.531,273.0,0.842,275.0,0.002,13.88,2.0,3.0,0.0,7.478,110.2,382.7,380.0,0.0,4.175,3.5660000000000003,3.791,398.9,397.5,0.471,0.0,11.39,14.97,15.57,13.9,13.89,12.27,14.15,14.46,14.36,12.41,417.0,31.86,44.72,44.06,44.43,38.16,38.12,31.26,6506.0,9149.0,9105.0,9284.0,7901.0,7875.0,6379.0,12.02,16.88,16.62,16.77,14.4,14.39,11.8,0.0,377.4,0.0,60.11,0.0,288.1,0.0,5.0,16.0,0.0,0.0,120.0,125.3,119.5,-3.1210000000000004,-3.095,0.0,14.64,198.4,24.34,3.167,,-1.0,0.545,0.9,4901
2016-01-20 12:17:00,122.6,124.7,123.3,1067571.0,62.9,59.9,60.0,101.1,40799.0,507.0,93053.0,1025222.0,99.1,0.996,9.4,99.5,0.0,276.6,276.0,277.7,0.772,273.0,0.531,273.0,0.842,275.0,0.002,13.88,2.0,3.0,0.0,7.581,110.1,381.2,380.1,0.0,4.167,3.556,3.782,397.9,396.5,0.291,0.0,11.49,15.02,15.58,13.82,13.71,12.05,14.06,-11.94,14.37,12.22,416.5,31.93,44.61,44.12,44.69,38.18,38.0,31.31,6506.0,9149.0,9105.0,9285.0,7901.0,7876.0,6380.0,12.03,16.8,16.62,16.83,14.38,14.31,11.79,0.0,376.8,0.0,60.12,0.0,288.8,0.0,5.0,16.0,0.0,0.0,120.0,125.3,119.5,-3.178,-2.5340000000000003,0.0,14.35,256.3,24.79,2.167,,-1.0,1.49,2.6,4901
2016-01-20 12:18:00,115.6,117.6,116.2,1067572.0,62.9,59.9,60.0,95.1,40799.0,507.0,93053.0,1025223.0,93.3,0.996,8.349999999999998,93.6,0.0,276.6,275.8,277.6,0.772,273.0,0.531,273.0,0.842,275.0,0.002,13.88,2.0,3.0,0.0,7.6789999999999985,104.2,386.0,385.2,0.0,3.915,3.333,3.547,374.3,373.0,0.6039999999999999,0.0,11.54,14.0,14.97,13.19,12.72,10.76,13.29,-12.87,13.8,11.07,390.2,29.54,41.43,41.11,41.24,35.06,35.18,29.08,6506.0,9149.0,9105.0,9285.0,7901.0,7876.0,6380.0,11.31,15.86,15.74,15.79,13.43,13.47,11.14,0.0,383.0,0.0,60.13,0.0,269.8,0.0,5.0,16.0,0.0,0.0,112.9,118.0,112.4,-3.683,-2.371,0.0,12.98,252.1,5.98,3.7,,-1.0,1.965,2.9,4901
2016-01-20 12:19:00,110.6,112.7,111.2,1067574.0,62.9,59.9,60.0,90.9,40799.0,507.0,93053.0,1025225.0,89.2,0.996,7.615,89.5,0.0,276.3,275.7,277.5,0.772,273.0,0.531,273.0,0.842,274.9,0.002,13.88,2.0,3.0,0.0,7.757,99.5,385.3,385.4,0.0,3.724,3.169,3.3710000000000004,356.4,355.1,0.62,0.0,11.62,12.76,14.11,12.19,11.42,9.45,12.27,-9.340000000000002,12.67,10.24,370.4,28.28,39.46,39.25,39.56,33.66,33.52,27.75,6506.0,9150.0,9105.0,9285.0,7901.0,7876.0,6380.0,10.82,15.1,15.02,15.14,12.88,12.83,10.62,0.0,382.8,0.0,60.15,0.0,258.4,0.0,5.0,16.0,0.0,0.0,108.0,113.0,107.4,-3.945,-2.912,0.0,11.59,256.2,14.21,3.3,,-1.0,2.308,2.8,4901
2016-01-20 12:20:00,109.5,111.6,110.1,1067575.0,62.9,59.9,60.0,90.0,40799.0,507.0,93053.0,1025226.0,88.29999999999998,0.996,7.457999999999998,88.7,0.0,276.3,275.8,277.6,0.772,273.0,0.531,273.0,0.842,275.0,0.002,13.88,2.0,3.0,0.0,7.816,98.5,380.9,380.9,0.0,3.673,3.127,3.325,352.3,350.8,0.6099999999999999,0.0,11.72,12.15,13.65,11.86,10.9,8.849999999999998,11.81,-36.18,12.09,9.57,365.2,28.3,39.66,39.33,39.6,33.8,33.69,27.81,6507.0,9150.0,9106.0,9286.0,7901.0,7876.0,6380.0,10.71,15.01,14.88,14.99,12.79,12.75,10.52,0.0,378.4,0.0,60.14,0.0,258.5,0.0,5.0,16.0,0.0,0.0,106.9,112.0,106.3,-4.174,-3.498,0.0,11.52,263.5,15.32,3.0,,-1.0,1.465,2.3,4901
2016-01-20 12:21:00,107.9,110.2,108.7,1067577.0,62.9,59.9,60.0,88.79999999999998,40799.0,507.0,93053.0,1025228.0,87.09999999999998,0.997,7.227,87.4,0.0,276.0,275.9,277.7,0.772,273.0,0.531,273.0,0.842,275.0,0.002,13.88,2.0,3.0,0.0,7.854,97.2,383.0,382.5,0.0,3.614,3.0810000000000004,3.27,347.2,345.6,0.5989999999999999,0.0,11.75,12.07,13.46,11.8,11.03,8.83,11.75,11.5,12.3,9.49,359.6,27.81,38.88,38.43,38.86,33.22,33.01,27.2,6507.0,9150.0,9106.0,9286.0,7902.0,7876.0,6380.0,10.58,14.78,14.62,14.78,12.63,12.56,10.35,0.0,380.3,0.0,60.14,0.0,253.8,0.0,5.0,16.0,0.0,0.0,105.4,110.4,104.8,-4.255,-2.918,0.0,11.56,243.8,26.47,3.0,,-1.0,0.5849999999999999,0.9,4901
2016-01-20 12:22:00,104.8,107.1,105.5,1067578.0,62.9,59.9,60.0,86.09999999999998,40799.0,507.0,93053.0,1025229.0,84.5,0.997,6.75,84.79999999999998,0.0,275.9,275.8,277.6,0.772,273.0,0.531,272.9,0.842,274.9,0.002,13.88,2.0,3.0,0.0,7.885,94.7,385.3,385.6,0.0,3.502,2.987,3.168,337.1,335.5,0.6039999999999999,0.0,11.79,11.76,13.23,11.59,10.96,8.91,11.72,-14.61,12.33,9.51,348.5,26.81,37.4,37.19,37.59,32.03,31.78,26.34,6507.0,9150.0,9106.0,9286.0,7902.0,7877.0,6380.0,10.25,14.29,14.21,14.37,12.24,12.15,10.07,0.0,382.2,0.0,60.12,0.0,245.9,0.0,5.0,16.0,0.0,0.0,102.3,107.2,101.7,-4.114,-2.565,0.0,11.22,0.0,0.0,3.367,,-1.0,,,4901
2016-01-20 12:23:00,99.7,101.9,100.4,1067579.0,62.9,59.9,60.0,81.79999999999998,40799.0,507.0,93053.0,1025230.0,80.29999999999998,0.997,5.994,80.5,0.0,276.4,275.5,277.4,0.772,273.0,0.531,273.0,0.842,275.0,0.002,13.88,2.0,3.0,0.0,7.905,90.0,385.1,386.0,0.0,3.324,2.834,3.004,321.0,319.4,0.6039999999999999,0.0,11.84,11.59,13.05,11.35,10.75,8.82,11.48,-10.48,12.15,9.52,331.0,25.36,35.56,35.21,35.4,30.23,30.21,24.94,6507.0,9150.0,9106.0,9286.0,7902.0,7877.0,6381.0,9.73,13.65,13.51,13.58,11.6,11.59,9.57,0.0,383.8,0.0,60.13,0.0,233.7,0.0,5.0,16.0,0.0,0.0,97.2,101.9,96.5,-4.151,-2.632,0.0,11.03,287.1,21.84,3.333,,-1.0,0.8469999999999999,1.4,4901
2016-01-20 12:24:00,98.7,100.9,99.4,1067581.0,62.9,59.9,60.0,81.0,40799.0,507.0,93053.0,1025232.0,79.59999999999998,0.997,5.872000000000001,79.81999999999998,0.0,276.2,275.5,277.5,0.772,273.0,0.531,272.9,0.842,275.0,0.001,13.84,2.0,3.0,0.0,7.927,89.09999999999998,380.9,382.5,0.0,3.277,2.798,2.964,317.5,315.9,0.6029999999999999,0.0,11.91,11.35,12.8,11.2,10.49,8.65,11.25,10.81,11.89,9.3,326.6,25.46,35.59,35.14,35.62,30.42,30.24,24.86,6507.0,9151.0,9107.0,9286.0,7902.0,7877.0,6381.0,9.670000000000002,13.51,13.34,13.52,11.55,11.48,9.44,0.0,379.7,0.0,60.15,0.0,233.9,0.0,5.0,16.0,0.0,0.0,96.3,101.1,95.7,-4.092,-2.613,0.0,10.68,239.8,36.07,3.333,,-1.0,0.8349999999999999,1.5,4901
2016-01-20 12:25:00,98.8,100.9,99.5,1067582.0,62.9,59.9,60.0,81.0,40799.0,507.0,93054.0,1025233.0,79.54999999999998,0.997,5.868,79.76,0.0,276.1,275.5,277.3,0.772,273.0,0.531,272.9,0.842,274.7,0.001,13.84,2.0,3.0,0.0,7.927,89.5,383.1,381.5,0.0,3.263,2.787,2.95,316.9,315.1,0.6029999999999999,0.0,11.91,11.14,12.6,11.02,10.16,8.17,10.9,-15.5,11.46,9.22,326.2,25.44,35.48,35.38,35.65,30.39,30.14,24.99,6507.0,9151.0,9107.0,9287.0,7902.0,7877.0,6381.0,9.65,13.47,13.43,13.53,11.53,11.44,9.49,0.0,379.5,0.0,60.13,0.0,233.6,0.0,5.0,16.0,0.0,0.0,96.2,101.0,95.6,-3.828,-3.227,0.0,10.71,318.2,72.92,3.0,,-1.0,0.545,1.2,4901
2016-01-20 12:26:00,100.5,102.6,101.2,1067584.0,62.9,59.9,60.0,82.4,40799.0,507.0,93054.0,1025234.0,81.0,0.997,6.11,81.2,0.0,276.2,275.6,277.3,0.772,273.0,0.531,273.0,0.842,274.6,0.002,13.84,2.0,3.0,0.0,7.927,90.7,381.3,381.2,0.0,3.314,2.829,2.9960000000000004,322.1,320.4,0.5889999999999999,0.0,11.91,10.88,12.16,10.75,10.18,8.23,10.72,10.42,11.14,9.14,331.6,25.86,36.28,36.0,36.16,30.9,30.85,25.45,6508.0,9151.0,9107.0,9287.0,7903.0,7877.0,6381.0,9.8,13.75,13.64,13.7,11.71,11.69,9.65,0.0,379.0,0.0,60.21,0.0,237.9,0.0,5.0,16.0,0.0,0.0,97.9,102.8,97.4,-3.84,-3.548,0.0,10.37,286.9,14.52,3.0,,-1.0,0.663,1.1,4901
2016-01-20 12:27:00,101.9,104.1,102.6,1067585.0,62.9,59.9,60.0,83.59999999999998,40799.0,507.0,93054.0,1025236.0,82.09999999999998,0.997,6.339,82.4,0.0,276.0,275.6,277.3,0.772,272.9,0.531,273.0,0.842,274.2,0.002,13.84,2.0,3.0,0.0,7.911,92.1,381.7,381.0,0.0,3.3560000000000003,2.864,3.034,326.5,324.9,0.527,0.0,11.94,10.67,11.97,10.62,9.98,8.12,10.64,10.26,11.03,8.92,335.9,26.27,36.81,36.56,36.79,31.32,31.27,25.82,6508.0,9151.0,9107.0,9287.0,7903.0,7878.0,6381.0,9.95,13.94,13.85,13.93,11.87,11.85,9.78,0.0,378.8,0.0,60.23,0.0,241.2,0.0,5.0,16.0,0.0,0.0,99.4,104.3,98.8,-3.791,-3.1,0.0,10.01,246.2,19.93,2.667,,-1.0,1.915,3.1,4901
2016-01-20 12:28:00,103.3,105.4,103.9,1067586.0,62.9,59.9,60.0,84.7,40799.0,507.0,93054.0,1025237.0,83.09999999999998,0.997,6.518,83.4,0.0,276.0,275.5,277.1,0.772,272.3,0.531,272.7,0.842,274.0,0.002,13.84,2.0,3.0,0.0,7.894,93.2,383.9,383.4,0.0,3.388,2.883,3.0610000000000004,329.4,328.2,0.272,0.0,12.0,10.11,11.53,10.22,9.38,7.436,10.17,9.72,10.52,8.04,339.4,26.44,36.99,36.88,37.0,31.53,31.48,26.07,6508.0,9152.0,9108.0,9287.0,7903.0,7878.0,6381.0,10.06,14.08,14.04,14.08,12.0,11.98,9.920000000000002,0.0,380.6,0.0,60.14,0.0,242.7,0.0,5.0,16.0,0.0,0.0,100.6,105.5,100.1,-4.148,-3.011,0.0,9.340000000000002,264.7,4.258,2.167,3.467,-1.0,1.725,2.9,4901
2016-01-20 12:29:00,101.0,103.1,101.7,1067588.0,62.9,59.9,60.0,82.7,40799.0,507.0,93054.0,1025238.0,81.29999999999998,0.997,6.178,81.5,0.0,275.7,275.6,277.2,0.772,272.2,0.531,272.6,0.842,274.0,0.002,13.84,2.0,3.0,0.0,7.871,91.2,387.1,387.0,0.0,3.313,2.817,2.992,321.8,321.2,0.5969999999999999,0.0,12.0,9.77,11.22,10.02,9.06,7.148,10.0,9.54,10.52,7.907999999999999,332.0,25.65,35.81,35.51,35.79,30.54,30.5,25.11,6508.0,9152.0,9108.0,9288.0,7903.0,7878.0,6382.0,9.87,13.77,13.66,13.77,11.74,11.73,9.66,0.0,384.6,0.0,60.15,0.0,235.8,0.0,5.0,16.0,0.0,0.0,98.4,103.2,97.8,-4.079,-3.447,0.0,9.25,238.7,6.575,3.0,,-1.0,0.92,1.4,4901
2016-01-20 12:30:00,98.2,100.4,98.9,1067589.0,62.9,59.9,60.0,80.5,40799.0,507.0,93054.0,1025240.0,79.04999999999998,0.997,5.785,79.26,0.0,275.7,275.5,277.3,0.772,272.4,0.531,272.2,0.842,274.0,0.002,13.84,2.0,3.0,0.0,7.845,88.79999999999998,385.3,385.4,0.0,3.216,2.732,2.905,312.8,312.8,0.6099999999999999,0.0,12.0,9.4,10.76,10.0,9.04,7.132999999999999,9.9,-12.19,10.57,7.986,322.9,25.09,35.01,34.71,35.0,29.83,29.86,24.5,6508.0,9152.0,9108.0,9288.0,7903.0,7878.0,6382.0,9.61,13.4,13.29,13.4,11.42,11.43,9.38,0.0,382.8,0.0,60.15,0.0,230.5,0.0,5.0,16.0,0.0,0.0,95.7,100.4,95.1,-3.998,-3.5610000000000004,0.0,8.32,240.2,27.2,3.0,,-1.0,0.788,1.4,4901
2016-01-20 12:31:00,95.3,97.4,96.0,1067590.0,62.9,59.9,60.0,78.03,40799.0,507.0,93054.0,1025241.0,76.65999999999998,0.998,5.35,76.84999999999998,0.0,276.0,275.4,277.1,0.772,272.5,0.531,272.5,0.842,274.2,0.002,13.84,2.0,3.0,0.0,7.815,86.5,387.5,386.9,0.0,3.116,2.648,2.815,303.2,303.7,0.6069999999999999,0.0,12.09,8.55,9.590000000000002,9.99,9.02,7.084,9.72,-11.66,10.19,8.179999999999998,313.8,24.24,33.77,33.57,33.79,28.82,28.88,23.68,6508.0,9152.0,9108.0,9288.0,7904.0,7878.0,6382.0,9.32,12.99,12.91,12.99,11.08,11.1,9.11,0.0,384.5,0.0,60.14,0.0,223.2,0.0,5.0,16.0,0.0,0.0,92.8,97.4,92.1,-3.69,-3.723,0.0,7.377999999999998,197.5,22.49,4.1,,-1.0,0.875,2.1,4901
2016-01-20 12:32:00,91.8,93.9,92.5,1067592.0,62.9,59.9,60.0,75.06,40799.0,507.0,93054.0,1025242.0,73.72,0.998,4.827,73.87,0.0,275.4,275.6,277.4,0.772,272.2,0.531,272.3,0.842,274.3,0.002,13.84,2.0,3.0,0.0,7.782,83.2,387.3,387.5,0.0,2.995,2.544,2.705,291.6,292.2,0.5969999999999999,0.0,12.1,8.37,9.090000000000002,9.6,8.849999999999998,6.944,9.420000000000002,9.53,9.7,8.269999999999998,301.6,23.2,32.41,32.25,32.34,27.6,27.78,22.76,6509.0,9153.0,9109.0,9288.0,7904.0,7879.0,6382.0,8.939999999999998,12.5,12.43,12.47,10.64,10.71,8.779999999999998,0.0,385.6,0.0,60.14,0.0,214.9,0.0,5.0,16.0,0.0,0.0,89.2,93.8,88.5,-3.324,-3.995,0.0,7.643,185.3,17.02,3.367,,-1.0,1.488,3.0,4901
2016-01-20 12:33:00,88.09999999999998,90.2,88.79999999999998,1067593.0,62.9,59.9,60.0,71.99,40799.0,507.0,93054.0,1025244.0,70.74,0.998,4.3,70.87,0.0,275.8,275.5,277.4,0.772,272.8,0.531,272.6,0.842,274.8,0.002,13.84,2.0,3.0,0.0,7.737,80.2,386.3,387.0,0.0,2.866,2.436,2.589,279.8,280.4,0.5969999999999999,0.0,12.18,8.31,9.1,9.57,8.97,7.132999999999999,9.41,-37.58,9.75,8.21,289.2,22.4,31.19,31.12,31.26,26.65,26.74,21.94,6509.0,9153.0,9109.0,9288.0,7904.0,7879.0,6382.0,8.59,11.97,11.94,12.0,10.22,10.26,8.42,0.0,383.7,0.0,60.16,0.0,207.5,0.0,5.0,16.0,0.0,0.0,85.5,90.0,84.9,-3.167,-3.944,0.0,7.644999999999999,193.5,33.07,3.0,,-1.0,0.5869999999999999,1.3,4901
2016-01-20 12:34:00,85.4,87.5,86.09999999999998,1067594.0,62.9,59.9,60.0,69.71,40799.0,507.0,93054.0,1025245.0,68.52,0.998,3.946,68.63,0.0,276.0,275.3,277.2,0.772,272.9,0.531,272.7,0.842,274.9,0.003,13.84,2.0,3.0,0.0,7.689,78.06999999999998,387.0,385.5,0.0,2.773,2.359,2.503,271.4,271.7,0.6109999999999999,0.0,12.2,8.279999999999998,9.02,9.46,8.849999999999998,7.198,9.23,-16.69,9.75,8.279999999999998,279.9,21.72,30.25,30.06,30.28,25.85,25.94,21.2,6509.0,9153.0,9109.0,9289.0,7904.0,7879.0,6382.0,8.33,11.61,11.54,11.62,9.920000000000002,9.96,8.14,0.0,383.8,0.0,60.16,0.0,201.8,0.0,5.0,16.0,0.0,0.0,82.79999999999998,87.29999999999998,82.2,-3.137,-3.878,0.0,7.541,158.5,53.76,3.0,,-1.0,0.5979999999999999,1.0,4901
2016-01-20 12:35:00,82.7,84.9,83.5,1067595.0,62.9,59.9,60.0,67.48,40799.0,507.0,93054.0,1025246.0,66.44,0.999,3.582,66.53,0.0,275.9,275.3,277.2,0.772,272.7,0.531,272.1,0.842,274.3,0.0,13.84,2.0,3.0,0.0,7.622999999999998,75.93,386.3,385.6,0.0,2.684,2.285,2.421,263.3,263.4,0.5979999999999999,0.0,12.24,7.706,8.39,9.3,8.8,7.131,9.04,9.36,9.41,8.26,271.1,21.13,29.35,29.15,29.45,25.13,25.16,20.55,6509.0,9153.0,9109.0,9289.0,7904.0,7879.0,6382.0,8.099999999999998,11.25,11.17,11.29,9.63,9.64,7.875,0.0,383.3,0.0,60.19,0.0,196.6,0.0,5.0,16.0,0.0,0.0,80.2,84.7,79.64,-3.039,-3.962,0.0,6.53,196.3,11.22,3.0,,-1.0,0.953,1.2,4901
2016-01-20 12:36:00,81.7,84.0,82.59999999999998,1067596.0,62.9,59.9,60.0,66.75,40799.0,507.0,93055.0,1025247.0,65.73,0.999,3.447,65.82,0.0,276.2,275.3,277.1,0.772,273.0,0.531,272.8,0.842,274.8,0.002,13.84,2.0,3.0,0.0,7.564,74.97,384.3,384.2,0.0,2.65,2.256,2.391,260.3,260.2,0.639,0.0,12.29,7.162000000000001,7.642,9.01,8.65,6.908,8.88,-12.24,9.090000000000002,8.14,267.5,20.89,29.08,29.03,29.21,24.89,24.93,20.49,6509.0,9153.0,9109.0,9289.0,7904.0,7879.0,6383.0,7.982,11.11,11.09,11.16,9.51,9.53,7.83,0.0,382.1,0.0,60.15,0.0,195.1,0.0,5.0,16.0,0.0,0.0,79.33,83.79999999999998,78.76999999999998,-3.0780000000000003,-3.801,0.0,6.179,230.2,30.56,3.0,,-1.0,1.233,2.2,4901
2016-01-20 12:37:00,80.7,82.9,81.5,1067597.0,62.9,59.9,60.0,65.78,40799.0,507.0,93055.0,1025248.0,64.75,0.999,3.294,64.83,0.0,275.7,275.5,277.3,0.772,273.0,0.531,272.8,0.842,274.4,0.002,13.84,2.0,3.0,0.0,7.507,73.95999999999998,384.9,386.4,0.0,2.607,2.219,2.351,256.2,256.0,0.3929999999999999,0.0,12.29,6.987,7.276,8.689999999999998,8.359999999999998,6.459,8.519999999999998,-38.76,8.689999999999998,7.71,263.1,20.55,28.52,28.51,28.69,24.43,24.4,20.11,6509.0,9153.0,9109.0,9289.0,7905.0,7879.0,6383.0,7.877,10.94,10.93,11.0,9.37,9.36,7.711,0.0,383.4,0.0,60.15,0.0,192.2,0.0,5.0,16.0,0.0,0.0,78.15,82.59999999999998,77.59999999999998,-3.2510000000000003,-3.599,0.0,6.191,249.2,48.49,2.7,,-1.0,1.23,2.8,4901
2016-01-20 12:38:00,79.37999999999998,81.59999999999998,80.2,1067598.0,62.9,59.9,60.0,64.71,40799.0,507.0,93055.0,1025249.0,63.75,0.999,3.109,63.82,0.0,275.7,275.5,277.3,0.772,273.0,0.531,272.8,0.842,274.6,0.002,13.84,2.0,3.0,0.0,7.445,73.31,386.5,385.8,0.0,2.562,2.177,2.31,251.6,251.4,0.508,0.0,12.29,6.614,7.197,8.06,7.67,5.757000000000001,7.928,8.07,8.189999999999998,6.939,258.3,20.14,28.19,28.14,28.15,23.89,24.08,19.83,6509.0,9154.0,9110.0,9289.0,7905.0,7880.0,6383.0,7.729,10.82,10.8,10.81,9.170000000000002,9.24,7.612999999999999,0.0,383.9,0.0,60.15,0.0,189.7,0.0,5.0,16.0,0.0,0.0,76.92,81.29999999999998,76.37,-3.592,-3.145,0.0,5.784,262.7,13.31,2.667,,-1.0,2.803,4.1,4901
2016-01-20 12:39:00,78.51999999999998,80.7,79.33,1067599.0,62.9,59.9,60.0,63.91,40799.0,507.0,93055.0,1025250.0,62.98,0.999,2.99,63.05,0.0,275.7,275.1,276.9,0.772,272.3,0.531,272.2,0.842,274.1,0.002,13.84,2.0,3.0,0.0,7.382,72.42,386.5,386.8,0.0,2.525,2.14,2.277,247.8,247.5,0.682,0.0,12.29,5.945,6.8420000000000005,7.272,6.839,4.932,7.187,-14.45,7.5139999999999985,5.59,254.3,19.94,27.78,27.72,27.84,23.69,23.7,19.53,6510.0,9154.0,9110.0,9290.0,7905.0,7880.0,6383.0,7.659,10.67,10.65,10.7,9.1,9.11,7.502,0.0,384.2,0.0,60.15,0.0,187.4,0.0,5.0,16.0,0.0,0.0,76.04,80.4,75.45999999999998,-4.109,-2.995,0.0,5.096,278.8,10.79,3.367,,-1.0,3.487,4.1,4901
2016-01-20 12:40:00,77.54999999999998,79.79999999999998,78.37999999999998,1067601.0,62.9,59.9,60.0,63.17,40799.0,507.0,93055.0,1025251.0,62.24,0.999,2.834,62.3,0.0,275.6,275.4,277.3,0.772,273.0,0.531,273.0,0.842,275.0,0.002,13.84,2.0,3.0,0.0,7.309999999999999,71.85,389.1,388.4,0.0,2.496,2.116,2.249,244.4,244.0,0.685,0.0,12.29,5.529,6.571000000000001,6.571000000000001,6.138999999999999,4.31,6.546,6.309,6.905,4.664,250.6,19.68,27.33,27.11,27.43,23.4,23.3,19.12,6510.0,9154.0,9110.0,9290.0,7905.0,7880.0,6383.0,7.596,10.55,10.47,10.59,9.03,8.99,7.381,0.0,386.0,0.0,60.15,0.0,184.7,0.0,5.0,16.0,0.0,0.0,75.09,79.42,74.48999999999998,-4.309,-2.991,0.0,4.685,260.8,6.073,3.0,,-1.0,2.982,3.9,4901
2016-01-20 12:41:00,76.76,78.84,77.53,1067602.0,62.9,59.9,60.0,62.41,40799.0,507.0,93055.0,1025252.0,61.48,0.999,2.739,61.54,0.0,275.9,275.2,277.0,0.772,272.9,0.531,272.9,0.842,274.4,0.002,13.84,2.0,3.0,0.0,7.234,70.9,388.4,388.8,0.0,2.466,2.094,2.222,241.1,240.7,0.657,0.0,12.31,5.1160000000000005,6.297999999999999,5.976,5.352,3.785,5.954,-46.21,6.377999999999999,4.185,247.1,19.38,27.04,26.88,27.04,23.06,23.04,18.97,6510.0,9154.0,9110.0,9290.0,7905.0,7880.0,6383.0,7.48,10.44,10.38,10.44,8.9,8.89,7.32,0.0,385.9,0.0,60.22,0.0,182.5,0.0,5.0,16.0,0.0,0.0,74.18,78.53,73.61,-4.359,-3.289,0.0,4.415,246.1,12.22,3.0,,-1.0,2.553,3.5,4901
2016-01-20 12:42:00,75.56,77.75,76.4,1067603.0,62.9,59.9,60.0,61.47,40799.0,507.0,93055.0,1025253.0,60.59,0.999,2.5780000000000003,60.65,0.0,275.7,275.4,277.1,0.772,273.0,0.531,273.0,0.842,274.7,0.002,13.84,2.0,3.0,0.0,7.152,70.05,389.9,389.7,0.0,2.431,2.066,2.19,237.4,236.8,0.66,0.0,12.33,4.843,6.059,5.339,4.578,2.9810000000000003,5.296,-47.58,5.706,3.921,243.3,19.05,26.54,26.34,26.6,22.7,22.63,18.6,6510.0,9154.0,9110.0,9290.0,7905.0,7880.0,6383.0,7.376,10.28,10.2,10.3,8.79,8.76,7.203,0.0,387.3,0.0,60.22,0.0,179.7,0.0,5.0,16.0,0.0,0.0,73.08,77.4,72.5,-4.309,-3.672,0.0,4.272,243.3,9.71,3.0,3.472,-1.0,2.373,3.3,4901
2016-01-20 12:43:00,74.08,76.34,74.95999999999998,1067604.0,62.9,59.9,60.0,60.26,40799.0,507.0,93055.0,1025254.0,59.41,0.999,2.373,59.46,0.0,275.8,275.2,277.0,0.772,273.0,0.531,273.0,0.842,274.7,0.002,13.84,2.0,3.0,0.0,7.072,68.56,389.1,390.0,0.0,2.383,2.028,2.146,232.8,232.0,0.669,0.0,12.33,4.587,5.885,5.037,4.413,2.75,5.042,-73.51,5.485,3.728,238.4,18.64,26.08,25.91,26.04,22.22,22.23,18.3,6510.0,9155.0,9110.0,9290.0,7906.0,7880.0,6383.0,7.215,10.1,10.03,10.08,8.599999999999998,8.609999999999998,7.084,0.0,387.1,0.0,60.19,0.0,176.2,0.0,5.0,16.0,0.0,0.0,71.62,75.93,71.07,-4.289,-3.5660000000000003,0.0,4.025,254.1,8.42,3.0,3.472,-1.0,1.958,2.5,4901
2016-01-20 12:44:00,73.33,75.61,74.26,1067605.0,62.9,59.9,60.0,59.65,40799.0,507.0,93055.0,1025255.0,58.86,0.999,2.255,58.9,0.0,275.8,275.3,277.0,0.772,273.0,0.531,272.9,0.842,274.7,0.003,13.84,2.0,3.0,0.0,6.988,68.07,389.8,390.3,0.0,2.363,2.013,2.126,230.7,229.5,0.642,0.0,12.34,4.412,5.756,4.891,4.3,2.7,4.979,-21.53,5.564,3.4360000000000004,236.1,18.43,25.81,25.66,25.81,21.99,22.0,18.12,6510.0,9155.0,9111.0,9290.0,7906.0,7880.0,6383.0,7.135,9.99,9.93,9.99,8.51,8.519999999999998,7.017,0.0,387.2,0.0,60.14,0.0,174.6,0.0,5.0,16.0,0.0,0.0,70.95,75.19,70.43,-4.235,-3.3710000000000004,0.0,3.927,260.3,23.42,3.0,3.465,-1.0,2.018,3.3,4901
2016-01-20 12:45:00,73.14,75.44,74.06999999999998,1067606.0,62.9,59.9,60.0,59.47,40799.0,507.0,93055.0,1025256.0,58.68,0.999,2.2430000000000003,58.72,0.0,275.5,275.2,277.0,0.772,272.9,0.531,272.3,0.842,274.0,0.002,13.88,1.0,3.0,0.0,6.902,67.89,388.6,388.8,0.0,2.355,2.008,2.12,230.1,228.4,0.7099999999999999,0.0,12.3,4.299,5.629,4.717,4.19,2.59,4.805,-22.21,5.404,3.167,235.1,18.44,25.87,25.7,25.82,22.04,22.02,18.15,6510.0,9155.0,9111.0,9291.0,7906.0,7881.0,6384.0,7.114,9.98,9.91,9.96,8.51,8.49,7.004,0.0,385.8,0.0,60.17,0.0,174.7,0.0,5.0,16.0,0.0,0.0,70.73,75.04999999999998,70.24,-4.196000000000001,-3.259,0.0,3.816,0.0,0.0,3.0,,-1.0,,,4901
2016-01-20 12:46:00,73.0,75.29999999999998,73.9,1067607.0,62.9,59.9,60.0,59.31,40799.0,507.0,93055.0,1025257.0,58.52,0.999,2.212,58.57,0.0,275.4,275.0,276.8,0.772,272.3,0.531,272.1,0.842,274.1,0.002,13.88,2.0,3.0,0.0,6.816,67.51,389.1,390.1,0.0,2.354,2.009,2.115,229.7,227.5,0.6509999999999999,0.0,12.27,4.171,5.565,4.524,4.1080000000000005,2.5610000000000004,4.709,-64.31,5.361000000000001,2.957,234.2,18.25,25.73,25.52,25.62,21.85,21.88,18.05,6510.0,9155.0,9111.0,9291.0,7906.0,7881.0,6384.0,7.07,9.97,9.88,9.920000000000002,8.46,8.47,6.992000000000001,0.0,387.4,0.0,60.14,0.0,173.5,0.0,5.0,16.0,0.0,0.0,70.61,74.9,70.07,-4.209,-3.088,0.0,3.722,0.0,0.0,3.0,,-1.0,,,4901
2016-01-20 12:47:00,72.64,75.01999999999998,73.58,1067608.0,62.9,59.9,60.0,58.98,40799.0,507.0,93055.0,1025258.0,58.23,0.999,2.191,58.27,0.0,275.2,274.7,276.7,0.772,272.0,0.531,272.0,0.842,274.0,0.002,13.88,2.0,3.0,0.0,6.732,67.33,389.6,389.3,0.0,2.342,2.003,2.103,228.7,225.9,0.643,0.0,12.25,4.075,5.436,4.268,3.849,2.299,4.435,-43.77,5.166,2.861,232.5,18.19,25.57,25.49,25.56,21.81,21.72,18.03,6510.0,9155.0,9111.0,9291.0,7906.0,7881.0,6384.0,7.032,9.89,9.86,9.88,8.429999999999998,8.4,6.972,0.0,386.6,0.0,60.15,0.0,172.9,0.0,5.0,16.0,0.0,0.0,70.27,74.62999999999998,69.78,-4.244,-2.963,0.0,3.542,253.3,22.91,3.0,3.465,-1.0,2.288,3.2,4901
2016-01-20 12:48:00,74.9,77.28,75.84999999999998,1067609.0,62.9,59.9,60.0,60.93,40799.0,507.0,93055.0,1025259.0,60.12,0.999,2.506,60.17,0.0,275.5,275.0,276.8,0.772,272.5,0.531,272.0,0.842,274.0,0.002,13.88,2.0,3.0,0.0,6.649,69.05,385.3,386.5,0.0,2.417,2.069,2.169,236.1,232.6,0.68,0.0,12.2,3.865,5.291,3.934,3.454,2.011,4.114,-44.24,4.828,2.541,239.7,18.89,26.67,26.45,26.55,22.72,22.61,18.72,6511.0,9155.0,9111.0,9291.0,7906.0,7881.0,6384.0,7.251,10.24,10.15,10.19,8.72,8.679999999999998,7.187,0.0,383.9,0.0,60.15,0.0,179.2,0.0,5.0,16.0,0.0,0.0,72.48999999999998,76.93,72.06999999999998,-4.406000000000001,-3.037,0.0,3.347,242.6,11.17,3.0,3.465,-1.0,2.77,3.6,4901
2016-01-20 12:49:00,78.26,80.59999999999998,79.17,1067610.0,62.9,59.9,60.0,63.73,40799.0,507.0,93055.0,1025260.0,62.79,0.999,2.964,62.86,0.0,276.1,274.8,276.6,0.772,272.5,0.531,272.0,0.842,274.0,0.002,13.88,1.0,3.0,0.0,6.564,72.0,386.3,386.7,0.0,2.53,2.172,2.269,246.7,242.5,0.684,0.0,12.2,3.936,5.106,3.934,3.407,1.936,4.007,-22.6,4.668,2.53,250.1,19.63,27.87,27.66,27.61,23.66,23.61,19.64,6511.0,9156.0,9112.0,9291.0,7906.0,7881.0,6384.0,7.54,10.7,10.62,10.6,9.090000000000002,9.07,7.542999999999998,0.0,384.1,0.0,60.13,0.0,186.4,0.0,5.0,16.0,0.0,0.0,75.76999999999998,80.29999999999998,75.34,-4.117,-3.283,0.0,3.467,240.3,25.3,3.0,3.467,-1.0,0.962,1.9,4901
2016-01-20 12:50:00,78.51,80.9,79.44,1067611.0,62.9,59.9,60.0,63.97,40799.0,507.0,93055.0,1025261.0,62.99,0.999,2.995,63.06,0.0,275.7,275.1,276.8,0.772,272.4,0.531,272.0,0.842,274.0,0.002,13.88,2.0,3.0,0.0,6.483,72.53,391.5,390.6,0.0,2.54,2.1790000000000003,2.276,247.2,243.1,0.6159999999999999,0.0,12.2,4.174,5.327000000000001,4.095,3.564,2.192,4.147,-90.9,4.8,2.687,250.3,19.52,27.6,27.5,27.53,23.49,23.38,19.52,6511.0,9156.0,9112.0,9291.0,7907.0,7881.0,6384.0,7.576,10.71,10.67,10.68,9.11,9.07,7.572999999999999,0.0,388.1,0.0,60.13,0.0,185.3,0.0,5.0,16.0,0.0,0.0,76.01,80.5,75.54999999999998,-4.005,-2.96,0.0,3.654,257.6,11.98,3.0,3.472,-1.0,2.002,3.1,4901
2016-01-20 12:51:00,79.09999999999998,81.4,79.98999999999998,1067612.0,62.9,59.9,60.0,64.44,40799.0,507.0,93055.0,1025262.0,63.49,0.999,3.0810000000000004,63.56,0.0,275.4,275.3,277.0,0.772,272.4,0.531,272.1,0.842,274.0,0.002,13.88,2.0,3.0,0.0,6.406000000000001,73.15,390.1,389.3,0.0,2.563,2.196,2.296,249.2,245.1,0.652,0.0,12.2,4.029,5.275,3.864,3.337,2.011,3.954,-18.08,4.704,2.541,251.8,19.82,27.94,27.71,27.9,23.87,23.67,19.65,6511.0,9156.0,9112.0,9292.0,7907.0,7881.0,6384.0,7.667999999999998,10.81,10.72,10.79,9.24,9.16,7.603,0.0,387.0,0.0,60.13,0.0,187.5,0.0,5.0,16.0,0.0,0.0,76.62999999999998,81.0,76.12999999999998,-4.236000000000001,-3.068,0.0,3.339,242.5,4.947,3.0,3.473,-1.0,2.86,3.6,4901
2016-01-20 12:52:00,79.67,81.9,80.5,1067613.0,62.9,59.9,60.0,64.94,40799.0,507.0,93055.0,1025263.0,63.96,0.999,3.173,64.03,0.0,275.5,275.4,277.1,0.772,272.6,0.531,272.5,0.842,274.0,0.002,13.88,2.0,3.0,0.0,6.331,73.48999999999998,390.1,389.8,0.0,2.584,2.214,2.314,250.9,246.7,0.6679999999999999,0.0,12.26,3.968,5.246,3.743,3.102,1.773,3.747,-43.63,4.416,2.367,253.5,19.84,28.03,27.9,28.0,23.9,23.75,19.8,6511.0,9156.0,9112.0,9292.0,7907.0,7882.0,6384.0,7.692999999999999,10.87,10.82,10.86,9.27,9.21,7.676,0.0,387.8,0.0,60.14,0.0,188.4,0.0,5.0,16.0,0.0,0.0,77.19,81.59999999999998,76.68,-4.324,-3.317,0.0,3.362,275.2,18.24,3.0,3.467,-1.0,2.218,2.9,4901
2016-01-20 12:53:00,80.29999999999998,82.5,81.09999999999998,1067614.0,62.9,59.9,60.0,65.43,40799.0,507.0,93055.0,1025264.0,64.44,0.999,3.2510000000000003,64.53,0.0,275.9,275.3,277.0,0.772,272.9,0.531,272.8,0.842,274.0,0.002,13.88,2.0,3.0,0.0,6.246,73.93,389.4,389.9,0.0,2.608,2.235,2.333,253.0,248.5,0.6579999999999999,0.0,12.25,3.962,5.328,3.728,3.195,1.933,3.762,-18.09,4.494,2.303,255.2,20.01,28.17,28.09,28.3,24.17,23.86,19.95,6511.0,9156.0,9112.0,9292.0,7907.0,7882.0,6385.0,7.76,10.92,10.89,10.97,9.37,9.25,7.735,0.0,387.8,0.0,60.15,0.0,189.9,0.0,5.0,16.0,0.0,0.0,77.78,82.2,77.28,-4.3660000000000005,-3.373,0.0,3.3510000000000004,259.5,17.99,3.0,3.465,-1.0,1.802,2.7,4901
2016-01-20 12:54:00,81.0,83.29999999999998,81.9,1067615.0,62.9,59.9,60.0,66.08,40799.0,507.0,93055.0,1025265.0,65.08,0.999,3.384,65.17,0.0,275.7,275.4,277.1,0.772,272.9,0.531,272.6,0.842,274.0,0.002,13.88,2.0,3.0,0.0,6.1610000000000005,74.76999999999998,388.8,388.2,0.0,2.639,2.266,2.359,256.3,250.9,0.63,0.0,12.17,4.144,5.374,3.81,3.281,2.0580000000000003,3.783,-17.35,4.469,2.399,258.0,20.23,28.69,28.63,28.64,24.45,24.27,20.34,6511.0,9156.0,9112.0,9292.0,7907.0,7882.0,6385.0,7.804999999999999,11.07,11.04,11.05,9.43,9.36,7.848,0.0,385.8,0.0,60.2,0.0,192.3,0.0,5.0,16.0,0.0,0.0,78.53,83.09999999999998,78.04,-4.375,-3.414,0.0,3.539,281.8,22.57,3.0,3.472,-1.0,1.505,2.8,4901
2016-01-20 12:55:00,84.4,86.7,85.2,1067616.0,62.9,59.9,60.0,68.88,40799.0,507.0,93055.0,1025267.0,67.77,0.998,3.856,67.88,0.0,275.5,275.4,277.2,0.772,272.2,0.531,272.1,0.842,274.0,0.002,13.88,2.0,3.0,0.0,6.091,77.58,388.5,388.5,0.0,2.747,2.364,2.454,266.9,260.4,0.6859999999999999,0.0,12.17,4.155,5.257999999999999,3.921,3.423,2.128,3.876,3.447,4.544,2.381,268.0,21.02,29.88,29.75,29.81,25.47,25.22,21.16,6511.0,9157.0,9113.0,9292.0,7907.0,7882.0,6385.0,8.12,11.54,11.49,11.51,9.840000000000002,9.74,8.17,0.0,386.2,0.0,60.15,0.0,199.7,0.0,5.0,16.0,0.0,0.0,81.79999999999998,86.5,81.29999999999998,-4.174,-3.346,0.0,3.247,258.3,17.32,3.0,3.467,-1.0,2.317,3.8,4901
2016-01-20 12:56:00,88.09999999999998,90.5,89.0,1067618.0,62.9,59.9,60.0,72.08,40799.0,507.0,93055.0,1025268.0,70.91,0.998,4.399,71.05,0.0,275.4,275.6,277.3,0.772,272.3,0.531,272.1,0.842,274.0,0.002,13.88,2.0,3.0,0.0,6.023,80.79999999999998,384.4,383.8,0.0,2.883,2.486,2.573,280.6,273.0,0.689,0.0,12.17,4.016,4.827,4.099,3.583,2.178,4.023,-25.95,4.6080000000000005,2.548,281.1,22.21,31.7,31.56,31.49,26.96,26.69,22.48,6512.0,9157.0,9113.0,9293.0,7907.0,7882.0,6385.0,8.48,12.1,12.05,12.02,10.29,10.19,8.58,0.0,381.8,0.0,60.14,0.0,210.2,0.0,5.0,16.0,0.0,0.0,85.7,90.4,85.2,-4.057,-3.691,0.0,3.095,257.6,16.04,3.0,3.473,-1.0,1.48,2.2,4901
2016-01-20 12:57:00,93.2,95.5,94.0,1067619.0,62.9,59.9,60.0,76.28,40799.0,507.0,93056.0,1025269.0,74.92,0.998,5.115,75.09,0.0,276.1,275.2,276.9,0.772,272.0,0.531,272.0,0.842,274.0,0.002,13.88,2.0,3.0,0.0,5.954,85.2,387.9,387.5,0.0,3.0380000000000003,2.624,2.7110000000000003,295.5,287.0,0.692,0.0,12.21,4.14,4.926,4.32,3.828,2.512,4.215,3.928,4.8,2.815,296.3,23.22,33.14,32.98,32.98,28.2,27.91,23.5,6512.0,9157.0,9113.0,9293.0,7908.0,7882.0,6385.0,8.949999999999998,12.77,12.7,12.7,10.86,10.75,9.05,0.0,385.2,0.0,60.14,0.0,219.8,0.0,5.0,16.0,0.0,0.0,90.6,95.4,90.1,-3.826,-3.687,0.0,3.235,255.9,11.46,3.0,3.473,-1.0,1.642,2.8,4901
2016-01-20 12:58:00,98.2,100.5,99.0,1067620.0,62.9,59.9,60.0,80.5,40799.0,507.0,93056.0,1025270.0,79.01999999999998,0.997,5.857,79.23,0.0,275.6,275.4,277.0,0.772,272.0,0.531,272.0,0.842,274.0,0.002,13.88,2.0,3.0,0.0,5.891,89.7,386.0,385.9,0.0,3.209,2.7710000000000004,2.863,312.0,302.8,0.674,0.0,12.21,4.304,4.961,4.561,4.113,2.722,4.407,-17.08,4.978,2.923,313.2,24.57,35.16,35.0,34.89,29.84,29.59,24.94,6512.0,9157.0,9113.0,9293.0,7908.0,7883.0,6385.0,9.420000000000002,13.48,13.42,13.38,11.44,11.34,9.56,0.0,383.4,0.0,60.15,0.0,232.4,0.0,5.0,16.0,0.0,0.0,95.7,100.6,95.1,-3.802,-3.625,0.0,3.37,257.7,8.8,3.0,3.465,-1.0,2.598,3.6,4901
2016-01-20 12:59:00,99.2,101.4,100.0,1067621.0,62.9,59.9,60.0,81.29999999999998,40799.0,507.0,93056.0,1025272.0,79.78,0.997,5.972,80.0,0.0,275.8,275.2,276.9,0.772,272.0,0.531,272.0,0.842,274.0,0.002,13.88,2.0,3.0,0.0,5.831,90.6,391.7,391.8,0.0,3.238,2.7910000000000004,2.889,314.0,305.1,0.6829999999999999,0.0,12.21,4.496,5.136,4.704,4.259,2.769,4.517,4.313,5.027,2.911,315.9,24.46,34.87,34.68,34.67,29.66,29.41,24.75,6512.0,9158.0,9113.0,9293.0,7908.0,7883.0,6385.0,9.52,13.58,13.51,13.5,11.55,11.45,9.64,0.0,389.4,0.0,60.15,0.0,231.3,0.0,5.0,16.0,0.0,0.0,96.6,101.5,96.1,-3.925,-3.663,0.0,3.564,257.3,13.86,3.0,3.467,-1.0,2.062,2.9,4901
2016-01-20 13:00:00,99.5,101.7,100.2,1067623.0,62.9,59.9,60.0,81.59999999999998,40799.0,507.0,93056.0,1025273.0,80.09999999999998,0.997,5.99,80.29999999999998,0.0,276.1,275.3,277.1,0.772,272.4,0.531,272.5,0.842,274.1,0.002,13.88,2.0,3.0,0.0,5.778,90.6,389.3,390.7,0.0,3.255,2.803,2.905,315.7,307.0,0.7279999999999999,0.0,12.21,4.897,5.5360000000000005,4.931,4.4830000000000005,3.01,4.827,-21.53,5.312,3.025,317.3,24.63,35.23,35.0,34.91,29.88,29.69,24.97,6512.0,9158.0,9114.0,9293.0,7908.0,7883.0,6386.0,9.55,13.67,13.57,13.54,11.59,11.51,9.68,0.0,387.9,0.0,60.13,0.0,232.7,0.0,5.0,16.0,0.0,0.0,96.9,101.7,96.3,-4.043,-3.417,0.0,4.128,274.4,22.56,3.0,3.467,-1.0,2.313,3.1,4901
2016-01-20 13:01:00,101.0,103.2,101.7,1067624.0,62.9,59.9,60.0,82.9,40799.0,507.0,93056.0,1025274.0,81.4,0.997,6.218,81.59999999999998,0.0,276.1,275.6,277.3,0.772,272.9,0.531,273.0,0.842,274.4,0.002,13.88,2.0,3.0,0.0,5.727,92.1,389.3,389.0,0.0,3.3080000000000003,2.8480000000000003,2.9530000000000003,320.7,311.8,0.6999999999999998,0.0,12.26,5.04,5.695,4.957,4.462,3.071,4.886,-68.52,5.374,2.989,322.5,25.13,35.85,35.56,35.64,30.51,30.16,25.32,6512.0,9158.0,9114.0,9294.0,7908.0,7883.0,6386.0,9.72,13.87,13.76,13.79,11.8,11.67,9.8,0.0,386.9,0.0,60.15,0.0,236.5,0.0,5.0,16.0,0.0,0.0,98.4,103.3,97.8,-4.143,-3.0980000000000003,0.0,4.111000000000001,258.4,8.679999999999998,3.0,3.468,-1.0,3.105,4.2,4901
2016-01-20 13:02:00,102.4,104.5,103.0,1067626.0,62.9,59.9,60.0,84.0,40799.0,507.0,93056.0,1025276.0,82.4,0.997,6.417000000000001,82.7,0.0,276.1,275.7,277.4,0.772,273.0,0.531,273.0,0.842,274.8,0.002,13.88,2.0,3.0,0.0,5.686,93.3,391.2,391.2,0.0,3.352,2.887,2.992,324.8,315.7,0.6759999999999999,0.0,12.3,5.104,5.92,4.896,4.288,2.957,4.789,-69.3,5.2170000000000005,3.0780000000000003,327.0,25.29,36.08,35.92,35.96,30.72,30.39,25.62,6513.0,9158.0,9114.0,9294.0,7909.0,7883.0,6386.0,9.83,14.02,13.96,13.98,11.94,11.81,9.96,0.0,388.7,0.0,60.15,0.0,238.5,0.0,5.0,16.0,0.0,0.0,99.7,104.7,99.1,-4.21,-3.004,0.0,4.222,244.2,7.957999999999998,3.0,3.472,-1.0,2.763,3.5,4901
2016-01-20 13:03:00,101.0,103.1,101.7,1067627.0,62.9,59.9,60.0,82.9,40799.0,507.0,93056.0,1025277.0,81.4,0.997,6.209,81.59999999999998,0.0,276.0,276.0,277.6,0.772,273.0,0.531,273.0,0.842,275.0,0.002,13.88,2.0,3.0,0.0,5.648,92.1,392.5,392.7,0.0,3.306,2.846,2.95,320.4,311.5,0.709,0.0,12.3,5.072,5.997999999999999,4.829,4.127,2.847,4.6930000000000005,-38.67,5.071000000000001,3.089,322.7,24.88,35.48,35.34,35.39,30.22,29.92,25.19,6513.0,9158.0,9114.0,9294.0,7909.0,7884.0,6386.0,9.71,13.84,13.79,13.81,11.79,11.67,9.83,0.0,390.2,0.0,60.15,0.0,234.7,0.0,5.0,16.0,0.0,0.0,98.4,103.2,97.8,-4.2410000000000005,-3.284,0.0,4.178,250.9,8.22,3.0,3.472,-1.0,3.038,4.1,4901
2016-01-20 13:04:00,99.9,102.2,100.7,1067628.0,62.9,59.9,60.0,82.09999999999998,40799.0,507.0,93056.0,1025278.0,80.59999999999998,0.997,6.061,80.79999999999998,0.0,276.2,275.9,277.5,0.772,273.0,0.531,273.0,0.842,275.0,0.002,13.88,2.0,3.0,0.0,5.613,91.3,392.7,392.7,0.0,3.273,2.817,2.918,317.2,308.7,0.704,0.0,12.3,5.122000000000001,6.209,4.768,3.982,2.701,4.597,-41.45,5.024,3.22,319.3,24.61,35.09,34.96,35.01,29.9,29.6,24.94,6513.0,9159.0,9115.0,9294.0,7909.0,7884.0,6386.0,9.6,13.69,13.64,13.66,11.66,11.55,9.73,0.0,390.1,0.0,60.14,0.0,232.5,0.0,5.0,16.0,0.0,0.0,97.4,102.2,96.8,-4.202,-3.1210000000000004,0.0,4.415,248.3,11.12,3.0,3.472,-1.0,2.363,2.9,4901
2016-01-20 13:05:00,99.5,101.7,100.3,1067630.0,62.9,59.9,60.0,81.7,40799.0,507.0,93056.0,1025280.0,80.29999999999998,0.997,5.989,80.5,0.0,276.7,275.9,277.6,0.772,273.0,0.531,273.0,0.842,275.0,0.002,13.88,2.0,3.0,0.0,5.581,90.9,390.6,390.5,0.0,3.26,2.806,2.908,316.3,308.0,0.7109999999999999,0.0,12.3,5.394,6.4510000000000005,4.832,3.985,2.783,4.682,-43.55,5.024,3.41,318.6,24.72,35.11,35.02,35.14,30.03,29.64,24.96,6513.0,9159.0,9115.0,9295.0,7909.0,7884.0,6386.0,9.590000000000002,13.63,13.59,13.64,11.66,11.5,9.69,0.0,388.2,0.0,60.14,0.0,232.7,0.0,5.0,16.0,0.0,0.0,97.0,101.8,96.4,-4.174,-3.189,0.0,4.604,248.9,20.74,3.0,3.47,-1.0,1.653,2.7,4901
2016-01-20 13:06:00,101.2,103.3,101.9,1067631.0,62.9,59.9,60.0,83.09999999999998,40799.0,507.0,93056.0,1025281.0,81.7,0.997,6.24,81.9,0.0,276.3,276.1,277.7,0.772,273.0,0.531,273.0,0.842,275.0,0.002,13.88,1.0,3.0,0.0,5.556,92.4,390.3,390.2,0.0,3.318,2.857,2.962,321.9,313.5,0.729,0.0,12.28,5.533,6.614,5.027,4.227,2.978,4.888999999999999,-43.27,5.188,3.649,324.1,25.14,35.77,35.7,35.73,30.53,30.18,25.45,6513.0,9159.0,9115.0,9295.0,7909.0,7884.0,6387.0,9.75,13.87,13.85,13.86,11.84,11.71,9.87,0.0,387.8,0.0,60.14,0.0,236.8,0.0,5.0,16.0,0.0,0.0,98.6,103.5,98.1,-4.07,-3.111,0.0,4.683,293.7,16.44,3.0,3.472,-1.0,2.058,4.1,4901
2016-01-20 13:07:00,101.3,103.5,102.1,1067632.0,62.9,59.9,60.0,83.2,40799.0,507.0,93057.0,1025282.0,81.7,0.997,6.237,81.9,0.0,276.3,275.8,277.5,0.772,272.9,0.531,272.8,0.842,274.8,0.002,13.88,1.0,3.0,0.0,5.528,92.2,390.1,390.8,0.0,3.321,2.86,2.967,322.0,313.8,0.6579999999999999,0.0,12.3,5.568,6.818,5.312,4.465,3.149,5.078,-42.83,5.455,3.617,324.3,25.18,35.82,35.73,35.75,30.53,30.21,25.46,6513.0,9159.0,9115.0,9295.0,7910.0,7884.0,6387.0,9.76,13.89,13.85,13.86,11.84,11.71,9.87,0.0,387.6,0.0,60.12,0.0,236.4,0.0,5.0,16.0,0.0,0.0,98.7,103.6,98.2,-3.909,-3.065,0.0,4.754,247.5,6.382000000000001,3.0,3.467,-1.0,2.56,3.4,4901
2016-01-20 13:08:00,102.7,105.0,103.5,1067634.0,62.9,59.9,60.0,83.9,40799.0,507.0,93057.0,1025284.0,82.5,0.997,6.484,82.7,0.0,274.7,274.3,276.0,0.772,271.1,0.531,271.0,0.842,273.0,0.002,13.88,1.0,3.0,0.0,5.502000000000001,93.2,391.1,391.1,0.0,3.3560000000000003,2.889,2.998,325.0,316.6,0.7029999999999998,0.0,12.3,5.408,6.896,5.135,4.206,2.94,4.95,-16.69,5.26,3.553,327.7,25.34,36.04,35.95,35.99,30.74,30.4,25.62,6514.0,9160.0,9116.0,9295.0,7910.0,7885.0,6387.0,9.85,14.01,13.97,13.99,11.95,11.81,9.96,0.0,388.7,0.0,60.25,0.0,238.4,0.0,5.0,16.0,0.0,0.0,100.3,105.3,99.8,-4.219,-2.994,0.0,4.69,0.0,0.0,3.0,,-1.0,,,4901
2016-01-20 13:09:00,98.2,100.3,99.0,1067635.0,62.9,59.9,60.0,80.09999999999998,40799.0,507.0,93057.0,1025285.0,78.68,0.997,5.795,78.9,0.0,274.7,274.1,275.7,0.772,271.0,0.531,271.0,0.842,273.0,0.002,13.88,1.0,3.0,0.0,5.481,89.0,395.5,397.4,0.0,3.213,2.76,2.87,310.1,302.6,0.7129999999999999,0.0,12.3,5.408,6.964,4.896,3.918,2.637,4.711,-43.37,4.992,3.471,313.9,23.82,33.79,33.65,33.83,28.91,28.6,24.04,6514.0,9160.0,9116.0,9296.0,7910.0,7885.0,6387.0,9.39,13.32,13.26,13.33,11.4,11.27,9.47,0.0,394.3,0.0,60.14,0.0,225.2,0.0,5.0,16.0,0.0,0.0,95.7,100.4,95.2,-4.255,-3.156,0.0,4.664,240.7,4.746,3.0,3.472,-1.0,3.19,3.9,4901
2016-01-20 13:10:00,94.1,96.4,95.0,1067636.0,62.9,59.9,60.0,76.67,40799.0,507.0,93057.0,1025286.0,75.42,0.998,5.207999999999999,75.59,0.0,274.9,273.8,275.5,0.772,271.0,0.531,271.0,0.842,273.0,0.002,13.88,2.0,3.0,0.0,5.453,85.5,390.9,391.3,0.0,3.082,2.65,2.754,298.0,290.8,0.7199999999999999,0.0,12.3,5.247999999999999,6.9,4.832,3.697,2.658,4.583,4.04,4.864,3.489,299.8,23.23,33.0,32.83,32.97,28.13,27.81,23.39,6514.0,9160.0,9116.0,9296.0,7910.0,7885.0,6387.0,9.03,12.83,12.77,12.82,10.94,10.81,9.090000000000002,0.0,388.9,0.0,60.13,0.0,218.9,0.0,5.0,16.0,0.0,0.0,91.7,96.3,91.1,-4.273,-3.406,0.0,4.6080000000000005,231.9,13.23,3.0,3.472,-1.0,1.642,2.7,4901
2016-01-20 13:11:00,98.9,101.1,99.6,1067638.0,62.9,59.9,60.0,80.59999999999998,40799.0,507.0,93057.0,1025288.0,79.23,0.997,5.896,79.45,0.0,274.6,273.8,275.7,0.772,271.0,0.531,271.0,0.842,273.0,0.002,13.82,2.0,3.0,0.0,5.431,89.4,384.9,385.6,0.0,3.237,2.797,2.892,313.9,304.6,0.7029999999999998,0.0,12.29,5.425,7.042000000000001,5.056,4.017,2.879,4.793,4.315,5.191,3.698,316.2,24.63,35.3,35.2,35.09,29.94,29.68,25.08,6514.0,9160.0,9116.0,9296.0,7910.0,7885.0,6387.0,9.43,13.52,13.47,13.43,11.46,11.36,9.6,0.0,382.9,0.0,60.14,0.0,232.4,0.0,5.0,16.0,0.0,0.0,96.4,101.2,95.8,-4.097,-3.151,0.0,4.746,247.4,12.14,3.0,3.472,-1.0,2.47,3.9,4901
2016-01-20 13:12:00,103.8,106.0,104.5,1067639.0,62.9,59.9,60.0,84.59999999999998,40799.0,507.0,93057.0,1025289.0,83.2,0.997,6.606,83.4,0.0,274.3,273.9,275.7,0.772,271.0,0.531,271.0,0.842,273.0,0.002,13.88,2.0,3.0,0.0,5.405,93.7,387.5,387.6,0.0,3.3960000000000004,2.94,3.031,329.4,318.0,0.7299999999999999,0.0,12.3,5.34,7.06,5.01,3.982,2.783,4.743,4.265,5.11,3.503,330.6,25.65,36.76,36.62,36.61,31.31,30.86,26.16,6514.0,9161.0,9117.0,9296.0,7911.0,7885.0,6388.0,9.88,14.16,14.11,14.1,12.06,11.89,10.08,0.0,385.3,0.0,60.15,0.0,241.9,0.0,5.0,16.0,0.0,0.0,101.2,106.2,100.7,-4.255,-3.044,0.0,4.613,251.1,3.083,3.0,3.472,-1.0,3.343,3.7,4901
2016-01-20 13:13:00,106.2,108.5,107.0,1067641.0,62.9,59.9,60.0,86.7,40799.0,507.0,93057.0,1025290.0,85.2,0.997,6.98,85.4,0.0,274.5,273.9,275.6,0.772,271.0,0.531,271.0,0.842,273.0,0.002,13.88,2.0,3.0,0.0,5.388,96.0,391.6,391.4,0.0,3.483,3.019,3.1060000000000003,337.6,325.1,0.7049999999999998,0.0,12.25,5.439,7.106,4.992,3.839,2.637,4.679,-42.94,5.039,3.41,337.9,25.95,37.29,37.14,37.1,31.74,31.29,26.58,6514.0,9161.0,9117.0,9297.0,7911.0,7886.0,6388.0,10.1,14.51,14.45,14.43,12.35,12.17,10.34,0.0,389.1,0.0,60.15,0.0,245.2,0.0,5.0,16.0,0.0,0.0,103.7,108.7,103.2,-4.23,-2.905,0.0,4.758,243.0,6.117000000000001,3.0,3.472,-1.0,2.725,3.2,4901
2016-01-20 13:14:00,109.5,111.8,110.2,1067642.0,62.9,59.9,60.0,89.5,40799.0,507.0,93057.0,1025292.0,87.79999999999998,0.996,7.482,88.09999999999998,0.0,274.6,273.9,275.7,0.772,271.0,0.531,271.0,0.842,273.0,0.002,13.88,2.0,3.0,0.0,5.369,98.7,386.8,386.5,0.0,3.6,3.128,3.209,349.4,335.6,0.702,0.0,12.21,5.735,7.32,5.088,3.953,2.673,4.7780000000000005,4.265,5.059,3.73,349.6,27.12,39.04,38.93,38.83,33.25,32.7,27.87,6514.0,9161.0,9117.0,9297.0,7911.0,7886.0,6388.0,10.41,14.98,14.94,14.9,12.76,12.55,10.69,0.0,383.8,0.0,60.14,0.0,255.3,0.0,5.0,16.0,0.0,0.0,106.9,112.1,106.4,-3.89,-2.8110000000000004,0.0,5.079,255.3,16.28,3.0,3.468,-1.0,2.248,3.5,4901
2016-01-20 13:15:00,112.7,114.8,113.3,1067644.0,62.9,59.9,60.0,92.1,40799.0,507.0,93057.0,1025293.0,90.4,0.996,7.96,90.7,0.0,274.3,274.0,275.7,0.772,271.0,0.531,271.0,0.842,273.0,0.002,13.88,1.0,3.0,0.0,5.354,101.5,390.0,389.9,0.0,3.708,3.222,3.302,359.1,344.0,0.7269999999999999,0.0,12.21,5.931,7.506,5.284,4.209,2.833,4.985,-16.67,5.46,3.741,358.7,27.58,39.77,39.7,39.52,33.8,33.28,28.44,6515.0,9161.0,9117.0,9297.0,7911.0,7886.0,6388.0,10.68,15.41,15.38,15.31,13.1,12.89,11.02,0.0,387.4,0.0,60.15,0.0,260.3,0.0,5.0,16.0,0.0,0.0,110.1,115.3,109.6,-3.904,-2.637,0.0,5.056,272.8,6.7410000000000005,3.0,3.465,-1.0,2.805,3.8,4901
2016-01-20 13:16:00,115.5,117.7,116.2,1067645.0,62.9,59.9,60.0,94.9,40799.0,507.0,93058.0,1025295.0,93.1,0.996,8.4,93.5,0.0,275.3,275.4,277.2,0.772,271.9,0.531,271.9,0.842,273.9,0.002,13.88,2.0,3.0,0.0,5.354,104.2,384.2,383.8,0.0,3.84,3.343,3.42,372.5,355.5,0.759,0.0,12.21,5.935,7.587,5.505,4.433,3.138,5.149,4.636,5.606,3.716,371.2,28.86,41.73,41.57,41.38,35.4,34.8,29.77,6515.0,9162.0,9117.0,9297.0,7912.0,7886.0,6388.0,11.01,15.93,15.87,15.79,13.51,13.28,11.36,0.0,381.8,0.0,60.14,0.0,271.3,0.0,5.0,16.0,0.0,0.0,112.9,118.3,112.4,-4.083,-2.619,0.0,5.282,279.7,7.545,3.0,3.472,-1.0,2.318,3.1,4901
2016-01-20 13:17:00,116.8,118.9,117.4,1067647.0,62.9,59.9,60.0,96.0,40799.0,507.0,93058.0,1025297.0,94.1,0.996,8.59,94.5,0.0,276.0,275.3,277.1,0.772,272.0,0.531,272.0,0.842,274.0,0.002,13.88,1.0,3.0,0.0,5.353,105.5,388.2,387.5,0.0,3.884,3.383,3.454,375.6,357.7,0.789,0.0,12.21,6.288,7.94,5.744,4.8180000000000005,3.522,5.484,-37.57,5.894,3.87,373.4,28.67,41.53,41.45,41.2,35.36,34.7,29.82,6515.0,9162.0,9118.0,9298.0,7912.0,7886.0,6389.0,11.06,16.02,15.99,15.89,13.64,13.38,11.5,0.0,385.7,0.0,60.14,0.0,271.9,0.0,5.0,16.0,0.0,0.0,114.1,119.4,113.6,-3.955,-2.342,0.0,5.535,284.5,10.61,3.0,3.472,-1.0,3.088,3.8,4901
2016-01-20 13:18:00,109.3,111.3,109.8,1067648.0,62.9,59.9,60.0,89.59999999999998,40799.0,507.0,93058.0,1025298.0,87.9,0.996,7.437,88.2,0.0,275.7,275.4,277.1,0.772,272.0,0.531,272.0,0.842,274.0,0.002,13.88,1.0,3.0,0.0,5.353,99.2,395.7,396.0,0.0,3.638,3.1630000000000003,3.233,351.3,335.2,0.8809999999999998,0.0,12.22,6.291,7.99,5.939,4.96,3.647,5.672999999999999,-21.11,6.037000000000001,3.908,349.5,26.35,37.99,37.79,37.8,32.35,31.75,27.16,6515.0,9162.0,9118.0,9298.0,7912.0,7887.0,6389.0,10.37,14.96,14.88,14.88,12.74,12.5,10.69,0.0,393.7,0.0,60.14,0.0,250.8,0.0,5.0,16.0,0.0,0.0,106.6,111.6,106.0,-4.002,-2.985,0.0,5.485,255.4,18.35,3.0,3.473,-1.0,1.838,2.8,4901
2016-01-20 13:19:00,97.9,99.9,98.5,1067650.0,62.9,59.9,60.0,80.09999999999998,40799.0,507.0,93058.0,1025299.0,78.67,0.997,5.763,78.87999999999998,0.0,275.7,275.1,277.0,0.772,272.0,0.531,272.0,0.842,274.0,0.002,13.88,1.0,3.0,0.0,5.354,89.9,396.9,396.3,0.0,3.265,2.8310000000000004,2.9,315.0,301.7,0.296,0.0,12.3,6.533,8.12,6.163,5.056,3.711,5.837000000000001,-42.18,6.019,4.179,313.7,23.61,33.9,33.86,33.89,28.92,28.41,24.31,6515.0,9162.0,9118.0,9298.0,7912.0,7887.0,6389.0,9.3,13.35,13.34,13.35,11.39,11.19,9.57,0.0,393.9,0.0,60.15,0.0,226.5,0.0,5.0,16.0,0.0,0.0,95.3,100.0,94.7,-3.966,-3.155,0.0,5.879,275.4,17.31,2.0,3.473,-1.0,1.548,2.3,4901
2016-01-20 13:20:00,96.9,99.1,97.6,1067651.0,62.9,59.9,60.0,79.31999999999998,40799.0,507.0,93058.0,1025301.0,77.89,0.997,5.615,78.09,0.0,275.9,275.1,277.0,0.772,272.0,0.531,272.0,0.842,274.0,0.002,13.88,2.0,3.0,0.0,5.354,88.59999999999998,389.6,390.2,0.0,3.217,2.795,2.859,312.1,298.6,0.439,0.0,12.3,6.8,8.359999999999998,6.259,5.297999999999999,3.967,6.044,-90.6,6.165,4.307,310.0,23.79,34.35,34.19,34.11,29.14,28.72,24.5,6515.0,9163.0,9118.0,9298.0,7912.0,7887.0,6389.0,9.22,13.31,13.25,13.22,11.3,11.13,9.5,0.0,387.7,0.0,60.15,0.0,227.6,0.0,5.0,16.0,0.0,0.0,94.3,99.1,93.7,-4.016,-2.764,0.0,6.21,266.7,16.22,2.5,3.473,-1.0,1.333,2.0,4901
2016-01-20 13:21:00,95.5,97.6,96.3,1067652.0,62.9,59.9,60.0,78.11,40799.0,507.0,93058.0,1025302.0,76.79,0.998,5.408,76.98,0.0,275.5,275.2,277.0,0.772,272.0,0.531,272.0,0.842,274.0,0.002,13.88,2.0,3.0,0.0,5.374,87.59999999999998,392.6,393.0,0.0,3.173,2.758,2.82,308.2,294.8,0.702,0.0,12.3,6.993,8.58,6.419,5.554,4.223,6.254,5.567,6.468,4.4030000000000005,305.3,23.32,33.59,33.41,33.41,28.55,28.07,23.94,6516.0,9163.0,9119.0,9298.0,7912.0,7887.0,6389.0,9.1,13.11,13.04,13.04,11.14,10.95,9.340000000000002,0.0,390.3,0.0,60.17,0.0,223.2,0.0,5.0,16.0,0.0,0.0,93.0,97.7,92.4,-3.928,-2.6010000000000004,0.0,6.263,263.3,32.71,3.0,3.472,-1.0,1.353,3.9,4901
2016-01-20 13:22:00,97.7,100.0,98.4,1067654.0,62.9,59.9,60.0,79.98,40799.0,507.0,93058.0,1025303.0,78.48,0.997,5.718,78.69,0.0,275.3,275.3,277.0,0.772,272.0,0.531,272.0,0.842,274.0,0.002,13.88,2.0,3.0,0.0,5.381,89.4,386.0,386.1,0.0,3.23,2.81,2.869,314.5,300.3,0.67,0.0,12.3,6.736000000000001,8.34,6.466,5.455,4.0280000000000005,6.215,-20.53,6.468,4.382,312.1,24.23,35.05,34.81,34.7,29.77,29.31,24.94,6516.0,9163.0,9119.0,9299.0,7913.0,7887.0,6389.0,9.28,13.42,13.33,13.29,11.4,11.22,9.55,0.0,383.0,0.0,60.11,0.0,231.5,0.0,5.0,16.0,0.0,0.0,95.0,99.9,94.5,-3.661,-2.714,0.0,5.885,264.9,12.69,3.0,3.472,-1.0,2.752,3.9,4901
2016-01-20 13:23:00,102.5,104.7,103.2,1067655.0,62.9,59.9,60.0,84.0,40799.0,507.0,93058.0,1025305.0,82.4,0.997,6.433,82.7,0.0,275.3,275.4,277.0,0.772,272.0,0.531,272.0,0.842,274.0,0.002,13.88,2.0,3.0,0.0,5.397,93.8,386.7,384.8,0.0,3.387,2.952,3.008,330.5,314.6,0.707,0.0,12.32,6.332999999999999,8.06,6.178,5.149,3.679,5.9270000000000005,5.225,6.095,4.132,327.5,25.48,36.78,36.62,36.56,31.33,30.69,26.24,6516.0,9163.0,9119.0,9299.0,7913.0,7888.0,6389.0,9.75,14.07,14.01,13.99,11.99,11.74,10.04,0.0,382.7,0.0,60.14,0.0,242.5,0.0,5.0,16.0,0.0,0.0,99.9,104.8,99.3,-3.802,-3.014,0.0,5.442,250.7,14.64,3.0,3.473,-1.0,2.555,3.9,4901
2016-01-20 13:24:00,107.3,109.5,108.0,1067656.0,62.9,59.9,60.0,88.09999999999998,40799.0,507.0,93058.0,1025306.0,86.4,0.997,7.149,86.7,0.0,275.5,275.7,277.2,0.772,272.0,0.531,272.5,0.842,274.0,0.002,13.88,2.0,3.0,0.0,5.397,97.9,388.2,386.3,0.0,3.55,3.096,3.152,346.4,329.3,0.714,0.0,12.37,6.29,7.974999999999999,6.181,5.088,3.729,5.965,-20.75,5.858,4.356,342.2,26.51,38.35,38.21,38.11,32.67,32.0,27.44,6516.0,9163.0,9119.0,9299.0,7913.0,7888.0,6390.0,10.2,14.74,14.69,14.65,12.56,12.3,10.55,0.0,384.5,0.0,60.13,0.0,252.2,0.0,5.0,16.0,0.0,0.0,104.8,109.7,104.2,-3.789,-2.7910000000000004,0.0,5.569,267.2,18.3,3.0,3.473,-1.0,1.873,2.8,4901
2016-01-20 13:25:00,108.5,110.7,109.2,1067658.0,62.9,59.9,60.0,89.09999999999998,40799.0,507.0,93059.0,1025307.0,87.4,0.997,7.312999999999999,87.7,0.0,275.7,275.8,277.3,0.772,272.3,0.531,273.0,0.842,274.0,0.001,13.84,2.0,3.0,0.0,5.409,98.4,388.9,389.8,0.0,3.585,3.123,3.184,349.8,333.1,0.7209999999999999,0.0,12.4,6.629,8.33,6.3870000000000005,5.426,3.985,6.222,-37.11,6.165,4.371,345.8,26.64,38.57,38.54,38.2,32.7,32.19,27.64,6516.0,9164.0,9120.0,9299.0,7913.0,7888.0,6390.0,10.31,14.93,14.92,14.78,12.66,12.46,10.7,0.0,387.1,0.0,60.13,0.0,253.1,0.0,5.0,16.0,0.0,0.0,105.9,110.9,105.4,-3.791,-2.4,0.0,5.947,275.8,27.24,3.0,3.473,-1.0,1.525,2.5,4901
2016-01-20 13:26:00,108.3,110.5,109.0,1067659.0,62.9,59.9,60.0,89.0,40799.0,507.0,93059.0,1025309.0,87.29999999999998,0.997,7.285,87.59999999999998,0.0,275.8,275.9,277.5,0.772,272.8,0.531,273.0,0.842,274.6,0.002,13.84,2.0,3.0,0.0,5.42,98.5,389.0,389.0,0.0,3.579,3.113,3.18,348.9,333.1,0.7340000000000001,0.0,12.4,6.752999999999999,8.47,6.562,5.665,4.255,6.347,-15.37,6.372000000000001,4.353,345.7,26.67,38.46,38.3,38.2,32.73,32.14,27.48,6516.0,9164.0,9120.0,9300.0,7914.0,7888.0,6390.0,10.32,14.87,14.81,14.78,12.66,12.43,10.63,0.0,386.9,0.0,60.21,0.0,253.3,0.0,5.0,16.0,0.0,0.0,105.8,110.8,105.2,-3.782,-2.142,0.0,5.997000000000001,269.5,9.65,3.0,3.473,-1.0,2.223,3.2,4901
2016-01-20 13:27:00,100.5,102.4,101.1,1067661.0,62.9,59.9,60.0,82.29999999999998,40799.0,507.0,93059.0,1025310.0,80.79999999999998,0.997,6.117000000000001,81.09999999999998,0.0,275.7,275.5,277.2,0.772,272.2,0.531,272.7,0.842,274.1,0.002,13.84,2.0,3.0,0.0,5.434,92.0,396.4,396.1,0.0,3.325,2.879,2.955,323.5,310.9,0.717,0.0,12.43,6.867000000000001,8.42,6.655,5.743,4.2410000000000005,6.4110000000000005,-41.54,6.454,4.4030000000000005,321.7,24.42,34.91,34.75,34.78,29.73,29.23,24.88,6517.0,9164.0,9120.0,9300.0,7914.0,7888.0,6390.0,9.62,13.75,13.69,13.71,11.72,11.52,9.8,0.0,394.1,0.0,60.21,0.0,232.2,0.0,5.0,16.0,0.0,0.0,97.9,102.6,97.3,-3.776,-2.086,0.0,6.111000000000001,268.1,18.37,2.833,3.473,-1.0,1.783,2.6,4901
2016-01-20 13:28:00,95.2,97.2,95.8,1067662.0,62.9,59.9,60.0,77.83,40799.0,507.0,93059.0,1025312.0,76.5,0.998,5.349,76.69,0.0,275.7,275.5,277.2,0.772,272.3,0.531,273.0,0.842,274.2,0.003,13.87,2.0,3.0,0.0,5.443,87.29999999999998,393.8,393.7,0.0,3.129,2.701,2.783,304.6,294.1,0.3039999999999999,0.0,12.46,6.782,8.31,6.574,5.694,4.124,6.361000000000001,-88.7,6.417000000000001,4.321000000000001,303.9,23.34,33.21,33.18,33.21,28.33,27.88,23.67,6517.0,9164.0,9120.0,9300.0,7914.0,7889.0,6390.0,9.13,12.99,12.98,12.99,11.08,10.9,9.26,0.0,391.2,0.0,60.21,0.0,221.6,0.0,5.0,16.0,0.0,0.0,92.6,97.2,91.9,-3.774,-2.087,0.0,5.961,270.5,15.02,2.333,3.472,-1.0,2.292,3.5,4901
2016-01-20 13:29:00,88.7,90.8,89.5,1067663.0,62.9,59.9,60.0,72.47,40799.0,507.0,93059.0,1025313.0,71.33,0.998,4.396,71.47,0.0,275.3,275.6,277.3,0.772,272.3,0.531,272.9,0.842,274.2,0.002,13.88,2.0,3.0,0.0,5.462999999999999,81.79999999999998,393.6,393.2,0.0,2.914,2.505,2.594,283.3,275.1,0.68,0.0,12.49,6.2860000000000005,7.986,6.189,5.372999999999999,3.868,6.058,-20.33,6.064,3.983,282.7,21.78,30.99,30.81,30.86,26.35,26.08,21.93,6517.0,9165.0,9121.0,9300.0,7914.0,7889.0,6390.0,8.519999999999998,12.12,12.05,12.07,10.31,10.2,8.58,0.0,391.2,0.0,60.16,0.0,207.8,0.0,5.0,16.0,0.0,0.0,86.29999999999998,90.7,85.59999999999998,-3.88,-2.451,0.0,5.493,285.5,9.98,3.0,3.473,-1.0,2.783,4.2,4901
2016-01-20 13:30:00,83.9,86.0,84.7,1067664.0,62.9,59.9,60.0,68.39,40799.0,507.0,93059.0,1025314.0,67.34,0.998,3.715,67.45,0.0,275.5,275.4,277.1,0.772,272.4,0.531,272.7,0.842,274.1,0.002,13.88,2.0,3.0,0.0,5.482,77.48,393.4,393.6,0.0,2.745,2.356,2.447,267.2,260.8,0.697,0.0,12.49,6.142,7.812,5.707999999999999,5.007,3.615,5.752000000000001,-16.08,5.857,3.745,267.6,20.66,29.28,29.08,29.21,24.9,24.68,20.64,6517.0,9165.0,9121.0,9300.0,7914.0,7889.0,6391.0,8.09,11.46,11.38,11.43,9.75,9.66,8.08,0.0,391.4,0.0,60.19,0.0,196.9,0.0,5.0,16.0,0.0,0.0,81.4,85.79999999999998,80.79999999999998,-3.942,-2.206,0.0,5.353,309.2,22.77,3.0,3.473,-1.0,1.888,3.1,4901
2016-01-20 13:31:00,77.68,79.83,78.54999999999998,1067666.0,62.9,59.9,60.0,63.23,40799.0,507.0,93059.0,1025315.0,62.34,0.999,2.8760000000000003,62.41,0.0,275.7,275.3,277.0,0.772,272.6,0.531,272.9,0.842,274.3,0.002,13.88,2.0,3.0,0.0,5.485,72.29,393.1,392.9,0.0,2.541,2.178,2.27,247.1,242.4,0.7079999999999999,0.0,12.49,5.817,7.651,5.601,4.914,3.5660000000000003,5.641,-83.0,5.922000000000001,3.727,247.8,19.21,27.05,26.97,27.11,23.1,22.86,19.11,6517.0,9165.0,9121.0,9301.0,7914.0,7889.0,6391.0,7.503999999999999,10.57,10.53,10.59,9.02,8.929999999999998,7.465,0.0,390.7,0.0,60.22,0.0,183.9,0.0,5.0,16.0,0.0,0.0,75.26,79.51999999999998,74.68,-3.801,-2.346,0.0,5.125,284.9,23.61,3.0,3.473,-1.0,1.638,2.8,4901
2016-01-20 13:32:00,73.87999999999998,76.08,74.78,1067667.0,62.9,59.9,60.0,60.05,40799.0,507.0,93059.0,1025316.0,59.25,0.999,2.336,59.3,0.0,275.5,275.3,276.9,0.772,272.3,0.531,272.7,0.842,274.0,0.002,13.88,2.0,3.0,0.0,5.485,69.15,390.1,388.8,0.0,2.405,2.063,2.152,234.6,230.3,0.694,0.0,12.49,5.325,7.199,5.292000000000001,4.637,3.292,5.349,-21.34,5.615,3.553,236.0,18.47,26.08,26.01,26.04,22.21,22.05,18.38,6517.0,9165.0,9121.0,9301.0,7915.0,7889.0,6391.0,7.138,10.08,10.05,10.06,8.58,8.519999999999998,7.105,0.0,386.6,0.0,60.13,0.0,177.3,0.0,5.0,16.0,0.0,0.0,71.5,75.69,70.97,-3.768,-2.551,0.0,4.721,251.5,8.21,3.0,3.469,-1.0,2.53,3.3,4901
2016-01-20 13:33:00,72.22,74.37,73.11,1067668.0,62.9,59.9,60.0,58.63,40799.0,507.0,93059.0,1025317.0,57.88,0.999,2.126,57.92,0.0,275.5,275.2,276.8,0.772,272.1,0.531,272.6,0.842,274.0,0.002,13.88,2.0,3.0,0.0,5.477,67.65,391.9,391.7,0.0,2.3480000000000003,2.017,2.102,229.0,224.2,0.69,0.0,12.49,5.041,6.914,4.925,4.22,2.829,4.932,-36.83,5.309,3.264,230.8,17.88,25.27,25.15,25.25,21.54,21.38,17.82,6517.0,9165.0,9121.0,9301.0,7915.0,7889.0,6391.0,6.954,9.83,9.78,9.82,8.38,8.32,6.932,0.0,389.0,0.0,60.15,0.0,172.7,0.0,5.0,16.0,0.0,0.0,69.85,73.98,69.31,-3.939,-2.847,0.0,4.426,256.5,6.374,3.0,3.473,-1.0,2.633,3.4,4901
2016-01-20 13:34:00,67.46,69.61,68.4,1067668.0,62.9,59.9,60.0,54.63,40799.0,507.0,93059.0,1025318.0,53.99,1.0,1.521,54.01,0.0,275.3,275.1,276.8,0.772,272.0,0.531,272.1,0.842,274.0,0.002,13.88,2.0,3.0,0.0,5.457000000000001,63.44,393.2,393.1,0.0,2.198,1.886,1.969,214.1,209.9,0.7079999999999999,0.0,12.46,4.793,6.608,4.605,3.804,2.364,4.4830000000000005,-47.97,4.989,3.055,216.4,16.64,23.5,23.41,23.48,20.02,19.88,16.58,6518.0,9165.0,9121.0,9301.0,7915.0,7889.0,6391.0,6.502999999999999,9.18,9.15,9.18,7.822999999999999,7.769,6.48,0.0,390.8,0.0,60.15,0.0,161.4,0.0,5.0,16.0,0.0,0.0,65.09,69.22,64.6,-4.026,-2.798,0.0,4.132,252.5,5.251,3.0,3.473,-1.0,2.778,3.5,4901
2016-01-20 13:35:00,64.4,66.59,65.36,1067669.0,62.9,59.9,60.0,52.1,40799.0,507.0,93059.0,1025319.0,51.5,1.0,1.145,51.51,0.0,275.5,275.1,276.8,0.772,272.6,0.531,272.5,0.842,274.0,0.002,13.88,2.0,3.0,0.0,5.436,60.84,391.2,391.1,0.0,2.095,1.797,1.875,204.3,199.9,0.7219999999999999,0.0,12.4,4.477,6.194,4.284,3.569,2.097,4.166,-48.57,4.704,2.688,206.1,15.96,22.57,22.45,22.57,19.24,19.07,15.9,6518.0,9166.0,9122.0,9301.0,7915.0,7890.0,6391.0,6.206,8.779999999999998,8.73,8.779999999999998,7.481,7.416,6.185,0.0,388.9,0.0,60.15,0.0,155.6,0.0,5.0,16.0,0.0,0.0,61.98,66.14,61.56,-4.168,-2.928,0.0,3.794,257.6,4.727,3.0,3.473,-1.0,2.245,2.7,4901
2016-01-20 13:36:00,63.04,65.25,64.04,1067670.0,62.9,59.9,60.0,50.97,40799.0,507.0,93059.0,1025319.0,50.34,1.0,0.992,50.35,0.0,275.5,275.1,276.7,0.772,272.3,0.531,272.2,0.842,274.0,0.002,13.88,2.0,3.0,0.0,5.408,59.7,389.6,389.2,0.0,2.043,1.753,1.827,199.6,195.2,0.7199999999999999,0.0,12.4,4.266,6.028,4.046,3.31,1.901,3.874,-18.17,4.444,2.542,201.3,15.66,22.18,22.1,22.16,18.89,18.75,15.67,6518.0,9166.0,9122.0,9301.0,7915.0,7890.0,6391.0,6.06,8.58,8.55,8.57,7.309,7.253999999999999,6.062,0.0,386.9,0.0,60.15,0.0,153.3,0.0,5.0,16.0,0.0,0.0,60.57,64.73,60.18,-4.063,-2.9530000000000003,0.0,3.567,247.7,14.06,3.0,3.473,-1.0,2.842,4.0,4901
2016-01-20 13:37:00,61.91,64.12,62.9,1067671.0,62.9,59.9,60.0,50.01,40799.0,507.0,93059.0,1025320.0,49.35,1.0,0.8579999999999999,49.35,0.0,275.6,275.0,276.6,0.772,272.7,0.531,272.6,0.842,273.8,0.002,13.88,2.0,3.0,0.0,5.376,58.71,390.2,390.0,0.0,2.001,1.715,1.788,195.7,191.4,0.7199999999999999,0.0,12.4,3.985,5.65,3.662,2.925,1.5490000000000002,3.5210000000000004,-18.39,4.049,2.112,197.3,15.32,21.71,21.61,21.68,18.51,18.35,15.32,6518.0,9166.0,9122.0,9302.0,7915.0,7890.0,6391.0,5.941,8.42,8.38,8.41,7.1770000000000005,7.115,5.938,0.0,387.7,0.0,60.15,0.0,150.5,0.0,5.0,16.0,0.0,0.0,59.4,63.54,59.0,-4.141,-2.888,0.0,3.284,252.1,8.73,3.0,3.473,-1.0,2.39,3.7,4901
2016-01-20 13:38:00,62.31,64.54,63.28,1067672.0,62.9,59.9,60.0,49.37,40799.0,507.0,93059.0,1025321.0,48.82,1.0,1.012,48.83,0.0,270.3,270.1,271.7,0.772,267.8,0.531,267.2,0.842,269.0,0.002,13.88,2.0,3.0,0.0,5.341,58.22,389.0,388.3,0.0,1.976,1.6969999999999998,1.766,193.9,189.2,0.7199999999999999,0.0,12.4,3.839,5.419,3.551,2.815,1.535,3.364,2.935,3.95,1.984,195.0,15.21,21.57,21.48,21.57,18.43,18.21,15.25,6518.0,9166.0,9122.0,9302.0,7915.0,7890.0,6391.0,5.874,8.33,8.29,8.33,7.114,7.032,5.886,0.0,386.1,0.0,60.14,0.0,149.7,0.0,5.0,16.0,0.0,0.0,59.83,64.04,59.48,-4.03,-3.1260000000000003,0.0,3.087,257.0,10.53,3.0,3.473,-1.0,2.245,3.3,4901
2016-01-20 13:39:00,63.33,65.5,64.21,1067673.0,62.9,59.9,60.0,50.19,40799.0,507.0,93059.0,1025322.0,49.63,1.0,1.115,49.65,0.0,270.5,270.1,271.8,0.772,267.9,0.531,267.2,0.842,269.0,0.001,13.84,2.0,3.0,0.0,5.306,59.31,388.3,387.2,0.0,2.004,1.725,1.787,197.4,191.6,0.7199999999999999,0.0,12.4,3.676,5.216,3.423,2.879,1.535,3.283,-23.02,3.883,1.856,197.8,15.49,22.05,22.0,22.03,18.82,18.59,15.64,6518.0,9166.0,9122.0,9302.0,7915.0,7890.0,6392.0,5.953,8.47,8.46,8.47,7.234,7.147,6.0120000000000005,0.0,384.4,0.0,60.12,0.0,152.7,0.0,5.0,16.0,0.0,0.0,60.81,65.04,60.48,-4.029,-2.997,0.0,3.02,264.7,5.587999999999999,3.0,3.469,-1.0,1.792,2.9,4901
2016-01-20 13:40:00,65.41,67.66,66.35,1067674.0,62.9,59.9,60.0,51.97,40799.0,507.0,93059.0,1025323.0,51.38,1.0,1.422,51.4,0.0,270.6,270.2,271.9,0.772,267.9,0.531,267.6,0.842,269.0,0.002,13.84,2.0,3.0,0.0,5.265,60.78,385.0,385.3,0.0,2.069,1.784,1.839,204.9,197.8,0.7179999999999999,0.0,12.4,3.615,5.202000000000001,3.4410000000000003,2.897,1.617,3.35,-18.26,4.012,1.969,204.3,16.0,22.95,22.92,22.8,19.52,19.33,16.34,6518.0,9166.0,9122.0,9302.0,7915.0,7890.0,6392.0,6.127999999999999,8.79,8.779999999999998,8.73,7.476,7.402,6.257000000000001,0.0,383.0,0.0,60.21,0.0,157.9,0.0,5.0,16.0,0.0,0.0,62.95,67.28,62.62,-4.045,-3.108,0.0,3.137,273.3,11.0,3.0,3.47,-1.0,1.195,1.7,4901
2016-01-20 13:41:00,69.11,71.39,70.08,1067675.0,62.9,59.9,60.0,55.04,40799.0,507.0,93059.0,1025324.0,54.36,0.999,1.874,54.4,0.0,270.7,270.3,272.0,0.772,267.9,0.531,267.5,0.842,269.0,0.002,13.84,2.0,3.0,0.0,5.227,64.11,383.7,383.4,0.0,2.181,1.885,1.933,217.1,208.9,0.7179999999999999,0.0,12.4,3.953,5.362,3.662,3.1210000000000004,1.841,3.557,3.192,4.179,2.129,215.6,16.95,24.42,24.37,24.22,20.72,20.53,17.39,6518.0,9166.0,9122.0,9302.0,7916.0,7890.0,6392.0,6.464,9.31,9.29,9.23,7.899,7.8279999999999985,6.629,0.0,381.3,0.0,60.17,0.0,167.1,0.0,5.0,16.0,0.0,0.0,66.66,71.02,66.33,-3.89,-3.102,0.0,3.491,247.1,38.25,3.0,3.473,-1.0,0.747,1.7,4901
2016-01-20 13:42:00,73.43,75.73,74.34999999999998,1067676.0,62.9,59.9,60.0,58.61,40799.0,507.0,93059.0,1025325.0,57.87,0.999,2.455,57.92,0.0,270.9,270.2,272.0,0.772,267.9,0.531,267.4,0.842,269.0,0.003,13.84,2.0,3.0,0.0,5.187,67.87,384.5,383.1,0.0,2.31,1.994,2.046,230.4,222.0,0.7269999999999999,0.0,12.48,4.031000000000001,5.409,3.68,3.117,1.919,3.553,-112.5,4.207,2.24,228.9,18.05,25.92,25.9,25.77,22.05,21.8,18.47,6518.0,9167.0,9122.0,9302.0,7916.0,7890.0,6392.0,6.893,9.9,9.89,9.840000000000002,8.42,8.32,7.051,0.0,381.8,0.0,60.14,0.0,176.5,0.0,5.0,16.0,0.0,0.0,71.03,75.45999999999998,70.64,-3.737,-2.8110000000000004,0.0,3.423,253.4,13.28,3.0,3.473,-1.0,2.305,3.4,4901
2016-01-20 13:43:00,78.22,80.4,79.0,1067677.0,62.9,59.9,60.0,62.5,40799.0,507.0,93059.0,1025326.0,61.59,0.999,3.064,61.67,0.0,270.6,270.3,272.2,0.772,267.7,0.531,267.3,0.842,269.2,0.002,13.88,2.0,3.0,0.0,5.149,71.7,384.8,384.8,0.0,2.45,2.11,2.171,244.3,236.2,0.276,0.0,12.51,4.095,5.441,3.697,3.071,1.919,3.574,-65.36,4.129,2.112,243.3,19.15,27.5,27.43,27.28,23.35,23.17,19.55,6518.0,9167.0,9123.0,9302.0,7916.0,7891.0,6392.0,7.333999999999999,10.53,10.5,10.45,8.939999999999998,8.87,7.486,0.0,382.9,0.0,60.13,0.0,186.4,0.0,5.0,16.0,0.0,0.0,75.69,80.2,75.23,-3.731,-2.839,0.0,3.494,277.9,10.1,2.0,3.474,-1.0,2.028,2.6,4901
2016-01-20 13:44:00,81.29999999999998,83.59999999999998,82.09999999999998,1067678.0,62.9,59.9,60.0,65.0,40799.0,507.0,93059.0,1025327.0,64.06,0.999,3.499,64.15,0.0,270.9,270.0,271.8,0.772,267.0,0.531,267.0,0.842,269.0,0.002,13.88,2.0,3.0,0.0,5.111000000000001,74.54999999999998,388.0,387.8,0.0,2.543,2.185,2.256,253.0,245.9,0.526,0.0,12.51,4.337,5.636,3.889,3.362,2.242,3.816,-31.41,4.453,2.275,252.9,19.85,28.28,28.22,28.2,24.12,23.88,20.1,6519.0,9167.0,9123.0,9303.0,7916.0,7891.0,6392.0,7.661,10.91,10.89,10.88,9.31,9.22,7.756,0.0,385.9,0.0,60.14,0.0,192.1,0.0,5.0,16.0,0.0,0.0,78.81,83.4,78.34999999999998,-3.717,-2.575,0.0,3.805,238.6,38.73,2.667,3.473,-1.0,1.102,2.2,4901
2016-01-20 13:45:00,82.59999999999998,84.79999999999998,83.4,1067679.0,62.9,59.9,60.0,66.06,40799.0,507.0,93060.0,1025328.0,65.11,0.998,3.651,65.21,0.0,270.8,270.1,271.8,0.772,267.0,0.531,267.0,0.842,269.0,0.002,13.88,2.0,3.0,0.0,5.078,75.79,389.3,389.0,0.0,2.582,2.213,2.295,256.2,250.5,0.7209999999999999,0.0,12.53,4.611000000000001,5.81,4.177,3.618,2.481,4.055,-64.61,4.706,2.513,257.5,20.22,28.6,28.47,28.6,24.46,24.2,20.23,6519.0,9167.0,9123.0,9303.0,7916.0,7891.0,6392.0,7.826,11.07,11.02,11.07,9.47,9.37,7.831,0.0,387.1,0.0,60.14,0.0,194.7,0.0,5.0,16.0,0.0,0.0,80.09999999999998,84.59999999999998,79.65999999999998,-3.573,-2.503,0.0,3.969,254.4,9.08,3.0,3.472,-1.0,1.905,2.9,4901
2016-01-20 13:46:00,82.5,84.79999999999998,83.29999999999998,1067680.0,62.9,59.9,60.0,66.43,40799.0,507.0,93060.0,1025329.0,65.39,0.998,3.603,65.49,0.0,271.9,271.9,273.7,0.772,269.1,0.531,269.0,0.842,271.0,0.002,13.88,2.0,3.0,0.0,5.043,76.23999999999998,391.0,390.0,0.0,2.591,2.215,2.31,256.5,252.3,0.7329999999999999,0.0,12.49,4.768,5.921,4.338,3.793,2.673,4.215,-17.44,4.834,2.738,259.4,20.27,28.77,28.61,28.55,24.4,24.38,20.28,6519.0,9167.0,9123.0,9303.0,7916.0,7891.0,6392.0,7.857,11.15,11.09,11.06,9.46,9.45,7.861,0.0,387.6,0.0,60.13,0.0,195.0,0.0,5.0,16.0,0.0,0.0,79.98,84.5,79.48,-3.513,-2.799,0.0,4.083,264.6,15.16,3.0,3.472,-1.0,1.507,2.6,4901
2016-01-20 13:47:00,80.7,82.9,81.4,1067681.0,62.9,59.9,60.0,65.09,40799.0,507.0,93060.0,1025330.0,64.14,0.999,3.323,64.23,0.0,273.1,272.7,274.6,0.772,270.0,0.531,270.0,0.842,272.0,0.002,13.88,2.0,3.0,0.0,5.013999999999999,75.14,394.6,392.3,0.0,2.546,2.168,2.274,251.3,248.7,0.782,0.0,12.49,4.835,6.099,4.598,4.046,2.911,4.44,-17.16,5.029,3.09,255.5,19.84,27.98,27.9,27.87,23.76,23.77,19.72,6519.0,9167.0,9123.0,9303.0,7916.0,7891.0,6392.0,7.732999999999999,10.91,10.87,10.86,9.26,9.27,7.687,0.0,389.8,0.0,60.13,0.0,190.4,0.0,5.0,16.0,0.0,0.0,78.17,82.59999999999998,77.62,-3.655,-2.613,0.0,4.422,293.2,13.62,3.0,3.473,-1.0,0.783,1.3,4901
2016-01-20 13:48:00,77.11,79.29,77.92,1067682.0,62.9,59.9,60.0,62.15,40799.0,507.0,93060.0,1025331.0,61.33,0.999,2.826,61.4,0.0,273.2,272.7,274.6,0.772,270.0,0.531,270.0,0.842,272.0,0.002,13.88,2.0,3.0,0.0,4.982,71.91,393.8,393.4,0.0,2.438,2.071,2.184,240.2,239.4,0.8109999999999999,0.0,12.49,5.252000000000001,6.309,4.901,4.401,3.281,4.7780000000000005,-116.0,5.414,3.364,245.9,19.1,26.77,26.43,26.62,22.73,22.79,18.62,6519.0,9168.0,9124.0,9303.0,7917.0,7891.0,6393.0,7.458999999999999,10.46,10.32,10.4,8.88,8.9,7.274,0.0,390.6,0.0,60.14,0.0,182.6,0.0,5.0,16.0,0.0,0.0,74.67,79.03,74.17,-3.571,-2.182,0.0,4.709,256.5,22.09,3.0,3.472,-1.0,0.778,1.4,4901
2016-01-20 13:49:00,73.0,75.22,73.92,1067683.0,62.9,59.9,60.0,58.73,40799.0,507.0,93060.0,1025332.0,58.01,0.999,2.277,58.05,0.0,273.3,272.5,274.2,0.772,270.0,0.531,270.0,0.842,272.0,-0.017,13.48,2.0,1.0,0.0,4.959,68.24,393.3,393.0,0.0,2.31,1.956,2.075,227.1,227.8,0.263,0.001,12.49,5.473,6.497999999999999,4.994,4.558,3.455,4.985,-43.27,5.475,3.503,234.0,18.16,25.31,24.91,25.18,21.52,21.6,17.5,6519.0,9168.0,9124.0,9303.0,7917.0,7891.0,6393.0,7.094,9.89,9.73,9.840000000000002,8.4,8.429999999999998,6.834,0.0,390.6,0.0,60.13,0.0,173.5,0.0,5.0,16.0,0.0,0.0,70.61,74.86,70.16,-3.525,-1.961,0.0,4.867,267.4,34.42,2.0,3.474,-1.0,0.918,2.6,4901
2016-01-20 13:50:00,68.01,70.22,68.94,1067684.0,62.9,59.9,60.0,54.58,40799.0,507.0,93060.0,1025333.0,53.96,1.0,1.604,53.98,0.0,273.3,272.4,274.1,0.772,270.0,0.531,270.0,0.842,272.0,0.02,13.49,2.0,1.0,0.0,4.931,63.8,393.5,393.9,0.0,2.155,1.818,1.941,211.2,213.3,0.5799999999999998,0.001,12.49,5.245,6.32,4.816,4.384,3.392,4.868,-42.98,5.361000000000001,3.506,219.1,16.95,23.44,23.16,23.47,19.98,20.02,16.2,6519.0,9168.0,9124.0,9304.0,7917.0,7892.0,6393.0,6.634,9.170000000000002,9.06,9.18,7.817,7.832999999999998,6.337999999999999,0.0,391.3,0.0,60.13,0.0,162.2,0.0,5.0,16.0,0.0,0.0,65.62,69.8,65.21,-3.4930000000000003,-2.226,0.0,4.425,271.7,12.08,2.667,3.472,-1.0,1.95,2.6,4901
2016-01-20 13:51:00,62.96,65.1,63.9,1067685.0,62.9,59.9,60.0,50.36,40799.0,507.0,93060.0,1025334.0,49.79,1.0,0.97,49.8,0.0,273.1,272.4,274.1,0.772,270.0,0.531,270.0,0.842,272.0,0.003,13.88,2.0,3.0,0.0,4.91,59.58,394.4,393.4,0.0,1.995,1.676,1.8,194.9,197.8,0.7759999999999999,0.0,12.53,5.103,6.16,4.656000000000001,4.238,3.15,4.711,-16.99,5.25,3.083,203.3,15.7,21.73,21.4,21.68,18.4,18.6,14.92,6519.0,9168.0,9124.0,9304.0,7917.0,7892.0,6393.0,6.14,8.5,8.37,8.48,7.195,7.274,5.836,0.0,391.1,0.0,60.13,0.0,151.1,0.0,5.0,16.0,0.0,0.0,60.47,64.57,60.09,-3.502,-2.641,0.0,4.4,287.6,24.59,3.0,3.472,-1.0,2.165,3.8,4901
2016-01-20 13:52:00,56.99,59.16,57.99,1067686.0,62.9,59.9,60.0,45.4,40799.0,507.0,93060.0,1025334.0,44.89,0.633,0.236,44.89,0.0,272.7,272.4,274.0,0.772,270.0,0.531,270.0,0.842,272.0,0.002,13.88,2.0,3.0,0.0,4.881,54.35,394.6,394.2,0.0,1.812,1.515,1.638,176.0,179.7,0.8059999999999999,0.0,12.49,4.829,5.935,4.4,4.049,2.815,4.437,-17.03,4.962,2.6210000000000004,184.9,14.23,19.5,19.18,19.56,16.62,16.68,13.36,6519.0,9168.0,9124.0,9304.0,7917.0,7892.0,6393.0,5.575,7.641,7.518,7.665,6.5120000000000005,6.539,5.235,0.0,392.0,0.0,60.15,0.0,137.7,0.0,5.0,16.0,0.0,0.0,54.45,58.49,54.11,-3.617,-2.641,0.0,4.133,287.7,14.65,3.0,3.473,-1.0,2.193,3.7,4901
2016-01-20 13:53:00,50.42,52.61,51.4,1067686.0,62.9,59.9,60.0,39.93,40799.0,507.0,93060.0,1025335.0,39.56,-1.0,-0.68,39.57,0.0,272.5,272.4,273.9,0.772,270.0,0.531,270.0,0.842,272.0,0.002,13.87,2.0,3.0,0.0,4.85,48.78,395.1,394.5,0.0,1.609,1.342,1.46,155.8,159.8,0.317,0.0,12.58,4.512,5.679,4.044,3.758,2.6060000000000003,4.145,-85.9,4.72,2.318,164.6,12.6,17.18,16.94,17.28,14.65,14.74,11.76,6520.0,9168.0,9124.0,9304.0,7917.0,7892.0,6393.0,4.941,6.737,6.645,6.779,5.745,5.78,4.614,0.0,392.3,0.0,60.14,0.0,123.5,0.0,5.0,16.0,0.0,0.0,47.99,51.85,47.65,-3.753,-2.496,0.0,3.89,284.4,19.79,2.0,3.473,-1.0,2.105,3.0,4901
2016-01-20 13:54:00,44.22,46.36,45.16,1067687.0,62.9,59.9,60.0,34.76,40799.0,507.0,93060.0,1025336.0,34.55,-0.999,-1.54,34.59,0.0,272.5,272.3,273.9,0.772,270.0,0.531,270.0,0.842,272.0,0.002,13.88,2.0,3.0,0.0,4.825,43.54,393.6,393.6,0.0,1.416,1.179,1.286,136.7,140.6,0.504,0.0,12.64,4.174,5.408,3.791,3.5660000000000003,2.364,3.924,-138.3,4.5280000000000005,1.934,145.0,11.1,15.08,14.85,15.19,12.87,12.95,10.3,6520.0,9168.0,9124.0,9304.0,7917.0,7892.0,6393.0,4.342,5.899,5.81,5.941,5.035,5.065,4.029,0.0,391.2,0.0,60.14,0.0,110.6,0.0,5.0,16.0,0.0,0.0,41.89,45.65,41.62,-3.786,-2.608,0.0,3.602,288.9,30.64,2.667,3.472,-1.0,1.773,3.0,4901
2016-01-20 13:55:00,39.25,41.39,40.16,1067687.0,62.9,59.9,60.0,30.63,40799.0,507.0,93060.0,1025336.0,30.53,-0.997,-2.224,30.61,0.0,272.7,272.1,273.9,0.772,270.0,0.531,270.0,0.842,272.0,0.002,13.88,2.0,3.0,0.0,4.788,39.3,391.3,391.1,0.0,1.256,1.0490000000000002,1.142,121.4,124.5,0.7659999999999999,0.0,12.6,3.804,5.007,3.389,3.115,2.009,3.504,-44.39,4.126,1.66,128.6,9.9,13.45,13.26,13.57,11.48,11.53,9.18,6520.0,9169.0,9124.0,9304.0,7917.0,7892.0,6393.0,3.851,5.232,5.155,5.278,4.466,4.485,3.57,0.0,388.9,0.0,60.15,0.0,100.4,0.0,5.0,16.0,0.0,0.0,37.01,40.72,36.78,-3.645,-2.55,0.0,3.236,244.7,8.54,3.0,3.472,-1.0,2.902,3.9,4901
2016-01-20 13:56:00,35.85,37.88,36.69,1067688.0,62.9,59.9,60.0,27.82,40799.0,507.0,93060.0,1025337.0,27.79,-0.995,-2.7310000000000003,27.92,0.0,272.8,272.8,274.5,0.772,270.3,0.531,270.5,0.842,272.0,0.002,13.88,1.0,3.0,0.0,4.755,36.37,388.5,388.3,0.0,1.143,0.956,1.037,111.0,113.0,0.8029999999999999,0.0,12.6,3.129,4.427,2.749,2.378,1.34,2.883,-113.6,3.4360000000000004,1.18,116.9,9.05,12.38,12.23,12.43,10.55,10.61,8.49,6520.0,9169.0,9124.0,9304.0,7917.0,7892.0,6393.0,3.492,4.7780000000000005,4.72,4.798,4.071000000000001,4.094,3.275,0.0,386.0,0.0,60.15,0.0,93.6,0.0,5.0,16.0,0.0,0.0,33.69,37.29,33.47,-3.909,-3.048,0.0,2.54,239.9,7.447,3.0,3.473,-1.0,1.962,3.4,4901
2016-01-20 13:57:00,33.88,35.87,34.63,1067688.0,62.9,59.9,60.0,26.16,40799.0,507.0,93060.0,1025337.0,26.18,-0.993,-3.027,26.36,0.0,273.2,272.7,274.5,0.772,270.4,0.531,270.3,0.842,272.0,0.002,13.88,1.0,3.0,0.0,4.715,34.74,386.1,385.8,0.0,1.074,0.904,0.972,105.2,106.0,0.913,0.0,12.6,2.733,3.964,2.397,1.933,0.924,2.414,-118.5,3.023,0.928,109.7,8.55,11.79,11.66,11.81,10.03,10.07,8.13,6520.0,9169.0,9125.0,9304.0,7918.0,7892.0,6393.0,3.278,4.518,4.471,4.5280000000000005,3.845,3.861,3.115,0.0,383.4,0.0,60.15,0.0,90.0,0.0,5.0,16.0,0.0,0.0,31.75,35.33,31.59,-3.909,-3.322,0.0,2.195,252.1,23.34,3.0,3.473,-1.0,1.457,2.1,4901
2016-01-20 13:58:00,33.2,35.19,34.03,1067689.0,62.9,59.9,60.0,25.6,40800.0,507.0,93060.0,1025338.0,25.6,-0.993,-3.114,25.79,0.0,272.9,272.7,274.5,0.772,270.1,0.531,270.0,0.842,272.0,0.002,13.88,1.0,3.0,0.0,4.672,33.96,383.9,383.7,0.0,1.044,0.883,0.941,103.3,103.0,0.909,0.0,12.6,2.559,3.758,2.286,1.791,0.7029999999999998,2.289,-140.2,2.83,0.878,106.6,8.359999999999998,11.6,11.51,11.61,9.87,9.88,8.06,6520.0,9169.0,9125.0,9304.0,7918.0,7892.0,6393.0,3.189,4.423,4.388999999999999,4.428,3.762,3.768,3.072,0.0,381.3,0.0,60.15,0.0,88.5,0.0,5.0,16.0,0.0,0.0,31.04,34.61,30.94,-3.763,-3.1660000000000004,0.0,2.101,274.4,47.78,3.0,3.473,-1.0,0.903,1.7,4901
2016-01-20 13:59:00,33.43,35.53,34.27,1067689.0,62.9,59.9,60.0,25.84,40800.0,507.0,93060.0,1025338.0,25.84,-0.993,-3.077,26.02,0.0,273.2,272.7,274.4,0.772,270.7,0.531,270.1,0.842,272.0,-0.016,13.48,1.0,1.0,0.0,4.627,34.42,382.5,382.1,0.0,1.046,0.888,0.937,104.5,103.4,0.2899999999999999,0.001,12.6,2.282,3.42,2.062,1.742,0.8349999999999999,2.128,-113.8,2.6060000000000003,0.7709999999999999,106.7,8.429999999999998,11.78,11.69,11.75,10.01,10.01,8.22,6520.0,9169.0,9125.0,9304.0,7918.0,7892.0,6393.0,3.2,4.47,4.438,4.46,3.797,3.798,3.1210000000000004,0.0,379.6,0.0,60.14,0.0,90.0,0.0,5.0,16.0,0.0,0.0,31.29,34.91,31.24,-3.743,-3.214,0.0,1.646,257.5,60.73,2.0,3.474,-1.0,0.813,1.7,4901
2016-01-20 14:00:00,34.31,36.36,35.2,1067690.0,62.9,59.9,60.0,26.57,40800.0,507.0,93060.0,1025338.0,26.58,-0.994,-2.95,26.74,0.0,273.5,272.7,274.4,0.772,270.4,0.531,270.2,0.842,272.0,0.019,13.55,1.0,1.0,0.0,4.582,34.93,380.0,380.5,0.0,1.067,0.907,0.952,107.6,105.8,0.4539999999999999,0.001,12.6,2.14,3.167,1.885,1.675,0.7179999999999999,2.0,-141.1,2.461,0.5899999999999999,108.9,8.679999999999998,12.13,12.06,12.15,10.35,10.29,8.51,6520.0,9169.0,9125.0,9305.0,7918.0,7892.0,6393.0,3.283,4.588,4.559,4.594,3.914,3.892,3.217,0.0,378.1,0.0,60.14,0.0,91.9,0.0,5.0,16.0,0.0,0.0,32.19,35.81,32.11,-3.703,-3.01,0.0,1.624,273.8,8.42,2.5,3.473,-1.0,1.43,2.2,4901
2016-01-20 14:01:00,35.4,37.51,36.28,1067690.0,62.9,59.9,60.0,27.5,40800.0,507.0,93060.0,1025339.0,27.43,-0.995,-2.797,27.57,0.0,273.5,272.8,274.5,0.772,270.8,0.531,270.3,0.842,272.1,0.002,13.88,1.0,3.0,0.0,4.535,35.99,379.6,380.9,0.0,1.091,0.928,0.972,110.8,108.8,0.878,0.0,12.6,1.869,2.957,1.675,1.5,0.6039999999999999,1.808,-98.3,2.286,0.4909999999999999,111.7,8.92,12.51,12.43,12.51,10.65,10.61,8.779999999999998,6520.0,9169.0,9125.0,9305.0,7918.0,7892.0,6394.0,3.375,4.735,4.703,4.7330000000000005,4.03,4.016,3.323,0.0,378.4,0.0,60.14,0.0,94.8,0.0,5.0,16.0,0.0,0.0,33.17,36.87,33.13,-3.737,-2.9930000000000003,0.0,1.395,278.6,8.679999999999998,3.0,3.473,-1.0,1.817,2.7,4901
2016-01-20 14:02:00,36.05,38.19,36.9,1067691.0,62.9,59.9,60.0,28.02,40800.0,507.0,93060.0,1025339.0,27.92,-0.995,-2.689,28.05,0.0,273.1,272.7,274.5,0.772,270.0,0.531,270.0,0.842,272.0,0.002,13.88,1.0,3.0,0.0,4.487,36.58,383.0,383.6,0.0,1.104,0.939,0.983,112.4,110.6,0.915,0.0,12.6,1.5490000000000002,2.637,1.358,1.23,0.3479999999999999,1.537,-140.9,2.048,0.3659999999999999,113.3,9.03,12.65,12.57,12.62,10.77,10.74,8.88,6520.0,9169.0,9125.0,9305.0,7918.0,7892.0,6394.0,3.438,4.8180000000000005,4.7860000000000005,4.806,4.102,4.092,3.381,0.0,380.9,0.0,60.16,0.0,95.5,0.0,5.0,16.0,0.0,0.0,33.83,37.54,33.72,-3.805,-3.143,0.0,1.13,267.6,15.55,3.0,3.473,-1.0,1.325,2.0,4901
2016-01-20 14:03:00,35.63,37.72,36.42,1067691.0,62.9,59.9,60.0,27.64,40800.0,507.0,93060.0,1025340.0,27.55,-0.995,-2.738,27.68,0.0,273.2,272.5,274.4,0.772,270.0,0.531,270.0,0.842,272.0,0.002,13.88,1.0,3.0,0.0,4.433,36.37,386.1,386.0,0.0,1.086,0.923,0.969,110.8,109.3,0.3929999999999999,0.0,12.6,1.357,2.428,1.166,1.024,0.124,1.327,-140.8,1.905,0.316,111.9,8.859999999999998,12.38,12.3,12.37,10.55,10.54,8.689999999999998,6520.0,9169.0,9125.0,9305.0,7918.0,7893.0,6394.0,3.398,4.751,4.719,4.745,4.048,4.041,3.333,0.0,383.6,0.0,60.19,0.0,94.2,0.0,5.0,16.0,0.0,0.0,33.4,37.13,33.25,-3.684,-3.239,0.0,0.929,259.4,16.19,2.167,3.472,-1.0,1.643,2.6,4901
2016-01-20 14:04:00,34.22,36.25,35.01,1067692.0,62.9,59.9,60.0,26.45,40800.0,507.0,93060.0,1025340.0,26.4,-0.994,-2.9210000000000003,26.56,0.0,273.2,272.5,274.4,0.772,270.0,0.531,270.0,0.842,272.0,0.002,13.88,1.0,3.0,0.0,4.364,35.2,388.0,387.6,0.0,1.042,0.885,0.931,106.4,105.0,0.367,0.0,12.6,1.084,2.207,0.96,0.814,-0.114,1.135,-141.7,1.692,0.128,107.7,8.47,11.83,11.74,11.82,10.08,10.07,8.29,6520.0,9169.0,9125.0,9305.0,7918.0,7893.0,6394.0,3.262,4.556,4.52,4.553,3.883,3.877,3.1910000000000003,0.0,385.1,0.0,60.19,0.0,90.7,0.0,5.0,16.0,0.0,0.0,32.04,35.69,31.89,-3.745,-3.207,0.0,0.696,285.7,22.03,2.333,3.473,-1.0,1.823,2.4,4901
2016-01-20 14:05:00,32.92,34.95,33.72,1067692.0,62.9,59.9,60.0,25.36,40800.0,507.0,93060.0,1025341.0,25.32,-0.992,-3.128,25.51,0.0,272.8,272.6,274.4,0.772,270.0,0.531,270.0,0.842,272.0,0.002,13.88,1.0,3.0,0.0,4.311,33.98,386.7,386.6,0.0,1.001,0.8499999999999999,0.893,102.4,100.8,0.8809999999999998,0.0,12.58,0.895,1.965,0.7319999999999999,0.6709999999999999,-0.256,0.943,-120.7,1.565,-0.05,103.5,8.14,11.38,11.3,11.37,9.71,9.68,7.977,6520.0,9169.0,9125.0,9305.0,7918.0,7893.0,6394.0,3.129,4.374,4.342,4.371,3.732,3.72,3.065,0.0,384.3,0.0,60.18,0.0,87.9,0.0,5.0,16.0,0.0,0.0,30.78,34.38,30.65,-3.806,-3.12,0.0,0.531,312.4,8.89,3.0,3.473,-1.0,1.96,2.6,4901
2016-01-20 14:06:00,32.19,34.18,32.98,1067693.0,62.9,59.9,60.0,24.81,40800.0,507.0,93060.0,1025341.0,24.82,-0.992,-3.249,25.03,0.0,273.4,273.3,275.1,0.772,270.8,0.531,270.8,0.842,272.8,0.002,13.88,1.0,3.0,0.0,4.255,33.71,387.0,385.4,0.0,0.981,0.8349999999999999,0.875,100.6,98.7,0.914,0.0,12.56,0.8309999999999998,1.82,0.526,0.512,-0.352,0.8009999999999999,-141.4,1.361,-0.3059999999999999,101.4,8.01,11.27,11.16,11.22,9.57,9.57,7.883999999999999,6520.0,9169.0,9125.0,9305.0,7918.0,7893.0,6394.0,3.064,4.311,4.271,4.293,3.661,3.661,3.017,0.0,382.7,0.0,60.15,0.0,87.09999999999998,0.0,5.0,16.0,0.0,0.0,30.15,33.68,30.02,-3.902,-2.979,0.0,0.523,281.7,20.48,3.0,3.473,-1.0,1.915,2.7,4901
2016-01-20 14:07:00,32.06,34.0,32.83,1067693.0,62.9,59.9,60.0,24.7,40800.0,507.0,93060.0,1025341.0,24.69,-0.991,-3.304,24.91,0.0,274.0,273.6,275.2,0.772,271.0,0.531,271.0,0.842,273.0,0.002,13.88,1.0,3.0,0.0,4.195,33.44,384.1,384.3,0.0,0.974,0.8329999999999999,0.87,100.1,98.0,0.642,0.0,12.51,0.6709999999999999,1.71,0.384,0.3659999999999999,-0.512,0.655,-142.7,1.216,-0.416,100.8,7.97,11.17,11.13,11.2,9.53,9.49,7.867000000000002,6520.0,9169.0,9125.0,9305.0,7918.0,7893.0,6394.0,3.045,4.268,4.252,4.281000000000001,3.643,3.624,3.006,0.0,382.1,0.0,60.14,0.0,87.09999999999998,0.0,5.0,16.0,0.0,0.0,29.96,33.47,29.84,-3.852,-3.125,0.0,0.351,277.3,9.48,2.5,3.473,-1.0,1.928,2.7,4901
2016-01-20 14:08:00,31.98,33.93,32.7,1067693.0,62.9,59.9,60.0,24.64,40800.0,507.0,93060.0,1025342.0,24.63,-0.991,-3.3080000000000003,24.86,0.0,273.7,273.7,275.4,0.772,271.0,0.531,271.0,0.842,273.0,0.002,13.88,1.0,3.0,0.0,4.141,33.47,384.5,384.4,0.0,0.973,0.8259999999999998,0.8659999999999999,99.8,97.7,0.2949999999999999,0.0,12.5,0.4149999999999999,1.5,0.192,0.1419999999999999,-0.707,0.498,-142.1,1.021,-0.547,100.5,7.94,11.19,11.11,11.12,9.51,9.5,7.857,6520.0,9169.0,9125.0,9305.0,7918.0,7893.0,6394.0,3.034,4.275,4.244,4.247,3.634,3.63,3.002,0.0,382.1,0.0,60.15,0.0,87.09999999999998,0.0,5.0,16.0,0.0,0.0,29.88,33.4,29.76,-3.865,-3.274,0.0,0.093,291.5,9.95,2.167,3.473,-1.0,2.467,3.3,4901
2016-01-20 14:09:00,32.07,34.03,32.87,1067694.0,62.9,59.9,60.0,24.72,40800.0,507.0,93060.0,1025342.0,24.73,-0.991,-3.272,24.94,0.0,273.8,273.4,275.2,0.772,271.0,0.531,271.0,0.842,273.0,0.002,13.88,1.0,3.0,0.0,4.082,33.5,384.5,384.0,0.0,0.975,0.8299999999999998,0.8690000000000001,100.1,98.0,0.916,0.0,12.53,0.3019999999999999,1.389,0.096,0.096,-0.768,0.384,-142.3,0.8599999999999999,-0.785,100.8,7.972,11.22,11.15,11.18,9.56,9.53,7.892,6521.0,9169.0,9125.0,9305.0,7918.0,7893.0,6394.0,3.045,4.2860000000000005,4.26,4.269,3.653,3.64,3.015,0.0,382.0,0.0,60.14,0.0,87.09999999999998,0.0,5.0,16.0,0.0,0.0,30.0,33.53,29.9,-3.968,-3.188,0.0,0.044,287.1,5.757000000000001,3.0,3.473,-1.0,2.208,2.7,4901
2016-01-20 14:10:00,32.36,34.34,33.24,1067694.0,62.9,59.9,60.0,24.99,40800.0,507.0,93060.0,1025343.0,25.0,-0.992,-3.21,25.2,0.0,273.9,273.3,275.1,0.772,271.0,0.531,271.0,0.842,273.0,0.002,13.88,1.0,3.0,0.0,4.023,33.71,384.9,383.9,0.0,0.983,0.8379999999999999,0.877,101.1,99.0,0.925,0.0,12.5,0.2869999999999999,1.325,-0.064,0.064,-0.817,0.3019999999999999,-142.0,0.753,-0.913,101.8,8.07,11.35,11.29,11.31,9.670000000000002,9.63,7.989,6521.0,9169.0,9125.0,9305.0,7918.0,7893.0,6394.0,3.079,4.331,4.308,4.317,3.693,3.677,3.05,0.0,381.7,0.0,60.15,0.0,87.59999999999998,0.0,5.0,16.0,0.0,0.0,30.28,33.88,30.23,-3.981,-3.073,0.0,-0.032,292.9,12.6,3.0,3.473,-1.0,2.005,2.6,4901
2016-01-20 14:11:00,32.65,34.66,33.43,1067695.0,62.9,59.9,60.0,25.23,40800.0,507.0,93060.0,1025343.0,25.2,-0.992,-3.177,25.4,0.0,273.9,273.4,275.3,0.772,271.0,0.531,271.0,0.842,273.0,0.002,13.88,1.0,3.0,0.0,3.965,33.84,384.5,384.7,0.0,0.991,0.844,0.883,101.8,99.8,0.789,0.0,12.49,0.192,1.244,-0.178,-0.05,-0.8629999999999999,0.2239999999999999,-142.0,0.672,-0.96,102.5,8.13,11.41,11.32,11.4,9.75,9.69,8.01,6521.0,9169.0,9125.0,9305.0,7918.0,7893.0,6394.0,3.109,4.361000000000001,4.329,4.357,3.728,3.706,3.062,0.0,382.3,0.0,60.14,0.0,88.0,0.0,5.0,16.0,0.0,0.0,30.53,34.12,30.44,-4.033,-3.026,0.0,-0.036,292.9,4.557,2.667,3.472,-1.0,1.883,2.4,4901
2016-01-20 14:12:00,32.6,34.68,33.38,1067695.0,62.9,59.9,60.0,25.19,40800.0,507.0,93060.0,1025344.0,25.17,-0.992,-3.165,25.37,0.0,273.8,273.3,275.2,0.772,271.0,0.531,271.0,0.842,273.0,0.002,13.88,2.0,3.0,0.0,3.905,33.87,385.8,385.2,0.0,0.988,0.8429999999999999,0.882,101.6,99.7,0.2239999999999999,0.0,12.44,0.2269999999999999,1.186,-0.192,-0.032,-0.8629999999999999,0.192,-116.3,0.622,-0.96,102.4,8.09,11.39,11.31,11.36,9.7,9.69,8.0,6521.0,9170.0,9125.0,9305.0,7918.0,7893.0,6394.0,3.1,4.363,4.331,4.349,3.714,3.711,3.065,0.0,382.9,0.0,60.15,0.0,87.79999999999998,0.0,5.0,16.0,0.0,0.0,30.49,34.12,30.39,-4.05,-3.012,0.0,-0.0069999999999999,281.4,12.04,2.0,3.473,-1.0,1.187,1.7,4901
2016-01-20 14:13:00,32.47,34.46,33.25,1067696.0,62.9,59.9,60.0,25.04,40800.0,507.0,93060.0,1025344.0,25.04,-0.992,-3.169,25.24,0.0,273.6,273.2,275.0,0.772,271.0,0.531,271.0,0.842,273.0,0.002,13.88,1.0,3.0,0.0,3.848,33.75,385.7,385.3,0.0,0.983,0.8399999999999999,0.878,101.1,99.3,0.8499999999999999,0.0,12.41,0.319,1.308,-0.178,0.0459999999999999,-0.817,0.238,-120.3,0.672,-0.942,101.8,8.06,11.3,11.23,11.3,9.66,9.61,7.951,6521.0,9170.0,9125.0,9305.0,7918.0,7893.0,6394.0,3.0860000000000003,4.329,4.302,4.328,3.697,3.682,3.045,0.0,382.9,0.0,60.15,0.0,87.5,0.0,5.0,16.0,0.0,0.0,30.34,33.98,30.23,-4.008,-2.911,0.0,0.1119999999999999,291.3,19.84,3.0,3.473,-1.0,1.023,1.7,4901
2016-01-20 14:14:00,32.3,34.33,33.11,1067696.0,62.9,59.9,60.0,24.92,40800.0,507.0,93060.0,1025344.0,24.91,-0.992,-3.195,25.11,0.0,273.5,273.2,275.1,0.772,271.0,0.531,271.0,0.842,273.0,0.002,13.88,1.0,3.0,0.0,3.792,33.74,386.4,385.2,0.0,0.978,0.8359999999999999,0.873,100.6,98.9,0.913,0.0,12.31,0.3829999999999999,1.337,-0.093,0.081,-0.768,0.288,-141.9,0.7209999999999999,-0.814,101.2,8.029999999999998,11.26,11.18,11.26,9.61,9.58,7.911,6521.0,9170.0,9126.0,9305.0,7919.0,7893.0,6394.0,3.074,4.312,4.279,4.311,3.678,3.668,3.028,0.0,382.9,0.0,60.14,0.0,87.29999999999998,0.0,5.0,16.0,0.0,0.0,30.17,33.81,30.11,-3.928,-2.91,0.0,0.14,323.0,31.75,3.0,3.473,-1.0,0.4219999999999999,1.0,4901
2016-01-20 14:15:00,32.06,34.01,32.81,1067697.0,62.9,59.9,60.0,24.67,40800.0,507.0,93060.0,1025345.0,24.67,-0.991,-3.237,24.88,0.0,273.7,273.1,274.9,0.772,271.0,0.531,271.0,0.842,273.0,0.002,13.88,1.0,3.0,0.0,3.737,33.6,385.8,385.3,0.0,0.968,0.827,0.8659999999999999,99.7,98.1,0.563,0.0,12.31,0.3659999999999999,1.3119999999999998,-0.0289999999999999,0.096,-0.7209999999999999,0.288,-141.5,0.768,-0.768,100.3,7.951,11.15,11.08,11.16,9.5,9.49,7.83,6521.0,9170.0,9126.0,9305.0,7919.0,7893.0,6394.0,3.044,4.269,4.242,4.273,3.636,3.633,2.998,0.0,382.9,0.0,60.14,0.0,87.09999999999998,0.0,5.0,16.0,0.0,0.0,29.92,33.5,29.82,-3.911,-3.012,0.0,0.0759999999999999,316.5,17.99,2.333,3.473,-1.0,1.008,1.6,4901
2016-01-20 14:16:00,31.23,33.25,32.03,1067697.0,62.9,59.9,60.0,24.09,40800.0,507.0,93060.0,1025345.0,24.11,-0.99,-3.364,24.34,0.0,274.4,273.8,275.6,0.772,271.9,0.531,271.5,0.842,273.3,0.002,13.88,2.0,3.0,0.0,3.68,33.1,386.2,386.2,0.0,0.949,0.809,0.849,97.5,96.2,0.231,0.0,12.31,0.3049999999999999,1.247,0.0,0.113,-0.622,0.288,-141.7,0.7319999999999999,-0.768,98.3,7.763,10.87,10.8,10.84,9.27,9.27,7.631,6521.0,9170.0,9126.0,9305.0,7919.0,7893.0,6394.0,2.98,4.174,4.144,4.162,3.559,3.5580000000000003,2.929,0.0,383.9,0.0,60.15,0.0,85.7,0.0,5.0,16.0,0.0,0.0,29.18,32.77,29.12,-3.846,-3.064,0.0,0.009,302.2,11.69,2.167,3.473,-1.0,1.027,1.4,4901
2016-01-20 14:17:00,30.2,32.12,30.96,1067697.0,62.9,59.9,60.0,23.19,40801.0,507.0,93060.0,1025346.0,23.22,-0.989,-3.517,23.48,0.0,274.0,273.9,275.6,0.772,271.6,0.531,271.2,0.842,273.0,0.002,13.88,1.0,3.0,0.0,3.627,32.19,387.8,386.4,0.0,0.918,0.7809999999999999,0.822,94.1,93.0,0.905,0.0,12.25,0.465,1.28,-0.018,0.11,-0.576,0.288,-141.5,0.704,-0.7359999999999999,95.1,7.518,10.47,10.36,10.49,8.96,8.939999999999998,7.316,6521.0,9170.0,9126.0,9305.0,7919.0,7893.0,6394.0,2.888,4.024,3.979,4.03,3.443,3.4330000000000003,2.8110000000000004,0.0,384.2,0.0,60.13,0.0,83.0,0.0,5.0,16.0,0.0,0.0,28.15,31.69,28.12,-3.833,-2.962,0.0,0.131,296.9,11.17,3.0,3.473,-1.0,1.117,2.0,4901
2016-01-20 14:18:00,29.03,30.99,29.81,1067698.0,62.9,59.9,60.0,22.23,40801.0,507.0,93060.0,1025346.0,22.31,-0.987,-3.674,22.61,0.0,274.2,273.7,275.6,0.772,271.6,0.531,271.0,0.842,273.0,0.002,13.88,1.0,3.0,0.0,3.574,31.01,386.2,385.5,0.0,0.885,0.753,0.792,90.8,89.5,0.911,0.0,12.2,0.3979999999999999,1.23,-0.16,0.128,-0.657,0.238,-142.3,0.5579999999999999,-0.768,91.6,7.237999999999999,10.09,9.98,10.1,8.63,8.609999999999998,7.057,6521.0,9170.0,9126.0,9306.0,7919.0,7893.0,6395.0,2.777,3.869,3.827,3.875,3.31,3.302,2.707,0.0,383.6,0.0,60.14,0.0,80.29999999999998,0.0,5.0,16.0,0.0,0.0,27.07,30.61,27.09,-3.869,-2.877,0.0,0.054,296.7,10.1,3.0,3.473,-1.0,1.122,1.6,4901
2016-01-20 14:19:00,28.37,30.28,29.16,1067698.0,62.9,59.9,60.0,21.67,40801.0,507.0,93060.0,1025346.0,21.79,-0.985,-3.755,22.11,0.0,274.6,273.7,275.6,0.772,271.8,0.531,271.0,0.842,273.0,0.002,13.88,1.0,3.0,0.0,3.5210000000000004,30.6,385.4,384.5,0.0,0.8649999999999999,0.7359999999999999,0.773,88.9,87.4,0.317,0.0,12.14,0.3339999999999999,1.102,-0.2239999999999999,0.064,-0.768,0.1419999999999999,-68.94,0.4939999999999999,-0.768,89.4,7.0760000000000005,9.920000000000002,9.85,9.920000000000002,8.449999999999998,8.439999999999998,6.964,6521.0,9170.0,9126.0,9306.0,7919.0,7893.0,6395.0,2.704,3.792,3.764,3.793,3.2310000000000003,3.227,2.661,0.0,382.2,0.0,60.14,0.0,79.4,0.0,5.0,16.0,0.0,0.0,26.43,30.0,26.51,-3.878,-2.866,0.0,-0.003,307.2,10.5,2.0,3.473,-1.0,1.323,1.8,4901
2016-01-20 14:20:00,28.34,30.33,29.15,1067699.0,62.9,59.9,60.0,21.67,40801.0,507.0,93060.0,1025347.0,21.8,-0.985,-3.755,22.12,0.0,274.3,273.8,275.6,0.772,272.0,0.531,271.0,0.842,273.0,0.003,13.88,1.0,3.0,0.0,3.468,30.48,383.5,383.1,0.0,0.8640000000000001,0.7359999999999999,0.77,89.09999999999998,87.2,0.4479999999999999,0.0,12.12,0.2869999999999999,1.055,-0.288,0.0,-0.768,0.114,-116.1,0.3979999999999999,-0.768,89.2,7.073,9.96,9.9,9.95,8.47,8.47,7.009,6521.0,9170.0,9126.0,9306.0,7919.0,7894.0,6395.0,2.693,3.792,3.768,3.788,3.2260000000000004,3.224,2.669,0.0,380.8,0.0,60.14,0.0,79.48999999999998,0.0,5.0,16.0,0.0,0.0,26.41,29.99,26.55,-3.907,-2.833,0.0,-0.019,293.9,18.04,2.5,3.473,-1.0,0.995,1.5,4901
2016-01-20 14:21:00,28.82,30.89,29.7,1067699.0,62.9,59.9,60.0,22.12,40801.0,507.0,93060.0,1025347.0,22.23,-0.987,-3.683,22.53,0.0,274.3,273.9,275.7,0.772,272.0,0.531,271.1,0.842,273.1,0.002,13.92,1.0,3.0,0.0,3.4160000000000004,30.96,381.3,381.4,0.0,0.878,0.75,0.7809999999999999,90.8,88.7,0.925,0.0,12.12,0.2869999999999999,1.055,-0.3379999999999999,0.0,-0.768,0.096,-120.8,0.384,-0.814,90.6,7.224999999999999,10.21,10.15,10.16,8.67,8.67,7.191,6521.0,9170.0,9126.0,9306.0,7919.0,7894.0,6395.0,2.74,3.872,3.848,3.854,3.286,3.2880000000000003,2.727,0.0,379.2,0.0,60.14,0.0,81.2,0.0,5.0,16.0,0.0,0.0,26.91,30.5,27.03,-3.853,-2.972,0.0,-0.033,330.5,20.96,3.0,3.473,-1.0,0.5869999999999999,1.1,4901
2016-01-20 14:22:00,29.63,31.7,30.51,1067699.0,62.9,59.9,60.0,22.8,40801.0,507.0,93060.0,1025347.0,22.83,-0.988,-3.564,23.11,0.0,274.6,273.9,275.8,0.772,272.0,0.531,271.1,0.842,273.2,0.002,13.92,1.0,3.0,0.0,3.364,31.85,382.2,380.9,0.0,0.899,0.767,0.799,93.3,91.1,0.773,0.0,12.04,0.223,0.96,-0.3019999999999999,0.0,-0.768,0.11,-89.9,0.416,-0.6859999999999999,92.9,7.434999999999999,10.48,10.45,10.46,8.939999999999998,8.91,7.4129999999999985,6521.0,9170.0,9126.0,9306.0,7919.0,7894.0,6395.0,2.815,3.969,3.955,3.961,3.384,3.372,2.807,0.0,378.6,0.0,60.14,0.0,83.29999999999998,0.0,5.0,16.0,0.0,0.0,27.59,31.25,27.7,-3.746,-3.114,0.0,-0.13,280.8,53.33,2.667,3.473,-1.0,0.2969999999999999,0.5999999999999999,4901
2016-01-20 14:23:00,30.26,32.32,31.14,1067700.0,62.9,59.9,60.0,23.31,40801.0,507.0,93060.0,1025348.0,23.33,-0.989,-3.4960000000000004,23.59,0.0,274.4,273.6,275.6,0.772,271.9,0.531,271.0,0.842,273.0,0.002,13.92,2.0,3.0,0.0,3.312,32.46,382.4,382.0,0.0,0.915,0.78,0.813,95.0,93.0,0.22,0.0,12.02,0.2869999999999999,1.038,-0.256,0.049,-0.75,0.1739999999999999,-94.5,0.4799999999999999,-0.562,94.7,7.598,10.67,10.62,10.68,9.13,9.07,7.535,6521.0,9170.0,9126.0,9306.0,7919.0,7894.0,6395.0,2.884,4.049,4.031000000000001,4.055,3.465,3.444,2.86,0.0,379.5,0.0,60.14,0.0,84.9,0.0,5.0,16.0,0.0,0.0,28.22,31.86,28.27,-3.684,-3.085,0.0,-0.023,71.43,77.31999999999998,2.0,3.474,-1.0,0.223,0.5,4901
2016-01-20 14:24:00,30.37,32.4,31.25,1067700.0,62.9,59.9,60.0,23.4,40801.0,507.0,93060.0,1025348.0,23.42,-0.989,-3.506,23.68,0.0,274.5,273.7,275.6,0.772,271.9,0.531,271.0,0.842,273.0,0.002,13.92,1.0,3.0,0.0,3.261,32.72,386.3,384.2,0.0,0.917,0.7809999999999999,0.815,95.3,93.5,0.6829999999999999,0.0,12.02,0.3689999999999999,1.055,-0.178,0.1769999999999999,-0.672,0.317,-89.9,0.576,-0.477,95.2,7.575,10.64,10.62,10.63,9.090000000000002,9.07,7.535,6521.0,9170.0,9126.0,9306.0,7919.0,7894.0,6395.0,2.889,4.059,4.05,4.055,3.468,3.458,2.874,0.0,381.4,0.0,60.13,0.0,84.7,0.0,5.0,16.0,0.0,0.0,28.36,31.95,28.38,-3.615,-2.885,0.0,0.037,313.0,26.85,2.833,3.473,-1.0,0.45,0.9,4901
2016-01-20 14:25:00,29.93,31.91,30.76,1067701.0,62.9,59.9,60.0,22.99,40801.0,507.0,93060.0,1025349.0,23.08,-0.988,-3.568,23.35,0.0,274.0,273.7,275.6,0.772,271.9,0.531,271.0,0.842,273.0,0.002,13.92,1.0,3.0,0.0,3.2110000000000003,32.05,384.7,385.3,0.0,0.903,0.768,0.8029999999999999,93.9,92.3,0.913,0.0,12.08,0.433,1.055,-0.125,0.192,-0.5899999999999999,0.37,-94.3,0.497,-0.3659999999999999,94.1,7.451,10.45,10.37,10.46,8.939999999999998,8.91,7.367000000000002,6521.0,9170.0,9126.0,9306.0,7919.0,7894.0,6395.0,2.853,4.002,3.97,4.006,3.422,3.412,2.821,0.0,382.9,0.0,60.14,0.0,83.29999999999998,0.0,5.0,16.0,0.0,0.0,27.96,31.54,28.0,-3.603,-2.8360000000000003,0.0,0.1169999999999999,331.3,27.22,3.0,3.474,-1.0,0.545,0.9,4901
2016-01-20 14:26:00,29.38,31.42,30.28,1067701.0,62.9,59.9,60.0,22.56,40801.0,507.0,93060.0,1025349.0,22.63,-0.987,-3.649,22.92,0.0,274.1,273.7,275.4,0.772,271.3,0.531,271.0,0.842,273.0,0.001,13.91,1.0,3.0,0.0,3.165,31.67,385.3,384.9,0.0,0.885,0.753,0.7879999999999999,92.2,90.5,0.362,0.0,12.05,0.4799999999999999,1.055,-0.096,0.206,-0.576,0.384,-132.6,0.576,-0.4479999999999999,92.4,7.3039999999999985,10.28,10.23,10.27,8.76,8.76,7.257999999999998,6522.0,9170.0,9126.0,9306.0,7919.0,7894.0,6395.0,2.793,3.932,3.91,3.929,3.3510000000000004,3.352,2.776,0.0,382.4,0.0,60.14,0.0,82.2,0.0,5.0,16.0,0.0,0.0,27.45,30.98,27.52,-3.589,-2.77,0.0,0.16,300.9,11.07,2.167,3.472,-1.0,1.523,2.0,4901
2016-01-20 14:27:00,29.12,31.13,29.99,1067702.0,62.9,59.9,60.0,22.33,40801.0,507.0,93060.0,1025349.0,22.44,-0.987,-3.698,22.75,0.0,274.2,273.6,275.4,0.772,271.6,0.531,271.0,0.842,273.0,0.002,13.91,2.0,3.0,0.0,3.119,31.27,384.4,384.1,0.0,0.879,0.746,0.78,91.6,89.59999999999998,0.2319999999999999,0.0,12.12,0.4799999999999999,1.055,-0.16,0.192,-0.576,0.384,-89.4,0.512,-0.6079999999999999,91.6,7.252,10.21,10.17,10.23,8.72,8.689999999999998,7.223,6522.0,9170.0,9126.0,9306.0,7919.0,7894.0,6395.0,2.766,3.893,3.881,3.901,3.325,3.315,2.755,0.0,381.5,0.0,60.14,0.0,81.4,0.0,5.0,16.0,0.0,0.0,27.23,30.76,27.29,-3.718,-2.765,0.0,0.154,291.3,8.5,2.167,3.473,-1.0,1.773,2.5,4901
2016-01-20 14:28:00,29.51,31.43,30.25,1067702.0,62.9,59.9,60.0,22.59,40801.0,507.0,93060.0,1025350.0,22.67,-0.987,-3.686,22.97,0.0,274.1,273.7,275.5,0.772,271.5,0.531,271.1,0.842,273.0,0.002,13.92,1.0,3.0,0.0,3.074,31.48,382.7,382.5,0.0,0.885,0.753,0.784,92.6,90.2,0.921,0.0,12.12,0.3019999999999999,0.96,-0.2419999999999999,0.078,-0.64,0.238,-26.03,0.416,-0.7709999999999999,92.3,7.353,10.36,10.31,10.36,8.849999999999998,8.8,7.326,6522.0,9170.0,9126.0,9306.0,7919.0,7894.0,6395.0,2.795,3.937,3.92,3.939,3.362,3.344,2.784,0.0,380.1,0.0,60.14,0.0,82.29999999999998,0.0,5.0,16.0,0.0,0.0,27.56,31.0,27.55,-3.773,-2.898,0.0,-0.055,282.1,3.977,3.0,3.473,-1.0,2.295,3.0,4901
2016-01-20 14:29:00,30.11,32.03,30.94,1067702.0,62.9,59.9,60.0,23.12,40801.0,507.0,93060.0,1025350.0,23.18,-0.988,-3.605,23.46,0.0,274.1,273.7,275.3,0.772,271.5,0.531,271.2,0.842,273.0,0.002,13.92,1.0,3.0,0.0,3.031,31.91,383.3,382.8,0.0,0.904,0.77,0.799,94.5,92.0,0.913,0.0,12.12,0.128,0.8349999999999999,-0.3379999999999999,-0.0819999999999999,-0.768,0.1419999999999999,-52.22,0.32,-0.8640000000000001,94.0,7.491,10.6,10.58,10.57,9.03,9.0,7.513,6522.0,9171.0,9126.0,9306.0,7919.0,7894.0,6395.0,2.844,4.024,4.015,4.013999999999999,3.426,3.417,2.852,0.0,379.6,0.0,60.13,0.0,83.29999999999998,0.0,5.0,16.0,0.0,0.0,28.16,31.57,28.14,-3.787,-3.189,0.0,-0.2,278.8,5.343,3.0,3.473,-1.0,1.935,2.6,4901
2016-01-20 14:30:00,30.78,32.68,31.56,1067703.0,62.9,59.9,60.0,23.66,40801.0,507.0,93060.0,1025351.0,23.71,-0.989,-3.518,23.97,0.0,274.3,273.8,275.3,0.772,272.0,0.531,271.3,0.842,273.0,0.002,13.92,1.0,3.0,0.0,2.987,32.18,382.0,381.8,0.0,0.923,0.7859999999999999,0.815,96.4,93.9,0.3019999999999999,0.0,12.12,0.096,0.7709999999999999,-0.384,-0.1419999999999999,-0.832,0.096,-94.5,0.3049999999999999,-0.931,95.9,7.647,10.79,10.79,10.82,9.22,9.16,7.668999999999999,6522.0,9171.0,9126.0,9306.0,7919.0,7894.0,6395.0,2.904,4.099,4.097,4.11,3.502,3.479,2.912,0.0,379.7,0.0,60.14,0.0,84.2,0.0,5.0,16.0,0.0,0.0,28.75,32.21,28.76,-3.799,-3.134,0.0,-0.153,271.5,9.29,2.0,3.473,-1.0,1.588,2.5,4901
2016-01-20 14:31:00,31.13,33.14,31.95,1067703.0,62.9,59.9,60.0,23.98,40801.0,507.0,93060.0,1025351.0,24.04,-0.99,-3.44,24.28,0.0,274.3,273.6,275.3,0.772,271.4,0.531,271.0,0.842,273.0,0.002,13.91,1.0,3.0,0.0,2.942,32.63,383.1,383.1,0.0,0.936,0.797,0.827,97.6,95.1,0.6509999999999999,0.0,12.12,0.032,0.768,-0.402,-0.2099999999999999,-0.913,0.0139999999999999,-47.38,0.192,-0.943,97.1,7.729,10.95,10.9,10.88,9.31,9.3,7.75,6522.0,9171.0,9127.0,9306.0,7920.0,7894.0,6395.0,2.942,4.168,4.149,4.143,3.544,3.54,2.95,0.0,380.7,0.0,60.15,0.0,85.2,0.0,5.0,16.0,0.0,0.0,29.14,32.66,29.11,-3.775,-3.123,0.0,-0.268,273.9,4.135,2.667,3.473,-1.0,2.102,2.5,4901
2016-01-20 14:32:00,31.25,33.31,32.09,1067704.0,62.9,59.9,60.0,24.1,40801.0,507.0,93060.0,1025351.0,24.13,-0.99,-3.409,24.37,0.0,274.2,273.5,275.3,0.772,271.1,0.531,271.0,0.842,273.0,0.002,13.92,1.0,3.0,0.0,2.899,32.83,384.9,384.9,0.0,0.94,0.8,0.832,97.9,95.3,0.926,0.0,12.1,-0.096,0.704,-0.544,-0.3549999999999999,-1.027,-0.0819999999999999,-26.24,0.0599999999999999,-1.024,97.4,7.737999999999999,10.91,10.87,10.91,9.32,9.27,7.724,6522.0,9171.0,9127.0,9306.0,7920.0,7894.0,6395.0,2.9610000000000003,4.173,4.157,4.175,3.5660000000000003,3.545,2.955,0.0,382.6,0.0,60.14,0.0,85.29999999999998,0.0,5.0,16.0,0.0,0.0,29.23,32.79,29.23,-3.829,-3.153,0.0,-0.449,263.8,9.85,3.0,3.473,-1.0,1.925,2.5,4901
2016-01-20 14:33:00,31.14,33.26,32.02,1067704.0,62.9,59.9,60.0,24.02,40801.0,507.0,93060.0,1025352.0,24.05,-0.99,-3.38,24.28,0.0,274.2,273.1,275.0,0.772,271.0,0.531,271.0,0.842,273.0,0.002,13.92,1.0,3.0,0.0,2.855,32.71,385.8,385.6,0.0,0.939,0.8,0.8299999999999998,97.5,95.1,0.772,0.0,12.12,-0.1419999999999999,0.576,-0.576,-0.4799999999999999,-1.152,-0.192,-43.1,0.049,-1.01,97.2,7.7029999999999985,10.86,10.82,10.85,9.28,9.23,7.689,6522.0,9171.0,9127.0,9306.0,7920.0,7894.0,6395.0,2.95,4.16,4.142,4.156000000000001,3.553,3.536,2.944,0.0,382.9,0.0,60.15,0.0,84.79999999999998,0.0,5.0,16.0,0.0,0.0,29.09,32.72,29.16,-3.811,-3.196,0.0,-0.526,259.1,7.678,2.667,3.473,-1.0,1.697,2.4,4901
2016-01-20 14:34:00,30.97,33.05,31.82,1067704.0,62.9,59.9,60.0,23.86,40802.0,507.0,93060.0,1025352.0,23.91,-0.99,-3.406,24.15,0.0,274.1,273.4,275.2,0.772,271.0,0.531,271.0,0.842,273.0,0.002,13.91,2.0,3.0,0.0,2.81,32.5,386.1,385.0,0.0,0.935,0.8,0.8259999999999998,97.1,94.5,0.226,0.0,12.02,-0.2419999999999999,0.4939999999999999,-0.672,-0.562,-1.152,-0.2739999999999999,-43.18,0.064,-1.024,96.6,7.659,10.84,10.79,10.82,9.23,9.2,7.666,6522.0,9171.0,9127.0,9306.0,7920.0,7894.0,6395.0,2.931,4.147,4.128,4.142,3.533,3.522,2.934,0.0,382.7,0.0,60.15,0.0,84.2,0.0,5.0,16.0,0.0,0.0,28.96,32.56,29.01,-3.807,-3.2310000000000003,0.0,-0.5849999999999999,258.9,4.735,2.0,3.473,-1.0,1.998,2.5,4901
2016-01-20 14:35:00,30.9,32.96,31.76,1067705.0,62.9,59.9,60.0,23.82,40802.0,507.0,93060.0,1025353.0,23.87,-0.99,-3.443,24.11,0.0,274.2,273.6,275.5,0.772,271.8,0.531,271.0,0.842,273.0,0.002,13.92,1.0,3.0,0.0,2.766,32.55,386.5,384.9,0.0,0.936,0.8009999999999999,0.827,97.1,94.2,0.8690000000000001,0.0,12.1,-0.206,0.384,-0.576,-0.544,-1.216,-0.288,-95.5,0.096,-1.024,96.4,7.649,10.84,10.78,10.81,9.23,9.19,7.6629999999999985,6522.0,9171.0,9127.0,9307.0,7920.0,7894.0,6396.0,2.925,4.143,4.12,4.135,3.53,3.514,2.93,0.0,382.4,0.0,60.12,0.0,84.2,0.0,5.0,16.0,0.0,0.0,28.89,32.48,28.95,-3.747,-3.346,0.0,-0.6129999999999999,256.8,13.08,3.0,3.473,-1.0,1.723,2.4,4901
2016-01-20 14:36:00,31.1,33.18,31.94,1067705.0,62.9,59.9,60.0,24.01,40802.0,507.0,93060.0,1025353.0,24.02,-0.99,-3.419,24.27,0.0,274.7,273.8,275.5,0.772,272.0,0.531,271.4,0.842,273.0,0.002,13.92,1.0,3.0,0.0,2.709,32.72,384.2,384.8,0.0,0.944,0.81,0.834,97.8,94.6,0.918,0.0,12.09,-0.192,0.3049999999999999,-0.576,-0.5579999999999999,-1.248,-0.288,-97.9,0.096,-0.96,96.9,7.689,10.88,10.88,10.89,9.3,9.22,7.742000000000002,6522.0,9171.0,9127.0,9307.0,7920.0,7894.0,6396.0,2.9360000000000004,4.1530000000000005,4.152,4.159,3.552,3.519,2.9560000000000004,0.0,381.8,0.0,60.14,0.0,85.2,0.0,5.0,16.0,0.0,0.0,29.04,32.61,29.11,-3.655,-3.265,0.0,-0.5929999999999999,269.5,10.92,3.0,3.473,-1.0,1.32,1.8,4901
2016-01-20 14:37:00,31.51,33.56,32.43,1067706.0,62.9,59.9,60.0,24.39,40802.0,507.0,93060.0,1025353.0,24.38,-0.991,-3.347,24.61,0.0,274.7,274.0,275.7,0.772,272.0,0.531,272.0,0.842,273.2,0.001,13.91,1.0,3.0,0.0,2.657,33.26,383.5,384.2,0.0,0.96,0.824,0.8459999999999999,99.3,95.8,0.7299999999999999,0.0,12.12,-0.192,0.32,-0.576,-0.544,-1.248,-0.288,-69.21,0.096,-0.943,98.1,7.769999999999999,11.07,11.06,11.02,9.41,9.37,7.877999999999998,6522.0,9171.0,9127.0,9307.0,7920.0,7895.0,6396.0,2.966,4.227,4.22,4.208,3.592,3.5780000000000003,3.008,0.0,381.8,0.0,60.12,0.0,86.7,0.0,5.0,16.0,0.0,0.0,29.44,33.03,29.51,-3.705,-3.292,0.0,-0.5989999999999999,276.1,15.37,2.667,3.473,-1.0,1.858,2.4,4901
2016-01-20 14:38:00,31.99,34.17,32.97,1067706.0,62.9,59.9,60.0,24.83,40802.0,507.0,93060.0,1025354.0,24.83,-0.992,-3.254,25.04,0.0,274.6,274.1,275.8,0.772,272.0,0.531,272.0,0.842,273.5,0.002,13.91,2.0,3.0,0.0,2.613,33.58,384.8,383.9,0.0,0.978,0.8399999999999999,0.8619999999999999,101.1,97.4,0.231,0.0,12.07,-0.288,0.3019999999999999,-0.576,-0.562,-1.198,-0.288,-68.91,0.096,-0.992,99.7,7.926,11.27,11.24,11.25,9.61,9.53,8.019999999999998,6522.0,9171.0,9127.0,9307.0,7920.0,7895.0,6396.0,3.025,4.302,4.289,4.292,3.666,3.638,3.059,0.0,381.6,0.0,60.14,0.0,87.29999999999998,0.0,5.0,16.0,0.0,0.0,29.93,33.59,30.02,-3.82,-3.297,0.0,-0.639,282.2,6.07,2.167,3.473,-1.0,1.617,2.0,4901
2016-01-20 14:39:00,32.6,34.67,33.52,1067707.0,62.9,59.9,60.0,25.29,40802.0,507.0,93060.0,1025354.0,25.28,-0.992,-3.159,25.48,0.0,274.7,273.9,275.6,0.772,272.0,0.531,271.5,0.842,273.1,0.002,13.92,1.0,3.0,0.0,2.572,34.09,384.9,384.3,0.0,0.998,0.8579999999999999,0.879,102.9,99.0,0.915,0.0,12.03,-0.2239999999999999,0.384,-0.576,-0.512,-1.152,-0.2419999999999999,-89.9,0.096,-0.928,101.3,8.05,11.44,11.41,11.43,9.77,9.68,8.15,6522.0,9171.0,9127.0,9307.0,7920.0,7895.0,6396.0,3.074,4.371,4.357,4.368,3.733,3.696,3.112,0.0,382.0,0.0,60.14,0.0,88.59999999999998,0.0,5.0,16.0,0.0,0.0,30.5,34.16,30.53,-3.843,-3.1860000000000004,0.0,-0.5579999999999999,296.9,5.85,3.0,3.473,-1.0,1.195,1.6,4901
2016-01-20 14:40:00,33.29,35.42,34.17,1067707.0,62.9,59.9,60.0,25.88,40802.0,507.0,93060.0,1025355.0,25.83,-0.993,-3.065,26.01,0.0,274.7,274.0,275.7,0.772,272.0,0.531,271.8,0.842,273.2,0.002,13.92,1.0,3.0,0.0,2.531,34.8,384.3,384.1,0.0,1.02,0.879,0.898,105.2,101.0,0.914,0.0,12.03,-0.1459999999999999,0.416,-0.544,-0.384,-1.088,-0.143,-84.2,0.192,-0.8640000000000001,103.4,8.179999999999998,11.71,11.69,11.65,9.96,9.89,8.359999999999998,6522.0,9171.0,9127.0,9307.0,7920.0,7895.0,6396.0,3.124,4.47,4.465,4.448,3.802,3.776,3.192,0.0,381.9,0.0,60.16,0.0,90.6,0.0,5.0,16.0,0.0,0.0,31.15,34.82,31.15,-3.792,-3.077,0.0,-0.4099999999999999,317.8,22.09,3.0,3.473,-1.0,0.628,1.1,4901
2016-01-20 14:41:00,34.34,36.5,35.23,1067708.0,62.9,59.9,60.0,26.76,40802.0,507.0,93060.0,1025355.0,26.68,-0.994,-2.903,26.84,0.0,274.4,273.9,275.8,0.772,271.9,0.531,271.1,0.842,273.2,0.001,13.6,1.0,1.0,0.0,2.491,35.6,383.6,382.4,0.0,1.054,0.911,0.928,108.7,104.0,0.4939999999999999,0.001,12.03,0.003,0.529,-0.3019999999999999,-0.238,-0.942,-0.0149999999999999,-48.69,0.3049999999999999,-0.687,106.5,8.48,12.12,12.1,12.08,10.34,10.22,8.66,6522.0,9171.0,9127.0,9307.0,7920.0,7895.0,6396.0,3.228,4.615,4.604,4.597,3.934,3.892,3.2960000000000003,0.0,380.6,0.0,60.14,0.0,92.8,0.0,5.0,16.0,0.0,0.0,32.15,35.91,32.11,-3.705,-3.222,0.0,-0.2979999999999999,323.2,25.89,2.333,3.473,-1.0,0.432,0.8,4901
2016-01-20 14:42:00,36.08,38.25,36.92,1067708.0,62.9,59.9,60.0,28.2,40802.0,507.0,93060.0,1025355.0,28.05,-0.996,-2.643,28.17,0.0,274.3,273.8,275.7,0.772,271.7,0.531,271.0,0.842,273.0,0.002,13.91,1.0,3.0,0.0,2.452,37.07,381.4,381.5,0.0,1.108,0.96,0.974,114.3,109.0,0.2819999999999999,0.0,12.03,0.113,0.675,-0.128,-0.064,-0.75,0.1459999999999999,-114.7,0.4799999999999999,-0.541,111.6,8.89,12.78,12.79,12.72,10.87,10.76,9.16,6522.0,9171.0,9127.0,9307.0,7920.0,7895.0,6396.0,3.372,4.845,4.848,4.822,4.122,4.079,3.474,0.0,379.2,0.0,60.14,0.0,97.2,0.0,5.0,16.0,0.0,0.0,33.77,37.59,33.7,-3.66,-3.224,0.0,-0.1719999999999999,307.7,7.649,2.167,3.473,-1.0,0.692,0.9,4901
2016-01-20 14:43:00,38.41,40.6,39.29,1067709.0,62.9,59.9,60.0,30.15,40802.0,507.0,93060.0,1025356.0,29.93,-0.997,-2.291,30.02,0.0,274.4,273.8,275.7,0.772,271.4,0.531,271.0,0.842,273.0,0.002,13.92,1.0,3.0,0.0,2.416,39.06,380.5,380.3,0.0,1.182,1.026,1.038,122.0,116.0,0.916,0.0,11.96,0.273,0.768,0.081,0.099,-0.498,0.32,-63.32,0.626,-0.3629999999999999,118.7,9.51,13.69,13.67,13.61,11.64,11.51,9.81,6523.0,9171.0,9127.0,9307.0,7920.0,7895.0,6396.0,3.592,5.172000000000001,5.162000000000001,5.14,4.398,4.346,3.705,0.0,377.8,0.0,60.13,0.0,102.7,0.0,5.0,16.0,0.0,0.0,36.01,39.91,35.91,-3.624,-3.179,0.0,-0.0609999999999999,310.6,24.23,3.0,,-1.0,0.308,0.5999999999999999,4901
2016-01-20 14:44:00,41.21,43.5,42.12,1067709.0,62.9,59.9,60.0,32.51,40802.0,507.0,93060.0,1025357.0,32.24,-0.998,-1.871,32.29,0.0,274.4,273.6,275.6,0.772,271.0,0.531,271.0,0.842,273.0,0.002,13.92,1.0,3.0,0.0,2.38,41.58,381.8,380.2,0.0,1.271,1.105,1.115,131.1,124.5,0.762,0.0,11.93,0.32,0.768,0.291,0.291,-0.27,0.516,-67.06,0.754,-0.093,127.2,10.2,14.73,14.7,14.63,12.5,12.36,10.56,6523.0,9171.0,9127.0,9307.0,7920.0,7895.0,6396.0,3.853,5.566,5.556,5.528,4.725,4.673,3.99,0.0,377.9,0.0,60.15,0.0,108.9,0.0,5.0,16.0,0.0,0.0,38.79,42.79,38.63,-3.592,-3.28,0.0,-0.1369999999999999,267.1,16.54,2.667,3.473,-1.0,0.333,0.5999999999999999,4901
2016-01-20 14:45:00,44.52,46.8,45.34,1067710.0,62.9,59.9,60.0,35.23,40802.0,507.0,93060.0,1025357.0,34.87,-0.999,-1.412,34.9,0.0,274.2,273.6,275.7,0.772,271.0,0.531,271.0,0.842,273.0,0.002,13.91,2.0,3.0,0.0,2.346,44.32,381.7,380.1,0.0,1.372,1.195,1.203,141.5,134.3,0.221,0.0,11.93,0.27,0.704,0.4829999999999999,0.547,-0.096,0.626,-50.93,0.8459999999999999,0.2129999999999999,136.8,11.0,15.89,15.85,15.75,13.51,13.34,11.4,6523.0,9172.0,9127.0,9307.0,7920.0,7895.0,6396.0,4.1610000000000005,6.0120000000000005,5.997000000000001,5.956,5.109,5.047,4.312,0.0,378.2,0.0,60.17,0.0,116.1,0.0,5.0,16.0,0.0,0.0,41.96,46.05,41.74,-3.44,-3.459,0.0,-0.1989999999999999,195.4,40.84,2.0,3.473,-1.0,0.342,1.3,4901
2016-01-20 14:46:00,47.78,50.03,48.57,1067710.0,62.9,59.9,60.0,37.93,40802.0,507.0,93060.0,1025358.0,37.44,-1.0,-0.903,37.45,0.0,273.9,273.6,275.6,0.772,271.0,0.531,271.0,0.842,273.0,0.002,13.91,1.0,3.0,0.0,2.316,46.86,382.9,382.9,0.0,1.472,1.281,1.291,151.2,143.9,0.5429999999999999,0.0,11.88,0.3049999999999999,0.7359999999999999,0.6579999999999999,0.7859999999999999,0.0,0.787,-92.7,0.882,0.4829999999999999,146.2,11.72,16.9,16.89,16.82,14.4,14.21,12.15,6523.0,9172.0,9128.0,9307.0,7920.0,7895.0,6396.0,4.457,6.4270000000000005,6.422000000000001,6.396,5.475,5.405,4.621,0.0,380.3,0.0,60.17,0.0,122.4,0.0,5.0,16.0,0.0,0.0,45.13,49.27,44.8,-3.2710000000000004,-3.659,0.0,-0.1419999999999999,184.5,22.33,2.5,3.473,-1.0,0.5969999999999999,0.9,4901
2016-01-20 14:47:00,49.66,51.88,50.41,1067711.0,62.9,59.9,60.0,39.5,40802.0,507.0,93060.0,1025358.0,38.95,-1.0,-0.6659999999999999,38.95,0.0,274.0,273.7,275.7,0.772,271.0,0.531,271.0,0.842,273.0,0.002,13.92,1.0,3.0,0.0,2.281,48.82,388.3,386.4,0.0,1.533,1.334,1.347,156.7,149.4,0.914,0.0,11.88,0.465,0.8640000000000001,0.882,0.931,0.163,0.979,-9.0,0.96,0.69,151.8,12.08,17.37,17.37,17.33,14.85,14.64,12.5,6523.0,9172.0,9128.0,9307.0,7921.0,7895.0,6396.0,4.637,6.669,6.667000000000001,6.653,5.7,5.621,4.8,0.0,383.9,0.0,60.13,0.0,125.7,0.0,5.0,16.0,0.0,0.0,46.96,51.11,46.58,-3.114,-3.599,0.0,0.024,185.4,30.32,3.0,3.473,-1.0,0.797,1.3,4901
2016-01-20 14:48:00,49.91,52.09,50.66,1067712.0,62.9,59.9,60.0,39.76,40802.0,507.0,93060.0,1025359.0,39.21,-1.0,-0.629,39.22,0.0,274.6,274.1,276.1,0.772,271.8,0.531,271.1,0.842,273.8,0.002,13.91,1.0,3.0,0.0,2.253,48.86,388.4,388.2,0.0,1.554,1.352,1.365,158.0,150.2,0.505,0.0,11.85,0.768,1.088,1.042,1.106,0.3689999999999999,1.139,-66.94,1.124,0.946,153.1,12.04,17.39,17.42,17.33,14.86,14.66,12.56,6523.0,9172.0,9128.0,9308.0,7921.0,7895.0,6396.0,4.648,6.712999999999999,6.724,6.69,5.735,5.66,4.847,0.0,386.1,0.0,60.14,0.0,125.8,0.0,5.0,16.0,0.0,0.0,47.18,51.35,46.84,-3.083,-3.519,0.0,0.264,238.0,87.7,2.333,3.473,-1.0,0.38,1.0,4901
2016-01-20 14:49:00,49.61,51.96,50.51,1067713.0,62.9,59.9,60.0,39.58,40802.0,507.0,93060.0,1025360.0,39.05,-1.0,-0.644,39.05,0.0,274.7,273.9,275.9,0.772,271.6,0.531,271.0,0.842,273.3,0.002,13.91,2.0,3.0,0.0,2.225,48.75,388.9,388.7,0.0,1.56,1.361,1.367,158.0,149.3,0.222,0.0,11.83,1.091,1.347,1.284,1.3969999999999998,0.576,1.332,-87.4,1.3769999999999998,1.234,152.7,11.92,17.33,17.33,17.24,14.79,14.59,12.53,6523.0,9172.0,9128.0,9308.0,7921.0,7895.0,6396.0,4.603,6.692,6.692,6.659,5.712999999999999,5.634,4.839,0.0,386.2,0.0,60.14,0.0,125.4,0.0,5.0,16.0,0.0,0.0,46.97,51.16,46.67,-3.039,-3.482,0.0,0.6629999999999999,338.5,62.26,2.0,3.473,-1.0,0.1419999999999999,0.5,4901
2016-01-20 14:50:00,50.28,52.57,51.16,1067713.0,62.9,59.9,60.0,40.12,40802.0,507.0,93060.0,1025360.0,39.56,-1.0,-0.546,39.56,0.0,274.9,273.8,275.8,0.772,271.6,0.531,271.0,0.842,273.1,0.002,13.92,1.0,3.0,0.0,2.195,49.2,387.1,386.3,0.0,1.589,1.394,1.39,161.1,150.6,0.6019999999999999,0.0,11.83,1.411,1.685,1.537,1.686,0.931,1.574,-49.54,1.604,1.395,154.8,12.04,17.65,17.73,17.6,15.08,14.79,12.85,6523.0,9172.0,9128.0,9308.0,7921.0,7895.0,6397.0,4.623,6.78,6.808,6.757999999999999,5.792999999999999,5.68,4.936,0.0,384.1,0.0,60.15,0.0,127.1,0.0,5.0,16.0,0.0,0.0,47.59,51.81,47.31,-3.024,-3.323,0.0,1.044,343.4,62.01,2.667,3.473,-1.0,0.275,0.8,4901
2016-01-20 14:51:00,51.94,54.35,52.91,1067714.0,62.9,59.9,60.0,41.57,40802.0,507.0,93060.0,1025361.0,40.97,-1.0,-0.307,40.97,0.0,274.7,274.0,276.0,0.772,272.0,0.531,271.0,0.842,273.0,0.002,13.92,1.0,3.0,0.0,2.1790000000000003,50.67,385.5,385.6,0.0,1.654,1.4580000000000002,1.443,167.6,155.1,0.918,0.0,11.83,1.696,1.956,1.7819999999999998,1.875,1.205,1.877,-92.6,1.954,1.569,160.1,12.37,18.31,18.45,18.23,15.65,15.28,13.43,6523.0,9172.0,9128.0,9308.0,7921.0,7896.0,6397.0,4.738,7.015,7.068,6.984,5.997000000000001,5.855,5.147,0.0,383.2,0.0,60.14,0.0,131.5,0.0,5.0,16.0,0.0,0.0,49.28,53.57,49.02,-3.122,-2.984,0.0,1.203,307.9,50.69,3.0,3.473,-1.0,0.4869999999999999,1.0,4901
2016-01-20 14:52:00,54.05,56.4,54.98,1067715.0,62.9,59.9,60.0,43.3,40802.0,507.0,93060.0,1025362.0,42.65,0.233,-0.003,42.65,0.0,274.9,273.8,275.8,0.772,271.8,0.531,271.0,0.842,273.1,0.002,13.91,1.0,3.0,0.0,2.158,52.56,385.9,384.8,0.0,1.7280000000000002,1.528,1.505,175.0,161.0,0.4429999999999999,0.0,11.83,1.906,2.194,2.07,2.131,1.476,2.137,-91.9,2.146,1.797,166.7,12.81,19.16,19.26,18.97,16.31,15.95,14.06,6523.0,9172.0,9128.0,9308.0,7921.0,7896.0,6397.0,4.902,7.328999999999998,7.3679999999999986,7.256,6.2410000000000005,6.103,5.379,0.0,382.6,0.0,60.14,0.0,136.2,0.0,5.0,16.0,0.0,0.0,51.3,55.66,51.06,-3.084,-2.863,0.0,1.476,300.0,55.93,2.167,3.472,-1.0,0.2419999999999999,0.5,4901
2016-01-20 14:53:00,56.12,58.4,57.01,1067715.0,62.9,59.9,60.0,44.99,40802.0,507.0,93060.0,1025362.0,44.33,1.0,0.268,44.33,0.0,274.8,274.0,275.9,0.772,271.7,0.531,271.0,0.842,273.0,0.002,13.91,2.0,3.0,0.0,2.139,54.53,386.8,386.0,0.0,1.7990000000000002,1.594,1.567,181.9,166.8,0.223,0.0,11.83,2.165,2.404,2.387,2.387,1.732,2.362,-89.79999999999998,2.28,2.018,173.2,13.22,19.77,19.95,19.67,16.9,16.45,14.6,6523.0,9173.0,9128.0,9308.0,7921.0,7896.0,6397.0,5.073,7.583999999999999,7.652,7.546,6.484,6.31,5.6,0.0,383.6,0.0,60.15,0.0,141.0,0.0,5.0,16.0,0.0,0.0,53.35,57.71,53.09,-2.987,-2.667,0.0,1.6840000000000002,236.2,57.88,2.0,3.472,-1.0,0.458,1.1,4901
2016-01-20 14:54:00,56.94,59.26,57.84,1067716.0,62.9,59.9,60.0,45.68,40802.0,507.0,93060.0,1025363.0,45.06,1.0,0.367,45.06,0.0,274.6,273.8,275.8,0.772,271.5,0.531,271.0,0.842,273.0,0.002,13.91,2.0,3.0,0.0,2.139,55.06,387.0,387.3,0.0,1.834,1.624,1.597,184.8,169.5,0.372,0.0,11.92,2.319,2.546,2.643,2.547,1.921,2.569,-93.5,2.37,2.082,176.0,13.38,20.05,20.2,19.93,17.12,16.69,14.78,6523.0,9173.0,9129.0,9308.0,7921.0,7896.0,6397.0,5.149,7.716,7.777,7.67,6.591,6.424,5.687,0.0,384.9,0.0,60.14,0.0,142.3,0.0,5.0,16.0,0.0,0.0,54.24,58.6,53.98,-3.026,-2.763,0.0,1.72,270.0,59.07,2.333,,-1.0,0.5799999999999998,1.4,4901
2016-01-20 14:55:00,59.18,61.44,60.07,1067717.0,62.9,59.9,60.0,47.57,40802.0,507.0,93060.0,1025364.0,46.88,1.0,0.6159999999999999,46.88,0.0,274.7,274.1,276.1,0.772,272.0,0.531,271.5,0.842,273.8,0.002,13.92,1.0,3.0,0.0,2.124,56.82,383.8,385.6,0.0,1.913,1.6980000000000002,1.664,192.8,175.9,0.7559999999999998,0.0,11.98,2.2230000000000003,2.383,2.882,2.772,2.064,2.776,-117.3,2.53,2.1,183.2,13.91,20.98,21.21,20.87,17.93,17.41,15.53,6523.0,9173.0,9129.0,9308.0,7921.0,7896.0,6397.0,5.32,8.019999999999998,8.109999999999998,7.979,6.855,6.657,5.938,0.0,382.4,0.0,60.14,0.0,148.1,0.0,5.0,16.0,0.0,0.0,56.44,60.77,56.17,-3.2230000000000003,-3.0,0.0,1.5619999999999998,203.7,54.4,3.0,,-1.0,0.822,2.1,4901
2016-01-20 14:56:00,61.03,63.26,61.89,1067718.0,62.9,59.9,60.0,49.13,40802.0,507.0,93060.0,1025365.0,48.45,1.0,0.8279999999999998,48.46,0.0,274.8,274.3,276.3,0.772,272.0,0.531,271.9,0.842,274.0,0.002,13.92,1.0,3.0,0.0,2.119,58.55,386.7,387.3,0.0,1.977,1.7519999999999998,1.721,198.5,181.8,0.7159999999999999,0.0,12.03,2.049,2.2230000000000003,3.06,2.946,2.192,2.9360000000000004,-116.8,2.594,2.402,189.0,14.35,21.62,21.79,21.44,18.43,17.98,15.93,6524.0,9173.0,9129.0,9309.0,7922.0,7896.0,6397.0,5.51,8.3,8.37,8.23,7.078,6.904,6.1160000000000005,0.0,384.0,0.0,60.13,0.0,151.4,0.0,5.0,16.0,0.0,0.0,58.34,62.67,58.03,-3.054,-3.159,0.0,1.453,211.8,23.75,2.667,,-1.0,1.288,2.4,4901
2016-01-20 14:57:00,60.57,62.83,61.51,1067719.0,62.9,59.9,60.0,48.74,40802.0,507.0,93060.0,1025366.0,48.08,1.0,0.804,48.09,0.0,274.8,274.1,276.0,0.772,272.0,0.531,271.2,0.842,273.8,0.002,13.91,2.0,3.0,0.0,2.119,58.19,391.4,391.5,0.0,1.963,1.725,1.716,195.5,181.8,0.223,0.0,12.06,2.13,2.3080000000000003,3.22,3.01,2.227,3.047,-111.8,2.737,2.516,187.9,14.22,21.03,21.27,21.0,18.0,17.65,15.48,6524.0,9173.0,9129.0,9309.0,7922.0,7896.0,6397.0,5.53,8.179999999999998,8.269999999999998,8.17,7.0,6.867000000000001,6.022,0.0,389.0,0.0,60.21,0.0,148.7,0.0,5.0,16.0,0.0,0.0,57.93,62.28,57.6,-3.108,-3.197,0.0,1.605,202.7,24.36,2.0,3.472,-1.0,1.292,2.3,4901
2016-01-20 14:58:00,57.22,59.54,58.19,1067719.0,62.9,59.9,60.0,45.97,40802.0,507.0,93060.0,1025366.0,45.35,1.0,0.377,45.36,0.0,274.8,274.0,276.0,0.772,272.0,0.531,271.6,0.842,274.0,0.002,13.91,2.0,3.0,0.0,2.119,55.29,393.6,392.8,0.0,1.863,1.622,1.638,183.7,173.9,0.525,0.0,12.12,2.1590000000000003,2.401,3.395,3.156,2.402,3.175,-137.5,2.8360000000000003,2.694,178.6,13.57,19.72,19.86,19.74,16.9,16.7,14.37,6524.0,9173.0,9129.0,9309.0,7922.0,7896.0,6397.0,5.304,7.703999999999998,7.761,7.712999999999998,6.603,6.526,5.614,0.0,390.8,0.0,60.22,0.0,140.5,0.0,5.0,16.0,0.0,0.0,54.58,58.91,54.24,-3.016,-3.235,0.0,1.6030000000000002,175.9,20.58,2.667,,-1.0,0.98,1.5,4901
2016-01-20 14:59:00,53.43,55.72,54.35,1067720.0,62.9,59.9,60.0,42.77,40802.0,507.0,93060.0,1025367.0,42.18,-0.5329999999999999,-0.198,42.18,0.0,274.4,274.2,276.1,0.772,272.0,0.531,271.7,0.842,273.9,0.002,13.92,1.0,3.0,0.0,2.119,51.84,392.4,392.0,0.0,1.743,1.509,1.539,170.6,163.3,0.818,0.0,12.21,2.145,2.369,3.3310000000000004,3.124,2.306,3.207,-17.86,2.818,2.72,167.0,12.77,18.38,18.48,18.43,15.78,15.63,13.3,6524.0,9173.0,9129.0,9309.0,7922.0,7896.0,6397.0,4.982,7.172999999999999,7.212999999999998,7.19,6.158,6.1,5.189,0.0,390.2,0.0,60.2,0.0,132.1,0.0,5.0,16.0,0.0,0.0,50.79,54.96,50.4,-2.954,-3.35,0.0,1.569,187.4,14.31,3.0,,-1.0,1.468,2.6,4901
2016-01-20 15:00:00,50.3,52.52,51.15,1067721.0,62.9,59.9,60.0,40.1,40802.0,507.0,93060.0,1025368.0,39.61,-1.0,-0.659,39.61,0.0,274.4,274.0,275.8,0.772,271.5,0.531,271.2,0.842,273.5,0.002,13.91,1.0,3.0,0.0,2.119,49.07,390.9,390.3,0.0,1.643,1.419,1.455,160.1,154.1,0.54,0.0,12.22,2.016,2.141,3.249,3.025,2.192,3.076,-90.8,2.7230000000000003,2.709,157.2,12.11,17.39,17.46,17.43,14.9,14.8,12.5,6524.0,9173.0,9129.0,9309.0,7922.0,7897.0,6397.0,4.702,6.752999999999999,6.78,6.767,5.783,5.747000000000001,4.853,0.0,388.3,0.0,60.21,0.0,125.5,0.0,5.0,16.0,0.0,0.0,47.72,51.76,47.35,-2.957,-3.455,0.0,1.442,186.6,10.7,2.333,,-1.0,2.115,3.1,4901
2016-01-20 15:01:00,48.02,50.24,48.91,1067722.0,62.9,59.9,60.0,38.21,40802.0,507.0,93060.0,1025368.0,37.8,-1.0,-1.016,37.81,0.0,274.4,274.0,275.9,0.772,271.9,0.531,271.5,0.842,273.7,0.002,13.91,2.0,3.0,0.0,2.11,47.2,390.3,389.0,0.0,1.5730000000000002,1.356,1.395,152.7,147.5,0.3479999999999999,0.0,12.28,1.839,1.984,3.028,2.929,2.032,2.951,-69.53,2.562,2.641,150.4,11.6,16.65,16.74,16.72,14.25,14.18,11.94,6524.0,9173.0,9129.0,9309.0,7922.0,7897.0,6398.0,4.488,6.441,6.476,6.466,5.513,5.483,4.619,0.0,386.8,0.0,60.14,0.0,121.0,0.0,5.0,16.0,0.0,0.0,45.52,49.47,45.17,-2.795,-3.449,0.0,1.27,190.1,12.31,2.35,,-1.0,1.823,2.5,4901
2016-01-20 15:02:00,44.8,46.98,45.66,1067722.0,62.9,59.9,60.0,35.5,40802.0,507.0,93060.0,1025369.0,35.14,-0.999,-1.499,35.18,0.0,274.6,274.0,275.9,0.772,271.9,0.531,271.8,0.842,273.8,0.002,13.92,2.0,3.0,0.0,2.097,44.29,390.0,390.9,0.0,1.472,1.262,1.31,142.0,138.4,0.7809999999999999,0.0,12.32,1.7919999999999998,1.921,2.978,2.882,2.0,2.869,-90.9,2.466,2.577,141.0,10.84,15.39,15.5,15.49,13.2,13.13,11.02,6524.0,9174.0,9129.0,9309.0,7922.0,7897.0,6398.0,4.211,5.977,6.02,6.018,5.127999999999999,5.102,4.28,0.0,388.5,0.0,60.14,0.0,113.6,0.0,5.0,16.0,0.0,0.0,42.32,46.19,42.03,-2.813,-3.306,0.0,1.3259999999999998,195.6,18.13,3.0,,-1.0,1.132,1.9,4901
2016-01-20 15:03:00,41.13,43.28,42.0,1067723.0,62.9,59.9,60.0,32.39,40802.0,507.0,93060.0,1025369.0,32.17,-0.998,-1.991,32.23,0.0,274.4,273.7,275.6,0.772,271.0,0.531,271.0,0.842,273.0,0.002,13.92,1.0,3.0,0.0,2.096,41.24,391.1,390.7,0.0,1.354,1.156,1.21,130.0,127.8,0.893,0.0,12.41,1.76,1.839,2.879,2.818,1.871,2.79,-64.34,2.594,2.449,130.1,10.07,14.09,14.17,14.27,12.14,12.07,10.03,6524.0,9174.0,9130.0,9309.0,7922.0,7897.0,6398.0,3.909,5.468,5.497999999999999,5.538,4.712,4.682,3.892,0.0,388.1,0.0,60.15,0.0,105.4,0.0,5.0,16.0,0.0,0.0,38.8,42.59,38.56,-2.76,-3.184,0.0,1.294,238.8,23.76,3.033,,-1.0,0.922,1.7,4901
2016-01-20 15:04:00,37.61,39.72,38.47,1067723.0,62.9,59.9,60.0,29.45,40802.0,507.0,93060.0,1025370.0,29.29,-0.996,-2.4930000000000003,29.4,0.0,274.2,273.9,275.7,0.772,271.6,0.531,271.4,0.842,273.1,0.002,13.91,1.0,3.0,0.0,2.095,38.37,391.5,389.8,0.0,1.237,1.0490000000000002,1.109,118.3,117.5,0.7219999999999999,0.0,12.41,1.679,1.874,2.687,2.637,1.662,2.662,-18.35,2.562,2.157,119.3,9.28,13.0,12.93,12.99,11.05,11.15,9.1,6524.0,9174.0,9130.0,9309.0,7922.0,7897.0,6398.0,3.595,5.0360000000000005,5.006,5.029,4.28,4.319,3.525,0.0,387.2,0.0,60.12,0.0,98.0,0.0,5.0,16.0,0.0,0.0,35.33,39.04,35.16,-3.039,-2.9410000000000003,0.0,1.263,248.7,7.933,3.0,3.472,-1.0,2.433,3.0,4901
2016-01-20 15:05:00,34.28,36.23,35.07,1067724.0,62.9,59.9,60.0,26.61,40802.0,507.0,93060.0,1025370.0,26.53,-0.994,-2.987,26.7,0.0,274.1,273.9,275.6,0.772,271.3,0.531,271.3,0.842,273.0,0.002,13.91,2.0,3.0,0.0,2.08,35.29,389.7,389.4,0.0,1.124,0.946,1.011,107.2,107.4,0.221,0.0,12.41,1.504,1.775,2.2880000000000003,2.128,1.181,2.274,-70.31,2.224,1.773,109.1,8.51,11.81,11.74,11.83,10.07,10.16,8.24,6524.0,9174.0,9130.0,9309.0,7922.0,7897.0,6398.0,3.29,4.564,4.538,4.572,3.89,3.927,3.184,0.0,386.5,0.0,60.17,0.0,90.6,0.0,5.0,16.0,0.0,0.0,32.07,35.65,31.93,-3.3480000000000003,-3.085,0.0,1.093,255.9,11.46,2.0,3.472,-1.0,1.767,2.5,4901
2016-01-20 15:06:00,30.93,32.83,31.74,1067724.0,62.9,59.9,60.0,23.8,40802.0,507.0,93060.0,1025371.0,23.86,-0.99,-3.4360000000000004,24.11,0.0,274.1,273.9,275.6,0.772,271.2,0.531,271.7,0.842,273.1,0.002,13.92,1.0,3.0,0.0,2.076,32.59,388.9,388.1,0.0,1.012,0.8479999999999999,0.915,96.7,97.6,0.6999999999999998,0.0,12.41,1.362,1.711,1.95,1.758,0.829,2.003,-53.27,2.003,1.4240000000000002,99.3,7.741,10.63,10.54,10.7,9.12,9.19,7.377999999999998,6524.0,9174.0,9130.0,9310.0,7922.0,7897.0,6398.0,2.988,4.105,4.0680000000000005,4.132,3.52,3.5460000000000003,2.8480000000000003,0.0,386.1,0.0,60.2,0.0,83.79999999999998,0.0,5.0,16.0,0.0,0.0,28.95,32.42,28.82,-3.502,-3.045,0.0,0.978,260.6,15.29,2.833,,-1.0,1.523,2.5,4901
2016-01-20 15:07:00,27.7,29.53,28.47,1067725.0,62.9,59.9,60.0,21.07,40802.0,507.0,93060.0,1025371.0,21.22,-0.984,-3.878,21.57,0.0,274.0,273.8,275.5,0.772,271.0,0.531,271.3,0.842,273.0,0.002,13.92,1.0,3.0,0.0,2.0580000000000003,29.92,388.5,388.0,0.0,0.9,0.752,0.816,86.5,87.59999999999998,0.914,0.0,12.51,1.1840000000000002,1.5830000000000002,1.793,1.534,0.5899999999999999,1.781,-118.1,1.893,1.231,89.59999999999998,6.939,9.51,9.420000000000002,9.57,8.12,8.23,6.589,6524.0,9174.0,9130.0,9310.0,7922.0,7897.0,6398.0,2.675,3.666,3.634,3.69,3.132,3.172,2.541,0.0,385.6,0.0,60.21,0.0,77.01,0.0,5.0,16.0,0.0,0.0,25.86,29.26,25.86,-3.45,-3.179,0.0,0.8509999999999999,260.6,20.84,3.0,,-1.0,1.195,1.8,4901
2016-01-20 15:08:00,24.39,26.2,25.16,1067725.0,62.9,59.9,60.0,18.28,40802.0,507.0,93060.0,1025371.0,18.52,-0.973,-4.338,19.03,0.0,274.3,273.2,275.0,0.772,271.0,0.531,271.0,0.842,273.0,0.002,13.91,1.0,3.0,0.0,2.053,27.14,387.8,387.9,0.0,0.787,0.657,0.7149999999999999,76.29,77.34999999999998,0.5969999999999999,0.0,12.52,0.989,1.391,1.551,1.327,0.331,1.554,-95.0,1.765,0.943,79.56999999999998,6.134,8.33,8.269999999999998,8.439999999999998,7.172000000000001,7.22,5.772,6524.0,9174.0,9130.0,9310.0,7922.0,7897.0,6398.0,2.362,3.208,3.184,3.2510000000000003,2.762,2.78,2.2230000000000003,0.0,385.1,0.0,60.2,0.0,69.99,0.0,5.0,16.0,0.0,0.0,22.78,26.13,22.91,-3.389,-3.2960000000000003,0.0,0.6169999999999999,249.0,7.806,2.5,3.473,-1.0,1.637,2.2,4901
2016-01-20 15:09:00,21.64,23.36,22.33,1067725.0,62.9,59.9,60.0,15.95,40803.0,507.0,93060.0,1025372.0,16.26,-0.96,-4.697,16.92,0.0,274.2,273.5,275.2,0.772,271.1,0.531,271.0,0.842,273.0,0.002,13.91,2.0,3.0,0.0,2.035,24.88,385.9,385.6,0.0,0.69,0.577,0.628,67.65,68.27,0.296,0.0,12.52,0.6859999999999999,1.134,1.2919999999999998,1.039,0.0289999999999999,1.294,-118.4,1.519,0.687,70.69,5.435,7.422,7.34,7.482,6.362,6.426,5.127999999999999,6524.0,9174.0,9130.0,9310.0,7923.0,7897.0,6398.0,2.082,2.843,2.812,2.866,2.437,2.461,1.964,0.0,383.0,0.0,60.22,0.0,64.48,0.0,5.0,16.0,0.0,0.0,20.2,23.54,20.43,-3.463,-3.485,0.0,0.238,244.2,5.91,2.167,,-1.0,2.018,2.3,4901
2016-01-20 15:10:00,19.5,21.22,20.15,1067725.0,62.9,59.9,60.0,14.17,40803.0,507.0,93060.0,1025372.0,14.56,-0.945,-5.033,15.41,0.0,274.0,273.7,275.5,0.772,271.2,0.531,271.0,0.842,273.2,0.002,13.92,2.0,3.0,0.0,2.014,23.04,383.7,384.0,0.0,0.6189999999999999,0.519,0.562,61.27,61.3,0.7340000000000001,0.0,12.56,0.416,0.878,0.989,0.75,-0.2269999999999999,0.962,-71.43,1.22,0.3979999999999999,63.8,4.909,6.735,6.675,6.792999999999999,5.763999999999999,5.815,4.672,6524.0,9174.0,9130.0,9310.0,7923.0,7897.0,6398.0,1.87,2.5660000000000003,2.543,2.588,2.196,2.215,1.78,0.0,381.0,0.0,60.16,0.0,60.04,0.0,5.0,16.0,0.0,0.0,18.31,21.61,18.65,-3.526,-3.2910000000000004,0.0,0.0599999999999999,262.1,20.21,3.0,,-1.0,1.373,1.7,4901
2016-01-20 15:11:00,18.18,19.81,18.76,1067726.0,62.9,59.9,60.0,13.01,40803.0,507.0,93060.0,1025372.0,13.47,-0.934,-5.163,14.43,0.0,274.0,273.6,275.4,0.772,271.0,0.531,271.0,0.842,273.0,0.002,13.92,2.0,3.0,0.0,1.999,21.8,381.6,381.1,0.0,0.573,0.4829999999999999,0.519,57.22,56.63,0.7909999999999999,0.0,12.52,0.3049999999999999,0.75,0.797,0.576,-0.37,0.819,-78.04,1.088,0.1739999999999999,59.11,4.5680000000000005,6.305,6.255,6.347,5.394,5.42,4.39,6524.0,9174.0,9130.0,9310.0,7923.0,7897.0,6398.0,1.729,2.386,2.367,2.402,2.041,2.051,1.661,0.0,378.5,0.0,60.23,0.0,57.13,0.0,5.0,16.0,0.0,0.0,17.1,20.39,17.5,-3.591,-3.195,0.0,0.011,271.8,33.28,3.0,3.472,-1.0,0.895,1.5,4901
2016-01-20 15:12:00,17.62,19.2,18.28,1067726.0,62.9,59.9,60.0,12.55,40803.0,507.0,93060.0,1025372.0,12.96,-0.927,-5.231,13.98,0.0,273.8,273.4,275.3,0.772,271.0,0.531,271.0,0.842,273.0,0.002,13.92,1.0,3.0,0.0,1.975,21.22,379.2,378.6,0.0,0.55,0.4689999999999999,0.497,55.42,54.26,0.8259999999999998,0.0,12.44,0.206,0.64,0.64,0.462,-0.4799999999999999,0.6729999999999999,-67.21,0.908,0.0609999999999999,56.63,4.412,6.1370000000000005,6.097,6.158,5.238,5.249,4.294,6525.0,9174.0,9130.0,9310.0,7923.0,7897.0,6398.0,1.659,2.3080000000000003,2.292,2.315,1.969,1.974,1.614,0.0,376.0,0.0,60.23,0.0,55.96,0.0,5.0,16.0,0.0,0.0,16.55,19.88,17.01,-3.4410000000000003,-3.037,0.0,-0.136,247.9,38.58,3.0,,-1.0,0.4869999999999999,0.9,4901
2016-01-20 15:13:00,17.69,19.2,18.28,1067726.0,62.9,59.9,60.0,12.57,40803.0,507.0,93060.0,1025373.0,12.98,-0.927,-5.26,14.01,0.0,274.0,273.4,275.3,0.772,271.0,0.531,271.0,0.842,273.0,0.002,13.92,1.0,3.0,0.0,1.955,21.08,375.4,374.8,0.0,0.5479999999999999,0.4689999999999999,0.4929999999999999,55.61,53.87,0.536,0.0,12.46,0.078,0.512,0.4479999999999999,0.32,-0.5939999999999999,0.481,-46.08,0.7159999999999999,-0.032,56.16,4.441,6.211,6.16,6.218,5.306,5.291,4.354,6525.0,9174.0,9130.0,9310.0,7923.0,7897.0,6398.0,1.653,2.312,2.293,2.314,1.975,1.969,1.621,0.0,372.2,0.0,60.17,0.0,56.15,0.0,5.0,16.0,0.0,0.0,16.58,19.9,17.07,-3.324,-2.947,0.0,-0.223,277.9,36.12,2.5,3.472,-1.0,1.005,1.8,4901
2016-01-20 15:14:00,18.01,19.78,18.71,1067726.0,62.9,59.9,60.0,12.94,40803.0,507.0,93060.0,1025373.0,13.34,-0.931,-5.233,14.33,0.0,273.9,273.4,275.3,0.772,271.0,0.531,271.0,0.842,273.0,0.002,13.91,2.0,3.0,0.0,1.929,21.81,374.5,371.9,0.0,0.561,0.481,0.503,57.17,55.02,0.351,0.0,12.51,-0.0819999999999999,0.381,0.27,0.16,-0.704,0.3489999999999999,-114.8,0.5899999999999999,-0.3229999999999999,57.16,4.556,6.438,6.406000000000001,6.422000000000001,5.471,5.465,4.539,6525.0,9174.0,9130.0,9310.0,7923.0,7897.0,6398.0,1.6840000000000002,2.379,2.367,2.373,2.022,2.02,1.6769999999999998,0.0,369.6,0.0,60.13,0.0,58.23,0.0,5.0,16.0,0.0,0.0,16.99,20.3,17.49,-3.403,-2.904,0.0,-0.4259999999999999,296.5,9.47,2.333,3.473,-1.0,1.582,2.2,4901
2016-01-20 15:15:00,18.65,20.43,19.42,1067727.0,62.9,59.9,60.0,13.49,40803.0,507.0,93060.0,1025373.0,13.87,-0.938,-5.127000000000001,14.79,0.0,273.9,273.2,275.1,0.772,271.0,0.531,271.0,0.842,273.0,0.003,13.91,2.0,3.0,0.0,1.909,22.27,372.2,371.3,0.0,0.5829999999999999,0.5,0.521,59.32,56.88,0.7659999999999999,0.0,12.42,-0.3059999999999999,0.223,0.0459999999999999,0.0139999999999999,-0.832,0.1739999999999999,-77.76999999999998,0.395,-0.626,58.89,4.722,6.686,6.666,6.6610000000000005,5.69,5.666,4.736000000000001,6525.0,9174.0,9130.0,9310.0,7923.0,7897.0,6398.0,1.741,2.466,2.458,2.456,2.0980000000000003,2.089,1.747,0.0,368.8,0.0,60.14,0.0,59.82,0.0,5.0,16.0,0.0,0.0,17.52,20.91,18.04,-3.545,-3.039,0.0,-0.637,294.9,8.88,3.0,,-1.0,1.767,2.5,4901
2016-01-20 15:16:00,19.21,21.06,19.86,1067727.0,62.9,59.9,60.0,13.94,40803.0,507.0,93060.0,1025373.0,14.32,-0.943,-5.031000000000001,15.18,0.0,273.9,273.2,275.2,0.772,271.0,0.531,271.0,0.842,273.0,0.002,13.92,1.0,3.0,0.0,1.884,22.46,372.3,372.1,0.0,0.6019999999999999,0.519,0.5379999999999999,61.08,58.46,0.8259999999999998,0.0,12.4,-0.434,0.096,-0.096,-0.096,-0.8640000000000001,0.096,-70.2,0.3339999999999999,-0.768,60.36,4.847,6.877000000000001,6.853,6.851,5.852,5.82,4.877,6525.0,9174.0,9130.0,9310.0,7923.0,7897.0,6398.0,1.7919999999999998,2.542,2.533,2.532,2.1630000000000003,2.151,1.803,0.0,369.6,0.0,60.15,0.0,60.32,0.0,5.0,16.0,0.0,0.0,17.97,21.41,18.45,-3.613,-3.0660000000000003,0.0,-0.698,296.3,26.61,3.333,,-1.0,0.688,1.3,4901
2016-01-20 15:17:00,19.74,21.54,20.41,1067727.0,62.9,59.9,60.0,14.37,40803.0,507.0,93060.0,1025374.0,14.72,-0.948,-4.953,15.53,0.0,273.6,273.2,275.3,0.772,271.0,0.531,271.0,0.842,273.0,0.002,13.91,1.0,3.0,0.0,1.857,23.17,373.9,373.5,0.0,0.6189999999999999,0.535,0.5529999999999999,62.66,59.86,0.532,0.0,12.3,-0.512,0.032,-0.16,-0.1459999999999999,-0.946,0.0139999999999999,-98.7,0.238,-0.8,61.62,4.9510000000000005,7.039,7.013999999999999,7.005,5.983,5.953,4.995,6525.0,9175.0,9130.0,9310.0,7923.0,7897.0,6398.0,1.836,2.611,2.602,2.5980000000000003,2.219,2.208,1.853,0.0,370.9,0.0,60.15,0.0,61.97,0.0,5.0,16.0,0.0,0.0,18.45,21.91,18.83,-3.585,-3.088,0.0,-0.795,276.5,35.38,2.333,3.472,-1.0,1.267,2.1,4901
2016-01-20 15:18:00,20.65,22.54,21.3,1067728.0,62.9,59.9,60.0,15.15,40803.0,507.0,93060.0,1025374.0,15.46,-0.954,-4.827,16.19,0.0,273.7,273.2,275.2,0.772,271.0,0.531,271.0,0.842,273.0,0.002,13.91,2.0,3.0,0.0,1.837,23.89,372.9,372.3,0.0,0.65,0.562,0.5789999999999998,65.61,62.65,0.449,0.0,12.29,-0.576,-0.064,-0.256,-0.256,-1.024,-0.096,-73.12999999999998,0.1739999999999999,-0.882,64.22,5.196000000000001,7.396,7.378999999999999,7.349999999999999,6.2860000000000005,6.247000000000001,5.251,6525.0,9175.0,9130.0,9310.0,7923.0,7897.0,6398.0,1.922,2.736,2.73,2.719,2.325,2.311,1.943,0.0,369.9,0.0,60.14,0.0,64.07,0.0,5.0,16.0,0.0,0.0,19.26,22.73,19.63,-3.548,-3.089,0.0,-0.8499999999999999,280.0,11.16,2.5,3.472,-1.0,1.575,2.0,4901
2016-01-20 15:19:00,21.73,23.66,22.48,1067728.0,62.9,59.9,60.0,16.09,40803.0,507.0,93060.0,1025374.0,16.4,-0.962,-4.655,17.05,0.0,273.7,273.3,275.1,0.772,271.0,0.531,271.0,0.842,273.0,0.002,13.92,1.0,3.0,0.0,1.81,25.08,372.9,372.2,0.0,0.688,0.5939999999999999,0.6129999999999999,69.15,66.31,0.8469999999999999,0.0,12.27,-0.672,-0.096,-0.288,-0.288,-1.056,-0.096,-94.1,0.192,-0.961,67.77,5.505,7.824,7.788999999999999,7.775,6.652,6.6160000000000005,5.544,6525.0,9175.0,9131.0,9310.0,7923.0,7897.0,6398.0,2.036,2.894,2.881,2.8760000000000003,2.46,2.447,2.051,0.0,369.9,0.0,60.15,0.0,67.25,0.0,5.0,16.0,0.0,0.0,20.32,23.74,20.61,-3.535,-3.06,0.0,-0.8959999999999999,286.6,25.05,3.0,3.472,-1.0,0.882,1.5,4901
2016-01-20 15:20:00,22.4,24.3,23.19,1067728.0,62.9,59.9,60.0,16.73,40803.0,507.0,93060.0,1025374.0,16.95,-0.965,-4.599,17.56,0.0,274.9,274.5,276.4,0.772,272.4,0.531,272.0,0.842,274.2,0.002,13.92,1.0,3.0,0.0,1.789,25.42,375.7,375.0,0.0,0.707,0.6079999999999999,0.631,70.88,68.49,0.91,0.0,12.19,-0.576,-0.064,-0.384,-0.3379999999999999,-1.071,-0.178,-115.2,0.128,-0.961,69.89,5.656000000000001,7.9929999999999986,7.9689999999999985,7.963999999999999,6.814,6.788,5.667999999999999,6525.0,9175.0,9131.0,9310.0,7923.0,7897.0,6398.0,2.107,2.978,2.969,2.967,2.539,2.529,2.112,0.0,372.6,0.0,60.15,0.0,67.66,0.0,5.0,16.0,0.0,0.0,20.83,24.28,21.14,-3.442,-2.978,0.0,-0.8529999999999999,273.7,44.28,3.0,3.473,-1.0,0.8449999999999999,1.6,4901
2016-01-20 15:21:00,22.36,24.17,23.06,1067728.0,62.9,59.9,60.0,16.68,40804.0,507.0,93060.0,1025375.0,16.92,-0.965,-4.62,17.54,0.0,275.5,274.9,276.8,0.772,272.8,0.531,272.2,0.842,274.7,0.002,13.91,1.0,3.0,0.0,1.761,25.6,378.8,378.9,0.0,0.7029999999999998,0.6029999999999999,0.629,70.47,68.62,0.456,0.0,12.14,-0.576,-0.128,-0.37,-0.384,-1.106,-0.192,-142.1,0.0609999999999999,-0.961,70.02,5.621,7.892,7.859,7.883999999999999,6.743,6.729,5.58,6525.0,9175.0,9131.0,9310.0,7923.0,7897.0,6398.0,2.114,2.968,2.955,2.965,2.536,2.53,2.0980000000000003,0.0,376.1,0.0,60.14,0.0,67.59,0.0,5.0,16.0,0.0,0.0,20.78,24.25,21.06,-3.4730000000000003,-2.9210000000000003,0.0,-0.823,267.4,22.08,2.333,3.473,-1.0,0.873,1.3,4901
2016-01-20 15:22:00,21.74,23.53,22.38,1067729.0,62.9,59.9,60.0,16.14,40804.0,507.0,93060.0,1025375.0,16.41,-0.961,-4.715,17.07,0.0,275.2,275.0,277.0,0.772,273.0,0.531,272.6,0.842,275.0,0.002,13.91,1.0,3.0,0.0,1.742,25.19,382.0,381.3,0.0,0.682,0.582,0.6129999999999999,68.27,66.99,0.3439999999999999,0.0,12.09,-0.576,-0.0819999999999999,-0.384,-0.3979999999999999,-1.152,-0.192,-120.2,0.096,-0.961,68.5,5.432,7.602,7.583999999999999,7.607999999999999,6.488,6.507999999999999,5.377999999999999,6525.0,9175.0,9131.0,9310.0,7923.0,7898.0,6398.0,2.0580000000000003,2.88,2.874,2.883,2.458,2.466,2.0380000000000003,0.0,378.9,0.0,60.15,0.0,65.95,0.0,5.0,16.0,0.0,0.0,20.22,23.66,20.49,-3.442,-3.018,0.0,-0.8279999999999998,281.5,5.44,2.333,,-1.0,1.19,1.5,4901
2016-01-20 15:23:00,20.51,22.2,21.08,1067729.0,62.9,59.9,60.0,15.06,40804.0,507.0,93060.0,1025375.0,15.37,-0.953,-4.867,16.12,0.0,275.4,275.0,276.9,0.772,273.0,0.531,272.9,0.842,275.0,0.002,13.92,1.0,3.0,0.0,1.716,24.08,383.7,383.3,0.0,0.644,0.547,0.5799999999999998,64.28,63.37,0.913,0.0,12.03,-0.576,-0.096,-0.4629999999999999,-0.384,-1.152,-0.2099999999999999,-141.3,0.078,-1.01,65.0,5.109,7.094,7.064,7.118,6.081,6.0920000000000005,5.0,6525.0,9175.0,9131.0,9311.0,7923.0,7898.0,6398.0,1.947,2.704,2.692,2.713,2.318,2.322,1.905,0.0,381.1,0.0,60.19,0.0,62.72,0.0,5.0,16.0,0.0,0.0,19.08,22.5,19.37,-3.5210000000000004,-2.926,0.0,-0.7979999999999999,289.6,9.090000000000002,3.0,,-1.0,1.475,1.8,4901
2016-01-20 15:24:00,19.33,20.97,19.94,1067729.0,62.9,59.9,60.0,14.09,40804.0,507.0,93060.0,1025375.0,14.43,-0.944,-5.018,15.28,0.0,275.7,275.1,276.9,0.772,273.0,0.531,273.0,0.842,275.0,0.002,13.92,1.0,3.0,0.0,1.6980000000000002,22.98,383.1,383.1,0.0,0.6089999999999999,0.518,0.5489999999999999,60.72,59.79,0.75,0.0,11.97,-0.672,-0.11,-0.53,-0.512,-1.187,-0.2889999999999999,-120.4,0.0,-1.071,61.4,4.82,6.709,6.664,6.72,5.735,5.759,4.709,6525.0,9175.0,9131.0,9311.0,7923.0,7898.0,6398.0,1.832,2.55,2.533,2.555,2.18,2.189,1.79,0.0,380.2,0.0,60.18,0.0,59.99,0.0,5.0,16.0,0.0,0.0,18.0,21.42,18.41,-3.513,-2.969,0.0,-0.887,270.0,12.07,2.667,3.472,-1.0,0.942,1.3,4901
2016-01-20 15:25:00,18.84,20.49,19.63,1067730.0,62.9,59.9,60.0,13.72,40804.0,507.0,93060.0,1025376.0,14.07,-0.94,-5.107,14.97,0.0,275.6,275.1,276.9,0.772,273.0,0.531,273.0,0.842,275.0,0.002,13.91,2.0,3.0,0.0,1.6740000000000002,22.78,381.2,380.0,0.0,0.5959999999999999,0.506,0.536,59.28,58.29,0.2189999999999999,0.0,11.98,-0.672,-0.16,-0.562,-0.576,-1.248,-0.367,-142.0,0.0,-1.057,59.84,4.753,6.589,6.5520000000000005,6.627000000000001,5.653,5.653,4.625,6525.0,9175.0,9131.0,9311.0,7923.0,7898.0,6398.0,1.796,2.489,2.475,2.504,2.136,2.136,1.747,0.0,377.8,0.0,60.14,0.0,59.75,0.0,5.0,16.0,0.0,0.0,17.63,21.0,18.06,-3.563,-3.052,0.0,-0.8669999999999999,295.0,11.62,2.0,3.472,-1.0,0.96,1.2,4901
2016-01-20 15:26:00,18.42,20.13,19.11,1067730.0,62.9,59.9,60.0,13.28,40804.0,507.0,93060.0,1025376.0,13.65,-0.936,-5.1370000000000005,14.58,0.0,274.8,273.7,275.6,0.772,271.3,0.531,271.3,0.842,273.3,0.002,13.91,2.0,3.0,0.0,1.656,22.38,380.2,379.4,0.0,0.5799999999999998,0.492,0.523,57.59,56.74,0.592,0.0,11.92,-0.672,-0.192,-0.5909999999999999,-0.576,-1.248,-0.385,-120.1,0.0,-1.138,58.29,4.624,6.399,6.372000000000001,6.446000000000001,5.5,5.497000000000001,4.497,6525.0,9175.0,9131.0,9311.0,7923.0,7898.0,6398.0,1.744,2.414,2.404,2.432,2.075,2.074,1.6969999999999998,0.0,377.3,0.0,60.12,0.0,58.86,0.0,5.0,16.0,0.0,0.0,17.26,20.59,17.73,-3.572,-3.065,0.0,-0.877,326.7,17.37,2.833,,-1.0,0.528,1.0,4901
2016-01-20 15:27:00,17.54,19.27,18.27,1067730.0,62.9,59.9,60.0,12.55,40804.0,507.0,93060.0,1025376.0,12.97,-0.912,-5.212999999999999,13.98,0.0,274.0,273.5,275.4,0.772,271.0,0.531,271.0,0.842,273.0,0.002,13.92,1.0,3.0,0.0,1.631,21.38,380.4,379.9,0.0,0.5529999999999999,0.4689999999999999,0.5,54.98,54.22,0.8109999999999999,0.0,11.92,-0.7209999999999999,-0.256,-0.587,-0.576,-1.216,-0.4199999999999999,-142.0,-0.05,-1.153,55.82,4.398,6.061,6.051,6.124,5.233,5.22,4.274,6525.0,9175.0,9131.0,9311.0,7923.0,7898.0,6398.0,1.661,2.2880000000000003,2.2840000000000003,2.312,1.976,1.971,1.614,0.0,377.6,0.0,60.13,0.0,56.17,0.0,5.0,16.0,0.0,0.0,16.51,19.84,17.03,-3.571,-3.144,0.0,-0.997,299.4,17.87,3.0,3.473,-1.0,0.895,1.5,4901
2016-01-20 15:28:00,16.92,18.55,17.58,1067730.0,62.9,59.9,60.0,11.99,40804.0,507.0,93060.0,1025376.0,12.46,-0.92,-5.292999999999999,13.54,0.0,274.0,273.6,275.5,0.772,271.0,0.531,271.0,0.842,273.1,0.002,13.92,1.0,3.0,0.0,1.61,21.21,379.6,378.9,0.0,0.5329999999999999,0.451,0.481,53.01,52.25,0.91,0.0,11.87,-0.7709999999999999,-0.37,-0.69,-0.6079999999999999,-1.213,-0.481,-94.8,-0.128,-1.249,53.89,4.257,5.882000000000001,5.844,5.933,5.064,5.064,4.127,6525.0,9175.0,9131.0,9311.0,7923.0,7898.0,6398.0,1.602,2.214,2.2,2.233,1.906,1.906,1.554,0.0,376.4,0.0,60.13,0.0,55.87,0.0,5.0,16.0,0.0,0.0,15.95,19.32,16.5,-3.536,-3.232,0.0,-1.115,261.8,11.43,3.0,3.473,-1.0,1.172,1.5,4901
2016-01-20 15:29:00,16.16,17.85,16.74,1067731.0,62.9,59.9,60.0,11.35,40804.0,507.0,93060.0,1025377.0,11.87,-0.911,-5.375,13.03,0.0,274.2,273.4,275.4,0.772,271.0,0.531,271.0,0.842,273.0,0.002,13.91,2.0,3.0,0.0,1.586,20.53,380.0,378.8,0.0,0.51,0.432,0.461,50.75,50.03,0.256,0.0,11.84,-0.8809999999999998,-0.402,-0.7359999999999999,-0.69,-1.3159999999999998,-0.563,-94.5,-0.256,-1.249,51.71,4.063,5.624,5.579,5.659,4.831,4.843,3.94,6525.0,9175.0,9131.0,9311.0,7923.0,7898.0,6398.0,1.531,2.119,2.102,2.132,1.821,1.825,1.485,0.0,376.9,0.0,60.18,0.0,54.03,0.0,5.0,16.0,0.0,0.0,15.29,18.68,15.93,-3.514,-3.342,0.0,-1.208,242.3,11.37,2.0,3.472,-1.0,0.8599999999999999,1.2,4901
2016-01-20 15:30:00,15.28,16.84,15.85,1067731.0,62.9,59.9,60.0,10.58,40804.0,507.0,93060.0,1025377.0,11.09,-0.8959999999999999,-5.501,12.38,0.0,274.1,273.4,275.5,0.772,271.1,0.531,271.0,0.842,273.1,0.002,13.91,2.0,3.0,0.0,1.564,19.76,379.8,380.2,0.0,0.4789999999999999,0.407,0.434,47.9,47.02,0.4239999999999999,0.0,11.82,-0.96,-0.512,-0.815,-0.8,-1.408,-0.6729999999999999,-141.7,-0.32,-1.249,48.77,3.814,5.277,5.251,5.321000000000001,4.5360000000000005,4.544,3.705,6525.0,9175.0,9131.0,9311.0,7923.0,7898.0,6399.0,1.4380000000000002,1.989,1.98,2.006,1.71,1.713,1.3969999999999998,0.0,377.0,0.0,60.15,0.0,52.03,0.0,5.0,16.0,0.0,0.0,14.45,17.89,15.18,-3.517,-3.417,0.0,-1.206,238.9,4.659,2.5,,-1.0,0.697,0.8,4901
2016-01-20 15:31:00,14.52,16.21,15.24,1067731.0,62.9,59.9,60.0,10.01,40804.0,507.0,93060.0,1025377.0,10.71,-0.887,-5.584,12.07,0.0,273.6,273.3,275.4,0.772,271.0,0.531,271.0,0.842,273.0,0.002,13.92,1.0,3.0,0.0,1.543,19.52,376.8,376.8,0.0,0.461,0.3929999999999999,0.417,46.44,45.33,0.8499999999999999,0.0,11.74,-0.96,-0.526,-0.8359999999999999,-0.8469999999999999,-1.408,-0.6729999999999999,-120.6,-0.402,-1.249,47.1,3.706,5.159,5.141,5.182,4.409,4.427,3.627,6525.0,9175.0,9131.0,9311.0,7923.0,7898.0,6399.0,1.3869999999999998,1.931,1.925,1.94,1.65,1.6569999999999998,1.358,0.0,374.3,0.0,60.12,0.0,51.8,0.0,5.0,16.0,0.0,0.0,14.09,17.48,14.87,-3.466,-3.381,0.0,-1.1909999999999998,239.8,56.3,3.0,3.473,-1.0,0.452,0.8,4901
2016-01-20 15:32:00,14.5,16.18,15.24,1067731.0,62.9,59.9,60.0,10.0,40805.0,507.0,93060.0,1025377.0,10.65,-0.885,-5.603,12.03,0.0,273.9,273.4,275.4,0.772,271.0,0.531,271.0,0.842,273.0,0.001,13.91,1.0,3.0,0.0,1.519,19.44,374.6,373.4,0.0,0.457,0.39,0.412,46.25,44.97,0.779,0.0,11.74,-0.96,-0.4939999999999999,-0.9,-0.832,-1.49,-0.7369999999999999,-141.7,-0.416,-1.249,46.7,3.713,5.179,5.157,5.187,4.428,4.44,3.637,6525.0,9175.0,9131.0,9311.0,7923.0,7898.0,6399.0,1.379,1.923,1.915,1.926,1.644,1.649,1.351,0.0,371.4,0.0,60.12,0.0,51.9,0.0,5.0,16.0,0.0,0.0,14.06,17.4,14.8,-3.449,-3.292,0.0,-1.195,280.5,9.77,2.667,3.473,-1.0,0.758,1.0,4901
2016-01-20 15:33:00,14.7,16.21,15.24,1067731.0,62.9,59.9,60.0,10.07,40805.0,507.0,93060.0,1025377.0,10.74,-0.887,-5.584,12.11,0.0,273.8,273.5,275.5,0.772,271.0,0.531,271.0,0.842,273.0,0.003,13.62,2.0,1.0,0.0,1.499,19.48,374.6,372.4,0.0,0.4589999999999999,0.392,0.4139999999999999,46.51,45.29,0.2189999999999999,0.0,11.74,-1.024,-0.4939999999999999,-0.96,-0.8669999999999999,-1.4580000000000002,-0.769,-115.8,-0.466,-1.33,46.99,3.768,5.237,5.205,5.247000000000001,4.493,4.488,3.679,6525.0,9175.0,9131.0,9311.0,7923.0,7898.0,6399.0,1.394,1.937,1.925,1.941,1.662,1.66,1.361,0.0,369.9,0.0,60.13,0.0,51.99,0.0,5.0,16.0,0.0,0.0,14.14,17.51,14.88,-3.502,-3.168,0.0,-1.264,280.3,3.281,2.0,3.472,-1.0,1.155,1.5,4901
2016-01-20 15:34:00,14.58,16.17,15.25,1067732.0,62.9,59.9,60.0,10.03,40805.0,507.0,93060.0,1025377.0,10.65,-0.885,-5.59,12.03,0.0,273.9,273.5,275.4,0.772,271.0,0.531,271.0,0.842,273.0,0.001,13.92,1.0,3.0,0.0,1.476,19.42,374.6,372.7,0.0,0.456,0.3879999999999999,0.411,46.09,45.05,0.652,0.0,11.69,-1.102,-0.53,-1.056,-0.928,-1.54,-0.8649999999999999,-142.0,-0.562,-1.3769999999999998,46.64,3.732,5.181,5.144,5.199,4.452,4.4510000000000005,3.636,6525.0,9176.0,9131.0,9311.0,7923.0,7898.0,6399.0,1.382,1.919,1.905,1.926,1.649,1.649,1.347,0.0,370.4,0.0,60.15,0.0,51.84,0.0,5.0,16.0,0.0,0.0,14.07,17.4,14.78,-3.5460000000000003,-3.1710000000000003,0.0,-1.319,279.9,5.321000000000001,2.667,3.473,-1.0,0.94,1.2,4901
2016-01-20 15:35:00,13.85,15.24,14.47,1067732.0,62.9,59.9,60.0,9.340000000000002,40805.0,507.0,93060.0,1025378.0,9.93,-0.8679999999999999,-5.678,11.44,0.0,273.9,273.5,275.4,0.772,271.0,0.531,271.0,0.842,273.0,0.002,13.92,1.0,3.0,0.0,1.455,18.45,376.6,375.8,0.0,0.4299999999999999,0.3649999999999999,0.389,43.28,42.42,0.914,0.0,11.65,-1.134,-0.576,-1.124,-1.01,-1.537,-0.883,-141.6,-0.576,-1.4409999999999998,44.03,3.466,4.807,4.78,4.834,4.123,4.141,3.38,6525.0,9176.0,9131.0,9311.0,7923.0,7898.0,6399.0,1.295,1.796,1.786,1.806,1.54,1.547,1.263,0.0,373.6,0.0,60.15,0.0,49.01,0.0,5.0,16.0,0.0,0.0,13.3,16.67,14.08,-3.589,-3.137,0.0,-1.33,287.1,8.449999999999998,3.0,3.474,-1.0,0.8529999999999999,1.1,4901
2016-01-20 15:36:00,12.82,14.13,13.33,1067732.0,62.9,59.9,60.0,8.429999999999998,40805.0,507.0,93060.0,1025378.0,9.06,-0.842,-5.812,10.76,0.0,273.9,273.5,275.4,0.772,271.0,0.531,271.0,0.842,273.0,0.002,13.91,1.0,3.0,0.0,1.432,17.72,376.8,376.8,0.0,0.397,0.336,0.3599999999999999,40.01,39.1,0.39,0.0,11.63,-1.102,-0.576,-1.216,-1.01,-1.661,-0.979,-121.5,-0.672,-1.473,40.84,3.184,4.41,4.388,4.4430000000000005,3.787,3.803,3.1,6525.0,9176.0,9131.0,9311.0,7923.0,7898.0,6399.0,1.192,1.65,1.642,1.663,1.4169999999999998,1.423,1.16,0.0,374.3,0.0,60.15,0.0,47.04,0.0,5.0,16.0,0.0,0.0,12.44,15.84,13.32,-3.584,-3.129,0.0,-1.344,287.0,8.47,2.167,3.47,-1.0,0.622,0.9,4901
2016-01-20 15:37:00,12.35,13.52,12.5,1067732.0,62.9,59.9,60.0,7.907,40805.0,507.0,93060.0,1025378.0,8.529999999999998,-0.822,-5.903,10.38,0.0,274.2,273.6,275.4,0.772,271.0,0.531,271.0,0.842,273.0,0.002,13.91,1.0,3.0,0.0,1.415,16.85,375.3,374.7,0.0,0.375,0.318,0.3389999999999999,38.0,36.93,0.4029999999999999,0.0,11.57,-1.166,-0.672,-1.266,-1.088,-1.682,-1.058,-141.9,-0.7399999999999999,-1.487,38.72,3.026,4.202,4.2,4.226,3.594,3.614,2.966,6525.0,9176.0,9131.0,9311.0,7923.0,7898.0,6399.0,1.126,1.5630000000000002,1.5630000000000002,1.5730000000000002,1.337,1.345,1.104,0.0,372.1,0.0,60.14,0.0,44.9,0.0,5.0,16.0,0.0,0.0,11.93,15.37,12.87,-3.58,-3.071,0.0,-1.3769999999999998,305.2,8.67,2.333,3.472,-1.0,0.6049999999999999,0.8,4901
2016-01-20 15:38:00,12.18,13.5,12.43,1067732.0,62.9,59.9,60.0,7.833999999999999,40805.0,507.0,93060.0,1025378.0,8.37,-0.816,-5.922999999999999,10.26,0.0,274.1,273.3,275.3,0.772,271.0,0.531,271.0,0.842,273.0,0.002,13.92,1.0,3.0,0.0,1.384,16.66,373.5,371.8,0.0,0.367,0.313,0.331,37.41,36.14,0.8629999999999999,0.0,11.55,-1.1840000000000002,-0.719,-1.344,-1.103,-1.761,-1.058,-121.2,-0.768,-1.537,37.93,2.985,4.164,4.171,4.183,3.553,3.574,2.944,6525.0,9176.0,9131.0,9311.0,7923.0,7898.0,6399.0,1.103,1.538,1.541,1.545,1.3130000000000002,1.321,1.088,0.0,369.5,0.0,60.13,0.0,44.6,0.0,5.0,16.0,0.0,0.0,11.77,15.26,12.77,-3.554,-3.075,0.0,-1.414,312.7,15.84,3.0,3.473,-1.0,0.56,0.8,4901
2016-01-20 15:39:00,12.39,13.52,12.43,1067733.0,62.9,59.9,60.0,7.891,40805.0,507.0,93060.0,1025378.0,8.5,-0.821,-5.901,10.35,0.0,273.7,273.3,275.3,0.772,271.0,0.531,271.0,0.842,273.0,-0.008,13.72,1.0,1.0,0.0,1.35,16.72,369.8,369.7,0.0,0.37,0.315,0.3339999999999999,37.89,36.54,0.504,0.001,11.55,-1.234,-0.818,-1.376,-1.149,-1.743,-1.107,-116.2,-0.8,-1.65,38.3,3.055,4.243,4.216,4.262,3.649,3.638,2.983,6525.0,9176.0,9131.0,9311.0,7923.0,7898.0,6399.0,1.122,1.5590000000000002,1.5490000000000002,1.5659999999999998,1.341,1.337,1.096,0.0,367.4,0.0,60.14,0.0,45.21,0.0,5.0,16.0,0.0,0.0,11.84,15.37,12.91,-3.57,-3.1,0.0,-1.484,333.1,7.951,2.333,3.473,-1.0,0.94,1.3,4901
2016-01-20 15:40:00,12.5,13.52,12.47,1067733.0,62.9,59.9,60.0,7.942999999999999,40805.0,507.0,93060.0,1025378.0,8.62,-0.8249999999999998,-5.901,10.44,0.0,274.4,273.4,275.5,0.772,271.2,0.531,271.0,0.842,273.1,0.013,13.89,2.0,3.0,0.0,1.3259999999999998,17.02,369.4,368.7,0.0,0.373,0.319,0.3379999999999999,38.29,37.04,0.2929999999999999,0.0,11.53,-1.28,-0.832,-1.508,-1.234,-1.743,-1.218,-142.2,-0.8959999999999999,-1.6969999999999998,38.76,3.094,4.324,4.296,4.316,3.692,3.712,3.036,6525.0,9176.0,9131.0,9311.0,7923.0,7898.0,6399.0,1.134,1.584,1.574,1.582,1.3530000000000002,1.36,1.113,0.0,366.5,0.0,60.15,0.0,46.09,0.0,5.0,16.0,0.0,0.0,11.94,15.47,13.02,-3.617,-3.087,0.0,-1.539,336.7,7.732,2.167,3.472,-1.0,0.813,0.9,4901
2016-01-20 15:41:00,11.78,13.17,12.43,1067733.0,62.9,59.9,60.0,7.628999999999999,40805.0,507.0,93060.0,1025378.0,8.269999999999998,-0.813,-5.922000000000001,10.17,0.0,274.1,273.4,275.3,0.772,271.0,0.531,271.0,0.842,273.0,0.002,13.96,1.0,3.0,0.0,1.308,16.54,371.0,370.2,0.0,0.3599999999999999,0.3059999999999999,0.327,36.8,35.81,0.921,0.0,11.45,-1.248,-0.8640000000000001,-1.551,-1.3090000000000002,-1.789,-1.25,-116.3,-0.961,-1.729,37.55,2.979,4.131,4.115,4.154,3.545,3.559,2.908,6525.0,9176.0,9131.0,9311.0,7923.0,7898.0,6399.0,1.096,1.519,1.514,1.528,1.304,1.3090000000000002,1.07,0.0,367.9,0.0,60.15,0.0,44.58,0.0,5.0,16.0,0.0,0.0,11.63,15.15,12.71,-3.613,-3.034,0.0,-1.527,320.8,10.66,3.0,3.465,-1.0,0.645,0.8,4901
2016-01-20 15:42:00,11.12,12.1,11.38,1067733.0,62.9,59.9,60.0,6.861000000000001,40805.0,507.0,93060.0,1025379.0,7.495,-0.779,-6.028,9.62,0.0,273.9,273.5,275.4,0.772,271.0,0.531,271.0,0.842,273.0,0.002,13.96,1.0,3.0,0.0,1.286,16.08,373.2,373.0,0.0,0.33,0.28,0.2999999999999999,33.84,32.96,0.889,0.0,11.45,-1.266,-0.914,-1.621,-1.298,-1.842,-1.25,-129.5,-0.961,-1.729,34.76,2.722,3.747,3.726,3.787,3.228,3.237,2.635,6525.0,9176.0,9131.0,9311.0,7923.0,7898.0,6399.0,1.01,1.39,1.382,1.405,1.197,1.2009999999999998,0.977,0.0,370.9,0.0,60.15,0.0,43.09,0.0,5.0,16.0,0.0,0.0,10.91,14.43,12.08,-3.609,-3.005,0.0,-1.5619999999999998,307.8,9.65,3.0,3.472,-1.0,0.69,1.0,4901
2016-01-20 15:43:00,10.27,11.4,10.57,1067733.0,62.9,59.9,60.0,6.191,40806.0,507.0,93060.0,1025379.0,6.78,-0.7440000000000001,-6.087999999999999,9.11,0.0,273.8,273.1,275.1,0.772,271.0,0.531,271.0,0.842,273.0,0.002,13.95,1.0,3.0,0.0,1.267,15.17,374.6,374.2,0.0,0.3019999999999999,0.257,0.276,31.16,30.22,0.2839999999999999,0.0,11.42,-1.344,-0.96,-1.711,-1.3730000000000002,-1.906,-1.346,-141.3,-1.01,-1.807,32.07,2.481,3.426,3.4160000000000004,3.463,2.946,2.96,2.412,6525.0,9176.0,9131.0,9311.0,7924.0,7898.0,6399.0,0.922,1.272,1.269,1.286,1.094,1.1,0.8959999999999999,0.0,371.4,0.0,60.19,0.0,40.5,0.0,5.0,16.0,0.0,0.0,10.29,13.79,11.62,-3.607,-2.992,0.0,-1.635,313.4,12.1,2.0,3.472,-1.0,0.67,0.8,4901
2016-01-20 15:44:00,10.25,10.68,10.16,1067733.0,62.9,59.9,60.0,5.868,40806.0,507.0,93060.0,1025379.0,6.433,-0.724,-6.135,8.89,0.0,273.8,273.0,275.0,0.772,271.0,0.531,271.0,0.842,273.0,0.002,13.95,2.0,3.0,0.0,1.243,15.0,372.4,371.6,0.0,0.288,0.246,0.263,29.83,28.75,0.265,0.0,11.36,-1.408,-1.042,-1.743,-1.426,-1.953,-1.442,-142.3,-1.153,-1.857,30.55,2.375,3.297,3.282,3.314,2.818,2.844,2.316,6525.0,9176.0,9131.0,9311.0,7924.0,7898.0,6399.0,0.877,1.217,1.212,1.224,1.041,1.05,0.8549999999999999,0.0,369.3,0.0,60.13,0.0,40.28,0.0,5.0,16.0,0.0,0.0,9.99,13.48,11.42,-3.572,-2.955,0.0,-1.676,335.2,5.9910000000000005,2.167,3.47,-1.0,0.773,1.1,4901
2016-01-20 15:45:00,10.11,10.24,10.16,1067733.0,62.9,59.9,60.0,5.707000000000001,40806.0,507.0,93060.0,1025379.0,6.249,-0.712,-6.162000000000001,8.779999999999998,0.0,273.5,273.0,275.1,0.772,271.0,0.531,270.9,0.842,273.0,0.002,13.96,1.0,3.0,0.0,1.224,14.87,370.8,369.2,0.0,0.268,0.22,0.245,27.03,28.03,0.7809999999999999,0.0,11.36,-1.44,-1.056,-1.81,-1.469,-1.97,-1.474,-142.3,-1.153,-1.921,29.71,2.333,3.245,3.222,3.244,2.761,2.797,2.271,6525.0,9176.0,9131.0,9311.0,7924.0,7898.0,6399.0,0.8569999999999999,1.1909999999999998,1.183,1.1909999999999998,1.014,1.027,0.834,0.0,367.2,0.0,60.13,0.0,40.11,0.0,5.0,16.0,0.0,0.0,9.85,13.32,11.29,-3.526,-2.923,0.0,-1.6769999999999998,321.2,10.95,3.0,,-1.0,0.802,1.1,4901
2016-01-20 15:46:00,8.199999999999998,9.08,8.73,1067734.0,62.9,59.9,60.0,4.728,40806.0,507.0,93060.0,1025379.0,5.233,-0.6149999999999999,-6.473,8.54,0.0,273.3,272.7,274.8,0.772,270.7,0.531,270.3,0.842,273.0,0.002,13.95,1.0,3.0,0.0,1.214,12.75,375.0,374.3,0.0,0.267,0.228,0.2399999999999999,27.07,24.94,0.875,0.0,11.36,-1.44,-1.152,-1.871,-1.6,-2.0340000000000003,-1.538,-142.4,-1.252,-1.985,27.86,1.959,2.6660000000000004,2.647,2.717,2.298,2.315,1.879,6525.0,9176.0,9131.0,9311.0,7924.0,7898.0,6399.0,0.719,0.977,0.97,0.997,0.842,0.849,0.689,0.0,372.1,0.0,60.14,0.0,34.5,0.0,4.9,16.0,0.0,0.0,9.68,12.77,11.11,-3.528,-2.904,0.0,-1.725,334.1,10.02,2.833,3.472,-1.0,0.805,1.1,4901
2016-01-20 15:47:00,3.729,3.892,3.7,1067734.0,62.9,59.9,60.0,1.71,40806.0,507.0,93060.0,1025379.0,2.067,-0.264,-7.75,8.39,0.0,273.4,272.7,274.8,0.772,271.0,0.531,270.0,0.842,273.0,0.002,13.95,2.0,3.0,0.0,1.188,7.272999999999999,404.4,403.5,0.0,0.2349999999999999,0.1989999999999999,0.215,23.31,22.58,0.218,0.0,11.34,-1.504,-1.248,-1.953,-1.679,-2.095,-1.635,-142.9,-1.345,-2.017,24.17,0.904,1.115,1.104,1.251,0.976,0.994,0.8309999999999998,6525.0,9176.0,9131.0,9311.0,7924.0,7898.0,6399.0,0.351,0.4289999999999999,0.4249999999999999,0.4849999999999999,0.376,0.3829999999999999,0.321,0.0,401.2,0.0,60.14,0.0,18.74,0.0,4.517,16.0,0.0,0.0,9.96,11.69,11.07,-3.439,-2.894,0.0,-1.801,308.4,20.1,2.0,3.472,-1.0,0.467,0.8,4901
2016-01-20 15:48:00,3.71,3.814,3.784,1067734.0,62.9,59.9,60.0,1.662,40806.0,507.0,93060.0,1025379.0,1.669,-0.221,-7.817999999999999,8.24,0.0,273.4,272.8,274.8,0.772,271.0,0.531,270.1,0.842,272.9,0.002,13.95,2.0,3.0,0.0,1.1840000000000002,6.761,399.9,399.7,0.0,0.1969999999999999,0.166,0.1799999999999999,19.43,18.52,0.6039999999999999,0.0,11.26,-1.6030000000000002,-1.248,-2.017,-1.732,-2.113,-1.6840000000000002,-136.7,-1.426,-2.081,20.17,0.812,1.022,0.991,1.106,0.89,0.903,0.7359999999999999,6525.0,9176.0,9131.0,9311.0,7924.0,7898.0,6399.0,0.313,0.392,0.38,0.4259999999999999,0.341,0.347,0.283,0.0,397.4,0.0,60.15,0.0,17.6,0.0,4.533,16.0,0.0,0.0,9.78,11.54,11.0,-3.415,-2.928,0.0,-1.863,322.2,28.56,2.833,,-1.0,0.5979999999999999,0.8,4901
2016-01-20 15:49:00,3.321,3.797,3.217,1067734.0,62.9,59.9,60.0,1.119,40806.0,507.0,93060.0,1025379.0,1.706,-0.2289999999999999,-7.682,8.04,0.0,273.4,272.8,274.8,0.772,271.0,0.531,270.5,0.842,273.0,0.002,13.96,1.0,3.0,0.0,1.16,7.774,394.3,394.2,0.0,0.173,0.148,0.158,17.37,16.06,0.79,0.0,11.26,-1.65,-1.376,-2.0980000000000003,-1.778,-2.191,-1.7480000000000002,-143.3,-1.49,-2.162,17.8,0.795,1.043,1.02,1.107,0.898,0.911,0.754,6525.0,9176.0,9131.0,9311.0,7924.0,7898.0,6399.0,0.3029999999999999,0.396,0.3879999999999999,0.4229999999999999,0.342,0.346,0.2869999999999999,0.0,391.8,0.0,60.15,0.0,20.35,0.0,4.633,16.0,0.0,0.0,9.4,11.41,10.91,-3.4160000000000004,-3.005,0.0,-1.944,341.4,19.73,3.0,,-1.0,0.543,1.1,4901
2016-01-20 15:50:00,3.372,3.39,3.302,1067734.0,62.9,59.9,60.0,1.0,40806.0,507.0,93060.0,1025379.0,1.709,-0.231,-7.625,7.972,0.0,273.6,272.8,274.8,0.772,271.0,0.531,270.7,0.842,273.0,0.002,13.95,1.0,3.0,0.0,1.143,7.947,393.1,392.5,0.0,0.1669999999999999,0.1449999999999999,0.153,17.21,15.54,0.512,0.0,11.23,-1.7280000000000002,-1.44,-2.145,-1.842,-2.226,-1.827,-142.6,-1.537,-2.241,17.29,0.785,1.06,1.054,1.125,0.906,0.914,0.7859999999999999,6525.0,9176.0,9131.0,9311.0,7924.0,7898.0,6399.0,0.2979999999999999,0.401,0.3989999999999999,0.4279999999999999,0.3429999999999999,0.346,0.2979999999999999,0.0,390.2,0.0,60.15,0.0,20.86,0.0,4.65,16.0,0.0,0.0,9.25,11.37,10.87,-3.4730000000000003,-2.99,0.0,-2.003,352.3,10.3,2.333,3.467,-1.0,0.762,1.0,4901
2016-01-20 15:51:00,4.101,4.55,3.891,1067734.0,62.9,59.9,60.0,1.685,40807.0,507.0,93060.0,1025379.0,1.971,-0.263,-7.569,8.029999999999998,0.0,273.8,272.9,275.0,0.772,271.0,0.531,271.0,0.842,273.0,0.002,13.95,1.0,3.0,0.0,1.12,8.099999999999998,393.8,393.2,0.0,0.1799999999999999,0.156,0.162,18.8,16.77,0.2979999999999999,0.0,11.18,-1.824,-1.504,-2.226,-1.888,-2.305,-1.891,-143.1,-1.601,-2.305,18.56,0.8479999999999999,1.183,1.181,1.24,1.001,1.004,0.89,6525.0,9176.0,9131.0,9311.0,7924.0,7898.0,6399.0,0.322,0.449,0.4479999999999999,0.472,0.379,0.381,0.3389999999999999,0.0,391.0,0.0,60.14,0.0,21.25,0.0,4.65,16.0,0.0,0.0,9.31,11.47,10.84,-3.4810000000000003,-2.984,0.0,-2.0540000000000003,346.4,15.68,2.167,3.467,-1.0,0.4919999999999999,0.8,4901
2016-01-20 15:52:00,4.626,4.871,4.804,1067734.0,62.9,59.9,60.0,2.221,40807.0,507.0,93060.0,1025379.0,2.5540000000000003,-0.327,-7.461,8.22,0.0,273.8,272.9,274.8,0.772,271.0,0.531,270.9,0.842,273.0,0.002,13.96,1.0,3.0,0.0,1.102,8.66,397.4,397.1,0.0,0.2129999999999999,0.186,0.19,22.64,20.3,0.879,0.0,11.16,-1.874,-1.571,-2.305,-1.938,-2.386,-1.923,-143.0,-1.682,-2.337,22.09,0.98,1.364,1.368,1.436,1.162,1.145,1.04,6525.0,9176.0,9131.0,9311.0,7924.0,7898.0,6399.0,0.375,0.521,0.523,0.551,0.444,0.4379999999999999,0.3989999999999999,0.0,394.6,0.0,60.14,0.0,22.56,0.0,4.633,16.0,0.0,0.0,9.63,11.72,10.93,-3.469,-3.029,0.0,-2.14,289.2,27.45,3.0,,-1.0,0.783,1.3,4901
2016-01-20 15:53:00,5.806,6.273,6.091,1067734.0,62.9,59.9,60.0,3.204,40807.0,507.0,93060.0,1025379.0,3.529,-0.4199999999999999,-7.232999999999999,8.58,0.0,273.8,273.0,274.9,0.772,271.0,0.531,271.0,0.842,273.0,0.002,13.95,1.0,3.0,0.0,1.078,9.55,399.7,399.2,0.0,0.261,0.226,0.2319999999999999,27.64,25.27,0.88,0.0,11.16,-1.92,-1.632,-2.305,-1.938,-2.401,-2.019,-143.0,-1.729,-2.401,27.07,1.3530000000000002,1.874,1.877,1.965,1.602,1.588,1.408,6525.0,9176.0,9131.0,9311.0,7924.0,7898.0,6399.0,0.522,0.7219999999999999,0.7229999999999999,0.759,0.6169999999999999,0.6119999999999999,0.544,0.0,397.1,0.0,60.15,0.0,24.65,0.0,4.667,16.0,0.0,0.0,10.06,12.26,11.14,-3.489,-3.0660000000000003,0.0,-2.18,292.2,8.16,2.833,3.473,-1.0,1.007,1.3,4901
2016-01-20 15:54:00,10.22,11.04,10.28,1067734.0,62.9,59.9,60.0,5.9910000000000005,40807.0,507.0,93060.0,1025379.0,6.6160000000000005,-0.7349999999999999,-6.096,9.0,0.0,273.6,273.0,274.9,0.772,271.0,0.531,270.9,0.842,273.0,0.002,13.95,2.0,3.0,0.0,1.061,15.07,373.3,373.4,0.0,0.2939999999999999,0.253,0.262,31.1,28.93,0.218,0.0,11.15,-1.92,-1.632,-2.305,-1.953,-2.401,-2.019,-143.4,-1.729,-2.401,30.77,2.382,3.379,3.389,3.387,2.888,2.88,2.436,6525.0,9176.0,9131.0,9311.0,7924.0,7898.0,6399.0,0.883,1.252,1.256,1.256,1.07,1.067,0.903,0.0,370.8,0.0,60.14,0.0,40.36,0.0,5.0,16.0,0.0,0.0,10.16,13.6,11.5,-3.514,-3.108,0.0,-2.166,299.1,4.302,2.0,3.473,-1.0,0.753,0.9,4901
2016-01-20 15:55:00,10.31,11.45,11.29,1067734.0,62.9,59.9,60.0,6.412000000000001,40807.0,507.0,93060.0,1025379.0,7.0920000000000005,-0.7609999999999999,-6.037000000000001,9.31,0.0,273.3,272.8,274.8,0.772,270.7,0.531,270.2,0.842,272.6,0.002,13.95,1.0,3.0,0.0,1.037,15.41,368.1,368.2,0.0,0.308,0.264,0.275,32.67,30.59,0.487,0.0,11.15,-1.92,-1.632,-2.305,-1.921,-2.401,-2.002,-117.7,-1.729,-2.401,32.53,2.5660000000000003,3.631,3.624,3.637,3.1180000000000003,3.1010000000000004,2.597,6525.0,9176.0,9131.0,9311.0,7924.0,7898.0,6399.0,0.938,1.327,1.325,1.33,1.14,1.134,0.949,0.0,365.6,0.0,60.13,0.0,41.87,0.0,5.0,16.0,0.0,0.0,10.52,14.05,11.82,-3.495,-3.076,0.0,-2.149,304.3,13.47,2.5,3.473,-1.0,0.508,0.6999999999999998,4901
2016-01-20 15:56:00,11.16,12.37,11.32,1067734.0,62.9,59.9,60.0,6.912000000000001,40807.0,507.0,93060.0,1025380.0,7.522,-0.7829999999999999,-5.978,9.61,0.0,273.6,272.8,274.8,0.772,270.8,0.531,270.3,0.842,273.0,0.002,13.96,1.0,3.0,0.0,1.02,16.06,366.4,365.9,0.0,0.321,0.276,0.286,34.37,32.22,0.8599999999999999,0.0,11.07,-1.92,-1.632,-2.305,-1.949,-2.401,-1.97,-143.2,-1.729,-2.401,34.19,2.713,3.848,3.859,3.852,3.294,3.282,2.759,6525.0,9176.0,9131.0,9311.0,7924.0,7898.0,6399.0,0.986,1.398,1.402,1.4,1.197,1.193,1.002,0.0,363.4,0.0,60.16,0.0,43.85,0.0,5.0,16.0,0.0,0.0,10.89,14.49,12.11,-3.4760000000000004,-3.016,0.0,-2.121,308.9,17.94,3.0,3.473,-1.0,0.3619999999999999,0.9,4901
2016-01-20 15:57:00,11.85,13.12,12.38,1067735.0,62.9,59.9,60.0,7.601,40807.0,507.0,93060.0,1025380.0,8.199999999999998,-0.8109999999999999,-5.904,10.1,0.0,273.5,272.8,274.9,0.772,270.7,0.531,270.0,0.842,272.9,0.002,13.95,1.0,3.0,0.0,0.996,16.31,363.1,363.4,0.0,0.3439999999999999,0.296,0.307,37.02,34.88,0.809,0.0,11.07,-1.902,-1.615,-2.305,-1.921,-2.401,-1.97,-143.5,-1.729,-2.401,36.81,2.9530000000000003,4.197,4.191,4.179,3.5780000000000003,3.571,2.989,6526.0,9176.0,9131.0,9311.0,7924.0,7898.0,6399.0,1.0659999999999998,1.515,1.513,1.509,1.2919999999999998,1.289,1.079,0.0,361.1,0.0,60.12,0.0,44.92,0.0,5.0,16.0,0.0,0.0,11.53,15.11,12.68,-3.485,-3.03,0.0,-2.143,266.6,10.97,2.833,3.473,-1.0,1.272,1.7,4901
2016-01-20 15:58:00,12.55,13.93,12.99,1067735.0,62.9,59.9,60.0,8.189999999999998,40807.0,507.0,93060.0,1025380.0,8.779999999999998,-0.834,-5.808,10.53,0.0,273.5,272.7,275.0,0.772,270.6,0.531,270.0,0.842,273.0,0.002,13.95,2.0,3.0,0.0,0.982,17.35,364.0,363.7,0.0,0.3649999999999999,0.312,0.326,39.16,37.27,0.218,0.0,11.07,-1.92,-1.632,-2.305,-1.921,-2.401,-1.973,-143.4,-1.793,-2.401,39.17,3.156,4.456,4.444,4.448,3.806,3.8,3.165,6526.0,9176.0,9131.0,9311.0,7924.0,7898.0,6399.0,1.14,1.61,1.606,1.607,1.376,1.3730000000000002,1.144,0.0,361.4,0.0,60.15,0.0,47.67,0.0,5.0,16.0,0.0,0.0,12.06,15.67,13.16,-3.517,-3.117,0.0,-2.19,275.9,7.013999999999999,2.0,3.472,-1.0,1.298,1.7,4901
2016-01-20 15:59:00,12.55,13.93,13.0,1067735.0,62.9,59.9,60.0,8.179999999999998,40807.0,507.0,93060.0,1025380.0,8.769999999999998,-0.8349999999999999,-5.785,10.5,0.0,273.2,272.5,274.9,0.772,270.4,0.531,270.0,0.842,272.9,0.002,13.95,2.0,3.0,0.0,0.96,17.35,367.3,366.3,0.0,0.3639999999999999,0.309,0.326,38.82,37.38,0.395,0.0,11.03,-1.97,-1.632,-2.305,-2.017,-2.418,-2.002,-117.0,-1.825,-2.387,39.26,3.14,4.396,4.383,4.405,3.773,3.771,3.116,6526.0,9176.0,9131.0,9311.0,7924.0,7898.0,6399.0,1.144,1.601,1.597,1.605,1.374,1.374,1.135,0.0,364.3,0.0,60.14,0.0,47.24,0.0,5.0,16.0,0.0,0.0,12.04,15.68,13.11,-3.54,-3.122,0.0,-2.199,285.9,6.573,2.5,3.473,-1.0,1.322,1.8,4901
2016-01-20 16:00:00,11.39,12.81,11.92,1067735.0,62.9,59.9,60.0,7.2639999999999985,40807.0,507.0,93060.0,1025380.0,7.942,-0.8029999999999999,-5.885,9.89,0.0,273.1,272.9,275.2,0.772,271.0,0.531,270.4,0.842,273.0,0.002,13.96,1.0,3.0,0.0,0.943,16.47,373.2,371.9,0.0,0.335,0.283,0.3019999999999999,35.45,34.42,0.8619999999999999,0.0,10.97,-2.002,-1.632,-2.322,-2.017,-2.497,-1.924,-143.5,-1.825,-2.387,36.32,2.844,3.949,3.93,3.975,3.398,3.409,2.7910000000000004,6526.0,9176.0,9131.0,9311.0,7924.0,7898.0,6399.0,1.053,1.461,1.454,1.471,1.257,1.261,1.033,0.0,370.1,0.0,60.16,0.0,44.12,0.0,5.0,16.0,0.0,0.0,11.25,14.91,12.4,-3.5460000000000003,-3.1460000000000004,0.0,-2.23,286.5,5.836,3.0,3.473,-1.0,1.522,2.1,4901
2016-01-20 16:01:00,10.19,11.02,10.53,1067735.0,62.9,59.9,60.0,6.051,40808.0,507.0,93060.0,1025380.0,6.681,-0.7409999999999999,-6.029,9.0,0.0,273.6,272.9,275.1,0.772,271.0,0.531,270.9,0.842,273.0,0.002,13.96,1.0,3.0,0.0,0.921,15.23,376.7,376.2,0.0,0.2929999999999999,0.247,0.264,30.78,29.83,0.8359999999999999,0.0,10.97,-2.016,-1.664,-2.386,-2.0340000000000003,-2.497,-2.005,-143.4,-1.874,-2.483,31.76,2.435,3.36,3.338,3.392,2.899,2.907,2.366,6526.0,9176.0,9131.0,9311.0,7924.0,7898.0,6399.0,0.91,1.256,1.247,1.267,1.083,1.086,0.884,0.0,373.7,0.0,60.2,0.0,40.44,0.0,5.0,16.0,0.0,0.0,10.1,13.7,11.49,-3.5380000000000003,-3.17,0.0,-2.292,260.3,14.37,3.0,3.473,-1.0,1.327,1.6,4901
2016-01-20 16:02:00,7.471,8.21,7.795,1067735.0,62.9,59.9,60.0,4.214,40808.0,507.0,93060.0,1025380.0,4.709,-0.5589999999999999,-6.641,8.49,0.0,273.5,272.8,274.9,0.772,271.0,0.531,270.5,0.842,273.0,0.002,13.95,1.0,3.0,0.0,0.902,11.69,384.4,383.0,0.0,0.256,0.217,0.231,26.93,25.75,0.555,0.0,10.97,-2.112,-1.774,-2.45,-2.113,-2.5610000000000004,-2.069,-144.0,-1.921,-2.454,27.7,1.741,2.378,2.361,2.443,2.049,2.063,1.6969999999999998,6526.0,9176.0,9131.0,9311.0,7924.0,7898.0,6399.0,0.6509999999999999,0.888,0.8809999999999998,0.914,0.765,0.77,0.634,0.0,381.4,0.0,60.19,0.0,31.05,0.0,4.833,16.0,0.0,0.0,9.69,12.56,11.07,-3.529,-3.289,0.0,-2.365,261.8,8.39,2.333,3.472,-1.0,1.018,1.2,4901
2016-01-20 16:03:00,3.978,4.493,4.21,1067735.0,62.9,59.9,60.0,2.093,40808.0,507.0,93060.0,1025380.0,2.249,-0.2819999999999999,-7.712,8.46,0.0,273.7,272.9,274.9,0.772,271.0,0.531,270.8,0.842,273.0,0.002,13.95,1.0,3.0,0.0,0.882,7.3,405.4,405.1,0.0,0.236,0.2019999999999999,0.2119999999999999,24.9,23.37,0.3279999999999999,0.0,10.97,-2.144,-1.824,-2.497,-2.145,-2.593,-2.13,-143.2,-1.921,-2.454,25.32,0.921,1.219,1.209,1.31,1.032,1.062,0.917,6526.0,9176.0,9131.0,9311.0,7924.0,7898.0,6399.0,0.3579999999999999,0.471,0.467,0.509,0.3979999999999999,0.411,0.356,0.0,402.6,0.0,60.16,0.0,18.81,0.0,4.517,16.0,0.0,0.0,10.04,11.8,11.09,-3.525,-3.275,0.0,-2.383,270.7,8.519999999999998,2.333,3.473,-1.0,0.87,1.3,4901
2016-01-20 16:04:00,4.432,4.837,4.58,1067735.0,62.9,59.9,60.0,2.235,40808.0,507.0,93060.0,1025380.0,2.4930000000000003,-0.315,-7.554999999999999,8.359999999999998,0.0,273.5,272.9,275.0,0.772,271.0,0.531,270.9,0.842,273.0,0.002,13.96,1.0,3.0,0.0,0.8629999999999999,8.24,403.7,402.5,0.0,0.2339999999999999,0.2019999999999999,0.2089999999999999,24.87,22.97,0.901,0.0,10.97,-2.208,-1.824,-2.497,-2.209,-2.657,-2.151,-143.4,-1.967,-2.419,24.91,1.032,1.395,1.38,1.481,1.187,1.197,1.04,6526.0,9176.0,9131.0,9311.0,7924.0,7898.0,6399.0,0.401,0.541,0.535,0.576,0.46,0.4639999999999999,0.4039999999999999,0.0,400.4,0.0,60.19,0.0,21.17,0.0,4.583,16.0,0.0,0.0,9.86,11.84,11.03,-3.46,-3.252,0.0,-2.4,256.9,6.812,3.0,3.467,-1.0,0.772,1.1,4901
2016-01-20 16:05:00,5.44,5.755,5.621,1067736.0,62.9,59.9,60.0,2.877,40808.0,507.0,93060.0,1025381.0,3.062,-0.379,-7.33,8.38,0.0,273.6,272.9,275.0,0.772,271.0,0.531,270.9,0.842,273.0,0.002,13.96,1.0,3.0,0.0,0.8449999999999999,9.22,401.8,401.4,0.0,0.247,0.214,0.22,26.45,24.29,0.888,0.0,10.94,-2.208,-1.87,-2.497,-2.209,-2.689,-2.1830000000000003,-143.1,-2.002,-2.4330000000000003,26.21,1.173,1.608,1.602,1.69,1.372,1.368,1.202,6526.0,9176.0,9131.0,9311.0,7924.0,7898.0,6399.0,0.455,0.623,0.62,0.657,0.531,0.53,0.467,0.0,399.0,0.0,60.19,0.0,23.68,0.0,4.65,16.0,0.0,0.0,9.82,11.98,11.02,-3.401,-3.287,0.0,-2.435,279.0,44.83,3.0,3.473,-1.0,0.3599999999999999,0.9,4901
2016-01-20 16:06:00,5.819,6.01,5.863,1067736.0,62.9,59.9,60.0,3.1180000000000003,40808.0,507.0,93060.0,1025381.0,3.4530000000000003,-0.4129999999999999,-7.257999999999998,8.57,0.0,273.5,273.1,275.0,0.772,271.0,0.531,271.0,0.842,273.0,0.002,13.76,1.0,1.0,0.0,0.822,9.27,402.9,402.3,0.0,0.268,0.2319999999999999,0.238,28.72,26.46,0.319,0.001,10.87,-2.208,-1.92,-2.497,-2.241,-2.689,-2.18,-143.3,-2.017,-2.402,28.37,1.296,1.7819999999999998,1.769,1.872,1.511,1.5119999999999998,1.3230000000000002,6526.0,9176.0,9131.0,9311.0,7924.0,7899.0,6399.0,0.504,0.692,0.687,0.729,0.5859999999999999,0.587,0.515,0.0,400.3,0.0,60.19,0.0,23.75,0.0,4.65,16.0,0.0,0.0,10.12,12.24,11.15,-3.417,-3.275,0.0,-2.438,269.5,27.71,2.0,3.474,-1.0,0.807,1.1,4901
2016-01-20 16:07:00,9.97,10.74,10.17,1067736.0,62.9,59.9,60.0,5.814,40808.0,507.0,93060.0,1025381.0,6.396,-0.7249999999999999,-6.068,8.82,0.0,273.7,273.1,275.1,0.772,271.0,0.531,271.0,0.842,273.0,0.002,13.95,2.0,3.0,0.0,0.807,15.05,380.1,379.0,0.0,0.2869999999999999,0.247,0.255,30.69,28.51,0.336,0.0,10.87,-2.208,-1.92,-2.497,-2.29,-2.689,-2.18,-143.9,-2.017,-2.402,30.41,2.292,3.247,3.234,3.247,2.772,2.759,2.32,6526.0,9176.0,9131.0,9311.0,7924.0,7899.0,6399.0,0.8629999999999999,1.223,1.218,1.223,1.044,1.039,0.8740000000000001,0.0,377.0,0.0,60.22,0.0,39.61,0.0,5.0,16.0,0.0,0.0,9.93,13.43,11.3,-3.411,-3.279,0.0,-2.467,278.4,15.43,2.333,3.468,-1.0,0.978,1.5,4901
2016-01-20 16:08:00,10.27,11.44,10.45,1067736.0,62.9,59.9,60.0,6.169,40808.0,507.0,93060.0,1025381.0,6.848,-0.75,-6.042999999999999,9.13,0.0,273.9,273.0,275.1,0.772,271.0,0.531,271.0,0.842,273.0,0.002,13.96,1.0,3.0,0.0,0.7829999999999999,15.13,373.3,370.2,0.0,0.2979999999999999,0.256,0.265,31.75,29.73,0.7329999999999999,0.0,10.87,-2.222,-1.92,-2.5610000000000004,-2.273,-2.689,-2.212,-143.3,-2.017,-2.416,31.63,2.477,3.498,3.5,3.5010000000000003,2.995,2.984,2.504,6526.0,9176.0,9131.0,9311.0,7924.0,7899.0,6399.0,0.913,1.289,1.289,1.29,1.103,1.099,0.922,0.0,368.4,0.0,60.15,0.0,40.55,0.0,5.0,16.0,0.0,0.0,10.27,13.86,11.61,-3.406,-3.253,0.0,-2.459,284.4,6.257000000000001,3.0,3.465,-1.0,1.163,1.6,4901
2016-01-20 16:09:00,10.27,11.44,10.49,1067736.0,62.9,59.9,60.0,6.179,40808.0,507.0,93060.0,1025381.0,6.879,-0.754,-5.995,9.12,0.0,273.7,273.1,275.1,0.772,271.0,0.531,270.9,0.842,273.0,0.002,13.96,1.0,3.0,0.0,0.768,15.02,370.2,369.3,0.0,0.2999999999999999,0.257,0.267,31.8,29.9,0.842,0.0,10.81,-2.208,-1.903,-2.593,-2.255,-2.689,-2.258,-117.4,-2.017,-2.448,31.82,2.492,3.519,3.514,3.526,3.012,3.006,2.512,6526.0,9176.0,9131.0,9311.0,7924.0,7899.0,6399.0,0.916,1.293,1.291,1.295,1.107,1.104,0.923,0.0,367.5,0.0,60.19,0.0,40.57,0.0,5.0,16.0,0.0,0.0,10.23,13.88,11.6,-3.469,-3.216,0.0,-2.4530000000000003,297.9,3.1830000000000003,3.0,3.473,-1.0,1.11,1.4,4901
2016-01-20 16:10:00,10.27,11.42,10.2,1067736.0,62.9,59.9,60.0,6.082000000000001,40809.0,507.0,93060.0,1025381.0,6.722,-0.7440000000000001,-6.035,9.03,0.0,273.4,272.9,274.9,0.772,270.8,0.531,270.7,0.842,273.0,0.002,13.95,1.0,3.0,0.0,0.745,14.98,370.7,369.0,0.0,0.296,0.253,0.263,31.15,29.32,0.69,0.0,10.78,-2.208,-1.92,-2.593,-2.2230000000000003,-2.689,-2.276,-143.9,-2.0340000000000003,-2.466,31.23,2.444,3.452,3.446,3.458,2.952,2.949,2.46,6526.0,9176.0,9131.0,9311.0,7924.0,7899.0,6399.0,0.897,1.267,1.265,1.269,1.084,1.083,0.903,0.0,367.2,0.0,60.14,0.0,40.4,0.0,5.0,16.0,0.0,0.0,10.18,13.74,11.52,-3.489,-3.176,0.0,-2.426,302.4,8.51,2.5,3.474,-1.0,1.077,1.4,4901
2016-01-20 16:11:00,10.27,10.82,10.16,1067736.0,62.9,59.9,60.0,5.909,40809.0,507.0,93060.0,1025381.0,6.49,-0.7309999999999999,-6.061,8.88,0.0,273.2,273.1,275.1,0.772,271.0,0.531,270.9,0.842,273.0,0.002,13.95,2.0,3.0,0.0,0.7309999999999999,14.91,369.8,369.4,0.0,0.288,0.246,0.257,30.3,28.44,0.218,0.0,10.78,-2.208,-1.906,-2.593,-2.226,-2.689,-2.258,-143.4,-2.0980000000000003,-2.498,30.33,2.377,3.346,3.332,3.353,2.873,2.86,2.378,6526.0,9176.0,9131.0,9311.0,7924.0,7899.0,6399.0,0.873,1.229,1.224,1.232,1.056,1.051,0.873,0.0,367.4,0.0,60.15,0.0,40.33,0.0,5.0,16.0,0.0,0.0,10.01,13.52,11.37,-3.506,-3.222,0.0,-2.452,288.8,10.42,2.0,3.473,-1.0,0.773,1.2,4901
2016-01-20 16:12:00,10.11,10.24,10.16,1067736.0,62.9,59.9,60.0,5.7010000000000005,40809.0,507.0,93060.0,1025381.0,6.297000000000001,-0.719,-6.087000000000001,8.76,0.0,273.2,273.0,274.9,0.772,270.5,0.531,270.6,0.842,272.9,0.002,13.95,1.0,3.0,0.0,0.7099999999999999,14.87,370.2,369.1,0.0,0.281,0.241,0.251,29.57,27.65,0.6149999999999999,0.0,10.78,-2.258,-1.906,-2.593,-2.241,-2.689,-2.241,-143.5,-2.081,-2.498,29.54,2.314,3.261,3.25,3.2710000000000004,2.799,2.782,2.321,6526.0,9176.0,9131.0,9311.0,7924.0,7899.0,6399.0,0.849,1.197,1.193,1.2009999999999998,1.027,1.021,0.8519999999999999,0.0,367.1,0.0,60.14,0.0,40.17,0.0,5.0,16.0,0.0,0.0,9.85,13.34,11.24,-3.459,-3.208,0.0,-2.459,285.1,33.95,2.833,3.467,-1.0,0.623,1.1,4901
2016-01-20 16:13:00,10.02,10.24,10.16,1067737.0,62.9,59.9,60.0,5.672000000000001,40809.0,507.0,93060.0,1025381.0,6.187,-0.7129999999999999,-6.087999999999999,8.679999999999998,0.0,273.1,272.8,274.8,0.772,270.2,0.531,270.1,0.842,272.6,0.002,13.96,1.0,3.0,0.0,0.691,14.75,368.4,367.7,0.0,0.2769999999999999,0.238,0.246,29.19,27.2,0.8669999999999999,0.0,10.78,-2.3040000000000003,-1.999,-2.593,-2.305,-2.689,-2.265,-143.5,-2.113,-2.498,29.05,2.281,3.227,3.218,3.2260000000000004,2.758,2.753,2.3,6526.0,9176.0,9131.0,9311.0,7924.0,7899.0,6399.0,0.834,1.18,1.177,1.18,1.008,1.007,0.8409999999999999,0.0,365.7,0.0,60.14,0.0,40.04,0.0,5.0,16.0,0.0,0.0,9.72,13.23,11.2,-3.409,-3.221,0.0,-2.494,263.6,10.05,3.0,3.473,-1.0,1.082,1.7,4901
2016-01-20 16:14:00,9.78,10.24,10.16,1067737.0,62.9,59.9,60.0,5.605,40809.0,507.0,93060.0,1025381.0,6.1610000000000005,-0.7109999999999999,-6.098,8.67,0.0,273.1,272.7,274.6,0.772,270.0,0.531,270.0,0.842,272.0,0.002,13.95,1.0,3.0,0.0,0.6729999999999999,14.74,368.3,366.5,0.0,0.276,0.2369999999999999,0.2439999999999999,29.12,27.09,0.909,0.0,10.78,-2.3040000000000003,-1.967,-2.593,-2.305,-2.689,-2.357,-143.2,-2.113,-2.498,28.97,2.276,3.2310000000000003,3.215,3.228,2.763,2.7510000000000003,2.3,6526.0,9176.0,9131.0,9311.0,7924.0,7899.0,6399.0,0.829,1.177,1.171,1.176,1.007,1.002,0.8379999999999999,0.0,364.4,0.0,60.14,0.0,40.02,0.0,5.0,16.0,0.0,0.0,9.76,13.19,11.19,-3.431,-3.2960000000000003,0.0,-2.523,282.3,16.17,2.833,3.473,-1.0,1.09,1.5,4901
2016-01-20 16:15:00,9.9,10.26,10.16,1067737.0,62.9,59.9,60.0,5.641,40809.0,507.0,93060.0,1025382.0,6.272,-0.719,-6.064,8.72,0.0,273.2,272.5,274.5,0.772,270.0,0.531,270.0,0.842,272.1,0.002,13.95,2.0,3.0,0.0,0.635,14.72,366.0,364.8,0.0,0.2789999999999999,0.241,0.248,29.54,27.39,0.22,0.0,10.78,-2.336,-1.935,-2.657,-2.305,-2.721,-2.276,-143.2,-2.113,-2.576,29.37,2.319,3.29,3.289,3.292,2.815,2.799,2.353,6526.0,9176.0,9131.0,9311.0,7924.0,7899.0,6399.0,0.8409999999999999,1.194,1.193,1.194,1.021,1.015,0.854,0.0,362.9,0.0,60.14,0.0,40.24,0.0,5.0,16.0,0.0,0.0,9.79,13.32,11.22,-3.419,-3.266,0.0,-2.539,301.6,17.24,2.0,3.473,-1.0,1.035,1.4,4901
2016-01-20 16:16:00,10.27,11.14,10.16,1067737.0,62.9,59.9,60.0,6.022,40809.0,507.0,93060.0,1025382.0,6.5760000000000005,-0.7349999999999999,-6.063,8.939999999999998,0.0,274.0,273.9,275.8,0.772,271.5,0.531,271.6,0.842,273.7,0.002,13.95,1.0,3.0,0.0,0.62,14.69,363.8,362.8,0.0,0.291,0.251,0.258,30.77,28.53,0.4139999999999999,0.0,10.7,-2.4,-1.967,-2.657,-2.305,-2.785,-2.3080000000000003,-143.6,-2.13,-2.594,30.58,2.423,3.451,3.448,3.444,2.95,2.932,2.47,6526.0,9176.0,9131.0,9311.0,7924.0,7899.0,6399.0,0.8740000000000001,1.245,1.243,1.242,1.064,1.058,0.8909999999999999,0.0,360.7,0.0,60.15,0.0,40.39,0.0,5.0,16.0,0.0,0.0,10.01,13.58,11.37,-3.4160000000000004,-3.2710000000000004,0.0,-2.575,279.3,12.49,2.333,3.473,-1.0,1.162,1.9,4901
2016-01-20 16:17:00,10.49,11.56,11.13,1067737.0,62.9,59.9,60.0,6.482,40809.0,507.0,93060.0,1025382.0,7.081,-0.762,-6.018,9.29,0.0,274.4,274.0,275.9,0.772,271.6,0.531,271.5,0.842,273.9,0.002,13.96,1.0,3.0,0.0,0.5989999999999999,15.31,362.4,361.5,0.0,0.31,0.267,0.2739999999999999,32.78,30.46,0.907,0.0,10.68,-2.4,-2.016,-2.689,-2.305,-2.785,-2.3080000000000003,-143.6,-2.145,-2.594,32.61,2.593,3.697,3.694,3.689,3.157,3.14,2.647,6526.0,9176.0,9131.0,9311.0,7924.0,7899.0,6399.0,0.932,1.329,1.328,1.3259999999999998,1.135,1.128,0.951,0.0,359.4,0.0,60.15,0.0,42.26,0.0,5.0,16.0,0.0,0.0,10.44,14.06,11.74,-3.4210000000000003,-3.285,0.0,-2.588,279.2,5.966,3.0,3.473,-1.0,1.678,2.0,4901
2016-01-20 16:18:00,11.36,12.52,11.51,1067737.0,62.9,59.9,60.0,7.0920000000000005,40809.0,507.0,93060.0,1025382.0,7.703999999999998,-0.792,-5.93,9.72,0.0,274.2,273.9,276.0,0.772,271.5,0.531,271.2,0.842,273.9,0.002,13.95,1.0,3.0,0.0,0.5839999999999999,16.01,362.5,361.3,0.0,0.3339999999999999,0.2869999999999999,0.296,35.2,32.89,0.819,0.0,10.68,-2.371,-1.967,-2.689,-2.337,-2.785,-2.323,-143.3,-2.209,-2.594,35.11,2.798,3.984,3.98,3.971,3.405,3.385,2.8480000000000003,6526.0,9176.0,9131.0,9311.0,7924.0,7899.0,6399.0,1.006,1.432,1.431,1.4269999999999998,1.224,1.217,1.024,0.0,359.4,0.0,60.15,0.0,44.16,0.0,5.0,16.0,0.0,0.0,10.97,14.65,12.19,-3.448,-3.238,0.0,-2.571,297.5,6.249,2.833,3.473,-1.0,1.332,1.8,4901
2016-01-20 16:19:00,11.72,13.3,12.43,1067737.0,62.9,59.9,60.0,7.672,40809.0,507.0,93060.0,1025382.0,8.24,-0.814,-5.881,10.12,0.0,274.4,273.9,276.0,0.772,271.7,0.531,271.5,0.842,274.0,0.002,13.95,2.0,3.0,0.0,0.564,16.23,362.9,362.0,0.0,0.3549999999999999,0.3039999999999999,0.315,37.2,35.06,0.221,0.0,10.68,-2.365,-1.921,-2.689,-2.319,-2.785,-2.3080000000000003,-143.7,-2.191,-2.594,37.3,2.977,4.224,4.216,4.218,3.615,3.596,3.011,6526.0,9176.0,9131.0,9311.0,7924.0,7899.0,6399.0,1.072,1.52,1.518,1.518,1.301,1.295,1.084,0.0,360.0,0.0,60.15,0.0,44.73,0.0,5.0,16.0,0.0,0.0,11.51,15.14,12.62,-3.455,-3.188,0.0,-2.532,297.9,5.43,2.0,3.473,-1.0,1.375,1.6,4901
2016-01-20 16:20:00,12.26,13.52,12.45,1067738.0,62.9,59.9,60.0,7.8889999999999985,40810.0,507.0,93060.0,1025382.0,8.49,-0.823,-5.855,10.31,0.0,274.7,274.1,276.1,0.772,272.0,0.531,272.0,0.842,274.0,0.002,13.95,1.0,3.0,0.0,0.5429999999999999,16.66,364.6,364.1,0.0,0.3649999999999999,0.313,0.325,38.0,36.09,0.8329999999999999,0.0,10.62,-2.29,-1.953,-2.689,-2.305,-2.785,-2.3080000000000003,-142.8,-2.195,-2.594,38.36,3.048,4.306,4.302,4.313,3.69,3.677,3.068,6526.0,9176.0,9131.0,9311.0,7924.0,7899.0,6399.0,1.103,1.558,1.556,1.56,1.335,1.33,1.11,0.0,361.8,0.0,60.17,0.0,45.69,0.0,5.0,16.0,0.0,0.0,11.74,15.35,12.82,-3.438,-3.1460000000000004,0.0,-2.516,292.5,17.32,3.0,3.473,-1.0,1.323,2.0,4901
2016-01-20 16:21:00,12.13,13.52,12.43,1067738.0,62.9,59.9,60.0,7.851,40810.0,507.0,93060.0,1025382.0,8.439999999999998,-0.823,-5.816,10.25,0.0,274.5,274.1,276.3,0.772,272.0,0.531,271.9,0.842,274.0,0.002,13.96,1.0,3.0,0.0,0.53,16.57,368.3,367.4,0.0,0.3639999999999999,0.311,0.325,37.67,35.92,0.912,0.0,10.59,-2.318,-1.953,-2.657,-2.305,-2.785,-2.3080000000000003,-143.7,-2.191,-2.579,38.24,3.015,4.246,4.24,4.255,3.636,3.638,3.018,6526.0,9176.0,9131.0,9311.0,7924.0,7899.0,6399.0,1.101,1.551,1.5490000000000002,1.554,1.328,1.329,1.102,0.0,365.2,0.0,60.22,0.0,44.98,0.0,5.0,16.0,0.0,0.0,11.63,15.37,12.71,-3.408,-3.222,0.0,-2.532,268.8,8.609999999999998,3.0,3.473,-1.0,1.477,1.8,4901
2016-01-20 16:22:00,11.8,13.32,12.43,1067738.0,62.9,59.9,60.0,7.697,40810.0,507.0,93060.0,1025382.0,8.22,-0.816,-5.823,10.07,0.0,274.6,273.8,276.1,0.772,271.8,0.531,271.1,0.842,274.0,0.0,13.62,1.0,1.0,0.0,0.513,16.45,371.1,370.3,0.0,0.357,0.3039999999999999,0.319,36.77,35.15,0.2979999999999999,0.0,10.59,-2.244,-1.935,-2.66,-2.305,-2.753,-2.3080000000000003,-143.5,-2.145,-2.594,37.41,2.932,4.118,4.104,4.125,3.532,3.531,2.919,6526.0,9176.0,9131.0,9311.0,7924.0,7899.0,6399.0,1.079,1.515,1.51,1.518,1.3,1.3,1.074,0.0,368.0,0.0,60.22,0.0,44.33,0.0,5.0,16.0,0.0,0.0,11.4,15.17,12.52,-3.4360000000000004,-3.259,0.0,-2.52,274.3,7.288999999999999,2.0,3.472,-1.0,1.24,1.6,4901
2016-01-20 16:23:00,11.46,12.58,11.88,1067738.0,62.9,59.9,60.0,7.252,40810.0,507.0,93060.0,1025383.0,7.947,-0.805,-5.862,9.88,0.0,274.8,273.9,276.1,0.772,272.0,0.531,271.6,0.842,274.0,0.004,13.62,1.0,1.0,0.0,0.501,16.46,372.2,370.9,0.0,0.3479999999999999,0.296,0.311,35.74,34.14,0.75,0.001,10.6,-2.258,-1.97,-2.674,-2.305,-2.689,-2.291,-143.6,-2.099,-2.594,36.4,2.837,3.984,3.973,3.995,3.417,3.417,2.825,6526.0,9176.0,9131.0,9311.0,7924.0,7899.0,6399.0,1.047,1.471,1.467,1.475,1.262,1.262,1.043,0.0,369.2,0.0,60.23,0.0,44.23,0.0,5.0,16.0,0.0,0.0,11.12,14.9,12.35,-3.427,-3.273,0.0,-2.512,259.3,15.08,2.833,3.473,-1.0,1.317,1.8,4901
2016-01-20 16:24:00,11.46,12.52,11.32,1067738.0,62.9,59.9,60.0,7.08,40810.0,507.0,93060.0,1025383.0,7.732999999999999,-0.794,-5.929,9.74,0.0,274.8,274.0,276.3,0.772,272.0,0.531,271.7,0.842,274.0,0.002,13.96,1.0,3.0,0.0,0.482,16.45,373.5,372.4,0.0,0.34,0.2899999999999999,0.3039999999999999,34.94,33.26,0.914,0.0,10.62,-2.2230000000000003,-1.953,-2.657,-2.305,-2.785,-2.294,-143.6,-2.177,-2.562,35.57,2.762,3.88,3.869,3.883,3.326,3.33,2.752,6526.0,9176.0,9131.0,9311.0,7924.0,7899.0,6399.0,1.022,1.435,1.431,1.436,1.23,1.232,1.018,0.0,369.9,0.0,60.16,0.0,44.05,0.0,5.0,16.0,0.0,0.0,10.94,14.7,12.18,-3.427,-3.284,0.0,-2.509,256.6,7.125,3.0,3.474,-1.0,1.36,2.0,4901
2016-01-20 16:25:00,11.4,12.5,11.32,1067738.0,62.9,59.9,60.0,7.062,40810.0,507.0,93060.0,1025383.0,7.5539999999999985,-0.785,-5.962000000000001,9.62,0.0,274.8,274.1,276.3,0.772,272.0,0.531,271.9,0.842,274.0,0.002,13.95,1.0,3.0,0.0,0.4629999999999999,16.19,371.6,372.5,0.0,0.3339999999999999,0.2849999999999999,0.2979999999999999,34.28,32.54,0.481,0.0,10.64,-2.336,-1.953,-2.6710000000000003,-2.351,-2.785,-2.3080000000000003,-143.5,-2.177,-2.547,34.88,2.698,3.798,3.811,3.811,3.249,3.257,2.709,6526.0,9176.0,9131.0,9311.0,7924.0,7899.0,6399.0,0.998,1.405,1.409,1.409,1.2009999999999998,1.204,1.002,0.0,369.8,0.0,60.14,0.0,43.58,0.0,5.0,16.0,0.0,0.0,10.82,14.53,12.07,-3.418,-3.281,0.0,-2.521,258.3,8.08,2.333,3.472,-1.0,1.56,2.0,4901
2016-01-20 16:26:00,10.97,11.85,11.32,1067739.0,62.9,59.9,60.0,6.755,40810.0,507.0,93060.0,1025383.0,7.369,-0.778,-5.953,9.47,0.0,274.4,274.1,276.2,0.772,271.9,0.531,272.0,0.842,274.0,0.002,13.95,1.0,3.0,0.0,0.455,15.96,372.2,371.2,0.0,0.327,0.2789999999999999,0.2919999999999999,33.55,31.8,0.317,0.0,10.63,-2.29,-1.953,-2.6710000000000003,-2.351,-2.785,-2.3080000000000003,-143.4,-2.177,-2.498,34.15,2.648,3.725,3.715,3.736,3.19,3.1910000000000003,2.645,6526.0,9176.0,9131.0,9311.0,7924.0,7899.0,6400.0,0.977,1.374,1.371,1.378,1.177,1.177,0.976,0.0,368.9,0.0,60.15,0.0,42.88,0.0,5.0,16.0,0.0,0.0,10.66,14.34,11.86,-3.439,-3.268,0.0,-2.518,271.6,5.812,2.333,3.472,-1.0,1.195,1.6,4901
2016-01-20 16:27:00,10.49,11.45,11.27,1067739.0,62.9,59.9,60.0,6.494,40810.0,507.0,93060.0,1025383.0,7.136,-0.7659999999999999,-5.996,9.32,0.0,274.5,273.9,276.0,0.772,271.4,0.531,271.6,0.842,274.0,0.002,13.96,1.0,3.0,0.0,0.436,15.44,372.0,371.0,0.0,0.318,0.271,0.2839999999999999,32.66,30.91,0.915,0.0,10.65,-2.255,-1.967,-2.66,-2.305,-2.785,-2.3080000000000003,-143.7,-2.114,-2.498,33.27,2.564,3.608,3.623,3.637,3.092,3.093,2.5780000000000003,6526.0,9176.0,9131.0,9311.0,7925.0,7899.0,6400.0,0.946,1.332,1.337,1.342,1.141,1.141,0.952,0.0,369.1,0.0,60.14,0.0,41.51,0.0,5.0,16.0,0.0,0.0,10.48,14.13,11.72,-3.408,-3.214,0.0,-2.509,269.9,7.934999999999999,3.0,3.473,-1.0,1.083,1.6,4901
2016-01-20 16:28:00,10.27,11.44,10.51,1067739.0,62.9,59.9,60.0,6.211,40810.0,507.0,93060.0,1025383.0,6.876,-0.752,-6.034,9.15,0.0,274.5,273.8,276.0,0.772,271.4,0.531,271.4,0.842,274.0,0.001,13.92,1.0,3.0,0.0,0.4179999999999999,15.05,371.4,371.1,0.0,0.308,0.263,0.275,31.69,29.91,0.903,0.0,10.58,-2.266,-1.984,-2.639,-2.322,-2.785,-2.3080000000000003,-143.7,-2.114,-2.498,32.27,2.49,3.4960000000000004,3.505,3.515,3.0,2.995,2.496,6526.0,9176.0,9131.0,9311.0,7925.0,7899.0,6400.0,0.919,1.29,1.293,1.297,1.107,1.105,0.921,0.0,369.0,0.0,60.13,0.0,40.52,0.0,5.0,16.0,0.0,0.0,10.26,13.89,11.58,-3.373,-3.204,0.0,-2.511,268.9,7.151,3.0,3.473,-1.0,1.167,1.7,4901
2016-01-20 16:29:00,10.27,11.44,10.16,1067739.0,62.9,59.9,60.0,6.112,40810.0,507.0,93060.0,1025383.0,6.654,-0.7390000000000001,-6.067,9.01,0.0,274.5,274.0,276.1,0.772,271.8,0.531,271.7,0.842,274.0,0.003,13.92,1.0,3.0,0.0,0.411,15.0,371.9,370.8,0.0,0.2999999999999999,0.257,0.268,30.84,29.02,0.3289999999999999,0.0,10.57,-2.287,-1.953,-2.625,-2.351,-2.785,-2.3080000000000003,-143.6,-2.148,-2.498,31.37,2.421,3.4130000000000003,3.409,3.425,2.918,2.9210000000000003,2.43,6526.0,9176.0,9131.0,9311.0,7925.0,7899.0,6400.0,0.892,1.257,1.255,1.261,1.075,1.0759999999999998,0.895,0.0,368.2,0.0,60.15,0.0,40.34,0.0,5.0,16.0,0.0,0.0,10.09,13.67,11.45,-3.354,-3.245,0.0,-2.516,278.4,8.46,2.0,3.473,-1.0,1.335,2.0,4901
2016-01-20 16:30:00,10.27,11.1,10.16,1067739.0,62.9,59.9,60.0,6.017,40811.0,507.0,93060.0,1025383.0,6.497999999999999,-0.7299999999999999,-6.081,8.9,0.0,274.3,274.0,276.1,0.772,271.4,0.531,271.8,0.842,274.0,0.002,13.95,2.0,3.0,0.0,0.3929999999999999,14.91,369.8,369.4,0.0,0.2949999999999999,0.253,0.263,30.27,28.38,0.515,0.0,10.56,-2.287,-1.988,-2.6710000000000003,-2.386,-2.785,-2.3080000000000003,-143.8,-2.114,-2.579,30.68,2.376,3.353,3.344,3.358,2.872,2.863,2.383,6526.0,9176.0,9131.0,9311.0,7925.0,7899.0,6400.0,0.872,1.231,1.227,1.232,1.054,1.051,0.875,0.0,367.0,0.0,60.14,0.0,40.34,0.0,5.0,16.0,0.0,0.0,9.98,13.53,11.32,-3.394,-3.232,0.0,-2.523,280.3,21.53,2.667,3.47,-1.0,1.153,1.8,4901
2016-01-20 16:31:00,10.11,10.32,10.16,1067739.0,62.9,59.9,60.0,5.757000000000001,40811.0,507.0,93060.0,1025384.0,6.379,-0.7229999999999999,-6.095,8.82,0.0,274.4,273.9,276.0,0.772,271.5,0.531,271.7,0.842,274.0,0.002,13.96,1.0,3.0,0.0,0.375,14.87,369.1,368.5,0.0,0.291,0.25,0.259,29.82,27.87,0.844,0.0,10.56,-2.319,-1.97,-2.689,-2.401,-2.785,-2.3080000000000003,-143.5,-2.114,-2.53,30.15,2.333,3.3,3.321,3.326,2.824,2.813,2.366,6526.0,9176.0,9131.0,9311.0,7925.0,7899.0,6400.0,0.8549999999999999,1.209,1.217,1.219,1.035,1.031,0.8669999999999999,0.0,366.5,0.0,60.16,0.0,40.28,0.0,5.0,16.0,0.0,0.0,9.86,13.4,11.27,-3.381,-3.2060000000000004,0.0,-2.513,301.2,10.19,3.0,3.472,-1.0,1.187,1.7,4901
2016-01-20 16:32:00,10.08,10.24,10.16,1067739.0,62.9,59.9,60.0,5.729,40811.0,507.0,93060.0,1025384.0,6.268,-0.7159999999999999,-6.11,8.75,0.0,274.4,274.0,276.1,0.772,271.7,0.531,271.7,0.842,274.0,0.002,13.95,1.0,3.0,0.0,0.371,14.82,368.6,367.9,0.0,0.288,0.247,0.256,29.43,27.42,0.909,0.0,10.54,-2.276,-2.002,-2.689,-2.401,-2.785,-2.3080000000000003,-144.2,-2.114,-2.594,29.64,2.306,3.257,3.254,3.266,2.793,2.778,2.324,6526.0,9176.0,9131.0,9311.0,7925.0,7899.0,6400.0,0.8429999999999999,1.1909999999999998,1.19,1.194,1.021,1.016,0.8499999999999999,0.0,365.7,0.0,60.14,0.0,40.21,0.0,5.0,16.0,0.0,0.0,9.77,13.3,11.21,-3.41,-3.189,0.0,-2.512,293.7,10.3,2.833,3.47,-1.0,1.257,1.7,4901
2016-01-20 16:33:00,9.65,10.24,10.16,1067740.0,62.9,59.9,60.0,5.606,40811.0,507.0,93060.0,1025384.0,6.138,-0.7079999999999999,-6.131,8.679999999999998,0.0,274.7,273.8,276.0,0.772,271.6,0.531,271.4,0.842,274.0,0.002,13.95,2.0,3.0,0.0,0.352,14.72,369.3,367.2,0.0,0.283,0.2439999999999999,0.252,28.94,26.86,0.22,0.0,10.55,-2.3040000000000003,-2.016,-2.689,-2.401,-2.785,-2.3080000000000003,-143.8,-2.128,-2.594,29.09,2.262,3.217,3.21,3.212,2.74,2.738,2.294,6526.0,9176.0,9131.0,9311.0,7925.0,7899.0,6400.0,0.8259999999999998,1.175,1.172,1.173,1.0,1.0,0.8379999999999999,0.0,365.2,0.0,60.14,0.0,39.87,0.0,5.0,16.0,0.0,0.0,9.66,13.19,11.19,-3.389,-3.153,0.0,-2.491,290.7,10.13,2.0,3.472,-1.0,0.815,1.0,4901
2016-01-20 16:34:00,9.07,10.24,10.16,1067740.0,62.9,59.9,60.0,5.4510000000000005,40811.0,507.0,93060.0,1025384.0,6.016,-0.6999999999999998,-6.138999999999999,8.599999999999998,0.0,274.8,274.1,276.2,0.772,272.0,0.531,271.9,0.842,274.0,0.002,13.95,2.0,3.0,0.0,0.3379999999999999,14.48,367.5,366.6,0.0,0.2789999999999999,0.2399999999999999,0.248,28.46,26.38,0.529,0.0,10.51,-2.269,-1.97,-2.689,-2.401,-2.785,-2.3080000000000003,-143.9,-2.114,-2.594,28.53,2.226,3.161,3.155,3.1630000000000003,2.705,2.69,2.26,6526.0,9176.0,9131.0,9311.0,7925.0,7899.0,6400.0,0.8109999999999999,1.152,1.15,1.152,0.986,0.98,0.824,0.0,364.4,0.0,60.22,0.0,39.42,0.0,5.0,16.0,0.0,0.0,9.55,13.1,11.11,-3.394,-3.145,0.0,-2.501,316.2,19.04,2.667,3.473,-1.0,0.557,1.1,4901
2016-01-20 16:35:00,9.090000000000002,10.24,10.16,1067740.0,62.9,59.9,60.0,5.457999999999999,40811.0,507.0,93060.0,1025384.0,5.941,-0.694,-6.162000000000001,8.56,0.0,274.7,274.0,276.2,0.772,272.0,0.531,271.7,0.842,274.0,0.002,13.96,1.0,3.0,0.0,0.33,14.34,367.4,366.3,0.0,0.275,0.238,0.245,28.28,26.07,0.7909999999999999,0.0,10.49,-2.316,-2.031,-2.689,-2.322,-2.785,-2.3080000000000003,-143.7,-2.114,-2.594,28.19,2.199,3.129,3.128,3.133,2.679,2.659,2.242,6526.0,9176.0,9131.0,9311.0,7925.0,7899.0,6400.0,0.8009999999999999,1.14,1.139,1.141,0.975,0.968,0.816,0.0,364.2,0.0,60.21,0.0,39.04,0.0,5.0,16.0,0.0,0.0,9.5,13.03,11.1,-3.395,-3.141,0.0,-2.51,320.5,15.18,3.0,3.472,-1.0,0.697,1.0,4901
2016-01-20 16:36:00,9.090000000000002,10.24,10.16,1067740.0,62.9,59.9,60.0,5.4510000000000005,40811.0,507.0,93060.0,1025384.0,5.933,-0.695,-6.146,8.54,0.0,274.4,273.8,276.0,0.772,271.2,0.531,271.1,0.842,274.0,0.002,13.96,1.0,3.0,0.0,0.316,14.33,366.2,365.3,0.0,0.2739999999999999,0.238,0.2429999999999999,28.28,26.0,0.8959999999999999,0.0,10.49,-2.319,-2.045,-2.689,-2.401,-2.785,-2.3080000000000003,-144.2,-2.114,-2.594,28.12,2.198,3.136,3.133,3.129,2.679,2.662,2.246,6526.0,9176.0,9131.0,9311.0,7925.0,7899.0,6400.0,0.7979999999999999,1.139,1.138,1.136,0.973,0.967,0.816,0.0,363.1,0.0,60.23,0.0,39.13,0.0,5.0,16.0,0.0,0.0,9.5,13.02,11.05,-3.38,-3.129,0.0,-2.513,289.2,14.24,3.0,3.472,-1.0,1.108,1.9,4901
2016-01-20 16:37:00,9.04,10.24,10.16,1067740.0,62.9,59.9,60.0,5.438,40811.0,507.0,93060.0,1025384.0,5.971,-0.698,-6.131,8.56,0.0,274.5,273.9,276.0,0.772,271.4,0.531,271.3,0.842,274.0,0.002,13.95,2.0,3.0,0.0,0.3049999999999999,14.37,365.5,364.1,0.0,0.276,0.2399999999999999,0.245,28.36,26.08,0.271,0.0,10.49,-2.319,-2.0340000000000003,-2.689,-2.401,-2.802,-2.326,-144.1,-2.178,-2.594,28.22,2.213,3.158,3.156,3.157,2.701,2.68,2.264,6526.0,9176.0,9131.0,9311.0,7925.0,7899.0,6400.0,0.802,1.144,1.143,1.144,0.979,0.971,0.82,0.0,362.3,0.0,60.21,0.0,39.31,0.0,5.0,16.0,0.0,0.0,9.5,13.06,11.04,-3.381,-3.156,0.0,-2.567,270.4,12.1,2.0,3.473,-1.0,1.335,1.8,4901
2016-01-20 16:38:00,9.0,10.24,10.16,1067740.0,62.9,59.9,60.0,5.425,40811.0,507.0,93060.0,1025384.0,6.013999999999999,-0.699,-6.155,8.609999999999998,0.0,274.5,273.9,275.9,0.772,271.7,0.531,271.2,0.842,274.0,0.002,13.95,2.0,3.0,0.0,0.2869999999999999,14.5,364.7,364.2,0.0,0.2769999999999999,0.2399999999999999,0.247,28.49,26.26,0.4679999999999999,0.0,10.49,-2.319,-2.148,-2.721,-2.45,-2.881,-2.404,-143.3,-2.21,-2.594,28.38,2.228,3.18,3.177,3.174,2.716,2.699,2.28,6526.0,9176.0,9131.0,9311.0,7925.0,7899.0,6400.0,0.8059999999999999,1.151,1.15,1.149,0.983,0.977,0.8249999999999998,0.0,361.9,0.0,60.15,0.0,39.76,0.0,5.0,16.0,0.0,0.0,9.57,13.09,11.11,-3.38,-3.154,0.0,-2.602,260.6,6.039,2.667,3.473,-1.0,1.523,1.8,4901
2016-01-20 16:39:00,9.090000000000002,10.24,10.16,1067740.0,62.9,59.9,60.0,5.449,40812.0,507.0,93060.0,1025384.0,6.018,-0.6999999999999998,-6.143,8.599999999999998,0.0,274.6,273.6,275.7,0.772,271.2,0.531,271.0,0.842,273.9,0.002,13.96,1.0,3.0,0.0,0.2849999999999999,14.5,365.4,363.8,0.0,0.2769999999999999,0.2399999999999999,0.247,28.47,26.3,0.805,0.0,10.48,-2.336,-2.113,-2.785,-2.497,-2.881,-2.404,-143.7,-2.21,-2.594,28.47,2.234,3.184,3.177,3.179,2.717,2.705,2.278,6526.0,9176.0,9131.0,9311.0,7925.0,7899.0,6400.0,0.8079999999999999,1.151,1.149,1.15,0.983,0.978,0.824,0.0,361.7,0.0,60.14,0.0,39.69,0.0,5.0,16.0,0.0,0.0,9.58,13.09,11.1,-3.414,-3.15,0.0,-2.6210000000000004,264.5,6.331,3.0,3.473,-1.0,1.293,1.8,4901
2016-01-20 16:40:00,8.97,10.24,10.16,1067741.0,62.9,59.9,60.0,5.417000000000001,40812.0,507.0,93060.0,1025384.0,5.949,-0.694,-6.165,8.57,0.0,274.4,273.9,275.8,0.772,271.2,0.531,271.4,0.842,273.9,0.002,13.96,1.0,3.0,0.0,0.266,14.35,364.9,363.9,0.0,0.2739999999999999,0.2369999999999999,0.2439999999999999,28.19,26.02,0.924,0.0,10.41,-2.351,-2.141,-2.785,-2.497,-2.881,-2.44,-143.2,-2.21,-2.6260000000000003,28.23,2.213,3.142,3.14,3.151,2.697,2.675,2.252,6526.0,9176.0,9131.0,9311.0,7925.0,7900.0,6400.0,0.8009999999999999,1.137,1.136,1.14,0.976,0.968,0.815,0.0,361.8,0.0,60.14,0.0,39.34,0.0,5.0,16.0,0.0,0.0,9.55,13.02,11.07,-3.402,-3.136,0.0,-2.6180000000000003,250.4,28.88,3.0,3.473,-1.0,0.658,1.1,4901
2016-01-20 16:41:00,6.513,7.511,7.264999999999999,1067741.0,62.9,59.9,60.0,3.902,40812.0,507.0,93060.0,1025384.0,4.176,-0.4929999999999999,-6.9270000000000005,8.609999999999998,0.0,274.4,273.7,275.7,0.772,271.1,0.531,271.1,0.842,273.5,0.002,13.95,1.0,3.0,0.0,0.255,10.26,381.7,380.5,0.0,0.266,0.231,0.238,27.46,25.44,0.4189999999999999,0.0,10.4,-2.319,-2.162,-2.785,-2.497,-2.881,-2.483,-92.1,-2.21,-2.594,27.65,1.571,2.189,2.189,2.251,1.872,1.869,1.602,6526.0,9176.0,9131.0,9311.0,7925.0,7900.0,6400.0,0.57,0.792,0.7929999999999999,0.819,0.677,0.677,0.582,0.0,379.5,0.0,60.15,0.0,28.05,0.0,4.717,16.0,0.0,0.0,9.89,12.5,11.1,-3.34,-3.177,0.0,-2.623,267.7,50.66,2.167,3.472,-1.0,0.322,0.9,4901
2016-01-20 16:42:00,4.598,4.695,4.624,1067741.0,62.9,59.9,60.0,2.402,40812.0,507.0,93060.0,1025385.0,2.514,-0.31,-7.628999999999999,8.519999999999998,0.0,274.4,273.7,275.8,0.772,271.1,0.531,271.1,0.842,273.7,0.002,13.95,2.0,3.0,0.0,0.246,7.599,407.0,405.7,0.0,0.255,0.221,0.2289999999999999,26.37,24.48,0.4089999999999999,0.0,10.4,-2.322,-2.162,-2.785,-2.497,-2.881,-2.404,-143.2,-2.21,-2.594,26.7,1.022,1.362,1.361,1.477,1.1740000000000002,1.172,1.032,6526.0,9176.0,9131.0,9311.0,7925.0,7900.0,6400.0,0.397,0.527,0.527,0.5749999999999998,0.455,0.4539999999999999,0.402,0.0,403.4,0.0,60.14,0.0,19.43,0.0,4.55,16.0,0.0,0.0,10.08,11.97,11.09,-3.295,-3.172,0.0,-2.619,294.9,60.07,2.5,3.472,-1.0,0.4929999999999999,1.0,4901
2016-01-20 16:43:00,5.19,5.51,5.325,1067741.0,62.9,59.9,60.0,2.667,40812.0,507.0,93060.0,1025385.0,2.9160000000000004,-0.3649999999999999,-7.391,8.349999999999998,0.0,274.2,273.7,275.9,0.772,271.0,0.531,271.0,0.842,273.9,0.002,13.96,1.0,3.0,0.0,0.231,9.21,402.0,401.1,0.0,0.2419999999999999,0.2099999999999999,0.218,25.08,23.26,0.7809999999999999,0.0,10.4,-2.336,-2.145,-2.785,-2.497,-2.881,-2.404,-143.6,-2.21,-2.594,25.54,1.139,1.5530000000000002,1.543,1.629,1.325,1.336,1.148,6526.0,9176.0,9131.0,9311.0,7925.0,7900.0,6400.0,0.442,0.6009999999999999,0.5969999999999999,0.632,0.513,0.517,0.446,0.0,399.2,0.0,60.16,0.0,23.62,0.0,4.65,16.0,0.0,0.0,9.73,11.92,10.97,-3.2880000000000003,-3.153,0.0,-2.613,209.6,73.65,3.0,3.473,-1.0,0.222,0.5,4901
2016-01-20 16:44:00,4.737,5.171,4.804,1067741.0,62.9,59.9,60.0,2.347,40812.0,507.0,93060.0,1025385.0,2.673,-0.34,-7.452,8.29,0.0,274.3,273.8,276.0,0.772,271.4,0.531,271.0,0.842,274.0,0.002,13.95,1.0,3.0,0.0,0.221,8.84,401.2,400.1,0.0,0.23,0.1989999999999999,0.2069999999999999,23.85,22.08,0.8429999999999999,0.0,10.4,-2.333,-2.2230000000000003,-2.785,-2.497,-2.881,-2.419,-122.2,-2.21,-2.594,24.37,1.0590000000000002,1.436,1.44,1.529,1.229,1.24,1.074,6526.0,9176.0,9131.0,9311.0,7925.0,7900.0,6400.0,0.4079999999999999,0.5529999999999999,0.5539999999999999,0.5909999999999999,0.4729999999999999,0.477,0.4149999999999999,0.0,398.1,0.0,60.15,0.0,22.76,0.0,4.633,16.0,0.0,0.0,9.65,11.81,10.94,-3.227,-3.0860000000000003,0.0,-2.62,162.1,79.01,2.833,3.473,-1.0,0.188,0.5999999999999999,4901
2016-01-20 16:45:00,4.691,4.773,4.655,1067741.0,62.9,59.9,60.0,2.134,40812.0,507.0,93060.0,1025385.0,2.5660000000000003,-0.33,-7.457,8.21,0.0,274.5,273.9,276.0,0.772,271.3,0.531,271.6,0.842,274.0,0.002,13.95,2.0,3.0,0.0,0.2049999999999999,8.859999999999998,399.2,399.1,0.0,0.218,0.1889999999999999,0.1969999999999999,22.7,20.97,0.218,0.0,10.36,-2.333,-2.209,-2.785,-2.497,-2.881,-2.486,-143.8,-2.238,-2.594,23.28,1.037,1.413,1.392,1.484,1.205,1.221,1.034,6526.0,9176.0,9131.0,9311.0,7925.0,7900.0,6400.0,0.3989999999999999,0.542,0.534,0.572,0.462,0.4689999999999999,0.3979999999999999,0.0,396.6,0.0,60.15,0.0,22.93,0.0,4.65,16.0,0.0,0.0,9.51,11.76,10.88,-3.178,-3.029,0.0,-2.597,270.6,54.07,2.0,3.473,-1.0,0.1499999999999999,0.2999999999999999,4901
2016-01-20 16:46:00,4.57,4.57,4.535,1067741.0,62.9,59.9,60.0,2.057,40812.0,507.0,93060.0,1025385.0,2.315,-0.3009999999999999,-7.542,8.179999999999998,0.0,274.5,273.9,275.9,0.772,271.2,0.531,271.6,0.842,274.0,0.002,13.95,1.0,3.0,0.0,0.203,8.33,398.9,397.5,0.0,0.206,0.1789999999999999,0.187,21.63,19.91,0.527,0.0,10.3,-2.305,-2.209,-2.785,-2.45,-2.881,-2.483,-117.4,-2.21,-2.594,22.23,0.949,1.268,1.262,1.36,1.093,1.102,0.944,6526.0,9176.0,9131.0,9311.0,7925.0,7900.0,6400.0,0.3639999999999999,0.4849999999999999,0.482,0.522,0.4179999999999999,0.422,0.362,0.0,396.6,0.0,60.12,0.0,21.6,0.0,4.617,16.0,0.0,0.0,9.52,11.65,10.86,-3.151,-3.084,0.0,-2.584,209.7,77.4,2.667,3.473,-1.0,0.203,0.4,4901
2016-01-20 16:47:00,3.659,3.729,3.63,1067741.0,62.9,59.9,60.0,1.638,40812.0,507.0,93060.0,1025385.0,1.6969999999999998,-0.2239999999999999,-7.8279999999999985,8.279999999999998,0.0,274.2,273.9,275.9,0.772,271.0,0.531,271.5,0.842,274.0,0.002,13.95,1.0,3.0,0.0,0.182,6.537000000000001,402.3,401.7,0.0,0.195,0.1689999999999999,0.1769999999999999,20.39,18.75,0.875,0.0,10.3,-2.354,-2.287,-2.785,-2.418,-2.881,-2.404,-117.2,-2.21,-2.594,21.08,0.746,0.989,1.01,1.0759999999999998,0.8309999999999998,0.8679999999999999,0.764,6526.0,9176.0,9131.0,9311.0,7925.0,7900.0,6400.0,0.286,0.377,0.386,0.4129999999999999,0.317,0.332,0.2929999999999999,0.0,399.3,0.0,60.13,0.0,16.97,0.0,4.517,16.0,0.0,0.0,9.74,11.56,10.94,-3.082,-3.168,0.0,-2.647,170.6,30.89,2.833,3.473,-1.0,0.2919999999999999,0.6999999999999998,4901
2016-01-20 16:48:00,3.4160000000000004,3.729,3.214,1067741.0,62.9,59.9,60.0,1.454,40813.0,507.0,93060.0,1025385.0,1.546,-0.2069999999999999,-7.871,8.25,0.0,274.3,273.8,275.8,0.772,271.0,0.531,271.4,0.842,273.7,0.002,13.95,2.0,3.0,0.0,0.181,6.456,401.0,400.2,0.0,0.181,0.157,0.165,18.98,17.45,0.218,0.0,10.3,-2.45,-2.305,-2.785,-2.497,-2.881,-2.501,-143.7,-2.274,-2.594,19.71,0.704,0.933,0.928,1.009,0.7929999999999999,0.8249999999999998,0.7049999999999998,6526.0,9176.0,9131.0,9311.0,7925.0,7900.0,6400.0,0.27,0.3549999999999999,0.3529999999999999,0.387,0.3019999999999999,0.315,0.27,0.0,398.2,0.0,60.14,0.0,16.8,0.0,4.517,16.0,0.0,0.0,9.71,11.49,10.94,-3.06,-3.229,0.0,-2.7,213.9,16.3,2.0,3.47,-1.0,0.752,1.0,4901
2016-01-20 16:49:00,2.963,3.3710000000000004,2.794,1067741.0,62.9,59.9,60.0,1.02,40813.0,507.0,93060.0,1025385.0,1.4680000000000002,-0.1989999999999999,-7.802,8.12,0.0,273.9,273.6,275.6,0.772,271.0,0.531,271.0,0.842,273.0,0.002,13.95,2.0,3.0,0.0,0.163,6.682,398.7,397.7,0.0,0.166,0.143,0.151,17.35,15.88,0.391,0.0,10.3,-2.465,-2.401,-2.834,-2.497,-2.881,-2.501,-122.1,-2.306,-2.594,18.07,0.7029999999999998,0.93,0.927,1.006,0.795,0.824,0.696,6526.0,9176.0,9131.0,9311.0,7925.0,7900.0,6400.0,0.268,0.3529999999999999,0.352,0.384,0.3019999999999999,0.314,0.266,0.0,395.1,0.0,60.14,0.0,17.42,0.0,4.567,16.0,0.0,0.0,9.51,11.44,10.9,-3.0610000000000004,-3.265,0.0,-2.739,220.3,32.87,2.5,3.473,-1.0,0.378,0.8,4901
2016-01-20 16:50:00,3.338,3.32,3.302,1067741.0,62.9,59.9,60.0,0.978,40813.0,507.0,93060.0,1025385.0,1.49,-0.2039999999999999,-7.657,7.928,0.0,274.0,273.5,275.5,0.772,271.0,0.531,271.0,0.842,273.1,0.002,13.96,1.0,3.0,0.0,0.16,7.325,393.3,392.5,0.0,0.148,0.127,0.136,15.46,14.07,0.805,0.0,10.3,-2.511,-2.401,-2.881,-2.497,-2.881,-2.501,-70.39,-2.387,-2.594,16.21,0.724,0.956,0.95,1.02,0.832,0.8449999999999999,0.7029999999999998,6526.0,9176.0,9131.0,9311.0,7925.0,7900.0,6400.0,0.275,0.362,0.3589999999999999,0.387,0.315,0.32,0.266,0.0,390.3,0.0,60.15,0.0,19.19,0.0,4.65,16.0,0.0,0.0,9.16,11.33,10.83,-3.054,-3.252,0.0,-2.765,192.9,64.02,3.0,3.473,-1.0,0.1449999999999999,0.4,4901
2016-01-20 16:51:00,3.252,3.234,3.217,1067741.0,62.9,59.9,60.0,0.954,40813.0,507.0,93060.0,1025385.0,1.164,-0.161,-7.746,7.923999999999999,0.0,274.2,273.6,275.5,0.772,271.0,0.531,271.0,0.842,273.0,0.002,13.95,1.0,3.0,0.0,0.1449999999999999,6.892,391.8,390.6,0.0,0.129,0.1119999999999999,0.119,13.64,12.23,0.573,0.0,10.3,-2.514,-2.482,-2.881,-2.497,-2.898,-2.518,-92.0,-2.402,-2.594,14.34,0.6179999999999999,0.816,0.809,0.8679999999999999,0.7049999999999998,0.7269999999999999,0.6019999999999999,6526.0,9176.0,9131.0,9311.0,7925.0,7900.0,6400.0,0.233,0.307,0.3039999999999999,0.327,0.265,0.2739999999999999,0.2269999999999999,0.0,388.5,0.0,60.15,0.0,18.15,0.0,4.633,16.0,0.0,0.0,9.16,11.25,10.88,-3.0660000000000003,-3.189,0.0,-2.767,175.2,26.51,2.333,3.473,-1.0,0.2,0.4,4901
2016-01-20 16:52:00,3.338,3.32,3.302,1067741.0,62.9,59.9,60.0,0.98,40813.0,507.0,93060.0,1025385.0,0.942,-0.131,-7.766,7.882,0.0,274.3,273.6,275.6,0.772,271.0,0.531,271.0,0.842,273.1,0.002,13.95,2.0,3.0,0.0,0.136,6.94,388.7,387.9,0.0,0.113,0.098,0.105,12.0,10.58,0.2189999999999999,0.0,10.3,-2.5610000000000004,-2.497,-2.881,-2.5610000000000004,-2.962,-2.597,-118.0,-2.402,-2.69,12.64,0.551,0.7340000000000001,0.7229999999999999,0.778,0.628,0.653,0.536,6526.0,9176.0,9131.0,9311.0,7925.0,7900.0,6400.0,0.206,0.2739999999999999,0.27,0.2919999999999999,0.2349999999999999,0.2439999999999999,0.201,0.0,385.5,0.0,60.14,0.0,18.41,0.0,4.65,16.0,0.0,0.0,9.06,11.18,10.94,-3.049,-3.2460000000000004,0.0,-2.834,219.8,24.79,2.0,3.472,-1.0,0.668,1.2,4901
2016-01-20 16:53:00,2.739,3.149,2.116,1067741.0,62.9,59.9,60.0,0.6149999999999999,40813.0,507.0,93060.0,1025385.0,0.6659999999999999,-0.093,-7.88,7.947999999999999,0.0,274.2,273.6,275.7,0.772,271.0,0.531,271.0,0.842,273.3,0.002,13.95,2.0,3.0,0.0,0.118,6.195,387.6,386.7,0.0,0.1,0.0869999999999999,0.093,10.61,9.16,0.675,0.0,10.3,-2.607,-2.593,-2.977,-2.607,-3.0410000000000004,-2.632,-122.4,-2.434,-2.7710000000000004,11.22,0.45,0.5849999999999999,0.5839999999999999,0.636,0.512,0.525,0.44,6526.0,9176.0,9131.0,9311.0,7925.0,7900.0,6400.0,0.168,0.217,0.217,0.2369999999999999,0.19,0.195,0.1639999999999999,0.0,385.1,0.0,60.15,0.0,16.53,0.0,4.6,16.0,0.0,0.0,9.14,11.15,11.01,-3.095,-3.234,0.0,-2.891,225.3,29.22,3.0,3.473,-1.0,0.665,1.2,4901
2016-01-20 16:54:00,2.14,2.639,0.0,1067741.0,62.9,59.9,60.0,0.031,40813.0,507.0,93060.0,1025385.0,0.395,-0.057,-8.08,8.12,0.0,274.1,273.6,275.6,0.772,271.0,0.531,271.0,0.842,273.1,0.002,13.96,1.0,3.0,0.0,0.1169999999999999,4.852,389.2,388.0,0.0,0.089,0.0769999999999999,0.083,9.590000000000002,8.099999999999998,0.8659999999999999,0.0,10.3,-2.689,-2.593,-3.026,-2.6710000000000003,-3.055,-2.675,-101.3,-2.498,-2.786,10.07,0.351,0.45,0.4479999999999999,0.497,0.395,0.4079999999999999,0.3449999999999999,6526.0,9176.0,9131.0,9311.0,7925.0,7900.0,6400.0,0.13,0.166,0.165,0.185,0.1459999999999999,0.151,0.128,0.0,385.9,0.0,60.14,0.0,12.99,0.0,4.517,16.0,0.0,0.0,9.47,11.17,11.13,-3.07,-3.249,0.0,-2.962,155.8,38.8,3.0,3.473,-1.0,0.54,1.0,4901
2016-01-20 16:55:00,1.626,2.468,0.0,1067741.0,62.9,59.9,60.0,0.023,40814.0,507.0,93060.0,1025385.0,0.313,-0.0449999999999999,-8.109999999999998,8.14,0.0,273.9,273.6,275.6,0.772,271.0,0.531,271.0,0.842,273.0,0.002,13.95,1.0,3.0,0.0,0.1019999999999999,4.766,387.4,386.2,0.0,0.081,0.07,0.0749999999999999,8.75,7.207,0.3379999999999999,0.0,10.3,-2.721,-2.674,-3.073,-2.689,-3.073,-2.693,-71.01,-2.562,-2.786,9.15,0.319,0.412,0.4149999999999999,0.4579999999999999,0.362,0.377,0.322,6526.0,9176.0,9131.0,9311.0,7925.0,7900.0,6400.0,0.118,0.151,0.153,0.17,0.133,0.139,0.119,0.0,384.0,0.0,60.14,0.0,12.82,0.0,4.517,16.0,0.0,0.0,9.52,11.21,11.13,-3.075,-3.2880000000000003,0.0,-3.0210000000000004,130.4,17.06,2.0,3.472,-1.0,1.187,2.0,4901
2016-01-20 16:56:00,0.4279999999999999,0.34,0.0,1067741.0,62.9,59.9,60.0,0.003,40814.0,507.0,93060.0,1025385.0,0.266,-0.0379999999999999,-8.12,8.14,0.0,274.5,274.2,276.3,0.772,271.9,0.531,271.9,0.842,273.9,0.002,13.95,1.0,3.0,0.0,0.0919999999999999,5.0280000000000005,384.6,384.1,0.0,0.074,0.065,0.069,8.029999999999998,6.466,0.4139999999999999,0.0,10.3,-2.785,-2.738,-3.073,-2.738,-3.105,-2.789,-144.0,-2.611,-2.85,8.41,0.316,0.4239999999999999,0.4289999999999999,0.456,0.357,0.38,0.326,6526.0,9176.0,9131.0,9311.0,7925.0,7900.0,6400.0,0.1169999999999999,0.156,0.158,0.168,0.131,0.14,0.12,0.0,381.3,0.0,60.17,0.0,13.58,0.0,4.567,16.0,0.0,0.0,9.46,11.22,11.22,-3.18,-3.282,0.0,-3.071,190.9,16.04,2.333,3.473,-1.0,1.427,1.8,4901
2016-01-20 16:57:00,0.342,0.255,0.0,1067741.0,62.9,59.9,60.0,0.004,40814.0,507.0,93060.0,1025385.0,0.26,-0.037,-8.01,8.019999999999998,0.0,274.5,274.2,276.3,0.772,271.9,0.531,272.0,0.842,274.0,0.002,13.96,1.0,3.0,0.0,0.074,5.771,380.5,379.4,0.0,0.068,0.059,0.063,7.3889999999999985,5.835,0.919,0.0,10.3,-2.881,-2.785,-3.137,-2.785,-3.151,-2.807,-96.7,-2.643,-2.899,7.763,0.327,0.435,0.437,0.471,0.379,0.389,0.332,6526.0,9176.0,9131.0,9311.0,7925.0,7900.0,6400.0,0.12,0.159,0.16,0.173,0.138,0.1419999999999999,0.122,0.0,377.3,0.0,60.22,0.0,15.64,0.0,4.633,16.0,0.0,0.0,9.19,11.17,11.16,-3.15,-3.3080000000000003,0.0,-3.125,183.2,9.22,3.0,3.473,-1.0,1.595,2.1,4901
2016-01-20 16:58:00,0.4279999999999999,0.0,0.0,1067741.0,62.9,59.9,60.0,0.0,40814.0,507.0,93060.0,1025385.0,0.176,-0.026,-8.01,8.019999999999998,0.0,274.5,274.1,276.1,0.772,271.8,0.531,272.0,0.842,274.0,0.002,13.95,1.0,3.0,0.0,0.068,5.726,378.5,378.0,0.0,0.063,0.054,0.0579999999999999,6.832000000000001,5.231,0.625,0.0,10.3,-2.898,-2.881,-3.1860000000000004,-2.866,-3.233,-2.885,-97.4,-2.69,-2.949,7.159,0.3009999999999999,0.4,0.396,0.4309999999999999,0.3499999999999999,0.3589999999999999,0.3039999999999999,6526.0,9176.0,9131.0,9311.0,7925.0,7900.0,6400.0,0.11,0.1449999999999999,0.144,0.157,0.127,0.131,0.111,0.0,375.7,0.0,60.21,0.0,15.62,0.0,4.633,16.0,0.0,0.0,9.170000000000002,11.14,11.17,-3.1710000000000003,-3.367,0.0,-3.176,185.1,1.987,2.5,3.473,-1.0,1.323,1.7,4901
2016-01-20 16:59:00,0.4279999999999999,0.0,0.0,1067741.0,62.9,59.9,60.0,0.0,40814.0,507.0,93060.0,1025385.0,0.099,-0.016,-8.0,8.01,0.0,274.3,273.9,276.0,0.772,271.1,0.531,271.3,0.842,274.0,0.002,13.95,2.0,3.0,0.0,0.0529999999999999,5.672999999999999,377.4,376.2,0.0,0.0579999999999999,0.05,0.0529999999999999,6.314,4.719,0.2429999999999999,0.0,10.3,-2.977,-2.881,-3.219,-2.881,-3.233,-2.885,-117.9,-2.757,-2.978,6.652,0.273,0.3679999999999999,0.3649999999999999,0.3939999999999999,0.317,0.3329999999999999,0.281,6526.0,9176.0,9131.0,9311.0,7925.0,7900.0,6400.0,0.099,0.133,0.132,0.143,0.115,0.121,0.1019999999999999,0.0,374.4,0.0,60.23,0.0,15.51,0.0,4.633,16.0,0.0,0.0,9.16,11.11,11.21,-3.189,-3.359,0.0,-3.217,196.4,8.51,2.167,3.473,-1.0,0.942,1.2,4901
2016-01-20 17:00:00,0.513,0.0,0.0,1067741.0,62.9,59.9,60.0,0.0,40814.0,507.0,93060.0,1025385.0,0.04,-0.008,-7.991,7.994,0.0,274.1,273.8,276.0,0.772,271.0,0.531,271.0,0.842,274.0,0.002,13.96,1.0,3.0,0.0,0.032,5.752000000000001,375.5,374.4,0.0,0.0529999999999999,0.0459999999999999,0.049,5.886,4.242,0.773,0.0,10.3,-2.991,-2.881,-3.25,-2.881,-3.247,-2.917,-101.8,-2.786,-2.96,6.198,0.254,0.3379999999999999,0.3429999999999999,0.367,0.2979999999999999,0.3039999999999999,0.263,6526.0,9176.0,9131.0,9311.0,7925.0,7900.0,6400.0,0.0919999999999999,0.122,0.124,0.133,0.107,0.11,0.095,0.0,372.9,0.0,60.21,0.0,15.79,0.0,4.633,16.0,0.0,0.0,9.13,11.1,11.24,-3.1660000000000004,-3.358,0.0,-3.252,176.8,14.19,3.0,3.473,-1.0,0.895,1.3,4901
2016-01-20 17:01:00,0.171,0.0,0.0,1067741.0,62.9,59.9,60.0,0.0,40814.0,507.0,93060.0,1025385.0,-0.066,0.006,-8.189999999999998,8.189999999999998,0.0,274.0,273.6,275.7,0.772,271.0,0.531,271.0,0.842,273.4,0.002,13.96,1.0,3.0,0.0,0.027,4.447,378.2,377.1,0.0,0.048,0.042,0.0449999999999999,5.449,3.812,0.925,0.0,10.3,-3.0410000000000004,-2.977,-3.205,-2.93,-3.233,-2.9810000000000003,-71.47,-2.786,-2.995,5.782,0.195,0.254,0.259,0.283,0.226,0.2339999999999999,0.203,6526.0,9176.0,9131.0,9311.0,7925.0,7900.0,6400.0,0.07,0.0909999999999999,0.093,0.1019999999999999,0.081,0.084,0.074,0.0,375.2,0.0,60.22,0.0,12.26,0.0,4.517,16.0,0.0,0.0,9.54,11.16,11.27,-3.169,-3.3280000000000003,0.0,-3.273,201.1,19.88,3.0,3.473,-1.0,1.247,2.0,4901
2016-01-20 17:02:00,0.171,0.0,0.0,1067741.0,62.9,59.9,60.0,0.0,40814.0,507.0,93060.0,1025385.0,-0.1119999999999999,0.012,-8.22,8.22,0.0,274.2,273.4,275.6,0.772,271.0,0.531,271.0,0.842,273.2,0.002,13.95,1.0,3.0,0.0,0.011,4.289,376.6,375.8,0.0,0.044,0.0379999999999999,0.0409999999999999,4.99,3.353,0.5859999999999999,0.0,10.3,-3.0410000000000004,-2.977,-3.315,-2.977,-3.2510000000000003,-2.9810000000000003,-117.6,-2.786,-3.074,5.327000000000001,0.183,0.236,0.233,0.262,0.214,0.2189999999999999,0.188,6526.0,9176.0,9131.0,9311.0,7925.0,7900.0,6400.0,0.066,0.085,0.083,0.094,0.0769999999999999,0.079,0.068,0.0,373.7,0.0,60.21,0.0,11.87,0.0,4.517,16.0,0.0,0.0,9.58,11.2,11.3,-3.154,-3.245,0.0,-3.282,213.3,22.09,2.5,3.473,-1.0,0.802,1.3,4901
2016-01-20 17:03:00,0.171,0.0,0.0,1067741.0,62.9,59.9,60.0,0.0,40815.0,507.0,93060.0,1025385.0,-0.155,0.018,-8.189999999999998,8.199999999999998,0.0,274.0,273.4,275.5,0.772,271.0,0.531,271.0,0.842,273.0,0.002,13.95,2.0,3.0,0.0,-0.008,4.229,374.0,373.0,0.0,0.0379999999999999,0.034,0.036,4.456,2.878,0.225,0.0,10.3,-3.073,-2.977,-3.297,-2.977,-3.297,-3.013,-118.5,-2.786,-3.06,4.8180000000000005,0.1719999999999999,0.226,0.226,0.252,0.2019999999999999,0.2099999999999999,0.181,6526.0,9176.0,9131.0,9311.0,7925.0,7900.0,6400.0,0.062,0.08,0.081,0.0899999999999999,0.072,0.0749999999999999,0.065,0.0,370.6,0.0,60.23,0.0,11.76,0.0,4.55,16.0,0.0,0.0,9.54,11.22,11.32,-3.124,-3.199,0.0,-3.2960000000000003,190.5,16.46,2.167,3.472,-1.0,0.918,1.5,4901
2016-01-20 17:04:00,0.0,0.0,0.0,1067741.0,62.9,59.9,60.0,0.0,40815.0,507.0,93060.0,1025385.0,-0.1989999999999999,0.024,-8.08,8.08,0.0,273.7,273.2,275.2,0.772,270.7,0.531,271.0,0.842,273.0,0.002,13.96,2.0,3.0,0.0,-0.013,4.824,368.6,367.3,0.0,0.033,0.0289999999999999,0.031,3.874,2.353,0.7109999999999999,0.0,10.3,-3.073,-3.023,-3.329,-3.026,-3.297,-3.063,-118.4,-2.882,-3.074,4.283,0.176,0.2319999999999999,0.23,0.256,0.208,0.2129999999999999,0.181,6526.0,9176.0,9131.0,9311.0,7925.0,7900.0,6400.0,0.063,0.0819999999999999,0.0819999999999999,0.0909999999999999,0.074,0.0759999999999999,0.064,0.0,365.4,0.0,60.22,0.0,13.49,0.0,4.633,16.0,0.0,0.0,9.28,11.17,11.32,-3.104,-3.179,0.0,-3.31,179.6,20.44,3.0,3.473,-1.0,0.76,1.0,4901
2016-01-20 17:05:00,0.0,0.0,0.0,1067741.0,62.9,59.9,60.0,0.0,40815.0,507.0,93060.0,1025385.0,-0.268,0.033,-8.029999999999998,8.04,0.0,273.4,273.2,275.1,0.772,270.3,0.531,270.9,0.842,273.0,0.002,13.96,2.0,3.0,0.0,-0.031,4.824,365.2,364.8,0.0,0.0289999999999999,0.025,0.0279999999999999,3.427,1.83,0.745,0.0,10.3,-3.073,-3.055,-3.379,-3.073,-3.301,-3.077,-122.9,-2.931,-3.138,3.769,0.155,0.206,0.203,0.225,0.187,0.192,0.163,6526.0,9176.0,9131.0,9311.0,7925.0,7900.0,6400.0,0.055,0.072,0.0709999999999999,0.079,0.066,0.068,0.057,0.0,362.5,0.0,60.23,0.0,13.62,0.0,4.65,16.0,0.0,0.0,9.22,11.12,11.3,-3.108,-3.256,0.0,-3.345,162.0,18.45,3.0,3.473,-1.0,0.562,1.0,4901
2016-01-20 17:06:00,0.0,0.0,0.0,1067741.0,62.9,59.9,60.0,0.0,40815.0,507.0,93060.0,1025385.0,-0.32,0.04,-8.07,8.08,0.0,274.1,273.8,275.7,0.772,270.9,0.531,271.5,0.842,273.6,0.002,13.96,1.0,3.0,0.0,-0.0459999999999999,4.782,363.9,362.3,0.0,0.024,0.022,0.023,3.065,1.4509999999999998,0.8469999999999999,0.0,10.3,-3.137,-3.073,-3.425,-3.073,-3.361,-3.077,-144.1,-2.978,-3.156,3.407,0.1409999999999999,0.183,0.187,0.2049999999999999,0.168,0.1689999999999999,0.1489999999999999,6526.0,9176.0,9131.0,9311.0,7925.0,7900.0,6400.0,0.049,0.064,0.065,0.072,0.059,0.059,0.052,0.0,360.2,0.0,60.19,0.0,13.54,0.0,4.65,16.0,0.0,0.0,9.24,11.15,11.32,-3.112,-3.294,0.0,-3.377,218.9,9.79,3.0,3.473,-1.0,0.4769999999999999,0.8,4901
2016-01-20 17:07:00,0.0,0.0,0.0,1067741.0,62.9,59.9,60.0,0.0,40815.0,507.0,93060.0,1025385.0,-0.3489999999999999,0.044,-8.09,8.099999999999998,0.0,273.6,273.5,275.5,0.772,271.0,0.531,271.0,0.842,273.0,0.002,13.95,1.0,3.0,0.0,-0.052,4.621,361.9,360.5,0.0,0.021,0.019,0.021,2.804,1.156,0.435,0.0,10.3,-3.169,-3.073,-3.397,-3.073,-3.379,-3.095,-144.4,-2.978,-3.156,3.1060000000000003,0.118,0.153,0.157,0.1739999999999999,0.1449999999999999,0.1449999999999999,0.129,6526.0,9176.0,9131.0,9311.0,7925.0,7900.0,6400.0,0.0409999999999999,0.0529999999999999,0.054,0.0599999999999999,0.05,0.05,0.0449999999999999,0.0,358.9,0.0,60.14,0.0,13.19,0.0,4.617,16.0,0.0,0.0,9.32,11.14,11.34,-3.117,-3.283,0.0,-3.3960000000000004,245.0,28.9,2.167,3.473,-1.0,0.3049999999999999,0.8,4901
2016-01-20 17:08:00,0.0,0.0,0.0,1067741.0,62.9,59.9,60.0,0.0,40815.0,507.0,93060.0,1025385.0,-0.3579999999999999,0.044,-8.26,8.269999999999998,0.0,273.7,273.7,275.6,0.772,271.0,0.531,271.0,0.842,273.0,0.002,13.95,2.0,3.0,0.0,-0.065,3.736,363.1,362.3,0.0,0.018,0.017,0.017,2.5610000000000004,0.915,0.322,0.0,10.29,-3.169,-3.073,-3.3760000000000003,-3.09,-3.362,-3.173,-122.7,-2.978,-3.17,2.893,0.094,0.126,0.124,0.1369999999999999,0.1169999999999999,0.12,0.106,6526.0,9176.0,9131.0,9311.0,7925.0,7900.0,6400.0,0.032,0.044,0.0429999999999999,0.048,0.0409999999999999,0.042,0.037,0.0,360.2,0.0,60.15,0.0,10.75,0.0,4.517,16.0,0.0,0.0,9.670000000000002,11.21,11.35,-3.133,-3.272,0.0,-3.4130000000000003,211.7,26.83,2.333,3.472,-1.0,0.8649999999999999,1.4,4901
2016-01-20 17:09:00,0.0,0.0,0.0,1067741.0,62.9,59.9,60.0,0.0,40815.0,507.0,93060.0,1025385.0,-0.3779999999999999,0.047,-8.26,8.269999999999998,0.0,273.5,273.5,275.4,0.772,271.0,0.531,271.0,0.842,273.0,0.002,13.96,2.0,3.0,0.0,-0.0749999999999999,3.729,361.6,360.9,0.0,0.016,0.0139999999999999,0.017,2.292,0.6709999999999999,0.7149999999999999,0.0,10.22,-3.201,-3.154,-3.475,-3.169,-3.362,-3.173,-144.4,-2.978,-3.234,2.664,0.085,0.107,0.111,0.134,0.1019999999999999,0.105,0.0969999999999999,6526.0,9176.0,9131.0,9311.0,7925.0,7900.0,6400.0,0.0289999999999999,0.037,0.0379999999999999,0.047,0.035,0.036,0.034,0.0,358.5,0.0,60.15,0.0,10.75,0.0,4.517,16.0,0.0,0.0,9.69,11.23,11.36,-3.148,-3.283,0.0,-3.437,191.3,14.95,3.0,3.473,-1.0,1.033,1.5,4901
2016-01-20 17:10:00,0.0,0.0,0.0,1067741.0,62.9,59.9,60.0,0.0,40816.0,507.0,93060.0,1025385.0,-0.4099999999999999,0.0509999999999999,-8.24,8.25,0.0,274.0,273.6,275.4,0.772,271.0,0.531,271.0,0.842,273.0,0.002,13.96,2.0,3.0,0.0,-0.095,3.952,358.8,358.0,0.0,0.013,0.013,0.0139999999999999,2.037,0.449,0.753,0.0,10.2,-3.265,-3.169,-3.458,-3.169,-3.411,-3.173,-143.4,-3.027,-3.22,2.434,0.083,0.1119999999999999,0.111,0.124,0.104,0.107,0.096,6526.0,9176.0,9131.0,9311.0,7925.0,7900.0,6400.0,0.0289999999999999,0.0379999999999999,0.0379999999999999,0.0429999999999999,0.036,0.037,0.033,0.0,355.2,0.0,60.15,0.0,11.44,0.0,4.567,16.0,0.0,0.0,9.64,11.21,11.38,-3.164,-3.298,0.0,-3.457,186.8,11.31,3.0,3.473,-1.0,1.318,1.8,4901
2016-01-20 17:11:00,0.0,0.0,0.0,1067741.0,62.9,59.9,60.0,0.0,40816.0,507.0,93060.0,1025385.0,-0.457,0.057,-8.13,8.15,0.0,273.9,273.7,275.6,0.772,271.0,0.531,271.0,0.842,273.0,0.002,13.95,2.0,3.0,0.0,-0.096,4.63,352.9,352.1,0.0,0.013,0.013,0.013,1.804,0.1969999999999999,0.547,0.0,10.2,-3.265,-3.169,-3.458,-3.169,-3.458,-3.27,-144.3,-3.074,-3.2030000000000003,2.204,0.085,0.113,0.1169999999999999,0.132,0.103,0.109,0.099,6526.0,9176.0,9131.0,9311.0,7925.0,7900.0,6400.0,0.0289999999999999,0.0379999999999999,0.04,0.0449999999999999,0.035,0.037,0.034,0.0,350.0,0.0,60.14,0.0,13.52,0.0,4.65,16.0,0.0,0.0,9.38,11.17,11.38,-3.184,-3.257,0.0,-3.466,196.5,9.82,2.5,3.473,-1.0,1.512,1.9,4901
2016-01-20 17:12:00,0.0,0.0,0.0,1067741.0,62.9,59.9,60.0,0.0,40816.0,507.0,93060.0,1025385.0,-0.481,0.0609999999999999,-8.13,8.14,0.0,273.5,273.4,275.3,0.772,270.8,0.531,271.0,0.842,273.0,0.002,13.95,2.0,3.0,0.0,-0.1169999999999999,4.505,352.1,349.5,0.0,0.012,0.012,0.013,1.5519999999999998,-0.074,0.471,0.0,10.2,-3.265,-3.201,-3.54,-3.265,-3.458,-3.27,-144.4,-3.074,-3.287,1.915,0.072,0.094,0.094,0.107,0.093,0.0919999999999999,0.083,6526.0,9176.0,9131.0,9311.0,7925.0,7900.0,6400.0,0.024,0.032,0.032,0.036,0.032,0.031,0.0279999999999999,0.0,347.4,0.0,60.15,0.0,13.16,0.0,4.633,16.0,0.0,0.0,9.39,11.16,11.39,-3.2030000000000003,-3.264,0.0,-3.482,197.5,7.565,2.5,3.472,-1.0,1.595,2.0,4901
2016-01-20 17:13:00,0.332,0.677,0.4139999999999999,1067741.0,62.9,59.9,60.0,0.3479999999999999,40816.0,507.0,93060.0,1025385.0,-0.514,0.065,-8.09,8.109999999999998,0.0,273.5,273.1,275.0,0.772,270.3,0.531,271.0,0.842,272.9,0.002,13.96,2.0,3.0,0.0,-0.13,4.558,347.3,345.9,0.0,0.01,0.01,0.011,1.269,-0.1019999999999999,0.767,0.0,10.2,-3.265,-3.265,-3.554,-3.265,-3.458,-3.27,-144.6,-3.1060000000000003,-3.299,1.624,0.059,0.079,0.08,0.0919999999999999,0.0759999999999999,0.078,0.0709999999999999,6526.0,9176.0,9131.0,9311.0,7925.0,7900.0,6400.0,0.02,0.026,0.027,0.031,0.025,0.026,0.024,0.0,342.9,0.0,60.14,0.0,13.5,0.0,4.65,16.0,0.0,0.0,9.340000000000002,11.15,11.38,-3.222,-3.294,0.0,-3.504,197.6,19.54,3.0,3.473,-1.0,1.237,1.9,4901
2016-01-20 17:14:00,0.0,0.0,0.0,1067741.0,62.9,59.9,60.0,0.0,40816.0,507.0,93060.0,1025385.0,-0.516,0.065,-8.14,8.16,0.0,273.4,273.2,275.0,0.772,270.6,0.531,270.9,0.842,272.9,0.002,13.96,1.0,3.0,0.0,-0.138,4.124,343.2,342.7,0.0,0.0069999999999999,0.008,0.009,1.042,-0.1019999999999999,0.804,0.0,10.2,-3.282,-3.265,-3.554,-3.247,-3.472,-3.27,-123.0,-3.17,-3.3160000000000003,1.413,0.049,0.062,0.062,0.074,0.064,0.066,0.0609999999999999,6526.0,9176.0,9131.0,9311.0,7925.0,7900.0,6400.0,0.016,0.02,0.02,0.025,0.021,0.022,0.02,0.0,340.4,0.0,60.16,0.0,12.43,0.0,4.6,16.0,0.0,0.0,9.49,11.14,11.4,-3.187,-3.285,0.0,-3.516,211.8,11.68,3.0,3.473,-1.0,1.045,1.8,4901
2016-01-20 17:15:00,0.445,0.283,0.667,1067741.0,62.9,59.9,60.0,0.342,40816.0,507.0,93060.0,1025385.0,-0.487,0.0609999999999999,-8.279999999999998,8.3,0.0,273.5,273.2,275.2,0.772,270.7,0.531,271.0,0.842,273.0,0.002,13.96,1.0,3.0,0.0,-0.152,3.495,342.4,342.2,0.0,0.0069999999999999,0.0069999999999999,0.0069999999999999,0.915,-0.1019999999999999,0.8759999999999998,0.0,10.2,-3.346,-3.265,-3.554,-3.247,-3.554,-3.302,-123.2,-3.17,-3.267,1.219,0.04,0.0509999999999999,0.05,0.0599999999999999,0.0529999999999999,0.055,0.05,6526.0,9176.0,9131.0,9311.0,7925.0,7900.0,6400.0,0.013,0.017,0.016,0.02,0.018,0.018,0.016,0.0,339.7,0.0,60.14,0.0,10.67,0.0,4.517,16.0,0.0,0.0,9.72,11.2,11.43,-3.177,-3.289,0.0,-3.534,186.8,14.1,3.0,3.473,-1.0,1.405,2.1,4901
2016-01-20 17:16:00,0.148,0.148,0.1459999999999999,1067741.0,62.9,59.9,60.0,0.0769999999999999,40816.0,507.0,93060.0,1025385.0,-0.492,0.0609999999999999,-8.3,8.32,0.0,274.0,273.7,275.7,0.772,270.8,0.531,271.0,0.842,273.3,0.002,13.95,1.0,3.0,0.0,-0.1639999999999999,3.471,340.0,339.6,0.0,0.006,0.0069999999999999,0.0069999999999999,0.898,-0.1019999999999999,0.332,0.0,10.15,-3.361,-3.265,-3.604,-3.265,-3.554,-3.366,-123.2,-3.17,-3.299,1.172,0.0379999999999999,0.05,0.047,0.0609999999999999,0.049,0.052,0.05,6526.0,9176.0,9131.0,9311.0,7925.0,7900.0,6400.0,0.012,0.016,0.0149999999999999,0.02,0.016,0.017,0.016,0.0,337.7,0.0,60.15,0.0,10.68,0.0,4.517,16.0,0.0,0.0,9.73,11.19,11.42,-3.192,-3.298,0.0,-3.551,185.7,11.76,2.0,3.474,-1.0,1.22,1.9,4901
2016-01-20 17:17:00,0.0,0.0,0.0,1067741.0,62.9,59.9,60.0,0.0,40817.0,507.0,93060.0,1025385.0,-0.516,0.064,-8.31,8.33,0.0,274.8,274.4,276.3,0.772,272.0,0.531,272.0,0.842,274.0,-0.005,13.73,2.0,1.0,0.0,-0.181,3.785,338.0,336.4,0.0,0.004,0.006,0.0069999999999999,0.746,-0.1019999999999999,0.396,0.001,10.11,-3.361,-3.265,-3.65,-3.309,-3.554,-3.366,-97.5,-3.17,-3.267,1.108,0.035,0.0449999999999999,0.052,0.066,0.0459999999999999,0.05,0.05,6526.0,9176.0,9131.0,9311.0,7925.0,7900.0,6400.0,0.011,0.0139999999999999,0.017,0.022,0.0149999999999999,0.016,0.016,0.0,334.7,0.0,60.14,0.0,11.61,0.0,4.567,16.0,0.0,0.0,9.7,11.26,11.45,-3.221,-3.319,0.0,-3.563,189.8,12.4,2.5,3.473,-1.0,1.703,2.1,4901
2016-01-20 17:18:00,0.0,0.0,0.0,1067741.0,62.9,59.9,60.0,0.0,40817.0,507.0,93060.0,1025385.0,-0.5579999999999999,0.07,-8.189999999999998,8.21,0.0,274.7,274.4,276.3,0.772,272.0,0.531,272.0,0.842,274.0,0.0139999999999999,13.73,1.0,1.0,0.0,-0.188,4.282,332.6,331.3,0.0,0.003,0.004,0.0069999999999999,0.688,-0.1019999999999999,0.7249999999999999,0.001,10.11,-3.361,-3.297,-3.65,-3.266,-3.554,-3.38,-76.28,-3.234,-3.317,1.058,0.036,0.0449999999999999,0.0459999999999999,0.059,0.048,0.0509999999999999,0.049,6526.0,9176.0,9131.0,9311.0,7925.0,7900.0,6400.0,0.012,0.0139999999999999,0.0149999999999999,0.019,0.0149999999999999,0.016,0.016,0.0,329.7,0.0,60.14,0.0,13.28,0.0,4.65,16.0,0.0,0.0,9.420000000000002,11.18,11.45,-3.2310000000000003,-3.306,0.0,-3.575,190.8,13.26,3.0,3.473,-1.0,1.648,2.8,4901
2016-01-20 17:19:00,0.0,0.0,0.0,1067741.0,62.9,59.9,60.0,0.0,40817.0,507.0,93060.0,1025385.0,-0.555,0.07,-8.199999999999998,8.23,0.0,274.7,274.4,276.3,0.772,272.0,0.531,272.0,0.842,274.0,-0.003,13.96,2.0,3.0,0.0,-0.203,4.077,330.2,329.0,0.0,0.003,0.003,0.006,0.5949999999999999,-0.1019999999999999,0.779,0.0,10.11,-3.393,-3.361,-3.65,-3.284,-3.554,-3.447,-118.6,-3.266,-3.363,1.015,0.034,0.0459999999999999,0.0449999999999999,0.059,0.044,0.049,0.047,6526.0,9176.0,9131.0,9311.0,7925.0,7900.0,6400.0,0.011,0.0139999999999999,0.0139999999999999,0.019,0.0139999999999999,0.016,0.0149999999999999,0.0,327.7,0.0,60.13,0.0,12.77,0.0,4.633,16.0,0.0,0.0,9.47,11.21,11.43,-3.238,-3.317,0.0,-3.592,184.1,10.91,3.0,3.473,-1.0,1.537,2.1,4901
2016-01-20 17:20:00,0.0,0.0,0.0,1067741.0,62.9,59.9,60.0,0.0,40817.0,507.0,93060.0,1025385.0,-0.545,0.068,-8.24,8.26,0.0,274.9,274.5,276.5,0.772,272.0,0.531,272.0,0.842,274.0,0.002,13.96,1.0,3.0,0.0,-0.2239999999999999,3.824,329.0,327.8,0.0,0.003,0.003,0.004,0.4679999999999999,-0.1019999999999999,0.804,0.0,10.11,-3.407,-3.361,-3.746,-3.393,-3.572,-3.43,-123.2,-3.266,-3.363,0.954,0.0289999999999999,0.036,0.04,0.0509999999999999,0.039,0.042,0.044,6526.0,9176.0,9131.0,9311.0,7925.0,7900.0,6400.0,0.009,0.011,0.013,0.016,0.012,0.013,0.0139999999999999,0.0,326.2,0.0,60.15,0.0,12.07,0.0,4.6,16.0,0.0,0.0,9.56,11.18,11.43,-3.227,-3.305,0.0,-3.6010000000000004,183.2,9.6,3.0,3.472,-1.0,1.753,2.6,4901
2016-01-20 17:21:00,0.0,0.0,0.0,1067741.0,62.9,59.9,60.0,0.0,40817.0,507.0,93060.0,1025385.0,-0.574,0.072,-8.17,8.199999999999998,0.0,274.9,274.7,276.6,0.772,272.0,0.531,272.0,0.842,274.2,0.002,13.95,1.0,3.0,0.0,-0.2289999999999999,4.0360000000000005,325.1,323.6,0.0,0.0,0.003,0.003,0.417,-0.1019999999999999,0.7179999999999999,0.0,10.11,-3.425,-3.361,-3.717,-3.3160000000000003,-3.636,-3.462,-71.97,-3.266,-3.381,0.821,0.0299999999999999,0.036,0.042,0.048,0.04,0.042,0.042,6526.0,9176.0,9131.0,9311.0,7925.0,7900.0,6400.0,0.009,0.011,0.013,0.0149999999999999,0.013,0.013,0.013,0.0,322.0,0.0,60.15,0.0,12.83,0.0,4.65,16.0,0.0,0.0,9.38,11.17,11.43,-3.212,-3.272,0.0,-3.591,190.1,20.6,2.667,3.473,-1.0,1.287,2.4,4901
2016-01-20 17:22:00,0.0,0.0,0.0,1067741.0,62.9,59.9,60.0,0.0,40817.0,507.0,93060.0,1025385.0,-0.515,0.064,-8.34,8.359999999999998,0.0,275.2,274.7,276.7,0.772,272.0,0.531,272.0,0.842,274.2,0.002,13.95,2.0,3.0,0.0,-0.2439999999999999,3.1260000000000003,324.7,323.6,0.0,0.0,0.003,0.003,0.3639999999999999,-0.1019999999999999,0.264,0.0,10.06,-3.442,-3.361,-3.746,-3.362,-3.65,-3.462,-144.3,-3.28,-3.363,0.745,0.021,0.027,0.0299999999999999,0.036,0.031,0.034,0.034,6526.0,9176.0,9131.0,9311.0,7925.0,7900.0,6400.0,0.0069999999999999,0.008,0.009,0.011,0.01,0.011,0.011,0.0,321.8,0.0,60.15,0.0,10.07,0.0,4.517,16.0,0.0,0.0,9.76,11.22,11.41,-3.224,-3.289,0.0,-3.604,190.9,8.31,2.167,3.474,-1.0,1.777,2.3,4901
2016-01-20 17:23:00,0.0,0.0,0.0,1067741.0,62.9,59.9,60.0,0.0,40817.0,507.0,93060.0,1025385.0,-0.513,0.063,-8.37,8.39,0.0,274.9,274.8,276.8,0.772,272.0,0.531,272.0,0.842,274.2,0.002,13.96,1.0,3.0,0.0,-0.265,3.009,320.7,320.1,0.0,0.0,0.0,0.001,0.201,-0.1019999999999999,0.8009999999999999,0.0,10.01,-3.457,-3.361,-3.746,-3.362,-3.65,-3.462,-97.4,-3.333,-3.363,0.688,0.019,0.02,0.023,0.032,0.0279999999999999,0.0289999999999999,0.0299999999999999,6526.0,9176.0,9131.0,9311.0,7925.0,7900.0,6400.0,0.006,0.006,0.0069999999999999,0.01,0.009,0.009,0.009,0.0,317.8,0.0,60.14,0.0,9.82,0.0,4.517,16.0,0.0,0.0,9.79,11.24,11.44,-3.2310000000000003,-3.267,0.0,-3.602,195.0,12.67,3.0,3.473,-1.0,1.662,2.5,4901
2016-01-20 17:24:00,0.0,0.0,0.0,1067741.0,62.9,59.9,60.0,0.0,40817.0,507.0,93060.0,1025385.0,-0.511,0.063,-8.38,8.4,0.0,275.1,274.5,276.6,0.772,272.0,0.531,272.0,0.842,274.1,0.002,13.94,1.0,3.0,0.0,-0.27,2.922,316.7,315.6,0.0,0.0,0.0,0.0,0.1499999999999999,-0.1019999999999999,0.8329999999999999,0.0,10.01,-3.457,-3.361,-3.746,-3.362,-3.65,-3.462,-144.9,-3.3160000000000003,-3.442,0.636,0.019,0.019,0.0279999999999999,0.037,0.026,0.0279999999999999,0.032,6526.0,9176.0,9131.0,9311.0,7925.0,7900.0,6400.0,0.006,0.006,0.008,0.011,0.008,0.009,0.01,0.0,313.4,0.0,60.13,0.0,9.63,0.0,4.517,16.0,0.0,0.0,9.83,11.25,11.43,-3.215,-3.26,0.0,-3.6,182.2,11.46,3.0,3.472,-1.0,1.69,2.4,4901
2016-01-20 17:25:00,0.0,0.0,0.0,1067741.0,62.9,59.9,60.0,0.0,40818.0,507.0,93060.0,1025385.0,-0.561,0.07,-8.26,8.279999999999998,0.0,274.8,274.8,276.8,0.772,272.0,0.531,272.0,0.842,274.4,0.002,13.95,1.0,3.0,0.0,-0.2869999999999999,3.494,308.2,307.8,0.0,-0.002,0.0,0.0,0.131,-0.1019999999999999,0.8649999999999999,0.0,9.93,-3.457,-3.361,-3.746,-3.362,-3.65,-3.462,-144.2,-3.344,-3.459,0.573,0.021,0.027,0.027,0.027,0.034,0.034,0.031,6526.0,9176.0,9131.0,9311.0,7925.0,7900.0,6400.0,0.006,0.008,0.008,0.008,0.01,0.01,0.009,0.0,305.4,0.0,60.16,0.0,11.71,0.0,4.633,16.0,0.0,0.0,9.56,11.21,11.46,-3.234,-3.305,0.0,-3.614,193.6,8.779999999999998,2.833,3.473,-1.0,1.91,2.5,4901
2016-01-20 17:26:00,0.0,0.0,0.0,1067741.0,62.9,59.9,60.0,0.0,40818.0,507.0,93060.0,1025385.0,-0.568,0.0709999999999999,-8.179999999999998,8.21,0.0,274.3,274.0,276.0,0.772,271.1,0.531,271.2,0.842,273.9,0.002,13.95,2.0,3.0,0.0,-0.3039999999999999,3.352,304.6,304.7,0.0,-0.003,0.0,0.0,-0.055,-0.1019999999999999,0.2429999999999999,0.0,9.91,-3.457,-3.378,-3.746,-3.362,-3.65,-3.462,-144.6,-3.362,-3.459,0.4909999999999999,0.011,0.012,0.019,0.027,0.012,0.021,0.027,6526.0,9176.0,9131.0,9311.0,7925.0,7900.0,6400.0,0.003,0.003,0.006,0.008,0.003,0.006,0.008,0.0,302.6,0.0,60.16,0.0,11.35,0.0,4.633,16.0,0.0,0.0,9.49,11.16,11.4,-3.253,-3.314,0.0,-3.62,191.4,8.54,2.167,3.473,-1.0,2.185,2.6,4901
2016-01-20 17:27:00,0.0,0.0,0.0,1067741.0,62.9,59.9,60.0,0.0,40818.0,507.0,93060.0,1025385.0,-0.4089999999999999,0.049,-8.62,8.63,0.0,274.0,273.8,275.9,0.772,271.0,0.531,271.0,0.842,273.8,0.002,13.96,1.0,3.0,0.0,-0.307,1.483,309.1,308.8,0.0,-0.003,0.0,0.0,-0.095,-0.1019999999999999,0.8649999999999999,0.0,9.91,-3.457,-3.4210000000000003,-3.81,-3.362,-3.65,-3.544,-123.3,-3.362,-3.459,0.4199999999999999,0.008,0.0069999999999999,0.005,0.0139999999999999,0.02,0.017,0.018,6526.0,9176.0,9131.0,9311.0,7925.0,7900.0,6400.0,0.002,0.002,0.002,0.004,0.006,0.005,0.005,0.0,306.7,0.0,60.14,0.0,5.017,0.0,4.283,16.0,0.0,0.0,10.38,11.31,11.39,-3.282,-3.325,0.0,-3.631,196.6,10.29,3.0,3.472,-1.0,1.702,2.4,4901
2016-01-20 17:28:00,0.0,0.0,0.0,1067741.0,62.9,59.9,60.0,0.0,40818.0,507.0,93060.0,1025385.0,-0.2689999999999999,0.0299999999999999,-9.04,9.04,0.0,273.8,273.6,275.8,0.772,271.0,0.531,271.0,0.842,273.3,0.002,13.96,1.0,3.0,0.0,-0.3279999999999999,0.0,309.3,308.5,0.0,-0.003,-0.001,0.0,-0.106,-0.1019999999999999,0.889,0.0,9.91,-3.457,-3.457,-3.778,-3.362,-3.65,-3.5580000000000003,-119.0,-3.362,-3.459,0.3549999999999999,0.006,0.002,0.0069999999999999,0.013,0.016,0.013,0.017,6526.0,9176.0,9131.0,9311.0,7925.0,7900.0,6400.0,0.002,0.001,0.002,0.004,0.005,0.004,0.005,0.0,306.2,0.0,60.15,0.0,0.0,0.0,4.0,16.0,0.0,0.0,11.3,11.5,11.4,-3.294,-3.335,0.0,-3.636,186.0,8.279999999999998,3.0,3.473,-1.0,1.882,2.4,4901
2016-01-20 17:29:00,0.0,0.0,0.0,1067741.0,62.9,59.9,60.0,0.0,40818.0,507.0,93060.0,1025385.0,-0.2689999999999999,0.0299999999999999,-9.04,9.04,0.0,273.9,273.5,275.7,0.772,271.0,0.531,271.0,0.842,273.1,0.002,13.95,1.0,3.0,0.0,-0.342,0.0,302.0,301.3,0.0,-0.003,-0.003,0.0,-0.1119999999999999,-0.1019999999999999,0.6659999999999999,0.0,9.87,-3.457,-3.428,-3.842,-3.362,-3.668,-3.5580000000000003,-97.2,-3.362,-3.459,0.342,0.001,-0.006,-0.001,0.01,0.0069999999999999,0.0069999999999999,0.013,6526.0,9176.0,9131.0,9311.0,7925.0,7900.0,6400.0,0.0,-0.002,0.0,0.003,0.002,0.002,0.004,0.0,298.9,0.0,60.14,0.0,0.0,0.0,4.0,16.0,0.0,0.0,11.3,11.5,11.4,-3.279,-3.335,0.0,-3.638,184.2,6.557,2.5,3.473,-1.0,2.002,2.4,4901
2016-01-20 17:30:00,0.0,0.0,0.0,1067741.0,62.9,59.9,60.0,0.0,40818.0,507.0,93060.0,1025385.0,-0.27,0.0299999999999999,-9.05,9.06,0.0,274.1,273.8,276.1,0.772,271.0,0.531,271.0,0.842,274.0,0.002,13.95,2.0,3.0,0.0,-0.3499999999999999,0.0,294.2,293.5,0.0,-0.004,-0.003,0.0,-0.163,-0.1019999999999999,0.228,0.0,9.82,-3.457,-3.425,-3.842,-3.458,-3.717,-3.5580000000000003,-74.25,-3.362,-3.459,0.28,0.005,0.001,0.0,0.008,0.018,0.013,0.013,6526.0,9176.0,9131.0,9311.0,7925.0,7900.0,6400.0,0.001,0.0,0.0,0.002,0.005,0.004,0.004,0.0,291.1,0.0,60.15,0.0,0.0,0.0,4.0,16.0,0.0,0.0,11.3,11.5,11.41,-3.292,-3.339,0.0,-3.639,186.7,10.25,2.167,3.473,-1.0,1.887,2.6,4901
2016-01-20 17:31:00,0.0,0.0,0.0,1067741.0,62.9,59.9,60.0,0.0,40819.0,507.0,93060.0,1025385.0,-0.27,0.0299999999999999,-9.05,9.05,0.0,273.9,273.7,276.0,0.772,271.0,0.531,271.0,0.842,273.7,0.002,13.96,1.0,3.0,0.0,-0.3679999999999999,0.0,286.5,285.6,0.0,-0.005,-0.003,-0.001,-0.2989999999999999,-0.1019999999999999,0.844,0.0,9.79,-3.457,-3.457,-3.842,-3.458,-3.728,-3.5580000000000003,-144.3,-3.362,-3.459,0.267,0.008,0.013,0.02,0.021,0.016,0.018,0.019,6526.0,9176.0,9131.0,9311.0,7925.0,7900.0,6400.0,0.002,0.004,0.006,0.006,0.005,0.005,0.006,0.0,283.4,0.0,60.14,0.0,0.0,0.0,4.0,16.0,0.0,0.0,11.3,11.5,11.44,-3.303,-3.33,0.0,-3.635,189.2,9.0,3.0,3.472,-1.0,2.105,2.7,4901
2016-01-20 17:32:00,0.0,0.0,0.0,1067741.0,62.9,59.9,60.0,0.0,40819.0,507.0,93060.0,1025385.0,-0.063,0.774,-2.094,2.095,0.0,274.0,273.3,275.6,0.772,271.0,0.531,271.0,0.842,273.4,0.002,13.96,1.0,3.0,0.0,-0.382,0.0,234.2,281.4,0.0,-0.006,-0.003,-0.002,-0.3429999999999999,-0.1019999999999999,0.879,0.0,9.74,-3.457,-3.439,-3.842,-3.458,-3.728,-3.5580000000000003,-118.5,-3.362,-3.459,0.257,0.002,0.001,0.004,0.009,0.012,0.012,0.0139999999999999,6526.0,9176.0,9131.0,9311.0,7925.0,7900.0,6400.0,0.001,0.0,0.001,0.003,0.003,0.003,0.004,0.0,279.1,0.0,60.14,0.0,0.0,0.0,0.933,16.0,0.0,0.0,2.625,2.672,2.66,-3.292,-3.303,0.0,-3.632,199.9,10.84,3.0,3.473,-1.0,2.058,2.5,4901
2016-01-20 17:33:00,0.0,0.0,0.0,1067741.0,62.9,59.9,60.0,0.0,40819.0,507.0,93060.0,1025385.0,0.0,1.0,0.0,0.0,0.0,274.1,273.5,275.7,0.772,271.0,0.531,271.0,0.842,273.6,0.002,13.96,1.0,3.0,0.0,-0.3929999999999999,0.0,122.2,275.3,0.0,-0.006,-0.003,-0.002,-0.356,-0.1019999999999999,0.905,0.0,9.72,-3.457,-3.442,-3.842,-3.458,-3.714,-3.5580000000000003,-71.96,-3.362,-3.459,0.211,0.003,0.0,0.003,0.008,0.011,0.01,0.013,6526.0,9176.0,9131.0,9311.0,7925.0,7900.0,6400.0,0.001,0.0,0.001,0.002,0.003,0.003,0.004,0.0,273.1,0.0,60.17,0.0,0.0,0.0,0.0,16.0,0.0,0.0,0.0,0.0,0.0,-3.278,-3.2710000000000004,0.0,-3.628,200.5,10.25,3.0,,-1.0,2.033,2.6,4901
2016-01-20 17:34:00,0.0,0.0,0.0,1067741.0,62.9,59.9,60.0,0.0,40819.0,507.0,93060.0,1025385.0,0.0,1.0,0.0,0.0,0.0,273.7,273.5,275.6,0.772,271.0,0.531,271.0,0.842,273.2,0.002,13.95,1.0,3.0,0.0,-0.405,0.0,62.41,268.3,0.0,-0.006,-0.003,-0.002,-0.356,-0.1019999999999999,0.755,0.0,9.72,-3.457,-3.407,-3.842,-3.458,-3.714,-3.5580000000000003,-145.0,-3.362,-3.459,0.191,0.002,0.001,0.003,0.009,0.012,0.011,0.013,6526.0,9176.0,9131.0,9311.0,7925.0,7900.0,6400.0,0.0,0.0,0.001,0.002,0.003,0.003,0.003,0.0,266.1,0.0,60.2,0.0,0.0,0.0,0.0,16.0,0.0,0.0,0.0,0.0,0.0,-3.252,-3.209,0.0,-3.608,188.9,17.39,2.667,3.473,-1.0,1.61,2.5,4901
2016-01-20 17:35:00,0.0,0.0,0.0,1067741.0,62.9,59.9,60.0,0.0,40819.0,507.0,93060.0,1025385.0,0.0,1.0,0.0,0.0,0.0,273.9,273.7,275.8,0.772,271.0,0.531,271.2,0.842,273.9,0.002,13.95,2.0,3.0,0.0,-0.417,0.0,32.1,261.2,0.0,-0.004,-0.003,-0.003,-0.326,-0.1019999999999999,0.221,0.0,9.72,-3.457,-3.4130000000000003,-3.842,-3.458,-3.65,-3.5580000000000003,-118.8,-3.362,-3.459,0.191,0.002,0.001,0.004,0.008,0.012,0.011,0.013,6526.0,9176.0,9131.0,9311.0,7925.0,7900.0,6400.0,0.001,0.0,0.001,0.002,0.003,0.003,0.003,0.0,258.9,0.0,60.19,0.0,0.0,0.0,0.0,16.0,0.0,0.0,0.0,0.0,0.0,-3.184,-3.212,0.0,-3.607,192.1,14.77,2.0,3.473,-1.0,1.847,2.5,4901
2016-01-20 17:36:00,0.0,0.0,0.0,1067741.0,62.9,59.9,60.0,0.0,40819.0,507.0,93060.0,1025385.0,0.0,1.0,0.0,0.0,0.0,273.9,273.5,275.7,0.772,271.0,0.531,271.0,0.842,273.7,0.003,13.91,1.0,3.0,0.0,-0.436,0.0,21.4,253.4,0.0,-0.004,-0.003,-0.003,-0.356,-0.1019999999999999,0.8459999999999999,0.0,9.64,-3.457,-3.425,-3.842,-3.458,-3.65,-3.5580000000000003,-97.3,-3.362,-3.459,0.191,0.002,0.001,0.004,0.0069999999999999,0.013,0.01,0.012,6526.0,9176.0,9131.0,9311.0,7925.0,7900.0,6400.0,0.0,0.0,0.001,0.002,0.003,0.003,0.003,0.0,251.2,0.0,60.14,0.0,0.0,0.0,0.0,16.0,0.0,0.0,0.0,0.0,0.0,-3.238,-3.25,0.0,-3.61,194.2,13.17,3.0,3.473,-1.0,2.29,3.1,4901
2016-01-20 17:37:00,0.0,0.0,0.0,1067741.0,62.9,59.9,60.0,0.0,40819.0,507.0,93060.0,1025385.0,0.0,1.0,0.0,0.0,0.0,274.0,273.7,275.8,0.772,271.0,0.531,271.2,0.842,274.0,0.002,13.96,1.0,3.0,0.0,-0.437,0.0,21.06,244.6,0.0,-0.005,-0.003,-0.003,-0.356,-0.1019999999999999,0.925,0.0,9.63,-3.457,-3.404,-3.842,-3.444,-3.65,-3.5580000000000003,-92.6,-3.362,-3.459,0.153,0.002,0.001,0.003,0.0069999999999999,0.013,0.01,0.0139999999999999,6526.0,9176.0,9131.0,9311.0,7925.0,7900.0,6400.0,0.0,0.0,0.001,0.002,0.003,0.002,0.003,0.0,242.5,0.0,60.14,0.0,0.0,0.0,0.0,16.0,0.0,0.0,0.0,0.0,0.0,-3.25,-3.277,0.0,-3.616,183.7,9.63,3.0,3.472,-1.0,1.903,2.6,4901
2016-01-20 17:38:00,0.0,0.0,0.0,1067741.0,62.9,59.9,60.0,0.0,40819.0,507.0,93060.0,1025385.0,0.0,1.0,0.0,0.0,0.0,274.2,273.5,275.7,0.772,271.0,0.531,271.0,0.842,273.8,0.002,13.96,1.0,3.0,0.0,-0.455,0.0,21.03,234.1,0.0,-0.006,-0.003,-0.003,-0.356,-0.1019999999999999,0.916,0.0,9.58,-3.457,-3.457,-3.842,-3.458,-3.714,-3.544,-118.6,-3.362,-3.459,0.104,0.002,0.001,0.004,0.0069999999999999,0.013,0.011,0.013,6526.0,9176.0,9131.0,9311.0,7925.0,7900.0,6400.0,0.001,0.0,0.001,0.002,0.003,0.003,0.003,0.0,232.1,0.0,60.15,0.0,0.0,0.0,0.0,16.0,0.0,0.0,0.0,0.0,0.0,-3.245,-3.279,0.0,-3.618,187.0,11.2,3.0,3.472,-1.0,1.34,2.0,4901
2016-01-20 17:39:00,0.0,0.0,0.0,1067741.0,62.9,59.9,60.0,0.0,40819.0,507.0,93060.0,1025385.0,0.0,1.0,0.0,0.0,0.0,274.3,273.8,275.9,0.772,271.2,0.531,271.8,0.842,274.0,0.002,13.95,1.0,3.0,0.0,-0.465,0.0,21.06,221.3,0.0,-0.0069999999999999,-0.003,-0.003,-0.356,-0.1019999999999999,0.4429999999999999,0.0,9.53,-3.457,-3.442,-3.842,-3.458,-3.714,-3.5580000000000003,-144.8,-3.362,-3.459,0.048,0.001,0.001,0.004,0.0069999999999999,0.012,0.011,0.013,6526.0,9176.0,9131.0,9311.0,7925.0,7900.0,6400.0,0.0,0.0,0.001,0.001,0.003,0.002,0.003,0.0,219.3,0.0,60.14,0.0,0.0,0.0,0.0,16.0,0.0,0.0,0.0,0.0,0.0,-3.24,-3.278,0.0,-3.625,195.1,10.04,2.167,3.473,-1.0,1.692,2.4,4901
2016-01-20 17:40:00,0.0,0.0,0.0,1067741.0,62.9,59.9,60.0,0.0,40819.0,507.0,93060.0,1025385.0,0.0,1.0,0.0,0.0,0.0,274.1,273.7,275.9,0.772,271.2,0.531,271.3,0.842,274.0,0.002,13.95,1.0,3.0,0.0,-0.4789999999999999,0.0,21.06,206.4,0.0,-0.0069999999999999,-0.003,-0.003,-0.356,-0.1019999999999999,0.4779999999999999,0.0,9.56,-3.457,-3.439,-3.842,-3.458,-3.711,-3.5580000000000003,-123.5,-3.377,-3.459,0.0379999999999999,0.001,0.001,0.004,0.0069999999999999,0.013,0.011,0.013,6526.0,9176.0,9131.0,9311.0,7925.0,7900.0,6400.0,0.0,0.0,0.001,0.001,0.003,0.002,0.003,0.0,204.5,0.0,60.15,0.0,0.0,0.0,0.0,16.0,0.0,0.0,0.0,0.0,0.0,-3.252,-3.287,0.0,-3.626,186.7,12.86,2.5,3.473,-1.0,2.22,2.7,4901
2016-01-20 17:41:00,0.0,0.0,0.0,1067741.0,62.9,59.9,60.0,0.0,40819.0,507.0,93060.0,1025385.0,0.0,1.0,0.0,0.0,0.0,274.0,273.7,275.9,0.772,271.0,0.531,271.3,0.842,274.0,0.002,13.96,1.0,3.0,0.0,-0.4829999999999999,0.0,21.05,190.6,0.0,-0.0069999999999999,-0.003,-0.003,-0.3429999999999999,-0.1019999999999999,0.918,0.0,9.47,-3.457,-3.457,-3.842,-3.458,-3.732,-3.544,-118.4,-3.44,-3.459,0.0379999999999999,0.001,0.003,0.004,0.0069999999999999,0.013,0.01,0.013,6526.0,9176.0,9131.0,9311.0,7925.0,7900.0,6400.0,0.0,0.0,0.001,0.001,0.002,0.002,0.002,0.0,188.9,0.0,60.15,0.0,0.0,0.0,0.0,16.0,0.0,0.0,0.0,0.0,0.0,-3.286,-3.3,0.0,-3.637,188.6,8.3,3.0,3.474,-1.0,1.955,2.5,4901
2016-01-20 17:42:00,0.0,0.0,0.0,1067741.0,62.9,59.9,60.0,0.0,40819.0,507.0,93060.0,1025385.0,0.0,1.0,0.0,0.0,0.0,274.1,273.6,275.9,0.772,271.0,0.531,271.0,0.842,274.0,0.002,13.96,1.0,3.0,0.0,-0.5,0.0,21.03,173.3,0.0,-0.0069999999999999,-0.003,-0.003,-0.356,-0.1019999999999999,0.916,0.0,9.41,-3.457,-3.457,-3.842,-3.458,-3.746,-3.5580000000000003,-118.7,-3.4410000000000003,-3.459,0.0379999999999999,0.002,0.001,0.004,0.006,0.013,0.011,0.012,6526.0,9176.0,9131.0,9311.0,7925.0,7900.0,6400.0,0.0,0.0,0.001,0.001,0.002,0.002,0.002,0.0,171.7,0.0,60.14,0.0,0.0,0.0,0.0,16.0,0.0,0.0,0.0,0.0,0.0,-3.28,-3.279,0.0,-3.645,193.6,11.95,3.0,3.473,-1.0,1.308,1.7,4901
2016-01-20 17:43:00,0.0,0.0,0.0,1067741.0,62.9,59.9,60.0,0.0,40819.0,507.0,93060.0,1025385.0,0.0,1.0,0.0,0.0,0.0,274.0,273.8,275.9,0.772,271.0,0.531,271.4,0.842,274.0,0.002,13.95,2.0,3.0,0.0,-0.503,0.0,21.05,155.0,0.0,-0.0069999999999999,-0.003,-0.003,-0.356,-0.1019999999999999,0.2389999999999999,0.0,9.38,-3.457,-3.457,-3.842,-3.458,-3.746,-3.59,-144.9,-3.4410000000000003,-3.474,0.037,0.001,0.002,0.005,0.0069999999999999,0.013,0.01,0.012,6526.0,9176.0,9131.0,9311.0,7925.0,7900.0,6400.0,0.0,0.0,0.001,0.001,0.002,0.001,0.002,0.0,153.6,0.0,60.15,0.0,0.0,0.0,0.0,16.0,0.0,0.0,0.0,0.0,0.0,-3.253,-3.273,0.0,-3.661,200.1,19.17,2.0,3.473,-1.0,1.617,2.7,4901
2016-01-20 17:44:00,0.0,0.0,0.0,1067741.0,62.9,59.9,60.0,0.0,40819.0,507.0,93060.0,1025385.0,0.0,1.0,0.0,0.0,0.0,274.2,273.7,275.8,0.772,271.0,0.531,271.4,0.842,274.0,0.002,13.95,1.0,3.0,0.0,-0.522,0.0,21.02,137.3,0.0,-0.0069999999999999,-0.003,-0.003,-0.356,-0.1019999999999999,0.69,0.0,9.4,-3.506,-3.457,-3.842,-3.458,-3.746,-3.654,-145.1,-3.426,-3.491,0.032,0.002,0.003,0.004,0.006,0.012,0.011,0.011,6526.0,9176.0,9131.0,9311.0,7925.0,7900.0,6400.0,0.0,0.0,0.0,0.001,0.002,0.002,0.002,0.0,136.0,0.0,60.14,0.0,0.0,0.0,0.0,16.0,0.0,0.0,0.0,0.0,0.0,-3.247,-3.265,0.0,-3.655,193.7,18.94,2.833,3.473,-1.0,1.808,2.6,4901
2016-01-20 17:45:00,0.0,0.0,0.0,1067741.0,62.9,59.9,60.0,0.0,40819.0,507.0,93060.0,1025385.0,0.0,1.0,0.0,0.0,0.0,274.3,273.7,275.9,0.772,271.0,0.531,271.5,0.842,274.0,0.002,13.96,1.0,3.0,0.0,-0.522,0.0,21.12,120.4,0.0,-0.0069999999999999,-0.003,-0.003,-0.356,-0.1019999999999999,0.916,0.0,9.29,-3.489,-3.457,-3.842,-3.458,-3.746,-3.654,-123.9,-3.426,-3.506,0.025,0.001,0.002,0.005,0.0069999999999999,0.0139999999999999,0.01,0.011,6526.0,9176.0,9131.0,9311.0,7925.0,7900.0,6400.0,0.0,0.0,0.001,0.001,0.002,0.001,0.001,0.0,119.4,0.0,60.14,0.0,0.0,0.0,0.0,16.0,0.0,0.0,0.0,0.0,0.0,-3.255,-3.293,0.0,-3.666,194.9,6.097,3.0,3.473,-1.0,1.827,2.4,4901
2016-01-20 17:46:00,0.0,0.0,0.0,1067741.0,62.9,59.9,60.0,0.0,40819.0,507.0,93060.0,1025385.0,0.0,1.0,0.0,0.0,0.0,274.2,273.8,276.0,0.772,271.2,0.531,271.7,0.842,274.0,0.002,13.95,1.0,3.0,0.0,-0.537,0.0,20.83,105.1,0.0,-0.0069999999999999,-0.003,-0.003,-0.356,-0.1019999999999999,0.7259999999999999,0.0,9.29,-3.535,-3.457,-3.86,-3.522,-3.746,-3.64,-144.5,-3.409,-3.555,0.025,0.001,0.002,0.005,0.006,0.013,0.01,0.012,6526.0,9176.0,9131.0,9311.0,7925.0,7900.0,6400.0,0.0,0.0,0.001,0.001,0.001,0.001,0.001,0.0,104.1,0.0,60.15,0.0,0.0,0.0,0.0,16.0,0.0,0.0,0.0,0.0,0.0,-3.259,-3.278,0.0,-3.658,190.0,11.94,2.667,3.473,-1.0,1.537,2.4,4901
2016-01-20 17:47:00,0.0,0.0,0.0,1067741.0,62.9,59.9,60.0,0.0,40819.0,507.0,93060.0,1025385.0,0.0,1.0,0.0,0.0,0.0,274.4,273.6,275.8,0.772,271.0,0.531,271.1,0.842,274.0,0.002,13.95,2.0,3.0,0.0,-0.5429999999999999,0.0,21.13,91.3,0.0,-0.0069999999999999,-0.003,-0.003,-0.356,-0.1019999999999999,0.225,0.0,9.21,-3.553,-3.457,-3.924,-3.54,-3.746,-3.64,-124.3,-3.395,-3.555,0.017,0.001,0.002,0.004,0.006,0.013,0.011,0.011,6526.0,9176.0,9131.0,9311.0,7925.0,7900.0,6400.0,0.0,0.0,0.0,0.001,0.001,0.001,0.001,0.0,90.5,0.0,60.14,0.0,0.0,0.0,0.0,16.0,0.0,0.0,0.0,0.0,0.0,-3.27,-3.3,0.0,-3.675,209.2,20.59,2.0,3.473,-1.0,1.345,2.3,4901
2016-01-20 17:48:00,0.0,0.0,0.0,1067741.0,62.9,59.9,60.0,0.0,40819.0,507.0,93060.0,1025385.0,0.0,1.0,0.0,0.0,0.0,273.8,273.7,275.9,0.772,271.0,0.531,271.0,0.842,273.9,0.002,13.96,1.0,3.0,0.0,-0.561,0.0,21.19,79.78,0.0,-0.0069999999999999,-0.003,-0.003,-0.356,-0.1019999999999999,0.895,0.0,9.18,-3.553,-3.457,-3.938,-3.554,-3.746,-3.608,-144.4,-3.381,-3.555,0.018,0.002,0.002,0.005,0.006,0.013,0.011,0.011,6526.0,9176.0,9131.0,9311.0,7925.0,7900.0,6400.0,0.0,0.0,0.0,0.0,0.001,0.001,0.001,0.0,79.15999999999998,0.0,60.14,0.0,0.0,0.0,0.0,16.0,0.0,0.0,0.0,0.0,0.0,-3.256,-3.279,0.0,-3.669,186.6,20.06,3.0,3.473,-1.0,0.962,1.5,4901
2016-01-20 17:49:00,0.0,0.0,0.0,1067741.0,62.9,59.9,60.0,0.0,40819.0,507.0,93060.0,1025385.0,0.0,1.0,0.0,0.0,0.0,274.0,273.7,275.8,0.772,271.0,0.531,271.0,0.842,274.0,0.002,13.96,1.0,3.0,0.0,-0.563,0.0,21.12,70.59,0.0,-0.0069999999999999,-0.003,-0.003,-0.356,-0.1019999999999999,0.915,0.0,9.15,-3.553,-3.457,-3.938,-3.554,-3.746,-3.574,-143.9,-3.395,-3.555,0.0139999999999999,0.002,0.002,0.005,0.006,0.013,0.011,0.012,6526.0,9176.0,9131.0,9311.0,7925.0,7900.0,6400.0,0.0,0.0,0.0,0.0,0.001,0.001,0.001,0.0,69.99,0.0,60.13,0.0,0.0,0.0,0.0,16.0,0.0,0.0,0.0,0.0,0.0,-3.24,-3.312,0.0,-3.686,181.6,7.9689999999999985,3.0,3.473,-1.0,1.632,2.0,4901
2016-01-20 17:50:00,0.0,0.0,0.0,1067741.0,62.9,59.9,60.0,0.0,40819.0,507.0,93060.0,1025385.0,0.0,1.0,0.0,0.0,0.0,274.1,273.7,275.9,0.772,271.0,0.531,271.1,0.842,274.0,0.002,13.95,1.0,3.0,0.0,-0.568,0.0,20.83,63.26,0.0,-0.0069999999999999,-0.003,-0.003,-0.356,-0.1019999999999999,0.513,0.0,9.08,-3.553,-3.457,-3.938,-3.554,-3.746,-3.591,-123.7,-3.381,-3.555,0.011,0.001,0.002,0.004,0.006,0.0139999999999999,0.011,0.011,6526.0,9176.0,9131.0,9311.0,7925.0,7900.0,6400.0,0.0,0.0,0.0,0.0,0.001,0.001,0.001,0.0,62.83,0.0,60.13,0.0,0.0,0.0,0.0,16.0,0.0,0.0,0.0,0.0,0.0,-3.234,-3.274,0.0,-3.68,217.1,12.05,2.333,3.474,-1.0,1.778,2.2,4901
2016-01-20 17:51:00,0.0,0.0,0.0,1067741.0,62.9,59.9,60.0,0.0,40819.0,507.0,93060.0,1025385.0,0.0,1.0,0.0,0.0,0.0,274.2,273.7,276.0,0.772,271.0,0.531,271.1,0.842,274.0,0.002,13.95,1.0,3.0,0.0,-0.5849999999999999,0.0,21.04,57.31,0.0,-0.0069999999999999,-0.003,-0.003,-0.356,-0.1019999999999999,0.421,0.0,9.02,-3.553,-3.457,-3.938,-3.536,-3.746,-3.574,-123.7,-3.377,-3.555,0.005,0.001,0.002,0.004,0.005,0.0139999999999999,0.01,0.012,6526.0,9176.0,9131.0,9311.0,7925.0,7900.0,6400.0,0.0,0.0,0.0,0.0,0.001,0.001,0.001,0.0,56.99,0.0,60.14,0.0,0.0,0.0,0.0,16.0,0.0,0.0,0.0,0.0,0.0,-3.216,-3.1860000000000004,0.0,-3.662,197.3,12.79,2.333,3.472,-1.0,1.485,2.2,4901
2016-01-20 17:52:00,0.0,0.0,0.0,1067741.0,62.9,59.9,60.0,0.0,40819.0,507.0,93060.0,1025385.0,0.0,1.0,0.0,0.0,0.0,274.1,273.8,276.1,0.772,271.0,0.531,271.3,0.842,274.0,0.002,13.96,1.0,3.0,0.0,-0.5899999999999999,0.0,21.0,52.51,0.0,-0.0069999999999999,-0.003,-0.003,-0.356,-0.1019999999999999,0.924,0.0,9.0,-3.553,-3.457,-3.906,-3.522,-3.746,-3.588,-144.8,-3.395,-3.555,0.006,0.001,0.002,0.005,0.006,0.013,0.011,0.012,6526.0,9176.0,9131.0,9311.0,7925.0,7900.0,6400.0,0.0,0.0,0.0,0.0,0.001,0.001,0.001,0.0,52.29,0.0,60.14,0.0,0.0,0.0,0.0,16.0,0.0,0.0,0.0,0.0,0.0,-3.1830000000000003,-3.19,0.0,-3.659,202.2,23.36,3.0,3.472,-1.0,0.805,1.5,4901
2016-01-20 17:53:00,0.0,0.0,0.0,1067741.0,62.9,59.9,60.0,0.0,40819.0,507.0,93060.0,1025385.0,0.0,1.0,0.0,0.0,0.0,274.1,273.9,276.2,0.772,271.0,0.531,271.9,0.842,274.0,0.002,13.96,1.0,3.0,0.0,-0.6059999999999999,0.0,21.05,48.83,0.0,-0.0069999999999999,-0.003,-0.003,-0.356,-0.1019999999999999,0.91,0.0,8.939999999999998,-3.553,-3.457,-3.874,-3.522,-3.746,-3.559,-144.7,-3.363,-3.555,0.009,0.001,0.002,0.004,0.005,0.013,0.01,0.012,6526.0,9176.0,9131.0,9311.0,7925.0,7900.0,6400.0,0.0,0.0,0.0,0.0,0.001,0.0,0.001,0.0,48.6,0.0,60.15,0.0,0.0,0.0,0.0,16.0,0.0,0.0,0.0,0.0,0.0,-3.176,-3.247,0.0,-3.668,202.3,30.04,3.0,3.473,-1.0,1.315,2.1,4901
2016-01-20 17:54:00,0.0,0.0,0.0,1067741.0,62.9,59.9,60.0,0.0,40819.0,507.0,93060.0,1025385.0,0.0,1.0,0.0,0.0,0.0,273.9,274.0,276.2,0.772,271.0,0.531,271.7,0.842,274.0,0.002,13.95,1.0,3.0,0.0,-0.6059999999999999,0.0,21.06,45.35,0.0,-0.0069999999999999,-0.003,-0.003,-0.356,-0.1019999999999999,0.2919999999999999,0.0,8.87,-3.553,-3.457,-3.938,-3.554,-3.746,-3.559,-93.2,-3.381,-3.555,0.001,0.001,0.003,0.004,0.006,0.0139999999999999,0.011,0.011,6526.0,9176.0,9131.0,9311.0,7925.0,7900.0,6400.0,0.0,0.0,0.0,0.0,0.001,0.0,0.001,0.0,45.15,0.0,60.15,0.0,0.0,0.0,0.0,16.0,0.0,0.0,0.0,0.0,0.0,-3.189,-3.272,0.0,-3.676,189.4,8.92,2.0,3.473,-1.0,1.435,1.9,4901
2016-01-20 17:55:00,0.0,0.0,0.0,1067741.0,62.9,59.9,60.0,0.0,40819.0,507.0,93060.0,1025385.0,0.0,1.0,0.0,0.0,0.0,274.3,274.0,276.3,0.772,271.3,0.531,271.9,0.842,274.0,0.002,13.95,1.0,3.0,0.0,-0.6089999999999999,0.0,20.99,42.57,0.0,-0.0069999999999999,-0.003,-0.003,-0.356,-0.1019999999999999,0.657,0.0,8.859999999999998,-3.553,-3.457,-3.938,-3.554,-3.746,-3.559,-118.7,-3.381,-3.555,0.0149999999999999,0.001,0.003,0.005,0.006,0.013,0.011,0.011,6526.0,9176.0,9131.0,9311.0,7925.0,7900.0,6400.0,0.0,0.0,0.0,0.0,0.001,0.0,0.0,0.0,42.37,0.0,60.15,0.0,0.0,0.0,0.0,16.0,0.0,0.0,0.0,0.0,0.0,-3.204,-3.259,0.0,-3.68,200.6,9.62,2.667,3.473,-1.0,1.227,2.1,4901
2016-01-20 17:56:00,0.0,0.0,0.0,1067741.0,62.9,59.9,60.0,0.0,40819.0,507.0,93060.0,1025385.0,0.0,1.0,0.0,0.0,0.0,273.8,273.5,275.8,0.772,271.0,0.531,271.1,0.842,273.9,0.002,13.96,1.0,3.0,0.0,-0.628,0.0,21.18,40.06,0.0,-0.0069999999999999,-0.003,-0.003,-0.356,-0.1019999999999999,0.915,0.0,8.779999999999998,-3.553,-3.457,-3.874,-3.554,-3.746,-3.559,-144.3,-3.363,-3.555,0.003,0.001,0.002,0.004,0.006,0.013,0.011,0.011,6526.0,9176.0,9131.0,9311.0,7925.0,7900.0,6400.0,0.0,0.0,0.0,0.0,0.001,0.0,0.0,0.0,39.87,0.0,60.14,0.0,0.0,0.0,0.0,16.0,0.0,0.0,0.0,0.0,0.0,-3.194,-3.2260000000000004,0.0,-3.683,218.9,30.7,3.0,3.473,-1.0,0.918,1.8,4901
2016-01-20 17:57:00,0.0,0.0,0.0,1067741.0,62.9,59.9,60.0,0.0,40819.0,507.0,93060.0,1025385.0,0.0,1.0,0.0,0.0,0.0,274.0,273.5,275.7,0.772,271.0,0.531,271.1,0.842,273.9,0.002,13.95,1.0,3.0,0.0,-0.628,0.0,21.15,37.8,0.0,-0.0069999999999999,-0.003,-0.003,-0.356,-0.1019999999999999,0.757,0.0,8.689999999999998,-3.553,-3.457,-3.888,-3.504,-3.732,-3.559,-144.5,-3.363,-3.5380000000000003,0.013,0.002,0.002,0.004,0.006,0.013,0.01,0.011,6526.0,9176.0,9131.0,9311.0,7925.0,7900.0,6400.0,0.0,0.0,0.0,0.0,0.0,0.0,0.0,0.0,37.63,0.0,60.14,0.0,0.0,0.0,0.0,16.0,0.0,0.0,0.0,0.0,0.0,-3.151,-3.181,0.0,-3.67,215.6,14.73,2.667,3.472,-1.0,0.885,1.6,4901
2016-01-20 17:58:00,0.0,0.0,0.0,1067741.0,62.9,59.9,60.0,0.0,40819.0,507.0,93060.0,1025385.0,0.0,1.0,0.0,0.0,0.0,274.2,273.9,276.1,0.772,271.1,0.531,271.6,0.842,274.0,0.002,13.95,2.0,3.0,0.0,-0.639,0.0,20.99,36.11,0.0,-0.0069999999999999,-0.003,-0.003,-0.356,-0.1019999999999999,0.216,0.0,8.65,-3.553,-3.457,-3.842,-3.49,-3.746,-3.559,-97.9,-3.363,-3.5410000000000004,0.008,0.002,0.001,0.004,0.006,0.013,0.01,0.011,6526.0,9176.0,9131.0,9311.0,7925.0,7900.0,6400.0,0.0,0.0,0.0,0.0,0.0,0.0,0.0,0.0,35.95,0.0,60.14,0.0,0.0,0.0,0.0,16.0,0.0,0.0,0.0,0.0,0.0,-3.15,-3.17,0.0,-3.662,193.8,12.93,2.0,3.474,-1.0,1.183,1.9,4901
2016-01-20 17:59:00,0.0,0.0,0.0,1067741.0,62.9,59.9,60.0,0.0,40819.0,507.0,93060.0,1025385.0,0.0,1.0,0.0,0.0,0.0,274.0,273.4,275.6,0.772,271.0,0.531,271.0,0.842,273.7,0.002,13.95,1.0,3.0,0.0,-0.649,0.0,20.98,34.84,0.0,-0.0069999999999999,-0.003,-0.003,-0.356,-0.1019999999999999,0.7129999999999999,0.0,8.57,-3.553,-3.457,-3.842,-3.522,-3.746,-3.559,-144.4,-3.363,-3.5410000000000004,0.008,0.001,0.002,0.004,0.006,0.013,0.01,0.011,6526.0,9176.0,9131.0,9311.0,7925.0,7900.0,6400.0,0.0,0.0,0.0,0.0,0.0,0.0,0.0,0.0,34.49,0.0,60.14,0.0,0.0,0.0,0.0,16.0,0.0,0.0,0.0,0.0,0.0,-3.162,-3.2260000000000004,0.0,-3.661,173.6,12.07,2.833,3.473,-1.0,1.137,2.1,4901
2016-01-20 18:00:00,0.0,0.0,0.0,1067741.0,62.9,59.9,60.0,0.0,40819.0,507.0,93060.0,1025385.0,0.0,1.0,0.0,0.0,0.0,274.4,273.7,275.9,0.772,271.0,0.531,271.5,0.842,274.0,0.002,13.96,1.0,3.0,0.0,-0.649,0.0,21.01,33.74,0.0,-0.0069999999999999,-0.003,-0.003,-0.3429999999999999,-0.1019999999999999,0.916,0.0,8.519999999999998,-3.553,-3.457,-3.842,-3.54,-3.746,-3.559,-123.6,-3.363,-3.555,0.011,0.001,0.002,0.004,0.005,0.013,0.01,0.011,6526.0,9176.0,9131.0,9311.0,7925.0,7900.0,6400.0,0.0,0.0,0.0,0.0,0.0,0.0,0.0,0.0,33.38,0.0,60.18,0.0,0.0,0.0,0.0,16.0,0.0,0.0,0.0,0.0,0.0,-3.174,-3.239,0.0,-3.662,215.5,21.97,3.0,3.472,-1.0,1.22,2.1,4901
2016-01-20 18:01:00,0.0,0.0,0.0,1067741.0,62.9,59.9,60.0,0.0,40819.0,507.0,93060.0,1025385.0,0.0,1.0,0.0,0.0,0.0,274.4,274.1,276.2,0.772,271.7,0.531,272.0,0.842,274.0,0.002,13.95,1.0,3.0,0.0,-0.649,0.0,21.04,32.8,0.0,-0.0069999999999999,-0.003,-0.003,-0.356,-0.1019999999999999,0.515,0.0,8.47,-3.553,-3.457,-3.86,-3.554,-3.746,-3.559,-144.6,-3.363,-3.555,0.004,0.002,0.002,0.004,0.005,0.013,0.01,0.012,6526.0,9176.0,9131.0,9311.0,7925.0,7900.0,6400.0,0.0,0.0,0.0,0.0,0.0,0.0,0.0,0.0,32.4,0.0,60.21,0.0,0.0,0.0,0.0,16.0,0.0,0.0,0.0,0.0,0.0,-3.176,-3.217,0.0,-3.664,203.3,16.6,2.333,3.473,-1.0,0.822,1.4,4901
2016-01-20 18:02:00,0.0,0.0,0.0,1067741.0,62.9,59.9,60.0,0.0,40819.0,507.0,93060.0,1025385.0,0.0,1.0,0.0,0.0,0.0,274.9,274.3,276.4,0.772,272.0,0.531,272.0,0.842,274.0,0.002,13.95,2.0,3.0,0.0,-0.664,0.0,20.98,31.85,0.0,-0.0069999999999999,-0.003,-0.003,-0.356,-0.1019999999999999,0.267,0.0,8.439999999999998,-3.553,-3.457,-3.842,-3.554,-3.746,-3.559,-98.0,-3.363,-3.555,0.0139999999999999,0.001,0.002,0.005,0.006,0.013,0.01,0.011,6526.0,9176.0,9131.0,9311.0,7925.0,7900.0,6400.0,0.0,0.0,0.0,0.0,0.0,0.0,0.0,0.0,31.48,0.0,60.22,0.0,0.0,0.0,0.0,16.0,0.0,0.0,0.0,0.0,0.0,-3.173,-3.208,0.0,-3.663,132.3,25.9,2.167,3.473,-1.0,0.823,1.3,4901
2016-01-20 18:03:00,0.0,0.0,0.0,1067741.0,62.9,59.9,60.0,0.0,40819.0,507.0,93060.0,1025385.0,0.0,1.0,0.0,0.0,0.0,274.7,274.2,276.2,0.772,272.0,0.531,272.0,0.842,274.0,0.002,13.96,1.0,3.0,0.0,-0.692,0.0,21.04,31.24,0.0,-0.0069999999999999,-0.003,-0.003,-0.356,-0.1019999999999999,0.922,0.0,8.359999999999998,-3.553,-3.457,-3.885,-3.554,-3.746,-3.559,-102.3,-3.363,-3.555,0.001,0.001,0.002,0.004,0.005,0.013,0.01,0.012,6526.0,9176.0,9131.0,9311.0,7925.0,7900.0,6400.0,0.0,0.0,0.0,0.0,0.0,0.0,0.0,0.0,30.76,0.0,60.22,0.0,0.0,0.0,0.0,16.0,0.0,0.0,0.0,0.0,0.0,-3.177,-3.244,0.0,-3.661,177.7,19.7,3.0,3.473,-1.0,1.057,1.7,4901
2016-01-20 18:04:00,0.0,0.0,0.0,1067741.0,62.9,59.9,60.0,0.0,40819.0,507.0,93060.0,1025385.0,0.0,1.0,0.0,0.0,0.0,274.9,274.4,276.4,0.772,272.0,0.531,272.0,0.842,274.0,0.002,13.96,1.0,3.0,0.0,-0.692,0.0,21.05,30.75,0.0,-0.0069999999999999,-0.003,-0.003,-0.356,-0.1019999999999999,0.916,0.0,8.26,-3.553,-3.457,-3.906,-3.554,-3.746,-3.559,-123.8,-3.363,-3.555,0.004,0.001,0.002,0.004,0.006,0.013,0.01,0.011,6526.0,9176.0,9131.0,9311.0,7925.0,7900.0,6400.0,0.0,0.0,0.0,0.0,0.0,0.0,0.0,0.0,30.31,0.0,60.22,0.0,0.0,0.0,0.0,16.0,0.0,0.0,0.0,0.0,0.0,-3.185,-3.265,0.0,-3.662,190.3,9.920000000000002,3.0,3.473,-1.0,1.23,1.8,4901
2016-01-20 18:05:00,0.0,0.0,0.0,1067741.0,62.9,59.9,60.0,0.0,40819.0,507.0,93060.0,1025385.0,0.0,1.0,0.0,0.0,0.0,274.7,274.4,276.4,0.772,272.0,0.531,272.0,0.842,274.0,0.002,13.95,1.0,3.0,0.0,-0.694,0.0,21.09,30.94,0.0,-0.0069999999999999,-0.003,-0.003,-0.356,-0.1019999999999999,0.44,0.0,8.25,-3.553,-3.457,-3.906,-3.554,-3.746,-3.559,-145.2,-3.363,-3.555,0.008,0.001,0.002,0.005,0.006,0.013,0.011,0.011,6526.0,9176.0,9131.0,9311.0,7925.0,7900.0,6400.0,0.0,0.0,0.0,0.0,0.0,0.0,0.0,0.0,30.48,0.0,60.19,0.0,0.0,0.0,0.0,16.0,0.0,0.0,0.0,0.0,0.0,-3.188,-3.235,0.0,-3.652,176.8,9.19,2.167,3.473,-1.0,1.36,2.3,4901
2016-01-20 18:06:00,0.0,0.0,0.0,1067741.0,62.9,59.9,60.0,0.0,40819.0,507.0,93060.0,1025385.0,0.0,1.0,0.0,0.0,0.0,274.4,274.0,276.0,0.772,271.7,0.531,271.8,0.842,274.0,0.002,13.95,1.0,3.0,0.0,-0.7109999999999999,0.0,20.72,31.53,0.0,-0.0069999999999999,-0.003,-0.003,-0.356,-0.1019999999999999,0.3449999999999999,0.0,8.179999999999998,-3.474,-3.457,-3.856,-3.554,-3.746,-3.559,-97.8,-3.363,-3.555,0.008,0.001,0.002,0.004,0.006,0.013,0.01,0.011,6526.0,9176.0,9131.0,9311.0,7925.0,7900.0,6400.0,0.0,0.0,0.0,0.0,0.0,0.0,0.0,0.0,31.08,0.0,60.14,0.0,0.0,0.0,0.0,16.0,0.0,0.0,0.0,0.0,0.0,-3.1660000000000004,-3.197,0.0,-3.631,176.7,14.02,2.333,3.473,-1.0,1.238,1.9,4901
2016-01-20 18:07:00,0.0,0.0,0.0,1067741.0,62.9,59.9,60.0,0.0,40819.0,507.0,93060.0,1025385.0,0.0,1.0,0.0,0.0,0.0,274.7,273.9,275.9,0.772,271.9,0.531,271.9,0.842,274.0,0.0069999999999999,13.96,1.0,3.0,0.0,-0.7049999999999998,0.0,21.14,32.08,0.0,-0.0069999999999999,-0.003,-0.003,-0.326,-0.1019999999999999,0.916,0.0,8.14,-3.457,-3.457,-3.842,-3.536,-3.746,-3.559,-145.2,-3.363,-3.5410000000000004,0.009,0.002,0.002,0.004,0.005,0.013,0.011,0.011,6526.0,9176.0,9131.0,9311.0,7925.0,7900.0,6400.0,0.0,0.0,0.0,0.0,0.0,0.0,0.0,0.0,31.64,0.0,60.14,0.0,0.0,0.0,0.0,16.0,0.0,0.0,0.0,0.0,0.0,-3.137,-3.1660000000000004,0.0,-3.619,186.5,99.4,3.0,3.473,-1.0,0.3519999999999999,1.6,4901
2016-01-20 18:08:00,0.0,0.0,0.0,1067741.0,62.9,59.9,60.0,0.0,40819.0,507.0,93060.0,1025385.0,0.0,1.0,0.0,0.0,0.0,275.0,273.9,275.8,0.772,272.0,0.531,272.0,0.842,274.0,-0.003,13.96,1.0,3.0,0.0,-0.692,0.0,21.13,32.53,0.0,-0.0069999999999999,-0.003,-0.003,-0.356,-0.1019999999999999,0.915,0.0,8.05,-3.457,-3.457,-3.842,-3.4760000000000004,-3.746,-3.559,-71.93,-3.363,-3.5410000000000004,-0.001,0.002,0.002,0.005,0.005,0.0139999999999999,0.01,0.011,6526.0,9176.0,9131.0,9311.0,7925.0,7900.0,6400.0,0.0,0.0,0.0,0.0,0.0,0.0,0.0,0.0,32.09,0.0,60.15,0.0,0.0,0.0,0.0,16.0,0.0,0.0,0.0,0.0,0.0,-3.128,-3.164,0.0,-3.612,180.1,16.95,3.0,3.473,-1.0,1.452,2.0,4901
2016-01-20 18:09:00,0.0,0.0,0.0,1067741.0,62.9,59.9,60.0,0.0,40819.0,507.0,93060.0,1025385.0,0.0,1.0,0.0,0.0,0.0,275.1,274.2,276.2,0.772,272.0,0.531,272.0,0.842,274.0,0.002,13.95,1.0,3.0,0.0,-0.692,0.0,21.01,33.07,0.0,-0.0069999999999999,-0.003,-0.003,-0.356,-0.1019999999999999,0.381,0.0,7.987999999999999,-3.457,-3.457,-3.842,-3.472,-3.746,-3.524,-123.3,-3.363,-3.488,0.009,0.001,0.002,0.004,0.005,0.013,0.01,0.011,6526.0,9176.0,9131.0,9311.0,7925.0,7900.0,6400.0,0.0,0.0,0.0,0.0,0.0,0.0,0.0,0.0,32.61,0.0,60.15,0.0,0.0,0.0,0.0,16.0,0.0,0.0,0.0,0.0,0.0,-3.139,-3.168,0.0,-3.605,179.4,18.93,2.167,3.473,-1.0,1.142,1.7,4901
2016-01-20 18:10:00,0.0,0.0,0.0,1067741.0,62.9,59.9,60.0,0.0,40819.0,507.0,93060.0,1025385.0,0.0,1.0,0.0,0.0,0.0,274.9,274.3,276.3,0.772,272.0,0.531,272.0,0.842,274.0,0.002,13.95,2.0,3.0,0.0,-0.7049999999999998,0.0,20.98,33.48,0.0,-0.0069999999999999,-0.003,-0.003,-0.356,-0.1019999999999999,0.23,0.0,7.974999999999999,-3.457,-3.457,-3.842,-3.4760000000000004,-3.746,-3.495,-144.6,-3.363,-3.474,0.01,0.001,0.002,0.004,0.006,0.012,0.011,0.011,6526.0,9176.0,9131.0,9311.0,7925.0,7900.0,6400.0,0.0,0.0,0.0,0.0,0.0,0.0,0.0,0.0,33.0,0.0,60.14,0.0,0.0,0.0,0.0,16.0,0.0,0.0,0.0,0.0,0.0,-3.144,-3.196,0.0,-3.614,197.3,14.32,2.167,3.473,-1.0,1.328,2.1,4901
2016-01-20 18:11:00,0.0,0.0,0.0,1067741.0,62.9,59.9,60.0,0.0,40819.0,507.0,93060.0,1025385.0,0.0,1.0,0.0,0.0,0.0,274.7,274.4,276.4,0.772,272.0,0.531,272.0,0.842,274.0,0.002,13.96,1.0,3.0,0.0,-0.7340000000000001,0.0,21.07,33.71,0.0,-0.0069999999999999,-0.003,-0.003,-0.356,-0.1019999999999999,0.922,0.0,7.849,-3.457,-3.442,-3.842,-3.4930000000000003,-3.746,-3.542,-123.7,-3.363,-3.459,0.005,0.001,0.002,0.004,0.005,0.013,0.009,0.011,6526.0,9176.0,9131.0,9311.0,7925.0,7900.0,6400.0,0.0,0.0,0.0,0.0,0.0,0.0,0.0,0.0,33.25,0.0,60.14,0.0,0.0,0.0,0.0,16.0,0.0,0.0,0.0,0.0,0.0,-3.134,-3.182,0.0,-3.609,215.9,47.04,3.0,3.473,-1.0,0.62,1.4,4901
2016-01-20 18:12:00,0.0,0.0,0.0,1067741.0,62.9,59.9,60.0,0.0,40819.0,507.0,93060.0,1025385.0,0.0,1.0,0.0,0.0,0.0,274.7,274.3,276.2,0.772,272.0,0.531,272.0,0.842,274.0,0.002,13.96,1.0,3.0,0.0,-0.7340000000000001,0.0,21.0,33.88,0.0,-0.0069999999999999,-0.003,-0.003,-0.352,-0.1019999999999999,0.913,0.0,7.846,-3.457,-3.457,-3.842,-3.472,-3.746,-3.51,-145.1,-3.363,-3.491,0.009,0.001,0.002,0.004,0.006,0.013,0.011,0.01,6526.0,9176.0,9131.0,9311.0,7925.0,7900.0,6400.0,0.0,0.0,0.0,0.0,0.0,0.0,0.0,0.0,33.49,0.0,60.15,0.0,0.0,0.0,0.0,16.0,0.0,0.0,0.0,0.0,0.0,-3.138,-3.178,0.0,-3.597,189.8,11.04,3.0,3.473,-1.0,1.058,1.6,4901
2016-01-20 18:13:00,0.0,0.0,0.0,1067741.0,62.9,59.9,60.0,0.0,40819.0,507.0,93060.0,1025385.0,0.0,1.0,0.0,0.0,0.0,274.7,274.3,276.2,0.772,272.0,0.531,272.0,0.842,274.0,0.002,13.95,1.0,3.0,0.0,-0.7340000000000001,0.0,21.04,34.11,0.0,-0.0069999999999999,-0.003,-0.003,-0.356,-0.1019999999999999,0.482,0.0,7.746,-3.457,-3.457,-3.842,-3.458,-3.746,-3.4810000000000003,-144.7,-3.363,-3.459,-0.006,0.001,0.002,0.004,0.005,0.012,0.009,0.011,6526.0,9176.0,9131.0,9311.0,7925.0,7900.0,6400.0,0.0,0.0,0.0,0.0,0.0,0.0,0.0,0.0,33.62,0.0,60.15,0.0,0.0,0.0,0.0,16.0,0.0,0.0,0.0,0.0,0.0,-3.1180000000000003,-3.174,0.0,-3.593,167.9,14.98,2.333,3.473,-1.0,1.245,1.7,4901
2016-01-20 18:14:00,0.0,0.0,0.0,1067741.0,62.9,59.9,60.0,0.0,40819.0,507.0,93060.0,1025385.0,0.0,1.0,0.0,0.0,0.0,274.3,274.0,275.8,0.772,271.2,0.531,271.8,0.842,274.0,0.002,13.95,1.0,3.0,0.0,-0.746,0.0,20.87,33.74,0.0,-0.0069999999999999,-0.003,-0.003,-0.356,-0.1019999999999999,0.3009999999999999,0.0,7.7,-3.457,-3.4210000000000003,-3.842,-3.49,-3.746,-3.495,-98.0,-3.363,-3.474,0.0139999999999999,0.002,0.001,0.004,0.005,0.013,0.01,0.01,6526.0,9176.0,9131.0,9311.0,7925.0,7900.0,6400.0,0.0,0.0,0.0,0.0,0.0,0.0,0.0,0.0,33.24,0.0,60.13,0.0,0.0,0.0,0.0,16.0,0.0,0.0,0.0,0.0,0.0,-3.122,-3.158,0.0,-3.59,185.2,14.13,2.167,3.473,-1.0,0.79,1.5,4901
2016-01-20 18:15:00,0.0,0.0,0.0,1067741.0,62.9,59.9,60.0,0.0,40819.0,507.0,93060.0,1025385.0,0.0,1.0,0.0,0.0,0.0,273.9,273.8,275.8,0.772,271.0,0.531,271.1,0.842,273.9,0.002,13.96,1.0,3.0,0.0,-0.753,0.0,21.11,33.72,0.0,-0.0069999999999999,-0.003,-0.003,-0.356,-0.1019999999999999,0.915,0.0,7.632,-3.457,-3.439,-3.842,-3.49,-3.746,-3.559,-144.9,-3.363,-3.459,0.011,0.001,0.002,0.004,0.005,0.0139999999999999,0.01,0.01,6526.0,9176.0,9131.0,9311.0,7925.0,7900.0,6400.0,0.0,0.0,0.0,0.0,0.0,0.0,0.0,0.0,33.2,0.0,60.15,0.0,0.0,0.0,0.0,16.0,0.0,0.0,0.0,0.0,0.0,-3.109,-3.1180000000000003,0.0,-3.567,193.7,13.22,3.0,3.473,-1.0,0.993,2.0,4901
2016-01-20 18:16:00,0.0,0.0,0.0,1067741.0,62.9,59.9,60.0,0.0,40819.0,507.0,93060.0,1025385.0,0.0,1.0,0.0,0.0,0.0,274.5,274.0,276.0,0.772,271.7,0.531,271.8,0.842,273.8,0.002,13.95,1.0,3.0,0.0,-0.755,0.0,21.1,33.68,0.0,-0.0069999999999999,-0.003,-0.003,-0.356,-0.1019999999999999,0.914,0.0,7.567999999999999,-3.457,-3.407,-3.842,-3.458,-3.746,-3.478,-144.8,-3.363,-3.459,0.017,0.002,0.002,0.005,0.005,0.013,0.01,0.012,6526.0,9176.0,9131.0,9311.0,7925.0,7900.0,6400.0,0.0,0.0,0.0,0.0,0.0,0.0,0.0,0.0,33.13,0.0,60.15,0.0,0.0,0.0,0.0,16.0,0.0,0.0,0.0,0.0,0.0,-3.089,-3.117,0.0,-3.567,202.6,19.77,2.833,3.472,-1.0,1.363,2.5,4901
2016-01-20 18:17:00,0.0,0.0,0.0,1067741.0,62.9,59.9,60.0,0.0,40819.0,507.0,93060.0,1025385.0,0.0,1.0,0.0,0.0,0.0,274.5,274.2,276.1,0.772,271.6,0.531,272.0,0.842,274.0,0.004,13.95,2.0,3.0,0.0,-0.755,0.0,21.01,33.62,0.0,-0.0069999999999999,-0.003,-0.003,-0.33,-0.1019999999999999,0.228,0.0,7.501,-3.457,-3.361,-3.842,-3.458,-3.682,-3.463,-144.5,-3.267,-3.459,0.005,0.001,0.002,0.004,0.006,0.013,0.011,0.01,6526.0,9176.0,9131.0,9311.0,7925.0,7900.0,6400.0,0.0,0.0,0.0,0.0,0.0,0.0,0.0,0.0,33.13,0.0,60.14,0.0,0.0,0.0,0.0,16.0,0.0,0.0,0.0,0.0,0.0,-3.062,-3.07,0.0,-3.547,222.4,11.28,2.0,3.472,-1.0,2.51,3.8,4901
2016-01-20 18:18:00,0.0,0.0,0.0,1067741.0,62.9,59.9,60.0,0.0,40819.0,507.0,93060.0,1025385.0,0.0,1.0,0.0,0.0,0.0,274.4,274.3,276.1,0.772,271.4,0.531,272.0,0.842,274.0,-0.013,13.37,1.0,1.0,0.0,-0.755,0.0,21.01,33.67,0.0,-0.005,-0.003,-0.003,-0.3489999999999999,-0.1019999999999999,0.557,0.001,7.457,-3.439,-3.361,-3.842,-3.458,-3.65,-3.463,-98.1,-3.267,-3.459,0.008,0.001,0.002,0.005,0.005,0.013,0.01,0.011,6526.0,9176.0,9131.0,9311.0,7925.0,7900.0,6400.0,0.0,0.0,0.0,0.0,0.0,0.0,0.0,0.0,33.09,0.0,60.14,0.0,0.0,0.0,0.0,16.0,0.0,0.0,0.0,0.0,0.0,-3.047,-3.047,0.0,-3.528,180.5,8.46,2.667,3.472,-1.0,1.767,3.3,4901
2016-01-20 18:19:00,0.0,0.0,0.0,1067741.0,62.9,59.9,60.0,0.0,40819.0,507.0,93060.0,1025385.0,0.0,1.0,0.0,0.0,0.0,274.5,274.4,276.3,0.772,272.0,0.531,272.0,0.842,274.0,0.013,13.77,1.0,3.0,0.0,-0.755,0.0,21.08,33.87,0.0,-0.003,-0.003,-0.003,-0.356,-0.1019999999999999,0.914,0.001,7.442999999999999,-3.425,-3.361,-3.842,-3.458,-3.65,-3.463,-143.9,-3.267,-3.459,0.005,0.001,0.001,0.004,0.005,0.013,0.01,0.011,6526.0,9176.0,9131.0,9311.0,7925.0,7900.0,6400.0,0.0,0.0,0.0,0.0,0.0,0.0,0.0,0.0,33.47,0.0,60.14,0.0,0.0,0.0,0.0,16.0,0.0,0.0,0.0,0.0,0.0,-3.067,-3.0980000000000003,0.0,-3.514,172.9,11.41,3.0,3.472,-1.0,2.713,4.5,4901
2016-01-20 18:20:00,0.0,0.0,0.0,1067741.0,62.9,59.9,60.0,0.0,40819.0,507.0,93060.0,1025385.0,0.0,1.0,0.0,0.0,0.0,274.7,274.3,276.3,0.772,272.0,0.531,272.0,0.842,274.0,0.003,13.96,1.0,3.0,0.0,-0.765,0.0,20.83,34.29,0.0,-0.003,-0.003,-0.003,-0.356,-0.1019999999999999,0.916,0.0,7.295,-3.41,-3.361,-3.842,-3.458,-3.65,-3.463,-123.3,-3.267,-3.459,0.004,0.002,0.002,0.004,0.005,0.013,0.009,0.01,6526.0,9176.0,9131.0,9311.0,7925.0,7900.0,6400.0,0.0,0.0,0.0,0.0,0.0,0.0,0.0,0.0,33.85,0.0,60.14,0.0,0.0,0.0,0.0,16.0,0.0,0.0,0.0,0.0,0.0,-3.074,-3.072,0.0,-3.4960000000000004,197.9,29.38,3.0,3.472,-1.0,2.045,3.2,4901
2016-01-20 18:21:00,0.0,0.0,0.0,1067741.0,62.9,59.9,60.0,0.0,40819.0,507.0,93060.0,1025385.0,0.0,1.0,0.0,0.0,0.0,274.8,274.2,276.3,0.772,272.0,0.531,272.0,0.842,274.0,0.002,13.95,1.0,3.0,0.0,-0.777,0.0,20.76,34.18,0.0,-0.003,-0.003,-0.003,-0.356,-0.1019999999999999,0.528,0.0,7.248999999999999,-3.428,-3.361,-3.842,-3.44,-3.65,-3.463,-144.6,-3.267,-3.459,0.013,0.0,0.002,0.004,0.005,0.013,0.01,0.01,6526.0,9176.0,9131.0,9311.0,7925.0,7900.0,6400.0,0.0,0.0,0.0,0.0,0.0,0.0,0.0,0.0,33.7,0.0,60.14,0.0,0.0,0.0,0.0,16.0,0.0,0.0,0.0,0.0,0.0,-3.083,-3.088,0.0,-3.505,203.3,11.67,2.333,3.472,-1.0,2.517,3.7,4901
2016-01-20 18:22:00,0.0,0.0,0.0,1067741.0,62.9,59.9,60.0,0.0,40819.0,507.0,93060.0,1025385.0,0.0,1.0,0.0,0.0,0.0,274.8,274.3,276.3,0.772,272.0,0.531,272.0,0.842,274.0,0.002,13.95,1.0,3.0,0.0,-0.777,0.0,21.09,33.85,0.0,-0.003,-0.003,-0.003,-0.356,-0.1019999999999999,0.4299999999999999,0.0,7.282999999999999,-3.439,-3.346,-3.842,-3.408,-3.65,-3.463,-144.8,-3.267,-3.459,0.011,0.001,0.002,0.004,0.005,0.013,0.01,0.01,6526.0,9176.0,9131.0,9311.0,7925.0,7900.0,6400.0,0.0,0.0,0.0,0.0,0.0,0.0,0.0,0.0,33.44,0.0,60.14,0.0,0.0,0.0,0.0,16.0,0.0,0.0,0.0,0.0,0.0,-3.06,-3.04,0.0,-3.492,202.0,14.85,2.333,3.473,-1.0,2.212,2.9,4901
2016-01-20 18:23:00,0.0,0.0,0.0,1067741.0,62.9,59.9,60.0,0.0,40819.0,507.0,93060.0,1025385.0,0.0,1.0,0.0,0.0,0.0,274.9,274.3,276.3,0.772,272.0,0.531,272.0,0.842,274.0,0.002,13.96,1.0,3.0,0.0,-0.777,0.0,21.01,34.22,0.0,-0.003,-0.003,-0.003,-0.356,-0.1019999999999999,0.915,0.0,7.204,-3.457,-3.361,-3.842,-3.38,-3.65,-3.463,-123.4,-3.267,-3.459,-0.001,0.001,0.001,0.003,0.004,0.013,0.009,0.01,6526.0,9176.0,9131.0,9311.0,7925.0,7900.0,6400.0,0.0,0.0,0.0,0.0,0.0,0.0,0.0,0.0,33.67,0.0,60.14,0.0,0.0,0.0,0.0,16.0,0.0,0.0,0.0,0.0,0.0,-3.07,-3.068,0.0,-3.499,191.9,27.01,3.0,3.472,-1.0,1.295,2.6,4901
2016-01-20 18:24:00,0.0,0.0,0.0,1067741.0,62.9,59.9,60.0,0.0,40819.0,507.0,93060.0,1025385.0,0.0,1.0,0.0,0.0,0.0,275.0,274.3,276.4,0.772,272.0,0.531,272.0,0.842,274.0,0.002,13.96,1.0,3.0,0.0,-0.785,0.0,21.0,34.31,0.0,-0.003,-0.003,-0.003,-0.356,-0.1019999999999999,0.915,0.0,7.107,-3.439,-3.361,-3.842,-3.444,-3.65,-3.463,-98.3,-3.267,-3.459,0.013,0.001,0.002,0.003,0.005,0.013,0.009,0.01,6526.0,9176.0,9131.0,9311.0,7925.0,7900.0,6400.0,0.0,0.0,0.0,0.0,0.0,0.0,0.0,0.0,33.78,0.0,60.15,0.0,0.0,0.0,0.0,16.0,0.0,0.0,0.0,0.0,0.0,-3.0580000000000003,-3.104,0.0,-3.504,191.2,28.49,3.0,3.473,-1.0,1.423,2.7,4901
2016-01-20 18:25:00,0.0,0.0,0.0,1067741.0,62.9,59.9,60.0,0.0,40819.0,507.0,93060.0,1025385.0,0.0,1.0,0.0,0.0,0.0,274.9,274.5,276.5,0.772,272.0,0.531,272.0,0.842,274.1,0.002,13.95,1.0,3.0,0.0,-0.7979999999999999,0.0,21.03,34.37,0.0,-0.003,-0.003,-0.003,-0.356,-0.1019999999999999,0.4899999999999999,0.0,7.071000000000001,-3.442,-3.346,-3.842,-3.458,-3.65,-3.463,-119.0,-3.267,-3.459,0.009,0.0,0.002,0.004,0.005,0.013,0.009,0.011,6526.0,9176.0,9131.0,9311.0,7925.0,7900.0,6400.0,0.0,0.0,0.0,0.0,0.0,0.0,0.0,0.0,33.91,0.0,60.15,0.0,0.0,0.0,0.0,16.0,0.0,0.0,0.0,0.0,0.0,-3.073,-3.105,0.0,-3.513,214.5,20.29,2.333,3.473,-1.0,2.01,3.5,4901
2016-01-20 18:26:00,0.0,0.0,0.0,1067741.0,62.9,59.9,60.0,0.0,40819.0,507.0,93060.0,1025385.0,0.0,1.0,0.0,0.0,0.0,274.4,274.0,276.0,0.772,271.7,0.531,271.9,0.842,274.0,0.002,13.95,1.0,3.0,0.0,-0.7979999999999999,0.0,21.06,34.24,0.0,-0.004,-0.003,-0.003,-0.352,-0.098,0.4689999999999999,0.0,7.023,-3.457,-3.393,-3.842,-3.458,-3.65,-3.463,-144.6,-3.267,-3.459,0.006,0.001,0.002,0.005,0.005,0.013,0.01,0.01,6526.0,9176.0,9131.0,9311.0,7925.0,7900.0,6400.0,0.0,0.0,0.0,0.0,0.0,0.0,0.0,0.0,33.72,0.0,60.15,0.0,0.0,0.0,0.0,16.0,0.0,0.0,0.0,0.0,0.0,-3.056,-3.158,0.0,-3.548,195.8,30.43,2.5,3.473,-1.0,1.362,2.7,4901
2016-01-20 18:27:00,0.0,0.0,0.0,1067741.0,62.9,59.9,60.0,0.0,40819.0,507.0,93060.0,1025385.0,0.0,1.0,0.0,0.0,0.0,274.5,273.9,276.0,0.772,271.8,0.531,271.8,0.842,274.0,0.002,13.96,1.0,3.0,0.0,-0.7979999999999999,0.0,21.0,34.2,0.0,-0.006,-0.003,-0.003,-0.351,-0.0969999999999999,0.901,0.0,6.91,-3.457,-3.457,-3.906,-3.508,-3.685,-3.495,-97.7,-3.363,-3.459,0.008,0.001,0.002,0.004,0.005,0.013,0.01,0.01,6526.0,9176.0,9131.0,9311.0,7925.0,7900.0,6400.0,0.0,0.0,0.0,0.0,0.0,0.0,0.0,0.0,33.66,0.0,60.14,0.0,0.0,0.0,0.0,16.0,0.0,0.0,0.0,0.0,0.0,-3.105,-3.198,0.0,-3.61,287.0,33.99,3.0,3.472,-1.0,1.808,3.7,4901
2016-01-20 18:28:00,0.0,0.0,0.0,1067741.0,62.9,59.9,60.0,0.0,40819.0,507.0,93060.0,1025385.0,0.0,1.0,0.0,0.0,0.0,274.7,273.8,275.9,0.772,271.9,0.531,271.7,0.842,274.0,0.002,13.96,1.0,3.0,0.0,-0.7979999999999999,0.0,21.03,33.97,0.0,-0.006,-0.003,-0.003,-0.352,-0.098,0.915,0.0,6.882000000000001,-3.553,-3.457,-3.938,-3.554,-3.746,-3.559,-97.6,-3.395,-3.523,0.013,0.002,0.002,0.004,0.005,0.013,0.009,0.011,6526.0,9176.0,9131.0,9311.0,7925.0,7900.0,6400.0,0.0,0.0,0.0,0.0,0.0,0.0,0.0,0.0,33.51,0.0,60.15,0.0,0.0,0.0,0.0,16.0,0.0,0.0,0.0,0.0,0.0,-3.1210000000000004,-3.167,0.0,-3.648,239.3,23.44,3.0,3.472,-1.0,1.842,3.6,4901
2016-01-20 18:29:00,0.0,0.0,0.0,1067741.0,62.9,59.9,60.0,0.0,40819.0,507.0,93060.0,1025385.0,0.0,1.0,0.0,0.0,0.0,274.4,273.9,275.9,0.772,271.5,0.531,271.4,0.842,274.0,0.002,13.95,1.0,3.0,0.0,-0.8009999999999999,0.0,20.98,33.62,0.0,-0.0069999999999999,-0.003,-0.003,-0.3529999999999999,-0.098,0.476,0.0,6.846,-3.553,-3.503,-4.02,-3.554,-3.828,-3.559,-76.59,-3.459,-3.573,0.008,0.001,0.002,0.003,0.004,0.013,0.009,0.01,6526.0,9176.0,9131.0,9311.0,7925.0,7900.0,6400.0,0.0,0.0,0.0,0.0,0.0,0.0,0.0,0.0,33.09,0.0,60.15,0.0,0.0,0.0,0.0,16.0,0.0,0.0,0.0,0.0,0.0,-3.168,-3.1460000000000004,0.0,-3.68,246.2,13.8,2.333,3.472,-1.0,1.703,2.6,4901
2016-01-20 18:30:00,0.0,0.0,0.0,1067741.0,62.9,59.9,60.0,0.0,40819.0,507.0,93060.0,1025385.0,0.0,1.0,0.0,0.0,0.0,274.7,273.7,275.9,0.772,271.6,0.531,271.4,0.842,274.0,0.002,13.95,1.0,3.0,0.0,-0.82,0.0,21.02,33.19,0.0,-0.0069999999999999,-0.003,-0.003,-0.3499999999999999,-0.095,0.4699999999999999,0.0,6.7860000000000005,-3.634,-3.602,-4.084,-3.618,-3.842,-3.623,-124.1,-3.459,-3.637,0.0,0.0,0.002,0.004,0.005,0.013,0.009,0.01,6526.0,9176.0,9131.0,9311.0,7925.0,7900.0,6400.0,0.0,0.0,0.0,0.0,0.0,0.0,0.0,0.0,32.67,0.0,60.14,0.0,0.0,0.0,0.0,16.0,0.0,0.0,0.0,0.0,0.0,-3.209,-3.193,0.0,-3.743,245.7,40.15,2.5,3.473,-1.0,1.118,2.3,4901
2016-01-20 18:31:00,0.0,0.0,0.0,1067741.0,62.9,59.9,60.0,0.0,40819.0,507.0,93060.0,1025385.0,0.0,1.0,0.0,0.0,0.0,274.4,273.7,275.9,0.772,271.4,0.531,271.1,0.842,274.0,0.002,13.96,1.0,3.0,0.0,-0.82,0.0,20.88,32.68,0.0,-0.0069999999999999,-0.004,-0.003,-0.3489999999999999,-0.094,0.917,0.0,6.736000000000001,-3.649,-3.649,-4.13,-3.668,-3.892,-3.673,-143.9,-3.5410000000000004,-3.669,0.005,0.002,0.001,0.005,0.005,0.012,0.009,0.01,6526.0,9176.0,9131.0,9311.0,7925.0,7900.0,6400.0,0.0,0.0,0.0,0.0,0.0,0.0,0.0,0.0,32.19,0.0,60.14,0.0,0.0,0.0,0.0,16.0,0.0,0.0,0.0,0.0,0.0,-3.221,-3.2060000000000004,0.0,-3.775,203.7,23.69,3.0,3.472,-1.0,1.55,3.2,4901
2016-01-20 18:32:00,0.0,0.0,0.0,1067741.0,62.9,59.9,60.0,0.0,40819.0,507.0,93060.0,1025385.0,0.0,1.0,0.0,0.0,0.0,274.6,273.8,276.0,0.772,271.7,0.531,271.5,0.842,274.0,0.002,13.95,1.0,3.0,0.0,-0.821,0.0,20.8,32.58,0.0,-0.0069999999999999,-0.005,-0.003,-0.3499999999999999,-0.095,0.917,0.0,6.674,-3.73,-3.649,-4.13,-3.728,-3.938,-3.723,-97.6,-3.555,-3.747,-0.001,0.001,0.001,0.003,0.004,0.013,0.009,0.01,6526.0,9176.0,9131.0,9311.0,7925.0,7900.0,6400.0,0.0,0.0,0.0,0.0,0.0,0.0,0.0,0.0,32.08,0.0,60.14,0.0,0.0,0.0,0.0,16.0,0.0,0.0,0.0,0.0,0.0,-3.263,-3.326,0.0,-3.826,182.3,27.22,3.0,3.472,-1.0,2.477,4.2,4901
2016-01-20 18:33:00,0.0,0.0,0.0,1067741.0,62.9,59.9,60.0,0.0,40819.0,507.0,93060.0,1025385.0,0.0,1.0,0.0,0.0,0.0,274.7,273.8,275.9,0.772,271.7,0.531,271.4,0.842,274.0,0.002,13.95,2.0,3.0,0.0,-0.8349999999999999,0.0,21.23,32.37,0.0,-0.0069999999999999,-0.0069999999999999,-0.003,-0.351,-0.0969999999999999,0.251,0.0,6.603,-3.762,-3.745,-4.258,-3.796,-3.956,-3.752,-123.7,-3.651,-3.811,-0.001,0.001,0.001,0.003,0.005,0.012,0.01,0.01,6526.0,9176.0,9131.0,9311.0,7925.0,7900.0,6400.0,0.0,0.0,0.0,0.0,0.0,0.0,0.0,0.0,31.78,0.0,60.15,0.0,0.0,0.0,0.0,16.0,0.0,0.0,0.0,0.0,0.0,-3.3560000000000003,-3.437,0.0,-3.879,196.7,15.28,2.0,3.473,-1.0,2.545,4.7,4901
2016-01-20 18:34:00,0.0,0.0,0.0,1067741.0,62.9,59.9,60.0,0.0,40819.0,507.0,93060.0,1025385.0,0.0,1.0,0.0,0.0,0.0,274.7,274.1,276.2,0.772,272.0,0.531,272.0,0.842,274.0,0.002,13.96,1.0,3.0,0.0,-0.8409999999999999,0.0,21.24,32.29,0.0,-0.0069999999999999,-0.0069999999999999,-0.004,-0.352,-0.0969999999999999,0.8409999999999999,0.0,6.575,-3.84,-3.777,-4.322,-3.842,-4.034,-3.766,-98.3,-3.651,-3.875,-0.001,0.001,0.001,0.003,0.005,0.012,0.009,0.009,6526.0,9176.0,9131.0,9311.0,7925.0,7900.0,6400.0,0.0,0.0,0.0,0.0,0.0,0.0,0.0,0.0,31.74,0.0,60.15,0.0,0.0,0.0,0.0,16.0,0.0,0.0,0.0,0.0,0.0,-3.414,-3.49,0.0,-3.908,193.1,19.62,3.0,3.467,-1.0,1.842,2.9,4901
2016-01-20 18:35:00,0.0,0.0,0.0,1067741.0,62.9,59.9,60.0,0.0,40819.0,507.0,93060.0,1025385.0,0.0,1.0,0.0,0.0,0.0,274.7,273.8,275.9,0.772,271.8,0.531,271.5,0.842,274.0,0.002,13.96,1.0,3.0,0.0,-0.8409999999999999,0.0,21.24,32.08,0.0,-0.0069999999999999,-0.0069999999999999,-0.0069999999999999,-0.352,-0.098,0.908,0.0,6.479,-3.84,-3.812,-4.371,-3.924,-4.034,-3.833,-123.9,-3.747,-3.939,0.004,0.001,0.002,0.004,0.004,0.013,0.009,0.01,6526.0,9176.0,9131.0,9311.0,7925.0,7900.0,6400.0,0.0,0.0,0.0,0.0,0.0,0.0,0.0,0.0,31.58,0.0,60.14,0.0,0.0,0.0,0.0,16.0,0.0,0.0,0.0,0.0,0.0,-3.443,-3.471,0.0,-3.929,207.4,11.59,3.0,3.472,-1.0,2.26,3.4,4901
2016-01-20 18:36:00,0.0,0.0,0.0,1067741.0,62.9,59.9,60.0,0.0,40819.0,507.0,93060.0,1025385.0,0.0,1.0,0.0,0.0,0.0,274.8,273.7,275.8,0.772,271.8,0.531,271.2,0.842,274.0,0.002,13.96,1.0,3.0,0.0,-0.8449999999999999,0.0,21.25,32.21,0.0,-0.0069999999999999,-0.0069999999999999,-0.0069999999999999,-0.3529999999999999,-0.098,0.921,0.0,6.497000000000001,-3.84,-3.809,-4.418,-3.938,-4.084,-3.848,-145.3,-3.747,-3.971,0.009,0.0,0.001,0.004,0.005,0.013,0.009,0.011,6526.0,9176.0,9131.0,9311.0,7925.0,7900.0,6400.0,0.0,0.0,0.0,0.0,0.0,0.0,0.0,0.0,31.58,0.0,60.13,0.0,0.0,0.0,0.0,16.0,0.0,0.0,0.0,0.0,0.0,-3.429,-3.412,0.0,-3.932,212.6,16.14,3.0,3.473,-1.0,1.95,2.7,4901
2016-01-20 18:37:00,0.0,0.0,0.0,1067741.0,62.9,59.9,60.0,0.0,40819.0,507.0,93060.0,1025385.0,0.0,1.0,0.0,0.0,0.0,274.5,273.6,275.8,0.772,271.6,0.531,271.1,0.842,274.0,0.002,13.95,1.0,3.0,0.0,-0.8609999999999999,0.0,21.05,32.6,0.0,-0.0069999999999999,-0.0069999999999999,-0.0069999999999999,-0.3529999999999999,-0.099,0.436,0.0,6.415,-3.84,-3.84,-4.418,-3.938,-4.066,-3.848,-123.9,-3.747,-4.035,0.004,0.001,0.002,0.003,0.005,0.013,0.009,0.011,6526.0,9176.0,9131.0,9311.0,7925.0,7900.0,6400.0,0.0,0.0,0.0,0.0,0.0,0.0,0.0,0.0,32.08,0.0,60.15,0.0,0.0,0.0,0.0,16.0,0.0,0.0,0.0,0.0,0.0,-3.38,-3.391,0.0,-3.923,193.2,24.39,2.167,3.472,-1.0,1.762,2.8,4901
2016-01-20 18:38:00,0.0,0.0,0.0,1067741.0,62.9,59.9,60.0,0.0,40819.0,507.0,93060.0,1025385.0,0.0,1.0,0.0,0.0,0.0,274.5,273.7,275.8,0.772,271.7,0.531,271.3,0.842,274.0,0.002,13.95,1.0,3.0,0.0,-0.8609999999999999,0.0,20.74,33.12,0.0,-0.0069999999999999,-0.0069999999999999,-0.0069999999999999,-0.3539999999999999,-0.099,0.32,0.0,6.336,-3.84,-3.812,-4.418,-3.938,-4.101,-3.865,-119.2,-3.747,-4.021,0.009,0.001,0.001,0.004,0.003,0.012,0.008,0.01,6526.0,9176.0,9131.0,9311.0,7925.0,7900.0,6400.0,0.0,0.0,0.0,0.0,0.0,0.0,0.0,0.0,32.53,0.0,60.13,0.0,0.0,0.0,0.0,16.0,0.0,0.0,0.0,0.0,0.0,-3.462,-3.533,0.0,-3.95,184.8,16.3,2.167,3.472,-1.0,3.163,4.2,4901
2016-01-20 18:39:00,0.0,0.0,0.0,1067741.0,62.9,59.9,60.0,0.0,40819.0,507.0,93060.0,1025385.0,0.0,1.0,0.0,0.0,0.0,274.5,273.9,276.0,0.772,271.9,0.531,271.9,0.842,274.0,0.002,13.96,1.0,3.0,0.0,-0.88,0.0,21.0,33.46,0.0,-0.0069999999999999,-0.0069999999999999,-0.0069999999999999,-0.3539999999999999,-0.1,0.895,0.0,6.2860000000000005,-3.84,-3.823,-4.513999999999999,-3.97,-4.13,-3.944,-145.1,-3.811,-4.035,-0.004,0.001,0.002,0.004,0.005,0.013,0.01,0.01,6526.0,9176.0,9131.0,9311.0,7925.0,7900.0,6400.0,0.0,0.0,0.0,0.0,0.0,0.0,0.0,0.0,32.88,0.0,60.23,0.0,0.0,0.0,0.0,16.0,0.0,0.0,0.0,0.0,0.0,-3.517,-3.565,0.0,-3.973,192.1,21.7,3.0,3.473,-1.0,1.808,2.9,4901
2016-01-20 18:40:00,0.0,0.0,0.0,1067741.0,62.9,59.9,60.0,0.0,40819.0,507.0,93060.0,1025385.0,0.0,1.0,0.0,0.0,0.0,274.4,274.0,276.0,0.772,272.0,0.531,271.6,0.842,274.0,0.002,13.96,1.0,3.0,0.0,-0.884,0.0,21.04,33.66,0.0,-0.008,-0.0069999999999999,-0.0069999999999999,-0.3539999999999999,-0.1,0.924,0.0,6.237,-3.89,-3.887,-4.499,-4.034,-4.113,-3.944,-120.0,-3.843,-4.035,0.001,0.001,0.002,0.004,0.005,0.013,0.01,0.009,6526.0,9176.0,9131.0,9311.0,7925.0,7900.0,6400.0,0.0,0.0,0.0,0.0,0.0,0.0,0.0,0.0,33.1,0.0,60.15,0.0,0.0,0.0,0.0,16.0,0.0,0.0,0.0,0.0,0.0,-3.523,-3.562,0.0,-4.001,184.5,11.41,3.0,3.473,-1.0,1.393,2.3,4901
2016-01-20 18:41:00,0.0,0.0,0.0,1067741.0,62.9,59.9,60.0,0.0,40819.0,507.0,93060.0,1025385.0,0.0,1.0,0.0,0.0,0.0,274.4,273.8,275.9,0.772,271.6,0.531,271.2,0.842,274.0,0.002,13.96,1.0,3.0,0.0,-0.885,0.0,21.13,33.33,0.0,-0.01,-0.0069999999999999,-0.0069999999999999,-0.3539999999999999,-0.1,0.878,0.0,6.176,-3.936,-3.922,-4.513999999999999,-4.034,-4.134,-3.944,-124.0,-3.843,-4.053,0.011,0.001,0.001,0.004,0.005,0.012,0.008,0.01,6526.0,9176.0,9131.0,9311.0,7925.0,7900.0,6400.0,0.0,0.0,0.0,0.0,0.0,0.0,0.0,0.0,32.83,0.0,60.14,0.0,0.0,0.0,0.0,16.0,0.0,0.0,0.0,0.0,0.0,-3.523,-3.549,0.0,-4.018,195.9,13.57,3.0,3.472,-1.0,1.305,2.4,4901
2016-01-20 18:42:00,0.0,0.0,0.0,1067741.0,62.9,59.9,60.0,0.0,40819.0,507.0,93060.0,1025385.0,0.0,1.0,0.0,0.0,0.0,274.4,273.7,275.8,0.772,271.6,0.531,271.1,0.842,274.0,0.002,13.95,1.0,3.0,0.0,-0.901,0.0,21.04,33.67,0.0,-0.01,-0.0069999999999999,-0.0069999999999999,-0.3549999999999999,-0.1009999999999999,0.503,0.0,6.111000000000001,-3.936,-3.902,-4.513999999999999,-4.034,-4.226,-3.958,-76.89,-3.843,-4.053,0.004,0.001,0.002,0.005,0.005,0.012,0.01,0.009,6526.0,9176.0,9131.0,9311.0,7925.0,7900.0,6400.0,0.0,0.0,0.0,0.0,0.0,0.0,0.0,0.0,33.08,0.0,60.14,0.0,0.0,0.0,0.0,16.0,0.0,0.0,0.0,0.0,0.0,-3.545,-3.5610000000000004,0.0,-4.032,186.8,14.79,2.333,3.472,-1.0,2.637,4.5,4901
2016-01-20 18:43:00,0.0,0.0,0.0,1067741.0,62.9,59.9,60.0,0.0,40819.0,507.0,93060.0,1025385.0,0.0,1.0,0.0,0.0,0.0,274.6,273.6,275.8,0.772,271.6,0.531,271.0,0.842,274.0,0.002,13.95,1.0,3.0,0.0,-0.905,0.0,20.81,34.27,0.0,-0.01,-0.0069999999999999,-0.0069999999999999,-0.3529999999999999,-0.099,0.566,0.0,6.029,-3.922,-3.902,-4.513999999999999,-4.08,-4.275,-4.04,-145.1,-3.861,-4.103,0.004,0.001,0.002,0.004,0.004,0.013,0.009,0.01,6526.0,9176.0,9131.0,9311.0,7925.0,7900.0,6400.0,0.0,0.0,0.0,0.0,0.0,0.0,0.0,0.0,33.62,0.0,60.14,0.0,0.0,0.0,0.0,16.0,0.0,0.0,0.0,0.0,0.0,-3.593,-3.603,0.0,-4.047,183.9,14.58,2.667,3.465,-1.0,3.187,4.3,4901
2016-01-20 18:44:00,0.0,0.0,0.0,1067741.0,62.9,59.9,60.0,0.0,40819.0,507.0,93060.0,1025385.0,0.0,1.0,0.0,0.0,0.0,274.4,273.7,275.7,0.772,271.3,0.531,271.1,0.842,273.9,0.002,13.96,1.0,3.0,0.0,-0.925,0.0,21.04,34.38,0.0,-0.009,-0.0069999999999999,-0.006,-0.3499999999999999,-0.096,0.893,0.0,6.03,-3.936,-3.902,-4.531000000000001,-4.1160000000000005,-4.276,-4.04,-67.24,-3.939,-4.131,0.005,0.001,0.001,0.003,0.005,0.012,0.009,0.01,6526.0,9176.0,9131.0,9311.0,7925.0,7900.0,6400.0,0.0,0.0,0.0,0.0,0.0,0.0,0.0,0.0,33.74,0.0,60.15,0.0,0.0,0.0,0.0,16.0,0.0,0.0,0.0,0.0,0.0,-3.618,-3.632,0.0,-4.069,191.0,14.11,3.0,3.473,-1.0,2.475,3.5,4901
2016-01-20 18:45:00,0.0,0.0,0.0,1067741.0,62.9,59.9,60.0,0.0,40819.0,507.0,93060.0,1025385.0,0.0,1.0,0.0,0.0,0.0,274.5,273.8,275.7,0.772,271.4,0.531,271.7,0.842,273.8,0.002,13.96,1.0,3.0,0.0,-0.927,0.0,21.01,34.54,0.0,-0.008,-0.0069999999999999,-0.005,-0.351,-0.0969999999999999,0.905,0.0,5.9670000000000005,-4.0,-3.905,-4.564,-4.13,-4.287,-4.04,-51.34,-3.939,-4.131,0.009,0.002,0.0,0.004,0.005,0.013,0.009,0.01,6526.0,9176.0,9131.0,9311.0,7925.0,7900.0,6400.0,0.0,0.0,0.0,0.0,0.0,0.0,0.0,0.0,33.87,0.0,60.15,0.0,0.0,0.0,0.0,16.0,0.0,0.0,0.0,0.0,0.0,-3.645,-3.664,0.0,-4.073,192.3,14.92,3.0,3.472,-1.0,2.903,4.0,4901
2016-01-20 18:46:00,0.0,0.0,0.0,1067741.0,62.9,59.9,60.0,0.0,40819.0,507.0,93060.0,1025385.0,0.0,1.0,0.0,0.0,0.0,274.4,273.9,275.8,0.772,271.2,0.531,271.9,0.842,273.9,0.002,13.95,1.0,3.0,0.0,-0.931,0.0,20.99,34.82,0.0,-0.008,-0.0069999999999999,-0.006,-0.352,-0.098,0.376,0.0,5.934,-4.018,-3.888,-4.578,-4.148,-4.287,-4.119,-119.6,-4.003,-4.131,-0.001,0.001,0.002,0.003,0.004,0.013,0.009,0.01,6526.0,9176.0,9131.0,9311.0,7925.0,7900.0,6400.0,0.0,0.0,0.0,0.0,0.0,0.0,0.0,0.0,34.1,0.0,60.14,0.0,0.0,0.0,0.0,16.0,0.0,0.0,0.0,0.0,0.0,-3.672,-3.652,0.0,-4.073,185.1,11.93,2.167,3.473,-1.0,2.41,4.3,4901
2016-01-20 18:47:00,0.0,0.0,0.0,1067741.0,62.9,59.9,60.0,0.0,40819.0,507.0,93060.0,1025385.0,0.0,1.0,0.0,0.0,0.0,274.5,274.0,275.8,0.772,271.6,0.531,272.0,0.842,274.0,0.002,13.95,1.0,3.0,0.0,-0.947,0.0,20.79,34.93,0.0,-0.0069999999999999,-0.0069999999999999,-0.005,-0.352,-0.098,0.7429999999999999,0.0,5.855,-4.001,-3.892,-4.61,-4.148,-4.291,-4.122,-67.8,-4.003,-4.195,-0.005,0.002,0.001,0.004,0.005,0.012,0.008,0.01,6526.0,9176.0,9131.0,9311.0,7925.0,7900.0,6400.0,0.0,0.0,0.0,0.0,0.0,0.0,0.0,0.0,34.21,0.0,60.15,0.0,0.0,0.0,0.0,16.0,0.0,0.0,0.0,0.0,0.0,-3.677,-3.661,0.0,-4.093,0.0,0.0,2.833,,-1.0,,,4901
2016-01-20 18:48:00,0.0,0.0,0.0,1067741.0,62.9,59.9,60.0,0.0,40819.0,507.0,93060.0,1025385.0,0.0,1.0,0.0,0.0,0.0,274.5,273.9,275.9,0.772,271.8,0.531,271.9,0.842,274.0,0.002,13.96,1.0,3.0,0.0,-0.957,0.0,21.05,34.96,0.0,-0.0069999999999999,-0.0069999999999999,-0.005,-0.3529999999999999,-0.099,0.916,0.0,5.734,-4.018,-3.952,-4.596,-4.226,-4.259,-4.136,-124.2,-4.003,-4.227,0.008,0.002,0.001,0.003,0.004,0.013,0.008,0.01,6526.0,9176.0,9131.0,9311.0,7925.0,7900.0,6400.0,0.0,0.0,0.0,0.0,0.0,0.0,0.0,0.0,34.25,0.0,60.2,0.0,0.0,0.0,0.0,16.0,0.0,0.0,0.0,0.0,0.0,-3.684,-3.65,0.0,-4.11,203.1,28.77,3.0,3.472,-1.0,2.4,3.6,4901
2016-01-20 18:49:00,0.0,0.0,0.0,1067741.0,62.9,59.9,60.0,0.0,40819.0,507.0,93060.0,1025385.0,0.0,1.0,0.0,0.0,0.0,274.6,273.8,275.8,0.772,271.7,0.531,271.8,0.842,273.9,0.002,13.96,1.0,3.0,0.0,-0.969,0.0,21.09,34.97,0.0,-0.008,-0.0069999999999999,-0.006,-0.3529999999999999,-0.099,0.918,0.0,5.774,-4.001,-3.966,-4.596,-4.226,-4.259,-4.136,-145.5,-4.035,-4.227,0.005,0.001,0.001,0.004,0.005,0.012,0.009,0.01,6526.0,9176.0,9131.0,9311.0,7925.0,7900.0,6400.0,0.0,0.0,0.0,0.0,0.0,0.0,0.0,0.0,34.3,0.0,60.22,0.0,0.0,0.0,0.0,16.0,0.0,0.0,0.0,0.0,0.0,-3.735,-3.744,0.0,-4.138,189.2,10.91,3.0,3.473,-1.0,3.065,5.1,4901
2016-01-20 18:50:00,0.0,0.0,0.0,1067741.0,62.9,59.9,60.0,0.0,40819.0,507.0,93060.0,1025385.0,0.0,1.0,0.0,0.0,0.0,274.9,274.2,276.1,0.772,272.0,0.531,272.0,0.842,274.0,0.002,13.95,1.0,3.0,0.0,-0.973,0.0,20.95,35.18,0.0,-0.008,-0.0069999999999999,-0.006,-0.3539999999999999,-0.1,0.7249999999999999,0.0,5.692,-4.05,-3.955,-4.671,-4.226,-4.352,-4.136,-98.2,-4.035,-4.227,0.008,0.001,0.001,0.004,0.004,0.013,0.009,0.01,6526.0,9176.0,9131.0,9311.0,7925.0,7900.0,6400.0,0.0,0.0,0.0,0.0,0.0,0.0,0.0,0.0,34.53,0.0,60.22,0.0,0.0,0.0,0.0,16.0,0.0,0.0,0.0,0.0,0.0,-3.78,-3.797,0.0,-4.162,195.7,26.39,2.667,3.472,-1.0,2.948,4.7,4901
2016-01-20 18:51:00,0.0,0.0,0.0,1067741.0,62.9,59.9,60.0,0.0,40819.0,507.0,93060.0,1025385.0,0.0,1.0,0.0,0.0,0.0,275.0,274.2,276.3,0.772,272.0,0.531,272.0,0.842,274.0,0.002,13.95,1.0,3.0,0.0,-0.99,0.0,20.96,35.29,0.0,-0.009,-0.0069999999999999,-0.006,-0.352,-0.098,0.407,0.0,5.627999999999999,-4.08,-3.938,-4.657,-4.29,-4.341,-4.154,-124.3,-4.05,-4.259,0.001,0.001,0.002,0.003,0.004,0.012,0.009,0.009,6526.0,9176.0,9131.0,9311.0,7925.0,7900.0,6400.0,0.0,0.0,0.0,0.0,0.0,0.0,0.0,0.0,34.58,0.0,60.2,0.0,0.0,0.0,0.0,16.0,0.0,0.0,0.0,0.0,0.0,-3.818,-3.833,0.0,-4.178,177.6,21.61,2.333,3.467,-1.0,2.798,4.7,4901
2016-01-20 18:52:00,0.0,0.0,0.0,1067741.0,62.9,59.9,60.0,0.0,40819.0,507.0,93060.0,1025385.0,0.0,1.0,0.0,0.0,0.0,274.8,274.4,276.4,0.772,272.0,0.531,272.0,0.842,274.0,0.002,13.96,1.0,3.0,0.0,-1.0,0.0,21.04,35.49,0.0,-0.009,-0.0069999999999999,-0.006,-0.3489999999999999,-0.095,0.892,0.0,5.581,-4.097,-3.938,-4.674,-4.322,-4.39,-4.203,-145.3,-4.099,-4.324,0.004,0.001,0.002,0.003,0.005,0.012,0.01,0.009,6526.0,9176.0,9131.0,9311.0,7925.0,7900.0,6400.0,0.0,0.0,0.0,0.0,0.0,0.0,0.0,0.0,34.74,0.0,60.14,0.0,0.0,0.0,0.0,16.0,0.0,0.0,0.0,0.0,0.0,-3.838,-3.864,0.0,-4.192,183.6,10.11,3.0,3.472,-1.0,3.127,4.4,4901
2016-01-20 18:53:00,0.0,0.0,0.0,1067741.0,62.9,59.9,60.0,0.0,40819.0,507.0,93060.0,1025385.0,0.0,1.0,0.0,0.0,0.0,274.7,274.0,276.0,0.772,272.0,0.531,272.0,0.842,274.0,0.002,13.96,1.0,3.0,0.0,-1.01,0.0,20.94,35.5,0.0,-0.009,-0.0069999999999999,-0.005,-0.3499999999999999,-0.096,0.906,0.0,5.499,-4.1,-3.988,-4.646,-4.322,-4.437,-4.232,-145.5,-4.131,-4.324,0.0139999999999999,0.001,0.001,0.004,0.004,0.012,0.009,0.01,6526.0,9176.0,9131.0,9311.0,7925.0,7900.0,6400.0,0.0,0.0,0.0,0.0,0.0,0.0,0.0,0.0,34.77,0.0,60.14,0.0,0.0,0.0,0.0,16.0,0.0,0.0,0.0,0.0,0.0,-3.867,-3.875,0.0,-4.209,190.3,11.99,3.0,3.472,-1.0,3.072,4.5,4901
2016-01-20 18:54:00,0.0,0.0,0.0,1067741.0,62.9,59.9,60.0,0.0,40819.0,507.0,93060.0,1025385.0,0.0,1.0,0.0,0.0,0.0,274.8,274.1,275.9,0.772,272.0,0.531,272.0,0.842,274.0,0.002,13.95,1.0,3.0,0.0,-1.02,0.0,20.97,35.26,0.0,-0.009,-0.0069999999999999,-0.006,-0.351,-0.0969999999999999,0.893,0.0,5.453,-4.126,-4.005,-4.646,-4.322,-4.437,-4.232,-145.6,-4.178,-4.42,0.006,0.001,0.001,0.003,0.005,0.013,0.009,0.01,6526.0,9176.0,9131.0,9311.0,7925.0,7900.0,6400.0,0.0,0.0,0.0,0.0,0.0,0.0,0.0,0.0,34.54,0.0,60.14,0.0,0.0,0.0,0.0,16.0,0.0,0.0,0.0,0.0,0.0,-3.878,-3.879,0.0,-4.22,183.3,10.05,3.0,3.472,-1.0,2.697,3.7,4901
2016-01-20 18:55:00,0.0,0.0,0.0,1067741.0,62.9,59.9,60.0,0.0,40819.0,507.0,93060.0,1025385.0,0.0,1.0,0.0,0.0,0.0,275.0,274.0,275.9,0.772,272.0,0.531,272.0,0.842,274.0,0.002,13.95,2.0,3.0,0.0,-1.033,0.0,20.98,35.36,0.0,-0.008,-0.0069999999999999,-0.006,-0.3479999999999999,-0.094,0.2419999999999999,0.0,5.388999999999999,-4.1610000000000005,-4.034,-4.66,-4.322,-4.42,-4.279,-119.1,-4.227,-4.391,0.003,0.002,0.001,0.004,0.004,0.012,0.009,0.01,6526.0,9176.0,9131.0,9311.0,7925.0,7900.0,6400.0,0.0,0.0,0.0,0.0,0.0,0.0,0.0,0.0,34.64,0.0,60.15,0.0,0.0,0.0,0.0,16.0,0.0,0.0,0.0,0.0,0.0,-3.897,-3.859,0.0,-4.227,188.2,9.63,2.0,3.473,-1.0,2.598,4.2,4901
2016-01-20 18:56:00,0.0,0.0,0.0,1067741.0,62.9,59.9,60.0,0.0,40819.0,507.0,93060.0,1025385.0,0.0,1.0,0.0,0.0,0.0,274.9,274.2,276.1,0.772,272.0,0.531,272.0,0.842,274.0,0.002,13.96,1.0,3.0,0.0,-1.052,0.0,21.07,35.37,0.0,-0.009,-0.0069999999999999,-0.006,-0.342,-0.088,0.875,0.0,5.356,-4.147,-4.034,-4.643,-4.322,-4.448,-4.328,-93.9,-4.227,-4.42,0.006,0.001,0.001,0.003,0.005,0.012,0.008,0.01,6526.0,9176.0,9131.0,9311.0,7925.0,7900.0,6400.0,0.0,0.0,0.0,0.0,0.0,0.0,0.0,0.0,34.62,0.0,60.15,0.0,0.0,0.0,0.0,16.0,0.0,0.0,0.0,0.0,0.0,-3.866,-3.83,0.0,-4.251,184.3,9.08,3.0,3.468,-1.0,1.782,2.7,4901
2016-01-20 18:57:00,0.0,0.0,0.0,1067741.0,62.9,59.9,60.0,0.0,40819.0,507.0,93060.0,1025385.0,0.0,1.0,0.0,0.0,0.0,275.0,274.1,276.0,0.772,272.0,0.531,272.0,0.842,274.0,0.002,13.96,1.0,3.0,0.0,-1.053,0.0,20.72,35.49,0.0,-0.01,-0.0069999999999999,-0.0069999999999999,-0.34,-0.0859999999999999,0.894,0.0,5.278,-4.182,-4.034,-4.675,-4.322,-4.434,-4.328,-145.9,-4.227,-4.42,0.004,0.001,0.001,0.003,0.005,0.013,0.009,0.009,6526.0,9176.0,9131.0,9311.0,7925.0,7900.0,6400.0,0.0,0.0,0.0,0.0,0.0,0.0,0.0,0.0,34.78,0.0,60.14,0.0,0.0,0.0,0.0,16.0,0.0,0.0,0.0,0.0,0.0,-3.848,-3.818,0.0,-4.268,177.7,9.86,3.0,3.467,-1.0,2.093,3.8,4901
2016-01-20 18:58:00,0.0,0.0,0.0,1067741.0,62.9,59.9,60.0,0.0,40819.0,507.0,93060.0,1025385.0,0.0,1.0,0.0,0.0,0.0,274.8,274.3,276.2,0.772,272.0,0.531,272.0,0.842,274.0,0.002,13.96,1.0,3.0,0.0,-1.072,0.0,20.81,35.65,0.0,-0.01,-0.0069999999999999,-0.0069999999999999,-0.3389999999999999,-0.084,0.925,0.0,5.196000000000001,-4.147,-4.084,-4.6610000000000005,-4.336,-4.434,-4.328,-120.0,-4.227,-4.42,0.006,0.002,0.001,0.003,0.004,0.013,0.009,0.01,6526.0,9176.0,9131.0,9311.0,7925.0,7900.0,6400.0,0.0,0.0,0.0,0.0,0.0,0.0,0.0,0.0,35.14,0.0,60.14,0.0,0.0,0.0,0.0,16.0,0.0,0.0,0.0,0.0,0.0,-3.858,-3.811,0.0,-4.2860000000000005,181.0,10.34,3.0,3.465,-1.0,2.122,2.8,4901
2016-01-20 18:59:00,0.0,0.0,0.0,1067741.0,62.9,59.9,60.0,0.0,40819.0,507.0,93060.0,1025385.0,0.0,1.0,0.0,0.0,0.0,275.0,274.1,276.0,0.772,272.0,0.531,272.0,0.842,274.0,0.002,13.95,1.0,3.0,0.0,-1.083,0.0,20.72,35.73,0.0,-0.008,-0.0069999999999999,-0.006,-0.3389999999999999,-0.085,0.411,0.0,5.196000000000001,-4.13,-4.1160000000000005,-4.679,-4.354,-4.42,-4.328,-98.4,-4.227,-4.42,0.003,0.002,0.001,0.003,0.004,0.013,0.009,0.01,6526.0,9176.0,9131.0,9311.0,7925.0,7900.0,6400.0,0.0,0.0,0.0,0.0,0.0,0.0,0.0,0.0,35.18,0.0,60.14,0.0,0.0,0.0,0.0,16.0,0.0,0.0,0.0,0.0,0.0,-3.843,-3.833,0.0,-4.31,201.7,15.21,2.167,3.468,-1.0,2.743,4.4,4901
2016-01-20 19:00:00,0.0,0.0,0.0,1067741.0,62.9,59.9,60.0,0.0,40819.0,507.0,93060.0,1025385.0,0.0,1.0,0.0,0.0,0.0,274.9,274.2,276.2,0.772,272.0,0.531,272.0,0.842,274.0,0.002,13.96,1.0,3.0,0.0,-1.096,0.0,21.08,35.76,0.0,-0.0069999999999999,-0.0069999999999999,-0.005,-0.342,-0.0869999999999999,0.697,0.0,5.1,-4.13,-4.13,-4.708,-4.337,-4.4510000000000005,-4.328,-145.3,-4.227,-4.42,0.008,0.002,0.001,0.004,0.004,0.012,0.009,0.009,6526.0,9176.0,9131.0,9311.0,7925.0,7900.0,6400.0,0.0,0.0,0.0,0.0,0.0,0.0,0.0,0.0,35.2,0.0,60.21,0.0,0.0,0.0,0.0,16.0,0.0,0.0,0.0,0.0,0.0,-3.831,-3.812,0.0,-4.325,200.6,17.2,2.833,3.473,-1.0,2.383,3.7,4901
2016-01-20 19:01:00,0.0,0.0,0.0,1067741.0,62.9,59.9,60.0,0.0,40819.0,507.0,93060.0,1025385.0,0.0,1.0,0.0,0.0,0.0,275.1,274.3,276.3,0.772,272.0,0.531,272.0,0.842,274.0,0.002,13.96,1.0,3.0,0.0,-1.099,0.0,20.7,35.55,0.0,-0.0069999999999999,-0.0069999999999999,-0.004,-0.3389999999999999,-0.085,0.906,0.0,5.035,-4.13,-4.13,-4.708,-4.288,-4.42,-4.328,-119.5,-4.227,-4.42,0.01,0.001,0.001,0.003,0.004,0.013,0.009,0.01,6526.0,9176.0,9131.0,9311.0,7925.0,7900.0,6400.0,0.0,0.0,0.0,0.0,0.0,0.0,0.0,0.0,34.82,0.0,60.14,0.0,0.0,0.0,0.0,16.0,0.0,0.0,0.0,0.0,0.0,-3.819,-3.805,0.0,-4.34,196.7,13.72,3.0,3.473,-1.0,1.595,3.3,4901
2016-01-20 19:02:00,0.0,0.0,0.0,1067741.0,62.9,59.9,60.0,0.0,40819.0,507.0,93060.0,1025385.0,0.0,1.0,0.0,0.0,0.0,274.8,274.2,276.1,0.772,272.0,0.531,272.0,0.842,274.0,0.002,13.96,1.0,3.0,0.0,-1.119,0.0,20.99,35.37,0.0,-0.0069999999999999,-0.0069999999999999,-0.004,-0.3379999999999999,-0.084,0.926,0.0,5.003,-4.194,-4.13,-4.708,-4.39,-4.434,-4.328,-145.3,-4.227,-4.42,0.004,0.002,0.001,0.003,0.004,0.012,0.009,0.01,6526.0,9176.0,9131.0,9311.0,7925.0,7900.0,6400.0,0.0,0.0,0.0,0.0,0.0,0.0,0.0,0.0,34.57,0.0,60.15,0.0,0.0,0.0,0.0,16.0,0.0,0.0,0.0,0.0,0.0,-3.815,-3.796,0.0,-4.35,190.4,27.9,3.0,3.473,-1.0,1.117,1.6,4901
2016-01-20 19:03:00,0.0,0.0,0.0,1067741.0,62.9,59.9,60.0,0.0,40819.0,507.0,93060.0,1025385.0,0.0,1.0,0.0,0.0,0.0,275.1,274.2,276.2,0.772,272.0,0.531,272.0,0.842,274.0,0.002,13.96,1.0,3.0,0.0,-1.127,0.0,20.91,35.26,0.0,-0.0069999999999999,-0.0069999999999999,-0.005,-0.3389999999999999,-0.085,0.7829999999999999,0.0,4.954,-4.226,-4.13,-4.708,-4.302,-4.42,-4.328,-119.5,-4.227,-4.42,0.011,0.001,0.001,0.004,0.005,0.012,0.008,0.011,6526.0,9176.0,9131.0,9311.0,7925.0,7900.0,6400.0,0.0,0.0,0.0,0.0,0.0,0.0,0.0,0.0,34.55,0.0,60.15,0.0,0.0,0.0,0.0,16.0,0.0,0.0,0.0,0.0,0.0,-3.824,-3.818,0.0,-4.37,212.1,41.86,2.667,3.472,-1.0,2.403,4.4,4901
2016-01-20 19:04:00,0.0,0.0,0.0,1067741.0,62.9,59.9,60.0,0.0,40819.0,507.0,93060.0,1025385.0,0.0,1.0,0.0,0.0,0.0,275.0,274.2,276.4,0.772,272.0,0.531,272.0,0.842,274.0,0.002,13.95,2.0,3.0,0.0,-1.139,0.0,21.15,35.57,0.0,-0.0069999999999999,-0.0069999999999999,-0.006,-0.341,-0.0869999999999999,0.222,0.0,4.907,-4.226,-4.13,-4.708,-4.341,-4.484,-4.328,-98.6,-4.227,-4.42,0.001,0.002,0.002,0.002,0.005,0.012,0.009,0.009,6526.0,9176.0,9131.0,9311.0,7925.0,7900.0,6400.0,0.0,0.0,0.0,0.0,0.0,0.0,0.0,0.0,34.91,0.0,60.14,0.0,0.0,0.0,0.0,16.0,0.0,0.0,0.0,0.0,0.0,-3.88,-3.867,0.0,-4.398,203.1,14.02,2.0,3.473,-1.0,3.103,4.1,4901
2016-01-20 19:05:00,0.0,0.0,0.0,1067741.0,62.9,59.9,60.0,0.0,40819.0,507.0,93060.0,1025385.0,0.0,1.0,0.0,0.0,0.0,274.9,274.3,276.4,0.772,272.0,0.531,272.0,0.842,274.0,0.002,13.96,1.0,3.0,0.0,-1.142,0.0,20.96,35.6,0.0,-0.0069999999999999,-0.0069999999999999,-0.006,-0.3389999999999999,-0.085,0.8329999999999999,0.0,4.875,-4.226,-4.144,-4.708,-4.386,-4.516,-4.328,-77.34999999999998,-4.227,-4.42,0.008,0.001,0.001,0.003,0.004,0.012,0.01,0.009,6526.0,9176.0,9131.0,9311.0,7925.0,7900.0,6400.0,0.0,0.0,0.0,0.0,0.0,0.0,0.0,0.0,35.15,0.0,60.14,0.0,0.0,0.0,0.0,16.0,0.0,0.0,0.0,0.0,0.0,-3.88,-3.851,0.0,-4.41,0.0,0.0,3.0,,-1.0,,,4901
2016-01-20 19:06:00,0.0,0.0,0.0,1067741.0,62.9,59.9,60.0,0.0,40819.0,507.0,93060.0,1025385.0,0.0,1.0,0.0,0.0,0.0,275.0,274.4,276.4,0.772,272.0,0.531,272.0,0.842,274.0,0.002,13.96,1.0,3.0,0.0,-1.159,0.0,20.97,36.07,0.0,-0.0069999999999999,-0.006,-0.006,-0.341,-0.0869999999999999,0.901,0.0,4.84,-4.226,-4.13,-4.708,-4.341,-4.516,-4.328,-145.5,-4.227,-4.42,0.006,0.001,0.001,0.003,0.004,0.012,0.008,0.009,6526.0,9176.0,9131.0,9311.0,7925.0,7900.0,6400.0,0.0,0.0,0.0,0.0,0.0,0.0,0.0,0.0,35.6,0.0,60.15,0.0,0.0,0.0,0.0,16.0,0.0,0.0,0.0,0.0,0.0,-3.849,-3.826,0.0,-4.402,196.6,20.22,3.0,3.467,-1.0,2.133,2.8,4901
2016-01-20 19:07:00,0.0,0.0,0.0,1067741.0,62.9,59.9,60.0,0.0,40819.0,507.0,93060.0,1025385.0,0.0,1.0,0.0,0.0,0.0,275.1,274.2,276.3,0.772,272.0,0.531,272.0,0.842,274.0,0.002,13.96,1.0,3.0,0.0,-1.171,0.0,20.94,36.41,0.0,-0.0069999999999999,-0.006,-0.006,-0.342,-0.0869999999999999,0.904,0.0,4.811,-4.226,-4.211,-4.708,-4.341,-4.516,-4.328,-119.9,-4.227,-4.42,0.009,0.001,0.001,0.003,0.004,0.012,0.009,0.01,6526.0,9176.0,9131.0,9311.0,7925.0,7900.0,6400.0,0.0,0.0,0.0,0.0,0.0,0.0,0.0,0.0,35.93,0.0,60.14,0.0,0.0,0.0,0.0,16.0,0.0,0.0,0.0,0.0,0.0,-3.876,-3.898,0.0,-4.397,181.3,14.36,3.0,3.473,-1.0,1.925,2.8,4901
2016-01-20 19:08:00,0.0,0.0,0.0,1067741.0,62.9,59.9,60.0,0.0,40819.0,507.0,93060.0,1025385.0,0.0,1.0,0.0,0.0,0.0,275.0,274.4,276.4,0.772,272.0,0.531,272.0,0.842,274.0,0.002,13.95,1.0,3.0,0.0,-1.182,0.0,20.98,36.73,0.0,-0.0069999999999999,-0.005,-0.006,-0.34,-0.0859999999999999,0.8679999999999999,0.0,4.793,-4.226,-4.208,-4.722,-4.341,-4.58,-4.328,-145.8,-4.227,-4.42,0.019,0.001,0.002,0.003,0.004,0.013,0.008,0.008,6526.0,9176.0,9131.0,9311.0,7925.0,7900.0,6400.0,0.0,0.0,0.0,0.0,0.0,0.0,0.0,0.0,36.17,0.0,60.14,0.0,0.0,0.0,0.0,16.0,0.0,0.0,0.0,0.0,0.0,-3.869,-3.895,0.0,-4.401,179.1,25.44,2.833,3.473,-1.0,1.198,2.6,4901
2016-01-20 19:09:00,0.0,0.0,0.0,1067741.0,62.9,59.9,60.0,0.0,40819.0,507.0,93060.0,1025385.0,0.0,1.0,0.0,0.0,0.0,275.1,274.5,276.4,0.772,272.0,0.531,272.0,0.842,274.0,0.004,13.95,2.0,3.0,0.0,-1.1840000000000002,0.0,21.14,36.91,0.0,-0.0069999999999999,-0.005,-0.006,-0.313,-0.084,0.216,0.0,4.714,-4.226,-4.226,-4.74,-4.338,-4.612,-4.328,-145.4,-4.227,-4.42,0.011,0.001,0.001,0.004,0.004,0.012,0.009,0.01,6526.0,9176.0,9131.0,9311.0,7925.0,7900.0,6400.0,0.0,0.0,0.0,0.0,0.0,0.0,0.0,0.0,36.35,0.0,60.15,0.0,0.0,0.0,0.0,16.0,0.0,0.0,0.0,0.0,0.0,-3.858,-3.86,0.0,-4.404,179.2,19.12,2.0,3.473,-1.0,1.943,3.1,4901
2016-01-20 19:10:00,0.0,0.0,0.0,1067741.0,62.9,59.9,60.0,0.0,40819.0,507.0,93060.0,1025385.0,0.0,1.0,0.0,0.0,0.0,275.0,274.5,276.5,0.772,272.0,0.531,272.0,0.842,274.0,0.0,13.83,1.0,3.0,0.0,-1.202,0.0,21.08,37.24,0.0,-0.0069999999999999,-0.004,-0.006,-0.319,-0.08,0.785,0.001,4.633,-4.226,-4.194,-4.772,-4.324,-4.58,-4.36,-98.8,-4.227,-4.455,0.008,0.001,0.002,0.003,0.004,0.013,0.008,0.009,6526.0,9176.0,9131.0,9311.0,7925.0,7900.0,6400.0,0.0,0.0,0.0,0.0,0.0,0.0,0.0,0.0,36.66,0.0,60.15,0.0,0.0,0.0,0.0,16.0,0.0,0.0,0.0,0.0,0.0,-3.855,-3.777,0.0,-4.375,197.6,14.71,2.833,3.472,-1.0,1.252,1.9,4901
2016-01-20 19:11:00,0.0,0.0,0.0,1067741.0,62.9,59.9,60.0,0.0,40819.0,507.0,93060.0,1025385.0,0.0,1.0,0.0,0.0,0.0,275.3,274.5,276.5,0.772,272.0,0.531,272.0,0.842,274.0,0.002,13.96,1.0,3.0,0.0,-1.203,0.0,21.13,37.46,0.0,-0.0069999999999999,-0.005,-0.006,-0.331,-0.0769999999999999,0.906,0.0,4.618,-4.226,-4.148,-4.725,-4.324,-4.612,-4.343,-146.0,-4.227,-4.42,0.013,0.001,0.001,0.004,0.004,0.012,0.008,0.01,6526.0,9176.0,9131.0,9311.0,7925.0,7900.0,6400.0,0.0,0.0,0.0,0.0,0.0,0.0,0.0,0.0,37.06,0.0,60.18,0.0,0.0,0.0,0.0,16.0,0.0,0.0,0.0,0.0,0.0,-3.847,-3.776,0.0,-4.388999999999999,197.0,23.36,3.0,3.473,-1.0,1.36,2.1,4901
2016-01-20 19:12:00,0.0,0.0,0.0,1067741.0,62.9,59.9,60.0,0.0,40819.0,507.0,93060.0,1025385.0,0.0,1.0,0.0,0.0,0.0,275.1,274.5,276.6,0.772,272.0,0.531,272.0,0.842,274.0,0.002,13.96,1.0,3.0,0.0,-1.224,0.0,20.8,37.79,0.0,-0.0069999999999999,-0.004,-0.005,-0.331,-0.0769999999999999,0.913,0.0,4.618,-4.226,-4.226,-4.722,-4.324,-4.58,-4.36,-119.9,-4.227,-4.42,0.0149999999999999,0.001,0.001,0.003,0.004,0.013,0.009,0.009,6526.0,9176.0,9131.0,9311.0,7925.0,7900.0,6400.0,0.0,0.0,0.0,0.0,0.0,0.0,0.0,0.0,37.37,0.0,60.14,0.0,0.0,0.0,0.0,16.0,0.0,0.0,0.0,0.0,0.0,-3.839,-3.8,0.0,-4.404,197.7,16.03,3.0,3.473,-1.0,1.357,1.9,4901
2016-01-20 19:13:00,0.0,0.0,0.0,1067741.0,62.9,59.9,60.0,0.0,40819.0,507.0,93060.0,1025385.0,0.0,1.0,0.0,0.0,0.0,275.3,274.5,276.5,0.772,272.0,0.531,272.0,0.842,274.0,0.002,13.95,1.0,3.0,0.0,-1.225,0.0,20.81,38.28,0.0,-0.0069999999999999,-0.004,-0.006,-0.331,-0.0769999999999999,0.315,0.0,4.5360000000000005,-4.226,-4.211,-4.725,-4.341,-4.594,-4.364,-145.7,-4.227,-4.42,0.001,0.001,0.001,0.004,0.004,0.013,0.009,0.009,6526.0,9176.0,9131.0,9311.0,7925.0,7900.0,6400.0,0.0,0.0,0.0,0.0,0.0,0.0,0.0,0.0,37.71,0.0,60.14,0.0,0.0,0.0,0.0,16.0,0.0,0.0,0.0,0.0,0.0,-3.825,-3.842,0.0,-4.386,180.8,15.26,2.0,3.473,-1.0,2.672,4.9,4901
2016-01-20 19:14:00,0.0,0.0,0.0,1067741.0,62.9,59.9,60.0,0.0,40819.0,507.0,93060.0,1025385.0,0.0,1.0,0.0,0.0,0.0,275.1,274.7,276.6,0.772,272.0,0.531,272.0,0.842,274.1,0.002,13.95,1.0,3.0,0.0,-1.232,0.0,21.2,38.6,0.0,-0.0069999999999999,-0.005,-0.005,-0.3279999999999999,-0.0729999999999999,0.644,0.0,4.522,-4.226,-4.226,-4.772,-4.324,-4.58,-4.375,-124.4,-4.227,-4.434,0.0,0.001,0.001,0.002,0.004,0.012,0.008,0.008,6526.0,9176.0,9131.0,9311.0,7925.0,7900.0,6400.0,0.0,0.0,0.0,0.0,0.0,0.0,0.0,0.0,38.27,0.0,60.13,0.0,0.0,0.0,0.0,16.0,0.0,0.0,0.0,0.0,0.0,-3.888,-3.872,0.0,-4.395,190.6,16.11,2.667,3.473,-1.0,2.39,3.8,4901
2016-01-20 19:15:00,0.0,0.0,0.0,1067741.0,62.9,59.9,60.0,0.0,40819.0,507.0,93060.0,1025385.0,0.0,1.0,0.0,0.0,0.0,275.2,274.4,276.4,0.772,272.0,0.531,272.0,0.842,274.0,0.002,13.96,1.0,3.0,0.0,-1.245,0.0,20.93,38.57,0.0,-0.0069999999999999,-0.004,-0.004,-0.324,-0.07,0.902,0.0,4.426,-4.226,-4.208,-4.725,-4.324,-4.516,-4.328,-119.6,-4.245,-4.417,0.009,0.001,0.001,0.004,0.004,0.013,0.008,0.009,6526.0,9176.0,9131.0,9311.0,7925.0,7900.0,6400.0,0.0,0.0,0.0,0.0,0.0,0.0,0.0,0.0,38.15,0.0,60.14,0.0,0.0,0.0,0.0,16.0,0.0,0.0,0.0,0.0,0.0,-3.873,-3.842,0.0,-4.388,189.5,29.9,3.0,3.472,-1.0,1.1,2.4,4901
2016-01-20 19:16:00,0.0,0.0,0.0,1067741.0,62.9,59.9,60.0,0.0,40819.0,507.0,93060.0,1025385.0,0.0,1.0,0.0,0.0,0.0,275.2,274.4,276.4,0.772,272.0,0.531,272.0,0.842,274.0,0.002,13.96,1.0,3.0,0.0,-1.255,0.0,20.95,38.66,0.0,-0.0069999999999999,-0.003,-0.004,-0.322,-0.068,0.902,0.0,4.426,-4.226,-4.148,-4.722,-4.324,-4.516,-4.343,-145.2,-4.259,-4.402,0.001,0.001,0.001,0.003,0.005,0.012,0.009,0.009,6526.0,9176.0,9131.0,9311.0,7925.0,7900.0,6400.0,0.0,0.0,0.0,0.0,0.0,0.0,0.0,0.0,38.35,0.0,60.14,0.0,0.0,0.0,0.0,16.0,0.0,0.0,0.0,0.0,0.0,-3.845,-3.794,0.0,-4.375,203.9,9.98,3.0,3.473,-1.0,1.388,2.5,4901
2016-01-20 19:17:00,0.0,0.0,0.0,1067741.0,62.9,59.9,60.0,0.0,40819.0,507.0,93060.0,1025385.0,0.0,1.0,0.0,0.0,0.0,274.9,274.4,276.5,0.772,272.0,0.531,272.0,0.842,274.0,0.002,13.95,1.0,3.0,0.0,-1.267,0.0,21.11,38.61,0.0,-0.0069999999999999,-0.003,-0.003,-0.3229999999999999,-0.069,0.476,0.0,4.408,-4.226,-4.13,-4.725,-4.324,-4.516,-4.328,-145.7,-4.227,-4.402,-0.003,0.001,0.001,0.004,0.004,0.012,0.009,0.009,6526.0,9176.0,9131.0,9311.0,7925.0,7900.0,6400.0,0.0,0.0,0.0,0.0,0.0,0.0,0.0,0.0,38.26,0.0,60.12,0.0,0.0,0.0,0.0,16.0,0.0,0.0,0.0,0.0,0.0,-3.827,-3.798,0.0,-4.376,201.0,16.67,2.333,3.474,-1.0,1.492,2.2,4901
2016-01-20 19:18:00,0.0,0.0,0.0,1067741.0,62.9,59.9,60.0,0.0,40819.0,507.0,93060.0,1025385.0,0.0,1.0,0.0,0.0,0.0,275.4,274.3,276.3,0.772,272.0,0.531,272.0,0.842,274.0,0.002,13.95,1.0,3.0,0.0,-1.268,0.0,20.99,38.68,0.0,-0.0069999999999999,-0.003,-0.003,-0.321,-0.067,0.4699999999999999,0.0,4.329,-4.226,-4.13,-4.708,-4.324,-4.516,-4.36,-145.5,-4.227,-4.42,0.003,0.001,0.001,0.002,0.005,0.013,0.008,0.009,6526.0,9176.0,9131.0,9311.0,7925.0,7900.0,6400.0,0.0,0.0,0.0,0.0,0.0,0.0,0.0,0.0,38.37,0.0,60.17,0.0,0.0,0.0,0.0,16.0,0.0,0.0,0.0,0.0,0.0,-3.83,-3.778,0.0,-4.365,190.0,17.19,2.5,3.473,-1.0,2.177,3.7,4901
2016-01-20 19:19:00,0.0,0.0,0.0,1067741.0,62.9,59.9,60.0,0.0,40819.0,507.0,93060.0,1025385.0,0.0,1.0,0.0,0.0,0.0,275.2,274.3,276.3,0.772,272.0,0.531,272.0,0.842,274.0,0.002,13.96,1.0,3.0,0.0,-1.271,0.0,20.66,38.91,0.0,-0.0069999999999999,-0.003,-0.003,-0.319,-0.065,0.917,0.0,4.329,-4.226,-4.13,-4.708,-4.324,-4.516,-4.328,-145.6,-4.227,-4.42,0.001,0.001,0.0,0.004,0.004,0.012,0.008,0.009,6526.0,9176.0,9131.0,9311.0,7925.0,7900.0,6400.0,0.0,0.0,0.0,0.0,0.0,0.0,0.0,0.0,38.49,0.0,60.13,0.0,0.0,0.0,0.0,16.0,0.0,0.0,0.0,0.0,0.0,-3.852,-3.787,0.0,-4.364,187.2,16.65,3.0,3.473,-1.0,1.978,3.2,4901
2016-01-20 19:20:00,0.0,0.0,0.0,1067741.0,62.9,59.9,60.0,0.0,40819.0,507.0,93060.0,1025385.0,0.0,1.0,0.0,0.0,0.0,275.1,274.3,276.3,0.772,272.0,0.531,272.0,0.842,274.0,0.002,13.96,1.0,3.0,0.0,-1.288,0.0,20.98,39.02,0.0,-0.0069999999999999,-0.003,-0.003,-0.317,-0.063,0.925,0.0,4.248,-4.226,-4.18,-4.708,-4.324,-4.516,-4.328,-145.5,-4.227,-4.42,0.008,0.001,0.001,0.003,0.004,0.012,0.008,0.009,6526.0,9176.0,9131.0,9311.0,7925.0,7900.0,6400.0,0.0,0.0,0.0,0.0,0.0,0.0,0.0,0.0,38.6,0.0,60.14,0.0,0.0,0.0,0.0,16.0,0.0,0.0,0.0,0.0,0.0,-3.843,-3.81,0.0,-4.381,186.6,17.98,3.0,3.473,-1.0,1.602,3.0,4901
2016-01-20 19:21:00,0.0,0.0,0.0,1067741.0,62.9,59.9,60.0,0.0,40819.0,507.0,93060.0,1025385.0,0.0,1.0,0.0,0.0,0.0,275.1,274.2,276.2,0.772,272.0,0.531,272.0,0.842,274.0,0.002,13.96,1.0,3.0,0.0,-1.288,0.0,20.83,39.4,0.0,-0.0069999999999999,-0.003,-0.003,-0.314,-0.0599999999999999,0.909,0.0,4.2330000000000005,-4.322,-4.226,-4.708,-4.324,-4.516,-4.346,-145.4,-4.227,-4.42,0.006,0.001,0.001,0.003,0.004,0.012,0.009,0.008,6526.0,9176.0,9131.0,9311.0,7925.0,7900.0,6400.0,0.0,0.0,0.0,0.0,0.0,0.0,0.0,0.0,38.94,0.0,60.14,0.0,0.0,0.0,0.0,16.0,0.0,0.0,0.0,0.0,0.0,-3.856,-3.84,0.0,-4.399,208.2,17.99,3.0,3.473,-1.0,2.46,3.8,4901
2016-01-20 19:22:00,0.0,0.0,0.0,1067741.0,62.9,59.9,60.0,0.0,40819.0,507.0,93060.0,1025385.0,0.0,1.0,0.0,0.0,0.0,275.3,274.3,276.3,0.772,272.0,0.531,272.0,0.842,274.0,0.002,13.95,1.0,3.0,0.0,-1.31,0.0,21.16,39.7,0.0,-0.0069999999999999,-0.003,-0.003,-0.313,-0.059,0.2929999999999999,0.0,4.2330000000000005,-4.322,-4.226,-4.708,-4.324,-4.516,-4.346,-119.5,-4.227,-4.42,0.006,0.001,0.001,0.003,0.005,0.012,0.008,0.009,6526.0,9176.0,9131.0,9311.0,7925.0,7900.0,6400.0,0.0,0.0,0.0,0.0,0.0,0.0,0.0,0.0,39.13,0.0,60.14,0.0,0.0,0.0,0.0,16.0,0.0,0.0,0.0,0.0,0.0,-3.862,-3.82,0.0,-4.398,226.8,10.58,2.0,3.473,-1.0,1.993,3.2,4901
2016-01-20 19:23:00,0.0,0.0,0.0,1067741.0,62.9,59.9,60.0,0.0,40819.0,507.0,93060.0,1025385.0,0.0,1.0,0.0,0.0,0.0,275.3,274.6,276.5,0.772,272.0,0.531,272.0,0.842,274.1,0.002,13.95,1.0,3.0,0.0,-1.311,0.0,20.99,39.98,0.0,-0.0069999999999999,-0.003,-0.003,-0.314,-0.0599999999999999,0.495,0.0,4.215,-4.322,-4.226,-4.708,-4.274,-4.516,-4.328,-145.6,-4.227,-4.42,0.001,0.001,0.002,0.002,0.004,0.012,0.008,0.008,6526.0,9176.0,9131.0,9311.0,7925.0,7900.0,6400.0,0.0,0.0,0.0,0.0,0.0,0.0,0.0,0.0,39.49,0.0,60.14,0.0,0.0,0.0,0.0,16.0,0.0,0.0,0.0,0.0,0.0,-3.844,-3.797,0.0,-4.424,199.4,11.55,2.5,3.472,-1.0,2.188,3.1,4901
2016-01-20 19:24:00,0.0,0.0,0.0,1067741.0,62.9,59.9,60.0,0.0,40819.0,507.0,93060.0,1025385.0,0.0,1.0,0.0,0.0,0.0,275.0,274.3,276.3,0.772,272.0,0.531,272.0,0.842,274.0,0.002,13.96,1.0,3.0,0.0,-1.3119999999999998,0.0,20.91,40.36,0.0,-0.0069999999999999,-0.003,-0.003,-0.316,-0.062,0.917,0.0,4.137,-4.322,-4.226,-4.708,-4.324,-4.516,-4.378,-124.6,-4.227,-4.42,0.0,0.001,0.001,0.003,0.004,0.013,0.008,0.009,6526.0,9176.0,9131.0,9311.0,7925.0,7900.0,6400.0,0.0,0.0,0.0,0.0,0.0,0.0,0.0,0.0,39.84,0.0,60.14,0.0,0.0,0.0,0.0,16.0,0.0,0.0,0.0,0.0,0.0,-3.837,-3.777,0.0,-4.426,189.6,15.73,3.0,3.473,-1.0,1.423,2.5,4901
2016-01-20 19:25:00,0.0,0.0,0.0,1067741.0,62.9,59.9,60.0,0.0,40819.0,507.0,93060.0,1025385.0,0.0,1.0,0.0,0.0,0.0,275.0,274.5,276.5,0.772,272.0,0.531,272.0,0.842,274.0,0.002,13.96,1.0,3.0,0.0,-1.329,0.0,21.17,40.67,0.0,-0.0069999999999999,-0.003,-0.003,-0.319,-0.065,0.752,0.0,4.137,-4.322,-4.226,-4.708,-4.324,-4.516,-4.378,-145.2,-4.227,-4.388,-0.004,0.001,0.001,0.002,0.004,0.012,0.008,0.008,6526.0,9176.0,9131.0,9311.0,7925.0,7900.0,6400.0,0.0,0.0,0.0,0.0,0.0,0.0,0.0,0.0,40.05,0.0,60.14,0.0,0.0,0.0,0.0,16.0,0.0,0.0,0.0,0.0,0.0,-3.831,-3.763,0.0,-4.416,192.0,17.97,3.0,3.473,-1.0,0.747,1.3,4901
2016-01-20 19:26:00,0.0,0.0,0.0,1067741.0,62.9,59.9,60.0,0.0,40819.0,507.0,93060.0,1025385.0,0.0,1.0,0.0,0.0,0.0,275.0,274.4,276.4,0.772,272.0,0.531,272.0,0.842,274.0,0.002,13.96,1.0,3.0,0.0,-1.331,0.0,21.01,40.95,0.0,-0.0069999999999999,-0.003,-0.003,-0.317,-0.063,0.914,0.0,4.105,-4.322,-4.226,-4.708,-4.309,-4.516,-4.36,-124.1,-4.227,-4.405,0.0149999999999999,0.001,0.001,0.003,0.004,0.012,0.008,0.009,6526.0,9176.0,9131.0,9311.0,7925.0,7900.0,6400.0,0.0,0.0,0.0,0.0,0.0,0.0,0.0,0.0,40.34,0.0,60.21,0.0,0.0,0.0,0.0,16.0,0.0,0.0,0.0,0.0,0.0,-3.812,-3.786,0.0,-4.429,168.8,17.68,3.0,3.473,-1.0,1.113,1.8,4901
2016-01-20 19:27:00,0.0,0.0,0.0,1067741.0,62.9,59.9,60.0,0.0,40819.0,507.0,93060.0,1025385.0,0.0,1.0,0.0,0.0,0.0,275.2,274.3,276.3,0.772,272.0,0.531,272.0,0.842,274.0,0.002,13.95,1.0,3.0,0.0,-1.342,0.0,20.99,41.27,0.0,-0.0069999999999999,-0.003,-0.003,-0.315,-0.0609999999999999,0.622,0.0,4.041,-4.322,-4.226,-4.708,-4.227,-4.516,-4.357,-145.3,-4.227,-4.42,-0.001,0.002,0.001,0.003,0.004,0.012,0.008,0.008,6526.0,9176.0,9131.0,9311.0,7925.0,7900.0,6400.0,0.0,0.0,0.0,0.0,0.0,0.0,0.0,0.0,40.77,0.0,60.22,0.0,0.0,0.0,0.0,16.0,0.0,0.0,0.0,0.0,0.0,-3.817,-3.774,0.0,-4.423,185.6,30.97,2.5,3.473,-1.0,1.057,2.5,4901
2016-01-20 19:28:00,0.0,0.0,0.0,1067741.0,62.9,59.9,60.0,0.0,40819.0,507.0,93060.0,1025385.0,0.0,1.0,0.0,0.0,0.0,274.9,274.3,276.3,0.772,272.0,0.531,272.0,0.842,274.0,0.002,13.95,1.0,3.0,0.0,-1.351,0.0,20.78,41.46,0.0,-0.0069999999999999,-0.003,-0.003,-0.314,-0.0599999999999999,0.33,0.0,4.041,-4.322,-4.24,-4.708,-4.227,-4.516,-4.328,-145.5,-4.227,-4.402,0.005,0.001,0.001,0.003,0.004,0.012,0.008,0.008,6526.0,9176.0,9131.0,9311.0,7925.0,7900.0,6400.0,0.0,0.0,0.0,0.0,0.0,0.0,0.0,0.0,40.96,0.0,60.16,0.0,0.0,0.0,0.0,16.0,0.0,0.0,0.0,0.0,0.0,-3.831,-3.893,0.0,-4.453,190.4,13.08,2.167,3.465,-1.0,2.045,3.3,4901
2016-01-20 19:29:00,0.0,0.0,0.0,1067741.0,62.9,59.9,60.0,0.0,40819.0,507.0,93060.0,1025385.0,0.0,1.0,0.0,0.0,0.0,274.6,274.1,276.0,0.772,272.0,0.531,272.0,0.842,274.0,0.002,13.96,1.0,3.0,0.0,-1.351,0.0,21.08,41.83,0.0,-0.0069999999999999,-0.004,-0.003,-0.312,-0.0579999999999999,0.909,0.0,4.041,-4.322,-4.322,-4.708,-4.309,-4.516,-4.425,-98.4,-4.227,-4.405,0.006,0.002,0.001,0.003,0.004,0.012,0.008,0.009,6526.0,9176.0,9131.0,9311.0,7925.0,7900.0,6400.0,0.0,0.0,0.0,0.0,0.0,0.0,0.0,0.0,41.33,0.0,60.18,0.0,0.0,0.0,0.0,16.0,0.0,0.0,0.0,0.0,0.0,-3.896,-3.917,0.0,-4.469,189.2,18.49,3.0,3.473,-1.0,1.682,2.4,4901
2016-01-20 19:30:00,0.0,0.0,0.0,1067741.0,62.9,59.9,60.0,0.0,40819.0,507.0,93060.0,1025385.0,0.0,1.0,0.0,0.0,0.0,274.6,274.0,275.9,0.772,271.5,0.531,272.0,0.842,274.0,0.002,13.95,1.0,3.0,0.0,-1.355,0.0,21.08,42.12,0.0,-0.0069999999999999,-0.006,-0.003,-0.315,-0.0599999999999999,0.75,0.0,3.944,-4.322,-4.322,-4.708,-4.324,-4.516,-4.425,-145.3,-4.227,-4.385,0.011,0.001,0.001,0.003,0.003,0.012,0.008,0.009,6526.0,9176.0,9131.0,9311.0,7925.0,7900.0,6400.0,0.0,0.0,0.0,0.0,0.0,0.0,0.0,0.0,41.53,0.0,60.14,0.0,0.0,0.0,0.0,16.0,0.0,0.0,0.0,0.0,0.0,-3.91,-3.942,0.0,-4.4830000000000005,182.4,17.96,3.0,3.467,-1.0,1.7,2.5,4901
2016-01-20 19:31:00,0.0,0.0,0.0,1067741.0,62.9,59.9,60.0,0.0,40819.0,507.0,93060.0,1025385.0,0.0,1.0,0.0,0.0,0.0,274.5,273.9,275.8,0.772,271.1,0.531,271.7,0.842,273.9,0.002,13.96,1.0,3.0,0.0,-1.37,0.0,20.77,42.22,0.0,-0.0069999999999999,-0.0069999999999999,-0.003,-0.317,-0.063,0.754,0.0,3.944,-4.322,-4.322,-4.708,-4.324,-4.612,-4.425,-145.5,-4.227,-4.42,0.004,0.001,0.001,0.003,0.004,0.012,0.0069999999999999,0.009,6526.0,9176.0,9131.0,9311.0,7925.0,7900.0,6400.0,0.0,0.0,0.0,0.0,0.0,0.0,0.0,0.0,41.74,0.0,60.14,0.0,0.0,0.0,0.0,16.0,0.0,0.0,0.0,0.0,0.0,-3.936,-3.923,0.0,-4.495,190.7,9.420000000000002,3.0,3.473,-1.0,2.04,3.8,4901
2016-01-20 19:32:00,0.0,0.0,0.0,1067741.0,62.9,59.9,60.0,0.0,40819.0,507.0,93060.0,1025385.0,0.0,1.0,0.0,0.0,0.0,274.3,273.8,275.7,0.772,271.0,0.531,271.1,0.842,273.8,0.002,13.96,1.0,3.0,0.0,-1.374,0.0,21.01,42.3,0.0,-0.0069999999999999,-0.0069999999999999,-0.003,-0.319,-0.065,0.916,0.0,3.944,-4.322,-4.322,-4.708,-4.324,-4.612,-4.425,-145.7,-4.245,-4.402,0.004,0.0,0.001,0.003,0.004,0.012,0.0069999999999999,0.008,6526.0,9176.0,9131.0,9311.0,7925.0,7900.0,6400.0,0.0,0.0,0.0,0.0,0.0,0.0,0.0,0.0,41.77,0.0,60.14,0.0,0.0,0.0,0.0,16.0,0.0,0.0,0.0,0.0,0.0,-3.97,-3.947,0.0,-4.513,205.5,8.65,3.0,3.473,-1.0,2.535,3.8,4901
2016-01-20 19:33:00,0.0,0.0,0.0,1067741.0,62.9,59.9,60.0,0.0,40819.0,507.0,93060.0,1025385.0,0.0,1.0,0.0,0.0,0.0,274.6,273.9,275.7,0.772,271.4,0.531,271.7,0.842,273.9,0.002,13.95,1.0,3.0,0.0,-1.388,0.0,20.92,42.47,0.0,-0.0069999999999999,-0.0069999999999999,-0.003,-0.316,-0.062,0.633,0.0,3.848,-4.354,-4.322,-4.708,-4.324,-4.612,-4.425,-145.8,-4.291,-4.42,0.009,0.001,0.001,0.003,0.003,0.011,0.0069999999999999,0.009,6526.0,9176.0,9131.0,9311.0,7925.0,7900.0,6400.0,0.0,0.0,0.0,0.0,0.0,0.0,0.0,0.0,41.95,0.0,60.15,0.0,0.0,0.0,0.0,16.0,0.0,0.0,0.0,0.0,0.0,-3.998,-4.002,0.0,-4.526,180.0,13.41,2.5,3.473,-1.0,2.17,3.3,4901
2016-01-20 19:34:00,0.0,0.0,0.0,1067741.0,62.9,59.9,60.0,0.0,40819.0,507.0,93060.0,1025385.0,0.0,1.0,0.0,0.0,0.0,274.8,273.8,275.8,0.772,272.0,0.531,271.7,0.842,274.0,0.002,13.95,1.0,3.0,0.0,-1.394,0.0,21.18,42.44,0.0,-0.0069999999999999,-0.0069999999999999,-0.003,-0.315,-0.0599999999999999,0.324,0.0,3.848,-4.4030000000000005,-4.322,-4.708,-4.324,-4.612,-4.425,-145.4,-4.324,-4.42,0.0,0.001,0.001,0.002,0.003,0.013,0.0069999999999999,0.0069999999999999,6526.0,9176.0,9131.0,9311.0,7925.0,7900.0,6400.0,0.0,0.0,0.0,0.0,0.001,0.0,0.0,0.0,41.92,0.0,60.15,0.0,0.0,0.0,0.0,16.0,0.0,0.0,0.0,0.0,0.0,-4.01,-4.0280000000000005,0.0,-4.546,179.7,20.1,2.167,3.473,-1.0,1.175,1.7,4901
2016-01-20 19:35:00,0.0,0.0,0.0,1067741.0,62.9,59.9,60.0,0.0,40819.0,507.0,93060.0,1025385.0,0.0,1.0,0.0,0.0,0.0,274.5,274.0,276.1,0.772,272.0,0.531,271.6,0.842,274.0,0.002,13.96,1.0,3.0,0.0,-1.394,0.0,21.16,42.38,0.0,-0.009,-0.0069999999999999,-0.004,-0.315,-0.0609999999999999,0.917,0.0,3.848,-4.383,-4.322,-4.708,-4.324,-4.612,-4.425,-145.0,-4.324,-4.42,0.006,0.001,0.001,0.002,0.004,0.012,0.0069999999999999,0.008,6526.0,9176.0,9131.0,9311.0,7925.0,7900.0,6400.0,0.0,0.0,0.0,0.0,0.001,0.0,0.0,0.0,41.86,0.0,60.13,0.0,0.0,0.0,0.0,16.0,0.0,0.0,0.0,0.0,0.0,-4.009,-3.992,0.0,-4.537,194.8,16.4,3.0,3.473,-1.0,1.63,2.7,4901
2016-01-20 19:36:00,0.0,0.0,0.0,1067741.0,62.9,59.9,60.0,0.0,40819.0,507.0,93060.0,1025385.0,0.0,1.0,0.0,0.0,0.0,274.3,273.9,276.0,0.772,271.7,0.531,271.1,0.842,274.0,0.002,13.96,1.0,3.0,0.0,-1.4069999999999998,0.0,20.82,42.36,0.0,-0.01,-0.0069999999999999,-0.004,-0.2899999999999999,-0.063,0.92,0.0,3.848,-4.386,-4.322,-4.708,-4.324,-4.612,-4.425,-119.5,-4.309,-4.388,-0.003,0.001,0.001,0.003,0.004,0.012,0.008,0.008,6526.0,9176.0,9131.0,9311.0,7925.0,7900.0,6400.0,0.0,0.0,0.0,0.0,0.0,0.0,0.0,0.0,41.92,0.0,60.14,0.0,0.0,0.0,0.0,16.0,0.0,0.0,0.0,0.0,0.0,-4.012,-4.019,0.0,-4.548,186.3,12.73,3.0,3.473,-1.0,1.993,3.2,4901
2016-01-20 19:37:00,0.0,0.0,0.0,1067741.0,62.9,59.9,60.0,0.0,40819.0,507.0,93060.0,1025385.0,0.0,1.0,0.0,0.0,0.0,274.4,273.9,276.0,0.772,271.9,0.531,271.5,0.842,274.0,0.002,13.96,1.0,3.0,0.0,-1.4169999999999998,0.0,20.76,42.23,0.0,-0.01,-0.0069999999999999,-0.004,-0.315,-0.0599999999999999,0.917,0.0,3.766,-4.418,-4.322,-4.708,-4.324,-4.612,-4.442,-119.7,-4.324,-4.371,-0.003,0.0,0.001,0.003,0.004,0.012,0.008,0.008,6526.0,9176.0,9131.0,9311.0,7925.0,7900.0,6400.0,0.0,0.0,0.0,0.0,0.001,0.0,0.0,0.0,41.71,0.0,60.15,0.0,0.0,0.0,0.0,16.0,0.0,0.0,0.0,0.0,0.0,-4.06,-4.055,0.0,-4.578,194.8,8.87,3.0,3.473,-1.0,2.425,3.1,4901
2016-01-20 19:38:00,0.0,0.0,0.0,1067741.0,62.9,59.9,60.0,0.0,40819.0,507.0,93060.0,1025385.0,0.0,1.0,0.0,0.0,0.0,274.7,273.9,275.9,0.772,272.0,0.531,272.0,0.842,274.0,0.002,13.95,2.0,3.0,0.0,-1.429,0.0,21.03,42.22,0.0,-0.01,-0.0069999999999999,-0.005,-0.317,-0.063,0.263,0.0,3.752,-4.418,-4.322,-4.708,-4.324,-4.626,-4.489,-124.2,-4.324,-4.385,0.005,0.001,0.001,0.003,0.003,0.012,0.0069999999999999,0.008,6526.0,9176.0,9131.0,9311.0,7925.0,7900.0,6400.0,0.0,0.0,0.0,0.0,0.0,0.0,0.0,0.0,41.68,0.0,60.18,0.0,0.0,0.0,0.0,16.0,0.0,0.0,0.0,0.0,0.0,-4.104,-4.065,0.0,-4.599,190.9,20.21,2.0,3.474,-1.0,1.848,3.0,4901
2016-01-20 19:39:00,0.0,0.0,0.0,1067741.0,62.9,59.9,60.0,0.0,40819.0,507.0,93060.0,1025385.0,0.0,1.0,0.0,0.0,0.0,274.7,273.8,275.8,0.772,271.8,0.531,271.4,0.842,274.0,0.002,13.95,1.0,3.0,0.0,-1.4369999999999998,0.0,20.61,42.24,0.0,-0.01,-0.0069999999999999,-0.005,-0.317,-0.063,0.7009999999999998,0.0,3.673,-4.418,-4.322,-4.708,-4.324,-4.612,-4.489,-145.3,-4.324,-4.388,0.001,0.001,0.0,0.002,0.004,0.012,0.008,0.009,6526.0,9176.0,9131.0,9311.0,7925.0,7900.0,6400.0,0.0,0.0,0.0,0.0,0.0,0.0,0.0,0.0,41.64,0.0,60.13,0.0,0.0,0.0,0.0,16.0,0.0,0.0,0.0,0.0,0.0,-4.066,-4.044,0.0,-4.595,204.2,15.08,2.833,3.473,-1.0,1.742,2.6,4901
2016-01-20 19:40:00,0.0,0.0,0.0,1067741.0,62.9,59.9,60.0,0.0,40819.0,507.0,93060.0,1025385.0,0.0,1.0,0.0,0.0,0.0,274.5,273.8,275.9,0.772,271.5,0.531,271.3,0.842,274.0,0.002,13.96,1.0,3.0,0.0,-1.4369999999999998,0.0,21.03,42.31,0.0,-0.01,-0.0069999999999999,-0.006,-0.315,-0.0609999999999999,0.913,0.0,3.656,-4.418,-4.322,-4.708,-4.324,-4.612,-4.422,-118.9,-4.324,-4.388,0.001,0.001,0.0,0.002,0.004,0.011,0.008,0.009,6526.0,9176.0,9131.0,9311.0,7925.0,7900.0,6400.0,0.0,0.0,0.0,0.0,0.0,0.0,0.0,0.0,41.79,0.0,60.14,0.0,0.0,0.0,0.0,16.0,0.0,0.0,0.0,0.0,0.0,-4.06,-4.048,0.0,-4.593,191.1,22.15,3.0,3.473,-1.0,1.05,2.2,4901
2016-01-20 19:41:00,0.0,0.0,0.0,1067741.0,62.9,59.9,60.0,0.0,40819.0,507.0,93060.0,1025385.0,0.0,1.0,0.0,0.0,0.0,274.2,273.7,275.6,0.772,271.1,0.531,271.0,0.842,273.4,0.002,13.95,1.0,3.0,0.0,-1.45,0.0,21.1,42.61,0.0,-0.01,-0.0069999999999999,-0.0069999999999999,-0.288,-0.059,0.719,0.0,3.656,-4.418,-4.322,-4.708,-4.324,-4.612,-4.425,-119.3,-4.324,-4.374,0.005,0.002,0.0,0.003,0.003,0.011,0.0069999999999999,0.008,6526.0,9176.0,9131.0,9311.0,7925.0,7900.0,6400.0,0.0,0.0,0.0,0.0,0.0,0.0,0.0,0.0,42.03,0.0,60.13,0.0,0.0,0.0,0.0,16.0,0.0,0.0,0.0,0.0,0.0,-4.077,-4.05,0.0,-4.598,196.5,11.52,3.0,3.472,-1.0,2.08,3.1,4901
2016-01-20 19:42:00,0.0,0.0,0.0,1067741.0,62.9,59.9,60.0,0.0,40819.0,507.0,93060.0,1025385.0,0.0,1.0,0.0,0.0,0.0,273.9,273.5,275.6,0.772,271.0,0.531,271.0,0.842,273.0,0.002,13.95,1.0,3.0,0.0,-1.46,0.0,20.78,42.74,0.0,-0.01,-0.0069999999999999,-0.0069999999999999,-0.312,-0.0579999999999999,0.5909999999999999,0.0,3.656,-4.418,-4.322,-4.708,-4.324,-4.612,-4.425,-145.6,-4.324,-4.374,0.0,0.001,0.001,0.003,0.004,0.012,0.0069999999999999,0.008,6526.0,9176.0,9131.0,9311.0,7925.0,7900.0,6400.0,0.0,0.0,0.0,0.0,0.0,0.0,0.0,0.0,42.11,0.0,60.14,0.0,0.0,0.0,0.0,16.0,0.0,0.0,0.0,0.0,0.0,-4.075,-4.056,0.0,-4.585,181.9,14.28,3.0,3.473,-1.0,1.488,2.3,4901
2016-01-20 19:43:00,0.0,0.0,0.0,1067741.0,62.9,59.9,60.0,0.0,40819.0,507.0,93060.0,1025385.0,0.0,1.0,0.0,0.0,0.0,274.0,273.3,275.3,0.772,271.0,0.531,271.0,0.842,273.0,0.002,13.95,1.0,3.0,0.0,-1.4680000000000002,0.0,20.9,42.67,0.0,-0.01,-0.0069999999999999,-0.0069999999999999,-0.311,-0.057,0.5909999999999999,0.0,3.591,-4.418,-4.322,-4.708,-4.324,-4.612,-4.425,-102.8,-4.324,-4.325,0.004,0.001,0.001,0.003,0.004,0.012,0.0069999999999999,0.008,6526.0,9176.0,9131.0,9311.0,7925.0,7900.0,6400.0,0.0,0.0,0.0,0.0,0.0,0.0,0.0,0.0,42.02,0.0,60.14,0.0,0.0,0.0,0.0,16.0,0.0,0.0,0.0,0.0,0.0,-4.085,-4.088,0.0,-4.591,187.3,11.48,3.0,3.473,-1.0,1.798,3.3,4901
2016-01-20 19:44:00,0.0,0.0,0.0,1067741.0,62.9,59.9,60.0,0.0,40819.0,507.0,93060.0,1025385.0,0.0,1.0,0.0,0.0,0.0,273.9,273.2,275.2,0.772,271.0,0.531,271.0,0.842,273.0,0.002,13.95,1.0,3.0,0.0,-1.48,0.0,20.94,42.96,0.0,-0.01,-0.0069999999999999,-0.0069999999999999,-0.31,-0.0559999999999999,0.5909999999999999,0.0,3.559,-4.453,-4.322,-4.708,-4.324,-4.612,-4.425,-145.9,-4.324,-4.388,0.005,0.001,0.001,0.003,0.004,0.012,0.008,0.0069999999999999,6526.0,9176.0,9131.0,9311.0,7925.0,7900.0,6400.0,0.0,0.0,0.0,0.0,0.001,0.0,0.0,0.0,42.4,0.0,60.14,0.0,0.0,0.0,0.0,16.0,0.0,0.0,0.0,0.0,0.0,-4.113,-4.148,0.0,-4.606,180.1,16.09,3.0,3.473,-1.0,2.183,4.1,4901
2016-01-20 19:45:00,0.0,0.0,0.0,1067741.0,62.9,59.9,60.0,0.0,40819.0,507.0,93060.0,1025385.0,0.0,1.0,0.0,0.0,0.0,274.0,273.3,275.4,0.772,271.0,0.531,271.0,0.842,273.0,0.002,13.95,1.0,3.0,0.0,-1.48,0.0,20.91,42.85,0.0,-0.01,-0.0069999999999999,-0.0069999999999999,-0.314,-0.0599999999999999,0.592,0.0,3.527,-4.432,-4.322,-4.708,-4.324,-4.612,-4.454,-119.5,-4.324,-4.374,0.003,0.001,0.001,0.003,0.002,0.012,0.0069999999999999,0.0069999999999999,6526.0,9176.0,9131.0,9311.0,7925.0,7900.0,6400.0,0.0,0.0,0.0,0.0,0.001,0.0,0.0,0.0,42.28,0.0,60.15,0.0,0.0,0.0,0.0,16.0,0.0,0.0,0.0,0.0,0.0,-4.167,-4.14,0.0,-4.604,188.5,11.64,3.0,3.474,-1.0,2.408,3.4,4901
2016-01-20 19:46:00,0.0,0.0,0.0,1067741.0,62.9,59.9,60.0,0.0,40819.0,507.0,93060.0,1025385.0,0.0,1.0,0.0,0.0,0.0,274.3,274.0,276.0,0.772,271.1,0.531,271.8,0.842,273.9,0.002,13.95,1.0,3.0,0.0,-1.492,0.0,21.0,42.84,0.0,-0.01,-0.0069999999999999,-0.0069999999999999,-0.313,-0.059,0.592,0.0,3.463,-4.482,-4.418,-4.708,-4.324,-4.612,-4.503,-145.3,-4.324,-4.343,0.0,0.001,0.001,0.002,0.003,0.012,0.0069999999999999,0.008,6526.0,9176.0,9131.0,9311.0,7925.0,7900.0,6400.0,0.0,0.0,0.0,0.0,0.0,0.0,0.0,0.0,42.26,0.0,60.14,0.0,0.0,0.0,0.0,16.0,0.0,0.0,0.0,0.0,0.0,-4.186,-4.181,0.0,-4.612,194.3,13.37,3.0,3.472,-1.0,2.557,3.8,4901
2016-01-20 19:47:00,0.0,0.0,0.0,1067741.0,62.9,59.9,60.0,0.0,40819.0,507.0,93060.0,1025385.0,0.0,1.0,0.0,0.0,0.0,274.7,274.0,276.0,0.772,271.4,0.531,272.0,0.842,274.0,0.002,13.95,1.0,3.0,0.0,-1.5,0.0,20.95,42.88,0.0,-0.01,-0.0069999999999999,-0.0069999999999999,-0.312,-0.0579999999999999,0.592,0.0,3.463,-4.499,-4.418,-4.708,-4.324,-4.676,-4.503,-145.4,-4.324,-4.34,0.003,0.001,0.0,0.002,0.003,0.012,0.008,0.009,6526.0,9176.0,9131.0,9311.0,7925.0,7900.0,6400.0,0.0,0.0,0.0,0.0,0.0,0.0,0.0,0.0,42.27,0.0,60.14,0.0,0.0,0.0,0.0,16.0,0.0,0.0,0.0,0.0,0.0,-4.1930000000000005,-4.187,0.0,-4.6160000000000005,196.6,16.65,3.0,3.473,-1.0,2.283,3.7,4901
2016-01-20 19:48:00,0.0,0.0,0.0,1067741.0,62.9,59.9,60.0,0.0,40819.0,507.0,93060.0,1025385.0,0.0,1.0,0.0,0.0,0.0,274.6,274.1,276.1,0.772,271.4,0.531,272.0,0.842,274.0,0.002,13.95,1.0,3.0,0.0,-1.516,0.0,21.05,42.81,0.0,-0.01,-0.0069999999999999,-0.0069999999999999,-0.311,-0.057,0.7879999999999999,0.0,3.463,-4.482,-4.418,-4.708,-4.324,-4.644,-4.474,-145.2,-4.324,-4.325,0.008,0.0,0.0,0.003,0.003,0.011,0.0069999999999999,0.008,6526.0,9176.0,9131.0,9311.0,7925.0,7900.0,6400.0,0.0,0.0,0.0,0.0,0.0,0.0,0.0,0.0,42.19,0.0,60.14,0.0,0.0,0.0,0.0,16.0,0.0,0.0,0.0,0.0,0.0,-4.225,-4.195,0.0,-4.623,211.5,10.22,3.0,3.473,-1.0,2.058,3.0,4901
2016-01-20 19:49:00,0.0,0.0,0.0,1067741.0,62.9,59.9,60.0,0.0,40819.0,507.0,93060.0,1025385.0,0.0,1.0,0.0,0.0,0.0,274.7,274.2,276.2,0.772,272.0,0.531,272.0,0.842,274.0,0.002,13.96,1.0,3.0,0.0,-1.523,0.0,20.94,42.88,0.0,-0.01,-0.0069999999999999,-0.0069999999999999,-0.3009999999999999,-0.0559999999999999,0.921,0.0,3.431,-4.467,-4.418,-4.708,-4.324,-4.629,-4.429,-124.3,-4.324,-4.371,0.008,0.001,0.001,0.003,0.003,0.012,0.0069999999999999,0.008,6526.0,9176.0,9131.0,9311.0,7925.0,7900.0,6400.0,0.0,0.0,0.0,0.0,0.0,0.0,0.0,0.0,42.27,0.0,60.15,0.0,0.0,0.0,0.0,16.0,0.0,0.0,0.0,0.0,0.0,-4.228,-4.205,0.0,-4.619,183.0,19.09,3.0,3.472,-1.0,1.773,3.3,4901
2016-01-20 19:50:00,0.0,0.0,0.0,1067741.0,62.9,59.9,60.0,0.0,40819.0,507.0,93060.0,1025385.0,0.0,1.0,0.0,0.0,0.0,274.9,274.3,276.3,0.772,272.0,0.531,272.0,0.842,274.0,0.002,13.96,1.0,3.0,0.0,-1.528,0.0,20.92,42.85,0.0,-0.01,-0.0069999999999999,-0.0069999999999999,-0.309,-0.055,0.915,0.0,3.367,-4.513999999999999,-4.418,-4.708,-4.324,-4.672,-4.422,-145.7,-4.324,-4.325,0.01,0.0,0.0,0.002,0.003,0.012,0.0069999999999999,0.008,6526.0,9176.0,9131.0,9311.0,7925.0,7900.0,6400.0,0.0,0.0,0.0,0.0,0.001,0.0,0.0,0.0,42.28,0.0,60.14,0.0,0.0,0.0,0.0,16.0,0.0,0.0,0.0,0.0,0.0,-4.232,-4.242,0.0,-4.629,196.8,20.8,3.0,3.473,-1.0,1.905,2.9,4901
2016-01-20 19:51:00,0.0,0.0,0.0,1067741.0,62.9,59.9,60.0,0.0,40819.0,507.0,93060.0,1025385.0,0.0,1.0,0.0,0.0,0.0,275.1,274.3,276.4,0.772,272.0,0.531,272.0,0.842,274.0,0.002,13.96,1.0,3.0,0.0,-1.543,0.0,20.99,42.87,0.0,-0.01,-0.0069999999999999,-0.0069999999999999,-0.31,-0.0559999999999999,0.916,0.0,3.367,-4.513999999999999,-4.418,-4.708,-4.324,-4.69,-4.433,-145.0,-4.324,-4.354,-0.001,0.001,0.0,0.003,0.004,0.012,0.0069999999999999,0.009,6526.0,9176.0,9131.0,9311.0,7925.0,7900.0,6400.0,0.0,0.0,0.0,0.0,0.001,0.0,0.0,0.0,42.28,0.0,60.14,0.0,0.0,0.0,0.0,16.0,0.0,0.0,0.0,0.0,0.0,-4.249,-4.237,0.0,-4.624,199.6,22.41,3.0,3.473,-1.0,2.102,3.3,4901
2016-01-20 19:52:00,0.0,0.0,0.0,1067741.0,62.9,59.9,60.0,0.0,40819.0,507.0,93060.0,1025385.0,0.0,1.0,0.0,0.0,0.0,275.1,274.5,276.6,0.772,272.0,0.531,272.0,0.842,274.0,0.002,13.96,1.0,3.0,0.0,-1.551,0.0,21.01,42.81,0.0,-0.01,-0.0069999999999999,-0.0069999999999999,-0.313,-0.059,0.922,0.0,3.299,-4.513999999999999,-4.418,-4.708,-4.324,-4.6610000000000005,-4.461,-145.5,-4.324,-4.343,0.005,0.002,0.0,0.002,0.004,0.012,0.0069999999999999,0.009,6526.0,9176.0,9131.0,9311.0,7925.0,7900.0,6400.0,0.0,0.0,0.0,0.0,0.0,0.0,0.0,0.0,42.21,0.0,60.15,0.0,0.0,0.0,0.0,16.0,0.0,0.0,0.0,0.0,0.0,-4.272,-4.247,0.0,-4.621,207.6,12.3,3.0,3.473,-1.0,2.368,3.5,4901
2016-01-20 19:53:00,0.0,0.0,0.0,1067741.0,62.9,59.9,60.0,0.0,40819.0,507.0,93060.0,1025385.0,0.0,1.0,0.0,0.0,0.0,275.4,274.5,276.6,0.772,272.0,0.531,272.0,0.842,274.1,0.002,13.95,1.0,3.0,0.0,-1.5659999999999998,0.0,21.0,42.83,0.0,-0.01,-0.0069999999999999,-0.006,-0.317,-0.062,0.3939999999999999,0.0,3.285,-4.513999999999999,-4.418,-4.708,-4.324,-4.69,-4.475,-145.5,-4.324,-4.34,0.001,0.001,0.0,0.002,0.003,0.011,0.008,0.008,6526.0,9176.0,9131.0,9311.0,7925.0,7900.0,6400.0,0.0,0.0,0.0,0.0,0.0,0.0,0.0,0.0,42.25,0.0,60.15,0.0,0.0,0.0,0.0,16.0,0.0,0.0,0.0,0.0,0.0,-4.301,-4.304,0.0,-4.634,194.4,17.03,2.167,3.473,-1.0,2.287,3.0,4901
2016-01-20 19:54:00,0.0,0.0,0.0,1067741.0,62.9,59.9,60.0,0.0,40819.0,507.0,93060.0,1025385.0,0.0,1.0,0.0,0.0,0.0,275.1,274.7,276.6,0.772,272.0,0.531,272.0,0.842,274.0,0.002,13.95,1.0,3.0,0.0,-1.5659999999999998,0.0,20.87,42.9,0.0,-0.009,-0.0069999999999999,-0.006,-0.318,-0.064,0.568,0.0,3.2710000000000004,-4.513999999999999,-4.418,-4.708,-4.388,-4.708,-4.429,-145.4,-4.341,-4.325,0.004,0.001,0.001,0.002,0.003,0.012,0.008,0.0069999999999999,6526.0,9176.0,9131.0,9311.0,7925.0,7900.0,6400.0,0.0,0.0,0.0,0.0,0.0,0.0,0.0,0.0,42.32,0.0,60.14,0.0,0.0,0.0,0.0,16.0,0.0,0.0,0.0,0.0,0.0,-4.321000000000001,-4.339,0.0,-4.645,187.1,9.12,2.667,3.473,-1.0,2.875,3.9,4901
2016-01-20 19:55:00,0.0,0.0,0.0,1067741.0,62.9,59.9,60.0,0.0,40819.0,507.0,93060.0,1025385.0,0.0,1.0,0.0,0.0,0.0,275.0,274.8,276.7,0.772,272.0,0.531,272.1,0.842,274.4,0.002,13.96,1.0,3.0,0.0,-1.584,0.0,21.01,42.85,0.0,-0.008,-0.0069999999999999,-0.006,-0.318,-0.064,0.916,0.0,3.2710000000000004,-4.513999999999999,-4.418,-4.708,-4.37,-4.708,-4.391,-119.5,-4.321000000000001,-4.36,0.013,0.001,0.001,0.003,0.003,0.011,0.006,0.008,6526.0,9176.0,9131.0,9311.0,7925.0,7900.0,6400.0,0.0,0.0,0.0,0.0,0.0,0.0,0.0,0.0,42.28,0.0,60.14,0.0,0.0,0.0,0.0,16.0,0.0,0.0,0.0,0.0,0.0,-4.334,-4.328,0.0,-4.649,196.7,25.05,3.0,3.473,-1.0,1.623,3.3,4901
2016-01-20 19:56:00,0.0,0.0,0.0,1067741.0,62.9,59.9,60.0,0.0,40819.0,507.0,93060.0,1025385.0,0.0,1.0,0.0,0.0,0.0,275.4,274.9,276.8,0.772,272.0,0.531,272.5,0.842,275.0,0.002,13.96,1.0,3.0,0.0,-1.5930000000000002,0.0,20.93,42.75,0.0,-0.008,-0.006,-0.006,-0.316,-0.062,0.8499999999999999,0.0,3.2060000000000004,-4.513999999999999,-4.418,-4.708,-4.405,-4.708,-4.458,-93.8,-4.338,-4.343,0.009,0.001,0.001,0.002,0.003,0.011,0.0069999999999999,0.008,6526.0,9176.0,9131.0,9311.0,7925.0,7900.0,6400.0,0.0,0.0,0.0,0.0,0.0,0.0,0.0,0.0,42.07,0.0,60.17,0.0,0.0,0.0,0.0,16.0,0.0,0.0,0.0,0.0,0.0,-4.334,-4.296,0.0,-4.638,186.2,22.86,3.0,3.473,-1.0,2.023,3.0,4901
2016-01-20 19:57:00,0.0,0.0,0.0,1067741.0,62.9,59.9,60.0,0.0,40819.0,507.0,93060.0,1025385.0,0.0,1.0,0.0,0.0,0.0,275.5,274.7,276.6,0.772,272.0,0.531,272.1,0.842,274.7,0.002,13.95,2.0,3.0,0.0,-1.609,0.0,20.9,42.33,0.0,-0.0069999999999999,-0.006,-0.006,-0.319,-0.065,0.5909999999999999,0.0,3.174,-4.513999999999999,-4.418,-4.708,-4.42,-4.708,-4.394,-145.1,-4.37,-4.375,0.0,0.001,0.0,0.003,0.003,0.011,0.0069999999999999,0.008,6526.0,9176.0,9131.0,9311.0,7925.0,7900.0,6400.0,0.0,0.0,0.0,0.0,0.0,0.0,0.0,0.0,41.73,0.0,60.23,0.0,0.0,0.0,0.0,16.0,0.0,0.0,0.0,0.0,0.0,-4.337,-4.297,0.0,-4.636,187.4,18.35,3.0,3.473,-1.0,2.008,2.6,4901
2016-01-20 19:58:00,0.0,0.0,0.0,1067741.0,62.9,59.9,60.0,0.0,40819.0,507.0,93060.0,1025385.0,0.0,1.0,0.0,0.0,0.0,275.2,274.7,276.7,0.772,272.0,0.531,272.0,0.842,274.2,0.002,13.95,2.0,3.0,0.0,-1.609,0.0,20.86,42.21,0.0,-0.0069999999999999,-0.006,-0.006,-0.317,-0.063,0.5909999999999999,0.0,3.124,-4.513999999999999,-4.418,-4.708,-4.402,-4.708,-4.362,-102.8,-4.341,-4.325,0.008,0.001,0.001,0.003,0.003,0.011,0.0069999999999999,0.008,6526.0,9176.0,9131.0,9311.0,7925.0,7900.0,6400.0,0.0,0.0,0.0,0.0,0.0,0.0,0.0,0.0,41.49,0.0,60.21,0.0,0.0,0.0,0.0,16.0,0.0,0.0,0.0,0.0,0.0,-4.33,-4.304,0.0,-4.638999999999999,191.5,12.9,3.0,3.473,-1.0,2.107,3.1,4901
2016-01-20 19:59:00,0.0,0.0,0.0,1067741.0,62.9,59.9,60.0,0.0,40819.0,507.0,93060.0,1025385.0,0.0,1.0,0.0,0.0,0.0,275.2,274.8,276.6,0.772,272.0,0.531,272.0,0.842,274.0,0.002,13.95,2.0,3.0,0.0,-1.625,0.0,21.01,42.19,0.0,-0.0069999999999999,-0.005,-0.006,-0.316,-0.0609999999999999,0.5909999999999999,0.0,3.0780000000000003,-4.513999999999999,-4.482,-4.708,-4.42,-4.708,-4.394,-145.7,-4.356,-4.34,0.006,0.001,0.001,0.003,0.003,0.011,0.0069999999999999,0.008,6526.0,9176.0,9131.0,9311.0,7925.0,7900.0,6400.0,0.0,0.0,0.0,0.0,0.0,0.0,0.0,0.0,41.49,0.0,60.15,0.0,0.0,0.0,0.0,16.0,0.0,0.0,0.0,0.0,0.0,-4.3660000000000005,-4.345,0.0,-4.65,192.7,15.33,3.0,3.473,-1.0,1.86,2.5,4901
2016-01-20 20:00:00,0.0,0.0,0.0,1067741.0,62.9,59.9,60.0,0.0,40819.0,507.0,93060.0,1025385.0,0.0,1.0,0.0,0.0,0.0,275.6,274.6,276.5,0.772,272.2,0.531,272.0,0.842,274.2,0.002,13.95,2.0,3.0,0.0,-1.631,0.0,21.15,41.73,0.0,-0.0069999999999999,-0.006,-0.006,-0.314,-0.0599999999999999,0.5909999999999999,0.0,3.0780000000000003,-4.513999999999999,-4.467,-4.708,-4.42,-4.708,-4.394,-145.4,-4.356,-4.325,0.001,0.0,0.0,0.002,0.003,0.011,0.008,0.008,6526.0,9176.0,9131.0,9311.0,7925.0,7900.0,6400.0,0.0,0.0,0.0,0.0,0.0,0.0,0.0,0.0,41.05,0.0,60.13,0.0,0.0,0.0,0.0,16.0,0.0,0.0,0.0,0.0,0.0,-4.341,-4.336,0.0,-4.651,209.8,34.16,3.0,3.473,-1.0,1.107,2.2,4901
2016-01-20 20:01:00,0.0,0.0,0.0,1067741.0,62.9,59.9,60.0,0.0,40819.0,507.0,93060.0,1025385.0,0.0,1.0,0.0,0.0,0.0,275.4,274.8,276.6,0.772,272.1,0.531,272.2,0.842,274.2,0.002,13.95,2.0,3.0,0.0,-1.652,0.0,21.15,41.47,0.0,-0.0069999999999999,-0.005,-0.006,-0.317,-0.063,0.5909999999999999,0.0,3.0780000000000003,-4.513999999999999,-4.479,-4.708,-4.42,-4.708,-4.412,-144.8,-4.324,-4.325,0.01,0.001,0.001,0.002,0.003,0.011,0.0069999999999999,0.008,6526.0,9176.0,9131.0,9311.0,7925.0,7900.0,6400.0,0.0,0.0,0.0,0.0,0.0,0.0,0.0,0.0,40.82,0.0,60.13,0.0,0.0,0.0,0.0,16.0,0.0,0.0,0.0,0.0,0.0,-4.355,-4.331,0.0,-4.649,187.7,12.6,3.0,3.473,-1.0,2.267,3.4,4901
2016-01-20 20:02:00,0.0,0.0,0.0,1067741.0,62.9,59.9,60.0,0.0,40819.0,507.0,93060.0,1025385.0,0.0,1.0,0.0,0.0,0.0,275.4,274.6,276.3,0.772,272.0,0.531,272.0,0.842,274.1,0.002,13.95,2.0,3.0,0.0,-1.652,0.0,20.97,41.1,0.0,-0.0069999999999999,-0.004,-0.005,-0.319,-0.065,0.5909999999999999,0.0,3.014,-4.513999999999999,-4.513999999999999,-4.708,-4.42,-4.708,-4.412,-145.1,-4.306,-4.325,0.006,0.001,0.0,0.002,0.003,0.012,0.0069999999999999,0.0069999999999999,6526.0,9176.0,9131.0,9311.0,7925.0,7900.0,6400.0,0.0,0.0,0.0,0.0,0.0,0.0,0.0,0.0,40.43,0.0,60.14,0.0,0.0,0.0,0.0,16.0,0.0,0.0,0.0,0.0,0.0,-4.344,-4.34,0.0,-4.647,178.9,17.89,3.0,3.473,-1.0,1.612,2.3,4901
2016-01-20 20:03:00,0.0,0.0,0.0,1067741.0,62.9,59.9,60.0,0.0,40819.0,507.0,93060.0,1025385.0,0.0,1.0,0.0,0.0,0.0,275.1,274.4,276.3,0.772,272.0,0.531,272.0,0.842,274.0,0.002,13.95,2.0,3.0,0.0,-1.6669999999999998,0.0,21.02,40.64,0.0,-0.0069999999999999,-0.004,-0.005,-0.319,-0.065,0.5909999999999999,0.0,2.982,-4.513999999999999,-4.499,-4.708,-4.42,-4.708,-4.394,-145.6,-4.338,-4.34,0.018,0.001,0.001,0.002,0.003,0.011,0.0069999999999999,0.0069999999999999,6526.0,9176.0,9131.0,9311.0,7925.0,7900.0,6400.0,0.0,0.0,0.0,0.0,0.0,0.0,0.0,0.0,39.91,0.0,60.15,0.0,0.0,0.0,0.0,16.0,0.0,0.0,0.0,0.0,0.0,-4.376,-4.354,0.0,-4.6530000000000005,174.0,8.699999999999998,3.0,3.473,-1.0,2.3,2.9,4901
2016-01-20 20:04:00,0.0,0.0,0.0,1067741.0,62.9,59.9,60.0,0.0,40819.0,507.0,93060.0,1025385.0,0.0,1.0,0.0,0.0,0.0,275.4,274.5,276.4,0.772,272.0,0.531,272.0,0.842,274.0,0.002,13.95,2.0,3.0,0.0,-1.672,0.0,20.9,40.07,0.0,-0.0069999999999999,-0.004,-0.006,-0.317,-0.063,0.5909999999999999,0.0,2.967,-4.513999999999999,-4.482,-4.708,-4.373,-4.708,-4.391,-144.7,-4.338,-4.343,0.006,0.001,0.0,0.002,0.003,0.012,0.0069999999999999,0.008,6526.0,9176.0,9131.0,9311.0,7925.0,7900.0,6400.0,0.0,0.0,0.0,0.0,0.0,0.0,0.0,0.0,39.38,0.0,60.15,0.0,0.0,0.0,0.0,16.0,0.0,0.0,0.0,0.0,0.0,-4.357,-4.338,0.0,-4.644,185.1,10.44,3.0,3.473,-1.0,1.315,1.9,4901
2016-01-20 20:05:00,0.0,0.0,0.0,1067741.0,62.9,59.9,60.0,0.0,40819.0,507.0,93060.0,1025385.0,0.0,1.0,0.0,0.0,0.0,275.4,274.4,276.3,0.772,272.0,0.531,272.0,0.842,274.0,0.002,13.95,2.0,3.0,0.0,-1.6880000000000002,0.0,21.09,39.17,0.0,-0.0069999999999999,-0.004,-0.005,-0.315,-0.0599999999999999,0.5909999999999999,0.0,2.885,-4.513999999999999,-4.467,-4.708,-4.356,-4.708,-4.409,-145.1,-4.309,-4.325,0.013,0.0,0.001,0.002,0.004,0.011,0.0069999999999999,0.009,6526.0,9176.0,9131.0,9311.0,7925.0,7900.0,6400.0,0.0,0.0,0.0,0.0,0.0,0.0,0.0,0.0,38.51,0.0,60.13,0.0,0.0,0.0,0.0,16.0,0.0,0.0,0.0,0.0,0.0,-4.329,-4.34,0.0,-4.642,170.7,11.57,3.0,3.473,-1.0,1.43,2.4,4901
2016-01-20 20:06:00,0.0,0.0,0.0,1067741.0,62.9,59.9,60.0,0.0,40819.0,507.0,93060.0,1025385.0,0.0,1.0,0.0,0.0,0.0,275.0,274.4,276.2,0.772,272.0,0.531,272.0,0.842,274.0,0.002,13.95,2.0,3.0,0.0,-1.692,0.0,21.17,38.59,0.0,-0.0069999999999999,-0.004,-0.006,-0.313,-0.059,0.5909999999999999,0.0,2.885,-4.513999999999999,-4.467,-4.708,-4.402,-4.708,-4.391,-145.3,-4.341,-4.325,0.013,0.001,0.001,0.002,0.003,0.011,0.0069999999999999,0.0069999999999999,6526.0,9176.0,9131.0,9311.0,7925.0,7900.0,6400.0,0.0,0.0,0.0,0.0,0.0,0.0,0.0,0.0,37.92,0.0,60.13,0.0,0.0,0.0,0.0,16.0,0.0,0.0,0.0,0.0,0.0,-4.369,-4.338,0.0,-4.644,186.3,12.25,3.0,3.473,-1.0,1.467,2.3,4901
2016-01-20 20:07:00,0.0,0.0,0.0,1067741.0,62.9,59.9,60.0,0.0,40819.0,507.0,93060.0,1025385.0,0.0,1.0,0.0,0.0,0.0,275.1,274.6,276.4,0.772,272.0,0.531,272.0,0.842,274.0,0.003,13.95,2.0,3.0,0.0,-1.692,0.0,21.07,38.58,0.0,-0.0069999999999999,-0.004,-0.005,-0.314,-0.0599999999999999,0.592,0.0,2.885,-4.513999999999999,-4.432,-4.708,-4.341,-4.708,-4.409,-123.9,-4.324,-4.343,0.008,0.001,0.0,0.002,0.003,0.011,0.0069999999999999,0.0069999999999999,6526.0,9176.0,9131.0,9311.0,7925.0,7900.0,6400.0,0.0,0.0,0.0,0.0,0.0,0.0,0.0,0.0,37.86,0.0,60.14,0.0,0.0,0.0,0.0,16.0,0.0,0.0,0.0,0.0,0.0,-4.348,-4.329,0.0,-4.634,177.2,15.89,3.0,3.473,-1.0,2.23,3.1,4901
2016-01-20 20:08:00,0.0,0.0,0.0,1067741.0,62.9,59.9,60.0,0.0,40819.0,507.0,93060.0,1025385.0,0.0,1.0,0.0,0.0,0.0,275.1,274.5,276.5,0.772,272.0,0.531,272.0,0.842,274.0,0.002,13.99,2.0,3.0,0.0,-1.713,0.0,20.61,38.59,0.0,-0.0069999999999999,-0.004,-0.005,-0.316,-0.062,0.592,0.0,2.8360000000000003,-4.513999999999999,-4.467,-4.708,-4.324,-4.708,-4.426,-145.1,-4.324,-4.325,0.02,0.0,0.0,0.002,0.003,0.01,0.0069999999999999,0.0069999999999999,6526.0,9176.0,9131.0,9311.0,7925.0,7900.0,6400.0,0.0,0.0,0.0,0.0,0.0,0.0,0.0,0.0,37.9,0.0,60.14,0.0,0.0,0.0,0.0,16.0,0.0,0.0,0.0,0.0,0.0,-4.356,-4.357,0.0,-4.642,191.5,12.71,3.0,3.473,-1.0,1.683,2.8,4901
2016-01-20 20:09:00,0.0,0.0,0.0,1067741.0,62.9,59.9,60.0,0.0,40819.0,507.0,93060.0,1025385.0,0.0,1.0,0.0,0.0,0.0,275.2,274.6,276.5,0.772,272.0,0.531,272.0,0.842,274.0,0.002,13.99,2.0,3.0,0.0,-1.715,0.0,20.97,38.6,0.0,-0.0069999999999999,-0.004,-0.005,-0.314,-0.0599999999999999,0.592,0.0,2.789,-4.513999999999999,-4.435,-4.708,-4.324,-4.708,-4.409,-145.2,-4.324,-4.325,0.0149999999999999,0.0,0.001,0.002,0.004,0.011,0.008,0.0069999999999999,6526.0,9176.0,9131.0,9311.0,7925.0,7900.0,6400.0,0.0,0.0,0.0,0.0,0.0,0.0,0.0,0.0,37.98,0.0,60.15,0.0,0.0,0.0,0.0,16.0,0.0,0.0,0.0,0.0,0.0,-4.349,-4.341,0.0,-4.636,204.9,10.36,3.0,3.473,-1.0,1.965,3.0,4901
2016-01-20 20:10:00,0.0,0.0,0.0,1067741.0,62.9,59.9,60.0,0.0,40819.0,507.0,93060.0,1025385.0,0.0,1.0,0.0,0.0,0.0,275.3,274.8,276.5,0.772,272.0,0.531,272.1,0.842,274.0,0.002,13.99,1.0,3.0,0.0,-1.733,0.0,20.87,38.58,0.0,-0.0069999999999999,-0.003,-0.005,-0.313,-0.059,0.592,0.0,2.789,-4.513999999999999,-4.418,-4.708,-4.324,-4.708,-4.33,-145.3,-4.292,-4.354,0.019,0.001,0.0,0.002,0.002,0.011,0.0069999999999999,0.0069999999999999,6526.0,9176.0,9131.0,9311.0,7925.0,7900.0,6400.0,0.0,0.0,0.0,0.0,0.0,0.0,0.0,0.0,37.87,0.0,60.14,0.0,0.0,0.0,0.0,16.0,0.0,0.0,0.0,0.0,0.0,-4.34,-4.296,0.0,-4.619,192.6,22.33,3.0,3.473,-1.0,1.252,2.0,4901
2016-01-20 20:11:00,0.0,0.0,0.0,1067741.0,62.9,59.9,60.0,0.0,40819.0,507.0,93060.0,1025385.0,0.0,1.0,0.0,0.0,0.0,275.3,274.7,276.3,0.772,272.0,0.531,272.1,0.842,274.0,0.002,13.99,1.0,3.0,0.0,-1.735,0.0,20.92,38.57,0.0,-0.0069999999999999,-0.003,-0.005,-0.313,-0.059,0.592,0.0,2.757,-4.513999999999999,-4.404,-4.708,-4.324,-4.612,-4.33,-145.6,-4.324,-4.325,0.02,0.001,0.0,0.002,0.004,0.011,0.0069999999999999,0.008,6526.0,9176.0,9131.0,9311.0,7925.0,7900.0,6400.0,0.0,0.0,0.0,0.0,0.0,0.0,0.0,0.0,37.89,0.0,60.14,0.0,0.0,0.0,0.0,16.0,0.0,0.0,0.0,0.0,0.0,-4.301,-4.302,0.0,-4.619,180.9,8.67,3.0,3.473,-1.0,1.28,2.0,4901
2016-01-20 20:12:00,0.0,0.0,0.0,1067741.0,62.9,59.9,60.0,0.0,40819.0,507.0,93060.0,1025385.0,0.0,1.0,0.0,0.0,0.0,275.2,274.6,276.4,0.772,272.0,0.531,272.0,0.842,274.0,0.002,13.99,1.0,3.0,0.0,-1.736,0.0,20.98,38.58,0.0,-0.0069999999999999,-0.003,-0.005,-0.316,-0.062,0.592,0.0,2.693,-4.513999999999999,-4.401,-4.708,-4.324,-4.612,-4.33,-145.4,-4.324,-4.325,0.011,0.001,0.001,0.001,0.003,0.011,0.0069999999999999,0.008,6526.0,9176.0,9131.0,9311.0,7925.0,7900.0,6400.0,0.0,0.0,0.0,0.0,0.0,0.0,0.0,0.0,37.91,0.0,60.15,0.0,0.0,0.0,0.0,16.0,0.0,0.0,0.0,0.0,0.0,-4.319,-4.315,0.0,-4.621,186.2,15.52,3.0,3.473,-1.0,1.345,2.7,4901
2016-01-20 20:13:00,0.0,0.0,0.0,1067741.0,62.9,59.9,60.0,0.0,40819.0,507.0,93060.0,1025385.0,0.0,1.0,0.0,0.0,0.0,275.4,274.7,276.5,0.772,272.0,0.531,272.0,0.842,274.0,0.002,13.99,1.0,3.0,0.0,-1.755,0.0,21.01,38.52,0.0,-0.0069999999999999,-0.003,-0.005,-0.324,-0.07,0.6039999999999999,0.0,2.693,-4.513999999999999,-4.401,-4.708,-4.324,-4.629,-4.33,-145.4,-4.306,-4.325,0.0149999999999999,0.0,0.001,0.003,0.003,0.011,0.0069999999999999,0.008,6526.0,9176.0,9131.0,9311.0,7925.0,7900.0,6400.0,0.0,0.0,0.0,0.0,0.0,0.0,0.0,0.0,37.71,0.0,60.14,0.0,0.0,0.0,0.0,16.0,0.0,0.0,0.0,0.0,0.0,-4.343,-4.314,0.0,-4.6160000000000005,188.3,14.24,3.0,3.473,-1.0,2.237,3.3,4901
2016-01-20 20:14:00,0.0,0.0,0.0,1067741.0,62.9,59.9,60.0,0.0,40819.0,507.0,93060.0,1025385.0,0.0,1.0,0.0,0.0,0.0,275.6,274.8,276.5,0.772,272.1,0.531,272.1,0.842,274.0,0.002,13.99,1.0,3.0,0.0,-1.758,0.0,21.01,38.53,0.0,-0.0069999999999999,-0.004,-0.004,-0.321,-0.067,0.592,0.0,2.693,-4.513999999999999,-4.401,-4.676,-4.324,-4.612,-4.33,-145.3,-4.324,-4.325,0.025,0.001,-0.001,0.002,0.003,0.011,0.0069999999999999,0.0069999999999999,6526.0,9176.0,9131.0,9311.0,7925.0,7900.0,6400.0,0.0,0.0,0.0,0.0,0.0,0.0,0.0,0.0,37.71,0.0,60.15,0.0,0.0,0.0,0.0,16.0,0.0,0.0,0.0,0.0,0.0,-4.327,-4.34,0.0,-4.62,187.4,11.89,3.0,3.472,-1.0,2.143,3.3,4901
2016-01-20 20:15:00,0.0,0.0,0.0,1067741.0,62.9,59.9,60.0,0.0,40819.0,507.0,93060.0,1025385.0,0.0,1.0,0.0,0.0,0.0,275.7,274.8,276.5,0.772,272.5,0.531,272.0,0.842,274.0,0.002,13.99,1.0,3.0,0.0,-1.768,0.0,20.79,38.58,0.0,-0.0069999999999999,-0.004,-0.004,-0.321,-0.067,0.592,0.0,2.675,-4.513999999999999,-4.418,-4.69,-4.324,-4.629,-4.33,-145.1,-4.309,-4.325,0.022,0.001,0.0,0.002,0.003,0.011,0.006,0.0069999999999999,6526.0,9176.0,9131.0,9311.0,7925.0,7900.0,6400.0,0.0,0.0,0.0,0.0,0.0,0.0,0.0,0.0,37.84,0.0,60.13,0.0,0.0,0.0,0.0,16.0,0.0,0.0,0.0,0.0,0.0,-4.352,-4.35,0.0,-4.621,187.5,15.05,3.0,3.473,-1.0,1.85,2.6,4901
2016-01-20 20:16:00,0.0,0.0,0.0,1067741.0,62.9,59.9,60.0,0.0,40819.0,507.0,93060.0,1025385.0,0.0,1.0,0.0,0.0,0.0,275.6,274.7,276.6,0.772,272.3,0.531,272.2,0.842,274.3,0.002,13.99,1.0,3.0,0.0,-1.778,0.0,20.89,38.66,0.0,-0.0069999999999999,-0.004,-0.004,-0.322,-0.068,0.592,0.0,2.614,-4.513999999999999,-4.39,-4.69,-4.324,-4.626,-4.33,-145.2,-4.324,-4.325,0.025,0.0,0.001,0.002,0.003,0.011,0.006,0.0069999999999999,6526.0,9176.0,9131.0,9311.0,7925.0,7900.0,6400.0,0.0,0.0,0.0,0.0,0.0,0.0,0.0,0.0,38.05,0.0,60.14,0.0,0.0,0.0,0.0,16.0,0.0,0.0,0.0,0.0,0.0,-4.377,-4.355,0.0,-4.618,194.5,11.54,3.0,3.473,-1.0,2.643,3.3,4901
2016-01-20 20:17:00,0.0,0.0,0.0,1067741.0,62.9,59.9,60.0,0.0,40819.0,507.0,93060.0,1025385.0,0.0,1.0,0.0,0.0,0.0,275.5,274.9,276.7,0.772,272.4,0.531,272.2,0.842,274.4,0.002,13.99,1.0,3.0,0.0,-1.778,0.0,21.13,38.99,0.0,-0.0069999999999999,-0.004,-0.003,-0.319,-0.064,0.592,0.0,2.597,-4.513999999999999,-4.383,-4.708,-4.324,-4.612,-4.33,-145.7,-4.324,-4.325,0.027,0.001,0.001,0.002,0.003,0.01,0.006,0.0069999999999999,6526.0,9176.0,9131.0,9311.0,7925.0,7900.0,6400.0,0.0,0.0,0.0,0.0,0.0,0.0,0.0,0.0,38.31,0.0,60.15,0.0,0.0,0.0,0.0,16.0,0.0,0.0,0.0,0.0,0.0,-4.412,-4.352,0.0,-4.617,194.4,10.52,3.0,3.473,-1.0,2.348,3.1,4901
2016-01-20 20:18:00,0.0,0.0,0.0,1067741.0,62.9,59.9,60.0,0.0,40819.0,507.0,93060.0,1025385.0,0.0,1.0,0.0,0.0,0.0,275.8,274.7,276.6,0.772,272.8,0.531,272.1,0.842,274.2,0.002,13.99,1.0,3.0,0.0,-1.781,0.0,20.98,39.03,0.0,-0.0069999999999999,-0.003,-0.003,-0.32,-0.066,0.592,0.0,2.597,-4.513999999999999,-4.39,-4.676,-4.324,-4.612,-4.33,-124.6,-4.324,-4.325,0.024,0.001,0.0,0.002,0.004,0.011,0.006,0.008,6526.0,9176.0,9131.0,9311.0,7925.0,7900.0,6400.0,0.0,0.0,0.0,0.0,0.0,0.0,0.0,0.0,38.37,0.0,60.21,0.0,0.0,0.0,0.0,16.0,0.0,0.0,0.0,0.0,0.0,-4.377,-4.327,0.0,-4.607,186.8,15.17,3.0,3.473,-1.0,2.043,2.8,4901
2016-01-20 20:19:00,0.0,0.0,0.0,1067741.0,62.9,59.9,60.0,0.0,40819.0,507.0,93060.0,1025385.0,0.0,1.0,0.0,0.0,0.0,275.6,274.6,276.6,0.772,272.6,0.531,272.0,0.842,274.1,0.002,13.99,1.0,3.0,0.0,-1.8,0.0,20.83,39.41,0.0,-0.0069999999999999,-0.003,-0.003,-0.322,-0.067,0.592,0.0,2.547,-4.513999999999999,-4.383,-4.676,-4.324,-4.612,-4.33,-119.8,-4.306,-4.325,0.027,0.001,0.001,0.003,0.003,0.011,0.006,0.0069999999999999,6526.0,9176.0,9131.0,9311.0,7925.0,7900.0,6400.0,0.0,0.0,0.0,0.0,0.0,0.0,0.0,0.0,38.72,0.0,60.18,0.0,0.0,0.0,0.0,16.0,0.0,0.0,0.0,0.0,0.0,-4.377,-4.333,0.0,-4.6080000000000005,190.9,14.32,3.0,3.473,-1.0,2.418,3.2,4901
2016-01-20 20:20:00,0.0,0.0,0.0,1067741.0,62.9,59.9,60.0,0.0,40819.0,507.0,93060.0,1025385.0,0.0,1.0,0.0,0.0,0.0,275.7,274.6,276.5,0.772,272.3,0.531,272.0,0.842,274.1,0.002,13.99,1.0,3.0,0.0,-1.801,0.0,20.93,39.62,0.0,-0.0069999999999999,-0.003,-0.003,-0.3229999999999999,-0.069,0.592,0.0,2.533,-4.513999999999999,-4.383,-4.672,-4.324,-4.612,-4.33,-145.4,-4.292,-4.325,0.024,0.0,0.0,0.002,0.002,0.011,0.006,0.0069999999999999,6526.0,9176.0,9131.0,9311.0,7925.0,7900.0,6400.0,0.0,0.0,0.0,0.0,0.0,0.0,0.0,0.0,38.85,0.0,60.22,0.0,0.0,0.0,0.0,16.0,0.0,0.0,0.0,0.0,0.0,-4.39,-4.3660000000000005,0.0,-4.612,180.0,12.73,3.0,3.473,-1.0,2.17,3.2,4901
2016-01-20 20:21:00,0.0,0.0,0.0,1067741.0,62.9,59.9,60.0,0.0,40819.0,507.0,93060.0,1025385.0,0.0,1.0,0.0,0.0,0.0,275.5,274.5,276.4,0.772,272.0,0.531,272.0,0.842,274.0,0.002,13.99,1.0,3.0,0.0,-1.814,0.0,20.97,39.31,0.0,-0.0069999999999999,-0.003,-0.003,-0.324,-0.07,0.592,0.0,2.5,-4.513999999999999,-4.369,-4.708,-4.324,-4.612,-4.33,-119.2,-4.306,-4.325,0.024,0.001,0.0,0.001,0.002,0.011,0.0069999999999999,0.008,6526.0,9176.0,9131.0,9311.0,7925.0,7900.0,6400.0,0.0,0.0,0.0,0.0,0.0,0.0,0.0,0.0,38.63,0.0,60.21,0.0,0.0,0.0,0.0,16.0,0.0,0.0,0.0,0.0,0.0,-4.4,-4.372,0.0,-4.613,193.7,11.61,3.0,3.472,-1.0,2.128,3.4,4901
2016-01-20 20:22:00,0.0,0.0,0.0,1067741.0,62.9,59.9,60.0,0.0,40819.0,507.0,93060.0,1025385.0,0.0,1.0,0.0,0.0,0.0,275.4,274.5,276.5,0.772,272.0,0.531,272.0,0.842,274.0,0.002,13.99,1.0,3.0,0.0,-1.821,0.0,20.93,38.82,0.0,-0.0069999999999999,-0.003,-0.003,-0.322,-0.068,0.592,0.0,2.5,-4.5,-4.418,-4.69,-4.324,-4.612,-4.33,-145.2,-4.275,-4.325,0.0289999999999999,0.001,0.0,0.002,0.003,0.011,0.0069999999999999,0.008,6526.0,9176.0,9131.0,9311.0,7925.0,7900.0,6400.0,0.0,0.0,0.0,0.0,0.0,0.0,0.0,0.0,38.16,0.0,60.15,0.0,0.0,0.0,0.0,16.0,0.0,0.0,0.0,0.0,0.0,-4.4,-4.364,0.0,-4.612,191.2,11.76,3.0,3.472,-1.0,2.092,3.4,4901
2016-01-20 20:23:00,0.0,0.0,0.0,1067741.0,62.9,59.9,60.0,0.0,40819.0,507.0,93060.0,1025385.0,0.0,1.0,0.0,0.0,0.0,275.3,274.6,276.5,0.772,272.0,0.531,272.0,0.842,274.0,0.002,13.99,1.0,3.0,0.0,-1.821,0.0,21.13,38.58,0.0,-0.0069999999999999,-0.003,-0.003,-0.319,-0.065,0.592,0.0,2.436,-4.513999999999999,-4.338,-4.676,-4.324,-4.612,-4.33,-145.5,-4.2780000000000005,-4.325,0.023,0.001,0.0,0.001,0.003,0.011,0.0069999999999999,0.008,6526.0,9176.0,9131.0,9311.0,7925.0,7900.0,6400.0,0.0,0.0,0.0,0.0,0.0,0.0,0.0,0.0,37.86,0.0,60.14,0.0,0.0,0.0,0.0,16.0,0.0,0.0,0.0,0.0,0.0,-4.376,-4.346,0.0,-4.602,199.5,16.18,3.0,3.473,-1.0,2.003,3.0,4901
2016-01-20 20:24:00,0.0,0.0,0.0,1067741.0,62.9,59.9,60.0,0.0,40819.0,507.0,93060.0,1025385.0,0.0,1.0,0.0,0.0,0.0,275.3,274.8,276.7,0.772,272.0,0.531,272.0,0.842,274.1,0.002,13.99,1.0,3.0,0.0,-1.83,0.0,21.06,38.54,0.0,-0.0069999999999999,-0.003,-0.003,-0.317,-0.063,0.592,0.0,2.404,-4.497,-4.3580000000000005,-4.612,-4.324,-4.612,-4.33,-145.4,-4.309,-4.325,0.024,0.0,0.0,0.001,0.002,0.011,0.006,0.008,6526.0,9176.0,9131.0,9311.0,7925.0,7900.0,6400.0,0.0,0.0,0.0,0.0,0.0,0.0,0.0,0.0,37.7,0.0,60.15,0.0,0.0,0.0,0.0,16.0,0.0,0.0,0.0,0.0,0.0,-4.393,-4.353,0.0,-4.602,201.6,11.4,3.0,3.473,-1.0,2.25,3.5,4901
2016-01-20 20:25:00,0.0,0.0,0.0,1067741.0,62.9,59.9,60.0,0.0,40819.0,507.0,93060.0,1025385.0,0.0,1.0,0.0,0.0,0.0,275.5,274.6,276.7,0.772,272.1,0.531,272.0,0.842,274.3,0.002,13.99,1.0,3.0,0.0,-1.844,0.0,20.9,38.58,0.0,-0.0069999999999999,-0.003,-0.003,-0.315,-0.0609999999999999,0.592,0.0,2.404,-4.513999999999999,-4.341,-4.626,-4.324,-4.612,-4.33,-145.8,-4.281000000000001,-4.325,0.032,0.0,-0.001,0.003,0.002,0.011,0.0069999999999999,0.0069999999999999,6526.0,9176.0,9131.0,9311.0,7925.0,7900.0,6400.0,0.0,0.0,0.0,0.0,0.0,0.0,0.0,0.0,37.8,0.0,60.14,0.0,0.0,0.0,0.0,16.0,0.0,0.0,0.0,0.0,0.0,-4.402,-4.356,0.0,-4.604,190.2,11.1,3.0,3.473,-1.0,2.228,3.0,4901
2016-01-20 20:26:00,0.0,0.0,0.0,1067741.0,62.9,59.9,60.0,0.0,40819.0,507.0,93060.0,1025385.0,0.0,1.0,0.0,0.0,0.0,275.5,274.6,276.8,0.772,272.1,0.531,272.0,0.842,274.9,0.002,13.99,1.0,3.0,0.0,-1.844,0.0,21.07,38.55,0.0,-0.0069999999999999,-0.003,-0.003,-0.317,-0.063,0.592,0.0,2.404,-4.497,-4.324,-4.612,-4.324,-4.612,-4.33,-145.0,-4.261,-4.325,0.0289999999999999,0.0,0.0,0.002,0.003,0.011,0.0069999999999999,0.0069999999999999,6526.0,9176.0,9131.0,9311.0,7925.0,7900.0,6400.0,0.0,0.0,0.0,0.0,0.0,0.0,0.0,0.0,37.68,0.0,60.14,0.0,0.0,0.0,0.0,16.0,0.0,0.0,0.0,0.0,0.0,-4.397,-4.38,0.0,-4.6080000000000005,203.2,11.94,3.0,3.473,-1.0,1.748,2.6,4901
2016-01-20 20:27:00,0.0,0.0,0.0,1067741.0,62.9,59.9,60.0,0.0,40819.0,507.0,93060.0,1025385.0,0.0,1.0,0.0,0.0,0.0,275.7,274.7,276.9,0.772,272.4,0.531,272.0,0.842,275.0,0.002,13.96,1.0,3.0,0.0,-1.858,0.0,21.09,38.3,0.0,-0.0069999999999999,-0.003,-0.003,-0.3019999999999999,-0.065,0.592,0.0,2.372,-4.5,-4.338,-4.629,-4.324,-4.612,-4.33,-119.0,-4.261,-4.325,0.027,0.0,0.0,0.001,0.003,0.011,0.0069999999999999,0.006,6526.0,9176.0,9131.0,9311.0,7925.0,7900.0,6400.0,0.0,0.0,0.0,0.0,0.0,0.0,0.0,0.0,37.49,0.0,60.14,0.0,0.0,0.0,0.0,16.0,0.0,0.0,0.0,0.0,0.0,-4.4,-4.405,0.0,-4.612,194.8,12.65,3.0,3.472,-1.0,1.857,2.5,4901
2016-01-20 20:28:00,0.0,0.0,0.0,1067741.0,62.9,59.9,60.0,0.0,40819.0,507.0,93060.0,1025385.0,0.0,1.0,0.0,0.0,0.0,275.5,274.9,277.0,0.772,273.0,0.531,272.0,0.842,275.0,0.002,13.99,1.0,3.0,0.0,-1.864,0.0,20.85,38.01,0.0,-0.0069999999999999,-0.003,-0.003,-0.321,-0.066,0.592,0.0,2.3080000000000003,-4.486000000000001,-4.324,-4.612,-4.324,-4.612,-4.33,-145.1,-4.246,-4.325,0.0279999999999999,0.001,0.0,0.001,0.003,0.01,0.006,0.006,6526.0,9176.0,9131.0,9311.0,7925.0,7900.0,6400.0,0.0,0.0,0.0,0.0,0.0,0.0,0.0,0.0,37.3,0.0,60.16,0.0,0.0,0.0,0.0,16.0,0.0,0.0,0.0,0.0,0.0,-4.4110000000000005,-4.394,0.0,-4.614,198.7,16.51,3.0,3.473,-1.0,1.575,2.4,4901
2016-01-20 20:29:00,0.0,0.0,0.0,1067741.0,62.9,59.9,60.0,0.0,40819.0,507.0,93060.0,1025385.0,0.0,1.0,0.0,0.0,0.0,275.5,275.0,277.0,0.772,273.0,0.531,272.8,0.842,275.0,0.002,13.99,1.0,3.0,0.0,-1.864,0.0,21.01,38.01,0.0,-0.0069999999999999,-0.003,-0.003,-0.322,-0.068,0.592,0.0,2.3080000000000003,-4.5,-4.324,-4.626,-4.324,-4.612,-4.33,-119.2,-4.229,-4.325,0.0279999999999999,0.001,-0.001,0.001,0.003,0.011,0.0069999999999999,0.0069999999999999,6526.0,9176.0,9131.0,9311.0,7925.0,7900.0,6400.0,0.0,0.0,0.0,0.0,0.0,0.0,0.0,0.0,37.28,0.0,60.22,0.0,0.0,0.0,0.0,16.0,0.0,0.0,0.0,0.0,0.0,-4.391,-4.363,0.0,-4.606,199.0,21.18,3.0,3.473,-1.0,1.565,2.5,4901
2016-01-20 20:30:00,0.0,0.0,0.0,1067741.0,62.9,59.9,60.0,0.0,40819.0,507.0,93060.0,1025385.0,0.0,1.0,0.0,0.0,0.0,275.7,274.9,276.7,0.772,272.6,0.531,272.7,0.842,274.7,0.002,13.99,1.0,3.0,0.0,-1.869,0.0,20.93,38.09,0.0,-0.0069999999999999,-0.003,-0.003,-0.324,-0.069,0.592,0.0,2.3080000000000003,-4.497,-4.372,-4.612,-4.324,-4.612,-4.33,-119.1,-4.275,-4.325,0.0289999999999999,0.0,0.0,0.001,0.003,0.01,0.006,0.0069999999999999,6526.0,9176.0,9131.0,9311.0,7925.0,7900.0,6400.0,0.0,0.0,0.0,0.0,0.0,0.0,0.0,0.0,37.35,0.0,60.22,0.0,0.0,0.0,0.0,16.0,0.0,0.0,0.0,0.0,0.0,-4.394,-4.367,0.0,-4.603,193.4,28.51,3.0,3.473,-1.0,1.988,2.9,4901
2016-01-20 20:31:00,0.0,0.0,0.0,1067741.0,62.9,59.9,60.0,0.0,40819.0,507.0,93060.0,1025385.0,0.0,1.0,0.0,0.0,0.0,275.7,275.0,276.8,0.772,272.9,0.531,272.9,0.842,274.9,0.002,13.99,1.0,3.0,0.0,-1.886,0.0,20.9,38.54,0.0,-0.0069999999999999,-0.003,-0.003,-0.3229999999999999,-0.069,0.592,0.0,2.3080000000000003,-4.482,-4.324,-4.612,-4.324,-4.612,-4.33,-145.6,-4.229,-4.325,0.0379999999999999,0.0,-0.001,0.002,0.003,0.011,0.006,0.008,6526.0,9176.0,9131.0,9311.0,7925.0,7900.0,6400.0,0.0,0.0,0.0,0.0,0.0,0.0,0.0,0.0,37.73,0.0,60.23,0.0,0.0,0.0,0.0,16.0,0.0,0.0,0.0,0.0,0.0,-4.385,-4.373,0.0,-4.605,201.7,7.399,3.0,3.473,-1.0,1.375,2.4,4901
2016-01-20 20:32:00,0.0,0.0,0.0,1067741.0,62.9,59.9,60.0,0.0,40819.0,507.0,93060.0,1025385.0,0.0,1.0,0.0,0.0,0.0,275.8,274.9,276.7,0.772,273.0,0.531,272.9,0.842,274.9,-0.01,13.56,1.0,1.0,0.0,-1.887,0.0,21.11,38.79,0.0,-0.0069999999999999,-0.003,-0.003,-0.2739999999999999,-0.066,0.5859999999999999,0.001,2.291,-4.497,-4.324,-4.612,-4.306,-4.612,-4.33,-145.2,-4.246,-4.325,0.034,0.0,0.0,0.001,0.003,0.01,0.006,0.006,6526.0,9176.0,9131.0,9311.0,7925.0,7900.0,6400.0,0.0,0.0,0.0,0.0,0.0,0.0,0.0,0.0,38.15,0.0,60.2,0.0,0.0,0.0,0.0,16.0,0.0,0.0,0.0,0.0,0.0,-4.368,-4.36,0.0,-4.598,186.4,14.32,3.0,3.473,-1.0,1.47,2.4,4901
2016-01-20 20:33:00,0.0,0.0,0.0,1067741.0,62.9,59.9,60.0,0.0,40819.0,507.0,93060.0,1025385.0,0.0,1.0,0.0,0.0,0.0,275.6,275.1,277.0,0.772,273.0,0.531,273.0,0.842,275.0,0.013,13.6,1.0,1.0,0.0,-1.887,0.0,20.87,39.22,0.0,-0.0069999999999999,-0.003,-0.003,-0.3049999999999999,-0.063,0.5879999999999999,0.001,2.212,-4.465,-4.324,-4.612,-4.259,-4.612,-4.33,-145.2,-4.263999999999999,-4.325,0.032,0.001,0.0,0.002,0.003,0.011,0.0069999999999999,0.006,6526.0,9176.0,9131.0,9311.0,7925.0,7900.0,6400.0,0.0,0.0,0.0,0.0,0.0,0.0,0.0,0.0,38.51,0.0,60.18,0.0,0.0,0.0,0.0,16.0,0.0,0.0,0.0,0.0,0.0,-4.388999999999999,-4.377,0.0,-4.599,186.7,9.04,3.0,3.472,-1.0,2.038,2.6,4901
2016-01-20 20:34:00,0.0,0.0,0.0,1067741.0,62.9,59.9,60.0,0.0,40819.0,507.0,93060.0,1025385.0,0.0,1.0,0.0,0.0,0.0,275.8,275.0,276.8,0.772,273.0,0.531,272.8,0.842,275.0,0.002,13.99,1.0,3.0,0.0,-1.898,0.0,21.12,39.26,0.0,-0.0069999999999999,-0.003,-0.003,-0.316,-0.0609999999999999,0.592,0.0,2.212,-4.468,-4.324,-4.612,-4.306,-4.612,-4.33,-145.0,-4.261,-4.325,0.036,0.0,0.0,0.001,0.002,0.011,0.006,0.0069999999999999,6526.0,9176.0,9131.0,9311.0,7925.0,7900.0,6400.0,0.0,0.0,0.0,0.0,0.0,0.0,0.0,0.0,38.58,0.0,60.16,0.0,0.0,0.0,0.0,16.0,0.0,0.0,0.0,0.0,0.0,-4.381,-4.393,0.0,-4.605,198.2,13.77,3.0,3.472,-1.0,2.0,2.6,4901
2016-01-20 20:35:00,0.0,0.0,0.0,1067741.0,62.9,59.9,60.0,0.0,40819.0,507.0,93060.0,1025385.0,0.0,1.0,0.0,0.0,0.0,275.6,275.0,276.9,0.772,273.0,0.531,272.8,0.842,275.0,0.002,13.99,2.0,3.0,0.0,-1.907,0.0,20.92,39.27,0.0,-0.0069999999999999,-0.003,-0.003,-0.318,-0.063,0.592,0.0,2.212,-4.468,-4.355,-4.612,-4.277,-4.612,-4.33,-144.6,-4.243,-4.325,0.0279999999999999,0.0,0.0,0.001,0.002,0.011,0.006,0.006,6526.0,9176.0,9131.0,9311.0,7925.0,7900.0,6400.0,0.0,0.0,0.0,0.0,0.0,0.0,0.0,0.0,38.57,0.0,60.22,0.0,0.0,0.0,0.0,16.0,0.0,0.0,0.0,0.0,0.0,-4.405,-4.38,0.0,-4.601,198.3,11.77,3.0,3.473,-1.0,1.488,2.5,4901
2016-01-20 20:36:00,0.0,0.0,0.0,1067741.0,62.9,59.9,60.0,0.0,40819.0,507.0,93060.0,1025385.0,0.0,1.0,0.0,0.0,0.0,275.8,275.0,276.8,0.772,273.0,0.531,272.9,0.842,275.0,0.002,13.99,2.0,3.0,0.0,-1.907,0.0,20.96,39.44,0.0,-0.0069999999999999,-0.003,-0.003,-0.3229999999999999,-0.069,0.592,0.0,2.133,-4.4510000000000005,-4.324,-4.612,-4.242,-4.612,-4.263,-145.1,-4.215,-4.325,0.0279999999999999,0.001,0.0,0.002,0.003,0.011,0.0069999999999999,0.006,6526.0,9176.0,9131.0,9311.0,7925.0,7900.0,6400.0,0.0,0.0,0.0,0.0,0.0,0.0,0.0,0.0,38.69,0.0,60.2,0.0,0.0,0.0,0.0,16.0,0.0,0.0,0.0,0.0,0.0,-4.394,-4.359,0.0,-4.595,206.7,8.199999999999998,3.0,3.473,-1.0,1.57,2.5,4901
2016-01-20 20:37:00,0.0,0.0,0.0,1067741.0,62.9,59.9,60.0,0.0,40819.0,507.0,93060.0,1025385.0,0.0,1.0,0.0,0.0,0.0,275.6,275.1,277.0,0.772,273.0,0.531,273.0,0.842,275.0,0.002,13.99,2.0,3.0,0.0,-1.907,0.0,20.99,39.18,0.0,-0.0069999999999999,-0.003,-0.003,-0.324,-0.07,0.592,0.0,2.13,-4.4510000000000005,-4.324,-4.612,-4.227,-4.612,-4.234,-102.6,-4.151,-4.325,0.033,-0.001,0.0,0.001,0.002,0.011,0.0069999999999999,0.0069999999999999,6526.0,9176.0,9131.0,9311.0,7925.0,7900.0,6400.0,0.0,0.0,0.0,0.0,0.0,0.0,0.0,0.0,38.46,0.0,60.14,0.0,0.0,0.0,0.0,16.0,0.0,0.0,0.0,0.0,0.0,-4.361000000000001,-4.343,0.0,-4.59,213.3,15.02,3.0,3.472,-1.0,1.252,1.9,4901
2016-01-20 20:38:00,0.0,0.0,0.0,1067741.0,62.9,59.9,60.0,0.0,40819.0,507.0,93060.0,1025385.0,0.0,1.0,0.0,0.0,0.0,275.9,275.0,277.0,0.772,272.9,0.531,272.8,0.842,275.0,0.002,13.99,2.0,3.0,0.0,-1.907,0.0,20.98,39.02,0.0,-0.0069999999999999,-0.003,-0.003,-0.322,-0.068,0.592,0.0,2.116,-4.468,-4.324,-4.612,-4.227,-4.612,-4.266,-145.0,-4.165,-4.325,0.031,0.0,0.0,0.002,0.003,0.01,0.0069999999999999,0.006,6526.0,9176.0,9131.0,9311.0,7925.0,7900.0,6400.0,0.0,0.0,0.0,0.0,0.0,0.0,0.0,0.0,38.35,0.0,60.14,0.0,0.0,0.0,0.0,16.0,0.0,0.0,0.0,0.0,0.0,-4.379,-4.346,0.0,-4.591,185.4,8.699999999999998,3.0,3.473,-1.0,1.748,2.4,4901
2016-01-20 20:39:00,0.0,0.0,0.0,1067741.0,62.9,59.9,60.0,0.0,40819.0,507.0,93060.0,1025385.0,0.0,1.0,0.0,0.0,0.0,275.6,274.7,276.8,0.772,272.3,0.531,272.1,0.842,274.9,0.002,13.99,2.0,3.0,0.0,-1.907,0.0,20.92,39.05,0.0,-0.0069999999999999,-0.003,-0.003,-0.321,-0.067,0.592,0.0,2.116,-4.434,-4.324,-4.612,-4.227,-4.612,-4.234,-144.9,-4.133,-4.325,0.031,0.0,0.0,0.002,0.003,0.011,0.006,0.0069999999999999,6526.0,9176.0,9131.0,9311.0,7925.0,7900.0,6400.0,0.0,0.0,0.0,0.0,0.0,0.0,0.0,0.0,38.35,0.0,60.15,0.0,0.0,0.0,0.0,16.0,0.0,0.0,0.0,0.0,0.0,-4.374,-4.367,0.0,-4.589,181.8,10.33,3.0,3.473,-1.0,1.538,2.2,4901
2016-01-20 20:40:00,0.0,0.0,0.0,1067741.0,62.9,59.9,60.0,0.0,40819.0,507.0,93060.0,1025385.0,0.0,1.0,0.0,0.0,0.0,275.6,274.5,276.7,0.772,272.3,0.531,272.0,0.842,274.8,0.002,13.99,2.0,3.0,0.0,-1.921,0.0,20.96,39.13,0.0,-0.0069999999999999,-0.003,-0.003,-0.3229999999999999,-0.068,0.592,0.0,2.116,-4.479,-4.341,-4.612,-4.227,-4.612,-4.248,-145.5,-4.2,-4.325,0.034,0.0,-0.001,0.001,0.002,0.01,0.0069999999999999,0.0069999999999999,6526.0,9176.0,9131.0,9311.0,7925.0,7900.0,6400.0,0.0,0.0,0.0,0.0,0.0,0.0,0.0,0.0,38.41,0.0,60.14,0.0,0.0,0.0,0.0,16.0,0.0,0.0,0.0,0.0,0.0,-4.39,-4.376,0.0,-4.588,182.8,6.81,3.0,3.473,-1.0,2.112,2.9,4901
2016-01-20 20:41:00,0.0,0.0,0.0,1067741.0,62.9,59.9,60.0,0.0,40819.0,507.0,93060.0,1025385.0,0.0,1.0,0.0,0.0,0.0,275.4,274.5,276.7,0.772,272.0,0.531,272.0,0.842,274.4,0.002,13.99,2.0,3.0,0.0,-1.927,0.0,20.87,39.17,0.0,-0.0069999999999999,-0.003,-0.003,-0.324,-0.07,0.592,0.0,2.116,-4.448,-4.324,-4.612,-4.227,-4.612,-4.234,-145.5,-4.246,-4.325,0.033,0.0,0.0,0.001,0.002,0.011,0.006,0.0069999999999999,6526.0,9176.0,9131.0,9311.0,7925.0,7900.0,6400.0,0.0,0.0,0.0,0.0,0.0,0.0,0.0,0.0,38.47,0.0,60.15,0.0,0.0,0.0,0.0,16.0,0.0,0.0,0.0,0.0,0.0,-4.396,-4.369,0.0,-4.59,174.4,17.18,3.0,3.472,-1.0,1.4,1.8,4901
2016-01-20 20:42:00,0.0,0.0,0.0,1067741.0,62.9,59.9,60.0,0.0,40819.0,507.0,93060.0,1025385.0,0.0,1.0,0.0,0.0,0.0,275.4,274.6,276.7,0.772,272.0,0.531,272.0,0.842,274.3,0.002,13.99,2.0,3.0,0.0,-1.927,0.0,21.13,38.8,0.0,-0.0069999999999999,-0.003,-0.003,-0.322,-0.067,0.592,0.0,2.0980000000000003,-4.437,-4.324,-4.612,-4.227,-4.612,-4.234,-145.2,-4.133,-4.325,0.037,-0.001,0.0,0.002,0.002,0.01,0.006,0.005,6526.0,9176.0,9131.0,9311.0,7925.0,7900.0,6400.0,0.0,0.0,0.0,0.0,0.0,0.0,0.0,0.0,38.29,0.0,60.14,0.0,0.0,0.0,0.0,16.0,0.0,0.0,0.0,0.0,0.0,-4.361000000000001,-4.36,0.0,-4.583,194.3,13.62,3.0,3.473,-1.0,1.4,2.1,4901
2016-01-20 20:43:00,0.0,0.0,0.0,1067741.0,62.9,59.9,60.0,0.0,40819.0,507.0,93060.0,1025385.0,0.0,1.0,0.0,0.0,0.0,275.5,274.6,276.7,0.772,272.3,0.531,272.0,0.842,274.1,0.002,13.99,2.0,3.0,0.0,-1.927,0.0,20.86,38.56,0.0,-0.0069999999999999,-0.003,-0.003,-0.321,-0.067,0.592,0.0,2.037,-4.437,-4.324,-4.612,-4.227,-4.612,-4.234,-145.4,-4.133,-4.261,0.031,0.0,0.0,0.002,0.002,0.01,0.006,0.0069999999999999,6526.0,9176.0,9131.0,9311.0,7925.0,7900.0,6400.0,0.0,0.0,0.0,0.0,0.0,0.0,0.0,0.0,37.95,0.0,60.13,0.0,0.0,0.0,0.0,16.0,0.0,0.0,0.0,0.0,0.0,-4.3660000000000005,-4.347,0.0,-4.579,186.8,13.21,3.0,3.473,-1.0,1.522,2.2,4901
2016-01-20 20:44:00,0.0,0.0,0.0,1067741.0,62.9,59.9,60.0,0.0,40819.0,507.0,93060.0,1025385.0,0.0,1.0,0.0,0.0,0.0,275.9,274.6,276.7,0.772,273.0,0.531,272.0,0.842,274.5,0.002,13.99,2.0,3.0,0.0,-1.928,0.0,20.74,38.36,0.0,-0.0069999999999999,-0.003,-0.003,-0.322,-0.068,0.592,0.0,2.019,-4.401,-4.324,-4.612,-4.227,-4.612,-4.234,-144.9,-4.147,-4.276,0.036,-0.001,0.0,0.002,0.002,0.011,0.006,0.006,6526.0,9176.0,9131.0,9311.0,7925.0,7900.0,6400.0,0.0,0.0,0.0,0.0,0.0,0.0,0.0,0.0,37.69,0.0,60.14,0.0,0.0,0.0,0.0,16.0,0.0,0.0,0.0,0.0,0.0,-4.362,-4.316,0.0,-4.569,165.4,22.27,3.0,3.473,-1.0,0.8249999999999998,1.3,4901
2016-01-20 20:45:00,0.0,0.0,0.0,1067741.0,62.9,59.9,60.0,0.0,40819.0,507.0,93060.0,1025385.0,0.0,1.0,0.0,0.0,0.0,275.6,274.7,276.8,0.772,272.9,0.531,272.0,0.842,274.7,0.002,13.99,1.0,3.0,0.0,-1.944,0.0,21.03,37.99,0.0,-0.0069999999999999,-0.003,-0.003,-0.319,-0.065,0.592,0.0,2.019,-4.433,-4.324,-4.612,-4.227,-4.612,-4.234,-144.7,-4.133,-4.276,0.033,0.0,0.0,0.002,0.003,0.011,0.006,0.0069999999999999,6526.0,9176.0,9131.0,9311.0,7925.0,7900.0,6400.0,0.0,0.0,0.0,0.0,0.0,0.0,0.0,0.0,37.32,0.0,60.15,0.0,0.0,0.0,0.0,16.0,0.0,0.0,0.0,0.0,0.0,-4.348,-4.314,0.0,-4.567,178.1,36.91,3.0,3.473,-1.0,0.813,1.5,4901
2016-01-20 20:46:00,0.0,0.0,0.0,1067741.0,62.9,59.9,60.0,0.0,40819.0,507.0,93060.0,1025385.0,0.0,1.0,0.0,0.0,0.0,275.7,274.7,276.9,0.772,273.0,0.531,272.0,0.842,274.9,0.002,13.99,1.0,3.0,0.0,-1.948,0.0,20.93,37.59,0.0,-0.0069999999999999,-0.003,-0.003,-0.317,-0.063,0.592,0.0,2.002,-4.419,-4.324,-4.612,-4.227,-4.612,-4.234,-145.0,-4.15,-4.293,0.034,0.0,0.0,0.002,0.002,0.01,0.006,0.006,6526.0,9176.0,9131.0,9311.0,7925.0,7900.0,6400.0,0.0,0.0,0.0,0.0,0.0,0.0,0.0,0.0,36.99,0.0,60.22,0.0,0.0,0.0,0.0,16.0,0.0,0.0,0.0,0.0,0.0,-4.33,-4.327,0.0,-4.5680000000000005,188.1,24.06,3.0,3.473,-1.0,0.8,1.3,4901
2016-01-20 20:47:00,0.0,0.0,0.0,1067741.0,62.9,59.9,60.0,0.0,40819.0,507.0,93060.0,1025385.0,0.0,1.0,0.0,0.0,0.0,275.8,274.9,277.2,0.772,273.0,0.531,272.9,0.842,275.0,0.002,13.99,1.0,3.0,0.0,-1.949,0.0,20.94,37.35,0.0,-0.0069999999999999,-0.003,-0.003,-0.317,-0.063,0.592,0.0,1.923,-4.42,-4.324,-4.612,-4.227,-4.612,-4.234,-145.2,-4.133,-4.311,0.0289999999999999,0.0,0.0,0.001,0.002,0.011,0.006,0.0069999999999999,6526.0,9176.0,9131.0,9311.0,7925.0,7900.0,6400.0,0.0,0.0,0.0,0.0,0.0,0.0,0.0,0.0,36.69,0.0,60.21,0.0,0.0,0.0,0.0,16.0,0.0,0.0,0.0,0.0,0.0,-4.332,-4.345,0.0,-4.565,180.9,15.09,3.0,3.473,-1.0,1.167,2.0,4901
2016-01-20 20:48:00,0.0,0.0,0.0,1067741.0,62.9,59.9,60.0,0.0,40819.0,507.0,93060.0,1025385.0,0.0,1.0,0.0,0.0,0.0,275.8,274.7,276.9,0.772,273.0,0.531,272.1,0.842,275.0,0.002,13.99,1.0,3.0,0.0,-1.95,0.0,20.9,36.96,0.0,-0.0069999999999999,-0.003,-0.003,-0.319,-0.065,0.592,0.0,1.923,-4.433,-4.324,-4.612,-4.227,-4.58,-4.234,-144.9,-4.147,-4.325,0.024,0.001,0.0,0.001,0.003,0.01,0.005,0.005,6526.0,9176.0,9131.0,9311.0,7925.0,7900.0,6400.0,0.0,0.0,0.0,0.0,0.0,0.0,0.0,0.0,36.34,0.0,60.15,0.0,0.0,0.0,0.0,16.0,0.0,0.0,0.0,0.0,0.0,-4.35,-4.356,0.0,-4.57,186.4,11.47,3.0,3.473,-1.0,1.697,2.2,4901
2016-01-20 20:49:00,0.0,0.0,0.0,1067741.0,62.9,59.9,60.0,0.0,40819.0,507.0,93060.0,1025385.0,0.0,1.0,0.0,0.0,0.0,275.8,274.7,276.8,0.772,272.9,0.531,272.2,0.842,274.9,0.002,13.99,1.0,3.0,0.0,-1.95,0.0,20.96,36.94,0.0,-0.0069999999999999,-0.003,-0.003,-0.321,-0.067,0.5909999999999999,0.0,1.923,-4.4510000000000005,-4.324,-4.612,-4.227,-4.612,-4.234,-144.8,-4.133,-4.29,0.037,-0.001,0.0,0.001,0.002,0.01,0.0069999999999999,0.006,6526.0,9176.0,9131.0,9311.0,7925.0,7900.0,6400.0,0.0,0.0,0.0,0.0,0.0,0.0,0.0,0.0,36.3,0.0,60.14,0.0,0.0,0.0,0.0,16.0,0.0,0.0,0.0,0.0,0.0,-4.372,-4.345,0.0,-4.562,188.4,11.17,3.0,3.473,-1.0,1.327,2.1,4901
2016-01-20 20:50:00,0.0,0.0,0.0,1067741.0,62.9,59.9,60.0,0.0,40819.0,507.0,93060.0,1025385.0,0.0,1.0,0.0,0.0,0.0,275.9,274.9,276.9,0.772,273.0,0.531,272.8,0.842,275.0,0.002,13.99,1.0,3.0,0.0,-1.95,0.0,20.93,36.94,0.0,-0.0069999999999999,-0.003,-0.003,-0.322,-0.068,0.592,0.0,1.923,-4.419,-4.324,-4.612,-4.227,-4.565,-4.234,-144.5,-4.133,-4.308,0.027,-0.001,-0.001,0.001,0.002,0.011,0.006,0.006,6526.0,9176.0,9131.0,9311.0,7925.0,7900.0,6400.0,0.0,0.0,0.0,0.0,0.0,0.0,0.0,0.0,36.3,0.0,60.14,0.0,0.0,0.0,0.0,16.0,0.0,0.0,0.0,0.0,0.0,-4.364,-4.334,0.0,-4.56,175.1,13.74,3.0,3.472,-1.0,1.38,1.7,4901
2016-01-20 20:51:00,0.0,0.0,0.0,1067741.0,62.9,59.9,60.0,0.0,40819.0,507.0,93060.0,1025385.0,0.0,1.0,0.0,0.0,0.0,275.9,274.9,276.8,0.772,273.0,0.531,272.9,0.842,275.0,0.002,13.99,1.0,3.0,0.0,-1.95,0.0,20.82,37.18,0.0,-0.0069999999999999,-0.003,-0.003,-0.325,-0.0709999999999999,0.592,0.0,1.923,-4.419,-4.324,-4.612,-4.227,-4.53,-4.234,-123.7,-4.15,-4.276,0.033,0.0,-0.001,0.002,0.003,0.011,0.0069999999999999,0.006,6526.0,9176.0,9131.0,9311.0,7925.0,7900.0,6400.0,0.0,0.0,0.0,0.0,0.0,0.0,0.0,0.0,36.53,0.0,60.14,0.0,0.0,0.0,0.0,16.0,0.0,0.0,0.0,0.0,0.0,-4.369,-4.349,0.0,-4.56,199.9,12.06,3.0,3.473,-1.0,1.942,2.3,4901
2016-01-20 20:52:00,0.0,0.0,0.0,1067741.0,62.9,59.9,60.0,0.0,40819.0,507.0,93060.0,1025385.0,0.0,1.0,0.0,0.0,0.0,275.7,275.0,276.8,0.772,273.0,0.531,272.7,0.842,275.0,0.002,13.99,1.0,3.0,0.0,-1.95,0.0,21.0,36.79,0.0,-0.0069999999999999,-0.003,-0.003,-0.33,-0.0749999999999999,0.592,0.0,1.923,-4.416,-4.324,-4.612,-4.227,-4.516,-4.234,-145.0,-4.133,-4.293,0.0289999999999999,0.0,-0.001,0.002,0.003,0.01,0.005,0.0069999999999999,6526.0,9176.0,9131.0,9311.0,7925.0,7900.0,6400.0,0.0,0.0,0.0,0.0,0.0,0.0,0.0,0.0,36.16,0.0,60.15,0.0,0.0,0.0,0.0,16.0,0.0,0.0,0.0,0.0,0.0,-4.377,-4.356,0.0,-4.558,191.1,6.835,3.0,3.473,-1.0,1.702,2.1,4901
2016-01-20 20:53:00,0.0,0.0,0.0,1067741.0,62.9,59.9,60.0,0.0,40819.0,507.0,93060.0,1025385.0,0.0,1.0,0.0,0.0,0.0,276.0,274.8,276.8,0.772,273.0,0.531,272.5,0.842,275.0,0.002,13.99,1.0,3.0,0.0,-1.95,0.0,20.99,36.76,0.0,-0.0069999999999999,-0.004,-0.003,-0.33,-0.0759999999999999,0.592,0.0,1.923,-4.416,-4.324,-4.612,-4.227,-4.53,-4.234,-144.7,-4.133,-4.308,0.032,0.0,-0.001,0.001,0.002,0.009,0.006,0.006,6526.0,9176.0,9131.0,9311.0,7925.0,7900.0,6400.0,0.0,0.0,0.0,0.0,0.0,0.0,0.0,0.0,36.11,0.0,60.15,0.0,0.0,0.0,0.0,16.0,0.0,0.0,0.0,0.0,0.0,-4.4,-4.363,0.0,-4.559,186.0,15.99,3.0,3.473,-1.0,1.207,1.6,4901
2016-01-20 20:54:00,0.0,0.0,0.0,1067741.0,62.9,59.9,60.0,0.0,40819.0,507.0,93060.0,1025385.0,0.0,1.0,0.0,0.0,0.0,275.8,274.9,276.8,0.772,272.9,0.531,272.8,0.842,275.0,0.002,13.99,1.0,3.0,0.0,-1.95,0.0,21.14,36.69,0.0,-0.0069999999999999,-0.003,-0.004,-0.326,-0.072,0.592,0.0,1.874,-4.391,-4.324,-4.612,-4.227,-4.516,-4.234,-118.6,-4.133,-4.263999999999999,0.031,0.001,-0.001,0.001,0.002,0.01,0.006,0.006,6526.0,9176.0,9131.0,9311.0,7925.0,7900.0,6400.0,0.0,0.0,0.0,0.0,0.0,0.0,0.0,0.0,36.07,0.0,60.14,0.0,0.0,0.0,0.0,16.0,0.0,0.0,0.0,0.0,0.0,-4.378,-4.37,0.0,-4.56,187.2,8.929999999999998,3.0,3.473,-1.0,1.717,2.3,4901
2016-01-20 20:55:00,0.0,0.0,0.0,1067741.0,62.9,59.9,60.0,0.0,40819.0,507.0,93060.0,1025385.0,0.0,1.0,0.0,0.0,0.0,275.6,275.0,277.1,0.772,273.0,0.531,272.9,0.842,275.0,0.002,13.99,1.0,3.0,0.0,-1.95,0.0,21.16,36.53,0.0,-0.0069999999999999,-0.003,-0.003,-0.325,-0.0709999999999999,0.592,0.0,1.827,-4.402,-4.324,-4.612,-4.227,-4.516,-4.234,-144.6,-4.133,-4.296,0.027,0.001,0.0,0.002,0.002,0.011,0.005,0.006,6526.0,9176.0,9131.0,9311.0,7925.0,7900.0,6400.0,0.0,0.0,0.0,0.0,0.0,0.0,0.0,0.0,35.95,0.0,60.14,0.0,0.0,0.0,0.0,16.0,0.0,0.0,0.0,0.0,0.0,-4.405,-4.362,0.0,-4.559,179.8,7.086,3.0,3.473,-1.0,1.63,2.3,4901
2016-01-20 20:56:00,0.0,0.0,0.0,1067741.0,62.9,59.9,60.0,0.0,40819.0,507.0,93060.0,1025385.0,0.0,1.0,0.0,0.0,0.0,275.9,275.0,276.9,0.772,273.0,0.531,273.0,0.842,275.0,0.002,13.99,1.0,3.0,0.0,-1.953,0.0,21.15,36.22,0.0,-0.0069999999999999,-0.003,-0.004,-0.326,-0.072,0.592,0.0,1.827,-4.434,-4.324,-4.612,-4.227,-4.516,-4.234,-145.1,-4.133,-4.293,0.034,0.0,-0.001,0.002,0.003,0.01,0.005,0.006,6526.0,9176.0,9131.0,9311.0,7925.0,7900.0,6400.0,0.0,0.0,0.0,0.0,0.0,0.0,0.0,0.0,35.68,0.0,60.13,0.0,0.0,0.0,0.0,16.0,0.0,0.0,0.0,0.0,0.0,-4.402,-4.35,0.0,-4.556,183.1,9.920000000000002,3.0,3.473,-1.0,1.52,2.1,4901
2016-01-20 20:57:00,0.0,0.0,0.0,1067741.0,62.9,59.9,60.0,0.0,40819.0,507.0,93060.0,1025385.0,0.0,1.0,0.0,0.0,0.0,276.0,275.0,276.9,0.772,273.0,0.531,273.0,0.842,275.0,0.002,13.99,1.0,3.0,0.0,-1.953,0.0,21.06,36.1,0.0,-0.0069999999999999,-0.003,-0.003,-0.322,-0.068,0.592,0.0,1.827,-4.437,-4.324,-4.612,-4.227,-4.533,-4.234,-118.8,-4.133,-4.311,0.032,0.0,-0.001,0.002,0.003,0.01,0.006,0.006,6526.0,9176.0,9131.0,9311.0,7925.0,7900.0,6400.0,0.0,0.0,0.0,0.0,0.0,0.0,0.0,0.0,35.39,0.0,60.17,0.0,0.0,0.0,0.0,16.0,0.0,0.0,0.0,0.0,0.0,-4.3580000000000005,-4.343,0.0,-4.554,183.4,4.941,3.0,3.473,-1.0,1.535,2.3,4901
2016-01-20 20:58:00,0.0,0.0,0.0,1067741.0,62.9,59.9,60.0,0.0,40819.0,507.0,93060.0,1025385.0,0.0,1.0,0.0,0.0,0.0,275.7,274.9,276.8,0.772,273.0,0.531,272.1,0.842,275.0,0.002,13.99,1.0,3.0,0.0,-1.962,0.0,20.91,35.82,0.0,-0.0069999999999999,-0.003,-0.003,-0.3229999999999999,-0.069,0.592,0.0,1.763,-4.437,-4.324,-4.612,-4.227,-4.516,-4.234,-144.6,-4.133,-4.261,0.032,0.0,0.0,0.001,0.002,0.01,0.006,0.0069999999999999,6526.0,9176.0,9131.0,9311.0,7925.0,7900.0,6400.0,0.0,0.0,0.0,0.0,0.0,0.0,0.0,0.0,35.13,0.0,60.14,0.0,0.0,0.0,0.0,16.0,0.0,0.0,0.0,0.0,0.0,-4.39,-4.368,0.0,-4.559,194.2,4.946000000000001,3.0,3.473,-1.0,1.452,1.7,4901
2016-01-20 20:59:00,0.0,0.0,0.0,1067741.0,62.9,59.9,60.0,0.0,40819.0,507.0,93060.0,1025385.0,0.0,1.0,0.0,0.0,0.0,275.8,274.8,276.8,0.772,272.8,0.531,272.1,0.842,274.8,0.002,13.99,1.0,3.0,0.0,-1.97,0.0,20.92,35.61,0.0,-0.0069999999999999,-0.003,-0.003,-0.322,-0.068,0.592,0.0,1.798,-4.388,-4.324,-4.612,-4.227,-4.516,-4.234,-144.8,-4.133,-4.243,0.025,0.0,-0.001,0.001,0.002,0.009,0.005,0.006,6526.0,9176.0,9131.0,9311.0,7925.0,7900.0,6400.0,0.0,0.0,0.0,0.0,0.0,0.0,0.0,0.0,34.91,0.0,60.14,0.0,0.0,0.0,0.0,16.0,0.0,0.0,0.0,0.0,0.0,-4.37,-4.362,0.0,-4.558,191.6,7.553,3.0,3.473,-1.0,1.378,1.8,4901
2016-01-20 21:00:00,0.0,0.0,0.0,1067741.0,62.9,59.9,60.0,0.0,40819.0,507.0,93060.0,1025385.0,0.0,1.0,0.0,0.0,0.0,275.7,274.9,277.1,0.772,273.0,0.531,272.4,0.842,275.0,0.002,13.99,1.0,3.0,0.0,-1.97,0.0,20.8,35.47,0.0,-0.0069999999999999,-0.004,-0.003,-0.32,-0.066,0.592,0.0,1.731,-4.437,-4.324,-4.612,-4.227,-4.516,-4.234,-144.8,-4.133,-4.229,0.025,0.0,0.0,0.001,0.002,0.01,0.006,0.006,6526.0,9176.0,9131.0,9311.0,7925.0,7900.0,6400.0,0.0,0.0,0.0,0.0,0.0,0.0,0.0,0.0,34.56,0.0,60.14,0.0,0.0,0.0,0.0,16.0,0.0,0.0,0.0,0.0,0.0,-4.365,-4.345,0.0,-4.553,190.7,7.489,3.0,3.472,-1.0,1.438,1.8,4901
2016-01-20 21:01:00,0.0,0.0,0.0,1067741.0,62.9,59.9,60.0,0.0,40819.0,507.0,93060.0,1025385.0,0.0,1.0,0.0,0.0,0.0,276.4,275.1,277.2,0.772,273.0,0.531,273.0,0.842,275.0,0.002,13.99,1.0,3.0,0.0,-1.97,0.0,20.98,35.0,0.0,-0.0069999999999999,-0.003,-0.003,-0.322,-0.068,0.592,0.0,1.731,-4.373,-4.324,-4.612,-4.227,-4.516,-4.234,-144.7,-4.133,-4.229,0.034,0.0,0.0,0.001,0.002,0.01,0.006,0.006,6526.0,9176.0,9131.0,9311.0,7925.0,7900.0,6400.0,0.0,0.0,0.0,0.0,0.0,0.0,0.0,0.0,34.21,0.0,60.14,0.0,0.0,0.0,0.0,16.0,0.0,0.0,0.0,0.0,0.0,-4.347,-4.33,0.0,-4.551,181.2,13.9,3.0,3.473,-1.0,1.598,2.3,4901
2016-01-20 21:02:00,0.0,0.0,0.0,1067741.0,62.9,59.9,60.0,0.0,40819.0,507.0,93060.0,1025385.0,0.0,1.0,0.0,0.0,0.0,276.2,275.5,277.5,0.772,273.0,0.531,273.0,0.842,275.0,0.002,13.99,1.0,3.0,0.0,-1.97,0.0,21.01,34.77,0.0,-0.0069999999999999,-0.003,-0.003,-0.3229999999999999,-0.069,0.592,0.0,1.731,-4.422,-4.324,-4.612,-4.227,-4.516,-4.234,-124.3,-4.133,-4.229,0.0279999999999999,0.0,-0.001,0.002,0.003,0.01,0.005,0.0069999999999999,6526.0,9176.0,9131.0,9311.0,7925.0,7900.0,6400.0,0.0,0.0,0.0,0.0,0.0,0.0,0.0,0.0,33.95,0.0,60.14,0.0,0.0,0.0,0.0,16.0,0.0,0.0,0.0,0.0,0.0,-4.354,-4.34,0.0,-4.55,178.8,15.56,3.0,3.473,-1.0,1.412,2.1,4901
2016-01-20 21:03:00,0.0,0.0,0.0,1067741.0,62.9,59.9,60.0,0.0,40819.0,507.0,93060.0,1025385.0,0.0,1.0,0.0,0.0,0.0,276.4,275.5,277.5,0.772,273.0,0.531,273.0,0.842,275.0,0.002,13.99,1.0,3.0,0.0,-1.97,0.0,20.9,34.39,0.0,-0.0069999999999999,-0.004,-0.004,-0.322,-0.068,0.592,0.0,1.731,-4.391,-4.324,-4.597,-4.227,-4.516,-4.234,-144.3,-4.133,-4.229,0.027,0.0,0.0,0.001,0.002,0.01,0.006,0.006,6526.0,9176.0,9131.0,9311.0,7925.0,7900.0,6400.0,0.0,0.0,0.0,0.0,0.0,0.0,0.0,0.0,33.57,0.0,60.2,0.0,0.0,0.0,0.0,16.0,0.0,0.0,0.0,0.0,0.0,-4.364,-4.331,0.0,-4.548,173.8,12.18,3.0,3.473,-1.0,1.143,1.8,4901
2016-01-20 21:04:00,0.0,0.0,0.0,1067741.0,62.9,59.9,60.0,0.0,40819.0,507.0,93060.0,1025385.0,0.0,1.0,0.0,0.0,0.0,276.3,275.7,277.6,0.772,273.0,0.531,273.0,0.842,275.0,0.002,13.99,1.0,3.0,0.0,-1.97,0.0,21.04,33.86,0.0,-0.0069999999999999,-0.004,-0.004,-0.3029999999999999,-0.066,0.5929999999999999,0.0,1.731,-4.384,-4.324,-4.594,-4.227,-4.516,-4.234,-124.4,-4.133,-4.229,0.032,0.0,0.0,0.002,0.001,0.01,0.005,0.005,6526.0,9176.0,9131.0,9311.0,7925.0,7900.0,6400.0,0.0,0.0,0.0,0.0,0.0,0.0,0.0,0.0,33.1,0.0,60.15,0.0,0.0,0.0,0.0,16.0,0.0,0.0,0.0,0.0,0.0,-4.339,-4.362,0.0,-4.553,187.5,15.91,3.0,3.473,-1.0,1.107,1.6,4901
2016-01-20 21:05:00,0.0,0.0,0.0,1067741.0,62.9,59.9,60.0,0.0,40819.0,507.0,93060.0,1025385.0,0.0,1.0,0.0,0.0,0.0,276.6,275.6,277.4,0.772,273.0,0.531,273.0,0.842,275.0,0.002,13.99,1.0,3.0,0.0,-1.97,0.0,21.16,33.18,0.0,-0.0069999999999999,-0.004,-0.004,-0.322,-0.068,0.592,0.0,1.731,-4.437,-4.324,-4.562,-4.227,-4.516,-4.234,-144.8,-4.133,-4.229,0.025,0.0,-0.001,0.001,0.002,0.009,0.005,0.006,6526.0,9176.0,9131.0,9311.0,7925.0,7900.0,6400.0,0.0,0.0,0.0,0.0,0.0,0.0,0.0,0.0,32.35,0.0,60.14,0.0,0.0,0.0,0.0,16.0,0.0,0.0,0.0,0.0,0.0,-4.356,-4.364,0.0,-4.554,181.8,24.02,3.0,3.473,-1.0,1.192,2.2,4901
2016-01-20 21:06:00,0.0,0.0,0.0,1067741.0,62.9,59.9,60.0,0.0,40819.0,507.0,93060.0,1025385.0,0.0,1.0,0.0,0.0,0.0,275.7,275.2,277.0,0.772,273.0,0.531,272.6,0.842,275.0,0.002,13.99,1.0,3.0,0.0,-1.97,0.0,21.16,32.67,0.0,-0.0069999999999999,-0.004,-0.004,-0.3229999999999999,-0.069,0.592,0.0,1.731,-4.437,-4.324,-4.53,-4.227,-4.516,-4.234,-145.1,-4.133,-4.229,0.031,0.0,-0.001,0.001,0.002,0.01,0.005,0.006,6526.0,9176.0,9131.0,9311.0,7925.0,7900.0,6400.0,0.0,0.0,0.0,0.0,0.0,0.0,0.0,0.0,31.75,0.0,60.13,0.0,0.0,0.0,0.0,16.0,0.0,0.0,0.0,0.0,0.0,-4.353,-4.398,0.0,-4.561,189.9,31.43,3.0,3.473,-1.0,0.443,1.0,4901
2016-01-20 21:07:00,0.0,0.0,0.0,1067741.0,62.9,59.9,60.0,0.0,40819.0,507.0,93060.0,1025385.0,0.0,1.0,0.0,0.0,0.0,275.9,274.9,276.8,0.772,272.7,0.531,272.7,0.842,274.7,0.002,13.99,1.0,3.0,0.0,-1.97,0.0,20.85,32.1,0.0,-0.0069999999999999,-0.004,-0.004,-0.322,-0.068,0.5909999999999999,0.0,1.635,-4.42,-4.324,-4.533,-4.227,-4.516,-4.234,-144.9,-4.133,-4.229,0.0279999999999999,0.0,-0.001,0.001,0.001,0.01,0.005,0.006,6526.0,9176.0,9131.0,9311.0,7925.0,7900.0,6400.0,0.0,0.0,0.0,0.0,0.0,0.0,0.0,0.0,31.26,0.0,60.15,0.0,0.0,0.0,0.0,16.0,0.0,0.0,0.0,0.0,0.0,-4.342,-4.429,0.0,-4.5680000000000005,149.9,29.75,3.0,3.472,-1.0,0.2829999999999999,0.5,4901
2016-01-20 21:08:00,0.0,0.0,0.0,1067741.0,62.9,59.9,60.0,0.0,40819.0,507.0,93060.0,1025385.0,0.0,1.0,0.0,0.0,0.0,275.5,274.5,276.4,0.772,272.0,0.531,272.0,0.842,274.0,0.002,13.99,1.0,3.0,0.0,-1.97,0.0,20.85,31.75,0.0,-0.0069999999999999,-0.004,-0.004,-0.32,-0.066,0.5909999999999999,0.0,1.635,-4.37,-4.324,-4.5680000000000005,-4.227,-4.516,-4.234,-145.0,-4.133,-4.229,0.019,0.0,-0.001,0.001,0.002,0.01,0.005,0.0069999999999999,6526.0,9176.0,9131.0,9311.0,7925.0,7900.0,6400.0,0.0,0.0,0.0,0.0,0.0,0.0,0.0,0.0,30.87,0.0,60.15,0.0,0.0,0.0,0.0,16.0,0.0,0.0,0.0,0.0,0.0,-4.375,-4.465,0.0,-4.58,155.3,13.0,3.0,3.473,-1.0,0.7429999999999999,1.2,4901
2016-01-20 21:09:00,0.0,0.0,0.0,1067741.0,62.9,59.9,60.0,0.0,40819.0,507.0,93060.0,1025385.0,0.0,1.0,0.0,0.0,0.0,275.3,274.5,276.5,0.772,272.0,0.531,272.0,0.842,274.0,0.002,13.99,1.0,3.0,0.0,-1.97,0.0,20.68,31.66,0.0,-0.0069999999999999,-0.004,-0.004,-0.322,-0.068,0.5909999999999999,0.0,1.635,-4.402,-4.324,-4.58,-4.227,-4.516,-4.234,-145.7,-4.133,-4.229,0.02,0.001,0.0,0.001,0.002,0.01,0.006,0.006,6526.0,9176.0,9131.0,9311.0,7925.0,7900.0,6400.0,0.0,0.0,0.0,0.0,0.0,0.0,0.0,0.0,30.75,0.0,60.13,0.0,0.0,0.0,0.0,16.0,0.0,0.0,0.0,0.0,0.0,-4.387,-4.47,0.0,-4.586,150.8,18.36,3.0,3.473,-1.0,0.782,1.3,4901
2016-01-20 21:10:00,0.0,0.0,0.0,1067741.0,62.9,59.9,60.0,0.0,40819.0,507.0,93060.0,1025385.0,0.0,1.0,0.0,0.0,0.0,275.5,274.6,276.7,0.772,272.1,0.531,272.0,0.842,274.1,0.002,13.99,1.0,3.0,0.0,-1.97,0.0,20.9,31.54,0.0,-0.0069999999999999,-0.005,-0.004,-0.32,-0.066,0.5909999999999999,0.0,1.635,-4.419,-4.324,-4.516,-4.227,-4.516,-4.234,-145.4,-4.133,-4.229,0.023,0.0,-0.001,0.001,0.002,0.01,0.005,0.006,6526.0,9176.0,9131.0,9311.0,7925.0,7900.0,6400.0,0.0,0.0,0.0,0.0,0.0,0.0,0.0,0.0,30.7,0.0,60.21,0.0,0.0,0.0,0.0,16.0,0.0,0.0,0.0,0.0,0.0,-4.391,-4.481,0.0,-4.594,162.3,24.51,3.0,3.473,-1.0,0.548,0.8,4901
2016-01-20 21:11:00,0.0,0.0,0.0,1067741.0,62.9,59.9,60.0,0.0,40819.0,507.0,93060.0,1025385.0,0.0,1.0,0.0,0.0,0.0,275.5,274.5,276.5,0.772,272.0,0.531,272.0,0.842,274.0,0.002,13.99,1.0,3.0,0.0,-1.97,0.0,21.01,31.69,0.0,-0.0069999999999999,-0.005,-0.005,-0.316,-0.062,0.5909999999999999,0.0,1.635,-4.42,-4.324,-4.583,-4.227,-4.516,-4.234,-119.7,-4.133,-4.229,0.025,0.0,-0.001,0.001,0.001,0.01,0.006,0.005,6526.0,9176.0,9131.0,9311.0,7925.0,7900.0,6400.0,0.0,0.0,0.0,0.0,0.0,0.0,0.0,0.0,30.8,0.0,60.21,0.0,0.0,0.0,0.0,16.0,0.0,0.0,0.0,0.0,0.0,-4.421,-4.494,0.0,-4.601,186.4,18.42,3.0,3.473,-1.0,0.763,1.2,4901
2016-01-20 21:12:00,0.0,0.0,0.0,1067741.0,62.9,59.9,60.0,0.0,40819.0,507.0,93060.0,1025385.0,0.0,1.0,0.0,0.0,0.0,275.6,274.5,276.5,0.772,272.0,0.531,272.0,0.842,274.0,0.002,13.99,1.0,3.0,0.0,-1.971,0.0,21.04,31.76,0.0,-0.0069999999999999,-0.006,-0.006,-0.311,-0.057,0.5909999999999999,0.0,1.6030000000000002,-4.42,-4.324,-4.612,-4.227,-4.516,-4.234,-145.1,-4.133,-4.311,0.027,0.0,-0.001,0.001,0.001,0.01,0.005,0.006,6526.0,9176.0,9131.0,9311.0,7925.0,7900.0,6400.0,0.0,0.0,0.0,0.0,0.0,0.0,0.0,0.0,30.82,0.0,60.15,0.0,0.0,0.0,0.0,16.0,0.0,0.0,0.0,0.0,0.0,-4.413,-4.512,0.0,-4.612,171.5,17.11,3.0,3.473,-1.0,0.642,0.9,4901
2016-01-20 21:13:00,0.0,0.0,0.0,1067741.0,62.9,59.9,60.0,0.0,40819.0,507.0,93060.0,1025385.0,0.0,1.0,0.0,0.0,0.0,275.3,274.5,276.5,0.772,272.0,0.531,272.0,0.842,274.0,0.002,13.99,2.0,3.0,0.0,-1.971,0.0,20.88,31.54,0.0,-0.0069999999999999,-0.006,-0.006,-0.31,-0.055,0.5909999999999999,0.0,1.538,-4.434,-4.341,-4.594,-4.227,-4.533,-4.234,-145.7,-4.133,-4.308,0.0289999999999999,0.0,0.0,0.001,0.002,0.01,0.005,0.0069999999999999,6526.0,9176.0,9131.0,9311.0,7925.0,7900.0,6400.0,0.0,0.0,0.0,0.0,0.0,0.0,0.0,0.0,30.72,0.0,60.14,0.0,0.0,0.0,0.0,16.0,0.0,0.0,0.0,0.0,0.0,-4.416,-4.522,0.0,-4.62,170.6,15.09,3.0,3.473,-1.0,0.665,1.2,4901
2016-01-20 21:14:00,0.0,0.0,0.0,1067741.0,62.9,59.9,60.0,0.0,40819.0,507.0,93060.0,1025385.0,0.0,1.0,0.0,0.0,0.0,275.1,274.5,276.5,0.772,272.0,0.531,272.0,0.842,274.0,0.002,13.99,2.0,3.0,0.0,-1.973,0.0,20.93,31.47,0.0,-0.0069999999999999,-0.0069999999999999,-0.0069999999999999,-0.312,-0.0579999999999999,0.5909999999999999,0.0,1.538,-4.42,-4.388,-4.612,-4.227,-4.516,-4.234,-119.8,-4.133,-4.325,0.025,-0.001,-0.001,0.001,0.001,0.01,0.005,0.006,6526.0,9176.0,9131.0,9311.0,7925.0,7900.0,6400.0,0.0,0.0,0.0,0.0,0.0,0.0,0.0,0.0,30.68,0.0,60.15,0.0,0.0,0.0,0.0,16.0,0.0,0.0,0.0,0.0,0.0,-4.437,-4.525,0.0,-4.627,163.7,24.23,3.0,3.472,-1.0,0.518,0.9,4901
2016-01-20 21:15:00,0.0,0.0,0.0,1067741.0,62.9,59.9,60.0,0.0,40819.0,507.0,93060.0,1025385.0,0.0,1.0,0.0,0.0,0.0,275.5,274.5,276.6,0.772,272.0,0.531,272.0,0.842,274.0,0.002,13.99,2.0,3.0,0.0,-1.975,0.0,20.78,31.62,0.0,-0.0069999999999999,-0.0069999999999999,-0.0069999999999999,-0.313,-0.059,0.5909999999999999,0.0,1.538,-4.42,-4.405,-4.612,-4.227,-4.548,-4.234,-145.7,-4.133,-4.325,0.025,0.0,-0.001,0.001,0.001,0.009,0.004,0.006,6526.0,9176.0,9131.0,9311.0,7925.0,7900.0,6400.0,0.0,0.0,0.0,0.0,0.0,0.0,0.0,0.0,30.76,0.0,60.14,0.0,0.0,0.0,0.0,16.0,0.0,0.0,0.0,0.0,0.0,-4.453,-4.505,0.0,-4.627,159.7,20.03,3.0,3.473,-1.0,1.005,1.7,4901
2016-01-20 21:16:00,0.0,0.0,0.0,1067741.0,62.9,59.9,60.0,0.0,40819.0,507.0,93060.0,1025385.0,0.0,1.0,0.0,0.0,0.0,275.5,274.6,276.6,0.772,272.0,0.531,272.0,0.842,274.1,0.002,13.99,2.0,3.0,0.0,-1.979,0.0,20.82,31.83,0.0,-0.0069999999999999,-0.0069999999999999,-0.0069999999999999,-0.312,-0.0579999999999999,0.5909999999999999,0.0,1.538,-4.4510000000000005,-4.405,-4.612,-4.227,-4.597,-4.234,-144.9,-4.133,-4.325,0.027,-0.001,-0.001,0.001,0.002,0.01,0.006,0.006,6526.0,9176.0,9131.0,9311.0,7925.0,7900.0,6400.0,0.0,0.0,0.0,0.0,0.0,0.0,0.0,0.0,30.91,0.0,60.15,0.0,0.0,0.0,0.0,16.0,0.0,0.0,0.0,0.0,0.0,-4.43,-4.496,0.0,-4.63,147.8,22.47,3.0,3.473,-1.0,0.927,1.3,4901
2016-01-20 21:17:00,0.0,0.0,0.0,1067741.0,62.9,59.9,60.0,0.0,40819.0,507.0,93060.0,1025385.0,0.0,1.0,0.0,0.0,0.0,275.6,274.7,276.7,0.772,272.3,0.531,272.1,0.842,274.3,0.002,13.99,2.0,3.0,0.0,-1.978,0.0,20.84,31.73,0.0,-0.0069999999999999,-0.0069999999999999,-0.0069999999999999,-0.311,-0.0559999999999999,0.592,0.0,1.538,-4.42,-4.405,-4.612,-4.227,-4.594,-4.234,-145.4,-4.133,-4.276,0.0279999999999999,0.0,-0.001,0.001,0.003,0.009,0.005,0.0069999999999999,6526.0,9176.0,9131.0,9311.0,7925.0,7900.0,6400.0,0.0,0.0,0.0,0.0,0.0,0.0,0.0,0.0,30.83,0.0,60.15,0.0,0.0,0.0,0.0,16.0,0.0,0.0,0.0,0.0,0.0,-4.423,-4.474,0.0,-4.63,143.6,11.43,3.0,3.474,-1.0,1.147,1.7,4901
2016-01-20 21:18:00,0.0,0.0,0.0,1067741.0,62.9,59.9,60.0,0.0,40819.0,507.0,93060.0,1025385.0,0.0,1.0,0.0,0.0,0.0,275.8,274.9,276.7,0.772,272.9,0.531,272.4,0.842,274.9,0.002,13.99,2.0,3.0,0.0,-1.983,0.0,21.14,31.77,0.0,-0.0069999999999999,-0.0069999999999999,-0.0069999999999999,-0.31,-0.0559999999999999,0.592,0.0,1.538,-4.42,-4.352,-4.612,-4.227,-4.612,-4.234,-144.8,-4.133,-4.311,0.023,-0.001,-0.001,0.001,0.001,0.01,0.006,0.006,6526.0,9176.0,9131.0,9311.0,7925.0,7900.0,6400.0,0.0,0.0,0.0,0.0,0.0,0.0,0.0,0.0,30.86,0.0,60.13,0.0,0.0,0.0,0.0,16.0,0.0,0.0,0.0,0.0,0.0,-4.424,-4.446000000000001,0.0,-4.631,144.8,8.8,3.0,3.473,-1.0,0.883,1.4,4901
2016-01-20 21:19:00,0.0,0.0,0.0,1067741.0,62.9,59.9,60.0,0.0,40819.0,507.0,93060.0,1025385.0,0.0,1.0,0.0,0.0,0.0,275.8,274.8,276.6,0.772,272.3,0.531,272.3,0.842,274.9,0.002,13.99,2.0,3.0,0.0,-1.987,0.0,20.98,32.0,0.0,-0.0069999999999999,-0.006,-0.006,-0.309,-0.055,0.592,0.0,1.538,-4.42,-4.405,-4.612,-4.227,-4.612,-4.234,-119.5,-4.133,-4.296,0.023,-0.001,-0.001,0.001,0.002,0.009,0.005,0.006,6526.0,9176.0,9131.0,9311.0,7925.0,7900.0,6400.0,0.0,0.0,0.0,0.0,0.0,0.0,0.0,0.0,31.08,0.0,60.14,0.0,0.0,0.0,0.0,16.0,0.0,0.0,0.0,0.0,0.0,-4.458,-4.466,0.0,-4.634,133.3,6.765,3.0,3.474,-1.0,0.925,1.3,4901
2016-01-20 21:20:00,0.0,0.0,0.0,1067741.0,62.9,59.9,60.0,0.0,40819.0,507.0,93060.0,1025385.0,0.0,1.0,0.0,0.0,0.0,275.3,274.8,276.7,0.772,272.0,0.531,272.1,0.842,274.6,0.002,13.99,2.0,3.0,0.0,-1.991,0.0,20.92,32.31,0.0,-0.0069999999999999,-0.006,-0.006,-0.309,-0.054,0.592,0.0,1.538,-4.434,-4.388,-4.612,-4.227,-4.612,-4.234,-145.0,-4.151,-4.311,0.0279999999999999,0.0,-0.001,0.001,0.002,0.01,0.006,0.006,6526.0,9176.0,9131.0,9311.0,7925.0,7900.0,6400.0,0.0,0.0,0.0,0.0,0.0,0.0,0.0,0.0,31.42,0.0,60.14,0.0,0.0,0.0,0.0,16.0,0.0,0.0,0.0,0.0,0.0,-4.447,-4.477,0.0,-4.637,134.7,7.002000000000001,3.0,3.473,-1.0,0.882,1.2,4901
2016-01-20 21:21:00,0.0,0.0,0.0,1067741.0,62.9,59.9,60.0,0.0,40819.0,507.0,93060.0,1025385.0,0.0,1.0,0.0,0.0,0.0,275.5,274.4,276.2,0.772,272.0,0.531,272.0,0.842,274.0,0.002,13.99,1.0,3.0,0.0,-1.991,0.0,20.97,32.77,0.0,-0.0069999999999999,-0.006,-0.006,-0.313,-0.059,0.5909999999999999,0.0,1.538,-4.434,-4.405,-4.612,-4.227,-4.612,-4.234,-145.3,-4.133,-4.311,0.032,0.0,-0.001,0.001,0.002,0.01,0.005,0.006,6526.0,9176.0,9131.0,9311.0,7925.0,7900.0,6400.0,0.0,0.0,0.0,0.0,0.0,0.0,0.0,0.0,31.84,0.0,60.15,0.0,0.0,0.0,0.0,16.0,0.0,0.0,0.0,0.0,0.0,-4.459,-4.469,0.0,-4.637,125.9,5.149,3.0,3.473,-1.0,0.778,1.0,4901
2016-01-20 21:22:00,0.0,0.0,0.0,1067741.0,62.9,59.9,60.0,0.0,40819.0,507.0,93060.0,1025385.0,0.0,1.0,0.0,0.0,0.0,275.6,274.5,276.3,0.772,272.0,0.531,272.0,0.842,274.0,0.002,13.99,1.0,3.0,0.0,-1.993,0.0,20.75,33.18,0.0,-0.0069999999999999,-0.006,-0.006,-0.312,-0.0579999999999999,0.5909999999999999,0.0,1.524,-4.42,-4.384,-4.612,-4.227,-4.612,-4.234,-145.3,-4.151,-4.29,0.022,-0.001,-0.001,0.001,0.002,0.009,0.006,0.006,6526.0,9176.0,9131.0,9311.0,7925.0,7900.0,6400.0,0.0,0.0,0.0,0.0,0.0,0.0,0.0,0.0,32.33,0.0,60.15,0.0,0.0,0.0,0.0,16.0,0.0,0.0,0.0,0.0,0.0,-4.424,-4.471,0.0,-4.642,146.6,9.23,3.0,3.472,-1.0,0.558,0.9,4901
2016-01-20 21:23:00,0.0,0.0,0.0,1067741.0,62.9,59.9,60.0,0.0,40819.0,507.0,93060.0,1025385.0,0.0,1.0,0.0,0.0,0.0,275.2,274.7,276.4,0.772,272.0,0.531,272.0,0.842,274.0,0.002,13.99,1.0,3.0,0.0,-1.992,0.0,20.9,33.58,0.0,-0.0069999999999999,-0.005,-0.006,-0.311,-0.057,0.5909999999999999,0.0,1.442,-4.42,-4.402,-4.612,-4.227,-4.612,-4.234,-119.3,-4.133,-4.325,0.0279999999999999,0.0,-0.001,0.0,0.001,0.009,0.005,0.006,6526.0,9176.0,9131.0,9311.0,7925.0,7900.0,6400.0,0.0,0.0,0.0,0.0,0.0,0.0,0.0,0.0,32.67,0.0,60.19,0.0,0.0,0.0,0.0,16.0,0.0,0.0,0.0,0.0,0.0,-4.393,-4.468,0.0,-4.642,154.2,11.33,3.0,3.473,-1.0,0.4199999999999999,0.6999999999999998,4901
2016-01-20 21:24:00,0.0,0.0,0.0,1067741.0,62.9,59.9,60.0,0.0,40819.0,507.0,93060.0,1025385.0,0.0,1.0,0.0,0.0,0.0,275.5,274.7,276.3,0.772,272.0,0.531,272.0,0.842,274.0,0.002,13.99,1.0,3.0,0.0,-1.993,0.0,21.11,33.62,0.0,-0.0069999999999999,-0.005,-0.006,-0.31,-0.0559999999999999,0.5909999999999999,0.0,1.442,-4.42,-4.388,-4.612,-4.227,-4.597,-4.234,-123.8,-4.151,-4.293,0.0289999999999999,0.0,-0.001,0.0,0.001,0.009,0.005,0.005,6526.0,9176.0,9131.0,9311.0,7925.0,7900.0,6400.0,0.0,0.0,0.0,0.0,0.0,0.0,0.0,0.0,32.71,0.0,60.15,0.0,0.0,0.0,0.0,16.0,0.0,0.0,0.0,0.0,0.0,-4.405,-4.442,0.0,-4.638999999999999,157.4,11.41,3.0,3.472,-1.0,0.997,1.7,4901
2016-01-20 21:25:00,0.0,0.0,0.0,1067741.0,62.9,59.9,60.0,0.0,40819.0,507.0,93060.0,1025385.0,0.0,1.0,0.0,0.0,0.0,275.6,274.6,276.3,0.772,272.0,0.531,272.0,0.842,274.0,0.002,13.99,1.0,3.0,0.0,-1.993,0.0,21.12,33.11,0.0,-0.0069999999999999,-0.005,-0.006,-0.309,-0.055,0.5969999999999999,0.0,1.442,-4.42,-4.37,-4.612,-4.227,-4.612,-4.234,-119.6,-4.133,-4.325,0.024,0.0,-0.001,0.0,0.002,0.009,0.005,0.006,6526.0,9176.0,9131.0,9311.0,7925.0,7900.0,6400.0,0.0,0.0,0.0,0.0,0.0,0.0,0.0,0.0,32.19,0.0,60.13,0.0,0.0,0.0,0.0,16.0,0.0,0.0,0.0,0.0,0.0,-4.433,-4.426,0.0,-4.637,159.7,10.39,3.0,3.472,-1.0,1.073,1.6,4901
2016-01-20 21:26:00,0.0,0.0,0.0,1067741.0,62.9,59.9,60.0,0.0,40819.0,507.0,93060.0,1025385.0,0.0,1.0,0.0,0.0,0.0,276.1,275.4,277.1,0.772,272.9,0.531,272.9,0.842,274.9,0.002,13.99,1.0,3.0,0.0,-1.993,0.0,20.87,32.62,0.0,-0.0069999999999999,-0.005,-0.005,-0.312,-0.0579999999999999,0.5909999999999999,0.0,1.442,-4.42,-4.391,-4.612,-4.227,-4.612,-4.234,-119.2,-4.197,-4.325,0.018,-0.001,-0.001,0.0,0.002,0.01,0.005,0.005,6526.0,9176.0,9131.0,9311.0,7925.0,7900.0,6400.0,0.0,0.0,0.0,0.0,0.0,0.0,0.0,0.0,31.72,0.0,60.2,0.0,0.0,0.0,0.0,16.0,0.0,0.0,0.0,0.0,0.0,-4.405,-4.448,0.0,-4.638999999999999,162.8,6.316,3.0,3.473,-1.0,1.237,1.7,4901
2016-01-20 21:27:00,0.0,0.0,0.0,1067741.0,62.9,59.9,60.0,0.0,40819.0,507.0,93060.0,1025385.0,0.0,1.0,0.0,0.0,0.0,276.1,275.4,277.2,0.772,273.0,0.531,273.0,0.842,275.0,0.002,13.99,1.0,3.0,0.0,-1.993,0.0,20.84,32.45,0.0,-0.0069999999999999,-0.004,-0.005,-0.314,-0.0599999999999999,0.5909999999999999,0.0,1.442,-4.42,-4.373,-4.612,-4.227,-4.594,-4.234,-145.0,-4.211,-4.325,0.017,-0.001,-0.001,0.0,0.002,0.009,0.005,0.005,6526.0,9176.0,9131.0,9311.0,7925.0,7900.0,6400.0,0.0,0.0,0.0,0.0,0.0,0.0,0.0,0.0,31.45,0.0,60.14,0.0,0.0,0.0,0.0,16.0,0.0,0.0,0.0,0.0,0.0,-4.43,-4.473,0.0,-4.642,141.8,15.96,3.0,3.473,-1.0,1.022,1.5,4901
2016-01-20 21:28:00,0.0,0.0,0.0,1067741.0,62.9,59.9,60.0,0.0,40819.0,507.0,93060.0,1025385.0,0.0,1.0,0.0,0.0,0.0,276.5,275.4,277.2,0.772,273.0,0.531,273.0,0.842,275.0,0.002,13.99,1.0,3.0,0.0,-1.992,0.0,21.14,32.4,0.0,-0.0069999999999999,-0.004,-0.004,-0.317,-0.063,0.5909999999999999,0.0,1.442,-4.42,-4.352,-4.612,-4.227,-4.612,-4.234,-119.2,-4.215,-4.325,0.02,0.0,0.0,0.001,0.001,0.01,0.005,0.0069999999999999,6526.0,9176.0,9131.0,9311.0,7925.0,7900.0,6400.0,0.0,0.0,0.0,0.0,0.0,0.0,0.0,0.0,31.43,0.0,60.13,0.0,0.0,0.0,0.0,16.0,0.0,0.0,0.0,0.0,0.0,-4.434,-4.473,0.0,-4.642,120.9,17.52,3.0,3.474,-1.0,0.503,0.9,4901
2016-01-20 21:29:00,0.0,0.0,0.0,1067741.0,62.9,59.9,60.0,0.0,40819.0,507.0,93060.0,1025385.0,0.0,1.0,0.0,0.0,0.0,276.2,275.4,277.1,0.772,273.0,0.531,273.0,0.842,275.0,0.002,13.99,1.0,3.0,0.0,-1.991,0.0,20.87,32.59,0.0,-0.0069999999999999,-0.004,-0.005,-0.325,-0.07,0.5909999999999999,0.0,1.393,-4.42,-4.373,-4.612,-4.227,-4.612,-4.234,-145.3,-4.147,-4.325,0.02,0.0,-0.001,0.0,0.002,0.01,0.005,0.006,6526.0,9176.0,9131.0,9311.0,7925.0,7900.0,6400.0,0.0,0.0,0.0,0.0,0.0,0.0,0.0,0.0,31.65,0.0,60.15,0.0,0.0,0.0,0.0,16.0,0.0,0.0,0.0,0.0,0.0,-4.416,-4.471,0.0,-4.644,125.9,14.83,3.0,3.473,-1.0,0.562,0.9,4901
2016-01-20 21:30:00,0.0,0.0,0.0,1067741.0,62.9,59.9,60.0,0.0,40819.0,507.0,93060.0,1025385.0,0.0,1.0,0.0,0.0,0.0,276.0,275.6,277.3,0.772,273.0,0.531,273.0,0.842,275.0,0.002,13.99,1.0,3.0,0.0,-1.992,0.0,21.03,32.91,0.0,-0.0069999999999999,-0.005,-0.005,-0.322,-0.068,0.5909999999999999,0.0,1.361,-4.42,-4.405,-4.612,-4.227,-4.612,-4.234,-144.5,-4.165,-4.325,0.013,0.0,-0.001,0.001,0.001,0.01,0.004,0.006,6526.0,9176.0,9131.0,9311.0,7925.0,7900.0,6400.0,0.0,0.0,0.0,0.0,0.0,0.0,0.0,0.0,31.94,0.0,60.18,0.0,0.0,0.0,0.0,16.0,0.0,0.0,0.0,0.0,0.0,-4.412,-4.488,0.0,-4.652,131.5,31.78,3.0,3.472,-1.0,0.432,0.6999999999999998,4901
2016-01-20 21:31:00,0.0,0.0,0.0,1067741.0,62.9,59.9,60.0,0.0,40819.0,507.0,93060.0,1025385.0,0.0,1.0,0.0,0.0,0.0,276.3,275.5,277.2,0.772,273.0,0.531,273.0,0.842,275.0,0.002,13.99,1.0,3.0,0.0,-1.992,0.0,20.86,33.18,0.0,-0.0069999999999999,-0.005,-0.005,-0.321,-0.067,0.5909999999999999,0.0,1.378,-4.448,-4.42,-4.612,-4.227,-4.594,-4.234,-119.3,-4.162,-4.325,0.0139999999999999,-0.001,-0.001,0.001,0.001,0.009,0.004,0.006,6526.0,9176.0,9131.0,9311.0,7925.0,7900.0,6400.0,0.0,0.0,0.0,0.0,0.0,0.0,0.0,0.0,32.26,0.0,60.24,0.0,0.0,0.0,0.0,16.0,0.0,0.0,0.0,0.0,0.0,-4.43,-4.485,0.0,-4.651,95.1,42.25,3.0,3.472,-1.0,0.442,0.8,4901
2016-01-20 21:32:00,0.0,0.0,0.0,1067741.0,62.9,59.9,60.0,0.0,40819.0,507.0,93060.0,1025385.0,0.0,1.0,0.0,0.0,0.0,276.6,275.4,277.2,0.772,273.0,0.531,273.0,0.842,275.0,0.002,13.99,1.0,3.0,0.0,-1.992,0.0,20.85,33.12,0.0,-0.0069999999999999,-0.005,-0.005,-0.3229999999999999,-0.068,0.5909999999999999,0.0,1.346,-4.434,-4.373,-4.612,-4.227,-4.612,-4.234,-145.1,-4.133,-4.325,0.02,-0.001,-0.001,0.001,0.001,0.009,0.005,0.006,6526.0,9176.0,9131.0,9311.0,7925.0,7900.0,6400.0,0.0,0.0,0.0,0.0,0.0,0.0,0.0,0.0,32.22,0.0,60.18,0.0,0.0,0.0,0.0,16.0,0.0,0.0,0.0,0.0,0.0,-4.428,-4.477,0.0,-4.649,80.2,24.61,3.0,3.472,-1.0,0.54,0.8,4901
2016-01-20 21:33:00,0.0,0.0,0.0,1067741.0,62.9,59.9,60.0,0.0,40819.0,507.0,93060.0,1025385.0,0.0,1.0,0.0,0.0,0.0,276.6,275.6,277.3,0.772,273.0,0.531,273.0,0.842,275.0,0.002,13.99,1.0,3.0,0.0,-1.991,0.0,20.87,32.82,0.0,-0.0069999999999999,-0.005,-0.006,-0.324,-0.07,0.5909999999999999,0.0,1.346,-4.42,-4.388,-4.612,-4.227,-4.612,-4.234,-144.8,-4.133,-4.325,0.017,0.0,-0.001,0.001,0.002,0.009,0.005,0.005,6526.0,9176.0,9131.0,9311.0,7925.0,7900.0,6400.0,0.0,0.0,0.0,0.0,0.0,0.0,0.0,0.0,31.89,0.0,60.15,0.0,0.0,0.0,0.0,16.0,0.0,0.0,0.0,0.0,0.0,-4.464,-4.4830000000000005,0.0,-4.652,88.0,5.19,3.0,3.473,-1.0,0.792,1.0,4901
2016-01-20 21:34:00,0.0,0.0,0.0,1067741.0,62.9,59.9,60.0,0.0,40819.0,507.0,93060.0,1025385.0,0.0,1.0,0.0,0.0,0.0,276.5,275.7,277.4,0.772,273.0,0.531,273.0,0.842,275.0,0.002,13.99,1.0,3.0,0.0,-1.99,0.0,20.9,32.59,0.0,-0.0069999999999999,-0.005,-0.005,-0.322,-0.067,0.5909999999999999,0.0,1.346,-4.42,-4.405,-4.612,-4.227,-4.612,-4.234,-124.0,-4.133,-4.325,0.023,0.0,-0.001,0.001,0.001,0.01,0.004,0.005,6526.0,9176.0,9131.0,9311.0,7925.0,7900.0,6400.0,0.0,0.0,0.0,0.0,0.0,0.0,0.0,0.0,31.75,0.0,60.14,0.0,0.0,0.0,0.0,16.0,0.0,0.0,0.0,0.0,0.0,-4.472,-4.482,0.0,-4.655,123.1,27.85,3.0,3.473,-1.0,0.79,1.1,4901
2016-01-20 21:35:00,0.0,0.0,0.0,1067741.0,62.9,59.9,60.0,0.0,40819.0,507.0,93060.0,1025385.0,0.0,1.0,0.0,0.0,0.0,276.7,275.7,277.4,0.772,273.1,0.531,273.0,0.842,275.0,0.002,13.99,1.0,3.0,0.0,-1.99,0.0,21.13,32.57,0.0,-0.0069999999999999,-0.005,-0.005,-0.321,-0.067,0.5909999999999999,0.0,1.346,-4.437,-4.402,-4.612,-4.227,-4.612,-4.234,-145.4,-4.229,-4.325,0.02,0.0,-0.001,0.0,0.001,0.01,0.005,0.005,6526.0,9176.0,9131.0,9311.0,7925.0,7900.0,6400.0,0.0,0.0,0.0,0.0,0.0,0.0,0.0,0.0,31.67,0.0,60.14,0.0,0.0,0.0,0.0,16.0,0.0,0.0,0.0,0.0,0.0,-4.469,-4.486000000000001,0.0,-4.658,148.3,14.25,3.0,3.473,-1.0,0.7299999999999999,1.0,4901
2016-01-20 21:36:00,0.0,0.0,0.0,1067741.0,62.9,59.9,60.0,0.0,40819.0,507.0,93060.0,1025385.0,0.0,1.0,0.0,0.0,0.0,276.1,275.2,277.2,0.772,273.0,0.531,273.0,0.842,275.0,0.002,13.99,1.0,3.0,0.0,-1.989,0.0,20.96,32.53,0.0,-0.0069999999999999,-0.005,-0.005,-0.322,-0.068,0.5909999999999999,0.0,1.346,-4.437,-4.42,-4.612,-4.227,-4.612,-4.234,-144.8,-4.197,-4.325,0.022,0.0,-0.001,0.001,0.002,0.009,0.004,0.005,6526.0,9176.0,9131.0,9311.0,7925.0,7900.0,6400.0,0.0,0.0,0.0,0.0,0.0,0.0,0.0,0.0,31.53,0.0,60.19,0.0,0.0,0.0,0.0,16.0,0.0,0.0,0.0,0.0,0.0,-4.486000000000001,-4.484,0.0,-4.659,142.2,9.55,3.0,3.473,-1.0,0.87,1.3,4901
2016-01-20 21:37:00,0.0,0.0,0.0,1067741.0,62.9,59.9,60.0,0.0,40819.0,507.0,93060.0,1025385.0,0.0,1.0,0.0,0.0,0.0,276.3,275.3,277.2,0.772,273.0,0.531,273.0,0.842,275.0,0.002,13.99,1.0,3.0,0.0,-1.988,0.0,20.93,32.2,0.0,-0.0069999999999999,-0.005,-0.006,-0.319,-0.065,0.5909999999999999,0.0,1.346,-4.452,-4.42,-4.612,-4.227,-4.612,-4.234,-120.0,-4.229,-4.325,0.01,-0.001,-0.001,0.0,0.001,0.01,0.004,0.006,6526.0,9176.0,9131.0,9311.0,7925.0,7900.0,6400.0,0.0,0.0,0.0,0.0,0.0,0.0,0.0,0.0,31.31,0.0,60.21,0.0,0.0,0.0,0.0,16.0,0.0,0.0,0.0,0.0,0.0,-4.475,-4.492,0.0,-4.662,147.5,10.28,3.0,3.473,-1.0,0.8579999999999999,1.3,4901
2016-01-20 21:38:00,0.0,0.0,0.0,1067741.0,62.9,59.9,60.0,0.0,40819.0,507.0,93060.0,1025385.0,0.0,1.0,0.0,0.0,0.0,276.3,275.4,277.3,0.772,273.0,0.531,273.0,0.842,275.0,0.002,13.99,1.0,3.0,0.0,-1.986,0.0,20.96,31.94,0.0,-0.0069999999999999,-0.006,-0.006,-0.32,-0.066,0.5909999999999999,0.0,1.346,-4.4510000000000005,-4.42,-4.612,-4.227,-4.597,-4.234,-145.7,-4.229,-4.325,0.013,-0.002,-0.002,0.0,0.001,0.009,0.004,0.005,6526.0,9176.0,9131.0,9311.0,7925.0,7900.0,6400.0,0.0,0.0,0.0,0.0,0.0,0.0,0.0,0.0,31.02,0.0,60.23,0.0,0.0,0.0,0.0,16.0,0.0,0.0,0.0,0.0,0.0,-4.44,-4.486000000000001,0.0,-4.662,135.6,15.08,3.0,3.473,-1.0,0.7319999999999999,1.6,4901
2016-01-20 21:39:00,0.0,0.0,0.0,1067741.0,62.9,59.9,60.0,0.0,40819.0,507.0,93060.0,1025385.0,0.0,1.0,0.0,0.0,0.0,276.1,275.5,277.4,0.772,273.0,0.531,273.0,0.842,275.0,0.002,13.99,1.0,3.0,0.0,-1.986,0.0,20.71,31.69,0.0,-0.0069999999999999,-0.006,-0.006,-0.322,-0.068,0.5909999999999999,0.0,1.346,-4.4830000000000005,-4.42,-4.612,-4.227,-4.594,-4.234,-145.3,-4.229,-4.325,0.0139999999999999,0.0,-0.001,0.001,0.001,0.01,0.005,0.005,6526.0,9176.0,9131.0,9311.0,7925.0,7900.0,6400.0,0.0,0.0,0.0,0.0,0.0,0.0,0.0,0.0,30.83,0.0,60.16,0.0,0.0,0.0,0.0,16.0,0.0,0.0,0.0,0.0,0.0,-4.479,-4.489,0.0,-4.663,148.0,11.36,3.0,3.472,-1.0,0.807,1.1,4901
2016-01-20 21:40:00,0.0,0.0,0.0,1067741.0,62.9,59.9,60.0,0.0,40819.0,507.0,93060.0,1025385.0,0.0,1.0,0.0,0.0,0.0,276.4,275.4,277.2,0.772,273.0,0.531,273.0,0.842,275.0,0.002,13.99,1.0,3.0,0.0,-1.986,0.0,21.15,31.7,0.0,-0.0069999999999999,-0.006,-0.006,-0.3229999999999999,-0.069,0.5909999999999999,0.0,1.346,-4.437,-4.42,-4.612,-4.227,-4.612,-4.234,-144.9,-4.211,-4.325,0.013,-0.001,-0.001,0.0,0.001,0.008,0.005,0.005,6526.0,9176.0,9131.0,9311.0,7925.0,7900.0,6400.0,0.0,0.0,0.0,0.0,0.0,0.0,0.0,0.0,30.77,0.0,60.16,0.0,0.0,0.0,0.0,16.0,0.0,0.0,0.0,0.0,0.0,-4.456,-4.492,0.0,-4.663,125.3,46.04,3.0,3.472,-1.0,0.275,0.6999999999999998,4901
2016-01-20 21:41:00,0.0,0.0,0.0,1067741.0,62.9,59.9,60.0,0.0,40819.0,507.0,93060.0,1025385.0,0.0,1.0,0.0,0.0,0.0,276.1,275.5,277.3,0.772,273.0,0.531,273.0,0.842,275.0,0.002,13.99,1.0,3.0,0.0,-1.986,0.0,20.89,31.65,0.0,-0.0069999999999999,-0.005,-0.006,-0.3029999999999999,-0.07,0.592,0.0,1.346,-4.434,-4.42,-4.612,-4.227,-4.612,-4.234,-144.9,-4.211,-4.325,0.0149999999999999,-0.001,-0.001,0.0,0.001,0.009,0.005,0.005,6526.0,9176.0,9131.0,9311.0,7925.0,7900.0,6400.0,0.0,0.0,0.0,0.0,0.0,0.0,0.0,0.0,30.72,0.0,60.23,0.0,0.0,0.0,0.0,16.0,0.0,0.0,0.0,0.0,0.0,-4.441,-4.4910000000000005,0.0,-4.664,107.7,19.47,3.0,3.473,-1.0,0.563,0.8,4901
2016-01-20 21:42:00,0.0,0.0,0.0,1067741.0,62.9,59.9,60.0,0.0,40819.0,507.0,93060.0,1025385.0,0.0,1.0,0.0,0.0,0.0,276.4,275.3,277.1,0.772,273.0,0.531,273.0,0.842,275.0,0.002,13.99,1.0,3.0,0.0,-1.986,0.0,20.96,31.52,0.0,-0.0069999999999999,-0.005,-0.006,-0.322,-0.068,0.5849999999999999,0.0,1.314,-4.434,-4.42,-4.597,-4.227,-4.612,-4.234,-145.7,-4.229,-4.325,0.017,-0.001,-0.002,0.0,0.001,0.01,0.004,0.006,6526.0,9176.0,9131.0,9311.0,7925.0,7900.0,6400.0,0.0,0.0,0.0,0.0,0.0,0.0,0.0,0.0,30.61,0.0,60.23,0.0,0.0,0.0,0.0,16.0,0.0,0.0,0.0,0.0,0.0,-4.442,-4.488,0.0,-4.665,98.5,20.5,3.0,3.473,-1.0,0.4799999999999999,0.8,4901
2016-01-20 21:43:00,0.0,0.0,0.0,1067741.0,62.9,59.9,60.0,0.0,40819.0,507.0,93060.0,1025385.0,0.0,1.0,0.0,0.0,0.0,275.1,274.0,275.7,0.772,271.8,0.531,271.8,0.842,273.8,0.002,13.99,1.0,3.0,0.0,-1.986,0.0,20.92,31.28,0.0,-0.0069999999999999,-0.006,-0.006,-0.321,-0.067,0.6019999999999999,0.0,1.25,-4.454,-4.42,-4.612,-4.227,-4.612,-4.234,-145.4,-4.211,-4.325,0.005,-0.001,-0.001,0.0,0.001,0.01,0.005,0.005,6526.0,9176.0,9131.0,9311.0,7925.0,7900.0,6400.0,0.0,0.0,0.0,0.0,0.0,0.0,0.0,0.0,30.32,0.0,60.22,0.0,0.0,0.0,0.0,16.0,0.0,0.0,0.0,0.0,0.0,-4.47,-4.479,0.0,-4.666,117.7,13.9,3.0,3.473,-1.0,0.8279999999999998,1.1,4901
2016-01-20 21:44:00,0.0,0.0,0.0,1067741.0,62.9,59.9,60.0,0.0,40819.0,507.0,93060.0,1025385.0,0.0,1.0,0.0,0.0,0.0,271.7,271.2,272.9,0.772,269.0,0.531,269.0,0.842,271.0,0.002,13.99,1.0,3.0,0.0,-1.986,0.0,20.93,30.94,0.0,-0.0069999999999999,-0.005,-0.006,-0.3229999999999999,-0.068,0.5909999999999999,0.0,1.25,-4.466,-4.42,-4.612,-4.227,-4.612,-4.234,-98.4,-4.229,-4.325,0.018,0.0,-0.001,0.0,0.001,0.009,0.005,0.005,6526.0,9176.0,9131.0,9311.0,7925.0,7900.0,6400.0,0.0,0.0,0.0,0.0,0.0,0.0,0.0,0.0,30.0,0.0,60.22,0.0,0.0,0.0,0.0,16.0,0.0,0.0,0.0,0.0,0.0,-4.454,-4.475,0.0,-4.664,145.2,41.36,3.0,3.473,-1.0,0.667,1.2,4901
2016-01-20 21:45:00,0.0,0.0,0.0,1067741.0,62.9,59.9,60.0,0.0,40819.0,507.0,93060.0,1025385.0,0.0,1.0,0.0,0.0,0.0,271.5,271.3,273.1,0.772,269.0,0.531,269.0,0.842,271.0,0.002,13.99,1.0,3.0,0.0,-1.989,0.0,20.85,30.88,0.0,-0.0069999999999999,-0.004,-0.006,-0.319,-0.065,0.5909999999999999,0.0,1.25,-4.42,-4.42,-4.612,-4.227,-4.612,-4.234,-123.9,-4.165,-4.325,0.017,0.0,-0.002,0.0,0.002,0.01,0.004,0.005,6526.0,9176.0,9131.0,9311.0,7925.0,7900.0,6400.0,0.0,0.0,0.0,0.0,0.0,0.0,0.0,0.0,29.95,0.0,60.22,0.0,0.0,0.0,0.0,16.0,0.0,0.0,0.0,0.0,0.0,-4.46,-4.466,0.0,-4.662,93.3,17.93,3.0,3.473,-1.0,0.753,1.0,4901
2016-01-20 21:46:00,0.0,0.0,0.0,1067741.0,62.9,59.9,60.0,0.0,40819.0,507.0,93060.0,1025385.0,0.0,1.0,0.0,0.0,0.0,273.6,273.1,274.7,0.772,270.6,0.531,270.7,0.842,272.6,0.002,13.99,1.0,3.0,0.0,-1.99,0.0,20.93,30.71,0.0,-0.0069999999999999,-0.004,-0.006,-0.317,-0.063,0.5909999999999999,0.0,1.25,-4.437,-4.42,-4.612,-4.227,-4.612,-4.234,-72.51,-4.229,-4.325,0.0139999999999999,-0.001,-0.002,0.001,0.002,0.009,0.005,0.005,6526.0,9176.0,9131.0,9311.0,7925.0,7900.0,6400.0,0.0,0.0,0.0,0.0,0.0,0.0,0.0,0.0,29.68,0.0,60.21,0.0,0.0,0.0,0.0,16.0,0.0,0.0,0.0,0.0,0.0,-4.478,-4.472,0.0,-4.663,144.8,14.07,3.0,3.473,-1.0,0.8499999999999999,1.2,4901
2016-01-20 21:47:00,0.0,0.0,0.0,1067741.0,62.9,59.9,60.0,0.0,40819.0,507.0,93060.0,1025385.0,0.0,1.0,0.0,0.0,0.0,274.5,274.0,275.7,0.772,271.3,0.531,272.0,0.842,273.3,0.002,13.99,1.0,3.0,0.0,-1.989,0.0,20.95,30.2,0.0,-0.0069999999999999,-0.004,-0.006,-0.316,-0.0609999999999999,0.5909999999999999,0.0,1.25,-4.42,-4.42,-4.612,-4.227,-4.612,-4.234,-144.8,-4.197,-4.325,0.009,-0.001,-0.001,0.001,0.001,0.009,0.005,0.004,6526.0,9176.0,9131.0,9311.0,7925.0,7900.0,6400.0,0.0,0.0,0.0,0.0,0.0,0.0,0.0,0.0,29.18,0.0,60.22,0.0,0.0,0.0,0.0,16.0,0.0,0.0,0.0,0.0,0.0,-4.427,-4.465,0.0,-4.664,107.1,20.15,3.0,3.473,-1.0,0.4229999999999999,0.5999999999999999,4901
2016-01-20 21:48:00,0.0,0.0,0.0,1067741.0,62.9,59.9,60.0,0.0,40819.0,507.0,93060.0,1025385.0,0.0,1.0,0.0,0.0,0.0,274.5,274.1,275.8,0.772,271.6,0.531,272.0,0.842,273.8,0.002,13.99,1.0,3.0,0.0,-1.992,0.0,20.92,30.0,0.0,-0.0069999999999999,-0.005,-0.006,-0.314,-0.0599999999999999,0.5909999999999999,0.0,1.25,-4.4830000000000005,-4.42,-4.612,-4.227,-4.612,-4.234,-119.1,-4.133,-4.325,0.0149999999999999,-0.001,-0.001,0.0,0.001,0.01,0.004,0.005,6526.0,9176.0,9131.0,9311.0,7925.0,7900.0,6400.0,0.0,0.0,0.0,0.0,0.0,0.0,0.0,0.0,28.84,0.0,60.21,0.0,0.0,0.0,0.0,16.0,0.0,0.0,0.0,0.0,0.0,-4.409,-4.476,0.0,-4.664,113.6,16.54,3.0,3.473,-1.0,0.458,0.5999999999999999,4901
2016-01-20 21:49:00,0.0,0.0,0.0,1067741.0,62.9,59.9,60.0,0.0,40819.0,507.0,93060.0,1025385.0,0.0,1.0,0.0,0.0,0.0,274.6,274.1,275.9,0.772,272.0,0.531,272.0,0.842,273.8,0.002,13.99,1.0,3.0,0.0,-1.993,0.0,20.89,29.67,0.0,-0.0069999999999999,-0.005,-0.006,-0.317,-0.063,0.5899999999999999,0.0,1.25,-4.437,-4.42,-4.612,-4.227,-4.612,-4.234,-123.9,-4.133,-4.325,0.0139999999999999,-0.001,-0.002,0.0,0.0,0.008,0.005,0.005,6526.0,9176.0,9131.0,9311.0,7925.0,7900.0,6400.0,0.0,0.0,0.0,0.0,0.0,0.0,0.0,0.0,28.66,0.0,60.22,0.0,0.0,0.0,0.0,16.0,0.0,0.0,0.0,0.0,0.0,-4.408,-4.482,0.0,-4.664,136.2,17.95,3.0,3.473,-1.0,0.4879999999999999,0.6999999999999998,4901
2016-01-20 21:50:00,0.0,0.0,0.0,1067741.0,62.9,59.9,60.0,0.0,40819.0,507.0,93060.0,1025385.0,0.0,1.0,0.0,0.0,0.0,275.1,274.1,275.8,0.772,272.0,0.531,272.0,0.842,274.0,0.002,13.99,1.0,3.0,0.0,-1.993,0.0,20.95,29.22,0.0,-0.0069999999999999,-0.006,-0.006,-0.312,-0.0579999999999999,0.5899999999999999,0.0,1.25,-4.469,-4.42,-4.612,-4.227,-4.612,-4.234,-145.2,-4.147,-4.325,0.005,-0.001,-0.002,0.0,0.001,0.01,0.004,0.006,6526.0,9176.0,9131.0,9311.0,7925.0,7900.0,6400.0,0.0,0.0,0.0,0.0,0.0,0.0,0.0,0.0,28.28,0.0,60.22,0.0,0.0,0.0,0.0,16.0,0.0,0.0,0.0,0.0,0.0,-4.4110000000000005,-4.479,0.0,-4.664,127.3,26.31,3.0,3.472,-1.0,0.27,0.5,4901
2016-01-20 21:51:00,0.0,0.0,0.0,1067741.0,62.9,59.9,60.0,0.0,40819.0,507.0,93060.0,1025385.0,0.0,1.0,0.0,0.0,0.0,274.8,274.1,276.0,0.772,272.0,0.531,272.0,0.842,274.0,0.002,13.99,1.0,3.0,0.0,-1.993,0.0,20.93,28.86,0.0,-0.0069999999999999,-0.006,-0.0069999999999999,-0.309,-0.055,0.5899999999999999,0.0,1.25,-4.465,-4.42,-4.612,-4.227,-4.612,-4.234,-119.3,-4.133,-4.325,0.013,-0.001,-0.001,0.001,0.0,0.009,0.004,0.005,6526.0,9176.0,9131.0,9311.0,7925.0,7900.0,6400.0,0.0,0.0,0.0,0.0,0.0,0.0,0.0,0.0,27.81,0.0,60.21,0.0,0.0,0.0,0.0,16.0,0.0,0.0,0.0,0.0,0.0,-4.393,-4.487,0.0,-4.669,118.6,9.32,3.0,3.472,-1.0,0.66,0.9,4901
2016-01-20 21:52:00,0.0,0.0,0.0,1067741.0,62.9,59.9,60.0,0.0,40819.0,507.0,93060.0,1025385.0,0.0,1.0,0.0,0.0,0.0,275.0,274.2,276.0,0.772,272.0,0.531,272.0,0.842,274.0,0.002,13.99,1.0,3.0,0.0,-1.993,0.0,20.9,28.5,0.0,-0.0069999999999999,-0.006,-0.0069999999999999,-0.309,-0.055,0.5899999999999999,0.0,1.215,-4.437,-4.42,-4.612,-4.227,-4.612,-4.234,-145.2,-4.133,-4.325,0.008,-0.001,-0.002,0.001,0.002,0.009,0.004,0.005,6526.0,9176.0,9131.0,9311.0,7925.0,7900.0,6400.0,0.0,0.0,0.0,0.0,0.0,0.0,0.0,0.0,27.47,0.0,60.21,0.0,0.0,0.0,0.0,16.0,0.0,0.0,0.0,0.0,0.0,-4.414,-4.482,0.0,-4.669,128.8,20.19,3.0,3.473,-1.0,0.38,0.5999999999999999,4901
2016-01-20 21:53:00,0.0,0.0,0.0,1067741.0,62.9,59.9,60.0,0.0,40819.0,507.0,93060.0,1025385.0,0.0,1.0,0.0,0.0,0.0,275.2,274.3,276.1,0.772,272.0,0.531,272.0,0.842,274.0,0.002,13.99,1.0,3.0,0.0,-1.993,0.0,20.92,28.02,0.0,-0.0069999999999999,-0.006,-0.0069999999999999,-0.313,-0.059,0.5899999999999999,0.0,1.168,-4.42,-4.42,-4.612,-4.227,-4.612,-4.234,-145.1,-4.133,-4.325,0.008,-0.002,-0.001,-0.001,0.001,0.009,0.006,0.005,6526.0,9176.0,9131.0,9311.0,7925.0,7900.0,6400.0,0.0,0.0,0.0,0.0,0.0,0.0,0.0,0.0,27.01,0.0,60.22,0.0,0.0,0.0,0.0,16.0,0.0,0.0,0.0,0.0,0.0,-4.418,-4.474,0.0,-4.67,116.6,12.48,3.0,3.473,-1.0,0.392,0.5999999999999999,4901
2016-01-20 21:54:00,0.0,0.0,0.0,1067741.0,62.9,59.9,60.0,0.0,40819.0,507.0,93060.0,1025385.0,0.0,1.0,0.0,0.0,0.0,275.0,274.5,276.2,0.772,272.0,0.531,272.0,0.842,274.0,0.002,13.99,1.0,3.0,0.0,-1.993,0.0,20.93,27.5,0.0,-0.0069999999999999,-0.006,-0.0069999999999999,-0.315,-0.0609999999999999,0.5899999999999999,0.0,1.154,-4.42,-4.42,-4.612,-4.227,-4.612,-4.234,-145.3,-4.147,-4.325,0.018,-0.002,-0.002,0.0,0.001,0.01,0.004,0.005,6526.0,9176.0,9131.0,9311.0,7925.0,7900.0,6400.0,0.0,0.0,0.0,0.0,0.0,0.0,0.0,0.0,26.43,0.0,60.21,0.0,0.0,0.0,0.0,16.0,0.0,0.0,0.0,0.0,0.0,-4.365,-4.476,0.0,-4.671,122.6,46.24,3.0,3.473,-1.0,0.1729999999999999,0.5,4901
2016-01-20 21:55:00,0.0,0.0,0.0,1067741.0,62.9,59.9,60.0,0.0,40819.0,507.0,93060.0,1025385.0,0.0,1.0,0.0,0.0,0.0,274.8,274.4,276.2,0.772,272.0,0.531,272.0,0.842,274.0,0.002,13.99,1.0,3.0,0.0,-1.993,0.0,20.92,26.97,0.0,-0.0069999999999999,-0.0069999999999999,-0.0069999999999999,-0.316,-0.062,0.5899999999999999,0.0,1.154,-4.42,-4.42,-4.612,-4.227,-4.612,-4.234,-144.4,-4.133,-4.325,0.001,-0.001,-0.002,0.0,0.001,0.009,0.004,0.005,6526.0,9176.0,9131.0,9311.0,7925.0,7900.0,6400.0,0.0,0.0,0.0,0.0,0.0,0.0,0.0,0.0,25.95,0.0,60.22,0.0,0.0,0.0,0.0,16.0,0.0,0.0,0.0,0.0,0.0,-4.4,-4.48,0.0,-4.673,93.0,57.49,3.0,3.473,-1.0,0.123,0.2,4901
2016-01-20 21:56:00,0.0,0.0,0.0,1067741.0,62.9,59.9,60.0,0.0,40819.0,507.0,93060.0,1025385.0,0.0,1.0,0.0,0.0,0.0,275.0,274.5,276.2,0.772,272.0,0.531,272.0,0.842,274.0,0.002,13.99,1.0,3.0,0.0,-1.993,0.0,20.93,27.02,0.0,-0.008,-0.0069999999999999,-0.0069999999999999,-0.314,-0.0599999999999999,0.5899999999999999,0.0,1.154,-4.42,-4.42,-4.597,-4.227,-4.612,-4.234,-145.2,-4.133,-4.325,0.005,-0.001,-0.002,0.001,0.001,0.01,0.005,0.005,6526.0,9176.0,9131.0,9311.0,7925.0,7900.0,6400.0,0.0,0.0,0.0,0.0,0.0,0.0,0.0,0.0,25.98,0.0,60.21,0.0,0.0,0.0,0.0,16.0,0.0,0.0,0.0,0.0,0.0,-4.365,-4.4830000000000005,0.0,-4.676,150.9,55.43,3.0,3.474,-1.0,0.117,0.2,4901
2016-01-20 21:57:00,0.0,0.0,0.0,1067741.0,62.9,59.9,60.0,0.0,40819.0,507.0,93060.0,1025385.0,0.0,1.0,0.0,0.0,0.0,275.0,274.6,276.3,0.772,272.0,0.531,272.0,0.842,274.0,0.002,13.99,1.0,3.0,0.0,-1.991,0.0,20.92,27.43,0.0,-0.008,-0.0069999999999999,-0.0069999999999999,-0.307,-0.0529999999999999,0.5889999999999999,0.0,1.154,-4.448,-4.42,-4.612,-4.227,-4.612,-4.234,-144.9,-4.133,-4.325,0.008,-0.001,-0.001,0.0,0.001,0.008,0.004,0.005,6526.0,9176.0,9131.0,9311.0,7925.0,7900.0,6400.0,0.0,0.0,0.0,0.0,0.0,0.0,0.0,0.0,26.36,0.0,60.22,0.0,0.0,0.0,0.0,16.0,0.0,0.0,0.0,0.0,0.0,-4.361000000000001,-4.481,0.0,-4.679,323.9,56.2,3.0,3.473,-1.0,0.125,0.2999999999999999,4901
2016-01-20 21:58:00,0.0,0.0,0.0,1067741.0,62.9,59.9,60.0,0.0,40819.0,507.0,93060.0,1025385.0,0.0,1.0,0.0,0.0,0.0,275.2,274.6,276.4,0.772,272.0,0.531,272.0,0.842,274.0,0.002,13.99,1.0,3.0,0.0,-1.989,0.0,20.9,27.76,0.0,-0.009,-0.0069999999999999,-0.0069999999999999,-0.31,-0.0559999999999999,0.5889999999999999,0.0,1.154,-4.42,-4.42,-4.612,-4.227,-4.594,-4.234,-144.9,-4.133,-4.325,0.01,-0.001,-0.002,0.0,0.002,0.009,0.004,0.005,6526.0,9176.0,9131.0,9311.0,7925.0,7900.0,6400.0,0.0,0.0,0.0,0.0,0.0,0.0,0.0,0.0,26.74,0.0,60.22,0.0,0.0,0.0,0.0,16.0,0.0,0.0,0.0,0.0,0.0,-4.365,-4.484,0.0,-4.681,335.0,9.93,3.0,3.473,-1.0,0.2829999999999999,0.4,4901
2016-01-20 21:59:00,0.0,0.0,0.0,1067741.0,62.9,59.9,60.0,0.0,40819.0,507.0,93060.0,1025385.0,0.0,1.0,0.0,0.0,0.0,275.4,274.5,276.3,0.772,272.0,0.531,272.0,0.842,274.0,0.002,13.99,1.0,3.0,0.0,-1.983,0.0,20.98,28.1,0.0,-0.009,-0.006,-0.0069999999999999,-0.315,-0.0609999999999999,0.5889999999999999,0.0,1.154,-4.4510000000000005,-4.42,-4.612,-4.227,-4.612,-4.234,-144.8,-4.147,-4.325,0.005,-0.001,-0.001,0.0,0.001,0.009,0.004,0.005,6526.0,9176.0,9131.0,9311.0,7925.0,7900.0,6400.0,0.0,0.0,0.0,0.0,0.0,0.0,0.0,0.0,27.0,0.0,60.22,0.0,0.0,0.0,0.0,16.0,0.0,0.0,0.0,0.0,0.0,-4.349,-4.479,0.0,-4.685,311.2,9.36,3.0,3.473,-1.0,0.217,0.2999999999999999,4901
2016-01-20 22:00:00,0.0,0.0,0.0,1067741.0,62.9,59.9,60.0,0.0,40819.0,507.0,93060.0,1025385.0,0.0,1.0,0.0,0.0,0.0,275.3,274.8,276.5,0.772,272.0,0.531,272.0,0.842,274.0,0.002,13.99,1.0,3.0,0.0,-1.973,0.0,20.89,28.18,0.0,-0.009,-0.0069999999999999,-0.0069999999999999,-0.321,-0.067,0.5889999999999999,0.0,1.154,-4.466,-4.42,-4.612,-4.227,-4.612,-4.234,-144.8,-4.147,-4.325,0.0139999999999999,-0.002,-0.001,0.0,0.001,0.009,0.004,0.005,6526.0,9176.0,9131.0,9311.0,7925.0,7900.0,6400.0,0.0,0.0,0.0,0.0,0.0,0.0,0.0,0.0,27.16,0.0,60.22,0.0,0.0,0.0,0.0,16.0,0.0,0.0,0.0,0.0,0.0,-4.3260000000000005,-4.481,0.0,-4.682,308.6,16.17,3.0,3.473,-1.0,0.32,0.5,4901
2016-01-20 22:01:00,0.0,0.0,0.0,1067741.0,62.9,59.9,60.0,0.0,40819.0,507.0,93060.0,1025385.0,0.0,1.0,0.0,0.0,0.0,275.9,274.9,276.7,0.772,272.7,0.531,272.6,0.842,274.7,0.002,13.99,1.0,3.0,0.0,-1.97,0.0,20.92,28.26,0.0,-0.009,-0.006,-0.0069999999999999,-0.3229999999999999,-0.068,0.5889999999999999,0.0,1.154,-4.452,-4.42,-4.612,-4.227,-4.612,-4.234,-144.7,-4.147,-4.325,0.01,-0.001,-0.002,0.0,0.001,0.009,0.004,0.004,6526.0,9176.0,9131.0,9311.0,7925.0,7900.0,6400.0,0.0,0.0,0.0,0.0,0.0,0.0,0.0,0.0,27.16,0.0,60.22,0.0,0.0,0.0,0.0,16.0,0.0,0.0,0.0,0.0,0.0,-4.359,-4.473,0.0,-4.674,296.9,8.07,3.0,3.473,-1.0,0.37,0.5,4901
2016-01-20 22:02:00,0.0,0.0,0.0,1067741.0,62.9,59.9,60.0,0.0,40819.0,507.0,93060.0,1025385.0,0.0,1.0,0.0,0.0,0.0,275.7,275.3,277.2,0.772,273.0,0.531,273.0,0.842,275.0,0.002,13.99,1.0,3.0,0.0,-1.97,0.0,20.99,28.37,0.0,-0.008,-0.006,-0.0069999999999999,-0.2949999999999999,-0.066,0.5899999999999999,0.0,1.154,-4.42,-4.42,-4.612,-4.227,-4.612,-4.234,-144.9,-4.133,-4.325,0.006,-0.001,-0.002,0.0,0.001,0.009,0.005,0.005,6526.0,9176.0,9131.0,9311.0,7925.0,7900.0,6400.0,0.0,0.0,0.0,0.0,0.0,0.0,0.0,0.0,27.37,0.0,60.17,0.0,0.0,0.0,0.0,16.0,0.0,0.0,0.0,0.0,0.0,-4.354,-4.469,0.0,-4.677,303.0,10.32,3.0,3.473,-1.0,0.3599999999999999,0.5,4901
2016-01-20 22:03:00,0.0,0.0,0.0,1067741.0,62.9,59.9,60.0,0.0,40819.0,507.0,93060.0,1025385.0,0.0,1.0,0.0,0.0,0.0,275.6,275.1,276.9,0.772,272.3,0.531,273.0,0.842,275.0,0.002,13.99,1.0,3.0,0.0,-1.97,0.0,20.87,28.79,0.0,-0.008,-0.006,-0.0069999999999999,-0.318,-0.064,0.5889999999999999,0.0,1.154,-4.501,-4.42,-4.612,-4.227,-4.612,-4.234,-139.6,-4.133,-4.325,0.013,0.0,-0.002,0.0,0.001,0.008,0.004,0.005,6526.0,9176.0,9131.0,9311.0,7925.0,7900.0,6400.0,0.0,0.0,0.0,0.0,0.0,0.0,0.0,0.0,27.69,0.0,60.15,0.0,0.0,0.0,0.0,16.0,0.0,0.0,0.0,0.0,0.0,-4.36,-4.47,0.0,-4.687,317.4,13.41,3.0,3.473,-1.0,0.1769999999999999,0.2999999999999999,4901
2016-01-20 22:04:00,0.0,0.0,0.0,1067741.0,62.9,59.9,60.0,0.0,40819.0,507.0,93060.0,1025385.0,0.0,1.0,0.0,0.0,0.0,275.8,275.1,276.9,0.772,272.6,0.531,273.0,0.842,275.0,0.002,13.99,1.0,3.0,0.0,-1.97,0.0,20.92,28.93,0.0,-0.009,-0.006,-0.0069999999999999,-0.316,-0.062,0.5889999999999999,0.0,1.154,-4.53,-4.42,-4.612,-4.227,-4.612,-4.234,-145.3,-4.133,-4.325,0.006,-0.001,-0.002,-0.001,0.001,0.009,0.004,0.004,6526.0,9176.0,9131.0,9311.0,7925.0,7900.0,6400.0,0.0,0.0,0.0,0.0,0.0,0.0,0.0,0.0,27.98,0.0,60.14,0.0,0.0,0.0,0.0,16.0,0.0,0.0,0.0,0.0,0.0,-4.346,-4.472,0.0,-4.692,328.5,9.33,3.0,3.473,-1.0,0.14,0.2,4901
2016-01-20 22:05:00,0.0,0.0,0.0,1067741.0,62.9,59.9,60.0,0.0,40819.0,507.0,93060.0,1025385.0,0.0,1.0,0.0,0.0,0.0,275.7,275.2,277.1,0.772,272.7,0.531,273.0,0.842,275.0,0.002,13.99,1.0,3.0,0.0,-1.97,0.0,20.89,28.95,0.0,-0.009,-0.006,-0.0069999999999999,-0.309,-0.055,0.5889999999999999,0.0,1.154,-4.516,-4.42,-4.612,-4.227,-4.612,-4.234,-124.4,-4.133,-4.325,0.0139999999999999,-0.001,-0.002,0.0,0.001,0.009,0.004,0.005,6526.0,9176.0,9131.0,9311.0,7925.0,7900.0,6400.0,0.0,0.0,0.0,0.0,0.0,0.0,0.0,0.0,28.0,0.0,60.15,0.0,0.0,0.0,0.0,16.0,0.0,0.0,0.0,0.0,0.0,-4.351,-4.475,0.0,-4.697,339.0,7.984,3.0,3.473,-1.0,0.222,0.2999999999999999,4901
2016-01-20 22:06:00,0.0,0.0,0.0,1067741.0,62.9,59.9,60.0,0.0,40819.0,507.0,93060.0,1025385.0,0.0,1.0,0.0,0.0,0.0,276.0,275.4,277.3,0.772,273.0,0.531,273.0,0.842,275.0,0.002,13.99,1.0,3.0,0.0,-1.97,0.0,20.93,28.39,0.0,-0.01,-0.0069999999999999,-0.0069999999999999,-0.308,-0.054,0.5889999999999999,0.0,1.154,-4.533,-4.42,-4.594,-4.227,-4.612,-4.234,-145.6,-4.133,-4.325,0.017,-0.001,-0.002,0.0,0.001,0.009,0.005,0.004,6526.0,9176.0,9131.0,9311.0,7925.0,7900.0,6400.0,0.0,0.0,0.0,0.0,0.0,0.0,0.0,0.0,27.31,0.0,60.14,0.0,0.0,0.0,0.0,16.0,0.0,0.0,0.0,0.0,0.0,-4.323,-4.475,0.0,-4.697,36.58,26.36,3.0,3.473,-1.0,0.1719999999999999,0.2,4901
2016-01-20 22:07:00,0.0,0.0,0.0,1067741.0,62.9,59.9,60.0,0.0,40819.0,507.0,93060.0,1025385.0,0.0,1.0,0.0,0.0,0.0,276.2,275.5,277.4,0.772,273.0,0.531,273.0,0.842,275.0,0.002,13.99,1.0,3.0,0.0,-1.97,0.0,20.58,27.2,0.0,-0.01,-0.0069999999999999,-0.0069999999999999,-0.31,-0.055,0.5889999999999999,0.0,1.154,-4.544,-4.42,-4.612,-4.227,-4.612,-4.251,-145.2,-4.133,-4.325,0.004,-0.002,-0.002,-0.001,0.001,0.008,0.004,0.005,6526.0,9176.0,9131.0,9311.0,7925.0,7900.0,6400.0,0.0,0.0,0.0,0.0,0.0,0.0,0.0,0.0,26.17,0.0,60.11,0.0,0.0,0.0,0.0,16.0,0.0,0.0,0.0,0.0,0.0,-4.336,-4.474,0.0,-4.699,86.09999999999998,8.92,3.0,3.473,-1.0,0.322,0.4,4901
2016-01-20 22:08:00,0.0,0.0,0.0,1067741.0,62.9,59.9,60.0,0.0,40819.0,507.0,93060.0,1025385.0,0.0,1.0,0.0,0.0,0.0,276.0,275.7,277.6,0.772,273.0,0.531,273.0,0.842,275.0,0.002,13.99,1.0,3.0,0.0,-1.97,0.0,21.01,26.24,0.0,-0.01,-0.0069999999999999,-0.0069999999999999,-0.313,-0.0579999999999999,0.645,0.0,1.154,-4.516,-4.42,-4.612,-4.227,-4.612,-4.251,-145.3,-4.133,-4.325,-0.006,-0.001,-0.002,-0.001,0.001,0.008,0.004,0.005,6526.0,9176.0,9131.0,9311.0,7925.0,7900.0,6400.0,0.0,0.0,0.0,0.0,0.0,0.0,0.0,0.0,25.2,0.0,60.18,0.0,0.0,0.0,0.0,16.0,0.0,0.0,0.0,0.0,0.0,-4.343,-4.462,0.0,-4.696000000000001,86.9,23.61,3.0,3.473,-1.0,0.2099999999999999,0.5,4901
2016-01-20 22:09:00,0.0,0.0,0.0,1067741.0,62.9,59.9,60.0,0.0,40819.0,507.0,93060.0,1025385.0,0.0,1.0,0.0,0.0,0.0,276.1,275.7,277.7,0.772,273.0,0.531,273.0,0.842,275.0,0.002,13.99,1.0,3.0,0.0,-1.97,0.0,20.72,25.83,0.0,-0.01,-0.0069999999999999,-0.0069999999999999,-0.311,-0.057,0.719,0.0,1.154,-4.516,-4.42,-4.612,-4.227,-4.612,-4.234,-145.5,-4.133,-4.325,0.008,-0.001,-0.002,0.0,0.001,0.008,0.004,0.004,6526.0,9176.0,9131.0,9311.0,7925.0,7900.0,6400.0,0.0,0.0,0.0,0.0,0.0,0.0,0.0,0.0,24.71,0.0,60.18,0.0,0.0,0.0,0.0,16.0,0.0,0.0,0.0,0.0,0.0,-4.328,-4.463,0.0,-4.704,116.0,10.04,3.0,3.473,-1.0,0.322,0.5,4901
2016-01-20 22:10:00,0.0,0.0,0.0,1067741.0,62.9,59.9,60.0,0.0,40819.0,507.0,93060.0,1025385.0,0.0,1.0,0.0,0.0,0.0,276.3,275.4,277.2,0.772,273.0,0.531,273.0,0.842,275.0,0.002,13.99,1.0,3.0,0.0,-1.97,0.0,20.63,25.36,0.0,-0.01,-0.0069999999999999,-0.0069999999999999,-0.31,-0.0559999999999999,0.5879999999999999,0.0,1.154,-4.516,-4.42,-4.612,-4.227,-4.594,-4.266,-144.9,-4.133,-4.325,0.0,-0.001,-0.002,-0.001,0.001,0.008,0.004,0.005,6526.0,9176.0,9131.0,9311.0,7925.0,7900.0,6400.0,0.0,0.0,0.0,0.0,0.0,0.0,0.0,0.0,24.36,0.0,60.13,0.0,0.0,0.0,0.0,16.0,0.0,0.0,0.0,0.0,0.0,-4.362,-4.455,0.0,-4.703,113.0,5.907,3.0,3.473,-1.0,0.33,0.4,4901
2016-01-20 22:11:00,0.0,0.0,0.0,1067741.0,62.9,59.9,60.0,0.0,40819.0,507.0,93060.0,1025385.0,0.0,1.0,0.0,0.0,0.0,276.0,275.4,277.2,0.772,273.0,0.531,273.0,0.842,275.0,0.002,13.99,2.0,3.0,0.0,-1.97,0.0,21.04,24.8,0.0,-0.01,-0.0069999999999999,-0.0069999999999999,-0.31,-0.055,0.215,0.0,1.139,-4.53,-4.42,-4.612,-4.227,-4.612,-4.248,-124.4,-4.183,-4.325,0.003,-0.002,-0.002,0.001,0.001,0.009,0.005,0.004,6526.0,9176.0,9131.0,9311.0,7925.0,7900.0,6400.0,0.0,0.0,0.0,0.0,0.0,0.0,0.0,0.0,23.7,0.0,60.14,0.0,0.0,0.0,0.0,16.0,0.0,0.0,0.0,0.0,0.0,-4.362,-4.456,0.0,-4.706,94.9,7.699,2.167,3.474,-1.0,0.328,0.4,4901
2016-01-20 22:12:00,0.0,0.0,0.0,1067741.0,62.9,59.9,60.0,0.0,40819.0,507.0,93060.0,1025385.0,0.0,1.0,0.0,0.0,0.0,275.7,275.2,277.1,0.772,272.9,0.531,273.0,0.842,275.0,0.002,13.99,1.0,3.0,0.0,-1.965,0.0,20.95,23.8,0.0,-0.01,-0.0069999999999999,-0.0069999999999999,-0.309,-0.055,0.5889999999999999,0.0,1.072,-4.53,-4.42,-4.612,-4.227,-4.612,-4.234,-144.9,-4.183,-4.325,0.013,-0.001,-0.002,0.0,0.001,0.009,0.005,0.004,6526.0,9176.0,9131.0,9311.0,7925.0,7900.0,6400.0,0.0,0.0,0.0,0.0,0.0,0.0,0.0,0.0,22.77,0.0,60.14,0.0,0.0,0.0,0.0,16.0,0.0,0.0,0.0,0.0,0.0,-4.37,-4.464,0.0,-4.708,96.9,11.4,2.833,3.473,-1.0,0.395,0.5999999999999999,4901
2016-01-20 22:13:00,0.0,0.0,0.0,1067741.0,62.9,59.9,60.0,0.0,40819.0,507.0,93060.0,1025385.0,0.0,1.0,0.0,0.0,0.0,275.8,275.0,277.1,0.772,273.0,0.531,273.0,0.842,275.0,0.002,13.99,1.0,3.0,0.0,-1.955,0.0,20.9,22.69,0.0,-0.01,-0.0069999999999999,-0.0069999999999999,-0.308,-0.054,0.7829999999999999,0.0,1.058,-4.533,-4.42,-4.612,-4.227,-4.612,-4.234,-145.6,-4.197,-4.325,0.004,-0.002,-0.002,0.0,0.001,0.008,0.004,0.004,6526.0,9176.0,9131.0,9311.0,7925.0,7900.0,6400.0,0.0,0.0,0.0,0.0,0.0,0.0,0.0,0.0,21.62,0.0,60.15,0.0,0.0,0.0,0.0,16.0,0.0,0.0,0.0,0.0,0.0,-4.371,-4.462,0.0,-4.703,60.57,11.14,3.0,3.469,-1.0,0.495,0.8,4901
2016-01-20 22:14:00,0.0,0.0,0.0,1067741.0,62.9,59.9,60.0,0.0,40819.0,507.0,93060.0,1025385.0,0.0,1.0,0.0,0.0,0.0,276.0,275.1,277.0,0.772,273.0,0.531,273.0,0.842,275.0,0.002,14.0,1.0,3.0,0.0,-1.952,0.0,20.96,21.99,0.0,-0.01,-0.0069999999999999,-0.0069999999999999,-0.308,-0.054,0.913,0.0,1.058,-4.55,-4.42,-4.612,-4.227,-4.612,-4.234,-145.7,-4.211,-4.325,0.0149999999999999,-0.001,-0.001,0.0,0.001,0.008,0.004,0.005,6526.0,9176.0,9131.0,9311.0,7925.0,7900.0,6400.0,0.0,0.0,0.0,0.0,0.0,0.0,0.0,0.0,20.94,0.0,60.15,0.0,0.0,0.0,0.0,16.0,0.0,0.0,0.0,0.0,0.0,-4.383,-4.469,0.0,-4.705,30.35,8.14,3.0,3.469,-1.0,0.547,0.6999999999999998,4901
2016-01-20 22:15:00,0.0,0.0,0.0,1067741.0,62.9,59.9,60.0,0.0,40819.0,507.0,93060.0,1025385.0,0.0,1.0,0.0,0.0,0.0,275.9,275.1,277.1,0.772,273.0,0.531,273.0,0.842,275.0,0.002,13.99,1.0,3.0,0.0,-1.953,0.0,20.75,21.83,0.0,-0.01,-0.0069999999999999,-0.0069999999999999,-0.311,-0.057,0.4429999999999999,0.0,1.058,-4.564,-4.42,-4.612,-4.227,-4.612,-4.263,-145.5,-4.229,-4.325,-0.005,-0.001,-0.003,0.0,0.001,0.008,0.005,0.004,6526.0,9176.0,9131.0,9311.0,7925.0,7900.0,6400.0,0.0,0.0,0.0,0.0,0.0,0.0,0.0,0.0,20.81,0.0,60.14,0.0,0.0,0.0,0.0,16.0,0.0,0.0,0.0,0.0,0.0,-4.377,-4.478,0.0,-4.71,26.89,8.3,2.167,3.473,-1.0,0.685,0.9,4901
2016-01-20 22:16:00,0.0,0.0,0.0,1067741.0,62.9,59.9,60.0,0.0,40819.0,507.0,93060.0,1025385.0,0.0,1.0,0.0,0.0,0.0,275.8,275.2,277.1,0.772,273.0,0.531,273.0,0.842,275.0,0.002,13.99,2.0,3.0,0.0,-1.954,0.0,20.96,22.01,0.0,-0.01,-0.0069999999999999,-0.0069999999999999,-0.317,-0.063,0.215,0.0,1.058,-4.533,-4.42,-4.612,-4.227,-4.612,-4.234,-145.1,-4.229,-4.325,0.006,-0.001,-0.001,-0.001,0.002,0.008,0.005,0.004,6526.0,9176.0,9131.0,9311.0,7925.0,7900.0,6400.0,0.0,0.0,0.0,0.0,0.0,0.0,0.0,0.0,20.92,0.0,60.14,0.0,0.0,0.0,0.0,16.0,0.0,0.0,0.0,0.0,0.0,-4.409,-4.493,0.0,-4.717,5.974,13.07,2.0,3.473,-1.0,0.5749999999999998,0.8,4901
2016-01-20 22:17:00,0.0,0.0,0.0,1067741.0,62.9,59.9,60.0,0.0,40819.0,507.0,93060.0,1025385.0,0.0,1.0,0.0,0.0,0.0,275.7,275.4,277.1,0.772,273.0,0.531,273.0,0.842,275.0,0.002,13.99,1.0,3.0,0.0,-1.95,0.0,21.13,22.03,0.0,-0.01,-0.0069999999999999,-0.0069999999999999,-0.32,-0.066,0.6859999999999999,0.0,1.058,-4.53,-4.42,-4.612,-4.227,-4.612,-4.248,-145.2,-4.229,-4.325,0.005,-0.001,-0.002,0.0,0.001,0.008,0.004,0.004,6526.0,9176.0,9131.0,9311.0,7925.0,7900.0,6400.0,0.0,0.0,0.0,0.0,0.0,0.0,0.0,0.0,20.95,0.0,60.15,0.0,0.0,0.0,0.0,16.0,0.0,0.0,0.0,0.0,0.0,-4.408,-4.494,0.0,-4.724,353.1,7.3439999999999985,2.833,3.473,-1.0,0.557,0.8,4901
2016-01-20 22:18:00,0.0,0.0,0.0,1067741.0,62.9,59.9,60.0,0.0,40819.0,507.0,93060.0,1025385.0,0.0,1.0,0.0,0.0,0.0,275.8,275.3,276.9,0.772,273.0,0.531,273.0,0.842,275.0,0.002,14.0,1.0,3.0,0.0,-1.95,0.0,20.79,21.73,0.0,-0.01,-0.0069999999999999,-0.0069999999999999,-0.2869999999999999,-0.067,0.914,0.0,1.058,-4.533,-4.42,-4.612,-4.227,-4.612,-4.301,-119.6,-4.229,-4.325,0.009,-0.002,-0.001,-0.001,0.0,0.009,0.004,0.004,6526.0,9176.0,9131.0,9311.0,7925.0,7900.0,6400.0,0.0,0.0,0.0,0.0,0.0,0.0,0.0,0.0,20.72,0.0,60.15,0.0,0.0,0.0,0.0,16.0,0.0,0.0,0.0,0.0,0.0,-4.41,-4.5,0.0,-4.721,336.5,11.3,3.0,3.473,-1.0,0.375,0.5,4901
2016-01-20 22:19:00,0.0,0.0,0.0,1067741.0,62.9,59.9,60.0,0.0,40819.0,507.0,93060.0,1025385.0,0.0,1.0,0.0,0.0,0.0,275.6,275.5,277.0,0.772,273.0,0.531,273.0,0.842,275.0,0.002,13.99,1.0,3.0,0.0,-1.95,0.0,21.0,21.67,0.0,-0.01,-0.0069999999999999,-0.0069999999999999,-0.321,-0.067,0.7390000000000001,0.0,1.058,-4.578,-4.42,-4.612,-4.227,-4.612,-4.295,-145.1,-4.229,-4.325,0.011,-0.002,-0.002,0.0,0.0,0.008,0.004,0.005,6526.0,9176.0,9131.0,9311.0,7925.0,7900.0,6400.0,0.0,0.0,0.0,0.0,0.0,0.0,0.0,0.0,20.57,0.0,60.14,0.0,0.0,0.0,0.0,16.0,0.0,0.0,0.0,0.0,0.0,-4.404,-4.505,0.0,-4.723,329.0,5.096,2.667,3.473,-1.0,0.3569999999999999,0.5,4901
2016-01-20 22:20:00,0.0,0.0,0.0,1067741.0,62.9,59.9,60.0,0.0,40819.0,507.0,93060.0,1025385.0,0.0,1.0,0.0,0.0,0.0,275.9,275.3,276.9,0.772,273.0,0.531,273.0,0.842,275.0,0.002,13.99,2.0,3.0,0.0,-1.95,0.0,20.95,22.05,0.0,-0.01,-0.0069999999999999,-0.0069999999999999,-0.319,-0.064,0.215,0.0,1.058,-4.547,-4.437,-4.612,-4.227,-4.612,-4.33,-119.8,-4.229,-4.325,0.005,-0.001,-0.002,0.0,0.0,0.009,0.003,0.004,6526.0,9176.0,9131.0,9311.0,7925.0,7900.0,6400.0,0.0,0.0,0.0,0.0,0.0,0.0,0.0,0.0,20.98,0.0,60.14,0.0,0.0,0.0,0.0,16.0,0.0,0.0,0.0,0.0,0.0,-4.357,-4.502,0.0,-4.729,342.3,8.64,2.0,3.474,-1.0,0.2129999999999999,0.4,4901
2016-01-20 22:21:00,0.0,0.0,0.0,1067741.0,62.9,59.9,60.0,0.0,40819.0,507.0,93060.0,1025385.0,0.0,1.0,0.0,0.0,0.0,275.9,275.4,277.1,0.772,273.0,0.531,273.0,0.842,275.0,0.002,13.99,1.0,3.0,0.0,-1.95,0.0,20.94,22.87,0.0,-0.01,-0.0069999999999999,-0.0069999999999999,-0.316,-0.062,0.406,0.0,0.993,-4.516,-4.42,-4.612,-4.242,-4.612,-4.33,-145.2,-4.229,-4.343,0.009,-0.001,-0.001,0.0,0.001,0.008,0.004,0.004,6526.0,9176.0,9131.0,9311.0,7925.0,7900.0,6400.0,0.0,0.0,0.0,0.0,0.0,0.0,0.0,0.0,21.82,0.0,60.14,0.0,0.0,0.0,0.0,16.0,0.0,0.0,0.0,0.0,0.0,-4.39,-4.506,0.0,-4.735,307.6,17.42,2.333,3.474,-1.0,0.233,0.4,4901
2016-01-20 22:22:00,0.0,0.0,0.0,1067741.0,62.9,59.9,60.0,0.0,40819.0,507.0,93060.0,1025385.0,0.0,1.0,0.0,0.0,0.0,275.9,275.5,277.1,0.772,273.0,0.531,273.0,0.842,275.0,0.002,14.0,1.0,3.0,0.0,-1.95,0.0,20.64,23.19,0.0,-0.01,-0.0069999999999999,-0.0069999999999999,-0.318,-0.064,0.913,0.0,0.993,-4.561,-4.42,-4.612,-4.259,-4.612,-4.33,-145.2,-4.243,-4.357,0.01,-0.001,-0.002,0.0,0.001,0.009,0.004,0.004,6526.0,9176.0,9131.0,9311.0,7925.0,7900.0,6400.0,0.0,0.0,0.0,0.0,0.0,0.0,0.0,0.0,22.06,0.0,60.14,0.0,0.0,0.0,0.0,16.0,0.0,0.0,0.0,0.0,0.0,-4.363,-4.505,0.0,-4.739,280.0,5.164,3.0,3.473,-1.0,0.2879999999999999,0.4,4901
2016-01-20 22:23:00,0.0,0.0,0.0,1067741.0,62.9,59.9,60.0,0.0,40819.0,507.0,93060.0,1025385.0,0.0,1.0,0.0,0.0,0.0,276.0,275.4,277.2,0.772,273.0,0.531,273.0,0.842,275.0,0.002,13.99,1.0,3.0,0.0,-1.95,0.0,20.62,22.49,0.0,-0.013,-0.0069999999999999,-0.0069999999999999,-0.318,-0.064,0.82,0.0,0.976,-4.544,-4.437,-4.612,-4.291,-4.612,-4.33,-144.4,-4.246,-4.372,-0.001,-0.001,-0.002,-0.001,0.001,0.008,0.005,0.004,6526.0,9176.0,9131.0,9311.0,7925.0,7900.0,6400.0,0.0,0.0,0.0,0.0,0.0,0.0,0.0,0.0,21.36,0.0,60.13,0.0,0.0,0.0,0.0,16.0,0.0,0.0,0.0,0.0,0.0,-4.362,-4.505,0.0,-4.738,288.5,9.14,2.833,3.473,-1.0,0.2419999999999999,0.4,4901
2016-01-20 22:24:00,0.0,0.0,0.0,1067741.0,62.9,59.9,60.0,0.0,40819.0,507.0,93060.0,1025385.0,0.0,1.0,0.0,0.0,0.0,276.1,275.5,277.3,0.772,273.0,0.531,273.0,0.842,275.0,0.002,13.99,2.0,3.0,0.0,-1.95,0.0,20.67,21.66,0.0,-0.013,-0.0069999999999999,-0.0069999999999999,-0.316,-0.062,0.215,0.0,0.979,-4.547,-4.501,-4.612,-4.309,-4.612,-4.33,-145.4,-4.229,-4.404,0.003,-0.001,-0.003,0.0,0.0,0.008,0.003,0.004,6526.0,9176.0,9131.0,9311.0,7925.0,7900.0,6400.0,0.0,0.0,0.0,0.0,0.0,0.0,0.0,0.0,20.5,0.0,60.15,0.0,0.0,0.0,0.0,16.0,0.0,0.0,0.0,0.0,0.0,-4.356,-4.523,0.0,-4.745,350.5,53.48,2.0,3.473,-1.0,0.0919999999999999,0.1,4901
2016-01-20 22:25:00,0.0,0.0,0.0,1067741.0,62.9,59.9,60.0,0.0,40819.0,507.0,93060.0,1025385.0,0.0,1.0,0.0,0.0,0.0,275.9,275.6,277.3,0.772,273.0,0.531,273.0,0.842,275.0,0.002,13.99,1.0,3.0,0.0,-1.95,0.0,21.1,21.34,0.0,-0.013,-0.0069999999999999,-0.0069999999999999,-0.319,-0.065,0.307,0.0,0.961,-4.564,-4.516,-4.612,-4.324,-4.626,-4.33,-145.6,-4.243,-4.421,-0.003,-0.002,-0.002,-0.001,0.0,0.008,0.004,0.004,6526.0,9176.0,9131.0,9311.0,7925.0,7900.0,6400.0,0.0,0.0,0.0,0.0,0.0,0.0,0.0,0.0,20.05,0.0,60.17,0.0,0.0,0.0,0.0,16.0,0.0,0.0,0.0,0.0,0.0,-4.332,-4.515,0.0,-4.751,181.3,69.37,2.167,3.473,-1.0,0.0719999999999999,0.1,4901
2016-01-20 22:26:00,0.0,0.0,0.0,1067741.0,62.9,59.9,60.0,0.0,40819.0,507.0,93060.0,1025385.0,0.0,1.0,0.0,0.0,0.0,276.0,275.4,277.3,0.772,273.0,0.531,273.0,0.842,275.0,0.002,14.0,1.0,3.0,0.0,-1.95,0.0,20.87,21.24,0.0,-0.013,-0.0069999999999999,-0.0069999999999999,-0.317,-0.063,0.914,0.0,0.961,-4.646,-4.516,-4.612,-4.324,-4.612,-4.33,-145.0,-4.263999999999999,-4.421,0.009,-0.002,-0.003,0.0,0.001,0.009,0.003,0.004,6526.0,9176.0,9131.0,9311.0,7925.0,7900.0,6400.0,0.0,0.0,0.0,0.0,0.0,0.0,0.0,0.0,20.0,0.0,60.19,0.0,0.0,0.0,0.0,16.0,0.0,0.0,0.0,0.0,0.0,-4.316,-4.481,0.0,-4.757,130.6,13.71,3.0,3.472,-1.0,0.17,0.2999999999999999,4901
2016-01-20 22:27:00,0.0,0.0,0.0,1067741.0,62.9,59.9,60.0,0.0,40819.0,507.0,93060.0,1025385.0,0.0,1.0,0.0,0.0,0.0,276.1,275.5,277.2,0.772,273.0,0.531,273.0,0.842,275.0,0.002,13.99,1.0,3.0,0.0,-1.95,0.0,20.93,21.06,0.0,-0.013,-0.0069999999999999,-0.0069999999999999,-0.317,-0.063,0.544,0.0,0.961,-4.643,-4.516,-4.612,-4.324,-4.647,-4.33,-145.6,-4.229,-4.421,0.008,-0.001,-0.002,-0.001,0.001,0.009,0.004,0.004,6526.0,9176.0,9131.0,9311.0,7925.0,7900.0,6400.0,0.0,0.0,0.0,0.0,0.0,0.0,0.0,0.0,19.83,0.0,60.14,0.0,0.0,0.0,0.0,16.0,0.0,0.0,0.0,0.0,0.0,-4.296,-4.463,0.0,-4.766,175.8,47.24,2.667,3.474,-1.0,0.123,0.2,4901
2016-01-20 22:28:00,0.0,0.0,0.0,1067741.0,62.9,59.9,60.0,0.0,40819.0,507.0,93060.0,1025385.0,0.0,1.0,0.0,0.0,0.0,276.0,275.6,277.4,0.772,273.0,0.531,273.0,0.842,275.0,0.002,13.99,2.0,3.0,0.0,-1.95,0.0,20.88,20.61,0.0,-0.013,-0.0069999999999999,-0.0069999999999999,-0.319,-0.065,0.215,0.0,0.961,-4.626,-4.516,-4.612,-4.324,-4.658,-4.33,-123.7,-4.258,-4.421,0.005,-0.002,-0.002,0.0,0.0,0.008,0.003,0.005,6526.0,9176.0,9131.0,9311.0,7925.0,7900.0,6400.0,0.0,0.0,0.0,0.0,0.0,0.0,0.0,0.0,19.47,0.0,60.13,0.0,0.0,0.0,0.0,16.0,0.0,0.0,0.0,0.0,0.0,-4.2780000000000005,-4.442,0.0,-4.777,156.1,25.29,2.0,3.474,-1.0,0.197,0.4,4901
2016-01-20 22:29:00,0.0,0.0,0.0,1067741.0,62.9,59.9,60.0,0.0,40819.0,507.0,93060.0,1025385.0,0.0,1.0,0.0,0.0,0.0,276.2,275.6,277.4,0.772,273.0,0.531,273.0,0.842,275.0,0.002,13.99,1.0,3.0,0.0,-1.95,0.0,20.81,20.47,0.0,-0.013,-0.0069999999999999,-0.0069999999999999,-0.321,-0.067,0.5949999999999999,0.0,0.961,-4.626,-4.516,-4.612,-4.324,-4.708,-4.33,-145.2,-4.243,-4.421,0.003,-0.002,-0.002,0.0,0.001,0.008,0.004,0.004,6526.0,9176.0,9131.0,9311.0,7925.0,7900.0,6400.0,0.0,0.0,0.0,0.0,0.0,0.0,0.0,0.0,19.32,0.0,60.14,0.0,0.0,0.0,0.0,16.0,0.0,0.0,0.0,0.0,0.0,-4.298,-4.435,0.0,-4.788,130.2,8.14,2.667,3.474,-1.0,0.322,0.4,4901
2016-01-20 22:30:00,0.0,0.0,0.0,1067741.0,62.9,59.9,60.0,0.0,40819.0,507.0,93060.0,1025385.0,0.0,1.0,0.0,0.0,0.0,276.0,275.7,277.6,0.772,273.0,0.531,273.0,0.842,275.0,0.002,14.0,1.0,3.0,0.0,-1.95,0.0,21.05,20.46,0.0,-0.013,-0.0069999999999999,-0.0069999999999999,-0.3229999999999999,-0.068,0.913,0.0,0.961,-4.66,-4.516,-4.612,-4.324,-4.708,-4.362,-145.6,-4.325,-4.421,-0.001,-0.001,-0.002,0.0,0.0,0.008,0.004,0.004,6526.0,9176.0,9131.0,9311.0,7925.0,7900.0,6400.0,0.0,0.0,0.0,0.0,0.0,0.0,0.0,0.0,19.32,0.0,60.14,0.0,0.0,0.0,0.0,16.0,0.0,0.0,0.0,0.0,0.0,-4.324,-4.446000000000001,0.0,-4.796,119.4,28.28,3.0,3.473,-1.0,0.165,0.2999999999999999,4901
2016-01-20 22:31:00,0.0,0.0,0.0,1067741.0,62.9,59.9,60.0,0.0,40819.0,507.0,93060.0,1025385.0,0.0,1.0,0.0,0.0,0.0,276.1,275.5,277.4,0.772,273.0,0.531,273.0,0.842,275.0,0.002,13.99,1.0,3.0,0.0,-1.95,0.0,20.65,20.51,0.0,-0.013,-0.0069999999999999,-0.0069999999999999,-0.325,-0.0709999999999999,0.444,0.0,0.961,-4.643,-4.516,-4.629,-4.324,-4.708,-4.397,-145.6,-4.357,-4.421,0.001,-0.001,-0.002,-0.001,0.001,0.008,0.004,0.005,6526.0,9176.0,9131.0,9311.0,7925.0,7900.0,6400.0,0.0,0.0,0.0,0.0,0.0,0.0,0.0,0.0,19.33,0.0,60.14,0.0,0.0,0.0,0.0,16.0,0.0,0.0,0.0,0.0,0.0,-4.309,-4.457,0.0,-4.802,131.5,4.177,2.167,3.474,-1.0,0.343,0.4,4901
2016-01-20 22:32:00,0.0,0.0,0.0,1067741.0,62.9,59.9,60.0,0.0,40819.0,507.0,93060.0,1025385.0,0.0,1.0,0.0,0.0,0.0,276.3,275.4,277.3,0.772,273.0,0.531,273.0,0.842,275.0,0.002,13.99,2.0,3.0,0.0,-1.95,0.0,21.07,20.55,0.0,-0.013,-0.0069999999999999,-0.0069999999999999,-0.33,-0.0749999999999999,0.215,0.0,0.961,-4.66,-4.516,-4.626,-4.324,-4.708,-4.409,-145.0,-4.374,-4.421,0.004,-0.001,-0.002,0.0,0.0,0.009,0.004,0.005,6526.0,9176.0,9131.0,9311.0,7925.0,7900.0,6400.0,0.0,0.0,0.0,0.0,0.0,0.0,0.0,0.0,19.44,0.0,60.14,0.0,0.0,0.0,0.0,16.0,0.0,0.0,0.0,0.0,0.0,-4.325,-4.47,0.0,-4.817,151.4,10.73,2.0,3.473,-1.0,0.307,0.4,4901
2016-01-20 22:33:00,0.0,0.0,0.0,1067741.0,62.9,59.9,60.0,0.0,40819.0,507.0,93060.0,1025385.0,0.0,1.0,0.0,0.0,0.0,276.1,275.6,277.4,0.772,273.0,0.531,273.0,0.842,275.0,0.002,13.99,1.0,3.0,0.0,-1.95,0.0,20.8,20.59,0.0,-0.013,-0.0069999999999999,-0.0069999999999999,-0.33,-0.0759999999999999,0.684,0.0,0.961,-4.643,-4.533,-4.676,-4.324,-4.708,-4.394,-145.5,-4.322,-4.421,0.006,-0.002,-0.001,-0.001,0.0,0.008,0.003,0.004,6526.0,9176.0,9131.0,9311.0,7925.0,7900.0,6400.0,0.0,0.0,0.0,0.0,0.0,0.0,0.0,0.0,19.46,0.0,60.14,0.0,0.0,0.0,0.0,16.0,0.0,0.0,0.0,0.0,0.0,-4.334,-4.486000000000001,0.0,-4.827,156.1,24.43,2.833,3.473,-1.0,0.153,0.2999999999999999,4901
2016-01-20 22:34:00,0.0,0.0,0.0,1067741.0,62.9,59.9,60.0,0.0,40819.0,507.0,93060.0,1025385.0,0.0,1.0,0.0,0.0,0.0,276.3,275.5,277.4,0.772,273.0,0.531,273.0,0.842,275.0,0.002,13.99,1.0,3.0,0.0,-1.95,0.0,20.61,20.5,0.0,-0.013,-0.0069999999999999,-0.0069999999999999,-0.33,-0.0759999999999999,0.8659999999999999,0.0,0.961,-4.629,-4.565,-4.708,-4.376,-4.708,-4.359,-145.3,-4.296,-4.485,0.001,-0.001,-0.003,0.0,0.001,0.008,0.004,0.005,6526.0,9176.0,9131.0,9311.0,7925.0,7900.0,6400.0,0.0,0.0,0.0,0.0,0.0,0.0,0.0,0.0,19.38,0.0,60.13,0.0,0.0,0.0,0.0,16.0,0.0,0.0,0.0,0.0,0.0,-4.333,-4.494,0.0,-4.837,176.3,26.13,2.833,3.473,-1.0,0.128,0.2999999999999999,4901
2016-01-20 22:35:00,0.0,0.0,0.0,1067741.0,62.9,59.9,60.0,0.0,40819.0,507.0,93060.0,1025385.0,0.0,1.0,0.0,0.0,0.0,276.4,275.8,277.6,0.772,273.0,0.531,273.0,0.842,275.1,0.002,13.99,2.0,3.0,0.0,-1.95,0.0,20.88,20.46,0.0,-0.013,-0.0069999999999999,-0.0069999999999999,-0.327,-0.072,0.215,0.0,0.961,-4.64,-4.612,-4.708,-4.42,-4.708,-4.426,-145.6,-4.342,-4.517,0.009,-0.001,-0.002,0.0,0.001,0.008,0.004,0.004,6526.0,9176.0,9131.0,9311.0,7925.0,7900.0,6400.0,0.0,0.0,0.0,0.0,0.0,0.0,0.0,0.0,19.3,0.0,60.18,0.0,0.0,0.0,0.0,16.0,0.0,0.0,0.0,0.0,0.0,-4.354,-4.507,0.0,-4.85,132.5,6.538,2.0,3.473,-1.0,0.307,0.4,4901
2016-01-20 22:36:00,0.0,0.0,0.0,1067741.0,62.9,59.9,60.0,0.0,40819.0,507.0,93060.0,1025385.0,0.0,1.0,0.0,0.0,0.0,276.5,275.7,277.6,0.772,273.0,0.531,273.0,0.842,275.0,0.002,13.99,1.0,3.0,0.0,-1.95,0.0,20.86,20.4,0.0,-0.013,-0.0069999999999999,-0.0069999999999999,-0.32,-0.066,0.4309999999999999,0.0,0.947,-4.692,-4.612,-4.708,-4.373,-4.708,-4.426,-144.6,-4.325,-4.517,0.005,-0.001,-0.002,0.0,0.0,0.0069999999999999,0.004,0.005,6526.0,9176.0,9131.0,9311.0,7925.0,7900.0,6400.0,0.0,0.0,0.0,0.0,0.0,0.0,0.0,0.0,19.1,0.0,60.14,0.0,0.0,0.0,0.0,16.0,0.0,0.0,0.0,0.0,0.0,-4.356,-4.529,0.0,-4.86,114.5,5.589,2.333,3.473,-1.0,0.452,0.5999999999999999,4901
2016-01-20 22:37:00,0.0,0.0,0.0,1067741.0,62.9,59.9,60.0,0.0,40819.0,507.0,93060.0,1025385.0,0.0,1.0,0.0,0.0,0.0,276.3,275.9,277.7,0.772,273.0,0.531,273.0,0.842,275.1,0.002,14.0,1.0,3.0,0.0,-1.95,0.0,20.84,20.3,0.0,-0.013,-0.0069999999999999,-0.0069999999999999,-0.322,-0.068,0.924,0.0,0.929,-4.736000000000001,-4.612,-4.708,-4.42,-4.743,-4.426,-144.9,-4.342,-4.517,0.0,-0.002,-0.001,0.0,0.0,0.008,0.003,0.004,6526.0,9176.0,9131.0,9311.0,7925.0,7900.0,6400.0,0.0,0.0,0.0,0.0,0.0,0.0,0.0,0.0,19.05,0.0,60.21,0.0,0.0,0.0,0.0,16.0,0.0,0.0,0.0,0.0,0.0,-4.357,-4.543,0.0,-4.871,110.1,6.134,3.0,3.473,-1.0,0.3519999999999999,0.5,4901
2016-01-20 22:38:00,0.0,0.0,0.0,1067741.0,62.9,59.9,60.0,0.0,40819.0,507.0,93060.0,1025385.0,0.0,1.0,0.0,0.0,0.0,276.3,275.9,277.7,0.772,273.0,0.531,273.0,0.842,275.1,0.002,13.99,1.0,3.0,0.0,-1.951,0.0,20.96,20.09,0.0,-0.013,-0.0069999999999999,-0.0069999999999999,-0.3229999999999999,-0.069,0.5979999999999999,0.0,0.8649999999999999,-4.708,-4.629,-4.708,-4.42,-4.7860000000000005,-4.426,-145.3,-4.325,-4.517,-0.001,-0.002,-0.002,-0.001,0.0,0.008,0.004,0.004,6526.0,9176.0,9131.0,9311.0,7925.0,7900.0,6400.0,0.0,0.0,0.0,0.0,0.0,0.0,0.0,0.0,18.97,0.0,60.23,0.0,0.0,0.0,0.0,16.0,0.0,0.0,0.0,0.0,0.0,-4.368,-4.549,0.0,-4.876,72.87,16.58,2.5,3.473,-1.0,0.253,0.2999999999999999,4901
2016-01-20 22:39:00,0.0,0.0,0.0,1067741.0,62.9,59.9,60.0,0.0,40819.0,507.0,93060.0,1025385.0,0.0,1.0,0.0,0.0,0.0,276.4,275.8,277.7,0.772,273.0,0.531,273.0,0.842,275.6,0.002,13.99,2.0,3.0,0.0,-1.954,0.0,20.8,19.83,0.0,-0.013,-0.0069999999999999,-0.0069999999999999,-0.321,-0.067,0.215,0.0,0.8649999999999999,-4.725,-4.612,-4.708,-4.42,-4.768,-4.426,-145.4,-4.36,-4.517,0.004,-0.001,-0.002,-0.001,0.0,0.009,0.003,0.004,6526.0,9176.0,9131.0,9311.0,7925.0,7900.0,6400.0,0.0,0.0,0.0,0.0,0.0,0.0,0.0,0.0,18.62,0.0,60.17,0.0,0.0,0.0,0.0,16.0,0.0,0.0,0.0,0.0,0.0,-4.342,-4.553,0.0,-4.882,85.5,6.687,2.0,3.473,-1.0,0.185,0.2999999999999999,4901
2016-01-20 22:40:00,0.0,0.0,0.0,1067741.0,62.9,59.9,60.0,0.0,40819.0,507.0,93060.0,1025385.0,0.0,1.0,0.0,0.0,0.0,276.6,275.9,277.8,0.772,273.7,0.531,273.6,0.842,276.0,0.002,13.99,1.0,3.0,0.0,-1.955,0.0,20.92,19.71,0.0,-0.013,-0.0069999999999999,-0.0069999999999999,-0.315,-0.0609999999999999,0.7049999999999998,0.0,0.8649999999999999,-4.742,-4.612,-4.708,-4.42,-4.789,-4.426,-145.3,-4.325,-4.517,-0.003,-0.002,-0.002,-0.001,0.0,0.009,0.003,0.004,6526.0,9176.0,9131.0,9311.0,7925.0,7900.0,6400.0,0.0,0.0,0.0,0.0,0.0,0.0,0.0,0.0,18.52,0.0,60.16,0.0,0.0,0.0,0.0,16.0,0.0,0.0,0.0,0.0,0.0,-4.325,-4.558,0.0,-4.895,85.2,20.85,2.833,3.473,-1.0,0.217,0.2999999999999999,4901
2016-01-20 22:41:00,0.0,0.0,0.0,1067741.0,62.9,59.9,60.0,0.0,40819.0,507.0,93060.0,1025385.0,0.0,1.0,0.0,0.0,0.0,276.5,276.0,277.9,0.772,273.7,0.531,273.9,0.842,276.0,0.002,13.99,1.0,3.0,0.0,-1.952,0.0,20.72,19.45,0.0,-0.013,-0.0069999999999999,-0.0069999999999999,-0.318,-0.064,0.8459999999999999,0.0,0.8649999999999999,-4.739,-4.612,-4.708,-4.42,-4.804,-4.426,-145.6,-4.357,-4.517,0.003,-0.002,-0.002,-0.001,0.0,0.008,0.003,0.003,6526.0,9176.0,9131.0,9311.0,7925.0,7900.0,6400.0,0.0,0.0,0.0,0.0,0.0,0.0,0.0,0.0,18.28,0.0,60.14,0.0,0.0,0.0,0.0,16.0,0.0,0.0,0.0,0.0,0.0,-4.329,-4.565,0.0,-4.9030000000000005,77.54,59.41,2.833,3.473,-1.0,0.138,0.2999999999999999,4901
2016-01-20 22:42:00,0.0,0.0,0.0,1067741.0,62.9,59.9,60.0,0.0,40819.0,507.0,93060.0,1025385.0,0.0,1.0,0.0,0.0,0.0,276.4,275.9,277.7,0.772,273.0,0.531,273.0,0.842,275.1,0.002,13.99,2.0,3.0,0.0,-1.952,0.0,20.86,19.4,0.0,-0.013,-0.0069999999999999,-0.0069999999999999,-0.316,-0.062,0.215,0.0,0.8649999999999999,-4.77,-4.612,-4.74,-4.42,-4.804,-4.426,-145.1,-4.342,-4.517,0.013,-0.002,-0.002,-0.001,0.0,0.008,0.003,0.003,6526.0,9176.0,9131.0,9311.0,7925.0,7900.0,6400.0,0.0,0.0,0.0,0.0,0.0,0.0,0.0,0.0,18.29,0.0,60.15,0.0,0.0,0.0,0.0,16.0,0.0,0.0,0.0,0.0,0.0,-4.359,-4.571000000000001,0.0,-4.915,217.8,28.01,2.0,3.473,-1.0,0.13,0.2,4901
2016-01-20 22:43:00,0.0,0.0,0.0,1067741.0,62.9,59.9,60.0,0.0,40819.0,507.0,93060.0,1025385.0,0.0,1.0,0.0,0.0,0.0,276.5,275.9,277.7,0.772,273.0,0.531,273.1,0.842,275.1,0.002,13.99,1.0,3.0,0.0,-1.956,0.0,21.01,19.91,0.0,-0.013,-0.0069999999999999,-0.0069999999999999,-0.315,-0.0599999999999999,0.445,0.0,0.8649999999999999,-4.774,-4.629,-4.804,-4.42,-4.804,-4.426,-119.6,-4.325,-4.517,0.001,-0.001,-0.002,0.0,0.0,0.008,0.003,0.005,6526.0,9176.0,9131.0,9311.0,7925.0,7900.0,6400.0,0.0,0.0,0.0,0.0,0.0,0.0,0.0,0.0,18.72,0.0,60.14,0.0,0.0,0.0,0.0,16.0,0.0,0.0,0.0,0.0,0.0,-4.334,-4.573,0.0,-4.922,213.4,18.09,2.5,3.474,-1.0,0.26,0.4,4901
2016-01-20 22:44:00,0.0,0.0,0.0,1067741.0,62.9,59.9,60.0,0.0,40819.0,507.0,93060.0,1025385.0,0.0,1.0,0.0,0.0,0.0,276.3,275.9,277.7,0.772,273.0,0.531,273.3,0.842,275.6,0.002,14.0,1.0,3.0,0.0,-1.967,0.0,20.82,20.72,0.0,-0.013,-0.0069999999999999,-0.0069999999999999,-0.313,-0.059,0.923,0.0,0.8649999999999999,-4.789,-4.647,-4.768,-4.42,-4.804,-4.426,-119.6,-4.325,-4.517,0.001,-0.002,-0.002,-0.001,0.0,0.0069999999999999,0.003,0.004,6526.0,9176.0,9131.0,9311.0,7925.0,7900.0,6400.0,0.0,0.0,0.0,0.0,0.0,0.0,0.0,0.0,19.56,0.0,60.15,0.0,0.0,0.0,0.0,16.0,0.0,0.0,0.0,0.0,0.0,-4.3,-4.5760000000000005,0.0,-4.927,258.0,37.04,3.0,3.473,-1.0,0.277,0.5999999999999999,4901
2016-01-20 22:45:00,0.0,0.0,0.0,1067741.0,62.9,59.9,60.0,0.0,40819.0,507.0,93060.0,1025385.0,0.0,1.0,0.0,0.0,0.0,276.2,276.0,277.8,0.772,273.0,0.531,273.3,0.842,275.7,0.002,13.99,1.0,3.0,0.0,-1.97,0.0,20.95,21.21,0.0,-0.013,-0.0069999999999999,-0.0069999999999999,-0.317,-0.063,0.5889999999999999,0.0,0.8649999999999999,-4.8660000000000005,-4.708,-4.804,-4.42,-4.804,-4.426,-119.6,-4.325,-4.517,0.005,-0.002,-0.002,0.0,0.001,0.008,0.003,0.005,6526.0,9176.0,9131.0,9311.0,7925.0,7900.0,6400.0,0.0,0.0,0.0,0.0,0.0,0.0,0.0,0.0,19.95,0.0,60.14,0.0,0.0,0.0,0.0,16.0,0.0,0.0,0.0,0.0,0.0,-4.341,-4.578,0.0,-4.935,297.0,7.136,2.5,3.472,-1.0,0.508,0.5999999999999999,4901
2016-01-20 22:46:00,0.0,0.0,0.0,1067741.0,62.9,59.9,60.0,0.0,40819.0,507.0,93060.0,1025385.0,0.0,1.0,0.0,0.0,0.0,276.3,275.9,277.9,0.772,273.0,0.531,273.5,0.842,276.0,0.002,13.99,2.0,3.0,0.0,-1.97,0.0,20.94,20.77,0.0,-0.013,-0.0069999999999999,-0.0069999999999999,-0.315,-0.0609999999999999,0.215,0.0,0.8649999999999999,-4.869,-4.725,-4.804,-4.42,-4.804,-4.426,-98.3,-4.325,-4.517,0.004,-0.002,-0.002,-0.001,0.0,0.008,0.004,0.004,6526.0,9176.0,9131.0,9311.0,7925.0,7900.0,6400.0,0.0,0.0,0.0,0.0,0.0,0.0,0.0,0.0,19.58,0.0,60.15,0.0,0.0,0.0,0.0,16.0,0.0,0.0,0.0,0.0,0.0,-4.369,-4.587,0.0,-4.946000000000001,317.9,6.193,2.0,3.473,-1.0,0.4119999999999999,0.5,4901
2016-01-20 22:47:00,0.0,0.0,0.0,1067741.0,62.9,59.9,60.0,0.0,40819.0,507.0,93060.0,1025385.0,0.0,1.0,0.0,0.0,0.0,276.5,275.9,277.9,0.772,273.0,0.531,273.3,0.842,276.0,0.002,13.99,1.0,3.0,0.0,-1.97,0.0,20.85,20.17,0.0,-0.013,-0.0069999999999999,-0.0069999999999999,-0.312,-0.0579999999999999,0.3649999999999999,0.0,0.8649999999999999,-4.82,-4.708,-4.804,-4.42,-4.804,-4.426,-93.8,-4.325,-4.517,0.013,-0.001,-0.002,0.0,0.001,0.008,0.004,0.003,6526.0,9176.0,9131.0,9311.0,7925.0,7900.0,6400.0,0.0,0.0,0.0,0.0,0.0,0.0,0.0,0.0,18.92,0.0,60.23,0.0,0.0,0.0,0.0,16.0,0.0,0.0,0.0,0.0,0.0,-4.384,-4.59,0.0,-4.953,332.9,12.91,2.333,3.473,-1.0,0.387,0.5999999999999999,4901
2016-01-20 22:48:00,0.0,0.0,0.0,1067741.0,62.9,59.9,60.0,0.0,40819.0,507.0,93060.0,1025385.0,0.0,1.0,0.0,0.0,0.0,276.9,275.8,277.7,0.772,273.3,0.531,273.5,0.842,276.0,0.002,14.0,1.0,3.0,0.0,-1.97,0.0,20.91,19.74,0.0,-0.013,-0.0069999999999999,-0.0069999999999999,-0.307,-0.0529999999999999,0.913,0.0,0.8009999999999999,-4.785,-4.708,-4.804,-4.42,-4.804,-4.505,-145.1,-4.407,-4.517,-0.003,-0.001,-0.002,-0.001,0.001,0.008,0.004,0.005,6526.0,9176.0,9131.0,9311.0,7925.0,7900.0,6400.0,0.0,0.0,0.0,0.0,0.0,0.0,0.0,0.0,18.51,0.0,60.23,0.0,0.0,0.0,0.0,16.0,0.0,0.0,0.0,0.0,0.0,-4.339,-4.584,0.0,-4.961,320.4,36.6,3.0,3.473,-1.0,0.193,0.5999999999999999,4901
2016-01-20 22:49:00,0.0,0.0,0.0,1067741.0,62.9,59.9,60.0,0.0,40819.0,507.0,93060.0,1025385.0,0.0,1.0,0.0,0.0,0.0,276.9,275.9,277.9,0.772,273.9,0.531,273.8,0.842,276.0,0.002,13.99,1.0,3.0,0.0,-1.97,0.0,20.92,19.47,0.0,-0.013,-0.0069999999999999,-0.0069999999999999,-0.307,-0.0529999999999999,0.675,0.0,0.769,-4.789,-4.708,-4.804,-4.42,-4.804,-4.522,-145.4,-4.421,-4.517,0.006,-0.002,-0.003,-0.001,0.001,0.008,0.003,0.004,6526.0,9176.0,9131.0,9311.0,7925.0,7900.0,6400.0,0.0,0.0,0.0,0.0,0.0,0.0,0.0,0.0,18.33,0.0,60.21,0.0,0.0,0.0,0.0,16.0,0.0,0.0,0.0,0.0,0.0,-4.369,-4.572,0.0,-4.969,296.3,29.55,2.5,3.473,-1.0,0.3449999999999999,0.5999999999999999,4901
2016-01-20 22:50:00,0.0,0.0,0.0,1067741.0,62.9,59.9,60.0,0.0,40819.0,507.0,93060.0,1025385.0,0.0,1.0,0.0,0.0,0.0,276.9,275.9,277.8,0.772,274.0,0.531,273.7,0.842,276.0,0.002,13.99,2.0,3.0,0.0,-1.97,0.0,21.03,19.26,0.0,-0.013,-0.0069999999999999,-0.0069999999999999,-0.31,-0.0559999999999999,0.215,0.0,0.769,-4.804,-4.708,-4.804,-4.42,-4.804,-4.522,-145.1,-4.421,-4.517,0.004,-0.002,-0.002,-0.001,0.0,0.008,0.003,0.004,6526.0,9176.0,9131.0,9311.0,7925.0,7900.0,6400.0,0.0,0.0,0.0,0.0,0.0,0.0,0.0,0.0,18.12,0.0,60.16,0.0,0.0,0.0,0.0,16.0,0.0,0.0,0.0,0.0,0.0,-4.367,-4.575,0.0,-4.986000000000001,189.8,33.58,2.0,3.473,-1.0,0.2049999999999999,0.2999999999999999,4901
2016-01-20 22:51:00,0.0,0.0,0.0,1067741.0,62.9,59.9,60.0,0.0,40819.0,507.0,93060.0,1025385.0,0.0,1.0,0.0,0.0,0.0,276.8,276.0,277.8,0.772,274.0,0.531,273.9,0.842,276.0,0.002,13.99,1.0,3.0,0.0,-1.97,0.0,20.92,19.25,0.0,-0.013,-0.0069999999999999,-0.0069999999999999,-0.311,-0.057,0.629,0.0,0.769,-4.8180000000000005,-4.708,-4.804,-4.42,-4.804,-4.522,-119.8,-4.421,-4.517,0.01,-0.002,-0.003,-0.001,0.0,0.008,0.004,0.004,6526.0,9176.0,9131.0,9311.0,7925.0,7900.0,6400.0,0.0,0.0,0.0,0.0,0.0,0.0,0.0,0.0,18.12,0.0,60.2,0.0,0.0,0.0,0.0,16.0,0.0,0.0,0.0,0.0,0.0,-4.382,-4.584,0.0,-5.0,160.3,17.14,2.667,3.473,-1.0,0.2119999999999999,0.4,4901
2016-01-20 22:52:00,0.0,0.0,0.0,1067741.0,62.9,59.9,60.0,0.0,40819.0,507.0,93060.0,1025385.0,0.0,1.0,0.0,0.0,0.0,276.8,276.1,277.8,0.772,273.9,0.531,274.0,0.842,276.0,0.002,13.99,1.0,3.0,0.0,-1.97,0.0,20.92,19.49,0.0,-0.013,-0.0069999999999999,-0.0069999999999999,-0.31,-0.0559999999999999,0.912,0.0,0.769,-4.821000000000001,-4.7860000000000005,-4.804,-4.484,-4.804,-4.522,-145.7,-4.421,-4.552,-0.008,-0.001,-0.003,-0.001,0.001,0.008,0.004,0.003,6526.0,9176.0,9131.0,9311.0,7925.0,7900.0,6400.0,0.0,0.0,0.0,0.0,0.0,0.0,0.0,0.0,18.33,0.0,60.21,0.0,0.0,0.0,0.0,16.0,0.0,0.0,0.0,0.0,0.0,-4.408,-4.562,0.0,-5.002,212.0,38.44,2.833,3.472,-1.0,0.138,0.2999999999999999,4901
2016-01-20 22:53:00,0.0,0.0,0.0,1067741.0,62.9,59.9,60.0,0.0,40819.0,507.0,93060.0,1025385.0,0.0,1.0,0.0,0.0,0.0,277.1,276.0,277.7,0.772,274.0,0.531,274.0,0.842,276.0,0.002,13.99,2.0,3.0,0.0,-1.97,0.0,20.8,19.41,0.0,-0.013,-0.0069999999999999,-0.0069999999999999,-0.309,-0.055,0.223,0.0,0.769,-4.804,-4.789,-4.804,-4.516,-4.804,-4.522,-98.8,-4.421,-4.599,0.008,-0.001,-0.002,-0.001,0.0,0.008,0.003,0.003,6526.0,9176.0,9131.0,9311.0,7925.0,7900.0,6400.0,0.0,0.0,0.0,0.0,0.0,0.0,0.0,0.0,18.28,0.0,60.21,0.0,0.0,0.0,0.0,16.0,0.0,0.0,0.0,0.0,0.0,-4.384,-4.406000000000001,0.0,-4.995,181.7,24.21,2.0,3.473,-1.0,0.158,0.4,4901
2016-01-20 22:54:00,0.0,0.0,0.0,1067741.0,62.9,59.9,60.0,0.0,40819.0,507.0,93060.0,1025385.0,0.0,1.0,0.0,0.0,0.0,276.8,276.1,277.9,0.772,274.0,0.531,274.0,0.842,276.0,0.002,13.99,1.0,3.0,0.0,-1.97,0.0,20.87,19.29,0.0,-0.013,-0.0069999999999999,-0.0069999999999999,-0.309,-0.055,0.566,0.0,0.769,-4.835,-4.772,-4.804,-4.516,-4.804,-4.522,-145.3,-4.438,-4.613,0.0,-0.002,-0.002,-0.001,-0.001,0.008,0.004,0.004,6526.0,9176.0,9131.0,9311.0,7925.0,7900.0,6400.0,0.0,0.0,0.0,0.0,0.0,0.0,0.0,0.0,18.18,0.0,60.16,0.0,0.0,0.0,0.0,16.0,0.0,0.0,0.0,0.0,0.0,-4.3660000000000005,-4.372,0.0,-4.961,255.2,67.86,2.667,3.473,-1.0,0.2349999999999999,0.5999999999999999,4901
2016-01-20 22:55:00,0.0,0.0,0.0,1067741.0,62.9,59.9,60.0,0.0,40819.0,507.0,93060.0,1025385.0,0.0,1.0,0.0,0.0,0.0,276.7,276.3,278.1,0.772,274.0,0.531,274.0,0.842,276.0,0.002,14.0,1.0,3.0,0.0,-1.973,0.0,20.88,19.61,0.0,-0.013,-0.0069999999999999,-0.0069999999999999,-0.308,-0.054,0.909,0.0,0.769,-4.835,-4.725,-4.804,-4.516,-4.804,-4.522,-145.8,-4.421,-4.613,-0.001,-0.002,-0.002,0.0,0.0,0.008,0.003,0.004,6526.0,9176.0,9131.0,9311.0,7925.0,7900.0,6400.0,0.0,0.0,0.0,0.0,0.0,0.0,0.0,0.0,18.48,0.0,60.17,0.0,0.0,0.0,0.0,16.0,0.0,0.0,0.0,0.0,0.0,-4.329,-4.376,0.0,-4.958,268.5,32.7,3.0,3.473,-1.0,0.3479999999999999,0.5999999999999999,4901
2016-01-20 22:56:00,0.0,0.0,0.0,1067741.0,62.9,59.9,60.0,0.0,40819.0,507.0,93060.0,1025385.0,0.0,1.0,0.0,0.0,0.0,276.3,275.7,277.5,0.772,273.2,0.531,273.2,0.842,275.2,0.002,13.99,1.0,3.0,0.0,-1.985,0.0,20.84,19.94,0.0,-0.013,-0.0069999999999999,-0.0069999999999999,-0.308,-0.054,0.2899999999999999,0.0,0.769,-4.8180000000000005,-4.708,-4.804,-4.498,-4.804,-4.522,-145.0,-4.421,-4.581,0.011,-0.001,-0.003,-0.001,0.0,0.008,0.004,0.004,6526.0,9176.0,9131.0,9311.0,7925.0,7900.0,6400.0,0.0,0.0,0.0,0.0,0.0,0.0,0.0,0.0,18.76,0.0,60.23,0.0,0.0,0.0,0.0,16.0,0.0,0.0,0.0,0.0,0.0,-4.256,-4.314,0.0,-4.942,255.0,15.49,2.0,3.474,-1.0,0.5929999999999999,0.8,4901
2016-01-20 22:57:00,0.0,0.0,0.0,1067741.0,62.9,59.9,60.0,0.0,40819.0,507.0,93060.0,1025385.0,0.0,1.0,0.0,0.0,0.0,276.2,275.8,277.5,0.772,273.0,0.531,273.0,0.842,275.0,0.002,13.99,2.0,3.0,0.0,-1.993,0.0,20.96,20.18,0.0,-0.013,-0.0069999999999999,-0.0069999999999999,-0.312,-0.0579999999999999,0.218,0.0,0.769,-4.803,-4.708,-4.804,-4.452,-4.804,-4.522,-145.7,-4.421,-4.535,-0.001,-0.002,-0.002,-0.001,0.0,0.008,0.003,0.003,6526.0,9176.0,9131.0,9311.0,7925.0,7900.0,6400.0,0.0,0.0,0.0,0.0,0.0,0.0,0.0,0.0,18.98,0.0,60.22,0.0,0.0,0.0,0.0,16.0,0.0,0.0,0.0,0.0,0.0,-4.29,-4.296,0.0,-4.925,245.9,18.33,2.0,3.473,-1.0,0.7219999999999999,1.2,4901
2016-01-20 22:58:00,0.0,0.0,0.0,1067741.0,62.9,59.9,60.0,0.0,40819.0,507.0,93060.0,1025385.0,0.0,1.0,0.0,0.0,0.0,276.5,275.8,277.6,0.772,273.0,0.531,273.1,0.842,275.0,0.002,13.99,1.0,3.0,0.0,-1.993,0.0,20.93,20.66,0.0,-0.013,-0.0069999999999999,-0.0069999999999999,-0.311,-0.057,0.8409999999999999,0.0,0.769,-4.803,-4.708,-4.804,-4.42,-4.804,-4.522,-145.8,-4.421,-4.517,0.005,-0.002,-0.002,-0.001,0.0,0.008,0.003,0.003,6526.0,9176.0,9131.0,9311.0,7925.0,7900.0,6400.0,0.0,0.0,0.0,0.0,0.0,0.0,0.0,0.0,19.43,0.0,60.22,0.0,0.0,0.0,0.0,16.0,0.0,0.0,0.0,0.0,0.0,-4.231,-4.279,0.0,-4.909,263.2,29.95,3.0,3.473,-1.0,0.665,1.3,4901
2016-01-20 22:59:00,0.0,0.0,0.0,1067741.0,62.9,59.9,60.0,0.0,40819.0,507.0,93060.0,1025385.0,0.0,1.0,0.0,0.0,0.0,276.6,275.7,277.4,0.772,273.0,0.531,273.0,0.842,275.0,0.002,14.0,1.0,3.0,0.0,-1.993,0.0,20.92,21.34,0.0,-0.013,-0.0069999999999999,-0.0069999999999999,-0.31,-0.0559999999999999,0.914,0.0,0.769,-4.725,-4.708,-4.804,-4.434,-4.804,-4.522,-119.5,-4.421,-4.517,0.004,-0.002,-0.003,0.0,-0.001,0.008,0.004,0.004,6526.0,9176.0,9131.0,9311.0,7925.0,7900.0,6400.0,0.0,0.0,0.0,0.0,0.0,0.0,0.0,0.0,20.06,0.0,60.23,0.0,0.0,0.0,0.0,16.0,0.0,0.0,0.0,0.0,0.0,-4.207,-4.266,0.0,-4.898,251.3,18.12,3.0,3.473,-1.0,0.7419999999999999,1.5,4901
2016-01-20 23:00:00,0.0,0.0,0.0,1067741.0,62.9,59.9,60.0,0.0,40819.0,507.0,93060.0,1025385.0,0.0,1.0,0.0,0.0,0.0,276.4,276.0,277.7,0.772,273.0,0.531,273.5,0.842,275.0,0.002,13.99,1.0,3.0,0.0,-1.993,0.0,20.91,21.63,0.0,-0.013,-0.0069999999999999,-0.0069999999999999,-0.31,-0.055,0.3829999999999999,0.0,0.769,-4.708,-4.6610000000000005,-4.804,-4.42,-4.7860000000000005,-4.522,-145.4,-4.421,-4.517,0.013,-0.002,-0.001,-0.001,0.0,0.0069999999999999,0.003,0.004,6526.0,9176.0,9131.0,9311.0,7925.0,7900.0,6400.0,0.0,0.0,0.0,0.0,0.0,0.0,0.0,0.0,20.33,0.0,60.22,0.0,0.0,0.0,0.0,16.0,0.0,0.0,0.0,0.0,0.0,-4.14,-4.273,0.0,-4.893,251.1,24.81,2.167,3.473,-1.0,0.7129999999999999,1.5,4901
2016-01-20 23:01:00,0.0,0.0,0.0,1067741.0,62.9,59.9,60.0,0.0,40819.0,507.0,93060.0,1025385.0,0.0,1.0,0.0,0.0,0.0,276.6,276.0,277.7,0.772,273.5,0.531,273.9,0.842,275.5,0.002,13.99,2.0,3.0,0.0,-1.993,0.0,20.83,21.66,0.0,-0.011,-0.005,-0.0069999999999999,-0.309,-0.055,0.214,0.0,0.7509999999999998,-4.725,-4.612,-4.804,-4.42,-4.768,-4.473,-145.0,-4.357,-4.517,0.003,-0.003,-0.002,-0.001,0.0,0.0069999999999999,0.004,0.003,6526.0,9176.0,9131.0,9311.0,7925.0,7900.0,6400.0,0.0,0.0,0.0,0.0,0.0,0.0,0.0,0.0,20.52,0.0,60.22,0.0,0.0,0.0,0.0,16.0,0.0,0.0,0.0,0.0,0.0,-4.185,-4.254,0.0,-4.87,268.0,17.22,2.0,3.473,-1.0,0.938,1.5,4901
2016-01-20 23:02:00,0.0,0.0,0.0,1067741.0,62.9,59.9,60.0,0.0,40819.0,507.0,93060.0,1025385.0,0.0,1.0,0.0,0.0,0.0,276.6,276.1,277.7,0.772,273.9,0.531,274.0,0.842,275.1,0.002,13.99,1.0,3.0,0.0,-1.993,0.0,20.95,21.65,0.0,-0.01,-0.004,-0.0069999999999999,-0.308,-0.054,0.758,0.0,0.69,-4.708,-4.612,-4.789,-4.42,-4.74,-4.426,-145.4,-4.325,-4.485,0.006,-0.001,-0.002,-0.001,0.0,0.008,0.004,0.003,6526.0,9176.0,9131.0,9311.0,7925.0,7900.0,6400.0,0.0,0.0,0.0,0.0,0.0,0.0,0.0,0.0,20.45,0.0,60.22,0.0,0.0,0.0,0.0,16.0,0.0,0.0,0.0,0.0,0.0,-4.143,-4.243,0.0,-4.862,260.7,13.53,2.833,3.473,-1.0,1.225,1.6,4901
2016-01-20 23:03:00,0.0,0.0,0.0,1067741.0,62.9,59.9,60.0,0.0,40819.0,507.0,93060.0,1025385.0,0.0,1.0,0.0,0.0,0.0,276.9,276.0,277.7,0.772,274.0,0.531,274.0,0.842,275.7,0.002,14.0,1.0,3.0,0.0,-1.993,0.0,20.74,21.39,0.0,-0.008,-0.003,-0.0069999999999999,-0.309,-0.055,0.915,0.0,0.672,-4.612,-4.612,-4.7860000000000005,-4.42,-4.708,-4.426,-145.1,-4.325,-4.421,0.009,-0.002,-0.002,-0.002,0.0,0.008,0.003,0.005,6526.0,9176.0,9131.0,9311.0,7925.0,7900.0,6400.0,0.0,0.0,0.0,0.0,0.0,0.0,0.0,0.0,20.05,0.0,60.17,0.0,0.0,0.0,0.0,16.0,0.0,0.0,0.0,0.0,0.0,-4.08,-4.238,0.0,-4.849,262.1,11.94,3.0,3.473,-1.0,1.25,1.7,4901
2016-01-20 23:04:00,0.0,0.0,0.0,1067741.0,62.9,59.9,60.0,0.0,40819.0,507.0,93060.0,1025385.0,0.0,1.0,0.0,0.0,0.0,276.7,276.1,277.8,0.772,274.0,0.531,274.0,0.842,276.0,0.002,13.99,1.0,3.0,0.0,-1.993,0.0,21.03,21.07,0.0,-0.0069999999999999,-0.003,-0.0069999999999999,-0.312,-0.0579999999999999,0.7509999999999998,0.0,0.672,-4.626,-4.612,-4.722,-4.388,-4.69,-4.426,-145.3,-4.325,-4.421,0.004,-0.002,-0.002,-0.001,0.0,0.008,0.003,0.004,6526.0,9176.0,9131.0,9311.0,7925.0,7900.0,6400.0,0.0,0.0,0.0,0.0,0.0,0.0,0.0,0.0,19.86,0.0,60.15,0.0,0.0,0.0,0.0,16.0,0.0,0.0,0.0,0.0,0.0,-4.079,-4.213,0.0,-4.829,269.8,26.54,3.0,3.473,-1.0,1.077,1.8,4901
2016-01-20 23:05:00,0.0,0.0,0.0,1067741.0,62.9,59.9,60.0,0.0,40819.0,507.0,93060.0,1025385.0,0.0,1.0,0.0,0.0,0.0,276.5,276.0,277.7,0.772,274.0,0.531,273.1,0.842,275.0,0.002,13.99,1.0,3.0,0.0,-1.993,0.0,20.87,21.16,0.0,-0.0069999999999999,-0.003,-0.0069999999999999,-0.3009999999999999,-0.047,0.31,0.0,0.672,-4.626,-4.612,-4.708,-4.402,-4.612,-4.426,-145.2,-4.342,-4.421,0.009,-0.001,-0.003,-0.001,-0.001,0.008,0.004,0.002,6526.0,9176.0,9131.0,9311.0,7925.0,7900.0,6400.0,0.0,0.0,0.0,0.0,0.0,0.0,0.0,0.0,19.95,0.0,60.14,0.0,0.0,0.0,0.0,16.0,0.0,0.0,0.0,0.0,0.0,-4.07,-4.209,0.0,-4.812,252.7,17.93,2.0,3.473,-1.0,0.938,1.7,4901
2016-01-20 23:06:00,0.0,0.0,0.0,1067741.0,62.9,59.9,60.0,0.0,40819.0,507.0,93060.0,1025385.0,0.0,1.0,0.0,0.0,0.0,276.1,275.4,277.1,0.772,273.1,0.531,273.0,0.842,275.0,0.002,13.99,1.0,3.0,0.0,-1.993,0.0,21.01,21.01,0.0,-0.0069999999999999,-0.003,-0.0069999999999999,-0.3009999999999999,-0.047,0.648,0.0,0.672,-4.612,-4.612,-4.708,-4.324,-4.612,-4.426,-123.9,-4.325,-4.375,0.006,-0.002,-0.003,0.0,0.0,0.008,0.003,0.004,6526.0,9176.0,9131.0,9311.0,7925.0,7900.0,6400.0,0.0,0.0,0.0,0.0,0.0,0.0,0.0,0.0,19.81,0.0,60.14,0.0,0.0,0.0,0.0,16.0,0.0,0.0,0.0,0.0,0.0,-4.062,-4.142,0.0,-4.793,232.4,18.74,2.667,3.472,-1.0,0.658,1.0,4901
2016-01-20 23:07:00,0.0,0.0,0.0,1067741.0,62.9,59.9,60.0,0.0,40819.0,507.0,93060.0,1025385.0,0.0,1.0,0.0,0.0,0.0,276.3,275.6,277.2,0.772,273.0,0.531,273.0,0.842,275.0,0.002,14.0,1.0,3.0,0.0,-1.993,0.0,21.12,20.78,0.0,-0.0069999999999999,-0.003,-0.0069999999999999,-0.3019999999999999,-0.048,0.918,0.0,0.672,-4.629,-4.548,-4.708,-4.324,-4.597,-4.426,-119.6,-4.325,-4.325,0.004,-0.001,-0.002,-0.001,0.0,0.008,0.004,0.004,6526.0,9176.0,9131.0,9311.0,7925.0,7900.0,6400.0,0.0,0.0,0.0,0.0,0.0,0.0,0.0,0.0,19.58,0.0,60.13,0.0,0.0,0.0,0.0,16.0,0.0,0.0,0.0,0.0,0.0,-4.023,-4.087,0.0,-4.763,245.3,18.62,3.0,3.472,-1.0,0.502,0.8,4901
2016-01-20 23:08:00,0.0,0.0,0.0,1067741.0,62.9,59.9,60.0,0.0,40819.0,507.0,93060.0,1025385.0,0.0,1.0,0.0,0.0,0.0,276.2,275.8,277.4,0.772,273.0,0.531,273.0,0.842,275.0,0.002,13.99,1.0,3.0,0.0,-1.993,0.0,20.92,20.56,0.0,-0.0069999999999999,-0.003,-0.0069999999999999,-0.3019999999999999,-0.048,0.913,0.0,0.672,-4.612,-4.516,-4.708,-4.324,-4.612,-4.409,-124.3,-4.325,-4.325,0.009,-0.002,-0.002,-0.001,0.0,0.008,0.003,0.004,6526.0,9176.0,9131.0,9311.0,7925.0,7900.0,6400.0,0.0,0.0,0.0,0.0,0.0,0.0,0.0,0.0,19.36,0.0,60.2,0.0,0.0,0.0,0.0,16.0,0.0,0.0,0.0,0.0,0.0,-4.03,-4.097,0.0,-4.738,251.0,15.18,3.0,3.472,-1.0,0.935,1.5,4901
2016-01-20 23:09:00,0.0,0.0,0.0,1067741.0,62.9,59.9,60.0,0.0,40819.0,507.0,93060.0,1025385.0,0.0,1.0,0.0,0.0,0.0,276.2,275.2,276.9,0.772,273.0,0.531,273.0,0.842,275.0,0.002,13.99,2.0,3.0,0.0,-1.993,0.0,21.1,20.21,0.0,-0.0069999999999999,-0.004,-0.0069999999999999,-0.308,-0.054,0.252,0.0,0.6409999999999999,-4.53,-4.516,-4.708,-4.324,-4.612,-4.391,-146.1,-4.325,-4.325,0.001,-0.002,-0.002,-0.001,0.0,0.0069999999999999,0.004,0.004,6526.0,9176.0,9131.0,9311.0,7925.0,7900.0,6400.0,0.0,0.0,0.0,0.0,0.0,0.0,0.0,0.0,18.99,0.0,60.16,0.0,0.0,0.0,0.0,16.0,0.0,0.0,0.0,0.0,0.0,-4.04,-4.113,0.0,-4.722,247.8,20.19,2.0,3.473,-1.0,0.803,1.3,4901
2016-01-20 23:10:00,0.0,0.0,0.0,1067741.0,62.9,59.9,60.0,0.0,40819.0,507.0,93060.0,1025385.0,0.0,1.0,0.0,0.0,0.0,276.1,275.3,277.0,0.772,273.0,0.531,273.0,0.842,275.0,0.002,13.99,1.0,3.0,0.0,-1.993,0.0,20.77,19.89,0.0,-0.008,-0.004,-0.0069999999999999,-0.311,-0.057,0.535,0.0,0.6089999999999999,-4.516,-4.516,-4.708,-4.324,-4.612,-4.412,-145.2,-4.276,-4.325,0.005,-0.001,-0.003,-0.001,0.001,0.0069999999999999,0.003,0.004,6526.0,9176.0,9131.0,9311.0,7925.0,7900.0,6400.0,0.0,0.0,0.0,0.0,0.0,0.0,0.0,0.0,18.76,0.0,60.17,0.0,0.0,0.0,0.0,16.0,0.0,0.0,0.0,0.0,0.0,-4.073,-4.096,0.0,-4.705,265.1,34.24,2.5,3.473,-1.0,0.897,1.5,4901
2016-01-20 23:11:00,0.0,0.0,0.0,1067741.0,62.9,59.9,60.0,0.0,40819.0,507.0,93060.0,1025385.0,0.0,1.0,0.0,0.0,0.0,276.4,275.4,277.1,0.772,273.0,0.531,273.0,0.842,275.0,0.002,14.0,1.0,3.0,0.0,-1.993,0.0,20.9,19.84,0.0,-0.008,-0.005,-0.0069999999999999,-0.312,-0.0579999999999999,0.915,0.0,0.6089999999999999,-4.533,-4.516,-4.644,-4.324,-4.612,-4.33,-144.9,-4.276,-4.325,-0.005,-0.002,-0.002,-0.001,0.0,0.008,0.003,0.003,6526.0,9176.0,9131.0,9311.0,7925.0,7900.0,6400.0,0.0,0.0,0.0,0.0,0.0,0.0,0.0,0.0,18.64,0.0,60.2,0.0,0.0,0.0,0.0,16.0,0.0,0.0,0.0,0.0,0.0,-4.051,-4.124,0.0,-4.715,267.0,18.52,3.0,3.473,-1.0,0.968,1.5,4901
2016-01-20 23:12:00,0.0,0.0,0.0,1067741.0,62.9,59.9,60.0,0.0,40819.0,507.0,93060.0,1025385.0,0.0,1.0,0.0,0.0,0.0,276.1,275.6,277.3,0.772,273.0,0.531,273.0,0.842,275.0,0.002,13.99,1.0,3.0,0.0,-1.993,0.0,20.7,19.66,0.0,-0.008,-0.006,-0.0069999999999999,-0.311,-0.057,0.7509999999999998,0.0,0.5909999999999999,-4.516,-4.516,-4.644,-4.324,-4.612,-4.33,-145.5,-4.308,-4.325,0.0,-0.002,-0.002,-0.001,0.0,0.008,0.002,0.004,6526.0,9176.0,9131.0,9311.0,7925.0,7900.0,6400.0,0.0,0.0,0.0,0.0,0.0,0.0,0.0,0.0,18.44,0.0,60.13,0.0,0.0,0.0,0.0,16.0,0.0,0.0,0.0,0.0,0.0,-4.088,-4.146,0.0,-4.709,266.1,10.28,3.0,3.473,-1.0,1.132,1.8,4901
2016-01-20 23:13:00,0.0,0.0,0.0,1067741.0,62.9,59.9,60.0,0.0,40819.0,507.0,93060.0,1025385.0,0.0,1.0,0.0,0.0,0.0,276.1,275.4,277.1,0.772,273.0,0.531,273.0,0.842,275.0,0.002,13.99,2.0,3.0,0.0,-1.993,0.0,21.06,18.96,0.0,-0.008,-0.0069999999999999,-0.0069999999999999,-0.3049999999999999,-0.05,0.3549999999999999,0.0,0.577,-4.564,-4.516,-4.629,-4.306,-4.612,-4.33,-124.4,-4.293,-4.325,-0.001,-0.002,-0.002,-0.001,0.0,0.0069999999999999,0.004,0.003,6526.0,9176.0,9131.0,9311.0,7925.0,7900.0,6400.0,0.0,0.0,0.0,0.0,0.0,0.0,0.0,0.0,17.72,0.0,60.15,0.0,0.0,0.0,0.0,16.0,0.0,0.0,0.0,0.0,0.0,-4.13,-4.162,0.0,-4.709,270.7,24.17,2.0,3.473,-1.0,0.757,1.4,4901
2016-01-20 23:14:00,0.0,0.0,0.0,1067741.0,62.9,59.9,60.0,0.0,40819.0,507.0,93060.0,1025385.0,0.0,1.0,0.0,0.0,0.0,276.2,275.4,277.1,0.772,273.0,0.531,273.0,0.842,275.0,0.002,13.99,2.0,3.0,0.0,-1.993,0.0,20.67,18.04,0.0,-0.01,-0.0069999999999999,-0.0069999999999999,-0.3009999999999999,-0.047,0.45,0.0,0.577,-4.533,-4.516,-4.612,-4.324,-4.612,-4.33,-124.5,-4.31,-4.325,0.005,-0.002,-0.003,-0.001,0.001,0.008,0.004,0.003,6526.0,9176.0,9131.0,9311.0,7925.0,7900.0,6400.0,0.0,0.0,0.0,0.0,0.0,0.0,0.0,0.0,16.8,0.0,60.14,0.0,0.0,0.0,0.0,16.0,0.0,0.0,0.0,0.0,0.0,-4.119,-4.187,0.0,-4.708,270.1,25.57,2.667,3.472,-1.0,0.645,1.3,4901
2016-01-20 23:15:00,0.0,0.0,0.0,1067741.0,62.9,59.9,60.0,0.0,40819.0,507.0,93060.0,1025385.0,0.0,1.0,0.0,0.0,0.0,276.2,275.5,277.2,0.772,273.0,0.531,273.0,0.842,275.0,0.002,14.0,1.0,3.0,0.0,-1.993,0.0,20.94,17.51,0.0,-0.01,-0.0069999999999999,-0.0069999999999999,-0.2939999999999999,-0.044,0.926,0.0,0.577,-4.547,-4.516,-4.647,-4.259,-4.612,-4.33,-77.15999999999998,-4.325,-4.325,0.009,-0.001,-0.002,-0.001,-0.001,0.008,0.003,0.003,6526.0,9176.0,9131.0,9311.0,7925.0,7900.0,6400.0,0.0,0.0,0.0,0.0,0.0,0.0,0.0,0.0,16.3,0.0,60.14,0.0,0.0,0.0,0.0,16.0,0.0,0.0,0.0,0.0,0.0,-4.119,-4.204,0.0,-4.716,272.7,11.83,3.0,3.473,-1.0,0.645,1.1,4901
2016-01-20 23:16:00,0.0,0.0,0.0,1067741.0,62.9,59.9,60.0,0.0,40819.0,507.0,93060.0,1025385.0,0.0,1.0,0.0,0.0,0.0,276.4,275.6,277.3,0.772,273.0,0.531,273.0,0.842,275.0,0.002,13.99,1.0,3.0,0.0,-1.993,0.0,20.93,17.04,0.0,-0.012,-0.0069999999999999,-0.0069999999999999,-0.296,-0.0409999999999999,0.745,0.0,0.577,-4.516,-4.516,-4.612,-4.288,-4.594,-4.33,-145.4,-4.293,-4.325,0.009,-0.002,-0.003,-0.001,0.0,0.0069999999999999,0.003,0.004,6526.0,9176.0,9131.0,9311.0,7925.0,7900.0,6400.0,0.0,0.0,0.0,0.0,0.0,0.0,0.0,0.0,15.79,0.0,60.14,0.0,0.0,0.0,0.0,16.0,0.0,0.0,0.0,0.0,0.0,-4.136,-4.215,0.0,-4.728,274.0,17.32,3.0,3.473,-1.0,0.64,1.0,4901
2016-01-20 23:17:00,0.0,0.0,0.0,1067741.0,62.9,59.9,60.0,0.0,40819.0,507.0,93060.0,1025385.0,0.0,1.0,0.0,0.0,0.0,276.4,275.8,277.5,0.772,273.0,0.531,273.0,0.842,275.0,0.002,13.99,1.0,3.0,0.0,-1.993,0.0,20.58,17.96,0.0,-0.013,-0.0069999999999999,-0.0069999999999999,-0.2979999999999999,-0.0429999999999999,0.5979999999999999,0.0,0.577,-4.53,-4.516,-4.658,-4.324,-4.612,-4.33,-124.5,-4.325,-4.325,0.008,-0.002,-0.003,-0.001,0.0,0.008,0.003,0.005,6526.0,9176.0,9131.0,9311.0,7925.0,7900.0,6400.0,0.0,0.0,0.0,0.0,0.0,0.0,0.0,0.0,16.7,0.0,60.13,0.0,0.0,0.0,0.0,16.0,0.0,0.0,0.0,0.0,0.0,-4.158,-4.223,0.0,-4.747,252.7,34.98,3.0,3.473,-1.0,0.7049999999999998,1.8,4901
2016-01-20 23:18:00,0.0,0.0,0.0,1067741.0,62.9,59.9,60.0,0.0,40819.0,507.0,93060.0,1025385.0,0.0,1.0,0.0,0.0,0.0,276.3,275.8,277.5,0.772,273.0,0.531,273.0,0.842,275.0,0.002,14.0,1.0,3.0,0.0,-1.993,0.0,20.9,17.78,0.0,-0.013,-0.0069999999999999,-0.0069999999999999,-0.3019999999999999,-0.048,0.91,0.0,0.577,-4.597,-4.612,-4.708,-4.324,-4.612,-4.394,-119.0,-4.325,-4.325,0.008,-0.002,-0.003,-0.001,0.0,0.008,0.004,0.003,6526.0,9176.0,9131.0,9311.0,7925.0,7900.0,6400.0,0.0,0.0,0.0,0.0,0.0,0.0,0.0,0.0,16.52,0.0,60.21,0.0,0.0,0.0,0.0,16.0,0.0,0.0,0.0,0.0,0.0,-4.103,-4.242,0.0,-4.757,264.9,7.717,3.0,3.473,-1.0,1.235,1.6,4901
2016-01-20 23:19:00,0.0,0.0,0.0,1067741.0,62.9,59.9,60.0,0.0,40819.0,507.0,93060.0,1025385.0,0.0,1.0,0.0,0.0,0.0,276.2,275.7,277.4,0.772,273.0,0.531,273.0,0.842,275.0,0.002,13.99,1.0,3.0,0.0,-1.993,0.0,20.93,17.51,0.0,-0.013,-0.0069999999999999,-0.0069999999999999,-0.3039999999999999,-0.05,0.283,0.0,0.577,-4.612,-4.612,-4.708,-4.324,-4.612,-4.409,-123.7,-4.325,-4.357,0.001,-0.002,-0.002,-0.001,0.0,0.008,0.003,0.003,6526.0,9176.0,9131.0,9311.0,7925.0,7900.0,6400.0,0.0,0.0,0.0,0.0,0.0,0.0,0.0,0.0,16.26,0.0,60.22,0.0,0.0,0.0,0.0,16.0,0.0,0.0,0.0,0.0,0.0,-4.106,-4.222,0.0,-4.761,269.9,10.2,2.0,3.474,-1.0,1.23,1.8,4901
2016-01-20 23:20:00,0.0,0.0,0.0,1067741.0,62.9,59.9,60.0,0.0,40819.0,507.0,93060.0,1025385.0,0.0,1.0,0.0,0.0,0.0,276.2,275.6,277.2,0.772,273.0,0.531,273.0,0.842,275.0,0.002,13.99,2.0,3.0,0.0,-1.993,0.0,20.77,17.06,0.0,-0.013,-0.0069999999999999,-0.0069999999999999,-0.296,-0.05,0.4079999999999999,0.0,0.5589999999999999,-4.612,-4.612,-4.708,-4.324,-4.612,-4.412,-119.5,-4.325,-4.34,0.001,-0.001,-0.002,-0.001,0.0,0.008,0.003,0.003,6526.0,9176.0,9131.0,9311.0,7925.0,7900.0,6400.0,0.0,0.0,0.0,0.0,0.0,0.0,0.0,0.0,15.75,0.0,60.19,0.0,0.0,0.0,0.0,16.0,0.0,0.0,0.0,0.0,0.0,-4.102,-4.223,0.0,-4.772,275.1,8.189999999999998,2.5,3.473,-1.0,1.457,1.8,4901
2016-01-20 23:21:00,0.0,0.0,0.0,1067741.0,62.9,59.9,60.0,0.0,40819.0,507.0,93060.0,1025385.0,0.0,1.0,0.0,0.0,0.0,276.1,275.6,277.2,0.772,273.0,0.531,273.0,0.842,275.0,0.002,13.99,2.0,3.0,0.0,-1.993,0.0,21.1,17.09,0.0,-0.013,-0.0069999999999999,-0.0069999999999999,-0.31,-0.055,0.5909999999999999,0.0,0.577,-4.612,-4.612,-4.708,-4.324,-4.612,-4.397,-145.6,-4.325,-4.343,-0.003,-0.002,-0.003,-0.001,0.0,0.0069999999999999,0.003,0.003,6526.0,9176.0,9131.0,9311.0,7925.0,7900.0,6400.0,0.0,0.0,0.0,0.0,0.0,0.0,0.0,0.0,15.8,0.0,60.15,0.0,0.0,0.0,0.0,16.0,0.0,0.0,0.0,0.0,0.0,-4.129,-4.259,0.0,-4.788,291.8,6.797000000000001,3.0,3.473,-1.0,1.225,1.6,4901
2016-01-20 23:22:00,0.0,0.0,0.0,1067741.0,62.9,59.9,60.0,0.0,40819.0,507.0,93060.0,1025385.0,0.0,1.0,0.0,0.0,0.0,276.5,275.5,277.1,0.772,273.0,0.531,273.0,0.842,275.0,0.002,13.99,1.0,3.0,0.0,-1.994,0.0,20.65,17.47,0.0,-0.013,-0.0069999999999999,-0.0069999999999999,-0.312,-0.0579999999999999,0.849,0.0,0.577,-4.629,-4.612,-4.708,-4.324,-4.612,-4.426,-145.3,-4.325,-4.375,0.004,-0.001,-0.002,-0.001,-0.001,0.008,0.003,0.004,6526.0,9176.0,9131.0,9311.0,7925.0,7900.0,6400.0,0.0,0.0,0.0,0.0,0.0,0.0,0.0,0.0,16.19,0.0,60.14,0.0,0.0,0.0,0.0,16.0,0.0,0.0,0.0,0.0,0.0,-4.135,-4.287,0.0,-4.799,269.9,8.859999999999998,3.0,3.473,-1.0,1.175,1.4,4901
2016-01-20 23:23:00,0.0,0.0,0.0,1067741.0,62.9,59.9,60.0,0.0,40819.0,507.0,93060.0,1025385.0,0.0,1.0,0.0,0.0,0.0,276.4,275.7,277.3,0.772,273.0,0.531,273.0,0.842,275.0,0.002,13.99,1.0,3.0,0.0,-1.996,0.0,20.9,17.77,0.0,-0.013,-0.0069999999999999,-0.0069999999999999,-0.313,-0.059,0.752,0.0,0.509,-4.657,-4.612,-4.708,-4.388,-4.612,-4.426,-124.3,-4.325,-4.388999999999999,0.006,-0.002,-0.003,0.0,0.0,0.0069999999999999,0.003,0.004,6526.0,9176.0,9131.0,9311.0,7925.0,7900.0,6400.0,0.0,0.0,0.0,0.0,0.0,0.0,0.0,0.0,16.51,0.0,60.2,0.0,0.0,0.0,0.0,16.0,0.0,0.0,0.0,0.0,0.0,-4.147,-4.284,0.0,-4.811,284.8,28.85,3.0,3.473,-1.0,0.628,1.1,4901
2016-01-20 23:24:00,0.0,0.0,0.0,1067741.0,62.9,59.9,60.0,0.0,40819.0,507.0,93060.0,1025385.0,0.0,1.0,0.0,0.0,0.0,276.4,275.6,277.4,0.772,273.0,0.531,273.0,0.842,275.0,0.002,14.0,1.0,3.0,0.0,-2.003,0.0,20.77,18.02,0.0,-0.013,-0.0069999999999999,-0.0069999999999999,-0.312,-0.0579999999999999,0.921,0.0,0.481,-4.612,-4.612,-4.725,-4.384,-4.612,-4.426,-145.3,-4.34,-4.407,0.006,-0.003,-0.003,0.0,0.0,0.008,0.004,0.003,6526.0,9176.0,9131.0,9311.0,7925.0,7900.0,6400.0,0.0,0.0,0.0,0.0,0.0,0.0,0.0,0.0,16.74,0.0,60.14,0.0,0.0,0.0,0.0,16.0,0.0,0.0,0.0,0.0,0.0,-4.197,-4.3,0.0,-4.817,273.5,13.2,3.0,3.472,-1.0,0.652,1.0,4901
2016-01-20 23:25:00,0.0,0.0,0.0,1067741.0,62.9,59.9,60.0,0.0,40819.0,507.0,93060.0,1025385.0,0.0,1.0,0.0,0.0,0.0,276.4,275.6,277.4,0.772,273.0,0.531,273.0,0.842,275.0,0.002,13.99,1.0,3.0,0.0,-2.012,0.0,20.96,18.42,0.0,-0.013,-0.0069999999999999,-0.0069999999999999,-0.321,-0.067,0.3929999999999999,0.0,0.481,-4.629,-4.64,-4.708,-4.405,-4.612,-4.426,-145.3,-4.375,-4.421,0.01,-0.002,-0.003,-0.001,0.0,0.008,0.003,0.004,6526.0,9176.0,9131.0,9311.0,7925.0,7900.0,6400.0,0.0,0.0,0.0,0.0,0.0,0.0,0.0,0.0,17.08,0.0,60.21,0.0,0.0,0.0,0.0,16.0,0.0,0.0,0.0,0.0,0.0,-4.22,-4.2780000000000005,0.0,-4.8180000000000005,286.8,10.99,2.167,3.472,-1.0,0.697,1.1,4901
2016-01-20 23:26:00,0.0,0.0,0.0,1067741.0,62.9,59.9,60.0,0.0,40819.0,507.0,93060.0,1025385.0,0.0,1.0,0.0,0.0,0.0,276.3,275.7,277.5,0.772,273.0,0.531,273.0,0.842,275.0,0.002,13.99,1.0,3.0,0.0,-2.013,0.0,20.91,18.9,0.0,-0.013,-0.0069999999999999,-0.0069999999999999,-0.319,-0.064,0.565,0.0,0.481,-4.646,-4.612,-4.743,-4.391,-4.612,-4.426,-145.4,-4.325,-4.421,0.013,-0.002,-0.003,-0.001,0.0,0.0069999999999999,0.003,0.003,6526.0,9176.0,9131.0,9311.0,7925.0,7900.0,6400.0,0.0,0.0,0.0,0.0,0.0,0.0,0.0,0.0,17.62,0.0,60.23,0.0,0.0,0.0,0.0,16.0,0.0,0.0,0.0,0.0,0.0,-4.255,-4.289,0.0,-4.823,288.5,17.53,2.667,3.473,-1.0,1.025,1.4,4901
2016-01-20 23:27:00,0.0,0.0,0.0,1067741.0,62.9,59.9,60.0,0.0,40819.0,507.0,93060.0,1025385.0,0.0,1.0,0.0,0.0,0.0,276.5,275.5,277.5,0.772,273.0,0.531,273.0,0.842,275.0,0.002,14.0,1.0,3.0,0.0,-2.013,0.0,20.99,19.41,0.0,-0.013,-0.0069999999999999,-0.0069999999999999,-0.318,-0.064,0.914,0.0,0.481,-4.612,-4.612,-4.789,-4.384,-4.612,-4.426,-119.6,-4.325,-4.421,0.009,-0.002,-0.002,-0.001,0.0,0.0069999999999999,0.003,0.003,6526.0,9176.0,9131.0,9311.0,7925.0,7900.0,6400.0,0.0,0.0,0.0,0.0,0.0,0.0,0.0,0.0,18.25,0.0,60.16,0.0,0.0,0.0,0.0,16.0,0.0,0.0,0.0,0.0,0.0,-4.2410000000000005,-4.3180000000000005,0.0,-4.832,289.6,11.36,3.0,3.473,-1.0,1.067,1.7,4901
2016-01-20 23:28:00,0.0,0.0,0.0,1067741.0,62.9,59.9,60.0,0.0,40819.0,507.0,93060.0,1025385.0,0.0,1.0,0.0,0.0,0.0,276.5,275.5,277.4,0.772,273.0,0.531,273.0,0.842,275.0,0.002,13.99,1.0,3.0,0.0,-2.013,0.0,20.85,19.78,0.0,-0.013,-0.0069999999999999,-0.0069999999999999,-0.32,-0.066,0.476,0.0,0.481,-4.643,-4.626,-4.804,-4.42,-4.597,-4.426,-145.1,-4.325,-4.421,0.017,-0.001,-0.003,-0.001,-0.001,0.0069999999999999,0.003,0.003,6526.0,9176.0,9131.0,9311.0,7925.0,7900.0,6400.0,0.0,0.0,0.0,0.0,0.0,0.0,0.0,0.0,18.55,0.0,60.15,0.0,0.0,0.0,0.0,16.0,0.0,0.0,0.0,0.0,0.0,-4.213,-4.321000000000001,0.0,-4.82,278.7,6.735,2.5,3.473,-1.0,1.423,2.4,4901
2016-01-20 23:29:00,0.0,0.0,0.0,1067741.0,62.9,59.9,60.0,0.0,40819.0,507.0,93060.0,1025385.0,0.0,1.0,0.0,0.0,0.0,276.7,275.4,277.4,0.772,273.0,0.531,273.0,0.842,275.0,0.002,13.99,2.0,3.0,0.0,-2.013,0.0,20.86,19.9,0.0,-0.012,-0.0069999999999999,-0.0069999999999999,-0.317,-0.063,0.4149999999999999,0.0,0.384,-4.612,-4.626,-4.804,-4.388,-4.612,-4.426,-145.5,-4.325,-4.404,0.0,-0.001,-0.003,-0.001,0.001,0.008,0.003,0.004,6526.0,9176.0,9131.0,9311.0,7925.0,7900.0,6400.0,0.0,0.0,0.0,0.0,0.0,0.0,0.0,0.0,18.65,0.0,60.15,0.0,0.0,0.0,0.0,16.0,0.0,0.0,0.0,0.0,0.0,-4.174,-4.313,0.0,-4.803,270.9,5.641,2.5,3.473,-1.0,1.942,2.4,4901
2016-01-20 23:30:00,0.0,0.0,0.0,1067741.0,62.9,59.9,60.0,0.0,40819.0,507.0,93060.0,1025385.0,0.0,1.0,0.0,0.0,0.0,276.3,275.8,277.7,0.772,273.0,0.531,273.0,0.842,275.3,0.002,13.99,2.0,3.0,0.0,-2.013,0.0,20.92,20.12,0.0,-0.01,-0.0069999999999999,-0.0069999999999999,-0.319,-0.065,0.5909999999999999,0.0,0.384,-4.612,-4.612,-4.804,-4.391,-4.612,-4.426,-145.1,-4.36,-4.375,0.004,-0.002,-0.003,-0.001,0.0,0.0069999999999999,0.003,0.003,6526.0,9176.0,9131.0,9311.0,7925.0,7900.0,6400.0,0.0,0.0,0.0,0.0,0.0,0.0,0.0,0.0,18.85,0.0,60.13,0.0,0.0,0.0,0.0,16.0,0.0,0.0,0.0,0.0,0.0,-4.173,-4.298,0.0,-4.794,277.5,5.113,3.0,3.473,-1.0,1.658,2.0,4901
2016-01-20 23:31:00,0.0,0.0,0.0,1067741.0,62.9,59.9,60.0,0.0,40819.0,507.0,93060.0,1025385.0,0.0,1.0,0.0,0.0,0.0,276.3,276.0,277.8,0.772,273.0,0.531,273.1,0.842,275.4,0.002,13.99,1.0,3.0,0.0,-2.013,0.0,21.04,20.34,0.0,-0.01,-0.0069999999999999,-0.0069999999999999,-0.319,-0.065,0.6779999999999999,0.0,0.384,-4.612,-4.612,-4.789,-4.341,-4.612,-4.426,-145.5,-4.357,-4.325,0.003,-0.001,-0.003,-0.001,0.0,0.008,0.003,0.003,6526.0,9176.0,9131.0,9311.0,7925.0,7900.0,6400.0,0.0,0.0,0.0,0.0,0.0,0.0,0.0,0.0,19.06,0.0,60.15,0.0,0.0,0.0,0.0,16.0,0.0,0.0,0.0,0.0,0.0,-4.16,-4.298,0.0,-4.787,279.1,5.468,3.0,3.473,-1.0,1.607,2.1,4901
2016-01-20 23:32:00,0.0,0.0,0.0,1067741.0,62.9,59.9,60.0,0.0,40819.0,507.0,93060.0,1025385.0,0.0,1.0,0.0,0.0,0.0,276.8,275.9,277.8,0.772,273.3,0.531,273.8,0.842,276.0,0.002,14.0,1.0,3.0,0.0,-2.013,0.0,20.79,20.54,0.0,-0.01,-0.0069999999999999,-0.0069999999999999,-0.317,-0.063,0.917,0.0,0.384,-4.612,-4.612,-4.722,-4.405,-4.612,-4.426,-145.4,-4.325,-4.325,0.009,-0.002,-0.002,-0.001,0.0,0.0069999999999999,0.003,0.004,6526.0,9176.0,9131.0,9311.0,7925.0,7900.0,6400.0,0.0,0.0,0.0,0.0,0.0,0.0,0.0,0.0,19.34,0.0,60.14,0.0,0.0,0.0,0.0,16.0,0.0,0.0,0.0,0.0,0.0,-4.175,-4.298,0.0,-4.772,274.2,6.522,3.0,3.473,-1.0,1.513,1.8,4901
2016-01-20 23:33:00,0.0,0.0,0.0,1067741.0,62.9,59.9,60.0,0.0,40819.0,507.0,93060.0,1025385.0,0.0,1.0,0.0,0.0,0.0,276.8,276.0,277.8,0.772,273.9,0.531,273.6,0.842,276.0,0.002,13.99,1.0,3.0,0.0,-2.013,0.0,21.02,21.23,0.0,-0.008,-0.0069999999999999,-0.0069999999999999,-0.314,-0.0599999999999999,0.5899999999999999,0.0,0.384,-4.565,-4.612,-4.708,-4.356,-4.612,-4.426,-144.7,-4.325,-4.343,-0.004,-0.002,-0.003,-0.001,0.0,0.0069999999999999,0.004,0.003,6526.0,9176.0,9131.0,9311.0,7925.0,7900.0,6400.0,0.0,0.0,0.0,0.0,0.0,0.0,0.0,0.0,19.92,0.0,60.15,0.0,0.0,0.0,0.0,16.0,0.0,0.0,0.0,0.0,0.0,-4.177,-4.2860000000000005,0.0,-4.755,265.4,5.959,3.0,3.473,-1.0,1.443,1.8,4901
2016-01-20 23:34:00,0.0,0.0,0.0,1067741.0,62.9,59.9,60.0,0.0,40819.0,507.0,93060.0,1025385.0,0.0,1.0,0.0,0.0,0.0,276.7,275.9,277.7,0.772,273.6,0.531,273.7,0.842,275.6,0.002,13.99,1.0,3.0,0.0,-2.013,0.0,20.63,21.5,0.0,-0.0069999999999999,-0.0069999999999999,-0.0069999999999999,-0.313,-0.059,0.754,0.0,0.384,-4.516,-4.612,-4.69,-4.324,-4.612,-4.412,-145.5,-4.325,-4.325,0.011,-0.002,-0.003,-0.001,0.0,0.0069999999999999,0.003,0.004,6526.0,9176.0,9131.0,9311.0,7925.0,7900.0,6400.0,0.0,0.0,0.0,0.0,0.0,0.0,0.0,0.0,20.1,0.0,60.14,0.0,0.0,0.0,0.0,16.0,0.0,0.0,0.0,0.0,0.0,-4.178,-4.263999999999999,0.0,-4.7330000000000005,277.4,6.422999999999999,3.0,3.473,-1.0,1.178,1.4,4901
2016-01-20 23:35:00,0.0,0.0,0.0,1067741.0,62.9,59.9,60.0,0.0,40819.0,507.0,93060.0,1025385.0,0.0,1.0,0.0,0.0,0.0,276.8,276.1,277.8,0.772,273.9,0.531,273.9,0.842,275.9,0.002,14.0,1.0,3.0,0.0,-2.013,0.0,20.61,20.81,0.0,-0.0069999999999999,-0.0069999999999999,-0.0069999999999999,-0.314,-0.0599999999999999,0.924,0.0,0.384,-4.516,-4.612,-4.708,-4.324,-4.612,-4.409,-145.2,-4.325,-4.325,0.006,-0.001,-0.003,-0.001,-0.001,0.008,0.003,0.004,6526.0,9176.0,9131.0,9311.0,7925.0,7900.0,6400.0,0.0,0.0,0.0,0.0,0.0,0.0,0.0,0.0,19.56,0.0,60.13,0.0,0.0,0.0,0.0,16.0,0.0,0.0,0.0,0.0,0.0,-4.199,-4.273,0.0,-4.728,287.2,5.803,3.0,3.473,-1.0,1.173,1.3,4901
2016-01-20 23:36:00,0.0,0.0,0.0,1067741.0,62.9,59.9,60.0,0.0,40819.0,507.0,93060.0,1025385.0,0.0,1.0,0.0,0.0,0.0,276.9,276.1,277.8,0.772,274.0,0.531,273.7,0.842,275.7,0.002,13.99,1.0,3.0,0.0,-2.013,0.0,20.87,20.32,0.0,-0.0069999999999999,-0.0069999999999999,-0.0069999999999999,-0.316,-0.062,0.797,0.0,0.384,-4.516,-4.548,-4.708,-4.324,-4.594,-4.391,-145.2,-4.325,-4.325,0.004,-0.001,-0.003,-0.002,0.0,0.0069999999999999,0.004,0.003,6526.0,9176.0,9131.0,9311.0,7925.0,7900.0,6400.0,0.0,0.0,0.0,0.0,0.0,0.0,0.0,0.0,19.04,0.0,60.16,0.0,0.0,0.0,0.0,16.0,0.0,0.0,0.0,0.0,0.0,-4.222,-4.294,0.0,-4.722,307.0,8.58,2.667,3.473,-1.0,1.035,1.2,4901
2016-01-20 23:37:00,0.0,0.0,0.0,1067741.0,62.9,59.9,60.0,0.0,40819.0,507.0,93060.0,1025385.0,0.0,1.0,0.0,0.0,0.0,276.8,276.0,277.7,0.772,274.0,0.531,273.1,0.842,275.2,0.002,13.99,2.0,3.0,0.0,-2.013,0.0,21.03,19.41,0.0,-0.0069999999999999,-0.0069999999999999,-0.0069999999999999,-0.314,-0.0599999999999999,0.215,0.0,0.384,-4.516,-4.516,-4.708,-4.324,-4.612,-4.344,-144.7,-4.325,-4.325,-0.003,-0.002,-0.003,-0.001,0.0,0.0069999999999999,0.002,0.002,6526.0,9176.0,9131.0,9311.0,7925.0,7900.0,6400.0,0.0,0.0,0.0,0.0,0.0,0.0,0.0,0.0,18.2,0.0,60.15,0.0,0.0,0.0,0.0,16.0,0.0,0.0,0.0,0.0,0.0,-4.204,-4.316,0.0,-4.712,296.4,6.845,2.0,3.474,-1.0,1.032,1.3,4901
2016-01-20 23:38:00,0.0,0.0,0.0,1067741.0,62.9,59.9,60.0,0.0,40819.0,507.0,93060.0,1025385.0,0.0,1.0,0.0,0.0,0.0,276.7,276.1,277.8,0.772,274.0,0.531,273.3,0.842,275.2,0.002,13.99,1.0,3.0,0.0,-2.016,0.0,21.01,18.14,0.0,-0.0069999999999999,-0.0069999999999999,-0.0069999999999999,-0.309,-0.055,0.682,0.0,0.352,-4.533,-4.516,-4.708,-4.324,-4.612,-4.33,-145.6,-4.325,-4.325,-0.003,-0.002,-0.003,-0.001,0.0,0.0069999999999999,0.004,0.003,6526.0,9176.0,9131.0,9311.0,7925.0,7900.0,6400.0,0.0,0.0,0.0,0.0,0.0,0.0,0.0,0.0,16.88,0.0,60.13,0.0,0.0,0.0,0.0,16.0,0.0,0.0,0.0,0.0,0.0,-4.212,-4.329,0.0,-4.708,283.7,9.47,2.833,3.473,-1.0,0.95,1.3,4901
2016-01-20 23:39:00,0.0,0.0,0.0,1067741.0,62.9,59.9,60.0,0.0,40819.0,507.0,93060.0,1025385.0,0.0,1.0,0.0,0.0,0.0,276.9,276.1,277.8,0.772,274.0,0.531,273.9,0.842,275.6,0.002,14.0,1.0,3.0,0.0,-2.022,0.0,21.13,17.36,0.0,-0.009,-0.0069999999999999,-0.0069999999999999,-0.307,-0.0529999999999999,0.915,0.0,0.288,-4.516,-4.516,-4.708,-4.324,-4.597,-4.33,-145.0,-4.325,-4.325,0.004,-0.001,-0.003,-0.001,0.0,0.008,0.003,0.003,6526.0,9176.0,9131.0,9311.0,7925.0,7900.0,6400.0,0.0,0.0,0.0,0.0,0.0,0.0,0.0,0.0,16.06,0.0,60.14,0.0,0.0,0.0,0.0,16.0,0.0,0.0,0.0,0.0,0.0,-4.206,-4.332,0.0,-4.709,295.0,14.16,3.0,3.473,-1.0,0.995,1.4,4901
2016-01-20 23:40:00,0.0,0.0,0.0,1067741.0,62.9,59.9,60.0,0.0,40819.0,507.0,93060.0,1025385.0,0.0,1.0,0.0,0.0,0.0,277.2,276.2,277.9,0.772,274.0,0.531,274.0,0.842,276.0,0.002,13.99,1.0,3.0,0.0,-2.029,0.0,21.11,16.89,0.0,-0.01,-0.0069999999999999,-0.0069999999999999,-0.307,-0.052,0.913,0.0,0.288,-4.533,-4.53,-4.708,-4.324,-4.612,-4.33,-118.9,-4.325,-4.325,0.001,-0.001,-0.003,-0.001,0.0,0.008,0.004,0.004,6526.0,9176.0,9131.0,9311.0,7925.0,7900.0,6400.0,0.0,0.0,0.0,0.0,0.0,0.0,0.0,0.0,15.64,0.0,60.13,0.0,0.0,0.0,0.0,16.0,0.0,0.0,0.0,0.0,0.0,-4.229,-4.342,0.0,-4.714,290.9,27.03,2.833,3.472,-1.0,1.017,1.6,4901
2016-01-20 23:41:00,0.0,0.0,0.0,1067741.0,62.9,59.9,60.0,0.0,40819.0,507.0,93060.0,1025385.0,0.0,1.0,0.0,0.0,0.0,276.7,276.0,277.8,0.772,274.0,0.531,274.0,0.842,275.9,0.002,13.99,2.0,3.0,0.0,-2.032,0.0,20.95,16.69,0.0,-0.01,-0.0069999999999999,-0.0069999999999999,-0.3009999999999999,-0.047,0.221,0.0,0.288,-4.516,-4.594,-4.708,-4.324,-4.612,-4.348,-119.3,-4.325,-4.325,-0.001,-0.001,-0.003,-0.002,-0.001,0.008,0.002,0.003,6526.0,9176.0,9131.0,9311.0,7925.0,7900.0,6400.0,0.0,0.0,0.0,0.0,0.0,0.0,0.0,0.0,15.25,0.0,60.14,0.0,0.0,0.0,0.0,16.0,0.0,0.0,0.0,0.0,0.0,-4.256,-4.361000000000001,0.0,-4.721,296.8,6.907,2.0,3.472,-1.0,1.633,2.1,4901
2016-01-20 23:42:00,0.0,0.0,0.0,1067741.0,62.9,59.9,60.0,0.0,40819.0,507.0,93060.0,1025385.0,0.0,1.0,0.0,0.0,0.0,277.0,275.9,277.7,0.772,274.0,0.531,274.0,0.842,276.0,0.002,13.99,1.0,3.0,0.0,-2.035,0.0,20.77,16.4,0.0,-0.01,-0.0069999999999999,-0.0069999999999999,-0.2979999999999999,-0.044,0.574,0.0,0.288,-4.516,-4.612,-4.708,-4.324,-4.612,-4.362,-145.1,-4.325,-4.343,0.004,-0.001,-0.002,-0.001,0.0,0.008,0.003,0.004,6526.0,9176.0,9131.0,9311.0,7925.0,7900.0,6400.0,0.0,0.0,0.0,0.0,0.0,0.0,0.0,0.0,15.04,0.0,60.18,0.0,0.0,0.0,0.0,16.0,0.0,0.0,0.0,0.0,0.0,-4.258,-4.378,0.0,-4.726,279.0,8.23,2.667,3.473,-1.0,0.95,1.3,4901
2016-01-20 23:43:00,0.0,0.0,0.0,1067741.0,62.9,59.9,60.0,0.0,40819.0,507.0,93060.0,1025385.0,0.0,1.0,0.0,0.0,0.0,275.5,274.5,276.4,0.772,272.0,0.531,272.0,0.842,274.0,0.002,13.99,1.0,3.0,0.0,-2.033,0.0,20.92,16.25,0.0,-0.013,-0.0069999999999999,-0.0069999999999999,-0.2969999999999999,-0.0429999999999999,0.762,0.0,0.271,-4.516,-4.612,-4.708,-4.324,-4.597,-4.426,-144.7,-4.325,-4.34,0.003,-0.002,-0.003,-0.001,0.001,0.0069999999999999,0.003,0.003,6526.0,9176.0,9131.0,9311.0,7925.0,7900.0,6400.0,0.0,0.0,0.0,0.0,0.0,0.0,0.0,0.0,14.81,0.0,60.21,0.0,0.0,0.0,0.0,16.0,0.0,0.0,0.0,0.0,0.0,-4.302,-4.382,0.0,-4.732,277.8,6.271,3.0,3.473,-1.0,1.502,2.1,4901
2016-01-20 23:44:00,0.0,0.0,0.0,1067741.0,62.9,59.9,60.0,0.0,40819.0,507.0,93060.0,1025385.0,0.0,1.0,0.0,0.0,0.0,275.4,274.4,276.3,0.772,272.0,0.531,272.0,0.842,274.0,0.002,13.99,1.0,3.0,0.0,-2.0340000000000003,0.0,20.82,16.17,0.0,-0.013,-0.0069999999999999,-0.0069999999999999,-0.2989999999999999,-0.044,0.813,0.0,0.221,-4.516,-4.612,-4.708,-4.324,-4.597,-4.409,-144.5,-4.325,-4.36,0.001,-0.002,-0.003,-0.001,0.0,0.008,0.003,0.003,6526.0,9176.0,9131.0,9311.0,7925.0,7900.0,6400.0,0.0,0.0,0.0,0.0,0.0,0.0,0.0,0.0,14.73,0.0,60.13,0.0,0.0,0.0,0.0,16.0,0.0,0.0,0.0,0.0,0.0,-4.298,-4.404,0.0,-4.742,276.1,5.309,3.0,3.473,-1.0,1.797,2.5,4901
2016-01-20 23:45:00,0.0,0.0,0.0,1067741.0,62.9,59.9,60.0,0.0,40819.0,507.0,93060.0,1025385.0,0.0,1.0,0.0,0.0,0.0,275.2,274.5,276.4,0.772,272.0,0.531,272.0,0.842,274.0,0.002,13.99,2.0,3.0,0.0,-2.035,0.0,21.1,16.24,0.0,-0.013,-0.0069999999999999,-0.0069999999999999,-0.2999999999999999,-0.0459999999999999,0.5899999999999999,0.0,0.2269999999999999,-4.516,-4.612,-4.69,-4.37,-4.612,-4.409,-145.0,-4.325,-4.357,0.008,-0.003,-0.003,-0.001,-0.001,0.008,0.003,0.003,6526.0,9176.0,9131.0,9311.0,7925.0,7900.0,6400.0,0.0,0.0,0.0,0.0,0.0,0.0,0.0,0.0,14.86,0.0,60.14,0.0,0.0,0.0,0.0,16.0,0.0,0.0,0.0,0.0,0.0,-4.294,-4.397,0.0,-4.74,274.0,5.995,3.0,3.473,-1.0,1.882,2.3,4901
2016-01-20 23:46:00,0.0,0.0,0.0,1067741.0,62.9,59.9,60.0,0.0,40819.0,507.0,93060.0,1025385.0,0.0,1.0,0.0,0.0,0.0,275.5,274.5,276.3,0.772,272.0,0.531,272.0,0.842,274.0,0.002,13.99,2.0,3.0,0.0,-2.036,0.0,20.95,16.56,0.0,-0.013,-0.0069999999999999,-0.0069999999999999,-0.3039999999999999,-0.05,0.5909999999999999,0.0,0.2099999999999999,-4.516,-4.612,-4.708,-4.42,-4.594,-4.409,-145.4,-4.325,-4.404,0.006,-0.002,-0.002,-0.002,0.0,0.008,0.003,0.003,6526.0,9176.0,9131.0,9311.0,7925.0,7900.0,6400.0,0.0,0.0,0.0,0.0,0.0,0.0,0.0,0.0,15.13,0.0,60.14,0.0,0.0,0.0,0.0,16.0,0.0,0.0,0.0,0.0,0.0,-4.305,-4.401,0.0,-4.743,276.9,5.783,3.0,3.473,-1.0,1.735,2.2,4901
2016-01-20 23:47:00,0.0,0.0,0.0,1067741.0,62.9,59.9,60.0,0.0,40819.0,507.0,93060.0,1025385.0,0.0,1.0,0.0,0.0,0.0,275.3,274.7,276.3,0.772,272.0,0.531,272.0,0.842,274.0,0.002,13.99,2.0,3.0,0.0,-2.036,0.0,21.1,16.75,0.0,-0.013,-0.0069999999999999,-0.0069999999999999,-0.3059999999999999,-0.052,0.5909999999999999,0.0,0.192,-4.53,-4.612,-4.708,-4.42,-4.597,-4.426,-145.0,-4.325,-4.404,0.001,-0.002,-0.003,-0.001,0.0,0.0069999999999999,0.003,0.003,6526.0,9176.0,9131.0,9311.0,7925.0,7900.0,6400.0,0.0,0.0,0.0,0.0,0.0,0.0,0.0,0.0,15.27,0.0,60.14,0.0,0.0,0.0,0.0,16.0,0.0,0.0,0.0,0.0,0.0,-4.312,-4.408,0.0,-4.752,281.5,5.337000000000001,3.0,3.473,-1.0,1.695,2.1,4901
2016-01-20 23:48:00,0.0,0.0,0.0,1067741.0,62.9,59.9,60.0,0.0,40819.0,507.0,93060.0,1025385.0,0.0,1.0,0.0,0.0,0.0,275.7,274.6,276.3,0.772,272.0,0.531,272.0,0.842,274.0,0.002,13.99,1.0,3.0,0.0,-2.036,0.0,20.94,16.81,0.0,-0.012,-0.0069999999999999,-0.0069999999999999,-0.3059999999999999,-0.052,0.694,0.0,0.192,-4.562,-4.612,-4.708,-4.37,-4.612,-4.426,-145.2,-4.325,-4.421,0.009,-0.002,-0.003,-0.001,0.0,0.0069999999999999,0.003,0.003,6526.0,9176.0,9131.0,9311.0,7925.0,7900.0,6400.0,0.0,0.0,0.0,0.0,0.0,0.0,0.0,0.0,15.4,0.0,60.19,0.0,0.0,0.0,0.0,16.0,0.0,0.0,0.0,0.0,0.0,-4.323,-4.43,0.0,-4.758,285.3,8.099999999999998,3.0,3.473,-1.0,1.263,1.5,4901
2016-01-20 23:49:00,0.0,0.0,0.0,1067741.0,62.9,59.9,60.0,0.0,40819.0,507.0,93060.0,1025385.0,0.0,1.0,0.0,0.0,0.0,275.6,274.7,276.3,0.772,272.0,0.531,272.0,0.842,274.0,0.002,14.0,1.0,3.0,0.0,-2.036,0.0,20.83,16.8,0.0,-0.012,-0.0069999999999999,-0.0069999999999999,-0.311,-0.0559999999999999,0.917,0.0,0.192,-4.562,-4.612,-4.708,-4.391,-4.594,-4.426,-144.8,-4.325,-4.421,0.004,-0.002,-0.003,-0.001,-0.001,0.0069999999999999,0.002,0.003,6526.0,9176.0,9131.0,9311.0,7925.0,7900.0,6400.0,0.0,0.0,0.0,0.0,0.0,0.0,0.0,0.0,15.43,0.0,60.14,0.0,0.0,0.0,0.0,16.0,0.0,0.0,0.0,0.0,0.0,-4.344,-4.435,0.0,-4.759,281.5,6.608,3.0,3.473,-1.0,1.44,1.7,4901
2016-01-20 23:50:00,0.0,0.0,0.0,1067741.0,62.9,59.9,60.0,0.0,40819.0,507.0,93060.0,1025385.0,0.0,1.0,0.0,0.0,0.0,275.2,274.7,276.4,0.772,272.0,0.531,272.0,0.842,274.0,0.002,13.99,1.0,3.0,0.0,-2.036,0.0,20.76,16.81,0.0,-0.011,-0.0069999999999999,-0.0069999999999999,-0.307,-0.052,0.5899999999999999,0.0,0.192,-4.612,-4.612,-4.74,-4.388,-4.612,-4.426,-145.3,-4.343,-4.421,0.001,-0.001,-0.003,-0.001,0.0,0.0069999999999999,0.003,0.003,6526.0,9176.0,9131.0,9311.0,7925.0,7900.0,6400.0,0.0,0.0,0.0,0.0,0.0,0.0,0.0,0.0,15.44,0.0,60.13,0.0,0.0,0.0,0.0,16.0,0.0,0.0,0.0,0.0,0.0,-4.351,-4.454,0.0,-4.766,276.2,9.0,3.0,3.472,-1.0,1.265,1.7,4901
2016-01-20 23:51:00,0.0,0.0,0.0,1067741.0,62.9,59.9,60.0,0.0,40819.0,507.0,93060.0,1025385.0,0.0,1.0,0.0,0.0,0.0,275.7,274.7,276.4,0.772,272.3,0.531,272.0,0.842,274.0,0.002,13.99,2.0,3.0,0.0,-2.036,0.0,20.64,16.82,0.0,-0.012,-0.0069999999999999,-0.0069999999999999,-0.3059999999999999,-0.052,0.5899999999999999,0.0,0.192,-4.612,-4.612,-4.789,-4.42,-4.612,-4.426,-145.0,-4.343,-4.421,-0.001,-0.002,-0.003,-0.001,-0.001,0.0069999999999999,0.004,0.003,6526.0,9176.0,9131.0,9311.0,7925.0,7900.0,6400.0,0.0,0.0,0.0,0.0,0.0,0.0,0.0,0.0,15.53,0.0,60.16,0.0,0.0,0.0,0.0,16.0,0.0,0.0,0.0,0.0,0.0,-4.365,-4.463,0.0,-4.771,267.0,14.04,3.0,3.472,-1.0,1.457,2.6,4901
2016-01-20 23:52:00,0.0,0.0,0.0,1067741.0,62.9,59.9,60.0,0.0,40819.0,507.0,93060.0,1025385.0,0.0,1.0,0.0,0.0,0.0,275.9,274.9,276.4,0.772,273.0,0.531,272.2,0.842,274.0,0.002,13.99,2.0,3.0,0.0,-2.036,0.0,20.93,16.81,0.0,-0.013,-0.0069999999999999,-0.0069999999999999,-0.31,-0.055,0.5909999999999999,0.0,0.192,-4.612,-4.612,-4.757,-4.42,-4.597,-4.426,-145.0,-4.325,-4.421,0.005,-0.002,-0.002,-0.001,0.0,0.008,0.003,0.003,6526.0,9176.0,9131.0,9311.0,7925.0,7900.0,6400.0,0.0,0.0,0.0,0.0,0.0,0.0,0.0,0.0,15.44,0.0,60.2,0.0,0.0,0.0,0.0,16.0,0.0,0.0,0.0,0.0,0.0,-4.3660000000000005,-4.453,0.0,-4.771,249.7,9.1,3.0,3.473,-1.0,1.547,2.5,4901
2016-01-20 23:53:00,0.0,0.0,0.0,1067741.0,62.9,59.9,60.0,0.0,40819.0,507.0,93060.0,1025385.0,0.0,1.0,0.0,0.0,0.0,275.7,275.0,276.6,0.772,273.0,0.531,272.8,0.842,274.0,0.002,13.97,2.0,3.0,0.0,-2.039,0.0,20.83,16.97,0.0,-0.013,-0.0069999999999999,-0.0069999999999999,-0.2949999999999999,-0.049,0.592,0.0,0.178,-4.612,-4.612,-4.789,-4.42,-4.594,-4.426,-145.5,-4.34,-4.421,0.003,-0.002,-0.002,-0.001,0.0,0.0069999999999999,0.003,0.003,6526.0,9176.0,9131.0,9311.0,7925.0,7900.0,6400.0,0.0,0.0,0.0,0.0,0.0,0.0,0.0,0.0,15.68,0.0,60.15,0.0,0.0,0.0,0.0,16.0,0.0,0.0,0.0,0.0,0.0,-4.3580000000000005,-4.4430000000000005,0.0,-4.773,263.9,5.533,3.0,3.473,-1.0,1.24,1.6,4901
2016-01-20 23:54:00,0.0,0.0,0.0,1067741.0,62.9,59.9,60.0,0.0,40819.0,507.0,93060.0,1025385.0,0.0,1.0,0.0,0.0,0.0,275.6,274.9,276.5,0.772,272.8,0.531,272.2,0.842,274.0,0.002,13.99,2.0,3.0,0.0,-2.05,0.0,20.68,17.53,0.0,-0.013,-0.0069999999999999,-0.0069999999999999,-0.3039999999999999,-0.05,0.5909999999999999,0.0,0.096,-4.612,-4.612,-4.7860000000000005,-4.42,-4.597,-4.426,-144.9,-4.378,-4.421,0.008,-0.002,-0.003,-0.001,0.001,0.008,0.002,0.002,6526.0,9176.0,9131.0,9311.0,7925.0,7900.0,6400.0,0.0,0.0,0.0,0.0,0.0,0.0,0.0,0.0,16.21,0.0,60.13,0.0,0.0,0.0,0.0,16.0,0.0,0.0,0.0,0.0,0.0,-4.373,-4.409,0.0,-4.768,274.8,6.34,3.0,3.473,-1.0,1.16,1.5,4901
2016-01-20 23:55:00,0.0,0.0,0.0,1067741.0,62.9,59.9,60.0,0.0,40819.0,507.0,93060.0,1025385.0,0.0,1.0,0.0,0.0,0.0,275.5,274.8,276.4,0.772,272.3,0.531,272.1,0.842,274.0,0.002,13.99,2.0,3.0,0.0,-2.056,0.0,20.93,17.96,0.0,-0.013,-0.0069999999999999,-0.0069999999999999,-0.3039999999999999,-0.05,0.5909999999999999,0.0,0.096,-4.612,-4.612,-4.789,-4.42,-4.58,-4.426,-145.2,-4.357,-4.421,0.011,-0.002,-0.003,-0.001,0.0,0.008,0.003,0.003,6526.0,9176.0,9131.0,9311.0,7925.0,7900.0,6400.0,0.0,0.0,0.0,0.0,0.0,0.0,0.0,0.0,16.67,0.0,60.21,0.0,0.0,0.0,0.0,16.0,0.0,0.0,0.0,0.0,0.0,-4.4110000000000005,-4.429,0.0,-4.774,267.4,12.92,3.0,3.473,-1.0,1.353,1.9,4901
2016-01-20 23:56:00,0.0,0.0,0.0,1067741.0,62.9,59.9,60.0,0.0,40819.0,507.0,93060.0,1025385.0,0.0,1.0,0.0,0.0,0.0,276.0,274.9,276.4,0.772,273.0,0.531,272.6,0.842,274.0,0.002,13.99,2.0,3.0,0.0,-2.056,0.0,20.96,18.01,0.0,-0.013,-0.0069999999999999,-0.0069999999999999,-0.3039999999999999,-0.05,0.5909999999999999,0.0,0.096,-4.612,-4.612,-4.755,-4.42,-4.612,-4.426,-145.3,-4.325,-4.421,0.005,-0.002,-0.003,-0.001,-0.001,0.0069999999999999,0.003,0.003,6526.0,9176.0,9131.0,9311.0,7925.0,7900.0,6400.0,0.0,0.0,0.0,0.0,0.0,0.0,0.0,0.0,16.73,0.0,60.23,0.0,0.0,0.0,0.0,16.0,0.0,0.0,0.0,0.0,0.0,-4.388999999999999,-4.444,0.0,-4.775,250.9,6.794,3.0,3.473,-1.0,1.983,2.5,4901
2016-01-20 23:57:00,0.0,0.0,0.0,1067741.0,62.9,59.9,60.0,0.0,40819.0,507.0,93060.0,1025385.0,0.0,1.0,0.0,0.0,0.0,276.0,274.9,276.5,0.772,273.0,0.531,273.0,0.842,274.0,0.002,13.99,2.0,3.0,0.0,-2.056,0.0,20.75,17.64,0.0,-0.013,-0.0069999999999999,-0.0069999999999999,-0.2989999999999999,-0.0449999999999999,0.5909999999999999,0.0,0.096,-4.612,-4.612,-4.789,-4.42,-4.612,-4.426,-145.2,-4.357,-4.421,0.001,-0.002,-0.003,-0.001,0.0,0.0069999999999999,0.002,0.003,6526.0,9176.0,9131.0,9311.0,7925.0,7900.0,6400.0,0.0,0.0,0.0,0.0,0.0,0.0,0.0,0.0,16.39,0.0,60.2,0.0,0.0,0.0,0.0,16.0,0.0,0.0,0.0,0.0,0.0,-4.369,-4.419,0.0,-4.766,260.2,10.53,3.0,3.473,-1.0,1.067,1.9,4901
2016-01-20 23:58:00,0.0,0.0,0.0,1067741.0,62.9,59.9,60.0,0.0,40819.0,507.0,93060.0,1025385.0,0.0,1.0,0.0,0.0,0.0,276.0,275.1,276.6,0.772,273.0,0.531,273.0,0.842,274.0,0.002,14.0,1.0,3.0,0.0,-2.056,0.0,20.9,17.36,0.0,-0.012,-0.0069999999999999,-0.0069999999999999,-0.2999999999999999,-0.0459999999999999,0.925,0.0,0.096,-4.612,-4.612,-4.7860000000000005,-4.42,-4.594,-4.426,-124.0,-4.325,-4.421,0.006,-0.001,-0.002,-0.001,0.0,0.008,0.003,0.003,6526.0,9176.0,9131.0,9311.0,7925.0,7900.0,6400.0,0.0,0.0,0.0,0.0,0.0,0.0,0.0,0.0,16.05,0.0,60.22,0.0,0.0,0.0,0.0,16.0,0.0,0.0,0.0,0.0,0.0,-4.387,-4.417,0.0,-4.765,257.7,9.44,3.0,3.473,-1.0,1.41,1.9,4901
2016-01-20 23:59:00,0.0,0.0,0.0,1067741.0,62.9,59.9,60.0,0.0,40819.0,507.0,93060.0,1025385.0,0.0,1.0,0.0,0.0,0.0,276.1,275.2,276.6,0.772,273.0,0.531,273.0,0.842,274.0,0.002,14.0,1.0,3.0,0.0,-2.056,0.0,20.85,17.24,0.0,-0.013,-0.0069999999999999,-0.0069999999999999,-0.2989999999999999,-0.0449999999999999,0.917,0.0,0.064,-4.612,-4.612,-4.804,-4.405,-4.597,-4.426,-144.6,-4.325,-4.421,0.003,-0.002,-0.003,-0.001,-0.001,0.008,0.003,0.003,6526.0,9176.0,9131.0,9311.0,7925.0,7900.0,6400.0,0.0,0.0,0.0,0.0,0.0,0.0,0.0,0.0,15.9,0.0,60.23,0.0,0.0,0.0,0.0,16.0,0.0,0.0,0.0,0.0,0.0,-4.371,-4.423,0.0,-4.765,261.4,15.27,3.0,3.473,-1.0,1.413,2.2,4901
